record_id,n_input,n_final,point_retention,point_retention_reason,record_covered,all_filtered,no_output,n_filtered,n_direction_removed,n_dp_removed,n_dp_input,n_dp_output,dp_saving,dp_saving_reason,dp_max_error,dp_mean_error,dp_p50_error,dp_p90_error,dp_p95_error,dp_p99_error,dp_error_reason,dp_error_denominator,n_dp_exceedances,dp_checks_passed,n_s_segments,n_filtered_segments,direction_candidate_points,direction_undefined_points,direction_windows_across_raw_breaks,p_removed_raw_break_trigger_points,raw_length,raw_length_reason,final_length,final_length_reason,common_reference_id,common_raw_points,common_covered_points,common_uncovered_points,common_coverage,common_coverage_reason,common_error_denominator,common_max_error,common_mean_error,common_p95_error,common_error_reason,common_over_5_points,common_error_budget,common_floating_allowance,raw_break_count,raw_break_crossings,raw_breaks_crossed,raw_break_trigger_points_removed,raw_windows,raw_windows_covered,reference_window_length,constraint_status,strategy,runtime_group,terminal_status,trace_sha256
6401,150,77,0.5133333333333333,,True,False,False,4,12,57,134,77,0.4253731343283582,,4.969156668638624,0.7351928690632652,0.0,2.898971959780213,3.486295726212351,4.509648813747172,,134,0,True,4,1,12,28,0,0,11661.685196114502,,11068.225510457347,,RAW_WINDOWS_DT30_DISTANCE400_V1,150,146,4,0.9733333333333334,,146,113.71749116412565,3.1925562862307433,7.9069754928096305,,9,5,2.463282637692264e-10,3,0,0,1,4,3,11371.547391964465,NO_RAW_BREAK_CROSSING,R0,UNIFORM,PROCESSED,dbcb17d129a1143171cac6f697b5b998a3c637c4b5408bb8e98a5606d7c12e09
6401,150,79,0.5266666666666666,,True,False,False,0,12,59,138,79,0.427536231884058,,4.969156668638624,0.7560806211995068,0.0,2.9294749433421905,3.649531081365097,4.576070300627371,,138,0,True,4,0,12,31,0,0,11661.685196114502,,11159.978686650835,,RAW_WINDOWS_DT30_DISTANCE400_V1,150,150,0,1.0,,150,113.71749116412565,3.1462433270716197,7.558260327462252,,9,5,2.463282637692264e-10,3,0,0,0,4,4,11371.547391964465,NO_RAW_BREAK_CROSSING,S0,UNIFORM,PROCESSED,522c81e97e03794b8b3388a979a434886a582498740b6a03d437f5b3d30f8a39
6222,103,5,0.04854368932038835,,True,False,False,70,4,24,29,5,0.8275862068965517,,4.334321791184269,1.7758029731991938,0.8559902853826493,4.334321791184269,4.334321791184269,4.334321791184269,,29,0,True,6,5,4,26,0,0,176.5954292209761,,54.65239790093785,,RAW_WINDOWS_DT30_DISTANCE400_V1,103,33,70,0.32038834951456313,,33,4.929118822923621,2.1153175846023897,4.534346737784485,,0,5,1.9766192783083445e-10,5,0,0,7,6,1,174.23460739460896,NO_RAW_BREAK_CROSSING,R0,UNIFORM,PROCESSED,c55e7f75847b0999ab637f022d1597ccb5749a2ff9c427d49dd901d9ae689c94
6222,103,15,0.14563106796116504,,True,False,False,1,4,83,98,15,0.846938775510204,,4.584573080057789,0.5884861828567667,0.0,4.119000500775493,4.334321791184269,4.3418293298504755,,98,0,True,6,1,4,93,0,0,176.5954292209761,,101.1760569365766,,RAW_WINDOWS_DT30_DISTANCE400_V1,103,102,1,0.9902912621359223,,102,4.929118822923621,0.7448905881280921,4.334321791184269,,0,5,1.9766192783083445e-10,5,0,0,1,6,5,174.23460739460896,NO_RAW_BREAK_CROSSING,S0,UNIFORM,PROCESSED,ecaf5efa1b73537f31cfff3dc8bd773328c12f863cac671de9dec6cb0c552ed3
5186,100,0,0.0,,False,True,True,100,0,0,0,0,,EMPTY_DP_REFERENCE_DENOMINATOR,,,,,,,EMPTY_DP_REFERENCE,0,0,True,1,1,0,0,0,0,9.056104580502074,,,EMPTY_OUTPUT,RAW_WINDOWS_DT30_DISTANCE400_V1,100,0,100,0.0,,0,,,,NO_COVERED_RAW_POINTS,0,5,3.577300404678026e-10,0,0,0,0,1,0,9.056104580502074,NO_RAW_BREAK_CROSSING,R0,UNIFORM,ALL_FILTERED,2d7093bc0c00e035a3ccee5b1dd9c3d625f7a5da7ddce8bf5b128775171312f1
5186,100,2,0.02,,True,False,False,0,0,98,100,2,0.98,,0.5616877018278782,0.3528888157663508,0.41074120888903237,0.556275080647184,0.5616877018278782,0.5616877018278782,,100,0,True,1,0,0,100,0,0,9.056104580502074,,8.791746892604598,,RAW_WINDOWS_DT30_DISTANCE400_V1,100,100,0,1.0,,100,0.5616877018278782,0.3528888157663508,0.5616877018278782,,0,5,3.577300404678026e-10,0,0,0,0,1,1,9.056104580502074,NO_RAW_BREAK_CROSSING,S0,UNIFORM,PROCESSED,74e6a0624ee113c382db4de1ffd28a6c374b84366d032736c4ebf7d2bb4fe440
8947,101,0,0.0,,False,True,True,101,0,0,0,0,,EMPTY_DP_REFERENCE_DENOMINATOR,,,,,,,EMPTY_DP_REFERENCE,0,0,True,1,1,0,0,0,0,21.784075245330587,,,EMPTY_OUTPUT,RAW_WINDOWS_DT30_DISTANCE400_V1,101,0,101,0.0,,0,,,,NO_COVERED_RAW_POINTS,0,5,1.3764703332198762e-10,0,0,0,0,1,0,21.784075245330587,NO_RAW_BREAK_CROSSING,R0,UNIFORM,ALL_FILTERED,45e875d0375c0ecb903e0c790211b46e07d922a2cda6859d3a4bfaf31b3ac82a
8947,101,2,0.019801980198019802,,True,False,False,0,0,99,101,2,0.9801980198019802,,2.136049236035703,1.1093766403034069,1.114459491994241,1.8388598601273014,2.0703303836446008,2.136049236035703,,101,0,True,1,0,0,101,0,0,21.784075245330587,,13.63285675615072,,RAW_WINDOWS_DT30_DISTANCE400_V1,101,101,0,1.0,,101,2.136049236035703,1.1093766403034069,2.0703303836446008,,0,5,1.3764703332198762e-10,0,0,0,0,1,1,21.784075245330587,NO_RAW_BREAK_CROSSING,S0,UNIFORM,PROCESSED,af08b2bd2717cfe6c3033dc10e8093a2bf6c0cc9e786143ef910233f629e0408
9038,97,0,0.0,,False,True,True,97,0,0,0,0,,EMPTY_DP_REFERENCE_DENOMINATOR,,,,,,,EMPTY_DP_REFERENCE,0,0,True,1,1,0,0,0,0,4.63526595986732,,,EMPTY_OUTPUT,RAW_WINDOWS_DT30_DISTANCE400_V1,97,0,97,0.0,,0,,,,NO_COVERED_RAW_POINTS,0,5,1.240807013861639e-10,0,0,0,0,1,0,4.63526595986732,NO_RAW_BREAK_CROSSING,R0,UNIFORM,ALL_FILTERED,936355c315012987a59f2e9d99a2b258eb8b5afc2b2303b72620ee9abe9901d5
9038,97,2,0.020618556701030927,,True,False,False,0,0,95,97,2,0.979381443298969,,0.7999116078449068,0.33913783826149285,0.3874572938061733,0.6724257378591206,0.7999116078449068,0.7999116078449068,,97,0,True,1,0,0,97,0,0,4.63526595986732,,4.221956927599184,,RAW_WINDOWS_DT30_DISTANCE400_V1,97,97,0,1.0,,97,0.7999116078449068,0.33913783826149285,0.7999116078449068,,0,5,1.240807013861639e-10,0,0,0,0,1,1,4.63526595986732,NO_RAW_BREAK_CROSSING,S0,UNIFORM,PROCESSED,68bf80dc09e9c1251237fdf8704217e051c3d30c44454a14dce5b2f4bdee2cbc
7417,98,0,0.0,,False,True,True,98,0,0,0,0,,EMPTY_DP_REFERENCE_DENOMINATOR,,,,,,,EMPTY_DP_REFERENCE,0,0,True,1,1,0,0,0,0,16.322001371227504,,,EMPTY_OUTPUT,RAW_WINDOWS_DT30_DISTANCE400_V1,98,0,98,0.0,,0,,,,NO_COVERED_RAW_POINTS,0,5,1.233592745039086e-10,0,0,0,0,1,0,16.322001371227504,NO_RAW_BREAK_CROSSING,R0,UNIFORM,ALL_FILTERED,5001607051e7c68edb29094c4eb09ee6e9fd1aa28cccfa5b37c5ea7762771c83
7417,98,2,0.02040816326530612,,True,False,False,0,0,96,98,2,0.9795918367346939,,2.624649690244475,0.8566440981623666,0.7499858484634707,1.6599388290985126,2.265895369436152,2.624649690244475,,98,0,True,1,0,0,98,0,0,16.322001371227504,,3.4466357971019757,,RAW_WINDOWS_DT30_DISTANCE400_V1,98,98,0,1.0,,98,2.624649690244475,0.8566440981623666,2.265895369436152,,0,5,1.233592745039086e-10,0,0,0,0,1,1,16.322001371227504,NO_RAW_BREAK_CROSSING,S0,UNIFORM,PROCESSED,cfc558e73091663203b7d84a46c98de462b5b723cc0762db0bad88523e3d49dc
5921,99,0,0.0,,False,True,True,99,0,0,0,0,,EMPTY_DP_REFERENCE_DENOMINATOR,,,,,,,EMPTY_DP_REFERENCE,0,0,True,1,1,0,0,0,0,8.277214759370468,,,EMPTY_OUTPUT,RAW_WINDOWS_DT30_DISTANCE400_V1,99,0,99,0.0,,0,,,,NO_COVERED_RAW_POINTS,0,5,2.406422468751287e-10,0,0,0,0,1,0,8.277214759370468,NO_RAW_BREAK_CROSSING,R0,UNIFORM,ALL_FILTERED,a6bfa4caf330cefee7feb73d7c87db88371788376c5b14bc8b1d7cb4d41d6299
5921,99,2,0.020202020202020204,,True,False,False,0,0,97,99,2,0.9797979797979798,,0.8006220168995272,0.38748421618772555,0.479843161150746,0.6521623974319211,0.8006220168995272,0.8006220168995272,,99,0,True,1,0,0,99,0,0,8.277214759370468,,7.96509594551496,,RAW_WINDOWS_DT30_DISTANCE400_V1,99,99,0,1.0,,99,0.8006220168995272,0.38748421618772555,0.8006220168995272,,0,5,2.406422468751287e-10,0,0,0,0,1,1,8.277214759370468,NO_RAW_BREAK_CROSSING,S0,UNIFORM,PROCESSED,fc3bcaac61337feb36e070bd61df67517ec9f1bc80faa2f22830eec750f929d5
508,110,33,0.3,,True,False,False,4,7,66,99,33,0.6666666666666667,,4.992209148173971,0.9130075954717883,0.2772888144500311,3.4483212174971176,3.7313967120246754,4.706829379852787,,99,0,True,2,1,7,50,0,0,5487.057728711355,,5187.087913250694,,RAW_WINDOWS_DT30_DISTANCE400_V1,110,106,4,0.9636363636363636,,106,11.117431783778938,1.2056365865397831,4.3286659139979085,,3,5,2.814923592495803e-10,1,0,0,1,2,1,5253.446010703802,NO_RAW_BREAK_CROSSING,R0,UNIFORM,PROCESSED,fcb0987212ff2c9a13558ce765bb80484d74211f410eb2787bdbff184c7eec74
508,110,35,0.3181818181818182,,True,False,False,0,7,68,103,35,0.6601941747572815,,4.992209148173971,0.8775509898223985,0.11192535635660679,3.4483212174971176,3.706792935974929,4.693555749291476,,103,0,True,2,0,7,54,0,0,5487.057728711355,,5222.955182825591,,RAW_WINDOWS_DT30_DISTANCE400_V1,110,110,0,1.0,,110,11.117431783778938,1.1617952561201546,4.32862903562734,,3,5,2.814923592495803e-10,1,0,0,0,2,2,5253.446010703802,NO_RAW_BREAK_CROSSING,S0,UNIFORM,PROCESSED,7fd13b4329f949493f173f2af52cf7b6e9896bcfa9e0972a2ce7833a1669e1e2
6675,99,8,0.08080808080808081,,True,False,False,0,0,91,99,8,0.9191919191919192,,4.850677307289329,1.3115164087025821,1.358618879475602,2.941495107407829,4.128519452976071,4.142962610062333,,99,0,True,1,0,0,96,0,0,192.65836744185546,,154.09973160594743,,RAW_WINDOWS_DT30_DISTANCE400_V1,99,99,0,1.0,,99,4.850677307289329,1.3115164087025821,4.128519452976071,,0,5,3.57428776371026e-10,0,0,0,0,1,1,192.65836744185546,NO_RAW_BREAK_CROSSING,R0,UNIFORM,PROCESSED,24b52cf6ce4b2d3dee997171a787842fbaafe8a009dc7d2bd2d39f510bc48f0e
6675,99,8,0.08080808080808081,,True,False,False,0,0,91,99,8,0.9191919191919192,,4.850677307289329,1.3115164087025821,1.358618879475602,2.941495107407829,4.128519452976071,4.142962610062333,,99,0,True,1,0,0,96,0,0,192.65836744185546,,154.09973160594743,,RAW_WINDOWS_DT30_DISTANCE400_V1,99,99,0,1.0,,99,4.850677307289329,1.3115164087025821,4.128519452976071,,0,5,3.57428776371026e-10,0,0,0,0,1,1,192.65836744185546,NO_RAW_BREAK_CROSSING,S0,UNIFORM,PROCESSED,59e246e227d9ed09bd086e32e6c4f42756e11c92aa9703366f49ad1c07bff09f
7418,113,61,0.5398230088495575,,True,False,False,0,3,49,110,61,0.44545454545454544,,4.804876656399687,0.7225839477998338,0.0,2.9957141314225213,3.2372223726373095,4.620655093507318,,110,0,True,5,0,3,37,0,0,12731.758403524569,,10756.661050511902,,RAW_WINDOWS_DT30_DISTANCE400_V1,113,113,0,1.0,,113,12.18493685669257,0.9106175459560212,3.696520434958173,,2,5,1.91581811389429e-10,4,0,0,0,5,5,10774.737599954504,NO_RAW_BREAK_CROSSING,R0,UNIFORM,PROCESSED,e0853f7845d75fc3a5486b69c0aa0fb01088df88b082cb04f88057d30503121d
7418,113,61,0.5398230088495575,,True,False,False,0,3,49,110,61,0.44545454545454544,,4.804876656399687,0.7225839477998338,0.0,2.9957141314225213,3.2372223726373095,4.620655093507318,,110,0,True,5,0,3,37,0,0,12731.758403524569,,10756.661050511902,,RAW_WINDOWS_DT30_DISTANCE400_V1,113,113,0,1.0,,113,12.18493685669257,0.9106175459560212,3.696520434958173,,2,5,1.91581811389429e-10,4,0,0,0,5,5,10774.737599954504,NO_RAW_BREAK_CROSSING,S0,UNIFORM,PROCESSED,5ccb49e78fb860c586e3d14865c7629f6541c6df33954db9989d0042ce23c831
9365,99,0,0.0,,False,True,True,99,0,0,0,0,,EMPTY_DP_REFERENCE_DENOMINATOR,,,,,,,EMPTY_DP_REFERENCE,0,0,True,1,1,0,0,0,0,25.60260318693666,,,EMPTY_OUTPUT,RAW_WINDOWS_DT30_DISTANCE400_V1,99,0,99,0.0,,0,,,,NO_COVERED_RAW_POINTS,0,5,1.9915628907488552e-10,0,0,0,0,1,0,25.60260318693666,NO_RAW_BREAK_CROSSING,R0,UNIFORM,ALL_FILTERED,3f8d38655ced96c23a70b23e8c40f901fd93ab057edc6f9dbf3dd951412f070f
9365,99,2,0.020202020202020204,,True,False,False,0,0,97,99,2,0.9797979797979798,,3.8366249135378254,1.376142372591501,1.0392449510512745,2.69700541921582,3.8366249135378254,3.8366249135378254,,99,0,True,1,0,0,99,0,0,25.60260318693666,,21.462723070932704,,RAW_WINDOWS_DT30_DISTANCE400_V1,99,99,0,1.0,,99,3.8366249135378254,1.376142372591501,3.8366249135378254,,0,5,1.9915628907488552e-10,0,0,0,0,1,1,25.60260318693666,NO_RAW_BREAK_CROSSING,S0,UNIFORM,PROCESSED,0fb05fbd9891513e8d69b1c71a9faec039328829b835211458ca7e7398bbc174
6035,100,0,0.0,,False,True,True,100,0,0,0,0,,EMPTY_DP_REFERENCE_DENOMINATOR,,,,,,,EMPTY_DP_REFERENCE,0,0,True,1,1,0,0,0,0,3.8666456279968124,,,EMPTY_OUTPUT,RAW_WINDOWS_DT30_DISTANCE400_V1,100,0,100,0.0,,0,,,,NO_COVERED_RAW_POINTS,0,5,2.6426210512019146e-10,0,0,0,0,1,0,3.8666456279968124,NO_RAW_BREAK_CROSSING,R0,UNIFORM,ALL_FILTERED,954e8f8f2abb1961d5b53d61b1ffa32bb282d9df7f28e483860a28cc2e74111a
6035,100,2,0.02,,True,False,False,0,0,98,100,2,0.98,,0.8474845078839828,0.4829062738913193,0.5324761811973493,0.7323545690293495,0.8474845078839828,0.8474845078839828,,100,0,True,1,0,0,100,0,0,3.8666456279968124,,3.3044735513106387,,RAW_WINDOWS_DT30_DISTANCE400_V1,100,100,0,1.0,,100,0.8474845078839828,0.4829062738913193,0.8474845078839828,,0,5,2.6426210512019146e-10,0,0,0,0,1,1,3.8666456279968124,NO_RAW_BREAK_CROSSING,S0,UNIFORM,PROCESSED,3fdecb53ceefd9c1630896e41947d7f2125d6f0eef46d90b64a62f9a145e1396
4265,102,23,0.22549019607843138,,True,False,False,0,5,74,97,23,0.7628865979381443,,4.455155892603068,0.9250290038305428,0.6904125643762847,2.1441724795948134,2.4894661422618976,4.3143811935372645,,97,0,True,1,0,5,13,0,0,6638.942435882692,,6625.43905591622,,RAW_WINDOWS_DT30_DISTANCE400_V1,102,102,0,1.0,,102,4.455155892603068,0.9873133353029612,2.561069487250812,,0,5,4.314785681872141e-10,0,0,0,0,1,1,6638.942435882692,NO_RAW_BREAK_CROSSING,R0,UNIFORM,PROCESSED,b1c966f95d91b473189716f0d9d2fe70c7c185ce822aef94d5c327c15bc4d46c
4265,102,23,0.22549019607843138,,True,False,False,0,5,74,97,23,0.7628865979381443,,4.455155892603068,0.9250290038305428,0.6904125643762847,2.1441724795948134,2.4894661422618976,4.3143811935372645,,97,0,True,1,0,5,13,0,0,6638.942435882692,,6625.43905591622,,RAW_WINDOWS_DT30_DISTANCE400_V1,102,102,0,1.0,,102,4.455155892603068,0.9873133353029612,2.561069487250812,,0,5,4.314785681872141e-10,0,0,0,0,1,1,6638.942435882692,NO_RAW_BREAK_CROSSING,S0,UNIFORM,PROCESSED,b86c6cbfb61efa27738ec50a30e308d362750c5c37c97a4ddfd35d7ae736c140
224,119,30,0.25210084033613445,,True,False,False,0,4,85,115,30,0.7391304347826086,,3.9702719510911892,0.8899689390170301,0.45653975784159867,2.631579579235575,3.1078411449754473,3.892938182820993,,115,0,True,1,0,4,28,0,0,8247.165426499743,,8230.383776266277,,RAW_WINDOWS_DT30_DISTANCE400_V1,119,119,0,1.0,,119,7.87131039934275,1.0298988055346003,3.831942413510547,,3,5,1.1654331926327138e-10,0,0,0,0,1,1,8247.165426499743,NO_RAW_BREAK_CROSSING,R0,UNIFORM,PROCESSED,131986a94bd956f572ed5fad6338412a61f55ebaf917924f1fe8a241c67649f7
224,119,30,0.25210084033613445,,True,False,False,0,4,85,115,30,0.7391304347826086,,3.9702719510911892,0.8899689390170301,0.45653975784159867,2.631579579235575,3.1078411449754473,3.892938182820993,,115,0,True,1,0,4,28,0,0,8247.165426499743,,8230.383776266277,,RAW_WINDOWS_DT30_DISTANCE400_V1,119,119,0,1.0,,119,7.87131039934275,1.0298988055346003,3.831942413510547,,3,5,1.1654331926327138e-10,0,0,0,0,1,1,8247.165426499743,NO_RAW_BREAK_CROSSING,S0,UNIFORM,PROCESSED,16f3cfd3484713f9cb36d8cfe4624db313780cde93157be8f0cd05f642520879
4706,122,57,0.4672131147540984,,True,False,False,0,2,63,120,57,0.525,,4.859683825802996,0.790294721187182,0.0,3.47340555621214,4.052888736043745,4.655415427513671,,120,0,True,1,0,2,26,0,0,8834.81528386884,,8821.52124074445,,RAW_WINDOWS_DT30_DISTANCE400_V1,122,122,0,1.0,,122,9.998275917082545,0.9084878881308547,4.508479923020881,,2,5,2.2147989732473656e-10,0,0,0,0,1,1,8834.81528386884,NO_RAW_BREAK_CROSSING,R0,UNIFORM,PROCESSED,fedc2829bb2b0a1aa17210dd87a6ce1dab6ddd3184acabdc2e56c7421557f5ac
4706,122,57,0.4672131147540984,,True,False,False,0,2,63,120,57,0.525,,4.859683825802996,0.790294721187182,0.0,3.47340555621214,4.052888736043745,4.655415427513671,,120,0,True,1,0,2,26,0,0,8834.81528386884,,8821.52124074445,,RAW_WINDOWS_DT30_DISTANCE400_V1,122,122,0,1.0,,122,9.998275917082545,0.9084878881308547,4.508479923020881,,2,5,2.2147989732473656e-10,0,0,0,0,1,1,8834.81528386884,NO_RAW_BREAK_CROSSING,S0,UNIFORM,PROCESSED,e14974036542a9e34b3eca27f61bc1f9382bc3efc5bd18ec6c24255464c23dea
3200,100,0,0.0,,False,True,True,100,0,0,0,0,,EMPTY_DP_REFERENCE_DENOMINATOR,,,,,,,EMPTY_DP_REFERENCE,0,0,True,1,1,0,0,0,0,22.854818449662783,,,EMPTY_OUTPUT,RAW_WINDOWS_DT30_DISTANCE400_V1,100,0,100,0.0,,0,,,,NO_COVERED_RAW_POINTS,0,5,1.5219781654105298e-10,0,0,0,0,1,0,22.854818449662783,NO_RAW_BREAK_CROSSING,R0,UNIFORM,ALL_FILTERED,87eaab1a1d6460de38d81764542fd149b176bd893fac1e2a113a72de50c5f4e9
3200,100,2,0.02,,True,False,False,0,0,98,100,2,0.98,,4.483190670560151,2.1309183444149054,2.4668921438406866,3.8459998936911215,4.0732915285378475,4.483190670560151,,100,0,True,1,0,0,100,0,0,22.854818449662783,,16.84956734031276,,RAW_WINDOWS_DT30_DISTANCE400_V1,100,100,0,1.0,,100,4.483190670560151,2.1309183444149054,4.0732915285378475,,0,5,1.5219781654105298e-10,0,0,0,0,1,1,22.854818449662783,NO_RAW_BREAK_CROSSING,S0,UNIFORM,PROCESSED,4ea3299956c89efd4d96754c9d0862ab83a4d058baedba5806dec4df12ff3e5c
8313,142,14,0.09859154929577464,,True,False,False,0,1,127,141,14,0.900709219858156,,4.807063771793297,1.2102276291369107,1.194232092035704,2.572046556837096,3.303294314209412,4.5091865753089895,,141,0,True,1,0,1,70,0,0,4636.194950740317,,4617.663473091343,,RAW_WINDOWS_DT30_DISTANCE400_V1,142,142,0,1.0,,142,10.330780771505273,1.2744568766183781,3.303294314209412,,1,5,4.840795246178378e-10,0,0,0,0,1,1,4636.194950740317,NO_RAW_BREAK_CROSSING,R0,UNIFORM,PROCESSED,356237a2d881f17984999a083170cf65c36f119ae63566e7f88e70c156eed1f3
8313,142,14,0.09859154929577464,,True,False,False,0,1,127,141,14,0.900709219858156,,4.807063771793297,1.2102276291369107,1.194232092035704,2.572046556837096,3.303294314209412,4.5091865753089895,,141,0,True,1,0,1,70,0,0,4636.194950740317,,4617.663473091343,,RAW_WINDOWS_DT30_DISTANCE400_V1,142,142,0,1.0,,142,10.330780771505273,1.2744568766183781,3.303294314209412,,1,5,4.840795246178378e-10,0,0,0,0,1,1,4636.194950740317,NO_RAW_BREAK_CROSSING,S0,UNIFORM,PROCESSED,fc18f186a0ff058b7281f9d7a9aa98fba78f0da25f26d56b97724aab0184973a
11030,124,56,0.45161290322580644,,True,False,False,0,9,59,115,56,0.5130434782608695,,4.882432972147519,0.9314608884843042,0.0,4.025377772385736,4.3437156906296535,4.49749578691118,,115,0,True,1,0,9,31,0,0,8716.493952097366,,8656.848839744445,,RAW_WINDOWS_DT30_DISTANCE400_V1,124,124,0,1.0,,124,60.523333304127014,2.469770816455347,6.128244308306337,,8,5,1.0525107542830518e-10,0,0,0,0,1,1,8716.493952097366,NO_RAW_BREAK_CROSSING,R0,UNIFORM,PROCESSED,f18d2b440a9ad7404976e2852a80e1508214b319f60b75ea00278d6cfbb07cae
11030,124,56,0.45161290322580644,,True,False,False,0,9,59,115,56,0.5130434782608695,,4.882432972147519,0.9314608884843042,0.0,4.025377772385736,4.3437156906296535,4.49749578691118,,115,0,True,1,0,9,31,0,0,8716.493952097366,,8656.848839744445,,RAW_WINDOWS_DT30_DISTANCE400_V1,124,124,0,1.0,,124,60.523333304127014,2.469770816455347,6.128244308306337,,8,5,1.0525107542830518e-10,0,0,0,0,1,1,8716.493952097366,NO_RAW_BREAK_CROSSING,S0,UNIFORM,PROCESSED,7fc712e9741a71cb26ef149cdcded03faae6146882923deaa79c1302ef20dac7
6972,97,0,0.0,,False,True,True,97,0,0,0,0,,EMPTY_DP_REFERENCE_DENOMINATOR,,,,,,,EMPTY_DP_REFERENCE,0,0,True,1,1,0,0,0,0,0.3374745662894144,,,EMPTY_OUTPUT,RAW_WINDOWS_DT30_DISTANCE400_V1,97,0,97,0.0,,0,,,,NO_COVERED_RAW_POINTS,0,5,6.470929805588051e-10,0,0,0,0,1,0,0.3374745662894144,NO_RAW_BREAK_CROSSING,R0,UNIFORM,ALL_FILTERED,1e8da66c478921d07626f604aa4d837a90d42ef0d0ef9fc81ce5e8d8ef156951
6972,97,2,0.020618556701030927,,True,False,False,0,0,95,97,2,0.979381443298969,,0.06893607901945097,0.007106812270046492,0.0,0.027574431607780777,0.06893607901945097,0.06893607901945097,,97,0,True,1,0,0,97,0,0,0.3374745662894144,,0.3073574389553218,,RAW_WINDOWS_DT30_DISTANCE400_V1,97,97,0,1.0,,97,0.06893607901945097,0.007106812270046492,0.06893607901945097,,0,5,6.470929805588051e-10,0,0,0,0,1,1,0.3374745662894144,NO_RAW_BREAK_CROSSING,S0,UNIFORM,PROCESSED,a7c52f7b47f68acff861120a9d0285f06d3f7b27aaae40f47ea74f4e08e61022
5656,100,0,0.0,,False,True,True,100,0,0,0,0,,EMPTY_DP_REFERENCE_DENOMINATOR,,,,,,,EMPTY_DP_REFERENCE,0,0,True,1,1,0,0,0,0,3.045458949999507,,,EMPTY_OUTPUT,RAW_WINDOWS_DT30_DISTANCE400_V1,100,0,100,0.0,,0,,,,NO_COVERED_RAW_POINTS,0,5,3.173809007708072e-10,0,0,0,0,1,0,3.045458949999507,NO_RAW_BREAK_CROSSING,R0,UNIFORM,ALL_FILTERED,dd17638a994ffde6f91cbceb3b7fb5f21ad831524402b82456d925ce99269bd7
5656,100,2,0.02,,True,False,False,0,0,98,100,2,0.98,,0.2661599296090276,0.11444879144149468,0.07984801111690927,0.21825115416251986,0.2661599296090276,0.2661599296090276,,100,0,True,1,0,0,100,0,0,3.045458949999507,,2.780310786658595,,RAW_WINDOWS_DT30_DISTANCE400_V1,100,100,0,1.0,,100,0.2661599296090276,0.11444879144149468,0.2661599296090276,,0,5,3.173809007708072e-10,0,0,0,0,1,1,3.045458949999507,NO_RAW_BREAK_CROSSING,S0,UNIFORM,PROCESSED,e54fbea021e3005f7f8a9df23e23a0977c792c74d5af692e640a24c28555e6d0
11191,76,14,0.18421052631578946,,True,False,False,0,14,48,62,14,0.7741935483870968,,3.6723946156338685,0.9240904836219898,0.5942147740001062,2.9150379274320293,3.3597124172922963,3.5070176393167745,,62,0,True,2,0,14,51,0,0,427.2516330154794,,281.4148565643222,,RAW_WINDOWS_DT30_DISTANCE400_V1,76,76,0,1.0,,76,4.562500362655391,1.175986573451918,3.469062267703015,,0,5,3.098627749752256e-10,1,0,0,0,2,2,381.3322537036996,NO_RAW_BREAK_CROSSING,R0,UNIFORM,PROCESSED,030f83b5b15536b1934b0ae0fffafdf572d033db649ee488e203be2d9267df42
11191,76,14,0.18421052631578946,,True,False,False,0,14,48,62,14,0.7741935483870968,,3.6723946156338685,0.9240904836219898,0.5942147740001062,2.9150379274320293,3.3597124172922963,3.5070176393167745,,62,0,True,2,0,14,51,0,0,427.2516330154794,,281.4148565643222,,RAW_WINDOWS_DT30_DISTANCE400_V1,76,76,0,1.0,,76,4.562500362655391,1.175986573451918,3.469062267703015,,0,5,3.098627749752256e-10,1,0,0,0,2,2,381.3322537036996,NO_RAW_BREAK_CROSSING,S0,UNIFORM,PROCESSED,f7c5b88e6d0a88546d8c419078cb3331a42dbc68f9c6344b9e416309953bc827
10918,30,0,0.0,,False,True,True,30,0,0,0,0,,EMPTY_DP_REFERENCE_DENOMINATOR,,,,,,,EMPTY_DP_REFERENCE,0,0,True,7,7,0,0,0,0,59.347283648457,,,EMPTY_OUTPUT,RAW_WINDOWS_DT30_DISTANCE400_V1,30,0,30,0.0,,0,,,,NO_COVERED_RAW_POINTS,0,5,1.5584987815111817e-10,6,0,0,12,7,0,3.708092831103329,NO_RAW_BREAK_CROSSING,R0,UNIFORM,ALL_FILTERED,930313de7ff35e9a8b9a093448e49ff6cbc30aecee3391bb3dc86fc9ea36601e
10918,30,12,0.4,,True,False,False,1,0,17,29,12,0.5862068965517242,,0.0,0.0,0.0,0.0,0.0,0.0,,29,0,True,7,1,0,29,0,0,59.347283648457,,3.708092831103329,,RAW_WINDOWS_DT30_DISTANCE400_V1,30,29,1,0.9666666666666667,,29,0.0,0.0,0.0,,0,5,1.5584987815111817e-10,6,0,0,1,7,6,3.708092831103329,NO_RAW_BREAK_CROSSING,S0,UNIFORM,PROCESSED,f9baf71d134258f4731a39eef62726763769f3d8a7b88917b1acdcf0f24cb65b
3181,100,0,0.0,,False,True,True,100,0,0,0,0,,EMPTY_DP_REFERENCE_DENOMINATOR,,,,,,,EMPTY_DP_REFERENCE,0,0,True,1,1,0,0,0,0,2.5719470650394456,,,EMPTY_OUTPUT,RAW_WINDOWS_DT30_DISTANCE400_V1,100,0,100,0.0,,0,,,,NO_COVERED_RAW_POINTS,0,5,9.926328576366953e-11,0,0,0,0,1,0,2.5719470650394456,NO_RAW_BREAK_CROSSING,R0,UNIFORM,ALL_FILTERED,d0a1ce1b28ddee7339460600f5adf8eb6593534956065875370972ed04554a53
3181,100,2,0.02,,True,False,False,0,0,98,100,2,0.98,,0.5651135236402262,0.27817226631398756,0.2240967567510232,0.5431910168293511,0.5651135236402262,0.5651135236402262,,100,0,True,1,0,0,100,0,0,2.5719470650394456,,2.1640624521808514,,RAW_WINDOWS_DT30_DISTANCE400_V1,100,100,0,1.0,,100,0.5651135236402262,0.27817226631398756,0.5651135236402262,,0,5,9.926328576366953e-11,0,0,0,0,1,1,2.5719470650394456,NO_RAW_BREAK_CROSSING,S0,UNIFORM,PROCESSED,c026c3eb4da9fec96e665a8e4451813170d7340b7a664bc9b0e2a13ea721901a
7365,97,0,0.0,,False,True,True,97,0,0,0,0,,EMPTY_DP_REFERENCE_DENOMINATOR,,,,,,,EMPTY_DP_REFERENCE,0,0,True,1,1,0,0,0,0,1.6198230764445156,,,EMPTY_OUTPUT,RAW_WINDOWS_DT30_DISTANCE400_V1,97,0,97,0.0,,0,,,,NO_COVERED_RAW_POINTS,0,5,4.93684442288997e-10,0,0,0,0,1,0,1.6198230764445156,NO_RAW_BREAK_CROSSING,R0,UNIFORM,ALL_FILTERED,0750323f06875ca1c7f01a526cfe242159c787a5276aafecb1ebabef682b440b
7365,97,2,0.020618556701030927,,True,False,False,0,0,95,97,2,0.979381443298969,,0.307097184673094,0.22999042362917432,0.22078055526972026,0.307097184673094,0.307097184673094,0.307097184673094,,97,0,True,1,0,0,96,0,0,1.6198230764445156,,0.4434741295963552,,RAW_WINDOWS_DT30_DISTANCE400_V1,97,97,0,1.0,,97,0.307097184673094,0.22999042362917432,0.307097184673094,,0,5,4.93684442288997e-10,0,0,0,0,1,1,1.6198230764445156,NO_RAW_BREAK_CROSSING,S0,UNIFORM,PROCESSED,0646ac34f84ce100d751a418745b805ea0a4c336275755d28e95e91f92156303
6770,105,25,0.23809523809523808,,True,False,False,0,0,80,105,25,0.7619047619047619,,4.313228113129707,1.2118303414376794,1.227316160489542,2.206845414357692,2.206845414357692,4.184534162836807,,105,0,True,3,0,0,80,0,0,2572.344872100854,,2441.6268490340854,,RAW_WINDOWS_DT30_DISTANCE400_V1,105,105,0,1.0,,105,4.313228113129707,1.2118303414376794,2.206845414357692,,0,5,3.0125153967182726e-10,2,0,0,0,3,3,2446.7761663659717,NO_RAW_BREAK_CROSSING,R0,UNIFORM,PROCESSED,d12d2c0cc0ed97c2e40c4f5fd1797127ccce9df5d67c7ceeb666f7c7a33c39e5
6770,105,25,0.23809523809523808,,True,False,False,0,0,80,105,25,0.7619047619047619,,4.313228113129707,1.2118303414376794,1.227316160489542,2.206845414357692,2.206845414357692,4.184534162836807,,105,0,True,3,0,0,80,0,0,2572.344872100854,,2441.6268490340854,,RAW_WINDOWS_DT30_DISTANCE400_V1,105,105,0,1.0,,105,4.313228113129707,1.2118303414376794,2.206845414357692,,0,5,3.0125153967182726e-10,2,0,0,0,3,3,2446.7761663659717,NO_RAW_BREAK_CROSSING,S0,UNIFORM,PROCESSED,a638b81707bbce2f97b1555cab09ff9f8b226bd6af61df011b4d379f7a58cd78
3742,128,36,0.28125,,True,False,False,9,6,77,113,36,0.6814159292035398,,4.936662769071227,1.2829487795854657,1.0245114290192154,3.0556155962058207,4.353387814491763,4.867355529285539,,113,0,True,9,6,6,43,0,0,16280.110933910208,,10472.159214704221,,RAW_WINDOWS_DT30_DISTANCE400_V1,128,119,9,0.9296875,,119,150.96421837688703,3.9826669144145943,5.067237032291919,,6,5,3.422736254362799e-10,8,0,0,9,9,3,11854.33451286237,NO_RAW_BREAK_CROSSING,R0,UNIFORM,PROCESSED,e372e81590f5fb252d2301eddae9ca9a42d3ab62b00818e3c85c1aec616bb88d
3742,128,42,0.328125,,True,False,False,3,6,77,119,42,0.6470588235294117,,4.936662769071227,1.2182622864971229,0.8062869689538741,3.0556155962058207,4.297312648239326,4.86313073328409,,119,0,True,9,3,6,49,0,0,16280.110933910208,,11256.614766815352,,RAW_WINDOWS_DT30_DISTANCE400_V1,128,125,3,0.9765625,,125,150.96421837688703,3.7914989025226937,4.924491239514669,,6,5,3.422736254362799e-10,8,0,0,3,9,6,11854.33451286237,NO_RAW_BREAK_CROSSING,S0,UNIFORM,PROCESSED,74486fec34834eac3b8aa611c203a9d14a9a79d967262442624fe39c64978ca0
11271,100,0,0.0,,False,True,True,100,0,0,0,0,,EMPTY_DP_REFERENCE_DENOMINATOR,,,,,,,EMPTY_DP_REFERENCE,0,0,True,1,1,0,0,0,0,63.99655580331992,,,EMPTY_OUTPUT,RAW_WINDOWS_DT30_DISTANCE400_V1,100,0,100,0.0,,0,,,,NO_COVERED_RAW_POINTS,0,5,2.086012864345835e-10,0,0,0,0,1,0,63.99655580331992,NO_RAW_BREAK_CROSSING,R0,UNIFORM,ALL_FILTERED,3cb23343bee84ccfd83bca4255f2e1c286e5696d3a8a4c838463b5d8d980a6d6
11271,100,5,0.05,,True,False,False,0,18,77,82,5,0.9390243902439024,,3.2791215985648634,1.0399815502521528,1.0998808646204523,1.5098847446417922,2.0742272358943072,3.2791215985648634,,82,0,True,1,0,18,52,0,0,63.99655580331992,,39.44656520988645,,RAW_WINDOWS_DT30_DISTANCE400_V1,100,100,0,1.0,,100,3.2791215985648634,0.9742396407917324,2.0617334389058306,,0,5,2.086012864345835e-10,0,0,0,0,1,1,63.99655580331992,NO_RAW_BREAK_CROSSING,S0,UNIFORM,PROCESSED,91a693b418e7ce078b2d3d76bfa8e95cbc1e9951fe49721294cef7851171ea5d
6778,146,52,0.3561643835616438,,True,False,False,0,30,64,116,52,0.5517241379310345,,4.919154607920916,0.7715769910397061,0.0,3.1318156594160786,3.878836739708893,4.6279212320981085,,116,0,True,2,0,30,43,0,0,8179.268079743581,,6282.828763156132,,RAW_WINDOWS_DT30_DISTANCE400_V1,146,146,0,1.0,,146,79.76602835322429,4.787790831909398,29.875242475281162,,18,5,2.2309617038940076e-10,1,0,0,0,2,2,7239.220421175003,NO_RAW_BREAK_CROSSING,R0,UNIFORM,PROCESSED,b9a5dc8537ee175c0e7979d3c6b9f4994f66a2bab0f4d77536fb0909732b7f6c
6778,146,52,0.3561643835616438,,True,False,False,0,30,64,116,52,0.5517241379310345,,4.919154607920916,0.7715769910397061,0.0,3.1318156594160786,3.878836739708893,4.6279212320981085,,116,0,True,2,0,30,43,0,0,8179.268079743581,,6282.828763156132,,RAW_WINDOWS_DT30_DISTANCE400_V1,146,146,0,1.0,,146,79.76602835322429,4.787790831909398,29.875242475281162,,18,5,2.2309617038940076e-10,1,0,0,0,2,2,7239.220421175003,NO_RAW_BREAK_CROSSING,S0,UNIFORM,PROCESSED,509843f9663b1dffa54732364035eb817c1fbf9cd40bc18b3f202baa9577844a
3657,98,0,0.0,,False,True,True,98,0,0,0,0,,EMPTY_DP_REFERENCE_DENOMINATOR,,,,,,,EMPTY_DP_REFERENCE,0,0,True,1,1,0,0,0,0,51.10587323327506,,,EMPTY_OUTPUT,RAW_WINDOWS_DT30_DISTANCE400_V1,98,0,98,0.0,,0,,,,NO_COVERED_RAW_POINTS,0,5,8.08934625818644e-11,0,0,0,0,1,0,51.10587323327506,NO_RAW_BREAK_CROSSING,R0,UNIFORM,ALL_FILTERED,6fbc982b50119ae9836141c67f618dd9edf369b7b7063cfa29bc13ed9f57cff3
3657,98,5,0.05102040816326531,,True,False,False,0,8,85,90,5,0.9444444444444444,,3.617871861650798,1.097137744787329,0.6459679987970373,2.6773864475702105,2.97114793410985,3.5456767596631615,,90,0,True,1,0,8,22,0,0,51.10587323327506,,27.310540866672703,,RAW_WINDOWS_DT30_DISTANCE400_V1,98,98,0,1.0,,98,3.617871861650798,1.06574117072827,2.9114173466645754,,0,5,8.08934625818644e-11,0,0,0,0,1,1,51.10587323327506,NO_RAW_BREAK_CROSSING,S0,UNIFORM,PROCESSED,723128d427eb1a68d78314f39304d956c420fee93dc4115b60e359aa7903fd8c
2175,100,0,0.0,,False,True,True,100,0,0,0,0,,EMPTY_DP_REFERENCE_DENOMINATOR,,,,,,,EMPTY_DP_REFERENCE,0,0,True,1,1,0,0,0,0,0.5275886625517912,,,EMPTY_OUTPUT,RAW_WINDOWS_DT30_DISTANCE400_V1,100,0,100,0.0,,0,,,,NO_COVERED_RAW_POINTS,0,5,3.029105620125868e-10,0,0,0,0,1,0,0.5275886625517912,NO_RAW_BREAK_CROSSING,R0,UNIFORM,ALL_FILTERED,fe250e850176ed55a75815545455c23a796e80ed5073fcf5fd4ec35e1b4c69cd
2175,100,2,0.02,,True,False,False,0,0,98,100,2,0.98,,0.043195794685418995,0.021597896023906573,0.02159789404570218,0.043195794685418995,0.043195794685418995,0.043195794685418995,,100,0,True,1,0,0,100,0,0,0.5275886625517912,,0.48942546951109406,,RAW_WINDOWS_DT30_DISTANCE400_V1,100,100,0,1.0,,100,0.043195794685418995,0.021597896023906573,0.043195794685418995,,0,5,3.029105620125868e-10,0,0,0,0,1,1,0.5275886625517912,NO_RAW_BREAK_CROSSING,S0,UNIFORM,PROCESSED,c202c567aa73fb4594a81e844ca0c26a5a5ff4114fc25cbc77ec53749b4154dc
5524,99,0,0.0,,False,True,True,99,0,0,0,0,,EMPTY_DP_REFERENCE_DENOMINATOR,,,,,,,EMPTY_DP_REFERENCE,0,0,True,1,1,0,0,0,0,0.0,,,EMPTY_OUTPUT,RAW_WINDOWS_DT30_DISTANCE400_V1,99,0,99,0.0,,0,,,,NO_COVERED_RAW_POINTS,0,5,4.714424963254578e-10,0,0,0,0,1,0,0.0,NO_RAW_BREAK_CROSSING,R0,UNIFORM,ALL_FILTERED,ddf8015b34afca2b7fba9c421460cd33b40aefd8aa1352279e70693c1f5f9cf5
5524,99,2,0.020202020202020204,,True,False,False,0,0,97,99,2,0.9797979797979798,,0.0,0.0,0.0,0.0,0.0,0.0,,99,0,True,1,0,0,99,0,0,0.0,,0.0,,RAW_WINDOWS_DT30_DISTANCE400_V1,99,99,0,1.0,,99,0.0,0.0,0.0,,0,5,4.714424963254578e-10,0,0,0,0,1,1,0.0,NO_RAW_BREAK_CROSSING,S0,UNIFORM,PROCESSED,248fb38b6c48a7801a76905663455e3543136fcac2669fc84527158b4a000583
95,99,0,0.0,,False,True,True,99,0,0,0,0,,EMPTY_DP_REFERENCE_DENOMINATOR,,,,,,,EMPTY_DP_REFERENCE,0,0,True,1,1,0,0,0,0,22.021645767216413,,,EMPTY_OUTPUT,RAW_WINDOWS_DT30_DISTANCE400_V1,99,0,99,0.0,,0,,,,NO_COVERED_RAW_POINTS,0,5,2.1937080875305752e-10,0,0,0,0,1,0,22.021645767216413,NO_RAW_BREAK_CROSSING,R0,UNIFORM,ALL_FILTERED,d4ce3d174287d2a0203d4a3a4bd37a257c355321b4b4ac82e5c4dfbfebfaddad
95,99,3,0.030303030303030304,,True,False,False,0,0,96,99,3,0.9696969696969697,,3.3276193458695102,0.9250689021539854,0.6268934266023269,2.5739914209874715,2.742066754321584,3.3276193458695102,,99,0,True,1,0,0,99,0,0,22.021645767216413,,15.702432824633327,,RAW_WINDOWS_DT30_DISTANCE400_V1,99,99,0,1.0,,99,3.3276193458695102,0.9250689021539854,2.742066754321584,,0,5,2.1937080875305752e-10,0,0,0,0,1,1,22.021645767216413,NO_RAW_BREAK_CROSSING,S0,UNIFORM,PROCESSED,95b4b7c763fb1d0e7921116e883b3076f1b062777fb672324d8a70bfa64f4bfe
10667,105,43,0.4095238095238095,,True,False,False,9,1,52,95,43,0.5473684210526315,,4.463962532986974,0.8645293203894281,0.0,2.8862778071259685,3.1213862394858816,4.080715435242384,,95,0,True,5,3,1,34,0,0,14031.259456141932,,11096.797944842607,,RAW_WINDOWS_DT30_DISTANCE400_V1,105,96,9,0.9142857142857143,,96,12.507390284140557,0.9858091220951689,3.3114158867862926,,1,5,2.775308287907786e-10,4,0,0,5,5,2,12371.79411708631,NO_RAW_BREAK_CROSSING,R0,UNIFORM,PROCESSED,3be023c0c3410f82898028f52c7829ff513d262a11a312af5660e5c531dfbaf6
10667,105,49,0.4666666666666667,,True,False,False,1,1,54,103,49,0.5242718446601942,,4.463962532986974,0.8070822853812682,0.0,2.7950167023802184,3.058875106782377,4.052756803378247,,103,0,True,5,1,1,40,0,0,14031.259456141932,,12363.089510833343,,RAW_WINDOWS_DT30_DISTANCE400_V1,105,104,1,0.9904761904761905,,104,12.507390284140557,0.9195852469078,3.233911564252916,,1,5,2.775308287907786e-10,4,0,0,1,5,4,12371.79411708631,NO_RAW_BREAK_CROSSING,S0,UNIFORM,PROCESSED,115f40e7e5bb5981ef3ecc96bca55fe605dca6c090a3363b351af35dad30767e
1565,99,0,0.0,,False,True,True,99,0,0,0,0,,EMPTY_DP_REFERENCE_DENOMINATOR,,,,,,,EMPTY_DP_REFERENCE,0,0,True,1,1,0,0,0,0,29.76990179610471,,,EMPTY_OUTPUT,RAW_WINDOWS_DT30_DISTANCE400_V1,99,0,99,0.0,,0,,,,NO_COVERED_RAW_POINTS,0,5,8.548770934648696e-11,0,0,0,0,1,0,29.76990179610471,NO_RAW_BREAK_CROSSING,R0,UNIFORM,ALL_FILTERED,9058bc0fb940326ad74ce414c7eda1a94746f4f46f975bb70edc42856bf69e26
1565,99,3,0.030303030303030304,,True,False,False,0,0,96,99,3,0.9696969696969697,,4.103532182103836,1.4558813104851613,0.0,4.103532182103836,4.103532182103836,4.103532182103836,,99,0,True,1,0,0,99,0,0,29.76990179610471,,21.14007794358098,,RAW_WINDOWS_DT30_DISTANCE400_V1,99,99,0,1.0,,99,4.103532182103836,1.4558813104851613,4.103532182103836,,0,5,8.548770934648696e-11,0,0,0,0,1,1,29.76990179610471,NO_RAW_BREAK_CROSSING,S0,UNIFORM,PROCESSED,1924447f0a9303545110ed1f720fcd909882f5e9844928111bac9b5cb37bad77
4130,111,67,0.6036036036036037,,True,False,False,0,15,29,96,67,0.30208333333333337,,4.966998965106688,0.5876590262311768,0.0,2.3961561728025456,3.170836269516247,4.839503748431905,,96,0,True,1,0,15,11,0,0,8523.49825955139,,8286.96816386025,,RAW_WINDOWS_DT30_DISTANCE400_V1,111,111,0,1.0,,111,45.350338778985076,2.5131137266756296,15.025942233088962,,10,5,2.8275186109947843e-10,0,0,0,0,1,1,8523.49825955139,NO_RAW_BREAK_CROSSING,R0,UNIFORM,PROCESSED,f089b724ab19a74dbe9682bcb4dcb2c5094bf6f3e6b4244b28cd6aa081953871
4130,111,67,0.6036036036036037,,True,False,False,0,15,29,96,67,0.30208333333333337,,4.966998965106688,0.5876590262311768,0.0,2.3961561728025456,3.170836269516247,4.839503748431905,,96,0,True,1,0,15,11,0,0,8523.49825955139,,8286.96816386025,,RAW_WINDOWS_DT30_DISTANCE400_V1,111,111,0,1.0,,111,45.350338778985076,2.5131137266756296,15.025942233088962,,10,5,2.8275186109947843e-10,0,0,0,0,1,1,8523.49825955139,NO_RAW_BREAK_CROSSING,S0,UNIFORM,PROCESSED,f6da003917f78954db23b6b3f84503c4af20c86b928b0816a03e77cff70ce6d7
791,100,32,0.32,,True,False,False,0,8,60,92,32,0.6521739130434783,,4.9660171017337085,1.1654374922391575,0.3369708264764383,3.392653201640429,4.3076742633552945,4.962489451749445,,92,0,True,4,0,8,12,0,0,10785.629095687507,,9403.555478759894,,RAW_WINDOWS_DT30_DISTANCE400_V1,100,100,0,1.0,,100,31.680121983582175,1.7310409679182894,4.961258502076341,,3,5,3.024345450317897e-10,3,0,0,0,4,4,9471.357862254265,NO_RAW_BREAK_CROSSING,R0,UNIFORM,PROCESSED,dee48714791d622479a769f11398d0bbb5ee9d37a160e30814c91046d1dfe1c1
791,100,32,0.32,,True,False,False,0,8,60,92,32,0.6521739130434783,,4.9660171017337085,1.1654374922391575,0.3369708264764383,3.392653201640429,4.3076742633552945,4.962489451749445,,92,0,True,4,0,8,12,0,0,10785.629095687507,,9403.555478759894,,RAW_WINDOWS_DT30_DISTANCE400_V1,100,100,0,1.0,,100,31.680121983582175,1.7310409679182894,4.961258502076341,,3,5,3.024345450317897e-10,3,0,0,0,4,4,9471.357862254265,NO_RAW_BREAK_CROSSING,S0,UNIFORM,PROCESSED,a7920ee2aef74e87ae9206c493c8e7721bb9deebb415d5009172ee88e896195a
3718,99,0,0.0,,False,True,True,99,0,0,0,0,,EMPTY_DP_REFERENCE_DENOMINATOR,,,,,,,EMPTY_DP_REFERENCE,0,0,True,1,1,0,0,0,0,8.35088220183812,,,EMPTY_OUTPUT,RAW_WINDOWS_DT30_DISTANCE400_V1,99,0,99,0.0,,0,,,,NO_COVERED_RAW_POINTS,0,5,2.3674011373963513e-10,0,0,0,0,1,0,8.35088220183812,NO_RAW_BREAK_CROSSING,R0,UNIFORM,ALL_FILTERED,bee77fc51cb299cb902fdac50b55685b2c44612bd9ee6c4679a95a8458dd53a5
3718,99,2,0.020202020202020204,,True,False,False,0,0,97,99,2,0.9797979797979798,,0.5357311351742503,0.1869400178977174,0.09199363272806692,0.5054269228552236,0.5357311351742503,0.5357311351742503,,99,0,True,1,0,0,99,0,0,8.35088220183812,,7.810121966736405,,RAW_WINDOWS_DT30_DISTANCE400_V1,99,99,0,1.0,,99,0.5357311351742503,0.1869400178977174,0.5357311351742503,,0,5,2.3674011373963513e-10,0,0,0,0,1,1,8.35088220183812,NO_RAW_BREAK_CROSSING,S0,UNIFORM,PROCESSED,1bb57a12cab39c6b1042aa23bd07f96cc7f312054ae88e12b6da9279163e1060
11022,98,6,0.061224489795918366,,True,False,False,0,0,92,98,6,0.9387755102040817,,1.377722687851883,0.5303983102431158,0.5319381629883828,1.131834978681993,1.2257862791224596,1.377722687851883,,98,0,True,1,0,0,98,0,0,236.28448469386325,,234.31472648359687,,RAW_WINDOWS_DT30_DISTANCE400_V1,98,98,0,1.0,,98,1.377722687851883,0.5303983102431158,1.2257862791224596,,0,5,1.1956355361722144e-10,0,0,0,0,1,1,236.28448469386325,NO_RAW_BREAK_CROSSING,R0,UNIFORM,PROCESSED,0b5b3788b42a15b86dc4ce79b398b0f146237043581ecdebf47558ad6726066f
11022,98,6,0.061224489795918366,,True,False,False,0,0,92,98,6,0.9387755102040817,,1.377722687851883,0.5303983102431158,0.5319381629883828,1.131834978681993,1.2257862791224596,1.377722687851883,,98,0,True,1,0,0,98,0,0,236.28448469386325,,234.31472648359687,,RAW_WINDOWS_DT30_DISTANCE400_V1,98,98,0,1.0,,98,1.377722687851883,0.5303983102431158,1.2257862791224596,,0,5,1.1956355361722144e-10,0,0,0,0,1,1,236.28448469386325,NO_RAW_BREAK_CROSSING,S0,UNIFORM,PROCESSED,197eb009054d6c836686a29079e63e1fda1316140b0c8f2e4995149da7626627
17,99,0,0.0,,False,True,True,99,0,0,0,0,,EMPTY_DP_REFERENCE_DENOMINATOR,,,,,,,EMPTY_DP_REFERENCE,0,0,True,1,1,0,0,0,0,10.274271765074621,,,EMPTY_OUTPUT,RAW_WINDOWS_DT30_DISTANCE400_V1,99,0,99,0.0,,0,,,,NO_COVERED_RAW_POINTS,0,5,4.156390781226856e-10,0,0,0,0,1,0,10.274271765074621,NO_RAW_BREAK_CROSSING,R0,UNIFORM,ALL_FILTERED,90687756b628d796a5eb5a9a3d2a1c18f3f7af4767816335f488b7cf92a39b7b
17,99,2,0.020202020202020204,,True,False,False,0,0,97,99,2,0.9797979797979798,,1.8420883632134915,0.7697806403484955,0.7565408978076545,1.2442453520366785,1.5586495283769395,1.8420883632134915,,99,0,True,1,0,0,99,0,0,10.274271765074621,,6.012475886907814,,RAW_WINDOWS_DT30_DISTANCE400_V1,99,99,0,1.0,,99,1.8420883632134915,0.7697806403484955,1.5586495283769395,,0,5,4.156390781226856e-10,0,0,0,0,1,1,10.274271765074621,NO_RAW_BREAK_CROSSING,S0,UNIFORM,PROCESSED,5428c145de447af3fcfa4f4660718957e31857454f51b999c99d7fd664bc2746
10610,100,0,0.0,,False,True,True,100,0,0,0,0,,EMPTY_DP_REFERENCE_DENOMINATOR,,,,,,,EMPTY_DP_REFERENCE,0,0,True,1,1,0,0,0,0,3.695906855081117,,,EMPTY_OUTPUT,RAW_WINDOWS_DT30_DISTANCE400_V1,100,0,100,0.0,,0,,,,NO_COVERED_RAW_POINTS,0,5,1.3397659465844468e-10,0,0,0,0,1,0,3.695906855081117,NO_RAW_BREAK_CROSSING,R0,UNIFORM,ALL_FILTERED,18b34d8fca7ff9695616b8cb69109f87eba3175f2c968b0b9c7c3ba6e48631e7
10610,100,2,0.02,,True,False,False,0,0,98,100,2,0.98,,0.39634356587611447,0.2403117944616811,0.2956308392057553,0.39634356587611447,0.39634356587611447,0.39634356587611447,,100,0,True,1,0,0,100,0,0,3.695906855081117,,2.7954602249855203,,RAW_WINDOWS_DT30_DISTANCE400_V1,100,100,0,1.0,,100,0.39634356587611447,0.2403117944616811,0.39634356587611447,,0,5,1.3397659465844468e-10,0,0,0,0,1,1,3.695906855081117,NO_RAW_BREAK_CROSSING,S0,UNIFORM,PROCESSED,18f799ba9059a02fb0c0449cd37e73299beb28511b6cb5c4037605b5f7c5d819
3475,98,0,0.0,,False,True,True,98,0,0,0,0,,EMPTY_DP_REFERENCE_DENOMINATOR,,,,,,,EMPTY_DP_REFERENCE,0,0,True,1,1,0,0,0,0,2.2842260789095477,,,EMPTY_OUTPUT,RAW_WINDOWS_DT30_DISTANCE400_V1,98,0,98,0.0,,0,,,,NO_COVERED_RAW_POINTS,0,5,4.462666691564705e-10,0,0,0,0,1,0,2.2842260789095477,NO_RAW_BREAK_CROSSING,R0,UNIFORM,ALL_FILTERED,bf6e1ca408b821b57a686d59ca42f939fc7eaf4fc9a767a759e8cc03f5d0c847
3475,98,2,0.02040816326530612,,True,False,False,0,0,96,98,2,0.9795918367346939,,0.5261634236046706,0.22418373594565397,0.29256951982676344,0.41133496701645056,0.5261634236046706,0.5261634236046706,,98,0,True,1,0,0,98,0,0,2.2842260789095477,,0.8680745971389258,,RAW_WINDOWS_DT30_DISTANCE400_V1,98,98,0,1.0,,98,0.5261634236046706,0.22418373594565397,0.5261634236046706,,0,5,4.462666691564705e-10,0,0,0,0,1,1,2.2842260789095477,NO_RAW_BREAK_CROSSING,S0,UNIFORM,PROCESSED,0df562560bf45e3c6a7daacf8527f0e18e189d100eaccb3e7f8bdc95d733a01e
5290,106,36,0.33962264150943394,,True,False,False,0,3,67,103,36,0.6504854368932038,,4.958119858128678,0.7416498022690269,0.0,2.435703111130288,3.331506703079095,4.69977005261341,,103,0,True,2,0,3,60,0,0,3548.2842789531683,,3448.4505919203266,,RAW_WINDOWS_DT30_DISTANCE400_V1,106,106,0,1.0,,106,55.939510575025125,1.3726783028448182,4.379829813122721,,3,5,2.0110506024477376e-10,1,0,0,0,2,2,3498.90549563763,NO_RAW_BREAK_CROSSING,R0,UNIFORM,PROCESSED,4d688d5e6f52cd3a3fc82b4543e8c1ccc111d020d2de8d85ff7d8289b367f075
5290,106,36,0.33962264150943394,,True,False,False,0,3,67,103,36,0.6504854368932038,,4.958119858128678,0.7416498022690269,0.0,2.435703111130288,3.331506703079095,4.69977005261341,,103,0,True,2,0,3,60,0,0,3548.2842789531683,,3448.4505919203266,,RAW_WINDOWS_DT30_DISTANCE400_V1,106,106,0,1.0,,106,55.939510575025125,1.3726783028448182,4.379829813122721,,3,5,2.0110506024477376e-10,1,0,0,0,2,2,3498.90549563763,NO_RAW_BREAK_CROSSING,S0,UNIFORM,PROCESSED,c89e14f51fdbcd517585240c229a59040b407feb1cbccc889e5d99c0831f80a1
3945,101,10,0.09900990099009901,,True,False,False,0,0,91,101,10,0.900990099009901,,4.699429157706824,0.7293612395431895,0.0,1.644885030474968,2.8726540058683936,4.699429157706824,,101,0,True,1,0,0,101,0,0,166.65360148514165,,146.1908783903585,,RAW_WINDOWS_DT30_DISTANCE400_V1,101,101,0,1.0,,101,4.699429157706824,0.7293612395431895,2.8726540058683936,,0,5,1.3835396420354848e-10,0,0,0,0,1,1,166.65360148514165,NO_RAW_BREAK_CROSSING,R0,UNIFORM,PROCESSED,b3e512ac607a05871a5596d530f3da29e2e78ed83e6f0a2626bb8ae8f044ec3b
3945,101,10,0.09900990099009901,,True,False,False,0,0,91,101,10,0.900990099009901,,4.699429157706824,0.7293612395431895,0.0,1.644885030474968,2.8726540058683936,4.699429157706824,,101,0,True,1,0,0,101,0,0,166.65360148514165,,146.1908783903585,,RAW_WINDOWS_DT30_DISTANCE400_V1,101,101,0,1.0,,101,4.699429157706824,0.7293612395431895,2.8726540058683936,,0,5,1.3835396420354848e-10,0,0,0,0,1,1,166.65360148514165,NO_RAW_BREAK_CROSSING,S0,UNIFORM,PROCESSED,daed24b653e8aa59a028fd0678b3aa5425be28d47982620e6cb0f95f05ad5955
3081,101,22,0.21782178217821782,,True,False,False,14,2,63,85,22,0.7411764705882353,,4.575447642523521,1.4935765532354743,0.9882269616631032,3.5780931101255935,4.051145938587319,4.419754414773152,,85,0,True,12,7,2,44,0,0,11442.60347354574,,5292.880557049724,,RAW_WINDOWS_DT30_DISTANCE400_V1,101,87,14,0.8613861386138614,,87,44.22686176059335,2.1742704931770884,4.33989938931222,,2,5,2.9232992590653835e-10,11,0,0,12,12,5,6855.536192861569,NO_RAW_BREAK_CROSSING,R0,UNIFORM,PROCESSED,713fff0774ee208f6785c970c0df8795422609942a96f40967116c95704ae630
3081,101,34,0.33663366336633666,,True,False,False,2,2,63,97,34,0.6494845360824743,,4.575447642523521,1.3088041961341785,0.8299939214276489,3.4177954954562293,4.051145938587319,4.397512525094528,,97,0,True,12,2,2,55,0,0,11442.60347354574,,6762.476913437671,,RAW_WINDOWS_DT30_DISTANCE400_V1,101,99,2,0.9801980198019802,,99,44.22686176059335,1.9107225546101687,4.239501044200015,,2,5,2.9232992590653835e-10,11,0,0,2,12,10,6855.536192861569,NO_RAW_BREAK_CROSSING,S0,UNIFORM,PROCESSED,5d574b37672c8fa02dc92fd2cbc823b300b045f945db115d8864d614ebe57ed2
10388,100,5,0.05,,True,False,False,0,16,79,84,5,0.9404761904761905,,4.834441318885361,1.4007912090076589,1.2268198536984452,3.5020138869046424,4.121386046064412,4.623905423683962,,84,0,True,1,0,16,40,0,0,531.8249555831974,,124.30782935427276,,RAW_WINDOWS_DT30_DISTANCE400_V1,100,100,0,1.0,,100,4.834441318885361,1.3482858154711916,3.831326025778031,,0,5,3.490569204348988e-10,0,0,0,0,1,1,531.8249555831974,NO_RAW_BREAK_CROSSING,R0,UNIFORM,PROCESSED,683f9f93546f64325dbab4751ffd3813a745141cc8291cd2012a1040ca77c04c
10388,100,5,0.05,,True,False,False,0,16,79,84,5,0.9404761904761905,,4.834441318885361,1.4007912090076589,1.2268198536984452,3.5020138869046424,4.121386046064412,4.623905423683962,,84,0,True,1,0,16,40,0,0,531.8249555831974,,124.30782935427276,,RAW_WINDOWS_DT30_DISTANCE400_V1,100,100,0,1.0,,100,4.834441318885361,1.3482858154711916,3.831326025778031,,0,5,3.490569204348988e-10,0,0,0,0,1,1,531.8249555831974,NO_RAW_BREAK_CROSSING,S0,UNIFORM,PROCESSED,341393dcd4674f47865a2e37439f8a6a8c5b27bd44d65282b5b786a4a18ba490
1677,99,0,0.0,,False,True,True,99,0,0,0,0,,EMPTY_DP_REFERENCE_DENOMINATOR,,,,,,,EMPTY_DP_REFERENCE,0,0,True,1,1,0,0,0,0,5.9892095263968415,,,EMPTY_OUTPUT,RAW_WINDOWS_DT30_DISTANCE400_V1,99,0,99,0.0,,0,,,,NO_COVERED_RAW_POINTS,0,5,1.6783320157197173e-10,0,0,0,0,1,0,5.9892095263968415,NO_RAW_BREAK_CROSSING,R0,UNIFORM,ALL_FILTERED,5285a44fee96b8c90f0fa63b83a1dbb6b07c500b9343e6728f21b6a012a9c521
1677,99,2,0.020202020202020204,,True,False,False,0,0,97,99,2,0.9797979797979798,,0.5410383000438128,0.22192466670903438,0.26320781835280943,0.4182080042356387,0.5410383000438128,0.5410383000438128,,99,0,True,1,0,0,99,0,0,5.9892095263968415,,5.7780016569910755,,RAW_WINDOWS_DT30_DISTANCE400_V1,99,99,0,1.0,,99,0.5410383000438128,0.22192466670903438,0.5410383000438128,,0,5,1.6783320157197173e-10,0,0,0,0,1,1,5.9892095263968415,NO_RAW_BREAK_CROSSING,S0,UNIFORM,PROCESSED,ddca69b93e36d0a3d9134374699f028cedc49e6a5703d6096ecd48d9fe29d0be
10964,99,0,0.0,,False,True,True,99,0,0,0,0,,EMPTY_DP_REFERENCE_DENOMINATOR,,,,,,,EMPTY_DP_REFERENCE,0,0,True,1,1,0,0,0,0,35.43960086763158,,,EMPTY_OUTPUT,RAW_WINDOWS_DT30_DISTANCE400_V1,99,0,99,0.0,,0,,,,NO_COVERED_RAW_POINTS,0,5,1.7274809320356538e-10,0,0,0,0,1,0,35.43960086763158,NO_RAW_BREAK_CROSSING,R0,UNIFORM,ALL_FILTERED,70b6a8682e2010fb4cd504a1cf569e192c09b6619f427d2863e8543ef0076e2a
10964,99,2,0.020202020202020204,,True,False,False,0,9,88,90,2,0.9777777777777777,,4.44861164010848,1.0739554274628396,0.4977151084678174,3.0909130517190295,3.78301909537404,4.1694650413929075,,90,0,True,1,0,9,36,0,0,35.43960086763158,,4.134963614926272,,RAW_WINDOWS_DT30_DISTANCE400_V1,99,99,0,1.0,,99,4.44861164010848,1.0113861808290265,3.733009227882664,,0,5,1.7274809320356538e-10,0,0,0,0,1,1,35.43960086763158,NO_RAW_BREAK_CROSSING,S0,UNIFORM,PROCESSED,5b6b4c0f95a8d354f56c30c5ac942803fca7c55de7d36e214a3f8def84176e8a
2615,103,20,0.1941747572815534,,True,False,False,0,0,83,103,20,0.8058252427184466,,4.94469169276554,1.0002187301117917,0.17885448895790276,3.515648699073215,4.94469169276554,4.94469169276554,,103,0,True,1,0,0,74,0,0,3748.5596895747544,,3743.414843875893,,RAW_WINDOWS_DT30_DISTANCE400_V1,103,103,0,1.0,,103,4.94469169276554,1.0002187301117917,4.94469169276554,,0,5,1.2891740211145718e-10,0,0,0,0,1,1,3748.5596895747544,NO_RAW_BREAK_CROSSING,R0,UNIFORM,PROCESSED,70afaf69e696cb1d4a69cfd5abcea712ce2e55e799f86ae0854d68e2ddd9701e
2615,103,20,0.1941747572815534,,True,False,False,0,0,83,103,20,0.8058252427184466,,4.94469169276554,1.0002187301117917,0.17885448895790276,3.515648699073215,4.94469169276554,4.94469169276554,,103,0,True,1,0,0,74,0,0,3748.5596895747544,,3743.414843875893,,RAW_WINDOWS_DT30_DISTANCE400_V1,103,103,0,1.0,,103,4.94469169276554,1.0002187301117917,4.94469169276554,,0,5,1.2891740211145718e-10,0,0,0,0,1,1,3748.5596895747544,NO_RAW_BREAK_CROSSING,S0,UNIFORM,PROCESSED,d81524668134e4a322fdf0dc1ac2a65a47595735f7386b903c5bc65123334eed
9799,97,0,0.0,,False,True,True,97,0,0,0,0,,EMPTY_DP_REFERENCE_DENOMINATOR,,,,,,,EMPTY_DP_REFERENCE,0,0,True,1,1,0,0,0,0,23.009990382066825,,,EMPTY_OUTPUT,RAW_WINDOWS_DT30_DISTANCE400_V1,97,0,97,0.0,,0,,,,NO_COVERED_RAW_POINTS,0,5,2.6101621478470654e-10,0,0,0,0,1,0,23.009990382066825,NO_RAW_BREAK_CROSSING,R0,UNIFORM,ALL_FILTERED,920fa7b273704ef79d44a06ff4e5674f0ba16c7e824d781a39c74dad67b4fde1
9799,97,2,0.020618556701030927,,True,False,False,0,0,95,97,2,0.979381443298969,,2.1200538982042962,1.3147148753115028,1.4431438157993397,1.9919983547109799,2.108416695378535,2.1200538982042962,,97,0,True,1,0,0,97,0,0,23.009990382066825,,12.120134726923542,,RAW_WINDOWS_DT30_DISTANCE400_V1,97,97,0,1.0,,97,2.1200538982042962,1.3147148753115028,2.108416695378535,,0,5,2.6101621478470654e-10,0,0,0,0,1,1,23.009990382066825,NO_RAW_BREAK_CROSSING,S0,UNIFORM,PROCESSED,5c63aed3ef17185195966c664ef8675b6c04765df0b0801b289551d0725cc304
6605,98,0,0.0,,False,True,True,98,0,0,0,0,,EMPTY_DP_REFERENCE_DENOMINATOR,,,,,,,EMPTY_DP_REFERENCE,0,0,True,16,16,0,0,0,0,3.5899035686546115,,,EMPTY_OUTPUT,RAW_WINDOWS_DT30_DISTANCE400_V1,98,0,98,0.0,,0,,,,NO_COVERED_RAW_POINTS,0,5,8.103112471601165e-11,15,0,0,29,16,0,2.343481373376613,NO_RAW_BREAK_CROSSING,R0,UNIFORM,ALL_FILTERED,830ae270a2b7d5c0c63787d34cff469dc00b17e756cd86378b2ab07f647f60e1
6605,98,30,0.30612244897959184,,True,False,False,1,0,67,97,30,0.6907216494845361,,0.0,0.0,0.0,0.0,0.0,0.0,,97,0,True,16,1,0,97,0,0,3.5899035686546115,,2.343481373376613,,RAW_WINDOWS_DT30_DISTANCE400_V1,98,97,1,0.9897959183673469,,97,0.0,0.0,0.0,,0,5,8.103112471601165e-11,15,0,0,1,16,15,2.343481373376613,NO_RAW_BREAK_CROSSING,S0,UNIFORM,PROCESSED,44fed8ce3f1cab307b158c6dbacc40d07060cf2f5cccd3f74d0817eedeecbafb
9360,125,55,0.44,,True,False,False,0,5,65,120,55,0.5416666666666667,,4.918003365533389,1.0680675586070332,0.0,3.89093439537573,4.163566646084621,4.7854457698435375,,120,0,True,1,0,5,35,0,0,9699.93565253099,,9666.004761776883,,RAW_WINDOWS_DT30_DISTANCE400_V1,125,125,0,1.0,,125,17.939664741656447,1.5357732055250553,4.784670540681137,,5,5,2.4844878189717456e-10,0,0,0,0,1,1,9699.93565253099,NO_RAW_BREAK_CROSSING,R0,UNIFORM,PROCESSED,4150b435e7e5266aae238afbc1e7e1645c43ab7ba5e8aca06992a9079d34bb28
9360,125,55,0.44,,True,False,False,0,5,65,120,55,0.5416666666666667,,4.918003365533389,1.0680675586070332,0.0,3.89093439537573,4.163566646084621,4.7854457698435375,,120,0,True,1,0,5,35,0,0,9699.93565253099,,9666.004761776883,,RAW_WINDOWS_DT30_DISTANCE400_V1,125,125,0,1.0,,125,17.939664741656447,1.5357732055250553,4.784670540681137,,5,5,2.4844878189717456e-10,0,0,0,0,1,1,9699.93565253099,NO_RAW_BREAK_CROSSING,S0,UNIFORM,PROCESSED,3f06e203d0de7b8aab0d6af79c6faaca9a889dd6448af307293a9da4fb76cadd
6557,101,23,0.22772277227722773,,True,False,False,0,8,70,93,23,0.7526881720430108,,4.224275296976695,0.8733161360966725,0.37067736323523937,2.4566706676143455,2.6167197068247123,3.375964770909668,,93,0,True,1,0,8,69,0,0,1207.4504619749507,,1118.641310961601,,RAW_WINDOWS_DT30_DISTANCE400_V1,101,101,0,1.0,,101,12.208466507769076,1.3015823401884528,4.224275296976695,,4,5,3.5027926046082187e-10,0,0,0,0,1,1,1207.4504619749507,NO_RAW_BREAK_CROSSING,R0,UNIFORM,PROCESSED,f090e7cb428323530ec58d70497b6c2fea1725981a37ccfc4cf3de3ea1fe4a15
6557,101,23,0.22772277227722773,,True,False,False,0,8,70,93,23,0.7526881720430108,,4.224275296976695,0.8733161360966725,0.37067736323523937,2.4566706676143455,2.6167197068247123,3.375964770909668,,93,0,True,1,0,8,69,0,0,1207.4504619749507,,1118.641310961601,,RAW_WINDOWS_DT30_DISTANCE400_V1,101,101,0,1.0,,101,12.208466507769076,1.3015823401884528,4.224275296976695,,4,5,3.5027926046082187e-10,0,0,0,0,1,1,1207.4504619749507,NO_RAW_BREAK_CROSSING,S0,UNIFORM,PROCESSED,eadaddc85ff96bec7c46b4d2bc5682355e105aba31f22025c47f1897c4f5ac05
10291,99,0,0.0,,False,True,True,99,0,0,0,0,,EMPTY_DP_REFERENCE_DENOMINATOR,,,,,,,EMPTY_DP_REFERENCE,0,0,True,1,1,0,0,0,0,15.40894966910452,,,EMPTY_OUTPUT,RAW_WINDOWS_DT30_DISTANCE400_V1,99,0,99,0.0,,0,,,,NO_COVERED_RAW_POINTS,0,5,1.3537602263537174e-10,0,0,0,0,1,0,15.40894966910452,NO_RAW_BREAK_CROSSING,R0,UNIFORM,ALL_FILTERED,f7114e94f622aef216eea568c8743d4bf74c416545332a5974f73291a21a7f7f
10291,99,2,0.020202020202020204,,True,False,False,0,0,97,99,2,0.9797979797979798,,0.9732809248984526,0.4880339354422333,0.4855710524524187,0.879161314978447,0.9732809248984526,0.9732809248984526,,99,0,True,1,0,0,99,0,0,15.40894966910452,,14.808617545396686,,RAW_WINDOWS_DT30_DISTANCE400_V1,99,99,0,1.0,,99,0.9732809248984526,0.4880339354422333,0.9732809248984526,,0,5,1.3537602263537174e-10,0,0,0,0,1,1,15.40894966910452,NO_RAW_BREAK_CROSSING,S0,UNIFORM,PROCESSED,35d7e01555e3b1fd6fcdc21039922e44a96f96d31dee1daecf93dacc1d79460a
7282,99,0,0.0,,False,True,True,99,0,0,0,0,,EMPTY_DP_REFERENCE_DENOMINATOR,,,,,,,EMPTY_DP_REFERENCE,0,0,True,1,1,0,0,0,0,30.91080318887643,,,EMPTY_OUTPUT,RAW_WINDOWS_DT30_DISTANCE400_V1,99,0,99,0.0,,0,,,,NO_COVERED_RAW_POINTS,0,5,2.432362456077873e-10,0,0,0,0,1,0,30.91080318887643,NO_RAW_BREAK_CROSSING,R0,UNIFORM,ALL_FILTERED,1ae9b78e25122972dafb6c77d171c6bcf6dbe91b70c00653291d2b82c88defbc
7282,99,3,0.030303030303030304,,True,False,False,0,0,96,99,3,0.9696969696969697,,1.875571707448003,0.7260049404368394,0.6671177446373925,1.4353408865622075,1.500252279247918,1.875571707448003,,99,0,True,1,0,0,99,0,0,30.91080318887643,,11.241569803139093,,RAW_WINDOWS_DT30_DISTANCE400_V1,99,99,0,1.0,,99,1.875571707448003,0.7260049404368394,1.500252279247918,,0,5,2.432362456077873e-10,0,0,0,0,1,1,30.91080318887643,NO_RAW_BREAK_CROSSING,S0,UNIFORM,PROCESSED,7fa99e6e0fec07a1b724e957f51738501fb7723bd7da7ca740c11cc06a3557b7
1723,101,12,0.1188118811881188,,True,False,False,0,12,77,89,12,0.8651685393258427,,3.90625219391843,1.2031784820455023,1.1583007347938346,2.518762187433666,2.5747884625507518,3.076569628060206,,89,0,True,1,0,12,47,0,0,634.2564879652741,,610.3877985760853,,RAW_WINDOWS_DT30_DISTANCE400_V1,101,101,0,1.0,,101,4.439203807824932,1.3154794565177235,2.9634310963522617,,0,5,1.5666438651312634e-10,0,0,0,0,1,1,634.2564879652741,NO_RAW_BREAK_CROSSING,R0,UNIFORM,PROCESSED,8f175046979a1d5d094110bb7cee1da8583666780f1cbf835f61e7fb08c024a8
1723,101,12,0.1188118811881188,,True,False,False,0,12,77,89,12,0.8651685393258427,,3.90625219391843,1.2031784820455023,1.1583007347938346,2.518762187433666,2.5747884625507518,3.076569628060206,,89,0,True,1,0,12,47,0,0,634.2564879652741,,610.3877985760853,,RAW_WINDOWS_DT30_DISTANCE400_V1,101,101,0,1.0,,101,4.439203807824932,1.3154794565177235,2.9634310963522617,,0,5,1.5666438651312634e-10,0,0,0,0,1,1,634.2564879652741,NO_RAW_BREAK_CROSSING,S0,UNIFORM,PROCESSED,b2ec97ccaf08baa31a362f4b9c47fe16217e033c1f081438b7527ca4ff990bfb
5003,101,9,0.0891089108910891,,True,False,False,83,0,9,18,9,0.5,,4.026139818808348,0.9201962959530587,0.045118724807048455,3.6716390949442905,4.0025039343371,4.0214126419140985,,18,0,True,3,1,0,6,0,0,1862.4665187035991,,1408.0283597474736,,RAW_WINDOWS_DT30_DISTANCE400_V1,101,18,83,0.1782178217821782,,18,4.026139818808348,0.9201962959530587,4.0025039343371,,0,5,1.4489288697606938e-10,2,0,0,1,3,2,1414.3254117479844,NO_RAW_BREAK_CROSSING,R0,UNIFORM,PROCESSED,4eec3a44d013bb1278e1908ebd21d4f649c5db41ae8494c5115d9521b304cbdc
5003,101,11,0.10891089108910891,,True,False,False,0,0,90,101,11,0.8910891089108911,,4.026139818808348,0.964788591607194,0.8750963289074111,1.8297468053040302,1.8297468053040302,3.998332895900998,,101,0,True,3,0,0,89,0,0,1862.4665187035991,,1409.6201423050404,,RAW_WINDOWS_DT30_DISTANCE400_V1,101,101,0,1.0,,101,4.026139818808348,0.964788591607194,1.8297468053040302,,0,5,1.4489288697606938e-10,2,0,0,0,3,3,1414.3254117479844,NO_RAW_BREAK_CROSSING,S0,UNIFORM,PROCESSED,48b7d988444c6878a12b2cb1d4c9a0ba29259fc1982e5b7060171cb3d6c6af2b
4842,111,31,0.27927927927927926,,True,False,False,0,6,74,105,31,0.7047619047619047,,4.966847611934525,0.9007768238354916,0.13019983374599897,2.5937237159989053,3.5599677346682097,4.808792649907589,,105,0,True,2,0,6,66,0,0,5024.778465261012,,4743.951217165242,,RAW_WINDOWS_DT30_DISTANCE400_V1,111,111,0,1.0,,111,31.728745929032257,1.5719629631927368,5.279110021949488,,6,5,1.1837902677374824e-10,1,0,0,0,2,2,4792.365017825246,NO_RAW_BREAK_CROSSING,R0,UNIFORM,PROCESSED,de5762d4d0d6b58455a63b405d233f10217320a5f3fbf0b26233d81c2f6ed2ed
4842,111,31,0.27927927927927926,,True,False,False,0,6,74,105,31,0.7047619047619047,,4.966847611934525,0.9007768238354916,0.13019983374599897,2.5937237159989053,3.5599677346682097,4.808792649907589,,105,0,True,2,0,6,66,0,0,5024.778465261012,,4743.951217165242,,RAW_WINDOWS_DT30_DISTANCE400_V1,111,111,0,1.0,,111,31.728745929032257,1.5719629631927368,5.279110021949488,,6,5,1.1837902677374824e-10,1,0,0,0,2,2,4792.365017825246,NO_RAW_BREAK_CROSSING,S0,UNIFORM,PROCESSED,b997636871c2a3f53e652cdda8a7f740c2bcdeb205706401f3b53fcb2d8079ce
8222,96,32,0.3333333333333333,,True,False,False,6,2,56,88,32,0.6363636363636364,,4.821807125302979,0.6191149528546313,0.05528202528953251,1.7084739259244945,2.385787056723646,4.820159623839228,,88,0,True,6,2,2,38,0,0,11728.2972017159,,6709.199247345153,,RAW_WINDOWS_DT30_DISTANCE400_V1,96,90,6,0.9375,,90,14.009369661046849,0.7750839290868334,2.9664473717235396,,1,5,3.1142621044665716e-10,5,0,0,3,6,4,7647.049431724673,NO_RAW_BREAK_CROSSING,R0,UNIFORM,PROCESSED,0a1becf2ad7a0a5092b60260d2b489ea9aaf8e246d6aed5fffc685900288fd5d
8222,96,38,0.3958333333333333,,True,False,False,0,2,56,94,38,0.5957446808510638,,4.821807125302979,0.5795969771405058,0.05528202528953251,1.6462054569905993,2.319166639145055,4.820046003048625,,94,0,True,6,0,2,43,0,0,11728.2972017159,,7634.7175315033965,,RAW_WINDOWS_DT30_DISTANCE400_V1,96,96,0,1.0,,96,14.009369661046849,0.7266411835189063,2.6921183747281576,,1,5,3.1142621044665716e-10,5,0,0,0,6,6,7647.049431724673,NO_RAW_BREAK_CROSSING,S0,UNIFORM,PROCESSED,8ed4fc952f53ac83bb5d7ab4ee42a3d3c510087ec1582e52667ab45c5d3f79d8
11354,100,12,0.12,,True,False,False,0,0,88,100,12,0.88,,2.4292930481835664,0.1329460244489044,0.0,0.14872349549778094,1.0880677860722054,2.303022698544443,,100,0,True,1,0,0,99,0,0,133.5413010132865,,132.0572414905969,,RAW_WINDOWS_DT30_DISTANCE400_V1,100,100,0,1.0,,100,2.4292930481835664,0.1329460244489044,1.0880677860722054,,0,5,1.4400780626476711e-10,0,0,0,0,1,1,133.5413010132865,NO_RAW_BREAK_CROSSING,R0,UNIFORM,PROCESSED,30d090720c5b8517e9ec9641d337bc345fa5725e8f24488125620da8e50e0a35
11354,100,12,0.12,,True,False,False,0,0,88,100,12,0.88,,2.4292930481835664,0.1329460244489044,0.0,0.14872349549778094,1.0880677860722054,2.303022698544443,,100,0,True,1,0,0,99,0,0,133.5413010132865,,132.0572414905969,,RAW_WINDOWS_DT30_DISTANCE400_V1,100,100,0,1.0,,100,2.4292930481835664,0.1329460244489044,1.0880677860722054,,0,5,1.4400780626476711e-10,0,0,0,0,1,1,133.5413010132865,NO_RAW_BREAK_CROSSING,S0,UNIFORM,PROCESSED,412e60b016415df464f3a14ec5241603a47f884f84e5d9a3b5597f1500f9b3d2
8556,100,0,0.0,,False,True,True,100,0,0,0,0,,EMPTY_DP_REFERENCE_DENOMINATOR,,,,,,,EMPTY_DP_REFERENCE,0,0,True,1,1,0,0,0,0,8.918202885352455,,,EMPTY_OUTPUT,RAW_WINDOWS_DT30_DISTANCE400_V1,100,0,100,0.0,,0,,,,NO_COVERED_RAW_POINTS,0,5,5.778670128473802e-10,0,0,0,0,1,0,8.918202885352455,NO_RAW_BREAK_CROSSING,R0,UNIFORM,ALL_FILTERED,da5f7cb2aff593b021b25156a7d3684915381c94c5eaa59c511af5650d1fd118
8556,100,2,0.02,,True,False,False,0,0,98,100,2,0.98,,1.5077206855213738,0.5408374944423612,0.37337421963610556,1.1792244479669698,1.2965695947376565,1.5077206855213738,,100,0,True,1,0,0,100,0,0,8.918202885352455,,1.4889730425738779,,RAW_WINDOWS_DT30_DISTANCE400_V1,100,100,0,1.0,,100,1.5077206855213738,0.5408374944423612,1.2965695947376565,,0,5,5.778670128473802e-10,0,0,0,0,1,1,8.918202885352455,NO_RAW_BREAK_CROSSING,S0,UNIFORM,PROCESSED,ed590e4975289e0b0194a49a4b667b8c778f1d6bbe437533537550999816f3e1
1590,99,0,0.0,,False,True,True,99,0,0,0,0,,EMPTY_DP_REFERENCE_DENOMINATOR,,,,,,,EMPTY_DP_REFERENCE,0,0,True,1,1,0,0,0,0,9.882431692368211,,,EMPTY_OUTPUT,RAW_WINDOWS_DT30_DISTANCE400_V1,99,0,99,0.0,,0,,,,NO_COVERED_RAW_POINTS,0,5,5.799316988248642e-10,0,0,0,0,1,0,9.882431692368211,NO_RAW_BREAK_CROSSING,R0,UNIFORM,ALL_FILTERED,2ca40b1f5c5bb663a0bd07f13c9804d15c5b81439ea7b30488d4a3467eb916ea
1590,99,2,0.020202020202020204,,True,False,False,0,0,97,99,2,0.9797979797979798,,0.7717197219109614,0.38590798060145504,0.3756056667832353,0.7040883338206206,0.7108514726296543,0.7717197219109614,,99,0,True,1,0,0,99,0,0,9.882431692368211,,2.366998365145356,,RAW_WINDOWS_DT30_DISTANCE400_V1,99,99,0,1.0,,99,0.7717197219109614,0.38590798060145504,0.7108514726296543,,0,5,5.799316988248642e-10,0,0,0,0,1,1,9.882431692368211,NO_RAW_BREAK_CROSSING,S0,UNIFORM,PROCESSED,9a417366b699247f018ecb76d088b44326a6b5efc159c90d7c8355c56a708810
2840,99,0,0.0,,False,True,True,99,0,0,0,0,,EMPTY_DP_REFERENCE_DENOMINATOR,,,,,,,EMPTY_DP_REFERENCE,0,0,True,1,1,0,0,0,0,17.003565845694652,,,EMPTY_OUTPUT,RAW_WINDOWS_DT30_DISTANCE400_V1,99,0,99,0.0,,0,,,,NO_COVERED_RAW_POINTS,0,5,1.1266673762366301e-10,0,0,0,0,1,0,17.003565845694652,NO_RAW_BREAK_CROSSING,R0,UNIFORM,ALL_FILTERED,0180c4a7bb43702886190c575f257047f4367a122fb19e1666a5149f96e7af31
2840,99,2,0.020202020202020204,,True,False,False,0,0,97,99,2,0.9797979797979798,,2.877177885143271,1.1944887448927626,0.8291153574205737,2.6483771410815518,2.711418931873608,2.877177885143271,,99,0,True,1,0,0,99,0,0,17.003565845694652,,3.1178407532972265,,RAW_WINDOWS_DT30_DISTANCE400_V1,99,99,0,1.0,,99,2.877177885143271,1.1944887448927626,2.711418931873608,,0,5,1.1266673762366301e-10,0,0,0,0,1,1,17.003565845694652,NO_RAW_BREAK_CROSSING,S0,UNIFORM,PROCESSED,d8541f306647f14320cdd4deb41b705798d42ef9531197769727fac173ffac4b
1248,100,11,0.11,,True,False,False,0,14,75,86,11,0.872093023255814,,3.278374754393698,1.0473485563469165,0.777360619293591,2.495245707661227,3.054189551098564,3.2583727952499233,,86,0,True,1,0,14,6,0,0,150.57455523238158,,110.30689378700401,,RAW_WINDOWS_DT30_DISTANCE400_V1,100,100,0,1.0,,100,3.699265913628779,1.0885483199324388,3.0653475658819573,,0,5,2.553903830023153e-10,0,0,0,0,1,1,150.57455523238158,NO_RAW_BREAK_CROSSING,R0,UNIFORM,PROCESSED,e49635839d82e3e8b6b5c2fcb9e9377fb6e096ac79847639d94522dbfb9c4b41
1248,100,11,0.11,,True,False,False,0,14,75,86,11,0.872093023255814,,3.278374754393698,1.0473485563469165,0.777360619293591,2.495245707661227,3.054189551098564,3.2583727952499233,,86,0,True,1,0,14,6,0,0,150.57455523238158,,110.30689378700401,,RAW_WINDOWS_DT30_DISTANCE400_V1,100,100,0,1.0,,100,3.699265913628779,1.0885483199324388,3.0653475658819573,,0,5,2.553903830023153e-10,0,0,0,0,1,1,150.57455523238158,NO_RAW_BREAK_CROSSING,S0,UNIFORM,PROCESSED,ad3ea6e50af12770181684c28cbfa0564f0b4c64d4c5887118884edcdfe0bbd6
10861,110,48,0.43636363636363634,,True,False,False,0,11,51,99,48,0.5151515151515151,,4.154227467614681,0.9989711296289192,0.05736657255970905,3.445907020914776,3.778906549689066,4.031246902608521,,99,0,True,2,0,11,6,0,0,8337.830556312405,,8109.505041195333,,RAW_WINDOWS_DT30_DISTANCE400_V1,110,110,0,1.0,,110,78.22837163355784,2.532284685555961,7.44930454413219,,9,5,2.3232541440958346e-10,1,0,0,0,2,2,8332.177491667377,NO_RAW_BREAK_CROSSING,R0,UNIFORM,PROCESSED,3e2b1bddb27a97ae84e2ae6d86393a2483b861e4094815bfd153d11d1364e298
10861,110,48,0.43636363636363634,,True,False,False,0,11,51,99,48,0.5151515151515151,,4.154227467614681,0.9989711296289192,0.05736657255970905,3.445907020914776,3.778906549689066,4.031246902608521,,99,0,True,2,0,11,6,0,0,8337.830556312405,,8109.505041195333,,RAW_WINDOWS_DT30_DISTANCE400_V1,110,110,0,1.0,,110,78.22837163355784,2.532284685555961,7.44930454413219,,9,5,2.3232541440958346e-10,1,0,0,0,2,2,8332.177491667377,NO_RAW_BREAK_CROSSING,S0,UNIFORM,PROCESSED,bf083839891bf4b1109481c0a0c7539a81071d34729ed037109987466aed15f8
1174,101,0,0.0,,False,True,True,101,0,0,0,0,,EMPTY_DP_REFERENCE_DENOMINATOR,,,,,,,EMPTY_DP_REFERENCE,0,0,True,1,1,0,0,0,0,0.7544003670723323,,,EMPTY_OUTPUT,RAW_WINDOWS_DT30_DISTANCE400_V1,101,0,101,0.0,,0,,,,NO_COVERED_RAW_POINTS,0,5,3.048289372435274e-10,0,0,0,0,1,0,0.7544003670723323,NO_RAW_BREAK_CROSSING,R0,UNIFORM,ALL_FILTERED,d2cb890269361494d6e7522d080cf8de496da4d42bea797795f6b9b20ee79b39
1174,101,2,0.019801980198019802,,True,False,False,0,0,99,101,2,0.9801980198019802,,0.07228927878367102,0.028629417215144348,0.0,0.07228927836309564,0.07228927878367102,0.07228927878367102,,101,0,True,1,0,0,101,0,0,0.7544003670723323,,0.7311387710770242,,RAW_WINDOWS_DT30_DISTANCE400_V1,101,101,0,1.0,,101,0.07228927878367102,0.028629417215144348,0.07228927878367102,,0,5,3.048289372435274e-10,0,0,0,0,1,1,0.7544003670723323,NO_RAW_BREAK_CROSSING,S0,UNIFORM,PROCESSED,b66ad8a9adb598e7685ebd57d3756842f29b40f871ed1a4ae112bb971cddb15f
3027,100,6,0.06,,True,False,False,0,18,76,82,6,0.926829268292683,,3.4318462171264565,0.9891747972448043,0.7252556358150837,2.1000412105832353,2.3341364905738717,3.1417346223707856,,82,0,True,1,0,18,9,0,0,79.2463927642045,,48.86800150098508,,RAW_WINDOWS_DT30_DISTANCE400_V1,100,100,0,1.0,,100,3.4318462171264565,1.0474050708671871,2.3872087479665782,,0,5,2.2352069288375137e-10,0,0,0,0,1,1,79.2463927642045,NO_RAW_BREAK_CROSSING,R0,UNIFORM,PROCESSED,e2563e89f23d1ef2b6af6a0845cb91e9e887f8ecdf5cd3798e9d2af923075d3b
3027,100,6,0.06,,True,False,False,0,18,76,82,6,0.926829268292683,,3.4318462171264565,0.9891747972448043,0.7252556358150837,2.1000412105832353,2.3341364905738717,3.1417346223707856,,82,0,True,1,0,18,9,0,0,79.2463927642045,,48.86800150098508,,RAW_WINDOWS_DT30_DISTANCE400_V1,100,100,0,1.0,,100,3.4318462171264565,1.0474050708671871,2.3872087479665782,,0,5,2.2352069288375137e-10,0,0,0,0,1,1,79.2463927642045,NO_RAW_BREAK_CROSSING,S0,UNIFORM,PROCESSED,063265810c1dbe60a7ca654fdb9dc383f1ca209c9906a0cab7901da5bb49d308
10446,98,40,0.40816326530612246,,True,False,False,4,1,53,93,40,0.5698924731182795,,4.8977145312998225,0.5858491026336206,0.0,1.832062112128417,3.5114297943786057,4.567813292877844,,93,0,True,7,1,1,47,0,0,16563.00900117921,,12491.467099606143,,RAW_WINDOWS_DT30_DISTANCE400_V1,98,94,4,0.9591836734693877,,94,182.48856726400112,2.5209844022226364,3.6897953663837226,,1,5,3.853517890133687e-10,6,0,0,2,7,6,13508.14252281273,NO_RAW_BREAK_CROSSING,R0,UNIFORM,PROCESSED,76498ae52ed0aaa35a62eac6e094a1d920e0bfd218eb1b3058603a0266441ecd
10446,98,42,0.42857142857142855,,True,False,False,0,1,55,97,42,0.5670103092783505,,4.8977145312998225,0.5618528249695691,0.0,1.832062112128417,3.4779934332597544,4.553469760772538,,97,0,True,7,0,1,50,0,0,16563.00900117921,,13139.768815921876,,RAW_WINDOWS_DT30_DISTANCE400_V1,98,98,0,1.0,,98,182.48856726400112,2.4182478702658097,3.645191658584542,,1,5,3.853517890133687e-10,6,0,0,0,7,7,13508.14252281273,NO_RAW_BREAK_CROSSING,S0,UNIFORM,PROCESSED,34b2aa736d0c6657c81966d1c31b1fcd0db5594ac57e3f4c05bf13b917d14c9d
8162,101,6,0.0594059405940594,,True,False,False,0,0,95,101,6,0.9405940594059405,,1.944124984942736,0.6342449393434159,0.4424894768286543,1.4707935304712114,1.791880458276113,1.944124984942736,,101,0,True,1,0,0,97,0,0,490.1706064239191,,481.94437224428094,,RAW_WINDOWS_DT30_DISTANCE400_V1,101,101,0,1.0,,101,1.944124984942736,0.6342449393434159,1.791880458276113,,0,5,3.246021810450234e-10,0,0,0,0,1,1,490.1706064239191,NO_RAW_BREAK_CROSSING,R0,UNIFORM,PROCESSED,e731fb2e37b4b25330030f596a9fbdff3667a0c91ab35e25a692f9c640f0a7c0
8162,101,6,0.0594059405940594,,True,False,False,0,0,95,101,6,0.9405940594059405,,1.944124984942736,0.6342449393434159,0.4424894768286543,1.4707935304712114,1.791880458276113,1.944124984942736,,101,0,True,1,0,0,97,0,0,490.1706064239191,,481.94437224428094,,RAW_WINDOWS_DT30_DISTANCE400_V1,101,101,0,1.0,,101,1.944124984942736,0.6342449393434159,1.791880458276113,,0,5,3.246021810450234e-10,0,0,0,0,1,1,490.1706064239191,NO_RAW_BREAK_CROSSING,S0,UNIFORM,PROCESSED,720b5fabd4a97edf1c6523c990c675093f97bc55aaea5e9b5d5203d2308c6842
7605,99,0,0.0,,False,True,True,99,0,0,0,0,,EMPTY_DP_REFERENCE_DENOMINATOR,,,,,,,EMPTY_DP_REFERENCE,0,0,True,1,1,0,0,0,0,1.5922758078606485,,,EMPTY_OUTPUT,RAW_WINDOWS_DT30_DISTANCE400_V1,99,0,99,0.0,,0,,,,NO_COVERED_RAW_POINTS,0,5,1.5149161762753034e-10,0,0,0,0,1,0,1.5922758078606485,NO_RAW_BREAK_CROSSING,R0,UNIFORM,ALL_FILTERED,c25910a236283d4a9f5985cd7c15b576269f0572a2c2db5f61e9081a190d8b42
7605,99,2,0.020202020202020204,,True,False,False,0,0,97,99,2,0.9797979797979798,,0.2104007298986723,0.08804648205714581,0.06011449970479224,0.16230913103828387,0.2104007298986723,0.2104007298986723,,99,0,True,1,0,0,99,0,0,1.5922758078606485,,0.7021318970839172,,RAW_WINDOWS_DT30_DISTANCE400_V1,99,99,0,1.0,,99,0.2104007298986723,0.08804648205714581,0.2104007298986723,,0,5,1.5149161762753034e-10,0,0,0,0,1,1,1.5922758078606485,NO_RAW_BREAK_CROSSING,S0,UNIFORM,PROCESSED,b9175a0b3edeb9c7d6d7e0de19003a7887b3b53ce4c2e380e0382079ac87689c
6468,98,37,0.37755102040816324,,True,False,False,0,0,61,98,37,0.6224489795918368,,4.984292550259704,1.5741619681326142,0.949237868718396,4.075896578409467,4.668106787098923,4.984292550259704,,98,0,True,3,0,0,44,0,0,7966.567978703074,,6528.936869391255,,RAW_WINDOWS_DT30_DISTANCE400_V1,98,98,0,1.0,,98,4.984292550259704,1.5741619681326142,4.668106787098923,,0,5,2.3746715665652823e-10,2,0,0,0,3,3,6535.29584597141,NO_RAW_BREAK_CROSSING,R0,UNIFORM,PROCESSED,3d93c70d484fcfc2287779fec3a3b8a155a5bda3377969a985c6c8d2c53c9b03
6468,98,37,0.37755102040816324,,True,False,False,0,0,61,98,37,0.6224489795918368,,4.984292550259704,1.5741619681326142,0.949237868718396,4.075896578409467,4.668106787098923,4.984292550259704,,98,0,True,3,0,0,44,0,0,7966.567978703074,,6528.936869391255,,RAW_WINDOWS_DT30_DISTANCE400_V1,98,98,0,1.0,,98,4.984292550259704,1.5741619681326142,4.668106787098923,,0,5,2.3746715665652823e-10,2,0,0,0,3,3,6535.29584597141,NO_RAW_BREAK_CROSSING,S0,UNIFORM,PROCESSED,e3aaa4e40e4b418c91b3987c82ec99b134c06ff85f3becdb0a622951aa09f0a2
10807,98,0,0.0,,False,True,True,98,0,0,0,0,,EMPTY_DP_REFERENCE_DENOMINATOR,,,,,,,EMPTY_DP_REFERENCE,0,0,True,1,1,0,0,0,0,21.174368331976957,,,EMPTY_OUTPUT,RAW_WINDOWS_DT30_DISTANCE400_V1,98,0,98,0.0,,0,,,,NO_COVERED_RAW_POINTS,0,5,3.1555633755578973e-10,0,0,0,0,1,0,21.174368331976957,NO_RAW_BREAK_CROSSING,R0,UNIFORM,ALL_FILTERED,0bb27bfcc72c0873b12673d1f1dcc0a19f0376f7442539c4ca7f00c159f5a6e6
10807,98,3,0.030612244897959183,,True,False,False,0,0,95,98,3,0.9693877551020408,,0.0,0.0,0.0,0.0,0.0,0.0,,98,0,True,1,0,0,98,0,0,21.174368331976957,,21.174368331976957,,RAW_WINDOWS_DT30_DISTANCE400_V1,98,98,0,1.0,,98,0.0,0.0,0.0,,0,5,3.1555633755578973e-10,0,0,0,0,1,1,21.174368331976957,NO_RAW_BREAK_CROSSING,S0,UNIFORM,PROCESSED,6d8c0d88e6bc5c6f2d521c84ef91ae8836eb5a8c0a32bf6b9e63682bb25c0304
7078,97,0,0.0,,False,True,True,97,0,0,0,0,,EMPTY_DP_REFERENCE_DENOMINATOR,,,,,,,EMPTY_DP_REFERENCE,0,0,True,2,2,0,0,0,0,0.0,,,EMPTY_OUTPUT,RAW_WINDOWS_DT30_DISTANCE400_V1,97,0,97,0.0,,0,,,,NO_COVERED_RAW_POINTS,0,5,3.366845158210964e-10,1,0,0,2,2,0,0.0,NO_RAW_BREAK_CROSSING,R0,UNIFORM,ALL_FILTERED,dc0605eec2b34f712091520d19a3adb9835883e7f2cf26795e54e603441794b7
7078,97,4,0.041237113402061855,,True,False,False,0,0,93,97,4,0.9587628865979382,,0.0,0.0,0.0,0.0,0.0,0.0,,97,0,True,2,0,0,97,0,0,0.0,,0.0,,RAW_WINDOWS_DT30_DISTANCE400_V1,97,97,0,1.0,,97,0.0,0.0,0.0,,0,5,3.366845158210964e-10,1,0,0,0,2,2,0.0,NO_RAW_BREAK_CROSSING,S0,UNIFORM,PROCESSED,19541a7b0999e2ca82d358abfe3fc1b6d8d7e1e364b0fea486ba02efe076abe1
3619,99,0,0.0,,False,True,True,99,0,0,0,0,,EMPTY_DP_REFERENCE_DENOMINATOR,,,,,,,EMPTY_DP_REFERENCE,0,0,True,1,1,0,0,0,0,8.721321243608097,,,EMPTY_OUTPUT,RAW_WINDOWS_DT30_DISTANCE400_V1,99,0,99,0.0,,0,,,,NO_COVERED_RAW_POINTS,0,5,1.323914818657821e-10,0,0,0,0,1,0,8.721321243608097,NO_RAW_BREAK_CROSSING,R0,UNIFORM,ALL_FILTERED,71a447287a0694b86c4566e327b48d768a8d9a4a3d34afbb2228e816ee5d3e85
3619,99,2,0.020202020202020204,,True,False,False,0,0,97,99,2,0.9797979797979798,,1.501097494910047,0.7590427160885967,0.713021310876038,1.3772569276233668,1.4166607160963562,1.501097494910047,,99,0,True,1,0,0,99,0,0,8.721321243608097,,3.374924887326471,,RAW_WINDOWS_DT30_DISTANCE400_V1,99,99,0,1.0,,99,1.501097494910047,0.7590427160885967,1.4166607160963562,,0,5,1.323914818657821e-10,0,0,0,0,1,1,8.721321243608097,NO_RAW_BREAK_CROSSING,S0,UNIFORM,PROCESSED,0be92824eb094e73ccc22aa19f9fbac53b44e6cd2fddcf7f21c39bf8cde88e6e
6560,100,16,0.16,,True,False,False,0,15,69,85,16,0.8117647058823529,,4.819177181337102,1.446610437664459,1.1185359095695397,3.6677005298010763,4.241703651062859,4.819177181337102,,85,0,True,1,0,15,60,0,0,360.9563625992889,,248.41340860369593,,RAW_WINDOWS_DT30_DISTANCE400_V1,100,100,0,1.0,,100,5.6253767031733615,1.6199316293906316,4.5003587799085105,,3,5,2.903495868818804e-10,0,0,0,0,1,1,360.9563625992889,NO_RAW_BREAK_CROSSING,R0,UNIFORM,PROCESSED,9870607ff5d2149d10d2c8e224aa7c74f9de3d59d074ad93d3184386b1ab474d
6560,100,16,0.16,,True,False,False,0,15,69,85,16,0.8117647058823529,,4.819177181337102,1.446610437664459,1.1185359095695397,3.6677005298010763,4.241703651062859,4.819177181337102,,85,0,True,1,0,15,60,0,0,360.9563625992889,,248.41340860369593,,RAW_WINDOWS_DT30_DISTANCE400_V1,100,100,0,1.0,,100,5.6253767031733615,1.6199316293906316,4.5003587799085105,,3,5,2.903495868818804e-10,0,0,0,0,1,1,360.9563625992889,NO_RAW_BREAK_CROSSING,S0,UNIFORM,PROCESSED,016cdbe71af07b482d66a0d4a0ad5848f20c6e19a88d2868417b9c554a138d19
4281,100,0,0.0,,False,True,True,100,0,0,0,0,,EMPTY_DP_REFERENCE_DENOMINATOR,,,,,,,EMPTY_DP_REFERENCE,0,0,True,1,1,0,0,0,0,43.658475897999296,,,EMPTY_OUTPUT,RAW_WINDOWS_DT30_DISTANCE400_V1,100,0,100,0.0,,0,,,,NO_COVERED_RAW_POINTS,0,5,4.5075360960541187e-10,0,0,0,0,1,0,43.658475897999296,NO_RAW_BREAK_CROSSING,R0,UNIFORM,ALL_FILTERED,81a6ac0eda930db42c1804e6fd79783b40ff62b9488d6ca155566fd0663fe611
4281,100,4,0.04,,True,False,False,0,9,87,91,4,0.9560439560439561,,4.85227893472598,1.7790722978743545,1.2893588660168471,4.428907442686493,4.602792086524367,4.782999936209603,,91,0,True,1,0,9,19,0,0,43.658475897999296,,21.805965399840794,,RAW_WINDOWS_DT30_DISTANCE400_V1,100,100,0,1.0,,100,4.85227893472598,1.7264570591627655,4.584853807551519,,0,5,4.5075360960541187e-10,0,0,0,0,1,1,43.658475897999296,NO_RAW_BREAK_CROSSING,S0,UNIFORM,PROCESSED,91203696bed47f87591e704001c65ebb74c913a84dbf0f9e3ca8865555e79eed
10727,99,0,0.0,,False,True,True,99,0,0,0,0,,EMPTY_DP_REFERENCE_DENOMINATOR,,,,,,,EMPTY_DP_REFERENCE,0,0,True,1,1,0,0,0,0,2.397647184443503,,,EMPTY_OUTPUT,RAW_WINDOWS_DT30_DISTANCE400_V1,99,0,99,0.0,,0,,,,NO_COVERED_RAW_POINTS,0,5,1.9716327733704934e-10,0,0,0,0,1,0,2.397647184443503,NO_RAW_BREAK_CROSSING,R0,UNIFORM,ALL_FILTERED,d2748665f0785a11830825b15e53a583cb9d096e06b9c7cb1e324d1f7c77fd67
10727,99,2,0.020202020202020204,,True,False,False,0,0,97,99,2,0.9797979797979798,,0.5806443885512286,0.2878472562771009,0.3611105511705186,0.5806443885512286,0.5806443885512286,0.5806443885512286,,99,0,True,1,0,0,99,0,0,2.397647184443503,,0.146128857122091,,RAW_WINDOWS_DT30_DISTANCE400_V1,99,99,0,1.0,,99,0.5806443885512286,0.2878472562771009,0.5806443885512286,,0,5,1.9716327733704934e-10,0,0,0,0,1,1,2.397647184443503,NO_RAW_BREAK_CROSSING,S0,UNIFORM,PROCESSED,b145c931b28c696be0cf4d7d9fc8506e5652eb63eba314484ff2d30ee754568b
6882,107,30,0.2803738317757009,,True,False,False,1,0,76,106,30,0.7169811320754718,,4.788312730854688,1.182339605891966,0.6327070306526984,3.7551578045173253,4.561534408900483,4.665200504513041,,106,0,True,2,1,0,38,0,0,11039.677601702315,,10542.577331276294,,RAW_WINDOWS_DT30_DISTANCE400_V1,107,106,1,0.9906542056074766,,106,4.788312730854688,1.182339605891966,4.561534408900483,,0,5,4.623749469653184e-10,1,0,0,1,2,1,10555.727036842427,NO_RAW_BREAK_CROSSING,R0,UNIFORM,PROCESSED,f0feb951a33520c1e695659edb1268e08404f316bcd9317b6c121fdbadc3805f
6882,107,30,0.2803738317757009,,True,False,False,1,0,76,106,30,0.7169811320754718,,4.788312730854688,1.182339605891966,0.6327070306526984,3.7551578045173253,4.561534408900483,4.665200504513041,,106,0,True,2,1,0,38,0,0,11039.677601702315,,10542.577331276294,,RAW_WINDOWS_DT30_DISTANCE400_V1,107,106,1,0.9906542056074766,,106,4.788312730854688,1.182339605891966,4.561534408900483,,0,5,4.623749469653184e-10,1,0,0,1,2,1,10555.727036842427,NO_RAW_BREAK_CROSSING,S0,UNIFORM,PROCESSED,4fdea09590825ce94e8ad00909be392e053e1ac3c36664dfca2885d62501e4b6
320,100,0,0.0,,False,True,True,100,0,0,0,0,,EMPTY_DP_REFERENCE_DENOMINATOR,,,,,,,EMPTY_DP_REFERENCE,0,0,True,2,2,0,0,0,0,44.45178206138978,,,EMPTY_OUTPUT,RAW_WINDOWS_DT30_DISTANCE400_V1,100,0,100,0.0,,0,,,,NO_COVERED_RAW_POINTS,0,5,5.188687669740484e-10,1,0,0,2,2,0,44.45178206138978,NO_RAW_BREAK_CROSSING,R0,UNIFORM,ALL_FILTERED,3be3f866320a74d80df5193ef5ddc7b8cf06bcca5ede4e575049309cc3477bd0
320,100,4,0.04,,True,False,False,0,0,96,100,4,0.96,,4.931262396140401,1.2769769646637676,1.082194459797766,3.3433810858067914,4.54604763365012,4.931262396140401,,100,0,True,2,0,0,100,0,0,44.45178206138978,,17.904122599445305,,RAW_WINDOWS_DT30_DISTANCE400_V1,100,100,0,1.0,,100,4.931262396140401,1.2769769646637676,4.54604763365012,,0,5,5.188687669740484e-10,1,0,0,0,2,2,44.45178206138978,NO_RAW_BREAK_CROSSING,S0,UNIFORM,PROCESSED,fac2dc2eef1a565276d1bcfbe57c6fbdf6958894a09c8b88e04f80ab573af714
5743,99,9,0.09090909090909091,,True,False,False,0,10,80,89,9,0.898876404494382,,4.640456869722938,1.087918935350742,0.6508710216962798,2.6471967791982562,3.00160121889271,4.522178598303435,,89,0,True,1,0,10,60,0,0,455.18728352079637,,292.9604624928179,,RAW_WINDOWS_DT30_DISTANCE400_V1,99,99,0,1.0,,99,8.093582374390538,1.2213848394965017,4.506049743109865,,2,5,2.984042229930799e-10,0,0,0,0,1,1,455.18728352079637,NO_RAW_BREAK_CROSSING,R0,UNIFORM,PROCESSED,e3489846e3db10c1901fa0aa60a7b1e00c53c10b111b024132671c4b4b7ebfd9
5743,99,9,0.09090909090909091,,True,False,False,0,10,80,89,9,0.898876404494382,,4.640456869722938,1.087918935350742,0.6508710216962798,2.6471967791982562,3.00160121889271,4.522178598303435,,89,0,True,1,0,10,60,0,0,455.18728352079637,,292.9604624928179,,RAW_WINDOWS_DT30_DISTANCE400_V1,99,99,0,1.0,,99,8.093582374390538,1.2213848394965017,4.506049743109865,,2,5,2.984042229930799e-10,0,0,0,0,1,1,455.18728352079637,NO_RAW_BREAK_CROSSING,S0,UNIFORM,PROCESSED,f435900f6694917741b31b4e98bed1e80b72df57afd09c9b6afd68273b9ffb1d
6672,98,0,0.0,,False,True,True,98,0,0,0,0,,EMPTY_DP_REFERENCE_DENOMINATOR,,,,,,,EMPTY_DP_REFERENCE,0,0,True,1,1,0,0,0,0,1.4468324903381873,,,EMPTY_OUTPUT,RAW_WINDOWS_DT30_DISTANCE400_V1,98,0,98,0.0,,0,,,,NO_COVERED_RAW_POINTS,0,5,2.6106954324237106e-10,0,0,0,0,1,0,1.4468324903381873,NO_RAW_BREAK_CROSSING,R0,UNIFORM,ALL_FILTERED,e1d990afb7807e75c14dca3b6fe20ff37c90e171a4ab8d7f3d10ceac09c376e0
6672,98,2,0.02040816326530612,,True,False,False,0,0,96,98,2,0.9795918367346939,,0.5807140576005122,0.34148828497795897,0.4406703534319666,0.5418059690350443,0.5807140576005122,0.5807140576005122,,98,0,True,1,0,0,98,0,0,1.4468324903381873,,0.09520280376817292,,RAW_WINDOWS_DT30_DISTANCE400_V1,98,98,0,1.0,,98,0.5807140576005122,0.34148828497795897,0.5807140576005122,,0,5,2.6106954324237106e-10,0,0,0,0,1,1,1.4468324903381873,NO_RAW_BREAK_CROSSING,S0,UNIFORM,PROCESSED,dc4a8d303dd18d22ccfbc78507601c82263d1614ad582d9d42a9ebbe29c060c6
7924,100,0,0.0,,False,True,True,100,0,0,0,0,,EMPTY_DP_REFERENCE_DENOMINATOR,,,,,,,EMPTY_DP_REFERENCE,0,0,True,1,1,0,0,0,0,3.5190790035104134,,,EMPTY_OUTPUT,RAW_WINDOWS_DT30_DISTANCE400_V1,100,0,100,0.0,,0,,,,NO_COVERED_RAW_POINTS,0,5,1.4698428208910286e-10,0,0,0,0,1,0,3.5190790035104134,NO_RAW_BREAK_CROSSING,R0,UNIFORM,ALL_FILTERED,07e7ab5fadcabb054cfe9555872e74643d964062d3c625d3d713674e9218d3ad
7924,100,2,0.02,,True,False,False,0,0,98,100,2,0.98,,0.4360276570114058,0.2525326580128305,0.24526552066065688,0.4360276305514033,0.4360276570114058,0.4360276570114058,,100,0,True,1,0,0,100,0,0,3.5190790035104134,,2.900525888790263,,RAW_WINDOWS_DT30_DISTANCE400_V1,100,100,0,1.0,,100,0.4360276570114058,0.2525326580128305,0.4360276570114058,,0,5,1.4698428208910286e-10,0,0,0,0,1,1,3.5190790035104134,NO_RAW_BREAK_CROSSING,S0,UNIFORM,PROCESSED,5c68257ce94f6770ed2b192580138d461d5926c00d477c8a5f7c18b49c98dc5c
2126,100,17,0.17,,True,False,False,0,23,60,77,17,0.7792207792207793,,4.8624556055040316,1.1337357923327864,0.7188193219417414,3.051699857530391,3.763164150955169,4.564048798191672,,77,0,True,1,0,23,6,0,0,305.94054573522186,,262.4633738987732,,RAW_WINDOWS_DT30_DISTANCE400_V1,100,100,0,1.0,,100,4.8624556055040316,1.2424791387351655,3.7193338573185684,,0,5,1.734752593834476e-10,0,0,0,0,1,1,305.94054573522186,NO_RAW_BREAK_CROSSING,R0,UNIFORM,PROCESSED,e71b51fabbcdaf788656d55deedfdff6dc9aff0862045f26cd83307a4a8bc782
2126,100,17,0.17,,True,False,False,0,23,60,77,17,0.7792207792207793,,4.8624556055040316,1.1337357923327864,0.7188193219417414,3.051699857530391,3.763164150955169,4.564048798191672,,77,0,True,1,0,23,6,0,0,305.94054573522186,,262.4633738987732,,RAW_WINDOWS_DT30_DISTANCE400_V1,100,100,0,1.0,,100,4.8624556055040316,1.2424791387351655,3.7193338573185684,,0,5,1.734752593834476e-10,0,0,0,0,1,1,305.94054573522186,NO_RAW_BREAK_CROSSING,S0,UNIFORM,PROCESSED,505dfc66afbd5aaef47ea1f9492e74b6c29775b7c92aec42a2d74d1cfbd2ce28
9866,99,0,0.0,,False,True,True,99,0,0,0,0,,EMPTY_DP_REFERENCE_DENOMINATOR,,,,,,,EMPTY_DP_REFERENCE,0,0,True,1,1,0,0,0,0,33.71533038218781,,,EMPTY_OUTPUT,RAW_WINDOWS_DT30_DISTANCE400_V1,99,0,99,0.0,,0,,,,NO_COVERED_RAW_POINTS,0,5,1.840693945307129e-10,0,0,0,0,1,0,33.71533038218781,NO_RAW_BREAK_CROSSING,R0,UNIFORM,ALL_FILTERED,c5614b469706a049bd07130f920a693b271157cc50b45b78c019f4a741cc41a8
9866,99,2,0.020202020202020204,,True,False,False,0,2,95,97,2,0.979381443298969,,2.7198016531458507,1.285599757213295,1.4478420146472326,2.6220623745897322,2.6681848854365118,2.7198016531458507,,97,0,True,1,0,2,97,0,0,33.71533038218781,,21.258879516882743,,RAW_WINDOWS_DT30_DISTANCE400_V1,99,99,0,1.0,,99,3.250852750782953,1.3023912021173611,2.7198016531458507,,0,5,1.840693945307129e-10,0,0,0,0,1,1,33.71533038218781,NO_RAW_BREAK_CROSSING,S0,UNIFORM,PROCESSED,a7b3ec7a597d64f6149b8aab58b42fae8d8ad771a911ca45fb9b884078952d61
4330,58,2,0.034482758620689655,,True,False,False,50,0,6,8,2,0.75,,0.0,0.0,0.0,0.0,0.0,0.0,,8,0,True,13,12,0,8,0,0,188.30283940418738,,66.6728524759877,,RAW_WINDOWS_DT30_DISTANCE400_V1,58,8,50,0.13793103448275862,,8,0.0,0.0,0.0,,0,5,2.571468838128436e-10,12,0,0,21,13,1,128.52798373024766,NO_RAW_BREAK_CROSSING,R0,UNIFORM,PROCESSED,894584c00587372242c22ede1134e70a98ba2fa50a071c07432c71e26ed813fa
4330,58,22,0.3793103448275862,,True,False,False,2,0,34,56,22,0.6071428571428572,,0.0,0.0,0.0,0.0,0.0,0.0,,56,0,True,13,2,0,56,0,0,188.30283940418738,,128.52798373024766,,RAW_WINDOWS_DT30_DISTANCE400_V1,58,56,2,0.9655172413793104,,56,0.0,0.0,0.0,,0,5,2.571468838128436e-10,12,0,0,2,13,11,128.52798373024766,NO_RAW_BREAK_CROSSING,S0,UNIFORM,PROCESSED,c100ee238515b40676abd927e50fdf3af1923bb9bbb1f22ef745b6891ed17f9f
9757,98,0,0.0,,False,True,True,98,0,0,0,0,,EMPTY_DP_REFERENCE_DENOMINATOR,,,,,,,EMPTY_DP_REFERENCE,0,0,True,2,2,0,0,0,0,24.50196692303993,,,EMPTY_OUTPUT,RAW_WINDOWS_DT30_DISTANCE400_V1,98,0,98,0.0,,0,,,,NO_COVERED_RAW_POINTS,0,5,2.448100834212618e-10,1,0,0,2,2,0,19.295318439451297,NO_RAW_BREAK_CROSSING,R0,UNIFORM,ALL_FILTERED,bd2dea29043fe194167aaa53ef7df1aa5dc084367d7009dd2920b728495500a8
9757,98,4,0.04081632653061224,,True,False,False,0,0,94,98,4,0.9591836734693877,,3.45630649610522,1.8844688826469025,2.1096077047579542,3.4284438439232683,3.45630649610522,3.45630649610522,,98,0,True,2,0,0,98,0,0,24.50196692303993,,15.387561739853139,,RAW_WINDOWS_DT30_DISTANCE400_V1,98,98,0,1.0,,98,3.45630649610522,1.8844688826469025,3.45630649610522,,0,5,2.448100834212618e-10,1,0,0,0,2,2,19.295318439451297,NO_RAW_BREAK_CROSSING,S0,UNIFORM,PROCESSED,1ebe4d47f75b836b6d66ae8cc370de2c392c12c8682f53b23251f361e8b2eb19
3134,98,0,0.0,,False,True,True,98,0,0,0,0,,EMPTY_DP_REFERENCE_DENOMINATOR,,,,,,,EMPTY_DP_REFERENCE,0,0,True,1,1,0,0,0,0,13.51108826409801,,,EMPTY_OUTPUT,RAW_WINDOWS_DT30_DISTANCE400_V1,98,0,98,0.0,,0,,,,NO_COVERED_RAW_POINTS,0,5,1.0558681764729376e-10,0,0,0,0,1,0,13.51108826409801,NO_RAW_BREAK_CROSSING,R0,UNIFORM,ALL_FILTERED,d9e102bd812162e606458ca47ba393204724f9c03d886cc4c13871596aaa18ff
3134,98,2,0.02040816326530612,,True,False,False,0,0,96,98,2,0.9795918367346939,,1.4612478806332783,0.4209915624271294,0.32558254098588046,0.9584257334138265,1.0673811935319752,1.4612478806332783,,98,0,True,1,0,0,98,0,0,13.51108826409801,,1.620641092527137,,RAW_WINDOWS_DT30_DISTANCE400_V1,98,98,0,1.0,,98,1.4612478806332783,0.4209915624271294,1.0673811935319752,,0,5,1.0558681764729376e-10,0,0,0,0,1,1,13.51108826409801,NO_RAW_BREAK_CROSSING,S0,UNIFORM,PROCESSED,39b28425545295bf37fb3ee1cec7ff38d725e2a0ececc4749eb96321cc0cdb99
6645,97,23,0.23711340206185566,,True,False,False,20,1,53,76,23,0.6973684210526316,,4.911209415895964,0.829301622402497,0.05551135778664082,3.023959144275615,3.8681952715037715,4.603114774717042,,76,0,True,3,1,1,34,0,0,6154.834265541786,,4427.427622854666,,RAW_WINDOWS_DT30_DISTANCE400_V1,97,77,20,0.7938144329896907,,77,17.71763280407608,1.0486305987878681,3.9369384402941936,,1,5,3.234823223109901e-10,2,0,0,1,3,2,4460.987818897318,NO_RAW_BREAK_CROSSING,R0,UNIFORM,PROCESSED,05d70a26ad92cc17d83126a2428284f83495a9f4a83a006cb3720728d3ca9e18
6645,97,25,0.25773195876288657,,True,False,False,0,3,69,94,25,0.7340425531914894,,4.911209415895964,0.675324739953851,0.0,2.498584131768707,3.680477447377569,4.529172060834098,,94,0,True,3,0,3,52,0,0,6154.834265541786,,4432.550020186949,,RAW_WINDOWS_DT30_DISTANCE400_V1,97,97,0,1.0,,97,17.71763280407608,0.9624314275128119,4.1793103100974,,3,5,3.234823223109901e-10,2,0,0,0,3,3,4460.987818897318,NO_RAW_BREAK_CROSSING,S0,UNIFORM,PROCESSED,f44a74180def24c91f1ed325bb3948c866dce1e5c14c50329c5b5c4eec6151b9
154,172,66,0.38372093023255816,,True,False,False,0,29,77,143,66,0.5384615384615384,,4.643251615196107,1.03089246632186,0.15701579906936236,3.3875216176289893,4.045293539028109,4.579261295178695,,143,0,True,1,0,29,30,0,0,7459.4623591262725,,7329.768711285698,,RAW_WINDOWS_DT30_DISTANCE400_V1,172,172,0,1.0,,172,34.596882006286656,2.307379494027142,9.536331610810162,,17,5,2.379448758293046e-10,0,0,0,0,1,1,7459.4623591262725,NO_RAW_BREAK_CROSSING,R0,UNIFORM,PROCESSED,a317ce4619e3c5cd232003620c3d00912374ff9084a183f2013d4de452d674ee
154,172,66,0.38372093023255816,,True,False,False,0,29,77,143,66,0.5384615384615384,,4.643251615196107,1.03089246632186,0.15701579906936236,3.3875216176289893,4.045293539028109,4.579261295178695,,143,0,True,1,0,29,30,0,0,7459.4623591262725,,7329.768711285698,,RAW_WINDOWS_DT30_DISTANCE400_V1,172,172,0,1.0,,172,34.596882006286656,2.307379494027142,9.536331610810162,,17,5,2.379448758293046e-10,0,0,0,0,1,1,7459.4623591262725,NO_RAW_BREAK_CROSSING,S0,UNIFORM,PROCESSED,9ca43578351923e54b634bcf3c2d1e627ba65f2ae7d85714263cad6dd356ad1c
4056,98,0,0.0,,False,True,True,98,0,0,0,0,,EMPTY_DP_REFERENCE_DENOMINATOR,,,,,,,EMPTY_DP_REFERENCE,0,0,True,1,1,0,0,0,0,12.49192195209384,,,EMPTY_OUTPUT,RAW_WINDOWS_DT30_DISTANCE400_V1,98,0,98,0.0,,0,,,,NO_COVERED_RAW_POINTS,0,5,5.24037898947407e-10,0,0,0,0,1,0,12.49192195209384,NO_RAW_BREAK_CROSSING,R0,UNIFORM,ALL_FILTERED,464f2e5e5a089e2c0104962f80a2f849350c4d1dac9863fe7f888a14248a46eb
4056,98,2,0.02040816326530612,,True,False,False,0,0,96,98,2,0.9795918367346939,,0.7441334331435663,0.45103587739664136,0.5553776663605852,0.6704462344745057,0.7441334331435663,0.7441334331435663,,98,0,True,1,0,0,98,0,0,12.49192195209384,,11.66500001841562,,RAW_WINDOWS_DT30_DISTANCE400_V1,98,98,0,1.0,,98,0.7441334331435663,0.45103587739664136,0.7441334331435663,,0,5,5.24037898947407e-10,0,0,0,0,1,1,12.49192195209384,NO_RAW_BREAK_CROSSING,S0,UNIFORM,PROCESSED,beecfe9cfc3792e9dccce4a74a485b1acd2583c030ed2f9293de81a12dc9db90
7499,100,0,0.0,,False,True,True,100,0,0,0,0,,EMPTY_DP_REFERENCE_DENOMINATOR,,,,,,,EMPTY_DP_REFERENCE,0,0,True,1,1,0,0,0,0,13.143606530359307,,,EMPTY_OUTPUT,RAW_WINDOWS_DT30_DISTANCE400_V1,100,0,100,0.0,,0,,,,NO_COVERED_RAW_POINTS,0,5,2.7515865925749604e-10,0,0,0,0,1,0,13.143606530359307,NO_RAW_BREAK_CROSSING,R0,UNIFORM,ALL_FILTERED,7310bd09a785f5b2010f505733fc39ff9544df0e098628f2b04221b0bf5d17e0
7499,100,2,0.02,,True,False,False,0,0,98,100,2,0.98,,1.6895568418135078,0.9421338982092933,1.0380153044382725,1.5830835430403876,1.6895568418135078,1.6895568418135078,,100,0,True,1,0,0,100,0,0,13.143606530359307,,3.4705856414080767,,RAW_WINDOWS_DT30_DISTANCE400_V1,100,100,0,1.0,,100,1.6895568418135078,0.9421338982092933,1.6895568418135078,,0,5,2.7515865925749604e-10,0,0,0,0,1,1,13.143606530359307,NO_RAW_BREAK_CROSSING,S0,UNIFORM,PROCESSED,67a4ad9ce183cc16e96b35d3fa9a019913c7a9f3a30a6fb97a625041ede10b96
6933,116,47,0.4051724137931034,,True,False,False,0,1,68,115,47,0.5913043478260869,,4.306664416873604,0.9691676077283741,0.5153552000539575,2.9377325190617136,3.4120477012522117,4.17142407013734,,115,0,True,1,0,1,33,0,0,8380.840728634083,,8344.675344141064,,RAW_WINDOWS_DT30_DISTANCE400_V1,116,116,0,1.0,,116,61.61693164633225,1.491993159785304,3.419503019611232,,1,5,2.971279998633584e-10,0,0,0,0,1,1,8380.840728634083,NO_RAW_BREAK_CROSSING,R0,UNIFORM,PROCESSED,00517e2dbb9d4ad7c3bb840546a35f45a873fa7920d8b9526a1c390778a93fa9
6933,116,47,0.4051724137931034,,True,False,False,0,1,68,115,47,0.5913043478260869,,4.306664416873604,0.9691676077283741,0.5153552000539575,2.9377325190617136,3.4120477012522117,4.17142407013734,,115,0,True,1,0,1,33,0,0,8380.840728634083,,8344.675344141064,,RAW_WINDOWS_DT30_DISTANCE400_V1,116,116,0,1.0,,116,61.61693164633225,1.491993159785304,3.419503019611232,,1,5,2.971279998633584e-10,0,0,0,0,1,1,8380.840728634083,NO_RAW_BREAK_CROSSING,S0,UNIFORM,PROCESSED,3ae0bbce43900da8e5eee573f0ba539588af8185f6d4e6d50f54f48d571f011e
8463,100,0,0.0,,False,True,True,100,0,0,0,0,,EMPTY_DP_REFERENCE_DENOMINATOR,,,,,,,EMPTY_DP_REFERENCE,0,0,True,1,1,0,0,0,0,33.56438521829852,,,EMPTY_OUTPUT,RAW_WINDOWS_DT30_DISTANCE400_V1,100,0,100,0.0,,0,,,,NO_COVERED_RAW_POINTS,0,5,2.5764512317440746e-10,0,0,0,0,1,0,33.56438521829852,NO_RAW_BREAK_CROSSING,R0,UNIFORM,ALL_FILTERED,f14e0370cf688085ba8d03703ba7366881301816818fe555ce47d6245a2b6837
8463,100,3,0.03,,True,False,False,0,0,97,100,3,0.97,,3.6874722939365183,1.1331792400222367,0.6958917245185482,2.7787659120198462,3.102324134377685,3.6874722939365183,,100,0,True,1,0,0,100,0,0,33.56438521829852,,23.58619533943007,,RAW_WINDOWS_DT30_DISTANCE400_V1,100,100,0,1.0,,100,3.6874722939365183,1.1331792400222367,3.102324134377685,,0,5,2.5764512317440746e-10,0,0,0,0,1,1,33.56438521829852,NO_RAW_BREAK_CROSSING,S0,UNIFORM,PROCESSED,a132713ede1cf8837f37fc82a1e265c0c01b52f5017004f3c2da3701ab46a26b
9405,101,8,0.07920792079207921,,True,False,False,0,1,92,100,8,0.92,,4.932566578282005,0.4189334972115536,0.11567923604691478,1.0229372524378748,2.5049185288595486,4.440076988529918,,100,0,True,1,0,1,88,0,0,1193.203172354896,,1176.1021027523905,,RAW_WINDOWS_DT30_DISTANCE400_V1,101,101,0,1.0,,101,9.581452992978173,0.509651512021124,2.7598944469171642,,1,5,8.594652585555217e-11,0,0,0,0,1,1,1193.203172354896,NO_RAW_BREAK_CROSSING,R0,UNIFORM,PROCESSED,c9bab5602dc3238cfb7548e7ceb648bdf15afc33b26bc4721c6117b0b2315842
9405,101,8,0.07920792079207921,,True,False,False,0,1,92,100,8,0.92,,4.932566578282005,0.4189334972115536,0.11567923604691478,1.0229372524378748,2.5049185288595486,4.440076988529918,,100,0,True,1,0,1,88,0,0,1193.203172354896,,1176.1021027523905,,RAW_WINDOWS_DT30_DISTANCE400_V1,101,101,0,1.0,,101,9.581452992978173,0.509651512021124,2.7598944469171642,,1,5,8.594652585555217e-11,0,0,0,0,1,1,1193.203172354896,NO_RAW_BREAK_CROSSING,S0,UNIFORM,PROCESSED,7dc317a7f3cfc8ecb21fcf6904a7230ca1138f50d28317c52834269cb653ba45
2723,100,3,0.03,,True,False,False,0,10,87,90,3,0.9666666666666667,,4.433868006067965,1.5751611883673746,1.4165504650344778,3.3121029945283658,4.027324078330035,4.354718204957668,,90,0,True,1,0,10,18,0,0,86.38027221445466,,29.346213587580586,,RAW_WINDOWS_DT30_DISTANCE400_V1,100,100,0,1.0,,100,4.497389648645884,1.6714993469860988,4.207727297376001,,0,5,3.7905953692456094e-10,0,0,0,0,1,1,86.38027221445466,NO_RAW_BREAK_CROSSING,R0,UNIFORM,PROCESSED,a661e0c31ec840c6e2c5bc5f8a371202f1dbe2a1e6cf6d81410ba4054fa6e609
2723,100,3,0.03,,True,False,False,0,10,87,90,3,0.9666666666666667,,4.433868006067965,1.5751611883673746,1.4165504650344778,3.3121029945283658,4.027324078330035,4.354718204957668,,90,0,True,1,0,10,18,0,0,86.38027221445466,,29.346213587580586,,RAW_WINDOWS_DT30_DISTANCE400_V1,100,100,0,1.0,,100,4.497389648645884,1.6714993469860988,4.207727297376001,,0,5,3.7905953692456094e-10,0,0,0,0,1,1,86.38027221445466,NO_RAW_BREAK_CROSSING,S0,UNIFORM,PROCESSED,8a76f08329cffe31740fab297173369063c4862f7911151912a80a1d4f2a841f
216,100,0,0.0,,False,True,True,100,0,0,0,0,,EMPTY_DP_REFERENCE_DENOMINATOR,,,,,,,EMPTY_DP_REFERENCE,0,0,True,1,1,0,0,0,0,8.342508608661728,,,EMPTY_OUTPUT,RAW_WINDOWS_DT30_DISTANCE400_V1,100,0,100,0.0,,0,,,,NO_COVERED_RAW_POINTS,0,5,2.800031086595616e-10,0,0,0,0,1,0,8.342508608661728,NO_RAW_BREAK_CROSSING,R0,UNIFORM,ALL_FILTERED,3226f815343b98b4aeaa12a0997d7546ef30c44aa06bc9ef975d5d0004c8ccab
216,100,2,0.02,,True,False,False,0,0,98,100,2,0.98,,0.2858858399704803,0.12961006324184166,0.1339687110404123,0.2581949762591579,0.2858858399704803,0.2858858399704803,,100,0,True,1,0,0,100,0,0,8.342508608661728,,8.244107852489293,,RAW_WINDOWS_DT30_DISTANCE400_V1,100,100,0,1.0,,100,0.2858858399704803,0.12961006324184166,0.2858858399704803,,0,5,2.800031086595616e-10,0,0,0,0,1,1,8.342508608661728,NO_RAW_BREAK_CROSSING,S0,UNIFORM,PROCESSED,7c4955af66ea603d200504c2413ef23c77e6333063f63f9daa540926a5cc69b4
4218,99,3,0.030303030303030304,,True,False,False,0,3,93,96,3,0.96875,,4.756640108883773,2.6562897289907164,2.578086412923183,4.648148237510137,4.756640108883773,4.756640108883773,,96,0,True,1,0,3,96,0,0,236.61874459421475,,139.33147572840363,,RAW_WINDOWS_DT30_DISTANCE400_V1,99,99,0,1.0,,99,16.3081281673019,2.896901184983533,4.756640108883773,,3,5,2.6234673523456615e-10,0,0,0,0,1,1,236.61874459421475,NO_RAW_BREAK_CROSSING,R0,UNIFORM,PROCESSED,1a5b8fb5975d2301bf72d19420f4632bac469fb1ec00da209c1c42829d11d596
4218,99,3,0.030303030303030304,,True,False,False,0,3,93,96,3,0.96875,,4.756640108883773,2.6562897289907164,2.578086412923183,4.648148237510137,4.756640108883773,4.756640108883773,,96,0,True,1,0,3,96,0,0,236.61874459421475,,139.33147572840363,,RAW_WINDOWS_DT30_DISTANCE400_V1,99,99,0,1.0,,99,16.3081281673019,2.896901184983533,4.756640108883773,,3,5,2.6234673523456615e-10,0,0,0,0,1,1,236.61874459421475,NO_RAW_BREAK_CROSSING,S0,UNIFORM,PROCESSED,290f3682bbf41ed26b4886d5e431789079976fe4db1a5eedff2a6c440510769b
2083,100,0,0.0,,False,True,True,100,0,0,0,0,,EMPTY_DP_REFERENCE_DENOMINATOR,,,,,,,EMPTY_DP_REFERENCE,0,0,True,1,1,0,0,0,0,24.093458623214023,,,EMPTY_OUTPUT,RAW_WINDOWS_DT30_DISTANCE400_V1,100,0,100,0.0,,0,,,,NO_COVERED_RAW_POINTS,0,5,1.5141614521614144e-10,0,0,0,0,1,0,24.093458623214023,NO_RAW_BREAK_CROSSING,R0,UNIFORM,ALL_FILTERED,4400bbf68db47155c53ee7364249f423b853d34f811a95a2d68b8317679703aa
2083,100,3,0.03,,True,False,False,0,0,97,100,3,0.97,,0.8907647008810586,0.3713252359962973,0.32267178670038527,0.7238610412460866,0.8907647008810586,0.8907647008810586,,100,0,True,1,0,0,100,0,0,24.093458623214023,,19.378019637290166,,RAW_WINDOWS_DT30_DISTANCE400_V1,100,100,0,1.0,,100,0.8907647008810586,0.3713252359962973,0.8907647008810586,,0,5,1.5141614521614144e-10,0,0,0,0,1,1,24.093458623214023,NO_RAW_BREAK_CROSSING,S0,UNIFORM,PROCESSED,cd2b346cf94a225ba4e05d7ddc921e91e993f5a630896458212dab2686568e46
2456,103,48,0.46601941747572817,,True,False,False,0,0,55,103,48,0.5339805825242718,,4.473689957132965,0.9109100980745983,0.0,3.2517536553072954,3.795545454644986,4.310169118386522,,103,0,True,9,0,0,49,0,0,14694.428549374568,,10946.896518826808,,RAW_WINDOWS_DT30_DISTANCE400_V1,103,103,0,1.0,,103,4.473689957132965,0.9109100980745983,3.795545454644986,,0,5,6.26600406161736e-10,8,0,0,0,9,9,10950.152746524149,NO_RAW_BREAK_CROSSING,R0,UNIFORM,PROCESSED,fb5653cd7978ac1fbc137082c9d785517141d342c5aee9534925bd2180d607e1
2456,103,48,0.46601941747572817,,True,False,False,0,0,55,103,48,0.5339805825242718,,4.473689957132965,0.9109100980745983,0.0,3.2517536553072954,3.795545454644986,4.310169118386522,,103,0,True,9,0,0,49,0,0,14694.428549374568,,10946.896518826808,,RAW_WINDOWS_DT30_DISTANCE400_V1,103,103,0,1.0,,103,4.473689957132965,0.9109100980745983,3.795545454644986,,0,5,6.26600406161736e-10,8,0,0,0,9,9,10950.152746524149,NO_RAW_BREAK_CROSSING,S0,UNIFORM,PROCESSED,4f287ecacbaf636f5ba177873feabc1b139f3def525b5263215ec5a8d1b4e4c4
9043,101,7,0.06930693069306931,,True,False,False,0,1,93,100,7,0.9299999999999999,,3.2808906857399647,0.7192110842867148,0.32338832740168616,1.9379082560438405,1.9379082560438405,2.0107579239785873,,100,0,True,1,0,1,95,0,0,567.1826789923332,,559.2617147893554,,RAW_WINDOWS_DT30_DISTANCE400_V1,101,101,0,1.0,,101,5.624864249975595,0.7677819077093768,1.9379082560438405,,1,5,1.7795131289768987e-10,0,0,0,0,1,1,567.1826789923332,NO_RAW_BREAK_CROSSING,R0,UNIFORM,PROCESSED,63cf539d303b6f71f1b9d4c3472b33245c3212814943bb1a5ffa673496ac1423
9043,101,7,0.06930693069306931,,True,False,False,0,1,93,100,7,0.9299999999999999,,3.2808906857399647,0.7192110842867148,0.32338832740168616,1.9379082560438405,1.9379082560438405,2.0107579239785873,,100,0,True,1,0,1,95,0,0,567.1826789923332,,559.2617147893554,,RAW_WINDOWS_DT30_DISTANCE400_V1,101,101,0,1.0,,101,5.624864249975595,0.7677819077093768,1.9379082560438405,,1,5,1.7795131289768987e-10,0,0,0,0,1,1,567.1826789923332,NO_RAW_BREAK_CROSSING,S0,UNIFORM,PROCESSED,1bffa51554ad1e623b339aee407edbade5bb592d9df8f77b4a24b66de21c4b3f
9427,116,46,0.39655172413793105,,True,False,False,0,1,69,115,46,0.6,,4.950491838244953,1.0533312212004065,0.0,3.9505904987006097,4.761511613461924,4.799749246465536,,115,0,True,1,0,1,37,0,0,7487.433499309782,,7469.517665374249,,RAW_WINDOWS_DT30_DISTANCE400_V1,116,116,0,1.0,,116,4.950491838244953,1.0733282380464004,4.761511613461924,,0,5,2.712863879701259e-10,0,0,0,0,1,1,7487.433499309782,NO_RAW_BREAK_CROSSING,R0,UNIFORM,PROCESSED,27c4c9f127e026bc4edc78a73a1aa0e89aeca1d662bbc9a4188a297c2786c9d8
9427,116,46,0.39655172413793105,,True,False,False,0,1,69,115,46,0.6,,4.950491838244953,1.0533312212004065,0.0,3.9505904987006097,4.761511613461924,4.799749246465536,,115,0,True,1,0,1,37,0,0,7487.433499309782,,7469.517665374249,,RAW_WINDOWS_DT30_DISTANCE400_V1,116,116,0,1.0,,116,4.950491838244953,1.0733282380464004,4.761511613461924,,0,5,2.712863879701259e-10,0,0,0,0,1,1,7487.433499309782,NO_RAW_BREAK_CROSSING,S0,UNIFORM,PROCESSED,3b7293a8021b6ffef2515439a517128bf5fb9e50fc79e08485dbb3a0a90db31a
8243,99,0,0.0,,False,True,True,99,0,0,0,0,,EMPTY_DP_REFERENCE_DENOMINATOR,,,,,,,EMPTY_DP_REFERENCE,0,0,True,1,1,0,0,0,0,11.166474817844662,,,EMPTY_OUTPUT,RAW_WINDOWS_DT30_DISTANCE400_V1,99,0,99,0.0,,0,,,,NO_COVERED_RAW_POINTS,0,5,4.5230094004661047e-10,0,0,0,0,1,0,11.166474817844662,NO_RAW_BREAK_CROSSING,R0,UNIFORM,ALL_FILTERED,90611260e947f8a3c2d83c6ec9c75d1173316ef9538844236f5057ae997b6b25
8243,99,2,0.020202020202020204,,True,False,False,0,0,97,99,2,0.9797979797979798,,4.775263768941949,0.6280724568642214,0.0,4.775263768941949,4.775263768941949,4.775263768941949,,99,0,True,1,0,0,99,0,0,11.166474817844662,,3.9827398038027564,,RAW_WINDOWS_DT30_DISTANCE400_V1,99,99,0,1.0,,99,4.775263768941949,0.6280724568642214,4.775263768941949,,0,5,4.5230094004661047e-10,0,0,0,0,1,1,11.166474817844662,NO_RAW_BREAK_CROSSING,S0,UNIFORM,PROCESSED,47feefd2739e27fb8ab89d8d6a26fd3052f296d5f385e603fbeef5ceb5b4f008
5661,91,41,0.45054945054945056,,True,False,False,0,8,42,83,41,0.5060240963855422,,4.834671015956679,0.9410625298804821,0.013701246962461376,3.554277956712924,3.6518630024196437,4.643633182560207,,83,0,True,4,0,8,19,0,0,7587.366030966391,,5226.240800413052,,RAW_WINDOWS_DT30_DISTANCE400_V1,91,91,0,1.0,,91,13.68229154778183,1.4252522724593393,5.185365041374341,,5,5,2.3555895129154785e-10,3,0,0,0,4,4,5318.197022275659,NO_RAW_BREAK_CROSSING,R0,UNIFORM,PROCESSED,2f30454f1fc09720fe603b9cb11e6a2aca0546594765b122fcd5a9be0bf327bf
5661,91,41,0.45054945054945056,,True,False,False,0,8,42,83,41,0.5060240963855422,,4.834671015956679,0.9410625298804821,0.013701246962461376,3.554277956712924,3.6518630024196437,4.643633182560207,,83,0,True,4,0,8,19,0,0,7587.366030966391,,5226.240800413052,,RAW_WINDOWS_DT30_DISTANCE400_V1,91,91,0,1.0,,91,13.68229154778183,1.4252522724593393,5.185365041374341,,5,5,2.3555895129154785e-10,3,0,0,0,4,4,5318.197022275659,NO_RAW_BREAK_CROSSING,S0,UNIFORM,PROCESSED,4916d823f60dba4df9b2c83786ca7569b65f3b4b5726c8da688920cb42322fff
10194,100,0,0.0,,False,True,True,100,0,0,0,0,,EMPTY_DP_REFERENCE_DENOMINATOR,,,,,,,EMPTY_DP_REFERENCE,0,0,True,1,1,0,0,0,0,2.362699315418897,,,EMPTY_OUTPUT,RAW_WINDOWS_DT30_DISTANCE400_V1,100,0,100,0.0,,0,,,,NO_COVERED_RAW_POINTS,0,5,3.846953244640522e-10,0,0,0,0,1,0,2.362699315418897,NO_RAW_BREAK_CROSSING,R0,UNIFORM,ALL_FILTERED,252e68e5e1401f922605b87816a16b2f9ff68c92f209da8884c826775a33aeab
10194,100,2,0.02,,True,False,False,0,0,98,100,2,0.98,,0.33621772092674573,0.18950453961561667,0.1528262514087998,0.33621772092674573,0.33621772092674573,0.33621772092674573,,100,0,True,1,0,0,100,0,0,2.362699315418897,,1.7301023030547085,,RAW_WINDOWS_DT30_DISTANCE400_V1,100,100,0,1.0,,100,0.33621772092674573,0.18950453961561667,0.33621772092674573,,0,5,3.846953244640522e-10,0,0,0,0,1,1,2.362699315418897,NO_RAW_BREAK_CROSSING,S0,UNIFORM,PROCESSED,e099811b81289e948b84c3beec316989ce85c3a7840a2967c28bc51780a62818
879,104,12,0.11538461538461539,,True,False,False,0,1,91,103,12,0.883495145631068,,4.761078046750865,2.2484128702248456,2.449489584516153,3.9466877367015423,4.051096327883382,4.761078046750865,,103,0,True,2,0,1,91,0,0,1236.4182218609346,,1074.5015820385472,,RAW_WINDOWS_DT30_DISTANCE400_V1,104,104,0,1.0,,104,15.502524802325631,2.375856254187353,4.654580788920739,,1,5,1.7983792861888326e-10,1,0,0,0,2,2,1094.5665433478457,NO_RAW_BREAK_CROSSING,R0,UNIFORM,PROCESSED,21bcf0a9ffdd43116f8bcd62492758e5775ed1abf3d76b335874a92cfeca4b88
879,104,12,0.11538461538461539,,True,False,False,0,1,91,103,12,0.883495145631068,,4.761078046750865,2.2484128702248456,2.449489584516153,3.9466877367015423,4.051096327883382,4.761078046750865,,103,0,True,2,0,1,91,0,0,1236.4182218609346,,1074.5015820385472,,RAW_WINDOWS_DT30_DISTANCE400_V1,104,104,0,1.0,,104,15.502524802325631,2.375856254187353,4.654580788920739,,1,5,1.7983792861888326e-10,1,0,0,0,2,2,1094.5665433478457,NO_RAW_BREAK_CROSSING,S0,UNIFORM,PROCESSED,a53e28ca03abf304e2838c170cdac8c4a6f10b73af7f33ef3c0898bc04caacc6
3095,98,0,0.0,,False,True,True,98,0,0,0,0,,EMPTY_DP_REFERENCE_DENOMINATOR,,,,,,,EMPTY_DP_REFERENCE,0,0,True,1,1,0,0,0,0,11.341627266561018,,,EMPTY_OUTPUT,RAW_WINDOWS_DT30_DISTANCE400_V1,98,0,98,0.0,,0,,,,NO_COVERED_RAW_POINTS,0,5,2.8909055764726186e-10,0,0,0,0,1,0,11.341627266561018,NO_RAW_BREAK_CROSSING,R0,UNIFORM,ALL_FILTERED,bd488d83e8844e8f121f70c2ce3542d7c3dddbe0cecfa2f4a3aa2cf977cc8222
3095,98,2,0.02040816326530612,,True,False,False,0,1,95,97,2,0.979381443298969,,0.7991805527284241,0.008238974770396125,0.0,0.0,0.0,0.031967222109130604,,97,0,True,1,0,1,97,0,0,11.341627266561018,,7.387905845881453,,RAW_WINDOWS_DT30_DISTANCE400_V1,98,98,0,1.0,,98,1.9282238824239601,0.02783065750155494,0.0,,0,5,2.8909055764726186e-10,0,0,0,0,1,1,11.341627266561018,NO_RAW_BREAK_CROSSING,S0,UNIFORM,PROCESSED,9e016b9e5a60089110d0581e457a8800c3cce5ee39637dafebe652af09e73d1d
6827,100,0,0.0,,False,True,True,100,0,0,0,0,,EMPTY_DP_REFERENCE_DENOMINATOR,,,,,,,EMPTY_DP_REFERENCE,0,0,True,1,1,0,0,0,0,2.4289956448075065,,,EMPTY_OUTPUT,RAW_WINDOWS_DT30_DISTANCE400_V1,100,0,100,0.0,,0,,,,NO_COVERED_RAW_POINTS,0,5,1.3640359280770283e-10,0,0,0,0,1,0,2.4289956448075065,NO_RAW_BREAK_CROSSING,R0,UNIFORM,ALL_FILTERED,15bf6ec2cdaaa39b849cb7b527150017de494d78cc60aadcc91b3f2909832489
6827,100,2,0.02,,True,False,False,0,0,98,100,2,0.98,,0.2512016230745856,0.12560080004590518,0.13345083530375854,0.2512016230745856,0.2512016230745856,0.2512016230745856,,100,0,True,1,0,0,100,0,0,2.4289956448075065,,2.01607143210048,,RAW_WINDOWS_DT30_DISTANCE400_V1,100,100,0,1.0,,100,0.2512016230745856,0.12560080004590518,0.2512016230745856,,0,5,1.3640359280770283e-10,0,0,0,0,1,1,2.4289956448075065,NO_RAW_BREAK_CROSSING,S0,UNIFORM,PROCESSED,491ec5614036c1c766513afaa8d2998e22596f702a04ba6f7e1c9c480ed9ac20
5378,99,0,0.0,,False,True,True,99,0,0,0,0,,EMPTY_DP_REFERENCE_DENOMINATOR,,,,,,,EMPTY_DP_REFERENCE,0,0,True,1,1,0,0,0,0,18.256446937352585,,,EMPTY_OUTPUT,RAW_WINDOWS_DT30_DISTANCE400_V1,99,0,99,0.0,,0,,,,NO_COVERED_RAW_POINTS,0,5,2.0040118072968764e-10,0,0,0,0,1,0,18.256446937352585,NO_RAW_BREAK_CROSSING,R0,UNIFORM,ALL_FILTERED,c7dd561205977c536103ad847190ad292d693e423ebfdfb21518f523e6f77ab7
5378,99,2,0.020202020202020204,,True,False,False,0,0,97,99,2,0.9797979797979798,,4.763430310318027,1.3124030514830465,0.9474224028433335,3.1659704500142047,3.647840142223104,4.763430310318027,,99,0,True,1,0,0,99,0,0,18.256446937352585,,4.006503140405006,,RAW_WINDOWS_DT30_DISTANCE400_V1,99,99,0,1.0,,99,4.763430310318027,1.3124030514830465,3.647840142223104,,0,5,2.0040118072968764e-10,0,0,0,0,1,1,18.256446937352585,NO_RAW_BREAK_CROSSING,S0,UNIFORM,PROCESSED,b8cd1d3f4c7788a04d40598bacc01a6ae4dd3520c9c2d07f08c77d01ce355ee3
72,100,0,0.0,,False,True,True,100,0,0,0,0,,EMPTY_DP_REFERENCE_DENOMINATOR,,,,,,,EMPTY_DP_REFERENCE,0,0,True,1,1,0,0,0,0,40.3627117029076,,,EMPTY_OUTPUT,RAW_WINDOWS_DT30_DISTANCE400_V1,100,0,100,0.0,,0,,,,NO_COVERED_RAW_POINTS,0,5,3.8074877318058075e-10,0,0,0,0,1,0,40.3627117029076,NO_RAW_BREAK_CROSSING,R0,UNIFORM,ALL_FILTERED,6cd0a2c042a8e34b6c275420873d37c00cb84449ce6bd03d9342ed055b5e8d32
72,100,2,0.02,,True,False,False,0,0,98,100,2,0.98,,4.943654529682673,1.935255289643372,1.902209679874159,3.4241758786228953,3.707368673912913,4.943654529682673,,100,0,True,1,0,0,100,0,0,40.3627117029076,,21.22755567257646,,RAW_WINDOWS_DT30_DISTANCE400_V1,100,100,0,1.0,,100,4.943654529682673,1.935255289643372,3.707368673912913,,0,5,3.8074877318058075e-10,0,0,0,0,1,1,40.3627117029076,NO_RAW_BREAK_CROSSING,S0,UNIFORM,PROCESSED,a1c5cbd96fd51665e4015f6bab0a252be02fefce76809f379cf69400e3e66366
6208,99,11,0.1111111111111111,,True,False,False,0,12,76,87,11,0.8735632183908046,,4.607652887973501,1.2009209250771729,1.4151595849024712,3.692532671120868,3.8781988249471797,4.5566983256809745,,87,0,True,1,0,12,73,0,0,255.3619463160546,,154.77811618397942,,RAW_WINDOWS_DT30_DISTANCE400_V1,99,99,0,1.0,,99,6.474638699601189,1.403299300617899,4.484790898373294,,2,5,7.126975363316981e-10,0,0,0,0,1,1,255.3619463160546,NO_RAW_BREAK_CROSSING,R0,UNIFORM,PROCESSED,33ba08dc81b54cae8d7a850a25a9f76dae7292100d3835d44f82a9c9a5bb136a
6208,99,11,0.1111111111111111,,True,False,False,0,12,76,87,11,0.8735632183908046,,4.607652887973501,1.2009209250771729,1.4151595849024712,3.692532671120868,3.8781988249471797,4.5566983256809745,,87,0,True,1,0,12,73,0,0,255.3619463160546,,154.77811618397942,,RAW_WINDOWS_DT30_DISTANCE400_V1,99,99,0,1.0,,99,6.474638699601189,1.403299300617899,4.484790898373294,,2,5,7.126975363316981e-10,0,0,0,0,1,1,255.3619463160546,NO_RAW_BREAK_CROSSING,S0,UNIFORM,PROCESSED,3a9cf9bd7e98e4fa66c9edab42b43a8642038e1067ec61d52f75472b713b8d00
6106,118,44,0.3728813559322034,,True,False,False,0,4,70,114,44,0.6140350877192983,,4.698542989518776,0.9890410908359466,0.5930194811992392,2.6983141292334083,3.9780191742960556,4.1593988189562126,,114,0,True,2,0,4,36,0,0,9195.893154571268,,8858.408372393547,,RAW_WINDOWS_DT30_DISTANCE400_V1,118,118,0,1.0,,118,155.76928276686934,2.4154326160367017,4.04185855987133,,3,5,2.997656119925283e-10,1,0,0,0,2,2,9183.139483624434,NO_RAW_BREAK_CROSSING,R0,UNIFORM,PROCESSED,6822027251776b7e104a60a0cb6f13500598d4f2aea038fbf97281366ab12a8d
6106,118,44,0.3728813559322034,,True,False,False,0,4,70,114,44,0.6140350877192983,,4.698542989518776,0.9890410908359466,0.5930194811992392,2.6983141292334083,3.9780191742960556,4.1593988189562126,,114,0,True,2,0,4,36,0,0,9195.893154571268,,8858.408372393547,,RAW_WINDOWS_DT30_DISTANCE400_V1,118,118,0,1.0,,118,155.76928276686934,2.4154326160367017,4.04185855987133,,3,5,2.997656119925283e-10,1,0,0,0,2,2,9183.139483624434,NO_RAW_BREAK_CROSSING,S0,UNIFORM,PROCESSED,aa616edfdf27d4f3c780179ec303cb1de38b6df79dc4431389b24a9c4990824e
4535,110,43,0.39090909090909093,,True,False,False,0,8,59,102,43,0.5784313725490196,,4.815876417244708,1.0688181193270931,0.25174523252687636,3.4858858172953613,3.572479310461348,3.9012678081405423,,102,0,True,2,0,8,48,0,0,8604.076045520256,,7308.031904111065,,RAW_WINDOWS_DT30_DISTANCE400_V1,110,110,0,1.0,,110,222.34495732106993,7.397326699978939,20.174296481301436,,8,5,2.2993561954155827e-10,1,0,0,0,2,2,8516.0821338663,NO_RAW_BREAK_CROSSING,R0,UNIFORM,PROCESSED,85eea574c0af63f1955ca3853386583cedc7c05e9cd5e3f1cd325684c6b6e231
4535,110,43,0.39090909090909093,,True,False,False,0,8,59,102,43,0.5784313725490196,,4.815876417244708,1.0688181193270931,0.25174523252687636,3.4858858172953613,3.572479310461348,3.9012678081405423,,102,0,True,2,0,8,48,0,0,8604.076045520256,,7308.031904111065,,RAW_WINDOWS_DT30_DISTANCE400_V1,110,110,0,1.0,,110,222.34495732106993,7.397326699978939,20.174296481301436,,8,5,2.2993561954155827e-10,1,0,0,0,2,2,8516.0821338663,NO_RAW_BREAK_CROSSING,S0,UNIFORM,PROCESSED,7ba30506a552301d238940677d18bcc7e6a3a5df5661058656e6c886997c6199
5769,109,45,0.41284403669724773,,True,False,False,0,6,58,103,45,0.5631067961165048,,4.697264493141827,0.8992362193890521,0.2146652779011783,2.531936834804954,3.146208778529854,4.680210247357116,,103,0,True,3,0,6,17,0,0,13149.50593694296,,12251.29439109889,,RAW_WINDOWS_DT30_DISTANCE400_V1,109,109,0,1.0,,109,11.896479000234287,1.0684549842991289,3.935110028284967,,2,5,3.5264420320380537e-10,2,0,0,0,3,3,12268.331308186067,NO_RAW_BREAK_CROSSING,R0,UNIFORM,PROCESSED,104557675350cd8f23cf531726919a4edcf8cb486d42fa7d9199270fdfad3cbd
5769,109,45,0.41284403669724773,,True,False,False,0,6,58,103,45,0.5631067961165048,,4.697264493141827,0.8992362193890521,0.2146652779011783,2.531936834804954,3.146208778529854,4.680210247357116,,103,0,True,3,0,6,17,0,0,13149.50593694296,,12251.29439109889,,RAW_WINDOWS_DT30_DISTANCE400_V1,109,109,0,1.0,,109,11.896479000234287,1.0684549842991289,3.935110028284967,,2,5,3.5264420320380537e-10,2,0,0,0,3,3,12268.331308186067,NO_RAW_BREAK_CROSSING,S0,UNIFORM,PROCESSED,b22f2151aaef2303fea2612a7caf09cfe0fe0436ae0ffeee0da7dbe35bf9b8cd
1366,106,20,0.18867924528301888,,True,False,False,0,6,80,100,20,0.8,,3.5976060598814277,0.9856235931989851,0.5622614027367436,2.587131963196516,3.175350365209761,3.5965067812926703,,100,0,True,3,0,6,12,0,0,10625.552851176068,,9966.314941617811,,RAW_WINDOWS_DT30_DISTANCE400_V1,106,106,0,1.0,,106,6.6244626776154725,1.0995084213996256,3.2536213780279635,,2,5,4.855236916429443e-10,2,0,0,0,3,3,9979.622821656805,NO_RAW_BREAK_CROSSING,R0,UNIFORM,PROCESSED,84f418cb91005bf78ac061d21d0497ca98f0bb61e0491228ff13ff42968cfe40
1366,106,20,0.18867924528301888,,True,False,False,0,6,80,100,20,0.8,,3.5976060598814277,0.9856235931989851,0.5622614027367436,2.587131963196516,3.175350365209761,3.5965067812926703,,100,0,True,3,0,6,12,0,0,10625.552851176068,,9966.314941617811,,RAW_WINDOWS_DT30_DISTANCE400_V1,106,106,0,1.0,,106,6.6244626776154725,1.0995084213996256,3.2536213780279635,,2,5,4.855236916429443e-10,2,0,0,0,3,3,9979.622821656805,NO_RAW_BREAK_CROSSING,S0,UNIFORM,PROCESSED,70842d71168e6837f37a63186e7fc8a32e3c17b9b7d02342d2cef91ead226510
5051,114,10,0.08771929824561403,,True,False,False,21,0,83,93,10,0.8924731182795699,,4.065528269946483,1.195955427531642,1.0252819079475521,2.732321933685566,3.0804431279355633,3.7273000018437887,,93,0,True,2,1,0,69,0,0,878.936534469058,,833.9960531713804,,RAW_WINDOWS_DT30_DISTANCE400_V1,114,93,21,0.8157894736842105,,93,4.065528269946483,1.195955427531642,3.0804431279355633,,0,5,2.340741214344764e-10,1,0,0,1,2,1,878.9365344690581,NO_RAW_BREAK_CROSSING,R0,UNIFORM,PROCESSED,fd5288b9418e72fb0c7b37789226b69f444eabc9149ecc210613589a9d730264
5051,114,13,0.11403508771929824,,True,False,False,0,0,101,114,13,0.8859649122807017,,4.065528269946483,1.1470332477025493,0.8915471766552048,2.8679994497238366,3.347950413453377,3.675581087116563,,114,0,True,2,0,0,90,0,0,878.936534469058,,863.0629580597432,,RAW_WINDOWS_DT30_DISTANCE400_V1,114,114,0,1.0,,114,4.065528269946483,1.1470332477025493,3.347950413453377,,0,5,2.340741214344764e-10,1,0,0,0,2,2,878.9365344690581,NO_RAW_BREAK_CROSSING,S0,UNIFORM,PROCESSED,65f98a786297791f0765c4a2434f3a35ad1989dddc5c42be1ce148271978d980
3885,99,0,0.0,,False,True,True,99,0,0,0,0,,EMPTY_DP_REFERENCE_DENOMINATOR,,,,,,,EMPTY_DP_REFERENCE,0,0,True,1,1,0,0,0,0,1.8965727239138652,,,EMPTY_OUTPUT,RAW_WINDOWS_DT30_DISTANCE400_V1,99,0,99,0.0,,0,,,,NO_COVERED_RAW_POINTS,0,5,5.350017956906794e-10,0,0,0,0,1,0,1.8965727239138652,NO_RAW_BREAK_CROSSING,R0,UNIFORM,ALL_FILTERED,d991e3ee94ce716bacca5577c6fd8db66bdbe9a8e984a6d8e3b205d4be02560d
3885,99,2,0.020202020202020204,,True,False,False,0,0,97,99,2,0.9797979797979798,,0.4658363665749832,0.2307159601910482,0.23809414859105124,0.38302100915723325,0.4658363665749832,0.4658363665749832,,99,0,True,1,0,0,99,0,0,1.8965727239138652,,1.0226621704455414,,RAW_WINDOWS_DT30_DISTANCE400_V1,99,99,0,1.0,,99,0.4658363665749832,0.2307159601910482,0.4658363665749832,,0,5,5.350017956906794e-10,0,0,0,0,1,1,1.8965727239138652,NO_RAW_BREAK_CROSSING,S0,UNIFORM,PROCESSED,0d64bf6101bbeefe35e6a3d847b4551ca7c212c1efd920f3099ef146136d8718
9165,100,0,0.0,,False,True,True,100,0,0,0,0,,EMPTY_DP_REFERENCE_DENOMINATOR,,,,,,,EMPTY_DP_REFERENCE,0,0,True,1,1,0,0,0,0,3.0787391109432183,,,EMPTY_OUTPUT,RAW_WINDOWS_DT30_DISTANCE400_V1,100,0,100,0.0,,0,,,,NO_COVERED_RAW_POINTS,0,5,1.3105298348236314e-10,0,0,0,0,1,0,3.0787391109432183,NO_RAW_BREAK_CROSSING,R0,UNIFORM,ALL_FILTERED,b523a91003775be2fa3ed77bb189786460d7eb86550f4b55128935102db856f6
9165,100,2,0.02,,True,False,False,0,0,98,100,2,0.98,,0.5353556551202893,0.20261152016867953,0.2429691079057144,0.3574528313031441,0.5353556551202893,0.5353556551202893,,100,0,True,1,0,0,100,0,0,3.0787391109432183,,1.28074416373856,,RAW_WINDOWS_DT30_DISTANCE400_V1,100,100,0,1.0,,100,0.5353556551202893,0.20261152016867953,0.5353556551202893,,0,5,1.3105298348236314e-10,0,0,0,0,1,1,3.0787391109432183,NO_RAW_BREAK_CROSSING,S0,UNIFORM,PROCESSED,4129976ec118ff6bf7f1cff9232c680e1558276b332c85bc5b1f3d9ad7bfa3fe
4869,99,0,0.0,,False,True,True,99,0,0,0,0,,EMPTY_DP_REFERENCE_DENOMINATOR,,,,,,,EMPTY_DP_REFERENCE,0,0,True,1,1,0,0,0,0,2.3703494039543047,,,EMPTY_OUTPUT,RAW_WINDOWS_DT30_DISTANCE400_V1,99,0,99,0.0,,0,,,,NO_COVERED_RAW_POINTS,0,5,3.282856762625976e-10,0,0,0,0,1,0,2.3703494039543047,NO_RAW_BREAK_CROSSING,R0,UNIFORM,ALL_FILTERED,90e11dafca8f7e95af99507d129524d10a9670ad8e66061ef62c078f5fcee6a3
4869,99,2,0.020202020202020204,,True,False,False,0,0,97,99,2,0.9797979797979798,,0.3726261547763524,0.2130129175583965,0.2661615403825243,0.30874738834028803,0.3726261547763524,0.3726261547763524,,99,0,True,1,0,0,99,0,0,2.3703494039543047,,0.7944282711636663,,RAW_WINDOWS_DT30_DISTANCE400_V1,99,99,0,1.0,,99,0.3726261547763524,0.2130129175583965,0.3726261547763524,,0,5,3.282856762625976e-10,0,0,0,0,1,1,2.3703494039543047,NO_RAW_BREAK_CROSSING,S0,UNIFORM,PROCESSED,6c8dcdfc2af691b44d9663ba7babbd6a9c6ea5576aadd641d214d27df3efa245
8428,98,0,0.0,,False,True,True,98,0,0,0,0,,EMPTY_DP_REFERENCE_DENOMINATOR,,,,,,,EMPTY_DP_REFERENCE,0,0,True,1,1,0,0,0,0,53.863679091782664,,,EMPTY_OUTPUT,RAW_WINDOWS_DT30_DISTANCE400_V1,98,0,98,0.0,,0,,,,NO_COVERED_RAW_POINTS,0,5,2.1306730067879476e-10,0,0,0,0,1,0,53.863679091782664,NO_RAW_BREAK_CROSSING,R0,UNIFORM,ALL_FILTERED,1219443e5be41a176b7c85a6b98ee2bb4c6195f0914ff680582765ae90b0a6d6
8428,98,3,0.030612244897959183,,True,False,False,0,0,95,98,3,0.9693877551020408,,3.180541101519784,1.4630558052712919,1.5275875517352204,2.1449992162463016,3.180541101519784,3.180541101519784,,98,0,True,1,0,0,98,0,0,53.863679091782664,,21.066104800554314,,RAW_WINDOWS_DT30_DISTANCE400_V1,98,98,0,1.0,,98,3.180541101519784,1.4630558052712919,3.180541101519784,,0,5,2.1306730067879476e-10,0,0,0,0,1,1,53.863679091782664,NO_RAW_BREAK_CROSSING,S0,UNIFORM,PROCESSED,ca2950930a07e630c4bf3b9105661898b88adf741d24f951f059e1ad32a2969c
2079,103,40,0.3883495145631068,,True,False,False,0,2,61,101,40,0.6039603960396039,,4.813427119967032,0.77884442764364,0.28951236577106343,2.389770484447143,2.8228873745254313,4.786606002431038,,101,0,True,4,0,2,33,0,0,13779.75274264685,,12764.017052660196,,RAW_WINDOWS_DT30_DISTANCE400_V1,103,103,0,1.0,,103,38.1481165813125,1.3968736913212263,3.7496811066676474,,2,5,3.755381180554113e-10,3,0,0,0,4,4,12798.307884720663,NO_RAW_BREAK_CROSSING,R0,UNIFORM,PROCESSED,186426420ae5af7e097ffd7f36e6496366c3bb6576a22a9df88bfd93a6a265da
2079,103,40,0.3883495145631068,,True,False,False,0,2,61,101,40,0.6039603960396039,,4.813427119967032,0.77884442764364,0.28951236577106343,2.389770484447143,2.8228873745254313,4.786606002431038,,101,0,True,4,0,2,33,0,0,13779.75274264685,,12764.017052660196,,RAW_WINDOWS_DT30_DISTANCE400_V1,103,103,0,1.0,,103,38.1481165813125,1.3968736913212263,3.7496811066676474,,2,5,3.755381180554113e-10,3,0,0,0,4,4,12798.307884720663,NO_RAW_BREAK_CROSSING,S0,UNIFORM,PROCESSED,73d84e159fc839cb0011a8547324926b58a9f54b8b4556bc4065a053d89baeeb
4952,117,42,0.358974358974359,,True,False,False,0,6,69,111,42,0.6216216216216216,,4.690124257286224,0.7645626016680321,0.0,2.713542329668902,2.9265570259737976,4.325431425305224,,111,0,True,1,0,6,51,0,0,6091.142046932356,,6066.913830402348,,RAW_WINDOWS_DT30_DISTANCE400_V1,117,117,0,1.0,,117,17.303104627840348,1.0764885010457104,3.3389463653314357,,3,5,1.7340238514256586e-10,0,0,0,0,1,1,6091.142046932356,NO_RAW_BREAK_CROSSING,R0,UNIFORM,PROCESSED,b0da260eb7b1d7fea56f0dc0edecf83f49549f3903fc08360574b9988786914e
4952,117,42,0.358974358974359,,True,False,False,0,6,69,111,42,0.6216216216216216,,4.690124257286224,0.7645626016680321,0.0,2.713542329668902,2.9265570259737976,4.325431425305224,,111,0,True,1,0,6,51,0,0,6091.142046932356,,6066.913830402348,,RAW_WINDOWS_DT30_DISTANCE400_V1,117,117,0,1.0,,117,17.303104627840348,1.0764885010457104,3.3389463653314357,,3,5,1.7340238514256586e-10,0,0,0,0,1,1,6091.142046932356,NO_RAW_BREAK_CROSSING,S0,UNIFORM,PROCESSED,7d223ee2aec5f43694eec0e4d27e73669ff3128457f1d2431ad6ac93eeba4320
9621,101,9,0.0891089108910891,,True,False,False,0,0,92,101,9,0.9108910891089109,,1.3750817721786173,0.7034540869452407,0.7819366911626529,1.2709187419416925,1.3750817721786173,1.3750817721786173,,101,0,True,1,0,0,94,0,0,715.0967615063473,,711.1999391934414,,RAW_WINDOWS_DT30_DISTANCE400_V1,101,101,0,1.0,,101,1.3750817721786173,0.7034540869452407,1.3750817721786173,,0,5,2.443868556727511e-10,0,0,0,0,1,1,715.0967615063473,NO_RAW_BREAK_CROSSING,R0,UNIFORM,PROCESSED,d314f2629d50e26cb4a76c1d83054320cabc81e8c1c4cba1055d8654f2b8506b
9621,101,9,0.0891089108910891,,True,False,False,0,0,92,101,9,0.9108910891089109,,1.3750817721786173,0.7034540869452407,0.7819366911626529,1.2709187419416925,1.3750817721786173,1.3750817721786173,,101,0,True,1,0,0,94,0,0,715.0967615063473,,711.1999391934414,,RAW_WINDOWS_DT30_DISTANCE400_V1,101,101,0,1.0,,101,1.3750817721786173,0.7034540869452407,1.3750817721786173,,0,5,2.443868556727511e-10,0,0,0,0,1,1,715.0967615063473,NO_RAW_BREAK_CROSSING,S0,UNIFORM,PROCESSED,ad148b119a43db6e3c00ed4f44fbec4672e483800ddc499971819719d2bbd698
5447,111,35,0.3153153153153153,,True,False,False,0,2,74,109,35,0.6788990825688073,,4.854556385662364,0.8743557529622094,0.2721304826861532,2.625269970459029,2.8117997353225936,4.034605978400533,,109,0,True,1,0,2,50,0,0,4837.736004546743,,4820.545627515029,,RAW_WINDOWS_DT30_DISTANCE400_V1,111,111,0,1.0,,111,16.55475209579231,1.0529420981191635,3.128540637882958,,2,5,1.8223562515701076e-10,0,0,0,0,1,1,4837.736004546743,NO_RAW_BREAK_CROSSING,R0,UNIFORM,PROCESSED,f0cf57c90e21bd9f4b4c8f2d54bad9e5553313c6cc851dcdd0f909ad454f0801
5447,111,35,0.3153153153153153,,True,False,False,0,2,74,109,35,0.6788990825688073,,4.854556385662364,0.8743557529622094,0.2721304826861532,2.625269970459029,2.8117997353225936,4.034605978400533,,109,0,True,1,0,2,50,0,0,4837.736004546743,,4820.545627515029,,RAW_WINDOWS_DT30_DISTANCE400_V1,111,111,0,1.0,,111,16.55475209579231,1.0529420981191635,3.128540637882958,,2,5,1.8223562515701076e-10,0,0,0,0,1,1,4837.736004546743,NO_RAW_BREAK_CROSSING,S0,UNIFORM,PROCESSED,558c54b34bcce043c7b3f9e62f97b5f62c41c09fe9f7b120f7cfbea5a4c5471a
10219,102,41,0.4019607843137255,,True,False,False,4,0,57,98,41,0.5816326530612245,,4.749373200993661,0.6938719254872567,0.18123258540936454,2.9032516110961764,3.097499329543319,4.451725935552782,,98,0,True,5,1,0,37,0,0,11745.087785321837,,9179.344626934397,,RAW_WINDOWS_DT30_DISTANCE400_V1,102,98,4,0.9607843137254902,,98,4.749373200993661,0.6938719254872567,3.097499329543319,,0,5,2.1969964850565047e-10,4,0,0,2,5,4,9843.231974968083,NO_RAW_BREAK_CROSSING,R0,UNIFORM,PROCESSED,da75da9ab6380508ac5740b79e59daf236697b66e1a109df1c1790f44f4d1e28
10219,102,44,0.43137254901960786,,True,False,False,0,0,58,102,44,0.5686274509803921,,4.749373200993661,0.7120338570010315,0.18123258540936454,2.942396945713583,3.1059982423667516,4.62614987269075,,102,0,True,5,0,0,40,0,0,11745.087785321837,,9841.307219578635,,RAW_WINDOWS_DT30_DISTANCE400_V1,102,102,0,1.0,,102,4.749373200993661,0.7120338570010315,3.1059982423667516,,0,5,2.1969964850565047e-10,4,0,0,0,5,5,9843.231974968083,NO_RAW_BREAK_CROSSING,S0,UNIFORM,PROCESSED,12b4db3d4b705fd496b43a54b31d1122de4ea5c791e352b52403c12d6f0b9bd0
1647,100,0,0.0,,False,True,True,100,0,0,0,0,,EMPTY_DP_REFERENCE_DENOMINATOR,,,,,,,EMPTY_DP_REFERENCE,0,0,True,1,1,0,0,0,0,3.814386604575609,,,EMPTY_OUTPUT,RAW_WINDOWS_DT30_DISTANCE400_V1,100,0,100,0.0,,0,,,,NO_COVERED_RAW_POINTS,0,5,3.694310548341821e-10,0,0,0,0,1,0,3.814386604575609,NO_RAW_BREAK_CROSSING,R0,UNIFORM,ALL_FILTERED,df7b53142539f5965468b0eb00dd71f330f2936464ce48bda078f6e68c56b0fa
1647,100,2,0.02,,True,False,False,0,0,98,100,2,0.98,,1.1716577047438315,0.7075536850413137,0.671980152125576,1.1716577047438315,1.1716577047438315,1.1716577047438315,,100,0,True,1,0,0,100,0,0,3.814386604575609,,1.8412624045696595,,RAW_WINDOWS_DT30_DISTANCE400_V1,100,100,0,1.0,,100,1.1716577047438315,0.7075536850413137,1.1716577047438315,,0,5,3.694310548341821e-10,0,0,0,0,1,1,3.814386604575609,NO_RAW_BREAK_CROSSING,S0,UNIFORM,PROCESSED,1b238db9eb7d4a0268e3e4345dbadd8497eb752cafcb227d0de9c39440bff120
9586,99,0,0.0,,False,True,True,99,0,0,0,0,,EMPTY_DP_REFERENCE_DENOMINATOR,,,,,,,EMPTY_DP_REFERENCE,0,0,True,1,1,0,0,0,0,64.16424481011853,,,EMPTY_OUTPUT,RAW_WINDOWS_DT30_DISTANCE400_V1,99,0,99,0.0,,0,,,,NO_COVERED_RAW_POINTS,0,5,1.1300591409813383e-10,0,0,0,0,1,0,64.16424481011853,NO_RAW_BREAK_CROSSING,R0,UNIFORM,ALL_FILTERED,6744e88ff6d3d49f5381113ed1c67a9cc18f3f8ce4afe1b67189689e8ab7fdf6
9586,99,5,0.050505050505050504,,True,False,False,0,0,94,99,5,0.9494949494949495,,4.42000690413055,1.5361016899183952,0.2394511023912612,3.797918070046169,4.42000690413055,4.42000690413055,,99,0,True,1,0,0,96,0,0,64.16424481011853,,47.59065973161434,,RAW_WINDOWS_DT30_DISTANCE400_V1,99,99,0,1.0,,99,4.42000690413055,1.5361016899183952,4.42000690413055,,0,5,1.1300591409813383e-10,0,0,0,0,1,1,64.16424481011853,NO_RAW_BREAK_CROSSING,S0,UNIFORM,PROCESSED,9fefcb185d57f22c6205d018d07b20b2a6d56136fbab7775af0fa13265aade8e
9687,105,18,0.17142857142857143,,True,False,False,0,2,85,103,18,0.8252427184466019,,4.861674980691663,1.332521841768681,0.5497523940237643,4.6008141931069915,4.861674980691663,4.861674980691663,,103,0,True,1,0,2,75,0,0,2547.962924737559,,2526.623547267948,,RAW_WINDOWS_DT30_DISTANCE400_V1,105,105,0,1.0,,105,9.610230868120382,1.4479668464893054,4.861674980691663,,2,5,2.0004113569795443e-10,0,0,0,0,1,1,2547.962924737559,NO_RAW_BREAK_CROSSING,R0,UNIFORM,PROCESSED,02a1c6e9a99cc3d20a2280df7c47e60798f3a53d879cb51a996c86fce37352b9
9687,105,18,0.17142857142857143,,True,False,False,0,2,85,103,18,0.8252427184466019,,4.861674980691663,1.332521841768681,0.5497523940237643,4.6008141931069915,4.861674980691663,4.861674980691663,,103,0,True,1,0,2,75,0,0,2547.962924737559,,2526.623547267948,,RAW_WINDOWS_DT30_DISTANCE400_V1,105,105,0,1.0,,105,9.610230868120382,1.4479668464893054,4.861674980691663,,2,5,2.0004113569795443e-10,0,0,0,0,1,1,2547.962924737559,NO_RAW_BREAK_CROSSING,S0,UNIFORM,PROCESSED,c2e58df842a2188ebf0666dfb1193199a2b831093d1645e1abcba22734c781e7
2679,100,0,0.0,,False,True,True,100,0,0,0,0,,EMPTY_DP_REFERENCE_DENOMINATOR,,,,,,,EMPTY_DP_REFERENCE,0,0,True,1,1,0,0,0,0,1.8860645997191523,,,EMPTY_OUTPUT,RAW_WINDOWS_DT30_DISTANCE400_V1,100,0,100,0.0,,0,,,,NO_COVERED_RAW_POINTS,0,5,1.5571629149383077e-10,0,0,0,0,1,0,1.8860645997191523,NO_RAW_BREAK_CROSSING,R0,UNIFORM,ALL_FILTERED,c643a4696d551eff4efbbb92177f6690bd016bc7650ae471cbe08820850a8920
2679,100,2,0.02,,True,False,False,0,0,98,100,2,0.98,,0.09934337939651798,0.057313482251734015,0.07641796406150676,0.09934337939651798,0.09934337939651798,0.09934337939651798,,100,0,True,1,0,0,100,0,0,1.8860645997191523,,1.3807625894435862,,RAW_WINDOWS_DT30_DISTANCE400_V1,100,100,0,1.0,,100,0.09934337939651798,0.057313482251734015,0.09934337939651798,,0,5,1.5571629149383077e-10,0,0,0,0,1,1,1.8860645997191523,NO_RAW_BREAK_CROSSING,S0,UNIFORM,PROCESSED,8acfca4ba8d7ede1dca61e5fa0eec4dea7c8f11fe2d5993440439750417a8a63
4291,99,14,0.1414141414141414,,True,False,False,0,0,85,99,14,0.8585858585858586,,3.55767733638844,0.6625274381142947,0.0,2.053198795401741,2.8829269590126754,2.9998307884971975,,99,0,True,1,0,0,87,0,0,244.26597265058996,,181.5456939368896,,RAW_WINDOWS_DT30_DISTANCE400_V1,99,99,0,1.0,,99,3.55767733638844,0.6625274381142947,2.8829269590126754,,0,5,5.682934523456068e-10,0,0,0,0,1,1,244.26597265058996,NO_RAW_BREAK_CROSSING,R0,UNIFORM,PROCESSED,6ac25f269198d92c4cd137c17cfb36df26a5b8821fdae4b414dfe722497dbc9c
4291,99,14,0.1414141414141414,,True,False,False,0,0,85,99,14,0.8585858585858586,,3.55767733638844,0.6625274381142947,0.0,2.053198795401741,2.8829269590126754,2.9998307884971975,,99,0,True,1,0,0,87,0,0,244.26597265058996,,181.5456939368896,,RAW_WINDOWS_DT30_DISTANCE400_V1,99,99,0,1.0,,99,3.55767733638844,0.6625274381142947,2.8829269590126754,,0,5,5.682934523456068e-10,0,0,0,0,1,1,244.26597265058996,NO_RAW_BREAK_CROSSING,S0,UNIFORM,PROCESSED,66b7430aeee3531b370d5f285c72250b308aecacf69acebff958b20fa0dcdb10
1607,99,0,0.0,,False,True,True,99,0,0,0,0,,EMPTY_DP_REFERENCE_DENOMINATOR,,,,,,,EMPTY_DP_REFERENCE,0,0,True,1,1,0,0,0,0,9.66630644994484,,,EMPTY_OUTPUT,RAW_WINDOWS_DT30_DISTANCE400_V1,99,0,99,0.0,,0,,,,NO_COVERED_RAW_POINTS,0,5,2.3032015127285693e-10,0,0,0,0,1,0,9.66630644994484,NO_RAW_BREAK_CROSSING,R0,UNIFORM,ALL_FILTERED,a676fce31c57a1dfdb159a649ee86e62acd5db3a697c0717b31e4db553638191
1607,99,2,0.020202020202020204,,True,False,False,0,0,97,99,2,0.9797979797979798,,1.669670255899423,0.5862731501340898,0.3966923365853013,1.49702739067005,1.5313193903680034,1.669670255899423,,99,0,True,1,0,0,99,0,0,9.66630644994484,,4.464117640207736,,RAW_WINDOWS_DT30_DISTANCE400_V1,99,99,0,1.0,,99,1.669670255899423,0.5862731501340898,1.5313193903680034,,0,5,2.3032015127285693e-10,0,0,0,0,1,1,9.66630644994484,NO_RAW_BREAK_CROSSING,S0,UNIFORM,PROCESSED,583662dcd3a2db21436496e1d8933cbc5c96169f32a638c24e251467b53bc67d
158,106,51,0.4811320754716981,,True,False,False,0,2,53,104,51,0.5096153846153846,,4.817107135593611,0.8329808330867545,0.0,3.4925138995600205,4.190770182659712,4.541840770044284,,104,0,True,2,0,2,40,0,0,7611.8559618417785,,7240.522938647421,,RAW_WINDOWS_DT30_DISTANCE400_V1,106,106,0,1.0,,106,63.57366730425105,1.4787912831046117,4.541840770044284,,2,5,2.1737131054153745e-10,1,0,0,0,2,2,7295.308819845473,NO_RAW_BREAK_CROSSING,R0,UNIFORM,PROCESSED,79c505cd21506fca4fc5ce8db61c31b0a60ae2df19c35e8c856dc4ebc2484e30
158,106,51,0.4811320754716981,,True,False,False,0,2,53,104,51,0.5096153846153846,,4.817107135593611,0.8329808330867545,0.0,3.4925138995600205,4.190770182659712,4.541840770044284,,104,0,True,2,0,2,40,0,0,7611.8559618417785,,7240.522938647421,,RAW_WINDOWS_DT30_DISTANCE400_V1,106,106,0,1.0,,106,63.57366730425105,1.4787912831046117,4.541840770044284,,2,5,2.1737131054153745e-10,1,0,0,0,2,2,7295.308819845473,NO_RAW_BREAK_CROSSING,S0,UNIFORM,PROCESSED,e9d1097c8da327498146762027b982604c4eb6178e1fe86388e0c0a5b733d051
4737,100,0,0.0,,False,True,True,100,0,0,0,0,,EMPTY_DP_REFERENCE_DENOMINATOR,,,,,,,EMPTY_DP_REFERENCE,0,0,True,1,1,0,0,0,0,4.010760979157938,,,EMPTY_OUTPUT,RAW_WINDOWS_DT30_DISTANCE400_V1,100,0,100,0.0,,0,,,,NO_COVERED_RAW_POINTS,0,5,3.074595719406287e-10,0,0,0,0,1,0,4.010760979157938,NO_RAW_BREAK_CROSSING,R0,UNIFORM,ALL_FILTERED,f568ff99ec4f3f551a04078e16c5d4765d2773eb347965f3d2b0d8a9d830cb89
4737,100,2,0.02,,True,False,False,0,0,98,100,2,0.98,,0.7871488728424642,0.38522590607303075,0.3756847067311997,0.7227458048220383,0.7871488728424642,0.7871488728424642,,100,0,True,1,0,0,100,0,0,4.010760979157938,,3.540495967845185,,RAW_WINDOWS_DT30_DISTANCE400_V1,100,100,0,1.0,,100,0.7871488728424642,0.38522590607303075,0.7871488728424642,,0,5,3.074595719406287e-10,0,0,0,0,1,1,4.010760979157938,NO_RAW_BREAK_CROSSING,S0,UNIFORM,PROCESSED,e89c4951eb6ac554965073fa38bbefc2a0bd18dd9d89fbe65afe50e08cd8d77f
8621,105,16,0.1523809523809524,,True,False,False,0,2,87,103,16,0.8446601941747574,,4.274629994357329,0.8744966465676051,0.05272451592775732,2.3177004195097384,3.6805607234035436,3.6805607234035436,,103,0,True,2,0,2,85,0,0,1511.6223840089183,,1462.0023559146334,,RAW_WINDOWS_DT30_DISTANCE400_V1,105,105,0,1.0,,105,13.206317084608575,1.021240423654768,3.6805607234035436,,1,5,2.5718037449430303e-10,1,0,0,0,2,2,1497.4356538609443,NO_RAW_BREAK_CROSSING,R0,UNIFORM,PROCESSED,c3c10e6aa3e320d91ac36db6bb3d21b2f575c76adf86bcc113145e06d961a102
8621,105,16,0.1523809523809524,,True,False,False,0,2,87,103,16,0.8446601941747574,,4.274629994357329,0.8744966465676051,0.05272451592775732,2.3177004195097384,3.6805607234035436,3.6805607234035436,,103,0,True,2,0,2,85,0,0,1511.6223840089183,,1462.0023559146334,,RAW_WINDOWS_DT30_DISTANCE400_V1,105,105,0,1.0,,105,13.206317084608575,1.021240423654768,3.6805607234035436,,1,5,2.5718037449430303e-10,1,0,0,0,2,2,1497.4356538609443,NO_RAW_BREAK_CROSSING,S0,UNIFORM,PROCESSED,6fe4a28336793bfa05ec37daef9d9567de06d7acdebfea3418a41b0eb6f89d4a
6526,99,36,0.36363636363636365,,True,False,False,10,0,53,89,36,0.5955056179775281,,4.8361126157882275,1.126383316964688,0.507215473065436,3.084972788483333,4.047879165665075,4.551024150909489,,89,0,True,4,1,0,21,0,0,13682.309468992346,,12537.379560541845,,RAW_WINDOWS_DT30_DISTANCE400_V1,99,89,10,0.898989898989899,,89,4.8361126157882275,1.126383316964688,4.047879165665075,,0,5,3.4615533328708356e-10,3,0,0,2,4,3,12539.170318752174,NO_RAW_BREAK_CROSSING,R0,UNIFORM,PROCESSED,be66a80f35cf3d25585a3cbd361a6512af9c9a5186a519ab6612c364caa42088
6526,99,38,0.3838383838383838,,True,False,False,0,0,61,99,38,0.6161616161616161,,4.8361126157882275,1.0126072243419924,0.0,2.930952808827136,3.93498939421265,4.518627734445993,,99,0,True,4,0,0,31,0,0,13682.309468992346,,12537.379560541845,,RAW_WINDOWS_DT30_DISTANCE400_V1,99,99,0,1.0,,99,4.8361126157882275,1.0126072243419924,3.93498939421265,,0,5,3.4615533328708356e-10,3,0,0,0,4,4,12539.170318752174,NO_RAW_BREAK_CROSSING,S0,UNIFORM,PROCESSED,2dd39264751be4edc3504b1c1caf4ca55e1bf31b0d271be0e1c6af4faf35c9d3
8870,100,0,0.0,,False,True,True,100,0,0,0,0,,EMPTY_DP_REFERENCE_DENOMINATOR,,,,,,,EMPTY_DP_REFERENCE,0,0,True,1,1,0,0,0,0,14.404766093852256,,,EMPTY_OUTPUT,RAW_WINDOWS_DT30_DISTANCE400_V1,100,0,100,0.0,,0,,,,NO_COVERED_RAW_POINTS,0,5,3.4882643867871115e-10,0,0,0,0,1,0,14.404766093852256,NO_RAW_BREAK_CROSSING,R0,UNIFORM,ALL_FILTERED,a8178f537d68d3a2172e5e92fff044acec9b988438b075640d0d9e98fb6000e0
8870,100,2,0.02,,True,False,False,0,0,98,100,2,0.98,,0.8601491781862106,0.43986782693356674,0.46879191802011955,0.7952381489929111,0.8601491781862106,0.8601491781862106,,100,0,True,1,0,0,100,0,0,14.404766093852256,,13.921044254501616,,RAW_WINDOWS_DT30_DISTANCE400_V1,100,100,0,1.0,,100,0.8601491781862106,0.43986782693356674,0.8601491781862106,,0,5,3.4882643867871115e-10,0,0,0,0,1,1,14.404766093852256,NO_RAW_BREAK_CROSSING,S0,UNIFORM,PROCESSED,74921f86376cd672b7a1ef6027564945eafb568d75254b25f7d26aed9a626f5d
9070,105,34,0.3238095238095238,,True,False,False,0,1,70,104,34,0.6730769230769231,,4.423376968144972,0.8034152274440509,0.6177787004361927,1.6571980877002974,2.7425643425453483,4.358755410659947,,104,0,True,3,0,1,58,0,0,9959.553629120992,,9198.699022124463,,RAW_WINDOWS_DT30_DISTANCE400_V1,105,105,0,1.0,,105,35.576029610910645,1.1345829834770662,3.041551454332626,,1,5,4.119553549575437e-10,2,0,0,0,3,3,9227.852544078718,NO_RAW_BREAK_CROSSING,R0,UNIFORM,PROCESSED,3d2aef06819c71704b2261d9d27364df1b44ac23a93706beaedaf9fac2aaf601
9070,105,34,0.3238095238095238,,True,False,False,0,1,70,104,34,0.6730769230769231,,4.423376968144972,0.8034152274440509,0.6177787004361927,1.6571980877002974,2.7425643425453483,4.358755410659947,,104,0,True,3,0,1,58,0,0,9959.553629120992,,9198.699022124463,,RAW_WINDOWS_DT30_DISTANCE400_V1,105,105,0,1.0,,105,35.576029610910645,1.1345829834770662,3.041551454332626,,1,5,4.119553549575437e-10,2,0,0,0,3,3,9227.852544078718,NO_RAW_BREAK_CROSSING,S0,UNIFORM,PROCESSED,735720a62ebc71e9602c599d0d45e9d5412d1e47d514706c2c11740e53796475
3358,118,47,0.3983050847457627,,True,False,False,0,7,64,111,47,0.5765765765765766,,4.97837344687675,0.8549285151446835,0.0,2.2294162305360503,3.6678789689853337,4.91718846581105,,111,0,True,2,0,7,53,0,0,6303.81563433076,,5821.77203081907,,RAW_WINDOWS_DT30_DISTANCE400_V1,118,118,0,1.0,,118,59.36796704408438,1.8107477328518886,4.956877441495688,,5,5,2.0550993464644452e-10,1,0,0,0,2,2,5939.300676757978,NO_RAW_BREAK_CROSSING,R0,UNIFORM,PROCESSED,57fe11a35161549362db02cadc92dce6662fc0251996d29610ba167aa9959531
3358,118,47,0.3983050847457627,,True,False,False,0,7,64,111,47,0.5765765765765766,,4.97837344687675,0.8549285151446835,0.0,2.2294162305360503,3.6678789689853337,4.91718846581105,,111,0,True,2,0,7,53,0,0,6303.81563433076,,5821.77203081907,,RAW_WINDOWS_DT30_DISTANCE400_V1,118,118,0,1.0,,118,59.36796704408438,1.8107477328518886,4.956877441495688,,5,5,2.0550993464644452e-10,1,0,0,0,2,2,5939.300676757978,NO_RAW_BREAK_CROSSING,S0,UNIFORM,PROCESSED,87a16dd11130a172b653bd49d8da716da8a2a65f05e060d3d9ccb8b5009b0fd2
212,109,22,0.2018348623853211,,True,False,False,0,4,83,105,22,0.7904761904761904,,4.919752219804186,1.042138586803668,0.8640252898326293,2.313874700675281,2.8243173176057663,3.746053182361557,,105,0,True,1,0,4,61,0,0,2869.8103898228746,,2810.465260270026,,RAW_WINDOWS_DT30_DISTANCE400_V1,109,109,0,1.0,,109,56.066499850431384,1.6506518531568908,3.312862071665678,,2,5,3.2827829718977516e-10,0,0,0,0,1,1,2869.8103898228746,NO_RAW_BREAK_CROSSING,R0,UNIFORM,PROCESSED,63d0c1ff0ebf681df990650338688f11093a207aa7541ef72ad773da86ad09e4
212,109,22,0.2018348623853211,,True,False,False,0,4,83,105,22,0.7904761904761904,,4.919752219804186,1.042138586803668,0.8640252898326293,2.313874700675281,2.8243173176057663,3.746053182361557,,105,0,True,1,0,4,61,0,0,2869.8103898228746,,2810.465260270026,,RAW_WINDOWS_DT30_DISTANCE400_V1,109,109,0,1.0,,109,56.066499850431384,1.6506518531568908,3.312862071665678,,2,5,3.2827829718977516e-10,0,0,0,0,1,1,2869.8103898228746,NO_RAW_BREAK_CROSSING,S0,UNIFORM,PROCESSED,99f6e6d65f0dbd2c86ca43fc974abbf2ecf0491016271603b2c7f30a89abe368
3299,99,0,0.0,,False,True,True,99,0,0,0,0,,EMPTY_DP_REFERENCE_DENOMINATOR,,,,,,,EMPTY_DP_REFERENCE,0,0,True,1,1,0,0,0,0,54.06316964338078,,,EMPTY_OUTPUT,RAW_WINDOWS_DT30_DISTANCE400_V1,99,0,99,0.0,,0,,,,NO_COVERED_RAW_POINTS,0,5,2.89470902790484e-10,0,0,0,0,1,0,54.06316964338078,NO_RAW_BREAK_CROSSING,R0,UNIFORM,ALL_FILTERED,9634b09be064130180f9c86f30b8310aa2fe1494a63ae6d6be7d2f42b2173b43
3299,99,5,0.050505050505050504,,True,False,False,0,13,81,86,5,0.9418604651162791,,3.239932463995618,0.8658352131131791,0.741184118273466,1.7197474820201057,1.8774215128591933,2.7120175107812585,,86,0,True,1,0,13,26,0,0,54.06316964338078,,31.84135974942651,,RAW_WINDOWS_DT30_DISTANCE400_V1,99,99,0,1.0,,99,3.239932463995618,0.8432202397050724,1.8774215128591933,,0,5,2.89470902790484e-10,0,0,0,0,1,1,54.06316964338078,NO_RAW_BREAK_CROSSING,S0,UNIFORM,PROCESSED,59edf0688adcba9b8bd2eee5b954a44bbdd46f583a17af6d425990708ce9b392
11129,108,45,0.4166666666666667,,True,False,False,4,6,53,98,45,0.5408163265306123,,4.623617459930138,0.9821600172891454,0.06997038287276625,3.4520511819753206,4.230851671402463,4.623617459930138,,98,0,True,5,1,6,32,0,0,15168.626489220638,,12564.91040954418,,RAW_WINDOWS_DT30_DISTANCE400_V1,108,104,4,0.9629629629629629,,104,185.7617640736542,3.2669655726836595,4.720057349209693,,5,5,3.474220197198462e-10,4,0,0,2,5,4,13543.653989890787,NO_RAW_BREAK_CROSSING,R0,UNIFORM,PROCESSED,f104c9bd8a62f7a56bba2088b4ccf28829a24854eb36e279529c0ac1002295bc
11129,108,47,0.4351851851851852,,True,False,False,0,6,55,102,47,0.5392156862745099,,4.623617459930138,0.9576010549418672,0.06997038287276625,3.282963281688441,4.230851671402463,4.623617459930138,,102,0,True,5,0,6,35,0,0,15168.626489220638,,13145.446418469182,,RAW_WINDOWS_DT30_DISTANCE400_V1,108,108,0,1.0,,108,185.7617640736542,3.159148569155878,4.697365610555679,,5,5,3.474220197198462e-10,4,0,0,0,5,5,13543.653989890787,NO_RAW_BREAK_CROSSING,S0,UNIFORM,PROCESSED,3bc2ceab52e9c1e4a5fcd84f5a3bcf036fa4da5c07845fb0beb3290ca69672b0
3338,97,0,0.0,,False,True,True,97,0,0,0,0,,EMPTY_DP_REFERENCE_DENOMINATOR,,,,,,,EMPTY_DP_REFERENCE,0,0,True,1,1,0,0,0,0,28.08229410491248,,,EMPTY_OUTPUT,RAW_WINDOWS_DT30_DISTANCE400_V1,97,0,97,0.0,,0,,,,NO_COVERED_RAW_POINTS,0,5,1.0934294619228873e-10,0,0,0,0,1,0,28.08229410491248,NO_RAW_BREAK_CROSSING,R0,UNIFORM,ALL_FILTERED,0fa416d9b2cbf555dd461f37edd18b694ba78a9d4d0c55a87ec7e9892eff54db
3338,97,3,0.030927835051546393,,True,False,False,0,10,84,87,3,0.9655172413793104,,1.2817369096451463,0.333277820889659,0.28502331577021306,0.5874053176692928,0.8789651508054376,1.2817369096451463,,87,0,True,1,0,10,39,0,0,28.08229410491248,,12.513672438372822,,RAW_WINDOWS_DT30_DISTANCE400_V1,97,97,0,1.0,,97,1.2817369096451463,0.3366523917895599,0.8789651508054376,,0,5,1.0934294619228873e-10,0,0,0,0,1,1,28.08229410491248,NO_RAW_BREAK_CROSSING,S0,UNIFORM,PROCESSED,e2c2b8a8454866d5ff28be2add8fc16bc2273b242b9839c959229413fd407b3c
7876,113,23,0.20353982300884957,,True,False,False,0,8,82,105,23,0.780952380952381,,3.780325336030907,1.2770341665477052,1.2136610852944631,3.062823145515617,3.5944326845419243,3.7180759981574143,,105,0,True,2,0,8,70,0,0,3228.390842227243,,2731.806142058367,,RAW_WINDOWS_DT30_DISTANCE400_V1,113,113,0,1.0,,113,11.065008760815788,1.4891008364410632,3.7180759981574143,,2,5,1.4327483915665048e-10,1,0,0,0,2,2,2774.202639926529,NO_RAW_BREAK_CROSSING,R0,UNIFORM,PROCESSED,6ffb6e24f9ef8d6c019ddb3a866d4d7f0ca06b55308ffbddcb25fa13e2703db8
7876,113,23,0.20353982300884957,,True,False,False,0,8,82,105,23,0.780952380952381,,3.780325336030907,1.2770341665477052,1.2136610852944631,3.062823145515617,3.5944326845419243,3.7180759981574143,,105,0,True,2,0,8,70,0,0,3228.390842227243,,2731.806142058367,,RAW_WINDOWS_DT30_DISTANCE400_V1,113,113,0,1.0,,113,11.065008760815788,1.4891008364410632,3.7180759981574143,,2,5,1.4327483915665048e-10,1,0,0,0,2,2,2774.202639926529,NO_RAW_BREAK_CROSSING,S0,UNIFORM,PROCESSED,cbc7d501f92820a6e95c38b7c9c77566610388448712a0983b226bdf8e98d721
9572,97,7,0.07216494845360824,,True,False,False,0,32,58,65,7,0.8923076923076922,,4.446841831659617,0.8740698673794289,0.5495352877994178,2.0564756023684128,2.6949090151766915,4.12545566466542,,65,0,True,1,0,32,17,0,0,186.57069487978285,,79.93791001440158,,RAW_WINDOWS_DT30_DISTANCE400_V1,97,97,0,1.0,,97,6.098135871947295,1.0717987589593831,3.6065388983751983,,1,5,2.563817448512311e-10,0,0,0,0,1,1,186.57069487978285,NO_RAW_BREAK_CROSSING,R0,UNIFORM,PROCESSED,dafc7cb3be1a53c63481b6a236c33d6a575be32fcb16b0784e9a6fcc7a869f8e
9572,97,7,0.07216494845360824,,True,False,False,0,32,58,65,7,0.8923076923076922,,4.446841831659617,0.8740698673794289,0.5495352877994178,2.0564756023684128,2.6949090151766915,4.12545566466542,,65,0,True,1,0,32,17,0,0,186.57069487978285,,79.93791001440158,,RAW_WINDOWS_DT30_DISTANCE400_V1,97,97,0,1.0,,97,6.098135871947295,1.0717987589593831,3.6065388983751983,,1,5,2.563817448512311e-10,0,0,0,0,1,1,186.57069487978285,NO_RAW_BREAK_CROSSING,S0,UNIFORM,PROCESSED,396fd4bfcdf9ec18170fbb82b9c450f3840e905202b323429ca6d53e0723a081
7516,106,30,0.2830188679245283,,True,False,False,8,14,54,84,30,0.6428571428571428,,4.066302866949817,0.6094144650341673,0.0,2.5482899440261377,2.7250286239519754,4.000662297238755,,84,0,True,9,4,14,61,0,0,11497.349320830564,,4575.204995065544,,RAW_WINDOWS_DT30_DISTANCE400_V1,106,98,8,0.9245283018867925,,98,122.59060190291284,5.681101683779221,41.285480910780194,,8,5,3.0905356906981944e-10,8,0,0,6,9,5,7023.683715324289,NO_RAW_BREAK_CROSSING,R0,UNIFORM,PROCESSED,7504ab66bcedd120316ee0bbda7861650a194bb01ed1a4ae389d9a420989e6f1
7516,106,36,0.33962264150943394,,True,False,False,2,14,54,90,36,0.6,,4.066302866949817,0.5687868340318895,0.0,2.5482899440261377,2.6975840029315097,3.9959171958138584,,90,0,True,9,2,14,67,0,0,11497.349320830564,,5461.599092246653,,RAW_WINDOWS_DT30_DISTANCE400_V1,106,104,2,0.9811320754716981,,104,122.59060190291284,5.353345817407343,38.630023421775704,,8,5,3.0905356906981944e-10,8,0,0,2,9,7,7023.683715324289,NO_RAW_BREAK_CROSSING,S0,UNIFORM,PROCESSED,f5c16a27f76d75b9bf7fd4d5b04f024870cb7baac03d54b4c7b30fe429e7d9df
8404,119,30,0.25210084033613445,,True,False,False,0,0,89,119,30,0.7478991596638656,,4.4895887541788095,1.019410157446449,0.47023905749538203,2.654409478516373,2.8285127773612193,4.334094105447714,,119,0,True,1,0,0,45,0,0,6282.364276852343,,6277.744582310412,,RAW_WINDOWS_DT30_DISTANCE400_V1,119,119,0,1.0,,119,4.4895887541788095,1.019410157446449,2.8285127773612193,,0,5,2.175505223469786e-10,0,0,0,0,1,1,6282.364276852343,NO_RAW_BREAK_CROSSING,R0,UNIFORM,PROCESSED,67bed9fbbfe468c497ed99dd3d2d2da07589a31605fe191748e6b7d4526b23e7
8404,119,30,0.25210084033613445,,True,False,False,0,0,89,119,30,0.7478991596638656,,4.4895887541788095,1.019410157446449,0.47023905749538203,2.654409478516373,2.8285127773612193,4.334094105447714,,119,0,True,1,0,0,45,0,0,6282.364276852343,,6277.744582310412,,RAW_WINDOWS_DT30_DISTANCE400_V1,119,119,0,1.0,,119,4.4895887541788095,1.019410157446449,2.8285127773612193,,0,5,2.175505223469786e-10,0,0,0,0,1,1,6282.364276852343,NO_RAW_BREAK_CROSSING,S0,UNIFORM,PROCESSED,860f6843cb5b9bdc0e3c73dbb9f6f6fd4a9dc91737f400ff242cc02fbfd866bd
4445,103,39,0.3786407766990291,,True,False,False,3,5,56,95,39,0.5894736842105264,,4.862046535087789,0.7099556834616922,0.0,2.6797122669069715,3.502904936763066,4.3105315867908915,,95,0,True,4,1,5,47,0,0,7940.741478995967,,5139.3202853140565,,RAW_WINDOWS_DT30_DISTANCE400_V1,103,100,3,0.970873786407767,,100,126.45224047177321,3.950842557182984,4.997941024137445,,5,5,2.393224933763983e-10,3,0,0,2,4,3,5471.70086894206,NO_RAW_BREAK_CROSSING,R0,UNIFORM,PROCESSED,c49734d3285e5f7884f07ad63295396b03035c4c2cd2675eefa2f9a1ca02f061
4445,103,41,0.39805825242718446,,True,False,False,0,5,57,98,41,0.5816326530612245,,4.862046535087789,0.7246960834779481,0.0,2.8957516717926537,3.591223173373899,4.292930045887799,,98,0,True,4,0,5,50,0,0,7940.741478995967,,5335.621145203693,,RAW_WINDOWS_DT30_DISTANCE400_V1,103,103,0,1.0,,103,126.45224047177321,3.8704726404881216,4.803374732077476,,5,5,2.393224933763983e-10,3,0,0,0,4,4,5471.70086894206,NO_RAW_BREAK_CROSSING,S0,UNIFORM,PROCESSED,9a4ff2d8ca64148f4600ace1a6697f561d23af3b4b3849da86f3fd2d96f6dc4d
1844,110,47,0.42727272727272725,,True,False,False,0,3,60,107,47,0.5607476635514019,,4.67099956076349,0.9286482418240152,0.0,3.2367218207612134,3.7965622423935717,4.378455540685174,,107,0,True,4,0,3,35,0,0,8328.12485637602,,7517.904146091023,,RAW_WINDOWS_DT30_DISTANCE400_V1,110,110,0,1.0,,110,100.1188963901647,2.684006758808972,4.092936757942249,,3,5,2.7064327908933054e-10,3,0,0,0,4,4,8060.739409797518,NO_RAW_BREAK_CROSSING,R0,UNIFORM,PROCESSED,b3b6bfc5698c4b04e50d9d57b4ac19037e9b58c53a415f322177896e11daebcb
1844,110,47,0.42727272727272725,,True,False,False,0,3,60,107,47,0.5607476635514019,,4.67099956076349,0.9286482418240152,0.0,3.2367218207612134,3.7965622423935717,4.378455540685174,,107,0,True,4,0,3,35,0,0,8328.12485637602,,7517.904146091023,,RAW_WINDOWS_DT30_DISTANCE400_V1,110,110,0,1.0,,110,100.1188963901647,2.684006758808972,4.092936757942249,,3,5,2.7064327908933054e-10,3,0,0,0,4,4,8060.739409797518,NO_RAW_BREAK_CROSSING,S0,UNIFORM,PROCESSED,77b6329be4878174a1fba66a0a39c54edce1e4494dbf217af33a21ad6ebb2da2
10185,106,9,0.08490566037735849,,True,False,False,0,6,91,100,9,0.91,,4.877800834101582,1.6662103599882025,1.5630330002650523,2.905818663757588,4.133600008083412,4.469874293695537,,100,0,True,1,0,6,86,0,0,774.5157175901138,,734.6833313032134,,RAW_WINDOWS_DT30_DISTANCE400_V1,106,106,0,1.0,,106,26.45327674526376,2.2711532694874177,4.774789081473792,,5,5,1.840073092654048e-10,0,0,0,0,1,1,774.5157175901138,NO_RAW_BREAK_CROSSING,R0,UNIFORM,PROCESSED,a376069f9db48b66a0a6e0e3d43fadad047011e68d01ae0e9cd34be06a596a4b
10185,106,9,0.08490566037735849,,True,False,False,0,6,91,100,9,0.91,,4.877800834101582,1.6662103599882025,1.5630330002650523,2.905818663757588,4.133600008083412,4.469874293695537,,100,0,True,1,0,6,86,0,0,774.5157175901138,,734.6833313032134,,RAW_WINDOWS_DT30_DISTANCE400_V1,106,106,0,1.0,,106,26.45327674526376,2.2711532694874177,4.774789081473792,,5,5,1.840073092654048e-10,0,0,0,0,1,1,774.5157175901138,NO_RAW_BREAK_CROSSING,S0,UNIFORM,PROCESSED,63e3b5c68dcd314df0eb4c7f9be55cece1efe7cf86d7ba75ae5a1992f89fb72d
8864,100,0,0.0,,False,True,True,100,0,0,0,0,,EMPTY_DP_REFERENCE_DENOMINATOR,,,,,,,EMPTY_DP_REFERENCE,0,0,True,1,1,0,0,0,0,17.303746878229287,,,EMPTY_OUTPUT,RAW_WINDOWS_DT30_DISTANCE400_V1,100,0,100,0.0,,0,,,,NO_COVERED_RAW_POINTS,0,5,2.880862435181604e-11,0,0,0,0,1,0,17.303746878229287,NO_RAW_BREAK_CROSSING,R0,UNIFORM,ALL_FILTERED,40a0d966cdd4e1a4c67385e38b94d81202c68b7ec3e8350f061e9208a36c9634
8864,100,2,0.02,,True,False,False,0,0,98,100,2,0.98,,1.9585135731294083,1.0040644625793833,0.8614193635792333,1.882718663271789,1.9585135731294083,1.9585135731294083,,100,0,True,1,0,0,100,0,0,17.303746878229287,,16.158132947606102,,RAW_WINDOWS_DT30_DISTANCE400_V1,100,100,0,1.0,,100,1.9585135731294083,1.0040644625793833,1.9585135731294083,,0,5,2.880862435181604e-11,0,0,0,0,1,1,17.303746878229287,NO_RAW_BREAK_CROSSING,S0,UNIFORM,PROCESSED,ddce740bc7df32eb6a8221daeab78e45567238da95013c9ce7f082aee68c8337
9883,100,0,0.0,,False,True,True,100,0,0,0,0,,EMPTY_DP_REFERENCE_DENOMINATOR,,,,,,,EMPTY_DP_REFERENCE,0,0,True,1,1,0,0,0,0,11.927797227105401,,,EMPTY_OUTPUT,RAW_WINDOWS_DT30_DISTANCE400_V1,100,0,100,0.0,,0,,,,NO_COVERED_RAW_POINTS,0,5,1.4510474309125583e-10,0,0,0,0,1,0,11.927797227105401,NO_RAW_BREAK_CROSSING,R0,UNIFORM,ALL_FILTERED,2543b4e3d6959494064351f6772f6fd95e6cf0eb3a1e55462c08c104a72f780c
9883,100,2,0.02,,True,False,False,0,0,98,100,2,0.98,,1.6483748705076866,0.7803890683273016,0.795320911118089,1.320044297130564,1.370302938007409,1.6483748705076866,,100,0,True,1,0,0,100,0,0,11.927797227105401,,5.652141801613749,,RAW_WINDOWS_DT30_DISTANCE400_V1,100,100,0,1.0,,100,1.6483748705076866,0.7803890683273016,1.370302938007409,,0,5,1.4510474309125583e-10,0,0,0,0,1,1,11.927797227105401,NO_RAW_BREAK_CROSSING,S0,UNIFORM,PROCESSED,e2c801b5d59ab502b7cb918dad6a2c5c2bea01a685c7a76228b7fd6cb764beea
4597,109,59,0.5412844036697247,,True,False,False,0,3,47,106,59,0.44339622641509435,,4.426840473454352,0.5571792925266505,0.0,2.0882598569479818,2.9935731490828195,4.354809662258204,,106,0,True,2,0,3,26,0,0,7972.250715004358,,7591.969553261122,,RAW_WINDOWS_DT30_DISTANCE400_V1,109,109,0,1.0,,109,11.762764293021837,0.7459288220960621,3.172259254691472,,2,5,2.1256973443105711e-10,1,0,0,0,2,2,7604.228293598449,NO_RAW_BREAK_CROSSING,R0,UNIFORM,PROCESSED,f5fc450ff4f9c3efbe50946df8548a8b9025cd052e993e25f5520bcbd9ea328d
4597,109,59,0.5412844036697247,,True,False,False,0,3,47,106,59,0.44339622641509435,,4.426840473454352,0.5571792925266505,0.0,2.0882598569479818,2.9935731490828195,4.354809662258204,,106,0,True,2,0,3,26,0,0,7972.250715004358,,7591.969553261122,,RAW_WINDOWS_DT30_DISTANCE400_V1,109,109,0,1.0,,109,11.762764293021837,0.7459288220960621,3.172259254691472,,2,5,2.1256973443105711e-10,1,0,0,0,2,2,7604.228293598449,NO_RAW_BREAK_CROSSING,S0,UNIFORM,PROCESSED,8d87666f63b70b773ea834d5b548c6e51424934d07b85cbd49a32d5b91884ae7
8045,104,20,0.19230769230769232,,True,False,False,45,3,36,56,20,0.6428571428571428,,4.112524419289712,0.5554354422424008,0.020582696791822678,2.3674461942026084,2.763069329080901,3.906788502880501,,56,0,True,4,2,3,34,0,0,2606.210931549779,,2048.5819018317206,,RAW_WINDOWS_DT30_DISTANCE400_V1,104,59,45,0.5673076923076923,,59,29.833227244813948,1.1893497691839512,3.7758656469837266,,2,5,2.3552154611455003e-11,3,0,0,3,4,2,2070.572141486264,NO_RAW_BREAK_CROSSING,R0,UNIFORM,PROCESSED,fd498d5056403707e75e9dec8eb26a8903f0645024b82e6d3d1d5d9afbf5a6de
8045,104,24,0.23076923076923078,,True,False,False,0,3,77,101,24,0.7623762376237624,,4.112524419289712,0.4196823286506378,0.07598652873479804,1.2905812271723398,2.5824942882822306,3.7384591167275083,,101,0,True,4,0,3,79,0,0,2606.210931549779,,2052.7930336378117,,RAW_WINDOWS_DT30_DISTANCE400_V1,104,104,0,1.0,,104,29.833227244813948,0.7832227577883951,2.856976861320469,,2,5,2.3552154611455003e-11,3,0,0,0,4,4,2070.572141486264,NO_RAW_BREAK_CROSSING,S0,UNIFORM,PROCESSED,436a63960e778cceacb6148455048b0dd73c5f577e45de51105b131a0998f5c5
6005,99,0,0.0,,False,True,True,99,0,0,0,0,,EMPTY_DP_REFERENCE_DENOMINATOR,,,,,,,EMPTY_DP_REFERENCE,0,0,True,1,1,0,0,0,0,1.1512030761842396,,,EMPTY_OUTPUT,RAW_WINDOWS_DT30_DISTANCE400_V1,99,0,99,0.0,,0,,,,NO_COVERED_RAW_POINTS,0,5,5.234028672015932e-10,0,0,0,0,1,0,1.1512030761842396,NO_RAW_BREAK_CROSSING,R0,UNIFORM,ALL_FILTERED,23c2a19ccf868ad9f887f8f905a45ddb11d7416297665fd8ef65429073338b89
6005,99,2,0.020202020202020204,,True,False,False,0,0,97,99,2,0.9797979797979798,,0.3622386756261537,0.14834718455308982,0.1909605496073547,0.3622386756261537,0.3622386756261537,0.3622386756261537,,99,0,True,1,0,0,99,0,0,1.1512030761842396,,0.2864408281338573,,RAW_WINDOWS_DT30_DISTANCE400_V1,99,99,0,1.0,,99,0.3622386756261537,0.14834718455308982,0.3622386756261537,,0,5,5.234028672015932e-10,0,0,0,0,1,1,1.1512030761842396,NO_RAW_BREAK_CROSSING,S0,UNIFORM,PROCESSED,7e4004abc22b4b60323a43d3051b19fede5b6e6ab0c3f5dae6ac26addd6073ea
8537,103,26,0.2524271844660194,,True,False,False,5,4,68,94,26,0.7234042553191489,,4.5454374772924595,0.7279848627919507,0.29825612845419913,2.113954993291004,2.723100129667295,3.6988631008335595,,94,0,True,2,1,4,42,0,0,4644.120164844301,,4614.779504655842,,RAW_WINDOWS_DT30_DISTANCE400_V1,103,98,5,0.9514563106796117,,98,4.687430389175952,0.8002482776176778,2.8165724909125154,,0,5,3.929547716810617e-10,1,0,0,1,2,1,4628.607987224497,NO_RAW_BREAK_CROSSING,R0,UNIFORM,PROCESSED,ba96be76e988bda9645681a2b5514a0c152a3e4085b883a8d78aceab57e0ae47
8537,103,28,0.27184466019417475,,True,False,False,0,4,71,99,28,0.7171717171717171,,4.5454374772924595,0.691217950529731,0.19566200611601559,2.113954993291004,2.703926462107787,3.653348349411041,,99,0,True,2,0,4,47,0,0,4644.120164844301,,4618.904589153055,,RAW_WINDOWS_DT30_DISTANCE400_V1,103,103,0,1.0,,103,4.687430389175952,0.7614012738498294,2.7652821982982134,,0,5,3.929547716810617e-10,1,0,0,0,2,2,4628.607987224497,NO_RAW_BREAK_CROSSING,S0,UNIFORM,PROCESSED,875c11d25eebbf386efd3726c45237e7c1f68bc4d45e15fc0d52084be3056716
7309,109,30,0.27522935779816515,,True,False,False,0,8,71,101,30,0.7029702970297029,,4.9639254178671965,1.2572564690643482,1.0371407330974303,3.258137093393679,4.173081084638777,4.963449048314697,,101,0,True,1,0,8,25,0,0,8106.644859487056,,7992.283185596983,,RAW_WINDOWS_DT30_DISTANCE400_V1,109,109,0,1.0,,109,61.598304299714954,2.8186440033869236,5.846233485723537,,8,5,2.5040464448763135e-10,0,0,0,0,1,1,8106.644859487056,NO_RAW_BREAK_CROSSING,R0,UNIFORM,PROCESSED,854fa8202ff71533cc4224a9c992918e61cb434ea36dbe6c9d92432771f28710
7309,109,30,0.27522935779816515,,True,False,False,0,8,71,101,30,0.7029702970297029,,4.9639254178671965,1.2572564690643482,1.0371407330974303,3.258137093393679,4.173081084638777,4.963449048314697,,101,0,True,1,0,8,25,0,0,8106.644859487056,,7992.283185596983,,RAW_WINDOWS_DT30_DISTANCE400_V1,109,109,0,1.0,,109,61.598304299714954,2.8186440033869236,5.846233485723537,,8,5,2.5040464448763135e-10,0,0,0,0,1,1,8106.644859487056,NO_RAW_BREAK_CROSSING,S0,UNIFORM,PROCESSED,5163843cfcefaba332204a1346b5e788da26e474c0278eaa1e11730c711f62ac
949,102,6,0.058823529411764705,,True,False,False,0,0,96,102,6,0.9411764705882353,,4.824330834724921,1.6335652174693884,1.8431260307413453,2.6680979921562615,2.913531295468322,3.2363170201343037,,102,0,True,1,0,0,95,0,0,655.1928114553599,,651.9792714936829,,RAW_WINDOWS_DT30_DISTANCE400_V1,102,102,0,1.0,,102,4.824330834724921,1.6335652174693884,2.913531295468322,,0,5,1.8439090037291473e-10,0,0,0,0,1,1,655.1928114553599,NO_RAW_BREAK_CROSSING,R0,UNIFORM,PROCESSED,026bc1962bfece637996fd63d6d75016899f629d7f716e60651f5b5de03aff8c
949,102,6,0.058823529411764705,,True,False,False,0,0,96,102,6,0.9411764705882353,,4.824330834724921,1.6335652174693884,1.8431260307413453,2.6680979921562615,2.913531295468322,3.2363170201343037,,102,0,True,1,0,0,95,0,0,655.1928114553599,,651.9792714936829,,RAW_WINDOWS_DT30_DISTANCE400_V1,102,102,0,1.0,,102,4.824330834724921,1.6335652174693884,2.913531295468322,,0,5,1.8439090037291473e-10,0,0,0,0,1,1,655.1928114553599,NO_RAW_BREAK_CROSSING,S0,UNIFORM,PROCESSED,47f430135cc6949c611c8ebeb871a0adc77fbd800f9e07c3d32607f3c0644442
982,98,0,0.0,,False,True,True,98,0,0,0,0,,EMPTY_DP_REFERENCE_DENOMINATOR,,,,,,,EMPTY_DP_REFERENCE,0,0,True,1,1,0,0,0,0,35.514581190705165,,,EMPTY_OUTPUT,RAW_WINDOWS_DT30_DISTANCE400_V1,98,0,98,0.0,,0,,,,NO_COVERED_RAW_POINTS,0,5,2.180160567709226e-10,0,0,0,0,1,0,35.514581190705165,NO_RAW_BREAK_CROSSING,R0,UNIFORM,ALL_FILTERED,83ed781bb08682cc27bae2c3542f80264d5a106722db464093584c580845e558
982,98,2,0.02040816326530612,,True,False,False,0,0,96,98,2,0.9795918367346939,,2.0760856887512484,0.764472995115097,0.8105407731840568,1.3581224976384652,1.5068385433176792,2.0760856887512484,,98,0,True,1,0,0,98,0,0,35.514581190705165,,26.81768564683097,,RAW_WINDOWS_DT30_DISTANCE400_V1,98,98,0,1.0,,98,2.0760856887512484,0.764472995115097,1.5068385433176792,,0,5,2.180160567709226e-10,0,0,0,0,1,1,35.514581190705165,NO_RAW_BREAK_CROSSING,S0,UNIFORM,PROCESSED,8204ed8647fa2087ec2ecc76c5010098bee6277f928199be9d8347fe89134a7f
3900,101,0,0.0,,False,True,True,101,0,0,0,0,,EMPTY_DP_REFERENCE_DENOMINATOR,,,,,,,EMPTY_DP_REFERENCE,0,0,True,1,1,0,0,0,0,16.82515867562254,,,EMPTY_OUTPUT,RAW_WINDOWS_DT30_DISTANCE400_V1,101,0,101,0.0,,0,,,,NO_COVERED_RAW_POINTS,0,5,1.164159723073832e-10,0,0,0,0,1,0,16.82515867562254,NO_RAW_BREAK_CROSSING,R0,UNIFORM,ALL_FILTERED,7d0608b27d2c52a1f907f736be9f703171ac6a279cd097105218dc0995b15ba6
3900,101,2,0.019801980198019802,,True,False,False,0,0,99,101,2,0.9801980198019802,,3.9778103448179403,1.8906149788720832,1.9321949346053628,3.42414277643029,3.4531953435700733,3.9778103448179403,,101,0,True,1,0,0,101,0,0,16.82515867562254,,1.2932246203584206,,RAW_WINDOWS_DT30_DISTANCE400_V1,101,101,0,1.0,,101,3.9778103448179403,1.8906149788720832,3.4531953435700733,,0,5,1.164159723073832e-10,0,0,0,0,1,1,16.82515867562254,NO_RAW_BREAK_CROSSING,S0,UNIFORM,PROCESSED,f13b5bd25bbb03a53b5eb6cc8d4c516450bc6d4c466b7a661a65791cd01a8382
694,100,0,0.0,,False,True,True,100,0,0,0,0,,EMPTY_DP_REFERENCE_DENOMINATOR,,,,,,,EMPTY_DP_REFERENCE,0,0,True,1,1,0,0,0,0,58.29241947531364,,,EMPTY_OUTPUT,RAW_WINDOWS_DT30_DISTANCE400_V1,100,0,100,0.0,,0,,,,NO_COVERED_RAW_POINTS,0,5,2.635898667820566e-10,0,0,0,0,1,0,58.29241947531364,NO_RAW_BREAK_CROSSING,R0,UNIFORM,ALL_FILTERED,6a20eaa64c0d416c0e963586a630250133f723480cbc7730cb779041f19052a6
694,100,4,0.04,,True,False,False,0,0,96,100,4,0.96,,0.7406931325371381,0.24315828414882124,0.18565311031908993,0.5755140471567598,0.6999494964163304,0.7406931325371381,,100,0,True,1,0,0,100,0,0,58.29241947531364,,57.618867536341654,,RAW_WINDOWS_DT30_DISTANCE400_V1,100,100,0,1.0,,100,0.7406931325371381,0.24315828414882124,0.6999494964163304,,0,5,2.635898667820566e-10,0,0,0,0,1,1,58.29241947531364,NO_RAW_BREAK_CROSSING,S0,UNIFORM,PROCESSED,92571d1b78afac4ed9f520a38d7e58024d68b7b592fd5514ce4526565313715e
3484,100,0,0.0,,False,True,True,100,0,0,0,0,,EMPTY_DP_REFERENCE_DENOMINATOR,,,,,,,EMPTY_DP_REFERENCE,0,0,True,1,1,0,0,0,0,2.696385562292551,,,EMPTY_OUTPUT,RAW_WINDOWS_DT30_DISTANCE400_V1,100,0,100,0.0,,0,,,,NO_COVERED_RAW_POINTS,0,5,1.2382061886407416e-10,0,0,0,0,1,0,2.696385562292551,NO_RAW_BREAK_CROSSING,R0,UNIFORM,ALL_FILTERED,54d7c51f581be27454db5940c33d5bced27dfa04e6c52ab92b8d69936d333e8c
3484,100,2,0.02,,True,False,False,0,0,98,100,2,0.98,,0.18326284589927694,0.09040967161538817,0.09163144690116304,0.1612712612967713,0.18326284589927694,0.18326284589927694,,100,0,True,1,0,0,100,0,0,2.696385562292551,,1.7266106290822472,,RAW_WINDOWS_DT30_DISTANCE400_V1,100,100,0,1.0,,100,0.18326284589927694,0.09040967161538817,0.18326284589927694,,0,5,1.2382061886407416e-10,0,0,0,0,1,1,2.696385562292551,NO_RAW_BREAK_CROSSING,S0,UNIFORM,PROCESSED,b14a1630474dc6297512fd864512e6d6b2b739be1a730dd6e7022e29cf92fc57
8805,112,53,0.4732142857142857,,True,False,False,0,1,58,111,53,0.5225225225225225,,4.142873056962889,0.5627154074440034,0.0,1.8751534349768304,2.4730044869758414,3.6695998155757947,,111,0,True,4,0,1,36,0,0,14315.436025896284,,13566.70276301038,,RAW_WINDOWS_DT30_DISTANCE400_V1,112,112,0,1.0,,112,4.142873056962889,0.5659112580014112,2.462784960976443,,0,5,2.8783923107662235e-10,3,0,0,0,4,4,13571.496613745598,NO_RAW_BREAK_CROSSING,R0,UNIFORM,PROCESSED,11a32c1746f163fffea43360cfbab7acedda3d4117cdd95f1bdc0a092c5af408
8805,112,53,0.4732142857142857,,True,False,False,0,1,58,111,53,0.5225225225225225,,4.142873056962889,0.5627154074440034,0.0,1.8751534349768304,2.4730044869758414,3.6695998155757947,,111,0,True,4,0,1,36,0,0,14315.436025896284,,13566.70276301038,,RAW_WINDOWS_DT30_DISTANCE400_V1,112,112,0,1.0,,112,4.142873056962889,0.5659112580014112,2.462784960976443,,0,5,2.8783923107662235e-10,3,0,0,0,4,4,13571.496613745598,NO_RAW_BREAK_CROSSING,S0,UNIFORM,PROCESSED,f7e021c5d0e278adc2c0ce73344e815ae991fcd5c9c1fb2183b11675d6531c49
4973,107,0,0.0,,False,True,True,107,0,0,0,0,,EMPTY_DP_REFERENCE_DENOMINATOR,,,,,,,EMPTY_DP_REFERENCE,0,0,True,14,14,0,0,0,0,31.748834019966214,,,EMPTY_OUTPUT,RAW_WINDOWS_DT30_DISTANCE400_V1,107,0,107,0.0,,0,,,,NO_COVERED_RAW_POINTS,0,5,3.5422224931448527e-10,13,0,0,26,14,0,21.79370369658636,NO_RAW_BREAK_CROSSING,R0,UNIFORM,ALL_FILTERED,60964677a639176a85d62b8b91506096ed0d68c0fe6dad6c7d184f9fc4368a24
4973,107,28,0.2616822429906542,,True,False,False,0,0,79,107,28,0.7383177570093458,,0.0,0.0,0.0,0.0,0.0,0.0,,107,0,True,14,0,0,107,0,0,31.748834019966214,,21.79370369658636,,RAW_WINDOWS_DT30_DISTANCE400_V1,107,107,0,1.0,,107,0.0,0.0,0.0,,0,5,3.5422224931448527e-10,13,0,0,0,14,14,21.79370369658636,NO_RAW_BREAK_CROSSING,S0,UNIFORM,PROCESSED,e756b2bfef6fe96c85af2fea4b2a7a9233d7235a18d9697883395e2ca9608ad8
10745,123,43,0.34959349593495936,,True,False,False,0,14,66,109,43,0.6055045871559632,,4.760903128363422,0.9884272653434336,0.1198482415057356,3.991405909137316,4.001633890007777,4.634862102358269,,109,0,True,5,0,14,64,0,0,5940.554087665335,,4413.815127808437,,RAW_WINDOWS_DT30_DISTANCE400_V1,123,123,0,1.0,,123,91.45054645890943,3.3147500349765413,9.369698094422223,,8,5,2.559906299606093e-10,4,0,0,0,5,5,5124.936074310456,NO_RAW_BREAK_CROSSING,R0,UNIFORM,PROCESSED,e02d2f97f0d6d0babc80daadde284a8b01c50d93fff3486af04d5481c0886d18
10745,123,43,0.34959349593495936,,True,False,False,0,14,66,109,43,0.6055045871559632,,4.760903128363422,0.9884272653434336,0.1198482415057356,3.991405909137316,4.001633890007777,4.634862102358269,,109,0,True,5,0,14,64,0,0,5940.554087665335,,4413.815127808437,,RAW_WINDOWS_DT30_DISTANCE400_V1,123,123,0,1.0,,123,91.45054645890943,3.3147500349765413,9.369698094422223,,8,5,2.559906299606093e-10,4,0,0,0,5,5,5124.936074310456,NO_RAW_BREAK_CROSSING,S0,UNIFORM,PROCESSED,beaad77e17308edba498bdec28b6acc108d330a6db81a1d1566e77f5c15c6daf
9680,128,33,0.2578125,,True,False,False,0,3,92,125,33,0.736,,4.5402157601785875,1.4212016318369012,0.9791859400790004,3.537854137054703,3.699200860743174,3.805838651652314,,125,0,True,2,0,3,43,0,0,5557.906552515727,,5475.818983760714,,RAW_WINDOWS_DT30_DISTANCE400_V1,128,128,0,1.0,,128,23.477644630235233,1.6613850997755488,3.7251670941594646,,2,5,1.550359164993009e-10,1,0,0,0,2,2,5521.752276157195,NO_RAW_BREAK_CROSSING,R0,UNIFORM,PROCESSED,1dcaf6fb50a493a49d9a5eedec9384fb48604d660b96a39d7a2c75ada1efe5c9
9680,128,33,0.2578125,,True,False,False,0,3,92,125,33,0.736,,4.5402157601785875,1.4212016318369012,0.9791859400790004,3.537854137054703,3.699200860743174,3.805838651652314,,125,0,True,2,0,3,43,0,0,5557.906552515727,,5475.818983760714,,RAW_WINDOWS_DT30_DISTANCE400_V1,128,128,0,1.0,,128,23.477644630235233,1.6613850997755488,3.7251670941594646,,2,5,1.550359164993009e-10,1,0,0,0,2,2,5521.752276157195,NO_RAW_BREAK_CROSSING,S0,UNIFORM,PROCESSED,ca6ef5ef67b81e907238bfe321316730da8cb3c3722f055e7419330c69383b76
6302,106,22,0.20754716981132076,,True,False,False,0,0,84,106,22,0.7924528301886793,,4.837754638274045,1.469086893080401,1.2230475188166112,3.450372946516834,4.099097343417381,4.680421680684688,,106,0,True,1,0,0,80,0,0,2419.137363537221,,2408.006059977985,,RAW_WINDOWS_DT30_DISTANCE400_V1,106,106,0,1.0,,106,4.837754638274045,1.469086893080401,4.099097343417381,,0,5,2.3006901653011352e-10,0,0,0,0,1,1,2419.137363537221,NO_RAW_BREAK_CROSSING,R0,UNIFORM,PROCESSED,e7076b9e38c3982dbb53c2924e777064cac4533cbe50e86471165b5135d1d919
6302,106,22,0.20754716981132076,,True,False,False,0,0,84,106,22,0.7924528301886793,,4.837754638274045,1.469086893080401,1.2230475188166112,3.450372946516834,4.099097343417381,4.680421680684688,,106,0,True,1,0,0,80,0,0,2419.137363537221,,2408.006059977985,,RAW_WINDOWS_DT30_DISTANCE400_V1,106,106,0,1.0,,106,4.837754638274045,1.469086893080401,4.099097343417381,,0,5,2.3006901653011352e-10,0,0,0,0,1,1,2419.137363537221,NO_RAW_BREAK_CROSSING,S0,UNIFORM,PROCESSED,139f767066f565a6a5892ef3987b2968f3b94f2add59ad0868c2238c5cbbdbfc
3447,108,41,0.37962962962962965,,True,False,False,0,3,64,105,41,0.6095238095238096,,4.613247942980126,0.8442382025419383,0.09652555506649615,2.9619005101826104,3.39316688414944,3.8024968791461267,,105,0,True,2,0,3,33,0,0,8754.800097306717,,8661.725190939202,,RAW_WINDOWS_DT30_DISTANCE400_V1,108,108,0,1.0,,108,8.251747839246907,0.9240558518377253,3.434390973558058,,1,5,3.762590361384766e-10,1,0,0,0,2,2,8670.145550617208,NO_RAW_BREAK_CROSSING,R0,UNIFORM,PROCESSED,98d84b0c2d0e603253b8967360b0a92398fd35dc4ba05465a7a84a745c9b042a
3447,108,41,0.37962962962962965,,True,False,False,0,3,64,105,41,0.6095238095238096,,4.613247942980126,0.8442382025419383,0.09652555506649615,2.9619005101826104,3.39316688414944,3.8024968791461267,,105,0,True,2,0,3,33,0,0,8754.800097306717,,8661.725190939202,,RAW_WINDOWS_DT30_DISTANCE400_V1,108,108,0,1.0,,108,8.251747839246907,0.9240558518377253,3.434390973558058,,1,5,3.762590361384766e-10,1,0,0,0,2,2,8670.145550617208,NO_RAW_BREAK_CROSSING,S0,UNIFORM,PROCESSED,7106d9441c587b3c725412b2b66a0d020b2f7e8078e025142ae440553a0c4253
6297,102,33,0.3235294117647059,,True,False,False,5,12,52,85,33,0.611764705882353,,4.296860580772067,0.8236287313156995,0.2598609096448885,3.3028668343635066,3.4309441489183468,4.243077990050088,,85,0,True,6,2,12,33,0,0,9239.927823047321,,6368.230071814442,,RAW_WINDOWS_DT30_DISTANCE400_V1,102,97,5,0.9509803921568627,,97,38.072189677841294,1.931089615896126,7.667594081711327,,7,5,3.020836589643302e-10,5,0,0,3,6,4,7004.714806322488,NO_RAW_BREAK_CROSSING,R0,UNIFORM,PROCESSED,4cef98476ddf648994020db66efe214f218b5b448d501b288265c7eda8ed1894
6297,102,37,0.3627450980392157,,True,False,False,0,12,53,90,37,0.5888888888888889,,4.296860580772067,0.7984303028082836,0.20901084223033228,3.142770191169953,3.4309441489183468,4.239876645364256,,90,0,True,6,0,12,38,0,0,9239.927823047321,,6856.772541162755,,RAW_WINDOWS_DT30_DISTANCE400_V1,102,102,0,1.0,,102,38.072189677841294,1.854568410125836,7.509338860790226,,7,5,3.020836589643302e-10,5,0,0,0,6,6,7004.714806322488,NO_RAW_BREAK_CROSSING,S0,UNIFORM,PROCESSED,f3ad3d83748c74949f76b69f2462cb6b627de0188335bc7db8a7c09101931a23
934,108,44,0.4074074074074074,,True,False,False,0,0,64,108,44,0.5925925925925926,,4.811403739197299,0.9305293622738704,0.34570866457395294,2.773524933866998,4.4134333681686755,4.650513630864645,,108,0,True,5,0,0,39,0,0,12909.3161972138,,11312.097105796904,,RAW_WINDOWS_DT30_DISTANCE400_V1,108,108,0,1.0,,108,4.811403739197299,0.9305293622738704,4.4134333681686755,,0,5,1.5464169572985273e-10,4,0,0,0,5,5,11314.039295290024,NO_RAW_BREAK_CROSSING,R0,UNIFORM,PROCESSED,c007d6918b2c557b2a407ff5c0a7b2dbf4225949bccb47a4718487c178b3e833
934,108,44,0.4074074074074074,,True,False,False,0,0,64,108,44,0.5925925925925926,,4.811403739197299,0.9305293622738704,0.34570866457395294,2.773524933866998,4.4134333681686755,4.650513630864645,,108,0,True,5,0,0,39,0,0,12909.3161972138,,11312.097105796904,,RAW_WINDOWS_DT30_DISTANCE400_V1,108,108,0,1.0,,108,4.811403739197299,0.9305293622738704,4.4134333681686755,,0,5,1.5464169572985273e-10,4,0,0,0,5,5,11314.039295290024,NO_RAW_BREAK_CROSSING,S0,UNIFORM,PROCESSED,c9b4ecb5fd87926ad87dd0de6a5c05916b90a7a3ba1480a2219d1149a2527a3d
11292,100,0,0.0,,False,True,True,100,0,0,0,0,,EMPTY_DP_REFERENCE_DENOMINATOR,,,,,,,EMPTY_DP_REFERENCE,0,0,True,1,1,0,0,0,0,6.8040358432392,,,EMPTY_OUTPUT,RAW_WINDOWS_DT30_DISTANCE400_V1,100,0,100,0.0,,0,,,,NO_COVERED_RAW_POINTS,0,5,4.822814922591565e-10,0,0,0,0,1,0,6.8040358432392,NO_RAW_BREAK_CROSSING,R0,UNIFORM,ALL_FILTERED,7da1d642e7c0ac5bd0f69a0d32e812361404cfd504bdabc19179023260fcf1aa
11292,100,2,0.02,,True,False,False,0,0,98,100,2,0.98,,1.9900617838788643,0.8419492485659299,0.7424461998460655,1.8412664079396137,1.9900617838788643,1.9900617838788643,,100,0,True,1,0,0,100,0,0,6.8040358432392,,3.4566123251818115,,RAW_WINDOWS_DT30_DISTANCE400_V1,100,100,0,1.0,,100,1.9900617838788643,0.8419492485659299,1.9900617838788643,,0,5,4.822814922591565e-10,0,0,0,0,1,1,6.8040358432392,NO_RAW_BREAK_CROSSING,S0,UNIFORM,PROCESSED,ef304d5f7842703f79ccab220fd12f3df93ca9154f6a292641367f75857eaadf
9947,100,0,0.0,,False,True,True,100,0,0,0,0,,EMPTY_DP_REFERENCE_DENOMINATOR,,,,,,,EMPTY_DP_REFERENCE,0,0,True,1,1,0,0,0,0,18.554134764025306,,,EMPTY_OUTPUT,RAW_WINDOWS_DT30_DISTANCE400_V1,100,0,100,0.0,,0,,,,NO_COVERED_RAW_POINTS,0,5,2.526401087147416e-10,0,0,0,0,1,0,18.554134764025306,NO_RAW_BREAK_CROSSING,R0,UNIFORM,ALL_FILTERED,7bc0b5f2507d1dabb386217827fb35c6a6df1ce2b81f33bd146e68de8254bd46
9947,100,2,0.02,,True,False,False,0,0,98,100,2,0.98,,4.612978443563533,2.3115676811558092,3.02223309486119,3.694959247396765,4.437337463134846,4.612978443563533,,100,0,True,1,0,0,100,0,0,18.554134764025306,,5.772628301695591,,RAW_WINDOWS_DT30_DISTANCE400_V1,100,100,0,1.0,,100,4.612978443563533,2.3115676811558092,4.437337463134846,,0,5,2.526401087147416e-10,0,0,0,0,1,1,18.554134764025306,NO_RAW_BREAK_CROSSING,S0,UNIFORM,PROCESSED,faea927d3038b2d2f9fbac9b9b4d3337e4733dccc4cf25512fca035e64b4e386
7385,106,35,0.330188679245283,,True,False,False,0,3,68,103,35,0.6601941747572815,,4.776135110807733,1.0101846042694425,0.0,3.072004740884126,4.079627067447185,4.4095247759908975,,103,0,True,2,0,3,53,0,0,9214.513802959309,,7045.154745806571,,RAW_WINDOWS_DT30_DISTANCE400_V1,106,106,0,1.0,,106,7.486726908620391,1.1055598940445126,4.282028844369924,,1,5,2.8985073468672763e-10,1,0,0,0,2,2,7073.19905460106,NO_RAW_BREAK_CROSSING,R0,UNIFORM,PROCESSED,dd364f85acc4d57ce2daee9e6e6c4db93593a5d3450cf9964348cfcfe052a8e5
7385,106,35,0.330188679245283,,True,False,False,0,3,68,103,35,0.6601941747572815,,4.776135110807733,1.0101846042694425,0.0,3.072004740884126,4.079627067447185,4.4095247759908975,,103,0,True,2,0,3,53,0,0,9214.513802959309,,7045.154745806571,,RAW_WINDOWS_DT30_DISTANCE400_V1,106,106,0,1.0,,106,7.486726908620391,1.1055598940445126,4.282028844369924,,1,5,2.8985073468672763e-10,1,0,0,0,2,2,7073.19905460106,NO_RAW_BREAK_CROSSING,S0,UNIFORM,PROCESSED,82512ef8a940093a54c95075e04a8cec30988f58d286b00dee68f640b56959fc
1142,99,0,0.0,,False,True,True,99,0,0,0,0,,EMPTY_DP_REFERENCE_DENOMINATOR,,,,,,,EMPTY_DP_REFERENCE,0,0,True,1,1,0,0,0,0,2.40031016482229,,,EMPTY_OUTPUT,RAW_WINDOWS_DT30_DISTANCE400_V1,99,0,99,0.0,,0,,,,NO_COVERED_RAW_POINTS,0,5,1.8586158170900436e-10,0,0,0,0,1,0,2.40031016482229,NO_RAW_BREAK_CROSSING,R0,UNIFORM,ALL_FILTERED,785756d0f041ba3b3a8676ae48acc3c6e5a20c8c5492cd3f49f7cd986cda7ed1
1142,99,2,0.020202020202020204,,True,False,False,0,0,97,99,2,0.9797979797979798,,0.23235851555631162,0.0714785152750096,0.06865137122759415,0.11406691263224883,0.23235851555631162,0.23235851555631162,,99,0,True,1,0,0,99,0,0,2.40031016482229,,1.9980233406828918,,RAW_WINDOWS_DT30_DISTANCE400_V1,99,99,0,1.0,,99,0.23235851555631162,0.0714785152750096,0.23235851555631162,,0,5,1.8586158170900436e-10,0,0,0,0,1,1,2.40031016482229,NO_RAW_BREAK_CROSSING,S0,UNIFORM,PROCESSED,c9d7e19e90645fae1bd7bbdbaba5206a820d4676595f9dade6e7f73a8d1d136d
4522,99,0,0.0,,False,True,True,99,0,0,0,0,,EMPTY_DP_REFERENCE_DENOMINATOR,,,,,,,EMPTY_DP_REFERENCE,0,0,True,1,1,0,0,0,0,55.33538825985192,,,EMPTY_OUTPUT,RAW_WINDOWS_DT30_DISTANCE400_V1,99,0,99,0.0,,0,,,,NO_COVERED_RAW_POINTS,0,5,2.679072700090531e-10,0,0,0,0,1,0,55.33538825985192,NO_RAW_BREAK_CROSSING,R0,UNIFORM,ALL_FILTERED,bd398bb6ba166733e1cd3f94f072e2108381a4a28eef6217965bbb3b7aff6fb1
4522,99,2,0.020202020202020204,,True,False,False,0,15,82,84,2,0.9761904761904762,,2.421842884142721,0.9211093287321245,0.9049936824590896,1.8129999053406796,1.8983803809780693,2.4146512048219555,,84,0,True,1,0,15,12,0,0,55.33538825985192,,13.015059781970596,,RAW_WINDOWS_DT30_DISTANCE400_V1,99,99,0,1.0,,99,2.7942719327857417,0.948081751670452,1.9305000570016357,,0,5,2.679072700090531e-10,0,0,0,0,1,1,55.33538825985192,NO_RAW_BREAK_CROSSING,S0,UNIFORM,PROCESSED,c05a19e0b8faa1e6478b7ac82de9ea95052c832e279a9825c9cec0c335ad21e8
3575,143,63,0.4405594405594406,,True,False,False,0,12,68,131,63,0.5190839694656488,,4.979324202031274,0.8830884831699735,0.0,3.1493328839530292,3.9539859454249884,4.904098846793137,,131,0,True,1,0,12,37,0,0,8691.84404352343,,8567.864722065422,,RAW_WINDOWS_DT30_DISTANCE400_V1,143,143,0,1.0,,143,55.223528982297424,2.495114347234863,6.619878947815162,,9,5,2.312762896100142e-10,0,0,0,0,1,1,8691.84404352343,NO_RAW_BREAK_CROSSING,R0,UNIFORM,PROCESSED,93555f66d5a6350c2ae0eaba1eb6e09173e5b482b9c7c3cef38141c6d22c1eee
3575,143,63,0.4405594405594406,,True,False,False,0,12,68,131,63,0.5190839694656488,,4.979324202031274,0.8830884831699735,0.0,3.1493328839530292,3.9539859454249884,4.904098846793137,,131,0,True,1,0,12,37,0,0,8691.84404352343,,8567.864722065422,,RAW_WINDOWS_DT30_DISTANCE400_V1,143,143,0,1.0,,143,55.223528982297424,2.495114347234863,6.619878947815162,,9,5,2.312762896100142e-10,0,0,0,0,1,1,8691.84404352343,NO_RAW_BREAK_CROSSING,S0,UNIFORM,PROCESSED,4eca0c0adad003b6ce478bd2f6e52f28c05d13679b0d43c169ab4c80bf641744
2240,100,0,0.0,,False,True,True,100,0,0,0,0,,EMPTY_DP_REFERENCE_DENOMINATOR,,,,,,,EMPTY_DP_REFERENCE,0,0,True,1,1,0,0,0,0,5.939510836839565,,,EMPTY_OUTPUT,RAW_WINDOWS_DT30_DISTANCE400_V1,100,0,100,0.0,,0,,,,NO_COVERED_RAW_POINTS,0,5,2.6505672532143922e-11,0,0,0,0,1,0,5.939510836839565,NO_RAW_BREAK_CROSSING,R0,UNIFORM,ALL_FILTERED,a0dbcfb6e23e0dd8b113f8d52f85e8832b62b019acce2af25ed88f2329ee660e
2240,100,2,0.02,,True,False,False,0,0,98,100,2,0.98,,0.5762438844277191,0.31109874877005755,0.37929975164212437,0.5188018270554651,0.5762438844277191,0.5762438844277191,,100,0,True,1,0,0,100,0,0,5.939510836839565,,5.785125844687385,,RAW_WINDOWS_DT30_DISTANCE400_V1,100,100,0,1.0,,100,0.5762438844277191,0.31109874877005755,0.5762438844277191,,0,5,2.6505672532143922e-11,0,0,0,0,1,1,5.939510836839565,NO_RAW_BREAK_CROSSING,S0,UNIFORM,PROCESSED,722030d24ca21c71c1619d2b0249924ddcc5290cf3c87204c67e7146f6a07aba
1107,99,0,0.0,,False,True,True,99,0,0,0,0,,EMPTY_DP_REFERENCE_DENOMINATOR,,,,,,,EMPTY_DP_REFERENCE,0,0,True,1,1,0,0,0,0,8.90288271471244,,,EMPTY_OUTPUT,RAW_WINDOWS_DT30_DISTANCE400_V1,99,0,99,0.0,,0,,,,NO_COVERED_RAW_POINTS,0,5,1.7163119069634316e-10,0,0,0,0,1,0,8.90288271471244,NO_RAW_BREAK_CROSSING,R0,UNIFORM,ALL_FILTERED,99ecd1e9c44c0a78106c60a72dc707743c24dfb8c410658bfcd4976b34799779
1107,99,2,0.020202020202020204,,True,False,False,0,0,97,99,2,0.9797979797979798,,1.9551006560714943,0.8407195430177238,0.854918675060566,1.76225347953441,1.9551006560714943,1.9551006560714943,,99,0,True,1,0,0,99,0,0,8.90288271471244,,7.532198160045167,,RAW_WINDOWS_DT30_DISTANCE400_V1,99,99,0,1.0,,99,1.9551006560714943,0.8407195430177238,1.9551006560714943,,0,5,1.7163119069634316e-10,0,0,0,0,1,1,8.90288271471244,NO_RAW_BREAK_CROSSING,S0,UNIFORM,PROCESSED,a4c86645726b06259b00374ad3fb2f74fa6726a46146c283727e6dc05701fbaf
6632,101,0,0.0,,False,True,True,101,0,0,0,0,,EMPTY_DP_REFERENCE_DENOMINATOR,,,,,,,EMPTY_DP_REFERENCE,0,0,True,5,5,0,0,0,0,107.0233118235074,,,EMPTY_OUTPUT,RAW_WINDOWS_DT30_DISTANCE400_V1,101,0,101,0.0,,0,,,,NO_COVERED_RAW_POINTS,0,5,3.121978632530218e-11,4,0,0,8,5,0,99.07670095738717,NO_RAW_BREAK_CROSSING,R0,UNIFORM,ALL_FILTERED,a1581b4d17133faaba758119f3c1d3d1419abe1868417e30fdebd7606082b478
6632,101,11,0.10891089108910891,,True,False,False,0,32,58,69,11,0.8405797101449275,,4.307266812948886,1.5209174718904785,1.1500364686863034,3.928538716244162,4.227042771201259,4.307266812948886,,69,0,True,5,0,32,29,0,0,107.0233118235074,,46.00245697983205,,RAW_WINDOWS_DT30_DISTANCE400_V1,101,101,0,1.0,,101,4.307266812948886,1.6016503389515537,4.049403811450014,,0,5,3.121978632530218e-11,4,0,0,0,5,5,99.07670095738717,NO_RAW_BREAK_CROSSING,S0,UNIFORM,PROCESSED,5071535e6308f0f31b9c60322b59469bd02f563a9fdee31ccc16a537f26f8f15
11294,86,24,0.27906976744186046,,True,False,False,0,9,53,77,24,0.6883116883116883,,4.8482044364085874,0.6349698881297918,0.17960202769393666,1.5835571536122903,2.802571252230272,3.931837857404945,,77,0,True,2,0,9,40,0,0,3624.9449013662934,,2921.738700773708,,RAW_WINDOWS_DT30_DISTANCE400_V1,86,86,0,1.0,,86,113.33625198046062,3.490117903124769,5.210066134715557,,5,5,6.266242115222056e-10,1,0,0,0,2,2,3072.592659955202,NO_RAW_BREAK_CROSSING,R0,UNIFORM,PROCESSED,f66343bdab6a43e19e1feb62bda2a0ce1c96b43573bd01e0bba236be441a996e
11294,86,24,0.27906976744186046,,True,False,False,0,9,53,77,24,0.6883116883116883,,4.8482044364085874,0.6349698881297918,0.17960202769393666,1.5835571536122903,2.802571252230272,3.931837857404945,,77,0,True,2,0,9,40,0,0,3624.9449013662934,,2921.738700773708,,RAW_WINDOWS_DT30_DISTANCE400_V1,86,86,0,1.0,,86,113.33625198046062,3.490117903124769,5.210066134715557,,5,5,6.266242115222056e-10,1,0,0,0,2,2,3072.592659955202,NO_RAW_BREAK_CROSSING,S0,UNIFORM,PROCESSED,ba0b1de606e64d3444bf7f5e655e0b3ec7a386fc8d4d8c0c4d62af94e3c6dcc4
9896,100,0,0.0,,False,True,True,100,0,0,0,0,,EMPTY_DP_REFERENCE_DENOMINATOR,,,,,,,EMPTY_DP_REFERENCE,0,0,True,1,1,0,0,0,0,22.98553592878841,,,EMPTY_OUTPUT,RAW_WINDOWS_DT30_DISTANCE400_V1,100,0,100,0.0,,0,,,,NO_COVERED_RAW_POINTS,0,5,2.0958462412289225e-10,0,0,0,0,1,0,22.98553592878841,NO_RAW_BREAK_CROSSING,R0,UNIFORM,ALL_FILTERED,8595a30aacb497f69988de3037b7732bf5475318b74de4e8102994cb8e94b702
9896,100,3,0.03,,True,False,False,0,25,72,75,3,0.96,,1.694973700404718,0.5448773363149603,0.35057289130622815,1.315814832395588,1.534942140802922,1.6687932591185228,,75,0,True,1,0,25,40,0,0,22.98553592878841,,12.109300803407505,,RAW_WINDOWS_DT30_DISTANCE400_V1,100,100,0,1.0,,100,1.694973700404718,0.5308574675307007,1.466363679375113,,0,5,2.0958462412289225e-10,0,0,0,0,1,1,22.98553592878841,NO_RAW_BREAK_CROSSING,S0,UNIFORM,PROCESSED,f12476a96c0fe510f5052fbddea3a96691a12c51dea4eccabf35aee6cb20b5b2
517,166,72,0.43373493975903615,,True,False,False,0,19,75,147,72,0.5102040816326531,,4.932280419927906,0.7372531965180468,0.0,2.3249962724660334,3.3229264829542897,4.182197915910966,,147,0,True,4,0,19,37,0,0,6920.748789914218,,6596.189445854261,,RAW_WINDOWS_DT30_DISTANCE400_V1,166,166,0,1.0,,166,30.606393358771303,1.7105418734167284,9.32374734399346,,10,5,2.3760631854231003e-10,3,0,0,0,4,4,6690.339097267073,NO_RAW_BREAK_CROSSING,R0,UNIFORM,PROCESSED,9e5301d5f4488c84cf7742d34899643b8e0c72bbc6f2e7d0ac414385f587a013
517,166,72,0.43373493975903615,,True,False,False,0,19,75,147,72,0.5102040816326531,,4.932280419927906,0.7372531965180468,0.0,2.3249962724660334,3.3229264829542897,4.182197915910966,,147,0,True,4,0,19,37,0,0,6920.748789914218,,6596.189445854261,,RAW_WINDOWS_DT30_DISTANCE400_V1,166,166,0,1.0,,166,30.606393358771303,1.7105418734167284,9.32374734399346,,10,5,2.3760631854231003e-10,3,0,0,0,4,4,6690.339097267073,NO_RAW_BREAK_CROSSING,S0,UNIFORM,PROCESSED,448da5c2d65000acc815637c356e0fe9a08a64a19ad015dce3fc6472c1033b2f
9801,98,12,0.12244897959183673,,True,False,False,0,0,86,98,12,0.8775510204081632,,4.050401801928384,0.8195440862749046,0.1417375761515233,2.4810397670702478,2.5829586360594217,3.43759772615688,,98,0,True,1,0,0,95,0,0,210.16434372124792,,159.4841363725087,,RAW_WINDOWS_DT30_DISTANCE400_V1,98,98,0,1.0,,98,4.050401801928384,0.8195440862749046,2.5829586360594217,,0,5,8.589731049298211e-11,0,0,0,0,1,1,210.16434372124792,NO_RAW_BREAK_CROSSING,R0,UNIFORM,PROCESSED,70995edc460a514b6cde8fe4f54ea937c5a3298ee3ba18e51a32abd4ae8b4474
9801,98,12,0.12244897959183673,,True,False,False,0,0,86,98,12,0.8775510204081632,,4.050401801928384,0.8195440862749046,0.1417375761515233,2.4810397670702478,2.5829586360594217,3.43759772615688,,98,0,True,1,0,0,95,0,0,210.16434372124792,,159.4841363725087,,RAW_WINDOWS_DT30_DISTANCE400_V1,98,98,0,1.0,,98,4.050401801928384,0.8195440862749046,2.5829586360594217,,0,5,8.589731049298211e-11,0,0,0,0,1,1,210.16434372124792,NO_RAW_BREAK_CROSSING,S0,UNIFORM,PROCESSED,77d65f6e6ea275c7baaf11f06b7625764bf414c72361da21c559464b8ff048d2
7471,100,0,0.0,,False,True,True,100,0,0,0,0,,EMPTY_DP_REFERENCE_DENOMINATOR,,,,,,,EMPTY_DP_REFERENCE,0,0,True,1,1,0,0,0,0,4.279760422165092,,,EMPTY_OUTPUT,RAW_WINDOWS_DT30_DISTANCE400_V1,100,0,100,0.0,,0,,,,NO_COVERED_RAW_POINTS,0,5,5.771983121324407e-10,0,0,0,0,1,0,4.279760422165092,NO_RAW_BREAK_CROSSING,R0,UNIFORM,ALL_FILTERED,75b70bca15d73e915af70100bcd39a5971e98a4197190b1a4a46dd863855c241
7471,100,2,0.02,,True,False,False,0,0,98,100,2,0.98,,1.4752597623317019,0.7158449208365846,0.6219441313384801,1.3602592078272375,1.4752597623317019,1.4752597623317019,,100,0,True,1,0,0,100,0,0,4.279760422165092,,1.8221808361358895,,RAW_WINDOWS_DT30_DISTANCE400_V1,100,100,0,1.0,,100,1.4752597623317019,0.7158449208365846,1.4752597623317019,,0,5,5.771983121324407e-10,0,0,0,0,1,1,4.279760422165092,NO_RAW_BREAK_CROSSING,S0,UNIFORM,PROCESSED,40ef4ccf057c7ca30a045e401ffd9d4be684f075bbee6a3bc250baa7f65143b2
4954,99,0,0.0,,False,True,True,99,0,0,0,0,,EMPTY_DP_REFERENCE_DENOMINATOR,,,,,,,EMPTY_DP_REFERENCE,0,0,True,1,1,0,0,0,0,25.147393856684296,,,EMPTY_OUTPUT,RAW_WINDOWS_DT30_DISTANCE400_V1,99,0,99,0.0,,0,,,,NO_COVERED_RAW_POINTS,0,5,7.263757726358677e-10,0,0,0,0,1,0,25.147393856684296,NO_RAW_BREAK_CROSSING,R0,UNIFORM,ALL_FILTERED,2581fa0eabab62ac9440640406016598883aeb9e510a042a2fb8583e62898617
4954,99,2,0.020202020202020204,,True,False,False,0,0,97,99,2,0.9797979797979798,,2.8610246952297644,1.3028009818844783,1.0656704777127446,2.4300808578108715,2.7777309128238152,2.8610246952297644,,99,0,True,1,0,0,99,0,0,25.147393856684296,,11.219485579711902,,RAW_WINDOWS_DT30_DISTANCE400_V1,99,99,0,1.0,,99,2.8610246952297644,1.3028009818844783,2.7777309128238152,,0,5,7.263757726358677e-10,0,0,0,0,1,1,25.147393856684296,NO_RAW_BREAK_CROSSING,S0,UNIFORM,PROCESSED,3c5a5fb3d01f33ee48c04ca326efe23f9c4e24db8a9bf92028a735f246d4524a
6708,99,0,0.0,,False,True,True,99,0,0,0,0,,EMPTY_DP_REFERENCE_DENOMINATOR,,,,,,,EMPTY_DP_REFERENCE,0,0,True,1,1,0,0,0,0,0.0,,,EMPTY_OUTPUT,RAW_WINDOWS_DT30_DISTANCE400_V1,99,0,99,0.0,,0,,,,NO_COVERED_RAW_POINTS,0,5,2.1213674930416885e-10,0,0,0,0,1,0,0.0,NO_RAW_BREAK_CROSSING,R0,UNIFORM,ALL_FILTERED,958acf4c916953df8af62f446f97063c039b535c42efb3a6000013b0e547adba
6708,99,2,0.020202020202020204,,True,False,False,0,0,97,99,2,0.9797979797979798,,0.0,0.0,0.0,0.0,0.0,0.0,,99,0,True,1,0,0,99,0,0,0.0,,0.0,,RAW_WINDOWS_DT30_DISTANCE400_V1,99,99,0,1.0,,99,0.0,0.0,0.0,,0,5,2.1213674930416885e-10,0,0,0,0,1,1,0.0,NO_RAW_BREAK_CROSSING,S0,UNIFORM,PROCESSED,b63ea3df98d892d8385dad1c22d7104a271323437422219193d5b1ecc685a164
1587,98,0,0.0,,False,True,True,98,0,0,0,0,,EMPTY_DP_REFERENCE_DENOMINATOR,,,,,,,EMPTY_DP_REFERENCE,0,0,True,1,1,0,0,0,0,5.297875719261103,,,EMPTY_OUTPUT,RAW_WINDOWS_DT30_DISTANCE400_V1,98,0,98,0.0,,0,,,,NO_COVERED_RAW_POINTS,0,5,7.28386674263316e-10,0,0,0,0,1,0,5.297875719261103,NO_RAW_BREAK_CROSSING,R0,UNIFORM,ALL_FILTERED,5e65ddfb01a83ab5044aa89fed2c217e2b455c1489c67dd683d842ff4a2c961e
1587,98,2,0.02040816326530612,,True,False,False,0,0,96,98,2,0.9795918367346939,,1.3301329373914168,0.6801928265875933,0.7891697837611148,1.1519333024099427,1.3301329373914168,1.3301329373914168,,98,0,True,1,0,0,98,0,0,5.297875719261103,,1.6654956291301128,,RAW_WINDOWS_DT30_DISTANCE400_V1,98,98,0,1.0,,98,1.3301329373914168,0.6801928265875933,1.3301329373914168,,0,5,7.28386674263316e-10,0,0,0,0,1,1,5.297875719261103,NO_RAW_BREAK_CROSSING,S0,UNIFORM,PROCESSED,17226292b0aa7be97cb0da9afb4534839d63268cb794c358d613c309cf2256f6
11247,100,5,0.05,,True,False,False,0,29,66,71,5,0.9295774647887324,,3.7278134864506685,0.9587275820950671,0.6157800338556868,2.464893589656427,2.930202970744561,3.4710842390044627,,71,0,True,1,0,29,12,0,0,92.87293153227324,,33.11208089146008,,RAW_WINDOWS_DT30_DISTANCE400_V1,100,100,0,1.0,,100,4.697329497783249,1.0286715956938572,3.0633777680748397,,0,5,3.1661223297209263e-10,0,0,0,0,1,1,92.87293153227324,NO_RAW_BREAK_CROSSING,R0,UNIFORM,PROCESSED,56e62344dffc004a570b9e9fbee76ea3d583f96303e49bda133b7dc9644811a8
11247,100,5,0.05,,True,False,False,0,29,66,71,5,0.9295774647887324,,3.7278134864506685,0.9587275820950671,0.6157800338556868,2.464893589656427,2.930202970744561,3.4710842390044627,,71,0,True,1,0,29,12,0,0,92.87293153227324,,33.11208089146008,,RAW_WINDOWS_DT30_DISTANCE400_V1,100,100,0,1.0,,100,4.697329497783249,1.0286715956938572,3.0633777680748397,,0,5,3.1661223297209263e-10,0,0,0,0,1,1,92.87293153227324,NO_RAW_BREAK_CROSSING,S0,UNIFORM,PROCESSED,dc50e52d35dd1676b2dbc435467ba311048c0ce83a2721b042904195167135af
3795,100,3,0.03,,True,False,False,0,0,97,100,3,0.97,,2.9178668856604544,0.7101467035631286,0.3618621038668412,2.4497449715491255,2.8905837067657103,2.9178668856604544,,100,0,True,1,0,0,100,0,0,65.25601580147988,,61.108822624881284,,RAW_WINDOWS_DT30_DISTANCE400_V1,100,100,0,1.0,,100,2.9178668856604544,0.7101467035631286,2.8905837067657103,,0,5,8.26860390426754e-11,0,0,0,0,1,1,65.25601580147988,NO_RAW_BREAK_CROSSING,R0,UNIFORM,PROCESSED,9c21b0b37e8c5161db57ab1da913983335dfedd76bc047ec6231a14976316e40
3795,100,3,0.03,,True,False,False,0,0,97,100,3,0.97,,2.9178668856604544,0.7101467035631286,0.3618621038668412,2.4497449715491255,2.8905837067657103,2.9178668856604544,,100,0,True,1,0,0,100,0,0,65.25601580147988,,61.108822624881284,,RAW_WINDOWS_DT30_DISTANCE400_V1,100,100,0,1.0,,100,2.9178668856604544,0.7101467035631286,2.8905837067657103,,0,5,8.26860390426754e-11,0,0,0,0,1,1,65.25601580147988,NO_RAW_BREAK_CROSSING,S0,UNIFORM,PROCESSED,4ab8da6413105ec9365571dd2f21d8ebfde00328220aadfeefaac0610d453651
10373,113,35,0.30973451327433627,,True,False,False,0,7,71,106,35,0.6698113207547169,,4.940046402081095,0.8727963223533565,0.28296724628147757,3.7121792254241504,3.924955159959488,4.905965959760606,,106,0,True,1,0,7,38,0,0,7018.5711566858245,,6895.0170373985775,,RAW_WINDOWS_DT30_DISTANCE400_V1,113,113,0,1.0,,113,49.61641921843672,1.8200671887054223,4.59834579888075,,3,5,2.0670372448159414e-10,0,0,0,0,1,1,7018.5711566858245,NO_RAW_BREAK_CROSSING,R0,UNIFORM,PROCESSED,6e5df08a457e5a7302ad50f8a0204c94ef65d736f459bdbf2df2ce5645120c57
10373,113,35,0.30973451327433627,,True,False,False,0,7,71,106,35,0.6698113207547169,,4.940046402081095,0.8727963223533565,0.28296724628147757,3.7121792254241504,3.924955159959488,4.905965959760606,,106,0,True,1,0,7,38,0,0,7018.5711566858245,,6895.0170373985775,,RAW_WINDOWS_DT30_DISTANCE400_V1,113,113,0,1.0,,113,49.61641921843672,1.8200671887054223,4.59834579888075,,3,5,2.0670372448159414e-10,0,0,0,0,1,1,7018.5711566858245,NO_RAW_BREAK_CROSSING,S0,UNIFORM,PROCESSED,2bc94d3ae663d06d8a046102788b4ed43d49231c3112859d1ab5bc292cdf2919
5436,118,40,0.3389830508474576,,True,False,False,0,10,68,108,40,0.6296296296296297,,4.8635843050111776,1.4617175751282285,0.4943683359986549,4.147181352704997,4.603042395795688,4.7097246967688715,,108,0,True,1,0,10,34,0,0,6168.671854374307,,6086.317647138109,,RAW_WINDOWS_DT30_DISTANCE400_V1,118,118,0,1.0,,118,20.670221626696918,2.083033433058245,5.3610887269931125,,6,5,2.5247482235744637e-10,0,0,0,0,1,1,6168.671854374307,NO_RAW_BREAK_CROSSING,R0,UNIFORM,PROCESSED,f5f37a11193a6db3aecb4d83fb84a9ba0a69691f84db24ce7e90b3c2e1da8060
5436,118,40,0.3389830508474576,,True,False,False,0,10,68,108,40,0.6296296296296297,,4.8635843050111776,1.4617175751282285,0.4943683359986549,4.147181352704997,4.603042395795688,4.7097246967688715,,108,0,True,1,0,10,34,0,0,6168.671854374307,,6086.317647138109,,RAW_WINDOWS_DT30_DISTANCE400_V1,118,118,0,1.0,,118,20.670221626696918,2.083033433058245,5.3610887269931125,,6,5,2.5247482235744637e-10,0,0,0,0,1,1,6168.671854374307,NO_RAW_BREAK_CROSSING,S0,UNIFORM,PROCESSED,40865c5f6fef7936af312ea122f7520d2db4c73a1b42a4567ad1582ebeea2440
1953,99,0,0.0,,False,True,True,99,0,0,0,0,,EMPTY_DP_REFERENCE_DENOMINATOR,,,,,,,EMPTY_DP_REFERENCE,0,0,True,1,1,0,0,0,0,0.0,,,EMPTY_OUTPUT,RAW_WINDOWS_DT30_DISTANCE400_V1,99,0,99,0.0,,0,,,,NO_COVERED_RAW_POINTS,0,5,1.4560514916355365e-10,0,0,0,0,1,0,0.0,NO_RAW_BREAK_CROSSING,R0,UNIFORM,ALL_FILTERED,e6969a54a6e6f855eb842b94f455fbea6b7b50915f8b2ceb81319ad666c6a3cd
1953,99,2,0.020202020202020204,,True,False,False,0,0,97,99,2,0.9797979797979798,,0.0,0.0,0.0,0.0,0.0,0.0,,99,0,True,1,0,0,99,0,0,0.0,,0.0,,RAW_WINDOWS_DT30_DISTANCE400_V1,99,99,0,1.0,,99,0.0,0.0,0.0,,0,5,1.4560514916355365e-10,0,0,0,0,1,1,0.0,NO_RAW_BREAK_CROSSING,S0,UNIFORM,PROCESSED,cd08d49b579c96c38de53ce216ad6e58eba77ef5cf938657052b3cf88466469c
2485,101,8,0.07920792079207921,,True,False,False,0,0,93,101,8,0.9207920792079208,,4.538904083421889,0.9184877702417237,0.6341545511005936,2.80597992789809,3.036917416834643,3.424342188208082,,101,0,True,1,0,0,51,0,0,1519.4081658041616,,1516.1931162190228,,RAW_WINDOWS_DT30_DISTANCE400_V1,101,101,0,1.0,,101,4.538904083421889,0.9184877702417237,3.036917416834643,,0,5,2.3108384372447954e-10,0,0,0,0,1,1,1519.4081658041616,NO_RAW_BREAK_CROSSING,R0,UNIFORM,PROCESSED,50a3d7ce1e2f4543eeca5dad78115a10796eb595ad055bdefaa36faba4b18b17
2485,101,8,0.07920792079207921,,True,False,False,0,0,93,101,8,0.9207920792079208,,4.538904083421889,0.9184877702417237,0.6341545511005936,2.80597992789809,3.036917416834643,3.424342188208082,,101,0,True,1,0,0,51,0,0,1519.4081658041616,,1516.1931162190228,,RAW_WINDOWS_DT30_DISTANCE400_V1,101,101,0,1.0,,101,4.538904083421889,0.9184877702417237,3.036917416834643,,0,5,2.3108384372447954e-10,0,0,0,0,1,1,1519.4081658041616,NO_RAW_BREAK_CROSSING,S0,UNIFORM,PROCESSED,29d192dbc005b472aab26ba803b2e96b934d0c6594303d7532bab6f9ecb0778d
3817,101,31,0.3069306930693069,,True,False,False,0,0,70,101,31,0.693069306930693,,4.724205903412131,1.5827870155829349,0.6859866712803999,4.159159798148894,4.724205903412131,4.724205903412131,,101,0,True,1,0,0,52,0,0,6802.319446462251,,6798.915758828372,,RAW_WINDOWS_DT30_DISTANCE400_V1,101,101,0,1.0,,101,4.724205903412131,1.5827870155829349,4.724205903412131,,0,5,2.375016781352735e-10,0,0,0,0,1,1,6802.319446462251,NO_RAW_BREAK_CROSSING,R0,UNIFORM,PROCESSED,049c62fc526f0c35ebcfefc3a0d30d406a9f9cff6f100f41d44bf5fc6f3ea8e3
3817,101,31,0.3069306930693069,,True,False,False,0,0,70,101,31,0.693069306930693,,4.724205903412131,1.5827870155829349,0.6859866712803999,4.159159798148894,4.724205903412131,4.724205903412131,,101,0,True,1,0,0,52,0,0,6802.319446462251,,6798.915758828372,,RAW_WINDOWS_DT30_DISTANCE400_V1,101,101,0,1.0,,101,4.724205903412131,1.5827870155829349,4.724205903412131,,0,5,2.375016781352735e-10,0,0,0,0,1,1,6802.319446462251,NO_RAW_BREAK_CROSSING,S0,UNIFORM,PROCESSED,93c3ecb0796320485dc129dc1d08d83bf93a2b113ae6a666bbb2eaf960326fad
9803,103,52,0.5048543689320388,,True,False,False,5,2,44,96,52,0.45833333333333337,,4.035249778210022,0.5927557971524818,0.0,2.08654405472928,2.771308255469822,3.7748125568721353,,96,0,True,9,2,2,39,0,0,17310.067577883092,,13156.800116345392,,RAW_WINDOWS_DT30_DISTANCE400_V1,103,98,5,0.9514563106796117,,98,71.96670212978424,1.3508259717697861,3.487811917590403,,1,5,1.6601064858222538e-10,8,0,0,3,9,7,13851.484970324833,NO_RAW_BREAK_CROSSING,R0,UNIFORM,PROCESSED,cf8bec3bc43efff5491952b4c6248f8ff77ee213bb4bc777a15d9f1b1f07df5b
9803,103,56,0.5436893203883495,,True,False,False,0,2,45,101,56,0.4455445544554455,,4.035249778210022,0.5636128555280254,0.0,1.9932027185324641,2.61071022268251,3.761105334696458,,101,0,True,9,0,2,44,0,0,17310.067577883092,,13810.560650712048,,RAW_WINDOWS_DT30_DISTANCE400_V1,103,103,0,1.0,,103,71.96670212978424,1.2854493894672945,3.460866750599797,,1,5,1.6601064858222538e-10,8,0,0,0,9,9,13851.484970324833,NO_RAW_BREAK_CROSSING,S0,UNIFORM,PROCESSED,56cad57de0c7509594d8a3564fa8dcfefd72e2594c050f258380894347b6c962
5056,100,0,0.0,,False,True,True,100,0,0,0,0,,EMPTY_DP_REFERENCE_DENOMINATOR,,,,,,,EMPTY_DP_REFERENCE,0,0,True,1,1,0,0,0,0,4.346356368759633,,,EMPTY_OUTPUT,RAW_WINDOWS_DT30_DISTANCE400_V1,100,0,100,0.0,,0,,,,NO_COVERED_RAW_POINTS,0,5,1.1374063826811949e-10,0,0,0,0,1,0,4.346356368759633,NO_RAW_BREAK_CROSSING,R0,UNIFORM,ALL_FILTERED,9518a2954372941817a071c143ac25dea49844bf96c5172191f99548a1c38dc3
5056,100,2,0.02,,True,False,False,0,0,98,100,2,0.98,,1.6054563133758808,0.8515425430338683,0.8715453751997906,1.324793365168686,1.6054563133758808,1.6054563133758808,,100,0,True,1,0,0,100,0,0,4.346356368759633,,1.7948998488127614,,RAW_WINDOWS_DT30_DISTANCE400_V1,100,100,0,1.0,,100,1.6054563133758808,0.8515425430338683,1.6054563133758808,,0,5,1.1374063826811949e-10,0,0,0,0,1,1,4.346356368759633,NO_RAW_BREAK_CROSSING,S0,UNIFORM,PROCESSED,0fd30583ea0594c5ac363a45851e68521b120129fadebdc10689c870a9f597b1
1664,145,69,0.47586206896551725,,True,False,False,0,11,65,134,69,0.4850746268656716,,4.810686368749669,0.9455267450325086,0.0,3.137854296639058,4.050610160045774,4.749019092953968,,134,0,True,1,0,11,29,0,0,9070.086499934143,,8972.440689848598,,RAW_WINDOWS_DT30_DISTANCE400_V1,145,145,0,1.0,,145,37.54536726324256,1.7237941679279722,6.676669413319738,,8,5,2.438203246296335e-10,0,0,0,0,1,1,9070.086499934143,NO_RAW_BREAK_CROSSING,R0,UNIFORM,PROCESSED,de4c6509c9a06c898ea234f6eaf87a273d1f84e6d4a1774c6f7569fce170c160
1664,145,69,0.47586206896551725,,True,False,False,0,11,65,134,69,0.4850746268656716,,4.810686368749669,0.9455267450325086,0.0,3.137854296639058,4.050610160045774,4.749019092953968,,134,0,True,1,0,11,29,0,0,9070.086499934143,,8972.440689848598,,RAW_WINDOWS_DT30_DISTANCE400_V1,145,145,0,1.0,,145,37.54536726324256,1.7237941679279722,6.676669413319738,,8,5,2.438203246296335e-10,0,0,0,0,1,1,9070.086499934143,NO_RAW_BREAK_CROSSING,S0,UNIFORM,PROCESSED,23d3e046ce3296e0773bd43e047b830f1f61f903f20032c18c22fd13116c2c20
6073,99,24,0.24242424242424243,,True,False,False,0,22,53,77,24,0.6883116883116883,,4.9971311138733405,1.0140061599996744,0.44000693219779896,2.7461119419785343,4.1472484644608825,4.73375573504608,,77,0,True,1,0,22,24,0,0,1209.8950306343977,,1083.4819700887183,,RAW_WINDOWS_DT30_DISTANCE400_V1,99,99,0,1.0,,99,12.803240373183616,1.7763541287961961,5.998303371372005,,10,5,2.8457942970249245e-10,0,0,0,0,1,1,1209.8950306343977,NO_RAW_BREAK_CROSSING,R0,UNIFORM,PROCESSED,79d62ac1b556267a877e9c15f7f240fc18c42151229d39ca47ec1fcaffe0e5ca
6073,99,24,0.24242424242424243,,True,False,False,0,22,53,77,24,0.6883116883116883,,4.9971311138733405,1.0140061599996744,0.44000693219779896,2.7461119419785343,4.1472484644608825,4.73375573504608,,77,0,True,1,0,22,24,0,0,1209.8950306343977,,1083.4819700887183,,RAW_WINDOWS_DT30_DISTANCE400_V1,99,99,0,1.0,,99,12.803240373183616,1.7763541287961961,5.998303371372005,,10,5,2.8457942970249245e-10,0,0,0,0,1,1,1209.8950306343977,NO_RAW_BREAK_CROSSING,S0,UNIFORM,PROCESSED,4c61d2474512f0c70166c31595af94ac8011645d4f6a455cc06e04b52bc656ae
10571,98,0,0.0,,False,True,True,98,0,0,0,0,,EMPTY_DP_REFERENCE_DENOMINATOR,,,,,,,EMPTY_DP_REFERENCE,0,0,True,1,1,0,0,0,0,20.259052331258566,,,EMPTY_OUTPUT,RAW_WINDOWS_DT30_DISTANCE400_V1,98,0,98,0.0,,0,,,,NO_COVERED_RAW_POINTS,0,5,2.848439534617016e-10,0,0,0,0,1,0,20.259052331258566,NO_RAW_BREAK_CROSSING,R0,UNIFORM,ALL_FILTERED,e48d6d40f948e7756f914d8adb0e32c5d6f2e1ab044a88a646f6102766c26499
10571,98,2,0.02040816326530612,,True,False,False,0,0,96,98,2,0.9795918367346939,,4.701931861700624,2.1654237630301676,2.1216469002929155,4.020363900558667,4.390408060807954,4.701931861700624,,98,0,True,1,0,0,97,0,0,20.259052331258566,,4.129880642060668,,RAW_WINDOWS_DT30_DISTANCE400_V1,98,98,0,1.0,,98,4.701931861700624,2.1654237630301676,4.390408060807954,,0,5,2.848439534617016e-10,0,0,0,0,1,1,20.259052331258566,NO_RAW_BREAK_CROSSING,S0,UNIFORM,PROCESSED,58da7a1953c2d996119d30be48f59c7c13af8aed4315d77161c42ca60aff2b0c
9080,101,11,0.10891089108910891,,True,False,False,0,0,90,101,11,0.8910891089108911,,4.864794341313033,1.2972196566708363,0.9098269038856005,2.584154072187867,2.584154072187867,4.016524911623407,,101,0,True,1,0,0,71,0,0,3108.844021913953,,3105.6875294842034,,RAW_WINDOWS_DT30_DISTANCE400_V1,101,101,0,1.0,,101,4.864794341313033,1.2972196566708363,2.584154072187867,,0,5,1.5323062911549242e-10,0,0,0,0,1,1,3108.844021913953,NO_RAW_BREAK_CROSSING,R0,UNIFORM,PROCESSED,d5df7a8c3b8a32b18e2428b780c835e771d2257eba21e267de5636817270125e
9080,101,11,0.10891089108910891,,True,False,False,0,0,90,101,11,0.8910891089108911,,4.864794341313033,1.2972196566708363,0.9098269038856005,2.584154072187867,2.584154072187867,4.016524911623407,,101,0,True,1,0,0,71,0,0,3108.844021913953,,3105.6875294842034,,RAW_WINDOWS_DT30_DISTANCE400_V1,101,101,0,1.0,,101,4.864794341313033,1.2972196566708363,2.584154072187867,,0,5,1.5323062911549242e-10,0,0,0,0,1,1,3108.844021913953,NO_RAW_BREAK_CROSSING,S0,UNIFORM,PROCESSED,21fbdd11f9bb8b5cee85009b8ad90c94f00dd70c1d68f2fba0a2b5e8021bcff1
9989,103,45,0.4368932038834951,,True,False,False,13,1,44,89,45,0.4943820224719101,,4.753575563928629,0.6661734846756036,0.0,2.3977477044291287,3.010920543243727,3.570743085941483,,89,0,True,18,4,1,42,0,0,28310.174728008158,,17634.34722763897,,RAW_WINDOWS_DT30_DISTANCE400_V1,103,90,13,0.8737864077669902,,90,44.560055858776494,1.15388328883228,3.12627256652753,,1,5,3.71567425422489e-10,17,0,0,6,18,14,19785.48941672507,NO_RAW_BREAK_CROSSING,R0,UNIFORM,PROCESSED,20cb7d16d2ec3ef2bf39e8ffa5ffa8d6e6c991b10360b51ee3f0d1221f4c57bb
9989,103,54,0.5242718446601942,,True,False,False,0,1,48,102,54,0.47058823529411764,,4.753575563928629,0.6226282853863382,0.0,2.37575460863014,2.997407884255849,3.408056374858443,,102,0,True,18,0,1,53,0,0,28310.174728008158,,19767.137264764275,,RAW_WINDOWS_DT30_DISTANCE400_V1,103,103,0,1.0,,103,44.560055858776494,1.0492052521182815,3.0752745813020756,,1,5,3.71567425422489e-10,17,0,0,0,18,18,19785.48941672507,NO_RAW_BREAK_CROSSING,S0,UNIFORM,PROCESSED,1ce5d2b85dd324c9650271ad72a04b7d9deaa607531d36db787bb70e4516a960
3312,105,52,0.49523809523809526,,True,False,False,9,0,44,96,52,0.45833333333333337,,4.856629938347509,0.666855424547201,0.0,2.0836409959445863,3.3332145631583776,4.801737794363734,,96,0,True,9,4,0,24,0,0,19057.98249627606,,13761.179524799312,,RAW_WINDOWS_DT30_DISTANCE400_V1,105,96,9,0.9142857142857143,,96,4.856629938347509,0.666855424547201,3.3332145631583776,,0,5,2.3476869428636e-10,8,0,0,6,9,5,14651.683992973623,NO_RAW_BREAK_CROSSING,R0,UNIFORM,PROCESSED,d69b956034f978d7feddc79e809247f1b9e8a5e8415db863181ebcb69e91095b
3312,105,58,0.5523809523809524,,True,False,False,2,0,45,103,58,0.4368932038834952,,4.856629938347509,0.6524551091463816,0.0,2.1115190431916533,3.2829424264183595,4.794316892585761,,103,0,True,9,2,0,30,0,0,19057.98249627606,,14650.072264703447,,RAW_WINDOWS_DT30_DISTANCE400_V1,105,103,2,0.9809523809523809,,103,4.856629938347509,0.6524551091463816,3.2829424264183595,,0,5,2.3476869428636e-10,8,0,0,2,9,7,14651.683992973623,NO_RAW_BREAK_CROSSING,S0,UNIFORM,PROCESSED,f3906a7f3d49bb89eb90b627817002c2e6a1cb1ab29a56de4816e26c7e12cf7e
10168,94,12,0.1276595744680851,,True,False,False,3,1,78,90,12,0.8666666666666667,,4.530884435750369,1.437031317231141,1.5293484387334697,2.472599549237522,3.8096341568622667,3.8889716875399576,,90,0,True,2,1,1,75,0,0,3484.238315997052,,2231.2974621003314,,RAW_WINDOWS_DT30_DISTANCE400_V1,94,91,3,0.9680851063829787,,91,4.530884435750369,1.4306491346793162,3.8096341568622667,,0,5,5.981151664432173e-10,1,0,0,1,2,1,2811.7318608182923,NO_RAW_BREAK_CROSSING,R0,UNIFORM,PROCESSED,f0740a94612b008e750196a56419f318a235d615db83a1436591be48d0fade1c
10168,94,14,0.14893617021276595,,True,False,False,0,1,79,93,14,0.8494623655913979,,4.530884435750369,1.4088385821421872,1.5293484387334697,2.4702770273784753,3.8096341568622667,3.8673341791733136,,93,0,True,2,0,1,78,0,0,3484.238315997052,,2798.7266648585824,,RAW_WINDOWS_DT30_DISTANCE400_V1,94,94,0,1.0,,94,4.530884435750369,1.4029600089812606,3.8096341568622667,,0,5,5.981151664432173e-10,1,0,0,0,2,2,2811.7318608182923,NO_RAW_BREAK_CROSSING,S0,UNIFORM,PROCESSED,f466052d2190d553c483089620b3776c803c1631ab2225d33ea4446159aea3e4
671,142,58,0.4084507042253521,,True,False,False,0,16,68,126,58,0.5396825396825398,,4.160987571287242,1.036393934057353,0.05065579413861963,3.4725887981572243,3.848623408790452,4.025615164452644,,126,0,True,1,0,16,42,0,0,6643.556269726579,,6570.0698560239125,,RAW_WINDOWS_DT30_DISTANCE400_V1,142,142,0,1.0,,142,22.051283796378573,1.8695178848882392,6.349892383218703,,8,5,2.0708001283896972e-10,0,0,0,0,1,1,6643.556269726579,NO_RAW_BREAK_CROSSING,R0,UNIFORM,PROCESSED,5e69062382f6e8defac175b85265cea21db08313bc222605e25a8f2a4145953b
671,142,58,0.4084507042253521,,True,False,False,0,16,68,126,58,0.5396825396825398,,4.160987571287242,1.036393934057353,0.05065579413861963,3.4725887981572243,3.848623408790452,4.025615164452644,,126,0,True,1,0,16,42,0,0,6643.556269726579,,6570.0698560239125,,RAW_WINDOWS_DT30_DISTANCE400_V1,142,142,0,1.0,,142,22.051283796378573,1.8695178848882392,6.349892383218703,,8,5,2.0708001283896972e-10,0,0,0,0,1,1,6643.556269726579,NO_RAW_BREAK_CROSSING,S0,UNIFORM,PROCESSED,a3b2d79248bdcd0f787e78762691b2f8339359047fe290882321350e3bca5f9e
1617,112,46,0.4107142857142857,,True,False,False,0,2,64,110,46,0.5818181818181818,,4.775960477751795,0.7863086726433265,0.0,2.79638308498679,3.897220573871302,4.565869777804333,,110,0,True,1,0,2,26,0,0,9951.69809872429,,9940.307582702917,,RAW_WINDOWS_DT30_DISTANCE400_V1,112,112,0,1.0,,112,11.68580734003247,0.9454828648616352,4.098342197252157,,2,5,1.3992077721239935e-10,0,0,0,0,1,1,9951.69809872429,NO_RAW_BREAK_CROSSING,R0,UNIFORM,PROCESSED,d244fabced072e2333facbc1af94438537f659a7d9ce50d9f01d45c89a08d025
1617,112,46,0.4107142857142857,,True,False,False,0,2,64,110,46,0.5818181818181818,,4.775960477751795,0.7863086726433265,0.0,2.79638308498679,3.897220573871302,4.565869777804333,,110,0,True,1,0,2,26,0,0,9951.69809872429,,9940.307582702917,,RAW_WINDOWS_DT30_DISTANCE400_V1,112,112,0,1.0,,112,11.68580734003247,0.9454828648616352,4.098342197252157,,2,5,1.3992077721239935e-10,0,0,0,0,1,1,9951.69809872429,NO_RAW_BREAK_CROSSING,S0,UNIFORM,PROCESSED,e9637362bd7122817724ff8e3e4d1dd9edd66986b0d3e2d008cc565eb2cf06d3
3313,105,11,0.10476190476190476,,True,False,False,0,3,91,102,11,0.892156862745098,,4.382738112693476,2.240387521181905,2.3133719753625277,4.2182616624794225,4.26390121427552,4.265069630281758,,102,0,True,1,0,3,77,0,0,2051.4140965491683,,2028.564715506456,,RAW_WINDOWS_DT30_DISTANCE400_V1,105,105,0,1.0,,105,10.945760147100236,2.399125456204274,4.265069630281758,,2,5,1.1924203577152884e-10,0,0,0,0,1,1,2051.4140965491683,NO_RAW_BREAK_CROSSING,R0,UNIFORM,PROCESSED,b4c54874f1251ac133691e86b37cd90fcb64fed35c3a49626e0a2cd8964cad78
3313,105,11,0.10476190476190476,,True,False,False,0,3,91,102,11,0.892156862745098,,4.382738112693476,2.240387521181905,2.3133719753625277,4.2182616624794225,4.26390121427552,4.265069630281758,,102,0,True,1,0,3,77,0,0,2051.4140965491683,,2028.564715506456,,RAW_WINDOWS_DT30_DISTANCE400_V1,105,105,0,1.0,,105,10.945760147100236,2.399125456204274,4.265069630281758,,2,5,1.1924203577152884e-10,0,0,0,0,1,1,2051.4140965491683,NO_RAW_BREAK_CROSSING,S0,UNIFORM,PROCESSED,a9cdd308dd848d52b58fda7a58b5ada3be72f38f25c32a5502587d768ee73d73
6329,104,30,0.28846153846153844,,True,False,False,4,4,66,96,30,0.6875,,4.663954326700177,0.7677359533965942,0.22894911859655345,2.2761954550707104,2.8646637950815776,4.358531513010549,,96,0,True,5,1,4,44,0,0,10789.255595193134,,8860.997275415542,,RAW_WINDOWS_DT30_DISTANCE400_V1,104,100,4,0.9615384615384616,,100,12.020968430032168,1.0743082653535496,4.358531513010549,,4,5,4.391568023655958e-10,4,0,0,2,5,4,9285.008660938478,NO_RAW_BREAK_CROSSING,R0,UNIFORM,PROCESSED,c0619279529a6851eaaf1e90cc884de373905163e7bf12bc000681303d4056ec
6329,104,32,0.3076923076923077,,True,False,False,0,4,68,100,32,0.6799999999999999,,4.663954326700177,0.752840770504744,0.20844554532756648,2.2114219248243567,2.798660556275974,4.345671605065725,,100,0,True,5,0,4,47,0,0,10789.255595193134,,9266.72795911868,,RAW_WINDOWS_DT30_DISTANCE400_V1,104,104,0,1.0,,104,12.020968430032168,1.0481947313438105,4.3238072615091525,,4,5,4.391568023655958e-10,4,0,0,0,5,5,9285.008660938478,NO_RAW_BREAK_CROSSING,S0,UNIFORM,PROCESSED,dc28fe5aca820a4d42755e1195b1aa5ad355fb70bf1f4d1b9344162d57aac786
165,109,27,0.24770642201834864,,True,False,False,1,7,74,101,27,0.7326732673267327,,4.488214452483812,0.7097415873888664,0.43656518671283673,2.0605434903862574,2.823646066858048,4.268742184553314,,101,0,True,4,1,7,67,0,0,6152.922105258213,,4334.604044010853,,RAW_WINDOWS_DT30_DISTANCE400_V1,109,108,1,0.9908256880733946,,108,13.40422431571377,1.06912979555945,4.411399158708136,,4,5,1.4547123776574082e-10,3,0,0,1,4,3,4353.149823664946,NO_RAW_BREAK_CROSSING,R0,UNIFORM,PROCESSED,020a0f2349d50d834485678b9e8f17e4ded372917530f905df0fab5d45397af2
165,109,27,0.24770642201834864,,True,False,False,1,7,74,101,27,0.7326732673267327,,4.488214452483812,0.7097415873888664,0.43656518671283673,2.0605434903862574,2.823646066858048,4.268742184553314,,101,0,True,4,1,7,67,0,0,6152.922105258213,,4334.604044010853,,RAW_WINDOWS_DT30_DISTANCE400_V1,109,108,1,0.9908256880733946,,108,13.40422431571377,1.06912979555945,4.411399158708136,,4,5,1.4547123776574082e-10,3,0,0,1,4,3,4353.149823664946,NO_RAW_BREAK_CROSSING,S0,UNIFORM,PROCESSED,a989ac8a289eb91b21ab05a100d6a491fab1832e7fcf272d1e1dfada418631dc
4406,125,45,0.36,,True,False,False,0,12,68,113,45,0.6017699115044248,,4.884007178734095,0.9474731901500872,0.2906423882423279,3.1055899688433883,3.8736460175550613,4.816506408562914,,113,0,True,2,0,12,23,0,0,7666.7475762732765,,7066.388854437287,,RAW_WINDOWS_DT30_DISTANCE400_V1,125,125,0,1.0,,125,82.21635067453276,1.9039191727681548,4.878615972356943,,6,5,1.940413966900772e-10,1,0,0,0,2,2,7524.496042983159,NO_RAW_BREAK_CROSSING,R0,UNIFORM,PROCESSED,1c97d91cd0a9fa7c9763ab9a24766b4dec0bbbf26f9e54669704c3918697df27
4406,125,45,0.36,,True,False,False,0,12,68,113,45,0.6017699115044248,,4.884007178734095,0.9474731901500872,0.2906423882423279,3.1055899688433883,3.8736460175550613,4.816506408562914,,113,0,True,2,0,12,23,0,0,7666.7475762732765,,7066.388854437287,,RAW_WINDOWS_DT30_DISTANCE400_V1,125,125,0,1.0,,125,82.21635067453276,1.9039191727681548,4.878615972356943,,6,5,1.940413966900772e-10,1,0,0,0,2,2,7524.496042983159,NO_RAW_BREAK_CROSSING,S0,UNIFORM,PROCESSED,a33f1ec24a4078477b0825d6ca909eadee36e312df112e02b3752f63b992f781
10030,99,0,0.0,,False,True,True,99,0,0,0,0,,EMPTY_DP_REFERENCE_DENOMINATOR,,,,,,,EMPTY_DP_REFERENCE,0,0,True,1,1,0,0,0,0,33.93976247719864,,,EMPTY_OUTPUT,RAW_WINDOWS_DT30_DISTANCE400_V1,99,0,99,0.0,,0,,,,NO_COVERED_RAW_POINTS,0,5,2.3044834789787227e-10,0,0,0,0,1,0,33.93976247719864,NO_RAW_BREAK_CROSSING,R0,UNIFORM,ALL_FILTERED,4b443e6ecd1deb70e00e3fa10339bc274ce14a0b11e020155d95facca18b5ab0
10030,99,2,0.020202020202020204,,True,False,False,0,0,97,99,2,0.9797979797979798,,2.714438099031552,1.52070328722969,1.5616801888655605,2.6063635871962694,2.714438099031552,2.714438099031552,,99,0,True,1,0,0,99,0,0,33.93976247719864,,31.95291846745385,,RAW_WINDOWS_DT30_DISTANCE400_V1,99,99,0,1.0,,99,2.714438099031552,1.52070328722969,2.714438099031552,,0,5,2.3044834789787227e-10,0,0,0,0,1,1,33.93976247719864,NO_RAW_BREAK_CROSSING,S0,UNIFORM,PROCESSED,e8585adc3feed38c399babcd315d4406c7010910989a7707ee39f6e3be6c02db
6270,101,12,0.1188118811881188,,True,False,False,0,1,88,100,12,0.88,,3.770880761511032,1.192540138453703,1.1128037627571752,2.603179972877367,2.603179972877367,3.770880761511032,,100,0,True,1,0,1,88,0,0,919.2244227887111,,886.9393023373818,,RAW_WINDOWS_DT30_DISTANCE400_V1,101,101,0,1.0,,101,38.75520236669202,1.5644476852679436,2.603179972877367,,1,5,3.4435754993494554e-10,0,0,0,0,1,1,919.2244227887111,NO_RAW_BREAK_CROSSING,R0,UNIFORM,PROCESSED,4e179fe9b8edbea9865bb3b3df9af5c1cddd74824c89ca8fb178cd032973340b
6270,101,12,0.1188118811881188,,True,False,False,0,1,88,100,12,0.88,,3.770880761511032,1.192540138453703,1.1128037627571752,2.603179972877367,2.603179972877367,3.770880761511032,,100,0,True,1,0,1,88,0,0,919.2244227887111,,886.9393023373818,,RAW_WINDOWS_DT30_DISTANCE400_V1,101,101,0,1.0,,101,38.75520236669202,1.5644476852679436,2.603179972877367,,1,5,3.4435754993494554e-10,0,0,0,0,1,1,919.2244227887111,NO_RAW_BREAK_CROSSING,S0,UNIFORM,PROCESSED,c4f7b115e23a4e3fbfa1b9e661c87337dc0233b95c80e066cc01889b606be361
2666,115,55,0.4782608695652174,,True,False,False,0,1,59,114,55,0.5175438596491229,,4.524663809899432,0.6077210894103743,0.0,2.0712373930836714,2.1179186851056615,4.359348194662552,,114,0,True,7,0,1,37,0,0,15913.45141206918,,13548.424483029596,,RAW_WINDOWS_DT30_DISTANCE400_V1,115,115,0,1.0,,115,14.028156626784314,0.7244205288657998,2.258875134468129,,1,5,3.9579198155702343e-10,6,0,0,0,7,7,13556.926424399337,NO_RAW_BREAK_CROSSING,R0,UNIFORM,PROCESSED,69f70958eb2eae7380b5e80f05bfc725084ba35180d8c57d0a4dbfc3ee099366
2666,115,55,0.4782608695652174,,True,False,False,0,1,59,114,55,0.5175438596491229,,4.524663809899432,0.6077210894103743,0.0,2.0712373930836714,2.1179186851056615,4.359348194662552,,114,0,True,7,0,1,37,0,0,15913.45141206918,,13548.424483029596,,RAW_WINDOWS_DT30_DISTANCE400_V1,115,115,0,1.0,,115,14.028156626784314,0.7244205288657998,2.258875134468129,,1,5,3.9579198155702343e-10,6,0,0,0,7,7,13556.926424399337,NO_RAW_BREAK_CROSSING,S0,UNIFORM,PROCESSED,8a43c399edfaf6c9a6d67e9329cac7a069dd92158037011de2418e7ca6b762c0
7083,103,20,0.1941747572815534,,True,False,False,0,1,82,102,20,0.803921568627451,,4.955109190490426,1.1547651578790257,1.055539087918815,2.860643701798729,2.860643701798729,3.516789440059443,,102,0,True,1,0,1,55,0,0,5959.345271615335,,5953.510016752355,,RAW_WINDOWS_DT30_DISTANCE400_V1,103,103,0,1.0,,103,7.907989325602247,1.2203304410608047,2.860643701798729,,1,5,3.601642702779584e-10,0,0,0,0,1,1,5959.345271615335,NO_RAW_BREAK_CROSSING,R0,UNIFORM,PROCESSED,07a2e5cd28ca1c06f256492ebeaae059682dca701629b08f13325ce0c113f8f3
7083,103,20,0.1941747572815534,,True,False,False,0,1,82,102,20,0.803921568627451,,4.955109190490426,1.1547651578790257,1.055539087918815,2.860643701798729,2.860643701798729,3.516789440059443,,102,0,True,1,0,1,55,0,0,5959.345271615335,,5953.510016752355,,RAW_WINDOWS_DT30_DISTANCE400_V1,103,103,0,1.0,,103,7.907989325602247,1.2203304410608047,2.860643701798729,,1,5,3.601642702779584e-10,0,0,0,0,1,1,5959.345271615335,NO_RAW_BREAK_CROSSING,S0,UNIFORM,PROCESSED,b3939b291e3695cdb6734b1fc830e7b438c05ae38ba69d75ed80e561564ab185
10883,127,59,0.4645669291338583,,True,False,False,0,15,53,112,59,0.4732142857142857,,4.969572593014761,0.6728503155395059,0.0,2.232246687518372,3.006434607787176,4.642536973752895,,112,0,True,1,0,15,31,0,0,10952.727120231382,,10826.0296288227,,RAW_WINDOWS_DT30_DISTANCE400_V1,127,127,0,1.0,,127,91.28994979009244,2.4701155831426607,8.480628086601758,,10,5,1.8971656725270128e-10,0,0,0,0,1,1,10952.727120231382,NO_RAW_BREAK_CROSSING,R0,UNIFORM,PROCESSED,f5b69f4a933657482e95cb4f404197e14106818fdd0fe10af1210b3f9a75eb92
10883,127,59,0.4645669291338583,,True,False,False,0,15,53,112,59,0.4732142857142857,,4.969572593014761,0.6728503155395059,0.0,2.232246687518372,3.006434607787176,4.642536973752895,,112,0,True,1,0,15,31,0,0,10952.727120231382,,10826.0296288227,,RAW_WINDOWS_DT30_DISTANCE400_V1,127,127,0,1.0,,127,91.28994979009244,2.4701155831426607,8.480628086601758,,10,5,1.8971656725270128e-10,0,0,0,0,1,1,10952.727120231382,NO_RAW_BREAK_CROSSING,S0,UNIFORM,PROCESSED,b800c9836e449494c043e4d6c2422a34368f292aa48132fedfe8b3181b3e291d
7132,154,59,0.38311688311688313,,True,False,False,0,15,80,139,59,0.5755395683453237,,4.855841900314956,0.9994450353355612,0.10381493736229212,3.202940047679131,3.9893927882927067,4.811812166213241,,139,0,True,1,0,15,37,0,0,8632.418567834997,,8487.008848997526,,RAW_WINDOWS_DT30_DISTANCE400_V1,154,154,0,1.0,,154,61.045153944243935,2.3710364550250285,7.502378333520157,,10,5,2.530701216756406e-10,0,0,0,0,1,1,8632.418567834997,NO_RAW_BREAK_CROSSING,R0,UNIFORM,PROCESSED,a5778db022e07d183a499c76b0ea111279dd70b1a713aa7475c008ceef3e0ee2
7132,154,59,0.38311688311688313,,True,False,False,0,15,80,139,59,0.5755395683453237,,4.855841900314956,0.9994450353355612,0.10381493736229212,3.202940047679131,3.9893927882927067,4.811812166213241,,139,0,True,1,0,15,37,0,0,8632.418567834997,,8487.008848997526,,RAW_WINDOWS_DT30_DISTANCE400_V1,154,154,0,1.0,,154,61.045153944243935,2.3710364550250285,7.502378333520157,,10,5,2.530701216756406e-10,0,0,0,0,1,1,8632.418567834997,NO_RAW_BREAK_CROSSING,S0,UNIFORM,PROCESSED,6fabfe2c0479d4d50f5e43349c3353fa5767fe011d2a1e734c32504886087b5b
3351,100,0,0.0,,False,True,True,100,0,0,0,0,,EMPTY_DP_REFERENCE_DENOMINATOR,,,,,,,EMPTY_DP_REFERENCE,0,0,True,1,1,0,0,0,0,5.5059384724492375,,,EMPTY_OUTPUT,RAW_WINDOWS_DT30_DISTANCE400_V1,100,0,100,0.0,,0,,,,NO_COVERED_RAW_POINTS,0,5,2.580338407376053e-10,0,0,0,0,1,0,5.5059384724492375,NO_RAW_BREAK_CROSSING,R0,UNIFORM,ALL_FILTERED,af633efc59ae3cfcf8fd60bb0e0da8d81b385294489de7cdecf70d7f5e245b6c
3351,100,2,0.02,,True,False,False,0,0,98,100,2,0.98,,0.4826210734634405,0.23784446170023965,0.2922390227631724,0.4826210734634405,0.4826210734634405,0.4826210734634405,,100,0,True,1,0,0,100,0,0,5.5059384724492375,,3.6530278207989215,,RAW_WINDOWS_DT30_DISTANCE400_V1,100,100,0,1.0,,100,0.4826210734634405,0.23784446170023965,0.4826210734634405,,0,5,2.580338407376053e-10,0,0,0,0,1,1,5.5059384724492375,NO_RAW_BREAK_CROSSING,S0,UNIFORM,PROCESSED,43c7790676a333f98859911e9aabd69e8df7da514ad663ad4e9bec6cdd6b557f
5470,117,42,0.358974358974359,,True,False,False,0,10,65,107,42,0.6074766355140186,,4.537240266811254,1.0400964101899193,0.4084019836741874,2.8365731028570704,3.1178596199313726,4.469534700612653,,107,0,True,1,0,10,35,0,0,7257.064419072974,,7188.247912144158,,RAW_WINDOWS_DT30_DISTANCE400_V1,117,117,0,1.0,,117,29.675661550340802,1.711031033179245,4.483810027462454,,5,5,1.7616799643950407e-10,0,0,0,0,1,1,7257.064419072974,NO_RAW_BREAK_CROSSING,R0,UNIFORM,PROCESSED,7853c1dde508ddf3d49b5b4a44db83ffd471ae85e847127b53de4f6992c2cb57
5470,117,42,0.358974358974359,,True,False,False,0,10,65,107,42,0.6074766355140186,,4.537240266811254,1.0400964101899193,0.4084019836741874,2.8365731028570704,3.1178596199313726,4.469534700612653,,107,0,True,1,0,10,35,0,0,7257.064419072974,,7188.247912144158,,RAW_WINDOWS_DT30_DISTANCE400_V1,117,117,0,1.0,,117,29.675661550340802,1.711031033179245,4.483810027462454,,5,5,1.7616799643950407e-10,0,0,0,0,1,1,7257.064419072974,NO_RAW_BREAK_CROSSING,S0,UNIFORM,PROCESSED,892ebf48cc2be04de883aaeaf3dc82b88a7e72617da60b5e1e5027be005f9200
7159,100,0,0.0,,False,True,True,100,0,0,0,0,,EMPTY_DP_REFERENCE_DENOMINATOR,,,,,,,EMPTY_DP_REFERENCE,0,0,True,1,1,0,0,0,0,51.90455910396371,,,EMPTY_OUTPUT,RAW_WINDOWS_DT30_DISTANCE400_V1,100,0,100,0.0,,0,,,,NO_COVERED_RAW_POINTS,0,5,3.2050344798262435e-10,0,0,0,0,1,0,51.90455910396371,NO_RAW_BREAK_CROSSING,R0,UNIFORM,ALL_FILTERED,bfc985114765f75079e62761557dd1745a750ed58964bc1f9ec073daedb5eea3
7159,100,3,0.03,,True,False,False,0,15,82,85,3,0.9647058823529412,,4.324092352106934,1.204341037407203,0.8513762373928794,2.8920915298830385,3.1764941432995815,4.146167780863636,,85,0,True,1,0,15,20,0,0,51.90455910396371,,20.00466780735364,,RAW_WINDOWS_DT30_DISTANCE400_V1,100,100,0,1.0,,100,4.324092352106934,1.1640330934473353,3.2224581095397085,,0,5,3.2050344798262435e-10,0,0,0,0,1,1,51.90455910396371,NO_RAW_BREAK_CROSSING,S0,UNIFORM,PROCESSED,e04f9ab2377175b741fa15820892784fd7856fe14b68176441524ea4c2253abd
9776,100,0,0.0,,False,True,True,100,0,0,0,0,,EMPTY_DP_REFERENCE_DENOMINATOR,,,,,,,EMPTY_DP_REFERENCE,0,0,True,1,1,0,0,0,0,20.989445522387403,,,EMPTY_OUTPUT,RAW_WINDOWS_DT30_DISTANCE400_V1,100,0,100,0.0,,0,,,,NO_COVERED_RAW_POINTS,0,5,2.326114115828428e-10,0,0,0,0,1,0,20.989445522387403,NO_RAW_BREAK_CROSSING,R0,UNIFORM,ALL_FILTERED,f4dfb392e14ff2e6961f57117868d55d69dcf50365112dfe78da44dbe66e2b80
9776,100,2,0.02,,True,False,False,0,0,98,100,2,0.98,,2.908921802827497,1.3603395789568822,1.5531918125153137,2.351141137743279,2.6230785145132502,2.908921802827497,,100,0,True,1,0,0,100,0,0,20.989445522387403,,3.845025434559673,,RAW_WINDOWS_DT30_DISTANCE400_V1,100,100,0,1.0,,100,2.908921802827497,1.3603395789568822,2.6230785145132502,,0,5,2.326114115828428e-10,0,0,0,0,1,1,20.989445522387403,NO_RAW_BREAK_CROSSING,S0,UNIFORM,PROCESSED,4222ff588276a9d1411bcc9c851357558552d499d8555fd1c498be6025417f21
3494,96,0,0.0,,False,True,True,96,0,0,0,0,,EMPTY_DP_REFERENCE_DENOMINATOR,,,,,,,EMPTY_DP_REFERENCE,0,0,True,4,4,0,0,0,0,77.20830543014797,,,EMPTY_OUTPUT,RAW_WINDOWS_DT30_DISTANCE400_V1,96,0,96,0.0,,0,,,,NO_COVERED_RAW_POINTS,0,5,1.1133863948619985e-10,3,0,0,6,4,0,73.04667296603786,NO_RAW_BREAK_CROSSING,R0,UNIFORM,ALL_FILTERED,70635c7d52a8ee1632e675d85dc720baec3855f41e6d38db6cc6e5082d3b88e7
3494,96,10,0.10416666666666667,,True,False,False,0,16,70,80,10,0.875,,4.504989985766231,0.9729575437828826,0.4909613516270678,2.601775309368626,3.7018987555183953,4.504989985766231,,80,0,True,4,0,16,21,0,0,77.20830543014797,,45.31767011687644,,RAW_WINDOWS_DT30_DISTANCE400_V1,96,96,0,1.0,,96,4.504989985766231,1.0344198985744761,3.9471826110470767,,0,5,1.1133863948619985e-10,3,0,0,0,4,4,73.04667296603786,NO_RAW_BREAK_CROSSING,S0,UNIFORM,PROCESSED,b83619d796c95133a1f1239a653e9149d2dec699be3b510bcc2748b7ec3a838c
1938,97,0,0.0,,False,True,True,97,0,0,0,0,,EMPTY_DP_REFERENCE_DENOMINATOR,,,,,,,EMPTY_DP_REFERENCE,0,0,True,1,1,0,0,0,0,12.316066002263598,,,EMPTY_OUTPUT,RAW_WINDOWS_DT30_DISTANCE400_V1,97,0,97,0.0,,0,,,,NO_COVERED_RAW_POINTS,0,5,3.7918513617766236e-10,0,0,0,0,1,0,12.316066002263598,NO_RAW_BREAK_CROSSING,R0,UNIFORM,ALL_FILTERED,e66bee6fd9f425e52f7aa43a9073bc03c620af363db9b5d7d12695b1aababb09
1938,97,2,0.020618556701030927,,True,False,False,0,0,95,97,2,0.979381443298969,,3.6560675775991283,1.6989057045303073,1.7129352294558307,3.1279688218713964,3.4610772333758324,3.6560675775991283,,97,0,True,1,0,0,96,0,0,12.316066002263598,,6.248181614442636,,RAW_WINDOWS_DT30_DISTANCE400_V1,97,97,0,1.0,,97,3.6560675775991283,1.6989057045303073,3.4610772333758324,,0,5,3.7918513617766236e-10,0,0,0,0,1,1,12.316066002263598,NO_RAW_BREAK_CROSSING,S0,UNIFORM,PROCESSED,530b55b664f064bfc99e2610170b276c7db2c6a8842c0d661748b5a4d223545e
3448,100,0,0.0,,False,True,True,100,0,0,0,0,,EMPTY_DP_REFERENCE_DENOMINATOR,,,,,,,EMPTY_DP_REFERENCE,0,0,True,1,1,0,0,0,0,31.205142617457884,,,EMPTY_OUTPUT,RAW_WINDOWS_DT30_DISTANCE400_V1,100,0,100,0.0,,0,,,,NO_COVERED_RAW_POINTS,0,5,2.695919769625102e-10,0,0,0,0,1,0,31.205142617457884,NO_RAW_BREAK_CROSSING,R0,UNIFORM,ALL_FILTERED,db78f9da916b5e5c38ebb0e111e9e93a54402e11dd1f90b2d950e5673274b282
3448,100,2,0.02,,True,False,False,0,0,98,100,2,0.98,,3.510296857949307,1.3470279436747419,1.455129030802309,2.605612905008058,2.9659258631134664,3.510296857949307,,100,0,True,1,0,0,100,0,0,31.205142617457884,,27.357962665363104,,RAW_WINDOWS_DT30_DISTANCE400_V1,100,100,0,1.0,,100,3.510296857949307,1.3470279436747419,2.9659258631134664,,0,5,2.695919769625102e-10,0,0,0,0,1,1,31.205142617457884,NO_RAW_BREAK_CROSSING,S0,UNIFORM,PROCESSED,ebc57800cc6161ce4e80ee3d24e81cf2376152414a5ae4a1cfc27571be6a60c1
8728,111,51,0.4594594594594595,,True,False,False,0,2,58,109,51,0.5321100917431192,,4.7230963510142345,1.0197302417417293,0.0,3.7184408960350748,3.9941266522706123,4.702523383850688,,109,0,True,2,0,2,29,0,0,8420.29610838404,,8048.746333889976,,RAW_WINDOWS_DT30_DISTANCE400_V1,111,111,0,1.0,,111,5.935720153087975,1.0904050690055354,4.220774627470224,,1,5,2.167376502965479e-10,1,0,0,0,2,2,8056.448542814849,NO_RAW_BREAK_CROSSING,R0,UNIFORM,PROCESSED,616995afb0e2f9968e1663a2906e8442312f8ca17fe7e33b74ccf0cd9fd5ee56
8728,111,51,0.4594594594594595,,True,False,False,0,2,58,109,51,0.5321100917431192,,4.7230963510142345,1.0197302417417293,0.0,3.7184408960350748,3.9941266522706123,4.702523383850688,,109,0,True,2,0,2,29,0,0,8420.29610838404,,8048.746333889976,,RAW_WINDOWS_DT30_DISTANCE400_V1,111,111,0,1.0,,111,5.935720153087975,1.0904050690055354,4.220774627470224,,1,5,2.167376502965479e-10,1,0,0,0,2,2,8056.448542814849,NO_RAW_BREAK_CROSSING,S0,UNIFORM,PROCESSED,9c41bec1986b0e7a78139e807a69801e2bd1b6ae56a93b3fe29b1fb9bc1375b4
10394,100,0,0.0,,False,True,True,100,0,0,0,0,,EMPTY_DP_REFERENCE_DENOMINATOR,,,,,,,EMPTY_DP_REFERENCE,0,0,True,1,1,0,0,0,0,18.746613656025712,,,EMPTY_OUTPUT,RAW_WINDOWS_DT30_DISTANCE400_V1,100,0,100,0.0,,0,,,,NO_COVERED_RAW_POINTS,0,5,4.704530928317141e-10,0,0,0,0,1,0,18.746613656025712,NO_RAW_BREAK_CROSSING,R0,UNIFORM,ALL_FILTERED,6d42c450de928e249817c2f9bf99c785f70f69020daaeba7a424922b964b22f8
10394,100,2,0.02,,True,False,False,0,0,98,100,2,0.98,,2.135244399080856,0.6988859528487683,0.5727203704677508,1.5774493877178868,1.7215066017330276,2.135244399080856,,100,0,True,1,0,0,100,0,0,18.746613656025712,,7.751033900224997,,RAW_WINDOWS_DT30_DISTANCE400_V1,100,100,0,1.0,,100,2.135244399080856,0.6988859528487683,1.7215066017330276,,0,5,4.704530928317141e-10,0,0,0,0,1,1,18.746613656025712,NO_RAW_BREAK_CROSSING,S0,UNIFORM,PROCESSED,1c76ec272cadf73d6ccd0e10af3e9d825f409b0c01c71601b8cfcd04f6e31d4c
8235,102,14,0.13725490196078433,,True,False,False,0,1,87,101,14,0.8613861386138614,,4.759347134427644,1.5098341658887688,1.3477268357855814,3.5366413409055095,3.5366413409055095,4.283434695925076,,101,0,True,1,0,1,69,0,0,3221.264649923286,,3210.9023509436624,,RAW_WINDOWS_DT30_DISTANCE400_V1,102,102,0,1.0,,102,7.156035081347819,1.5651890768246417,3.5366413409055095,,1,5,2.807938327427017e-10,0,0,0,0,1,1,3221.264649923286,NO_RAW_BREAK_CROSSING,R0,UNIFORM,PROCESSED,8abaa1edc23b0125787f0a810f944fdaa0c1486518cd297a6e96f8b23258562d
8235,102,14,0.13725490196078433,,True,False,False,0,1,87,101,14,0.8613861386138614,,4.759347134427644,1.5098341658887688,1.3477268357855814,3.5366413409055095,3.5366413409055095,4.283434695925076,,101,0,True,1,0,1,69,0,0,3221.264649923286,,3210.9023509436624,,RAW_WINDOWS_DT30_DISTANCE400_V1,102,102,0,1.0,,102,7.156035081347819,1.5651890768246417,3.5366413409055095,,1,5,2.807938327427017e-10,0,0,0,0,1,1,3221.264649923286,NO_RAW_BREAK_CROSSING,S0,UNIFORM,PROCESSED,1f18214ca0553d33a342aa9864ae883f47000c09e78cff880ca6ef3308c0e3a3
7932,99,0,0.0,,False,True,True,99,0,0,0,0,,EMPTY_DP_REFERENCE_DENOMINATOR,,,,,,,EMPTY_DP_REFERENCE,0,0,True,1,1,0,0,0,0,11.507532513941566,,,EMPTY_OUTPUT,RAW_WINDOWS_DT30_DISTANCE400_V1,99,0,99,0.0,,0,,,,NO_COVERED_RAW_POINTS,0,5,4.454090604590193e-10,0,0,0,0,1,0,11.507532513941566,NO_RAW_BREAK_CROSSING,R0,UNIFORM,ALL_FILTERED,e25dcdb566e10474ae9145813cf63b29f0e716f33ac930757fa7c7c6b16b1fca
7932,99,2,0.020202020202020204,,True,False,False,0,0,97,99,2,0.9797979797979798,,1.7302794160575838,0.6091146788146289,0.5131173640770358,1.3233654355494129,1.4671575891316229,1.7302794160575838,,99,0,True,1,0,0,99,0,0,11.507532513941566,,3.5424645552903504,,RAW_WINDOWS_DT30_DISTANCE400_V1,99,99,0,1.0,,99,1.7302794160575838,0.6091146788146289,1.4671575891316229,,0,5,4.454090604590193e-10,0,0,0,0,1,1,11.507532513941566,NO_RAW_BREAK_CROSSING,S0,UNIFORM,PROCESSED,573d28305d45947fb6f6d47758297d18d5625a2d3ef419e941b81b6d54121a41
1400,101,0,0.0,,False,True,True,101,0,0,0,0,,EMPTY_DP_REFERENCE_DENOMINATOR,,,,,,,EMPTY_DP_REFERENCE,0,0,True,8,8,0,0,0,0,4.727839490140096,,,EMPTY_OUTPUT,RAW_WINDOWS_DT30_DISTANCE400_V1,101,0,101,0.0,,0,,,,NO_COVERED_RAW_POINTS,0,5,7.276522160195656e-11,7,0,0,13,8,0,4.727839490140096,NO_RAW_BREAK_CROSSING,R0,UNIFORM,ALL_FILTERED,3848762693f3fb00945d49381587d64843f8b7cae9cd1d1cc805693074fb1846
1400,101,14,0.13861386138613863,,True,False,False,1,0,86,100,14,0.86,,0.3502395931709361,0.06554000689988744,9.004595432060485e-11,0.22039890665638334,0.3502395931709361,0.3502395931709361,,100,0,True,8,1,0,100,0,0,4.727839490140096,,4.18121641472887,,RAW_WINDOWS_DT30_DISTANCE400_V1,101,100,1,0.9900990099009901,,100,0.3502395931709361,0.06554000689988744,0.3502395931709361,,0,5,7.276522160195656e-11,7,0,0,1,8,7,4.727839490140096,NO_RAW_BREAK_CROSSING,S0,UNIFORM,PROCESSED,93c550518e9fe85fa9aa098af00a24666cab6d1c64e776458148e619241c3b95
11192,115,53,0.4608695652173913,,True,False,False,0,18,44,97,53,0.45360824742268047,,4.678947833236911,0.7981609705623406,0.0,2.492873374070241,2.9732557858455295,4.571606457214716,,97,0,True,1,0,18,20,0,0,6144.257445428192,,6005.257401668213,,RAW_WINDOWS_DT30_DISTANCE400_V1,115,115,0,1.0,,115,40.97058977105737,2.144818093799071,9.288663030252225,,11,5,1.8531353162118393e-10,0,0,0,0,1,1,6144.257445428192,NO_RAW_BREAK_CROSSING,R0,UNIFORM,PROCESSED,4a6837d899637b3396e047c85b5d864c70292b4eb5d7580f570d34989374a5eb
11192,115,53,0.4608695652173913,,True,False,False,0,18,44,97,53,0.45360824742268047,,4.678947833236911,0.7981609705623406,0.0,2.492873374070241,2.9732557858455295,4.571606457214716,,97,0,True,1,0,18,20,0,0,6144.257445428192,,6005.257401668213,,RAW_WINDOWS_DT30_DISTANCE400_V1,115,115,0,1.0,,115,40.97058977105737,2.144818093799071,9.288663030252225,,11,5,1.8531353162118393e-10,0,0,0,0,1,1,6144.257445428192,NO_RAW_BREAK_CROSSING,S0,UNIFORM,PROCESSED,5b1de8dc1b7e02740c66aafc6686fe339acabcdb5d8d8ff5ecfad0be091067e8
6022,100,40,0.4,,True,False,False,4,16,40,80,40,0.5,,4.509038452201944,0.8090961505873142,0.015169853680872963,2.680963206556115,3.3553384284157883,4.088369944915337,,80,0,True,6,2,16,23,0,0,11028.416966545268,,7478.118942907784,,RAW_WINDOWS_DT30_DISTANCE400_V1,100,96,4,0.96,,96,12.193650569133792,1.7587332900366972,9.178620623633245,,11,5,3.291569875170294e-10,5,0,0,2,6,4,7875.0839824504765,NO_RAW_BREAK_CROSSING,R0,UNIFORM,PROCESSED,4d2a074dac8485d1993f81372f3540bf5b5ae556772e947af6edfde965134af5
6022,100,42,0.42,,True,False,False,1,16,41,83,42,0.49397590361445787,,4.509038452201944,0.8295958931820718,0.0,2.9223011615941843,3.789313298568822,4.197215932840335,,83,0,True,6,1,16,26,0,0,11028.416966545268,,7759.162077434996,,RAW_WINDOWS_DT30_DISTANCE400_V1,100,99,1,0.99,,99,12.193650569133792,1.747143059905553,9.154473696714549,,11,5,3.291569875170294e-10,5,0,0,1,6,5,7875.0839824504765,NO_RAW_BREAK_CROSSING,S0,UNIFORM,PROCESSED,13a789d326efb42216511e5c178f7236e6af9f78f8dc750585c80bd82b7116c2
180,99,0,0.0,,False,True,True,99,0,0,0,0,,EMPTY_DP_REFERENCE_DENOMINATOR,,,,,,,EMPTY_DP_REFERENCE,0,0,True,1,1,0,0,0,0,24.349099420204563,,,EMPTY_OUTPUT,RAW_WINDOWS_DT30_DISTANCE400_V1,99,0,99,0.0,,0,,,,NO_COVERED_RAW_POINTS,0,5,1.8826214635962622e-10,0,0,0,0,1,0,24.349099420204563,NO_RAW_BREAK_CROSSING,R0,UNIFORM,ALL_FILTERED,e6fed6df65f7fef1451a2ec17e4b4d18c84457dfa224c651913f523082ad7348
180,99,3,0.030303030303030304,,True,False,False,0,0,96,99,3,0.9696969696969697,,2.887976853692661,1.2601150442292406,1.808953928256642,2.1982292210398904,2.3661468219664346,2.887976853692661,,99,0,True,1,0,0,99,0,0,24.349099420204563,,13.878811812105873,,RAW_WINDOWS_DT30_DISTANCE400_V1,99,99,0,1.0,,99,2.887976853692661,1.2601150442292406,2.3661468219664346,,0,5,1.8826214635962622e-10,0,0,0,0,1,1,24.349099420204563,NO_RAW_BREAK_CROSSING,S0,UNIFORM,PROCESSED,c97b47c8f0db56355efd7f8a2edb9a2047e29f0803d959e678b9547658798cda
1809,99,0,0.0,,False,True,True,99,0,0,0,0,,EMPTY_DP_REFERENCE_DENOMINATOR,,,,,,,EMPTY_DP_REFERENCE,0,0,True,1,1,0,0,0,0,2.4946313125116824,,,EMPTY_OUTPUT,RAW_WINDOWS_DT30_DISTANCE400_V1,99,0,99,0.0,,0,,,,NO_COVERED_RAW_POINTS,0,5,4.868475744291774e-10,0,0,0,0,1,0,2.4946313125116824,NO_RAW_BREAK_CROSSING,R0,UNIFORM,ALL_FILTERED,ceb797cc4414a3c3538f81aea1c66838290de1fe1fa34b9e5acf467545d9a1fd
1809,99,2,0.020202020202020204,,True,False,False,0,0,97,99,2,0.9797979797979798,,0.6141637697295695,0.33197463325570065,0.47036122935280084,0.5882258077430141,0.6141637697295695,0.6141637697295695,,99,0,True,1,0,0,99,0,0,2.4946313125116824,,0.5625034654534172,,RAW_WINDOWS_DT30_DISTANCE400_V1,99,99,0,1.0,,99,0.6141637697295695,0.33197463325570065,0.6141637697295695,,0,5,4.868475744291774e-10,0,0,0,0,1,1,2.4946313125116824,NO_RAW_BREAK_CROSSING,S0,UNIFORM,PROCESSED,f7dd341a8ed7a62f25eb22e4e2ff3a73b50ea5f0e7140e690a88ade6e1b5fb33
374,100,0,0.0,,False,True,True,100,0,0,0,0,,EMPTY_DP_REFERENCE_DENOMINATOR,,,,,,,EMPTY_DP_REFERENCE,0,0,True,1,1,0,0,0,0,11.891837842690434,,,EMPTY_OUTPUT,RAW_WINDOWS_DT30_DISTANCE400_V1,100,0,100,0.0,,0,,,,NO_COVERED_RAW_POINTS,0,5,1.9248082000886986e-10,0,0,0,0,1,0,11.891837842690434,NO_RAW_BREAK_CROSSING,R0,UNIFORM,ALL_FILTERED,362e58850cedd9b5a7054ce5b746dc15f3c84b5673c0449c1441c83016f0f71e
374,100,2,0.02,,True,False,False,0,0,98,100,2,0.98,,0.6572832088069296,0.30048689671963125,0.29297618252392443,0.6393054456937541,0.6572832088069296,0.6572832088069296,,100,0,True,1,0,0,100,0,0,11.891837842690434,,11.091226105974169,,RAW_WINDOWS_DT30_DISTANCE400_V1,100,100,0,1.0,,100,0.6572832088069296,0.30048689671963125,0.6572832088069296,,0,5,1.9248082000886986e-10,0,0,0,0,1,1,11.891837842690434,NO_RAW_BREAK_CROSSING,S0,UNIFORM,PROCESSED,ccd66d27b794ff2df897fbef20dd7206aac6d7f2916a05457dc52f77b0eec9c7
1035,111,48,0.43243243243243246,,True,False,False,4,7,52,100,48,0.52,,4.965109008417615,0.8826724616611267,0.011060152082686105,3.021003563550158,4.197452323956608,4.9518774906541125,,100,0,True,8,2,7,29,0,0,15829.666094704433,,10940.633360364576,,RAW_WINDOWS_DT30_DISTANCE400_V1,111,107,4,0.963963963963964,,107,43.22454764473929,1.9479305329387535,4.96109945758019,,5,5,3.3455349799578623e-10,7,0,0,3,8,6,11435.832950385138,NO_RAW_BREAK_CROSSING,R0,UNIFORM,PROCESSED,a8c495dcb8f824e7d434ecd9f85183287561660b95daeefe41eab2fd03750009
1035,111,51,0.4594594594594595,,True,False,False,1,7,52,103,51,0.5048543689320388,,4.965109008417615,0.8569635550108027,0.0,2.942953585082372,4.162404371349947,4.948701997321226,,103,0,True,8,1,7,32,0,0,15829.666094704433,,11377.83449237915,,RAW_WINDOWS_DT30_DISTANCE400_V1,111,110,1,0.990990990990991,,110,43.22454764473929,1.8948051547676967,4.959094682161478,,5,5,3.3455349799578623e-10,7,0,0,1,8,7,11435.832950385138,NO_RAW_BREAK_CROSSING,S0,UNIFORM,PROCESSED,a484f28f78e9eb90981d8c6b69d99e92d08bfe8bebc5f3d62bafa6205442515c
4400,100,0,0.0,,False,True,True,100,0,0,0,0,,EMPTY_DP_REFERENCE_DENOMINATOR,,,,,,,EMPTY_DP_REFERENCE,0,0,True,1,1,0,0,0,0,47.98597919315774,,,EMPTY_OUTPUT,RAW_WINDOWS_DT30_DISTANCE400_V1,100,0,100,0.0,,0,,,,NO_COVERED_RAW_POINTS,0,5,2.55891225274237e-10,0,0,0,0,1,0,47.98597919315774,NO_RAW_BREAK_CROSSING,R0,UNIFORM,ALL_FILTERED,93efa0da1e516176c96b3ea41926e1cee0cdb673f33dbd2e1d2658bd636a5ec8
4400,100,5,0.05,,True,False,False,0,0,95,100,5,0.95,,4.614386420306008,0.9757686445339857,0.0,4.614386420306008,4.614386420306008,4.614386420306008,,100,0,True,1,0,0,100,0,0,47.98597919315774,,38.80324310530987,,RAW_WINDOWS_DT30_DISTANCE400_V1,100,100,0,1.0,,100,4.614386420306008,0.9757686445339857,4.614386420306008,,0,5,2.55891225274237e-10,0,0,0,0,1,1,47.98597919315774,NO_RAW_BREAK_CROSSING,S0,UNIFORM,PROCESSED,5b0d5a109bd4b6563c1dd8655bc5981cd2f9aa87cd8b2153dd5350be3032c084
8736,116,52,0.4482758620689655,,True,False,False,0,3,61,113,52,0.5398230088495575,,4.8971286339039475,0.8388394774338517,0.18823252078366653,2.1884259526821763,3.8830106119180634,4.749118000186418,,113,0,True,2,0,3,33,0,0,7797.775855209597,,7197.174104428078,,RAW_WINDOWS_DT30_DISTANCE400_V1,116,116,0,1.0,,116,15.513768028896406,1.0821984600495071,4.52947961771535,,2,5,2.4269197822058013e-10,1,0,0,0,2,2,7216.503659678472,NO_RAW_BREAK_CROSSING,R0,UNIFORM,PROCESSED,043138534610d93060cfe53e1f49291d1d3be92b78243aebe0ff91cde3fe4a31
8736,116,52,0.4482758620689655,,True,False,False,0,3,61,113,52,0.5398230088495575,,4.8971286339039475,0.8388394774338517,0.18823252078366653,2.1884259526821763,3.8830106119180634,4.749118000186418,,113,0,True,2,0,3,33,0,0,7797.775855209597,,7197.174104428078,,RAW_WINDOWS_DT30_DISTANCE400_V1,116,116,0,1.0,,116,15.513768028896406,1.0821984600495071,4.52947961771535,,2,5,2.4269197822058013e-10,1,0,0,0,2,2,7216.503659678472,NO_RAW_BREAK_CROSSING,S0,UNIFORM,PROCESSED,dcdcd3e95cf5d85fbf5050e41fe4de849773242193cd2c40c965bb70c93ed5e8
11039,102,31,0.30392156862745096,,True,False,False,0,1,70,101,31,0.693069306930693,,4.327348826851429,0.8497138410900008,0.44762116693733983,2.013445108679269,3.3668471720737205,4.104684883524629,,101,0,True,2,0,1,54,0,0,6578.3353332114175,,6043.818414885896,,RAW_WINDOWS_DT30_DISTANCE400_V1,102,102,0,1.0,,102,4.99527819404907,0.8903566288641093,3.429675299271317,,0,5,1.4214587843712334e-10,1,0,0,0,2,2,6048.825195369594,NO_RAW_BREAK_CROSSING,R0,UNIFORM,PROCESSED,24db4a7c33e5c29a1d88bb2da2798834fc3b389a87209894249500472a21a120
11039,102,31,0.30392156862745096,,True,False,False,0,1,70,101,31,0.693069306930693,,4.327348826851429,0.8497138410900008,0.44762116693733983,2.013445108679269,3.3668471720737205,4.104684883524629,,101,0,True,2,0,1,54,0,0,6578.3353332114175,,6043.818414885896,,RAW_WINDOWS_DT30_DISTANCE400_V1,102,102,0,1.0,,102,4.99527819404907,0.8903566288641093,3.429675299271317,,0,5,1.4214587843712334e-10,1,0,0,0,2,2,6048.825195369594,NO_RAW_BREAK_CROSSING,S0,UNIFORM,PROCESSED,7d0d838c9eabd13bc347352375117bdc92cf386310fde05bed1c54b0cc64360b
3904,107,44,0.411214953271028,,True,False,False,0,6,57,101,44,0.5643564356435644,,4.903042044387038,1.2339434934963762,0.0,4.018128210098959,4.604917617447071,4.903042044387038,,101,0,True,2,0,6,29,0,0,7550.413292742209,,7290.164172340583,,RAW_WINDOWS_DT30_DISTANCE400_V1,107,107,0,1.0,,107,54.01965889197622,2.143899170883981,4.903042044387038,,4,5,2.1881249039911712e-10,1,0,0,0,2,2,7473.379031850848,NO_RAW_BREAK_CROSSING,R0,UNIFORM,PROCESSED,24d35615a8a8d64c913426cb48829545be7d6df67f63f3335f8848dfd923cc5d
3904,107,44,0.411214953271028,,True,False,False,0,6,57,101,44,0.5643564356435644,,4.903042044387038,1.2339434934963762,0.0,4.018128210098959,4.604917617447071,4.903042044387038,,101,0,True,2,0,6,29,0,0,7550.413292742209,,7290.164172340583,,RAW_WINDOWS_DT30_DISTANCE400_V1,107,107,0,1.0,,107,54.01965889197622,2.143899170883981,4.903042044387038,,4,5,2.1881249039911712e-10,1,0,0,0,2,2,7473.379031850848,NO_RAW_BREAK_CROSSING,S0,UNIFORM,PROCESSED,f6b653c10f99ca05271ded692173d7f081e5ecced07f4abfbf7631a43b09698d
5752,100,18,0.18,,True,False,False,0,0,82,100,18,0.8200000000000001,,4.863748634073492,1.5807967906690272,1.1633513044472408,4.336328787195379,4.70320780120765,4.863748634073492,,100,0,True,1,0,0,39,0,0,8317.178619271508,,8315.433841832437,,RAW_WINDOWS_DT30_DISTANCE400_V1,100,100,0,1.0,,100,4.863748634073492,1.5807967906690272,4.70320780120765,,0,5,2.980329711495654e-10,0,0,0,0,1,1,8317.178619271508,NO_RAW_BREAK_CROSSING,R0,UNIFORM,PROCESSED,fd405dc9dd1b9112a9efb4784146ef5b3cb005b0cebe520f4970d5f0cb7e57ba
5752,100,18,0.18,,True,False,False,0,0,82,100,18,0.8200000000000001,,4.863748634073492,1.5807967906690272,1.1633513044472408,4.336328787195379,4.70320780120765,4.863748634073492,,100,0,True,1,0,0,39,0,0,8317.178619271508,,8315.433841832437,,RAW_WINDOWS_DT30_DISTANCE400_V1,100,100,0,1.0,,100,4.863748634073492,1.5807967906690272,4.70320780120765,,0,5,2.980329711495654e-10,0,0,0,0,1,1,8317.178619271508,NO_RAW_BREAK_CROSSING,S0,UNIFORM,PROCESSED,0a73d731b8d5d8a7254d60ce81a9f0d5527ecf06f03ec23cf7df6b9901d2fb39
10912,125,49,0.392,,True,False,False,0,6,70,119,49,0.5882352941176471,,4.747515574227409,1.232950631604868,0.4304833022579791,3.7149621820695,4.564588705593762,4.601103417700287,,119,0,True,3,0,6,33,0,0,11784.755935572526,,11072.604894371976,,RAW_WINDOWS_DT30_DISTANCE400_V1,125,125,0,1.0,,125,5.299673656224028,1.2979446781118906,4.564588705593762,,1,5,3.2549138759878884e-10,2,0,0,0,3,3,11090.060668779672,NO_RAW_BREAK_CROSSING,R0,UNIFORM,PROCESSED,251eb4943997ee77752ba56169f0cb84105de353f945abb5441f19e3949895d2
10912,125,49,0.392,,True,False,False,0,6,70,119,49,0.5882352941176471,,4.747515574227409,1.232950631604868,0.4304833022579791,3.7149621820695,4.564588705593762,4.601103417700287,,119,0,True,3,0,6,33,0,0,11784.755935572526,,11072.604894371976,,RAW_WINDOWS_DT30_DISTANCE400_V1,125,125,0,1.0,,125,5.299673656224028,1.2979446781118906,4.564588705593762,,1,5,3.2549138759878884e-10,2,0,0,0,3,3,11090.060668779672,NO_RAW_BREAK_CROSSING,S0,UNIFORM,PROCESSED,e7108d44ec664de39d841a8d4c4c23d2f3947a8eaa76a9cbcef6e52764dc8ee2
6307,99,27,0.2727272727272727,,True,False,False,0,0,72,99,27,0.7272727272727273,,4.48602904082831,0.968343272985071,0.6876612633649362,4.029318385747984,4.029318385747984,4.038452598849588,,99,0,True,2,0,0,66,0,0,3328.1188915214357,,2969.756957888108,,RAW_WINDOWS_DT30_DISTANCE400_V1,99,99,0,1.0,,99,4.48602904082831,0.968343272985071,4.029318385747984,,0,5,2.6995947687767435e-10,1,0,0,0,2,2,2978.03270069796,NO_RAW_BREAK_CROSSING,R0,UNIFORM,PROCESSED,c087a5c38f6153f261490cfeb665a89deffc0c3c41fa8aa645967f38e087ea2a
6307,99,27,0.2727272727272727,,True,False,False,0,0,72,99,27,0.7272727272727273,,4.48602904082831,0.968343272985071,0.6876612633649362,4.029318385747984,4.029318385747984,4.038452598849588,,99,0,True,2,0,0,66,0,0,3328.1188915214357,,2969.756957888108,,RAW_WINDOWS_DT30_DISTANCE400_V1,99,99,0,1.0,,99,4.48602904082831,0.968343272985071,4.029318385747984,,0,5,2.6995947687767435e-10,1,0,0,0,2,2,2978.03270069796,NO_RAW_BREAK_CROSSING,S0,UNIFORM,PROCESSED,94f531e1ebf6b81fe52defaa03594ce53a685b79420dd43b1507f0b6aa33e047
3834,133,63,0.47368421052631576,,True,False,False,0,2,68,131,63,0.5190839694656488,,4.930877906171945,0.8902078567681823,0.0,3.322618281107957,3.784052351372338,4.555480053007646,,131,0,True,2,0,2,18,0,0,15115.312842411819,,14634.086983324172,,RAW_WINDOWS_DT30_DISTANCE400_V1,133,133,0,1.0,,133,4.930877906171945,0.916874907430325,3.77901125686627,,0,5,1.9627567936017384e-10,1,0,0,0,2,2,14682.554331419193,NO_RAW_BREAK_CROSSING,R0,UNIFORM,PROCESSED,9be667e728ede39f6207cc7eefccc85d0e397200a0956f147626095e8a7cb462
3834,133,63,0.47368421052631576,,True,False,False,0,2,68,131,63,0.5190839694656488,,4.930877906171945,0.8902078567681823,0.0,3.322618281107957,3.784052351372338,4.555480053007646,,131,0,True,2,0,2,18,0,0,15115.312842411819,,14634.086983324172,,RAW_WINDOWS_DT30_DISTANCE400_V1,133,133,0,1.0,,133,4.930877906171945,0.916874907430325,3.77901125686627,,0,5,1.9627567936017384e-10,1,0,0,0,2,2,14682.554331419193,NO_RAW_BREAK_CROSSING,S0,UNIFORM,PROCESSED,0f7f1c3e5b17d407463ad08251fb9f5a5f1d3e478dc23f04c05149a8137120af
513,116,43,0.3706896551724138,,True,False,False,0,5,68,111,43,0.6126126126126126,,4.59658269684128,0.879332887683764,0.025187588501896296,3.273146176628022,3.334524866094302,3.793923186794563,,111,0,True,1,0,5,37,0,0,5667.453606244612,,5644.424070072727,,RAW_WINDOWS_DT30_DISTANCE400_V1,116,116,0,1.0,,116,10.77744439238745,1.1936319304248335,4.006047366982102,,5,5,2.0337018790800823e-10,0,0,0,0,1,1,5667.453606244612,NO_RAW_BREAK_CROSSING,R0,UNIFORM,PROCESSED,e682aeb6223da7b88b7f823134c59bbb22ca1c8b728ca1a2bb7f1623c349cf78
513,116,43,0.3706896551724138,,True,False,False,0,5,68,111,43,0.6126126126126126,,4.59658269684128,0.879332887683764,0.025187588501896296,3.273146176628022,3.334524866094302,3.793923186794563,,111,0,True,1,0,5,37,0,0,5667.453606244612,,5644.424070072727,,RAW_WINDOWS_DT30_DISTANCE400_V1,116,116,0,1.0,,116,10.77744439238745,1.1936319304248335,4.006047366982102,,5,5,2.0337018790800823e-10,0,0,0,0,1,1,5667.453606244612,NO_RAW_BREAK_CROSSING,S0,UNIFORM,PROCESSED,21c9c04a1aba3c19fa35c17b21ed59c16bc4e6773121b930e169212577d6ab9f
5655,102,3,0.029411764705882353,,True,False,False,0,0,99,102,3,0.9705882352941176,,2.4774768537305976,0.9208068324191491,0.2745990138328041,2.148209006109528,2.4774768537305976,2.4774768537305976,,102,0,True,1,0,0,94,0,0,311.6842109054091,,304.95209861357347,,RAW_WINDOWS_DT30_DISTANCE400_V1,102,102,0,1.0,,102,2.4774768537305976,0.9208068324191491,2.4774768537305976,,0,5,2.706345246679906e-10,0,0,0,0,1,1,311.6842109054091,NO_RAW_BREAK_CROSSING,R0,UNIFORM,PROCESSED,d5f5d9948509f51e54b09fa1d8d56981582d7f29d22b3b5efcd4a83dbb351f1e
5655,102,3,0.029411764705882353,,True,False,False,0,0,99,102,3,0.9705882352941176,,2.4774768537305976,0.9208068324191491,0.2745990138328041,2.148209006109528,2.4774768537305976,2.4774768537305976,,102,0,True,1,0,0,94,0,0,311.6842109054091,,304.95209861357347,,RAW_WINDOWS_DT30_DISTANCE400_V1,102,102,0,1.0,,102,2.4774768537305976,0.9208068324191491,2.4774768537305976,,0,5,2.706345246679906e-10,0,0,0,0,1,1,311.6842109054091,NO_RAW_BREAK_CROSSING,S0,UNIFORM,PROCESSED,c063c19509041f8556593b9d84b8c4f437e5372d09da197c973b4ede954b55d4
4673,105,40,0.38095238095238093,,True,False,False,0,2,63,103,40,0.6116504854368932,,4.407415461925294,0.8602156016590186,0.16502538894991012,2.360141129907444,3.987681892652377,4.407415461925294,,103,0,True,2,0,2,53,0,0,4932.364481291891,,4900.887279596807,,RAW_WINDOWS_DT30_DISTANCE400_V1,105,105,0,1.0,,105,21.170545033575497,1.1028279179686586,4.328819655900993,,2,5,2.047152266397585e-10,1,0,0,0,2,2,4928.918562456269,NO_RAW_BREAK_CROSSING,R0,UNIFORM,PROCESSED,196129ed27e4a167f23a62495e8630b8e63202eb00c6ae839232cefdafdb6fad
4673,105,40,0.38095238095238093,,True,False,False,0,2,63,103,40,0.6116504854368932,,4.407415461925294,0.8602156016590186,0.16502538894991012,2.360141129907444,3.987681892652377,4.407415461925294,,103,0,True,2,0,2,53,0,0,4932.364481291891,,4900.887279596807,,RAW_WINDOWS_DT30_DISTANCE400_V1,105,105,0,1.0,,105,21.170545033575497,1.1028279179686586,4.328819655900993,,2,5,2.047152266397585e-10,1,0,0,0,2,2,4928.918562456269,NO_RAW_BREAK_CROSSING,S0,UNIFORM,PROCESSED,e3012f2a10090f25a2f8035650b159140045d2d5152d56ef95592b4b85f0e641
3339,107,35,0.32710280373831774,,True,False,False,0,1,71,106,35,0.6698113207547169,,4.921158207508663,1.312045525124441,0.895590012501392,3.2432366536144404,4.247449174150569,4.712104052153689,,106,0,True,2,0,1,34,0,0,9516.507898153779,,9121.116379939664,,RAW_WINDOWS_DT30_DISTANCE400_V1,107,107,0,1.0,,107,4.921158207508663,1.3054680360486062,4.245708468403373,,0,5,1.4124316111965848e-10,1,0,0,0,2,2,9129.575988646684,NO_RAW_BREAK_CROSSING,R0,UNIFORM,PROCESSED,3184ed2cb8f633240ce7e96b008b90988ed432a7313dbf54f62be21fb077312b
3339,107,35,0.32710280373831774,,True,False,False,0,1,71,106,35,0.6698113207547169,,4.921158207508663,1.312045525124441,0.895590012501392,3.2432366536144404,4.247449174150569,4.712104052153689,,106,0,True,2,0,1,34,0,0,9516.507898153779,,9121.116379939664,,RAW_WINDOWS_DT30_DISTANCE400_V1,107,107,0,1.0,,107,4.921158207508663,1.3054680360486062,4.245708468403373,,0,5,1.4124316111965848e-10,1,0,0,0,2,2,9129.575988646684,NO_RAW_BREAK_CROSSING,S0,UNIFORM,PROCESSED,a9e4095486cbc6ab797ccaa8a8e1abdad5cf7bbeee0922ba67c7bd68fb189df5
2965,104,29,0.27884615384615385,,True,False,False,2,4,69,98,29,0.7040816326530612,,4.579588167550813,0.8712344176620561,0.14586129988193947,2.6155288771541825,3.404351321932668,4.579588167550813,,98,0,True,3,1,4,68,0,0,5909.008689785353,,5466.2632253342845,,RAW_WINDOWS_DT30_DISTANCE400_V1,104,102,2,0.9807692307692307,,102,9.288940965846367,1.0735710208626343,4.16912492785217,,3,5,1.8839701109298224e-10,2,0,0,1,3,2,5487.751481046601,NO_RAW_BREAK_CROSSING,R0,UNIFORM,PROCESSED,2b47deb5ed1e066291081f996f727b9e1a63dd870154a9241735f9f33c103e3b
2965,104,31,0.2980769230769231,,True,False,False,0,4,69,100,31,0.69,,4.579588167550813,0.8538097293088149,0.14586129988193947,2.5876207725170066,3.3684390717132895,4.579588167550813,,100,0,True,3,0,4,70,0,0,5909.008689785353,,5466.2632253342845,,RAW_WINDOWS_DT30_DISTANCE400_V1,104,104,0,1.0,,104,9.288940965846367,1.0529254243075838,4.16912492785217,,3,5,1.8839701109298224e-10,2,0,0,0,3,3,5487.751481046601,NO_RAW_BREAK_CROSSING,S0,UNIFORM,PROCESSED,dafd65e359139c287c57b146d373ba2ec08eea68b5f70a8c3e2c8e6c8eb12274
619,99,0,0.0,,False,True,True,99,0,0,0,0,,EMPTY_DP_REFERENCE_DENOMINATOR,,,,,,,EMPTY_DP_REFERENCE,0,0,True,2,2,0,0,0,0,66.42768621591094,,,EMPTY_OUTPUT,RAW_WINDOWS_DT30_DISTANCE400_V1,99,0,99,0.0,,0,,,,NO_COVERED_RAW_POINTS,0,5,1.3018114158340264e-10,1,0,0,2,2,0,24.619634055560944,NO_RAW_BREAK_CROSSING,R0,UNIFORM,ALL_FILTERED,b398f56329242130be37fcf5b72909100f21dfd6c270385cb3193f4300254933
619,99,4,0.04040404040404041,,True,False,False,0,0,95,99,4,0.9595959595959596,,0.9743217409348482,0.4549102516138096,0.5382410659498593,0.8807337580957575,0.9743217409348482,0.9743217409348482,,99,0,True,2,0,0,99,0,0,66.42768621591094,,23.02630757955296,,RAW_WINDOWS_DT30_DISTANCE400_V1,99,99,0,1.0,,99,0.9743217409348482,0.4549102516138096,0.9743217409348482,,0,5,1.3018114158340264e-10,1,0,0,0,2,2,24.619634055560944,NO_RAW_BREAK_CROSSING,S0,UNIFORM,PROCESSED,375c16ffd91f2aa3d42978121b3bcc0a249a0e5919de5a50fba4f4d50c0416bf
10828,102,14,0.13725490196078433,,True,False,False,14,3,71,85,14,0.8352941176470589,,3.46800368265007,1.0400599266042854,0.8869671164672521,2.2900549157892875,2.2900549157892875,2.9825189191102788,,85,0,True,6,4,3,68,0,0,8109.3053828622615,,3067.0759897162475,,RAW_WINDOWS_DT30_DISTANCE400_V1,102,88,14,0.8627450980392157,,88,38.64186604408053,1.8651061687005486,2.6800488805572877,,2,5,3.531847607791775e-10,5,0,0,7,6,2,5563.316377090426,NO_RAW_BREAK_CROSSING,R0,UNIFORM,PROCESSED,cd1da5ee7375bc8f809bf36beba36bb03a7ad59ab7857db949174378c6eef60b
10828,102,22,0.21568627450980393,,True,False,False,0,3,77,99,22,0.7777777777777778,,3.46800368265007,0.915764133440963,0.7760962264207342,2.2900549157892875,2.2900549157892875,2.901604791853647,,99,0,True,6,0,3,79,0,0,8109.3053828622615,,5512.419146741949,,RAW_WINDOWS_DT30_DISTANCE400_V1,102,102,0,1.0,,102,38.64186604408053,1.6312244930876407,2.2900549157892875,,2,5,3.531847607791775e-10,5,0,0,0,6,6,5563.316377090426,NO_RAW_BREAK_CROSSING,S0,UNIFORM,PROCESSED,81de83fc4e9287bc920a63727677c974e95aa462998f2cb43b7bc67dc217fe6d
5544,100,8,0.08,,True,False,False,0,0,92,100,8,0.92,,4.567379298392012,1.668077502947364,1.4551557930494992,3.7996472544743125,3.7996472544743125,4.567379298392012,,100,0,True,1,0,0,93,0,0,313.735553173145,,173.06124252860843,,RAW_WINDOWS_DT30_DISTANCE400_V1,100,100,0,1.0,,100,4.567379298392012,1.668077502947364,3.7996472544743125,,0,5,1.38111214354496e-10,0,0,0,0,1,1,313.735553173145,NO_RAW_BREAK_CROSSING,R0,UNIFORM,PROCESSED,8b415a7ed9c903710a215b873ab2cd1df9e2efd0b6a8d3b32b0711dbfde8adcc
5544,100,8,0.08,,True,False,False,0,0,92,100,8,0.92,,4.567379298392012,1.668077502947364,1.4551557930494992,3.7996472544743125,3.7996472544743125,4.567379298392012,,100,0,True,1,0,0,93,0,0,313.735553173145,,173.06124252860843,,RAW_WINDOWS_DT30_DISTANCE400_V1,100,100,0,1.0,,100,4.567379298392012,1.668077502947364,3.7996472544743125,,0,5,1.38111214354496e-10,0,0,0,0,1,1,313.735553173145,NO_RAW_BREAK_CROSSING,S0,UNIFORM,PROCESSED,5385622d7e16e65f1dcdcdb056c5a8be4799ecbb221527ad07920f70cb60ac01
4486,100,0,0.0,,False,True,True,100,0,0,0,0,,EMPTY_DP_REFERENCE_DENOMINATOR,,,,,,,EMPTY_DP_REFERENCE,0,0,True,1,1,0,0,0,0,36.125309492863266,,,EMPTY_OUTPUT,RAW_WINDOWS_DT30_DISTANCE400_V1,100,0,100,0.0,,0,,,,NO_COVERED_RAW_POINTS,0,5,1.6972579005040495e-10,0,0,0,0,1,0,36.125309492863266,NO_RAW_BREAK_CROSSING,R0,UNIFORM,ALL_FILTERED,38024e2ba4432760c2d674c31d0019b927fc7e46e146ad30d1e1b25486dca4ad
4486,100,2,0.02,,True,False,False,0,0,98,100,2,0.98,,1.6833400488170926,0.6463284104616825,0.6355847441841102,1.3552315831764876,1.5839186507334122,1.6833400488170926,,100,0,True,1,0,0,100,0,0,36.125309492863266,,34.40426129284488,,RAW_WINDOWS_DT30_DISTANCE400_V1,100,100,0,1.0,,100,1.6833400488170926,0.6463284104616825,1.5839186507334122,,0,5,1.6972579005040495e-10,0,0,0,0,1,1,36.125309492863266,NO_RAW_BREAK_CROSSING,S0,UNIFORM,PROCESSED,f539dc0fa866462165b289c452ba87e2afc62ed5daf6a9e9e4d42f873fc30da7
10786,103,45,0.4368932038834951,,True,False,False,0,1,57,102,45,0.5588235294117647,,3.8617640085405744,0.7426583302077712,0.0,2.504006281958423,3.1964812081873295,3.790776969775892,,102,0,True,2,0,1,44,0,0,6941.785762724843,,6655.908064279144,,RAW_WINDOWS_DT30_DISTANCE400_V1,103,103,0,1.0,,103,24.33342960036396,0.9716949444811321,3.242538843048919,,1,5,2.0821987785906411e-10,1,0,0,0,2,2,6670.552764931344,NO_RAW_BREAK_CROSSING,R0,UNIFORM,PROCESSED,a5d6e67debc44d6ea41052982987c340c5ca9685a5189c630fe238d3245b1eed
10786,103,45,0.4368932038834951,,True,False,False,0,1,57,102,45,0.5588235294117647,,3.8617640085405744,0.7426583302077712,0.0,2.504006281958423,3.1964812081873295,3.790776969775892,,102,0,True,2,0,1,44,0,0,6941.785762724843,,6655.908064279144,,RAW_WINDOWS_DT30_DISTANCE400_V1,103,103,0,1.0,,103,24.33342960036396,0.9716949444811321,3.242538843048919,,1,5,2.0821987785906411e-10,1,0,0,0,2,2,6670.552764931344,NO_RAW_BREAK_CROSSING,S0,UNIFORM,PROCESSED,53cbdfee9662c6400dbf847cef9499cadc87b9a630e14b28003ae4e9a8064ca5
2500,32,14,0.4375,,True,False,False,0,0,18,32,14,0.5625,,4.675984032650984,0.6166490900020088,0.0,2.0918843034198864,2.6942167329462157,4.26503417795005,,32,0,True,1,0,0,12,0,0,3967.1100325588873,,3966.824518522484,,RAW_WINDOWS_DT30_DISTANCE400_V1,32,32,0,1.0,,32,4.675984032650984,0.6166490900020088,2.6942167329462157,,0,5,7.600300965157078e-11,0,0,0,0,1,1,3967.1100325588873,NO_RAW_BREAK_CROSSING,R0,UNIFORM,PROCESSED,d845782a02d23063227d197e260f82f89de80c315ddfc261181d3e7738ec2408
2500,32,14,0.4375,,True,False,False,0,0,18,32,14,0.5625,,4.675984032650984,0.6166490900020088,0.0,2.0918843034198864,2.6942167329462157,4.26503417795005,,32,0,True,1,0,0,12,0,0,3967.1100325588873,,3966.824518522484,,RAW_WINDOWS_DT30_DISTANCE400_V1,32,32,0,1.0,,32,4.675984032650984,0.6166490900020088,2.6942167329462157,,0,5,7.600300965157078e-11,0,0,0,0,1,1,3967.1100325588873,NO_RAW_BREAK_CROSSING,S0,UNIFORM,PROCESSED,cd6c459e3776207a58cac8c37b055cbc3c415bdbb7823673a01d0bd4bc970b7e
9497,172,64,0.37209302325581395,,True,False,False,0,25,83,147,64,0.564625850340136,,4.992031610004221,0.9416716743246473,0.0,3.1627663201314613,3.6760090023846685,4.5632864144781085,,147,0,True,1,0,25,31,0,0,6744.951550304525,,6648.5436377977885,,RAW_WINDOWS_DT30_DISTANCE400_V1,172,172,0,1.0,,172,22.85705447376946,1.718327102937932,5.796340027083578,,11,5,2.4218887924747455e-10,0,0,0,0,1,1,6744.951550304525,NO_RAW_BREAK_CROSSING,R0,UNIFORM,PROCESSED,501a8ed92171fea5233b89c8ce99c97c42889bd7c47513503552d10e2832e2e1
9497,172,64,0.37209302325581395,,True,False,False,0,25,83,147,64,0.564625850340136,,4.992031610004221,0.9416716743246473,0.0,3.1627663201314613,3.6760090023846685,4.5632864144781085,,147,0,True,1,0,25,31,0,0,6744.951550304525,,6648.5436377977885,,RAW_WINDOWS_DT30_DISTANCE400_V1,172,172,0,1.0,,172,22.85705447376946,1.718327102937932,5.796340027083578,,11,5,2.4218887924747455e-10,0,0,0,0,1,1,6744.951550304525,NO_RAW_BREAK_CROSSING,S0,UNIFORM,PROCESSED,35c6d90a2dd68507baa1bbe1764a90e81dd4e2b6383329ee1eaf335b17864eaf
6924,96,0,0.0,,False,True,True,96,0,0,0,0,,EMPTY_DP_REFERENCE_DENOMINATOR,,,,,,,EMPTY_DP_REFERENCE,0,0,True,2,2,0,0,0,0,0.33673769247044366,,,EMPTY_OUTPUT,RAW_WINDOWS_DT30_DISTANCE400_V1,96,0,96,0.0,,0,,,,NO_COVERED_RAW_POINTS,0,5,4.1508319995414076e-10,1,0,0,2,2,0,0.33673769247044366,NO_RAW_BREAK_CROSSING,R0,UNIFORM,ALL_FILTERED,8b9c220f5086e8e0d34ca40faf22985f8b916ef72bb10a335360c9ad57b85f97
6924,96,4,0.041666666666666664,,True,False,False,0,0,92,96,4,0.9583333333333334,,0.0,0.0,0.0,0.0,0.0,0.0,,96,0,True,2,0,0,96,0,0,0.33673769247044366,,0.33673769247044366,,RAW_WINDOWS_DT30_DISTANCE400_V1,96,96,0,1.0,,96,0.0,0.0,0.0,,0,5,4.1508319995414076e-10,1,0,0,0,2,2,0.33673769247044366,NO_RAW_BREAK_CROSSING,S0,UNIFORM,PROCESSED,c641a2ace7a0dca18e025a483d2e0cd741067598a17bfefa5c80a09a34b9ef6d
2459,105,45,0.42857142857142855,,True,False,False,11,0,49,94,45,0.5212765957446808,,4.892197095485444,0.5770132331849017,0.031283729929784745,1.9614646905570283,2.5868293310175385,4.3082855277827585,,94,0,True,16,3,0,39,0,0,23799.106766685352,,15030.551820739869,,RAW_WINDOWS_DT30_DISTANCE400_V1,105,94,11,0.8952380952380953,,94,4.892197095485444,0.5770132331849017,2.5868293310175385,,0,5,3.7129227149106145e-10,15,0,0,5,16,13,16776.130065752248,NO_RAW_BREAK_CROSSING,R0,UNIFORM,PROCESSED,4a8279a2240dab88eb19353bd9bb8546c93b60270332199adb6e297a28c8c23c
2459,105,52,0.49523809523809526,,True,False,False,0,0,53,105,52,0.5047619047619047,,4.892197095485444,0.56930822298584,0.013809733007831622,1.8974858748462762,2.774464031451482,4.248142563783264,,105,0,True,16,0,0,48,0,0,23799.106766685352,,16775.678804156563,,RAW_WINDOWS_DT30_DISTANCE400_V1,105,105,0,1.0,,105,4.892197095485444,0.56930822298584,2.774464031451482,,0,5,3.7129227149106145e-10,15,0,0,0,16,16,16776.130065752248,NO_RAW_BREAK_CROSSING,S0,UNIFORM,PROCESSED,08bf18a27c18c33dd3ce440fba2396ef3b1544c49e0ce0d7199e53b9b2e52368
2045,93,42,0.45161290322580644,,True,False,False,20,1,30,72,42,0.41666666666666663,,4.8820000965558,0.7067528846119925,0.0,2.0284274305301597,4.237724300709205,4.835733318611568,,72,0,True,18,8,1,33,0,0,26077.89545353818,,13262.474306655844,,RAW_WINDOWS_DT30_DISTANCE400_V1,93,73,20,0.7849462365591398,,73,23.728359221450816,1.0221173549796476,4.381810907563807,,1,5,5.294449843985398e-10,17,0,0,12,18,10,15132.642451917438,NO_RAW_BREAK_CROSSING,R0,UNIFORM,PROCESSED,748dce533362e97a767cf9c21bfd0f3fa4d96cd6aaf1ebeae42301391b248727
2045,93,53,0.5698924731182796,,True,False,False,3,1,36,89,53,0.4044943820224719,,4.8820000965558,0.5788076746581264,0.0,1.9024176431909745,3.386194032110623,4.824655357695343,,89,0,True,18,3,1,49,0,0,26077.89545353818,,15124.585723286316,,RAW_WINDOWS_DT30_DISTANCE400_V1,93,90,3,0.967741935483871,,90,23.728359221450816,0.836024914066934,4.253292409053395,,1,5,5.294449843985398e-10,17,0,0,3,18,15,15132.642451917438,NO_RAW_BREAK_CROSSING,S0,UNIFORM,PROCESSED,99404a162f423eaed4cda187757b5ccdd0b0536fa48d7cd41d00ea56bffb7702
2845,113,51,0.45132743362831856,,True,False,False,0,1,61,112,51,0.5446428571428572,,4.727507995080635,0.6774959188146911,0.0,2.464919592281017,3.040987783387743,4.52416640446978,,112,0,True,1,0,1,44,0,0,6758.311901436672,,6752.8733490469895,,RAW_WINDOWS_DT30_DISTANCE400_V1,113,113,0,1.0,,113,6.692732303608171,0.7307280992110935,3.467162009942011,,1,5,2.2450530970583666e-10,0,0,0,0,1,1,6758.311901436672,NO_RAW_BREAK_CROSSING,R0,UNIFORM,PROCESSED,41d0563963dac56050562651a78d23d348672a33f147ff3ed4ee461d853e3f62
2845,113,51,0.45132743362831856,,True,False,False,0,1,61,112,51,0.5446428571428572,,4.727507995080635,0.6774959188146911,0.0,2.464919592281017,3.040987783387743,4.52416640446978,,112,0,True,1,0,1,44,0,0,6758.311901436672,,6752.8733490469895,,RAW_WINDOWS_DT30_DISTANCE400_V1,113,113,0,1.0,,113,6.692732303608171,0.7307280992110935,3.467162009942011,,1,5,2.2450530970583666e-10,0,0,0,0,1,1,6758.311901436672,NO_RAW_BREAK_CROSSING,S0,UNIFORM,PROCESSED,226d996ec67121dbdb2e7478658bd42254f47b6f4fb2b9229a27e887f9c33e6d
10025,98,18,0.1836734693877551,,True,False,False,22,2,56,74,18,0.7567567567567568,,4.351352890036093,0.7933145414378041,0.010008278777324768,2.2560725508719286,2.3413888497763344,3.419690281380224,,74,0,True,2,1,2,49,0,0,2919.893470890101,,2900.414787011092,,RAW_WINDOWS_DT30_DISTANCE400_V1,98,76,22,0.7755102040816326,,76,5.5740963323820845,0.9140370611170422,2.867288403234114,,2,5,1.6755572930872073e-10,1,0,0,1,2,1,2919.36851046283,NO_RAW_BREAK_CROSSING,R0,UNIFORM,PROCESSED,5c34a9d390573d8bfe75627dc9db8e9ebe76cc1a38cf155474327382f00d5c58
10025,98,20,0.20408163265306123,,True,False,False,0,2,76,96,20,0.7916666666666666,,4.351352890036093,0.6607782152551066,0.014118084466768864,2.151385328899199,2.2560725508719286,3.138915248634623,,96,0,True,2,0,2,71,0,0,2919.893470890101,,2912.3730760611875,,RAW_WINDOWS_DT30_DISTANCE400_V1,98,98,0,1.0,,98,5.5740963323820845,0.7571045841121218,2.5445609377390404,,2,5,1.6755572930872073e-10,1,0,0,0,2,2,2919.36851046283,NO_RAW_BREAK_CROSSING,S0,UNIFORM,PROCESSED,810cae2a1d3a4426baa286306dfee9157aac08813f94d95c031e2703c8a0c100
4304,98,0,0.0,,False,True,True,98,0,0,0,0,,EMPTY_DP_REFERENCE_DENOMINATOR,,,,,,,EMPTY_DP_REFERENCE,0,0,True,1,1,0,0,0,0,16.43507387621348,,,EMPTY_OUTPUT,RAW_WINDOWS_DT30_DISTANCE400_V1,98,0,98,0.0,,0,,,,NO_COVERED_RAW_POINTS,0,5,7.158846416309431e-10,0,0,0,0,1,0,16.43507387621348,NO_RAW_BREAK_CROSSING,R0,UNIFORM,ALL_FILTERED,d3ae4347c40e2665d2ee4a35af722fe1f6b03e4a17118b571aed9bd51ea3b308
4304,98,2,0.02040816326530612,,True,False,False,0,0,96,98,2,0.9795918367346939,,2.0503147932738885,0.7997579649698351,0.5757229959523981,1.6528806003994183,1.7345960687610908,2.0503147932738885,,98,0,True,1,0,0,98,0,0,16.43507387621348,,8.55365181496152,,RAW_WINDOWS_DT30_DISTANCE400_V1,98,98,0,1.0,,98,2.0503147932738885,0.7997579649698351,1.7345960687610908,,0,5,7.158846416309431e-10,0,0,0,0,1,1,16.43507387621348,NO_RAW_BREAK_CROSSING,S0,UNIFORM,PROCESSED,20921085474127592776292fcedf957fc353ecc4e2d753e5224310717421b7c5
372,99,0,0.0,,False,True,True,99,0,0,0,0,,EMPTY_DP_REFERENCE_DENOMINATOR,,,,,,,EMPTY_DP_REFERENCE,0,0,True,1,1,0,0,0,0,1.4422848286644152,,,EMPTY_OUTPUT,RAW_WINDOWS_DT30_DISTANCE400_V1,99,0,99,0.0,,0,,,,NO_COVERED_RAW_POINTS,0,5,1.5573634665577397e-10,0,0,0,0,1,0,1.4422848286644152,NO_RAW_BREAK_CROSSING,R0,UNIFORM,ALL_FILTERED,b3091159f70e994a46b45eaa3cabd9bd4cae9f2783760488df60bd10d2bdd949
372,99,2,0.020202020202020204,,True,False,False,0,0,97,99,2,0.9797979797979798,,0.15067337480585646,0.0667317971102093,0.04636104529722101,0.12285675023090759,0.15067337480585646,0.15067337480585646,,99,0,True,1,0,0,99,0,0,1.4422848286644152,,0.9103758020567386,,RAW_WINDOWS_DT30_DISTANCE400_V1,99,99,0,1.0,,99,0.15067337480585646,0.0667317971102093,0.15067337480585646,,0,5,1.5573634665577397e-10,0,0,0,0,1,1,1.4422848286644152,NO_RAW_BREAK_CROSSING,S0,UNIFORM,PROCESSED,6e5cac862ff1ec177c75ec4e5370ad1db3c2674567a0360083ecd449c1ea3a3e
8039,102,18,0.17647058823529413,,True,False,False,4,1,79,97,18,0.8144329896907216,,4.667827986298208,1.5233634634231334,1.1214076064441276,3.390910028141489,4.624224980422575,4.6259691006576,,97,0,True,2,1,1,69,0,0,3761.1984782271315,,2989.958922006,,RAW_WINDOWS_DT30_DISTANCE400_V1,102,98,4,0.9607843137254902,,98,4.667827986298208,1.5301684346065543,4.624224980422575,,0,5,1.6035876541064015e-10,1,0,0,1,2,1,3222.9228796168745,NO_RAW_BREAK_CROSSING,R0,UNIFORM,PROCESSED,f7c6a20906956025f93fe144b05a96b7f5cdc71ba8a8ad388a6843ba2fb50605
8039,102,20,0.19607843137254902,,True,False,False,0,1,81,101,20,0.801980198019802,,4.667827986298208,1.506997095237544,1.1012358810153622,3.6900476468404624,4.624224980422575,4.624224980422575,,101,0,True,2,0,1,72,0,0,3761.1984782271315,,3194.514030687191,,RAW_WINDOWS_DT30_DISTANCE400_V1,102,102,0,1.0,,102,4.667827986298208,1.5136956593959834,4.6053409709115325,,0,5,1.6035876541064015e-10,1,0,0,0,2,2,3222.9228796168745,NO_RAW_BREAK_CROSSING,S0,UNIFORM,PROCESSED,19460cf7d549da4cd9b61a95184dae79e129f8581fdb3fa6971fd3a23f3fd6b8
2581,100,0,0.0,,False,True,True,100,0,0,0,0,,EMPTY_DP_REFERENCE_DENOMINATOR,,,,,,,EMPTY_DP_REFERENCE,0,0,True,1,1,0,0,0,0,5.442623454828496,,,EMPTY_OUTPUT,RAW_WINDOWS_DT30_DISTANCE400_V1,100,0,100,0.0,,0,,,,NO_COVERED_RAW_POINTS,0,5,1.4235475133732634e-10,0,0,0,0,1,0,5.442623454828496,NO_RAW_BREAK_CROSSING,R0,UNIFORM,ALL_FILTERED,7986abdd24a649a86afac9b34d7ea178aa20bb5022ab9aa5f6b00de8999d0666
2581,100,2,0.02,,True,False,False,0,0,98,100,2,0.98,,1.052418837305554,0.5546531518658788,0.6305032022956967,0.9244218965269473,1.052418837305554,1.052418837305554,,100,0,True,1,0,0,100,0,0,5.442623454828496,,4.451319638229964,,RAW_WINDOWS_DT30_DISTANCE400_V1,100,100,0,1.0,,100,1.052418837305554,0.5546531518658788,1.052418837305554,,0,5,1.4235475133732634e-10,0,0,0,0,1,1,5.442623454828496,NO_RAW_BREAK_CROSSING,S0,UNIFORM,PROCESSED,bd51b6728145a2362489856078e40f1e541e0a2f3579dcc5aa454fa049260428
1825,116,61,0.5258620689655172,,True,False,False,4,2,49,110,61,0.44545454545454544,,4.864948700767835,0.6623933343165822,0.0,2.90759229644782,3.5710676024028314,4.750271754905022,,110,0,True,8,1,2,27,0,0,19390.456317402346,,15512.797473157289,,RAW_WINDOWS_DT30_DISTANCE400_V1,116,112,4,0.9655172413793104,,112,21.50918099594543,0.9209684863127556,4.133204655356295,,2,5,3.8848851983611473e-10,7,0,0,2,8,7,16130.059024024404,NO_RAW_BREAK_CROSSING,R0,UNIFORM,PROCESSED,f1405ec72a231c14ee165131eb86216078fe00d66928bef1c308d4a95393775b
1825,116,63,0.5431034482758621,,True,False,False,0,2,51,114,63,0.4473684210526315,,4.864948700767835,0.646186184921644,0.0,2.857163372452448,3.4709705371438524,4.73776675158953,,114,0,True,8,0,2,30,0,0,19390.456317402346,,16110.294463227387,,RAW_WINDOWS_DT30_DISTANCE400_V1,116,116,0,1.0,,116,21.50918099594543,0.8961243859764828,4.099104358113675,,2,5,3.8848851983611473e-10,7,0,0,0,8,8,16130.059024024404,NO_RAW_BREAK_CROSSING,S0,UNIFORM,PROCESSED,a80abe0b1bb4365ade2fe392aa7b861d400a28f2da68a20cd728523345e4298b
571,111,35,0.3153153153153153,,True,False,False,13,5,58,93,35,0.6236559139784946,,4.793248974699767,0.7931738629930644,0.20932289342937696,2.0818937785054725,3.192874119478514,4.6559308098006715,,93,0,True,8,4,5,35,0,0,14917.25780994477,,9129.877923859278,,RAW_WINDOWS_DT30_DISTANCE400_V1,111,98,13,0.8828828828828829,,98,13.080815570778158,1.1531481473993928,4.666378931042993,,3,5,2.6380498538510074e-10,7,0,0,7,8,4,11214.65956355073,NO_RAW_BREAK_CROSSING,R0,UNIFORM,PROCESSED,4df8e554f9e9fe6cb829bbee3d5ac8cd8f417be9143c23f9121d036cf3b3c175
571,111,46,0.4144144144144144,,True,False,False,0,5,60,106,46,0.5660377358490566,,4.793248974699767,0.7271159913191598,0.06629558891608447,2.0066525548093024,2.9702875205526698,4.63978850941861,,106,0,True,8,0,5,46,0,0,14917.25780994477,,11179.679760459798,,RAW_WINDOWS_DT30_DISTANCE400_V1,111,111,0,1.0,,111,13.080815570778158,1.0479067051046527,4.601974195901088,,3,5,2.6380498538510074e-10,7,0,0,0,8,8,11214.65956355073,NO_RAW_BREAK_CROSSING,S0,UNIFORM,PROCESSED,f45906526e5451b875bfbd4a15ff224d85f3c7a235c349f3cdb6555cf49c5c8d
10926,105,17,0.1619047619047619,,True,False,False,56,3,29,46,17,0.6304347826086957,,4.931704510598055,1.6888596323470941,0.8572024509664404,4.552029267130953,4.552029267130953,4.760850651037858,,46,0,True,3,2,3,17,0,0,3777.705224004327,,3183.4859632279763,,RAW_WINDOWS_DT30_DISTANCE400_V1,105,49,56,0.4666666666666667,,49,50.17154613617406,3.284337929947386,9.683715433408334,,3,5,2.882625008653813e-10,2,0,0,3,3,1,3333.0909302893633,NO_RAW_BREAK_CROSSING,R0,UNIFORM,PROCESSED,5f3cc27aa91602cc101ca562ccf6a877f7512b0e2e668749dd0d3dbb4a903f2e
10926,105,22,0.20952380952380953,,True,False,False,0,3,80,102,22,0.7843137254901961,,4.931704510598055,1.1739045258991716,0.619240409499876,4.1043665712765955,4.552029267130953,4.552029267130953,,102,0,True,3,0,3,73,0,0,3777.705224004327,,3287.971355247713,,RAW_WINDOWS_DT30_DISTANCE400_V1,105,105,0,1.0,,105,50.17154613617406,1.9331740678206772,4.552029267130953,,3,5,2.882625008653813e-10,2,0,0,0,3,3,3333.0909302893633,NO_RAW_BREAK_CROSSING,S0,UNIFORM,PROCESSED,6e6a0728aa50738b57034bd4cc691997098924664431824a0c6a79cc196b9c8f
7070,98,0,0.0,,False,True,True,98,0,0,0,0,,EMPTY_DP_REFERENCE_DENOMINATOR,,,,,,,EMPTY_DP_REFERENCE,0,0,True,1,1,0,0,0,0,3.293156842595346,,,EMPTY_OUTPUT,RAW_WINDOWS_DT30_DISTANCE400_V1,98,0,98,0.0,,0,,,,NO_COVERED_RAW_POINTS,0,5,1.787248782540157e-10,0,0,0,0,1,0,3.293156842595346,NO_RAW_BREAK_CROSSING,R0,UNIFORM,ALL_FILTERED,d7b7bf6197a700f2d5f09acbe0a9af2a6c163ca9d776a40e4531730ef888fb8b
7070,98,2,0.02040816326530612,,True,False,False,0,0,96,98,2,0.9795918367346939,,0.7036005292869082,0.4014430933465927,0.5543671339625985,0.6203748969037097,0.7036005292869082,0.7036005292869082,,98,0,True,1,0,0,98,0,0,3.293156842595346,,1.0507921361075796,,RAW_WINDOWS_DT30_DISTANCE400_V1,98,98,0,1.0,,98,0.7036005292869082,0.4014430933465927,0.7036005292869082,,0,5,1.787248782540157e-10,0,0,0,0,1,1,3.293156842595346,NO_RAW_BREAK_CROSSING,S0,UNIFORM,PROCESSED,e77644a8f6a5ed9e8937c4da53fd731281834bac073e0ecb215f9a9f8662eaae
4111,55,20,0.36363636363636365,,True,False,False,1,0,34,54,20,0.6296296296296297,,3.8816547787209785,0.7479088479581364,0.09058487357915598,2.9300578907933867,3.1938545757805414,3.5171206711625462,,54,0,True,2,1,0,26,0,0,12622.029696065287,,3351.019597594645,,RAW_WINDOWS_DT30_DISTANCE400_V1,55,54,1,0.9818181818181818,,54,3.8816547787209785,0.7479088479581364,3.1938545757805414,,0,5,1.9270959395792449e-10,1,0,0,1,2,1,3352.235838159169,NO_RAW_BREAK_CROSSING,R0,UNIFORM,PROCESSED,91a2b2b8f72fa8d2b9004ea2e3ef17b5f5e055f68ee528a0eb5baffc9f3bb05c
4111,55,20,0.36363636363636365,,True,False,False,1,0,34,54,20,0.6296296296296297,,3.8816547787209785,0.7479088479581364,0.09058487357915598,2.9300578907933867,3.1938545757805414,3.5171206711625462,,54,0,True,2,1,0,26,0,0,12622.029696065287,,3351.019597594645,,RAW_WINDOWS_DT30_DISTANCE400_V1,55,54,1,0.9818181818181818,,54,3.8816547787209785,0.7479088479581364,3.1938545757805414,,0,5,1.9270959395792449e-10,1,0,0,1,2,1,3352.235838159169,NO_RAW_BREAK_CROSSING,S0,UNIFORM,PROCESSED,c22aa0a32d9e7b7b11b4a65a1cc783af9b81b2bc44b5dc84eacc377217085894
2698,97,0,0.0,,False,True,True,97,0,0,0,0,,EMPTY_DP_REFERENCE_DENOMINATOR,,,,,,,EMPTY_DP_REFERENCE,0,0,True,1,1,0,0,0,0,0.8026516537909227,,,EMPTY_OUTPUT,RAW_WINDOWS_DT30_DISTANCE400_V1,97,0,97,0.0,,0,,,,NO_COVERED_RAW_POINTS,0,5,1.2819388915371362e-10,0,0,0,0,1,0,0.8026516537909227,NO_RAW_BREAK_CROSSING,R0,UNIFORM,ALL_FILTERED,1696a586c7fb0ec3631f15f7e99aec5fd838f2cdab4390e5707ef21234da8282
2698,97,2,0.020618556701030927,,True,False,False,0,0,95,97,2,0.979381443298969,,0.11087578407814937,0.010287445681399708,0.0,5.625562177821836e-09,0.11087578407814937,0.11087578407814937,,97,0,True,1,0,0,97,0,0,0.8026516537909227,,0.7610915909226371,,RAW_WINDOWS_DT30_DISTANCE400_V1,97,97,0,1.0,,97,0.11087578407814937,0.010287445681399708,0.11087578407814937,,0,5,1.2819388915371362e-10,0,0,0,0,1,1,0.8026516537909227,NO_RAW_BREAK_CROSSING,S0,UNIFORM,PROCESSED,0e27a56d8f5afe80395536aecbb9fb123c5bd57333555dfe6cce4dab554cec5b
7246,107,39,0.3644859813084112,,True,False,False,0,1,67,106,39,0.6320754716981132,,4.94489032805309,1.0639334815339248,0.1214078395988509,3.465050712347261,4.309196828796696,4.924253894067337,,106,0,True,3,0,1,26,0,0,9315.671943391268,,8909.051143305558,,RAW_WINDOWS_DT30_DISTANCE400_V1,107,107,0,1.0,,107,9.859832813143415,1.1461381481844806,4.381634969733603,,1,5,9.320155969149518e-11,2,0,0,0,3,3,8917.769087939421,NO_RAW_BREAK_CROSSING,R0,UNIFORM,PROCESSED,379704c9cb034c986478dcdd513d04c3d1d4d1e304794de8240b48971a2040e2
7246,107,39,0.3644859813084112,,True,False,False,0,1,67,106,39,0.6320754716981132,,4.94489032805309,1.0639334815339248,0.1214078395988509,3.465050712347261,4.309196828796696,4.924253894067337,,106,0,True,3,0,1,26,0,0,9315.671943391268,,8909.051143305558,,RAW_WINDOWS_DT30_DISTANCE400_V1,107,107,0,1.0,,107,9.859832813143415,1.1461381481844806,4.381634969733603,,1,5,9.320155969149518e-11,2,0,0,0,3,3,8917.769087939421,NO_RAW_BREAK_CROSSING,S0,UNIFORM,PROCESSED,54b5a8f1f12e3046392d590783815ea9fdcd0cd03711c03c47f3fe4e956f266b
363,104,35,0.33653846153846156,,True,False,False,30,3,36,71,35,0.5070422535211268,,4.921186599738835,0.8839723876618897,0.0,2.4868352976895993,3.764134419118522,4.591720903425759,,71,0,True,4,2,3,18,0,0,8079.872124082128,,7018.4235839483335,,RAW_WINDOWS_DT30_DISTANCE400_V1,104,74,30,0.7115384615384616,,74,21.619596149155612,1.2780399641207114,4.367820596389567,,2,5,4.340020565283274e-10,3,0,0,2,4,2,7235.204450968189,NO_RAW_BREAK_CROSSING,R0,UNIFORM,PROCESSED,60d973387d0f04805f0f35a200b2d9a4a63c2162843b425826fd49c56d92c8fa
363,104,40,0.38461538461538464,,True,False,False,0,3,61,101,40,0.6039603960396039,,4.921186599738835,0.819674855327344,0.4536561105131796,2.2341720168582873,3.4175091300880514,4.4505213192915845,,101,0,True,4,0,3,48,0,0,8079.872124082128,,7211.208644652276,,RAW_WINDOWS_DT30_DISTANCE400_V1,104,104,0,1.0,,104,21.619596149155612,1.1019238289326945,3.981250360922239,,2,5,4.340020565283274e-10,3,0,0,0,4,4,7235.204450968189,NO_RAW_BREAK_CROSSING,S0,UNIFORM,PROCESSED,1d3f36d340b1883d309ce09f5d5afd3e2fcd84187f1198e544a29301a9dc7932
10105,105,18,0.17142857142857143,,True,False,False,0,1,86,104,18,0.8269230769230769,,4.617170548804302,1.495388082975265,0.9318017354355161,4.22056757880471,4.488136863524098,4.488136863524098,,104,0,True,1,0,1,35,0,0,7876.794896334782,,7862.404438721698,,RAW_WINDOWS_DT30_DISTANCE400_V1,105,105,0,1.0,,105,5.473268181144896,1.5332726553387854,4.488136863524098,,1,5,6.595293306096876e-10,0,0,0,0,1,1,7876.794896334782,NO_RAW_BREAK_CROSSING,R0,UNIFORM,PROCESSED,0eafaaafa3484aba710769c437befbf4eca0ed697b6f964c86dacea7f4461061
10105,105,18,0.17142857142857143,,True,False,False,0,1,86,104,18,0.8269230769230769,,4.617170548804302,1.495388082975265,0.9318017354355161,4.22056757880471,4.488136863524098,4.488136863524098,,104,0,True,1,0,1,35,0,0,7876.794896334782,,7862.404438721698,,RAW_WINDOWS_DT30_DISTANCE400_V1,105,105,0,1.0,,105,5.473268181144896,1.5332726553387854,4.488136863524098,,1,5,6.595293306096876e-10,0,0,0,0,1,1,7876.794896334782,NO_RAW_BREAK_CROSSING,S0,UNIFORM,PROCESSED,c85587f7bb37762e9e97b9499628e45271a56e0854380a3230f393101884e71e
8792,100,0,0.0,,False,True,True,100,0,0,0,0,,EMPTY_DP_REFERENCE_DENOMINATOR,,,,,,,EMPTY_DP_REFERENCE,0,0,True,1,1,0,0,0,0,6.947675587962388,,,EMPTY_OUTPUT,RAW_WINDOWS_DT30_DISTANCE400_V1,100,0,100,0.0,,0,,,,NO_COVERED_RAW_POINTS,0,5,7.275544954367373e-11,0,0,0,0,1,0,6.947675587962388,NO_RAW_BREAK_CROSSING,R0,UNIFORM,ALL_FILTERED,3ffa6d1fdddbfe921f6f96ed27ab12267715900aa56850fe526081753f44c24d
8792,100,2,0.02,,True,False,False,0,0,98,100,2,0.98,,0.8637414885333752,0.4909354870698921,0.5969978607895916,0.8008662577774518,0.8637414885333752,0.8637414885333752,,100,0,True,1,0,0,100,0,0,6.947675587962388,,6.644674770081478,,RAW_WINDOWS_DT30_DISTANCE400_V1,100,100,0,1.0,,100,0.8637414885333752,0.4909354870698921,0.8637414885333752,,0,5,7.275544954367373e-11,0,0,0,0,1,1,6.947675587962388,NO_RAW_BREAK_CROSSING,S0,UNIFORM,PROCESSED,20ff61f41c74911fa33b7511dad925fb0e2efdca1a7e9b2a73bdc3432cfc5107
10308,98,0,0.0,,False,True,True,98,0,0,0,0,,EMPTY_DP_REFERENCE_DENOMINATOR,,,,,,,EMPTY_DP_REFERENCE,0,0,True,1,1,0,0,0,0,2.514889524071255,,,EMPTY_OUTPUT,RAW_WINDOWS_DT30_DISTANCE400_V1,98,0,98,0.0,,0,,,,NO_COVERED_RAW_POINTS,0,5,3.592337493123238e-10,0,0,0,0,1,0,2.514889524071255,NO_RAW_BREAK_CROSSING,R0,UNIFORM,ALL_FILTERED,7b3bc4d8604bbce1eb9ff02c4804c48de1dac9bb274ee3170741d1b26e174f91
10308,98,2,0.02040816326530612,,True,False,False,0,0,96,98,2,0.9795918367346939,,0.43739189332414546,0.21093849664828873,0.25514523042020654,0.43739189332414546,0.43739189332414546,0.43739189332414546,,98,0,True,1,0,0,98,0,0,2.514889524071255,,2.0307957227905606,,RAW_WINDOWS_DT30_DISTANCE400_V1,98,98,0,1.0,,98,0.43739189332414546,0.21093849664828873,0.43739189332414546,,0,5,3.592337493123238e-10,0,0,0,0,1,1,2.514889524071255,NO_RAW_BREAK_CROSSING,S0,UNIFORM,PROCESSED,2e0c241049051332b49bf524e43c3ddbb3f2be474b897a143870173513426405
773,103,27,0.2621359223300971,,True,False,False,2,5,69,96,27,0.71875,,4.971478493355183,0.4639520453554664,0.0,1.617694125617988,2.7922392532655804,4.72707539413595,,96,0,True,5,1,5,62,0,0,6799.256373202685,,5275.500735696363,,RAW_WINDOWS_DT30_DISTANCE400_V1,103,101,2,0.9805825242718447,,101,99.91562697998924,3.378588148896704,4.714212073124412,,4,5,3.6281672917761384e-10,4,0,0,1,5,4,6108.390384279137,NO_RAW_BREAK_CROSSING,R0,UNIFORM,PROCESSED,8ce9e9d079fcd89c5c8a5f3312a9f67af3657a1d06685d79c612aada0470ac88
773,103,29,0.2815533980582524,,True,False,False,0,5,69,98,29,0.7040816326530612,,4.971478493355183,0.45448363626657934,0.0,1.5887811843388808,2.6842394957779145,4.7219300657313354,,98,0,True,5,0,5,64,0,0,6799.256373202685,,5447.2024480647315,,RAW_WINDOWS_DT30_DISTANCE400_V1,103,103,0,1.0,,103,99.91562697998924,3.3129844955200687,4.68040192837701,,4,5,3.6281672917761384e-10,4,0,0,0,5,5,6108.390384279137,NO_RAW_BREAK_CROSSING,S0,UNIFORM,PROCESSED,4ca86890c73c35f6d308df1236b41882ea7ad2eb09fe5e8048dd49c3e4361fbe
9219,100,0,0.0,,False,True,True,100,0,0,0,0,,EMPTY_DP_REFERENCE_DENOMINATOR,,,,,,,EMPTY_DP_REFERENCE,0,0,True,1,1,0,0,0,0,2.219842818151784,,,EMPTY_OUTPUT,RAW_WINDOWS_DT30_DISTANCE400_V1,100,0,100,0.0,,0,,,,NO_COVERED_RAW_POINTS,0,5,5.7145550726988756e-11,0,0,0,0,1,0,2.219842818151784,NO_RAW_BREAK_CROSSING,R0,UNIFORM,ALL_FILTERED,1aadbcf2dd99483bb11a4dbaab88c3bb681567fc7ab49d010b695b0d5a01071e
9219,100,2,0.02,,True,False,False,0,0,98,100,2,0.98,,0.5442491022871865,0.2902661979767141,0.3047795116776362,0.39403637712853906,0.5442491022871865,0.5442491022871865,,100,0,True,1,0,0,100,0,0,2.219842818151784,,1.4538905274276408,,RAW_WINDOWS_DT30_DISTANCE400_V1,100,100,0,1.0,,100,0.5442491022871865,0.2902661979767141,0.5442491022871865,,0,5,5.7145550726988756e-11,0,0,0,0,1,1,2.219842818151784,NO_RAW_BREAK_CROSSING,S0,UNIFORM,PROCESSED,003a5ce6a82dfa119d38e16afae68a983f4db5c76bf320e65caf88f41b79b136
10961,100,0,0.0,,False,True,True,100,0,0,0,0,,EMPTY_DP_REFERENCE_DENOMINATOR,,,,,,,EMPTY_DP_REFERENCE,0,0,True,1,1,0,0,0,0,11.117368388968227,,,EMPTY_OUTPUT,RAW_WINDOWS_DT30_DISTANCE400_V1,100,0,100,0.0,,0,,,,NO_COVERED_RAW_POINTS,0,5,3.5714260750116224e-10,0,0,0,0,1,0,11.117368388968227,NO_RAW_BREAK_CROSSING,R0,UNIFORM,ALL_FILTERED,731abcd736c0c3f0a5b8ebacf6b4bf72c6f72fe55aea6cedc3ec36bc895c6394
10961,100,2,0.02,,True,False,False,0,0,98,100,2,0.98,,1.7258655071286433,0.7891960462711896,0.805468807728484,1.3447601611307558,1.3714067954943818,1.7258655071286433,,100,0,True,1,0,0,100,0,0,11.117368388968227,,2.095368186049316,,RAW_WINDOWS_DT30_DISTANCE400_V1,100,100,0,1.0,,100,1.7258655071286433,0.7891960462711896,1.3714067954943818,,0,5,3.5714260750116224e-10,0,0,0,0,1,1,11.117368388968227,NO_RAW_BREAK_CROSSING,S0,UNIFORM,PROCESSED,2c60844298bbf6de017f080e5252838b3147c6a951f9d52b40b03a7a0809ca85
11175,93,26,0.27956989247311825,,True,False,False,6,0,61,87,26,0.7011494252873562,,4.875850427162793,1.0456292643591314,0.7155819538534969,2.629814485378762,3.1907882995369,4.8546126920322035,,87,0,True,7,4,0,25,0,0,16552.52141866489,,11954.802536435773,,RAW_WINDOWS_DT30_DISTANCE400_V1,93,87,6,0.9354838709677419,,87,4.875850427162793,1.0456292643591314,3.1907882995369,,0,5,6.018154921612431e-10,6,0,0,4,7,3,12381.714674173305,NO_RAW_BREAK_CROSSING,R0,UNIFORM,PROCESSED,b76ddde9435fd890ea614e20ab36275fc33178dcbbc0506305b7dd0d9968a467
11175,93,28,0.3010752688172043,,True,False,False,3,0,62,90,28,0.6888888888888889,,4.875850427162793,1.0128562895327526,0.5979369954456879,2.587043045001344,3.1373522305336627,4.853871840806718,,90,0,True,7,3,0,28,0,0,16552.52141866489,,12380.958669878162,,RAW_WINDOWS_DT30_DISTANCE400_V1,93,90,3,0.967741935483871,,90,4.875850427162793,1.0128562895327526,3.1373522305336627,,0,5,6.018154921612431e-10,6,0,0,3,7,4,12381.714674173305,NO_RAW_BREAK_CROSSING,S0,UNIFORM,PROCESSED,690fabb38d20f85bddc54d6fc68e5e4548b943b1123d3c5f943af9ccb9b1e6be
6931,110,30,0.2727272727272727,,True,False,False,0,1,79,109,30,0.7247706422018348,,3.8923296847857083,0.45494488043776493,0.29234138869357745,1.2825780647020302,1.7854387130097393,2.9127513597148402,,109,0,True,1,0,1,64,0,0,4569.058448425332,,4564.301116037474,,RAW_WINDOWS_DT30_DISTANCE400_V1,110,110,0,1.0,,110,6.248812325612531,0.5076164026666264,1.9715045318017348,,1,5,1.6448107057827751e-10,0,0,0,0,1,1,4569.058448425332,NO_RAW_BREAK_CROSSING,R0,UNIFORM,PROCESSED,9e543d9a1aecfc0ccdfcbfda2e6398dbc1cd10dbd5ec0db4b8e545703d6edb9d
6931,110,30,0.2727272727272727,,True,False,False,0,1,79,109,30,0.7247706422018348,,3.8923296847857083,0.45494488043776493,0.29234138869357745,1.2825780647020302,1.7854387130097393,2.9127513597148402,,109,0,True,1,0,1,64,0,0,4569.058448425332,,4564.301116037474,,RAW_WINDOWS_DT30_DISTANCE400_V1,110,110,0,1.0,,110,6.248812325612531,0.5076164026666264,1.9715045318017348,,1,5,1.6448107057827751e-10,0,0,0,0,1,1,4569.058448425332,NO_RAW_BREAK_CROSSING,S0,UNIFORM,PROCESSED,5b3bb73f0d633e350eab6c77a996ffbb0eda5c344d8422e6915183024fcff3ce
3854,98,0,0.0,,False,True,True,98,0,0,0,0,,EMPTY_DP_REFERENCE_DENOMINATOR,,,,,,,EMPTY_DP_REFERENCE,0,0,True,1,1,0,0,0,0,1.1762118227784983,,,EMPTY_OUTPUT,RAW_WINDOWS_DT30_DISTANCE400_V1,98,0,98,0.0,,0,,,,NO_COVERED_RAW_POINTS,0,5,1.7534354624344794e-10,0,0,0,0,1,0,1.1762118227784983,NO_RAW_BREAK_CROSSING,R0,UNIFORM,ALL_FILTERED,59b375ac103d07ac839f2889f5adc704007de3f2d747ef4c291b3458160966c8
3854,98,2,0.02040816326530612,,True,False,False,0,0,96,98,2,0.9795918367346939,,0.0889009522681038,0.04756071495317081,0.03810041505334581,0.08001085819684696,0.0889009522681038,0.0889009522681038,,98,0,True,1,0,0,98,0,0,1.1762118227784983,,0.8307996599149509,,RAW_WINDOWS_DT30_DISTANCE400_V1,98,98,0,1.0,,98,0.0889009522681038,0.04756071495317081,0.0889009522681038,,0,5,1.7534354624344794e-10,0,0,0,0,1,1,1.1762118227784983,NO_RAW_BREAK_CROSSING,S0,UNIFORM,PROCESSED,8a2b472255461a2ca2de01a0b71ed16f436eaa58d74b71398f91f7d1f040e41f
353,97,0,0.0,,False,True,True,97,0,0,0,0,,EMPTY_DP_REFERENCE_DENOMINATOR,,,,,,,EMPTY_DP_REFERENCE,0,0,True,10,10,0,0,0,0,22.30808601722739,,,EMPTY_OUTPUT,RAW_WINDOWS_DT30_DISTANCE400_V1,97,0,97,0.0,,0,,,,NO_COVERED_RAW_POINTS,0,5,7.876275671291416e-11,9,0,0,17,10,0,21.44153049993202,NO_RAW_BREAK_CROSSING,R0,UNIFORM,ALL_FILTERED,0e3457079eb7aaae410dd373a33b5672c78a53bca8b5ccab5d415442e75026f8
353,97,18,0.18556701030927836,,True,False,False,1,3,75,93,18,0.8064516129032258,,1.2329027043588832,0.2856350927380966,0.15688112578062083,0.8001737367959438,0.8809475418089434,0.909103954812938,,93,0,True,10,1,3,93,0,0,22.30808601722739,,8.826462584647876,,RAW_WINDOWS_DT30_DISTANCE400_V1,97,96,1,0.9896907216494846,,96,1.2329027043588832,0.2816645054131011,0.8809475418089434,,0,5,7.876275671291416e-11,9,0,0,1,10,9,21.44153049993202,NO_RAW_BREAK_CROSSING,S0,UNIFORM,PROCESSED,53991ddef3eba01ae8e04ceff7a8767ade4c82ea4d8aa406b2280d4b4fe4e04f
7759,41,14,0.34146341463414637,,True,False,False,0,2,25,39,14,0.641025641025641,,4.568729697381308,0.9810446177318446,0.4767296791646024,2.6181165774685797,2.902269754744896,3.9662643583338117,,39,0,True,2,0,2,17,0,0,4238.739598071281,,3909.932529727528,,RAW_WINDOWS_DT30_DISTANCE400_V1,41,41,0,1.0,,41,11.280494963075432,1.4176184939510679,4.568729697381308,,2,5,3.845309510310615e-10,1,0,0,0,2,2,3930.692847588597,NO_RAW_BREAK_CROSSING,R0,UNIFORM,PROCESSED,7308fa22fe1cc18646f808305e4cc2a0c74758f0eba8296e09c92371123e613e
7759,41,14,0.34146341463414637,,True,False,False,0,2,25,39,14,0.641025641025641,,4.568729697381308,0.9810446177318446,0.4767296791646024,2.6181165774685797,2.902269754744896,3.9662643583338117,,39,0,True,2,0,2,17,0,0,4238.739598071281,,3909.932529727528,,RAW_WINDOWS_DT30_DISTANCE400_V1,41,41,0,1.0,,41,11.280494963075432,1.4176184939510679,4.568729697381308,,2,5,3.845309510310615e-10,1,0,0,0,2,2,3930.692847588597,NO_RAW_BREAK_CROSSING,S0,UNIFORM,PROCESSED,5b3bc411f175aeccf76f8467577859d07e777b9cd6785493589522445006c5ae
7840,99,0,0.0,,False,True,True,99,0,0,0,0,,EMPTY_DP_REFERENCE_DENOMINATOR,,,,,,,EMPTY_DP_REFERENCE,0,0,True,1,1,0,0,0,0,5.480101335012627,,,EMPTY_OUTPUT,RAW_WINDOWS_DT30_DISTANCE400_V1,99,0,99,0.0,,0,,,,NO_COVERED_RAW_POINTS,0,5,1.4240627153168973e-10,0,0,0,0,1,0,5.480101335012627,NO_RAW_BREAK_CROSSING,R0,UNIFORM,ALL_FILTERED,7b22ef748fa81f90ccd23bd51061bb301787a15f9c6c03d47b13a56724411a37
7840,99,2,0.020202020202020204,,True,False,False,0,0,97,99,2,0.9797979797979798,,2.1821668318518643,1.270140530359888,1.3223763526450045,2.17030797239621,2.1821668318518643,2.1821668318518643,,99,0,True,1,0,0,99,0,0,5.480101335012627,,0.7308108960126543,,RAW_WINDOWS_DT30_DISTANCE400_V1,99,99,0,1.0,,99,2.1821668318518643,1.270140530359888,2.1821668318518643,,0,5,1.4240627153168973e-10,0,0,0,0,1,1,5.480101335012627,NO_RAW_BREAK_CROSSING,S0,UNIFORM,PROCESSED,ff9a50077993ec4b29cb5dd7bcdac3a2f42f96bceac85babd5e5de88216361af
1389,100,8,0.08,,True,False,False,0,0,92,100,8,0.92,,4.972670689584474,1.1391085053288221,0.49711991419304774,4.972670689584474,4.972670689584474,4.972670689584474,,100,0,True,1,0,0,100,0,0,111.47698716386064,,101.86464774289209,,RAW_WINDOWS_DT30_DISTANCE400_V1,100,100,0,1.0,,100,4.972670689584474,1.1391085053288221,4.972670689584474,,0,5,2.504312598590253e-10,0,0,0,0,1,1,111.47698716386064,NO_RAW_BREAK_CROSSING,R0,UNIFORM,PROCESSED,ee9696fb92ddc71f721e1639153a32b16eb6436d09c56be40be58525f037a81f
1389,100,8,0.08,,True,False,False,0,0,92,100,8,0.92,,4.972670689584474,1.1391085053288221,0.49711991419304774,4.972670689584474,4.972670689584474,4.972670689584474,,100,0,True,1,0,0,100,0,0,111.47698716386064,,101.86464774289209,,RAW_WINDOWS_DT30_DISTANCE400_V1,100,100,0,1.0,,100,4.972670689584474,1.1391085053288221,4.972670689584474,,0,5,2.504312598590253e-10,0,0,0,0,1,1,111.47698716386064,NO_RAW_BREAK_CROSSING,S0,UNIFORM,PROCESSED,18441e177ee402d202ef15953c4ddcc072088f0149de21fc93757698caa8c505
1376,100,0,0.0,,False,True,True,100,0,0,0,0,,EMPTY_DP_REFERENCE_DENOMINATOR,,,,,,,EMPTY_DP_REFERENCE,0,0,True,1,1,0,0,0,0,8.926594786657004,,,EMPTY_OUTPUT,RAW_WINDOWS_DT30_DISTANCE400_V1,100,0,100,0.0,,0,,,,NO_COVERED_RAW_POINTS,0,5,2.595019716161505e-10,0,0,0,0,1,0,8.926594786657004,NO_RAW_BREAK_CROSSING,R0,UNIFORM,ALL_FILTERED,64f901983e9b43b7a636c0ed0114821b1ba79037ab850e0d7f2f87296461c81d
1376,100,2,0.02,,True,False,False,0,0,98,100,2,0.98,,0.8957721385721821,0.48233883705354763,0.5512441147657944,0.8647647140610822,0.8957721385721821,0.8957721385721821,,100,0,True,1,0,0,100,0,0,8.926594786657004,,7.658710177197904,,RAW_WINDOWS_DT30_DISTANCE400_V1,100,100,0,1.0,,100,0.8957721385721821,0.48233883705354763,0.8957721385721821,,0,5,2.595019716161505e-10,0,0,0,0,1,1,8.926594786657004,NO_RAW_BREAK_CROSSING,S0,UNIFORM,PROCESSED,68241167b69ab8570adb6d231d9a32e2d89984eb42ab7ac671729b42b3f354f8
5117,105,15,0.14285714285714285,,True,False,False,0,1,89,104,15,0.8557692307692308,,4.670721958610668,0.4581645271569294,0.23852845161759642,0.8397478296369798,0.8397478296369798,4.4177045059971185,,104,0,True,1,0,1,81,0,0,1534.8418713075139,,1531.1848646649682,,RAW_WINDOWS_DT30_DISTANCE400_V1,105,105,0,1.0,,105,4.670721958610668,0.4660107671030843,1.007294060752042,,0,5,1.7456184944113655e-10,0,0,0,0,1,1,1534.8418713075139,NO_RAW_BREAK_CROSSING,R0,UNIFORM,PROCESSED,1c9b234e81030fc840f75a54f1b94161f5002a1f94575932b6851b3d847ccb34
5117,105,15,0.14285714285714285,,True,False,False,0,1,89,104,15,0.8557692307692308,,4.670721958610668,0.4581645271569294,0.23852845161759642,0.8397478296369798,0.8397478296369798,4.4177045059971185,,104,0,True,1,0,1,81,0,0,1534.8418713075139,,1531.1848646649682,,RAW_WINDOWS_DT30_DISTANCE400_V1,105,105,0,1.0,,105,4.670721958610668,0.4660107671030843,1.007294060752042,,0,5,1.7456184944113655e-10,0,0,0,0,1,1,1534.8418713075139,NO_RAW_BREAK_CROSSING,S0,UNIFORM,PROCESSED,73f1159fbce967486d07fb42932c438b22f363938431a199bb8d3f88eb015bea
8733,101,34,0.33663366336633666,,True,False,False,0,3,64,98,34,0.653061224489796,,4.453599219274378,0.5525094046991434,0.0,2.1551025931166135,2.978665685950866,4.289488740050264,,98,0,True,2,0,3,66,0,0,2680.5880391566893,,2606.0075014262457,,RAW_WINDOWS_DT30_DISTANCE400_V1,101,101,0,1.0,,101,14.830485169940614,0.8745504390876818,3.90628177008318,,3,5,2.0065441399138732e-10,1,0,0,0,2,2,2622.5877283702944,NO_RAW_BREAK_CROSSING,R0,UNIFORM,PROCESSED,58d7f9df6f11e66fdfda7e82150a7e1597269e21fc906dc4d7bfffe9d5276a4b
8733,101,34,0.33663366336633666,,True,False,False,0,3,64,98,34,0.653061224489796,,4.453599219274378,0.5525094046991434,0.0,2.1551025931166135,2.978665685950866,4.289488740050264,,98,0,True,2,0,3,66,0,0,2680.5880391566893,,2606.0075014262457,,RAW_WINDOWS_DT30_DISTANCE400_V1,101,101,0,1.0,,101,14.830485169940614,0.8745504390876818,3.90628177008318,,3,5,2.0065441399138732e-10,1,0,0,0,2,2,2622.5877283702944,NO_RAW_BREAK_CROSSING,S0,UNIFORM,PROCESSED,d44ba85a7a5fef87c6e5a945a7f54fd0d5107ce60a72ba2a49653a809dee9378
2926,99,0,0.0,,False,True,True,99,0,0,0,0,,EMPTY_DP_REFERENCE_DENOMINATOR,,,,,,,EMPTY_DP_REFERENCE,0,0,True,1,1,0,0,0,0,0.0,,,EMPTY_OUTPUT,RAW_WINDOWS_DT30_DISTANCE400_V1,99,0,99,0.0,,0,,,,NO_COVERED_RAW_POINTS,0,5,3.0271343780426463e-10,0,0,0,0,1,0,0.0,NO_RAW_BREAK_CROSSING,R0,UNIFORM,ALL_FILTERED,090f6467515813d3a0f38ef5e877ce7a52214335532016b1e1c71bf48d7f11a9
2926,99,2,0.020202020202020204,,True,False,False,0,0,97,99,2,0.9797979797979798,,0.0,0.0,0.0,0.0,0.0,0.0,,99,0,True,1,0,0,99,0,0,0.0,,0.0,,RAW_WINDOWS_DT30_DISTANCE400_V1,99,99,0,1.0,,99,0.0,0.0,0.0,,0,5,3.0271343780426463e-10,0,0,0,0,1,1,0.0,NO_RAW_BREAK_CROSSING,S0,UNIFORM,PROCESSED,e7e57821c8ee2a449fee3f1c48798c38caf2a16315253bd14fb155e009af32a2
4011,99,0,0.0,,False,True,True,99,0,0,0,0,,EMPTY_DP_REFERENCE_DENOMINATOR,,,,,,,EMPTY_DP_REFERENCE,0,0,True,1,1,0,0,0,0,1.0939465526512906,,,EMPTY_OUTPUT,RAW_WINDOWS_DT30_DISTANCE400_V1,99,0,99,0.0,,0,,,,NO_COVERED_RAW_POINTS,0,5,1.5624431808875663e-10,0,0,0,0,1,0,1.0939465526512906,NO_RAW_BREAK_CROSSING,R0,UNIFORM,ALL_FILTERED,ede55f8ceae8961d87133ddba009ff163c56c806aed89b6235106b484e58ac77
4011,99,2,0.020202020202020204,,True,False,False,0,0,97,99,2,0.9797979797979798,,0.2286030874469007,0.08300011185376964,0.038100516501750746,0.2082828094547741,0.2286030874469007,0.2286030874469007,,99,0,True,1,0,0,99,0,0,1.0939465526512906,,0.8308121656956047,,RAW_WINDOWS_DT30_DISTANCE400_V1,99,99,0,1.0,,99,0.2286030874469007,0.08300011185376964,0.2286030874469007,,0,5,1.5624431808875663e-10,0,0,0,0,1,1,1.0939465526512906,NO_RAW_BREAK_CROSSING,S0,UNIFORM,PROCESSED,e011d0f557a379deb37e73e6341e9d20b104878a9a0e2bafed5e687d895e4121
3096,100,37,0.37,,True,False,False,0,0,63,100,37,0.63,,4.779082891007077,1.0930493264462664,0.5033363150246557,3.6569214140889703,3.658611902320152,4.721506957746446,,100,0,True,1,0,0,39,0,0,7179.263239555361,,7176.434928721474,,RAW_WINDOWS_DT30_DISTANCE400_V1,100,100,0,1.0,,100,4.779082891007077,1.0930493264462664,3.658611902320152,,0,5,2.7976054087777346e-10,0,0,0,0,1,1,7179.263239555361,NO_RAW_BREAK_CROSSING,R0,UNIFORM,PROCESSED,12aac2103a29e779e697a13b681c7b874e906c4cdd5d77f4054fe29ccbdbada6
3096,100,37,0.37,,True,False,False,0,0,63,100,37,0.63,,4.779082891007077,1.0930493264462664,0.5033363150246557,3.6569214140889703,3.658611902320152,4.721506957746446,,100,0,True,1,0,0,39,0,0,7179.263239555361,,7176.434928721474,,RAW_WINDOWS_DT30_DISTANCE400_V1,100,100,0,1.0,,100,4.779082891007077,1.0930493264462664,3.658611902320152,,0,5,2.7976054087777346e-10,0,0,0,0,1,1,7179.263239555361,NO_RAW_BREAK_CROSSING,S0,UNIFORM,PROCESSED,a8737897022a4c1cfec7f5076b6c6eff7d899f21fa6e9afee3e2d1b2f8c0173f
10186,103,21,0.20388349514563106,,True,False,False,0,3,79,100,21,0.79,,4.880803119385504,0.5467126707193838,0.26548229540289403,1.5229708882764261,2.1085461832069377,3.81935962178644,,100,0,True,1,0,3,59,0,0,4247.558146841288,,4221.423708782467,,RAW_WINDOWS_DT30_DISTANCE400_V1,103,103,0,1.0,,103,17.02337257218181,0.8890632768020733,2.6429361162925753,,3,5,6.443822008938557e-10,0,0,0,0,1,1,4247.558146841288,NO_RAW_BREAK_CROSSING,R0,UNIFORM,PROCESSED,6e375390479a68316d56a319fd7d021eb3feb29acdd1e470477a93953075e522
10186,103,21,0.20388349514563106,,True,False,False,0,3,79,100,21,0.79,,4.880803119385504,0.5467126707193838,0.26548229540289403,1.5229708882764261,2.1085461832069377,3.81935962178644,,100,0,True,1,0,3,59,0,0,4247.558146841288,,4221.423708782467,,RAW_WINDOWS_DT30_DISTANCE400_V1,103,103,0,1.0,,103,17.02337257218181,0.8890632768020733,2.6429361162925753,,3,5,6.443822008938557e-10,0,0,0,0,1,1,4247.558146841288,NO_RAW_BREAK_CROSSING,S0,UNIFORM,PROCESSED,23f20b35ba22b3abe7fe075c239cd421dd58e51548cfefc6322e038416633a7e
3927,100,0,0.0,,False,True,True,100,0,0,0,0,,EMPTY_DP_REFERENCE_DENOMINATOR,,,,,,,EMPTY_DP_REFERENCE,0,0,True,1,1,0,0,0,0,1.3715353489488749,,,EMPTY_OUTPUT,RAW_WINDOWS_DT30_DISTANCE400_V1,100,0,100,0.0,,0,,,,NO_COVERED_RAW_POINTS,0,5,3.6154890882388944e-10,0,0,0,0,1,0,1.3715353489488749,NO_RAW_BREAK_CROSSING,R0,UNIFORM,ALL_FILTERED,f0a65f9444b68e4cf735823c938300d109b481b6bc183834d418add08170ad8d
3927,100,2,0.02,,True,False,False,0,0,98,100,2,0.98,,0.24122322809121766,0.18264044400362917,0.2067627722155292,0.24122322809121766,0.24122322809121766,0.24122322809121766,,100,0,True,1,0,0,100,0,0,1.3715353489488749,,0.9205858922091434,,RAW_WINDOWS_DT30_DISTANCE400_V1,100,100,0,1.0,,100,0.24122322809121766,0.18264044400362917,0.24122322809121766,,0,5,3.6154890882388944e-10,0,0,0,0,1,1,1.3715353489488749,NO_RAW_BREAK_CROSSING,S0,UNIFORM,PROCESSED,46e06cc96e0146d90653b5ac6588fe7b67f1c495d584a499783162e6cdc6c8ae
290,99,0,0.0,,False,True,True,99,0,0,0,0,,EMPTY_DP_REFERENCE_DENOMINATOR,,,,,,,EMPTY_DP_REFERENCE,0,0,True,1,1,0,0,0,0,6.923630751826354,,,EMPTY_OUTPUT,RAW_WINDOWS_DT30_DISTANCE400_V1,99,0,99,0.0,,0,,,,NO_COVERED_RAW_POINTS,0,5,5.530211614691391e-10,0,0,0,0,1,0,6.923630751826354,NO_RAW_BREAK_CROSSING,R0,UNIFORM,ALL_FILTERED,1516107a0a7c528248648493204e495751f478cb923b7d0364c6304a4becd804
290,99,2,0.020202020202020204,,True,False,False,0,0,97,99,2,0.9797979797979798,,0.24142653511708775,0.08761529634085437,0.06747983396917219,0.1761044978115619,0.24142653511708775,0.24142653511708775,,99,0,True,1,0,0,99,0,0,6.923630751826354,,6.433029155419979,,RAW_WINDOWS_DT30_DISTANCE400_V1,99,99,0,1.0,,99,0.24142653511708775,0.08761529634085437,0.24142653511708775,,0,5,5.530211614691391e-10,0,0,0,0,1,1,6.923630751826354,NO_RAW_BREAK_CROSSING,S0,UNIFORM,PROCESSED,8e1c5d986305c7ba75d3e01243c9f96db0d5b7c90a0da4480534343a2b378e90
6710,101,8,0.07920792079207921,,True,False,False,0,2,91,99,8,0.9191919191919192,,4.879120864831825,2.9552129391849835,4.234880977248248,4.81617877069121,4.879120864831825,4.879120864831825,,99,0,True,1,0,2,83,0,0,732.3133072273534,,718.5207046565166,,RAW_WINDOWS_DT30_DISTANCE400_V1,101,101,0,1.0,,101,13.665056701365101,3.0458662208460194,4.879120864831825,,1,5,2.2329011073050097e-10,0,0,0,0,1,1,732.3133072273534,NO_RAW_BREAK_CROSSING,R0,UNIFORM,PROCESSED,078edce28cf149d72300394db215b3b2b78bc065559a46e10ce8d99fdca14f22
6710,101,8,0.07920792079207921,,True,False,False,0,2,91,99,8,0.9191919191919192,,4.879120864831825,2.9552129391849835,4.234880977248248,4.81617877069121,4.879120864831825,4.879120864831825,,99,0,True,1,0,2,83,0,0,732.3133072273534,,718.5207046565166,,RAW_WINDOWS_DT30_DISTANCE400_V1,101,101,0,1.0,,101,13.665056701365101,3.0458662208460194,4.879120864831825,,1,5,2.2329011073050097e-10,0,0,0,0,1,1,732.3133072273534,NO_RAW_BREAK_CROSSING,S0,UNIFORM,PROCESSED,aed832312f866b4ffd1580a24627252782f09ea22ed3beb9b56e36e33eeed1a2
1525,107,52,0.48598130841121495,,True,False,False,0,1,54,106,52,0.5094339622641509,,4.988122061848851,1.1230179918030725,0.0,3.528523146785901,4.28462726335822,4.932262089448819,,106,0,True,3,0,1,35,0,0,10714.665919060239,,8484.957155680826,,RAW_WINDOWS_DT30_DISTANCE400_V1,107,107,0,1.0,,107,34.29215348837241,1.433009912331758,4.5597094015050015,,1,5,2.721135285039838e-10,2,0,0,0,3,3,8507.59643054955,NO_RAW_BREAK_CROSSING,R0,UNIFORM,PROCESSED,c5ab77b6b1946b2ed546eb1ac38ec810aa20c66b249d5786255294bf3b7bf7e2
1525,107,52,0.48598130841121495,,True,False,False,0,1,54,106,52,0.5094339622641509,,4.988122061848851,1.1230179918030725,0.0,3.528523146785901,4.28462726335822,4.932262089448819,,106,0,True,3,0,1,35,0,0,10714.665919060239,,8484.957155680826,,RAW_WINDOWS_DT30_DISTANCE400_V1,107,107,0,1.0,,107,34.29215348837241,1.433009912331758,4.5597094015050015,,1,5,2.721135285039838e-10,2,0,0,0,3,3,8507.59643054955,NO_RAW_BREAK_CROSSING,S0,UNIFORM,PROCESSED,c5ce3216390ab706bcf4b8495965ebbfe4143d8936fd6a4b72da175c91b6f3ff
1155,95,38,0.4,,True,False,False,0,0,57,95,38,0.6,,3.84612765438875,0.9234723298569802,0.014511807976858845,2.8262722322464855,3.2911941162880995,3.727447602764046,,95,0,True,4,0,0,40,0,0,11542.237190047483,,9577.981965882856,,RAW_WINDOWS_DT30_DISTANCE400_V1,95,95,0,1.0,,95,3.84612765438875,0.9234723298569802,3.2911941162880995,,0,5,3.659079325542622e-10,3,0,0,0,4,4,9580.662836217643,NO_RAW_BREAK_CROSSING,R0,UNIFORM,PROCESSED,b6111ac0503f2fa56f27d2952835b2b921c7ee82fffb8528d58c8a30e44f75c7
1155,95,38,0.4,,True,False,False,0,0,57,95,38,0.6,,3.84612765438875,0.9234723298569802,0.014511807976858845,2.8262722322464855,3.2911941162880995,3.727447602764046,,95,0,True,4,0,0,40,0,0,11542.237190047483,,9577.981965882856,,RAW_WINDOWS_DT30_DISTANCE400_V1,95,95,0,1.0,,95,3.84612765438875,0.9234723298569802,3.2911941162880995,,0,5,3.659079325542622e-10,3,0,0,0,4,4,9580.662836217643,NO_RAW_BREAK_CROSSING,S0,UNIFORM,PROCESSED,1adc7f026902d7f5b57f61ad4b5c560060280b58f17400f69cf5da7464e3eff8
5362,114,36,0.3157894736842105,,True,False,False,2,11,65,101,36,0.6435643564356436,,4.626574717988452,1.1492683297506228,0.8566938641236053,3.129397978360926,3.605347742147787,3.759814844138278,,101,0,True,4,1,11,21,0,0,11373.802089242361,,9343.359950942204,,RAW_WINDOWS_DT30_DISTANCE400_V1,114,112,2,0.9824561403508771,,112,181.19599250306416,6.142960133600421,6.269689012272835,,6,5,3.508313955795407e-10,3,0,0,1,4,3,10373.70195045774,NO_RAW_BREAK_CROSSING,R0,UNIFORM,PROCESSED,50a0458963294c3f3656697e808ba7e3b0e4c9cb34fc54da2a0e04b9b98656db
5362,114,38,0.3333333333333333,,True,False,False,0,11,65,103,38,0.6310679611650485,,4.626574717988452,1.1269524398525523,0.7906777366206827,3.1280270264448586,3.603142576151113,3.759693947806525,,103,0,True,4,0,11,23,0,0,11373.802089242361,,9556.343097471046,,RAW_WINDOWS_DT30_DISTANCE400_V1,114,114,0,1.0,,114,181.19599250306416,6.035188903186379,5.904552502431872,,6,5,3.508313955795407e-10,3,0,0,0,4,4,10373.70195045774,NO_RAW_BREAK_CROSSING,S0,UNIFORM,PROCESSED,ee11033c6684a7304718e044995d166efe6a6569bd2fada839fd9753d8fe4999
4690,99,0,0.0,,False,True,True,99,0,0,0,0,,EMPTY_DP_REFERENCE_DENOMINATOR,,,,,,,EMPTY_DP_REFERENCE,0,0,True,1,1,0,0,0,0,47.55060410318926,,,EMPTY_OUTPUT,RAW_WINDOWS_DT30_DISTANCE400_V1,99,0,99,0.0,,0,,,,NO_COVERED_RAW_POINTS,0,5,1.4371315659305205e-10,0,0,0,0,1,0,47.55060410318926,NO_RAW_BREAK_CROSSING,R0,UNIFORM,ALL_FILTERED,d084769dbef670028630470df179122dfbb0faad9f20c81af5bad0d7434b5643
4690,99,3,0.030303030303030304,,True,False,False,0,17,79,82,3,0.9634146341463414,,3.5168096465695267,1.2830660160057588,1.1566819186247408,2.4283455588078056,2.7086017523811288,3.0181444839573275,,82,0,True,1,0,17,18,0,0,47.55060410318926,,15.860447642396277,,RAW_WINDOWS_DT30_DISTANCE400_V1,99,99,0,1.0,,99,3.5168096465695267,1.2988478253792841,2.7112722668244134,,0,5,1.4371315659305205e-10,0,0,0,0,1,1,47.55060410318926,NO_RAW_BREAK_CROSSING,S0,UNIFORM,PROCESSED,db76137c250f4b8908dce7fbe2c1579f970d632ab42d2951ff4bf5f14f3b60ff
5173,99,2,0.020202020202020204,,True,False,False,0,0,97,99,2,0.9797979797979798,,2.0051051155506023,1.1957319903126025,1.2911320504020984,1.9118526385627987,1.9621848092093772,2.0051051155506023,,99,0,True,1,0,0,99,0,0,66.78281611426107,,65.11901185288478,,RAW_WINDOWS_DT30_DISTANCE400_V1,99,99,0,1.0,,99,2.0051051155506023,1.1957319903126025,1.9621848092093772,,0,5,2.112821267504762e-10,0,0,0,0,1,1,66.78281611426107,NO_RAW_BREAK_CROSSING,R0,UNIFORM,PROCESSED,d9322aa8f189ca0942ce46ffb58f6218ecb0cd267a9109bc3999a9d2d5cec7c1
5173,99,2,0.020202020202020204,,True,False,False,0,0,97,99,2,0.9797979797979798,,2.0051051155506023,1.1957319903126025,1.2911320504020984,1.9118526385627987,1.9621848092093772,2.0051051155506023,,99,0,True,1,0,0,99,0,0,66.78281611426107,,65.11901185288478,,RAW_WINDOWS_DT30_DISTANCE400_V1,99,99,0,1.0,,99,2.0051051155506023,1.1957319903126025,1.9621848092093772,,0,5,2.112821267504762e-10,0,0,0,0,1,1,66.78281611426107,NO_RAW_BREAK_CROSSING,S0,UNIFORM,PROCESSED,a1c96ff448bafea10b85e7ddea7b82a657029d8748f1c030f58a3eff59487db6
4227,101,32,0.31683168316831684,,True,False,False,3,3,63,95,32,0.6631578947368422,,4.907751298850702,0.8595975429906654,0.045375327776512604,2.8156958613616077,3.9399675519783894,4.907751298850702,,95,0,True,2,1,3,44,0,0,4785.615422210916,,4650.780597940743,,RAW_WINDOWS_DT30_DISTANCE400_V1,101,98,3,0.9702970297029703,,98,9.702055750768245,1.0002661117598783,4.248596347366002,,2,5,2.146353037312048e-10,1,0,0,1,2,1,4661.773119376396,NO_RAW_BREAK_CROSSING,R0,UNIFORM,PROCESSED,f6476810e14bab660e67a5f3280544cc8bee23043f25df4cf3cff98d2029f187
4227,101,34,0.33663366336633666,,True,False,False,0,3,64,98,34,0.653061224489796,,4.907751298850702,0.8332833324909511,0.032719291001604076,2.7004626760784696,3.8807959201175426,4.907751298850702,,98,0,True,2,0,3,47,0,0,4785.615422210916,,4650.780597940743,,RAW_WINDOWS_DT30_DISTANCE400_V1,101,101,0,1.0,,101,9.702055750768245,0.9705552371531493,4.2275382795123715,,2,5,2.146353037312048e-10,1,0,0,0,2,2,4661.773119376396,NO_RAW_BREAK_CROSSING,S0,UNIFORM,PROCESSED,8073885320e9fecc51f21b72b0298790928346887c0d06cb35c29c004d7ab45a
3850,100,0,0.0,,False,True,True,100,0,0,0,0,,EMPTY_DP_REFERENCE_DENOMINATOR,,,,,,,EMPTY_DP_REFERENCE,0,0,True,1,1,0,0,0,0,8.941726910477424,,,EMPTY_OUTPUT,RAW_WINDOWS_DT30_DISTANCE400_V1,100,0,100,0.0,,0,,,,NO_COVERED_RAW_POINTS,0,5,2.1906918638413346e-10,0,0,0,0,1,0,8.941726910477424,NO_RAW_BREAK_CROSSING,R0,UNIFORM,ALL_FILTERED,281a2af8cff13f01953760cd35c768717dba41df4ec645da0e228fa9c6bc234b
3850,100,2,0.02,,True,False,False,0,0,98,100,2,0.98,,0.2261443636176569,0.10936292265209019,0.10888455025254312,0.1679931706248825,0.2261443636176569,0.2261443636176569,,100,0,True,1,0,0,100,0,0,8.941726910477424,,8.824012160187124,,RAW_WINDOWS_DT30_DISTANCE400_V1,100,100,0,1.0,,100,0.2261443636176569,0.10936292265209019,0.2261443636176569,,0,5,2.1906918638413346e-10,0,0,0,0,1,1,8.941726910477424,NO_RAW_BREAK_CROSSING,S0,UNIFORM,PROCESSED,d93fd9521a1468eeedef064cd83553038927276b0a23f9533ae810a0711792c8
8380,101,0,0.0,,False,True,True,101,0,0,0,0,,EMPTY_DP_REFERENCE_DENOMINATOR,,,,,,,EMPTY_DP_REFERENCE,0,0,True,1,1,0,0,0,0,18.515980576675428,,,EMPTY_OUTPUT,RAW_WINDOWS_DT30_DISTANCE400_V1,101,0,101,0.0,,0,,,,NO_COVERED_RAW_POINTS,0,5,2.1064319591240058e-10,0,0,0,0,1,0,18.515980576675428,NO_RAW_BREAK_CROSSING,R0,UNIFORM,ALL_FILTERED,286dd54fd5042f3b4f60e8c192a76a35cb6df9ca0d036129b1b4e16628e36c49
8380,101,2,0.019801980198019802,,True,False,False,0,0,99,101,2,0.9801980198019802,,2.1486712673315087,0.6628250970078785,0.4409417872480521,1.4292270545925827,1.4873230338790755,2.1486712673315087,,101,0,True,1,0,0,101,0,0,18.515980576675428,,7.44375221572067,,RAW_WINDOWS_DT30_DISTANCE400_V1,101,101,0,1.0,,101,2.1486712673315087,0.6628250970078785,1.4873230338790755,,0,5,2.1064319591240058e-10,0,0,0,0,1,1,18.515980576675428,NO_RAW_BREAK_CROSSING,S0,UNIFORM,PROCESSED,7b4b6a4d6c6847b4fe20e25d7da23106f85833d21303de7bfb8231f0c4127f9a
8016,99,0,0.0,,False,True,True,99,0,0,0,0,,EMPTY_DP_REFERENCE_DENOMINATOR,,,,,,,EMPTY_DP_REFERENCE,0,0,True,1,1,0,0,0,0,59.24727215261967,,,EMPTY_OUTPUT,RAW_WINDOWS_DT30_DISTANCE400_V1,99,0,99,0.0,,0,,,,NO_COVERED_RAW_POINTS,0,5,5.288263130624462e-10,0,0,0,0,1,0,59.24727215261967,NO_RAW_BREAK_CROSSING,R0,UNIFORM,ALL_FILTERED,66626adbde5dcd3ad27dcece9df9175b7358539752ce5ea07b033ad42a27b56b
8016,99,3,0.030303030303030304,,True,False,False,0,0,96,99,3,0.9696969696969697,,4.344888381737937,2.2778094423585493,2.7085677302147264,4.344888381737937,4.344888381737937,4.344888381737937,,99,0,True,1,0,0,99,0,0,59.24727215261967,,27.143754983084794,,RAW_WINDOWS_DT30_DISTANCE400_V1,99,99,0,1.0,,99,4.344888381737937,2.2778094423585493,4.344888381737937,,0,5,5.288263130624462e-10,0,0,0,0,1,1,59.24727215261967,NO_RAW_BREAK_CROSSING,S0,UNIFORM,PROCESSED,159de86eebe39a8e6a502db5c0fec5b8112fdec927a611785e61a0cd5a5ceefc
10735,111,45,0.40540540540540543,,True,False,False,4,5,57,102,45,0.5588235294117647,,4.156021325409236,0.8936909836900127,0.07279099147132004,3.128900769450133,3.346928171436198,4.01151574963398,,102,0,True,8,2,5,44,0,0,12394.517701011413,,9555.191305423068,,RAW_WINDOWS_DT30_DISTANCE400_V1,111,107,4,0.963963963963964,,107,59.38039356345088,1.5851615821459693,3.996046435730866,,3,5,1.463781767958798e-10,7,0,0,3,8,6,9817.673279819883,NO_RAW_BREAK_CROSSING,R0,UNIFORM,PROCESSED,c4bd041158d5a649334268032ac915635dfe5c9afb9b9d01c2beccf7b86ccea3
10735,111,49,0.44144144144144143,,True,False,False,0,5,57,106,49,0.5377358490566038,,4.156021325409236,0.8599667956262386,0.02322675394383094,3.060598184866783,3.3046225386277306,4.009382051164586,,106,0,True,8,0,5,48,0,0,12394.517701011413,,9741.303817442835,,RAW_WINDOWS_DT30_DISTANCE400_V1,111,111,0,1.0,,111,59.38039356345088,1.528038642248817,3.9853779433838916,,3,5,1.463781767958798e-10,7,0,0,0,8,8,9817.673279819883,NO_RAW_BREAK_CROSSING,S0,UNIFORM,PROCESSED,4cb3e861e52c840b87e059358f1bc60be5257c9ede31a09df99026337027200a
714,104,21,0.20192307692307693,,True,False,False,0,2,81,102,21,0.7941176470588236,,3.3605412855367263,1.1039346612700616,0.9770735445173421,2.491226902656147,3.0354587031520563,3.345038712271376,,102,0,True,2,0,2,54,0,0,4946.721724040695,,4920.788434163975,,RAW_WINDOWS_DT30_DISTANCE400_V1,104,104,0,1.0,,104,11.612969703389224,1.2335694683429448,3.0354587031520563,,1,5,2.476964978639465e-10,1,0,0,0,2,2,4938.62725492277,NO_RAW_BREAK_CROSSING,R0,UNIFORM,PROCESSED,66f54bae6f881ef883942fb1b8f10b1a39b55cc46ad22c5142b89442cc08efd6
714,104,21,0.20192307692307693,,True,False,False,0,2,81,102,21,0.7941176470588236,,3.3605412855367263,1.1039346612700616,0.9770735445173421,2.491226902656147,3.0354587031520563,3.345038712271376,,102,0,True,2,0,2,54,0,0,4946.721724040695,,4920.788434163975,,RAW_WINDOWS_DT30_DISTANCE400_V1,104,104,0,1.0,,104,11.612969703389224,1.2335694683429448,3.0354587031520563,,1,5,2.476964978639465e-10,1,0,0,0,2,2,4938.62725492277,NO_RAW_BREAK_CROSSING,S0,UNIFORM,PROCESSED,d10e23744bb339d39006141860551dd01b5f352662a3bc7e8275ba0693603858
5209,100,0,0.0,,False,True,True,100,0,0,0,0,,EMPTY_DP_REFERENCE_DENOMINATOR,,,,,,,EMPTY_DP_REFERENCE,0,0,True,2,2,0,0,0,0,21.059248179714977,,,EMPTY_OUTPUT,RAW_WINDOWS_DT30_DISTANCE400_V1,100,0,100,0.0,,0,,,,NO_COVERED_RAW_POINTS,0,5,1.776377468184671e-11,1,0,0,2,2,0,21.059248179714977,NO_RAW_BREAK_CROSSING,R0,UNIFORM,ALL_FILTERED,3235eb6eaa5e04315aaf8dcee6e096ed9641ffaf80bf4a50b60eacb342b786e8
5209,100,4,0.04,,True,False,False,0,0,96,100,4,0.96,,2.4803939675973554,0.9296577985342885,0.9367496152229554,1.9159564736598245,2.0764839062675713,2.4803939675973554,,100,0,True,2,0,0,100,0,0,21.059248179714977,,10.130161192700319,,RAW_WINDOWS_DT30_DISTANCE400_V1,100,100,0,1.0,,100,2.4803939675973554,0.9296577985342885,2.0764839062675713,,0,5,1.776377468184671e-11,1,0,0,0,2,2,21.059248179714977,NO_RAW_BREAK_CROSSING,S0,UNIFORM,PROCESSED,6eb81c7b54033c704802e8b381a48a7a4ee38bf04d3c435672497e32805eef85
5896,117,47,0.4017094017094017,,True,False,False,0,1,69,116,47,0.5948275862068966,,4.4694699934938,0.870018406901194,0.1547748190036447,2.7354573906079285,3.472671865303437,4.039429639083548,,116,0,True,2,0,1,48,0,0,6327.498297757481,,6067.93672778843,,RAW_WINDOWS_DT30_DISTANCE400_V1,117,117,0,1.0,,117,4.4694699934938,0.8896932216128179,3.472671865303437,,0,5,2.1434013297196426e-10,1,0,0,0,2,2,6072.468364389565,NO_RAW_BREAK_CROSSING,R0,UNIFORM,PROCESSED,7a50f9381711590d4f887b92bd97cb830adfb7c12934b38042134ecafb71e91a
5896,117,47,0.4017094017094017,,True,False,False,0,1,69,116,47,0.5948275862068966,,4.4694699934938,0.870018406901194,0.1547748190036447,2.7354573906079285,3.472671865303437,4.039429639083548,,116,0,True,2,0,1,48,0,0,6327.498297757481,,6067.93672778843,,RAW_WINDOWS_DT30_DISTANCE400_V1,117,117,0,1.0,,117,4.4694699934938,0.8896932216128179,3.472671865303437,,0,5,2.1434013297196426e-10,1,0,0,0,2,2,6072.468364389565,NO_RAW_BREAK_CROSSING,S0,UNIFORM,PROCESSED,06d9e6bb926757f249f71d3d3e455abf4a4b3540b86783b24b5e22f5e23e51b7
1916,107,30,0.2803738317757009,,True,False,False,0,0,77,107,30,0.719626168224299,,4.152014316700875,0.8460954107623033,0.29312622095174806,2.8196503636601884,3.1770159819687374,3.9354855883682007,,107,0,True,1,0,0,46,0,0,6474.7068020473025,,6467.068800408424,,RAW_WINDOWS_DT30_DISTANCE400_V1,107,107,0,1.0,,107,4.152014316700875,0.8460954107623033,3.1770159819687374,,0,5,1.765040680885872e-10,0,0,0,0,1,1,6474.7068020473025,NO_RAW_BREAK_CROSSING,R0,UNIFORM,PROCESSED,f12cb2831a5be20d1ce096747085f0feaeddb62d69b21606167156f3dd5dee10
1916,107,30,0.2803738317757009,,True,False,False,0,0,77,107,30,0.719626168224299,,4.152014316700875,0.8460954107623033,0.29312622095174806,2.8196503636601884,3.1770159819687374,3.9354855883682007,,107,0,True,1,0,0,46,0,0,6474.7068020473025,,6467.068800408424,,RAW_WINDOWS_DT30_DISTANCE400_V1,107,107,0,1.0,,107,4.152014316700875,0.8460954107623033,3.1770159819687374,,0,5,1.765040680885872e-10,0,0,0,0,1,1,6474.7068020473025,NO_RAW_BREAK_CROSSING,S0,UNIFORM,PROCESSED,b0d40c3bd633a604145d9ca6bd99347262ada764cde3d2bdcc33152e0c10380e
8335,107,45,0.4205607476635514,,True,False,False,4,2,56,101,45,0.5544554455445545,,4.606653518960852,0.6599262376780155,0.0,2.7679386885834263,3.4309376242452685,4.370973473847779,,101,0,True,5,1,2,38,0,0,13916.400448206767,,11407.018589068744,,RAW_WINDOWS_DT30_DISTANCE400_V1,107,103,4,0.9626168224299065,,103,84.49529999103667,1.7545284208692746,3.8240291359093526,,2,5,4.232119020160405e-10,4,0,0,2,5,4,12097.073617187834,NO_RAW_BREAK_CROSSING,R0,UNIFORM,PROCESSED,6e568c10090f2100671816433cc7efcb5bcc29f3ed85353212b6d49ea115db9d
8335,107,48,0.4485981308411215,,True,False,False,0,2,57,105,48,0.5428571428571429,,4.606653518960852,0.638914499947131,0.0,2.6253914036796053,3.4296576243712917,4.353250133432683,,105,0,True,5,0,2,41,0,0,13916.400448206767,,12045.528976164675,,RAW_WINDOWS_DT30_DISTANCE400_V1,107,107,0,1.0,,107,84.49529999103667,1.6929897181168643,3.785991589369023,,2,5,4.232119020160405e-10,4,0,0,0,5,5,12097.073617187834,NO_RAW_BREAK_CROSSING,S0,UNIFORM,PROCESSED,387f812d2ebd84809ed37aa591da13d56a33dd2a78d6d93924f8fa00258a7033
10223,102,45,0.4411764705882353,,True,False,False,5,1,51,96,45,0.53125,,4.48860814611135,0.7885630975194129,0.0,3.332474746669212,3.5348597315085812,4.286193706862576,,96,0,True,7,2,1,45,0,0,8707.425531538931,,6705.604669314583,,RAW_WINDOWS_DT30_DISTANCE400_V1,102,97,5,0.9509803921568627,,97,4.48860814611135,0.7869872379602084,3.5121837521386605,,0,5,2.173397730602698e-10,6,0,0,2,7,5,7155.626173629192,NO_RAW_BREAK_CROSSING,R0,UNIFORM,PROCESSED,36431e031053d187a7981ebb61b366ce2c59b4a6f043888d28b72b9f467759ec
10223,102,48,0.47058823529411764,,True,False,False,1,1,52,100,48,0.52,,4.546531820593857,0.802485891824575,0.0,3.4073216155724175,3.8752061885184177,4.4891873828561755,,100,0,True,7,1,1,48,0,0,8707.425531538931,,7026.395383950213,,RAW_WINDOWS_DT30_DISTANCE400_V1,102,101,1,0.9901960784313726,,101,4.546531820593857,0.800834593096377,3.874999422057314,,0,5,2.173397730602698e-10,6,0,0,1,7,6,7155.626173629192,NO_RAW_BREAK_CROSSING,S0,UNIFORM,PROCESSED,ba8b40f5df9c10675c5959f60dd3713e4194caa6102b2d92f082569a5647d638
7749,153,40,0.26143790849673204,,True,False,False,0,5,108,148,40,0.7297297297297297,,4.81922779846695,0.926797198477934,0.6945493876575979,2.214222902169985,3.135719757289938,4.2130510804394525,,148,0,True,3,0,5,48,0,0,9466.731633878913,,8429.584160145525,,RAW_WINDOWS_DT30_DISTANCE400_V1,153,153,0,1.0,,153,29.874067280206194,1.4585038848585106,3.4681946469631857,,4,5,3.5561080843356545e-10,2,0,0,0,3,3,8480.425901412646,NO_RAW_BREAK_CROSSING,R0,UNIFORM,PROCESSED,c37c3a0315597ff466005827e7af20a00dab9b82a6ef1e3d2e10c4c88601ae88
7749,153,40,0.26143790849673204,,True,False,False,0,5,108,148,40,0.7297297297297297,,4.81922779846695,0.926797198477934,0.6945493876575979,2.214222902169985,3.135719757289938,4.2130510804394525,,148,0,True,3,0,5,48,0,0,9466.731633878913,,8429.584160145525,,RAW_WINDOWS_DT30_DISTANCE400_V1,153,153,0,1.0,,153,29.874067280206194,1.4585038848585106,3.4681946469631857,,4,5,3.5561080843356545e-10,2,0,0,0,3,3,8480.425901412646,NO_RAW_BREAK_CROSSING,S0,UNIFORM,PROCESSED,bafbf775208d69d9e505916bca34a253269cb4c885edb9360ed9c4fcaa152663
3911,133,39,0.2932330827067669,,True,False,False,0,19,75,114,39,0.6578947368421053,,4.47456844553944,1.0994336706015309,0.5810805599974675,2.818697172405623,3.9628402913232663,4.412645511207026,,114,0,True,2,0,19,35,0,0,11515.349472810067,,8422.481627744553,,RAW_WINDOWS_DT30_DISTANCE400_V1,133,133,0,1.0,,133,89.26735218850163,4.4190779883985805,29.485486149625707,,14,5,2.3127634250338968e-10,1,0,0,0,2,2,10086.21500413599,NO_RAW_BREAK_CROSSING,R0,UNIFORM,PROCESSED,89e5e31d53202999676401601e95de647798c3dfcdc153c8fc63ddc8b3282a81
3911,133,39,0.2932330827067669,,True,False,False,0,19,75,114,39,0.6578947368421053,,4.47456844553944,1.0994336706015309,0.5810805599974675,2.818697172405623,3.9628402913232663,4.412645511207026,,114,0,True,2,0,19,35,0,0,11515.349472810067,,8422.481627744553,,RAW_WINDOWS_DT30_DISTANCE400_V1,133,133,0,1.0,,133,89.26735218850163,4.4190779883985805,29.485486149625707,,14,5,2.3127634250338968e-10,1,0,0,0,2,2,10086.21500413599,NO_RAW_BREAK_CROSSING,S0,UNIFORM,PROCESSED,b997ac76375cc7f516126e5b3b08f157418bebb66d6533a55ebc5ac190d50a34
8314,120,58,0.48333333333333334,,True,False,False,2,7,53,111,58,0.4774774774774775,,4.583296237447703,0.6920576142769964,0.0,2.4711453830893686,3.440483901428922,4.491639531189438,,111,0,True,4,1,7,24,0,0,14848.850095105863,,13081.241232232835,,RAW_WINDOWS_DT30_DISTANCE400_V1,120,118,2,0.9833333333333333,,118,133.1182871808303,4.557216277869195,18.90293710215983,,7,5,3.0022215081993077e-10,3,0,0,1,4,3,13498.923145417968,NO_RAW_BREAK_CROSSING,R0,UNIFORM,PROCESSED,c35734ac3d4115926640e1ddc88c017798167ab11708edecf6b2e2c89faaa6bb
8314,120,60,0.5,,True,False,False,0,7,53,113,60,0.4690265486725663,,4.583296237447703,0.6798088069446603,0.0,2.438644473716628,3.418532668895919,4.483147300565351,,113,0,True,4,0,7,26,0,0,14848.850095105863,,13285.790330131333,,RAW_WINDOWS_DT30_DISTANCE400_V1,120,120,0,1.0,,120,133.1182871808303,4.481262673238041,18.49923646797817,,7,5,3.0022215081993077e-10,3,0,0,0,4,4,13498.923145417968,NO_RAW_BREAK_CROSSING,S0,UNIFORM,PROCESSED,9edd68bc76794361c3c2a53364046ec4ea0b471286a847a642dfb827c2df437e
8677,88,0,0.0,,False,True,True,88,0,0,0,0,,EMPTY_DP_REFERENCE_DENOMINATOR,,,,,,,EMPTY_DP_REFERENCE,0,0,True,2,2,0,0,0,0,19.740986663067144,,,EMPTY_OUTPUT,RAW_WINDOWS_DT30_DISTANCE400_V1,88,0,88,0.0,,0,,,,NO_COVERED_RAW_POINTS,0,5,2.3052936335146987e-10,1,0,0,2,2,0,8.749437381531928,NO_RAW_BREAK_CROSSING,R0,UNIFORM,ALL_FILTERED,e98504af949669c63e0d1da6bb8b6b9bd3e37e0903116218752d4f30e73ee912
8677,88,2,0.022727272727272728,,True,False,False,1,0,85,87,2,0.9770114942528736,,1.6745673366986198,0.5671783039394785,0.32523201145018066,1.6745673366986198,1.6745673366986198,1.6745673366986198,,87,0,True,2,1,0,87,0,0,19.740986663067144,,6.977025385935362,,RAW_WINDOWS_DT30_DISTANCE400_V1,88,87,1,0.9886363636363636,,87,1.6745673366986198,0.5671783039394785,1.6745673366986198,,0,5,2.3052936335146987e-10,1,0,0,1,2,1,8.749437381531928,NO_RAW_BREAK_CROSSING,S0,UNIFORM,PROCESSED,139eaa2460ae0f24dbafc2c8cf0d99d7e7744d2e32d87218be4ed3254ccba2f1
3474,122,39,0.319672131147541,,True,False,False,0,11,72,111,39,0.6486486486486487,,4.616147715071997,1.1731690149512926,0.5156743835481506,3.405913918074104,3.866735162124632,4.351046625840275,,111,0,True,1,0,11,46,0,0,6927.409481079696,,6887.2834195644145,,RAW_WINDOWS_DT30_DISTANCE400_V1,122,122,0,1.0,,122,20.062181055030052,1.5830945289437863,4.367552379084169,,4,5,3.2387669905828745e-10,0,0,0,0,1,1,6927.409481079696,NO_RAW_BREAK_CROSSING,R0,UNIFORM,PROCESSED,48c0553911535b7947cd663907842b2d413a31d808f42131c684935c05c36fbe
3474,122,39,0.319672131147541,,True,False,False,0,11,72,111,39,0.6486486486486487,,4.616147715071997,1.1731690149512926,0.5156743835481506,3.405913918074104,3.866735162124632,4.351046625840275,,111,0,True,1,0,11,46,0,0,6927.409481079696,,6887.2834195644145,,RAW_WINDOWS_DT30_DISTANCE400_V1,122,122,0,1.0,,122,20.062181055030052,1.5830945289437863,4.367552379084169,,4,5,3.2387669905828745e-10,0,0,0,0,1,1,6927.409481079696,NO_RAW_BREAK_CROSSING,S0,UNIFORM,PROCESSED,1ab3b0a396b6ea818cc4c9da5af0668b193f0e8f80fc9f2f54f892c40058560e
4906,107,30,0.2803738317757009,,True,False,False,2,3,72,102,30,0.7058823529411764,,4.556727868597744,0.8807456537944922,0.60942587288265,2.073760204829341,2.856349958075134,3.8013327605036022,,102,0,True,2,1,3,33,0,0,10256.34695489484,,9990.933036493332,,RAW_WINDOWS_DT30_DISTANCE400_V1,107,105,2,0.9813084112149533,,105,68.2829700458726,1.6548974249601347,3.6112502440902867,,3,5,3.395962922790394e-10,1,0,0,1,2,1,10182.554478188356,NO_RAW_BREAK_CROSSING,R0,UNIFORM,PROCESSED,f5b3268204bf9643b735a9581dbc4b8f3b330ec47aaebe57e787a3f4d2066c5f
4906,107,32,0.29906542056074764,,True,False,False,0,3,72,104,32,0.6923076923076923,,4.556727868597744,0.8638082373753674,0.5917062164288689,2.068149205352479,2.850937502444167,3.7991845439710175,,104,0,True,2,0,3,35,0,0,10256.34695489484,,10143.29936095588,,RAW_WINDOWS_DT30_DISTANCE400_V1,107,107,0,1.0,,107,68.2829700458726,1.6239647628113472,3.569377345065113,,3,5,3.395962922790394e-10,1,0,0,0,2,2,10182.554478188356,NO_RAW_BREAK_CROSSING,S0,UNIFORM,PROCESSED,23d5a0c45da3e51a8de49d6660953b02b8bc9388a3c176f902aa3935cb4d26ae
11223,111,37,0.3333333333333333,,True,False,False,0,8,66,103,37,0.6407766990291262,,3.7873396463268207,0.705459110422748,0.0,2.3219932195156487,2.376027968294188,3.3607575951727564,,103,0,True,2,0,8,70,0,0,5096.028201627169,,4642.588828410358,,RAW_WINDOWS_DT30_DISTANCE400_V1,111,111,0,1.0,,111,19.743898441233195,1.0615154012799701,3.576963868269618,,3,5,1.479043784429186e-10,1,0,0,0,2,2,4682.694544055956,NO_RAW_BREAK_CROSSING,R0,UNIFORM,PROCESSED,581257376a1839ddcda6979c66be39867531acc0fa7d7e36e4f5ab17c39e1ee9
11223,111,37,0.3333333333333333,,True,False,False,0,8,66,103,37,0.6407766990291262,,3.7873396463268207,0.705459110422748,0.0,2.3219932195156487,2.376027968294188,3.3607575951727564,,103,0,True,2,0,8,70,0,0,5096.028201627169,,4642.588828410358,,RAW_WINDOWS_DT30_DISTANCE400_V1,111,111,0,1.0,,111,19.743898441233195,1.0615154012799701,3.576963868269618,,3,5,1.479043784429186e-10,1,0,0,0,2,2,4682.694544055956,NO_RAW_BREAK_CROSSING,S0,UNIFORM,PROCESSED,ce8cc9000f5ed986cb0a574fb8dc3f981ed12b904dac73e96c9b8655a30e7589
5816,99,0,0.0,,False,True,True,99,0,0,0,0,,EMPTY_DP_REFERENCE_DENOMINATOR,,,,,,,EMPTY_DP_REFERENCE,0,0,True,1,1,0,0,0,0,6.888236734057837,,,EMPTY_OUTPUT,RAW_WINDOWS_DT30_DISTANCE400_V1,99,0,99,0.0,,0,,,,NO_COVERED_RAW_POINTS,0,5,1.5236656633048397e-10,0,0,0,0,1,0,6.888236734057837,NO_RAW_BREAK_CROSSING,R0,UNIFORM,ALL_FILTERED,9e8b89fcbb7acd1fe1af7f367de8260222e3bcf3bf51ffbfc625d11bd9be26f2
5816,99,2,0.020202020202020204,,True,False,False,0,0,97,99,2,0.9797979797979798,,0.15691005218436357,0.06704341872883729,0.047073127159437185,0.12552819655793637,0.12552820195020353,0.15691005218436357,,99,0,True,1,0,0,97,0,0,6.888236734057837,,6.052491406612397,,RAW_WINDOWS_DT30_DISTANCE400_V1,99,99,0,1.0,,99,0.15691005218436357,0.06704341872883729,0.12552820195020353,,0,5,1.5236656633048397e-10,0,0,0,0,1,1,6.888236734057837,NO_RAW_BREAK_CROSSING,S0,UNIFORM,PROCESSED,c657f62813b680eb85042d1cf6a2061f25e00b528ff51c23c8577a68aea043bd
103,103,3,0.02912621359223301,,True,False,False,0,6,94,97,3,0.9690721649484536,,4.312293687857839,1.303038946186647,0.328853709522789,3.700995803788606,3.8931953860535207,4.312293687857839,,97,0,True,1,0,6,96,0,0,72.30008890868291,,27.95069270009936,,RAW_WINDOWS_DT30_DISTANCE400_V1,103,103,0,1.0,,103,12.426892771821702,1.678227867199502,4.312293687857839,,5,5,5.361359649845292e-10,0,0,0,0,1,1,72.30008890868291,NO_RAW_BREAK_CROSSING,R0,UNIFORM,PROCESSED,e5f816e77d96cf8cd944565e29980052bff41dbdfe6ad26ae5767e4e0b73dc60
103,103,3,0.02912621359223301,,True,False,False,0,6,94,97,3,0.9690721649484536,,4.312293687857839,1.303038946186647,0.328853709522789,3.700995803788606,3.8931953860535207,4.312293687857839,,97,0,True,1,0,6,96,0,0,72.30008890868291,,27.95069270009936,,RAW_WINDOWS_DT30_DISTANCE400_V1,103,103,0,1.0,,103,12.426892771821702,1.678227867199502,4.312293687857839,,5,5,5.361359649845292e-10,0,0,0,0,1,1,72.30008890868291,NO_RAW_BREAK_CROSSING,S0,UNIFORM,PROCESSED,100da74de781791408563415a155a656289026cc9e54901c08134f34329fdf0e
6726,115,32,0.2782608695652174,,True,False,False,0,3,80,112,32,0.7142857142857143,,4.659074459415775,1.4654269571103782,1.1010370349323133,3.3492907532386913,3.8889403393975215,4.236526622692172,,112,0,True,1,0,3,36,0,0,7952.126369369206,,7933.843051678408,,RAW_WINDOWS_DT30_DISTANCE400_V1,115,115,0,1.0,,115,6.594506369530934,1.5391625442430963,4.0661803260183085,,1,5,1.784486055140065e-10,0,0,0,0,1,1,7952.126369369206,NO_RAW_BREAK_CROSSING,R0,UNIFORM,PROCESSED,ea3771f711244864d9dbb41a1102d9ec28d663be6838d894ee759e6ce4ccf290
6726,115,32,0.2782608695652174,,True,False,False,0,3,80,112,32,0.7142857142857143,,4.659074459415775,1.4654269571103782,1.1010370349323133,3.3492907532386913,3.8889403393975215,4.236526622692172,,112,0,True,1,0,3,36,0,0,7952.126369369206,,7933.843051678408,,RAW_WINDOWS_DT30_DISTANCE400_V1,115,115,0,1.0,,115,6.594506369530934,1.5391625442430963,4.0661803260183085,,1,5,1.784486055140065e-10,0,0,0,0,1,1,7952.126369369206,NO_RAW_BREAK_CROSSING,S0,UNIFORM,PROCESSED,6b247ce07f47416deefd3529527bc7e62c0cf5a57a456ffc26fb8aeb6183ded5
5000,100,0,0.0,,False,True,True,100,0,0,0,0,,EMPTY_DP_REFERENCE_DENOMINATOR,,,,,,,EMPTY_DP_REFERENCE,0,0,True,1,1,0,0,0,0,6.403266586856628,,,EMPTY_OUTPUT,RAW_WINDOWS_DT30_DISTANCE400_V1,100,0,100,0.0,,0,,,,NO_COVERED_RAW_POINTS,0,5,1.2275726155653478e-10,0,0,0,0,1,0,6.403266586856628,NO_RAW_BREAK_CROSSING,R0,UNIFORM,ALL_FILTERED,2a5cb66b5fc8120a14d893f553c98f790c988b2db0312f4635223d656bd5e2ed
5000,100,2,0.02,,True,False,False,0,0,98,100,2,0.98,,1.2526077792363368,0.5559198736059202,0.5514695902666313,0.928143706709961,1.2526077792363368,1.2526077792363368,,100,0,True,1,0,0,100,0,0,6.403266586856628,,3.2533534651453584,,RAW_WINDOWS_DT30_DISTANCE400_V1,100,100,0,1.0,,100,1.2526077792363368,0.5559198736059202,1.2526077792363368,,0,5,1.2275726155653478e-10,0,0,0,0,1,1,6.403266586856628,NO_RAW_BREAK_CROSSING,S0,UNIFORM,PROCESSED,ca8711f13b7516962e72be97d3ba4fbb6f52b329a7c0e6c1062658e92f11dcf7
73,99,5,0.050505050505050504,,True,False,False,0,21,73,78,5,0.9358974358974359,,3.2026245854878095,0.9158278457425717,0.6165721859483635,2.300112881745616,2.72135625052538,3.1943858820796085,,78,0,True,1,0,21,8,0,0,79.8715857686574,,36.426987075043336,,RAW_WINDOWS_DT30_DISTANCE400_V1,99,99,0,1.0,,99,3.2026245854878095,0.9944610513257015,2.7144540394819026,,0,5,1.966978869761547e-11,0,0,0,0,1,1,79.8715857686574,NO_RAW_BREAK_CROSSING,R0,UNIFORM,PROCESSED,2093fbcfb6899e611d9970d58efc831727cdb23fbdef28ec99a26382db6ca311
73,99,5,0.050505050505050504,,True,False,False,0,21,73,78,5,0.9358974358974359,,3.2026245854878095,0.9158278457425717,0.6165721859483635,2.300112881745616,2.72135625052538,3.1943858820796085,,78,0,True,1,0,21,8,0,0,79.8715857686574,,36.426987075043336,,RAW_WINDOWS_DT30_DISTANCE400_V1,99,99,0,1.0,,99,3.2026245854878095,0.9944610513257015,2.7144540394819026,,0,5,1.966978869761547e-11,0,0,0,0,1,1,79.8715857686574,NO_RAW_BREAK_CROSSING,S0,UNIFORM,PROCESSED,d22682fd4da597cecf03107bae30ef8057022b00c5bbc7a44ccfe82005d1485b
1416,99,0,0.0,,False,True,True,99,0,0,0,0,,EMPTY_DP_REFERENCE_DENOMINATOR,,,,,,,EMPTY_DP_REFERENCE,0,0,True,1,1,0,0,0,0,23.507938055241816,,,EMPTY_OUTPUT,RAW_WINDOWS_DT30_DISTANCE400_V1,99,0,99,0.0,,0,,,,NO_COVERED_RAW_POINTS,0,5,3.343501779894413e-10,0,0,0,0,1,0,23.507938055241816,NO_RAW_BREAK_CROSSING,R0,UNIFORM,ALL_FILTERED,2d5ff90665d74d0435b4917efb034f7d61709ef28e0d327d4b4590912dac3f8e
1416,99,3,0.030303030303030304,,True,False,False,0,1,95,98,3,0.9693877551020408,,2.9231238316385766,1.1052075867878546,1.2727882966175903,1.9720966715595014,2.4787022658683204,2.9231238316385766,,98,0,True,1,0,1,98,0,0,23.507938055241816,,15.697678102727055,,RAW_WINDOWS_DT30_DISTANCE400_V1,99,99,0,1.0,,99,2.9231238316385766,1.0964815615057755,2.452559820823013,,0,5,3.343501779894413e-10,0,0,0,0,1,1,23.507938055241816,NO_RAW_BREAK_CROSSING,S0,UNIFORM,PROCESSED,645ac6cc556ce7c0193e9a8319be93e47ebd1aeb054d0020ae4a2794878b460d
3274,100,0,0.0,,False,True,True,100,0,0,0,0,,EMPTY_DP_REFERENCE_DENOMINATOR,,,,,,,EMPTY_DP_REFERENCE,0,0,True,1,1,0,0,0,0,4.551094943512441,,,EMPTY_OUTPUT,RAW_WINDOWS_DT30_DISTANCE400_V1,100,0,100,0.0,,0,,,,NO_COVERED_RAW_POINTS,0,5,7.00521460323806e-10,0,0,0,0,1,0,4.551094943512441,NO_RAW_BREAK_CROSSING,R0,UNIFORM,ALL_FILTERED,28bc06a043f65ab99e6f15e2c93957b3d74692234be214dd2ffe50d3f58cf7e4
3274,100,2,0.02,,True,False,False,0,0,98,100,2,0.98,,0.453590224064298,0.2518506073155622,0.2591945419432345,0.453590224064298,0.453590224064298,0.453590224064298,,100,0,True,1,0,0,100,0,0,4.551094943512441,,3.43454622306963,,RAW_WINDOWS_DT30_DISTANCE400_V1,100,100,0,1.0,,100,0.453590224064298,0.2518506073155622,0.453590224064298,,0,5,7.00521460323806e-10,0,0,0,0,1,1,4.551094943512441,NO_RAW_BREAK_CROSSING,S0,UNIFORM,PROCESSED,668ec0946bca0e30b7bc2b50113c8cf507767e8b56b1f7e94593f1f8d1c67bcb
1701,98,0,0.0,,False,True,True,98,0,0,0,0,,EMPTY_DP_REFERENCE_DENOMINATOR,,,,,,,EMPTY_DP_REFERENCE,0,0,True,4,4,0,0,0,0,0.0,,,EMPTY_OUTPUT,RAW_WINDOWS_DT30_DISTANCE400_V1,98,0,98,0.0,,0,,,,NO_COVERED_RAW_POINTS,0,5,1.5581896054406735e-10,3,0,0,6,4,0,0.0,NO_RAW_BREAK_CROSSING,R0,UNIFORM,ALL_FILTERED,e1b50e89c4d2e0b4fa073d06e7ee15eabd63b251bb64c0ca9f0c6211a7726389
1701,98,8,0.08163265306122448,,True,False,False,0,0,90,98,8,0.9183673469387755,,0.0,0.0,0.0,0.0,0.0,0.0,,98,0,True,4,0,0,98,0,0,0.0,,0.0,,RAW_WINDOWS_DT30_DISTANCE400_V1,98,98,0,1.0,,98,0.0,0.0,0.0,,0,5,1.5581896054406735e-10,3,0,0,0,4,4,0.0,NO_RAW_BREAK_CROSSING,S0,UNIFORM,PROCESSED,276a0418da1ddbc1bbe65aad7e03669d62b22af3278e49bc83673b62ce4c7ba7
2545,98,0,0.0,,False,True,True,98,0,0,0,0,,EMPTY_DP_REFERENCE_DENOMINATOR,,,,,,,EMPTY_DP_REFERENCE,0,0,True,1,1,0,0,0,0,7.726360262821436,,,EMPTY_OUTPUT,RAW_WINDOWS_DT30_DISTANCE400_V1,98,0,98,0.0,,0,,,,NO_COVERED_RAW_POINTS,0,5,1.4665918865868347e-10,0,0,0,0,1,0,7.726360262821436,NO_RAW_BREAK_CROSSING,R0,UNIFORM,ALL_FILTERED,8f9768c804050d737d0c56475d68da1b95cbac4d86c083f259fd691bef725dee
2545,98,2,0.02040816326530612,,True,False,False,0,0,96,98,2,0.9795918367346939,,0.4883576935289336,0.21188879824572265,0.18348715117309455,0.38955704898257154,0.4883576935289336,0.4883576935289336,,98,0,True,1,0,0,98,0,0,7.726360262821436,,7.4755092617488,,RAW_WINDOWS_DT30_DISTANCE400_V1,98,98,0,1.0,,98,0.4883576935289336,0.21188879824572265,0.4883576935289336,,0,5,1.4665918865868347e-10,0,0,0,0,1,1,7.726360262821436,NO_RAW_BREAK_CROSSING,S0,UNIFORM,PROCESSED,8a79db818342041ab4c0c80e52b0cad600855c7c4f301ae4668bbda3b706894d
7719,100,0,0.0,,False,True,True,100,0,0,0,0,,EMPTY_DP_REFERENCE_DENOMINATOR,,,,,,,EMPTY_DP_REFERENCE,0,0,True,1,1,0,0,0,0,0.0,,,EMPTY_OUTPUT,RAW_WINDOWS_DT30_DISTANCE400_V1,100,0,100,0.0,,0,,,,NO_COVERED_RAW_POINTS,0,5,4.888759060256401e-10,0,0,0,0,1,0,0.0,NO_RAW_BREAK_CROSSING,R0,UNIFORM,ALL_FILTERED,40bcb1b00c4cc00f852677935ed5254b0aa06cd74774491a3337d7ef0cd16480
7719,100,2,0.02,,True,False,False,0,0,98,100,2,0.98,,0.0,0.0,0.0,0.0,0.0,0.0,,100,0,True,1,0,0,100,0,0,0.0,,0.0,,RAW_WINDOWS_DT30_DISTANCE400_V1,100,100,0,1.0,,100,0.0,0.0,0.0,,0,5,4.888759060256401e-10,0,0,0,0,1,1,0.0,NO_RAW_BREAK_CROSSING,S0,UNIFORM,PROCESSED,587f2084187907cbb613203cfd604cc812102de4a966c9fca6bf4780408901a6
10201,100,0,0.0,,False,True,True,100,0,0,0,0,,EMPTY_DP_REFERENCE_DENOMINATOR,,,,,,,EMPTY_DP_REFERENCE,0,0,True,1,1,0,0,0,0,0.5881925562585066,,,EMPTY_OUTPUT,RAW_WINDOWS_DT30_DISTANCE400_V1,100,0,100,0.0,,0,,,,NO_COVERED_RAW_POINTS,0,5,4.153061299845494e-10,0,0,0,0,1,0,0.5881925562585066,NO_RAW_BREAK_CROSSING,R0,UNIFORM,ALL_FILTERED,5a3d3055bfc9660e4d4efb6e672041ac0d590853caa7263223f619749e0f09d2
10201,100,2,0.02,,True,False,False,0,0,98,100,2,0.98,,0.20433581035759718,0.037948079189662025,0.0,0.17806406442088074,0.20433581035759718,0.20433581035759718,,100,0,True,1,0,0,100,0,0,0.5881925562585066,,0.36155589669453386,,RAW_WINDOWS_DT30_DISTANCE400_V1,100,100,0,1.0,,100,0.20433581035759718,0.037948079189662025,0.20433581035759718,,0,5,4.153061299845494e-10,0,0,0,0,1,1,0.5881925562585066,NO_RAW_BREAK_CROSSING,S0,UNIFORM,PROCESSED,efd8fdda5c382bbfce0a367cd3d0207823f099dbf0fe0dc5508fac324f77e4ee
5116,100,0,0.0,,False,True,True,100,0,0,0,0,,EMPTY_DP_REFERENCE_DENOMINATOR,,,,,,,EMPTY_DP_REFERENCE,0,0,True,1,1,0,0,0,0,13.99769730034276,,,EMPTY_OUTPUT,RAW_WINDOWS_DT30_DISTANCE400_V1,100,0,100,0.0,,0,,,,NO_COVERED_RAW_POINTS,0,5,1.1634183187422164e-10,0,0,0,0,1,0,13.99769730034276,NO_RAW_BREAK_CROSSING,R0,UNIFORM,ALL_FILTERED,998bdbc99baf39e93cf4210a08b3804d4d0c15a8a141258564b824b89397ba55
5116,100,2,0.02,,True,False,False,0,0,98,100,2,0.98,,2.5386356244545984,1.404900113534744,1.3258462557086026,2.371448792194656,2.4149585049683377,2.5386356244545984,,100,0,True,1,0,0,100,0,0,13.99769730034276,,6.1633215314806185,,RAW_WINDOWS_DT30_DISTANCE400_V1,100,100,0,1.0,,100,2.5386356244545984,1.404900113534744,2.4149585049683377,,0,5,1.1634183187422164e-10,0,0,0,0,1,1,13.99769730034276,NO_RAW_BREAK_CROSSING,S0,UNIFORM,PROCESSED,cb699883f81e5a269945feb21218a6566823db38ed236365dfe95cd2f6edde13
8695,103,55,0.5339805825242718,,True,False,False,0,2,46,101,55,0.4554455445544554,,4.914860801041211,0.8926968315729035,0.0,3.513747106779554,4.398969895652639,4.895713816825359,,101,0,True,2,0,2,6,0,0,19292.08571415725,,18755.33350073402,,RAW_WINDOWS_DT30_DISTANCE400_V1,103,103,0,1.0,,103,28.390178074468587,1.3267156961551272,4.466125069340046,,2,5,2.923677347617131e-10,1,0,0,0,2,2,18777.205610347093,NO_RAW_BREAK_CROSSING,R0,UNIFORM,PROCESSED,e387a9b726b7ada8c7fa2f68112549fefbec7c76222b4a0a95b2ac411b309c1f
8695,103,55,0.5339805825242718,,True,False,False,0,2,46,101,55,0.4554455445544554,,4.914860801041211,0.8926968315729035,0.0,3.513747106779554,4.398969895652639,4.895713816825359,,101,0,True,2,0,2,6,0,0,19292.08571415725,,18755.33350073402,,RAW_WINDOWS_DT30_DISTANCE400_V1,103,103,0,1.0,,103,28.390178074468587,1.3267156961551272,4.466125069340046,,2,5,2.923677347617131e-10,1,0,0,0,2,2,18777.205610347093,NO_RAW_BREAK_CROSSING,S0,UNIFORM,PROCESSED,e047f45b1f3177a8a87104c29eeaec96676ea6a620c98109cc0dbbe5e2fedd7a
4602,99,7,0.0707070707070707,,True,False,False,0,4,88,95,7,0.9263157894736842,,3.956096409918696,0.9286221153866822,0.6151033568997043,2.7180644993517413,3.956096409918696,3.956096409918696,,95,0,True,1,0,4,72,0,0,434.715835673946,,296.4008571403663,,RAW_WINDOWS_DT30_DISTANCE400_V1,99,99,0,1.0,,99,4.367903385412272,0.958294177108257,3.956096409918696,,0,5,4.5917056585475417e-10,0,0,0,0,1,1,434.715835673946,NO_RAW_BREAK_CROSSING,R0,UNIFORM,PROCESSED,50d87d1fd6727d0e7257580bd656d879c45e1bf9aa8b2e3f624bce2512088f3f
4602,99,7,0.0707070707070707,,True,False,False,0,4,88,95,7,0.9263157894736842,,3.956096409918696,0.9286221153866822,0.6151033568997043,2.7180644993517413,3.956096409918696,3.956096409918696,,95,0,True,1,0,4,72,0,0,434.715835673946,,296.4008571403663,,RAW_WINDOWS_DT30_DISTANCE400_V1,99,99,0,1.0,,99,4.367903385412272,0.958294177108257,3.956096409918696,,0,5,4.5917056585475417e-10,0,0,0,0,1,1,434.715835673946,NO_RAW_BREAK_CROSSING,S0,UNIFORM,PROCESSED,6ae39f8d3885503dc4062fd4e0c79f6dc1765c56779d37f9fd4abc3402a24575
2371,111,28,0.25225225225225223,,True,False,False,0,6,77,105,28,0.7333333333333334,,4.757499581685496,1.5936934343146052,1.0289703489869078,4.005575268855467,4.2850654252667475,4.53141498161493,,105,0,True,1,0,6,44,0,0,6429.199605964396,,6344.729343914926,,RAW_WINDOWS_DT30_DISTANCE400_V1,111,111,0,1.0,,111,32.61332406582532,2.201284860425292,4.645041178376592,,5,5,2.9924518458886986e-10,0,0,0,0,1,1,6429.199605964396,NO_RAW_BREAK_CROSSING,R0,UNIFORM,PROCESSED,00d89cbcf5b11cb7aa469e1618dfee5287d050db74923a1ade1f87ddc531f813
2371,111,28,0.25225225225225223,,True,False,False,0,6,77,105,28,0.7333333333333334,,4.757499581685496,1.5936934343146052,1.0289703489869078,4.005575268855467,4.2850654252667475,4.53141498161493,,105,0,True,1,0,6,44,0,0,6429.199605964396,,6344.729343914926,,RAW_WINDOWS_DT30_DISTANCE400_V1,111,111,0,1.0,,111,32.61332406582532,2.201284860425292,4.645041178376592,,5,5,2.9924518458886986e-10,0,0,0,0,1,1,6429.199605964396,NO_RAW_BREAK_CROSSING,S0,UNIFORM,PROCESSED,6d8abf5071782f7da7e61fc6cd121c8336ce740067622d6b8bc66ce6a09fe460
2370,55,16,0.2909090909090909,,True,False,False,5,0,34,50,16,0.6799999999999999,,4.356048909790736,0.9643261283480306,0.0,2.815713163220733,3.2612446378140874,4.307074315095263,,50,0,True,3,2,0,19,0,0,5354.381261383604,,4417.45458549341,,RAW_WINDOWS_DT30_DISTANCE400_V1,55,50,5,0.9090909090909091,,50,4.356048909790736,0.9643261283480306,3.2612446378140874,,0,5,3.140300094442834e-10,2,0,0,3,3,1,4790.17935720338,NO_RAW_BREAK_CROSSING,R0,UNIFORM,PROCESSED,b6d9f6dbab7438f951cac53e4717003732252304fdd430da7b8d20e68f0c2221
2370,55,20,0.36363636363636365,,True,False,False,0,0,35,55,20,0.6363636363636364,,4.62965954710715,0.9608357448092486,0.0,2.987493003190682,3.635233205060623,4.481909802956286,,55,0,True,3,0,0,24,0,0,5354.381261383604,,4788.40051090326,,RAW_WINDOWS_DT30_DISTANCE400_V1,55,55,0,1.0,,55,4.62965954710715,0.9608357448092486,3.635233205060623,,0,5,3.140300094442834e-10,2,0,0,0,3,3,4790.17935720338,NO_RAW_BREAK_CROSSING,S0,UNIFORM,PROCESSED,e78efba91049c6641b32a6ee9f1a6ea3519470395c217be19f972e0abbec5767
7092,100,0,0.0,,False,True,True,100,0,0,0,0,,EMPTY_DP_REFERENCE_DENOMINATOR,,,,,,,EMPTY_DP_REFERENCE,0,0,True,1,1,0,0,0,0,10.071072063779624,,,EMPTY_OUTPUT,RAW_WINDOWS_DT30_DISTANCE400_V1,100,0,100,0.0,,0,,,,NO_COVERED_RAW_POINTS,0,5,1.201186377081284e-10,0,0,0,0,1,0,10.071072063779624,NO_RAW_BREAK_CROSSING,R0,UNIFORM,ALL_FILTERED,693b450145e786c39cd0d4b7fbae4584d822f9e097a8d9b5801f35a03f77463c
7092,100,2,0.02,,True,False,False,0,0,98,100,2,0.98,,0.7504315080102865,0.48956187398603207,0.6570319793730616,0.7377982250477834,0.7504315080102865,0.7504315080102865,,100,0,True,1,0,0,100,0,0,10.071072063779624,,9.769382285423612,,RAW_WINDOWS_DT30_DISTANCE400_V1,100,100,0,1.0,,100,0.7504315080102865,0.48956187398603207,0.7504315080102865,,0,5,1.201186377081284e-10,0,0,0,0,1,1,10.071072063779624,NO_RAW_BREAK_CROSSING,S0,UNIFORM,PROCESSED,515a7470851a7c0431e69b45f93cc6487f161c54c47b3d05a8225900dc7cc22d
3660,93,0,0.0,,False,True,True,93,0,0,0,0,,EMPTY_DP_REFERENCE_DENOMINATOR,,,,,,,EMPTY_DP_REFERENCE,0,0,True,1,1,0,0,0,0,4.071310945305432,,,EMPTY_OUTPUT,RAW_WINDOWS_DT30_DISTANCE400_V1,93,0,93,0.0,,0,,,,NO_COVERED_RAW_POINTS,0,5,1.1888643895856948e-10,0,0,0,0,1,0,4.071310945305432,NO_RAW_BREAK_CROSSING,R0,UNIFORM,ALL_FILTERED,c4885140e35e58463e84b429bf834f8cdf2af6816b6884caeac6bee41eb9cf9a
3660,93,2,0.021505376344086023,,True,False,False,0,0,91,93,2,0.978494623655914,,1.2808383724264418,0.5661164248833481,0.6156516654855627,1.2553631313302045,1.2808383724264418,1.2808383724264418,,93,0,True,1,0,0,93,0,0,4.071310945305432,,2.9799314851030125,,RAW_WINDOWS_DT30_DISTANCE400_V1,93,93,0,1.0,,93,1.2808383724264418,0.5661164248833481,1.2808383724264418,,0,5,1.1888643895856948e-10,0,0,0,0,1,1,4.071310945305432,NO_RAW_BREAK_CROSSING,S0,UNIFORM,PROCESSED,cee7d8f768bee1d5ede806dff25f62bf4e81b176a985d8aaae5406c7e63a18c8
2179,99,0,0.0,,False,True,True,99,0,0,0,0,,EMPTY_DP_REFERENCE_DENOMINATOR,,,,,,,EMPTY_DP_REFERENCE,0,0,True,1,1,0,0,0,0,0.43197266713164406,,,EMPTY_OUTPUT,RAW_WINDOWS_DT30_DISTANCE400_V1,99,0,99,0.0,,0,,,,NO_COVERED_RAW_POINTS,0,5,5.414512787145219e-10,0,0,0,0,1,0,0.43197266713164406,NO_RAW_BREAK_CROSSING,R0,UNIFORM,ALL_FILTERED,d3f1f5b5aad17ca8b78404a415180ec1c066f0a97d59215429b61edcb2f3af2d
2179,99,2,0.020202020202020204,,True,False,False,0,0,97,99,2,0.9797979797979798,,0.11681723821264799,0.047198884126322414,0.0,0.11681723821264799,0.11681723821264799,0.11681723821264799,,99,0,True,1,0,0,99,0,0,0.43197266713164406,,0.3618290298417698,,RAW_WINDOWS_DT30_DISTANCE400_V1,99,99,0,1.0,,99,0.11681723821264799,0.047198884126322414,0.11681723821264799,,0,5,5.414512787145219e-10,0,0,0,0,1,1,0.43197266713164406,NO_RAW_BREAK_CROSSING,S0,UNIFORM,PROCESSED,6160fac47b88677b849679168033b78092a1500efa5288242019f376b3b24c9a
7570,94,18,0.19148936170212766,,True,False,False,0,1,75,93,18,0.8064516129032258,,2.593083537679701,0.6600723141230769,0.6115895015984746,1.7133776143408046,2.1825792914286057,2.2502101763773874,,93,0,True,2,0,1,34,0,0,9622.350621282761,,8753.691728568576,,RAW_WINDOWS_DT30_DISTANCE400_V1,94,94,0,1.0,,94,2.593083537679701,0.6561772590057005,2.179488122900221,,0,5,6.151546068820074e-10,1,0,0,0,2,2,8755.004612601539,NO_RAW_BREAK_CROSSING,R0,UNIFORM,PROCESSED,816c63f5d2a88ddbe8eb5320fbdf4d76ce31ab2f0b117fa4f057cf28d718a914
7570,94,18,0.19148936170212766,,True,False,False,0,1,75,93,18,0.8064516129032258,,2.593083537679701,0.6600723141230769,0.6115895015984746,1.7133776143408046,2.1825792914286057,2.2502101763773874,,93,0,True,2,0,1,34,0,0,9622.350621282761,,8753.691728568576,,RAW_WINDOWS_DT30_DISTANCE400_V1,94,94,0,1.0,,94,2.593083537679701,0.6561772590057005,2.179488122900221,,0,5,6.151546068820074e-10,1,0,0,0,2,2,8755.004612601539,NO_RAW_BREAK_CROSSING,S0,UNIFORM,PROCESSED,ba1d9d49d71d6ac50762f4326253f671f9c207a06d39b42e0a42cbcefbc36be9
7688,100,0,0.0,,False,True,True,100,0,0,0,0,,EMPTY_DP_REFERENCE_DENOMINATOR,,,,,,,EMPTY_DP_REFERENCE,0,0,True,1,1,0,0,0,0,45.86143905622899,,,EMPTY_OUTPUT,RAW_WINDOWS_DT30_DISTANCE400_V1,100,0,100,0.0,,0,,,,NO_COVERED_RAW_POINTS,0,5,3.020508827489536e-10,0,0,0,0,1,0,45.86143905622899,NO_RAW_BREAK_CROSSING,R0,UNIFORM,ALL_FILTERED,fd099b5f821e62b418a5d22f8a55635e461236ffc1bb30a7d6f82561fac1ec61
7688,100,3,0.03,,True,False,False,0,2,95,98,3,0.9693877551020408,,3.0353676048707503,0.5615374015630594,0.3084434736105998,1.3719640258325119,2.452113949253853,2.469611558922361,,98,0,True,1,0,2,98,0,0,45.86143905622899,,28.773096460521494,,RAW_WINDOWS_DT30_DISTANCE400_V1,100,100,0,1.0,,100,3.0353676048707503,0.5680788064466686,2.452113949253853,,0,5,3.020508827489536e-10,0,0,0,0,1,1,45.86143905622899,NO_RAW_BREAK_CROSSING,S0,UNIFORM,PROCESSED,75cd44fecba9c3ac4bf637a7e1237a5fd197a1157bfae9623712c7e6cfe1bb64
2693,99,0,0.0,,False,True,True,99,0,0,0,0,,EMPTY_DP_REFERENCE_DENOMINATOR,,,,,,,EMPTY_DP_REFERENCE,0,0,True,1,1,0,0,0,0,33.23348166913825,,,EMPTY_OUTPUT,RAW_WINDOWS_DT30_DISTANCE400_V1,99,0,99,0.0,,0,,,,NO_COVERED_RAW_POINTS,0,5,9.8349349384265e-11,0,0,0,0,1,0,33.23348166913825,NO_RAW_BREAK_CROSSING,R0,UNIFORM,ALL_FILTERED,8c476d5769338651985c21160707c61fad29569019d5d88583f65535199ae437
2693,99,2,0.020202020202020204,,True,False,False,0,15,82,84,2,0.9761904761904762,,3.6151400636773636,1.4998851061607528,1.6613486788933864,2.849867903865613,3.2640449249509667,3.454178400011684,,84,0,True,1,0,15,41,0,0,33.23348166913825,,17.208021778313842,,RAW_WINDOWS_DT30_DISTANCE400_V1,99,99,0,1.0,,99,3.6151400636773636,1.5767453590197789,3.270570682379023,,0,5,9.8349349384265e-11,0,0,0,0,1,1,33.23348166913825,NO_RAW_BREAK_CROSSING,S0,UNIFORM,PROCESSED,4c754365b15b457a78606c2182a70802ded69258c39653471b722b999a37e29b
5800,114,38,0.3333333333333333,,True,False,False,4,13,59,97,38,0.6082474226804124,,4.934891790951933,1.1034499984850215,0.4747715229661558,3.2898604968776177,3.94429418175566,4.848182700723309,,97,0,True,4,1,13,19,0,0,9065.083473496694,,7139.315621401693,,RAW_WINDOWS_DT30_DISTANCE400_V1,114,110,4,0.9649122807017544,,110,78.22769247163187,2.4821965949358527,6.841204783093067,,7,5,2.9237561801582626e-10,3,0,0,1,4,3,7814.779934182482,NO_RAW_BREAK_CROSSING,R0,UNIFORM,PROCESSED,e4285f802e4f62f91e0500033e9d3925689bbacc4ad7119c9a3fbdffe6eb4488
5800,114,42,0.3684210526315789,,True,False,False,0,13,59,101,42,0.5841584158415842,,4.934891790951933,1.0597490084460106,0.28486291433224126,3.2771587773442383,3.8765734977404747,4.844569821963784,,101,0,True,4,0,13,22,0,0,9065.083473496694,,7720.468922330284,,RAW_WINDOWS_DT30_DISTANCE400_V1,114,114,0,1.0,,114,78.22769247163187,2.395101977569682,6.6792232855713785,,7,5,2.9237561801582626e-10,3,0,0,0,4,4,7814.779934182482,NO_RAW_BREAK_CROSSING,S0,UNIFORM,PROCESSED,36545ae6dae9e071b898029a98e1510e1d31095dea8592ad06e0d5ddb1cf5907
6072,100,0,0.0,,False,True,True,100,0,0,0,0,,EMPTY_DP_REFERENCE_DENOMINATOR,,,,,,,EMPTY_DP_REFERENCE,0,0,True,1,1,0,0,0,0,6.144516444864266,,,EMPTY_OUTPUT,RAW_WINDOWS_DT30_DISTANCE400_V1,100,0,100,0.0,,0,,,,NO_COVERED_RAW_POINTS,0,5,4.665759802521469e-10,0,0,0,0,1,0,6.144516444864266,NO_RAW_BREAK_CROSSING,R0,UNIFORM,ALL_FILTERED,3495cd94d2ca1419ea6adf11de3235010698132f931246ebdbce3b30bc43e1c5
6072,100,2,0.02,,True,False,False,0,0,98,100,2,0.98,,0.0,0.0,0.0,0.0,0.0,0.0,,100,0,True,1,0,0,100,0,0,6.144516444864266,,6.144516444864266,,RAW_WINDOWS_DT30_DISTANCE400_V1,100,100,0,1.0,,100,0.0,0.0,0.0,,0,5,4.665759802521469e-10,0,0,0,0,1,1,6.144516444864266,NO_RAW_BREAK_CROSSING,S0,UNIFORM,PROCESSED,1159914a43784cf6f403fc036fb99187f2c902ac43276ef1857cdc59b3680b41
5442,98,3,0.030612244897959183,,True,False,False,0,0,95,98,3,0.9693877551020408,,2.344707738210943,0.7864731679308327,0.8067037058684088,1.3927594274015873,1.62139463314215,2.344707738210943,,98,0,True,1,0,0,98,0,0,129.36276980823197,,118.51766681840951,,RAW_WINDOWS_DT30_DISTANCE400_V1,98,98,0,1.0,,98,2.344707738210943,0.7864731679308327,1.62139463314215,,0,5,1.3415666249153737e-10,0,0,0,0,1,1,129.36276980823197,NO_RAW_BREAK_CROSSING,R0,UNIFORM,PROCESSED,7d0ca8ea755c516fc6ff8796d60a05e5e4bacc4b3f7f2f30fe12de5494295e69
5442,98,3,0.030612244897959183,,True,False,False,0,0,95,98,3,0.9693877551020408,,2.344707738210943,0.7864731679308327,0.8067037058684088,1.3927594274015873,1.62139463314215,2.344707738210943,,98,0,True,1,0,0,98,0,0,129.36276980823197,,118.51766681840951,,RAW_WINDOWS_DT30_DISTANCE400_V1,98,98,0,1.0,,98,2.344707738210943,0.7864731679308327,1.62139463314215,,0,5,1.3415666249153737e-10,0,0,0,0,1,1,129.36276980823197,NO_RAW_BREAK_CROSSING,S0,UNIFORM,PROCESSED,13de311bbe97615d13147d2f85ba90bf74880dba4bfed2a70543543c289fb13a
8122,99,0,0.0,,False,True,True,99,0,0,0,0,,EMPTY_DP_REFERENCE_DENOMINATOR,,,,,,,EMPTY_DP_REFERENCE,0,0,True,1,1,0,0,0,0,4.120747418972909,,,EMPTY_OUTPUT,RAW_WINDOWS_DT30_DISTANCE400_V1,99,0,99,0.0,,0,,,,NO_COVERED_RAW_POINTS,0,5,2.67837446692719e-10,0,0,0,0,1,0,4.120747418972909,NO_RAW_BREAK_CROSSING,R0,UNIFORM,ALL_FILTERED,c870a34fe82817542735c2bcd2730c660be8eb4ab7fe7583af262bf21d4452c2
8122,99,2,0.020202020202020204,,True,False,False,0,0,97,99,2,0.9797979797979798,,0.2756554123742692,0.104066840030647,0.10337069146606348,0.22052428801633972,0.2756554123742692,0.2756554123742692,,99,0,True,1,0,0,99,0,0,4.120747418972909,,3.9860602117891433,,RAW_WINDOWS_DT30_DISTANCE400_V1,99,99,0,1.0,,99,0.2756554123742692,0.104066840030647,0.2756554123742692,,0,5,2.67837446692719e-10,0,0,0,0,1,1,4.120747418972909,NO_RAW_BREAK_CROSSING,S0,UNIFORM,PROCESSED,226c0b6f3accdb30148a8e6ed0d1f7d056e2bfe688b7583fe0ec189d1af79610
9960,100,0,0.0,,False,True,True,100,0,0,0,0,,EMPTY_DP_REFERENCE_DENOMINATOR,,,,,,,EMPTY_DP_REFERENCE,0,0,True,1,1,0,0,0,0,19.27184551404631,,,EMPTY_OUTPUT,RAW_WINDOWS_DT30_DISTANCE400_V1,100,0,100,0.0,,0,,,,NO_COVERED_RAW_POINTS,0,5,1.6926749032206785e-10,0,0,0,0,1,0,19.27184551404631,NO_RAW_BREAK_CROSSING,R0,UNIFORM,ALL_FILTERED,ac5f9cf141553227f5fe49d0ae6243f6ae7dea833fa3fd634731106cecf0f44a
9960,100,2,0.02,,True,False,False,0,0,98,100,2,0.98,,3.5797745448246445,1.2447620893153193,0.9771809316682358,2.7938552115361808,3.26686997048412,3.5797745448246445,,100,0,True,1,0,0,100,0,0,19.27184551404631,,3.2168514951496556,,RAW_WINDOWS_DT30_DISTANCE400_V1,100,100,0,1.0,,100,3.5797745448246445,1.2447620893153193,3.26686997048412,,0,5,1.6926749032206785e-10,0,0,0,0,1,1,19.27184551404631,NO_RAW_BREAK_CROSSING,S0,UNIFORM,PROCESSED,0d304f2b7896d6a7d5e6902529e41bece5e1d9e5e5f1da4bda625d15eba47f02
9802,99,0,0.0,,False,True,True,99,0,0,0,0,,EMPTY_DP_REFERENCE_DENOMINATOR,,,,,,,EMPTY_DP_REFERENCE,0,0,True,1,1,0,0,0,0,10.467376245449262,,,EMPTY_OUTPUT,RAW_WINDOWS_DT30_DISTANCE400_V1,99,0,99,0.0,,0,,,,NO_COVERED_RAW_POINTS,0,5,4.3046016551890445e-10,0,0,0,0,1,0,10.467376245449262,NO_RAW_BREAK_CROSSING,R0,UNIFORM,ALL_FILTERED,e1341f2a514c506d8f49db957b59d374b24be02c8b0bcb78be729af970b5debb
9802,99,2,0.020202020202020204,,True,False,False,0,0,97,99,2,0.9797979797979798,,1.1265992921092047,0.496383726039678,0.571510953148214,1.0247783991342223,1.094082217432927,1.1265992921092047,,99,0,True,1,0,0,99,0,0,10.467376245449262,,3.2209472220637947,,RAW_WINDOWS_DT30_DISTANCE400_V1,99,99,0,1.0,,99,1.1265992921092047,0.496383726039678,1.094082217432927,,0,5,4.3046016551890445e-10,0,0,0,0,1,1,10.467376245449262,NO_RAW_BREAK_CROSSING,S0,UNIFORM,PROCESSED,8ba168172ccbea5291f4248b90faae516d2553586d72163062681b5b1397be05
8065,105,11,0.10476190476190476,,True,False,False,0,10,84,95,11,0.8842105263157894,,4.487729090950711,1.0205043044737725,0.29672518737135495,3.6408697197904,3.6877361860163798,4.434797217589025,,95,0,True,2,0,10,87,0,0,403.6411395211788,,254.15697072081642,,RAW_WINDOWS_DT30_DISTANCE400_V1,105,105,0,1.0,,105,14.487910751195614,1.550827405736463,5.68304218072707,,6,5,2.52332435873383e-10,1,0,0,0,2,2,321.80518043953487,NO_RAW_BREAK_CROSSING,R0,UNIFORM,PROCESSED,aa8cb3c9cd4033cfa64a9179dcba852d50f24a121f5efec0b227bb81d267c830
8065,105,11,0.10476190476190476,,True,False,False,0,10,84,95,11,0.8842105263157894,,4.487729090950711,1.0205043044737725,0.29672518737135495,3.6408697197904,3.6877361860163798,4.434797217589025,,95,0,True,2,0,10,87,0,0,403.6411395211788,,254.15697072081642,,RAW_WINDOWS_DT30_DISTANCE400_V1,105,105,0,1.0,,105,14.487910751195614,1.550827405736463,5.68304218072707,,6,5,2.52332435873383e-10,1,0,0,0,2,2,321.80518043953487,NO_RAW_BREAK_CROSSING,S0,UNIFORM,PROCESSED,0dda484f203405d081da594a393970352ffa47fb8f81b08bcb79c56d6da8c910
4321,101,0,0.0,,False,True,True,101,0,0,0,0,,EMPTY_DP_REFERENCE_DENOMINATOR,,,,,,,EMPTY_DP_REFERENCE,0,0,True,1,1,0,0,0,0,2.908362387771539,,,EMPTY_OUTPUT,RAW_WINDOWS_DT30_DISTANCE400_V1,101,0,101,0.0,,0,,,,NO_COVERED_RAW_POINTS,0,5,4.048022856917444e-10,0,0,0,0,1,0,2.908362387771539,NO_RAW_BREAK_CROSSING,R0,UNIFORM,ALL_FILTERED,e7613ba2bd00cc7af855ed879d5a54bb14d3844361b22222845e483322b16b1c
4321,101,2,0.019801980198019802,,True,False,False,0,0,99,101,2,0.9801980198019802,,0.28779308220905053,0.13534821637358538,0.12471038252602704,0.28779308220905053,0.28779308220905053,0.28779308220905053,,101,0,True,1,0,0,101,0,0,2.908362387771539,,2.2052454499355822,,RAW_WINDOWS_DT30_DISTANCE400_V1,101,101,0,1.0,,101,0.28779308220905053,0.13534821637358538,0.28779308220905053,,0,5,4.048022856917444e-10,0,0,0,0,1,1,2.908362387771539,NO_RAW_BREAK_CROSSING,S0,UNIFORM,PROCESSED,0babb859e8dff30e7bbf550c91c5b30da6482eb9a5777800c49b9426bfd26797
144,100,0,0.0,,False,True,True,100,0,0,0,0,,EMPTY_DP_REFERENCE_DENOMINATOR,,,,,,,EMPTY_DP_REFERENCE,0,0,True,1,1,0,0,0,0,11.631656217097918,,,EMPTY_OUTPUT,RAW_WINDOWS_DT30_DISTANCE400_V1,100,0,100,0.0,,0,,,,NO_COVERED_RAW_POINTS,0,5,5.642411321715211e-10,0,0,0,0,1,0,11.631656217097918,NO_RAW_BREAK_CROSSING,R0,UNIFORM,ALL_FILTERED,a457560d4775040c68cc7636a02ef90a9bb3290c91ca9f27757d0fa581d68b05
144,100,2,0.02,,True,False,False,0,0,98,100,2,0.98,,2.9176706372481833,1.0286877408917299,0.8550195734467286,2.7593926292609163,2.796774891962427,2.9176706372481833,,100,0,True,1,0,0,100,0,0,11.631656217097918,,7.987649240478339,,RAW_WINDOWS_DT30_DISTANCE400_V1,100,100,0,1.0,,100,2.9176706372481833,1.0286877408917299,2.796774891962427,,0,5,5.642411321715211e-10,0,0,0,0,1,1,11.631656217097918,NO_RAW_BREAK_CROSSING,S0,UNIFORM,PROCESSED,6035f8df9c565f74cbb5fe7331745780caf9434a49e696374cdfa333e3de3ac4
6790,100,0,0.0,,False,True,True,100,0,0,0,0,,EMPTY_DP_REFERENCE_DENOMINATOR,,,,,,,EMPTY_DP_REFERENCE,0,0,True,1,1,0,0,0,0,7.314866756482697,,,EMPTY_OUTPUT,RAW_WINDOWS_DT30_DISTANCE400_V1,100,0,100,0.0,,0,,,,NO_COVERED_RAW_POINTS,0,5,3.7877732472492593e-10,0,0,0,0,1,0,7.314866756482697,NO_RAW_BREAK_CROSSING,R0,UNIFORM,ALL_FILTERED,85f425974c4c44cd2c7db08b56ee557afba32f6ba167975a0820dfd7aa1c1359
6790,100,2,0.02,,True,False,False,0,0,98,100,2,0.98,,0.9319866382119395,0.3008229177616017,0.19954390829661195,0.6208350788106776,0.9319866382119395,0.9319866382119395,,100,0,True,1,0,0,100,0,0,7.314866756482697,,5.140976961488968,,RAW_WINDOWS_DT30_DISTANCE400_V1,100,100,0,1.0,,100,0.9319866382119395,0.3008229177616017,0.9319866382119395,,0,5,3.7877732472492593e-10,0,0,0,0,1,1,7.314866756482697,NO_RAW_BREAK_CROSSING,S0,UNIFORM,PROCESSED,d718e48e39ae48016345f971bce29b5dfb8861a8c7f6c6f70cf932165b8b5886
4286,113,47,0.415929203539823,,True,False,False,1,5,60,107,47,0.5607476635514019,,4.199937552823112,0.8390605354745366,0.25381213192466495,2.658174597980876,3.7281583255688404,3.964666249140056,,107,0,True,2,1,5,29,0,0,8049.7821802465305,,7959.438453276433,,RAW_WINDOWS_DT30_DISTANCE400_V1,113,112,1,0.9911504424778761,,112,12.241486464915209,1.1272337601550497,3.950340591172197,,3,5,2.81750289429111e-10,1,0,0,1,2,1,7992.774755081983,NO_RAW_BREAK_CROSSING,R0,UNIFORM,PROCESSED,b5819b1ae8355ac07afa0f45e75bc772b55a44214d1950225f7b64355561e29b
4286,113,47,0.415929203539823,,True,False,False,1,5,60,107,47,0.5607476635514019,,4.199937552823112,0.8390605354745366,0.25381213192466495,2.658174597980876,3.7281583255688404,3.964666249140056,,107,0,True,2,1,5,29,0,0,8049.7821802465305,,7959.438453276433,,RAW_WINDOWS_DT30_DISTANCE400_V1,113,112,1,0.9911504424778761,,112,12.241486464915209,1.1272337601550497,3.950340591172197,,3,5,2.81750289429111e-10,1,0,0,1,2,1,7992.774755081983,NO_RAW_BREAK_CROSSING,S0,UNIFORM,PROCESSED,bbc2581a4c9431859ecd6a108c6c0607e2fa79aebb210bd710ab266cccc63b2c
8785,99,0,0.0,,False,True,True,99,0,0,0,0,,EMPTY_DP_REFERENCE_DENOMINATOR,,,,,,,EMPTY_DP_REFERENCE,0,0,True,5,5,0,0,0,0,6.799767359014358,,,EMPTY_OUTPUT,RAW_WINDOWS_DT30_DISTANCE400_V1,99,0,99,0.0,,0,,,,NO_COVERED_RAW_POINTS,0,5,1.7221987081692894e-10,4,0,0,8,5,0,6.799767359014358,NO_RAW_BREAK_CROSSING,R0,UNIFORM,ALL_FILTERED,5436e332f596047d842ef58b6b3cbb5c4414fdcbfd9b16979978c8148cb903f7
8785,99,10,0.10101010101010101,,True,False,False,0,0,89,99,10,0.898989898989899,,0.7022869482484184,0.11522625589378263,0.011492767267345879,0.29276805897116664,0.7022869482484184,0.7022869482484184,,99,0,True,5,0,0,99,0,0,6.799767359014358,,5.502041137680193,,RAW_WINDOWS_DT30_DISTANCE400_V1,99,99,0,1.0,,99,0.7022869482484184,0.11522625589378263,0.7022869482484184,,0,5,1.7221987081692894e-10,4,0,0,0,5,5,6.799767359014358,NO_RAW_BREAK_CROSSING,S0,UNIFORM,PROCESSED,cf250b394f03ee474a7b6f414938c739869b3c392cd51cdf21bc54e0d0563fe0
2887,106,53,0.5,,True,False,False,0,3,50,103,53,0.4854368932038835,,4.823533460918226,0.8038136441181403,0.0,3.653400536361884,4.399721820643772,4.6026119584551894,,103,0,True,5,0,3,38,0,0,12901.013108120811,,11097.575853852835,,RAW_WINDOWS_DT30_DISTANCE400_V1,106,106,0,1.0,,106,13.142247045631327,0.9715864557140789,4.423182838908973,,1,5,2.1779289228512732e-10,4,0,0,0,5,5,11114.17848017946,NO_RAW_BREAK_CROSSING,R0,UNIFORM,PROCESSED,98f21a88ca9728e2b4223ffd13c171c833f70dfe5836f3c571b4fa46e7a1169f
2887,106,53,0.5,,True,False,False,0,3,50,103,53,0.4854368932038835,,4.823533460918226,0.8038136441181403,0.0,3.653400536361884,4.399721820643772,4.6026119584551894,,103,0,True,5,0,3,38,0,0,12901.013108120811,,11097.575853852835,,RAW_WINDOWS_DT30_DISTANCE400_V1,106,106,0,1.0,,106,13.142247045631327,0.9715864557140789,4.423182838908973,,1,5,2.1779289228512732e-10,4,0,0,0,5,5,11114.17848017946,NO_RAW_BREAK_CROSSING,S0,UNIFORM,PROCESSED,489059387eeffe1781cd6d684b6b52d3502eab3e0800802d0f5aa294ed9f53eb
478,100,0,0.0,,False,True,True,100,0,0,0,0,,EMPTY_DP_REFERENCE_DENOMINATOR,,,,,,,EMPTY_DP_REFERENCE,0,0,True,1,1,0,0,0,0,8.1032666623566,,,EMPTY_OUTPUT,RAW_WINDOWS_DT30_DISTANCE400_V1,100,0,100,0.0,,0,,,,NO_COVERED_RAW_POINTS,0,5,2.8770980091227456e-10,0,0,0,0,1,0,8.1032666623566,NO_RAW_BREAK_CROSSING,R0,UNIFORM,ALL_FILTERED,59164a6c07161bb8cc42954fc716357a29a5574ed1c3eb19b4e399f6d327643b
478,100,2,0.02,,True,False,False,0,0,98,100,2,0.98,,0.1664010814631726,0.07025849124290161,0.05546698578134605,0.1497616262646244,0.1664010814631726,0.1664010814631726,,100,0,True,1,0,0,100,0,0,8.1032666623566,,8.003279611553967,,RAW_WINDOWS_DT30_DISTANCE400_V1,100,100,0,1.0,,100,0.1664010814631726,0.07025849124290161,0.1664010814631726,,0,5,2.8770980091227456e-10,0,0,0,0,1,1,8.1032666623566,NO_RAW_BREAK_CROSSING,S0,UNIFORM,PROCESSED,0f0b9b1a45a0687ae6d1d1fa9a8054d44a04ec6a4baa8a397c1d8c6b33e95d91
5222,104,43,0.41346153846153844,,True,False,False,4,8,49,92,43,0.5326086956521738,,4.731914869624095,0.7207623083973035,0.09545471153966514,2.3536326444830933,3.9514445192585637,4.537674704562642,,92,0,True,5,1,8,18,0,0,12010.307164837917,,9519.059086456367,,RAW_WINDOWS_DT30_DISTANCE400_V1,104,100,4,0.9615384615384616,,100,62.30631817458995,2.6851920522077046,4.85271869303659,,5,5,3.236063459056777e-10,4,0,0,2,5,4,10264.029632515783,NO_RAW_BREAK_CROSSING,R0,UNIFORM,PROCESSED,5f30406badf8f621da6fb58a4ce1a15ea848c79b2162bbc3a3414a1691089f81
5222,104,45,0.4326923076923077,,True,False,False,0,8,51,96,45,0.53125,,4.731914869624095,0.740012107139738,0.09545471153966514,2.5925290904520613,3.9384656205368773,4.52913667532917,,96,0,True,5,0,8,21,0,0,12010.307164837917,,10039.553709381784,,RAW_WINDOWS_DT30_DISTANCE400_V1,104,104,0,1.0,,104,62.30631817458995,2.6274061070541666,4.699897259998579,,5,5,3.236063459056777e-10,4,0,0,0,5,5,10264.029632515783,NO_RAW_BREAK_CROSSING,S0,UNIFORM,PROCESSED,e019bc040b2af0a8998641d9bd9290845462e41ac96307f64c748519f101c0e1
5004,100,0,0.0,,False,True,True,100,0,0,0,0,,EMPTY_DP_REFERENCE_DENOMINATOR,,,,,,,EMPTY_DP_REFERENCE,0,0,True,5,5,0,0,0,0,5.152333808442115,,,EMPTY_OUTPUT,RAW_WINDOWS_DT30_DISTANCE400_V1,100,0,100,0.0,,0,,,,NO_COVERED_RAW_POINTS,0,5,1.5783628812714632e-10,4,0,0,8,5,0,5.152333808442115,NO_RAW_BREAK_CROSSING,R0,UNIFORM,ALL_FILTERED,19736ee9fceade3eaef44f036e3a21d74934e9a8b56e579dd169f06deb763787
5004,100,10,0.1,,True,False,False,0,0,90,100,10,0.9,,0.38316451107443805,0.06775396418969114,1.909317299123419e-08,0.21237825592594683,0.38316451107443805,0.38316451107443805,,100,0,True,5,0,0,100,0,0,5.152333808442115,,4.3049820912029295,,RAW_WINDOWS_DT30_DISTANCE400_V1,100,100,0,1.0,,100,0.38316451107443805,0.06775396418969114,0.38316451107443805,,0,5,1.5783628812714632e-10,4,0,0,0,5,5,5.152333808442115,NO_RAW_BREAK_CROSSING,S0,UNIFORM,PROCESSED,8cd25d0ca5a9e57dab772da205a38ab32a72fb7422f08578700c92cc4739144e
4794,108,34,0.3148148148148148,,True,False,False,0,3,71,105,34,0.6761904761904762,,4.973703565483861,0.7564471497445872,0.0,2.2969269940163057,3.52411730720867,4.540232179535717,,105,0,True,2,0,3,56,0,0,7230.160076690729,,7116.4048862671225,,RAW_WINDOWS_DT30_DISTANCE400_V1,108,108,0,1.0,,108,9.26947094200479,0.9215790755724123,4.281926294668136,,2,5,2.5935115730615806e-10,1,0,0,0,2,2,7145.855184511873,NO_RAW_BREAK_CROSSING,R0,UNIFORM,PROCESSED,952f4b831e8825e7f40a15234e53da05ff228a1d1a71dddff1686dd3172974c6
4794,108,34,0.3148148148148148,,True,False,False,0,3,71,105,34,0.6761904761904762,,4.973703565483861,0.7564471497445872,0.0,2.2969269940163057,3.52411730720867,4.540232179535717,,105,0,True,2,0,3,56,0,0,7230.160076690729,,7116.4048862671225,,RAW_WINDOWS_DT30_DISTANCE400_V1,108,108,0,1.0,,108,9.26947094200479,0.9215790755724123,4.281926294668136,,2,5,2.5935115730615806e-10,1,0,0,0,2,2,7145.855184511873,NO_RAW_BREAK_CROSSING,S0,UNIFORM,PROCESSED,ac6a1331debc38819f46ca0cce38339bd8afedd4c71f4ea61a8085848468fe10
3034,99,0,0.0,,False,True,True,99,0,0,0,0,,EMPTY_DP_REFERENCE_DENOMINATOR,,,,,,,EMPTY_DP_REFERENCE,0,0,True,1,1,0,0,0,0,25.3458103115596,,,EMPTY_OUTPUT,RAW_WINDOWS_DT30_DISTANCE400_V1,99,0,99,0.0,,0,,,,NO_COVERED_RAW_POINTS,0,5,1.2369103487981239e-10,0,0,0,0,1,0,25.3458103115596,NO_RAW_BREAK_CROSSING,R0,UNIFORM,ALL_FILTERED,bd5d0ac4c827f5d8c7a6765224dd556e76a685f0920d7967a822d3c693d12149
3034,99,2,0.020202020202020204,,True,False,False,0,0,97,99,2,0.9797979797979798,,1.7475195048014356,0.7536080301281516,0.851916731428661,1.2025125606318576,1.3395834333893624,1.7475195048014356,,99,0,True,1,0,0,99,0,0,25.3458103115596,,13.52416520124646,,RAW_WINDOWS_DT30_DISTANCE400_V1,99,99,0,1.0,,99,1.7475195048014356,0.7536080301281516,1.3395834333893624,,0,5,1.2369103487981239e-10,0,0,0,0,1,1,25.3458103115596,NO_RAW_BREAK_CROSSING,S0,UNIFORM,PROCESSED,d055fd9b14ddf429323d5fcbbe082cd89204df138338d4b90ba50bdde3417bc9
4682,100,0,0.0,,False,True,True,100,0,0,0,0,,EMPTY_DP_REFERENCE_DENOMINATOR,,,,,,,EMPTY_DP_REFERENCE,0,0,True,1,1,0,0,0,0,10.680222010042879,,,EMPTY_OUTPUT,RAW_WINDOWS_DT30_DISTANCE400_V1,100,0,100,0.0,,0,,,,NO_COVERED_RAW_POINTS,0,5,1.9724822801913135e-10,0,0,0,0,1,0,10.680222010042879,NO_RAW_BREAK_CROSSING,R0,UNIFORM,ALL_FILTERED,60fd2f7ceacf1432c1fee92056ddc8a2fbe97b41dc8da386289f5557c9a60da9
4682,100,2,0.02,,True,False,False,0,0,98,100,2,0.98,,4.40737757665097,1.5827987516254896,1.1703332682974186,3.156830504458338,4.40737757665097,4.40737757665097,,100,0,True,1,0,0,100,0,0,10.680222010042879,,4.818509846336815,,RAW_WINDOWS_DT30_DISTANCE400_V1,100,100,0,1.0,,100,4.40737757665097,1.5827987516254896,4.40737757665097,,0,5,1.9724822801913135e-10,0,0,0,0,1,1,10.680222010042879,NO_RAW_BREAK_CROSSING,S0,UNIFORM,PROCESSED,df4f1d2e77eb5a2fd5bd369bbb541007fae0959eb776548095200f5bca60a27d
6263,109,65,0.5963302752293578,,True,False,False,0,5,39,104,65,0.375,,4.978286179701672,0.7634941413581756,0.0,2.970851887762222,3.938717845793321,4.6438101012123765,,104,0,True,6,0,5,21,0,0,14613.837076969809,,12835.82468925929,,RAW_WINDOWS_DT30_DISTANCE400_V1,109,109,0,1.0,,109,104.68585582558778,3.202099850827543,4.441136398813312,,3,5,2.34808560590346e-10,5,0,0,0,6,6,12999.008418466032,NO_RAW_BREAK_CROSSING,R0,UNIFORM,PROCESSED,eda41e1bdd0a34fadb818b7e0599ac56f8128e79ff27a389477b0f475fbffd85
6263,109,65,0.5963302752293578,,True,False,False,0,5,39,104,65,0.375,,4.978286179701672,0.7634941413581756,0.0,2.970851887762222,3.938717845793321,4.6438101012123765,,104,0,True,6,0,5,21,0,0,14613.837076969809,,12835.82468925929,,RAW_WINDOWS_DT30_DISTANCE400_V1,109,109,0,1.0,,109,104.68585582558778,3.202099850827543,4.441136398813312,,3,5,2.34808560590346e-10,5,0,0,0,6,6,12999.008418466032,NO_RAW_BREAK_CROSSING,S0,UNIFORM,PROCESSED,13e5f4320ad9238fc7be6ebf1114dbf8cc41ee427fd1c707a2f2aa9ea4db2657
4029,98,0,0.0,,False,True,True,98,0,0,0,0,,EMPTY_DP_REFERENCE_DENOMINATOR,,,,,,,EMPTY_DP_REFERENCE,0,0,True,1,1,0,0,0,0,0.397461768236016,,,EMPTY_OUTPUT,RAW_WINDOWS_DT30_DISTANCE400_V1,98,0,98,0.0,,0,,,,NO_COVERED_RAW_POINTS,0,5,6.058829654615639e-10,0,0,0,0,1,0,0.397461768236016,NO_RAW_BREAK_CROSSING,R0,UNIFORM,ALL_FILTERED,e171dd473ed2d34b3ddc169004d94e4f1aad7c06df1d399fd818899c6c4b10f1
4029,98,2,0.02040816326530612,,True,False,False,0,0,96,98,2,0.9795918367346939,,0.06893379425381495,0.017585151632208123,0.0,0.06893379425381495,0.06893379425381495,0.06893379425381495,,98,0,True,1,0,0,98,0,0,0.397461768236016,,0.30728814582702635,,RAW_WINDOWS_DT30_DISTANCE400_V1,98,98,0,1.0,,98,0.06893379425381495,0.017585151632208123,0.06893379425381495,,0,5,6.058829654615639e-10,0,0,0,0,1,1,0.397461768236016,NO_RAW_BREAK_CROSSING,S0,UNIFORM,PROCESSED,414b0adc7a16a789b64c7a4cfbe276459927648afd1dab84159d0275db84f55e
2643,100,18,0.18,,True,False,False,2,0,80,98,18,0.8163265306122449,,4.718612818354822,1.3597553409948464,0.518994894234462,3.7781120121723246,4.133725136134072,4.62697116738532,,98,0,True,2,1,0,31,0,0,7100.347310510544,,7079.2837260997085,,RAW_WINDOWS_DT30_DISTANCE400_V1,100,98,2,0.98,,98,4.718612818354822,1.3597553409948464,4.133725136134072,,0,5,2.686093614581547e-10,1,0,0,1,2,1,7092.598755600088,NO_RAW_BREAK_CROSSING,R0,UNIFORM,PROCESSED,3763b75d40c6e3ee082f335095e4ca15a82158596d2aeb645afe4759751650a7
2643,100,20,0.2,,True,False,False,0,0,80,100,20,0.8,,4.718612818354822,1.3325602341749496,0.5130127985059192,3.7781120121723246,4.133725136134072,4.62508164880863,,100,0,True,2,0,0,33,0,0,7100.347310510544,,7089.774519730819,,RAW_WINDOWS_DT30_DISTANCE400_V1,100,100,0,1.0,,100,4.718612818354822,1.3325602341749496,4.133725136134072,,0,5,2.686093614581547e-10,1,0,0,0,2,2,7092.598755600088,NO_RAW_BREAK_CROSSING,S0,UNIFORM,PROCESSED,f1e899889771b89ed342a611a829deef3d025d8187fc69054652365a285b0d5e
4502,104,34,0.3269230769230769,,True,False,False,4,19,47,81,34,0.5802469135802469,,4.748085468401144,1.0410257378589458,0.4452498159047455,2.919438794026087,3.370093171455206,4.491926390193575,,81,0,True,8,3,19,15,0,0,11886.489800335758,,7662.517018744402,,RAW_WINDOWS_DT30_DISTANCE400_V1,104,100,4,0.9615384615384616,,100,7.097202875741435,1.2784923726933897,4.023339131715726,,2,5,4.059715039366043e-10,7,0,0,4,8,5,7740.27679780646,NO_RAW_BREAK_CROSSING,R0,UNIFORM,PROCESSED,fa73690c1aef04d95f70ff21aec05eab49f5a2eeb742ac0ff45b3b134b363987
4502,104,36,0.34615384615384615,,True,False,False,2,19,47,83,36,0.5662650602409638,,4.748085468401144,1.015940780320176,0.4191793307784033,2.903939477993455,3.360911513236528,4.485522413238382,,83,0,True,8,2,19,17,0,0,11886.489800335758,,7668.868357076345,,RAW_WINDOWS_DT30_DISTANCE400_V1,104,102,2,0.9807692307692307,,102,7.097202875741435,1.2534238947974408,3.993807802109067,,2,5,4.059715039366043e-10,7,0,0,2,8,6,7740.27679780646,NO_RAW_BREAK_CROSSING,S0,UNIFORM,PROCESSED,9b3574dded9aa0ee72c486cb2b7e35ca0b3634b4bc5e5398749adc5d26a4262a
5788,127,65,0.5118110236220472,,True,False,False,0,0,62,127,65,0.4881889763779528,,4.366835477851078,0.4691559066194247,0.0,1.4973006879809894,2.442846321719198,3.2963474186278194,,127,0,True,8,0,0,30,0,0,20045.88677333108,,17091.001436449027,,RAW_WINDOWS_DT30_DISTANCE400_V1,127,127,0,1.0,,127,4.366835477851078,0.4691559066194247,2.442846321719198,,0,5,2.0872436804677615e-10,7,0,0,0,8,8,17092.779417945156,NO_RAW_BREAK_CROSSING,R0,UNIFORM,PROCESSED,3c56b7ab738bc27457eaebab87935e7f356160b505ce7afb871eb7eda00b2ab0
5788,127,65,0.5118110236220472,,True,False,False,0,0,62,127,65,0.4881889763779528,,4.366835477851078,0.4691559066194247,0.0,1.4973006879809894,2.442846321719198,3.2963474186278194,,127,0,True,8,0,0,30,0,0,20045.88677333108,,17091.001436449027,,RAW_WINDOWS_DT30_DISTANCE400_V1,127,127,0,1.0,,127,4.366835477851078,0.4691559066194247,2.442846321719198,,0,5,2.0872436804677615e-10,7,0,0,0,8,8,17092.779417945156,NO_RAW_BREAK_CROSSING,S0,UNIFORM,PROCESSED,362c5faf53b1fae6ed9dd3eddea7ea73013e9c4d7692e49cdebfc96fe7bbbfe4
3521,100,0,0.0,,False,True,True,100,0,0,0,0,,EMPTY_DP_REFERENCE_DENOMINATOR,,,,,,,EMPTY_DP_REFERENCE,0,0,True,1,1,0,0,0,0,8.599999344209273,,,EMPTY_OUTPUT,RAW_WINDOWS_DT30_DISTANCE400_V1,100,0,100,0.0,,0,,,,NO_COVERED_RAW_POINTS,0,5,1.2017096097943475e-10,0,0,0,0,1,0,8.599999344209273,NO_RAW_BREAK_CROSSING,R0,UNIFORM,ALL_FILTERED,58fcc2b6347702e78afc5441d6d95d5be33814df627dd51d6a24e0e2346ebbb2
3521,100,2,0.02,,True,False,False,0,0,98,100,2,0.98,,0.423822640771398,0.21675889684603245,0.26454261337668383,0.35027692229937163,0.423822640771398,0.423822640771398,,100,0,True,1,0,0,100,0,0,8.599999344209273,,7.620439877655956,,RAW_WINDOWS_DT30_DISTANCE400_V1,100,100,0,1.0,,100,0.423822640771398,0.21675889684603245,0.423822640771398,,0,5,1.2017096097943475e-10,0,0,0,0,1,1,8.599999344209273,NO_RAW_BREAK_CROSSING,S0,UNIFORM,PROCESSED,066649eab2b60197615ac383b6f52b1e21e734185fd8ddd98df19f08685869b3
8185,100,23,0.23,,True,False,False,0,7,70,93,23,0.7526881720430108,,4.762838311428747,1.022375251641665,0.0,3.600353640491369,3.932844553589981,4.762838311428747,,93,0,True,1,0,7,80,0,0,447.15715912617446,,358.09842131445345,,RAW_WINDOWS_DT30_DISTANCE400_V1,100,100,0,1.0,,100,9.700308954609689,1.284135340492617,4.381732855028759,,3,5,3.9802814698656485e-10,0,0,0,0,1,1,447.15715912617446,NO_RAW_BREAK_CROSSING,R0,UNIFORM,PROCESSED,ccc0d9ed0844f023e58f9e582349bea8914a315cfcda438698ceb82870180bf3
8185,100,23,0.23,,True,False,False,0,7,70,93,23,0.7526881720430108,,4.762838311428747,1.022375251641665,0.0,3.600353640491369,3.932844553589981,4.762838311428747,,93,0,True,1,0,7,80,0,0,447.15715912617446,,358.09842131445345,,RAW_WINDOWS_DT30_DISTANCE400_V1,100,100,0,1.0,,100,9.700308954609689,1.284135340492617,4.381732855028759,,3,5,3.9802814698656485e-10,0,0,0,0,1,1,447.15715912617446,NO_RAW_BREAK_CROSSING,S0,UNIFORM,PROCESSED,e2eee355e57652bca34cbd81be5422507cf84acfa9946a5e37bfd974a1a1e033
7457,100,0,0.0,,False,True,True,100,0,0,0,0,,EMPTY_DP_REFERENCE_DENOMINATOR,,,,,,,EMPTY_DP_REFERENCE,0,0,True,1,1,0,0,0,0,0.9061976221693058,,,EMPTY_OUTPUT,RAW_WINDOWS_DT30_DISTANCE400_V1,100,0,100,0.0,,0,,,,NO_COVERED_RAW_POINTS,0,5,5.824962130538447e-10,0,0,0,0,1,0,0.9061976221693058,NO_RAW_BREAK_CROSSING,R0,UNIFORM,ALL_FILTERED,aba889b86fb2d54399416924f83cd785f6b385617a3ecfb9fe6f5d0acb89b1c4
7457,100,2,0.02,,True,False,False,0,0,98,100,2,0.98,,0.18361021043057585,0.0948652733647304,0.10710595645761156,0.1560686735801568,0.18361021043057585,0.18361021043057585,,100,0,True,1,0,0,100,0,0,0.9061976221693058,,0.6920955530092701,,RAW_WINDOWS_DT30_DISTANCE400_V1,100,100,0,1.0,,100,0.18361021043057585,0.0948652733647304,0.18361021043057585,,0,5,5.824962130538447e-10,0,0,0,0,1,1,0.9061976221693058,NO_RAW_BREAK_CROSSING,S0,UNIFORM,PROCESSED,2ff8fd8ce5f03a6be3b66d092632b2c430d46d405b3980847b539b0af3a3e86f
10188,98,0,0.0,,False,True,True,98,0,0,0,0,,EMPTY_DP_REFERENCE_DENOMINATOR,,,,,,,EMPTY_DP_REFERENCE,0,0,True,1,1,0,0,0,0,10.952966266311916,,,EMPTY_OUTPUT,RAW_WINDOWS_DT30_DISTANCE400_V1,98,0,98,0.0,,0,,,,NO_COVERED_RAW_POINTS,0,5,1.1151288382912295e-10,0,0,0,0,1,0,10.952966266311916,NO_RAW_BREAK_CROSSING,R0,UNIFORM,ALL_FILTERED,baccf1f15d11fe2c7bcfcedb67e88ac3df3372aa35796571f0858b1a9d40729e
10188,98,2,0.02040816326530612,,True,False,False,0,0,96,98,2,0.9795918367346939,,0.43603146903370366,0.15482399196227434,0.11784712548336777,0.39890998346092243,0.43603146903370366,0.43603146903370366,,98,0,True,1,0,0,98,0,0,10.952966266311916,,10.750245009935444,,RAW_WINDOWS_DT30_DISTANCE400_V1,98,98,0,1.0,,98,0.43603146903370366,0.15482399196227434,0.43603146903370366,,0,5,1.1151288382912295e-10,0,0,0,0,1,1,10.952966266311916,NO_RAW_BREAK_CROSSING,S0,UNIFORM,PROCESSED,43fb9123e33704990bcc52ec55ccc817906f7b97c0b265bacc46f07b2d7d0f26
2860,110,50,0.45454545454545453,,True,False,False,0,3,57,107,50,0.5327102803738317,,4.920456005598848,0.8389270853464915,0.0,3.2438211649440034,3.750852143425136,4.876303809911429,,107,0,True,2,0,3,29,0,0,9562.965255850007,,9438.931928100244,,RAW_WINDOWS_DT30_DISTANCE400_V1,110,110,0,1.0,,110,10.601164470591353,0.9744319353407197,4.340360687664338,,1,5,1.9701305574881958e-10,1,0,0,0,2,2,9450.846409281556,NO_RAW_BREAK_CROSSING,R0,UNIFORM,PROCESSED,1ad64f310b4db6ecaadad51d528be5fb6d01ef4e548f5656bb03f124cdda273e
2860,110,50,0.45454545454545453,,True,False,False,0,3,57,107,50,0.5327102803738317,,4.920456005598848,0.8389270853464915,0.0,3.2438211649440034,3.750852143425136,4.876303809911429,,107,0,True,2,0,3,29,0,0,9562.965255850007,,9438.931928100244,,RAW_WINDOWS_DT30_DISTANCE400_V1,110,110,0,1.0,,110,10.601164470591353,0.9744319353407197,4.340360687664338,,1,5,1.9701305574881958e-10,1,0,0,0,2,2,9450.846409281556,NO_RAW_BREAK_CROSSING,S0,UNIFORM,PROCESSED,712a02a40bd51f1e16e4bf297edfa5a7edc0ed593702c90ce6ec7e3577f9dbbe
9714,98,0,0.0,,False,True,True,98,0,0,0,0,,EMPTY_DP_REFERENCE_DENOMINATOR,,,,,,,EMPTY_DP_REFERENCE,0,0,True,1,1,0,0,0,0,30.589057386189758,,,EMPTY_OUTPUT,RAW_WINDOWS_DT30_DISTANCE400_V1,98,0,98,0.0,,0,,,,NO_COVERED_RAW_POINTS,0,5,7.51874657925786e-11,0,0,0,0,1,0,30.589057386189758,NO_RAW_BREAK_CROSSING,R0,UNIFORM,ALL_FILTERED,b2b5496f3e0c4fb13ab0200b7e5ba99c08faa4258b1b63b7238a28873a2331f5
9714,98,2,0.02040816326530612,,True,False,False,0,0,96,98,2,0.9795918367346939,,1.5453616894521989,0.6996933633621527,0.5788511391483311,1.383440027396965,1.44224840924646,1.5453616894521989,,98,0,True,1,0,0,98,0,0,30.589057386189758,,20.00250160767397,,RAW_WINDOWS_DT30_DISTANCE400_V1,98,98,0,1.0,,98,1.5453616894521989,0.6996933633621527,1.44224840924646,,0,5,7.51874657925786e-11,0,0,0,0,1,1,30.589057386189758,NO_RAW_BREAK_CROSSING,S0,UNIFORM,PROCESSED,0fca661715fb4286ba0af76d20af61d989b61643ed016f26770f7e830e372c1e
1675,112,47,0.41964285714285715,,True,False,False,0,2,63,110,47,0.5727272727272728,,4.308379755460394,0.6983185359747485,0.0,2.2063217974735414,3.3812793009316047,3.6121155723679825,,110,0,True,4,0,2,43,0,0,11949.537412653488,,10725.029653976484,,RAW_WINDOWS_DT30_DISTANCE400_V1,112,112,0,1.0,,112,29.158987791443398,1.1590363271455917,3.425140783493134,,2,5,3.391986342386324e-10,3,0,0,0,4,4,10747.964030994986,NO_RAW_BREAK_CROSSING,R0,UNIFORM,PROCESSED,62858ce346f410c7b2a2e81187f940c7bcfaa643590b655989eed2cdda884920
1675,112,47,0.41964285714285715,,True,False,False,0,2,63,110,47,0.5727272727272728,,4.308379755460394,0.6983185359747485,0.0,2.2063217974735414,3.3812793009316047,3.6121155723679825,,110,0,True,4,0,2,43,0,0,11949.537412653488,,10725.029653976484,,RAW_WINDOWS_DT30_DISTANCE400_V1,112,112,0,1.0,,112,29.158987791443398,1.1590363271455917,3.425140783493134,,2,5,3.391986342386324e-10,3,0,0,0,4,4,10747.964030994986,NO_RAW_BREAK_CROSSING,S0,UNIFORM,PROCESSED,b3fa6bdc1ddc3becfa3577b3794e9899dcf3b0f59a8b8dfa6377edfd5743dabb
11250,87,38,0.4367816091954023,,True,False,False,2,9,38,76,38,0.5,,4.888248269690619,1.1834597838020064,0.2063198997889925,3.621796569917609,4.315737250798322,4.651570422871815,,76,0,True,6,2,9,15,0,0,15052.672756294487,,9895.024036390805,,RAW_WINDOWS_DT30_DISTANCE400_V1,87,85,2,0.9770114942528736,,85,164.6542182333242,3.627001126791217,4.845938380248392,,4,5,4.572991437957175e-10,5,0,0,2,6,4,10340.838119117388,NO_RAW_BREAK_CROSSING,R0,UNIFORM,PROCESSED,f317695f38a5f132da0d635cbf6003d3b025748628dceb353da94a01c98c9f6b
11250,87,38,0.4367816091954023,,True,False,False,2,9,38,76,38,0.5,,4.888248269690619,1.1834597838020064,0.2063198997889925,3.621796569917609,4.315737250798322,4.651570422871815,,76,0,True,6,2,9,15,0,0,15052.672756294487,,9895.024036390805,,RAW_WINDOWS_DT30_DISTANCE400_V1,87,85,2,0.9770114942528736,,85,164.6542182333242,3.627001126791217,4.845938380248392,,4,5,4.572991437957175e-10,5,0,0,2,6,4,10340.838119117388,NO_RAW_BREAK_CROSSING,S0,UNIFORM,PROCESSED,277f478dfeb6934ca07103be289c3b95c9f983890224a72493173592cc07925d
8865,125,54,0.432,,True,False,False,0,11,60,114,54,0.5263157894736843,,4.77642325664392,0.7975899056198729,0.0,2.8755461892287375,3.4139758861989593,4.667212546653383,,114,0,True,1,0,11,40,0,0,7322.610355699387,,7233.8074446481805,,RAW_WINDOWS_DT30_DISTANCE400_V1,125,125,0,1.0,,125,36.45915978240062,1.8837974398238282,5.871026387945909,,9,5,2.5058457110658585e-10,0,0,0,0,1,1,7322.610355699387,NO_RAW_BREAK_CROSSING,R0,UNIFORM,PROCESSED,26f3069e518106b239d9777eebea4152e5b97424b3cde8805f37054107dcdcf6
8865,125,54,0.432,,True,False,False,0,11,60,114,54,0.5263157894736843,,4.77642325664392,0.7975899056198729,0.0,2.8755461892287375,3.4139758861989593,4.667212546653383,,114,0,True,1,0,11,40,0,0,7322.610355699387,,7233.8074446481805,,RAW_WINDOWS_DT30_DISTANCE400_V1,125,125,0,1.0,,125,36.45915978240062,1.8837974398238282,5.871026387945909,,9,5,2.5058457110658585e-10,0,0,0,0,1,1,7322.610355699387,NO_RAW_BREAK_CROSSING,S0,UNIFORM,PROCESSED,84bac4b7188c42018152d34f5505163c3b562c58752a1694d35b2475fb3c29e2
5416,95,36,0.37894736842105264,,True,False,False,0,1,58,94,36,0.6170212765957447,,4.729935511682077,1.1477437123686838,0.4225550608144125,3.0045118852337347,3.3398991305560948,4.6525672220816965,,94,0,True,1,0,1,28,0,0,9831.281484512941,,9816.272760119246,,RAW_WINDOWS_DT30_DISTANCE400_V1,95,95,0,1.0,,95,25.83160082169296,1.4075737872036762,3.42539221583216,,1,5,3.6965257750807237e-10,0,0,0,0,1,1,9831.281484512941,NO_RAW_BREAK_CROSSING,R0,UNIFORM,PROCESSED,3140bdd6e34775dce0d0454cae287d6fe39d2591ba4233c281c04019fe4d74e9
5416,95,36,0.37894736842105264,,True,False,False,0,1,58,94,36,0.6170212765957447,,4.729935511682077,1.1477437123686838,0.4225550608144125,3.0045118852337347,3.3398991305560948,4.6525672220816965,,94,0,True,1,0,1,28,0,0,9831.281484512941,,9816.272760119246,,RAW_WINDOWS_DT30_DISTANCE400_V1,95,95,0,1.0,,95,25.83160082169296,1.4075737872036762,3.42539221583216,,1,5,3.6965257750807237e-10,0,0,0,0,1,1,9831.281484512941,NO_RAW_BREAK_CROSSING,S0,UNIFORM,PROCESSED,a30e90a3492fcc46ac467443fbb4135121046aedd064f66afdb298b7660bdf02
5393,100,0,0.0,,False,True,True,100,0,0,0,0,,EMPTY_DP_REFERENCE_DENOMINATOR,,,,,,,EMPTY_DP_REFERENCE,0,0,True,1,1,0,0,0,0,40.116804963664045,,,EMPTY_OUTPUT,RAW_WINDOWS_DT30_DISTANCE400_V1,100,0,100,0.0,,0,,,,NO_COVERED_RAW_POINTS,0,5,1.8018886261998813e-10,0,0,0,0,1,0,40.116804963664045,NO_RAW_BREAK_CROSSING,R0,UNIFORM,ALL_FILTERED,328d2db3aa41387b7afb5ea2b9f6f7c500da7ae3eda81ba453840ffb80e57700
5393,100,2,0.02,,True,False,False,0,0,98,100,2,0.98,,4.055949171533062,1.3267712029064338,1.169330044960129,3.1650075868368406,3.904352298670157,4.055949171533062,,100,0,True,1,0,0,100,0,0,40.116804963664045,,29.825556316146145,,RAW_WINDOWS_DT30_DISTANCE400_V1,100,100,0,1.0,,100,4.055949171533062,1.3267712029064338,3.904352298670157,,0,5,1.8018886261998813e-10,0,0,0,0,1,1,40.116804963664045,NO_RAW_BREAK_CROSSING,S0,UNIFORM,PROCESSED,e456bec1762ef5e16342be6784d611ed6649b7a28ee1469847af62fda46e0acf
9750,123,27,0.21951219512195122,,True,False,False,0,2,94,121,27,0.7768595041322314,,4.790343701782747,1.0872882476746204,0.8588925760299977,2.7627596702423096,3.63527471509368,4.6760115163242,,121,0,True,1,0,2,53,0,0,6967.069542356498,,6949.9246521912255,,RAW_WINDOWS_DT30_DISTANCE400_V1,123,123,0,1.0,,123,5.128802811144446,1.136104352183746,3.7418923434642175,,1,5,2.3496068698127886e-10,0,0,0,0,1,1,6967.069542356498,NO_RAW_BREAK_CROSSING,R0,UNIFORM,PROCESSED,5eec8a836ab0aa4eaa98863d01e3480f1119fce3fd0354a2c6b6faa7cd4dc45f
9750,123,27,0.21951219512195122,,True,False,False,0,2,94,121,27,0.7768595041322314,,4.790343701782747,1.0872882476746204,0.8588925760299977,2.7627596702423096,3.63527471509368,4.6760115163242,,121,0,True,1,0,2,53,0,0,6967.069542356498,,6949.9246521912255,,RAW_WINDOWS_DT30_DISTANCE400_V1,123,123,0,1.0,,123,5.128802811144446,1.136104352183746,3.7418923434642175,,1,5,2.3496068698127886e-10,0,0,0,0,1,1,6967.069542356498,NO_RAW_BREAK_CROSSING,S0,UNIFORM,PROCESSED,424a9fb97ee243bf94e390b2d3db0c3b3499c2f32f93fd44b091c4322b888205
5978,121,43,0.35537190082644626,,True,False,False,5,15,58,101,43,0.5742574257425743,,3.6998352975946034,0.5525251825497904,0.0,2.2954126296725854,3.0498089640076134,3.4851561959906157,,101,0,True,12,4,15,63,0,0,7244.262890393195,,4882.607295880752,,RAW_WINDOWS_DT30_DISTANCE400_V1,121,116,5,0.9586776859504132,,116,280.69670439064976,5.517729892413268,18.797451172442788,,12,5,2.5783671232586287e-10,11,0,0,5,12,8,6240.734150266957,NO_RAW_BREAK_CROSSING,R0,UNIFORM,PROCESSED,91bca0e926e7c824f41ebff7c1e4c8205186cf64bb067b5f8e76254f0eb9a29a
5978,121,45,0.371900826446281,,True,False,False,3,15,58,103,45,0.5631067961165048,,3.6998352975946034,0.5417965382284352,0.0,2.2954126296725854,3.0026679796780993,3.4841072425238844,,103,0,True,12,3,15,65,0,0,7244.262890393195,,4902.915079404422,,RAW_WINDOWS_DT30_DISTANCE400_V1,121,118,3,0.9752066115702479,,118,280.69670439064976,5.424209046779144,18.769713230287675,,12,5,2.5783671232586287e-10,11,0,0,3,12,9,6240.734150266957,NO_RAW_BREAK_CROSSING,S0,UNIFORM,PROCESSED,0e5a9aecd27166ba4629d02d4903fd9241b7d1bf5d88685b0600d9ba7e3e6052
3383,98,0,0.0,,False,True,True,98,0,0,0,0,,EMPTY_DP_REFERENCE_DENOMINATOR,,,,,,,EMPTY_DP_REFERENCE,0,0,True,1,1,0,0,0,0,5.913795623529672,,,EMPTY_OUTPUT,RAW_WINDOWS_DT30_DISTANCE400_V1,98,0,98,0.0,,0,,,,NO_COVERED_RAW_POINTS,0,5,6.008611204632052e-10,0,0,0,0,1,0,5.913795623529672,NO_RAW_BREAK_CROSSING,R0,UNIFORM,ALL_FILTERED,b84f9212fffaa680096371a6f71c2d7eb3423ce85a288d45d521678d354467c9
3383,98,2,0.02040816326530612,,True,False,False,0,0,96,98,2,0.9795918367346939,,0.6686975186995927,0.34312172326778934,0.38211279791956765,0.534957989565223,0.6686975186995927,0.6686975186995927,,98,0,True,1,0,0,98,0,0,5.913795623529672,,5.654193831442736,,RAW_WINDOWS_DT30_DISTANCE400_V1,98,98,0,1.0,,98,0.6686975186995927,0.34312172326778934,0.6686975186995927,,0,5,6.008611204632052e-10,0,0,0,0,1,1,5.913795623529672,NO_RAW_BREAK_CROSSING,S0,UNIFORM,PROCESSED,1f20c090dc492a18344ea4da43bcc995dee9db108635aca2a289ae3a15b502da
10639,113,17,0.1504424778761062,,True,False,False,0,3,93,110,17,0.8454545454545455,,4.841442612007321,0.6043654519751762,0.08448233602867618,1.6670029890495193,3.552008488610358,4.540088053311029,,110,0,True,1,0,3,78,0,0,1676.1970040548294,,1650.1971707156633,,RAW_WINDOWS_DT30_DISTANCE400_V1,113,113,0,1.0,,113,16.051296895446516,0.7779725628044512,3.836140163326257,,1,5,1.3676757528786083e-10,0,0,0,0,1,1,1676.1970040548294,NO_RAW_BREAK_CROSSING,R0,UNIFORM,PROCESSED,11d04dadfe025ecca62506b029c87dab09be7a3b94202d3f03d5121f256bcf08
10639,113,17,0.1504424778761062,,True,False,False,0,3,93,110,17,0.8454545454545455,,4.841442612007321,0.6043654519751762,0.08448233602867618,1.6670029890495193,3.552008488610358,4.540088053311029,,110,0,True,1,0,3,78,0,0,1676.1970040548294,,1650.1971707156633,,RAW_WINDOWS_DT30_DISTANCE400_V1,113,113,0,1.0,,113,16.051296895446516,0.7779725628044512,3.836140163326257,,1,5,1.3676757528786083e-10,0,0,0,0,1,1,1676.1970040548294,NO_RAW_BREAK_CROSSING,S0,UNIFORM,PROCESSED,5e8ac9a82b9f265decbcaeb814817585ef574996972762785ee619c97d968618
1354,100,15,0.15,,True,False,False,28,1,56,71,15,0.7887323943661972,,4.878793631225952,1.2264904041918174,0.7735070186456947,3.2377492004201636,3.930088111160265,4.80786403220515,,71,0,True,2,1,1,35,0,0,3620.3250605064204,,3589.352075602991,,RAW_WINDOWS_DT30_DISTANCE400_V1,100,72,28,0.72,,72,9.151888896851643,1.3365653832565372,4.601476008918507,,1,5,7.046827485877638e-10,1,0,0,1,2,1,3600.2595698521054,NO_RAW_BREAK_CROSSING,R0,UNIFORM,PROCESSED,6017088056042c07097ab03ae2eda9f1db557d7a10f5378639c24919fd7395c5
1354,100,17,0.17,,True,False,False,0,1,82,99,17,0.8282828282828283,,4.878793631225952,0.8866799838359642,0.0,3.2377492004201636,3.2483928652012333,4.779492192596829,,99,0,True,2,0,1,62,0,0,3620.3250605064204,,3590.802084109621,,RAW_WINDOWS_DT30_DISTANCE400_V1,100,100,0,1.0,,100,9.151888896851643,0.9693320729661211,3.402776074523801,,1,5,7.046827485877638e-10,1,0,0,0,2,2,3600.2595698521054,NO_RAW_BREAK_CROSSING,S0,UNIFORM,PROCESSED,11d663c71be5d1a047cca0537600e1bf887a86b9123dcb89e37fdbc137964c58
8157,109,58,0.5321100917431193,,True,False,False,0,0,51,109,58,0.4678899082568807,,4.919986018667781,0.8246228127083262,0.0,2.779485426257282,3.225581277440701,4.498251330454421,,109,0,True,7,0,0,30,0,0,19617.507471060293,,17123.57663923556,,RAW_WINDOWS_DT30_DISTANCE400_V1,109,109,0,1.0,,109,4.919986018667781,0.8246228127083262,3.225581277440701,,0,5,3.0693962825772393e-10,6,0,0,0,7,7,17124.754163659913,NO_RAW_BREAK_CROSSING,R0,UNIFORM,PROCESSED,08a4a16cbe2eff7a7c03f5502e6df8b8b8292c4e8294225b863585d0d69bdcee
8157,109,58,0.5321100917431193,,True,False,False,0,0,51,109,58,0.4678899082568807,,4.919986018667781,0.8246228127083262,0.0,2.779485426257282,3.225581277440701,4.498251330454421,,109,0,True,7,0,0,30,0,0,19617.507471060293,,17123.57663923556,,RAW_WINDOWS_DT30_DISTANCE400_V1,109,109,0,1.0,,109,4.919986018667781,0.8246228127083262,3.225581277440701,,0,5,3.0693962825772393e-10,6,0,0,0,7,7,17124.754163659913,NO_RAW_BREAK_CROSSING,S0,UNIFORM,PROCESSED,d95dd4a2005a37e78656a0aef76d1dde2cc999cd6c1f21c7fc2f528c15e78799
8530,98,0,0.0,,False,True,True,98,0,0,0,0,,EMPTY_DP_REFERENCE_DENOMINATOR,,,,,,,EMPTY_DP_REFERENCE,0,0,True,1,1,0,0,0,0,8.246941625358762,,,EMPTY_OUTPUT,RAW_WINDOWS_DT30_DISTANCE400_V1,98,0,98,0.0,,0,,,,NO_COVERED_RAW_POINTS,0,5,1.888238652548114e-10,0,0,0,0,1,0,8.246941625358762,NO_RAW_BREAK_CROSSING,R0,UNIFORM,ALL_FILTERED,bb200198d6a2f1d89aeb54cf8eaa543e10e5767bb7b64be26d3490a7b2f86e4e
8530,98,2,0.02040816326530612,,True,False,False,0,0,96,98,2,0.9795918367346939,,1.5256709576577896,0.8763341392501939,0.966258113264252,1.4239596474382143,1.5256709576577896,1.5256709576577896,,98,0,True,1,0,0,98,0,0,8.246941625358762,,7.269457983676045,,RAW_WINDOWS_DT30_DISTANCE400_V1,98,98,0,1.0,,98,1.5256709576577896,0.8763341392501939,1.5256709576577896,,0,5,1.888238652548114e-10,0,0,0,0,1,1,8.246941625358762,NO_RAW_BREAK_CROSSING,S0,UNIFORM,PROCESSED,b8743d60dd453f07bb6513aa3eaca867a718d28b6595eaa37885a9081bbf94bf
5079,98,0,0.0,,False,True,True,98,0,0,0,0,,EMPTY_DP_REFERENCE_DENOMINATOR,,,,,,,EMPTY_DP_REFERENCE,0,0,True,1,1,0,0,0,0,9.681341396955116,,,EMPTY_OUTPUT,RAW_WINDOWS_DT30_DISTANCE400_V1,98,0,98,0.0,,0,,,,NO_COVERED_RAW_POINTS,0,5,4.6420088634267473e-10,0,0,0,0,1,0,9.681341396955116,NO_RAW_BREAK_CROSSING,R0,UNIFORM,ALL_FILTERED,3dafb97fdf341e1122d59ed6ef59bd2e53bdd669875155805663398043def370
5079,98,2,0.02040816326530612,,True,False,False,0,0,96,98,2,0.9795918367346939,,1.2213758837195652,0.5651314998124811,0.5537593749454692,1.0816421876741633,1.1333954072369357,1.2213758837195652,,98,0,True,1,0,0,98,0,0,9.681341396955116,,2.044625048884025,,RAW_WINDOWS_DT30_DISTANCE400_V1,98,98,0,1.0,,98,1.2213758837195652,0.5651314998124811,1.1333954072369357,,0,5,4.6420088634267473e-10,0,0,0,0,1,1,9.681341396955116,NO_RAW_BREAK_CROSSING,S0,UNIFORM,PROCESSED,5d7c07d090cd1c93544ef8943210367659daf8af994b8cf0a4f53e7d472efce7
4107,99,0,0.0,,False,True,True,99,0,0,0,0,,EMPTY_DP_REFERENCE_DENOMINATOR,,,,,,,EMPTY_DP_REFERENCE,0,0,True,1,1,0,0,0,0,3.571151214734374,,,EMPTY_OUTPUT,RAW_WINDOWS_DT30_DISTANCE400_V1,99,0,99,0.0,,0,,,,NO_COVERED_RAW_POINTS,0,5,2.444849383106062e-10,0,0,0,0,1,0,3.571151214734374,NO_RAW_BREAK_CROSSING,R0,UNIFORM,ALL_FILTERED,e0d6f6b63de546b2610b5f7d49314c0762911f6f2a390e27cb3a5bbe5e17a10f
4107,99,2,0.020202020202020204,,True,False,False,0,0,97,99,2,0.9797979797979798,,0.5256660851500241,0.21239031744766473,0.14601827844775683,0.3621255424898078,0.5256660851500241,0.5256660851500241,,99,0,True,1,0,0,99,0,0,3.571151214734374,,2.1709309635706204,,RAW_WINDOWS_DT30_DISTANCE400_V1,99,99,0,1.0,,99,0.5256660851500241,0.21239031744766473,0.5256660851500241,,0,5,2.444849383106062e-10,0,0,0,0,1,1,3.571151214734374,NO_RAW_BREAK_CROSSING,S0,UNIFORM,PROCESSED,45650b6bee19c790417359714f8d7ff530c8420825c4727683c5f8c7354e8ef0
5303,109,37,0.3394495412844037,,True,False,False,20,10,42,79,37,0.5316455696202531,,4.9926362418348775,1.0252181499955646,0.0,3.2090674369259062,4.9926362418348775,4.9926362418348775,,79,0,True,11,6,10,35,0,0,11604.068978690488,,5560.003419124172,,RAW_WINDOWS_DT30_DISTANCE400_V1,109,89,20,0.8165137614678899,,89,84.50487838927639,2.234946154112292,4.9926362418348775,,3,5,2.935134405257623e-10,10,0,0,10,11,5,6760.841349309365,NO_RAW_BREAK_CROSSING,R0,UNIFORM,PROCESSED,f11c187d16c115cc83ea9c82030b4e517e743d820286bd6f25247b35788f22f8
5303,109,49,0.44954128440366975,,True,False,False,1,12,47,96,49,0.48958333333333337,,4.9926362418348775,0.8891801670753737,0.0,3.1306883837036406,4.485051502517793,4.9926362418348775,,96,0,True,11,1,12,51,0,0,11604.068978690488,,6595.246818681939,,RAW_WINDOWS_DT30_DISTANCE400_V1,109,108,1,0.9908256880733946,,108,84.50487838927639,1.8990306040035234,4.9926362418348775,,3,5,2.935134405257623e-10,10,0,0,1,11,10,6760.841349309365,NO_RAW_BREAK_CROSSING,S0,UNIFORM,PROCESSED,6dd7efe6f1c1ae9a592233a4c29e33315af6864b5603b65f39478a30a86c84b1
10907,125,30,0.24,,True,False,False,0,7,88,118,30,0.7457627118644068,,4.376226132127871,1.407680596518878,1.1735571232267783,3.6429219620574265,4.241650322642629,4.37181585370448,,118,0,True,1,0,7,52,0,0,5733.732911016932,,5707.81235926176,,RAW_WINDOWS_DT30_DISTANCE400_V1,125,125,0,1.0,,125,8.41210273990577,1.616618972982823,4.34293865723388,,4,5,1.273006730476997e-10,0,0,0,0,1,1,5733.732911016932,NO_RAW_BREAK_CROSSING,R0,UNIFORM,PROCESSED,25722fd0aaeaa7957696168daca0661623cee920fd937d4cc00a544f81074e37
10907,125,30,0.24,,True,False,False,0,7,88,118,30,0.7457627118644068,,4.376226132127871,1.407680596518878,1.1735571232267783,3.6429219620574265,4.241650322642629,4.37181585370448,,118,0,True,1,0,7,52,0,0,5733.732911016932,,5707.81235926176,,RAW_WINDOWS_DT30_DISTANCE400_V1,125,125,0,1.0,,125,8.41210273990577,1.616618972982823,4.34293865723388,,4,5,1.273006730476997e-10,0,0,0,0,1,1,5733.732911016932,NO_RAW_BREAK_CROSSING,S0,UNIFORM,PROCESSED,3e6bbb7c152bb35777a881501e72e24548ce0e2988b88b418e5c9d482e2be86b
2557,100,5,0.05,,True,False,False,31,6,58,63,5,0.9206349206349207,,4.165383228395534,1.4679855614652213,1.1299376554526026,3.031531112153932,3.2392018961495204,4.083321257042225,,63,0,True,2,1,6,9,0,0,130.61140958105736,,57.6862613218109,,RAW_WINDOWS_DT30_DISTANCE400_V1,100,69,31,0.69,,69,4.165383228395534,1.4451213523080653,3.2392018961495204,,0,5,1.4508237852283199e-10,1,0,0,1,2,1,128.0499057931225,NO_RAW_BREAK_CROSSING,R0,UNIFORM,PROCESSED,0ebe6e7620b0ae28f607da50f75bbbaa5039629268aa2c93ec868b4030be6a33
2557,100,8,0.08,,True,False,False,0,10,82,90,8,0.9111111111111111,,4.165383228395534,1.472502023500944,1.264294988047118,3.081550101130193,3.4245077378013065,4.047584592098041,,90,0,True,2,0,10,12,0,0,130.61140958105736,,79.99686357192391,,RAW_WINDOWS_DT30_DISTANCE400_V1,100,100,0,1.0,,100,4.165383228395534,1.5037229638219105,3.3886113418967425,,0,5,1.4508237852283199e-10,1,0,0,0,2,2,128.0499057931225,NO_RAW_BREAK_CROSSING,S0,UNIFORM,PROCESSED,eda71c2d06743fcf93ecf1a7aba907ce3c992ece9af8e9cf9afaedd49a24c689
11066,92,26,0.2826086956521739,,True,False,False,6,2,58,84,26,0.6904761904761905,,3.739056849629851,0.5807024242691966,0.10654596406906605,1.7581899520315964,2.7224497420330716,3.3618115831543314,,84,0,True,7,2,2,33,0,0,14244.993800357233,,10424.464970011824,,RAW_WINDOWS_DT30_DISTANCE400_V1,92,86,6,0.9347826086956522,,86,5.290406240344596,0.6304152562489294,2.9505720884232867,,1,5,5.057292578255822e-10,6,0,0,3,7,5,11405.221592571736,NO_RAW_BREAK_CROSSING,R0,UNIFORM,PROCESSED,053d7a3f9b1ae6c1b4e439a375baedbdc2143df89ded9ae6ebfb8ac487b46b4c
11066,92,31,0.33695652173913043,,True,False,False,0,2,59,90,31,0.6555555555555556,,3.739056849629851,0.5583676745863034,0.055559229012319265,1.710912264081096,2.621917000920443,3.3345408409994737,,90,0,True,7,0,2,38,0,0,14244.993800357233,,11375.371006712436,,RAW_WINDOWS_DT30_DISTANCE400_V1,92,92,0,1.0,,92,5.290406240344596,0.6053239033865513,2.879429698089728,,1,5,5.057292578255822e-10,6,0,0,0,7,7,11405.221592571736,NO_RAW_BREAK_CROSSING,S0,UNIFORM,PROCESSED,8e62d716d49be62119cd66fe739bee05b3d0d3228c701b7eea9b02524f6ddf31
5180,100,0,0.0,,False,True,True,100,0,0,0,0,,EMPTY_DP_REFERENCE_DENOMINATOR,,,,,,,EMPTY_DP_REFERENCE,0,0,True,1,1,0,0,0,0,0.5142674171647035,,,EMPTY_OUTPUT,RAW_WINDOWS_DT30_DISTANCE400_V1,100,0,100,0.0,,0,,,,NO_COVERED_RAW_POINTS,0,5,3.92442080829672e-10,0,0,0,0,1,0,0.5142674171647035,NO_RAW_BREAK_CROSSING,R0,UNIFORM,ALL_FILTERED,ecf628633adba1b2335080cbaedbfc05b491c58dac4098b00589cf32f30f0db6
5180,100,2,0.02,,True,False,False,0,0,98,100,2,0.98,,0.22174051416016052,0.04434810283203211,0.0,0.22174051416016052,0.22174051416016052,0.22174051416016052,,100,0,True,1,0,0,100,0,0,0.5142674171647035,,0.19079475188448516,,RAW_WINDOWS_DT30_DISTANCE400_V1,100,100,0,1.0,,100,0.22174051416016052,0.04434810283203211,0.22174051416016052,,0,5,3.92442080829672e-10,0,0,0,0,1,1,0.5142674171647035,NO_RAW_BREAK_CROSSING,S0,UNIFORM,PROCESSED,05e809087ead5340fe9b39dbf558df98cf5ec111b78ad498da743b6c3f22078c
8887,100,0,0.0,,False,True,True,100,0,0,0,0,,EMPTY_DP_REFERENCE_DENOMINATOR,,,,,,,EMPTY_DP_REFERENCE,0,0,True,1,1,0,0,0,0,11.201726093063495,,,EMPTY_OUTPUT,RAW_WINDOWS_DT30_DISTANCE400_V1,100,0,100,0.0,,0,,,,NO_COVERED_RAW_POINTS,0,5,1.428222163622157e-10,0,0,0,0,1,0,11.201726093063495,NO_RAW_BREAK_CROSSING,R0,UNIFORM,ALL_FILTERED,12fa354277d46db6868d1ea5f988becf01cb3294b2579f2bbeac388b4ca18ef7
8887,100,2,0.02,,True,False,False,0,0,98,100,2,0.98,,2.5286551737123983,1.1157391610140353,1.048197768628248,2.203784751137651,2.5286551737123983,2.5286551737123983,,100,0,True,1,0,0,100,0,0,11.201726093063495,,3.1517554364041627,,RAW_WINDOWS_DT30_DISTANCE400_V1,100,100,0,1.0,,100,2.5286551737123983,1.1157391610140353,2.5286551737123983,,0,5,1.428222163622157e-10,0,0,0,0,1,1,11.201726093063495,NO_RAW_BREAK_CROSSING,S0,UNIFORM,PROCESSED,91a5a3b25e4563780da776a06e70bfc2282c94350b29d927e05856b3498a5558
5072,109,42,0.3853211009174312,,True,False,False,4,4,59,101,42,0.5841584158415842,,4.741245556487599,0.9014939164858164,0.0,3.014185029986216,3.9216312644156535,4.542003064227665,,101,0,True,7,1,4,51,0,0,7768.386994893242,,6416.437023766017,,RAW_WINDOWS_DT30_DISTANCE400_V1,109,105,4,0.963302752293578,,105,23.367231247383373,1.366458445203354,4.49707501210989,,3,5,2.2512880357231511e-10,6,0,0,2,7,6,6537.289446101262,NO_RAW_BREAK_CROSSING,R0,UNIFORM,PROCESSED,903af8262eb2f656450a3322af0adddf183869a19e4c6e9b140468b463bdbac7
5072,109,45,0.41284403669724773,,True,False,False,0,4,60,105,45,0.5714285714285714,,4.741245556487599,0.8683102619368053,0.0,3.010373010051963,3.8996291891617316,4.540205942142954,,105,0,True,7,0,4,54,0,0,7768.386994893242,,6485.016189087968,,RAW_WINDOWS_DT30_DISTANCE400_V1,109,109,0,1.0,,109,23.367231247383373,1.3174296209600849,4.49707501210989,,3,5,2.2512880357231511e-10,6,0,0,0,7,7,6537.289446101262,NO_RAW_BREAK_CROSSING,S0,UNIFORM,PROCESSED,42977d33d58b9852f4ced64a14aa52cb49dc166671b229532f874dc9281e0cce
1616,98,0,0.0,,False,True,True,98,0,0,0,0,,EMPTY_DP_REFERENCE_DENOMINATOR,,,,,,,EMPTY_DP_REFERENCE,0,0,True,1,1,0,0,0,0,18.541032720581224,,,EMPTY_OUTPUT,RAW_WINDOWS_DT30_DISTANCE400_V1,98,0,98,0.0,,0,,,,NO_COVERED_RAW_POINTS,0,5,2.031617366829525e-11,0,0,0,0,1,0,18.541032720581224,NO_RAW_BREAK_CROSSING,R0,UNIFORM,ALL_FILTERED,4d04307dd06f21fa058c08a2db7ef9daa14fead038cf12b31de13287fd629984
1616,98,2,0.02040816326530612,,True,False,False,0,0,96,98,2,0.9795918367346939,,0.5627315329983316,0.26730463115590025,0.22566785977584503,0.4743036042363178,0.5627315329983316,0.5627315329983316,,98,0,True,1,0,0,98,0,0,18.541032720581224,,18.370130964894603,,RAW_WINDOWS_DT30_DISTANCE400_V1,98,98,0,1.0,,98,0.5627315329983316,0.26730463115590025,0.5627315329983316,,0,5,2.031617366829525e-11,0,0,0,0,1,1,18.541032720581224,NO_RAW_BREAK_CROSSING,S0,UNIFORM,PROCESSED,a1ea8f8ffc80d49539b80fda774154de4ba0e1f8a9dac3297e3b59faf3cb90b1
4015,99,5,0.050505050505050504,,True,False,False,0,11,83,88,5,0.9431818181818182,,4.906251710943529,1.3827635654674824,1.094024392034615,2.8511689609939608,3.9405127180343,4.705474365624896,,88,0,True,1,0,11,6,0,0,96.33867499994241,,47.93403015657443,,RAW_WINDOWS_DT30_DISTANCE400_V1,99,99,0,1.0,,99,4.906251710943529,1.346546210130981,3.8351668600813236,,0,5,2.855490546857236e-11,0,0,0,0,1,1,96.33867499994241,NO_RAW_BREAK_CROSSING,R0,UNIFORM,PROCESSED,e7317ce837b3ed1cb08a0f81cf0cd3c0de633b08e235289ea523c0d080f72d0c
4015,99,5,0.050505050505050504,,True,False,False,0,11,83,88,5,0.9431818181818182,,4.906251710943529,1.3827635654674824,1.094024392034615,2.8511689609939608,3.9405127180343,4.705474365624896,,88,0,True,1,0,11,6,0,0,96.33867499994241,,47.93403015657443,,RAW_WINDOWS_DT30_DISTANCE400_V1,99,99,0,1.0,,99,4.906251710943529,1.346546210130981,3.8351668600813236,,0,5,2.855490546857236e-11,0,0,0,0,1,1,96.33867499994241,NO_RAW_BREAK_CROSSING,S0,UNIFORM,PROCESSED,1e7be0b1a0c7fc3414281fd20240d6cb24c798ef98be085c3f6fb71df9f9083e
1252,99,0,0.0,,False,True,True,99,0,0,0,0,,EMPTY_DP_REFERENCE_DENOMINATOR,,,,,,,EMPTY_DP_REFERENCE,0,0,True,1,1,0,0,0,0,3.700489039072102,,,EMPTY_OUTPUT,RAW_WINDOWS_DT30_DISTANCE400_V1,99,0,99,0.0,,0,,,,NO_COVERED_RAW_POINTS,0,5,2.89745720351433e-10,0,0,0,0,1,0,3.700489039072102,NO_RAW_BREAK_CROSSING,R0,UNIFORM,ALL_FILTERED,b3ecf3e4896e3e1ff7a25d01d64c8a2ee9db38f4a2fd8bd170c4d6e97d544ccc
1252,99,2,0.020202020202020204,,True,False,False,0,0,97,99,2,0.9797979797979798,,0.5745002925870557,0.3016898673730438,0.3191668250663781,0.5435915035423616,0.5684529205431859,0.5745002925870557,,99,0,True,1,0,0,99,0,0,3.700489039072102,,3.142165735470665,,RAW_WINDOWS_DT30_DISTANCE400_V1,99,99,0,1.0,,99,0.5745002925870557,0.3016898673730438,0.5684529205431859,,0,5,2.89745720351433e-10,0,0,0,0,1,1,3.700489039072102,NO_RAW_BREAK_CROSSING,S0,UNIFORM,PROCESSED,8fc90582d85e76a266334e268da38e94e5ad99b3861d7f4841e681d4b6699322
4663,99,0,0.0,,False,True,True,99,0,0,0,0,,EMPTY_DP_REFERENCE_DENOMINATOR,,,,,,,EMPTY_DP_REFERENCE,0,0,True,1,1,0,0,0,0,6.476356660871871,,,EMPTY_OUTPUT,RAW_WINDOWS_DT30_DISTANCE400_V1,99,0,99,0.0,,0,,,,NO_COVERED_RAW_POINTS,0,5,1.4417947395077694e-10,0,0,0,0,1,0,6.476356660871871,NO_RAW_BREAK_CROSSING,R0,UNIFORM,ALL_FILTERED,61bb2e4b58ff9b6a5da1f0975feb66527ba305715b7063d0ca661890a724869c
4663,99,2,0.020202020202020204,,True,False,False,0,0,97,99,2,0.9797979797979798,,0.5325619207291425,0.21413808678780344,0.21066532135243712,0.4503180401547639,0.5325619207291425,0.5325619207291425,,99,0,True,1,0,0,99,0,0,6.476356660871871,,6.265605664180147,,RAW_WINDOWS_DT30_DISTANCE400_V1,99,99,0,1.0,,99,0.5325619207291425,0.21413808678780344,0.5325619207291425,,0,5,1.4417947395077694e-10,0,0,0,0,1,1,6.476356660871871,NO_RAW_BREAK_CROSSING,S0,UNIFORM,PROCESSED,15cb9f72f7096a4c99535865aa5f29851ad8bf578cef97c99a525529ab250cbd
448,166,61,0.3674698795180723,,True,False,False,0,14,91,152,61,0.5986842105263157,,4.462064044648448,1.038879863009718,0.3875331375179752,2.8639476295943203,3.3792245022613425,4.295241777810348,,152,0,True,2,0,14,31,0,0,8218.996399390462,,8094.946875902166,,RAW_WINDOWS_DT30_DISTANCE400_V1,166,166,0,1.0,,166,39.81706372119247,1.8224764845520078,6.229408815207055,,10,5,2.2336000060984608e-10,1,0,0,0,2,2,8156.7667004726,NO_RAW_BREAK_CROSSING,R0,UNIFORM,PROCESSED,f1f886cbbc7b9b43879f3568492342f8b34c582f3da82e59a5bf149898bf39c1
448,166,61,0.3674698795180723,,True,False,False,0,14,91,152,61,0.5986842105263157,,4.462064044648448,1.038879863009718,0.3875331375179752,2.8639476295943203,3.3792245022613425,4.295241777810348,,152,0,True,2,0,14,31,0,0,8218.996399390462,,8094.946875902166,,RAW_WINDOWS_DT30_DISTANCE400_V1,166,166,0,1.0,,166,39.81706372119247,1.8224764845520078,6.229408815207055,,10,5,2.2336000060984608e-10,1,0,0,0,2,2,8156.7667004726,NO_RAW_BREAK_CROSSING,S0,UNIFORM,PROCESSED,9468ba9ae5b35393593a1c925d7d3ec003a6c36bde6a692df8e314ace23ed234
10292,99,33,0.3333333333333333,,True,False,False,4,0,62,95,33,0.6526315789473685,,4.096767842424672,0.7959613815434575,0.330980593876087,2.4457617338980007,3.1663011662697937,4.02535542106695,,95,0,True,2,1,0,36,0,0,6094.961755513912,,5911.855233125151,,RAW_WINDOWS_DT30_DISTANCE400_V1,99,95,4,0.9595959595959596,,95,4.096767842424672,0.7959613815434575,3.1663011662697937,,0,5,2.926225477914364e-10,1,0,0,1,2,1,6079.503578763211,NO_RAW_BREAK_CROSSING,R0,UNIFORM,PROCESSED,4461db7683668e18d57a23e9dac110ce42cf131436b8a47d744e3ae58e9fb33a
10292,99,37,0.37373737373737376,,True,False,False,0,0,62,99,37,0.6262626262626263,,4.096767842424672,0.7638013257235198,0.18080493962528402,2.395506745140609,3.123292270318348,4.022316594626196,,99,0,True,2,0,0,39,0,0,6094.961755513912,,6076.5266011104995,,RAW_WINDOWS_DT30_DISTANCE400_V1,99,99,0,1.0,,99,4.096767842424672,0.7638013257235198,3.123292270318348,,0,5,2.926225477914364e-10,1,0,0,0,2,2,6079.503578763211,NO_RAW_BREAK_CROSSING,S0,UNIFORM,PROCESSED,569e44026d9adf444631b5cce4091ceeeeae931416783ea1f23dde697967ca0e
9631,100,0,0.0,,False,True,True,100,0,0,0,0,,EMPTY_DP_REFERENCE_DENOMINATOR,,,,,,,EMPTY_DP_REFERENCE,0,0,True,1,1,0,0,0,0,4.664918866181976,,,EMPTY_OUTPUT,RAW_WINDOWS_DT30_DISTANCE400_V1,100,0,100,0.0,,0,,,,NO_COVERED_RAW_POINTS,0,5,1.715150754428006e-10,0,0,0,0,1,0,4.664918866181976,NO_RAW_BREAK_CROSSING,R0,UNIFORM,ALL_FILTERED,373802008ce64ec5f5ec6f5922e16260758fe4f788984467a09e0410917a2e82
9631,100,2,0.02,,True,False,False,0,0,98,100,2,0.98,,0.47482291957416406,0.23862899503691795,0.2434989646675904,0.35429099036323264,0.47482291957416406,0.47482291957416406,,100,0,True,1,0,0,100,0,0,4.664918866181976,,4.333328096445516,,RAW_WINDOWS_DT30_DISTANCE400_V1,100,100,0,1.0,,100,0.47482291957416406,0.23862899503691795,0.47482291957416406,,0,5,1.715150754428006e-10,0,0,0,0,1,1,4.664918866181976,NO_RAW_BREAK_CROSSING,S0,UNIFORM,PROCESSED,f8ff808a1192a1f1cd0cc68185387b5610406aede5a372ac2e0e072c3f670051
7532,98,0,0.0,,False,True,True,98,0,0,0,0,,EMPTY_DP_REFERENCE_DENOMINATOR,,,,,,,EMPTY_DP_REFERENCE,0,0,True,1,1,0,0,0,0,15.456150756612185,,,EMPTY_OUTPUT,RAW_WINDOWS_DT30_DISTANCE400_V1,98,0,98,0.0,,0,,,,NO_COVERED_RAW_POINTS,0,5,3.549321619647358e-10,0,0,0,0,1,0,15.456150756612185,NO_RAW_BREAK_CROSSING,R0,UNIFORM,ALL_FILTERED,59be3a52e06976804483fa99788a8dc9347a2ef4db755c7874addc3b96471c81
7532,98,2,0.02040816326530612,,True,False,False,0,0,96,98,2,0.9795918367346939,,1.7327824484100607,0.8195265925551615,0.8540276236671642,1.6224633667101598,1.706914986032915,1.7327824484100607,,98,0,True,1,0,0,98,0,0,15.456150756612185,,11.101038267788804,,RAW_WINDOWS_DT30_DISTANCE400_V1,98,98,0,1.0,,98,1.7327824484100607,0.8195265925551615,1.706914986032915,,0,5,3.549321619647358e-10,0,0,0,0,1,1,15.456150756612185,NO_RAW_BREAK_CROSSING,S0,UNIFORM,PROCESSED,341a6b62813ae5b91f5b2b080cf920f63055fa16384ab18b266d16132509c5bc
5886,110,32,0.2909090909090909,,True,False,False,2,1,75,107,32,0.7009345794392523,,4.579454266525544,1.1904506641012058,0.5273449165368086,4.47103890955552,4.579454266525544,4.579454266525544,,107,0,True,6,1,1,49,0,0,9663.131145001635,,7575.18706491248,,RAW_WINDOWS_DT30_DISTANCE400_V1,110,108,2,0.9818181818181818,,108,125.16526037941756,2.3383655688726535,4.579454266525544,,1,5,1.658272146432021e-10,5,0,0,2,6,5,7933.117112547809,NO_RAW_BREAK_CROSSING,R0,UNIFORM,PROCESSED,498617027617407b76b56125872ed58609ca6abe45d6f5e6734b08be116ee65f
5886,110,34,0.3090909090909091,,True,False,False,0,1,75,109,34,0.6880733944954128,,4.579454266525544,1.1686075326498075,0.4254238918459688,4.47103890955552,4.579454266525544,4.579454266525544,,109,0,True,6,0,1,51,0,0,9663.131145001635,,7679.012267834674,,RAW_WINDOWS_DT30_DISTANCE400_V1,110,110,0,1.0,,110,125.16526037941756,2.295849831256787,4.579454266525544,,1,5,1.658272146432021e-10,5,0,0,0,6,6,7933.117112547809,NO_RAW_BREAK_CROSSING,S0,UNIFORM,PROCESSED,137e63dea64442f55cd1e332ab4cb44aacf88eb4d0bab744ab201e182fe09a33
7481,124,64,0.5161290322580645,,True,False,False,0,11,49,113,64,0.4336283185840708,,4.937350532821177,0.8245467654549224,0.0,2.864437170652349,3.7940551839452574,4.8908848325407295,,113,0,True,2,0,11,6,0,0,8412.884570819513,,7840.213548239369,,RAW_WINDOWS_DT30_DISTANCE400_V1,124,124,0,1.0,,124,14.173315723650248,1.188888080735306,4.12404577112978,,3,5,2.510738479325962e-10,1,0,0,0,2,2,7907.953867663929,NO_RAW_BREAK_CROSSING,R0,UNIFORM,PROCESSED,0d24ee2a519eab370cf482a28940e059b8e64009fb61c6e6ca840e3e841c91b9
7481,124,64,0.5161290322580645,,True,False,False,0,11,49,113,64,0.4336283185840708,,4.937350532821177,0.8245467654549224,0.0,2.864437170652349,3.7940551839452574,4.8908848325407295,,113,0,True,2,0,11,6,0,0,8412.884570819513,,7840.213548239369,,RAW_WINDOWS_DT30_DISTANCE400_V1,124,124,0,1.0,,124,14.173315723650248,1.188888080735306,4.12404577112978,,3,5,2.510738479325962e-10,1,0,0,0,2,2,7907.953867663929,NO_RAW_BREAK_CROSSING,S0,UNIFORM,PROCESSED,ab55a00d767159a95cff0e69cf55c44fe9d911e3b394d2c0c546d8b620f8e064
6626,100,0,0.0,,False,True,True,100,0,0,0,0,,EMPTY_DP_REFERENCE_DENOMINATOR,,,,,,,EMPTY_DP_REFERENCE,0,0,True,1,1,0,0,0,0,5.822816618000881,,,EMPTY_OUTPUT,RAW_WINDOWS_DT30_DISTANCE400_V1,100,0,100,0.0,,0,,,,NO_COVERED_RAW_POINTS,0,5,1.7304484624595274e-10,0,0,0,0,1,0,5.822816618000881,NO_RAW_BREAK_CROSSING,R0,UNIFORM,ALL_FILTERED,df57d7b64abae6a45fa09bfd44c25dc30d772856241871cb809c92bbb19627b3
6626,100,2,0.02,,True,False,False,0,0,98,100,2,0.98,,0.43421946633268155,0.19674383146117563,0.1825256819430836,0.3097179917729875,0.43421946633268155,0.43421946633268155,,100,0,True,1,0,0,100,0,0,5.822816618000881,,5.497023926948691,,RAW_WINDOWS_DT30_DISTANCE400_V1,100,100,0,1.0,,100,0.43421946633268155,0.19674383146117563,0.43421946633268155,,0,5,1.7304484624595274e-10,0,0,0,0,1,1,5.822816618000881,NO_RAW_BREAK_CROSSING,S0,UNIFORM,PROCESSED,63928a8346440242c5ac6c5401654ad34a5ef75076e9d2cf101ceb91d4892c9f
3758,105,24,0.22857142857142856,,True,False,False,3,12,66,90,24,0.7333333333333334,,4.675784330250866,0.9105005403087822,0.6005244242117768,2.059270049197167,3.089449665982259,4.675784330250866,,90,0,True,2,1,12,53,0,0,4493.249471802243,,3320.3006242457154,,RAW_WINDOWS_DT30_DISTANCE400_V1,105,102,3,0.9714285714285714,,102,11.977006643259672,1.3792655844409616,4.675784330250866,,4,5,6.267474954645093e-10,1,0,0,1,2,1,3928.933675260275,NO_RAW_BREAK_CROSSING,R0,UNIFORM,PROCESSED,58149fed9afcd62ab816989ce88cd0382961c869296c6da753e2dd8d8e09c27c
3758,105,26,0.24761904761904763,,True,False,False,0,12,67,93,26,0.7204301075268817,,4.675784330250866,0.8892162308660062,0.5813689803194528,1.9719273255794085,3.0758528879285154,4.675784330250866,,93,0,True,2,0,12,56,0,0,4493.249471802243,,3859.614716322014,,RAW_WINDOWS_DT30_DISTANCE400_V1,105,105,0,1.0,,105,11.977006643259672,1.3470204805307262,4.675784330250866,,4,5,6.267474954645093e-10,1,0,0,0,2,2,3928.933675260275,NO_RAW_BREAK_CROSSING,S0,UNIFORM,PROCESSED,1686640431fa3604fbe81ab612cc5728e00eb2ad6cacf08574d23fa08a9b692e
9649,128,65,0.5078125,,True,False,False,0,1,62,127,65,0.4881889763779528,,4.834395942272406,0.7161434801173464,0.0,2.785101040461599,3.311231492771586,4.625368339663957,,127,0,True,2,0,1,35,0,0,10665.394700046132,,9806.643853418773,,RAW_WINDOWS_DT30_DISTANCE400_V1,128,128,0,1.0,,128,59.022019235896636,1.1716581344593722,3.4761814507640842,,1,5,2.498149184409114e-10,1,0,0,0,2,2,9869.68152530971,NO_RAW_BREAK_CROSSING,R0,UNIFORM,PROCESSED,79be7abcc7c62fa97b25f9f8fb8415b6d79c162d85bea8b97936e68b17454372
9649,128,65,0.5078125,,True,False,False,0,1,62,127,65,0.4881889763779528,,4.834395942272406,0.7161434801173464,0.0,2.785101040461599,3.311231492771586,4.625368339663957,,127,0,True,2,0,1,35,0,0,10665.394700046132,,9806.643853418773,,RAW_WINDOWS_DT30_DISTANCE400_V1,128,128,0,1.0,,128,59.022019235896636,1.1716581344593722,3.4761814507640842,,1,5,2.498149184409114e-10,1,0,0,0,2,2,9869.68152530971,NO_RAW_BREAK_CROSSING,S0,UNIFORM,PROCESSED,f10dcaf9c93a60d31a3b64d312525fe033f98cccc0220d372e950833083f3223
6540,99,0,0.0,,False,True,True,99,0,0,0,0,,EMPTY_DP_REFERENCE_DENOMINATOR,,,,,,,EMPTY_DP_REFERENCE,0,0,True,1,1,0,0,0,0,0.0,,,EMPTY_OUTPUT,RAW_WINDOWS_DT30_DISTANCE400_V1,99,0,99,0.0,,0,,,,NO_COVERED_RAW_POINTS,0,5,9.30717247361175e-11,0,0,0,0,1,0,0.0,NO_RAW_BREAK_CROSSING,R0,UNIFORM,ALL_FILTERED,8717dd62105d85d24ca65e695e3c8c7342dde6e21da611b9d72b9954b79eb23f
6540,99,2,0.020202020202020204,,True,False,False,0,0,97,99,2,0.9797979797979798,,0.0,0.0,0.0,0.0,0.0,0.0,,99,0,True,1,0,0,99,0,0,0.0,,0.0,,RAW_WINDOWS_DT30_DISTANCE400_V1,99,99,0,1.0,,99,0.0,0.0,0.0,,0,5,9.30717247361175e-11,0,0,0,0,1,1,0.0,NO_RAW_BREAK_CROSSING,S0,UNIFORM,PROCESSED,7131dfd0ade3c51578b949d1e474f1c789b60397fd0e49eb7e775bde43c7ef50
5057,100,0,0.0,,False,True,True,100,0,0,0,0,,EMPTY_DP_REFERENCE_DENOMINATOR,,,,,,,EMPTY_DP_REFERENCE,0,0,True,1,1,0,0,0,0,27.475848168091957,,,EMPTY_OUTPUT,RAW_WINDOWS_DT30_DISTANCE400_V1,100,0,100,0.0,,0,,,,NO_COVERED_RAW_POINTS,0,5,7.579734806043365e-10,0,0,0,0,1,0,27.475848168091957,NO_RAW_BREAK_CROSSING,R0,UNIFORM,ALL_FILTERED,fdccfc920f3f70d0b7a1789cb84d0c957d939c8b501087f4dd3e0ce8e2ef4930
5057,100,2,0.02,,True,False,False,0,0,98,100,2,0.98,,4.51563210700433,0.9063499205022728,0.4820677696854879,2.650151423768814,3.667928747372989,4.51563210700433,,100,0,True,1,0,0,100,0,0,27.475848168091957,,4.123520127655681,,RAW_WINDOWS_DT30_DISTANCE400_V1,100,100,0,1.0,,100,4.51563210700433,0.9063499205022728,3.667928747372989,,0,5,7.579734806043365e-10,0,0,0,0,1,1,27.475848168091957,NO_RAW_BREAK_CROSSING,S0,UNIFORM,PROCESSED,c0431d6ca813269f7fc87ca38e60aea54eb974cd5be735e0f4d18f9dd5576fcd
9227,100,0,0.0,,False,True,True,100,0,0,0,0,,EMPTY_DP_REFERENCE_DENOMINATOR,,,,,,,EMPTY_DP_REFERENCE,0,0,True,1,1,0,0,0,0,9.492545336294691,,,EMPTY_OUTPUT,RAW_WINDOWS_DT30_DISTANCE400_V1,100,0,100,0.0,,0,,,,NO_COVERED_RAW_POINTS,0,5,1.0353027719801883e-10,0,0,0,0,1,0,9.492545336294691,NO_RAW_BREAK_CROSSING,R0,UNIFORM,ALL_FILTERED,05d5ece675871e7e79373a210aad217e537b467c7837e9a0dc499b2ae84cc00f
9227,100,2,0.02,,True,False,False,0,0,98,100,2,0.98,,1.5607879072728774,0.7181464477055579,0.721418469786266,1.2700260393623448,1.2845641327578705,1.5607879072728774,,100,0,True,1,0,0,100,0,0,9.492545336294691,,3.843379989456651,,RAW_WINDOWS_DT30_DISTANCE400_V1,100,100,0,1.0,,100,1.5607879072728774,0.7181464477055579,1.2845641327578705,,0,5,1.0353027719801883e-10,0,0,0,0,1,1,9.492545336294691,NO_RAW_BREAK_CROSSING,S0,UNIFORM,PROCESSED,68afe2d224b0a4aebe4426b41a47f5a68e4bad0f97e13df1adc6742f78155f75
2867,99,0,0.0,,False,True,True,99,0,0,0,0,,EMPTY_DP_REFERENCE_DENOMINATOR,,,,,,,EMPTY_DP_REFERENCE,0,0,True,1,1,0,0,0,0,17.300221180151205,,,EMPTY_OUTPUT,RAW_WINDOWS_DT30_DISTANCE400_V1,99,0,99,0.0,,0,,,,NO_COVERED_RAW_POINTS,0,5,8.884063173478225e-11,0,0,0,0,1,0,17.300221180151205,NO_RAW_BREAK_CROSSING,R0,UNIFORM,ALL_FILTERED,e7eb34fbfcf494e0ff2424b2e566c9bedfc5484d61e2357bd065f116e7877a24
2867,99,2,0.020202020202020204,,True,False,False,0,0,97,99,2,0.9797979797979798,,2.185318830163191,0.8509459343789226,0.5959959037006941,2.0051010925253028,2.025677085818748,2.185318830163191,,99,0,True,1,0,0,99,0,0,17.300221180151205,,5.947366903249195,,RAW_WINDOWS_DT30_DISTANCE400_V1,99,99,0,1.0,,99,2.185318830163191,0.8509459343789226,2.025677085818748,,0,5,8.884063173478225e-11,0,0,0,0,1,1,17.300221180151205,NO_RAW_BREAK_CROSSING,S0,UNIFORM,PROCESSED,ba61fc5b789f7d9c023089e49973b99b11ea3fa14e0d2c8f0e6b915cd5532d1c
1260,100,0,0.0,,False,True,True,100,0,0,0,0,,EMPTY_DP_REFERENCE_DENOMINATOR,,,,,,,EMPTY_DP_REFERENCE,0,0,True,1,1,0,0,0,0,6.199972697327402,,,EMPTY_OUTPUT,RAW_WINDOWS_DT30_DISTANCE400_V1,100,0,100,0.0,,0,,,,NO_COVERED_RAW_POINTS,0,5,1.0871357751862112e-10,0,0,0,0,1,0,6.199972697327402,NO_RAW_BREAK_CROSSING,R0,UNIFORM,ALL_FILTERED,7db425bf7122ec66e5347a43ce1cd19d87b55471519d6b8f8bccd47ba6c14f3d
1260,100,2,0.02,,True,False,False,0,0,98,100,2,0.98,,0.3291097440599161,0.10029194809780394,0.06841995948222056,0.2573985985076672,0.3291097440599161,0.3291097440599161,,100,0,True,1,0,0,100,0,0,6.199972697327402,,6.091893973016183,,RAW_WINDOWS_DT30_DISTANCE400_V1,100,100,0,1.0,,100,0.3291097440599161,0.10029194809780394,0.3291097440599161,,0,5,1.0871357751862112e-10,0,0,0,0,1,1,6.199972697327402,NO_RAW_BREAK_CROSSING,S0,UNIFORM,PROCESSED,744e63e1c0b2eee7de06f62f8ff183406bf69f969e4d6b4ba6c0b3d39dad15cd
9798,102,48,0.47058823529411764,,True,False,False,0,1,53,101,48,0.5247524752475248,,4.638806465690495,1.056837779061197,0.0,3.4292942568814495,3.4292942568814495,4.425121618170252,,101,0,True,3,0,1,33,0,0,9339.50200416228,,8433.052745108836,,RAW_WINDOWS_DT30_DISTANCE400_V1,102,102,0,1.0,,102,29.401765945097726,1.3347292316693982,3.4292942568814495,,1,5,3.2604620119380945e-10,2,0,0,0,3,3,8449.398996204583,NO_RAW_BREAK_CROSSING,R0,UNIFORM,PROCESSED,854e762ead4b80148cb0754de645985b5c06b70cd48f570dd88e5ca1b550887c
9798,102,48,0.47058823529411764,,True,False,False,0,1,53,101,48,0.5247524752475248,,4.638806465690495,1.056837779061197,0.0,3.4292942568814495,3.4292942568814495,4.425121618170252,,101,0,True,3,0,1,33,0,0,9339.50200416228,,8433.052745108836,,RAW_WINDOWS_DT30_DISTANCE400_V1,102,102,0,1.0,,102,29.401765945097726,1.3347292316693982,3.4292942568814495,,1,5,3.2604620119380945e-10,2,0,0,0,3,3,8449.398996204583,NO_RAW_BREAK_CROSSING,S0,UNIFORM,PROCESSED,db0b081b0421ce7b468a1a766e57ae5fffb79dacd95a3e7cc1410289cae37077
10881,100,18,0.18,,True,False,False,0,7,75,93,18,0.8064516129032258,,4.601727999277164,0.9977582963342192,0.6194845647045569,2.684678243444729,3.7228782540796215,4.421501126370997,,93,0,True,1,0,7,51,0,0,659.1596742835736,,571.5852010130419,,RAW_WINDOWS_DT30_DISTANCE400_V1,100,100,0,1.0,,100,6.251309637021074,1.1304634770767685,3.773001197507433,,2,5,1.4646643110871123e-10,0,0,0,0,1,1,659.1596742835736,NO_RAW_BREAK_CROSSING,R0,UNIFORM,PROCESSED,b518ce63ad3de2dfbbb6622f63d284c69dcaa1752262c508b4dcdbd135cd979f
10881,100,18,0.18,,True,False,False,0,7,75,93,18,0.8064516129032258,,4.601727999277164,0.9977582963342192,0.6194845647045569,2.684678243444729,3.7228782540796215,4.421501126370997,,93,0,True,1,0,7,51,0,0,659.1596742835736,,571.5852010130419,,RAW_WINDOWS_DT30_DISTANCE400_V1,100,100,0,1.0,,100,6.251309637021074,1.1304634770767685,3.773001197507433,,2,5,1.4646643110871123e-10,0,0,0,0,1,1,659.1596742835736,NO_RAW_BREAK_CROSSING,S0,UNIFORM,PROCESSED,f40ea1a67c03742577d2f1de84b33e3131299064c360b63a55a93c2b15b62c7a
902,98,16,0.16326530612244897,,True,False,False,16,3,63,79,16,0.7974683544303798,,4.7969950590751465,0.7317290172182805,0.5054458725867899,1.4690158239255011,3.3099306617907427,3.8071214925053223,,79,0,True,7,4,3,63,0,0,3037.2565812069347,,1661.0229562197514,,RAW_WINDOWS_DT30_DISTANCE400_V1,98,82,16,0.8367346938775511,,82,24.014623245388822,1.1442016115578155,3.314012929485322,,2,5,1.1833074030455646e-10,6,0,0,7,7,3,1745.6414973108215,NO_RAW_BREAK_CROSSING,R0,UNIFORM,PROCESSED,de2c1c449f01cb2d4138e826d4194770afbadc502307a8ceb5859c46acdc983c
902,98,24,0.24489795918367346,,True,False,False,0,4,70,94,24,0.7446808510638299,,4.7969950590751465,0.6366183866510355,0.3273187630487463,1.3719243795277118,3.145626244374291,3.6167611912418876,,94,0,True,7,0,4,78,0,0,3037.2565812069347,,1692.3500691347715,,RAW_WINDOWS_DT30_DISTANCE400_V1,98,98,0,1.0,,98,24.014623245388822,0.9863290215793455,3.310575230374097,,2,5,1.1833074030455646e-10,6,0,0,0,7,7,1745.6414973108215,NO_RAW_BREAK_CROSSING,S0,UNIFORM,PROCESSED,28bbb287accf73a5533c702c258c044847f47f4c481aa8ae0bbf298de28b52ec
248,127,48,0.3779527559055118,,True,False,False,0,12,67,115,48,0.5826086956521739,,4.935642013762324,1.0233048466679349,0.0,3.866269780825159,4.063622357549127,4.524320125502018,,115,0,True,1,0,12,52,0,0,5393.888220790199,,5356.041629073478,,RAW_WINDOWS_DT30_DISTANCE400_V1,127,127,0,1.0,,127,9.529139910184773,1.4090023817388666,5.0879000333013895,,7,5,1.8388456445371109e-10,0,0,0,0,1,1,5393.888220790199,NO_RAW_BREAK_CROSSING,R0,UNIFORM,PROCESSED,2f4459c9e66fd08992dc7e1a7b0a99d69d2cf85575af0fb4751f0d5bccac015e
248,127,48,0.3779527559055118,,True,False,False,0,12,67,115,48,0.5826086956521739,,4.935642013762324,1.0233048466679349,0.0,3.866269780825159,4.063622357549127,4.524320125502018,,115,0,True,1,0,12,52,0,0,5393.888220790199,,5356.041629073478,,RAW_WINDOWS_DT30_DISTANCE400_V1,127,127,0,1.0,,127,9.529139910184773,1.4090023817388666,5.0879000333013895,,7,5,1.8388456445371109e-10,0,0,0,0,1,1,5393.888220790199,NO_RAW_BREAK_CROSSING,S0,UNIFORM,PROCESSED,7c101ff75adbe589cd47df66dfb322464eaa68bf2c75044d2a010708f2a86815
8716,100,0,0.0,,False,True,True,100,0,0,0,0,,EMPTY_DP_REFERENCE_DENOMINATOR,,,,,,,EMPTY_DP_REFERENCE,0,0,True,1,1,0,0,0,0,10.880029655306487,,,EMPTY_OUTPUT,RAW_WINDOWS_DT30_DISTANCE400_V1,100,0,100,0.0,,0,,,,NO_COVERED_RAW_POINTS,0,5,1.0892322940626696e-10,0,0,0,0,1,0,10.880029655306487,NO_RAW_BREAK_CROSSING,R0,UNIFORM,ALL_FILTERED,88977a6279e68b6824bf30f4ccede3474f95ec5273d4a635ebe4c641792a931d
8716,100,2,0.02,,True,False,False,0,0,98,100,2,0.98,,0.8270185724395015,0.2005769208167182,0.17427119304837949,0.30996841569346667,0.47227435865095446,0.8270185724395015,,100,0,True,1,0,0,100,0,0,10.880029655306487,,8.905048376766407,,RAW_WINDOWS_DT30_DISTANCE400_V1,100,100,0,1.0,,100,0.8270185724395015,0.2005769208167182,0.47227435865095446,,0,5,1.0892322940626696e-10,0,0,0,0,1,1,10.880029655306487,NO_RAW_BREAK_CROSSING,S0,UNIFORM,PROCESSED,0d4df46222111a260734183dab0f2c829e20855217a8369fe49ccd24976f87b4
3195,148,57,0.38513513513513514,,True,False,False,0,5,86,143,57,0.6013986013986015,,4.836650898878177,1.1079720822424584,0.37186060905189894,3.2669666190787567,3.8984788692595327,4.594219267202798,,143,0,True,5,0,5,20,0,0,13377.112265746164,,11659.59894647196,,RAW_WINDOWS_DT30_DISTANCE400_V1,148,148,0,1.0,,148,11.103801108911394,1.3558053163593697,4.344133421279209,,5,5,7.655091716936639e-10,4,0,0,0,5,5,11702.378430127692,NO_RAW_BREAK_CROSSING,R0,UNIFORM,PROCESSED,58e368cd9e05157682267733aac864ba7591a112eb5f294f7c9e4ee3e9c40577
3195,148,57,0.38513513513513514,,True,False,False,0,5,86,143,57,0.6013986013986015,,4.836650898878177,1.1079720822424584,0.37186060905189894,3.2669666190787567,3.8984788692595327,4.594219267202798,,143,0,True,5,0,5,20,0,0,13377.112265746164,,11659.59894647196,,RAW_WINDOWS_DT30_DISTANCE400_V1,148,148,0,1.0,,148,11.103801108911394,1.3558053163593697,4.344133421279209,,5,5,7.655091716936639e-10,4,0,0,0,5,5,11702.378430127692,NO_RAW_BREAK_CROSSING,S0,UNIFORM,PROCESSED,7e6d60b1d413dbdf4b27c391d1ff2d6a8960e899a78f636ca5fec356268b1a34
3693,100,9,0.09,,True,False,False,0,12,79,88,9,0.8977272727272727,,3.6297766711888433,1.1362451335703765,0.6623439680697487,3.029980921324792,3.3228817613508324,3.5398715863039296,,88,0,True,1,0,12,4,0,0,117.43845858296972,,90.41730919509666,,RAW_WINDOWS_DT30_DISTANCE400_V1,100,100,0,1.0,,100,3.6297766711888433,1.1921123124921598,3.360771091530643,,0,5,3.124257247125965e-10,0,0,0,0,1,1,117.43845858296972,NO_RAW_BREAK_CROSSING,R0,UNIFORM,PROCESSED,c6e7e72dd8f12327ccc669f859aee0bfa41b7af70ab9eee6613cd09ec4e54ae7
3693,100,9,0.09,,True,False,False,0,12,79,88,9,0.8977272727272727,,3.6297766711888433,1.1362451335703765,0.6623439680697487,3.029980921324792,3.3228817613508324,3.5398715863039296,,88,0,True,1,0,12,4,0,0,117.43845858296972,,90.41730919509666,,RAW_WINDOWS_DT30_DISTANCE400_V1,100,100,0,1.0,,100,3.6297766711888433,1.1921123124921598,3.360771091530643,,0,5,3.124257247125965e-10,0,0,0,0,1,1,117.43845858296972,NO_RAW_BREAK_CROSSING,S0,UNIFORM,PROCESSED,6c92e6faa3dae2355837903ec2fef7b83ee99205e8539446fc8694614b502f51
50,99,0,0.0,,False,True,True,99,0,0,0,0,,EMPTY_DP_REFERENCE_DENOMINATOR,,,,,,,EMPTY_DP_REFERENCE,0,0,True,1,1,0,0,0,0,8.628287710062985,,,EMPTY_OUTPUT,RAW_WINDOWS_DT30_DISTANCE400_V1,99,0,99,0.0,,0,,,,NO_COVERED_RAW_POINTS,0,5,3.76627720618137e-10,0,0,0,0,1,0,8.628287710062985,NO_RAW_BREAK_CROSSING,R0,UNIFORM,ALL_FILTERED,dc14a6ff33e64e84d6d5aa61bac9d383422a79d3252110fdd1144cde295585f3
50,99,2,0.020202020202020204,,True,False,False,0,0,97,99,2,0.9797979797979798,,1.06160660814943,0.3870439572601793,0.22174102420013042,0.8232662279940275,0.9337531868969302,1.06160660814943,,99,0,True,1,0,0,99,0,0,8.628287710062985,,5.5089416384778875,,RAW_WINDOWS_DT30_DISTANCE400_V1,99,99,0,1.0,,99,1.06160660814943,0.3870439572601793,0.9337531868969302,,0,5,3.76627720618137e-10,0,0,0,0,1,1,8.628287710062985,NO_RAW_BREAK_CROSSING,S0,UNIFORM,PROCESSED,a6ef530bfaeab3745401f412be613fb3a17e09b4a9ba115c48c0746eaa78137b
10615,146,46,0.3150684931506849,,True,False,False,0,12,88,134,46,0.6567164179104478,,4.860548451273877,1.4082475084943056,0.6611866581626056,3.7985860461165326,4.433822406495326,4.651069039474046,,134,0,True,1,0,12,50,0,0,6072.33985035233,,6008.6072611195395,,RAW_WINDOWS_DT30_DISTANCE400_V1,146,146,0,1.0,,146,11.111604911156544,1.8085534138980455,5.598848083745526,,10,5,2.3920990546500934e-10,0,0,0,0,1,1,6072.33985035233,NO_RAW_BREAK_CROSSING,R0,UNIFORM,PROCESSED,12a69b76c0e8998aec976f9853490f1957c5262a8d838c3ffdb4177fc081fac8
10615,146,46,0.3150684931506849,,True,False,False,0,12,88,134,46,0.6567164179104478,,4.860548451273877,1.4082475084943056,0.6611866581626056,3.7985860461165326,4.433822406495326,4.651069039474046,,134,0,True,1,0,12,50,0,0,6072.33985035233,,6008.6072611195395,,RAW_WINDOWS_DT30_DISTANCE400_V1,146,146,0,1.0,,146,11.111604911156544,1.8085534138980455,5.598848083745526,,10,5,2.3920990546500934e-10,0,0,0,0,1,1,6072.33985035233,NO_RAW_BREAK_CROSSING,S0,UNIFORM,PROCESSED,1f0ac40a9305999964fda915121ae7d686338c21030cd0a27d5338e3fb40a953
5952,100,0,0.0,,False,True,True,100,0,0,0,0,,EMPTY_DP_REFERENCE_DENOMINATOR,,,,,,,EMPTY_DP_REFERENCE,0,0,True,1,1,0,0,0,0,10.214975142331115,,,EMPTY_OUTPUT,RAW_WINDOWS_DT30_DISTANCE400_V1,100,0,100,0.0,,0,,,,NO_COVERED_RAW_POINTS,0,5,1.8683135653845117e-10,0,0,0,0,1,0,10.214975142331115,NO_RAW_BREAK_CROSSING,R0,UNIFORM,ALL_FILTERED,88750983ecc0a53bf2b3dec5c7c815eab7c6b30f7fa0f7737dc59ab734df0fea
5952,100,2,0.02,,True,False,False,0,0,98,100,2,0.98,,1.7099916111659292,0.8960222403400456,0.8640725649578094,1.5355580274255338,1.581504829770596,1.7099916111659292,,100,0,True,1,0,0,100,0,0,10.214975142331115,,1.105497422774084,,RAW_WINDOWS_DT30_DISTANCE400_V1,100,100,0,1.0,,100,1.7099916111659292,0.8960222403400456,1.581504829770596,,0,5,1.8683135653845117e-10,0,0,0,0,1,1,10.214975142331115,NO_RAW_BREAK_CROSSING,S0,UNIFORM,PROCESSED,84e6bdbad02a91048f1a409650c5cdf40667154988147d2ea0dd7715d949e465
4258,104,21,0.20192307692307693,,True,False,False,17,5,61,82,21,0.7439024390243902,,4.732131309032007,0.7042781958470062,0.33409567863127504,1.7742677031051597,2.3946216599847165,3.6096114688967385,,82,0,True,3,1,5,39,0,0,4374.152331156977,,3467.8252614570847,,RAW_WINDOWS_DT30_DISTANCE400_V1,104,87,17,0.8365384615384616,,87,71.56745070790154,2.144975199691059,4.425511078137451,,4,5,1.395086900444791e-10,2,0,0,2,3,2,3691.2410712101037,NO_RAW_BREAK_CROSSING,R0,UNIFORM,PROCESSED,43de3d21b050e1a63d661d8b7100b58eae8099e949e0589398d92ef6f1b77d7e
4258,104,23,0.22115384615384615,,True,False,False,0,5,76,99,23,0.7676767676767677,,4.732131309032007,0.6025545368199775,0.19020870857232672,1.6965636036995513,2.2648518248845524,3.374020885164643,,99,0,True,3,0,5,56,0,0,4374.152331156977,,3467.8252614570847,,RAW_WINDOWS_DT30_DISTANCE400_V1,104,104,0,1.0,,104,71.56745070790154,1.812643552488898,3.6554999436945943,,4,5,1.395086900444791e-10,2,0,0,0,3,3,3691.2410712101037,NO_RAW_BREAK_CROSSING,S0,UNIFORM,PROCESSED,337792e720211f1701d31dfe00e008f7065a55f8474223fa6c52ae6d53b170d5
3659,108,41,0.37962962962962965,,True,False,False,0,4,63,104,41,0.6057692307692308,,4.630043201753062,1.0105073629066814,0.5896083790336019,2.744455674094522,3.447544729763522,4.182328429388544,,104,0,True,4,0,4,12,0,0,10172.002930948527,,8770.93677302408,,RAW_WINDOWS_DT30_DISTANCE400_V1,108,108,0,1.0,,108,8.403671809841738,1.0684249926218738,3.5226214787046546,,1,5,3.1520080611054754e-10,3,0,0,0,4,4,8807.373684262884,NO_RAW_BREAK_CROSSING,R0,UNIFORM,PROCESSED,5531c1c49152d1f1406e5088447e29e08f3190928585edb00648e2a3344bbd81
3659,108,41,0.37962962962962965,,True,False,False,0,4,63,104,41,0.6057692307692308,,4.630043201753062,1.0105073629066814,0.5896083790336019,2.744455674094522,3.447544729763522,4.182328429388544,,104,0,True,4,0,4,12,0,0,10172.002930948527,,8770.93677302408,,RAW_WINDOWS_DT30_DISTANCE400_V1,108,108,0,1.0,,108,8.403671809841738,1.0684249926218738,3.5226214787046546,,1,5,3.1520080611054754e-10,3,0,0,0,4,4,8807.373684262884,NO_RAW_BREAK_CROSSING,S0,UNIFORM,PROCESSED,fa2c76f289b2a39bf967359cc9d5b78816e922e73b654dcc146f1a217e2dbfb5
2960,100,0,0.0,,False,True,True,100,0,0,0,0,,EMPTY_DP_REFERENCE_DENOMINATOR,,,,,,,EMPTY_DP_REFERENCE,0,0,True,1,1,0,0,0,0,10.013019359445648,,,EMPTY_OUTPUT,RAW_WINDOWS_DT30_DISTANCE400_V1,100,0,100,0.0,,0,,,,NO_COVERED_RAW_POINTS,0,5,2.3060494487273236e-10,0,0,0,0,1,0,10.013019359445648,NO_RAW_BREAK_CROSSING,R0,UNIFORM,ALL_FILTERED,0ca39af79c788fe99a10c82cd6b263838a04fb51ccfe2a2353ac6943e637e6f5
2960,100,2,0.02,,True,False,False,0,0,98,100,2,0.98,,0.9178053976879058,0.43714713052398935,0.48269710951827566,0.7464818054962664,0.9178053976879058,0.9178053976879058,,100,0,True,1,0,0,100,0,0,10.013019359445648,,9.323085064463294,,RAW_WINDOWS_DT30_DISTANCE400_V1,100,100,0,1.0,,100,0.9178053976879058,0.43714713052398935,0.9178053976879058,,0,5,2.3060494487273236e-10,0,0,0,0,1,1,10.013019359445648,NO_RAW_BREAK_CROSSING,S0,UNIFORM,PROCESSED,194a8c0a642a43cb1c3f77d05e1ff868e89488139ea501351e74e767695dcf2f
7769,100,0,0.0,,False,True,True,100,0,0,0,0,,EMPTY_DP_REFERENCE_DENOMINATOR,,,,,,,EMPTY_DP_REFERENCE,0,0,True,1,1,0,0,0,0,4.618264331409297,,,EMPTY_OUTPUT,RAW_WINDOWS_DT30_DISTANCE400_V1,100,0,100,0.0,,0,,,,NO_COVERED_RAW_POINTS,0,5,4.1921903579550804e-10,0,0,0,0,1,0,4.618264331409297,NO_RAW_BREAK_CROSSING,R0,UNIFORM,ALL_FILTERED,f1cdde86386803c9adfb48254743b8fef7ba14bd98f81c67fd0ec4ec3208bd91
7769,100,2,0.02,,True,False,False,0,0,98,100,2,0.98,,0.8185376770576532,0.3601565416552999,0.409268712087115,0.6384592485887454,0.8185376770576532,0.8185376770576532,,100,0,True,1,0,0,100,0,0,4.618264331409297,,2.9078326037324893,,RAW_WINDOWS_DT30_DISTANCE400_V1,100,100,0,1.0,,100,0.8185376770576532,0.3601565416552999,0.8185376770576532,,0,5,4.1921903579550804e-10,0,0,0,0,1,1,4.618264331409297,NO_RAW_BREAK_CROSSING,S0,UNIFORM,PROCESSED,14ab2e6cb8d2d80b0d94c9387844b1220601c2fdfd6c86451c1d02bd579c7517
9852,99,0,0.0,,False,True,True,99,0,0,0,0,,EMPTY_DP_REFERENCE_DENOMINATOR,,,,,,,EMPTY_DP_REFERENCE,0,0,True,1,1,0,0,0,0,9.396330283361744,,,EMPTY_OUTPUT,RAW_WINDOWS_DT30_DISTANCE400_V1,99,0,99,0.0,,0,,,,NO_COVERED_RAW_POINTS,0,5,1.765422947283668e-10,0,0,0,0,1,0,9.396330283361744,NO_RAW_BREAK_CROSSING,R0,UNIFORM,ALL_FILTERED,796ee33b62cdf83fd82aec1b41ce4d814d454e28dda09bb305e80b25d57a0b7f
9852,99,2,0.020202020202020204,,True,False,False,0,0,97,99,2,0.9797979797979798,,0.2520104822050148,0.09477344707619192,0.07789346638388664,0.1988592406107091,0.2520104822050148,0.2520104822050148,,99,0,True,1,0,0,99,0,0,9.396330283361744,,9.211558058233283,,RAW_WINDOWS_DT30_DISTANCE400_V1,99,99,0,1.0,,99,0.2520104822050148,0.09477344707619192,0.2520104822050148,,0,5,1.765422947283668e-10,0,0,0,0,1,1,9.396330283361744,NO_RAW_BREAK_CROSSING,S0,UNIFORM,PROCESSED,4e37e33cbce9346d128ac0b85503a6a21ab9a67d6276ff07f3c899c4806852c4
687,99,0,0.0,,False,True,True,99,0,0,0,0,,EMPTY_DP_REFERENCE_DENOMINATOR,,,,,,,EMPTY_DP_REFERENCE,0,0,True,6,6,0,0,0,0,32.92158615909984,,,EMPTY_OUTPUT,RAW_WINDOWS_DT30_DISTANCE400_V1,99,0,99,0.0,,0,,,,NO_COVERED_RAW_POINTS,0,5,4.160306379619834e-10,5,0,0,10,6,0,32.635349096713675,NO_RAW_BREAK_CROSSING,R0,UNIFORM,ALL_FILTERED,8ff5a9a9c79831c3b9b0fe0317cd905670b105e749387d4f411cdce966aa5346
687,99,12,0.12121212121212122,,True,False,False,0,0,87,99,12,0.8787878787878788,,0.14412182429383447,0.032761623936165475,0.0,0.12064787537593498,0.14412182429383447,0.14412182429383447,,99,0,True,6,0,0,99,0,0,32.92158615909984,,32.534212270374326,,RAW_WINDOWS_DT30_DISTANCE400_V1,99,99,0,1.0,,99,0.14412182429383447,0.032761623936165475,0.14412182429383447,,0,5,4.160306379619834e-10,5,0,0,0,6,6,32.635349096713675,NO_RAW_BREAK_CROSSING,S0,UNIFORM,PROCESSED,0adcf08f8ca934111fdfe4fea0da15d043ebac60b22aedfc31040a47931defbb
5959,102,20,0.19607843137254902,,True,False,False,1,4,77,97,20,0.7938144329896908,,3.9912705994920024,1.4859279103801417,1.0983008301137531,3.1045207848013057,3.1045210443181763,3.1399910265251223,,97,0,True,4,1,4,76,0,0,4529.235598003347,,3323.6937684364057,,RAW_WINDOWS_DT30_DISTANCE400_V1,102,101,1,0.9901960784313726,,101,15.585214322011048,1.861414044194516,3.1045210443181763,,4,5,3.0809577998393056e-11,3,0,0,1,4,3,3353.6272887108175,NO_RAW_BREAK_CROSSING,R0,UNIFORM,PROCESSED,fbcbc4cc6703ce8c43c32cc1729cb456d7ebc1bc8d92c0e34d116458328fb6b5
5959,102,20,0.19607843137254902,,True,False,False,1,4,77,97,20,0.7938144329896908,,3.9912705994920024,1.4859279103801417,1.0983008301137531,3.1045207848013057,3.1045210443181763,3.1399910265251223,,97,0,True,4,1,4,76,0,0,4529.235598003347,,3323.6937684364057,,RAW_WINDOWS_DT30_DISTANCE400_V1,102,101,1,0.9901960784313726,,101,15.585214322011048,1.861414044194516,3.1045210443181763,,4,5,3.0809577998393056e-11,3,0,0,1,4,3,3353.6272887108175,NO_RAW_BREAK_CROSSING,S0,UNIFORM,PROCESSED,a8966e83194895c3f3db9be86545a693a152c43c85129c6914fd71191b64af02
9974,131,48,0.366412213740458,,True,False,False,9,10,64,112,48,0.5714285714285714,,4.989565345704947,1.1097230443172796,0.09668974282876516,3.264203199669337,4.186568928563092,4.785316615777137,,112,0,True,9,5,10,38,0,0,13151.188880975174,,7843.049931330502,,RAW_WINDOWS_DT30_DISTANCE400_V1,131,122,9,0.9312977099236641,,122,196.38116078857118,4.668087063392351,11.816401350798248,,8,5,2.802409176385126e-10,8,0,0,7,9,4,9298.698790649825,NO_RAW_BREAK_CROSSING,R0,UNIFORM,PROCESSED,28dcdf75f90751f37dc2e81f1d9fd9dff6e9f3c4eb0223dbbb65d41cf4495b2a
9974,131,53,0.40458015267175573,,True,False,False,3,10,65,118,53,0.5508474576271186,,4.989565345704947,1.0532964488435195,0.0,3.262926391378433,4.182226460011817,4.785316615777137,,118,0,True,9,3,10,44,0,0,13151.188880975174,,8193.850795669168,,RAW_WINDOWS_DT30_DISTANCE400_V1,131,128,3,0.9770992366412213,,128,196.38116078857118,4.449270482295835,10.598555221699026,,8,5,2.802409176385126e-10,8,0,0,3,9,6,9298.698790649825,NO_RAW_BREAK_CROSSING,S0,UNIFORM,PROCESSED,b69af7d8280d9d599ce2176beca4162e841f11553c055b3d499403334754355f
1132,100,0,0.0,,False,True,True,100,0,0,0,0,,EMPTY_DP_REFERENCE_DENOMINATOR,,,,,,,EMPTY_DP_REFERENCE,0,0,True,1,1,0,0,0,0,42.912696620778334,,,EMPTY_OUTPUT,RAW_WINDOWS_DT30_DISTANCE400_V1,100,0,100,0.0,,0,,,,NO_COVERED_RAW_POINTS,0,5,3.3812175569258264e-10,0,0,0,0,1,0,42.912696620778334,NO_RAW_BREAK_CROSSING,R0,UNIFORM,ALL_FILTERED,1c3b2806b2578349f16ef1a0bd04a96e337427ac26441dae6edf5f387370bf9b
1132,100,2,0.02,,True,False,False,0,14,84,86,2,0.9767441860465116,,4.886734680683527,2.3548809332827503,2.4194127085159556,4.553020853664188,4.6680571039905825,4.735329890770641,,86,0,True,1,0,14,26,0,0,42.912696620778334,,1.1018413386654817,,RAW_WINDOWS_DT30_DISTANCE400_V1,100,100,0,1.0,,100,4.982552998057866,2.3522988029243095,4.677791301428456,,0,5,3.3812175569258264e-10,0,0,0,0,1,1,42.912696620778334,NO_RAW_BREAK_CROSSING,S0,UNIFORM,PROCESSED,8ad8d91a51b2ceda898d038e42d395e81a444ac62b1433b873b2272aef37e3ca
11088,100,0,0.0,,False,True,True,100,0,0,0,0,,EMPTY_DP_REFERENCE_DENOMINATOR,,,,,,,EMPTY_DP_REFERENCE,0,0,True,1,1,0,0,0,0,0.0,,,EMPTY_OUTPUT,RAW_WINDOWS_DT30_DISTANCE400_V1,100,0,100,0.0,,0,,,,NO_COVERED_RAW_POINTS,0,5,3.7120766126124733e-10,0,0,0,0,1,0,0.0,NO_RAW_BREAK_CROSSING,R0,UNIFORM,ALL_FILTERED,ca5b1004659d91c9f07016f15551e628d6c2ae621c120876f91af6e29de75588
11088,100,2,0.02,,True,False,False,0,0,98,100,2,0.98,,0.0,0.0,0.0,0.0,0.0,0.0,,100,0,True,1,0,0,100,0,0,0.0,,0.0,,RAW_WINDOWS_DT30_DISTANCE400_V1,100,100,0,1.0,,100,0.0,0.0,0.0,,0,5,3.7120766126124733e-10,0,0,0,0,1,1,0.0,NO_RAW_BREAK_CROSSING,S0,UNIFORM,PROCESSED,d614bd29b84cc366b4e93c724f621bb5a27460ad8f2dac474fbd06a71146224a
9668,134,66,0.4925373134328358,,True,False,False,0,5,63,129,66,0.4883720930232558,,4.811436866546333,0.9038251702994303,0.0,3.343043989265024,3.965178419705496,4.721378233864245,,129,0,True,1,0,5,11,0,0,17909.60522621989,,17890.5187207645,,RAW_WINDOWS_DT30_DISTANCE400_V1,134,134,0,1.0,,134,12.04438143585691,1.177909820003776,4.452837758450594,,4,5,2.6019037451569824e-10,0,0,0,0,1,1,17909.60522621989,NO_RAW_BREAK_CROSSING,R0,UNIFORM,PROCESSED,b81761a2c8971ea413ec5ff00a9fca7e6bd0730174d548f6e5a8882f5e62fec3
9668,134,66,0.4925373134328358,,True,False,False,0,5,63,129,66,0.4883720930232558,,4.811436866546333,0.9038251702994303,0.0,3.343043989265024,3.965178419705496,4.721378233864245,,129,0,True,1,0,5,11,0,0,17909.60522621989,,17890.5187207645,,RAW_WINDOWS_DT30_DISTANCE400_V1,134,134,0,1.0,,134,12.04438143585691,1.177909820003776,4.452837758450594,,4,5,2.6019037451569824e-10,0,0,0,0,1,1,17909.60522621989,NO_RAW_BREAK_CROSSING,S0,UNIFORM,PROCESSED,af137fb845c31f864293a726bcaa361ae9aeecec89c09f63d24cf034416d8606
6643,100,0,0.0,,False,True,True,100,0,0,0,0,,EMPTY_DP_REFERENCE_DENOMINATOR,,,,,,,EMPTY_DP_REFERENCE,0,0,True,1,1,0,0,0,0,24.45175100976459,,,EMPTY_OUTPUT,RAW_WINDOWS_DT30_DISTANCE400_V1,100,0,100,0.0,,0,,,,NO_COVERED_RAW_POINTS,0,5,2.0631689600656762e-10,0,0,0,0,1,0,24.45175100976459,NO_RAW_BREAK_CROSSING,R0,UNIFORM,ALL_FILTERED,2490f0e877a26a54c55c3217661844680b79bb13cd6847cf74f7734002085b42
6643,100,2,0.02,,True,False,False,0,0,98,100,2,0.98,,4.095629691331673,2.233164850570637,2.631786137387902,3.293140836314309,3.7138166502777232,4.095629691331673,,100,0,True,1,0,0,100,0,0,24.45175100976459,,15.473033214459692,,RAW_WINDOWS_DT30_DISTANCE400_V1,100,100,0,1.0,,100,4.095629691331673,2.233164850570637,3.7138166502777232,,0,5,2.0631689600656762e-10,0,0,0,0,1,1,24.45175100976459,NO_RAW_BREAK_CROSSING,S0,UNIFORM,PROCESSED,a4341bcd91b23b152f5d18a5fcb63c0434e6db3e670909869d05f35ab8a80551
876,101,60,0.594059405940594,,True,False,False,11,6,24,84,60,0.2857142857142857,,4.4342698205962545,0.445161817574015,0.0,1.5412533206641923,2.7336677766118354,4.272505192401358,,84,0,True,13,6,6,27,0,0,18168.57514324947,,10610.259111498592,,RAW_WINDOWS_DT30_DISTANCE400_V1,101,90,11,0.8910891089108911,,90,7.436138389274635,0.5884046222487543,3.2111969673663383,,1,5,2.914790799901393e-10,12,0,0,8,13,7,11299.331603653773,NO_RAW_BREAK_CROSSING,R0,UNIFORM,PROCESSED,044bb365eaae318448ae481feeae47081ac45621ae3c658449f01ee53100077b
876,101,66,0.6534653465346535,,True,False,False,3,6,26,92,66,0.28260869565217395,,4.4342698205962545,0.4546304810021962,0.0,1.5605874033649711,3.0419327932035616,4.256913421009079,,92,0,True,13,3,6,34,0,0,18168.57514324947,,11272.416478279478,,RAW_WINDOWS_DT30_DISTANCE400_V1,101,98,3,0.9702970297029703,,98,7.436138389274635,0.5856002814119662,3.3785802574444657,,1,5,2.914790799901393e-10,12,0,0,3,13,10,11299.331603653773,NO_RAW_BREAK_CROSSING,S0,UNIFORM,PROCESSED,ad07781a73a10e91125eabaeb85390a1882c775d61614a4fb12f013531e716fc
4098,100,0,0.0,,False,True,True,100,0,0,0,0,,EMPTY_DP_REFERENCE_DENOMINATOR,,,,,,,EMPTY_DP_REFERENCE,0,0,True,1,1,0,0,0,0,0.7650389980732258,,,EMPTY_OUTPUT,RAW_WINDOWS_DT30_DISTANCE400_V1,100,0,100,0.0,,0,,,,NO_COVERED_RAW_POINTS,0,5,7.041481688634422e-10,0,0,0,0,1,0,0.7650389980732258,NO_RAW_BREAK_CROSSING,R0,UNIFORM,ALL_FILTERED,587495f119feb8e4b1cacc93e5306cb7b6834324483cfaf6b5e383d980d3c3f4
4098,100,2,0.02,,True,False,False,0,0,98,100,2,0.98,,0.09070754099055958,0.030840563588918717,0.009070752697898584,0.09070753615557575,0.09070754099055958,0.09070754099055958,,100,0,True,1,0,0,100,0,0,0.7650389980732258,,0.5841842341889953,,RAW_WINDOWS_DT30_DISTANCE400_V1,100,100,0,1.0,,100,0.09070754099055958,0.030840563588918717,0.09070754099055958,,0,5,7.041481688634422e-10,0,0,0,0,1,1,0.7650389980732258,NO_RAW_BREAK_CROSSING,S0,UNIFORM,PROCESSED,95481fa983dfd37014e5174796dbd03ff2e22d5deda8e7de91797a67071b73ab
2672,99,20,0.20202020202020202,,True,False,False,0,28,51,71,20,0.7183098591549295,,4.859428426024097,1.5045638924868439,0.8955762791742762,4.095584252192875,4.6541570289641605,4.797191680490361,,71,0,True,1,0,28,14,0,0,1168.1705803423702,,849.9068631071536,,RAW_WINDOWS_DT30_DISTANCE400_V1,99,99,0,1.0,,99,7.805080050309011,1.8882222223989813,4.6609201318791325,,2,5,1.8908096054275714e-10,0,0,0,0,1,1,1168.1705803423702,NO_RAW_BREAK_CROSSING,R0,UNIFORM,PROCESSED,4c7cf84715dcd2b81e7b584a49514ea7047865bd4c47b17daa259f0112b8f725
2672,99,20,0.20202020202020202,,True,False,False,0,28,51,71,20,0.7183098591549295,,4.859428426024097,1.5045638924868439,0.8955762791742762,4.095584252192875,4.6541570289641605,4.797191680490361,,71,0,True,1,0,28,14,0,0,1168.1705803423702,,849.9068631071536,,RAW_WINDOWS_DT30_DISTANCE400_V1,99,99,0,1.0,,99,7.805080050309011,1.8882222223989813,4.6609201318791325,,2,5,1.8908096054275714e-10,0,0,0,0,1,1,1168.1705803423702,NO_RAW_BREAK_CROSSING,S0,UNIFORM,PROCESSED,eb878e7d30a0d84de0d07d8131f9f009f5d7e55fcd74ec976f4846d03b4919b2
627,104,18,0.17307692307692307,,True,False,False,4,2,80,98,18,0.8163265306122449,,4.688404355703971,1.1853887173887692,0.5388804862467165,3.5758566222733648,3.5758566222733648,4.583856430506995,,98,0,True,4,2,2,76,0,0,5298.410642849784,,3953.3744881743323,,RAW_WINDOWS_DT30_DISTANCE400_V1,104,100,4,0.9615384615384616,,100,22.54099908671875,1.5408258754931115,3.5838814669661065,,2,5,2.0521107664107845e-10,3,0,0,2,4,2,4424.399247470069,NO_RAW_BREAK_CROSSING,R0,UNIFORM,PROCESSED,7370fa95183da64b012bcf6518e3ecb9860f0106f2a0d9230a277438b3e64ff2
627,104,20,0.19230769230769232,,True,False,False,1,2,81,101,20,0.801980198019802,,4.688404355703971,1.1545245650888485,0.5238116743285771,3.5758566222733648,3.5758566222733648,4.580622989521522,,101,0,True,4,1,2,79,0,0,5298.410642849784,,4401.08522018544,,RAW_WINDOWS_DT30_DISTANCE400_V1,104,103,1,0.9903846153846154,,103,22.54099908671875,1.500208488535781,3.5758566222733648,,2,5,2.0521107664107845e-10,3,0,0,1,4,3,4424.399247470069,NO_RAW_BREAK_CROSSING,S0,UNIFORM,PROCESSED,86a60b3bc5d1833df9cba9b9e2ff21fc85fe4fcce194ec2e231fb1a2ba59680c
5018,131,57,0.4351145038167939,,True,False,False,1,10,63,120,57,0.525,,4.827004626576973,0.8325197060983243,0.08303570591356965,3.145546294320678,3.6166870234767803,4.59775435494904,,120,0,True,5,1,10,38,0,0,10325.509669814424,,8803.206981415216,,RAW_WINDOWS_DT30_DISTANCE400_V1,131,130,1,0.9923664122137404,,130,99.02470177795085,2.776597487524184,6.1895619830803135,,8,5,2.4365142973858724e-10,4,0,0,1,5,4,9187.716853079048,NO_RAW_BREAK_CROSSING,R0,UNIFORM,PROCESSED,7c476a4ae02dfa088bb598cf9a16b47e8a7de64e742605573081bcbea668dcf1
5018,131,57,0.4351145038167939,,True,False,False,1,10,63,120,57,0.525,,4.827004626576973,0.8325197060983243,0.08303570591356965,3.145546294320678,3.6166870234767803,4.59775435494904,,120,0,True,5,1,10,38,0,0,10325.509669814424,,8803.206981415216,,RAW_WINDOWS_DT30_DISTANCE400_V1,131,130,1,0.9923664122137404,,130,99.02470177795085,2.776597487524184,6.1895619830803135,,8,5,2.4365142973858724e-10,4,0,0,1,5,4,9187.716853079048,NO_RAW_BREAK_CROSSING,S0,UNIFORM,PROCESSED,c471fb54b5b1066cdec7f45c058ca3fbeb9060870d378e09b5448f131fc38a6a
7572,98,0,0.0,,False,True,True,98,0,0,0,0,,EMPTY_DP_REFERENCE_DENOMINATOR,,,,,,,EMPTY_DP_REFERENCE,0,0,True,1,1,0,0,0,0,0.8899715032432942,,,EMPTY_OUTPUT,RAW_WINDOWS_DT30_DISTANCE400_V1,98,0,98,0.0,,0,,,,NO_COVERED_RAW_POINTS,0,5,4.953115853755062e-10,0,0,0,0,1,0,0.8899715032432942,NO_RAW_BREAK_CROSSING,R0,UNIFORM,ALL_FILTERED,0247f2981281f3e06ff08a3cd80dfc1a8df367aefc8cd708745f238623724e43
7572,98,2,0.02040816326530612,,True,False,False,0,0,96,98,2,0.9795918367346939,,0.19092414484477424,0.04348019969512945,0.0,0.08768076850196699,0.19092414484477424,0.19092414484477424,,98,0,True,1,0,0,98,0,0,0.8899715032432942,,0.24141523614287277,,RAW_WINDOWS_DT30_DISTANCE400_V1,98,98,0,1.0,,98,0.19092414484477424,0.04348019969512945,0.19092414484477424,,0,5,4.953115853755062e-10,0,0,0,0,1,1,0.8899715032432942,NO_RAW_BREAK_CROSSING,S0,UNIFORM,PROCESSED,d8332776e3f7621051954ff01fda5c71452de387c175bb62243c8d0b6fb2590b
8698,118,55,0.4661016949152542,,True,False,False,0,8,55,110,55,0.5,,4.89941809521696,0.9433159793333339,0.0,3.6291406560308097,3.8012310376196976,4.802718298729234,,110,0,True,5,0,8,40,0,0,9474.434123495128,,7810.104761957137,,RAW_WINDOWS_DT30_DISTANCE400_V1,118,118,0,1.0,,118,46.96052403808324,2.195353932704833,4.8215183003492665,,5,5,1.7283711530371052e-10,4,0,0,0,5,5,7952.473858672549,NO_RAW_BREAK_CROSSING,R0,UNIFORM,PROCESSED,8c3788790bf58a3c239c8b9ebe131fe46d23468dfdc77d33d15bb32280ee6665
8698,118,55,0.4661016949152542,,True,False,False,0,8,55,110,55,0.5,,4.89941809521696,0.9433159793333339,0.0,3.6291406560308097,3.8012310376196976,4.802718298729234,,110,0,True,5,0,8,40,0,0,9474.434123495128,,7810.104761957137,,RAW_WINDOWS_DT30_DISTANCE400_V1,118,118,0,1.0,,118,46.96052403808324,2.195353932704833,4.8215183003492665,,5,5,1.7283711530371052e-10,4,0,0,0,5,5,7952.473858672549,NO_RAW_BREAK_CROSSING,S0,UNIFORM,PROCESSED,ec81eea7837a088b85d4dc4583b8b535c0a51940adf8756e8d59eae07bd40a08
5698,103,20,0.1941747572815534,,True,False,False,0,3,80,100,20,0.8,,4.824525084831742,1.2278459731224682,0.765482519617431,2.440491378934206,3.804060296815438,4.072256045947993,,100,0,True,2,0,3,63,0,0,6138.807895550718,,5440.132692941499,,RAW_WINDOWS_DT30_DISTANCE400_V1,103,103,0,1.0,,103,4.824525084831742,1.2980235639064108,3.860161121591742,,0,5,2.981629396664902e-10,1,0,0,0,2,2,5451.147864218521,NO_RAW_BREAK_CROSSING,R0,UNIFORM,PROCESSED,b6556571adcb0d9522d882739265d8a5419f54b313edd984063fdf364e6ff0f9
5698,103,20,0.1941747572815534,,True,False,False,0,3,80,100,20,0.8,,4.824525084831742,1.2278459731224682,0.765482519617431,2.440491378934206,3.804060296815438,4.072256045947993,,100,0,True,2,0,3,63,0,0,6138.807895550718,,5440.132692941499,,RAW_WINDOWS_DT30_DISTANCE400_V1,103,103,0,1.0,,103,4.824525084831742,1.2980235639064108,3.860161121591742,,0,5,2.981629396664902e-10,1,0,0,0,2,2,5451.147864218521,NO_RAW_BREAK_CROSSING,S0,UNIFORM,PROCESSED,a208b8a28f86ed69dc8fd6b222c72f75376765fd542da418750eab02e10da11e
5478,99,0,0.0,,False,True,True,99,0,0,0,0,,EMPTY_DP_REFERENCE_DENOMINATOR,,,,,,,EMPTY_DP_REFERENCE,0,0,True,1,1,0,0,0,0,3.2576395737039086,,,EMPTY_OUTPUT,RAW_WINDOWS_DT30_DISTANCE400_V1,99,0,99,0.0,,0,,,,NO_COVERED_RAW_POINTS,0,5,3.571525882425045e-10,0,0,0,0,1,0,3.2576395737039086,NO_RAW_BREAK_CROSSING,R0,UNIFORM,ALL_FILTERED,3dbe6581a4e31a8a103dc3b4d18f7520f123d3a22393271590c98db4adfff89a
5478,99,2,0.020202020202020204,,True,False,False,0,0,97,99,2,0.9797979797979798,,0.8072658353585117,0.37486670758870605,0.3587848177060083,0.7444784852363477,0.8072658353585117,0.8072658353585117,,99,0,True,1,0,0,99,0,0,3.2576395737039086,,1.8862437912632084,,RAW_WINDOWS_DT30_DISTANCE400_V1,99,99,0,1.0,,99,0.8072658353585117,0.37486670758870605,0.8072658353585117,,0,5,3.571525882425045e-10,0,0,0,0,1,1,3.2576395737039086,NO_RAW_BREAK_CROSSING,S0,UNIFORM,PROCESSED,8ffa2ee9851a7381734622099b5d7096d370d44b27bc9ef4c669acf46a9b5f50
3954,100,0,0.0,,False,True,True,100,0,0,0,0,,EMPTY_DP_REFERENCE_DENOMINATOR,,,,,,,EMPTY_DP_REFERENCE,0,0,True,1,1,0,0,0,0,2.6782766171892023,,,EMPTY_OUTPUT,RAW_WINDOWS_DT30_DISTANCE400_V1,100,0,100,0.0,,0,,,,NO_COVERED_RAW_POINTS,0,5,4.372280459137433e-10,0,0,0,0,1,0,2.6782766171892023,NO_RAW_BREAK_CROSSING,R0,UNIFORM,ALL_FILTERED,b980a3fa0bce630bf693be131d2e77805eef1cb65d4b1dd4689a0525e07ca0be
3954,100,2,0.02,,True,False,False,0,0,98,100,2,0.98,,0.5192150188457959,0.18497035804783862,0.1947056758809505,0.34397993045489544,0.5192150188457959,0.5192150188457959,,100,0,True,1,0,0,100,0,0,2.6782766171892023,,1.9519653132269195,,RAW_WINDOWS_DT30_DISTANCE400_V1,100,100,0,1.0,,100,0.5192150188457959,0.18497035804783862,0.5192150188457959,,0,5,4.372280459137433e-10,0,0,0,0,1,1,2.6782766171892023,NO_RAW_BREAK_CROSSING,S0,UNIFORM,PROCESSED,9f54372e757ac13f983c3ddd87f29f3c09d8b298cdc299d6c32d11630ff136f8
8676,100,46,0.46,,True,False,False,6,4,44,90,46,0.48888888888888893,,4.775108848744061,0.8694810424302024,0.0,3.152863472686194,3.381901430813925,4.607881032721898,,90,0,True,3,2,4,29,0,0,8682.833133154896,,6199.265168282786,,RAW_WINDOWS_DT30_DISTANCE400_V1,100,94,6,0.94,,94,45.42315001442443,1.9925193139711757,4.6529761741211315,,4,5,2.441928604462904e-10,2,0,0,3,3,1,6865.344154048097,NO_RAW_BREAK_CROSSING,R0,UNIFORM,PROCESSED,b8bd523160a45916c0ca74704fee3900385379f20f940f169276d74826d99151
8676,100,52,0.52,,True,False,False,0,4,44,96,52,0.45833333333333337,,4.775108848744061,0.8151384772783148,0.0,3.152863472686194,3.306780428628736,4.596607247372089,,96,0,True,3,0,4,34,0,0,8682.833133154896,,6799.041258499896,,RAW_WINDOWS_DT30_DISTANCE400_V1,100,100,0,1.0,,100,45.42315001442443,1.8729681551329052,4.596607247372089,,4,5,2.441928604462904e-10,2,0,0,0,3,3,6865.344154048097,NO_RAW_BREAK_CROSSING,S0,UNIFORM,PROCESSED,c50e06704e0ef7ba26fc84664a03e63dcd49ba1f12fe2501259521a816aff9c8
3503,99,0,0.0,,False,True,True,99,0,0,0,0,,EMPTY_DP_REFERENCE_DENOMINATOR,,,,,,,EMPTY_DP_REFERENCE,0,0,True,1,1,0,0,0,0,13.877492987001672,,,EMPTY_OUTPUT,RAW_WINDOWS_DT30_DISTANCE400_V1,99,0,99,0.0,,0,,,,NO_COVERED_RAW_POINTS,0,5,1.1446855885145681e-10,0,0,0,0,1,0,13.877492987001672,NO_RAW_BREAK_CROSSING,R0,UNIFORM,ALL_FILTERED,c341e9935728562d14b3131e6602ab726086d91fc2c8078b065578d6f3cf7d85
3503,99,2,0.020202020202020204,,True,False,False,0,0,97,99,2,0.9797979797979798,,2.241648902804045,1.1453132833950448,0.9577581599841167,2.1124375393108954,2.1395228328360107,2.241648902804045,,99,0,True,1,0,0,99,0,0,13.877492987001672,,3.434700342671502,,RAW_WINDOWS_DT30_DISTANCE400_V1,99,99,0,1.0,,99,2.241648902804045,1.1453132833950448,2.1395228328360107,,0,5,1.1446855885145681e-10,0,0,0,0,1,1,13.877492987001672,NO_RAW_BREAK_CROSSING,S0,UNIFORM,PROCESSED,30a2405e1296005effc13ecec10e9d8552f5d4543dcfc7e57c1a7dd0353863d9
1006,98,0,0.0,,False,True,True,98,0,0,0,0,,EMPTY_DP_REFERENCE_DENOMINATOR,,,,,,,EMPTY_DP_REFERENCE,0,0,True,1,1,0,0,0,0,4.4261287001037894,,,EMPTY_OUTPUT,RAW_WINDOWS_DT30_DISTANCE400_V1,98,0,98,0.0,,0,,,,NO_COVERED_RAW_POINTS,0,5,1.4629335335609333e-10,0,0,0,0,1,0,4.4261287001037894,NO_RAW_BREAK_CROSSING,R0,UNIFORM,ALL_FILTERED,ab33b4f690134fa95db70a1033951bb165d8ae7547224187e37e1473da5ec6fb
1006,98,2,0.02040816326530612,,True,False,False,0,0,96,98,2,0.9795918367346939,,1.1485220414471835,0.5960684091560418,0.8083269463859137,1.0854260161752394,1.1485220414471835,1.1485220414471835,,98,0,True,1,0,0,98,0,0,4.4261287001037894,,3.6317029234563853,,RAW_WINDOWS_DT30_DISTANCE400_V1,98,98,0,1.0,,98,1.1485220414471835,0.5960684091560418,1.1485220414471835,,0,5,1.4629335335609333e-10,0,0,0,0,1,1,4.4261287001037894,NO_RAW_BREAK_CROSSING,S0,UNIFORM,PROCESSED,3e02bbc760c78eb928dad686c57613524c43281b739a0d622ceb51d15b378eb3
3625,117,39,0.3333333333333333,,True,False,False,0,6,72,111,39,0.6486486486486487,,4.915693757680104,1.1442653769708893,0.6354041482849152,3.3540925431919697,4.30719595675723,4.840019338279931,,111,0,True,1,0,6,3,0,0,6868.602578675878,,6834.098843608367,,RAW_WINDOWS_DT30_DISTANCE400_V1,117,117,0,1.0,,117,41.16945107467987,1.5497819780244448,4.563957646140952,,2,5,2.6640278098527975e-10,0,0,0,0,1,1,6868.602578675878,NO_RAW_BREAK_CROSSING,R0,UNIFORM,PROCESSED,82acea903057c5560d7ba08b5c7190336512700a2811b85dad998af6c8487440
3625,117,39,0.3333333333333333,,True,False,False,0,6,72,111,39,0.6486486486486487,,4.915693757680104,1.1442653769708893,0.6354041482849152,3.3540925431919697,4.30719595675723,4.840019338279931,,111,0,True,1,0,6,3,0,0,6868.602578675878,,6834.098843608367,,RAW_WINDOWS_DT30_DISTANCE400_V1,117,117,0,1.0,,117,41.16945107467987,1.5497819780244448,4.563957646140952,,2,5,2.6640278098527975e-10,0,0,0,0,1,1,6868.602578675878,NO_RAW_BREAK_CROSSING,S0,UNIFORM,PROCESSED,87669bc25629ff66b79d77514d4b73ad8a4bb6f1bdd12d28cd464aa24ebc24ba
6019,105,26,0.24761904761904763,,True,False,False,0,2,77,103,26,0.7475728155339806,,3.9050468659770607,1.0666073921971342,0.8484024706146986,2.224114438114412,2.706768758971327,3.5120098306455265,,103,0,True,1,0,2,66,0,0,4451.542705730379,,4428.577422257539,,RAW_WINDOWS_DT30_DISTANCE400_V1,105,105,0,1.0,,105,18.764000688720856,1.3020251702682393,3.219281768178144,,2,5,2.4863720467779194e-10,0,0,0,0,1,1,4451.542705730379,NO_RAW_BREAK_CROSSING,R0,UNIFORM,PROCESSED,a8bf09f9633c18efa233a9fe1a88cae06d2e0c8ef8f7bc5aab16cfa3b0cd1ff2
6019,105,26,0.24761904761904763,,True,False,False,0,2,77,103,26,0.7475728155339806,,3.9050468659770607,1.0666073921971342,0.8484024706146986,2.224114438114412,2.706768758971327,3.5120098306455265,,103,0,True,1,0,2,66,0,0,4451.542705730379,,4428.577422257539,,RAW_WINDOWS_DT30_DISTANCE400_V1,105,105,0,1.0,,105,18.764000688720856,1.3020251702682393,3.219281768178144,,2,5,2.4863720467779194e-10,0,0,0,0,1,1,4451.542705730379,NO_RAW_BREAK_CROSSING,S0,UNIFORM,PROCESSED,32be539703e5c9f7662bf8b4c67d1f25455824aa97b93c40a22c905f29e6274e
5891,22,0,0.0,,False,True,True,22,0,0,0,0,,EMPTY_DP_REFERENCE_DENOMINATOR,,,,,,,EMPTY_DP_REFERENCE,0,0,True,1,1,0,0,0,0,0.6652275279193482,,,EMPTY_OUTPUT,RAW_WINDOWS_DT30_DISTANCE400_V1,22,0,22,0.0,,0,,,,NO_COVERED_RAW_POINTS,0,5,3.293816277283068e-10,0,0,0,0,1,0,0.6652275279193482,NO_RAW_BREAK_CROSSING,R0,UNIFORM,ALL_FILTERED,c81c5bb4d70e860fafceeed7eddd5053aa887c6d1ca8d2a62913e36ec0449606
5891,22,2,0.09090909090909091,,True,False,False,0,0,20,22,2,0.9090909090909091,,1.5617506153881928e-10,8.518639720299233e-11,1.5617506153881928e-10,1.5617506153881928e-10,1.5617506153881928e-10,1.5617506153881928e-10,,22,0,True,1,0,0,22,0,0,0.6652275279193482,,0.6652275279193482,,RAW_WINDOWS_DT30_DISTANCE400_V1,22,22,0,1.0,,22,1.5617506153881928e-10,8.518639720299233e-11,1.5617506153881928e-10,,0,5,3.293816277283068e-10,0,0,0,0,1,1,0.6652275279193482,NO_RAW_BREAK_CROSSING,S0,UNIFORM,PROCESSED,a78835e2d9bfdbb9ce8daf9fc0db3514daa878c64327de9e86501034a0b6ded2
7138,100,0,0.0,,False,True,True,100,0,0,0,0,,EMPTY_DP_REFERENCE_DENOMINATOR,,,,,,,EMPTY_DP_REFERENCE,0,0,True,1,1,0,0,0,0,29.692990565245264,,,EMPTY_OUTPUT,RAW_WINDOWS_DT30_DISTANCE400_V1,100,0,100,0.0,,0,,,,NO_COVERED_RAW_POINTS,0,5,2.623685210611059e-10,0,0,0,0,1,0,29.692990565245264,NO_RAW_BREAK_CROSSING,R0,UNIFORM,ALL_FILTERED,7f0603c641476bad3c1c82c9b86ca4d842d2dcdcf2a3d2889bad5f9d6c54f849
7138,100,2,0.02,,True,False,False,0,0,98,100,2,0.98,,2.7797166174666446,1.1488748605460843,1.3057940039846783,2.158763567893088,2.3431444534176253,2.7797166174666446,,100,0,True,1,0,0,100,0,0,29.692990565245264,,10.35672076690279,,RAW_WINDOWS_DT30_DISTANCE400_V1,100,100,0,1.0,,100,2.7797166174666446,1.1488748605460843,2.3431444534176253,,0,5,2.623685210611059e-10,0,0,0,0,1,1,29.692990565245264,NO_RAW_BREAK_CROSSING,S0,UNIFORM,PROCESSED,6b1f4db61f47819c21013489afad1f8009f014626c1815daa495b39d8055ba39
9272,117,40,0.3418803418803419,,True,False,False,0,3,74,114,40,0.6491228070175439,,4.63239173540712,1.0391756368295233,0.43683356424481523,3.172332182273321,3.672291482852553,4.121013325017174,,114,0,True,6,0,3,61,0,0,10390.220437420097,,8333.611356672109,,RAW_WINDOWS_DT30_DISTANCE400_V1,117,117,0,1.0,,117,4.63239173540712,1.0518974642252572,3.6428605949599744,,0,5,1.4065060479111927e-10,5,0,0,0,6,6,8349.379826488816,NO_RAW_BREAK_CROSSING,R0,UNIFORM,PROCESSED,91ab64543402a32dac8685554e9e1fa1e024b9cafced79b053fc5d48023961e0
9272,117,40,0.3418803418803419,,True,False,False,0,3,74,114,40,0.6491228070175439,,4.63239173540712,1.0391756368295233,0.43683356424481523,3.172332182273321,3.672291482852553,4.121013325017174,,114,0,True,6,0,3,61,0,0,10390.220437420097,,8333.611356672109,,RAW_WINDOWS_DT30_DISTANCE400_V1,117,117,0,1.0,,117,4.63239173540712,1.0518974642252572,3.6428605949599744,,0,5,1.4065060479111927e-10,5,0,0,0,6,6,8349.379826488816,NO_RAW_BREAK_CROSSING,S0,UNIFORM,PROCESSED,f45c54340e623ca7b5086c941d9e72d88f01ba781b0b7ab9b46147b55f8e0e55
9985,100,11,0.11,,True,False,False,0,10,79,90,11,0.8777777777777778,,2.9221628157573916,0.8229183674863527,0.7000876500327713,1.6858492388014272,1.890449188182393,2.325274570525272,,90,0,True,1,0,10,9,0,0,167.02492617837635,,149.41561761362763,,RAW_WINDOWS_DT30_DISTANCE400_V1,100,100,0,1.0,,100,2.9221628157573916,0.8233350090191415,1.9822844347024102,,0,5,1.822210445466842e-10,0,0,0,0,1,1,167.02492617837635,NO_RAW_BREAK_CROSSING,R0,UNIFORM,PROCESSED,825ee1d5e14454219d2539f5f834a85261aa4ade926372a309498e4ddbe27263
9985,100,11,0.11,,True,False,False,0,10,79,90,11,0.8777777777777778,,2.9221628157573916,0.8229183674863527,0.7000876500327713,1.6858492388014272,1.890449188182393,2.325274570525272,,90,0,True,1,0,10,9,0,0,167.02492617837635,,149.41561761362763,,RAW_WINDOWS_DT30_DISTANCE400_V1,100,100,0,1.0,,100,2.9221628157573916,0.8233350090191415,1.9822844347024102,,0,5,1.822210445466842e-10,0,0,0,0,1,1,167.02492617837635,NO_RAW_BREAK_CROSSING,S0,UNIFORM,PROCESSED,c65f9c9dc46d21f5af269880026abfad6194f77ef57c9c9962722c2a69a988e1
4749,101,0,0.0,,False,True,True,101,0,0,0,0,,EMPTY_DP_REFERENCE_DENOMINATOR,,,,,,,EMPTY_DP_REFERENCE,0,0,True,1,1,0,0,0,0,12.025902610622053,,,EMPTY_OUTPUT,RAW_WINDOWS_DT30_DISTANCE400_V1,101,0,101,0.0,,0,,,,NO_COVERED_RAW_POINTS,0,5,3.10836356528324e-10,0,0,0,0,1,0,12.025902610622053,NO_RAW_BREAK_CROSSING,R0,UNIFORM,ALL_FILTERED,3ed035ac5705e1e27ede992db54342dd10fbb9ed6dfdd80cb5b32a4610248a94
4749,101,2,0.019801980198019802,,True,False,False,0,0,99,101,2,0.9801980198019802,,2.5062818707175443,1.0428416127697229,0.8310404636038556,1.9829944651649591,2.1671545081216435,2.5062818707175443,,101,0,True,1,0,0,101,0,0,12.025902610622053,,1.6235831538382866,,RAW_WINDOWS_DT30_DISTANCE400_V1,101,101,0,1.0,,101,2.5062818707175443,1.0428416127697229,2.1671545081216435,,0,5,3.10836356528324e-10,0,0,0,0,1,1,12.025902610622053,NO_RAW_BREAK_CROSSING,S0,UNIFORM,PROCESSED,6a53b39af6236989fc4a78a5aefdf542ed8b05db8eacfc9aa91886f2d5bb0e86
4022,139,52,0.37410071942446044,,True,False,False,0,23,64,116,52,0.5517241379310345,,4.141156351541208,0.7432257597023145,0.0,2.389390719045747,3.4350831767337544,4.072693674329746,,116,0,True,2,0,23,54,0,0,6501.847513968123,,5915.2352091527255,,RAW_WINDOWS_DT30_DISTANCE400_V1,139,139,0,1.0,,139,38.33198879681457,1.793840844046717,6.607972456577441,,12,5,1.7390835954526158e-10,1,0,0,0,2,2,6083.689556797464,NO_RAW_BREAK_CROSSING,R0,UNIFORM,PROCESSED,028682a00c50aca1fd05f6bb564485b9dd72ee3ca4955e3fa805d0dda11531d2
4022,139,52,0.37410071942446044,,True,False,False,0,23,64,116,52,0.5517241379310345,,4.141156351541208,0.7432257597023145,0.0,2.389390719045747,3.4350831767337544,4.072693674329746,,116,0,True,2,0,23,54,0,0,6501.847513968123,,5915.2352091527255,,RAW_WINDOWS_DT30_DISTANCE400_V1,139,139,0,1.0,,139,38.33198879681457,1.793840844046717,6.607972456577441,,12,5,1.7390835954526158e-10,1,0,0,0,2,2,6083.689556797464,NO_RAW_BREAK_CROSSING,S0,UNIFORM,PROCESSED,6a74e53ce66edfa34172f6461dfbf66c8ec22d41bab024982fd2c454a9894c79
4135,100,0,0.0,,False,True,True,100,0,0,0,0,,EMPTY_DP_REFERENCE_DENOMINATOR,,,,,,,EMPTY_DP_REFERENCE,0,0,True,1,1,0,0,0,0,14.68312445460395,,,EMPTY_OUTPUT,RAW_WINDOWS_DT30_DISTANCE400_V1,100,0,100,0.0,,0,,,,NO_COVERED_RAW_POINTS,0,5,5.771419336064099e-10,0,0,0,0,1,0,14.68312445460395,NO_RAW_BREAK_CROSSING,R0,UNIFORM,ALL_FILTERED,4419027b9398757f2d62257b6bba652c32de547f6ccb5563377ea050c7462874
4135,100,2,0.02,,True,False,False,0,17,81,83,2,0.9759036144578314,,2.1950566393142346,0.9176688030776909,0.7316855300324072,1.8224820029105604,1.8719800881755813,2.18597117349576,,83,0,True,1,0,17,67,0,0,14.68312445460395,,1.1879258665905879,,RAW_WINDOWS_DT30_DISTANCE400_V1,100,100,0,1.0,,100,2.4877308676681658,1.0609379248235997,2.1950566393142346,,0,5,5.771419336064099e-10,0,0,0,0,1,1,14.68312445460395,NO_RAW_BREAK_CROSSING,S0,UNIFORM,PROCESSED,e70d3f49d93b80b33684d54b0f1fe1d0ef69c2a2ae653c3bdd4344d5a1b0154f
10468,109,51,0.46788990825688076,,True,False,False,4,3,51,102,51,0.5,,4.501433328337919,0.7841641857123771,0.007819089660814018,2.510397735382449,3.795330781974681,4.231093608945984,,102,0,True,8,1,3,21,0,0,14162.266934228073,,10499.381061002163,,RAW_WINDOWS_DT30_DISTANCE400_V1,109,105,4,0.963302752293578,,105,4.501433328337919,0.7976534184789777,3.7830764852720873,,0,5,1.9855595542350568e-10,7,0,0,1,8,7,10995.680126624342,NO_RAW_BREAK_CROSSING,R0,UNIFORM,PROCESSED,e67917c7b9f9401b70c3cbf7e42ad8d0a1971aa375df2fd3752b85daaaeeea77
10468,109,55,0.5045871559633027,,True,False,False,0,3,51,106,55,0.4811320754716981,,4.501433328337919,0.7545730843647402,0.0,2.458965890796993,3.7789917197045564,4.23082434673782,,106,0,True,8,0,3,24,0,0,14162.266934228073,,10983.525032251262,,RAW_WINDOWS_DT30_DISTANCE400_V1,109,109,0,1.0,,109,4.501433328337919,0.7683817333971804,3.766737423001962,,0,5,1.9855595542350568e-10,7,0,0,0,8,8,10995.680126624342,NO_RAW_BREAK_CROSSING,S0,UNIFORM,PROCESSED,30a7ea8ab23030c3ca3192e5cfdacfdf74ebcd4f9db71c912491a2fea4354445
528,98,4,0.04081632653061224,,True,False,False,0,12,82,86,4,0.9534883720930233,,4.135691397818324,1.304380883605564,0.9011189527574164,2.9032325988773415,3.302907016209458,3.9477469183821223,,86,0,True,1,0,12,10,0,0,121.3254679788888,,72.07066640387086,,RAW_WINDOWS_DT30_DISTANCE400_V1,98,98,0,1.0,,98,4.135691397818324,1.3799941685915273,3.6554287840445743,,0,5,4.672862270553112e-10,0,0,0,0,1,1,121.3254679788888,NO_RAW_BREAK_CROSSING,R0,UNIFORM,PROCESSED,da90c98889f31279f944254512c805bc48306417b972ae61fe3987f7cae72e66
528,98,4,0.04081632653061224,,True,False,False,0,12,82,86,4,0.9534883720930233,,4.135691397818324,1.304380883605564,0.9011189527574164,2.9032325988773415,3.302907016209458,3.9477469183821223,,86,0,True,1,0,12,10,0,0,121.3254679788888,,72.07066640387086,,RAW_WINDOWS_DT30_DISTANCE400_V1,98,98,0,1.0,,98,4.135691397818324,1.3799941685915273,3.6554287840445743,,0,5,4.672862270553112e-10,0,0,0,0,1,1,121.3254679788888,NO_RAW_BREAK_CROSSING,S0,UNIFORM,PROCESSED,150f70630a1a9f630ac803c875379144b73a62e7201028e3f4d923bdfd812e20
9682,99,0,0.0,,False,True,True,99,0,0,0,0,,EMPTY_DP_REFERENCE_DENOMINATOR,,,,,,,EMPTY_DP_REFERENCE,0,0,True,1,1,0,0,0,0,18.94862501347672,,,EMPTY_OUTPUT,RAW_WINDOWS_DT30_DISTANCE400_V1,99,0,99,0.0,,0,,,,NO_COVERED_RAW_POINTS,0,5,1.8661782366582294e-10,0,0,0,0,1,0,18.94862501347672,NO_RAW_BREAK_CROSSING,R0,UNIFORM,ALL_FILTERED,07fa26fb8dfd161196ae630bfbaa36d4158d98db06ea2ae9a2fe861f320cc257
9682,99,2,0.020202020202020204,,True,False,False,0,0,97,99,2,0.9797979797979798,,3.8507732316895984,1.9808168231104144,1.7770484035463978,3.5468389886105727,3.656349192105459,3.8507732316895984,,99,0,True,1,0,0,99,0,0,18.94862501347672,,4.333069320301966,,RAW_WINDOWS_DT30_DISTANCE400_V1,99,99,0,1.0,,99,3.8507732316895984,1.9808168231104144,3.656349192105459,,0,5,1.8661782366582294e-10,0,0,0,0,1,1,18.94862501347672,NO_RAW_BREAK_CROSSING,S0,UNIFORM,PROCESSED,d2da47ac0728c91939d2347b4bfdd0e6630b8012074045bac43f5906125caacb
1331,112,36,0.32142857142857145,,True,False,False,0,4,72,108,36,0.6666666666666667,,4.879689940194379,0.6133439261588007,0.0,2.568599121230651,2.7768648299266006,4.530840149517103,,108,0,True,2,0,4,46,0,0,6671.789998372841,,6544.987080726782,,RAW_WINDOWS_DT30_DISTANCE400_V1,112,112,0,1.0,,112,11.150909436368392,0.8344893630821738,3.7864105426060686,,3,5,5.078237791363441e-11,1,0,0,0,2,2,6565.058713889253,NO_RAW_BREAK_CROSSING,R0,UNIFORM,PROCESSED,7cb0c5e8b99fd5fdf2053fb255275c27c9aac9db6c98a8b41832cf8d7c4aaf4d
1331,112,36,0.32142857142857145,,True,False,False,0,4,72,108,36,0.6666666666666667,,4.879689940194379,0.6133439261588007,0.0,2.568599121230651,2.7768648299266006,4.530840149517103,,108,0,True,2,0,4,46,0,0,6671.789998372841,,6544.987080726782,,RAW_WINDOWS_DT30_DISTANCE400_V1,112,112,0,1.0,,112,11.150909436368392,0.8344893630821738,3.7864105426060686,,3,5,5.078237791363441e-11,1,0,0,0,2,2,6565.058713889253,NO_RAW_BREAK_CROSSING,S0,UNIFORM,PROCESSED,f18286a4c1dfa908158eba8982547377b54cd081c5ea7cc969aad0359085a430
4637,100,42,0.42,,True,False,False,6,1,51,93,42,0.5483870967741935,,4.064222642148428,0.958853118033002,0.1489674716474794,3.3380975007958744,3.462296267696598,3.7492600538804775,,93,0,True,12,2,1,39,0,0,20479.600807841747,,14554.896767002918,,RAW_WINDOWS_DT30_DISTANCE400_V1,100,94,6,0.94,,94,24.69481314407739,1.2113633310760277,3.506313027724981,,1,5,3.450753030490405e-10,11,0,0,3,12,10,15415.391247978056,NO_RAW_BREAK_CROSSING,R0,UNIFORM,PROCESSED,d6846614c77fcf150870ee16ce4d4288a6f2521712bdb6e6efd57c017ecca089
4637,100,46,0.46,,True,False,False,0,1,53,99,46,0.5353535353535354,,4.064222642148428,0.9232682435437983,0.13185136592737007,3.3380975007958744,3.446001517826789,3.7287190155151753,,99,0,True,12,0,1,44,0,0,20479.600807841747,,15402.173025681212,,RAW_WINDOWS_DT30_DISTANCE400_V1,100,100,0,1.0,,100,24.69481314407739,1.1609836925491341,3.4965182331917544,,1,5,3.450753030490405e-10,11,0,0,0,12,12,15415.391247978056,NO_RAW_BREAK_CROSSING,S0,UNIFORM,PROCESSED,276df34991dd056d1077e1f1ae9de6b5e64be7e5a5cc08a76566da33301b91c6
3816,100,17,0.17,,True,False,False,0,3,80,97,17,0.8247422680412371,,3.291341298765298,0.8266518689847292,0.39027630557625304,2.377757820527515,2.901635244223063,3.1963347870156325,,97,0,True,2,0,3,65,0,0,5263.698504548678,,4725.138038736568,,RAW_WINDOWS_DT30_DISTANCE400_V1,100,100,0,1.0,,100,11.265689256530862,1.0299288290580548,2.9136579635263704,,2,5,3.8503214385265903e-10,1,0,0,0,2,2,4744.125088332421,NO_RAW_BREAK_CROSSING,R0,UNIFORM,PROCESSED,7998753a4cfd2457188c60d56eba958fdbae0e968c57bfd97670f3b17a75327c
3816,100,17,0.17,,True,False,False,0,3,80,97,17,0.8247422680412371,,3.291341298765298,0.8266518689847292,0.39027630557625304,2.377757820527515,2.901635244223063,3.1963347870156325,,97,0,True,2,0,3,65,0,0,5263.698504548678,,4725.138038736568,,RAW_WINDOWS_DT30_DISTANCE400_V1,100,100,0,1.0,,100,11.265689256530862,1.0299288290580548,2.9136579635263704,,2,5,3.8503214385265903e-10,1,0,0,0,2,2,4744.125088332421,NO_RAW_BREAK_CROSSING,S0,UNIFORM,PROCESSED,6d7a2af8e1e37ba9050b02d25fe998c2c3278fb7c022f3121ea1afd1a81bd660
1370,102,3,0.029411764705882353,,True,False,False,0,2,97,100,3,0.97,,4.4769200366046835,0.8950031257953692,1.0023834821247657,1.4121360828033913,1.4121360828033913,1.4712940428350856,,100,0,True,1,0,2,98,0,0,120.31178104064641,,105.96603440092983,,RAW_WINDOWS_DT30_DISTANCE400_V1,102,102,0,1.0,,102,4.4769200366046835,0.9265343875356729,1.4121360828033913,,0,5,3.690300678230901e-10,0,0,0,0,1,1,120.31178104064641,NO_RAW_BREAK_CROSSING,R0,UNIFORM,PROCESSED,d60082b3b0d3ba0f7019ea2aa1c3dc42cc3a21f23333abb9b3da4f879cce7924
1370,102,3,0.029411764705882353,,True,False,False,0,2,97,100,3,0.97,,4.4769200366046835,0.8950031257953692,1.0023834821247657,1.4121360828033913,1.4121360828033913,1.4712940428350856,,100,0,True,1,0,2,98,0,0,120.31178104064641,,105.96603440092983,,RAW_WINDOWS_DT30_DISTANCE400_V1,102,102,0,1.0,,102,4.4769200366046835,0.9265343875356729,1.4121360828033913,,0,5,3.690300678230901e-10,0,0,0,0,1,1,120.31178104064641,NO_RAW_BREAK_CROSSING,S0,UNIFORM,PROCESSED,299cf6c53b5dc47c9ec165442ea47072525740b49a3b1f3092564f525ea5bcad
6250,100,9,0.09,,True,False,False,0,1,90,99,9,0.9090909090909091,,4.623344244560434,0.9918374185013236,0.02650279921604496,4.4317731866699726,4.623344244560434,4.623344244560434,,99,0,True,1,0,1,99,0,0,127.58047223301278,,107.75723175853022,,RAW_WINDOWS_DT30_DISTANCE400_V1,100,100,0,1.0,,100,5.022846052451604,1.0321475048408262,4.623344244560434,,1,5,5.548614335476461e-10,0,0,0,0,1,1,127.58047223301278,NO_RAW_BREAK_CROSSING,R0,UNIFORM,PROCESSED,26d3f23f6d437951429d3c05845c631ec32bf4c777afbfc2e4f55f2c27c5aca5
6250,100,9,0.09,,True,False,False,0,1,90,99,9,0.9090909090909091,,4.623344244560434,0.9918374185013236,0.02650279921604496,4.4317731866699726,4.623344244560434,4.623344244560434,,99,0,True,1,0,1,99,0,0,127.58047223301278,,107.75723175853022,,RAW_WINDOWS_DT30_DISTANCE400_V1,100,100,0,1.0,,100,5.022846052451604,1.0321475048408262,4.623344244560434,,1,5,5.548614335476461e-10,0,0,0,0,1,1,127.58047223301278,NO_RAW_BREAK_CROSSING,S0,UNIFORM,PROCESSED,4bfce40738a74e218854f712e789b9c33d16d69582adf16b5d3305dd83bc8647
10596,117,62,0.5299145299145299,,True,False,False,0,5,50,112,62,0.4464285714285714,,4.743603612828047,0.7884284735297413,0.0,3.095758616409654,4.296569478489118,4.743603612828047,,112,0,True,6,0,5,37,0,0,12379.189147074718,,10232.22913138134,,RAW_WINDOWS_DT30_DISTANCE400_V1,117,117,0,1.0,,117,5.953234286694572,0.9472769849364813,4.743603612828047,,3,5,2.3255669935017439e-10,5,0,0,0,6,6,10255.615865607213,NO_RAW_BREAK_CROSSING,R0,UNIFORM,PROCESSED,600cfec0b68f35850986042d96d36e688893b116b5954c694429daef1efae63f
10596,117,62,0.5299145299145299,,True,False,False,0,5,50,112,62,0.4464285714285714,,4.743603612828047,0.7884284735297413,0.0,3.095758616409654,4.296569478489118,4.743603612828047,,112,0,True,6,0,5,37,0,0,12379.189147074718,,10232.22913138134,,RAW_WINDOWS_DT30_DISTANCE400_V1,117,117,0,1.0,,117,5.953234286694572,0.9472769849364813,4.743603612828047,,3,5,2.3255669935017439e-10,5,0,0,0,6,6,10255.615865607213,NO_RAW_BREAK_CROSSING,S0,UNIFORM,PROCESSED,3709e1dd6e20d583a05da77c00bb2802f11a3254c5120f37a69fbec9f7a1ff90
11059,103,0,0.0,,False,True,True,103,0,0,0,0,,EMPTY_DP_REFERENCE_DENOMINATOR,,,,,,,EMPTY_DP_REFERENCE,0,0,True,1,1,0,0,0,0,2.0330144609568523,,,EMPTY_OUTPUT,RAW_WINDOWS_DT30_DISTANCE400_V1,103,0,103,0.0,,0,,,,NO_COVERED_RAW_POINTS,0,5,1.2303770238858655e-10,0,0,0,0,1,0,2.0330144609568523,NO_RAW_BREAK_CROSSING,R0,UNIFORM,ALL_FILTERED,107243050d635f5a8ad2cd3fb89d060c41205d9cbc1721a78dbdc0092848202b
11059,103,2,0.019417475728155338,,True,False,False,0,0,101,103,2,0.9805825242718447,,0.546855028597341,0.2596080430279961,0.29686416185342,0.546855028597341,0.546855028597341,0.546855028597341,,103,0,True,1,0,0,103,0,0,2.0330144609568523,,0.675469848471417,,RAW_WINDOWS_DT30_DISTANCE400_V1,103,103,0,1.0,,103,0.546855028597341,0.2596080430279961,0.546855028597341,,0,5,1.2303770238858655e-10,0,0,0,0,1,1,2.0330144609568523,NO_RAW_BREAK_CROSSING,S0,UNIFORM,PROCESSED,b715cacee75da47fd5ed01f89bedc0aba2b18132de607fb5319390a099c0b0fe
9508,100,6,0.06,,True,False,False,0,4,90,96,6,0.9375,,4.435307949217278,1.4622238196608486,1.1553041833713404,3.049634411972949,3.4659228000363775,4.276427313358855,,96,0,True,1,0,4,88,0,0,204.16136699249577,,62.530878149497674,,RAW_WINDOWS_DT30_DISTANCE400_V1,100,100,0,1.0,,100,4.435307949217278,1.498664003503641,3.4659228000363775,,0,5,3.5885996557535e-10,0,0,0,0,1,1,204.16136699249577,NO_RAW_BREAK_CROSSING,R0,UNIFORM,PROCESSED,482511ddaf0b9480f7c1e77543fd94db4179e534b2ea06af40ef4f0dbb4cc870
9508,100,6,0.06,,True,False,False,0,4,90,96,6,0.9375,,4.435307949217278,1.4622238196608486,1.1553041833713404,3.049634411972949,3.4659228000363775,4.276427313358855,,96,0,True,1,0,4,88,0,0,204.16136699249577,,62.530878149497674,,RAW_WINDOWS_DT30_DISTANCE400_V1,100,100,0,1.0,,100,4.435307949217278,1.498664003503641,3.4659228000363775,,0,5,3.5885996557535e-10,0,0,0,0,1,1,204.16136699249577,NO_RAW_BREAK_CROSSING,S0,UNIFORM,PROCESSED,62999e6d9fabdb3f3612407b2f1c6c4436ae56ee37ea284f02ef33669ec40cb1
7269,100,0,0.0,,False,True,True,100,0,0,0,0,,EMPTY_DP_REFERENCE_DENOMINATOR,,,,,,,EMPTY_DP_REFERENCE,0,0,True,1,1,0,0,0,0,15.178600507019631,,,EMPTY_OUTPUT,RAW_WINDOWS_DT30_DISTANCE400_V1,100,0,100,0.0,,0,,,,NO_COVERED_RAW_POINTS,0,5,4.0556001859442237e-10,0,0,0,0,1,0,15.178600507019631,NO_RAW_BREAK_CROSSING,R0,UNIFORM,ALL_FILTERED,5872002fef38552dcaacc349e50261b7d7a9f061beeac67a56763983ec6d41fa
7269,100,2,0.02,,True,False,False,0,0,98,100,2,0.98,,2.4688075392185094,0.940905795256797,0.8319897673834296,2.2298452170489265,2.2781576690953456,2.4688075392185094,,100,0,True,1,0,0,100,0,0,15.178600507019631,,2.786774925612394,,RAW_WINDOWS_DT30_DISTANCE400_V1,100,100,0,1.0,,100,2.4688075392185094,0.940905795256797,2.2781576690953456,,0,5,4.0556001859442237e-10,0,0,0,0,1,1,15.178600507019631,NO_RAW_BREAK_CROSSING,S0,UNIFORM,PROCESSED,9dc8df5927916fe7d3dc407b26824edd4e338ab382714dbfa2b3581976332f35
10121,87,32,0.367816091954023,,True,False,False,0,8,47,79,32,0.5949367088607596,,4.958133298633779,1.0997008442394622,0.5848237812184429,3.1577190897075758,4.186209245792258,4.681347477830025,,79,0,True,2,0,8,29,0,0,7709.816244605309,,7551.164425965948,,RAW_WINDOWS_DT30_DISTANCE400_V1,87,87,0,1.0,,87,81.20730730572876,3.990893600402724,10.965994897181558,,7,5,3.271395139588005e-10,1,0,0,0,2,2,7659.5415568065455,NO_RAW_BREAK_CROSSING,R0,UNIFORM,PROCESSED,6714896f390d4bf1e1736ad2b0366e33f8654c3dfca283505f3a80dda46ac997
10121,87,32,0.367816091954023,,True,False,False,0,8,47,79,32,0.5949367088607596,,4.958133298633779,1.0997008442394622,0.5848237812184429,3.1577190897075758,4.186209245792258,4.681347477830025,,79,0,True,2,0,8,29,0,0,7709.816244605309,,7551.164425965948,,RAW_WINDOWS_DT30_DISTANCE400_V1,87,87,0,1.0,,87,81.20730730572876,3.990893600402724,10.965994897181558,,7,5,3.271395139588005e-10,1,0,0,0,2,2,7659.5415568065455,NO_RAW_BREAK_CROSSING,S0,UNIFORM,PROCESSED,750de3a64b7469dd41b3750fca7f090e2e7449235541589bcb456aad4cecb746
9412,91,35,0.38461538461538464,,True,False,False,0,2,54,89,35,0.6067415730337078,,4.048403503428282,0.777610127932554,0.28529462033988,2.4925131731426293,3.0191923948094352,3.940543522412041,,89,0,True,3,0,2,40,0,0,9562.19284839806,,7627.404844889885,,RAW_WINDOWS_DT30_DISTANCE400_V1,91,91,0,1.0,,91,146.74887301217572,2.4957136245216986,3.7100227103955947,,2,5,2.912118618426568e-10,2,0,0,0,3,3,7927.204281331544,NO_RAW_BREAK_CROSSING,R0,UNIFORM,PROCESSED,d1aa9db8fabdea128773e58b59c0e32286244979952c35eb957b6e0b9034a1ef
9412,91,35,0.38461538461538464,,True,False,False,0,2,54,89,35,0.6067415730337078,,4.048403503428282,0.777610127932554,0.28529462033988,2.4925131731426293,3.0191923948094352,3.940543522412041,,89,0,True,3,0,2,40,0,0,9562.19284839806,,7627.404844889885,,RAW_WINDOWS_DT30_DISTANCE400_V1,91,91,0,1.0,,91,146.74887301217572,2.4957136245216986,3.7100227103955947,,2,5,2.912118618426568e-10,2,0,0,0,3,3,7927.204281331544,NO_RAW_BREAK_CROSSING,S0,UNIFORM,PROCESSED,0e0e99461faf57698ce2281970611a5336c40ba3f41b4639df4d5fa1b0e54d46
8,100,0,0.0,,False,True,True,100,0,0,0,0,,EMPTY_DP_REFERENCE_DENOMINATOR,,,,,,,EMPTY_DP_REFERENCE,0,0,True,1,1,0,0,0,0,7.656315218837089,,,EMPTY_OUTPUT,RAW_WINDOWS_DT30_DISTANCE400_V1,100,0,100,0.0,,0,,,,NO_COVERED_RAW_POINTS,0,5,7.479611902291598e-11,0,0,0,0,1,0,7.656315218837089,NO_RAW_BREAK_CROSSING,R0,UNIFORM,ALL_FILTERED,df649257ad422126d440ebb0ab1eeb47f62a1aa798ef5f5305df201314126fbf
8,100,2,0.02,,True,False,False,0,0,98,100,2,0.98,,1.1034022606010672,0.6426294534874379,0.7077625855194802,0.9512567481455373,0.9592732870262983,1.1034022606010672,,100,0,True,1,0,0,100,0,0,7.656315218837089,,4.437242929607221,,RAW_WINDOWS_DT30_DISTANCE400_V1,100,100,0,1.0,,100,1.1034022606010672,0.6426294534874379,0.9592732870262983,,0,5,7.479611902291598e-11,0,0,0,0,1,1,7.656315218837089,NO_RAW_BREAK_CROSSING,S0,UNIFORM,PROCESSED,2b49cd43341b5fb5c800e4b66f9cf0e54098e25e512feabfc3f8328850fc860b
4605,98,0,0.0,,False,True,True,98,0,0,0,0,,EMPTY_DP_REFERENCE_DENOMINATOR,,,,,,,EMPTY_DP_REFERENCE,0,0,True,1,1,0,0,0,0,42.010615553818546,,,EMPTY_OUTPUT,RAW_WINDOWS_DT30_DISTANCE400_V1,98,0,98,0.0,,0,,,,NO_COVERED_RAW_POINTS,0,5,3.6767425403235106e-10,0,0,0,0,1,0,42.010615553818546,NO_RAW_BREAK_CROSSING,R0,UNIFORM,ALL_FILTERED,e3e56912394ed77f96dee6879602b0bd04ebba108ae3ff0cc8921e344417d48b
4605,98,2,0.02040816326530612,,True,False,False,0,8,88,90,2,0.9777777777777777,,3.5590536821130567,1.3846965833768918,1.3013514067164103,2.6797077645642777,3.12174493123555,3.3773456905323656,,90,0,True,1,0,8,25,0,0,42.010615553818546,,4.10372532357704,,RAW_WINDOWS_DT30_DISTANCE400_V1,98,98,0,1.0,,98,3.5590536821130567,1.4040686354278802,3.192821648077051,,0,5,3.6767425403235106e-10,0,0,0,0,1,1,42.010615553818546,NO_RAW_BREAK_CROSSING,S0,UNIFORM,PROCESSED,17a4cc099904ccb8f07dc691fe23243f0ddce5a5408d09ea0e2ef25586cded3f
6213,103,11,0.10679611650485436,,True,False,False,57,0,35,46,11,0.7608695652173914,,4.886739144047735,1.059816061760898,0.5382796124865081,2.062633359488644,2.850507563226861,4.648762704791032,,46,0,True,2,1,0,24,0,0,1823.8870909679595,,1813.764984450409,,RAW_WINDOWS_DT30_DISTANCE400_V1,103,46,57,0.44660194174757284,,46,4.886739144047735,1.059816061760898,2.850507563226861,,0,5,3.625544950175316e-10,1,0,0,1,2,1,1823.8870909679595,NO_RAW_BREAK_CROSSING,R0,UNIFORM,PROCESSED,63fe0dcc408f24741d42ae287dfaf6787d94cdc9fed6b1d83c7802decf769757
6213,103,13,0.1262135922330097,,True,False,False,0,0,90,103,13,0.8737864077669903,,4.886739144047735,0.7804469001997868,0.6377163022025799,2.051540222992014,2.051540222992014,4.330365900436996,,103,0,True,2,0,0,81,0,0,1823.8870909679595,,1817.021138001717,,RAW_WINDOWS_DT30_DISTANCE400_V1,103,103,0,1.0,,103,4.886739144047735,0.7804469001997868,2.051540222992014,,0,5,3.625544950175316e-10,1,0,0,0,2,2,1823.8870909679595,NO_RAW_BREAK_CROSSING,S0,UNIFORM,PROCESSED,fee5ecd88c1f613028314a6f07c1d26fe1ae18755ee50402e0a7aeaab20d8d97
3061,98,0,0.0,,False,True,True,98,0,0,0,0,,EMPTY_DP_REFERENCE_DENOMINATOR,,,,,,,EMPTY_DP_REFERENCE,0,0,True,1,1,0,0,0,0,12.336179934337958,,,EMPTY_OUTPUT,RAW_WINDOWS_DT30_DISTANCE400_V1,98,0,98,0.0,,0,,,,NO_COVERED_RAW_POINTS,0,5,2.758738200366271e-10,0,0,0,0,1,0,12.336179934337958,NO_RAW_BREAK_CROSSING,R0,UNIFORM,ALL_FILTERED,a8ea2656759bf677798ab3df699e6c3c31e5c3813b48c925bc88661e08737e08
3061,98,2,0.02040816326530612,,True,False,False,0,11,85,87,2,0.9770114942528736,,1.413261102783405,0.5316845755288568,0.47661632850821023,1.1862036838170023,1.3304647512868277,1.413261102783405,,87,0,True,1,0,11,76,0,0,12.336179934337958,,1.2392024491540186,,RAW_WINDOWS_DT30_DISTANCE400_V1,98,98,0,1.0,,98,1.413261102783405,0.5412246159097266,1.3304647512868277,,0,5,2.758738200366271e-10,0,0,0,0,1,1,12.336179934337958,NO_RAW_BREAK_CROSSING,S0,UNIFORM,PROCESSED,bb50e0f21d1229e59bf3e8254cb7c1e5ded64370e0221da429ca9947130c153b
8087,98,0,0.0,,False,True,True,98,0,0,0,0,,EMPTY_DP_REFERENCE_DENOMINATOR,,,,,,,EMPTY_DP_REFERENCE,0,0,True,1,1,0,0,0,0,5.947433422565593,,,EMPTY_OUTPUT,RAW_WINDOWS_DT30_DISTANCE400_V1,98,0,98,0.0,,0,,,,NO_COVERED_RAW_POINTS,0,5,1.3571268894983722e-10,0,0,0,0,1,0,5.947433422565593,NO_RAW_BREAK_CROSSING,R0,UNIFORM,ALL_FILTERED,3791511650c0a51ed4980f2e9055a7e97b4c22d0232237d29c13713e87826c34
8087,98,2,0.02040816326530612,,True,False,False,0,0,96,98,2,0.9795918367346939,,1.1128119501265494,0.5537230207841529,0.38244615912031316,1.0867843921666236,1.1128119501265494,1.1128119501265494,,98,0,True,1,0,0,98,0,0,5.947433422565593,,3.972996736420171,,RAW_WINDOWS_DT30_DISTANCE400_V1,98,98,0,1.0,,98,1.1128119501265494,0.5537230207841529,1.1128119501265494,,0,5,1.3571268894983722e-10,0,0,0,0,1,1,5.947433422565593,NO_RAW_BREAK_CROSSING,S0,UNIFORM,PROCESSED,4c1b88621677af102e1e31c2269c6cccc9ee5e4e339318168b32420df752e0f7
2145,99,0,0.0,,False,True,True,99,0,0,0,0,,EMPTY_DP_REFERENCE_DENOMINATOR,,,,,,,EMPTY_DP_REFERENCE,0,0,True,1,1,0,0,0,0,1.7425964299415913,,,EMPTY_OUTPUT,RAW_WINDOWS_DT30_DISTANCE400_V1,99,0,99,0.0,,0,,,,NO_COVERED_RAW_POINTS,0,5,3.830917124427979e-11,0,0,0,0,1,0,1.7425964299415913,NO_RAW_BREAK_CROSSING,R0,UNIFORM,ALL_FILTERED,adb8bce59881e44dceb8c46a80e76c84216cdc8586a27896b4e7600a84608531
2145,99,2,0.020202020202020204,,True,False,False,0,0,97,99,2,0.9797979797979798,,0.16193901780137698,0.05588804461909259,0.053979673103799496,0.14034714899344458,0.16193901780137698,0.16193901780137698,,99,0,True,1,0,0,99,0,0,1.7425964299415913,,1.5638793054699354,,RAW_WINDOWS_DT30_DISTANCE400_V1,99,99,0,1.0,,99,0.16193901780137698,0.05588804461909259,0.16193901780137698,,0,5,3.830917124427979e-11,0,0,0,0,1,1,1.7425964299415913,NO_RAW_BREAK_CROSSING,S0,UNIFORM,PROCESSED,0473bacb5f438b720abd725418293b989c8a02bbea66d2e72c29d6923e973b83
2793,108,47,0.4351851851851852,,True,False,False,1,5,55,102,47,0.5392156862745099,,4.699001086268356,0.8017945472775395,0.0,2.2673833858379675,3.222236090539339,4.335795304773459,,102,0,True,3,1,5,36,0,0,11605.76543531088,,10288.286948453215,,RAW_WINDOWS_DT30_DISTANCE400_V1,108,107,1,0.9907407407407407,,107,191.94293786819287,7.803616892459731,4.590192772268119,,5,5,2.5474129539592583e-10,2,0,0,1,3,2,10674.132036997275,NO_RAW_BREAK_CROSSING,R0,UNIFORM,PROCESSED,0c40f9b997ba3283062ecfaa9bd6d60394c6f36afeeac1ed00beb80d613d483a
2793,108,47,0.4351851851851852,,True,False,False,1,5,55,102,47,0.5392156862745099,,4.699001086268356,0.8017945472775395,0.0,2.2673833858379675,3.222236090539339,4.335795304773459,,102,0,True,3,1,5,36,0,0,11605.76543531088,,10288.286948453215,,RAW_WINDOWS_DT30_DISTANCE400_V1,108,107,1,0.9907407407407407,,107,191.94293786819287,7.803616892459731,4.590192772268119,,5,5,2.5474129539592583e-10,2,0,0,1,3,2,10674.132036997275,NO_RAW_BREAK_CROSSING,S0,UNIFORM,PROCESSED,e8f31f0246fdf75ee799e88713fcc1eac7674fafb4507736df3f05f294e49adc
2292,99,0,0.0,,False,True,True,99,0,0,0,0,,EMPTY_DP_REFERENCE_DENOMINATOR,,,,,,,EMPTY_DP_REFERENCE,0,0,True,1,1,0,0,0,0,12.626684956327013,,,EMPTY_OUTPUT,RAW_WINDOWS_DT30_DISTANCE400_V1,99,0,99,0.0,,0,,,,NO_COVERED_RAW_POINTS,0,5,3.0074844284571524e-10,0,0,0,0,1,0,12.626684956327013,NO_RAW_BREAK_CROSSING,R0,UNIFORM,ALL_FILTERED,5e348d067fd15d54f790dbfbe7ee66f51597a931ce3d9b6b7103ef30e0459134
2292,99,2,0.020202020202020204,,True,False,False,0,0,97,99,2,0.9797979797979798,,1.2851334552648304,0.638602616140373,0.6717742997488853,1.1825243817807505,1.2439817460604419,1.2851334552648304,,99,0,True,1,0,0,99,0,0,12.626684956327013,,0.36190662984971195,,RAW_WINDOWS_DT30_DISTANCE400_V1,99,99,0,1.0,,99,1.2851334552648304,0.638602616140373,1.2439817460604419,,0,5,3.0074844284571524e-10,0,0,0,0,1,1,12.626684956327013,NO_RAW_BREAK_CROSSING,S0,UNIFORM,PROCESSED,8999871a4d38c40b417d99681d478e747af59a5d2aeeb609692e029c370e4d6f
2527,102,45,0.4411764705882353,,True,False,False,0,2,55,100,45,0.55,,4.975820565400651,0.984679223973615,0.1733095014983078,3.291222733475566,3.7364627800198877,4.612068669367619,,100,0,True,3,0,2,26,0,0,12421.337719508127,,11027.410216869033,,RAW_WINDOWS_DT30_DISTANCE400_V1,102,102,0,1.0,,102,41.48912327360453,1.4415131624902744,3.905204016087881,,2,5,1.5230062017692913e-10,2,0,0,0,3,3,11046.002517127745,NO_RAW_BREAK_CROSSING,R0,UNIFORM,PROCESSED,03bb8c3659153895d1aceb57708672e74079344b10a322b2bc8a5b5c4491fc5b
2527,102,45,0.4411764705882353,,True,False,False,0,2,55,100,45,0.55,,4.975820565400651,0.984679223973615,0.1733095014983078,3.291222733475566,3.7364627800198877,4.612068669367619,,100,0,True,3,0,2,26,0,0,12421.337719508127,,11027.410216869033,,RAW_WINDOWS_DT30_DISTANCE400_V1,102,102,0,1.0,,102,41.48912327360453,1.4415131624902744,3.905204016087881,,2,5,1.5230062017692913e-10,2,0,0,0,3,3,11046.002517127745,NO_RAW_BREAK_CROSSING,S0,UNIFORM,PROCESSED,72c5f614f089bb3998d09afa90382173474400a075e0ae78fb6154a93ececc73
9660,132,40,0.30303030303030304,,True,False,False,0,12,80,120,40,0.6666666666666667,,4.835240666796024,0.9751674128193487,0.37060883540151424,2.8608447967657336,3.5928634118933727,4.517862361058123,,120,0,True,1,0,12,35,0,0,5173.508825671749,,5103.321084417262,,RAW_WINDOWS_DT30_DISTANCE400_V1,132,132,0,1.0,,132,31.410251798875986,1.7393111703192932,5.1441824065292145,,7,5,2.5764518739386234e-10,0,0,0,0,1,1,5173.508825671749,NO_RAW_BREAK_CROSSING,R0,UNIFORM,PROCESSED,9d0d9ed51f01942544b2ddcffab6c80cf6ed55d1fa58070f531b5bf917e8b0a7
9660,132,40,0.30303030303030304,,True,False,False,0,12,80,120,40,0.6666666666666667,,4.835240666796024,0.9751674128193487,0.37060883540151424,2.8608447967657336,3.5928634118933727,4.517862361058123,,120,0,True,1,0,12,35,0,0,5173.508825671749,,5103.321084417262,,RAW_WINDOWS_DT30_DISTANCE400_V1,132,132,0,1.0,,132,31.410251798875986,1.7393111703192932,5.1441824065292145,,7,5,2.5764518739386234e-10,0,0,0,0,1,1,5173.508825671749,NO_RAW_BREAK_CROSSING,S0,UNIFORM,PROCESSED,02b3e4f90965748a92c9abf9585476a37e6d1093cbc6deb09a12900bd2d272e9
8500,99,0,0.0,,False,True,True,99,0,0,0,0,,EMPTY_DP_REFERENCE_DENOMINATOR,,,,,,,EMPTY_DP_REFERENCE,0,0,True,1,1,0,0,0,0,3.3630609343359192,,,EMPTY_OUTPUT,RAW_WINDOWS_DT30_DISTANCE400_V1,99,0,99,0.0,,0,,,,NO_COVERED_RAW_POINTS,0,5,3.811891676994838e-10,0,0,0,0,1,0,3.3630609343359192,NO_RAW_BREAK_CROSSING,R0,UNIFORM,ALL_FILTERED,9ffec2fafd32c93b9bac9a8cd63f5be5b2cd0e5f922fe51c6312ec3f25a10ab6
8500,99,2,0.020202020202020204,,True,False,False,0,0,97,99,2,0.9797979797979798,,0.920072421361089,0.570896309509263,0.7886335494775726,0.9200723929344164,0.920072421361089,0.920072421361089,,99,0,True,1,0,0,99,0,0,3.3630609343359192,,2.4138872505843265,,RAW_WINDOWS_DT30_DISTANCE400_V1,99,99,0,1.0,,99,0.920072421361089,0.570896309509263,0.920072421361089,,0,5,3.811891676994838e-10,0,0,0,0,1,1,3.3630609343359192,NO_RAW_BREAK_CROSSING,S0,UNIFORM,PROCESSED,8b672efeb62877b88459452798ed85f45b32bb6d2095cf533e118d797d18f323
2808,101,52,0.5148514851485149,,True,False,False,1,8,40,92,52,0.4347826086956522,,4.817205711660521,0.7896166743172802,0.0,3.45350869595203,4.167039670088384,4.780140029164495,,92,0,True,3,1,8,6,0,0,13020.421472361046,,10809.439921403373,,RAW_WINDOWS_DT30_DISTANCE400_V1,101,100,1,0.9900990099009901,,100,24.7665181818462,1.2100620932508885,4.30615743920335,,2,5,3.498944897923861e-10,2,0,0,1,3,2,10832.949991056386,NO_RAW_BREAK_CROSSING,R0,UNIFORM,PROCESSED,9a9040b6323354cb8eecb885883240de0689a67976fef8e069eb3c432dd3b0f3
2808,101,52,0.5148514851485149,,True,False,False,1,8,40,92,52,0.4347826086956522,,4.817205711660521,0.7896166743172802,0.0,3.45350869595203,4.167039670088384,4.780140029164495,,92,0,True,3,1,8,6,0,0,13020.421472361046,,10809.439921403373,,RAW_WINDOWS_DT30_DISTANCE400_V1,101,100,1,0.9900990099009901,,100,24.7665181818462,1.2100620932508885,4.30615743920335,,2,5,3.498944897923861e-10,2,0,0,1,3,2,10832.949991056386,NO_RAW_BREAK_CROSSING,S0,UNIFORM,PROCESSED,22789912318a9d04577f829a2ea5578f0515d291b4c6f001efddc860987bc0bc
16,99,0,0.0,,False,True,True,99,0,0,0,0,,EMPTY_DP_REFERENCE_DENOMINATOR,,,,,,,EMPTY_DP_REFERENCE,0,0,True,1,1,0,0,0,0,12.123044282295194,,,EMPTY_OUTPUT,RAW_WINDOWS_DT30_DISTANCE400_V1,99,0,99,0.0,,0,,,,NO_COVERED_RAW_POINTS,0,5,4.0155980721595634e-10,0,0,0,0,1,0,12.123044282295194,NO_RAW_BREAK_CROSSING,R0,UNIFORM,ALL_FILTERED,c3803def7885b84b0fe481912f2981650c651065b5070573b3687195bd4d569e
16,99,2,0.020202020202020204,,True,False,False,0,0,97,99,2,0.9797979797979798,,1.507067039695006,0.8306904420672945,0.8157092162790514,1.2642929693757567,1.3181414785336971,1.507067039695006,,99,0,True,1,0,0,99,0,0,12.123044282295194,,9.271411165496797,,RAW_WINDOWS_DT30_DISTANCE400_V1,99,99,0,1.0,,99,1.507067039695006,0.8306904420672945,1.3181414785336971,,0,5,4.0155980721595634e-10,0,0,0,0,1,1,12.123044282295194,NO_RAW_BREAK_CROSSING,S0,UNIFORM,PROCESSED,c2761c96b8eb4e47ac9d48d923c17a59663db166dfe1f94c50eb76f198667088
5671,124,73,0.5887096774193549,,True,False,False,0,4,47,120,73,0.3916666666666667,,4.809222409454999,0.7546040482526021,0.0,3.307316316010704,3.8408018685669676,4.500223783899857,,120,0,True,5,0,4,43,0,0,14166.2987579875,,12604.702528903537,,RAW_WINDOWS_DT30_DISTANCE400_V1,124,124,0,1.0,,124,22.641275856669438,1.1708410709413257,4.229392518291596,,3,5,2.4207218718533294e-10,4,0,0,0,5,5,12656.03431480099,NO_RAW_BREAK_CROSSING,R0,UNIFORM,PROCESSED,073df63ff5b7fb84c3cc74b75be0662f03c3155f6b329ae21eef3b34ba72cd95
5671,124,73,0.5887096774193549,,True,False,False,0,4,47,120,73,0.3916666666666667,,4.809222409454999,0.7546040482526021,0.0,3.307316316010704,3.8408018685669676,4.500223783899857,,120,0,True,5,0,4,43,0,0,14166.2987579875,,12604.702528903537,,RAW_WINDOWS_DT30_DISTANCE400_V1,124,124,0,1.0,,124,22.641275856669438,1.1708410709413257,4.229392518291596,,3,5,2.4207218718533294e-10,4,0,0,0,5,5,12656.03431480099,NO_RAW_BREAK_CROSSING,S0,UNIFORM,PROCESSED,b9de0c0a90f61dd223d8e93b8f7485cff71d5f2a40a49daaf23a8fe1f7dd708c
6816,100,0,0.0,,False,True,True,100,0,0,0,0,,EMPTY_DP_REFERENCE_DENOMINATOR,,,,,,,EMPTY_DP_REFERENCE,0,0,True,1,1,0,0,0,0,21.088807348334015,,,EMPTY_OUTPUT,RAW_WINDOWS_DT30_DISTANCE400_V1,100,0,100,0.0,,0,,,,NO_COVERED_RAW_POINTS,0,5,1.1919846473188582e-10,0,0,0,0,1,0,21.088807348334015,NO_RAW_BREAK_CROSSING,R0,UNIFORM,ALL_FILTERED,40fc2f3e6eab1c7d4522e817c5787d79e770adc95716412de8bffc35d93b02a2
6816,100,2,0.02,,True,False,False,0,0,98,100,2,0.98,,3.73580020173815,1.3748781126372542,1.1537405486398047,3.3668069280845523,3.4658720454789953,3.73580020173815,,100,0,True,1,0,0,100,0,0,21.088807348334015,,8.283958460148117,,RAW_WINDOWS_DT30_DISTANCE400_V1,100,100,0,1.0,,100,3.73580020173815,1.3748781126372542,3.4658720454789953,,0,5,1.1919846473188582e-10,0,0,0,0,1,1,21.088807348334015,NO_RAW_BREAK_CROSSING,S0,UNIFORM,PROCESSED,6399ce1f8273a8925042ebe69cb5befa6b82f9899b5c89d80f6dd5b3eb2e271b
1574,100,0,0.0,,False,True,True,100,0,0,0,0,,EMPTY_DP_REFERENCE_DENOMINATOR,,,,,,,EMPTY_DP_REFERENCE,0,0,True,1,1,0,0,0,0,6.431411077268999,,,EMPTY_OUTPUT,RAW_WINDOWS_DT30_DISTANCE400_V1,100,0,100,0.0,,0,,,,NO_COVERED_RAW_POINTS,0,5,2.2201063262149093e-10,0,0,0,0,1,0,6.431411077268999,NO_RAW_BREAK_CROSSING,R0,UNIFORM,ALL_FILTERED,897e91952d84739a4b9c1e3ab7337ee8fa70811f9e96744366264dbde5a78622
1574,100,2,0.02,,True,False,False,0,0,98,100,2,0.98,,0.5543641652171928,0.18670943370278492,0.1157722013517942,0.45457861558120266,0.5543641652171928,0.5543641652171928,,100,0,True,1,0,0,100,0,0,6.431411077268999,,5.5666564744079485,,RAW_WINDOWS_DT30_DISTANCE400_V1,100,100,0,1.0,,100,0.5543641652171928,0.18670943370278492,0.5543641652171928,,0,5,2.2201063262149093e-10,0,0,0,0,1,1,6.431411077268999,NO_RAW_BREAK_CROSSING,S0,UNIFORM,PROCESSED,543686c8c380d4bda5e0cff48ed96aa47d2d8153ae31e9d17ba8f374e44c5e3b
9321,117,26,0.2222222222222222,,True,False,False,31,2,58,84,26,0.6904761904761905,,4.818811259961246,0.9876565776647708,0.4095699726035589,2.9931366023785175,3.6036934117391954,4.428953978277394,,84,0,True,4,3,2,3,0,0,7150.836582860233,,7091.675656294921,,RAW_WINDOWS_DT30_DISTANCE400_V1,117,86,31,0.7350427350427351,,86,54.77852427863277,1.6048275883721974,3.681493229358125,,1,5,1.457110836497764e-10,3,0,0,4,4,1,7148.547371203992,NO_RAW_BREAK_CROSSING,R0,UNIFORM,PROCESSED,1aa5a700f21bca7605e98b37f692fbd669aca4fb110efec2f7c9bc62a7570161
9321,117,30,0.2564102564102564,,True,False,False,1,16,70,100,30,0.7,,4.818811259961246,0.9148470491736294,0.4095699726035589,2.6615549396452964,3.5826065948859704,4.353800767350388,,100,0,True,4,1,16,11,0,0,7150.836582860233,,7099.042953670225,,RAW_WINDOWS_DT30_DISTANCE400_V1,117,116,1,0.9914529914529915,,116,54.77852427863277,1.4347863603651076,3.587878299099277,,1,5,1.457110836497764e-10,3,0,0,1,4,3,7148.547371203992,NO_RAW_BREAK_CROSSING,S0,UNIFORM,PROCESSED,2d8ec81b8b4fa3981175d56c36be36d95c922657441b8bd5d6415bc1ff398ac9
9564,98,0,0.0,,False,True,True,98,0,0,0,0,,EMPTY_DP_REFERENCE_DENOMINATOR,,,,,,,EMPTY_DP_REFERENCE,0,0,True,1,1,0,0,0,0,20.615523471118358,,,EMPTY_OUTPUT,RAW_WINDOWS_DT30_DISTANCE400_V1,98,0,98,0.0,,0,,,,NO_COVERED_RAW_POINTS,0,5,1.3165227957123497e-10,0,0,0,0,1,0,20.615523471118358,NO_RAW_BREAK_CROSSING,R0,UNIFORM,ALL_FILTERED,149ab52da22421d93cce4ff126b3a3c77eb48bd15975afc90a5b01edfce73d54
9564,98,2,0.02040816326530612,,True,False,False,0,0,96,98,2,0.9795918367346939,,0.9578526126240291,0.6684428655190496,0.7495073088829736,0.9389112307902889,0.9578526126240291,0.9578526126240291,,98,0,True,1,0,0,98,0,0,20.615523471118358,,19.49709224467864,,RAW_WINDOWS_DT30_DISTANCE400_V1,98,98,0,1.0,,98,0.9578526126240291,0.6684428655190496,0.9578526126240291,,0,5,1.3165227957123497e-10,0,0,0,0,1,1,20.615523471118358,NO_RAW_BREAK_CROSSING,S0,UNIFORM,PROCESSED,f56ce389c2f3cb08b84e0a3679c618c873781f9db831b9c6122928d2b8b62870
2690,103,16,0.1553398058252427,,True,False,False,0,0,87,103,16,0.8446601941747574,,3.587485953764179,1.1906248004191597,0.9302832907156268,2.896858319664609,2.896858319664609,3.039425864472263,,103,0,True,1,0,0,76,0,0,2359.0497532202066,,2355.9767977757447,,RAW_WINDOWS_DT30_DISTANCE400_V1,103,103,0,1.0,,103,3.587485953764179,1.1906248004191597,2.896858319664609,,0,5,2.7243055750369084e-10,0,0,0,0,1,1,2359.0497532202066,NO_RAW_BREAK_CROSSING,R0,UNIFORM,PROCESSED,539fe389537ee7cdc6a6cbfe6d5ede90960b487df457f05a51f630f63f757c9f
2690,103,16,0.1553398058252427,,True,False,False,0,0,87,103,16,0.8446601941747574,,3.587485953764179,1.1906248004191597,0.9302832907156268,2.896858319664609,2.896858319664609,3.039425864472263,,103,0,True,1,0,0,76,0,0,2359.0497532202066,,2355.9767977757447,,RAW_WINDOWS_DT30_DISTANCE400_V1,103,103,0,1.0,,103,3.587485953764179,1.1906248004191597,2.896858319664609,,0,5,2.7243055750369084e-10,0,0,0,0,1,1,2359.0497532202066,NO_RAW_BREAK_CROSSING,S0,UNIFORM,PROCESSED,71fd9ddf62317e987c69796ced9f4dc32f99c119ec2b55dbdc049deca17c0d79
7118,99,19,0.1919191919191919,,True,False,False,0,2,78,97,19,0.8041237113402062,,3.6805105374786864,1.1280652111731242,0.8869694157110005,2.424027694849587,2.424027694849587,3.621343988057448,,97,0,True,2,0,2,70,0,0,3799.984508626546,,3265.9908057395905,,RAW_WINDOWS_DT30_DISTANCE400_V1,99,99,0,1.0,,99,10.043038992965057,1.2430195307439462,2.712444268775663,,1,5,3.3450545613171184e-10,1,0,0,0,2,2,3278.6802724552344,NO_RAW_BREAK_CROSSING,R0,UNIFORM,PROCESSED,30f785a60f6c5b38e3c72319a15500e99acd4806e7f50a8a00a89d7659df3c82
7118,99,19,0.1919191919191919,,True,False,False,0,2,78,97,19,0.8041237113402062,,3.6805105374786864,1.1280652111731242,0.8869694157110005,2.424027694849587,2.424027694849587,3.621343988057448,,97,0,True,2,0,2,70,0,0,3799.984508626546,,3265.9908057395905,,RAW_WINDOWS_DT30_DISTANCE400_V1,99,99,0,1.0,,99,10.043038992965057,1.2430195307439462,2.712444268775663,,1,5,3.3450545613171184e-10,1,0,0,0,2,2,3278.6802724552344,NO_RAW_BREAK_CROSSING,S0,UNIFORM,PROCESSED,9131b71b8ec1942e5a5b67f94cd5d27ecf5b39dbed4ac3e2ba0e63cf31c5c98d
853,100,0,0.0,,False,True,True,100,0,0,0,0,,EMPTY_DP_REFERENCE_DENOMINATOR,,,,,,,EMPTY_DP_REFERENCE,0,0,True,1,1,0,0,0,0,9.548008666762666,,,EMPTY_OUTPUT,RAW_WINDOWS_DT30_DISTANCE400_V1,100,0,100,0.0,,0,,,,NO_COVERED_RAW_POINTS,0,5,6.699718507206758e-10,0,0,0,0,1,0,9.548008666762666,NO_RAW_BREAK_CROSSING,R0,UNIFORM,ALL_FILTERED,d9dbf9d441cd9a0c6fde9846cda04bca890e1e235ac546885e9224b69533da83
853,100,2,0.02,,True,False,False,0,0,98,100,2,0.98,,1.0246159737962488,0.6322736375148486,0.7760565663842801,0.8403205911058416,0.8766119971358693,1.0246159737962488,,100,0,True,1,0,0,100,0,0,9.548008666762666,,0.5822151717112324,,RAW_WINDOWS_DT30_DISTANCE400_V1,100,100,0,1.0,,100,1.0246159737962488,0.6322736375148486,0.8766119971358693,,0,5,6.699718507206758e-10,0,0,0,0,1,1,9.548008666762666,NO_RAW_BREAK_CROSSING,S0,UNIFORM,PROCESSED,5a7bf6c907f5385b66c45c72f59b3ad6131776fc9230bbdd022c32508b189566
8890,107,33,0.308411214953271,,True,False,False,0,3,71,104,33,0.6826923076923077,,4.906716908822077,1.1511632443435091,0.7847727751729829,3.0623544319157077,3.967135391934609,4.645555544036238,,104,0,True,2,0,3,27,0,0,7309.236505067496,,7061.084864921836,,RAW_WINDOWS_DT30_DISTANCE400_V1,107,107,0,1.0,,107,62.44617078792167,1.798827332960384,4.223000663833441,,2,5,1.5415850524539334e-10,1,0,0,0,2,2,7096.95717878953,NO_RAW_BREAK_CROSSING,R0,UNIFORM,PROCESSED,f3cd6deb4f25bf4f0671b39f2fd98dc653c0762db82a3950b78b491365dc798a
8890,107,33,0.308411214953271,,True,False,False,0,3,71,104,33,0.6826923076923077,,4.906716908822077,1.1511632443435091,0.7847727751729829,3.0623544319157077,3.967135391934609,4.645555544036238,,104,0,True,2,0,3,27,0,0,7309.236505067496,,7061.084864921836,,RAW_WINDOWS_DT30_DISTANCE400_V1,107,107,0,1.0,,107,62.44617078792167,1.798827332960384,4.223000663833441,,2,5,1.5415850524539334e-10,1,0,0,0,2,2,7096.95717878953,NO_RAW_BREAK_CROSSING,S0,UNIFORM,PROCESSED,6f30a117215c84044f379b4eb32d18649377f228ac9a58f027053ce770c2fa4b
1413,100,0,0.0,,False,True,True,100,0,0,0,0,,EMPTY_DP_REFERENCE_DENOMINATOR,,,,,,,EMPTY_DP_REFERENCE,0,0,True,1,1,0,0,0,0,5.029011650364891,,,EMPTY_OUTPUT,RAW_WINDOWS_DT30_DISTANCE400_V1,100,0,100,0.0,,0,,,,NO_COVERED_RAW_POINTS,0,5,1.1755282668338983e-10,0,0,0,0,1,0,5.029011650364891,NO_RAW_BREAK_CROSSING,R0,UNIFORM,ALL_FILTERED,4ef1cdee10d7e443f05c1b8369741b744cca6fd78fe5da59efbeb9d70d0f2d4d
1413,100,2,0.02,,True,False,False,0,0,98,100,2,0.98,,0.5128306907007205,0.16696815433918938,0.11329972361162732,0.40549396078673466,0.5128306907007205,0.5128306907007205,,100,0,True,1,0,0,100,0,0,5.029011650364891,,4.424113601871513,,RAW_WINDOWS_DT30_DISTANCE400_V1,100,100,0,1.0,,100,0.5128306907007205,0.16696815433918938,0.5128306907007205,,0,5,1.1755282668338983e-10,0,0,0,0,1,1,5.029011650364891,NO_RAW_BREAK_CROSSING,S0,UNIFORM,PROCESSED,f4c04413eabd41d1bceaeee62678b5cd2f59d49bf7001b638ec0cf42933bafd7
8036,98,19,0.19387755102040816,,True,False,False,40,0,39,58,19,0.6724137931034483,,4.701777709605929,0.407060299960935,0.0,1.2221873209898426,3.149582867749207,4.55470696805254,,58,0,True,2,1,0,31,0,0,2825.0265264139757,,2818.5010265321935,,RAW_WINDOWS_DT30_DISTANCE400_V1,98,58,40,0.5918367346938775,,58,4.701777709605929,0.407060299960935,3.149582867749207,,0,5,1.8568423819986106e-10,1,0,0,1,2,1,2822.1040966041537,NO_RAW_BREAK_CROSSING,R0,UNIFORM,PROCESSED,0909ce2fa2de5afac3405ba246453bc381a2bd9937b9d3b0e655552214cdca4b
8036,98,21,0.21428571428571427,,True,False,False,0,0,77,98,21,0.7857142857142857,,4.701777709605929,0.3895399328807791,0.0,0.8179041309909761,1.4925247750681236,4.451499430120338,,98,0,True,2,0,0,71,0,0,2825.0265264139757,,2819.4428636662547,,RAW_WINDOWS_DT30_DISTANCE400_V1,98,98,0,1.0,,98,4.701777709605929,0.3895399328807791,1.4925247750681236,,0,5,1.8568423819986106e-10,1,0,0,0,2,2,2822.1040966041537,NO_RAW_BREAK_CROSSING,S0,UNIFORM,PROCESSED,6192a778fb6ffb461da39792c679ae749c64027a1b100186709f8a118ae464f3
1918,102,15,0.14705882352941177,,True,False,False,0,3,84,99,15,0.8484848484848485,,4.552346414245564,0.9400928298362482,0.5202729487386875,3.0196065465899324,4.228930148421516,4.552346414245564,,99,0,True,1,0,3,57,0,0,4222.288157498661,,4193.992466541522,,RAW_WINDOWS_DT30_DISTANCE400_V1,102,102,0,1.0,,102,17.19225658804746,1.2664115394702515,4.552346414245564,,2,5,4.909781393849006e-10,0,0,0,0,1,1,4222.288157498661,NO_RAW_BREAK_CROSSING,R0,UNIFORM,PROCESSED,00d8314d2dd2c176a47b0fca3b229238c0cef0d4d0b6135839a27cc39db29426
1918,102,15,0.14705882352941177,,True,False,False,0,3,84,99,15,0.8484848484848485,,4.552346414245564,0.9400928298362482,0.5202729487386875,3.0196065465899324,4.228930148421516,4.552346414245564,,99,0,True,1,0,3,57,0,0,4222.288157498661,,4193.992466541522,,RAW_WINDOWS_DT30_DISTANCE400_V1,102,102,0,1.0,,102,17.19225658804746,1.2664115394702515,4.552346414245564,,2,5,4.909781393849006e-10,0,0,0,0,1,1,4222.288157498661,NO_RAW_BREAK_CROSSING,S0,UNIFORM,PROCESSED,9f7ed31e3c7df219c0a33443c0fb792129b236d7140303376b146ee4d53a64ce
6185,111,0,0.0,,False,True,True,111,0,0,0,0,,EMPTY_DP_REFERENCE_DENOMINATOR,,,,,,,EMPTY_DP_REFERENCE,0,0,True,9,9,0,0,0,0,0.0,,,EMPTY_OUTPUT,RAW_WINDOWS_DT30_DISTANCE400_V1,111,0,111,0.0,,0,,,,NO_COVERED_RAW_POINTS,0,5,3.590887771916245e-10,8,0,0,16,9,0,0.0,NO_RAW_BREAK_CROSSING,R0,UNIFORM,ALL_FILTERED,1b42ac98f80121f99436af33c83709a77c27d14d47104b37d0a3044b9df735a5
6185,111,18,0.16216216216216217,,True,False,False,0,0,93,111,18,0.8378378378378378,,0.0,0.0,0.0,0.0,0.0,0.0,,111,0,True,9,0,0,111,0,0,0.0,,0.0,,RAW_WINDOWS_DT30_DISTANCE400_V1,111,111,0,1.0,,111,0.0,0.0,0.0,,0,5,3.590887771916245e-10,8,0,0,0,9,9,0.0,NO_RAW_BREAK_CROSSING,S0,UNIFORM,PROCESSED,1952daaf3c54738df1e6c11401d21f81d5f141455526dfefbef3bc5a5a17964f
2033,100,0,0.0,,False,True,True,100,0,0,0,0,,EMPTY_DP_REFERENCE_DENOMINATOR,,,,,,,EMPTY_DP_REFERENCE,0,0,True,1,1,0,0,0,0,22.80685187696719,,,EMPTY_OUTPUT,RAW_WINDOWS_DT30_DISTANCE400_V1,100,0,100,0.0,,0,,,,NO_COVERED_RAW_POINTS,0,5,2.573707886450732e-10,0,0,0,0,1,0,22.80685187696719,NO_RAW_BREAK_CROSSING,R0,UNIFORM,ALL_FILTERED,96b9f78a79858f7d6f35333b3e54705836139606c360fb745fab36f7c6cdeeed
2033,100,2,0.02,,True,False,False,0,0,98,100,2,0.98,,1.800366726560045,0.9559143599582582,0.8607367622052438,1.68020900305431,1.800366726560045,1.800366726560045,,100,0,True,1,0,0,100,0,0,22.80685187696719,,20.878197739068675,,RAW_WINDOWS_DT30_DISTANCE400_V1,100,100,0,1.0,,100,1.800366726560045,0.9559143599582582,1.800366726560045,,0,5,2.573707886450732e-10,0,0,0,0,1,1,22.80685187696719,NO_RAW_BREAK_CROSSING,S0,UNIFORM,PROCESSED,7cd9bd47ef316b78959953fbf61b7ac3085469db571948cc7c046af370148dcf
8057,83,29,0.3493975903614458,,True,False,False,6,1,47,76,29,0.618421052631579,,4.820411034714875,0.785078046241091,0.0,2.65254281837602,3.8008973309256495,4.795738935617081,,76,0,True,8,3,1,39,0,0,11103.160184355287,,6710.300172310116,,RAW_WINDOWS_DT30_DISTANCE400_V1,83,77,6,0.927710843373494,,77,4.820411034714875,0.8006457440124762,3.7721940633681936,,0,5,3.262912825870993e-10,7,0,0,4,8,5,7273.435461978908,NO_RAW_BREAK_CROSSING,R0,UNIFORM,PROCESSED,f7f2d5608233571404577965776e7eda438eeaa390df89b59aec2a547a98879a
8057,83,33,0.39759036144578314,,True,False,False,2,1,47,80,33,0.5875,,4.820411034714875,0.7458241439290365,0.0,2.5384279199693927,3.6860842606958184,4.794423090331865,,80,0,True,8,2,1,42,0,0,11103.160184355287,,7269.052336861613,,RAW_WINDOWS_DT30_DISTANCE400_V1,83,81,2,0.9759036144578314,,81,4.820411034714875,0.7611076825797614,3.6573809931383625,,0,5,3.262912825870993e-10,7,0,0,2,8,6,7273.435461978908,NO_RAW_BREAK_CROSSING,S0,UNIFORM,PROCESSED,7edb38dbe0b74f465e2b382d135faf4c13d8defa95ffede89eb42ca71494bbda
3385,111,52,0.46846846846846846,,True,False,False,0,1,58,110,52,0.5272727272727273,,4.520302302004202,1.1048526217300367,0.0,3.0345160520388736,3.2947441373946074,4.408491429223785,,110,0,True,2,0,1,44,0,0,8236.521419629902,,8124.432591173461,,RAW_WINDOWS_DT30_DISTANCE400_V1,111,111,0,1.0,,111,4.520302302004202,1.1342602073421855,3.320074060115876,,0,5,2.486016474404952e-10,1,0,0,0,2,2,8130.684775450583,NO_RAW_BREAK_CROSSING,R0,UNIFORM,PROCESSED,7c3b765fdc15578b5c6f8a574780a0140d64a95f0eeb73252360456c3a7cdd4d
3385,111,52,0.46846846846846846,,True,False,False,0,1,58,110,52,0.5272727272727273,,4.520302302004202,1.1048526217300367,0.0,3.0345160520388736,3.2947441373946074,4.408491429223785,,110,0,True,2,0,1,44,0,0,8236.521419629902,,8124.432591173461,,RAW_WINDOWS_DT30_DISTANCE400_V1,111,111,0,1.0,,111,4.520302302004202,1.1342602073421855,3.320074060115876,,0,5,2.486016474404952e-10,1,0,0,0,2,2,8130.684775450583,NO_RAW_BREAK_CROSSING,S0,UNIFORM,PROCESSED,8636a2fcdfd32d8ef03ed81dc4fbb136ea97473389783eb05676dd8c3d519be9
6938,103,24,0.23300970873786409,,True,False,False,0,1,78,102,24,0.7647058823529411,,4.640093588474943,1.126410184000199,0.5226650645919483,3.1714047908606005,4.109093719425634,4.590216308094951,,102,0,True,1,0,1,22,0,0,8551.00586152541,,8546.619664156298,,RAW_WINDOWS_DT30_DISTANCE400_V1,103,103,0,1.0,,103,6.384645745872527,1.1774610146979887,4.120163654266345,,1,5,3.720719970918944e-10,0,0,0,0,1,1,8551.00586152541,NO_RAW_BREAK_CROSSING,R0,UNIFORM,PROCESSED,bcd2a6f0f7e41aedcb8e813cf13b8df2b1afe9f4810149d2bcec97ee561ec435
6938,103,24,0.23300970873786409,,True,False,False,0,1,78,102,24,0.7647058823529411,,4.640093588474943,1.126410184000199,0.5226650645919483,3.1714047908606005,4.109093719425634,4.590216308094951,,102,0,True,1,0,1,22,0,0,8551.00586152541,,8546.619664156298,,RAW_WINDOWS_DT30_DISTANCE400_V1,103,103,0,1.0,,103,6.384645745872527,1.1774610146979887,4.120163654266345,,1,5,3.720719970918944e-10,0,0,0,0,1,1,8551.00586152541,NO_RAW_BREAK_CROSSING,S0,UNIFORM,PROCESSED,ded9fc8dc08a2442b866f295f99af30edd114a05e580021b7173eda9e6b2c769
3618,108,40,0.37037037037037035,,True,False,False,0,5,63,103,40,0.6116504854368932,,4.965878892347982,0.9388400335357214,0.05961421043729678,3.27479258463055,3.289895738718257,4.640891226153279,,103,0,True,3,0,5,46,0,0,10457.509911980815,,9596.412587331364,,RAW_WINDOWS_DT30_DISTANCE400_V1,108,108,0,1.0,,108,124.91387080527811,2.3101183770861176,3.8343083256160817,,3,5,2.923186034528138e-10,2,0,0,0,3,3,9869.30441439447,NO_RAW_BREAK_CROSSING,R0,UNIFORM,PROCESSED,b779d1dbc70b5ddfc174cb27bd9d2a2efe6ae0c3655494e127053d8fa0de4882
3618,108,40,0.37037037037037035,,True,False,False,0,5,63,103,40,0.6116504854368932,,4.965878892347982,0.9388400335357214,0.05961421043729678,3.27479258463055,3.289895738718257,4.640891226153279,,103,0,True,3,0,5,46,0,0,10457.509911980815,,9596.412587331364,,RAW_WINDOWS_DT30_DISTANCE400_V1,108,108,0,1.0,,108,124.91387080527811,2.3101183770861176,3.8343083256160817,,3,5,2.923186034528138e-10,2,0,0,0,3,3,9869.30441439447,NO_RAW_BREAK_CROSSING,S0,UNIFORM,PROCESSED,b54468ad9375db811d78c319c55cf558d69cd4acd1a23e8209c417f05aa02fa1
10845,102,17,0.16666666666666666,,True,False,False,0,0,85,102,17,0.8333333333333334,,4.8623391949288965,0.76005487287953,0.0,2.4045703301122936,2.5976328397720603,4.595277989376206,,102,0,True,1,0,0,76,0,0,3059.0830812209765,,3055.047830593916,,RAW_WINDOWS_DT30_DISTANCE400_V1,102,102,0,1.0,,102,4.8623391949288965,0.76005487287953,2.5976328397720603,,0,5,1.6248049948018538e-10,0,0,0,0,1,1,3059.0830812209765,NO_RAW_BREAK_CROSSING,R0,UNIFORM,PROCESSED,4f821d090664dd444309f933b3b36840792135c9b515cfc4d1a854d20ae3f89e
10845,102,17,0.16666666666666666,,True,False,False,0,0,85,102,17,0.8333333333333334,,4.8623391949288965,0.76005487287953,0.0,2.4045703301122936,2.5976328397720603,4.595277989376206,,102,0,True,1,0,0,76,0,0,3059.0830812209765,,3055.047830593916,,RAW_WINDOWS_DT30_DISTANCE400_V1,102,102,0,1.0,,102,4.8623391949288965,0.76005487287953,2.5976328397720603,,0,5,1.6248049948018538e-10,0,0,0,0,1,1,3059.0830812209765,NO_RAW_BREAK_CROSSING,S0,UNIFORM,PROCESSED,dc7585d02f2f3058b234b0e5848eb6c8e7d39ac1a5ff15c1220d8ebd52730cec
6017,110,40,0.36363636363636365,,True,False,False,0,2,68,108,40,0.6296296296296297,,4.6047874311323165,0.7683448351531446,0.0,2.8172688245247635,2.9518577487505406,4.203230345972791,,108,0,True,3,0,2,54,0,0,5773.4579904652255,,5321.699716902334,,RAW_WINDOWS_DT30_DISTANCE400_V1,110,110,0,1.0,,110,4.6047874311323165,0.8118267158465998,2.9998304779041844,,0,5,2.0546118000522568e-10,2,0,0,0,3,3,5333.814441777931,NO_RAW_BREAK_CROSSING,R0,UNIFORM,PROCESSED,9ec62e8a27d0ba6ca759b8f7a29b12e2fe314702684acd4ff0671d63711de97f
6017,110,40,0.36363636363636365,,True,False,False,0,2,68,108,40,0.6296296296296297,,4.6047874311323165,0.7683448351531446,0.0,2.8172688245247635,2.9518577487505406,4.203230345972791,,108,0,True,3,0,2,54,0,0,5773.4579904652255,,5321.699716902334,,RAW_WINDOWS_DT30_DISTANCE400_V1,110,110,0,1.0,,110,4.6047874311323165,0.8118267158465998,2.9998304779041844,,0,5,2.0546118000522568e-10,2,0,0,0,3,3,5333.814441777931,NO_RAW_BREAK_CROSSING,S0,UNIFORM,PROCESSED,058391bd9b2602a28b8599fe6f17a06d74e19102f3a0831fd54617dbfdc7b1cd
3888,100,8,0.08,,True,False,False,0,7,85,93,8,0.9139784946236559,,3.8647692638957505,1.0083828606540783,0.7365936802584765,2.5905015599325596,3.1819489114248096,3.6595960403901855,,93,0,True,1,0,7,3,0,0,273.1683459440431,,259.367490933074,,RAW_WINDOWS_DT30_DISTANCE400_V1,100,100,0,1.0,,100,3.8647692638957505,1.0477316137564177,3.1311602938472864,,0,5,2.0569773899154491e-10,0,0,0,0,1,1,273.1683459440431,NO_RAW_BREAK_CROSSING,R0,UNIFORM,PROCESSED,deb651ed5492809d59f67db3f33da2792927117668f973e52c8150ab23cb9887
3888,100,8,0.08,,True,False,False,0,7,85,93,8,0.9139784946236559,,3.8647692638957505,1.0083828606540783,0.7365936802584765,2.5905015599325596,3.1819489114248096,3.6595960403901855,,93,0,True,1,0,7,3,0,0,273.1683459440431,,259.367490933074,,RAW_WINDOWS_DT30_DISTANCE400_V1,100,100,0,1.0,,100,3.8647692638957505,1.0477316137564177,3.1311602938472864,,0,5,2.0569773899154491e-10,0,0,0,0,1,1,273.1683459440431,NO_RAW_BREAK_CROSSING,S0,UNIFORM,PROCESSED,7643b9ffecc837a2926ad040cebf5d4306975318d957d558a1b4593887454415
8189,100,0,0.0,,False,True,True,100,0,0,0,0,,EMPTY_DP_REFERENCE_DENOMINATOR,,,,,,,EMPTY_DP_REFERENCE,0,0,True,1,1,0,0,0,0,1.4739984346370851,,,EMPTY_OUTPUT,RAW_WINDOWS_DT30_DISTANCE400_V1,100,0,100,0.0,,0,,,,NO_COVERED_RAW_POINTS,0,5,6.441872404532531e-10,0,0,0,0,1,0,1.4739984346370851,NO_RAW_BREAK_CROSSING,R0,UNIFORM,ALL_FILTERED,ce137a8ca2e85f0a63d98fde05cde6f8a657b575c1d4ecb5fcf887ad05515385
8189,100,2,0.02,,True,False,False,0,0,98,100,2,0.98,,0.32008694445916014,0.11888943296411116,0.10974408493160731,0.32008694445916014,0.32008694445916014,0.32008694445916014,,100,0,True,1,0,0,100,0,0,1.4739984346370851,,1.1584011960281528,,RAW_WINDOWS_DT30_DISTANCE400_V1,100,100,0,1.0,,100,0.32008694445916014,0.11888943296411116,0.32008694445916014,,0,5,6.441872404532531e-10,0,0,0,0,1,1,1.4739984346370851,NO_RAW_BREAK_CROSSING,S0,UNIFORM,PROCESSED,aacdf9d0d1b6a567e58c6359f9785b5728db473a816c87fd834a94049f3d2ccf
2889,99,0,0.0,,False,True,True,99,0,0,0,0,,EMPTY_DP_REFERENCE_DENOMINATOR,,,,,,,EMPTY_DP_REFERENCE,0,0,True,1,1,0,0,0,0,19.805651106362635,,,EMPTY_OUTPUT,RAW_WINDOWS_DT30_DISTANCE400_V1,99,0,99,0.0,,0,,,,NO_COVERED_RAW_POINTS,0,5,4.2738054844095014e-10,0,0,0,0,1,0,19.805651106362635,NO_RAW_BREAK_CROSSING,R0,UNIFORM,ALL_FILTERED,611e33415bbe20dcb10e704c84432e979a37b778bbcdf7c622de911086b9cbc0
2889,99,2,0.020202020202020204,,True,False,False,0,0,97,99,2,0.9797979797979798,,3.695620789979563,1.585451378626503,1.3400551554975724,3.0004672721127927,3.3187302779979575,3.695620789979563,,99,0,True,1,0,0,99,0,0,19.805651106362635,,3.0315082309733667,,RAW_WINDOWS_DT30_DISTANCE400_V1,99,99,0,1.0,,99,3.695620789979563,1.585451378626503,3.3187302779979575,,0,5,4.2738054844095014e-10,0,0,0,0,1,1,19.805651106362635,NO_RAW_BREAK_CROSSING,S0,UNIFORM,PROCESSED,afad218a800734ab6386ec5408c583562c5668a03a32d562b56c71e39028cbb2
8935,100,8,0.08,,True,False,False,0,2,90,98,8,0.9183673469387755,,4.174443563240877,0.9691810017938105,0.3812116799728966,2.764254249351594,3.531270608823251,4.174443563240877,,98,0,True,1,0,2,90,0,0,301.8355201535766,,266.5916053420862,,RAW_WINDOWS_DT30_DISTANCE400_V1,100,100,0,1.0,,100,8.784941180767351,1.0701178176431703,3.531270608823251,,1,5,1.3792503170797173e-10,0,0,0,0,1,1,301.8355201535766,NO_RAW_BREAK_CROSSING,R0,UNIFORM,PROCESSED,20a8d41d1226daa3fb9fa9b424393c2e8c79f3af5113b9ba7ad2a05d76d3391e
8935,100,8,0.08,,True,False,False,0,2,90,98,8,0.9183673469387755,,4.174443563240877,0.9691810017938105,0.3812116799728966,2.764254249351594,3.531270608823251,4.174443563240877,,98,0,True,1,0,2,90,0,0,301.8355201535766,,266.5916053420862,,RAW_WINDOWS_DT30_DISTANCE400_V1,100,100,0,1.0,,100,8.784941180767351,1.0701178176431703,3.531270608823251,,1,5,1.3792503170797173e-10,0,0,0,0,1,1,301.8355201535766,NO_RAW_BREAK_CROSSING,S0,UNIFORM,PROCESSED,a2ad55e8fe582dfa02a2256828a58fb04871f1bbe4d3a33a64f2d59e4ae5e232
3520,100,0,0.0,,False,True,True,100,0,0,0,0,,EMPTY_DP_REFERENCE_DENOMINATOR,,,,,,,EMPTY_DP_REFERENCE,0,0,True,1,1,0,0,0,0,12.999693310316356,,,EMPTY_OUTPUT,RAW_WINDOWS_DT30_DISTANCE400_V1,100,0,100,0.0,,0,,,,NO_COVERED_RAW_POINTS,0,5,1.5611943865996396e-10,0,0,0,0,1,0,12.999693310316356,NO_RAW_BREAK_CROSSING,R0,UNIFORM,ALL_FILTERED,c16f6ff8535c330291962141dde727b2fdfa7c14f77389fada5d6949bdaa7525
3520,100,2,0.02,,True,False,False,0,7,91,93,2,0.978494623655914,,1.2694366843556995,0.5542066493999149,0.5543764291555079,0.9652343607946628,1.0813531359224864,1.2694366843556995,,93,0,True,1,0,7,80,0,0,12.999693310316356,,0.958093398694219,,RAW_WINDOWS_DT30_DISTANCE400_V1,100,100,0,1.0,,100,1.2694366843556995,0.5533189566672476,1.0696852029123827,,0,5,1.5611943865996396e-10,0,0,0,0,1,1,12.999693310316356,NO_RAW_BREAK_CROSSING,S0,UNIFORM,PROCESSED,7d5e3774a54d9a61291b52666b8838cdc586a87b977fd477f17cf213e81ace9d
5107,116,55,0.47413793103448276,,True,False,False,1,7,53,108,55,0.4907407407407407,,4.845725693574475,0.9071464505156603,0.0,3.1971335457520276,3.4714518765528717,4.093435073287085,,108,0,True,5,1,7,19,0,0,14199.438362744024,,12461.604544320926,,RAW_WINDOWS_DT30_DISTANCE400_V1,116,115,1,0.9913793103448276,,115,45.398667644530214,2.0456240526577627,5.454566910842133,,6,5,2.2816886914995847e-10,4,0,0,1,5,4,12584.738869775512,NO_RAW_BREAK_CROSSING,R0,UNIFORM,PROCESSED,00350445975e8565f2ee80ae46d0e28cf134608152f0feafc9f08f20b509da55
5107,116,55,0.47413793103448276,,True,False,False,1,7,53,108,55,0.4907407407407407,,4.845725693574475,0.9071464505156603,0.0,3.1971335457520276,3.4714518765528717,4.093435073287085,,108,0,True,5,1,7,19,0,0,14199.438362744024,,12461.604544320926,,RAW_WINDOWS_DT30_DISTANCE400_V1,116,115,1,0.9913793103448276,,115,45.398667644530214,2.0456240526577627,5.454566910842133,,6,5,2.2816886914995847e-10,4,0,0,1,5,4,12584.738869775512,NO_RAW_BREAK_CROSSING,S0,UNIFORM,PROCESSED,1e3499ec78107537b20f27fc6b0e01988c4363e641a04497ac5c111cb19f847e
2650,100,0,0.0,,False,True,True,100,0,0,0,0,,EMPTY_DP_REFERENCE_DENOMINATOR,,,,,,,EMPTY_DP_REFERENCE,0,0,True,1,1,0,0,0,0,2.673522977580353,,,EMPTY_OUTPUT,RAW_WINDOWS_DT30_DISTANCE400_V1,100,0,100,0.0,,0,,,,NO_COVERED_RAW_POINTS,0,5,1.0028294214565361e-10,0,0,0,0,1,0,2.673522977580353,NO_RAW_BREAK_CROSSING,R0,UNIFORM,ALL_FILTERED,ba02e329d125d2ec60f1f13762e8e7dc724aeb6eb0ae4a24a6cf4c958279e349
2650,100,2,0.02,,True,False,False,0,0,98,100,2,0.98,,0.3243908920480629,0.1638174023812589,0.1459758983339109,0.29519571435720726,0.3243908920480629,0.3243908920480629,,100,0,True,1,0,0,100,0,0,2.673522977580353,,1.9511282610218157,,RAW_WINDOWS_DT30_DISTANCE400_V1,100,100,0,1.0,,100,0.3243908920480629,0.1638174023812589,0.3243908920480629,,0,5,1.0028294214565361e-10,0,0,0,0,1,1,2.673522977580353,NO_RAW_BREAK_CROSSING,S0,UNIFORM,PROCESSED,dd068f242a6627e5f820cb46a316e0cb7b3acd4bb19af4107617c61d38d718b7
2304,104,11,0.10576923076923077,,True,False,False,0,3,90,101,11,0.8910891089108911,,4.117492960797542,1.0235743459032367,0.3958520353842441,3.198773578256345,3.7628433949080455,3.7628433949080455,,101,0,True,1,0,3,79,0,0,2438.7219490981324,,2389.0257723228874,,RAW_WINDOWS_DT30_DISTANCE400_V1,104,104,0,1.0,,104,14.316407534469999,1.334755942044766,3.7628433949080455,,3,5,1.4494675478426062e-10,0,0,0,0,1,1,2438.7219490981324,NO_RAW_BREAK_CROSSING,R0,UNIFORM,PROCESSED,12289db6122ebfacf97483df02bed62c4492e6b6a83a80481f6fb426c134832b
2304,104,11,0.10576923076923077,,True,False,False,0,3,90,101,11,0.8910891089108911,,4.117492960797542,1.0235743459032367,0.3958520353842441,3.198773578256345,3.7628433949080455,3.7628433949080455,,101,0,True,1,0,3,79,0,0,2438.7219490981324,,2389.0257723228874,,RAW_WINDOWS_DT30_DISTANCE400_V1,104,104,0,1.0,,104,14.316407534469999,1.334755942044766,3.7628433949080455,,3,5,1.4494675478426062e-10,0,0,0,0,1,1,2438.7219490981324,NO_RAW_BREAK_CROSSING,S0,UNIFORM,PROCESSED,7b6685b996180d950114138d9df5a45e4c6086b27001bdcb02c580f3040ca2bf
6397,120,42,0.35,,True,False,False,0,14,64,106,42,0.6037735849056604,,4.681281803385245,1.025891247493111,0.11232253332745734,3.3610104656887336,3.609339968003711,4.371854612519275,,106,0,True,1,0,14,27,0,0,6687.409213035666,,6559.623497739278,,RAW_WINDOWS_DT30_DISTANCE400_V1,120,120,0,1.0,,120,42.57356752358287,2.6680674684388483,9.178130999512453,,8,5,3.561190081495727e-10,0,0,0,0,1,1,6687.409213035666,NO_RAW_BREAK_CROSSING,R0,UNIFORM,PROCESSED,39784504c40c4dafeb939135d2b912bfd7b7339de22d63cb38456ecc02ab427c
6397,120,42,0.35,,True,False,False,0,14,64,106,42,0.6037735849056604,,4.681281803385245,1.025891247493111,0.11232253332745734,3.3610104656887336,3.609339968003711,4.371854612519275,,106,0,True,1,0,14,27,0,0,6687.409213035666,,6559.623497739278,,RAW_WINDOWS_DT30_DISTANCE400_V1,120,120,0,1.0,,120,42.57356752358287,2.6680674684388483,9.178130999512453,,8,5,3.561190081495727e-10,0,0,0,0,1,1,6687.409213035666,NO_RAW_BREAK_CROSSING,S0,UNIFORM,PROCESSED,9ced2e6c3a1ac70b01f116e0377dc0d315a4e85064ac68bf8392de143dab03ae
6625,99,0,0.0,,False,True,True,99,0,0,0,0,,EMPTY_DP_REFERENCE_DENOMINATOR,,,,,,,EMPTY_DP_REFERENCE,0,0,True,1,1,0,0,0,0,17.004477777200258,,,EMPTY_OUTPUT,RAW_WINDOWS_DT30_DISTANCE400_V1,99,0,99,0.0,,0,,,,NO_COVERED_RAW_POINTS,0,5,4.973999166501024e-10,0,0,0,0,1,0,17.004477777200258,NO_RAW_BREAK_CROSSING,R0,UNIFORM,ALL_FILTERED,5870b7a848728ed581362cb16ac1a3ed9c8e0b7b6051b3b6efd0616982ca88e9
6625,99,2,0.020202020202020204,,True,False,False,0,0,97,99,2,0.9797979797979798,,2.6828606454784225,1.5436207578815255,1.6875042961424778,2.3628081675424255,2.5637483764599445,2.6828606454784225,,99,0,True,1,0,0,99,0,0,17.004477777200258,,0.19092776852068086,,RAW_WINDOWS_DT30_DISTANCE400_V1,99,99,0,1.0,,99,2.6828606454784225,1.5436207578815255,2.5637483764599445,,0,5,4.973999166501024e-10,0,0,0,0,1,1,17.004477777200258,NO_RAW_BREAK_CROSSING,S0,UNIFORM,PROCESSED,a1d41b169e5aec22783e0cc3fbf8e49c7700dfa5941b6585273cfeab2ab57483
6807,100,0,0.0,,False,True,True,100,0,0,0,0,,EMPTY_DP_REFERENCE_DENOMINATOR,,,,,,,EMPTY_DP_REFERENCE,0,0,True,1,1,0,0,0,0,38.67843596805302,,,EMPTY_OUTPUT,RAW_WINDOWS_DT30_DISTANCE400_V1,100,0,100,0.0,,0,,,,NO_COVERED_RAW_POINTS,0,5,2.6122893378393712e-11,0,0,0,0,1,0,38.67843596805302,NO_RAW_BREAK_CROSSING,R0,UNIFORM,ALL_FILTERED,b30f7a387ae0e29e26289cbfd4484a95448230201aedbc9382d2c26cd9ef491e
6807,100,3,0.03,,True,False,False,0,0,97,100,3,0.97,,2.005877941243823,0.9506020193501228,0.9352474371915285,1.7044021584758147,2.005877941243823,2.005877941243823,,100,0,True,1,0,0,100,0,0,38.67843596805302,,30.828536490393827,,RAW_WINDOWS_DT30_DISTANCE400_V1,100,100,0,1.0,,100,2.005877941243823,0.9506020193501228,2.005877941243823,,0,5,2.6122893378393712e-11,0,0,0,0,1,1,38.67843596805302,NO_RAW_BREAK_CROSSING,S0,UNIFORM,PROCESSED,9bfcace3df36895488b17fb05e7aa98825f26c2ac90766e1cc11f409a6162857
11262,100,0,0.0,,False,True,True,100,0,0,0,0,,EMPTY_DP_REFERENCE_DENOMINATOR,,,,,,,EMPTY_DP_REFERENCE,0,0,True,1,1,0,0,0,0,4.8410568858158936,,,EMPTY_OUTPUT,RAW_WINDOWS_DT30_DISTANCE400_V1,100,0,100,0.0,,0,,,,NO_COVERED_RAW_POINTS,0,5,6.020650935676728e-10,0,0,0,0,1,0,4.8410568858158936,NO_RAW_BREAK_CROSSING,R0,UNIFORM,ALL_FILTERED,3febc0b07ead1c15b03458e314fc958dca0be6a7309b73542ca5d03d6c3775e1
11262,100,2,0.02,,True,False,False,0,0,98,100,2,0.98,,0.3341938677418689,0.1252077021056977,0.11911865487472287,0.297796325304335,0.30110535405868605,0.3341938677418689,,100,0,True,1,0,0,100,0,0,4.8410568858158936,,3.200582659645429,,RAW_WINDOWS_DT30_DISTANCE400_V1,100,100,0,1.0,,100,0.3341938677418689,0.1252077021056977,0.30110535405868605,,0,5,6.020650935676728e-10,0,0,0,0,1,1,4.8410568858158936,NO_RAW_BREAK_CROSSING,S0,UNIFORM,PROCESSED,ea73df336215b6b2bcd4b5e026e5a6dfca9b73cfededeff8edd6af8f5ba7bcb9
9698,110,25,0.22727272727272727,,True,False,False,0,2,83,108,25,0.7685185185185185,,3.101631497194789,1.3385454951638602,1.2344901632530214,2.638551606592921,2.680953957514349,2.686633072501459,,108,0,True,1,0,2,77,0,0,3444.7553650607365,,3412.6572896620155,,RAW_WINDOWS_DT30_DISTANCE400_V1,110,110,0,1.0,,110,9.539458885516986,1.4507826738211298,2.686633072501459,,2,5,2.886290074838942e-10,0,0,0,0,1,1,3444.7553650607365,NO_RAW_BREAK_CROSSING,R0,UNIFORM,PROCESSED,fbd32cb00c8f14eaf702b871cebcb92d8741c201c0bde8256f5fa81a9c027f10
9698,110,25,0.22727272727272727,,True,False,False,0,2,83,108,25,0.7685185185185185,,3.101631497194789,1.3385454951638602,1.2344901632530214,2.638551606592921,2.680953957514349,2.686633072501459,,108,0,True,1,0,2,77,0,0,3444.7553650607365,,3412.6572896620155,,RAW_WINDOWS_DT30_DISTANCE400_V1,110,110,0,1.0,,110,9.539458885516986,1.4507826738211298,2.686633072501459,,2,5,2.886290074838942e-10,0,0,0,0,1,1,3444.7553650607365,NO_RAW_BREAK_CROSSING,S0,UNIFORM,PROCESSED,d12c11aa3e1497ac63c692d67dc1a63a8109d597db5c46a6a43a7c7e2def1d72
8708,107,36,0.3364485981308411,,True,False,False,11,1,59,95,36,0.6210526315789473,,4.971499642496456,1.1219998954986943,0.0,3.5324202729160166,4.011011905059248,4.321117149806957,,95,0,True,10,5,1,61,0,0,12275.900361715117,,7383.843399158721,,RAW_WINDOWS_DT30_DISTANCE400_V1,107,96,11,0.897196261682243,,96,16.04623663955183,1.2774606949159144,4.011011905059248,,1,5,2.7676875783950554e-10,9,0,0,8,10,5,8602.180474943932,NO_RAW_BREAK_CROSSING,R0,UNIFORM,PROCESSED,429af718c1cd8d0efafbf9b1edff425f15c0670d38fa04d6932ba3448f388b8b
8708,107,43,0.40186915887850466,,True,False,False,2,1,61,104,43,0.5865384615384616,,4.971499642496456,1.0280917679679569,0.0,3.3993076889139506,4.011011905059248,4.271545629619281,,104,0,True,10,2,1,69,0,0,12275.900361715117,,8593.38952179604,,RAW_WINDOWS_DT30_DISTANCE400_V1,107,105,2,0.9813084112149533,,105,16.04623663955183,1.1711217191258985,4.011011905059248,,1,5,2.7676875783950554e-10,9,0,0,2,10,8,8602.180474943932,NO_RAW_BREAK_CROSSING,S0,UNIFORM,PROCESSED,d86c2a29490d3fd62dac103538e77a0d71a4e231af59cb7049ca405046750703
4335,100,0,0.0,,False,True,True,100,0,0,0,0,,EMPTY_DP_REFERENCE_DENOMINATOR,,,,,,,EMPTY_DP_REFERENCE,0,0,True,1,1,0,0,0,0,50.566550065157,,,EMPTY_OUTPUT,RAW_WINDOWS_DT30_DISTANCE400_V1,100,0,100,0.0,,0,,,,NO_COVERED_RAW_POINTS,0,5,2.8626769618893813e-10,0,0,0,0,1,0,50.566550065157,NO_RAW_BREAK_CROSSING,R0,UNIFORM,ALL_FILTERED,c90ac3d1c08c689918493be214f3edac4f53f86dcbaced2b69720365420bf225
4335,100,4,0.04,,True,False,False,0,0,96,100,4,0.96,,4.673066301595911,1.5789226469012692,0.6287502538810762,3.862559794222271,4.673066301595911,4.673066301595911,,100,0,True,1,0,0,100,0,0,50.566550065157,,42.690956525754345,,RAW_WINDOWS_DT30_DISTANCE400_V1,100,100,0,1.0,,100,4.673066301595911,1.5789226469012692,4.673066301595911,,0,5,2.8626769618893813e-10,0,0,0,0,1,1,50.566550065157,NO_RAW_BREAK_CROSSING,S0,UNIFORM,PROCESSED,c03019aace9c08f6268c8bebc10ce76358909e1d98ef373a01da831aeff5b6e5
2144,104,31,0.2980769230769231,,True,False,False,0,0,73,104,31,0.7019230769230769,,4.937271714435153,1.2710838505210178,0.6776183421060067,3.5674238380211247,4.085350458325359,4.669798281880897,,104,0,True,1,0,0,32,0,0,10583.84575769571,,10581.390286532733,,RAW_WINDOWS_DT30_DISTANCE400_V1,104,104,0,1.0,,104,4.937271714435153,1.2710838505210178,4.085350458325359,,0,5,3.5560323613483584e-10,0,0,0,0,1,1,10583.84575769571,NO_RAW_BREAK_CROSSING,R0,UNIFORM,PROCESSED,96119f04281cf7e4f7e2739ca88df2fd3925deff973ffa25177cae3d57205cfb
2144,104,31,0.2980769230769231,,True,False,False,0,0,73,104,31,0.7019230769230769,,4.937271714435153,1.2710838505210178,0.6776183421060067,3.5674238380211247,4.085350458325359,4.669798281880897,,104,0,True,1,0,0,32,0,0,10583.84575769571,,10581.390286532733,,RAW_WINDOWS_DT30_DISTANCE400_V1,104,104,0,1.0,,104,4.937271714435153,1.2710838505210178,4.085350458325359,,0,5,3.5560323613483584e-10,0,0,0,0,1,1,10583.84575769571,NO_RAW_BREAK_CROSSING,S0,UNIFORM,PROCESSED,d3c4afd4fa82a9fda4dc2517d1a586e30f37814bd519419975abbabf58297d70
6701,108,25,0.23148148148148148,,True,False,False,50,0,33,58,25,0.5689655172413793,,4.663403959486894,0.7689118047868819,0.07668986996149597,2.2207634835411896,2.754909417436709,4.409211560547423,,58,0,True,6,3,0,24,0,0,4732.741295785419,,4167.115042411525,,RAW_WINDOWS_DT30_DISTANCE400_V1,108,58,50,0.5370370370370371,,58,4.663403959486894,0.7689118047868819,2.754909417436709,,0,5,8.257643354207757e-11,5,0,0,5,6,3,4184.20637786836,NO_RAW_BREAK_CROSSING,R0,UNIFORM,PROCESSED,71767013a37f87c77db7a12231003d84af1c2e62dea4d635a269c74ab47708ce
6701,108,31,0.28703703703703703,,True,False,False,0,0,77,108,31,0.712962962962963,,4.663403959486894,0.4129341173855477,0.0,1.8833873608291607,2.2516728443497254,4.156722833136304,,108,0,True,6,0,0,74,0,0,4732.741295785419,,4181.368989103844,,RAW_WINDOWS_DT30_DISTANCE400_V1,108,108,0,1.0,,108,4.663403959486894,0.4129341173855477,2.2516728443497254,,0,5,8.257643354207757e-11,5,0,0,0,6,6,4184.20637786836,NO_RAW_BREAK_CROSSING,S0,UNIFORM,PROCESSED,e1a1611ec87ba92da95d8e0a43ef0f1e11ae38b6707d38d4781e2f86868e1d07
6888,101,4,0.039603960396039604,,True,False,False,7,0,90,94,4,0.9574468085106383,,1.7255737418333563,0.5496918838967211,0.4126399036102093,1.3517063618602092,1.5263288741467875,1.7255737418333563,,94,0,True,2,1,0,94,0,0,68.86140384190315,,56.453922217326834,,RAW_WINDOWS_DT30_DISTANCE400_V1,101,94,7,0.9306930693069307,,94,1.7255737418333563,0.5496918838967211,1.5263288741467875,,0,5,1.56266094638725e-10,1,0,0,1,2,1,68.86140384190315,NO_RAW_BREAK_CROSSING,R0,UNIFORM,PROCESSED,e11b352e9e8b7dcd593d321313a5be0ce774387fd6eb9cb3e17a755a6dd1c88e
6888,101,6,0.0594059405940594,,True,False,False,0,0,95,101,6,0.9405940594059405,,1.7255737418333563,0.5115944265969483,0.4008496144341927,1.1945871284900276,1.4190431761617146,1.7255737418333563,,101,0,True,2,0,0,101,0,0,68.86140384190315,,58.850563290851966,,RAW_WINDOWS_DT30_DISTANCE400_V1,101,101,0,1.0,,101,1.7255737418333563,0.5115944265969483,1.4190431761617146,,0,5,1.56266094638725e-10,1,0,0,0,2,2,68.86140384190315,NO_RAW_BREAK_CROSSING,S0,UNIFORM,PROCESSED,41d4f0275df9ac8957c7e6fc1eca4b787b5cd1c6cddf3de86baf4c6d86477731
5346,99,43,0.43434343434343436,,True,False,False,10,0,46,89,43,0.5168539325842696,,4.798476948788472,0.7097928450033479,0.0,2.8045031663406124,3.778181575778268,4.2460278714063975,,89,0,True,8,3,0,34,0,0,11132.070254339145,,7367.408523242002,,RAW_WINDOWS_DT30_DISTANCE400_V1,99,89,10,0.898989898989899,,89,4.798476948788472,0.7097928450033479,3.778181575778268,,0,5,2.1582542729395406e-10,7,0,0,5,8,5,8560.17415327095,NO_RAW_BREAK_CROSSING,R0,UNIFORM,PROCESSED,f99c74d9e3369c496a0923c737da4de438d0c9762f2a60368582fd328ef4984f
5346,99,52,0.5252525252525253,,True,False,False,0,0,47,99,52,0.4747474747474747,,4.96423220346958,0.6882403576643187,0.0,2.8045031663406124,3.8844326856999536,4.801792053882093,,99,0,True,8,0,0,43,0,0,11132.070254339145,,8555.791857388504,,RAW_WINDOWS_DT30_DISTANCE400_V1,99,99,0,1.0,,99,4.96423220346958,0.6882403576643187,3.8844326856999536,,0,5,2.1582542729395406e-10,7,0,0,0,8,8,8560.17415327095,NO_RAW_BREAK_CROSSING,S0,UNIFORM,PROCESSED,75f0f373605b55b85a5a125cf3a5476c5bd24e924a577178786ff7996dd749fd
11263,100,5,0.05,,True,False,False,0,25,70,75,5,0.9333333333333333,,3.8934574443587846,0.7798860142310482,0.6349068700794716,1.6355599733363135,2.474097670092522,3.3202333508592408,,75,0,True,1,0,25,50,0,0,136.51934936277704,,53.857186457054354,,RAW_WINDOWS_DT30_DISTANCE400_V1,100,100,0,1.0,,100,11.374320785799775,1.0692312809220643,3.317687873419314,,2,5,1.3811084339774859e-10,0,0,0,0,1,1,136.51934936277704,NO_RAW_BREAK_CROSSING,R0,UNIFORM,PROCESSED,537a6b7e89498f4f08149554db5f55b2dd3233948d58d76634e0b2a24667e703
11263,100,5,0.05,,True,False,False,0,25,70,75,5,0.9333333333333333,,3.8934574443587846,0.7798860142310482,0.6349068700794716,1.6355599733363135,2.474097670092522,3.3202333508592408,,75,0,True,1,0,25,50,0,0,136.51934936277704,,53.857186457054354,,RAW_WINDOWS_DT30_DISTANCE400_V1,100,100,0,1.0,,100,11.374320785799775,1.0692312809220643,3.317687873419314,,2,5,1.3811084339774859e-10,0,0,0,0,1,1,136.51934936277704,NO_RAW_BREAK_CROSSING,S0,UNIFORM,PROCESSED,0b0510406998511e2dab0f26dc84deebef9927064eff46faccb1d78e0899a956
3016,99,0,0.0,,False,True,True,99,0,0,0,0,,EMPTY_DP_REFERENCE_DENOMINATOR,,,,,,,EMPTY_DP_REFERENCE,0,0,True,1,1,0,0,0,0,0.9231253983460598,,,EMPTY_OUTPUT,RAW_WINDOWS_DT30_DISTANCE400_V1,99,0,99,0.0,,0,,,,NO_COVERED_RAW_POINTS,0,5,1.8869322376764703e-10,0,0,0,0,1,0,0.9231253983460598,NO_RAW_BREAK_CROSSING,R0,UNIFORM,ALL_FILTERED,2365f918de725620b9cc082223a5eac6554f01388f46c60664aa3b6db5d82367
3016,99,2,0.020202020202020204,,True,False,False,0,0,97,99,2,0.9797979797979798,,0.2411586806478344,0.041759078646402444,0.0,0.18603669449080695,0.2411586806478344,0.2411586806478344,,99,0,True,1,0,0,99,0,0,0.9231253983460598,,0.6124964090542168,,RAW_WINDOWS_DT30_DISTANCE400_V1,99,99,0,1.0,,99,0.2411586806478344,0.041759078646402444,0.2411586806478344,,0,5,1.8869322376764703e-10,0,0,0,0,1,1,0.9231253983460598,NO_RAW_BREAK_CROSSING,S0,UNIFORM,PROCESSED,2ef3e8ecc9aa364ed302e04126960e1f59d8ae821fdac4f0756a0cf2c957a67a
6914,99,0,0.0,,False,True,True,99,0,0,0,0,,EMPTY_DP_REFERENCE_DENOMINATOR,,,,,,,EMPTY_DP_REFERENCE,0,0,True,1,1,0,0,0,0,15.809118907734499,,,EMPTY_OUTPUT,RAW_WINDOWS_DT30_DISTANCE400_V1,99,0,99,0.0,,0,,,,NO_COVERED_RAW_POINTS,0,5,6.517288970293918e-10,0,0,0,0,1,0,15.809118907734499,NO_RAW_BREAK_CROSSING,R0,UNIFORM,ALL_FILTERED,3baae6742040bcf02140de88de9956c0df52f9f6ea5fe985d4eb4d6129ce9bd9
6914,99,2,0.020202020202020204,,True,False,False,0,0,97,99,2,0.9797979797979798,,1.999636883134857,0.7388474601031267,0.6653167670796901,1.584596958252853,1.8171815054332894,1.999636883134857,,99,0,True,1,0,0,99,0,0,15.809118907734499,,5.748493802184705,,RAW_WINDOWS_DT30_DISTANCE400_V1,99,99,0,1.0,,99,1.999636883134857,0.7388474601031267,1.8171815054332894,,0,5,6.517288970293918e-10,0,0,0,0,1,1,15.809118907734499,NO_RAW_BREAK_CROSSING,S0,UNIFORM,PROCESSED,e36e98e8701ca48ecca916fd38d2608b6d80fbe8e1185c19081b193b448ed1e8
5996,98,26,0.2653061224489796,,True,False,False,10,18,44,70,26,0.6285714285714286,,4.5061481332403615,1.0224271623213348,0.44866144285403353,3.291698747211294,4.1205949554871895,4.454321575184952,,70,0,True,4,1,18,15,0,0,1979.2925661865997,,1649.337497164112,,RAW_WINDOWS_DT30_DISTANCE400_V1,98,88,10,0.8979591836734694,,88,38.39577139486514,1.9897262787675765,6.521530528406085,,7,5,4.4996508851803696e-10,3,0,0,1,4,3,1964.3045063956185,NO_RAW_BREAK_CROSSING,R0,UNIFORM,PROCESSED,7ea3e24c62da481e85579e551f19da0c3bfbec5ed5b0881e288f5013d4256a15
5996,98,28,0.2857142857142857,,True,False,False,0,20,50,78,28,0.641025641025641,,4.5061481332403615,1.1109864991386529,0.5551007145388941,3.291698747211294,4.108279828771881,4.448312698888673,,78,0,True,4,0,20,21,0,0,1979.2925661865997,,1697.5289748092057,,RAW_WINDOWS_DT30_DISTANCE400_V1,98,98,0,1.0,,98,38.39577139486514,1.9953906582963563,6.351148632006704,,7,5,4.4996508851803696e-10,3,0,0,0,4,4,1964.3045063956185,NO_RAW_BREAK_CROSSING,S0,UNIFORM,PROCESSED,cabe20d1fe7b071da9b0bd47a10b94b6a635148d193883c9462a2735128912e0
6704,100,0,0.0,,False,True,True,100,0,0,0,0,,EMPTY_DP_REFERENCE_DENOMINATOR,,,,,,,EMPTY_DP_REFERENCE,0,0,True,2,2,0,0,0,0,15.630657155765201,,,EMPTY_OUTPUT,RAW_WINDOWS_DT30_DISTANCE400_V1,100,0,100,0.0,,0,,,,NO_COVERED_RAW_POINTS,0,5,1.5494939857837745e-10,1,0,0,2,2,0,15.630657155765201,NO_RAW_BREAK_CROSSING,R0,UNIFORM,ALL_FILTERED,67f24dbf3c653346aa53758cd1df6da4f75f07994da6da6d2270eefed2337c4e
6704,100,4,0.04,,True,False,False,0,0,96,100,4,0.96,,2.6872315433585654,1.1811155575100325,0.6522501050102832,2.5321989484228373,2.6872315433585654,2.6872315433585654,,100,0,True,2,0,0,100,0,0,15.630657155765201,,8.141339095637058,,RAW_WINDOWS_DT30_DISTANCE400_V1,100,100,0,1.0,,100,2.6872315433585654,1.1811155575100325,2.6872315433585654,,0,5,1.5494939857837745e-10,1,0,0,0,2,2,15.630657155765201,NO_RAW_BREAK_CROSSING,S0,UNIFORM,PROCESSED,98128ffe1c8a990bdff45650b6e9effb8f6c2852289bca48460dc626e337d964
1470,98,0,0.0,,False,True,True,98,0,0,0,0,,EMPTY_DP_REFERENCE_DENOMINATOR,,,,,,,EMPTY_DP_REFERENCE,0,0,True,1,1,0,0,0,0,0.0,,,EMPTY_OUTPUT,RAW_WINDOWS_DT30_DISTANCE400_V1,98,0,98,0.0,,0,,,,NO_COVERED_RAW_POINTS,0,5,3.289995747869173e-10,0,0,0,0,1,0,0.0,NO_RAW_BREAK_CROSSING,R0,UNIFORM,ALL_FILTERED,e3bbf7d35f2b271e6d20b709ede7681b279a91a790c8b7cd205efbb52c9b02f6
1470,98,2,0.02040816326530612,,True,False,False,0,0,96,98,2,0.9795918367346939,,0.0,0.0,0.0,0.0,0.0,0.0,,98,0,True,1,0,0,98,0,0,0.0,,0.0,,RAW_WINDOWS_DT30_DISTANCE400_V1,98,98,0,1.0,,98,0.0,0.0,0.0,,0,5,3.289995747869173e-10,0,0,0,0,1,1,0.0,NO_RAW_BREAK_CROSSING,S0,UNIFORM,PROCESSED,dd52a89a217ea0fbdd85a7035256336fbcc48e3260900e6db282825bbeed4b6c
2747,99,0,0.0,,False,True,True,99,0,0,0,0,,EMPTY_DP_REFERENCE_DENOMINATOR,,,,,,,EMPTY_DP_REFERENCE,0,0,True,1,1,0,0,0,0,4.107201812395187,,,EMPTY_OUTPUT,RAW_WINDOWS_DT30_DISTANCE400_V1,99,0,99,0.0,,0,,,,NO_COVERED_RAW_POINTS,0,5,2.620936957436162e-10,0,0,0,0,1,0,4.107201812395187,NO_RAW_BREAK_CROSSING,R0,UNIFORM,ALL_FILTERED,aed36ae3315a504ed29757dfa2c83c21a077f523e7485f612bd3803acc1e3ff6
2747,99,2,0.020202020202020204,,True,False,False,0,0,97,99,2,0.9797979797979798,,0.37247160652713807,0.10795337900815193,0.08465270569601092,0.2099385311142067,0.37247160652713807,0.37247160652713807,,99,0,True,1,0,0,99,0,0,4.107201812395187,,3.1183003438639885,,RAW_WINDOWS_DT30_DISTANCE400_V1,99,99,0,1.0,,99,0.37247160652713807,0.10795337900815193,0.37247160652713807,,0,5,2.620936957436162e-10,0,0,0,0,1,1,4.107201812395187,NO_RAW_BREAK_CROSSING,S0,UNIFORM,PROCESSED,7f28b5bb88f2b6dbc115904f5d2008451325177cfadf1cd578e69aef466b09dd
8473,104,38,0.36538461538461536,,True,False,False,0,0,66,104,38,0.6346153846153846,,4.786691924538632,0.7430949864789422,0.08340422548822685,2.7883020093183806,3.706390239303407,4.323401328468291,,104,0,True,1,0,0,31,0,0,9600.168586940632,,9595.0987447538,,RAW_WINDOWS_DT30_DISTANCE400_V1,104,104,0,1.0,,104,4.786691924538632,0.7430949864789422,3.706390239303407,,0,5,2.4306843218340496e-10,0,0,0,0,1,1,9600.168586940632,NO_RAW_BREAK_CROSSING,R0,UNIFORM,PROCESSED,cbce09bc39580f6a69e705ccd2a672d60e3f371b44dc4dfba76e3dab65e2c690
8473,104,38,0.36538461538461536,,True,False,False,0,0,66,104,38,0.6346153846153846,,4.786691924538632,0.7430949864789422,0.08340422548822685,2.7883020093183806,3.706390239303407,4.323401328468291,,104,0,True,1,0,0,31,0,0,9600.168586940632,,9595.0987447538,,RAW_WINDOWS_DT30_DISTANCE400_V1,104,104,0,1.0,,104,4.786691924538632,0.7430949864789422,3.706390239303407,,0,5,2.4306843218340496e-10,0,0,0,0,1,1,9600.168586940632,NO_RAW_BREAK_CROSSING,S0,UNIFORM,PROCESSED,8e187cd9842a3a11192bb2f78da38538512d4e7d74779a0ff79e48f058f53afe
9969,102,53,0.5196078431372549,,True,False,False,7,1,41,94,53,0.43617021276595747,,4.396528942862098,0.7086211556531747,0.0,2.121940358030728,3.217106426627378,4.302254978362768,,94,0,True,6,2,1,12,0,0,18916.623808821274,,15027.52094836621,,RAW_WINDOWS_DT30_DISTANCE400_V1,102,95,7,0.9313725490196079,,95,9.238215613907682,0.7984063604769064,3.3234341137594803,,1,5,3.6813154623373555e-10,5,0,0,4,6,4,16075.175141804735,NO_RAW_BREAK_CROSSING,R0,UNIFORM,PROCESSED,bc57d7d69072c516f9be23120c72d676a0d0bccfacf027d95994b44113509e8c
9969,102,60,0.5882352941176471,,True,False,False,0,1,41,101,60,0.40594059405940597,,4.396528942862098,0.6595087983306774,0.0,2.1202935376252845,3.2001503936966507,4.2951590885617446,,101,0,True,6,0,1,18,0,0,18916.623808821274,,16070.361050797703,,RAW_WINDOWS_DT30_DISTANCE400_V1,102,102,0,1.0,,102,9.238215613907682,0.7436137671108441,3.2461739116514825,,1,5,3.6813154623373555e-10,5,0,0,0,6,6,16075.175141804735,NO_RAW_BREAK_CROSSING,S0,UNIFORM,PROCESSED,476a1818bb60d469407baa7b42a1a96420d35f027fc4a328ec030c0c8c2ba577
2764,99,15,0.15151515151515152,,True,False,False,0,5,79,94,15,0.8404255319148937,,4.7284966134804005,0.8272864435649827,0.06601155579645418,2.7452883154389798,3.3527681438808696,4.329560603806885,,94,0,True,1,0,5,76,0,0,254.83884264769213,,206.4091949745327,,RAW_WINDOWS_DT30_DISTANCE400_V1,99,99,0,1.0,,99,5.844452659144404,0.8975099566746888,3.38000123043021,,1,5,3.3683208942573763e-10,0,0,0,0,1,1,254.83884264769213,NO_RAW_BREAK_CROSSING,R0,UNIFORM,PROCESSED,a4758e0fbe5d5266410e722dccca5f326817bc09bec4007ec5881a32301e9ca4
2764,99,15,0.15151515151515152,,True,False,False,0,5,79,94,15,0.8404255319148937,,4.7284966134804005,0.8272864435649827,0.06601155579645418,2.7452883154389798,3.3527681438808696,4.329560603806885,,94,0,True,1,0,5,76,0,0,254.83884264769213,,206.4091949745327,,RAW_WINDOWS_DT30_DISTANCE400_V1,99,99,0,1.0,,99,5.844452659144404,0.8975099566746888,3.38000123043021,,1,5,3.3683208942573763e-10,0,0,0,0,1,1,254.83884264769213,NO_RAW_BREAK_CROSSING,S0,UNIFORM,PROCESSED,0879dcf07c1d35d3bda2d11d33b3380302d04141f70068dff2464a37bdb99ef5
4087,99,40,0.40404040404040403,,True,False,False,1,0,58,98,40,0.5918367346938775,,4.723783849857459,0.9466397716836403,0.38629675626960536,3.2178761105851548,3.4362345651501025,4.642092014524712,,98,0,True,4,1,0,31,0,0,10618.926170373015,,9733.92674748116,,RAW_WINDOWS_DT30_DISTANCE400_V1,99,98,1,0.98989898989899,,98,4.723783849857459,0.9466397716836403,3.4362345651501025,,0,5,8.873277282444434e-11,3,0,0,1,4,3,9736.739650541916,NO_RAW_BREAK_CROSSING,R0,UNIFORM,PROCESSED,b113b294058cee88a17af5dd94c8467c94b19d384ed4ee7e32f420adbc284421
4087,99,40,0.40404040404040403,,True,False,False,1,0,58,98,40,0.5918367346938775,,4.723783849857459,0.9466397716836403,0.38629675626960536,3.2178761105851548,3.4362345651501025,4.642092014524712,,98,0,True,4,1,0,31,0,0,10618.926170373015,,9733.92674748116,,RAW_WINDOWS_DT30_DISTANCE400_V1,99,98,1,0.98989898989899,,98,4.723783849857459,0.9466397716836403,3.4362345651501025,,0,5,8.873277282444434e-11,3,0,0,1,4,3,9736.739650541916,NO_RAW_BREAK_CROSSING,S0,UNIFORM,PROCESSED,b6a8aea0cb057af8c32b87e9a16be59d327b0fdba020adc89fbef4eeab8d0adb
6328,122,51,0.4180327868852459,,True,False,False,4,1,66,117,51,0.5641025641025641,,4.522162848734515,0.6614751663024347,0.0,2.6488561024155577,3.4424940779664905,4.493864381627114,,117,0,True,5,1,1,43,0,0,11235.063731515696,,9128.443048411074,,RAW_WINDOWS_DT30_DISTANCE400_V1,122,118,4,0.9672131147540983,,118,4.522162848734515,0.6618472814709992,3.4262486586248047,,0,5,1.3067102971896318e-10,4,0,0,2,5,4,9733.33137033663,NO_RAW_BREAK_CROSSING,R0,UNIFORM,PROCESSED,7787c8a1c9d586aea7e9a5978c6dc8eec967d1b223f3552221d7844e13e2b363
6328,122,53,0.4344262295081967,,True,False,False,0,1,68,121,53,0.5619834710743802,,4.522162848734515,0.6824661444097131,0.0,2.668929289445415,3.3775124005997474,4.493389014771948,,121,0,True,5,0,1,46,0,0,11235.063731515696,,9696.663948924555,,RAW_WINDOWS_DT30_DISTANCE400_V1,122,122,0,1.0,,122,4.522162848734515,0.682654001883347,3.3709856109641603,,0,5,1.3067102971896318e-10,4,0,0,0,5,5,9733.33137033663,NO_RAW_BREAK_CROSSING,S0,UNIFORM,PROCESSED,82f1f7e0ff6a97e23ac292728c5ce8dfb182d2fcb8259559943bf4c30f4389ec
4225,97,0,0.0,,False,True,True,97,0,0,0,0,,EMPTY_DP_REFERENCE_DENOMINATOR,,,,,,,EMPTY_DP_REFERENCE,0,0,True,9,9,0,0,0,0,13.160214119846222,,,EMPTY_OUTPUT,RAW_WINDOWS_DT30_DISTANCE400_V1,97,0,97,0.0,,0,,,,NO_COVERED_RAW_POINTS,0,5,7.364766918978997e-11,8,0,0,16,9,0,10.995224246892928,NO_RAW_BREAK_CROSSING,R0,UNIFORM,ALL_FILTERED,915333ba590634c00c3aae7e2a4af964baa6673dcb05d811bd74e7dc952e5088
4225,97,18,0.18556701030927836,,True,False,False,0,0,79,97,18,0.8144329896907216,,0.7928630295809196,0.2340331649089143,0.0,0.7256887939955565,0.7430027820846905,0.7928630295809196,,97,0,True,9,0,0,97,0,0,13.160214119846222,,7.180697362446476,,RAW_WINDOWS_DT30_DISTANCE400_V1,97,97,0,1.0,,97,0.7928630295809196,0.2340331649089143,0.7430027820846905,,0,5,7.364766918978997e-11,8,0,0,0,9,9,10.995224246892928,NO_RAW_BREAK_CROSSING,S0,UNIFORM,PROCESSED,118a2b962718111c9342cf978405be20da58016777fd3f94185319f7b53a5902
5073,122,32,0.26229508196721313,,True,False,False,0,13,77,109,32,0.7064220183486238,,4.7655002734411545,1.1708348236930195,0.33172373754799966,3.3674111254233927,4.472353250371097,4.723818391363902,,109,0,True,5,0,13,56,0,0,5203.519033309475,,4435.299378094005,,RAW_WINDOWS_DT30_DISTANCE400_V1,122,122,0,1.0,,122,13.664394818432287,1.5574807453422095,4.554580155403065,,4,5,3.0127361542966264e-10,4,0,0,0,5,5,4728.668047352857,NO_RAW_BREAK_CROSSING,R0,UNIFORM,PROCESSED,d141a06e46f09b0621e8cc9abb77ab51610a68c7cb800ebe13bff6384761d4c3
5073,122,32,0.26229508196721313,,True,False,False,0,13,77,109,32,0.7064220183486238,,4.7655002734411545,1.1708348236930195,0.33172373754799966,3.3674111254233927,4.472353250371097,4.723818391363902,,109,0,True,5,0,13,56,0,0,5203.519033309475,,4435.299378094005,,RAW_WINDOWS_DT30_DISTANCE400_V1,122,122,0,1.0,,122,13.664394818432287,1.5574807453422095,4.554580155403065,,4,5,3.0127361542966264e-10,4,0,0,0,5,5,4728.668047352857,NO_RAW_BREAK_CROSSING,S0,UNIFORM,PROCESSED,61f46d7640e4ef581805ddc8da7e9ed4d3926f2a698733f9086038ccd2fe0725
788,99,0,0.0,,False,True,True,99,0,0,0,0,,EMPTY_DP_REFERENCE_DENOMINATOR,,,,,,,EMPTY_DP_REFERENCE,0,0,True,1,1,0,0,0,0,17.42965447982899,,,EMPTY_OUTPUT,RAW_WINDOWS_DT30_DISTANCE400_V1,99,0,99,0.0,,0,,,,NO_COVERED_RAW_POINTS,0,5,3.8159216947159927e-10,0,0,0,0,1,0,17.42965447982899,NO_RAW_BREAK_CROSSING,R0,UNIFORM,ALL_FILTERED,7a5df055e352a3cb9fbcad19252421554cf12a69dc39a6a5c05bc79942a0b76e
788,99,2,0.020202020202020204,,True,False,False,0,0,97,99,2,0.9797979797979798,,1.8842746197972253,0.7712679175488664,0.7991970339822173,1.3304451980967127,1.4538860582685316,1.4624938294991037,,99,0,True,1,0,0,98,0,0,17.42965447982899,,10.025834093925246,,RAW_WINDOWS_DT30_DISTANCE400_V1,99,99,0,1.0,,99,1.8842746197972253,0.7712679175488664,1.4538860582685316,,0,5,3.8159216947159927e-10,0,0,0,0,1,1,17.42965447982899,NO_RAW_BREAK_CROSSING,S0,UNIFORM,PROCESSED,7896887332ede45dfb13451e1a4a2195ae00928b2649cffa41661c94b63a90e7
2350,100,0,0.0,,False,True,True,100,0,0,0,0,,EMPTY_DP_REFERENCE_DENOMINATOR,,,,,,,EMPTY_DP_REFERENCE,0,0,True,1,1,0,0,0,0,0.8559771644954496,,,EMPTY_OUTPUT,RAW_WINDOWS_DT30_DISTANCE400_V1,100,0,100,0.0,,0,,,,NO_COVERED_RAW_POINTS,0,5,3.5904912442224406e-10,0,0,0,0,1,0,0.8559771644954496,NO_RAW_BREAK_CROSSING,R0,UNIFORM,ALL_FILTERED,6ca014623010536c9d254099f8ae40692b61636096a714cb095d79edbb61e618
2350,100,2,0.02,,True,False,False,0,0,98,100,2,0.98,,0.2206331550523985,0.10556824940650174,0.11087079366238559,0.17977102303768136,0.2206331550523985,0.2206331550523985,,100,0,True,1,0,0,100,0,0,0.8559771644954496,,0.48276608858998826,,RAW_WINDOWS_DT30_DISTANCE400_V1,100,100,0,1.0,,100,0.2206331550523985,0.10556824940650174,0.2206331550523985,,0,5,3.5904912442224406e-10,0,0,0,0,1,1,0.8559771644954496,NO_RAW_BREAK_CROSSING,S0,UNIFORM,PROCESSED,6ac3cc46890922ef2edf114e6e4a419fecc8f86363f3727b3b9cf8b5995ac7b5
4955,99,0,0.0,,False,True,True,99,0,0,0,0,,EMPTY_DP_REFERENCE_DENOMINATOR,,,,,,,EMPTY_DP_REFERENCE,0,0,True,1,1,0,0,0,0,25.956923523891046,,,EMPTY_OUTPUT,RAW_WINDOWS_DT30_DISTANCE400_V1,99,0,99,0.0,,0,,,,NO_COVERED_RAW_POINTS,0,5,5.951636623582425e-10,0,0,0,0,1,0,25.956923523891046,NO_RAW_BREAK_CROSSING,R0,UNIFORM,ALL_FILTERED,13e10e157d38c3adaa15ed569db009203d37df581594d9b96828f5ca6883c09d
4955,99,3,0.030303030303030304,,True,False,False,0,8,88,91,3,0.967032967032967,,2.5485951289596773,1.220928828079258,1.379588710298054,2.1680542845583424,2.4033168270139202,2.538964360270342,,91,0,True,1,0,8,60,0,0,25.956923523891046,,10.568321802652093,,RAW_WINDOWS_DT30_DISTANCE400_V1,99,99,0,1.0,,99,2.5485951289596773,1.2259746966864284,2.3566268703553304,,0,5,5.951636623582425e-10,0,0,0,0,1,1,25.956923523891046,NO_RAW_BREAK_CROSSING,S0,UNIFORM,PROCESSED,3652c16102afee69cd61aa4a15fab4aad2a5b38af52037fea139f76bab44c518
5138,99,43,0.43434343434343436,,True,False,False,4,10,42,85,43,0.49411764705882355,,4.66887321884204,0.9789488536219737,0.0,3.0649625201696864,3.587663810613412,4.115230595640269,,85,0,True,4,1,10,30,0,0,7081.949720004697,,5228.405932952105,,RAW_WINDOWS_DT30_DISTANCE400_V1,99,95,4,0.9595959595959596,,95,27.83279469550418,1.9926578523822929,7.563167255809741,,7,5,2.3848025315666015e-10,3,0,0,1,4,3,5633.124905565514,NO_RAW_BREAK_CROSSING,R0,UNIFORM,PROCESSED,cb983b4f829c683587076aecf80ca9c6927bd1760ce726afa49eb93999f14bb4
5138,99,47,0.47474747474747475,,True,False,False,0,10,42,89,47,0.4719101123595506,,4.66887321884204,0.9349511523355928,0.0,3.063222217339289,3.5587278686952417,4.088866661202094,,89,0,True,4,0,10,33,0,0,7081.949720004697,,5493.449913093768,,RAW_WINDOWS_DT30_DISTANCE400_V1,99,99,0,1.0,,99,27.83279469550418,1.9121464240032104,7.1876294268344125,,7,5,2.3848025315666015e-10,3,0,0,0,4,4,5633.124905565514,NO_RAW_BREAK_CROSSING,S0,UNIFORM,PROCESSED,a80c1e346123b4c5bf098615b7d84c32fb49252c24275da2f6b2fe1b544bc6b3
7189,98,0,0.0,,False,True,True,98,0,0,0,0,,EMPTY_DP_REFERENCE_DENOMINATOR,,,,,,,EMPTY_DP_REFERENCE,0,0,True,2,2,0,0,0,0,36.24933430334762,,,EMPTY_OUTPUT,RAW_WINDOWS_DT30_DISTANCE400_V1,98,0,98,0.0,,0,,,,NO_COVERED_RAW_POINTS,0,5,4.966703844137479e-10,1,0,0,2,2,0,35.27066765401298,NO_RAW_BREAK_CROSSING,R0,UNIFORM,ALL_FILTERED,421cb5dcb6dbe2b70378dac743f733e2fc4684559b41617a45e1c9b578d39bdf
7189,98,4,0.04081632653061224,,True,False,False,0,0,94,98,4,0.9591836734693877,,4.149339260915893,1.2206791554305734,0.9061685930322283,2.5572020514953695,3.0225474884041645,4.149339260915893,,98,0,True,2,0,0,98,0,0,36.24933430334762,,27.900959174848154,,RAW_WINDOWS_DT30_DISTANCE400_V1,98,98,0,1.0,,98,4.149339260915893,1.2206791554305734,3.0225474884041645,,0,5,4.966703844137479e-10,1,0,0,0,2,2,35.27066765401298,NO_RAW_BREAK_CROSSING,S0,UNIFORM,PROCESSED,c14a479c7652a20794d29a811b0d513497778d6e49ed4087ee8cfe8a2c0e992f
8851,100,0,0.0,,False,True,True,100,0,0,0,0,,EMPTY_DP_REFERENCE_DENOMINATOR,,,,,,,EMPTY_DP_REFERENCE,0,0,True,1,1,0,0,0,0,13.744805774640461,,,EMPTY_OUTPUT,RAW_WINDOWS_DT30_DISTANCE400_V1,100,0,100,0.0,,0,,,,NO_COVERED_RAW_POINTS,0,5,1.9334967265403274e-10,0,0,0,0,1,0,13.744805774640461,NO_RAW_BREAK_CROSSING,R0,UNIFORM,ALL_FILTERED,67eca21ccf0710e1ebf3a65826034d38b4a01257efb8ab37ba03406dac509dcf
8851,100,2,0.02,,True,False,False,0,0,98,100,2,0.98,,1.2114788053044998,0.5932660785096785,0.5197173465899088,1.0991719660129073,1.1150024806774426,1.2114788053044998,,100,0,True,1,0,0,100,0,0,13.744805774640461,,8.841145938697508,,RAW_WINDOWS_DT30_DISTANCE400_V1,100,100,0,1.0,,100,1.2114788053044998,0.5932660785096785,1.1150024806774426,,0,5,1.9334967265403274e-10,0,0,0,0,1,1,13.744805774640461,NO_RAW_BREAK_CROSSING,S0,UNIFORM,PROCESSED,cf141072c7a48d65e67271687998a934a89b72e3e3c7232bade9a35e35c96fdb
8406,99,3,0.030303030303030304,,True,False,False,0,0,96,99,3,0.9696969696969697,,2.8586925502329525,0.3400411369875738,0.0,1.8215032243503584,2.7783365161388103,2.8586925502329525,,99,0,True,1,0,0,99,0,0,83.48439892502725,,63.6103520391427,,RAW_WINDOWS_DT30_DISTANCE400_V1,99,99,0,1.0,,99,2.8586925502329525,0.3400411369875738,2.7783365161388103,,0,5,6.935004851378866e-10,0,0,0,0,1,1,83.48439892502725,NO_RAW_BREAK_CROSSING,R0,UNIFORM,PROCESSED,6f8fcdd0f8ec78cc5b3b5799955386ff74125d7583c1f529b8d1d0cacf6afca5
8406,99,3,0.030303030303030304,,True,False,False,0,0,96,99,3,0.9696969696969697,,2.8586925502329525,0.3400411369875738,0.0,1.8215032243503584,2.7783365161388103,2.8586925502329525,,99,0,True,1,0,0,99,0,0,83.48439892502725,,63.6103520391427,,RAW_WINDOWS_DT30_DISTANCE400_V1,99,99,0,1.0,,99,2.8586925502329525,0.3400411369875738,2.7783365161388103,,0,5,6.935004851378866e-10,0,0,0,0,1,1,83.48439892502725,NO_RAW_BREAK_CROSSING,S0,UNIFORM,PROCESSED,6cc26563b269b05ce75cc8e1adb83d286d6452a1a0d4d5c77b493b48250bb0f9
6537,79,23,0.2911392405063291,,True,False,False,0,25,31,54,23,0.5740740740740741,,3.6408759995054174,0.6963870059492008,0.08684218181634706,2.324228923337067,2.864033983528379,3.4973347696032615,,54,0,True,2,0,25,11,0,0,1346.871435393357,,1021.2133092834724,,RAW_WINDOWS_DT30_DISTANCE400_V1,79,79,0,1.0,,79,20.086873282140772,2.0263827555733323,7.0883894568543555,,11,5,6.124569516569743e-11,1,0,0,0,2,2,1256.5979776507475,NO_RAW_BREAK_CROSSING,R0,UNIFORM,PROCESSED,2c2a46a66e8b4e9611650eebd67ac271a7df62a1d9854edd6aaaca4f48d2b297
6537,79,23,0.2911392405063291,,True,False,False,0,25,31,54,23,0.5740740740740741,,3.6408759995054174,0.6963870059492008,0.08684218181634706,2.324228923337067,2.864033983528379,3.4973347696032615,,54,0,True,2,0,25,11,0,0,1346.871435393357,,1021.2133092834724,,RAW_WINDOWS_DT30_DISTANCE400_V1,79,79,0,1.0,,79,20.086873282140772,2.0263827555733323,7.0883894568543555,,11,5,6.124569516569743e-11,1,0,0,0,2,2,1256.5979776507475,NO_RAW_BREAK_CROSSING,S0,UNIFORM,PROCESSED,e899a64f9d0427f11e7d709b58d59050bea8a42b5b91df955fed0d5038efe08c
9048,100,0,0.0,,False,True,True,100,0,0,0,0,,EMPTY_DP_REFERENCE_DENOMINATOR,,,,,,,EMPTY_DP_REFERENCE,0,0,True,1,1,0,0,0,0,7.790283656206669,,,EMPTY_OUTPUT,RAW_WINDOWS_DT30_DISTANCE400_V1,100,0,100,0.0,,0,,,,NO_COVERED_RAW_POINTS,0,5,2.492188542836974e-10,0,0,0,0,1,0,7.790283656206669,NO_RAW_BREAK_CROSSING,R0,UNIFORM,ALL_FILTERED,3807fcbab8064939f92e7b68b8c9f3c44becd6703be25c35b9bf796facbb9e7f
9048,100,2,0.02,,True,False,False,0,0,98,100,2,0.98,,2.629123767511039,1.1780562874735516,1.122910374630997,2.128579617857558,2.629123767511039,2.629123767511039,,100,0,True,1,0,0,100,0,0,7.790283656206669,,1.2813394553174853,,RAW_WINDOWS_DT30_DISTANCE400_V1,100,100,0,1.0,,100,2.629123767511039,1.1780562874735516,2.629123767511039,,0,5,2.492188542836974e-10,0,0,0,0,1,1,7.790283656206669,NO_RAW_BREAK_CROSSING,S0,UNIFORM,PROCESSED,e309151fdd19e9f7bc2837873b7cf4e9ffdc133ab7805daab9d94151708f3dba
6237,101,0,0.0,,False,True,True,101,0,0,0,0,,EMPTY_DP_REFERENCE_DENOMINATOR,,,,,,,EMPTY_DP_REFERENCE,0,0,True,1,1,0,0,0,0,1.9288780987869967,,,EMPTY_OUTPUT,RAW_WINDOWS_DT30_DISTANCE400_V1,101,0,101,0.0,,0,,,,NO_COVERED_RAW_POINTS,0,5,3.578315823990929e-10,0,0,0,0,1,0,1.9288780987869967,NO_RAW_BREAK_CROSSING,R0,UNIFORM,ALL_FILTERED,ff2a5b9eb4b3e6c629e471ebe1fc94d664be8bf93b5083edb182f7c9d8f1a08d
6237,101,2,0.019801980198019802,,True,False,False,0,0,99,101,2,0.9801980198019802,,0.6341182851514106,0.39287556820466474,0.317059143012981,0.6052947296753108,0.6341182851514106,0.6341182851514106,,101,0,True,1,0,0,101,0,0,1.9288780987869967,,1.1005941514728175,,RAW_WINDOWS_DT30_DISTANCE400_V1,101,101,0,1.0,,101,0.6341182851514106,0.39287556820466474,0.6341182851514106,,0,5,3.578315823990929e-10,0,0,0,0,1,1,1.9288780987869967,NO_RAW_BREAK_CROSSING,S0,UNIFORM,PROCESSED,79b8d62be2093de4e3fc59debf4fbea8cd91781222a5ae990ad982dc899f6941
3665,98,6,0.061224489795918366,,True,False,False,0,10,82,88,6,0.9318181818181819,,4.804202897268421,1.1722409627109087,0.835413827179158,2.603954490117782,3.8700027207276704,4.725182065012189,,88,0,True,1,0,10,6,0,0,147.7853114676067,,82.49913150102333,,RAW_WINDOWS_DT30_DISTANCE400_V1,98,98,0,1.0,,98,4.804202897268421,1.1508500063849643,3.8063425876818884,,0,5,8.433201709487462e-11,0,0,0,0,1,1,147.7853114676067,NO_RAW_BREAK_CROSSING,R0,UNIFORM,PROCESSED,3d9e03286d1057b91ff3e4591528fd1448743f0c6e3fd00950f9175becfd53ad
3665,98,6,0.061224489795918366,,True,False,False,0,10,82,88,6,0.9318181818181819,,4.804202897268421,1.1722409627109087,0.835413827179158,2.603954490117782,3.8700027207276704,4.725182065012189,,88,0,True,1,0,10,6,0,0,147.7853114676067,,82.49913150102333,,RAW_WINDOWS_DT30_DISTANCE400_V1,98,98,0,1.0,,98,4.804202897268421,1.1508500063849643,3.8063425876818884,,0,5,8.433201709487462e-11,0,0,0,0,1,1,147.7853114676067,NO_RAW_BREAK_CROSSING,S0,UNIFORM,PROCESSED,15f6a6588ef9cde9b092cc848f1c0876709566e1a8f47f9b242e5101c7506320
6604,100,6,0.06,,True,False,False,18,0,76,82,6,0.926829268292683,,1.0019449887102225,0.14269682022657232,0.020839747902874284,0.45361633737041535,0.47150003455811507,0.9063697192686545,,82,0,True,6,3,0,78,0,0,391.980418306467,,281.95802606423945,,RAW_WINDOWS_DT30_DISTANCE400_V1,100,82,18,0.82,,82,1.0019449887102225,0.14269682022657232,0.47150003455811507,,0,5,2.7350212879380106e-10,5,0,0,5,6,3,322.6536142017129,NO_RAW_BREAK_CROSSING,R0,UNIFORM,PROCESSED,6b943c219548cd0e409ac5566f1228b241d0ddda76691e4bd44716fb93fff5cc
6604,100,10,0.1,,True,False,False,1,0,89,99,10,0.898989898989899,,1.0019449887102225,0.11819332584423162,0.020839747902874284,0.45361633737041535,0.47150003455811507,0.8863107121019055,,99,0,True,6,1,0,95,0,0,391.980418306467,,283.02286781323403,,RAW_WINDOWS_DT30_DISTANCE400_V1,100,99,1,0.99,,99,1.0019449887102225,0.11819332584423162,0.47150003455811507,,0,5,2.7350212879380106e-10,5,0,0,1,6,5,322.6536142017129,NO_RAW_BREAK_CROSSING,S0,UNIFORM,PROCESSED,90f049e2f55adabfde16fbf52f1a5a6d4ffbc277761b26aa352d6e7effe6224d
5580,99,0,0.0,,False,True,True,99,0,0,0,0,,EMPTY_DP_REFERENCE_DENOMINATOR,,,,,,,EMPTY_DP_REFERENCE,0,0,True,1,1,0,0,0,0,0.0,,,EMPTY_OUTPUT,RAW_WINDOWS_DT30_DISTANCE400_V1,99,0,99,0.0,,0,,,,NO_COVERED_RAW_POINTS,0,5,1.9563816811255564e-10,0,0,0,0,1,0,0.0,NO_RAW_BREAK_CROSSING,R0,UNIFORM,ALL_FILTERED,40f4d4d7c07ede0c39334353e9450a305bce110c8d2bc345c42ece32a196b8d1
5580,99,2,0.020202020202020204,,True,False,False,0,0,97,99,2,0.9797979797979798,,0.0,0.0,0.0,0.0,0.0,0.0,,99,0,True,1,0,0,99,0,0,0.0,,0.0,,RAW_WINDOWS_DT30_DISTANCE400_V1,99,99,0,1.0,,99,0.0,0.0,0.0,,0,5,1.9563816811255564e-10,0,0,0,0,1,1,0.0,NO_RAW_BREAK_CROSSING,S0,UNIFORM,PROCESSED,9801d210e166ff1aa7f4dff9b90c7996dd17bd8468211f522decdbe04be5a37d
3284,100,6,0.06,,True,False,False,0,0,94,100,6,0.94,,2.5436967997882705,0.7450587459392692,0.4380301588360328,2.433145259601264,2.5436967997882705,2.5436967997882705,,100,0,True,1,0,0,99,0,0,82.65969363388827,,79.94663234156434,,RAW_WINDOWS_DT30_DISTANCE400_V1,100,100,0,1.0,,100,2.5436967997882705,0.7450587459392692,2.5436967997882705,,0,5,6.203923287176089e-10,0,0,0,0,1,1,82.65969363388827,NO_RAW_BREAK_CROSSING,R0,UNIFORM,PROCESSED,5cbfdccbfdef4ab3d384b1a904f0322388ddb9498af209d325f6853624711ff2
3284,100,6,0.06,,True,False,False,0,0,94,100,6,0.94,,2.5436967997882705,0.7450587459392692,0.4380301588360328,2.433145259601264,2.5436967997882705,2.5436967997882705,,100,0,True,1,0,0,99,0,0,82.65969363388827,,79.94663234156434,,RAW_WINDOWS_DT30_DISTANCE400_V1,100,100,0,1.0,,100,2.5436967997882705,0.7450587459392692,2.5436967997882705,,0,5,6.203923287176089e-10,0,0,0,0,1,1,82.65969363388827,NO_RAW_BREAK_CROSSING,S0,UNIFORM,PROCESSED,32a9e28413abea51ab98c0932e829c98cea01e69350c4707477e12c801c44560
6974,105,34,0.3238095238095238,,True,False,False,0,2,69,103,34,0.6699029126213591,,4.979724056564549,1.2190150920124023,0.5906231301068652,3.4227071526192105,4.280393669773125,4.549258721063515,,103,0,True,2,0,2,37,0,0,9286.612939952016,,9188.529832969702,,RAW_WINDOWS_DT30_DISTANCE400_V1,105,105,0,1.0,,105,10.901842792513708,1.3793835472642348,4.399008534483597,,2,5,2.861080727540012e-10,1,0,0,0,2,2,9204.974498762307,NO_RAW_BREAK_CROSSING,R0,UNIFORM,PROCESSED,ebb21d6099edc7be71cf25e4cfaf726cc9b5ab7d79b08d25943c5fe49380f4ec
6974,105,34,0.3238095238095238,,True,False,False,0,2,69,103,34,0.6699029126213591,,4.979724056564549,1.2190150920124023,0.5906231301068652,3.4227071526192105,4.280393669773125,4.549258721063515,,103,0,True,2,0,2,37,0,0,9286.612939952016,,9188.529832969702,,RAW_WINDOWS_DT30_DISTANCE400_V1,105,105,0,1.0,,105,10.901842792513708,1.3793835472642348,4.399008534483597,,2,5,2.861080727540012e-10,1,0,0,0,2,2,9204.974498762307,NO_RAW_BREAK_CROSSING,S0,UNIFORM,PROCESSED,c8b6d47274cc627091cf579226654c06cb74474e2a3ce8e2220a10f550c15694
4870,119,39,0.3277310924369748,,True,False,False,0,8,72,111,39,0.6486486486486487,,4.794713237317226,1.0644669538228133,0.23662315712577148,3.4557749738378734,4.17765641166735,4.689427450979542,,111,0,True,4,0,8,15,0,0,11889.436523669254,,10901.861607239398,,RAW_WINDOWS_DT30_DISTANCE400_V1,119,119,0,1.0,,119,41.07243255647416,1.667909654236943,4.500916155452285,,3,5,4.1768511831409725e-10,3,0,0,0,4,4,10938.20918439236,NO_RAW_BREAK_CROSSING,R0,UNIFORM,PROCESSED,201b51839bb00790af64965f032641a3b2779983f9b5f349b5665b34b616a1a7
4870,119,39,0.3277310924369748,,True,False,False,0,8,72,111,39,0.6486486486486487,,4.794713237317226,1.0644669538228133,0.23662315712577148,3.4557749738378734,4.17765641166735,4.689427450979542,,111,0,True,4,0,8,15,0,0,11889.436523669254,,10901.861607239398,,RAW_WINDOWS_DT30_DISTANCE400_V1,119,119,0,1.0,,119,41.07243255647416,1.667909654236943,4.500916155452285,,3,5,4.1768511831409725e-10,3,0,0,0,4,4,10938.20918439236,NO_RAW_BREAK_CROSSING,S0,UNIFORM,PROCESSED,f9033146db77977e3e072a18c6110e948694c7e503201f71bdc495fb7946f057
1362,104,50,0.4807692307692308,,True,False,False,0,1,53,103,50,0.5145631067961165,,4.75786617903049,0.94189658715556,0.15962702071312304,3.5803400953495856,3.908313290497456,4.552948042251262,,103,0,True,4,0,1,33,0,0,10642.756335462165,,9433.784786418972,,RAW_WINDOWS_DT30_DISTANCE400_V1,104,104,0,1.0,,104,4.75786617903049,0.9640617217191554,3.900037392542032,,0,5,1.9843783821343257e-10,3,0,0,0,4,4,9442.745334182584,NO_RAW_BREAK_CROSSING,R0,UNIFORM,PROCESSED,39485fa5b6d5b1b7d5fdfe95f8c722f1d68883cd40156c10051b9f19d181803f
1362,104,50,0.4807692307692308,,True,False,False,0,1,53,103,50,0.5145631067961165,,4.75786617903049,0.94189658715556,0.15962702071312304,3.5803400953495856,3.908313290497456,4.552948042251262,,103,0,True,4,0,1,33,0,0,10642.756335462165,,9433.784786418972,,RAW_WINDOWS_DT30_DISTANCE400_V1,104,104,0,1.0,,104,4.75786617903049,0.9640617217191554,3.900037392542032,,0,5,1.9843783821343257e-10,3,0,0,0,4,4,9442.745334182584,NO_RAW_BREAK_CROSSING,S0,UNIFORM,PROCESSED,4b1730b75127e42000e560316df95bbfd4c5a0bca4e0e3b0cb00850078880b16
3387,100,0,0.0,,False,True,True,100,0,0,0,0,,EMPTY_DP_REFERENCE_DENOMINATOR,,,,,,,EMPTY_DP_REFERENCE,0,0,True,1,1,0,0,0,0,34.84265865675172,,,EMPTY_OUTPUT,RAW_WINDOWS_DT30_DISTANCE400_V1,100,0,100,0.0,,0,,,,NO_COVERED_RAW_POINTS,0,5,5.687433780356421e-10,0,0,0,0,1,0,34.84265865675172,NO_RAW_BREAK_CROSSING,R0,UNIFORM,ALL_FILTERED,a1d1e18f0e5ba48cacf7b535837296f02694d48588f6c5263ca5fb6785b05f6f
3387,100,3,0.03,,True,False,False,0,0,97,100,3,0.97,,1.0886383636408639,0.2980620858716577,0.2767181192335578,0.5270343457212087,0.6270177514156311,1.0886383636408639,,100,0,True,1,0,0,100,0,0,34.84265865675172,,31.117394136784338,,RAW_WINDOWS_DT30_DISTANCE400_V1,100,100,0,1.0,,100,1.0886383636408639,0.2980620858716577,0.6270177514156311,,0,5,5.687433780356421e-10,0,0,0,0,1,1,34.84265865675172,NO_RAW_BREAK_CROSSING,S0,UNIFORM,PROCESSED,15f27174bc73108407b4fd729eebccbb62019d232ab24663f04c3b07fd77225b
4876,102,34,0.3333333333333333,,True,False,False,7,3,58,92,34,0.6304347826086957,,4.702367961115538,1.0262255653189456,0.4232873339590255,2.6982613798139705,3.566593603627547,4.38335918026886,,92,0,True,7,3,3,15,0,0,12607.903808876425,,9573.793132231165,,RAW_WINDOWS_DT30_DISTANCE400_V1,102,95,7,0.9313725490196079,,95,4.702367961115538,1.0626973969351994,3.742541253872084,,0,5,2.1997750448754458e-10,6,0,0,4,7,4,10424.890967806228,NO_RAW_BREAK_CROSSING,R0,UNIFORM,PROCESSED,90c7d2389c11082e3d9e3cdcf5614d347e78fb9b9baedc7d592c2391efd20502
4876,102,38,0.37254901960784315,,True,False,False,1,3,60,98,38,0.6122448979591837,,4.702367961115538,0.9643245598679742,0.33058331233016575,2.6842592323037784,3.4885688460629085,4.362325634278968,,98,0,True,7,1,3,20,0,0,12607.903808876425,,10410.946809650151,,RAW_WINDOWS_DT30_DISTANCE400_V1,102,101,1,0.9901960784313726,,101,4.702367961115538,1.0004683917481427,3.709638992496046,,0,5,2.1997750448754458e-10,6,0,0,1,7,6,10424.890967806228,NO_RAW_BREAK_CROSSING,S0,UNIFORM,PROCESSED,d180c786afea3ebb081b4412dc660c8574d5fa571f3071085ec66a8e132f8a77
5118,107,28,0.2616822429906542,,True,False,False,5,2,72,100,28,0.72,,3.8817283511597207,1.0034126151588547,0.6086366252603606,2.9291228914024408,3.368093702422481,3.704959376991049,,100,0,True,4,2,2,18,0,0,12342.63368315151,,10217.717012705521,,RAW_WINDOWS_DT30_DISTANCE400_V1,107,102,5,0.9532710280373832,,102,32.55581290371456,1.448433174536659,3.528638938297776,,2,5,6.613283835971754e-10,3,0,0,3,4,2,11049.389905325752,NO_RAW_BREAK_CROSSING,R0,UNIFORM,PROCESSED,768c472681b57542d60732a4a998652bc6b80740aaa7b53c9a8d20e290e7f178
5118,107,31,0.2897196261682243,,True,False,False,1,2,73,104,31,0.7019230769230769,,3.8817283511597207,0.9852718739017121,0.5768515464834278,2.8800444941802015,3.318538599434434,3.7002747339813857,,104,0,True,4,1,2,21,0,0,12342.63368315151,,11013.390692947863,,RAW_WINDOWS_DT30_DISTANCE400_V1,107,106,1,0.9906542056074766,,106,32.55581290371456,1.4138414827606773,3.5267323407955926,,2,5,6.613283835971754e-10,3,0,0,1,4,3,11049.389905325752,NO_RAW_BREAK_CROSSING,S0,UNIFORM,PROCESSED,36dcc8f6437102b38ef65fbcffda4a1642a2b5296bdc206a95a105879c882538
4450,102,30,0.29411764705882354,,True,False,False,23,0,49,79,30,0.620253164556962,,4.834257051305156,1.0691073813471532,0.09739481741452895,3.743416905483802,3.7894045859130925,4.698751637896199,,79,0,True,4,1,0,33,0,0,7493.150712667435,,7144.301046930625,,RAW_WINDOWS_DT30_DISTANCE400_V1,102,79,23,0.7745098039215687,,79,4.834257051305156,1.0691073813471532,3.7894045859130925,,0,5,8.265486735124394e-11,3,0,0,1,4,3,7161.187386303786,NO_RAW_BREAK_CROSSING,R0,UNIFORM,PROCESSED,76bf6f9f045322109452f18758489f92fb570081c1c78e490c94fd06c16c7918
4450,102,32,0.3137254901960784,,True,False,False,0,0,70,102,32,0.6862745098039216,,4.834257051305156,0.8347619909365779,0.0,2.6382608176142126,3.759665358635308,4.65638029041953,,102,0,True,4,0,0,55,0,0,7493.150712667435,,7151.711052645936,,RAW_WINDOWS_DT30_DISTANCE400_V1,102,102,0,1.0,,102,4.834257051305156,0.8347619909365779,3.759665358635308,,0,5,8.265486735124394e-11,3,0,0,0,4,4,7161.187386303786,NO_RAW_BREAK_CROSSING,S0,UNIFORM,PROCESSED,70ee3e48a75f79b7e8da8227ace086c8d06f36d5783cebf5416b0b7b1b42bb6d
5277,110,44,0.4,,True,False,False,0,6,60,104,44,0.5769230769230769,,4.547803806809948,0.7463504761972772,0.0,2.5433993097345726,3.3087083799190764,4.370277095422191,,104,0,True,1,0,6,33,0,0,10364.407615530848,,10336.190257831293,,RAW_WINDOWS_DT30_DISTANCE400_V1,110,110,0,1.0,,110,14.531767390439418,1.1955146610413336,4.477210605093171,,4,5,3.112713203691916e-10,0,0,0,0,1,1,10364.407615530848,NO_RAW_BREAK_CROSSING,R0,UNIFORM,PROCESSED,2c8f2fc17ac9ad2ab2a09bdc833a4d375ebc1f6740a090970e4e4576e7d16065
5277,110,44,0.4,,True,False,False,0,6,60,104,44,0.5769230769230769,,4.547803806809948,0.7463504761972772,0.0,2.5433993097345726,3.3087083799190764,4.370277095422191,,104,0,True,1,0,6,33,0,0,10364.407615530848,,10336.190257831293,,RAW_WINDOWS_DT30_DISTANCE400_V1,110,110,0,1.0,,110,14.531767390439418,1.1955146610413336,4.477210605093171,,4,5,3.112713203691916e-10,0,0,0,0,1,1,10364.407615530848,NO_RAW_BREAK_CROSSING,S0,UNIFORM,PROCESSED,85443e50e177012f6f97bb7da79f750167227fc828599c946bf0bdbb190842ba
6070,100,16,0.16,,True,False,False,0,12,72,88,16,0.8181818181818181,,4.778460907726661,1.417482690827882,0.9058072297251782,3.0813308278857083,4.451647242073659,4.494133018608548,,88,0,True,1,0,12,70,0,0,404.3146857136083,,290.5239830201735,,RAW_WINDOWS_DT30_DISTANCE400_V1,100,100,0,1.0,,100,6.328052296001177,1.6450137093329709,4.451647242073659,,2,5,3.448186733782766e-10,0,0,0,0,1,1,404.3146857136083,NO_RAW_BREAK_CROSSING,R0,UNIFORM,PROCESSED,4dca7cff3be6c795b871134a6fee5614e58372a2f7a6abe050e959a37fd8a9d1
6070,100,16,0.16,,True,False,False,0,12,72,88,16,0.8181818181818181,,4.778460907726661,1.417482690827882,0.9058072297251782,3.0813308278857083,4.451647242073659,4.494133018608548,,88,0,True,1,0,12,70,0,0,404.3146857136083,,290.5239830201735,,RAW_WINDOWS_DT30_DISTANCE400_V1,100,100,0,1.0,,100,6.328052296001177,1.6450137093329709,4.451647242073659,,2,5,3.448186733782766e-10,0,0,0,0,1,1,404.3146857136083,NO_RAW_BREAK_CROSSING,S0,UNIFORM,PROCESSED,f5bac5e156c9d73a2892032ba7d7f6042c1ab41807fb3d3b042a5ccdf4ad370f
1375,91,12,0.13186813186813187,,True,False,False,3,13,63,75,12,0.84,,4.547482763640695,0.7592463920374428,0.0,3.452037058243088,3.452037058243088,3.8546055251103977,,75,0,True,3,1,13,63,0,0,539.0632537946951,,373.1475066709384,,RAW_WINDOWS_DT30_DISTANCE400_V1,91,88,3,0.967032967032967,,88,9.274007416471134,1.08222497171837,3.592056881047174,,2,5,2.7119857760816165e-10,2,0,0,1,3,2,465.28651953918984,NO_RAW_BREAK_CROSSING,R0,UNIFORM,PROCESSED,00681b808d0a56d81a3b0ad631b7750dab8c876240dbaa4cd531afc899602e1f
1375,91,14,0.15384615384615385,,True,False,False,0,13,64,78,14,0.8205128205128205,,4.547482763640695,0.7306970809135641,0.0,3.452037058243088,3.452037058243088,3.826515907332141,,78,0,True,3,0,13,66,0,0,539.0632537946951,,392.667388131473,,RAW_WINDOWS_DT30_DISTANCE400_V1,91,91,0,1.0,,91,9.274007416471134,1.0471064881282015,3.58386889962503,,2,5,2.7119857760816165e-10,2,0,0,0,3,3,465.28651953918984,NO_RAW_BREAK_CROSSING,S0,UNIFORM,PROCESSED,2d790214f991183c29683e4de3f010e92ee4a3e3f49cba2795b3c8d708c1be91
9246,98,0,0.0,,False,True,True,98,0,0,0,0,,EMPTY_DP_REFERENCE_DENOMINATOR,,,,,,,EMPTY_DP_REFERENCE,0,0,True,1,1,0,0,0,0,9.61958015719134,,,EMPTY_OUTPUT,RAW_WINDOWS_DT30_DISTANCE400_V1,98,0,98,0.0,,0,,,,NO_COVERED_RAW_POINTS,0,5,1.344662280592371e-10,0,0,0,0,1,0,9.61958015719134,NO_RAW_BREAK_CROSSING,R0,UNIFORM,ALL_FILTERED,ffcdaf558c394d92c5f8f69a62e12030fa187249be32021fe2d498080386156f
9246,98,2,0.02040816326530612,,True,False,False,0,0,96,98,2,0.9795918367346939,,1.062310051554378,0.3952691930458267,0.37939641431155674,0.909602946098097,1.062310051554378,1.062310051554378,,98,0,True,1,0,0,98,0,0,9.61958015719134,,8.902609454196453,,RAW_WINDOWS_DT30_DISTANCE400_V1,98,98,0,1.0,,98,1.062310051554378,0.3952691930458267,1.062310051554378,,0,5,1.344662280592371e-10,0,0,0,0,1,1,9.61958015719134,NO_RAW_BREAK_CROSSING,S0,UNIFORM,PROCESSED,0a1f4caa8266f9a25d0f7c6da5a8d372eeb1a657acb856f20c27132ab2bdcd31
6202,98,18,0.1836734693877551,,True,False,False,0,1,79,97,18,0.8144329896907216,,4.669498946909552,1.464259948322617,1.0454805047072657,3.790181037891605,4.0557351652159035,4.452960627545657,,97,0,True,2,0,1,44,0,0,5892.059333695739,,5882.755886887333,,RAW_WINDOWS_DT30_DISTANCE400_V1,98,98,0,1.0,,98,4.669498946909552,1.457602248387573,4.055190386723932,,0,5,2.9138993756652196e-10,1,0,0,0,2,2,5887.01171273989,NO_RAW_BREAK_CROSSING,R0,UNIFORM,PROCESSED,f8b226c819f0fa2c213a78233384b37edf59c0a38806e880bf6937ed1be01021
6202,98,18,0.1836734693877551,,True,False,False,0,1,79,97,18,0.8144329896907216,,4.669498946909552,1.464259948322617,1.0454805047072657,3.790181037891605,4.0557351652159035,4.452960627545657,,97,0,True,2,0,1,44,0,0,5892.059333695739,,5882.755886887333,,RAW_WINDOWS_DT30_DISTANCE400_V1,98,98,0,1.0,,98,4.669498946909552,1.457602248387573,4.055190386723932,,0,5,2.9138993756652196e-10,1,0,0,0,2,2,5887.01171273989,NO_RAW_BREAK_CROSSING,S0,UNIFORM,PROCESSED,64f8a7d098503a9fd72bd1576b6210664d7f3b95848add0d32eb17f29e8096ba
686,104,46,0.4423076923076923,,True,False,False,1,2,55,101,46,0.5445544554455446,,4.333041262692547,0.7252315238017618,0.07596615522945169,3.039282139087397,3.614673385844975,4.261925578299448,,101,0,True,13,1,2,45,0,0,21021.663353806987,,15363.594865098778,,RAW_WINDOWS_DT30_DISTANCE400_V1,104,103,1,0.9903846153846154,,103,12.880014013868054,0.8460614237660531,3.662509068570323,,1,5,6.839277404593277e-10,12,0,0,1,13,12,15372.393539034103,NO_RAW_BREAK_CROSSING,R0,UNIFORM,PROCESSED,79f9f10a743dabb1462e4d6d8b1da2abf007b13430f296a85ccffa20cade866f
686,104,46,0.4423076923076923,,True,False,False,1,2,55,101,46,0.5445544554455446,,4.333041262692547,0.7252315238017618,0.07596615522945169,3.039282139087397,3.614673385844975,4.261925578299448,,101,0,True,13,1,2,45,0,0,21021.663353806987,,15363.594865098778,,RAW_WINDOWS_DT30_DISTANCE400_V1,104,103,1,0.9903846153846154,,103,12.880014013868054,0.8460614237660531,3.662509068570323,,1,5,6.839277404593277e-10,12,0,0,1,13,12,15372.393539034103,NO_RAW_BREAK_CROSSING,S0,UNIFORM,PROCESSED,ff9276f4f29f8b111e674a8e937c80c08b40bf2bd340c0506a241eec1af37a2b
8771,105,44,0.41904761904761906,,True,False,False,0,2,59,103,44,0.5728155339805825,,4.751026085696346,0.6468965093754918,0.05401685701342661,2.0326428426141367,3.211761519808353,4.496932918460586,,103,0,True,6,0,2,43,0,0,13500.81091031659,,11474.503386690187,,RAW_WINDOWS_DT30_DISTANCE400_V1,105,105,0,1.0,,105,47.04851919426672,1.182415532612009,3.7736989954124933,,2,5,1.6983988641201114e-10,5,0,0,0,6,6,11511.931429975672,NO_RAW_BREAK_CROSSING,R0,UNIFORM,PROCESSED,3d75fc0a0b5d25920a8e71ea89da8d59187521fc743823ee9bd8ef2eb2f3d043
8771,105,44,0.41904761904761906,,True,False,False,0,2,59,103,44,0.5728155339805825,,4.751026085696346,0.6468965093754918,0.05401685701342661,2.0326428426141367,3.211761519808353,4.496932918460586,,103,0,True,6,0,2,43,0,0,13500.81091031659,,11474.503386690187,,RAW_WINDOWS_DT30_DISTANCE400_V1,105,105,0,1.0,,105,47.04851919426672,1.182415532612009,3.7736989954124933,,2,5,1.6983988641201114e-10,5,0,0,0,6,6,11511.931429975672,NO_RAW_BREAK_CROSSING,S0,UNIFORM,PROCESSED,adf5cbad4304093302e4ac8801acab10982b61f64c0fd7255a08d7740b5a1e4b
951,96,37,0.3854166666666667,,True,False,False,4,6,49,86,37,0.5697674418604651,,4.660196033515647,0.7397727942090244,0.13470663278935754,2.7073559499295965,4.035110501451466,4.393484066529908,,86,0,True,4,1,6,29,0,0,7590.940906521123,,5604.09202337803,,RAW_WINDOWS_DT30_DISTANCE400_V1,96,92,4,0.9583333333333334,,92,4.660196033515647,0.8007802896376535,4.052317187428742,,0,5,2.376258817024488e-10,3,0,0,2,4,3,5962.049212807884,NO_RAW_BREAK_CROSSING,R0,UNIFORM,PROCESSED,741c1b9006cfefcc2ffb708a5f5ddc23389b46e48255508600ed1992894ca086
951,96,39,0.40625,,True,False,False,0,6,51,90,39,0.5666666666666667,,4.660196033515647,0.7598451128190934,0.13470663278935754,2.780271143333481,3.9714831954909506,4.380932915142341,,90,0,True,4,0,6,32,0,0,7590.940906521123,,5937.299053443651,,RAW_WINDOWS_DT30_DISTANCE400_V1,96,96,0,1.0,,96,4.660196033515647,0.8170561093584002,4.029652661438426,,0,5,2.376258817024488e-10,3,0,0,0,4,4,5962.049212807884,NO_RAW_BREAK_CROSSING,S0,UNIFORM,PROCESSED,2affe1269c255e8f2bb586b5a85f1953b1fdf3ddb078f2e202da193c14628891
7188,100,0,0.0,,False,True,True,100,0,0,0,0,,EMPTY_DP_REFERENCE_DENOMINATOR,,,,,,,EMPTY_DP_REFERENCE,0,0,True,1,1,0,0,0,0,1.455697862268102,,,EMPTY_OUTPUT,RAW_WINDOWS_DT30_DISTANCE400_V1,100,0,100,0.0,,0,,,,NO_COVERED_RAW_POINTS,0,5,4.5585172067898e-10,0,0,0,0,1,0,1.455697862268102,NO_RAW_BREAK_CROSSING,R0,UNIFORM,ALL_FILTERED,e5ec0f9aaf022e96691bf5ddcbd4505e806e7099510ed185cd4a75b5011b38c6
7188,100,2,0.02,,True,False,False,0,0,98,100,2,0.98,,0.22173839793903258,0.07589636410451867,0.015624740502524562,0.22173839793903258,0.22173839793903258,0.22173839793903258,,100,0,True,1,0,0,100,0,0,1.455697862268102,,0.6772010437648307,,RAW_WINDOWS_DT30_DISTANCE400_V1,100,100,0,1.0,,100,0.22173839793903258,0.07589636410451867,0.22173839793903258,,0,5,4.5585172067898e-10,0,0,0,0,1,1,1.455697862268102,NO_RAW_BREAK_CROSSING,S0,UNIFORM,PROCESSED,5c017a146a92420fc7100adcaa8df7fac1d94436c7353781ec368a6a97ea9550
5987,102,46,0.45098039215686275,,True,False,False,0,6,50,96,46,0.5208333333333333,,4.575905378550307,0.9687882488427636,0.0,3.921376241255417,4.029251915454836,4.499814136435918,,96,0,True,1,0,6,32,0,0,5836.747388279899,,5748.804622153164,,RAW_WINDOWS_DT30_DISTANCE400_V1,102,102,0,1.0,,102,19.017545735988605,1.476764583779588,4.57190057633376,,3,5,2.242788070192967e-10,0,0,0,0,1,1,5836.747388279899,NO_RAW_BREAK_CROSSING,R0,UNIFORM,PROCESSED,e763f99076e390bbd4d8cbb1122a9b46efefd9d888b4b1058dea1b20692d6950
5987,102,46,0.45098039215686275,,True,False,False,0,6,50,96,46,0.5208333333333333,,4.575905378550307,0.9687882488427636,0.0,3.921376241255417,4.029251915454836,4.499814136435918,,96,0,True,1,0,6,32,0,0,5836.747388279899,,5748.804622153164,,RAW_WINDOWS_DT30_DISTANCE400_V1,102,102,0,1.0,,102,19.017545735988605,1.476764583779588,4.57190057633376,,3,5,2.242788070192967e-10,0,0,0,0,1,1,5836.747388279899,NO_RAW_BREAK_CROSSING,S0,UNIFORM,PROCESSED,f5337698fc09681835c3d8ea1d28de560bec79face1285c8cd53417a8255c4d0
2052,107,36,0.3364485981308411,,True,False,False,0,4,67,103,36,0.6504854368932038,,4.635353985856042,0.7645704812054515,0.21199711034998941,2.224160279190395,3.0797740614536364,4.101621179584232,,103,0,True,6,0,4,25,0,0,16536.434942973465,,13607.74322651354,,RAW_WINDOWS_DT30_DISTANCE400_V1,107,107,0,1.0,,107,15.854159564177058,1.0448962768462868,3.6375152763667358,,3,5,5.064998277883205e-10,5,0,0,0,6,6,13712.315488730204,NO_RAW_BREAK_CROSSING,R0,UNIFORM,PROCESSED,e277ca6294661d3092063e78462ff76c7e59b89455092b0ac3b12ae5f5c88e21
2052,107,36,0.3364485981308411,,True,False,False,0,4,67,103,36,0.6504854368932038,,4.635353985856042,0.7645704812054515,0.21199711034998941,2.224160279190395,3.0797740614536364,4.101621179584232,,103,0,True,6,0,4,25,0,0,16536.434942973465,,13607.74322651354,,RAW_WINDOWS_DT30_DISTANCE400_V1,107,107,0,1.0,,107,15.854159564177058,1.0448962768462868,3.6375152763667358,,3,5,5.064998277883205e-10,5,0,0,0,6,6,13712.315488730204,NO_RAW_BREAK_CROSSING,S0,UNIFORM,PROCESSED,e37b0b96ddcb14097294a30b394cd2c8595b80a0470df10562062f6b45e47524
9093,100,0,0.0,,False,True,True,100,0,0,0,0,,EMPTY_DP_REFERENCE_DENOMINATOR,,,,,,,EMPTY_DP_REFERENCE,0,0,True,1,1,0,0,0,0,5.393384401328549,,,EMPTY_OUTPUT,RAW_WINDOWS_DT30_DISTANCE400_V1,100,0,100,0.0,,0,,,,NO_COVERED_RAW_POINTS,0,5,1.2194587798563496e-10,0,0,0,0,1,0,5.393384401328549,NO_RAW_BREAK_CROSSING,R0,UNIFORM,ALL_FILTERED,58babce11e66b81dc5d813d5cc6f1460c52e0569f3203c1bff2c637355906f66
9093,100,2,0.02,,True,False,False,0,0,98,100,2,0.98,,0.5716645652037569,0.26106005680578165,0.26677691682951965,0.5202146810273766,0.5716645652037569,0.5716645652037569,,100,0,True,1,0,0,100,0,0,5.393384401328549,,4.984291131644761,,RAW_WINDOWS_DT30_DISTANCE400_V1,100,100,0,1.0,,100,0.5716645652037569,0.26106005680578165,0.5716645652037569,,0,5,1.2194587798563496e-10,0,0,0,0,1,1,5.393384401328549,NO_RAW_BREAK_CROSSING,S0,UNIFORM,PROCESSED,d4679a754697df514cc694bc108c9ca10a7e5fed28bb880ed2b26e99caf2a2bd
854,146,56,0.3835616438356164,,True,False,False,0,19,71,127,56,0.5590551181102362,,4.602189076545638,0.7519028327820421,0.0,2.62366030313291,3.7282800330548973,4.406545602110553,,127,0,True,1,0,19,50,0,0,4880.701641722673,,4760.075226874321,,RAW_WINDOWS_DT30_DISTANCE400_V1,146,146,0,1.0,,146,31.765007155237747,1.8761666873861842,8.583093226112808,,15,5,2.007737166718863e-10,0,0,0,0,1,1,4880.701641722673,NO_RAW_BREAK_CROSSING,R0,UNIFORM,PROCESSED,8e2a1c739d6d977e72df987f51c3c6a6a7dfa6e897ec562f59c0f32563ab592c
854,146,56,0.3835616438356164,,True,False,False,0,19,71,127,56,0.5590551181102362,,4.602189076545638,0.7519028327820421,0.0,2.62366030313291,3.7282800330548973,4.406545602110553,,127,0,True,1,0,19,50,0,0,4880.701641722673,,4760.075226874321,,RAW_WINDOWS_DT30_DISTANCE400_V1,146,146,0,1.0,,146,31.765007155237747,1.8761666873861842,8.583093226112808,,15,5,2.007737166718863e-10,0,0,0,0,1,1,4880.701641722673,NO_RAW_BREAK_CROSSING,S0,UNIFORM,PROCESSED,ff03b21b989f5db73a0a025e7e5cabe9e1486e9b9baa5c84934cbe43f825de02
787,100,0,0.0,,False,True,True,100,0,0,0,0,,EMPTY_DP_REFERENCE_DENOMINATOR,,,,,,,EMPTY_DP_REFERENCE,0,0,True,1,1,0,0,0,0,24.967666545415206,,,EMPTY_OUTPUT,RAW_WINDOWS_DT30_DISTANCE400_V1,100,0,100,0.0,,0,,,,NO_COVERED_RAW_POINTS,0,5,2.5679080224877895e-10,0,0,0,0,1,0,24.967666545415206,NO_RAW_BREAK_CROSSING,R0,UNIFORM,ALL_FILTERED,900810eb08d11668e65d51fe0a57a413f7b2049e3f89fb62434c2c70fae67717
787,100,3,0.03,,True,False,False,0,0,97,100,3,0.97,,2.4663750303075638,0.9432023628153091,0.7690844572744927,1.9439277831190465,2.1514481025605336,2.4663750303075638,,100,0,True,1,0,0,100,0,0,24.967666545415206,,16.405935737773557,,RAW_WINDOWS_DT30_DISTANCE400_V1,100,100,0,1.0,,100,2.4663750303075638,0.9432023628153091,2.1514481025605336,,0,5,2.5679080224877895e-10,0,0,0,0,1,1,24.967666545415206,NO_RAW_BREAK_CROSSING,S0,UNIFORM,PROCESSED,051430c0232e7a587200b2e0896d21a66df7d11fa8bc8f05c31a3732a96181e6
7337,100,7,0.07,,True,False,False,0,10,83,90,7,0.9222222222222223,,4.934550828440067,1.4451975528029013,1.03356826898139,3.224159103104054,4.188674300399003,4.883876774397653,,90,0,True,1,0,10,6,0,0,108.0075561197991,,64.85325600756568,,RAW_WINDOWS_DT30_DISTANCE400_V1,100,100,0,1.0,,100,4.934550828440067,1.4365451043335629,4.211092034263925,,0,5,3.6540465955227244e-10,0,0,0,0,1,1,108.0075561197991,NO_RAW_BREAK_CROSSING,R0,UNIFORM,PROCESSED,28e5741eb475b42b2870687d770b1e38d286ceff5c2760e27b34382d068e0e6c
7337,100,7,0.07,,True,False,False,0,10,83,90,7,0.9222222222222223,,4.934550828440067,1.4451975528029013,1.03356826898139,3.224159103104054,4.188674300399003,4.883876774397653,,90,0,True,1,0,10,6,0,0,108.0075561197991,,64.85325600756568,,RAW_WINDOWS_DT30_DISTANCE400_V1,100,100,0,1.0,,100,4.934550828440067,1.4365451043335629,4.211092034263925,,0,5,3.6540465955227244e-10,0,0,0,0,1,1,108.0075561197991,NO_RAW_BREAK_CROSSING,S0,UNIFORM,PROCESSED,95656f9eff3475ca36531f9212f790970999c44a597dcd9cb65629ba740864ba
10187,100,0,0.0,,False,True,True,100,0,0,0,0,,EMPTY_DP_REFERENCE_DENOMINATOR,,,,,,,EMPTY_DP_REFERENCE,0,0,True,1,1,0,0,0,0,8.560449181425641,,,EMPTY_OUTPUT,RAW_WINDOWS_DT30_DISTANCE400_V1,100,0,100,0.0,,0,,,,NO_COVERED_RAW_POINTS,0,5,2.4164275511692867e-10,0,0,0,0,1,0,8.560449181425641,NO_RAW_BREAK_CROSSING,R0,UNIFORM,ALL_FILTERED,e1acba007323b642d7de1236db571a197fef7f12fb2f0fefd232d79d84c408af
10187,100,2,0.02,,True,False,False,0,0,98,100,2,0.98,,2.930851177479282,1.6654682258908673,1.6762061994150443,2.824289123205603,2.930851177479282,2.930851177479282,,100,0,True,1,0,0,100,0,0,8.560449181425641,,2.261460798066762,,RAW_WINDOWS_DT30_DISTANCE400_V1,100,100,0,1.0,,100,2.930851177479282,1.6654682258908673,2.930851177479282,,0,5,2.4164275511692867e-10,0,0,0,0,1,1,8.560449181425641,NO_RAW_BREAK_CROSSING,S0,UNIFORM,PROCESSED,5c0a4de18a07d060234961d75fbe3da3f8ebf1726e588048f84bcfd85c4512d6
4403,108,34,0.3148148148148148,,True,False,False,0,1,73,107,34,0.6822429906542056,,4.591416860545219,1.013728487255248,0.25644392415191625,2.743621451362558,3.1785852961114425,4.428768392678711,,107,0,True,1,0,1,43,0,0,6927.311378344361,,6917.990942909786,,RAW_WINDOWS_DT30_DISTANCE400_V1,108,108,0,1.0,,108,6.67279711757591,1.0661272708693281,3.2631985695796164,,1,5,1.489444946033926e-10,0,0,0,0,1,1,6927.311378344361,NO_RAW_BREAK_CROSSING,R0,UNIFORM,PROCESSED,726e0a2c871ec56fc59453a15443692d5797d28099f22de2d82eae80df4e59d8
4403,108,34,0.3148148148148148,,True,False,False,0,1,73,107,34,0.6822429906542056,,4.591416860545219,1.013728487255248,0.25644392415191625,2.743621451362558,3.1785852961114425,4.428768392678711,,107,0,True,1,0,1,43,0,0,6927.311378344361,,6917.990942909786,,RAW_WINDOWS_DT30_DISTANCE400_V1,108,108,0,1.0,,108,6.67279711757591,1.0661272708693281,3.2631985695796164,,1,5,1.489444946033926e-10,0,0,0,0,1,1,6927.311378344361,NO_RAW_BREAK_CROSSING,S0,UNIFORM,PROCESSED,66600ec41223556bde6fb56a28b17bcf799b4a681adfd663ec4156169e121c3f
2287,99,3,0.030303030303030304,,True,False,False,63,15,18,21,3,0.8571428571428572,,4.317454702391925,1.3245998763877882,1.4603820989363037,2.510984638139481,3.49780663989523,4.153525089892586,,21,0,True,2,1,15,3,0,0,118.8165875761928,,18.942295893759535,,RAW_WINDOWS_DT30_DISTANCE400_V1,99,36,63,0.36363636363636365,,36,4.714280913628162,1.7721748115269638,4.391383793198594,,0,5,1.6684138153094392e-10,1,0,0,1,2,1,114.68993373030258,NO_RAW_BREAK_CROSSING,R0,UNIFORM,PROCESSED,f2a165a5679223c2d22fe1bf065277fe0837ee92a5692ed0c1d911e1c200f7a3
2287,99,5,0.050505050505050504,,True,False,False,0,16,78,83,5,0.9397590361445783,,4.719991560073087,0.8425085373219711,0.2857195715928001,2.1815223398609893,3.4697165257850915,4.389911336774531,,83,0,True,2,0,16,44,0,0,118.8165875761928,,40.88931914593803,,RAW_WINDOWS_DT30_DISTANCE400_V1,99,99,0,1.0,,99,4.719991560073087,1.0728927472901593,3.6750712796059113,,0,5,1.6684138153094392e-10,1,0,0,0,2,2,114.68993373030258,NO_RAW_BREAK_CROSSING,S0,UNIFORM,PROCESSED,cd9148155003c2c79de23788d68e06948c2453f145cfffad44dc922ca60bab5f
8129,99,0,0.0,,False,True,True,99,0,0,0,0,,EMPTY_DP_REFERENCE_DENOMINATOR,,,,,,,EMPTY_DP_REFERENCE,0,0,True,1,1,0,0,0,0,3.808159663953865,,,EMPTY_OUTPUT,RAW_WINDOWS_DT30_DISTANCE400_V1,99,0,99,0.0,,0,,,,NO_COVERED_RAW_POINTS,0,5,1.7143534402357623e-10,0,0,0,0,1,0,3.808159663953865,NO_RAW_BREAK_CROSSING,R0,UNIFORM,ALL_FILTERED,d7aa5294dd04c8bd6435557245451a8f2996b4bfceb874a134f22e2efa417681
8129,99,2,0.020202020202020204,,True,False,False,0,0,97,99,2,0.9797979797979798,,0.5816682699980555,0.29060568382319935,0.3339348726032732,0.4970024071465185,0.5816682699980555,0.5816682699980555,,99,0,True,1,0,0,99,0,0,3.808159663953865,,0.8847450765391381,,RAW_WINDOWS_DT30_DISTANCE400_V1,99,99,0,1.0,,99,0.5816682699980555,0.29060568382319935,0.5816682699980555,,0,5,1.7143534402357623e-10,0,0,0,0,1,1,3.808159663953865,NO_RAW_BREAK_CROSSING,S0,UNIFORM,PROCESSED,1119277bddded5521d17674eac560b6770664a3075adc6848b3ace307ed6c3ef
4161,99,0,0.0,,False,True,True,99,0,0,0,0,,EMPTY_DP_REFERENCE_DENOMINATOR,,,,,,,EMPTY_DP_REFERENCE,0,0,True,1,1,0,0,0,0,16.18615617334848,,,EMPTY_OUTPUT,RAW_WINDOWS_DT30_DISTANCE400_V1,99,0,99,0.0,,0,,,,NO_COVERED_RAW_POINTS,0,5,2.4626205174003787e-10,0,0,0,0,1,0,16.18615617334848,NO_RAW_BREAK_CROSSING,R0,UNIFORM,ALL_FILTERED,320a1880f2ede9def6b0008a076557a8179a111cc24f1c518e5678169dbdac43
4161,99,2,0.020202020202020204,,True,False,False,0,0,97,99,2,0.9797979797979798,,1.9125584215082176,0.8179694352013025,0.8052886170108681,1.524006731843191,1.6679520214373447,1.9125584215082176,,99,0,True,1,0,0,99,0,0,16.18615617334848,,10.48461691160114,,RAW_WINDOWS_DT30_DISTANCE400_V1,99,99,0,1.0,,99,1.9125584215082176,0.8179694352013025,1.6679520214373447,,0,5,2.4626205174003787e-10,0,0,0,0,1,1,16.18615617334848,NO_RAW_BREAK_CROSSING,S0,UNIFORM,PROCESSED,23d691eb1ae4127f229a126a8a9e42164caded16599f15f33348479f9b7dda6f
2733,110,39,0.35454545454545455,,True,False,False,0,1,70,109,39,0.6422018348623852,,4.800316795063925,0.9206273254861583,0.18559080749084586,3.3689171945589513,3.732846945562857,4.544893626468828,,109,0,True,1,0,1,48,0,0,6301.574166898217,,6285.077846511352,,RAW_WINDOWS_DT30_DISTANCE400_V1,110,110,0,1.0,,110,32.15655348682776,1.204590290589264,3.924539883078161,,1,5,2.553287644172612e-10,0,0,0,0,1,1,6301.574166898217,NO_RAW_BREAK_CROSSING,R0,UNIFORM,PROCESSED,be41ff4ecba2ed7920b1ea1c0ac22f179142da93b11665561c77c258e58f5aca
2733,110,39,0.35454545454545455,,True,False,False,0,1,70,109,39,0.6422018348623852,,4.800316795063925,0.9206273254861583,0.18559080749084586,3.3689171945589513,3.732846945562857,4.544893626468828,,109,0,True,1,0,1,48,0,0,6301.574166898217,,6285.077846511352,,RAW_WINDOWS_DT30_DISTANCE400_V1,110,110,0,1.0,,110,32.15655348682776,1.204590290589264,3.924539883078161,,1,5,2.553287644172612e-10,0,0,0,0,1,1,6301.574166898217,NO_RAW_BREAK_CROSSING,S0,UNIFORM,PROCESSED,7ab55dc10cc4afb4805271c4fe7814846a85e60834c2ef8ee74f4ee85ba36bdb
421,106,52,0.49056603773584906,,True,False,False,3,0,51,103,52,0.49514563106796117,,4.120226656457919,1.1862343021089148,0.0,3.5608026306077583,3.854815475938952,4.0144186559476225,,103,0,True,8,2,0,28,0,0,17376.723064259015,,13172.657762268387,,RAW_WINDOWS_DT30_DISTANCE400_V1,106,103,3,0.9716981132075472,,103,4.120226656457919,1.1862343021089148,3.854815475938952,,0,5,3.1164575100718333e-10,7,0,0,3,8,6,13198.92902077303,NO_RAW_BREAK_CROSSING,R0,UNIFORM,PROCESSED,20f01461086e22dcfe990b3b1de3db7a62aa77acafbc922a458b41942918662f
421,106,54,0.5094339622641509,,True,False,False,1,0,51,105,54,0.48571428571428577,,4.120226656457919,1.163639363021126,0.0,3.543831240528075,3.8501257413127656,4.014100861711125,,105,0,True,8,1,0,30,0,0,17376.723064259015,,13197.341368596923,,RAW_WINDOWS_DT30_DISTANCE400_V1,106,105,1,0.9905660377358491,,105,4.120226656457919,1.163639363021126,3.8501257413127656,,0,5,3.1164575100718333e-10,7,0,0,1,8,7,13198.92902077303,NO_RAW_BREAK_CROSSING,S0,UNIFORM,PROCESSED,ed4fd2611b598114d6f995ca36adba88e34ce7e6a5a78f2f4c90ff027dc9d00f
3965,100,0,0.0,,False,True,True,100,0,0,0,0,,EMPTY_DP_REFERENCE_DENOMINATOR,,,,,,,EMPTY_DP_REFERENCE,0,0,True,1,1,0,0,0,0,13.63692584870876,,,EMPTY_OUTPUT,RAW_WINDOWS_DT30_DISTANCE400_V1,100,0,100,0.0,,0,,,,NO_COVERED_RAW_POINTS,0,5,1.253153759007461e-10,0,0,0,0,1,0,13.63692584870876,NO_RAW_BREAK_CROSSING,R0,UNIFORM,ALL_FILTERED,87ddb6af2f080c2a1edb39a84a956b247b336a0dfe8754d68dffdf63a71dd4af
3965,100,2,0.02,,True,False,False,0,0,98,100,2,0.98,,2.200193616703158,0.7115006033669395,0.6373319492634651,1.1593989282880035,1.8654377461127623,2.200193616703158,,100,0,True,1,0,0,100,0,0,13.63692584870876,,1.2284900296929733,,RAW_WINDOWS_DT30_DISTANCE400_V1,100,100,0,1.0,,100,2.200193616703158,0.7115006033669395,1.8654377461127623,,0,5,1.253153759007461e-10,0,0,0,0,1,1,13.63692584870876,NO_RAW_BREAK_CROSSING,S0,UNIFORM,PROCESSED,751406a23e2a08fee02ce4d9079df78bdb3f0a0efe58b275989f8396c4c91981
5034,161,62,0.38509316770186336,,True,False,False,0,24,75,137,62,0.5474452554744526,,4.789340129244422,1.0599968301453329,0.2853327184193278,3.5695459801940097,4.028875965699385,4.558563070307065,,137,0,True,1,0,24,27,0,0,7348.502752182258,,7209.193637700487,,RAW_WINDOWS_DT30_DISTANCE400_V1,161,161,0,1.0,,161,70.01881704931044,2.560672842594658,8.229531919634608,,14,5,1.4226958957088543e-10,0,0,0,0,1,1,7348.502752182258,NO_RAW_BREAK_CROSSING,R0,UNIFORM,PROCESSED,181de90f3f97965f8a2cbc7d82889b2ea674324b3573988b18b876bec741438f
5034,161,62,0.38509316770186336,,True,False,False,0,24,75,137,62,0.5474452554744526,,4.789340129244422,1.0599968301453329,0.2853327184193278,3.5695459801940097,4.028875965699385,4.558563070307065,,137,0,True,1,0,24,27,0,0,7348.502752182258,,7209.193637700487,,RAW_WINDOWS_DT30_DISTANCE400_V1,161,161,0,1.0,,161,70.01881704931044,2.560672842594658,8.229531919634608,,14,5,1.4226958957088543e-10,0,0,0,0,1,1,7348.502752182258,NO_RAW_BREAK_CROSSING,S0,UNIFORM,PROCESSED,424d4055f5272649dbd02fd85c3d7183bf154f65105a88b54401abf5db154a4c
9202,100,0,0.0,,False,True,True,100,0,0,0,0,,EMPTY_DP_REFERENCE_DENOMINATOR,,,,,,,EMPTY_DP_REFERENCE,0,0,True,1,1,0,0,0,0,9.545754926471083,,,EMPTY_OUTPUT,RAW_WINDOWS_DT30_DISTANCE400_V1,100,0,100,0.0,,0,,,,NO_COVERED_RAW_POINTS,0,5,9.885686680814034e-11,0,0,0,0,1,0,9.545754926471083,NO_RAW_BREAK_CROSSING,R0,UNIFORM,ALL_FILTERED,97a345dc21bdb46b5ae0cc3f6afc4d0aa29c0d2ac88cd9b6beea5f1dcef3180d
9202,100,2,0.02,,True,False,False,0,0,98,100,2,0.98,,0.9763584121101538,0.29811560884407734,0.22196349571774973,0.5481945136628503,0.8617883776494127,0.9763584121101538,,100,0,True,1,0,0,100,0,0,9.545754926471083,,2.256111942858814,,RAW_WINDOWS_DT30_DISTANCE400_V1,100,100,0,1.0,,100,0.9763584121101538,0.29811560884407734,0.8617883776494127,,0,5,9.885686680814034e-11,0,0,0,0,1,1,9.545754926471083,NO_RAW_BREAK_CROSSING,S0,UNIFORM,PROCESSED,c51c813de5d37241a580b4e07f233e38a83e1801673cc8b355f2e54746704437
1674,104,50,0.4807692307692308,,True,False,False,3,4,47,97,50,0.48453608247422686,,4.904172563353368,0.6643393668582974,0.0,3.1457082596568933,3.475444495570129,4.838235986688521,,97,0,True,9,1,4,42,0,0,14671.069256166971,,11018.271722683396,,RAW_WINDOWS_DT30_DISTANCE400_V1,104,101,3,0.9711538461538461,,101,14.70336912446559,0.9791407287854288,3.8952501845803043,,2,5,1.6246004995797648e-10,8,0,0,2,9,8,11376.135859025217,NO_RAW_BREAK_CROSSING,R0,UNIFORM,PROCESSED,6f1d4fcb805aedcff3bf03a40789ce0399b3548f110567eed372bda0069b785c
1674,104,52,0.5,,True,False,False,0,4,48,100,52,0.48,,4.904172563353368,0.6554610413325136,0.0,3.1457082596568933,3.442742496304297,4.836175468667746,,100,0,True,9,0,4,45,0,0,14671.069256166971,,11357.403413277803,,RAW_WINDOWS_DT30_DISTANCE400_V1,104,104,0,1.0,,104,14.70336912446559,0.9615230688012002,3.8661099358391846,,2,5,1.6246004995797648e-10,8,0,0,0,9,9,11376.135859025217,NO_RAW_BREAK_CROSSING,S0,UNIFORM,PROCESSED,fbfd7faf7d4ebb344484b9e523b2b9220d54557dc8510bdb75247f697b545e17
7362,101,25,0.24752475247524752,,True,False,False,2,2,72,97,25,0.7422680412371134,,4.866254297301034,1.0552791193197433,0.5812419208878337,2.8564022056417064,3.645980278929201,4.65319467985611,,97,0,True,5,2,2,46,0,0,7999.17699897161,,5726.621145498414,,RAW_WINDOWS_DT30_DISTANCE400_V1,101,99,2,0.9801980198019802,,99,4.866254297301034,1.0449412912732026,3.645980278929201,,0,5,3.018688806491418e-10,4,0,0,2,5,3,6057.390703065926,NO_RAW_BREAK_CROSSING,R0,UNIFORM,PROCESSED,77b7251a9a12c190b144a9986c7d8e8812742b72820a1820d4073746f3b18108
7362,101,25,0.24752475247524752,,True,False,False,2,2,72,97,25,0.7422680412371134,,4.866254297301034,1.0552791193197433,0.5812419208878337,2.8564022056417064,3.645980278929201,4.65319467985611,,97,0,True,5,2,2,46,0,0,7999.17699897161,,5726.621145498414,,RAW_WINDOWS_DT30_DISTANCE400_V1,101,99,2,0.9801980198019802,,99,4.866254297301034,1.0449412912732026,3.645980278929201,,0,5,3.018688806491418e-10,4,0,0,2,5,3,6057.390703065926,NO_RAW_BREAK_CROSSING,S0,UNIFORM,PROCESSED,0d1d247edfb71357154131d407f9e3b5c72a8052fddb3a4609f9e8668fda585b
4419,103,26,0.2524271844660194,,True,False,False,0,3,74,100,26,0.74,,4.756628047297472,1.5542941842158426,1.0382423238556275,3.599256956989514,3.7716440200820474,4.623370180861736,,100,0,True,1,0,3,52,0,0,4084.7678128485804,,4068.285840644394,,RAW_WINDOWS_DT30_DISTANCE400_V1,103,103,0,1.0,,103,12.356925144868642,1.782987198533081,4.3808054544141735,,3,5,1.5514475458508331e-10,0,0,0,0,1,1,4084.7678128485804,NO_RAW_BREAK_CROSSING,R0,UNIFORM,PROCESSED,20c3d21793780eea08c59c6665630d2f4d499ee38a1a496aea4a28d6a765aefa
4419,103,26,0.2524271844660194,,True,False,False,0,3,74,100,26,0.74,,4.756628047297472,1.5542941842158426,1.0382423238556275,3.599256956989514,3.7716440200820474,4.623370180861736,,100,0,True,1,0,3,52,0,0,4084.7678128485804,,4068.285840644394,,RAW_WINDOWS_DT30_DISTANCE400_V1,103,103,0,1.0,,103,12.356925144868642,1.782987198533081,4.3808054544141735,,3,5,1.5514475458508331e-10,0,0,0,0,1,1,4084.7678128485804,NO_RAW_BREAK_CROSSING,S0,UNIFORM,PROCESSED,cad1e47c39d242437817f636b98806bbe7b36cbdc8db0ecaa78dd89aa9e39eba
2779,108,53,0.49074074074074076,,True,False,False,0,3,52,105,53,0.49523809523809526,,3.5725312375528997,0.5753534019877945,0.0,2.388442754030251,2.595278432340715,3.1399397531584774,,105,0,True,2,0,3,38,0,0,9385.928368512703,,9219.566045957006,,RAW_WINDOWS_DT30_DISTANCE400_V1,108,108,0,1.0,,108,20.097201781926824,1.0477223463361205,2.738712748154988,,3,5,2.9291336515606326e-10,1,0,0,0,2,2,9247.571284691066,NO_RAW_BREAK_CROSSING,R0,UNIFORM,PROCESSED,4ee35c203415aa75e2b651092f9047acb78c2fd774e266945aaf85d3e3b17568
2779,108,53,0.49074074074074076,,True,False,False,0,3,52,105,53,0.49523809523809526,,3.5725312375528997,0.5753534019877945,0.0,2.388442754030251,2.595278432340715,3.1399397531584774,,105,0,True,2,0,3,38,0,0,9385.928368512703,,9219.566045957006,,RAW_WINDOWS_DT30_DISTANCE400_V1,108,108,0,1.0,,108,20.097201781926824,1.0477223463361205,2.738712748154988,,3,5,2.9291336515606326e-10,1,0,0,0,2,2,9247.571284691066,NO_RAW_BREAK_CROSSING,S0,UNIFORM,PROCESSED,100e947d4e695b2779519b2a2649ae5eecde832f028263dc1b34c985d4c79834
6893,108,46,0.42592592592592593,,True,False,False,3,8,51,97,46,0.5257731958762887,,4.939659117973743,0.7368068568119511,0.0,2.660609574062021,2.985521311100155,4.808121808384036,,97,0,True,6,1,8,38,0,0,13911.902987341413,,12146.84723866582,,RAW_WINDOWS_DT30_DISTANCE400_V1,108,105,3,0.9722222222222222,,105,44.595609066964876,2.0186790215374963,4.852777557690839,,4,5,3.0995266512158157e-10,5,0,0,1,6,5,12504.697829119139,NO_RAW_BREAK_CROSSING,R0,UNIFORM,PROCESSED,d6d2feb66afe40f6c6130b469dda299064311b590330bda90caf04d365edc691
6893,108,49,0.4537037037037037,,True,False,False,0,8,51,100,49,0.51,,4.939659117973743,0.7147026511075926,0.0,2.660609574062021,2.985521311100155,4.80401126745936,,100,0,True,6,0,8,41,0,0,13911.902987341413,,12192.29513892382,,RAW_WINDOWS_DT30_DISTANCE400_V1,108,108,0,1.0,,108,44.595609066964876,1.9626046042725658,4.843376969464644,,4,5,3.0995266512158157e-10,5,0,0,0,6,6,12504.697829119139,NO_RAW_BREAK_CROSSING,S0,UNIFORM,PROCESSED,6e401110b223130e306ea96400919b67236559049d0f670e90df1ec2d01ce70b
899,99,33,0.3333333333333333,,True,False,False,0,4,62,95,33,0.6526315789473685,,4.910264765236236,0.8543274465683143,0.18616997456104123,2.9411433221992134,3.6335659042244086,4.391676949518766,,95,0,True,2,0,4,57,0,0,4423.805055305701,,4384.870198491406,,RAW_WINDOWS_DT30_DISTANCE400_V1,99,99,0,1.0,,99,30.1175383094932,1.581902521432165,4.413744516145037,,4,5,2.1904394282714573e-10,1,0,0,0,2,2,4423.805055305701,NO_RAW_BREAK_CROSSING,R0,UNIFORM,PROCESSED,0db0c156be24e7c2ada70f5c2b54922fa9e2155989dcd0e33864a4c80d59aab4
899,99,33,0.3333333333333333,,True,False,False,0,4,62,95,33,0.6526315789473685,,4.910264765236236,0.8543274465683143,0.18616997456104123,2.9411433221992134,3.6335659042244086,4.391676949518766,,95,0,True,2,0,4,57,0,0,4423.805055305701,,4384.870198491406,,RAW_WINDOWS_DT30_DISTANCE400_V1,99,99,0,1.0,,99,30.1175383094932,1.581902521432165,4.413744516145037,,4,5,2.1904394282714573e-10,1,0,0,0,2,2,4423.805055305701,NO_RAW_BREAK_CROSSING,S0,UNIFORM,PROCESSED,3b292be96ee28d7884cea76286b1652819a2ed7e1cfd3aaf6f15e4e91e52ff8b
3146,115,39,0.3391304347826087,,True,False,False,0,6,70,109,39,0.6422018348623852,,4.858111582809689,1.1313084988363,0.6746596945711419,3.163697992813676,3.700150049134067,4.8028632532149,,109,0,True,3,0,6,9,0,0,8245.978451320267,,7763.18094854514,,RAW_WINDOWS_DT30_DISTANCE400_V1,115,115,0,1.0,,115,10.92322990802132,1.2411806074262586,3.86493626548071,,1,5,2.4493604935184073e-10,2,0,0,0,3,3,7801.570623197151,NO_RAW_BREAK_CROSSING,R0,UNIFORM,PROCESSED,cf956fa4d603916dd255ded792e7b1791b2becd3cfc371c11c09c2a5a1e2078b
3146,115,39,0.3391304347826087,,True,False,False,0,6,70,109,39,0.6422018348623852,,4.858111582809689,1.1313084988363,0.6746596945711419,3.163697992813676,3.700150049134067,4.8028632532149,,109,0,True,3,0,6,9,0,0,8245.978451320267,,7763.18094854514,,RAW_WINDOWS_DT30_DISTANCE400_V1,115,115,0,1.0,,115,10.92322990802132,1.2411806074262586,3.86493626548071,,1,5,2.4493604935184073e-10,2,0,0,0,3,3,7801.570623197151,NO_RAW_BREAK_CROSSING,S0,UNIFORM,PROCESSED,43796c485ebf8c0130b324a287bdee03715561c0087831a01bd40db33c6cc557
350,100,0,0.0,,False,True,True,100,0,0,0,0,,EMPTY_DP_REFERENCE_DENOMINATOR,,,,,,,EMPTY_DP_REFERENCE,0,0,True,1,1,0,0,0,0,3.264238770065608,,,EMPTY_OUTPUT,RAW_WINDOWS_DT30_DISTANCE400_V1,100,0,100,0.0,,0,,,,NO_COVERED_RAW_POINTS,0,5,2.8851113732471176e-10,0,0,0,0,1,0,3.264238770065608,NO_RAW_BREAK_CROSSING,R0,UNIFORM,ALL_FILTERED,cfa58795e4e857232bdde21336aab10297f4bdae73698d35573798172562299c
350,100,2,0.02,,True,False,False,0,0,98,100,2,0.98,,0.3665252235030734,0.19670186070899906,0.17104511488782648,0.3665252235030734,0.3665252235030734,0.3665252235030734,,100,0,True,1,0,0,100,0,0,3.264238770065608,,1.7302337135651658,,RAW_WINDOWS_DT30_DISTANCE400_V1,100,100,0,1.0,,100,0.3665252235030734,0.19670186070899906,0.3665252235030734,,0,5,2.8851113732471176e-10,0,0,0,0,1,1,3.264238770065608,NO_RAW_BREAK_CROSSING,S0,UNIFORM,PROCESSED,9673e10f979c142b2a643a1494631825fc2030e4a29a829d9fcb652a426bff8c
8238,106,39,0.36792452830188677,,True,False,False,3,3,61,100,39,0.61,,4.838421029126605,0.9110300046239351,0.6586303429971347,2.570911179540817,3.028875667052136,4.440869858231499,,100,0,True,3,1,3,27,0,0,12015.280658441678,,10786.562608169505,,RAW_WINDOWS_DT30_DISTANCE400_V1,106,103,3,0.9716981132075472,,103,9.660153489053894,1.1331677660189703,3.7283611538823864,,3,5,3.151097582909756e-10,2,0,0,1,3,2,11194.691479624318,NO_RAW_BREAK_CROSSING,R0,UNIFORM,PROCESSED,39eea2258e70ecedd92d585a8908e1da569c4934ca72bdac616320d42201ff64
8238,106,41,0.3867924528301887,,True,False,False,0,3,62,103,41,0.6019417475728155,,4.838421029126605,0.889886217703618,0.5657430534631368,2.558956048511286,2.9943547502027963,4.422819761025527,,103,0,True,3,0,3,30,0,0,12015.280658441678,,11171.125117534746,,RAW_WINDOWS_DT30_DISTANCE400_V1,106,106,0,1.0,,106,9.660153489053894,1.1063354703871044,3.71820376093001,,3,5,3.151097582909756e-10,2,0,0,0,3,3,11194.691479624318,NO_RAW_BREAK_CROSSING,S0,UNIFORM,PROCESSED,1610c40acd9a4b9e1abc8b2d18af3b37bed54ba1b2dec7a7de11737e012d9b00
10001,98,0,0.0,,False,True,True,98,0,0,0,0,,EMPTY_DP_REFERENCE_DENOMINATOR,,,,,,,EMPTY_DP_REFERENCE,0,0,True,1,1,0,0,0,0,6.762152385758757,,,EMPTY_OUTPUT,RAW_WINDOWS_DT30_DISTANCE400_V1,98,0,98,0.0,,0,,,,NO_COVERED_RAW_POINTS,0,5,1.9129989016315362e-10,0,0,0,0,1,0,6.762152385758757,NO_RAW_BREAK_CROSSING,R0,UNIFORM,ALL_FILTERED,5c7fdd338165f0f8dab221754712c01a06e6bab9809768db88f0859e37266923
10001,98,2,0.02040816326530612,,True,False,False,0,0,96,98,2,0.9795918367346939,,0.9818563233769252,0.42536639921390773,0.3207161807350717,0.8840291264510859,0.9818563233769252,0.9818563233769252,,98,0,True,1,0,0,98,0,0,6.762152385758757,,5.888488918838719,,RAW_WINDOWS_DT30_DISTANCE400_V1,98,98,0,1.0,,98,0.9818563233769252,0.42536639921390773,0.9818563233769252,,0,5,1.9129989016315362e-10,0,0,0,0,1,1,6.762152385758757,NO_RAW_BREAK_CROSSING,S0,UNIFORM,PROCESSED,48d0a9b992eac727aa1a83bb4ee04515982a34f5f5d00a7989ae3127be23a2cf
7328,95,12,0.12631578947368421,,True,False,False,0,23,60,72,12,0.8333333333333334,,4.266388995905794,1.0281274137465322,0.2820603095592018,3.002050779777441,3.469153171372329,4.021860391298251,,72,0,True,2,0,23,53,0,0,266.82937136993394,,140.457835346146,,RAW_WINDOWS_DT30_DISTANCE400_V1,95,95,0,1.0,,95,4.322364318787444,1.3397647644732473,3.921982510543054,,0,5,4.605692288895477e-10,1,0,0,0,2,2,261.46062424917665,NO_RAW_BREAK_CROSSING,R0,UNIFORM,PROCESSED,aedfb795b1ef417e2774c9641a3d7d5387c0c8425b90d07802af9f57c709cac2
7328,95,12,0.12631578947368421,,True,False,False,0,23,60,72,12,0.8333333333333334,,4.266388995905794,1.0281274137465322,0.2820603095592018,3.002050779777441,3.469153171372329,4.021860391298251,,72,0,True,2,0,23,53,0,0,266.82937136993394,,140.457835346146,,RAW_WINDOWS_DT30_DISTANCE400_V1,95,95,0,1.0,,95,4.322364318787444,1.3397647644732473,3.921982510543054,,0,5,4.605692288895477e-10,1,0,0,0,2,2,261.46062424917665,NO_RAW_BREAK_CROSSING,S0,UNIFORM,PROCESSED,668d00592ce4b307e2101e5db6d2dc6ae06b3efa65a4ad4a142aff5ad127f5d8
3410,102,5,0.049019607843137254,,True,False,False,0,1,96,101,5,0.9504950495049505,,4.858039735290858,1.179011063703777,1.1842940163097548,2.008183882125917,2.0614408434602653,4.072626824404695,,101,0,True,1,0,1,94,0,0,579.2046364147786,,557.1644217267485,,RAW_WINDOWS_DT30_DISTANCE400_V1,102,102,0,1.0,,102,4.858039735290858,1.179498066047359,2.0614408434602653,,0,5,1.6818268370940887e-10,0,0,0,0,1,1,579.2046364147786,NO_RAW_BREAK_CROSSING,R0,UNIFORM,PROCESSED,9a72798df9b346f9b669ea0e88ad5c883e4d49a5967276137d576c6b032ab593
3410,102,5,0.049019607843137254,,True,False,False,0,1,96,101,5,0.9504950495049505,,4.858039735290858,1.179011063703777,1.1842940163097548,2.008183882125917,2.0614408434602653,4.072626824404695,,101,0,True,1,0,1,94,0,0,579.2046364147786,,557.1644217267485,,RAW_WINDOWS_DT30_DISTANCE400_V1,102,102,0,1.0,,102,4.858039735290858,1.179498066047359,2.0614408434602653,,0,5,1.6818268370940887e-10,0,0,0,0,1,1,579.2046364147786,NO_RAW_BREAK_CROSSING,S0,UNIFORM,PROCESSED,b668c566abb809ed059bfa018f2b8939bea956e8b614977a5ab33b25e324e24c
6530,99,0,0.0,,False,True,True,99,0,0,0,0,,EMPTY_DP_REFERENCE_DENOMINATOR,,,,,,,EMPTY_DP_REFERENCE,0,0,True,1,1,0,0,0,0,63.65995925998784,,,EMPTY_OUTPUT,RAW_WINDOWS_DT30_DISTANCE400_V1,99,0,99,0.0,,0,,,,NO_COVERED_RAW_POINTS,0,5,7.780280755181905e-10,0,0,0,0,1,0,63.65995925998784,NO_RAW_BREAK_CROSSING,R0,UNIFORM,ALL_FILTERED,a63ebb760f25c5d72c280224ca26237eb18a77fbbccf4e145ce5e6382c4d096a
6530,99,6,0.06060606060606061,,True,False,False,0,0,93,99,6,0.9393939393939394,,3.957368750631227,0.7698565926955733,0.0,3.0226096121385484,3.957368750631227,3.957368750631227,,99,0,True,1,0,0,99,0,0,63.65995925998784,,57.862776038733664,,RAW_WINDOWS_DT30_DISTANCE400_V1,99,99,0,1.0,,99,3.957368750631227,0.7698565926955733,3.957368750631227,,0,5,7.780280755181905e-10,0,0,0,0,1,1,63.65995925998784,NO_RAW_BREAK_CROSSING,S0,UNIFORM,PROCESSED,00e8141d0df559969af4d514b9a6e5c5df0643f52e3f4a45b4bb092c696f5370
3613,105,36,0.34285714285714286,,True,False,False,0,1,68,104,36,0.6538461538461539,,4.942451963483452,0.563955329771135,0.054484930817785535,1.519774346732001,3.0384313907339062,4.461791457160395,,104,0,True,1,0,1,41,0,0,5873.314341365245,,5870.100830114046,,RAW_WINDOWS_DT30_DISTANCE400_V1,105,105,0,1.0,,105,4.942451963483452,0.5768728681285792,2.997206021239496,,0,5,2.341047776218403e-10,0,0,0,0,1,1,5873.314341365245,NO_RAW_BREAK_CROSSING,R0,UNIFORM,PROCESSED,afb6411e5206ad551ce2db63bbd5b6f262d45986a90aa85543dcdc3279d42f08
3613,105,36,0.34285714285714286,,True,False,False,0,1,68,104,36,0.6538461538461539,,4.942451963483452,0.563955329771135,0.054484930817785535,1.519774346732001,3.0384313907339062,4.461791457160395,,104,0,True,1,0,1,41,0,0,5873.314341365245,,5870.100830114046,,RAW_WINDOWS_DT30_DISTANCE400_V1,105,105,0,1.0,,105,4.942451963483452,0.5768728681285792,2.997206021239496,,0,5,2.341047776218403e-10,0,0,0,0,1,1,5873.314341365245,NO_RAW_BREAK_CROSSING,S0,UNIFORM,PROCESSED,dad1bf1741e5411d789982d087213be0377b3ac26ce43e35556b5f5b828bfba2
597,112,23,0.20535714285714285,,True,False,False,0,6,83,106,23,0.7830188679245282,,4.498155903334604,1.2047556349294148,0.4510828536250536,3.393603512737826,3.647913209276611,4.373115594333748,,106,0,True,1,0,6,56,0,0,6965.165361835551,,6916.877764869502,,RAW_WINDOWS_DT30_DISTANCE400_V1,112,112,0,1.0,,112,20.09354991720764,1.8972926303553275,5.713257160395692,,6,5,1.1644261709849934e-10,0,0,0,0,1,1,6965.165361835551,NO_RAW_BREAK_CROSSING,R0,UNIFORM,PROCESSED,b53311c1c816ccdf17b7ade9fd82a5ef6f9ec11bbc55cadfedf5d4abf2b512df
597,112,23,0.20535714285714285,,True,False,False,0,6,83,106,23,0.7830188679245282,,4.498155903334604,1.2047556349294148,0.4510828536250536,3.393603512737826,3.647913209276611,4.373115594333748,,106,0,True,1,0,6,56,0,0,6965.165361835551,,6916.877764869502,,RAW_WINDOWS_DT30_DISTANCE400_V1,112,112,0,1.0,,112,20.09354991720764,1.8972926303553275,5.713257160395692,,6,5,1.1644261709849934e-10,0,0,0,0,1,1,6965.165361835551,NO_RAW_BREAK_CROSSING,S0,UNIFORM,PROCESSED,273b67e39c0af5eac263d09ae10ba431c983f95a3ba8e85847065fa586d5807e
8613,111,26,0.23423423423423423,,True,False,False,0,8,77,103,26,0.7475728155339806,,4.494498451392468,1.1094741390801162,0.9526450413349504,2.5512225285609995,3.1166168130166874,4.277317288190126,,103,0,True,3,0,8,65,0,0,6397.705893775698,,5934.999016368455,,RAW_WINDOWS_DT30_DISTANCE400_V1,111,111,0,1.0,,111,44.52081548400918,1.7480093959285243,4.387637061818789,,3,5,3.6778683137690316e-10,2,0,0,0,3,3,5976.892350142244,NO_RAW_BREAK_CROSSING,R0,UNIFORM,PROCESSED,3d9bc60c004909e0a3a37b8dc360de6b3c1c14f81d89becc739c3e054669224f
8613,111,26,0.23423423423423423,,True,False,False,0,8,77,103,26,0.7475728155339806,,4.494498451392468,1.1094741390801162,0.9526450413349504,2.5512225285609995,3.1166168130166874,4.277317288190126,,103,0,True,3,0,8,65,0,0,6397.705893775698,,5934.999016368455,,RAW_WINDOWS_DT30_DISTANCE400_V1,111,111,0,1.0,,111,44.52081548400918,1.7480093959285243,4.387637061818789,,3,5,3.6778683137690316e-10,2,0,0,0,3,3,5976.892350142244,NO_RAW_BREAK_CROSSING,S0,UNIFORM,PROCESSED,98a4f5218f6a7e105757938fa57779cf4990265cfded1aa1a84d562b65b56d2b
6777,99,0,0.0,,False,True,True,99,0,0,0,0,,EMPTY_DP_REFERENCE_DENOMINATOR,,,,,,,EMPTY_DP_REFERENCE,0,0,True,1,1,0,0,0,0,13.027924656340527,,,EMPTY_OUTPUT,RAW_WINDOWS_DT30_DISTANCE400_V1,99,0,99,0.0,,0,,,,NO_COVERED_RAW_POINTS,0,5,1.4897868997318243e-10,0,0,0,0,1,0,13.027924656340527,NO_RAW_BREAK_CROSSING,R0,UNIFORM,ALL_FILTERED,d0650ef8c0a684f80038717a256c013a3735ff0ce4d08980d6670d290a0e70e5
6777,99,2,0.020202020202020204,,True,False,False,0,0,97,99,2,0.9797979797979798,,1.413141228593884,0.8371532280961517,0.8322355364787997,1.3304858254493273,1.402617930741283,1.413141228593884,,99,0,True,1,0,0,99,0,0,13.027924656340527,,5.0119956285048195,,RAW_WINDOWS_DT30_DISTANCE400_V1,99,99,0,1.0,,99,1.413141228593884,0.8371532280961517,1.402617930741283,,0,5,1.4897868997318243e-10,0,0,0,0,1,1,13.027924656340527,NO_RAW_BREAK_CROSSING,S0,UNIFORM,PROCESSED,1bce84c8106913cc5c1dd4dd9c6a0a71bc654cc5ac84be314e05f454ae56aa0f
3893,101,0,0.0,,False,True,True,101,0,0,0,0,,EMPTY_DP_REFERENCE_DENOMINATOR,,,,,,,EMPTY_DP_REFERENCE,0,0,True,1,1,0,0,0,0,8.254383126801722,,,EMPTY_OUTPUT,RAW_WINDOWS_DT30_DISTANCE400_V1,101,0,101,0.0,,0,,,,NO_COVERED_RAW_POINTS,0,5,2.1585097227670122e-10,0,0,0,0,1,0,8.254383126801722,NO_RAW_BREAK_CROSSING,R0,UNIFORM,ALL_FILTERED,a9617bbeed334c266293562141ed32b1a83160e12e95f650255b30ed2f136fc0
3893,101,2,0.019801980198019802,,True,False,False,0,0,99,101,2,0.9801980198019802,,0.4382377731500853,0.12586954304118453,0.04737630930241279,0.40270501319514357,0.4382377731500853,0.4382377731500853,,101,0,True,1,0,0,101,0,0,8.254383126801722,,8.027570090844858,,RAW_WINDOWS_DT30_DISTANCE400_V1,101,101,0,1.0,,101,0.4382377731500853,0.12586954304118453,0.4382377731500853,,0,5,2.1585097227670122e-10,0,0,0,0,1,1,8.254383126801722,NO_RAW_BREAK_CROSSING,S0,UNIFORM,PROCESSED,81927852fef4d1ac5b81e8cde8c782319e073aabf48d541ed28ddbc34ef90245
7473,105,29,0.2761904761904762,,True,False,False,4,2,70,99,29,0.7070707070707071,,4.532746810545728,0.7215336606232648,0.16710402891933307,2.275320189395923,3.668194389233252,4.2474397841475575,,99,0,True,3,1,2,45,0,0,11264.82944930764,,9837.150005321091,,RAW_WINDOWS_DT30_DISTANCE400_V1,105,101,4,0.9619047619047619,,101,12.311463346671639,0.8446230110771481,3.863460146854583,,1,5,3.433936227344049e-10,2,0,0,1,3,2,10459.78877518444,NO_RAW_BREAK_CROSSING,R0,UNIFORM,PROCESSED,9d084c13411839ca9be838210f4004bb9cd79c9b9f026338b9b3ec882cf82878
7473,105,32,0.3047619047619048,,True,False,False,0,2,71,103,32,0.6893203883495146,,4.532746810545728,0.7075420540178452,0.15867844587771887,2.2670215403525606,3.6006424782922353,4.235568908612357,,103,0,True,3,0,2,48,0,0,11264.82944930764,,10452.757111136725,,RAW_WINDOWS_DT30_DISTANCE400_V1,105,105,0,1.0,,105,12.311463346671639,0.8262087931516836,3.820067756272065,,1,5,3.433936227344049e-10,2,0,0,0,3,3,10459.78877518444,NO_RAW_BREAK_CROSSING,S0,UNIFORM,PROCESSED,354f1a8b5477679b7bdf17a752f4e7b380c4985b94450244ffe692e48588e3ce
8881,85,26,0.3058823529411765,,True,False,False,4,3,52,78,26,0.6666666666666667,,4.88168365991785,0.7560505643171291,0.04548275279558884,2.7979012361818008,3.4811788137276225,4.45376593443048,,78,0,True,4,1,3,36,0,0,8212.146695364716,,5556.414764125198,,RAW_WINDOWS_DT30_DISTANCE400_V1,85,81,4,0.9529411764705882,,81,108.8109203605199,2.3190579566119984,4.325946354090094,,3,5,7.609929064617309e-11,3,0,0,2,4,3,6183.432672855453,NO_RAW_BREAK_CROSSING,R0,UNIFORM,PROCESSED,7e134798ec12913a8a6d5f5dd125c50637ee5956a6dff1e028515917168ae65a
8881,85,29,0.3411764705882353,,True,False,False,0,3,53,82,29,0.6463414634146342,,4.88168365991785,0.7339420308030596,0.0,2.786318435581752,3.4296223242124673,4.431536442197366,,82,0,True,4,0,3,39,0,0,8212.146695364716,,5926.721092371214,,RAW_WINDOWS_DT30_DISTANCE400_V1,85,85,0,1.0,,85,108.8109203605199,2.224176435231608,4.3046454398025595,,3,5,7.609929064617309e-11,3,0,0,0,4,4,6183.432672855453,NO_RAW_BREAK_CROSSING,S0,UNIFORM,PROCESSED,b4feccf0cf795d71a06fdd5a723e70c36975e3a129305078f47f9e2ebc11a471
9507,108,30,0.2777777777777778,,True,False,False,28,0,50,80,30,0.625,,4.719211765852948,0.7383824741490684,0.22189879486051112,2.241657987964713,2.887168437040158,4.638809885920761,,80,0,True,6,3,0,36,0,0,4718.4371660033985,,4065.888004811442,,RAW_WINDOWS_DT30_DISTANCE400_V1,108,80,28,0.7407407407407407,,80,4.719211765852948,0.7383824741490684,2.887168437040158,,0,5,1.18102645907895e-10,5,0,0,5,6,3,4234.677186395226,NO_RAW_BREAK_CROSSING,R0,UNIFORM,PROCESSED,0255e4ba84f4cb154369ee2e6ffc06ad937a524fdae0af899ad8ccb267fc1fd9
9507,108,36,0.3333333333333333,,True,False,False,0,1,71,107,36,0.6635514018691588,,4.719211765852948,0.5956443927417149,0.0792016173396111,1.9041377620123063,2.8260187556631893,4.560049684707661,,107,0,True,6,0,1,63,0,0,4718.4371660033985,,4221.602347134191,,RAW_WINDOWS_DT30_DISTANCE400_V1,108,108,0,1.0,,108,4.719211765852948,0.5909999830524751,2.8199842735396916,,0,5,1.18102645907895e-10,5,0,0,0,6,6,4234.677186395226,NO_RAW_BREAK_CROSSING,S0,UNIFORM,PROCESSED,e5465d6249938d54242147299fd07cdfbb0c1b3a9b0dacd3eb1cd3e6ceb47f34
3751,104,17,0.16346153846153846,,True,False,False,0,2,85,102,17,0.8333333333333334,,4.864294670216043,0.9842613270198589,1.017681652257047,2.1985126106140234,2.5917785557244115,4.765947105826034,,102,0,True,1,0,2,84,0,0,1729.2304249021036,,1718.0258949219005,,RAW_WINDOWS_DT30_DISTANCE400_V1,104,104,0,1.0,,104,6.177408619745283,1.0538058212485153,2.8331475361309746,,1,5,3.6282451077419336e-10,0,0,0,0,1,1,1729.2304249021036,NO_RAW_BREAK_CROSSING,R0,UNIFORM,PROCESSED,b802a416f8da14bd5f58bfd73208cd797bd7452031a8aef7a07aa69a7fd9991c
3751,104,17,0.16346153846153846,,True,False,False,0,2,85,102,17,0.8333333333333334,,4.864294670216043,0.9842613270198589,1.017681652257047,2.1985126106140234,2.5917785557244115,4.765947105826034,,102,0,True,1,0,2,84,0,0,1729.2304249021036,,1718.0258949219005,,RAW_WINDOWS_DT30_DISTANCE400_V1,104,104,0,1.0,,104,6.177408619745283,1.0538058212485153,2.8331475361309746,,1,5,3.6282451077419336e-10,0,0,0,0,1,1,1729.2304249021036,NO_RAW_BREAK_CROSSING,S0,UNIFORM,PROCESSED,8c8ae2f017cbb990461770c4cd4441193f2f51002ca4cab4518cca1ad5f1deca
10893,130,52,0.4,,True,False,False,0,3,75,127,52,0.5905511811023623,,4.947906927106805,1.3865312883132161,0.8798625071090435,4.231591576319487,4.55655755137023,4.886103041095392,,127,0,True,2,0,3,22,0,0,9354.896247037577,,9331.22655322856,,RAW_WINDOWS_DT30_DISTANCE400_V1,130,130,0,1.0,,130,6.972328326148184,1.4381548272956466,4.625882389245596,,1,5,5.08653746546965e-10,1,0,0,0,2,2,9347.626852974432,NO_RAW_BREAK_CROSSING,R0,UNIFORM,PROCESSED,5d23088c7ac453620b41608435d7af83ff75ecb42d49623b0a48ae840ecf34c6
10893,130,52,0.4,,True,False,False,0,3,75,127,52,0.5905511811023623,,4.947906927106805,1.3865312883132161,0.8798625071090435,4.231591576319487,4.55655755137023,4.886103041095392,,127,0,True,2,0,3,22,0,0,9354.896247037577,,9331.22655322856,,RAW_WINDOWS_DT30_DISTANCE400_V1,130,130,0,1.0,,130,6.972328326148184,1.4381548272956466,4.625882389245596,,1,5,5.08653746546965e-10,1,0,0,0,2,2,9347.626852974432,NO_RAW_BREAK_CROSSING,S0,UNIFORM,PROCESSED,fe2b7bfab037ee92baaaefd1bf540ea2b100b648c8ace93405c18c1e17c96488
1679,107,29,0.27102803738317754,,True,False,False,0,7,71,100,29,0.71,,4.976643571440094,1.2200486917598374,0.6211654536012423,3.6638361383461047,4.127554280174729,4.182382453421599,,100,0,True,3,0,7,42,0,0,6246.095503495738,,5756.2991179338605,,RAW_WINDOWS_DT30_DISTANCE400_V1,107,107,0,1.0,,107,102.51749241997771,3.0400664153603527,6.439257561598206,,6,5,1.4212553455572932e-10,2,0,0,0,3,3,6048.681695635855,NO_RAW_BREAK_CROSSING,R0,UNIFORM,PROCESSED,a914053cf5b3aed93cdc3c82855ffe348b9628cf2292f9a27bfe25cd4b9f9190
1679,107,29,0.27102803738317754,,True,False,False,0,7,71,100,29,0.71,,4.976643571440094,1.2200486917598374,0.6211654536012423,3.6638361383461047,4.127554280174729,4.182382453421599,,100,0,True,3,0,7,42,0,0,6246.095503495738,,5756.2991179338605,,RAW_WINDOWS_DT30_DISTANCE400_V1,107,107,0,1.0,,107,102.51749241997771,3.0400664153603527,6.439257561598206,,6,5,1.4212553455572932e-10,2,0,0,0,3,3,6048.681695635855,NO_RAW_BREAK_CROSSING,S0,UNIFORM,PROCESSED,5e939fb0a7213e61405769ca89e492ac8dd5567a645831e7be2f958022dde3f6
3973,100,6,0.06,,True,False,False,0,0,94,100,6,0.94,,4.092225766166869,1.2984840536137456,0.5297506791219811,3.671882450058147,4.092225766166869,4.092225766166869,,100,0,True,1,0,0,99,0,0,128.38960179231194,,93.42388395261902,,RAW_WINDOWS_DT30_DISTANCE400_V1,100,100,0,1.0,,100,4.092225766166869,1.2984840536137456,4.092225766166869,,0,5,6.377670851145349e-10,0,0,0,0,1,1,128.38960179231194,NO_RAW_BREAK_CROSSING,R0,UNIFORM,PROCESSED,eafda363ed183ee048c61a282d760334f3ebea97692ba49940759ce38b12d448
3973,100,6,0.06,,True,False,False,0,0,94,100,6,0.94,,4.092225766166869,1.2984840536137456,0.5297506791219811,3.671882450058147,4.092225766166869,4.092225766166869,,100,0,True,1,0,0,99,0,0,128.38960179231194,,93.42388395261902,,RAW_WINDOWS_DT30_DISTANCE400_V1,100,100,0,1.0,,100,4.092225766166869,1.2984840536137456,4.092225766166869,,0,5,6.377670851145349e-10,0,0,0,0,1,1,128.38960179231194,NO_RAW_BREAK_CROSSING,S0,UNIFORM,PROCESSED,bc07481c579349fb0108c370b8b91f6233e0629dd078a00c77a57b9dbe4e5ad1
9198,118,56,0.4745762711864407,,True,False,False,0,7,55,111,56,0.49549549549549554,,4.601356168737654,0.877407057420327,0.0,3.3132390487814036,4.145012125530031,4.481504410398635,,111,0,True,1,0,7,21,0,0,10913.277898152559,,10864.526632012481,,RAW_WINDOWS_DT30_DISTANCE400_V1,118,118,0,1.0,,118,24.592578757804212,1.4149616858645844,4.502572880149318,,5,5,1.896697631887603e-10,0,0,0,0,1,1,10913.277898152559,NO_RAW_BREAK_CROSSING,R0,UNIFORM,PROCESSED,4c067d48587895c87276fd6cb6077d737acf2962b45123f749a13b1e3d804136
9198,118,56,0.4745762711864407,,True,False,False,0,7,55,111,56,0.49549549549549554,,4.601356168737654,0.877407057420327,0.0,3.3132390487814036,4.145012125530031,4.481504410398635,,111,0,True,1,0,7,21,0,0,10913.277898152559,,10864.526632012481,,RAW_WINDOWS_DT30_DISTANCE400_V1,118,118,0,1.0,,118,24.592578757804212,1.4149616858645844,4.502572880149318,,5,5,1.896697631887603e-10,0,0,0,0,1,1,10913.277898152559,NO_RAW_BREAK_CROSSING,S0,UNIFORM,PROCESSED,41fae42af687eb47986594082dc27b66fa58878238260f6a7b886bb5689202d5
