record_id,classification,valid_structure,n_points,n_timestamps,invalid_timestamps,invalid_coordinates,negative_dt,zero_dt,positive_dt,same_time_different_position,consecutive_duplicate_position,long_gap_gt_30_source_seconds,edges_total,dt_computable,position_pairs_computable,time_span_raw,dt_min_raw,dt_max_raw,issues
0,CURRENT_RUN_REAL_DATA,True,99,99,0,0,0,0,98,0,78,0,98,98,98,1186,1.0,21.0,
1,CURRENT_RUN_REAL_DATA,True,97,97,0,0,0,0,96,0,76,0,96,96,96,1188,8.0,30.0,
2,CURRENT_RUN_REAL_DATA,True,99,99,0,0,0,0,98,0,82,0,98,98,98,1190,9.0,20.0,
3,CURRENT_RUN_REAL_DATA,True,103,103,0,0,0,2,100,0,76,1,102,102,102,1192,0.0,32.0,
4,CURRENT_RUN_REAL_DATA,True,100,100,0,0,0,0,99,0,81,0,99,99,99,1195,1.0,22.0,
5,CURRENT_RUN_REAL_DATA,True,99,99,0,0,0,0,98,0,79,0,98,98,98,1190,7.0,30.0,
6,CURRENT_RUN_REAL_DATA,True,99,99,0,0,0,0,98,0,79,1,98,98,98,1189,6.0,31.0,
7,CURRENT_RUN_REAL_DATA,True,91,91,0,0,0,1,89,1,0,4,90,90,90,1190,0.0,79.0,
8,CURRENT_RUN_REAL_DATA,True,100,100,0,0,0,0,99,0,79,0,99,99,99,1191,2.0,24.0,
9,CURRENT_RUN_REAL_DATA,True,100,100,0,0,0,1,98,1,79,0,99,99,99,1195,0.0,21.0,
10,CURRENT_RUN_REAL_DATA,True,98,98,0,0,0,0,97,0,0,0,97,97,97,1195,10.0,30.0,
11,CURRENT_RUN_REAL_DATA,True,98,98,0,0,0,0,97,0,78,0,97,97,97,1182,9.0,21.0,
12,CURRENT_RUN_REAL_DATA,True,100,100,0,0,0,0,99,0,80,0,99,99,99,1190,3.0,21.0,
13,CURRENT_RUN_REAL_DATA,True,97,97,0,0,0,3,93,0,78,2,96,96,96,1191,0.0,39.0,
14,CURRENT_RUN_REAL_DATA,True,100,100,0,0,0,1,98,0,79,0,99,99,99,1189,0.0,23.0,
15,CURRENT_RUN_REAL_DATA,True,96,96,0,0,0,0,95,0,76,1,95,95,95,1186,9.0,40.0,
16,CURRENT_RUN_REAL_DATA,True,99,99,0,0,0,0,98,0,78,0,98,98,98,1190,6.0,30.0,
17,CURRENT_RUN_REAL_DATA,True,99,99,0,0,0,0,98,0,79,0,98,98,98,1186,1.0,21.0,
18,CURRENT_RUN_REAL_DATA,True,98,98,0,0,0,7,90,1,80,2,97,97,97,1166,0.0,97.0,
19,CURRENT_RUN_REAL_DATA,True,99,99,0,0,0,0,98,0,78,0,98,98,98,1188,7.0,28.0,
20,CURRENT_RUN_REAL_DATA,True,99,99,0,0,0,0,98,0,76,0,98,98,98,1190,7.0,30.0,
21,CURRENT_RUN_REAL_DATA,True,100,100,0,0,0,0,99,0,4,0,99,99,99,1189,1.0,22.0,
22,CURRENT_RUN_REAL_DATA,True,102,102,0,0,0,0,101,0,53,0,101,101,101,1188,1.0,30.0,
23,CURRENT_RUN_REAL_DATA,True,100,100,0,0,0,0,99,0,79,0,99,99,99,1190,5.0,20.0,
24,CURRENT_RUN_REAL_DATA,True,100,100,0,0,0,1,98,0,81,0,99,99,99,1194,0.0,21.0,
25,CURRENT_RUN_REAL_DATA,True,99,99,0,0,0,0,98,0,80,0,98,98,98,1189,7.0,23.0,
26,CURRENT_RUN_REAL_DATA,True,100,100,0,0,0,0,99,0,0,0,99,99,99,1191,3.0,20.0,
27,CURRENT_RUN_REAL_DATA,True,99,99,0,0,0,0,98,0,81,0,98,98,98,1191,8.0,21.0,
28,CURRENT_RUN_REAL_DATA,True,100,100,0,0,0,0,99,0,79,0,99,99,99,1191,1.0,20.0,
29,CURRENT_RUN_REAL_DATA,True,98,98,0,0,0,0,97,0,78,0,97,97,97,1186,7.0,21.0,
30,CURRENT_RUN_REAL_DATA,True,99,99,0,0,0,0,98,0,0,0,98,98,98,1186,1.0,21.0,
31,CURRENT_RUN_REAL_DATA,True,101,101,0,0,0,0,100,0,75,0,100,100,100,1164,1.0,21.0,
32,CURRENT_RUN_REAL_DATA,True,100,100,0,0,0,3,96,0,81,1,99,99,99,1191,0.0,56.0,
33,CURRENT_RUN_REAL_DATA,True,99,99,0,0,0,0,98,0,2,0,98,98,98,1190,3.0,30.0,
34,CURRENT_RUN_REAL_DATA,True,99,99,0,0,0,0,98,0,79,0,98,98,98,1192,10.0,20.0,
35,CURRENT_RUN_REAL_DATA,True,101,101,0,0,0,2,98,0,83,1,100,100,100,1191,0.0,38.0,
36,CURRENT_RUN_REAL_DATA,True,97,97,0,0,0,0,96,0,77,1,96,96,96,1193,2.0,50.0,
37,CURRENT_RUN_REAL_DATA,True,99,99,0,0,0,0,98,0,82,0,98,98,98,1188,7.0,28.0,
38,CURRENT_RUN_REAL_DATA,True,98,98,0,0,0,0,97,0,1,0,97,97,97,1187,5.0,30.0,
39,CURRENT_RUN_REAL_DATA,True,100,100,0,0,0,0,99,0,80,0,99,99,99,1191,4.0,20.0,
40,CURRENT_RUN_REAL_DATA,True,99,99,0,0,0,0,98,0,79,0,98,98,98,1192,1.0,30.0,
41,CURRENT_RUN_REAL_DATA,True,100,100,0,0,0,0,99,0,80,0,99,99,99,1190,4.0,20.0,
42,CURRENT_RUN_REAL_DATA,True,99,99,0,0,0,0,98,0,80,0,98,98,98,1189,7.0,28.0,
43,CURRENT_RUN_REAL_DATA,True,98,98,0,0,0,0,97,0,76,0,97,97,97,1191,9.0,29.0,
44,CURRENT_RUN_REAL_DATA,True,98,98,0,0,0,0,97,0,78,0,97,97,97,1195,10.0,30.0,
45,CURRENT_RUN_REAL_DATA,True,65,65,0,0,0,0,64,0,44,0,64,64,64,771,7.0,22.0,
46,CURRENT_RUN_REAL_DATA,True,98,98,0,0,0,0,97,0,24,0,97,97,97,1193,9.0,30.0,
47,CURRENT_RUN_REAL_DATA,True,99,99,0,0,0,3,95,0,80,1,98,98,98,1188,0.0,51.0,
48,CURRENT_RUN_REAL_DATA,True,99,99,0,0,0,0,98,0,90,0,98,98,98,1195,8.0,21.0,
49,CURRENT_RUN_REAL_DATA,True,101,101,0,0,0,0,100,0,82,0,100,100,100,1191,4.0,20.0,
50,CURRENT_RUN_REAL_DATA,True,99,99,0,0,0,0,98,0,78,0,98,98,98,1195,9.0,20.0,
51,CURRENT_RUN_REAL_DATA,True,100,100,0,0,0,0,99,0,77,0,99,99,99,1194,1.0,20.0,
52,CURRENT_RUN_REAL_DATA,True,100,100,0,0,0,0,99,0,80,0,99,99,99,1191,4.0,20.0,
53,CURRENT_RUN_REAL_DATA,True,99,99,0,0,0,0,98,0,78,0,98,98,98,1191,3.0,22.0,
54,CURRENT_RUN_REAL_DATA,True,100,100,0,0,0,0,99,0,0,0,99,99,99,1191,5.0,20.0,
55,CURRENT_RUN_REAL_DATA,True,99,99,0,0,0,0,98,0,78,0,98,98,98,1185,1.0,21.0,
56,CURRENT_RUN_REAL_DATA,True,100,100,0,0,0,0,99,0,4,0,99,99,99,1194,1.0,20.0,
57,CURRENT_RUN_REAL_DATA,True,98,98,0,0,0,4,93,4,0,1,97,97,97,1186,0.0,63.0,
58,CURRENT_RUN_REAL_DATA,True,100,100,0,0,0,0,99,0,82,0,99,99,99,1190,5.0,20.0,
59,CURRENT_RUN_REAL_DATA,True,98,98,0,0,0,0,97,0,7,0,97,97,97,1186,4.0,26.0,
60,CURRENT_RUN_REAL_DATA,True,100,100,0,0,0,0,99,0,79,0,99,99,99,1191,5.0,21.0,
61,CURRENT_RUN_REAL_DATA,True,99,99,0,0,0,1,97,0,78,0,98,98,98,1186,0.0,22.0,
62,CURRENT_RUN_REAL_DATA,True,87,87,0,0,0,25,61,8,68,1,86,86,86,804,0.0,128.0,
63,CURRENT_RUN_REAL_DATA,True,101,101,0,0,0,0,100,0,80,0,100,100,100,1193,3.0,21.0,
64,CURRENT_RUN_REAL_DATA,True,100,100,0,0,0,0,99,0,75,0,99,99,99,1187,5.0,20.0,
65,CURRENT_RUN_REAL_DATA,True,98,98,0,0,0,0,97,0,75,0,97,97,97,1190,8.0,30.0,
66,CURRENT_RUN_REAL_DATA,True,97,97,0,0,0,0,96,0,76,1,96,96,96,1185,8.0,31.0,
67,CURRENT_RUN_REAL_DATA,True,100,100,0,0,0,0,99,0,1,0,99,99,99,1191,3.0,21.0,
68,CURRENT_RUN_REAL_DATA,True,57,57,0,0,0,0,56,0,0,4,56,56,56,1170,2.0,335.0,
69,CURRENT_RUN_REAL_DATA,True,98,98,0,0,0,0,97,0,77,0,97,97,97,1195,9.0,30.0,
70,CURRENT_RUN_REAL_DATA,True,100,100,0,0,0,0,99,0,81,0,99,99,99,1191,3.0,22.0,
71,CURRENT_RUN_REAL_DATA,True,99,99,0,0,0,0,98,0,78,0,98,98,98,1189,8.0,22.0,
72,CURRENT_RUN_REAL_DATA,True,100,100,0,0,0,0,99,0,77,0,99,99,99,1191,3.0,20.0,
73,CURRENT_RUN_REAL_DATA,True,99,99,0,0,0,0,98,0,2,0,98,98,98,1195,1.0,30.0,
74,CURRENT_RUN_REAL_DATA,True,100,100,0,0,0,0,99,0,3,0,99,99,99,1191,1.0,20.0,
75,CURRENT_RUN_REAL_DATA,True,99,99,0,0,0,0,98,0,1,0,98,98,98,1186,1.0,21.0,
76,CURRENT_RUN_REAL_DATA,True,98,98,0,0,0,0,97,0,79,0,97,97,97,1186,9.0,21.0,
77,CURRENT_RUN_REAL_DATA,True,101,101,0,0,0,5,95,0,81,2,100,100,100,1194,0.0,33.0,
78,CURRENT_RUN_REAL_DATA,True,98,98,0,0,0,0,97,0,3,0,97,97,97,1186,9.0,21.0,
79,CURRENT_RUN_REAL_DATA,True,100,100,0,0,0,0,99,0,79,0,99,99,99,1190,5.0,21.0,
80,CURRENT_RUN_REAL_DATA,True,98,98,0,0,0,1,96,0,78,2,97,97,97,1194,0.0,38.0,
81,CURRENT_RUN_REAL_DATA,True,99,99,0,0,0,0,98,0,78,0,98,98,98,1190,4.0,30.0,
82,CURRENT_RUN_REAL_DATA,True,98,98,0,0,0,0,97,0,0,0,97,97,97,1194,9.0,30.0,
83,CURRENT_RUN_REAL_DATA,True,101,101,0,0,0,4,96,0,80,0,100,100,100,1148,0.0,20.0,
84,CURRENT_RUN_REAL_DATA,True,99,99,0,0,0,0,98,0,79,0,98,98,98,1190,7.0,30.0,
85,CURRENT_RUN_REAL_DATA,True,99,99,0,0,0,0,98,0,78,0,98,98,98,1186,1.0,21.0,
86,CURRENT_RUN_REAL_DATA,True,99,99,0,0,0,0,98,0,6,0,98,98,98,1195,9.0,21.0,
87,CURRENT_RUN_REAL_DATA,True,100,100,0,0,0,0,99,0,79,0,99,99,99,1191,5.0,21.0,
88,CURRENT_RUN_REAL_DATA,True,99,99,0,0,0,0,98,0,78,0,98,98,98,1194,9.0,20.0,
89,CURRENT_RUN_REAL_DATA,True,100,100,0,0,0,0,99,0,0,0,99,99,99,1189,1.0,22.0,
90,CURRENT_RUN_REAL_DATA,True,98,98,0,0,0,0,97,0,77,0,97,97,97,1186,9.0,21.0,
91,CURRENT_RUN_REAL_DATA,True,98,98,0,0,0,0,97,0,77,0,97,97,97,1189,7.0,28.0,
92,CURRENT_RUN_REAL_DATA,True,99,99,0,0,0,0,98,0,79,0,98,98,98,1192,6.0,30.0,
93,CURRENT_RUN_REAL_DATA,True,99,99,0,0,0,0,98,0,0,0,98,98,98,1191,8.0,20.0,
94,CURRENT_RUN_REAL_DATA,True,100,100,0,0,0,0,99,0,71,0,99,99,99,1191,2.0,22.0,
95,CURRENT_RUN_REAL_DATA,True,99,99,0,0,0,0,98,0,78,0,98,98,98,1194,9.0,20.0,
96,CURRENT_RUN_REAL_DATA,True,100,100,0,0,0,0,99,0,79,0,99,99,99,1191,4.0,21.0,
97,CURRENT_RUN_REAL_DATA,True,102,102,0,0,0,0,101,0,60,0,101,101,101,1176,1.0,23.0,
98,CURRENT_RUN_REAL_DATA,True,99,99,0,0,0,0,98,0,88,0,98,98,98,1177,1.0,25.0,
99,CURRENT_RUN_REAL_DATA,True,95,95,0,0,0,4,90,0,68,3,94,94,94,1192,0.0,153.0,
100,CURRENT_RUN_REAL_DATA,True,98,98,0,0,0,0,97,0,82,0,97,97,97,1186,9.0,21.0,
101,CURRENT_RUN_REAL_DATA,True,103,103,0,0,0,6,96,3,28,1,102,102,102,1112,0.0,32.0,
102,CURRENT_RUN_REAL_DATA,True,99,99,0,0,0,0,98,0,76,0,98,98,98,1177,1.0,20.0,
103,CURRENT_RUN_REAL_DATA,True,103,103,0,0,0,0,102,0,75,0,102,102,102,1182,1.0,20.0,
104,CURRENT_RUN_REAL_DATA,True,99,99,0,0,0,0,98,0,89,1,98,98,98,1149,1.0,31.0,
105,CURRENT_RUN_REAL_DATA,True,99,99,0,0,0,0,98,0,90,0,98,98,98,1187,4.0,27.0,
106,CURRENT_RUN_REAL_DATA,True,99,99,0,0,0,0,98,0,76,0,98,98,98,1181,4.0,21.0,
107,CURRENT_RUN_REAL_DATA,True,99,99,0,0,0,1,97,0,81,0,98,98,98,1180,0.0,20.0,
108,CURRENT_RUN_REAL_DATA,True,100,100,0,0,0,1,98,1,32,0,99,99,99,1123,0.0,30.0,
109,CURRENT_RUN_REAL_DATA,True,97,97,0,0,0,0,96,0,86,0,96,96,96,1172,9.0,21.0,
110,CURRENT_RUN_REAL_DATA,True,99,99,0,0,0,0,98,0,81,0,98,98,98,1181,5.0,21.0,
111,CURRENT_RUN_REAL_DATA,True,101,101,0,0,0,12,88,2,78,3,100,100,100,1175,0.0,64.0,
112,CURRENT_RUN_REAL_DATA,True,97,97,0,0,0,0,96,0,87,0,96,96,96,1180,9.0,30.0,
113,CURRENT_RUN_REAL_DATA,True,99,99,0,0,0,0,98,0,88,0,98,98,98,1180,3.0,20.0,
114,CURRENT_RUN_REAL_DATA,True,98,98,0,0,0,0,97,0,78,0,97,97,97,1178,2.0,30.0,
115,CURRENT_RUN_REAL_DATA,True,96,96,0,0,0,0,95,0,87,0,95,95,95,1183,7.0,27.0,
116,CURRENT_RUN_REAL_DATA,True,98,98,0,0,0,0,97,0,88,0,97,97,97,1178,8.0,28.0,
117,CURRENT_RUN_REAL_DATA,True,101,101,0,0,0,1,99,0,76,0,100,100,100,1175,0.0,22.0,
118,CURRENT_RUN_REAL_DATA,True,97,97,0,0,0,0,96,0,81,0,96,96,96,1180,9.0,30.0,
119,CURRENT_RUN_REAL_DATA,True,97,97,0,0,0,0,96,0,77,0,96,96,96,1178,4.0,30.0,
120,CURRENT_RUN_REAL_DATA,True,98,98,0,0,0,1,96,0,80,0,97,97,97,1170,0.0,22.0,
121,CURRENT_RUN_REAL_DATA,True,99,99,0,0,0,0,98,0,88,0,98,98,98,1180,4.0,21.0,
122,CURRENT_RUN_REAL_DATA,True,98,98,0,0,0,0,97,0,67,0,97,97,97,1178,7.0,28.0,
123,CURRENT_RUN_REAL_DATA,True,99,99,0,0,0,0,98,0,0,0,98,98,98,1180,3.0,20.0,
124,CURRENT_RUN_REAL_DATA,True,92,92,0,0,0,2,89,2,1,1,91,91,91,1171,0.0,111.0,
125,CURRENT_RUN_REAL_DATA,True,98,98,0,0,0,0,97,0,77,0,97,97,97,1180,9.0,21.0,
126,CURRENT_RUN_REAL_DATA,True,99,99,0,0,0,0,98,0,78,0,98,98,98,1180,2.0,24.0,
127,CURRENT_RUN_REAL_DATA,True,99,99,0,0,0,0,98,0,91,0,98,98,98,1178,2.0,20.0,
128,CURRENT_RUN_REAL_DATA,True,99,99,0,0,0,0,98,0,79,0,98,98,98,1180,6.0,21.0,
129,CURRENT_RUN_REAL_DATA,True,67,67,0,0,0,1,65,1,0,1,66,66,66,738,0.0,32.0,
130,CURRENT_RUN_REAL_DATA,True,97,97,0,0,0,0,96,0,87,1,96,96,96,1183,9.0,31.0,
131,CURRENT_RUN_REAL_DATA,True,98,98,0,0,0,0,97,0,89,0,97,97,97,1183,7.0,23.0,
132,CURRENT_RUN_REAL_DATA,True,99,99,0,0,0,0,98,0,88,0,98,98,98,1178,1.0,21.0,
133,CURRENT_RUN_REAL_DATA,True,100,100,0,0,0,0,99,0,1,0,99,99,99,1181,2.0,30.0,
134,CURRENT_RUN_REAL_DATA,True,99,99,0,0,0,0,98,0,88,0,98,98,98,1179,3.0,21.0,
135,CURRENT_RUN_REAL_DATA,True,96,96,0,0,0,4,91,1,48,2,95,95,95,1177,0.0,92.0,
136,CURRENT_RUN_REAL_DATA,True,98,98,0,0,0,0,97,0,77,0,97,97,97,1186,8.0,22.0,
137,CURRENT_RUN_REAL_DATA,True,67,67,0,0,0,4,62,4,5,2,66,66,66,1181,0.0,388.0,
138,CURRENT_RUN_REAL_DATA,True,99,99,0,0,0,0,98,0,78,0,98,98,98,1180,5.0,20.0,
139,CURRENT_RUN_REAL_DATA,True,97,97,0,0,0,1,95,0,77,0,96,96,96,1175,0.0,27.0,
140,CURRENT_RUN_REAL_DATA,True,99,99,0,0,0,0,98,0,88,0,98,98,98,1181,1.0,20.0,
141,CURRENT_RUN_REAL_DATA,True,99,99,0,0,0,0,98,0,88,0,98,98,98,1180,4.0,21.0,
142,CURRENT_RUN_REAL_DATA,True,99,99,0,0,0,0,98,0,88,0,98,98,98,1181,6.0,21.0,
143,CURRENT_RUN_REAL_DATA,True,99,99,0,0,0,0,98,0,88,0,98,98,98,1177,1.0,20.0,
144,CURRENT_RUN_REAL_DATA,True,100,100,0,0,0,0,99,0,80,0,99,99,99,1175,3.0,22.0,
145,CURRENT_RUN_REAL_DATA,True,98,98,0,0,0,0,97,0,87,0,97,97,97,1180,9.0,20.0,
146,CURRENT_RUN_REAL_DATA,True,98,98,0,0,0,0,97,0,78,0,97,97,97,1182,2.0,21.0,
147,CURRENT_RUN_REAL_DATA,True,99,99,0,0,0,0,98,0,2,0,98,98,98,1177,1.0,23.0,
148,CURRENT_RUN_REAL_DATA,True,98,98,0,0,0,0,97,0,89,0,97,97,97,1186,9.0,21.0,
149,CURRENT_RUN_REAL_DATA,True,110,110,0,0,0,14,95,13,34,4,109,109,109,1190,0.0,70.0,
150,CURRENT_RUN_REAL_DATA,True,99,99,0,0,0,0,98,0,87,0,98,98,98,1189,6.0,30.0,
151,CURRENT_RUN_REAL_DATA,True,105,105,0,0,0,0,104,0,55,0,104,104,104,1190,1.0,23.0,
152,CURRENT_RUN_REAL_DATA,True,99,99,0,0,0,0,98,0,32,0,98,98,98,1184,1.0,21.0,
153,CURRENT_RUN_REAL_DATA,True,145,145,0,0,0,7,137,7,5,0,144,144,144,1190,0.0,28.0,
154,CURRENT_RUN_REAL_DATA,True,172,172,0,0,0,1,170,1,14,0,171,171,171,1189,0.0,25.0,
155,CURRENT_RUN_REAL_DATA,True,99,99,0,0,0,0,98,0,78,0,98,98,98,1189,7.0,23.0,
156,CURRENT_RUN_REAL_DATA,True,99,99,0,0,0,0,98,0,78,0,98,98,98,1190,9.0,20.0,
157,CURRENT_RUN_REAL_DATA,True,106,106,0,0,0,1,104,1,10,0,105,105,105,1190,0.0,20.0,
158,CURRENT_RUN_REAL_DATA,True,106,106,0,0,0,1,104,0,21,1,105,105,105,1191,0.0,36.0,
159,CURRENT_RUN_REAL_DATA,True,97,97,0,0,0,0,96,0,3,1,96,96,96,1188,1.0,73.0,
160,CURRENT_RUN_REAL_DATA,True,113,113,0,0,0,2,110,2,36,0,112,112,112,1190,0.0,22.0,
161,CURRENT_RUN_REAL_DATA,True,110,110,0,0,0,3,106,3,48,1,109,109,109,1122,0.0,34.0,
162,CURRENT_RUN_REAL_DATA,True,87,87,0,0,0,2,84,0,27,1,86,86,86,1141,0.0,152.0,
163,CURRENT_RUN_REAL_DATA,True,100,100,0,0,0,0,99,0,79,0,99,99,99,1187,1.0,22.0,
164,CURRENT_RUN_REAL_DATA,True,111,111,0,0,0,1,109,1,6,1,110,110,110,1190,0.0,31.0,
165,CURRENT_RUN_REAL_DATA,True,109,109,0,0,0,15,93,10,42,2,108,108,108,1186,0.0,92.0,
166,CURRENT_RUN_REAL_DATA,True,102,102,0,0,0,1,100,1,29,1,101,101,101,1191,0.0,55.0,
167,CURRENT_RUN_REAL_DATA,True,101,101,0,0,0,1,99,1,2,2,100,100,100,1189,0.0,91.0,
168,CURRENT_RUN_REAL_DATA,True,116,116,0,0,0,1,114,1,8,2,115,115,115,1191,0.0,45.0,
169,CURRENT_RUN_REAL_DATA,True,94,94,0,0,0,0,93,0,26,1,93,93,93,1194,1.0,79.0,
170,CURRENT_RUN_REAL_DATA,True,115,115,0,0,0,6,108,5,22,0,114,114,114,1179,0.0,30.0,
171,CURRENT_RUN_REAL_DATA,True,100,100,0,0,0,0,99,0,96,0,99,99,99,1191,4.0,20.0,
172,CURRENT_RUN_REAL_DATA,True,98,98,0,0,0,3,94,0,91,1,97,97,97,1190,0.0,40.0,
173,CURRENT_RUN_REAL_DATA,True,169,169,0,0,0,5,163,5,8,0,168,168,168,1179,0.0,24.0,
174,CURRENT_RUN_REAL_DATA,True,49,49,0,0,0,1,47,1,0,0,48,48,48,491,0.0,20.0,
175,CURRENT_RUN_REAL_DATA,True,95,95,0,0,0,0,94,0,75,1,94,94,94,1181,9.0,51.0,
176,CURRENT_RUN_REAL_DATA,True,115,115,0,0,0,0,114,0,11,1,114,114,114,1195,1.0,39.0,
177,CURRENT_RUN_REAL_DATA,True,100,100,0,0,0,0,99,0,89,0,99,99,99,1190,5.0,21.0,
178,CURRENT_RUN_REAL_DATA,True,100,100,0,0,0,0,99,0,78,0,99,99,99,1194,2.0,21.0,
179,CURRENT_RUN_REAL_DATA,True,98,98,0,0,0,0,97,0,77,0,97,97,97,1188,7.0,30.0,
180,CURRENT_RUN_REAL_DATA,True,99,99,0,0,0,1,97,0,78,0,98,98,98,1186,0.0,22.0,
181,CURRENT_RUN_REAL_DATA,True,99,99,0,0,0,0,98,0,79,0,98,98,98,1188,7.0,28.0,
182,CURRENT_RUN_REAL_DATA,True,103,103,0,0,0,1,101,1,25,1,102,102,102,1180,0.0,50.0,
183,CURRENT_RUN_REAL_DATA,True,101,101,0,0,0,2,98,0,90,1,100,100,100,1186,0.0,35.0,
184,CURRENT_RUN_REAL_DATA,True,114,114,0,0,0,2,111,2,21,2,113,113,113,1193,0.0,40.0,
185,CURRENT_RUN_REAL_DATA,True,115,115,0,0,0,3,111,3,21,1,114,114,114,1190,0.0,40.0,
186,CURRENT_RUN_REAL_DATA,True,99,99,0,0,0,3,95,0,88,1,98,98,98,1189,0.0,36.0,
187,CURRENT_RUN_REAL_DATA,True,118,118,0,0,0,6,111,6,20,1,117,117,117,1191,0.0,43.0,
188,CURRENT_RUN_REAL_DATA,True,112,112,0,0,0,1,110,0,18,0,111,111,111,1193,0.0,27.0,
189,CURRENT_RUN_REAL_DATA,True,100,100,0,0,0,0,99,0,89,0,99,99,99,1190,1.0,22.0,
190,CURRENT_RUN_REAL_DATA,True,104,104,0,0,0,1,102,1,57,0,103,103,103,1190,0.0,24.0,
191,CURRENT_RUN_REAL_DATA,True,100,100,0,0,0,0,99,0,79,0,99,99,99,1189,1.0,22.0,
192,CURRENT_RUN_REAL_DATA,True,100,100,0,0,0,0,99,0,79,0,99,99,99,1191,4.0,20.0,
193,CURRENT_RUN_REAL_DATA,True,105,105,0,0,0,0,104,0,20,1,104,104,104,1181,1.0,126.0,
194,CURRENT_RUN_REAL_DATA,True,111,111,0,0,0,6,104,3,36,1,110,110,110,1192,0.0,40.0,
195,CURRENT_RUN_REAL_DATA,True,100,100,0,0,0,2,97,0,90,1,99,99,99,1192,0.0,40.0,
196,CURRENT_RUN_REAL_DATA,True,101,101,0,0,0,0,100,0,58,0,100,100,100,1196,1.0,21.0,
197,CURRENT_RUN_REAL_DATA,True,100,100,0,0,0,0,99,0,15,2,99,99,99,1191,1.0,61.0,
198,CURRENT_RUN_REAL_DATA,True,139,139,0,0,0,3,135,3,20,0,138,138,138,1198,0.0,23.0,
199,CURRENT_RUN_REAL_DATA,True,99,99,0,0,0,0,98,0,78,0,98,98,98,1189,8.0,22.0,
200,CURRENT_RUN_REAL_DATA,True,100,100,0,0,0,2,97,0,79,1,99,99,99,1195,0.0,41.0,
201,CURRENT_RUN_REAL_DATA,True,108,108,0,0,0,6,101,5,12,3,107,107,107,1146,0.0,59.0,
202,CURRENT_RUN_REAL_DATA,True,93,93,0,0,0,1,91,1,24,1,92,92,92,1134,0.0,59.0,
203,CURRENT_RUN_REAL_DATA,True,100,100,0,0,0,0,99,0,96,0,99,99,99,1193,2.0,20.0,
204,CURRENT_RUN_REAL_DATA,True,100,100,0,0,0,0,99,0,81,0,99,99,99,1191,4.0,20.0,
205,CURRENT_RUN_REAL_DATA,True,98,98,0,0,0,2,95,2,30,1,97,97,97,1189,0.0,45.0,
206,CURRENT_RUN_REAL_DATA,True,106,106,0,0,0,1,104,1,58,1,105,105,105,1194,0.0,92.0,
207,CURRENT_RUN_REAL_DATA,True,98,98,0,0,0,0,97,0,82,0,97,97,97,1189,9.0,30.0,
208,CURRENT_RUN_REAL_DATA,True,108,108,0,0,0,6,101,6,17,3,107,107,107,1186,0.0,47.0,
209,CURRENT_RUN_REAL_DATA,True,119,119,0,0,0,2,116,2,0,1,118,118,118,1192,0.0,32.0,
210,CURRENT_RUN_REAL_DATA,True,99,99,0,0,0,0,98,0,78,0,98,98,98,1189,7.0,23.0,
211,CURRENT_RUN_REAL_DATA,True,101,101,0,0,0,2,98,2,12,2,100,100,100,1194,0.0,59.0,
212,CURRENT_RUN_REAL_DATA,True,109,109,0,0,0,3,105,2,45,0,108,108,108,1193,0.0,28.0,
213,CURRENT_RUN_REAL_DATA,True,121,121,0,0,0,1,119,1,16,1,120,120,120,1191,0.0,33.0,
214,CURRENT_RUN_REAL_DATA,True,102,102,0,0,0,1,100,1,68,1,101,101,101,1193,0.0,79.0,
215,CURRENT_RUN_REAL_DATA,True,100,100,0,0,0,0,99,0,2,0,99,99,99,1190,4.0,21.0,
216,CURRENT_RUN_REAL_DATA,True,100,100,0,0,0,0,99,0,89,0,99,99,99,1191,3.0,21.0,
217,CURRENT_RUN_REAL_DATA,True,101,101,0,0,0,2,98,0,90,1,100,100,100,1192,0.0,39.0,
218,CURRENT_RUN_REAL_DATA,True,119,119,0,0,0,3,115,0,40,1,118,118,118,1189,0.0,44.0,
219,CURRENT_RUN_REAL_DATA,True,103,103,0,0,0,3,99,3,32,1,102,102,102,1195,0.0,66.0,
220,CURRENT_RUN_REAL_DATA,True,95,95,0,0,0,11,83,11,10,3,94,94,94,1170,0.0,90.0,
221,CURRENT_RUN_REAL_DATA,True,111,111,0,0,0,1,109,1,20,1,110,110,110,1191,0.0,37.0,
222,CURRENT_RUN_REAL_DATA,True,97,97,0,0,0,0,96,0,89,0,96,96,96,1149,4.0,20.0,
223,CURRENT_RUN_REAL_DATA,True,99,99,0,0,0,0,98,0,85,0,98,98,98,1180,5.0,20.0,
224,CURRENT_RUN_REAL_DATA,True,119,119,0,0,0,6,112,6,18,0,118,118,118,1191,0.0,28.0,
225,CURRENT_RUN_REAL_DATA,True,100,100,0,0,0,2,97,2,0,1,99,99,99,1189,0.0,35.0,
226,CURRENT_RUN_REAL_DATA,True,105,105,0,0,0,0,104,0,95,1,104,104,104,1188,5.0,31.0,
227,CURRENT_RUN_REAL_DATA,True,100,100,0,0,0,0,99,0,79,0,99,99,99,1192,6.0,21.0,
228,CURRENT_RUN_REAL_DATA,True,106,106,0,0,0,1,104,1,52,0,105,105,105,1193,0.0,25.0,
229,CURRENT_RUN_REAL_DATA,True,118,118,0,0,0,4,113,4,34,1,117,117,117,1195,0.0,33.0,
230,CURRENT_RUN_REAL_DATA,True,100,100,0,0,0,1,98,0,80,1,99,99,99,1191,0.0,32.0,
231,CURRENT_RUN_REAL_DATA,True,125,125,0,0,0,2,122,1,30,0,124,124,124,1197,0.0,30.0,
232,CURRENT_RUN_REAL_DATA,True,119,119,0,0,0,0,118,0,17,0,118,118,118,1190,1.0,30.0,
233,CURRENT_RUN_REAL_DATA,True,98,98,0,0,0,0,97,0,87,0,97,97,97,1186,9.0,22.0,
234,CURRENT_RUN_REAL_DATA,True,100,100,0,0,0,0,99,0,89,0,99,99,99,1187,7.0,30.0,
235,CURRENT_RUN_REAL_DATA,True,102,102,0,0,0,3,98,3,19,3,101,101,101,1192,0.0,84.0,
236,CURRENT_RUN_REAL_DATA,True,154,154,0,0,0,0,153,0,14,0,153,153,153,1195,1.0,20.0,
237,CURRENT_RUN_REAL_DATA,True,95,95,0,0,0,0,94,0,84,0,94,94,94,1146,9.0,22.0,
238,CURRENT_RUN_REAL_DATA,True,100,100,0,0,0,0,99,0,89,0,99,99,99,1193,1.0,21.0,
239,CURRENT_RUN_REAL_DATA,True,102,102,0,0,0,2,99,2,18,1,101,101,101,1191,0.0,47.0,
240,CURRENT_RUN_REAL_DATA,True,99,99,0,0,0,0,98,0,79,0,98,98,98,1189,6.0,22.0,
241,CURRENT_RUN_REAL_DATA,True,101,101,0,0,0,0,100,0,76,0,100,100,100,1186,1.0,20.0,
242,CURRENT_RUN_REAL_DATA,True,118,118,0,0,0,5,112,5,12,1,117,117,117,1198,0.0,32.0,
243,CURRENT_RUN_REAL_DATA,True,100,100,0,0,0,0,99,0,40,0,99,99,99,1190,2.0,29.0,
244,CURRENT_RUN_REAL_DATA,True,100,100,0,0,0,0,99,0,79,0,99,99,99,1191,3.0,20.0,
245,CURRENT_RUN_REAL_DATA,True,110,110,0,0,0,21,88,19,19,1,109,109,109,1178,0.0,221.0,
246,CURRENT_RUN_REAL_DATA,True,108,108,0,0,0,1,106,1,0,0,107,107,107,1190,0.0,28.0,
247,CURRENT_RUN_REAL_DATA,True,99,99,0,0,0,1,97,1,22,1,98,98,98,1191,0.0,55.0,
248,CURRENT_RUN_REAL_DATA,True,127,127,0,0,0,2,124,2,28,0,126,126,126,1193,0.0,28.0,
249,CURRENT_RUN_REAL_DATA,True,80,80,0,0,0,0,79,0,3,1,79,79,79,1190,10.0,240.0,
250,CURRENT_RUN_REAL_DATA,True,99,99,0,0,0,0,98,0,87,0,98,98,98,1195,9.0,21.0,
251,CURRENT_RUN_REAL_DATA,True,110,110,0,0,0,14,95,14,0,2,109,109,109,1191,0.0,94.0,
252,CURRENT_RUN_REAL_DATA,True,100,100,0,0,0,0,99,0,89,0,99,99,99,1194,1.0,20.0,
253,CURRENT_RUN_REAL_DATA,True,104,104,0,0,0,1,102,1,34,1,103,103,103,1193,0.0,31.0,
254,CURRENT_RUN_REAL_DATA,True,112,112,0,0,0,2,109,2,17,0,111,111,111,1193,0.0,27.0,
255,CURRENT_RUN_REAL_DATA,True,101,101,0,0,0,0,100,0,75,0,100,100,100,1196,1.0,22.0,
256,CURRENT_RUN_REAL_DATA,True,99,99,0,0,0,0,98,0,7,0,98,98,98,1173,6.0,27.0,
257,CURRENT_RUN_REAL_DATA,True,117,117,0,0,0,3,113,3,27,1,116,116,116,1194,0.0,40.0,
258,CURRENT_RUN_REAL_DATA,True,101,101,0,0,0,6,94,1,12,1,100,100,100,1190,0.0,89.0,
259,CURRENT_RUN_REAL_DATA,True,99,99,0,0,0,0,98,0,77,0,98,98,98,1196,9.0,22.0,
260,CURRENT_RUN_REAL_DATA,True,99,99,0,0,0,0,98,0,88,0,98,98,98,1190,7.0,23.0,
261,CURRENT_RUN_REAL_DATA,True,100,100,0,0,0,0,99,0,25,0,99,99,99,1191,4.0,21.0,
262,CURRENT_RUN_REAL_DATA,True,99,99,0,0,0,0,98,0,43,0,98,98,98,1169,2.0,20.0,
263,CURRENT_RUN_REAL_DATA,True,98,98,0,0,0,5,92,5,68,2,97,97,97,1186,0.0,63.0,
264,CURRENT_RUN_REAL_DATA,True,98,98,0,0,0,0,97,0,88,0,97,97,97,1195,9.0,30.0,
265,CURRENT_RUN_REAL_DATA,True,98,98,0,0,0,2,95,2,23,2,97,97,97,1190,0.0,50.0,
266,CURRENT_RUN_REAL_DATA,True,141,141,0,0,0,3,137,3,15,1,140,140,140,1187,0.0,37.0,
267,CURRENT_RUN_REAL_DATA,True,110,110,0,0,0,1,108,1,26,0,109,109,109,1180,0.0,29.0,
268,CURRENT_RUN_REAL_DATA,True,100,100,0,0,0,0,99,0,89,0,99,99,99,1190,4.0,20.0,
269,CURRENT_RUN_REAL_DATA,True,99,99,0,0,0,0,98,0,78,0,98,98,98,1187,7.0,20.0,
270,CURRENT_RUN_REAL_DATA,True,94,94,0,0,0,7,86,1,83,2,93,93,93,1180,0.0,94.0,
271,CURRENT_RUN_REAL_DATA,True,116,116,0,0,0,1,114,1,28,0,115,115,115,1194,0.0,30.0,
272,CURRENT_RUN_REAL_DATA,True,152,152,0,0,0,9,142,6,32,1,151,151,151,1191,0.0,72.0,
273,CURRENT_RUN_REAL_DATA,True,111,111,0,0,0,2,108,2,69,0,110,110,110,1186,0.0,22.0,
274,CURRENT_RUN_REAL_DATA,True,104,104,0,0,0,0,103,0,26,1,103,103,103,1195,1.0,86.0,
275,CURRENT_RUN_REAL_DATA,True,99,99,0,0,0,0,98,0,79,0,98,98,98,1194,10.0,20.0,
276,CURRENT_RUN_REAL_DATA,True,71,71,0,0,0,0,70,0,9,0,70,70,70,850,9.0,21.0,
277,CURRENT_RUN_REAL_DATA,True,100,100,0,0,0,0,99,0,92,0,99,99,99,1190,4.0,20.0,
278,CURRENT_RUN_REAL_DATA,True,99,99,0,0,0,0,98,0,78,0,98,98,98,1188,7.0,28.0,
279,CURRENT_RUN_REAL_DATA,True,101,101,0,0,0,0,100,0,31,0,100,100,100,1185,2.0,30.0,
280,CURRENT_RUN_REAL_DATA,True,153,153,0,0,0,3,149,2,26,0,152,152,152,1191,0.0,24.0,
281,CURRENT_RUN_REAL_DATA,True,108,108,0,0,0,2,105,2,71,0,107,107,107,1186,0.0,20.0,
282,CURRENT_RUN_REAL_DATA,True,101,101,0,0,0,3,97,1,55,1,100,100,100,1190,0.0,78.0,
283,CURRENT_RUN_REAL_DATA,True,125,125,0,0,0,9,115,6,27,2,124,124,124,1189,0.0,84.0,
284,CURRENT_RUN_REAL_DATA,True,100,100,0,0,0,0,99,0,91,0,99,99,99,1187,5.0,20.0,
285,CURRENT_RUN_REAL_DATA,True,103,103,0,0,0,0,102,0,42,0,102,102,102,1195,1.0,21.0,
286,CURRENT_RUN_REAL_DATA,True,157,157,0,0,0,2,154,2,10,0,156,156,156,1190,0.0,26.0,
287,CURRENT_RUN_REAL_DATA,True,99,99,0,0,0,0,98,0,88,0,98,98,98,1189,8.0,22.0,
288,CURRENT_RUN_REAL_DATA,True,103,103,0,0,0,0,102,0,59,0,102,102,102,1179,1.0,22.0,
289,CURRENT_RUN_REAL_DATA,True,103,103,0,0,0,0,102,0,51,0,102,102,102,1194,2.0,24.0,
290,CURRENT_RUN_REAL_DATA,True,99,99,0,0,0,0,98,0,88,0,98,98,98,1189,7.0,23.0,
291,CURRENT_RUN_REAL_DATA,True,91,91,0,0,0,0,90,0,20,0,90,90,90,1042,1.0,22.0,
292,CURRENT_RUN_REAL_DATA,True,99,99,0,0,0,0,98,0,79,0,98,98,98,1194,9.0,21.0,
293,CURRENT_RUN_REAL_DATA,True,100,100,0,0,0,0,99,0,1,0,99,99,99,1198,8.0,20.0,
294,CURRENT_RUN_REAL_DATA,True,100,100,0,0,0,8,91,7,56,2,99,99,99,1186,0.0,83.0,
295,CURRENT_RUN_REAL_DATA,True,99,99,0,0,0,0,98,0,0,0,98,98,98,1186,3.0,28.0,
296,CURRENT_RUN_REAL_DATA,True,109,109,0,0,0,13,95,11,23,4,108,108,108,1195,0.0,98.0,
297,CURRENT_RUN_REAL_DATA,True,109,109,0,0,0,3,105,3,0,0,108,108,108,1186,0.0,30.0,
298,CURRENT_RUN_REAL_DATA,True,140,140,0,0,0,12,127,11,18,2,139,139,139,1190,0.0,43.0,
299,CURRENT_RUN_REAL_DATA,True,99,99,0,0,0,0,98,0,80,0,98,98,98,1195,10.0,20.0,
300,CURRENT_RUN_REAL_DATA,True,100,100,0,0,0,6,93,2,79,3,99,99,99,1190,0.0,34.0,
301,CURRENT_RUN_REAL_DATA,True,120,120,0,0,0,7,112,6,21,1,119,119,119,1190,0.0,31.0,
302,CURRENT_RUN_REAL_DATA,True,106,106,0,0,0,2,103,2,15,0,105,105,105,1189,0.0,29.0,
303,CURRENT_RUN_REAL_DATA,True,96,96,0,0,0,0,95,0,87,0,95,95,95,1168,6.0,30.0,
304,CURRENT_RUN_REAL_DATA,True,100,100,0,0,0,0,99,0,79,0,99,99,99,1194,1.0,23.0,
305,CURRENT_RUN_REAL_DATA,True,102,102,0,0,0,0,101,0,33,1,101,101,101,1188,1.0,31.0,
306,CURRENT_RUN_REAL_DATA,True,111,111,0,0,0,5,105,5,4,4,110,110,110,1196,0.0,53.0,
307,CURRENT_RUN_REAL_DATA,True,118,118,0,0,0,9,108,5,59,4,117,117,117,1193,0.0,68.0,
308,CURRENT_RUN_REAL_DATA,True,100,100,0,0,0,0,99,0,90,0,99,99,99,1191,3.0,20.0,
309,CURRENT_RUN_REAL_DATA,True,117,117,0,0,0,14,102,13,13,2,116,116,116,1174,0.0,97.0,
310,CURRENT_RUN_REAL_DATA,True,100,100,0,0,0,0,99,0,91,0,99,99,99,1183,1.0,22.0,
311,CURRENT_RUN_REAL_DATA,True,108,108,0,0,0,5,102,2,18,0,107,107,107,1193,0.0,30.0,
312,CURRENT_RUN_REAL_DATA,True,127,127,0,0,0,13,113,13,14,2,126,126,126,1183,0.0,101.0,
313,CURRENT_RUN_REAL_DATA,True,115,115,0,0,0,0,114,0,0,0,114,114,114,1195,1.0,29.0,
314,CURRENT_RUN_REAL_DATA,True,99,99,0,0,0,0,98,0,78,0,98,98,98,1190,7.0,21.0,
315,CURRENT_RUN_REAL_DATA,True,118,118,0,0,0,5,112,4,11,1,117,117,117,1189,0.0,54.0,
316,CURRENT_RUN_REAL_DATA,True,99,99,0,0,0,0,98,0,89,1,98,98,98,1189,7.0,31.0,
317,CURRENT_RUN_REAL_DATA,True,105,105,0,0,0,2,102,2,21,0,104,104,104,1191,0.0,30.0,
318,CURRENT_RUN_REAL_DATA,True,101,101,0,0,0,14,86,4,47,5,100,100,100,1158,0.0,117.0,
319,CURRENT_RUN_REAL_DATA,True,100,100,0,0,0,0,99,0,89,0,99,99,99,1190,2.0,20.0,
320,CURRENT_RUN_REAL_DATA,True,100,100,0,0,0,3,96,1,80,1,99,99,99,1186,0.0,43.0,
321,CURRENT_RUN_REAL_DATA,True,102,102,0,0,0,0,101,0,9,0,101,101,101,1126,1.0,27.0,
322,CURRENT_RUN_REAL_DATA,True,100,100,0,0,0,0,99,0,80,0,99,99,99,1190,6.0,21.0,
323,CURRENT_RUN_REAL_DATA,True,113,113,0,0,0,2,110,2,29,0,112,112,112,1193,0.0,30.0,
324,CURRENT_RUN_REAL_DATA,True,99,99,0,0,0,0,98,0,88,0,98,98,98,1192,10.0,20.0,
325,CURRENT_RUN_REAL_DATA,True,114,114,0,0,0,2,111,0,30,0,113,113,113,1191,0.0,23.0,
326,CURRENT_RUN_REAL_DATA,True,107,107,0,0,0,2,104,2,66,0,106,106,106,1196,0.0,28.0,
327,CURRENT_RUN_REAL_DATA,True,100,100,0,0,0,0,99,0,79,0,99,99,99,1190,3.0,22.0,
328,CURRENT_RUN_REAL_DATA,True,100,100,0,0,0,0,99,0,93,0,99,99,99,1189,8.0,21.0,
329,CURRENT_RUN_REAL_DATA,True,133,133,0,0,0,11,121,11,14,3,132,132,132,1191,0.0,80.0,
330,CURRENT_RUN_REAL_DATA,True,106,106,0,0,0,0,105,0,22,0,105,105,105,1182,2.0,30.0,
331,CURRENT_RUN_REAL_DATA,True,100,100,0,0,0,0,99,0,89,0,99,99,99,1190,5.0,20.0,
332,CURRENT_RUN_REAL_DATA,True,109,109,0,0,0,1,107,0,28,1,108,108,108,1189,0.0,31.0,
333,CURRENT_RUN_REAL_DATA,True,99,99,0,0,0,0,98,0,90,0,98,98,98,1186,6.0,30.0,
334,CURRENT_RUN_REAL_DATA,True,99,99,0,0,0,0,98,0,92,0,98,98,98,1190,2.0,28.0,
335,CURRENT_RUN_REAL_DATA,True,106,106,0,0,0,0,105,0,1,0,105,105,105,1190,1.0,24.0,
336,CURRENT_RUN_REAL_DATA,True,99,99,0,0,0,0,98,0,88,0,98,98,98,1180,4.0,21.0,
337,CURRENT_RUN_REAL_DATA,True,97,97,0,0,0,5,91,5,26,3,96,96,96,1177,0.0,57.0,
338,CURRENT_RUN_REAL_DATA,True,72,72,0,0,0,9,62,6,14,1,71,71,71,797,0.0,107.0,
339,CURRENT_RUN_REAL_DATA,True,114,114,0,0,0,5,108,5,0,2,113,113,113,1167,0.0,41.0,
340,CURRENT_RUN_REAL_DATA,True,100,100,0,0,0,0,99,0,90,0,99,99,99,1194,1.0,21.0,
341,CURRENT_RUN_REAL_DATA,True,100,100,0,0,0,0,99,0,79,0,99,99,99,1191,3.0,20.0,
342,CURRENT_RUN_REAL_DATA,True,100,100,0,0,0,1,98,0,89,0,99,99,99,1195,0.0,21.0,
343,CURRENT_RUN_REAL_DATA,True,106,106,0,0,0,0,105,0,0,0,105,105,105,1195,1.0,22.0,
344,CURRENT_RUN_REAL_DATA,True,108,108,0,0,0,22,85,22,1,4,107,107,107,1146,0.0,82.0,
345,CURRENT_RUN_REAL_DATA,True,100,100,0,0,0,0,99,0,80,0,99,99,99,1193,1.0,21.0,
346,CURRENT_RUN_REAL_DATA,True,98,98,0,0,0,4,93,4,19,2,97,97,97,1195,0.0,105.0,
347,CURRENT_RUN_REAL_DATA,True,100,100,0,0,0,1,98,0,89,0,99,99,99,1189,0.0,22.0,
348,CURRENT_RUN_REAL_DATA,True,99,99,0,0,0,0,98,0,93,0,98,98,98,1190,10.0,20.0,
349,CURRENT_RUN_REAL_DATA,True,96,96,0,0,0,0,95,0,94,1,95,95,95,1189,7.0,51.0,
350,CURRENT_RUN_REAL_DATA,True,100,100,0,0,0,0,99,0,91,0,99,99,99,1193,2.0,21.0,
351,CURRENT_RUN_REAL_DATA,True,124,124,0,0,0,0,123,0,17,0,123,123,123,1196,1.0,22.0,
352,CURRENT_RUN_REAL_DATA,True,170,170,0,0,0,116,53,56,76,1,169,169,169,543,0.0,34.0,
353,CURRENT_RUN_REAL_DATA,True,97,97,0,0,0,73,23,21,70,9,96,96,96,998,0.0,206.0,
354,CURRENT_RUN_REAL_DATA,True,99,99,0,0,0,0,98,0,78,0,98,98,98,1191,3.0,30.0,
355,CURRENT_RUN_REAL_DATA,True,134,134,0,0,0,4,129,4,20,0,133,133,133,1197,0.0,29.0,
356,CURRENT_RUN_REAL_DATA,True,140,140,0,0,0,15,124,15,35,0,139,139,139,1186,0.0,30.0,
357,CURRENT_RUN_REAL_DATA,True,99,99,0,0,0,1,97,0,78,0,98,98,98,1185,0.0,21.0,
358,CURRENT_RUN_REAL_DATA,True,120,120,0,0,0,5,114,5,23,1,119,119,119,1181,0.0,50.0,
359,CURRENT_RUN_REAL_DATA,True,100,100,0,0,0,1,98,1,32,1,99,99,99,1191,0.0,86.0,
360,CURRENT_RUN_REAL_DATA,True,99,99,0,0,0,1,97,0,79,0,98,98,98,1186,0.0,22.0,
361,CURRENT_RUN_REAL_DATA,True,100,100,0,0,0,0,99,0,89,0,99,99,99,1194,1.0,21.0,
362,CURRENT_RUN_REAL_DATA,True,100,100,0,0,0,0,99,0,89,0,99,99,99,1192,2.0,20.0,
363,CURRENT_RUN_REAL_DATA,True,104,104,0,0,0,1,102,1,30,1,103,103,103,1189,0.0,101.0,
364,CURRENT_RUN_REAL_DATA,True,100,100,0,0,0,0,99,0,79,0,99,99,99,1195,1.0,20.0,
365,CURRENT_RUN_REAL_DATA,True,103,103,0,0,0,30,72,2,92,9,102,102,102,1176,0.0,137.0,
366,CURRENT_RUN_REAL_DATA,True,120,120,0,0,0,2,117,2,25,0,119,119,119,1169,0.0,30.0,
367,CURRENT_RUN_REAL_DATA,True,136,136,0,0,0,2,133,2,15,0,135,135,135,1190,0.0,30.0,
368,CURRENT_RUN_REAL_DATA,True,137,137,0,0,0,44,92,35,56,1,136,136,136,959,0.0,46.0,
369,CURRENT_RUN_REAL_DATA,True,95,95,0,0,0,3,91,3,7,2,94,94,94,1157,0.0,47.0,
370,CURRENT_RUN_REAL_DATA,True,95,95,0,0,0,0,94,0,86,0,94,94,94,1190,6.0,30.0,
371,CURRENT_RUN_REAL_DATA,True,100,100,0,0,0,0,99,0,81,0,99,99,99,1191,4.0,20.0,
372,CURRENT_RUN_REAL_DATA,True,99,99,0,0,0,0,98,0,89,0,98,98,98,1181,4.0,21.0,
373,CURRENT_RUN_REAL_DATA,True,70,70,0,0,0,9,60,1,19,2,69,69,69,728,0.0,59.0,
374,CURRENT_RUN_REAL_DATA,True,100,100,0,0,0,0,99,0,89,0,99,99,99,1189,1.0,21.0,
375,CURRENT_RUN_REAL_DATA,True,96,96,0,0,0,0,95,0,85,0,95,95,95,1172,1.0,29.0,
376,CURRENT_RUN_REAL_DATA,True,96,96,0,0,0,0,95,0,87,2,95,95,95,1194,1.0,31.0,
377,CURRENT_RUN_REAL_DATA,True,100,100,0,0,0,1,98,0,80,0,99,99,99,1189,0.0,23.0,
378,CURRENT_RUN_REAL_DATA,True,98,98,0,0,0,0,97,0,77,0,97,97,97,1195,10.0,30.0,
379,CURRENT_RUN_REAL_DATA,True,100,100,0,0,0,0,99,0,84,0,99,99,99,1191,3.0,20.0,
380,CURRENT_RUN_REAL_DATA,True,104,104,0,0,0,6,97,2,25,1,103,103,103,1146,0.0,84.0,
381,CURRENT_RUN_REAL_DATA,True,100,100,0,0,0,0,99,0,79,0,99,99,99,1191,4.0,20.0,
382,CURRENT_RUN_REAL_DATA,True,99,99,0,0,0,0,98,0,88,0,98,98,98,1190,7.0,30.0,
383,CURRENT_RUN_REAL_DATA,True,115,115,0,0,0,0,114,0,2,0,114,114,114,1187,1.0,25.0,
384,CURRENT_RUN_REAL_DATA,True,106,106,0,0,0,0,105,0,17,0,105,105,105,1191,2.0,30.0,
385,CURRENT_RUN_REAL_DATA,True,114,114,0,0,0,5,108,5,0,1,113,113,113,1188,0.0,35.0,
386,CURRENT_RUN_REAL_DATA,True,99,99,0,0,0,0,98,0,78,0,98,98,98,1187,7.0,21.0,
387,CURRENT_RUN_REAL_DATA,True,100,100,0,0,0,0,99,0,33,2,99,99,99,1190,2.0,39.0,
388,CURRENT_RUN_REAL_DATA,True,117,117,0,0,0,2,114,2,0,0,116,116,116,1194,0.0,24.0,
389,CURRENT_RUN_REAL_DATA,True,106,106,0,0,0,0,105,0,69,0,105,105,105,1194,1.0,21.0,
390,CURRENT_RUN_REAL_DATA,True,101,101,0,0,0,1,99,1,81,0,100,100,100,1191,0.0,30.0,
391,CURRENT_RUN_REAL_DATA,True,99,99,0,0,0,0,98,0,89,0,98,98,98,1189,8.0,22.0,
392,CURRENT_RUN_REAL_DATA,True,99,99,0,0,0,0,98,0,78,0,98,98,98,1191,9.0,21.0,
393,CURRENT_RUN_REAL_DATA,True,126,126,0,0,0,4,121,4,33,0,125,125,125,1186,0.0,28.0,
394,CURRENT_RUN_REAL_DATA,True,93,93,0,0,0,34,58,10,61,5,92,92,92,1186,0.0,302.0,
395,CURRENT_RUN_REAL_DATA,True,94,94,0,0,0,2,91,2,17,1,93,93,93,1186,0.0,158.0,
396,CURRENT_RUN_REAL_DATA,True,85,85,0,0,0,31,53,22,17,1,84,84,84,655,0.0,31.0,
397,CURRENT_RUN_REAL_DATA,True,100,100,0,0,0,0,99,0,81,0,99,99,99,1191,4.0,20.0,
398,CURRENT_RUN_REAL_DATA,True,150,150,0,0,0,16,133,15,33,0,149,149,149,1187,0.0,28.0,
399,CURRENT_RUN_REAL_DATA,True,71,71,0,0,0,38,32,38,3,5,70,70,70,862,0.0,316.0,
400,CURRENT_RUN_REAL_DATA,True,100,100,0,0,0,0,99,0,90,0,99,99,99,1193,1.0,21.0,
401,CURRENT_RUN_REAL_DATA,True,101,101,0,0,0,3,97,0,80,0,100,100,100,1189,0.0,30.0,
402,CURRENT_RUN_REAL_DATA,True,99,99,0,0,0,0,98,0,89,0,98,98,98,1191,9.0,21.0,
403,CURRENT_RUN_REAL_DATA,True,99,99,0,0,0,0,98,0,88,0,98,98,98,1180,4.0,21.0,
404,CURRENT_RUN_REAL_DATA,True,108,108,0,0,0,3,104,1,20,1,107,107,107,1186,0.0,37.0,
405,CURRENT_RUN_REAL_DATA,True,100,100,0,0,0,0,99,0,79,0,99,99,99,1190,4.0,21.0,
406,CURRENT_RUN_REAL_DATA,True,107,107,0,0,0,1,105,1,20,0,106,106,106,1196,0.0,24.0,
407,CURRENT_RUN_REAL_DATA,True,106,106,0,0,0,2,103,2,3,1,105,105,105,1196,0.0,38.0,
408,CURRENT_RUN_REAL_DATA,True,120,120,0,0,0,4,115,4,1,1,119,119,119,1176,0.0,44.0,
409,CURRENT_RUN_REAL_DATA,True,104,104,0,0,0,2,101,2,51,1,103,103,103,1188,0.0,66.0,
410,CURRENT_RUN_REAL_DATA,True,99,99,0,0,0,0,98,0,79,0,98,98,98,1189,7.0,23.0,
411,CURRENT_RUN_REAL_DATA,True,92,92,0,0,0,1,90,1,18,3,91,91,91,1186,0.0,76.0,
412,CURRENT_RUN_REAL_DATA,True,100,100,0,0,0,0,99,0,60,0,99,99,99,1190,4.0,20.0,
413,CURRENT_RUN_REAL_DATA,True,100,100,0,0,0,0,99,0,12,0,99,99,99,1193,2.0,20.0,
414,CURRENT_RUN_REAL_DATA,True,110,110,0,0,0,4,105,4,25,0,109,109,109,1179,0.0,21.0,
415,CURRENT_RUN_REAL_DATA,True,126,126,0,0,0,3,122,3,24,0,125,125,125,1195,0.0,24.0,
416,CURRENT_RUN_REAL_DATA,True,100,100,0,0,0,1,98,1,89,0,99,99,99,1194,0.0,30.0,
417,CURRENT_RUN_REAL_DATA,True,99,99,0,0,0,0,98,0,79,0,98,98,98,1190,7.0,23.0,
418,CURRENT_RUN_REAL_DATA,True,100,100,0,0,0,0,99,0,74,0,99,99,99,1187,2.0,29.0,
419,CURRENT_RUN_REAL_DATA,True,115,115,0,0,0,1,113,1,21,0,114,114,114,1190,0.0,21.0,
420,CURRENT_RUN_REAL_DATA,True,100,100,0,0,0,0,99,0,81,0,99,99,99,1190,3.0,20.0,
421,CURRENT_RUN_REAL_DATA,True,106,106,0,0,0,5,100,5,6,2,105,105,105,1196,0.0,89.0,
422,CURRENT_RUN_REAL_DATA,True,96,96,0,0,0,0,95,0,85,0,95,95,95,1192,4.0,30.0,
423,CURRENT_RUN_REAL_DATA,True,98,98,0,0,0,0,97,0,86,0,97,97,97,1189,9.0,21.0,
424,CURRENT_RUN_REAL_DATA,True,81,81,0,0,0,39,41,37,12,1,80,80,80,1193,0.0,789.0,
425,CURRENT_RUN_REAL_DATA,True,108,108,0,0,0,10,97,9,11,1,107,107,107,1186,0.0,31.0,
426,CURRENT_RUN_REAL_DATA,True,100,100,0,0,0,0,99,0,79,0,99,99,99,1193,2.0,21.0,
427,CURRENT_RUN_REAL_DATA,True,107,107,0,0,0,0,106,0,26,0,106,106,106,1192,1.0,30.0,
428,CURRENT_RUN_REAL_DATA,True,99,99,0,0,0,0,98,0,88,0,98,98,98,1191,8.0,21.0,
429,CURRENT_RUN_REAL_DATA,True,100,100,0,0,0,0,99,0,90,0,99,99,99,1191,4.0,21.0,
430,CURRENT_RUN_REAL_DATA,True,99,99,0,0,0,1,97,0,83,1,98,98,98,1190,0.0,35.0,
431,CURRENT_RUN_REAL_DATA,True,116,116,0,0,0,1,114,0,41,1,115,115,115,1194,0.0,31.0,
432,CURRENT_RUN_REAL_DATA,True,117,117,0,0,0,1,115,1,0,0,116,116,116,1187,0.0,23.0,
433,CURRENT_RUN_REAL_DATA,True,107,107,0,0,0,0,106,0,0,0,106,106,106,1188,2.0,30.0,
434,CURRENT_RUN_REAL_DATA,True,100,100,0,0,0,0,99,0,79,0,99,99,99,1191,4.0,20.0,
435,CURRENT_RUN_REAL_DATA,True,136,136,0,0,0,1,134,1,31,0,135,135,135,1191,0.0,25.0,
436,CURRENT_RUN_REAL_DATA,True,99,99,0,0,0,0,98,0,88,0,98,98,98,1194,9.0,21.0,
437,CURRENT_RUN_REAL_DATA,True,97,97,0,0,0,0,96,0,77,0,96,96,96,1195,9.0,30.0,
438,CURRENT_RUN_REAL_DATA,True,103,103,0,0,0,3,99,0,30,1,102,102,102,1190,0.0,42.0,
439,CURRENT_RUN_REAL_DATA,True,99,99,0,0,0,0,98,0,88,1,98,98,98,1186,5.0,31.0,
440,CURRENT_RUN_REAL_DATA,True,99,99,0,0,0,0,98,0,89,0,98,98,98,1190,6.0,22.0,
441,CURRENT_RUN_REAL_DATA,True,97,97,0,0,0,0,96,0,3,1,96,96,96,1195,9.0,41.0,
442,CURRENT_RUN_REAL_DATA,True,122,122,0,0,0,0,121,0,5,0,121,121,121,1149,1.0,30.0,
443,CURRENT_RUN_REAL_DATA,True,100,100,0,0,0,0,99,0,79,0,99,99,99,1191,2.0,20.0,
444,CURRENT_RUN_REAL_DATA,True,99,99,0,0,0,0,98,0,89,0,98,98,98,1189,9.0,21.0,
445,CURRENT_RUN_REAL_DATA,True,109,109,0,0,0,0,108,0,0,1,108,108,108,1196,1.0,31.0,
446,CURRENT_RUN_REAL_DATA,True,102,102,0,0,0,10,91,2,81,2,101,101,101,1191,0.0,34.0,
447,CURRENT_RUN_REAL_DATA,True,100,100,0,0,0,3,96,0,79,1,99,99,99,1195,0.0,41.0,
448,CURRENT_RUN_REAL_DATA,True,166,166,0,0,0,3,162,0,13,1,165,165,165,1195,0.0,40.0,
449,CURRENT_RUN_REAL_DATA,True,100,100,0,0,0,0,99,0,93,0,99,99,99,1192,1.0,21.0,
450,CURRENT_RUN_REAL_DATA,True,111,111,0,0,0,1,109,1,24,0,110,110,110,1167,0.0,25.0,
451,CURRENT_RUN_REAL_DATA,True,100,100,0,0,0,0,99,0,82,0,99,99,99,1192,3.0,20.0,
452,CURRENT_RUN_REAL_DATA,True,99,99,0,0,0,0,98,0,88,0,98,98,98,1186,6.0,30.0,
453,CURRENT_RUN_REAL_DATA,True,101,101,0,0,0,3,97,1,79,1,100,100,100,1186,0.0,43.0,
454,CURRENT_RUN_REAL_DATA,True,99,99,0,0,0,0,98,0,88,0,98,98,98,1191,1.0,21.0,
455,CURRENT_RUN_REAL_DATA,True,104,104,0,0,0,5,98,5,19,2,103,103,103,1192,0.0,56.0,
456,CURRENT_RUN_REAL_DATA,True,103,103,0,0,0,2,100,2,34,1,102,102,102,1194,0.0,31.0,
457,CURRENT_RUN_REAL_DATA,True,100,100,0,0,0,2,97,0,89,1,99,99,99,1189,0.0,36.0,
458,CURRENT_RUN_REAL_DATA,True,115,115,0,0,0,80,34,23,86,8,114,114,114,1168,0.0,334.0,
459,CURRENT_RUN_REAL_DATA,True,100,100,0,0,0,3,96,1,89,1,99,99,99,1195,0.0,45.0,
460,CURRENT_RUN_REAL_DATA,True,103,103,0,0,0,0,102,0,13,0,102,102,102,1194,3.0,20.0,
461,CURRENT_RUN_REAL_DATA,True,112,112,0,0,0,2,109,1,30,1,111,111,111,1188,0.0,75.0,
462,CURRENT_RUN_REAL_DATA,True,98,98,0,0,0,0,97,0,96,0,97,97,97,1186,8.0,22.0,
463,CURRENT_RUN_REAL_DATA,True,98,98,0,0,0,0,97,0,7,1,97,97,97,1105,1.0,33.0,
464,CURRENT_RUN_REAL_DATA,True,112,112,0,0,0,4,107,2,32,1,111,111,111,1186,0.0,51.0,
465,CURRENT_RUN_REAL_DATA,True,100,100,0,0,0,0,99,0,78,0,99,99,99,1191,2.0,20.0,
466,CURRENT_RUN_REAL_DATA,True,105,105,0,0,0,1,103,1,0,2,104,104,104,1190,0.0,38.0,
467,CURRENT_RUN_REAL_DATA,True,108,108,0,0,0,1,106,0,20,0,107,107,107,1185,0.0,28.0,
468,CURRENT_RUN_REAL_DATA,True,99,99,0,0,0,0,98,0,98,0,98,98,98,1195,8.0,20.0,
469,CURRENT_RUN_REAL_DATA,True,86,86,0,0,0,0,85,0,74,0,85,85,85,1042,8.0,29.0,
470,CURRENT_RUN_REAL_DATA,True,99,99,0,0,0,0,98,0,88,0,98,98,98,1189,6.0,22.0,
471,CURRENT_RUN_REAL_DATA,True,99,99,0,0,0,0,98,0,78,0,98,98,98,1195,8.0,20.0,
472,CURRENT_RUN_REAL_DATA,True,100,100,0,0,0,0,99,0,89,0,99,99,99,1193,2.0,20.0,
473,CURRENT_RUN_REAL_DATA,True,99,99,0,0,0,0,98,0,78,0,98,98,98,1195,10.0,20.0,
474,CURRENT_RUN_REAL_DATA,True,98,98,0,0,0,0,97,0,88,0,97,97,97,1186,8.0,23.0,
475,CURRENT_RUN_REAL_DATA,True,98,98,0,0,0,0,97,0,87,0,97,97,97,1183,8.0,22.0,
476,CURRENT_RUN_REAL_DATA,True,108,108,0,0,0,0,107,0,21,0,107,107,107,1190,1.0,22.0,
477,CURRENT_RUN_REAL_DATA,True,106,106,0,0,0,3,102,0,45,1,105,105,105,1186,0.0,42.0,
478,CURRENT_RUN_REAL_DATA,True,100,100,0,0,0,0,99,0,89,0,99,99,99,1186,4.0,21.0,
479,CURRENT_RUN_REAL_DATA,True,99,99,0,0,0,1,97,0,80,0,98,98,98,1186,0.0,23.0,
480,CURRENT_RUN_REAL_DATA,True,106,106,0,0,0,1,104,0,28,0,105,105,105,1180,0.0,26.0,
481,CURRENT_RUN_REAL_DATA,True,111,111,0,0,0,1,109,0,1,0,110,110,110,1192,0.0,30.0,
482,CURRENT_RUN_REAL_DATA,True,177,177,0,0,0,1,175,1,27,0,176,176,176,1193,0.0,24.0,
483,CURRENT_RUN_REAL_DATA,True,102,102,0,0,0,3,98,1,64,1,101,101,101,1186,0.0,70.0,
484,CURRENT_RUN_REAL_DATA,True,102,102,0,0,0,1,100,0,73,0,101,101,101,1194,0.0,20.0,
485,CURRENT_RUN_REAL_DATA,True,102,102,0,0,0,1,100,1,29,0,101,101,101,1195,0.0,21.0,
486,CURRENT_RUN_REAL_DATA,True,114,114,0,0,0,2,111,1,19,0,113,113,113,1196,0.0,20.0,
487,CURRENT_RUN_REAL_DATA,True,100,100,0,0,0,0,99,0,89,0,99,99,99,1193,2.0,21.0,
488,CURRENT_RUN_REAL_DATA,True,100,100,0,0,0,0,99,0,89,0,99,99,99,1195,1.0,22.0,
489,CURRENT_RUN_REAL_DATA,True,101,101,0,0,0,0,100,0,69,0,100,100,100,1195,1.0,28.0,
490,CURRENT_RUN_REAL_DATA,True,99,99,0,0,0,0,98,0,78,0,98,98,98,1190,8.0,22.0,
491,CURRENT_RUN_REAL_DATA,True,114,114,0,0,0,2,111,2,11,0,113,113,113,1197,0.0,22.0,
492,CURRENT_RUN_REAL_DATA,True,98,98,0,0,0,0,97,0,78,0,97,97,97,1186,9.0,21.0,
493,CURRENT_RUN_REAL_DATA,True,110,110,0,0,0,3,106,3,45,0,109,109,109,1189,0.0,21.0,
494,CURRENT_RUN_REAL_DATA,True,100,100,0,0,0,0,99,0,75,0,99,99,99,1194,1.0,20.0,
495,CURRENT_RUN_REAL_DATA,True,98,98,0,0,0,0,97,0,88,0,97,97,97,1195,9.0,30.0,
496,CURRENT_RUN_REAL_DATA,True,104,104,0,0,0,6,97,2,29,2,103,103,103,1194,0.0,41.0,
497,CURRENT_RUN_REAL_DATA,True,99,99,0,0,0,0,98,0,79,0,98,98,98,1190,7.0,30.0,
498,CURRENT_RUN_REAL_DATA,True,117,117,0,0,0,3,113,3,14,1,116,116,116,1189,0.0,33.0,
499,CURRENT_RUN_REAL_DATA,True,100,100,0,0,0,2,97,0,79,1,99,99,99,1194,0.0,44.0,
500,CURRENT_RUN_REAL_DATA,True,106,106,0,0,0,0,105,0,0,0,105,105,105,1187,1.0,22.0,
501,CURRENT_RUN_REAL_DATA,True,98,98,0,0,0,0,97,0,96,0,97,97,97,1187,7.0,29.0,
502,CURRENT_RUN_REAL_DATA,True,108,108,0,0,0,0,107,0,28,0,107,107,107,1195,1.0,30.0,
503,CURRENT_RUN_REAL_DATA,True,107,107,0,0,0,2,104,1,42,1,106,106,106,1194,0.0,47.0,
504,CURRENT_RUN_REAL_DATA,True,105,105,0,0,0,0,104,0,38,0,104,104,104,1195,1.0,20.0,
505,CURRENT_RUN_REAL_DATA,True,108,108,0,0,0,1,106,1,21,1,107,107,107,1188,0.0,34.0,
506,CURRENT_RUN_REAL_DATA,True,143,143,0,0,0,2,140,2,21,0,142,142,142,1190,0.0,30.0,
507,CURRENT_RUN_REAL_DATA,True,102,102,0,0,0,1,100,1,52,0,101,101,101,1190,0.0,23.0,
508,CURRENT_RUN_REAL_DATA,True,110,110,0,0,0,1,108,0,31,1,109,109,109,1182,0.0,43.0,
509,CURRENT_RUN_REAL_DATA,True,108,108,0,0,0,0,107,0,0,1,107,107,107,1186,1.0,51.0,
510,CURRENT_RUN_REAL_DATA,True,120,120,0,0,0,2,117,2,15,0,119,119,119,1192,0.0,26.0,
511,CURRENT_RUN_REAL_DATA,True,100,100,0,0,0,0,99,0,90,0,99,99,99,1187,7.0,21.0,
512,CURRENT_RUN_REAL_DATA,True,100,100,0,0,0,1,98,0,88,0,99,99,99,1189,0.0,21.0,
513,CURRENT_RUN_REAL_DATA,True,116,116,0,0,0,2,113,1,23,0,115,115,115,1191,0.0,21.0,
514,CURRENT_RUN_REAL_DATA,True,97,97,0,0,0,0,96,0,74,1,96,96,96,1195,6.0,54.0,
515,CURRENT_RUN_REAL_DATA,True,95,95,0,0,0,6,88,6,0,3,94,94,94,1192,0.0,84.0,
516,CURRENT_RUN_REAL_DATA,True,100,100,0,0,0,0,99,0,98,0,99,99,99,1191,4.0,20.0,
517,CURRENT_RUN_REAL_DATA,True,166,166,0,0,0,13,152,10,17,3,165,165,165,1195,0.0,45.0,
518,CURRENT_RUN_REAL_DATA,True,100,100,0,0,0,0,99,0,79,0,99,99,99,1193,2.0,20.0,
519,CURRENT_RUN_REAL_DATA,True,100,100,0,0,0,0,99,0,79,0,99,99,99,1191,2.0,21.0,
520,CURRENT_RUN_REAL_DATA,True,99,99,0,0,0,0,98,0,78,0,98,98,98,1186,1.0,22.0,
521,CURRENT_RUN_REAL_DATA,True,98,98,0,0,0,0,97,0,87,0,97,97,97,1186,6.0,28.0,
522,CURRENT_RUN_REAL_DATA,True,99,99,0,0,0,0,98,0,89,0,98,98,98,1185,1.0,21.0,
523,CURRENT_RUN_REAL_DATA,True,105,105,0,0,0,0,104,0,1,0,104,104,104,1188,1.0,30.0,
524,CURRENT_RUN_REAL_DATA,True,98,98,0,0,0,0,97,0,91,0,97,97,97,1190,9.0,30.0,
525,CURRENT_RUN_REAL_DATA,True,132,132,0,0,0,6,125,6,42,1,131,131,131,1198,0.0,43.0,
526,CURRENT_RUN_REAL_DATA,True,101,101,0,0,0,2,98,0,90,1,100,100,100,1190,0.0,37.0,
527,CURRENT_RUN_REAL_DATA,True,100,100,0,0,0,0,99,0,1,0,99,99,99,1189,1.0,22.0,
528,CURRENT_RUN_REAL_DATA,True,98,98,0,0,0,0,97,0,3,0,97,97,97,1190,9.0,30.0,
529,CURRENT_RUN_REAL_DATA,True,107,107,0,0,0,8,98,8,0,2,106,106,106,1193,0.0,59.0,
530,CURRENT_RUN_REAL_DATA,True,98,98,0,0,0,0,97,0,77,0,97,97,97,1186,9.0,21.0,
531,CURRENT_RUN_REAL_DATA,True,98,98,0,0,0,0,97,0,97,0,97,97,97,1186,2.0,22.0,
532,CURRENT_RUN_REAL_DATA,True,113,113,0,0,0,1,111,1,25,1,112,112,112,1194,0.0,32.0,
533,CURRENT_RUN_REAL_DATA,True,100,100,0,0,0,0,99,0,89,0,99,99,99,1190,5.0,21.0,
534,CURRENT_RUN_REAL_DATA,True,115,115,0,0,0,2,112,1,19,0,114,114,114,1194,0.0,20.0,
535,CURRENT_RUN_REAL_DATA,True,103,103,0,0,0,1,101,0,77,0,102,102,102,1185,0.0,22.0,
536,CURRENT_RUN_REAL_DATA,True,99,99,0,0,0,1,97,1,59,0,98,98,98,1137,0.0,25.0,
537,CURRENT_RUN_REAL_DATA,True,117,117,0,0,0,6,110,6,0,1,116,116,116,1186,0.0,46.0,
538,CURRENT_RUN_REAL_DATA,True,108,108,0,0,0,1,106,1,60,0,107,107,107,1195,0.0,20.0,
539,CURRENT_RUN_REAL_DATA,True,100,100,0,0,0,0,99,0,89,0,99,99,99,1190,2.0,21.0,
540,CURRENT_RUN_REAL_DATA,True,107,107,0,0,0,5,101,5,21,2,106,106,106,1195,0.0,51.0,
541,CURRENT_RUN_REAL_DATA,True,137,137,0,0,0,16,120,16,18,1,136,136,136,1193,0.0,43.0,
542,CURRENT_RUN_REAL_DATA,True,100,100,0,0,0,0,99,0,80,0,99,99,99,1194,1.0,20.0,
543,CURRENT_RUN_REAL_DATA,True,100,100,0,0,0,0,99,0,78,0,99,99,99,1191,5.0,20.0,
544,CURRENT_RUN_REAL_DATA,True,98,98,0,0,0,0,97,0,78,1,97,97,97,1189,6.0,31.0,
545,CURRENT_RUN_REAL_DATA,True,100,100,0,0,0,0,99,0,1,0,99,99,99,1189,1.0,21.0,
546,CURRENT_RUN_REAL_DATA,True,136,136,0,0,0,8,127,8,21,0,135,135,135,1195,0.0,24.0,
547,CURRENT_RUN_REAL_DATA,True,136,136,0,0,0,13,122,10,37,1,135,135,135,1193,0.0,50.0,
548,CURRENT_RUN_REAL_DATA,True,99,99,0,0,0,0,98,0,88,0,98,98,98,1188,7.0,28.0,
549,CURRENT_RUN_REAL_DATA,True,106,106,0,0,0,1,104,1,44,0,105,105,105,1191,0.0,24.0,
550,CURRENT_RUN_REAL_DATA,True,101,101,0,0,0,0,100,0,81,0,100,100,100,1192,5.0,21.0,
551,CURRENT_RUN_REAL_DATA,True,99,99,0,0,0,0,98,0,78,0,98,98,98,1195,10.0,20.0,
552,CURRENT_RUN_REAL_DATA,True,100,100,0,0,0,0,99,0,5,0,99,99,99,1191,2.0,21.0,
553,CURRENT_RUN_REAL_DATA,True,99,99,0,0,0,0,98,0,14,0,98,98,98,1195,2.0,30.0,
554,CURRENT_RUN_REAL_DATA,True,127,127,0,0,0,9,117,9,2,1,126,126,126,1191,0.0,37.0,
555,CURRENT_RUN_REAL_DATA,True,109,109,0,0,0,0,108,0,31,0,108,108,108,1188,1.0,28.0,
556,CURRENT_RUN_REAL_DATA,True,140,140,0,0,0,8,131,8,19,0,139,139,139,1195,0.0,25.0,
557,CURRENT_RUN_REAL_DATA,True,101,101,0,0,0,3,97,0,99,1,100,100,100,1187,0.0,55.0,
558,CURRENT_RUN_REAL_DATA,True,155,155,0,0,0,2,152,2,12,0,154,154,154,1197,0.0,20.0,
559,CURRENT_RUN_REAL_DATA,True,98,98,0,0,0,0,97,0,77,0,97,97,97,1194,10.0,30.0,
560,CURRENT_RUN_REAL_DATA,True,99,99,0,0,0,0,98,0,97,0,98,98,98,1186,7.0,21.0,
561,CURRENT_RUN_REAL_DATA,True,120,120,0,0,0,4,115,4,25,0,119,119,119,1184,0.0,22.0,
562,CURRENT_RUN_REAL_DATA,True,109,109,0,0,0,0,108,0,11,0,108,108,108,1185,1.0,28.0,
563,CURRENT_RUN_REAL_DATA,True,97,97,0,0,0,1,95,0,83,1,96,96,96,1197,0.0,68.0,
564,CURRENT_RUN_REAL_DATA,True,97,97,0,0,0,0,96,0,86,1,96,96,96,1186,5.0,50.0,
565,CURRENT_RUN_REAL_DATA,True,103,103,0,0,0,4,98,4,0,1,102,102,102,1187,0.0,66.0,
566,CURRENT_RUN_REAL_DATA,True,99,99,0,0,0,0,98,0,91,0,98,98,98,1186,1.0,21.0,
567,CURRENT_RUN_REAL_DATA,True,97,97,0,0,0,0,96,0,77,0,96,96,96,1186,10.0,30.0,
568,CURRENT_RUN_REAL_DATA,True,134,134,0,0,0,0,133,0,31,0,133,133,133,1195,1.0,26.0,
569,CURRENT_RUN_REAL_DATA,True,101,101,0,0,0,2,98,0,75,1,100,100,100,1192,0.0,46.0,
570,CURRENT_RUN_REAL_DATA,True,100,100,0,0,0,0,99,0,73,0,99,99,99,1190,3.0,21.0,
571,CURRENT_RUN_REAL_DATA,True,111,111,0,0,0,3,107,3,13,2,110,110,110,1181,0.0,44.0,
572,CURRENT_RUN_REAL_DATA,True,99,99,0,0,0,3,95,3,14,2,98,98,98,1194,0.0,110.0,
573,CURRENT_RUN_REAL_DATA,True,105,105,0,0,0,2,102,2,23,1,104,104,104,1195,0.0,128.0,
574,CURRENT_RUN_REAL_DATA,True,117,117,0,0,0,2,114,2,27,1,116,116,116,1186,0.0,40.0,
575,CURRENT_RUN_REAL_DATA,True,108,108,0,0,0,2,105,2,20,0,107,107,107,1193,0.0,29.0,
576,CURRENT_RUN_REAL_DATA,True,100,100,0,0,0,1,98,1,9,1,99,99,99,1194,0.0,147.0,
577,CURRENT_RUN_REAL_DATA,True,100,100,0,0,0,0,99,0,80,0,99,99,99,1191,4.0,20.0,
578,CURRENT_RUN_REAL_DATA,True,130,130,0,0,0,2,127,1,25,0,129,129,129,1189,0.0,25.0,
579,CURRENT_RUN_REAL_DATA,True,99,99,0,0,0,0,98,0,78,0,98,98,98,1195,10.0,20.0,
580,CURRENT_RUN_REAL_DATA,True,100,100,0,0,0,0,99,0,79,0,99,99,99,1191,2.0,20.0,
581,CURRENT_RUN_REAL_DATA,True,97,97,0,0,0,1,95,0,57,1,96,96,96,1194,0.0,81.0,
582,CURRENT_RUN_REAL_DATA,True,142,142,0,0,0,6,135,6,25,1,141,141,141,1187,0.0,38.0,
583,CURRENT_RUN_REAL_DATA,True,140,140,0,0,0,6,133,6,19,1,139,139,139,1191,0.0,42.0,
584,CURRENT_RUN_REAL_DATA,True,100,100,0,0,0,0,99,0,93,0,99,99,99,1191,2.0,21.0,
585,CURRENT_RUN_REAL_DATA,True,98,98,0,0,0,0,97,0,87,0,97,97,97,1195,10.0,30.0,
586,CURRENT_RUN_REAL_DATA,True,100,100,0,0,0,0,99,0,91,0,99,99,99,1187,7.0,21.0,
587,CURRENT_RUN_REAL_DATA,True,103,103,0,0,0,3,99,3,28,1,102,102,102,1181,0.0,40.0,
588,CURRENT_RUN_REAL_DATA,True,108,108,0,0,0,0,107,0,0,1,107,107,107,1190,1.0,108.0,
589,CURRENT_RUN_REAL_DATA,True,98,98,0,0,0,0,97,0,77,0,97,97,97,1195,10.0,30.0,
590,CURRENT_RUN_REAL_DATA,True,115,115,0,0,0,1,113,0,21,0,114,114,114,1190,0.0,29.0,
591,CURRENT_RUN_REAL_DATA,True,100,100,0,0,0,1,98,1,2,0,99,99,99,1186,0.0,27.0,
592,CURRENT_RUN_REAL_DATA,True,100,100,0,0,0,0,99,0,97,0,99,99,99,1192,4.0,21.0,
593,CURRENT_RUN_REAL_DATA,True,107,107,0,0,0,0,106,0,9,0,106,106,106,1194,1.0,24.0,
594,CURRENT_RUN_REAL_DATA,True,98,98,0,0,0,0,97,0,89,0,97,97,97,1186,3.0,25.0,
595,CURRENT_RUN_REAL_DATA,True,132,132,0,0,0,2,129,2,14,0,131,131,131,1184,0.0,21.0,
596,CURRENT_RUN_REAL_DATA,True,100,100,0,0,0,0,99,0,79,0,99,99,99,1191,8.0,21.0,
597,CURRENT_RUN_REAL_DATA,True,112,112,0,0,0,1,110,1,40,0,111,111,111,1191,0.0,22.0,
598,CURRENT_RUN_REAL_DATA,True,100,100,0,0,0,0,99,0,90,0,99,99,99,1192,3.0,21.0,
599,CURRENT_RUN_REAL_DATA,True,119,119,0,0,0,2,116,0,34,1,118,118,118,1184,0.0,43.0,
600,CURRENT_RUN_REAL_DATA,True,100,100,0,0,0,0,99,0,1,0,99,99,99,1193,2.0,20.0,
601,CURRENT_RUN_REAL_DATA,True,112,112,0,0,0,4,107,4,23,1,111,111,111,1187,0.0,34.0,
602,CURRENT_RUN_REAL_DATA,True,115,115,0,0,0,1,113,1,14,1,114,114,114,1192,0.0,139.0,
603,CURRENT_RUN_REAL_DATA,True,100,100,0,0,0,0,99,0,79,0,99,99,99,1193,2.0,20.0,
604,CURRENT_RUN_REAL_DATA,True,104,104,0,0,0,0,103,0,34,0,103,103,103,1191,1.0,24.0,
605,CURRENT_RUN_REAL_DATA,True,100,100,0,0,0,1,98,0,79,0,99,99,99,1189,0.0,23.0,
606,CURRENT_RUN_REAL_DATA,True,100,100,0,0,0,0,99,0,89,0,99,99,99,1186,5.0,21.0,
607,CURRENT_RUN_REAL_DATA,True,99,99,0,0,0,3,95,0,79,1,98,98,98,1181,0.0,51.0,
608,CURRENT_RUN_REAL_DATA,True,117,117,0,0,0,2,114,2,19,1,116,116,116,1186,0.0,53.0,
609,CURRENT_RUN_REAL_DATA,True,100,100,0,0,0,0,99,0,64,0,99,99,99,1195,1.0,20.0,
610,CURRENT_RUN_REAL_DATA,True,113,113,0,0,0,3,109,2,27,0,112,112,112,1181,0.0,28.0,
611,CURRENT_RUN_REAL_DATA,True,99,99,0,0,0,1,97,0,88,0,98,98,98,1186,0.0,22.0,
612,CURRENT_RUN_REAL_DATA,True,100,100,0,0,0,0,99,0,98,0,99,99,99,1191,4.0,20.0,
613,CURRENT_RUN_REAL_DATA,True,106,106,0,0,0,0,105,0,3,1,105,105,105,1195,1.0,89.0,
614,CURRENT_RUN_REAL_DATA,True,100,100,0,0,0,0,99,0,90,0,99,99,99,1194,1.0,20.0,
615,CURRENT_RUN_REAL_DATA,True,111,111,0,0,0,2,108,2,9,0,110,110,110,1195,0.0,30.0,
616,CURRENT_RUN_REAL_DATA,True,112,112,0,0,0,0,111,0,23,0,111,111,111,1187,1.0,25.0,
617,CURRENT_RUN_REAL_DATA,True,99,99,0,0,0,0,98,0,77,0,98,98,98,1190,7.0,30.0,
618,CURRENT_RUN_REAL_DATA,True,110,110,0,0,0,4,105,4,16,1,109,109,109,1194,0.0,41.0,
619,CURRENT_RUN_REAL_DATA,True,99,99,0,0,0,4,94,0,87,1,98,98,98,1185,0.0,60.0,
620,CURRENT_RUN_REAL_DATA,True,131,131,0,0,0,4,126,4,20,0,130,130,130,1186,0.0,24.0,
621,CURRENT_RUN_REAL_DATA,True,106,106,0,0,0,7,98,7,17,2,105,105,105,1195,0.0,50.0,
622,CURRENT_RUN_REAL_DATA,True,99,99,0,0,0,0,98,0,78,0,98,98,98,1190,8.0,20.0,
623,CURRENT_RUN_REAL_DATA,True,99,99,0,0,0,4,94,4,74,1,98,98,98,1179,0.0,68.0,
624,CURRENT_RUN_REAL_DATA,True,100,100,0,0,0,2,97,2,0,1,99,99,99,1187,0.0,39.0,
625,CURRENT_RUN_REAL_DATA,True,114,114,0,0,0,1,112,1,20,0,113,113,113,1186,0.0,30.0,
626,CURRENT_RUN_REAL_DATA,True,119,119,0,0,0,1,117,1,0,0,118,118,118,1189,0.0,22.0,
627,CURRENT_RUN_REAL_DATA,True,104,104,0,0,0,0,103,0,64,1,103,103,103,1195,2.0,32.0,
628,CURRENT_RUN_REAL_DATA,True,100,100,0,0,0,0,99,0,89,0,99,99,99,1191,4.0,20.0,
629,CURRENT_RUN_REAL_DATA,True,111,111,0,0,0,0,110,0,67,0,110,110,110,1191,1.0,25.0,
630,CURRENT_RUN_REAL_DATA,True,99,99,0,0,0,0,98,0,78,0,98,98,98,1191,4.0,21.0,
631,CURRENT_RUN_REAL_DATA,True,113,113,0,0,0,1,111,1,32,0,112,112,112,1191,0.0,30.0,
632,CURRENT_RUN_REAL_DATA,True,99,99,0,0,0,0,98,0,93,0,98,98,98,1195,10.0,20.0,
633,CURRENT_RUN_REAL_DATA,True,137,137,0,0,0,3,133,2,22,0,136,136,136,1187,0.0,28.0,
634,CURRENT_RUN_REAL_DATA,True,100,100,0,0,0,0,99,0,95,0,99,99,99,1193,2.0,20.0,
635,CURRENT_RUN_REAL_DATA,True,149,149,0,0,0,22,126,22,23,1,148,148,148,1186,0.0,53.0,
636,CURRENT_RUN_REAL_DATA,True,98,98,0,0,0,0,97,0,89,0,97,97,97,1189,6.0,30.0,
637,CURRENT_RUN_REAL_DATA,True,108,108,0,0,0,1,106,0,38,0,107,107,107,1186,0.0,23.0,
638,CURRENT_RUN_REAL_DATA,True,99,99,0,0,0,0,98,0,88,0,98,98,98,1189,6.0,21.0,
639,CURRENT_RUN_REAL_DATA,True,99,99,0,0,0,0,98,0,88,0,98,98,98,1192,9.0,21.0,
640,CURRENT_RUN_REAL_DATA,True,100,100,0,0,0,0,99,0,92,0,99,99,99,1190,6.0,21.0,
641,CURRENT_RUN_REAL_DATA,True,128,128,0,0,0,12,115,11,19,2,127,127,127,1189,0.0,118.0,
642,CURRENT_RUN_REAL_DATA,True,113,113,0,0,0,0,112,0,0,0,112,112,112,1197,1.0,21.0,
643,CURRENT_RUN_REAL_DATA,True,99,99,0,0,0,0,98,0,78,0,98,98,98,1195,9.0,21.0,
644,CURRENT_RUN_REAL_DATA,True,92,92,0,0,0,0,91,0,81,2,91,91,91,1186,9.0,80.0,
645,CURRENT_RUN_REAL_DATA,True,100,100,0,0,0,1,98,0,97,0,99,99,99,1194,0.0,21.0,
646,CURRENT_RUN_REAL_DATA,True,99,99,0,0,0,0,98,0,90,1,98,98,98,1190,2.0,31.0,
647,CURRENT_RUN_REAL_DATA,True,100,100,0,0,0,0,99,0,0,0,99,99,99,1191,4.0,20.0,
648,CURRENT_RUN_REAL_DATA,True,99,99,0,0,0,0,98,0,76,0,98,98,98,1193,2.0,30.0,
649,CURRENT_RUN_REAL_DATA,True,107,107,0,0,0,3,103,1,28,2,106,106,106,1198,0.0,45.0,
650,CURRENT_RUN_REAL_DATA,True,97,97,0,0,0,0,96,0,85,1,96,96,96,1186,1.0,61.0,
651,CURRENT_RUN_REAL_DATA,True,105,105,0,0,0,4,100,2,22,1,104,104,104,1188,0.0,42.0,
652,CURRENT_RUN_REAL_DATA,True,100,100,0,0,0,0,99,0,79,0,99,99,99,1189,1.0,22.0,
653,CURRENT_RUN_REAL_DATA,True,109,109,0,0,0,4,104,4,23,2,108,108,108,1194,0.0,47.0,
654,CURRENT_RUN_REAL_DATA,True,108,108,0,0,0,2,105,0,22,1,107,107,107,1189,0.0,37.0,
655,CURRENT_RUN_REAL_DATA,True,99,99,0,0,0,0,98,0,88,0,98,98,98,1191,3.0,29.0,
656,CURRENT_RUN_REAL_DATA,True,100,100,0,0,0,2,97,0,84,1,99,99,99,1188,0.0,43.0,
657,CURRENT_RUN_REAL_DATA,True,100,100,0,0,0,0,99,0,90,0,99,99,99,1191,2.0,21.0,
658,CURRENT_RUN_REAL_DATA,True,99,99,0,0,0,0,98,0,88,0,98,98,98,1180,5.0,21.0,
659,CURRENT_RUN_REAL_DATA,True,112,112,0,0,0,11,100,3,40,2,111,111,111,1192,0.0,102.0,
660,CURRENT_RUN_REAL_DATA,True,99,99,0,0,0,0,98,0,97,0,98,98,98,1184,1.0,21.0,
661,CURRENT_RUN_REAL_DATA,True,100,100,0,0,0,0,99,0,5,0,99,99,99,1163,1.0,30.0,
662,CURRENT_RUN_REAL_DATA,True,97,97,0,0,0,0,96,0,76,0,96,96,96,1190,9.0,29.0,
663,CURRENT_RUN_REAL_DATA,True,109,109,0,0,0,3,105,3,17,1,108,108,108,1186,0.0,40.0,
664,CURRENT_RUN_REAL_DATA,True,99,99,0,0,0,0,98,0,90,0,98,98,98,1188,8.0,28.0,
665,CURRENT_RUN_REAL_DATA,True,105,105,0,0,0,3,101,0,39,1,104,104,104,1188,0.0,61.0,
666,CURRENT_RUN_REAL_DATA,True,98,98,0,0,0,0,97,0,77,0,97,97,97,1186,9.0,21.0,
667,CURRENT_RUN_REAL_DATA,True,98,98,0,0,0,0,97,0,87,0,97,97,97,1189,6.0,30.0,
668,CURRENT_RUN_REAL_DATA,True,100,100,0,0,0,1,98,0,79,0,99,99,99,1195,0.0,21.0,
669,CURRENT_RUN_REAL_DATA,True,100,100,0,0,0,0,99,0,81,0,99,99,99,1189,1.0,22.0,
670,CURRENT_RUN_REAL_DATA,True,98,98,0,0,0,0,97,0,77,0,97,97,97,1191,10.0,28.0,
671,CURRENT_RUN_REAL_DATA,True,142,142,0,0,0,4,137,4,27,0,141,141,141,1166,0.0,30.0,
672,CURRENT_RUN_REAL_DATA,True,100,100,0,0,0,0,99,0,81,0,99,99,99,1193,2.0,20.0,
673,CURRENT_RUN_REAL_DATA,True,114,114,0,0,0,0,113,0,30,0,113,113,113,1187,1.0,30.0,
674,CURRENT_RUN_REAL_DATA,True,100,100,0,0,0,0,99,0,89,0,99,99,99,1191,5.0,21.0,
675,CURRENT_RUN_REAL_DATA,True,101,101,0,0,0,0,100,0,54,0,100,100,100,1193,2.0,27.0,
676,CURRENT_RUN_REAL_DATA,True,99,99,0,0,0,0,98,0,88,0,98,98,98,1188,7.0,29.0,
677,CURRENT_RUN_REAL_DATA,True,99,99,0,0,0,0,98,0,78,0,98,98,98,1189,7.0,23.0,
678,CURRENT_RUN_REAL_DATA,True,102,102,0,0,0,0,101,0,10,0,101,101,101,1191,3.0,21.0,
679,CURRENT_RUN_REAL_DATA,True,92,92,0,0,0,16,75,1,71,11,91,91,91,1166,0.0,95.0,
680,CURRENT_RUN_REAL_DATA,True,103,103,0,0,0,2,100,0,73,1,102,102,102,1187,0.0,36.0,
681,CURRENT_RUN_REAL_DATA,True,99,99,0,0,0,0,98,0,79,0,98,98,98,1186,1.0,22.0,
682,CURRENT_RUN_REAL_DATA,True,106,106,0,0,0,9,96,7,29,1,105,105,105,1195,0.0,151.0,
683,CURRENT_RUN_REAL_DATA,True,100,100,0,0,0,3,96,0,89,1,99,99,99,1194,0.0,54.0,
684,CURRENT_RUN_REAL_DATA,True,101,101,0,0,0,0,100,0,79,0,100,100,100,1187,1.0,20.0,
685,CURRENT_RUN_REAL_DATA,True,50,50,0,0,0,6,43,5,16,4,49,49,49,481,0.0,43.0,
686,CURRENT_RUN_REAL_DATA,True,104,104,0,0,0,0,103,0,3,0,103,103,103,1186,1.0,28.0,
687,CURRENT_RUN_REAL_DATA,True,99,99,0,0,0,12,86,1,89,5,98,98,98,1182,0.0,69.0,
688,CURRENT_RUN_REAL_DATA,True,100,100,0,0,0,0,99,0,79,0,99,99,99,1187,5.0,21.0,
689,CURRENT_RUN_REAL_DATA,True,100,100,0,0,0,1,98,1,77,0,99,99,99,1189,0.0,23.0,
690,CURRENT_RUN_REAL_DATA,True,66,66,0,0,0,3,62,1,37,1,65,65,65,722,0.0,34.0,
691,CURRENT_RUN_REAL_DATA,True,106,106,0,0,0,17,88,3,85,6,105,105,105,1146,0.0,60.0,
692,CURRENT_RUN_REAL_DATA,True,99,99,0,0,0,0,98,0,91,0,98,98,98,1186,7.0,20.0,
693,CURRENT_RUN_REAL_DATA,True,136,136,0,0,0,3,132,3,21,0,135,135,135,1186,0.0,26.0,
694,CURRENT_RUN_REAL_DATA,True,100,100,0,0,0,0,99,0,78,0,99,99,99,1191,4.0,20.0,
695,CURRENT_RUN_REAL_DATA,True,108,108,0,0,0,3,104,3,3,1,107,107,107,1194,0.0,71.0,
696,CURRENT_RUN_REAL_DATA,True,97,97,0,0,0,0,96,0,18,2,96,96,96,1191,1.0,42.0,
697,CURRENT_RUN_REAL_DATA,True,134,134,0,0,0,0,133,0,0,1,133,133,133,1189,1.0,132.0,
698,CURRENT_RUN_REAL_DATA,True,99,99,0,0,0,0,98,0,76,0,98,98,98,1189,7.0,23.0,
699,CURRENT_RUN_REAL_DATA,True,107,107,0,0,0,23,83,0,102,2,106,106,106,1159,0.0,131.0,
700,CURRENT_RUN_REAL_DATA,True,115,115,0,0,0,7,107,6,31,2,114,114,114,1174,0.0,41.0,
701,CURRENT_RUN_REAL_DATA,True,102,102,0,0,0,9,92,7,27,2,101,101,101,1190,0.0,101.0,
702,CURRENT_RUN_REAL_DATA,True,116,116,0,0,0,1,114,1,24,0,115,115,115,1187,0.0,21.0,
703,CURRENT_RUN_REAL_DATA,True,102,102,0,0,0,2,99,1,22,0,101,101,101,1117,0.0,28.0,
704,CURRENT_RUN_REAL_DATA,True,104,104,0,0,0,1,102,1,30,0,103,103,103,1194,0.0,27.0,
705,CURRENT_RUN_REAL_DATA,True,118,118,0,0,0,21,96,16,86,1,117,117,117,1183,0.0,31.0,
706,CURRENT_RUN_REAL_DATA,True,127,127,0,0,0,6,120,6,8,2,126,126,126,1191,0.0,48.0,
707,CURRENT_RUN_REAL_DATA,True,100,100,0,0,0,0,99,0,79,0,99,99,99,1191,2.0,21.0,
708,CURRENT_RUN_REAL_DATA,True,102,102,0,0,0,9,92,8,34,2,101,101,101,1191,0.0,69.0,
709,CURRENT_RUN_REAL_DATA,True,112,112,0,0,0,4,107,3,12,2,111,111,111,1189,0.0,38.0,
710,CURRENT_RUN_REAL_DATA,True,99,99,0,0,0,0,98,0,78,0,98,98,98,1188,7.0,28.0,
711,CURRENT_RUN_REAL_DATA,True,73,73,0,0,0,27,45,25,29,2,72,72,72,1098,0.0,537.0,
712,CURRENT_RUN_REAL_DATA,True,112,112,0,0,0,1,110,1,22,0,111,111,111,1193,0.0,24.0,
713,CURRENT_RUN_REAL_DATA,True,99,99,0,0,0,0,98,0,88,0,98,98,98,1190,9.0,21.0,
714,CURRENT_RUN_REAL_DATA,True,104,104,0,0,0,3,100,3,37,1,103,103,103,1189,0.0,62.0,
715,CURRENT_RUN_REAL_DATA,True,126,126,0,0,0,0,125,0,9,0,125,125,125,1191,1.0,28.0,
716,CURRENT_RUN_REAL_DATA,True,121,121,0,0,0,4,116,3,53,1,120,120,120,1190,0.0,50.0,
717,CURRENT_RUN_REAL_DATA,True,99,99,0,0,0,0,98,0,48,0,98,98,98,1195,10.0,20.0,
718,CURRENT_RUN_REAL_DATA,True,101,101,0,0,0,14,86,1,80,5,100,100,100,1192,0.0,46.0,
719,CURRENT_RUN_REAL_DATA,True,99,99,0,0,0,0,98,0,79,0,98,98,98,1181,3.0,22.0,
720,CURRENT_RUN_REAL_DATA,True,97,97,0,0,0,27,69,0,95,11,96,96,96,1155,0.0,128.0,
721,CURRENT_RUN_REAL_DATA,True,54,54,0,0,0,0,53,0,4,4,53,53,53,1187,1.0,355.0,
722,CURRENT_RUN_REAL_DATA,True,99,99,0,0,0,0,98,0,91,0,98,98,98,1188,3.0,28.0,
723,CURRENT_RUN_REAL_DATA,True,76,76,0,0,0,0,75,0,19,3,75,75,75,1012,5.0,49.0,
724,CURRENT_RUN_REAL_DATA,True,85,85,0,0,0,58,26,10,71,5,84,84,84,1089,0.0,472.0,
725,CURRENT_RUN_REAL_DATA,True,99,99,0,0,0,2,96,0,89,1,98,98,98,1186,0.0,42.0,
726,CURRENT_RUN_REAL_DATA,True,100,100,0,0,0,0,99,0,93,0,99,99,99,1191,3.0,20.0,
727,CURRENT_RUN_REAL_DATA,True,115,115,0,0,0,7,107,7,26,1,114,114,114,1189,0.0,31.0,
728,CURRENT_RUN_REAL_DATA,True,111,111,0,0,0,21,89,21,21,2,110,110,110,1193,0.0,189.0,
729,CURRENT_RUN_REAL_DATA,True,98,98,0,0,0,0,97,0,78,0,97,97,97,1186,9.0,21.0,
730,CURRENT_RUN_REAL_DATA,True,112,112,0,0,0,4,107,4,27,0,111,111,111,1190,0.0,25.0,
731,CURRENT_RUN_REAL_DATA,True,112,112,0,0,0,15,96,13,24,6,111,111,111,1195,0.0,113.0,
732,CURRENT_RUN_REAL_DATA,True,98,98,0,0,0,1,96,1,28,0,97,97,97,1166,0.0,22.0,
733,CURRENT_RUN_REAL_DATA,True,104,104,0,0,0,6,97,6,0,1,103,103,103,1195,0.0,42.0,
734,CURRENT_RUN_REAL_DATA,True,98,98,0,0,0,0,97,0,0,0,97,97,97,1179,4.0,30.0,
735,CURRENT_RUN_REAL_DATA,True,98,98,0,0,0,0,97,0,77,0,97,97,97,1195,10.0,30.0,
736,CURRENT_RUN_REAL_DATA,True,102,102,0,0,0,7,94,7,17,4,101,101,101,1187,0.0,39.0,
737,CURRENT_RUN_REAL_DATA,True,99,99,0,0,0,0,98,0,78,0,98,98,98,1187,6.0,27.0,
738,CURRENT_RUN_REAL_DATA,True,104,104,0,0,0,0,103,0,83,0,103,103,103,1190,2.0,29.0,
739,CURRENT_RUN_REAL_DATA,True,99,99,0,0,0,0,98,0,78,0,98,98,98,1190,6.0,30.0,
740,CURRENT_RUN_REAL_DATA,True,119,119,0,0,0,36,82,29,34,5,118,118,118,1195,0.0,149.0,
741,CURRENT_RUN_REAL_DATA,True,100,100,0,0,0,0,99,0,79,0,99,99,99,1191,2.0,20.0,
742,CURRENT_RUN_REAL_DATA,True,99,99,0,0,0,0,98,0,95,0,98,98,98,1186,1.0,21.0,
743,CURRENT_RUN_REAL_DATA,True,131,131,0,0,0,5,125,4,11,0,130,130,130,1191,0.0,22.0,
744,CURRENT_RUN_REAL_DATA,True,99,99,0,0,0,0,98,0,22,0,98,98,98,1189,7.0,22.0,
745,CURRENT_RUN_REAL_DATA,True,99,99,0,0,0,19,79,15,29,2,98,98,98,1178,0.0,127.0,
746,CURRENT_RUN_REAL_DATA,True,109,109,0,0,0,4,104,4,19,0,108,108,108,1186,0.0,29.0,
747,CURRENT_RUN_REAL_DATA,True,105,105,0,0,0,14,90,11,14,6,104,104,104,1140,0.0,52.0,
748,CURRENT_RUN_REAL_DATA,True,100,100,0,0,0,0,99,0,80,0,99,99,99,1191,2.0,20.0,
749,CURRENT_RUN_REAL_DATA,True,99,99,0,0,0,0,98,0,79,0,98,98,98,1190,7.0,30.0,
750,CURRENT_RUN_REAL_DATA,True,100,100,0,0,0,1,98,0,91,1,99,99,99,1192,0.0,34.0,
751,CURRENT_RUN_REAL_DATA,True,99,99,0,0,0,0,98,0,76,0,98,98,98,1193,9.0,21.0,
752,CURRENT_RUN_REAL_DATA,True,102,102,0,0,0,15,86,11,21,2,101,101,101,1195,0.0,139.0,
753,CURRENT_RUN_REAL_DATA,True,99,99,0,0,0,0,98,0,78,0,98,98,98,1189,8.0,22.0,
754,CURRENT_RUN_REAL_DATA,True,99,99,0,0,0,0,98,0,77,0,98,98,98,1186,6.0,21.0,
755,CURRENT_RUN_REAL_DATA,True,99,99,0,0,0,0,98,0,0,0,98,98,98,1190,8.0,20.0,
756,CURRENT_RUN_REAL_DATA,True,99,99,0,0,0,7,91,6,11,1,98,98,98,1150,0.0,84.0,
757,CURRENT_RUN_REAL_DATA,True,99,99,0,0,0,0,98,0,88,0,98,98,98,1195,10.0,20.0,
758,CURRENT_RUN_REAL_DATA,True,110,110,0,0,0,15,94,11,20,3,109,109,109,1188,0.0,64.0,
759,CURRENT_RUN_REAL_DATA,True,116,116,0,0,0,39,76,35,20,4,115,115,115,1191,0.0,230.0,
760,CURRENT_RUN_REAL_DATA,True,118,118,0,0,0,5,112,5,24,1,117,117,117,1162,0.0,31.0,
761,CURRENT_RUN_REAL_DATA,True,87,87,0,0,0,4,82,4,1,3,86,86,86,1189,0.0,132.0,
762,CURRENT_RUN_REAL_DATA,True,118,118,0,0,0,3,114,3,23,1,117,117,117,1122,0.0,34.0,
763,CURRENT_RUN_REAL_DATA,True,99,99,0,0,0,0,98,0,89,0,98,98,98,1188,7.0,28.0,
764,CURRENT_RUN_REAL_DATA,True,100,100,0,0,0,0,99,0,89,0,99,99,99,1191,1.0,20.0,
765,CURRENT_RUN_REAL_DATA,True,103,103,0,0,0,0,102,0,29,1,102,102,102,1193,1.0,32.0,
766,CURRENT_RUN_REAL_DATA,True,99,99,0,0,0,0,98,0,89,0,98,98,98,1195,9.0,21.0,
767,CURRENT_RUN_REAL_DATA,True,127,127,0,0,0,5,121,5,14,2,126,126,126,1188,0.0,79.0,
768,CURRENT_RUN_REAL_DATA,True,90,90,0,0,0,36,53,30,18,2,89,89,89,1104,0.0,475.0,
769,CURRENT_RUN_REAL_DATA,True,123,123,0,0,0,10,112,9,10,2,122,122,122,1189,0.0,132.0,
770,CURRENT_RUN_REAL_DATA,True,96,96,0,0,0,4,91,0,85,7,95,95,95,1191,0.0,40.0,
771,CURRENT_RUN_REAL_DATA,True,99,99,0,0,0,0,98,0,88,0,98,98,98,1191,10.0,20.0,
772,CURRENT_RUN_REAL_DATA,True,100,100,0,0,0,0,99,0,90,0,99,99,99,1190,2.0,20.0,
773,CURRENT_RUN_REAL_DATA,True,103,103,0,0,0,32,70,26,45,4,102,102,102,1190,0.0,167.0,
774,CURRENT_RUN_REAL_DATA,True,107,107,0,0,0,6,100,6,16,2,106,106,106,1195,0.0,43.0,
775,CURRENT_RUN_REAL_DATA,True,128,128,0,0,0,4,123,4,0,0,127,127,127,1194,0.0,27.0,
776,CURRENT_RUN_REAL_DATA,True,129,129,0,0,0,21,107,20,30,1,128,128,128,1192,0.0,34.0,
777,CURRENT_RUN_REAL_DATA,True,75,75,0,0,0,2,72,2,3,2,74,74,74,784,0.0,36.0,
778,CURRENT_RUN_REAL_DATA,True,76,76,0,0,0,6,69,6,0,3,75,75,75,888,0.0,59.0,
779,CURRENT_RUN_REAL_DATA,True,107,107,0,0,0,2,104,2,62,0,106,106,106,1193,0.0,24.0,
780,CURRENT_RUN_REAL_DATA,True,123,123,0,0,0,1,121,1,61,0,122,122,122,1186,0.0,20.0,
781,CURRENT_RUN_REAL_DATA,True,99,99,0,0,0,0,98,0,92,0,98,98,98,1179,4.0,21.0,
782,CURRENT_RUN_REAL_DATA,True,106,106,0,0,0,10,95,10,0,2,105,105,105,1186,0.0,87.0,
783,CURRENT_RUN_REAL_DATA,True,103,103,0,0,0,47,55,47,0,2,102,102,102,1186,0.0,503.0,
784,CURRENT_RUN_REAL_DATA,True,100,100,0,0,0,0,99,0,79,0,99,99,99,1192,1.0,22.0,
785,CURRENT_RUN_REAL_DATA,True,99,99,0,0,0,0,98,0,78,0,98,98,98,1189,6.0,23.0,
786,CURRENT_RUN_REAL_DATA,True,99,99,0,0,0,0,98,0,89,0,98,98,98,1195,9.0,21.0,
787,CURRENT_RUN_REAL_DATA,True,100,100,0,0,0,0,99,0,78,0,99,99,99,1191,2.0,20.0,
788,CURRENT_RUN_REAL_DATA,True,99,99,0,0,0,0,98,0,79,0,98,98,98,1188,6.0,28.0,
789,CURRENT_RUN_REAL_DATA,True,99,99,0,0,0,0,98,0,78,0,98,98,98,1186,1.0,21.0,
790,CURRENT_RUN_REAL_DATA,True,100,100,0,0,0,2,97,2,22,2,99,99,99,1191,0.0,39.0,
791,CURRENT_RUN_REAL_DATA,True,100,100,0,0,0,2,97,2,0,3,99,99,99,1191,0.0,90.0,
792,CURRENT_RUN_REAL_DATA,True,99,99,0,0,0,0,98,0,78,0,98,98,98,1190,8.0,22.0,
793,CURRENT_RUN_REAL_DATA,True,97,97,0,0,0,0,96,0,1,0,96,96,96,1186,1.0,22.0,
794,CURRENT_RUN_REAL_DATA,True,97,97,0,0,0,0,96,0,74,1,96,96,96,1190,2.0,31.0,
795,CURRENT_RUN_REAL_DATA,True,100,100,0,0,0,0,99,0,89,0,99,99,99,1193,2.0,20.0,
796,CURRENT_RUN_REAL_DATA,True,131,131,0,0,0,9,121,9,16,2,130,130,130,1175,0.0,59.0,
797,CURRENT_RUN_REAL_DATA,True,103,103,0,0,0,0,102,0,7,0,102,102,102,1197,1.0,30.0,
798,CURRENT_RUN_REAL_DATA,True,109,109,0,0,0,41,67,41,0,1,108,108,108,1193,0.0,485.0,
799,CURRENT_RUN_REAL_DATA,True,86,86,0,0,0,0,85,0,81,2,85,85,85,1186,9.0,120.0,
800,CURRENT_RUN_REAL_DATA,True,93,93,0,0,0,1,91,1,63,1,92,92,92,1192,0.0,142.0,
801,CURRENT_RUN_REAL_DATA,True,98,98,0,0,0,0,97,0,75,0,97,97,97,1186,9.0,21.0,
802,CURRENT_RUN_REAL_DATA,True,108,108,0,0,0,1,106,0,61,0,107,107,107,1190,0.0,30.0,
803,CURRENT_RUN_REAL_DATA,True,88,88,0,0,0,0,87,0,71,0,87,87,87,1043,10.0,20.0,
804,CURRENT_RUN_REAL_DATA,True,102,102,0,0,0,6,95,1,61,1,101,101,101,1189,0.0,83.0,
805,CURRENT_RUN_REAL_DATA,True,100,100,0,0,0,0,99,0,92,0,99,99,99,1191,2.0,21.0,
806,CURRENT_RUN_REAL_DATA,True,81,81,0,0,0,45,35,2,72,7,80,80,80,1149,0.0,192.0,
807,CURRENT_RUN_REAL_DATA,True,98,98,0,0,0,0,97,0,87,0,97,97,97,1186,8.0,22.0,
808,CURRENT_RUN_REAL_DATA,True,100,100,0,0,0,0,99,0,78,0,99,99,99,1191,5.0,30.0,
809,CURRENT_RUN_REAL_DATA,True,101,101,0,0,0,4,96,2,50,2,100,100,100,1195,0.0,102.0,
810,CURRENT_RUN_REAL_DATA,True,98,98,0,0,0,0,97,0,76,0,97,97,97,1185,8.0,22.0,
811,CURRENT_RUN_REAL_DATA,True,114,114,0,0,0,6,107,6,1,1,113,113,113,1186,0.0,76.0,
812,CURRENT_RUN_REAL_DATA,True,107,107,0,0,0,3,103,2,8,0,106,106,106,1186,0.0,27.0,
813,CURRENT_RUN_REAL_DATA,True,108,108,0,0,0,1,106,1,34,0,107,107,107,1192,0.0,25.0,
814,CURRENT_RUN_REAL_DATA,True,92,92,0,0,0,2,89,0,69,1,91,91,91,1163,0.0,118.0,
815,CURRENT_RUN_REAL_DATA,True,105,105,0,0,0,13,91,13,7,5,104,104,104,1184,0.0,64.0,
816,CURRENT_RUN_REAL_DATA,True,100,100,0,0,0,0,99,0,78,0,99,99,99,1194,1.0,20.0,
817,CURRENT_RUN_REAL_DATA,True,99,99,0,0,0,1,97,0,93,0,98,98,98,1186,0.0,22.0,
818,CURRENT_RUN_REAL_DATA,True,42,42,0,0,0,0,41,0,40,0,41,41,41,490,10.0,20.0,
819,CURRENT_RUN_REAL_DATA,True,100,100,0,0,0,1,98,0,89,0,99,99,99,1190,0.0,22.0,
820,CURRENT_RUN_REAL_DATA,True,100,100,0,0,0,0,99,0,91,0,99,99,99,1194,1.0,20.0,
821,CURRENT_RUN_REAL_DATA,True,96,96,0,0,0,1,94,0,86,1,95,95,95,1186,0.0,53.0,
822,CURRENT_RUN_REAL_DATA,True,105,105,0,0,0,0,104,0,17,0,104,104,104,1193,1.0,21.0,
823,CURRENT_RUN_REAL_DATA,True,113,113,0,0,0,10,102,10,27,2,112,112,112,1191,0.0,50.0,
824,CURRENT_RUN_REAL_DATA,True,108,108,0,0,0,1,106,1,21,0,107,107,107,1186,0.0,30.0,
825,CURRENT_RUN_REAL_DATA,True,108,108,0,0,0,15,92,15,0,1,107,107,107,1186,0.0,91.0,
826,CURRENT_RUN_REAL_DATA,True,99,99,0,0,0,0,98,0,77,0,98,98,98,1194,10.0,20.0,
827,CURRENT_RUN_REAL_DATA,True,98,98,0,0,0,0,97,0,0,0,97,97,97,1189,7.0,23.0,
828,CURRENT_RUN_REAL_DATA,True,100,100,0,0,0,0,99,0,1,0,99,99,99,1191,5.0,21.0,
829,CURRENT_RUN_REAL_DATA,True,89,89,0,0,0,1,87,0,87,3,88,88,88,1188,0.0,60.0,
830,CURRENT_RUN_REAL_DATA,True,100,100,0,0,0,0,99,0,92,0,99,99,99,1191,2.0,20.0,
831,CURRENT_RUN_REAL_DATA,True,66,66,0,0,0,0,65,0,0,3,65,65,65,1182,9.0,353.0,
832,CURRENT_RUN_REAL_DATA,True,100,100,0,0,0,0,99,0,80,0,99,99,99,1189,1.0,24.0,
833,CURRENT_RUN_REAL_DATA,True,99,99,0,0,0,0,98,0,79,1,98,98,98,1191,5.0,31.0,
834,CURRENT_RUN_REAL_DATA,True,97,97,0,0,0,0,96,0,77,0,96,96,96,1186,9.0,30.0,
835,CURRENT_RUN_REAL_DATA,True,98,98,0,0,0,0,97,0,79,0,97,97,97,1186,9.0,21.0,
836,CURRENT_RUN_REAL_DATA,True,99,99,0,0,0,0,98,0,88,0,98,98,98,1190,9.0,21.0,
837,CURRENT_RUN_REAL_DATA,True,99,99,0,0,0,0,98,0,88,0,98,98,98,1191,9.0,20.0,
838,CURRENT_RUN_REAL_DATA,True,98,98,0,0,0,0,97,0,78,0,97,97,97,1170,4.0,20.0,
839,CURRENT_RUN_REAL_DATA,True,100,100,0,0,0,0,99,0,74,0,99,99,99,1191,3.0,20.0,
840,CURRENT_RUN_REAL_DATA,True,105,105,0,0,0,2,102,2,51,0,104,104,104,1191,0.0,30.0,
841,CURRENT_RUN_REAL_DATA,True,100,100,0,0,0,0,99,0,89,0,99,99,99,1192,1.0,21.0,
842,CURRENT_RUN_REAL_DATA,True,101,101,0,0,0,1,99,1,76,1,100,100,100,1184,0.0,31.0,
843,CURRENT_RUN_REAL_DATA,True,102,102,0,0,0,43,58,28,26,4,101,101,101,1177,0.0,442.0,
844,CURRENT_RUN_REAL_DATA,True,98,98,0,0,0,0,97,0,87,0,97,97,97,1190,10.0,30.0,
845,CURRENT_RUN_REAL_DATA,True,97,97,0,0,0,6,90,6,45,3,96,96,96,1190,0.0,100.0,
846,CURRENT_RUN_REAL_DATA,True,108,108,0,0,0,4,103,4,33,1,107,107,107,1194,0.0,42.0,
847,CURRENT_RUN_REAL_DATA,True,108,108,0,0,0,0,107,0,9,0,107,107,107,1194,1.0,25.0,
848,CURRENT_RUN_REAL_DATA,True,107,107,0,0,0,0,106,0,11,1,106,106,106,1191,1.0,31.0,
849,CURRENT_RUN_REAL_DATA,True,110,110,0,0,0,2,107,2,29,0,109,109,109,1191,0.0,26.0,
850,CURRENT_RUN_REAL_DATA,True,99,99,0,0,0,0,98,0,76,0,98,98,98,1189,6.0,22.0,
851,CURRENT_RUN_REAL_DATA,True,97,97,0,0,0,0,96,0,77,0,96,96,96,1186,10.0,30.0,
852,CURRENT_RUN_REAL_DATA,True,103,103,0,0,0,3,99,0,83,1,102,102,102,1190,0.0,42.0,
853,CURRENT_RUN_REAL_DATA,True,100,100,0,0,0,0,99,0,81,0,99,99,99,1190,5.0,20.0,
854,CURRENT_RUN_REAL_DATA,True,146,146,0,0,0,8,137,7,27,0,145,145,145,1189,0.0,24.0,
855,CURRENT_RUN_REAL_DATA,True,100,100,0,0,0,3,96,0,89,2,99,99,99,1194,0.0,44.0,
856,CURRENT_RUN_REAL_DATA,True,101,101,0,0,0,10,90,2,82,2,100,100,100,1180,0.0,45.0,
857,CURRENT_RUN_REAL_DATA,True,98,98,0,0,0,0,97,0,88,0,97,97,97,1184,5.0,21.0,
858,CURRENT_RUN_REAL_DATA,True,103,103,0,0,0,19,83,1,82,5,102,102,102,1195,0.0,43.0,
859,CURRENT_RUN_REAL_DATA,True,114,114,0,0,0,4,109,4,28,1,113,113,113,1192,0.0,41.0,
860,CURRENT_RUN_REAL_DATA,True,99,99,0,0,0,0,98,0,78,0,98,98,98,1190,6.0,30.0,
861,CURRENT_RUN_REAL_DATA,True,99,99,0,0,0,0,98,0,74,0,98,98,98,1191,5.0,30.0,
862,CURRENT_RUN_REAL_DATA,True,100,100,0,0,0,3,96,3,30,2,99,99,99,1196,0.0,36.0,
863,CURRENT_RUN_REAL_DATA,True,100,100,0,0,0,0,99,0,80,0,99,99,99,1190,6.0,20.0,
864,CURRENT_RUN_REAL_DATA,True,103,103,0,0,0,1,101,0,14,0,102,102,102,1186,0.0,30.0,
865,CURRENT_RUN_REAL_DATA,True,100,100,0,0,0,0,99,0,97,0,99,99,99,1191,2.0,21.0,
866,CURRENT_RUN_REAL_DATA,True,99,99,0,0,0,0,98,0,78,0,98,98,98,1187,5.0,27.0,
867,CURRENT_RUN_REAL_DATA,True,101,101,0,0,0,0,100,0,0,0,100,100,100,1187,2.0,30.0,
868,CURRENT_RUN_REAL_DATA,True,99,99,0,0,0,0,98,0,93,0,98,98,98,1187,6.0,30.0,
869,CURRENT_RUN_REAL_DATA,True,100,100,0,0,0,4,95,1,80,1,99,99,99,1194,0.0,62.0,
870,CURRENT_RUN_REAL_DATA,True,109,109,0,0,0,1,107,0,64,0,108,108,108,1190,0.0,30.0,
871,CURRENT_RUN_REAL_DATA,True,93,93,0,0,0,80,12,34,54,6,92,92,92,839,0.0,254.0,
872,CURRENT_RUN_REAL_DATA,True,99,99,0,0,0,0,98,0,42,0,98,98,98,1188,3.0,30.0,
873,CURRENT_RUN_REAL_DATA,True,103,103,0,0,0,4,98,0,49,1,102,102,102,1186,0.0,43.0,
874,CURRENT_RUN_REAL_DATA,True,100,100,0,0,0,0,99,0,1,0,99,99,99,1191,5.0,21.0,
875,CURRENT_RUN_REAL_DATA,True,99,99,0,0,0,0,98,0,88,0,98,98,98,1189,4.0,22.0,
876,CURRENT_RUN_REAL_DATA,True,101,101,0,0,0,16,84,16,5,7,100,100,100,1190,0.0,105.0,
877,CURRENT_RUN_REAL_DATA,True,99,99,0,0,0,0,98,0,92,0,98,98,98,1195,4.0,30.0,
878,CURRENT_RUN_REAL_DATA,True,23,23,0,0,0,0,22,0,0,0,22,22,22,264,10.0,20.0,
879,CURRENT_RUN_REAL_DATA,True,104,104,0,0,0,3,100,3,65,1,103,103,103,1192,0.0,37.0,
880,CURRENT_RUN_REAL_DATA,True,98,98,0,0,0,0,97,0,0,0,97,97,97,1195,9.0,30.0,
881,CURRENT_RUN_REAL_DATA,True,97,97,0,0,0,0,96,0,77,0,96,96,96,1186,9.0,27.0,
882,CURRENT_RUN_REAL_DATA,True,98,98,0,0,0,0,97,0,77,0,97,97,97,1195,10.0,30.0,
883,CURRENT_RUN_REAL_DATA,True,100,100,0,0,0,0,99,0,81,0,99,99,99,1194,1.0,21.0,
884,CURRENT_RUN_REAL_DATA,True,99,99,0,0,0,7,91,4,32,3,98,98,98,1192,0.0,159.0,
885,CURRENT_RUN_REAL_DATA,True,109,109,0,0,0,2,106,1,28,0,108,108,108,1191,0.0,25.0,
886,CURRENT_RUN_REAL_DATA,True,99,99,0,0,0,0,98,0,66,0,98,98,98,1194,9.0,21.0,
887,CURRENT_RUN_REAL_DATA,True,99,99,0,0,0,0,98,0,79,0,98,98,98,1191,9.0,21.0,
888,CURRENT_RUN_REAL_DATA,True,123,123,0,0,0,55,67,7,78,1,122,122,122,882,0.0,105.0,
889,CURRENT_RUN_REAL_DATA,True,118,118,0,0,0,2,115,2,28,0,117,117,117,1183,0.0,21.0,
890,CURRENT_RUN_REAL_DATA,True,132,132,0,0,0,49,82,33,25,2,131,131,131,783,0.0,58.0,
891,CURRENT_RUN_REAL_DATA,True,100,100,0,0,0,0,99,0,79,0,99,99,99,1191,2.0,20.0,
892,CURRENT_RUN_REAL_DATA,True,95,95,0,0,0,9,85,1,87,5,94,94,94,1177,0.0,70.0,
893,CURRENT_RUN_REAL_DATA,True,101,101,0,0,0,5,95,2,80,2,100,100,100,1191,0.0,64.0,
894,CURRENT_RUN_REAL_DATA,True,107,107,0,0,0,1,105,1,0,0,106,106,106,1189,0.0,30.0,
895,CURRENT_RUN_REAL_DATA,True,119,119,0,0,0,5,113,5,8,1,118,118,118,1188,0.0,31.0,
896,CURRENT_RUN_REAL_DATA,True,100,100,0,0,0,0,99,0,91,0,99,99,99,1191,3.0,21.0,
897,CURRENT_RUN_REAL_DATA,True,99,99,0,0,0,1,97,0,41,1,98,98,98,1186,0.0,90.0,
898,CURRENT_RUN_REAL_DATA,True,99,99,0,0,0,0,98,0,89,0,98,98,98,1190,1.0,22.0,
899,CURRENT_RUN_REAL_DATA,True,99,99,0,0,0,0,98,0,36,1,98,98,98,1189,1.0,40.0,
900,CURRENT_RUN_REAL_DATA,True,98,98,0,0,0,0,97,0,77,0,97,97,97,1186,8.0,22.0,
901,CURRENT_RUN_REAL_DATA,True,119,119,0,0,0,4,114,3,53,1,118,118,118,1191,0.0,96.0,
902,CURRENT_RUN_REAL_DATA,True,98,98,0,0,0,11,86,6,48,6,97,97,97,1156,0.0,81.0,
903,CURRENT_RUN_REAL_DATA,True,101,101,0,0,0,4,96,1,80,1,100,100,100,1152,0.0,41.0,
904,CURRENT_RUN_REAL_DATA,True,99,99,0,0,0,0,98,0,98,0,98,98,98,1195,9.0,20.0,
905,CURRENT_RUN_REAL_DATA,True,104,104,0,0,0,36,67,3,93,3,103,103,103,1179,0.0,260.0,
906,CURRENT_RUN_REAL_DATA,True,100,100,0,0,0,9,90,9,0,5,99,99,99,1167,0.0,51.0,
907,CURRENT_RUN_REAL_DATA,True,141,141,0,0,0,9,131,9,15,0,140,140,140,1192,0.0,24.0,
908,CURRENT_RUN_REAL_DATA,True,98,98,0,0,0,0,97,0,49,0,97,97,97,1191,9.0,30.0,
909,CURRENT_RUN_REAL_DATA,True,100,100,0,0,0,0,99,0,92,0,99,99,99,1190,4.0,20.0,
910,CURRENT_RUN_REAL_DATA,True,95,95,0,0,0,0,94,0,86,1,94,94,94,1187,6.0,31.0,
911,CURRENT_RUN_REAL_DATA,True,70,70,0,0,0,0,69,0,0,3,69,69,69,1191,9.0,150.0,
912,CURRENT_RUN_REAL_DATA,True,99,99,0,0,0,0,98,0,88,0,98,98,98,1188,7.0,28.0,
913,CURRENT_RUN_REAL_DATA,True,100,100,0,0,0,0,99,0,30,1,99,99,99,1189,4.0,31.0,
914,CURRENT_RUN_REAL_DATA,True,100,100,0,0,0,0,99,0,75,0,99,99,99,1192,2.0,20.0,
915,CURRENT_RUN_REAL_DATA,True,101,101,0,0,0,0,100,0,76,0,100,100,100,1195,3.0,21.0,
916,CURRENT_RUN_REAL_DATA,True,121,121,0,0,0,47,73,46,1,1,120,120,120,1166,0.0,429.0,
917,CURRENT_RUN_REAL_DATA,True,99,99,0,0,0,0,98,0,88,0,98,98,98,1190,9.0,21.0,
918,CURRENT_RUN_REAL_DATA,True,118,118,0,0,0,3,114,2,16,2,117,117,117,1192,0.0,83.0,
919,CURRENT_RUN_REAL_DATA,True,100,100,0,0,0,0,99,0,89,0,99,99,99,1191,7.0,30.0,
920,CURRENT_RUN_REAL_DATA,True,111,111,0,0,0,1,109,1,23,0,110,110,110,1172,0.0,29.0,
921,CURRENT_RUN_REAL_DATA,True,107,107,0,0,0,8,98,7,24,2,106,106,106,1181,0.0,46.0,
922,CURRENT_RUN_REAL_DATA,True,98,98,0,0,0,0,97,0,77,0,97,97,97,1195,10.0,30.0,
923,CURRENT_RUN_REAL_DATA,True,100,100,0,0,0,0,99,0,82,0,99,99,99,1191,4.0,20.0,
924,CURRENT_RUN_REAL_DATA,True,101,101,0,0,0,4,96,4,2,2,100,100,100,1190,0.0,50.0,
925,CURRENT_RUN_REAL_DATA,True,109,109,0,0,0,2,106,2,13,1,108,108,108,1180,0.0,39.0,
926,CURRENT_RUN_REAL_DATA,True,99,99,0,0,0,0,98,0,80,0,98,98,98,1188,7.0,28.0,
927,CURRENT_RUN_REAL_DATA,True,99,99,0,0,0,0,98,0,95,0,98,98,98,1187,5.0,30.0,
928,CURRENT_RUN_REAL_DATA,True,100,100,0,0,0,0,99,0,92,0,99,99,99,1190,3.0,20.0,
929,CURRENT_RUN_REAL_DATA,True,100,100,0,0,0,0,99,0,95,0,99,99,99,1192,3.0,21.0,
930,CURRENT_RUN_REAL_DATA,True,117,117,0,0,0,1,115,0,17,1,116,116,116,1191,0.0,42.0,
931,CURRENT_RUN_REAL_DATA,True,116,116,0,0,0,12,103,12,25,2,115,115,115,1186,0.0,130.0,
932,CURRENT_RUN_REAL_DATA,True,103,103,0,0,0,2,100,1,33,1,102,102,102,1194,0.0,105.0,
933,CURRENT_RUN_REAL_DATA,True,128,128,0,0,0,7,120,7,30,1,127,127,127,1189,0.0,41.0,
934,CURRENT_RUN_REAL_DATA,True,108,108,0,0,0,2,105,2,17,1,107,107,107,1190,0.0,31.0,
935,CURRENT_RUN_REAL_DATA,True,99,99,0,0,0,0,98,0,79,0,98,98,98,1191,9.0,21.0,
936,CURRENT_RUN_REAL_DATA,True,113,113,0,0,0,16,96,11,32,4,112,112,112,1196,0.0,107.0,
937,CURRENT_RUN_REAL_DATA,True,104,104,0,0,0,63,40,60,4,11,103,103,103,1156,0.0,120.0,
938,CURRENT_RUN_REAL_DATA,True,112,112,0,0,0,3,108,1,16,1,111,111,111,1188,0.0,43.0,
939,CURRENT_RUN_REAL_DATA,True,102,102,0,0,0,0,101,0,90,0,101,101,101,1192,1.0,21.0,
940,CURRENT_RUN_REAL_DATA,True,100,100,0,0,0,0,99,0,78,0,99,99,99,1195,2.0,20.0,
941,CURRENT_RUN_REAL_DATA,True,99,99,0,0,0,0,98,0,88,0,98,98,98,1191,3.0,29.0,
942,CURRENT_RUN_REAL_DATA,True,100,100,0,0,0,0,99,0,89,0,99,99,99,1191,1.0,20.0,
943,CURRENT_RUN_REAL_DATA,True,133,133,0,0,0,15,117,14,14,2,132,132,132,1189,0.0,80.0,
944,CURRENT_RUN_REAL_DATA,True,124,124,0,0,0,4,119,3,12,0,123,123,123,1195,0.0,26.0,
945,CURRENT_RUN_REAL_DATA,True,99,99,0,0,0,0,98,0,88,0,98,98,98,1191,9.0,21.0,
946,CURRENT_RUN_REAL_DATA,True,100,100,0,0,0,1,98,0,89,2,99,99,99,1195,0.0,54.0,
947,CURRENT_RUN_REAL_DATA,True,99,99,0,0,0,0,98,0,88,0,98,98,98,1188,7.0,28.0,
948,CURRENT_RUN_REAL_DATA,True,111,111,0,0,0,9,101,8,12,2,110,110,110,1179,0.0,61.0,
949,CURRENT_RUN_REAL_DATA,True,102,102,0,0,0,0,101,0,74,0,101,101,101,1194,4.0,21.0,
950,CURRENT_RUN_REAL_DATA,True,100,100,0,0,0,0,99,0,78,0,99,99,99,1191,4.0,22.0,
951,CURRENT_RUN_REAL_DATA,True,96,96,0,0,0,8,87,8,12,3,95,95,95,1187,0.0,130.0,
952,CURRENT_RUN_REAL_DATA,True,100,100,0,0,0,0,99,0,80,0,99,99,99,1186,5.0,21.0,
953,CURRENT_RUN_REAL_DATA,True,100,100,0,0,0,0,99,0,94,0,99,99,99,1190,5.0,21.0,
954,CURRENT_RUN_REAL_DATA,True,113,113,0,0,0,6,106,4,50,1,112,112,112,1191,0.0,36.0,
955,CURRENT_RUN_REAL_DATA,True,100,100,0,0,0,0,99,0,0,0,99,99,99,1191,5.0,21.0,
956,CURRENT_RUN_REAL_DATA,True,98,98,0,0,0,0,97,0,77,0,97,97,97,1188,9.0,28.0,
957,CURRENT_RUN_REAL_DATA,True,99,99,0,0,0,0,98,0,10,0,98,98,98,1193,2.0,30.0,
958,CURRENT_RUN_REAL_DATA,True,99,99,0,0,0,0,98,0,97,0,98,98,98,1194,9.0,20.0,
959,CURRENT_RUN_REAL_DATA,True,98,98,0,0,0,0,97,0,11,0,97,97,97,1188,4.0,30.0,
960,CURRENT_RUN_REAL_DATA,True,98,98,0,0,0,39,58,8,75,11,97,97,97,1165,0.0,152.0,
961,CURRENT_RUN_REAL_DATA,True,168,168,0,0,0,21,146,17,27,4,167,167,167,1175,0.0,52.0,
962,CURRENT_RUN_REAL_DATA,True,83,83,0,0,0,6,76,6,8,4,82,82,82,1088,0.0,146.0,
963,CURRENT_RUN_REAL_DATA,True,108,108,0,0,0,3,104,1,9,2,107,107,107,1181,0.0,52.0,
964,CURRENT_RUN_REAL_DATA,True,119,119,0,0,0,7,111,6,28,3,118,118,118,1191,0.0,49.0,
965,CURRENT_RUN_REAL_DATA,True,99,99,0,0,0,0,98,0,79,0,98,98,98,1190,7.0,30.0,
966,CURRENT_RUN_REAL_DATA,True,104,104,0,0,0,2,101,2,77,0,103,103,103,1195,0.0,28.0,
967,CURRENT_RUN_REAL_DATA,True,90,90,0,0,0,6,83,5,12,2,89,89,89,1049,0.0,51.0,
968,CURRENT_RUN_REAL_DATA,True,93,93,0,0,0,3,89,1,66,1,92,92,92,1186,0.0,130.0,
969,CURRENT_RUN_REAL_DATA,True,111,111,0,0,0,12,98,10,14,2,110,110,110,1183,0.0,102.0,
970,CURRENT_RUN_REAL_DATA,True,98,98,0,0,0,0,97,0,87,0,97,97,97,1186,8.0,22.0,
971,CURRENT_RUN_REAL_DATA,True,100,100,0,0,0,0,99,0,91,0,99,99,99,1191,5.0,20.0,
972,CURRENT_RUN_REAL_DATA,True,99,99,0,0,0,0,98,0,78,0,98,98,98,1186,1.0,21.0,
973,CURRENT_RUN_REAL_DATA,True,112,112,0,0,0,6,105,6,50,1,111,111,111,1191,0.0,41.0,
974,CURRENT_RUN_REAL_DATA,True,112,112,0,0,0,16,95,14,21,3,111,111,111,1162,0.0,92.0,
975,CURRENT_RUN_REAL_DATA,True,106,106,0,0,0,3,102,2,70,1,105,105,105,1169,0.0,31.0,
976,CURRENT_RUN_REAL_DATA,True,112,112,0,0,0,0,111,0,56,1,111,111,111,1190,1.0,31.0,
977,CURRENT_RUN_REAL_DATA,True,99,99,0,0,0,0,98,0,90,0,98,98,98,1188,7.0,28.0,
978,CURRENT_RUN_REAL_DATA,True,109,109,0,0,0,3,105,3,19,0,108,108,108,1192,0.0,30.0,
979,CURRENT_RUN_REAL_DATA,True,105,105,0,0,0,0,104,0,0,1,104,104,104,1191,1.0,34.0,
980,CURRENT_RUN_REAL_DATA,True,98,98,0,0,0,15,82,15,5,0,97,97,97,1188,0.0,30.0,
981,CURRENT_RUN_REAL_DATA,True,100,100,0,0,0,0,99,0,79,0,99,99,99,1191,5.0,20.0,
982,CURRENT_RUN_REAL_DATA,True,98,98,0,0,0,0,97,0,77,0,97,97,97,1190,9.0,30.0,
983,CURRENT_RUN_REAL_DATA,True,144,144,0,0,0,9,134,7,28,0,143,143,143,1194,0.0,28.0,
984,CURRENT_RUN_REAL_DATA,True,104,104,0,0,0,1,102,0,19,0,103,103,103,1197,0.0,22.0,
985,CURRENT_RUN_REAL_DATA,True,100,100,0,0,0,0,99,0,80,0,99,99,99,1190,1.0,22.0,
986,CURRENT_RUN_REAL_DATA,True,112,112,0,0,0,11,100,11,28,2,111,111,111,1175,0.0,57.0,
987,CURRENT_RUN_REAL_DATA,True,100,100,0,0,0,0,99,0,75,0,99,99,99,1186,3.0,21.0,
988,CURRENT_RUN_REAL_DATA,True,94,94,0,0,0,7,86,7,0,1,93,93,93,1077,0.0,53.0,
989,CURRENT_RUN_REAL_DATA,True,98,98,0,0,0,0,97,0,91,0,97,97,97,1195,9.0,30.0,
990,CURRENT_RUN_REAL_DATA,True,100,100,0,0,0,0,99,0,93,0,99,99,99,1191,2.0,21.0,
991,CURRENT_RUN_REAL_DATA,True,101,101,0,0,0,0,100,0,80,0,100,100,100,1195,1.0,22.0,
992,CURRENT_RUN_REAL_DATA,True,107,107,0,0,0,10,96,10,56,2,106,106,106,1187,0.0,91.0,
993,CURRENT_RUN_REAL_DATA,True,100,100,0,0,0,1,98,1,0,0,99,99,99,1194,0.0,20.0,
994,CURRENT_RUN_REAL_DATA,True,100,100,0,0,0,2,97,0,90,1,99,99,99,1191,0.0,57.0,
995,CURRENT_RUN_REAL_DATA,True,99,99,0,0,0,0,98,0,82,0,98,98,98,1194,8.0,20.0,
996,CURRENT_RUN_REAL_DATA,True,98,98,0,0,0,0,97,0,93,1,97,97,97,1190,5.0,31.0,
997,CURRENT_RUN_REAL_DATA,True,99,99,0,0,0,0,98,0,78,0,98,98,98,1195,9.0,21.0,
998,CURRENT_RUN_REAL_DATA,True,99,99,0,0,0,0,98,0,78,0,98,98,98,1195,9.0,21.0,
999,CURRENT_RUN_REAL_DATA,True,134,134,0,0,0,6,127,6,28,0,133,133,133,1190,0.0,25.0,
1000,CURRENT_RUN_REAL_DATA,True,94,94,0,0,0,1,92,1,8,6,93,93,93,1195,0.0,112.0,
1001,CURRENT_RUN_REAL_DATA,True,108,108,0,0,0,40,67,38,2,1,107,107,107,1189,0.0,485.0,
1002,CURRENT_RUN_REAL_DATA,True,100,100,0,0,0,0,99,0,98,0,99,99,99,1191,1.0,20.0,
1003,CURRENT_RUN_REAL_DATA,True,96,96,0,0,0,8,87,8,0,6,95,95,95,1172,0.0,63.0,
1004,CURRENT_RUN_REAL_DATA,True,99,99,0,0,0,0,98,0,1,0,98,98,98,1190,6.0,22.0,
1005,CURRENT_RUN_REAL_DATA,True,67,67,0,0,0,0,66,0,8,5,66,66,66,1193,1.0,220.0,
1006,CURRENT_RUN_REAL_DATA,True,98,98,0,0,0,0,97,0,88,0,97,97,97,1186,7.0,22.0,
1007,CURRENT_RUN_REAL_DATA,True,100,100,0,0,0,0,99,0,80,0,99,99,99,1191,3.0,21.0,
1008,CURRENT_RUN_REAL_DATA,True,102,102,0,0,0,4,97,1,44,1,101,101,101,1189,0.0,54.0,
1009,CURRENT_RUN_REAL_DATA,True,103,103,0,0,0,1,101,1,7,0,102,102,102,1187,0.0,30.0,
1010,CURRENT_RUN_REAL_DATA,True,100,100,0,0,0,0,99,0,94,0,99,99,99,1195,1.0,21.0,
1011,CURRENT_RUN_REAL_DATA,True,99,99,0,0,0,0,98,0,79,0,98,98,98,1188,6.0,28.0,
1012,CURRENT_RUN_REAL_DATA,True,99,99,0,0,0,0,98,0,0,0,98,98,98,1189,7.0,22.0,
1013,CURRENT_RUN_REAL_DATA,True,101,101,0,0,0,3,97,0,96,3,100,100,100,1190,0.0,41.0,
1014,CURRENT_RUN_REAL_DATA,True,100,100,0,0,0,0,99,0,0,0,99,99,99,1188,1.0,29.0,
1015,CURRENT_RUN_REAL_DATA,True,124,124,0,0,0,2,121,2,17,0,123,123,123,1193,0.0,21.0,
1016,CURRENT_RUN_REAL_DATA,True,103,103,0,0,0,14,88,11,53,5,102,102,102,1192,0.0,79.0,
1017,CURRENT_RUN_REAL_DATA,True,99,99,0,0,0,0,98,0,88,0,98,98,98,1190,9.0,20.0,
1018,CURRENT_RUN_REAL_DATA,True,85,85,0,0,0,0,84,0,58,3,84,84,84,1186,8.0,60.0,
1019,CURRENT_RUN_REAL_DATA,True,98,98,0,0,0,0,97,0,87,0,97,97,97,1193,2.0,30.0,
1020,CURRENT_RUN_REAL_DATA,True,97,97,0,0,0,4,92,0,77,1,96,96,96,1195,0.0,62.0,
1021,CURRENT_RUN_REAL_DATA,True,100,100,0,0,0,0,99,0,95,0,99,99,99,1193,2.0,20.0,
1022,CURRENT_RUN_REAL_DATA,True,107,107,0,0,0,1,105,1,0,0,106,106,106,1185,0.0,30.0,
1023,CURRENT_RUN_REAL_DATA,True,100,100,0,0,0,0,99,0,79,0,99,99,99,1191,4.0,20.0,
1024,CURRENT_RUN_REAL_DATA,True,99,99,0,0,0,0,98,0,95,0,98,98,98,1190,9.0,20.0,
1025,CURRENT_RUN_REAL_DATA,True,110,110,0,0,0,1,108,1,24,1,109,109,109,1189,0.0,31.0,
1026,CURRENT_RUN_REAL_DATA,True,99,99,0,0,0,0,98,0,78,0,98,98,98,1195,10.0,20.0,
1027,CURRENT_RUN_REAL_DATA,True,86,86,0,0,0,31,54,31,0,4,85,85,85,1182,0.0,479.0,
1028,CURRENT_RUN_REAL_DATA,True,95,95,0,0,0,0,94,0,77,1,94,94,94,1191,4.0,80.0,
1029,CURRENT_RUN_REAL_DATA,True,100,100,0,0,0,0,99,0,1,0,99,99,99,1194,1.0,20.0,
1030,CURRENT_RUN_REAL_DATA,True,141,141,0,0,0,8,132,8,20,1,140,140,140,1195,0.0,32.0,
1031,CURRENT_RUN_REAL_DATA,True,100,100,0,0,0,1,98,1,34,0,99,99,99,1186,0.0,29.0,
1032,CURRENT_RUN_REAL_DATA,True,99,99,0,0,0,2,96,2,11,1,98,98,98,1186,0.0,44.0,
1033,CURRENT_RUN_REAL_DATA,True,117,117,0,0,0,0,116,0,18,0,116,116,116,1188,1.0,30.0,
1034,CURRENT_RUN_REAL_DATA,True,99,99,0,0,0,2,96,1,78,1,98,98,98,1190,0.0,38.0,
1035,CURRENT_RUN_REAL_DATA,True,111,111,0,0,0,9,101,9,7,3,110,110,110,1191,0.0,60.0,
1036,CURRENT_RUN_REAL_DATA,True,99,99,0,0,0,2,96,2,13,1,98,98,98,1185,0.0,37.0,
1037,CURRENT_RUN_REAL_DATA,True,104,104,0,0,0,0,103,0,34,0,103,103,103,1191,1.0,27.0,
1038,CURRENT_RUN_REAL_DATA,True,32,32,0,0,0,30,1,11,20,0,31,31,31,2,0.0,2.0,
1039,CURRENT_RUN_REAL_DATA,True,99,99,0,0,0,1,97,0,30,3,98,98,98,1182,0.0,58.0,
1040,CURRENT_RUN_REAL_DATA,True,100,100,0,0,0,0,99,0,80,0,99,99,99,1191,6.0,21.0,
1041,CURRENT_RUN_REAL_DATA,True,102,102,0,0,0,30,71,3,91,7,101,101,101,1177,0.0,128.0,
1042,CURRENT_RUN_REAL_DATA,True,100,100,0,0,0,0,99,0,80,0,99,99,99,1194,1.0,20.0,
1043,CURRENT_RUN_REAL_DATA,True,20,20,0,0,0,0,19,0,16,0,19,19,19,231,10.0,20.0,
1044,CURRENT_RUN_REAL_DATA,True,106,106,0,0,0,14,91,14,2,2,105,105,105,1191,0.0,104.0,
1045,CURRENT_RUN_REAL_DATA,True,106,106,0,0,0,1,104,1,31,0,105,105,105,1195,0.0,27.0,
1046,CURRENT_RUN_REAL_DATA,True,102,102,0,0,0,18,83,18,0,1,101,101,101,1004,0.0,62.0,
1047,CURRENT_RUN_REAL_DATA,True,99,99,0,0,0,0,98,0,90,0,98,98,98,1194,10.0,21.0,
1048,CURRENT_RUN_REAL_DATA,True,102,102,0,0,0,2,99,2,0,2,101,101,101,1189,0.0,60.0,
1049,CURRENT_RUN_REAL_DATA,True,99,99,0,0,0,0,98,0,90,0,98,98,98,1190,7.0,20.0,
1050,CURRENT_RUN_REAL_DATA,True,99,99,0,0,0,0,98,0,1,0,98,98,98,1190,9.0,21.0,
1051,CURRENT_RUN_REAL_DATA,True,98,98,0,0,0,0,97,0,4,0,97,97,97,1195,10.0,30.0,
1052,CURRENT_RUN_REAL_DATA,True,102,102,0,0,0,10,91,9,59,1,101,101,101,1166,0.0,89.0,
1053,CURRENT_RUN_REAL_DATA,True,99,99,0,0,0,0,98,0,73,0,98,98,98,1190,8.0,22.0,
1054,CURRENT_RUN_REAL_DATA,True,100,100,0,0,0,0,99,0,80,0,99,99,99,1194,1.0,21.0,
1055,CURRENT_RUN_REAL_DATA,True,98,98,0,0,0,0,97,0,76,0,97,97,97,1191,9.0,28.0,
1056,CURRENT_RUN_REAL_DATA,True,98,98,0,0,0,0,97,0,0,0,97,97,97,1186,9.0,21.0,
1057,CURRENT_RUN_REAL_DATA,True,104,104,0,0,0,2,101,2,39,0,103,103,103,1186,0.0,30.0,
1058,CURRENT_RUN_REAL_DATA,True,97,97,0,0,0,0,96,0,0,3,96,96,96,1189,4.0,34.0,
1059,CURRENT_RUN_REAL_DATA,True,178,178,0,0,0,104,73,76,39,2,177,177,177,790,0.0,38.0,
1060,CURRENT_RUN_REAL_DATA,True,100,100,0,0,0,0,99,0,81,0,99,99,99,1191,4.0,22.0,
1061,CURRENT_RUN_REAL_DATA,True,98,98,0,0,0,2,95,0,77,2,97,97,97,1194,0.0,43.0,
1062,CURRENT_RUN_REAL_DATA,True,100,100,0,0,0,0,99,0,95,0,99,99,99,1191,7.0,21.0,
1063,CURRENT_RUN_REAL_DATA,True,99,99,0,0,0,0,98,0,78,0,98,98,98,1191,10.0,20.0,
1064,CURRENT_RUN_REAL_DATA,True,97,97,0,0,0,29,67,14,26,0,96,96,96,761,0.0,25.0,
1065,CURRENT_RUN_REAL_DATA,True,151,151,0,0,0,36,114,32,19,6,150,150,150,1190,0.0,44.0,
1066,CURRENT_RUN_REAL_DATA,True,113,113,0,0,0,43,69,42,12,6,112,112,112,1113,0.0,160.0,
1067,CURRENT_RUN_REAL_DATA,True,107,107,0,0,0,4,102,4,20,1,106,106,106,1188,0.0,32.0,
1068,CURRENT_RUN_REAL_DATA,True,100,100,0,0,0,0,99,0,99,0,99,99,99,1194,1.0,20.0,
1069,CURRENT_RUN_REAL_DATA,True,129,129,0,0,0,5,123,4,15,0,128,128,128,1186,0.0,29.0,
1070,CURRENT_RUN_REAL_DATA,True,99,99,0,0,0,0,98,0,79,0,98,98,98,1190,5.0,30.0,
1071,CURRENT_RUN_REAL_DATA,True,106,106,0,0,0,3,102,3,71,1,105,105,105,1194,0.0,35.0,
1072,CURRENT_RUN_REAL_DATA,True,98,98,0,0,0,2,95,1,87,1,97,97,97,1186,0.0,46.0,
1073,CURRENT_RUN_REAL_DATA,True,107,107,0,0,0,20,86,20,11,5,106,106,106,1189,0.0,70.0,
1074,CURRENT_RUN_REAL_DATA,True,99,99,0,0,0,0,98,0,91,0,98,98,98,1188,7.0,28.0,
1075,CURRENT_RUN_REAL_DATA,True,97,97,0,0,0,3,93,1,60,1,96,96,96,1195,0.0,109.0,
1076,CURRENT_RUN_REAL_DATA,True,58,58,0,0,0,0,57,0,0,1,57,57,57,1021,1.0,352.0,
1077,CURRENT_RUN_REAL_DATA,True,102,102,0,0,0,2,99,2,46,1,101,101,101,1186,0.0,33.0,
1078,CURRENT_RUN_REAL_DATA,True,136,136,0,0,0,9,126,7,15,1,135,135,135,1190,0.0,40.0,
1079,CURRENT_RUN_REAL_DATA,True,113,113,0,0,0,5,107,4,20,1,112,112,112,1194,0.0,38.0,
1080,CURRENT_RUN_REAL_DATA,True,98,98,0,0,0,0,97,0,77,0,97,97,97,1184,7.0,23.0,
1081,CURRENT_RUN_REAL_DATA,True,98,98,0,0,0,0,97,0,91,0,97,97,97,1195,9.0,30.0,
1082,CURRENT_RUN_REAL_DATA,True,118,118,0,0,0,3,114,3,20,2,117,117,117,1195,0.0,48.0,
1083,CURRENT_RUN_REAL_DATA,True,105,105,0,0,0,6,98,4,26,2,104,104,104,1190,0.0,44.0,
1084,CURRENT_RUN_REAL_DATA,True,101,101,0,0,0,0,100,0,75,0,100,100,100,1186,2.0,28.0,
1085,CURRENT_RUN_REAL_DATA,True,104,104,0,0,0,8,95,8,32,1,103,103,103,1152,0.0,46.0,
1086,CURRENT_RUN_REAL_DATA,True,99,99,0,0,0,0,98,0,92,0,98,98,98,1192,9.0,22.0,
1087,CURRENT_RUN_REAL_DATA,True,106,106,0,0,0,2,103,0,7,0,105,105,105,1186,0.0,30.0,
1088,CURRENT_RUN_REAL_DATA,True,102,102,0,0,0,1,100,0,91,0,101,101,101,1197,0.0,20.0,
1089,CURRENT_RUN_REAL_DATA,True,99,99,0,0,0,0,98,0,79,0,98,98,98,1188,8.0,29.0,
1090,CURRENT_RUN_REAL_DATA,True,102,102,0,0,0,0,101,0,68,0,101,101,101,1193,1.0,21.0,
1091,CURRENT_RUN_REAL_DATA,True,99,99,0,0,0,0,98,0,88,0,98,98,98,1195,9.0,21.0,
1092,CURRENT_RUN_REAL_DATA,True,99,99,0,0,0,10,88,9,10,3,98,98,98,1186,0.0,82.0,
1093,CURRENT_RUN_REAL_DATA,True,99,99,0,0,0,0,98,0,88,0,98,98,98,1189,7.0,23.0,
1094,CURRENT_RUN_REAL_DATA,True,100,100,0,0,0,0,99,0,96,0,99,99,99,1191,3.0,20.0,
1095,CURRENT_RUN_REAL_DATA,True,99,99,0,0,0,1,97,0,89,0,98,98,98,1194,0.0,30.0,
1096,CURRENT_RUN_REAL_DATA,True,115,115,0,0,0,11,103,11,0,2,114,114,114,1186,0.0,48.0,
1097,CURRENT_RUN_REAL_DATA,True,99,99,0,0,0,0,98,0,78,0,98,98,98,1191,4.0,30.0,
1098,CURRENT_RUN_REAL_DATA,True,116,116,0,0,0,7,108,7,14,0,115,115,115,1189,0.0,28.0,
1099,CURRENT_RUN_REAL_DATA,True,98,98,0,0,0,6,91,0,91,2,97,97,97,1194,0.0,74.0,
1100,CURRENT_RUN_REAL_DATA,True,115,115,0,0,0,6,108,6,23,3,114,114,114,1169,0.0,49.0,
1101,CURRENT_RUN_REAL_DATA,True,100,100,0,0,0,0,99,0,94,0,99,99,99,1195,3.0,21.0,
1102,CURRENT_RUN_REAL_DATA,True,101,101,0,0,0,4,96,4,0,3,100,100,100,1190,0.0,38.0,
1103,CURRENT_RUN_REAL_DATA,True,93,93,0,0,0,1,91,1,0,2,92,92,92,1193,0.0,88.0,
1104,CURRENT_RUN_REAL_DATA,True,106,106,0,0,0,4,101,4,0,1,105,105,105,1193,0.0,52.0,
1105,CURRENT_RUN_REAL_DATA,True,100,100,0,0,0,0,99,0,89,0,99,99,99,1186,1.0,28.0,
1106,CURRENT_RUN_REAL_DATA,True,100,100,0,0,0,0,99,0,0,0,99,99,99,1191,5.0,20.0,
1107,CURRENT_RUN_REAL_DATA,True,99,99,0,0,0,0,98,0,88,0,98,98,98,1188,7.0,28.0,
1108,CURRENT_RUN_REAL_DATA,True,100,100,0,0,0,0,99,0,76,0,99,99,99,1188,5.0,21.0,
1109,CURRENT_RUN_REAL_DATA,True,94,94,0,0,0,5,88,5,52,2,93,93,93,1195,0.0,118.0,
1110,CURRENT_RUN_REAL_DATA,True,100,100,0,0,0,0,99,0,79,0,99,99,99,1194,1.0,20.0,
1111,CURRENT_RUN_REAL_DATA,True,105,105,0,0,0,3,101,3,31,0,104,104,104,1179,0.0,30.0,
1112,CURRENT_RUN_REAL_DATA,True,107,107,0,0,0,2,104,2,14,1,106,106,106,1195,0.0,41.0,
1113,CURRENT_RUN_REAL_DATA,True,100,100,0,0,0,0,99,0,79,0,99,99,99,1193,3.0,21.0,
1114,CURRENT_RUN_REAL_DATA,True,97,97,0,0,0,0,96,0,74,0,96,96,96,1187,3.0,30.0,
1115,CURRENT_RUN_REAL_DATA,True,146,146,0,0,0,113,32,96,20,2,145,145,145,406,0.0,55.0,
1116,CURRENT_RUN_REAL_DATA,True,77,77,0,0,0,40,36,3,66,7,76,76,76,1155,0.0,534.0,
1117,CURRENT_RUN_REAL_DATA,True,101,101,0,0,0,0,100,0,9,0,100,100,100,1191,2.0,23.0,
1118,CURRENT_RUN_REAL_DATA,True,98,98,0,0,0,0,97,0,87,0,97,97,97,1181,8.0,21.0,
1119,CURRENT_RUN_REAL_DATA,True,100,100,0,0,0,0,99,0,79,0,99,99,99,1193,1.0,20.0,
1120,CURRENT_RUN_REAL_DATA,True,100,100,0,0,0,0,99,0,90,0,99,99,99,1193,5.0,30.0,
1121,CURRENT_RUN_REAL_DATA,True,104,104,0,0,0,1,102,1,28,1,103,103,103,1195,0.0,45.0,
1122,CURRENT_RUN_REAL_DATA,True,117,117,0,0,0,3,113,2,27,0,116,116,116,1186,0.0,25.0,
1123,CURRENT_RUN_REAL_DATA,True,100,100,0,0,0,0,99,0,79,0,99,99,99,1191,6.0,22.0,
1124,CURRENT_RUN_REAL_DATA,True,100,100,0,0,0,17,82,17,12,3,99,99,99,1191,0.0,163.0,
1125,CURRENT_RUN_REAL_DATA,True,100,100,0,0,0,4,95,0,93,1,99,99,99,1195,0.0,59.0,
1126,CURRENT_RUN_REAL_DATA,True,99,99,0,0,0,0,98,0,78,0,98,98,98,1180,4.0,21.0,
1127,CURRENT_RUN_REAL_DATA,True,101,101,0,0,0,1,99,0,97,0,100,100,100,1197,0.0,20.0,
1128,CURRENT_RUN_REAL_DATA,True,99,99,0,0,0,0,98,0,98,0,98,98,98,1191,6.0,30.0,
1129,CURRENT_RUN_REAL_DATA,True,177,177,0,0,0,121,55,87,40,4,176,176,176,825,0.0,221.0,
1130,CURRENT_RUN_REAL_DATA,True,79,79,0,0,0,0,78,0,13,0,78,78,78,924,2.0,22.0,
1131,CURRENT_RUN_REAL_DATA,True,99,99,0,0,0,0,98,0,96,0,98,98,98,1188,6.0,28.0,
1132,CURRENT_RUN_REAL_DATA,True,100,100,0,0,0,0,99,0,12,0,99,99,99,1187,6.0,21.0,
1133,CURRENT_RUN_REAL_DATA,True,118,118,0,0,0,6,111,6,38,1,117,117,117,1186,0.0,37.0,
1134,CURRENT_RUN_REAL_DATA,True,110,110,0,0,0,11,98,11,18,5,109,109,109,1187,0.0,53.0,
1135,CURRENT_RUN_REAL_DATA,True,102,102,0,0,0,0,101,0,79,0,101,101,101,1186,1.0,30.0,
1136,CURRENT_RUN_REAL_DATA,True,104,104,0,0,0,0,103,0,41,0,103,103,103,1182,1.0,23.0,
1137,CURRENT_RUN_REAL_DATA,True,99,99,0,0,0,0,98,0,79,0,98,98,98,1186,1.0,21.0,
1138,CURRENT_RUN_REAL_DATA,True,100,100,0,0,0,0,99,0,89,0,99,99,99,1194,1.0,20.0,
1139,CURRENT_RUN_REAL_DATA,True,99,99,0,0,0,0,98,0,62,0,98,98,98,1187,9.0,27.0,
1140,CURRENT_RUN_REAL_DATA,True,100,100,0,0,0,0,99,0,79,0,99,99,99,1192,2.0,21.0,
1141,CURRENT_RUN_REAL_DATA,True,106,106,0,0,0,6,99,6,40,3,105,105,105,1186,0.0,42.0,
1142,CURRENT_RUN_REAL_DATA,True,99,99,0,0,0,0,98,0,88,0,98,98,98,1180,5.0,21.0,
1143,CURRENT_RUN_REAL_DATA,True,105,105,0,0,0,3,101,3,18,1,104,104,104,1196,0.0,32.0,
1144,CURRENT_RUN_REAL_DATA,True,112,112,0,0,0,47,64,45,50,0,111,111,111,740,0.0,20.0,
1145,CURRENT_RUN_REAL_DATA,True,100,100,0,0,0,0,99,0,80,0,99,99,99,1191,3.0,21.0,
1146,CURRENT_RUN_REAL_DATA,True,100,100,0,0,0,0,99,0,79,0,99,99,99,1191,5.0,21.0,
1147,CURRENT_RUN_REAL_DATA,True,97,97,0,0,0,3,93,1,78,1,96,96,96,1191,0.0,86.0,
1148,CURRENT_RUN_REAL_DATA,True,117,117,0,0,0,3,113,3,29,0,116,116,116,1176,0.0,30.0,
1149,CURRENT_RUN_REAL_DATA,True,99,99,0,0,0,1,97,0,88,0,98,98,98,1186,0.0,22.0,
1150,CURRENT_RUN_REAL_DATA,True,108,108,0,0,0,3,104,2,14,1,107,107,107,1191,0.0,33.0,
1151,CURRENT_RUN_REAL_DATA,True,99,99,0,0,0,0,98,0,5,0,98,98,98,1190,4.0,30.0,
1152,CURRENT_RUN_REAL_DATA,True,85,85,0,0,0,12,72,12,7,6,84,84,84,1192,0.0,135.0,
1153,CURRENT_RUN_REAL_DATA,True,119,119,0,0,0,0,118,0,25,0,118,118,118,1080,1.0,30.0,
1154,CURRENT_RUN_REAL_DATA,True,102,102,0,0,0,5,96,1,81,0,101,101,101,1150,0.0,22.0,
1155,CURRENT_RUN_REAL_DATA,True,95,95,0,0,0,4,90,4,20,1,94,94,94,1196,0.0,168.0,
1156,CURRENT_RUN_REAL_DATA,True,26,26,0,0,0,0,25,0,17,0,25,25,25,299,1.0,21.0,
1157,CURRENT_RUN_REAL_DATA,True,108,108,0,0,0,31,76,7,88,11,107,107,107,1180,0.0,62.0,
1158,CURRENT_RUN_REAL_DATA,True,99,99,0,0,0,0,98,0,78,0,98,98,98,1195,8.0,21.0,
1159,CURRENT_RUN_REAL_DATA,True,100,100,0,0,0,0,99,0,89,0,99,99,99,1191,3.0,20.0,
1160,CURRENT_RUN_REAL_DATA,True,93,93,0,0,0,1,91,1,8,1,92,92,92,1089,0.0,37.0,
1161,CURRENT_RUN_REAL_DATA,True,98,98,0,0,0,0,97,0,92,0,97,97,97,1183,8.0,23.0,
1162,CURRENT_RUN_REAL_DATA,True,100,100,0,0,0,0,99,0,90,0,99,99,99,1190,3.0,21.0,
1163,CURRENT_RUN_REAL_DATA,True,100,100,0,0,0,0,99,0,89,0,99,99,99,1191,4.0,20.0,
1164,CURRENT_RUN_REAL_DATA,True,99,99,0,0,0,3,95,0,88,1,98,98,98,1186,0.0,45.0,
1165,CURRENT_RUN_REAL_DATA,True,110,110,0,0,0,3,106,3,42,1,109,109,109,1186,0.0,41.0,
1166,CURRENT_RUN_REAL_DATA,True,100,100,0,0,0,0,99,0,1,0,99,99,99,1190,1.0,20.0,
1167,CURRENT_RUN_REAL_DATA,True,99,99,0,0,0,0,98,0,89,0,98,98,98,1195,9.0,21.0,
1168,CURRENT_RUN_REAL_DATA,True,105,105,0,0,0,0,104,0,33,0,104,104,104,1196,1.0,29.0,
1169,CURRENT_RUN_REAL_DATA,True,97,97,0,0,0,32,64,3,86,11,96,96,96,1163,0.0,52.0,
1170,CURRENT_RUN_REAL_DATA,True,100,100,0,0,0,0,99,0,98,0,99,99,99,1192,2.0,21.0,
1171,CURRENT_RUN_REAL_DATA,True,100,100,0,0,0,26,73,0,98,8,99,99,99,1179,0.0,87.0,
1172,CURRENT_RUN_REAL_DATA,True,100,100,0,0,0,0,99,0,97,0,99,99,99,1191,4.0,20.0,
1173,CURRENT_RUN_REAL_DATA,True,99,99,0,0,0,0,98,0,88,0,98,98,98,1191,9.0,21.0,
1174,CURRENT_RUN_REAL_DATA,True,101,101,0,0,0,1,99,0,97,0,100,100,100,1191,0.0,20.0,
1175,CURRENT_RUN_REAL_DATA,True,100,100,0,0,0,1,98,0,93,0,99,99,99,1195,0.0,21.0,
1176,CURRENT_RUN_REAL_DATA,True,99,99,0,0,0,0,98,0,78,0,98,98,98,1194,2.0,21.0,
1177,CURRENT_RUN_REAL_DATA,True,100,100,0,0,0,0,99,0,80,0,99,99,99,1189,1.0,22.0,
1178,CURRENT_RUN_REAL_DATA,True,101,101,0,0,0,0,100,0,10,0,100,100,100,1193,2.0,30.0,
1179,CURRENT_RUN_REAL_DATA,True,139,139,0,0,0,6,132,6,49,0,138,138,138,1194,0.0,21.0,
1180,CURRENT_RUN_REAL_DATA,True,99,99,0,0,0,0,98,0,88,0,98,98,98,1188,7.0,28.0,
1181,CURRENT_RUN_REAL_DATA,True,111,111,0,0,0,0,110,0,28,0,110,110,110,1195,1.0,26.0,
1182,CURRENT_RUN_REAL_DATA,True,161,161,0,0,0,14,146,14,2,2,160,160,160,1191,0.0,89.0,
1183,CURRENT_RUN_REAL_DATA,True,99,99,0,0,0,0,98,0,78,0,98,98,98,1188,3.0,29.0,
1184,CURRENT_RUN_REAL_DATA,True,99,99,0,0,0,0,98,0,88,0,98,98,98,1194,8.0,21.0,
1185,CURRENT_RUN_REAL_DATA,True,111,111,0,0,0,4,106,4,3,1,110,110,110,1190,0.0,39.0,
1186,CURRENT_RUN_REAL_DATA,True,100,100,0,0,0,0,99,0,77,0,99,99,99,1186,6.0,20.0,
1187,CURRENT_RUN_REAL_DATA,True,100,100,0,0,0,0,99,0,89,0,99,99,99,1190,2.0,21.0,
1188,CURRENT_RUN_REAL_DATA,True,99,99,0,0,0,0,98,0,88,0,98,98,98,1188,6.0,28.0,
1189,CURRENT_RUN_REAL_DATA,True,99,99,0,0,0,3,95,0,89,3,98,98,98,1192,0.0,40.0,
1190,CURRENT_RUN_REAL_DATA,True,109,109,0,0,0,7,101,7,10,2,108,108,108,1190,0.0,43.0,
1191,CURRENT_RUN_REAL_DATA,True,102,102,0,0,0,0,101,0,76,0,101,101,101,1188,1.0,30.0,
1192,CURRENT_RUN_REAL_DATA,True,100,100,0,0,0,0,99,0,80,0,99,99,99,1195,1.0,22.0,
1193,CURRENT_RUN_REAL_DATA,True,99,99,0,0,0,0,98,0,91,0,98,98,98,1191,10.0,21.0,
1194,CURRENT_RUN_REAL_DATA,True,100,100,0,0,0,0,99,0,89,0,99,99,99,1190,3.0,21.0,
1195,CURRENT_RUN_REAL_DATA,True,120,120,0,0,0,24,95,24,6,1,119,119,119,1048,0.0,31.0,
1196,CURRENT_RUN_REAL_DATA,True,100,100,0,0,0,0,99,0,80,0,99,99,99,1194,1.0,20.0,
1197,CURRENT_RUN_REAL_DATA,True,98,98,0,0,0,0,97,0,77,0,97,97,97,1195,10.0,30.0,
1198,CURRENT_RUN_REAL_DATA,True,110,110,0,0,0,72,37,72,0,11,109,109,109,1109,0.0,155.0,
1199,CURRENT_RUN_REAL_DATA,True,99,99,0,0,0,0,98,0,88,0,98,98,98,1188,7.0,28.0,
1200,CURRENT_RUN_REAL_DATA,True,50,50,0,0,0,0,49,0,44,0,49,49,49,591,9.0,21.0,
1201,CURRENT_RUN_REAL_DATA,True,124,124,0,0,0,48,75,39,42,0,123,123,123,822,0.0,22.0,
1202,CURRENT_RUN_REAL_DATA,True,99,99,0,0,0,1,97,0,88,2,98,98,98,1190,0.0,33.0,
1203,CURRENT_RUN_REAL_DATA,True,143,143,0,0,0,44,98,42,4,0,142,142,142,1065,0.0,29.0,
1204,CURRENT_RUN_REAL_DATA,True,101,101,0,0,0,1,99,0,78,0,100,100,100,1196,0.0,24.0,
1205,CURRENT_RUN_REAL_DATA,True,100,100,0,0,0,0,99,0,90,0,99,99,99,1191,4.0,21.0,
1206,CURRENT_RUN_REAL_DATA,True,119,119,0,0,0,4,114,4,14,1,118,118,118,1190,0.0,55.0,
1207,CURRENT_RUN_REAL_DATA,True,99,99,0,0,0,0,98,0,78,0,98,98,98,1190,7.0,30.0,
1208,CURRENT_RUN_REAL_DATA,True,108,108,0,0,0,11,96,11,0,3,107,107,107,1163,0.0,56.0,
1209,CURRENT_RUN_REAL_DATA,True,107,107,0,0,0,0,106,0,36,0,106,106,106,1186,1.0,30.0,
1210,CURRENT_RUN_REAL_DATA,True,99,99,0,0,0,0,98,0,84,0,98,98,98,1194,9.0,21.0,
1211,CURRENT_RUN_REAL_DATA,True,113,113,0,0,0,12,100,10,28,2,112,112,112,1180,0.0,72.0,
1212,CURRENT_RUN_REAL_DATA,True,100,100,0,0,0,0,99,0,77,0,99,99,99,1194,1.0,21.0,
1213,CURRENT_RUN_REAL_DATA,True,100,100,0,0,0,0,99,0,98,0,99,99,99,1191,3.0,21.0,
1214,CURRENT_RUN_REAL_DATA,True,107,107,0,0,0,10,96,10,38,2,106,106,106,1189,0.0,78.0,
1215,CURRENT_RUN_REAL_DATA,True,98,98,0,0,0,0,97,0,88,0,97,97,97,1186,9.0,21.0,
1216,CURRENT_RUN_REAL_DATA,True,146,146,0,0,0,13,132,13,19,1,145,145,145,1194,0.0,92.0,
1217,CURRENT_RUN_REAL_DATA,True,107,107,0,0,0,1,105,1,34,0,106,106,106,1195,0.0,21.0,
1218,CURRENT_RUN_REAL_DATA,True,106,106,0,0,0,15,90,3,85,5,105,105,105,1192,0.0,52.0,
1219,CURRENT_RUN_REAL_DATA,True,102,102,0,0,0,3,98,3,0,2,101,101,101,1195,0.0,41.0,
1220,CURRENT_RUN_REAL_DATA,True,101,101,0,0,0,5,95,0,92,1,100,100,100,1194,0.0,43.0,
1221,CURRENT_RUN_REAL_DATA,True,100,100,0,0,0,0,99,0,2,0,99,99,99,1190,2.0,20.0,
1222,CURRENT_RUN_REAL_DATA,True,84,84,0,0,0,1,82,1,20,1,83,83,83,1190,0.0,321.0,
1223,CURRENT_RUN_REAL_DATA,True,112,112,0,0,0,9,102,8,16,1,111,111,111,1186,0.0,56.0,
1224,CURRENT_RUN_REAL_DATA,True,98,98,0,0,0,0,97,0,87,0,97,97,97,1179,8.0,22.0,
1225,CURRENT_RUN_REAL_DATA,True,91,91,0,0,0,7,83,1,42,2,90,90,90,1159,0.0,166.0,
1226,CURRENT_RUN_REAL_DATA,True,100,100,0,0,0,1,98,1,10,4,99,99,99,1195,0.0,34.0,
1227,CURRENT_RUN_REAL_DATA,True,102,102,0,0,0,5,96,5,33,1,101,101,101,1186,0.0,41.0,
1228,CURRENT_RUN_REAL_DATA,True,100,100,0,0,0,0,99,0,75,0,99,99,99,1193,6.0,20.0,
1229,CURRENT_RUN_REAL_DATA,True,99,99,0,0,0,0,98,0,88,0,98,98,98,1194,9.0,20.0,
1230,CURRENT_RUN_REAL_DATA,True,100,100,0,0,0,0,99,0,79,0,99,99,99,1190,6.0,21.0,
1231,CURRENT_RUN_REAL_DATA,True,99,99,0,0,0,0,98,0,92,0,98,98,98,1189,1.0,21.0,
1232,CURRENT_RUN_REAL_DATA,True,99,99,0,0,0,0,98,0,88,0,98,98,98,1189,6.0,28.0,
1233,CURRENT_RUN_REAL_DATA,True,99,99,0,0,0,0,98,0,78,0,98,98,98,1189,7.0,22.0,
1234,CURRENT_RUN_REAL_DATA,True,99,99,0,0,0,0,98,0,79,0,98,98,98,1190,10.0,20.0,
1235,CURRENT_RUN_REAL_DATA,True,99,99,0,0,0,0,98,0,91,0,98,98,98,1183,1.0,21.0,
1236,CURRENT_RUN_REAL_DATA,True,102,102,0,0,0,13,88,1,81,2,101,101,101,1167,0.0,55.0,
1237,CURRENT_RUN_REAL_DATA,True,99,99,0,0,0,0,98,0,90,0,98,98,98,1188,7.0,20.0,
1238,CURRENT_RUN_REAL_DATA,True,27,27,0,0,0,0,26,0,23,0,26,26,26,314,10.0,20.0,
1239,CURRENT_RUN_REAL_DATA,True,106,106,0,0,0,3,102,2,42,1,105,105,105,1195,0.0,70.0,
1240,CURRENT_RUN_REAL_DATA,True,99,99,0,0,0,0,98,0,78,0,98,98,98,1188,6.0,28.0,
1241,CURRENT_RUN_REAL_DATA,True,98,98,0,0,0,0,97,0,87,0,97,97,97,1192,10.0,30.0,
1242,CURRENT_RUN_REAL_DATA,True,100,100,0,0,0,2,97,0,26,2,99,99,99,1189,0.0,73.0,
1243,CURRENT_RUN_REAL_DATA,True,99,99,0,0,0,0,98,0,3,0,98,98,98,1190,7.0,30.0,
1244,CURRENT_RUN_REAL_DATA,True,100,100,0,0,0,4,95,3,10,2,99,99,99,1191,0.0,78.0,
1245,CURRENT_RUN_REAL_DATA,True,98,98,0,0,0,19,78,19,7,6,97,97,97,1187,0.0,145.0,
1246,CURRENT_RUN_REAL_DATA,True,106,106,0,0,0,8,97,8,28,1,105,105,105,1188,0.0,74.0,
1247,CURRENT_RUN_REAL_DATA,True,100,100,0,0,0,0,99,0,79,0,99,99,99,1187,5.0,20.0,
1248,CURRENT_RUN_REAL_DATA,True,100,100,0,0,0,0,99,0,1,0,99,99,99,1191,4.0,20.0,
1249,CURRENT_RUN_REAL_DATA,True,99,99,0,0,0,0,98,0,77,0,98,98,98,1195,9.0,21.0,
1250,CURRENT_RUN_REAL_DATA,True,107,107,0,0,0,0,106,0,20,0,106,106,106,1179,1.0,30.0,
1251,CURRENT_RUN_REAL_DATA,True,114,114,0,0,0,4,109,3,10,1,113,113,113,1193,0.0,33.0,
1252,CURRENT_RUN_REAL_DATA,True,99,99,0,0,0,0,98,0,80,0,98,98,98,1190,10.0,20.0,
1253,CURRENT_RUN_REAL_DATA,True,116,116,0,0,0,35,80,25,44,1,115,115,115,918,0.0,73.0,
1254,CURRENT_RUN_REAL_DATA,True,100,100,0,0,0,0,99,0,80,0,99,99,99,1192,3.0,20.0,
1255,CURRENT_RUN_REAL_DATA,True,115,115,0,0,0,2,112,1,30,2,114,114,114,1195,0.0,36.0,
1256,CURRENT_RUN_REAL_DATA,True,114,114,0,0,0,9,104,8,13,2,113,113,113,1198,0.0,33.0,
1257,CURRENT_RUN_REAL_DATA,True,105,105,0,0,0,52,52,4,94,15,104,104,104,1195,0.0,93.0,
1258,CURRENT_RUN_REAL_DATA,True,100,100,0,0,0,0,99,0,79,0,99,99,99,1188,7.0,23.0,
1259,CURRENT_RUN_REAL_DATA,True,100,100,0,0,0,1,98,0,78,0,99,99,99,1194,0.0,20.0,
1260,CURRENT_RUN_REAL_DATA,True,100,100,0,0,0,0,99,0,89,0,99,99,99,1193,1.0,21.0,
1261,CURRENT_RUN_REAL_DATA,True,98,98,0,0,0,1,96,1,1,0,97,97,97,1187,0.0,30.0,
1262,CURRENT_RUN_REAL_DATA,True,91,91,0,0,0,30,60,26,25,2,90,90,90,1191,0.0,478.0,
1263,CURRENT_RUN_REAL_DATA,True,100,100,0,0,0,0,99,0,81,0,99,99,99,1190,4.0,21.0,
1264,CURRENT_RUN_REAL_DATA,True,99,99,0,0,0,0,98,0,88,0,98,98,98,1188,7.0,28.0,
1265,CURRENT_RUN_REAL_DATA,True,101,101,0,0,0,8,92,8,2,2,100,100,100,1186,0.0,53.0,
1266,CURRENT_RUN_REAL_DATA,True,98,98,0,0,0,0,97,0,19,0,97,97,97,1186,8.0,22.0,
1267,CURRENT_RUN_REAL_DATA,True,106,106,0,0,0,4,101,4,0,3,105,105,105,1194,0.0,45.0,
1268,CURRENT_RUN_REAL_DATA,True,98,98,0,0,0,0,97,0,77,0,97,97,97,1188,6.0,28.0,
1269,CURRENT_RUN_REAL_DATA,True,102,102,0,0,0,1,100,1,80,0,101,101,101,1195,0.0,22.0,
1270,CURRENT_RUN_REAL_DATA,True,111,111,0,0,0,22,88,21,1,7,110,110,110,1187,0.0,86.0,
1271,CURRENT_RUN_REAL_DATA,True,99,99,0,0,0,1,97,1,33,0,98,98,98,1186,0.0,22.0,
1272,CURRENT_RUN_REAL_DATA,True,98,98,0,0,0,0,97,0,87,0,97,97,97,1184,9.0,21.0,
1273,CURRENT_RUN_REAL_DATA,True,64,64,0,0,0,13,50,12,12,2,63,63,63,757,0.0,145.0,
1274,CURRENT_RUN_REAL_DATA,True,96,96,0,0,0,2,93,0,88,1,95,95,95,1186,0.0,51.0,
1275,CURRENT_RUN_REAL_DATA,True,97,97,0,0,0,0,96,0,10,0,96,96,96,1186,8.0,29.0,
1276,CURRENT_RUN_REAL_DATA,True,92,92,0,0,0,25,66,15,50,3,91,91,91,1103,0.0,160.0,
1277,CURRENT_RUN_REAL_DATA,True,96,96,0,0,0,0,95,0,59,1,95,95,95,1191,1.0,108.0,
1278,CURRENT_RUN_REAL_DATA,True,100,100,0,0,0,4,95,1,81,1,99,99,99,1191,0.0,56.0,
1279,CURRENT_RUN_REAL_DATA,True,98,98,0,0,0,0,97,0,91,0,97,97,97,1188,9.0,28.0,
1280,CURRENT_RUN_REAL_DATA,True,100,100,0,0,0,0,99,0,0,0,99,99,99,1191,3.0,20.0,
1281,CURRENT_RUN_REAL_DATA,True,98,98,0,0,0,0,97,0,40,0,97,97,97,1189,6.0,30.0,
1282,CURRENT_RUN_REAL_DATA,True,100,100,0,0,0,2,97,2,0,1,99,99,99,1188,0.0,45.0,
1283,CURRENT_RUN_REAL_DATA,True,99,99,0,0,0,0,98,0,45,1,98,98,98,1190,6.0,31.0,
1284,CURRENT_RUN_REAL_DATA,True,99,99,0,0,0,0,98,0,43,0,98,98,98,1194,9.0,24.0,
1285,CURRENT_RUN_REAL_DATA,True,99,99,0,0,0,8,90,6,10,2,98,98,98,1186,0.0,92.0,
1286,CURRENT_RUN_REAL_DATA,True,100,100,0,0,0,0,99,0,99,0,99,99,99,1190,3.0,20.0,
1287,CURRENT_RUN_REAL_DATA,True,98,98,0,0,0,0,97,0,97,0,97,97,97,1189,6.0,23.0,
1288,CURRENT_RUN_REAL_DATA,True,100,100,0,0,0,0,99,0,80,0,99,99,99,1184,1.0,21.0,
1289,CURRENT_RUN_REAL_DATA,True,119,119,0,0,0,22,96,12,34,1,118,118,118,1109,0.0,40.0,
1290,CURRENT_RUN_REAL_DATA,True,99,99,0,0,0,0,98,0,98,0,98,98,98,1186,8.0,21.0,
1291,CURRENT_RUN_REAL_DATA,True,97,97,0,0,0,0,96,0,96,0,96,96,96,1176,9.0,21.0,
1292,CURRENT_RUN_REAL_DATA,True,108,108,0,0,0,14,93,14,12,4,107,107,107,1186,0.0,105.0,
1293,CURRENT_RUN_REAL_DATA,True,107,107,0,0,0,0,106,0,26,0,106,106,106,1171,1.0,25.0,
1294,CURRENT_RUN_REAL_DATA,True,99,99,0,0,0,0,98,0,98,0,98,98,98,1191,6.0,21.0,
1295,CURRENT_RUN_REAL_DATA,True,99,99,0,0,0,0,98,0,98,0,98,98,98,1190,3.0,29.0,
1296,CURRENT_RUN_REAL_DATA,True,121,121,0,0,0,0,120,0,29,0,120,120,120,1191,1.0,29.0,
1297,CURRENT_RUN_REAL_DATA,True,100,100,0,0,0,0,99,0,99,0,99,99,99,1191,3.0,21.0,
1298,CURRENT_RUN_REAL_DATA,True,111,111,0,0,0,1,109,1,57,0,110,110,110,1190,0.0,21.0,
1299,CURRENT_RUN_REAL_DATA,True,107,107,0,0,0,7,99,6,32,3,106,106,106,1189,0.0,33.0,
1300,CURRENT_RUN_REAL_DATA,True,107,107,0,0,0,8,98,8,2,4,106,106,106,1193,0.0,68.0,
1301,CURRENT_RUN_REAL_DATA,True,108,108,0,0,0,4,103,3,14,1,107,107,107,1188,0.0,38.0,
1302,CURRENT_RUN_REAL_DATA,True,98,98,0,0,0,0,97,0,9,0,97,97,97,1186,9.0,21.0,
1303,CURRENT_RUN_REAL_DATA,True,104,104,0,0,0,7,96,7,18,1,103,103,103,1166,0.0,33.0,
1304,CURRENT_RUN_REAL_DATA,True,49,49,0,0,0,20,28,0,48,7,48,48,48,911,0.0,308.0,
1305,CURRENT_RUN_REAL_DATA,True,91,91,0,0,0,27,63,27,5,5,90,90,90,1186,0.0,255.0,
1306,CURRENT_RUN_REAL_DATA,True,99,99,0,0,0,0,98,0,0,0,98,98,98,1191,3.0,21.0,
1307,CURRENT_RUN_REAL_DATA,True,103,103,0,0,0,6,96,3,76,1,102,102,102,1186,0.0,78.0,
1308,CURRENT_RUN_REAL_DATA,True,98,98,0,0,0,0,97,0,97,0,97,97,97,1188,7.0,29.0,
1309,CURRENT_RUN_REAL_DATA,True,99,99,0,0,0,0,98,0,98,0,98,98,98,1186,7.0,21.0,
1310,CURRENT_RUN_REAL_DATA,True,99,99,0,0,0,8,90,7,15,3,98,98,98,1197,0.0,101.0,
1311,CURRENT_RUN_REAL_DATA,True,97,97,0,0,0,0,96,0,96,0,96,96,96,1176,1.0,28.0,
1312,CURRENT_RUN_REAL_DATA,True,105,105,0,0,0,7,97,7,16,3,104,104,104,1177,0.0,63.0,
1313,CURRENT_RUN_REAL_DATA,True,98,98,0,0,0,0,97,0,97,0,97,97,97,1190,4.0,30.0,
1314,CURRENT_RUN_REAL_DATA,True,103,103,0,0,0,2,100,2,29,1,102,102,102,1191,0.0,31.0,
1315,CURRENT_RUN_REAL_DATA,True,113,113,0,0,0,33,79,23,33,3,112,112,112,1190,0.0,159.0,
1316,CURRENT_RUN_REAL_DATA,True,99,99,0,0,0,0,98,0,98,0,98,98,98,1195,9.0,21.0,
1317,CURRENT_RUN_REAL_DATA,True,100,100,0,0,0,0,99,0,99,0,99,99,99,1190,4.0,21.0,
1318,CURRENT_RUN_REAL_DATA,True,100,100,0,0,0,0,99,0,99,0,99,99,99,1190,5.0,21.0,
1319,CURRENT_RUN_REAL_DATA,True,113,113,0,0,0,7,105,6,20,1,112,112,112,1189,0.0,31.0,
1320,CURRENT_RUN_REAL_DATA,True,136,136,0,0,0,42,93,40,21,5,135,135,135,1166,0.0,81.0,
1321,CURRENT_RUN_REAL_DATA,True,104,104,0,0,0,5,98,5,66,1,103,103,103,1195,0.0,61.0,
1322,CURRENT_RUN_REAL_DATA,True,98,98,0,0,0,1,96,0,97,0,97,97,97,1166,0.0,21.0,
1323,CURRENT_RUN_REAL_DATA,True,113,113,0,0,0,0,112,0,56,0,112,112,112,1190,1.0,25.0,
1324,CURRENT_RUN_REAL_DATA,True,97,97,0,0,0,0,96,0,96,0,96,96,96,1186,8.0,30.0,
1325,CURRENT_RUN_REAL_DATA,True,105,105,0,0,0,18,86,18,5,4,104,104,104,1193,0.0,118.0,
1326,CURRENT_RUN_REAL_DATA,True,100,100,0,0,0,0,99,0,99,0,99,99,99,1192,3.0,20.0,
1327,CURRENT_RUN_REAL_DATA,True,110,110,0,0,0,5,104,4,13,0,109,109,109,1179,0.0,30.0,
1328,CURRENT_RUN_REAL_DATA,True,98,98,0,0,0,0,97,0,97,0,97,97,97,1181,8.0,22.0,
1329,CURRENT_RUN_REAL_DATA,True,99,99,0,0,0,0,98,0,98,0,98,98,98,1191,3.0,21.0,
1330,CURRENT_RUN_REAL_DATA,True,71,71,0,0,0,18,52,18,16,1,70,70,70,1093,0.0,513.0,
1331,CURRENT_RUN_REAL_DATA,True,112,112,0,0,0,4,107,2,31,1,111,111,111,1194,0.0,56.0,
1332,CURRENT_RUN_REAL_DATA,True,99,99,0,0,0,0,98,0,98,0,98,98,98,1179,3.0,21.0,
1333,CURRENT_RUN_REAL_DATA,True,99,99,0,0,0,0,98,0,98,0,98,98,98,1191,9.0,21.0,
1334,CURRENT_RUN_REAL_DATA,True,109,109,0,0,0,2,106,2,27,1,108,108,108,1191,0.0,36.0,
1335,CURRENT_RUN_REAL_DATA,True,99,99,0,0,0,0,98,0,98,0,98,98,98,1189,6.0,21.0,
1336,CURRENT_RUN_REAL_DATA,True,99,99,0,0,0,0,98,0,98,0,98,98,98,1192,6.0,30.0,
1337,CURRENT_RUN_REAL_DATA,True,100,100,0,0,0,2,97,2,26,1,99,99,99,1191,0.0,39.0,
1338,CURRENT_RUN_REAL_DATA,True,100,100,0,0,0,0,99,0,98,0,99,99,99,1191,1.0,22.0,
1339,CURRENT_RUN_REAL_DATA,True,97,97,0,0,0,8,88,0,96,2,96,96,96,1194,0.0,111.0,
1340,CURRENT_RUN_REAL_DATA,True,99,99,0,0,0,0,98,0,98,0,98,98,98,1190,9.0,20.0,
1341,CURRENT_RUN_REAL_DATA,True,99,99,0,0,0,0,98,0,98,0,98,98,98,1188,7.0,28.0,
1342,CURRENT_RUN_REAL_DATA,True,98,98,0,0,0,0,97,0,82,0,97,97,97,1188,9.0,28.0,
1343,CURRENT_RUN_REAL_DATA,True,99,99,0,0,0,0,98,0,98,0,98,98,98,1192,9.0,21.0,
1344,CURRENT_RUN_REAL_DATA,True,103,103,0,0,0,14,88,6,71,3,102,102,102,1196,0.0,147.0,
1345,CURRENT_RUN_REAL_DATA,True,106,106,0,0,0,4,101,1,73,4,105,105,105,1174,0.0,46.0,
1346,CURRENT_RUN_REAL_DATA,True,100,100,0,0,0,0,99,0,99,0,99,99,99,1191,3.0,21.0,
1347,CURRENT_RUN_REAL_DATA,True,99,99,0,0,0,0,98,0,98,0,98,98,98,1190,6.0,30.0,
1348,CURRENT_RUN_REAL_DATA,True,109,109,0,0,0,5,103,5,7,2,108,108,108,1186,0.0,47.0,
1349,CURRENT_RUN_REAL_DATA,True,98,98,0,0,0,0,97,0,97,0,97,97,97,1189,9.0,22.0,
1350,CURRENT_RUN_REAL_DATA,True,98,98,0,0,0,50,47,8,86,10,97,97,97,1188,0.0,124.0,
1351,CURRENT_RUN_REAL_DATA,True,106,106,0,0,0,3,102,3,26,1,105,105,105,1186,0.0,42.0,
1352,CURRENT_RUN_REAL_DATA,True,102,102,0,0,0,15,86,0,101,7,101,101,101,1189,0.0,79.0,
1353,CURRENT_RUN_REAL_DATA,True,99,99,0,0,0,0,98,0,88,0,98,98,98,1190,7.0,23.0,
1354,CURRENT_RUN_REAL_DATA,True,100,100,0,0,0,2,97,2,51,1,99,99,99,1193,0.0,67.0,
1355,CURRENT_RUN_REAL_DATA,True,113,113,0,0,0,10,102,8,28,1,112,112,112,1191,0.0,87.0,
1356,CURRENT_RUN_REAL_DATA,True,117,117,0,0,0,6,110,6,7,3,116,116,116,1180,0.0,34.0,
1357,CURRENT_RUN_REAL_DATA,True,87,87,0,0,0,3,83,2,8,2,86,86,86,1006,0.0,48.0,
1358,CURRENT_RUN_REAL_DATA,True,99,99,0,0,0,0,98,0,98,0,98,98,98,1190,10.0,20.0,
1359,CURRENT_RUN_REAL_DATA,True,111,111,0,0,0,18,92,15,13,3,110,110,110,1192,0.0,115.0,
1360,CURRENT_RUN_REAL_DATA,True,114,114,0,0,0,0,113,0,17,0,113,113,113,1190,1.0,21.0,
1361,CURRENT_RUN_REAL_DATA,True,96,96,0,0,0,49,46,12,74,4,95,95,95,765,0.0,177.0,
1362,CURRENT_RUN_REAL_DATA,True,104,104,0,0,0,1,102,1,13,2,103,103,103,1190,0.0,35.0,
1363,CURRENT_RUN_REAL_DATA,True,97,97,0,0,0,0,96,0,2,0,96,96,96,1186,10.0,30.0,
1364,CURRENT_RUN_REAL_DATA,True,98,98,0,0,0,0,97,0,11,0,97,97,97,1189,8.0,30.0,
1365,CURRENT_RUN_REAL_DATA,True,107,107,0,0,0,2,104,2,13,1,106,106,106,1186,0.0,31.0,
1366,CURRENT_RUN_REAL_DATA,True,106,106,0,0,0,4,101,4,1,1,105,105,105,1194,0.0,61.0,
1367,CURRENT_RUN_REAL_DATA,True,98,98,0,0,0,0,97,0,87,2,97,97,97,1195,1.0,34.0,
1368,CURRENT_RUN_REAL_DATA,True,99,99,0,0,0,0,98,0,61,0,98,98,98,1190,7.0,30.0,
1369,CURRENT_RUN_REAL_DATA,True,101,101,0,0,0,0,100,0,39,0,100,100,100,1189,2.0,20.0,
1370,CURRENT_RUN_REAL_DATA,True,102,102,0,0,0,0,101,0,86,0,101,101,101,1195,3.0,21.0,
1371,CURRENT_RUN_REAL_DATA,True,99,99,0,0,0,0,98,0,17,0,98,98,98,1188,6.0,28.0,
1372,CURRENT_RUN_REAL_DATA,True,99,99,0,0,0,0,98,0,97,0,98,98,98,1189,7.0,23.0,
1373,CURRENT_RUN_REAL_DATA,True,100,100,0,0,0,0,99,0,3,0,99,99,99,1191,3.0,20.0,
1374,CURRENT_RUN_REAL_DATA,True,121,121,0,0,0,32,88,32,5,2,120,120,120,1190,0.0,241.0,
1375,CURRENT_RUN_REAL_DATA,True,91,91,0,0,0,5,85,4,43,2,90,90,90,1135,0.0,120.0,
1376,CURRENT_RUN_REAL_DATA,True,100,100,0,0,0,0,99,0,89,0,99,99,99,1190,5.0,21.0,
1377,CURRENT_RUN_REAL_DATA,True,107,107,0,0,0,6,100,2,30,1,106,106,106,1168,0.0,60.0,
1378,CURRENT_RUN_REAL_DATA,True,80,80,0,0,0,29,50,29,0,2,79,79,79,1168,0.0,580.0,
1379,CURRENT_RUN_REAL_DATA,True,105,105,0,0,0,2,102,2,3,0,104,104,104,1197,0.0,25.0,
1380,CURRENT_RUN_REAL_DATA,True,100,100,0,0,0,0,99,0,60,0,99,99,99,1191,3.0,20.0,
1381,CURRENT_RUN_REAL_DATA,True,98,98,0,0,0,0,97,0,91,0,97,97,97,1189,8.0,30.0,
1382,CURRENT_RUN_REAL_DATA,True,76,76,0,0,0,0,75,0,12,0,75,75,75,831,1.0,25.0,
1383,CURRENT_RUN_REAL_DATA,True,119,119,0,0,0,49,69,49,1,5,118,118,118,1140,0.0,163.0,
1384,CURRENT_RUN_REAL_DATA,True,100,100,0,0,0,0,99,0,61,0,99,99,99,1190,6.0,20.0,
1385,CURRENT_RUN_REAL_DATA,True,100,100,0,0,0,3,96,1,67,1,99,99,99,1187,0.0,49.0,
1386,CURRENT_RUN_REAL_DATA,True,98,98,0,0,0,0,97,0,97,0,97,97,97,1187,8.0,21.0,
1387,CURRENT_RUN_REAL_DATA,True,100,100,0,0,0,0,99,0,13,0,99,99,99,1194,1.0,21.0,
1388,CURRENT_RUN_REAL_DATA,True,115,115,0,0,0,8,106,8,13,1,114,114,114,1186,0.0,67.0,
1389,CURRENT_RUN_REAL_DATA,True,100,100,0,0,0,0,99,0,82,0,99,99,99,1192,4.0,21.0,
1390,CURRENT_RUN_REAL_DATA,True,100,100,0,0,0,1,98,1,55,0,99,99,99,1185,0.0,21.0,
1391,CURRENT_RUN_REAL_DATA,True,86,86,0,0,0,15,70,15,0,5,85,85,85,1078,0.0,108.0,
1392,CURRENT_RUN_REAL_DATA,True,98,98,0,0,0,0,97,0,97,0,97,97,97,1190,9.0,20.0,
1393,CURRENT_RUN_REAL_DATA,True,98,98,0,0,0,0,97,0,97,0,97,97,97,1195,10.0,30.0,
1394,CURRENT_RUN_REAL_DATA,True,102,102,0,0,0,0,101,0,69,0,101,101,101,1197,1.0,25.0,
1395,CURRENT_RUN_REAL_DATA,True,135,135,0,0,0,117,17,114,3,7,134,134,134,1065,0.0,337.0,
1396,CURRENT_RUN_REAL_DATA,True,133,133,0,0,0,54,78,30,41,0,132,132,132,801,0.0,29.0,
1397,CURRENT_RUN_REAL_DATA,True,112,112,0,0,0,27,84,26,12,5,111,111,111,1187,0.0,112.0,
1398,CURRENT_RUN_REAL_DATA,True,100,100,0,0,0,0,99,0,87,0,99,99,99,1192,1.0,21.0,
1399,CURRENT_RUN_REAL_DATA,True,88,88,0,0,0,8,79,8,16,2,87,87,87,1030,0.0,118.0,
1400,CURRENT_RUN_REAL_DATA,True,101,101,0,0,0,33,67,4,91,7,100,100,100,1191,0.0,100.0,
1401,CURRENT_RUN_REAL_DATA,True,99,99,0,0,0,0,98,0,48,0,98,98,98,1195,10.0,20.0,
1402,CURRENT_RUN_REAL_DATA,True,101,101,0,0,0,6,94,6,20,1,100,100,100,1188,0.0,63.0,
1403,CURRENT_RUN_REAL_DATA,True,111,111,0,0,0,2,108,2,18,0,110,110,110,1195,0.0,30.0,
1404,CURRENT_RUN_REAL_DATA,True,33,33,0,0,0,0,32,0,26,1,32,32,32,1190,6.0,820.0,
1405,CURRENT_RUN_REAL_DATA,True,101,101,0,0,0,2,98,1,62,0,100,100,100,1195,0.0,30.0,
1406,CURRENT_RUN_REAL_DATA,True,104,104,0,0,0,4,99,4,26,3,103,103,103,1193,0.0,138.0,
1407,CURRENT_RUN_REAL_DATA,True,99,99,0,0,0,0,98,0,82,0,98,98,98,1190,7.0,30.0,
1408,CURRENT_RUN_REAL_DATA,True,100,100,0,0,0,0,99,0,6,0,99,99,99,1190,5.0,20.0,
1409,CURRENT_RUN_REAL_DATA,True,99,99,0,0,0,3,95,0,88,1,98,98,98,1187,0.0,58.0,
1410,CURRENT_RUN_REAL_DATA,True,99,99,0,0,0,0,98,0,94,0,98,98,98,1186,1.0,21.0,
1411,CURRENT_RUN_REAL_DATA,True,89,89,0,0,0,20,68,18,2,4,88,88,88,990,0.0,99.0,
1412,CURRENT_RUN_REAL_DATA,True,99,99,0,0,0,0,98,0,1,0,98,98,98,1188,7.0,28.0,
1413,CURRENT_RUN_REAL_DATA,True,100,100,0,0,0,1,98,0,89,0,99,99,99,1194,0.0,21.0,
1414,CURRENT_RUN_REAL_DATA,True,105,105,0,0,0,4,100,4,23,1,104,104,104,1190,0.0,32.0,
1415,CURRENT_RUN_REAL_DATA,True,103,103,0,0,0,0,102,0,63,0,102,102,102,1193,2.0,30.0,
1416,CURRENT_RUN_REAL_DATA,True,99,99,0,0,0,0,98,0,76,0,98,98,98,1195,9.0,21.0,
1417,CURRENT_RUN_REAL_DATA,True,111,111,0,0,0,25,85,23,38,4,110,110,110,1186,0.0,105.0,
1418,CURRENT_RUN_REAL_DATA,True,99,99,0,0,0,2,96,2,6,2,98,98,98,1190,0.0,40.0,
1419,CURRENT_RUN_REAL_DATA,True,100,100,0,0,0,1,98,0,92,0,99,99,99,1191,0.0,21.0,
1420,CURRENT_RUN_REAL_DATA,True,103,103,0,0,0,1,101,0,37,0,102,102,102,1179,0.0,25.0,
1421,CURRENT_RUN_REAL_DATA,True,99,99,0,0,0,0,98,0,85,0,98,98,98,1189,8.0,22.0,
1422,CURRENT_RUN_REAL_DATA,True,98,98,0,0,0,1,96,0,87,0,97,97,97,1186,0.0,23.0,
1423,CURRENT_RUN_REAL_DATA,True,98,98,0,0,0,0,97,0,76,0,97,97,97,1186,9.0,21.0,
1424,CURRENT_RUN_REAL_DATA,True,100,100,0,0,0,3,96,3,2,1,99,99,99,1188,0.0,53.0,
1425,CURRENT_RUN_REAL_DATA,True,110,110,0,0,0,1,108,1,14,1,109,109,109,1188,0.0,57.0,
1426,CURRENT_RUN_REAL_DATA,True,100,100,0,0,0,0,99,0,80,0,99,99,99,1191,3.0,20.0,
1427,CURRENT_RUN_REAL_DATA,True,108,108,0,0,0,2,105,2,47,0,107,107,107,1186,0.0,30.0,
1428,CURRENT_RUN_REAL_DATA,True,100,100,0,0,0,0,99,0,90,0,99,99,99,1191,2.0,20.0,
1429,CURRENT_RUN_REAL_DATA,True,101,101,0,0,0,6,94,5,32,1,100,100,100,1190,0.0,55.0,
1430,CURRENT_RUN_REAL_DATA,True,119,119,0,0,0,8,110,7,8,1,118,118,118,1194,0.0,73.0,
1431,CURRENT_RUN_REAL_DATA,True,100,100,0,0,0,0,99,0,0,0,99,99,99,1190,1.0,22.0,
1432,CURRENT_RUN_REAL_DATA,True,118,118,0,0,0,5,112,5,30,1,117,117,117,1188,0.0,31.0,
1433,CURRENT_RUN_REAL_DATA,True,100,100,0,0,0,0,99,0,0,0,99,99,99,1191,6.0,21.0,
1434,CURRENT_RUN_REAL_DATA,True,93,93,0,0,0,26,66,20,14,4,92,92,92,1145,0.0,140.0,
1435,CURRENT_RUN_REAL_DATA,True,73,73,0,0,0,37,35,10,56,8,72,72,72,1179,0.0,394.0,
1436,CURRENT_RUN_REAL_DATA,True,91,91,0,0,0,1,89,1,7,0,90,90,90,1003,0.0,20.0,
1437,CURRENT_RUN_REAL_DATA,True,99,99,0,0,0,0,98,0,91,0,98,98,98,1195,5.0,21.0,
1438,CURRENT_RUN_REAL_DATA,True,103,103,0,0,0,2,100,1,26,0,102,102,102,1191,0.0,27.0,
1439,CURRENT_RUN_REAL_DATA,True,109,109,0,0,0,1,107,1,54,0,108,108,108,1190,0.0,25.0,
1440,CURRENT_RUN_REAL_DATA,True,100,100,0,0,0,0,99,0,73,0,99,99,99,1191,4.0,20.0,
1441,CURRENT_RUN_REAL_DATA,True,100,100,0,0,0,0,99,0,90,0,99,99,99,1191,2.0,24.0,
1442,CURRENT_RUN_REAL_DATA,True,99,99,0,0,0,0,98,0,57,0,98,98,98,1188,6.0,28.0,
1443,CURRENT_RUN_REAL_DATA,True,100,100,0,0,0,0,99,0,21,0,99,99,99,1191,1.0,20.0,
1444,CURRENT_RUN_REAL_DATA,True,71,71,0,0,0,36,34,3,62,6,70,70,70,1097,0.0,540.0,
1445,CURRENT_RUN_REAL_DATA,True,100,100,0,0,0,16,83,14,30,3,99,99,99,1189,0.0,107.0,
1446,CURRENT_RUN_REAL_DATA,True,101,101,0,0,0,0,100,0,86,0,100,100,100,1194,1.0,20.0,
1447,CURRENT_RUN_REAL_DATA,True,99,99,0,0,0,0,98,0,89,0,98,98,98,1191,3.0,21.0,
1448,CURRENT_RUN_REAL_DATA,True,100,100,0,0,0,0,99,0,79,0,99,99,99,1191,4.0,20.0,
1449,CURRENT_RUN_REAL_DATA,True,98,98,0,0,0,0,97,0,97,0,97,97,97,1188,9.0,22.0,
1450,CURRENT_RUN_REAL_DATA,True,98,98,0,0,0,0,97,0,88,0,97,97,97,1186,8.0,22.0,
1451,CURRENT_RUN_REAL_DATA,True,107,107,0,0,0,14,92,13,37,2,106,106,106,1196,0.0,118.0,
1452,CURRENT_RUN_REAL_DATA,True,100,100,0,0,0,1,98,0,89,0,99,99,99,1189,0.0,23.0,
1453,CURRENT_RUN_REAL_DATA,True,103,103,0,0,0,50,52,16,73,10,102,102,102,1146,0.0,264.0,
1454,CURRENT_RUN_REAL_DATA,True,99,99,0,0,0,0,98,0,59,0,98,98,98,1193,9.0,21.0,
1455,CURRENT_RUN_REAL_DATA,True,100,100,0,0,0,0,99,0,89,0,99,99,99,1191,1.0,21.0,
1456,CURRENT_RUN_REAL_DATA,True,100,100,0,0,0,0,99,0,95,0,99,99,99,1191,3.0,21.0,
1457,CURRENT_RUN_REAL_DATA,True,110,110,0,0,0,5,104,5,8,1,109,109,109,1196,0.0,40.0,
1458,CURRENT_RUN_REAL_DATA,True,100,100,0,0,0,0,99,0,90,0,99,99,99,1192,9.0,22.0,
1459,CURRENT_RUN_REAL_DATA,True,115,115,0,0,0,6,108,5,12,1,114,114,114,1189,0.0,38.0,
1460,CURRENT_RUN_REAL_DATA,True,112,112,0,0,0,24,87,18,22,1,111,111,111,1164,0.0,193.0,
1461,CURRENT_RUN_REAL_DATA,True,95,95,0,0,0,3,91,3,24,2,94,94,94,1174,0.0,109.0,
1462,CURRENT_RUN_REAL_DATA,True,107,107,0,0,0,15,91,10,34,4,106,106,106,1186,0.0,92.0,
1463,CURRENT_RUN_REAL_DATA,True,121,121,0,0,0,4,116,3,13,2,120,120,120,1193,0.0,39.0,
1464,CURRENT_RUN_REAL_DATA,True,68,68,0,0,0,2,65,0,27,1,67,67,67,749,0.0,31.0,
1465,CURRENT_RUN_REAL_DATA,True,97,97,0,0,0,0,96,0,96,1,96,96,96,1188,7.0,31.0,
1466,CURRENT_RUN_REAL_DATA,True,105,105,0,0,0,1,103,1,4,1,104,104,104,1196,0.0,32.0,
1467,CURRENT_RUN_REAL_DATA,True,99,99,0,0,0,0,98,0,98,0,98,98,98,1184,1.0,22.0,
1468,CURRENT_RUN_REAL_DATA,True,112,112,0,0,0,2,109,2,22,1,111,111,111,1195,0.0,31.0,
1469,CURRENT_RUN_REAL_DATA,True,107,107,0,0,0,3,103,3,22,1,106,106,106,1186,0.0,51.0,
1470,CURRENT_RUN_REAL_DATA,True,98,98,0,0,0,0,97,0,97,0,97,97,97,1190,8.0,22.0,
1471,CURRENT_RUN_REAL_DATA,True,99,99,0,0,0,0,98,0,73,0,98,98,98,1195,9.0,21.0,
1472,CURRENT_RUN_REAL_DATA,True,99,99,0,0,0,0,98,0,46,0,98,98,98,1190,8.0,22.0,
1473,CURRENT_RUN_REAL_DATA,True,115,115,0,0,0,41,73,35,10,7,114,114,114,1192,0.0,135.0,
1474,CURRENT_RUN_REAL_DATA,True,100,100,0,0,0,0,99,0,29,0,99,99,99,1189,6.0,20.0,
1475,CURRENT_RUN_REAL_DATA,True,100,100,0,0,0,0,99,0,89,0,99,99,99,1193,4.0,21.0,
1476,CURRENT_RUN_REAL_DATA,True,98,98,0,0,0,0,97,0,54,3,97,97,97,1193,1.0,39.0,
1477,CURRENT_RUN_REAL_DATA,True,100,100,0,0,0,0,99,0,71,0,99,99,99,1191,3.0,23.0,
1478,CURRENT_RUN_REAL_DATA,True,106,106,0,0,0,10,95,10,32,4,105,105,105,1197,0.0,48.0,
1479,CURRENT_RUN_REAL_DATA,True,131,131,0,0,0,11,119,9,21,2,130,130,130,1188,0.0,66.0,
1480,CURRENT_RUN_REAL_DATA,True,100,100,0,0,0,4,95,0,68,1,99,99,99,1191,0.0,58.0,
1481,CURRENT_RUN_REAL_DATA,True,104,104,0,0,0,8,95,8,83,1,103,103,103,1186,0.0,102.0,
1482,CURRENT_RUN_REAL_DATA,True,101,101,0,0,0,18,82,18,11,4,100,100,100,1184,0.0,159.0,
1483,CURRENT_RUN_REAL_DATA,True,100,100,0,0,0,0,99,0,93,0,99,99,99,1191,5.0,21.0,
1484,CURRENT_RUN_REAL_DATA,True,108,108,0,0,0,1,106,1,23,0,107,107,107,1186,0.0,30.0,
1485,CURRENT_RUN_REAL_DATA,True,100,100,0,0,0,13,86,13,18,3,99,99,99,1190,0.0,158.0,
1486,CURRENT_RUN_REAL_DATA,True,95,95,0,0,0,7,87,0,90,3,94,94,94,1193,0.0,89.0,
1487,CURRENT_RUN_REAL_DATA,True,96,96,0,0,0,0,95,0,85,0,95,95,95,1186,9.0,30.0,
1488,CURRENT_RUN_REAL_DATA,True,122,122,0,0,0,67,54,61,9,6,121,121,121,1148,0.0,219.0,
1489,CURRENT_RUN_REAL_DATA,True,100,100,0,0,0,1,98,0,90,0,99,99,99,1195,0.0,21.0,
1490,CURRENT_RUN_REAL_DATA,True,64,64,0,0,0,1,62,1,23,2,63,63,63,790,0.0,61.0,
1491,CURRENT_RUN_REAL_DATA,True,98,98,0,0,0,0,97,0,95,0,97,97,97,1193,9.0,30.0,
1492,CURRENT_RUN_REAL_DATA,True,119,119,0,0,0,2,116,1,18,0,118,118,118,1194,0.0,26.0,
1493,CURRENT_RUN_REAL_DATA,True,98,98,0,0,0,0,97,0,87,1,97,97,97,1189,8.0,31.0,
1494,CURRENT_RUN_REAL_DATA,True,102,102,0,0,0,4,97,3,24,1,101,101,101,1194,0.0,37.0,
1495,CURRENT_RUN_REAL_DATA,True,99,99,0,0,0,0,98,0,2,0,98,98,98,1190,8.0,21.0,
1496,CURRENT_RUN_REAL_DATA,True,100,100,0,0,0,0,99,0,89,0,99,99,99,1190,5.0,20.0,
1497,CURRENT_RUN_REAL_DATA,True,123,123,0,0,0,11,111,11,22,1,122,122,122,1190,0.0,121.0,
1498,CURRENT_RUN_REAL_DATA,True,100,100,0,0,0,0,99,0,89,0,99,99,99,1192,2.0,21.0,
1499,CURRENT_RUN_REAL_DATA,True,100,100,0,0,0,0,99,0,90,0,99,99,99,1189,1.0,22.0,
1500,CURRENT_RUN_REAL_DATA,True,103,103,0,0,0,1,101,0,78,0,102,102,102,1190,0.0,21.0,
1501,CURRENT_RUN_REAL_DATA,True,99,99,0,0,0,0,98,0,88,0,98,98,98,1195,9.0,20.0,
1502,CURRENT_RUN_REAL_DATA,True,97,97,0,0,0,0,96,0,87,0,96,96,96,1188,9.0,29.0,
1503,CURRENT_RUN_REAL_DATA,True,108,108,0,0,0,2,105,1,24,1,107,107,107,1193,0.0,31.0,
1504,CURRENT_RUN_REAL_DATA,True,100,100,0,0,0,0,99,0,89,0,99,99,99,1191,2.0,21.0,
1505,CURRENT_RUN_REAL_DATA,True,92,92,0,0,0,10,81,8,13,4,91,91,91,1190,0.0,110.0,
1506,CURRENT_RUN_REAL_DATA,True,105,105,0,0,0,1,103,0,84,0,104,104,104,1193,0.0,20.0,
1507,CURRENT_RUN_REAL_DATA,True,99,99,0,0,0,0,98,0,88,0,98,98,98,1188,7.0,28.0,
1508,CURRENT_RUN_REAL_DATA,True,107,107,0,0,0,7,99,3,34,2,106,106,106,1186,0.0,59.0,
1509,CURRENT_RUN_REAL_DATA,True,110,110,0,0,0,54,55,22,54,0,109,109,109,609,0.0,21.0,
1510,CURRENT_RUN_REAL_DATA,True,100,100,0,0,0,0,99,0,70,0,99,99,99,1191,1.0,21.0,
1511,CURRENT_RUN_REAL_DATA,True,92,92,0,0,0,4,87,2,72,2,91,91,91,1179,0.0,135.0,
1512,CURRENT_RUN_REAL_DATA,True,112,112,0,0,0,5,106,5,6,2,111,111,111,1190,0.0,44.0,
1513,CURRENT_RUN_REAL_DATA,True,100,100,0,0,0,0,99,0,98,0,99,99,99,1190,5.0,20.0,
1514,CURRENT_RUN_REAL_DATA,True,84,84,0,0,0,6,77,6,49,3,83,83,83,1189,0.0,279.0,
1515,CURRENT_RUN_REAL_DATA,True,100,100,0,0,0,0,99,0,89,0,99,99,99,1193,2.0,21.0,
1516,CURRENT_RUN_REAL_DATA,True,99,99,0,0,0,0,98,0,90,0,98,98,98,1192,9.0,20.0,
1517,CURRENT_RUN_REAL_DATA,True,100,100,0,0,0,0,99,0,93,0,99,99,99,1191,3.0,20.0,
1518,CURRENT_RUN_REAL_DATA,True,94,94,0,0,0,2,91,2,2,0,93,93,93,1085,0.0,20.0,
1519,CURRENT_RUN_REAL_DATA,True,104,104,0,0,0,5,98,3,22,2,103,103,103,1167,0.0,60.0,
1520,CURRENT_RUN_REAL_DATA,True,112,112,0,0,0,4,107,3,26,1,111,111,111,1191,0.0,39.0,
1521,CURRENT_RUN_REAL_DATA,True,100,100,0,0,0,1,98,1,32,0,99,99,99,1189,0.0,23.0,
1522,CURRENT_RUN_REAL_DATA,True,100,100,0,0,0,0,99,0,96,0,99,99,99,1193,2.0,22.0,
1523,CURRENT_RUN_REAL_DATA,True,101,101,0,0,0,7,93,3,32,4,100,100,100,1181,0.0,53.0,
1524,CURRENT_RUN_REAL_DATA,True,100,100,0,0,0,0,99,0,0,0,99,99,99,1189,1.0,22.0,
1525,CURRENT_RUN_REAL_DATA,True,107,107,0,0,0,4,102,3,18,2,106,106,106,1190,0.0,76.0,
1526,CURRENT_RUN_REAL_DATA,True,100,100,0,0,0,0,99,0,89,0,99,99,99,1193,1.0,20.0,
1527,CURRENT_RUN_REAL_DATA,True,100,100,0,0,0,0,99,0,93,0,99,99,99,1188,8.0,21.0,
1528,CURRENT_RUN_REAL_DATA,True,100,100,0,0,0,0,99,0,59,0,99,99,99,1191,4.0,20.0,
1529,CURRENT_RUN_REAL_DATA,True,100,100,0,0,0,0,99,0,90,0,99,99,99,1191,4.0,20.0,
1530,CURRENT_RUN_REAL_DATA,True,100,100,0,0,0,2,97,0,89,1,99,99,99,1190,0.0,56.0,
1531,CURRENT_RUN_REAL_DATA,True,109,109,0,0,0,5,103,5,60,1,108,108,108,1186,0.0,59.0,
1532,CURRENT_RUN_REAL_DATA,True,118,118,0,0,0,11,106,11,2,1,117,117,117,1181,0.0,50.0,
1533,CURRENT_RUN_REAL_DATA,True,99,99,0,0,0,0,98,0,82,0,98,98,98,1187,1.0,30.0,
1534,CURRENT_RUN_REAL_DATA,True,100,100,0,0,0,0,99,0,15,0,99,99,99,1191,4.0,20.0,
1535,CURRENT_RUN_REAL_DATA,True,100,100,0,0,0,0,99,0,89,0,99,99,99,1191,3.0,21.0,
1536,CURRENT_RUN_REAL_DATA,True,110,110,0,0,0,4,105,3,19,1,109,109,109,1194,0.0,37.0,
1537,CURRENT_RUN_REAL_DATA,True,131,131,0,0,0,4,126,4,15,2,130,130,130,1191,0.0,99.0,
1538,CURRENT_RUN_REAL_DATA,True,101,101,0,0,0,0,100,0,7,0,100,100,100,1191,4.0,20.0,
1539,CURRENT_RUN_REAL_DATA,True,110,110,0,0,0,38,71,30,29,3,109,109,109,1087,0.0,232.0,
1540,CURRENT_RUN_REAL_DATA,True,99,99,0,0,0,0,98,0,92,0,98,98,98,1189,8.0,22.0,
1541,CURRENT_RUN_REAL_DATA,True,129,129,0,0,0,26,102,17,40,1,128,128,128,1165,0.0,34.0,
1542,CURRENT_RUN_REAL_DATA,True,103,103,0,0,0,3,99,3,28,1,102,102,102,1191,0.0,31.0,
1543,CURRENT_RUN_REAL_DATA,True,99,99,0,0,0,0,98,0,91,0,98,98,98,1188,7.0,28.0,
1544,CURRENT_RUN_REAL_DATA,True,106,106,0,0,0,77,28,0,104,8,105,105,105,1189,0.0,292.0,
1545,CURRENT_RUN_REAL_DATA,True,98,98,0,0,0,0,97,0,78,0,97,97,97,1191,9.0,21.0,
1546,CURRENT_RUN_REAL_DATA,True,99,99,0,0,0,0,98,0,93,0,98,98,98,1190,9.0,21.0,
1547,CURRENT_RUN_REAL_DATA,True,97,97,0,0,0,0,96,0,86,2,96,96,96,1190,1.0,36.0,
1548,CURRENT_RUN_REAL_DATA,True,109,109,0,0,0,32,76,30,15,7,108,108,108,1192,0.0,166.0,
1549,CURRENT_RUN_REAL_DATA,True,100,100,0,0,0,0,99,0,89,0,99,99,99,1193,1.0,20.0,
1550,CURRENT_RUN_REAL_DATA,True,106,106,0,0,0,9,96,9,14,3,105,105,105,1191,0.0,55.0,
1551,CURRENT_RUN_REAL_DATA,True,100,100,0,0,0,0,99,0,98,0,99,99,99,1193,2.0,21.0,
1552,CURRENT_RUN_REAL_DATA,True,96,96,0,0,0,7,88,7,6,6,95,95,95,1195,0.0,67.0,
1553,CURRENT_RUN_REAL_DATA,True,98,98,0,0,0,0,97,0,87,0,97,97,97,1190,9.0,30.0,
1554,CURRENT_RUN_REAL_DATA,True,69,69,0,0,0,43,25,2,62,8,68,68,68,1119,0.0,279.0,
1555,CURRENT_RUN_REAL_DATA,True,113,113,0,0,0,9,103,9,0,1,112,112,112,1097,0.0,33.0,
1556,CURRENT_RUN_REAL_DATA,True,98,98,0,0,0,0,97,0,1,0,97,97,97,1189,9.0,30.0,
1557,CURRENT_RUN_REAL_DATA,True,104,104,0,0,0,1,102,1,58,0,103,103,103,1182,0.0,27.0,
1558,CURRENT_RUN_REAL_DATA,True,100,100,0,0,0,0,99,0,89,0,99,99,99,1192,3.0,21.0,
1559,CURRENT_RUN_REAL_DATA,True,101,101,0,0,0,1,99,1,80,0,100,100,100,1187,0.0,26.0,
1560,CURRENT_RUN_REAL_DATA,True,100,100,0,0,0,0,99,0,64,0,99,99,99,1193,2.0,22.0,
1561,CURRENT_RUN_REAL_DATA,True,104,104,0,0,0,0,103,0,48,1,103,103,103,1192,2.0,33.0,
1562,CURRENT_RUN_REAL_DATA,True,92,92,0,0,0,9,82,3,60,2,91,91,91,1090,0.0,92.0,
1563,CURRENT_RUN_REAL_DATA,True,98,98,0,0,0,1,96,1,13,2,97,97,97,1195,0.0,35.0,
1564,CURRENT_RUN_REAL_DATA,True,117,117,0,0,0,9,107,9,6,1,116,116,116,1194,0.0,47.0,
1565,CURRENT_RUN_REAL_DATA,True,99,99,0,0,0,0,98,0,92,0,98,98,98,1188,6.0,28.0,
1566,CURRENT_RUN_REAL_DATA,True,94,94,0,0,0,32,61,17,28,9,93,93,93,1190,0.0,153.0,
1567,CURRENT_RUN_REAL_DATA,True,99,99,0,0,0,1,97,1,18,0,98,98,98,1186,0.0,22.0,
1568,CURRENT_RUN_REAL_DATA,True,97,97,0,0,0,0,96,0,89,0,96,96,96,1195,3.0,30.0,
1569,CURRENT_RUN_REAL_DATA,True,90,90,0,0,0,2,87,1,26,2,89,89,89,1172,0.0,52.0,
1570,CURRENT_RUN_REAL_DATA,True,114,114,0,0,0,1,112,1,69,0,113,113,113,1194,0.0,20.0,
1571,CURRENT_RUN_REAL_DATA,True,98,98,0,0,0,0,97,0,96,0,97,97,97,1189,6.0,30.0,
1572,CURRENT_RUN_REAL_DATA,True,94,94,0,0,0,11,82,11,22,4,93,93,93,1190,0.0,160.0,
1573,CURRENT_RUN_REAL_DATA,True,100,100,0,0,0,0,99,0,82,0,99,99,99,1192,3.0,20.0,
1574,CURRENT_RUN_REAL_DATA,True,100,100,0,0,0,0,99,0,89,0,99,99,99,1194,1.0,20.0,
1575,CURRENT_RUN_REAL_DATA,True,106,106,0,0,0,3,102,3,14,0,105,105,105,1184,0.0,30.0,
1576,CURRENT_RUN_REAL_DATA,True,99,99,0,0,0,0,98,0,78,0,98,98,98,1188,6.0,28.0,
1577,CURRENT_RUN_REAL_DATA,True,100,100,0,0,0,5,94,3,26,1,99,99,99,1155,0.0,117.0,
1578,CURRENT_RUN_REAL_DATA,True,100,100,0,0,0,0,99,0,90,0,99,99,99,1190,2.0,21.0,
1579,CURRENT_RUN_REAL_DATA,True,106,106,0,0,0,3,102,3,15,1,105,105,105,1189,0.0,40.0,
1580,CURRENT_RUN_REAL_DATA,True,115,115,0,0,0,6,108,6,17,2,114,114,114,1190,0.0,40.0,
1581,CURRENT_RUN_REAL_DATA,True,96,96,0,0,0,1,94,1,14,1,95,95,95,1193,0.0,162.0,
1582,CURRENT_RUN_REAL_DATA,True,99,99,0,0,0,0,98,0,88,0,98,98,98,1195,9.0,21.0,
1583,CURRENT_RUN_REAL_DATA,True,98,98,0,0,0,0,97,0,87,0,97,97,97,1186,8.0,22.0,
1584,CURRENT_RUN_REAL_DATA,True,101,101,0,0,0,0,100,0,74,0,100,100,100,1192,2.0,21.0,
1585,CURRENT_RUN_REAL_DATA,True,104,104,0,0,0,7,96,7,21,1,103,103,103,1186,0.0,66.0,
1586,CURRENT_RUN_REAL_DATA,True,100,100,0,0,0,0,99,0,80,0,99,99,99,1190,1.0,22.0,
1587,CURRENT_RUN_REAL_DATA,True,98,98,0,0,0,0,97,0,82,0,97,97,97,1184,9.0,21.0,
1588,CURRENT_RUN_REAL_DATA,True,137,137,0,0,0,56,80,55,58,0,136,136,136,911,0.0,21.0,
1589,CURRENT_RUN_REAL_DATA,True,99,99,0,0,0,0,98,0,71,0,98,98,98,1189,6.0,23.0,
1590,CURRENT_RUN_REAL_DATA,True,99,99,0,0,0,0,98,0,78,0,98,98,98,1187,7.0,21.0,
1591,CURRENT_RUN_REAL_DATA,True,100,100,0,0,0,2,97,0,70,0,99,99,99,1186,0.0,29.0,
1592,CURRENT_RUN_REAL_DATA,True,103,103,0,0,0,1,101,1,30,0,102,102,102,1195,0.0,30.0,
1593,CURRENT_RUN_REAL_DATA,True,98,98,0,0,0,0,97,0,2,0,97,97,97,1187,9.0,27.0,
1594,CURRENT_RUN_REAL_DATA,True,113,113,0,0,0,1,111,0,23,0,112,112,112,1190,0.0,27.0,
1595,CURRENT_RUN_REAL_DATA,True,100,100,0,0,0,0,99,0,78,0,99,99,99,1194,1.0,22.0,
1596,CURRENT_RUN_REAL_DATA,True,98,98,0,0,0,0,97,0,77,0,97,97,97,1190,9.0,26.0,
1597,CURRENT_RUN_REAL_DATA,True,100,100,0,0,0,0,99,0,89,0,99,99,99,1191,3.0,20.0,
1598,CURRENT_RUN_REAL_DATA,True,100,100,0,0,0,0,99,0,79,0,99,99,99,1191,2.0,22.0,
1599,CURRENT_RUN_REAL_DATA,True,100,100,0,0,0,0,99,0,89,0,99,99,99,1191,3.0,21.0,
1600,CURRENT_RUN_REAL_DATA,True,98,98,0,0,0,0,97,0,88,0,97,97,97,1192,4.0,30.0,
1601,CURRENT_RUN_REAL_DATA,True,100,100,0,0,0,0,99,0,90,0,99,99,99,1189,1.0,22.0,
1602,CURRENT_RUN_REAL_DATA,True,99,99,0,0,0,0,98,0,77,0,98,98,98,1194,10.0,20.0,
1603,CURRENT_RUN_REAL_DATA,True,99,99,0,0,0,0,98,0,79,0,98,98,98,1189,7.0,29.0,
1604,CURRENT_RUN_REAL_DATA,True,99,99,0,0,0,0,98,0,90,0,98,98,98,1190,9.0,21.0,
1605,CURRENT_RUN_REAL_DATA,True,43,43,0,0,0,0,42,0,0,3,42,42,42,748,1.0,158.0,
1606,CURRENT_RUN_REAL_DATA,True,100,100,0,0,0,0,99,0,79,0,99,99,99,1187,5.0,21.0,
1607,CURRENT_RUN_REAL_DATA,True,99,99,0,0,0,0,98,0,80,0,98,98,98,1191,2.0,21.0,
1608,CURRENT_RUN_REAL_DATA,True,107,107,0,0,0,12,94,7,24,3,106,106,106,1191,0.0,69.0,
1609,CURRENT_RUN_REAL_DATA,True,95,95,0,0,0,0,94,0,83,0,94,94,94,1189,7.0,30.0,
1610,CURRENT_RUN_REAL_DATA,True,107,107,0,0,0,3,103,3,47,0,106,106,106,1189,0.0,25.0,
1611,CURRENT_RUN_REAL_DATA,True,103,103,0,0,0,26,76,26,68,0,102,102,102,910,0.0,29.0,
1612,CURRENT_RUN_REAL_DATA,True,93,93,0,0,0,0,92,0,63,0,92,92,92,1103,2.0,21.0,
1613,CURRENT_RUN_REAL_DATA,True,100,100,0,0,0,0,99,0,90,0,99,99,99,1194,1.0,21.0,
1614,CURRENT_RUN_REAL_DATA,True,99,99,0,0,0,0,98,0,78,0,98,98,98,1192,9.0,21.0,
1615,CURRENT_RUN_REAL_DATA,True,103,103,0,0,0,3,99,3,31,2,102,102,102,1191,0.0,32.0,
1616,CURRENT_RUN_REAL_DATA,True,98,98,0,0,0,0,97,0,87,0,97,97,97,1186,8.0,22.0,
1617,CURRENT_RUN_REAL_DATA,True,112,112,0,0,0,0,111,0,16,0,111,111,111,1192,1.0,26.0,
1618,CURRENT_RUN_REAL_DATA,True,100,100,0,0,0,0,99,0,79,0,99,99,99,1193,2.0,20.0,
1619,CURRENT_RUN_REAL_DATA,True,108,108,0,0,0,0,107,0,31,0,107,107,107,1190,1.0,21.0,
1620,CURRENT_RUN_REAL_DATA,True,101,101,0,0,0,0,100,0,11,0,100,100,100,1195,1.0,23.0,
1621,CURRENT_RUN_REAL_DATA,True,105,105,0,0,0,0,104,0,5,1,104,104,104,1188,1.0,32.0,
1622,CURRENT_RUN_REAL_DATA,True,100,100,0,0,0,0,99,0,80,0,99,99,99,1191,2.0,21.0,
1623,CURRENT_RUN_REAL_DATA,True,100,100,0,0,0,0,99,0,79,0,99,99,99,1190,4.0,20.0,
1624,CURRENT_RUN_REAL_DATA,True,99,99,0,0,0,0,98,0,1,0,98,98,98,1187,7.0,21.0,
1625,CURRENT_RUN_REAL_DATA,True,99,99,0,0,0,0,98,0,78,0,98,98,98,1190,6.0,22.0,
1626,CURRENT_RUN_REAL_DATA,True,104,104,0,0,0,0,103,0,20,1,103,103,103,1196,1.0,37.0,
1627,CURRENT_RUN_REAL_DATA,True,111,111,0,0,0,17,93,13,23,1,110,110,110,1188,0.0,184.0,
1628,CURRENT_RUN_REAL_DATA,True,100,100,0,0,0,0,99,0,56,0,99,99,99,1192,2.0,30.0,
1629,CURRENT_RUN_REAL_DATA,True,117,117,0,0,0,4,112,3,19,1,116,116,116,1190,0.0,65.0,
1630,CURRENT_RUN_REAL_DATA,True,104,104,0,0,0,1,102,0,53,0,103,103,103,1194,0.0,30.0,
1631,CURRENT_RUN_REAL_DATA,True,99,99,0,0,0,0,98,0,80,0,98,98,98,1190,7.0,23.0,
1632,CURRENT_RUN_REAL_DATA,True,99,99,0,0,0,0,98,0,79,0,98,98,98,1190,6.0,30.0,
1633,CURRENT_RUN_REAL_DATA,True,100,100,0,0,0,2,97,0,77,1,99,99,99,1153,0.0,31.0,
1634,CURRENT_RUN_REAL_DATA,True,100,100,0,0,0,0,99,0,88,0,99,99,99,1194,1.0,21.0,
1635,CURRENT_RUN_REAL_DATA,True,99,99,0,0,0,0,98,0,85,0,98,98,98,1195,9.0,21.0,
1636,CURRENT_RUN_REAL_DATA,True,100,100,0,0,0,0,99,0,1,0,99,99,99,1190,3.0,21.0,
1637,CURRENT_RUN_REAL_DATA,True,105,105,0,0,0,8,96,8,6,2,104,104,104,1195,0.0,46.0,
1638,CURRENT_RUN_REAL_DATA,True,99,99,0,0,0,0,98,0,78,0,98,98,98,1195,9.0,20.0,
1639,CURRENT_RUN_REAL_DATA,True,98,98,0,0,0,0,97,0,77,0,97,97,97,1186,9.0,21.0,
1640,CURRENT_RUN_REAL_DATA,True,116,116,0,0,0,17,98,16,18,2,115,115,115,1192,0.0,139.0,
1641,CURRENT_RUN_REAL_DATA,True,101,101,0,0,0,2,98,2,12,2,100,100,100,1189,0.0,80.0,
1642,CURRENT_RUN_REAL_DATA,True,99,99,0,0,0,0,98,0,87,0,98,98,98,1188,7.0,28.0,
1643,CURRENT_RUN_REAL_DATA,True,97,97,0,0,0,0,96,0,78,0,96,96,96,1186,9.0,30.0,
1644,CURRENT_RUN_REAL_DATA,True,100,100,0,0,0,1,98,1,90,0,99,99,99,1194,0.0,20.0,
1645,CURRENT_RUN_REAL_DATA,True,99,99,0,0,0,0,98,0,0,0,98,98,98,1190,5.0,21.0,
1646,CURRENT_RUN_REAL_DATA,True,100,100,0,0,0,0,99,0,79,0,99,99,99,1194,4.0,21.0,
1647,CURRENT_RUN_REAL_DATA,True,100,100,0,0,0,0,99,0,90,0,99,99,99,1195,1.0,21.0,
1648,CURRENT_RUN_REAL_DATA,True,100,100,0,0,0,0,99,0,79,0,99,99,99,1192,3.0,20.0,
1649,CURRENT_RUN_REAL_DATA,True,100,100,0,0,0,0,99,0,77,0,99,99,99,1194,3.0,21.0,
1650,CURRENT_RUN_REAL_DATA,True,99,99,0,0,0,0,98,0,88,0,98,98,98,1191,9.0,21.0,
1651,CURRENT_RUN_REAL_DATA,True,101,101,0,0,0,0,100,0,77,0,100,100,100,1190,2.0,20.0,
1652,CURRENT_RUN_REAL_DATA,True,100,100,0,0,0,0,99,0,79,0,99,99,99,1191,5.0,23.0,
1653,CURRENT_RUN_REAL_DATA,True,100,100,0,0,0,0,99,0,96,0,99,99,99,1191,5.0,21.0,
1654,CURRENT_RUN_REAL_DATA,True,100,100,0,0,0,0,99,0,78,0,99,99,99,1191,4.0,21.0,
1655,CURRENT_RUN_REAL_DATA,True,125,125,0,0,0,2,122,1,21,0,124,124,124,1194,0.0,29.0,
1656,CURRENT_RUN_REAL_DATA,True,110,110,0,0,0,0,109,0,14,0,109,109,109,1193,1.0,21.0,
1657,CURRENT_RUN_REAL_DATA,True,100,100,0,0,0,0,99,0,94,0,99,99,99,1194,1.0,21.0,
1658,CURRENT_RUN_REAL_DATA,True,98,98,0,0,0,0,97,0,97,0,97,97,97,1186,9.0,21.0,
1659,CURRENT_RUN_REAL_DATA,True,99,99,0,0,0,0,98,0,6,0,98,98,98,1190,7.0,30.0,
1660,CURRENT_RUN_REAL_DATA,True,139,139,0,0,0,11,127,10,29,1,138,138,138,1180,0.0,54.0,
1661,CURRENT_RUN_REAL_DATA,True,100,100,0,0,0,0,99,0,99,0,99,99,99,1195,1.0,21.0,
1662,CURRENT_RUN_REAL_DATA,True,109,109,0,0,0,8,100,6,22,2,108,108,108,1186,0.0,54.0,
1663,CURRENT_RUN_REAL_DATA,True,99,99,0,0,0,1,97,0,88,1,98,98,98,1192,0.0,36.0,
1664,CURRENT_RUN_REAL_DATA,True,145,145,0,0,0,8,136,8,15,0,144,144,144,1188,0.0,30.0,
1665,CURRENT_RUN_REAL_DATA,True,85,85,0,0,0,2,82,1,47,1,84,84,84,1198,0.0,271.0,
1666,CURRENT_RUN_REAL_DATA,True,99,99,0,0,0,1,97,0,80,0,98,98,98,1185,0.0,22.0,
1667,CURRENT_RUN_REAL_DATA,True,99,99,0,0,0,0,98,0,79,0,98,98,98,1190,7.0,30.0,
1668,CURRENT_RUN_REAL_DATA,True,98,98,0,0,0,0,97,0,29,1,97,97,97,1195,1.0,144.0,
1669,CURRENT_RUN_REAL_DATA,True,101,101,0,0,0,0,100,0,27,0,100,100,100,1186,2.0,30.0,
1670,CURRENT_RUN_REAL_DATA,True,100,100,0,0,0,0,99,0,89,0,99,99,99,1191,3.0,20.0,
1671,CURRENT_RUN_REAL_DATA,True,98,98,0,0,0,3,94,3,0,1,97,97,97,1185,0.0,51.0,
1672,CURRENT_RUN_REAL_DATA,True,103,103,0,0,0,0,102,0,37,0,102,102,102,1192,3.0,20.0,
1673,CURRENT_RUN_REAL_DATA,True,83,83,0,0,0,1,81,0,73,1,82,82,82,1186,0.0,217.0,
1674,CURRENT_RUN_REAL_DATA,True,104,104,0,0,0,18,85,17,15,5,103,103,103,1153,0.0,132.0,
1675,CURRENT_RUN_REAL_DATA,True,112,112,0,0,0,6,105,5,26,1,111,111,111,1190,0.0,34.0,
1676,CURRENT_RUN_REAL_DATA,True,104,104,0,0,0,1,102,1,39,0,103,103,103,1195,0.0,27.0,
1677,CURRENT_RUN_REAL_DATA,True,99,99,0,0,0,0,98,0,88,0,98,98,98,1195,9.0,21.0,
1678,CURRENT_RUN_REAL_DATA,True,100,100,0,0,0,0,99,0,79,0,99,99,99,1187,1.0,21.0,
1679,CURRENT_RUN_REAL_DATA,True,107,107,0,0,0,11,95,7,29,2,106,106,106,1195,0.0,134.0,
1680,CURRENT_RUN_REAL_DATA,True,100,100,0,0,0,0,99,0,79,0,99,99,99,1191,5.0,20.0,
1681,CURRENT_RUN_REAL_DATA,True,98,98,0,0,0,0,97,0,87,0,97,97,97,1186,8.0,22.0,
1682,CURRENT_RUN_REAL_DATA,True,98,98,0,0,0,0,97,0,77,0,97,97,97,1187,8.0,21.0,
1683,CURRENT_RUN_REAL_DATA,True,113,113,0,0,0,8,104,7,14,1,112,112,112,1186,0.0,60.0,
1684,CURRENT_RUN_REAL_DATA,True,99,99,0,0,0,0,98,0,72,0,98,98,98,1186,1.0,21.0,
1685,CURRENT_RUN_REAL_DATA,True,100,100,0,0,0,0,99,0,90,0,99,99,99,1193,4.0,20.0,
1686,CURRENT_RUN_REAL_DATA,True,36,36,0,0,0,0,35,0,0,3,35,35,35,1190,9.0,379.0,
1687,CURRENT_RUN_REAL_DATA,True,97,97,0,0,0,0,96,0,55,0,96,96,96,1180,9.0,29.0,
1688,CURRENT_RUN_REAL_DATA,True,100,100,0,0,0,0,99,0,90,0,99,99,99,1192,4.0,22.0,
1689,CURRENT_RUN_REAL_DATA,True,98,98,0,0,0,0,97,0,78,0,97,97,97,1186,7.0,23.0,
1690,CURRENT_RUN_REAL_DATA,True,99,99,0,0,0,0,98,0,89,0,98,98,98,1190,6.0,21.0,
1691,CURRENT_RUN_REAL_DATA,True,100,100,0,0,0,0,99,0,99,0,99,99,99,1192,3.0,20.0,
1692,CURRENT_RUN_REAL_DATA,True,101,101,0,0,0,1,99,0,90,0,100,100,100,1191,0.0,20.0,
1693,CURRENT_RUN_REAL_DATA,True,105,105,0,0,0,0,104,0,32,0,104,104,104,1193,1.0,23.0,
1694,CURRENT_RUN_REAL_DATA,True,131,131,0,0,0,5,125,5,22,0,130,130,130,1190,0.0,24.0,
1695,CURRENT_RUN_REAL_DATA,True,98,98,0,0,0,0,97,0,87,0,97,97,97,1186,8.0,22.0,
1696,CURRENT_RUN_REAL_DATA,True,99,99,0,0,0,0,98,0,88,0,98,98,98,1195,9.0,21.0,
1697,CURRENT_RUN_REAL_DATA,True,116,116,0,0,0,0,115,0,17,1,115,115,115,1191,1.0,31.0,
1698,CURRENT_RUN_REAL_DATA,True,100,100,0,0,0,0,99,0,80,0,99,99,99,1191,3.0,20.0,
1699,CURRENT_RUN_REAL_DATA,True,96,96,0,0,0,0,95,0,86,1,95,95,95,1190,8.0,32.0,
1700,CURRENT_RUN_REAL_DATA,True,112,112,0,0,0,4,107,4,17,2,111,111,111,1182,0.0,58.0,
1701,CURRENT_RUN_REAL_DATA,True,98,98,0,0,0,13,84,0,97,3,97,97,97,1180,0.0,46.0,
1702,CURRENT_RUN_REAL_DATA,True,116,116,0,0,0,2,113,2,25,1,115,115,115,1186,0.0,42.0,
1703,CURRENT_RUN_REAL_DATA,True,100,100,0,0,0,0,99,0,90,0,99,99,99,1191,3.0,20.0,
1704,CURRENT_RUN_REAL_DATA,True,99,99,0,0,0,0,98,0,88,0,98,98,98,1188,7.0,28.0,
1705,CURRENT_RUN_REAL_DATA,True,106,106,0,0,0,1,104,1,25,0,105,105,105,1191,0.0,27.0,
1706,CURRENT_RUN_REAL_DATA,True,99,99,0,0,0,10,88,7,20,5,98,98,98,1186,0.0,104.0,
1707,CURRENT_RUN_REAL_DATA,True,99,99,0,0,0,1,97,0,98,0,98,98,98,1186,0.0,22.0,
1708,CURRENT_RUN_REAL_DATA,True,116,116,0,0,0,0,115,0,34,0,115,115,115,1189,1.0,28.0,
1709,CURRENT_RUN_REAL_DATA,True,100,100,0,0,0,0,99,0,79,0,99,99,99,1187,6.0,21.0,
1710,CURRENT_RUN_REAL_DATA,True,110,110,0,0,0,11,98,11,39,1,109,109,109,1188,0.0,81.0,
1711,CURRENT_RUN_REAL_DATA,True,97,97,0,0,0,2,94,0,70,1,96,96,96,1187,0.0,62.0,
1712,CURRENT_RUN_REAL_DATA,True,105,105,0,0,0,3,101,3,70,1,104,104,104,1190,0.0,72.0,
1713,CURRENT_RUN_REAL_DATA,True,98,98,0,0,0,0,97,0,87,0,97,97,97,1191,1.0,29.0,
1714,CURRENT_RUN_REAL_DATA,True,105,105,0,0,0,0,104,0,72,0,104,104,104,1196,1.0,20.0,
1715,CURRENT_RUN_REAL_DATA,True,98,98,0,0,0,0,97,0,92,0,97,97,97,1186,7.0,23.0,
1716,CURRENT_RUN_REAL_DATA,True,114,114,0,0,0,0,113,0,61,0,113,113,113,1192,1.0,22.0,
1717,CURRENT_RUN_REAL_DATA,True,60,60,0,0,0,1,58,0,28,1,59,59,59,710,0.0,92.0,
1718,CURRENT_RUN_REAL_DATA,True,103,103,0,0,0,2,100,2,33,0,102,102,102,1196,0.0,30.0,
1719,CURRENT_RUN_REAL_DATA,True,98,98,0,0,0,0,97,0,89,0,97,97,97,1187,8.0,22.0,
1720,CURRENT_RUN_REAL_DATA,True,102,102,0,0,0,2,99,2,12,1,101,101,101,1189,0.0,33.0,
1721,CURRENT_RUN_REAL_DATA,True,153,153,0,0,0,9,143,9,19,0,152,152,152,1189,0.0,22.0,
1722,CURRENT_RUN_REAL_DATA,True,97,97,0,0,0,0,96,0,92,1,96,96,96,1186,9.0,31.0,
1723,CURRENT_RUN_REAL_DATA,True,101,101,0,0,0,0,100,0,27,0,100,100,100,1184,1.0,23.0,
1724,CURRENT_RUN_REAL_DATA,True,98,98,0,0,0,0,97,0,88,0,97,97,97,1194,9.0,30.0,
1725,CURRENT_RUN_REAL_DATA,True,99,99,0,0,0,0,98,0,89,0,98,98,98,1191,4.0,22.0,
1726,CURRENT_RUN_REAL_DATA,True,105,105,0,0,0,3,101,3,21,1,104,104,104,1190,0.0,97.0,
1727,CURRENT_RUN_REAL_DATA,True,100,100,0,0,0,0,99,0,78,0,99,99,99,1191,3.0,21.0,
1728,CURRENT_RUN_REAL_DATA,True,98,98,0,0,0,0,97,0,79,0,97,97,97,1186,9.0,21.0,
1729,CURRENT_RUN_REAL_DATA,True,104,104,0,0,0,2,101,2,45,0,103,103,103,1186,0.0,30.0,
1730,CURRENT_RUN_REAL_DATA,True,98,98,0,0,0,0,97,0,89,0,97,97,97,1186,9.0,21.0,
1731,CURRENT_RUN_REAL_DATA,True,100,100,0,0,0,0,99,0,79,0,99,99,99,1192,3.0,21.0,
1732,CURRENT_RUN_REAL_DATA,True,95,95,0,0,0,5,89,5,46,1,94,94,94,1126,0.0,62.0,
1733,CURRENT_RUN_REAL_DATA,True,98,98,0,0,0,0,97,0,78,0,97,97,97,1188,9.0,28.0,
1734,CURRENT_RUN_REAL_DATA,True,100,100,0,0,0,1,98,0,81,0,99,99,99,1194,0.0,20.0,
1735,CURRENT_RUN_REAL_DATA,True,100,100,0,0,0,0,99,0,81,0,99,99,99,1193,2.0,20.0,
1736,CURRENT_RUN_REAL_DATA,True,128,128,0,0,0,12,115,12,13,1,127,127,127,1191,0.0,31.0,
1737,CURRENT_RUN_REAL_DATA,True,101,101,0,0,0,0,100,0,21,1,100,100,100,1190,1.0,128.0,
1738,CURRENT_RUN_REAL_DATA,True,109,109,0,0,0,2,106,2,24,0,108,108,108,1192,0.0,26.0,
1739,CURRENT_RUN_REAL_DATA,True,99,99,0,0,0,12,86,0,93,1,98,98,98,1180,0.0,43.0,
1740,CURRENT_RUN_REAL_DATA,True,100,100,0,0,0,0,99,0,81,0,99,99,99,1194,3.0,21.0,
1741,CURRENT_RUN_REAL_DATA,True,100,100,0,0,0,0,99,0,93,0,99,99,99,1190,6.0,20.0,
1742,CURRENT_RUN_REAL_DATA,True,80,80,0,0,0,0,79,0,75,1,79,79,79,970,10.0,40.0,
1743,CURRENT_RUN_REAL_DATA,True,100,100,0,0,0,0,99,0,79,0,99,99,99,1192,4.0,21.0,
1744,CURRENT_RUN_REAL_DATA,True,98,98,0,0,0,0,97,0,2,1,97,97,97,1173,1.0,84.0,
1745,CURRENT_RUN_REAL_DATA,True,130,130,0,0,0,2,127,1,25,0,129,129,129,1191,0.0,29.0,
1746,CURRENT_RUN_REAL_DATA,True,98,98,0,0,0,0,97,0,87,0,97,97,97,1190,10.0,30.0,
1747,CURRENT_RUN_REAL_DATA,True,101,101,0,0,0,0,100,0,71,0,100,100,100,1189,1.0,21.0,
1748,CURRENT_RUN_REAL_DATA,True,129,129,0,0,0,2,126,2,17,0,128,128,128,1193,0.0,29.0,
1749,CURRENT_RUN_REAL_DATA,True,99,99,0,0,0,0,98,0,88,0,98,98,98,1188,6.0,28.0,
1750,CURRENT_RUN_REAL_DATA,True,100,100,0,0,0,1,98,1,79,0,99,99,99,1189,0.0,23.0,
1751,CURRENT_RUN_REAL_DATA,True,99,99,0,0,0,0,98,0,89,0,98,98,98,1179,1.0,21.0,
1752,CURRENT_RUN_REAL_DATA,True,77,77,0,0,0,1,75,1,21,0,76,76,76,773,0.0,23.0,
1753,CURRENT_RUN_REAL_DATA,True,95,95,0,0,0,0,94,0,42,0,94,94,94,1108,2.0,30.0,
1754,CURRENT_RUN_REAL_DATA,True,104,104,0,0,0,0,103,0,28,0,103,103,103,1198,2.0,21.0,
1755,CURRENT_RUN_REAL_DATA,True,103,103,0,0,0,0,102,0,33,0,102,102,102,1189,1.0,28.0,
1756,CURRENT_RUN_REAL_DATA,True,120,120,0,0,0,1,118,0,17,0,119,119,119,1189,0.0,29.0,
1757,CURRENT_RUN_REAL_DATA,True,99,99,0,0,0,0,98,0,78,0,98,98,98,1195,9.0,21.0,
1758,CURRENT_RUN_REAL_DATA,True,100,100,0,0,0,0,99,0,87,0,99,99,99,1195,1.0,22.0,
1759,CURRENT_RUN_REAL_DATA,True,99,99,0,0,0,0,98,0,88,0,98,98,98,1190,6.0,30.0,
1760,CURRENT_RUN_REAL_DATA,True,121,121,0,0,0,3,117,3,14,0,120,120,120,1187,0.0,27.0,
1761,CURRENT_RUN_REAL_DATA,True,97,97,0,0,0,0,96,0,96,0,96,96,96,1185,9.0,27.0,
1762,CURRENT_RUN_REAL_DATA,True,99,99,0,0,0,0,98,0,77,0,98,98,98,1190,9.0,20.0,
1763,CURRENT_RUN_REAL_DATA,True,116,116,0,0,0,1,114,1,38,0,115,115,115,1191,0.0,25.0,
1764,CURRENT_RUN_REAL_DATA,True,98,98,0,0,0,1,96,1,27,1,97,97,97,1191,0.0,105.0,
1765,CURRENT_RUN_REAL_DATA,True,101,101,0,0,0,1,99,1,0,0,100,100,100,1190,0.0,21.0,
1766,CURRENT_RUN_REAL_DATA,True,100,100,0,0,0,0,99,0,89,0,99,99,99,1194,1.0,20.0,
1767,CURRENT_RUN_REAL_DATA,True,99,99,0,0,0,0,98,0,90,0,98,98,98,1190,5.0,21.0,
1768,CURRENT_RUN_REAL_DATA,True,99,99,0,0,0,0,98,0,78,0,98,98,98,1189,6.0,23.0,
1769,CURRENT_RUN_REAL_DATA,True,120,120,0,0,0,2,117,1,29,0,119,119,119,1195,0.0,22.0,
1770,CURRENT_RUN_REAL_DATA,True,98,98,0,0,0,0,97,0,77,0,97,97,97,1185,8.0,22.0,
1771,CURRENT_RUN_REAL_DATA,True,99,99,0,0,0,0,98,0,79,0,98,98,98,1190,8.0,20.0,
1772,CURRENT_RUN_REAL_DATA,True,100,100,0,0,0,0,99,0,75,0,99,99,99,1191,4.0,20.0,
1773,CURRENT_RUN_REAL_DATA,True,99,99,0,0,0,0,98,0,82,0,98,98,98,1186,4.0,28.0,
1774,CURRENT_RUN_REAL_DATA,True,98,98,0,0,0,0,97,0,78,0,97,97,97,1188,8.0,30.0,
1775,CURRENT_RUN_REAL_DATA,True,106,106,0,0,0,14,91,13,34,4,105,105,105,1188,0.0,118.0,
1776,CURRENT_RUN_REAL_DATA,True,99,99,0,0,0,0,98,0,79,0,98,98,98,1190,7.0,30.0,
1777,CURRENT_RUN_REAL_DATA,True,100,100,0,0,0,0,99,0,89,0,99,99,99,1190,3.0,21.0,
1778,CURRENT_RUN_REAL_DATA,True,111,111,0,0,0,0,110,0,21,0,110,110,110,1188,1.0,30.0,
1779,CURRENT_RUN_REAL_DATA,True,99,99,0,0,0,1,97,0,88,0,98,98,98,1190,0.0,26.0,
1780,CURRENT_RUN_REAL_DATA,True,101,101,0,0,0,66,34,48,42,4,100,100,100,850,0.0,287.0,
1781,CURRENT_RUN_REAL_DATA,True,99,99,0,0,0,0,98,0,88,0,98,98,98,1191,2.0,30.0,
1782,CURRENT_RUN_REAL_DATA,True,103,103,0,0,0,4,98,3,28,2,102,102,102,1186,0.0,43.0,
1783,CURRENT_RUN_REAL_DATA,True,109,109,0,0,0,1,107,1,24,0,108,108,108,1197,0.0,30.0,
1784,CURRENT_RUN_REAL_DATA,True,143,143,0,0,0,15,127,14,15,2,142,142,142,1190,0.0,53.0,
1785,CURRENT_RUN_REAL_DATA,True,99,99,0,0,0,0,98,0,93,0,98,98,98,1190,6.0,30.0,
1786,CURRENT_RUN_REAL_DATA,True,119,119,0,0,0,5,113,5,0,0,118,118,118,1194,0.0,25.0,
1787,CURRENT_RUN_REAL_DATA,True,98,98,0,0,0,0,97,0,87,0,97,97,97,1184,9.0,21.0,
1788,CURRENT_RUN_REAL_DATA,True,100,100,0,0,0,0,99,0,0,0,99,99,99,1191,5.0,21.0,
1789,CURRENT_RUN_REAL_DATA,True,101,101,0,0,0,0,100,0,78,0,100,100,100,1195,1.0,21.0,
1790,CURRENT_RUN_REAL_DATA,True,99,99,0,0,0,1,97,0,8,2,98,98,98,1192,0.0,60.0,
1791,CURRENT_RUN_REAL_DATA,True,98,98,0,0,0,0,97,0,76,0,97,97,97,1186,8.0,22.0,
1792,CURRENT_RUN_REAL_DATA,True,100,100,0,0,0,0,99,0,99,0,99,99,99,1191,3.0,21.0,
1793,CURRENT_RUN_REAL_DATA,True,163,163,0,0,0,9,153,8,15,0,162,162,162,1190,0.0,27.0,
1794,CURRENT_RUN_REAL_DATA,True,99,99,0,0,0,0,98,0,89,0,98,98,98,1179,3.0,21.0,
1795,CURRENT_RUN_REAL_DATA,True,101,101,0,0,0,0,100,0,90,0,100,100,100,1191,3.0,21.0,
1796,CURRENT_RUN_REAL_DATA,True,145,145,0,0,0,3,141,3,15,0,144,144,144,1189,0.0,22.0,
1797,CURRENT_RUN_REAL_DATA,True,147,147,0,0,0,6,140,6,22,1,146,146,146,1195,0.0,46.0,
1798,CURRENT_RUN_REAL_DATA,True,109,109,0,0,0,2,106,2,31,1,108,108,108,1186,0.0,35.0,
1799,CURRENT_RUN_REAL_DATA,True,100,100,0,0,0,0,99,0,0,0,99,99,99,1191,3.0,20.0,
1800,CURRENT_RUN_REAL_DATA,True,108,108,0,0,0,0,107,0,22,0,107,107,107,1191,1.0,30.0,
1801,CURRENT_RUN_REAL_DATA,True,100,100,0,0,0,0,99,0,79,0,99,99,99,1190,6.0,21.0,
1802,CURRENT_RUN_REAL_DATA,True,100,100,0,0,0,0,99,0,93,0,99,99,99,1191,1.0,22.0,
1803,CURRENT_RUN_REAL_DATA,True,116,116,0,0,0,4,111,4,0,1,115,115,115,1173,0.0,40.0,
1804,CURRENT_RUN_REAL_DATA,True,99,99,0,0,0,1,97,0,78,0,98,98,98,1186,0.0,22.0,
1805,CURRENT_RUN_REAL_DATA,True,100,100,0,0,0,0,99,0,81,0,99,99,99,1192,2.0,21.0,
1806,CURRENT_RUN_REAL_DATA,True,102,102,0,0,0,6,95,1,20,1,101,101,101,1191,0.0,83.0,
1807,CURRENT_RUN_REAL_DATA,True,124,124,0,0,0,2,121,2,11,0,123,123,123,1092,0.0,21.0,
1808,CURRENT_RUN_REAL_DATA,True,100,100,0,0,0,0,99,0,89,0,99,99,99,1187,7.0,21.0,
1809,CURRENT_RUN_REAL_DATA,True,99,99,0,0,0,0,98,0,88,0,98,98,98,1189,4.0,28.0,
1810,CURRENT_RUN_REAL_DATA,True,101,101,0,0,0,0,100,0,74,0,100,100,100,1193,4.0,21.0,
1811,CURRENT_RUN_REAL_DATA,True,97,97,0,0,0,1,95,0,66,1,96,96,96,1188,0.0,83.0,
1812,CURRENT_RUN_REAL_DATA,True,98,98,0,0,0,0,97,0,78,0,97,97,97,1191,8.0,30.0,
1813,CURRENT_RUN_REAL_DATA,True,99,99,0,0,0,0,98,0,1,0,98,98,98,1186,1.0,21.0,
1814,CURRENT_RUN_REAL_DATA,True,100,100,0,0,0,0,99,0,98,0,99,99,99,1194,3.0,20.0,
1815,CURRENT_RUN_REAL_DATA,True,105,105,0,0,0,2,102,2,36,1,104,104,104,1191,0.0,35.0,
1816,CURRENT_RUN_REAL_DATA,True,99,99,0,0,0,0,98,0,86,0,98,98,98,1189,4.0,22.0,
1817,CURRENT_RUN_REAL_DATA,True,99,99,0,0,0,0,98,0,78,0,98,98,98,1185,1.0,21.0,
1818,CURRENT_RUN_REAL_DATA,True,98,98,0,0,0,0,97,0,0,1,97,97,97,1192,9.0,31.0,
1819,CURRENT_RUN_REAL_DATA,True,118,118,0,0,0,16,101,13,11,3,117,117,117,1188,0.0,67.0,
1820,CURRENT_RUN_REAL_DATA,True,101,101,0,0,0,1,99,1,0,0,100,100,100,1188,0.0,30.0,
1821,CURRENT_RUN_REAL_DATA,True,100,100,0,0,0,0,99,0,79,0,99,99,99,1191,3.0,21.0,
1822,CURRENT_RUN_REAL_DATA,True,63,63,0,0,0,0,62,0,47,1,62,62,62,1188,10.0,430.0,
1823,CURRENT_RUN_REAL_DATA,True,100,100,0,0,0,6,93,2,11,4,99,99,99,1190,0.0,81.0,
1824,CURRENT_RUN_REAL_DATA,True,104,104,0,0,0,1,102,1,19,0,103,103,103,1194,0.0,25.0,
1825,CURRENT_RUN_REAL_DATA,True,116,116,0,0,0,3,112,3,4,0,115,115,115,1194,0.0,30.0,
1826,CURRENT_RUN_REAL_DATA,True,104,104,0,0,0,2,101,1,50,1,103,103,103,1188,0.0,84.0,
1827,CURRENT_RUN_REAL_DATA,True,102,102,0,0,0,5,96,3,25,3,101,101,101,1192,0.0,123.0,
1828,CURRENT_RUN_REAL_DATA,True,104,104,0,0,0,4,99,4,5,1,103,103,103,1195,0.0,46.0,
1829,CURRENT_RUN_REAL_DATA,True,98,98,0,0,0,0,97,0,77,0,97,97,97,1189,8.0,30.0,
1830,CURRENT_RUN_REAL_DATA,True,111,111,0,0,0,5,105,5,11,1,110,110,110,1193,0.0,36.0,
1831,CURRENT_RUN_REAL_DATA,True,103,103,0,0,0,0,102,0,0,1,102,102,102,1193,2.0,31.0,
1832,CURRENT_RUN_REAL_DATA,True,107,107,0,0,0,0,106,0,63,0,106,106,106,1192,1.0,21.0,
1833,CURRENT_RUN_REAL_DATA,True,99,99,0,0,0,0,98,0,88,0,98,98,98,1191,9.0,21.0,
1834,CURRENT_RUN_REAL_DATA,True,97,97,0,0,0,0,96,0,77,0,96,96,96,1186,9.0,30.0,
1835,CURRENT_RUN_REAL_DATA,True,100,100,0,0,0,0,99,0,89,0,99,99,99,1193,2.0,21.0,
1836,CURRENT_RUN_REAL_DATA,True,114,114,0,0,0,5,108,5,12,1,113,113,113,1192,0.0,42.0,
1837,CURRENT_RUN_REAL_DATA,True,121,121,0,0,0,17,103,17,0,2,120,120,120,1114,0.0,53.0,
1838,CURRENT_RUN_REAL_DATA,True,148,148,0,0,0,10,137,9,24,1,147,147,147,1195,0.0,65.0,
1839,CURRENT_RUN_REAL_DATA,True,99,99,0,0,0,0,98,0,90,0,98,98,98,1195,9.0,21.0,
1840,CURRENT_RUN_REAL_DATA,True,99,99,0,0,0,0,98,0,79,0,98,98,98,1188,7.0,28.0,
1841,CURRENT_RUN_REAL_DATA,True,105,105,0,0,0,5,99,4,7,2,104,104,104,1191,0.0,105.0,
1842,CURRENT_RUN_REAL_DATA,True,96,96,0,0,0,0,95,0,52,2,95,95,95,1186,1.0,41.0,
1843,CURRENT_RUN_REAL_DATA,True,100,100,0,0,0,0,99,0,92,0,99,99,99,1191,8.0,21.0,
1844,CURRENT_RUN_REAL_DATA,True,110,110,0,0,0,14,95,13,17,3,109,109,109,1191,0.0,109.0,
1845,CURRENT_RUN_REAL_DATA,True,98,98,0,0,0,1,96,0,71,1,97,97,97,1190,0.0,79.0,
1846,CURRENT_RUN_REAL_DATA,True,100,100,0,0,0,0,99,0,85,1,99,99,99,1189,3.0,31.0,
1847,CURRENT_RUN_REAL_DATA,True,104,104,0,0,0,6,97,4,61,1,103,103,103,1181,0.0,35.0,
1848,CURRENT_RUN_REAL_DATA,True,98,98,0,0,0,1,96,0,87,0,97,97,97,1189,0.0,30.0,
1849,CURRENT_RUN_REAL_DATA,True,99,99,0,0,0,0,98,0,2,0,98,98,98,1191,6.0,22.0,
1850,CURRENT_RUN_REAL_DATA,True,100,100,0,0,0,0,99,0,1,0,99,99,99,1190,1.0,21.0,
1851,CURRENT_RUN_REAL_DATA,True,106,106,0,0,0,0,105,0,16,1,105,105,105,1187,2.0,31.0,
1852,CURRENT_RUN_REAL_DATA,True,107,107,0,0,0,3,103,3,8,1,106,106,106,1192,0.0,77.0,
1853,CURRENT_RUN_REAL_DATA,True,101,101,0,0,0,0,100,0,83,0,100,100,100,1196,1.0,21.0,
1854,CURRENT_RUN_REAL_DATA,True,104,104,0,0,0,6,97,6,10,2,103,103,103,1191,0.0,68.0,
1855,CURRENT_RUN_REAL_DATA,True,132,132,0,0,0,6,125,5,29,1,131,131,131,1190,0.0,41.0,
1856,CURRENT_RUN_REAL_DATA,True,98,98,0,0,0,0,97,0,95,0,97,97,97,1190,6.0,30.0,
1857,CURRENT_RUN_REAL_DATA,True,106,106,0,0,0,0,105,0,31,1,105,105,105,1191,1.0,32.0,
1858,CURRENT_RUN_REAL_DATA,True,99,99,0,0,0,0,98,0,4,0,98,98,98,1189,8.0,28.0,
1859,CURRENT_RUN_REAL_DATA,True,99,99,0,0,0,0,98,0,92,0,98,98,98,1195,9.0,21.0,
1860,CURRENT_RUN_REAL_DATA,True,114,114,0,0,0,0,113,0,6,0,113,113,113,1192,1.0,23.0,
1861,CURRENT_RUN_REAL_DATA,True,110,110,0,0,0,0,109,0,17,0,109,109,109,1148,2.0,22.0,
1862,CURRENT_RUN_REAL_DATA,True,99,99,0,0,0,0,98,0,88,0,98,98,98,1191,7.0,21.0,
1863,CURRENT_RUN_REAL_DATA,True,119,119,0,0,0,1,117,1,13,0,118,118,118,1193,0.0,21.0,
1864,CURRENT_RUN_REAL_DATA,True,87,87,0,0,0,0,86,0,70,1,86,86,86,1184,2.0,162.0,
1865,CURRENT_RUN_REAL_DATA,True,99,99,0,0,0,0,98,0,74,0,98,98,98,1191,1.0,21.0,
1866,CURRENT_RUN_REAL_DATA,True,112,112,0,0,0,0,111,0,16,1,111,111,111,1190,1.0,40.0,
1867,CURRENT_RUN_REAL_DATA,True,95,95,0,0,0,21,73,16,5,3,94,94,94,1189,0.0,347.0,
1868,CURRENT_RUN_REAL_DATA,True,116,116,0,0,0,2,113,1,19,2,115,115,115,1195,0.0,66.0,
1869,CURRENT_RUN_REAL_DATA,True,100,100,0,0,0,1,98,1,0,1,99,99,99,1191,0.0,77.0,
1870,CURRENT_RUN_REAL_DATA,True,100,100,0,0,0,0,99,0,81,0,99,99,99,1190,5.0,21.0,
1871,CURRENT_RUN_REAL_DATA,True,101,101,0,0,0,2,98,2,28,0,100,100,100,1190,0.0,30.0,
1872,CURRENT_RUN_REAL_DATA,True,100,100,0,0,0,0,99,0,89,0,99,99,99,1191,3.0,21.0,
1873,CURRENT_RUN_REAL_DATA,True,98,98,0,0,0,0,97,0,91,0,97,97,97,1190,5.0,30.0,
1874,CURRENT_RUN_REAL_DATA,True,115,115,0,0,0,2,112,2,0,0,114,114,114,1193,0.0,30.0,
1875,CURRENT_RUN_REAL_DATA,True,98,98,0,0,0,0,97,0,87,0,97,97,97,1186,9.0,21.0,
1876,CURRENT_RUN_REAL_DATA,True,98,98,0,0,0,0,97,0,92,0,97,97,97,1195,8.0,30.0,
1877,CURRENT_RUN_REAL_DATA,True,99,99,0,0,0,0,98,0,78,0,98,98,98,1188,7.0,28.0,
1878,CURRENT_RUN_REAL_DATA,True,99,99,0,0,0,0,98,0,1,0,98,98,98,1191,9.0,21.0,
1879,CURRENT_RUN_REAL_DATA,True,100,100,0,0,0,0,99,0,79,0,99,99,99,1191,5.0,20.0,
1880,CURRENT_RUN_REAL_DATA,True,112,112,0,0,0,13,98,13,0,2,111,111,111,1190,0.0,99.0,
1881,CURRENT_RUN_REAL_DATA,True,128,128,0,0,0,4,123,3,24,0,127,127,127,1195,0.0,26.0,
1882,CURRENT_RUN_REAL_DATA,True,109,109,0,0,0,0,108,0,21,0,108,108,108,1194,1.0,30.0,
1883,CURRENT_RUN_REAL_DATA,True,98,98,0,0,0,0,97,0,87,0,97,97,97,1186,9.0,22.0,
1884,CURRENT_RUN_REAL_DATA,True,128,128,0,0,0,8,119,8,34,1,127,127,127,1196,0.0,142.0,
1885,CURRENT_RUN_REAL_DATA,True,91,91,0,0,0,0,90,0,14,2,90,90,90,1190,3.0,122.0,
1886,CURRENT_RUN_REAL_DATA,True,99,99,0,0,0,0,98,0,91,0,98,98,98,1190,7.0,30.0,
1887,CURRENT_RUN_REAL_DATA,True,98,98,0,0,0,0,97,0,0,0,97,97,97,1181,2.0,30.0,
1888,CURRENT_RUN_REAL_DATA,True,90,90,0,0,0,2,87,1,70,1,89,89,89,1194,0.0,167.0,
1889,CURRENT_RUN_REAL_DATA,True,124,124,0,0,0,11,112,11,8,2,123,123,123,1197,0.0,44.0,
1890,CURRENT_RUN_REAL_DATA,True,99,99,0,0,0,0,98,0,88,0,98,98,98,1187,5.0,21.0,
1891,CURRENT_RUN_REAL_DATA,True,100,100,0,0,0,0,99,0,50,0,99,99,99,1190,6.0,30.0,
1892,CURRENT_RUN_REAL_DATA,True,104,104,0,0,0,1,102,1,42,0,103,103,103,1195,0.0,22.0,
1893,CURRENT_RUN_REAL_DATA,True,100,100,0,0,0,0,99,0,79,0,99,99,99,1191,3.0,21.0,
1894,CURRENT_RUN_REAL_DATA,True,100,100,0,0,0,0,99,0,80,0,99,99,99,1191,3.0,21.0,
1895,CURRENT_RUN_REAL_DATA,True,102,102,0,0,0,0,101,0,81,0,101,101,101,1195,2.0,27.0,
1896,CURRENT_RUN_REAL_DATA,True,100,100,0,0,0,0,99,0,98,0,99,99,99,1191,3.0,21.0,
1897,CURRENT_RUN_REAL_DATA,True,98,98,0,0,0,0,97,0,77,1,97,97,97,1187,6.0,31.0,
1898,CURRENT_RUN_REAL_DATA,True,83,83,0,0,0,0,82,0,1,2,82,82,82,1191,1.0,157.0,
1899,CURRENT_RUN_REAL_DATA,True,106,106,0,0,0,18,87,18,4,3,105,105,105,1186,0.0,136.0,
1900,CURRENT_RUN_REAL_DATA,True,99,99,0,0,0,0,98,0,78,0,98,98,98,1189,8.0,22.0,
1901,CURRENT_RUN_REAL_DATA,True,100,100,0,0,0,0,99,0,99,0,99,99,99,1189,1.0,22.0,
1902,CURRENT_RUN_REAL_DATA,True,100,100,0,0,0,0,99,0,89,0,99,99,99,1189,1.0,22.0,
1903,CURRENT_RUN_REAL_DATA,True,106,106,0,0,0,2,103,2,45,0,105,105,105,1186,0.0,21.0,
1904,CURRENT_RUN_REAL_DATA,True,104,104,0,0,0,1,102,1,13,1,103,103,103,1191,0.0,32.0,
1905,CURRENT_RUN_REAL_DATA,True,100,100,0,0,0,0,99,0,89,0,99,99,99,1191,4.0,20.0,
1906,CURRENT_RUN_REAL_DATA,True,99,99,0,0,0,3,95,1,88,0,98,98,98,1141,0.0,22.0,
1907,CURRENT_RUN_REAL_DATA,True,102,102,0,0,0,0,101,0,44,0,101,101,101,1190,4.0,23.0,
1908,CURRENT_RUN_REAL_DATA,True,99,99,0,0,0,0,98,0,83,0,98,98,98,1189,8.0,22.0,
1909,CURRENT_RUN_REAL_DATA,True,99,99,0,0,0,0,98,0,78,0,98,98,98,1195,3.0,30.0,
1910,CURRENT_RUN_REAL_DATA,True,100,100,0,0,0,0,99,0,79,0,99,99,99,1191,1.0,21.0,
1911,CURRENT_RUN_REAL_DATA,True,100,100,0,0,0,0,99,0,11,0,99,99,99,1191,5.0,21.0,
1912,CURRENT_RUN_REAL_DATA,True,100,100,0,0,0,0,99,0,99,0,99,99,99,1194,1.0,21.0,
1913,CURRENT_RUN_REAL_DATA,True,118,118,0,0,0,7,110,6,10,1,117,117,117,1191,0.0,41.0,
1914,CURRENT_RUN_REAL_DATA,True,99,99,0,0,0,0,98,0,93,0,98,98,98,1191,9.0,21.0,
1915,CURRENT_RUN_REAL_DATA,True,96,96,0,0,0,0,95,0,73,0,95,95,95,1138,3.0,22.0,
1916,CURRENT_RUN_REAL_DATA,True,107,107,0,0,0,1,105,1,26,0,106,106,106,1186,0.0,30.0,
1917,CURRENT_RUN_REAL_DATA,True,99,99,0,0,0,0,98,0,79,0,98,98,98,1190,1.0,27.0,
1918,CURRENT_RUN_REAL_DATA,True,102,102,0,0,0,0,101,0,41,0,101,101,101,1189,1.0,24.0,
1919,CURRENT_RUN_REAL_DATA,True,98,98,0,0,0,0,97,0,97,0,97,97,97,1191,9.0,21.0,
1920,CURRENT_RUN_REAL_DATA,True,111,111,0,0,0,4,106,4,18,0,110,110,110,1195,0.0,30.0,
1921,CURRENT_RUN_REAL_DATA,True,100,100,0,0,0,0,99,0,99,0,99,99,99,1194,1.0,21.0,
1922,CURRENT_RUN_REAL_DATA,True,99,99,0,0,0,0,98,0,98,0,98,98,98,1179,3.0,21.0,
1923,CURRENT_RUN_REAL_DATA,True,93,93,0,0,0,0,92,0,75,0,92,92,92,1101,4.0,20.0,
1924,CURRENT_RUN_REAL_DATA,True,102,102,0,0,0,0,101,0,82,0,101,101,101,1194,1.0,22.0,
1925,CURRENT_RUN_REAL_DATA,True,99,99,0,0,0,0,98,0,98,0,98,98,98,1186,7.0,21.0,
1926,CURRENT_RUN_REAL_DATA,True,98,98,0,0,0,0,97,0,97,0,97,97,97,1191,9.0,30.0,
1927,CURRENT_RUN_REAL_DATA,True,115,115,0,0,0,1,113,1,9,0,114,114,114,1186,0.0,25.0,
1928,CURRENT_RUN_REAL_DATA,True,98,98,0,0,0,0,97,0,4,0,97,97,97,1186,9.0,21.0,
1929,CURRENT_RUN_REAL_DATA,True,101,101,0,0,0,0,100,0,12,0,100,100,100,1191,1.0,21.0,
1930,CURRENT_RUN_REAL_DATA,True,100,100,0,0,0,1,98,1,0,0,99,99,99,1194,0.0,21.0,
1931,CURRENT_RUN_REAL_DATA,True,98,98,0,0,0,0,97,0,88,0,97,97,97,1179,8.0,21.0,
1932,CURRENT_RUN_REAL_DATA,True,101,101,0,0,0,3,97,3,15,1,100,100,100,1175,0.0,35.0,
1933,CURRENT_RUN_REAL_DATA,True,100,100,0,0,0,0,99,0,93,0,99,99,99,1187,5.0,20.0,
1934,CURRENT_RUN_REAL_DATA,True,108,108,0,0,0,1,106,1,52,0,107,107,107,1191,0.0,23.0,
1935,CURRENT_RUN_REAL_DATA,True,98,98,0,0,0,0,97,0,97,0,97,97,97,1190,8.0,29.0,
1936,CURRENT_RUN_REAL_DATA,True,99,99,0,0,0,6,92,2,77,3,98,98,98,1192,0.0,40.0,
1937,CURRENT_RUN_REAL_DATA,True,100,100,0,0,0,0,99,0,99,0,99,99,99,1191,6.0,21.0,
1938,CURRENT_RUN_REAL_DATA,True,97,97,0,0,0,0,96,0,76,0,96,96,96,1186,9.0,30.0,
1939,CURRENT_RUN_REAL_DATA,True,102,102,0,0,0,3,98,3,31,1,101,101,101,1190,0.0,34.0,
1940,CURRENT_RUN_REAL_DATA,True,99,99,0,0,0,0,98,0,98,0,98,98,98,1190,8.0,22.0,
1941,CURRENT_RUN_REAL_DATA,True,106,106,0,0,0,3,102,3,9,0,105,105,105,1180,0.0,30.0,
1942,CURRENT_RUN_REAL_DATA,True,99,99,0,0,0,0,98,0,79,0,98,98,98,1194,5.0,26.0,
1943,CURRENT_RUN_REAL_DATA,True,94,94,0,0,0,15,78,9,26,3,93,93,93,999,0.0,60.0,
1944,CURRENT_RUN_REAL_DATA,True,109,109,0,0,0,0,108,0,2,0,108,108,108,1193,1.0,21.0,
1945,CURRENT_RUN_REAL_DATA,True,101,101,0,0,0,0,100,0,92,0,100,100,100,1193,2.0,30.0,
1946,CURRENT_RUN_REAL_DATA,True,95,95,0,0,0,0,94,0,4,1,94,94,94,1189,1.0,189.0,
1947,CURRENT_RUN_REAL_DATA,True,72,72,0,0,0,5,66,0,71,1,71,71,71,1187,0.0,392.0,
1948,CURRENT_RUN_REAL_DATA,True,101,101,0,0,0,1,99,1,6,0,100,100,100,1190,0.0,27.0,
1949,CURRENT_RUN_REAL_DATA,True,100,100,0,0,0,0,99,0,91,0,99,99,99,1190,4.0,21.0,
1950,CURRENT_RUN_REAL_DATA,True,100,100,0,0,0,0,99,0,19,0,99,99,99,1192,3.0,21.0,
1951,CURRENT_RUN_REAL_DATA,True,108,108,0,0,0,12,95,12,0,3,107,107,107,1191,0.0,55.0,
1952,CURRENT_RUN_REAL_DATA,True,114,114,0,0,0,0,113,0,15,0,113,113,113,1194,1.0,21.0,
1953,CURRENT_RUN_REAL_DATA,True,99,99,0,0,0,0,98,0,98,0,98,98,98,1192,9.0,21.0,
1954,CURRENT_RUN_REAL_DATA,True,116,116,0,0,0,3,112,2,25,1,115,115,115,1193,0.0,103.0,
1955,CURRENT_RUN_REAL_DATA,True,110,110,0,0,0,7,102,7,8,1,109,109,109,1192,0.0,52.0,
1956,CURRENT_RUN_REAL_DATA,True,105,105,0,0,0,4,100,4,0,1,104,104,104,1197,0.0,63.0,
1957,CURRENT_RUN_REAL_DATA,True,98,98,0,0,0,0,97,0,93,0,97,97,97,1179,7.0,21.0,
1958,CURRENT_RUN_REAL_DATA,True,100,100,0,0,0,0,99,0,89,0,99,99,99,1193,1.0,21.0,
1959,CURRENT_RUN_REAL_DATA,True,103,103,0,0,0,1,101,1,39,0,102,102,102,1190,0.0,22.0,
1960,CURRENT_RUN_REAL_DATA,True,100,100,0,0,0,0,99,0,80,0,99,99,99,1193,2.0,21.0,
1961,CURRENT_RUN_REAL_DATA,True,104,104,0,0,0,0,103,0,24,0,103,103,103,1189,2.0,28.0,
1962,CURRENT_RUN_REAL_DATA,True,99,99,0,0,0,0,98,0,98,0,98,98,98,1190,9.0,21.0,
1963,CURRENT_RUN_REAL_DATA,True,108,108,0,0,0,2,105,1,27,0,107,107,107,1192,0.0,21.0,
1964,CURRENT_RUN_REAL_DATA,True,99,99,0,0,0,0,98,0,98,0,98,98,98,1194,9.0,22.0,
1965,CURRENT_RUN_REAL_DATA,True,99,99,0,0,0,0,98,0,80,0,98,98,98,1195,6.0,23.0,
1966,CURRENT_RUN_REAL_DATA,True,101,101,0,0,0,1,99,1,0,0,100,100,100,1195,0.0,21.0,
1967,CURRENT_RUN_REAL_DATA,True,98,98,0,0,0,0,97,0,69,0,97,97,97,1188,2.0,30.0,
1968,CURRENT_RUN_REAL_DATA,True,120,120,0,0,0,18,101,13,32,2,119,119,119,1186,0.0,65.0,
1969,CURRENT_RUN_REAL_DATA,True,98,98,0,0,0,0,97,0,77,0,97,97,97,1195,9.0,29.0,
1970,CURRENT_RUN_REAL_DATA,True,99,99,0,0,0,0,98,0,79,0,98,98,98,1186,1.0,21.0,
1971,CURRENT_RUN_REAL_DATA,True,99,99,0,0,0,0,98,0,89,0,98,98,98,1189,6.0,22.0,
1972,CURRENT_RUN_REAL_DATA,True,104,104,0,0,0,0,103,0,62,0,103,103,103,1194,1.0,22.0,
1973,CURRENT_RUN_REAL_DATA,True,100,100,0,0,0,0,99,0,65,0,99,99,99,1191,5.0,21.0,
1974,CURRENT_RUN_REAL_DATA,True,99,99,0,0,0,0,98,0,2,0,98,98,98,1180,4.0,21.0,
1975,CURRENT_RUN_REAL_DATA,True,95,95,0,0,0,0,94,0,94,1,94,94,94,1165,9.0,31.0,
1976,CURRENT_RUN_REAL_DATA,True,100,100,0,0,0,0,99,0,93,0,99,99,99,1193,3.0,21.0,
1977,CURRENT_RUN_REAL_DATA,True,115,115,0,0,0,9,105,9,13,1,114,114,114,1193,0.0,47.0,
1978,CURRENT_RUN_REAL_DATA,True,125,125,0,0,0,3,121,3,14,0,124,124,124,1194,0.0,30.0,
1979,CURRENT_RUN_REAL_DATA,True,101,101,0,0,0,1,99,1,67,0,100,100,100,1190,0.0,21.0,
1980,CURRENT_RUN_REAL_DATA,True,100,100,0,0,0,0,99,0,7,0,99,99,99,1188,1.0,30.0,
1981,CURRENT_RUN_REAL_DATA,True,99,99,0,0,0,1,97,0,98,0,98,98,98,1193,0.0,29.0,
1982,CURRENT_RUN_REAL_DATA,True,100,100,0,0,0,0,99,0,79,0,99,99,99,1191,3.0,20.0,
1983,CURRENT_RUN_REAL_DATA,True,90,90,0,0,0,1,88,0,10,2,89,89,89,1194,0.0,130.0,
1984,CURRENT_RUN_REAL_DATA,True,98,98,0,0,0,0,97,0,70,0,97,97,97,1186,9.0,21.0,
1985,CURRENT_RUN_REAL_DATA,True,110,110,0,0,0,3,106,3,16,2,109,109,109,1196,0.0,35.0,
1986,CURRENT_RUN_REAL_DATA,True,99,99,0,0,0,1,97,0,98,0,98,98,98,1181,0.0,23.0,
1987,CURRENT_RUN_REAL_DATA,True,106,106,0,0,0,0,105,0,1,0,105,105,105,1194,1.0,21.0,
1988,CURRENT_RUN_REAL_DATA,True,99,99,0,0,0,0,98,0,95,0,98,98,98,1188,6.0,28.0,
1989,CURRENT_RUN_REAL_DATA,True,101,101,0,0,0,0,100,0,72,1,100,100,100,1187,1.0,65.0,
1990,CURRENT_RUN_REAL_DATA,True,100,100,0,0,0,0,99,0,79,0,99,99,99,1187,6.0,27.0,
1991,CURRENT_RUN_REAL_DATA,True,100,100,0,0,0,0,99,0,89,0,99,99,99,1191,5.0,21.0,
1992,CURRENT_RUN_REAL_DATA,True,99,99,0,0,0,0,98,0,7,1,98,98,98,1182,1.0,33.0,
1993,CURRENT_RUN_REAL_DATA,True,107,107,0,0,0,1,105,1,22,0,106,106,106,1186,0.0,30.0,
1994,CURRENT_RUN_REAL_DATA,True,99,99,0,0,0,0,98,0,78,0,98,98,98,1189,6.0,22.0,
1995,CURRENT_RUN_REAL_DATA,True,100,100,0,0,0,1,98,0,96,0,99,99,99,1194,0.0,21.0,
1996,CURRENT_RUN_REAL_DATA,True,100,100,0,0,0,0,99,0,99,0,99,99,99,1195,1.0,21.0,
1997,CURRENT_RUN_REAL_DATA,True,114,114,0,0,0,5,108,5,11,0,113,113,113,1120,0.0,23.0,
1998,CURRENT_RUN_REAL_DATA,True,100,100,0,0,0,0,99,0,91,0,99,99,99,1190,4.0,20.0,
1999,CURRENT_RUN_REAL_DATA,True,112,112,0,0,0,2,109,2,28,0,111,111,111,1191,0.0,30.0,
2000,CURRENT_RUN_REAL_DATA,True,106,106,0,0,0,2,103,1,36,0,105,105,105,1190,0.0,24.0,
2001,CURRENT_RUN_REAL_DATA,True,100,100,0,0,0,0,99,0,92,0,99,99,99,1190,4.0,21.0,
2002,CURRENT_RUN_REAL_DATA,True,123,123,0,0,0,4,118,3,40,0,122,122,122,1187,0.0,25.0,
2003,CURRENT_RUN_REAL_DATA,True,99,99,0,0,0,0,98,0,88,0,98,98,98,1188,7.0,28.0,
2004,CURRENT_RUN_REAL_DATA,True,102,102,0,0,0,0,101,0,51,0,101,101,101,1191,2.0,20.0,
2005,CURRENT_RUN_REAL_DATA,True,100,100,0,0,0,0,99,0,99,0,99,99,99,1187,7.0,21.0,
2006,CURRENT_RUN_REAL_DATA,True,97,97,0,0,0,0,96,0,90,0,96,96,96,1185,6.0,29.0,
2007,CURRENT_RUN_REAL_DATA,True,100,100,0,0,0,0,99,0,90,0,99,99,99,1195,1.0,21.0,
2008,CURRENT_RUN_REAL_DATA,True,109,109,0,0,0,7,101,7,22,3,108,108,108,1186,0.0,44.0,
2009,CURRENT_RUN_REAL_DATA,True,110,110,0,0,0,1,108,1,0,0,109,109,109,1193,0.0,30.0,
2010,CURRENT_RUN_REAL_DATA,True,106,106,0,0,0,2,103,2,25,1,105,105,105,1078,0.0,46.0,
2011,CURRENT_RUN_REAL_DATA,True,87,87,0,0,0,0,86,0,26,1,86,86,86,1121,1.0,127.0,
2012,CURRENT_RUN_REAL_DATA,True,102,102,0,0,0,0,101,0,23,0,101,101,101,1070,1.0,21.0,
2013,CURRENT_RUN_REAL_DATA,True,115,115,0,0,0,1,113,1,11,0,114,114,114,1190,0.0,30.0,
2014,CURRENT_RUN_REAL_DATA,True,100,100,0,0,0,6,93,6,5,1,99,99,99,1190,0.0,72.0,
2015,CURRENT_RUN_REAL_DATA,True,100,100,0,0,0,0,99,0,17,0,99,99,99,1190,1.0,30.0,
2016,CURRENT_RUN_REAL_DATA,True,99,99,0,0,0,0,98,0,78,0,98,98,98,1195,8.0,22.0,
2017,CURRENT_RUN_REAL_DATA,True,98,98,0,0,0,0,97,0,89,0,97,97,97,1195,10.0,30.0,
2018,CURRENT_RUN_REAL_DATA,True,108,108,0,0,0,3,104,3,6,1,107,107,107,1193,0.0,75.0,
2019,CURRENT_RUN_REAL_DATA,True,100,100,0,0,0,0,99,0,81,0,99,99,99,1192,4.0,20.0,
2020,CURRENT_RUN_REAL_DATA,True,108,108,0,0,0,7,100,7,56,1,107,107,107,1188,0.0,88.0,
2021,CURRENT_RUN_REAL_DATA,True,100,100,0,0,0,0,99,0,79,0,99,99,99,1190,5.0,20.0,
2022,CURRENT_RUN_REAL_DATA,True,103,103,0,0,0,1,101,0,32,1,102,102,102,1195,0.0,82.0,
2023,CURRENT_RUN_REAL_DATA,True,100,100,0,0,0,0,99,0,47,0,99,99,99,1191,1.0,20.0,
2024,CURRENT_RUN_REAL_DATA,True,113,113,0,0,0,1,111,0,6,0,112,112,112,1170,0.0,22.0,
2025,CURRENT_RUN_REAL_DATA,True,101,101,0,0,0,0,100,0,81,0,100,100,100,1190,6.0,20.0,
2026,CURRENT_RUN_REAL_DATA,True,99,99,0,0,0,0,98,0,51,0,98,98,98,1195,9.0,21.0,
2027,CURRENT_RUN_REAL_DATA,True,98,98,0,0,0,3,94,0,97,1,97,97,97,1197,0.0,47.0,
2028,CURRENT_RUN_REAL_DATA,True,99,99,0,0,0,0,98,0,78,0,98,98,98,1187,7.0,21.0,
2029,CURRENT_RUN_REAL_DATA,True,99,99,0,0,0,0,98,0,88,0,98,98,98,1195,9.0,21.0,
2030,CURRENT_RUN_REAL_DATA,True,104,104,0,0,0,0,103,0,31,0,103,103,103,1194,1.0,22.0,
2031,CURRENT_RUN_REAL_DATA,True,99,99,0,0,0,0,98,0,78,0,98,98,98,1190,9.0,21.0,
2032,CURRENT_RUN_REAL_DATA,True,99,99,0,0,0,0,98,0,76,0,98,98,98,1193,9.0,20.0,
2033,CURRENT_RUN_REAL_DATA,True,100,100,0,0,0,0,99,0,89,0,99,99,99,1190,1.0,22.0,
2034,CURRENT_RUN_REAL_DATA,True,93,93,0,0,0,3,89,3,59,1,92,92,92,1191,0.0,133.0,
2035,CURRENT_RUN_REAL_DATA,True,99,99,0,0,0,0,98,0,91,0,98,98,98,1190,10.0,20.0,
2036,CURRENT_RUN_REAL_DATA,True,101,101,0,0,0,0,100,0,28,0,100,100,100,1187,1.0,22.0,
2037,CURRENT_RUN_REAL_DATA,True,44,44,0,0,0,0,43,0,43,1,43,43,43,750,10.0,251.0,
2038,CURRENT_RUN_REAL_DATA,True,107,107,0,0,0,5,101,5,18,1,106,106,106,1186,0.0,38.0,
2039,CURRENT_RUN_REAL_DATA,True,81,81,0,0,0,5,75,4,39,2,80,80,80,1078,0.0,179.0,
2040,CURRENT_RUN_REAL_DATA,True,100,100,0,0,0,0,99,0,93,0,99,99,99,1191,2.0,21.0,
2041,CURRENT_RUN_REAL_DATA,True,88,88,0,0,0,2,85,2,0,3,87,87,87,1188,0.0,124.0,
2042,CURRENT_RUN_REAL_DATA,True,94,94,0,0,0,0,93,0,23,0,93,93,93,1058,1.0,29.0,
2043,CURRENT_RUN_REAL_DATA,True,100,100,0,0,0,0,99,0,21,0,99,99,99,1191,4.0,20.0,
2044,CURRENT_RUN_REAL_DATA,True,100,100,0,0,0,0,99,0,77,0,99,99,99,1193,1.0,20.0,
2045,CURRENT_RUN_REAL_DATA,True,93,93,0,0,0,31,61,27,5,2,92,92,92,1152,0.0,450.0,
2046,CURRENT_RUN_REAL_DATA,True,97,97,0,0,0,9,87,6,26,4,96,96,96,1190,0.0,42.0,
2047,CURRENT_RUN_REAL_DATA,True,110,110,0,0,0,0,109,0,3,0,109,109,109,1192,1.0,26.0,
2048,CURRENT_RUN_REAL_DATA,True,98,98,0,0,0,0,97,0,75,0,97,97,97,1186,2.0,30.0,
2049,CURRENT_RUN_REAL_DATA,True,102,102,0,0,0,1,100,0,92,0,101,101,101,1192,0.0,21.0,
2050,CURRENT_RUN_REAL_DATA,True,100,100,0,0,0,0,99,0,89,0,99,99,99,1190,4.0,21.0,
2051,CURRENT_RUN_REAL_DATA,True,100,100,0,0,0,7,92,5,56,2,99,99,99,1186,0.0,75.0,
2052,CURRENT_RUN_REAL_DATA,True,107,107,0,0,0,6,100,6,3,2,106,106,106,1186,0.0,86.0,
2053,CURRENT_RUN_REAL_DATA,True,105,105,0,0,0,1,103,1,4,1,104,104,104,1188,0.0,31.0,
2054,CURRENT_RUN_REAL_DATA,True,127,127,0,0,0,78,48,71,21,1,126,126,126,956,0.0,466.0,
2055,CURRENT_RUN_REAL_DATA,True,98,98,0,0,0,0,97,0,97,0,97,97,97,1192,9.0,22.0,
2056,CURRENT_RUN_REAL_DATA,True,119,119,0,0,0,14,104,14,18,2,118,118,118,1189,0.0,51.0,
2057,CURRENT_RUN_REAL_DATA,True,100,100,0,0,0,0,99,0,89,0,99,99,99,1190,4.0,21.0,
2058,CURRENT_RUN_REAL_DATA,True,100,100,0,0,0,0,99,0,79,0,99,99,99,1190,4.0,21.0,
2059,CURRENT_RUN_REAL_DATA,True,77,77,0,0,0,0,76,0,1,3,76,76,76,1191,10.0,190.0,
2060,CURRENT_RUN_REAL_DATA,True,100,100,0,0,0,0,99,0,90,0,99,99,99,1193,2.0,20.0,
2061,CURRENT_RUN_REAL_DATA,True,104,104,0,0,0,0,103,0,9,1,103,103,103,1094,1.0,70.0,
2062,CURRENT_RUN_REAL_DATA,True,99,99,0,0,0,0,98,0,94,0,98,98,98,1186,2.0,21.0,
2063,CURRENT_RUN_REAL_DATA,True,136,136,0,0,0,5,130,4,19,0,135,135,135,1186,0.0,30.0,
2064,CURRENT_RUN_REAL_DATA,True,101,101,0,0,0,0,100,0,9,0,100,100,100,1161,1.0,23.0,
2065,CURRENT_RUN_REAL_DATA,True,113,113,0,0,0,0,112,0,0,0,112,112,112,1191,1.0,30.0,
2066,CURRENT_RUN_REAL_DATA,True,100,100,0,0,0,0,99,0,79,0,99,99,99,1187,6.0,20.0,
2067,CURRENT_RUN_REAL_DATA,True,101,101,0,0,0,3,97,2,40,1,100,100,100,1183,0.0,42.0,
2068,CURRENT_RUN_REAL_DATA,True,99,99,0,0,0,0,98,0,0,0,98,98,98,1195,8.0,21.0,
2069,CURRENT_RUN_REAL_DATA,True,109,109,0,0,0,1,107,1,0,0,108,108,108,1193,0.0,23.0,
2070,CURRENT_RUN_REAL_DATA,True,111,111,0,0,0,2,108,1,19,0,110,110,110,1184,0.0,29.0,
2071,CURRENT_RUN_REAL_DATA,True,99,99,0,0,0,2,96,1,72,1,98,98,98,1191,0.0,97.0,
2072,CURRENT_RUN_REAL_DATA,True,99,99,0,0,0,2,96,2,24,1,98,98,98,1191,0.0,118.0,
2073,CURRENT_RUN_REAL_DATA,True,99,99,0,0,0,0,98,0,78,0,98,98,98,1190,9.0,21.0,
2074,CURRENT_RUN_REAL_DATA,True,109,109,0,0,0,1,107,0,26,0,108,108,108,1191,0.0,24.0,
2075,CURRENT_RUN_REAL_DATA,True,107,107,0,0,0,1,105,0,22,0,106,106,106,1192,0.0,25.0,
2076,CURRENT_RUN_REAL_DATA,True,100,100,0,0,0,0,99,0,90,0,99,99,99,1191,1.0,24.0,
2077,CURRENT_RUN_REAL_DATA,True,102,102,0,0,0,6,95,6,9,1,101,101,101,1194,0.0,45.0,
2078,CURRENT_RUN_REAL_DATA,True,107,107,0,0,0,12,94,12,30,3,106,106,106,1187,0.0,112.0,
2079,CURRENT_RUN_REAL_DATA,True,103,103,0,0,0,3,99,3,13,1,102,102,102,1190,0.0,42.0,
2080,CURRENT_RUN_REAL_DATA,True,97,97,0,0,0,0,96,0,93,0,96,96,96,1185,9.0,29.0,
2081,CURRENT_RUN_REAL_DATA,True,99,99,0,0,0,0,98,0,98,0,98,98,98,1193,1.0,30.0,
2082,CURRENT_RUN_REAL_DATA,True,100,100,0,0,0,0,99,0,59,0,99,99,99,1190,7.0,21.0,
2083,CURRENT_RUN_REAL_DATA,True,100,100,0,0,0,0,99,0,79,0,99,99,99,1190,5.0,20.0,
2084,CURRENT_RUN_REAL_DATA,True,107,107,0,0,0,4,102,4,21,2,106,106,106,1187,0.0,40.0,
2085,CURRENT_RUN_REAL_DATA,True,98,98,0,0,0,0,97,0,0,3,97,97,97,1189,1.0,76.0,
2086,CURRENT_RUN_REAL_DATA,True,112,112,0,0,0,0,111,0,0,0,111,111,111,1186,1.0,25.0,
2087,CURRENT_RUN_REAL_DATA,True,100,100,0,0,0,0,99,0,89,0,99,99,99,1191,1.0,20.0,
2088,CURRENT_RUN_REAL_DATA,True,110,110,0,0,0,4,105,4,35,1,109,109,109,1191,0.0,95.0,
2089,CURRENT_RUN_REAL_DATA,True,100,100,0,0,0,1,98,0,81,0,99,99,99,1195,0.0,21.0,
2090,CURRENT_RUN_REAL_DATA,True,108,108,0,0,0,15,92,15,18,2,107,107,107,1150,0.0,69.0,
2091,CURRENT_RUN_REAL_DATA,True,108,108,0,0,0,13,94,11,40,1,107,107,107,1188,0.0,139.0,
2092,CURRENT_RUN_REAL_DATA,True,100,100,0,0,0,0,99,0,90,0,99,99,99,1191,3.0,20.0,
2093,CURRENT_RUN_REAL_DATA,True,99,99,0,0,0,0,98,0,88,0,98,98,98,1189,7.0,30.0,
2094,CURRENT_RUN_REAL_DATA,True,107,107,0,0,0,0,106,0,22,0,106,106,106,1188,1.0,27.0,
2095,CURRENT_RUN_REAL_DATA,True,157,157,0,0,0,21,135,21,23,1,156,156,156,1191,0.0,33.0,
2096,CURRENT_RUN_REAL_DATA,True,98,98,0,0,0,0,97,0,89,0,97,97,97,1186,6.0,28.0,
2097,CURRENT_RUN_REAL_DATA,True,100,100,0,0,0,0,99,0,79,0,99,99,99,1191,2.0,25.0,
2098,CURRENT_RUN_REAL_DATA,True,99,99,0,0,0,0,98,0,4,0,98,98,98,1187,6.0,27.0,
2099,CURRENT_RUN_REAL_DATA,True,81,81,0,0,0,0,80,0,51,3,80,80,80,1017,3.0,49.0,
2100,CURRENT_RUN_REAL_DATA,True,100,100,0,0,0,0,99,0,79,0,99,99,99,1187,6.0,20.0,
2101,CURRENT_RUN_REAL_DATA,True,142,142,0,0,0,1,140,1,16,0,141,141,141,1186,0.0,24.0,
2102,CURRENT_RUN_REAL_DATA,True,98,98,0,0,0,0,97,0,87,0,97,97,97,1186,8.0,22.0,
2103,CURRENT_RUN_REAL_DATA,True,94,94,0,0,0,1,92,1,0,2,93,93,93,1184,0.0,57.0,
2104,CURRENT_RUN_REAL_DATA,True,101,101,0,0,0,0,100,0,82,0,100,100,100,1191,1.0,24.0,
2105,CURRENT_RUN_REAL_DATA,True,99,99,0,0,0,5,93,5,0,1,98,98,98,1119,0.0,85.0,
2106,CURRENT_RUN_REAL_DATA,True,100,100,0,0,0,0,99,0,80,0,99,99,99,1195,1.0,20.0,
2107,CURRENT_RUN_REAL_DATA,True,99,99,0,0,0,0,98,0,89,0,98,98,98,1179,5.0,21.0,
2108,CURRENT_RUN_REAL_DATA,True,99,99,0,0,0,0,98,0,0,1,98,98,98,1191,2.0,31.0,
2109,CURRENT_RUN_REAL_DATA,True,100,100,0,0,0,0,99,0,79,0,99,99,99,1194,1.0,20.0,
2110,CURRENT_RUN_REAL_DATA,True,152,152,0,0,0,5,146,5,29,1,151,151,151,1147,0.0,31.0,
2111,CURRENT_RUN_REAL_DATA,True,104,104,0,0,0,1,102,0,29,0,103,103,103,1186,0.0,28.0,
2112,CURRENT_RUN_REAL_DATA,True,100,100,0,0,0,0,99,0,82,0,99,99,99,1191,4.0,22.0,
2113,CURRENT_RUN_REAL_DATA,True,98,98,0,0,0,0,97,0,87,0,97,97,97,1186,9.0,21.0,
2114,CURRENT_RUN_REAL_DATA,True,100,100,0,0,0,0,99,0,91,0,99,99,99,1191,3.0,21.0,
2115,CURRENT_RUN_REAL_DATA,True,101,101,0,0,0,2,98,2,36,0,100,100,100,1194,0.0,30.0,
2116,CURRENT_RUN_REAL_DATA,True,100,100,0,0,0,0,99,0,92,0,99,99,99,1187,6.0,22.0,
2117,CURRENT_RUN_REAL_DATA,True,111,111,0,0,0,2,108,2,0,0,110,110,110,1193,0.0,30.0,
2118,CURRENT_RUN_REAL_DATA,True,111,111,0,0,0,1,109,0,50,0,110,110,110,1190,0.0,22.0,
2119,CURRENT_RUN_REAL_DATA,True,99,99,0,0,0,0,98,0,64,0,98,98,98,1195,9.0,21.0,
2120,CURRENT_RUN_REAL_DATA,True,103,103,0,0,0,0,102,0,38,1,102,102,102,1187,1.0,33.0,
2121,CURRENT_RUN_REAL_DATA,True,99,99,0,0,0,0,98,0,5,0,98,98,98,1189,9.0,21.0,
2122,CURRENT_RUN_REAL_DATA,True,101,101,0,0,0,0,100,0,22,1,100,100,100,1195,1.0,70.0,
2123,CURRENT_RUN_REAL_DATA,True,98,98,0,0,0,0,97,0,87,0,97,97,97,1195,9.0,30.0,
2124,CURRENT_RUN_REAL_DATA,True,104,104,0,0,0,1,102,0,30,0,103,103,103,1193,0.0,29.0,
2125,CURRENT_RUN_REAL_DATA,True,104,104,0,0,0,0,103,0,0,0,103,103,103,1195,1.0,23.0,
2126,CURRENT_RUN_REAL_DATA,True,100,100,0,0,0,1,98,1,1,0,99,99,99,1190,0.0,23.0,
2127,CURRENT_RUN_REAL_DATA,True,108,108,0,0,0,4,103,4,26,1,107,107,107,1195,0.0,57.0,
2128,CURRENT_RUN_REAL_DATA,True,117,117,0,0,0,0,116,0,20,0,116,116,116,1189,1.0,27.0,
2129,CURRENT_RUN_REAL_DATA,True,99,99,0,0,0,0,98,0,80,0,98,98,98,1187,5.0,27.0,
2130,CURRENT_RUN_REAL_DATA,True,112,112,0,0,0,1,110,1,24,0,111,111,111,1186,0.0,27.0,
2131,CURRENT_RUN_REAL_DATA,True,136,136,0,0,0,2,133,1,17,0,135,135,135,1192,0.0,25.0,
2132,CURRENT_RUN_REAL_DATA,True,103,103,0,0,0,0,102,0,64,0,102,102,102,1188,2.0,21.0,
2133,CURRENT_RUN_REAL_DATA,True,108,108,0,0,0,1,106,1,21,0,107,107,107,1184,0.0,28.0,
2134,CURRENT_RUN_REAL_DATA,True,119,119,0,0,0,2,116,2,37,0,118,118,118,1191,0.0,30.0,
2135,CURRENT_RUN_REAL_DATA,True,99,99,0,0,0,0,98,0,88,0,98,98,98,1195,9.0,21.0,
2136,CURRENT_RUN_REAL_DATA,True,98,98,0,0,0,0,97,0,91,0,97,97,97,1185,9.0,21.0,
2137,CURRENT_RUN_REAL_DATA,True,97,97,0,0,0,0,96,0,66,2,96,96,96,1192,1.0,94.0,
2138,CURRENT_RUN_REAL_DATA,True,101,101,0,0,0,1,99,1,14,0,100,100,100,1188,0.0,27.0,
2139,CURRENT_RUN_REAL_DATA,True,117,117,0,0,0,0,116,0,62,0,116,116,116,1189,1.0,21.0,
2140,CURRENT_RUN_REAL_DATA,True,99,99,0,0,0,0,98,0,79,1,98,98,98,1191,6.0,31.0,
2141,CURRENT_RUN_REAL_DATA,True,102,102,0,0,0,0,101,0,74,0,101,101,101,1186,2.0,24.0,
2142,CURRENT_RUN_REAL_DATA,True,99,99,0,0,0,0,98,0,89,0,98,98,98,1189,8.0,22.0,
2143,CURRENT_RUN_REAL_DATA,True,109,109,0,0,0,0,108,0,34,1,108,108,108,1186,1.0,31.0,
2144,CURRENT_RUN_REAL_DATA,True,104,104,0,0,0,1,102,0,19,0,103,103,103,1186,0.0,24.0,
2145,CURRENT_RUN_REAL_DATA,True,99,99,0,0,0,0,98,0,91,0,98,98,98,1190,7.0,30.0,
2146,CURRENT_RUN_REAL_DATA,True,101,101,0,0,0,16,84,2,90,3,100,100,100,1176,0.0,51.0,
2147,CURRENT_RUN_REAL_DATA,True,112,112,0,0,0,5,106,4,36,0,111,111,111,1192,0.0,27.0,
2148,CURRENT_RUN_REAL_DATA,True,100,100,0,0,0,0,99,0,0,0,99,99,99,1195,1.0,21.0,
2149,CURRENT_RUN_REAL_DATA,True,99,99,0,0,0,0,98,0,88,0,98,98,98,1188,6.0,28.0,
2150,CURRENT_RUN_REAL_DATA,True,124,124,0,0,0,5,118,5,0,0,123,123,123,1192,0.0,26.0,
2151,CURRENT_RUN_REAL_DATA,True,102,102,0,0,0,0,101,0,55,0,101,101,101,1191,1.0,29.0,
2152,CURRENT_RUN_REAL_DATA,True,98,98,0,0,0,0,97,0,93,0,97,97,97,1186,9.0,21.0,
2153,CURRENT_RUN_REAL_DATA,True,100,100,0,0,0,0,99,0,15,0,99,99,99,1190,1.0,29.0,
2154,CURRENT_RUN_REAL_DATA,True,99,99,0,0,0,0,98,0,78,1,98,98,98,1195,1.0,39.0,
2155,CURRENT_RUN_REAL_DATA,True,100,100,0,0,0,0,99,0,79,0,99,99,99,1191,4.0,20.0,
2156,CURRENT_RUN_REAL_DATA,True,119,119,0,0,0,2,116,2,0,0,118,118,118,1190,0.0,30.0,
2157,CURRENT_RUN_REAL_DATA,True,98,98,0,0,0,0,97,0,88,0,97,97,97,1179,2.0,30.0,
2158,CURRENT_RUN_REAL_DATA,True,98,98,0,0,0,0,97,0,78,0,97,97,97,1191,10.0,29.0,
2159,CURRENT_RUN_REAL_DATA,True,100,100,0,0,0,30,69,29,10,2,99,99,99,1189,0.0,378.0,
2160,CURRENT_RUN_REAL_DATA,True,100,100,0,0,0,1,98,0,79,0,99,99,99,1190,0.0,23.0,
2161,CURRENT_RUN_REAL_DATA,True,99,99,0,0,0,0,98,0,82,0,98,98,98,1190,3.0,22.0,
2162,CURRENT_RUN_REAL_DATA,True,98,98,0,0,0,0,97,0,90,0,97,97,97,1179,9.0,21.0,
2163,CURRENT_RUN_REAL_DATA,True,122,122,0,0,0,0,121,0,33,0,121,121,121,1196,1.0,23.0,
2164,CURRENT_RUN_REAL_DATA,True,104,104,0,0,0,0,103,0,0,2,103,103,103,1193,2.0,31.0,
2165,CURRENT_RUN_REAL_DATA,True,97,97,0,0,0,0,96,0,74,0,96,96,96,1180,1.0,30.0,
2166,CURRENT_RUN_REAL_DATA,True,100,100,0,0,0,0,99,0,79,0,99,99,99,1192,3.0,20.0,
2167,CURRENT_RUN_REAL_DATA,True,100,100,0,0,0,0,99,0,99,0,99,99,99,1194,1.0,20.0,
2168,CURRENT_RUN_REAL_DATA,True,100,100,0,0,0,0,99,0,90,0,99,99,99,1189,6.0,30.0,
2169,CURRENT_RUN_REAL_DATA,True,106,106,0,0,0,2,103,2,26,0,105,105,105,1195,0.0,30.0,
2170,CURRENT_RUN_REAL_DATA,True,101,101,0,0,0,0,100,0,78,2,100,100,100,1184,2.0,38.0,
2171,CURRENT_RUN_REAL_DATA,True,114,114,0,0,0,1,112,1,57,0,113,113,113,1189,0.0,21.0,
2172,CURRENT_RUN_REAL_DATA,True,91,91,0,0,0,0,90,0,73,1,90,90,90,1193,3.0,143.0,
2173,CURRENT_RUN_REAL_DATA,True,99,99,0,0,0,0,98,0,88,0,98,98,98,1181,1.0,21.0,
2174,CURRENT_RUN_REAL_DATA,True,98,98,0,0,0,0,97,0,77,0,97,97,97,1190,10.0,30.0,
2175,CURRENT_RUN_REAL_DATA,True,100,100,0,0,0,0,99,0,96,0,99,99,99,1191,4.0,21.0,
2176,CURRENT_RUN_REAL_DATA,True,155,155,0,0,0,6,148,6,28,0,154,154,154,1186,0.0,21.0,
2177,CURRENT_RUN_REAL_DATA,True,103,103,0,0,0,1,101,0,30,0,102,102,102,1181,0.0,30.0,
2178,CURRENT_RUN_REAL_DATA,True,72,72,0,0,0,0,71,0,9,1,71,71,71,1193,1.0,343.0,
2179,CURRENT_RUN_REAL_DATA,True,99,99,0,0,0,0,98,0,96,0,98,98,98,1195,9.0,20.0,
2180,CURRENT_RUN_REAL_DATA,True,114,114,0,0,0,2,111,1,31,0,113,113,113,1198,0.0,29.0,
2181,CURRENT_RUN_REAL_DATA,True,95,95,0,0,0,3,91,3,30,2,94,94,94,1186,0.0,97.0,
2182,CURRENT_RUN_REAL_DATA,True,99,99,0,0,0,0,98,0,88,0,98,98,98,1191,2.0,21.0,
2183,CURRENT_RUN_REAL_DATA,True,99,99,0,0,0,0,98,0,88,0,98,98,98,1195,9.0,21.0,
2184,CURRENT_RUN_REAL_DATA,True,98,98,0,0,0,0,97,0,79,0,97,97,97,1186,9.0,21.0,
2185,CURRENT_RUN_REAL_DATA,True,99,99,0,0,0,0,98,0,85,0,98,98,98,1180,2.0,21.0,
2186,CURRENT_RUN_REAL_DATA,True,130,130,0,0,0,1,128,0,15,0,129,129,129,1195,0.0,24.0,
2187,CURRENT_RUN_REAL_DATA,True,100,100,0,0,0,0,99,0,99,0,99,99,99,1191,2.0,21.0,
2188,CURRENT_RUN_REAL_DATA,True,117,117,0,0,0,3,113,3,49,0,116,116,116,1186,0.0,22.0,
2189,CURRENT_RUN_REAL_DATA,True,99,99,0,0,0,0,98,0,79,0,98,98,98,1190,9.0,21.0,
2190,CURRENT_RUN_REAL_DATA,True,108,108,0,0,0,0,107,0,24,0,107,107,107,1182,1.0,30.0,
2191,CURRENT_RUN_REAL_DATA,True,111,111,0,0,0,8,102,7,20,1,110,110,110,1191,0.0,83.0,
2192,CURRENT_RUN_REAL_DATA,True,105,105,0,0,0,0,104,0,0,0,104,104,104,1187,1.0,28.0,
2193,CURRENT_RUN_REAL_DATA,True,100,100,0,0,0,0,99,0,89,0,99,99,99,1191,3.0,21.0,
2194,CURRENT_RUN_REAL_DATA,True,100,100,0,0,0,0,99,0,79,0,99,99,99,1191,1.0,21.0,
2195,CURRENT_RUN_REAL_DATA,True,97,97,0,0,0,0,96,0,89,0,96,96,96,1189,4.0,30.0,
2196,CURRENT_RUN_REAL_DATA,True,125,125,0,0,0,2,122,2,36,0,124,124,124,1186,0.0,24.0,
2197,CURRENT_RUN_REAL_DATA,True,96,96,0,0,0,0,95,0,0,3,95,95,95,1190,5.0,35.0,
2198,CURRENT_RUN_REAL_DATA,True,114,114,0,0,0,0,113,0,13,1,113,113,113,1191,1.0,53.0,
2199,CURRENT_RUN_REAL_DATA,True,107,107,0,0,0,0,106,0,36,0,106,106,106,1191,1.0,23.0,
2200,CURRENT_RUN_REAL_DATA,True,101,101,0,0,0,4,96,4,15,1,100,100,100,1191,0.0,125.0,
2201,CURRENT_RUN_REAL_DATA,True,99,99,0,0,0,0,98,0,78,0,98,98,98,1190,7.0,30.0,
2202,CURRENT_RUN_REAL_DATA,True,100,100,0,0,0,1,98,0,93,0,99,99,99,1191,0.0,22.0,
2203,CURRENT_RUN_REAL_DATA,True,110,110,0,0,0,0,109,0,13,0,109,109,109,1193,2.0,27.0,
2204,CURRENT_RUN_REAL_DATA,True,101,101,0,0,0,1,99,1,68,0,100,100,100,1193,0.0,30.0,
2205,CURRENT_RUN_REAL_DATA,True,126,126,0,0,0,1,124,1,20,0,125,125,125,1191,0.0,29.0,
2206,CURRENT_RUN_REAL_DATA,True,119,119,0,0,0,3,115,3,17,1,118,118,118,1176,0.0,42.0,
2207,CURRENT_RUN_REAL_DATA,True,110,110,0,0,0,4,105,4,34,1,109,109,109,1186,0.0,31.0,
2208,CURRENT_RUN_REAL_DATA,True,101,101,0,0,0,1,99,1,10,1,100,100,100,1189,0.0,31.0,
2209,CURRENT_RUN_REAL_DATA,True,100,100,0,0,0,0,99,0,80,0,99,99,99,1192,3.0,21.0,
2210,CURRENT_RUN_REAL_DATA,True,104,104,0,0,0,4,99,4,0,2,103,103,103,1193,0.0,47.0,
2211,CURRENT_RUN_REAL_DATA,True,108,108,0,0,0,4,103,4,11,1,107,107,107,1187,0.0,129.0,
2212,CURRENT_RUN_REAL_DATA,True,100,100,0,0,0,0,99,0,3,0,99,99,99,1191,1.0,20.0,
2213,CURRENT_RUN_REAL_DATA,True,96,96,0,0,0,0,95,0,56,2,95,95,95,1191,2.0,62.0,
2214,CURRENT_RUN_REAL_DATA,True,99,99,0,0,0,0,98,0,89,0,98,98,98,1193,9.0,20.0,
2215,CURRENT_RUN_REAL_DATA,True,101,101,0,0,0,3,97,2,41,1,100,100,100,1189,0.0,75.0,
2216,CURRENT_RUN_REAL_DATA,True,99,99,0,0,0,0,98,0,88,0,98,98,98,1191,8.0,21.0,
2217,CURRENT_RUN_REAL_DATA,True,92,92,0,0,0,0,91,0,0,3,91,91,91,1195,1.0,63.0,
2218,CURRENT_RUN_REAL_DATA,True,99,99,0,0,0,0,98,0,90,0,98,98,98,1190,7.0,21.0,
2219,CURRENT_RUN_REAL_DATA,True,97,97,0,0,0,0,96,0,86,1,96,96,96,1182,9.0,31.0,
2220,CURRENT_RUN_REAL_DATA,True,101,101,0,0,0,0,100,0,1,0,100,100,100,1180,2.0,22.0,
2221,CURRENT_RUN_REAL_DATA,True,101,101,0,0,0,0,100,0,91,0,100,100,100,1190,6.0,21.0,
2222,CURRENT_RUN_REAL_DATA,True,110,110,0,0,0,8,101,8,23,3,109,109,109,1193,0.0,48.0,
2223,CURRENT_RUN_REAL_DATA,True,100,100,0,0,0,0,99,0,93,0,99,99,99,1191,2.0,20.0,
2224,CURRENT_RUN_REAL_DATA,True,98,98,0,0,0,0,97,0,28,0,97,97,97,1188,7.0,30.0,
2225,CURRENT_RUN_REAL_DATA,True,99,99,0,0,0,0,98,0,23,0,98,98,98,1147,2.0,25.0,
2226,CURRENT_RUN_REAL_DATA,True,98,98,0,0,0,2,95,2,16,2,97,97,97,1186,0.0,34.0,
2227,CURRENT_RUN_REAL_DATA,True,98,98,0,0,0,0,97,0,87,0,97,97,97,1186,9.0,22.0,
2228,CURRENT_RUN_REAL_DATA,True,99,99,0,0,0,0,98,0,91,0,98,98,98,1183,1.0,21.0,
2229,CURRENT_RUN_REAL_DATA,True,74,74,0,0,0,1,72,0,3,2,73,73,73,1194,0.0,315.0,
2230,CURRENT_RUN_REAL_DATA,True,100,100,0,0,0,0,99,0,91,0,99,99,99,1194,1.0,21.0,
2231,CURRENT_RUN_REAL_DATA,True,109,109,0,0,0,4,104,4,11,1,108,108,108,1186,0.0,45.0,
2232,CURRENT_RUN_REAL_DATA,True,42,42,0,0,0,2,39,2,0,0,41,41,41,463,0.0,26.0,
2233,CURRENT_RUN_REAL_DATA,True,136,136,0,0,0,6,129,5,37,0,135,135,135,1191,0.0,26.0,
2234,CURRENT_RUN_REAL_DATA,True,105,105,0,0,0,0,104,0,35,0,104,104,104,1188,1.0,23.0,
2235,CURRENT_RUN_REAL_DATA,True,103,103,0,0,0,1,101,1,64,0,102,102,102,1191,0.0,20.0,
2236,CURRENT_RUN_REAL_DATA,True,111,111,0,0,0,1,109,1,16,1,110,110,110,1180,0.0,33.0,
2237,CURRENT_RUN_REAL_DATA,True,112,112,0,0,0,2,109,2,20,2,111,111,111,1190,0.0,105.0,
2238,CURRENT_RUN_REAL_DATA,True,102,102,0,0,0,5,96,5,0,2,101,101,101,1176,0.0,48.0,
2239,CURRENT_RUN_REAL_DATA,True,111,111,0,0,0,3,107,2,14,1,110,110,110,1194,0.0,273.0,
2240,CURRENT_RUN_REAL_DATA,True,100,100,0,0,0,0,99,0,89,0,99,99,99,1191,4.0,20.0,
2241,CURRENT_RUN_REAL_DATA,True,132,132,0,0,0,2,129,2,36,0,131,131,131,1197,0.0,21.0,
2242,CURRENT_RUN_REAL_DATA,True,122,122,0,0,0,4,117,4,17,1,121,121,121,1195,0.0,60.0,
2243,CURRENT_RUN_REAL_DATA,True,95,95,0,0,0,0,94,0,68,1,94,94,94,1192,1.0,107.0,
2244,CURRENT_RUN_REAL_DATA,True,78,78,0,0,0,3,74,0,71,1,77,77,77,1191,0.0,318.0,
2245,CURRENT_RUN_REAL_DATA,True,100,100,0,0,0,0,99,0,79,0,99,99,99,1187,6.0,27.0,
2246,CURRENT_RUN_REAL_DATA,True,101,101,0,0,0,2,98,0,48,1,100,100,100,1190,0.0,106.0,
2247,CURRENT_RUN_REAL_DATA,True,157,157,0,0,0,16,140,16,15,1,156,156,156,1195,0.0,50.0,
2248,CURRENT_RUN_REAL_DATA,True,102,102,0,0,0,15,86,0,94,0,101,101,101,1194,0.0,30.0,
2249,CURRENT_RUN_REAL_DATA,True,104,104,0,0,0,0,103,0,1,0,103,103,103,1194,1.0,23.0,
2250,CURRENT_RUN_REAL_DATA,True,101,101,0,0,0,1,99,0,63,0,100,100,100,1194,0.0,30.0,
2251,CURRENT_RUN_REAL_DATA,True,122,122,0,0,0,4,117,4,18,0,121,121,121,1186,0.0,30.0,
2252,CURRENT_RUN_REAL_DATA,True,100,100,0,0,0,0,99,0,90,0,99,99,99,1193,3.0,21.0,
2253,CURRENT_RUN_REAL_DATA,True,102,102,0,0,0,0,101,0,72,0,101,101,101,1189,1.0,22.0,
2254,CURRENT_RUN_REAL_DATA,True,129,129,0,0,0,0,128,0,19,0,128,128,128,1190,1.0,27.0,
2255,CURRENT_RUN_REAL_DATA,True,99,99,0,0,0,0,98,0,0,0,98,98,98,1190,5.0,30.0,
2256,CURRENT_RUN_REAL_DATA,True,99,99,0,0,0,0,98,0,98,0,98,98,98,1190,7.0,30.0,
2257,CURRENT_RUN_REAL_DATA,True,100,100,0,0,0,0,99,0,78,0,99,99,99,1195,1.0,20.0,
2258,CURRENT_RUN_REAL_DATA,True,99,99,0,0,0,0,98,0,78,0,98,98,98,1189,8.0,22.0,
2259,CURRENT_RUN_REAL_DATA,True,100,100,0,0,0,0,99,0,76,0,99,99,99,1193,2.0,20.0,
2260,CURRENT_RUN_REAL_DATA,True,99,99,0,0,0,0,98,0,89,0,98,98,98,1188,7.0,28.0,
2261,CURRENT_RUN_REAL_DATA,True,100,100,0,0,0,0,99,0,60,0,99,99,99,1187,6.0,20.0,
2262,CURRENT_RUN_REAL_DATA,True,151,151,0,0,0,4,146,4,27,0,150,150,150,1194,0.0,20.0,
2263,CURRENT_RUN_REAL_DATA,True,102,102,0,0,0,0,101,0,41,0,101,101,101,1190,1.0,21.0,
2264,CURRENT_RUN_REAL_DATA,True,98,98,0,0,0,0,97,0,91,0,97,97,97,1187,8.0,22.0,
2265,CURRENT_RUN_REAL_DATA,True,116,116,0,0,0,4,111,3,37,0,115,115,115,1198,0.0,26.0,
2266,CURRENT_RUN_REAL_DATA,True,100,100,0,0,0,0,99,0,87,0,99,99,99,1193,2.0,20.0,
2267,CURRENT_RUN_REAL_DATA,True,99,99,0,0,0,0,98,0,61,0,98,98,98,1194,9.0,20.0,
2268,CURRENT_RUN_REAL_DATA,True,99,99,0,0,0,0,98,0,91,0,98,98,98,1188,7.0,28.0,
2269,CURRENT_RUN_REAL_DATA,True,112,112,0,0,0,2,109,2,24,0,111,111,111,1189,0.0,30.0,
2270,CURRENT_RUN_REAL_DATA,True,102,102,0,0,0,0,101,0,32,0,101,101,101,1192,1.0,24.0,
2271,CURRENT_RUN_REAL_DATA,True,99,99,0,0,0,0,98,0,0,0,98,98,98,1190,6.0,30.0,
2272,CURRENT_RUN_REAL_DATA,True,119,119,0,0,0,0,118,0,24,1,118,118,118,1159,1.0,38.0,
2273,CURRENT_RUN_REAL_DATA,True,99,99,0,0,0,0,98,0,84,0,98,98,98,1191,9.0,20.0,
2274,CURRENT_RUN_REAL_DATA,True,128,128,0,0,0,2,125,2,27,0,127,127,127,1191,0.0,28.0,
2275,CURRENT_RUN_REAL_DATA,True,99,99,0,0,0,2,96,0,78,1,98,98,98,1190,0.0,34.0,
2276,CURRENT_RUN_REAL_DATA,True,99,99,0,0,0,0,98,0,44,0,98,98,98,1189,4.0,28.0,
2277,CURRENT_RUN_REAL_DATA,True,99,99,0,0,0,0,98,0,88,0,98,98,98,1191,9.0,21.0,
2278,CURRENT_RUN_REAL_DATA,True,99,99,0,0,0,0,98,0,88,0,98,98,98,1179,4.0,21.0,
2279,CURRENT_RUN_REAL_DATA,True,102,102,0,0,0,1,100,0,23,1,101,101,101,1186,0.0,79.0,
2280,CURRENT_RUN_REAL_DATA,True,115,115,0,0,0,0,114,0,55,0,114,114,114,1197,1.0,23.0,
2281,CURRENT_RUN_REAL_DATA,True,88,88,0,0,0,0,87,0,11,1,87,87,87,1186,6.0,140.0,
2282,CURRENT_RUN_REAL_DATA,True,109,109,0,0,0,0,108,0,1,0,108,108,108,1195,1.0,26.0,
2283,CURRENT_RUN_REAL_DATA,True,54,54,0,0,0,0,53,0,42,0,53,53,53,648,7.0,28.0,
2284,CURRENT_RUN_REAL_DATA,True,100,100,0,0,0,0,99,0,89,0,99,99,99,1191,3.0,21.0,
2285,CURRENT_RUN_REAL_DATA,True,100,100,0,0,0,0,99,0,80,0,99,99,99,1189,8.0,20.0,
2286,CURRENT_RUN_REAL_DATA,True,100,100,0,0,0,0,99,0,7,0,99,99,99,1191,2.0,21.0,
2287,CURRENT_RUN_REAL_DATA,True,99,99,0,0,0,3,95,3,26,1,98,98,98,1194,0.0,76.0,
2288,CURRENT_RUN_REAL_DATA,True,99,99,0,0,0,0,98,0,97,0,98,98,98,1190,7.0,30.0,
2289,CURRENT_RUN_REAL_DATA,True,103,103,0,0,0,5,97,5,13,2,102,102,102,1133,0.0,100.0,
2290,CURRENT_RUN_REAL_DATA,True,101,101,0,0,0,0,100,0,70,0,100,100,100,1186,1.0,23.0,
2291,CURRENT_RUN_REAL_DATA,True,100,100,0,0,0,0,99,0,38,0,99,99,99,1191,4.0,21.0,
2292,CURRENT_RUN_REAL_DATA,True,99,99,0,0,0,0,98,0,80,0,98,98,98,1194,8.0,20.0,
2293,CURRENT_RUN_REAL_DATA,True,100,100,0,0,0,0,99,0,90,0,99,99,99,1186,8.0,30.0,
2294,CURRENT_RUN_REAL_DATA,True,98,98,0,0,0,0,97,0,1,0,97,97,97,1192,10.0,30.0,
2295,CURRENT_RUN_REAL_DATA,True,99,99,0,0,0,0,98,0,0,1,98,98,98,1194,1.0,33.0,
2296,CURRENT_RUN_REAL_DATA,True,100,100,0,0,0,0,99,0,89,0,99,99,99,1190,6.0,20.0,
2297,CURRENT_RUN_REAL_DATA,True,98,98,0,0,0,6,91,5,44,2,97,97,97,1188,0.0,135.0,
2298,CURRENT_RUN_REAL_DATA,True,99,99,0,0,0,3,95,0,88,2,98,98,98,1187,0.0,49.0,
2299,CURRENT_RUN_REAL_DATA,True,99,99,0,0,0,0,98,0,92,0,98,98,98,1191,9.0,20.0,
2300,CURRENT_RUN_REAL_DATA,True,98,98,0,0,0,0,97,0,95,0,97,97,97,1186,1.0,26.0,
2301,CURRENT_RUN_REAL_DATA,True,99,99,0,0,0,0,98,0,89,0,98,98,98,1193,9.0,20.0,
2302,CURRENT_RUN_REAL_DATA,True,100,100,0,0,0,0,99,0,89,0,99,99,99,1191,2.0,21.0,
2303,CURRENT_RUN_REAL_DATA,True,101,101,0,0,0,5,95,5,10,2,100,100,100,1187,0.0,45.0,
2304,CURRENT_RUN_REAL_DATA,True,104,104,0,0,0,0,103,0,61,0,103,103,103,1191,1.0,22.0,
2305,CURRENT_RUN_REAL_DATA,True,99,99,0,0,0,0,98,0,89,0,98,98,98,1195,9.0,21.0,
2306,CURRENT_RUN_REAL_DATA,True,99,99,0,0,0,1,97,1,20,1,98,98,98,1191,0.0,40.0,
2307,CURRENT_RUN_REAL_DATA,True,99,99,0,0,0,0,98,0,88,0,98,98,98,1194,9.0,20.0,
2308,CURRENT_RUN_REAL_DATA,True,43,43,0,0,0,0,42,0,0,0,42,42,42,449,1.0,24.0,
2309,CURRENT_RUN_REAL_DATA,True,109,109,0,0,0,5,103,5,10,2,108,108,108,1189,0.0,31.0,
2310,CURRENT_RUN_REAL_DATA,True,99,99,0,0,0,0,98,0,91,0,98,98,98,1190,6.0,30.0,
2311,CURRENT_RUN_REAL_DATA,True,105,105,0,0,0,1,103,1,32,1,104,104,104,1194,0.0,37.0,
2312,CURRENT_RUN_REAL_DATA,True,101,101,0,0,0,7,93,7,2,3,100,100,100,1195,0.0,60.0,
2313,CURRENT_RUN_REAL_DATA,True,100,100,0,0,0,0,99,0,93,0,99,99,99,1192,2.0,20.0,
2314,CURRENT_RUN_REAL_DATA,True,100,100,0,0,0,1,98,1,8,3,99,99,99,1192,0.0,60.0,
2315,CURRENT_RUN_REAL_DATA,True,106,106,0,0,0,1,104,1,79,0,105,105,105,1186,0.0,20.0,
2316,CURRENT_RUN_REAL_DATA,True,126,126,0,0,0,3,122,3,21,0,125,125,125,1162,0.0,25.0,
2317,CURRENT_RUN_REAL_DATA,True,99,99,0,0,0,0,98,0,88,0,98,98,98,1194,9.0,21.0,
2318,CURRENT_RUN_REAL_DATA,True,98,98,0,0,0,0,97,0,88,0,97,97,97,1186,8.0,22.0,
2319,CURRENT_RUN_REAL_DATA,True,101,101,0,0,0,13,87,1,90,3,100,100,100,1187,0.0,105.0,
2320,CURRENT_RUN_REAL_DATA,True,110,110,0,0,0,6,103,6,20,1,109,109,109,1192,0.0,50.0,
2321,CURRENT_RUN_REAL_DATA,True,105,105,0,0,0,3,101,0,38,2,104,104,104,1192,0.0,73.0,
2322,CURRENT_RUN_REAL_DATA,True,110,110,0,0,0,2,107,1,14,0,109,109,109,1186,0.0,25.0,
2323,CURRENT_RUN_REAL_DATA,True,100,100,0,0,0,0,99,0,89,0,99,99,99,1193,2.0,20.0,
2324,CURRENT_RUN_REAL_DATA,True,103,103,0,0,0,3,99,1,58,1,102,102,102,1198,0.0,59.0,
2325,CURRENT_RUN_REAL_DATA,True,98,98,0,0,0,0,97,0,87,0,97,97,97,1195,9.0,30.0,
2326,CURRENT_RUN_REAL_DATA,True,100,100,0,0,0,0,99,0,80,0,99,99,99,1190,1.0,21.0,
2327,CURRENT_RUN_REAL_DATA,True,98,98,0,0,0,0,97,0,89,0,97,97,97,1182,9.0,21.0,
2328,CURRENT_RUN_REAL_DATA,True,102,102,0,0,0,1,100,0,46,0,101,101,101,1188,0.0,24.0,
2329,CURRENT_RUN_REAL_DATA,True,111,111,0,0,0,3,107,2,18,1,110,110,110,1189,0.0,32.0,
2330,CURRENT_RUN_REAL_DATA,True,113,113,0,0,0,8,104,5,33,2,112,112,112,1165,0.0,73.0,
2331,CURRENT_RUN_REAL_DATA,True,108,108,0,0,0,6,101,6,18,3,107,107,107,1192,0.0,45.0,
2332,CURRENT_RUN_REAL_DATA,True,99,99,0,0,0,0,98,0,88,0,98,98,98,1190,7.0,21.0,
2333,CURRENT_RUN_REAL_DATA,True,99,99,0,0,0,0,98,0,91,0,98,98,98,1195,9.0,20.0,
2334,CURRENT_RUN_REAL_DATA,True,100,100,0,0,0,0,99,0,89,0,99,99,99,1191,2.0,20.0,
2335,CURRENT_RUN_REAL_DATA,True,101,101,0,0,0,0,100,0,92,0,100,100,100,1193,4.0,21.0,
2336,CURRENT_RUN_REAL_DATA,True,99,99,0,0,0,0,98,0,90,0,98,98,98,1189,6.0,30.0,
2337,CURRENT_RUN_REAL_DATA,True,99,99,0,0,0,0,98,0,93,0,98,98,98,1186,1.0,21.0,
2338,CURRENT_RUN_REAL_DATA,True,133,133,0,0,0,7,125,7,21,0,132,132,132,1112,0.0,22.0,
2339,CURRENT_RUN_REAL_DATA,True,121,121,0,0,0,0,120,0,6,0,120,120,120,1190,1.0,25.0,
2340,CURRENT_RUN_REAL_DATA,True,110,110,0,0,0,2,107,1,43,0,109,109,109,1190,0.0,23.0,
2341,CURRENT_RUN_REAL_DATA,True,127,127,0,0,0,3,123,3,24,1,126,126,126,1194,0.0,32.0,
2342,CURRENT_RUN_REAL_DATA,True,109,109,0,0,0,6,102,4,23,2,108,108,108,1190,0.0,55.0,
2343,CURRENT_RUN_REAL_DATA,True,103,103,0,0,0,0,102,0,3,0,102,102,102,1174,3.0,30.0,
2344,CURRENT_RUN_REAL_DATA,True,98,98,0,0,0,0,97,0,80,0,97,97,97,1190,7.0,30.0,
2345,CURRENT_RUN_REAL_DATA,True,99,99,0,0,0,0,98,0,88,0,98,98,98,1189,7.0,21.0,
2346,CURRENT_RUN_REAL_DATA,True,100,100,0,0,0,0,99,0,91,0,99,99,99,1195,1.0,21.0,
2347,CURRENT_RUN_REAL_DATA,True,112,112,0,0,0,2,109,2,8,0,111,111,111,1191,0.0,29.0,
2348,CURRENT_RUN_REAL_DATA,True,107,107,0,0,0,3,103,3,35,0,106,106,106,1192,0.0,26.0,
2349,CURRENT_RUN_REAL_DATA,True,102,102,0,0,0,2,99,2,75,0,101,101,101,1186,0.0,30.0,
2350,CURRENT_RUN_REAL_DATA,True,100,100,0,0,0,0,99,0,94,0,99,99,99,1190,5.0,20.0,
2351,CURRENT_RUN_REAL_DATA,True,98,98,0,0,0,0,97,0,19,0,97,97,97,1186,4.0,24.0,
2352,CURRENT_RUN_REAL_DATA,True,99,99,0,0,0,0,98,0,89,0,98,98,98,1188,7.0,28.0,
2353,CURRENT_RUN_REAL_DATA,True,99,99,0,0,0,0,98,0,89,0,98,98,98,1180,4.0,21.0,
2354,CURRENT_RUN_REAL_DATA,True,100,100,0,0,0,0,99,0,89,0,99,99,99,1191,4.0,20.0,
2355,CURRENT_RUN_REAL_DATA,True,23,23,0,0,0,1,21,0,21,3,22,22,22,840,0.0,314.0,
2356,CURRENT_RUN_REAL_DATA,True,100,100,0,0,0,0,99,0,90,0,99,99,99,1190,6.0,20.0,
2357,CURRENT_RUN_REAL_DATA,True,103,103,0,0,0,0,102,0,11,0,102,102,102,1180,1.0,27.0,
2358,CURRENT_RUN_REAL_DATA,True,99,99,0,0,0,0,98,0,92,0,98,98,98,1188,6.0,28.0,
2359,CURRENT_RUN_REAL_DATA,True,100,100,0,0,0,0,99,0,95,0,99,99,99,1194,2.0,21.0,
2360,CURRENT_RUN_REAL_DATA,True,100,100,0,0,0,0,99,0,1,0,99,99,99,1190,2.0,20.0,
2361,CURRENT_RUN_REAL_DATA,True,100,100,0,0,0,0,99,0,92,0,99,99,99,1191,4.0,21.0,
2362,CURRENT_RUN_REAL_DATA,True,100,100,0,0,0,0,99,0,89,0,99,99,99,1190,5.0,21.0,
2363,CURRENT_RUN_REAL_DATA,True,99,99,0,0,0,0,98,0,93,0,98,98,98,1195,9.0,21.0,
2364,CURRENT_RUN_REAL_DATA,True,100,100,0,0,0,0,99,0,91,0,99,99,99,1187,5.0,20.0,
2365,CURRENT_RUN_REAL_DATA,True,106,106,0,0,0,2,103,2,29,0,105,105,105,1193,0.0,30.0,
2366,CURRENT_RUN_REAL_DATA,True,100,100,0,0,0,0,99,0,90,0,99,99,99,1191,1.0,21.0,
2367,CURRENT_RUN_REAL_DATA,True,100,100,0,0,0,0,99,0,92,0,99,99,99,1191,2.0,21.0,
2368,CURRENT_RUN_REAL_DATA,True,97,97,0,0,0,0,96,0,86,0,96,96,96,1189,8.0,30.0,
2369,CURRENT_RUN_REAL_DATA,True,84,84,0,0,0,0,83,0,76,3,83,83,83,1185,8.0,80.0,
2370,CURRENT_RUN_REAL_DATA,True,55,55,0,0,0,0,54,0,12,1,54,54,54,685,1.0,48.0,
2371,CURRENT_RUN_REAL_DATA,True,111,111,0,0,0,3,107,2,30,0,110,110,110,1192,0.0,23.0,
2372,CURRENT_RUN_REAL_DATA,True,153,153,0,0,0,12,140,12,25,0,152,152,152,1191,0.0,30.0,
2373,CURRENT_RUN_REAL_DATA,True,98,98,0,0,0,0,97,0,87,0,97,97,97,1191,8.0,28.0,
2374,CURRENT_RUN_REAL_DATA,True,99,99,0,0,0,0,98,0,89,0,98,98,98,1186,1.0,21.0,
2375,CURRENT_RUN_REAL_DATA,True,100,100,0,0,0,0,99,0,89,0,99,99,99,1187,7.0,21.0,
2376,CURRENT_RUN_REAL_DATA,True,100,100,0,0,0,0,99,0,89,0,99,99,99,1191,2.0,20.0,
2377,CURRENT_RUN_REAL_DATA,True,105,105,0,0,0,1,103,1,26,1,104,104,104,1191,0.0,31.0,
2378,CURRENT_RUN_REAL_DATA,True,100,100,0,0,0,0,99,0,89,0,99,99,99,1190,5.0,20.0,
2379,CURRENT_RUN_REAL_DATA,True,115,115,0,0,0,2,112,1,20,1,114,114,114,1196,0.0,31.0,
2380,CURRENT_RUN_REAL_DATA,True,100,100,0,0,0,0,99,0,80,0,99,99,99,1191,4.0,20.0,
2381,CURRENT_RUN_REAL_DATA,True,100,100,0,0,0,0,99,0,42,0,99,99,99,1191,7.0,23.0,
2382,CURRENT_RUN_REAL_DATA,True,100,100,0,0,0,0,99,0,96,0,99,99,99,1198,3.0,22.0,
2383,CURRENT_RUN_REAL_DATA,True,114,114,0,0,0,2,111,1,14,1,113,113,113,1186,0.0,32.0,
2384,CURRENT_RUN_REAL_DATA,True,108,108,0,0,0,3,104,1,76,1,107,107,107,1186,0.0,53.0,
2385,CURRENT_RUN_REAL_DATA,True,125,125,0,0,0,14,110,14,13,3,124,124,124,1193,0.0,75.0,
2386,CURRENT_RUN_REAL_DATA,True,109,109,0,0,0,6,102,5,11,1,108,108,108,1188,0.0,45.0,
2387,CURRENT_RUN_REAL_DATA,True,97,97,0,0,0,0,96,0,86,0,96,96,96,1187,9.0,30.0,
2388,CURRENT_RUN_REAL_DATA,True,109,109,0,0,0,2,106,2,34,0,108,108,108,1186,0.0,23.0,
2389,CURRENT_RUN_REAL_DATA,True,106,106,0,0,0,6,99,6,20,1,105,105,105,1186,0.0,35.0,
2390,CURRENT_RUN_REAL_DATA,True,106,106,0,0,0,0,105,0,33,0,105,105,105,1186,1.0,30.0,
2391,CURRENT_RUN_REAL_DATA,True,99,99,0,0,0,0,98,0,87,0,98,98,98,1195,9.0,20.0,
2392,CURRENT_RUN_REAL_DATA,True,99,99,0,0,0,0,98,0,88,0,98,98,98,1189,8.0,22.0,
2393,CURRENT_RUN_REAL_DATA,True,104,104,0,0,0,2,101,2,19,1,103,103,103,1171,0.0,90.0,
2394,CURRENT_RUN_REAL_DATA,True,100,100,0,0,0,2,97,0,45,1,99,99,99,1186,0.0,99.0,
2395,CURRENT_RUN_REAL_DATA,True,99,99,0,0,0,0,98,0,88,0,98,98,98,1185,1.0,21.0,
2396,CURRENT_RUN_REAL_DATA,True,100,100,0,0,0,0,99,0,80,0,99,99,99,1191,2.0,20.0,
2397,CURRENT_RUN_REAL_DATA,True,98,98,0,0,0,0,97,0,87,0,97,97,97,1186,9.0,21.0,
2398,CURRENT_RUN_REAL_DATA,True,111,111,0,0,0,0,110,0,31,1,110,110,110,1186,1.0,33.0,
2399,CURRENT_RUN_REAL_DATA,True,100,100,0,0,0,0,99,0,91,0,99,99,99,1189,8.0,20.0,
2400,CURRENT_RUN_REAL_DATA,True,100,100,0,0,0,0,99,0,93,0,99,99,99,1189,1.0,22.0,
2401,CURRENT_RUN_REAL_DATA,True,93,93,0,0,0,1,91,0,84,1,92,92,92,1175,0.0,104.0,
2402,CURRENT_RUN_REAL_DATA,True,76,76,0,0,0,6,69,6,14,2,75,75,75,1185,0.0,330.0,
2403,CURRENT_RUN_REAL_DATA,True,100,100,0,0,0,0,99,0,88,0,99,99,99,1189,1.0,22.0,
2404,CURRENT_RUN_REAL_DATA,True,99,99,0,0,0,0,98,0,78,0,98,98,98,1191,10.0,20.0,
2405,CURRENT_RUN_REAL_DATA,True,100,100,0,0,0,0,99,0,90,0,99,99,99,1191,2.0,20.0,
2406,CURRENT_RUN_REAL_DATA,True,89,89,0,0,0,0,88,0,26,1,88,88,88,1190,7.0,110.0,
2407,CURRENT_RUN_REAL_DATA,True,99,99,0,0,0,0,98,0,78,0,98,98,98,1193,9.0,21.0,
2408,CURRENT_RUN_REAL_DATA,True,98,98,0,0,0,0,97,0,88,0,97,97,97,1186,8.0,22.0,
2409,CURRENT_RUN_REAL_DATA,True,112,112,0,0,0,7,104,5,19,2,111,111,111,1190,0.0,43.0,
2410,CURRENT_RUN_REAL_DATA,True,106,106,0,0,0,6,99,5,28,1,105,105,105,1190,0.0,90.0,
2411,CURRENT_RUN_REAL_DATA,True,118,118,0,0,0,4,113,4,6,0,117,117,117,1187,0.0,30.0,
2412,CURRENT_RUN_REAL_DATA,True,108,108,0,0,0,3,104,3,6,1,107,107,107,1190,0.0,32.0,
2413,CURRENT_RUN_REAL_DATA,True,96,96,0,0,0,0,95,0,89,1,95,95,95,1173,3.0,31.0,
2414,CURRENT_RUN_REAL_DATA,True,103,103,0,0,0,3,99,0,63,1,102,102,102,1198,0.0,72.0,
2415,CURRENT_RUN_REAL_DATA,True,103,103,0,0,0,2,100,2,26,0,102,102,102,1190,0.0,27.0,
2416,CURRENT_RUN_REAL_DATA,True,100,100,0,0,0,0,99,0,92,0,99,99,99,1192,5.0,21.0,
2417,CURRENT_RUN_REAL_DATA,True,100,100,0,0,0,0,99,0,79,0,99,99,99,1192,4.0,21.0,
2418,CURRENT_RUN_REAL_DATA,True,99,99,0,0,0,0,98,0,6,0,98,98,98,1195,9.0,21.0,
2419,CURRENT_RUN_REAL_DATA,True,105,105,0,0,0,2,102,2,1,0,104,104,104,1193,0.0,27.0,
2420,CURRENT_RUN_REAL_DATA,True,98,98,0,0,0,0,97,0,87,0,97,97,97,1186,7.0,23.0,
2421,CURRENT_RUN_REAL_DATA,True,100,100,0,0,0,0,99,0,89,0,99,99,99,1190,4.0,21.0,
2422,CURRENT_RUN_REAL_DATA,True,100,100,0,0,0,0,99,0,89,0,99,99,99,1190,1.0,20.0,
2423,CURRENT_RUN_REAL_DATA,True,98,98,0,0,0,0,97,0,87,0,97,97,97,1189,8.0,30.0,
2424,CURRENT_RUN_REAL_DATA,True,100,100,0,0,0,0,99,0,89,0,99,99,99,1189,1.0,22.0,
2425,CURRENT_RUN_REAL_DATA,True,99,99,0,0,0,0,98,0,90,0,98,98,98,1195,9.0,21.0,
2426,CURRENT_RUN_REAL_DATA,True,100,100,0,0,0,0,99,0,33,0,99,99,99,1189,6.0,20.0,
2427,CURRENT_RUN_REAL_DATA,True,99,99,0,0,0,0,98,0,96,0,98,98,98,1195,10.0,20.0,
2428,CURRENT_RUN_REAL_DATA,True,93,93,0,0,0,64,28,5,83,4,92,92,92,807,0.0,268.0,
2429,CURRENT_RUN_REAL_DATA,True,101,101,0,0,0,6,94,6,49,2,100,100,100,1195,0.0,105.0,
2430,CURRENT_RUN_REAL_DATA,True,118,118,0,0,0,3,114,3,1,0,117,117,117,1195,0.0,23.0,
2431,CURRENT_RUN_REAL_DATA,True,36,36,0,0,0,9,26,9,0,3,35,35,35,949,0.0,635.0,
2432,CURRENT_RUN_REAL_DATA,True,106,106,0,0,0,3,102,0,24,1,105,105,105,1190,0.0,44.0,
2433,CURRENT_RUN_REAL_DATA,True,111,111,0,0,0,12,98,12,12,3,110,110,110,1186,0.0,69.0,
2434,CURRENT_RUN_REAL_DATA,True,100,100,0,0,0,0,99,0,89,0,99,99,99,1191,1.0,26.0,
2435,CURRENT_RUN_REAL_DATA,True,100,100,0,0,0,0,99,0,89,0,99,99,99,1191,1.0,20.0,
2436,CURRENT_RUN_REAL_DATA,True,103,103,0,0,0,3,99,3,24,2,102,102,102,1195,0.0,32.0,
2437,CURRENT_RUN_REAL_DATA,True,99,99,0,0,0,1,97,0,89,0,98,98,98,1179,0.0,22.0,
2438,CURRENT_RUN_REAL_DATA,True,99,99,0,0,0,0,98,0,93,0,98,98,98,1192,2.0,21.0,
2439,CURRENT_RUN_REAL_DATA,True,100,100,0,0,0,0,99,0,0,0,99,99,99,1191,3.0,22.0,
2440,CURRENT_RUN_REAL_DATA,True,100,100,0,0,0,0,99,0,91,0,99,99,99,1190,6.0,20.0,
2441,CURRENT_RUN_REAL_DATA,True,99,99,0,0,0,0,98,0,91,0,98,98,98,1190,5.0,30.0,
2442,CURRENT_RUN_REAL_DATA,True,100,100,0,0,0,1,98,0,89,0,99,99,99,1194,0.0,20.0,
2443,CURRENT_RUN_REAL_DATA,True,100,100,0,0,0,0,99,0,85,0,99,99,99,1191,3.0,21.0,
2444,CURRENT_RUN_REAL_DATA,True,153,153,0,0,0,3,149,2,27,0,152,152,152,1189,0.0,22.0,
2445,CURRENT_RUN_REAL_DATA,True,102,102,0,0,0,3,98,3,39,3,101,101,101,1187,0.0,53.0,
2446,CURRENT_RUN_REAL_DATA,True,115,115,0,0,0,4,110,3,2,0,114,114,114,1191,0.0,20.0,
2447,CURRENT_RUN_REAL_DATA,True,99,99,0,0,0,0,98,0,79,0,98,98,98,1189,4.0,30.0,
2448,CURRENT_RUN_REAL_DATA,True,99,99,0,0,0,0,98,0,88,0,98,98,98,1187,7.0,21.0,
2449,CURRENT_RUN_REAL_DATA,True,114,114,0,0,0,2,111,2,0,0,113,113,113,1186,0.0,27.0,
2450,CURRENT_RUN_REAL_DATA,True,111,111,0,0,0,2,108,1,24,0,110,110,110,1192,0.0,30.0,
2451,CURRENT_RUN_REAL_DATA,True,106,106,0,0,0,0,105,0,20,1,105,105,105,1197,1.0,41.0,
2452,CURRENT_RUN_REAL_DATA,True,108,108,0,0,0,0,107,0,5,0,107,107,107,1186,1.0,21.0,
2453,CURRENT_RUN_REAL_DATA,True,100,100,0,0,0,1,98,0,89,0,99,99,99,1191,0.0,21.0,
2454,CURRENT_RUN_REAL_DATA,True,99,99,0,0,0,0,98,0,14,0,98,98,98,1187,1.0,22.0,
2455,CURRENT_RUN_REAL_DATA,True,100,100,0,0,0,0,99,0,24,0,99,99,99,1190,1.0,22.0,
2456,CURRENT_RUN_REAL_DATA,True,103,103,0,0,0,0,102,0,16,0,102,102,102,1191,1.0,23.0,
2457,CURRENT_RUN_REAL_DATA,True,106,106,0,0,0,0,105,0,30,1,105,105,105,1193,1.0,90.0,
2458,CURRENT_RUN_REAL_DATA,True,126,126,0,0,0,3,122,3,31,0,125,125,125,1195,0.0,28.0,
2459,CURRENT_RUN_REAL_DATA,True,105,105,0,0,0,2,102,2,0,1,104,104,104,1195,0.0,31.0,
2460,CURRENT_RUN_REAL_DATA,True,100,100,0,0,0,0,99,0,89,0,99,99,99,1191,4.0,21.0,
2461,CURRENT_RUN_REAL_DATA,True,107,107,0,0,0,3,103,3,14,0,106,106,106,1190,0.0,30.0,
2462,CURRENT_RUN_REAL_DATA,True,117,117,0,0,0,3,113,2,22,1,116,116,116,1194,0.0,39.0,
2463,CURRENT_RUN_REAL_DATA,True,99,99,0,0,0,0,98,0,78,0,98,98,98,1195,10.0,20.0,
2464,CURRENT_RUN_REAL_DATA,True,121,121,0,0,0,0,120,0,35,0,120,120,120,1191,1.0,27.0,
2465,CURRENT_RUN_REAL_DATA,True,107,107,0,0,0,2,104,1,29,0,106,106,106,1188,0.0,25.0,
2466,CURRENT_RUN_REAL_DATA,True,132,132,0,0,0,7,124,7,24,0,131,131,131,1190,0.0,25.0,
2467,CURRENT_RUN_REAL_DATA,True,91,91,0,0,0,1,89,1,0,2,90,90,90,1142,0.0,52.0,
2468,CURRENT_RUN_REAL_DATA,True,106,106,0,0,0,1,104,1,10,0,105,105,105,1191,0.0,30.0,
2469,CURRENT_RUN_REAL_DATA,True,100,100,0,0,0,0,99,0,89,0,99,99,99,1191,1.0,20.0,
2470,CURRENT_RUN_REAL_DATA,True,99,99,0,0,0,0,98,0,88,0,98,98,98,1189,7.0,21.0,
2471,CURRENT_RUN_REAL_DATA,True,106,106,0,0,0,1,104,1,52,0,105,105,105,1187,0.0,30.0,
2472,CURRENT_RUN_REAL_DATA,True,111,111,0,0,0,1,109,1,6,0,110,110,110,1190,0.0,30.0,
2473,CURRENT_RUN_REAL_DATA,True,100,100,0,0,0,0,99,0,89,0,99,99,99,1186,5.0,20.0,
2474,CURRENT_RUN_REAL_DATA,True,99,99,0,0,0,0,98,0,79,0,98,98,98,1189,3.0,22.0,
2475,CURRENT_RUN_REAL_DATA,True,99,99,0,0,0,0,98,0,92,0,98,98,98,1195,9.0,21.0,
2476,CURRENT_RUN_REAL_DATA,True,99,99,0,0,0,0,98,0,88,0,98,98,98,1190,6.0,30.0,
2477,CURRENT_RUN_REAL_DATA,True,136,136,0,0,0,8,127,5,9,2,135,135,135,1189,0.0,52.0,
2478,CURRENT_RUN_REAL_DATA,True,101,101,0,0,0,0,100,0,90,0,100,100,100,1187,6.0,21.0,
2479,CURRENT_RUN_REAL_DATA,True,107,107,0,0,0,3,103,3,19,2,106,106,106,1195,0.0,40.0,
2480,CURRENT_RUN_REAL_DATA,True,100,100,0,0,0,0,99,0,94,1,99,99,99,1191,1.0,32.0,
2481,CURRENT_RUN_REAL_DATA,True,111,111,0,0,0,5,105,4,34,1,110,110,110,1193,0.0,34.0,
2482,CURRENT_RUN_REAL_DATA,True,120,120,0,0,0,4,115,4,30,0,119,119,119,1191,0.0,26.0,
2483,CURRENT_RUN_REAL_DATA,True,98,98,0,0,0,2,95,0,76,1,97,97,97,1190,0.0,65.0,
2484,CURRENT_RUN_REAL_DATA,True,108,108,0,0,0,1,106,1,11,0,107,107,107,1178,0.0,22.0,
2485,CURRENT_RUN_REAL_DATA,True,101,101,0,0,0,0,100,0,24,0,100,100,100,1195,1.0,25.0,
2486,CURRENT_RUN_REAL_DATA,True,100,100,0,0,0,0,99,0,79,0,99,99,99,1190,2.0,22.0,
2487,CURRENT_RUN_REAL_DATA,True,99,99,0,0,0,0,98,0,0,0,98,98,98,1191,2.0,29.0,
2488,CURRENT_RUN_REAL_DATA,True,110,110,0,0,0,8,101,3,27,3,109,109,109,1197,0.0,46.0,
2489,CURRENT_RUN_REAL_DATA,True,101,101,0,0,0,2,98,1,20,1,100,100,100,1186,0.0,101.0,
2490,CURRENT_RUN_REAL_DATA,True,101,101,0,0,0,0,100,0,66,0,100,100,100,1188,2.0,30.0,
2491,CURRENT_RUN_REAL_DATA,True,99,99,0,0,0,0,98,0,95,0,98,98,98,1189,3.0,22.0,
2492,CURRENT_RUN_REAL_DATA,True,113,113,0,0,0,0,112,0,25,0,112,112,112,1191,1.0,23.0,
2493,CURRENT_RUN_REAL_DATA,True,103,103,0,0,0,1,101,1,52,0,102,102,102,1189,0.0,23.0,
2494,CURRENT_RUN_REAL_DATA,True,100,100,0,0,0,0,99,0,89,0,99,99,99,1193,2.0,20.0,
2495,CURRENT_RUN_REAL_DATA,True,100,100,0,0,0,0,99,0,16,0,99,99,99,1187,6.0,21.0,
2496,CURRENT_RUN_REAL_DATA,True,100,100,0,0,0,0,99,0,4,0,99,99,99,1195,1.0,20.0,
2497,CURRENT_RUN_REAL_DATA,True,100,100,0,0,0,0,99,0,77,0,99,99,99,1193,1.0,20.0,
2498,CURRENT_RUN_REAL_DATA,True,100,100,0,0,0,0,99,0,38,0,99,99,99,1190,5.0,21.0,
2499,CURRENT_RUN_REAL_DATA,True,103,103,0,0,0,0,102,0,16,1,102,102,102,1189,1.0,50.0,
2500,CURRENT_RUN_REAL_DATA,True,32,32,0,0,0,0,31,0,5,0,31,31,31,364,1.0,22.0,
2501,CURRENT_RUN_REAL_DATA,True,100,100,0,0,0,0,99,0,49,0,99,99,99,1190,6.0,21.0,
2502,CURRENT_RUN_REAL_DATA,True,101,101,0,0,0,0,100,0,38,0,100,100,100,1160,2.0,25.0,
2503,CURRENT_RUN_REAL_DATA,True,100,100,0,0,0,0,99,0,90,0,99,99,99,1191,2.0,21.0,
2504,CURRENT_RUN_REAL_DATA,True,99,99,0,0,0,0,98,0,79,0,98,98,98,1195,10.0,20.0,
2505,CURRENT_RUN_REAL_DATA,True,99,99,0,0,0,0,98,0,64,0,98,98,98,1191,9.0,21.0,
2506,CURRENT_RUN_REAL_DATA,True,101,101,0,0,0,0,100,0,75,0,100,100,100,1186,1.0,21.0,
2507,CURRENT_RUN_REAL_DATA,True,100,100,0,0,0,0,99,0,89,0,99,99,99,1195,1.0,21.0,
2508,CURRENT_RUN_REAL_DATA,True,118,118,0,0,0,86,31,82,5,4,117,117,117,1189,0.0,784.0,
2509,CURRENT_RUN_REAL_DATA,True,100,100,0,0,0,0,99,0,79,0,99,99,99,1190,5.0,21.0,
2510,CURRENT_RUN_REAL_DATA,True,102,102,0,0,0,2,99,2,26,1,101,101,101,1193,0.0,107.0,
2511,CURRENT_RUN_REAL_DATA,True,100,100,0,0,0,0,99,0,89,0,99,99,99,1193,1.0,20.0,
2512,CURRENT_RUN_REAL_DATA,True,109,109,0,0,0,1,107,1,0,2,108,108,108,1189,0.0,40.0,
2513,CURRENT_RUN_REAL_DATA,True,113,113,0,0,0,12,100,6,20,2,112,112,112,1189,0.0,90.0,
2514,CURRENT_RUN_REAL_DATA,True,99,99,0,0,0,0,98,0,39,1,98,98,98,1190,1.0,40.0,
2515,CURRENT_RUN_REAL_DATA,True,100,100,0,0,0,0,99,0,13,0,99,99,99,1190,4.0,20.0,
2516,CURRENT_RUN_REAL_DATA,True,101,101,0,0,0,0,100,0,67,0,100,100,100,1187,1.0,22.0,
2517,CURRENT_RUN_REAL_DATA,True,100,100,0,0,0,0,99,0,90,0,99,99,99,1191,1.0,21.0,
2518,CURRENT_RUN_REAL_DATA,True,99,99,0,0,0,0,98,0,73,0,98,98,98,1193,10.0,20.0,
2519,CURRENT_RUN_REAL_DATA,True,109,109,0,0,0,3,105,3,0,1,108,108,108,1190,0.0,31.0,
2520,CURRENT_RUN_REAL_DATA,True,100,100,0,0,0,0,99,0,92,0,99,99,99,1190,4.0,21.0,
2521,CURRENT_RUN_REAL_DATA,True,109,109,0,0,0,2,106,2,19,1,108,108,108,1186,0.0,31.0,
2522,CURRENT_RUN_REAL_DATA,True,99,99,0,0,0,0,98,0,78,0,98,98,98,1190,1.0,30.0,
2523,CURRENT_RUN_REAL_DATA,True,98,98,0,0,0,0,97,0,78,0,97,97,97,1187,9.0,27.0,
2524,CURRENT_RUN_REAL_DATA,True,120,120,0,0,0,2,117,2,7,0,119,119,119,1180,0.0,30.0,
2525,CURRENT_RUN_REAL_DATA,True,127,127,0,0,0,1,125,1,38,0,126,126,126,1186,0.0,24.0,
2526,CURRENT_RUN_REAL_DATA,True,105,105,0,0,0,16,88,13,17,3,104,104,104,1193,0.0,138.0,
2527,CURRENT_RUN_REAL_DATA,True,102,102,0,0,0,2,99,2,12,1,101,101,101,1194,0.0,101.0,
2528,CURRENT_RUN_REAL_DATA,True,99,99,0,0,0,0,98,0,0,0,98,98,98,1190,9.0,20.0,
2529,CURRENT_RUN_REAL_DATA,True,99,99,0,0,0,0,98,0,90,0,98,98,98,1195,9.0,21.0,
2530,CURRENT_RUN_REAL_DATA,True,115,115,0,0,0,8,106,7,26,0,114,114,114,1104,0.0,30.0,
2531,CURRENT_RUN_REAL_DATA,True,99,99,0,0,0,0,98,0,88,0,98,98,98,1195,4.0,26.0,
2532,CURRENT_RUN_REAL_DATA,True,100,100,0,0,0,0,99,0,90,0,99,99,99,1190,2.0,21.0,
2533,CURRENT_RUN_REAL_DATA,True,101,101,0,0,0,4,96,3,12,1,100,100,100,1190,0.0,52.0,
2534,CURRENT_RUN_REAL_DATA,True,100,100,0,0,0,0,99,0,89,0,99,99,99,1190,5.0,20.0,
2535,CURRENT_RUN_REAL_DATA,True,106,106,0,0,0,0,105,0,62,1,105,105,105,1185,2.0,32.0,
2536,CURRENT_RUN_REAL_DATA,True,156,156,0,0,0,11,144,11,41,0,155,155,155,1190,0.0,21.0,
2537,CURRENT_RUN_REAL_DATA,True,99,99,0,0,0,0,98,0,41,0,98,98,98,1193,9.0,20.0,
2538,CURRENT_RUN_REAL_DATA,True,92,92,0,0,0,2,89,1,62,1,91,91,91,1186,0.0,144.0,
2539,CURRENT_RUN_REAL_DATA,True,99,99,0,0,0,0,98,0,78,0,98,98,98,1186,1.0,22.0,
2540,CURRENT_RUN_REAL_DATA,True,99,99,0,0,0,0,98,0,88,0,98,98,98,1187,5.0,26.0,
2541,CURRENT_RUN_REAL_DATA,True,110,110,0,0,0,1,108,1,0,0,109,109,109,1194,0.0,24.0,
2542,CURRENT_RUN_REAL_DATA,True,100,100,0,0,0,0,99,0,98,0,99,99,99,1191,3.0,21.0,
2543,CURRENT_RUN_REAL_DATA,True,96,96,0,0,0,1,94,1,10,2,95,95,95,1190,0.0,97.0,
2544,CURRENT_RUN_REAL_DATA,True,148,148,0,0,0,9,138,9,23,0,147,147,147,1194,0.0,29.0,
2545,CURRENT_RUN_REAL_DATA,True,98,98,0,0,0,0,97,0,87,0,97,97,97,1183,8.0,23.0,
2546,CURRENT_RUN_REAL_DATA,True,100,100,0,0,0,0,99,0,2,0,99,99,99,1188,7.0,21.0,
2547,CURRENT_RUN_REAL_DATA,True,99,99,0,0,0,0,98,0,0,0,98,98,98,1195,9.0,21.0,
2548,CURRENT_RUN_REAL_DATA,True,106,106,0,0,0,0,105,0,73,0,105,105,105,1194,1.0,20.0,
2549,CURRENT_RUN_REAL_DATA,True,104,104,0,0,0,3,100,2,44,1,103,103,103,1186,0.0,50.0,
2550,CURRENT_RUN_REAL_DATA,True,117,117,0,0,0,3,113,3,0,0,116,116,116,1184,0.0,28.0,
2551,CURRENT_RUN_REAL_DATA,True,105,105,0,0,0,0,104,0,46,1,104,104,104,1191,1.0,34.0,
2552,CURRENT_RUN_REAL_DATA,True,100,100,0,0,0,0,99,0,91,0,99,99,99,1191,4.0,26.0,
2553,CURRENT_RUN_REAL_DATA,True,104,104,0,0,0,0,103,0,24,0,103,103,103,1193,1.0,24.0,
2554,CURRENT_RUN_REAL_DATA,True,100,100,0,0,0,0,99,0,53,0,99,99,99,1193,2.0,20.0,
2555,CURRENT_RUN_REAL_DATA,True,83,83,0,0,0,1,81,1,0,4,82,82,82,1187,0.0,101.0,
2556,CURRENT_RUN_REAL_DATA,True,100,100,0,0,0,0,99,0,80,0,99,99,99,1193,2.0,21.0,
2557,CURRENT_RUN_REAL_DATA,True,100,100,0,0,0,0,99,0,2,1,99,99,99,1180,1.0,31.0,
2558,CURRENT_RUN_REAL_DATA,True,78,78,0,0,0,0,77,0,0,4,77,77,77,1189,5.0,89.0,
2559,CURRENT_RUN_REAL_DATA,True,99,99,0,0,0,0,98,0,5,0,98,98,98,1189,6.0,22.0,
2560,CURRENT_RUN_REAL_DATA,True,109,109,0,0,0,4,104,4,22,1,108,108,108,1191,0.0,32.0,
2561,CURRENT_RUN_REAL_DATA,True,98,98,0,0,0,0,97,0,77,0,97,97,97,1195,9.0,30.0,
2562,CURRENT_RUN_REAL_DATA,True,100,100,0,0,0,0,99,0,90,0,99,99,99,1192,3.0,21.0,
2563,CURRENT_RUN_REAL_DATA,True,99,99,0,0,0,0,98,0,88,0,98,98,98,1190,7.0,20.0,
2564,CURRENT_RUN_REAL_DATA,True,99,99,0,0,0,2,96,0,89,1,98,98,98,1190,0.0,45.0,
2565,CURRENT_RUN_REAL_DATA,True,98,98,0,0,0,0,97,0,87,0,97,97,97,1186,6.0,28.0,
2566,CURRENT_RUN_REAL_DATA,True,102,102,0,0,0,2,99,1,56,2,101,101,101,1181,0.0,62.0,
2567,CURRENT_RUN_REAL_DATA,True,113,113,0,0,0,2,110,2,6,1,112,112,112,1163,0.0,31.0,
2568,CURRENT_RUN_REAL_DATA,True,103,103,0,0,0,3,99,3,15,1,102,102,102,1193,0.0,38.0,
2569,CURRENT_RUN_REAL_DATA,True,99,99,0,0,0,0,98,0,79,0,98,98,98,1191,3.0,30.0,
2570,CURRENT_RUN_REAL_DATA,True,99,99,0,0,0,0,98,0,93,0,98,98,98,1190,7.0,30.0,
2571,CURRENT_RUN_REAL_DATA,True,100,100,0,0,0,0,99,0,89,0,99,99,99,1191,4.0,21.0,
2572,CURRENT_RUN_REAL_DATA,True,111,111,0,0,0,2,108,1,30,0,110,110,110,1187,0.0,22.0,
2573,CURRENT_RUN_REAL_DATA,True,114,114,0,0,0,4,109,4,43,0,113,113,113,1193,0.0,30.0,
2574,CURRENT_RUN_REAL_DATA,True,100,100,0,0,0,0,99,0,79,0,99,99,99,1190,6.0,21.0,
2575,CURRENT_RUN_REAL_DATA,True,100,100,0,0,0,0,99,0,89,0,99,99,99,1192,3.0,21.0,
2576,CURRENT_RUN_REAL_DATA,True,70,70,0,0,0,26,43,26,5,1,69,69,69,1191,0.0,816.0,
2577,CURRENT_RUN_REAL_DATA,True,99,99,0,0,0,0,98,0,88,0,98,98,98,1195,9.0,21.0,
2578,CURRENT_RUN_REAL_DATA,True,112,112,0,0,0,2,109,2,11,0,111,111,111,1197,0.0,26.0,
2579,CURRENT_RUN_REAL_DATA,True,100,100,0,0,0,1,98,0,89,0,99,99,99,1189,0.0,22.0,
2580,CURRENT_RUN_REAL_DATA,True,109,109,0,0,0,4,104,4,19,2,108,108,108,1186,0.0,47.0,
2581,CURRENT_RUN_REAL_DATA,True,100,100,0,0,0,0,99,0,90,0,99,99,99,1191,1.0,21.0,
2582,CURRENT_RUN_REAL_DATA,True,110,110,0,0,0,7,102,2,57,1,109,109,109,1194,0.0,85.0,
2583,CURRENT_RUN_REAL_DATA,True,100,100,0,0,0,0,99,0,89,0,99,99,99,1194,1.0,20.0,
2584,CURRENT_RUN_REAL_DATA,True,100,100,0,0,0,0,99,0,90,0,99,99,99,1187,1.0,21.0,
2585,CURRENT_RUN_REAL_DATA,True,99,99,0,0,0,0,98,0,89,0,98,98,98,1179,5.0,21.0,
2586,CURRENT_RUN_REAL_DATA,True,100,100,0,0,0,0,99,0,64,0,99,99,99,1193,2.0,20.0,
2587,CURRENT_RUN_REAL_DATA,True,92,92,0,0,0,2,89,2,6,1,91,91,91,1186,0.0,187.0,
2588,CURRENT_RUN_REAL_DATA,True,100,100,0,0,0,1,98,0,18,0,99,99,99,1194,0.0,20.0,
2589,CURRENT_RUN_REAL_DATA,True,99,99,0,0,0,0,98,0,88,0,98,98,98,1189,4.0,24.0,
2590,CURRENT_RUN_REAL_DATA,True,100,100,0,0,0,0,99,0,61,0,99,99,99,1191,3.0,21.0,
2591,CURRENT_RUN_REAL_DATA,True,99,99,0,0,0,0,98,0,74,0,98,98,98,1191,7.0,20.0,
2592,CURRENT_RUN_REAL_DATA,True,106,106,0,0,0,5,100,3,46,2,105,105,105,1191,0.0,117.0,
2593,CURRENT_RUN_REAL_DATA,True,140,140,0,0,0,9,130,9,20,0,139,139,139,1194,0.0,24.0,
2594,CURRENT_RUN_REAL_DATA,True,100,100,0,0,0,0,99,0,89,0,99,99,99,1190,5.0,21.0,
2595,CURRENT_RUN_REAL_DATA,True,100,100,0,0,0,0,99,0,76,0,99,99,99,1188,7.0,23.0,
2596,CURRENT_RUN_REAL_DATA,True,108,108,0,0,0,0,107,0,6,1,107,107,107,1191,1.0,31.0,
2597,CURRENT_RUN_REAL_DATA,True,83,83,0,0,0,0,82,0,73,1,82,82,82,1106,9.0,131.0,
2598,CURRENT_RUN_REAL_DATA,True,102,102,0,0,0,0,101,0,56,0,101,101,101,1190,1.0,25.0,
2599,CURRENT_RUN_REAL_DATA,True,113,113,0,0,0,2,110,2,0,0,112,112,112,1190,0.0,26.0,
2600,CURRENT_RUN_REAL_DATA,True,100,100,0,0,0,0,99,0,76,0,99,99,99,1186,1.0,28.0,
2601,CURRENT_RUN_REAL_DATA,True,111,111,0,0,0,1,109,1,34,0,110,110,110,1189,0.0,23.0,
2602,CURRENT_RUN_REAL_DATA,True,98,98,0,0,0,2,95,2,63,1,97,97,97,1189,0.0,56.0,
2603,CURRENT_RUN_REAL_DATA,True,108,108,0,0,0,41,66,30,13,2,107,107,107,1180,0.0,411.0,
2604,CURRENT_RUN_REAL_DATA,True,101,101,0,0,0,0,100,0,25,0,100,100,100,1190,1.0,28.0,
2605,CURRENT_RUN_REAL_DATA,True,98,98,0,0,0,0,97,0,78,0,97,97,97,1184,8.0,22.0,
2606,CURRENT_RUN_REAL_DATA,True,98,98,0,0,0,4,93,0,88,0,97,97,97,1125,0.0,21.0,
2607,CURRENT_RUN_REAL_DATA,True,109,109,0,0,0,29,79,29,14,1,108,108,108,1197,0.0,286.0,
2608,CURRENT_RUN_REAL_DATA,True,94,94,0,0,0,2,91,0,79,1,93,93,93,1191,0.0,123.0,
2609,CURRENT_RUN_REAL_DATA,True,96,96,0,0,0,1,94,1,52,0,95,95,95,1183,0.0,30.0,
2610,CURRENT_RUN_REAL_DATA,True,116,116,0,0,0,5,110,5,0,2,115,115,115,1186,0.0,51.0,
2611,CURRENT_RUN_REAL_DATA,True,102,102,0,0,0,10,91,0,92,3,101,101,101,1190,0.0,96.0,
2612,CURRENT_RUN_REAL_DATA,True,94,94,0,0,0,0,93,0,13,1,93,93,93,1194,1.0,106.0,
2613,CURRENT_RUN_REAL_DATA,True,99,99,0,0,0,0,98,0,79,0,98,98,98,1194,10.0,20.0,
2614,CURRENT_RUN_REAL_DATA,True,100,100,0,0,0,0,99,0,93,0,99,99,99,1193,1.0,21.0,
2615,CURRENT_RUN_REAL_DATA,True,103,103,0,0,0,1,101,1,55,0,102,102,102,1186,0.0,22.0,
2616,CURRENT_RUN_REAL_DATA,True,114,114,0,0,0,1,112,1,22,0,113,113,113,1192,0.0,29.0,
2617,CURRENT_RUN_REAL_DATA,True,99,99,0,0,0,0,98,0,89,0,98,98,98,1195,9.0,21.0,
2618,CURRENT_RUN_REAL_DATA,True,100,100,0,0,0,0,99,0,89,0,99,99,99,1190,6.0,21.0,
2619,CURRENT_RUN_REAL_DATA,True,99,99,0,0,0,0,98,0,26,0,98,98,98,1191,10.0,20.0,
2620,CURRENT_RUN_REAL_DATA,True,99,99,0,0,0,0,98,0,94,0,98,98,98,1195,9.0,21.0,
2621,CURRENT_RUN_REAL_DATA,True,99,99,0,0,0,0,98,0,90,0,98,98,98,1191,9.0,21.0,
2622,CURRENT_RUN_REAL_DATA,True,109,109,0,0,0,2,106,1,17,0,108,108,108,1188,0.0,30.0,
2623,CURRENT_RUN_REAL_DATA,True,97,97,0,0,0,2,94,2,48,0,96,96,96,1169,0.0,30.0,
2624,CURRENT_RUN_REAL_DATA,True,99,99,0,0,0,0,98,0,89,0,98,98,98,1188,7.0,28.0,
2625,CURRENT_RUN_REAL_DATA,True,110,110,0,0,0,14,95,12,19,3,109,109,109,1197,0.0,117.0,
2626,CURRENT_RUN_REAL_DATA,True,99,99,0,0,0,0,98,0,89,0,98,98,98,1187,6.0,28.0,
2627,CURRENT_RUN_REAL_DATA,True,99,99,0,0,0,0,98,0,94,0,98,98,98,1190,10.0,20.0,
2628,CURRENT_RUN_REAL_DATA,True,109,109,0,0,0,1,107,1,26,1,108,108,108,1191,0.0,39.0,
2629,CURRENT_RUN_REAL_DATA,True,99,99,0,0,0,0,98,0,91,0,98,98,98,1190,10.0,20.0,
2630,CURRENT_RUN_REAL_DATA,True,103,103,0,0,0,2,100,2,5,0,102,102,102,1186,0.0,26.0,
2631,CURRENT_RUN_REAL_DATA,True,114,114,0,0,0,7,106,6,26,2,113,113,113,1194,0.0,51.0,
2632,CURRENT_RUN_REAL_DATA,True,100,100,0,0,0,0,99,0,7,0,99,99,99,1190,5.0,21.0,
2633,CURRENT_RUN_REAL_DATA,True,99,99,0,0,0,0,98,0,91,0,98,98,98,1195,8.0,21.0,
2634,CURRENT_RUN_REAL_DATA,True,99,99,0,0,0,4,94,4,22,2,98,98,98,1190,0.0,35.0,
2635,CURRENT_RUN_REAL_DATA,True,103,103,0,0,0,2,100,1,33,1,102,102,102,1186,0.0,32.0,
2636,CURRENT_RUN_REAL_DATA,True,99,99,0,0,0,0,98,0,88,0,98,98,98,1179,5.0,21.0,
2637,CURRENT_RUN_REAL_DATA,True,97,97,0,0,0,0,96,0,77,0,96,96,96,1183,10.0,30.0,
2638,CURRENT_RUN_REAL_DATA,True,98,98,0,0,0,0,97,0,87,0,97,97,97,1191,7.0,21.0,
2639,CURRENT_RUN_REAL_DATA,True,99,99,0,0,0,0,98,0,77,0,98,98,98,1189,6.0,23.0,
2640,CURRENT_RUN_REAL_DATA,True,104,104,0,0,0,1,102,1,2,0,103,103,103,1192,0.0,28.0,
2641,CURRENT_RUN_REAL_DATA,True,96,96,0,0,0,0,95,0,25,0,95,95,95,1168,6.0,30.0,
2642,CURRENT_RUN_REAL_DATA,True,99,99,0,0,0,2,96,1,13,1,98,98,98,1179,0.0,91.0,
2643,CURRENT_RUN_REAL_DATA,True,100,100,0,0,0,0,99,0,20,1,99,99,99,1192,2.0,65.0,
2644,CURRENT_RUN_REAL_DATA,True,98,98,0,0,0,0,97,0,77,0,97,97,97,1195,9.0,30.0,
2645,CURRENT_RUN_REAL_DATA,True,106,106,0,0,0,1,104,1,0,0,105,105,105,1186,0.0,30.0,
2646,CURRENT_RUN_REAL_DATA,True,111,111,0,0,0,7,103,7,0,1,110,110,110,1191,0.0,38.0,
2647,CURRENT_RUN_REAL_DATA,True,106,106,0,0,0,0,105,0,2,1,105,105,105,1196,1.0,100.0,
2648,CURRENT_RUN_REAL_DATA,True,107,107,0,0,0,47,59,40,18,2,106,106,106,1177,0.0,419.0,
2649,CURRENT_RUN_REAL_DATA,True,101,101,0,0,0,0,100,0,89,0,100,100,100,1195,6.0,21.0,
2650,CURRENT_RUN_REAL_DATA,True,100,100,0,0,0,0,99,0,89,0,99,99,99,1191,2.0,21.0,
2651,CURRENT_RUN_REAL_DATA,True,100,100,0,0,0,0,99,0,89,0,99,99,99,1190,2.0,21.0,
2652,CURRENT_RUN_REAL_DATA,True,86,86,0,0,0,2,83,1,40,3,85,85,85,1182,0.0,121.0,
2653,CURRENT_RUN_REAL_DATA,True,85,85,0,0,0,0,84,0,0,3,84,84,84,1193,1.0,147.0,
2654,CURRENT_RUN_REAL_DATA,True,100,100,0,0,0,0,99,0,62,0,99,99,99,1187,6.0,20.0,
2655,CURRENT_RUN_REAL_DATA,True,100,100,0,0,0,0,99,0,59,0,99,99,99,1191,5.0,21.0,
2656,CURRENT_RUN_REAL_DATA,True,103,103,0,0,0,0,102,0,62,0,102,102,102,1191,2.0,20.0,
2657,CURRENT_RUN_REAL_DATA,True,98,98,0,0,0,0,97,0,10,0,97,97,97,1187,7.0,30.0,
2658,CURRENT_RUN_REAL_DATA,True,107,107,0,0,0,11,95,11,12,2,106,106,106,1186,0.0,76.0,
2659,CURRENT_RUN_REAL_DATA,True,112,112,0,0,0,0,111,0,9,0,111,111,111,1191,1.0,20.0,
2660,CURRENT_RUN_REAL_DATA,True,99,99,0,0,0,0,98,0,92,0,98,98,98,1191,7.0,20.0,
2661,CURRENT_RUN_REAL_DATA,True,100,100,0,0,0,0,99,0,90,0,99,99,99,1190,4.0,21.0,
2662,CURRENT_RUN_REAL_DATA,True,127,127,0,0,0,1,125,1,17,0,126,126,126,1190,0.0,21.0,
2663,CURRENT_RUN_REAL_DATA,True,106,106,0,0,0,2,103,2,4,1,105,105,105,1193,0.0,114.0,
2664,CURRENT_RUN_REAL_DATA,True,100,100,0,0,0,0,99,0,79,0,99,99,99,1191,3.0,21.0,
2665,CURRENT_RUN_REAL_DATA,True,99,99,0,0,0,0,98,0,88,0,98,98,98,1191,3.0,22.0,
2666,CURRENT_RUN_REAL_DATA,True,115,115,0,0,0,7,107,7,10,2,114,114,114,1193,0.0,43.0,
2667,CURRENT_RUN_REAL_DATA,True,99,99,0,0,0,0,98,0,90,0,98,98,98,1189,8.0,22.0,
2668,CURRENT_RUN_REAL_DATA,True,104,104,0,0,0,1,102,1,17,0,103,103,103,1195,0.0,24.0,
2669,CURRENT_RUN_REAL_DATA,True,110,110,0,0,0,5,104,5,9,3,109,109,109,1190,0.0,37.0,
2670,CURRENT_RUN_REAL_DATA,True,50,50,0,0,0,0,49,0,44,0,49,49,49,600,10.0,20.0,
2671,CURRENT_RUN_REAL_DATA,True,111,111,0,0,0,2,108,1,8,1,110,110,110,1188,0.0,34.0,
2672,CURRENT_RUN_REAL_DATA,True,99,99,0,0,0,0,98,0,5,0,98,98,98,1187,5.0,25.0,
2673,CURRENT_RUN_REAL_DATA,True,100,100,0,0,0,1,98,0,89,0,99,99,99,1196,0.0,22.0,
2674,CURRENT_RUN_REAL_DATA,True,100,100,0,0,0,0,99,0,89,0,99,99,99,1193,2.0,21.0,
2675,CURRENT_RUN_REAL_DATA,True,100,100,0,0,0,0,99,0,98,0,99,99,99,1194,1.0,20.0,
2676,CURRENT_RUN_REAL_DATA,True,112,112,0,0,0,3,108,3,20,1,111,111,111,1194,0.0,32.0,
2677,CURRENT_RUN_REAL_DATA,True,99,99,0,0,0,0,98,0,92,0,98,98,98,1188,7.0,28.0,
2678,CURRENT_RUN_REAL_DATA,True,105,105,0,0,0,5,99,1,39,2,104,104,104,1195,0.0,129.0,
2679,CURRENT_RUN_REAL_DATA,True,100,100,0,0,0,0,99,0,92,0,99,99,99,1191,2.0,21.0,
2680,CURRENT_RUN_REAL_DATA,True,99,99,0,0,0,0,98,0,89,0,98,98,98,1193,8.0,20.0,
2681,CURRENT_RUN_REAL_DATA,True,100,100,0,0,0,0,99,0,89,0,99,99,99,1191,3.0,21.0,
2682,CURRENT_RUN_REAL_DATA,True,99,99,0,0,0,0,98,0,64,0,98,98,98,1190,10.0,20.0,
2683,CURRENT_RUN_REAL_DATA,True,100,100,0,0,0,0,99,0,91,0,99,99,99,1191,4.0,21.0,
2684,CURRENT_RUN_REAL_DATA,True,111,111,0,0,0,10,100,10,3,2,110,110,110,1186,0.0,66.0,
2685,CURRENT_RUN_REAL_DATA,True,101,101,0,0,0,0,100,0,32,0,100,100,100,1186,4.0,21.0,
2686,CURRENT_RUN_REAL_DATA,True,114,114,0,0,0,4,109,3,13,1,113,113,113,1187,0.0,40.0,
2687,CURRENT_RUN_REAL_DATA,True,131,131,0,0,0,41,89,29,21,1,130,130,130,1191,0.0,407.0,
2688,CURRENT_RUN_REAL_DATA,True,99,99,0,0,0,0,98,0,78,0,98,98,98,1190,8.0,22.0,
2689,CURRENT_RUN_REAL_DATA,True,102,102,0,0,0,0,101,0,80,0,101,101,101,1195,1.0,21.0,
2690,CURRENT_RUN_REAL_DATA,True,103,103,0,0,0,1,101,1,54,0,102,102,102,1194,0.0,24.0,
2691,CURRENT_RUN_REAL_DATA,True,99,99,0,0,0,0,98,0,88,0,98,98,98,1195,9.0,20.0,
2692,CURRENT_RUN_REAL_DATA,True,104,104,0,0,0,4,99,4,1,1,103,103,103,1197,0.0,44.0,
2693,CURRENT_RUN_REAL_DATA,True,99,99,0,0,0,0,98,0,16,0,98,98,98,1195,9.0,21.0,
2694,CURRENT_RUN_REAL_DATA,True,88,88,0,0,0,0,87,0,51,2,87,87,87,1196,1.0,173.0,
2695,CURRENT_RUN_REAL_DATA,True,142,142,0,0,0,3,138,3,24,0,141,141,141,1191,0.0,24.0,
2696,CURRENT_RUN_REAL_DATA,True,99,99,0,0,0,0,98,0,78,0,98,98,98,1189,6.0,23.0,
2697,CURRENT_RUN_REAL_DATA,True,99,99,0,0,0,1,97,1,28,1,98,98,98,1192,0.0,37.0,
2698,CURRENT_RUN_REAL_DATA,True,97,97,0,0,0,0,96,0,93,0,96,96,96,1179,8.0,30.0,
2699,CURRENT_RUN_REAL_DATA,True,100,100,0,0,0,0,99,0,79,0,99,99,99,1190,5.0,21.0,
2700,CURRENT_RUN_REAL_DATA,True,88,88,0,0,0,40,47,32,24,1,87,87,87,705,0.0,183.0,
2701,CURRENT_RUN_REAL_DATA,True,147,147,0,0,0,10,136,9,42,0,146,146,146,1195,0.0,26.0,
2702,CURRENT_RUN_REAL_DATA,True,111,111,0,0,0,1,109,1,0,0,110,110,110,1179,0.0,27.0,
2703,CURRENT_RUN_REAL_DATA,True,103,103,0,0,0,0,102,0,2,0,102,102,102,1196,1.0,22.0,
2704,CURRENT_RUN_REAL_DATA,True,123,123,0,0,0,5,117,5,24,2,122,122,122,1186,0.0,195.0,
2705,CURRENT_RUN_REAL_DATA,True,99,99,0,0,0,0,98,0,74,0,98,98,98,1187,2.0,30.0,
2706,CURRENT_RUN_REAL_DATA,True,99,99,0,0,0,0,98,0,88,0,98,98,98,1195,9.0,21.0,
2707,CURRENT_RUN_REAL_DATA,True,97,97,0,0,0,0,96,0,74,1,96,96,96,1196,1.0,75.0,
2708,CURRENT_RUN_REAL_DATA,True,100,100,0,0,0,0,99,0,91,0,99,99,99,1194,1.0,21.0,
2709,CURRENT_RUN_REAL_DATA,True,116,116,0,0,0,2,113,2,0,1,115,115,115,1193,0.0,40.0,
2710,CURRENT_RUN_REAL_DATA,True,100,100,0,0,0,0,99,0,78,0,99,99,99,1191,4.0,21.0,
2711,CURRENT_RUN_REAL_DATA,True,100,100,0,0,0,0,99,0,80,0,99,99,99,1187,6.0,20.0,
2712,CURRENT_RUN_REAL_DATA,True,98,98,0,0,0,0,97,0,87,0,97,97,97,1194,8.0,30.0,
2713,CURRENT_RUN_REAL_DATA,True,100,100,0,0,0,0,99,0,0,0,99,99,99,1195,1.0,20.0,
2714,CURRENT_RUN_REAL_DATA,True,107,107,0,0,0,0,106,0,8,0,106,106,106,1192,1.0,30.0,
2715,CURRENT_RUN_REAL_DATA,True,100,100,0,0,0,1,98,1,7,0,99,99,99,1189,0.0,23.0,
2716,CURRENT_RUN_REAL_DATA,True,105,105,0,0,0,2,102,1,3,1,104,104,104,1192,0.0,138.0,
2717,CURRENT_RUN_REAL_DATA,True,107,107,0,0,0,0,106,0,76,0,106,106,106,1181,1.0,21.0,
2718,CURRENT_RUN_REAL_DATA,True,98,98,0,0,0,0,97,0,41,0,97,97,97,1191,8.0,30.0,
2719,CURRENT_RUN_REAL_DATA,True,93,93,0,0,0,0,92,0,0,1,92,92,92,1191,1.0,130.0,
2720,CURRENT_RUN_REAL_DATA,True,97,97,0,0,0,0,96,0,0,0,96,96,96,1173,2.0,30.0,
2721,CURRENT_RUN_REAL_DATA,True,100,100,0,0,0,0,99,0,1,0,99,99,99,1192,4.0,22.0,
2722,CURRENT_RUN_REAL_DATA,True,99,99,0,0,0,0,98,0,11,0,98,98,98,1191,1.0,29.0,
2723,CURRENT_RUN_REAL_DATA,True,100,100,0,0,0,1,98,1,6,0,99,99,99,1189,0.0,23.0,
2724,CURRENT_RUN_REAL_DATA,True,137,137,0,0,0,7,129,7,30,0,136,136,136,1190,0.0,25.0,
2725,CURRENT_RUN_REAL_DATA,True,100,100,0,0,0,0,99,0,78,0,99,99,99,1191,1.0,21.0,
2726,CURRENT_RUN_REAL_DATA,True,102,102,0,0,0,1,100,1,18,0,101,101,101,1189,0.0,30.0,
2727,CURRENT_RUN_REAL_DATA,True,100,100,0,0,0,0,99,0,29,2,99,99,99,1191,1.0,50.0,
2728,CURRENT_RUN_REAL_DATA,True,100,100,0,0,0,0,99,0,89,0,99,99,99,1191,2.0,21.0,
2729,CURRENT_RUN_REAL_DATA,True,98,98,0,0,0,0,97,0,77,0,97,97,97,1195,8.0,30.0,
2730,CURRENT_RUN_REAL_DATA,True,99,99,0,0,0,0,98,0,69,0,98,98,98,1190,6.0,30.0,
2731,CURRENT_RUN_REAL_DATA,True,121,121,0,0,0,24,96,23,32,0,120,120,120,1067,0.0,21.0,
2732,CURRENT_RUN_REAL_DATA,True,100,100,0,0,0,0,99,0,89,0,99,99,99,1191,3.0,21.0,
2733,CURRENT_RUN_REAL_DATA,True,110,110,0,0,0,3,106,2,26,0,109,109,109,1190,0.0,28.0,
2734,CURRENT_RUN_REAL_DATA,True,113,113,0,0,0,1,111,1,20,0,112,112,112,1187,0.0,29.0,
2735,CURRENT_RUN_REAL_DATA,True,100,100,0,0,0,0,99,0,92,0,99,99,99,1191,2.0,21.0,
2736,CURRENT_RUN_REAL_DATA,True,100,100,0,0,0,0,99,0,89,0,99,99,99,1190,6.0,21.0,
2737,CURRENT_RUN_REAL_DATA,True,109,109,0,0,0,2,106,1,24,3,108,108,108,1187,0.0,40.0,
2738,CURRENT_RUN_REAL_DATA,True,100,100,0,0,0,0,99,0,89,0,99,99,99,1193,1.0,21.0,
2739,CURRENT_RUN_REAL_DATA,True,109,109,0,0,0,2,106,2,25,0,108,108,108,1193,0.0,22.0,
2740,CURRENT_RUN_REAL_DATA,True,101,101,0,0,0,0,100,0,68,0,100,100,100,1187,2.0,27.0,
2741,CURRENT_RUN_REAL_DATA,True,99,99,0,0,0,0,98,0,77,0,98,98,98,1188,6.0,28.0,
2742,CURRENT_RUN_REAL_DATA,True,100,100,0,0,0,0,99,0,89,0,99,99,99,1191,3.0,20.0,
2743,CURRENT_RUN_REAL_DATA,True,100,100,0,0,0,0,99,0,80,0,99,99,99,1194,4.0,22.0,
2744,CURRENT_RUN_REAL_DATA,True,106,106,0,0,0,0,105,0,28,0,105,105,105,1186,1.0,30.0,
2745,CURRENT_RUN_REAL_DATA,True,100,100,0,0,0,0,99,0,89,0,99,99,99,1191,3.0,21.0,
2746,CURRENT_RUN_REAL_DATA,True,99,99,0,0,0,0,98,0,49,0,98,98,98,1187,1.0,30.0,
2747,CURRENT_RUN_REAL_DATA,True,99,99,0,0,0,0,98,0,89,0,98,98,98,1186,5.0,22.0,
2748,CURRENT_RUN_REAL_DATA,True,98,98,0,0,0,1,96,0,56,0,97,97,97,1184,0.0,30.0,
2749,CURRENT_RUN_REAL_DATA,True,102,102,0,0,0,0,101,0,60,0,101,101,101,1172,1.0,21.0,
2750,CURRENT_RUN_REAL_DATA,True,156,156,0,0,0,7,148,7,20,0,155,155,155,1191,0.0,29.0,
2751,CURRENT_RUN_REAL_DATA,True,100,100,0,0,0,0,99,0,86,0,99,99,99,1191,3.0,21.0,
2752,CURRENT_RUN_REAL_DATA,True,107,107,0,0,0,2,104,1,17,1,106,106,106,1191,0.0,34.0,
2753,CURRENT_RUN_REAL_DATA,True,100,100,0,0,0,0,99,0,40,0,99,99,99,1194,1.0,22.0,
2754,CURRENT_RUN_REAL_DATA,True,100,100,0,0,0,0,99,0,41,0,99,99,99,1191,3.0,20.0,
2755,CURRENT_RUN_REAL_DATA,True,98,98,0,0,0,0,97,0,90,0,97,97,97,1180,8.0,22.0,
2756,CURRENT_RUN_REAL_DATA,True,109,109,0,0,0,1,107,1,2,0,108,108,108,1190,0.0,29.0,
2757,CURRENT_RUN_REAL_DATA,True,110,110,0,0,0,2,107,2,1,0,109,109,109,1198,0.0,23.0,
2758,CURRENT_RUN_REAL_DATA,True,107,107,0,0,0,1,105,1,46,0,106,106,106,1187,0.0,26.0,
2759,CURRENT_RUN_REAL_DATA,True,115,115,0,0,0,9,105,9,31,1,114,114,114,1192,0.0,76.0,
2760,CURRENT_RUN_REAL_DATA,True,99,99,0,0,0,0,98,0,88,0,98,98,98,1183,1.0,21.0,
2761,CURRENT_RUN_REAL_DATA,True,104,104,0,0,0,2,101,2,8,1,103,103,103,1186,0.0,31.0,
2762,CURRENT_RUN_REAL_DATA,True,99,99,0,0,0,0,98,0,79,0,98,98,98,1192,9.0,20.0,
2763,CURRENT_RUN_REAL_DATA,True,99,99,0,0,0,0,98,0,92,0,98,98,98,1183,1.0,21.0,
2764,CURRENT_RUN_REAL_DATA,True,99,99,0,0,0,0,98,0,49,0,98,98,98,1190,7.0,21.0,
2765,CURRENT_RUN_REAL_DATA,True,130,130,0,0,0,4,125,4,8,0,129,129,129,1186,0.0,29.0,
2766,CURRENT_RUN_REAL_DATA,True,99,99,0,0,0,0,98,0,88,0,98,98,98,1193,9.0,22.0,
2767,CURRENT_RUN_REAL_DATA,True,97,97,0,0,0,0,96,0,87,0,96,96,96,1189,9.0,30.0,
2768,CURRENT_RUN_REAL_DATA,True,97,97,0,0,0,0,96,0,87,0,96,96,96,1176,9.0,21.0,
2769,CURRENT_RUN_REAL_DATA,True,99,99,0,0,0,0,98,0,32,0,98,98,98,1187,7.0,20.0,
2770,CURRENT_RUN_REAL_DATA,True,116,116,0,0,0,2,113,1,29,0,115,115,115,1191,0.0,28.0,
2771,CURRENT_RUN_REAL_DATA,True,134,134,0,0,0,9,124,6,40,1,133,133,133,1191,0.0,83.0,
2772,CURRENT_RUN_REAL_DATA,True,102,102,0,0,0,0,101,0,71,0,101,101,101,1186,1.0,27.0,
2773,CURRENT_RUN_REAL_DATA,True,100,100,0,0,0,0,99,0,91,0,99,99,99,1191,2.0,21.0,
2774,CURRENT_RUN_REAL_DATA,True,100,100,0,0,0,0,99,0,97,0,99,99,99,1191,2.0,20.0,
2775,CURRENT_RUN_REAL_DATA,True,100,100,0,0,0,1,98,0,90,0,99,99,99,1189,0.0,23.0,
2776,CURRENT_RUN_REAL_DATA,True,99,99,0,0,0,0,98,0,88,0,98,98,98,1195,9.0,20.0,
2777,CURRENT_RUN_REAL_DATA,True,109,109,0,0,0,1,107,0,32,0,108,108,108,1190,0.0,27.0,
2778,CURRENT_RUN_REAL_DATA,True,113,113,0,0,0,2,110,1,23,0,112,112,112,1191,0.0,23.0,
2779,CURRENT_RUN_REAL_DATA,True,108,108,0,0,0,4,103,4,23,1,107,107,107,1185,0.0,31.0,
2780,CURRENT_RUN_REAL_DATA,True,106,106,0,0,0,1,104,1,56,0,105,105,105,1196,0.0,30.0,
2781,CURRENT_RUN_REAL_DATA,True,97,97,0,0,0,0,96,0,78,0,96,96,96,1186,9.0,30.0,
2782,CURRENT_RUN_REAL_DATA,True,104,104,0,0,0,1,102,1,37,1,103,103,103,1186,0.0,31.0,
2783,CURRENT_RUN_REAL_DATA,True,99,99,0,0,0,0,98,0,46,0,98,98,98,1188,7.0,28.0,
2784,CURRENT_RUN_REAL_DATA,True,106,106,0,0,0,4,101,4,17,1,105,105,105,1190,0.0,38.0,
2785,CURRENT_RUN_REAL_DATA,True,114,114,0,0,0,1,112,1,10,0,113,113,113,1191,0.0,28.0,
2786,CURRENT_RUN_REAL_DATA,True,99,99,0,0,0,0,98,0,82,0,98,98,98,1179,5.0,21.0,
2787,CURRENT_RUN_REAL_DATA,True,99,99,0,0,0,0,98,0,90,0,98,98,98,1182,2.0,21.0,
2788,CURRENT_RUN_REAL_DATA,True,100,100,0,0,0,0,99,0,89,0,99,99,99,1194,1.0,20.0,
2789,CURRENT_RUN_REAL_DATA,True,104,104,0,0,0,1,102,1,55,0,103,103,103,1191,0.0,25.0,
2790,CURRENT_RUN_REAL_DATA,True,100,100,0,0,0,3,96,1,63,2,99,99,99,1188,0.0,65.0,
2791,CURRENT_RUN_REAL_DATA,True,102,102,0,0,0,0,101,0,91,0,101,101,101,1192,4.0,21.0,
2792,CURRENT_RUN_REAL_DATA,True,100,100,0,0,0,0,99,0,89,0,99,99,99,1191,1.0,21.0,
2793,CURRENT_RUN_REAL_DATA,True,108,108,0,0,0,1,106,1,22,1,107,107,107,1190,0.0,31.0,
2794,CURRENT_RUN_REAL_DATA,True,108,108,0,0,0,19,88,19,8,2,107,107,107,1145,0.0,122.0,
2795,CURRENT_RUN_REAL_DATA,True,134,134,0,0,0,14,119,11,26,2,133,133,133,1186,0.0,62.0,
2796,CURRENT_RUN_REAL_DATA,True,100,100,0,0,0,0,99,0,89,0,99,99,99,1192,3.0,21.0,
2797,CURRENT_RUN_REAL_DATA,True,101,101,0,0,0,0,100,0,11,1,100,100,100,1191,1.0,78.0,
2798,CURRENT_RUN_REAL_DATA,True,104,104,0,0,0,0,103,0,74,0,103,103,103,1194,3.0,21.0,
2799,CURRENT_RUN_REAL_DATA,True,100,100,0,0,0,0,99,0,97,0,99,99,99,1193,2.0,21.0,
2800,CURRENT_RUN_REAL_DATA,True,115,115,0,0,0,1,113,1,41,0,114,114,114,1186,0.0,22.0,
2801,CURRENT_RUN_REAL_DATA,True,100,100,0,0,0,3,96,0,89,1,99,99,99,1181,0.0,54.0,
2802,CURRENT_RUN_REAL_DATA,True,99,99,0,0,0,0,98,0,93,0,98,98,98,1196,9.0,21.0,
2803,CURRENT_RUN_REAL_DATA,True,119,119,0,0,0,2,116,2,21,0,118,118,118,1145,0.0,27.0,
2804,CURRENT_RUN_REAL_DATA,True,97,97,0,0,0,0,96,0,77,0,96,96,96,1187,9.0,30.0,
2805,CURRENT_RUN_REAL_DATA,True,100,100,0,0,0,0,99,0,89,0,99,99,99,1191,4.0,22.0,
2806,CURRENT_RUN_REAL_DATA,True,108,108,0,0,0,1,106,1,22,0,107,107,107,1190,0.0,30.0,
2807,CURRENT_RUN_REAL_DATA,True,109,109,0,0,0,0,108,0,8,0,108,108,108,1198,1.0,21.0,
2808,CURRENT_RUN_REAL_DATA,True,101,101,0,0,0,0,100,0,0,2,100,100,100,1192,1.0,100.0,
2809,CURRENT_RUN_REAL_DATA,True,135,135,0,0,0,4,130,3,34,0,134,134,134,1189,0.0,24.0,
2810,CURRENT_RUN_REAL_DATA,True,112,112,0,0,0,5,106,4,21,1,111,111,111,1186,0.0,48.0,
2811,CURRENT_RUN_REAL_DATA,True,100,100,0,0,0,2,97,0,78,1,99,99,99,1192,0.0,45.0,
2812,CURRENT_RUN_REAL_DATA,True,104,104,0,0,0,0,103,0,1,0,103,103,103,1189,1.0,21.0,
2813,CURRENT_RUN_REAL_DATA,True,99,99,0,0,0,0,98,0,98,0,98,98,98,1190,9.0,21.0,
2814,CURRENT_RUN_REAL_DATA,True,100,100,0,0,0,1,98,0,79,0,99,99,99,1194,0.0,20.0,
2815,CURRENT_RUN_REAL_DATA,True,106,106,0,0,0,0,105,0,18,0,105,105,105,1191,3.0,21.0,
2816,CURRENT_RUN_REAL_DATA,True,97,97,0,0,0,0,96,0,88,2,96,96,96,1190,6.0,31.0,
2817,CURRENT_RUN_REAL_DATA,True,109,109,0,0,0,2,106,2,21,1,108,108,108,1195,0.0,33.0,
2818,CURRENT_RUN_REAL_DATA,True,118,118,0,0,0,8,109,8,11,2,117,117,117,1195,0.0,41.0,
2819,CURRENT_RUN_REAL_DATA,True,100,100,0,0,0,0,99,0,96,0,99,99,99,1191,2.0,21.0,
2820,CURRENT_RUN_REAL_DATA,True,100,100,0,0,0,0,99,0,85,0,99,99,99,1190,1.0,22.0,
2821,CURRENT_RUN_REAL_DATA,True,100,100,0,0,0,0,99,0,3,0,99,99,99,1191,2.0,21.0,
2822,CURRENT_RUN_REAL_DATA,True,108,108,0,0,0,0,107,0,25,0,107,107,107,1186,1.0,30.0,
2823,CURRENT_RUN_REAL_DATA,True,106,106,0,0,0,0,105,0,22,0,105,105,105,1189,1.0,30.0,
2824,CURRENT_RUN_REAL_DATA,True,100,100,0,0,0,0,99,0,91,0,99,99,99,1191,3.0,21.0,
2825,CURRENT_RUN_REAL_DATA,True,100,100,0,0,0,0,99,0,79,0,99,99,99,1187,6.0,21.0,
2826,CURRENT_RUN_REAL_DATA,True,119,119,0,0,0,0,118,0,25,1,118,118,118,1191,1.0,36.0,
2827,CURRENT_RUN_REAL_DATA,True,98,98,0,0,0,0,97,0,78,0,97,97,97,1190,9.0,30.0,
2828,CURRENT_RUN_REAL_DATA,True,103,103,0,0,0,0,102,0,53,0,102,102,102,1197,1.0,26.0,
2829,CURRENT_RUN_REAL_DATA,True,100,100,0,0,0,0,99,0,11,0,99,99,99,1194,2.0,21.0,
2830,CURRENT_RUN_REAL_DATA,True,110,110,0,0,0,3,106,3,23,0,109,109,109,1191,0.0,24.0,
2831,CURRENT_RUN_REAL_DATA,True,99,99,0,0,0,0,98,0,89,1,98,98,98,1187,6.0,32.0,
2832,CURRENT_RUN_REAL_DATA,True,98,98,0,0,0,0,97,0,87,0,97,97,97,1195,9.0,30.0,
2833,CURRENT_RUN_REAL_DATA,True,106,106,0,0,0,3,102,1,64,3,105,105,105,1196,0.0,45.0,
2834,CURRENT_RUN_REAL_DATA,True,98,98,0,0,0,0,97,0,93,0,97,97,97,1187,6.0,30.0,
2835,CURRENT_RUN_REAL_DATA,True,105,105,0,0,0,0,104,0,7,0,104,104,104,1191,1.0,25.0,
2836,CURRENT_RUN_REAL_DATA,True,99,99,0,0,0,1,97,0,88,1,98,98,98,1188,0.0,31.0,
2837,CURRENT_RUN_REAL_DATA,True,102,102,0,0,0,1,100,1,51,0,101,101,101,1187,0.0,28.0,
2838,CURRENT_RUN_REAL_DATA,True,111,111,0,0,0,0,110,0,18,0,110,110,110,1191,1.0,28.0,
2839,CURRENT_RUN_REAL_DATA,True,100,100,0,0,0,0,99,0,89,0,99,99,99,1190,3.0,23.0,
2840,CURRENT_RUN_REAL_DATA,True,99,99,0,0,0,0,98,0,79,0,98,98,98,1189,8.0,22.0,
2841,CURRENT_RUN_REAL_DATA,True,100,100,0,0,0,0,99,0,79,0,99,99,99,1191,3.0,20.0,
2842,CURRENT_RUN_REAL_DATA,True,116,116,0,0,0,1,114,0,20,0,115,115,115,1186,0.0,24.0,
2843,CURRENT_RUN_REAL_DATA,True,100,100,0,0,0,0,99,0,1,0,99,99,99,1190,4.0,21.0,
2844,CURRENT_RUN_REAL_DATA,True,99,99,0,0,0,0,98,0,14,0,98,98,98,1195,3.0,22.0,
2845,CURRENT_RUN_REAL_DATA,True,113,113,0,0,0,3,109,2,27,0,112,112,112,1188,0.0,25.0,
2846,CURRENT_RUN_REAL_DATA,True,112,112,0,0,0,15,96,14,19,3,111,111,111,1195,0.0,87.0,
2847,CURRENT_RUN_REAL_DATA,True,111,111,0,0,0,2,108,2,14,0,110,110,110,1187,0.0,30.0,
2848,CURRENT_RUN_REAL_DATA,True,89,89,0,0,0,0,88,0,78,1,88,88,88,1190,6.0,31.0,
2849,CURRENT_RUN_REAL_DATA,True,99,99,0,0,0,0,98,0,77,0,98,98,98,1195,10.0,20.0,
2850,CURRENT_RUN_REAL_DATA,True,100,100,0,0,0,0,99,0,68,0,99,99,99,1195,1.0,21.0,
2851,CURRENT_RUN_REAL_DATA,True,98,98,0,0,0,0,97,0,3,0,97,97,97,1186,9.0,21.0,
2852,CURRENT_RUN_REAL_DATA,True,100,100,0,0,0,0,99,0,79,0,99,99,99,1189,1.0,22.0,
2853,CURRENT_RUN_REAL_DATA,True,113,113,0,0,0,0,112,0,17,0,112,112,112,1189,1.0,25.0,
2854,CURRENT_RUN_REAL_DATA,True,128,128,0,0,0,6,121,6,47,0,127,127,127,1186,0.0,27.0,
2855,CURRENT_RUN_REAL_DATA,True,104,104,0,0,0,1,102,1,11,5,103,103,103,1135,0.0,66.0,
2856,CURRENT_RUN_REAL_DATA,True,98,98,0,0,0,0,97,0,91,0,97,97,97,1186,6.0,28.0,
2857,CURRENT_RUN_REAL_DATA,True,114,114,0,0,0,2,111,2,9,0,113,113,113,1189,0.0,30.0,
2858,CURRENT_RUN_REAL_DATA,True,98,98,0,0,0,0,97,0,79,0,97,97,97,1178,7.0,28.0,
2859,CURRENT_RUN_REAL_DATA,True,99,99,0,0,0,0,98,0,88,0,98,98,98,1191,8.0,20.0,
2860,CURRENT_RUN_REAL_DATA,True,110,110,0,0,0,3,106,3,12,1,109,109,109,1194,0.0,45.0,
2861,CURRENT_RUN_REAL_DATA,True,27,27,0,0,0,0,26,0,14,0,26,26,26,310,8.0,20.0,
2862,CURRENT_RUN_REAL_DATA,True,99,99,0,0,0,0,98,0,77,0,98,98,98,1191,4.0,30.0,
2863,CURRENT_RUN_REAL_DATA,True,100,100,0,0,0,1,98,0,96,0,99,99,99,1190,0.0,20.0,
2864,CURRENT_RUN_REAL_DATA,True,100,100,0,0,0,0,99,0,79,0,99,99,99,1190,4.0,22.0,
2865,CURRENT_RUN_REAL_DATA,True,115,115,0,0,0,3,111,3,60,0,114,114,114,1195,0.0,21.0,
2866,CURRENT_RUN_REAL_DATA,True,98,98,0,0,0,0,97,0,5,0,97,97,97,1186,7.0,23.0,
2867,CURRENT_RUN_REAL_DATA,True,99,99,0,0,0,0,98,0,78,0,98,98,98,1191,7.0,21.0,
2868,CURRENT_RUN_REAL_DATA,True,96,96,0,0,0,9,86,9,58,1,95,95,95,1195,0.0,176.0,
2869,CURRENT_RUN_REAL_DATA,True,99,99,0,0,0,0,98,0,98,1,98,98,98,1191,4.0,31.0,
2870,CURRENT_RUN_REAL_DATA,True,99,99,0,0,0,0,98,0,77,0,98,98,98,1189,8.0,22.0,
2871,CURRENT_RUN_REAL_DATA,True,112,112,0,0,0,1,110,1,15,0,111,111,111,1100,0.0,28.0,
2872,CURRENT_RUN_REAL_DATA,True,96,96,0,0,0,3,92,1,76,2,95,95,95,1189,0.0,42.0,
2873,CURRENT_RUN_REAL_DATA,True,99,99,0,0,0,0,98,0,88,0,98,98,98,1191,9.0,21.0,
2874,CURRENT_RUN_REAL_DATA,True,101,101,0,0,0,2,98,0,17,1,100,100,100,1191,0.0,38.0,
2875,CURRENT_RUN_REAL_DATA,True,98,98,0,0,0,0,97,0,87,0,97,97,97,1186,9.0,21.0,
2876,CURRENT_RUN_REAL_DATA,True,100,100,0,0,0,0,99,0,80,0,99,99,99,1191,2.0,20.0,
2877,CURRENT_RUN_REAL_DATA,True,103,103,0,0,0,8,94,5,75,1,102,102,102,1192,0.0,115.0,
2878,CURRENT_RUN_REAL_DATA,True,99,99,0,0,0,0,98,0,88,0,98,98,98,1188,8.0,22.0,
2879,CURRENT_RUN_REAL_DATA,True,102,102,0,0,0,0,101,0,80,0,101,101,101,1196,1.0,21.0,
2880,CURRENT_RUN_REAL_DATA,True,98,98,0,0,0,0,97,0,93,0,97,97,97,1183,7.0,23.0,
2881,CURRENT_RUN_REAL_DATA,True,99,99,0,0,0,0,98,0,78,0,98,98,98,1190,8.0,22.0,
2882,CURRENT_RUN_REAL_DATA,True,100,100,0,0,0,0,99,0,93,0,99,99,99,1192,6.0,21.0,
2883,CURRENT_RUN_REAL_DATA,True,94,94,0,0,0,5,88,5,18,2,93,93,93,1196,0.0,101.0,
2884,CURRENT_RUN_REAL_DATA,True,113,113,0,0,0,1,111,1,61,0,112,112,112,1186,0.0,22.0,
2885,CURRENT_RUN_REAL_DATA,True,98,98,0,0,0,0,97,0,77,0,97,97,97,1186,9.0,21.0,
2886,CURRENT_RUN_REAL_DATA,True,101,101,0,0,0,0,100,0,90,0,100,100,100,1191,5.0,21.0,
2887,CURRENT_RUN_REAL_DATA,True,106,106,0,0,0,0,105,0,13,0,105,105,105,1192,1.0,22.0,
2888,CURRENT_RUN_REAL_DATA,True,102,102,0,0,0,0,101,0,32,0,101,101,101,1187,2.0,22.0,
2889,CURRENT_RUN_REAL_DATA,True,99,99,0,0,0,0,98,0,77,0,98,98,98,1179,3.0,20.0,
2890,CURRENT_RUN_REAL_DATA,True,101,101,0,0,0,1,99,0,74,0,100,100,100,1189,0.0,22.0,
2891,CURRENT_RUN_REAL_DATA,True,107,107,0,0,0,1,105,1,14,0,106,106,106,1179,0.0,30.0,
2892,CURRENT_RUN_REAL_DATA,True,103,103,0,0,0,6,96,6,41,1,102,102,102,1191,0.0,155.0,
2893,CURRENT_RUN_REAL_DATA,True,115,115,0,0,0,2,112,2,22,1,114,114,114,1195,0.0,33.0,
2894,CURRENT_RUN_REAL_DATA,True,143,143,0,0,0,7,135,7,17,0,142,142,142,1186,0.0,28.0,
2895,CURRENT_RUN_REAL_DATA,True,111,111,0,0,0,1,109,1,8,0,110,110,110,1191,0.0,22.0,
2896,CURRENT_RUN_REAL_DATA,True,99,99,0,0,0,0,98,0,79,0,98,98,98,1190,8.0,22.0,
2897,CURRENT_RUN_REAL_DATA,True,107,107,0,0,0,0,106,0,16,0,106,106,106,1189,1.0,30.0,
2898,CURRENT_RUN_REAL_DATA,True,99,99,0,0,0,0,98,0,88,0,98,98,98,1190,6.0,30.0,
2899,CURRENT_RUN_REAL_DATA,True,116,116,0,0,0,1,114,1,17,0,115,115,115,1187,0.0,21.0,
2900,CURRENT_RUN_REAL_DATA,True,98,98,0,0,0,0,97,0,77,0,97,97,97,1186,8.0,22.0,
2901,CURRENT_RUN_REAL_DATA,True,100,100,0,0,0,0,99,0,1,0,99,99,99,1191,5.0,21.0,
2902,CURRENT_RUN_REAL_DATA,True,115,115,0,0,0,0,114,0,64,0,114,114,114,1188,1.0,28.0,
2903,CURRENT_RUN_REAL_DATA,True,100,100,0,0,0,0,99,0,78,0,99,99,99,1193,2.0,21.0,
2904,CURRENT_RUN_REAL_DATA,True,105,105,0,0,0,0,104,0,6,0,104,104,104,1191,2.0,27.0,
2905,CURRENT_RUN_REAL_DATA,True,100,100,0,0,0,2,97,1,61,0,99,99,99,1186,0.0,22.0,
2906,CURRENT_RUN_REAL_DATA,True,100,100,0,0,0,0,99,0,70,0,99,99,99,1189,3.0,22.0,
2907,CURRENT_RUN_REAL_DATA,True,99,99,0,0,0,0,98,0,91,0,98,98,98,1190,6.0,30.0,
2908,CURRENT_RUN_REAL_DATA,True,111,111,0,0,0,5,105,5,0,1,110,110,110,1186,0.0,44.0,
2909,CURRENT_RUN_REAL_DATA,True,100,100,0,0,0,0,99,0,91,0,99,99,99,1194,1.0,20.0,
2910,CURRENT_RUN_REAL_DATA,True,99,99,0,0,0,0,98,0,85,0,98,98,98,1187,6.0,27.0,
2911,CURRENT_RUN_REAL_DATA,True,91,91,0,0,0,1,89,1,0,3,90,90,90,1186,0.0,132.0,
2912,CURRENT_RUN_REAL_DATA,True,86,86,0,0,0,0,85,0,30,1,85,85,85,1196,2.0,230.0,
2913,CURRENT_RUN_REAL_DATA,True,102,102,0,0,0,13,88,1,99,3,101,101,101,1192,0.0,46.0,
2914,CURRENT_RUN_REAL_DATA,True,107,107,0,0,0,3,103,3,20,1,106,106,106,1191,0.0,53.0,
2915,CURRENT_RUN_REAL_DATA,True,104,104,0,0,0,9,94,9,0,1,103,103,103,1194,0.0,107.0,
2916,CURRENT_RUN_REAL_DATA,True,100,100,0,0,0,0,99,0,99,0,99,99,99,1191,5.0,21.0,
2917,CURRENT_RUN_REAL_DATA,True,99,99,0,0,0,0,98,0,91,0,98,98,98,1189,7.0,23.0,
2918,CURRENT_RUN_REAL_DATA,True,99,99,0,0,0,1,97,1,24,1,98,98,98,1184,0.0,86.0,
2919,CURRENT_RUN_REAL_DATA,True,98,98,0,0,0,0,97,0,73,0,97,97,97,1182,8.0,23.0,
2920,CURRENT_RUN_REAL_DATA,True,99,99,0,0,0,0,98,0,98,0,98,98,98,1189,3.0,23.0,
2921,CURRENT_RUN_REAL_DATA,True,100,100,0,0,0,0,99,0,99,0,99,99,99,1189,1.0,22.0,
2922,CURRENT_RUN_REAL_DATA,True,100,100,0,0,0,0,99,0,99,0,99,99,99,1194,1.0,21.0,
2923,CURRENT_RUN_REAL_DATA,True,110,110,0,0,0,3,106,2,11,0,109,109,109,1179,0.0,30.0,
2924,CURRENT_RUN_REAL_DATA,True,107,107,0,0,0,2,104,2,52,0,106,106,106,1193,0.0,23.0,
2925,CURRENT_RUN_REAL_DATA,True,113,113,0,0,0,3,109,2,46,0,112,112,112,1189,0.0,21.0,
2926,CURRENT_RUN_REAL_DATA,True,99,99,0,0,0,0,98,0,98,0,98,98,98,1195,1.0,22.0,
2927,CURRENT_RUN_REAL_DATA,True,98,98,0,0,0,0,97,0,10,2,97,97,97,1189,3.0,80.0,
2928,CURRENT_RUN_REAL_DATA,True,100,100,0,0,0,0,99,0,89,0,99,99,99,1190,6.0,20.0,
2929,CURRENT_RUN_REAL_DATA,True,99,99,0,0,0,0,98,0,80,0,98,98,98,1189,8.0,22.0,
2930,CURRENT_RUN_REAL_DATA,True,100,100,0,0,0,1,98,0,79,0,99,99,99,1191,0.0,20.0,
2931,CURRENT_RUN_REAL_DATA,True,127,127,0,0,0,6,120,5,6,0,126,126,126,1179,0.0,24.0,
2932,CURRENT_RUN_REAL_DATA,True,99,99,0,0,0,0,98,0,79,0,98,98,98,1189,7.0,22.0,
2933,CURRENT_RUN_REAL_DATA,True,137,137,0,0,0,13,123,13,33,1,136,136,136,1193,0.0,54.0,
2934,CURRENT_RUN_REAL_DATA,True,101,101,0,0,0,0,100,0,100,0,100,100,100,1193,1.0,21.0,
2935,CURRENT_RUN_REAL_DATA,True,99,99,0,0,0,0,98,0,40,0,98,98,98,1192,9.0,21.0,
2936,CURRENT_RUN_REAL_DATA,True,121,121,0,0,0,3,117,3,36,0,120,120,120,1186,0.0,30.0,
2937,CURRENT_RUN_REAL_DATA,True,104,104,0,0,0,4,99,4,0,3,103,103,103,1190,0.0,60.0,
2938,CURRENT_RUN_REAL_DATA,True,107,107,0,0,0,2,104,2,6,0,106,106,106,1186,0.0,29.0,
2939,CURRENT_RUN_REAL_DATA,True,103,103,0,0,0,0,102,0,22,0,102,102,102,1191,6.0,21.0,
2940,CURRENT_RUN_REAL_DATA,True,100,100,0,0,0,0,99,0,91,0,99,99,99,1191,3.0,21.0,
2941,CURRENT_RUN_REAL_DATA,True,99,99,0,0,0,0,98,0,90,0,98,98,98,1195,9.0,21.0,
2942,CURRENT_RUN_REAL_DATA,True,100,100,0,0,0,0,99,0,89,0,99,99,99,1186,6.0,21.0,
2943,CURRENT_RUN_REAL_DATA,True,99,99,0,0,0,0,98,0,92,0,98,98,98,1195,9.0,21.0,
2944,CURRENT_RUN_REAL_DATA,True,99,99,0,0,0,0,98,0,96,0,98,98,98,1189,7.0,23.0,
2945,CURRENT_RUN_REAL_DATA,True,99,99,0,0,0,0,98,0,77,0,98,98,98,1189,5.0,23.0,
2946,CURRENT_RUN_REAL_DATA,True,94,94,0,0,0,0,93,0,11,1,93,93,93,1188,8.0,31.0,
2947,CURRENT_RUN_REAL_DATA,True,102,102,0,0,0,0,101,0,77,0,101,101,101,1195,2.0,21.0,
2948,CURRENT_RUN_REAL_DATA,True,109,109,0,0,0,7,101,0,29,1,108,108,108,1186,0.0,96.0,
2949,CURRENT_RUN_REAL_DATA,True,103,103,0,0,0,0,102,0,69,0,102,102,102,1190,1.0,25.0,
2950,CURRENT_RUN_REAL_DATA,True,104,104,0,0,0,0,103,0,24,0,103,103,103,1193,1.0,21.0,
2951,CURRENT_RUN_REAL_DATA,True,100,100,0,0,0,0,99,0,90,0,99,99,99,1191,2.0,21.0,
2952,CURRENT_RUN_REAL_DATA,True,104,104,0,0,0,2,101,2,27,1,103,103,103,1189,0.0,41.0,
2953,CURRENT_RUN_REAL_DATA,True,100,100,0,0,0,0,99,0,90,0,99,99,99,1191,4.0,20.0,
2954,CURRENT_RUN_REAL_DATA,True,102,102,0,0,0,0,101,0,69,1,101,101,101,1194,1.0,31.0,
2955,CURRENT_RUN_REAL_DATA,True,99,99,0,0,0,0,98,0,91,0,98,98,98,1190,7.0,23.0,
2956,CURRENT_RUN_REAL_DATA,True,98,98,0,0,0,0,97,0,87,0,97,97,97,1186,8.0,22.0,
2957,CURRENT_RUN_REAL_DATA,True,99,99,0,0,0,0,98,0,88,0,98,98,98,1193,9.0,21.0,
2958,CURRENT_RUN_REAL_DATA,True,114,114,0,0,0,8,105,8,18,3,113,113,113,1187,0.0,50.0,
2959,CURRENT_RUN_REAL_DATA,True,102,102,0,0,0,7,94,6,26,2,101,101,101,1180,0.0,77.0,
2960,CURRENT_RUN_REAL_DATA,True,100,100,0,0,0,0,99,0,89,0,99,99,99,1191,3.0,20.0,
2961,CURRENT_RUN_REAL_DATA,True,105,105,0,0,0,3,101,3,25,1,104,104,104,1185,0.0,45.0,
2962,CURRENT_RUN_REAL_DATA,True,99,99,0,0,0,0,98,0,88,0,98,98,98,1190,4.0,21.0,
2963,CURRENT_RUN_REAL_DATA,True,97,97,0,0,0,1,95,1,1,1,96,96,96,1192,0.0,100.0,
2964,CURRENT_RUN_REAL_DATA,True,99,99,0,0,0,0,98,0,89,0,98,98,98,1195,10.0,20.0,
2965,CURRENT_RUN_REAL_DATA,True,104,104,0,0,0,0,103,0,42,2,103,103,103,1192,1.0,34.0,
2966,CURRENT_RUN_REAL_DATA,True,109,109,0,0,0,13,95,13,54,2,108,108,108,1193,0.0,103.0,
2967,CURRENT_RUN_REAL_DATA,True,99,99,0,0,0,0,98,0,71,0,98,98,98,1190,9.0,23.0,
2968,CURRENT_RUN_REAL_DATA,True,100,100,0,0,0,1,98,0,91,0,99,99,99,1195,0.0,21.0,
2969,CURRENT_RUN_REAL_DATA,True,110,110,0,0,0,1,108,1,22,1,109,109,109,1190,0.0,36.0,
2970,CURRENT_RUN_REAL_DATA,True,105,105,0,0,0,0,104,0,53,0,104,104,104,1188,1.0,30.0,
2971,CURRENT_RUN_REAL_DATA,True,100,100,0,0,0,0,99,0,90,0,99,99,99,1194,1.0,21.0,
2972,CURRENT_RUN_REAL_DATA,True,107,107,0,0,0,1,105,1,29,1,106,106,106,1181,0.0,33.0,
2973,CURRENT_RUN_REAL_DATA,True,98,98,0,0,0,0,97,0,87,0,97,97,97,1186,9.0,21.0,
2974,CURRENT_RUN_REAL_DATA,True,105,105,0,0,0,0,104,0,31,0,104,104,104,1191,1.0,27.0,
2975,CURRENT_RUN_REAL_DATA,True,99,99,0,0,0,0,98,0,92,0,98,98,98,1190,7.0,21.0,
2976,CURRENT_RUN_REAL_DATA,True,99,99,0,0,0,0,98,0,93,0,98,98,98,1190,9.0,21.0,
2977,CURRENT_RUN_REAL_DATA,True,100,100,0,0,0,0,99,0,89,0,99,99,99,1190,5.0,21.0,
2978,CURRENT_RUN_REAL_DATA,True,100,100,0,0,0,0,99,0,87,0,99,99,99,1191,3.0,21.0,
2979,CURRENT_RUN_REAL_DATA,True,99,99,0,0,0,3,95,1,87,1,98,98,98,1188,0.0,63.0,
2980,CURRENT_RUN_REAL_DATA,True,100,100,0,0,0,0,99,0,79,0,99,99,99,1191,2.0,22.0,
2981,CURRENT_RUN_REAL_DATA,True,117,117,0,0,0,3,113,3,43,0,116,116,116,1192,0.0,30.0,
2982,CURRENT_RUN_REAL_DATA,True,112,112,0,0,0,2,109,2,16,0,111,111,111,1195,0.0,26.0,
2983,CURRENT_RUN_REAL_DATA,True,109,109,0,0,0,0,108,0,20,0,108,108,108,1188,2.0,30.0,
2984,CURRENT_RUN_REAL_DATA,True,100,100,0,0,0,0,99,0,79,0,99,99,99,1191,3.0,23.0,
2985,CURRENT_RUN_REAL_DATA,True,116,116,0,0,0,3,112,2,24,1,115,115,115,1190,0.0,41.0,
2986,CURRENT_RUN_REAL_DATA,True,99,99,0,0,0,0,98,0,78,0,98,98,98,1189,7.0,28.0,
2987,CURRENT_RUN_REAL_DATA,True,99,99,0,0,0,0,98,0,1,0,98,98,98,1190,6.0,21.0,
2988,CURRENT_RUN_REAL_DATA,True,100,100,0,0,0,0,99,0,22,0,99,99,99,1190,1.0,30.0,
2989,CURRENT_RUN_REAL_DATA,True,103,103,0,0,0,0,102,0,1,0,102,102,102,1191,2.0,29.0,
2990,CURRENT_RUN_REAL_DATA,True,101,101,0,0,0,0,100,0,44,0,100,100,100,1193,2.0,21.0,
2991,CURRENT_RUN_REAL_DATA,True,111,111,0,0,0,4,106,4,21,2,110,110,110,1190,0.0,43.0,
2992,CURRENT_RUN_REAL_DATA,True,100,100,0,0,0,0,99,0,79,0,99,99,99,1190,4.0,20.0,
2993,CURRENT_RUN_REAL_DATA,True,99,99,0,0,0,0,98,0,78,0,98,98,98,1188,6.0,27.0,
2994,CURRENT_RUN_REAL_DATA,True,113,113,0,0,0,4,108,4,9,0,112,112,112,1193,0.0,25.0,
2995,CURRENT_RUN_REAL_DATA,True,98,98,0,0,0,6,91,0,88,3,97,97,97,1187,0.0,68.0,
2996,CURRENT_RUN_REAL_DATA,True,99,99,0,0,0,0,98,0,98,0,98,98,98,1189,7.0,23.0,
2997,CURRENT_RUN_REAL_DATA,True,122,122,0,0,0,2,119,2,19,0,121,121,121,1185,0.0,26.0,
2998,CURRENT_RUN_REAL_DATA,True,128,128,0,0,0,2,125,2,20,1,127,127,127,1190,0.0,102.0,
2999,CURRENT_RUN_REAL_DATA,True,100,100,0,0,0,0,99,0,80,0,99,99,99,1190,1.0,22.0,
3000,CURRENT_RUN_REAL_DATA,True,103,103,0,0,0,1,101,1,19,0,102,102,102,1186,0.0,27.0,
3001,CURRENT_RUN_REAL_DATA,True,112,112,0,0,0,62,49,62,0,1,111,111,111,1191,0.0,658.0,
3002,CURRENT_RUN_REAL_DATA,True,100,100,0,0,0,0,99,0,90,0,99,99,99,1190,5.0,21.0,
3003,CURRENT_RUN_REAL_DATA,True,100,100,0,0,0,0,99,0,5,0,99,99,99,1190,2.0,22.0,
3004,CURRENT_RUN_REAL_DATA,True,106,106,0,0,0,10,95,10,7,2,105,105,105,1195,0.0,78.0,
3005,CURRENT_RUN_REAL_DATA,True,99,99,0,0,0,8,90,8,1,2,98,98,98,1187,0.0,73.0,
3006,CURRENT_RUN_REAL_DATA,True,100,100,0,0,0,0,99,0,3,0,99,99,99,1191,1.0,20.0,
3007,CURRENT_RUN_REAL_DATA,True,100,100,0,0,0,0,99,0,8,0,99,99,99,1190,4.0,21.0,
3008,CURRENT_RUN_REAL_DATA,True,100,100,0,0,0,1,98,1,0,0,99,99,99,1194,0.0,21.0,
3009,CURRENT_RUN_REAL_DATA,True,118,118,0,0,0,1,116,1,0,0,117,117,117,1191,0.0,25.0,
3010,CURRENT_RUN_REAL_DATA,True,100,100,0,0,0,0,99,0,98,0,99,99,99,1191,4.0,21.0,
3011,CURRENT_RUN_REAL_DATA,True,100,100,0,0,0,0,99,0,89,0,99,99,99,1195,1.0,21.0,
3012,CURRENT_RUN_REAL_DATA,True,100,100,0,0,0,0,99,0,89,0,99,99,99,1190,4.0,21.0,
3013,CURRENT_RUN_REAL_DATA,True,100,100,0,0,0,0,99,0,91,0,99,99,99,1190,5.0,20.0,
3014,CURRENT_RUN_REAL_DATA,True,100,100,0,0,0,0,99,0,89,0,99,99,99,1190,2.0,21.0,
3015,CURRENT_RUN_REAL_DATA,True,99,99,0,0,0,0,98,0,20,0,98,98,98,1189,7.0,30.0,
3016,CURRENT_RUN_REAL_DATA,True,99,99,0,0,0,0,98,0,95,0,98,98,98,1180,5.0,21.0,
3017,CURRENT_RUN_REAL_DATA,True,109,109,0,0,0,0,108,0,28,0,108,108,108,1186,1.0,23.0,
3018,CURRENT_RUN_REAL_DATA,True,103,103,0,0,0,0,102,0,37,1,102,102,102,1191,1.0,31.0,
3019,CURRENT_RUN_REAL_DATA,True,99,99,0,0,0,0,98,0,1,0,98,98,98,1195,9.0,21.0,
3020,CURRENT_RUN_REAL_DATA,True,109,109,0,0,0,2,106,2,0,2,108,108,108,1168,0.0,101.0,
3021,CURRENT_RUN_REAL_DATA,True,101,101,0,0,0,0,100,0,33,0,100,100,100,1187,1.0,30.0,
3022,CURRENT_RUN_REAL_DATA,True,146,146,0,0,0,4,141,3,29,2,145,145,145,1186,0.0,46.0,
3023,CURRENT_RUN_REAL_DATA,True,123,123,0,0,0,4,118,4,30,0,122,122,122,1193,0.0,21.0,
3024,CURRENT_RUN_REAL_DATA,True,100,100,0,0,0,0,99,0,90,0,99,99,99,1193,2.0,21.0,
3025,CURRENT_RUN_REAL_DATA,True,99,99,0,0,0,0,98,0,78,0,98,98,98,1190,7.0,23.0,
3026,CURRENT_RUN_REAL_DATA,True,100,100,0,0,0,0,99,0,97,0,99,99,99,1190,3.0,20.0,
3027,CURRENT_RUN_REAL_DATA,True,100,100,0,0,0,0,99,0,2,0,99,99,99,1193,2.0,21.0,
3028,CURRENT_RUN_REAL_DATA,True,147,147,0,0,0,6,140,5,22,0,146,146,146,1191,0.0,27.0,
3029,CURRENT_RUN_REAL_DATA,True,117,117,0,0,0,1,115,1,48,0,116,116,116,1188,0.0,24.0,
3030,CURRENT_RUN_REAL_DATA,True,109,109,0,0,0,2,106,2,6,2,108,108,108,1192,0.0,120.0,
3031,CURRENT_RUN_REAL_DATA,True,129,129,0,0,0,8,120,8,26,1,128,128,128,1196,0.0,40.0,
3032,CURRENT_RUN_REAL_DATA,True,88,88,0,0,0,0,87,0,63,0,87,87,87,1014,2.0,20.0,
3033,CURRENT_RUN_REAL_DATA,True,99,99,0,0,0,0,98,0,96,0,98,98,98,1190,6.0,30.0,
3034,CURRENT_RUN_REAL_DATA,True,99,99,0,0,0,0,98,0,78,0,98,98,98,1190,7.0,30.0,
3035,CURRENT_RUN_REAL_DATA,True,92,92,0,0,0,0,91,0,13,3,91,91,91,1191,1.0,96.0,
3036,CURRENT_RUN_REAL_DATA,True,99,99,0,0,0,0,98,0,97,0,98,98,98,1190,8.0,21.0,
3037,CURRENT_RUN_REAL_DATA,True,105,105,0,0,0,3,101,1,45,1,104,104,104,1193,0.0,39.0,
3038,CURRENT_RUN_REAL_DATA,True,134,134,0,0,0,5,128,4,25,0,133,133,133,1190,0.0,27.0,
3039,CURRENT_RUN_REAL_DATA,True,96,96,0,0,0,5,90,5,55,1,95,95,95,1189,0.0,126.0,
3040,CURRENT_RUN_REAL_DATA,True,105,105,0,0,0,0,104,0,15,1,104,104,104,1188,1.0,137.0,
3041,CURRENT_RUN_REAL_DATA,True,129,129,0,0,0,8,120,8,19,0,128,128,128,1194,0.0,29.0,
3042,CURRENT_RUN_REAL_DATA,True,104,104,0,0,0,0,103,0,32,0,103,103,103,1186,2.0,22.0,
3043,CURRENT_RUN_REAL_DATA,True,99,99,0,0,0,0,98,0,4,0,98,98,98,1191,4.0,30.0,
3044,CURRENT_RUN_REAL_DATA,True,106,106,0,0,0,1,104,1,42,0,105,105,105,1194,0.0,30.0,
3045,CURRENT_RUN_REAL_DATA,True,99,99,0,0,0,0,98,0,88,0,98,98,98,1186,6.0,22.0,
3046,CURRENT_RUN_REAL_DATA,True,109,109,0,0,0,4,104,4,12,3,108,108,108,1195,0.0,47.0,
3047,CURRENT_RUN_REAL_DATA,True,104,104,0,0,0,0,103,0,34,0,103,103,103,1189,1.0,29.0,
3048,CURRENT_RUN_REAL_DATA,True,117,117,0,0,0,6,110,6,3,0,116,116,116,1191,0.0,30.0,
3049,CURRENT_RUN_REAL_DATA,True,99,99,0,0,0,0,98,0,88,0,98,98,98,1190,6.0,30.0,
3050,CURRENT_RUN_REAL_DATA,True,101,101,0,0,0,0,100,0,35,0,100,100,100,1186,1.0,22.0,
3051,CURRENT_RUN_REAL_DATA,True,107,107,0,0,0,0,106,0,16,0,106,106,106,1186,1.0,24.0,
3052,CURRENT_RUN_REAL_DATA,True,105,105,0,0,0,1,103,1,6,0,104,104,104,1191,0.0,27.0,
3053,CURRENT_RUN_REAL_DATA,True,100,100,0,0,0,0,99,0,89,0,99,99,99,1195,1.0,22.0,
3054,CURRENT_RUN_REAL_DATA,True,100,100,0,0,0,0,99,0,36,0,99,99,99,1191,4.0,20.0,
3055,CURRENT_RUN_REAL_DATA,True,107,107,0,0,0,0,106,0,28,0,106,106,106,1169,1.0,22.0,
3056,CURRENT_RUN_REAL_DATA,True,98,98,0,0,0,0,97,0,87,3,97,97,97,1191,1.0,38.0,
3057,CURRENT_RUN_REAL_DATA,True,106,106,0,0,0,1,104,0,68,0,105,105,105,1191,0.0,30.0,
3058,CURRENT_RUN_REAL_DATA,True,109,109,0,0,0,5,103,4,24,1,108,108,108,1194,0.0,62.0,
3059,CURRENT_RUN_REAL_DATA,True,98,98,0,0,0,0,97,0,91,0,97,97,97,1195,8.0,30.0,
3060,CURRENT_RUN_REAL_DATA,True,100,100,0,0,0,0,99,0,90,0,99,99,99,1190,5.0,20.0,
3061,CURRENT_RUN_REAL_DATA,True,98,98,0,0,0,0,97,0,37,0,97,97,97,1186,8.0,22.0,
3062,CURRENT_RUN_REAL_DATA,True,98,98,0,0,0,0,97,0,87,1,97,97,97,1189,5.0,31.0,
3063,CURRENT_RUN_REAL_DATA,True,101,101,0,0,0,14,86,10,25,4,100,100,100,1187,0.0,133.0,
3064,CURRENT_RUN_REAL_DATA,True,53,53,0,0,0,0,52,0,0,1,52,52,52,659,7.0,40.0,
3065,CURRENT_RUN_REAL_DATA,True,113,113,0,0,0,4,108,4,14,1,112,112,112,1193,0.0,40.0,
3066,CURRENT_RUN_REAL_DATA,True,100,100,0,0,0,0,99,0,82,0,99,99,99,1190,1.0,20.0,
3067,CURRENT_RUN_REAL_DATA,True,99,99,0,0,0,0,98,0,78,0,98,98,98,1186,1.0,21.0,
3068,CURRENT_RUN_REAL_DATA,True,100,100,0,0,0,0,99,0,90,0,99,99,99,1193,2.0,21.0,
3069,CURRENT_RUN_REAL_DATA,True,116,116,0,0,0,2,113,2,33,0,115,115,115,1193,0.0,23.0,
3070,CURRENT_RUN_REAL_DATA,True,107,107,0,0,0,0,106,0,2,1,106,106,106,1192,2.0,32.0,
3071,CURRENT_RUN_REAL_DATA,True,100,100,0,0,0,0,99,0,58,0,99,99,99,1187,5.0,21.0,
3072,CURRENT_RUN_REAL_DATA,True,99,99,0,0,0,0,98,0,88,0,98,98,98,1181,2.0,21.0,
3073,CURRENT_RUN_REAL_DATA,True,164,164,0,0,0,50,113,50,6,3,163,163,163,1191,0.0,412.0,
3074,CURRENT_RUN_REAL_DATA,True,98,98,0,0,0,0,97,0,88,0,97,97,97,1183,8.0,22.0,
3075,CURRENT_RUN_REAL_DATA,True,114,114,0,0,0,4,109,4,0,1,113,113,113,1196,0.0,120.0,
3076,CURRENT_RUN_REAL_DATA,True,102,102,0,0,0,4,97,3,65,1,101,101,101,1191,0.0,91.0,
3077,CURRENT_RUN_REAL_DATA,True,97,97,0,0,0,0,96,0,47,0,96,96,96,1186,10.0,30.0,
3078,CURRENT_RUN_REAL_DATA,True,100,100,0,0,0,0,99,0,17,0,99,99,99,1191,2.0,22.0,
3079,CURRENT_RUN_REAL_DATA,True,102,102,0,0,0,3,98,3,2,2,101,101,101,1186,0.0,38.0,
3080,CURRENT_RUN_REAL_DATA,True,112,112,0,0,0,8,103,8,23,1,111,111,111,1187,0.0,35.0,
3081,CURRENT_RUN_REAL_DATA,True,101,101,0,0,0,7,93,7,11,2,100,100,100,1187,0.0,60.0,
3082,CURRENT_RUN_REAL_DATA,True,100,100,0,0,0,0,99,0,79,0,99,99,99,1189,4.0,20.0,
3083,CURRENT_RUN_REAL_DATA,True,98,98,0,0,0,0,97,0,29,0,97,97,97,1190,9.0,29.0,
3084,CURRENT_RUN_REAL_DATA,True,103,103,0,0,0,2,100,1,55,0,102,102,102,1192,0.0,28.0,
3085,CURRENT_RUN_REAL_DATA,True,99,99,0,0,0,0,98,0,90,0,98,98,98,1189,7.0,23.0,
3086,CURRENT_RUN_REAL_DATA,True,100,100,0,0,0,0,99,0,89,0,99,99,99,1191,6.0,21.0,
3087,CURRENT_RUN_REAL_DATA,True,100,100,0,0,0,1,98,0,92,0,99,99,99,1194,0.0,21.0,
3088,CURRENT_RUN_REAL_DATA,True,103,103,0,0,0,0,102,0,46,0,102,102,102,1196,2.0,25.0,
3089,CURRENT_RUN_REAL_DATA,True,107,107,0,0,0,4,102,4,27,0,106,106,106,1181,0.0,24.0,
3090,CURRENT_RUN_REAL_DATA,True,106,106,0,0,0,2,103,1,35,0,105,105,105,1194,0.0,24.0,
3091,CURRENT_RUN_REAL_DATA,True,100,100,0,0,0,0,99,0,79,0,99,99,99,1192,2.0,21.0,
3092,CURRENT_RUN_REAL_DATA,True,97,97,0,0,0,0,96,0,86,1,96,96,96,1190,6.0,40.0,
3093,CURRENT_RUN_REAL_DATA,True,101,101,0,0,0,0,100,0,77,0,100,100,100,1188,1.0,21.0,
3094,CURRENT_RUN_REAL_DATA,True,100,100,0,0,0,3,96,3,14,3,99,99,99,1186,0.0,120.0,
3095,CURRENT_RUN_REAL_DATA,True,98,98,0,0,0,0,97,0,94,0,97,97,97,1191,8.0,22.0,
3096,CURRENT_RUN_REAL_DATA,True,100,100,0,0,0,0,99,0,24,0,99,99,99,1179,2.0,27.0,
3097,CURRENT_RUN_REAL_DATA,True,108,108,0,0,0,1,106,1,19,1,107,107,107,1194,0.0,121.0,
3098,CURRENT_RUN_REAL_DATA,True,98,98,0,0,0,0,97,0,92,0,97,97,97,1195,9.0,30.0,
3099,CURRENT_RUN_REAL_DATA,True,99,99,0,0,0,0,98,0,22,0,98,98,98,1195,9.0,21.0,
3100,CURRENT_RUN_REAL_DATA,True,122,122,0,0,0,9,112,9,20,3,121,121,121,1189,0.0,116.0,
3101,CURRENT_RUN_REAL_DATA,True,104,104,0,0,0,1,102,0,26,0,103,103,103,1181,0.0,30.0,
3102,CURRENT_RUN_REAL_DATA,True,101,101,0,0,0,1,99,1,22,1,100,100,100,1191,0.0,39.0,
3103,CURRENT_RUN_REAL_DATA,True,102,102,0,0,0,5,96,5,9,3,101,101,101,1192,0.0,54.0,
3104,CURRENT_RUN_REAL_DATA,True,107,107,0,0,0,1,105,1,8,0,106,106,106,1186,0.0,28.0,
3105,CURRENT_RUN_REAL_DATA,True,101,101,0,0,0,0,100,0,56,1,100,100,100,1195,1.0,40.0,
3106,CURRENT_RUN_REAL_DATA,True,100,100,0,0,0,0,99,0,1,0,99,99,99,1191,3.0,21.0,
3107,CURRENT_RUN_REAL_DATA,True,99,99,0,0,0,0,98,0,88,0,98,98,98,1195,9.0,21.0,
3108,CURRENT_RUN_REAL_DATA,True,66,66,0,0,0,47,18,32,21,1,65,65,65,238,0.0,64.0,
3109,CURRENT_RUN_REAL_DATA,True,112,112,0,0,0,5,106,4,19,1,111,111,111,1191,0.0,35.0,
3110,CURRENT_RUN_REAL_DATA,True,98,98,0,0,0,0,97,0,88,0,97,97,97,1183,9.0,21.0,
3111,CURRENT_RUN_REAL_DATA,True,158,158,0,0,0,9,148,9,15,0,157,157,157,1196,0.0,23.0,
3112,CURRENT_RUN_REAL_DATA,True,105,105,0,0,0,2,102,2,15,0,104,104,104,1191,0.0,30.0,
3113,CURRENT_RUN_REAL_DATA,True,98,98,0,0,0,0,97,0,87,1,97,97,97,1191,9.0,31.0,
3114,CURRENT_RUN_REAL_DATA,True,104,104,0,0,0,0,103,0,77,0,103,103,103,1195,1.0,26.0,
3115,CURRENT_RUN_REAL_DATA,True,98,98,0,0,0,0,97,0,77,0,97,97,97,1182,8.0,22.0,
3116,CURRENT_RUN_REAL_DATA,True,112,112,0,0,0,2,109,1,27,1,111,111,111,1194,0.0,66.0,
3117,CURRENT_RUN_REAL_DATA,True,102,102,0,0,0,0,101,0,5,0,101,101,101,1195,3.0,26.0,
3118,CURRENT_RUN_REAL_DATA,True,103,103,0,0,0,0,102,0,79,0,102,102,102,1196,1.0,21.0,
3119,CURRENT_RUN_REAL_DATA,True,104,104,0,0,0,2,101,1,36,1,103,103,103,1194,0.0,31.0,
3120,CURRENT_RUN_REAL_DATA,True,140,140,0,0,0,3,136,3,33,0,139,139,139,1191,0.0,21.0,
3121,CURRENT_RUN_REAL_DATA,True,105,105,0,0,0,0,104,0,1,0,104,104,104,1194,3.0,29.0,
3122,CURRENT_RUN_REAL_DATA,True,99,99,0,0,0,1,97,0,79,0,98,98,98,1180,0.0,22.0,
3123,CURRENT_RUN_REAL_DATA,True,93,93,0,0,0,10,82,6,7,4,92,92,92,1194,0.0,83.0,
3124,CURRENT_RUN_REAL_DATA,True,99,99,0,0,0,0,98,0,78,0,98,98,98,1189,8.0,22.0,
3125,CURRENT_RUN_REAL_DATA,True,80,80,0,0,0,1,78,1,55,3,79,79,79,1186,0.0,125.0,
3126,CURRENT_RUN_REAL_DATA,True,100,100,0,0,0,0,99,0,78,0,99,99,99,1186,5.0,20.0,
3127,CURRENT_RUN_REAL_DATA,True,99,99,0,0,0,0,98,0,12,0,98,98,98,1190,9.0,21.0,
3128,CURRENT_RUN_REAL_DATA,True,121,121,0,0,0,24,96,24,2,3,120,120,120,1197,0.0,137.0,
3129,CURRENT_RUN_REAL_DATA,True,100,100,0,0,0,0,99,0,79,0,99,99,99,1193,2.0,20.0,
3130,CURRENT_RUN_REAL_DATA,True,102,102,0,0,0,0,101,0,11,0,101,101,101,1190,1.0,21.0,
3131,CURRENT_RUN_REAL_DATA,True,100,100,0,0,0,0,99,0,0,0,99,99,99,1190,4.0,20.0,
3132,CURRENT_RUN_REAL_DATA,True,99,99,0,0,0,0,98,0,96,0,98,98,98,1195,10.0,20.0,
3133,CURRENT_RUN_REAL_DATA,True,99,99,0,0,0,1,97,0,88,0,98,98,98,1186,0.0,23.0,
3134,CURRENT_RUN_REAL_DATA,True,98,98,0,0,0,0,97,0,77,0,97,97,97,1189,8.0,30.0,
3135,CURRENT_RUN_REAL_DATA,True,102,102,0,0,0,3,98,0,55,1,101,101,101,1193,0.0,95.0,
3136,CURRENT_RUN_REAL_DATA,True,110,110,0,0,0,4,105,3,10,1,109,109,109,1191,0.0,58.0,
3137,CURRENT_RUN_REAL_DATA,True,98,98,0,0,0,0,97,0,1,0,97,97,97,1186,9.0,21.0,
3138,CURRENT_RUN_REAL_DATA,True,98,98,0,0,0,0,97,0,88,0,97,97,97,1190,9.0,21.0,
3139,CURRENT_RUN_REAL_DATA,True,100,100,0,0,0,0,99,0,75,0,99,99,99,1190,5.0,21.0,
3140,CURRENT_RUN_REAL_DATA,True,102,102,0,0,0,0,101,0,23,0,101,101,101,1184,2.0,21.0,
3141,CURRENT_RUN_REAL_DATA,True,100,100,0,0,0,1,98,0,89,0,99,99,99,1189,0.0,22.0,
3142,CURRENT_RUN_REAL_DATA,True,99,99,0,0,0,1,97,1,1,0,98,98,98,1186,0.0,22.0,
3143,CURRENT_RUN_REAL_DATA,True,100,100,0,0,0,0,99,0,0,0,99,99,99,1189,1.0,22.0,
3144,CURRENT_RUN_REAL_DATA,True,119,119,0,0,0,3,115,3,33,0,118,118,118,1194,0.0,29.0,
3145,CURRENT_RUN_REAL_DATA,True,124,124,0,0,0,3,120,2,33,0,123,123,123,1198,0.0,30.0,
3146,CURRENT_RUN_REAL_DATA,True,115,115,0,0,0,6,108,6,0,1,114,114,114,1175,0.0,43.0,
3147,CURRENT_RUN_REAL_DATA,True,99,99,0,0,0,0,98,0,78,0,98,98,98,1185,1.0,22.0,
3148,CURRENT_RUN_REAL_DATA,True,130,130,0,0,0,3,126,3,28,0,129,129,129,1189,0.0,30.0,
3149,CURRENT_RUN_REAL_DATA,True,99,99,0,0,0,0,98,0,93,0,98,98,98,1180,5.0,21.0,
3150,CURRENT_RUN_REAL_DATA,True,132,132,0,0,0,67,64,59,38,2,131,131,131,885,0.0,133.0,
3151,CURRENT_RUN_REAL_DATA,True,116,116,0,0,0,4,111,4,8,0,115,115,115,1165,0.0,30.0,
3152,CURRENT_RUN_REAL_DATA,True,87,87,0,0,0,11,75,11,16,1,86,86,86,819,0.0,71.0,
3153,CURRENT_RUN_REAL_DATA,True,99,99,0,0,0,0,98,0,78,0,98,98,98,1195,7.0,20.0,
3154,CURRENT_RUN_REAL_DATA,True,100,100,0,0,0,0,99,0,90,0,99,99,99,1188,8.0,21.0,
3155,CURRENT_RUN_REAL_DATA,True,108,108,0,0,0,1,106,1,31,1,107,107,107,1195,0.0,33.0,
3156,CURRENT_RUN_REAL_DATA,True,97,97,0,0,0,0,96,0,3,0,96,96,96,1184,9.0,21.0,
3157,CURRENT_RUN_REAL_DATA,True,100,100,0,0,0,0,99,0,89,0,99,99,99,1191,3.0,21.0,
3158,CURRENT_RUN_REAL_DATA,True,99,99,0,0,0,0,98,0,77,0,98,98,98,1195,9.0,21.0,
3159,CURRENT_RUN_REAL_DATA,True,100,100,0,0,0,0,99,0,80,0,99,99,99,1190,5.0,20.0,
3160,CURRENT_RUN_REAL_DATA,True,99,99,0,0,0,0,98,0,1,0,98,98,98,1190,4.0,27.0,
3161,CURRENT_RUN_REAL_DATA,True,126,126,0,0,0,1,124,1,3,0,125,125,125,1190,0.0,21.0,
3162,CURRENT_RUN_REAL_DATA,True,100,100,0,0,0,0,99,0,89,0,99,99,99,1193,3.0,22.0,
3163,CURRENT_RUN_REAL_DATA,True,99,99,0,0,0,0,98,0,89,0,98,98,98,1186,1.0,21.0,
3164,CURRENT_RUN_REAL_DATA,True,61,61,0,0,0,3,57,3,1,0,60,60,60,676,0.0,20.0,
3165,CURRENT_RUN_REAL_DATA,True,97,97,0,0,0,0,96,0,15,1,96,96,96,1188,1.0,79.0,
3166,CURRENT_RUN_REAL_DATA,True,98,98,0,0,0,0,97,0,87,0,97,97,97,1179,9.0,21.0,
3167,CURRENT_RUN_REAL_DATA,True,141,141,0,0,0,7,133,7,22,0,140,140,140,1192,0.0,26.0,
3168,CURRENT_RUN_REAL_DATA,True,99,99,0,0,0,1,97,0,79,1,98,98,98,1188,0.0,32.0,
3169,CURRENT_RUN_REAL_DATA,True,101,101,0,0,0,1,99,1,13,1,100,100,100,1188,0.0,33.0,
3170,CURRENT_RUN_REAL_DATA,True,99,99,0,0,0,0,98,0,94,0,98,98,98,1195,9.0,21.0,
3171,CURRENT_RUN_REAL_DATA,True,109,109,0,0,0,7,101,7,24,3,108,108,108,1186,0.0,46.0,
3172,CURRENT_RUN_REAL_DATA,True,100,100,0,0,0,0,99,0,80,0,99,99,99,1192,2.0,21.0,
3173,CURRENT_RUN_REAL_DATA,True,99,99,0,0,0,0,98,0,97,0,98,98,98,1186,1.0,22.0,
3174,CURRENT_RUN_REAL_DATA,True,109,109,0,0,0,5,103,5,26,0,108,108,108,1178,0.0,20.0,
3175,CURRENT_RUN_REAL_DATA,True,99,99,0,0,0,0,98,0,2,0,98,98,98,1191,9.0,21.0,
3176,CURRENT_RUN_REAL_DATA,True,99,99,0,0,0,1,97,1,49,0,98,98,98,1127,0.0,26.0,
3177,CURRENT_RUN_REAL_DATA,True,148,148,0,0,0,9,138,9,29,0,147,147,147,1195,0.0,23.0,
3178,CURRENT_RUN_REAL_DATA,True,104,104,0,0,0,1,102,0,41,0,103,103,103,1186,0.0,29.0,
3179,CURRENT_RUN_REAL_DATA,True,133,133,0,0,0,2,130,1,24,0,132,132,132,1198,0.0,22.0,
3180,CURRENT_RUN_REAL_DATA,True,112,112,0,0,0,3,108,3,34,0,111,111,111,1191,0.0,30.0,
3181,CURRENT_RUN_REAL_DATA,True,100,100,0,0,0,0,99,0,90,0,99,99,99,1192,2.0,21.0,
3182,CURRENT_RUN_REAL_DATA,True,99,99,0,0,0,0,98,0,80,0,98,98,98,1195,10.0,20.0,
3183,CURRENT_RUN_REAL_DATA,True,101,101,0,0,0,0,100,0,17,0,100,100,100,1193,4.0,20.0,
3184,CURRENT_RUN_REAL_DATA,True,116,116,0,0,0,5,110,5,30,2,115,115,115,1194,0.0,82.0,
3185,CURRENT_RUN_REAL_DATA,True,104,104,0,0,0,15,88,15,0,3,103,103,103,1195,0.0,102.0,
3186,CURRENT_RUN_REAL_DATA,True,125,125,0,0,0,9,115,9,22,1,124,124,124,1190,0.0,99.0,
3187,CURRENT_RUN_REAL_DATA,True,100,100,0,0,0,0,99,0,19,0,99,99,99,1194,3.0,21.0,
3188,CURRENT_RUN_REAL_DATA,True,99,99,0,0,0,0,98,0,40,0,98,98,98,1195,8.0,21.0,
3189,CURRENT_RUN_REAL_DATA,True,111,111,0,0,0,2,108,2,0,0,110,110,110,1186,0.0,22.0,
3190,CURRENT_RUN_REAL_DATA,True,99,99,0,0,0,0,98,0,79,0,98,98,98,1192,9.0,21.0,
3191,CURRENT_RUN_REAL_DATA,True,112,112,0,0,0,1,110,1,56,0,111,111,111,1197,0.0,21.0,
3192,CURRENT_RUN_REAL_DATA,True,100,100,0,0,0,0,99,0,89,0,99,99,99,1191,3.0,20.0,
3193,CURRENT_RUN_REAL_DATA,True,100,100,0,0,0,0,99,0,79,0,99,99,99,1193,2.0,21.0,
3194,CURRENT_RUN_REAL_DATA,True,99,99,0,0,0,0,98,0,20,0,98,98,98,1195,10.0,20.0,
3195,CURRENT_RUN_REAL_DATA,True,148,148,0,0,0,1,146,1,3,0,147,147,147,1191,0.0,24.0,
3196,CURRENT_RUN_REAL_DATA,True,99,99,0,0,0,0,98,0,1,0,98,98,98,1188,7.0,28.0,
3197,CURRENT_RUN_REAL_DATA,True,99,99,0,0,0,0,98,0,88,0,98,98,98,1189,7.0,22.0,
3198,CURRENT_RUN_REAL_DATA,True,100,100,0,0,0,0,99,0,0,0,99,99,99,1190,5.0,21.0,
3199,CURRENT_RUN_REAL_DATA,True,95,95,0,0,0,0,94,0,0,0,94,94,94,1130,4.0,20.0,
3200,CURRENT_RUN_REAL_DATA,True,100,100,0,0,0,0,99,0,79,0,99,99,99,1187,6.0,21.0,
3201,CURRENT_RUN_REAL_DATA,True,99,99,0,0,0,0,98,0,78,0,98,98,98,1190,3.0,21.0,
3202,CURRENT_RUN_REAL_DATA,True,99,99,0,0,0,0,98,0,18,0,98,98,98,1195,3.0,30.0,
3203,CURRENT_RUN_REAL_DATA,True,110,110,0,0,0,0,109,0,0,0,109,109,109,1195,1.0,30.0,
3204,CURRENT_RUN_REAL_DATA,True,112,112,0,0,0,1,110,1,1,0,111,111,111,1182,0.0,28.0,
3205,CURRENT_RUN_REAL_DATA,True,99,99,0,0,0,0,98,0,78,0,98,98,98,1190,8.0,22.0,
3206,CURRENT_RUN_REAL_DATA,True,108,108,0,0,0,0,107,0,58,0,107,107,107,1186,1.0,30.0,
3207,CURRENT_RUN_REAL_DATA,True,100,100,0,0,0,0,99,0,89,0,99,99,99,1193,1.0,20.0,
3208,CURRENT_RUN_REAL_DATA,True,99,99,0,0,0,0,98,0,5,0,98,98,98,1190,9.0,20.0,
3209,CURRENT_RUN_REAL_DATA,True,104,104,0,0,0,1,102,1,10,0,103,103,103,1025,0.0,29.0,
3210,CURRENT_RUN_REAL_DATA,True,108,108,0,0,0,4,103,4,7,2,107,107,107,1191,0.0,37.0,
3211,CURRENT_RUN_REAL_DATA,True,99,99,0,0,0,0,98,0,78,0,98,98,98,1190,7.0,22.0,
3212,CURRENT_RUN_REAL_DATA,True,101,101,0,0,0,3,97,1,60,1,100,100,100,1186,0.0,92.0,
3213,CURRENT_RUN_REAL_DATA,True,124,124,0,0,0,1,122,1,9,0,123,123,123,1193,0.0,25.0,
3214,CURRENT_RUN_REAL_DATA,True,98,98,0,0,0,0,97,0,87,0,97,97,97,1186,8.0,22.0,
3215,CURRENT_RUN_REAL_DATA,True,99,99,0,0,0,0,98,0,0,0,98,98,98,1190,9.0,20.0,
3216,CURRENT_RUN_REAL_DATA,True,105,105,0,0,0,1,103,0,11,0,104,104,104,1186,0.0,27.0,
3217,CURRENT_RUN_REAL_DATA,True,100,100,0,0,0,0,99,0,89,0,99,99,99,1191,3.0,21.0,
3218,CURRENT_RUN_REAL_DATA,True,100,100,0,0,0,0,99,0,70,0,99,99,99,1187,6.0,21.0,
3219,CURRENT_RUN_REAL_DATA,True,114,114,0,0,0,4,109,4,0,1,113,113,113,1183,0.0,33.0,
3220,CURRENT_RUN_REAL_DATA,True,103,103,0,0,0,0,102,0,14,0,102,102,102,1188,3.0,27.0,
3221,CURRENT_RUN_REAL_DATA,True,99,99,0,0,0,0,98,0,92,0,98,98,98,1194,9.0,21.0,
3222,CURRENT_RUN_REAL_DATA,True,102,102,0,0,0,0,101,0,74,0,101,101,101,1191,1.0,22.0,
3223,CURRENT_RUN_REAL_DATA,True,115,115,0,0,0,3,111,2,2,1,114,114,114,1186,0.0,31.0,
3224,CURRENT_RUN_REAL_DATA,True,100,100,0,0,0,0,99,0,79,0,99,99,99,1192,4.0,21.0,
3225,CURRENT_RUN_REAL_DATA,True,111,111,0,0,0,10,100,8,38,3,110,110,110,1195,0.0,109.0,
3226,CURRENT_RUN_REAL_DATA,True,100,100,0,0,0,0,99,0,79,0,99,99,99,1191,5.0,21.0,
3227,CURRENT_RUN_REAL_DATA,True,103,103,0,0,0,2,100,2,20,0,102,102,102,1197,0.0,24.0,
3228,CURRENT_RUN_REAL_DATA,True,100,100,0,0,0,0,99,0,89,0,99,99,99,1195,3.0,22.0,
3229,CURRENT_RUN_REAL_DATA,True,119,119,0,0,0,2,116,2,24,0,118,118,118,1195,0.0,27.0,
3230,CURRENT_RUN_REAL_DATA,True,99,99,0,0,0,5,93,1,75,2,98,98,98,1193,0.0,64.0,
3231,CURRENT_RUN_REAL_DATA,True,111,111,0,0,0,1,109,0,22,0,110,110,110,1186,0.0,25.0,
3232,CURRENT_RUN_REAL_DATA,True,100,100,0,0,0,0,99,0,79,0,99,99,99,1190,6.0,20.0,
3233,CURRENT_RUN_REAL_DATA,True,99,99,0,0,0,0,98,0,77,0,98,98,98,1186,1.0,22.0,
3234,CURRENT_RUN_REAL_DATA,True,110,110,0,0,0,6,103,6,18,2,109,109,109,1186,0.0,43.0,
3235,CURRENT_RUN_REAL_DATA,True,112,112,0,0,0,9,102,8,17,2,111,111,111,1192,0.0,44.0,
3236,CURRENT_RUN_REAL_DATA,True,60,60,0,0,0,1,58,1,4,4,59,59,59,1189,0.0,248.0,
3237,CURRENT_RUN_REAL_DATA,True,91,91,0,0,0,1,89,0,54,2,90,90,90,1191,0.0,139.0,
3238,CURRENT_RUN_REAL_DATA,True,132,132,0,0,0,2,129,1,9,0,131,131,131,1194,0.0,30.0,
3239,CURRENT_RUN_REAL_DATA,True,103,103,0,0,0,0,102,0,2,0,102,102,102,1195,1.0,27.0,
3240,CURRENT_RUN_REAL_DATA,True,113,113,0,0,0,0,112,0,0,0,112,112,112,1190,1.0,23.0,
3241,CURRENT_RUN_REAL_DATA,True,74,74,0,0,0,30,43,11,53,0,73,73,73,504,0.0,20.0,
3242,CURRENT_RUN_REAL_DATA,True,112,112,0,0,0,0,111,0,2,1,111,111,111,1186,1.0,32.0,
3243,CURRENT_RUN_REAL_DATA,True,100,100,0,0,0,0,99,0,79,0,99,99,99,1191,4.0,21.0,
3244,CURRENT_RUN_REAL_DATA,True,101,101,0,0,0,0,100,0,78,0,100,100,100,1188,5.0,20.0,
3245,CURRENT_RUN_REAL_DATA,True,98,98,0,0,0,0,97,0,87,0,97,97,97,1186,9.0,21.0,
3246,CURRENT_RUN_REAL_DATA,True,104,104,0,0,0,0,103,0,18,1,103,103,103,1189,1.0,31.0,
3247,CURRENT_RUN_REAL_DATA,True,112,112,0,0,0,7,104,7,21,2,111,111,111,1166,0.0,42.0,
3248,CURRENT_RUN_REAL_DATA,True,115,115,0,0,0,1,113,1,5,0,114,114,114,1185,0.0,29.0,
3249,CURRENT_RUN_REAL_DATA,True,111,111,0,0,0,4,106,3,17,1,110,110,110,1180,0.0,32.0,
3250,CURRENT_RUN_REAL_DATA,True,109,109,0,0,0,1,107,0,22,0,108,108,108,1195,0.0,23.0,
3251,CURRENT_RUN_REAL_DATA,True,98,98,0,0,0,0,97,0,1,0,97,97,97,1189,9.0,30.0,
3252,CURRENT_RUN_REAL_DATA,True,104,104,0,0,0,3,100,3,0,2,103,103,103,1181,0.0,37.0,
3253,CURRENT_RUN_REAL_DATA,True,118,118,0,0,0,5,112,5,14,0,117,117,117,1189,0.0,29.0,
3254,CURRENT_RUN_REAL_DATA,True,99,99,0,0,0,0,98,0,73,0,98,98,98,1180,4.0,20.0,
3255,CURRENT_RUN_REAL_DATA,True,104,104,0,0,0,0,103,0,20,1,103,103,103,1190,1.0,41.0,
3256,CURRENT_RUN_REAL_DATA,True,97,97,0,0,0,0,96,0,86,0,96,96,96,1190,7.0,30.0,
3257,CURRENT_RUN_REAL_DATA,True,100,100,0,0,0,0,99,0,89,0,99,99,99,1190,4.0,21.0,
3258,CURRENT_RUN_REAL_DATA,True,98,98,0,0,0,2,95,1,42,1,97,97,97,1187,0.0,106.0,
3259,CURRENT_RUN_REAL_DATA,True,76,76,0,0,0,0,75,0,67,1,75,75,75,1042,10.0,130.0,
3260,CURRENT_RUN_REAL_DATA,True,100,100,0,0,0,0,99,0,90,0,99,99,99,1190,3.0,30.0,
3261,CURRENT_RUN_REAL_DATA,True,100,100,0,0,0,0,99,0,82,0,99,99,99,1194,1.0,21.0,
3262,CURRENT_RUN_REAL_DATA,True,100,100,0,0,0,0,99,0,96,0,99,99,99,1190,6.0,21.0,
3263,CURRENT_RUN_REAL_DATA,True,109,109,0,0,0,0,108,0,52,0,108,108,108,1186,1.0,22.0,
3264,CURRENT_RUN_REAL_DATA,True,95,95,0,0,0,0,94,0,57,1,94,94,94,1186,3.0,80.0,
3265,CURRENT_RUN_REAL_DATA,True,99,99,0,0,0,0,98,0,0,1,98,98,98,1187,1.0,34.0,
3266,CURRENT_RUN_REAL_DATA,True,110,110,0,0,0,2,107,2,8,0,109,109,109,1195,0.0,30.0,
3267,CURRENT_RUN_REAL_DATA,True,103,103,0,0,0,0,102,0,73,0,102,102,102,1195,1.0,21.0,
3268,CURRENT_RUN_REAL_DATA,True,105,105,0,0,0,2,102,2,26,2,104,104,104,1186,0.0,77.0,
3269,CURRENT_RUN_REAL_DATA,True,104,104,0,0,0,0,103,0,13,0,103,103,103,1197,1.0,25.0,
3270,CURRENT_RUN_REAL_DATA,True,100,100,0,0,0,0,99,0,90,0,99,99,99,1191,2.0,21.0,
3271,CURRENT_RUN_REAL_DATA,True,109,109,0,0,0,3,105,3,49,1,108,108,108,1194,0.0,108.0,
3272,CURRENT_RUN_REAL_DATA,True,103,103,0,0,0,0,102,0,38,0,102,102,102,1186,2.0,22.0,
3273,CURRENT_RUN_REAL_DATA,True,116,116,0,0,0,1,114,1,9,0,115,115,115,1188,0.0,30.0,
3274,CURRENT_RUN_REAL_DATA,True,100,100,0,0,0,0,99,0,90,0,99,99,99,1191,3.0,20.0,
3275,CURRENT_RUN_REAL_DATA,True,100,100,0,0,0,0,99,0,17,0,99,99,99,1190,6.0,21.0,
3276,CURRENT_RUN_REAL_DATA,True,100,100,0,0,0,0,99,0,80,0,99,99,99,1193,2.0,20.0,
3277,CURRENT_RUN_REAL_DATA,True,101,101,0,0,0,0,100,0,80,0,100,100,100,1194,3.0,20.0,
3278,CURRENT_RUN_REAL_DATA,True,110,110,0,0,0,1,108,1,2,0,109,109,109,1198,0.0,26.0,
3279,CURRENT_RUN_REAL_DATA,True,100,100,0,0,0,0,99,0,90,0,99,99,99,1190,4.0,21.0,
3280,CURRENT_RUN_REAL_DATA,True,108,108,0,0,0,0,107,0,5,0,107,107,107,1188,1.0,30.0,
3281,CURRENT_RUN_REAL_DATA,True,101,101,0,0,0,0,100,0,90,0,100,100,100,1191,4.0,20.0,
3282,CURRENT_RUN_REAL_DATA,True,97,97,0,0,0,0,96,0,90,0,96,96,96,1191,9.0,28.0,
3283,CURRENT_RUN_REAL_DATA,True,99,99,0,0,0,0,98,0,78,0,98,98,98,1194,9.0,21.0,
3284,CURRENT_RUN_REAL_DATA,True,100,100,0,0,0,1,98,1,84,0,99,99,99,1193,0.0,21.0,
3285,CURRENT_RUN_REAL_DATA,True,99,99,0,0,0,0,98,0,78,0,98,98,98,1188,7.0,28.0,
3286,CURRENT_RUN_REAL_DATA,True,109,109,0,0,0,7,101,7,8,3,108,108,108,1197,0.0,50.0,
3287,CURRENT_RUN_REAL_DATA,True,100,100,0,0,0,0,99,0,64,0,99,99,99,1190,6.0,20.0,
3288,CURRENT_RUN_REAL_DATA,True,99,99,0,0,0,0,98,0,89,0,98,98,98,1186,5.0,26.0,
3289,CURRENT_RUN_REAL_DATA,True,104,104,0,0,0,3,100,1,16,1,103,103,103,1164,0.0,34.0,
3290,CURRENT_RUN_REAL_DATA,True,99,99,0,0,0,0,98,0,88,0,98,98,98,1179,3.0,21.0,
3291,CURRENT_RUN_REAL_DATA,True,96,96,0,0,0,0,95,0,0,0,95,95,95,1059,1.0,30.0,
3292,CURRENT_RUN_REAL_DATA,True,98,98,0,0,0,0,97,0,3,0,97,97,97,1185,9.0,21.0,
3293,CURRENT_RUN_REAL_DATA,True,113,113,0,0,0,0,112,0,19,0,112,112,112,1188,1.0,24.0,
3294,CURRENT_RUN_REAL_DATA,True,100,100,0,0,0,0,99,0,1,0,99,99,99,1191,1.0,22.0,
3295,CURRENT_RUN_REAL_DATA,True,105,105,0,0,0,0,104,0,24,0,104,104,104,1192,1.0,30.0,
3296,CURRENT_RUN_REAL_DATA,True,115,115,0,0,0,2,112,2,0,0,114,114,114,1194,0.0,29.0,
3297,CURRENT_RUN_REAL_DATA,True,106,106,0,0,0,2,103,1,15,1,105,105,105,1191,0.0,50.0,
3298,CURRENT_RUN_REAL_DATA,True,120,120,0,0,0,0,119,0,1,0,119,119,119,1190,1.0,23.0,
3299,CURRENT_RUN_REAL_DATA,True,99,99,0,0,0,0,98,0,11,0,98,98,98,1189,6.0,23.0,
3300,CURRENT_RUN_REAL_DATA,True,126,126,0,0,0,0,125,0,25,0,125,125,125,1183,1.0,25.0,
3301,CURRENT_RUN_REAL_DATA,True,100,100,0,0,0,0,99,0,79,0,99,99,99,1187,6.0,30.0,
3302,CURRENT_RUN_REAL_DATA,True,102,102,0,0,0,0,101,0,0,0,101,101,101,1197,1.0,21.0,
3303,CURRENT_RUN_REAL_DATA,True,28,28,0,0,0,0,27,0,22,0,27,27,27,322,9.0,20.0,
3304,CURRENT_RUN_REAL_DATA,True,89,89,0,0,0,2,86,1,69,1,88,88,88,1187,0.0,165.0,
3305,CURRENT_RUN_REAL_DATA,True,98,98,0,0,0,0,97,0,94,0,97,97,97,1186,9.0,21.0,
3306,CURRENT_RUN_REAL_DATA,True,83,83,0,0,0,46,36,44,2,2,82,82,82,1187,0.0,420.0,
3307,CURRENT_RUN_REAL_DATA,True,100,100,0,0,0,0,99,0,89,0,99,99,99,1191,6.0,22.0,
3308,CURRENT_RUN_REAL_DATA,True,100,100,0,0,0,0,99,0,87,0,99,99,99,1193,2.0,21.0,
3309,CURRENT_RUN_REAL_DATA,True,100,100,0,0,0,0,99,0,79,0,99,99,99,1191,3.0,20.0,
3310,CURRENT_RUN_REAL_DATA,True,105,105,0,0,0,1,103,1,2,0,104,104,104,1127,0.0,21.0,
3311,CURRENT_RUN_REAL_DATA,True,99,99,0,0,0,0,98,0,6,0,98,98,98,1193,9.0,20.0,
3312,CURRENT_RUN_REAL_DATA,True,105,105,0,0,0,27,77,27,5,0,104,104,104,838,0.0,21.0,
3313,CURRENT_RUN_REAL_DATA,True,105,105,0,0,0,0,104,0,58,0,104,104,104,1186,1.0,20.0,
3314,CURRENT_RUN_REAL_DATA,True,104,104,0,0,0,0,103,0,52,0,103,103,103,1194,1.0,22.0,
3315,CURRENT_RUN_REAL_DATA,True,101,101,0,0,0,0,100,0,3,0,100,100,100,1191,1.0,21.0,
3316,CURRENT_RUN_REAL_DATA,True,99,99,0,0,0,0,98,0,79,0,98,98,98,1195,10.0,20.0,
3317,CURRENT_RUN_REAL_DATA,True,107,107,0,0,0,0,106,0,34,0,106,106,106,1176,1.0,28.0,
3318,CURRENT_RUN_REAL_DATA,True,100,100,0,0,0,0,99,0,1,0,99,99,99,1193,1.0,20.0,
3319,CURRENT_RUN_REAL_DATA,True,73,73,0,0,0,0,72,0,40,1,72,72,72,1192,2.0,380.0,
3320,CURRENT_RUN_REAL_DATA,True,105,105,0,0,0,0,104,0,1,0,104,104,104,1186,2.0,28.0,
3321,CURRENT_RUN_REAL_DATA,True,100,100,0,0,0,0,99,0,79,0,99,99,99,1191,2.0,21.0,
3322,CURRENT_RUN_REAL_DATA,True,100,100,0,0,0,0,99,0,79,0,99,99,99,1190,5.0,20.0,
3323,CURRENT_RUN_REAL_DATA,True,104,104,0,0,0,0,103,0,62,0,103,103,103,1186,1.0,27.0,
3324,CURRENT_RUN_REAL_DATA,True,31,31,0,0,0,0,30,0,1,1,30,30,30,1027,4.0,687.0,
3325,CURRENT_RUN_REAL_DATA,True,100,100,0,0,0,0,99,0,89,0,99,99,99,1180,5.0,22.0,
3326,CURRENT_RUN_REAL_DATA,True,100,100,0,0,0,1,98,1,26,0,99,99,99,1194,0.0,21.0,
3327,CURRENT_RUN_REAL_DATA,True,106,106,0,0,0,0,105,0,53,0,105,105,105,1194,1.0,20.0,
3328,CURRENT_RUN_REAL_DATA,True,124,124,0,0,0,4,119,4,19,1,123,123,123,1188,0.0,82.0,
3329,CURRENT_RUN_REAL_DATA,True,99,99,0,0,0,0,98,0,88,0,98,98,98,1193,2.0,23.0,
3330,CURRENT_RUN_REAL_DATA,True,100,100,0,0,0,0,99,0,93,0,99,99,99,1190,5.0,21.0,
3331,CURRENT_RUN_REAL_DATA,True,112,112,0,0,0,1,110,1,1,0,111,111,111,1190,0.0,24.0,
3332,CURRENT_RUN_REAL_DATA,True,100,100,0,0,0,0,99,0,91,0,99,99,99,1190,4.0,21.0,
3333,CURRENT_RUN_REAL_DATA,True,99,99,0,0,0,0,98,0,88,0,98,98,98,1192,9.0,22.0,
3334,CURRENT_RUN_REAL_DATA,True,98,98,0,0,0,0,97,0,77,0,97,97,97,1186,8.0,22.0,
3335,CURRENT_RUN_REAL_DATA,True,100,100,0,0,0,3,96,3,64,1,99,99,99,1188,0.0,55.0,
3336,CURRENT_RUN_REAL_DATA,True,101,101,0,0,0,0,100,0,79,0,100,100,100,1190,1.0,20.0,
3337,CURRENT_RUN_REAL_DATA,True,110,110,0,0,0,1,108,0,53,0,109,109,109,1179,0.0,23.0,
3338,CURRENT_RUN_REAL_DATA,True,97,97,0,0,0,0,96,0,16,0,96,96,96,1195,10.0,30.0,
3339,CURRENT_RUN_REAL_DATA,True,107,107,0,0,0,1,105,1,15,1,106,106,106,1191,0.0,36.0,
3340,CURRENT_RUN_REAL_DATA,True,115,115,0,0,0,13,101,13,0,2,114,114,114,1195,0.0,60.0,
3341,CURRENT_RUN_REAL_DATA,True,103,103,0,0,0,1,101,1,0,3,102,102,102,1191,0.0,98.0,
3342,CURRENT_RUN_REAL_DATA,True,111,111,0,0,0,40,70,34,20,1,110,110,110,1186,0.0,434.0,
3343,CURRENT_RUN_REAL_DATA,True,99,99,0,0,0,0,98,0,77,0,98,98,98,1195,9.0,21.0,
3344,CURRENT_RUN_REAL_DATA,True,109,109,0,0,0,2,106,2,0,1,108,108,108,1186,0.0,31.0,
3345,CURRENT_RUN_REAL_DATA,True,103,103,0,0,0,0,102,0,52,0,102,102,102,1190,1.0,30.0,
3346,CURRENT_RUN_REAL_DATA,True,100,100,0,0,0,0,99,0,13,0,99,99,99,1187,5.0,21.0,
3347,CURRENT_RUN_REAL_DATA,True,101,101,0,0,0,0,100,0,77,0,100,100,100,1190,3.0,21.0,
3348,CURRENT_RUN_REAL_DATA,True,106,106,0,0,0,1,104,0,26,0,105,105,105,1193,0.0,30.0,
3349,CURRENT_RUN_REAL_DATA,True,103,103,0,0,0,1,101,1,73,0,102,102,102,1187,0.0,27.0,
3350,CURRENT_RUN_REAL_DATA,True,98,98,0,0,0,0,97,0,9,0,97,97,97,1188,2.0,28.0,
3351,CURRENT_RUN_REAL_DATA,True,100,100,0,0,0,0,99,0,90,0,99,99,99,1193,1.0,21.0,
3352,CURRENT_RUN_REAL_DATA,True,101,101,0,0,0,0,100,0,6,0,100,100,100,1187,6.0,30.0,
3353,CURRENT_RUN_REAL_DATA,True,99,99,0,0,0,0,98,0,89,0,98,98,98,1192,9.0,20.0,
3354,CURRENT_RUN_REAL_DATA,True,107,107,0,0,0,0,106,0,22,0,106,106,106,1189,1.0,30.0,
3355,CURRENT_RUN_REAL_DATA,True,100,100,0,0,0,1,98,1,8,0,99,99,99,1190,0.0,29.0,
3356,CURRENT_RUN_REAL_DATA,True,126,126,0,0,0,3,122,3,10,0,125,125,125,1195,0.0,27.0,
3357,CURRENT_RUN_REAL_DATA,True,104,104,0,0,0,0,103,0,0,0,103,103,103,1182,1.0,22.0,
3358,CURRENT_RUN_REAL_DATA,True,118,118,0,0,0,6,111,4,30,1,117,117,117,1189,0.0,43.0,
3359,CURRENT_RUN_REAL_DATA,True,111,111,0,0,0,2,108,2,15,0,110,110,110,1142,0.0,25.0,
3360,CURRENT_RUN_REAL_DATA,True,99,99,0,0,0,0,98,0,78,0,98,98,98,1189,8.0,22.0,
3361,CURRENT_RUN_REAL_DATA,True,98,98,0,0,0,0,97,0,91,0,97,97,97,1186,8.0,22.0,
3362,CURRENT_RUN_REAL_DATA,True,117,117,0,0,0,7,109,7,39,0,116,116,116,1145,0.0,30.0,
3363,CURRENT_RUN_REAL_DATA,True,99,99,0,0,0,0,98,0,95,0,98,98,98,1186,1.0,21.0,
3364,CURRENT_RUN_REAL_DATA,True,100,100,0,0,0,0,99,0,79,0,99,99,99,1191,3.0,21.0,
3365,CURRENT_RUN_REAL_DATA,True,101,101,0,0,0,0,100,0,80,1,100,100,100,1190,5.0,31.0,
3366,CURRENT_RUN_REAL_DATA,True,99,99,0,0,0,1,97,1,0,1,98,98,98,1186,0.0,34.0,
3367,CURRENT_RUN_REAL_DATA,True,99,99,0,0,0,0,98,0,0,0,98,98,98,1189,6.0,22.0,
3368,CURRENT_RUN_REAL_DATA,True,107,107,0,0,0,3,103,3,0,0,106,106,106,1190,0.0,30.0,
3369,CURRENT_RUN_REAL_DATA,True,100,100,0,0,0,0,99,0,89,0,99,99,99,1195,1.0,21.0,
3370,CURRENT_RUN_REAL_DATA,True,99,99,0,0,0,0,98,0,78,0,98,98,98,1195,9.0,21.0,
3371,CURRENT_RUN_REAL_DATA,True,101,101,0,0,0,1,99,1,23,0,100,100,100,1190,0.0,21.0,
3372,CURRENT_RUN_REAL_DATA,True,97,97,0,0,0,1,95,0,76,1,96,96,96,1186,0.0,62.0,
3373,CURRENT_RUN_REAL_DATA,True,99,99,0,0,0,1,97,0,90,0,98,98,98,1185,0.0,22.0,
3374,CURRENT_RUN_REAL_DATA,True,100,100,0,0,0,0,99,0,79,0,99,99,99,1191,4.0,21.0,
3375,CURRENT_RUN_REAL_DATA,True,98,98,0,0,0,0,97,0,87,0,97,97,97,1183,8.0,21.0,
3376,CURRENT_RUN_REAL_DATA,True,99,99,0,0,0,0,98,0,89,0,98,98,98,1180,5.0,21.0,
3377,CURRENT_RUN_REAL_DATA,True,98,98,0,0,0,0,97,0,97,1,97,97,97,1190,9.0,31.0,
3378,CURRENT_RUN_REAL_DATA,True,100,100,0,0,0,0,99,0,1,0,99,99,99,1190,4.0,20.0,
3379,CURRENT_RUN_REAL_DATA,True,100,100,0,0,0,0,99,0,96,0,99,99,99,1187,6.0,28.0,
3380,CURRENT_RUN_REAL_DATA,True,100,100,0,0,0,0,99,0,89,0,99,99,99,1191,1.0,21.0,
3381,CURRENT_RUN_REAL_DATA,True,98,98,0,0,0,0,97,0,10,2,97,97,97,1187,1.0,111.0,
3382,CURRENT_RUN_REAL_DATA,True,100,100,0,0,0,0,99,0,80,0,99,99,99,1190,6.0,20.0,
3383,CURRENT_RUN_REAL_DATA,True,98,98,0,0,0,0,97,0,87,0,97,97,97,1186,9.0,21.0,
3384,CURRENT_RUN_REAL_DATA,True,111,111,0,0,0,1,109,1,1,0,110,110,110,1193,0.0,26.0,
3385,CURRENT_RUN_REAL_DATA,True,111,111,0,0,0,5,105,5,25,1,110,110,110,1192,0.0,32.0,
3386,CURRENT_RUN_REAL_DATA,True,130,130,0,0,0,3,126,3,18,0,129,129,129,1191,0.0,28.0,
3387,CURRENT_RUN_REAL_DATA,True,100,100,0,0,0,0,99,0,79,0,99,99,99,1192,4.0,21.0,
3388,CURRENT_RUN_REAL_DATA,True,99,99,0,0,0,0,98,0,78,0,98,98,98,1188,6.0,28.0,
3389,CURRENT_RUN_REAL_DATA,True,110,110,0,0,0,1,108,1,27,1,109,109,109,1186,0.0,31.0,
3390,CURRENT_RUN_REAL_DATA,True,109,109,0,0,0,1,107,1,29,0,108,108,108,1187,0.0,30.0,
3391,CURRENT_RUN_REAL_DATA,True,99,99,0,0,0,1,97,0,82,0,98,98,98,1195,0.0,30.0,
3392,CURRENT_RUN_REAL_DATA,True,123,123,0,0,0,3,119,3,7,1,122,122,122,1195,0.0,34.0,
3393,CURRENT_RUN_REAL_DATA,True,98,98,0,0,0,0,97,0,90,0,97,97,97,1186,9.0,21.0,
3394,CURRENT_RUN_REAL_DATA,True,105,105,0,0,0,4,100,4,0,3,104,104,104,1196,0.0,37.0,
3395,CURRENT_RUN_REAL_DATA,True,104,104,0,0,0,1,102,1,29,0,103,103,103,1195,0.0,28.0,
3396,CURRENT_RUN_REAL_DATA,True,99,99,0,0,0,0,98,0,78,0,98,98,98,1191,9.0,21.0,
3397,CURRENT_RUN_REAL_DATA,True,100,100,0,0,0,0,99,0,99,0,99,99,99,1191,2.0,21.0,
3398,CURRENT_RUN_REAL_DATA,True,114,114,0,0,0,3,110,3,9,1,113,113,113,1193,0.0,42.0,
3399,CURRENT_RUN_REAL_DATA,True,98,98,0,0,0,0,97,0,76,0,97,97,97,1190,9.0,29.0,
3400,CURRENT_RUN_REAL_DATA,True,100,100,0,0,0,2,97,2,28,1,99,99,99,1187,0.0,124.0,
3401,CURRENT_RUN_REAL_DATA,True,99,99,0,0,0,0,98,0,8,0,98,98,98,1188,1.0,28.0,
3402,CURRENT_RUN_REAL_DATA,True,100,100,0,0,0,0,99,0,67,0,99,99,99,1188,2.0,22.0,
3403,CURRENT_RUN_REAL_DATA,True,97,97,0,0,0,1,95,1,68,1,96,96,96,1193,0.0,110.0,
3404,CURRENT_RUN_REAL_DATA,True,98,98,0,0,0,0,97,0,87,0,97,97,97,1189,9.0,21.0,
3405,CURRENT_RUN_REAL_DATA,True,101,101,0,0,0,0,100,0,78,0,100,100,100,1189,2.0,20.0,
3406,CURRENT_RUN_REAL_DATA,True,122,122,0,0,0,2,119,2,0,0,121,121,121,1185,0.0,30.0,
3407,CURRENT_RUN_REAL_DATA,True,100,100,0,0,0,0,99,0,1,0,99,99,99,1190,4.0,20.0,
3408,CURRENT_RUN_REAL_DATA,True,99,99,0,0,0,0,98,0,90,0,98,98,98,1190,6.0,21.0,
3409,CURRENT_RUN_REAL_DATA,True,99,99,0,0,0,0,98,0,78,0,98,98,98,1189,8.0,23.0,
3410,CURRENT_RUN_REAL_DATA,True,102,102,0,0,0,0,101,0,72,0,101,101,101,1193,2.0,21.0,
3411,CURRENT_RUN_REAL_DATA,True,100,100,0,0,0,1,98,0,80,0,99,99,99,1194,0.0,20.0,
3412,CURRENT_RUN_REAL_DATA,True,101,101,0,0,0,0,100,0,3,0,100,100,100,1189,1.0,22.0,
3413,CURRENT_RUN_REAL_DATA,True,99,99,0,0,0,0,98,0,91,0,98,98,98,1194,9.0,21.0,
3414,CURRENT_RUN_REAL_DATA,True,99,99,0,0,0,0,98,0,88,0,98,98,98,1191,9.0,21.0,
3415,CURRENT_RUN_REAL_DATA,True,115,115,0,0,0,12,102,12,24,2,114,114,114,1196,0.0,65.0,
3416,CURRENT_RUN_REAL_DATA,True,127,127,0,0,0,6,120,6,20,1,126,126,126,1194,0.0,42.0,
3417,CURRENT_RUN_REAL_DATA,True,106,106,0,0,0,7,98,0,60,2,105,105,105,1186,0.0,86.0,
3418,CURRENT_RUN_REAL_DATA,True,108,108,0,0,0,1,106,1,5,0,107,107,107,1190,0.0,30.0,
3419,CURRENT_RUN_REAL_DATA,True,99,99,0,0,0,0,98,0,88,0,98,98,98,1191,8.0,21.0,
3420,CURRENT_RUN_REAL_DATA,True,127,127,0,0,0,5,121,5,0,1,126,126,126,1193,0.0,33.0,
3421,CURRENT_RUN_REAL_DATA,True,112,112,0,0,0,11,100,10,7,2,111,111,111,1196,0.0,119.0,
3422,CURRENT_RUN_REAL_DATA,True,98,98,0,0,0,0,97,0,78,0,97,97,97,1186,6.0,23.0,
3423,CURRENT_RUN_REAL_DATA,True,100,100,0,0,0,0,99,0,79,0,99,99,99,1194,1.0,22.0,
3424,CURRENT_RUN_REAL_DATA,True,99,99,0,0,0,0,98,0,80,0,98,98,98,1191,4.0,30.0,
3425,CURRENT_RUN_REAL_DATA,True,134,134,0,0,0,1,132,1,16,0,133,133,133,1189,0.0,28.0,
3426,CURRENT_RUN_REAL_DATA,True,99,99,0,0,0,0,98,0,89,0,98,98,98,1179,5.0,20.0,
3427,CURRENT_RUN_REAL_DATA,True,101,101,0,0,0,0,100,0,78,0,100,100,100,1192,6.0,21.0,
3428,CURRENT_RUN_REAL_DATA,True,106,106,0,0,0,0,105,0,23,0,105,105,105,1183,1.0,24.0,
3429,CURRENT_RUN_REAL_DATA,True,101,101,0,0,0,0,100,0,65,0,100,100,100,1193,2.0,22.0,
3430,CURRENT_RUN_REAL_DATA,True,118,118,0,0,0,9,108,9,29,2,117,117,117,1194,0.0,112.0,
3431,CURRENT_RUN_REAL_DATA,True,100,100,0,0,0,0,99,0,2,0,99,99,99,1192,3.0,21.0,
3432,CURRENT_RUN_REAL_DATA,True,96,96,0,0,0,0,95,0,47,0,95,95,95,1121,1.0,22.0,
3433,CURRENT_RUN_REAL_DATA,True,105,105,0,0,0,1,103,1,54,0,104,104,104,1190,0.0,30.0,
3434,CURRENT_RUN_REAL_DATA,True,100,100,0,0,0,0,99,0,89,0,99,99,99,1192,3.0,21.0,
3435,CURRENT_RUN_REAL_DATA,True,119,119,0,0,0,1,117,1,64,0,118,118,118,1191,0.0,21.0,
3436,CURRENT_RUN_REAL_DATA,True,100,100,0,0,0,0,99,0,79,0,99,99,99,1184,1.0,22.0,
3437,CURRENT_RUN_REAL_DATA,True,91,91,0,0,0,0,90,0,43,1,90,90,90,1192,1.0,143.0,
3438,CURRENT_RUN_REAL_DATA,True,98,98,0,0,0,0,97,0,91,0,97,97,97,1190,10.0,30.0,
3439,CURRENT_RUN_REAL_DATA,True,121,121,0,0,0,3,117,1,15,0,120,120,120,1187,0.0,26.0,
3440,CURRENT_RUN_REAL_DATA,True,98,98,0,0,0,0,97,0,87,0,97,97,97,1186,9.0,21.0,
3441,CURRENT_RUN_REAL_DATA,True,99,99,0,0,0,2,96,0,47,1,98,98,98,1193,0.0,108.0,
3442,CURRENT_RUN_REAL_DATA,True,99,99,0,0,0,0,98,0,83,0,98,98,98,1190,9.0,21.0,
3443,CURRENT_RUN_REAL_DATA,True,121,121,0,0,0,3,117,3,2,0,120,120,120,1190,0.0,27.0,
3444,CURRENT_RUN_REAL_DATA,True,97,97,0,0,0,0,96,0,1,0,96,96,96,1186,1.0,30.0,
3445,CURRENT_RUN_REAL_DATA,True,130,130,0,0,0,5,124,5,37,0,129,129,129,1187,0.0,30.0,
3446,CURRENT_RUN_REAL_DATA,True,99,99,0,0,0,3,95,0,89,1,98,98,98,1191,0.0,54.0,
3447,CURRENT_RUN_REAL_DATA,True,108,108,0,0,0,3,104,2,16,1,107,107,107,1190,0.0,37.0,
3448,CURRENT_RUN_REAL_DATA,True,100,100,0,0,0,0,99,0,79,0,99,99,99,1193,2.0,21.0,
3449,CURRENT_RUN_REAL_DATA,True,97,97,0,0,0,0,96,0,76,3,96,96,96,1193,3.0,37.0,
3450,CURRENT_RUN_REAL_DATA,True,99,99,0,0,0,1,97,0,78,0,98,98,98,1194,0.0,30.0,
3451,CURRENT_RUN_REAL_DATA,True,101,101,0,0,0,5,95,0,46,1,100,100,100,1186,0.0,70.0,
3452,CURRENT_RUN_REAL_DATA,True,98,98,0,0,0,0,97,0,27,1,97,97,97,1186,2.0,42.0,
3453,CURRENT_RUN_REAL_DATA,True,108,108,0,0,0,1,106,1,0,0,107,107,107,1197,0.0,30.0,
3454,CURRENT_RUN_REAL_DATA,True,97,97,0,0,0,0,96,0,31,1,96,96,96,1186,9.0,31.0,
3455,CURRENT_RUN_REAL_DATA,True,99,99,0,0,0,1,97,1,62,0,98,98,98,1195,0.0,26.0,
3456,CURRENT_RUN_REAL_DATA,True,102,102,0,0,0,0,101,0,0,0,101,101,101,1194,2.0,29.0,
3457,CURRENT_RUN_REAL_DATA,True,136,136,0,0,0,4,131,4,10,0,135,135,135,1198,0.0,26.0,
3458,CURRENT_RUN_REAL_DATA,True,100,100,0,0,0,0,99,0,99,0,99,99,99,1190,4.0,20.0,
3459,CURRENT_RUN_REAL_DATA,True,104,104,0,0,0,0,103,0,1,1,103,103,103,1187,1.0,33.0,
3460,CURRENT_RUN_REAL_DATA,True,102,102,0,0,0,1,100,1,0,0,101,101,101,1192,0.0,22.0,
3461,CURRENT_RUN_REAL_DATA,True,106,106,0,0,0,1,104,1,9,0,105,105,105,1190,0.0,24.0,
3462,CURRENT_RUN_REAL_DATA,True,102,102,0,0,0,0,101,0,78,0,101,101,101,1194,1.0,20.0,
3463,CURRENT_RUN_REAL_DATA,True,100,100,0,0,0,0,99,0,89,0,99,99,99,1191,5.0,22.0,
3464,CURRENT_RUN_REAL_DATA,True,99,99,0,0,0,0,98,0,88,0,98,98,98,1191,9.0,21.0,
3465,CURRENT_RUN_REAL_DATA,True,100,100,0,0,0,0,99,0,90,0,99,99,99,1193,2.0,20.0,
3466,CURRENT_RUN_REAL_DATA,True,100,100,0,0,0,3,96,1,79,1,99,99,99,1195,0.0,49.0,
3467,CURRENT_RUN_REAL_DATA,True,103,103,0,0,0,0,102,0,12,0,102,102,102,1183,1.0,22.0,
3468,CURRENT_RUN_REAL_DATA,True,98,98,0,0,0,0,97,0,94,0,97,97,97,1195,9.0,30.0,
3469,CURRENT_RUN_REAL_DATA,True,98,98,0,0,0,0,97,0,66,1,97,97,97,1190,1.0,100.0,
3470,CURRENT_RUN_REAL_DATA,True,105,105,0,0,0,1,103,1,11,0,104,104,104,1191,0.0,27.0,
3471,CURRENT_RUN_REAL_DATA,True,104,104,0,0,0,1,102,1,29,0,103,103,103,1191,0.0,24.0,
3472,CURRENT_RUN_REAL_DATA,True,99,99,0,0,0,0,98,0,79,0,98,98,98,1193,2.0,30.0,
3473,CURRENT_RUN_REAL_DATA,True,99,99,0,0,0,1,97,1,35,0,98,98,98,1195,0.0,30.0,
3474,CURRENT_RUN_REAL_DATA,True,122,122,0,0,0,4,117,3,27,0,121,121,121,1198,0.0,25.0,
3475,CURRENT_RUN_REAL_DATA,True,98,98,0,0,0,0,97,0,89,0,97,97,97,1190,9.0,30.0,
3476,CURRENT_RUN_REAL_DATA,True,99,99,0,0,0,1,97,0,88,0,98,98,98,1183,0.0,22.0,
3477,CURRENT_RUN_REAL_DATA,True,99,99,0,0,0,0,98,0,93,0,98,98,98,1195,9.0,21.0,
3478,CURRENT_RUN_REAL_DATA,True,97,97,0,0,0,6,90,6,16,4,96,96,96,1186,0.0,48.0,
3479,CURRENT_RUN_REAL_DATA,True,114,114,0,0,0,5,108,5,0,1,113,113,113,1194,0.0,42.0,
3480,CURRENT_RUN_REAL_DATA,True,99,99,0,0,0,0,98,0,79,0,98,98,98,1194,9.0,21.0,
3481,CURRENT_RUN_REAL_DATA,True,133,133,0,0,0,4,128,3,38,0,132,132,132,1189,0.0,24.0,
3482,CURRENT_RUN_REAL_DATA,True,111,111,0,0,0,2,108,2,17,1,110,110,110,1194,0.0,39.0,
3483,CURRENT_RUN_REAL_DATA,True,111,111,0,0,0,2,108,2,30,0,110,110,110,1185,0.0,26.0,
3484,CURRENT_RUN_REAL_DATA,True,100,100,0,0,0,0,99,0,90,0,99,99,99,1194,1.0,21.0,
3485,CURRENT_RUN_REAL_DATA,True,98,98,0,0,0,0,97,0,87,0,97,97,97,1190,8.0,28.0,
3486,CURRENT_RUN_REAL_DATA,True,117,117,0,0,0,3,113,3,21,2,116,116,116,1172,0.0,98.0,
3487,CURRENT_RUN_REAL_DATA,True,107,107,0,0,0,0,106,0,22,0,106,106,106,1188,1.0,29.0,
3488,CURRENT_RUN_REAL_DATA,True,100,100,0,0,0,0,99,0,90,0,99,99,99,1191,3.0,21.0,
3489,CURRENT_RUN_REAL_DATA,True,111,111,0,0,0,4,106,4,15,1,110,110,110,1180,0.0,31.0,
3490,CURRENT_RUN_REAL_DATA,True,98,98,0,0,0,0,97,0,23,0,97,97,97,1191,5.0,22.0,
3491,CURRENT_RUN_REAL_DATA,True,99,99,0,0,0,0,98,0,78,0,98,98,98,1191,9.0,21.0,
3492,CURRENT_RUN_REAL_DATA,True,99,99,0,0,0,0,98,0,6,0,98,98,98,1193,9.0,21.0,
3493,CURRENT_RUN_REAL_DATA,True,100,100,0,0,0,0,99,0,89,0,99,99,99,1190,4.0,26.0,
3494,CURRENT_RUN_REAL_DATA,True,96,96,0,0,0,0,95,0,4,3,95,95,95,1188,5.0,32.0,
3495,CURRENT_RUN_REAL_DATA,True,100,100,0,0,0,0,99,0,36,0,99,99,99,1191,2.0,20.0,
3496,CURRENT_RUN_REAL_DATA,True,99,99,0,0,0,0,98,0,50,0,98,98,98,1190,9.0,21.0,
3497,CURRENT_RUN_REAL_DATA,True,97,97,0,0,0,0,96,0,87,0,96,96,96,1188,7.0,30.0,
3498,CURRENT_RUN_REAL_DATA,True,98,98,0,0,0,0,97,0,77,0,97,97,97,1191,9.0,30.0,
3499,CURRENT_RUN_REAL_DATA,True,100,100,0,0,0,0,99,0,90,0,99,99,99,1189,5.0,21.0,
3500,CURRENT_RUN_REAL_DATA,True,99,99,0,0,0,0,98,0,78,0,98,98,98,1189,8.0,22.0,
3501,CURRENT_RUN_REAL_DATA,True,115,115,0,0,0,2,112,1,32,0,114,114,114,1181,0.0,26.0,
3502,CURRENT_RUN_REAL_DATA,True,120,120,0,0,0,13,106,12,12,2,119,119,119,1190,0.0,54.0,
3503,CURRENT_RUN_REAL_DATA,True,99,99,0,0,0,0,98,0,78,0,98,98,98,1188,7.0,21.0,
3504,CURRENT_RUN_REAL_DATA,True,99,99,0,0,0,0,98,0,88,0,98,98,98,1190,8.0,29.0,
3505,CURRENT_RUN_REAL_DATA,True,100,100,0,0,0,0,99,0,27,0,99,99,99,1195,5.0,21.0,
3506,CURRENT_RUN_REAL_DATA,True,105,105,0,0,0,0,104,0,70,0,104,104,104,1198,1.0,20.0,
3507,CURRENT_RUN_REAL_DATA,True,109,109,0,0,0,0,108,0,42,0,108,108,108,1191,1.0,21.0,
3508,CURRENT_RUN_REAL_DATA,True,106,106,0,0,0,3,102,3,6,1,105,105,105,1187,0.0,39.0,
3509,CURRENT_RUN_REAL_DATA,True,99,99,0,0,0,0,98,0,78,0,98,98,98,1191,5.0,30.0,
3510,CURRENT_RUN_REAL_DATA,True,103,103,0,0,0,0,102,0,3,0,102,102,102,1191,1.0,21.0,
3511,CURRENT_RUN_REAL_DATA,True,98,98,0,0,0,0,97,0,19,0,97,97,97,1190,10.0,30.0,
3512,CURRENT_RUN_REAL_DATA,True,112,112,0,0,0,2,109,2,0,0,111,111,111,1189,0.0,24.0,
3513,CURRENT_RUN_REAL_DATA,True,100,100,0,0,0,0,99,0,79,0,99,99,99,1190,6.0,20.0,
3514,CURRENT_RUN_REAL_DATA,True,100,100,0,0,0,0,99,0,80,0,99,99,99,1191,2.0,20.0,
3515,CURRENT_RUN_REAL_DATA,True,95,95,0,0,0,1,93,0,59,2,94,94,94,1189,0.0,80.0,
3516,CURRENT_RUN_REAL_DATA,True,99,99,0,0,0,0,98,0,76,0,98,98,98,1191,8.0,22.0,
3517,CURRENT_RUN_REAL_DATA,True,99,99,0,0,0,0,98,0,88,0,98,98,98,1187,7.0,21.0,
3518,CURRENT_RUN_REAL_DATA,True,99,99,0,0,0,0,98,0,80,0,98,98,98,1188,7.0,28.0,
3519,CURRENT_RUN_REAL_DATA,True,100,100,0,0,0,0,99,0,33,0,99,99,99,1193,2.0,20.0,
3520,CURRENT_RUN_REAL_DATA,True,100,100,0,0,0,1,98,1,37,0,99,99,99,1194,0.0,24.0,
3521,CURRENT_RUN_REAL_DATA,True,100,100,0,0,0,0,99,0,89,0,99,99,99,1190,3.0,21.0,
3522,CURRENT_RUN_REAL_DATA,True,114,114,0,0,0,2,111,2,1,1,113,113,113,1189,0.0,34.0,
3523,CURRENT_RUN_REAL_DATA,True,99,99,0,0,0,0,98,0,88,0,98,98,98,1191,2.0,23.0,
3524,CURRENT_RUN_REAL_DATA,True,109,109,0,0,0,20,88,12,35,2,108,108,108,1189,0.0,135.0,
3525,CURRENT_RUN_REAL_DATA,True,99,99,0,0,0,0,98,0,3,0,98,98,98,1188,6.0,28.0,
3526,CURRENT_RUN_REAL_DATA,True,109,109,0,0,0,3,105,3,0,0,108,108,108,1188,0.0,27.0,
3527,CURRENT_RUN_REAL_DATA,True,100,100,0,0,0,0,99,0,81,0,99,99,99,1190,4.0,20.0,
3528,CURRENT_RUN_REAL_DATA,True,111,111,0,0,0,5,105,5,22,0,110,110,110,1186,0.0,24.0,
3529,CURRENT_RUN_REAL_DATA,True,127,127,0,0,0,2,124,1,32,0,126,126,126,1191,0.0,21.0,
3530,CURRENT_RUN_REAL_DATA,True,54,54,0,0,0,29,24,24,10,0,53,53,53,265,0.0,21.0,
3531,CURRENT_RUN_REAL_DATA,True,102,102,0,0,0,1,100,1,0,1,101,101,101,1181,0.0,31.0,
3532,CURRENT_RUN_REAL_DATA,True,104,104,0,0,0,0,103,0,0,0,103,103,103,1195,1.0,27.0,
3533,CURRENT_RUN_REAL_DATA,True,164,164,0,0,0,6,157,6,21,0,163,163,163,1195,0.0,24.0,
3534,CURRENT_RUN_REAL_DATA,True,99,99,0,0,0,0,98,0,16,0,98,98,98,1141,3.0,30.0,
3535,CURRENT_RUN_REAL_DATA,True,100,100,0,0,0,0,99,0,94,0,99,99,99,1193,2.0,20.0,
3536,CURRENT_RUN_REAL_DATA,True,100,100,0,0,0,0,99,0,1,0,99,99,99,1191,8.0,21.0,
3537,CURRENT_RUN_REAL_DATA,True,99,99,0,0,0,0,98,0,4,0,98,98,98,1190,4.0,20.0,
3538,CURRENT_RUN_REAL_DATA,True,105,105,0,0,0,14,90,13,55,1,104,104,104,1123,0.0,145.0,
3539,CURRENT_RUN_REAL_DATA,True,100,100,0,0,0,0,99,0,27,0,99,99,99,1191,4.0,21.0,
3540,CURRENT_RUN_REAL_DATA,True,98,98,0,0,0,0,97,0,57,0,97,97,97,1189,9.0,22.0,
3541,CURRENT_RUN_REAL_DATA,True,98,98,0,0,0,0,97,0,77,0,97,97,97,1186,1.0,21.0,
3542,CURRENT_RUN_REAL_DATA,True,131,131,0,0,0,4,126,2,26,2,130,130,130,1190,0.0,43.0,
3543,CURRENT_RUN_REAL_DATA,True,99,99,0,0,0,0,98,0,88,0,98,98,98,1190,9.0,21.0,
3544,CURRENT_RUN_REAL_DATA,True,88,88,0,0,0,0,87,0,0,1,87,87,87,1186,1.0,175.0,
3545,CURRENT_RUN_REAL_DATA,True,97,97,0,0,0,0,96,0,88,0,96,96,96,1188,7.0,30.0,
3546,CURRENT_RUN_REAL_DATA,True,99,99,0,0,0,0,98,0,78,0,98,98,98,1193,1.0,30.0,
3547,CURRENT_RUN_REAL_DATA,True,106,106,0,0,0,4,101,4,0,1,105,105,105,1179,0.0,43.0,
3548,CURRENT_RUN_REAL_DATA,True,99,99,0,0,0,0,98,0,74,0,98,98,98,1195,10.0,20.0,
3549,CURRENT_RUN_REAL_DATA,True,94,94,0,0,0,0,93,0,0,0,93,93,93,1074,1.0,25.0,
3550,CURRENT_RUN_REAL_DATA,True,100,100,0,0,0,0,99,0,79,0,99,99,99,1190,3.0,20.0,
3551,CURRENT_RUN_REAL_DATA,True,100,100,0,0,0,0,99,0,55,0,99,99,99,1191,2.0,21.0,
3552,CURRENT_RUN_REAL_DATA,True,97,97,0,0,0,0,96,0,32,1,96,96,96,1192,9.0,31.0,
3553,CURRENT_RUN_REAL_DATA,True,94,94,0,0,0,2,91,2,20,1,93,93,93,1151,0.0,90.0,
3554,CURRENT_RUN_REAL_DATA,True,99,99,0,0,0,1,97,0,88,0,98,98,98,1180,0.0,29.0,
3555,CURRENT_RUN_REAL_DATA,True,100,100,0,0,0,1,98,1,0,1,99,99,99,1195,0.0,85.0,
3556,CURRENT_RUN_REAL_DATA,True,122,122,0,0,0,0,121,0,29,0,121,121,121,1191,1.0,30.0,
3557,CURRENT_RUN_REAL_DATA,True,113,113,0,0,0,1,111,1,10,1,112,112,112,1195,0.0,32.0,
3558,CURRENT_RUN_REAL_DATA,True,98,98,0,0,0,0,97,0,5,0,97,97,97,1186,9.0,21.0,
3559,CURRENT_RUN_REAL_DATA,True,98,98,0,0,0,0,97,0,87,0,97,97,97,1193,9.0,30.0,
3560,CURRENT_RUN_REAL_DATA,True,98,98,0,0,0,0,97,0,96,0,97,97,97,1195,9.0,30.0,
3561,CURRENT_RUN_REAL_DATA,True,107,107,0,0,0,1,105,1,59,1,106,106,106,1186,0.0,132.0,
3562,CURRENT_RUN_REAL_DATA,True,109,109,0,0,0,0,108,0,11,0,108,108,108,1186,1.0,27.0,
3563,CURRENT_RUN_REAL_DATA,True,100,100,0,0,0,0,99,0,79,0,99,99,99,1187,5.0,20.0,
3564,CURRENT_RUN_REAL_DATA,True,107,107,0,0,0,0,106,0,2,0,106,106,106,1194,1.0,24.0,
3565,CURRENT_RUN_REAL_DATA,True,100,100,0,0,0,0,99,0,1,0,99,99,99,1191,2.0,20.0,
3566,CURRENT_RUN_REAL_DATA,True,132,132,0,0,0,6,125,5,12,0,131,131,131,1194,0.0,29.0,
3567,CURRENT_RUN_REAL_DATA,True,99,99,0,0,0,0,98,0,50,0,98,98,98,1190,9.0,20.0,
3568,CURRENT_RUN_REAL_DATA,True,100,100,0,0,0,0,99,0,90,0,99,99,99,1190,5.0,21.0,
3569,CURRENT_RUN_REAL_DATA,True,99,99,0,0,0,0,98,0,78,0,98,98,98,1195,10.0,20.0,
3570,CURRENT_RUN_REAL_DATA,True,105,105,0,0,0,0,104,0,21,0,104,104,104,1179,1.0,28.0,
3571,CURRENT_RUN_REAL_DATA,True,100,100,0,0,0,0,99,0,79,0,99,99,99,1191,1.0,21.0,
3572,CURRENT_RUN_REAL_DATA,True,98,98,0,0,0,0,97,0,97,0,97,97,97,1193,9.0,30.0,
3573,CURRENT_RUN_REAL_DATA,True,99,99,0,0,0,0,98,0,88,0,98,98,98,1195,9.0,21.0,
3574,CURRENT_RUN_REAL_DATA,True,100,100,0,0,0,0,99,0,90,0,99,99,99,1193,2.0,21.0,
3575,CURRENT_RUN_REAL_DATA,True,143,143,0,0,0,5,137,5,22,0,142,142,142,1191,0.0,27.0,
3576,CURRENT_RUN_REAL_DATA,True,99,99,0,0,0,8,90,8,53,2,98,98,98,1183,0.0,74.0,
3577,CURRENT_RUN_REAL_DATA,True,124,124,0,0,0,1,122,1,0,1,123,123,123,1186,0.0,31.0,
3578,CURRENT_RUN_REAL_DATA,True,100,100,0,0,0,1,98,0,79,0,99,99,99,1194,0.0,20.0,
3579,CURRENT_RUN_REAL_DATA,True,106,106,0,0,0,1,104,1,13,1,105,105,105,1187,0.0,89.0,
3580,CURRENT_RUN_REAL_DATA,True,106,106,0,0,0,1,104,1,0,0,105,105,105,1193,0.0,29.0,
3581,CURRENT_RUN_REAL_DATA,True,99,99,0,0,0,0,98,0,80,0,98,98,98,1191,4.0,30.0,
3582,CURRENT_RUN_REAL_DATA,True,100,100,0,0,0,1,98,0,89,0,99,99,99,1190,0.0,23.0,
3583,CURRENT_RUN_REAL_DATA,True,97,97,0,0,0,0,96,0,77,0,96,96,96,1186,9.0,30.0,
3584,CURRENT_RUN_REAL_DATA,True,141,141,0,0,0,7,133,6,15,0,140,140,140,1159,0.0,30.0,
3585,CURRENT_RUN_REAL_DATA,True,101,101,0,0,0,0,100,0,48,0,100,100,100,1191,3.0,21.0,
3586,CURRENT_RUN_REAL_DATA,True,118,118,0,0,0,14,103,14,58,2,117,117,117,1180,0.0,69.0,
3587,CURRENT_RUN_REAL_DATA,True,99,99,0,0,0,0,98,0,11,0,98,98,98,1190,7.0,30.0,
3588,CURRENT_RUN_REAL_DATA,True,100,100,0,0,0,0,99,0,3,0,99,99,99,1166,1.0,23.0,
3589,CURRENT_RUN_REAL_DATA,True,110,110,0,0,0,5,104,5,0,1,109,109,109,1188,0.0,73.0,
3590,CURRENT_RUN_REAL_DATA,True,100,100,0,0,0,0,99,0,80,0,99,99,99,1185,6.0,20.0,
3591,CURRENT_RUN_REAL_DATA,True,106,106,0,0,0,3,102,3,1,0,105,105,105,1189,0.0,21.0,
3592,CURRENT_RUN_REAL_DATA,True,111,111,0,0,0,2,108,1,44,0,110,110,110,1196,0.0,30.0,
3593,CURRENT_RUN_REAL_DATA,True,98,98,0,0,0,0,97,0,63,0,97,97,97,1186,7.0,28.0,
3594,CURRENT_RUN_REAL_DATA,True,125,125,0,0,0,3,121,3,1,0,124,124,124,1196,0.0,30.0,
3595,CURRENT_RUN_REAL_DATA,True,99,99,0,0,0,0,98,0,78,0,98,98,98,1195,9.0,20.0,
3596,CURRENT_RUN_REAL_DATA,True,99,99,0,0,0,0,98,0,78,0,98,98,98,1188,3.0,21.0,
3597,CURRENT_RUN_REAL_DATA,True,98,98,0,0,0,0,97,0,77,0,97,97,97,1187,6.0,30.0,
3598,CURRENT_RUN_REAL_DATA,True,100,100,0,0,0,0,99,0,91,0,99,99,99,1191,1.0,21.0,
3599,CURRENT_RUN_REAL_DATA,True,99,99,0,0,0,0,98,0,88,0,98,98,98,1187,8.0,21.0,
3600,CURRENT_RUN_REAL_DATA,True,95,95,0,0,0,5,89,5,41,3,94,94,94,1158,0.0,114.0,
3601,CURRENT_RUN_REAL_DATA,True,97,97,0,0,0,0,96,0,44,1,96,96,96,1187,1.0,142.0,
3602,CURRENT_RUN_REAL_DATA,True,99,99,0,0,0,0,98,0,88,0,98,98,98,1181,5.0,21.0,
3603,CURRENT_RUN_REAL_DATA,True,99,99,0,0,0,0,98,0,27,0,98,98,98,1190,4.0,22.0,
3604,CURRENT_RUN_REAL_DATA,True,113,113,0,0,0,4,108,3,40,0,112,112,112,1191,0.0,23.0,
3605,CURRENT_RUN_REAL_DATA,True,100,100,0,0,0,0,99,0,68,0,99,99,99,1190,2.0,21.0,
3606,CURRENT_RUN_REAL_DATA,True,147,147,0,0,0,5,141,4,11,1,146,146,146,1190,0.0,39.0,
3607,CURRENT_RUN_REAL_DATA,True,99,99,0,0,0,0,98,0,78,0,98,98,98,1190,7.0,23.0,
3608,CURRENT_RUN_REAL_DATA,True,100,100,0,0,0,3,96,0,72,2,99,99,99,1191,0.0,76.0,
3609,CURRENT_RUN_REAL_DATA,True,99,99,0,0,0,0,98,0,79,0,98,98,98,1184,5.0,21.0,
3610,CURRENT_RUN_REAL_DATA,True,116,116,0,0,0,3,112,3,29,1,115,115,115,1190,0.0,34.0,
3611,CURRENT_RUN_REAL_DATA,True,100,100,0,0,0,0,99,0,89,0,99,99,99,1191,4.0,21.0,
3612,CURRENT_RUN_REAL_DATA,True,123,123,0,0,0,1,121,1,30,0,122,122,122,1187,0.0,30.0,
3613,CURRENT_RUN_REAL_DATA,True,105,105,0,0,0,2,102,2,26,0,104,104,104,1179,0.0,28.0,
3614,CURRENT_RUN_REAL_DATA,True,99,99,0,0,0,0,98,0,88,0,98,98,98,1195,9.0,21.0,
3615,CURRENT_RUN_REAL_DATA,True,21,21,0,0,0,9,11,9,0,1,20,20,20,1154,0.0,1037.0,
3616,CURRENT_RUN_REAL_DATA,True,104,104,0,0,0,1,102,1,6,0,103,103,103,1187,0.0,21.0,
3617,CURRENT_RUN_REAL_DATA,True,99,99,0,0,0,0,98,0,78,0,98,98,98,1190,6.0,30.0,
3618,CURRENT_RUN_REAL_DATA,True,108,108,0,0,0,6,101,6,26,1,107,107,107,1191,0.0,43.0,
3619,CURRENT_RUN_REAL_DATA,True,99,99,0,0,0,0,98,0,82,0,98,98,98,1189,8.0,22.0,
3620,CURRENT_RUN_REAL_DATA,True,98,98,0,0,0,0,97,0,1,0,97,97,97,1180,9.0,21.0,
3621,CURRENT_RUN_REAL_DATA,True,100,100,0,0,0,0,99,0,89,0,99,99,99,1197,1.0,21.0,
3622,CURRENT_RUN_REAL_DATA,True,92,92,0,0,0,0,91,0,24,1,91,91,91,1187,1.0,151.0,
3623,CURRENT_RUN_REAL_DATA,True,98,98,0,0,0,0,97,0,75,0,97,97,97,1190,4.0,23.0,
3624,CURRENT_RUN_REAL_DATA,True,103,103,0,0,0,0,102,0,73,0,102,102,102,1190,3.0,21.0,
3625,CURRENT_RUN_REAL_DATA,True,117,117,0,0,0,5,111,5,0,0,116,116,116,1190,0.0,28.0,
3626,CURRENT_RUN_REAL_DATA,True,97,97,0,0,0,0,96,0,86,1,96,96,96,1189,9.0,31.0,
3627,CURRENT_RUN_REAL_DATA,True,105,105,0,0,0,1,103,1,3,1,104,104,104,1189,0.0,38.0,
3628,CURRENT_RUN_REAL_DATA,True,100,100,0,0,0,0,99,0,45,0,99,99,99,1191,3.0,22.0,
3629,CURRENT_RUN_REAL_DATA,True,96,96,0,0,0,0,95,0,89,0,95,95,95,1191,3.0,30.0,
3630,CURRENT_RUN_REAL_DATA,True,99,99,0,0,0,0,98,0,88,0,98,98,98,1179,5.0,21.0,
3631,CURRENT_RUN_REAL_DATA,True,112,112,0,0,0,16,95,16,0,2,111,111,111,1178,0.0,140.0,
3632,CURRENT_RUN_REAL_DATA,True,99,99,0,0,0,0,98,0,79,0,98,98,98,1187,6.0,27.0,
3633,CURRENT_RUN_REAL_DATA,True,112,112,0,0,0,5,106,5,0,1,111,111,111,1186,0.0,75.0,
3634,CURRENT_RUN_REAL_DATA,True,100,100,0,0,0,0,99,0,80,0,99,99,99,1195,1.0,24.0,
3635,CURRENT_RUN_REAL_DATA,True,100,100,0,0,0,0,99,0,26,0,99,99,99,1187,1.0,30.0,
3636,CURRENT_RUN_REAL_DATA,True,112,112,0,0,0,1,110,1,55,0,111,111,111,1191,0.0,30.0,
3637,CURRENT_RUN_REAL_DATA,True,174,174,0,0,0,119,54,106,21,2,173,173,173,928,0.0,441.0,
3638,CURRENT_RUN_REAL_DATA,True,99,99,0,0,0,0,98,0,78,0,98,98,98,1190,10.0,20.0,
3639,CURRENT_RUN_REAL_DATA,True,98,98,0,0,0,0,97,0,92,0,97,97,97,1186,8.0,22.0,
3640,CURRENT_RUN_REAL_DATA,True,97,97,0,0,0,0,96,0,4,1,96,96,96,1185,1.0,142.0,
3641,CURRENT_RUN_REAL_DATA,True,106,106,0,0,0,0,105,0,0,0,105,105,105,1193,1.0,21.0,
3642,CURRENT_RUN_REAL_DATA,True,97,97,0,0,0,0,96,0,90,0,96,96,96,1183,9.0,30.0,
3643,CURRENT_RUN_REAL_DATA,True,111,111,0,0,0,0,110,0,3,0,110,110,110,1190,1.0,21.0,
3644,CURRENT_RUN_REAL_DATA,True,31,31,0,0,0,4,26,4,9,5,30,30,30,1192,0.0,700.0,
3645,CURRENT_RUN_REAL_DATA,True,101,101,0,0,0,0,100,0,74,0,100,100,100,1195,2.0,24.0,
3646,CURRENT_RUN_REAL_DATA,True,97,97,0,0,0,0,96,0,87,0,96,96,96,1166,8.0,22.0,
3647,CURRENT_RUN_REAL_DATA,True,99,99,0,0,0,0,98,0,78,0,98,98,98,1188,7.0,28.0,
3648,CURRENT_RUN_REAL_DATA,True,100,100,0,0,0,0,99,0,81,0,99,99,99,1193,1.0,20.0,
3649,CURRENT_RUN_REAL_DATA,True,99,99,0,0,0,0,98,0,78,0,98,98,98,1185,1.0,21.0,
3650,CURRENT_RUN_REAL_DATA,True,100,100,0,0,0,0,99,0,79,0,99,99,99,1190,6.0,20.0,
3651,CURRENT_RUN_REAL_DATA,True,100,100,0,0,0,0,99,0,90,0,99,99,99,1191,2.0,21.0,
3652,CURRENT_RUN_REAL_DATA,True,100,100,0,0,0,0,99,0,79,0,99,99,99,1191,4.0,20.0,
3653,CURRENT_RUN_REAL_DATA,True,100,100,0,0,0,0,99,0,89,0,99,99,99,1191,3.0,21.0,
3654,CURRENT_RUN_REAL_DATA,True,102,102,0,0,0,0,101,0,0,0,101,101,101,1189,4.0,30.0,
3655,CURRENT_RUN_REAL_DATA,True,34,34,0,0,0,0,33,0,15,2,33,33,33,1048,1.0,581.0,
3656,CURRENT_RUN_REAL_DATA,True,101,101,0,0,0,2,98,0,49,2,100,100,100,1191,0.0,91.0,
3657,CURRENT_RUN_REAL_DATA,True,98,98,0,0,0,0,97,0,7,0,97,97,97,1191,9.0,30.0,
3658,CURRENT_RUN_REAL_DATA,True,100,100,0,0,0,0,99,0,80,0,99,99,99,1192,3.0,21.0,
3659,CURRENT_RUN_REAL_DATA,True,108,108,0,0,0,7,100,7,0,2,107,107,107,1191,0.0,59.0,
3660,CURRENT_RUN_REAL_DATA,True,93,93,0,0,0,1,91,0,84,0,92,92,92,1110,0.0,21.0,
3661,CURRENT_RUN_REAL_DATA,True,96,96,0,0,0,0,95,0,14,1,95,95,95,1186,8.0,31.0,
3662,CURRENT_RUN_REAL_DATA,True,143,143,0,0,0,58,84,55,17,4,142,142,142,885,0.0,52.0,
3663,CURRENT_RUN_REAL_DATA,True,99,99,0,0,0,0,98,0,93,0,98,98,98,1190,9.0,21.0,
3664,CURRENT_RUN_REAL_DATA,True,109,109,0,0,0,5,103,4,19,1,108,108,108,1192,0.0,40.0,
3665,CURRENT_RUN_REAL_DATA,True,98,98,0,0,0,0,97,0,1,0,97,97,97,1190,9.0,30.0,
3666,CURRENT_RUN_REAL_DATA,True,99,99,0,0,0,0,98,0,78,0,98,98,98,1190,6.0,22.0,
3667,CURRENT_RUN_REAL_DATA,True,100,100,0,0,0,0,99,0,79,0,99,99,99,1190,5.0,20.0,
3668,CURRENT_RUN_REAL_DATA,True,161,161,0,0,0,7,153,7,13,0,160,160,160,1186,0.0,27.0,
3669,CURRENT_RUN_REAL_DATA,True,102,102,0,0,0,0,101,0,9,0,101,101,101,1186,1.0,24.0,
3670,CURRENT_RUN_REAL_DATA,True,108,108,0,0,0,1,106,1,1,0,107,107,107,1181,0.0,21.0,
3671,CURRENT_RUN_REAL_DATA,True,105,105,0,0,0,1,103,1,0,1,104,104,104,1192,0.0,31.0,
3672,CURRENT_RUN_REAL_DATA,True,99,99,0,0,0,0,98,0,0,0,98,98,98,1190,9.0,21.0,
3673,CURRENT_RUN_REAL_DATA,True,97,97,0,0,0,0,96,0,86,0,96,96,96,1187,1.0,30.0,
3674,CURRENT_RUN_REAL_DATA,True,105,105,0,0,0,0,104,0,52,0,104,104,104,1191,1.0,20.0,
3675,CURRENT_RUN_REAL_DATA,True,133,133,0,0,0,5,127,5,27,0,132,132,132,1191,0.0,26.0,
3676,CURRENT_RUN_REAL_DATA,True,132,132,0,0,0,2,129,2,1,1,131,131,131,1192,0.0,31.0,
3677,CURRENT_RUN_REAL_DATA,True,99,99,0,0,0,0,98,0,79,0,98,98,98,1188,7.0,28.0,
3678,CURRENT_RUN_REAL_DATA,True,100,100,0,0,0,0,99,0,89,0,99,99,99,1187,6.0,20.0,
3679,CURRENT_RUN_REAL_DATA,True,99,99,0,0,0,0,98,0,78,0,98,98,98,1188,4.0,28.0,
3680,CURRENT_RUN_REAL_DATA,True,66,66,0,0,0,46,19,46,0,2,65,65,65,1195,0.0,606.0,
3681,CURRENT_RUN_REAL_DATA,True,99,99,0,0,0,0,98,0,8,0,98,98,98,1195,10.0,20.0,
3682,CURRENT_RUN_REAL_DATA,True,119,119,0,0,0,8,110,8,0,3,118,118,118,1187,0.0,102.0,
3683,CURRENT_RUN_REAL_DATA,True,100,100,0,0,0,0,99,0,79,0,99,99,99,1191,3.0,20.0,
3684,CURRENT_RUN_REAL_DATA,True,100,100,0,0,0,1,98,1,65,0,99,99,99,1194,0.0,21.0,
3685,CURRENT_RUN_REAL_DATA,True,96,96,0,0,0,4,91,4,42,1,95,95,95,1152,0.0,102.0,
3686,CURRENT_RUN_REAL_DATA,True,100,100,0,0,0,0,99,0,4,0,99,99,99,1190,6.0,20.0,
3687,CURRENT_RUN_REAL_DATA,True,99,99,0,0,0,0,98,0,9,0,98,98,98,1190,9.0,21.0,
3688,CURRENT_RUN_REAL_DATA,True,99,99,0,0,0,0,98,0,90,0,98,98,98,1188,7.0,28.0,
3689,CURRENT_RUN_REAL_DATA,True,91,91,0,0,0,1,89,1,2,1,90,90,90,1186,0.0,146.0,
3690,CURRENT_RUN_REAL_DATA,True,137,137,0,0,0,1,135,1,25,0,136,136,136,1193,0.0,30.0,
3691,CURRENT_RUN_REAL_DATA,True,106,106,0,0,0,2,103,2,30,0,105,105,105,1193,0.0,29.0,
3692,CURRENT_RUN_REAL_DATA,True,110,110,0,0,0,0,109,0,3,0,109,109,109,1189,1.0,22.0,
3693,CURRENT_RUN_REAL_DATA,True,100,100,0,0,0,0,99,0,1,0,99,99,99,1187,7.0,21.0,
3694,CURRENT_RUN_REAL_DATA,True,106,106,0,0,0,6,99,6,48,2,105,105,105,1194,0.0,37.0,
3695,CURRENT_RUN_REAL_DATA,True,100,100,0,0,0,0,99,0,95,0,99,99,99,1187,6.0,21.0,
3696,CURRENT_RUN_REAL_DATA,True,99,99,0,0,0,0,98,0,79,0,98,98,98,1190,7.0,23.0,
3697,CURRENT_RUN_REAL_DATA,True,114,114,0,0,0,3,110,2,26,1,113,113,113,1193,0.0,32.0,
3698,CURRENT_RUN_REAL_DATA,True,100,100,0,0,0,0,99,0,89,0,99,99,99,1190,4.0,20.0,
3699,CURRENT_RUN_REAL_DATA,True,97,97,0,0,0,1,95,1,50,2,96,96,96,1191,0.0,69.0,
3700,CURRENT_RUN_REAL_DATA,True,107,107,0,0,0,0,106,0,16,0,106,106,106,1184,1.0,23.0,
3701,CURRENT_RUN_REAL_DATA,True,99,99,0,0,0,0,98,0,88,0,98,98,98,1194,9.0,21.0,
3702,CURRENT_RUN_REAL_DATA,True,108,108,0,0,0,2,105,2,9,0,107,107,107,1191,0.0,30.0,
3703,CURRENT_RUN_REAL_DATA,True,100,100,0,0,0,0,99,0,79,0,99,99,99,1194,1.0,21.0,
3704,CURRENT_RUN_REAL_DATA,True,113,113,0,0,0,3,109,3,22,0,112,112,112,1190,0.0,25.0,
3705,CURRENT_RUN_REAL_DATA,True,99,99,0,0,0,0,98,0,77,0,98,98,98,1190,5.0,29.0,
3706,CURRENT_RUN_REAL_DATA,True,100,100,0,0,0,0,99,0,35,0,99,99,99,1190,1.0,20.0,
3707,CURRENT_RUN_REAL_DATA,True,105,105,0,0,0,6,98,4,15,3,104,104,104,1188,0.0,76.0,
3708,CURRENT_RUN_REAL_DATA,True,107,107,0,0,0,0,106,0,3,0,106,106,106,1189,1.0,29.0,
3709,CURRENT_RUN_REAL_DATA,True,111,111,0,0,0,2,108,1,32,0,110,110,110,1186,0.0,25.0,
3710,CURRENT_RUN_REAL_DATA,True,130,130,0,0,0,3,126,3,19,1,129,129,129,1190,0.0,32.0,
3711,CURRENT_RUN_REAL_DATA,True,98,98,0,0,0,0,97,0,23,0,97,97,97,1186,5.0,23.0,
3712,CURRENT_RUN_REAL_DATA,True,98,98,0,0,0,0,97,0,87,0,97,97,97,1194,9.0,21.0,
3713,CURRENT_RUN_REAL_DATA,True,100,100,0,0,0,0,99,0,81,0,99,99,99,1187,6.0,20.0,
3714,CURRENT_RUN_REAL_DATA,True,121,121,0,0,0,5,115,5,38,0,120,120,120,1122,0.0,30.0,
3715,CURRENT_RUN_REAL_DATA,True,98,98,0,0,0,0,97,0,0,0,97,97,97,1190,9.0,30.0,
3716,CURRENT_RUN_REAL_DATA,True,108,108,0,0,0,0,107,0,22,0,107,107,107,1194,1.0,23.0,
3717,CURRENT_RUN_REAL_DATA,True,99,99,0,0,0,0,98,0,16,0,98,98,98,1186,1.0,22.0,
3718,CURRENT_RUN_REAL_DATA,True,99,99,0,0,0,0,98,0,88,0,98,98,98,1181,2.0,22.0,
3719,CURRENT_RUN_REAL_DATA,True,100,100,0,0,0,0,99,0,82,0,99,99,99,1193,1.0,21.0,
3720,CURRENT_RUN_REAL_DATA,True,100,100,0,0,0,1,98,0,89,0,99,99,99,1189,0.0,23.0,
3721,CURRENT_RUN_REAL_DATA,True,108,108,0,0,0,0,107,0,4,0,107,107,107,1194,1.0,24.0,
3722,CURRENT_RUN_REAL_DATA,True,110,110,0,0,0,2,107,2,34,0,109,109,109,1191,0.0,20.0,
3723,CURRENT_RUN_REAL_DATA,True,105,105,0,0,0,0,104,0,20,0,104,104,104,1188,1.0,30.0,
3724,CURRENT_RUN_REAL_DATA,True,117,117,0,0,0,4,112,4,10,0,116,116,116,1186,0.0,26.0,
3725,CURRENT_RUN_REAL_DATA,True,104,104,0,0,0,0,103,0,0,1,103,103,103,1194,1.0,123.0,
3726,CURRENT_RUN_REAL_DATA,True,100,100,0,0,0,0,99,0,81,0,99,99,99,1190,2.0,21.0,
3727,CURRENT_RUN_REAL_DATA,True,129,129,0,0,0,7,121,7,27,1,128,128,128,1192,0.0,31.0,
3728,CURRENT_RUN_REAL_DATA,True,100,100,0,0,0,0,99,0,79,0,99,99,99,1190,4.0,20.0,
3729,CURRENT_RUN_REAL_DATA,True,106,106,0,0,0,4,101,4,28,1,105,105,105,1162,0.0,141.0,
3730,CURRENT_RUN_REAL_DATA,True,97,97,0,0,0,1,95,0,79,0,96,96,96,1141,0.0,29.0,
3731,CURRENT_RUN_REAL_DATA,True,103,103,0,0,0,1,101,1,52,0,102,102,102,1163,0.0,21.0,
3732,CURRENT_RUN_REAL_DATA,True,117,117,0,0,0,0,116,0,26,0,116,116,116,1195,1.0,21.0,
3733,CURRENT_RUN_REAL_DATA,True,128,128,0,0,0,8,119,7,36,1,127,127,127,1180,0.0,52.0,
3734,CURRENT_RUN_REAL_DATA,True,104,104,0,0,0,11,92,11,0,2,103,103,103,1161,0.0,71.0,
3735,CURRENT_RUN_REAL_DATA,True,115,115,0,0,0,1,113,1,17,0,114,114,114,1185,0.0,30.0,
3736,CURRENT_RUN_REAL_DATA,True,108,108,0,0,0,1,106,1,69,0,107,107,107,1196,0.0,21.0,
3737,CURRENT_RUN_REAL_DATA,True,177,177,0,0,0,8,168,7,27,0,176,176,176,1192,0.0,22.0,
3738,CURRENT_RUN_REAL_DATA,True,151,151,0,0,0,8,142,8,19,0,150,150,150,1192,0.0,24.0,
3739,CURRENT_RUN_REAL_DATA,True,100,100,0,0,0,0,99,0,92,0,99,99,99,1187,6.0,28.0,
3740,CURRENT_RUN_REAL_DATA,True,101,101,0,0,0,2,98,1,18,1,100,100,100,1194,0.0,112.0,
3741,CURRENT_RUN_REAL_DATA,True,98,98,0,0,0,0,97,0,87,0,97,97,97,1186,7.0,22.0,
3742,CURRENT_RUN_REAL_DATA,True,128,128,0,0,0,32,95,27,25,1,127,127,127,971,0.0,55.0,
3743,CURRENT_RUN_REAL_DATA,True,97,97,0,0,0,0,96,0,90,0,96,96,96,1186,9.0,30.0,
3744,CURRENT_RUN_REAL_DATA,True,127,127,0,0,0,6,120,6,25,0,126,126,126,1128,0.0,30.0,
3745,CURRENT_RUN_REAL_DATA,True,150,150,0,0,0,4,145,4,13,1,149,149,149,1188,0.0,35.0,
3746,CURRENT_RUN_REAL_DATA,True,109,109,0,0,0,3,105,2,18,1,108,108,108,1189,0.0,34.0,
3747,CURRENT_RUN_REAL_DATA,True,100,100,0,0,0,1,98,1,24,0,99,99,99,1166,0.0,22.0,
3748,CURRENT_RUN_REAL_DATA,True,119,119,0,0,0,2,116,2,14,0,118,118,118,1185,0.0,30.0,
3749,CURRENT_RUN_REAL_DATA,True,100,100,0,0,0,0,99,0,90,0,99,99,99,1191,4.0,21.0,
3750,CURRENT_RUN_REAL_DATA,True,105,105,0,0,0,8,96,8,31,1,104,104,104,1194,0.0,53.0,
3751,CURRENT_RUN_REAL_DATA,True,104,104,0,0,0,2,101,2,59,0,103,103,103,1195,0.0,21.0,
3752,CURRENT_RUN_REAL_DATA,True,105,105,0,0,0,0,104,0,22,0,104,104,104,1192,1.0,30.0,
3753,CURRENT_RUN_REAL_DATA,True,100,100,0,0,0,11,88,11,0,6,99,99,99,1191,0.0,41.0,
3754,CURRENT_RUN_REAL_DATA,True,104,104,0,0,0,2,101,2,81,0,103,103,103,1190,0.0,21.0,
3755,CURRENT_RUN_REAL_DATA,True,102,102,0,0,0,3,98,3,22,2,101,101,101,1189,0.0,41.0,
3756,CURRENT_RUN_REAL_DATA,True,97,97,0,0,0,0,96,0,86,0,96,96,96,1187,7.0,30.0,
3757,CURRENT_RUN_REAL_DATA,True,99,99,0,0,0,0,98,0,78,0,98,98,98,1189,7.0,23.0,
3758,CURRENT_RUN_REAL_DATA,True,105,105,0,0,0,0,104,0,37,0,104,104,104,1190,2.0,24.0,
3759,CURRENT_RUN_REAL_DATA,True,143,143,0,0,0,8,134,7,36,0,142,142,142,1197,0.0,30.0,
3760,CURRENT_RUN_REAL_DATA,True,99,99,0,0,0,0,98,0,1,0,98,98,98,1190,9.0,21.0,
3761,CURRENT_RUN_REAL_DATA,True,113,113,0,0,0,0,112,0,0,0,112,112,112,1189,1.0,26.0,
3762,CURRENT_RUN_REAL_DATA,True,100,100,0,0,0,0,99,0,46,0,99,99,99,1193,1.0,21.0,
3763,CURRENT_RUN_REAL_DATA,True,99,99,0,0,0,0,98,0,33,0,98,98,98,1188,7.0,28.0,
3764,CURRENT_RUN_REAL_DATA,True,101,101,0,0,0,0,100,0,91,0,100,100,100,1190,5.0,23.0,
3765,CURRENT_RUN_REAL_DATA,True,99,99,0,0,0,0,98,0,98,0,98,98,98,1180,5.0,21.0,
3766,CURRENT_RUN_REAL_DATA,True,103,103,0,0,0,0,102,0,47,0,102,102,102,1189,1.0,22.0,
3767,CURRENT_RUN_REAL_DATA,True,122,122,0,0,0,4,117,4,15,0,121,121,121,1188,0.0,30.0,
3768,CURRENT_RUN_REAL_DATA,True,103,103,0,0,0,8,94,6,72,1,102,102,102,1148,0.0,56.0,
3769,CURRENT_RUN_REAL_DATA,True,100,100,0,0,0,1,98,0,93,0,99,99,99,1194,0.0,21.0,
3770,CURRENT_RUN_REAL_DATA,True,95,95,0,0,0,0,94,0,62,1,94,94,94,1198,1.0,115.0,
3771,CURRENT_RUN_REAL_DATA,True,100,100,0,0,0,0,99,0,81,0,99,99,99,1191,2.0,20.0,
3772,CURRENT_RUN_REAL_DATA,True,99,99,0,0,0,0,98,0,98,0,98,98,98,1188,7.0,28.0,
3773,CURRENT_RUN_REAL_DATA,True,99,99,0,0,0,0,98,0,78,0,98,98,98,1195,9.0,20.0,
3774,CURRENT_RUN_REAL_DATA,True,99,99,0,0,0,0,98,0,89,0,98,98,98,1187,6.0,30.0,
3775,CURRENT_RUN_REAL_DATA,True,96,96,0,0,0,0,95,0,87,1,95,95,95,1190,9.0,31.0,
3776,CURRENT_RUN_REAL_DATA,True,120,120,0,0,0,8,111,7,25,1,119,119,119,1192,0.0,32.0,
3777,CURRENT_RUN_REAL_DATA,True,99,99,0,0,0,0,98,0,90,0,98,98,98,1191,5.0,30.0,
3778,CURRENT_RUN_REAL_DATA,True,106,106,0,0,0,0,105,0,18,0,105,105,105,1190,1.0,30.0,
3779,CURRENT_RUN_REAL_DATA,True,104,104,0,0,0,2,101,2,75,0,103,103,103,1194,0.0,23.0,
3780,CURRENT_RUN_REAL_DATA,True,151,151,0,0,0,2,148,2,17,0,150,150,150,1192,0.0,29.0,
3781,CURRENT_RUN_REAL_DATA,True,99,99,0,0,0,1,97,0,64,0,98,98,98,1186,0.0,22.0,
3782,CURRENT_RUN_REAL_DATA,True,116,116,0,0,0,2,113,2,10,0,115,115,115,1194,0.0,30.0,
3783,CURRENT_RUN_REAL_DATA,True,102,102,0,0,0,4,97,2,77,2,101,101,101,1191,0.0,69.0,
3784,CURRENT_RUN_REAL_DATA,True,100,100,0,0,0,0,99,0,79,0,99,99,99,1191,2.0,21.0,
3785,CURRENT_RUN_REAL_DATA,True,108,108,0,0,0,0,107,0,13,0,107,107,107,1192,1.0,25.0,
3786,CURRENT_RUN_REAL_DATA,True,102,102,0,0,0,0,101,0,75,0,101,101,101,1190,1.0,22.0,
3787,CURRENT_RUN_REAL_DATA,True,100,100,0,0,0,0,99,0,89,0,99,99,99,1191,6.0,21.0,
3788,CURRENT_RUN_REAL_DATA,True,105,105,0,0,0,0,104,0,37,0,104,104,104,1189,1.0,23.0,
3789,CURRENT_RUN_REAL_DATA,True,124,124,0,0,0,8,115,5,38,3,123,123,123,1186,0.0,54.0,
3790,CURRENT_RUN_REAL_DATA,True,98,98,0,0,0,0,97,0,9,0,97,97,97,1129,3.0,22.0,
3791,CURRENT_RUN_REAL_DATA,True,99,99,0,0,0,0,98,0,6,0,98,98,98,1190,7.0,30.0,
3792,CURRENT_RUN_REAL_DATA,True,99,99,0,0,0,0,98,0,92,0,98,98,98,1194,9.0,21.0,
3793,CURRENT_RUN_REAL_DATA,True,98,98,0,0,0,0,97,0,88,0,97,97,97,1195,9.0,29.0,
3794,CURRENT_RUN_REAL_DATA,True,99,99,0,0,0,0,98,0,93,0,98,98,98,1195,8.0,22.0,
3795,CURRENT_RUN_REAL_DATA,True,100,100,0,0,0,0,99,0,78,0,99,99,99,1190,4.0,20.0,
3796,CURRENT_RUN_REAL_DATA,True,135,135,0,0,0,7,127,7,18,1,134,134,134,1187,0.0,161.0,
3797,CURRENT_RUN_REAL_DATA,True,112,112,0,0,0,11,100,10,8,2,111,111,111,1191,0.0,99.0,
3798,CURRENT_RUN_REAL_DATA,True,100,100,0,0,0,0,99,0,90,0,99,99,99,1195,1.0,20.0,
3799,CURRENT_RUN_REAL_DATA,True,112,112,0,0,0,4,107,4,21,2,111,111,111,1194,0.0,40.0,
3800,CURRENT_RUN_REAL_DATA,True,102,102,0,0,0,0,101,0,79,0,101,101,101,1197,1.0,30.0,
3801,CURRENT_RUN_REAL_DATA,True,93,93,0,0,0,0,92,0,27,1,92,92,92,1186,2.0,110.0,
3802,CURRENT_RUN_REAL_DATA,True,97,97,0,0,0,0,96,0,86,0,96,96,96,1186,9.0,29.0,
3803,CURRENT_RUN_REAL_DATA,True,100,100,0,0,0,0,99,0,89,0,99,99,99,1190,3.0,21.0,
3804,CURRENT_RUN_REAL_DATA,True,100,100,0,0,0,0,99,0,94,0,99,99,99,1191,4.0,21.0,
3805,CURRENT_RUN_REAL_DATA,True,107,107,0,0,0,0,106,0,15,0,106,106,106,1192,1.0,21.0,
3806,CURRENT_RUN_REAL_DATA,True,100,100,0,0,0,0,99,0,89,0,99,99,99,1193,2.0,20.0,
3807,CURRENT_RUN_REAL_DATA,True,100,100,0,0,0,0,99,0,10,0,99,99,99,1190,4.0,20.0,
3808,CURRENT_RUN_REAL_DATA,True,100,100,0,0,0,0,99,0,89,0,99,99,99,1190,5.0,20.0,
3809,CURRENT_RUN_REAL_DATA,True,99,99,0,0,0,0,98,0,0,0,98,98,98,1194,10.0,20.0,
3810,CURRENT_RUN_REAL_DATA,True,98,98,0,0,0,0,97,0,1,0,97,97,97,1190,5.0,30.0,
3811,CURRENT_RUN_REAL_DATA,True,113,113,0,0,0,3,109,2,15,0,112,112,112,1195,0.0,24.0,
3812,CURRENT_RUN_REAL_DATA,True,109,109,0,0,0,2,106,2,57,1,108,108,108,1191,0.0,59.0,
3813,CURRENT_RUN_REAL_DATA,True,100,100,0,0,0,0,99,0,0,0,99,99,99,1193,1.0,21.0,
3814,CURRENT_RUN_REAL_DATA,True,141,141,0,0,0,4,136,4,10,1,140,140,140,1195,0.0,38.0,
3815,CURRENT_RUN_REAL_DATA,True,101,101,0,0,0,0,100,0,1,0,100,100,100,1198,1.0,27.0,
3816,CURRENT_RUN_REAL_DATA,True,100,100,0,0,0,1,98,1,43,1,99,99,99,1184,0.0,37.0,
3817,CURRENT_RUN_REAL_DATA,True,101,101,0,0,0,1,99,1,35,0,100,100,100,1193,0.0,24.0,
3818,CURRENT_RUN_REAL_DATA,True,117,117,0,0,0,8,108,7,28,1,116,116,116,1194,0.0,36.0,
3819,CURRENT_RUN_REAL_DATA,True,125,125,0,0,0,12,112,10,9,1,124,124,124,1186,0.0,59.0,
3820,CURRENT_RUN_REAL_DATA,True,102,102,0,0,0,0,101,0,1,0,101,101,101,1189,2.0,22.0,
3821,CURRENT_RUN_REAL_DATA,True,100,100,0,0,0,0,99,0,89,0,99,99,99,1191,3.0,21.0,
3822,CURRENT_RUN_REAL_DATA,True,98,98,0,0,0,3,94,3,0,4,97,97,97,1190,0.0,40.0,
3823,CURRENT_RUN_REAL_DATA,True,106,106,0,0,0,4,101,4,7,1,105,105,105,1196,0.0,43.0,
3824,CURRENT_RUN_REAL_DATA,True,117,117,0,0,0,0,116,0,12,0,116,116,116,1193,1.0,23.0,
3825,CURRENT_RUN_REAL_DATA,True,108,108,0,0,0,3,104,2,33,0,107,107,107,1193,0.0,24.0,
3826,CURRENT_RUN_REAL_DATA,True,105,105,0,0,0,1,103,1,15,0,104,104,104,1180,0.0,30.0,
3827,CURRENT_RUN_REAL_DATA,True,100,100,0,0,0,0,99,0,93,0,99,99,99,1194,1.0,21.0,
3828,CURRENT_RUN_REAL_DATA,True,113,113,0,0,0,4,108,4,10,1,112,112,112,1194,0.0,37.0,
3829,CURRENT_RUN_REAL_DATA,True,99,99,0,0,0,0,98,0,1,0,98,98,98,1181,1.0,27.0,
3830,CURRENT_RUN_REAL_DATA,True,99,99,0,0,0,0,98,0,66,0,98,98,98,1190,2.0,30.0,
3831,CURRENT_RUN_REAL_DATA,True,110,110,0,0,0,22,87,20,31,1,109,109,109,1168,0.0,187.0,
3832,CURRENT_RUN_REAL_DATA,True,99,99,0,0,0,0,98,0,1,0,98,98,98,1181,5.0,21.0,
3833,CURRENT_RUN_REAL_DATA,True,100,100,0,0,0,0,99,0,89,0,99,99,99,1193,2.0,21.0,
3834,CURRENT_RUN_REAL_DATA,True,133,133,0,0,0,13,119,12,6,0,132,132,132,1186,0.0,30.0,
3835,CURRENT_RUN_REAL_DATA,True,104,104,0,0,0,0,103,0,27,0,103,103,103,1165,1.0,24.0,
3836,CURRENT_RUN_REAL_DATA,True,98,98,0,0,0,0,97,0,90,0,97,97,97,1186,9.0,22.0,
3837,CURRENT_RUN_REAL_DATA,True,99,99,0,0,0,0,98,0,78,0,98,98,98,1188,5.0,21.0,
3838,CURRENT_RUN_REAL_DATA,True,124,124,0,0,0,13,110,12,23,1,123,123,123,1187,0.0,100.0,
3839,CURRENT_RUN_REAL_DATA,True,110,110,0,0,0,1,108,0,41,0,109,109,109,1191,0.0,24.0,
3840,CURRENT_RUN_REAL_DATA,True,99,99,0,0,0,0,98,0,0,0,98,98,98,1188,6.0,28.0,
3841,CURRENT_RUN_REAL_DATA,True,99,99,0,0,0,0,98,0,78,0,98,98,98,1190,7.0,30.0,
3842,CURRENT_RUN_REAL_DATA,True,99,99,0,0,0,0,98,0,6,0,98,98,98,1188,6.0,30.0,
3843,CURRENT_RUN_REAL_DATA,True,99,99,0,0,0,0,98,0,90,0,98,98,98,1189,6.0,22.0,
3844,CURRENT_RUN_REAL_DATA,True,132,132,0,0,0,8,123,8,23,0,131,131,131,1196,0.0,30.0,
3845,CURRENT_RUN_REAL_DATA,True,99,99,0,0,0,1,97,0,89,0,98,98,98,1188,0.0,22.0,
3846,CURRENT_RUN_REAL_DATA,True,101,101,0,0,0,1,99,1,29,0,100,100,100,1194,0.0,21.0,
3847,CURRENT_RUN_REAL_DATA,True,109,109,0,0,0,7,101,7,19,1,108,108,108,1189,0.0,76.0,
3848,CURRENT_RUN_REAL_DATA,True,100,100,0,0,0,1,98,0,89,0,99,99,99,1193,0.0,22.0,
3849,CURRENT_RUN_REAL_DATA,True,99,99,0,0,0,0,98,0,78,0,98,98,98,1188,7.0,28.0,
3850,CURRENT_RUN_REAL_DATA,True,100,100,0,0,0,0,99,0,89,0,99,99,99,1189,1.0,22.0,
3851,CURRENT_RUN_REAL_DATA,True,98,98,0,0,0,0,97,0,90,0,97,97,97,1186,8.0,22.0,
3852,CURRENT_RUN_REAL_DATA,True,100,100,0,0,0,0,99,0,79,0,99,99,99,1191,6.0,21.0,
3853,CURRENT_RUN_REAL_DATA,True,160,160,0,0,0,14,145,14,16,0,159,159,159,1193,0.0,25.0,
3854,CURRENT_RUN_REAL_DATA,True,98,98,0,0,0,0,97,0,91,0,97,97,97,1188,6.0,30.0,
3855,CURRENT_RUN_REAL_DATA,True,107,107,0,0,0,1,105,1,33,0,106,106,106,1182,0.0,25.0,
3856,CURRENT_RUN_REAL_DATA,True,106,106,0,0,0,4,101,4,5,1,105,105,105,1194,0.0,60.0,
3857,CURRENT_RUN_REAL_DATA,True,97,97,0,0,0,0,96,0,91,0,96,96,96,1191,7.0,30.0,
3858,CURRENT_RUN_REAL_DATA,True,100,100,0,0,0,0,99,0,12,1,99,99,99,1190,1.0,60.0,
3859,CURRENT_RUN_REAL_DATA,True,97,97,0,0,0,0,96,0,91,2,96,96,96,1190,6.0,31.0,
3860,CURRENT_RUN_REAL_DATA,True,105,105,0,0,0,3,101,3,19,1,104,104,104,1129,0.0,34.0,
3861,CURRENT_RUN_REAL_DATA,True,103,103,0,0,0,0,102,0,20,0,102,102,102,1191,1.0,20.0,
3862,CURRENT_RUN_REAL_DATA,True,99,99,0,0,0,0,98,0,26,0,98,98,98,1195,9.0,21.0,
3863,CURRENT_RUN_REAL_DATA,True,139,139,0,0,0,6,132,6,18,0,138,138,138,1191,0.0,23.0,
3864,CURRENT_RUN_REAL_DATA,True,107,107,0,0,0,14,92,10,12,2,106,106,106,1144,0.0,81.0,
3865,CURRENT_RUN_REAL_DATA,True,98,98,0,0,0,0,97,0,77,0,97,97,97,1184,9.0,21.0,
3866,CURRENT_RUN_REAL_DATA,True,98,98,0,0,0,0,97,0,90,0,97,97,97,1186,8.0,22.0,
3867,CURRENT_RUN_REAL_DATA,True,99,99,0,0,0,0,98,0,90,0,98,98,98,1186,6.0,21.0,
3868,CURRENT_RUN_REAL_DATA,True,87,87,0,0,0,0,86,0,0,0,86,86,86,1036,6.0,24.0,
3869,CURRENT_RUN_REAL_DATA,True,106,106,0,0,0,0,105,0,50,0,105,105,105,1191,1.0,28.0,
3870,CURRENT_RUN_REAL_DATA,True,98,98,0,0,0,0,97,0,77,0,97,97,97,1195,9.0,30.0,
3871,CURRENT_RUN_REAL_DATA,True,107,107,0,0,0,0,106,0,21,0,106,106,106,1194,2.0,23.0,
3872,CURRENT_RUN_REAL_DATA,True,99,99,0,0,0,0,98,0,78,0,98,98,98,1188,6.0,28.0,
3873,CURRENT_RUN_REAL_DATA,True,109,109,0,0,0,3,105,2,16,0,108,108,108,1192,0.0,29.0,
3874,CURRENT_RUN_REAL_DATA,True,95,95,0,0,0,4,90,4,38,2,94,94,94,1188,0.0,102.0,
3875,CURRENT_RUN_REAL_DATA,True,99,99,0,0,0,0,98,0,78,0,98,98,98,1189,7.0,23.0,
3876,CURRENT_RUN_REAL_DATA,True,138,138,0,0,0,17,120,17,25,2,137,137,137,1164,0.0,47.0,
3877,CURRENT_RUN_REAL_DATA,True,105,105,0,0,0,2,102,0,19,1,104,104,104,1187,0.0,41.0,
3878,CURRENT_RUN_REAL_DATA,True,96,96,0,0,0,0,95,0,75,0,95,95,95,1180,5.0,30.0,
3879,CURRENT_RUN_REAL_DATA,True,101,101,0,0,0,1,99,1,0,0,100,100,100,1191,0.0,21.0,
3880,CURRENT_RUN_REAL_DATA,True,98,98,0,0,0,0,97,0,78,0,97,97,97,1195,9.0,30.0,
3881,CURRENT_RUN_REAL_DATA,True,98,98,0,0,0,0,97,0,30,0,97,97,97,1188,6.0,30.0,
3882,CURRENT_RUN_REAL_DATA,True,105,105,0,0,0,0,104,0,1,0,104,104,104,1186,1.0,21.0,
3883,CURRENT_RUN_REAL_DATA,True,114,114,0,0,0,5,108,5,12,1,113,113,113,1191,0.0,41.0,
3884,CURRENT_RUN_REAL_DATA,True,100,100,0,0,0,0,99,0,89,0,99,99,99,1191,4.0,20.0,
3885,CURRENT_RUN_REAL_DATA,True,99,99,0,0,0,0,98,0,90,0,98,98,98,1190,4.0,30.0,
3886,CURRENT_RUN_REAL_DATA,True,100,100,0,0,0,7,92,7,15,3,99,99,99,1196,0.0,113.0,
3887,CURRENT_RUN_REAL_DATA,True,102,102,0,0,0,0,101,0,68,0,101,101,101,1191,3.0,21.0,
3888,CURRENT_RUN_REAL_DATA,True,100,100,0,0,0,0,99,0,0,0,99,99,99,1190,5.0,20.0,
3889,CURRENT_RUN_REAL_DATA,True,96,96,0,0,0,0,95,0,56,1,95,95,95,1193,1.0,103.0,
3890,CURRENT_RUN_REAL_DATA,True,95,95,0,0,0,6,88,6,6,2,94,94,94,1190,0.0,120.0,
3891,CURRENT_RUN_REAL_DATA,True,98,98,0,0,0,0,97,0,77,0,97,97,97,1185,8.0,22.0,
3892,CURRENT_RUN_REAL_DATA,True,92,92,0,0,0,0,91,0,30,1,91,91,91,1187,2.0,149.0,
3893,CURRENT_RUN_REAL_DATA,True,101,101,0,0,0,0,100,0,90,0,100,100,100,1194,1.0,22.0,
3894,CURRENT_RUN_REAL_DATA,True,113,113,0,0,0,1,111,1,1,1,112,112,112,1186,0.0,31.0,
3895,CURRENT_RUN_REAL_DATA,True,100,100,0,0,0,0,99,0,75,0,99,99,99,1191,4.0,21.0,
3896,CURRENT_RUN_REAL_DATA,True,100,100,0,0,0,0,99,0,79,0,99,99,99,1187,6.0,20.0,
3897,CURRENT_RUN_REAL_DATA,True,100,100,0,0,0,0,99,0,91,0,99,99,99,1189,1.0,22.0,
3898,CURRENT_RUN_REAL_DATA,True,99,99,0,0,0,0,98,0,88,0,98,98,98,1190,6.0,30.0,
3899,CURRENT_RUN_REAL_DATA,True,99,99,0,0,0,1,97,0,88,0,98,98,98,1186,0.0,21.0,
3900,CURRENT_RUN_REAL_DATA,True,101,101,0,0,0,0,100,0,80,0,100,100,100,1189,6.0,21.0,
3901,CURRENT_RUN_REAL_DATA,True,103,103,0,0,0,1,101,0,38,0,102,102,102,1186,0.0,23.0,
3902,CURRENT_RUN_REAL_DATA,True,128,128,0,0,0,5,122,5,7,0,127,127,127,1186,0.0,30.0,
3903,CURRENT_RUN_REAL_DATA,True,108,108,0,0,0,1,106,1,71,0,107,107,107,1188,0.0,22.0,
3904,CURRENT_RUN_REAL_DATA,True,107,107,0,0,0,6,100,6,12,1,106,106,106,1186,0.0,59.0,
3905,CURRENT_RUN_REAL_DATA,True,98,98,0,0,0,0,97,0,87,0,97,97,97,1186,9.0,21.0,
3906,CURRENT_RUN_REAL_DATA,True,100,100,0,0,0,0,99,0,0,0,99,99,99,1190,5.0,21.0,
3907,CURRENT_RUN_REAL_DATA,True,98,98,0,0,0,0,97,0,87,0,97,97,97,1180,3.0,30.0,
3908,CURRENT_RUN_REAL_DATA,True,104,104,0,0,0,1,102,1,18,1,103,103,103,1176,0.0,40.0,
3909,CURRENT_RUN_REAL_DATA,True,131,131,0,0,0,8,122,8,0,1,130,130,130,1195,0.0,34.0,
3910,CURRENT_RUN_REAL_DATA,True,99,99,0,0,0,0,98,0,88,0,98,98,98,1195,9.0,21.0,
3911,CURRENT_RUN_REAL_DATA,True,133,133,0,0,0,49,83,48,17,1,132,132,132,950,0.0,104.0,
3912,CURRENT_RUN_REAL_DATA,True,100,100,0,0,0,0,99,0,93,0,99,99,99,1191,4.0,21.0,
3913,CURRENT_RUN_REAL_DATA,True,117,117,0,0,0,2,114,2,17,1,116,116,116,1190,0.0,45.0,
3914,CURRENT_RUN_REAL_DATA,True,99,99,0,0,0,0,98,0,9,0,98,98,98,1187,1.0,30.0,
3915,CURRENT_RUN_REAL_DATA,True,98,98,0,0,0,3,94,3,68,1,97,97,97,1188,0.0,77.0,
3916,CURRENT_RUN_REAL_DATA,True,100,100,0,0,0,1,98,0,90,0,99,99,99,1151,0.0,21.0,
3917,CURRENT_RUN_REAL_DATA,True,97,97,0,0,0,0,96,0,91,0,96,96,96,1188,7.0,30.0,
3918,CURRENT_RUN_REAL_DATA,True,98,98,0,0,0,0,97,0,77,0,97,97,97,1188,1.0,29.0,
3919,CURRENT_RUN_REAL_DATA,True,67,67,0,0,0,5,61,1,47,2,66,66,66,791,0.0,43.0,
3920,CURRENT_RUN_REAL_DATA,True,99,99,0,0,0,1,97,0,88,1,98,98,98,1186,0.0,32.0,
3921,CURRENT_RUN_REAL_DATA,True,100,100,0,0,0,3,96,0,80,1,99,99,99,1186,0.0,76.0,
3922,CURRENT_RUN_REAL_DATA,True,107,107,0,0,0,1,105,1,26,0,106,106,106,1194,0.0,23.0,
3923,CURRENT_RUN_REAL_DATA,True,113,113,0,0,0,0,112,0,13,0,112,112,112,1195,1.0,30.0,
3924,CURRENT_RUN_REAL_DATA,True,100,100,0,0,0,0,99,0,89,0,99,99,99,1193,1.0,21.0,
3925,CURRENT_RUN_REAL_DATA,True,100,100,0,0,0,0,99,0,79,0,99,99,99,1191,2.0,21.0,
3926,CURRENT_RUN_REAL_DATA,True,99,99,0,0,0,0,98,0,0,0,98,98,98,1189,6.0,22.0,
3927,CURRENT_RUN_REAL_DATA,True,100,100,0,0,0,0,99,0,93,0,99,99,99,1193,3.0,21.0,
3928,CURRENT_RUN_REAL_DATA,True,107,107,0,0,0,1,105,1,14,1,106,106,106,1175,0.0,31.0,
3929,CURRENT_RUN_REAL_DATA,True,113,113,0,0,0,6,106,6,22,2,112,112,112,1169,0.0,45.0,
3930,CURRENT_RUN_REAL_DATA,True,129,129,0,0,0,7,121,6,25,1,128,128,128,1188,0.0,34.0,
3931,CURRENT_RUN_REAL_DATA,True,93,93,0,0,0,8,84,0,82,3,92,92,92,1186,0.0,143.0,
3932,CURRENT_RUN_REAL_DATA,True,103,103,0,0,0,0,102,0,0,0,102,102,102,1193,2.0,21.0,
3933,CURRENT_RUN_REAL_DATA,True,104,104,0,0,0,0,103,0,55,0,103,103,103,1190,2.0,22.0,
3934,CURRENT_RUN_REAL_DATA,True,102,102,0,0,0,0,101,0,32,0,101,101,101,1176,1.0,23.0,
3935,CURRENT_RUN_REAL_DATA,True,110,110,0,0,0,7,102,7,17,2,109,109,109,1191,0.0,40.0,
3936,CURRENT_RUN_REAL_DATA,True,110,110,0,0,0,4,105,3,21,0,109,109,109,1190,0.0,27.0,
3937,CURRENT_RUN_REAL_DATA,True,115,115,0,0,0,3,111,3,6,2,114,114,114,1197,0.0,44.0,
3938,CURRENT_RUN_REAL_DATA,True,116,116,0,0,0,0,115,0,20,0,115,115,115,1187,1.0,29.0,
3939,CURRENT_RUN_REAL_DATA,True,95,95,0,0,0,6,88,6,10,3,94,94,94,1191,0.0,114.0,
3940,CURRENT_RUN_REAL_DATA,True,99,99,0,0,0,0,98,0,78,0,98,98,98,1195,8.0,21.0,
3941,CURRENT_RUN_REAL_DATA,True,100,100,0,0,0,0,99,0,88,0,99,99,99,1191,1.0,20.0,
3942,CURRENT_RUN_REAL_DATA,True,98,98,0,0,0,0,97,0,77,0,97,97,97,1189,8.0,30.0,
3943,CURRENT_RUN_REAL_DATA,True,99,99,0,0,0,0,98,0,78,0,98,98,98,1189,7.0,23.0,
3944,CURRENT_RUN_REAL_DATA,True,100,100,0,0,0,0,99,0,79,0,99,99,99,1193,3.0,21.0,
3945,CURRENT_RUN_REAL_DATA,True,101,101,0,0,0,0,100,0,80,0,100,100,100,1193,1.0,26.0,
3946,CURRENT_RUN_REAL_DATA,True,107,107,0,0,0,4,102,4,7,1,106,106,106,1186,0.0,38.0,
3947,CURRENT_RUN_REAL_DATA,True,99,99,0,0,0,0,98,0,79,0,98,98,98,1188,6.0,28.0,
3948,CURRENT_RUN_REAL_DATA,True,100,100,0,0,0,0,99,0,93,0,99,99,99,1195,1.0,21.0,
3949,CURRENT_RUN_REAL_DATA,True,101,101,0,0,0,0,100,0,33,0,100,100,100,1196,5.0,22.0,
3950,CURRENT_RUN_REAL_DATA,True,98,98,0,0,0,0,97,0,35,0,97,97,97,1187,1.0,30.0,
3951,CURRENT_RUN_REAL_DATA,True,100,100,0,0,0,4,95,4,0,1,99,99,99,1197,0.0,70.0,
3952,CURRENT_RUN_REAL_DATA,True,111,111,0,0,0,0,110,0,18,2,110,110,110,1188,1.0,42.0,
3953,CURRENT_RUN_REAL_DATA,True,109,109,0,0,0,6,102,4,22,2,108,108,108,1191,0.0,58.0,
3954,CURRENT_RUN_REAL_DATA,True,100,100,0,0,0,0,99,0,90,0,99,99,99,1191,3.0,21.0,
3955,CURRENT_RUN_REAL_DATA,True,100,100,0,0,0,1,98,1,50,0,99,99,99,1189,0.0,23.0,
3956,CURRENT_RUN_REAL_DATA,True,109,109,0,0,0,2,106,2,62,0,108,108,108,1186,0.0,27.0,
3957,CURRENT_RUN_REAL_DATA,True,101,101,0,0,0,1,99,1,0,1,100,100,100,1191,0.0,34.0,
3958,CURRENT_RUN_REAL_DATA,True,100,100,0,0,0,0,99,0,89,0,99,99,99,1194,3.0,20.0,
3959,CURRENT_RUN_REAL_DATA,True,99,99,0,0,0,0,98,0,93,0,98,98,98,1191,2.0,25.0,
3960,CURRENT_RUN_REAL_DATA,True,97,97,0,0,0,0,96,0,92,0,96,96,96,1188,6.0,30.0,
3961,CURRENT_RUN_REAL_DATA,True,99,99,0,0,0,0,98,0,88,0,98,98,98,1195,9.0,21.0,
3962,CURRENT_RUN_REAL_DATA,True,117,117,0,0,0,1,115,1,31,0,116,116,116,1180,0.0,30.0,
3963,CURRENT_RUN_REAL_DATA,True,115,115,0,0,0,9,105,9,1,3,114,114,114,1192,0.0,102.0,
3964,CURRENT_RUN_REAL_DATA,True,100,100,0,0,0,0,99,0,91,0,99,99,99,1188,6.0,21.0,
3965,CURRENT_RUN_REAL_DATA,True,100,100,0,0,0,0,99,0,80,0,99,99,99,1191,3.0,20.0,
3966,CURRENT_RUN_REAL_DATA,True,99,99,0,0,0,0,98,0,88,0,98,98,98,1195,9.0,21.0,
3967,CURRENT_RUN_REAL_DATA,True,107,107,0,0,0,3,103,3,39,1,106,106,106,1196,0.0,44.0,
3968,CURRENT_RUN_REAL_DATA,True,99,99,0,0,0,0,98,0,88,0,98,98,98,1190,5.0,30.0,
3969,CURRENT_RUN_REAL_DATA,True,88,88,0,0,0,0,87,0,3,1,87,87,87,1192,1.0,168.0,
3970,CURRENT_RUN_REAL_DATA,True,112,112,0,0,0,1,110,1,2,0,111,111,111,1189,0.0,21.0,
3971,CURRENT_RUN_REAL_DATA,True,120,120,0,0,0,4,115,4,0,1,119,119,119,1190,0.0,34.0,
3972,CURRENT_RUN_REAL_DATA,True,100,100,0,0,0,0,99,0,0,0,99,99,99,1190,4.0,20.0,
3973,CURRENT_RUN_REAL_DATA,True,100,100,0,0,0,0,99,0,79,0,99,99,99,1189,1.0,22.0,
3974,CURRENT_RUN_REAL_DATA,True,100,100,0,0,0,0,99,0,94,0,99,99,99,1191,4.0,21.0,
3975,CURRENT_RUN_REAL_DATA,True,99,99,0,0,0,0,98,0,89,0,98,98,98,1194,9.0,21.0,
3976,CURRENT_RUN_REAL_DATA,True,95,95,0,0,0,2,92,2,4,0,94,94,94,1107,0.0,30.0,
3977,CURRENT_RUN_REAL_DATA,True,99,99,0,0,0,0,98,0,0,0,98,98,98,1195,9.0,20.0,
3978,CURRENT_RUN_REAL_DATA,True,100,100,0,0,0,0,99,0,89,0,99,99,99,1192,2.0,22.0,
3979,CURRENT_RUN_REAL_DATA,True,97,97,0,0,0,0,96,0,51,0,96,96,96,1179,9.0,29.0,
3980,CURRENT_RUN_REAL_DATA,True,116,116,0,0,0,2,113,2,8,1,115,115,115,1189,0.0,40.0,
3981,CURRENT_RUN_REAL_DATA,True,100,100,0,0,0,0,99,0,93,0,99,99,99,1191,2.0,21.0,
3982,CURRENT_RUN_REAL_DATA,True,120,120,0,0,0,2,117,2,0,0,119,119,119,1189,0.0,30.0,
3983,CURRENT_RUN_REAL_DATA,True,103,103,0,0,0,0,102,0,21,0,102,102,102,1192,1.0,30.0,
3984,CURRENT_RUN_REAL_DATA,True,125,125,0,0,0,3,121,3,34,1,124,124,124,1186,0.0,40.0,
3985,CURRENT_RUN_REAL_DATA,True,115,115,0,0,0,1,113,0,20,0,114,114,114,1161,0.0,30.0,
3986,CURRENT_RUN_REAL_DATA,True,109,109,0,0,0,0,108,0,27,0,108,108,108,1189,1.0,23.0,
3987,CURRENT_RUN_REAL_DATA,True,99,99,0,0,0,0,98,0,3,0,98,98,98,1190,9.0,21.0,
3988,CURRENT_RUN_REAL_DATA,True,104,104,0,0,0,3,100,3,0,1,103,103,103,1186,0.0,31.0,
3989,CURRENT_RUN_REAL_DATA,True,98,98,0,0,0,0,97,0,87,0,97,97,97,1186,8.0,22.0,
3990,CURRENT_RUN_REAL_DATA,True,100,100,0,0,0,0,99,0,89,0,99,99,99,1192,5.0,21.0,
3991,CURRENT_RUN_REAL_DATA,True,127,127,0,0,0,1,125,1,40,0,126,126,126,1184,0.0,20.0,
3992,CURRENT_RUN_REAL_DATA,True,114,114,0,0,0,0,113,0,31,0,113,113,113,1194,1.0,21.0,
3993,CURRENT_RUN_REAL_DATA,True,99,99,0,0,0,0,98,0,90,0,98,98,98,1190,9.0,20.0,
3994,CURRENT_RUN_REAL_DATA,True,100,100,0,0,0,0,99,0,90,0,99,99,99,1187,6.0,21.0,
3995,CURRENT_RUN_REAL_DATA,True,111,111,0,0,0,0,110,0,18,0,110,110,110,1198,1.0,22.0,
3996,CURRENT_RUN_REAL_DATA,True,100,100,0,0,0,1,98,1,5,0,99,99,99,1190,0.0,23.0,
3997,CURRENT_RUN_REAL_DATA,True,99,99,0,0,0,0,98,0,98,0,98,98,98,1188,7.0,28.0,
3998,CURRENT_RUN_REAL_DATA,True,100,100,0,0,0,0,99,0,80,0,99,99,99,1195,1.0,21.0,
3999,CURRENT_RUN_REAL_DATA,True,99,99,0,0,0,0,98,0,0,0,98,98,98,1194,9.0,21.0,
4000,CURRENT_RUN_REAL_DATA,True,109,109,0,0,0,1,107,1,32,0,108,108,108,1192,0.0,26.0,
4001,CURRENT_RUN_REAL_DATA,True,100,100,0,0,0,0,99,0,78,0,99,99,99,1191,5.0,20.0,
4002,CURRENT_RUN_REAL_DATA,True,100,100,0,0,0,0,99,0,41,0,99,99,99,1195,1.0,21.0,
4003,CURRENT_RUN_REAL_DATA,True,100,100,0,0,0,0,99,0,82,0,99,99,99,1191,4.0,21.0,
4004,CURRENT_RUN_REAL_DATA,True,122,122,0,0,0,1,120,1,25,0,121,121,121,1192,0.0,23.0,
4005,CURRENT_RUN_REAL_DATA,True,99,99,0,0,0,0,98,0,93,0,98,98,98,1190,9.0,21.0,
4006,CURRENT_RUN_REAL_DATA,True,100,100,0,0,0,0,99,0,7,0,99,99,99,1191,4.0,21.0,
4007,CURRENT_RUN_REAL_DATA,True,99,99,0,0,0,0,98,0,79,0,98,98,98,1187,1.0,23.0,
4008,CURRENT_RUN_REAL_DATA,True,99,99,0,0,0,1,97,1,3,0,98,98,98,1186,0.0,22.0,
4009,CURRENT_RUN_REAL_DATA,True,99,99,0,0,0,0,98,0,77,0,98,98,98,1189,7.0,28.0,
4010,CURRENT_RUN_REAL_DATA,True,99,99,0,0,0,0,98,0,88,0,98,98,98,1188,7.0,30.0,
4011,CURRENT_RUN_REAL_DATA,True,99,99,0,0,0,0,98,0,92,0,98,98,98,1190,5.0,30.0,
4012,CURRENT_RUN_REAL_DATA,True,97,97,0,0,0,0,96,0,66,0,96,96,96,1193,3.0,30.0,
4013,CURRENT_RUN_REAL_DATA,True,128,128,0,0,0,3,124,3,25,0,127,127,127,1191,0.0,30.0,
4014,CURRENT_RUN_REAL_DATA,True,100,100,0,0,0,1,98,0,89,0,99,99,99,1195,0.0,21.0,
4015,CURRENT_RUN_REAL_DATA,True,99,99,0,0,0,0,98,0,1,0,98,98,98,1190,7.0,30.0,
4016,CURRENT_RUN_REAL_DATA,True,100,100,0,0,0,0,99,0,80,0,99,99,99,1191,7.0,21.0,
4017,CURRENT_RUN_REAL_DATA,True,99,99,0,0,0,0,98,0,88,0,98,98,98,1188,7.0,28.0,
4018,CURRENT_RUN_REAL_DATA,True,78,78,0,0,0,0,77,0,0,2,77,77,77,1180,1.0,270.0,
4019,CURRENT_RUN_REAL_DATA,True,100,100,0,0,0,0,99,0,79,0,99,99,99,1193,1.0,23.0,
4020,CURRENT_RUN_REAL_DATA,True,105,105,0,0,0,2,102,2,12,0,104,104,104,1195,0.0,30.0,
4021,CURRENT_RUN_REAL_DATA,True,96,96,0,0,0,0,95,0,85,1,95,95,95,1190,5.0,31.0,
4022,CURRENT_RUN_REAL_DATA,True,139,139,0,0,0,2,136,2,30,0,138,138,138,1189,0.0,22.0,
4023,CURRENT_RUN_REAL_DATA,True,99,99,0,0,0,0,98,0,88,0,98,98,98,1191,9.0,21.0,
4024,CURRENT_RUN_REAL_DATA,True,109,109,0,0,0,0,108,0,67,0,108,108,108,1191,1.0,20.0,
4025,CURRENT_RUN_REAL_DATA,True,98,98,0,0,0,0,97,0,92,0,97,97,97,1186,9.0,26.0,
4026,CURRENT_RUN_REAL_DATA,True,100,100,0,0,0,0,99,0,2,0,99,99,99,1187,6.0,21.0,
4027,CURRENT_RUN_REAL_DATA,True,97,97,0,0,0,0,96,0,22,0,96,96,96,1179,9.0,30.0,
4028,CURRENT_RUN_REAL_DATA,True,102,102,0,0,0,2,99,1,90,0,101,101,101,1191,0.0,20.0,
4029,CURRENT_RUN_REAL_DATA,True,98,98,0,0,0,0,97,0,94,0,97,97,97,1188,7.0,30.0,
4030,CURRENT_RUN_REAL_DATA,True,92,92,0,0,0,3,88,2,8,1,91,91,91,1191,0.0,177.0,
4031,CURRENT_RUN_REAL_DATA,True,109,109,0,0,0,6,102,6,15,0,108,108,108,1195,0.0,24.0,
4032,CURRENT_RUN_REAL_DATA,True,108,108,0,0,0,2,105,2,0,2,107,107,107,1191,0.0,100.0,
4033,CURRENT_RUN_REAL_DATA,True,96,96,0,0,0,0,95,0,19,1,95,95,95,1194,1.0,120.0,
4034,CURRENT_RUN_REAL_DATA,True,100,100,0,0,0,0,99,0,96,0,99,99,99,1190,5.0,21.0,
4035,CURRENT_RUN_REAL_DATA,True,97,97,0,0,0,2,94,0,78,0,96,96,96,1122,0.0,20.0,
4036,CURRENT_RUN_REAL_DATA,True,100,100,0,0,0,0,99,0,94,0,99,99,99,1191,4.0,21.0,
4037,CURRENT_RUN_REAL_DATA,True,99,99,0,0,0,0,98,0,89,0,98,98,98,1189,7.0,22.0,
4038,CURRENT_RUN_REAL_DATA,True,121,121,0,0,0,5,115,4,34,0,120,120,120,1189,0.0,30.0,
4039,CURRENT_RUN_REAL_DATA,True,99,99,0,0,0,0,98,0,5,0,98,98,98,1190,7.0,30.0,
4040,CURRENT_RUN_REAL_DATA,True,111,111,0,0,0,2,108,2,0,0,110,110,110,1186,0.0,29.0,
4041,CURRENT_RUN_REAL_DATA,True,101,101,0,0,0,0,100,0,90,0,100,100,100,1190,3.0,23.0,
4042,CURRENT_RUN_REAL_DATA,True,114,114,0,0,0,1,112,1,2,0,113,113,113,1176,0.0,30.0,
4043,CURRENT_RUN_REAL_DATA,True,99,99,0,0,0,0,98,0,77,0,98,98,98,1188,6.0,28.0,
4044,CURRENT_RUN_REAL_DATA,True,100,100,0,0,0,0,99,0,84,0,99,99,99,1191,1.0,21.0,
4045,CURRENT_RUN_REAL_DATA,True,105,105,0,0,0,0,104,0,38,0,104,104,104,1196,1.0,30.0,
4046,CURRENT_RUN_REAL_DATA,True,100,100,0,0,0,0,99,0,79,0,99,99,99,1190,4.0,21.0,
4047,CURRENT_RUN_REAL_DATA,True,116,116,0,0,0,2,113,2,0,0,115,115,115,1186,0.0,30.0,
4048,CURRENT_RUN_REAL_DATA,True,99,99,0,0,0,0,98,0,88,0,98,98,98,1188,6.0,27.0,
4049,CURRENT_RUN_REAL_DATA,True,98,98,0,0,0,0,97,0,22,0,97,97,97,1186,9.0,21.0,
4050,CURRENT_RUN_REAL_DATA,True,99,99,0,0,0,6,92,6,11,3,98,98,98,1195,0.0,72.0,
4051,CURRENT_RUN_REAL_DATA,True,131,131,0,0,0,11,119,10,21,3,130,130,130,1193,0.0,39.0,
4052,CURRENT_RUN_REAL_DATA,True,100,100,0,0,0,0,99,0,77,0,99,99,99,1190,3.0,20.0,
4053,CURRENT_RUN_REAL_DATA,True,100,100,0,0,0,0,99,0,82,0,99,99,99,1192,6.0,22.0,
4054,CURRENT_RUN_REAL_DATA,True,120,120,0,0,0,2,117,2,0,0,119,119,119,1186,0.0,24.0,
4055,CURRENT_RUN_REAL_DATA,True,85,85,0,0,0,0,84,0,11,1,84,84,84,1186,6.0,179.0,
4056,CURRENT_RUN_REAL_DATA,True,98,98,0,0,0,0,97,0,87,0,97,97,97,1191,2.0,30.0,
4057,CURRENT_RUN_REAL_DATA,True,104,104,0,0,0,37,66,11,50,1,103,103,103,1195,0.0,521.0,
4058,CURRENT_RUN_REAL_DATA,True,103,103,0,0,0,0,102,0,39,0,102,102,102,1191,2.0,23.0,
4059,CURRENT_RUN_REAL_DATA,True,115,115,0,0,0,4,110,4,22,1,114,114,114,1195,0.0,47.0,
4060,CURRENT_RUN_REAL_DATA,True,99,99,0,0,0,0,98,0,93,0,98,98,98,1189,6.0,22.0,
4061,CURRENT_RUN_REAL_DATA,True,99,99,0,0,0,0,98,0,93,0,98,98,98,1195,9.0,21.0,
4062,CURRENT_RUN_REAL_DATA,True,93,93,0,0,0,1,91,1,62,1,92,92,92,1190,0.0,68.0,
4063,CURRENT_RUN_REAL_DATA,True,113,113,0,0,0,5,107,3,15,1,112,112,112,1188,0.0,50.0,
4064,CURRENT_RUN_REAL_DATA,True,100,100,0,0,0,0,99,0,28,1,99,99,99,1190,1.0,90.0,
4065,CURRENT_RUN_REAL_DATA,True,106,106,0,0,0,0,105,0,11,2,105,105,105,1186,1.0,40.0,
4066,CURRENT_RUN_REAL_DATA,True,98,98,0,0,0,0,97,0,78,0,97,97,97,1195,9.0,30.0,
4067,CURRENT_RUN_REAL_DATA,True,100,100,0,0,0,0,99,0,1,0,99,99,99,1190,5.0,20.0,
4068,CURRENT_RUN_REAL_DATA,True,112,112,0,0,0,4,107,3,35,0,111,111,111,1180,0.0,29.0,
4069,CURRENT_RUN_REAL_DATA,True,100,100,0,0,0,0,99,0,80,0,99,99,99,1190,3.0,21.0,
4070,CURRENT_RUN_REAL_DATA,True,103,103,0,0,0,2,100,2,18,1,102,102,102,1191,0.0,37.0,
4071,CURRENT_RUN_REAL_DATA,True,102,102,0,0,0,7,94,7,10,1,101,101,101,1186,0.0,65.0,
4072,CURRENT_RUN_REAL_DATA,True,100,100,0,0,0,0,99,0,19,0,99,99,99,1191,2.0,20.0,
4073,CURRENT_RUN_REAL_DATA,True,99,99,0,0,0,0,98,0,89,0,98,98,98,1190,9.0,21.0,
4074,CURRENT_RUN_REAL_DATA,True,102,102,0,0,0,0,101,0,28,0,101,101,101,1191,1.0,30.0,
4075,CURRENT_RUN_REAL_DATA,True,99,99,0,0,0,0,98,0,94,0,98,98,98,1187,5.0,26.0,
4076,CURRENT_RUN_REAL_DATA,True,98,98,0,0,0,5,92,3,20,4,97,97,97,1195,0.0,120.0,
4077,CURRENT_RUN_REAL_DATA,True,99,99,0,0,0,0,98,0,92,0,98,98,98,1190,5.0,30.0,
4078,CURRENT_RUN_REAL_DATA,True,100,100,0,0,0,0,99,0,89,0,99,99,99,1190,1.0,20.0,
4079,CURRENT_RUN_REAL_DATA,True,98,98,0,0,0,0,97,0,77,0,97,97,97,1188,9.0,28.0,
4080,CURRENT_RUN_REAL_DATA,True,107,107,0,0,0,4,102,4,5,2,106,106,106,1187,0.0,119.0,
4081,CURRENT_RUN_REAL_DATA,True,99,99,0,0,0,0,98,0,96,0,98,98,98,1189,3.0,22.0,
4082,CURRENT_RUN_REAL_DATA,True,99,99,0,0,0,0,98,0,88,0,98,98,98,1195,9.0,20.0,
4083,CURRENT_RUN_REAL_DATA,True,100,100,0,0,0,0,99,0,94,0,99,99,99,1191,3.0,20.0,
4084,CURRENT_RUN_REAL_DATA,True,99,99,0,0,0,0,98,0,0,0,98,98,98,1195,10.0,20.0,
4085,CURRENT_RUN_REAL_DATA,True,97,97,0,0,0,0,96,0,3,1,96,96,96,1191,1.0,65.0,
4086,CURRENT_RUN_REAL_DATA,True,100,100,0,0,0,0,99,0,79,0,99,99,99,1192,3.0,21.0,
4087,CURRENT_RUN_REAL_DATA,True,99,99,0,0,0,4,94,4,12,2,98,98,98,1192,0.0,94.0,
4088,CURRENT_RUN_REAL_DATA,True,115,115,0,0,0,3,111,3,1,0,114,114,114,1186,0.0,29.0,
4089,CURRENT_RUN_REAL_DATA,True,99,99,0,0,0,0,98,0,93,0,98,98,98,1188,7.0,28.0,
4090,CURRENT_RUN_REAL_DATA,True,99,99,0,0,0,0,98,0,88,0,98,98,98,1194,9.0,21.0,
4091,CURRENT_RUN_REAL_DATA,True,100,100,0,0,0,0,99,0,8,0,99,99,99,1191,4.0,21.0,
4092,CURRENT_RUN_REAL_DATA,True,103,103,0,0,0,3,99,2,19,1,102,102,102,1188,0.0,52.0,
4093,CURRENT_RUN_REAL_DATA,True,100,100,0,0,0,0,99,0,89,0,99,99,99,1194,3.0,21.0,
4094,CURRENT_RUN_REAL_DATA,True,149,149,0,0,0,10,138,10,19,1,148,148,148,1187,0.0,33.0,
4095,CURRENT_RUN_REAL_DATA,True,100,100,0,0,0,0,99,0,7,0,99,99,99,1187,5.0,21.0,
4096,CURRENT_RUN_REAL_DATA,True,99,99,0,0,0,0,98,0,88,0,98,98,98,1188,7.0,28.0,
4097,CURRENT_RUN_REAL_DATA,True,122,122,0,0,0,2,119,2,15,0,121,121,121,1193,0.0,26.0,
4098,CURRENT_RUN_REAL_DATA,True,100,100,0,0,0,0,99,0,94,0,99,99,99,1192,6.0,21.0,
4099,CURRENT_RUN_REAL_DATA,True,100,100,0,0,0,0,99,0,79,0,99,99,99,1192,4.0,21.0,
4100,CURRENT_RUN_REAL_DATA,True,100,100,0,0,0,0,99,0,89,0,99,99,99,1189,1.0,21.0,
4101,CURRENT_RUN_REAL_DATA,True,98,98,0,0,0,0,97,0,23,1,97,97,97,1195,9.0,31.0,
4102,CURRENT_RUN_REAL_DATA,True,114,114,0,0,0,11,102,10,14,1,113,113,113,1191,0.0,100.0,
4103,CURRENT_RUN_REAL_DATA,True,99,99,0,0,0,0,98,0,78,0,98,98,98,1190,6.0,22.0,
4104,CURRENT_RUN_REAL_DATA,True,100,100,0,0,0,0,99,0,79,0,99,99,99,1190,4.0,21.0,
4105,CURRENT_RUN_REAL_DATA,True,109,109,0,0,0,0,108,0,45,0,108,108,108,1188,1.0,21.0,
4106,CURRENT_RUN_REAL_DATA,True,99,99,0,0,0,0,98,0,6,0,98,98,98,1193,9.0,20.0,
4107,CURRENT_RUN_REAL_DATA,True,99,99,0,0,0,0,98,0,89,0,98,98,98,1194,9.0,21.0,
4108,CURRENT_RUN_REAL_DATA,True,100,100,0,0,0,0,99,0,40,0,99,99,99,1191,2.0,20.0,
4109,CURRENT_RUN_REAL_DATA,True,107,107,0,0,0,1,105,1,0,0,106,106,106,1188,0.0,23.0,
4110,CURRENT_RUN_REAL_DATA,True,106,106,0,0,0,1,104,1,10,0,105,105,105,1183,0.0,24.0,
4111,CURRENT_RUN_REAL_DATA,True,55,55,0,0,0,2,52,2,13,1,54,54,54,1188,0.0,579.0,
4112,CURRENT_RUN_REAL_DATA,True,100,100,0,0,0,0,99,0,50,0,99,99,99,1190,5.0,29.0,
4113,CURRENT_RUN_REAL_DATA,True,114,114,0,0,0,1,112,1,29,0,113,113,113,1187,0.0,30.0,
4114,CURRENT_RUN_REAL_DATA,True,100,100,0,0,0,0,99,0,89,0,99,99,99,1190,5.0,21.0,
4115,CURRENT_RUN_REAL_DATA,True,99,99,0,0,0,0,98,0,88,0,98,98,98,1187,5.0,30.0,
4116,CURRENT_RUN_REAL_DATA,True,100,100,0,0,0,0,99,0,31,0,99,99,99,1190,1.0,24.0,
4117,CURRENT_RUN_REAL_DATA,True,100,100,0,0,0,0,99,0,9,0,99,99,99,1189,1.0,21.0,
4118,CURRENT_RUN_REAL_DATA,True,99,99,0,0,0,0,98,0,19,0,98,98,98,1195,9.0,21.0,
4119,CURRENT_RUN_REAL_DATA,True,107,107,0,0,0,2,104,2,20,1,106,106,106,1179,0.0,33.0,
4120,CURRENT_RUN_REAL_DATA,True,98,98,0,0,0,2,95,2,7,2,97,97,97,1186,0.0,59.0,
4121,CURRENT_RUN_REAL_DATA,True,99,99,0,0,0,0,98,0,78,0,98,98,98,1187,6.0,27.0,
4122,CURRENT_RUN_REAL_DATA,True,99,99,0,0,0,0,98,0,88,0,98,98,98,1191,9.0,21.0,
4123,CURRENT_RUN_REAL_DATA,True,134,134,0,0,0,1,132,1,33,0,133,133,133,1191,0.0,27.0,
4124,CURRENT_RUN_REAL_DATA,True,100,100,0,0,0,0,99,0,80,0,99,99,99,1192,3.0,20.0,
4125,CURRENT_RUN_REAL_DATA,True,97,97,0,0,0,0,96,0,0,0,96,96,96,1125,1.0,26.0,
4126,CURRENT_RUN_REAL_DATA,True,99,99,0,0,0,0,98,0,96,0,98,98,98,1195,9.0,20.0,
4127,CURRENT_RUN_REAL_DATA,True,105,105,0,0,0,3,101,3,28,0,104,104,104,1156,0.0,29.0,
4128,CURRENT_RUN_REAL_DATA,True,99,99,0,0,0,0,98,0,79,0,98,98,98,1189,8.0,22.0,
4129,CURRENT_RUN_REAL_DATA,True,97,97,0,0,0,0,96,0,91,0,96,96,96,1187,9.0,30.0,
4130,CURRENT_RUN_REAL_DATA,True,111,111,0,0,0,1,109,1,4,0,110,110,110,1190,0.0,29.0,
4131,CURRENT_RUN_REAL_DATA,True,107,107,0,0,0,4,102,4,35,2,106,106,106,1191,0.0,131.0,
4132,CURRENT_RUN_REAL_DATA,True,97,97,0,0,0,0,96,0,62,0,96,96,96,1186,9.0,30.0,
4133,CURRENT_RUN_REAL_DATA,True,99,99,0,0,0,0,98,0,77,2,98,98,98,1190,8.0,31.0,
4134,CURRENT_RUN_REAL_DATA,True,99,99,0,0,0,1,97,0,91,0,98,98,98,1179,0.0,21.0,
4135,CURRENT_RUN_REAL_DATA,True,100,100,0,0,0,0,99,0,33,0,99,99,99,1193,2.0,20.0,
4136,CURRENT_RUN_REAL_DATA,True,113,113,0,0,0,4,108,4,17,1,112,112,112,1169,0.0,88.0,
4137,CURRENT_RUN_REAL_DATA,True,99,99,0,0,0,0,98,0,88,0,98,98,98,1194,9.0,21.0,
4138,CURRENT_RUN_REAL_DATA,True,108,108,0,0,0,1,106,1,9,0,107,107,107,1191,0.0,29.0,
4139,CURRENT_RUN_REAL_DATA,True,108,108,0,0,0,39,68,32,37,1,107,107,107,1186,0.0,417.0,
4140,CURRENT_RUN_REAL_DATA,True,98,98,0,0,0,0,97,0,41,2,97,97,97,1186,1.0,141.0,
4141,CURRENT_RUN_REAL_DATA,True,124,124,0,0,0,13,110,13,29,1,123,123,123,1189,0.0,55.0,
4142,CURRENT_RUN_REAL_DATA,True,98,98,0,0,0,0,97,0,2,0,97,97,97,1185,9.0,21.0,
4143,CURRENT_RUN_REAL_DATA,True,83,83,0,0,0,0,82,0,18,0,82,82,82,926,1.0,30.0,
4144,CURRENT_RUN_REAL_DATA,True,100,100,0,0,0,0,99,0,0,0,99,99,99,1190,1.0,22.0,
4145,CURRENT_RUN_REAL_DATA,True,99,99,0,0,0,0,98,0,71,0,98,98,98,1195,9.0,21.0,
4146,CURRENT_RUN_REAL_DATA,True,100,100,0,0,0,0,99,0,90,0,99,99,99,1187,6.0,21.0,
4147,CURRENT_RUN_REAL_DATA,True,106,106,0,0,0,4,101,3,20,4,105,105,105,1183,0.0,103.0,
4148,CURRENT_RUN_REAL_DATA,True,114,114,0,0,0,4,109,4,8,2,113,113,113,1189,0.0,47.0,
4149,CURRENT_RUN_REAL_DATA,True,120,120,0,0,0,2,117,2,32,0,119,119,119,1187,0.0,30.0,
4150,CURRENT_RUN_REAL_DATA,True,99,99,0,0,0,0,98,0,78,0,98,98,98,1192,2.0,30.0,
4151,CURRENT_RUN_REAL_DATA,True,122,122,0,0,0,4,117,4,27,1,121,121,121,1191,0.0,41.0,
4152,CURRENT_RUN_REAL_DATA,True,99,99,0,0,0,0,98,0,78,0,98,98,98,1195,5.0,22.0,
4153,CURRENT_RUN_REAL_DATA,True,99,99,0,0,0,0,98,0,78,0,98,98,98,1194,1.0,30.0,
4154,CURRENT_RUN_REAL_DATA,True,98,98,0,0,0,0,97,0,93,0,97,97,97,1186,9.0,21.0,
4155,CURRENT_RUN_REAL_DATA,True,102,102,0,0,0,1,100,0,91,1,101,101,101,1189,0.0,32.0,
4156,CURRENT_RUN_REAL_DATA,True,99,99,0,0,0,0,98,0,89,0,98,98,98,1191,4.0,21.0,
4157,CURRENT_RUN_REAL_DATA,True,98,98,0,0,0,0,97,0,88,0,97,97,97,1185,4.0,22.0,
4158,CURRENT_RUN_REAL_DATA,True,100,100,0,0,0,0,99,0,94,0,99,99,99,1191,6.0,21.0,
4159,CURRENT_RUN_REAL_DATA,True,120,120,0,0,0,2,117,1,35,0,119,119,119,1191,0.0,21.0,
4160,CURRENT_RUN_REAL_DATA,True,108,108,0,0,0,2,105,2,30,0,107,107,107,1191,0.0,30.0,
4161,CURRENT_RUN_REAL_DATA,True,99,99,0,0,0,0,98,0,78,0,98,98,98,1189,8.0,22.0,
4162,CURRENT_RUN_REAL_DATA,True,99,99,0,0,0,0,98,0,88,0,98,98,98,1189,6.0,21.0,
4163,CURRENT_RUN_REAL_DATA,True,100,100,0,0,0,0,99,0,79,0,99,99,99,1190,1.0,22.0,
4164,CURRENT_RUN_REAL_DATA,True,100,100,0,0,0,0,99,0,80,0,99,99,99,1193,2.0,20.0,
4165,CURRENT_RUN_REAL_DATA,True,100,100,0,0,0,0,99,0,26,0,99,99,99,1192,3.0,21.0,
4166,CURRENT_RUN_REAL_DATA,True,100,100,0,0,0,0,99,0,89,0,99,99,99,1191,5.0,21.0,
4167,CURRENT_RUN_REAL_DATA,True,101,101,0,0,0,5,95,5,0,1,100,100,100,1033,0.0,92.0,
4168,CURRENT_RUN_REAL_DATA,True,107,107,0,0,0,1,105,1,16,2,106,106,106,1189,0.0,154.0,
4169,CURRENT_RUN_REAL_DATA,True,99,99,0,0,0,0,98,0,78,0,98,98,98,1188,7.0,28.0,
4170,CURRENT_RUN_REAL_DATA,True,84,84,0,0,0,18,65,3,67,1,83,83,83,960,0.0,192.0,
4171,CURRENT_RUN_REAL_DATA,True,100,100,0,0,0,0,99,0,88,0,99,99,99,1194,1.0,20.0,
4172,CURRENT_RUN_REAL_DATA,True,98,98,0,0,0,2,95,2,57,2,97,97,97,1188,0.0,64.0,
4173,CURRENT_RUN_REAL_DATA,True,98,98,0,0,0,0,97,0,59,0,97,97,97,1180,7.0,30.0,
4174,CURRENT_RUN_REAL_DATA,True,106,106,0,0,0,0,105,0,19,0,105,105,105,1190,1.0,24.0,
4175,CURRENT_RUN_REAL_DATA,True,106,106,0,0,0,3,102,3,19,0,105,105,105,1193,0.0,30.0,
4176,CURRENT_RUN_REAL_DATA,True,116,116,0,0,0,2,113,2,4,1,115,115,115,1191,0.0,108.0,
4177,CURRENT_RUN_REAL_DATA,True,100,100,0,0,0,1,98,1,79,0,99,99,99,1190,0.0,21.0,
4178,CURRENT_RUN_REAL_DATA,True,100,100,0,0,0,0,99,0,90,0,99,99,99,1195,1.0,21.0,
4179,CURRENT_RUN_REAL_DATA,True,99,99,0,0,0,0,98,0,92,0,98,98,98,1183,1.0,23.0,
4180,CURRENT_RUN_REAL_DATA,True,99,99,0,0,0,0,98,0,0,0,98,98,98,1190,9.0,21.0,
4181,CURRENT_RUN_REAL_DATA,True,138,138,0,0,0,5,132,5,37,0,137,137,137,1193,0.0,28.0,
4182,CURRENT_RUN_REAL_DATA,True,98,98,0,0,0,0,97,0,2,0,97,97,97,1189,7.0,30.0,
4183,CURRENT_RUN_REAL_DATA,True,100,100,0,0,0,0,99,0,5,0,99,99,99,1189,1.0,22.0,
4184,CURRENT_RUN_REAL_DATA,True,115,115,0,0,0,1,113,1,7,1,114,114,114,1189,0.0,87.0,
4185,CURRENT_RUN_REAL_DATA,True,98,98,0,0,0,0,97,0,88,0,97,97,97,1186,9.0,21.0,
4186,CURRENT_RUN_REAL_DATA,True,108,108,0,0,0,3,104,0,37,1,107,107,107,1190,0.0,41.0,
4187,CURRENT_RUN_REAL_DATA,True,109,109,0,0,0,7,101,7,0,1,108,108,108,1193,0.0,90.0,
4188,CURRENT_RUN_REAL_DATA,True,99,99,0,0,0,0,98,0,48,0,98,98,98,1189,8.0,22.0,
4189,CURRENT_RUN_REAL_DATA,True,98,98,0,0,0,0,97,0,87,0,97,97,97,1182,8.0,22.0,
4190,CURRENT_RUN_REAL_DATA,True,35,35,0,0,0,1,33,1,0,0,34,34,34,388,0.0,30.0,
4191,CURRENT_RUN_REAL_DATA,True,97,97,0,0,0,0,96,0,86,1,96,96,96,1187,7.0,31.0,
4192,CURRENT_RUN_REAL_DATA,True,104,104,0,0,0,4,99,4,46,1,103,103,103,1194,0.0,71.0,
4193,CURRENT_RUN_REAL_DATA,True,99,99,0,0,0,0,98,0,77,0,98,98,98,1183,5.0,20.0,
4194,CURRENT_RUN_REAL_DATA,True,97,97,0,0,0,4,92,4,67,1,96,96,96,1195,0.0,120.0,
4195,CURRENT_RUN_REAL_DATA,True,114,114,0,0,0,13,100,13,21,1,113,113,113,1086,0.0,33.0,
4196,CURRENT_RUN_REAL_DATA,True,105,105,0,0,0,1,103,1,50,0,104,104,104,1188,0.0,22.0,
4197,CURRENT_RUN_REAL_DATA,True,99,99,0,0,0,0,98,0,78,0,98,98,98,1195,9.0,21.0,
4198,CURRENT_RUN_REAL_DATA,True,101,101,0,0,0,10,90,9,16,4,100,100,100,1193,0.0,110.0,
4199,CURRENT_RUN_REAL_DATA,True,138,138,0,0,0,6,131,6,23,1,137,137,137,1167,0.0,36.0,
4200,CURRENT_RUN_REAL_DATA,True,126,126,0,0,0,11,114,11,15,2,125,125,125,1191,0.0,60.0,
4201,CURRENT_RUN_REAL_DATA,True,98,98,0,0,0,0,97,0,1,0,97,97,97,1186,8.0,22.0,
4202,CURRENT_RUN_REAL_DATA,True,97,97,0,0,0,0,96,0,87,0,96,96,96,1186,9.0,30.0,
4203,CURRENT_RUN_REAL_DATA,True,106,106,0,0,0,1,104,1,0,0,105,105,105,1193,0.0,21.0,
4204,CURRENT_RUN_REAL_DATA,True,102,102,0,0,0,8,93,8,8,2,101,101,101,1190,0.0,128.0,
4205,CURRENT_RUN_REAL_DATA,True,100,100,0,0,0,1,98,0,12,1,99,99,99,1198,0.0,72.0,
4206,CURRENT_RUN_REAL_DATA,True,95,95,0,0,0,0,94,0,35,1,94,94,94,1189,1.0,111.0,
4207,CURRENT_RUN_REAL_DATA,True,98,98,0,0,0,0,97,0,78,0,97,97,97,1190,9.0,30.0,
4208,CURRENT_RUN_REAL_DATA,True,98,98,0,0,0,0,97,0,88,0,97,97,97,1189,9.0,29.0,
4209,CURRENT_RUN_REAL_DATA,True,96,96,0,0,0,12,83,9,60,3,95,95,95,1085,0.0,96.0,
4210,CURRENT_RUN_REAL_DATA,True,100,100,0,0,0,0,99,0,89,0,99,99,99,1187,6.0,20.0,
4211,CURRENT_RUN_REAL_DATA,True,94,94,0,0,0,7,86,7,0,2,93,93,93,1198,0.0,242.0,
4212,CURRENT_RUN_REAL_DATA,True,107,107,0,0,0,7,99,7,12,2,106,106,106,1192,0.0,255.0,
4213,CURRENT_RUN_REAL_DATA,True,99,99,0,0,0,0,98,0,88,0,98,98,98,1184,1.0,22.0,
4214,CURRENT_RUN_REAL_DATA,True,105,105,0,0,0,0,104,0,38,0,104,104,104,1187,1.0,29.0,
4215,CURRENT_RUN_REAL_DATA,True,103,103,0,0,0,80,22,10,90,10,102,102,102,1046,0.0,178.0,
4216,CURRENT_RUN_REAL_DATA,True,100,100,0,0,0,1,98,1,0,0,99,99,99,1193,0.0,21.0,
4217,CURRENT_RUN_REAL_DATA,True,100,100,0,0,0,0,99,0,94,0,99,99,99,1188,6.0,21.0,
4218,CURRENT_RUN_REAL_DATA,True,99,99,0,0,0,5,93,3,80,0,98,98,98,1121,0.0,21.0,
4219,CURRENT_RUN_REAL_DATA,True,108,108,0,0,0,5,102,5,19,1,107,107,107,1188,0.0,32.0,
4220,CURRENT_RUN_REAL_DATA,True,103,103,0,0,0,12,90,11,12,3,102,102,102,1194,0.0,125.0,
4221,CURRENT_RUN_REAL_DATA,True,157,157,0,0,0,9,147,9,1,1,156,156,156,1172,0.0,59.0,
4222,CURRENT_RUN_REAL_DATA,True,147,147,0,0,0,1,145,1,9,0,146,146,146,1196,0.0,24.0,
4223,CURRENT_RUN_REAL_DATA,True,101,101,0,0,0,3,97,1,90,3,100,100,100,1179,0.0,42.0,
4224,CURRENT_RUN_REAL_DATA,True,139,139,0,0,0,7,131,6,36,0,138,138,138,1145,0.0,21.0,
4225,CURRENT_RUN_REAL_DATA,True,97,97,0,0,0,17,79,3,76,8,96,96,96,1180,0.0,69.0,
4226,CURRENT_RUN_REAL_DATA,True,100,100,0,0,0,0,99,0,92,0,99,99,99,1190,5.0,21.0,
4227,CURRENT_RUN_REAL_DATA,True,101,101,0,0,0,3,97,1,26,1,100,100,100,1191,0.0,104.0,
4228,CURRENT_RUN_REAL_DATA,True,20,20,0,0,0,18,1,7,11,0,19,19,19,30,0.0,30.0,
4229,CURRENT_RUN_REAL_DATA,True,110,110,0,0,0,2,107,2,0,1,109,109,109,1192,0.0,44.0,
4230,CURRENT_RUN_REAL_DATA,True,100,100,0,0,0,3,96,0,90,0,99,99,99,1159,0.0,22.0,
4231,CURRENT_RUN_REAL_DATA,True,100,100,0,0,0,0,99,0,0,0,99,99,99,1191,3.0,27.0,
4232,CURRENT_RUN_REAL_DATA,True,108,108,0,0,0,0,107,0,34,0,107,107,107,1191,1.0,26.0,
4233,CURRENT_RUN_REAL_DATA,True,132,132,0,0,0,6,125,6,16,3,131,131,131,1185,0.0,50.0,
4234,CURRENT_RUN_REAL_DATA,True,117,117,0,0,0,9,107,9,5,2,116,116,116,1194,0.0,47.0,
4235,CURRENT_RUN_REAL_DATA,True,97,97,0,0,0,0,96,0,76,1,96,96,96,1186,9.0,31.0,
4236,CURRENT_RUN_REAL_DATA,True,99,99,0,0,0,0,98,0,95,0,98,98,98,1195,5.0,26.0,
4237,CURRENT_RUN_REAL_DATA,True,110,110,0,0,0,2,107,2,15,0,109,109,109,1186,0.0,30.0,
4238,CURRENT_RUN_REAL_DATA,True,95,95,0,0,0,0,94,0,91,1,94,94,94,1186,1.0,59.0,
4239,CURRENT_RUN_REAL_DATA,True,100,100,0,0,0,0,99,0,89,0,99,99,99,1190,5.0,21.0,
4240,CURRENT_RUN_REAL_DATA,True,98,98,0,0,0,0,97,0,87,0,97,97,97,1188,3.0,29.0,
4241,CURRENT_RUN_REAL_DATA,True,105,105,0,0,0,0,104,0,35,0,104,104,104,1191,1.0,20.0,
4242,CURRENT_RUN_REAL_DATA,True,99,99,0,0,0,3,95,1,78,1,98,98,98,1169,0.0,45.0,
4243,CURRENT_RUN_REAL_DATA,True,109,109,0,0,0,19,89,14,19,2,108,108,108,1162,0.0,142.0,
4244,CURRENT_RUN_REAL_DATA,True,104,104,0,0,0,9,94,1,63,1,103,103,103,1190,0.0,114.0,
4245,CURRENT_RUN_REAL_DATA,True,110,110,0,0,0,6,103,6,6,2,109,109,109,1164,0.0,62.0,
4246,CURRENT_RUN_REAL_DATA,True,98,98,0,0,0,3,94,0,88,2,97,97,97,1191,0.0,39.0,
4247,CURRENT_RUN_REAL_DATA,True,100,100,0,0,0,1,98,0,89,0,99,99,99,1189,0.0,22.0,
4248,CURRENT_RUN_REAL_DATA,True,100,100,0,0,0,0,99,0,79,1,99,99,99,1188,5.0,31.0,
4249,CURRENT_RUN_REAL_DATA,True,99,99,0,0,0,0,98,0,79,1,98,98,98,1187,6.0,31.0,
4250,CURRENT_RUN_REAL_DATA,True,124,124,0,0,0,18,105,17,11,2,123,123,123,1187,0.0,84.0,
4251,CURRENT_RUN_REAL_DATA,True,102,102,0,0,0,3,98,1,91,0,101,101,101,1194,0.0,29.0,
4252,CURRENT_RUN_REAL_DATA,True,100,100,0,0,0,0,99,0,75,0,99,99,99,1188,3.0,30.0,
4253,CURRENT_RUN_REAL_DATA,True,109,109,0,0,0,5,103,5,26,3,108,108,108,1191,0.0,37.0,
4254,CURRENT_RUN_REAL_DATA,True,100,100,0,0,0,0,99,0,80,0,99,99,99,1194,1.0,20.0,
4255,CURRENT_RUN_REAL_DATA,True,100,100,0,0,0,0,99,0,78,0,99,99,99,1191,3.0,20.0,
4256,CURRENT_RUN_REAL_DATA,True,104,104,0,0,0,8,95,7,24,4,103,103,103,1146,0.0,45.0,
4257,CURRENT_RUN_REAL_DATA,True,100,100,0,0,0,1,98,0,97,0,99,99,99,1190,0.0,23.0,
4258,CURRENT_RUN_REAL_DATA,True,104,104,0,0,0,35,68,9,42,2,103,103,103,897,0.0,99.0,
4259,CURRENT_RUN_REAL_DATA,True,99,99,0,0,0,0,98,0,57,0,98,98,98,1192,1.0,24.0,
4260,CURRENT_RUN_REAL_DATA,True,130,130,0,0,0,6,123,5,19,0,129,129,129,1191,0.0,30.0,
4261,CURRENT_RUN_REAL_DATA,True,111,111,0,0,0,12,98,12,1,2,110,110,110,1193,0.0,57.0,
4262,CURRENT_RUN_REAL_DATA,True,100,100,0,0,0,0,99,0,81,0,99,99,99,1190,3.0,22.0,
4263,CURRENT_RUN_REAL_DATA,True,99,99,0,0,0,4,94,4,17,3,98,98,98,1190,0.0,44.0,
4264,CURRENT_RUN_REAL_DATA,True,107,107,0,0,0,19,87,19,9,3,106,106,106,1187,0.0,89.0,
4265,CURRENT_RUN_REAL_DATA,True,102,102,0,0,0,1,100,1,4,0,101,101,101,1195,0.0,30.0,
4266,CURRENT_RUN_REAL_DATA,True,135,135,0,0,0,16,118,16,15,4,134,134,134,1192,0.0,40.0,
4267,CURRENT_RUN_REAL_DATA,True,100,100,0,0,0,0,99,0,79,0,99,99,99,1190,2.0,21.0,
4268,CURRENT_RUN_REAL_DATA,True,100,100,0,0,0,0,99,0,80,0,99,99,99,1190,6.0,30.0,
4269,CURRENT_RUN_REAL_DATA,True,100,100,0,0,0,0,99,0,89,0,99,99,99,1193,1.0,21.0,
4270,CURRENT_RUN_REAL_DATA,True,128,128,0,0,0,6,121,5,33,2,127,127,127,1174,0.0,49.0,
4271,CURRENT_RUN_REAL_DATA,True,96,96,0,0,0,0,95,0,75,1,95,95,95,1191,5.0,60.0,
4272,CURRENT_RUN_REAL_DATA,True,100,100,0,0,0,0,99,0,49,0,99,99,99,1191,3.0,20.0,
4273,CURRENT_RUN_REAL_DATA,True,100,100,0,0,0,0,99,0,78,0,99,99,99,1191,3.0,20.0,
4274,CURRENT_RUN_REAL_DATA,True,110,110,0,0,0,1,108,1,16,0,109,109,109,1195,0.0,28.0,
4275,CURRENT_RUN_REAL_DATA,True,99,99,0,0,0,0,98,0,18,0,98,98,98,1190,10.0,20.0,
4276,CURRENT_RUN_REAL_DATA,True,99,99,0,0,0,0,98,0,90,0,98,98,98,1190,8.0,21.0,
4277,CURRENT_RUN_REAL_DATA,True,87,87,0,0,0,2,84,2,40,3,86,86,86,1195,0.0,114.0,
4278,CURRENT_RUN_REAL_DATA,True,100,100,0,0,0,0,99,0,78,0,99,99,99,1192,3.0,21.0,
4279,CURRENT_RUN_REAL_DATA,True,88,88,0,0,0,55,32,10,70,9,87,87,87,1129,0.0,396.0,
4280,CURRENT_RUN_REAL_DATA,True,103,103,0,0,0,5,97,1,16,2,102,102,102,1188,0.0,43.0,
4281,CURRENT_RUN_REAL_DATA,True,100,100,0,0,0,0,99,0,8,0,99,99,99,1191,3.0,20.0,
4282,CURRENT_RUN_REAL_DATA,True,113,113,0,0,0,2,110,1,14,0,112,112,112,1188,0.0,30.0,
4283,CURRENT_RUN_REAL_DATA,True,98,98,0,0,0,0,97,0,1,0,97,97,97,1175,5.0,26.0,
4284,CURRENT_RUN_REAL_DATA,True,99,99,0,0,0,0,98,0,89,0,98,98,98,1187,6.0,27.0,
4285,CURRENT_RUN_REAL_DATA,True,109,109,0,0,0,11,97,10,12,2,108,108,108,1192,0.0,111.0,
4286,CURRENT_RUN_REAL_DATA,True,113,113,0,0,0,4,108,4,12,1,112,112,112,1189,0.0,45.0,
4287,CURRENT_RUN_REAL_DATA,True,99,99,0,0,0,0,98,0,89,0,98,98,98,1190,9.0,21.0,
4288,CURRENT_RUN_REAL_DATA,True,109,109,0,0,0,2,106,1,10,0,108,108,108,1194,0.0,25.0,
4289,CURRENT_RUN_REAL_DATA,True,101,101,0,0,0,0,100,0,90,0,100,100,100,1190,5.0,22.0,
4290,CURRENT_RUN_REAL_DATA,True,107,107,0,0,0,6,100,6,19,1,106,106,106,1198,0.0,62.0,
4291,CURRENT_RUN_REAL_DATA,True,99,99,0,0,0,0,98,0,63,0,98,98,98,1195,9.0,20.0,
4292,CURRENT_RUN_REAL_DATA,True,99,99,0,0,0,0,98,0,8,0,98,98,98,1190,9.0,21.0,
4293,CURRENT_RUN_REAL_DATA,True,100,100,0,0,0,0,99,0,93,0,99,99,99,1191,2.0,21.0,
4294,CURRENT_RUN_REAL_DATA,True,100,100,0,0,0,0,99,0,96,0,99,99,99,1189,1.0,22.0,
4295,CURRENT_RUN_REAL_DATA,True,97,97,0,0,0,0,96,0,88,1,96,96,96,1192,6.0,31.0,
4296,CURRENT_RUN_REAL_DATA,True,100,100,0,0,0,0,99,0,90,0,99,99,99,1190,3.0,21.0,
4297,CURRENT_RUN_REAL_DATA,True,100,100,0,0,0,0,99,0,76,0,99,99,99,1189,1.0,21.0,
4298,CURRENT_RUN_REAL_DATA,True,89,89,0,0,0,22,66,19,11,6,88,88,88,1144,0.0,150.0,
4299,CURRENT_RUN_REAL_DATA,True,103,103,0,0,0,10,92,7,55,2,102,102,102,1191,0.0,109.0,
4300,CURRENT_RUN_REAL_DATA,True,99,99,0,0,0,0,98,0,96,0,98,98,98,1179,4.0,20.0,
4301,CURRENT_RUN_REAL_DATA,True,125,125,0,0,0,5,119,4,25,0,124,124,124,1189,0.0,29.0,
4302,CURRENT_RUN_REAL_DATA,True,99,99,0,0,0,0,98,0,70,0,98,98,98,1187,5.0,29.0,
4303,CURRENT_RUN_REAL_DATA,True,97,97,0,0,0,19,77,19,5,3,96,96,96,1195,0.0,452.0,
4304,CURRENT_RUN_REAL_DATA,True,98,98,0,0,0,0,97,0,78,0,97,97,97,1190,9.0,28.0,
4305,CURRENT_RUN_REAL_DATA,True,100,100,0,0,0,0,99,0,6,0,99,99,99,1191,4.0,21.0,
4306,CURRENT_RUN_REAL_DATA,True,103,103,0,0,0,0,102,0,7,0,102,102,102,1193,1.0,22.0,
4307,CURRENT_RUN_REAL_DATA,True,104,104,0,0,0,5,98,5,0,0,103,103,103,1176,0.0,30.0,
4308,CURRENT_RUN_REAL_DATA,True,99,99,0,0,0,0,98,0,3,0,98,98,98,1180,5.0,21.0,
4309,CURRENT_RUN_REAL_DATA,True,100,100,0,0,0,0,99,0,6,0,99,99,99,1191,3.0,21.0,
4310,CURRENT_RUN_REAL_DATA,True,108,108,0,0,0,46,61,43,6,12,107,107,107,1138,0.0,130.0,
4311,CURRENT_RUN_REAL_DATA,True,108,108,0,0,0,2,105,2,22,2,107,107,107,1194,0.0,31.0,
4312,CURRENT_RUN_REAL_DATA,True,97,97,0,0,0,13,83,8,21,3,96,96,96,1191,0.0,90.0,
4313,CURRENT_RUN_REAL_DATA,True,100,100,0,0,0,0,99,0,90,0,99,99,99,1190,5.0,21.0,
4314,CURRENT_RUN_REAL_DATA,True,99,99,0,0,0,2,96,2,26,2,98,98,98,1191,0.0,75.0,
4315,CURRENT_RUN_REAL_DATA,True,98,98,0,0,0,2,95,0,86,1,97,97,97,1188,0.0,56.0,
4316,CURRENT_RUN_REAL_DATA,True,99,99,0,0,0,0,98,0,78,0,98,98,98,1193,10.0,20.0,
4317,CURRENT_RUN_REAL_DATA,True,99,99,0,0,0,3,95,3,61,1,98,98,98,1180,0.0,47.0,
4318,CURRENT_RUN_REAL_DATA,True,100,100,0,0,0,2,97,0,89,1,99,99,99,1190,0.0,39.0,
4319,CURRENT_RUN_REAL_DATA,True,100,100,0,0,0,0,99,0,89,0,99,99,99,1194,2.0,29.0,
4320,CURRENT_RUN_REAL_DATA,True,99,99,0,0,0,0,98,0,79,0,98,98,98,1190,8.0,22.0,
4321,CURRENT_RUN_REAL_DATA,True,101,101,0,0,0,0,100,0,91,0,100,100,100,1191,5.0,20.0,
4322,CURRENT_RUN_REAL_DATA,True,80,80,0,0,0,51,28,5,70,6,79,79,79,821,0.0,173.0,
4323,CURRENT_RUN_REAL_DATA,True,98,98,0,0,0,0,97,0,87,0,97,97,97,1186,7.0,28.0,
4324,CURRENT_RUN_REAL_DATA,True,102,102,0,0,0,1,100,1,40,1,101,101,101,1188,0.0,51.0,
4325,CURRENT_RUN_REAL_DATA,True,110,110,0,0,0,6,103,6,22,2,109,109,109,1186,0.0,56.0,
4326,CURRENT_RUN_REAL_DATA,True,103,103,0,0,0,0,102,0,82,0,102,102,102,1190,5.0,29.0,
4327,CURRENT_RUN_REAL_DATA,True,97,97,0,0,0,0,96,0,86,1,96,96,96,1186,8.0,31.0,
4328,CURRENT_RUN_REAL_DATA,True,123,123,0,0,0,3,119,3,13,0,122,122,122,1190,0.0,30.0,
4329,CURRENT_RUN_REAL_DATA,True,100,100,0,0,0,1,98,0,96,0,99,99,99,1195,0.0,22.0,
4330,CURRENT_RUN_REAL_DATA,True,58,58,0,0,0,29,28,3,46,12,57,57,57,1180,0.0,91.0,
4331,CURRENT_RUN_REAL_DATA,True,103,103,0,0,0,8,94,0,92,3,102,102,102,1167,0.0,47.0,
4332,CURRENT_RUN_REAL_DATA,True,106,106,0,0,0,40,65,5,78,1,105,105,105,1189,0.0,476.0,
4333,CURRENT_RUN_REAL_DATA,True,100,100,0,0,0,0,99,0,79,0,99,99,99,1193,2.0,21.0,
4334,CURRENT_RUN_REAL_DATA,True,97,97,0,0,0,0,96,0,0,0,96,96,96,1179,6.0,30.0,
4335,CURRENT_RUN_REAL_DATA,True,100,100,0,0,0,0,99,0,88,0,99,99,99,1194,1.0,20.0,
4336,CURRENT_RUN_REAL_DATA,True,110,110,0,0,0,0,109,0,26,1,109,109,109,1193,1.0,31.0,
4337,CURRENT_RUN_REAL_DATA,True,101,101,0,0,0,0,100,0,80,0,100,100,100,1191,4.0,20.0,
4338,CURRENT_RUN_REAL_DATA,True,97,97,0,0,0,0,96,0,87,0,96,96,96,1186,10.0,30.0,
4339,CURRENT_RUN_REAL_DATA,True,99,99,0,0,0,0,98,0,91,0,98,98,98,1187,7.0,21.0,
4340,CURRENT_RUN_REAL_DATA,True,105,105,0,0,0,5,99,5,73,1,104,104,104,1191,0.0,59.0,
4341,CURRENT_RUN_REAL_DATA,True,99,99,0,0,0,8,90,8,2,4,98,98,98,1198,0.0,67.0,
4342,CURRENT_RUN_REAL_DATA,True,104,104,0,0,0,4,99,4,21,2,103,103,103,1190,0.0,103.0,
4343,CURRENT_RUN_REAL_DATA,True,99,99,0,0,0,0,98,0,88,0,98,98,98,1191,2.0,29.0,
4344,CURRENT_RUN_REAL_DATA,True,97,97,0,0,0,2,94,1,68,1,96,96,96,1188,0.0,110.0,
4345,CURRENT_RUN_REAL_DATA,True,115,115,0,0,0,18,96,14,27,4,114,114,114,1189,0.0,88.0,
4346,CURRENT_RUN_REAL_DATA,True,100,100,0,0,0,0,99,0,89,0,99,99,99,1191,2.0,21.0,
4347,CURRENT_RUN_REAL_DATA,True,96,96,0,0,0,0,95,0,85,1,95,95,95,1192,7.0,31.0,
4348,CURRENT_RUN_REAL_DATA,True,99,99,0,0,0,0,98,0,88,0,98,98,98,1190,8.0,23.0,
4349,CURRENT_RUN_REAL_DATA,True,156,156,0,0,0,10,145,8,23,0,155,155,155,1190,0.0,23.0,
4350,CURRENT_RUN_REAL_DATA,True,99,99,0,0,0,0,98,0,80,0,98,98,98,1190,6.0,30.0,
4351,CURRENT_RUN_REAL_DATA,True,113,113,0,0,0,6,106,6,21,0,112,112,112,1186,0.0,27.0,
4352,CURRENT_RUN_REAL_DATA,True,101,101,0,0,0,2,98,1,85,0,100,100,100,1191,0.0,23.0,
4353,CURRENT_RUN_REAL_DATA,True,63,63,0,0,0,0,62,0,46,2,62,62,62,1189,6.0,411.0,
4354,CURRENT_RUN_REAL_DATA,True,100,100,0,0,0,0,99,0,89,0,99,99,99,1190,1.0,21.0,
4355,CURRENT_RUN_REAL_DATA,True,100,100,0,0,0,0,99,0,87,0,99,99,99,1190,6.0,30.0,
4356,CURRENT_RUN_REAL_DATA,True,100,100,0,0,0,0,99,0,79,0,99,99,99,1189,7.0,28.0,
4357,CURRENT_RUN_REAL_DATA,True,101,101,0,0,0,0,100,0,0,0,100,100,100,1186,1.0,24.0,
4358,CURRENT_RUN_REAL_DATA,True,100,100,0,0,0,0,99,0,89,0,99,99,99,1193,1.0,21.0,
4359,CURRENT_RUN_REAL_DATA,True,99,99,0,0,0,0,98,0,95,0,98,98,98,1191,4.0,30.0,
4360,CURRENT_RUN_REAL_DATA,True,102,102,0,0,0,4,97,0,58,1,101,101,101,1180,0.0,57.0,
4361,CURRENT_RUN_REAL_DATA,True,100,100,0,0,0,0,99,0,89,0,99,99,99,1193,2.0,21.0,
4362,CURRENT_RUN_REAL_DATA,True,98,98,0,0,0,0,97,0,87,0,97,97,97,1186,8.0,22.0,
4363,CURRENT_RUN_REAL_DATA,True,98,98,0,0,0,0,97,0,76,0,97,97,97,1195,9.0,30.0,
4364,CURRENT_RUN_REAL_DATA,True,112,112,0,0,0,0,111,0,0,0,111,111,111,1191,1.0,21.0,
4365,CURRENT_RUN_REAL_DATA,True,116,116,0,0,0,11,104,7,24,4,115,115,115,1197,0.0,42.0,
4366,CURRENT_RUN_REAL_DATA,True,99,99,0,0,0,0,98,0,79,0,98,98,98,1189,6.0,23.0,
4367,CURRENT_RUN_REAL_DATA,True,121,121,0,0,0,1,119,1,0,0,120,120,120,1197,0.0,30.0,
4368,CURRENT_RUN_REAL_DATA,True,101,101,0,0,0,3,97,1,91,1,100,100,100,1194,0.0,48.0,
4369,CURRENT_RUN_REAL_DATA,True,99,99,0,0,0,0,98,0,90,0,98,98,98,1187,1.0,22.0,
4370,CURRENT_RUN_REAL_DATA,True,100,100,0,0,0,0,99,0,31,0,99,99,99,1193,2.0,26.0,
4371,CURRENT_RUN_REAL_DATA,True,104,104,0,0,0,0,103,0,8,0,103,103,103,1186,1.0,30.0,
4372,CURRENT_RUN_REAL_DATA,True,100,100,0,0,0,0,99,0,79,0,99,99,99,1191,4.0,23.0,
4373,CURRENT_RUN_REAL_DATA,True,100,100,0,0,0,0,99,0,80,0,99,99,99,1188,5.0,30.0,
4374,CURRENT_RUN_REAL_DATA,True,99,99,0,0,0,0,98,0,0,0,98,98,98,1195,9.0,21.0,
4375,CURRENT_RUN_REAL_DATA,True,100,100,0,0,0,0,99,0,89,0,99,99,99,1190,5.0,21.0,
4376,CURRENT_RUN_REAL_DATA,True,174,174,0,0,0,10,163,8,17,2,173,173,173,1190,0.0,34.0,
4377,CURRENT_RUN_REAL_DATA,True,100,100,0,0,0,1,98,0,89,0,99,99,99,1194,0.0,20.0,
4378,CURRENT_RUN_REAL_DATA,True,109,109,0,0,0,0,108,0,29,0,108,108,108,1192,1.0,30.0,
4379,CURRENT_RUN_REAL_DATA,True,97,97,0,0,0,0,96,0,86,0,96,96,96,1176,8.0,22.0,
4380,CURRENT_RUN_REAL_DATA,True,112,112,0,0,0,19,92,19,12,4,111,111,111,1064,0.0,97.0,
4381,CURRENT_RUN_REAL_DATA,True,101,101,0,0,0,0,100,0,26,0,100,100,100,1181,2.0,23.0,
4382,CURRENT_RUN_REAL_DATA,True,100,100,0,0,0,0,99,0,5,0,99,99,99,1191,2.0,20.0,
4383,CURRENT_RUN_REAL_DATA,True,107,107,0,0,0,1,105,1,34,0,106,106,106,1197,0.0,24.0,
4384,CURRENT_RUN_REAL_DATA,True,101,101,0,0,0,0,100,0,71,0,100,100,100,1191,2.0,20.0,
4385,CURRENT_RUN_REAL_DATA,True,152,152,0,0,0,17,134,17,30,0,151,151,151,1195,0.0,30.0,
4386,CURRENT_RUN_REAL_DATA,True,112,112,0,0,0,13,98,7,29,1,111,111,111,1184,0.0,129.0,
4387,CURRENT_RUN_REAL_DATA,True,75,75,0,0,0,48,26,41,10,6,74,74,74,1080,0.0,462.0,
4388,CURRENT_RUN_REAL_DATA,True,111,111,0,0,0,4,106,4,40,0,110,110,110,1187,0.0,25.0,
4389,CURRENT_RUN_REAL_DATA,True,99,99,0,0,0,0,98,0,88,0,98,98,98,1195,9.0,21.0,
4390,CURRENT_RUN_REAL_DATA,True,100,100,0,0,0,0,99,0,89,0,99,99,99,1190,3.0,20.0,
4391,CURRENT_RUN_REAL_DATA,True,99,99,0,0,0,0,98,0,88,0,98,98,98,1195,10.0,20.0,
4392,CURRENT_RUN_REAL_DATA,True,100,100,0,0,0,0,99,0,79,0,99,99,99,1190,5.0,20.0,
4393,CURRENT_RUN_REAL_DATA,True,100,100,0,0,0,0,99,0,79,0,99,99,99,1184,5.0,21.0,
4394,CURRENT_RUN_REAL_DATA,True,74,74,0,0,0,55,18,7,63,8,73,73,73,911,0.0,270.0,
4395,CURRENT_RUN_REAL_DATA,True,109,109,0,0,0,2,106,2,21,0,108,108,108,1188,0.0,30.0,
4396,CURRENT_RUN_REAL_DATA,True,101,101,0,0,0,6,94,6,10,1,100,100,100,1187,0.0,459.0,
4397,CURRENT_RUN_REAL_DATA,True,99,99,0,0,0,0,98,0,62,0,98,98,98,1191,4.0,30.0,
4398,CURRENT_RUN_REAL_DATA,True,110,110,0,0,0,1,108,0,50,0,109,109,109,1189,0.0,27.0,
4399,CURRENT_RUN_REAL_DATA,True,100,100,0,0,0,0,99,0,90,0,99,99,99,1193,1.0,20.0,
4400,CURRENT_RUN_REAL_DATA,True,100,100,0,0,0,0,99,0,90,0,99,99,99,1190,5.0,24.0,
4401,CURRENT_RUN_REAL_DATA,True,100,100,0,0,0,0,99,0,80,0,99,99,99,1187,5.0,20.0,
4402,CURRENT_RUN_REAL_DATA,True,105,105,0,0,0,5,99,5,19,3,104,104,104,1188,0.0,53.0,
4403,CURRENT_RUN_REAL_DATA,True,108,108,0,0,0,0,107,0,24,0,107,107,107,1190,1.0,25.0,
4404,CURRENT_RUN_REAL_DATA,True,125,125,0,0,0,5,119,5,24,1,124,124,124,1192,0.0,48.0,
4405,CURRENT_RUN_REAL_DATA,True,125,125,0,0,0,8,116,5,31,2,124,124,124,1186,0.0,62.0,
4406,CURRENT_RUN_REAL_DATA,True,125,125,0,0,0,16,108,16,9,1,124,124,124,1178,0.0,122.0,
4407,CURRENT_RUN_REAL_DATA,True,120,120,0,0,0,17,102,17,0,2,119,119,119,1141,0.0,58.0,
4408,CURRENT_RUN_REAL_DATA,True,106,106,0,0,0,7,98,6,19,4,105,105,105,1187,0.0,50.0,
4409,CURRENT_RUN_REAL_DATA,True,109,109,0,0,0,8,100,7,10,2,108,108,108,1191,0.0,81.0,
4410,CURRENT_RUN_REAL_DATA,True,114,114,0,0,0,5,108,5,37,3,113,113,113,1188,0.0,67.0,
4411,CURRENT_RUN_REAL_DATA,True,111,111,0,0,0,5,105,5,44,1,110,110,110,1188,0.0,73.0,
4412,CURRENT_RUN_REAL_DATA,True,97,97,0,0,0,2,94,1,57,2,96,96,96,1186,0.0,69.0,
4413,CURRENT_RUN_REAL_DATA,True,98,98,0,0,0,0,97,0,77,0,97,97,97,1195,9.0,30.0,
4414,CURRENT_RUN_REAL_DATA,True,101,101,0,0,0,41,59,0,90,11,100,100,100,1171,0.0,138.0,
4415,CURRENT_RUN_REAL_DATA,True,105,105,0,0,0,8,96,2,62,2,104,104,104,1191,0.0,64.0,
4416,CURRENT_RUN_REAL_DATA,True,105,105,0,0,0,2,102,2,62,0,104,104,104,1186,0.0,25.0,
4417,CURRENT_RUN_REAL_DATA,True,108,108,0,0,0,11,96,11,12,3,107,107,107,1195,0.0,112.0,
4418,CURRENT_RUN_REAL_DATA,True,140,140,0,0,0,8,131,8,21,0,139,139,139,1196,0.0,29.0,
4419,CURRENT_RUN_REAL_DATA,True,103,103,0,0,0,0,102,0,33,0,102,102,102,1186,1.0,30.0,
4420,CURRENT_RUN_REAL_DATA,True,102,102,0,0,0,4,97,0,96,0,101,101,101,1159,0.0,21.0,
4421,CURRENT_RUN_REAL_DATA,True,110,110,0,0,0,2,107,2,0,0,109,109,109,1190,0.0,23.0,
4422,CURRENT_RUN_REAL_DATA,True,95,95,0,0,0,0,94,0,2,0,94,94,94,1128,1.0,30.0,
4423,CURRENT_RUN_REAL_DATA,True,108,108,0,0,0,3,104,1,34,1,107,107,107,1192,0.0,49.0,
4424,CURRENT_RUN_REAL_DATA,True,103,103,0,0,0,2,100,2,25,1,102,102,102,1189,0.0,31.0,
4425,CURRENT_RUN_REAL_DATA,True,108,108,0,0,0,13,94,7,33,2,107,107,107,1195,0.0,101.0,
4426,CURRENT_RUN_REAL_DATA,True,99,99,0,0,0,0,98,0,77,0,98,98,98,1188,7.0,28.0,
4427,CURRENT_RUN_REAL_DATA,True,99,99,0,0,0,0,98,0,13,0,98,98,98,1190,9.0,22.0,
4428,CURRENT_RUN_REAL_DATA,True,100,100,0,0,0,2,97,0,78,0,99,99,99,1186,0.0,24.0,
4429,CURRENT_RUN_REAL_DATA,True,99,99,0,0,0,0,98,0,85,0,98,98,98,1188,7.0,21.0,
4430,CURRENT_RUN_REAL_DATA,True,100,100,0,0,0,0,99,0,79,0,99,99,99,1189,1.0,22.0,
4431,CURRENT_RUN_REAL_DATA,True,132,132,0,0,0,6,125,5,16,0,131,131,131,1195,0.0,26.0,
4432,CURRENT_RUN_REAL_DATA,True,99,99,0,0,0,0,98,0,89,0,98,98,98,1190,7.0,30.0,
4433,CURRENT_RUN_REAL_DATA,True,100,100,0,0,0,0,99,0,26,0,99,99,99,1192,2.0,21.0,
4434,CURRENT_RUN_REAL_DATA,True,99,99,0,0,0,0,98,0,0,0,98,98,98,1189,7.0,20.0,
4435,CURRENT_RUN_REAL_DATA,True,137,137,0,0,0,4,132,4,16,0,136,136,136,1195,0.0,29.0,
4436,CURRENT_RUN_REAL_DATA,True,98,98,0,0,0,0,97,0,87,0,97,97,97,1186,9.0,21.0,
4437,CURRENT_RUN_REAL_DATA,True,92,92,0,0,0,47,44,9,72,16,91,91,91,1179,0.0,120.0,
4438,CURRENT_RUN_REAL_DATA,True,119,119,0,0,0,5,113,5,0,1,118,118,118,1192,0.0,35.0,
4439,CURRENT_RUN_REAL_DATA,True,111,111,0,0,0,35,75,35,0,6,110,110,110,1166,0.0,136.0,
4440,CURRENT_RUN_REAL_DATA,True,98,98,0,0,0,0,97,0,25,1,97,97,97,1189,7.0,31.0,
4441,CURRENT_RUN_REAL_DATA,True,100,100,0,0,0,0,99,0,91,0,99,99,99,1186,6.0,21.0,
4442,CURRENT_RUN_REAL_DATA,True,101,101,0,0,0,0,100,0,81,0,100,100,100,1191,7.0,20.0,
4443,CURRENT_RUN_REAL_DATA,True,104,104,0,0,0,0,103,0,47,0,103,103,103,1186,1.0,30.0,
4444,CURRENT_RUN_REAL_DATA,True,103,103,0,0,0,4,98,4,1,2,102,102,102,1195,0.0,40.0,
4445,CURRENT_RUN_REAL_DATA,True,103,103,0,0,0,1,101,0,24,3,102,102,102,1186,0.0,90.0,
4446,CURRENT_RUN_REAL_DATA,True,107,107,0,0,0,10,96,10,17,3,106,106,106,1195,0.0,65.0,
4447,CURRENT_RUN_REAL_DATA,True,99,99,0,0,0,0,98,0,88,0,98,98,98,1186,1.0,21.0,
4448,CURRENT_RUN_REAL_DATA,True,99,99,0,0,0,0,98,0,78,0,98,98,98,1186,1.0,22.0,
4449,CURRENT_RUN_REAL_DATA,True,100,100,0,0,0,0,99,0,89,0,99,99,99,1194,2.0,22.0,
4450,CURRENT_RUN_REAL_DATA,True,102,102,0,0,0,14,87,14,34,3,101,101,101,1190,0.0,120.0,
4451,CURRENT_RUN_REAL_DATA,True,100,100,0,0,0,0,99,0,92,0,99,99,99,1194,1.0,20.0,
4452,CURRENT_RUN_REAL_DATA,True,100,100,0,0,0,0,99,0,89,0,99,99,99,1195,1.0,21.0,
4453,CURRENT_RUN_REAL_DATA,True,124,124,0,0,0,11,112,11,15,2,123,123,123,1186,0.0,94.0,
4454,CURRENT_RUN_REAL_DATA,True,101,101,0,0,0,4,96,4,69,1,100,100,100,1198,0.0,67.0,
4455,CURRENT_RUN_REAL_DATA,True,100,100,0,0,0,0,99,0,90,0,99,99,99,1195,1.0,21.0,
4456,CURRENT_RUN_REAL_DATA,True,113,113,0,0,0,4,108,4,23,1,112,112,112,1182,0.0,36.0,
4457,CURRENT_RUN_REAL_DATA,True,96,96,0,0,0,3,92,1,75,2,95,95,95,1191,0.0,42.0,
4458,CURRENT_RUN_REAL_DATA,True,123,123,0,0,0,2,120,2,0,0,122,122,122,1194,0.0,27.0,
4459,CURRENT_RUN_REAL_DATA,True,100,100,0,0,0,0,99,0,4,0,99,99,99,1194,2.0,21.0,
4460,CURRENT_RUN_REAL_DATA,True,97,97,0,0,0,3,93,0,86,1,96,96,96,1194,0.0,65.0,
4461,CURRENT_RUN_REAL_DATA,True,128,128,0,0,0,5,122,5,0,1,127,127,127,1196,0.0,50.0,
4462,CURRENT_RUN_REAL_DATA,True,115,115,0,0,0,1,113,0,18,1,114,114,114,1195,0.0,31.0,
4463,CURRENT_RUN_REAL_DATA,True,98,98,0,0,0,0,97,0,87,1,97,97,97,1189,6.0,31.0,
4464,CURRENT_RUN_REAL_DATA,True,104,104,0,0,0,7,96,7,12,2,103,103,103,1197,0.0,99.0,
4465,CURRENT_RUN_REAL_DATA,True,99,99,0,0,0,0,98,0,25,0,98,98,98,1188,7.0,28.0,
4466,CURRENT_RUN_REAL_DATA,True,103,103,0,0,0,0,102,0,92,0,102,102,102,1188,7.0,29.0,
4467,CURRENT_RUN_REAL_DATA,True,92,92,0,0,0,8,83,4,32,2,91,91,91,1189,0.0,160.0,
4468,CURRENT_RUN_REAL_DATA,True,99,99,0,0,0,0,98,0,88,0,98,98,98,1189,8.0,21.0,
4469,CURRENT_RUN_REAL_DATA,True,104,104,0,0,0,3,100,3,0,1,103,103,103,1187,0.0,32.0,
4470,CURRENT_RUN_REAL_DATA,True,100,100,0,0,0,0,99,0,25,0,99,99,99,1191,4.0,20.0,
4471,CURRENT_RUN_REAL_DATA,True,100,100,0,0,0,0,99,0,76,0,99,99,99,1191,1.0,20.0,
4472,CURRENT_RUN_REAL_DATA,True,121,121,0,0,0,10,110,10,16,2,120,120,120,1191,0.0,71.0,
4473,CURRENT_RUN_REAL_DATA,True,99,99,0,0,0,1,97,0,78,0,98,98,98,1194,0.0,30.0,
4474,CURRENT_RUN_REAL_DATA,True,102,102,0,0,0,0,101,0,15,0,101,101,101,1187,2.0,29.0,
4475,CURRENT_RUN_REAL_DATA,True,114,114,0,0,0,2,111,2,12,1,113,113,113,1179,0.0,33.0,
4476,CURRENT_RUN_REAL_DATA,True,100,100,0,0,0,1,98,0,54,0,99,99,99,1132,0.0,26.0,
4477,CURRENT_RUN_REAL_DATA,True,98,98,0,0,0,1,96,1,35,0,97,97,97,1162,0.0,29.0,
4478,CURRENT_RUN_REAL_DATA,True,99,99,0,0,0,0,98,0,89,1,98,98,98,1190,4.0,33.0,
4479,CURRENT_RUN_REAL_DATA,True,100,100,0,0,0,0,99,0,36,0,99,99,99,1191,4.0,20.0,
4480,CURRENT_RUN_REAL_DATA,True,96,96,0,0,0,0,95,0,85,1,95,95,95,1185,6.0,33.0,
4481,CURRENT_RUN_REAL_DATA,True,99,99,0,0,0,0,98,0,78,0,98,98,98,1190,7.0,30.0,
4482,CURRENT_RUN_REAL_DATA,True,111,111,0,0,0,1,109,1,19,0,110,110,110,1191,0.0,30.0,
4483,CURRENT_RUN_REAL_DATA,True,97,97,0,0,0,1,95,1,0,2,96,96,96,1186,0.0,110.0,
4484,CURRENT_RUN_REAL_DATA,True,99,99,0,0,0,0,98,0,10,0,98,98,98,1194,10.0,20.0,
4485,CURRENT_RUN_REAL_DATA,True,111,111,0,0,0,2,108,2,10,1,110,110,110,1186,0.0,33.0,
4486,CURRENT_RUN_REAL_DATA,True,100,100,0,0,0,0,99,0,79,0,99,99,99,1190,6.0,20.0,
4487,CURRENT_RUN_REAL_DATA,True,113,113,0,0,0,2,110,2,9,1,112,112,112,1198,0.0,37.0,
4488,CURRENT_RUN_REAL_DATA,True,117,117,0,0,0,0,116,0,47,0,116,116,116,1186,1.0,21.0,
4489,CURRENT_RUN_REAL_DATA,True,99,99,0,0,0,0,98,0,90,0,98,98,98,1191,10.0,20.0,
4490,CURRENT_RUN_REAL_DATA,True,103,103,0,0,0,2,100,2,3,1,102,102,102,1195,0.0,50.0,
4491,CURRENT_RUN_REAL_DATA,True,97,97,0,0,0,0,96,0,86,1,96,96,96,1186,9.0,31.0,
4492,CURRENT_RUN_REAL_DATA,True,99,99,0,0,0,1,97,0,89,0,98,98,98,1187,0.0,23.0,
4493,CURRENT_RUN_REAL_DATA,True,99,99,0,0,0,0,98,0,79,0,98,98,98,1189,6.0,23.0,
4494,CURRENT_RUN_REAL_DATA,True,198,198,0,0,0,164,33,19,171,13,197,197,197,817,0.0,75.0,
4495,CURRENT_RUN_REAL_DATA,True,97,97,0,0,0,4,92,4,0,1,96,96,96,1142,0.0,64.0,
4496,CURRENT_RUN_REAL_DATA,True,104,104,0,0,0,3,100,0,82,1,103,103,103,1191,0.0,33.0,
4497,CURRENT_RUN_REAL_DATA,True,99,99,0,0,0,0,98,0,77,0,98,98,98,1189,6.0,21.0,
4498,CURRENT_RUN_REAL_DATA,True,111,111,0,0,0,15,95,14,11,4,110,110,110,1188,0.0,86.0,
4499,CURRENT_RUN_REAL_DATA,True,99,99,0,0,0,0,98,0,89,0,98,98,98,1190,6.0,30.0,
4500,CURRENT_RUN_REAL_DATA,True,109,109,0,0,0,9,99,8,10,4,108,108,108,1186,0.0,48.0,
4501,CURRENT_RUN_REAL_DATA,True,105,105,0,0,0,0,104,0,43,0,104,104,104,1190,1.0,21.0,
4502,CURRENT_RUN_REAL_DATA,True,104,104,0,0,0,3,100,3,0,3,103,103,103,1188,0.0,42.0,
4503,CURRENT_RUN_REAL_DATA,True,94,94,0,0,0,4,89,4,28,1,93,93,93,1176,0.0,117.0,
4504,CURRENT_RUN_REAL_DATA,True,100,100,0,0,0,0,99,0,79,0,99,99,99,1191,4.0,21.0,
4505,CURRENT_RUN_REAL_DATA,True,138,138,0,0,0,2,135,2,24,0,137,137,137,1192,0.0,26.0,
4506,CURRENT_RUN_REAL_DATA,True,93,93,0,0,0,7,85,6,41,3,92,92,92,1166,0.0,117.0,
4507,CURRENT_RUN_REAL_DATA,True,99,99,0,0,0,0,98,0,88,0,98,98,98,1188,8.0,28.0,
4508,CURRENT_RUN_REAL_DATA,True,114,114,0,0,0,43,70,34,33,1,113,113,113,1192,0.0,418.0,
4509,CURRENT_RUN_REAL_DATA,True,100,100,0,0,0,0,99,0,7,0,99,99,99,1191,2.0,21.0,
4510,CURRENT_RUN_REAL_DATA,True,100,100,0,0,0,0,99,0,2,0,99,99,99,1190,5.0,21.0,
4511,CURRENT_RUN_REAL_DATA,True,112,112,0,0,0,1,110,1,15,0,111,111,111,1189,0.0,28.0,
4512,CURRENT_RUN_REAL_DATA,True,115,115,0,0,0,3,111,3,17,1,114,114,114,1186,0.0,60.0,
4513,CURRENT_RUN_REAL_DATA,True,99,99,0,0,0,0,98,0,78,0,98,98,98,1189,7.0,23.0,
4514,CURRENT_RUN_REAL_DATA,True,118,118,0,0,0,0,117,0,16,0,117,117,117,1195,1.0,29.0,
4515,CURRENT_RUN_REAL_DATA,True,107,107,0,0,0,0,106,0,27,0,106,106,106,1187,1.0,25.0,
4516,CURRENT_RUN_REAL_DATA,True,100,100,0,0,0,0,99,0,81,0,99,99,99,1193,2.0,20.0,
4517,CURRENT_RUN_REAL_DATA,True,109,109,0,0,0,0,108,0,72,0,108,108,108,1186,1.0,23.0,
4518,CURRENT_RUN_REAL_DATA,True,99,99,0,0,0,0,98,0,78,0,98,98,98,1195,9.0,21.0,
4519,CURRENT_RUN_REAL_DATA,True,127,127,0,0,0,8,118,8,18,1,126,126,126,1187,0.0,39.0,
4520,CURRENT_RUN_REAL_DATA,True,100,100,0,0,0,0,99,0,50,0,99,99,99,1191,3.0,21.0,
4521,CURRENT_RUN_REAL_DATA,True,107,107,0,0,0,16,90,16,25,6,106,106,106,1144,0.0,83.0,
4522,CURRENT_RUN_REAL_DATA,True,99,99,0,0,0,0,98,0,3,0,98,98,98,1179,3.0,21.0,
4523,CURRENT_RUN_REAL_DATA,True,99,99,0,0,0,0,98,0,80,0,98,98,98,1181,1.0,22.0,
4524,CURRENT_RUN_REAL_DATA,True,100,100,0,0,0,0,99,0,79,0,99,99,99,1192,6.0,21.0,
4525,CURRENT_RUN_REAL_DATA,True,99,99,0,0,0,0,98,0,78,0,98,98,98,1189,8.0,22.0,
4526,CURRENT_RUN_REAL_DATA,True,97,97,0,0,0,0,96,0,86,0,96,96,96,1180,5.0,30.0,
4527,CURRENT_RUN_REAL_DATA,True,93,93,0,0,0,40,52,5,83,7,92,92,92,1020,0.0,116.0,
4528,CURRENT_RUN_REAL_DATA,True,99,99,0,0,0,0,98,0,89,0,98,98,98,1190,9.0,21.0,
4529,CURRENT_RUN_REAL_DATA,True,144,144,0,0,0,47,96,47,15,5,143,143,143,1189,0.0,166.0,
4530,CURRENT_RUN_REAL_DATA,True,123,123,0,0,0,11,111,11,0,3,122,122,122,1191,0.0,56.0,
4531,CURRENT_RUN_REAL_DATA,True,116,116,0,0,0,8,107,8,30,1,115,115,115,1179,0.0,38.0,
4532,CURRENT_RUN_REAL_DATA,True,98,98,0,0,0,0,97,0,74,0,97,97,97,1189,6.0,30.0,
4533,CURRENT_RUN_REAL_DATA,True,99,99,0,0,0,0,98,0,95,0,98,98,98,1190,4.0,30.0,
4534,CURRENT_RUN_REAL_DATA,True,96,96,0,0,0,0,95,0,85,1,95,95,95,1190,2.0,56.0,
4535,CURRENT_RUN_REAL_DATA,True,110,110,0,0,0,18,91,18,28,1,109,109,109,1182,0.0,171.0,
4536,CURRENT_RUN_REAL_DATA,True,100,100,0,0,0,0,99,0,81,0,99,99,99,1191,1.0,20.0,
4537,CURRENT_RUN_REAL_DATA,True,100,100,0,0,0,0,99,0,89,0,99,99,99,1195,1.0,21.0,
4538,CURRENT_RUN_REAL_DATA,True,91,91,0,0,0,5,85,5,33,2,90,90,90,1180,0.0,209.0,
4539,CURRENT_RUN_REAL_DATA,True,106,106,0,0,0,0,105,0,30,0,105,105,105,1182,2.0,21.0,
4540,CURRENT_RUN_REAL_DATA,True,101,101,0,0,0,3,97,3,1,1,100,100,100,1194,0.0,47.0,
4541,CURRENT_RUN_REAL_DATA,True,91,91,0,0,0,15,75,4,66,4,90,90,90,1085,0.0,93.0,
4542,CURRENT_RUN_REAL_DATA,True,98,98,0,0,0,4,93,4,1,2,97,97,97,1193,0.0,140.0,
4543,CURRENT_RUN_REAL_DATA,True,99,99,0,0,0,0,98,0,13,0,98,98,98,1188,7.0,23.0,
4544,CURRENT_RUN_REAL_DATA,True,121,121,0,0,0,10,110,10,36,1,120,120,120,1187,0.0,39.0,
4545,CURRENT_RUN_REAL_DATA,True,98,98,0,0,0,0,97,0,87,0,97,97,97,1190,9.0,29.0,
4546,CURRENT_RUN_REAL_DATA,True,124,124,0,0,0,9,114,9,1,2,123,123,123,1189,0.0,34.0,
4547,CURRENT_RUN_REAL_DATA,True,99,99,0,0,0,0,98,0,89,0,98,98,98,1191,3.0,21.0,
4548,CURRENT_RUN_REAL_DATA,True,100,100,0,0,0,0,99,0,74,0,99,99,99,1191,4.0,21.0,
4549,CURRENT_RUN_REAL_DATA,True,103,103,0,0,0,2,100,2,0,1,102,102,102,1186,0.0,50.0,
4550,CURRENT_RUN_REAL_DATA,True,99,99,0,0,0,0,98,0,7,0,98,98,98,1187,6.0,27.0,
4551,CURRENT_RUN_REAL_DATA,True,101,101,0,0,0,2,98,2,17,1,100,100,100,1194,0.0,96.0,
4552,CURRENT_RUN_REAL_DATA,True,107,107,0,0,0,28,78,12,59,7,106,106,106,1173,0.0,89.0,
4553,CURRENT_RUN_REAL_DATA,True,99,99,0,0,0,74,24,69,5,8,98,98,98,1036,0.0,260.0,
4554,CURRENT_RUN_REAL_DATA,True,100,100,0,0,0,0,99,0,89,0,99,99,99,1190,6.0,21.0,
4555,CURRENT_RUN_REAL_DATA,True,100,100,0,0,0,0,99,0,90,0,99,99,99,1186,4.0,20.0,
4556,CURRENT_RUN_REAL_DATA,True,101,101,0,0,0,0,100,0,90,0,100,100,100,1191,2.0,21.0,
4557,CURRENT_RUN_REAL_DATA,True,111,111,0,0,0,20,90,20,0,4,110,110,110,1187,0.0,89.0,
4558,CURRENT_RUN_REAL_DATA,True,104,104,0,0,0,7,96,5,49,4,103,103,103,1193,0.0,37.0,
4559,CURRENT_RUN_REAL_DATA,True,99,99,0,0,0,0,98,0,79,0,98,98,98,1191,7.0,30.0,
4560,CURRENT_RUN_REAL_DATA,True,100,100,0,0,0,0,99,0,49,0,99,99,99,1191,4.0,20.0,
4561,CURRENT_RUN_REAL_DATA,True,113,113,0,0,0,18,94,10,29,2,112,112,112,1186,0.0,101.0,
4562,CURRENT_RUN_REAL_DATA,True,171,171,0,0,0,18,152,18,18,0,170,170,170,1186,0.0,26.0,
4563,CURRENT_RUN_REAL_DATA,True,99,99,0,0,0,0,98,0,78,0,98,98,98,1195,9.0,21.0,
4564,CURRENT_RUN_REAL_DATA,True,96,96,0,0,0,0,95,0,32,0,95,95,95,1133,5.0,24.0,
4565,CURRENT_RUN_REAL_DATA,True,105,105,0,0,0,5,99,4,68,0,104,104,104,1144,0.0,20.0,
4566,CURRENT_RUN_REAL_DATA,True,100,100,0,0,0,0,99,0,89,0,99,99,99,1194,1.0,21.0,
4567,CURRENT_RUN_REAL_DATA,True,110,110,0,0,0,12,97,12,13,3,109,109,109,1196,0.0,119.0,
4568,CURRENT_RUN_REAL_DATA,True,101,101,0,0,0,1,99,0,6,1,100,100,100,1189,0.0,77.0,
4569,CURRENT_RUN_REAL_DATA,True,100,100,0,0,0,0,99,0,1,0,99,99,99,1190,6.0,21.0,
4570,CURRENT_RUN_REAL_DATA,True,111,111,0,0,0,1,109,1,47,0,110,110,110,1191,0.0,21.0,
4571,CURRENT_RUN_REAL_DATA,True,131,131,0,0,0,115,15,22,107,0,130,130,130,129,0.0,20.0,
4572,CURRENT_RUN_REAL_DATA,True,81,81,0,0,0,0,80,0,4,2,80,80,80,1195,9.0,208.0,
4573,CURRENT_RUN_REAL_DATA,True,116,116,0,0,0,3,112,3,28,0,115,115,115,1194,0.0,21.0,
4574,CURRENT_RUN_REAL_DATA,True,94,94,0,0,0,8,85,8,10,4,93,93,93,1189,0.0,146.0,
4575,CURRENT_RUN_REAL_DATA,True,104,104,0,0,0,4,99,4,21,1,103,103,103,1190,0.0,35.0,
4576,CURRENT_RUN_REAL_DATA,True,100,100,0,0,0,0,99,0,75,0,99,99,99,1191,5.0,21.0,
4577,CURRENT_RUN_REAL_DATA,True,107,107,0,0,0,7,99,7,43,1,106,106,106,1181,0.0,63.0,
4578,CURRENT_RUN_REAL_DATA,True,46,46,0,0,0,0,45,0,38,1,45,45,45,1010,10.0,480.0,
4579,CURRENT_RUN_REAL_DATA,True,100,100,0,0,0,0,99,0,92,0,99,99,99,1191,1.0,20.0,
4580,CURRENT_RUN_REAL_DATA,True,100,100,0,0,0,0,99,0,90,0,99,99,99,1190,1.0,22.0,
4581,CURRENT_RUN_REAL_DATA,True,99,99,0,0,0,0,98,0,79,0,98,98,98,1176,2.0,20.0,
4582,CURRENT_RUN_REAL_DATA,True,103,103,0,0,0,3,99,3,44,2,102,102,102,1189,0.0,41.0,
4583,CURRENT_RUN_REAL_DATA,True,109,109,0,0,0,15,93,14,31,2,108,108,108,1197,0.0,115.0,
4584,CURRENT_RUN_REAL_DATA,True,108,108,0,0,0,6,101,4,46,3,107,107,107,1190,0.0,40.0,
4585,CURRENT_RUN_REAL_DATA,True,96,96,0,0,0,3,92,0,84,1,95,95,95,1186,0.0,86.0,
4586,CURRENT_RUN_REAL_DATA,True,109,109,0,0,0,5,103,5,18,1,108,108,108,1192,0.0,56.0,
4587,CURRENT_RUN_REAL_DATA,True,100,100,0,0,0,0,99,0,10,0,99,99,99,1191,2.0,29.0,
4588,CURRENT_RUN_REAL_DATA,True,100,100,0,0,0,68,31,12,82,7,99,99,99,1097,0.0,347.0,
4589,CURRENT_RUN_REAL_DATA,True,100,100,0,0,0,0,99,0,80,0,99,99,99,1190,5.0,20.0,
4590,CURRENT_RUN_REAL_DATA,True,138,138,0,0,0,12,125,12,18,2,137,137,137,1188,0.0,62.0,
4591,CURRENT_RUN_REAL_DATA,True,100,100,0,0,0,0,99,0,96,0,99,99,99,1191,3.0,21.0,
4592,CURRENT_RUN_REAL_DATA,True,100,100,0,0,0,0,99,0,89,0,99,99,99,1191,7.0,21.0,
4593,CURRENT_RUN_REAL_DATA,True,108,108,0,0,0,5,102,4,40,2,107,107,107,1188,0.0,60.0,
4594,CURRENT_RUN_REAL_DATA,True,56,56,0,0,0,12,43,12,9,2,55,55,55,563,0.0,60.0,
4595,CURRENT_RUN_REAL_DATA,True,100,100,0,0,0,0,99,0,79,0,99,99,99,1193,3.0,21.0,
4596,CURRENT_RUN_REAL_DATA,True,97,97,0,0,0,0,96,0,87,0,96,96,96,1166,9.0,21.0,
4597,CURRENT_RUN_REAL_DATA,True,109,109,0,0,0,3,105,3,10,1,108,108,108,1181,0.0,63.0,
4598,CURRENT_RUN_REAL_DATA,True,107,107,0,0,0,2,104,2,48,1,106,106,106,1197,0.0,34.0,
4599,CURRENT_RUN_REAL_DATA,True,90,90,0,0,0,0,89,0,74,1,89,89,89,1190,6.0,120.0,
4600,CURRENT_RUN_REAL_DATA,True,55,55,0,0,0,40,14,39,1,4,54,54,54,1014,0.0,763.0,
4601,CURRENT_RUN_REAL_DATA,True,97,97,0,0,0,9,87,9,17,4,96,96,96,1181,0.0,134.0,
4602,CURRENT_RUN_REAL_DATA,True,99,99,0,0,0,0,98,0,46,0,98,98,98,1189,8.0,22.0,
4603,CURRENT_RUN_REAL_DATA,True,99,99,0,0,0,0,98,0,77,0,98,98,98,1186,1.0,21.0,
4604,CURRENT_RUN_REAL_DATA,True,107,107,0,0,0,6,100,6,17,1,106,106,106,1184,0.0,69.0,
4605,CURRENT_RUN_REAL_DATA,True,98,98,0,0,0,0,97,0,8,0,97,97,97,1191,9.0,30.0,
4606,CURRENT_RUN_REAL_DATA,True,99,99,0,0,0,0,98,0,90,0,98,98,98,1183,1.0,21.0,
4607,CURRENT_RUN_REAL_DATA,True,119,119,0,0,0,39,79,15,43,5,118,118,118,1174,0.0,327.0,
4608,CURRENT_RUN_REAL_DATA,True,99,99,0,0,0,0,98,0,88,0,98,98,98,1195,9.0,21.0,
4609,CURRENT_RUN_REAL_DATA,True,98,98,0,0,0,0,97,0,78,1,97,97,97,1191,9.0,31.0,
4610,CURRENT_RUN_REAL_DATA,True,108,108,0,0,0,9,98,8,15,1,107,107,107,1186,0.0,83.0,
4611,CURRENT_RUN_REAL_DATA,True,98,98,0,0,0,0,97,0,17,0,97,97,97,1186,8.0,22.0,
4612,CURRENT_RUN_REAL_DATA,True,100,100,0,0,0,0,99,0,79,0,99,99,99,1190,6.0,20.0,
4613,CURRENT_RUN_REAL_DATA,True,99,99,0,0,0,0,98,0,90,0,98,98,98,1195,9.0,21.0,
4614,CURRENT_RUN_REAL_DATA,True,114,114,0,0,0,6,107,6,17,2,113,113,113,1195,0.0,44.0,
4615,CURRENT_RUN_REAL_DATA,True,112,112,0,0,0,1,110,1,6,0,111,111,111,1181,0.0,30.0,
4616,CURRENT_RUN_REAL_DATA,True,93,93,0,0,0,0,92,0,0,1,92,92,92,1185,5.0,90.0,
4617,CURRENT_RUN_REAL_DATA,True,100,100,0,0,0,0,99,0,0,0,99,99,99,1191,3.0,20.0,
4618,CURRENT_RUN_REAL_DATA,True,95,95,0,0,0,4,90,4,42,2,94,94,94,1190,0.0,149.0,
4619,CURRENT_RUN_REAL_DATA,True,99,99,0,0,0,0,98,0,79,0,98,98,98,1189,8.0,22.0,
4620,CURRENT_RUN_REAL_DATA,True,130,130,0,0,0,31,98,28,25,4,129,129,129,1186,0.0,67.0,
4621,CURRENT_RUN_REAL_DATA,True,100,100,0,0,0,0,99,0,77,0,99,99,99,1186,2.0,21.0,
4622,CURRENT_RUN_REAL_DATA,True,99,99,0,0,0,0,98,0,78,0,98,98,98,1189,7.0,23.0,
4623,CURRENT_RUN_REAL_DATA,True,107,107,0,0,0,4,102,4,18,2,106,106,106,1177,0.0,51.0,
4624,CURRENT_RUN_REAL_DATA,True,99,99,0,0,0,0,98,0,80,0,98,98,98,1184,1.0,21.0,
4625,CURRENT_RUN_REAL_DATA,True,118,118,0,0,0,5,112,5,36,0,117,117,117,1194,0.0,25.0,
4626,CURRENT_RUN_REAL_DATA,True,102,102,0,0,0,7,94,4,85,1,101,101,101,1185,0.0,72.0,
4627,CURRENT_RUN_REAL_DATA,True,130,130,0,0,0,2,127,2,41,1,129,129,129,1192,0.0,38.0,
4628,CURRENT_RUN_REAL_DATA,True,109,109,0,0,0,1,107,1,57,0,108,108,108,1193,0.0,23.0,
4629,CURRENT_RUN_REAL_DATA,True,115,115,0,0,0,9,105,7,20,3,114,114,114,1191,0.0,78.0,
4630,CURRENT_RUN_REAL_DATA,True,97,97,0,0,0,0,96,0,86,0,96,96,96,1186,9.0,30.0,
4631,CURRENT_RUN_REAL_DATA,True,111,111,0,0,0,39,71,32,14,4,110,110,110,1196,0.0,303.0,
4632,CURRENT_RUN_REAL_DATA,True,112,112,0,0,0,9,102,4,31,3,111,111,111,1195,0.0,54.0,
4633,CURRENT_RUN_REAL_DATA,True,99,99,0,0,0,0,98,0,88,0,98,98,98,1189,7.0,21.0,
4634,CURRENT_RUN_REAL_DATA,True,98,98,0,0,0,0,97,0,87,0,97,97,97,1188,9.0,27.0,
4635,CURRENT_RUN_REAL_DATA,True,127,127,0,0,0,115,11,17,108,0,126,126,126,73,0.0,20.0,
4636,CURRENT_RUN_REAL_DATA,True,100,100,0,0,0,0,99,0,79,0,99,99,99,1193,2.0,20.0,
4637,CURRENT_RUN_REAL_DATA,True,100,100,0,0,0,6,93,6,5,1,99,99,99,1179,0.0,35.0,
4638,CURRENT_RUN_REAL_DATA,True,117,117,0,0,0,55,61,41,33,5,116,116,116,1186,0.0,219.0,
4639,CURRENT_RUN_REAL_DATA,True,98,98,0,0,0,0,97,0,77,0,97,97,97,1186,8.0,22.0,
4640,CURRENT_RUN_REAL_DATA,True,139,139,0,0,0,17,121,15,23,2,138,138,138,1190,0.0,105.0,
4641,CURRENT_RUN_REAL_DATA,True,114,114,0,0,0,1,112,1,16,1,113,113,113,1187,0.0,78.0,
4642,CURRENT_RUN_REAL_DATA,True,115,115,0,0,0,4,110,4,0,1,114,114,114,1186,0.0,33.0,
4643,CURRENT_RUN_REAL_DATA,True,99,99,0,0,0,0,98,0,78,0,98,98,98,1185,1.0,21.0,
4644,CURRENT_RUN_REAL_DATA,True,98,98,0,0,0,3,94,1,77,1,97,97,97,1186,0.0,48.0,
4645,CURRENT_RUN_REAL_DATA,True,99,99,0,0,0,0,98,0,40,0,98,98,98,1136,1.0,30.0,
4646,CURRENT_RUN_REAL_DATA,True,102,102,0,0,0,19,82,18,22,4,101,101,101,1186,0.0,165.0,
4647,CURRENT_RUN_REAL_DATA,True,100,100,0,0,0,0,99,0,95,0,99,99,99,1189,6.0,28.0,
4648,CURRENT_RUN_REAL_DATA,True,105,105,0,0,0,2,102,2,22,0,104,104,104,1190,0.0,25.0,
4649,CURRENT_RUN_REAL_DATA,True,112,112,0,0,0,22,89,21,22,2,111,111,111,1189,0.0,133.0,
4650,CURRENT_RUN_REAL_DATA,True,94,94,0,0,0,3,90,3,22,1,93,93,93,1189,0.0,153.0,
4651,CURRENT_RUN_REAL_DATA,True,99,99,0,0,0,0,98,0,80,0,98,98,98,1185,1.0,20.0,
4652,CURRENT_RUN_REAL_DATA,True,100,100,0,0,0,0,99,0,90,0,99,99,99,1190,3.0,21.0,
4653,CURRENT_RUN_REAL_DATA,True,98,98,0,0,0,0,97,0,44,0,97,97,97,1186,9.0,26.0,
4654,CURRENT_RUN_REAL_DATA,True,101,101,0,0,0,8,92,8,35,5,100,100,100,1191,0.0,71.0,
4655,CURRENT_RUN_REAL_DATA,True,100,100,0,0,0,0,99,0,97,0,99,99,99,1193,6.0,21.0,
4656,CURRENT_RUN_REAL_DATA,True,100,100,0,0,0,0,99,0,79,0,99,99,99,1194,1.0,21.0,
4657,CURRENT_RUN_REAL_DATA,True,97,97,0,0,0,0,96,0,85,0,96,96,96,1194,9.0,30.0,
4658,CURRENT_RUN_REAL_DATA,True,105,105,0,0,0,1,103,1,16,0,104,104,104,1192,0.0,21.0,
4659,CURRENT_RUN_REAL_DATA,True,100,100,0,0,0,0,99,0,90,0,99,99,99,1192,8.0,21.0,
4660,CURRENT_RUN_REAL_DATA,True,93,93,0,0,0,6,86,6,17,3,92,92,92,1190,0.0,139.0,
4661,CURRENT_RUN_REAL_DATA,True,99,99,0,0,0,0,98,0,22,0,98,98,98,1180,5.0,20.0,
4662,CURRENT_RUN_REAL_DATA,True,100,100,0,0,0,0,99,0,89,0,99,99,99,1191,1.0,21.0,
4663,CURRENT_RUN_REAL_DATA,True,99,99,0,0,0,0,98,0,88,0,98,98,98,1194,9.0,21.0,
4664,CURRENT_RUN_REAL_DATA,True,97,97,0,0,0,0,96,0,72,0,96,96,96,1186,6.0,30.0,
4665,CURRENT_RUN_REAL_DATA,True,109,109,0,0,0,39,69,10,35,3,108,108,108,1153,0.0,316.0,
4666,CURRENT_RUN_REAL_DATA,True,100,100,0,0,0,2,97,2,6,1,99,99,99,1191,0.0,43.0,
4667,CURRENT_RUN_REAL_DATA,True,114,114,0,0,0,3,110,2,70,0,113,113,113,1195,0.0,29.0,
4668,CURRENT_RUN_REAL_DATA,True,100,100,0,0,0,12,87,1,93,5,99,99,99,1163,0.0,47.0,
4669,CURRENT_RUN_REAL_DATA,True,108,108,0,0,0,98,9,74,25,0,107,107,107,80,0.0,24.0,
4670,CURRENT_RUN_REAL_DATA,True,100,100,0,0,0,0,99,0,91,0,99,99,99,1191,2.0,20.0,
4671,CURRENT_RUN_REAL_DATA,True,99,99,0,0,0,0,98,0,79,0,98,98,98,1191,10.0,20.0,
4672,CURRENT_RUN_REAL_DATA,True,98,98,0,0,0,1,96,0,87,1,97,97,97,1189,0.0,50.0,
4673,CURRENT_RUN_REAL_DATA,True,105,105,0,0,0,2,102,0,28,1,104,104,104,1103,0.0,37.0,
4674,CURRENT_RUN_REAL_DATA,True,122,122,0,0,0,19,102,13,23,1,121,121,121,1150,0.0,40.0,
4675,CURRENT_RUN_REAL_DATA,True,109,109,0,0,0,7,101,7,17,2,108,108,108,1191,0.0,53.0,
4676,CURRENT_RUN_REAL_DATA,True,99,99,0,0,0,0,98,0,90,0,98,98,98,1190,5.0,29.0,
4677,CURRENT_RUN_REAL_DATA,True,112,112,0,0,0,3,108,3,13,0,111,111,111,1186,0.0,27.0,
4678,CURRENT_RUN_REAL_DATA,True,109,109,0,0,0,4,104,4,0,0,108,108,108,1188,0.0,30.0,
4679,CURRENT_RUN_REAL_DATA,True,99,99,0,0,0,0,98,0,88,0,98,98,98,1195,8.0,21.0,
4680,CURRENT_RUN_REAL_DATA,True,100,100,0,0,0,0,99,0,89,0,99,99,99,1189,7.0,21.0,
4681,CURRENT_RUN_REAL_DATA,True,99,99,0,0,0,0,98,0,90,0,98,98,98,1190,7.0,30.0,
4682,CURRENT_RUN_REAL_DATA,True,100,100,0,0,0,0,99,0,90,0,99,99,99,1188,5.0,21.0,
4683,CURRENT_RUN_REAL_DATA,True,119,119,0,0,0,11,107,11,12,2,118,118,118,1198,0.0,55.0,
4684,CURRENT_RUN_REAL_DATA,True,91,91,0,0,0,24,66,8,37,6,90,90,90,1079,0.0,151.0,
4685,CURRENT_RUN_REAL_DATA,True,103,103,0,0,0,57,45,10,85,8,102,102,102,1150,0.0,290.0,
4686,CURRENT_RUN_REAL_DATA,True,100,100,0,0,0,0,99,0,89,0,99,99,99,1194,1.0,21.0,
4687,CURRENT_RUN_REAL_DATA,True,98,98,0,0,0,0,97,0,88,0,97,97,97,1191,9.0,30.0,
4688,CURRENT_RUN_REAL_DATA,True,99,99,0,0,0,2,96,1,78,1,98,98,98,1190,0.0,54.0,
4689,CURRENT_RUN_REAL_DATA,True,100,100,0,0,0,0,99,0,89,0,99,99,99,1192,9.0,22.0,
4690,CURRENT_RUN_REAL_DATA,True,99,99,0,0,0,0,98,0,6,0,98,98,98,1190,10.0,20.0,
4691,CURRENT_RUN_REAL_DATA,True,98,98,0,0,0,1,96,1,26,1,97,97,97,1189,0.0,34.0,
4692,CURRENT_RUN_REAL_DATA,True,104,104,0,0,0,1,102,1,19,0,103,103,103,1190,0.0,26.0,
4693,CURRENT_RUN_REAL_DATA,True,109,109,0,0,0,0,108,0,14,1,108,108,108,1189,1.0,31.0,
4694,CURRENT_RUN_REAL_DATA,True,99,99,0,0,0,0,98,0,78,0,98,98,98,1194,1.0,30.0,
4695,CURRENT_RUN_REAL_DATA,True,115,115,0,0,0,9,105,8,24,2,114,114,114,1191,0.0,81.0,
4696,CURRENT_RUN_REAL_DATA,True,105,105,0,0,0,6,98,6,24,3,104,104,104,1196,0.0,51.0,
4697,CURRENT_RUN_REAL_DATA,True,100,100,0,0,0,0,99,0,77,0,99,99,99,1194,2.0,20.0,
4698,CURRENT_RUN_REAL_DATA,True,97,97,0,0,0,3,93,0,86,2,96,96,96,1179,0.0,46.0,
4699,CURRENT_RUN_REAL_DATA,True,99,99,0,0,0,0,98,0,78,0,98,98,98,1190,6.0,21.0,
4700,CURRENT_RUN_REAL_DATA,True,111,111,0,0,0,36,74,11,53,6,110,110,110,1195,0.0,245.0,
4701,CURRENT_RUN_REAL_DATA,True,79,79,0,0,0,8,70,6,15,2,78,78,78,1190,0.0,342.0,
4702,CURRENT_RUN_REAL_DATA,True,99,99,0,0,0,0,98,0,88,0,98,98,98,1186,1.0,21.0,
4703,CURRENT_RUN_REAL_DATA,True,111,111,0,0,0,47,63,45,7,3,110,110,110,1186,0.0,439.0,
4704,CURRENT_RUN_REAL_DATA,True,100,100,0,0,0,0,99,0,80,0,99,99,99,1194,1.0,21.0,
4705,CURRENT_RUN_REAL_DATA,True,111,111,0,0,0,6,104,6,6,1,110,110,110,1126,0.0,32.0,
4706,CURRENT_RUN_REAL_DATA,True,122,122,0,0,0,6,115,6,12,0,121,121,121,1186,0.0,29.0,
4707,CURRENT_RUN_REAL_DATA,True,99,99,0,0,0,0,98,0,95,0,98,98,98,1191,5.0,30.0,
4708,CURRENT_RUN_REAL_DATA,True,99,99,0,0,0,1,97,0,98,1,98,98,98,1190,0.0,36.0,
4709,CURRENT_RUN_REAL_DATA,True,104,104,0,0,0,2,101,2,36,0,103,103,103,1189,0.0,28.0,
4710,CURRENT_RUN_REAL_DATA,True,97,97,0,0,0,11,85,11,65,1,96,96,96,1072,0.0,88.0,
4711,CURRENT_RUN_REAL_DATA,True,103,103,0,0,0,10,92,9,13,2,102,102,102,1186,0.0,51.0,
4712,CURRENT_RUN_REAL_DATA,True,98,98,0,0,0,7,90,0,88,1,97,97,97,1152,0.0,88.0,
4713,CURRENT_RUN_REAL_DATA,True,101,101,0,0,0,1,99,1,28,3,100,100,100,1191,0.0,39.0,
4714,CURRENT_RUN_REAL_DATA,True,100,100,0,0,0,0,99,0,41,0,99,99,99,1190,5.0,30.0,
4715,CURRENT_RUN_REAL_DATA,True,100,100,0,0,0,0,99,0,95,0,99,99,99,1192,3.0,21.0,
4716,CURRENT_RUN_REAL_DATA,True,101,101,0,0,0,23,77,11,63,7,100,100,100,1186,0.0,66.0,
4717,CURRENT_RUN_REAL_DATA,True,99,99,0,0,0,0,98,0,88,0,98,98,98,1180,5.0,21.0,
4718,CURRENT_RUN_REAL_DATA,True,108,108,0,0,0,20,87,20,6,3,107,107,107,1164,0.0,128.0,
4719,CURRENT_RUN_REAL_DATA,True,93,93,0,0,0,0,92,0,83,1,92,92,92,1188,9.0,60.0,
4720,CURRENT_RUN_REAL_DATA,True,100,100,0,0,0,0,99,0,79,0,99,99,99,1193,1.0,20.0,
4721,CURRENT_RUN_REAL_DATA,True,100,100,0,0,0,0,99,0,80,0,99,99,99,1191,1.0,23.0,
4722,CURRENT_RUN_REAL_DATA,True,104,104,0,0,0,3,100,3,2,1,103,103,103,1189,0.0,54.0,
4723,CURRENT_RUN_REAL_DATA,True,123,123,0,0,0,12,110,12,11,2,122,122,122,1197,0.0,35.0,
4724,CURRENT_RUN_REAL_DATA,True,101,101,0,0,0,0,100,0,90,0,100,100,100,1191,4.0,21.0,
4725,CURRENT_RUN_REAL_DATA,True,110,110,0,0,0,0,109,0,27,0,109,109,109,1191,2.0,24.0,
4726,CURRENT_RUN_REAL_DATA,True,100,100,0,0,0,0,99,0,89,0,99,99,99,1192,3.0,21.0,
4727,CURRENT_RUN_REAL_DATA,True,98,98,0,0,0,0,97,0,77,0,97,97,97,1190,9.0,29.0,
4728,CURRENT_RUN_REAL_DATA,True,104,104,0,0,0,23,80,21,13,5,103,103,103,1184,0.0,139.0,
4729,CURRENT_RUN_REAL_DATA,True,113,113,0,0,0,17,95,17,14,2,112,112,112,1152,0.0,42.0,
4730,CURRENT_RUN_REAL_DATA,True,100,100,0,0,0,0,99,0,94,0,99,99,99,1193,1.0,21.0,
4731,CURRENT_RUN_REAL_DATA,True,104,104,0,0,0,1,102,1,25,1,103,103,103,1189,0.0,34.0,
4732,CURRENT_RUN_REAL_DATA,True,99,99,0,0,0,0,98,0,88,0,98,98,98,1180,5.0,21.0,
4733,CURRENT_RUN_REAL_DATA,True,100,100,0,0,0,0,99,0,80,0,99,99,99,1190,6.0,20.0,
4734,CURRENT_RUN_REAL_DATA,True,100,100,0,0,0,0,99,0,89,0,99,99,99,1189,1.0,22.0,
4735,CURRENT_RUN_REAL_DATA,True,98,98,0,0,0,0,97,0,87,0,97,97,97,1195,9.0,30.0,
4736,CURRENT_RUN_REAL_DATA,True,100,100,0,0,0,0,99,0,0,0,99,99,99,1191,1.0,20.0,
4737,CURRENT_RUN_REAL_DATA,True,100,100,0,0,0,0,99,0,89,0,99,99,99,1192,3.0,20.0,
4738,CURRENT_RUN_REAL_DATA,True,100,100,0,0,0,0,99,0,93,0,99,99,99,1191,5.0,20.0,
4739,CURRENT_RUN_REAL_DATA,True,100,100,0,0,0,0,99,0,91,0,99,99,99,1190,4.0,21.0,
4740,CURRENT_RUN_REAL_DATA,True,120,120,0,0,0,7,112,6,19,1,119,119,119,1137,0.0,55.0,
4741,CURRENT_RUN_REAL_DATA,True,100,100,0,0,0,0,99,0,3,0,99,99,99,1197,7.0,21.0,
4742,CURRENT_RUN_REAL_DATA,True,118,118,0,0,0,10,107,9,34,4,117,117,117,1194,0.0,55.0,
4743,CURRENT_RUN_REAL_DATA,True,117,117,0,0,0,1,115,1,24,0,116,116,116,1186,0.0,24.0,
4744,CURRENT_RUN_REAL_DATA,True,113,113,0,0,0,6,106,6,1,2,112,112,112,1152,0.0,48.0,
4745,CURRENT_RUN_REAL_DATA,True,105,105,0,0,0,4,100,2,29,1,104,104,104,1189,0.0,56.0,
4746,CURRENT_RUN_REAL_DATA,True,112,112,0,0,0,14,97,11,75,2,111,111,111,1193,0.0,106.0,
4747,CURRENT_RUN_REAL_DATA,True,100,100,0,0,0,0,99,0,79,0,99,99,99,1191,3.0,21.0,
4748,CURRENT_RUN_REAL_DATA,True,107,107,0,0,0,12,94,12,5,1,106,106,106,1194,0.0,150.0,
4749,CURRENT_RUN_REAL_DATA,True,101,101,0,0,0,0,100,0,81,0,100,100,100,1193,1.0,24.0,
4750,CURRENT_RUN_REAL_DATA,True,97,97,0,0,0,2,94,2,20,2,96,96,96,1186,0.0,68.0,
4751,CURRENT_RUN_REAL_DATA,True,99,99,0,0,0,0,98,0,89,0,98,98,98,1195,9.0,21.0,
4752,CURRENT_RUN_REAL_DATA,True,99,99,0,0,0,0,98,0,89,0,98,98,98,1195,9.0,21.0,
4753,CURRENT_RUN_REAL_DATA,True,110,110,0,0,0,1,108,1,15,1,109,109,109,1188,0.0,54.0,
4754,CURRENT_RUN_REAL_DATA,True,108,108,0,0,0,11,96,11,20,3,107,107,107,1192,0.0,63.0,
4755,CURRENT_RUN_REAL_DATA,True,88,88,0,0,0,34,53,6,69,8,87,87,87,1118,0.0,124.0,
4756,CURRENT_RUN_REAL_DATA,True,102,102,0,0,0,1,100,1,57,1,101,101,101,1195,0.0,51.0,
4757,CURRENT_RUN_REAL_DATA,True,101,101,0,0,0,1,99,1,74,0,100,100,100,1191,0.0,28.0,
4758,CURRENT_RUN_REAL_DATA,True,99,99,0,0,0,0,98,0,78,0,98,98,98,1189,6.0,21.0,
4759,CURRENT_RUN_REAL_DATA,True,97,97,0,0,0,4,92,3,71,2,96,96,96,1185,0.0,97.0,
4760,CURRENT_RUN_REAL_DATA,True,98,98,0,0,0,32,65,2,91,13,97,97,97,1187,0.0,79.0,
4761,CURRENT_RUN_REAL_DATA,True,122,122,0,0,0,5,116,5,8,1,121,121,121,1191,0.0,37.0,
4762,CURRENT_RUN_REAL_DATA,True,99,99,0,0,0,0,98,0,88,0,98,98,98,1191,9.0,21.0,
4763,CURRENT_RUN_REAL_DATA,True,100,100,0,0,0,0,99,0,90,0,99,99,99,1187,6.0,20.0,
4764,CURRENT_RUN_REAL_DATA,True,47,47,0,0,0,1,45,1,7,0,46,46,46,534,0.0,27.0,
4765,CURRENT_RUN_REAL_DATA,True,99,99,0,0,0,0,98,0,96,0,98,98,98,1186,2.0,21.0,
4766,CURRENT_RUN_REAL_DATA,True,98,98,0,0,0,0,97,0,87,1,97,97,97,1193,2.0,32.0,
4767,CURRENT_RUN_REAL_DATA,True,110,110,0,0,0,1,108,1,14,0,109,109,109,1194,0.0,22.0,
4768,CURRENT_RUN_REAL_DATA,True,99,99,0,0,0,0,98,0,92,0,98,98,98,1186,1.0,21.0,
4769,CURRENT_RUN_REAL_DATA,True,100,100,0,0,0,0,99,0,91,0,99,99,99,1195,1.0,22.0,
4770,CURRENT_RUN_REAL_DATA,True,100,100,0,0,0,0,99,0,47,1,99,99,99,1190,1.0,50.0,
4771,CURRENT_RUN_REAL_DATA,True,97,97,0,0,0,0,96,0,93,0,96,96,96,1189,7.0,30.0,
4772,CURRENT_RUN_REAL_DATA,True,99,99,0,0,0,1,97,0,94,0,98,98,98,1179,0.0,22.0,
4773,CURRENT_RUN_REAL_DATA,True,102,102,0,0,0,0,101,0,0,0,101,101,101,1187,1.0,30.0,
4774,CURRENT_RUN_REAL_DATA,True,99,99,0,0,0,0,98,0,88,0,98,98,98,1196,6.0,24.0,
4775,CURRENT_RUN_REAL_DATA,True,96,96,0,0,0,0,95,0,60,0,95,95,95,1162,1.0,25.0,
4776,CURRENT_RUN_REAL_DATA,True,134,134,0,0,0,12,121,10,19,1,133,133,133,1188,0.0,47.0,
4777,CURRENT_RUN_REAL_DATA,True,95,95,0,0,0,1,93,0,87,1,94,94,94,1186,0.0,60.0,
4778,CURRENT_RUN_REAL_DATA,True,100,100,0,0,0,0,99,0,90,0,99,99,99,1191,2.0,20.0,
4779,CURRENT_RUN_REAL_DATA,True,99,99,0,0,0,2,96,1,88,1,98,98,98,1189,0.0,46.0,
4780,CURRENT_RUN_REAL_DATA,True,103,103,0,0,0,1,101,1,20,1,102,102,102,1195,0.0,80.0,
4781,CURRENT_RUN_REAL_DATA,True,105,105,0,0,0,0,104,0,18,0,104,104,104,1179,1.0,29.0,
4782,CURRENT_RUN_REAL_DATA,True,40,40,0,0,0,31,8,7,30,3,39,39,39,783,0.0,515.0,
4783,CURRENT_RUN_REAL_DATA,True,97,97,0,0,0,1,95,0,86,1,96,96,96,1195,0.0,33.0,
4784,CURRENT_RUN_REAL_DATA,True,74,74,0,0,0,3,70,3,2,0,73,73,73,726,0.0,29.0,
4785,CURRENT_RUN_REAL_DATA,True,98,98,0,0,0,0,97,0,88,0,97,97,97,1186,8.0,21.0,
4786,CURRENT_RUN_REAL_DATA,True,104,104,0,0,0,2,101,2,40,1,103,103,103,1191,0.0,66.0,
4787,CURRENT_RUN_REAL_DATA,True,103,103,0,0,0,0,102,0,46,0,102,102,102,1193,2.0,30.0,
4788,CURRENT_RUN_REAL_DATA,True,100,100,0,0,0,0,99,0,90,0,99,99,99,1194,1.0,21.0,
4789,CURRENT_RUN_REAL_DATA,True,109,109,0,0,0,4,104,3,23,0,108,108,108,1195,0.0,29.0,
4790,CURRENT_RUN_REAL_DATA,True,100,100,0,0,0,0,99,0,89,0,99,99,99,1194,1.0,20.0,
4791,CURRENT_RUN_REAL_DATA,True,98,98,0,0,0,1,96,0,87,0,97,97,97,1175,0.0,23.0,
4792,CURRENT_RUN_REAL_DATA,True,113,113,0,0,0,1,111,1,39,0,112,112,112,1190,0.0,28.0,
4793,CURRENT_RUN_REAL_DATA,True,99,99,0,0,0,0,98,0,90,0,98,98,98,1179,4.0,20.0,
4794,CURRENT_RUN_REAL_DATA,True,108,108,0,0,0,4,103,4,35,1,107,107,107,1187,0.0,52.0,
4795,CURRENT_RUN_REAL_DATA,True,109,109,0,0,0,1,107,1,49,0,108,108,108,1193,0.0,30.0,
4796,CURRENT_RUN_REAL_DATA,True,113,113,0,0,0,1,111,1,36,0,112,112,112,1195,0.0,21.0,
4797,CURRENT_RUN_REAL_DATA,True,105,105,0,0,0,2,102,1,19,2,104,104,104,1186,0.0,38.0,
4798,CURRENT_RUN_REAL_DATA,True,100,100,0,0,0,0,99,0,95,0,99,99,99,1190,4.0,23.0,
4799,CURRENT_RUN_REAL_DATA,True,110,110,0,0,0,18,91,18,0,2,109,109,109,1176,0.0,116.0,
4800,CURRENT_RUN_REAL_DATA,True,98,98,0,0,0,0,97,0,77,0,97,97,97,1187,3.0,22.0,
4801,CURRENT_RUN_REAL_DATA,True,103,103,0,0,0,4,98,4,21,1,102,102,102,1106,0.0,31.0,
4802,CURRENT_RUN_REAL_DATA,True,98,98,0,0,0,42,55,26,44,2,97,97,97,1190,0.0,549.0,
4803,CURRENT_RUN_REAL_DATA,True,101,101,0,0,0,7,93,1,92,2,100,100,100,1188,0.0,51.0,
4804,CURRENT_RUN_REAL_DATA,True,123,123,0,0,0,59,63,56,6,8,122,122,122,1134,0.0,120.0,
4805,CURRENT_RUN_REAL_DATA,True,99,99,0,0,0,0,98,0,78,0,98,98,98,1195,9.0,21.0,
4806,CURRENT_RUN_REAL_DATA,True,113,113,0,0,0,4,108,4,10,2,112,112,112,1194,0.0,59.0,
4807,CURRENT_RUN_REAL_DATA,True,100,100,0,0,0,0,99,0,94,0,99,99,99,1193,2.0,20.0,
4808,CURRENT_RUN_REAL_DATA,True,98,98,0,0,0,0,97,0,77,0,97,97,97,1190,10.0,30.0,
4809,CURRENT_RUN_REAL_DATA,True,104,104,0,0,0,24,79,1,75,9,103,103,103,1196,0.0,82.0,
4810,CURRENT_RUN_REAL_DATA,True,99,99,0,0,0,0,98,0,95,0,98,98,98,1195,10.0,20.0,
4811,CURRENT_RUN_REAL_DATA,True,94,94,0,0,0,4,89,4,4,4,93,93,93,1191,0.0,114.0,
4812,CURRENT_RUN_REAL_DATA,True,112,112,0,0,0,14,97,14,3,3,111,111,111,1121,0.0,60.0,
4813,CURRENT_RUN_REAL_DATA,True,92,92,0,0,0,0,91,0,82,1,91,91,91,1193,3.0,96.0,
4814,CURRENT_RUN_REAL_DATA,True,106,106,0,0,0,0,105,0,2,0,105,105,105,1186,1.0,30.0,
4815,CURRENT_RUN_REAL_DATA,True,104,104,0,0,0,6,97,6,45,1,103,103,103,1191,0.0,113.0,
4816,CURRENT_RUN_REAL_DATA,True,117,117,0,0,0,7,109,5,22,1,116,116,116,1192,0.0,36.0,
4817,CURRENT_RUN_REAL_DATA,True,102,102,0,0,0,1,100,1,15,1,101,101,101,1195,0.0,40.0,
4818,CURRENT_RUN_REAL_DATA,True,99,99,0,0,0,0,98,0,88,0,98,98,98,1180,4.0,21.0,
4819,CURRENT_RUN_REAL_DATA,True,132,132,0,0,0,4,127,4,1,0,131,131,131,1191,0.0,28.0,
4820,CURRENT_RUN_REAL_DATA,True,115,115,0,0,0,0,114,0,27,0,114,114,114,1182,1.0,30.0,
4821,CURRENT_RUN_REAL_DATA,True,100,100,0,0,0,0,99,0,89,0,99,99,99,1195,4.0,29.0,
4822,CURRENT_RUN_REAL_DATA,True,99,99,0,0,0,0,98,0,79,0,98,98,98,1189,6.0,24.0,
4823,CURRENT_RUN_REAL_DATA,True,107,107,0,0,0,4,102,3,29,1,106,106,106,1191,0.0,57.0,
4824,CURRENT_RUN_REAL_DATA,True,132,132,0,0,0,12,119,12,24,2,131,131,131,1195,0.0,54.0,
4825,CURRENT_RUN_REAL_DATA,True,102,102,0,0,0,8,93,8,10,4,101,101,101,1193,0.0,77.0,
4826,CURRENT_RUN_REAL_DATA,True,113,113,0,0,0,11,101,11,25,2,112,112,112,1197,0.0,100.0,
4827,CURRENT_RUN_REAL_DATA,True,103,103,0,0,0,40,62,4,93,21,102,102,102,1186,0.0,72.0,
4828,CURRENT_RUN_REAL_DATA,True,102,102,0,0,0,5,96,3,19,2,101,101,101,1192,0.0,100.0,
4829,CURRENT_RUN_REAL_DATA,True,94,94,0,0,0,11,82,11,0,2,93,93,93,1025,0.0,79.0,
4830,CURRENT_RUN_REAL_DATA,True,103,103,0,0,0,3,99,3,1,2,102,102,102,1188,0.0,80.0,
4831,CURRENT_RUN_REAL_DATA,True,108,108,0,0,0,2,105,2,55,0,107,107,107,1194,0.0,21.0,
4832,CURRENT_RUN_REAL_DATA,True,105,105,0,0,0,11,93,11,26,4,104,104,104,1193,0.0,101.0,
4833,CURRENT_RUN_REAL_DATA,True,100,100,0,0,0,0,99,0,19,0,99,99,99,1191,4.0,20.0,
4834,CURRENT_RUN_REAL_DATA,True,98,98,0,0,0,0,97,0,79,0,97,97,97,1191,2.0,30.0,
4835,CURRENT_RUN_REAL_DATA,True,99,99,0,0,0,0,98,0,91,0,98,98,98,1195,4.0,27.0,
4836,CURRENT_RUN_REAL_DATA,True,100,100,0,0,0,2,97,1,54,3,99,99,99,1191,0.0,40.0,
4837,CURRENT_RUN_REAL_DATA,True,112,112,0,0,0,13,98,13,26,2,111,111,111,1179,0.0,109.0,
4838,CURRENT_RUN_REAL_DATA,True,126,126,0,0,0,4,121,4,0,0,125,125,125,1194,0.0,21.0,
4839,CURRENT_RUN_REAL_DATA,True,100,100,0,0,0,1,98,1,21,0,99,99,99,1194,0.0,20.0,
4840,CURRENT_RUN_REAL_DATA,True,97,97,0,0,0,0,96,0,92,0,96,96,96,1190,1.0,30.0,
4841,CURRENT_RUN_REAL_DATA,True,94,94,0,0,0,1,92,0,84,1,93,93,93,1191,0.0,105.0,
4842,CURRENT_RUN_REAL_DATA,True,111,111,0,0,0,5,105,5,47,1,110,110,110,1196,0.0,64.0,
4843,CURRENT_RUN_REAL_DATA,True,109,109,0,0,0,0,108,0,47,0,108,108,108,1194,1.0,22.0,
4844,CURRENT_RUN_REAL_DATA,True,120,120,0,0,0,7,112,6,18,0,119,119,119,1183,0.0,28.0,
4845,CURRENT_RUN_REAL_DATA,True,100,100,0,0,0,0,99,0,3,0,99,99,99,1192,1.0,20.0,
4846,CURRENT_RUN_REAL_DATA,True,98,98,0,0,0,0,97,0,10,0,97,97,97,1184,1.0,24.0,
4847,CURRENT_RUN_REAL_DATA,True,97,97,0,0,0,1,95,1,45,2,96,96,96,1192,0.0,58.0,
4848,CURRENT_RUN_REAL_DATA,True,98,98,0,0,0,0,97,0,89,0,97,97,97,1186,9.0,21.0,
4849,CURRENT_RUN_REAL_DATA,True,98,98,0,0,0,17,80,17,0,4,97,97,97,1192,0.0,145.0,
4850,CURRENT_RUN_REAL_DATA,True,103,103,0,0,0,1,101,1,68,0,102,102,102,1194,0.0,30.0,
4851,CURRENT_RUN_REAL_DATA,True,122,122,0,0,0,33,88,27,29,5,121,121,121,1193,0.0,88.0,
4852,CURRENT_RUN_REAL_DATA,True,107,107,0,0,0,2,104,2,0,0,106,106,106,1182,0.0,28.0,
4853,CURRENT_RUN_REAL_DATA,True,100,100,0,0,0,0,99,0,89,0,99,99,99,1195,1.0,21.0,
4854,CURRENT_RUN_REAL_DATA,True,112,112,0,0,0,11,100,10,45,1,111,111,111,1188,0.0,83.0,
4855,CURRENT_RUN_REAL_DATA,True,109,109,0,0,0,2,106,2,2,0,108,108,108,1195,0.0,26.0,
4856,CURRENT_RUN_REAL_DATA,True,113,113,0,0,0,2,110,2,28,0,112,112,112,1178,0.0,22.0,
4857,CURRENT_RUN_REAL_DATA,True,115,115,0,0,0,4,110,4,0,3,114,114,114,1188,0.0,87.0,
4858,CURRENT_RUN_REAL_DATA,True,88,88,0,0,0,1,86,0,45,1,87,87,87,1183,0.0,195.0,
4859,CURRENT_RUN_REAL_DATA,True,100,100,0,0,0,3,96,1,44,1,99,99,99,1191,0.0,53.0,
4860,CURRENT_RUN_REAL_DATA,True,114,114,0,0,0,31,82,26,22,2,113,113,113,1198,0.0,247.0,
4861,CURRENT_RUN_REAL_DATA,True,100,100,0,0,0,0,99,0,8,0,99,99,99,1193,2.0,21.0,
4862,CURRENT_RUN_REAL_DATA,True,100,100,0,0,0,0,99,0,3,0,99,99,99,1192,4.0,21.0,
4863,CURRENT_RUN_REAL_DATA,True,117,117,0,0,0,31,85,31,2,3,116,116,116,1176,0.0,169.0,
4864,CURRENT_RUN_REAL_DATA,True,98,98,0,0,0,0,97,0,76,0,97,97,97,1186,8.0,22.0,
4865,CURRENT_RUN_REAL_DATA,True,100,100,0,0,0,0,99,0,89,0,99,99,99,1191,2.0,21.0,
4866,CURRENT_RUN_REAL_DATA,True,102,102,0,0,0,0,101,0,82,0,101,101,101,1190,1.0,22.0,
4867,CURRENT_RUN_REAL_DATA,True,99,99,0,0,0,3,95,1,88,1,98,98,98,1192,0.0,43.0,
4868,CURRENT_RUN_REAL_DATA,True,139,139,0,0,0,10,128,9,37,0,138,138,138,1186,0.0,22.0,
4869,CURRENT_RUN_REAL_DATA,True,99,99,0,0,0,0,98,0,88,0,98,98,98,1189,6.0,22.0,
4870,CURRENT_RUN_REAL_DATA,True,119,119,0,0,0,7,111,7,1,1,118,118,118,1192,0.0,33.0,
4871,CURRENT_RUN_REAL_DATA,True,120,120,0,0,0,0,119,0,0,0,119,119,119,1188,1.0,21.0,
4872,CURRENT_RUN_REAL_DATA,True,106,106,0,0,0,0,105,0,84,0,105,105,105,1182,1.0,21.0,
4873,CURRENT_RUN_REAL_DATA,True,100,100,0,0,0,0,99,0,80,0,99,99,99,1192,5.0,21.0,
4874,CURRENT_RUN_REAL_DATA,True,120,120,0,0,0,15,104,15,1,2,119,119,119,1192,0.0,152.0,
4875,CURRENT_RUN_REAL_DATA,True,115,115,0,0,0,3,111,3,27,1,114,114,114,1193,0.0,90.0,
4876,CURRENT_RUN_REAL_DATA,True,102,102,0,0,0,7,94,7,1,3,101,101,101,1179,0.0,59.0,
4877,CURRENT_RUN_REAL_DATA,True,99,99,0,0,0,0,98,0,88,0,98,98,98,1190,9.0,21.0,
4878,CURRENT_RUN_REAL_DATA,True,99,99,0,0,0,0,98,0,79,0,98,98,98,1186,1.0,22.0,
4879,CURRENT_RUN_REAL_DATA,True,106,106,0,0,0,9,96,9,31,2,105,105,105,1176,0.0,40.0,
4880,CURRENT_RUN_REAL_DATA,True,107,107,0,0,0,2,104,1,36,1,106,106,106,1190,0.0,32.0,
4881,CURRENT_RUN_REAL_DATA,True,99,99,0,0,0,0,98,0,91,0,98,98,98,1179,3.0,21.0,
4882,CURRENT_RUN_REAL_DATA,True,102,102,0,0,0,5,96,4,53,2,101,101,101,1193,0.0,97.0,
4883,CURRENT_RUN_REAL_DATA,True,113,113,0,0,0,18,94,17,32,3,112,112,112,1186,0.0,92.0,
4884,CURRENT_RUN_REAL_DATA,True,110,110,0,0,0,9,100,9,9,1,109,109,109,1186,0.0,31.0,
4885,CURRENT_RUN_REAL_DATA,True,111,111,0,0,0,46,64,7,96,7,110,110,110,1179,0.0,169.0,
4886,CURRENT_RUN_REAL_DATA,True,100,100,0,0,0,0,99,0,82,0,99,99,99,1190,2.0,20.0,
4887,CURRENT_RUN_REAL_DATA,True,84,84,0,0,0,0,83,0,59,1,83,83,83,1132,4.0,149.0,
4888,CURRENT_RUN_REAL_DATA,True,88,88,0,0,0,6,81,6,0,4,87,87,87,1119,0.0,89.0,
4889,CURRENT_RUN_REAL_DATA,True,100,100,0,0,0,0,99,0,80,0,99,99,99,1190,1.0,22.0,
4890,CURRENT_RUN_REAL_DATA,True,108,108,0,0,0,10,97,7,19,3,107,107,107,1190,0.0,45.0,
4891,CURRENT_RUN_REAL_DATA,True,101,101,0,0,0,6,94,5,51,1,100,100,100,1191,0.0,98.0,
4892,CURRENT_RUN_REAL_DATA,True,100,100,0,0,0,0,99,0,79,0,99,99,99,1191,5.0,21.0,
4893,CURRENT_RUN_REAL_DATA,True,100,100,0,0,0,0,99,0,79,0,99,99,99,1194,1.0,21.0,
4894,CURRENT_RUN_REAL_DATA,True,161,161,0,0,0,6,154,6,0,0,160,160,160,1191,0.0,25.0,
4895,CURRENT_RUN_REAL_DATA,True,107,107,0,0,0,4,102,4,4,1,106,106,106,1195,0.0,31.0,
4896,CURRENT_RUN_REAL_DATA,True,95,95,0,0,0,8,86,8,2,3,94,94,94,1186,0.0,104.0,
4897,CURRENT_RUN_REAL_DATA,True,99,99,0,0,0,0,98,0,91,0,98,98,98,1196,2.0,30.0,
4898,CURRENT_RUN_REAL_DATA,True,99,99,0,0,0,0,98,0,88,0,98,98,98,1187,1.0,21.0,
4899,CURRENT_RUN_REAL_DATA,True,100,100,0,0,0,0,99,0,77,0,99,99,99,1191,5.0,21.0,
4900,CURRENT_RUN_REAL_DATA,True,101,101,0,0,0,15,85,4,53,7,100,100,100,1179,0.0,50.0,
4901,CURRENT_RUN_REAL_DATA,True,151,151,0,0,0,88,62,88,27,1,150,150,150,616,0.0,33.0,
4902,CURRENT_RUN_REAL_DATA,True,105,105,0,0,0,0,104,0,74,0,104,104,104,1195,1.0,20.0,
4903,CURRENT_RUN_REAL_DATA,True,100,100,0,0,0,0,99,0,16,0,99,99,99,1191,3.0,24.0,
4904,CURRENT_RUN_REAL_DATA,True,111,111,0,0,0,2,108,2,0,1,110,110,110,1194,0.0,37.0,
4905,CURRENT_RUN_REAL_DATA,True,99,99,0,0,0,0,98,0,88,0,98,98,98,1188,7.0,28.0,
4906,CURRENT_RUN_REAL_DATA,True,107,107,0,0,0,3,103,3,18,1,106,106,106,1194,0.0,39.0,
4907,CURRENT_RUN_REAL_DATA,True,105,105,0,0,0,1,103,1,25,0,104,104,104,1190,0.0,30.0,
4908,CURRENT_RUN_REAL_DATA,True,87,87,0,0,0,1,85,1,0,2,86,86,86,1191,0.0,110.0,
4909,CURRENT_RUN_REAL_DATA,True,98,98,0,0,0,26,71,4,73,20,97,97,97,1182,0.0,80.0,
4910,CURRENT_RUN_REAL_DATA,True,99,99,0,0,0,0,98,0,89,0,98,98,98,1188,7.0,28.0,
4911,CURRENT_RUN_REAL_DATA,True,110,110,0,0,0,5,104,1,11,3,109,109,109,1191,0.0,46.0,
4912,CURRENT_RUN_REAL_DATA,True,95,95,0,0,0,0,94,0,75,1,94,94,94,1186,8.0,50.0,
4913,CURRENT_RUN_REAL_DATA,True,111,111,0,0,0,3,107,2,27,1,110,110,110,1186,0.0,33.0,
4914,CURRENT_RUN_REAL_DATA,True,99,99,0,0,0,0,98,0,26,0,98,98,98,1195,10.0,20.0,
4915,CURRENT_RUN_REAL_DATA,True,105,105,0,0,0,17,87,17,12,2,104,104,104,1190,0.0,101.0,
4916,CURRENT_RUN_REAL_DATA,True,100,100,0,0,0,0,99,0,85,0,99,99,99,1193,1.0,21.0,
4917,CURRENT_RUN_REAL_DATA,True,77,77,0,0,0,6,70,6,30,2,76,76,76,878,0.0,59.0,
4918,CURRENT_RUN_REAL_DATA,True,99,99,0,0,0,0,98,0,88,0,98,98,98,1180,5.0,21.0,
4919,CURRENT_RUN_REAL_DATA,True,123,123,0,0,0,21,101,18,15,5,122,122,122,1187,0.0,100.0,
4920,CURRENT_RUN_REAL_DATA,True,98,98,0,0,0,32,65,32,2,4,97,97,97,1189,0.0,196.0,
4921,CURRENT_RUN_REAL_DATA,True,100,100,0,0,0,0,99,0,7,0,99,99,99,1193,1.0,20.0,
4922,CURRENT_RUN_REAL_DATA,True,101,101,0,0,0,13,87,13,22,4,100,100,100,1188,0.0,90.0,
4923,CURRENT_RUN_REAL_DATA,True,99,99,0,0,0,0,98,0,91,0,98,98,98,1187,7.0,21.0,
4924,CURRENT_RUN_REAL_DATA,True,100,100,0,0,0,0,99,0,73,0,99,99,99,1190,5.0,20.0,
4925,CURRENT_RUN_REAL_DATA,True,71,71,0,0,0,39,31,5,61,1,70,70,70,808,0.0,461.0,
4926,CURRENT_RUN_REAL_DATA,True,100,100,0,0,0,0,99,0,75,0,99,99,99,1194,1.0,20.0,
4927,CURRENT_RUN_REAL_DATA,True,102,102,0,0,0,11,90,11,9,5,101,101,101,1180,0.0,79.0,
4928,CURRENT_RUN_REAL_DATA,True,108,108,0,0,0,2,105,2,22,1,107,107,107,1188,0.0,31.0,
4929,CURRENT_RUN_REAL_DATA,True,112,112,0,0,0,3,108,2,32,0,111,111,111,1196,0.0,26.0,
4930,CURRENT_RUN_REAL_DATA,True,99,99,0,0,0,0,98,0,88,0,98,98,98,1195,9.0,22.0,
4931,CURRENT_RUN_REAL_DATA,True,100,100,0,0,0,9,90,5,61,4,99,99,99,1190,0.0,60.0,
4932,CURRENT_RUN_REAL_DATA,True,103,103,0,0,0,3,99,2,35,1,102,102,102,1188,0.0,31.0,
4933,CURRENT_RUN_REAL_DATA,True,116,116,0,0,0,1,114,1,32,0,115,115,115,1179,0.0,23.0,
4934,CURRENT_RUN_REAL_DATA,True,100,100,0,0,0,0,99,0,0,0,99,99,99,1191,1.0,22.0,
4935,CURRENT_RUN_REAL_DATA,True,116,116,0,0,0,2,113,1,61,1,115,115,115,1191,0.0,35.0,
4936,CURRENT_RUN_REAL_DATA,True,116,116,0,0,0,2,113,2,28,0,115,115,115,1191,0.0,28.0,
4937,CURRENT_RUN_REAL_DATA,True,97,97,0,0,0,0,96,0,77,0,96,96,96,1181,1.0,30.0,
4938,CURRENT_RUN_REAL_DATA,True,111,111,0,0,0,1,109,1,0,0,110,110,110,1180,0.0,30.0,
4939,CURRENT_RUN_REAL_DATA,True,100,100,0,0,0,0,99,0,91,0,99,99,99,1190,4.0,21.0,
4940,CURRENT_RUN_REAL_DATA,True,106,106,0,0,0,4,101,3,33,2,105,105,105,1191,0.0,80.0,
4941,CURRENT_RUN_REAL_DATA,True,103,103,0,0,0,6,96,5,23,2,102,102,102,1197,0.0,127.0,
4942,CURRENT_RUN_REAL_DATA,True,111,111,0,0,0,1,109,1,1,0,110,110,110,1192,0.0,21.0,
4943,CURRENT_RUN_REAL_DATA,True,99,99,0,0,0,0,98,0,79,0,98,98,98,1195,9.0,21.0,
4944,CURRENT_RUN_REAL_DATA,True,102,102,0,0,0,1,100,1,2,0,101,101,101,1190,0.0,30.0,
4945,CURRENT_RUN_REAL_DATA,True,99,99,0,0,0,4,94,4,29,2,98,98,98,1046,0.0,107.0,
4946,CURRENT_RUN_REAL_DATA,True,107,107,0,0,0,1,105,1,13,0,106,106,106,1198,0.0,30.0,
4947,CURRENT_RUN_REAL_DATA,True,139,139,0,0,0,9,129,8,21,0,138,138,138,1180,0.0,30.0,
4948,CURRENT_RUN_REAL_DATA,True,110,110,0,0,0,1,108,1,32,0,109,109,109,1190,0.0,25.0,
4949,CURRENT_RUN_REAL_DATA,True,102,102,0,0,0,0,101,0,31,0,101,101,101,1191,1.0,25.0,
4950,CURRENT_RUN_REAL_DATA,True,99,99,0,0,0,0,98,0,1,0,98,98,98,1192,8.0,21.0,
4951,CURRENT_RUN_REAL_DATA,True,101,101,0,0,0,4,96,4,0,3,100,100,100,1191,0.0,37.0,
4952,CURRENT_RUN_REAL_DATA,True,117,117,0,0,0,0,116,0,32,0,116,116,116,1190,1.0,25.0,
4953,CURRENT_RUN_REAL_DATA,True,100,100,0,0,0,0,99,0,0,1,99,99,99,1084,1.0,32.0,
4954,CURRENT_RUN_REAL_DATA,True,99,99,0,0,0,0,98,0,76,0,98,98,98,1195,9.0,20.0,
4955,CURRENT_RUN_REAL_DATA,True,99,99,0,0,0,0,98,0,26,0,98,98,98,1190,9.0,21.0,
4956,CURRENT_RUN_REAL_DATA,True,108,108,0,0,0,2,105,2,24,0,107,107,107,1193,0.0,24.0,
4957,CURRENT_RUN_REAL_DATA,True,92,92,0,0,0,22,69,6,72,12,91,91,91,1140,0.0,70.0,
4958,CURRENT_RUN_REAL_DATA,True,120,120,0,0,0,3,116,3,38,0,119,119,119,1194,0.0,23.0,
4959,CURRENT_RUN_REAL_DATA,True,99,99,0,0,0,0,98,0,78,0,98,98,98,1188,7.0,28.0,
4960,CURRENT_RUN_REAL_DATA,True,92,92,0,0,0,0,91,0,71,2,91,91,91,1191,2.0,70.0,
4961,CURRENT_RUN_REAL_DATA,True,99,99,0,0,0,12,86,0,88,2,98,98,98,1183,0.0,119.0,
4962,CURRENT_RUN_REAL_DATA,True,108,108,0,0,0,10,97,10,0,2,107,107,107,1185,0.0,40.0,
4963,CURRENT_RUN_REAL_DATA,True,99,99,0,0,0,0,98,0,79,0,98,98,98,1195,10.0,20.0,
4964,CURRENT_RUN_REAL_DATA,True,143,143,0,0,0,35,107,26,23,5,142,142,142,1187,0.0,167.0,
4965,CURRENT_RUN_REAL_DATA,True,99,99,0,0,0,0,98,0,17,0,98,98,98,1187,4.0,30.0,
4966,CURRENT_RUN_REAL_DATA,True,103,103,0,0,0,5,97,3,38,1,102,102,102,1193,0.0,178.0,
4967,CURRENT_RUN_REAL_DATA,True,99,99,0,0,0,0,98,0,78,0,98,98,98,1190,6.0,30.0,
4968,CURRENT_RUN_REAL_DATA,True,99,99,0,0,0,0,98,0,88,0,98,98,98,1189,10.0,20.0,
4969,CURRENT_RUN_REAL_DATA,True,112,112,0,0,0,10,101,9,48,2,111,111,111,1189,0.0,38.0,
4970,CURRENT_RUN_REAL_DATA,True,111,111,0,0,0,1,109,0,29,0,110,110,110,1193,0.0,30.0,
4971,CURRENT_RUN_REAL_DATA,True,98,98,0,0,0,0,97,0,77,0,97,97,97,1194,9.0,30.0,
4972,CURRENT_RUN_REAL_DATA,True,99,99,0,0,0,0,98,0,89,0,98,98,98,1191,4.0,25.0,
4973,CURRENT_RUN_REAL_DATA,True,107,107,0,0,0,51,55,3,96,13,106,106,106,1124,0.0,78.0,
4974,CURRENT_RUN_REAL_DATA,True,109,109,0,0,0,13,95,9,23,3,108,108,108,1070,0.0,73.0,
4975,CURRENT_RUN_REAL_DATA,True,99,99,0,0,0,0,98,0,88,0,98,98,98,1186,1.0,25.0,
4976,CURRENT_RUN_REAL_DATA,True,100,100,0,0,0,0,99,0,78,0,99,99,99,1194,2.0,21.0,
4977,CURRENT_RUN_REAL_DATA,True,95,95,0,0,0,4,90,4,24,3,94,94,94,1168,0.0,88.0,
4978,CURRENT_RUN_REAL_DATA,True,104,104,0,0,0,3,100,0,65,1,103,103,103,1198,0.0,99.0,
4979,CURRENT_RUN_REAL_DATA,True,98,98,0,0,0,0,97,0,77,0,97,97,97,1188,7.0,30.0,
4980,CURRENT_RUN_REAL_DATA,True,141,141,0,0,0,7,133,7,17,0,140,140,140,1191,0.0,30.0,
4981,CURRENT_RUN_REAL_DATA,True,100,100,0,0,0,1,98,0,85,0,99,99,99,1194,0.0,30.0,
4982,CURRENT_RUN_REAL_DATA,True,110,110,0,0,0,16,93,16,45,1,109,109,109,1196,0.0,153.0,
4983,CURRENT_RUN_REAL_DATA,True,105,105,0,0,0,4,100,4,58,1,104,104,104,1197,0.0,46.0,
4984,CURRENT_RUN_REAL_DATA,True,99,99,0,0,0,0,98,0,79,0,98,98,98,1179,4.0,20.0,
4985,CURRENT_RUN_REAL_DATA,True,98,98,0,0,0,0,97,0,76,0,97,97,97,1194,10.0,30.0,
4986,CURRENT_RUN_REAL_DATA,True,113,113,0,0,0,11,101,9,24,1,112,112,112,1187,0.0,121.0,
4987,CURRENT_RUN_REAL_DATA,True,125,125,0,0,0,3,121,2,33,0,124,124,124,1197,0.0,24.0,
4988,CURRENT_RUN_REAL_DATA,True,101,101,0,0,0,1,99,1,46,0,100,100,100,1140,0.0,20.0,
4989,CURRENT_RUN_REAL_DATA,True,102,102,0,0,0,1,100,0,34,1,101,101,101,1166,0.0,43.0,
4990,CURRENT_RUN_REAL_DATA,True,100,100,0,0,0,0,99,0,90,0,99,99,99,1193,2.0,21.0,
4991,CURRENT_RUN_REAL_DATA,True,114,114,0,0,0,5,108,5,14,3,113,113,113,1190,0.0,111.0,
4992,CURRENT_RUN_REAL_DATA,True,98,98,0,0,0,0,97,0,88,0,97,97,97,1179,5.0,30.0,
4993,CURRENT_RUN_REAL_DATA,True,111,111,0,0,0,1,109,1,16,2,110,110,110,1191,0.0,38.0,
4994,CURRENT_RUN_REAL_DATA,True,97,97,0,0,0,0,96,0,86,0,96,96,96,1183,7.0,30.0,
4995,CURRENT_RUN_REAL_DATA,True,100,100,0,0,0,0,99,0,90,0,99,99,99,1191,2.0,20.0,
4996,CURRENT_RUN_REAL_DATA,True,99,99,0,0,0,3,95,3,46,0,98,98,98,1044,0.0,27.0,
4997,CURRENT_RUN_REAL_DATA,True,100,100,0,0,0,0,99,0,81,0,99,99,99,1191,4.0,20.0,
4998,CURRENT_RUN_REAL_DATA,True,100,100,0,0,0,0,99,0,80,0,99,99,99,1194,1.0,21.0,
4999,CURRENT_RUN_REAL_DATA,True,101,101,0,0,0,0,100,0,73,0,100,100,100,1192,5.0,21.0,
5000,CURRENT_RUN_REAL_DATA,True,100,100,0,0,0,0,99,0,89,0,99,99,99,1188,1.0,20.0,
5001,CURRENT_RUN_REAL_DATA,True,105,105,0,0,0,14,90,14,15,7,104,104,104,1191,0.0,59.0,
5002,CURRENT_RUN_REAL_DATA,True,99,99,0,0,0,3,95,0,77,1,98,98,98,1191,0.0,50.0,
5003,CURRENT_RUN_REAL_DATA,True,101,101,0,0,0,7,93,7,74,1,100,100,100,1132,0.0,40.0,
5004,CURRENT_RUN_REAL_DATA,True,100,100,0,0,0,11,88,2,90,4,99,99,99,1190,0.0,43.0,
5005,CURRENT_RUN_REAL_DATA,True,101,101,0,0,0,0,100,0,81,0,100,100,100,1187,6.0,21.0,
5006,CURRENT_RUN_REAL_DATA,True,100,100,0,0,0,0,99,0,79,0,99,99,99,1191,4.0,20.0,
5007,CURRENT_RUN_REAL_DATA,True,93,93,0,0,0,38,54,36,8,5,92,92,92,1195,0.0,477.0,
5008,CURRENT_RUN_REAL_DATA,True,101,101,0,0,0,3,97,3,0,2,100,100,100,1179,0.0,50.0,
5009,CURRENT_RUN_REAL_DATA,True,119,119,0,0,0,14,104,13,13,4,118,118,118,1184,0.0,81.0,
5010,CURRENT_RUN_REAL_DATA,True,116,116,0,0,0,3,112,3,33,1,115,115,115,1190,0.0,94.0,
5011,CURRENT_RUN_REAL_DATA,True,99,99,0,0,0,0,98,0,91,0,98,98,98,1191,9.0,21.0,
5012,CURRENT_RUN_REAL_DATA,True,105,105,0,0,0,55,49,32,50,6,104,104,104,805,0.0,97.0,
5013,CURRENT_RUN_REAL_DATA,True,99,99,0,0,0,19,79,19,10,3,98,98,98,1154,0.0,188.0,
5014,CURRENT_RUN_REAL_DATA,True,98,98,0,0,0,0,97,0,87,0,97,97,97,1190,8.0,27.0,
5015,CURRENT_RUN_REAL_DATA,True,106,106,0,0,0,0,105,0,30,0,105,105,105,1194,1.0,29.0,
5016,CURRENT_RUN_REAL_DATA,True,101,101,0,0,0,2,98,1,11,0,100,100,100,1186,0.0,30.0,
5017,CURRENT_RUN_REAL_DATA,True,99,99,0,0,0,0,98,0,88,0,98,98,98,1194,10.0,20.0,
5018,CURRENT_RUN_REAL_DATA,True,131,131,0,0,0,12,118,10,14,3,130,130,130,1187,0.0,95.0,
5019,CURRENT_RUN_REAL_DATA,True,94,94,0,0,0,0,93,0,84,0,93,93,93,1124,1.0,21.0,
5020,CURRENT_RUN_REAL_DATA,True,103,103,0,0,0,26,76,13,52,9,102,102,102,1195,0.0,119.0,
5021,CURRENT_RUN_REAL_DATA,True,99,99,0,0,0,0,98,0,88,0,98,98,98,1189,6.0,22.0,
5022,CURRENT_RUN_REAL_DATA,True,148,148,0,0,0,8,139,8,10,0,147,147,147,1194,0.0,30.0,
5023,CURRENT_RUN_REAL_DATA,True,99,99,0,0,0,1,97,0,80,0,98,98,98,1186,0.0,24.0,
5024,CURRENT_RUN_REAL_DATA,True,99,99,0,0,0,0,98,0,92,0,98,98,98,1189,8.0,22.0,
5025,CURRENT_RUN_REAL_DATA,True,98,98,0,0,0,0,97,0,88,0,97,97,97,1183,7.0,28.0,
5026,CURRENT_RUN_REAL_DATA,True,126,126,0,0,0,12,113,11,16,2,125,125,125,1193,0.0,77.0,
5027,CURRENT_RUN_REAL_DATA,True,104,104,0,0,0,1,102,1,13,2,103,103,103,1191,0.0,50.0,
5028,CURRENT_RUN_REAL_DATA,True,121,121,0,0,0,116,4,48,71,0,120,120,120,4,0.0,1.0,
5029,CURRENT_RUN_REAL_DATA,True,98,98,0,0,0,19,78,2,87,6,97,97,97,1177,0.0,98.0,
5030,CURRENT_RUN_REAL_DATA,True,128,128,0,0,0,5,122,5,4,2,127,127,127,1190,0.0,52.0,
5031,CURRENT_RUN_REAL_DATA,True,117,117,0,0,0,2,114,2,13,4,116,116,116,1188,0.0,40.0,
5032,CURRENT_RUN_REAL_DATA,True,100,100,0,0,0,0,99,0,22,0,99,99,99,1186,1.0,24.0,
5033,CURRENT_RUN_REAL_DATA,True,115,115,0,0,0,29,85,25,21,3,114,114,114,1189,0.0,134.0,
5034,CURRENT_RUN_REAL_DATA,True,161,161,0,0,0,10,150,10,12,0,160,160,160,1191,0.0,30.0,
5035,CURRENT_RUN_REAL_DATA,True,81,81,0,0,0,4,76,3,11,1,80,80,80,840,0.0,160.0,
5036,CURRENT_RUN_REAL_DATA,True,101,101,0,0,0,0,100,0,5,1,100,100,100,1186,1.0,33.0,
5037,CURRENT_RUN_REAL_DATA,True,98,98,0,0,0,0,97,0,89,0,97,97,97,1186,7.0,28.0,
5038,CURRENT_RUN_REAL_DATA,True,109,109,0,0,0,20,88,20,23,2,108,108,108,1192,0.0,100.0,
5039,CURRENT_RUN_REAL_DATA,True,106,106,0,0,0,2,103,1,27,1,105,105,105,1194,0.0,40.0,
5040,CURRENT_RUN_REAL_DATA,True,134,134,0,0,0,8,125,8,31,1,133,133,133,1155,0.0,47.0,
5041,CURRENT_RUN_REAL_DATA,True,100,100,0,0,0,0,99,0,89,0,99,99,99,1191,2.0,21.0,
5042,CURRENT_RUN_REAL_DATA,True,96,96,0,0,0,31,64,27,18,11,95,95,95,1188,0.0,77.0,
5043,CURRENT_RUN_REAL_DATA,True,110,110,0,0,0,1,108,1,40,1,109,109,109,1183,0.0,50.0,
5044,CURRENT_RUN_REAL_DATA,True,103,103,0,0,0,3,99,2,32,1,102,102,102,1191,0.0,82.0,
5045,CURRENT_RUN_REAL_DATA,True,112,112,0,0,0,15,96,14,20,6,111,111,111,1191,0.0,58.0,
5046,CURRENT_RUN_REAL_DATA,True,108,108,0,0,0,29,78,28,2,9,107,107,107,1187,0.0,55.0,
5047,CURRENT_RUN_REAL_DATA,True,98,98,0,0,0,0,97,0,89,0,97,97,97,1186,9.0,21.0,
5048,CURRENT_RUN_REAL_DATA,True,106,106,0,0,0,20,85,6,66,5,105,105,105,1189,0.0,111.0,
5049,CURRENT_RUN_REAL_DATA,True,105,105,0,0,0,0,104,0,7,0,104,104,104,1193,1.0,28.0,
5050,CURRENT_RUN_REAL_DATA,True,100,100,0,0,0,0,99,0,79,0,99,99,99,1193,2.0,20.0,
5051,CURRENT_RUN_REAL_DATA,True,114,114,0,0,0,4,109,3,68,1,113,113,113,1191,0.0,31.0,
5052,CURRENT_RUN_REAL_DATA,True,101,101,0,0,0,9,91,9,0,4,100,100,100,1190,0.0,50.0,
5053,CURRENT_RUN_REAL_DATA,True,100,100,0,0,0,0,99,0,89,0,99,99,99,1190,5.0,21.0,
5054,CURRENT_RUN_REAL_DATA,True,98,98,0,0,0,12,85,9,20,3,97,97,97,1186,0.0,162.0,
5055,CURRENT_RUN_REAL_DATA,True,102,102,0,0,0,0,101,0,9,0,101,101,101,1188,1.0,30.0,
5056,CURRENT_RUN_REAL_DATA,True,100,100,0,0,0,0,99,0,89,0,99,99,99,1190,2.0,21.0,
5057,CURRENT_RUN_REAL_DATA,True,100,100,0,0,0,0,99,0,79,0,99,99,99,1193,2.0,20.0,
5058,CURRENT_RUN_REAL_DATA,True,99,99,0,0,0,0,98,0,78,0,98,98,98,1190,8.0,22.0,
5059,CURRENT_RUN_REAL_DATA,True,100,100,0,0,0,10,89,10,0,5,99,99,99,1186,0.0,78.0,
5060,CURRENT_RUN_REAL_DATA,True,98,98,0,0,0,0,97,0,78,0,97,97,97,1192,8.0,30.0,
5061,CURRENT_RUN_REAL_DATA,True,99,99,0,0,0,0,98,0,88,0,98,98,98,1190,7.0,29.0,
5062,CURRENT_RUN_REAL_DATA,True,98,98,0,0,0,0,97,0,87,0,97,97,97,1187,6.0,30.0,
5063,CURRENT_RUN_REAL_DATA,True,90,90,0,0,0,4,85,0,42,1,89,89,89,1186,0.0,280.0,
5064,CURRENT_RUN_REAL_DATA,True,117,117,0,0,0,4,112,4,14,1,116,116,116,1195,0.0,44.0,
5065,CURRENT_RUN_REAL_DATA,True,98,98,0,0,0,0,97,0,38,2,97,97,97,1193,1.0,82.0,
5066,CURRENT_RUN_REAL_DATA,True,100,100,0,0,0,0,99,0,5,0,99,99,99,1194,1.0,20.0,
5067,CURRENT_RUN_REAL_DATA,True,100,100,0,0,0,0,99,0,4,0,99,99,99,1187,5.0,21.0,
5068,CURRENT_RUN_REAL_DATA,True,98,98,0,0,0,0,97,0,14,0,97,97,97,1193,1.0,30.0,
5069,CURRENT_RUN_REAL_DATA,True,88,88,0,0,0,6,81,4,26,3,87,87,87,1175,0.0,160.0,
5070,CURRENT_RUN_REAL_DATA,True,102,102,0,0,0,2,99,1,24,3,101,101,101,1180,0.0,43.0,
5071,CURRENT_RUN_REAL_DATA,True,145,145,0,0,0,17,127,17,29,2,144,144,144,1195,0.0,37.0,
5072,CURRENT_RUN_REAL_DATA,True,109,109,0,0,0,12,96,11,20,6,108,108,108,1194,0.0,67.0,
5073,CURRENT_RUN_REAL_DATA,True,122,122,0,0,0,23,98,20,31,4,121,121,121,1194,0.0,123.0,
5074,CURRENT_RUN_REAL_DATA,True,114,114,0,0,0,2,111,0,26,2,113,113,113,1187,0.0,40.0,
5075,CURRENT_RUN_REAL_DATA,True,100,100,0,0,0,0,99,0,89,0,99,99,99,1193,2.0,21.0,
5076,CURRENT_RUN_REAL_DATA,True,99,99,0,0,0,0,98,0,77,0,98,98,98,1186,5.0,23.0,
5077,CURRENT_RUN_REAL_DATA,True,100,100,0,0,0,0,99,0,79,0,99,99,99,1192,3.0,20.0,
5078,CURRENT_RUN_REAL_DATA,True,103,103,0,0,0,11,91,9,31,2,102,102,102,1187,0.0,102.0,
5079,CURRENT_RUN_REAL_DATA,True,98,98,0,0,0,0,97,0,78,0,97,97,97,1195,9.0,30.0,
5080,CURRENT_RUN_REAL_DATA,True,99,99,0,0,0,0,98,0,79,0,98,98,98,1180,4.0,21.0,
5081,CURRENT_RUN_REAL_DATA,True,98,98,0,0,0,0,97,0,77,0,97,97,97,1188,6.0,30.0,
5082,CURRENT_RUN_REAL_DATA,True,100,100,0,0,0,0,99,0,11,1,99,99,99,1191,2.0,32.0,
5083,CURRENT_RUN_REAL_DATA,True,99,99,0,0,0,0,98,0,94,0,98,98,98,1191,5.0,30.0,
5084,CURRENT_RUN_REAL_DATA,True,101,101,0,0,0,5,95,0,81,1,100,100,100,1193,0.0,37.0,
5085,CURRENT_RUN_REAL_DATA,True,101,101,0,0,0,1,99,0,90,0,100,100,100,1193,0.0,27.0,
5086,CURRENT_RUN_REAL_DATA,True,135,135,0,0,0,12,122,7,25,1,134,134,134,1190,0.0,32.0,
5087,CURRENT_RUN_REAL_DATA,True,95,95,0,0,0,1,93,0,23,1,94,94,94,1138,0.0,103.0,
5088,CURRENT_RUN_REAL_DATA,True,99,99,0,0,0,0,98,0,89,0,98,98,98,1190,9.0,20.0,
5089,CURRENT_RUN_REAL_DATA,True,100,100,0,0,0,0,99,0,80,0,99,99,99,1190,4.0,20.0,
5090,CURRENT_RUN_REAL_DATA,True,100,100,0,0,0,0,99,0,83,0,99,99,99,1190,3.0,23.0,
5091,CURRENT_RUN_REAL_DATA,True,100,100,0,0,0,0,99,0,91,0,99,99,99,1190,4.0,21.0,
5092,CURRENT_RUN_REAL_DATA,True,99,99,0,0,0,0,98,0,79,0,98,98,98,1195,9.0,20.0,
5093,CURRENT_RUN_REAL_DATA,True,96,96,0,0,0,0,95,0,2,0,95,95,95,1190,3.0,30.0,
5094,CURRENT_RUN_REAL_DATA,True,100,100,0,0,0,10,89,9,27,3,99,99,99,1183,0.0,61.0,
5095,CURRENT_RUN_REAL_DATA,True,91,91,0,0,0,6,84,6,0,2,90,90,90,1167,0.0,158.0,
5096,CURRENT_RUN_REAL_DATA,True,100,100,0,0,0,16,83,1,89,4,99,99,99,1184,0.0,121.0,
5097,CURRENT_RUN_REAL_DATA,True,105,105,0,0,0,10,94,10,27,2,104,104,104,1195,0.0,58.0,
5098,CURRENT_RUN_REAL_DATA,True,105,105,0,0,0,0,104,0,25,0,104,104,104,1191,1.0,30.0,
5099,CURRENT_RUN_REAL_DATA,True,99,99,0,0,0,0,98,0,70,0,98,98,98,1188,1.0,30.0,
5100,CURRENT_RUN_REAL_DATA,True,99,99,0,0,0,0,98,0,77,0,98,98,98,1190,10.0,20.0,
5101,CURRENT_RUN_REAL_DATA,True,102,102,0,0,0,4,97,4,0,1,101,101,101,1184,0.0,33.0,
5102,CURRENT_RUN_REAL_DATA,True,105,105,0,0,0,11,93,11,20,1,104,104,104,1165,0.0,102.0,
5103,CURRENT_RUN_REAL_DATA,True,106,106,0,0,0,10,95,8,17,4,105,105,105,1162,0.0,79.0,
5104,CURRENT_RUN_REAL_DATA,True,99,99,0,0,0,0,98,0,11,0,98,98,98,1188,8.0,22.0,
5105,CURRENT_RUN_REAL_DATA,True,100,100,0,0,0,0,99,0,79,0,99,99,99,1191,1.0,21.0,
5106,CURRENT_RUN_REAL_DATA,True,99,99,0,0,0,0,98,0,96,0,98,98,98,1194,9.0,20.0,
5107,CURRENT_RUN_REAL_DATA,True,116,116,0,0,0,5,110,5,3,2,115,115,115,1192,0.0,39.0,
5108,CURRENT_RUN_REAL_DATA,True,99,99,0,0,0,0,98,0,90,0,98,98,98,1196,9.0,21.0,
5109,CURRENT_RUN_REAL_DATA,True,100,100,0,0,0,0,99,0,90,0,99,99,99,1191,2.0,21.0,
5110,CURRENT_RUN_REAL_DATA,True,89,89,0,0,0,9,79,2,25,7,88,88,88,1188,0.0,116.0,
5111,CURRENT_RUN_REAL_DATA,True,99,99,0,0,0,0,98,0,78,0,98,98,98,1187,3.0,27.0,
5112,CURRENT_RUN_REAL_DATA,True,87,87,0,0,0,1,85,1,20,1,86,86,86,1046,0.0,130.0,
5113,CURRENT_RUN_REAL_DATA,True,100,100,0,0,0,0,99,0,79,0,99,99,99,1190,4.0,20.0,
5114,CURRENT_RUN_REAL_DATA,True,98,98,0,0,0,7,90,5,51,2,97,97,97,1194,0.0,90.0,
5115,CURRENT_RUN_REAL_DATA,True,99,99,0,0,0,0,98,0,90,0,98,98,98,1191,6.0,22.0,
5116,CURRENT_RUN_REAL_DATA,True,100,100,0,0,0,0,99,0,79,0,99,99,99,1194,1.0,21.0,
5117,CURRENT_RUN_REAL_DATA,True,105,105,0,0,0,4,100,3,69,0,104,104,104,1188,0.0,30.0,
5118,CURRENT_RUN_REAL_DATA,True,107,107,0,0,0,0,106,0,7,1,106,106,106,1189,2.0,36.0,
5119,CURRENT_RUN_REAL_DATA,True,103,103,0,0,0,0,102,0,0,1,102,102,102,1089,1.0,40.0,
5120,CURRENT_RUN_REAL_DATA,True,101,101,0,0,0,1,99,1,14,1,100,100,100,1193,0.0,36.0,
5121,CURRENT_RUN_REAL_DATA,True,100,100,0,0,0,0,99,0,81,0,99,99,99,1194,1.0,25.0,
5122,CURRENT_RUN_REAL_DATA,True,100,100,0,0,0,0,99,0,89,0,99,99,99,1187,6.0,21.0,
5123,CURRENT_RUN_REAL_DATA,True,107,107,0,0,0,4,102,4,9,1,106,106,106,1190,0.0,36.0,
5124,CURRENT_RUN_REAL_DATA,True,100,100,0,0,0,0,99,0,82,0,99,99,99,1187,6.0,20.0,
5125,CURRENT_RUN_REAL_DATA,True,100,100,0,0,0,0,99,0,89,0,99,99,99,1190,8.0,20.0,
5126,CURRENT_RUN_REAL_DATA,True,103,103,0,0,0,1,101,1,23,0,102,102,102,1187,0.0,22.0,
5127,CURRENT_RUN_REAL_DATA,True,96,96,0,0,0,0,95,0,86,0,95,95,95,1189,7.0,30.0,
5128,CURRENT_RUN_REAL_DATA,True,117,117,0,0,0,4,112,4,17,1,116,116,116,1191,0.0,32.0,
5129,CURRENT_RUN_REAL_DATA,True,102,102,0,0,0,2,99,1,58,1,101,101,101,1191,0.0,67.0,
5130,CURRENT_RUN_REAL_DATA,True,99,99,0,0,0,0,98,0,86,0,98,98,98,1195,9.0,21.0,
5131,CURRENT_RUN_REAL_DATA,True,120,120,0,0,0,0,119,0,39,0,119,119,119,1192,1.0,22.0,
5132,CURRENT_RUN_REAL_DATA,True,175,175,0,0,0,20,154,20,16,2,174,174,174,1191,0.0,50.0,
5133,CURRENT_RUN_REAL_DATA,True,93,93,0,0,0,32,60,32,2,11,92,92,92,1172,0.0,146.0,
5134,CURRENT_RUN_REAL_DATA,True,94,94,0,0,0,1,92,0,75,0,93,93,93,1105,0.0,20.0,
5135,CURRENT_RUN_REAL_DATA,True,100,100,0,0,0,0,99,0,18,1,99,99,99,1189,1.0,35.0,
5136,CURRENT_RUN_REAL_DATA,True,102,102,0,0,0,6,95,0,70,3,101,101,101,1155,0.0,52.0,
5137,CURRENT_RUN_REAL_DATA,True,100,100,0,0,0,0,99,0,89,0,99,99,99,1191,1.0,22.0,
5138,CURRENT_RUN_REAL_DATA,True,99,99,0,0,0,7,91,7,9,3,98,98,98,1190,0.0,88.0,
5139,CURRENT_RUN_REAL_DATA,True,100,100,0,0,0,0,99,0,80,0,99,99,99,1191,3.0,21.0,
5140,CURRENT_RUN_REAL_DATA,True,104,104,0,0,0,0,103,0,17,1,103,103,103,1189,3.0,32.0,
5141,CURRENT_RUN_REAL_DATA,True,97,97,0,0,0,0,96,0,86,1,96,96,96,1190,7.0,31.0,
5142,CURRENT_RUN_REAL_DATA,True,109,109,0,0,0,2,106,1,36,0,108,108,108,1188,0.0,30.0,
5143,CURRENT_RUN_REAL_DATA,True,109,109,0,0,0,2,106,2,48,0,108,108,108,1191,0.0,29.0,
5144,CURRENT_RUN_REAL_DATA,True,99,99,0,0,0,0,98,0,78,0,98,98,98,1191,4.0,22.0,
5145,CURRENT_RUN_REAL_DATA,True,144,144,0,0,0,10,133,10,24,1,143,143,143,1191,0.0,36.0,
5146,CURRENT_RUN_REAL_DATA,True,124,124,0,0,0,6,117,6,25,1,123,123,123,1188,0.0,35.0,
5147,CURRENT_RUN_REAL_DATA,True,63,63,0,0,0,2,60,2,15,1,62,62,62,1195,0.0,555.0,
5148,CURRENT_RUN_REAL_DATA,True,102,102,0,0,0,0,101,0,74,0,101,101,101,1193,1.0,27.0,
5149,CURRENT_RUN_REAL_DATA,True,105,105,0,0,0,6,98,4,64,3,104,104,104,1195,0.0,37.0,
5150,CURRENT_RUN_REAL_DATA,True,98,98,0,0,0,0,97,0,88,0,97,97,97,1189,7.0,30.0,
5151,CURRENT_RUN_REAL_DATA,True,107,107,0,0,0,9,97,9,1,2,106,106,106,1190,0.0,76.0,
5152,CURRENT_RUN_REAL_DATA,True,135,135,0,0,0,7,127,6,29,0,134,134,134,1191,0.0,27.0,
5153,CURRENT_RUN_REAL_DATA,True,100,100,0,0,0,16,83,16,13,5,99,99,99,1188,0.0,135.0,
5154,CURRENT_RUN_REAL_DATA,True,100,100,0,0,0,0,99,0,90,0,99,99,99,1193,2.0,20.0,
5155,CURRENT_RUN_REAL_DATA,True,102,102,0,0,0,3,98,2,17,0,101,101,101,1168,0.0,21.0,
5156,CURRENT_RUN_REAL_DATA,True,117,117,0,0,0,12,104,12,0,1,116,116,116,1193,0.0,49.0,
5157,CURRENT_RUN_REAL_DATA,True,112,112,0,0,0,17,94,17,6,1,111,111,111,1084,0.0,55.0,
5158,CURRENT_RUN_REAL_DATA,True,100,100,0,0,0,0,99,0,79,0,99,99,99,1190,4.0,20.0,
5159,CURRENT_RUN_REAL_DATA,True,99,99,0,0,0,0,98,0,54,0,98,98,98,1190,7.0,30.0,
5160,CURRENT_RUN_REAL_DATA,True,100,100,0,0,0,0,99,0,78,0,99,99,99,1191,7.0,21.0,
5161,CURRENT_RUN_REAL_DATA,True,118,118,0,0,0,6,111,6,0,2,117,117,117,1191,0.0,57.0,
5162,CURRENT_RUN_REAL_DATA,True,98,98,0,0,0,0,97,0,87,0,97,97,97,1186,9.0,22.0,
5163,CURRENT_RUN_REAL_DATA,True,96,96,0,0,0,2,93,1,16,2,95,95,95,1194,0.0,80.0,
5164,CURRENT_RUN_REAL_DATA,True,98,98,0,0,0,0,97,0,87,0,97,97,97,1190,9.0,30.0,
5165,CURRENT_RUN_REAL_DATA,True,103,103,0,0,0,1,101,1,21,1,102,102,102,1194,0.0,96.0,
5166,CURRENT_RUN_REAL_DATA,True,100,100,0,0,0,1,98,0,95,0,99,99,99,1189,0.0,22.0,
5167,CURRENT_RUN_REAL_DATA,True,109,109,0,0,0,2,106,1,1,0,108,108,108,1195,0.0,24.0,
5168,CURRENT_RUN_REAL_DATA,True,100,100,0,0,0,4,95,4,9,0,99,99,99,1032,0.0,24.0,
5169,CURRENT_RUN_REAL_DATA,True,109,109,0,0,0,1,107,1,16,1,108,108,108,1198,0.0,37.0,
5170,CURRENT_RUN_REAL_DATA,True,99,99,0,0,0,0,98,0,88,0,98,98,98,1190,7.0,30.0,
5171,CURRENT_RUN_REAL_DATA,True,117,117,0,0,0,5,111,5,27,1,116,116,116,1183,0.0,34.0,
5172,CURRENT_RUN_REAL_DATA,True,99,99,0,0,0,0,98,0,88,0,98,98,98,1194,9.0,20.0,
5173,CURRENT_RUN_REAL_DATA,True,99,99,0,0,0,0,98,0,78,0,98,98,98,1195,3.0,21.0,
5174,CURRENT_RUN_REAL_DATA,True,96,96,0,0,0,4,91,1,77,3,95,95,95,1174,0.0,40.0,
5175,CURRENT_RUN_REAL_DATA,True,100,100,0,0,0,0,99,0,16,0,99,99,99,1191,3.0,21.0,
5176,CURRENT_RUN_REAL_DATA,True,95,95,0,0,0,0,94,0,3,0,94,94,94,1126,1.0,21.0,
5177,CURRENT_RUN_REAL_DATA,True,107,107,0,0,0,9,97,9,13,2,106,106,106,1192,0.0,156.0,
5178,CURRENT_RUN_REAL_DATA,True,96,96,0,0,0,1,94,1,32,1,95,95,95,1195,0.0,56.0,
5179,CURRENT_RUN_REAL_DATA,True,105,105,0,0,0,2,102,2,45,2,104,104,104,1198,0.0,31.0,
5180,CURRENT_RUN_REAL_DATA,True,100,100,0,0,0,0,99,0,97,0,99,99,99,1194,1.0,20.0,
5181,CURRENT_RUN_REAL_DATA,True,100,100,0,0,0,1,98,1,89,0,99,99,99,1194,0.0,21.0,
5182,CURRENT_RUN_REAL_DATA,True,110,110,0,0,0,13,96,11,26,3,109,109,109,1192,0.0,84.0,
5183,CURRENT_RUN_REAL_DATA,True,100,100,0,0,0,0,99,0,91,0,99,99,99,1190,4.0,20.0,
5184,CURRENT_RUN_REAL_DATA,True,101,101,0,0,0,0,100,0,81,0,100,100,100,1192,1.0,21.0,
5185,CURRENT_RUN_REAL_DATA,True,116,116,0,0,0,5,110,5,1,0,115,115,115,1160,0.0,30.0,
5186,CURRENT_RUN_REAL_DATA,True,100,100,0,0,0,0,99,0,89,0,99,99,99,1190,6.0,20.0,
5187,CURRENT_RUN_REAL_DATA,True,100,100,0,0,0,0,99,0,79,0,99,99,99,1189,1.0,21.0,
5188,CURRENT_RUN_REAL_DATA,True,99,99,0,0,0,24,74,19,21,2,98,98,98,1190,0.0,419.0,
5189,CURRENT_RUN_REAL_DATA,True,100,100,0,0,0,0,99,0,89,0,99,99,99,1191,2.0,21.0,
5190,CURRENT_RUN_REAL_DATA,True,98,98,0,0,0,0,97,0,87,0,97,97,97,1195,3.0,29.0,
5191,CURRENT_RUN_REAL_DATA,True,100,100,0,0,0,0,99,0,78,0,99,99,99,1192,2.0,27.0,
5192,CURRENT_RUN_REAL_DATA,True,110,110,0,0,0,4,105,4,20,0,109,109,109,1194,0.0,26.0,
5193,CURRENT_RUN_REAL_DATA,True,114,114,0,0,0,44,69,37,50,2,113,113,113,841,0.0,44.0,
5194,CURRENT_RUN_REAL_DATA,True,99,99,0,0,0,0,98,0,79,0,98,98,98,1190,6.0,30.0,
5195,CURRENT_RUN_REAL_DATA,True,99,99,0,0,0,2,96,0,78,0,98,98,98,1191,0.0,30.0,
5196,CURRENT_RUN_REAL_DATA,True,98,98,0,0,0,10,87,2,66,2,97,97,97,1170,0.0,58.0,
5197,CURRENT_RUN_REAL_DATA,True,99,99,0,0,0,0,98,0,42,0,98,98,98,1187,3.0,23.0,
5198,CURRENT_RUN_REAL_DATA,True,108,108,0,0,0,3,104,3,27,1,107,107,107,1186,0.0,89.0,
5199,CURRENT_RUN_REAL_DATA,True,118,118,0,0,0,41,76,37,12,2,117,117,117,1161,0.0,343.0,
5200,CURRENT_RUN_REAL_DATA,True,110,110,0,0,0,5,104,5,31,1,109,109,109,1189,0.0,34.0,
5201,CURRENT_RUN_REAL_DATA,True,100,100,0,0,0,5,94,5,10,1,99,99,99,1076,0.0,39.0,
5202,CURRENT_RUN_REAL_DATA,True,115,115,0,0,0,0,114,0,0,0,114,114,114,1183,1.0,30.0,
5203,CURRENT_RUN_REAL_DATA,True,101,101,0,0,0,9,91,1,90,5,100,100,100,1193,0.0,44.0,
5204,CURRENT_RUN_REAL_DATA,True,136,136,0,0,0,9,126,8,15,1,135,135,135,1193,0.0,35.0,
5205,CURRENT_RUN_REAL_DATA,True,102,102,0,0,0,3,98,2,39,5,101,101,101,1184,0.0,43.0,
5206,CURRENT_RUN_REAL_DATA,True,137,137,0,0,0,20,116,16,37,2,136,136,136,1196,0.0,74.0,
5207,CURRENT_RUN_REAL_DATA,True,110,110,0,0,0,4,105,4,23,0,109,109,109,1185,0.0,24.0,
5208,CURRENT_RUN_REAL_DATA,True,98,98,0,0,0,0,97,0,88,0,97,97,97,1186,9.0,22.0,
5209,CURRENT_RUN_REAL_DATA,True,100,100,0,0,0,2,97,0,80,1,99,99,99,1186,0.0,38.0,
5210,CURRENT_RUN_REAL_DATA,True,106,106,0,0,0,12,93,8,78,4,105,105,105,1192,0.0,120.0,
5211,CURRENT_RUN_REAL_DATA,True,98,98,0,0,0,0,97,0,78,0,97,97,97,1195,8.0,30.0,
5212,CURRENT_RUN_REAL_DATA,True,103,103,0,0,0,10,92,5,23,2,102,102,102,1190,0.0,78.0,
5213,CURRENT_RUN_REAL_DATA,True,110,110,0,0,0,31,78,13,39,5,109,109,109,1180,0.0,178.0,
5214,CURRENT_RUN_REAL_DATA,True,119,119,0,0,0,4,114,4,13,0,118,118,118,1191,0.0,29.0,
5215,CURRENT_RUN_REAL_DATA,True,96,96,0,0,0,37,58,13,58,9,95,95,95,1180,0.0,113.0,
5216,CURRENT_RUN_REAL_DATA,True,102,102,0,0,0,2,99,2,6,2,101,101,101,1179,0.0,79.0,
5217,CURRENT_RUN_REAL_DATA,True,106,106,0,0,0,0,105,0,31,0,105,105,105,1189,1.0,29.0,
5218,CURRENT_RUN_REAL_DATA,True,100,100,0,0,0,0,99,0,90,0,99,99,99,1194,1.0,21.0,
5219,CURRENT_RUN_REAL_DATA,True,101,101,0,0,0,0,100,0,81,0,100,100,100,1190,4.0,21.0,
5220,CURRENT_RUN_REAL_DATA,True,100,100,0,0,0,0,99,0,91,0,99,99,99,1191,6.0,20.0,
5221,CURRENT_RUN_REAL_DATA,True,100,100,0,0,0,0,99,0,90,0,99,99,99,1194,1.0,21.0,
5222,CURRENT_RUN_REAL_DATA,True,104,104,0,0,0,12,91,12,2,2,103,103,103,1196,0.0,100.0,
5223,CURRENT_RUN_REAL_DATA,True,98,98,0,0,0,0,97,0,79,0,97,97,97,1195,10.0,30.0,
5224,CURRENT_RUN_REAL_DATA,True,100,100,0,0,0,3,96,3,25,2,99,99,99,1187,0.0,120.0,
5225,CURRENT_RUN_REAL_DATA,True,100,100,0,0,0,0,99,0,1,0,99,99,99,1192,2.0,20.0,
5226,CURRENT_RUN_REAL_DATA,True,99,99,0,0,0,0,98,0,76,0,98,98,98,1190,5.0,21.0,
5227,CURRENT_RUN_REAL_DATA,True,98,98,0,0,0,0,97,0,8,0,97,97,97,1186,9.0,21.0,
5228,CURRENT_RUN_REAL_DATA,True,96,96,0,0,0,32,63,22,22,5,95,95,95,1195,0.0,198.0,
5229,CURRENT_RUN_REAL_DATA,True,105,105,0,0,0,16,88,16,4,2,104,104,104,1188,0.0,112.0,
5230,CURRENT_RUN_REAL_DATA,True,109,109,0,0,0,2,106,2,55,0,108,108,108,1189,0.0,30.0,
5231,CURRENT_RUN_REAL_DATA,True,105,105,0,0,0,1,103,1,28,0,104,104,104,1193,0.0,27.0,
5232,CURRENT_RUN_REAL_DATA,True,113,113,0,0,0,4,108,4,20,0,112,112,112,1194,0.0,30.0,
5233,CURRENT_RUN_REAL_DATA,True,97,97,0,0,0,21,75,4,75,10,96,96,96,1181,0.0,91.0,
5234,CURRENT_RUN_REAL_DATA,True,100,100,0,0,0,2,97,0,89,1,99,99,99,1182,0.0,39.0,
5235,CURRENT_RUN_REAL_DATA,True,111,111,0,0,0,6,104,6,5,3,110,110,110,1186,0.0,60.0,
5236,CURRENT_RUN_REAL_DATA,True,99,99,0,0,0,0,98,0,95,0,98,98,98,1180,5.0,21.0,
5237,CURRENT_RUN_REAL_DATA,True,100,100,0,0,0,0,99,0,80,0,99,99,99,1188,6.0,20.0,
5238,CURRENT_RUN_REAL_DATA,True,103,103,0,0,0,38,64,16,49,9,102,102,102,1009,0.0,93.0,
5239,CURRENT_RUN_REAL_DATA,True,99,99,0,0,0,0,98,0,79,0,98,98,98,1190,8.0,21.0,
5240,CURRENT_RUN_REAL_DATA,True,79,79,0,0,0,61,17,33,37,6,78,78,78,628,0.0,137.0,
5241,CURRENT_RUN_REAL_DATA,True,98,98,0,0,0,4,93,4,1,5,97,97,97,1197,0.0,106.0,
5242,CURRENT_RUN_REAL_DATA,True,99,99,0,0,0,0,98,0,88,0,98,98,98,1194,4.0,30.0,
5243,CURRENT_RUN_REAL_DATA,True,98,98,0,0,0,3,94,3,22,2,97,97,97,1176,0.0,129.0,
5244,CURRENT_RUN_REAL_DATA,True,103,103,0,0,0,1,101,1,63,0,102,102,102,1190,0.0,24.0,
5245,CURRENT_RUN_REAL_DATA,True,111,111,0,0,0,3,107,3,54,1,110,110,110,1192,0.0,32.0,
5246,CURRENT_RUN_REAL_DATA,True,104,104,0,0,0,1,102,1,13,0,103,103,103,1195,0.0,30.0,
5247,CURRENT_RUN_REAL_DATA,True,96,96,0,0,0,31,64,31,5,1,95,95,95,1189,0.0,443.0,
5248,CURRENT_RUN_REAL_DATA,True,107,107,0,0,0,1,105,1,26,0,106,106,106,1187,0.0,27.0,
5249,CURRENT_RUN_REAL_DATA,True,100,100,0,0,0,0,99,0,79,0,99,99,99,1190,6.0,21.0,
5250,CURRENT_RUN_REAL_DATA,True,100,100,0,0,0,0,99,0,34,0,99,99,99,1187,6.0,30.0,
5251,CURRENT_RUN_REAL_DATA,True,107,107,0,0,0,45,61,5,85,10,106,106,106,1140,0.0,148.0,
5252,CURRENT_RUN_REAL_DATA,True,99,99,0,0,0,0,98,0,0,0,98,98,98,1192,4.0,21.0,
5253,CURRENT_RUN_REAL_DATA,True,100,100,0,0,0,2,97,1,48,1,99,99,99,1194,0.0,49.0,
5254,CURRENT_RUN_REAL_DATA,True,97,97,0,0,0,66,30,12,68,0,96,96,96,320,0.0,20.0,
5255,CURRENT_RUN_REAL_DATA,True,109,109,0,0,0,0,108,0,28,0,108,108,108,1184,1.0,27.0,
5256,CURRENT_RUN_REAL_DATA,True,114,114,0,0,0,8,105,7,29,1,113,113,113,1197,0.0,101.0,
5257,CURRENT_RUN_REAL_DATA,True,100,100,0,0,0,3,96,1,79,1,99,99,99,1191,0.0,52.0,
5258,CURRENT_RUN_REAL_DATA,True,104,104,0,0,0,23,80,4,85,6,103,103,103,1153,0.0,86.0,
5259,CURRENT_RUN_REAL_DATA,True,112,112,0,0,0,2,109,2,45,0,111,111,111,1190,0.0,21.0,
5260,CURRENT_RUN_REAL_DATA,True,122,122,0,0,0,5,116,5,35,0,121,121,121,1187,0.0,28.0,
5261,CURRENT_RUN_REAL_DATA,True,100,100,0,0,0,1,98,1,14,2,99,99,99,1188,0.0,86.0,
5262,CURRENT_RUN_REAL_DATA,True,96,96,0,0,0,31,64,30,2,10,95,95,95,1111,0.0,108.0,
5263,CURRENT_RUN_REAL_DATA,True,109,109,0,0,0,0,108,0,21,0,108,108,108,1192,1.0,21.0,
5264,CURRENT_RUN_REAL_DATA,True,100,100,0,0,0,0,99,0,91,0,99,99,99,1191,4.0,21.0,
5265,CURRENT_RUN_REAL_DATA,True,99,99,0,0,0,0,98,0,90,1,98,98,98,1190,1.0,31.0,
5266,CURRENT_RUN_REAL_DATA,True,36,36,0,0,0,29,6,8,26,2,35,35,35,372,0.0,319.0,
5267,CURRENT_RUN_REAL_DATA,True,102,102,0,0,0,3,98,3,26,2,101,101,101,1197,0.0,51.0,
5268,CURRENT_RUN_REAL_DATA,True,103,103,0,0,0,6,96,4,42,2,102,102,102,1179,0.0,89.0,
5269,CURRENT_RUN_REAL_DATA,True,114,114,0,0,0,24,89,24,21,5,113,113,113,1195,0.0,100.0,
5270,CURRENT_RUN_REAL_DATA,True,107,107,0,0,0,1,105,0,61,0,106,106,106,1191,0.0,21.0,
5271,CURRENT_RUN_REAL_DATA,True,115,115,0,0,0,5,109,4,15,1,114,114,114,1186,0.0,60.0,
5272,CURRENT_RUN_REAL_DATA,True,98,98,0,0,0,0,97,0,88,0,97,97,97,1185,8.0,30.0,
5273,CURRENT_RUN_REAL_DATA,True,35,35,0,0,0,0,34,0,0,6,34,34,34,998,2.0,165.0,
5274,CURRENT_RUN_REAL_DATA,True,99,99,0,0,0,0,98,0,80,0,98,98,98,1191,8.0,21.0,
5275,CURRENT_RUN_REAL_DATA,True,121,121,0,0,0,6,114,5,23,1,120,120,120,1191,0.0,87.0,
5276,CURRENT_RUN_REAL_DATA,True,99,99,0,0,0,0,98,0,90,1,98,98,98,1192,4.0,31.0,
5277,CURRENT_RUN_REAL_DATA,True,110,110,0,0,0,1,108,1,16,0,109,109,109,1190,0.0,29.0,
5278,CURRENT_RUN_REAL_DATA,True,104,104,0,0,0,14,89,10,32,3,103,103,103,1149,0.0,112.0,
5279,CURRENT_RUN_REAL_DATA,True,96,96,0,0,0,4,91,0,88,4,95,95,95,1186,0.0,43.0,
5280,CURRENT_RUN_REAL_DATA,True,99,99,0,0,0,0,98,0,76,0,98,98,98,1188,7.0,28.0,
5281,CURRENT_RUN_REAL_DATA,True,111,111,0,0,0,53,57,3,103,12,110,110,110,1165,0.0,76.0,
5282,CURRENT_RUN_REAL_DATA,True,100,100,0,0,0,0,99,0,79,0,99,99,99,1191,4.0,20.0,
5283,CURRENT_RUN_REAL_DATA,True,99,99,0,0,0,0,98,0,89,0,98,98,98,1192,9.0,20.0,
5284,CURRENT_RUN_REAL_DATA,True,103,103,0,0,0,0,102,0,1,0,102,102,102,1191,1.0,27.0,
5285,CURRENT_RUN_REAL_DATA,True,108,108,0,0,0,2,105,2,59,0,107,107,107,1193,0.0,26.0,
5286,CURRENT_RUN_REAL_DATA,True,79,79,0,0,0,29,49,29,13,6,78,78,78,1183,0.0,196.0,
5287,CURRENT_RUN_REAL_DATA,True,112,112,0,0,0,38,73,27,73,0,111,111,111,864,0.0,21.0,
5288,CURRENT_RUN_REAL_DATA,True,98,98,0,0,0,0,97,0,87,0,97,97,97,1186,8.0,28.0,
5289,CURRENT_RUN_REAL_DATA,True,100,100,0,0,0,0,99,0,54,0,99,99,99,1192,3.0,21.0,
5290,CURRENT_RUN_REAL_DATA,True,106,106,0,0,0,6,99,3,36,1,105,105,105,1188,0.0,58.0,
5291,CURRENT_RUN_REAL_DATA,True,98,98,0,0,0,0,97,0,77,0,97,97,97,1190,5.0,30.0,
5292,CURRENT_RUN_REAL_DATA,True,146,146,0,0,0,1,144,1,42,0,145,145,145,1193,0.0,30.0,
5293,CURRENT_RUN_REAL_DATA,True,98,98,0,0,0,0,97,0,88,0,97,97,97,1184,9.0,21.0,
5294,CURRENT_RUN_REAL_DATA,True,128,128,0,0,0,12,115,12,22,1,127,127,127,1192,0.0,33.0,
5295,CURRENT_RUN_REAL_DATA,True,101,101,0,0,0,2,98,2,25,1,100,100,100,1195,0.0,35.0,
5296,CURRENT_RUN_REAL_DATA,True,93,93,0,0,0,0,92,0,81,2,92,92,92,1193,1.0,106.0,
5297,CURRENT_RUN_REAL_DATA,True,110,110,0,0,0,7,102,7,54,0,109,109,109,1158,0.0,29.0,
5298,CURRENT_RUN_REAL_DATA,True,110,110,0,0,0,7,102,7,0,4,109,109,109,1188,0.0,52.0,
5299,CURRENT_RUN_REAL_DATA,True,108,108,0,0,0,0,107,0,28,1,107,107,107,1189,1.0,34.0,
5300,CURRENT_RUN_REAL_DATA,True,127,127,0,0,0,3,123,3,47,0,126,126,126,1191,0.0,30.0,
5301,CURRENT_RUN_REAL_DATA,True,141,141,0,0,0,43,97,43,19,4,140,140,140,1191,0.0,185.0,
5302,CURRENT_RUN_REAL_DATA,True,100,100,0,0,0,0,99,0,79,0,99,99,99,1191,2.0,20.0,
5303,CURRENT_RUN_REAL_DATA,True,109,109,0,0,0,23,85,20,18,5,108,108,108,1182,0.0,138.0,
5304,CURRENT_RUN_REAL_DATA,True,105,105,0,0,0,4,100,4,0,1,104,104,104,1167,0.0,41.0,
5305,CURRENT_RUN_REAL_DATA,True,99,99,0,0,0,0,98,0,78,0,98,98,98,1190,8.0,21.0,
5306,CURRENT_RUN_REAL_DATA,True,99,99,0,0,0,0,98,0,78,0,98,98,98,1188,7.0,28.0,
5307,CURRENT_RUN_REAL_DATA,True,84,84,0,0,0,16,67,16,16,4,83,83,83,1188,0.0,183.0,
5308,CURRENT_RUN_REAL_DATA,True,105,105,0,0,0,1,103,1,24,1,104,104,104,1193,0.0,33.0,
5309,CURRENT_RUN_REAL_DATA,True,100,100,0,0,0,0,99,0,78,0,99,99,99,1186,6.0,21.0,
5310,CURRENT_RUN_REAL_DATA,True,109,109,0,0,0,1,107,1,51,0,108,108,108,1183,0.0,24.0,
5311,CURRENT_RUN_REAL_DATA,True,100,100,0,0,0,0,99,0,55,0,99,99,99,1193,2.0,22.0,
5312,CURRENT_RUN_REAL_DATA,True,100,100,0,0,0,4,95,0,89,1,99,99,99,1190,0.0,47.0,
5313,CURRENT_RUN_REAL_DATA,True,101,101,0,0,0,3,97,3,7,0,100,100,100,1107,0.0,30.0,
5314,CURRENT_RUN_REAL_DATA,True,108,108,0,0,0,9,98,9,0,3,107,107,107,1184,0.0,76.0,
5315,CURRENT_RUN_REAL_DATA,True,99,99,0,0,0,0,98,0,79,0,98,98,98,1195,9.0,21.0,
5316,CURRENT_RUN_REAL_DATA,True,98,98,0,0,0,47,50,7,78,13,97,97,97,1190,0.0,145.0,
5317,CURRENT_RUN_REAL_DATA,True,100,100,0,0,0,1,98,0,79,1,99,99,99,1191,0.0,38.0,
5318,CURRENT_RUN_REAL_DATA,True,98,98,0,0,0,0,97,0,87,0,97,97,97,1191,5.0,30.0,
5319,CURRENT_RUN_REAL_DATA,True,96,96,0,0,0,2,93,1,75,1,95,95,95,1195,0.0,102.0,
5320,CURRENT_RUN_REAL_DATA,True,130,130,0,0,0,4,125,3,41,0,129,129,129,1189,0.0,29.0,
5321,CURRENT_RUN_REAL_DATA,True,100,100,0,0,0,0,99,0,79,0,99,99,99,1191,4.0,20.0,
5322,CURRENT_RUN_REAL_DATA,True,100,100,0,0,0,0,99,0,79,0,99,99,99,1193,2.0,21.0,
5323,CURRENT_RUN_REAL_DATA,True,108,108,0,0,0,1,106,1,23,0,107,107,107,1187,0.0,21.0,
5324,CURRENT_RUN_REAL_DATA,True,98,98,0,0,0,0,97,0,77,1,97,97,97,1193,2.0,41.0,
5325,CURRENT_RUN_REAL_DATA,True,100,100,0,0,0,0,99,0,97,0,99,99,99,1191,3.0,21.0,
5326,CURRENT_RUN_REAL_DATA,True,100,100,0,0,0,0,99,0,89,0,99,99,99,1189,7.0,20.0,
5327,CURRENT_RUN_REAL_DATA,True,100,100,0,0,0,0,99,0,89,0,99,99,99,1190,1.0,21.0,
5328,CURRENT_RUN_REAL_DATA,True,88,88,0,0,0,15,72,2,79,0,87,87,87,854,0.0,22.0,
5329,CURRENT_RUN_REAL_DATA,True,98,98,0,0,0,0,97,0,97,0,97,97,97,1180,5.0,30.0,
5330,CURRENT_RUN_REAL_DATA,True,100,100,0,0,0,0,99,0,92,0,99,99,99,1187,6.0,21.0,
5331,CURRENT_RUN_REAL_DATA,True,99,99,0,0,0,0,98,0,78,0,98,98,98,1191,8.0,22.0,
5332,CURRENT_RUN_REAL_DATA,True,100,100,0,0,0,0,99,0,80,0,99,99,99,1190,4.0,20.0,
5333,CURRENT_RUN_REAL_DATA,True,115,115,0,0,0,1,113,1,0,0,114,114,114,1175,0.0,29.0,
5334,CURRENT_RUN_REAL_DATA,True,100,100,0,0,0,0,99,0,79,0,99,99,99,1192,3.0,20.0,
5335,CURRENT_RUN_REAL_DATA,True,90,90,0,0,0,0,89,0,1,1,89,89,89,1188,1.0,137.0,
5336,CURRENT_RUN_REAL_DATA,True,110,110,0,0,0,1,108,1,30,0,109,109,109,1188,0.0,29.0,
5337,CURRENT_RUN_REAL_DATA,True,107,107,0,0,0,0,106,0,54,0,106,106,106,1194,1.0,22.0,
5338,CURRENT_RUN_REAL_DATA,True,100,100,0,0,0,0,99,0,92,0,99,99,99,1191,1.0,21.0,
5339,CURRENT_RUN_REAL_DATA,True,101,101,0,0,0,1,99,1,59,0,100,100,100,1179,0.0,25.0,
5340,CURRENT_RUN_REAL_DATA,True,107,107,0,0,0,13,93,11,20,3,106,106,106,1194,0.0,109.0,
5341,CURRENT_RUN_REAL_DATA,True,100,100,0,0,0,0,99,0,89,0,99,99,99,1191,2.0,21.0,
5342,CURRENT_RUN_REAL_DATA,True,160,160,0,0,0,6,153,4,37,0,159,159,159,1190,0.0,22.0,
5343,CURRENT_RUN_REAL_DATA,True,99,99,0,0,0,1,97,1,41,1,98,98,98,1194,0.0,100.0,
5344,CURRENT_RUN_REAL_DATA,True,99,99,0,0,0,1,97,1,0,0,98,98,98,1176,0.0,28.0,
5345,CURRENT_RUN_REAL_DATA,True,100,100,0,0,0,3,96,1,82,1,99,99,99,1192,0.0,40.0,
5346,CURRENT_RUN_REAL_DATA,True,99,99,0,0,0,6,92,4,14,7,98,98,98,1195,0.0,49.0,
5347,CURRENT_RUN_REAL_DATA,True,99,99,0,0,0,0,98,0,78,0,98,98,98,1190,7.0,30.0,
5348,CURRENT_RUN_REAL_DATA,True,143,143,0,0,0,70,72,67,17,2,142,142,142,1190,0.0,430.0,
5349,CURRENT_RUN_REAL_DATA,True,98,98,0,0,0,1,96,0,87,2,97,97,97,1191,0.0,33.0,
5350,CURRENT_RUN_REAL_DATA,True,103,103,0,0,0,1,101,1,76,0,102,102,102,1186,0.0,22.0,
5351,CURRENT_RUN_REAL_DATA,True,107,107,0,0,0,2,104,2,35,0,106,106,106,1189,0.0,28.0,
5352,CURRENT_RUN_REAL_DATA,True,98,98,0,0,0,0,97,0,90,0,97,97,97,1186,8.0,22.0,
5353,CURRENT_RUN_REAL_DATA,True,99,99,0,0,0,0,98,0,88,0,98,98,98,1192,4.0,30.0,
5354,CURRENT_RUN_REAL_DATA,True,82,82,0,0,0,3,78,3,44,2,81,81,81,961,0.0,56.0,
5355,CURRENT_RUN_REAL_DATA,True,106,106,0,0,0,0,105,0,0,0,105,105,105,1185,1.0,30.0,
5356,CURRENT_RUN_REAL_DATA,True,100,100,0,0,0,0,99,0,89,0,99,99,99,1190,5.0,21.0,
5357,CURRENT_RUN_REAL_DATA,True,100,100,0,0,0,8,91,7,50,2,99,99,99,1191,0.0,82.0,
5358,CURRENT_RUN_REAL_DATA,True,98,98,0,0,0,0,97,0,77,1,97,97,97,1194,1.0,31.0,
5359,CURRENT_RUN_REAL_DATA,True,97,97,0,0,0,3,93,0,78,1,96,96,96,1186,0.0,54.0,
5360,CURRENT_RUN_REAL_DATA,True,137,137,0,0,0,10,126,7,29,2,136,136,136,1179,0.0,36.0,
5361,CURRENT_RUN_REAL_DATA,True,99,99,0,0,0,0,98,0,79,0,98,98,98,1195,10.0,20.0,
5362,CURRENT_RUN_REAL_DATA,True,114,114,0,0,0,11,102,11,5,2,113,113,113,1194,0.0,76.0,
5363,CURRENT_RUN_REAL_DATA,True,125,125,0,0,0,12,112,12,0,1,124,124,124,1165,0.0,43.0,
5364,CURRENT_RUN_REAL_DATA,True,73,73,0,0,0,41,31,8,59,6,72,72,72,1163,0.0,354.0,
5365,CURRENT_RUN_REAL_DATA,True,116,116,0,0,0,0,115,0,0,1,115,115,115,1193,1.0,33.0,
5366,CURRENT_RUN_REAL_DATA,True,130,130,0,0,0,9,120,8,19,0,129,129,129,1187,0.0,28.0,
5367,CURRENT_RUN_REAL_DATA,True,101,101,0,0,0,2,98,1,26,0,100,100,100,1186,0.0,28.0,
5368,CURRENT_RUN_REAL_DATA,True,135,135,0,0,0,5,129,5,27,0,134,134,134,1186,0.0,28.0,
5369,CURRENT_RUN_REAL_DATA,True,112,112,0,0,0,72,39,10,99,20,111,111,111,1179,0.0,95.0,
5370,CURRENT_RUN_REAL_DATA,True,98,98,0,0,0,0,97,0,92,1,97,97,97,1190,6.0,31.0,
5371,CURRENT_RUN_REAL_DATA,True,100,100,0,0,0,3,96,3,60,1,99,99,99,1188,0.0,101.0,
5372,CURRENT_RUN_REAL_DATA,True,99,99,0,0,0,0,98,0,89,0,98,98,98,1190,7.0,30.0,
5373,CURRENT_RUN_REAL_DATA,True,63,63,0,0,0,6,56,4,14,3,62,62,62,1194,0.0,622.0,
5374,CURRENT_RUN_REAL_DATA,True,112,112,0,0,0,0,111,0,22,0,111,111,111,1149,1.0,29.0,
5375,CURRENT_RUN_REAL_DATA,True,100,100,0,0,0,0,99,0,89,0,99,99,99,1190,6.0,20.0,
5376,CURRENT_RUN_REAL_DATA,True,137,137,0,0,0,5,131,5,33,0,136,136,136,1194,0.0,30.0,
5377,CURRENT_RUN_REAL_DATA,True,98,98,0,0,0,0,97,0,92,0,97,97,97,1183,8.0,22.0,
5378,CURRENT_RUN_REAL_DATA,True,99,99,0,0,0,0,98,0,77,0,98,98,98,1190,10.0,20.0,
5379,CURRENT_RUN_REAL_DATA,True,99,99,0,0,0,0,98,0,79,0,98,98,98,1183,1.0,22.0,
5380,CURRENT_RUN_REAL_DATA,True,97,97,0,0,0,1,95,0,18,1,96,96,96,1191,0.0,151.0,
5381,CURRENT_RUN_REAL_DATA,True,100,100,0,0,0,0,99,0,89,0,99,99,99,1191,4.0,20.0,
5382,CURRENT_RUN_REAL_DATA,True,99,99,0,0,0,0,98,0,78,0,98,98,98,1195,9.0,22.0,
5383,CURRENT_RUN_REAL_DATA,True,144,144,0,0,0,5,138,4,27,1,143,143,143,1189,0.0,34.0,
5384,CURRENT_RUN_REAL_DATA,True,111,111,0,0,0,2,108,2,23,0,110,110,110,1161,0.0,30.0,
5385,CURRENT_RUN_REAL_DATA,True,103,103,0,0,0,1,101,0,72,0,102,102,102,1194,0.0,21.0,
5386,CURRENT_RUN_REAL_DATA,True,96,96,0,0,0,0,95,0,73,1,95,95,95,1192,1.0,65.0,
5387,CURRENT_RUN_REAL_DATA,True,124,124,0,0,0,2,121,2,26,0,123,123,123,1188,0.0,30.0,
5388,CURRENT_RUN_REAL_DATA,True,99,99,0,0,0,0,98,0,78,0,98,98,98,1195,8.0,22.0,
5389,CURRENT_RUN_REAL_DATA,True,117,117,0,0,0,6,110,6,23,1,116,116,116,1192,0.0,53.0,
5390,CURRENT_RUN_REAL_DATA,True,121,121,0,0,0,7,113,7,11,1,120,120,120,1188,0.0,40.0,
5391,CURRENT_RUN_REAL_DATA,True,164,164,0,0,0,16,147,16,17,0,163,163,163,1187,0.0,28.0,
5392,CURRENT_RUN_REAL_DATA,True,100,100,0,0,0,1,98,0,79,0,99,99,99,1189,0.0,23.0,
5393,CURRENT_RUN_REAL_DATA,True,100,100,0,0,0,0,99,0,78,0,99,99,99,1191,3.0,21.0,
5394,CURRENT_RUN_REAL_DATA,True,100,100,0,0,0,0,99,0,79,0,99,99,99,1195,1.0,20.0,
5395,CURRENT_RUN_REAL_DATA,True,145,145,0,0,0,43,101,37,15,5,144,144,144,1180,0.0,64.0,
5396,CURRENT_RUN_REAL_DATA,True,99,99,0,0,0,0,98,0,78,0,98,98,98,1191,9.0,21.0,
5397,CURRENT_RUN_REAL_DATA,True,100,100,0,0,0,0,99,0,79,0,99,99,99,1191,7.0,21.0,
5398,CURRENT_RUN_REAL_DATA,True,115,115,0,0,0,9,105,9,20,2,114,114,114,1179,0.0,49.0,
5399,CURRENT_RUN_REAL_DATA,True,100,100,0,0,0,2,97,2,33,1,99,99,99,1189,0.0,37.0,
5400,CURRENT_RUN_REAL_DATA,True,99,99,0,0,0,3,95,3,6,2,98,98,98,1193,0.0,89.0,
5401,CURRENT_RUN_REAL_DATA,True,100,100,0,0,0,0,99,0,79,0,99,99,99,1194,1.0,21.0,
5402,CURRENT_RUN_REAL_DATA,True,128,128,0,0,0,6,121,6,35,0,127,127,127,1194,0.0,24.0,
5403,CURRENT_RUN_REAL_DATA,True,97,97,0,0,0,0,96,0,75,0,96,96,96,1186,1.0,30.0,
5404,CURRENT_RUN_REAL_DATA,True,108,108,0,0,0,19,88,18,5,3,107,107,107,1186,0.0,104.0,
5405,CURRENT_RUN_REAL_DATA,True,102,102,0,0,0,21,80,14,21,7,101,101,101,1189,0.0,117.0,
5406,CURRENT_RUN_REAL_DATA,True,97,97,0,0,0,9,87,9,12,5,96,96,96,1186,0.0,121.0,
5407,CURRENT_RUN_REAL_DATA,True,83,83,0,0,0,3,79,3,3,2,82,82,82,1099,0.0,106.0,
5408,CURRENT_RUN_REAL_DATA,True,100,100,0,0,0,0,99,0,78,0,99,99,99,1191,4.0,21.0,
5409,CURRENT_RUN_REAL_DATA,True,97,97,0,0,0,0,96,0,13,1,96,96,96,1193,6.0,34.0,
5410,CURRENT_RUN_REAL_DATA,True,94,94,0,0,0,12,81,12,13,3,93,93,93,1190,0.0,237.0,
5411,CURRENT_RUN_REAL_DATA,True,108,108,0,0,0,1,106,1,35,1,107,107,107,1185,0.0,45.0,
5412,CURRENT_RUN_REAL_DATA,True,117,117,0,0,0,6,110,5,8,1,116,116,116,1195,0.0,51.0,
5413,CURRENT_RUN_REAL_DATA,True,106,106,0,0,0,1,104,1,31,0,105,105,105,1190,0.0,23.0,
5414,CURRENT_RUN_REAL_DATA,True,98,98,0,0,0,0,97,0,77,0,97,97,97,1178,5.0,28.0,
5415,CURRENT_RUN_REAL_DATA,True,99,99,0,0,0,1,97,1,78,0,98,98,98,1190,0.0,26.0,
5416,CURRENT_RUN_REAL_DATA,True,95,95,0,0,0,0,94,0,13,0,94,94,94,1083,1.0,23.0,
5417,CURRENT_RUN_REAL_DATA,True,144,144,0,0,0,4,139,4,30,0,143,143,143,1195,0.0,24.0,
5418,CURRENT_RUN_REAL_DATA,True,100,100,0,0,0,0,99,0,79,0,99,99,99,1191,5.0,21.0,
5419,CURRENT_RUN_REAL_DATA,True,100,100,0,0,0,0,99,0,91,0,99,99,99,1194,1.0,20.0,
5420,CURRENT_RUN_REAL_DATA,True,112,112,0,0,0,1,110,1,16,0,111,111,111,1187,0.0,21.0,
5421,CURRENT_RUN_REAL_DATA,True,111,111,0,0,0,1,109,1,16,0,110,110,110,1191,0.0,23.0,
5422,CURRENT_RUN_REAL_DATA,True,92,92,0,0,0,4,87,4,10,2,91,91,91,1190,0.0,89.0,
5423,CURRENT_RUN_REAL_DATA,True,124,124,0,0,0,0,123,0,11,0,123,123,123,1189,1.0,27.0,
5424,CURRENT_RUN_REAL_DATA,True,99,99,0,0,0,0,98,0,89,0,98,98,98,1196,8.0,23.0,
5425,CURRENT_RUN_REAL_DATA,True,101,101,0,0,0,0,100,0,6,0,100,100,100,1186,2.0,22.0,
5426,CURRENT_RUN_REAL_DATA,True,138,138,0,0,0,2,135,2,15,0,137,137,137,1190,0.0,26.0,
5427,CURRENT_RUN_REAL_DATA,True,107,107,0,0,0,0,106,0,52,0,106,106,106,1191,1.0,21.0,
5428,CURRENT_RUN_REAL_DATA,True,99,99,0,0,0,0,98,0,90,0,98,98,98,1179,5.0,20.0,
5429,CURRENT_RUN_REAL_DATA,True,98,98,0,0,0,0,97,0,76,0,97,97,97,1186,9.0,21.0,
5430,CURRENT_RUN_REAL_DATA,True,133,133,0,0,0,2,130,2,11,0,132,132,132,1191,0.0,26.0,
5431,CURRENT_RUN_REAL_DATA,True,106,106,0,0,0,0,105,0,14,0,105,105,105,1193,1.0,21.0,
5432,CURRENT_RUN_REAL_DATA,True,100,100,0,0,0,0,99,0,81,0,99,99,99,1192,3.0,20.0,
5433,CURRENT_RUN_REAL_DATA,True,99,99,0,0,0,0,98,0,78,0,98,98,98,1191,9.0,20.0,
5434,CURRENT_RUN_REAL_DATA,True,98,98,0,0,0,0,97,0,95,0,97,97,97,1186,7.0,28.0,
5435,CURRENT_RUN_REAL_DATA,True,100,100,0,0,0,0,99,0,91,0,99,99,99,1194,1.0,20.0,
5436,CURRENT_RUN_REAL_DATA,True,118,118,0,0,0,2,115,2,22,0,117,117,117,1196,0.0,26.0,
5437,CURRENT_RUN_REAL_DATA,True,118,118,0,0,0,1,116,1,31,0,117,117,117,1184,0.0,26.0,
5438,CURRENT_RUN_REAL_DATA,True,131,131,0,0,0,3,127,3,28,1,130,130,130,1191,0.0,38.0,
5439,CURRENT_RUN_REAL_DATA,True,99,99,0,0,0,2,96,0,29,0,98,98,98,1186,0.0,28.0,
5440,CURRENT_RUN_REAL_DATA,True,102,102,0,0,0,0,101,0,39,0,101,101,101,1186,1.0,27.0,
5441,CURRENT_RUN_REAL_DATA,True,109,109,0,0,0,2,106,1,61,0,108,108,108,1190,0.0,21.0,
5442,CURRENT_RUN_REAL_DATA,True,98,98,0,0,0,0,97,0,77,0,97,97,97,1184,9.0,21.0,
5443,CURRENT_RUN_REAL_DATA,True,120,120,0,0,0,1,118,1,0,0,119,119,119,1196,0.0,23.0,
5444,CURRENT_RUN_REAL_DATA,True,98,98,0,0,0,0,97,0,0,1,97,97,97,1191,2.0,32.0,
5445,CURRENT_RUN_REAL_DATA,True,101,101,0,0,0,2,98,2,11,1,100,100,100,1186,0.0,37.0,
5446,CURRENT_RUN_REAL_DATA,True,108,108,0,0,0,2,105,2,14,0,107,107,107,1190,0.0,27.0,
5447,CURRENT_RUN_REAL_DATA,True,111,111,0,0,0,0,110,0,37,0,110,110,110,1187,1.0,25.0,
5448,CURRENT_RUN_REAL_DATA,True,122,122,0,0,0,2,119,0,21,0,121,121,121,1186,0.0,25.0,
5449,CURRENT_RUN_REAL_DATA,True,100,100,0,0,0,1,98,0,96,0,99,99,99,1188,0.0,23.0,
5450,CURRENT_RUN_REAL_DATA,True,111,111,0,0,0,3,107,3,3,2,110,110,110,1189,0.0,42.0,
5451,CURRENT_RUN_REAL_DATA,True,100,100,0,0,0,0,99,0,72,0,99,99,99,1190,2.0,20.0,
5452,CURRENT_RUN_REAL_DATA,True,106,106,0,0,0,3,102,2,27,2,105,105,105,1195,0.0,135.0,
5453,CURRENT_RUN_REAL_DATA,True,100,100,0,0,0,0,99,0,79,0,99,99,99,1191,2.0,20.0,
5454,CURRENT_RUN_REAL_DATA,True,100,100,0,0,0,0,99,0,89,0,99,99,99,1193,1.0,21.0,
5455,CURRENT_RUN_REAL_DATA,True,104,104,0,0,0,1,102,1,38,0,103,103,103,1191,0.0,30.0,
5456,CURRENT_RUN_REAL_DATA,True,107,107,0,0,0,1,105,1,40,0,106,106,106,1192,0.0,29.0,
5457,CURRENT_RUN_REAL_DATA,True,122,122,0,0,0,2,119,2,1,0,121,121,121,1191,0.0,22.0,
5458,CURRENT_RUN_REAL_DATA,True,109,109,0,0,0,1,107,1,0,0,108,108,108,1190,0.0,23.0,
5459,CURRENT_RUN_REAL_DATA,True,106,106,0,0,0,0,105,0,30,0,105,105,105,1190,2.0,30.0,
5460,CURRENT_RUN_REAL_DATA,True,107,107,0,0,0,1,105,1,4,0,106,106,106,1197,0.0,20.0,
5461,CURRENT_RUN_REAL_DATA,True,106,106,0,0,0,1,104,1,20,1,105,105,105,1190,0.0,34.0,
5462,CURRENT_RUN_REAL_DATA,True,106,106,0,0,0,0,105,0,76,0,105,105,105,1190,1.0,21.0,
5463,CURRENT_RUN_REAL_DATA,True,106,106,0,0,0,1,104,1,44,1,105,105,105,1189,0.0,34.0,
5464,CURRENT_RUN_REAL_DATA,True,100,100,0,0,0,0,99,0,94,0,99,99,99,1191,5.0,21.0,
5465,CURRENT_RUN_REAL_DATA,True,104,104,0,0,0,0,103,0,32,0,103,103,103,1189,1.0,22.0,
5466,CURRENT_RUN_REAL_DATA,True,107,107,0,0,0,0,106,0,37,0,106,106,106,1193,1.0,24.0,
5467,CURRENT_RUN_REAL_DATA,True,100,100,0,0,0,0,99,0,98,0,99,99,99,1191,3.0,20.0,
5468,CURRENT_RUN_REAL_DATA,True,100,100,0,0,0,0,99,0,77,0,99,99,99,1191,2.0,20.0,
5469,CURRENT_RUN_REAL_DATA,True,116,116,0,0,0,1,114,1,9,0,115,115,115,1193,0.0,25.0,
5470,CURRENT_RUN_REAL_DATA,True,117,117,0,0,0,3,113,3,21,0,116,116,116,1190,0.0,29.0,
5471,CURRENT_RUN_REAL_DATA,True,100,100,0,0,0,0,99,0,89,0,99,99,99,1186,5.0,21.0,
5472,CURRENT_RUN_REAL_DATA,True,99,99,0,0,0,0,98,0,79,0,98,98,98,1186,1.0,21.0,
5473,CURRENT_RUN_REAL_DATA,True,98,98,0,0,0,0,97,0,87,0,97,97,97,1188,9.0,21.0,
5474,CURRENT_RUN_REAL_DATA,True,99,99,0,0,0,0,98,0,80,0,98,98,98,1191,9.0,21.0,
5475,CURRENT_RUN_REAL_DATA,True,99,99,0,0,0,0,98,0,55,0,98,98,98,1195,9.0,21.0,
5476,CURRENT_RUN_REAL_DATA,True,103,103,0,0,0,6,96,6,2,4,102,102,102,1191,0.0,52.0,
5477,CURRENT_RUN_REAL_DATA,True,98,98,0,0,0,0,97,0,78,0,97,97,97,1186,9.0,21.0,
5478,CURRENT_RUN_REAL_DATA,True,99,99,0,0,0,0,98,0,88,0,98,98,98,1188,7.0,28.0,
5479,CURRENT_RUN_REAL_DATA,True,100,100,0,0,0,0,99,0,89,0,99,99,99,1190,5.0,21.0,
5480,CURRENT_RUN_REAL_DATA,True,99,99,0,0,0,0,98,0,88,0,98,98,98,1187,1.0,22.0,
5481,CURRENT_RUN_REAL_DATA,True,100,100,0,0,0,0,99,0,92,0,99,99,99,1194,1.0,20.0,
5482,CURRENT_RUN_REAL_DATA,True,104,104,0,0,0,1,102,0,33,1,103,103,103,1190,0.0,79.0,
5483,CURRENT_RUN_REAL_DATA,True,111,111,0,0,0,1,109,1,39,0,110,110,110,1186,0.0,28.0,
5484,CURRENT_RUN_REAL_DATA,True,102,102,0,0,0,4,97,4,3,2,101,101,101,1186,0.0,116.0,
5485,CURRENT_RUN_REAL_DATA,True,99,99,0,0,0,0,98,0,88,0,98,98,98,1192,9.0,20.0,
5486,CURRENT_RUN_REAL_DATA,True,111,111,0,0,0,4,106,3,9,1,110,110,110,1187,0.0,80.0,
5487,CURRENT_RUN_REAL_DATA,True,92,92,0,0,0,2,89,2,2,3,91,91,91,1195,0.0,116.0,
5488,CURRENT_RUN_REAL_DATA,True,109,109,0,0,0,1,107,1,36,0,108,108,108,1179,0.0,26.0,
5489,CURRENT_RUN_REAL_DATA,True,102,102,0,0,0,0,101,0,5,0,101,101,101,1193,1.0,20.0,
5490,CURRENT_RUN_REAL_DATA,True,99,99,0,0,0,0,98,0,77,0,98,98,98,1188,6.0,23.0,
5491,CURRENT_RUN_REAL_DATA,True,106,106,0,0,0,1,104,1,31,0,105,105,105,1190,0.0,27.0,
5492,CURRENT_RUN_REAL_DATA,True,102,102,0,0,0,4,97,2,51,3,101,101,101,1193,0.0,59.0,
5493,CURRENT_RUN_REAL_DATA,True,101,101,0,0,0,0,100,0,77,0,100,100,100,1198,2.0,26.0,
5494,CURRENT_RUN_REAL_DATA,True,104,104,0,0,0,0,103,0,31,0,103,103,103,1186,1.0,21.0,
5495,CURRENT_RUN_REAL_DATA,True,100,100,0,0,0,0,99,0,92,0,99,99,99,1191,1.0,20.0,
5496,CURRENT_RUN_REAL_DATA,True,116,116,0,0,0,1,114,1,33,0,115,115,115,1194,0.0,27.0,
5497,CURRENT_RUN_REAL_DATA,True,109,109,0,0,0,2,106,2,24,1,108,108,108,1193,0.0,33.0,
5498,CURRENT_RUN_REAL_DATA,True,108,108,0,0,0,4,103,4,25,1,107,107,107,1189,0.0,44.0,
5499,CURRENT_RUN_REAL_DATA,True,129,129,0,0,0,45,83,45,0,0,128,128,128,858,0.0,29.0,
5500,CURRENT_RUN_REAL_DATA,True,109,109,0,0,0,1,107,1,2,0,108,108,108,1195,0.0,28.0,
5501,CURRENT_RUN_REAL_DATA,True,114,114,0,0,0,6,107,5,35,1,113,113,113,1190,0.0,31.0,
5502,CURRENT_RUN_REAL_DATA,True,120,120,0,0,0,11,108,11,3,1,119,119,119,1190,0.0,129.0,
5503,CURRENT_RUN_REAL_DATA,True,99,99,0,0,0,0,98,0,96,0,98,98,98,1190,5.0,30.0,
5504,CURRENT_RUN_REAL_DATA,True,99,99,0,0,0,0,98,0,81,0,98,98,98,1191,9.0,20.0,
5505,CURRENT_RUN_REAL_DATA,True,98,98,0,0,0,0,97,0,78,0,97,97,97,1190,9.0,30.0,
5506,CURRENT_RUN_REAL_DATA,True,103,103,0,0,0,44,58,9,80,6,102,102,102,1162,0.0,207.0,
5507,CURRENT_RUN_REAL_DATA,True,101,101,0,0,0,0,100,0,35,0,100,100,100,1187,2.0,30.0,
5508,CURRENT_RUN_REAL_DATA,True,98,98,0,0,0,1,96,1,70,0,97,97,97,1136,0.0,23.0,
5509,CURRENT_RUN_REAL_DATA,True,99,99,0,0,0,0,98,0,78,0,98,98,98,1180,1.0,21.0,
5510,CURRENT_RUN_REAL_DATA,True,107,107,0,0,0,2,104,1,44,0,106,106,106,1188,0.0,27.0,
5511,CURRENT_RUN_REAL_DATA,True,106,106,0,0,0,14,91,14,17,1,105,105,105,1137,0.0,122.0,
5512,CURRENT_RUN_REAL_DATA,True,107,107,0,0,0,18,88,18,3,1,106,106,106,1189,0.0,179.0,
5513,CURRENT_RUN_REAL_DATA,True,106,106,0,0,0,0,105,0,28,1,105,105,105,1195,1.0,31.0,
5514,CURRENT_RUN_REAL_DATA,True,98,98,0,0,0,0,97,0,97,0,97,97,97,1189,7.0,30.0,
5515,CURRENT_RUN_REAL_DATA,True,99,99,0,0,0,1,97,1,74,0,98,98,98,1186,0.0,29.0,
5516,CURRENT_RUN_REAL_DATA,True,112,112,0,0,0,2,109,2,20,0,111,111,111,1186,0.0,22.0,
5517,CURRENT_RUN_REAL_DATA,True,108,108,0,0,0,5,102,5,16,0,107,107,107,1188,0.0,30.0,
5518,CURRENT_RUN_REAL_DATA,True,98,98,0,0,0,0,97,0,48,0,97,97,97,1162,2.0,21.0,
5519,CURRENT_RUN_REAL_DATA,True,98,98,0,0,0,0,97,0,97,0,97,97,97,1186,6.0,28.0,
5520,CURRENT_RUN_REAL_DATA,True,64,64,0,0,0,38,25,0,63,7,63,63,63,1108,0.0,344.0,
5521,CURRENT_RUN_REAL_DATA,True,101,101,0,0,0,0,100,0,100,0,100,100,100,1194,3.0,21.0,
5522,CURRENT_RUN_REAL_DATA,True,100,100,0,0,0,0,99,0,99,0,99,99,99,1191,4.0,21.0,
5523,CURRENT_RUN_REAL_DATA,True,100,100,0,0,0,0,99,0,99,0,99,99,99,1191,6.0,21.0,
5524,CURRENT_RUN_REAL_DATA,True,99,99,0,0,0,0,98,0,98,0,98,98,98,1195,9.0,21.0,
5525,CURRENT_RUN_REAL_DATA,True,109,109,0,0,0,7,101,6,60,2,108,108,108,1192,0.0,59.0,
5526,CURRENT_RUN_REAL_DATA,True,98,98,0,0,0,1,96,1,38,1,97,97,97,1189,0.0,100.0,
5527,CURRENT_RUN_REAL_DATA,True,103,103,0,0,0,0,102,0,20,0,102,102,102,1189,1.0,27.0,
5528,CURRENT_RUN_REAL_DATA,True,104,104,0,0,0,2,101,2,37,1,103,103,103,1190,0.0,33.0,
5529,CURRENT_RUN_REAL_DATA,True,106,106,0,0,0,0,105,0,12,1,105,105,105,1195,1.0,33.0,
5530,CURRENT_RUN_REAL_DATA,True,100,100,0,0,0,0,99,0,90,0,99,99,99,1195,1.0,22.0,
5531,CURRENT_RUN_REAL_DATA,True,99,99,0,0,0,0,98,0,88,0,98,98,98,1179,1.0,21.0,
5532,CURRENT_RUN_REAL_DATA,True,105,105,0,0,0,0,104,0,67,0,104,104,104,1194,1.0,29.0,
5533,CURRENT_RUN_REAL_DATA,True,106,106,0,0,0,2,103,2,24,0,105,105,105,1186,0.0,28.0,
5534,CURRENT_RUN_REAL_DATA,True,54,54,0,0,0,1,52,1,0,1,53,53,53,716,0.0,105.0,
5535,CURRENT_RUN_REAL_DATA,True,98,98,0,0,0,8,89,8,0,2,97,97,97,1190,0.0,86.0,
5536,CURRENT_RUN_REAL_DATA,True,100,100,0,0,0,0,99,0,98,0,99,99,99,1191,4.0,20.0,
5537,CURRENT_RUN_REAL_DATA,True,100,100,0,0,0,0,99,0,5,0,99,99,99,1191,3.0,20.0,
5538,CURRENT_RUN_REAL_DATA,True,119,119,0,0,0,23,95,17,50,0,118,118,118,1039,0.0,21.0,
5539,CURRENT_RUN_REAL_DATA,True,99,99,0,0,0,0,98,0,26,0,98,98,98,1193,10.0,20.0,
5540,CURRENT_RUN_REAL_DATA,True,104,104,0,0,0,0,103,0,0,0,103,103,103,1189,1.0,20.0,
5541,CURRENT_RUN_REAL_DATA,True,101,101,0,0,0,4,96,0,99,2,100,100,100,1193,0.0,49.0,
5542,CURRENT_RUN_REAL_DATA,True,99,99,0,0,0,0,98,0,71,0,98,98,98,1186,5.0,26.0,
5543,CURRENT_RUN_REAL_DATA,True,100,100,0,0,0,0,99,0,78,0,99,99,99,1191,2.0,20.0,
5544,CURRENT_RUN_REAL_DATA,True,100,100,0,0,0,1,98,1,59,0,99,99,99,1190,0.0,26.0,
5545,CURRENT_RUN_REAL_DATA,True,100,100,0,0,0,0,99,0,99,0,99,99,99,1189,6.0,21.0,
5546,CURRENT_RUN_REAL_DATA,True,107,107,0,0,0,0,106,0,47,0,106,106,106,1194,1.0,20.0,
5547,CURRENT_RUN_REAL_DATA,True,116,116,0,0,0,4,111,4,20,1,115,115,115,1186,0.0,31.0,
5548,CURRENT_RUN_REAL_DATA,True,103,103,0,0,0,0,102,0,27,0,102,102,102,1193,2.0,28.0,
5549,CURRENT_RUN_REAL_DATA,True,100,100,0,0,0,0,99,0,99,0,99,99,99,1192,2.0,21.0,
5550,CURRENT_RUN_REAL_DATA,True,97,97,0,0,0,0,96,0,0,0,96,96,96,1186,9.0,30.0,
5551,CURRENT_RUN_REAL_DATA,True,104,104,0,0,0,0,103,0,45,0,103,103,103,1176,1.0,25.0,
5552,CURRENT_RUN_REAL_DATA,True,98,98,0,0,0,0,97,0,97,1,97,97,97,1190,5.0,31.0,
5553,CURRENT_RUN_REAL_DATA,True,110,110,0,0,0,6,103,6,34,0,109,109,109,1184,0.0,30.0,
5554,CURRENT_RUN_REAL_DATA,True,99,99,0,0,0,0,98,0,78,0,98,98,98,1190,3.0,22.0,
5555,CURRENT_RUN_REAL_DATA,True,99,99,0,0,0,0,98,0,98,0,98,98,98,1190,8.0,21.0,
5556,CURRENT_RUN_REAL_DATA,True,106,106,0,0,0,1,104,0,37,0,105,105,105,1176,0.0,24.0,
5557,CURRENT_RUN_REAL_DATA,True,109,109,0,0,0,2,106,2,43,0,108,108,108,1196,0.0,25.0,
5558,CURRENT_RUN_REAL_DATA,True,100,100,0,0,0,0,99,0,99,0,99,99,99,1191,2.0,21.0,
5559,CURRENT_RUN_REAL_DATA,True,104,104,0,0,0,3,100,3,7,1,103,103,103,1198,0.0,68.0,
5560,CURRENT_RUN_REAL_DATA,True,101,101,0,0,0,3,97,3,12,1,100,100,100,1166,0.0,98.0,
5561,CURRENT_RUN_REAL_DATA,True,97,97,0,0,0,0,96,0,96,2,96,96,96,1187,1.0,42.0,
5562,CURRENT_RUN_REAL_DATA,True,110,110,0,0,0,1,108,0,26,0,109,109,109,1191,0.0,24.0,
5563,CURRENT_RUN_REAL_DATA,True,103,103,0,0,0,0,102,0,68,0,102,102,102,1191,2.0,21.0,
5564,CURRENT_RUN_REAL_DATA,True,100,100,0,0,0,0,99,0,99,0,99,99,99,1191,2.0,22.0,
5565,CURRENT_RUN_REAL_DATA,True,100,100,0,0,0,0,99,0,99,0,99,99,99,1192,4.0,21.0,
5566,CURRENT_RUN_REAL_DATA,True,98,98,0,0,0,0,97,0,97,0,97,97,97,1187,6.0,29.0,
5567,CURRENT_RUN_REAL_DATA,True,97,97,0,0,0,0,96,0,96,1,96,96,96,1193,3.0,31.0,
5568,CURRENT_RUN_REAL_DATA,True,100,100,0,0,0,1,98,1,72,0,99,99,99,1194,0.0,30.0,
5569,CURRENT_RUN_REAL_DATA,True,99,99,0,0,0,0,98,0,77,0,98,98,98,1190,10.0,20.0,
5570,CURRENT_RUN_REAL_DATA,True,100,100,0,0,0,0,99,0,99,0,99,99,99,1193,5.0,22.0,
5571,CURRENT_RUN_REAL_DATA,True,100,100,0,0,0,0,99,0,99,0,99,99,99,1191,3.0,21.0,
5572,CURRENT_RUN_REAL_DATA,True,99,99,0,0,0,0,98,0,98,0,98,98,98,1195,9.0,21.0,
5573,CURRENT_RUN_REAL_DATA,True,98,98,0,0,0,0,97,0,97,0,97,97,97,1186,9.0,22.0,
5574,CURRENT_RUN_REAL_DATA,True,99,99,0,0,0,0,98,0,98,0,98,98,98,1195,9.0,21.0,
5575,CURRENT_RUN_REAL_DATA,True,100,100,0,0,0,0,99,0,99,0,99,99,99,1195,1.0,21.0,
5576,CURRENT_RUN_REAL_DATA,True,99,99,0,0,0,0,98,0,98,0,98,98,98,1186,1.0,21.0,
5577,CURRENT_RUN_REAL_DATA,True,98,98,0,0,0,0,97,0,97,2,97,97,97,1191,2.0,31.0,
5578,CURRENT_RUN_REAL_DATA,True,108,108,0,0,0,4,103,4,78,0,107,107,107,1189,0.0,28.0,
5579,CURRENT_RUN_REAL_DATA,True,98,98,0,0,0,0,97,0,97,0,97,97,97,1194,9.0,30.0,
5580,CURRENT_RUN_REAL_DATA,True,99,99,0,0,0,0,98,0,98,0,98,98,98,1190,4.0,21.0,
5581,CURRENT_RUN_REAL_DATA,True,99,99,0,0,0,2,96,1,35,1,98,98,98,1193,0.0,100.0,
5582,CURRENT_RUN_REAL_DATA,True,107,107,0,0,0,1,105,1,30,0,106,106,106,1189,0.0,24.0,
5583,CURRENT_RUN_REAL_DATA,True,101,101,0,0,0,0,100,0,36,2,100,100,100,1190,1.0,60.0,
5584,CURRENT_RUN_REAL_DATA,True,99,99,0,0,0,0,98,0,98,0,98,98,98,1191,9.0,21.0,
5585,CURRENT_RUN_REAL_DATA,True,100,100,0,0,0,0,99,0,99,0,99,99,99,1191,3.0,21.0,
5586,CURRENT_RUN_REAL_DATA,True,108,108,0,0,0,5,102,3,28,1,107,107,107,1190,0.0,60.0,
5587,CURRENT_RUN_REAL_DATA,True,100,100,0,0,0,0,99,0,99,0,99,99,99,1191,1.0,21.0,
5588,CURRENT_RUN_REAL_DATA,True,99,99,0,0,0,0,98,0,98,0,98,98,98,1191,4.0,21.0,
5589,CURRENT_RUN_REAL_DATA,True,100,100,0,0,0,0,99,0,99,1,99,99,99,1191,9.0,31.0,
5590,CURRENT_RUN_REAL_DATA,True,99,99,0,0,0,0,98,0,98,0,98,98,98,1188,7.0,29.0,
5591,CURRENT_RUN_REAL_DATA,True,98,98,0,0,0,0,97,0,97,0,97,97,97,1186,6.0,27.0,
5592,CURRENT_RUN_REAL_DATA,True,116,116,0,0,0,1,114,1,0,0,115,115,115,1196,0.0,30.0,
5593,CURRENT_RUN_REAL_DATA,True,98,98,0,0,0,0,97,0,1,0,97,97,97,1185,9.0,21.0,
5594,CURRENT_RUN_REAL_DATA,True,110,110,0,0,0,10,99,10,18,2,109,109,109,1186,0.0,91.0,
5595,CURRENT_RUN_REAL_DATA,True,100,100,0,0,0,10,89,10,2,2,99,99,99,1160,0.0,92.0,
5596,CURRENT_RUN_REAL_DATA,True,100,100,0,0,0,0,99,0,51,0,99,99,99,1191,4.0,21.0,
5597,CURRENT_RUN_REAL_DATA,True,100,100,0,0,0,0,99,0,30,0,99,99,99,1191,3.0,21.0,
5598,CURRENT_RUN_REAL_DATA,True,100,100,0,0,0,0,99,0,79,0,99,99,99,1187,7.0,20.0,
5599,CURRENT_RUN_REAL_DATA,True,99,99,0,0,0,0,98,0,98,0,98,98,98,1186,1.0,21.0,
5600,CURRENT_RUN_REAL_DATA,True,101,101,0,0,0,1,99,1,62,0,100,100,100,1190,0.0,30.0,
5601,CURRENT_RUN_REAL_DATA,True,96,96,0,0,0,0,95,0,21,1,95,95,95,1189,1.0,50.0,
5602,CURRENT_RUN_REAL_DATA,True,100,100,0,0,0,0,99,0,96,0,99,99,99,1191,3.0,20.0,
5603,CURRENT_RUN_REAL_DATA,True,103,103,0,0,0,3,99,3,7,1,102,102,102,1185,0.0,38.0,
5604,CURRENT_RUN_REAL_DATA,True,103,103,0,0,0,0,102,0,24,1,102,102,102,1186,1.0,36.0,
5605,CURRENT_RUN_REAL_DATA,True,110,110,0,0,0,0,109,0,49,0,109,109,109,1191,1.0,26.0,
5606,CURRENT_RUN_REAL_DATA,True,109,109,0,0,0,1,107,1,46,0,108,108,108,1190,0.0,25.0,
5607,CURRENT_RUN_REAL_DATA,True,100,100,0,0,0,0,99,0,91,0,99,99,99,1195,1.0,21.0,
5608,CURRENT_RUN_REAL_DATA,True,99,99,0,0,0,1,97,0,88,0,98,98,98,1185,0.0,21.0,
5609,CURRENT_RUN_REAL_DATA,True,109,109,0,0,0,5,103,5,9,1,108,108,108,1179,0.0,49.0,
5610,CURRENT_RUN_REAL_DATA,True,100,100,0,0,0,0,99,0,93,0,99,99,99,1191,2.0,20.0,
5611,CURRENT_RUN_REAL_DATA,True,98,98,0,0,0,0,97,0,88,0,97,97,97,1186,9.0,21.0,
5612,CURRENT_RUN_REAL_DATA,True,100,100,0,0,0,0,99,0,89,0,99,99,99,1191,3.0,20.0,
5613,CURRENT_RUN_REAL_DATA,True,104,104,0,0,0,1,102,1,16,0,103,103,103,1170,0.0,30.0,
5614,CURRENT_RUN_REAL_DATA,True,100,100,0,0,0,0,99,0,89,0,99,99,99,1187,4.0,21.0,
5615,CURRENT_RUN_REAL_DATA,True,99,99,0,0,0,1,97,0,95,0,98,98,98,1183,0.0,23.0,
5616,CURRENT_RUN_REAL_DATA,True,112,112,0,0,0,2,109,2,4,0,111,111,111,1188,0.0,27.0,
5617,CURRENT_RUN_REAL_DATA,True,99,99,0,0,0,0,98,0,88,0,98,98,98,1190,5.0,30.0,
5618,CURRENT_RUN_REAL_DATA,True,99,99,0,0,0,0,98,0,88,0,98,98,98,1186,1.0,22.0,
5619,CURRENT_RUN_REAL_DATA,True,100,100,0,0,0,0,99,0,89,0,99,99,99,1187,7.0,28.0,
5620,CURRENT_RUN_REAL_DATA,True,100,100,0,0,0,0,99,0,95,0,99,99,99,1190,3.0,21.0,
5621,CURRENT_RUN_REAL_DATA,True,100,100,0,0,0,0,99,0,90,0,99,99,99,1190,6.0,21.0,
5622,CURRENT_RUN_REAL_DATA,True,104,104,0,0,0,5,98,5,11,2,103,103,103,1195,0.0,33.0,
5623,CURRENT_RUN_REAL_DATA,True,117,117,0,0,0,8,108,7,16,0,116,116,116,1193,0.0,30.0,
5624,CURRENT_RUN_REAL_DATA,True,126,126,0,0,0,4,121,2,36,0,125,125,125,1192,0.0,24.0,
5625,CURRENT_RUN_REAL_DATA,True,99,99,0,0,0,0,98,0,89,0,98,98,98,1195,9.0,21.0,
5626,CURRENT_RUN_REAL_DATA,True,99,99,0,0,0,0,98,0,88,0,98,98,98,1189,7.0,22.0,
5627,CURRENT_RUN_REAL_DATA,True,99,99,0,0,0,0,98,0,79,0,98,98,98,1188,7.0,28.0,
5628,CURRENT_RUN_REAL_DATA,True,101,101,0,0,0,1,99,0,83,0,100,100,100,1192,0.0,21.0,
5629,CURRENT_RUN_REAL_DATA,True,100,100,0,0,0,0,99,0,95,0,99,99,99,1195,1.0,21.0,
5630,CURRENT_RUN_REAL_DATA,True,105,105,0,0,0,3,101,3,69,1,104,104,104,1192,0.0,42.0,
5631,CURRENT_RUN_REAL_DATA,True,100,100,0,0,0,0,99,0,94,0,99,99,99,1190,4.0,20.0,
5632,CURRENT_RUN_REAL_DATA,True,98,98,0,0,0,0,97,0,87,0,97,97,97,1186,8.0,27.0,
5633,CURRENT_RUN_REAL_DATA,True,115,115,0,0,0,0,114,0,0,0,114,114,114,1193,1.0,23.0,
5634,CURRENT_RUN_REAL_DATA,True,96,96,0,0,0,0,95,0,0,0,95,95,95,1140,7.0,21.0,
5635,CURRENT_RUN_REAL_DATA,True,115,115,0,0,0,14,100,13,40,1,114,114,114,1195,0.0,123.0,
5636,CURRENT_RUN_REAL_DATA,True,99,99,0,0,0,0,98,0,90,0,98,98,98,1195,9.0,20.0,
5637,CURRENT_RUN_REAL_DATA,True,112,112,0,0,0,9,102,8,15,2,111,111,111,1191,0.0,61.0,
5638,CURRENT_RUN_REAL_DATA,True,110,110,0,0,0,2,107,2,14,1,109,109,109,1188,0.0,35.0,
5639,CURRENT_RUN_REAL_DATA,True,100,100,0,0,0,0,99,0,89,0,99,99,99,1190,4.0,21.0,
5640,CURRENT_RUN_REAL_DATA,True,99,99,0,0,0,0,98,0,88,0,98,98,98,1195,9.0,21.0,
5641,CURRENT_RUN_REAL_DATA,True,100,100,0,0,0,0,99,0,85,0,99,99,99,1188,4.0,21.0,
5642,CURRENT_RUN_REAL_DATA,True,102,102,0,0,0,0,101,0,3,1,101,101,101,1194,2.0,82.0,
5643,CURRENT_RUN_REAL_DATA,True,100,100,0,0,0,0,99,0,89,0,99,99,99,1189,1.0,22.0,
5644,CURRENT_RUN_REAL_DATA,True,100,100,0,0,0,0,99,0,89,0,99,99,99,1191,4.0,20.0,
5645,CURRENT_RUN_REAL_DATA,True,100,100,0,0,0,0,99,0,89,0,99,99,99,1192,3.0,30.0,
5646,CURRENT_RUN_REAL_DATA,True,100,100,0,0,0,0,99,0,50,0,99,99,99,1192,4.0,21.0,
5647,CURRENT_RUN_REAL_DATA,True,102,102,0,0,0,1,100,0,56,0,101,101,101,1191,0.0,21.0,
5648,CURRENT_RUN_REAL_DATA,True,99,99,0,0,0,0,98,0,92,0,98,98,98,1195,9.0,21.0,
5649,CURRENT_RUN_REAL_DATA,True,100,100,0,0,0,0,99,0,92,0,99,99,99,1194,1.0,21.0,
5650,CURRENT_RUN_REAL_DATA,True,99,99,0,0,0,0,98,0,84,1,98,98,98,1190,5.0,35.0,
5651,CURRENT_RUN_REAL_DATA,True,100,100,0,0,0,0,99,0,90,0,99,99,99,1189,5.0,21.0,
5652,CURRENT_RUN_REAL_DATA,True,110,110,0,0,0,4,105,3,40,1,109,109,109,1187,0.0,33.0,
5653,CURRENT_RUN_REAL_DATA,True,104,104,0,0,0,0,103,0,27,0,103,103,103,1186,1.0,28.0,
5654,CURRENT_RUN_REAL_DATA,True,109,109,0,0,0,1,107,0,34,0,108,108,108,1186,0.0,20.0,
5655,CURRENT_RUN_REAL_DATA,True,102,102,0,0,0,0,101,0,80,0,101,101,101,1189,2.0,22.0,
5656,CURRENT_RUN_REAL_DATA,True,100,100,0,0,0,0,99,0,92,0,99,99,99,1191,2.0,21.0,
5657,CURRENT_RUN_REAL_DATA,True,101,101,0,0,0,0,100,0,87,0,100,100,100,1193,1.0,22.0,
5658,CURRENT_RUN_REAL_DATA,True,113,113,0,0,0,7,105,6,26,1,112,112,112,1186,0.0,124.0,
5659,CURRENT_RUN_REAL_DATA,True,100,100,0,0,0,0,99,0,89,0,99,99,99,1193,1.0,20.0,
5660,CURRENT_RUN_REAL_DATA,True,101,101,0,0,0,0,100,0,22,1,100,100,100,1193,2.0,46.0,
5661,CURRENT_RUN_REAL_DATA,True,91,91,0,0,0,0,90,0,3,3,90,90,90,1181,1.0,130.0,
5662,CURRENT_RUN_REAL_DATA,True,100,100,0,0,0,0,99,0,89,0,99,99,99,1194,1.0,20.0,
5663,CURRENT_RUN_REAL_DATA,True,100,100,0,0,0,1,98,0,99,0,99,99,99,1194,0.0,20.0,
5664,CURRENT_RUN_REAL_DATA,True,99,99,0,0,0,0,98,0,84,0,98,98,98,1189,3.0,23.0,
5665,CURRENT_RUN_REAL_DATA,True,100,100,0,0,0,0,99,0,81,0,99,99,99,1191,3.0,21.0,
5666,CURRENT_RUN_REAL_DATA,True,101,101,0,0,0,1,99,1,82,0,100,100,100,1191,0.0,21.0,
5667,CURRENT_RUN_REAL_DATA,True,98,98,0,0,0,0,97,0,88,0,97,97,97,1188,8.0,30.0,
5668,CURRENT_RUN_REAL_DATA,True,100,100,0,0,0,0,99,0,90,0,99,99,99,1191,4.0,20.0,
5669,CURRENT_RUN_REAL_DATA,True,105,105,0,0,0,0,104,0,29,0,104,104,104,1188,1.0,30.0,
5670,CURRENT_RUN_REAL_DATA,True,100,100,0,0,0,0,99,0,99,0,99,99,99,1194,1.0,21.0,
5671,CURRENT_RUN_REAL_DATA,True,124,124,0,0,0,2,121,2,17,1,123,123,123,1193,0.0,32.0,
5672,CURRENT_RUN_REAL_DATA,True,104,104,0,0,0,2,101,2,47,0,103,103,103,1191,0.0,20.0,
5673,CURRENT_RUN_REAL_DATA,True,101,101,0,0,0,1,99,1,89,0,100,100,100,1191,0.0,21.0,
5674,CURRENT_RUN_REAL_DATA,True,99,99,0,0,0,0,98,0,92,0,98,98,98,1195,8.0,21.0,
5675,CURRENT_RUN_REAL_DATA,True,102,102,0,0,0,1,100,0,91,0,101,101,101,1197,0.0,21.0,
5676,CURRENT_RUN_REAL_DATA,True,100,100,0,0,0,0,99,0,6,0,99,99,99,1192,3.0,21.0,
5677,CURRENT_RUN_REAL_DATA,True,103,103,0,0,0,5,97,4,37,2,102,102,102,1189,0.0,79.0,
5678,CURRENT_RUN_REAL_DATA,True,99,99,0,0,0,0,98,0,88,0,98,98,98,1190,2.0,28.0,
5679,CURRENT_RUN_REAL_DATA,True,101,101,0,0,0,0,100,0,1,0,100,100,100,1191,1.0,30.0,
5680,CURRENT_RUN_REAL_DATA,True,102,102,0,0,0,0,101,0,59,0,101,101,101,1193,1.0,30.0,
5681,CURRENT_RUN_REAL_DATA,True,100,100,0,0,0,0,99,0,90,0,99,99,99,1191,3.0,20.0,
5682,CURRENT_RUN_REAL_DATA,True,98,98,0,0,0,0,97,0,88,0,97,97,97,1192,1.0,30.0,
5683,CURRENT_RUN_REAL_DATA,True,99,99,0,0,0,0,98,0,88,0,98,98,98,1188,6.0,28.0,
5684,CURRENT_RUN_REAL_DATA,True,99,99,0,0,0,0,98,0,88,0,98,98,98,1191,9.0,20.0,
5685,CURRENT_RUN_REAL_DATA,True,99,99,0,0,0,0,98,0,3,0,98,98,98,1194,9.0,21.0,
5686,CURRENT_RUN_REAL_DATA,True,107,107,0,0,0,2,104,2,54,0,106,106,106,1188,0.0,27.0,
5687,CURRENT_RUN_REAL_DATA,True,99,99,0,0,0,0,98,0,88,0,98,98,98,1194,9.0,21.0,
5688,CURRENT_RUN_REAL_DATA,True,99,99,0,0,0,0,98,0,89,0,98,98,98,1189,5.0,21.0,
5689,CURRENT_RUN_REAL_DATA,True,108,108,0,0,0,2,105,2,28,0,107,107,107,1192,0.0,24.0,
5690,CURRENT_RUN_REAL_DATA,True,98,98,0,0,0,0,97,0,90,0,97,97,97,1189,7.0,30.0,
5691,CURRENT_RUN_REAL_DATA,True,103,103,0,0,0,0,102,0,8,0,102,102,102,1190,1.0,21.0,
5692,CURRENT_RUN_REAL_DATA,True,100,100,0,0,0,0,99,0,89,0,99,99,99,1191,2.0,20.0,
5693,CURRENT_RUN_REAL_DATA,True,100,100,0,0,0,0,99,0,91,0,99,99,99,1192,5.0,21.0,
5694,CURRENT_RUN_REAL_DATA,True,101,101,0,0,0,0,100,0,90,1,100,100,100,1187,6.0,31.0,
5695,CURRENT_RUN_REAL_DATA,True,98,98,0,0,0,0,97,0,83,0,97,97,97,1185,1.0,21.0,
5696,CURRENT_RUN_REAL_DATA,True,99,99,0,0,0,0,98,0,88,0,98,98,98,1190,6.0,30.0,
5697,CURRENT_RUN_REAL_DATA,True,99,99,0,0,0,0,98,0,11,0,98,98,98,1187,6.0,28.0,
5698,CURRENT_RUN_REAL_DATA,True,103,103,0,0,0,0,102,0,44,1,102,102,102,1193,2.0,39.0,
5699,CURRENT_RUN_REAL_DATA,True,99,99,0,0,0,0,98,0,63,0,98,98,98,1195,9.0,21.0,
5700,CURRENT_RUN_REAL_DATA,True,118,118,0,0,0,2,115,0,39,0,117,117,117,1194,0.0,22.0,
5701,CURRENT_RUN_REAL_DATA,True,100,100,0,0,0,0,99,0,94,0,99,99,99,1190,1.0,22.0,
5702,CURRENT_RUN_REAL_DATA,True,97,97,0,0,0,1,95,0,88,1,96,96,96,1189,0.0,46.0,
5703,CURRENT_RUN_REAL_DATA,True,100,100,0,0,0,0,99,0,91,0,99,99,99,1191,5.0,21.0,
5704,CURRENT_RUN_REAL_DATA,True,99,99,0,0,0,0,98,0,88,0,98,98,98,1190,9.0,20.0,
5705,CURRENT_RUN_REAL_DATA,True,103,103,0,0,0,1,101,0,72,0,102,102,102,1192,0.0,27.0,
5706,CURRENT_RUN_REAL_DATA,True,92,92,0,0,0,0,91,0,76,1,91,91,91,1166,1.0,94.0,
5707,CURRENT_RUN_REAL_DATA,True,102,102,0,0,0,2,99,2,23,1,101,101,101,1189,0.0,38.0,
5708,CURRENT_RUN_REAL_DATA,True,102,102,0,0,0,7,94,7,7,2,101,101,101,1169,0.0,45.0,
5709,CURRENT_RUN_REAL_DATA,True,99,99,0,0,0,0,98,0,89,0,98,98,98,1189,7.0,23.0,
5710,CURRENT_RUN_REAL_DATA,True,108,108,0,0,0,1,106,0,39,0,107,107,107,1189,0.0,27.0,
5711,CURRENT_RUN_REAL_DATA,True,114,114,0,0,0,10,103,9,1,3,113,113,113,1192,0.0,33.0,
5712,CURRENT_RUN_REAL_DATA,True,104,104,0,0,0,1,102,0,34,0,103,103,103,1195,0.0,21.0,
5713,CURRENT_RUN_REAL_DATA,True,99,99,0,0,0,0,98,0,88,0,98,98,98,1189,6.0,22.0,
5714,CURRENT_RUN_REAL_DATA,True,115,115,0,0,0,5,109,4,21,0,114,114,114,1190,0.0,26.0,
5715,CURRENT_RUN_REAL_DATA,True,100,100,0,0,0,0,99,0,89,0,99,99,99,1190,4.0,21.0,
5716,CURRENT_RUN_REAL_DATA,True,100,100,0,0,0,0,99,0,95,0,99,99,99,1191,4.0,20.0,
5717,CURRENT_RUN_REAL_DATA,True,99,99,0,0,0,0,98,0,78,0,98,98,98,1195,9.0,21.0,
5718,CURRENT_RUN_REAL_DATA,True,100,100,0,0,0,0,99,0,89,0,99,99,99,1191,1.0,21.0,
5719,CURRENT_RUN_REAL_DATA,True,98,98,0,0,0,0,97,0,82,0,97,97,97,1188,6.0,30.0,
5720,CURRENT_RUN_REAL_DATA,True,106,106,0,0,0,1,104,1,28,0,105,105,105,1188,0.0,26.0,
5721,CURRENT_RUN_REAL_DATA,True,100,100,0,0,0,0,99,0,99,0,99,99,99,1193,3.0,21.0,
5722,CURRENT_RUN_REAL_DATA,True,96,96,0,0,0,0,95,0,53,1,95,95,95,1191,1.0,90.0,
5723,CURRENT_RUN_REAL_DATA,True,83,83,0,0,0,0,82,0,69,1,82,82,82,1191,8.0,219.0,
5724,CURRENT_RUN_REAL_DATA,True,100,100,0,0,0,0,99,0,77,0,99,99,99,1190,4.0,20.0,
5725,CURRENT_RUN_REAL_DATA,True,105,105,0,0,0,1,103,1,84,0,104,104,104,1186,0.0,27.0,
5726,CURRENT_RUN_REAL_DATA,True,100,100,0,0,0,0,99,0,89,0,99,99,99,1190,2.0,20.0,
5727,CURRENT_RUN_REAL_DATA,True,100,100,0,0,0,0,99,0,98,0,99,99,99,1190,6.0,20.0,
5728,CURRENT_RUN_REAL_DATA,True,100,100,0,0,0,0,99,0,89,0,99,99,99,1190,6.0,20.0,
5729,CURRENT_RUN_REAL_DATA,True,103,103,0,0,0,0,102,0,7,0,102,102,102,1189,1.0,22.0,
5730,CURRENT_RUN_REAL_DATA,True,116,116,0,0,0,2,113,2,8,0,115,115,115,1194,0.0,30.0,
5731,CURRENT_RUN_REAL_DATA,True,90,90,0,0,0,0,89,0,0,1,89,89,89,1085,1.0,42.0,
5732,CURRENT_RUN_REAL_DATA,True,107,107,0,0,0,7,99,7,2,2,106,106,106,1195,0.0,40.0,
5733,CURRENT_RUN_REAL_DATA,True,102,102,0,0,0,6,95,6,6,3,101,101,101,1195,0.0,107.0,
5734,CURRENT_RUN_REAL_DATA,True,99,99,0,0,0,0,98,0,88,0,98,98,98,1190,9.0,20.0,
5735,CURRENT_RUN_REAL_DATA,True,111,111,0,0,0,2,108,1,26,0,110,110,110,1191,0.0,23.0,
5736,CURRENT_RUN_REAL_DATA,True,100,100,0,0,0,0,99,0,89,0,99,99,99,1194,1.0,21.0,
5737,CURRENT_RUN_REAL_DATA,True,105,105,0,0,0,3,101,1,30,1,104,104,104,1192,0.0,64.0,
5738,CURRENT_RUN_REAL_DATA,True,100,100,0,0,0,0,99,0,93,0,99,99,99,1193,2.0,20.0,
5739,CURRENT_RUN_REAL_DATA,True,99,99,0,0,0,0,98,0,0,0,98,98,98,1188,6.0,28.0,
5740,CURRENT_RUN_REAL_DATA,True,102,102,0,0,0,5,96,2,72,2,101,101,101,1186,0.0,66.0,
5741,CURRENT_RUN_REAL_DATA,True,98,98,0,0,0,0,97,0,49,0,97,97,97,1189,8.0,30.0,
5742,CURRENT_RUN_REAL_DATA,True,107,107,0,0,0,0,106,0,21,0,106,106,106,1193,1.0,30.0,
5743,CURRENT_RUN_REAL_DATA,True,99,99,0,0,0,0,98,0,30,0,98,98,98,1195,10.0,20.0,
5744,CURRENT_RUN_REAL_DATA,True,92,92,0,0,0,0,91,0,81,1,91,91,91,1196,1.0,126.0,
5745,CURRENT_RUN_REAL_DATA,True,107,107,0,0,0,5,101,5,23,0,106,106,106,1123,0.0,24.0,
5746,CURRENT_RUN_REAL_DATA,True,100,100,0,0,0,0,99,0,38,0,99,99,99,1191,4.0,21.0,
5747,CURRENT_RUN_REAL_DATA,True,101,101,0,0,0,1,99,0,86,0,100,100,100,1188,0.0,30.0,
5748,CURRENT_RUN_REAL_DATA,True,100,100,0,0,0,0,99,0,0,0,99,99,99,1193,2.0,20.0,
5749,CURRENT_RUN_REAL_DATA,True,131,131,0,0,0,2,128,2,40,0,130,130,130,1186,0.0,23.0,
5750,CURRENT_RUN_REAL_DATA,True,98,98,0,0,0,0,97,0,87,0,97,97,97,1186,9.0,21.0,
5751,CURRENT_RUN_REAL_DATA,True,114,114,0,0,0,1,112,1,24,0,113,113,113,1190,0.0,28.0,
5752,CURRENT_RUN_REAL_DATA,True,100,100,0,0,0,1,98,1,24,0,99,99,99,1191,0.0,27.0,
5753,CURRENT_RUN_REAL_DATA,True,98,98,0,0,0,0,97,0,90,0,97,97,97,1186,9.0,21.0,
5754,CURRENT_RUN_REAL_DATA,True,99,99,0,0,0,0,98,0,88,0,98,98,98,1190,9.0,21.0,
5755,CURRENT_RUN_REAL_DATA,True,99,99,0,0,0,0,98,0,80,0,98,98,98,1193,9.0,20.0,
5756,CURRENT_RUN_REAL_DATA,True,108,108,0,0,0,5,102,4,18,2,107,107,107,1191,0.0,46.0,
5757,CURRENT_RUN_REAL_DATA,True,130,130,0,0,0,4,125,4,8,3,129,129,129,1195,0.0,53.0,
5758,CURRENT_RUN_REAL_DATA,True,100,100,0,0,0,0,99,0,58,0,99,99,99,1190,5.0,20.0,
5759,CURRENT_RUN_REAL_DATA,True,106,106,0,0,0,4,101,1,32,1,105,105,105,1190,0.0,42.0,
5760,CURRENT_RUN_REAL_DATA,True,113,113,0,0,0,4,108,4,0,0,112,112,112,1186,0.0,27.0,
5761,CURRENT_RUN_REAL_DATA,True,100,100,0,0,0,0,99,0,80,0,99,99,99,1191,4.0,20.0,
5762,CURRENT_RUN_REAL_DATA,True,102,102,0,0,0,0,101,0,61,0,101,101,101,1186,3.0,21.0,
5763,CURRENT_RUN_REAL_DATA,True,98,98,0,0,0,0,97,0,85,0,97,97,97,1186,7.0,22.0,
5764,CURRENT_RUN_REAL_DATA,True,98,98,0,0,0,0,97,0,86,0,97,97,97,1186,8.0,22.0,
5765,CURRENT_RUN_REAL_DATA,True,99,99,0,0,0,0,98,0,97,0,98,98,98,1187,4.0,26.0,
5766,CURRENT_RUN_REAL_DATA,True,99,99,0,0,0,0,98,0,98,0,98,98,98,1187,1.0,25.0,
5767,CURRENT_RUN_REAL_DATA,True,106,106,0,0,0,0,105,0,22,1,105,105,105,1185,1.0,31.0,
5768,CURRENT_RUN_REAL_DATA,True,98,98,0,0,0,0,97,0,91,0,97,97,97,1190,9.0,30.0,
5769,CURRENT_RUN_REAL_DATA,True,109,109,0,0,0,0,108,0,4,0,108,108,108,1191,1.0,30.0,
5770,CURRENT_RUN_REAL_DATA,True,99,99,0,0,0,0,98,0,98,0,98,98,98,1192,1.0,30.0,
5771,CURRENT_RUN_REAL_DATA,True,95,95,0,0,0,2,92,2,0,2,94,94,94,1190,0.0,34.0,
5772,CURRENT_RUN_REAL_DATA,True,115,115,0,0,0,0,114,0,12,0,114,114,114,1193,1.0,20.0,
5773,CURRENT_RUN_REAL_DATA,True,95,95,0,0,0,0,94,0,94,1,94,94,94,1188,7.0,31.0,
5774,CURRENT_RUN_REAL_DATA,True,101,101,0,0,0,13,87,0,100,6,100,100,100,1179,0.0,57.0,
5775,CURRENT_RUN_REAL_DATA,True,101,101,0,0,0,0,100,0,34,1,100,100,100,1186,1.0,31.0,
5776,CURRENT_RUN_REAL_DATA,True,104,104,0,0,0,1,102,1,24,0,103,103,103,1183,0.0,30.0,
5777,CURRENT_RUN_REAL_DATA,True,98,98,0,0,0,0,97,0,97,0,97,97,97,1190,3.0,29.0,
5778,CURRENT_RUN_REAL_DATA,True,99,99,0,0,0,0,98,0,88,0,98,98,98,1188,7.0,28.0,
5779,CURRENT_RUN_REAL_DATA,True,108,108,0,0,0,4,103,3,36,1,107,107,107,1194,0.0,31.0,
5780,CURRENT_RUN_REAL_DATA,True,100,100,0,0,0,0,99,0,99,0,99,99,99,1190,3.0,21.0,
5781,CURRENT_RUN_REAL_DATA,True,99,99,0,0,0,0,98,0,98,0,98,98,98,1183,6.0,21.0,
5782,CURRENT_RUN_REAL_DATA,True,101,101,0,0,0,0,100,0,90,0,100,100,100,1192,5.0,21.0,
5783,CURRENT_RUN_REAL_DATA,True,74,74,0,0,0,2,71,2,3,2,73,73,73,1186,0.0,317.0,
5784,CURRENT_RUN_REAL_DATA,True,99,99,0,0,0,1,97,0,88,0,98,98,98,1185,0.0,22.0,
5785,CURRENT_RUN_REAL_DATA,True,100,100,0,0,0,0,99,0,79,0,99,99,99,1190,9.0,20.0,
5786,CURRENT_RUN_REAL_DATA,True,105,105,0,0,0,2,102,0,57,1,104,104,104,1190,0.0,68.0,
5787,CURRENT_RUN_REAL_DATA,True,99,99,0,0,0,0,98,0,19,0,98,98,98,1188,9.0,20.0,
5788,CURRENT_RUN_REAL_DATA,True,127,127,0,0,0,8,118,8,4,0,126,126,126,1192,0.0,29.0,
5789,CURRENT_RUN_REAL_DATA,True,100,100,0,0,0,0,99,0,1,0,99,99,99,1191,2.0,20.0,
5790,CURRENT_RUN_REAL_DATA,True,100,100,0,0,0,0,99,0,30,0,99,99,99,1190,2.0,21.0,
5791,CURRENT_RUN_REAL_DATA,True,99,99,0,0,0,1,97,1,11,0,98,98,98,1186,0.0,22.0,
5792,CURRENT_RUN_REAL_DATA,True,99,99,0,0,0,1,97,0,89,0,98,98,98,1193,0.0,30.0,
5793,CURRENT_RUN_REAL_DATA,True,54,54,0,0,0,1,52,1,10,1,53,53,53,627,0.0,108.0,
5794,CURRENT_RUN_REAL_DATA,True,100,100,0,0,0,0,99,0,94,0,99,99,99,1195,1.0,21.0,
5795,CURRENT_RUN_REAL_DATA,True,100,100,0,0,0,0,99,0,89,0,99,99,99,1190,6.0,21.0,
5796,CURRENT_RUN_REAL_DATA,True,98,98,0,0,0,0,97,0,0,0,97,97,97,1191,9.0,30.0,
5797,CURRENT_RUN_REAL_DATA,True,98,98,0,0,0,0,97,0,14,0,97,97,97,1186,3.0,28.0,
5798,CURRENT_RUN_REAL_DATA,True,102,102,0,0,0,0,101,0,23,0,101,101,101,1133,1.0,26.0,
5799,CURRENT_RUN_REAL_DATA,True,99,99,0,0,0,0,98,0,91,0,98,98,98,1195,9.0,21.0,
5800,CURRENT_RUN_REAL_DATA,True,114,114,0,0,0,1,112,1,4,1,113,113,113,1194,0.0,34.0,
5801,CURRENT_RUN_REAL_DATA,True,116,116,0,0,0,6,109,6,19,3,115,115,115,1190,0.0,56.0,
5802,CURRENT_RUN_REAL_DATA,True,99,99,0,0,0,0,98,0,91,0,98,98,98,1186,1.0,22.0,
5803,CURRENT_RUN_REAL_DATA,True,99,99,0,0,0,0,98,0,10,0,98,98,98,1189,8.0,21.0,
5804,CURRENT_RUN_REAL_DATA,True,131,131,0,0,0,5,125,5,31,0,130,130,130,1186,0.0,30.0,
5805,CURRENT_RUN_REAL_DATA,True,88,88,0,0,0,21,66,21,30,1,87,87,87,1186,0.0,444.0,
5806,CURRENT_RUN_REAL_DATA,True,99,99,0,0,0,0,98,0,68,0,98,98,98,1195,10.0,20.0,
5807,CURRENT_RUN_REAL_DATA,True,99,99,0,0,0,0,98,0,91,0,98,98,98,1190,7.0,23.0,
5808,CURRENT_RUN_REAL_DATA,True,96,96,0,0,0,0,95,0,0,0,95,95,95,1144,6.0,20.0,
5809,CURRENT_RUN_REAL_DATA,True,99,99,0,0,0,0,98,0,2,0,98,98,98,1195,9.0,20.0,
5810,CURRENT_RUN_REAL_DATA,True,100,100,0,0,0,0,99,0,89,0,99,99,99,1187,7.0,21.0,
5811,CURRENT_RUN_REAL_DATA,True,99,99,0,0,0,0,98,0,92,0,98,98,98,1190,10.0,20.0,
5812,CURRENT_RUN_REAL_DATA,True,103,103,0,0,0,1,101,0,33,0,102,102,102,1187,0.0,21.0,
5813,CURRENT_RUN_REAL_DATA,True,51,51,0,0,0,32,18,1,45,5,50,50,50,658,0.0,229.0,
5814,CURRENT_RUN_REAL_DATA,True,114,114,0,0,0,26,87,26,15,3,113,113,113,1140,0.0,79.0,
5815,CURRENT_RUN_REAL_DATA,True,69,69,0,0,0,48,20,12,49,4,68,68,68,1047,0.0,741.0,
5816,CURRENT_RUN_REAL_DATA,True,99,99,0,0,0,0,98,0,66,0,98,98,98,1184,3.0,21.0,
5817,CURRENT_RUN_REAL_DATA,True,100,100,0,0,0,0,99,0,78,0,99,99,99,1191,5.0,21.0,
5818,CURRENT_RUN_REAL_DATA,True,116,116,0,0,0,7,108,6,14,1,115,115,115,1195,0.0,62.0,
5819,CURRENT_RUN_REAL_DATA,True,104,104,0,0,0,3,100,3,1,0,103,103,103,1194,0.0,30.0,
5820,CURRENT_RUN_REAL_DATA,True,102,102,0,0,0,2,99,2,16,1,101,101,101,1187,0.0,51.0,
5821,CURRENT_RUN_REAL_DATA,True,98,98,0,0,0,2,95,0,97,1,97,97,97,1191,0.0,49.0,
5822,CURRENT_RUN_REAL_DATA,True,99,99,0,0,0,0,98,0,89,0,98,98,98,1195,6.0,21.0,
5823,CURRENT_RUN_REAL_DATA,True,101,101,0,0,0,4,96,2,27,3,100,100,100,1181,0.0,50.0,
5824,CURRENT_RUN_REAL_DATA,True,99,99,0,0,0,0,98,0,59,2,98,98,98,1190,1.0,48.0,
5825,CURRENT_RUN_REAL_DATA,True,99,99,0,0,0,0,98,0,89,0,98,98,98,1190,3.0,23.0,
5826,CURRENT_RUN_REAL_DATA,True,102,102,0,0,0,12,89,12,9,3,101,101,101,1186,0.0,95.0,
5827,CURRENT_RUN_REAL_DATA,True,118,118,0,0,0,3,114,3,0,1,117,117,117,1186,0.0,31.0,
5828,CURRENT_RUN_REAL_DATA,True,57,57,0,0,0,48,8,6,45,4,56,56,56,341,0.0,119.0,
5829,CURRENT_RUN_REAL_DATA,True,99,99,0,0,0,0,98,0,91,0,98,98,98,1196,1.0,29.0,
5830,CURRENT_RUN_REAL_DATA,True,98,98,0,0,0,0,97,0,95,1,97,97,97,1192,9.0,31.0,
5831,CURRENT_RUN_REAL_DATA,True,78,78,0,0,0,38,39,2,72,3,77,77,77,844,0.0,240.0,
5832,CURRENT_RUN_REAL_DATA,True,106,106,0,0,0,3,102,3,0,1,105,105,105,1186,0.0,40.0,
5833,CURRENT_RUN_REAL_DATA,True,98,98,0,0,0,2,95,2,10,3,97,97,97,1177,0.0,37.0,
5834,CURRENT_RUN_REAL_DATA,True,100,100,0,0,0,1,98,1,15,1,99,99,99,1194,0.0,32.0,
5835,CURRENT_RUN_REAL_DATA,True,126,126,0,0,0,13,112,13,17,2,125,125,125,1195,0.0,65.0,
5836,CURRENT_RUN_REAL_DATA,True,101,101,0,0,0,3,97,2,18,1,100,100,100,1190,0.0,41.0,
5837,CURRENT_RUN_REAL_DATA,True,117,117,0,0,0,8,108,8,32,2,116,116,116,1186,0.0,36.0,
5838,CURRENT_RUN_REAL_DATA,True,153,153,0,0,0,54,98,50,22,1,152,152,152,1071,0.0,43.0,
5839,CURRENT_RUN_REAL_DATA,True,100,100,0,0,0,0,99,0,89,0,99,99,99,1191,2.0,21.0,
5840,CURRENT_RUN_REAL_DATA,True,100,100,0,0,0,0,99,0,89,0,99,99,99,1190,4.0,21.0,
5841,CURRENT_RUN_REAL_DATA,True,105,105,0,0,0,8,96,7,32,1,104,104,104,1191,0.0,79.0,
5842,CURRENT_RUN_REAL_DATA,True,122,122,0,0,0,9,112,9,28,1,121,121,121,1186,0.0,33.0,
5843,CURRENT_RUN_REAL_DATA,True,106,106,0,0,0,59,46,0,105,10,105,105,105,1189,0.0,164.0,
5844,CURRENT_RUN_REAL_DATA,True,97,97,0,0,0,0,96,0,87,0,96,96,96,1188,7.0,30.0,
5845,CURRENT_RUN_REAL_DATA,True,107,107,0,0,0,4,102,4,25,1,106,106,106,1188,0.0,33.0,
5846,CURRENT_RUN_REAL_DATA,True,115,115,0,0,0,1,113,0,14,1,114,114,114,1191,0.0,35.0,
5847,CURRENT_RUN_REAL_DATA,True,106,106,0,0,0,7,98,7,12,3,105,105,105,1192,0.0,54.0,
5848,CURRENT_RUN_REAL_DATA,True,101,101,0,0,0,8,92,4,70,3,100,100,100,1147,0.0,62.0,
5849,CURRENT_RUN_REAL_DATA,True,100,100,0,0,0,0,99,0,90,0,99,99,99,1187,6.0,21.0,
5850,CURRENT_RUN_REAL_DATA,True,100,100,0,0,0,1,98,0,31,1,99,99,99,1174,0.0,34.0,
5851,CURRENT_RUN_REAL_DATA,True,98,98,0,0,0,0,97,0,77,0,97,97,97,1195,9.0,30.0,
5852,CURRENT_RUN_REAL_DATA,True,100,100,0,0,0,0,99,0,91,0,99,99,99,1192,3.0,27.0,
5853,CURRENT_RUN_REAL_DATA,True,100,100,0,0,0,0,99,0,99,0,99,99,99,1194,2.0,21.0,
5854,CURRENT_RUN_REAL_DATA,True,97,97,0,0,0,1,95,0,82,1,96,96,96,1193,0.0,80.0,
5855,CURRENT_RUN_REAL_DATA,True,105,105,0,0,0,0,104,0,1,0,104,104,104,1179,1.0,22.0,
5856,CURRENT_RUN_REAL_DATA,True,99,99,0,0,0,0,98,0,88,0,98,98,98,1193,9.0,20.0,
5857,CURRENT_RUN_REAL_DATA,True,99,99,0,0,0,0,98,0,94,0,98,98,98,1195,9.0,21.0,
5858,CURRENT_RUN_REAL_DATA,True,97,97,0,0,0,2,94,2,30,3,96,96,96,1161,0.0,45.0,
5859,CURRENT_RUN_REAL_DATA,True,99,99,0,0,0,0,98,0,88,0,98,98,98,1190,9.0,20.0,
5860,CURRENT_RUN_REAL_DATA,True,110,110,0,0,0,2,107,2,34,0,109,109,109,1195,0.0,25.0,
5861,CURRENT_RUN_REAL_DATA,True,101,101,0,0,0,0,100,0,90,0,100,100,100,1192,1.0,21.0,
5862,CURRENT_RUN_REAL_DATA,True,128,128,0,0,0,7,120,7,13,2,127,127,127,1193,0.0,38.0,
5863,CURRENT_RUN_REAL_DATA,True,95,95,0,0,0,13,81,13,4,5,94,94,94,1195,0.0,88.0,
5864,CURRENT_RUN_REAL_DATA,True,99,99,0,0,0,2,96,0,98,1,98,98,98,1195,0.0,55.0,
5865,CURRENT_RUN_REAL_DATA,True,99,99,0,0,0,0,98,0,88,0,98,98,98,1195,9.0,21.0,
5866,CURRENT_RUN_REAL_DATA,True,99,99,0,0,0,0,98,0,88,0,98,98,98,1190,9.0,21.0,
5867,CURRENT_RUN_REAL_DATA,True,102,102,0,0,0,8,93,7,6,3,101,101,101,1196,0.0,125.0,
5868,CURRENT_RUN_REAL_DATA,True,99,99,0,0,0,0,98,0,88,0,98,98,98,1179,5.0,22.0,
5869,CURRENT_RUN_REAL_DATA,True,99,99,0,0,0,0,98,0,89,0,98,98,98,1195,9.0,21.0,
5870,CURRENT_RUN_REAL_DATA,True,99,99,0,0,0,0,98,0,88,0,98,98,98,1189,7.0,28.0,
5871,CURRENT_RUN_REAL_DATA,True,105,105,0,0,0,0,104,0,49,0,104,104,104,1186,1.0,30.0,
5872,CURRENT_RUN_REAL_DATA,True,100,100,0,0,0,0,99,0,95,0,99,99,99,1187,5.0,21.0,
5873,CURRENT_RUN_REAL_DATA,True,116,116,0,0,0,52,63,31,35,3,115,115,115,1186,0.0,461.0,
5874,CURRENT_RUN_REAL_DATA,True,97,97,0,0,0,0,96,0,86,0,96,96,96,1186,9.0,30.0,
5875,CURRENT_RUN_REAL_DATA,True,99,99,0,0,0,0,98,0,26,0,98,98,98,1187,1.0,30.0,
5876,CURRENT_RUN_REAL_DATA,True,107,107,0,0,0,1,105,1,22,0,106,106,106,1195,0.0,30.0,
5877,CURRENT_RUN_REAL_DATA,True,100,100,0,0,0,0,99,0,89,0,99,99,99,1193,3.0,21.0,
5878,CURRENT_RUN_REAL_DATA,True,100,100,0,0,0,0,99,0,89,0,99,99,99,1193,1.0,21.0,
5879,CURRENT_RUN_REAL_DATA,True,99,99,0,0,0,0,98,0,89,0,98,98,98,1184,1.0,21.0,
5880,CURRENT_RUN_REAL_DATA,True,102,102,0,0,0,1,100,1,74,0,101,101,101,1186,0.0,30.0,
5881,CURRENT_RUN_REAL_DATA,True,98,98,0,0,0,0,97,0,87,0,97,97,97,1195,1.0,29.0,
5882,CURRENT_RUN_REAL_DATA,True,100,100,0,0,0,0,99,0,95,0,99,99,99,1187,5.0,21.0,
5883,CURRENT_RUN_REAL_DATA,True,86,86,0,0,0,6,79,5,14,1,85,85,85,936,0.0,43.0,
5884,CURRENT_RUN_REAL_DATA,True,110,110,0,0,0,6,103,6,66,0,109,109,109,1192,0.0,27.0,
5885,CURRENT_RUN_REAL_DATA,True,103,103,0,0,0,1,101,1,17,2,102,102,102,1192,0.0,120.0,
5886,CURRENT_RUN_REAL_DATA,True,110,110,0,0,0,14,95,14,26,3,109,109,109,1194,0.0,115.0,
5887,CURRENT_RUN_REAL_DATA,True,104,104,0,0,0,1,102,1,16,1,103,103,103,1191,0.0,40.0,
5888,CURRENT_RUN_REAL_DATA,True,104,104,0,0,0,4,99,4,34,2,103,103,103,1191,0.0,47.0,
5889,CURRENT_RUN_REAL_DATA,True,98,98,0,0,0,1,96,0,87,0,97,97,97,1186,0.0,22.0,
5890,CURRENT_RUN_REAL_DATA,True,104,104,0,0,0,6,97,5,35,2,103,103,103,1191,0.0,55.0,
5891,CURRENT_RUN_REAL_DATA,True,22,22,0,0,0,21,0,2,19,0,21,21,21,0,0.0,0.0,
5892,CURRENT_RUN_REAL_DATA,True,102,102,0,0,0,9,92,9,48,2,101,101,101,1174,0.0,97.0,
5893,CURRENT_RUN_REAL_DATA,True,114,114,0,0,0,2,111,2,8,1,113,113,113,1194,0.0,39.0,
5894,CURRENT_RUN_REAL_DATA,True,99,99,0,0,0,0,98,0,88,0,98,98,98,1190,9.0,21.0,
5895,CURRENT_RUN_REAL_DATA,True,229,229,0,0,0,48,180,48,24,1,228,228,228,1191,0.0,117.0,
5896,CURRENT_RUN_REAL_DATA,True,117,117,0,0,0,5,111,4,24,1,116,116,116,1189,0.0,31.0,
5897,CURRENT_RUN_REAL_DATA,True,97,97,0,0,0,3,93,3,11,2,96,96,96,1186,0.0,100.0,
5898,CURRENT_RUN_REAL_DATA,True,109,109,0,0,0,16,92,6,43,3,108,108,108,1186,0.0,134.0,
5899,CURRENT_RUN_REAL_DATA,True,104,104,0,0,0,2,101,2,17,0,103,103,103,1179,0.0,29.0,
5900,CURRENT_RUN_REAL_DATA,True,108,108,0,0,0,5,102,5,44,0,107,107,107,1180,0.0,27.0,
5901,CURRENT_RUN_REAL_DATA,True,104,104,0,0,0,67,36,7,93,8,103,103,103,1089,0.0,293.0,
5902,CURRENT_RUN_REAL_DATA,True,82,82,0,0,0,30,51,26,21,4,81,81,81,828,0.0,125.0,
5903,CURRENT_RUN_REAL_DATA,True,102,102,0,0,0,14,87,8,38,2,101,101,101,1169,0.0,129.0,
5904,CURRENT_RUN_REAL_DATA,True,115,115,0,0,0,53,61,44,23,2,114,114,114,1192,0.0,476.0,
5905,CURRENT_RUN_REAL_DATA,True,95,95,0,0,0,2,92,0,84,1,94,94,94,1190,0.0,114.0,
5906,CURRENT_RUN_REAL_DATA,True,100,100,0,0,0,0,99,0,83,0,99,99,99,1190,2.0,20.0,
5907,CURRENT_RUN_REAL_DATA,True,100,100,0,0,0,0,99,0,94,0,99,99,99,1194,1.0,21.0,
5908,CURRENT_RUN_REAL_DATA,True,106,106,0,0,0,2,103,1,35,0,105,105,105,1186,0.0,28.0,
5909,CURRENT_RUN_REAL_DATA,True,109,109,0,0,0,5,103,5,32,1,108,108,108,1186,0.0,54.0,
5910,CURRENT_RUN_REAL_DATA,True,100,100,0,0,0,0,99,0,96,0,99,99,99,1191,3.0,20.0,
5911,CURRENT_RUN_REAL_DATA,True,108,108,0,0,0,2,105,1,50,0,107,107,107,1167,0.0,24.0,
5912,CURRENT_RUN_REAL_DATA,True,101,101,0,0,0,15,85,15,3,5,100,100,100,1186,0.0,79.0,
5913,CURRENT_RUN_REAL_DATA,True,101,101,0,0,0,8,92,3,46,3,100,100,100,1186,0.0,79.0,
5914,CURRENT_RUN_REAL_DATA,True,100,100,0,0,0,0,99,0,89,0,99,99,99,1192,3.0,21.0,
5915,CURRENT_RUN_REAL_DATA,True,123,123,0,0,0,1,121,1,7,0,122,122,122,1193,0.0,22.0,
5916,CURRENT_RUN_REAL_DATA,True,115,115,0,0,0,2,112,2,19,0,114,114,114,1197,0.0,22.0,
5917,CURRENT_RUN_REAL_DATA,True,101,101,0,0,0,0,100,0,80,0,100,100,100,1186,2.0,22.0,
5918,CURRENT_RUN_REAL_DATA,True,107,107,0,0,0,1,105,0,34,0,106,106,106,1187,0.0,28.0,
5919,CURRENT_RUN_REAL_DATA,True,120,120,0,0,0,7,112,7,25,1,119,119,119,1189,0.0,45.0,
5920,CURRENT_RUN_REAL_DATA,True,82,82,0,0,0,8,73,6,22,3,81,81,81,1190,0.0,170.0,
5921,CURRENT_RUN_REAL_DATA,True,99,99,0,0,0,0,98,0,88,0,98,98,98,1188,7.0,28.0,
5922,CURRENT_RUN_REAL_DATA,True,111,111,0,0,0,87,23,11,95,9,110,110,110,1129,0.0,267.0,
5923,CURRENT_RUN_REAL_DATA,True,100,100,0,0,0,0,99,0,91,0,99,99,99,1190,5.0,21.0,
5924,CURRENT_RUN_REAL_DATA,True,102,102,0,0,0,0,101,0,31,0,101,101,101,1193,1.0,27.0,
5925,CURRENT_RUN_REAL_DATA,True,99,99,0,0,0,0,98,0,84,0,98,98,98,1190,8.0,21.0,
5926,CURRENT_RUN_REAL_DATA,True,87,87,0,0,0,53,33,52,1,9,86,86,86,1140,0.0,197.0,
5927,CURRENT_RUN_REAL_DATA,True,99,99,0,0,0,0,98,0,88,0,98,98,98,1190,7.0,23.0,
5928,CURRENT_RUN_REAL_DATA,True,48,48,0,0,0,3,44,3,13,1,47,47,47,1189,0.0,702.0,
5929,CURRENT_RUN_REAL_DATA,True,103,103,0,0,0,1,101,1,65,1,102,102,102,1186,0.0,32.0,
5930,CURRENT_RUN_REAL_DATA,True,100,100,0,0,0,0,99,0,89,0,99,99,99,1189,1.0,22.0,
5931,CURRENT_RUN_REAL_DATA,True,109,109,0,0,0,1,107,1,32,1,108,108,108,1191,0.0,32.0,
5932,CURRENT_RUN_REAL_DATA,True,100,100,0,0,0,0,99,0,95,0,99,99,99,1190,1.0,21.0,
5933,CURRENT_RUN_REAL_DATA,True,107,107,0,0,0,5,101,5,30,2,106,106,106,1192,0.0,59.0,
5934,CURRENT_RUN_REAL_DATA,True,105,105,0,0,0,2,102,2,13,1,104,104,104,1186,0.0,34.0,
5935,CURRENT_RUN_REAL_DATA,True,100,100,0,0,0,0,99,0,89,0,99,99,99,1195,1.0,22.0,
5936,CURRENT_RUN_REAL_DATA,True,113,113,0,0,0,13,99,8,19,2,112,112,112,1190,0.0,130.0,
5937,CURRENT_RUN_REAL_DATA,True,102,102,0,0,0,0,101,0,56,0,101,101,101,1186,1.0,21.0,
5938,CURRENT_RUN_REAL_DATA,True,100,100,0,0,0,0,99,0,88,0,99,99,99,1161,1.0,21.0,
5939,CURRENT_RUN_REAL_DATA,True,106,106,0,0,0,7,98,6,11,1,105,105,105,1186,0.0,63.0,
5940,CURRENT_RUN_REAL_DATA,True,110,110,0,0,0,11,98,9,32,1,109,109,109,1193,0.0,93.0,
5941,CURRENT_RUN_REAL_DATA,True,105,105,0,0,0,10,94,8,14,2,104,104,104,1194,0.0,105.0,
5942,CURRENT_RUN_REAL_DATA,True,98,98,0,0,0,0,97,0,87,0,97,97,97,1189,7.0,29.0,
5943,CURRENT_RUN_REAL_DATA,True,112,112,0,0,0,15,96,15,0,7,111,111,111,1196,0.0,57.0,
5944,CURRENT_RUN_REAL_DATA,True,159,159,0,0,0,21,137,19,15,1,158,158,158,1195,0.0,56.0,
5945,CURRENT_RUN_REAL_DATA,True,108,108,0,0,0,0,107,0,43,0,107,107,107,1190,1.0,25.0,
5946,CURRENT_RUN_REAL_DATA,True,98,98,0,0,0,0,97,0,2,0,97,97,97,1194,10.0,30.0,
5947,CURRENT_RUN_REAL_DATA,True,101,101,0,0,0,0,100,0,22,0,100,100,100,1187,1.0,24.0,
5948,CURRENT_RUN_REAL_DATA,True,100,100,0,0,0,0,99,0,89,0,99,99,99,1192,3.0,21.0,
5949,CURRENT_RUN_REAL_DATA,True,105,105,0,0,0,2,102,1,79,0,104,104,104,1192,0.0,21.0,
5950,CURRENT_RUN_REAL_DATA,True,119,119,0,0,0,9,109,9,19,3,118,118,118,1186,0.0,123.0,
5951,CURRENT_RUN_REAL_DATA,True,97,97,0,0,0,0,96,0,86,0,96,96,96,1187,7.0,30.0,
5952,CURRENT_RUN_REAL_DATA,True,100,100,0,0,0,0,99,0,82,0,99,99,99,1191,2.0,21.0,
5953,CURRENT_RUN_REAL_DATA,True,93,93,0,0,0,1,91,1,5,2,92,92,92,1186,0.0,128.0,
5954,CURRENT_RUN_REAL_DATA,True,95,95,0,0,0,9,85,7,36,4,94,94,94,1165,0.0,149.0,
5955,CURRENT_RUN_REAL_DATA,True,112,112,0,0,0,5,106,4,23,1,111,111,111,1196,0.0,65.0,
5956,CURRENT_RUN_REAL_DATA,True,100,100,0,0,0,0,99,0,58,0,99,99,99,1186,1.0,28.0,
5957,CURRENT_RUN_REAL_DATA,True,99,99,0,0,0,2,96,0,89,0,98,98,98,1161,0.0,28.0,
5958,CURRENT_RUN_REAL_DATA,True,106,106,0,0,0,4,101,4,30,1,105,105,105,1193,0.0,54.0,
5959,CURRENT_RUN_REAL_DATA,True,102,102,0,0,0,6,95,4,55,2,101,101,101,1180,0.0,73.0,
5960,CURRENT_RUN_REAL_DATA,True,102,102,0,0,0,0,101,0,33,1,101,101,101,1187,1.0,37.0,
5961,CURRENT_RUN_REAL_DATA,True,71,71,0,0,0,61,9,8,59,3,70,70,70,1135,0.0,944.0,
5962,CURRENT_RUN_REAL_DATA,True,99,99,0,0,0,0,98,0,70,0,98,98,98,1186,1.0,22.0,
5963,CURRENT_RUN_REAL_DATA,True,99,99,0,0,0,0,98,0,97,0,98,98,98,1195,7.0,21.0,
5964,CURRENT_RUN_REAL_DATA,True,98,98,0,0,0,0,97,0,94,0,97,97,97,1186,7.0,22.0,
5965,CURRENT_RUN_REAL_DATA,True,103,103,0,0,0,2,100,2,23,0,102,102,102,1193,0.0,23.0,
5966,CURRENT_RUN_REAL_DATA,True,100,100,0,0,0,0,99,0,61,0,99,99,99,1191,2.0,30.0,
5967,CURRENT_RUN_REAL_DATA,True,100,100,0,0,0,0,99,0,93,0,99,99,99,1190,6.0,21.0,
5968,CURRENT_RUN_REAL_DATA,True,100,100,0,0,0,0,99,0,89,0,99,99,99,1193,2.0,21.0,
5969,CURRENT_RUN_REAL_DATA,True,95,95,0,0,0,71,23,55,18,4,94,94,94,573,0.0,151.0,
5970,CURRENT_RUN_REAL_DATA,True,103,103,0,0,0,6,96,5,72,2,102,102,102,1192,0.0,53.0,
5971,CURRENT_RUN_REAL_DATA,True,108,108,0,0,0,10,97,9,24,2,107,107,107,1186,0.0,55.0,
5972,CURRENT_RUN_REAL_DATA,True,103,103,0,0,0,5,97,5,23,2,102,102,102,1186,0.0,55.0,
5973,CURRENT_RUN_REAL_DATA,True,97,97,0,0,0,1,95,1,58,1,96,96,96,1186,0.0,33.0,
5974,CURRENT_RUN_REAL_DATA,True,100,100,0,0,0,0,99,0,89,0,99,99,99,1192,2.0,21.0,
5975,CURRENT_RUN_REAL_DATA,True,101,101,0,0,0,3,97,1,91,1,100,100,100,1191,0.0,46.0,
5976,CURRENT_RUN_REAL_DATA,True,100,100,0,0,0,0,99,0,94,0,99,99,99,1194,1.0,21.0,
5977,CURRENT_RUN_REAL_DATA,True,111,111,0,0,0,2,108,2,12,0,110,110,110,1195,0.0,29.0,
5978,CURRENT_RUN_REAL_DATA,True,121,121,0,0,0,77,43,58,36,11,120,120,120,1194,0.0,271.0,
5979,CURRENT_RUN_REAL_DATA,True,104,104,0,0,0,5,98,5,22,1,103,103,103,1191,0.0,65.0,
5980,CURRENT_RUN_REAL_DATA,True,102,102,0,0,0,1,100,1,12,0,101,101,101,1153,0.0,27.0,
5981,CURRENT_RUN_REAL_DATA,True,100,100,0,0,0,0,99,0,2,0,99,99,99,1193,2.0,20.0,
5982,CURRENT_RUN_REAL_DATA,True,98,98,0,0,0,0,97,0,87,0,97,97,97,1186,8.0,22.0,
5983,CURRENT_RUN_REAL_DATA,True,100,100,0,0,0,0,99,0,56,0,99,99,99,1192,3.0,20.0,
5984,CURRENT_RUN_REAL_DATA,True,101,101,0,0,0,1,99,1,79,0,100,100,100,1192,0.0,22.0,
5985,CURRENT_RUN_REAL_DATA,True,103,103,0,0,0,1,101,1,12,0,102,102,102,1197,0.0,30.0,
5986,CURRENT_RUN_REAL_DATA,True,99,99,0,0,0,0,98,0,89,0,98,98,98,1191,9.0,21.0,
5987,CURRENT_RUN_REAL_DATA,True,102,102,0,0,0,5,96,5,14,0,101,101,101,1188,0.0,25.0,
5988,CURRENT_RUN_REAL_DATA,True,93,93,0,0,0,2,90,1,21,4,92,92,92,1189,0.0,99.0,
5989,CURRENT_RUN_REAL_DATA,True,121,121,0,0,0,2,118,2,21,0,120,120,120,1188,0.0,30.0,
5990,CURRENT_RUN_REAL_DATA,True,100,100,0,0,0,0,99,0,89,0,99,99,99,1191,3.0,21.0,
5991,CURRENT_RUN_REAL_DATA,True,99,99,0,0,0,0,98,0,51,0,98,98,98,1190,8.0,20.0,
5992,CURRENT_RUN_REAL_DATA,True,99,99,0,0,0,0,98,0,45,0,98,98,98,1190,9.0,21.0,
5993,CURRENT_RUN_REAL_DATA,True,100,100,0,0,0,0,99,0,76,0,99,99,99,1190,3.0,21.0,
5994,CURRENT_RUN_REAL_DATA,True,101,101,0,0,0,9,91,0,90,1,100,100,100,1184,0.0,91.0,
5995,CURRENT_RUN_REAL_DATA,True,97,97,0,0,0,0,96,0,86,2,96,96,96,1192,3.0,36.0,
5996,CURRENT_RUN_REAL_DATA,True,98,98,0,0,0,4,93,4,3,3,97,97,97,1186,0.0,41.0,
5997,CURRENT_RUN_REAL_DATA,True,100,100,0,0,0,0,99,0,98,0,99,99,99,1191,1.0,20.0,
5998,CURRENT_RUN_REAL_DATA,True,103,103,0,0,0,1,101,0,88,0,102,102,102,1194,0.0,23.0,
5999,CURRENT_RUN_REAL_DATA,True,102,102,0,0,0,3,98,3,83,0,101,101,101,1191,0.0,27.0,
6000,CURRENT_RUN_REAL_DATA,True,72,72,0,0,0,44,27,8,61,6,71,71,71,853,0.0,203.0,
6001,CURRENT_RUN_REAL_DATA,True,124,124,0,0,0,18,105,18,24,2,123,123,123,1187,0.0,67.0,
6002,CURRENT_RUN_REAL_DATA,True,99,99,0,0,0,0,98,0,98,0,98,98,98,1194,9.0,20.0,
6003,CURRENT_RUN_REAL_DATA,True,99,99,0,0,0,0,98,0,90,0,98,98,98,1195,10.0,20.0,
6004,CURRENT_RUN_REAL_DATA,True,102,102,0,0,0,2,99,0,58,1,101,101,101,1194,0.0,70.0,
6005,CURRENT_RUN_REAL_DATA,True,99,99,0,0,0,1,97,0,93,0,98,98,98,1186,0.0,22.0,
6006,CURRENT_RUN_REAL_DATA,True,121,121,0,0,0,0,120,0,12,0,120,120,120,1197,1.0,21.0,
6007,CURRENT_RUN_REAL_DATA,True,100,100,0,0,0,0,99,0,89,0,99,99,99,1191,4.0,20.0,
6008,CURRENT_RUN_REAL_DATA,True,97,97,0,0,0,0,96,0,86,1,96,96,96,1189,6.0,31.0,
6009,CURRENT_RUN_REAL_DATA,True,103,103,0,0,0,2,100,2,10,0,102,102,102,1190,0.0,29.0,
6010,CURRENT_RUN_REAL_DATA,True,93,93,0,0,0,27,65,2,84,7,92,92,92,1159,0.0,181.0,
6011,CURRENT_RUN_REAL_DATA,True,106,106,0,0,0,31,74,27,26,5,105,105,105,1194,0.0,202.0,
6012,CURRENT_RUN_REAL_DATA,True,119,119,0,0,0,6,112,6,12,2,118,118,118,1198,0.0,46.0,
6013,CURRENT_RUN_REAL_DATA,True,96,96,0,0,0,1,94,0,94,1,95,95,95,1190,0.0,51.0,
6014,CURRENT_RUN_REAL_DATA,True,98,98,0,0,0,0,97,0,77,0,97,97,97,1189,6.0,30.0,
6015,CURRENT_RUN_REAL_DATA,True,106,106,0,0,0,8,97,8,13,2,105,105,105,1186,0.0,40.0,
6016,CURRENT_RUN_REAL_DATA,True,106,106,0,0,0,14,91,10,14,4,105,105,105,1197,0.0,132.0,
6017,CURRENT_RUN_REAL_DATA,True,110,110,0,0,0,3,106,3,30,2,109,109,109,1186,0.0,43.0,
6018,CURRENT_RUN_REAL_DATA,True,66,66,0,0,0,0,65,0,15,0,65,65,65,784,9.0,20.0,
6019,CURRENT_RUN_REAL_DATA,True,105,105,0,0,0,3,101,3,52,0,104,104,104,1157,0.0,30.0,
6020,CURRENT_RUN_REAL_DATA,True,52,52,0,0,0,41,10,38,3,2,51,51,51,412,0.0,280.0,
6021,CURRENT_RUN_REAL_DATA,True,98,98,0,0,0,2,95,1,47,1,97,97,97,1186,0.0,100.0,
6022,CURRENT_RUN_REAL_DATA,True,100,100,0,0,0,10,89,10,5,4,99,99,99,1191,0.0,91.0,
6023,CURRENT_RUN_REAL_DATA,True,100,100,0,0,0,0,99,0,92,0,99,99,99,1191,4.0,20.0,
6024,CURRENT_RUN_REAL_DATA,True,99,99,0,0,0,0,98,0,90,0,98,98,98,1189,8.0,22.0,
6025,CURRENT_RUN_REAL_DATA,True,104,104,0,0,0,3,100,3,38,2,103,103,103,1189,0.0,51.0,
6026,CURRENT_RUN_REAL_DATA,True,106,106,0,0,0,1,104,1,28,2,105,105,105,1195,0.0,33.0,
6027,CURRENT_RUN_REAL_DATA,True,113,113,0,0,0,38,74,21,62,6,112,112,112,1186,0.0,90.0,
6028,CURRENT_RUN_REAL_DATA,True,100,100,0,0,0,0,99,0,94,0,99,99,99,1191,3.0,20.0,
6029,CURRENT_RUN_REAL_DATA,True,100,100,0,0,0,0,99,0,93,0,99,99,99,1194,1.0,21.0,
6030,CURRENT_RUN_REAL_DATA,True,116,116,0,0,0,7,108,7,18,2,115,115,115,1190,0.0,55.0,
6031,CURRENT_RUN_REAL_DATA,True,114,114,0,0,0,20,93,19,28,3,113,113,113,1162,0.0,55.0,
6032,CURRENT_RUN_REAL_DATA,True,69,69,0,0,0,4,64,3,7,2,68,68,68,1127,0.0,319.0,
6033,CURRENT_RUN_REAL_DATA,True,100,100,0,0,0,0,99,0,25,0,99,99,99,1194,1.0,20.0,
6034,CURRENT_RUN_REAL_DATA,True,107,107,0,0,0,3,103,3,14,1,106,106,106,1187,0.0,31.0,
6035,CURRENT_RUN_REAL_DATA,True,100,100,0,0,0,0,99,0,89,0,99,99,99,1194,1.0,21.0,
6036,CURRENT_RUN_REAL_DATA,True,100,100,0,0,0,0,99,0,89,0,99,99,99,1191,5.0,21.0,
6037,CURRENT_RUN_REAL_DATA,True,66,66,0,0,0,7,58,7,0,3,65,65,65,691,0.0,47.0,
6038,CURRENT_RUN_REAL_DATA,True,102,102,0,0,0,5,96,5,13,2,101,101,101,1188,0.0,140.0,
6039,CURRENT_RUN_REAL_DATA,True,101,101,0,0,0,0,100,0,86,0,100,100,100,1186,1.0,21.0,
6040,CURRENT_RUN_REAL_DATA,True,99,99,0,0,0,0,98,0,58,0,98,98,98,1194,7.0,21.0,
6041,CURRENT_RUN_REAL_DATA,True,101,101,0,0,0,3,97,0,100,1,100,100,100,1194,0.0,49.0,
6042,CURRENT_RUN_REAL_DATA,True,108,108,0,0,0,38,69,38,8,1,107,107,107,893,0.0,105.0,
6043,CURRENT_RUN_REAL_DATA,True,100,100,0,0,0,0,99,0,80,0,99,99,99,1191,5.0,21.0,
6044,CURRENT_RUN_REAL_DATA,True,100,100,0,0,0,0,99,0,76,0,99,99,99,1191,4.0,20.0,
6045,CURRENT_RUN_REAL_DATA,True,82,82,0,0,0,0,81,0,57,1,81,81,81,1186,8.0,208.0,
6046,CURRENT_RUN_REAL_DATA,True,100,100,0,0,0,0,99,0,51,0,99,99,99,1191,3.0,20.0,
6047,CURRENT_RUN_REAL_DATA,True,98,98,0,0,0,0,97,0,64,0,97,97,97,1187,9.0,28.0,
6048,CURRENT_RUN_REAL_DATA,True,101,101,0,0,0,0,100,0,91,0,100,100,100,1195,3.0,21.0,
6049,CURRENT_RUN_REAL_DATA,True,99,99,0,0,0,0,98,0,52,0,98,98,98,1194,10.0,20.0,
6050,CURRENT_RUN_REAL_DATA,True,99,99,0,0,0,0,98,0,19,0,98,98,98,1195,9.0,21.0,
6051,CURRENT_RUN_REAL_DATA,True,98,98,0,0,0,0,97,0,7,1,97,97,97,1191,5.0,40.0,
6052,CURRENT_RUN_REAL_DATA,True,100,100,0,0,0,1,98,0,62,0,99,99,99,1191,0.0,20.0,
6053,CURRENT_RUN_REAL_DATA,True,112,112,0,0,0,2,109,2,11,0,111,111,111,1181,0.0,30.0,
6054,CURRENT_RUN_REAL_DATA,True,92,92,0,0,0,15,76,15,13,4,91,91,91,1196,0.0,146.0,
6055,CURRENT_RUN_REAL_DATA,True,106,106,0,0,0,0,105,0,10,0,105,105,105,1193,1.0,25.0,
6056,CURRENT_RUN_REAL_DATA,True,100,100,0,0,0,0,99,0,74,0,99,99,99,1190,5.0,21.0,
6057,CURRENT_RUN_REAL_DATA,True,111,111,0,0,0,8,102,8,9,1,110,110,110,1159,0.0,117.0,
6058,CURRENT_RUN_REAL_DATA,True,111,111,0,0,0,4,106,4,34,2,110,110,110,1195,0.0,32.0,
6059,CURRENT_RUN_REAL_DATA,True,75,75,0,0,0,10,64,10,14,1,74,74,74,747,0.0,48.0,
6060,CURRENT_RUN_REAL_DATA,True,100,100,0,0,0,0,99,0,52,0,99,99,99,1190,1.0,22.0,
6061,CURRENT_RUN_REAL_DATA,True,115,115,0,0,0,8,106,7,14,2,114,114,114,1190,0.0,64.0,
6062,CURRENT_RUN_REAL_DATA,True,93,93,0,0,0,4,88,4,4,4,92,92,92,1180,0.0,106.0,
6063,CURRENT_RUN_REAL_DATA,True,99,99,0,0,0,0,98,0,96,0,98,98,98,1190,8.0,22.0,
6064,CURRENT_RUN_REAL_DATA,True,100,100,0,0,0,0,99,0,91,0,99,99,99,1191,2.0,20.0,
6065,CURRENT_RUN_REAL_DATA,True,99,99,0,0,0,0,98,0,89,0,98,98,98,1190,6.0,30.0,
6066,CURRENT_RUN_REAL_DATA,True,104,104,0,0,0,1,102,0,4,0,103,103,103,1191,0.0,30.0,
6067,CURRENT_RUN_REAL_DATA,True,99,99,0,0,0,1,97,0,91,0,98,98,98,1193,0.0,29.0,
6068,CURRENT_RUN_REAL_DATA,True,96,96,0,0,0,0,95,0,19,0,95,95,95,1159,8.0,22.0,
6069,CURRENT_RUN_REAL_DATA,True,103,103,0,0,0,2,100,2,51,1,102,102,102,1187,0.0,32.0,
6070,CURRENT_RUN_REAL_DATA,True,100,100,0,0,0,0,99,0,42,0,99,99,99,1194,1.0,20.0,
6071,CURRENT_RUN_REAL_DATA,True,38,38,0,0,0,0,37,0,7,0,37,37,37,411,2.0,22.0,
6072,CURRENT_RUN_REAL_DATA,True,100,100,0,0,0,0,99,0,98,0,99,99,99,1194,3.0,27.0,
6073,CURRENT_RUN_REAL_DATA,True,99,99,0,0,0,0,98,0,9,0,98,98,98,1190,7.0,30.0,
6074,CURRENT_RUN_REAL_DATA,True,116,116,0,0,0,39,76,33,11,6,115,115,115,1072,0.0,89.0,
6075,CURRENT_RUN_REAL_DATA,True,99,99,0,0,0,0,98,0,18,0,98,98,98,1188,7.0,28.0,
6076,CURRENT_RUN_REAL_DATA,True,104,104,0,0,0,1,102,1,14,0,103,103,103,1189,0.0,27.0,
6077,CURRENT_RUN_REAL_DATA,True,101,101,0,0,0,0,100,0,90,0,100,100,100,1191,6.0,20.0,
6078,CURRENT_RUN_REAL_DATA,True,99,99,0,0,0,0,98,0,88,0,98,98,98,1191,8.0,21.0,
6079,CURRENT_RUN_REAL_DATA,True,99,99,0,0,0,0,98,0,47,0,98,98,98,1190,6.0,30.0,
6080,CURRENT_RUN_REAL_DATA,True,126,126,0,0,0,3,122,3,7,2,125,125,125,1189,0.0,38.0,
6081,CURRENT_RUN_REAL_DATA,True,100,100,0,0,0,1,98,1,0,0,99,99,99,1194,0.0,20.0,
6082,CURRENT_RUN_REAL_DATA,True,98,98,0,0,0,0,97,0,81,0,97,97,97,1186,9.0,21.0,
6083,CURRENT_RUN_REAL_DATA,True,98,98,0,0,0,0,97,0,80,0,97,97,97,1195,10.0,30.0,
6084,CURRENT_RUN_REAL_DATA,True,99,99,0,0,0,0,98,0,88,0,98,98,98,1190,7.0,30.0,
6085,CURRENT_RUN_REAL_DATA,True,103,103,0,0,0,1,101,1,19,0,102,102,102,1186,0.0,30.0,
6086,CURRENT_RUN_REAL_DATA,True,98,98,0,0,0,0,97,0,91,0,97,97,97,1191,8.0,30.0,
6087,CURRENT_RUN_REAL_DATA,True,112,112,0,0,0,0,111,0,46,0,111,111,111,1186,2.0,23.0,
6088,CURRENT_RUN_REAL_DATA,True,101,101,0,0,0,0,100,0,26,0,100,100,100,1196,1.0,24.0,
6089,CURRENT_RUN_REAL_DATA,True,97,97,0,0,0,7,89,7,10,3,96,96,96,1195,0.0,142.0,
6090,CURRENT_RUN_REAL_DATA,True,99,99,0,0,0,0,98,0,89,0,98,98,98,1190,8.0,29.0,
6091,CURRENT_RUN_REAL_DATA,True,99,99,0,0,0,0,98,0,62,0,98,98,98,1188,7.0,29.0,
6092,CURRENT_RUN_REAL_DATA,True,100,100,0,0,0,0,99,0,72,0,99,99,99,1186,3.0,28.0,
6093,CURRENT_RUN_REAL_DATA,True,102,102,0,0,0,4,97,3,55,1,101,101,101,1128,0.0,32.0,
6094,CURRENT_RUN_REAL_DATA,True,113,113,0,0,0,5,107,5,17,2,112,112,112,1197,0.0,84.0,
6095,CURRENT_RUN_REAL_DATA,True,98,98,0,0,0,0,97,0,91,0,97,97,97,1187,10.0,27.0,
6096,CURRENT_RUN_REAL_DATA,True,99,99,0,0,0,0,98,0,89,0,98,98,98,1195,10.0,20.0,
6097,CURRENT_RUN_REAL_DATA,True,99,99,0,0,0,0,98,0,89,0,98,98,98,1189,6.0,23.0,
6098,CURRENT_RUN_REAL_DATA,True,104,104,0,0,0,3,100,3,2,1,103,103,103,1194,0.0,31.0,
6099,CURRENT_RUN_REAL_DATA,True,99,99,0,0,0,0,98,0,89,0,98,98,98,1189,8.0,22.0,
6100,CURRENT_RUN_REAL_DATA,True,100,100,0,0,0,0,99,0,91,0,99,99,99,1195,1.0,21.0,
6101,CURRENT_RUN_REAL_DATA,True,114,114,0,0,0,36,77,35,22,2,113,113,113,1190,0.0,197.0,
6102,CURRENT_RUN_REAL_DATA,True,106,106,0,0,0,3,102,1,29,1,105,105,105,1175,0.0,34.0,
6103,CURRENT_RUN_REAL_DATA,True,110,110,0,0,0,3,106,2,33,1,109,109,109,1194,0.0,33.0,
6104,CURRENT_RUN_REAL_DATA,True,100,100,0,0,0,0,99,0,90,0,99,99,99,1190,4.0,20.0,
6105,CURRENT_RUN_REAL_DATA,True,136,136,0,0,0,36,99,33,17,3,135,135,135,1147,0.0,150.0,
6106,CURRENT_RUN_REAL_DATA,True,118,118,0,0,0,6,111,6,16,1,117,117,117,1187,0.0,34.0,
6107,CURRENT_RUN_REAL_DATA,True,99,99,0,0,0,0,98,0,96,0,98,98,98,1190,6.0,22.0,
6108,CURRENT_RUN_REAL_DATA,True,99,99,0,0,0,0,98,0,92,0,98,98,98,1193,9.0,20.0,
6109,CURRENT_RUN_REAL_DATA,True,121,121,0,0,0,88,32,0,120,12,120,120,120,1179,0.0,180.0,
6110,CURRENT_RUN_REAL_DATA,True,96,96,0,0,0,8,87,8,3,3,95,95,95,1188,0.0,99.0,
6111,CURRENT_RUN_REAL_DATA,True,102,102,0,0,0,4,97,4,23,4,101,101,101,1188,0.0,58.0,
6112,CURRENT_RUN_REAL_DATA,True,97,97,0,0,0,1,95,0,94,1,96,96,96,1194,0.0,50.0,
6113,CURRENT_RUN_REAL_DATA,True,100,100,0,0,0,0,99,0,81,0,99,99,99,1189,1.0,22.0,
6114,CURRENT_RUN_REAL_DATA,True,99,99,0,0,0,0,98,0,89,0,98,98,98,1190,9.0,20.0,
6115,CURRENT_RUN_REAL_DATA,True,91,91,0,0,0,30,60,0,89,10,90,90,90,1141,0.0,109.0,
6116,CURRENT_RUN_REAL_DATA,True,97,97,0,0,0,1,95,1,0,2,96,96,96,1188,0.0,68.0,
6117,CURRENT_RUN_REAL_DATA,True,98,98,0,0,0,0,97,0,94,0,97,97,97,1193,9.0,30.0,
6118,CURRENT_RUN_REAL_DATA,True,117,117,0,0,0,72,44,12,99,10,116,116,116,1108,0.0,105.0,
6119,CURRENT_RUN_REAL_DATA,True,106,106,0,0,0,8,97,8,41,2,105,105,105,1169,0.0,65.0,
6120,CURRENT_RUN_REAL_DATA,True,99,99,0,0,0,0,98,0,98,0,98,98,98,1191,5.0,21.0,
6121,CURRENT_RUN_REAL_DATA,True,99,99,0,0,0,0,98,0,93,0,98,98,98,1190,8.0,20.0,
6122,CURRENT_RUN_REAL_DATA,True,101,101,0,0,0,5,95,5,10,4,100,100,100,1190,0.0,74.0,
6123,CURRENT_RUN_REAL_DATA,True,63,63,0,0,0,18,44,14,16,1,62,62,62,589,0.0,64.0,
6124,CURRENT_RUN_REAL_DATA,True,101,101,0,0,0,3,97,3,26,1,100,100,100,1186,0.0,49.0,
6125,CURRENT_RUN_REAL_DATA,True,115,115,0,0,0,3,111,3,21,0,114,114,114,1190,0.0,30.0,
6126,CURRENT_RUN_REAL_DATA,True,100,100,0,0,0,0,99,0,79,0,99,99,99,1191,2.0,20.0,
6127,CURRENT_RUN_REAL_DATA,True,99,99,0,0,0,3,95,3,17,2,98,98,98,1195,0.0,80.0,
6128,CURRENT_RUN_REAL_DATA,True,99,99,0,0,0,67,31,0,97,4,98,98,98,971,0.0,362.0,
6129,CURRENT_RUN_REAL_DATA,True,99,99,0,0,0,2,96,0,93,1,98,98,98,1189,0.0,52.0,
6130,CURRENT_RUN_REAL_DATA,True,107,107,0,0,0,22,84,22,16,4,106,106,106,1192,0.0,136.0,
6131,CURRENT_RUN_REAL_DATA,True,87,87,0,0,0,44,42,28,19,1,86,86,86,784,0.0,408.0,
6132,CURRENT_RUN_REAL_DATA,True,101,101,0,0,0,0,100,0,90,2,100,100,100,1191,1.0,31.0,
6133,CURRENT_RUN_REAL_DATA,True,100,100,0,0,0,0,99,0,48,0,99,99,99,1190,4.0,21.0,
6134,CURRENT_RUN_REAL_DATA,True,100,100,0,0,0,0,99,0,11,0,99,99,99,1190,5.0,21.0,
6135,CURRENT_RUN_REAL_DATA,True,99,99,0,0,0,0,98,0,88,0,98,98,98,1187,5.0,30.0,
6136,CURRENT_RUN_REAL_DATA,True,98,98,0,0,0,0,97,0,44,0,97,97,97,1195,9.0,29.0,
6137,CURRENT_RUN_REAL_DATA,True,100,100,0,0,0,0,99,0,91,0,99,99,99,1192,2.0,21.0,
6138,CURRENT_RUN_REAL_DATA,True,101,101,0,0,0,0,100,0,16,0,100,100,100,1194,1.0,21.0,
6139,CURRENT_RUN_REAL_DATA,True,109,109,0,0,0,3,105,3,17,0,108,108,108,1192,0.0,30.0,
6140,CURRENT_RUN_REAL_DATA,True,97,97,0,0,0,0,96,0,90,2,96,96,96,1190,7.0,31.0,
6141,CURRENT_RUN_REAL_DATA,True,99,99,0,0,0,0,98,0,28,0,98,98,98,1190,6.0,20.0,
6142,CURRENT_RUN_REAL_DATA,True,99,99,0,0,0,0,98,0,77,0,98,98,98,1189,8.0,22.0,
6143,CURRENT_RUN_REAL_DATA,True,127,127,0,0,0,42,84,32,30,2,126,126,126,1025,0.0,117.0,
6144,CURRENT_RUN_REAL_DATA,True,104,104,0,0,0,0,103,0,38,1,103,103,103,1192,1.0,57.0,
6145,CURRENT_RUN_REAL_DATA,True,100,100,0,0,0,0,99,0,41,0,99,99,99,1193,1.0,21.0,
6146,CURRENT_RUN_REAL_DATA,True,99,99,0,0,0,3,95,3,1,1,98,98,98,1191,0.0,84.0,
6147,CURRENT_RUN_REAL_DATA,True,106,106,0,0,0,3,102,3,21,1,105,105,105,1178,0.0,84.0,
6148,CURRENT_RUN_REAL_DATA,True,105,105,0,0,0,7,97,7,45,1,104,104,104,1188,0.0,60.0,
6149,CURRENT_RUN_REAL_DATA,True,95,95,0,0,0,61,33,2,90,8,94,94,94,1067,0.0,288.0,
6150,CURRENT_RUN_REAL_DATA,True,99,99,0,0,0,0,98,0,88,0,98,98,98,1186,1.0,22.0,
6151,CURRENT_RUN_REAL_DATA,True,57,57,0,0,0,14,42,14,2,5,56,56,56,995,0.0,168.0,
6152,CURRENT_RUN_REAL_DATA,True,99,99,0,0,0,0,98,0,89,0,98,98,98,1190,4.0,25.0,
6153,CURRENT_RUN_REAL_DATA,True,110,110,0,0,0,14,95,9,36,4,109,109,109,1189,0.0,59.0,
6154,CURRENT_RUN_REAL_DATA,True,110,110,0,0,0,3,106,2,4,0,109,109,109,1188,0.0,30.0,
6155,CURRENT_RUN_REAL_DATA,True,99,99,0,0,0,0,98,0,94,0,98,98,98,1195,8.0,21.0,
6156,CURRENT_RUN_REAL_DATA,True,99,99,0,0,0,0,98,0,88,0,98,98,98,1192,9.0,21.0,
6157,CURRENT_RUN_REAL_DATA,True,117,117,0,0,0,12,104,12,28,1,116,116,116,1191,0.0,129.0,
6158,CURRENT_RUN_REAL_DATA,True,100,100,0,0,0,0,99,0,88,0,99,99,99,1195,1.0,21.0,
6159,CURRENT_RUN_REAL_DATA,True,100,100,0,0,0,0,99,0,89,0,99,99,99,1189,1.0,22.0,
6160,CURRENT_RUN_REAL_DATA,True,100,100,0,0,0,2,97,0,82,0,99,99,99,1195,0.0,29.0,
6161,CURRENT_RUN_REAL_DATA,True,103,103,0,0,0,1,101,1,33,0,102,102,102,1171,0.0,23.0,
6162,CURRENT_RUN_REAL_DATA,True,99,99,0,0,0,0,98,0,88,0,98,98,98,1194,9.0,21.0,
6163,CURRENT_RUN_REAL_DATA,True,101,101,0,0,0,1,99,0,33,1,100,100,100,1191,0.0,31.0,
6164,CURRENT_RUN_REAL_DATA,True,99,99,0,0,0,4,94,4,14,3,98,98,98,1134,0.0,53.0,
6165,CURRENT_RUN_REAL_DATA,True,112,112,0,0,0,75,36,5,105,17,111,111,111,1181,0.0,179.0,
6166,CURRENT_RUN_REAL_DATA,True,100,100,0,0,0,0,99,0,96,0,99,99,99,1190,4.0,20.0,
6167,CURRENT_RUN_REAL_DATA,True,100,100,0,0,0,0,99,0,94,0,99,99,99,1191,7.0,21.0,
6168,CURRENT_RUN_REAL_DATA,True,100,100,0,0,0,1,98,0,90,0,99,99,99,1190,0.0,21.0,
6169,CURRENT_RUN_REAL_DATA,True,100,100,0,0,0,0,99,0,81,0,99,99,99,1191,1.0,21.0,
6170,CURRENT_RUN_REAL_DATA,True,103,103,0,0,0,3,99,2,13,2,102,102,102,1144,0.0,47.0,
6171,CURRENT_RUN_REAL_DATA,True,99,99,0,0,0,0,98,0,94,0,98,98,98,1189,6.0,28.0,
6172,CURRENT_RUN_REAL_DATA,True,114,114,0,0,0,7,106,7,15,0,113,113,113,1187,0.0,29.0,
6173,CURRENT_RUN_REAL_DATA,True,100,100,0,0,0,0,99,0,84,0,99,99,99,1192,4.0,20.0,
6174,CURRENT_RUN_REAL_DATA,True,109,109,0,0,0,3,105,3,23,0,108,108,108,1186,0.0,28.0,
6175,CURRENT_RUN_REAL_DATA,True,106,106,0,0,0,4,101,4,0,4,105,105,105,1187,0.0,42.0,
6176,CURRENT_RUN_REAL_DATA,True,99,99,0,0,0,0,98,0,90,0,98,98,98,1188,7.0,28.0,
6177,CURRENT_RUN_REAL_DATA,True,78,78,0,0,0,56,21,42,20,7,77,77,77,882,0.0,188.0,
6178,CURRENT_RUN_REAL_DATA,True,98,98,0,0,0,0,97,0,77,0,97,97,97,1190,9.0,30.0,
6179,CURRENT_RUN_REAL_DATA,True,101,101,0,0,0,11,89,11,7,4,100,100,100,1191,0.0,62.0,
6180,CURRENT_RUN_REAL_DATA,True,93,93,0,0,0,0,92,0,3,1,92,92,92,1186,3.0,80.0,
6181,CURRENT_RUN_REAL_DATA,True,101,101,0,0,0,1,99,1,68,1,100,100,100,1190,0.0,38.0,
6182,CURRENT_RUN_REAL_DATA,True,99,99,0,0,0,0,98,0,70,0,98,98,98,1187,6.0,27.0,
6183,CURRENT_RUN_REAL_DATA,True,107,107,0,0,0,4,102,4,20,1,106,106,106,1186,0.0,37.0,
6184,CURRENT_RUN_REAL_DATA,True,100,100,0,0,0,0,99,0,89,0,99,99,99,1193,1.0,21.0,
6185,CURRENT_RUN_REAL_DATA,True,111,111,0,0,0,72,38,0,110,8,110,110,110,1141,0.0,226.0,
6186,CURRENT_RUN_REAL_DATA,True,100,100,0,0,0,1,98,0,91,0,99,99,99,1189,0.0,23.0,
6187,CURRENT_RUN_REAL_DATA,True,102,102,0,0,0,26,75,11,52,7,101,101,101,1180,0.0,100.0,
6188,CURRENT_RUN_REAL_DATA,True,100,100,0,0,0,0,99,0,90,0,99,99,99,1190,1.0,22.0,
6189,CURRENT_RUN_REAL_DATA,True,99,99,0,0,0,0,98,0,88,0,98,98,98,1190,8.0,22.0,
6190,CURRENT_RUN_REAL_DATA,True,98,98,0,0,0,0,97,0,97,0,97,97,97,1186,8.0,22.0,
6191,CURRENT_RUN_REAL_DATA,True,95,95,0,0,0,10,84,8,14,4,94,94,94,1158,0.0,105.0,
6192,CURRENT_RUN_REAL_DATA,True,100,100,0,0,0,0,99,0,89,0,99,99,99,1191,4.0,20.0,
6193,CURRENT_RUN_REAL_DATA,True,105,105,0,0,0,2,102,2,4,0,104,104,104,1191,0.0,30.0,
6194,CURRENT_RUN_REAL_DATA,True,100,100,0,0,0,0,99,0,93,0,99,99,99,1192,3.0,21.0,
6195,CURRENT_RUN_REAL_DATA,True,99,99,0,0,0,0,98,0,88,0,98,98,98,1195,9.0,21.0,
6196,CURRENT_RUN_REAL_DATA,True,99,99,0,0,0,0,98,0,97,0,98,98,98,1189,7.0,23.0,
6197,CURRENT_RUN_REAL_DATA,True,100,100,0,0,0,0,99,0,90,0,99,99,99,1190,4.0,21.0,
6198,CURRENT_RUN_REAL_DATA,True,103,103,0,0,0,3,99,3,24,1,102,102,102,1193,0.0,67.0,
6199,CURRENT_RUN_REAL_DATA,True,111,111,0,0,0,7,103,7,12,4,110,110,110,1189,0.0,54.0,
6200,CURRENT_RUN_REAL_DATA,True,98,98,0,0,0,0,97,0,76,0,97,97,97,1195,9.0,30.0,
6201,CURRENT_RUN_REAL_DATA,True,102,102,0,0,0,0,101,0,35,0,101,101,101,1194,1.0,25.0,
6202,CURRENT_RUN_REAL_DATA,True,98,98,0,0,0,1,96,0,25,1,97,97,97,1159,0.0,35.0,
6203,CURRENT_RUN_REAL_DATA,True,111,111,0,0,0,3,107,3,68,0,110,110,110,1197,0.0,25.0,
6204,CURRENT_RUN_REAL_DATA,True,99,99,0,0,0,0,98,0,91,0,98,98,98,1195,9.0,21.0,
6205,CURRENT_RUN_REAL_DATA,True,107,107,0,0,0,14,92,11,33,2,106,106,106,1188,0.0,106.0,
6206,CURRENT_RUN_REAL_DATA,True,100,100,0,0,0,0,99,0,89,0,99,99,99,1190,4.0,20.0,
6207,CURRENT_RUN_REAL_DATA,True,98,98,0,0,0,22,75,4,86,7,97,97,97,1190,0.0,108.0,
6208,CURRENT_RUN_REAL_DATA,True,99,99,0,0,0,0,98,0,55,0,98,98,98,1195,10.0,20.0,
6209,CURRENT_RUN_REAL_DATA,True,99,99,0,0,0,0,98,0,98,0,98,98,98,1190,8.0,21.0,
6210,CURRENT_RUN_REAL_DATA,True,99,99,0,0,0,0,98,0,88,0,98,98,98,1192,2.0,30.0,
6211,CURRENT_RUN_REAL_DATA,True,99,99,0,0,0,2,96,0,96,1,98,98,98,1190,0.0,53.0,
6212,CURRENT_RUN_REAL_DATA,True,105,105,0,0,0,4,100,4,42,0,104,104,104,1187,0.0,27.0,
6213,CURRENT_RUN_REAL_DATA,True,103,103,0,0,0,1,101,0,67,1,102,102,102,1193,0.0,39.0,
6214,CURRENT_RUN_REAL_DATA,True,72,72,0,0,0,15,56,15,0,3,71,71,71,1191,0.0,432.0,
6215,CURRENT_RUN_REAL_DATA,True,88,88,0,0,0,1,86,1,35,0,87,87,87,956,0.0,29.0,
6216,CURRENT_RUN_REAL_DATA,True,100,100,0,0,0,0,99,0,77,0,99,99,99,1193,2.0,21.0,
6217,CURRENT_RUN_REAL_DATA,True,100,100,0,0,0,0,99,0,89,0,99,99,99,1192,3.0,21.0,
6218,CURRENT_RUN_REAL_DATA,True,100,100,0,0,0,0,99,0,65,0,99,99,99,1190,6.0,20.0,
6219,CURRENT_RUN_REAL_DATA,True,100,100,0,0,0,0,99,0,90,0,99,99,99,1191,1.0,20.0,
6220,CURRENT_RUN_REAL_DATA,True,101,101,0,0,0,0,100,0,68,0,100,100,100,1190,2.0,30.0,
6221,CURRENT_RUN_REAL_DATA,True,95,95,0,0,0,0,94,0,29,1,94,94,94,1189,4.0,60.0,
6222,CURRENT_RUN_REAL_DATA,True,103,103,0,0,0,26,76,8,77,5,102,102,102,1195,0.0,138.0,
6223,CURRENT_RUN_REAL_DATA,True,100,100,0,0,0,3,96,0,92,1,99,99,99,1194,0.0,47.0,
6224,CURRENT_RUN_REAL_DATA,True,126,126,0,0,0,8,117,8,4,1,125,125,125,1180,0.0,31.0,
6225,CURRENT_RUN_REAL_DATA,True,99,99,0,0,0,0,98,0,0,0,98,98,98,1195,9.0,21.0,
6226,CURRENT_RUN_REAL_DATA,True,99,99,0,0,0,0,98,0,21,0,98,98,98,1195,8.0,22.0,
6227,CURRENT_RUN_REAL_DATA,True,100,100,0,0,0,0,99,0,90,0,99,99,99,1190,2.0,21.0,
6228,CURRENT_RUN_REAL_DATA,True,100,100,0,0,0,0,99,0,89,0,99,99,99,1188,7.0,20.0,
6229,CURRENT_RUN_REAL_DATA,True,99,99,0,0,0,0,98,0,89,0,98,98,98,1186,1.0,21.0,
6230,CURRENT_RUN_REAL_DATA,True,100,100,0,0,0,0,99,0,89,0,99,99,99,1194,3.0,21.0,
6231,CURRENT_RUN_REAL_DATA,True,99,99,0,0,0,61,37,6,89,8,98,98,98,1133,0.0,224.0,
6232,CURRENT_RUN_REAL_DATA,True,103,103,0,0,0,84,18,82,2,6,102,102,102,806,0.0,223.0,
6233,CURRENT_RUN_REAL_DATA,True,100,100,0,0,0,0,99,0,1,0,99,99,99,1191,3.0,21.0,
6234,CURRENT_RUN_REAL_DATA,True,106,106,0,0,0,4,101,4,9,3,105,105,105,1189,0.0,40.0,
6235,CURRENT_RUN_REAL_DATA,True,100,100,0,0,0,0,99,0,99,0,99,99,99,1190,4.0,21.0,
6236,CURRENT_RUN_REAL_DATA,True,103,103,0,0,0,17,85,15,21,4,102,102,102,1191,0.0,133.0,
6237,CURRENT_RUN_REAL_DATA,True,101,101,0,0,0,0,100,0,91,0,100,100,100,1194,3.0,21.0,
6238,CURRENT_RUN_REAL_DATA,True,99,99,0,0,0,0,98,0,91,0,98,98,98,1195,10.0,20.0,
6239,CURRENT_RUN_REAL_DATA,True,99,99,0,0,0,0,98,0,78,0,98,98,98,1195,10.0,20.0,
6240,CURRENT_RUN_REAL_DATA,True,104,104,0,0,0,3,100,0,59,1,103,103,103,1193,0.0,43.0,
6241,CURRENT_RUN_REAL_DATA,True,104,104,0,0,0,9,94,3,39,4,103,103,103,1190,0.0,66.0,
6242,CURRENT_RUN_REAL_DATA,True,83,83,0,0,0,48,34,1,78,5,82,82,82,1123,0.0,534.0,
6243,CURRENT_RUN_REAL_DATA,True,95,95,0,0,0,18,76,10,25,8,94,94,94,1187,0.0,96.0,
6244,CURRENT_RUN_REAL_DATA,True,99,99,0,0,0,0,98,0,62,0,98,98,98,1195,10.0,20.0,
6245,CURRENT_RUN_REAL_DATA,True,83,83,0,0,0,15,67,13,21,4,82,82,82,961,0.0,87.0,
6246,CURRENT_RUN_REAL_DATA,True,99,99,0,0,0,0,98,0,98,1,98,98,98,1187,3.0,35.0,
6247,CURRENT_RUN_REAL_DATA,True,83,83,0,0,0,52,30,12,68,1,82,82,82,467,0.0,152.0,
6248,CURRENT_RUN_REAL_DATA,True,100,100,0,0,0,0,99,0,90,0,99,99,99,1190,6.0,20.0,
6249,CURRENT_RUN_REAL_DATA,True,99,99,0,0,0,0,98,0,37,0,98,98,98,1189,8.0,22.0,
6250,CURRENT_RUN_REAL_DATA,True,100,100,0,0,0,0,99,0,81,0,99,99,99,1189,1.0,22.0,
6251,CURRENT_RUN_REAL_DATA,True,98,98,0,0,0,0,97,0,80,0,97,97,97,1190,9.0,28.0,
6252,CURRENT_RUN_REAL_DATA,True,106,106,0,0,0,2,103,2,55,1,105,105,105,1189,0.0,65.0,
6253,CURRENT_RUN_REAL_DATA,True,95,95,0,0,0,31,63,27,17,3,94,94,94,1193,0.0,231.0,
6254,CURRENT_RUN_REAL_DATA,True,98,98,0,0,0,5,92,4,71,1,97,97,97,1193,0.0,84.0,
6255,CURRENT_RUN_REAL_DATA,True,97,97,0,0,0,0,96,0,41,0,96,96,96,1194,5.0,30.0,
6256,CURRENT_RUN_REAL_DATA,True,101,101,0,0,0,62,38,39,39,9,100,100,100,1109,0.0,240.0,
6257,CURRENT_RUN_REAL_DATA,True,107,107,0,0,0,3,103,3,68,0,106,106,106,1186,0.0,28.0,
6258,CURRENT_RUN_REAL_DATA,True,99,99,0,0,0,0,98,0,63,0,98,98,98,1190,6.0,30.0,
6259,CURRENT_RUN_REAL_DATA,True,98,98,0,0,0,9,88,8,69,2,97,97,97,1190,0.0,91.0,
6260,CURRENT_RUN_REAL_DATA,True,100,100,0,0,0,0,99,0,64,0,99,99,99,1190,4.0,21.0,
6261,CURRENT_RUN_REAL_DATA,True,115,115,0,0,0,84,30,29,82,7,114,114,114,1153,0.0,248.0,
6262,CURRENT_RUN_REAL_DATA,True,97,97,0,0,0,0,96,0,20,0,96,96,96,1179,1.0,22.0,
6263,CURRENT_RUN_REAL_DATA,True,109,109,0,0,0,5,103,5,3,3,108,108,108,1191,0.0,65.0,
6264,CURRENT_RUN_REAL_DATA,True,99,99,0,0,0,4,94,3,19,4,98,98,98,1158,0.0,75.0,
6265,CURRENT_RUN_REAL_DATA,True,99,99,0,0,0,0,98,0,47,0,98,98,98,1187,7.0,20.0,
6266,CURRENT_RUN_REAL_DATA,True,107,107,0,0,0,37,69,31,30,0,106,106,106,759,0.0,23.0,
6267,CURRENT_RUN_REAL_DATA,True,85,85,0,0,0,22,62,21,14,4,84,84,84,1145,0.0,401.0,
6268,CURRENT_RUN_REAL_DATA,True,99,99,0,0,0,0,98,0,54,0,98,98,98,1186,1.0,21.0,
6269,CURRENT_RUN_REAL_DATA,True,99,99,0,0,0,0,98,0,90,0,98,98,98,1190,5.0,30.0,
6270,CURRENT_RUN_REAL_DATA,True,101,101,0,0,0,1,99,0,75,0,100,100,100,1178,0.0,29.0,
6271,CURRENT_RUN_REAL_DATA,True,116,116,0,0,0,13,102,13,11,1,115,115,115,1191,0.0,117.0,
6272,CURRENT_RUN_REAL_DATA,True,100,100,0,0,0,0,99,0,97,1,99,99,99,1190,1.0,36.0,
6273,CURRENT_RUN_REAL_DATA,True,105,105,0,0,0,43,61,38,8,4,104,104,104,1194,0.0,473.0,
6274,CURRENT_RUN_REAL_DATA,True,119,119,0,0,0,3,115,3,23,0,118,118,118,1191,0.0,28.0,
6275,CURRENT_RUN_REAL_DATA,True,101,101,0,0,0,3,97,3,26,1,100,100,100,1190,0.0,41.0,
6276,CURRENT_RUN_REAL_DATA,True,86,86,0,0,0,0,85,0,52,1,85,85,85,1188,8.0,157.0,
6277,CURRENT_RUN_REAL_DATA,True,99,99,0,0,0,1,97,0,88,0,98,98,98,1186,0.0,22.0,
6278,CURRENT_RUN_REAL_DATA,True,99,99,0,0,0,0,98,0,90,0,98,98,98,1186,6.0,20.0,
6279,CURRENT_RUN_REAL_DATA,True,105,105,0,0,0,4,100,3,62,1,104,104,104,1183,0.0,55.0,
6280,CURRENT_RUN_REAL_DATA,True,100,100,0,0,0,0,99,0,97,0,99,99,99,1191,4.0,21.0,
6281,CURRENT_RUN_REAL_DATA,True,136,136,0,0,0,26,109,26,10,3,135,135,135,1195,0.0,82.0,
6282,CURRENT_RUN_REAL_DATA,True,99,99,0,0,0,0,98,0,88,0,98,98,98,1186,5.0,27.0,
6283,CURRENT_RUN_REAL_DATA,True,103,103,0,0,0,2,100,2,34,0,102,102,102,1124,0.0,25.0,
6284,CURRENT_RUN_REAL_DATA,True,100,100,0,0,0,0,99,0,89,0,99,99,99,1194,2.0,21.0,
6285,CURRENT_RUN_REAL_DATA,True,99,99,0,0,0,0,98,0,3,0,98,98,98,1186,7.0,28.0,
6286,CURRENT_RUN_REAL_DATA,True,98,98,0,0,0,0,97,0,87,0,97,97,97,1189,8.0,30.0,
6287,CURRENT_RUN_REAL_DATA,True,108,108,0,0,0,59,48,4,100,8,107,107,107,1173,0.0,204.0,
6288,CURRENT_RUN_REAL_DATA,True,114,114,0,0,0,4,109,4,3,2,113,113,113,1175,0.0,39.0,
6289,CURRENT_RUN_REAL_DATA,True,99,99,0,0,0,0,98,0,91,0,98,98,98,1197,7.0,21.0,
6290,CURRENT_RUN_REAL_DATA,True,106,106,0,0,0,57,48,7,93,10,105,105,105,1190,0.0,159.0,
6291,CURRENT_RUN_REAL_DATA,True,104,104,0,0,0,0,103,0,37,0,103,103,103,1191,1.0,28.0,
6292,CURRENT_RUN_REAL_DATA,True,98,98,0,0,0,15,82,6,43,6,97,97,97,1129,0.0,83.0,
6293,CURRENT_RUN_REAL_DATA,True,20,20,0,0,0,1,18,1,1,0,19,19,19,213,0.0,21.0,
6294,CURRENT_RUN_REAL_DATA,True,100,100,0,0,0,0,99,0,28,0,99,99,99,1190,5.0,22.0,
6295,CURRENT_RUN_REAL_DATA,True,100,100,0,0,0,0,99,0,2,0,99,99,99,1189,1.0,22.0,
6296,CURRENT_RUN_REAL_DATA,True,99,99,0,0,0,0,98,0,0,0,98,98,98,1191,10.0,20.0,
6297,CURRENT_RUN_REAL_DATA,True,102,102,0,0,0,0,101,0,12,1,101,101,101,1181,1.0,32.0,
6298,CURRENT_RUN_REAL_DATA,True,104,104,0,0,0,2,101,2,15,2,103,103,103,1192,0.0,43.0,
6299,CURRENT_RUN_REAL_DATA,True,101,101,0,0,0,3,97,1,90,1,100,100,100,1194,0.0,49.0,
6300,CURRENT_RUN_REAL_DATA,True,113,113,0,0,0,0,112,0,0,2,112,112,112,1190,1.0,63.0,
6301,CURRENT_RUN_REAL_DATA,True,120,120,0,0,0,5,114,5,13,2,119,119,119,1195,0.0,37.0,
6302,CURRENT_RUN_REAL_DATA,True,106,106,0,0,0,0,105,0,58,0,105,105,105,1194,1.0,21.0,
6303,CURRENT_RUN_REAL_DATA,True,99,99,0,0,0,0,98,0,79,0,98,98,98,1190,6.0,21.0,
6304,CURRENT_RUN_REAL_DATA,True,102,102,0,0,0,5,96,4,8,2,101,101,101,1182,0.0,58.0,
6305,CURRENT_RUN_REAL_DATA,True,100,100,0,0,0,0,99,0,79,0,99,99,99,1190,2.0,21.0,
6306,CURRENT_RUN_REAL_DATA,True,112,112,0,0,0,3,108,3,53,1,111,111,111,1179,0.0,35.0,
6307,CURRENT_RUN_REAL_DATA,True,99,99,0,0,0,1,97,1,51,1,98,98,98,1190,0.0,106.0,
6308,CURRENT_RUN_REAL_DATA,True,100,100,0,0,0,20,79,4,79,9,99,99,99,1194,0.0,60.0,
6309,CURRENT_RUN_REAL_DATA,True,99,99,0,0,0,2,96,2,3,2,98,98,98,1194,0.0,104.0,
6310,CURRENT_RUN_REAL_DATA,True,137,137,0,0,0,1,135,1,13,0,136,136,136,1183,0.0,24.0,
6311,CURRENT_RUN_REAL_DATA,True,100,100,0,0,0,1,98,1,1,2,99,99,99,1188,0.0,80.0,
6312,CURRENT_RUN_REAL_DATA,True,104,104,0,0,0,4,99,0,96,3,103,103,103,1190,0.0,35.0,
6313,CURRENT_RUN_REAL_DATA,True,101,101,0,0,0,0,100,0,0,0,100,100,100,1187,1.0,22.0,
6314,CURRENT_RUN_REAL_DATA,True,127,127,0,0,0,18,108,18,9,2,126,126,126,1189,0.0,69.0,
6315,CURRENT_RUN_REAL_DATA,True,100,100,0,0,0,0,99,0,90,0,99,99,99,1187,4.0,21.0,
6316,CURRENT_RUN_REAL_DATA,True,98,98,0,0,0,31,66,2,87,9,97,97,97,1195,0.0,129.0,
6317,CURRENT_RUN_REAL_DATA,True,99,99,0,0,0,0,98,0,78,0,98,98,98,1195,9.0,21.0,
6318,CURRENT_RUN_REAL_DATA,True,99,99,0,0,0,1,97,0,78,0,98,98,98,1186,0.0,22.0,
6319,CURRENT_RUN_REAL_DATA,True,110,110,0,0,0,21,88,18,3,3,109,109,109,1136,0.0,48.0,
6320,CURRENT_RUN_REAL_DATA,True,101,101,0,0,0,0,100,0,6,1,100,100,100,1143,1.0,41.0,
6321,CURRENT_RUN_REAL_DATA,True,100,100,0,0,0,0,99,0,80,0,99,99,99,1189,4.0,21.0,
6322,CURRENT_RUN_REAL_DATA,True,99,99,0,0,0,0,98,0,78,0,98,98,98,1195,8.0,21.0,
6323,CURRENT_RUN_REAL_DATA,True,99,99,0,0,0,0,98,0,88,0,98,98,98,1190,6.0,30.0,
6324,CURRENT_RUN_REAL_DATA,True,107,107,0,0,0,14,92,13,20,4,106,106,106,1190,0.0,95.0,
6325,CURRENT_RUN_REAL_DATA,True,130,130,0,0,0,2,127,2,10,0,129,129,129,1192,0.0,28.0,
6326,CURRENT_RUN_REAL_DATA,True,100,100,0,0,0,0,99,0,89,0,99,99,99,1191,2.0,21.0,
6327,CURRENT_RUN_REAL_DATA,True,29,29,0,0,0,3,25,3,1,2,28,28,28,273,0.0,34.0,
6328,CURRENT_RUN_REAL_DATA,True,122,122,0,0,0,4,117,3,19,1,121,121,121,1190,0.0,34.0,
6329,CURRENT_RUN_REAL_DATA,True,104,104,0,0,0,6,97,6,22,2,103,103,103,1186,0.0,43.0,
6330,CURRENT_RUN_REAL_DATA,True,57,57,0,0,0,7,49,7,0,2,56,56,56,709,0.0,113.0,
6331,CURRENT_RUN_REAL_DATA,True,98,98,0,0,0,0,97,0,78,0,97,97,97,1186,9.0,21.0,
6332,CURRENT_RUN_REAL_DATA,True,108,108,0,0,0,5,102,5,7,1,107,107,107,1193,0.0,40.0,
6333,CURRENT_RUN_REAL_DATA,True,98,98,0,0,0,0,97,0,78,0,97,97,97,1190,9.0,27.0,
6334,CURRENT_RUN_REAL_DATA,True,100,100,0,0,0,1,98,0,89,0,99,99,99,1195,0.0,21.0,
6335,CURRENT_RUN_REAL_DATA,True,107,107,0,0,0,0,106,0,30,0,106,106,106,1186,1.0,30.0,
6336,CURRENT_RUN_REAL_DATA,True,99,99,0,0,0,0,98,0,79,0,98,98,98,1188,6.0,28.0,
6337,CURRENT_RUN_REAL_DATA,True,108,108,0,0,0,11,96,6,51,3,107,107,107,1191,0.0,63.0,
6338,CURRENT_RUN_REAL_DATA,True,100,100,0,0,0,1,98,0,92,0,99,99,99,1198,0.0,30.0,
6339,CURRENT_RUN_REAL_DATA,True,104,104,0,0,0,1,102,1,0,0,103,103,103,1188,0.0,30.0,
6340,CURRENT_RUN_REAL_DATA,True,104,104,0,0,0,26,77,24,8,2,103,103,103,1092,0.0,178.0,
6341,CURRENT_RUN_REAL_DATA,True,99,99,0,0,0,4,94,4,55,1,98,98,98,1189,0.0,66.0,
6342,CURRENT_RUN_REAL_DATA,True,99,99,0,0,0,1,97,0,88,0,98,98,98,1195,0.0,24.0,
6343,CURRENT_RUN_REAL_DATA,True,99,99,0,0,0,0,98,0,88,0,98,98,98,1188,9.0,21.0,
6344,CURRENT_RUN_REAL_DATA,True,100,100,0,0,0,2,97,0,89,1,99,99,99,1194,0.0,39.0,
6345,CURRENT_RUN_REAL_DATA,True,100,100,0,0,0,0,99,0,94,0,99,99,99,1187,5.0,20.0,
6346,CURRENT_RUN_REAL_DATA,True,112,112,0,0,0,4,107,4,6,1,111,111,111,1191,0.0,31.0,
6347,CURRENT_RUN_REAL_DATA,True,101,101,0,0,0,0,100,0,79,0,100,100,100,1194,1.0,21.0,
6348,CURRENT_RUN_REAL_DATA,True,100,100,0,0,0,0,99,0,89,0,99,99,99,1191,1.0,21.0,
6349,CURRENT_RUN_REAL_DATA,True,113,113,0,0,0,17,95,15,21,2,112,112,112,1187,0.0,92.0,
6350,CURRENT_RUN_REAL_DATA,True,100,100,0,0,0,0,99,0,90,0,99,99,99,1191,1.0,21.0,
6351,CURRENT_RUN_REAL_DATA,True,97,97,0,0,0,14,82,0,88,2,96,96,96,1144,0.0,49.0,
6352,CURRENT_RUN_REAL_DATA,True,101,101,0,0,0,2,98,0,90,0,100,100,100,1190,0.0,21.0,
6353,CURRENT_RUN_REAL_DATA,True,110,110,0,0,0,1,108,0,8,0,109,109,109,1193,0.0,30.0,
6354,CURRENT_RUN_REAL_DATA,True,98,98,0,0,0,0,97,0,25,0,97,97,97,1186,7.0,22.0,
6355,CURRENT_RUN_REAL_DATA,True,104,104,0,0,0,1,102,1,40,0,103,103,103,1193,0.0,28.0,
6356,CURRENT_RUN_REAL_DATA,True,104,104,0,0,0,44,59,36,20,2,103,103,103,684,0.0,39.0,
6357,CURRENT_RUN_REAL_DATA,True,100,100,0,0,0,0,99,0,94,0,99,99,99,1192,4.0,21.0,
6358,CURRENT_RUN_REAL_DATA,True,108,108,0,0,0,10,97,9,17,3,107,107,107,1194,0.0,87.0,
6359,CURRENT_RUN_REAL_DATA,True,100,100,0,0,0,0,99,0,81,0,99,99,99,1191,1.0,20.0,
6360,CURRENT_RUN_REAL_DATA,True,103,103,0,0,0,1,101,0,38,0,102,102,102,1189,0.0,24.0,
6361,CURRENT_RUN_REAL_DATA,True,99,99,0,0,0,0,98,0,79,0,98,98,98,1194,8.0,22.0,
6362,CURRENT_RUN_REAL_DATA,True,100,100,0,0,0,0,99,0,90,0,99,99,99,1192,3.0,21.0,
6363,CURRENT_RUN_REAL_DATA,True,100,100,0,0,0,0,99,0,98,0,99,99,99,1189,1.0,22.0,
6364,CURRENT_RUN_REAL_DATA,True,124,124,0,0,0,4,119,4,11,0,123,123,123,1191,0.0,30.0,
6365,CURRENT_RUN_REAL_DATA,True,113,113,0,0,0,4,108,4,14,2,112,112,112,1138,0.0,44.0,
6366,CURRENT_RUN_REAL_DATA,True,96,96,0,0,0,24,71,22,32,9,95,95,95,1195,0.0,140.0,
6367,CURRENT_RUN_REAL_DATA,True,140,140,0,0,0,78,61,76,9,4,139,139,139,1196,0.0,483.0,
6368,CURRENT_RUN_REAL_DATA,True,99,99,0,0,0,0,98,0,79,0,98,98,98,1186,1.0,21.0,
6369,CURRENT_RUN_REAL_DATA,True,98,98,0,0,0,0,97,0,88,0,97,97,97,1195,10.0,30.0,
6370,CURRENT_RUN_REAL_DATA,True,100,100,0,0,0,0,99,0,81,0,99,99,99,1187,4.0,30.0,
6371,CURRENT_RUN_REAL_DATA,True,57,57,0,0,0,3,53,2,22,1,56,56,56,1196,0.0,586.0,
6372,CURRENT_RUN_REAL_DATA,True,100,100,0,0,0,0,99,0,89,0,99,99,99,1190,5.0,20.0,
6373,CURRENT_RUN_REAL_DATA,True,102,102,0,0,0,0,101,0,49,0,101,101,101,939,1.0,20.0,
6374,CURRENT_RUN_REAL_DATA,True,97,97,0,0,0,0,96,0,86,0,96,96,96,1186,9.0,30.0,
6375,CURRENT_RUN_REAL_DATA,True,100,100,0,0,0,0,99,0,80,0,99,99,99,1191,3.0,21.0,
6376,CURRENT_RUN_REAL_DATA,True,68,68,0,0,0,60,7,60,0,2,67,67,67,228,0.0,121.0,
6377,CURRENT_RUN_REAL_DATA,True,105,105,0,0,0,18,86,17,16,5,104,104,104,1168,0.0,83.0,
6378,CURRENT_RUN_REAL_DATA,True,96,96,0,0,0,0,95,0,1,2,95,95,95,1190,1.0,110.0,
6379,CURRENT_RUN_REAL_DATA,True,138,138,0,0,0,20,117,20,21,2,137,137,137,1141,0.0,95.0,
6380,CURRENT_RUN_REAL_DATA,True,113,113,0,0,0,3,109,3,44,0,112,112,112,1195,0.0,23.0,
6381,CURRENT_RUN_REAL_DATA,True,105,105,0,0,0,6,98,6,12,2,104,104,104,1194,0.0,51.0,
6382,CURRENT_RUN_REAL_DATA,True,180,180,0,0,0,9,170,9,19,0,179,179,179,1186,0.0,29.0,
6383,CURRENT_RUN_REAL_DATA,True,94,94,0,0,0,50,43,14,61,7,93,93,93,1173,0.0,200.0,
6384,CURRENT_RUN_REAL_DATA,True,60,60,0,0,0,38,21,32,7,1,59,59,59,233,0.0,40.0,
6385,CURRENT_RUN_REAL_DATA,True,101,101,0,0,0,3,97,3,10,1,100,100,100,1195,0.0,32.0,
6386,CURRENT_RUN_REAL_DATA,True,99,99,0,0,0,0,98,0,89,0,98,98,98,1186,1.0,21.0,
6387,CURRENT_RUN_REAL_DATA,True,100,100,0,0,0,2,97,0,89,1,99,99,99,1191,0.0,54.0,
6388,CURRENT_RUN_REAL_DATA,True,116,116,0,0,0,2,113,2,34,0,115,115,115,1189,0.0,30.0,
6389,CURRENT_RUN_REAL_DATA,True,99,99,0,0,0,0,98,0,90,0,98,98,98,1189,7.0,27.0,
6390,CURRENT_RUN_REAL_DATA,True,110,110,0,0,0,4,105,4,5,0,109,109,109,1182,0.0,26.0,
6391,CURRENT_RUN_REAL_DATA,True,115,115,0,0,0,4,110,4,19,2,114,114,114,1194,0.0,35.0,
6392,CURRENT_RUN_REAL_DATA,True,100,100,0,0,0,0,99,0,79,0,99,99,99,1195,1.0,21.0,
6393,CURRENT_RUN_REAL_DATA,True,106,106,0,0,0,7,98,7,29,2,105,105,105,1197,0.0,56.0,
6394,CURRENT_RUN_REAL_DATA,True,129,129,0,0,0,115,13,46,78,0,128,128,128,91,0.0,20.0,
6395,CURRENT_RUN_REAL_DATA,True,99,99,0,0,0,0,98,0,88,0,98,98,98,1187,1.0,22.0,
6396,CURRENT_RUN_REAL_DATA,True,178,178,0,0,0,103,74,44,90,2,177,177,177,926,0.0,51.0,
6397,CURRENT_RUN_REAL_DATA,True,120,120,0,0,0,2,117,2,12,0,119,119,119,1197,0.0,20.0,
6398,CURRENT_RUN_REAL_DATA,True,100,100,0,0,0,0,99,0,95,0,99,99,99,1190,6.0,21.0,
6399,CURRENT_RUN_REAL_DATA,True,167,167,0,0,0,15,151,15,21,2,166,166,166,1193,0.0,40.0,
6400,CURRENT_RUN_REAL_DATA,True,96,96,0,0,0,0,95,0,88,0,95,95,95,1144,4.0,22.0,
6401,CURRENT_RUN_REAL_DATA,True,150,150,0,0,0,27,122,26,8,3,149,149,149,1195,0.0,38.0,
6402,CURRENT_RUN_REAL_DATA,True,103,103,0,0,0,5,97,5,18,2,102,102,102,1192,0.0,41.0,
6403,CURRENT_RUN_REAL_DATA,True,100,100,0,0,0,0,99,0,79,0,99,99,99,1191,3.0,20.0,
6404,CURRENT_RUN_REAL_DATA,True,88,88,0,0,0,14,73,12,35,2,87,87,87,940,0.0,38.0,
6405,CURRENT_RUN_REAL_DATA,True,100,100,0,0,0,1,98,0,80,1,99,99,99,1190,0.0,31.0,
6406,CURRENT_RUN_REAL_DATA,True,101,101,0,0,0,0,100,0,63,0,100,100,100,1194,3.0,23.0,
6407,CURRENT_RUN_REAL_DATA,True,93,93,0,0,0,0,92,0,55,1,92,92,92,1191,4.0,70.0,
6408,CURRENT_RUN_REAL_DATA,True,101,101,0,0,0,0,100,0,75,0,100,100,100,1188,2.0,20.0,
6409,CURRENT_RUN_REAL_DATA,True,118,118,0,0,0,11,106,11,20,0,117,117,117,1188,0.0,30.0,
6410,CURRENT_RUN_REAL_DATA,True,98,98,0,0,0,0,97,0,25,0,97,97,97,1186,9.0,21.0,
6411,CURRENT_RUN_REAL_DATA,True,149,149,0,0,0,11,137,11,38,1,148,148,148,1186,0.0,43.0,
6412,CURRENT_RUN_REAL_DATA,True,98,98,0,0,0,6,91,6,0,3,97,97,97,1191,0.0,119.0,
6413,CURRENT_RUN_REAL_DATA,True,119,119,0,0,0,89,29,24,91,18,118,118,118,1187,0.0,120.0,
6414,CURRENT_RUN_REAL_DATA,True,123,123,0,0,0,2,120,2,25,1,122,122,122,1193,0.0,31.0,
6415,CURRENT_RUN_REAL_DATA,True,99,99,0,0,0,0,98,0,93,0,98,98,98,1195,9.0,21.0,
6416,CURRENT_RUN_REAL_DATA,True,99,99,0,0,0,0,98,0,78,0,98,98,98,1186,1.0,21.0,
6417,CURRENT_RUN_REAL_DATA,True,100,100,0,0,0,4,95,1,90,3,99,99,99,1194,0.0,57.0,
6418,CURRENT_RUN_REAL_DATA,True,99,99,0,0,0,0,98,0,48,0,98,98,98,1194,9.0,21.0,
6419,CURRENT_RUN_REAL_DATA,True,99,99,0,0,0,3,95,0,79,1,98,98,98,1194,0.0,43.0,
6420,CURRENT_RUN_REAL_DATA,True,100,100,0,0,0,0,99,0,80,0,99,99,99,1189,1.0,22.0,
6421,CURRENT_RUN_REAL_DATA,True,78,78,0,0,0,66,11,0,77,5,77,77,77,1007,0.0,492.0,
6422,CURRENT_RUN_REAL_DATA,True,99,99,0,0,0,0,98,0,88,0,98,98,98,1191,2.0,22.0,
6423,CURRENT_RUN_REAL_DATA,True,99,99,0,0,0,0,98,0,77,0,98,98,98,1195,9.0,21.0,
6424,CURRENT_RUN_REAL_DATA,True,99,99,0,0,0,0,98,0,88,0,98,98,98,1193,9.0,20.0,
6425,CURRENT_RUN_REAL_DATA,True,90,90,0,0,0,1,88,0,12,0,89,89,89,985,0.0,27.0,
6426,CURRENT_RUN_REAL_DATA,True,99,99,0,0,0,0,98,0,78,0,98,98,98,1189,7.0,22.0,
6427,CURRENT_RUN_REAL_DATA,True,102,102,0,0,0,34,67,31,19,6,101,101,101,1163,0.0,137.0,
6428,CURRENT_RUN_REAL_DATA,True,99,99,0,0,0,0,98,0,78,0,98,98,98,1194,9.0,20.0,
6429,CURRENT_RUN_REAL_DATA,True,98,98,0,0,0,3,94,2,29,2,97,97,97,1196,0.0,98.0,
6430,CURRENT_RUN_REAL_DATA,True,126,126,0,0,0,10,115,10,24,3,125,125,125,1167,0.0,39.0,
6431,CURRENT_RUN_REAL_DATA,True,100,100,0,0,0,0,99,0,79,0,99,99,99,1192,4.0,21.0,
6432,CURRENT_RUN_REAL_DATA,True,98,98,0,0,0,0,97,0,92,0,97,97,97,1187,7.0,23.0,
6433,CURRENT_RUN_REAL_DATA,True,100,100,0,0,0,0,99,0,89,0,99,99,99,1192,3.0,22.0,
6434,CURRENT_RUN_REAL_DATA,True,92,92,0,0,0,1,90,1,7,1,91,91,91,1188,0.0,112.0,
6435,CURRENT_RUN_REAL_DATA,True,100,100,0,0,0,0,99,0,89,0,99,99,99,1187,2.0,30.0,
6436,CURRENT_RUN_REAL_DATA,True,98,98,0,0,0,2,95,2,31,3,97,97,97,1168,0.0,55.0,
6437,CURRENT_RUN_REAL_DATA,True,97,97,0,0,0,51,45,40,25,3,96,96,96,1194,0.0,489.0,
6438,CURRENT_RUN_REAL_DATA,True,116,116,0,0,0,2,113,2,12,1,115,115,115,1190,0.0,39.0,
6439,CURRENT_RUN_REAL_DATA,True,110,110,0,0,0,1,108,0,19,0,109,109,109,1194,0.0,23.0,
6440,CURRENT_RUN_REAL_DATA,True,72,72,0,0,0,32,39,5,57,0,71,71,71,487,0.0,24.0,
6441,CURRENT_RUN_REAL_DATA,True,98,98,0,0,0,0,97,0,77,0,97,97,97,1190,6.0,30.0,
6442,CURRENT_RUN_REAL_DATA,True,80,80,0,0,0,0,79,0,32,1,79,79,79,1190,1.0,300.0,
6443,CURRENT_RUN_REAL_DATA,True,100,100,0,0,0,0,99,0,91,0,99,99,99,1190,3.0,21.0,
6444,CURRENT_RUN_REAL_DATA,True,120,120,0,0,0,7,112,5,20,2,119,119,119,1186,0.0,44.0,
6445,CURRENT_RUN_REAL_DATA,True,115,115,0,0,0,64,50,14,87,10,114,114,114,1064,0.0,110.0,
6446,CURRENT_RUN_REAL_DATA,True,105,105,0,0,0,23,81,7,52,6,104,104,104,1183,0.0,122.0,
6447,CURRENT_RUN_REAL_DATA,True,117,117,0,0,0,34,82,30,15,11,116,116,116,1185,0.0,101.0,
6448,CURRENT_RUN_REAL_DATA,True,141,141,0,0,0,46,94,46,0,1,140,140,140,1019,0.0,36.0,
6449,CURRENT_RUN_REAL_DATA,True,98,98,0,0,0,0,97,0,77,0,97,97,97,1191,9.0,30.0,
6450,CURRENT_RUN_REAL_DATA,True,100,100,0,0,0,0,99,0,89,0,99,99,99,1192,7.0,20.0,
6451,CURRENT_RUN_REAL_DATA,True,107,107,0,0,0,2,104,2,13,0,106,106,106,1186,0.0,26.0,
6452,CURRENT_RUN_REAL_DATA,True,98,98,0,0,0,0,97,0,79,0,97,97,97,1188,7.0,30.0,
6453,CURRENT_RUN_REAL_DATA,True,100,100,0,0,0,0,99,0,89,0,99,99,99,1190,1.0,21.0,
6454,CURRENT_RUN_REAL_DATA,True,102,102,0,0,0,18,83,13,29,3,101,101,101,1064,0.0,120.0,
6455,CURRENT_RUN_REAL_DATA,True,144,144,0,0,0,21,122,20,36,3,143,143,143,1180,0.0,57.0,
6456,CURRENT_RUN_REAL_DATA,True,100,100,0,0,0,0,99,0,91,0,99,99,99,1191,4.0,20.0,
6457,CURRENT_RUN_REAL_DATA,True,110,110,0,0,0,3,106,3,1,0,109,109,109,1186,0.0,24.0,
6458,CURRENT_RUN_REAL_DATA,True,99,99,0,0,0,0,98,0,88,0,98,98,98,1195,9.0,21.0,
6459,CURRENT_RUN_REAL_DATA,True,105,105,0,0,0,23,81,20,8,3,104,104,104,1189,0.0,177.0,
6460,CURRENT_RUN_REAL_DATA,True,101,101,0,0,0,0,100,0,6,0,100,100,100,1193,3.0,20.0,
6461,CURRENT_RUN_REAL_DATA,True,113,113,0,0,0,42,70,42,4,6,112,112,112,1196,0.0,131.0,
6462,CURRENT_RUN_REAL_DATA,True,100,100,0,0,0,0,99,0,89,0,99,99,99,1190,6.0,20.0,
6463,CURRENT_RUN_REAL_DATA,True,102,102,0,0,0,2,99,2,50,0,101,101,101,1161,0.0,30.0,
6464,CURRENT_RUN_REAL_DATA,True,103,103,0,0,0,3,99,3,6,1,102,102,102,1191,0.0,43.0,
6465,CURRENT_RUN_REAL_DATA,True,107,107,0,0,0,2,104,2,30,0,106,106,106,1131,0.0,21.0,
6466,CURRENT_RUN_REAL_DATA,True,113,113,0,0,0,13,99,13,0,1,112,112,112,1191,0.0,96.0,
6467,CURRENT_RUN_REAL_DATA,True,100,100,0,0,0,0,99,0,91,0,99,99,99,1193,4.0,21.0,
6468,CURRENT_RUN_REAL_DATA,True,98,98,0,0,0,3,94,3,25,1,97,97,97,1180,0.0,121.0,
6469,CURRENT_RUN_REAL_DATA,True,98,98,0,0,0,0,97,0,90,0,97,97,97,1180,9.0,21.0,
6470,CURRENT_RUN_REAL_DATA,True,99,99,0,0,0,1,97,0,88,0,98,98,98,1188,0.0,22.0,
6471,CURRENT_RUN_REAL_DATA,True,99,99,0,0,0,0,98,0,88,0,98,98,98,1190,7.0,23.0,
6472,CURRENT_RUN_REAL_DATA,True,109,109,0,0,0,10,98,10,37,3,108,108,108,1191,0.0,52.0,
6473,CURRENT_RUN_REAL_DATA,True,106,106,0,0,0,24,81,24,0,4,105,105,105,1187,0.0,120.0,
6474,CURRENT_RUN_REAL_DATA,True,103,103,0,0,0,5,97,5,33,3,102,102,102,1191,0.0,44.0,
6475,CURRENT_RUN_REAL_DATA,True,97,97,0,0,0,22,74,15,41,3,96,96,96,1186,0.0,194.0,
6476,CURRENT_RUN_REAL_DATA,True,112,112,0,0,0,5,106,5,31,1,111,111,111,1180,0.0,48.0,
6477,CURRENT_RUN_REAL_DATA,True,100,100,0,0,0,0,99,0,57,0,99,99,99,1189,5.0,30.0,
6478,CURRENT_RUN_REAL_DATA,True,111,111,0,0,0,18,92,18,0,5,110,110,110,1195,0.0,122.0,
6479,CURRENT_RUN_REAL_DATA,True,100,100,0,0,0,5,94,5,12,2,99,99,99,1173,0.0,73.0,
6480,CURRENT_RUN_REAL_DATA,True,121,121,0,0,0,4,116,2,22,0,120,120,120,1190,0.0,24.0,
6481,CURRENT_RUN_REAL_DATA,True,99,99,0,0,0,0,98,0,90,0,98,98,98,1186,1.0,21.0,
6482,CURRENT_RUN_REAL_DATA,True,100,100,0,0,0,0,99,0,89,0,99,99,99,1190,6.0,30.0,
6483,CURRENT_RUN_REAL_DATA,True,50,50,0,0,0,0,49,0,0,3,49,49,49,1113,3.0,469.0,
6484,CURRENT_RUN_REAL_DATA,True,103,103,0,0,0,0,102,0,42,0,102,102,102,1190,6.0,21.0,
6485,CURRENT_RUN_REAL_DATA,True,100,100,0,0,0,0,99,0,90,0,99,99,99,1194,1.0,21.0,
6486,CURRENT_RUN_REAL_DATA,True,99,99,0,0,0,1,97,0,88,0,98,98,98,1186,0.0,22.0,
6487,CURRENT_RUN_REAL_DATA,True,97,97,0,0,0,0,96,0,89,0,96,96,96,1186,8.0,28.0,
6488,CURRENT_RUN_REAL_DATA,True,143,143,0,0,0,43,99,43,7,0,142,142,142,1165,0.0,22.0,
6489,CURRENT_RUN_REAL_DATA,True,98,98,0,0,0,0,97,0,72,0,97,97,97,1187,6.0,30.0,
6490,CURRENT_RUN_REAL_DATA,True,101,101,0,0,0,0,100,0,58,0,100,100,100,1197,2.0,24.0,
6491,CURRENT_RUN_REAL_DATA,True,112,112,0,0,0,5,106,5,14,1,111,111,111,1187,0.0,45.0,
6492,CURRENT_RUN_REAL_DATA,True,101,101,0,0,0,0,100,0,80,0,100,100,100,1189,1.0,29.0,
6493,CURRENT_RUN_REAL_DATA,True,83,83,0,0,0,23,59,20,7,5,82,82,82,1182,0.0,224.0,
6494,CURRENT_RUN_REAL_DATA,True,97,97,0,0,0,0,96,0,85,3,96,96,96,1191,1.0,31.0,
6495,CURRENT_RUN_REAL_DATA,True,79,79,0,0,0,68,10,12,65,4,78,78,78,1095,0.0,745.0,
6496,CURRENT_RUN_REAL_DATA,True,100,100,0,0,0,1,98,0,89,0,99,99,99,1189,0.0,23.0,
6497,CURRENT_RUN_REAL_DATA,True,98,98,0,0,0,6,91,4,8,1,97,97,97,1068,0.0,40.0,
6498,CURRENT_RUN_REAL_DATA,True,100,100,0,0,0,0,99,0,96,0,99,99,99,1187,5.0,21.0,
6499,CURRENT_RUN_REAL_DATA,True,100,100,0,0,0,0,99,0,89,0,99,99,99,1190,2.0,21.0,
6500,CURRENT_RUN_REAL_DATA,True,100,100,0,0,0,5,94,2,89,3,99,99,99,1192,0.0,55.0,
6501,CURRENT_RUN_REAL_DATA,True,105,105,0,0,0,5,99,5,28,1,104,104,104,1189,0.0,39.0,
6502,CURRENT_RUN_REAL_DATA,True,98,98,0,0,0,0,97,0,75,1,97,97,97,1194,7.0,31.0,
6503,CURRENT_RUN_REAL_DATA,True,99,99,0,0,0,1,97,1,61,2,98,98,98,1194,0.0,53.0,
6504,CURRENT_RUN_REAL_DATA,True,100,100,0,0,0,0,99,0,80,0,99,99,99,1191,4.0,20.0,
6505,CURRENT_RUN_REAL_DATA,True,97,97,0,0,0,1,95,0,88,1,96,96,96,1190,0.0,32.0,
6506,CURRENT_RUN_REAL_DATA,True,104,104,0,0,0,5,98,4,11,2,103,103,103,1191,0.0,49.0,
6507,CURRENT_RUN_REAL_DATA,True,98,98,0,0,0,0,97,0,20,0,97,97,97,1191,10.0,30.0,
6508,CURRENT_RUN_REAL_DATA,True,100,100,0,0,0,0,99,0,95,0,99,99,99,1187,5.0,21.0,
6509,CURRENT_RUN_REAL_DATA,True,100,100,0,0,0,6,93,5,18,2,99,99,99,1192,0.0,93.0,
6510,CURRENT_RUN_REAL_DATA,True,100,100,0,0,0,0,99,0,77,0,99,99,99,1191,5.0,21.0,
6511,CURRENT_RUN_REAL_DATA,True,111,111,0,0,0,22,88,17,30,2,110,110,110,1190,0.0,175.0,
6512,CURRENT_RUN_REAL_DATA,True,104,104,0,0,0,1,102,1,17,0,103,103,103,1197,0.0,25.0,
6513,CURRENT_RUN_REAL_DATA,True,100,100,0,0,0,0,99,0,46,0,99,99,99,1187,4.0,21.0,
6514,CURRENT_RUN_REAL_DATA,True,98,98,0,0,0,0,97,0,73,0,97,97,97,1186,8.0,21.0,
6515,CURRENT_RUN_REAL_DATA,True,106,106,0,0,0,0,105,0,29,1,105,105,105,1188,1.0,40.0,
6516,CURRENT_RUN_REAL_DATA,True,100,100,0,0,0,1,98,0,91,0,99,99,99,1195,0.0,21.0,
6517,CURRENT_RUN_REAL_DATA,True,107,107,0,0,0,6,100,5,23,0,106,106,106,1187,0.0,30.0,
6518,CURRENT_RUN_REAL_DATA,True,109,109,0,0,0,17,91,13,31,5,108,108,108,1186,0.0,99.0,
6519,CURRENT_RUN_REAL_DATA,True,70,70,0,0,0,48,21,8,58,8,69,69,69,1186,0.0,413.0,
6520,CURRENT_RUN_REAL_DATA,True,100,100,0,0,0,0,99,0,5,0,99,99,99,1198,7.0,21.0,
6521,CURRENT_RUN_REAL_DATA,True,99,99,0,0,0,0,98,0,96,0,98,98,98,1190,9.0,20.0,
6522,CURRENT_RUN_REAL_DATA,True,100,100,0,0,0,3,96,0,59,1,99,99,99,1195,0.0,107.0,
6523,CURRENT_RUN_REAL_DATA,True,110,110,0,0,0,14,95,14,12,4,109,109,109,1190,0.0,116.0,
6524,CURRENT_RUN_REAL_DATA,True,106,106,0,0,0,58,47,7,91,11,105,105,105,1170,0.0,267.0,
6525,CURRENT_RUN_REAL_DATA,True,95,95,0,0,0,4,90,3,19,2,94,94,94,1181,0.0,120.0,
6526,CURRENT_RUN_REAL_DATA,True,99,99,0,0,0,2,96,1,16,3,98,98,98,1195,0.0,51.0,
6527,CURRENT_RUN_REAL_DATA,True,100,100,0,0,0,4,95,4,36,1,99,99,99,1168,0.0,47.0,
6528,CURRENT_RUN_REAL_DATA,True,98,98,0,0,0,0,97,0,62,0,97,97,97,1190,10.0,30.0,
6529,CURRENT_RUN_REAL_DATA,True,106,106,0,0,0,15,90,12,30,1,105,105,105,1146,0.0,136.0,
6530,CURRENT_RUN_REAL_DATA,True,99,99,0,0,0,0,98,0,85,0,98,98,98,1195,9.0,20.0,
6531,CURRENT_RUN_REAL_DATA,True,99,99,0,0,0,0,98,0,88,0,98,98,98,1188,7.0,28.0,
6532,CURRENT_RUN_REAL_DATA,True,99,99,0,0,0,0,98,0,33,0,98,98,98,1189,7.0,23.0,
6533,CURRENT_RUN_REAL_DATA,True,109,109,0,0,0,10,98,10,29,0,108,108,108,1109,0.0,22.0,
6534,CURRENT_RUN_REAL_DATA,True,100,100,0,0,0,0,99,0,61,0,99,99,99,1194,1.0,20.0,
6535,CURRENT_RUN_REAL_DATA,True,97,97,0,0,0,2,94,2,47,2,96,96,96,1186,0.0,55.0,
6536,CURRENT_RUN_REAL_DATA,True,98,98,0,0,0,0,97,0,87,0,97,97,97,1179,9.0,21.0,
6537,CURRENT_RUN_REAL_DATA,True,79,79,0,0,0,0,78,0,2,1,78,78,78,1183,1.0,270.0,
6538,CURRENT_RUN_REAL_DATA,True,99,99,0,0,0,1,97,0,80,0,98,98,98,1185,0.0,22.0,
6539,CURRENT_RUN_REAL_DATA,True,112,112,0,0,0,6,105,5,16,2,111,111,111,1190,0.0,44.0,
6540,CURRENT_RUN_REAL_DATA,True,99,99,0,0,0,0,98,0,98,0,98,98,98,1189,7.0,28.0,
6541,CURRENT_RUN_REAL_DATA,True,101,101,0,0,0,0,100,0,90,0,100,100,100,1193,1.0,21.0,
6542,CURRENT_RUN_REAL_DATA,True,109,109,0,0,0,3,105,3,8,1,108,108,108,1179,0.0,32.0,
6543,CURRENT_RUN_REAL_DATA,True,100,100,0,0,0,0,99,0,89,0,99,99,99,1187,6.0,20.0,
6544,CURRENT_RUN_REAL_DATA,True,99,99,0,0,0,0,98,0,0,0,98,98,98,1195,10.0,20.0,
6545,CURRENT_RUN_REAL_DATA,True,100,100,0,0,0,0,99,0,14,0,99,99,99,1187,7.0,28.0,
6546,CURRENT_RUN_REAL_DATA,True,92,92,0,0,0,0,91,0,61,2,91,91,91,1189,2.0,92.0,
6547,CURRENT_RUN_REAL_DATA,True,100,100,0,0,0,0,99,0,86,0,99,99,99,1192,1.0,22.0,
6548,CURRENT_RUN_REAL_DATA,True,99,99,0,0,0,0,98,0,88,0,98,98,98,1188,7.0,28.0,
6549,CURRENT_RUN_REAL_DATA,True,105,105,0,0,0,14,90,6,39,4,104,104,104,1189,0.0,41.0,
6550,CURRENT_RUN_REAL_DATA,True,103,103,0,0,0,12,90,11,19,2,102,102,102,1195,0.0,100.0,
6551,CURRENT_RUN_REAL_DATA,True,105,105,0,0,0,8,96,8,17,5,104,104,104,1194,0.0,49.0,
6552,CURRENT_RUN_REAL_DATA,True,98,98,0,0,0,0,97,0,87,0,97,97,97,1186,8.0,22.0,
6553,CURRENT_RUN_REAL_DATA,True,108,108,0,0,0,17,90,17,2,3,107,107,107,1181,0.0,197.0,
6554,CURRENT_RUN_REAL_DATA,True,102,102,0,0,0,3,98,3,22,1,101,101,101,1188,0.0,57.0,
6555,CURRENT_RUN_REAL_DATA,True,100,100,0,0,0,0,99,0,37,0,99,99,99,1191,3.0,21.0,
6556,CURRENT_RUN_REAL_DATA,True,97,97,0,0,0,2,94,2,3,1,96,96,96,1191,0.0,42.0,
6557,CURRENT_RUN_REAL_DATA,True,101,101,0,0,0,0,100,0,39,0,100,100,100,1191,1.0,20.0,
6558,CURRENT_RUN_REAL_DATA,True,103,103,0,0,0,2,100,0,6,2,102,102,102,1187,0.0,40.0,
6559,CURRENT_RUN_REAL_DATA,True,100,100,0,0,0,0,99,0,67,0,99,99,99,1193,3.0,22.0,
6560,CURRENT_RUN_REAL_DATA,True,100,100,0,0,0,0,99,0,28,0,99,99,99,1190,4.0,21.0,
6561,CURRENT_RUN_REAL_DATA,True,99,99,0,0,0,0,98,0,75,0,98,98,98,1186,1.0,21.0,
6562,CURRENT_RUN_REAL_DATA,True,101,101,0,0,0,0,100,0,90,0,100,100,100,1186,6.0,21.0,
6563,CURRENT_RUN_REAL_DATA,True,99,99,0,0,0,0,98,0,79,0,98,98,98,1194,9.0,22.0,
6564,CURRENT_RUN_REAL_DATA,True,99,99,0,0,0,0,98,0,83,0,98,98,98,1183,2.0,22.0,
6565,CURRENT_RUN_REAL_DATA,True,101,101,0,0,0,0,100,0,91,1,100,100,100,1197,1.0,31.0,
6566,CURRENT_RUN_REAL_DATA,True,101,101,0,0,0,0,100,0,59,0,100,100,100,1186,1.0,28.0,
6567,CURRENT_RUN_REAL_DATA,True,99,99,0,0,0,0,98,0,24,0,98,98,98,1184,1.0,21.0,
6568,CURRENT_RUN_REAL_DATA,True,103,103,0,0,0,3,99,0,68,1,102,102,102,1188,0.0,55.0,
6569,CURRENT_RUN_REAL_DATA,True,107,107,0,0,0,16,90,16,0,4,106,106,106,1187,0.0,95.0,
6570,CURRENT_RUN_REAL_DATA,True,125,125,0,0,0,14,110,14,6,1,124,124,124,1193,0.0,124.0,
6571,CURRENT_RUN_REAL_DATA,True,109,109,0,0,0,26,82,25,18,6,108,108,108,1193,0.0,160.0,
6572,CURRENT_RUN_REAL_DATA,True,100,100,0,0,0,1,98,1,8,1,99,99,99,1187,0.0,39.0,
6573,CURRENT_RUN_REAL_DATA,True,111,111,0,0,0,4,106,4,3,1,110,110,110,1190,0.0,40.0,
6574,CURRENT_RUN_REAL_DATA,True,56,56,0,0,0,23,32,2,48,7,55,55,55,1184,0.0,347.0,
6575,CURRENT_RUN_REAL_DATA,True,100,100,0,0,0,0,99,0,96,0,99,99,99,1191,1.0,21.0,
6576,CURRENT_RUN_REAL_DATA,True,100,100,0,0,0,3,96,0,97,1,99,99,99,1190,0.0,42.0,
6577,CURRENT_RUN_REAL_DATA,True,105,105,0,0,0,34,70,13,44,7,104,104,104,1193,0.0,179.0,
6578,CURRENT_RUN_REAL_DATA,True,103,103,0,0,0,0,102,0,30,0,102,102,102,1186,1.0,21.0,
6579,CURRENT_RUN_REAL_DATA,True,38,38,0,0,0,32,5,17,18,2,37,37,37,191,0.0,106.0,
6580,CURRENT_RUN_REAL_DATA,True,64,64,0,0,0,61,2,7,54,2,63,63,63,498,0.0,252.0,
6581,CURRENT_RUN_REAL_DATA,True,104,104,0,0,0,5,98,5,75,1,103,103,103,1188,0.0,45.0,
6582,CURRENT_RUN_REAL_DATA,True,100,100,0,0,0,0,99,0,15,0,99,99,99,1191,2.0,21.0,
6583,CURRENT_RUN_REAL_DATA,True,100,100,0,0,0,1,98,0,90,0,99,99,99,1195,0.0,21.0,
6584,CURRENT_RUN_REAL_DATA,True,100,100,0,0,0,2,97,0,89,1,99,99,99,1191,0.0,51.0,
6585,CURRENT_RUN_REAL_DATA,True,98,98,0,0,0,2,95,1,87,1,97,97,97,1185,0.0,51.0,
6586,CURRENT_RUN_REAL_DATA,True,100,100,0,0,0,1,98,0,89,0,99,99,99,1194,0.0,21.0,
6587,CURRENT_RUN_REAL_DATA,True,103,103,0,0,0,4,98,3,35,2,102,102,102,1191,0.0,33.0,
6588,CURRENT_RUN_REAL_DATA,True,101,101,0,0,0,3,97,1,70,1,100,100,100,1188,0.0,57.0,
6589,CURRENT_RUN_REAL_DATA,True,110,110,0,0,0,93,16,11,96,3,109,109,109,946,0.0,410.0,
6590,CURRENT_RUN_REAL_DATA,True,100,100,0,0,0,0,99,0,91,0,99,99,99,1189,1.0,22.0,
6591,CURRENT_RUN_REAL_DATA,True,106,106,0,0,0,4,101,3,22,1,105,105,105,1180,0.0,41.0,
6592,CURRENT_RUN_REAL_DATA,True,125,125,0,0,0,2,122,2,0,0,124,124,124,1194,0.0,25.0,
6593,CURRENT_RUN_REAL_DATA,True,95,95,0,0,0,0,94,0,53,2,94,94,94,1186,1.0,44.0,
6594,CURRENT_RUN_REAL_DATA,True,113,113,0,0,0,6,106,6,32,1,112,112,112,1186,0.0,57.0,
6595,CURRENT_RUN_REAL_DATA,True,100,100,0,0,0,0,99,0,24,3,99,99,99,1192,1.0,50.0,
6596,CURRENT_RUN_REAL_DATA,True,105,105,0,0,0,2,102,2,15,1,104,104,104,1187,0.0,43.0,
6597,CURRENT_RUN_REAL_DATA,True,56,56,0,0,0,0,55,0,34,0,55,55,55,659,4.0,20.0,
6598,CURRENT_RUN_REAL_DATA,True,98,98,0,0,0,0,97,0,87,0,97,97,97,1187,8.0,22.0,
6599,CURRENT_RUN_REAL_DATA,True,99,99,0,0,0,0,98,0,89,1,98,98,98,1188,1.0,31.0,
6600,CURRENT_RUN_REAL_DATA,True,100,100,0,0,0,0,99,0,97,0,99,99,99,1191,3.0,21.0,
6601,CURRENT_RUN_REAL_DATA,True,108,108,0,0,0,4,103,2,76,2,107,107,107,1189,0.0,37.0,
6602,CURRENT_RUN_REAL_DATA,True,100,100,0,0,0,0,99,0,89,0,99,99,99,1190,6.0,21.0,
6603,CURRENT_RUN_REAL_DATA,True,100,100,0,0,0,0,99,0,92,0,99,99,99,1191,3.0,21.0,
6604,CURRENT_RUN_REAL_DATA,True,100,100,0,0,0,18,81,9,75,5,99,99,99,1170,0.0,111.0,
6605,CURRENT_RUN_REAL_DATA,True,98,98,0,0,0,64,33,4,88,15,97,97,97,1146,0.0,148.0,
6606,CURRENT_RUN_REAL_DATA,True,99,99,0,0,0,1,97,0,88,0,98,98,98,1192,0.0,29.0,
6607,CURRENT_RUN_REAL_DATA,True,111,111,0,0,0,4,106,2,50,2,110,110,110,1195,0.0,64.0,
6608,CURRENT_RUN_REAL_DATA,True,98,98,0,0,0,78,19,61,21,3,97,97,97,640,0.0,258.0,
6609,CURRENT_RUN_REAL_DATA,True,103,103,0,0,0,8,94,8,4,3,102,102,102,1145,0.0,109.0,
6610,CURRENT_RUN_REAL_DATA,True,95,95,0,0,0,2,92,2,12,1,94,94,94,1187,0.0,94.0,
6611,CURRENT_RUN_REAL_DATA,True,100,100,0,0,0,0,99,0,97,0,99,99,99,1191,4.0,20.0,
6612,CURRENT_RUN_REAL_DATA,True,99,99,0,0,0,0,98,0,79,0,98,98,98,1195,10.0,20.0,
6613,CURRENT_RUN_REAL_DATA,True,99,99,0,0,0,0,98,0,90,0,98,98,98,1188,7.0,28.0,
6614,CURRENT_RUN_REAL_DATA,True,105,105,0,0,0,67,37,15,84,11,104,104,104,1171,0.0,172.0,
6615,CURRENT_RUN_REAL_DATA,True,99,99,0,0,0,0,98,0,88,0,98,98,98,1191,2.0,29.0,
6616,CURRENT_RUN_REAL_DATA,True,110,110,0,0,0,12,97,12,5,3,109,109,109,1189,0.0,63.0,
6617,CURRENT_RUN_REAL_DATA,True,97,97,0,0,0,3,93,1,55,2,96,96,96,1186,0.0,72.0,
6618,CURRENT_RUN_REAL_DATA,True,129,129,0,0,0,112,16,8,117,2,128,128,128,197,0.0,65.0,
6619,CURRENT_RUN_REAL_DATA,True,98,98,0,0,0,0,97,0,77,0,97,97,97,1189,1.0,30.0,
6620,CURRENT_RUN_REAL_DATA,True,99,99,0,0,0,0,98,0,88,0,98,98,98,1191,9.0,21.0,
6621,CURRENT_RUN_REAL_DATA,True,99,99,0,0,0,0,98,0,89,0,98,98,98,1190,9.0,21.0,
6622,CURRENT_RUN_REAL_DATA,True,87,87,0,0,0,41,45,6,69,10,86,86,86,1101,0.0,118.0,
6623,CURRENT_RUN_REAL_DATA,True,104,104,0,0,0,0,103,0,19,0,103,103,103,1191,2.0,30.0,
6624,CURRENT_RUN_REAL_DATA,True,116,116,0,0,0,2,113,2,51,0,115,115,115,1180,0.0,21.0,
6625,CURRENT_RUN_REAL_DATA,True,99,99,0,0,0,0,98,0,78,0,98,98,98,1190,7.0,30.0,
6626,CURRENT_RUN_REAL_DATA,True,100,100,0,0,0,0,99,0,89,0,99,99,99,1190,6.0,20.0,
6627,CURRENT_RUN_REAL_DATA,True,100,100,0,0,0,0,99,0,89,0,99,99,99,1191,4.0,21.0,
6628,CURRENT_RUN_REAL_DATA,True,100,100,0,0,0,0,99,0,56,0,99,99,99,1188,2.0,24.0,
6629,CURRENT_RUN_REAL_DATA,True,112,112,0,0,0,8,103,4,37,1,111,111,111,1188,0.0,69.0,
6630,CURRENT_RUN_REAL_DATA,True,100,100,0,0,0,0,99,0,80,0,99,99,99,1191,3.0,21.0,
6631,CURRENT_RUN_REAL_DATA,True,100,100,0,0,0,0,99,0,98,0,99,99,99,1196,1.0,22.0,
6632,CURRENT_RUN_REAL_DATA,True,101,101,0,0,0,9,91,9,6,4,100,100,100,1193,0.0,56.0,
6633,CURRENT_RUN_REAL_DATA,True,105,105,0,0,0,0,104,0,61,0,104,104,104,1180,1.0,30.0,
6634,CURRENT_RUN_REAL_DATA,True,97,97,0,0,0,0,96,0,96,0,96,96,96,1189,9.0,29.0,
6635,CURRENT_RUN_REAL_DATA,True,136,136,0,0,0,5,130,5,16,0,135,135,135,1190,0.0,23.0,
6636,CURRENT_RUN_REAL_DATA,True,99,99,0,0,0,0,98,0,88,0,98,98,98,1189,7.0,23.0,
6637,CURRENT_RUN_REAL_DATA,True,95,95,0,0,0,0,94,0,84,3,94,94,94,1189,7.0,31.0,
6638,CURRENT_RUN_REAL_DATA,True,119,119,0,0,0,4,114,4,18,3,118,118,118,1191,0.0,43.0,
6639,CURRENT_RUN_REAL_DATA,True,114,114,0,0,0,3,110,3,4,1,113,113,113,1182,0.0,31.0,
6640,CURRENT_RUN_REAL_DATA,True,100,100,0,0,0,0,99,0,73,0,99,99,99,1191,1.0,22.0,
6641,CURRENT_RUN_REAL_DATA,True,98,98,0,0,0,0,97,0,59,0,97,97,97,1186,4.0,22.0,
6642,CURRENT_RUN_REAL_DATA,True,105,105,0,0,0,6,98,4,10,3,104,104,104,1168,0.0,41.0,
6643,CURRENT_RUN_REAL_DATA,True,100,100,0,0,0,0,99,0,78,0,99,99,99,1190,2.0,30.0,
6644,CURRENT_RUN_REAL_DATA,True,100,100,0,0,0,0,99,0,97,0,99,99,99,1195,1.0,21.0,
6645,CURRENT_RUN_REAL_DATA,True,97,97,0,0,0,5,91,5,37,2,96,96,96,1189,0.0,98.0,
6646,CURRENT_RUN_REAL_DATA,True,99,99,0,0,0,0,98,0,98,0,98,98,98,1191,8.0,21.0,
6647,CURRENT_RUN_REAL_DATA,True,99,99,0,0,0,0,98,0,98,0,98,98,98,1189,8.0,28.0,
6648,CURRENT_RUN_REAL_DATA,True,97,97,0,0,0,0,96,0,96,0,96,96,96,1176,10.0,21.0,
6649,CURRENT_RUN_REAL_DATA,True,107,107,0,0,0,1,105,1,10,0,106,106,106,1186,0.0,23.0,
6650,CURRENT_RUN_REAL_DATA,True,99,99,0,0,0,0,98,0,98,0,98,98,98,1186,6.0,21.0,
6651,CURRENT_RUN_REAL_DATA,True,100,100,0,0,0,0,99,0,63,0,99,99,99,1192,5.0,21.0,
6652,CURRENT_RUN_REAL_DATA,True,98,98,0,0,0,0,97,0,91,0,97,97,97,1184,7.0,23.0,
6653,CURRENT_RUN_REAL_DATA,True,101,101,0,0,0,4,96,4,26,1,100,100,100,1188,0.0,145.0,
6654,CURRENT_RUN_REAL_DATA,True,100,100,0,0,0,0,99,0,99,0,99,99,99,1179,3.0,21.0,
6655,CURRENT_RUN_REAL_DATA,True,105,105,0,0,0,7,97,7,16,1,104,104,104,1187,0.0,86.0,
6656,CURRENT_RUN_REAL_DATA,True,100,100,0,0,0,15,84,0,99,5,99,99,99,1195,0.0,155.0,
6657,CURRENT_RUN_REAL_DATA,True,94,94,0,0,0,1,92,1,11,2,93,93,93,1181,0.0,143.0,
6658,CURRENT_RUN_REAL_DATA,True,95,95,0,0,0,0,94,0,16,1,94,94,94,1191,9.0,60.0,
6659,CURRENT_RUN_REAL_DATA,True,99,99,0,0,0,0,98,0,25,0,98,98,98,1187,7.0,20.0,
6660,CURRENT_RUN_REAL_DATA,True,112,112,0,0,0,6,105,6,11,2,111,111,111,1190,0.0,87.0,
6661,CURRENT_RUN_REAL_DATA,True,98,98,0,0,0,0,97,0,97,0,97,97,97,1186,9.0,21.0,
6662,CURRENT_RUN_REAL_DATA,True,100,100,0,0,0,0,99,0,99,0,99,99,99,1191,5.0,21.0,
6663,CURRENT_RUN_REAL_DATA,True,100,100,0,0,0,0,99,0,68,0,99,99,99,1194,1.0,21.0,
6664,CURRENT_RUN_REAL_DATA,True,113,113,0,0,0,6,106,6,45,1,112,112,112,1174,0.0,31.0,
6665,CURRENT_RUN_REAL_DATA,True,104,104,0,0,0,16,87,13,16,5,103,103,103,1185,0.0,122.0,
6666,CURRENT_RUN_REAL_DATA,True,99,99,0,0,0,0,98,0,52,0,98,98,98,1195,10.0,20.0,
6667,CURRENT_RUN_REAL_DATA,True,98,98,0,0,0,0,97,0,38,4,97,97,97,1192,1.0,40.0,
6668,CURRENT_RUN_REAL_DATA,True,94,94,0,0,0,20,73,20,0,12,93,93,93,1177,0.0,60.0,
6669,CURRENT_RUN_REAL_DATA,True,102,102,0,0,0,82,19,28,68,5,101,101,101,793,0.0,357.0,
6670,CURRENT_RUN_REAL_DATA,True,100,100,0,0,0,0,99,0,86,0,99,99,99,1190,6.0,20.0,
6671,CURRENT_RUN_REAL_DATA,True,100,100,0,0,0,0,99,0,79,0,99,99,99,1191,1.0,20.0,
6672,CURRENT_RUN_REAL_DATA,True,98,98,0,0,0,0,97,0,89,0,97,97,97,1183,8.0,22.0,
6673,CURRENT_RUN_REAL_DATA,True,98,98,0,0,0,0,97,0,64,0,97,97,97,1186,9.0,26.0,
6674,CURRENT_RUN_REAL_DATA,True,98,98,0,0,0,0,97,0,11,1,97,97,97,1193,5.0,50.0,
6675,CURRENT_RUN_REAL_DATA,True,99,99,0,0,0,0,98,0,65,0,98,98,98,1189,8.0,22.0,
6676,CURRENT_RUN_REAL_DATA,True,100,100,0,0,0,0,99,0,72,0,99,99,99,1190,3.0,20.0,
6677,CURRENT_RUN_REAL_DATA,True,113,113,0,0,0,12,100,12,3,4,112,112,112,1196,0.0,42.0,
6678,CURRENT_RUN_REAL_DATA,True,115,115,0,0,0,8,106,6,20,1,114,114,114,1193,0.0,75.0,
6679,CURRENT_RUN_REAL_DATA,True,98,98,0,0,0,0,97,0,87,0,97,97,97,1194,9.0,30.0,
6680,CURRENT_RUN_REAL_DATA,True,98,98,0,0,0,0,97,0,6,0,97,97,97,1187,8.0,28.0,
6681,CURRENT_RUN_REAL_DATA,True,105,105,0,0,0,11,93,6,61,5,104,104,104,1186,0.0,57.0,
6682,CURRENT_RUN_REAL_DATA,True,102,102,0,0,0,26,75,0,101,9,101,101,101,1130,0.0,75.0,
6683,CURRENT_RUN_REAL_DATA,True,111,111,0,0,0,35,75,0,110,9,110,110,110,1195,0.0,89.0,
6684,CURRENT_RUN_REAL_DATA,True,100,100,0,0,0,0,99,0,99,0,99,99,99,1191,4.0,21.0,
6685,CURRENT_RUN_REAL_DATA,True,91,91,0,0,0,0,90,0,31,2,90,90,90,1104,2.0,59.0,
6686,CURRENT_RUN_REAL_DATA,True,102,102,0,0,0,0,101,0,61,0,101,101,101,1191,1.0,21.0,
6687,CURRENT_RUN_REAL_DATA,True,107,107,0,0,0,1,105,1,28,0,106,106,106,1189,0.0,30.0,
6688,CURRENT_RUN_REAL_DATA,True,99,99,0,0,0,0,98,0,98,0,98,98,98,1194,1.0,23.0,
6689,CURRENT_RUN_REAL_DATA,True,97,97,0,0,0,3,93,3,40,0,96,96,96,1105,0.0,23.0,
6690,CURRENT_RUN_REAL_DATA,True,111,111,0,0,0,4,106,3,14,1,110,110,110,1179,0.0,62.0,
6691,CURRENT_RUN_REAL_DATA,True,91,91,0,0,0,0,90,0,86,0,90,90,90,1104,9.0,21.0,
6692,CURRENT_RUN_REAL_DATA,True,101,101,0,0,0,1,99,0,21,0,100,100,100,1187,0.0,28.0,
6693,CURRENT_RUN_REAL_DATA,True,99,99,0,0,0,0,98,0,74,0,98,98,98,1192,3.0,30.0,
6694,CURRENT_RUN_REAL_DATA,True,99,99,0,0,0,0,98,0,98,0,98,98,98,1179,4.0,23.0,
6695,CURRENT_RUN_REAL_DATA,True,110,110,0,0,0,1,108,1,20,0,109,109,109,1183,0.0,29.0,
6696,CURRENT_RUN_REAL_DATA,True,100,100,0,0,0,0,99,0,90,0,99,99,99,1193,2.0,20.0,
6697,CURRENT_RUN_REAL_DATA,True,100,100,0,0,0,0,99,0,83,0,99,99,99,1192,2.0,21.0,
6698,CURRENT_RUN_REAL_DATA,True,101,101,0,0,0,5,95,3,82,1,100,100,100,1188,0.0,71.0,
6699,CURRENT_RUN_REAL_DATA,True,132,132,0,0,0,39,92,22,67,0,131,131,131,1084,0.0,20.0,
6700,CURRENT_RUN_REAL_DATA,True,100,100,0,0,0,0,99,0,60,0,99,99,99,1189,1.0,22.0,
6701,CURRENT_RUN_REAL_DATA,True,108,108,0,0,0,24,83,4,57,4,107,107,107,1181,0.0,137.0,
6702,CURRENT_RUN_REAL_DATA,True,112,112,0,0,0,0,111,0,15,2,111,111,111,1195,1.0,98.0,
6703,CURRENT_RUN_REAL_DATA,True,99,99,0,0,0,0,98,0,88,0,98,98,98,1187,1.0,21.0,
6704,CURRENT_RUN_REAL_DATA,True,100,100,0,0,0,5,94,1,89,1,99,99,99,1189,0.0,74.0,
6705,CURRENT_RUN_REAL_DATA,True,96,96,0,0,0,5,90,3,50,2,95,95,95,1168,0.0,86.0,
6706,CURRENT_RUN_REAL_DATA,True,103,103,0,0,0,0,102,0,50,0,102,102,102,1191,1.0,30.0,
6707,CURRENT_RUN_REAL_DATA,True,119,119,0,0,0,7,111,7,18,0,118,118,118,1189,0.0,27.0,
6708,CURRENT_RUN_REAL_DATA,True,99,99,0,0,0,1,97,0,98,0,98,98,98,1186,0.0,21.0,
6709,CURRENT_RUN_REAL_DATA,True,107,107,0,0,0,0,106,0,40,0,106,106,106,1193,1.0,23.0,
6710,CURRENT_RUN_REAL_DATA,True,101,101,0,0,0,0,100,0,72,0,100,100,100,1195,1.0,21.0,
6711,CURRENT_RUN_REAL_DATA,True,98,98,0,0,0,0,97,0,88,0,97,97,97,1195,6.0,30.0,
6712,CURRENT_RUN_REAL_DATA,True,45,45,0,0,0,40,4,3,40,3,44,44,44,555,0.0,219.0,
6713,CURRENT_RUN_REAL_DATA,True,130,130,0,0,0,7,122,7,2,0,129,129,129,1191,0.0,23.0,
6714,CURRENT_RUN_REAL_DATA,True,98,98,0,0,0,0,97,0,71,0,97,97,97,1193,9.0,30.0,
6715,CURRENT_RUN_REAL_DATA,True,99,99,0,0,0,0,98,0,81,0,98,98,98,1187,6.0,27.0,
6716,CURRENT_RUN_REAL_DATA,True,100,100,0,0,0,0,99,0,99,0,99,99,99,1194,1.0,21.0,
6717,CURRENT_RUN_REAL_DATA,True,97,97,0,0,0,1,95,0,93,1,96,96,96,1195,0.0,50.0,
6718,CURRENT_RUN_REAL_DATA,True,99,99,0,0,0,0,98,0,35,0,98,98,98,1192,10.0,20.0,
6719,CURRENT_RUN_REAL_DATA,True,111,111,0,0,0,7,103,7,35,1,110,110,110,1192,0.0,65.0,
6720,CURRENT_RUN_REAL_DATA,True,100,100,0,0,0,0,99,0,99,0,99,99,99,1191,4.0,21.0,
6721,CURRENT_RUN_REAL_DATA,True,94,94,0,0,0,16,77,0,93,6,93,93,93,1195,0.0,122.0,
6722,CURRENT_RUN_REAL_DATA,True,100,100,0,0,0,0,99,0,83,0,99,99,99,1193,2.0,22.0,
6723,CURRENT_RUN_REAL_DATA,True,100,100,0,0,0,0,99,0,99,0,99,99,99,1192,4.0,21.0,
6724,CURRENT_RUN_REAL_DATA,True,103,103,0,0,0,0,102,0,41,0,102,102,102,1188,1.0,30.0,
6725,CURRENT_RUN_REAL_DATA,True,106,106,0,0,0,0,105,0,19,0,105,105,105,1196,1.0,30.0,
6726,CURRENT_RUN_REAL_DATA,True,115,115,0,0,0,4,110,4,22,0,114,114,114,1195,0.0,27.0,
6727,CURRENT_RUN_REAL_DATA,True,97,97,0,0,0,0,96,0,87,0,96,96,96,1185,7.0,30.0,
6728,CURRENT_RUN_REAL_DATA,True,102,102,0,0,0,5,96,5,79,0,101,101,101,1134,0.0,29.0,
6729,CURRENT_RUN_REAL_DATA,True,85,85,0,0,0,6,78,4,26,2,84,84,84,934,0.0,63.0,
6730,CURRENT_RUN_REAL_DATA,True,100,100,0,0,0,0,99,0,75,0,99,99,99,1191,4.0,21.0,
6731,CURRENT_RUN_REAL_DATA,True,100,100,0,0,0,0,99,0,91,0,99,99,99,1191,2.0,21.0,
6732,CURRENT_RUN_REAL_DATA,True,100,100,0,0,0,0,99,0,50,0,99,99,99,1194,1.0,20.0,
6733,CURRENT_RUN_REAL_DATA,True,98,98,0,0,0,0,97,0,91,0,97,97,97,1182,9.0,21.0,
6734,CURRENT_RUN_REAL_DATA,True,96,96,0,0,0,26,69,17,29,4,95,95,95,1004,0.0,110.0,
6735,CURRENT_RUN_REAL_DATA,True,70,70,0,0,0,65,4,0,69,1,69,69,69,92,0.0,56.0,
6736,CURRENT_RUN_REAL_DATA,True,100,100,0,0,0,0,99,0,90,0,99,99,99,1191,3.0,21.0,
6737,CURRENT_RUN_REAL_DATA,True,96,96,0,0,0,2,93,2,41,2,95,95,95,1189,0.0,86.0,
6738,CURRENT_RUN_REAL_DATA,True,99,99,0,0,0,0,98,0,94,0,98,98,98,1179,4.0,20.0,
6739,CURRENT_RUN_REAL_DATA,True,101,101,0,0,0,0,100,0,74,0,100,100,100,1191,6.0,21.0,
6740,CURRENT_RUN_REAL_DATA,True,97,97,0,0,0,0,96,0,86,0,96,96,96,1186,10.0,30.0,
6741,CURRENT_RUN_REAL_DATA,True,96,96,0,0,0,3,92,3,20,2,95,95,95,1195,0.0,75.0,
6742,CURRENT_RUN_REAL_DATA,True,112,112,0,0,0,3,108,3,3,2,111,111,111,1192,0.0,44.0,
6743,CURRENT_RUN_REAL_DATA,True,85,85,0,0,0,13,71,2,68,3,84,84,84,960,0.0,87.0,
6744,CURRENT_RUN_REAL_DATA,True,113,113,0,0,0,30,82,22,39,3,112,112,112,1191,0.0,138.0,
6745,CURRENT_RUN_REAL_DATA,True,100,100,0,0,0,2,97,0,61,1,99,99,99,1192,0.0,71.0,
6746,CURRENT_RUN_REAL_DATA,True,98,98,0,0,0,0,97,0,19,0,97,97,97,1185,3.0,21.0,
6747,CURRENT_RUN_REAL_DATA,True,101,101,0,0,0,3,97,1,90,1,100,100,100,1191,0.0,46.0,
6748,CURRENT_RUN_REAL_DATA,True,106,106,0,0,0,4,101,4,4,2,105,105,105,1144,0.0,45.0,
6749,CURRENT_RUN_REAL_DATA,True,101,101,0,0,0,8,92,6,20,3,100,100,100,1186,0.0,85.0,
6750,CURRENT_RUN_REAL_DATA,True,98,98,0,0,0,2,95,0,31,1,97,97,97,1186,0.0,52.0,
6751,CURRENT_RUN_REAL_DATA,True,111,111,0,0,0,5,105,5,0,1,110,110,110,1188,0.0,108.0,
6752,CURRENT_RUN_REAL_DATA,True,142,142,0,0,0,74,67,41,43,3,141,141,141,808,0.0,51.0,
6753,CURRENT_RUN_REAL_DATA,True,105,105,0,0,0,3,101,0,67,2,104,104,104,1192,0.0,38.0,
6754,CURRENT_RUN_REAL_DATA,True,99,99,0,0,0,0,98,0,2,0,98,98,98,1189,4.0,25.0,
6755,CURRENT_RUN_REAL_DATA,True,98,98,0,0,0,0,97,0,77,0,97,97,97,1187,10.0,27.0,
6756,CURRENT_RUN_REAL_DATA,True,100,100,0,0,0,0,99,0,86,0,99,99,99,1191,3.0,20.0,
6757,CURRENT_RUN_REAL_DATA,True,55,55,0,0,0,21,33,4,43,6,54,54,54,654,0.0,96.0,
6758,CURRENT_RUN_REAL_DATA,True,98,98,0,0,0,0,97,0,79,0,97,97,97,1189,9.0,30.0,
6759,CURRENT_RUN_REAL_DATA,True,98,98,0,0,0,0,97,0,45,1,97,97,97,1186,1.0,66.0,
6760,CURRENT_RUN_REAL_DATA,True,132,132,0,0,0,38,93,31,30,5,131,131,131,1188,0.0,145.0,
6761,CURRENT_RUN_REAL_DATA,True,98,98,0,0,0,0,97,0,88,0,97,97,97,1186,9.0,21.0,
6762,CURRENT_RUN_REAL_DATA,True,96,96,0,0,0,0,95,0,22,1,95,95,95,1195,2.0,37.0,
6763,CURRENT_RUN_REAL_DATA,True,72,72,0,0,0,47,24,11,56,6,71,71,71,1136,0.0,327.0,
6764,CURRENT_RUN_REAL_DATA,True,99,99,0,0,0,1,97,1,0,1,98,98,98,1190,0.0,41.0,
6765,CURRENT_RUN_REAL_DATA,True,100,100,0,0,0,0,99,0,73,0,99,99,99,1191,5.0,21.0,
6766,CURRENT_RUN_REAL_DATA,True,109,109,0,0,0,64,44,15,87,11,108,108,108,1064,0.0,135.0,
6767,CURRENT_RUN_REAL_DATA,True,103,103,0,0,0,4,98,1,78,0,102,102,102,1154,0.0,21.0,
6768,CURRENT_RUN_REAL_DATA,True,105,105,0,0,0,1,103,0,11,1,104,104,104,1179,0.0,93.0,
6769,CURRENT_RUN_REAL_DATA,True,108,108,0,0,0,12,95,7,78,0,107,107,107,1152,0.0,30.0,
6770,CURRENT_RUN_REAL_DATA,True,105,105,0,0,0,16,88,11,61,2,104,104,104,1183,0.0,149.0,
6771,CURRENT_RUN_REAL_DATA,True,99,99,0,0,0,0,98,0,79,0,98,98,98,1190,7.0,30.0,
6772,CURRENT_RUN_REAL_DATA,True,68,68,0,0,0,2,65,2,0,5,67,67,67,1109,0.0,204.0,
6773,CURRENT_RUN_REAL_DATA,True,100,100,0,0,0,0,99,0,99,0,99,99,99,1193,3.0,21.0,
6774,CURRENT_RUN_REAL_DATA,True,109,109,0,0,0,1,107,1,4,0,108,108,108,1194,0.0,25.0,
6775,CURRENT_RUN_REAL_DATA,True,133,133,0,0,0,89,43,68,40,0,132,132,132,462,0.0,23.0,
6776,CURRENT_RUN_REAL_DATA,True,105,105,0,0,0,1,103,1,1,2,104,104,104,1188,0.0,40.0,
6777,CURRENT_RUN_REAL_DATA,True,99,99,0,0,0,0,98,0,79,0,98,98,98,1190,9.0,20.0,
6778,CURRENT_RUN_REAL_DATA,True,146,146,0,0,0,33,112,32,22,1,145,145,145,1190,0.0,277.0,
6779,CURRENT_RUN_REAL_DATA,True,120,120,0,0,0,5,114,4,18,1,119,119,119,1190,0.0,43.0,
6780,CURRENT_RUN_REAL_DATA,True,100,100,0,0,0,0,99,0,6,0,99,99,99,1190,3.0,20.0,
6781,CURRENT_RUN_REAL_DATA,True,100,100,0,0,0,1,98,1,25,2,99,99,99,1186,0.0,60.0,
6782,CURRENT_RUN_REAL_DATA,True,95,95,0,0,0,1,93,1,11,2,94,94,94,1195,0.0,76.0,
6783,CURRENT_RUN_REAL_DATA,True,100,100,0,0,0,1,98,0,80,0,99,99,99,1189,0.0,23.0,
6784,CURRENT_RUN_REAL_DATA,True,109,109,0,0,0,15,93,11,6,2,108,108,108,1196,0.0,172.0,
6785,CURRENT_RUN_REAL_DATA,True,100,100,0,0,0,0,99,0,80,0,99,99,99,1191,2.0,21.0,
6786,CURRENT_RUN_REAL_DATA,True,100,100,0,0,0,0,99,0,90,0,99,99,99,1189,1.0,26.0,
6787,CURRENT_RUN_REAL_DATA,True,100,100,0,0,0,59,40,11,79,7,99,99,99,1175,0.0,358.0,
6788,CURRENT_RUN_REAL_DATA,True,100,100,0,0,0,0,99,0,46,1,99,99,99,1195,2.0,31.0,
6789,CURRENT_RUN_REAL_DATA,True,103,103,0,0,0,0,102,0,51,0,102,102,102,1190,1.0,22.0,
6790,CURRENT_RUN_REAL_DATA,True,100,100,0,0,0,0,99,0,89,0,99,99,99,1190,4.0,21.0,
6791,CURRENT_RUN_REAL_DATA,True,100,100,0,0,0,0,99,0,79,0,99,99,99,1191,3.0,20.0,
6792,CURRENT_RUN_REAL_DATA,True,102,102,0,0,0,0,101,0,74,0,101,101,101,1186,1.0,30.0,
6793,CURRENT_RUN_REAL_DATA,True,99,99,0,0,0,0,98,0,78,0,98,98,98,1191,2.0,29.0,
6794,CURRENT_RUN_REAL_DATA,True,143,143,0,0,0,10,132,9,20,0,142,142,142,1186,0.0,29.0,
6795,CURRENT_RUN_REAL_DATA,True,98,98,0,0,0,2,95,0,90,1,97,97,97,1195,0.0,65.0,
6796,CURRENT_RUN_REAL_DATA,True,97,97,0,0,0,0,96,0,0,0,96,96,96,1182,8.0,23.0,
6797,CURRENT_RUN_REAL_DATA,True,100,100,0,0,0,2,97,2,34,1,99,99,99,1186,0.0,34.0,
6798,CURRENT_RUN_REAL_DATA,True,104,104,0,0,0,0,103,0,97,0,103,103,103,1187,6.0,27.0,
6799,CURRENT_RUN_REAL_DATA,True,58,58,0,0,0,1,56,0,18,1,57,57,57,1195,0.0,588.0,
6800,CURRENT_RUN_REAL_DATA,True,100,100,0,0,0,0,99,0,92,0,99,99,99,1191,1.0,20.0,
6801,CURRENT_RUN_REAL_DATA,True,97,97,0,0,0,14,82,14,1,5,96,96,96,1154,0.0,167.0,
6802,CURRENT_RUN_REAL_DATA,True,100,100,0,0,0,0,99,0,1,0,99,99,99,1191,5.0,20.0,
6803,CURRENT_RUN_REAL_DATA,True,100,100,0,0,0,1,98,1,89,0,99,99,99,1180,0.0,27.0,
6804,CURRENT_RUN_REAL_DATA,True,111,111,0,0,0,0,110,0,10,0,110,110,110,1186,1.0,29.0,
6805,CURRENT_RUN_REAL_DATA,True,115,115,0,0,0,3,111,1,32,1,114,114,114,1186,0.0,41.0,
6806,CURRENT_RUN_REAL_DATA,True,113,113,0,0,0,10,102,9,16,1,112,112,112,1183,0.0,65.0,
6807,CURRENT_RUN_REAL_DATA,True,100,100,0,0,0,1,98,0,87,0,99,99,99,1190,0.0,21.0,
6808,CURRENT_RUN_REAL_DATA,True,99,99,0,0,0,0,98,0,94,0,98,98,98,1189,6.0,22.0,
6809,CURRENT_RUN_REAL_DATA,True,99,99,0,0,0,0,98,0,51,0,98,98,98,1195,9.0,21.0,
6810,CURRENT_RUN_REAL_DATA,True,106,106,0,0,0,18,87,18,9,1,105,105,105,1189,0.0,475.0,
6811,CURRENT_RUN_REAL_DATA,True,98,98,0,0,0,4,93,4,25,2,97,97,97,1191,0.0,136.0,
6812,CURRENT_RUN_REAL_DATA,True,103,103,0,0,0,0,102,0,34,0,102,102,102,1194,1.0,22.0,
6813,CURRENT_RUN_REAL_DATA,True,111,111,0,0,0,9,101,2,23,4,110,110,110,1195,0.0,54.0,
6814,CURRENT_RUN_REAL_DATA,True,103,103,0,0,0,4,98,4,19,2,102,102,102,1175,0.0,50.0,
6815,CURRENT_RUN_REAL_DATA,True,99,99,0,0,0,0,98,0,96,0,98,98,98,1189,9.0,21.0,
6816,CURRENT_RUN_REAL_DATA,True,100,100,0,0,0,0,99,0,79,0,99,99,99,1191,4.0,21.0,
6817,CURRENT_RUN_REAL_DATA,True,110,110,0,0,0,18,91,18,9,3,109,109,109,1165,0.0,152.0,
6818,CURRENT_RUN_REAL_DATA,True,100,100,0,0,0,0,99,0,89,0,99,99,99,1192,4.0,22.0,
6819,CURRENT_RUN_REAL_DATA,True,120,120,0,0,0,1,118,1,0,0,119,119,119,1189,0.0,21.0,
6820,CURRENT_RUN_REAL_DATA,True,99,99,0,0,0,0,98,0,76,0,98,98,98,1189,8.0,22.0,
6821,CURRENT_RUN_REAL_DATA,True,97,97,0,0,0,0,96,0,88,0,96,96,96,1186,9.0,28.0,
6822,CURRENT_RUN_REAL_DATA,True,98,98,0,0,0,0,97,0,79,0,97,97,97,1180,5.0,25.0,
6823,CURRENT_RUN_REAL_DATA,True,100,100,0,0,0,0,99,0,94,0,99,99,99,1192,2.0,21.0,
6824,CURRENT_RUN_REAL_DATA,True,100,100,0,0,0,0,99,0,89,0,99,99,99,1194,2.0,21.0,
6825,CURRENT_RUN_REAL_DATA,True,108,108,0,0,0,0,107,0,25,1,107,107,107,1197,1.0,37.0,
6826,CURRENT_RUN_REAL_DATA,True,119,119,0,0,0,8,110,8,1,1,118,118,118,1192,0.0,34.0,
6827,CURRENT_RUN_REAL_DATA,True,100,100,0,0,0,0,99,0,91,0,99,99,99,1191,3.0,21.0,
6828,CURRENT_RUN_REAL_DATA,True,117,117,0,0,0,13,103,13,1,3,116,116,116,1195,0.0,48.0,
6829,CURRENT_RUN_REAL_DATA,True,123,123,0,0,0,16,106,13,20,1,122,122,122,1193,0.0,37.0,
6830,CURRENT_RUN_REAL_DATA,True,97,97,0,0,0,2,94,2,17,0,96,96,96,1069,0.0,26.0,
6831,CURRENT_RUN_REAL_DATA,True,95,95,0,0,0,6,88,6,0,3,94,94,94,1195,0.0,131.0,
6832,CURRENT_RUN_REAL_DATA,True,112,112,0,0,0,5,106,3,16,2,111,111,111,1185,0.0,40.0,
6833,CURRENT_RUN_REAL_DATA,True,99,99,0,0,0,0,98,0,89,0,98,98,98,1195,9.0,21.0,
6834,CURRENT_RUN_REAL_DATA,True,122,122,0,0,0,3,118,2,21,1,121,121,121,1190,0.0,35.0,
6835,CURRENT_RUN_REAL_DATA,True,98,98,0,0,0,0,97,0,87,0,97,97,97,1179,10.0,20.0,
6836,CURRENT_RUN_REAL_DATA,True,99,99,0,0,0,0,98,0,89,0,98,98,98,1180,5.0,20.0,
6837,CURRENT_RUN_REAL_DATA,True,100,100,0,0,0,0,99,0,79,0,99,99,99,1190,6.0,20.0,
6838,CURRENT_RUN_REAL_DATA,True,101,101,0,0,0,2,98,2,56,0,100,100,100,1188,0.0,30.0,
6839,CURRENT_RUN_REAL_DATA,True,98,98,0,0,0,0,97,0,90,0,97,97,97,1182,8.0,22.0,
6840,CURRENT_RUN_REAL_DATA,True,101,101,0,0,0,1,99,0,90,1,100,100,100,1189,0.0,31.0,
6841,CURRENT_RUN_REAL_DATA,True,105,105,0,0,0,13,91,11,34,2,104,104,104,1193,0.0,87.0,
6842,CURRENT_RUN_REAL_DATA,True,91,91,0,0,0,32,58,31,14,3,90,90,90,1182,0.0,436.0,
6843,CURRENT_RUN_REAL_DATA,True,99,99,0,0,0,0,98,0,89,0,98,98,98,1195,8.0,22.0,
6844,CURRENT_RUN_REAL_DATA,True,109,109,0,0,0,7,101,6,19,1,108,108,108,1187,0.0,81.0,
6845,CURRENT_RUN_REAL_DATA,True,132,132,0,0,0,19,112,19,0,1,131,131,131,1184,0.0,46.0,
6846,CURRENT_RUN_REAL_DATA,True,125,125,0,0,0,52,72,39,31,2,124,124,124,1191,0.0,408.0,
6847,CURRENT_RUN_REAL_DATA,True,99,99,0,0,0,1,97,1,56,0,98,98,98,1194,0.0,30.0,
6848,CURRENT_RUN_REAL_DATA,True,94,94,0,0,0,0,93,0,84,1,93,93,93,1190,7.0,31.0,
6849,CURRENT_RUN_REAL_DATA,True,105,105,0,0,0,2,102,2,31,1,104,104,104,1193,0.0,39.0,
6850,CURRENT_RUN_REAL_DATA,True,93,93,0,0,0,1,91,0,77,2,92,92,92,1178,0.0,66.0,
6851,CURRENT_RUN_REAL_DATA,True,98,98,0,0,0,0,97,0,80,0,97,97,97,1184,8.0,22.0,
6852,CURRENT_RUN_REAL_DATA,True,100,100,0,0,0,0,99,0,89,0,99,99,99,1191,3.0,21.0,
6853,CURRENT_RUN_REAL_DATA,True,100,100,0,0,0,0,99,0,89,0,99,99,99,1190,5.0,20.0,
6854,CURRENT_RUN_REAL_DATA,True,98,98,0,0,0,0,97,0,46,0,97,97,97,1186,9.0,21.0,
6855,CURRENT_RUN_REAL_DATA,True,99,99,0,0,0,0,98,0,88,0,98,98,98,1190,9.0,20.0,
6856,CURRENT_RUN_REAL_DATA,True,107,107,0,0,0,3,103,3,0,1,106,106,106,1195,0.0,68.0,
6857,CURRENT_RUN_REAL_DATA,True,103,103,0,0,0,0,102,0,48,0,102,102,102,1198,2.0,22.0,
6858,CURRENT_RUN_REAL_DATA,True,92,92,0,0,0,25,66,12,28,3,91,91,91,1189,0.0,238.0,
6859,CURRENT_RUN_REAL_DATA,True,99,99,0,0,0,0,98,0,90,0,98,98,98,1190,8.0,30.0,
6860,CURRENT_RUN_REAL_DATA,True,106,106,0,0,0,11,94,7,24,4,105,105,105,1190,0.0,34.0,
6861,CURRENT_RUN_REAL_DATA,True,98,98,0,0,0,0,97,0,77,0,97,97,97,1181,8.0,22.0,
6862,CURRENT_RUN_REAL_DATA,True,68,68,0,0,0,1,66,1,5,0,67,67,67,792,0.0,29.0,
6863,CURRENT_RUN_REAL_DATA,True,100,100,0,0,0,0,99,0,89,0,99,99,99,1190,4.0,21.0,
6864,CURRENT_RUN_REAL_DATA,True,99,99,0,0,0,0,98,0,78,0,98,98,98,1193,4.0,30.0,
6865,CURRENT_RUN_REAL_DATA,True,98,98,0,0,0,0,97,0,78,0,97,97,97,1190,10.0,29.0,
6866,CURRENT_RUN_REAL_DATA,True,101,101,0,0,0,20,80,2,87,6,100,100,100,1123,0.0,83.0,
6867,CURRENT_RUN_REAL_DATA,True,99,99,0,0,0,0,98,0,88,1,98,98,98,1191,6.0,31.0,
6868,CURRENT_RUN_REAL_DATA,True,100,100,0,0,0,0,99,0,92,0,99,99,99,1191,1.0,21.0,
6869,CURRENT_RUN_REAL_DATA,True,115,115,0,0,0,25,89,19,11,6,114,114,114,1188,0.0,176.0,
6870,CURRENT_RUN_REAL_DATA,True,100,100,0,0,0,0,99,0,79,0,99,99,99,1193,2.0,20.0,
6871,CURRENT_RUN_REAL_DATA,True,100,100,0,0,0,0,99,0,0,0,99,99,99,1190,5.0,20.0,
6872,CURRENT_RUN_REAL_DATA,True,99,99,0,0,0,1,97,1,78,0,98,98,98,1186,0.0,22.0,
6873,CURRENT_RUN_REAL_DATA,True,99,99,0,0,0,3,95,1,20,4,98,98,98,1186,0.0,50.0,
6874,CURRENT_RUN_REAL_DATA,True,102,102,0,0,0,21,80,6,90,7,101,101,101,1149,0.0,98.0,
6875,CURRENT_RUN_REAL_DATA,True,103,103,0,0,0,0,102,0,65,0,102,102,102,1191,1.0,21.0,
6876,CURRENT_RUN_REAL_DATA,True,29,29,0,0,0,2,26,2,0,1,28,28,28,285,0.0,33.0,
6877,CURRENT_RUN_REAL_DATA,True,98,98,0,0,0,0,97,0,76,0,97,97,97,1190,9.0,28.0,
6878,CURRENT_RUN_REAL_DATA,True,105,105,0,0,0,0,104,0,50,0,104,104,104,1186,1.0,30.0,
6879,CURRENT_RUN_REAL_DATA,True,100,100,0,0,0,0,99,0,90,0,99,99,99,1191,3.0,21.0,
6880,CURRENT_RUN_REAL_DATA,True,99,99,0,0,0,0,98,0,69,0,98,98,98,1186,3.0,30.0,
6881,CURRENT_RUN_REAL_DATA,True,100,100,0,0,0,0,99,0,79,0,99,99,99,1189,1.0,22.0,
6882,CURRENT_RUN_REAL_DATA,True,107,107,0,0,0,2,104,2,18,0,106,106,106,1186,0.0,28.0,
6883,CURRENT_RUN_REAL_DATA,True,104,104,0,0,0,11,92,10,14,3,103,103,103,1184,0.0,81.0,
6884,CURRENT_RUN_REAL_DATA,True,104,104,0,0,0,1,102,1,25,1,103,103,103,1193,0.0,31.0,
6885,CURRENT_RUN_REAL_DATA,True,99,99,0,0,0,0,98,0,78,0,98,98,98,1195,9.0,21.0,
6886,CURRENT_RUN_REAL_DATA,True,115,115,0,0,0,4,110,4,0,1,114,114,114,1195,0.0,31.0,
6887,CURRENT_RUN_REAL_DATA,True,98,98,0,0,0,3,94,1,70,1,97,97,97,1192,0.0,104.0,
6888,CURRENT_RUN_REAL_DATA,True,101,101,0,0,0,3,97,1,78,1,100,100,100,1192,0.0,49.0,
6889,CURRENT_RUN_REAL_DATA,True,114,114,0,0,0,3,110,3,0,1,113,113,113,1193,0.0,35.0,
6890,CURRENT_RUN_REAL_DATA,True,112,112,0,0,0,1,110,1,0,0,111,111,111,1190,0.0,30.0,
6891,CURRENT_RUN_REAL_DATA,True,110,110,0,0,0,1,108,0,24,0,109,109,109,1191,0.0,25.0,
6892,CURRENT_RUN_REAL_DATA,True,99,99,0,0,0,0,98,0,78,0,98,98,98,1195,9.0,21.0,
6893,CURRENT_RUN_REAL_DATA,True,108,108,0,0,0,11,96,10,14,3,107,107,107,1195,0.0,99.0,
6894,CURRENT_RUN_REAL_DATA,True,127,127,0,0,0,40,86,40,0,1,126,126,126,974,0.0,37.0,
6895,CURRENT_RUN_REAL_DATA,True,102,102,0,0,0,37,64,6,90,14,101,101,101,1191,0.0,83.0,
6896,CURRENT_RUN_REAL_DATA,True,102,102,0,0,0,0,101,0,60,0,101,101,101,1189,2.0,21.0,
6897,CURRENT_RUN_REAL_DATA,True,90,90,0,0,0,27,62,20,37,1,89,89,89,1187,0.0,520.0,
6898,CURRENT_RUN_REAL_DATA,True,98,98,0,0,0,0,97,0,79,0,97,97,97,1189,3.0,28.0,
6899,CURRENT_RUN_REAL_DATA,True,98,98,0,0,0,3,94,3,51,1,97,97,97,1175,0.0,94.0,
6900,CURRENT_RUN_REAL_DATA,True,98,98,0,0,0,1,96,1,27,2,97,97,97,1183,0.0,60.0,
6901,CURRENT_RUN_REAL_DATA,True,98,98,0,0,0,0,97,0,91,0,97,97,97,1185,7.0,29.0,
6902,CURRENT_RUN_REAL_DATA,True,111,111,0,0,0,1,109,1,28,0,110,110,110,1189,0.0,23.0,
6903,CURRENT_RUN_REAL_DATA,True,103,103,0,0,0,1,101,0,14,1,102,102,102,1188,0.0,139.0,
6904,CURRENT_RUN_REAL_DATA,True,97,97,0,0,0,0,96,0,77,0,96,96,96,1186,10.0,30.0,
6905,CURRENT_RUN_REAL_DATA,True,100,100,0,0,0,0,99,0,90,0,99,99,99,1190,5.0,21.0,
6906,CURRENT_RUN_REAL_DATA,True,131,131,0,0,0,2,128,2,42,0,130,130,130,1197,0.0,24.0,
6907,CURRENT_RUN_REAL_DATA,True,120,120,0,0,0,1,118,1,13,1,119,119,119,1190,0.0,32.0,
6908,CURRENT_RUN_REAL_DATA,True,100,100,0,0,0,0,99,0,89,0,99,99,99,1193,1.0,21.0,
6909,CURRENT_RUN_REAL_DATA,True,100,100,0,0,0,1,98,0,90,0,99,99,99,1195,0.0,22.0,
6910,CURRENT_RUN_REAL_DATA,True,101,101,0,0,0,1,99,0,90,0,100,100,100,1189,0.0,23.0,
6911,CURRENT_RUN_REAL_DATA,True,100,100,0,0,0,0,99,0,90,0,99,99,99,1194,3.0,22.0,
6912,CURRENT_RUN_REAL_DATA,True,100,100,0,0,0,0,99,0,80,0,99,99,99,1191,4.0,20.0,
6913,CURRENT_RUN_REAL_DATA,True,106,106,0,0,0,0,105,0,21,0,105,105,105,1188,1.0,20.0,
6914,CURRENT_RUN_REAL_DATA,True,99,99,0,0,0,0,98,0,78,0,98,98,98,1184,1.0,21.0,
6915,CURRENT_RUN_REAL_DATA,True,97,97,0,0,0,0,96,0,96,0,96,96,96,1191,9.0,22.0,
6916,CURRENT_RUN_REAL_DATA,True,99,99,0,0,0,0,98,0,78,0,98,98,98,1189,8.0,21.0,
6917,CURRENT_RUN_REAL_DATA,True,98,98,0,0,0,0,97,0,15,0,97,97,97,1189,9.0,28.0,
6918,CURRENT_RUN_REAL_DATA,True,101,101,0,0,0,0,100,0,63,0,100,100,100,1191,6.0,21.0,
6919,CURRENT_RUN_REAL_DATA,True,100,100,0,0,0,0,99,0,2,0,99,99,99,1191,5.0,21.0,
6920,CURRENT_RUN_REAL_DATA,True,97,97,0,0,0,2,94,2,22,1,96,96,96,1110,0.0,104.0,
6921,CURRENT_RUN_REAL_DATA,True,99,99,0,0,0,0,98,0,78,0,98,98,98,1190,8.0,22.0,
6922,CURRENT_RUN_REAL_DATA,True,98,98,0,0,0,0,97,0,87,0,97,97,97,1186,8.0,22.0,
6923,CURRENT_RUN_REAL_DATA,True,124,124,0,0,0,0,123,0,19,0,123,123,123,1192,1.0,20.0,
6924,CURRENT_RUN_REAL_DATA,True,96,96,0,0,0,0,95,0,93,1,95,95,95,1185,9.0,40.0,
6925,CURRENT_RUN_REAL_DATA,True,95,95,0,0,0,1,93,0,77,2,94,94,94,1192,0.0,62.0,
6926,CURRENT_RUN_REAL_DATA,True,100,100,0,0,0,0,99,0,85,0,99,99,99,1190,5.0,20.0,
6927,CURRENT_RUN_REAL_DATA,True,100,100,0,0,0,0,99,0,92,0,99,99,99,1191,1.0,21.0,
6928,CURRENT_RUN_REAL_DATA,True,96,96,0,0,0,3,92,3,9,2,95,95,95,1194,0.0,120.0,
6929,CURRENT_RUN_REAL_DATA,True,108,108,0,0,0,1,106,1,11,2,107,107,107,1180,0.0,87.0,
6930,CURRENT_RUN_REAL_DATA,True,98,98,0,0,0,0,97,0,3,1,97,97,97,1191,2.0,90.0,
6931,CURRENT_RUN_REAL_DATA,True,110,110,0,0,0,0,109,0,49,0,109,109,109,1187,1.0,28.0,
6932,CURRENT_RUN_REAL_DATA,True,103,103,0,0,0,4,98,4,9,1,102,102,102,1186,0.0,59.0,
6933,CURRENT_RUN_REAL_DATA,True,116,116,0,0,0,0,115,0,16,0,115,115,115,1192,1.0,28.0,
6934,CURRENT_RUN_REAL_DATA,True,100,100,0,0,0,0,99,0,79,0,99,99,99,1190,4.0,20.0,
6935,CURRENT_RUN_REAL_DATA,True,100,100,0,0,0,2,97,0,79,1,99,99,99,1190,0.0,33.0,
6936,CURRENT_RUN_REAL_DATA,True,104,104,0,0,0,0,103,0,56,0,103,103,103,1148,1.0,21.0,
6937,CURRENT_RUN_REAL_DATA,True,103,103,0,0,0,0,102,0,27,0,102,102,102,1193,2.0,23.0,
6938,CURRENT_RUN_REAL_DATA,True,103,103,0,0,0,1,101,1,9,0,102,102,102,1188,0.0,28.0,
6939,CURRENT_RUN_REAL_DATA,True,110,110,0,0,0,2,107,2,21,1,109,109,109,1176,0.0,166.0,
6940,CURRENT_RUN_REAL_DATA,True,99,99,0,0,0,0,98,0,88,0,98,98,98,1189,7.0,23.0,
6941,CURRENT_RUN_REAL_DATA,True,110,110,0,0,0,0,109,0,19,1,109,109,109,1187,1.0,85.0,
6942,CURRENT_RUN_REAL_DATA,True,99,99,0,0,0,0,98,0,88,0,98,98,98,1189,5.0,29.0,
6943,CURRENT_RUN_REAL_DATA,True,121,121,0,0,0,2,118,1,15,0,120,120,120,1194,0.0,22.0,
6944,CURRENT_RUN_REAL_DATA,True,100,100,0,0,0,0,99,0,90,0,99,99,99,1191,1.0,22.0,
6945,CURRENT_RUN_REAL_DATA,True,115,115,0,0,0,3,111,3,25,1,114,114,114,1187,0.0,37.0,
6946,CURRENT_RUN_REAL_DATA,True,100,100,0,0,0,0,99,0,94,0,99,99,99,1187,4.0,24.0,
6947,CURRENT_RUN_REAL_DATA,True,99,99,0,0,0,0,98,0,79,0,98,98,98,1195,10.0,20.0,
6948,CURRENT_RUN_REAL_DATA,True,64,64,0,0,0,0,63,0,23,0,63,63,63,739,3.0,25.0,
6949,CURRENT_RUN_REAL_DATA,True,111,111,0,0,0,3,107,3,21,1,110,110,110,1193,0.0,64.0,
6950,CURRENT_RUN_REAL_DATA,True,106,106,0,0,0,6,99,4,20,5,105,105,105,1136,0.0,64.0,
6951,CURRENT_RUN_REAL_DATA,True,114,114,0,0,0,1,112,1,13,0,113,113,113,1195,0.0,21.0,
6952,CURRENT_RUN_REAL_DATA,True,102,102,0,0,0,0,101,0,75,0,101,101,101,1190,1.0,20.0,
6953,CURRENT_RUN_REAL_DATA,True,95,95,0,0,0,2,92,2,8,2,94,94,94,1195,0.0,50.0,
6954,CURRENT_RUN_REAL_DATA,True,99,99,0,0,0,0,98,0,95,0,98,98,98,1188,6.0,28.0,
6955,CURRENT_RUN_REAL_DATA,True,47,47,0,0,0,0,46,0,0,5,46,46,46,1191,1.0,281.0,
6956,CURRENT_RUN_REAL_DATA,True,107,107,0,0,0,27,79,4,96,8,106,106,106,1180,0.0,104.0,
6957,CURRENT_RUN_REAL_DATA,True,99,99,0,0,0,0,98,0,89,0,98,98,98,1188,7.0,28.0,
6958,CURRENT_RUN_REAL_DATA,True,100,100,0,0,0,0,99,0,89,0,99,99,99,1191,3.0,20.0,
6959,CURRENT_RUN_REAL_DATA,True,98,98,0,0,0,0,97,0,87,0,97,97,97,1179,8.0,22.0,
6960,CURRENT_RUN_REAL_DATA,True,100,100,0,0,0,0,99,0,98,0,99,99,99,1190,6.0,20.0,
6961,CURRENT_RUN_REAL_DATA,True,113,113,0,0,0,6,106,5,29,1,112,112,112,1186,0.0,46.0,
6962,CURRENT_RUN_REAL_DATA,True,102,102,0,0,0,0,101,0,63,0,101,101,101,1192,2.0,20.0,
6963,CURRENT_RUN_REAL_DATA,True,95,95,0,0,0,0,94,0,73,1,94,94,94,1190,6.0,70.0,
6964,CURRENT_RUN_REAL_DATA,True,86,86,0,0,0,20,65,6,67,9,85,85,85,1077,0.0,109.0,
6965,CURRENT_RUN_REAL_DATA,True,99,99,0,0,0,0,98,0,89,0,98,98,98,1191,7.0,21.0,
6966,CURRENT_RUN_REAL_DATA,True,98,98,0,0,0,0,97,0,77,0,97,97,97,1186,5.0,23.0,
6967,CURRENT_RUN_REAL_DATA,True,101,101,0,0,0,4,96,4,0,1,100,100,100,1191,0.0,150.0,
6968,CURRENT_RUN_REAL_DATA,True,99,99,0,0,0,0,98,0,78,0,98,98,98,1186,1.0,22.0,
6969,CURRENT_RUN_REAL_DATA,True,100,100,0,0,0,4,95,0,79,2,99,99,99,1190,0.0,41.0,
6970,CURRENT_RUN_REAL_DATA,True,100,100,0,0,0,0,99,0,79,0,99,99,99,1190,5.0,21.0,
6971,CURRENT_RUN_REAL_DATA,True,100,100,0,0,0,7,92,7,19,1,99,99,99,1027,0.0,100.0,
6972,CURRENT_RUN_REAL_DATA,True,97,97,0,0,0,0,96,0,94,0,96,96,96,1179,9.0,30.0,
6973,CURRENT_RUN_REAL_DATA,True,97,97,0,0,0,4,92,3,17,1,96,96,96,1126,0.0,40.0,
6974,CURRENT_RUN_REAL_DATA,True,105,105,0,0,0,2,102,1,19,1,104,104,104,1169,0.0,34.0,
6975,CURRENT_RUN_REAL_DATA,True,100,100,0,0,0,0,99,0,80,0,99,99,99,1190,4.0,20.0,
6976,CURRENT_RUN_REAL_DATA,True,100,100,0,0,0,0,99,0,90,0,99,99,99,1191,1.0,21.0,
6977,CURRENT_RUN_REAL_DATA,True,31,31,0,0,0,1,29,1,1,4,30,30,30,979,0.0,526.0,
6978,CURRENT_RUN_REAL_DATA,True,102,102,0,0,0,0,101,0,56,0,101,101,101,1191,1.0,23.0,
6979,CURRENT_RUN_REAL_DATA,True,100,100,0,0,0,0,99,0,89,0,99,99,99,1195,1.0,21.0,
6980,CURRENT_RUN_REAL_DATA,True,49,49,0,0,0,0,48,0,8,0,48,48,48,571,4.0,20.0,
6981,CURRENT_RUN_REAL_DATA,True,82,82,0,0,0,21,60,16,20,6,81,81,81,1173,0.0,301.0,
6982,CURRENT_RUN_REAL_DATA,True,120,120,0,0,0,13,106,11,18,2,119,119,119,1192,0.0,56.0,
6983,CURRENT_RUN_REAL_DATA,True,99,99,0,0,0,0,98,0,91,0,98,98,98,1189,8.0,22.0,
6984,CURRENT_RUN_REAL_DATA,True,100,100,0,0,0,0,99,0,89,0,99,99,99,1188,7.0,21.0,
6985,CURRENT_RUN_REAL_DATA,True,101,101,0,0,0,3,97,2,28,1,100,100,100,1186,0.0,96.0,
6986,CURRENT_RUN_REAL_DATA,True,108,108,0,0,0,0,107,0,27,1,107,107,107,1190,1.0,32.0,
6987,CURRENT_RUN_REAL_DATA,True,99,99,0,0,0,0,98,0,98,0,98,98,98,1190,7.0,30.0,
6988,CURRENT_RUN_REAL_DATA,True,108,108,0,0,0,5,102,5,33,2,107,107,107,1192,0.0,44.0,
6989,CURRENT_RUN_REAL_DATA,True,112,112,0,0,0,7,104,6,48,1,111,111,111,1187,0.0,31.0,
6990,CURRENT_RUN_REAL_DATA,True,99,99,0,0,0,0,98,0,79,0,98,98,98,1190,6.0,30.0,
6991,CURRENT_RUN_REAL_DATA,True,99,99,0,0,0,0,98,0,97,0,98,98,98,1191,9.0,20.0,
6992,CURRENT_RUN_REAL_DATA,True,116,116,0,0,0,2,113,2,26,0,115,115,115,1189,0.0,30.0,
6993,CURRENT_RUN_REAL_DATA,True,99,99,0,0,0,0,98,0,78,0,98,98,98,1195,10.0,20.0,
6994,CURRENT_RUN_REAL_DATA,True,134,134,0,0,0,6,127,6,9,0,133,133,133,1188,0.0,30.0,
6995,CURRENT_RUN_REAL_DATA,True,98,98,0,0,0,0,97,0,87,0,97,97,97,1191,9.0,30.0,
6996,CURRENT_RUN_REAL_DATA,True,99,99,0,0,0,0,98,0,95,0,98,98,98,1190,7.0,30.0,
6997,CURRENT_RUN_REAL_DATA,True,160,160,0,0,0,28,131,28,12,3,159,159,159,1160,0.0,92.0,
6998,CURRENT_RUN_REAL_DATA,True,100,100,0,0,0,0,99,0,80,0,99,99,99,1193,2.0,20.0,
6999,CURRENT_RUN_REAL_DATA,True,111,111,0,0,0,15,95,7,41,2,110,110,110,1172,0.0,113.0,
7000,CURRENT_RUN_REAL_DATA,True,99,99,0,0,0,0,98,0,94,0,98,98,98,1194,9.0,20.0,
7001,CURRENT_RUN_REAL_DATA,True,107,107,0,0,0,3,103,3,0,1,106,106,106,1194,0.0,45.0,
7002,CURRENT_RUN_REAL_DATA,True,111,111,0,0,0,4,106,4,23,0,110,110,110,1191,0.0,30.0,
7003,CURRENT_RUN_REAL_DATA,True,100,100,0,0,0,0,99,0,90,0,99,99,99,1191,2.0,21.0,
7004,CURRENT_RUN_REAL_DATA,True,100,100,0,0,0,0,99,0,91,0,99,99,99,1189,7.0,21.0,
7005,CURRENT_RUN_REAL_DATA,True,86,86,0,0,0,2,83,0,76,1,85,85,85,1152,0.0,180.0,
7006,CURRENT_RUN_REAL_DATA,True,100,100,0,0,0,2,97,2,69,2,99,99,99,1191,0.0,34.0,
7007,CURRENT_RUN_REAL_DATA,True,97,97,0,0,0,0,96,0,19,2,96,96,96,1151,1.0,60.0,
7008,CURRENT_RUN_REAL_DATA,True,101,101,0,0,0,3,97,0,96,2,100,100,100,1193,0.0,39.0,
7009,CURRENT_RUN_REAL_DATA,True,102,102,0,0,0,3,98,3,31,1,101,101,101,1189,0.0,69.0,
7010,CURRENT_RUN_REAL_DATA,True,117,117,0,0,0,18,98,15,12,4,116,116,116,1191,0.0,63.0,
7011,CURRENT_RUN_REAL_DATA,True,97,97,0,0,0,1,95,1,1,1,96,96,96,1195,0.0,96.0,
7012,CURRENT_RUN_REAL_DATA,True,128,128,0,0,0,6,121,6,34,0,127,127,127,1192,0.0,21.0,
7013,CURRENT_RUN_REAL_DATA,True,100,100,0,0,0,0,99,0,1,0,99,99,99,1191,2.0,20.0,
7014,CURRENT_RUN_REAL_DATA,True,100,100,0,0,0,0,99,0,94,0,99,99,99,1191,1.0,21.0,
7015,CURRENT_RUN_REAL_DATA,True,100,100,0,0,0,0,99,0,4,0,99,99,99,1189,6.0,20.0,
7016,CURRENT_RUN_REAL_DATA,True,98,98,0,0,0,0,97,0,73,0,97,97,97,1185,9.0,21.0,
7017,CURRENT_RUN_REAL_DATA,True,78,78,0,0,0,41,36,8,59,8,77,77,77,957,0.0,176.0,
7018,CURRENT_RUN_REAL_DATA,True,99,99,0,0,0,0,98,0,79,0,98,98,98,1195,9.0,21.0,
7019,CURRENT_RUN_REAL_DATA,True,98,98,0,0,0,0,97,0,36,1,97,97,97,1193,5.0,33.0,
7020,CURRENT_RUN_REAL_DATA,True,96,96,0,0,0,39,56,39,1,13,95,95,95,1168,0.0,81.0,
7021,CURRENT_RUN_REAL_DATA,True,120,120,0,0,0,17,102,14,20,2,119,119,119,1193,0.0,115.0,
7022,CURRENT_RUN_REAL_DATA,True,100,100,0,0,0,0,99,0,79,0,99,99,99,1193,2.0,21.0,
7023,CURRENT_RUN_REAL_DATA,True,98,98,0,0,0,1,96,1,77,0,97,97,97,1186,0.0,29.0,
7024,CURRENT_RUN_REAL_DATA,True,123,123,0,0,0,5,117,4,10,0,122,122,122,1197,0.0,30.0,
7025,CURRENT_RUN_REAL_DATA,True,110,110,0,0,0,2,107,1,54,1,109,109,109,1186,0.0,48.0,
7026,CURRENT_RUN_REAL_DATA,True,104,104,0,0,0,0,103,0,1,1,103,103,103,1171,1.0,49.0,
7027,CURRENT_RUN_REAL_DATA,True,107,107,0,0,0,0,106,0,0,0,106,106,106,1191,1.0,23.0,
7028,CURRENT_RUN_REAL_DATA,True,107,107,0,0,0,2,104,2,11,1,106,106,106,1184,0.0,57.0,
7029,CURRENT_RUN_REAL_DATA,True,99,99,0,0,0,0,98,0,88,0,98,98,98,1195,9.0,20.0,
7030,CURRENT_RUN_REAL_DATA,True,140,140,0,0,0,7,132,6,25,2,139,139,139,1188,0.0,54.0,
7031,CURRENT_RUN_REAL_DATA,True,97,97,0,0,0,0,96,0,76,0,96,96,96,1184,10.0,30.0,
7032,CURRENT_RUN_REAL_DATA,True,99,99,0,0,0,0,98,0,78,0,98,98,98,1186,5.0,27.0,
7033,CURRENT_RUN_REAL_DATA,True,102,102,0,0,0,0,101,0,76,0,101,101,101,1192,4.0,21.0,
7034,CURRENT_RUN_REAL_DATA,True,100,100,0,0,0,0,99,0,79,0,99,99,99,1191,3.0,20.0,
7035,CURRENT_RUN_REAL_DATA,True,104,104,0,0,0,4,99,1,28,1,103,103,103,1195,0.0,58.0,
7036,CURRENT_RUN_REAL_DATA,True,98,98,0,0,0,0,97,0,77,0,97,97,97,1186,8.0,22.0,
7037,CURRENT_RUN_REAL_DATA,True,110,110,0,0,0,4,105,4,57,0,109,109,109,1194,0.0,21.0,
7038,CURRENT_RUN_REAL_DATA,True,114,114,0,0,0,15,98,9,31,2,113,113,113,1198,0.0,136.0,
7039,CURRENT_RUN_REAL_DATA,True,100,100,0,0,0,0,99,0,90,0,99,99,99,1191,3.0,21.0,
7040,CURRENT_RUN_REAL_DATA,True,99,99,0,0,0,7,91,7,24,2,98,98,98,1099,0.0,40.0,
7041,CURRENT_RUN_REAL_DATA,True,100,100,0,0,0,0,99,0,91,0,99,99,99,1191,3.0,21.0,
7042,CURRENT_RUN_REAL_DATA,True,101,101,0,0,0,0,100,0,100,0,100,100,100,1193,9.0,20.0,
7043,CURRENT_RUN_REAL_DATA,True,109,109,0,0,0,3,105,2,24,1,108,108,108,1188,0.0,32.0,
7044,CURRENT_RUN_REAL_DATA,True,99,99,0,0,0,0,98,0,78,0,98,98,98,1195,9.0,21.0,
7045,CURRENT_RUN_REAL_DATA,True,103,103,0,0,0,8,94,8,11,3,102,102,102,1194,0.0,60.0,
7046,CURRENT_RUN_REAL_DATA,True,99,99,0,0,0,0,98,0,0,0,98,98,98,1195,9.0,21.0,
7047,CURRENT_RUN_REAL_DATA,True,99,99,0,0,0,0,98,0,21,0,98,98,98,1194,9.0,21.0,
7048,CURRENT_RUN_REAL_DATA,True,97,97,0,0,0,0,96,0,56,0,96,96,96,1190,6.0,30.0,
7049,CURRENT_RUN_REAL_DATA,True,106,106,0,0,0,2,103,2,20,1,105,105,105,1190,0.0,125.0,
7050,CURRENT_RUN_REAL_DATA,True,109,109,0,0,0,5,103,5,26,0,108,108,108,1193,0.0,29.0,
7051,CURRENT_RUN_REAL_DATA,True,97,97,0,0,0,0,96,0,24,2,96,96,96,1191,3.0,37.0,
7052,CURRENT_RUN_REAL_DATA,True,100,100,0,0,0,0,99,0,25,0,99,99,99,1191,4.0,20.0,
7053,CURRENT_RUN_REAL_DATA,True,98,98,0,0,0,0,97,0,15,0,97,97,97,1186,8.0,22.0,
7054,CURRENT_RUN_REAL_DATA,True,99,99,0,0,0,0,98,0,89,0,98,98,98,1186,1.0,22.0,
7055,CURRENT_RUN_REAL_DATA,True,100,100,0,0,0,0,99,0,83,0,99,99,99,1186,5.0,21.0,
7056,CURRENT_RUN_REAL_DATA,True,100,100,0,0,0,1,98,1,0,0,99,99,99,1194,0.0,23.0,
7057,CURRENT_RUN_REAL_DATA,True,111,111,0,0,0,2,108,2,0,2,110,110,110,1193,0.0,48.0,
7058,CURRENT_RUN_REAL_DATA,True,102,102,0,0,0,11,90,7,24,4,101,101,101,1191,0.0,52.0,
7059,CURRENT_RUN_REAL_DATA,True,99,99,0,0,0,0,98,0,2,0,98,98,98,1188,7.0,28.0,
7060,CURRENT_RUN_REAL_DATA,True,83,83,0,0,0,17,65,13,5,2,82,82,82,1193,0.0,410.0,
7061,CURRENT_RUN_REAL_DATA,True,99,99,0,0,0,0,98,0,2,0,98,98,98,1195,3.0,27.0,
7062,CURRENT_RUN_REAL_DATA,True,98,98,0,0,0,0,97,0,89,0,97,97,97,1188,7.0,30.0,
7063,CURRENT_RUN_REAL_DATA,True,100,100,0,0,0,1,98,0,90,0,99,99,99,1195,0.0,21.0,
7064,CURRENT_RUN_REAL_DATA,True,101,101,0,0,0,1,99,1,65,0,100,100,100,1193,0.0,29.0,
7065,CURRENT_RUN_REAL_DATA,True,121,121,0,0,0,2,118,1,23,0,120,120,120,1197,0.0,30.0,
7066,CURRENT_RUN_REAL_DATA,True,106,106,0,0,0,1,104,1,40,1,105,105,105,1192,0.0,39.0,
7067,CURRENT_RUN_REAL_DATA,True,108,108,0,0,0,3,104,3,0,1,107,107,107,1167,0.0,37.0,
7068,CURRENT_RUN_REAL_DATA,True,96,96,0,0,0,0,95,0,64,1,95,95,95,1194,1.0,149.0,
7069,CURRENT_RUN_REAL_DATA,True,104,104,0,0,0,0,103,0,62,0,103,103,103,1190,3.0,30.0,
7070,CURRENT_RUN_REAL_DATA,True,98,98,0,0,0,0,97,0,88,0,97,97,97,1186,4.0,30.0,
7071,CURRENT_RUN_REAL_DATA,True,100,100,0,0,0,0,99,0,79,0,99,99,99,1191,2.0,20.0,
7072,CURRENT_RUN_REAL_DATA,True,98,98,0,0,0,0,97,0,77,0,97,97,97,1195,2.0,30.0,
7073,CURRENT_RUN_REAL_DATA,True,91,91,0,0,0,5,85,2,56,2,90,90,90,1198,0.0,208.0,
7074,CURRENT_RUN_REAL_DATA,True,95,95,0,0,0,0,94,0,1,2,94,94,94,1190,2.0,112.0,
7075,CURRENT_RUN_REAL_DATA,True,98,98,0,0,0,0,97,0,19,0,97,97,97,1189,8.0,30.0,
7076,CURRENT_RUN_REAL_DATA,True,100,100,0,0,0,0,99,0,79,0,99,99,99,1191,4.0,20.0,
7077,CURRENT_RUN_REAL_DATA,True,100,100,0,0,0,0,99,0,79,0,99,99,99,1194,1.0,20.0,
7078,CURRENT_RUN_REAL_DATA,True,97,97,0,0,0,0,96,0,96,1,96,96,96,1190,7.0,31.0,
7079,CURRENT_RUN_REAL_DATA,True,110,110,0,0,0,0,109,0,23,0,109,109,109,1191,1.0,23.0,
7080,CURRENT_RUN_REAL_DATA,True,132,132,0,0,0,64,67,50,34,1,131,131,131,1141,0.0,479.0,
7081,CURRENT_RUN_REAL_DATA,True,107,107,0,0,0,1,105,1,30,0,106,106,106,1191,0.0,30.0,
7082,CURRENT_RUN_REAL_DATA,True,100,100,0,0,0,0,99,0,12,0,99,99,99,1190,2.0,20.0,
7083,CURRENT_RUN_REAL_DATA,True,103,103,0,0,0,2,100,2,41,0,102,102,102,1195,0.0,23.0,
7084,CURRENT_RUN_REAL_DATA,True,96,96,0,0,0,1,94,1,33,1,95,95,95,1189,0.0,91.0,
7085,CURRENT_RUN_REAL_DATA,True,96,96,0,0,0,30,65,4,76,13,95,95,95,1162,0.0,156.0,
7086,CURRENT_RUN_REAL_DATA,True,100,100,0,0,0,0,99,0,89,0,99,99,99,1193,2.0,20.0,
7087,CURRENT_RUN_REAL_DATA,True,103,103,0,0,0,5,97,4,23,1,102,102,102,1190,0.0,88.0,
7088,CURRENT_RUN_REAL_DATA,True,101,101,0,0,0,0,100,0,91,0,100,100,100,1187,5.0,21.0,
7089,CURRENT_RUN_REAL_DATA,True,99,99,0,0,0,0,98,0,0,0,98,98,98,1187,5.0,27.0,
7090,CURRENT_RUN_REAL_DATA,True,100,100,0,0,0,0,99,0,2,0,99,99,99,1193,2.0,20.0,
7091,CURRENT_RUN_REAL_DATA,True,105,105,0,0,0,31,73,3,94,9,104,104,104,1190,0.0,112.0,
7092,CURRENT_RUN_REAL_DATA,True,100,100,0,0,0,0,99,0,89,0,99,99,99,1193,1.0,24.0,
7093,CURRENT_RUN_REAL_DATA,True,100,100,0,0,0,1,98,1,26,1,99,99,99,1189,0.0,73.0,
7094,CURRENT_RUN_REAL_DATA,True,99,99,0,0,0,0,98,0,88,0,98,98,98,1190,9.0,20.0,
7095,CURRENT_RUN_REAL_DATA,True,97,97,0,0,0,0,96,0,3,0,96,96,96,1179,1.0,30.0,
7096,CURRENT_RUN_REAL_DATA,True,99,99,0,0,0,0,98,0,89,0,98,98,98,1191,8.0,20.0,
7097,CURRENT_RUN_REAL_DATA,True,106,106,0,0,0,8,97,7,2,3,105,105,105,1189,0.0,50.0,
7098,CURRENT_RUN_REAL_DATA,True,98,98,0,0,0,0,97,0,88,0,97,97,97,1190,9.0,30.0,
7099,CURRENT_RUN_REAL_DATA,True,100,100,0,0,0,0,99,0,95,0,99,99,99,1189,1.0,22.0,
7100,CURRENT_RUN_REAL_DATA,True,100,100,0,0,0,0,99,0,79,0,99,99,99,1193,3.0,23.0,
7101,CURRENT_RUN_REAL_DATA,True,114,114,0,0,0,3,110,3,23,0,113,113,113,1193,0.0,27.0,
7102,CURRENT_RUN_REAL_DATA,True,113,113,0,0,0,1,111,1,51,0,112,112,112,1194,0.0,24.0,
7103,CURRENT_RUN_REAL_DATA,True,98,98,0,0,0,0,97,0,27,0,97,97,97,1182,3.0,30.0,
7104,CURRENT_RUN_REAL_DATA,True,99,99,0,0,0,0,98,0,96,0,98,98,98,1190,9.0,21.0,
7105,CURRENT_RUN_REAL_DATA,True,133,133,0,0,0,47,85,41,17,9,132,132,132,1186,0.0,154.0,
7106,CURRENT_RUN_REAL_DATA,True,95,95,0,0,0,14,80,14,0,8,94,94,94,1186,0.0,107.0,
7107,CURRENT_RUN_REAL_DATA,True,95,95,0,0,0,0,94,0,20,1,94,94,94,1195,1.0,130.0,
7108,CURRENT_RUN_REAL_DATA,True,99,99,0,0,0,0,98,0,88,0,98,98,98,1189,6.0,21.0,
7109,CURRENT_RUN_REAL_DATA,True,114,114,0,0,0,6,107,6,32,1,113,113,113,1197,0.0,57.0,
7110,CURRENT_RUN_REAL_DATA,True,98,98,0,0,0,0,97,0,71,0,97,97,97,1195,2.0,30.0,
7111,CURRENT_RUN_REAL_DATA,True,123,123,0,0,0,8,114,8,25,2,122,122,122,1193,0.0,33.0,
7112,CURRENT_RUN_REAL_DATA,True,114,114,0,0,0,1,112,1,12,0,113,113,113,1186,0.0,25.0,
7113,CURRENT_RUN_REAL_DATA,True,100,100,0,0,0,0,99,0,27,0,99,99,99,1190,3.0,20.0,
7114,CURRENT_RUN_REAL_DATA,True,100,100,0,0,0,0,99,0,79,0,99,99,99,1191,1.0,21.0,
7115,CURRENT_RUN_REAL_DATA,True,109,109,0,0,0,11,97,9,43,2,108,108,108,1186,0.0,128.0,
7116,CURRENT_RUN_REAL_DATA,True,121,121,0,0,0,13,107,13,0,2,120,120,120,1186,0.0,58.0,
7117,CURRENT_RUN_REAL_DATA,True,102,102,0,0,0,1,100,1,77,0,101,101,101,1188,0.0,30.0,
7118,CURRENT_RUN_REAL_DATA,True,99,99,0,0,0,3,95,3,55,1,98,98,98,1194,0.0,109.0,
7119,CURRENT_RUN_REAL_DATA,True,99,99,0,0,0,0,98,0,53,0,98,98,98,1190,9.0,20.0,
7120,CURRENT_RUN_REAL_DATA,True,93,93,0,0,0,2,90,2,11,1,92,92,92,1192,0.0,176.0,
7121,CURRENT_RUN_REAL_DATA,True,100,100,0,0,0,0,99,0,87,0,99,99,99,1192,3.0,20.0,
7122,CURRENT_RUN_REAL_DATA,True,101,101,0,0,0,0,100,0,96,2,100,100,100,1190,4.0,36.0,
7123,CURRENT_RUN_REAL_DATA,True,99,99,0,0,0,0,98,0,94,0,98,98,98,1188,6.0,28.0,
7124,CURRENT_RUN_REAL_DATA,True,97,97,0,0,0,4,92,4,0,2,96,96,96,1179,0.0,81.0,
7125,CURRENT_RUN_REAL_DATA,True,106,106,0,0,0,1,104,0,56,0,105,105,105,1191,0.0,25.0,
7126,CURRENT_RUN_REAL_DATA,True,98,98,0,0,0,1,96,0,87,0,97,97,97,1179,0.0,30.0,
7127,CURRENT_RUN_REAL_DATA,True,100,100,0,0,0,0,99,0,90,0,99,99,99,1190,6.0,20.0,
7128,CURRENT_RUN_REAL_DATA,True,98,98,0,0,0,0,97,0,95,0,97,97,97,1186,7.0,22.0,
7129,CURRENT_RUN_REAL_DATA,True,99,99,0,0,0,0,98,0,97,0,98,98,98,1188,6.0,28.0,
7130,CURRENT_RUN_REAL_DATA,True,117,117,0,0,0,1,115,1,17,0,116,116,116,1190,0.0,27.0,
7131,CURRENT_RUN_REAL_DATA,True,98,98,0,0,0,0,97,0,91,0,97,97,97,1189,9.0,22.0,
7132,CURRENT_RUN_REAL_DATA,True,154,154,0,0,0,1,152,1,20,0,153,153,153,1194,0.0,22.0,
7133,CURRENT_RUN_REAL_DATA,True,97,97,0,0,0,0,96,0,87,0,96,96,96,1186,9.0,30.0,
7134,CURRENT_RUN_REAL_DATA,True,98,98,0,0,0,0,97,0,0,1,97,97,97,1180,1.0,101.0,
7135,CURRENT_RUN_REAL_DATA,True,99,99,0,0,0,0,98,0,80,0,98,98,98,1189,8.0,22.0,
7136,CURRENT_RUN_REAL_DATA,True,115,115,0,0,0,1,113,1,54,0,114,114,114,1186,0.0,22.0,
7137,CURRENT_RUN_REAL_DATA,True,100,100,0,0,0,1,98,0,97,0,99,99,99,1194,0.0,20.0,
7138,CURRENT_RUN_REAL_DATA,True,100,100,0,0,0,0,99,0,80,0,99,99,99,1191,4.0,20.0,
7139,CURRENT_RUN_REAL_DATA,True,100,100,0,0,0,0,99,0,89,0,99,99,99,1188,7.0,21.0,
7140,CURRENT_RUN_REAL_DATA,True,97,97,0,0,0,0,96,0,77,0,96,96,96,1183,7.0,30.0,
7141,CURRENT_RUN_REAL_DATA,True,99,99,0,0,0,0,98,0,78,0,98,98,98,1191,6.0,30.0,
7142,CURRENT_RUN_REAL_DATA,True,101,101,0,0,0,0,100,0,49,1,100,100,100,1193,2.0,54.0,
7143,CURRENT_RUN_REAL_DATA,True,100,100,0,0,0,0,99,0,27,0,99,99,99,1190,3.0,20.0,
7144,CURRENT_RUN_REAL_DATA,True,128,128,0,0,0,0,127,0,27,0,127,127,127,1190,1.0,30.0,
7145,CURRENT_RUN_REAL_DATA,True,100,100,0,0,0,0,99,0,90,0,99,99,99,1191,4.0,20.0,
7146,CURRENT_RUN_REAL_DATA,True,100,100,0,0,0,0,99,0,79,0,99,99,99,1180,4.0,20.0,
7147,CURRENT_RUN_REAL_DATA,True,104,104,0,0,0,0,103,0,12,1,103,103,103,1186,1.0,76.0,
7148,CURRENT_RUN_REAL_DATA,True,100,100,0,0,0,0,99,0,89,0,99,99,99,1190,5.0,21.0,
7149,CURRENT_RUN_REAL_DATA,True,100,100,0,0,0,0,99,0,80,0,99,99,99,1194,1.0,20.0,
7150,CURRENT_RUN_REAL_DATA,True,100,100,0,0,0,0,99,0,91,0,99,99,99,1191,4.0,21.0,
7151,CURRENT_RUN_REAL_DATA,True,99,99,0,0,0,0,98,0,79,0,98,98,98,1190,6.0,30.0,
7152,CURRENT_RUN_REAL_DATA,True,99,99,0,0,0,0,98,0,29,0,98,98,98,1188,5.0,30.0,
7153,CURRENT_RUN_REAL_DATA,True,88,88,0,0,0,0,87,0,0,0,87,87,87,868,1.0,21.0,
7154,CURRENT_RUN_REAL_DATA,True,98,98,0,0,0,1,96,1,77,1,97,97,97,1194,0.0,41.0,
7155,CURRENT_RUN_REAL_DATA,True,88,88,0,0,0,0,87,0,67,0,87,87,87,1188,10.0,30.0,
7156,CURRENT_RUN_REAL_DATA,True,105,105,0,0,0,1,103,0,33,0,104,104,104,1189,0.0,20.0,
7157,CURRENT_RUN_REAL_DATA,True,99,99,0,0,0,0,98,0,80,0,98,98,98,1190,10.0,20.0,
7158,CURRENT_RUN_REAL_DATA,True,100,100,0,0,0,0,99,0,97,0,99,99,99,1193,2.0,20.0,
7159,CURRENT_RUN_REAL_DATA,True,100,100,0,0,0,0,99,0,6,0,99,99,99,1191,3.0,20.0,
7160,CURRENT_RUN_REAL_DATA,True,99,99,0,0,0,0,98,0,89,0,98,98,98,1193,10.0,20.0,
7161,CURRENT_RUN_REAL_DATA,True,102,102,0,0,0,0,101,0,79,0,101,101,101,1193,1.0,20.0,
7162,CURRENT_RUN_REAL_DATA,True,98,98,0,0,0,4,93,3,42,1,97,97,97,1190,0.0,282.0,
7163,CURRENT_RUN_REAL_DATA,True,111,111,0,0,0,22,88,22,68,1,110,110,110,1193,0.0,160.0,
7164,CURRENT_RUN_REAL_DATA,True,97,97,0,0,0,0,96,0,86,0,96,96,96,1186,9.0,30.0,
7165,CURRENT_RUN_REAL_DATA,True,162,162,0,0,0,7,154,7,23,1,161,161,161,1191,0.0,42.0,
7166,CURRENT_RUN_REAL_DATA,True,97,97,0,0,0,0,96,0,16,2,96,96,96,1193,1.0,66.0,
7167,CURRENT_RUN_REAL_DATA,True,102,102,0,0,0,0,101,0,18,1,101,101,101,1190,1.0,115.0,
7168,CURRENT_RUN_REAL_DATA,True,115,115,0,0,0,3,111,1,56,0,114,114,114,1193,0.0,20.0,
7169,CURRENT_RUN_REAL_DATA,True,99,99,0,0,0,0,98,0,88,0,98,98,98,1189,6.0,22.0,
7170,CURRENT_RUN_REAL_DATA,True,122,122,0,0,0,2,119,2,17,1,121,121,121,1192,0.0,35.0,
7171,CURRENT_RUN_REAL_DATA,True,116,116,0,0,0,0,115,0,0,0,115,115,115,1181,1.0,20.0,
7172,CURRENT_RUN_REAL_DATA,True,99,99,0,0,0,0,98,0,37,0,98,98,98,1190,8.0,22.0,
7173,CURRENT_RUN_REAL_DATA,True,99,99,0,0,0,0,98,0,83,0,98,98,98,1190,5.0,30.0,
7174,CURRENT_RUN_REAL_DATA,True,95,95,0,0,0,4,90,3,12,0,94,94,94,1074,0.0,22.0,
7175,CURRENT_RUN_REAL_DATA,True,117,117,0,0,0,2,114,2,0,0,116,116,116,1191,0.0,29.0,
7176,CURRENT_RUN_REAL_DATA,True,99,99,0,0,0,0,98,0,89,0,98,98,98,1189,6.0,28.0,
7177,CURRENT_RUN_REAL_DATA,True,97,97,0,0,0,0,96,0,76,1,96,96,96,1192,3.0,50.0,
7178,CURRENT_RUN_REAL_DATA,True,99,99,0,0,0,2,96,0,80,1,98,98,98,1190,0.0,45.0,
7179,CURRENT_RUN_REAL_DATA,True,102,102,0,0,0,0,101,0,0,0,101,101,101,1191,1.0,29.0,
7180,CURRENT_RUN_REAL_DATA,True,101,101,0,0,0,1,99,0,76,0,100,100,100,1196,0.0,30.0,
7181,CURRENT_RUN_REAL_DATA,True,99,99,0,0,0,0,98,0,91,0,98,98,98,1190,7.0,30.0,
7182,CURRENT_RUN_REAL_DATA,True,99,99,0,0,0,0,98,0,78,1,98,98,98,1190,7.0,31.0,
7183,CURRENT_RUN_REAL_DATA,True,100,100,0,0,0,0,99,0,95,0,99,99,99,1190,6.0,20.0,
7184,CURRENT_RUN_REAL_DATA,True,101,101,0,0,0,4,96,2,79,1,100,100,100,1191,0.0,51.0,
7185,CURRENT_RUN_REAL_DATA,True,136,136,0,0,0,15,120,14,26,3,135,135,135,1196,0.0,100.0,
7186,CURRENT_RUN_REAL_DATA,True,101,101,0,0,0,0,100,0,34,0,100,100,100,1191,3.0,21.0,
7187,CURRENT_RUN_REAL_DATA,True,95,95,0,0,0,0,94,0,74,1,94,94,94,1190,6.0,60.0,
7188,CURRENT_RUN_REAL_DATA,True,100,100,0,0,0,1,98,0,93,0,99,99,99,1189,0.0,22.0,
7189,CURRENT_RUN_REAL_DATA,True,98,98,0,0,0,0,97,0,76,1,97,97,97,1192,2.0,32.0,
7190,CURRENT_RUN_REAL_DATA,True,52,52,0,0,0,10,41,7,11,4,51,51,51,539,0.0,61.0,
7191,CURRENT_RUN_REAL_DATA,True,97,97,0,0,0,4,92,4,39,1,96,96,96,1126,0.0,44.0,
7192,CURRENT_RUN_REAL_DATA,True,100,100,0,0,0,0,99,0,2,0,99,99,99,1192,3.0,21.0,
7193,CURRENT_RUN_REAL_DATA,True,112,112,0,0,0,5,106,4,33,1,111,111,111,1183,0.0,69.0,
7194,CURRENT_RUN_REAL_DATA,True,100,100,0,0,0,1,98,0,76,1,99,99,99,1195,0.0,31.0,
7195,CURRENT_RUN_REAL_DATA,True,100,100,0,0,0,0,99,0,82,0,99,99,99,1191,1.0,20.0,
7196,CURRENT_RUN_REAL_DATA,True,109,109,0,0,0,12,96,11,3,1,108,108,108,1188,0.0,110.0,
7197,CURRENT_RUN_REAL_DATA,True,98,98,0,0,0,0,97,0,78,0,97,97,97,1186,5.0,25.0,
7198,CURRENT_RUN_REAL_DATA,True,98,98,0,0,0,0,97,0,93,0,97,97,97,1186,9.0,21.0,
7199,CURRENT_RUN_REAL_DATA,True,98,98,0,0,0,0,97,0,88,0,97,97,97,1193,5.0,30.0,
7200,CURRENT_RUN_REAL_DATA,True,100,100,0,0,0,0,99,0,93,0,99,99,99,1189,5.0,21.0,
7201,CURRENT_RUN_REAL_DATA,True,95,95,0,0,0,1,93,1,28,2,94,94,94,1194,0.0,180.0,
7202,CURRENT_RUN_REAL_DATA,True,101,101,0,0,0,14,86,14,0,3,100,100,100,1188,0.0,99.0,
7203,CURRENT_RUN_REAL_DATA,True,102,102,0,0,0,3,98,3,88,0,101,101,101,1192,0.0,26.0,
7204,CURRENT_RUN_REAL_DATA,True,100,100,0,0,0,0,99,0,79,0,99,99,99,1192,2.0,21.0,
7205,CURRENT_RUN_REAL_DATA,True,99,99,0,0,0,0,98,0,78,0,98,98,98,1188,7.0,28.0,
7206,CURRENT_RUN_REAL_DATA,True,75,75,0,0,0,38,36,1,68,5,74,74,74,1104,0.0,515.0,
7207,CURRENT_RUN_REAL_DATA,True,99,99,0,0,0,0,98,0,79,0,98,98,98,1195,10.0,20.0,
7208,CURRENT_RUN_REAL_DATA,True,103,103,0,0,0,1,101,1,1,0,102,102,102,1195,0.0,26.0,
7209,CURRENT_RUN_REAL_DATA,True,110,110,0,0,0,14,95,14,20,2,109,109,109,1188,0.0,86.0,
7210,CURRENT_RUN_REAL_DATA,True,101,101,0,0,0,6,94,6,0,2,100,100,100,1184,0.0,79.0,
7211,CURRENT_RUN_REAL_DATA,True,97,97,0,0,0,0,96,0,86,0,96,96,96,1188,3.0,30.0,
7212,CURRENT_RUN_REAL_DATA,True,98,98,0,0,0,0,97,0,87,0,97,97,97,1190,6.0,30.0,
7213,CURRENT_RUN_REAL_DATA,True,124,124,0,0,0,4,119,4,45,0,123,123,123,1191,0.0,30.0,
7214,CURRENT_RUN_REAL_DATA,True,96,96,0,0,0,3,92,3,5,1,95,95,95,1191,0.0,128.0,
7215,CURRENT_RUN_REAL_DATA,True,98,98,0,0,0,0,97,0,77,0,97,97,97,1186,8.0,22.0,
7216,CURRENT_RUN_REAL_DATA,True,97,97,0,0,0,0,96,0,37,0,96,96,96,1185,10.0,30.0,
7217,CURRENT_RUN_REAL_DATA,True,99,99,0,0,0,0,98,0,86,0,98,98,98,1180,3.0,21.0,
7218,CURRENT_RUN_REAL_DATA,True,101,101,0,0,0,0,100,0,24,1,100,100,100,1191,1.0,36.0,
7219,CURRENT_RUN_REAL_DATA,True,105,105,0,0,0,2,102,2,9,2,104,104,104,1193,0.0,39.0,
7220,CURRENT_RUN_REAL_DATA,True,101,101,0,0,0,0,100,0,91,0,100,100,100,1190,1.0,22.0,
7221,CURRENT_RUN_REAL_DATA,True,51,51,0,0,0,0,50,0,0,1,50,50,50,1186,1.0,616.0,
7222,CURRENT_RUN_REAL_DATA,True,126,126,0,0,0,104,21,54,57,1,125,125,125,244,0.0,39.0,
7223,CURRENT_RUN_REAL_DATA,True,130,130,0,0,0,2,127,2,36,0,129,129,129,1191,0.0,24.0,
7224,CURRENT_RUN_REAL_DATA,True,99,99,0,0,0,0,98,0,95,0,98,98,98,1195,10.0,20.0,
7225,CURRENT_RUN_REAL_DATA,True,99,99,0,0,0,0,98,0,81,0,98,98,98,1186,1.0,21.0,
7226,CURRENT_RUN_REAL_DATA,True,100,100,0,0,0,0,99,0,2,0,99,99,99,1191,4.0,21.0,
7227,CURRENT_RUN_REAL_DATA,True,99,99,0,0,0,0,98,0,78,0,98,98,98,1190,10.0,20.0,
7228,CURRENT_RUN_REAL_DATA,True,100,100,0,0,0,0,99,0,79,0,99,99,99,1194,2.0,22.0,
7229,CURRENT_RUN_REAL_DATA,True,66,66,0,0,0,7,58,7,13,1,65,65,65,832,0.0,139.0,
7230,CURRENT_RUN_REAL_DATA,True,113,113,0,0,0,3,109,3,25,1,112,112,112,1188,0.0,38.0,
7231,CURRENT_RUN_REAL_DATA,True,122,122,0,0,0,11,110,10,19,2,121,121,121,1195,0.0,48.0,
7232,CURRENT_RUN_REAL_DATA,True,99,99,0,0,0,0,98,0,11,0,98,98,98,1195,9.0,21.0,
7233,CURRENT_RUN_REAL_DATA,True,106,106,0,0,0,1,104,0,25,0,105,105,105,1190,0.0,29.0,
7234,CURRENT_RUN_REAL_DATA,True,118,118,0,0,0,0,117,0,22,0,117,117,117,1191,1.0,30.0,
7235,CURRENT_RUN_REAL_DATA,True,106,106,0,0,0,1,104,1,41,0,105,105,105,1185,0.0,22.0,
7236,CURRENT_RUN_REAL_DATA,True,107,107,0,0,0,0,106,0,63,0,106,106,106,1191,1.0,30.0,
7237,CURRENT_RUN_REAL_DATA,True,113,113,0,0,0,5,107,4,19,0,112,112,112,1192,0.0,27.0,
7238,CURRENT_RUN_REAL_DATA,True,99,99,0,0,0,0,98,0,79,0,98,98,98,1180,1.0,22.0,
7239,CURRENT_RUN_REAL_DATA,True,86,86,0,0,0,0,85,0,65,0,85,85,85,1188,10.0,30.0,
7240,CURRENT_RUN_REAL_DATA,True,109,109,0,0,0,4,104,4,28,1,108,108,108,1193,0.0,41.0,
7241,CURRENT_RUN_REAL_DATA,True,105,105,0,0,0,0,104,0,39,1,104,104,104,1190,1.0,47.0,
7242,CURRENT_RUN_REAL_DATA,True,102,102,0,0,0,2,99,0,76,1,101,101,101,1190,0.0,46.0,
7243,CURRENT_RUN_REAL_DATA,True,95,95,0,0,0,0,94,0,86,1,94,94,94,1170,1.0,50.0,
7244,CURRENT_RUN_REAL_DATA,True,99,99,0,0,0,0,98,0,80,0,98,98,98,1180,5.0,20.0,
7245,CURRENT_RUN_REAL_DATA,True,99,99,0,0,0,2,96,0,23,2,98,98,98,1191,0.0,140.0,
7246,CURRENT_RUN_REAL_DATA,True,107,107,0,0,0,3,103,3,11,2,106,106,106,1192,0.0,33.0,
7247,CURRENT_RUN_REAL_DATA,True,106,106,0,0,0,1,104,1,29,0,105,105,105,1192,0.0,24.0,
7248,CURRENT_RUN_REAL_DATA,True,99,99,0,0,0,48,50,9,86,9,98,98,98,1143,0.0,132.0,
7249,CURRENT_RUN_REAL_DATA,True,116,116,0,0,0,14,101,9,29,2,115,115,115,1195,0.0,102.0,
7250,CURRENT_RUN_REAL_DATA,True,110,110,0,0,0,3,106,3,8,1,109,109,109,1188,0.0,31.0,
7251,CURRENT_RUN_REAL_DATA,True,111,111,0,0,0,4,106,4,0,0,110,110,110,1195,0.0,30.0,
7252,CURRENT_RUN_REAL_DATA,True,112,112,0,0,0,26,85,22,12,2,111,111,111,1186,0.0,115.0,
7253,CURRENT_RUN_REAL_DATA,True,103,103,0,0,0,0,102,0,14,0,102,102,102,1192,1.0,30.0,
7254,CURRENT_RUN_REAL_DATA,True,100,100,0,0,0,0,99,0,3,0,99,99,99,1191,2.0,21.0,
7255,CURRENT_RUN_REAL_DATA,True,100,100,0,0,0,0,99,0,79,0,99,99,99,1194,1.0,20.0,
7256,CURRENT_RUN_REAL_DATA,True,99,99,0,0,0,0,98,0,79,0,98,98,98,1191,3.0,30.0,
7257,CURRENT_RUN_REAL_DATA,True,99,99,0,0,0,0,98,0,79,0,98,98,98,1191,4.0,22.0,
7258,CURRENT_RUN_REAL_DATA,True,100,100,0,0,0,0,99,0,57,0,99,99,99,1191,4.0,21.0,
7259,CURRENT_RUN_REAL_DATA,True,108,108,0,0,0,6,101,3,30,1,107,107,107,1193,0.0,42.0,
7260,CURRENT_RUN_REAL_DATA,True,79,79,0,0,0,4,74,4,18,1,78,78,78,1047,0.0,157.0,
7261,CURRENT_RUN_REAL_DATA,True,124,124,0,0,0,5,118,5,1,0,123,123,123,1192,0.0,23.0,
7262,CURRENT_RUN_REAL_DATA,True,100,100,0,0,0,0,99,0,99,0,99,99,99,1191,3.0,20.0,
7263,CURRENT_RUN_REAL_DATA,True,100,100,0,0,0,1,98,0,90,0,99,99,99,1196,0.0,22.0,
7264,CURRENT_RUN_REAL_DATA,True,99,99,0,0,0,0,98,0,88,0,98,98,98,1189,1.0,29.0,
7265,CURRENT_RUN_REAL_DATA,True,85,85,0,0,0,2,82,2,34,3,84,84,84,1186,0.0,133.0,
7266,CURRENT_RUN_REAL_DATA,True,99,99,0,0,0,0,98,0,2,0,98,98,98,1194,5.0,20.0,
7267,CURRENT_RUN_REAL_DATA,True,105,105,0,0,0,2,102,2,9,0,104,104,104,1186,0.0,26.0,
7268,CURRENT_RUN_REAL_DATA,True,100,100,0,0,0,0,99,0,79,0,99,99,99,1186,5.0,20.0,
7269,CURRENT_RUN_REAL_DATA,True,100,100,0,0,0,0,99,0,79,0,99,99,99,1190,5.0,21.0,
7270,CURRENT_RUN_REAL_DATA,True,20,20,0,0,0,0,19,0,0,0,19,19,19,225,3.0,20.0,
7271,CURRENT_RUN_REAL_DATA,True,99,99,0,0,0,0,98,0,88,0,98,98,98,1189,6.0,22.0,
7272,CURRENT_RUN_REAL_DATA,True,73,73,0,0,0,8,64,3,29,1,72,72,72,834,0.0,223.0,
7273,CURRENT_RUN_REAL_DATA,True,101,101,0,0,0,1,99,1,57,0,100,100,100,1194,0.0,21.0,
7274,CURRENT_RUN_REAL_DATA,True,101,101,0,0,0,1,99,0,16,0,100,100,100,1194,0.0,20.0,
7275,CURRENT_RUN_REAL_DATA,True,113,113,0,0,0,6,106,6,26,1,112,112,112,1180,0.0,96.0,
7276,CURRENT_RUN_REAL_DATA,True,99,99,0,0,0,0,98,0,33,0,98,98,98,1190,10.0,20.0,
7277,CURRENT_RUN_REAL_DATA,True,99,99,0,0,0,0,98,0,88,0,98,98,98,1189,7.0,23.0,
7278,CURRENT_RUN_REAL_DATA,True,100,100,0,0,0,0,99,0,90,0,99,99,99,1192,3.0,20.0,
7279,CURRENT_RUN_REAL_DATA,True,108,108,0,0,0,0,107,0,65,1,107,107,107,1195,1.0,65.0,
7280,CURRENT_RUN_REAL_DATA,True,120,120,0,0,0,1,118,1,33,2,119,119,119,1192,0.0,62.0,
7281,CURRENT_RUN_REAL_DATA,True,99,99,0,0,0,0,98,0,96,0,98,98,98,1175,5.0,21.0,
7282,CURRENT_RUN_REAL_DATA,True,99,99,0,0,0,0,98,0,78,0,98,98,98,1189,6.0,27.0,
7283,CURRENT_RUN_REAL_DATA,True,99,99,0,0,0,0,98,0,79,0,98,98,98,1189,7.0,23.0,
7284,CURRENT_RUN_REAL_DATA,True,99,99,0,0,0,0,98,0,89,0,98,98,98,1189,6.0,22.0,
7285,CURRENT_RUN_REAL_DATA,True,99,99,0,0,0,0,98,0,30,0,98,98,98,1186,5.0,21.0,
7286,CURRENT_RUN_REAL_DATA,True,110,110,0,0,0,5,104,1,25,1,109,109,109,1190,0.0,42.0,
7287,CURRENT_RUN_REAL_DATA,True,127,127,0,0,0,1,125,1,17,0,126,126,126,1188,0.0,28.0,
7288,CURRENT_RUN_REAL_DATA,True,116,116,0,0,0,5,110,5,15,1,115,115,115,1186,0.0,31.0,
7289,CURRENT_RUN_REAL_DATA,True,113,113,0,0,0,0,112,0,14,0,112,112,112,1197,1.0,20.0,
7290,CURRENT_RUN_REAL_DATA,True,103,103,0,0,0,0,102,0,76,0,102,102,102,1189,1.0,20.0,
7291,CURRENT_RUN_REAL_DATA,True,100,100,0,0,0,0,99,0,9,0,99,99,99,1191,3.0,20.0,
7292,CURRENT_RUN_REAL_DATA,True,112,112,0,0,0,5,106,4,43,1,111,111,111,1196,0.0,40.0,
7293,CURRENT_RUN_REAL_DATA,True,99,99,0,0,0,0,98,0,79,0,98,98,98,1195,8.0,22.0,
7294,CURRENT_RUN_REAL_DATA,True,104,104,0,0,0,1,102,1,27,0,103,103,103,1195,0.0,23.0,
7295,CURRENT_RUN_REAL_DATA,True,99,99,0,0,0,1,97,0,72,0,98,98,98,1184,0.0,22.0,
7296,CURRENT_RUN_REAL_DATA,True,98,98,0,0,0,0,97,0,89,0,97,97,97,1185,6.0,28.0,
7297,CURRENT_RUN_REAL_DATA,True,100,100,0,0,0,0,99,0,79,0,99,99,99,1191,4.0,20.0,
7298,CURRENT_RUN_REAL_DATA,True,90,90,0,0,0,0,89,0,70,0,89,89,89,1190,4.0,30.0,
7299,CURRENT_RUN_REAL_DATA,True,99,99,0,0,0,3,95,1,79,1,98,98,98,1189,0.0,51.0,
7300,CURRENT_RUN_REAL_DATA,True,100,100,0,0,0,0,99,0,79,0,99,99,99,1191,4.0,20.0,
7301,CURRENT_RUN_REAL_DATA,True,99,99,0,0,0,0,98,0,3,0,98,98,98,1186,7.0,20.0,
7302,CURRENT_RUN_REAL_DATA,True,99,99,0,0,0,0,98,0,79,0,98,98,98,1191,9.0,20.0,
7303,CURRENT_RUN_REAL_DATA,True,99,99,0,0,0,0,98,0,78,0,98,98,98,1188,5.0,30.0,
7304,CURRENT_RUN_REAL_DATA,True,103,103,0,0,0,5,97,5,26,2,102,102,102,1193,0.0,49.0,
7305,CURRENT_RUN_REAL_DATA,True,99,99,0,0,0,0,98,0,95,0,98,98,98,1195,9.0,21.0,
7306,CURRENT_RUN_REAL_DATA,True,127,127,0,0,0,1,125,1,33,0,126,126,126,1186,0.0,21.0,
7307,CURRENT_RUN_REAL_DATA,True,101,101,0,0,0,0,100,0,73,0,100,100,100,1191,2.0,29.0,
7308,CURRENT_RUN_REAL_DATA,True,100,100,0,0,0,0,99,0,70,0,99,99,99,1194,1.0,20.0,
7309,CURRENT_RUN_REAL_DATA,True,109,109,0,0,0,0,108,0,12,0,108,108,108,1180,1.0,26.0,
7310,CURRENT_RUN_REAL_DATA,True,48,48,0,0,0,0,47,0,40,0,47,47,47,568,2.0,20.0,
7311,CURRENT_RUN_REAL_DATA,True,133,133,0,0,0,0,132,0,22,0,132,132,132,1188,1.0,21.0,
7312,CURRENT_RUN_REAL_DATA,True,117,117,0,0,0,4,112,3,31,1,116,116,116,1193,0.0,36.0,
7313,CURRENT_RUN_REAL_DATA,True,108,108,0,0,0,2,105,2,0,1,107,107,107,1186,0.0,140.0,
7314,CURRENT_RUN_REAL_DATA,True,99,99,0,0,0,2,96,0,95,1,98,98,98,1195,0.0,45.0,
7315,CURRENT_RUN_REAL_DATA,True,103,103,0,0,0,3,99,0,66,2,102,102,102,1191,0.0,62.0,
7316,CURRENT_RUN_REAL_DATA,True,117,117,0,0,0,2,114,2,31,1,116,116,116,1190,0.0,45.0,
7317,CURRENT_RUN_REAL_DATA,True,100,100,0,0,0,0,99,0,79,0,99,99,99,1187,6.0,30.0,
7318,CURRENT_RUN_REAL_DATA,True,99,99,0,0,0,0,98,0,85,0,98,98,98,1190,6.0,30.0,
7319,CURRENT_RUN_REAL_DATA,True,99,99,0,0,0,0,98,0,88,0,98,98,98,1195,9.0,21.0,
7320,CURRENT_RUN_REAL_DATA,True,99,99,0,0,0,0,98,0,78,0,98,98,98,1189,8.0,22.0,
7321,CURRENT_RUN_REAL_DATA,True,100,100,0,0,0,0,99,0,82,0,99,99,99,1194,1.0,20.0,
7322,CURRENT_RUN_REAL_DATA,True,111,111,0,0,0,1,109,0,41,0,110,110,110,1193,0.0,23.0,
7323,CURRENT_RUN_REAL_DATA,True,127,127,0,0,0,1,125,1,36,0,126,126,126,1191,0.0,26.0,
7324,CURRENT_RUN_REAL_DATA,True,102,102,0,0,0,0,101,0,14,0,101,101,101,1197,2.0,22.0,
7325,CURRENT_RUN_REAL_DATA,True,98,98,0,0,0,0,97,0,87,0,97,97,97,1189,3.0,29.0,
7326,CURRENT_RUN_REAL_DATA,True,100,100,0,0,0,0,99,0,93,0,99,99,99,1190,4.0,21.0,
7327,CURRENT_RUN_REAL_DATA,True,100,100,0,0,0,0,99,0,89,0,99,99,99,1190,6.0,30.0,
7328,CURRENT_RUN_REAL_DATA,True,95,95,0,0,0,0,94,0,32,1,94,94,94,1190,3.0,75.0,
7329,CURRENT_RUN_REAL_DATA,True,112,112,0,0,0,29,82,0,101,8,111,111,111,1195,0.0,55.0,
7330,CURRENT_RUN_REAL_DATA,True,98,98,0,0,0,0,97,0,78,0,97,97,97,1186,8.0,22.0,
7331,CURRENT_RUN_REAL_DATA,True,96,96,0,0,0,2,93,2,2,1,95,95,95,1171,0.0,107.0,
7332,CURRENT_RUN_REAL_DATA,True,107,107,0,0,0,2,104,2,1,1,106,106,106,1182,0.0,37.0,
7333,CURRENT_RUN_REAL_DATA,True,101,101,0,0,0,1,99,0,86,0,100,100,100,1191,0.0,21.0,
7334,CURRENT_RUN_REAL_DATA,True,103,103,0,0,0,1,101,1,51,0,102,102,102,1191,0.0,30.0,
7335,CURRENT_RUN_REAL_DATA,True,127,127,0,0,0,13,113,12,23,2,126,126,126,1186,0.0,42.0,
7336,CURRENT_RUN_REAL_DATA,True,102,102,0,0,0,0,101,0,0,0,101,101,101,1192,1.0,22.0,
7337,CURRENT_RUN_REAL_DATA,True,100,100,0,0,0,0,99,0,2,0,99,99,99,1190,5.0,21.0,
7338,CURRENT_RUN_REAL_DATA,True,97,97,0,0,0,0,96,0,77,0,96,96,96,1195,9.0,30.0,
7339,CURRENT_RUN_REAL_DATA,True,117,117,0,0,0,24,92,19,34,5,116,116,116,1198,0.0,106.0,
7340,CURRENT_RUN_REAL_DATA,True,92,92,0,0,0,0,91,0,37,0,91,91,91,1027,1.0,30.0,
7341,CURRENT_RUN_REAL_DATA,True,101,101,0,0,0,0,100,0,7,0,100,100,100,1188,1.0,30.0,
7342,CURRENT_RUN_REAL_DATA,True,113,113,0,0,0,20,92,16,28,2,112,112,112,1154,0.0,123.0,
7343,CURRENT_RUN_REAL_DATA,True,112,112,0,0,0,14,97,12,35,2,111,111,111,1191,0.0,74.0,
7344,CURRENT_RUN_REAL_DATA,True,100,100,0,0,0,0,99,0,79,0,99,99,99,1193,1.0,20.0,
7345,CURRENT_RUN_REAL_DATA,True,100,100,0,0,0,0,99,0,98,0,99,99,99,1191,3.0,20.0,
7346,CURRENT_RUN_REAL_DATA,True,117,117,0,0,0,6,110,6,18,0,116,116,116,1195,0.0,29.0,
7347,CURRENT_RUN_REAL_DATA,True,96,96,0,0,0,4,91,3,48,1,95,95,95,1114,0.0,61.0,
7348,CURRENT_RUN_REAL_DATA,True,118,118,0,0,0,9,108,9,0,1,117,117,117,1192,0.0,54.0,
7349,CURRENT_RUN_REAL_DATA,True,106,106,0,0,0,9,96,9,21,4,105,105,105,1193,0.0,57.0,
7350,CURRENT_RUN_REAL_DATA,True,101,101,0,0,0,0,100,0,45,1,100,100,100,1191,2.0,40.0,
7351,CURRENT_RUN_REAL_DATA,True,100,100,0,0,0,0,99,0,90,0,99,99,99,1190,5.0,20.0,
7352,CURRENT_RUN_REAL_DATA,True,134,134,0,0,0,26,107,26,0,3,133,133,133,1196,0.0,170.0,
7353,CURRENT_RUN_REAL_DATA,True,100,100,0,0,0,0,99,0,89,0,99,99,99,1181,6.0,21.0,
7354,CURRENT_RUN_REAL_DATA,True,104,104,0,0,0,5,98,5,30,1,103,103,103,1190,0.0,45.0,
7355,CURRENT_RUN_REAL_DATA,True,111,111,0,0,0,4,106,0,14,1,110,110,110,1191,0.0,107.0,
7356,CURRENT_RUN_REAL_DATA,True,100,100,0,0,0,0,99,0,80,0,99,99,99,1194,1.0,20.0,
7357,CURRENT_RUN_REAL_DATA,True,99,99,0,0,0,2,96,0,88,1,98,98,98,1191,0.0,41.0,
7358,CURRENT_RUN_REAL_DATA,True,102,102,0,0,0,10,91,10,0,1,101,101,101,1191,0.0,108.0,
7359,CURRENT_RUN_REAL_DATA,True,100,100,0,0,0,0,99,0,89,0,99,99,99,1192,2.0,20.0,
7360,CURRENT_RUN_REAL_DATA,True,100,100,0,0,0,0,99,0,79,0,99,99,99,1191,2.0,20.0,
7361,CURRENT_RUN_REAL_DATA,True,98,98,0,0,0,3,94,1,80,0,97,97,97,1144,0.0,21.0,
7362,CURRENT_RUN_REAL_DATA,True,101,101,0,0,0,27,73,16,31,3,100,100,100,1069,0.0,123.0,
7363,CURRENT_RUN_REAL_DATA,True,100,100,0,0,0,1,98,0,91,0,99,99,99,1189,0.0,23.0,
7364,CURRENT_RUN_REAL_DATA,True,100,100,0,0,0,0,99,0,91,0,99,99,99,1190,5.0,21.0,
7365,CURRENT_RUN_REAL_DATA,True,97,97,0,0,0,0,96,0,84,0,96,96,96,1186,9.0,22.0,
7366,CURRENT_RUN_REAL_DATA,True,99,99,0,0,0,0,98,0,4,0,98,98,98,1188,7.0,28.0,
7367,CURRENT_RUN_REAL_DATA,True,100,100,0,0,0,0,99,0,99,0,99,99,99,1190,4.0,20.0,
7368,CURRENT_RUN_REAL_DATA,True,99,99,0,0,0,0,98,0,89,0,98,98,98,1190,7.0,21.0,
7369,CURRENT_RUN_REAL_DATA,True,98,98,0,0,0,0,97,0,88,0,97,97,97,1188,7.0,30.0,
7370,CURRENT_RUN_REAL_DATA,True,100,100,0,0,0,0,99,0,71,0,99,99,99,1186,2.0,27.0,
7371,CURRENT_RUN_REAL_DATA,True,99,99,0,0,0,0,98,0,97,0,98,98,98,1195,10.0,20.0,
7372,CURRENT_RUN_REAL_DATA,True,107,107,0,0,0,0,106,0,13,0,106,106,106,1195,1.0,28.0,
7373,CURRENT_RUN_REAL_DATA,True,105,105,0,0,0,6,98,6,6,2,104,104,104,1191,0.0,44.0,
7374,CURRENT_RUN_REAL_DATA,True,98,98,0,0,0,0,97,0,87,0,97,97,97,1188,1.0,29.0,
7375,CURRENT_RUN_REAL_DATA,True,126,126,0,0,0,10,115,10,16,0,125,125,125,1181,0.0,24.0,
7376,CURRENT_RUN_REAL_DATA,True,100,100,0,0,0,3,96,2,12,1,99,99,99,1191,0.0,40.0,
7377,CURRENT_RUN_REAL_DATA,True,99,99,0,0,0,0,98,0,17,0,98,98,98,1195,9.0,21.0,
7378,CURRENT_RUN_REAL_DATA,True,100,100,0,0,0,3,96,0,89,1,99,99,99,1191,0.0,46.0,
7379,CURRENT_RUN_REAL_DATA,True,101,101,0,0,0,0,100,0,80,0,100,100,100,1195,2.0,23.0,
7380,CURRENT_RUN_REAL_DATA,True,99,99,0,0,0,0,98,0,91,0,98,98,98,1194,9.0,21.0,
7381,CURRENT_RUN_REAL_DATA,True,103,103,0,0,0,0,102,0,65,0,102,102,102,1186,2.0,21.0,
7382,CURRENT_RUN_REAL_DATA,True,96,96,0,0,0,9,86,9,0,2,95,95,95,1189,0.0,160.0,
7383,CURRENT_RUN_REAL_DATA,True,99,99,0,0,0,0,98,0,78,0,98,98,98,1195,9.0,21.0,
7384,CURRENT_RUN_REAL_DATA,True,120,120,0,0,0,40,79,30,39,1,119,119,119,917,0.0,33.0,
7385,CURRENT_RUN_REAL_DATA,True,106,106,0,0,0,3,102,3,29,1,105,105,105,1194,0.0,129.0,
7386,CURRENT_RUN_REAL_DATA,True,100,100,0,0,0,10,89,10,0,3,99,99,99,1198,0.0,38.0,
7387,CURRENT_RUN_REAL_DATA,True,99,99,0,0,0,0,98,0,89,0,98,98,98,1191,9.0,20.0,
7388,CURRENT_RUN_REAL_DATA,True,89,89,0,0,0,1,87,1,8,2,88,88,88,1179,0.0,115.0,
7389,CURRENT_RUN_REAL_DATA,True,95,95,0,0,0,0,94,0,31,1,94,94,94,1180,1.0,108.0,
7390,CURRENT_RUN_REAL_DATA,True,100,100,0,0,0,0,99,0,1,0,99,99,99,1191,6.0,21.0,
7391,CURRENT_RUN_REAL_DATA,True,114,114,0,0,0,3,110,2,25,1,113,113,113,1189,0.0,31.0,
7392,CURRENT_RUN_REAL_DATA,True,128,128,0,0,0,23,104,23,0,5,127,127,127,1188,0.0,78.0,
7393,CURRENT_RUN_REAL_DATA,True,99,99,0,0,0,0,98,0,92,0,98,98,98,1189,6.0,22.0,
7394,CURRENT_RUN_REAL_DATA,True,113,113,0,0,0,1,111,1,31,1,112,112,112,1187,0.0,33.0,
7395,CURRENT_RUN_REAL_DATA,True,91,91,0,0,0,28,62,3,74,8,90,90,90,1133,0.0,162.0,
7396,CURRENT_RUN_REAL_DATA,True,97,97,0,0,0,0,96,0,88,1,96,96,96,1189,7.0,31.0,
7397,CURRENT_RUN_REAL_DATA,True,109,109,0,0,0,4,104,4,8,0,108,108,108,1189,0.0,30.0,
7398,CURRENT_RUN_REAL_DATA,True,100,100,0,0,0,0,99,0,89,0,99,99,99,1190,1.0,20.0,
7399,CURRENT_RUN_REAL_DATA,True,98,98,0,0,0,6,91,6,0,4,97,97,97,1167,0.0,80.0,
7400,CURRENT_RUN_REAL_DATA,True,100,100,0,0,0,0,99,0,89,0,99,99,99,1194,1.0,21.0,
7401,CURRENT_RUN_REAL_DATA,True,100,100,0,0,0,1,98,0,89,0,99,99,99,1191,0.0,21.0,
7402,CURRENT_RUN_REAL_DATA,True,99,99,0,0,0,15,83,6,24,4,98,98,98,1146,0.0,147.0,
7403,CURRENT_RUN_REAL_DATA,True,100,100,0,0,0,0,99,0,79,0,99,99,99,1192,3.0,20.0,
7404,CURRENT_RUN_REAL_DATA,True,69,69,0,0,0,0,68,0,0,3,68,68,68,990,3.0,70.0,
7405,CURRENT_RUN_REAL_DATA,True,107,107,0,0,0,3,103,3,14,1,106,106,106,1076,0.0,31.0,
7406,CURRENT_RUN_REAL_DATA,True,102,102,0,0,0,0,101,0,28,0,101,101,101,1186,2.0,28.0,
7407,CURRENT_RUN_REAL_DATA,True,100,100,0,0,0,0,99,0,96,0,99,99,99,1194,1.0,20.0,
7408,CURRENT_RUN_REAL_DATA,True,104,104,0,0,0,1,102,1,40,1,103,103,103,1187,0.0,37.0,
7409,CURRENT_RUN_REAL_DATA,True,106,106,0,0,0,2,103,1,10,0,105,105,105,1181,0.0,27.0,
7410,CURRENT_RUN_REAL_DATA,True,73,73,0,0,0,43,29,23,33,13,72,72,72,995,0.0,114.0,
7411,CURRENT_RUN_REAL_DATA,True,109,109,0,0,0,18,90,13,18,4,108,108,108,1194,0.0,57.0,
7412,CURRENT_RUN_REAL_DATA,True,103,103,0,0,0,0,102,0,8,1,102,102,102,1138,1.0,35.0,
7413,CURRENT_RUN_REAL_DATA,True,111,111,0,0,0,1,109,0,41,0,110,110,110,1186,0.0,29.0,
7414,CURRENT_RUN_REAL_DATA,True,100,100,0,0,0,1,98,0,92,0,99,99,99,1195,0.0,22.0,
7415,CURRENT_RUN_REAL_DATA,True,98,98,0,0,0,0,97,0,60,0,97,97,97,1187,8.0,27.0,
7416,CURRENT_RUN_REAL_DATA,True,98,98,0,0,0,2,95,2,19,2,97,97,97,1186,0.0,41.0,
7417,CURRENT_RUN_REAL_DATA,True,98,98,0,0,0,0,97,0,78,0,97,97,97,1195,9.0,30.0,
7418,CURRENT_RUN_REAL_DATA,True,113,113,0,0,0,7,105,7,18,2,112,112,112,1192,0.0,50.0,
7419,CURRENT_RUN_REAL_DATA,True,115,115,0,0,0,3,111,3,4,1,114,114,114,1190,0.0,35.0,
7420,CURRENT_RUN_REAL_DATA,True,111,111,0,0,0,44,66,31,29,4,110,110,110,1193,0.0,407.0,
7421,CURRENT_RUN_REAL_DATA,True,95,95,0,0,0,0,94,0,80,1,94,94,94,1195,9.0,60.0,
7422,CURRENT_RUN_REAL_DATA,True,84,84,0,0,0,0,83,0,0,3,83,83,83,1186,1.0,101.0,
7423,CURRENT_RUN_REAL_DATA,True,53,53,0,0,0,26,26,16,23,9,52,52,52,1198,0.0,275.0,
7424,CURRENT_RUN_REAL_DATA,True,99,99,0,0,0,0,98,0,93,0,98,98,98,1195,3.0,23.0,
7425,CURRENT_RUN_REAL_DATA,True,111,111,0,0,0,2,108,2,5,0,110,110,110,1192,0.0,24.0,
7426,CURRENT_RUN_REAL_DATA,True,100,100,0,0,0,0,99,0,34,0,99,99,99,1190,3.0,21.0,
7427,CURRENT_RUN_REAL_DATA,True,100,100,0,0,0,1,98,0,92,0,99,99,99,1191,0.0,21.0,
7428,CURRENT_RUN_REAL_DATA,True,100,100,0,0,0,0,99,0,76,0,99,99,99,1191,1.0,21.0,
7429,CURRENT_RUN_REAL_DATA,True,101,101,0,0,0,7,93,7,13,3,100,100,100,1186,0.0,62.0,
7430,CURRENT_RUN_REAL_DATA,True,100,100,0,0,0,2,97,2,0,3,99,99,99,1187,0.0,75.0,
7431,CURRENT_RUN_REAL_DATA,True,117,117,0,0,0,2,114,2,16,0,116,116,116,1180,0.0,21.0,
7432,CURRENT_RUN_REAL_DATA,True,100,100,0,0,0,0,99,0,90,0,99,99,99,1191,1.0,21.0,
7433,CURRENT_RUN_REAL_DATA,True,140,140,0,0,0,4,135,4,35,0,139,139,139,1195,0.0,28.0,
7434,CURRENT_RUN_REAL_DATA,True,107,107,0,0,0,1,105,1,31,0,106,106,106,1193,0.0,21.0,
7435,CURRENT_RUN_REAL_DATA,True,98,98,0,0,0,0,97,0,15,0,97,97,97,1186,9.0,21.0,
7436,CURRENT_RUN_REAL_DATA,True,100,100,0,0,0,0,99,0,80,0,99,99,99,1191,3.0,21.0,
7437,CURRENT_RUN_REAL_DATA,True,99,99,0,0,0,0,98,0,88,0,98,98,98,1183,1.0,21.0,
7438,CURRENT_RUN_REAL_DATA,True,103,103,0,0,0,9,93,9,2,2,102,102,102,1190,0.0,79.0,
7439,CURRENT_RUN_REAL_DATA,True,100,100,0,0,0,0,99,0,4,0,99,99,99,1190,5.0,21.0,
7440,CURRENT_RUN_REAL_DATA,True,97,97,0,0,0,0,96,0,86,0,96,96,96,1186,7.0,30.0,
7441,CURRENT_RUN_REAL_DATA,True,44,44,0,0,0,0,43,0,12,0,43,43,43,486,2.0,30.0,
7442,CURRENT_RUN_REAL_DATA,True,121,121,0,0,0,11,109,11,15,2,120,120,120,1191,0.0,48.0,
7443,CURRENT_RUN_REAL_DATA,True,100,100,0,0,0,0,99,0,89,0,99,99,99,1191,3.0,20.0,
7444,CURRENT_RUN_REAL_DATA,True,105,105,0,0,0,5,99,1,42,2,104,104,104,1155,0.0,33.0,
7445,CURRENT_RUN_REAL_DATA,True,117,117,0,0,0,3,113,2,18,0,116,116,116,1189,0.0,22.0,
7446,CURRENT_RUN_REAL_DATA,True,118,118,0,0,0,0,117,0,27,0,117,117,117,1189,1.0,23.0,
7447,CURRENT_RUN_REAL_DATA,True,100,100,0,0,0,0,99,0,24,0,99,99,99,1191,2.0,20.0,
7448,CURRENT_RUN_REAL_DATA,True,106,106,0,0,0,4,101,4,17,1,105,105,105,1194,0.0,41.0,
7449,CURRENT_RUN_REAL_DATA,True,100,100,0,0,0,0,99,0,79,0,99,99,99,1190,6.0,30.0,
7450,CURRENT_RUN_REAL_DATA,True,97,97,0,0,0,14,82,14,1,6,96,96,96,1188,0.0,104.0,
7451,CURRENT_RUN_REAL_DATA,True,114,114,0,0,0,5,108,5,11,2,113,113,113,1180,0.0,51.0,
7452,CURRENT_RUN_REAL_DATA,True,100,100,0,0,0,0,99,0,79,0,99,99,99,1191,4.0,21.0,
7453,CURRENT_RUN_REAL_DATA,True,111,111,0,0,0,2,108,2,18,1,110,110,110,1189,0.0,44.0,
7454,CURRENT_RUN_REAL_DATA,True,99,99,0,0,0,2,96,0,68,1,98,98,98,1195,0.0,103.0,
7455,CURRENT_RUN_REAL_DATA,True,99,99,0,0,0,1,97,1,40,2,98,98,98,1189,0.0,63.0,
7456,CURRENT_RUN_REAL_DATA,True,107,107,0,0,0,3,103,3,7,0,106,106,106,1186,0.0,30.0,
7457,CURRENT_RUN_REAL_DATA,True,100,100,0,0,0,0,99,0,94,0,99,99,99,1187,5.0,21.0,
7458,CURRENT_RUN_REAL_DATA,True,102,102,0,0,0,0,101,0,91,0,101,101,101,1193,4.0,21.0,
7459,CURRENT_RUN_REAL_DATA,True,109,109,0,0,0,4,104,3,17,0,108,108,108,1190,0.0,23.0,
7460,CURRENT_RUN_REAL_DATA,True,102,102,0,0,0,4,97,0,81,0,101,101,101,1167,0.0,23.0,
7461,CURRENT_RUN_REAL_DATA,True,100,100,0,0,0,0,99,0,91,0,99,99,99,1191,2.0,21.0,
7462,CURRENT_RUN_REAL_DATA,True,98,98,0,0,0,0,97,0,77,0,97,97,97,1195,10.0,30.0,
7463,CURRENT_RUN_REAL_DATA,True,104,104,0,0,0,20,83,10,77,3,103,103,103,1150,0.0,62.0,
7464,CURRENT_RUN_REAL_DATA,True,99,99,0,0,0,0,98,0,78,0,98,98,98,1195,10.0,20.0,
7465,CURRENT_RUN_REAL_DATA,True,99,99,0,0,0,0,98,0,44,0,98,98,98,1195,10.0,20.0,
7466,CURRENT_RUN_REAL_DATA,True,99,99,0,0,0,0,98,0,78,0,98,98,98,1184,1.0,21.0,
7467,CURRENT_RUN_REAL_DATA,True,107,107,0,0,0,31,75,31,1,12,106,106,106,1189,0.0,50.0,
7468,CURRENT_RUN_REAL_DATA,True,99,99,0,0,0,0,98,0,89,0,98,98,98,1190,6.0,30.0,
7469,CURRENT_RUN_REAL_DATA,True,108,108,0,0,0,41,66,39,10,1,107,107,107,859,0.0,147.0,
7470,CURRENT_RUN_REAL_DATA,True,102,102,0,0,0,10,91,8,7,4,101,101,101,1173,0.0,134.0,
7471,CURRENT_RUN_REAL_DATA,True,100,100,0,0,0,0,99,0,89,0,99,99,99,1191,1.0,21.0,
7472,CURRENT_RUN_REAL_DATA,True,89,89,0,0,0,59,29,17,64,7,88,88,88,881,0.0,284.0,
7473,CURRENT_RUN_REAL_DATA,True,105,105,0,0,0,3,101,3,32,1,104,104,104,1187,0.0,43.0,
7474,CURRENT_RUN_REAL_DATA,True,99,99,0,0,0,1,97,1,1,1,98,98,98,1188,0.0,104.0,
7475,CURRENT_RUN_REAL_DATA,True,112,112,0,0,0,22,89,22,1,3,111,111,111,1184,0.0,118.0,
7476,CURRENT_RUN_REAL_DATA,True,101,101,0,0,0,3,97,2,70,1,100,100,100,1189,0.0,32.0,
7477,CURRENT_RUN_REAL_DATA,True,113,113,0,0,0,9,103,6,23,3,112,112,112,1190,0.0,50.0,
7478,CURRENT_RUN_REAL_DATA,True,100,100,0,0,0,0,99,0,80,0,99,99,99,1191,4.0,20.0,
7479,CURRENT_RUN_REAL_DATA,True,99,99,0,0,0,0,98,0,92,0,98,98,98,1190,7.0,30.0,
7480,CURRENT_RUN_REAL_DATA,True,99,99,0,0,0,1,97,0,88,0,98,98,98,1193,0.0,30.0,
7481,CURRENT_RUN_REAL_DATA,True,124,124,0,0,0,6,117,6,0,0,123,123,123,1164,0.0,30.0,
7482,CURRENT_RUN_REAL_DATA,True,102,102,0,0,0,2,99,2,21,1,101,101,101,1186,0.0,80.0,
7483,CURRENT_RUN_REAL_DATA,True,109,109,0,0,0,0,108,0,34,0,108,108,108,1189,1.0,26.0,
7484,CURRENT_RUN_REAL_DATA,True,109,109,0,0,0,1,107,0,24,0,108,108,108,1196,0.0,30.0,
7485,CURRENT_RUN_REAL_DATA,True,100,100,0,0,0,0,99,0,91,0,99,99,99,1191,4.0,20.0,
7486,CURRENT_RUN_REAL_DATA,True,100,100,0,0,0,0,99,0,18,0,99,99,99,1189,1.0,22.0,
7487,CURRENT_RUN_REAL_DATA,True,104,104,0,0,0,0,103,0,9,0,103,103,103,1193,1.0,30.0,
7488,CURRENT_RUN_REAL_DATA,True,103,103,0,0,0,35,67,15,56,1,102,102,102,1195,0.0,499.0,
7489,CURRENT_RUN_REAL_DATA,True,104,104,0,0,0,1,102,1,17,0,103,103,103,1190,0.0,21.0,
7490,CURRENT_RUN_REAL_DATA,True,101,101,0,0,0,2,98,2,21,2,100,100,100,1161,0.0,34.0,
7491,CURRENT_RUN_REAL_DATA,True,122,122,0,0,0,4,117,3,29,0,121,121,121,1195,0.0,26.0,
7492,CURRENT_RUN_REAL_DATA,True,153,153,0,0,0,113,39,101,16,3,152,152,152,881,0.0,476.0,
7493,CURRENT_RUN_REAL_DATA,True,97,97,0,0,0,0,96,0,84,0,96,96,96,1175,8.0,22.0,
7494,CURRENT_RUN_REAL_DATA,True,100,100,0,0,0,0,99,0,89,0,99,99,99,1191,4.0,21.0,
7495,CURRENT_RUN_REAL_DATA,True,99,99,0,0,0,0,98,0,94,0,98,98,98,1191,6.0,30.0,
7496,CURRENT_RUN_REAL_DATA,True,103,103,0,0,0,0,102,0,60,0,102,102,102,1186,1.0,29.0,
7497,CURRENT_RUN_REAL_DATA,True,100,100,0,0,0,2,97,2,0,1,99,99,99,1192,0.0,43.0,
7498,CURRENT_RUN_REAL_DATA,True,105,105,0,0,0,0,104,0,4,0,104,104,104,1187,1.0,30.0,
7499,CURRENT_RUN_REAL_DATA,True,100,100,0,0,0,0,99,0,81,0,99,99,99,1190,4.0,22.0,
7500,CURRENT_RUN_REAL_DATA,True,98,98,0,0,0,4,93,1,77,1,97,97,97,1185,0.0,64.0,
7501,CURRENT_RUN_REAL_DATA,True,99,99,0,0,0,0,98,0,90,0,98,98,98,1195,10.0,20.0,
7502,CURRENT_RUN_REAL_DATA,True,47,47,0,0,0,42,4,11,31,1,46,46,46,78,0.0,47.0,
7503,CURRENT_RUN_REAL_DATA,True,102,102,0,0,0,7,94,4,49,3,101,101,101,1186,0.0,133.0,
7504,CURRENT_RUN_REAL_DATA,True,98,98,0,0,0,0,97,0,91,0,97,97,97,1186,8.0,22.0,
7505,CURRENT_RUN_REAL_DATA,True,99,99,0,0,0,0,98,0,45,0,98,98,98,1188,7.0,28.0,
7506,CURRENT_RUN_REAL_DATA,True,97,97,0,0,0,6,90,6,0,3,96,96,96,1065,0.0,43.0,
7507,CURRENT_RUN_REAL_DATA,True,100,100,0,0,0,0,99,0,92,0,99,99,99,1191,5.0,21.0,
7508,CURRENT_RUN_REAL_DATA,True,108,108,0,0,0,5,102,4,45,2,107,107,107,1186,0.0,37.0,
7509,CURRENT_RUN_REAL_DATA,True,97,97,0,0,0,0,96,0,2,0,96,96,96,1186,9.0,30.0,
7510,CURRENT_RUN_REAL_DATA,True,100,100,0,0,0,0,99,0,76,0,99,99,99,1190,6.0,20.0,
7511,CURRENT_RUN_REAL_DATA,True,93,93,0,0,0,1,91,1,0,0,92,92,92,1147,0.0,30.0,
7512,CURRENT_RUN_REAL_DATA,True,98,98,0,0,0,0,97,0,77,0,97,97,97,1195,10.0,30.0,
7513,CURRENT_RUN_REAL_DATA,True,107,107,0,0,0,16,90,16,9,1,106,106,106,1165,0.0,126.0,
7514,CURRENT_RUN_REAL_DATA,True,98,98,0,0,0,0,97,0,79,0,97,97,97,1195,10.0,30.0,
7515,CURRENT_RUN_REAL_DATA,True,115,115,0,0,0,85,29,50,58,1,114,114,114,389,0.0,35.0,
7516,CURRENT_RUN_REAL_DATA,True,106,106,0,0,0,95,10,64,35,0,105,105,105,57,0.0,10.0,
7517,CURRENT_RUN_REAL_DATA,True,124,124,0,0,0,34,89,29,36,4,123,123,123,1192,0.0,123.0,
7518,CURRENT_RUN_REAL_DATA,True,24,24,0,0,0,14,9,9,5,0,23,23,23,101,0.0,20.0,
7519,CURRENT_RUN_REAL_DATA,True,100,100,0,0,0,0,99,0,79,0,99,99,99,1191,3.0,20.0,
7520,CURRENT_RUN_REAL_DATA,True,98,98,0,0,0,0,97,0,55,0,97,97,97,1187,9.0,27.0,
7521,CURRENT_RUN_REAL_DATA,True,110,110,0,0,0,5,104,5,23,2,109,109,109,1187,0.0,56.0,
7522,CURRENT_RUN_REAL_DATA,True,112,112,0,0,0,37,74,33,31,3,111,111,111,1139,0.0,191.0,
7523,CURRENT_RUN_REAL_DATA,True,98,98,0,0,0,0,97,0,14,0,97,97,97,1191,5.0,22.0,
7524,CURRENT_RUN_REAL_DATA,True,98,98,0,0,0,0,97,0,46,1,97,97,97,1198,7.0,31.0,
7525,CURRENT_RUN_REAL_DATA,True,95,95,0,0,0,3,91,3,13,1,94,94,94,1196,0.0,116.0,
7526,CURRENT_RUN_REAL_DATA,True,104,104,0,0,0,7,96,6,23,3,103,103,103,1186,0.0,111.0,
7527,CURRENT_RUN_REAL_DATA,True,140,140,0,0,0,6,133,5,23,0,139,139,139,1184,0.0,24.0,
7528,CURRENT_RUN_REAL_DATA,True,111,111,0,0,0,2,108,2,1,1,110,110,110,1190,0.0,39.0,
7529,CURRENT_RUN_REAL_DATA,True,120,120,0,0,0,24,95,22,14,4,119,119,119,1150,0.0,71.0,
7530,CURRENT_RUN_REAL_DATA,True,99,99,0,0,0,0,98,0,91,0,98,98,98,1194,7.0,21.0,
7531,CURRENT_RUN_REAL_DATA,True,120,120,0,0,0,0,119,0,20,1,119,119,119,1187,1.0,39.0,
7532,CURRENT_RUN_REAL_DATA,True,98,98,0,0,0,0,97,0,77,0,97,97,97,1189,8.0,30.0,
7533,CURRENT_RUN_REAL_DATA,True,111,111,0,0,0,2,108,2,41,0,110,110,110,1194,0.0,21.0,
7534,CURRENT_RUN_REAL_DATA,True,95,95,0,0,0,5,89,3,41,2,94,94,94,1194,0.0,154.0,
7535,CURRENT_RUN_REAL_DATA,True,101,101,0,0,0,0,100,0,90,0,100,100,100,1195,1.0,26.0,
7536,CURRENT_RUN_REAL_DATA,True,107,107,0,0,0,1,105,1,42,0,106,106,106,1186,0.0,28.0,
7537,CURRENT_RUN_REAL_DATA,True,102,102,0,0,0,9,92,9,4,2,101,101,101,1198,0.0,54.0,
7538,CURRENT_RUN_REAL_DATA,True,98,98,0,0,0,1,96,0,87,0,97,97,97,1186,0.0,28.0,
7539,CURRENT_RUN_REAL_DATA,True,97,97,0,0,0,0,96,0,17,1,96,96,96,1191,1.0,90.0,
7540,CURRENT_RUN_REAL_DATA,True,85,85,0,0,0,0,84,0,4,1,84,84,84,1186,1.0,231.0,
7541,CURRENT_RUN_REAL_DATA,True,100,100,0,0,0,0,99,0,96,0,99,99,99,1190,5.0,20.0,
7542,CURRENT_RUN_REAL_DATA,True,95,95,0,0,0,4,90,3,49,3,94,94,94,1192,0.0,141.0,
7543,CURRENT_RUN_REAL_DATA,True,99,99,0,0,0,0,98,0,72,0,98,98,98,1180,7.0,20.0,
7544,CURRENT_RUN_REAL_DATA,True,98,98,0,0,0,0,97,0,89,1,97,97,97,1191,1.0,41.0,
7545,CURRENT_RUN_REAL_DATA,True,114,114,0,0,0,9,104,9,11,6,113,113,113,1195,0.0,100.0,
7546,CURRENT_RUN_REAL_DATA,True,105,105,0,0,0,3,101,3,14,0,104,104,104,1191,0.0,30.0,
7547,CURRENT_RUN_REAL_DATA,True,82,82,0,0,0,22,59,10,30,2,81,81,81,1191,0.0,441.0,
7548,CURRENT_RUN_REAL_DATA,True,99,99,0,0,0,0,98,0,92,0,98,98,98,1194,9.0,21.0,
7549,CURRENT_RUN_REAL_DATA,True,101,101,0,0,0,0,100,0,28,0,100,100,100,1191,2.0,30.0,
7550,CURRENT_RUN_REAL_DATA,True,98,98,0,0,0,0,97,0,35,0,97,97,97,1190,7.0,30.0,
7551,CURRENT_RUN_REAL_DATA,True,102,102,0,0,0,2,99,2,27,1,101,101,101,1192,0.0,90.0,
7552,CURRENT_RUN_REAL_DATA,True,96,96,0,0,0,2,93,2,7,1,95,95,95,1189,0.0,91.0,
7553,CURRENT_RUN_REAL_DATA,True,98,98,0,0,0,0,97,0,77,0,97,97,97,1191,9.0,30.0,
7554,CURRENT_RUN_REAL_DATA,True,86,86,0,0,0,0,85,0,0,1,85,85,85,1191,1.0,190.0,
7555,CURRENT_RUN_REAL_DATA,True,112,112,0,0,0,5,106,5,6,1,111,111,111,1192,0.0,49.0,
7556,CURRENT_RUN_REAL_DATA,True,105,105,0,0,0,4,100,4,17,3,104,104,104,1195,0.0,61.0,
7557,CURRENT_RUN_REAL_DATA,True,99,99,0,0,0,5,93,0,88,1,98,98,98,1188,0.0,80.0,
7558,CURRENT_RUN_REAL_DATA,True,99,99,0,0,0,1,97,0,89,0,98,98,98,1186,0.0,21.0,
7559,CURRENT_RUN_REAL_DATA,True,100,100,0,0,0,0,99,0,89,0,99,99,99,1190,6.0,20.0,
7560,CURRENT_RUN_REAL_DATA,True,106,106,0,0,0,12,93,9,29,4,105,105,105,1192,0.0,89.0,
7561,CURRENT_RUN_REAL_DATA,True,99,99,0,0,0,0,98,0,88,0,98,98,98,1189,6.0,28.0,
7562,CURRENT_RUN_REAL_DATA,True,99,99,0,0,0,0,98,0,92,0,98,98,98,1191,4.0,30.0,
7563,CURRENT_RUN_REAL_DATA,True,64,64,0,0,0,30,33,0,60,7,63,63,63,1090,0.0,247.0,
7564,CURRENT_RUN_REAL_DATA,True,99,99,0,0,0,1,97,1,13,2,98,98,98,1190,0.0,89.0,
7565,CURRENT_RUN_REAL_DATA,True,98,98,0,0,0,0,97,0,94,0,97,97,97,1186,8.0,22.0,
7566,CURRENT_RUN_REAL_DATA,True,119,119,0,0,0,8,110,8,24,1,118,118,118,1147,0.0,42.0,
7567,CURRENT_RUN_REAL_DATA,True,101,101,0,0,0,3,97,0,80,1,100,100,100,1191,0.0,43.0,
7568,CURRENT_RUN_REAL_DATA,True,100,100,0,0,0,0,99,0,93,0,99,99,99,1191,3.0,21.0,
7569,CURRENT_RUN_REAL_DATA,True,110,110,0,0,0,2,107,1,17,0,109,109,109,1192,0.0,30.0,
7570,CURRENT_RUN_REAL_DATA,True,94,94,0,0,0,0,93,0,21,1,93,93,93,1191,1.0,109.0,
7571,CURRENT_RUN_REAL_DATA,True,99,99,0,0,0,0,98,0,88,0,98,98,98,1195,10.0,20.0,
7572,CURRENT_RUN_REAL_DATA,True,98,98,0,0,0,0,97,0,91,0,97,97,97,1186,7.0,23.0,
7573,CURRENT_RUN_REAL_DATA,True,102,102,0,0,0,0,101,0,78,0,101,101,101,1193,2.0,20.0,
7574,CURRENT_RUN_REAL_DATA,True,98,98,0,0,0,4,93,4,26,1,97,97,97,1188,0.0,121.0,
7575,CURRENT_RUN_REAL_DATA,True,95,95,0,0,0,0,94,0,8,1,94,94,94,1195,1.0,81.0,
7576,CURRENT_RUN_REAL_DATA,True,99,99,0,0,0,0,98,0,92,0,98,98,98,1194,9.0,21.0,
7577,CURRENT_RUN_REAL_DATA,True,98,98,0,0,0,0,97,0,87,0,97,97,97,1191,9.0,29.0,
7578,CURRENT_RUN_REAL_DATA,True,99,99,0,0,0,0,98,0,10,0,98,98,98,1187,6.0,28.0,
7579,CURRENT_RUN_REAL_DATA,True,100,100,0,0,0,0,99,0,79,0,99,99,99,1194,1.0,21.0,
7580,CURRENT_RUN_REAL_DATA,True,110,110,0,0,0,6,103,6,10,1,109,109,109,1192,0.0,55.0,
7581,CURRENT_RUN_REAL_DATA,True,99,99,0,0,0,0,98,0,89,0,98,98,98,1194,9.0,21.0,
7582,CURRENT_RUN_REAL_DATA,True,101,101,0,0,0,0,100,0,12,1,100,100,100,1190,1.0,31.0,
7583,CURRENT_RUN_REAL_DATA,True,130,130,0,0,0,9,120,9,26,1,129,129,129,1196,0.0,75.0,
7584,CURRENT_RUN_REAL_DATA,True,98,98,0,0,0,0,97,0,78,0,97,97,97,1191,10.0,30.0,
7585,CURRENT_RUN_REAL_DATA,True,99,99,0,0,0,0,98,0,19,0,98,98,98,1195,9.0,20.0,
7586,CURRENT_RUN_REAL_DATA,True,106,106,0,0,0,25,80,14,20,3,105,105,105,1117,0.0,180.0,
7587,CURRENT_RUN_REAL_DATA,True,111,111,0,0,0,3,107,3,3,0,110,110,110,1187,0.0,30.0,
7588,CURRENT_RUN_REAL_DATA,True,100,100,0,0,0,1,98,1,91,0,99,99,99,1195,0.0,21.0,
7589,CURRENT_RUN_REAL_DATA,True,104,104,0,0,0,2,101,2,13,2,103,103,103,1175,0.0,42.0,
7590,CURRENT_RUN_REAL_DATA,True,98,98,0,0,0,1,96,0,11,2,97,97,97,1191,0.0,41.0,
7591,CURRENT_RUN_REAL_DATA,True,99,99,0,0,0,0,98,0,54,0,98,98,98,1194,1.0,30.0,
7592,CURRENT_RUN_REAL_DATA,True,100,100,0,0,0,0,99,0,80,0,99,99,99,1190,1.0,20.0,
7593,CURRENT_RUN_REAL_DATA,True,99,99,0,0,0,0,98,0,78,0,98,98,98,1192,5.0,30.0,
7594,CURRENT_RUN_REAL_DATA,True,101,101,0,0,0,1,99,1,16,1,100,100,100,1180,0.0,43.0,
7595,CURRENT_RUN_REAL_DATA,True,100,100,0,0,0,0,99,0,91,0,99,99,99,1191,3.0,20.0,
7596,CURRENT_RUN_REAL_DATA,True,104,104,0,0,0,3,100,3,0,5,103,103,103,1190,0.0,81.0,
7597,CURRENT_RUN_REAL_DATA,True,100,100,0,0,0,0,99,0,92,0,99,99,99,1191,4.0,21.0,
7598,CURRENT_RUN_REAL_DATA,True,153,153,0,0,0,5,147,5,0,1,152,152,152,1178,0.0,40.0,
7599,CURRENT_RUN_REAL_DATA,True,90,90,0,0,0,0,89,0,62,1,89,89,89,1189,3.0,150.0,
7600,CURRENT_RUN_REAL_DATA,True,99,99,0,0,0,0,98,0,91,0,98,98,98,1190,9.0,21.0,
7601,CURRENT_RUN_REAL_DATA,True,99,99,0,0,0,0,98,0,88,0,98,98,98,1192,9.0,21.0,
7602,CURRENT_RUN_REAL_DATA,True,130,130,0,0,0,2,127,2,12,2,129,129,129,1190,0.0,41.0,
7603,CURRENT_RUN_REAL_DATA,True,97,97,0,0,0,0,96,0,87,0,96,96,96,1192,7.0,30.0,
7604,CURRENT_RUN_REAL_DATA,True,99,99,0,0,0,0,98,0,93,0,98,98,98,1195,9.0,20.0,
7605,CURRENT_RUN_REAL_DATA,True,99,99,0,0,0,0,98,0,91,0,98,98,98,1183,1.0,22.0,
7606,CURRENT_RUN_REAL_DATA,True,76,76,0,0,0,3,72,2,9,2,75,75,75,938,0.0,79.0,
7607,CURRENT_RUN_REAL_DATA,True,96,96,0,0,0,0,95,0,9,3,95,95,95,1133,1.0,34.0,
7608,CURRENT_RUN_REAL_DATA,True,99,99,0,0,0,0,98,0,89,0,98,98,98,1179,6.0,21.0,
7609,CURRENT_RUN_REAL_DATA,True,104,104,0,0,0,13,90,13,20,5,103,103,103,1194,0.0,91.0,
7610,CURRENT_RUN_REAL_DATA,True,104,104,0,0,0,12,91,12,0,1,103,103,103,1146,0.0,81.0,
7611,CURRENT_RUN_REAL_DATA,True,101,101,0,0,0,2,98,0,91,0,100,100,100,1191,0.0,23.0,
7612,CURRENT_RUN_REAL_DATA,True,71,71,0,0,0,30,40,11,51,0,70,70,70,477,0.0,24.0,
7613,CURRENT_RUN_REAL_DATA,True,100,100,0,0,0,1,98,0,90,0,99,99,99,1194,0.0,20.0,
7614,CURRENT_RUN_REAL_DATA,True,93,93,0,0,0,6,86,3,67,1,92,92,92,1029,0.0,86.0,
7615,CURRENT_RUN_REAL_DATA,True,100,100,0,0,0,13,86,13,19,3,99,99,99,1150,0.0,99.0,
7616,CURRENT_RUN_REAL_DATA,True,104,104,0,0,0,74,29,13,86,9,103,103,103,1196,0.0,417.0,
7617,CURRENT_RUN_REAL_DATA,True,100,100,0,0,0,0,99,0,90,0,99,99,99,1191,3.0,21.0,
7618,CURRENT_RUN_REAL_DATA,True,112,112,0,0,0,3,108,3,8,2,111,111,111,1195,0.0,51.0,
7619,CURRENT_RUN_REAL_DATA,True,106,106,0,0,0,0,105,0,23,0,105,105,105,1193,2.0,23.0,
7620,CURRENT_RUN_REAL_DATA,True,96,96,0,0,0,74,21,21,71,7,95,95,95,892,0.0,276.0,
7621,CURRENT_RUN_REAL_DATA,True,114,114,0,0,0,4,109,4,23,0,113,113,113,1178,0.0,27.0,
7622,CURRENT_RUN_REAL_DATA,True,102,102,0,0,0,1,100,0,93,0,101,101,101,1193,0.0,21.0,
7623,CURRENT_RUN_REAL_DATA,True,98,98,0,0,0,0,97,0,78,0,97,97,97,1184,5.0,25.0,
7624,CURRENT_RUN_REAL_DATA,True,53,53,0,0,0,27,25,18,22,8,52,52,52,696,0.0,222.0,
7625,CURRENT_RUN_REAL_DATA,True,119,119,0,0,0,9,109,8,24,1,118,118,118,1186,0.0,64.0,
7626,CURRENT_RUN_REAL_DATA,True,98,98,0,0,0,0,97,0,77,0,97,97,97,1186,7.0,23.0,
7627,CURRENT_RUN_REAL_DATA,True,101,101,0,0,0,1,99,0,90,0,100,100,100,1190,0.0,22.0,
7628,CURRENT_RUN_REAL_DATA,True,89,89,0,0,0,65,23,6,80,2,88,88,88,1031,0.0,720.0,
7629,CURRENT_RUN_REAL_DATA,True,104,104,0,0,0,16,87,13,59,1,103,103,103,1148,0.0,131.0,
7630,CURRENT_RUN_REAL_DATA,True,100,100,0,0,0,1,98,1,2,1,99,99,99,1191,0.0,41.0,
7631,CURRENT_RUN_REAL_DATA,True,79,79,0,0,0,9,69,8,14,4,78,78,78,927,0.0,118.0,
7632,CURRENT_RUN_REAL_DATA,True,101,101,0,0,0,1,99,1,90,0,100,100,100,1190,0.0,20.0,
7633,CURRENT_RUN_REAL_DATA,True,101,101,0,0,0,5,95,5,56,1,100,100,100,1190,0.0,59.0,
7634,CURRENT_RUN_REAL_DATA,True,107,107,0,0,0,25,81,25,0,3,106,106,106,1182,0.0,223.0,
7635,CURRENT_RUN_REAL_DATA,True,124,124,0,0,0,52,71,46,22,2,123,123,123,1185,0.0,459.0,
7636,CURRENT_RUN_REAL_DATA,True,110,110,0,0,0,4,105,4,45,1,109,109,109,1195,0.0,46.0,
7637,CURRENT_RUN_REAL_DATA,True,100,100,0,0,0,1,98,0,89,0,99,99,99,1193,0.0,30.0,
7638,CURRENT_RUN_REAL_DATA,True,99,99,0,0,0,0,98,0,96,0,98,98,98,1189,8.0,22.0,
7639,CURRENT_RUN_REAL_DATA,True,61,61,0,0,0,0,60,0,49,4,60,60,60,1195,9.0,150.0,
7640,CURRENT_RUN_REAL_DATA,True,100,100,0,0,0,0,99,0,89,0,99,99,99,1190,4.0,21.0,
7641,CURRENT_RUN_REAL_DATA,True,116,116,0,0,0,23,92,21,21,4,115,115,115,1171,0.0,108.0,
7642,CURRENT_RUN_REAL_DATA,True,97,97,0,0,0,0,96,0,75,0,96,96,96,1186,1.0,30.0,
7643,CURRENT_RUN_REAL_DATA,True,58,58,0,0,0,1,56,0,9,4,57,57,57,994,0.0,202.0,
7644,CURRENT_RUN_REAL_DATA,True,108,108,0,0,0,0,107,0,12,0,107,107,107,1193,1.0,30.0,
7645,CURRENT_RUN_REAL_DATA,True,100,100,0,0,0,4,95,0,89,1,99,99,99,1192,0.0,50.0,
7646,CURRENT_RUN_REAL_DATA,True,98,98,0,0,0,0,97,0,1,0,97,97,97,1186,9.0,21.0,
7647,CURRENT_RUN_REAL_DATA,True,128,128,0,0,0,3,124,3,15,1,127,127,127,1186,0.0,90.0,
7648,CURRENT_RUN_REAL_DATA,True,111,111,0,0,0,10,100,9,11,2,110,110,110,1141,0.0,38.0,
7649,CURRENT_RUN_REAL_DATA,True,99,99,0,0,0,0,98,0,95,0,98,98,98,1198,9.0,22.0,
7650,CURRENT_RUN_REAL_DATA,True,96,96,0,0,0,1,94,1,44,1,95,95,95,1178,0.0,79.0,
7651,CURRENT_RUN_REAL_DATA,True,106,106,0,0,0,3,102,3,28,1,105,105,105,1188,0.0,31.0,
7652,CURRENT_RUN_REAL_DATA,True,112,112,0,0,0,5,106,5,0,0,111,111,111,1191,0.0,30.0,
7653,CURRENT_RUN_REAL_DATA,True,114,114,0,0,0,2,111,2,6,0,113,113,113,1193,0.0,30.0,
7654,CURRENT_RUN_REAL_DATA,True,84,84,0,0,0,4,79,3,45,3,83,83,83,1167,0.0,244.0,
7655,CURRENT_RUN_REAL_DATA,True,103,103,0,0,0,0,102,0,31,0,102,102,102,1187,1.0,22.0,
7656,CURRENT_RUN_REAL_DATA,True,112,112,0,0,0,10,101,8,15,2,111,111,111,1186,0.0,117.0,
7657,CURRENT_RUN_REAL_DATA,True,106,106,0,0,0,0,105,0,58,0,105,105,105,1192,1.0,20.0,
7658,CURRENT_RUN_REAL_DATA,True,98,98,0,0,0,0,97,0,76,0,97,97,97,1186,8.0,21.0,
7659,CURRENT_RUN_REAL_DATA,True,99,99,0,0,0,0,98,0,93,0,98,98,98,1179,3.0,21.0,
7660,CURRENT_RUN_REAL_DATA,True,113,113,0,0,0,21,91,19,23,7,112,112,112,1187,0.0,78.0,
7661,CURRENT_RUN_REAL_DATA,True,107,107,0,0,0,7,99,5,20,2,106,106,106,1177,0.0,55.0,
7662,CURRENT_RUN_REAL_DATA,True,100,100,0,0,0,0,99,0,16,0,99,99,99,1191,1.0,23.0,
7663,CURRENT_RUN_REAL_DATA,True,99,99,0,0,0,0,98,0,79,0,98,98,98,1190,6.0,30.0,
7664,CURRENT_RUN_REAL_DATA,True,48,48,0,0,0,0,47,0,43,1,47,47,47,801,9.0,250.0,
7665,CURRENT_RUN_REAL_DATA,True,100,100,0,0,0,0,99,0,2,0,99,99,99,1191,4.0,21.0,
7666,CURRENT_RUN_REAL_DATA,True,100,100,0,0,0,0,99,0,89,0,99,99,99,1193,2.0,21.0,
7667,CURRENT_RUN_REAL_DATA,True,106,106,0,0,0,0,105,0,63,0,105,105,105,1190,1.0,21.0,
7668,CURRENT_RUN_REAL_DATA,True,103,103,0,0,0,0,102,0,76,0,102,102,102,1195,1.0,20.0,
7669,CURRENT_RUN_REAL_DATA,True,103,103,0,0,0,3,99,3,15,0,102,102,102,1179,0.0,29.0,
7670,CURRENT_RUN_REAL_DATA,True,100,100,0,0,0,1,98,1,89,0,99,99,99,1189,0.0,23.0,
7671,CURRENT_RUN_REAL_DATA,True,99,99,0,0,0,0,98,0,89,0,98,98,98,1188,7.0,28.0,
7672,CURRENT_RUN_REAL_DATA,True,102,102,0,0,0,0,101,0,55,0,101,101,101,1189,1.0,22.0,
7673,CURRENT_RUN_REAL_DATA,True,137,137,0,0,0,113,23,113,0,1,136,136,136,235,0.0,32.0,
7674,CURRENT_RUN_REAL_DATA,True,99,99,0,0,0,0,98,0,88,0,98,98,98,1190,9.0,20.0,
7675,CURRENT_RUN_REAL_DATA,True,100,100,0,0,0,0,99,0,89,0,99,99,99,1193,2.0,20.0,
7676,CURRENT_RUN_REAL_DATA,True,138,138,0,0,0,1,136,1,16,0,137,137,137,1194,0.0,29.0,
7677,CURRENT_RUN_REAL_DATA,True,113,113,0,0,0,7,105,7,5,1,112,112,112,1193,0.0,31.0,
7678,CURRENT_RUN_REAL_DATA,True,166,166,0,0,0,22,143,22,16,1,165,165,165,1191,0.0,57.0,
7679,CURRENT_RUN_REAL_DATA,True,98,98,0,0,0,0,97,0,88,0,97,97,97,1186,8.0,30.0,
7680,CURRENT_RUN_REAL_DATA,True,113,113,0,0,0,13,99,9,20,3,112,112,112,1166,0.0,90.0,
7681,CURRENT_RUN_REAL_DATA,True,109,109,0,0,0,1,107,1,19,0,108,108,108,1193,0.0,25.0,
7682,CURRENT_RUN_REAL_DATA,True,101,101,0,0,0,1,99,0,79,1,100,100,100,1186,0.0,31.0,
7683,CURRENT_RUN_REAL_DATA,True,101,101,0,0,0,0,100,0,43,0,100,100,100,1195,1.0,23.0,
7684,CURRENT_RUN_REAL_DATA,True,100,100,0,0,0,0,99,0,89,0,99,99,99,1192,1.0,21.0,
7685,CURRENT_RUN_REAL_DATA,True,82,82,0,0,0,47,34,4,74,9,81,81,81,769,0.0,143.0,
7686,CURRENT_RUN_REAL_DATA,True,109,109,0,0,0,1,107,1,0,0,108,108,108,1186,0.0,23.0,
7687,CURRENT_RUN_REAL_DATA,True,31,31,0,0,0,22,8,22,0,1,30,30,30,716,0.0,653.0,
7688,CURRENT_RUN_REAL_DATA,True,100,100,0,0,0,0,99,0,77,0,99,99,99,1185,6.0,21.0,
7689,CURRENT_RUN_REAL_DATA,True,99,99,0,0,0,5,93,5,0,1,98,98,98,1190,0.0,119.0,
7690,CURRENT_RUN_REAL_DATA,True,99,99,0,0,0,0,98,0,88,0,98,98,98,1190,6.0,30.0,
7691,CURRENT_RUN_REAL_DATA,True,83,83,0,0,0,59,23,0,82,9,82,82,82,1070,0.0,266.0,
7692,CURRENT_RUN_REAL_DATA,True,105,105,0,0,0,5,99,5,19,2,104,104,104,1195,0.0,42.0,
7693,CURRENT_RUN_REAL_DATA,True,111,111,0,0,0,21,89,17,12,4,110,110,110,1146,0.0,63.0,
7694,CURRENT_RUN_REAL_DATA,True,92,92,0,0,0,0,91,0,81,1,91,91,91,1188,7.0,31.0,
7695,CURRENT_RUN_REAL_DATA,True,106,106,0,0,0,4,101,3,63,1,105,105,105,1194,0.0,53.0,
7696,CURRENT_RUN_REAL_DATA,True,101,101,0,0,0,2,98,2,70,0,100,100,100,1170,0.0,23.0,
7697,CURRENT_RUN_REAL_DATA,True,99,99,0,0,0,0,98,0,79,0,98,98,98,1194,9.0,22.0,
7698,CURRENT_RUN_REAL_DATA,True,106,106,0,0,0,5,100,2,52,1,105,105,105,1188,0.0,46.0,
7699,CURRENT_RUN_REAL_DATA,True,109,109,0,0,0,11,97,11,0,3,108,108,108,1187,0.0,43.0,
7700,CURRENT_RUN_REAL_DATA,True,99,99,0,0,0,0,98,0,89,0,98,98,98,1180,5.0,21.0,
7701,CURRENT_RUN_REAL_DATA,True,95,95,0,0,0,1,93,1,1,1,94,94,94,1186,0.0,47.0,
7702,CURRENT_RUN_REAL_DATA,True,163,163,0,0,0,54,108,49,15,4,162,162,162,986,0.0,116.0,
7703,CURRENT_RUN_REAL_DATA,True,145,145,0,0,0,7,137,7,11,1,144,144,144,1187,0.0,35.0,
7704,CURRENT_RUN_REAL_DATA,True,94,94,0,0,0,16,77,10,19,5,93,93,93,1196,0.0,95.0,
7705,CURRENT_RUN_REAL_DATA,True,101,101,0,0,0,0,100,0,90,0,100,100,100,1190,1.0,29.0,
7706,CURRENT_RUN_REAL_DATA,True,100,100,0,0,0,11,88,11,9,3,99,99,99,1194,0.0,77.0,
7707,CURRENT_RUN_REAL_DATA,True,109,109,0,0,0,42,66,36,25,1,108,108,108,1194,0.0,443.0,
7708,CURRENT_RUN_REAL_DATA,True,99,99,0,0,0,0,98,0,0,0,98,98,98,1188,6.0,30.0,
7709,CURRENT_RUN_REAL_DATA,True,99,99,0,0,0,0,98,0,89,0,98,98,98,1186,1.0,21.0,
7710,CURRENT_RUN_REAL_DATA,True,100,100,0,0,0,0,99,0,7,0,99,99,99,1189,1.0,22.0,
7711,CURRENT_RUN_REAL_DATA,True,100,100,0,0,0,0,99,0,90,0,99,99,99,1191,4.0,21.0,
7712,CURRENT_RUN_REAL_DATA,True,100,100,0,0,0,7,92,0,80,2,99,99,99,1186,0.0,73.0,
7713,CURRENT_RUN_REAL_DATA,True,64,64,0,0,0,1,62,1,0,2,63,63,63,747,0.0,37.0,
7714,CURRENT_RUN_REAL_DATA,True,99,99,0,0,0,0,98,0,85,1,98,98,98,1190,1.0,31.0,
7715,CURRENT_RUN_REAL_DATA,True,103,103,0,0,0,2,100,2,19,2,102,102,102,1190,0.0,53.0,
7716,CURRENT_RUN_REAL_DATA,True,100,100,0,0,0,4,95,1,54,1,99,99,99,1186,0.0,101.0,
7717,CURRENT_RUN_REAL_DATA,True,101,101,0,0,0,9,91,9,0,3,100,100,100,1183,0.0,78.0,
7718,CURRENT_RUN_REAL_DATA,True,99,99,0,0,0,0,98,0,48,0,98,98,98,1194,9.0,20.0,
7719,CURRENT_RUN_REAL_DATA,True,100,100,0,0,0,0,99,0,99,0,99,99,99,1190,1.0,20.0,
7720,CURRENT_RUN_REAL_DATA,True,119,119,0,0,0,81,37,31,78,0,118,118,118,380,0.0,20.0,
7721,CURRENT_RUN_REAL_DATA,True,99,99,0,0,0,0,98,0,78,0,98,98,98,1186,6.0,20.0,
7722,CURRENT_RUN_REAL_DATA,True,99,99,0,0,0,0,98,0,77,0,98,98,98,1195,9.0,21.0,
7723,CURRENT_RUN_REAL_DATA,True,99,99,0,0,0,5,93,5,4,2,98,98,98,1187,0.0,62.0,
7724,CURRENT_RUN_REAL_DATA,True,100,100,0,0,0,0,99,0,78,0,99,99,99,1195,1.0,21.0,
7725,CURRENT_RUN_REAL_DATA,True,98,98,0,0,0,0,97,0,88,0,97,97,97,1186,6.0,29.0,
7726,CURRENT_RUN_REAL_DATA,True,68,68,0,0,0,2,65,2,14,3,67,67,67,1189,0.0,287.0,
7727,CURRENT_RUN_REAL_DATA,True,98,98,0,0,0,0,97,0,87,0,97,97,97,1183,7.0,23.0,
7728,CURRENT_RUN_REAL_DATA,True,99,99,0,0,0,1,97,1,73,0,98,98,98,1185,0.0,22.0,
7729,CURRENT_RUN_REAL_DATA,True,105,105,0,0,0,3,101,3,54,1,104,104,104,1194,0.0,33.0,
7730,CURRENT_RUN_REAL_DATA,True,100,100,0,0,0,0,99,0,89,0,99,99,99,1194,1.0,21.0,
7731,CURRENT_RUN_REAL_DATA,True,108,108,0,0,0,13,94,13,22,4,107,107,107,1186,0.0,68.0,
7732,CURRENT_RUN_REAL_DATA,True,106,106,0,0,0,10,95,10,5,1,105,105,105,1186,0.0,102.0,
7733,CURRENT_RUN_REAL_DATA,True,96,96,0,0,0,0,95,0,85,0,95,95,95,1186,9.0,28.0,
7734,CURRENT_RUN_REAL_DATA,True,100,100,0,0,0,0,99,0,78,0,99,99,99,1187,6.0,20.0,
7735,CURRENT_RUN_REAL_DATA,True,100,100,0,0,0,4,95,1,54,1,99,99,99,1186,0.0,102.0,
7736,CURRENT_RUN_REAL_DATA,True,42,42,0,0,0,31,10,5,34,2,41,41,41,447,0.0,259.0,
7737,CURRENT_RUN_REAL_DATA,True,118,118,0,0,0,11,106,10,23,2,117,117,117,1192,0.0,38.0,
7738,CURRENT_RUN_REAL_DATA,True,113,113,0,0,0,31,81,21,24,6,112,112,112,1192,0.0,95.0,
7739,CURRENT_RUN_REAL_DATA,True,108,108,0,0,0,4,103,4,0,1,107,107,107,1158,0.0,31.0,
7740,CURRENT_RUN_REAL_DATA,True,76,76,0,0,0,1,74,1,17,0,75,75,75,826,0.0,28.0,
7741,CURRENT_RUN_REAL_DATA,True,145,145,0,0,0,3,141,3,24,0,144,144,144,1191,0.0,24.0,
7742,CURRENT_RUN_REAL_DATA,True,114,114,0,0,0,13,100,10,35,2,113,113,113,1186,0.0,148.0,
7743,CURRENT_RUN_REAL_DATA,True,138,138,0,0,0,8,129,8,28,0,137,137,137,1198,0.0,29.0,
7744,CURRENT_RUN_REAL_DATA,True,101,101,0,0,0,0,100,0,78,0,100,100,100,1187,7.0,28.0,
7745,CURRENT_RUN_REAL_DATA,True,99,99,0,0,0,0,98,0,78,0,98,98,98,1193,1.0,30.0,
7746,CURRENT_RUN_REAL_DATA,True,146,146,0,0,0,1,144,1,19,0,145,145,145,1194,0.0,28.0,
7747,CURRENT_RUN_REAL_DATA,True,99,99,0,0,0,0,98,0,88,0,98,98,98,1180,2.0,21.0,
7748,CURRENT_RUN_REAL_DATA,True,103,103,0,0,0,8,94,8,5,1,102,102,102,1190,0.0,80.0,
7749,CURRENT_RUN_REAL_DATA,True,153,153,0,0,0,11,141,11,23,1,152,152,152,1194,0.0,48.0,
7750,CURRENT_RUN_REAL_DATA,True,76,76,0,0,0,40,35,36,8,9,75,75,75,1011,0.0,213.0,
7751,CURRENT_RUN_REAL_DATA,True,114,114,0,0,0,26,87,25,26,2,113,113,113,1190,0.0,93.0,
7752,CURRENT_RUN_REAL_DATA,True,99,99,0,0,0,5,93,5,2,4,98,98,98,1193,0.0,57.0,
7753,CURRENT_RUN_REAL_DATA,True,99,99,0,0,0,0,98,0,80,0,98,98,98,1186,1.0,22.0,
7754,CURRENT_RUN_REAL_DATA,True,63,63,0,0,0,29,33,29,0,7,62,62,62,1189,0.0,294.0,
7755,CURRENT_RUN_REAL_DATA,True,100,100,0,0,0,0,99,0,89,0,99,99,99,1187,5.0,21.0,
7756,CURRENT_RUN_REAL_DATA,True,98,98,0,0,0,0,97,0,72,0,97,97,97,1186,7.0,28.0,
7757,CURRENT_RUN_REAL_DATA,True,106,106,0,0,0,2,103,2,59,0,105,105,105,1189,0.0,22.0,
7758,CURRENT_RUN_REAL_DATA,True,100,100,0,0,0,0,99,0,79,0,99,99,99,1186,5.0,20.0,
7759,CURRENT_RUN_REAL_DATA,True,41,41,0,0,0,5,35,5,5,1,40,40,40,468,0.0,62.0,
7760,CURRENT_RUN_REAL_DATA,True,102,102,0,0,0,0,101,0,80,0,101,101,101,1192,1.0,20.0,
7761,CURRENT_RUN_REAL_DATA,True,103,103,0,0,0,0,102,0,31,0,102,102,102,1193,3.0,23.0,
7762,CURRENT_RUN_REAL_DATA,True,108,108,0,0,0,0,107,0,68,0,107,107,107,1190,1.0,30.0,
7763,CURRENT_RUN_REAL_DATA,True,107,107,0,0,0,1,105,1,13,0,106,106,106,1192,0.0,30.0,
7764,CURRENT_RUN_REAL_DATA,True,122,122,0,0,0,23,98,23,0,2,121,121,121,1195,0.0,96.0,
7765,CURRENT_RUN_REAL_DATA,True,100,100,0,0,0,0,99,0,75,0,99,99,99,1195,2.0,22.0,
7766,CURRENT_RUN_REAL_DATA,True,100,100,0,0,0,11,88,11,0,3,99,99,99,1117,0.0,57.0,
7767,CURRENT_RUN_REAL_DATA,True,103,103,0,0,0,13,89,11,35,1,102,102,102,1192,0.0,129.0,
7768,CURRENT_RUN_REAL_DATA,True,111,111,0,0,0,6,104,6,17,2,110,110,110,1187,0.0,107.0,
7769,CURRENT_RUN_REAL_DATA,True,100,100,0,0,0,0,99,0,89,0,99,99,99,1192,2.0,21.0,
7770,CURRENT_RUN_REAL_DATA,True,99,99,0,0,0,11,87,11,13,4,98,98,98,1197,0.0,119.0,
7771,CURRENT_RUN_REAL_DATA,True,100,100,0,0,0,9,90,8,11,2,99,99,99,1196,0.0,77.0,
7772,CURRENT_RUN_REAL_DATA,True,118,118,0,0,0,3,114,3,24,1,117,117,117,1189,0.0,32.0,
7773,CURRENT_RUN_REAL_DATA,True,109,109,0,0,0,9,99,8,8,3,108,108,108,1186,0.0,58.0,
7774,CURRENT_RUN_REAL_DATA,True,54,54,0,0,0,4,49,2,37,3,53,53,53,1188,0.0,470.0,
7775,CURRENT_RUN_REAL_DATA,True,99,99,0,0,0,0,98,0,92,0,98,98,98,1190,7.0,22.0,
7776,CURRENT_RUN_REAL_DATA,True,89,89,0,0,0,2,86,2,0,2,88,88,88,1190,0.0,90.0,
7777,CURRENT_RUN_REAL_DATA,True,98,98,0,0,0,0,97,0,87,0,97,97,97,1187,5.0,29.0,
7778,CURRENT_RUN_REAL_DATA,True,100,100,0,0,0,5,94,0,91,1,99,99,99,1190,0.0,50.0,
7779,CURRENT_RUN_REAL_DATA,True,125,125,0,0,0,15,109,10,21,2,124,124,124,1193,0.0,152.0,
7780,CURRENT_RUN_REAL_DATA,True,95,95,0,0,0,6,88,6,0,3,94,94,94,1180,0.0,83.0,
7781,CURRENT_RUN_REAL_DATA,True,101,101,0,0,0,1,99,1,12,1,100,100,100,1192,0.0,32.0,
7782,CURRENT_RUN_REAL_DATA,True,100,100,0,0,0,0,99,0,91,0,99,99,99,1191,1.0,21.0,
7783,CURRENT_RUN_REAL_DATA,True,120,120,0,0,0,20,99,20,17,4,119,119,119,1195,0.0,60.0,
7784,CURRENT_RUN_REAL_DATA,True,103,103,0,0,0,0,102,0,0,0,102,102,102,1194,1.0,27.0,
7785,CURRENT_RUN_REAL_DATA,True,96,96,0,0,0,4,91,3,29,3,95,95,95,1062,0.0,57.0,
7786,CURRENT_RUN_REAL_DATA,True,53,53,0,0,0,4,48,2,29,3,52,52,52,1018,0.0,375.0,
7787,CURRENT_RUN_REAL_DATA,True,88,88,0,0,0,15,72,15,23,5,87,87,87,1191,0.0,168.0,
7788,CURRENT_RUN_REAL_DATA,True,102,102,0,0,0,1,100,1,9,0,101,101,101,1186,0.0,29.0,
7789,CURRENT_RUN_REAL_DATA,True,100,100,0,0,0,23,76,3,83,12,99,99,99,1175,0.0,49.0,
7790,CURRENT_RUN_REAL_DATA,True,108,108,0,0,0,3,104,3,33,1,107,107,107,1194,0.0,41.0,
7791,CURRENT_RUN_REAL_DATA,True,39,39,0,0,0,0,38,0,0,2,38,38,38,612,2.0,140.0,
7792,CURRENT_RUN_REAL_DATA,True,121,121,0,0,0,5,115,5,14,1,120,120,120,1146,0.0,119.0,
7793,CURRENT_RUN_REAL_DATA,True,107,107,0,0,0,2,104,2,30,0,106,106,106,1194,0.0,22.0,
7794,CURRENT_RUN_REAL_DATA,True,113,113,0,0,0,1,111,1,9,0,112,112,112,1192,0.0,30.0,
7795,CURRENT_RUN_REAL_DATA,True,120,120,0,0,0,3,116,3,0,0,119,119,119,1188,0.0,24.0,
7796,CURRENT_RUN_REAL_DATA,True,112,112,0,0,0,12,99,12,42,1,111,111,111,1196,0.0,37.0,
7797,CURRENT_RUN_REAL_DATA,True,99,99,0,0,0,0,98,0,95,0,98,98,98,1187,6.0,27.0,
7798,CURRENT_RUN_REAL_DATA,True,114,114,0,0,0,20,93,20,12,4,113,113,113,1191,0.0,96.0,
7799,CURRENT_RUN_REAL_DATA,True,111,111,0,0,0,13,97,13,0,5,110,110,110,1184,0.0,71.0,
7800,CURRENT_RUN_REAL_DATA,True,100,100,0,0,0,1,98,0,21,0,99,99,99,1189,0.0,25.0,
7801,CURRENT_RUN_REAL_DATA,True,113,113,0,0,0,3,109,3,32,0,112,112,112,1191,0.0,30.0,
7802,CURRENT_RUN_REAL_DATA,True,98,98,0,0,0,1,96,0,76,1,97,97,97,1191,0.0,31.0,
7803,CURRENT_RUN_REAL_DATA,True,99,99,0,0,0,0,98,0,89,0,98,98,98,1186,1.0,21.0,
7804,CURRENT_RUN_REAL_DATA,True,98,98,0,0,0,3,94,3,28,3,97,97,97,1188,0.0,80.0,
7805,CURRENT_RUN_REAL_DATA,True,105,105,0,0,0,9,95,9,39,4,104,104,104,1191,0.0,60.0,
7806,CURRENT_RUN_REAL_DATA,True,128,128,0,0,0,8,119,8,0,1,127,127,127,1198,0.0,34.0,
7807,CURRENT_RUN_REAL_DATA,True,100,100,0,0,0,0,99,0,78,0,99,99,99,1194,1.0,20.0,
7808,CURRENT_RUN_REAL_DATA,True,98,98,0,0,0,0,97,0,87,0,97,97,97,1183,8.0,22.0,
7809,CURRENT_RUN_REAL_DATA,True,126,126,0,0,0,16,109,15,4,3,125,125,125,1190,0.0,82.0,
7810,CURRENT_RUN_REAL_DATA,True,100,100,0,0,0,0,99,0,0,0,99,99,99,1188,1.0,29.0,
7811,CURRENT_RUN_REAL_DATA,True,119,119,0,0,0,5,113,5,7,1,118,118,118,1181,0.0,32.0,
7812,CURRENT_RUN_REAL_DATA,True,100,100,0,0,0,0,99,0,0,0,99,99,99,1190,5.0,20.0,
7813,CURRENT_RUN_REAL_DATA,True,98,98,0,0,0,0,97,0,94,0,97,97,97,1186,8.0,22.0,
7814,CURRENT_RUN_REAL_DATA,True,100,100,0,0,0,0,99,0,79,0,99,99,99,1189,1.0,22.0,
7815,CURRENT_RUN_REAL_DATA,True,99,99,0,0,0,3,95,3,1,2,98,98,98,1187,0.0,60.0,
7816,CURRENT_RUN_REAL_DATA,True,100,100,0,0,0,0,99,0,90,1,99,99,99,1190,4.0,31.0,
7817,CURRENT_RUN_REAL_DATA,True,100,100,0,0,0,0,99,0,80,0,99,99,99,1192,3.0,21.0,
7818,CURRENT_RUN_REAL_DATA,True,98,98,0,0,0,1,96,0,79,4,97,97,97,1180,0.0,46.0,
7819,CURRENT_RUN_REAL_DATA,True,115,115,0,0,0,13,101,10,18,3,114,114,114,1186,0.0,55.0,
7820,CURRENT_RUN_REAL_DATA,True,99,99,0,0,0,0,98,0,89,0,98,98,98,1191,7.0,22.0,
7821,CURRENT_RUN_REAL_DATA,True,100,100,0,0,0,0,99,0,0,0,99,99,99,1187,6.0,21.0,
7822,CURRENT_RUN_REAL_DATA,True,66,66,0,0,0,6,59,5,3,4,65,65,65,1186,0.0,396.0,
7823,CURRENT_RUN_REAL_DATA,True,111,111,0,0,0,1,109,1,10,0,110,110,110,1184,0.0,24.0,
7824,CURRENT_RUN_REAL_DATA,True,113,113,0,0,0,15,97,11,17,3,112,112,112,1176,0.0,117.0,
7825,CURRENT_RUN_REAL_DATA,True,100,100,0,0,0,0,99,0,79,0,99,99,99,1195,1.0,21.0,
7826,CURRENT_RUN_REAL_DATA,True,100,100,0,0,0,0,99,0,89,0,99,99,99,1190,6.0,20.0,
7827,CURRENT_RUN_REAL_DATA,True,109,109,0,0,0,2,106,2,58,0,108,108,108,1191,0.0,29.0,
7828,CURRENT_RUN_REAL_DATA,True,63,63,0,0,0,0,62,0,26,2,62,62,62,1138,2.0,409.0,
7829,CURRENT_RUN_REAL_DATA,True,98,98,0,0,0,0,97,0,0,3,97,97,97,1194,1.0,40.0,
7830,CURRENT_RUN_REAL_DATA,True,98,98,0,0,0,1,96,1,16,2,97,97,97,1193,0.0,110.0,
7831,CURRENT_RUN_REAL_DATA,True,100,100,0,0,0,0,99,0,78,0,99,99,99,1187,5.0,21.0,
7832,CURRENT_RUN_REAL_DATA,True,97,97,0,0,0,0,96,0,88,0,96,96,96,1183,10.0,30.0,
7833,CURRENT_RUN_REAL_DATA,True,123,123,0,0,0,15,107,12,22,4,122,122,122,1186,0.0,59.0,
7834,CURRENT_RUN_REAL_DATA,True,131,131,0,0,0,23,107,20,17,5,130,130,130,1194,0.0,104.0,
7835,CURRENT_RUN_REAL_DATA,True,82,82,0,0,0,1,80,1,0,1,81,81,81,898,0.0,38.0,
7836,CURRENT_RUN_REAL_DATA,True,112,112,0,0,0,11,100,9,40,3,111,111,111,1186,0.0,39.0,
7837,CURRENT_RUN_REAL_DATA,True,124,124,0,0,0,114,9,55,61,0,123,123,123,54,0.0,20.0,
7838,CURRENT_RUN_REAL_DATA,True,46,46,0,0,0,2,43,2,0,4,45,45,45,798,0.0,252.0,
7839,CURRENT_RUN_REAL_DATA,True,105,105,0,0,0,48,56,3,94,14,104,104,104,1155,0.0,90.0,
7840,CURRENT_RUN_REAL_DATA,True,99,99,0,0,0,0,98,0,81,0,98,98,98,1186,1.0,24.0,
7841,CURRENT_RUN_REAL_DATA,True,98,98,0,0,0,38,59,30,30,2,97,97,97,1188,0.0,455.0,
7842,CURRENT_RUN_REAL_DATA,True,102,102,0,0,0,7,94,7,0,5,101,101,101,1195,0.0,40.0,
7843,CURRENT_RUN_REAL_DATA,True,114,114,0,0,0,4,109,4,4,1,113,113,113,1198,0.0,50.0,
7844,CURRENT_RUN_REAL_DATA,True,89,89,0,0,0,1,87,1,17,3,88,88,88,1195,0.0,131.0,
7845,CURRENT_RUN_REAL_DATA,True,123,123,0,0,0,11,111,10,17,1,122,122,122,1193,0.0,79.0,
7846,CURRENT_RUN_REAL_DATA,True,99,99,0,0,0,0,98,0,0,0,98,98,98,1191,9.0,21.0,
7847,CURRENT_RUN_REAL_DATA,True,99,99,0,0,0,0,98,0,88,0,98,98,98,1190,6.0,22.0,
7848,CURRENT_RUN_REAL_DATA,True,76,76,0,0,0,7,68,7,1,3,75,75,75,1191,0.0,319.0,
7849,CURRENT_RUN_REAL_DATA,True,99,99,0,0,0,0,98,0,74,0,98,98,98,1189,1.0,21.0,
7850,CURRENT_RUN_REAL_DATA,True,131,131,0,0,0,4,126,4,20,0,130,130,130,1179,0.0,30.0,
7851,CURRENT_RUN_REAL_DATA,True,98,98,0,0,0,0,97,0,83,0,97,97,97,1187,7.0,27.0,
7852,CURRENT_RUN_REAL_DATA,True,90,90,0,0,0,0,89,0,69,2,89,89,89,1189,8.0,80.0,
7853,CURRENT_RUN_REAL_DATA,True,103,103,0,0,0,1,101,1,24,1,102,102,102,1198,0.0,136.0,
7854,CURRENT_RUN_REAL_DATA,True,144,144,0,0,0,8,135,8,12,4,143,143,143,1191,0.0,75.0,
7855,CURRENT_RUN_REAL_DATA,True,21,21,0,0,0,0,20,0,0,5,20,20,20,755,2.0,192.0,
7856,CURRENT_RUN_REAL_DATA,True,99,99,0,0,0,0,98,0,88,0,98,98,98,1190,8.0,21.0,
7857,CURRENT_RUN_REAL_DATA,True,99,99,0,0,0,0,98,0,90,0,98,98,98,1183,1.0,21.0,
7858,CURRENT_RUN_REAL_DATA,True,100,100,0,0,0,0,99,0,89,0,99,99,99,1190,6.0,20.0,
7859,CURRENT_RUN_REAL_DATA,True,93,93,0,0,0,12,80,10,21,2,92,92,92,971,0.0,80.0,
7860,CURRENT_RUN_REAL_DATA,True,100,100,0,0,0,0,99,0,77,0,99,99,99,1191,5.0,21.0,
7861,CURRENT_RUN_REAL_DATA,True,99,99,0,0,0,0,98,0,90,0,98,98,98,1186,1.0,21.0,
7862,CURRENT_RUN_REAL_DATA,True,99,99,0,0,0,0,98,0,79,0,98,98,98,1193,1.0,30.0,
7863,CURRENT_RUN_REAL_DATA,True,112,112,0,0,0,8,103,8,11,2,111,111,111,1183,0.0,69.0,
7864,CURRENT_RUN_REAL_DATA,True,104,104,0,0,0,3,100,0,80,0,103,103,103,1187,0.0,27.0,
7865,CURRENT_RUN_REAL_DATA,True,99,99,0,0,0,0,98,0,88,0,98,98,98,1189,6.0,23.0,
7866,CURRENT_RUN_REAL_DATA,True,171,171,0,0,0,81,89,78,7,2,170,170,170,647,0.0,74.0,
7867,CURRENT_RUN_REAL_DATA,True,99,99,0,0,0,0,98,0,89,0,98,98,98,1193,9.0,21.0,
7868,CURRENT_RUN_REAL_DATA,True,99,99,0,0,0,0,98,0,88,0,98,98,98,1189,8.0,22.0,
7869,CURRENT_RUN_REAL_DATA,True,107,107,0,0,0,3,103,3,21,1,106,106,106,1189,0.0,34.0,
7870,CURRENT_RUN_REAL_DATA,True,102,102,0,0,0,8,93,8,16,1,101,101,101,1143,0.0,79.0,
7871,CURRENT_RUN_REAL_DATA,True,121,121,0,0,0,1,119,1,33,0,120,120,120,1190,0.0,28.0,
7872,CURRENT_RUN_REAL_DATA,True,117,117,0,0,0,3,113,3,20,1,116,116,116,1193,0.0,37.0,
7873,CURRENT_RUN_REAL_DATA,True,112,112,0,0,0,1,110,1,20,0,111,111,111,1190,0.0,24.0,
7874,CURRENT_RUN_REAL_DATA,True,99,99,0,0,0,0,98,0,88,0,98,98,98,1191,2.0,21.0,
7875,CURRENT_RUN_REAL_DATA,True,90,90,0,0,0,11,78,11,0,7,89,89,89,1150,0.0,75.0,
7876,CURRENT_RUN_REAL_DATA,True,113,113,0,0,0,0,112,0,49,0,112,112,112,1186,1.0,30.0,
7877,CURRENT_RUN_REAL_DATA,True,107,107,0,0,0,22,84,22,4,2,106,106,106,1187,0.0,205.0,
7878,CURRENT_RUN_REAL_DATA,True,100,100,0,0,0,0,99,0,89,0,99,99,99,1188,6.0,30.0,
7879,CURRENT_RUN_REAL_DATA,True,99,99,0,0,0,0,98,0,0,0,98,98,98,1190,6.0,20.0,
7880,CURRENT_RUN_REAL_DATA,True,100,100,0,0,0,0,99,0,3,0,99,99,99,1192,3.0,21.0,
7881,CURRENT_RUN_REAL_DATA,True,106,106,0,0,0,9,96,9,10,3,105,105,105,1189,0.0,58.0,
7882,CURRENT_RUN_REAL_DATA,True,90,90,0,0,0,2,87,2,9,2,89,89,89,1126,0.0,98.0,
7883,CURRENT_RUN_REAL_DATA,True,105,105,0,0,0,7,97,7,6,1,104,104,104,1180,0.0,138.0,
7884,CURRENT_RUN_REAL_DATA,True,111,111,0,0,0,3,107,3,33,0,110,110,110,1186,0.0,21.0,
7885,CURRENT_RUN_REAL_DATA,True,104,104,0,0,0,4,99,2,36,1,103,103,103,1191,0.0,59.0,
7886,CURRENT_RUN_REAL_DATA,True,37,37,0,0,0,1,35,1,1,0,36,36,36,285,0.0,29.0,
7887,CURRENT_RUN_REAL_DATA,True,100,100,0,0,0,0,99,0,89,0,99,99,99,1191,3.0,20.0,
7888,CURRENT_RUN_REAL_DATA,True,100,100,0,0,0,1,98,1,80,0,99,99,99,1191,0.0,21.0,
7889,CURRENT_RUN_REAL_DATA,True,92,92,0,0,0,5,86,1,64,2,91,91,91,1188,0.0,93.0,
7890,CURRENT_RUN_REAL_DATA,True,106,106,0,0,0,2,103,2,43,1,105,105,105,1190,0.0,36.0,
7891,CURRENT_RUN_REAL_DATA,True,100,100,0,0,0,0,99,0,92,0,99,99,99,1191,5.0,21.0,
7892,CURRENT_RUN_REAL_DATA,True,100,100,0,0,0,0,99,0,90,0,99,99,99,1191,2.0,24.0,
7893,CURRENT_RUN_REAL_DATA,True,59,59,0,0,0,0,58,0,1,2,58,58,58,1164,1.0,440.0,
7894,CURRENT_RUN_REAL_DATA,True,100,100,0,0,0,0,99,0,79,0,99,99,99,1191,3.0,21.0,
7895,CURRENT_RUN_REAL_DATA,True,98,98,0,0,0,0,97,0,78,0,97,97,97,1190,9.0,21.0,
7896,CURRENT_RUN_REAL_DATA,True,36,36,0,0,0,0,35,0,0,0,35,35,35,416,1.0,24.0,
7897,CURRENT_RUN_REAL_DATA,True,101,101,0,0,0,0,100,0,18,0,100,100,100,1197,3.0,30.0,
7898,CURRENT_RUN_REAL_DATA,True,100,100,0,0,0,0,99,0,89,0,99,99,99,1190,5.0,20.0,
7899,CURRENT_RUN_REAL_DATA,True,99,99,0,0,0,0,98,0,29,0,98,98,98,1189,8.0,22.0,
7900,CURRENT_RUN_REAL_DATA,True,101,101,0,0,0,0,100,0,90,0,100,100,100,1190,6.0,20.0,
7901,CURRENT_RUN_REAL_DATA,True,111,111,0,0,0,10,100,10,19,1,110,110,110,1195,0.0,95.0,
7902,CURRENT_RUN_REAL_DATA,True,103,103,0,0,0,6,96,6,5,1,102,102,102,1194,0.0,40.0,
7903,CURRENT_RUN_REAL_DATA,True,98,98,0,0,0,2,95,1,88,1,97,97,97,1190,0.0,33.0,
7904,CURRENT_RUN_REAL_DATA,True,98,98,0,0,0,2,95,2,6,3,97,97,97,1192,0.0,49.0,
7905,CURRENT_RUN_REAL_DATA,True,107,107,0,0,0,5,101,5,32,2,106,106,106,1190,0.0,98.0,
7906,CURRENT_RUN_REAL_DATA,True,100,100,0,0,0,0,99,0,89,0,99,99,99,1189,7.0,21.0,
7907,CURRENT_RUN_REAL_DATA,True,101,101,0,0,0,4,96,4,3,3,100,100,100,1179,0.0,37.0,
7908,CURRENT_RUN_REAL_DATA,True,120,120,0,0,0,22,97,22,13,1,119,119,119,1128,0.0,60.0,
7909,CURRENT_RUN_REAL_DATA,True,100,100,0,0,0,0,99,0,89,0,99,99,99,1193,2.0,20.0,
7910,CURRENT_RUN_REAL_DATA,True,112,112,0,0,0,3,108,3,0,1,111,111,111,1192,0.0,40.0,
7911,CURRENT_RUN_REAL_DATA,True,98,98,0,0,0,0,97,0,97,0,97,97,97,1187,6.0,30.0,
7912,CURRENT_RUN_REAL_DATA,True,84,84,0,0,0,0,83,0,60,1,83,83,83,1191,9.0,202.0,
7913,CURRENT_RUN_REAL_DATA,True,108,108,0,0,0,17,90,17,21,7,107,107,107,1159,0.0,57.0,
7914,CURRENT_RUN_REAL_DATA,True,95,95,0,0,0,9,85,0,84,6,94,94,94,1162,0.0,56.0,
7915,CURRENT_RUN_REAL_DATA,True,98,98,0,0,0,2,95,2,6,2,97,97,97,1146,0.0,40.0,
7916,CURRENT_RUN_REAL_DATA,True,100,100,0,0,0,6,93,1,79,2,99,99,99,1190,0.0,59.0,
7917,CURRENT_RUN_REAL_DATA,True,104,104,0,0,0,3,100,3,10,0,103,103,103,1183,0.0,30.0,
7918,CURRENT_RUN_REAL_DATA,True,108,108,0,0,0,3,104,3,45,0,107,107,107,1191,0.0,26.0,
7919,CURRENT_RUN_REAL_DATA,True,100,100,0,0,0,8,91,1,89,1,99,99,99,1186,0.0,92.0,
7920,CURRENT_RUN_REAL_DATA,True,129,129,0,0,0,102,26,34,87,3,128,128,128,342,0.0,61.0,
7921,CURRENT_RUN_REAL_DATA,True,92,92,0,0,0,47,44,2,85,13,91,91,91,1191,0.0,161.0,
7922,CURRENT_RUN_REAL_DATA,True,119,119,0,0,0,3,115,3,19,0,118,118,118,1192,0.0,30.0,
7923,CURRENT_RUN_REAL_DATA,True,118,118,0,0,0,6,111,6,32,1,117,117,117,1193,0.0,32.0,
7924,CURRENT_RUN_REAL_DATA,True,100,100,0,0,0,0,99,0,89,0,99,99,99,1192,2.0,21.0,
7925,CURRENT_RUN_REAL_DATA,True,91,91,0,0,0,13,77,7,40,5,90,90,90,1146,0.0,160.0,
7926,CURRENT_RUN_REAL_DATA,True,100,100,0,0,0,0,99,0,73,0,99,99,99,1191,5.0,21.0,
7927,CURRENT_RUN_REAL_DATA,True,98,98,0,0,0,0,97,0,76,0,97,97,97,1194,8.0,29.0,
7928,CURRENT_RUN_REAL_DATA,True,100,100,0,0,0,0,99,0,91,0,99,99,99,1191,2.0,20.0,
7929,CURRENT_RUN_REAL_DATA,True,103,103,0,0,0,0,102,0,48,0,102,102,102,1189,1.0,30.0,
7930,CURRENT_RUN_REAL_DATA,True,100,100,0,0,0,0,99,0,85,0,99,99,99,1191,4.0,20.0,
7931,CURRENT_RUN_REAL_DATA,True,119,119,0,0,0,2,116,2,25,1,118,118,118,1194,0.0,40.0,
7932,CURRENT_RUN_REAL_DATA,True,99,99,0,0,0,0,98,0,78,0,98,98,98,1194,8.0,20.0,
7933,CURRENT_RUN_REAL_DATA,True,107,107,0,0,0,2,104,2,26,1,106,106,106,1189,0.0,50.0,
7934,CURRENT_RUN_REAL_DATA,True,95,95,0,0,0,0,94,0,85,1,94,94,94,1190,4.0,56.0,
7935,CURRENT_RUN_REAL_DATA,True,100,100,0,0,0,0,99,0,80,0,99,99,99,1190,6.0,20.0,
7936,CURRENT_RUN_REAL_DATA,True,99,99,0,0,0,0,98,0,89,0,98,98,98,1194,9.0,21.0,
7937,CURRENT_RUN_REAL_DATA,True,100,100,0,0,0,0,99,0,77,0,99,99,99,1194,2.0,20.0,
7938,CURRENT_RUN_REAL_DATA,True,98,98,0,0,0,0,97,0,68,0,97,97,97,1186,9.0,21.0,
7939,CURRENT_RUN_REAL_DATA,True,101,101,0,0,0,0,100,0,0,0,100,100,100,1195,3.0,22.0,
7940,CURRENT_RUN_REAL_DATA,True,110,110,0,0,0,2,107,2,70,0,109,109,109,1190,0.0,20.0,
7941,CURRENT_RUN_REAL_DATA,True,100,100,0,0,0,1,98,0,89,0,99,99,99,1189,0.0,23.0,
7942,CURRENT_RUN_REAL_DATA,True,126,126,0,0,0,5,120,5,29,0,125,125,125,1189,0.0,29.0,
7943,CURRENT_RUN_REAL_DATA,True,99,99,0,0,0,0,98,0,88,0,98,98,98,1179,5.0,21.0,
7944,CURRENT_RUN_REAL_DATA,True,34,34,0,0,0,2,31,0,19,1,33,33,33,427,0.0,79.0,
7945,CURRENT_RUN_REAL_DATA,True,98,98,0,0,0,0,97,0,78,0,97,97,97,1186,5.0,25.0,
7946,CURRENT_RUN_REAL_DATA,True,104,104,0,0,0,5,98,5,10,3,103,103,103,1193,0.0,61.0,
7947,CURRENT_RUN_REAL_DATA,True,100,100,0,0,0,0,99,0,42,0,99,99,99,1189,6.0,21.0,
7948,CURRENT_RUN_REAL_DATA,True,100,100,0,0,0,0,99,0,0,0,99,99,99,1191,7.0,30.0,
7949,CURRENT_RUN_REAL_DATA,True,20,20,0,0,0,18,1,18,0,0,19,19,19,1,0.0,1.0,
7950,CURRENT_RUN_REAL_DATA,True,101,101,0,0,0,0,100,0,78,0,100,100,100,1194,3.0,21.0,
7951,CURRENT_RUN_REAL_DATA,True,98,98,0,0,0,6,91,1,87,1,97,97,97,1191,0.0,72.0,
7952,CURRENT_RUN_REAL_DATA,True,30,30,0,0,0,5,24,5,0,1,29,29,29,341,0.0,47.0,
7953,CURRENT_RUN_REAL_DATA,True,81,81,0,0,0,6,74,6,12,4,80,80,80,1022,0.0,78.0,
7954,CURRENT_RUN_REAL_DATA,True,99,99,0,0,0,0,98,0,78,0,98,98,98,1188,7.0,28.0,
7955,CURRENT_RUN_REAL_DATA,True,53,53,0,0,0,41,11,40,1,1,52,52,52,495,0.0,400.0,
7956,CURRENT_RUN_REAL_DATA,True,100,100,0,0,0,0,99,0,3,0,99,99,99,1192,3.0,21.0,
7957,CURRENT_RUN_REAL_DATA,True,84,84,0,0,0,0,83,0,13,1,83,83,83,1191,5.0,32.0,
7958,CURRENT_RUN_REAL_DATA,True,100,100,0,0,0,0,99,0,0,0,99,99,99,1190,4.0,20.0,
7959,CURRENT_RUN_REAL_DATA,True,108,108,0,0,0,3,104,2,15,1,107,107,107,1160,0.0,38.0,
7960,CURRENT_RUN_REAL_DATA,True,101,101,0,0,0,1,99,1,20,1,100,100,100,1181,0.0,31.0,
7961,CURRENT_RUN_REAL_DATA,True,98,98,0,0,0,2,95,2,22,3,97,97,97,1186,0.0,108.0,
7962,CURRENT_RUN_REAL_DATA,True,97,97,0,0,0,0,96,0,8,0,96,96,96,1180,8.0,29.0,
7963,CURRENT_RUN_REAL_DATA,True,116,116,0,0,0,9,106,9,10,3,115,115,115,1186,0.0,46.0,
7964,CURRENT_RUN_REAL_DATA,True,98,98,0,0,0,0,97,0,87,0,97,97,97,1189,8.0,30.0,
7965,CURRENT_RUN_REAL_DATA,True,100,100,0,0,0,0,99,0,0,0,99,99,99,1194,2.0,20.0,
7966,CURRENT_RUN_REAL_DATA,True,103,103,0,0,0,4,98,4,6,1,102,102,102,1195,0.0,32.0,
7967,CURRENT_RUN_REAL_DATA,True,113,113,0,0,0,24,88,24,0,5,112,112,112,1191,0.0,109.0,
7968,CURRENT_RUN_REAL_DATA,True,103,103,0,0,0,13,89,13,1,3,102,102,102,1165,0.0,107.0,
7969,CURRENT_RUN_REAL_DATA,True,100,100,0,0,0,0,99,0,80,0,99,99,99,1192,5.0,30.0,
7970,CURRENT_RUN_REAL_DATA,True,96,96,0,0,0,1,94,1,0,1,95,95,95,1159,0.0,144.0,
7971,CURRENT_RUN_REAL_DATA,True,101,101,0,0,0,4,96,4,1,4,100,100,100,1194,0.0,44.0,
7972,CURRENT_RUN_REAL_DATA,True,87,87,0,0,0,4,82,4,15,3,86,86,86,1114,0.0,143.0,
7973,CURRENT_RUN_REAL_DATA,True,106,106,0,0,0,7,98,7,26,1,105,105,105,1187,0.0,91.0,
7974,CURRENT_RUN_REAL_DATA,True,100,100,0,0,0,0,99,0,79,0,99,99,99,1191,2.0,21.0,
7975,CURRENT_RUN_REAL_DATA,True,97,97,0,0,0,1,95,1,39,1,96,96,96,1186,0.0,130.0,
7976,CURRENT_RUN_REAL_DATA,True,102,102,0,0,0,2,99,2,56,0,101,101,101,1192,0.0,20.0,
7977,CURRENT_RUN_REAL_DATA,True,105,105,0,0,0,1,103,1,1,2,104,104,104,1190,0.0,42.0,
7978,CURRENT_RUN_REAL_DATA,True,117,117,0,0,0,1,115,1,63,0,116,116,116,1189,0.0,21.0,
7979,CURRENT_RUN_REAL_DATA,True,99,99,0,0,0,0,98,0,88,0,98,98,98,1192,7.0,22.0,
7980,CURRENT_RUN_REAL_DATA,True,105,105,0,0,0,7,97,1,81,3,104,104,104,1193,0.0,37.0,
7981,CURRENT_RUN_REAL_DATA,True,100,100,0,0,0,0,99,0,74,0,99,99,99,1192,2.0,22.0,
7982,CURRENT_RUN_REAL_DATA,True,103,103,0,0,0,1,101,0,94,0,102,102,102,1191,0.0,30.0,
7983,CURRENT_RUN_REAL_DATA,True,104,104,0,0,0,3,100,2,26,0,103,103,103,1189,0.0,28.0,
7984,CURRENT_RUN_REAL_DATA,True,104,104,0,0,0,3,100,3,24,1,103,103,103,1182,0.0,49.0,
7985,CURRENT_RUN_REAL_DATA,True,100,100,0,0,0,1,98,0,82,1,99,99,99,1194,0.0,33.0,
7986,CURRENT_RUN_REAL_DATA,True,98,98,0,0,0,0,97,0,89,2,97,97,97,1196,1.0,31.0,
7987,CURRENT_RUN_REAL_DATA,True,99,99,0,0,0,0,98,0,88,1,98,98,98,1189,8.0,31.0,
7988,CURRENT_RUN_REAL_DATA,True,106,106,0,0,0,11,94,10,12,1,105,105,105,1162,0.0,53.0,
7989,CURRENT_RUN_REAL_DATA,True,120,120,0,0,0,5,114,5,0,2,119,119,119,1195,0.0,42.0,
7990,CURRENT_RUN_REAL_DATA,True,97,97,0,0,0,0,96,0,85,1,96,96,96,1195,7.0,40.0,
7991,CURRENT_RUN_REAL_DATA,True,99,99,0,0,0,1,97,0,88,0,98,98,98,1186,0.0,22.0,
7992,CURRENT_RUN_REAL_DATA,True,124,124,0,0,0,6,117,4,13,1,123,123,123,1185,0.0,32.0,
7993,CURRENT_RUN_REAL_DATA,True,153,153,0,0,0,101,51,55,65,0,152,152,152,619,0.0,21.0,
7994,CURRENT_RUN_REAL_DATA,True,130,130,0,0,0,16,113,14,22,2,129,129,129,1194,0.0,101.0,
7995,CURRENT_RUN_REAL_DATA,True,100,100,0,0,0,0,99,0,89,0,99,99,99,1191,5.0,21.0,
7996,CURRENT_RUN_REAL_DATA,True,105,105,0,0,0,8,96,7,11,3,104,104,104,1195,0.0,35.0,
7997,CURRENT_RUN_REAL_DATA,True,107,107,0,0,0,2,104,2,11,0,106,106,106,1131,0.0,30.0,
7998,CURRENT_RUN_REAL_DATA,True,99,99,0,0,0,0,98,0,80,0,98,98,98,1188,8.0,28.0,
7999,CURRENT_RUN_REAL_DATA,True,102,102,0,0,0,5,96,1,82,3,101,101,101,1187,0.0,36.0,
8000,CURRENT_RUN_REAL_DATA,True,103,103,0,0,0,3,99,3,0,1,102,102,102,1151,0.0,100.0,
8001,CURRENT_RUN_REAL_DATA,True,106,106,0,0,0,4,101,4,1,1,105,105,105,1192,0.0,47.0,
8002,CURRENT_RUN_REAL_DATA,True,110,110,0,0,0,3,106,3,45,1,109,109,109,1189,0.0,34.0,
8003,CURRENT_RUN_REAL_DATA,True,100,100,0,0,0,0,99,0,96,0,99,99,99,1191,5.0,21.0,
8004,CURRENT_RUN_REAL_DATA,True,113,113,0,0,0,40,72,29,20,1,112,112,112,1198,0.0,444.0,
8005,CURRENT_RUN_REAL_DATA,True,83,83,0,0,0,1,81,1,19,3,82,82,82,1010,0.0,90.0,
8006,CURRENT_RUN_REAL_DATA,True,90,90,0,0,0,24,65,24,4,1,89,89,89,1190,0.0,491.0,
8007,CURRENT_RUN_REAL_DATA,True,98,98,0,0,0,0,97,0,87,0,97,97,97,1186,9.0,21.0,
8008,CURRENT_RUN_REAL_DATA,True,98,98,0,0,0,0,97,0,77,0,97,97,97,1187,5.0,30.0,
8009,CURRENT_RUN_REAL_DATA,True,99,99,0,0,0,0,98,0,88,0,98,98,98,1180,5.0,21.0,
8010,CURRENT_RUN_REAL_DATA,True,94,94,0,0,0,9,84,7,12,3,93,93,93,1100,0.0,74.0,
8011,CURRENT_RUN_REAL_DATA,True,105,105,0,0,0,2,102,2,11,1,104,104,104,1196,0.0,60.0,
8012,CURRENT_RUN_REAL_DATA,True,102,102,0,0,0,3,98,3,19,1,101,101,101,1193,0.0,34.0,
8013,CURRENT_RUN_REAL_DATA,True,124,124,0,0,0,46,77,46,1,2,123,123,123,924,0.0,79.0,
8014,CURRENT_RUN_REAL_DATA,True,100,100,0,0,0,0,99,0,2,0,99,99,99,1187,6.0,27.0,
8015,CURRENT_RUN_REAL_DATA,True,100,100,0,0,0,0,99,0,80,0,99,99,99,1191,1.0,21.0,
8016,CURRENT_RUN_REAL_DATA,True,99,99,0,0,0,0,98,0,89,0,98,98,98,1195,9.0,21.0,
8017,CURRENT_RUN_REAL_DATA,True,87,87,0,0,0,0,86,0,0,2,86,86,86,1191,1.0,187.0,
8018,CURRENT_RUN_REAL_DATA,True,99,99,0,0,0,0,98,0,73,0,98,98,98,1179,5.0,20.0,
8019,CURRENT_RUN_REAL_DATA,True,100,100,0,0,0,0,99,0,91,0,99,99,99,1190,4.0,20.0,
8020,CURRENT_RUN_REAL_DATA,True,105,105,0,0,0,3,101,2,60,0,104,104,104,1188,0.0,22.0,
8021,CURRENT_RUN_REAL_DATA,True,100,100,0,0,0,0,99,0,89,0,99,99,99,1191,2.0,21.0,
8022,CURRENT_RUN_REAL_DATA,True,120,120,0,0,0,19,100,19,0,3,119,119,119,1194,0.0,65.0,
8023,CURRENT_RUN_REAL_DATA,True,109,109,0,0,0,9,99,9,7,2,108,108,108,1190,0.0,49.0,
8024,CURRENT_RUN_REAL_DATA,True,98,98,0,0,0,0,97,0,0,0,97,97,97,1189,9.0,30.0,
8025,CURRENT_RUN_REAL_DATA,True,100,100,0,0,0,0,99,0,89,0,99,99,99,1193,2.0,21.0,
8026,CURRENT_RUN_REAL_DATA,True,106,106,0,0,0,10,95,10,22,3,105,105,105,1189,0.0,61.0,
8027,CURRENT_RUN_REAL_DATA,True,108,108,0,0,0,21,86,17,11,4,107,107,107,1169,0.0,81.0,
8028,CURRENT_RUN_REAL_DATA,True,96,96,0,0,0,43,52,39,5,2,95,95,95,1191,0.0,535.0,
8029,CURRENT_RUN_REAL_DATA,True,113,113,0,0,0,2,110,2,30,1,112,112,112,1148,0.0,31.0,
8030,CURRENT_RUN_REAL_DATA,True,71,71,0,0,0,63,7,16,53,0,70,70,70,23,0.0,6.0,
8031,CURRENT_RUN_REAL_DATA,True,95,95,0,0,0,2,92,1,47,2,94,94,94,1187,0.0,160.0,
8032,CURRENT_RUN_REAL_DATA,True,138,138,0,0,0,4,133,4,25,0,137,137,137,1190,0.0,24.0,
8033,CURRENT_RUN_REAL_DATA,True,125,125,0,0,0,17,107,17,0,3,124,124,124,1189,0.0,85.0,
8034,CURRENT_RUN_REAL_DATA,True,181,181,0,0,0,96,84,40,88,1,180,180,180,902,0.0,34.0,
8035,CURRENT_RUN_REAL_DATA,True,129,129,0,0,0,5,123,5,17,1,128,128,128,1198,0.0,38.0,
8036,CURRENT_RUN_REAL_DATA,True,98,98,0,0,0,1,96,0,59,1,97,97,97,1187,0.0,54.0,
8037,CURRENT_RUN_REAL_DATA,True,65,65,0,0,0,9,55,9,9,4,64,64,64,1195,0.0,404.0,
8038,CURRENT_RUN_REAL_DATA,True,108,108,0,0,0,3,104,3,12,1,107,107,107,1195,0.0,56.0,
8039,CURRENT_RUN_REAL_DATA,True,102,102,0,0,0,0,101,0,49,1,101,101,101,1189,1.0,38.0,
8040,CURRENT_RUN_REAL_DATA,True,105,105,0,0,0,0,104,0,31,0,104,104,104,1190,2.0,29.0,
8041,CURRENT_RUN_REAL_DATA,True,114,114,0,0,0,51,62,42,13,2,113,113,113,1191,0.0,514.0,
8042,CURRENT_RUN_REAL_DATA,True,104,104,0,0,0,13,90,13,22,3,103,103,103,1191,0.0,103.0,
8043,CURRENT_RUN_REAL_DATA,True,100,100,0,0,0,0,99,0,91,0,99,99,99,1190,6.0,20.0,
8044,CURRENT_RUN_REAL_DATA,True,100,100,0,0,0,1,98,0,89,0,99,99,99,1195,0.0,21.0,
8045,CURRENT_RUN_REAL_DATA,True,104,104,0,0,0,39,64,19,57,3,103,103,103,1163,0.0,205.0,
8046,CURRENT_RUN_REAL_DATA,True,103,103,0,0,0,1,101,1,0,0,102,102,102,1188,0.0,30.0,
8047,CURRENT_RUN_REAL_DATA,True,105,105,0,0,0,6,98,4,31,1,104,104,104,1187,0.0,64.0,
8048,CURRENT_RUN_REAL_DATA,True,97,97,0,0,0,36,60,32,32,2,96,96,96,1196,0.0,562.0,
8049,CURRENT_RUN_REAL_DATA,True,99,99,0,0,0,1,97,1,88,0,98,98,98,1179,0.0,21.0,
8050,CURRENT_RUN_REAL_DATA,True,112,112,0,0,0,12,99,12,19,4,111,111,111,1188,0.0,74.0,
8051,CURRENT_RUN_REAL_DATA,True,90,90,0,0,0,54,35,10,69,6,89,89,89,987,0.0,161.0,
8052,CURRENT_RUN_REAL_DATA,True,100,100,0,0,0,0,99,0,89,0,99,99,99,1191,3.0,20.0,
8053,CURRENT_RUN_REAL_DATA,True,98,98,0,0,0,0,97,0,94,0,97,97,97,1186,8.0,21.0,
8054,CURRENT_RUN_REAL_DATA,True,114,114,0,0,0,0,113,0,28,1,113,113,113,1186,1.0,130.0,
8055,CURRENT_RUN_REAL_DATA,True,64,64,0,0,0,3,60,3,1,3,63,63,63,1186,0.0,320.0,
8056,CURRENT_RUN_REAL_DATA,True,95,95,0,0,0,0,94,0,74,1,94,94,94,1191,6.0,80.0,
8057,CURRENT_RUN_REAL_DATA,True,83,83,0,0,0,9,73,9,18,5,82,82,82,1198,0.0,185.0,
8058,CURRENT_RUN_REAL_DATA,True,76,76,0,0,0,5,70,5,15,1,75,75,75,859,0.0,61.0,
8059,CURRENT_RUN_REAL_DATA,True,100,100,0,0,0,0,99,0,80,0,99,99,99,1190,6.0,21.0,
8060,CURRENT_RUN_REAL_DATA,True,106,106,0,0,0,29,76,14,46,2,105,105,105,971,0.0,107.0,
8061,CURRENT_RUN_REAL_DATA,True,99,99,0,0,0,0,98,0,0,0,98,98,98,1186,6.0,27.0,
8062,CURRENT_RUN_REAL_DATA,True,99,99,0,0,0,0,98,0,89,0,98,98,98,1180,5.0,20.0,
8063,CURRENT_RUN_REAL_DATA,True,100,100,0,0,0,2,97,0,91,1,99,99,99,1186,0.0,34.0,
8064,CURRENT_RUN_REAL_DATA,True,103,103,0,0,0,37,65,2,93,10,102,102,102,1143,0.0,123.0,
8065,CURRENT_RUN_REAL_DATA,True,105,105,0,0,0,5,99,3,61,1,104,104,104,1191,0.0,31.0,
8066,CURRENT_RUN_REAL_DATA,True,123,123,0,0,0,18,104,18,5,4,122,122,122,1195,0.0,104.0,
8067,CURRENT_RUN_REAL_DATA,True,111,111,0,0,0,49,61,13,88,10,110,110,110,1148,0.0,139.0,
8068,CURRENT_RUN_REAL_DATA,True,66,66,0,0,0,1,64,1,7,3,65,65,65,1191,0.0,398.0,
8069,CURRENT_RUN_REAL_DATA,True,98,98,0,0,0,0,97,0,87,0,97,97,97,1186,7.0,28.0,
8070,CURRENT_RUN_REAL_DATA,True,137,137,0,0,0,25,111,22,35,2,136,136,136,1161,0.0,84.0,
8071,CURRENT_RUN_REAL_DATA,True,105,105,0,0,0,10,94,10,4,3,104,104,104,1173,0.0,57.0,
8072,CURRENT_RUN_REAL_DATA,True,123,123,0,0,0,3,119,3,14,0,122,122,122,1186,0.0,28.0,
8073,CURRENT_RUN_REAL_DATA,True,100,100,0,0,0,2,97,0,79,1,99,99,99,1191,0.0,55.0,
8074,CURRENT_RUN_REAL_DATA,True,118,118,0,0,0,11,106,10,25,3,117,117,117,1192,0.0,95.0,
8075,CURRENT_RUN_REAL_DATA,True,118,118,0,0,0,24,93,23,22,1,117,117,117,1130,0.0,182.0,
8076,CURRENT_RUN_REAL_DATA,True,101,101,0,0,0,21,79,4,78,5,100,100,100,1189,0.0,102.0,
8077,CURRENT_RUN_REAL_DATA,True,114,114,0,0,0,8,105,8,22,0,113,113,113,1196,0.0,26.0,
8078,CURRENT_RUN_REAL_DATA,True,99,99,0,0,0,0,98,0,79,0,98,98,98,1183,1.0,27.0,
8079,CURRENT_RUN_REAL_DATA,True,136,136,0,0,0,26,109,22,16,3,135,135,135,1164,0.0,132.0,
8080,CURRENT_RUN_REAL_DATA,True,99,99,0,0,0,1,97,1,81,0,98,98,98,1184,0.0,22.0,
8081,CURRENT_RUN_REAL_DATA,True,131,131,0,0,0,14,116,12,13,1,130,130,130,1189,0.0,47.0,
8082,CURRENT_RUN_REAL_DATA,True,100,100,0,0,0,0,99,0,75,0,99,99,99,1186,1.0,23.0,
8083,CURRENT_RUN_REAL_DATA,True,102,102,0,0,0,1,100,1,76,0,101,101,101,1192,0.0,21.0,
8084,CURRENT_RUN_REAL_DATA,True,98,98,0,0,0,1,96,1,0,2,97,97,97,1192,0.0,60.0,
8085,CURRENT_RUN_REAL_DATA,True,90,90,0,0,0,3,86,3,22,3,89,89,89,1186,0.0,140.0,
8086,CURRENT_RUN_REAL_DATA,True,100,100,0,0,0,2,97,0,89,1,99,99,99,1189,0.0,53.0,
8087,CURRENT_RUN_REAL_DATA,True,98,98,0,0,0,0,97,0,87,0,97,97,97,1187,5.0,30.0,
8088,CURRENT_RUN_REAL_DATA,True,100,100,0,0,0,0,99,0,90,0,99,99,99,1192,3.0,21.0,
8089,CURRENT_RUN_REAL_DATA,True,97,97,0,0,0,2,94,0,89,1,96,96,96,1163,0.0,31.0,
8090,CURRENT_RUN_REAL_DATA,True,99,99,0,0,0,0,98,0,78,0,98,98,98,1190,3.0,21.0,
8091,CURRENT_RUN_REAL_DATA,True,104,104,0,0,0,14,89,12,10,5,103,103,103,1149,0.0,64.0,
8092,CURRENT_RUN_REAL_DATA,True,98,98,0,0,0,2,95,0,44,2,97,97,97,1191,0.0,97.0,
8093,CURRENT_RUN_REAL_DATA,True,91,91,0,0,0,10,80,9,22,4,90,90,90,1192,0.0,211.0,
8094,CURRENT_RUN_REAL_DATA,True,98,98,0,0,0,1,96,0,78,0,97,97,97,1188,0.0,30.0,
8095,CURRENT_RUN_REAL_DATA,True,99,99,0,0,0,0,98,0,88,0,98,98,98,1188,6.0,30.0,
8096,CURRENT_RUN_REAL_DATA,True,116,116,0,0,0,19,96,19,0,4,115,115,115,1191,0.0,81.0,
8097,CURRENT_RUN_REAL_DATA,True,83,83,0,0,0,6,76,6,4,3,82,82,82,1071,0.0,117.0,
8098,CURRENT_RUN_REAL_DATA,True,103,103,0,0,0,5,97,5,0,1,102,102,102,1187,0.0,44.0,
8099,CURRENT_RUN_REAL_DATA,True,96,96,0,0,0,0,95,0,88,1,95,95,95,1188,7.0,31.0,
8100,CURRENT_RUN_REAL_DATA,True,110,110,0,0,0,20,89,19,80,1,109,109,109,1195,0.0,185.0,
8101,CURRENT_RUN_REAL_DATA,True,100,100,0,0,0,0,99,0,79,0,99,99,99,1191,4.0,21.0,
8102,CURRENT_RUN_REAL_DATA,True,91,91,0,0,0,28,62,25,30,1,90,90,90,744,0.0,32.0,
8103,CURRENT_RUN_REAL_DATA,True,99,99,0,0,0,0,98,0,78,0,98,98,98,1191,6.0,29.0,
8104,CURRENT_RUN_REAL_DATA,True,95,95,0,0,0,0,94,0,69,1,94,94,94,1198,8.0,60.0,
8105,CURRENT_RUN_REAL_DATA,True,118,118,0,0,0,0,117,0,2,0,117,117,117,1187,1.0,25.0,
8106,CURRENT_RUN_REAL_DATA,True,105,105,0,0,0,0,104,0,13,0,104,104,104,1190,1.0,25.0,
8107,CURRENT_RUN_REAL_DATA,True,75,75,0,0,0,0,74,0,2,0,74,74,74,898,8.0,21.0,
8108,CURRENT_RUN_REAL_DATA,True,115,115,0,0,0,18,96,18,24,2,114,114,114,1185,0.0,91.0,
8109,CURRENT_RUN_REAL_DATA,True,100,100,0,0,0,1,98,0,79,0,99,99,99,1194,0.0,20.0,
8110,CURRENT_RUN_REAL_DATA,True,100,100,0,0,0,0,99,0,1,0,99,99,99,1190,6.0,21.0,
8111,CURRENT_RUN_REAL_DATA,True,148,148,0,0,0,26,121,26,25,2,147,147,147,1188,0.0,113.0,
8112,CURRENT_RUN_REAL_DATA,True,36,36,0,0,0,0,35,0,19,0,35,35,35,430,10.0,30.0,
8113,CURRENT_RUN_REAL_DATA,True,99,99,0,0,0,0,98,0,88,0,98,98,98,1194,9.0,21.0,
8114,CURRENT_RUN_REAL_DATA,True,98,98,0,0,0,0,97,0,1,0,97,97,97,1195,9.0,30.0,
8115,CURRENT_RUN_REAL_DATA,True,37,37,0,0,0,0,36,0,36,3,36,36,36,650,10.0,110.0,
8116,CURRENT_RUN_REAL_DATA,True,106,106,0,0,0,4,101,4,14,1,105,105,105,1190,0.0,42.0,
8117,CURRENT_RUN_REAL_DATA,True,99,99,0,0,0,8,90,8,22,4,98,98,98,1189,0.0,120.0,
8118,CURRENT_RUN_REAL_DATA,True,106,106,0,0,0,0,105,0,69,0,105,105,105,1186,1.0,22.0,
8119,CURRENT_RUN_REAL_DATA,True,88,88,0,0,0,2,85,2,27,2,87,87,87,1193,0.0,101.0,
8120,CURRENT_RUN_REAL_DATA,True,143,143,0,0,0,12,130,12,11,2,142,142,142,1195,0.0,51.0,
8121,CURRENT_RUN_REAL_DATA,True,101,101,0,0,0,7,93,6,16,4,100,100,100,1186,0.0,140.0,
8122,CURRENT_RUN_REAL_DATA,True,99,99,0,0,0,0,98,0,89,0,98,98,98,1190,5.0,30.0,
8123,CURRENT_RUN_REAL_DATA,True,100,100,0,0,0,0,99,0,79,0,99,99,99,1192,3.0,20.0,
8124,CURRENT_RUN_REAL_DATA,True,100,100,0,0,0,0,99,0,89,0,99,99,99,1190,6.0,21.0,
8125,CURRENT_RUN_REAL_DATA,True,79,79,0,0,0,1,77,1,5,1,78,78,78,943,0.0,86.0,
8126,CURRENT_RUN_REAL_DATA,True,98,98,0,0,0,0,97,0,87,0,97,97,97,1179,5.0,30.0,
8127,CURRENT_RUN_REAL_DATA,True,98,98,0,0,0,0,97,0,1,0,97,97,97,1190,10.0,30.0,
8128,CURRENT_RUN_REAL_DATA,True,106,106,0,0,0,4,101,4,23,0,105,105,105,1171,0.0,30.0,
8129,CURRENT_RUN_REAL_DATA,True,99,99,0,0,0,0,98,0,88,0,98,98,98,1184,1.0,21.0,
8130,CURRENT_RUN_REAL_DATA,True,100,100,0,0,0,0,99,0,0,0,99,99,99,1191,3.0,21.0,
8131,CURRENT_RUN_REAL_DATA,True,98,98,0,0,0,0,97,0,88,0,97,97,97,1191,9.0,30.0,
8132,CURRENT_RUN_REAL_DATA,True,99,99,0,0,0,0,98,0,88,0,98,98,98,1190,8.0,21.0,
8133,CURRENT_RUN_REAL_DATA,True,95,95,0,0,0,13,81,1,85,10,94,94,94,1190,0.0,56.0,
8134,CURRENT_RUN_REAL_DATA,True,111,111,0,0,0,9,101,9,50,1,110,110,110,1187,0.0,74.0,
8135,CURRENT_RUN_REAL_DATA,True,105,105,0,0,0,3,101,1,69,2,104,104,104,1188,0.0,31.0,
8136,CURRENT_RUN_REAL_DATA,True,97,97,0,0,0,0,96,0,77,0,96,96,96,1186,9.0,30.0,
8137,CURRENT_RUN_REAL_DATA,True,100,100,0,0,0,0,99,0,93,0,99,99,99,1187,5.0,21.0,
8138,CURRENT_RUN_REAL_DATA,True,96,96,0,0,0,0,95,0,75,0,95,95,95,1192,4.0,30.0,
8139,CURRENT_RUN_REAL_DATA,True,99,99,0,0,0,0,98,0,98,0,98,98,98,1187,1.0,21.0,
8140,CURRENT_RUN_REAL_DATA,True,97,97,0,0,0,6,90,6,12,3,96,96,96,1191,0.0,50.0,
8141,CURRENT_RUN_REAL_DATA,True,98,98,0,0,0,4,93,1,88,1,97,97,97,1184,0.0,67.0,
8142,CURRENT_RUN_REAL_DATA,True,113,113,0,0,0,4,108,4,27,0,112,112,112,1186,0.0,30.0,
8143,CURRENT_RUN_REAL_DATA,True,106,106,0,0,0,4,101,4,35,3,105,105,105,1193,0.0,46.0,
8144,CURRENT_RUN_REAL_DATA,True,99,99,0,0,0,0,98,0,78,0,98,98,98,1189,7.0,23.0,
8145,CURRENT_RUN_REAL_DATA,True,99,99,0,0,0,0,98,0,67,0,98,98,98,1192,9.0,21.0,
8146,CURRENT_RUN_REAL_DATA,True,129,129,0,0,0,3,125,3,3,0,128,128,128,1190,0.0,29.0,
8147,CURRENT_RUN_REAL_DATA,True,103,103,0,0,0,0,102,0,14,1,102,102,102,1189,1.0,31.0,
8148,CURRENT_RUN_REAL_DATA,True,108,108,0,0,0,12,95,12,6,3,107,107,107,1109,0.0,99.0,
8149,CURRENT_RUN_REAL_DATA,True,109,109,0,0,0,4,104,4,14,2,108,108,108,1187,0.0,56.0,
8150,CURRENT_RUN_REAL_DATA,True,126,126,0,0,0,1,124,1,5,2,125,125,125,1188,0.0,59.0,
8151,CURRENT_RUN_REAL_DATA,True,114,114,0,0,0,2,111,1,25,0,113,113,113,1188,0.0,28.0,
8152,CURRENT_RUN_REAL_DATA,True,100,100,0,0,0,3,96,0,89,1,99,99,99,1188,0.0,40.0,
8153,CURRENT_RUN_REAL_DATA,True,100,100,0,0,0,0,99,0,79,0,99,99,99,1190,8.0,20.0,
8154,CURRENT_RUN_REAL_DATA,True,100,100,0,0,0,0,99,0,80,0,99,99,99,1190,3.0,20.0,
8155,CURRENT_RUN_REAL_DATA,True,102,102,0,0,0,4,97,4,6,1,101,101,101,1183,0.0,34.0,
8156,CURRENT_RUN_REAL_DATA,True,100,100,0,0,0,2,97,0,80,1,99,99,99,1189,0.0,34.0,
8157,CURRENT_RUN_REAL_DATA,True,109,109,0,0,0,6,102,5,5,2,108,108,108,1191,0.0,38.0,
8158,CURRENT_RUN_REAL_DATA,True,106,106,0,0,0,13,92,4,28,4,105,105,105,1122,0.0,148.0,
8159,CURRENT_RUN_REAL_DATA,True,94,94,0,0,0,34,59,3,75,14,93,93,93,1080,0.0,79.0,
8160,CURRENT_RUN_REAL_DATA,True,115,115,0,0,0,1,113,0,11,1,114,114,114,1193,0.0,38.0,
8161,CURRENT_RUN_REAL_DATA,True,99,99,0,0,0,0,98,0,0,0,98,98,98,1195,10.0,20.0,
8162,CURRENT_RUN_REAL_DATA,True,101,101,0,0,0,0,100,0,74,0,100,100,100,1191,3.0,21.0,
8163,CURRENT_RUN_REAL_DATA,True,100,100,0,0,0,0,99,0,3,0,99,99,99,1190,3.0,21.0,
8164,CURRENT_RUN_REAL_DATA,True,99,99,0,0,0,0,98,0,78,0,98,98,98,1188,7.0,28.0,
8165,CURRENT_RUN_REAL_DATA,True,173,173,0,0,0,0,172,0,21,0,172,172,172,1198,1.0,30.0,
8166,CURRENT_RUN_REAL_DATA,True,100,100,0,0,0,1,98,0,90,0,99,99,99,1190,0.0,23.0,
8167,CURRENT_RUN_REAL_DATA,True,102,102,0,0,0,0,101,0,15,0,101,101,101,1198,1.0,21.0,
8168,CURRENT_RUN_REAL_DATA,True,111,111,0,0,0,4,106,4,35,1,110,110,110,1189,0.0,88.0,
8169,CURRENT_RUN_REAL_DATA,True,100,100,0,0,0,0,99,0,1,0,99,99,99,1192,3.0,21.0,
8170,CURRENT_RUN_REAL_DATA,True,100,100,0,0,0,1,98,1,59,0,99,99,99,1189,0.0,23.0,
8171,CURRENT_RUN_REAL_DATA,True,100,100,0,0,0,0,99,0,95,0,99,99,99,1194,4.0,21.0,
8172,CURRENT_RUN_REAL_DATA,True,100,100,0,0,0,1,98,1,59,0,99,99,99,1189,0.0,28.0,
8173,CURRENT_RUN_REAL_DATA,True,35,35,0,0,0,0,34,0,0,1,34,34,34,629,1.0,274.0,
8174,CURRENT_RUN_REAL_DATA,True,102,102,0,0,0,2,99,2,14,1,101,101,101,1194,0.0,129.0,
8175,CURRENT_RUN_REAL_DATA,True,100,100,0,0,0,1,98,0,79,0,99,99,99,1192,0.0,23.0,
8176,CURRENT_RUN_REAL_DATA,True,100,100,0,0,0,0,99,0,95,0,99,99,99,1189,1.0,22.0,
8177,CURRENT_RUN_REAL_DATA,True,104,104,0,0,0,0,103,0,83,1,103,103,103,1188,1.0,31.0,
8178,CURRENT_RUN_REAL_DATA,True,99,99,0,0,0,0,98,0,78,0,98,98,98,1187,6.0,27.0,
8179,CURRENT_RUN_REAL_DATA,True,100,100,0,0,0,0,99,0,81,0,99,99,99,1191,5.0,21.0,
8180,CURRENT_RUN_REAL_DATA,True,99,99,0,0,0,0,98,0,76,0,98,98,98,1189,1.0,21.0,
8181,CURRENT_RUN_REAL_DATA,True,100,100,0,0,0,0,99,0,80,0,99,99,99,1193,2.0,20.0,
8182,CURRENT_RUN_REAL_DATA,True,112,112,0,0,0,3,108,3,1,0,111,111,111,1191,0.0,22.0,
8183,CURRENT_RUN_REAL_DATA,True,98,98,0,0,0,5,92,5,10,3,97,97,97,1186,0.0,133.0,
8184,CURRENT_RUN_REAL_DATA,True,111,111,0,0,0,0,110,0,12,0,110,110,110,1195,1.0,24.0,
8185,CURRENT_RUN_REAL_DATA,True,100,100,0,0,0,0,99,0,40,0,99,99,99,1190,3.0,26.0,
8186,CURRENT_RUN_REAL_DATA,True,98,98,0,0,0,0,97,0,2,0,97,97,97,1190,1.0,29.0,
8187,CURRENT_RUN_REAL_DATA,True,104,104,0,0,0,18,85,18,2,5,103,103,103,1195,0.0,55.0,
8188,CURRENT_RUN_REAL_DATA,True,100,100,0,0,0,1,98,0,89,0,99,99,99,1190,0.0,23.0,
8189,CURRENT_RUN_REAL_DATA,True,100,100,0,0,0,0,99,0,93,0,99,99,99,1191,4.0,20.0,
8190,CURRENT_RUN_REAL_DATA,True,100,100,0,0,0,0,99,0,85,0,99,99,99,1189,1.0,22.0,
8191,CURRENT_RUN_REAL_DATA,True,115,115,0,0,0,1,113,1,43,0,114,114,114,1196,0.0,25.0,
8192,CURRENT_RUN_REAL_DATA,True,100,100,0,0,0,0,99,0,10,0,99,99,99,1194,1.0,21.0,
8193,CURRENT_RUN_REAL_DATA,True,100,100,0,0,0,0,99,0,89,0,99,99,99,1192,4.0,21.0,
8194,CURRENT_RUN_REAL_DATA,True,99,99,0,0,0,0,98,0,0,0,98,98,98,1188,3.0,28.0,
8195,CURRENT_RUN_REAL_DATA,True,99,99,0,0,0,0,98,0,0,0,98,98,98,1183,1.0,22.0,
8196,CURRENT_RUN_REAL_DATA,True,99,99,0,0,0,0,98,0,79,0,98,98,98,1187,7.0,21.0,
8197,CURRENT_RUN_REAL_DATA,True,100,100,0,0,0,0,99,0,81,0,99,99,99,1187,5.0,21.0,
8198,CURRENT_RUN_REAL_DATA,True,100,100,0,0,0,0,99,0,1,0,99,99,99,1187,5.0,24.0,
8199,CURRENT_RUN_REAL_DATA,True,103,103,0,0,0,0,102,0,72,0,102,102,102,1188,2.0,28.0,
8200,CURRENT_RUN_REAL_DATA,True,99,99,0,0,0,0,98,0,78,0,98,98,98,1191,9.0,21.0,
8201,CURRENT_RUN_REAL_DATA,True,98,98,0,0,0,0,97,0,77,0,97,97,97,1195,9.0,30.0,
8202,CURRENT_RUN_REAL_DATA,True,109,109,0,0,0,0,108,0,9,0,108,108,108,1193,1.0,28.0,
8203,CURRENT_RUN_REAL_DATA,True,100,100,0,0,0,0,99,0,14,0,99,99,99,1195,1.0,23.0,
8204,CURRENT_RUN_REAL_DATA,True,107,107,0,0,0,0,106,0,17,0,106,106,106,1195,1.0,29.0,
8205,CURRENT_RUN_REAL_DATA,True,99,99,0,0,0,0,98,0,79,0,98,98,98,1195,10.0,20.0,
8206,CURRENT_RUN_REAL_DATA,True,68,68,0,0,0,0,67,0,53,1,67,67,67,1190,9.0,389.0,
8207,CURRENT_RUN_REAL_DATA,True,99,99,0,0,0,0,98,0,77,0,98,98,98,1191,9.0,21.0,
8208,CURRENT_RUN_REAL_DATA,True,109,109,0,0,0,1,107,1,6,0,108,108,108,1191,0.0,26.0,
8209,CURRENT_RUN_REAL_DATA,True,100,100,0,0,0,0,99,0,79,0,99,99,99,1190,4.0,20.0,
8210,CURRENT_RUN_REAL_DATA,True,100,100,0,0,0,0,99,0,79,0,99,99,99,1191,3.0,20.0,
8211,CURRENT_RUN_REAL_DATA,True,100,100,0,0,0,0,99,0,81,0,99,99,99,1192,2.0,21.0,
8212,CURRENT_RUN_REAL_DATA,True,110,110,0,0,0,2,107,1,13,1,109,109,109,1186,0.0,34.0,
8213,CURRENT_RUN_REAL_DATA,True,99,99,0,0,0,0,98,0,90,0,98,98,98,1188,8.0,29.0,
8214,CURRENT_RUN_REAL_DATA,True,98,98,0,0,0,0,97,0,12,0,97,97,97,1190,5.0,23.0,
8215,CURRENT_RUN_REAL_DATA,True,98,98,0,0,0,0,97,0,87,0,97,97,97,1186,8.0,22.0,
8216,CURRENT_RUN_REAL_DATA,True,100,100,0,0,0,0,99,0,79,0,99,99,99,1193,2.0,20.0,
8217,CURRENT_RUN_REAL_DATA,True,99,99,0,0,0,0,98,0,56,0,98,98,98,1190,1.0,30.0,
8218,CURRENT_RUN_REAL_DATA,True,100,100,0,0,0,0,99,0,90,0,99,99,99,1193,3.0,21.0,
8219,CURRENT_RUN_REAL_DATA,True,99,99,0,0,0,0,98,0,77,0,98,98,98,1189,6.0,30.0,
8220,CURRENT_RUN_REAL_DATA,True,107,107,0,0,0,4,102,4,28,0,106,106,106,1182,0.0,30.0,
8221,CURRENT_RUN_REAL_DATA,True,100,100,0,0,0,0,99,0,51,0,99,99,99,1191,1.0,21.0,
8222,CURRENT_RUN_REAL_DATA,True,96,96,0,0,0,0,95,0,19,1,95,95,95,1186,1.0,118.0,
8223,CURRENT_RUN_REAL_DATA,True,100,100,0,0,0,0,99,0,80,0,99,99,99,1194,4.0,21.0,
8224,CURRENT_RUN_REAL_DATA,True,96,96,0,0,0,2,93,2,17,1,95,95,95,1180,0.0,39.0,
8225,CURRENT_RUN_REAL_DATA,True,98,98,0,0,0,0,97,0,71,0,97,97,97,1186,5.0,30.0,
8226,CURRENT_RUN_REAL_DATA,True,111,111,0,0,0,0,110,0,9,0,110,110,110,1193,1.0,22.0,
8227,CURRENT_RUN_REAL_DATA,True,107,107,0,0,0,1,105,1,13,1,106,106,106,1195,0.0,55.0,
8228,CURRENT_RUN_REAL_DATA,True,107,107,0,0,0,0,106,0,23,0,106,106,106,1176,1.0,26.0,
8229,CURRENT_RUN_REAL_DATA,True,111,111,0,0,0,2,108,2,0,0,110,110,110,1193,0.0,27.0,
8230,CURRENT_RUN_REAL_DATA,True,106,106,0,0,0,1,104,1,27,0,105,105,105,1186,0.0,28.0,
8231,CURRENT_RUN_REAL_DATA,True,111,111,0,0,0,3,107,3,34,0,110,110,110,1190,0.0,26.0,
8232,CURRENT_RUN_REAL_DATA,True,98,98,0,0,0,0,97,0,87,0,97,97,97,1189,8.0,30.0,
8233,CURRENT_RUN_REAL_DATA,True,113,113,0,0,0,2,110,2,23,0,112,112,112,1180,0.0,30.0,
8234,CURRENT_RUN_REAL_DATA,True,99,99,0,0,0,0,98,0,91,0,98,98,98,1186,1.0,20.0,
8235,CURRENT_RUN_REAL_DATA,True,102,102,0,0,0,0,101,0,58,0,101,101,101,1192,2.0,28.0,
8236,CURRENT_RUN_REAL_DATA,True,98,98,0,0,0,0,97,0,97,0,97,97,97,1195,9.0,29.0,
8237,CURRENT_RUN_REAL_DATA,True,99,99,0,0,0,0,98,0,12,0,98,98,98,1195,9.0,20.0,
8238,CURRENT_RUN_REAL_DATA,True,106,106,0,0,0,0,105,0,12,0,105,105,105,1190,1.0,22.0,
8239,CURRENT_RUN_REAL_DATA,True,105,105,0,0,0,0,104,0,56,0,104,104,104,1190,1.0,21.0,
8240,CURRENT_RUN_REAL_DATA,True,98,98,0,0,0,0,97,0,87,0,97,97,97,1185,9.0,21.0,
8241,CURRENT_RUN_REAL_DATA,True,105,105,0,0,0,2,102,2,3,1,104,104,104,1191,0.0,33.0,
8242,CURRENT_RUN_REAL_DATA,True,99,99,0,0,0,0,98,0,26,0,98,98,98,1190,7.0,23.0,
8243,CURRENT_RUN_REAL_DATA,True,99,99,0,0,0,0,98,0,95,0,98,98,98,1189,8.0,22.0,
8244,CURRENT_RUN_REAL_DATA,True,104,104,0,0,0,1,102,1,28,1,103,103,103,1191,0.0,33.0,
8245,CURRENT_RUN_REAL_DATA,True,99,99,0,0,0,0,98,0,89,0,98,98,98,1180,5.0,21.0,
8246,CURRENT_RUN_REAL_DATA,True,113,113,0,0,0,16,96,16,0,4,112,112,112,1190,0.0,99.0,
8247,CURRENT_RUN_REAL_DATA,True,105,105,0,0,0,2,102,2,2,0,104,104,104,1114,0.0,26.0,
8248,CURRENT_RUN_REAL_DATA,True,107,107,0,0,0,8,98,8,15,0,106,106,106,1153,0.0,30.0,
8249,CURRENT_RUN_REAL_DATA,True,121,121,0,0,0,5,115,4,40,0,120,120,120,1193,0.0,30.0,
8250,CURRENT_RUN_REAL_DATA,True,149,149,0,0,0,6,142,6,35,0,148,148,148,1190,0.0,30.0,
8251,CURRENT_RUN_REAL_DATA,True,111,111,0,0,0,5,105,3,29,1,110,110,110,1189,0.0,76.0,
8252,CURRENT_RUN_REAL_DATA,True,99,99,0,0,0,0,98,0,89,0,98,98,98,1195,9.0,20.0,
8253,CURRENT_RUN_REAL_DATA,True,100,100,0,0,0,0,99,0,79,0,99,99,99,1190,5.0,21.0,
8254,CURRENT_RUN_REAL_DATA,True,98,98,0,0,0,0,97,0,87,0,97,97,97,1191,9.0,30.0,
8255,CURRENT_RUN_REAL_DATA,True,77,77,0,0,0,3,73,1,33,2,76,76,76,1193,0.0,279.0,
8256,CURRENT_RUN_REAL_DATA,True,100,100,0,0,0,0,99,0,91,0,99,99,99,1191,2.0,21.0,
8257,CURRENT_RUN_REAL_DATA,True,98,98,0,0,0,0,97,0,87,0,97,97,97,1183,9.0,21.0,
8258,CURRENT_RUN_REAL_DATA,True,99,99,0,0,0,0,98,0,89,0,98,98,98,1180,5.0,21.0,
8259,CURRENT_RUN_REAL_DATA,True,113,113,0,0,0,1,111,1,2,0,112,112,112,1175,0.0,27.0,
8260,CURRENT_RUN_REAL_DATA,True,100,100,0,0,0,0,99,0,90,0,99,99,99,1190,4.0,20.0,
8261,CURRENT_RUN_REAL_DATA,True,100,100,0,0,0,0,99,0,79,0,99,99,99,1191,4.0,20.0,
8262,CURRENT_RUN_REAL_DATA,True,105,105,0,0,0,0,104,0,58,2,104,104,104,1188,1.0,31.0,
8263,CURRENT_RUN_REAL_DATA,True,104,104,0,0,0,1,102,1,8,1,103,103,103,1189,0.0,31.0,
8264,CURRENT_RUN_REAL_DATA,True,99,99,0,0,0,6,92,5,4,2,98,98,98,1192,0.0,60.0,
8265,CURRENT_RUN_REAL_DATA,True,111,111,0,0,0,4,106,1,32,1,110,110,110,1195,0.0,42.0,
8266,CURRENT_RUN_REAL_DATA,True,112,112,0,0,0,2,109,1,21,0,111,111,111,1189,0.0,21.0,
8267,CURRENT_RUN_REAL_DATA,True,100,100,0,0,0,8,91,8,18,2,99,99,99,1189,0.0,91.0,
8268,CURRENT_RUN_REAL_DATA,True,115,115,0,0,0,5,109,5,15,0,114,114,114,1171,0.0,24.0,
8269,CURRENT_RUN_REAL_DATA,True,99,99,0,0,0,0,98,0,30,1,98,98,98,1186,1.0,31.0,
8270,CURRENT_RUN_REAL_DATA,True,101,101,0,0,0,0,100,0,71,0,100,100,100,1194,3.0,23.0,
8271,CURRENT_RUN_REAL_DATA,True,106,106,0,0,0,1,104,1,14,0,105,105,105,1193,0.0,24.0,
8272,CURRENT_RUN_REAL_DATA,True,107,107,0,0,0,1,105,0,16,1,106,106,106,1195,0.0,31.0,
8273,CURRENT_RUN_REAL_DATA,True,100,100,0,0,0,0,99,0,73,0,99,99,99,1191,2.0,20.0,
8274,CURRENT_RUN_REAL_DATA,True,99,99,0,0,0,0,98,0,79,0,98,98,98,1189,7.0,23.0,
8275,CURRENT_RUN_REAL_DATA,True,122,122,0,0,0,2,119,2,0,0,121,121,121,1194,0.0,22.0,
8276,CURRENT_RUN_REAL_DATA,True,98,98,0,0,0,0,97,0,77,0,97,97,97,1186,8.0,22.0,
8277,CURRENT_RUN_REAL_DATA,True,99,99,0,0,0,0,98,0,68,0,98,98,98,1189,7.0,29.0,
8278,CURRENT_RUN_REAL_DATA,True,114,114,0,0,0,6,107,6,0,2,113,113,113,1186,0.0,88.0,
8279,CURRENT_RUN_REAL_DATA,True,100,100,0,0,0,0,99,0,92,0,99,99,99,1193,3.0,21.0,
8280,CURRENT_RUN_REAL_DATA,True,97,97,0,0,0,5,91,5,25,2,96,96,96,1177,0.0,134.0,
8281,CURRENT_RUN_REAL_DATA,True,100,100,0,0,0,0,99,0,81,0,99,99,99,1190,5.0,20.0,
8282,CURRENT_RUN_REAL_DATA,True,101,101,0,0,0,1,99,1,18,1,100,100,100,1189,0.0,31.0,
8283,CURRENT_RUN_REAL_DATA,True,99,99,0,0,0,0,98,0,88,0,98,98,98,1190,10.0,20.0,
8284,CURRENT_RUN_REAL_DATA,True,136,136,0,0,0,6,129,5,19,1,135,135,135,1195,0.0,87.0,
8285,CURRENT_RUN_REAL_DATA,True,100,100,0,0,0,0,99,0,46,0,99,99,99,1192,1.0,30.0,
8286,CURRENT_RUN_REAL_DATA,True,103,103,0,0,0,0,102,0,72,0,102,102,102,1194,1.0,20.0,
8287,CURRENT_RUN_REAL_DATA,True,113,113,0,0,0,3,109,3,1,1,112,112,112,1195,0.0,32.0,
8288,CURRENT_RUN_REAL_DATA,True,99,99,0,0,0,0,98,0,75,0,98,98,98,1190,2.0,30.0,
8289,CURRENT_RUN_REAL_DATA,True,100,100,0,0,0,0,99,0,79,0,99,99,99,1190,6.0,21.0,
8290,CURRENT_RUN_REAL_DATA,True,94,94,0,0,0,2,91,2,0,2,93,93,93,1194,0.0,102.0,
8291,CURRENT_RUN_REAL_DATA,True,106,106,0,0,0,2,103,2,2,1,105,105,105,1179,0.0,31.0,
8292,CURRENT_RUN_REAL_DATA,True,109,109,0,0,0,2,106,1,21,0,108,108,108,1180,0.0,29.0,
8293,CURRENT_RUN_REAL_DATA,True,99,99,0,0,0,0,98,0,78,0,98,98,98,1189,9.0,22.0,
8294,CURRENT_RUN_REAL_DATA,True,138,138,0,0,0,6,131,6,21,0,137,137,137,1188,0.0,30.0,
8295,CURRENT_RUN_REAL_DATA,True,99,99,0,0,0,0,98,0,96,0,98,98,98,1190,7.0,30.0,
8296,CURRENT_RUN_REAL_DATA,True,110,110,0,0,0,1,108,1,22,0,109,109,109,1186,0.0,29.0,
8297,CURRENT_RUN_REAL_DATA,True,106,106,0,0,0,0,105,0,62,0,105,105,105,1191,1.0,21.0,
8298,CURRENT_RUN_REAL_DATA,True,156,156,0,0,0,11,144,11,36,0,155,155,155,1198,0.0,29.0,
8299,CURRENT_RUN_REAL_DATA,True,129,129,0,0,0,0,128,0,31,0,128,128,128,1186,1.0,22.0,
8300,CURRENT_RUN_REAL_DATA,True,112,112,0,0,0,4,107,4,8,1,111,111,111,1198,0.0,43.0,
8301,CURRENT_RUN_REAL_DATA,True,99,99,0,0,0,0,98,0,79,0,98,98,98,1191,9.0,20.0,
8302,CURRENT_RUN_REAL_DATA,True,98,98,0,0,0,0,97,0,77,0,97,97,97,1186,8.0,22.0,
8303,CURRENT_RUN_REAL_DATA,True,106,106,0,0,0,3,102,3,19,2,105,105,105,1192,0.0,43.0,
8304,CURRENT_RUN_REAL_DATA,True,100,100,0,0,0,4,95,4,35,1,99,99,99,1186,0.0,106.0,
8305,CURRENT_RUN_REAL_DATA,True,94,94,0,0,0,7,86,7,50,2,93,93,93,1040,0.0,40.0,
8306,CURRENT_RUN_REAL_DATA,True,100,100,0,0,0,0,99,0,90,0,99,99,99,1192,1.0,21.0,
8307,CURRENT_RUN_REAL_DATA,True,98,98,0,0,0,0,97,0,77,0,97,97,97,1185,7.0,23.0,
8308,CURRENT_RUN_REAL_DATA,True,162,162,0,0,0,6,155,6,18,0,161,161,161,1192,0.0,23.0,
8309,CURRENT_RUN_REAL_DATA,True,98,98,0,0,0,0,97,0,90,0,97,97,97,1186,9.0,21.0,
8310,CURRENT_RUN_REAL_DATA,True,101,101,0,0,0,0,100,0,76,0,100,100,100,1186,1.0,20.0,
8311,CURRENT_RUN_REAL_DATA,True,103,103,0,0,0,1,101,0,74,1,102,102,102,1193,0.0,32.0,
8312,CURRENT_RUN_REAL_DATA,True,100,100,0,0,0,0,99,0,80,0,99,99,99,1193,1.0,21.0,
8313,CURRENT_RUN_REAL_DATA,True,142,142,0,0,0,2,139,1,48,0,141,141,141,1190,0.0,27.0,
8314,CURRENT_RUN_REAL_DATA,True,120,120,0,0,0,0,119,0,11,0,119,119,119,1196,1.0,28.0,
8315,CURRENT_RUN_REAL_DATA,True,96,96,0,0,0,4,91,3,65,1,95,95,95,1190,0.0,117.0,
8316,CURRENT_RUN_REAL_DATA,True,105,105,0,0,0,10,94,10,9,2,104,104,104,1190,0.0,97.0,
8317,CURRENT_RUN_REAL_DATA,True,115,115,0,0,0,17,97,9,55,1,114,114,114,1186,0.0,148.0,
8318,CURRENT_RUN_REAL_DATA,True,100,100,0,0,0,0,99,0,89,0,99,99,99,1195,3.0,22.0,
8319,CURRENT_RUN_REAL_DATA,True,109,109,0,0,0,1,107,1,1,1,108,108,108,1191,0.0,44.0,
8320,CURRENT_RUN_REAL_DATA,True,122,122,0,0,0,7,114,6,4,0,121,121,121,1172,0.0,28.0,
8321,CURRENT_RUN_REAL_DATA,True,93,93,0,0,0,1,91,1,9,2,92,92,92,1186,0.0,111.0,
8322,CURRENT_RUN_REAL_DATA,True,103,103,0,0,0,5,97,4,71,0,102,102,102,1168,0.0,22.0,
8323,CURRENT_RUN_REAL_DATA,True,98,98,0,0,0,0,97,0,77,0,97,97,97,1186,8.0,22.0,
8324,CURRENT_RUN_REAL_DATA,True,100,100,0,0,0,0,99,0,83,0,99,99,99,1193,1.0,20.0,
8325,CURRENT_RUN_REAL_DATA,True,98,98,0,0,0,0,97,0,90,0,97,97,97,1192,3.0,30.0,
8326,CURRENT_RUN_REAL_DATA,True,120,120,0,0,0,26,93,26,3,2,119,119,119,1191,0.0,207.0,
8327,CURRENT_RUN_REAL_DATA,True,100,100,0,0,0,0,99,0,93,0,99,99,99,1194,1.0,20.0,
8328,CURRENT_RUN_REAL_DATA,True,99,99,0,0,0,0,98,0,10,0,98,98,98,1187,5.0,26.0,
8329,CURRENT_RUN_REAL_DATA,True,136,136,0,0,0,2,133,2,33,0,135,135,135,1191,0.0,27.0,
8330,CURRENT_RUN_REAL_DATA,True,100,100,0,0,0,0,99,0,79,0,99,99,99,1191,2.0,21.0,
8331,CURRENT_RUN_REAL_DATA,True,100,100,0,0,0,0,99,0,89,0,99,99,99,1192,3.0,21.0,
8332,CURRENT_RUN_REAL_DATA,True,100,100,0,0,0,0,99,0,79,0,99,99,99,1195,3.0,20.0,
8333,CURRENT_RUN_REAL_DATA,True,120,120,0,0,0,4,115,4,14,0,119,119,119,1197,0.0,24.0,
8334,CURRENT_RUN_REAL_DATA,True,99,99,0,0,0,0,98,0,78,0,98,98,98,1190,6.0,21.0,
8335,CURRENT_RUN_REAL_DATA,True,107,107,0,0,0,1,105,1,19,2,106,106,106,1195,0.0,34.0,
8336,CURRENT_RUN_REAL_DATA,True,102,102,0,0,0,0,101,0,57,0,101,101,101,1187,1.0,29.0,
8337,CURRENT_RUN_REAL_DATA,True,106,106,0,0,0,1,104,1,2,0,105,105,105,1189,0.0,30.0,
8338,CURRENT_RUN_REAL_DATA,True,105,105,0,0,0,0,104,0,34,0,104,104,104,1192,1.0,30.0,
8339,CURRENT_RUN_REAL_DATA,True,105,105,0,0,0,1,103,1,30,0,104,104,104,1188,0.0,30.0,
8340,CURRENT_RUN_REAL_DATA,True,110,110,0,0,0,3,106,1,36,1,109,109,109,1187,0.0,31.0,
8341,CURRENT_RUN_REAL_DATA,True,109,109,0,0,0,3,105,2,40,2,108,108,108,1191,0.0,50.0,
8342,CURRENT_RUN_REAL_DATA,True,100,100,0,0,0,0,99,0,89,0,99,99,99,1193,2.0,20.0,
8343,CURRENT_RUN_REAL_DATA,True,110,110,0,0,0,3,106,3,24,2,109,109,109,1190,0.0,44.0,
8344,CURRENT_RUN_REAL_DATA,True,101,101,0,0,0,1,99,0,97,0,100,100,100,1190,0.0,25.0,
8345,CURRENT_RUN_REAL_DATA,True,158,158,0,0,0,1,156,1,33,0,157,157,157,1189,0.0,30.0,
8346,CURRENT_RUN_REAL_DATA,True,141,141,0,0,0,46,94,39,21,2,140,140,140,889,0.0,95.0,
8347,CURRENT_RUN_REAL_DATA,True,100,100,0,0,0,0,99,0,76,0,99,99,99,1191,2.0,21.0,
8348,CURRENT_RUN_REAL_DATA,True,106,106,0,0,0,2,103,2,17,2,105,105,105,1193,0.0,36.0,
8349,CURRENT_RUN_REAL_DATA,True,100,100,0,0,0,0,99,0,5,0,99,99,99,1191,2.0,21.0,
8350,CURRENT_RUN_REAL_DATA,True,102,102,0,0,0,0,101,0,33,0,101,101,101,1148,2.0,23.0,
8351,CURRENT_RUN_REAL_DATA,True,99,99,0,0,0,2,96,1,15,3,98,98,98,1185,0.0,50.0,
8352,CURRENT_RUN_REAL_DATA,True,138,138,0,0,0,1,136,1,10,0,137,137,137,1188,0.0,28.0,
8353,CURRENT_RUN_REAL_DATA,True,99,99,0,0,0,0,98,0,79,0,98,98,98,1191,9.0,20.0,
8354,CURRENT_RUN_REAL_DATA,True,100,100,0,0,0,0,99,0,80,0,99,99,99,1193,5.0,20.0,
8355,CURRENT_RUN_REAL_DATA,True,99,99,0,0,0,0,98,0,79,0,98,98,98,1186,1.0,21.0,
8356,CURRENT_RUN_REAL_DATA,True,100,100,0,0,0,0,99,0,89,0,99,99,99,1190,1.0,22.0,
8357,CURRENT_RUN_REAL_DATA,True,102,102,0,0,0,38,63,38,5,1,101,101,101,1084,0.0,409.0,
8358,CURRENT_RUN_REAL_DATA,True,101,101,0,0,0,0,100,0,2,0,100,100,100,1190,6.0,20.0,
8359,CURRENT_RUN_REAL_DATA,True,94,94,0,0,0,0,93,0,18,1,93,93,93,1183,1.0,124.0,
8360,CURRENT_RUN_REAL_DATA,True,99,99,0,0,0,0,98,0,78,0,98,98,98,1195,6.0,22.0,
8361,CURRENT_RUN_REAL_DATA,True,99,99,0,0,0,0,98,0,78,0,98,98,98,1191,9.0,21.0,
8362,CURRENT_RUN_REAL_DATA,True,93,93,0,0,0,5,87,5,22,1,92,92,92,1193,0.0,264.0,
8363,CURRENT_RUN_REAL_DATA,True,97,97,0,0,0,0,96,0,89,0,96,96,96,1190,7.0,30.0,
8364,CURRENT_RUN_REAL_DATA,True,100,100,0,0,0,0,99,0,80,0,99,99,99,1193,4.0,21.0,
8365,CURRENT_RUN_REAL_DATA,True,109,109,0,0,0,15,93,12,20,3,108,108,108,1186,0.0,130.0,
8366,CURRENT_RUN_REAL_DATA,True,99,99,0,0,0,0,98,0,78,0,98,98,98,1190,7.0,23.0,
8367,CURRENT_RUN_REAL_DATA,True,100,100,0,0,0,3,96,3,63,1,99,99,99,1186,0.0,66.0,
8368,CURRENT_RUN_REAL_DATA,True,108,108,0,0,0,1,106,1,9,0,107,107,107,1191,0.0,24.0,
8369,CURRENT_RUN_REAL_DATA,True,101,101,0,0,0,1,99,0,74,1,100,100,100,1191,0.0,54.0,
8370,CURRENT_RUN_REAL_DATA,True,113,113,0,0,0,5,107,5,23,0,112,112,112,1186,0.0,21.0,
8371,CURRENT_RUN_REAL_DATA,True,119,119,0,0,0,6,112,5,20,0,118,118,118,1188,0.0,29.0,
8372,CURRENT_RUN_REAL_DATA,True,125,125,0,0,0,6,118,6,18,0,124,124,124,1191,0.0,24.0,
8373,CURRENT_RUN_REAL_DATA,True,99,99,0,0,0,0,98,0,89,0,98,98,98,1194,2.0,29.0,
8374,CURRENT_RUN_REAL_DATA,True,90,90,0,0,0,0,89,0,57,0,89,89,89,1043,1.0,20.0,
8375,CURRENT_RUN_REAL_DATA,True,99,99,0,0,0,0,98,0,76,0,98,98,98,1191,9.0,21.0,
8376,CURRENT_RUN_REAL_DATA,True,99,99,0,0,0,0,98,0,78,0,98,98,98,1195,9.0,21.0,
8377,CURRENT_RUN_REAL_DATA,True,124,124,0,0,0,15,108,13,18,1,123,123,123,1186,0.0,109.0,
8378,CURRENT_RUN_REAL_DATA,True,100,100,0,0,0,0,99,0,6,0,99,99,99,1194,2.0,21.0,
8379,CURRENT_RUN_REAL_DATA,True,100,100,0,0,0,0,99,0,0,0,99,99,99,1190,5.0,21.0,
8380,CURRENT_RUN_REAL_DATA,True,101,101,0,0,0,0,100,0,80,0,100,100,100,1190,8.0,30.0,
8381,CURRENT_RUN_REAL_DATA,True,103,103,0,0,0,1,101,1,20,0,102,102,102,1187,0.0,27.0,
8382,CURRENT_RUN_REAL_DATA,True,111,111,0,0,0,1,109,1,0,0,110,110,110,1197,0.0,22.0,
8383,CURRENT_RUN_REAL_DATA,True,101,101,0,0,0,9,91,2,80,4,100,100,100,1193,0.0,52.0,
8384,CURRENT_RUN_REAL_DATA,True,20,20,0,0,0,14,5,1,15,2,19,19,19,781,0.0,704.0,
8385,CURRENT_RUN_REAL_DATA,True,98,98,0,0,0,0,97,0,77,0,97,97,97,1195,10.0,30.0,
8386,CURRENT_RUN_REAL_DATA,True,98,98,0,0,0,9,88,0,89,6,97,97,97,1195,0.0,71.0,
8387,CURRENT_RUN_REAL_DATA,True,104,104,0,0,0,2,101,2,74,0,103,103,103,1194,0.0,20.0,
8388,CURRENT_RUN_REAL_DATA,True,104,104,0,0,0,1,102,0,84,0,103,103,103,1194,0.0,21.0,
8389,CURRENT_RUN_REAL_DATA,True,107,107,0,0,0,3,103,3,36,1,106,106,106,1194,0.0,36.0,
8390,CURRENT_RUN_REAL_DATA,True,96,96,0,0,0,0,95,0,85,0,95,95,95,1183,7.0,30.0,
8391,CURRENT_RUN_REAL_DATA,True,100,100,0,0,0,0,99,0,9,0,99,99,99,1191,3.0,21.0,
8392,CURRENT_RUN_REAL_DATA,True,100,100,0,0,0,0,99,0,79,0,99,99,99,1192,4.0,21.0,
8393,CURRENT_RUN_REAL_DATA,True,108,108,0,0,0,3,104,3,35,2,107,107,107,1179,0.0,35.0,
8394,CURRENT_RUN_REAL_DATA,True,99,99,0,0,0,0,98,0,78,0,98,98,98,1195,10.0,20.0,
8395,CURRENT_RUN_REAL_DATA,True,122,122,0,0,0,0,121,0,44,0,121,121,121,1186,1.0,22.0,
8396,CURRENT_RUN_REAL_DATA,True,100,100,0,0,0,0,99,0,79,0,99,99,99,1194,1.0,22.0,
8397,CURRENT_RUN_REAL_DATA,True,117,117,0,0,0,7,109,6,21,0,116,116,116,1188,0.0,30.0,
8398,CURRENT_RUN_REAL_DATA,True,102,102,0,0,0,0,101,0,27,0,101,101,101,1190,3.0,30.0,
8399,CURRENT_RUN_REAL_DATA,True,99,99,0,0,0,0,98,0,78,0,98,98,98,1194,10.0,20.0,
8400,CURRENT_RUN_REAL_DATA,True,117,117,0,0,0,5,111,5,22,1,116,116,116,1190,0.0,33.0,
8401,CURRENT_RUN_REAL_DATA,True,98,98,0,0,0,0,97,0,78,0,97,97,97,1195,5.0,30.0,
8402,CURRENT_RUN_REAL_DATA,True,113,113,0,0,0,1,111,1,23,0,112,112,112,1179,0.0,22.0,
8403,CURRENT_RUN_REAL_DATA,True,100,100,0,0,0,0,99,0,79,0,99,99,99,1191,5.0,21.0,
8404,CURRENT_RUN_REAL_DATA,True,119,119,0,0,0,2,116,2,25,0,118,118,118,1187,0.0,28.0,
8405,CURRENT_RUN_REAL_DATA,True,100,100,0,0,0,0,99,0,80,0,99,99,99,1191,6.0,21.0,
8406,CURRENT_RUN_REAL_DATA,True,99,99,0,0,0,0,98,0,88,0,98,98,98,1195,10.0,20.0,
8407,CURRENT_RUN_REAL_DATA,True,100,100,0,0,0,0,99,0,80,0,99,99,99,1191,4.0,21.0,
8408,CURRENT_RUN_REAL_DATA,True,100,100,0,0,0,0,99,0,80,0,99,99,99,1188,2.0,30.0,
8409,CURRENT_RUN_REAL_DATA,True,100,100,0,0,0,0,99,0,32,0,99,99,99,1185,2.0,21.0,
8410,CURRENT_RUN_REAL_DATA,True,104,104,0,0,0,0,103,0,26,1,103,103,103,1196,1.0,31.0,
8411,CURRENT_RUN_REAL_DATA,True,105,105,0,0,0,1,103,1,9,2,104,104,104,1191,0.0,32.0,
8412,CURRENT_RUN_REAL_DATA,True,100,100,0,0,0,0,99,0,90,0,99,99,99,1191,4.0,20.0,
8413,CURRENT_RUN_REAL_DATA,True,99,99,0,0,0,0,98,0,78,0,98,98,98,1195,10.0,20.0,
8414,CURRENT_RUN_REAL_DATA,True,138,138,0,0,0,2,135,2,34,0,137,137,137,1189,0.0,25.0,
8415,CURRENT_RUN_REAL_DATA,True,96,96,0,0,0,0,95,0,21,1,95,95,95,1192,2.0,67.0,
8416,CURRENT_RUN_REAL_DATA,True,130,130,0,0,0,0,129,0,55,0,129,129,129,1189,1.0,27.0,
8417,CURRENT_RUN_REAL_DATA,True,99,99,0,0,0,0,98,0,78,0,98,98,98,1189,7.0,23.0,
8418,CURRENT_RUN_REAL_DATA,True,99,99,0,0,0,0,98,0,77,0,98,98,98,1195,8.0,22.0,
8419,CURRENT_RUN_REAL_DATA,True,98,98,0,0,0,0,97,0,87,0,97,97,97,1186,9.0,22.0,
8420,CURRENT_RUN_REAL_DATA,True,100,100,0,0,0,0,99,0,87,0,99,99,99,1191,2.0,26.0,
8421,CURRENT_RUN_REAL_DATA,True,96,96,0,0,0,0,95,0,15,1,95,95,95,1191,1.0,120.0,
8422,CURRENT_RUN_REAL_DATA,True,104,104,0,0,0,2,101,1,33,0,103,103,103,1186,0.0,30.0,
8423,CURRENT_RUN_REAL_DATA,True,104,104,0,0,0,0,103,0,39,1,103,103,103,1190,1.0,97.0,
8424,CURRENT_RUN_REAL_DATA,True,112,112,0,0,0,0,111,0,0,0,111,111,111,1164,1.0,28.0,
8425,CURRENT_RUN_REAL_DATA,True,99,99,0,0,0,0,98,0,93,0,98,98,98,1186,1.0,21.0,
8426,CURRENT_RUN_REAL_DATA,True,116,116,0,0,0,1,114,1,33,0,115,115,115,1191,0.0,20.0,
8427,CURRENT_RUN_REAL_DATA,True,98,98,0,0,0,0,97,0,95,0,97,97,97,1190,5.0,30.0,
8428,CURRENT_RUN_REAL_DATA,True,98,98,0,0,0,0,97,0,85,0,97,97,97,1185,8.0,22.0,
8429,CURRENT_RUN_REAL_DATA,True,124,124,0,0,0,0,123,0,17,0,123,123,123,1193,1.0,24.0,
8430,CURRENT_RUN_REAL_DATA,True,119,119,0,0,0,0,118,0,46,0,118,118,118,1190,1.0,24.0,
8431,CURRENT_RUN_REAL_DATA,True,99,99,0,0,0,0,98,0,89,0,98,98,98,1195,9.0,20.0,
8432,CURRENT_RUN_REAL_DATA,True,76,76,0,0,0,0,75,0,5,1,75,75,75,1189,1.0,325.0,
8433,CURRENT_RUN_REAL_DATA,True,110,110,0,0,0,1,108,1,0,1,109,109,109,1193,0.0,38.0,
8434,CURRENT_RUN_REAL_DATA,True,100,100,0,0,0,0,99,0,80,0,99,99,99,1191,3.0,20.0,
8435,CURRENT_RUN_REAL_DATA,True,104,104,0,0,0,0,103,0,0,0,103,103,103,1192,2.0,23.0,
8436,CURRENT_RUN_REAL_DATA,True,114,114,0,0,0,3,110,3,12,0,113,113,113,1189,0.0,25.0,
8437,CURRENT_RUN_REAL_DATA,True,100,100,0,0,0,0,99,0,80,0,99,99,99,1195,1.0,20.0,
8438,CURRENT_RUN_REAL_DATA,True,103,103,0,0,0,1,101,1,30,1,102,102,102,1194,0.0,74.0,
8439,CURRENT_RUN_REAL_DATA,True,98,98,0,0,0,0,97,0,88,0,97,97,97,1189,6.0,30.0,
8440,CURRENT_RUN_REAL_DATA,True,99,99,0,0,0,0,98,0,60,0,98,98,98,1192,9.0,21.0,
8441,CURRENT_RUN_REAL_DATA,True,99,99,0,0,0,0,98,0,94,0,98,98,98,1189,7.0,23.0,
8442,CURRENT_RUN_REAL_DATA,True,108,108,0,0,0,0,107,0,18,0,107,107,107,1186,1.0,30.0,
8443,CURRENT_RUN_REAL_DATA,True,102,102,0,0,0,4,97,3,52,1,101,101,101,1184,0.0,77.0,
8444,CURRENT_RUN_REAL_DATA,True,91,91,0,0,0,1,89,1,59,1,90,90,90,1189,0.0,112.0,
8445,CURRENT_RUN_REAL_DATA,True,98,98,0,0,0,0,97,0,96,0,97,97,97,1187,5.0,30.0,
8446,CURRENT_RUN_REAL_DATA,True,114,114,0,0,0,1,112,0,23,0,113,113,113,1187,0.0,24.0,
8447,CURRENT_RUN_REAL_DATA,True,105,105,0,0,0,1,103,1,28,0,104,104,104,1195,0.0,30.0,
8448,CURRENT_RUN_REAL_DATA,True,100,100,0,0,0,0,99,0,89,0,99,99,99,1193,2.0,20.0,
8449,CURRENT_RUN_REAL_DATA,True,102,102,0,0,0,0,101,0,19,1,101,101,101,1191,2.0,42.0,
8450,CURRENT_RUN_REAL_DATA,True,102,102,0,0,0,0,101,0,81,0,101,101,101,1194,1.0,20.0,
8451,CURRENT_RUN_REAL_DATA,True,100,100,0,0,0,0,99,0,90,0,99,99,99,1191,2.0,20.0,
8452,CURRENT_RUN_REAL_DATA,True,103,103,0,0,0,0,102,0,22,1,102,102,102,1185,1.0,77.0,
8453,CURRENT_RUN_REAL_DATA,True,97,97,0,0,0,0,96,0,87,0,96,96,96,1179,9.0,29.0,
8454,CURRENT_RUN_REAL_DATA,True,99,99,0,0,0,0,98,0,80,0,98,98,98,1187,7.0,28.0,
8455,CURRENT_RUN_REAL_DATA,True,99,99,0,0,0,0,98,0,89,0,98,98,98,1179,5.0,22.0,
8456,CURRENT_RUN_REAL_DATA,True,107,107,0,0,0,1,105,1,25,0,106,106,106,1190,0.0,26.0,
8457,CURRENT_RUN_REAL_DATA,True,111,111,0,0,0,3,107,3,14,0,110,110,110,1186,0.0,24.0,
8458,CURRENT_RUN_REAL_DATA,True,106,106,0,0,0,0,105,0,16,0,105,105,105,1186,1.0,28.0,
8459,CURRENT_RUN_REAL_DATA,True,97,97,0,0,0,0,96,0,20,2,96,96,96,1192,2.0,96.0,
8460,CURRENT_RUN_REAL_DATA,True,118,118,0,0,0,1,116,1,0,0,117,117,117,1187,0.0,27.0,
8461,CURRENT_RUN_REAL_DATA,True,110,110,0,0,0,0,109,0,0,0,109,109,109,1188,1.0,24.0,
8462,CURRENT_RUN_REAL_DATA,True,123,123,0,0,0,1,121,1,23,0,122,122,122,1175,0.0,30.0,
8463,CURRENT_RUN_REAL_DATA,True,100,100,0,0,0,0,99,0,77,0,99,99,99,1198,8.0,20.0,
8464,CURRENT_RUN_REAL_DATA,True,100,100,0,0,0,0,99,0,89,0,99,99,99,1193,4.0,20.0,
8465,CURRENT_RUN_REAL_DATA,True,108,108,0,0,0,2,105,2,18,0,107,107,107,1191,0.0,22.0,
8466,CURRENT_RUN_REAL_DATA,True,102,102,0,0,0,0,101,0,1,0,101,101,101,1194,1.0,23.0,
8467,CURRENT_RUN_REAL_DATA,True,99,99,0,0,0,0,98,0,88,0,98,98,98,1189,5.0,29.0,
8468,CURRENT_RUN_REAL_DATA,True,104,104,0,0,0,2,101,2,29,0,103,103,103,1186,0.0,22.0,
8469,CURRENT_RUN_REAL_DATA,True,100,100,0,0,0,0,99,0,89,0,99,99,99,1193,2.0,20.0,
8470,CURRENT_RUN_REAL_DATA,True,89,89,0,0,0,0,88,0,53,0,88,88,88,1031,1.0,20.0,
8471,CURRENT_RUN_REAL_DATA,True,110,110,0,0,0,2,107,2,0,0,109,109,109,1190,0.0,30.0,
8472,CURRENT_RUN_REAL_DATA,True,98,98,0,0,0,1,96,1,71,1,97,97,97,1186,0.0,83.0,
8473,CURRENT_RUN_REAL_DATA,True,104,104,0,0,0,2,101,2,20,0,103,103,103,1191,0.0,30.0,
8474,CURRENT_RUN_REAL_DATA,True,104,104,0,0,0,0,103,0,26,1,103,103,103,1191,1.0,48.0,
8475,CURRENT_RUN_REAL_DATA,True,98,98,0,0,0,0,97,0,76,0,97,97,97,1184,9.0,21.0,
8476,CURRENT_RUN_REAL_DATA,True,99,99,0,0,0,0,98,0,78,0,98,98,98,1180,6.0,22.0,
8477,CURRENT_RUN_REAL_DATA,True,103,103,0,0,0,2,100,1,26,0,102,102,102,1190,0.0,30.0,
8478,CURRENT_RUN_REAL_DATA,True,99,99,0,0,0,0,98,0,80,0,98,98,98,1195,9.0,21.0,
8479,CURRENT_RUN_REAL_DATA,True,100,100,0,0,0,0,99,0,78,0,99,99,99,1196,1.0,21.0,
8480,CURRENT_RUN_REAL_DATA,True,113,113,0,0,0,1,111,1,53,0,112,112,112,1194,0.0,26.0,
8481,CURRENT_RUN_REAL_DATA,True,100,100,0,0,0,0,99,0,76,0,99,99,99,1191,1.0,21.0,
8482,CURRENT_RUN_REAL_DATA,True,112,112,0,0,0,2,109,2,10,0,111,111,111,1188,0.0,28.0,
8483,CURRENT_RUN_REAL_DATA,True,103,103,0,0,0,2,100,2,0,0,102,102,102,1184,0.0,30.0,
8484,CURRENT_RUN_REAL_DATA,True,75,75,0,0,0,0,74,0,3,1,74,74,74,1186,6.0,269.0,
8485,CURRENT_RUN_REAL_DATA,True,98,98,0,0,0,0,97,0,77,0,97,97,97,1195,9.0,30.0,
8486,CURRENT_RUN_REAL_DATA,True,109,109,0,0,0,0,108,0,26,0,108,108,108,1195,1.0,25.0,
8487,CURRENT_RUN_REAL_DATA,True,113,113,0,0,0,5,107,3,18,2,112,112,112,1198,0.0,49.0,
8488,CURRENT_RUN_REAL_DATA,True,78,78,0,0,0,5,72,5,15,0,77,77,77,854,0.0,30.0,
8489,CURRENT_RUN_REAL_DATA,True,98,98,0,0,0,0,97,0,88,0,97,97,97,1180,9.0,21.0,
8490,CURRENT_RUN_REAL_DATA,True,99,99,0,0,0,0,98,0,78,0,98,98,98,1195,9.0,21.0,
8491,CURRENT_RUN_REAL_DATA,True,98,98,0,0,0,0,97,0,78,0,97,97,97,1195,10.0,30.0,
8492,CURRENT_RUN_REAL_DATA,True,144,144,0,0,0,3,140,3,23,0,143,143,143,1186,0.0,21.0,
8493,CURRENT_RUN_REAL_DATA,True,114,114,0,0,0,0,113,0,25,0,113,113,113,1189,1.0,30.0,
8494,CURRENT_RUN_REAL_DATA,True,100,100,0,0,0,0,99,0,89,0,99,99,99,1191,5.0,20.0,
8495,CURRENT_RUN_REAL_DATA,True,128,128,0,0,0,4,123,4,27,0,127,127,127,1186,0.0,30.0,
8496,CURRENT_RUN_REAL_DATA,True,97,97,0,0,0,0,96,0,96,0,96,96,96,1186,9.0,30.0,
8497,CURRENT_RUN_REAL_DATA,True,100,100,0,0,0,0,99,0,90,0,99,99,99,1191,1.0,21.0,
8498,CURRENT_RUN_REAL_DATA,True,100,100,0,0,0,0,99,0,84,0,99,99,99,1191,3.0,21.0,
8499,CURRENT_RUN_REAL_DATA,True,191,191,0,0,0,100,90,87,21,3,190,190,190,1029,0.0,111.0,
8500,CURRENT_RUN_REAL_DATA,True,99,99,0,0,0,0,98,0,89,0,98,98,98,1194,9.0,20.0,
8501,CURRENT_RUN_REAL_DATA,True,104,104,0,0,0,4,99,4,19,2,103,103,103,1191,0.0,32.0,
8502,CURRENT_RUN_REAL_DATA,True,100,100,0,0,0,0,99,0,99,0,99,99,99,1191,1.0,20.0,
8503,CURRENT_RUN_REAL_DATA,True,50,50,0,0,0,9,40,9,18,2,49,49,49,637,0.0,100.0,
8504,CURRENT_RUN_REAL_DATA,True,100,100,0,0,0,1,98,1,78,0,99,99,99,1186,0.0,23.0,
8505,CURRENT_RUN_REAL_DATA,True,100,100,0,0,0,0,99,0,97,0,99,99,99,1193,2.0,21.0,
8506,CURRENT_RUN_REAL_DATA,True,99,99,0,0,0,0,98,0,97,0,98,98,98,1187,6.0,27.0,
8507,CURRENT_RUN_REAL_DATA,True,96,96,0,0,0,3,92,0,62,1,95,95,95,1193,0.0,164.0,
8508,CURRENT_RUN_REAL_DATA,True,100,100,0,0,0,0,99,0,3,0,99,99,99,1191,3.0,20.0,
8509,CURRENT_RUN_REAL_DATA,True,99,99,0,0,0,0,98,0,94,0,98,98,98,1190,9.0,21.0,
8510,CURRENT_RUN_REAL_DATA,True,96,96,0,0,0,1,94,0,30,1,95,95,95,1191,0.0,80.0,
8511,CURRENT_RUN_REAL_DATA,True,93,93,0,0,0,2,90,0,83,1,92,92,92,1190,0.0,93.0,
8512,CURRENT_RUN_REAL_DATA,True,99,99,0,0,0,0,98,0,79,0,98,98,98,1190,5.0,30.0,
8513,CURRENT_RUN_REAL_DATA,True,101,101,0,0,0,0,100,0,68,0,100,100,100,1187,3.0,26.0,
8514,CURRENT_RUN_REAL_DATA,True,102,102,0,0,0,4,97,1,77,3,101,101,101,1195,0.0,36.0,
8515,CURRENT_RUN_REAL_DATA,True,105,105,0,0,0,3,101,3,2,1,104,104,104,1191,0.0,41.0,
8516,CURRENT_RUN_REAL_DATA,True,114,114,0,0,0,3,110,3,35,0,113,113,113,1196,0.0,27.0,
8517,CURRENT_RUN_REAL_DATA,True,134,134,0,0,0,54,79,44,25,1,133,133,133,1191,0.0,438.0,
8518,CURRENT_RUN_REAL_DATA,True,98,98,0,0,0,0,97,0,92,0,97,97,97,1195,9.0,30.0,
8519,CURRENT_RUN_REAL_DATA,True,109,109,0,0,0,2,106,2,2,1,108,108,108,1195,0.0,36.0,
8520,CURRENT_RUN_REAL_DATA,True,99,99,0,0,0,0,98,0,5,0,98,98,98,1191,4.0,30.0,
8521,CURRENT_RUN_REAL_DATA,True,107,107,0,0,0,1,105,0,23,0,106,106,106,1190,0.0,23.0,
8522,CURRENT_RUN_REAL_DATA,True,108,108,0,0,0,2,105,2,0,1,107,107,107,1191,0.0,32.0,
8523,CURRENT_RUN_REAL_DATA,True,94,94,0,0,0,8,85,8,16,3,93,93,93,1191,0.0,113.0,
8524,CURRENT_RUN_REAL_DATA,True,112,112,0,0,0,4,107,3,29,0,111,111,111,1189,0.0,27.0,
8525,CURRENT_RUN_REAL_DATA,True,94,94,0,0,0,3,90,0,73,2,93,93,93,1180,0.0,56.0,
8526,CURRENT_RUN_REAL_DATA,True,99,99,0,0,0,0,98,0,89,1,98,98,98,1189,7.0,31.0,
8527,CURRENT_RUN_REAL_DATA,True,100,100,0,0,0,0,99,0,99,0,99,99,99,1190,6.0,21.0,
8528,CURRENT_RUN_REAL_DATA,True,103,103,0,0,0,2,100,1,26,0,102,102,102,1190,0.0,22.0,
8529,CURRENT_RUN_REAL_DATA,True,99,99,0,0,0,0,98,0,76,0,98,98,98,1190,9.0,21.0,
8530,CURRENT_RUN_REAL_DATA,True,98,98,0,0,0,0,97,0,87,0,97,97,97,1189,6.0,30.0,
8531,CURRENT_RUN_REAL_DATA,True,98,98,0,0,0,0,97,0,77,0,97,97,97,1186,8.0,22.0,
8532,CURRENT_RUN_REAL_DATA,True,99,99,0,0,0,0,98,0,64,0,98,98,98,1190,7.0,30.0,
8533,CURRENT_RUN_REAL_DATA,True,98,98,0,0,0,0,97,0,37,1,97,97,97,1187,5.0,31.0,
8534,CURRENT_RUN_REAL_DATA,True,100,100,0,0,0,0,99,0,89,0,99,99,99,1191,5.0,21.0,
8535,CURRENT_RUN_REAL_DATA,True,100,100,0,0,0,1,98,0,79,0,99,99,99,1194,0.0,20.0,
8536,CURRENT_RUN_REAL_DATA,True,105,105,0,0,0,1,103,1,7,0,104,104,104,1191,0.0,29.0,
8537,CURRENT_RUN_REAL_DATA,True,103,103,0,0,0,3,99,1,33,1,102,102,102,1193,0.0,165.0,
8538,CURRENT_RUN_REAL_DATA,True,99,99,0,0,0,0,98,0,81,0,98,98,98,1191,5.0,30.0,
8539,CURRENT_RUN_REAL_DATA,True,97,97,0,0,0,11,85,6,35,2,96,96,96,1183,0.0,119.0,
8540,CURRENT_RUN_REAL_DATA,True,96,96,0,0,0,1,94,0,41,1,95,95,95,1190,0.0,158.0,
8541,CURRENT_RUN_REAL_DATA,True,104,104,0,0,0,1,102,1,15,0,103,103,103,1195,0.0,29.0,
8542,CURRENT_RUN_REAL_DATA,True,100,100,0,0,0,0,99,0,40,0,99,99,99,1190,6.0,21.0,
8543,CURRENT_RUN_REAL_DATA,True,99,99,0,0,0,0,98,0,98,0,98,98,98,1189,7.0,23.0,
8544,CURRENT_RUN_REAL_DATA,True,121,121,0,0,0,0,120,0,6,2,120,120,120,1194,1.0,52.0,
8545,CURRENT_RUN_REAL_DATA,True,98,98,0,0,0,0,97,0,73,0,97,97,97,1190,10.0,30.0,
8546,CURRENT_RUN_REAL_DATA,True,100,100,0,0,0,0,99,0,89,0,99,99,99,1190,4.0,20.0,
8547,CURRENT_RUN_REAL_DATA,True,100,100,0,0,0,0,99,0,89,0,99,99,99,1189,1.0,22.0,
8548,CURRENT_RUN_REAL_DATA,True,117,117,0,0,0,5,111,5,8,0,116,116,116,1188,0.0,30.0,
8549,CURRENT_RUN_REAL_DATA,True,100,100,0,0,0,0,99,0,89,0,99,99,99,1191,1.0,21.0,
8550,CURRENT_RUN_REAL_DATA,True,98,98,0,0,0,0,97,0,23,0,97,97,97,1186,9.0,21.0,
8551,CURRENT_RUN_REAL_DATA,True,100,100,0,0,0,1,98,1,77,0,99,99,99,1191,0.0,22.0,
8552,CURRENT_RUN_REAL_DATA,True,99,99,0,0,0,0,98,0,0,0,98,98,98,1191,3.0,30.0,
8553,CURRENT_RUN_REAL_DATA,True,100,100,0,0,0,0,99,0,94,0,99,99,99,1191,1.0,21.0,
8554,CURRENT_RUN_REAL_DATA,True,106,106,0,0,0,0,105,0,56,0,105,105,105,1195,1.0,27.0,
8555,CURRENT_RUN_REAL_DATA,True,100,100,0,0,0,0,99,0,92,0,99,99,99,1187,5.0,20.0,
8556,CURRENT_RUN_REAL_DATA,True,100,100,0,0,0,0,99,0,79,0,99,99,99,1190,6.0,20.0,
8557,CURRENT_RUN_REAL_DATA,True,100,100,0,0,0,0,99,0,79,0,99,99,99,1192,1.0,21.0,
8558,CURRENT_RUN_REAL_DATA,True,99,99,0,0,0,0,98,0,75,0,98,98,98,1186,5.0,21.0,
8559,CURRENT_RUN_REAL_DATA,True,100,100,0,0,0,0,99,0,91,0,99,99,99,1191,2.0,20.0,
8560,CURRENT_RUN_REAL_DATA,True,104,104,0,0,0,4,99,4,29,0,103,103,103,1188,0.0,26.0,
8561,CURRENT_RUN_REAL_DATA,True,107,107,0,0,0,1,105,1,33,0,106,106,106,1186,0.0,30.0,
8562,CURRENT_RUN_REAL_DATA,True,102,102,0,0,0,0,101,0,21,0,101,101,101,1185,2.0,21.0,
8563,CURRENT_RUN_REAL_DATA,True,100,100,0,0,0,1,98,0,91,0,99,99,99,1190,0.0,23.0,
8564,CURRENT_RUN_REAL_DATA,True,97,97,0,0,0,2,94,1,74,1,96,96,96,1192,0.0,64.0,
8565,CURRENT_RUN_REAL_DATA,True,108,108,0,0,0,9,98,9,36,3,107,107,107,1192,0.0,72.0,
8566,CURRENT_RUN_REAL_DATA,True,104,104,0,0,0,0,103,0,68,0,103,103,103,1186,2.0,22.0,
8567,CURRENT_RUN_REAL_DATA,True,100,100,0,0,0,1,98,0,89,0,99,99,99,1190,0.0,21.0,
8568,CURRENT_RUN_REAL_DATA,True,100,100,0,0,0,0,99,0,94,0,99,99,99,1191,2.0,20.0,
8569,CURRENT_RUN_REAL_DATA,True,100,100,0,0,0,0,99,0,80,0,99,99,99,1193,2.0,20.0,
8570,CURRENT_RUN_REAL_DATA,True,100,100,0,0,0,0,99,0,79,0,99,99,99,1193,1.0,20.0,
8571,CURRENT_RUN_REAL_DATA,True,100,100,0,0,0,0,99,0,89,0,99,99,99,1191,5.0,21.0,
8572,CURRENT_RUN_REAL_DATA,True,86,86,0,0,0,1,84,1,12,1,85,85,85,927,0.0,31.0,
8573,CURRENT_RUN_REAL_DATA,True,98,98,0,0,0,0,97,0,77,0,97,97,97,1184,8.0,22.0,
8574,CURRENT_RUN_REAL_DATA,True,96,96,0,0,0,1,94,1,11,1,95,95,95,1186,0.0,72.0,
8575,CURRENT_RUN_REAL_DATA,True,100,100,0,0,0,0,99,0,94,0,99,99,99,1190,1.0,22.0,
8576,CURRENT_RUN_REAL_DATA,True,98,98,0,0,0,0,97,0,88,0,97,97,97,1193,9.0,30.0,
8577,CURRENT_RUN_REAL_DATA,True,116,116,0,0,0,3,112,2,22,1,115,115,115,1191,0.0,31.0,
8578,CURRENT_RUN_REAL_DATA,True,99,99,0,0,0,0,98,0,59,0,98,98,98,1192,3.0,21.0,
8579,CURRENT_RUN_REAL_DATA,True,106,106,0,0,0,1,104,1,10,1,105,105,105,1193,0.0,109.0,
8580,CURRENT_RUN_REAL_DATA,True,110,110,0,0,0,4,105,4,4,0,109,109,109,1186,0.0,24.0,
8581,CURRENT_RUN_REAL_DATA,True,103,103,0,0,0,0,102,0,7,0,102,102,102,1195,2.0,30.0,
8582,CURRENT_RUN_REAL_DATA,True,140,140,0,0,0,7,132,7,37,0,139,139,139,1194,0.0,24.0,
8583,CURRENT_RUN_REAL_DATA,True,126,126,0,0,0,2,123,2,23,0,125,125,125,1196,0.0,22.0,
8584,CURRENT_RUN_REAL_DATA,True,99,99,0,0,0,0,98,0,86,0,98,98,98,1189,7.0,23.0,
8585,CURRENT_RUN_REAL_DATA,True,102,102,0,0,0,0,101,0,76,0,101,101,101,1194,1.0,20.0,
8586,CURRENT_RUN_REAL_DATA,True,103,103,0,0,0,4,98,4,40,1,102,102,102,1190,0.0,51.0,
8587,CURRENT_RUN_REAL_DATA,True,105,105,0,0,0,0,104,0,75,0,104,104,104,1189,1.0,20.0,
8588,CURRENT_RUN_REAL_DATA,True,137,137,0,0,0,1,135,1,18,0,136,136,136,1195,0.0,25.0,
8589,CURRENT_RUN_REAL_DATA,True,105,105,0,0,0,1,103,0,12,1,104,104,104,1190,0.0,39.0,
8590,CURRENT_RUN_REAL_DATA,True,100,100,0,0,0,4,95,1,89,1,99,99,99,1191,0.0,61.0,
8591,CURRENT_RUN_REAL_DATA,True,99,99,0,0,0,0,98,0,91,0,98,98,98,1188,7.0,29.0,
8592,CURRENT_RUN_REAL_DATA,True,107,107,0,0,0,14,92,11,26,5,106,106,106,1194,0.0,86.0,
8593,CURRENT_RUN_REAL_DATA,True,105,105,0,0,0,4,100,4,12,1,104,104,104,1186,0.0,43.0,
8594,CURRENT_RUN_REAL_DATA,True,99,99,0,0,0,0,98,0,88,0,98,98,98,1189,6.0,22.0,
8595,CURRENT_RUN_REAL_DATA,True,109,109,0,0,0,1,107,1,0,0,108,108,108,1190,0.0,30.0,
8596,CURRENT_RUN_REAL_DATA,True,100,100,0,0,0,0,99,0,28,0,99,99,99,1191,1.0,20.0,
8597,CURRENT_RUN_REAL_DATA,True,100,100,0,0,0,1,98,0,89,1,99,99,99,1191,0.0,32.0,
8598,CURRENT_RUN_REAL_DATA,True,99,99,0,0,0,0,98,0,49,0,98,98,98,1195,9.0,21.0,
8599,CURRENT_RUN_REAL_DATA,True,101,101,0,0,0,2,98,2,12,2,100,100,100,1192,0.0,45.0,
8600,CURRENT_RUN_REAL_DATA,True,103,103,0,0,0,0,102,0,29,0,102,102,102,1195,1.0,25.0,
8601,CURRENT_RUN_REAL_DATA,True,109,109,0,0,0,2,106,2,11,0,108,108,108,1185,0.0,30.0,
8602,CURRENT_RUN_REAL_DATA,True,101,101,0,0,0,0,100,0,57,0,100,100,100,1188,5.0,20.0,
8603,CURRENT_RUN_REAL_DATA,True,99,99,0,0,0,0,98,0,3,0,98,98,98,1179,4.0,21.0,
8604,CURRENT_RUN_REAL_DATA,True,100,100,0,0,0,0,99,0,80,0,99,99,99,1189,1.0,23.0,
8605,CURRENT_RUN_REAL_DATA,True,100,100,0,0,0,0,99,0,80,0,99,99,99,1191,3.0,21.0,
8606,CURRENT_RUN_REAL_DATA,True,100,100,0,0,0,0,99,0,90,0,99,99,99,1194,1.0,20.0,
8607,CURRENT_RUN_REAL_DATA,True,99,99,0,0,0,0,98,0,62,0,98,98,98,1195,9.0,21.0,
8608,CURRENT_RUN_REAL_DATA,True,101,101,0,0,0,3,97,3,27,1,100,100,100,1191,0.0,134.0,
8609,CURRENT_RUN_REAL_DATA,True,101,101,0,0,0,0,100,0,80,0,100,100,100,1191,2.0,20.0,
8610,CURRENT_RUN_REAL_DATA,True,98,98,0,0,0,0,97,0,35,2,97,97,97,1186,1.0,176.0,
8611,CURRENT_RUN_REAL_DATA,True,111,111,0,0,0,1,109,1,19,0,110,110,110,1195,0.0,21.0,
8612,CURRENT_RUN_REAL_DATA,True,100,100,0,0,0,0,99,0,99,0,99,99,99,1190,5.0,20.0,
8613,CURRENT_RUN_REAL_DATA,True,111,111,0,0,0,6,104,6,42,1,110,110,110,1194,0.0,86.0,
8614,CURRENT_RUN_REAL_DATA,True,119,119,0,0,0,1,117,1,30,1,118,118,118,1191,0.0,31.0,
8615,CURRENT_RUN_REAL_DATA,True,86,86,0,0,0,9,76,9,4,3,85,85,85,1189,0.0,237.0,
8616,CURRENT_RUN_REAL_DATA,True,99,99,0,0,0,0,98,0,79,0,98,98,98,1195,9.0,21.0,
8617,CURRENT_RUN_REAL_DATA,True,105,105,0,0,0,0,104,0,13,0,104,104,104,1187,1.0,30.0,
8618,CURRENT_RUN_REAL_DATA,True,100,100,0,0,0,0,99,0,89,0,99,99,99,1195,1.0,21.0,
8619,CURRENT_RUN_REAL_DATA,True,112,112,0,0,0,5,106,5,16,2,111,111,111,1186,0.0,50.0,
8620,CURRENT_RUN_REAL_DATA,True,98,98,0,0,0,2,95,0,61,1,97,97,97,1186,0.0,92.0,
8621,CURRENT_RUN_REAL_DATA,True,105,105,0,0,0,1,103,0,70,1,104,104,104,1193,0.0,60.0,
8622,CURRENT_RUN_REAL_DATA,True,109,109,0,0,0,0,108,0,28,0,108,108,108,1053,1.0,30.0,
8623,CURRENT_RUN_REAL_DATA,True,98,98,0,0,0,2,95,2,60,2,97,97,97,1190,0.0,87.0,
8624,CURRENT_RUN_REAL_DATA,True,100,100,0,0,0,0,99,0,59,0,99,99,99,1197,1.0,21.0,
8625,CURRENT_RUN_REAL_DATA,True,100,100,0,0,0,0,99,0,89,0,99,99,99,1190,5.0,20.0,
8626,CURRENT_RUN_REAL_DATA,True,99,99,0,0,0,0,98,0,78,0,98,98,98,1190,7.0,30.0,
8627,CURRENT_RUN_REAL_DATA,True,100,100,0,0,0,0,99,0,76,0,99,99,99,1194,1.0,20.0,
8628,CURRENT_RUN_REAL_DATA,True,100,100,0,0,0,2,97,1,43,0,99,99,99,1187,0.0,23.0,
8629,CURRENT_RUN_REAL_DATA,True,105,105,0,0,0,1,103,1,35,0,104,104,104,1191,0.0,21.0,
8630,CURRENT_RUN_REAL_DATA,True,98,98,0,0,0,0,97,0,88,0,97,97,97,1189,8.0,29.0,
8631,CURRENT_RUN_REAL_DATA,True,98,98,0,0,0,0,97,0,79,0,97,97,97,1190,8.0,30.0,
8632,CURRENT_RUN_REAL_DATA,True,99,99,0,0,0,0,98,0,79,0,98,98,98,1186,1.0,21.0,
8633,CURRENT_RUN_REAL_DATA,True,99,99,0,0,0,0,98,0,79,0,98,98,98,1188,7.0,28.0,
8634,CURRENT_RUN_REAL_DATA,True,118,118,0,0,0,1,116,0,17,1,117,117,117,1188,0.0,32.0,
8635,CURRENT_RUN_REAL_DATA,True,130,130,0,0,0,6,123,6,14,0,129,129,129,1193,0.0,29.0,
8636,CURRENT_RUN_REAL_DATA,True,100,100,0,0,0,0,99,0,0,0,99,99,99,1191,2.0,22.0,
8637,CURRENT_RUN_REAL_DATA,True,79,79,0,0,0,0,78,0,17,0,78,78,78,859,1.0,21.0,
8638,CURRENT_RUN_REAL_DATA,True,101,101,0,0,0,0,100,0,69,0,100,100,100,1192,4.0,21.0,
8639,CURRENT_RUN_REAL_DATA,True,98,98,0,0,0,0,97,0,1,0,97,97,97,1186,8.0,22.0,
8640,CURRENT_RUN_REAL_DATA,True,100,100,0,0,0,0,99,0,80,0,99,99,99,1191,4.0,20.0,
8641,CURRENT_RUN_REAL_DATA,True,125,125,0,0,0,1,123,1,0,0,124,124,124,1192,0.0,25.0,
8642,CURRENT_RUN_REAL_DATA,True,106,106,0,0,0,2,103,2,2,0,105,105,105,1191,0.0,23.0,
8643,CURRENT_RUN_REAL_DATA,True,108,108,0,0,0,2,105,2,25,0,107,107,107,1191,0.0,30.0,
8644,CURRENT_RUN_REAL_DATA,True,100,100,0,0,0,0,99,0,1,0,99,99,99,1191,1.0,22.0,
8645,CURRENT_RUN_REAL_DATA,True,110,110,0,0,0,0,109,0,18,1,109,109,109,1192,1.0,39.0,
8646,CURRENT_RUN_REAL_DATA,True,148,148,0,0,0,5,142,5,15,0,147,147,147,1190,0.0,29.0,
8647,CURRENT_RUN_REAL_DATA,True,157,157,0,0,0,22,134,22,25,2,156,156,156,1195,0.0,62.0,
8648,CURRENT_RUN_REAL_DATA,True,100,100,0,0,0,0,99,0,77,0,99,99,99,1193,2.0,26.0,
8649,CURRENT_RUN_REAL_DATA,True,97,97,0,0,0,0,96,0,86,0,96,96,96,1166,9.0,21.0,
8650,CURRENT_RUN_REAL_DATA,True,116,116,0,0,0,3,112,2,26,0,115,115,115,1167,0.0,30.0,
8651,CURRENT_RUN_REAL_DATA,True,104,104,0,0,0,0,103,0,64,0,103,103,103,1187,2.0,28.0,
8652,CURRENT_RUN_REAL_DATA,True,98,98,0,0,0,0,97,0,75,0,97,97,97,1181,6.0,28.0,
8653,CURRENT_RUN_REAL_DATA,True,106,106,0,0,0,2,103,1,19,0,105,105,105,1191,0.0,30.0,
8654,CURRENT_RUN_REAL_DATA,True,105,105,0,0,0,3,101,3,7,0,104,104,104,1194,0.0,30.0,
8655,CURRENT_RUN_REAL_DATA,True,124,124,0,0,0,4,119,4,19,2,123,123,123,1193,0.0,38.0,
8656,CURRENT_RUN_REAL_DATA,True,99,99,0,0,0,0,98,0,55,0,98,98,98,1195,9.0,21.0,
8657,CURRENT_RUN_REAL_DATA,True,168,168,0,0,0,6,161,6,14,0,167,167,167,1189,0.0,30.0,
8658,CURRENT_RUN_REAL_DATA,True,100,100,0,0,0,0,99,0,16,0,99,99,99,1191,4.0,20.0,
8659,CURRENT_RUN_REAL_DATA,True,117,117,0,0,0,1,115,1,5,1,116,116,116,1186,0.0,41.0,
8660,CURRENT_RUN_REAL_DATA,True,98,98,0,0,0,0,97,0,82,0,97,97,97,1186,9.0,21.0,
8661,CURRENT_RUN_REAL_DATA,True,99,99,0,0,0,0,98,0,77,0,98,98,98,1187,1.0,22.0,
8662,CURRENT_RUN_REAL_DATA,True,100,100,0,0,0,0,99,0,89,0,99,99,99,1192,5.0,21.0,
8663,CURRENT_RUN_REAL_DATA,True,100,100,0,0,0,0,99,0,89,0,99,99,99,1195,1.0,21.0,
8664,CURRENT_RUN_REAL_DATA,True,100,100,0,0,0,0,99,0,98,0,99,99,99,1190,6.0,21.0,
8665,CURRENT_RUN_REAL_DATA,True,63,63,0,0,0,2,60,1,27,2,62,62,62,1186,0.0,360.0,
8666,CURRENT_RUN_REAL_DATA,True,100,100,0,0,0,0,99,0,6,0,99,99,99,1191,2.0,20.0,
8667,CURRENT_RUN_REAL_DATA,True,100,100,0,0,0,0,99,0,82,0,99,99,99,1191,3.0,22.0,
8668,CURRENT_RUN_REAL_DATA,True,126,126,0,0,0,3,122,3,29,0,125,125,125,1188,0.0,30.0,
8669,CURRENT_RUN_REAL_DATA,True,99,99,0,0,0,1,97,1,61,1,98,98,98,1190,0.0,78.0,
8670,CURRENT_RUN_REAL_DATA,True,98,98,0,0,0,0,97,0,16,1,97,97,97,1170,1.0,63.0,
8671,CURRENT_RUN_REAL_DATA,True,98,98,0,0,0,0,97,0,89,0,97,97,97,1187,7.0,30.0,
8672,CURRENT_RUN_REAL_DATA,True,108,108,0,0,0,2,105,2,25,1,107,107,107,1191,0.0,32.0,
8673,CURRENT_RUN_REAL_DATA,True,121,121,0,0,0,6,114,5,12,0,120,120,120,1191,0.0,24.0,
8674,CURRENT_RUN_REAL_DATA,True,113,113,0,0,0,3,109,1,42,2,112,112,112,1186,0.0,115.0,
8675,CURRENT_RUN_REAL_DATA,True,100,100,0,0,0,0,99,0,65,0,99,99,99,1186,2.0,28.0,
8676,CURRENT_RUN_REAL_DATA,True,100,100,0,0,0,2,97,2,17,2,99,99,99,1192,0.0,109.0,
8677,CURRENT_RUN_REAL_DATA,True,88,88,0,0,0,1,86,0,78,1,87,87,87,1195,0.0,178.0,
8678,CURRENT_RUN_REAL_DATA,True,94,94,0,0,0,0,93,0,83,0,93,93,93,1190,7.0,30.0,
8679,CURRENT_RUN_REAL_DATA,True,101,101,0,0,0,6,94,1,79,2,100,100,100,1180,0.0,58.0,
8680,CURRENT_RUN_REAL_DATA,True,106,106,0,0,0,1,104,1,33,0,105,105,105,1188,0.0,25.0,
8681,CURRENT_RUN_REAL_DATA,True,135,135,0,0,0,11,123,11,26,1,134,134,134,1196,0.0,32.0,
8682,CURRENT_RUN_REAL_DATA,True,103,103,0,0,0,5,97,5,29,3,102,102,102,1159,0.0,57.0,
8683,CURRENT_RUN_REAL_DATA,True,100,100,0,0,0,0,99,0,89,0,99,99,99,1190,1.0,21.0,
8684,CURRENT_RUN_REAL_DATA,True,100,100,0,0,0,0,99,0,89,0,99,99,99,1193,6.0,21.0,
8685,CURRENT_RUN_REAL_DATA,True,99,99,0,0,0,14,84,14,19,4,98,98,98,1110,0.0,110.0,
8686,CURRENT_RUN_REAL_DATA,True,99,99,0,0,0,0,98,0,82,0,98,98,98,1188,7.0,28.0,
8687,CURRENT_RUN_REAL_DATA,True,105,105,0,0,0,3,101,3,35,1,104,104,104,1191,0.0,43.0,
8688,CURRENT_RUN_REAL_DATA,True,100,100,0,0,0,0,99,0,89,0,99,99,99,1195,2.0,22.0,
8689,CURRENT_RUN_REAL_DATA,True,100,100,0,0,0,0,99,0,92,0,99,99,99,1194,1.0,21.0,
8690,CURRENT_RUN_REAL_DATA,True,113,113,0,0,0,0,112,0,17,0,112,112,112,1186,1.0,22.0,
8691,CURRENT_RUN_REAL_DATA,True,84,84,0,0,0,0,83,0,16,0,83,83,83,966,2.0,30.0,
8692,CURRENT_RUN_REAL_DATA,True,100,100,0,0,0,0,99,0,81,0,99,99,99,1193,4.0,23.0,
8693,CURRENT_RUN_REAL_DATA,True,103,103,0,0,0,0,102,0,17,1,102,102,102,1183,1.0,34.0,
8694,CURRENT_RUN_REAL_DATA,True,100,100,0,0,0,0,99,0,94,0,99,99,99,1195,1.0,21.0,
8695,CURRENT_RUN_REAL_DATA,True,103,103,0,0,0,0,102,0,0,1,102,102,102,1191,1.0,33.0,
8696,CURRENT_RUN_REAL_DATA,True,100,100,0,0,0,0,99,0,89,0,99,99,99,1194,1.0,21.0,
8697,CURRENT_RUN_REAL_DATA,True,99,99,0,0,0,0,98,0,80,0,98,98,98,1189,6.0,21.0,
8698,CURRENT_RUN_REAL_DATA,True,118,118,0,0,0,0,117,0,15,1,117,117,117,1194,1.0,48.0,
8699,CURRENT_RUN_REAL_DATA,True,103,103,0,0,0,1,101,1,20,1,102,102,102,1162,0.0,32.0,
8700,CURRENT_RUN_REAL_DATA,True,98,98,0,0,0,0,97,0,79,0,97,97,97,1186,9.0,21.0,
8701,CURRENT_RUN_REAL_DATA,True,100,100,0,0,0,0,99,0,89,0,99,99,99,1191,2.0,21.0,
8702,CURRENT_RUN_REAL_DATA,True,98,98,0,0,0,1,96,0,25,2,97,97,97,1191,0.0,50.0,
8703,CURRENT_RUN_REAL_DATA,True,25,25,0,0,0,5,19,5,2,4,24,24,24,616,0.0,200.0,
8704,CURRENT_RUN_REAL_DATA,True,115,115,0,0,0,3,111,3,33,0,114,114,114,1190,0.0,30.0,
8705,CURRENT_RUN_REAL_DATA,True,98,98,0,0,0,0,97,0,86,0,97,97,97,1195,8.0,29.0,
8706,CURRENT_RUN_REAL_DATA,True,127,127,0,0,0,0,126,0,30,0,126,126,126,1191,1.0,28.0,
8707,CURRENT_RUN_REAL_DATA,True,108,108,0,0,0,1,106,1,15,0,107,107,107,1186,0.0,26.0,
8708,CURRENT_RUN_REAL_DATA,True,107,107,0,0,0,17,89,17,34,4,106,106,106,1190,0.0,126.0,
8709,CURRENT_RUN_REAL_DATA,True,99,99,0,0,0,0,98,0,89,0,98,98,98,1193,9.0,21.0,
8710,CURRENT_RUN_REAL_DATA,True,104,104,0,0,0,0,103,0,14,0,103,103,103,1179,1.0,30.0,
8711,CURRENT_RUN_REAL_DATA,True,99,99,0,0,0,0,98,0,78,0,98,98,98,1188,7.0,28.0,
8712,CURRENT_RUN_REAL_DATA,True,100,100,0,0,0,0,99,0,85,0,99,99,99,1190,1.0,21.0,
8713,CURRENT_RUN_REAL_DATA,True,102,102,0,0,0,0,101,0,77,0,101,101,101,1186,1.0,21.0,
8714,CURRENT_RUN_REAL_DATA,True,97,97,0,0,0,0,96,0,86,1,96,96,96,1188,1.0,33.0,
8715,CURRENT_RUN_REAL_DATA,True,52,52,0,0,0,0,51,0,3,0,51,51,51,401,1.0,24.0,
8716,CURRENT_RUN_REAL_DATA,True,100,100,0,0,0,1,98,0,80,0,99,99,99,1194,0.0,20.0,
8717,CURRENT_RUN_REAL_DATA,True,73,73,0,0,0,0,72,0,19,1,72,72,72,1180,1.0,399.0,
8718,CURRENT_RUN_REAL_DATA,True,110,110,0,0,0,0,109,0,26,0,109,109,109,1159,1.0,30.0,
8719,CURRENT_RUN_REAL_DATA,True,115,115,0,0,0,2,112,2,19,0,114,114,114,1162,0.0,20.0,
8720,CURRENT_RUN_REAL_DATA,True,100,100,0,0,0,0,99,0,80,0,99,99,99,1191,4.0,20.0,
8721,CURRENT_RUN_REAL_DATA,True,72,72,0,0,0,3,68,3,10,1,71,71,71,1189,0.0,434.0,
8722,CURRENT_RUN_REAL_DATA,True,113,113,0,0,0,34,78,34,14,7,112,112,112,1136,0.0,104.0,
8723,CURRENT_RUN_REAL_DATA,True,100,100,0,0,0,0,99,0,89,0,99,99,99,1195,1.0,21.0,
8724,CURRENT_RUN_REAL_DATA,True,98,98,0,0,0,14,83,14,1,3,97,97,97,1195,0.0,91.0,
8725,CURRENT_RUN_REAL_DATA,True,98,98,0,0,0,2,95,2,32,1,97,97,97,1194,0.0,67.0,
8726,CURRENT_RUN_REAL_DATA,True,97,97,0,0,0,0,96,0,29,0,96,96,96,1150,2.0,29.0,
8727,CURRENT_RUN_REAL_DATA,True,108,108,0,0,0,0,107,0,18,0,107,107,107,1179,1.0,25.0,
8728,CURRENT_RUN_REAL_DATA,True,111,111,0,0,0,1,109,1,13,1,110,110,110,1191,0.0,47.0,
8729,CURRENT_RUN_REAL_DATA,True,98,98,0,0,0,0,97,0,87,0,97,97,97,1190,7.0,30.0,
8730,CURRENT_RUN_REAL_DATA,True,86,86,0,0,0,1,84,0,56,0,85,85,85,994,0.0,29.0,
8731,CURRENT_RUN_REAL_DATA,True,101,101,0,0,0,0,100,0,90,0,100,100,100,1191,5.0,21.0,
8732,CURRENT_RUN_REAL_DATA,True,101,101,0,0,0,0,100,0,79,0,100,100,100,1190,2.0,20.0,
8733,CURRENT_RUN_REAL_DATA,True,101,101,0,0,0,5,95,5,45,1,100,100,100,1191,0.0,40.0,
8734,CURRENT_RUN_REAL_DATA,True,99,99,0,0,0,0,98,0,88,0,98,98,98,1188,7.0,21.0,
8735,CURRENT_RUN_REAL_DATA,True,119,119,0,0,0,2,116,2,21,0,118,118,118,1191,0.0,23.0,
8736,CURRENT_RUN_REAL_DATA,True,116,116,0,0,0,1,114,1,16,0,115,115,115,1191,0.0,30.0,
8737,CURRENT_RUN_REAL_DATA,True,100,100,0,0,0,0,99,0,91,0,99,99,99,1192,3.0,21.0,
8738,CURRENT_RUN_REAL_DATA,True,97,97,0,0,0,0,96,0,0,0,96,96,96,1186,9.0,27.0,
8739,CURRENT_RUN_REAL_DATA,True,107,107,0,0,0,2,104,0,45,1,106,106,106,1195,0.0,103.0,
8740,CURRENT_RUN_REAL_DATA,True,101,101,0,0,0,3,97,3,35,2,100,100,100,1195,0.0,77.0,
8741,CURRENT_RUN_REAL_DATA,True,147,147,0,0,0,9,137,9,18,1,146,146,146,1196,0.0,80.0,
8742,CURRENT_RUN_REAL_DATA,True,110,110,0,0,0,1,108,1,30,0,109,109,109,1194,0.0,24.0,
8743,CURRENT_RUN_REAL_DATA,True,95,95,0,0,0,1,93,0,73,2,94,94,94,1191,0.0,77.0,
8744,CURRENT_RUN_REAL_DATA,True,98,98,0,0,0,0,97,0,91,0,97,97,97,1187,7.0,30.0,
8745,CURRENT_RUN_REAL_DATA,True,99,99,0,0,0,0,98,0,0,0,98,98,98,1190,7.0,20.0,
8746,CURRENT_RUN_REAL_DATA,True,99,99,0,0,0,0,98,0,88,0,98,98,98,1190,9.0,21.0,
8747,CURRENT_RUN_REAL_DATA,True,107,107,0,0,0,1,105,1,24,1,106,106,106,1193,0.0,31.0,
8748,CURRENT_RUN_REAL_DATA,True,105,105,0,0,0,0,104,0,21,0,104,104,104,1186,1.0,28.0,
8749,CURRENT_RUN_REAL_DATA,True,103,103,0,0,0,0,102,0,34,0,102,102,102,1189,1.0,24.0,
8750,CURRENT_RUN_REAL_DATA,True,108,108,0,0,0,6,101,6,30,3,107,107,107,1193,0.0,37.0,
8751,CURRENT_RUN_REAL_DATA,True,173,173,0,0,0,73,99,71,19,1,172,172,172,1079,0.0,50.0,
8752,CURRENT_RUN_REAL_DATA,True,101,101,0,0,0,1,99,1,1,0,100,100,100,1190,0.0,30.0,
8753,CURRENT_RUN_REAL_DATA,True,113,113,0,0,0,27,85,23,12,2,112,112,112,1180,0.0,187.0,
8754,CURRENT_RUN_REAL_DATA,True,90,90,0,0,0,3,86,3,20,2,89,89,89,1189,0.0,149.0,
8755,CURRENT_RUN_REAL_DATA,True,81,81,0,0,0,2,78,2,66,2,80,80,80,1190,0.0,182.0,
8756,CURRENT_RUN_REAL_DATA,True,103,103,0,0,0,0,102,0,40,0,102,102,102,1186,1.0,28.0,
8757,CURRENT_RUN_REAL_DATA,True,141,141,0,0,0,4,136,4,26,1,140,140,140,1190,0.0,34.0,
8758,CURRENT_RUN_REAL_DATA,True,102,102,0,0,0,0,101,0,73,0,101,101,101,1186,1.0,22.0,
8759,CURRENT_RUN_REAL_DATA,True,98,98,0,0,0,3,94,0,84,1,97,97,97,1187,0.0,31.0,
8760,CURRENT_RUN_REAL_DATA,True,99,99,0,0,0,0,98,0,79,0,98,98,98,1186,1.0,21.0,
8761,CURRENT_RUN_REAL_DATA,True,102,102,0,0,0,15,86,11,73,5,101,101,101,1187,0.0,119.0,
8762,CURRENT_RUN_REAL_DATA,True,111,111,0,0,0,8,102,0,50,0,110,110,110,1159,0.0,30.0,
8763,CURRENT_RUN_REAL_DATA,True,115,115,0,0,0,3,111,1,7,1,114,114,114,1191,0.0,35.0,
8764,CURRENT_RUN_REAL_DATA,True,111,111,0,0,0,43,67,35,21,0,110,110,110,810,0.0,30.0,
8765,CURRENT_RUN_REAL_DATA,True,110,110,0,0,0,1,108,1,33,2,109,109,109,1189,0.0,31.0,
8766,CURRENT_RUN_REAL_DATA,True,99,99,0,0,0,0,98,0,79,0,98,98,98,1195,10.0,20.0,
8767,CURRENT_RUN_REAL_DATA,True,128,128,0,0,0,1,126,1,46,0,127,127,127,1195,0.0,27.0,
8768,CURRENT_RUN_REAL_DATA,True,119,119,0,0,0,9,109,9,27,1,118,118,118,1193,0.0,76.0,
8769,CURRENT_RUN_REAL_DATA,True,111,111,0,0,0,47,63,25,57,3,110,110,110,1189,0.0,422.0,
8770,CURRENT_RUN_REAL_DATA,True,99,99,0,0,0,0,98,0,88,0,98,98,98,1188,7.0,29.0,
8771,CURRENT_RUN_REAL_DATA,True,105,105,0,0,0,10,94,10,15,3,104,104,104,1186,0.0,72.0,
8772,CURRENT_RUN_REAL_DATA,True,108,108,0,0,0,1,106,1,16,0,107,107,107,1197,0.0,23.0,
8773,CURRENT_RUN_REAL_DATA,True,138,138,0,0,0,14,123,14,24,2,137,137,137,1195,0.0,103.0,
8774,CURRENT_RUN_REAL_DATA,True,162,162,0,0,0,32,129,31,15,3,161,161,161,1187,0.0,99.0,
8775,CURRENT_RUN_REAL_DATA,True,105,105,0,0,0,1,103,0,36,1,104,104,104,1192,0.0,113.0,
8776,CURRENT_RUN_REAL_DATA,True,102,102,0,0,0,0,101,0,56,0,101,101,101,1194,1.0,21.0,
8777,CURRENT_RUN_REAL_DATA,True,84,84,0,0,0,19,64,17,32,1,83,83,83,902,0.0,170.0,
8778,CURRENT_RUN_REAL_DATA,True,108,108,0,0,0,1,106,1,27,1,107,107,107,1190,0.0,36.0,
8779,CURRENT_RUN_REAL_DATA,True,104,104,0,0,0,3,100,3,38,2,103,103,103,1190,0.0,37.0,
8780,CURRENT_RUN_REAL_DATA,True,115,115,0,0,0,4,110,3,21,1,114,114,114,1160,0.0,40.0,
8781,CURRENT_RUN_REAL_DATA,True,98,98,0,0,0,0,97,0,77,0,97,97,97,1186,8.0,23.0,
8782,CURRENT_RUN_REAL_DATA,True,99,99,0,0,0,0,98,0,88,0,98,98,98,1190,4.0,22.0,
8783,CURRENT_RUN_REAL_DATA,True,121,121,0,0,0,4,116,4,7,0,120,120,120,1195,0.0,30.0,
8784,CURRENT_RUN_REAL_DATA,True,168,168,0,0,0,9,158,9,19,0,167,167,167,1151,0.0,20.0,
8785,CURRENT_RUN_REAL_DATA,True,99,99,0,0,0,16,82,1,88,4,98,98,98,1178,0.0,49.0,
8786,CURRENT_RUN_REAL_DATA,True,131,131,0,0,0,4,126,4,17,0,130,130,130,1146,0.0,26.0,
8787,CURRENT_RUN_REAL_DATA,True,114,114,0,0,0,1,112,1,27,0,113,113,113,1195,0.0,26.0,
8788,CURRENT_RUN_REAL_DATA,True,106,106,0,0,0,13,92,11,25,5,105,105,105,1187,0.0,86.0,
8789,CURRENT_RUN_REAL_DATA,True,100,100,0,0,0,0,99,0,89,0,99,99,99,1191,2.0,21.0,
8790,CURRENT_RUN_REAL_DATA,True,97,97,0,0,0,2,94,2,46,1,96,96,96,1191,0.0,78.0,
8791,CURRENT_RUN_REAL_DATA,True,98,98,0,0,0,0,97,0,87,0,97,97,97,1190,9.0,29.0,
8792,CURRENT_RUN_REAL_DATA,True,100,100,0,0,0,0,99,0,89,0,99,99,99,1191,2.0,20.0,
8793,CURRENT_RUN_REAL_DATA,True,64,64,0,0,0,7,56,7,0,2,63,63,63,701,0.0,49.0,
8794,CURRENT_RUN_REAL_DATA,True,100,100,0,0,0,0,99,0,89,0,99,99,99,1195,3.0,21.0,
8795,CURRENT_RUN_REAL_DATA,True,100,100,0,0,0,1,98,0,79,0,99,99,99,1190,0.0,20.0,
8796,CURRENT_RUN_REAL_DATA,True,114,114,0,0,0,2,111,1,25,0,113,113,113,1190,0.0,27.0,
8797,CURRENT_RUN_REAL_DATA,True,106,106,0,0,0,0,105,0,22,0,105,105,105,1191,1.0,24.0,
8798,CURRENT_RUN_REAL_DATA,True,102,102,0,0,0,1,100,1,30,0,101,101,101,1195,0.0,21.0,
8799,CURRENT_RUN_REAL_DATA,True,98,98,0,0,0,0,97,0,87,0,97,97,97,1186,9.0,21.0,
8800,CURRENT_RUN_REAL_DATA,True,138,138,0,0,0,12,125,11,20,1,137,137,137,1186,0.0,100.0,
8801,CURRENT_RUN_REAL_DATA,True,100,100,0,0,0,0,99,0,5,0,99,99,99,1190,4.0,21.0,
8802,CURRENT_RUN_REAL_DATA,True,138,138,0,0,0,7,130,7,15,0,137,137,137,1143,0.0,30.0,
8803,CURRENT_RUN_REAL_DATA,True,99,99,0,0,0,0,98,0,88,0,98,98,98,1191,5.0,30.0,
8804,CURRENT_RUN_REAL_DATA,True,99,99,0,0,0,0,98,0,78,0,98,98,98,1193,1.0,30.0,
8805,CURRENT_RUN_REAL_DATA,True,112,112,0,0,0,6,105,6,17,3,111,111,111,1190,0.0,61.0,
8806,CURRENT_RUN_REAL_DATA,True,100,100,0,0,0,0,99,0,80,0,99,99,99,1190,1.0,22.0,
8807,CURRENT_RUN_REAL_DATA,True,99,99,0,0,0,0,98,0,83,0,98,98,98,1187,6.0,27.0,
8808,CURRENT_RUN_REAL_DATA,True,98,98,0,0,0,1,96,1,21,2,97,97,97,1187,0.0,143.0,
8809,CURRENT_RUN_REAL_DATA,True,101,101,0,0,0,0,100,0,72,0,100,100,100,1194,1.0,30.0,
8810,CURRENT_RUN_REAL_DATA,True,132,132,0,0,0,1,130,1,18,1,131,131,131,1189,0.0,31.0,
8811,CURRENT_RUN_REAL_DATA,True,40,40,0,0,0,36,3,10,28,0,39,39,39,30,0.0,10.0,
8812,CURRENT_RUN_REAL_DATA,True,105,105,0,0,0,3,101,2,30,2,104,104,104,1193,0.0,40.0,
8813,CURRENT_RUN_REAL_DATA,True,101,101,0,0,0,2,98,2,77,0,100,100,100,1189,0.0,20.0,
8814,CURRENT_RUN_REAL_DATA,True,100,100,0,0,0,0,99,0,91,0,99,99,99,1192,1.0,21.0,
8815,CURRENT_RUN_REAL_DATA,True,123,123,0,0,0,6,116,4,25,3,122,122,122,1162,0.0,44.0,
8816,CURRENT_RUN_REAL_DATA,True,99,99,0,0,0,0,98,0,69,1,98,98,98,1193,1.0,31.0,
8817,CURRENT_RUN_REAL_DATA,True,99,99,0,0,0,0,98,0,87,0,98,98,98,1189,8.0,22.0,
8818,CURRENT_RUN_REAL_DATA,True,79,79,0,0,0,1,77,1,13,2,78,78,78,1190,0.0,332.0,
8819,CURRENT_RUN_REAL_DATA,True,104,104,0,0,0,10,93,1,85,0,103,103,103,1194,0.0,30.0,
8820,CURRENT_RUN_REAL_DATA,True,100,100,0,0,0,0,99,0,80,0,99,99,99,1190,6.0,20.0,
8821,CURRENT_RUN_REAL_DATA,True,133,133,0,0,0,3,129,3,21,0,132,132,132,1186,0.0,26.0,
8822,CURRENT_RUN_REAL_DATA,True,106,106,0,0,0,8,97,8,16,2,105,105,105,1189,0.0,59.0,
8823,CURRENT_RUN_REAL_DATA,True,95,95,0,0,0,3,91,0,86,2,94,94,94,1188,0.0,77.0,
8824,CURRENT_RUN_REAL_DATA,True,99,99,0,0,0,0,98,0,81,0,98,98,98,1190,4.0,30.0,
8825,CURRENT_RUN_REAL_DATA,True,104,104,0,0,0,0,103,0,30,0,103,103,103,1185,1.0,29.0,
8826,CURRENT_RUN_REAL_DATA,True,100,100,0,0,0,0,99,0,89,0,99,99,99,1195,1.0,21.0,
8827,CURRENT_RUN_REAL_DATA,True,95,95,0,0,0,9,85,7,15,2,94,94,94,1041,0.0,54.0,
8828,CURRENT_RUN_REAL_DATA,True,100,100,0,0,0,1,98,0,90,0,99,99,99,1194,0.0,21.0,
8829,CURRENT_RUN_REAL_DATA,True,101,101,0,0,0,3,97,3,52,2,100,100,100,1196,0.0,35.0,
8830,CURRENT_RUN_REAL_DATA,True,97,97,0,0,0,0,96,0,89,1,96,96,96,1187,6.0,31.0,
8831,CURRENT_RUN_REAL_DATA,True,105,105,0,0,0,4,100,4,18,3,104,104,104,1111,0.0,47.0,
8832,CURRENT_RUN_REAL_DATA,True,99,99,0,0,0,3,95,3,16,2,98,98,98,1179,0.0,100.0,
8833,CURRENT_RUN_REAL_DATA,True,100,100,0,0,0,0,99,0,89,0,99,99,99,1191,5.0,21.0,
8834,CURRENT_RUN_REAL_DATA,True,111,111,0,0,0,1,109,1,18,0,110,110,110,1193,0.0,26.0,
8835,CURRENT_RUN_REAL_DATA,True,108,108,0,0,0,4,103,4,12,1,107,107,107,1189,0.0,32.0,
8836,CURRENT_RUN_REAL_DATA,True,100,100,0,0,0,0,99,0,90,0,99,99,99,1195,1.0,21.0,
8837,CURRENT_RUN_REAL_DATA,True,99,99,0,0,0,0,98,0,89,0,98,98,98,1190,9.0,21.0,
8838,CURRENT_RUN_REAL_DATA,True,121,121,0,0,0,5,115,4,43,0,120,120,120,1186,0.0,28.0,
8839,CURRENT_RUN_REAL_DATA,True,98,98,0,0,0,0,97,0,89,0,97,97,97,1186,1.0,21.0,
8840,CURRENT_RUN_REAL_DATA,True,114,114,0,0,0,4,109,3,21,0,113,113,113,1197,0.0,29.0,
8841,CURRENT_RUN_REAL_DATA,True,113,113,0,0,0,6,106,6,8,1,112,112,112,1191,0.0,89.0,
8842,CURRENT_RUN_REAL_DATA,True,100,100,0,0,0,0,99,0,81,0,99,99,99,1190,4.0,20.0,
8843,CURRENT_RUN_REAL_DATA,True,96,96,0,0,0,18,77,18,0,4,95,95,95,1108,0.0,102.0,
8844,CURRENT_RUN_REAL_DATA,True,102,102,0,0,0,2,99,2,62,0,101,101,101,1153,0.0,26.0,
8845,CURRENT_RUN_REAL_DATA,True,100,100,0,0,0,0,99,0,90,0,99,99,99,1192,3.0,21.0,
8846,CURRENT_RUN_REAL_DATA,True,100,100,0,0,0,0,99,0,91,0,99,99,99,1191,2.0,20.0,
8847,CURRENT_RUN_REAL_DATA,True,103,103,0,0,0,0,102,0,17,1,102,102,102,1178,1.0,50.0,
8848,CURRENT_RUN_REAL_DATA,True,99,99,0,0,0,0,98,0,89,0,98,98,98,1190,4.0,21.0,
8849,CURRENT_RUN_REAL_DATA,True,98,98,0,0,0,0,97,0,88,0,97,97,97,1183,8.0,22.0,
8850,CURRENT_RUN_REAL_DATA,True,106,106,0,0,0,4,101,4,10,0,105,105,105,1189,0.0,30.0,
8851,CURRENT_RUN_REAL_DATA,True,100,100,0,0,0,1,98,1,79,0,99,99,99,1194,0.0,21.0,
8852,CURRENT_RUN_REAL_DATA,True,102,102,0,0,0,1,100,1,75,0,101,101,101,1185,0.0,24.0,
8853,CURRENT_RUN_REAL_DATA,True,106,106,0,0,0,2,103,2,39,1,105,105,105,1196,0.0,31.0,
8854,CURRENT_RUN_REAL_DATA,True,100,100,0,0,0,0,99,0,79,0,99,99,99,1191,3.0,20.0,
8855,CURRENT_RUN_REAL_DATA,True,99,99,0,0,0,0,98,0,78,0,98,98,98,1189,6.0,22.0,
8856,CURRENT_RUN_REAL_DATA,True,99,99,0,0,0,0,98,0,88,0,98,98,98,1194,8.0,21.0,
8857,CURRENT_RUN_REAL_DATA,True,98,98,0,0,0,0,97,0,87,0,97,97,97,1183,9.0,21.0,
8858,CURRENT_RUN_REAL_DATA,True,100,100,0,0,0,0,99,0,96,0,99,99,99,1194,2.0,21.0,
8859,CURRENT_RUN_REAL_DATA,True,101,101,0,0,0,1,99,0,47,0,100,100,100,1120,0.0,22.0,
8860,CURRENT_RUN_REAL_DATA,True,100,100,0,0,0,0,99,0,89,0,99,99,99,1191,2.0,21.0,
8861,CURRENT_RUN_REAL_DATA,True,99,99,0,0,0,0,98,0,78,0,98,98,98,1191,2.0,21.0,
8862,CURRENT_RUN_REAL_DATA,True,105,105,0,0,0,0,104,0,30,0,104,104,104,1185,2.0,26.0,
8863,CURRENT_RUN_REAL_DATA,True,100,100,0,0,0,0,99,0,91,0,99,99,99,1190,5.0,21.0,
8864,CURRENT_RUN_REAL_DATA,True,100,100,0,0,0,0,99,0,89,0,99,99,99,1192,3.0,21.0,
8865,CURRENT_RUN_REAL_DATA,True,125,125,0,0,0,4,120,4,21,0,124,124,124,1188,0.0,30.0,
8866,CURRENT_RUN_REAL_DATA,True,68,68,0,0,0,4,63,4,0,8,67,67,67,1193,0.0,177.0,
8867,CURRENT_RUN_REAL_DATA,True,121,121,0,0,0,4,116,4,36,0,120,120,120,1197,0.0,30.0,
8868,CURRENT_RUN_REAL_DATA,True,106,106,0,0,0,1,104,1,26,1,105,105,105,1189,0.0,34.0,
8869,CURRENT_RUN_REAL_DATA,True,100,100,0,0,0,0,99,0,91,0,99,99,99,1194,1.0,21.0,
8870,CURRENT_RUN_REAL_DATA,True,100,100,0,0,0,0,99,0,89,0,99,99,99,1195,1.0,21.0,
8871,CURRENT_RUN_REAL_DATA,True,83,83,0,0,0,8,74,7,12,5,82,82,82,1167,0.0,181.0,
8872,CURRENT_RUN_REAL_DATA,True,99,99,0,0,0,0,98,0,88,0,98,98,98,1186,1.0,21.0,
8873,CURRENT_RUN_REAL_DATA,True,100,100,0,0,0,0,99,0,81,0,99,99,99,1191,4.0,20.0,
8874,CURRENT_RUN_REAL_DATA,True,100,100,0,0,0,6,93,6,29,2,99,99,99,1192,0.0,86.0,
8875,CURRENT_RUN_REAL_DATA,True,99,99,0,0,0,0,98,0,89,0,98,98,98,1189,6.0,22.0,
8876,CURRENT_RUN_REAL_DATA,True,116,116,0,0,0,11,104,11,4,3,115,115,115,1185,0.0,66.0,
8877,CURRENT_RUN_REAL_DATA,True,99,99,0,0,0,1,97,0,88,0,98,98,98,1194,0.0,30.0,
8878,CURRENT_RUN_REAL_DATA,True,107,107,0,0,0,1,105,0,9,1,106,106,106,1187,0.0,31.0,
8879,CURRENT_RUN_REAL_DATA,True,110,110,0,0,0,3,106,3,1,4,109,109,109,1197,0.0,43.0,
8880,CURRENT_RUN_REAL_DATA,True,56,56,0,0,0,9,46,9,16,2,55,55,55,1186,0.0,622.0,
8881,CURRENT_RUN_REAL_DATA,True,85,85,0,0,0,4,80,4,24,1,84,84,84,1041,0.0,109.0,
8882,CURRENT_RUN_REAL_DATA,True,111,111,0,0,0,23,87,22,13,4,110,110,110,1181,0.0,114.0,
8883,CURRENT_RUN_REAL_DATA,True,99,99,0,0,0,0,98,0,78,0,98,98,98,1190,6.0,23.0,
8884,CURRENT_RUN_REAL_DATA,True,98,98,0,0,0,0,97,0,77,0,97,97,97,1193,9.0,30.0,
8885,CURRENT_RUN_REAL_DATA,True,99,99,0,0,0,1,97,0,89,0,98,98,98,1185,0.0,21.0,
8886,CURRENT_RUN_REAL_DATA,True,95,95,0,0,0,0,94,0,84,0,94,94,94,1191,7.0,30.0,
8887,CURRENT_RUN_REAL_DATA,True,100,100,0,0,0,0,99,0,89,0,99,99,99,1190,3.0,21.0,
8888,CURRENT_RUN_REAL_DATA,True,102,102,0,0,0,0,101,0,24,1,101,101,101,1191,1.0,50.0,
8889,CURRENT_RUN_REAL_DATA,True,112,112,0,0,0,2,109,2,28,0,111,111,111,1189,0.0,30.0,
8890,CURRENT_RUN_REAL_DATA,True,107,107,0,0,0,4,102,4,13,1,106,106,106,1190,0.0,50.0,
8891,CURRENT_RUN_REAL_DATA,True,101,101,0,0,0,0,100,0,90,0,100,100,100,1190,1.0,21.0,
8892,CURRENT_RUN_REAL_DATA,True,118,118,0,0,0,8,109,8,7,1,117,117,117,1195,0.0,52.0,
8893,CURRENT_RUN_REAL_DATA,True,100,100,0,0,0,0,99,0,89,0,99,99,99,1193,3.0,21.0,
8894,CURRENT_RUN_REAL_DATA,True,95,95,0,0,0,1,93,1,65,1,94,94,94,1190,0.0,79.0,
8895,CURRENT_RUN_REAL_DATA,True,126,126,0,0,0,2,123,2,30,0,125,125,125,1187,0.0,23.0,
8896,CURRENT_RUN_REAL_DATA,True,107,107,0,0,0,3,103,3,30,1,106,106,106,1186,0.0,35.0,
8897,CURRENT_RUN_REAL_DATA,True,102,102,0,0,0,1,100,1,17,1,101,101,101,1194,0.0,142.0,
8898,CURRENT_RUN_REAL_DATA,True,98,98,0,0,0,2,95,0,87,1,97,97,97,1194,0.0,73.0,
8899,CURRENT_RUN_REAL_DATA,True,99,99,0,0,0,0,98,0,89,0,98,98,98,1193,2.0,22.0,
8900,CURRENT_RUN_REAL_DATA,True,100,100,0,0,0,0,99,0,30,0,99,99,99,1143,2.0,29.0,
8901,CURRENT_RUN_REAL_DATA,True,98,98,0,0,0,0,97,0,87,0,97,97,97,1190,9.0,30.0,
8902,CURRENT_RUN_REAL_DATA,True,145,145,0,0,0,13,131,13,7,2,144,144,144,1189,0.0,56.0,
8903,CURRENT_RUN_REAL_DATA,True,99,99,0,0,0,0,98,0,88,0,98,98,98,1187,6.0,29.0,
8904,CURRENT_RUN_REAL_DATA,True,100,100,0,0,0,1,98,0,90,0,99,99,99,1196,0.0,30.0,
8905,CURRENT_RUN_REAL_DATA,True,99,99,0,0,0,0,98,0,88,0,98,98,98,1195,9.0,21.0,
8906,CURRENT_RUN_REAL_DATA,True,108,108,0,0,0,1,106,1,12,0,107,107,107,1175,0.0,29.0,
8907,CURRENT_RUN_REAL_DATA,True,90,90,0,0,0,11,78,2,56,6,89,89,89,1141,0.0,104.0,
8908,CURRENT_RUN_REAL_DATA,True,106,106,0,0,0,1,104,1,0,0,105,105,105,1186,0.0,20.0,
8909,CURRENT_RUN_REAL_DATA,True,99,99,0,0,0,5,93,5,23,2,98,98,98,1145,0.0,49.0,
8910,CURRENT_RUN_REAL_DATA,True,105,105,0,0,0,1,103,1,22,0,104,104,104,1186,0.0,30.0,
8911,CURRENT_RUN_REAL_DATA,True,100,100,0,0,0,1,98,0,79,0,99,99,99,1194,0.0,21.0,
8912,CURRENT_RUN_REAL_DATA,True,115,115,0,0,0,16,98,13,12,5,114,114,114,1182,0.0,67.0,
8913,CURRENT_RUN_REAL_DATA,True,98,98,0,0,0,4,93,2,28,2,97,97,97,1188,0.0,56.0,
8914,CURRENT_RUN_REAL_DATA,True,100,100,0,0,0,0,99,0,89,0,99,99,99,1190,7.0,30.0,
8915,CURRENT_RUN_REAL_DATA,True,100,100,0,0,0,0,99,0,89,0,99,99,99,1194,2.0,21.0,
8916,CURRENT_RUN_REAL_DATA,True,98,98,0,0,0,0,97,0,88,0,97,97,97,1190,9.0,30.0,
8917,CURRENT_RUN_REAL_DATA,True,98,98,0,0,0,3,94,3,23,3,97,97,97,1166,0.0,88.0,
8918,CURRENT_RUN_REAL_DATA,True,109,109,0,0,0,7,101,7,29,3,108,108,108,1195,0.0,62.0,
8919,CURRENT_RUN_REAL_DATA,True,98,98,0,0,0,0,97,0,89,0,97,97,97,1190,6.0,22.0,
8920,CURRENT_RUN_REAL_DATA,True,104,104,0,0,0,2,101,1,21,0,103,103,103,1154,0.0,26.0,
8921,CURRENT_RUN_REAL_DATA,True,100,100,0,0,0,0,99,0,89,0,99,99,99,1191,9.0,21.0,
8922,CURRENT_RUN_REAL_DATA,True,100,100,0,0,0,0,99,0,89,0,99,99,99,1194,1.0,21.0,
8923,CURRENT_RUN_REAL_DATA,True,109,109,0,0,0,16,92,14,23,5,108,108,108,1196,0.0,88.0,
8924,CURRENT_RUN_REAL_DATA,True,100,100,0,0,0,0,99,0,89,0,99,99,99,1190,4.0,21.0,
8925,CURRENT_RUN_REAL_DATA,True,104,104,0,0,0,7,96,7,55,1,103,103,103,1189,0.0,103.0,
8926,CURRENT_RUN_REAL_DATA,True,101,101,0,0,0,0,100,0,69,0,100,100,100,1191,1.0,22.0,
8927,CURRENT_RUN_REAL_DATA,True,100,100,0,0,0,17,82,3,88,2,99,99,99,1191,0.0,199.0,
8928,CURRENT_RUN_REAL_DATA,True,58,58,0,0,0,0,57,0,55,0,57,57,57,710,9.0,30.0,
8929,CURRENT_RUN_REAL_DATA,True,104,104,0,0,0,0,103,0,18,0,103,103,103,1193,1.0,23.0,
8930,CURRENT_RUN_REAL_DATA,True,100,100,0,0,0,0,99,0,98,0,99,99,99,1191,1.0,21.0,
8931,CURRENT_RUN_REAL_DATA,True,100,100,0,0,0,0,99,0,95,0,99,99,99,1191,2.0,20.0,
8932,CURRENT_RUN_REAL_DATA,True,108,108,0,0,0,0,107,0,41,0,107,107,107,1192,2.0,30.0,
8933,CURRENT_RUN_REAL_DATA,True,100,100,0,0,0,0,99,0,89,0,99,99,99,1191,3.0,21.0,
8934,CURRENT_RUN_REAL_DATA,True,100,100,0,0,0,0,99,0,80,0,99,99,99,1190,6.0,30.0,
8935,CURRENT_RUN_REAL_DATA,True,100,100,0,0,0,0,99,0,65,0,99,99,99,1187,1.0,22.0,
8936,CURRENT_RUN_REAL_DATA,True,103,103,0,0,0,9,93,8,37,1,102,102,102,1194,0.0,95.0,
8937,CURRENT_RUN_REAL_DATA,True,100,100,0,0,0,0,99,0,90,0,99,99,99,1190,5.0,21.0,
8938,CURRENT_RUN_REAL_DATA,True,108,108,0,0,0,3,104,3,8,1,107,107,107,1194,0.0,31.0,
8939,CURRENT_RUN_REAL_DATA,True,98,98,0,0,0,0,97,0,87,0,97,97,97,1195,10.0,30.0,
8940,CURRENT_RUN_REAL_DATA,True,100,100,0,0,0,0,99,0,19,0,99,99,99,1194,1.0,30.0,
8941,CURRENT_RUN_REAL_DATA,True,99,99,0,0,0,0,98,0,88,0,98,98,98,1192,2.0,21.0,
8942,CURRENT_RUN_REAL_DATA,True,99,99,0,0,0,0,98,0,54,0,98,98,98,1198,4.0,30.0,
8943,CURRENT_RUN_REAL_DATA,True,100,100,0,0,0,0,99,0,79,0,99,99,99,1190,5.0,20.0,
8944,CURRENT_RUN_REAL_DATA,True,100,100,0,0,0,0,99,0,0,0,99,99,99,1187,5.0,20.0,
8945,CURRENT_RUN_REAL_DATA,True,109,109,0,0,0,2,106,2,0,0,108,108,108,1180,0.0,28.0,
8946,CURRENT_RUN_REAL_DATA,True,101,101,0,0,0,0,100,0,94,0,100,100,100,1187,6.0,21.0,
8947,CURRENT_RUN_REAL_DATA,True,101,101,0,0,0,0,100,0,79,0,100,100,100,1195,1.0,20.0,
8948,CURRENT_RUN_REAL_DATA,True,95,95,0,0,0,0,94,0,84,2,94,94,94,1188,9.0,31.0,
8949,CURRENT_RUN_REAL_DATA,True,99,99,0,0,0,0,98,0,3,1,98,98,98,1188,2.0,35.0,
8950,CURRENT_RUN_REAL_DATA,True,101,101,0,0,0,0,100,0,26,0,100,100,100,1179,2.0,30.0,
8951,CURRENT_RUN_REAL_DATA,True,106,106,0,0,0,4,101,4,15,1,105,105,105,1195,0.0,35.0,
8952,CURRENT_RUN_REAL_DATA,True,106,106,0,0,0,1,104,1,8,0,105,105,105,1124,0.0,24.0,
8953,CURRENT_RUN_REAL_DATA,True,100,100,0,0,0,0,99,0,85,0,99,99,99,1191,1.0,21.0,
8954,CURRENT_RUN_REAL_DATA,True,100,100,0,0,0,0,99,0,89,0,99,99,99,1191,1.0,21.0,
8955,CURRENT_RUN_REAL_DATA,True,99,99,0,0,0,7,91,7,17,3,98,98,98,1191,0.0,60.0,
8956,CURRENT_RUN_REAL_DATA,True,98,98,0,0,0,0,97,0,73,0,97,97,97,1186,9.0,21.0,
8957,CURRENT_RUN_REAL_DATA,True,105,105,0,0,0,2,102,2,10,1,104,104,104,1123,0.0,34.0,
8958,CURRENT_RUN_REAL_DATA,True,96,96,0,0,0,1,94,0,13,1,95,95,95,1190,0.0,89.0,
8959,CURRENT_RUN_REAL_DATA,True,101,101,0,0,0,15,85,4,68,2,100,100,100,1186,0.0,42.0,
8960,CURRENT_RUN_REAL_DATA,True,109,109,0,0,0,2,106,2,0,1,108,108,108,1187,0.0,39.0,
8961,CURRENT_RUN_REAL_DATA,True,95,95,0,0,0,2,92,2,71,1,94,94,94,1193,0.0,108.0,
8962,CURRENT_RUN_REAL_DATA,True,101,101,0,0,0,0,100,0,90,0,100,100,100,1190,1.0,21.0,
8963,CURRENT_RUN_REAL_DATA,True,129,129,0,0,0,3,125,2,23,0,128,128,128,1193,0.0,30.0,
8964,CURRENT_RUN_REAL_DATA,True,100,100,0,0,0,0,99,0,90,0,99,99,99,1194,1.0,21.0,
8965,CURRENT_RUN_REAL_DATA,True,99,99,0,0,0,0,98,0,78,0,98,98,98,1190,7.0,30.0,
8966,CURRENT_RUN_REAL_DATA,True,108,108,0,0,0,8,99,6,32,1,107,107,107,1194,0.0,52.0,
8967,CURRENT_RUN_REAL_DATA,True,102,102,0,0,0,1,100,1,4,0,101,101,101,1190,0.0,22.0,
8968,CURRENT_RUN_REAL_DATA,True,100,100,0,0,0,0,99,0,77,0,99,99,99,1187,3.0,24.0,
8969,CURRENT_RUN_REAL_DATA,True,75,75,0,0,0,0,74,0,0,1,74,74,74,1149,2.0,340.0,
8970,CURRENT_RUN_REAL_DATA,True,100,100,0,0,0,0,99,0,90,0,99,99,99,1191,1.0,21.0,
8971,CURRENT_RUN_REAL_DATA,True,99,99,0,0,0,0,98,0,89,0,98,98,98,1191,1.0,22.0,
8972,CURRENT_RUN_REAL_DATA,True,105,105,0,0,0,3,101,3,0,1,104,104,104,1191,0.0,32.0,
8973,CURRENT_RUN_REAL_DATA,True,131,131,0,0,0,3,127,3,13,0,130,130,130,1194,0.0,25.0,
8974,CURRENT_RUN_REAL_DATA,True,104,104,0,0,0,3,100,3,13,2,103,103,103,1191,0.0,90.0,
8975,CURRENT_RUN_REAL_DATA,True,112,112,0,0,0,2,109,2,56,0,111,111,111,1198,0.0,21.0,
8976,CURRENT_RUN_REAL_DATA,True,75,75,0,0,0,0,74,0,3,2,74,74,74,986,1.0,120.0,
8977,CURRENT_RUN_REAL_DATA,True,21,21,0,0,0,8,12,2,14,2,20,20,20,477,0.0,283.0,
8978,CURRENT_RUN_REAL_DATA,True,178,178,0,0,0,15,162,15,25,1,177,177,177,1193,0.0,134.0,
8979,CURRENT_RUN_REAL_DATA,True,100,100,0,0,0,1,98,0,76,0,99,99,99,1190,0.0,22.0,
8980,CURRENT_RUN_REAL_DATA,True,97,97,0,0,0,0,96,0,76,1,96,96,96,1186,9.0,31.0,
8981,CURRENT_RUN_REAL_DATA,True,103,103,0,0,0,7,95,7,1,3,102,102,102,1194,0.0,102.0,
8982,CURRENT_RUN_REAL_DATA,True,115,115,0,0,0,7,107,7,0,2,114,114,114,1191,0.0,37.0,
8983,CURRENT_RUN_REAL_DATA,True,137,137,0,0,0,10,126,10,20,1,136,136,136,1191,0.0,56.0,
8984,CURRENT_RUN_REAL_DATA,True,99,99,0,0,0,0,98,0,0,0,98,98,98,1187,5.0,30.0,
8985,CURRENT_RUN_REAL_DATA,True,101,101,0,0,0,0,100,0,69,0,100,100,100,1190,2.0,21.0,
8986,CURRENT_RUN_REAL_DATA,True,100,100,0,0,0,0,99,0,79,0,99,99,99,1193,1.0,20.0,
8987,CURRENT_RUN_REAL_DATA,True,107,107,0,0,0,4,102,4,27,2,106,106,106,1192,0.0,56.0,
8988,CURRENT_RUN_REAL_DATA,True,109,109,0,0,0,1,107,1,32,0,108,108,108,1189,0.0,27.0,
8989,CURRENT_RUN_REAL_DATA,True,101,101,0,0,0,1,99,1,1,2,100,100,100,1192,0.0,50.0,
8990,CURRENT_RUN_REAL_DATA,True,109,109,0,0,0,7,101,6,29,2,108,108,108,1191,0.0,61.0,
8991,CURRENT_RUN_REAL_DATA,True,102,102,0,0,0,0,101,0,75,0,101,101,101,1190,2.0,28.0,
8992,CURRENT_RUN_REAL_DATA,True,100,100,0,0,0,0,99,0,89,0,99,99,99,1190,3.0,21.0,
8993,CURRENT_RUN_REAL_DATA,True,99,99,0,0,0,0,98,0,88,0,98,98,98,1190,6.0,29.0,
8994,CURRENT_RUN_REAL_DATA,True,99,99,0,0,0,0,98,0,79,0,98,98,98,1195,9.0,21.0,
8995,CURRENT_RUN_REAL_DATA,True,89,89,0,0,0,0,88,0,11,0,88,88,88,1045,2.0,30.0,
8996,CURRENT_RUN_REAL_DATA,True,100,100,0,0,0,0,99,0,79,0,99,99,99,1189,1.0,22.0,
8997,CURRENT_RUN_REAL_DATA,True,108,108,0,0,0,1,106,1,0,2,107,107,107,1181,0.0,38.0,
8998,CURRENT_RUN_REAL_DATA,True,49,49,0,0,0,0,48,0,17,0,48,48,48,569,6.0,21.0,
8999,CURRENT_RUN_REAL_DATA,True,96,96,0,0,0,1,94,0,76,1,95,95,95,1186,0.0,74.0,
9000,CURRENT_RUN_REAL_DATA,True,98,98,0,0,0,0,97,0,5,0,97,97,97,1190,9.0,30.0,
9001,CURRENT_RUN_REAL_DATA,True,101,101,0,0,0,0,100,0,77,0,100,100,100,1191,3.0,22.0,
9002,CURRENT_RUN_REAL_DATA,True,116,116,0,0,0,4,111,4,18,1,115,115,115,1195,0.0,35.0,
9003,CURRENT_RUN_REAL_DATA,True,109,109,0,0,0,4,104,4,16,1,108,108,108,1191,0.0,35.0,
9004,CURRENT_RUN_REAL_DATA,True,100,100,0,0,0,0,99,0,89,0,99,99,99,1189,1.0,22.0,
9005,CURRENT_RUN_REAL_DATA,True,110,110,0,0,0,8,101,7,44,3,109,109,109,1190,0.0,48.0,
9006,CURRENT_RUN_REAL_DATA,True,108,108,0,0,0,13,94,12,27,2,107,107,107,1194,0.0,137.0,
9007,CURRENT_RUN_REAL_DATA,True,104,104,0,0,0,5,98,5,12,1,103,103,103,1176,0.0,62.0,
9008,CURRENT_RUN_REAL_DATA,True,100,100,0,0,0,0,99,0,97,0,99,99,99,1191,4.0,20.0,
9009,CURRENT_RUN_REAL_DATA,True,100,100,0,0,0,0,99,0,60,0,99,99,99,1179,3.0,21.0,
9010,CURRENT_RUN_REAL_DATA,True,100,100,0,0,0,0,99,0,95,0,99,99,99,1187,6.0,20.0,
9011,CURRENT_RUN_REAL_DATA,True,122,122,0,0,0,1,120,1,16,0,121,121,121,1186,0.0,30.0,
9012,CURRENT_RUN_REAL_DATA,True,100,100,0,0,0,0,99,0,79,0,99,99,99,1191,3.0,21.0,
9013,CURRENT_RUN_REAL_DATA,True,100,100,0,0,0,0,99,0,80,0,99,99,99,1190,4.0,20.0,
9014,CURRENT_RUN_REAL_DATA,True,139,139,0,0,0,37,101,37,0,0,138,138,138,1001,0.0,23.0,
9015,CURRENT_RUN_REAL_DATA,True,36,36,0,0,0,0,35,0,32,1,35,35,35,1187,7.0,770.0,
9016,CURRENT_RUN_REAL_DATA,True,100,100,0,0,0,0,99,0,79,0,99,99,99,1193,2.0,20.0,
9017,CURRENT_RUN_REAL_DATA,True,112,112,0,0,0,3,108,3,17,1,111,111,111,1185,0.0,36.0,
9018,CURRENT_RUN_REAL_DATA,True,118,118,0,0,0,0,117,0,13,0,117,117,117,1196,1.0,25.0,
9019,CURRENT_RUN_REAL_DATA,True,100,100,0,0,0,0,99,0,95,0,99,99,99,1191,2.0,20.0,
9020,CURRENT_RUN_REAL_DATA,True,98,98,0,0,0,0,97,0,78,0,97,97,97,1195,9.0,30.0,
9021,CURRENT_RUN_REAL_DATA,True,96,96,0,0,0,1,94,1,2,3,95,95,95,1183,0.0,46.0,
9022,CURRENT_RUN_REAL_DATA,True,98,98,0,0,0,0,97,0,87,0,97,97,97,1190,6.0,30.0,
9023,CURRENT_RUN_REAL_DATA,True,100,100,0,0,0,0,99,0,79,0,99,99,99,1193,2.0,20.0,
9024,CURRENT_RUN_REAL_DATA,True,97,97,0,0,0,0,96,0,88,0,96,96,96,1189,9.0,30.0,
9025,CURRENT_RUN_REAL_DATA,True,102,102,0,0,0,2,99,2,8,1,101,101,101,1186,0.0,38.0,
9026,CURRENT_RUN_REAL_DATA,True,120,120,0,0,0,4,115,4,8,0,119,119,119,1187,0.0,24.0,
9027,CURRENT_RUN_REAL_DATA,True,109,109,0,0,0,1,107,1,31,0,108,108,108,1167,0.0,22.0,
9028,CURRENT_RUN_REAL_DATA,True,105,105,0,0,0,3,101,2,46,0,104,104,104,1164,0.0,30.0,
9029,CURRENT_RUN_REAL_DATA,True,113,113,0,0,0,10,102,8,21,2,112,112,112,1193,0.0,67.0,
9030,CURRENT_RUN_REAL_DATA,True,110,110,0,0,0,4,105,4,21,1,109,109,109,1193,0.0,33.0,
9031,CURRENT_RUN_REAL_DATA,True,106,106,0,0,0,0,105,0,0,0,105,105,105,1181,2.0,30.0,
9032,CURRENT_RUN_REAL_DATA,True,98,98,0,0,0,0,97,0,87,0,97,97,97,1190,9.0,30.0,
9033,CURRENT_RUN_REAL_DATA,True,99,99,0,0,0,0,98,0,88,0,98,98,98,1193,9.0,21.0,
9034,CURRENT_RUN_REAL_DATA,True,99,99,0,0,0,0,98,0,88,0,98,98,98,1188,8.0,28.0,
9035,CURRENT_RUN_REAL_DATA,True,99,99,0,0,0,0,98,0,4,0,98,98,98,1190,7.0,30.0,
9036,CURRENT_RUN_REAL_DATA,True,100,100,0,0,0,0,99,0,0,0,99,99,99,1188,6.0,21.0,
9037,CURRENT_RUN_REAL_DATA,True,106,106,0,0,0,17,88,17,18,4,105,105,105,1191,0.0,77.0,
9038,CURRENT_RUN_REAL_DATA,True,97,97,0,0,0,0,96,0,86,0,96,96,96,1178,7.0,23.0,
9039,CURRENT_RUN_REAL_DATA,True,104,104,0,0,0,2,101,2,16,1,103,103,103,1195,0.0,46.0,
9040,CURRENT_RUN_REAL_DATA,True,75,75,0,0,0,2,72,2,4,2,74,74,74,1189,0.0,400.0,
9041,CURRENT_RUN_REAL_DATA,True,94,94,0,0,0,0,93,0,18,1,93,93,93,1193,1.0,111.0,
9042,CURRENT_RUN_REAL_DATA,True,109,109,0,0,0,5,103,5,23,0,108,108,108,1180,0.0,29.0,
9043,CURRENT_RUN_REAL_DATA,True,101,101,0,0,0,0,100,0,83,0,100,100,100,1196,3.0,30.0,
9044,CURRENT_RUN_REAL_DATA,True,111,111,0,0,0,2,108,2,54,0,110,110,110,1190,0.0,28.0,
9045,CURRENT_RUN_REAL_DATA,True,96,96,0,0,0,0,95,0,50,2,95,95,95,1185,1.0,82.0,
9046,CURRENT_RUN_REAL_DATA,True,97,97,0,0,0,4,92,4,17,3,96,96,96,1196,0.0,149.0,
9047,CURRENT_RUN_REAL_DATA,True,99,99,0,0,0,0,98,0,89,0,98,98,98,1194,9.0,21.0,
9048,CURRENT_RUN_REAL_DATA,True,100,100,0,0,0,0,99,0,89,0,99,99,99,1195,1.0,21.0,
9049,CURRENT_RUN_REAL_DATA,True,102,102,0,0,0,0,101,0,53,0,101,101,101,1192,2.0,24.0,
9050,CURRENT_RUN_REAL_DATA,True,105,105,0,0,0,2,102,2,9,1,104,104,104,1193,0.0,46.0,
9051,CURRENT_RUN_REAL_DATA,True,99,99,0,0,0,1,97,0,89,0,98,98,98,1186,0.0,22.0,
9052,CURRENT_RUN_REAL_DATA,True,107,107,0,0,0,4,102,2,47,2,106,106,106,1186,0.0,43.0,
9053,CURRENT_RUN_REAL_DATA,True,99,99,0,0,0,0,98,0,78,0,98,98,98,1190,10.0,20.0,
9054,CURRENT_RUN_REAL_DATA,True,115,115,0,0,0,6,108,4,29,2,114,114,114,1194,0.0,119.0,
9055,CURRENT_RUN_REAL_DATA,True,100,100,0,0,0,0,99,0,0,0,99,99,99,1191,5.0,21.0,
9056,CURRENT_RUN_REAL_DATA,True,99,99,0,0,0,2,96,0,80,0,98,98,98,1151,0.0,20.0,
9057,CURRENT_RUN_REAL_DATA,True,103,103,0,0,0,2,100,2,18,0,102,102,102,1197,0.0,30.0,
9058,CURRENT_RUN_REAL_DATA,True,99,99,0,0,0,0,98,0,89,0,98,98,98,1188,7.0,28.0,
9059,CURRENT_RUN_REAL_DATA,True,99,99,0,0,0,0,98,0,88,0,98,98,98,1189,7.0,28.0,
9060,CURRENT_RUN_REAL_DATA,True,101,101,0,0,0,0,100,0,93,0,100,100,100,1187,6.0,30.0,
9061,CURRENT_RUN_REAL_DATA,True,109,109,0,0,0,1,107,1,51,1,108,108,108,1193,0.0,50.0,
9062,CURRENT_RUN_REAL_DATA,True,106,106,0,0,0,11,94,10,26,3,105,105,105,1195,0.0,87.0,
9063,CURRENT_RUN_REAL_DATA,True,106,106,0,0,0,3,102,3,16,1,105,105,105,1194,0.0,32.0,
9064,CURRENT_RUN_REAL_DATA,True,119,119,0,0,0,22,96,20,27,0,118,118,118,1129,0.0,21.0,
9065,CURRENT_RUN_REAL_DATA,True,99,99,0,0,0,0,98,0,79,0,98,98,98,1191,5.0,30.0,
9066,CURRENT_RUN_REAL_DATA,True,100,100,0,0,0,0,99,0,76,0,99,99,99,1186,5.0,20.0,
9067,CURRENT_RUN_REAL_DATA,True,101,101,0,0,0,0,100,0,81,0,100,100,100,1192,2.0,20.0,
9068,CURRENT_RUN_REAL_DATA,True,100,100,0,0,0,0,99,0,89,0,99,99,99,1189,1.0,22.0,
9069,CURRENT_RUN_REAL_DATA,True,99,99,0,0,0,0,98,0,78,0,98,98,98,1187,7.0,22.0,
9070,CURRENT_RUN_REAL_DATA,True,105,105,0,0,0,2,102,2,37,2,104,104,104,1193,0.0,32.0,
9071,CURRENT_RUN_REAL_DATA,True,112,112,0,0,0,0,111,0,22,0,111,111,111,1191,1.0,23.0,
9072,CURRENT_RUN_REAL_DATA,True,108,108,0,0,0,2,105,1,30,0,107,107,107,1194,0.0,30.0,
9073,CURRENT_RUN_REAL_DATA,True,100,100,0,0,0,3,96,3,31,1,99,99,99,1187,0.0,31.0,
9074,CURRENT_RUN_REAL_DATA,True,100,100,0,0,0,0,99,0,89,0,99,99,99,1187,5.0,21.0,
9075,CURRENT_RUN_REAL_DATA,True,99,99,0,0,0,0,98,0,61,0,98,98,98,1195,9.0,20.0,
9076,CURRENT_RUN_REAL_DATA,True,101,101,0,0,0,0,100,0,78,0,100,100,100,1190,5.0,21.0,
9077,CURRENT_RUN_REAL_DATA,True,99,99,0,0,0,0,98,0,94,0,98,98,98,1185,1.0,21.0,
9078,CURRENT_RUN_REAL_DATA,True,100,100,0,0,0,0,99,0,93,0,99,99,99,1190,5.0,21.0,
9079,CURRENT_RUN_REAL_DATA,True,99,99,0,0,0,0,98,0,78,0,98,98,98,1191,3.0,30.0,
9080,CURRENT_RUN_REAL_DATA,True,101,101,0,0,0,1,99,1,54,0,100,100,100,1186,0.0,30.0,
9081,CURRENT_RUN_REAL_DATA,True,99,99,0,0,0,0,98,0,94,0,98,98,98,1187,5.0,27.0,
9082,CURRENT_RUN_REAL_DATA,True,117,117,0,0,0,4,112,4,4,0,116,116,116,1195,0.0,30.0,
9083,CURRENT_RUN_REAL_DATA,True,113,113,0,0,0,9,103,7,12,3,112,112,112,1193,0.0,51.0,
9084,CURRENT_RUN_REAL_DATA,True,107,107,0,0,0,24,82,7,55,3,106,106,106,1187,0.0,127.0,
9085,CURRENT_RUN_REAL_DATA,True,98,98,0,0,0,0,97,0,88,0,97,97,97,1190,9.0,30.0,
9086,CURRENT_RUN_REAL_DATA,True,110,110,0,0,0,24,85,22,14,3,109,109,109,1186,0.0,119.0,
9087,CURRENT_RUN_REAL_DATA,True,112,112,0,0,0,10,101,8,51,1,111,111,111,1180,0.0,35.0,
9088,CURRENT_RUN_REAL_DATA,True,100,100,0,0,0,0,99,0,90,0,99,99,99,1191,3.0,21.0,
9089,CURRENT_RUN_REAL_DATA,True,92,92,0,0,0,2,89,2,18,2,91,91,91,1191,0.0,101.0,
9090,CURRENT_RUN_REAL_DATA,True,114,114,0,0,0,4,109,4,21,0,113,113,113,1189,0.0,30.0,
9091,CURRENT_RUN_REAL_DATA,True,100,100,0,0,0,0,99,0,90,0,99,99,99,1192,3.0,20.0,
9092,CURRENT_RUN_REAL_DATA,True,96,96,0,0,0,0,95,0,88,1,95,95,95,1188,9.0,32.0,
9093,CURRENT_RUN_REAL_DATA,True,100,100,0,0,0,0,99,0,89,0,99,99,99,1191,3.0,21.0,
9094,CURRENT_RUN_REAL_DATA,True,103,103,0,0,0,0,102,0,51,1,102,102,102,1196,1.0,40.0,
9095,CURRENT_RUN_REAL_DATA,True,103,103,0,0,0,4,98,4,78,0,102,102,102,1186,0.0,30.0,
9096,CURRENT_RUN_REAL_DATA,True,103,103,0,0,0,0,102,0,53,0,102,102,102,1193,1.0,28.0,
9097,CURRENT_RUN_REAL_DATA,True,113,113,0,0,0,5,107,4,25,0,112,112,112,1193,0.0,27.0,
9098,CURRENT_RUN_REAL_DATA,True,100,100,0,0,0,0,99,0,79,0,99,99,99,1191,2.0,21.0,
9099,CURRENT_RUN_REAL_DATA,True,100,100,0,0,0,0,99,0,90,0,99,99,99,1189,5.0,20.0,
9100,CURRENT_RUN_REAL_DATA,True,103,103,0,0,0,1,101,1,24,0,102,102,102,1193,0.0,28.0,
9101,CURRENT_RUN_REAL_DATA,True,109,109,0,0,0,1,107,1,22,0,108,108,108,1162,0.0,25.0,
9102,CURRENT_RUN_REAL_DATA,True,100,100,0,0,0,0,99,0,89,0,99,99,99,1190,4.0,21.0,
9103,CURRENT_RUN_REAL_DATA,True,108,108,0,0,0,3,104,3,23,1,107,107,107,1188,0.0,32.0,
9104,CURRENT_RUN_REAL_DATA,True,112,112,0,0,0,2,109,2,24,0,111,111,111,1196,0.0,22.0,
9105,CURRENT_RUN_REAL_DATA,True,106,106,0,0,0,3,102,3,28,1,105,105,105,1190,0.0,36.0,
9106,CURRENT_RUN_REAL_DATA,True,106,106,0,0,0,4,101,3,30,1,105,105,105,1196,0.0,32.0,
9107,CURRENT_RUN_REAL_DATA,True,110,110,0,0,0,1,108,1,20,0,109,109,109,1186,0.0,25.0,
9108,CURRENT_RUN_REAL_DATA,True,97,97,0,0,0,3,93,0,86,1,96,96,96,1190,0.0,66.0,
9109,CURRENT_RUN_REAL_DATA,True,162,162,0,0,0,11,150,11,12,0,161,161,161,1194,0.0,28.0,
9110,CURRENT_RUN_REAL_DATA,True,102,102,0,0,0,2,99,2,50,1,101,101,101,1190,0.0,35.0,
9111,CURRENT_RUN_REAL_DATA,True,110,110,0,0,0,1,108,1,24,0,109,109,109,1198,0.0,24.0,
9112,CURRENT_RUN_REAL_DATA,True,100,100,0,0,0,0,99,0,89,0,99,99,99,1191,1.0,21.0,
9113,CURRENT_RUN_REAL_DATA,True,100,100,0,0,0,0,99,0,89,0,99,99,99,1190,2.0,21.0,
9114,CURRENT_RUN_REAL_DATA,True,110,110,0,0,0,30,79,26,14,7,109,109,109,1121,0.0,122.0,
9115,CURRENT_RUN_REAL_DATA,True,102,102,0,0,0,5,96,3,44,3,101,101,101,1184,0.0,40.0,
9116,CURRENT_RUN_REAL_DATA,True,105,105,0,0,0,4,100,4,58,1,104,104,104,1191,0.0,85.0,
9117,CURRENT_RUN_REAL_DATA,True,114,114,0,0,0,9,104,9,7,2,113,113,113,1193,0.0,42.0,
9118,CURRENT_RUN_REAL_DATA,True,114,114,0,0,0,3,110,3,28,2,113,113,113,1197,0.0,39.0,
9119,CURRENT_RUN_REAL_DATA,True,104,104,0,0,0,5,98,5,17,2,103,103,103,1190,0.0,90.0,
9120,CURRENT_RUN_REAL_DATA,True,111,111,0,0,0,2,108,2,26,0,110,110,110,1186,0.0,24.0,
9121,CURRENT_RUN_REAL_DATA,True,99,99,0,0,0,0,98,0,89,0,98,98,98,1179,4.0,21.0,
9122,CURRENT_RUN_REAL_DATA,True,94,94,0,0,0,2,91,2,10,4,93,93,93,1186,0.0,70.0,
9123,CURRENT_RUN_REAL_DATA,True,112,112,0,0,0,2,109,1,21,0,111,111,111,1195,0.0,29.0,
9124,CURRENT_RUN_REAL_DATA,True,106,106,0,0,0,1,104,1,17,0,105,105,105,1190,0.0,29.0,
9125,CURRENT_RUN_REAL_DATA,True,99,99,0,0,0,1,97,0,88,0,98,98,98,1183,0.0,23.0,
9126,CURRENT_RUN_REAL_DATA,True,92,92,0,0,0,1,90,1,8,1,91,91,91,1069,0.0,40.0,
9127,CURRENT_RUN_REAL_DATA,True,114,114,0,0,0,4,109,4,24,1,113,113,113,1195,0.0,36.0,
9128,CURRENT_RUN_REAL_DATA,True,100,100,0,0,0,0,99,0,89,0,99,99,99,1191,4.0,21.0,
9129,CURRENT_RUN_REAL_DATA,True,99,99,0,0,0,0,98,0,56,0,98,98,98,1192,2.0,30.0,
9130,CURRENT_RUN_REAL_DATA,True,103,103,0,0,0,0,102,0,38,0,102,102,102,1192,4.0,21.0,
9131,CURRENT_RUN_REAL_DATA,True,141,141,0,0,0,1,139,1,22,1,140,140,140,1186,0.0,131.0,
9132,CURRENT_RUN_REAL_DATA,True,100,100,0,0,0,1,98,0,89,0,99,99,99,1195,0.0,22.0,
9133,CURRENT_RUN_REAL_DATA,True,100,100,0,0,0,0,99,0,89,0,99,99,99,1187,6.0,20.0,
9134,CURRENT_RUN_REAL_DATA,True,98,98,0,0,0,0,97,0,91,0,97,97,97,1185,9.0,21.0,
9135,CURRENT_RUN_REAL_DATA,True,108,108,0,0,0,3,104,3,23,0,107,107,107,1193,0.0,26.0,
9136,CURRENT_RUN_REAL_DATA,True,94,94,0,0,0,1,92,0,70,1,93,93,93,1187,0.0,96.0,
9137,CURRENT_RUN_REAL_DATA,True,128,128,0,0,0,3,124,3,38,0,127,127,127,1197,0.0,25.0,
9138,CURRENT_RUN_REAL_DATA,True,111,111,0,0,0,1,109,1,18,0,110,110,110,1191,0.0,21.0,
9139,CURRENT_RUN_REAL_DATA,True,100,100,0,0,0,0,99,0,89,0,99,99,99,1190,5.0,21.0,
9140,CURRENT_RUN_REAL_DATA,True,99,99,0,0,0,0,98,0,78,0,98,98,98,1190,7.0,20.0,
9141,CURRENT_RUN_REAL_DATA,True,115,115,0,0,0,4,110,4,21,1,114,114,114,1194,0.0,42.0,
9142,CURRENT_RUN_REAL_DATA,True,100,100,0,0,0,0,99,0,97,0,99,99,99,1191,3.0,20.0,
9143,CURRENT_RUN_REAL_DATA,True,100,100,0,0,0,1,98,0,89,0,99,99,99,1195,0.0,22.0,
9144,CURRENT_RUN_REAL_DATA,True,103,103,0,0,0,3,99,3,0,1,102,102,102,1186,0.0,67.0,
9145,CURRENT_RUN_REAL_DATA,True,110,110,0,0,0,0,109,0,47,0,109,109,109,1195,1.0,22.0,
9146,CURRENT_RUN_REAL_DATA,True,100,100,0,0,0,0,99,0,99,0,99,99,99,1194,1.0,20.0,
9147,CURRENT_RUN_REAL_DATA,True,113,113,0,0,0,16,96,12,24,3,112,112,112,1189,0.0,128.0,
9148,CURRENT_RUN_REAL_DATA,True,126,126,0,0,0,5,120,5,25,0,125,125,125,1193,0.0,22.0,
9149,CURRENT_RUN_REAL_DATA,True,99,99,0,0,0,0,98,0,96,0,98,98,98,1190,4.0,26.0,
9150,CURRENT_RUN_REAL_DATA,True,100,100,0,0,0,0,99,0,89,0,99,99,99,1191,3.0,21.0,
9151,CURRENT_RUN_REAL_DATA,True,100,100,0,0,0,0,99,0,80,0,99,99,99,1193,1.0,21.0,
9152,CURRENT_RUN_REAL_DATA,True,100,100,0,0,0,0,99,0,79,0,99,99,99,1191,4.0,20.0,
9153,CURRENT_RUN_REAL_DATA,True,99,99,0,0,0,0,98,0,92,0,98,98,98,1189,7.0,22.0,
9154,CURRENT_RUN_REAL_DATA,True,99,99,0,0,0,0,98,0,90,0,98,98,98,1189,6.0,21.0,
9155,CURRENT_RUN_REAL_DATA,True,100,100,0,0,0,1,98,0,89,0,99,99,99,1191,0.0,20.0,
9156,CURRENT_RUN_REAL_DATA,True,100,100,0,0,0,0,99,0,79,0,99,99,99,1194,1.0,20.0,
9157,CURRENT_RUN_REAL_DATA,True,118,118,0,0,0,4,113,4,22,0,117,117,117,1186,0.0,25.0,
9158,CURRENT_RUN_REAL_DATA,True,100,100,0,0,0,0,99,0,80,0,99,99,99,1190,5.0,20.0,
9159,CURRENT_RUN_REAL_DATA,True,110,110,0,0,0,40,69,31,41,1,109,109,109,1192,0.0,425.0,
9160,CURRENT_RUN_REAL_DATA,True,104,104,0,0,0,4,99,2,13,1,103,103,103,1198,0.0,43.0,
9161,CURRENT_RUN_REAL_DATA,True,99,99,0,0,0,0,98,0,11,0,98,98,98,1188,7.0,28.0,
9162,CURRENT_RUN_REAL_DATA,True,102,102,0,0,0,1,100,1,14,0,101,101,101,1192,0.0,30.0,
9163,CURRENT_RUN_REAL_DATA,True,98,98,0,0,0,0,97,0,77,0,97,97,97,1186,7.0,28.0,
9164,CURRENT_RUN_REAL_DATA,True,110,110,0,0,0,1,108,1,23,1,109,109,109,1190,0.0,34.0,
9165,CURRENT_RUN_REAL_DATA,True,100,100,0,0,0,0,99,0,90,0,99,99,99,1190,5.0,20.0,
9166,CURRENT_RUN_REAL_DATA,True,99,99,0,0,0,0,98,0,88,0,98,98,98,1195,9.0,21.0,
9167,CURRENT_RUN_REAL_DATA,True,100,100,0,0,0,0,99,0,90,0,99,99,99,1191,2.0,21.0,
9168,CURRENT_RUN_REAL_DATA,True,106,106,0,0,0,1,104,1,19,1,105,105,105,1192,0.0,31.0,
9169,CURRENT_RUN_REAL_DATA,True,99,99,0,0,0,0,98,0,98,0,98,98,98,1190,9.0,20.0,
9170,CURRENT_RUN_REAL_DATA,True,101,101,0,0,0,0,100,0,47,1,100,100,100,1186,2.0,31.0,
9171,CURRENT_RUN_REAL_DATA,True,107,107,0,0,0,0,106,0,10,0,106,106,106,1195,1.0,27.0,
9172,CURRENT_RUN_REAL_DATA,True,41,41,0,0,0,0,40,0,3,0,40,40,40,480,9.0,20.0,
9173,CURRENT_RUN_REAL_DATA,True,100,100,0,0,0,0,99,0,95,0,99,99,99,1190,4.0,21.0,
9174,CURRENT_RUN_REAL_DATA,True,127,127,0,0,0,4,122,4,17,1,126,126,126,1186,0.0,42.0,
9175,CURRENT_RUN_REAL_DATA,True,106,106,0,0,0,4,101,4,26,1,105,105,105,1189,0.0,57.0,
9176,CURRENT_RUN_REAL_DATA,True,116,116,0,0,0,2,113,2,17,0,115,115,115,1189,0.0,25.0,
9177,CURRENT_RUN_REAL_DATA,True,100,100,0,0,0,0,99,0,74,0,99,99,99,1192,3.0,22.0,
9178,CURRENT_RUN_REAL_DATA,True,100,100,0,0,0,1,98,0,93,0,99,99,99,1194,0.0,20.0,
9179,CURRENT_RUN_REAL_DATA,True,100,100,0,0,0,0,99,0,90,0,99,99,99,1191,4.0,21.0,
9180,CURRENT_RUN_REAL_DATA,True,99,99,0,0,0,0,98,0,78,0,98,98,98,1191,2.0,29.0,
9181,CURRENT_RUN_REAL_DATA,True,98,98,0,0,0,0,97,0,91,0,97,97,97,1188,9.0,28.0,
9182,CURRENT_RUN_REAL_DATA,True,103,103,0,0,0,3,99,3,45,0,102,102,102,1186,0.0,29.0,
9183,CURRENT_RUN_REAL_DATA,True,107,107,0,0,0,0,106,0,40,0,106,106,106,1190,1.0,20.0,
9184,CURRENT_RUN_REAL_DATA,True,103,103,0,0,0,0,102,0,46,0,102,102,102,1191,1.0,23.0,
9185,CURRENT_RUN_REAL_DATA,True,99,99,0,0,0,4,94,4,21,1,98,98,98,1104,0.0,41.0,
9186,CURRENT_RUN_REAL_DATA,True,90,90,0,0,0,3,86,2,46,2,89,89,89,1189,0.0,102.0,
9187,CURRENT_RUN_REAL_DATA,True,98,98,0,0,0,0,97,0,1,0,97,97,97,1187,8.0,22.0,
9188,CURRENT_RUN_REAL_DATA,True,100,100,0,0,0,0,99,0,98,0,99,99,99,1194,1.0,20.0,
9189,CURRENT_RUN_REAL_DATA,True,99,99,0,0,0,2,96,0,50,1,98,98,98,1195,0.0,84.0,
9190,CURRENT_RUN_REAL_DATA,True,100,100,0,0,0,0,99,0,93,0,99,99,99,1193,1.0,20.0,
9191,CURRENT_RUN_REAL_DATA,True,23,23,0,0,0,4,18,1,16,1,22,22,22,637,0.0,421.0,
9192,CURRENT_RUN_REAL_DATA,True,61,61,0,0,0,0,60,0,9,3,60,60,60,871,1.0,72.0,
9193,CURRENT_RUN_REAL_DATA,True,98,98,0,0,0,0,97,0,1,0,97,97,97,1190,9.0,30.0,
9194,CURRENT_RUN_REAL_DATA,True,99,99,0,0,0,0,98,0,90,0,98,98,98,1189,7.0,29.0,
9195,CURRENT_RUN_REAL_DATA,True,100,100,0,0,0,0,99,0,89,0,99,99,99,1191,2.0,20.0,
9196,CURRENT_RUN_REAL_DATA,True,91,91,0,0,0,2,88,2,19,3,90,90,90,1182,0.0,150.0,
9197,CURRENT_RUN_REAL_DATA,True,100,100,0,0,0,0,99,0,90,0,99,99,99,1190,5.0,20.0,
9198,CURRENT_RUN_REAL_DATA,True,118,118,0,0,0,2,115,2,10,0,117,117,117,1189,0.0,25.0,
9199,CURRENT_RUN_REAL_DATA,True,100,100,0,0,0,0,99,0,81,0,99,99,99,1186,5.0,29.0,
9200,CURRENT_RUN_REAL_DATA,True,106,106,0,0,0,0,105,0,76,0,105,105,105,1187,1.0,22.0,
9201,CURRENT_RUN_REAL_DATA,True,99,99,0,0,0,0,98,0,88,0,98,98,98,1191,9.0,21.0,
9202,CURRENT_RUN_REAL_DATA,True,100,100,0,0,0,0,99,0,81,0,99,99,99,1190,4.0,20.0,
9203,CURRENT_RUN_REAL_DATA,True,108,108,0,0,0,2,105,1,43,0,107,107,107,1191,0.0,23.0,
9204,CURRENT_RUN_REAL_DATA,True,98,98,0,0,0,0,97,0,88,0,97,97,97,1183,8.0,21.0,
9205,CURRENT_RUN_REAL_DATA,True,30,30,0,0,0,0,29,0,27,0,29,29,29,350,5.0,20.0,
9206,CURRENT_RUN_REAL_DATA,True,74,74,0,0,0,0,73,0,9,0,73,73,73,804,2.0,25.0,
9207,CURRENT_RUN_REAL_DATA,True,99,99,0,0,0,0,98,0,88,0,98,98,98,1180,5.0,21.0,
9208,CURRENT_RUN_REAL_DATA,True,105,105,0,0,0,0,104,0,16,0,104,104,104,1190,1.0,29.0,
9209,CURRENT_RUN_REAL_DATA,True,100,100,0,0,0,0,99,0,89,0,99,99,99,1179,5.0,20.0,
9210,CURRENT_RUN_REAL_DATA,True,105,105,0,0,0,0,104,0,36,0,104,104,104,1189,1.0,30.0,
9211,CURRENT_RUN_REAL_DATA,True,104,104,0,0,0,0,103,0,24,0,103,103,103,1178,1.0,30.0,
9212,CURRENT_RUN_REAL_DATA,True,101,101,0,0,0,12,88,12,6,4,100,100,100,1192,0.0,52.0,
9213,CURRENT_RUN_REAL_DATA,True,106,106,0,0,0,40,65,40,22,3,105,105,105,1191,0.0,465.0,
9214,CURRENT_RUN_REAL_DATA,True,103,103,0,0,0,1,101,1,26,1,102,102,102,1188,0.0,35.0,
9215,CURRENT_RUN_REAL_DATA,True,110,110,0,0,0,16,93,16,68,2,109,109,109,1194,0.0,101.0,
9216,CURRENT_RUN_REAL_DATA,True,99,99,0,0,0,0,98,0,88,0,98,98,98,1189,1.0,29.0,
9217,CURRENT_RUN_REAL_DATA,True,98,98,0,0,0,0,97,0,87,0,97,97,97,1189,7.0,29.0,
9218,CURRENT_RUN_REAL_DATA,True,108,108,0,0,0,0,107,0,31,0,107,107,107,1189,1.0,23.0,
9219,CURRENT_RUN_REAL_DATA,True,100,100,0,0,0,0,99,0,90,0,99,99,99,1195,2.0,21.0,
9220,CURRENT_RUN_REAL_DATA,True,100,100,0,0,0,1,98,1,8,2,99,99,99,1195,0.0,50.0,
9221,CURRENT_RUN_REAL_DATA,True,100,100,0,0,0,0,99,0,65,0,99,99,99,1193,2.0,21.0,
9222,CURRENT_RUN_REAL_DATA,True,86,86,0,0,0,0,85,0,10,0,85,85,85,963,3.0,30.0,
9223,CURRENT_RUN_REAL_DATA,True,103,103,0,0,0,0,102,0,73,0,102,102,102,1189,3.0,21.0,
9224,CURRENT_RUN_REAL_DATA,True,99,99,0,0,0,0,98,0,89,0,98,98,98,1188,6.0,28.0,
9225,CURRENT_RUN_REAL_DATA,True,85,85,0,0,0,0,84,0,5,2,84,84,84,1193,2.0,143.0,
9226,CURRENT_RUN_REAL_DATA,True,101,101,0,0,0,0,100,0,77,0,100,100,100,1190,1.0,22.0,
9227,CURRENT_RUN_REAL_DATA,True,100,100,0,0,0,0,99,0,80,0,99,99,99,1187,4.0,21.0,
9228,CURRENT_RUN_REAL_DATA,True,100,100,0,0,0,0,99,0,89,0,99,99,99,1191,4.0,21.0,
9229,CURRENT_RUN_REAL_DATA,True,77,77,0,0,0,5,71,3,32,3,76,76,76,1194,0.0,290.0,
9230,CURRENT_RUN_REAL_DATA,True,100,100,0,0,0,0,99,0,89,0,99,99,99,1192,4.0,21.0,
9231,CURRENT_RUN_REAL_DATA,True,105,105,0,0,0,1,103,1,55,0,104,104,104,1195,0.0,24.0,
9232,CURRENT_RUN_REAL_DATA,True,100,100,0,0,0,1,98,0,91,0,99,99,99,1194,0.0,21.0,
9233,CURRENT_RUN_REAL_DATA,True,106,106,0,0,0,0,105,0,59,0,105,105,105,1186,1.0,30.0,
9234,CURRENT_RUN_REAL_DATA,True,108,108,0,0,0,11,96,11,34,1,107,107,107,1180,0.0,79.0,
9235,CURRENT_RUN_REAL_DATA,True,104,104,0,0,0,0,103,0,31,1,103,103,103,1184,1.0,32.0,
9236,CURRENT_RUN_REAL_DATA,True,105,105,0,0,0,0,104,0,48,0,104,104,104,1186,1.0,26.0,
9237,CURRENT_RUN_REAL_DATA,True,98,98,0,0,0,0,97,0,87,0,97,97,97,1179,5.0,30.0,
9238,CURRENT_RUN_REAL_DATA,True,98,98,0,0,0,2,95,0,88,0,97,97,97,1187,0.0,30.0,
9239,CURRENT_RUN_REAL_DATA,True,96,96,0,0,0,1,94,1,9,2,95,95,95,1187,0.0,50.0,
9240,CURRENT_RUN_REAL_DATA,True,95,95,0,0,0,0,94,0,21,2,94,94,94,1189,2.0,80.0,
9241,CURRENT_RUN_REAL_DATA,True,103,103,0,0,0,0,102,0,12,2,102,102,102,1190,2.0,33.0,
9242,CURRENT_RUN_REAL_DATA,True,100,100,0,0,0,1,98,0,89,0,99,99,99,1195,0.0,21.0,
9243,CURRENT_RUN_REAL_DATA,True,99,99,0,0,0,0,98,0,88,0,98,98,98,1188,7.0,29.0,
9244,CURRENT_RUN_REAL_DATA,True,98,98,0,0,0,0,97,0,88,0,97,97,97,1183,8.0,22.0,
9245,CURRENT_RUN_REAL_DATA,True,103,103,0,0,0,5,97,3,34,1,102,102,102,1175,0.0,42.0,
9246,CURRENT_RUN_REAL_DATA,True,98,98,0,0,0,0,97,0,87,0,97,97,97,1182,9.0,21.0,
9247,CURRENT_RUN_REAL_DATA,True,109,109,0,0,0,3,105,1,32,1,108,108,108,1190,0.0,62.0,
9248,CURRENT_RUN_REAL_DATA,True,106,106,0,0,0,1,104,1,19,1,105,105,105,1167,0.0,41.0,
9249,CURRENT_RUN_REAL_DATA,True,99,99,0,0,0,0,98,0,89,0,98,98,98,1195,9.0,21.0,
9250,CURRENT_RUN_REAL_DATA,True,99,99,0,0,0,0,98,0,89,0,98,98,98,1186,1.0,21.0,
9251,CURRENT_RUN_REAL_DATA,True,110,110,0,0,0,3,106,1,23,2,109,109,109,1181,0.0,37.0,
9252,CURRENT_RUN_REAL_DATA,True,104,104,0,0,0,12,91,9,84,1,103,103,103,1191,0.0,137.0,
9253,CURRENT_RUN_REAL_DATA,True,98,98,0,0,0,2,95,2,18,2,97,97,97,1187,0.0,62.0,
9254,CURRENT_RUN_REAL_DATA,True,98,98,0,0,0,0,97,0,87,0,97,97,97,1183,9.0,21.0,
9255,CURRENT_RUN_REAL_DATA,True,99,99,0,0,0,0,98,0,38,0,98,98,98,1190,8.0,21.0,
9256,CURRENT_RUN_REAL_DATA,True,99,99,0,0,0,0,98,0,89,0,98,98,98,1189,6.0,23.0,
9257,CURRENT_RUN_REAL_DATA,True,99,99,0,0,0,0,98,0,90,0,98,98,98,1187,5.0,26.0,
9258,CURRENT_RUN_REAL_DATA,True,123,123,0,0,0,6,116,6,22,0,122,122,122,1191,0.0,30.0,
9259,CURRENT_RUN_REAL_DATA,True,104,104,0,0,0,1,102,0,92,1,103,103,103,1191,0.0,31.0,
9260,CURRENT_RUN_REAL_DATA,True,99,99,0,0,0,0,98,0,89,0,98,98,98,1195,9.0,21.0,
9261,CURRENT_RUN_REAL_DATA,True,99,99,0,0,0,1,97,0,89,0,98,98,98,1186,0.0,23.0,
9262,CURRENT_RUN_REAL_DATA,True,107,107,0,0,0,1,105,1,25,3,106,106,106,1190,0.0,87.0,
9263,CURRENT_RUN_REAL_DATA,True,99,99,0,0,0,0,98,0,88,0,98,98,98,1189,8.0,22.0,
9264,CURRENT_RUN_REAL_DATA,True,98,98,0,0,0,0,97,0,87,0,97,97,97,1186,7.0,23.0,
9265,CURRENT_RUN_REAL_DATA,True,99,99,0,0,0,0,98,0,0,0,98,98,98,1189,6.0,23.0,
9266,CURRENT_RUN_REAL_DATA,True,112,112,0,0,0,2,109,2,35,0,111,111,111,1192,0.0,25.0,
9267,CURRENT_RUN_REAL_DATA,True,98,98,0,0,0,0,97,0,87,0,97,97,97,1186,8.0,22.0,
9268,CURRENT_RUN_REAL_DATA,True,99,99,0,0,0,0,98,0,89,0,98,98,98,1189,6.0,22.0,
9269,CURRENT_RUN_REAL_DATA,True,107,107,0,0,0,3,103,2,27,4,106,106,106,1191,0.0,38.0,
9270,CURRENT_RUN_REAL_DATA,True,108,108,0,0,0,1,106,1,17,2,107,107,107,1189,0.0,80.0,
9271,CURRENT_RUN_REAL_DATA,True,100,100,0,0,0,0,99,0,80,0,99,99,99,1191,3.0,20.0,
9272,CURRENT_RUN_REAL_DATA,True,117,117,0,0,0,3,113,3,31,1,116,116,116,1190,0.0,106.0,
9273,CURRENT_RUN_REAL_DATA,True,86,86,0,0,0,2,83,0,67,5,85,85,85,1141,0.0,90.0,
9274,CURRENT_RUN_REAL_DATA,True,119,119,0,0,0,1,117,0,35,0,118,118,118,1189,0.0,29.0,
9275,CURRENT_RUN_REAL_DATA,True,114,114,0,0,0,0,113,0,32,0,113,113,113,1179,1.0,28.0,
9276,CURRENT_RUN_REAL_DATA,True,105,105,0,0,0,3,101,3,8,1,104,104,104,1186,0.0,70.0,
9277,CURRENT_RUN_REAL_DATA,True,99,99,0,0,0,0,98,0,12,0,98,98,98,1190,6.0,30.0,
9278,CURRENT_RUN_REAL_DATA,True,108,108,0,0,0,7,100,7,8,4,107,107,107,1191,0.0,50.0,
9279,CURRENT_RUN_REAL_DATA,True,98,98,0,0,0,0,97,0,0,1,97,97,97,1187,7.0,31.0,
9280,CURRENT_RUN_REAL_DATA,True,100,100,0,0,0,0,99,0,1,0,99,99,99,1192,2.0,21.0,
9281,CURRENT_RUN_REAL_DATA,True,100,100,0,0,0,0,99,0,79,0,99,99,99,1191,3.0,20.0,
9282,CURRENT_RUN_REAL_DATA,True,115,115,0,0,0,2,112,2,0,1,114,114,114,1186,0.0,34.0,
9283,CURRENT_RUN_REAL_DATA,True,103,103,0,0,0,8,94,7,64,1,102,102,102,1187,0.0,84.0,
9284,CURRENT_RUN_REAL_DATA,True,105,105,0,0,0,0,104,0,22,0,104,104,104,1194,2.0,29.0,
9285,CURRENT_RUN_REAL_DATA,True,117,117,0,0,0,1,115,1,1,0,116,116,116,1190,0.0,23.0,
9286,CURRENT_RUN_REAL_DATA,True,99,99,0,0,0,0,98,0,0,0,98,98,98,1183,1.0,22.0,
9287,CURRENT_RUN_REAL_DATA,True,100,100,0,0,0,0,99,0,90,0,99,99,99,1191,8.0,21.0,
9288,CURRENT_RUN_REAL_DATA,True,98,98,0,0,0,0,97,0,1,0,97,97,97,1188,7.0,30.0,
9289,CURRENT_RUN_REAL_DATA,True,96,96,0,0,0,0,95,0,1,2,95,95,95,1189,1.0,87.0,
9290,CURRENT_RUN_REAL_DATA,True,102,102,0,0,0,1,100,1,39,1,101,101,101,1195,0.0,31.0,
9291,CURRENT_RUN_REAL_DATA,True,102,102,0,0,0,0,101,0,2,1,101,101,101,1191,4.0,31.0,
9292,CURRENT_RUN_REAL_DATA,True,138,138,0,0,0,5,132,5,28,1,137,137,137,1180,0.0,50.0,
9293,CURRENT_RUN_REAL_DATA,True,110,110,0,0,0,3,106,2,35,0,109,109,109,1187,0.0,30.0,
9294,CURRENT_RUN_REAL_DATA,True,104,104,0,0,0,12,91,11,3,5,103,103,103,1189,0.0,49.0,
9295,CURRENT_RUN_REAL_DATA,True,101,101,0,0,0,1,99,1,20,0,100,100,100,1184,0.0,30.0,
9296,CURRENT_RUN_REAL_DATA,True,67,67,0,0,0,1,65,0,60,2,66,66,66,795,0.0,31.0,
9297,CURRENT_RUN_REAL_DATA,True,109,109,0,0,0,2,106,2,4,1,108,108,108,1188,0.0,40.0,
9298,CURRENT_RUN_REAL_DATA,True,98,98,0,0,0,0,97,0,88,0,97,97,97,1190,6.0,22.0,
9299,CURRENT_RUN_REAL_DATA,True,101,101,0,0,0,1,99,0,50,0,100,100,100,1198,0.0,22.0,
9300,CURRENT_RUN_REAL_DATA,True,106,106,0,0,0,3,102,3,3,0,105,105,105,1193,0.0,28.0,
9301,CURRENT_RUN_REAL_DATA,True,106,106,0,0,0,11,94,10,20,2,105,105,105,1191,0.0,113.0,
9302,CURRENT_RUN_REAL_DATA,True,100,100,0,0,0,11,88,11,0,6,99,99,99,1190,0.0,141.0,
9303,CURRENT_RUN_REAL_DATA,True,98,98,0,0,0,0,97,0,87,0,97,97,97,1184,8.0,22.0,
9304,CURRENT_RUN_REAL_DATA,True,100,100,0,0,0,0,99,0,93,0,99,99,99,1189,8.0,21.0,
9305,CURRENT_RUN_REAL_DATA,True,99,99,0,0,0,0,98,0,90,0,98,98,98,1195,9.0,21.0,
9306,CURRENT_RUN_REAL_DATA,True,119,119,0,0,0,2,116,2,11,0,118,118,118,1189,0.0,23.0,
9307,CURRENT_RUN_REAL_DATA,True,100,100,0,0,0,0,99,0,89,0,99,99,99,1195,1.0,21.0,
9308,CURRENT_RUN_REAL_DATA,True,103,103,0,0,0,0,102,0,29,0,102,102,102,1195,1.0,29.0,
9309,CURRENT_RUN_REAL_DATA,True,100,100,0,0,0,0,99,0,90,0,99,99,99,1194,1.0,21.0,
9310,CURRENT_RUN_REAL_DATA,True,117,117,0,0,0,0,116,0,24,0,116,116,116,1193,1.0,22.0,
9311,CURRENT_RUN_REAL_DATA,True,99,99,0,0,0,0,98,0,0,0,98,98,98,1179,4.0,21.0,
9312,CURRENT_RUN_REAL_DATA,True,100,100,0,0,0,1,98,0,90,0,99,99,99,1195,0.0,22.0,
9313,CURRENT_RUN_REAL_DATA,True,99,99,0,0,0,0,98,0,90,0,98,98,98,1183,1.0,21.0,
9314,CURRENT_RUN_REAL_DATA,True,113,113,0,0,0,1,111,1,81,0,112,112,112,1190,0.0,23.0,
9315,CURRENT_RUN_REAL_DATA,True,108,108,0,0,0,10,97,9,9,1,107,107,107,1189,0.0,56.0,
9316,CURRENT_RUN_REAL_DATA,True,98,98,0,0,0,0,97,0,79,0,97,97,97,1185,9.0,21.0,
9317,CURRENT_RUN_REAL_DATA,True,99,99,0,0,0,0,98,0,88,0,98,98,98,1190,9.0,21.0,
9318,CURRENT_RUN_REAL_DATA,True,106,106,0,0,0,3,102,3,6,1,105,105,105,1191,0.0,67.0,
9319,CURRENT_RUN_REAL_DATA,True,99,99,0,0,0,0,98,0,78,0,98,98,98,1191,10.0,20.0,
9320,CURRENT_RUN_REAL_DATA,True,100,100,0,0,0,0,99,0,79,0,99,99,99,1190,6.0,20.0,
9321,CURRENT_RUN_REAL_DATA,True,117,117,0,0,0,28,88,28,1,3,116,116,116,1190,0.0,120.0,
9322,CURRENT_RUN_REAL_DATA,True,99,99,0,0,0,0,98,0,78,0,98,98,98,1194,2.0,30.0,
9323,CURRENT_RUN_REAL_DATA,True,100,100,0,0,0,0,99,0,79,0,99,99,99,1186,2.0,20.0,
9324,CURRENT_RUN_REAL_DATA,True,101,101,0,0,0,0,100,0,79,0,100,100,100,1193,2.0,20.0,
9325,CURRENT_RUN_REAL_DATA,True,97,97,0,0,0,0,96,0,87,1,96,96,96,1188,1.0,31.0,
9326,CURRENT_RUN_REAL_DATA,True,98,98,0,0,0,1,96,1,20,1,97,97,97,1186,0.0,62.0,
9327,CURRENT_RUN_REAL_DATA,True,72,72,0,0,0,2,69,2,20,0,71,71,71,846,0.0,24.0,
9328,CURRENT_RUN_REAL_DATA,True,101,101,0,0,0,0,100,0,33,0,100,100,100,1195,2.0,29.0,
9329,CURRENT_RUN_REAL_DATA,True,98,98,0,0,0,0,97,0,0,0,97,97,97,1186,8.0,22.0,
9330,CURRENT_RUN_REAL_DATA,True,74,74,0,0,0,2,71,2,20,2,73,73,73,1197,0.0,401.0,
9331,CURRENT_RUN_REAL_DATA,True,100,100,0,0,0,0,99,0,95,0,99,99,99,1191,2.0,20.0,
9332,CURRENT_RUN_REAL_DATA,True,125,125,0,0,0,4,120,4,17,3,124,124,124,1190,0.0,69.0,
9333,CURRENT_RUN_REAL_DATA,True,101,101,0,0,0,26,74,9,83,3,100,100,100,1186,0.0,177.0,
9334,CURRENT_RUN_REAL_DATA,True,102,102,0,0,0,1,100,1,7,0,101,101,101,1192,0.0,30.0,
9335,CURRENT_RUN_REAL_DATA,True,107,107,0,0,0,86,20,12,92,4,106,106,106,1183,0.0,544.0,
9336,CURRENT_RUN_REAL_DATA,True,102,102,0,0,0,0,101,0,65,0,101,101,101,1186,1.0,28.0,
9337,CURRENT_RUN_REAL_DATA,True,100,100,0,0,0,0,99,0,89,0,99,99,99,1191,2.0,21.0,
9338,CURRENT_RUN_REAL_DATA,True,151,151,0,0,0,1,149,1,23,0,150,150,150,1195,0.0,29.0,
9339,CURRENT_RUN_REAL_DATA,True,99,99,0,0,0,0,98,0,89,0,98,98,98,1179,1.0,21.0,
9340,CURRENT_RUN_REAL_DATA,True,98,98,0,0,0,0,97,0,87,0,97,97,97,1183,9.0,21.0,
9341,CURRENT_RUN_REAL_DATA,True,21,21,0,0,0,3,17,3,5,1,20,20,20,740,0.0,593.0,
9342,CURRENT_RUN_REAL_DATA,True,116,116,0,0,0,1,114,1,31,0,115,115,115,1192,0.0,30.0,
9343,CURRENT_RUN_REAL_DATA,True,99,99,0,0,0,0,98,0,88,0,98,98,98,1179,5.0,21.0,
9344,CURRENT_RUN_REAL_DATA,True,100,100,0,0,0,0,99,0,89,0,99,99,99,1191,4.0,21.0,
9345,CURRENT_RUN_REAL_DATA,True,99,99,0,0,0,0,98,0,89,0,98,98,98,1183,1.0,21.0,
9346,CURRENT_RUN_REAL_DATA,True,100,100,0,0,0,0,99,0,89,0,99,99,99,1194,1.0,21.0,
9347,CURRENT_RUN_REAL_DATA,True,96,96,0,0,0,0,95,0,85,1,95,95,95,1186,6.0,31.0,
9348,CURRENT_RUN_REAL_DATA,True,99,99,0,0,0,0,98,0,88,0,98,98,98,1191,2.0,25.0,
9349,CURRENT_RUN_REAL_DATA,True,137,137,0,0,0,2,134,2,23,0,136,136,136,1160,0.0,27.0,
9350,CURRENT_RUN_REAL_DATA,True,95,95,0,0,0,5,89,2,75,2,94,94,94,1146,0.0,57.0,
9351,CURRENT_RUN_REAL_DATA,True,99,99,0,0,0,0,98,0,79,0,98,98,98,1192,9.0,28.0,
9352,CURRENT_RUN_REAL_DATA,True,115,115,0,0,0,4,110,4,12,1,114,114,114,1193,0.0,61.0,
9353,CURRENT_RUN_REAL_DATA,True,98,98,0,0,0,1,96,0,87,1,97,97,97,1190,0.0,32.0,
9354,CURRENT_RUN_REAL_DATA,True,101,101,0,0,0,0,100,0,78,0,100,100,100,1193,1.0,20.0,
9355,CURRENT_RUN_REAL_DATA,True,92,92,0,0,0,7,84,7,0,3,91,91,91,1193,0.0,143.0,
9356,CURRENT_RUN_REAL_DATA,True,99,99,0,0,0,0,98,0,88,0,98,98,98,1191,4.0,30.0,
9357,CURRENT_RUN_REAL_DATA,True,100,100,0,0,0,0,99,0,3,0,99,99,99,1189,4.0,20.0,
9358,CURRENT_RUN_REAL_DATA,True,105,105,0,0,0,5,99,5,18,1,104,104,104,1198,0.0,137.0,
9359,CURRENT_RUN_REAL_DATA,True,89,89,0,0,0,5,83,2,66,2,88,88,88,1193,0.0,152.0,
9360,CURRENT_RUN_REAL_DATA,True,125,125,0,0,0,4,120,4,19,0,124,124,124,1182,0.0,30.0,
9361,CURRENT_RUN_REAL_DATA,True,100,100,0,0,0,0,99,0,75,0,99,99,99,1186,1.0,27.0,
9362,CURRENT_RUN_REAL_DATA,True,99,99,0,0,0,0,98,0,96,0,98,98,98,1191,9.0,22.0,
9363,CURRENT_RUN_REAL_DATA,True,100,100,0,0,0,0,99,0,82,0,99,99,99,1195,8.0,29.0,
9364,CURRENT_RUN_REAL_DATA,True,101,101,0,0,0,3,97,3,13,1,100,100,100,1186,0.0,88.0,
9365,CURRENT_RUN_REAL_DATA,True,99,99,0,0,0,1,97,0,88,0,98,98,98,1183,0.0,22.0,
9366,CURRENT_RUN_REAL_DATA,True,100,100,0,0,0,0,99,0,92,0,99,99,99,1191,4.0,21.0,
9367,CURRENT_RUN_REAL_DATA,True,100,100,0,0,0,3,96,0,89,1,99,99,99,1190,0.0,54.0,
9368,CURRENT_RUN_REAL_DATA,True,99,99,0,0,0,0,98,0,93,0,98,98,98,1191,9.0,21.0,
9369,CURRENT_RUN_REAL_DATA,True,101,101,0,0,0,0,100,0,94,0,100,100,100,1191,3.0,20.0,
9370,CURRENT_RUN_REAL_DATA,True,100,100,0,0,0,1,98,1,39,0,99,99,99,1191,0.0,30.0,
9371,CURRENT_RUN_REAL_DATA,True,100,100,0,0,0,0,99,0,90,0,99,99,99,1190,5.0,21.0,
9372,CURRENT_RUN_REAL_DATA,True,100,100,0,0,0,0,99,0,92,0,99,99,99,1191,3.0,21.0,
9373,CURRENT_RUN_REAL_DATA,True,99,99,0,0,0,0,98,0,88,0,98,98,98,1190,7.0,29.0,
9374,CURRENT_RUN_REAL_DATA,True,100,100,0,0,0,1,98,1,0,2,99,99,99,1194,0.0,97.0,
9375,CURRENT_RUN_REAL_DATA,True,100,100,0,0,0,0,99,0,91,0,99,99,99,1191,3.0,21.0,
9376,CURRENT_RUN_REAL_DATA,True,24,24,0,0,0,0,23,0,14,0,23,23,23,284,8.0,21.0,
9377,CURRENT_RUN_REAL_DATA,True,100,100,0,0,0,0,99,0,89,0,99,99,99,1191,3.0,21.0,
9378,CURRENT_RUN_REAL_DATA,True,98,98,0,0,0,0,97,0,59,0,97,97,97,1186,8.0,22.0,
9379,CURRENT_RUN_REAL_DATA,True,100,100,0,0,0,0,99,0,89,0,99,99,99,1192,5.0,30.0,
9380,CURRENT_RUN_REAL_DATA,True,99,99,0,0,0,1,97,0,88,0,98,98,98,1186,0.0,23.0,
9381,CURRENT_RUN_REAL_DATA,True,100,100,0,0,0,0,99,0,89,0,99,99,99,1191,3.0,21.0,
9382,CURRENT_RUN_REAL_DATA,True,99,99,0,0,0,0,98,0,79,0,98,98,98,1189,7.0,28.0,
9383,CURRENT_RUN_REAL_DATA,True,104,104,0,0,0,8,95,7,49,2,103,103,103,1189,0.0,105.0,
9384,CURRENT_RUN_REAL_DATA,True,99,99,0,0,0,0,98,0,88,0,98,98,98,1195,9.0,21.0,
9385,CURRENT_RUN_REAL_DATA,True,102,102,0,0,0,1,100,0,68,0,101,101,101,1187,0.0,23.0,
9386,CURRENT_RUN_REAL_DATA,True,100,100,0,0,0,0,99,0,33,0,99,99,99,1191,4.0,21.0,
9387,CURRENT_RUN_REAL_DATA,True,98,98,0,0,0,0,97,0,87,0,97,97,97,1191,9.0,30.0,
9388,CURRENT_RUN_REAL_DATA,True,104,104,0,0,0,6,97,4,36,2,103,103,103,1190,0.0,75.0,
9389,CURRENT_RUN_REAL_DATA,True,101,101,0,0,0,0,100,0,4,0,100,100,100,1195,2.0,21.0,
9390,CURRENT_RUN_REAL_DATA,True,101,101,0,0,0,1,99,0,90,0,100,100,100,1187,0.0,21.0,
9391,CURRENT_RUN_REAL_DATA,True,99,99,0,0,0,0,98,0,98,0,98,98,98,1191,2.0,30.0,
9392,CURRENT_RUN_REAL_DATA,True,99,99,0,0,0,0,98,0,79,0,98,98,98,1190,9.0,21.0,
9393,CURRENT_RUN_REAL_DATA,True,105,105,0,0,0,1,103,0,21,0,104,104,104,1183,0.0,27.0,
9394,CURRENT_RUN_REAL_DATA,True,90,90,0,0,0,0,89,0,59,1,89,89,89,1190,1.0,148.0,
9395,CURRENT_RUN_REAL_DATA,True,101,101,0,0,0,1,99,0,90,1,100,100,100,1190,0.0,47.0,
9396,CURRENT_RUN_REAL_DATA,True,100,100,0,0,0,0,99,0,34,0,99,99,99,1189,3.0,21.0,
9397,CURRENT_RUN_REAL_DATA,True,103,103,0,0,0,3,99,2,23,0,102,102,102,1190,0.0,22.0,
9398,CURRENT_RUN_REAL_DATA,True,107,107,0,0,0,3,103,3,39,0,106,106,106,1191,0.0,29.0,
9399,CURRENT_RUN_REAL_DATA,True,116,116,0,0,0,1,114,0,14,0,115,115,115,1196,0.0,20.0,
9400,CURRENT_RUN_REAL_DATA,True,106,106,0,0,0,1,104,1,10,0,105,105,105,1193,0.0,30.0,
9401,CURRENT_RUN_REAL_DATA,True,125,125,0,0,0,5,119,4,19,0,124,124,124,1186,0.0,29.0,
9402,CURRENT_RUN_REAL_DATA,True,101,101,0,0,0,0,100,0,80,0,100,100,100,1190,6.0,20.0,
9403,CURRENT_RUN_REAL_DATA,True,100,100,0,0,0,0,99,0,91,0,99,99,99,1190,1.0,22.0,
9404,CURRENT_RUN_REAL_DATA,True,109,109,0,0,0,2,106,1,15,0,108,108,108,1194,0.0,24.0,
9405,CURRENT_RUN_REAL_DATA,True,101,101,0,0,0,0,100,0,75,0,100,100,100,1189,5.0,23.0,
9406,CURRENT_RUN_REAL_DATA,True,100,100,0,0,0,0,99,0,89,0,99,99,99,1191,1.0,22.0,
9407,CURRENT_RUN_REAL_DATA,True,107,107,0,0,0,0,106,0,12,0,106,106,106,1189,1.0,28.0,
9408,CURRENT_RUN_REAL_DATA,True,100,100,0,0,0,0,99,0,93,0,99,99,99,1190,4.0,21.0,
9409,CURRENT_RUN_REAL_DATA,True,99,99,0,0,0,0,98,0,88,0,98,98,98,1189,6.0,27.0,
9410,CURRENT_RUN_REAL_DATA,True,89,89,0,0,0,0,88,0,81,0,88,88,88,1049,5.0,23.0,
9411,CURRENT_RUN_REAL_DATA,True,99,99,0,0,0,0,98,0,79,0,98,98,98,1188,7.0,28.0,
9412,CURRENT_RUN_REAL_DATA,True,91,91,0,0,0,2,88,2,18,2,90,90,90,1191,0.0,128.0,
9413,CURRENT_RUN_REAL_DATA,True,112,112,0,0,0,2,109,2,20,1,111,111,111,1186,0.0,31.0,
9414,CURRENT_RUN_REAL_DATA,True,100,100,0,0,0,0,99,0,89,0,99,99,99,1191,3.0,21.0,
9415,CURRENT_RUN_REAL_DATA,True,100,100,0,0,0,0,99,0,93,0,99,99,99,1193,4.0,21.0,
9416,CURRENT_RUN_REAL_DATA,True,108,108,0,0,0,0,107,0,23,0,107,107,107,1195,1.0,22.0,
9417,CURRENT_RUN_REAL_DATA,True,103,103,0,0,0,4,98,2,55,1,102,102,102,1190,0.0,165.0,
9418,CURRENT_RUN_REAL_DATA,True,131,131,0,0,0,11,119,9,37,0,130,130,130,1155,0.0,26.0,
9419,CURRENT_RUN_REAL_DATA,True,104,104,0,0,0,0,103,0,33,0,103,103,103,1194,1.0,28.0,
9420,CURRENT_RUN_REAL_DATA,True,114,114,0,0,0,6,107,4,21,1,113,113,113,1193,0.0,61.0,
9421,CURRENT_RUN_REAL_DATA,True,92,92,0,0,0,0,91,0,82,0,91,91,91,1188,7.0,30.0,
9422,CURRENT_RUN_REAL_DATA,True,100,100,0,0,0,0,99,0,43,0,99,99,99,1180,2.0,27.0,
9423,CURRENT_RUN_REAL_DATA,True,99,99,0,0,0,0,98,0,79,0,98,98,98,1195,8.0,21.0,
9424,CURRENT_RUN_REAL_DATA,True,99,99,0,0,0,0,98,0,89,0,98,98,98,1180,5.0,21.0,
9425,CURRENT_RUN_REAL_DATA,True,100,100,0,0,0,0,99,0,90,0,99,99,99,1191,3.0,21.0,
9426,CURRENT_RUN_REAL_DATA,True,99,99,0,0,0,0,98,0,89,0,98,98,98,1186,1.0,22.0,
9427,CURRENT_RUN_REAL_DATA,True,116,116,0,0,0,3,112,3,20,0,115,115,115,1192,0.0,27.0,
9428,CURRENT_RUN_REAL_DATA,True,98,98,0,0,0,0,97,0,88,0,97,97,97,1186,5.0,28.0,
9429,CURRENT_RUN_REAL_DATA,True,100,100,0,0,0,2,97,2,60,1,99,99,99,1190,0.0,57.0,
9430,CURRENT_RUN_REAL_DATA,True,98,98,0,0,0,0,97,0,95,0,97,97,97,1186,9.0,21.0,
9431,CURRENT_RUN_REAL_DATA,True,99,99,0,0,0,0,98,0,88,0,98,98,98,1186,1.0,21.0,
9432,CURRENT_RUN_REAL_DATA,True,106,106,0,0,0,0,105,0,60,0,105,105,105,1191,2.0,30.0,
9433,CURRENT_RUN_REAL_DATA,True,114,114,0,0,0,4,109,4,26,0,113,113,113,1190,0.0,30.0,
9434,CURRENT_RUN_REAL_DATA,True,100,100,0,0,0,0,99,0,91,0,99,99,99,1191,3.0,23.0,
9435,CURRENT_RUN_REAL_DATA,True,109,109,0,0,0,0,108,0,20,0,108,108,108,1192,1.0,30.0,
9436,CURRENT_RUN_REAL_DATA,True,100,100,0,0,0,1,98,1,15,0,99,99,99,1195,0.0,24.0,
9437,CURRENT_RUN_REAL_DATA,True,100,100,0,0,0,0,99,0,92,0,99,99,99,1191,3.0,21.0,
9438,CURRENT_RUN_REAL_DATA,True,108,108,0,0,0,6,101,5,19,1,107,107,107,1093,0.0,41.0,
9439,CURRENT_RUN_REAL_DATA,True,102,102,0,0,0,1,100,0,26,0,101,101,101,1070,0.0,22.0,
9440,CURRENT_RUN_REAL_DATA,True,115,115,0,0,0,4,110,4,43,0,114,114,114,1177,0.0,28.0,
9441,CURRENT_RUN_REAL_DATA,True,99,99,0,0,0,0,98,0,88,0,98,98,98,1180,2.0,22.0,
9442,CURRENT_RUN_REAL_DATA,True,105,105,0,0,0,5,99,5,10,3,104,104,104,1176,0.0,41.0,
9443,CURRENT_RUN_REAL_DATA,True,100,100,0,0,0,0,99,0,89,0,99,99,99,1190,4.0,21.0,
9444,CURRENT_RUN_REAL_DATA,True,100,100,0,0,0,0,99,0,1,0,99,99,99,1193,2.0,21.0,
9445,CURRENT_RUN_REAL_DATA,True,99,99,0,0,0,0,98,0,89,0,98,98,98,1190,7.0,30.0,
9446,CURRENT_RUN_REAL_DATA,True,98,98,0,0,0,0,97,0,87,0,97,97,97,1179,8.0,21.0,
9447,CURRENT_RUN_REAL_DATA,True,100,100,0,0,0,0,99,0,79,0,99,99,99,1186,4.0,20.0,
9448,CURRENT_RUN_REAL_DATA,True,100,100,0,0,0,0,99,0,90,0,99,99,99,1194,1.0,20.0,
9449,CURRENT_RUN_REAL_DATA,True,89,89,0,0,0,1,87,1,28,0,88,88,88,875,0.0,22.0,
9450,CURRENT_RUN_REAL_DATA,True,80,80,0,0,0,12,67,11,19,2,79,79,79,1193,0.0,454.0,
9451,CURRENT_RUN_REAL_DATA,True,107,107,0,0,0,3,103,2,27,1,106,106,106,1191,0.0,40.0,
9452,CURRENT_RUN_REAL_DATA,True,107,107,0,0,0,0,106,0,27,0,106,106,106,1176,1.0,27.0,
9453,CURRENT_RUN_REAL_DATA,True,102,102,0,0,0,0,101,0,86,0,101,101,101,1197,1.0,30.0,
9454,CURRENT_RUN_REAL_DATA,True,99,99,0,0,0,8,90,0,90,4,98,98,98,1192,0.0,52.0,
9455,CURRENT_RUN_REAL_DATA,True,100,100,0,0,0,0,99,0,89,0,99,99,99,1195,1.0,21.0,
9456,CURRENT_RUN_REAL_DATA,True,99,99,0,0,0,0,98,0,78,0,98,98,98,1190,7.0,30.0,
9457,CURRENT_RUN_REAL_DATA,True,103,103,0,0,0,0,102,0,78,0,102,102,102,1194,1.0,21.0,
9458,CURRENT_RUN_REAL_DATA,True,131,131,0,0,0,5,125,5,24,0,130,130,130,1186,0.0,22.0,
9459,CURRENT_RUN_REAL_DATA,True,103,103,0,0,0,2,100,2,0,2,102,102,102,1191,0.0,58.0,
9460,CURRENT_RUN_REAL_DATA,True,111,111,0,0,0,1,109,1,13,0,110,110,110,1186,0.0,28.0,
9461,CURRENT_RUN_REAL_DATA,True,99,99,0,0,0,0,98,0,90,0,98,98,98,1190,8.0,29.0,
9462,CURRENT_RUN_REAL_DATA,True,99,99,0,0,0,0,98,0,88,0,98,98,98,1187,8.0,21.0,
9463,CURRENT_RUN_REAL_DATA,True,100,100,0,0,0,0,99,0,28,0,99,99,99,1191,3.0,21.0,
9464,CURRENT_RUN_REAL_DATA,True,150,150,0,0,0,7,142,7,25,0,149,149,149,1194,0.0,23.0,
9465,CURRENT_RUN_REAL_DATA,True,131,131,0,0,0,5,125,4,15,1,130,130,130,1184,0.0,32.0,
9466,CURRENT_RUN_REAL_DATA,True,103,103,0,0,0,3,99,3,10,0,102,102,102,1189,0.0,20.0,
9467,CURRENT_RUN_REAL_DATA,True,105,105,0,0,0,0,104,0,0,0,104,104,104,1195,2.0,28.0,
9468,CURRENT_RUN_REAL_DATA,True,99,99,0,0,0,0,98,0,76,0,98,98,98,1191,9.0,21.0,
9469,CURRENT_RUN_REAL_DATA,True,106,106,0,0,0,0,105,0,37,0,105,105,105,1189,1.0,30.0,
9470,CURRENT_RUN_REAL_DATA,True,99,99,0,0,0,0,98,0,1,0,98,98,98,1190,5.0,21.0,
9471,CURRENT_RUN_REAL_DATA,True,110,110,0,0,0,2,107,2,27,0,109,109,109,1195,0.0,27.0,
9472,CURRENT_RUN_REAL_DATA,True,100,100,0,0,0,0,99,0,78,0,99,99,99,1194,1.0,22.0,
9473,CURRENT_RUN_REAL_DATA,True,99,99,0,0,0,0,98,0,89,0,98,98,98,1190,6.0,30.0,
9474,CURRENT_RUN_REAL_DATA,True,99,99,0,0,0,0,98,0,2,0,98,98,98,1190,7.0,20.0,
9475,CURRENT_RUN_REAL_DATA,True,126,126,0,0,0,2,123,2,24,0,125,125,125,1189,0.0,30.0,
9476,CURRENT_RUN_REAL_DATA,True,106,106,0,0,0,1,104,0,25,0,105,105,105,1186,0.0,30.0,
9477,CURRENT_RUN_REAL_DATA,True,52,52,0,0,0,0,51,0,6,2,51,51,51,1186,1.0,444.0,
9478,CURRENT_RUN_REAL_DATA,True,98,98,0,0,0,0,97,0,88,0,97,97,97,1188,6.0,30.0,
9479,CURRENT_RUN_REAL_DATA,True,100,100,0,0,0,0,99,0,79,0,99,99,99,1191,2.0,20.0,
9480,CURRENT_RUN_REAL_DATA,True,100,100,0,0,0,0,99,0,79,0,99,99,99,1193,6.0,21.0,
9481,CURRENT_RUN_REAL_DATA,True,100,100,0,0,0,0,99,0,0,0,99,99,99,1194,1.0,21.0,
9482,CURRENT_RUN_REAL_DATA,True,101,101,0,0,0,0,100,0,81,0,100,100,100,1190,4.0,24.0,
9483,CURRENT_RUN_REAL_DATA,True,112,112,0,0,0,2,109,2,1,0,111,111,111,1190,0.0,23.0,
9484,CURRENT_RUN_REAL_DATA,True,106,106,0,0,0,0,105,0,20,1,105,105,105,1190,1.0,32.0,
9485,CURRENT_RUN_REAL_DATA,True,98,98,0,0,0,0,97,0,89,0,97,97,97,1188,6.0,30.0,
9486,CURRENT_RUN_REAL_DATA,True,100,100,0,0,0,1,98,0,18,0,99,99,99,1190,0.0,22.0,
9487,CURRENT_RUN_REAL_DATA,True,100,100,0,0,0,0,99,0,2,0,99,99,99,1191,4.0,20.0,
9488,CURRENT_RUN_REAL_DATA,True,118,118,0,0,0,3,114,3,0,0,117,117,117,1187,0.0,25.0,
9489,CURRENT_RUN_REAL_DATA,True,106,106,0,0,0,0,105,0,19,0,105,105,105,1194,1.0,26.0,
9490,CURRENT_RUN_REAL_DATA,True,99,99,0,0,0,0,98,0,62,0,98,98,98,1190,6.0,30.0,
9491,CURRENT_RUN_REAL_DATA,True,98,98,0,0,0,1,96,1,0,1,97,97,97,1186,0.0,91.0,
9492,CURRENT_RUN_REAL_DATA,True,100,100,0,0,0,0,99,0,0,0,99,99,99,1195,2.0,21.0,
9493,CURRENT_RUN_REAL_DATA,True,106,106,0,0,0,0,105,0,23,0,105,105,105,1190,1.0,24.0,
9494,CURRENT_RUN_REAL_DATA,True,100,100,0,0,0,0,99,0,88,0,99,99,99,1191,2.0,21.0,
9495,CURRENT_RUN_REAL_DATA,True,99,99,0,0,0,0,98,0,78,0,98,98,98,1192,9.0,21.0,
9496,CURRENT_RUN_REAL_DATA,True,101,101,0,0,0,1,99,1,4,2,100,100,100,1190,0.0,67.0,
9497,CURRENT_RUN_REAL_DATA,True,172,172,0,0,0,14,157,13,16,0,171,171,171,1193,0.0,30.0,
9498,CURRENT_RUN_REAL_DATA,True,114,114,0,0,0,5,108,5,0,1,113,113,113,1186,0.0,33.0,
9499,CURRENT_RUN_REAL_DATA,True,100,100,0,0,0,0,99,0,79,0,99,99,99,1192,3.0,21.0,
9500,CURRENT_RUN_REAL_DATA,True,100,100,0,0,0,0,99,0,85,0,99,99,99,1189,5.0,20.0,
9501,CURRENT_RUN_REAL_DATA,True,114,114,0,0,0,0,113,0,0,0,113,113,113,1190,1.0,22.0,
9502,CURRENT_RUN_REAL_DATA,True,100,100,0,0,0,0,99,0,5,0,99,99,99,1194,3.0,21.0,
9503,CURRENT_RUN_REAL_DATA,True,106,106,0,0,0,0,105,0,52,1,105,105,105,1192,1.0,32.0,
9504,CURRENT_RUN_REAL_DATA,True,145,145,0,0,0,15,129,15,19,2,144,144,144,1190,0.0,48.0,
9505,CURRENT_RUN_REAL_DATA,True,100,100,0,0,0,1,98,0,89,0,99,99,99,1195,0.0,22.0,
9506,CURRENT_RUN_REAL_DATA,True,99,99,0,0,0,0,98,0,86,0,98,98,98,1187,4.0,21.0,
9507,CURRENT_RUN_REAL_DATA,True,108,108,0,0,0,14,93,10,38,5,107,107,107,1193,0.0,75.0,
9508,CURRENT_RUN_REAL_DATA,True,100,100,0,0,0,0,99,0,53,0,99,99,99,1189,1.0,21.0,
9509,CURRENT_RUN_REAL_DATA,True,105,105,0,0,0,8,96,7,18,2,104,104,104,1187,0.0,62.0,
9510,CURRENT_RUN_REAL_DATA,True,100,100,0,0,0,0,99,0,78,0,99,99,99,1190,4.0,20.0,
9511,CURRENT_RUN_REAL_DATA,True,108,108,0,0,0,0,107,0,19,0,107,107,107,1192,1.0,29.0,
9512,CURRENT_RUN_REAL_DATA,True,118,118,0,0,0,1,116,1,19,0,117,117,117,1187,0.0,30.0,
9513,CURRENT_RUN_REAL_DATA,True,112,112,0,0,0,2,109,2,12,0,111,111,111,1190,0.0,25.0,
9514,CURRENT_RUN_REAL_DATA,True,104,104,0,0,0,0,103,0,23,1,103,103,103,1187,1.0,58.0,
9515,CURRENT_RUN_REAL_DATA,True,96,96,0,0,0,0,95,0,85,1,95,95,95,1187,7.0,40.0,
9516,CURRENT_RUN_REAL_DATA,True,100,100,0,0,0,0,99,0,81,0,99,99,99,1191,5.0,21.0,
9517,CURRENT_RUN_REAL_DATA,True,100,100,0,0,0,0,99,0,89,0,99,99,99,1192,3.0,21.0,
9518,CURRENT_RUN_REAL_DATA,True,102,102,0,0,0,1,100,1,21,0,101,101,101,1187,0.0,30.0,
9519,CURRENT_RUN_REAL_DATA,True,100,100,0,0,0,0,99,0,74,0,99,99,99,1192,3.0,20.0,
9520,CURRENT_RUN_REAL_DATA,True,140,140,0,0,0,1,138,1,25,0,139,139,139,1184,0.0,26.0,
9521,CURRENT_RUN_REAL_DATA,True,101,101,0,0,0,1,99,1,6,1,100,100,100,1194,0.0,35.0,
9522,CURRENT_RUN_REAL_DATA,True,106,106,0,0,0,0,105,0,27,0,105,105,105,1186,1.0,25.0,
9523,CURRENT_RUN_REAL_DATA,True,100,100,0,0,0,0,99,0,89,0,99,99,99,1193,2.0,20.0,
9524,CURRENT_RUN_REAL_DATA,True,108,108,0,0,0,2,105,2,2,0,107,107,107,1188,0.0,30.0,
9525,CURRENT_RUN_REAL_DATA,True,124,124,0,0,0,2,121,2,6,0,123,123,123,1190,0.0,25.0,
9526,CURRENT_RUN_REAL_DATA,True,118,118,0,0,0,1,116,1,15,0,117,117,117,1191,0.0,30.0,
9527,CURRENT_RUN_REAL_DATA,True,106,106,0,0,0,4,101,3,32,0,105,105,105,1185,0.0,24.0,
9528,CURRENT_RUN_REAL_DATA,True,110,110,0,0,0,0,109,0,24,0,109,109,109,1190,1.0,24.0,
9529,CURRENT_RUN_REAL_DATA,True,151,151,0,0,0,4,146,4,19,0,150,150,150,1192,0.0,30.0,
9530,CURRENT_RUN_REAL_DATA,True,100,100,0,0,0,0,99,0,70,0,99,99,99,1186,2.0,25.0,
9531,CURRENT_RUN_REAL_DATA,True,148,148,0,0,0,11,136,10,16,1,147,147,147,1186,0.0,112.0,
9532,CURRENT_RUN_REAL_DATA,True,99,99,0,0,0,0,98,0,88,0,98,98,98,1191,9.0,21.0,
9533,CURRENT_RUN_REAL_DATA,True,100,100,0,0,0,0,99,0,79,0,99,99,99,1192,3.0,21.0,
9534,CURRENT_RUN_REAL_DATA,True,98,98,0,0,0,0,97,0,0,0,97,97,97,1182,8.0,22.0,
9535,CURRENT_RUN_REAL_DATA,True,133,133,0,0,0,0,132,0,16,0,132,132,132,1192,1.0,30.0,
9536,CURRENT_RUN_REAL_DATA,True,108,108,0,0,0,3,104,2,15,1,107,107,107,1186,0.0,61.0,
9537,CURRENT_RUN_REAL_DATA,True,102,102,0,0,0,0,101,0,21,0,101,101,101,1192,1.0,23.0,
9538,CURRENT_RUN_REAL_DATA,True,99,99,0,0,0,0,98,0,7,0,98,98,98,1188,7.0,28.0,
9539,CURRENT_RUN_REAL_DATA,True,104,104,0,0,0,4,99,2,22,1,103,103,103,1193,0.0,40.0,
9540,CURRENT_RUN_REAL_DATA,True,104,104,0,0,0,4,99,2,27,2,103,103,103,1180,0.0,38.0,
9541,CURRENT_RUN_REAL_DATA,True,101,101,0,0,0,2,98,0,90,1,100,100,100,1190,0.0,45.0,
9542,CURRENT_RUN_REAL_DATA,True,103,103,0,0,0,1,101,1,70,0,102,102,102,1147,0.0,21.0,
9543,CURRENT_RUN_REAL_DATA,True,126,126,0,0,0,3,122,3,16,1,125,125,125,1195,0.0,35.0,
9544,CURRENT_RUN_REAL_DATA,True,99,99,0,0,0,0,98,0,78,0,98,98,98,1189,8.0,21.0,
9545,CURRENT_RUN_REAL_DATA,True,99,99,0,0,0,0,98,0,96,0,98,98,98,1180,5.0,20.0,
9546,CURRENT_RUN_REAL_DATA,True,105,105,0,0,0,1,103,0,25,0,104,104,104,1186,0.0,30.0,
9547,CURRENT_RUN_REAL_DATA,True,100,100,0,0,0,3,96,2,39,1,99,99,99,1194,0.0,133.0,
9548,CURRENT_RUN_REAL_DATA,True,105,105,0,0,0,0,104,0,12,0,104,104,104,1176,1.0,28.0,
9549,CURRENT_RUN_REAL_DATA,True,103,103,0,0,0,1,101,1,10,0,102,102,102,1191,0.0,22.0,
9550,CURRENT_RUN_REAL_DATA,True,120,120,0,0,0,5,114,5,11,1,119,119,119,1191,0.0,42.0,
9551,CURRENT_RUN_REAL_DATA,True,103,103,0,0,0,2,100,2,22,1,102,102,102,1175,0.0,34.0,
9552,CURRENT_RUN_REAL_DATA,True,100,100,0,0,0,0,99,0,80,0,99,99,99,1191,3.0,20.0,
9553,CURRENT_RUN_REAL_DATA,True,96,96,0,0,0,0,95,0,16,2,95,95,95,1187,1.0,145.0,
9554,CURRENT_RUN_REAL_DATA,True,99,99,0,0,0,0,98,0,78,0,98,98,98,1192,6.0,30.0,
9555,CURRENT_RUN_REAL_DATA,True,99,99,0,0,0,0,98,0,93,0,98,98,98,1195,9.0,21.0,
9556,CURRENT_RUN_REAL_DATA,True,99,99,0,0,0,0,98,0,1,1,98,98,98,1186,1.0,40.0,
9557,CURRENT_RUN_REAL_DATA,True,100,100,0,0,0,0,99,0,79,0,99,99,99,1192,3.0,22.0,
9558,CURRENT_RUN_REAL_DATA,True,101,101,0,0,0,0,100,0,78,0,100,100,100,1186,2.0,20.0,
9559,CURRENT_RUN_REAL_DATA,True,99,99,0,0,0,0,98,0,88,0,98,98,98,1190,9.0,21.0,
9560,CURRENT_RUN_REAL_DATA,True,99,99,0,0,0,0,98,0,78,0,98,98,98,1188,7.0,28.0,
9561,CURRENT_RUN_REAL_DATA,True,100,100,0,0,0,0,99,0,89,0,99,99,99,1191,2.0,21.0,
9562,CURRENT_RUN_REAL_DATA,True,107,107,0,0,0,1,105,1,0,0,106,106,106,1188,0.0,23.0,
9563,CURRENT_RUN_REAL_DATA,True,98,98,0,0,0,0,97,0,78,0,97,97,97,1188,9.0,28.0,
9564,CURRENT_RUN_REAL_DATA,True,98,98,0,0,0,0,97,0,87,0,97,97,97,1189,6.0,28.0,
9565,CURRENT_RUN_REAL_DATA,True,96,96,0,0,0,0,95,0,2,0,95,95,95,1186,7.0,30.0,
9566,CURRENT_RUN_REAL_DATA,True,113,113,0,0,0,3,109,3,0,1,112,112,112,1195,0.0,34.0,
9567,CURRENT_RUN_REAL_DATA,True,100,100,0,0,0,0,99,0,90,0,99,99,99,1191,1.0,21.0,
9568,CURRENT_RUN_REAL_DATA,True,99,99,0,0,0,0,98,0,88,0,98,98,98,1194,9.0,21.0,
9569,CURRENT_RUN_REAL_DATA,True,99,99,0,0,0,0,98,0,88,0,98,98,98,1189,6.0,21.0,
9570,CURRENT_RUN_REAL_DATA,True,102,102,0,0,0,0,101,0,6,0,101,101,101,1189,2.0,21.0,
9571,CURRENT_RUN_REAL_DATA,True,100,100,0,0,0,0,99,0,78,0,99,99,99,1191,4.0,21.0,
9572,CURRENT_RUN_REAL_DATA,True,97,97,0,0,0,1,95,1,7,0,96,96,96,1190,0.0,24.0,
9573,CURRENT_RUN_REAL_DATA,True,102,102,0,0,0,2,99,0,41,1,101,101,101,1192,0.0,59.0,
9574,CURRENT_RUN_REAL_DATA,True,125,125,0,0,0,5,119,5,21,1,124,124,124,1188,0.0,34.0,
9575,CURRENT_RUN_REAL_DATA,True,99,99,0,0,0,0,98,0,93,0,98,98,98,1195,9.0,21.0,
9576,CURRENT_RUN_REAL_DATA,True,98,98,0,0,0,0,97,0,27,0,97,97,97,1190,9.0,22.0,
9577,CURRENT_RUN_REAL_DATA,True,120,120,0,0,0,7,112,7,19,1,119,119,119,1190,0.0,31.0,
9578,CURRENT_RUN_REAL_DATA,True,115,115,0,0,0,5,109,4,43,0,114,114,114,1186,0.0,29.0,
9579,CURRENT_RUN_REAL_DATA,True,106,106,0,0,0,0,105,0,17,1,105,105,105,1183,1.0,81.0,
9580,CURRENT_RUN_REAL_DATA,True,98,98,0,0,0,0,97,0,88,0,97,97,97,1187,7.0,30.0,
9581,CURRENT_RUN_REAL_DATA,True,118,118,0,0,0,2,115,2,2,0,117,117,117,1190,0.0,25.0,
9582,CURRENT_RUN_REAL_DATA,True,103,103,0,0,0,0,102,0,54,0,102,102,102,1180,1.0,20.0,
9583,CURRENT_RUN_REAL_DATA,True,103,103,0,0,0,0,102,0,4,0,102,102,102,1193,2.0,20.0,
9584,CURRENT_RUN_REAL_DATA,True,109,109,0,0,0,2,106,2,9,0,108,108,108,1190,0.0,23.0,
9585,CURRENT_RUN_REAL_DATA,True,108,108,0,0,0,6,101,6,0,1,107,107,107,1184,0.0,37.0,
9586,CURRENT_RUN_REAL_DATA,True,99,99,0,0,0,0,98,0,84,0,98,98,98,1190,10.0,20.0,
9587,CURRENT_RUN_REAL_DATA,True,104,104,0,0,0,1,102,1,41,2,103,103,103,1190,0.0,42.0,
9588,CURRENT_RUN_REAL_DATA,True,102,102,0,0,0,3,98,2,26,0,101,101,101,1195,0.0,30.0,
9589,CURRENT_RUN_REAL_DATA,True,100,100,0,0,0,1,98,1,74,0,99,99,99,1189,0.0,23.0,
9590,CURRENT_RUN_REAL_DATA,True,99,99,0,0,0,0,98,0,96,0,98,98,98,1191,9.0,21.0,
9591,CURRENT_RUN_REAL_DATA,True,99,99,0,0,0,0,98,0,0,0,98,98,98,1186,1.0,21.0,
9592,CURRENT_RUN_REAL_DATA,True,118,118,0,0,0,2,115,2,21,0,117,117,117,1189,0.0,27.0,
9593,CURRENT_RUN_REAL_DATA,True,98,98,0,0,0,0,97,0,19,0,97,97,97,1189,1.0,22.0,
9594,CURRENT_RUN_REAL_DATA,True,101,101,0,0,0,0,100,0,80,0,100,100,100,1194,1.0,21.0,
9595,CURRENT_RUN_REAL_DATA,True,85,85,0,0,0,1,83,0,13,1,84,84,84,1066,0.0,120.0,
9596,CURRENT_RUN_REAL_DATA,True,118,118,0,0,0,1,116,1,42,0,117,117,117,1197,0.0,25.0,
9597,CURRENT_RUN_REAL_DATA,True,107,107,0,0,0,3,103,3,17,2,106,106,106,1181,0.0,31.0,
9598,CURRENT_RUN_REAL_DATA,True,100,100,0,0,0,0,99,0,89,0,99,99,99,1190,1.0,21.0,
9599,CURRENT_RUN_REAL_DATA,True,156,156,0,0,0,1,154,1,28,0,155,155,155,1186,0.0,28.0,
9600,CURRENT_RUN_REAL_DATA,True,107,107,0,0,0,0,106,0,0,0,106,106,106,1196,1.0,25.0,
9601,CURRENT_RUN_REAL_DATA,True,107,107,0,0,0,1,105,1,24,0,106,106,106,1190,0.0,21.0,
9602,CURRENT_RUN_REAL_DATA,True,111,111,0,0,0,0,110,0,61,0,110,110,110,1187,1.0,21.0,
9603,CURRENT_RUN_REAL_DATA,True,99,99,0,0,0,0,98,0,89,0,98,98,98,1194,9.0,20.0,
9604,CURRENT_RUN_REAL_DATA,True,127,127,0,0,0,2,124,2,21,0,126,126,126,1189,0.0,30.0,
9605,CURRENT_RUN_REAL_DATA,True,98,98,0,0,0,1,96,0,84,0,97,97,97,1188,0.0,30.0,
9606,CURRENT_RUN_REAL_DATA,True,100,100,0,0,0,1,98,0,89,0,99,99,99,1194,0.0,20.0,
9607,CURRENT_RUN_REAL_DATA,True,113,113,0,0,0,3,109,3,0,1,112,112,112,1190,0.0,80.0,
9608,CURRENT_RUN_REAL_DATA,True,125,125,0,0,0,4,120,4,33,0,124,124,124,1194,0.0,25.0,
9609,CURRENT_RUN_REAL_DATA,True,101,101,0,0,0,0,100,0,79,0,100,100,100,1190,2.0,21.0,
9610,CURRENT_RUN_REAL_DATA,True,99,99,0,0,0,1,97,0,89,0,98,98,98,1186,0.0,23.0,
9611,CURRENT_RUN_REAL_DATA,True,100,100,0,0,0,0,99,0,79,0,99,99,99,1191,3.0,20.0,
9612,CURRENT_RUN_REAL_DATA,True,101,101,0,0,0,0,100,0,90,0,100,100,100,1191,2.0,21.0,
9613,CURRENT_RUN_REAL_DATA,True,120,120,0,0,0,5,114,5,0,0,119,119,119,1189,0.0,30.0,
9614,CURRENT_RUN_REAL_DATA,True,110,110,0,0,0,2,107,2,31,1,109,109,109,1185,0.0,102.0,
9615,CURRENT_RUN_REAL_DATA,True,100,100,0,0,0,0,99,0,77,0,99,99,99,1191,1.0,21.0,
9616,CURRENT_RUN_REAL_DATA,True,100,100,0,0,0,0,99,0,90,0,99,99,99,1191,1.0,21.0,
9617,CURRENT_RUN_REAL_DATA,True,99,99,0,0,0,0,98,0,91,0,98,98,98,1195,9.0,23.0,
9618,CURRENT_RUN_REAL_DATA,True,99,99,0,0,0,0,98,0,89,0,98,98,98,1195,10.0,20.0,
9619,CURRENT_RUN_REAL_DATA,True,154,154,0,0,0,8,145,8,4,0,153,153,153,1186,0.0,30.0,
9620,CURRENT_RUN_REAL_DATA,True,100,100,0,0,0,0,99,0,81,0,99,99,99,1188,6.0,28.0,
9621,CURRENT_RUN_REAL_DATA,True,101,101,0,0,0,0,100,0,83,0,100,100,100,1176,1.0,23.0,
9622,CURRENT_RUN_REAL_DATA,True,99,99,0,0,0,1,97,0,91,0,98,98,98,1194,0.0,30.0,
9623,CURRENT_RUN_REAL_DATA,True,98,98,0,0,0,0,97,0,78,0,97,97,97,1185,8.0,22.0,
9624,CURRENT_RUN_REAL_DATA,True,100,100,0,0,0,0,99,0,89,0,99,99,99,1190,6.0,20.0,
9625,CURRENT_RUN_REAL_DATA,True,112,112,0,0,0,0,111,0,24,0,111,111,111,1194,1.0,23.0,
9626,CURRENT_RUN_REAL_DATA,True,100,100,0,0,0,0,99,0,92,0,99,99,99,1191,3.0,20.0,
9627,CURRENT_RUN_REAL_DATA,True,98,98,0,0,0,1,96,1,4,2,97,97,97,1191,0.0,36.0,
9628,CURRENT_RUN_REAL_DATA,True,96,96,0,0,0,3,92,1,65,1,95,95,95,1191,0.0,113.0,
9629,CURRENT_RUN_REAL_DATA,True,92,92,0,0,0,2,89,1,65,1,91,91,91,1189,0.0,138.0,
9630,CURRENT_RUN_REAL_DATA,True,98,98,0,0,0,0,97,0,87,0,97,97,97,1186,8.0,22.0,
9631,CURRENT_RUN_REAL_DATA,True,100,100,0,0,0,0,99,0,89,0,99,99,99,1191,3.0,21.0,
9632,CURRENT_RUN_REAL_DATA,True,110,110,0,0,0,0,109,0,5,1,109,109,109,1186,1.0,87.0,
9633,CURRENT_RUN_REAL_DATA,True,99,99,0,0,0,0,98,0,1,0,98,98,98,1186,1.0,22.0,
9634,CURRENT_RUN_REAL_DATA,True,100,100,0,0,0,0,99,0,80,0,99,99,99,1194,1.0,23.0,
9635,CURRENT_RUN_REAL_DATA,True,102,102,0,0,0,2,99,1,60,1,101,101,101,1191,0.0,83.0,
9636,CURRENT_RUN_REAL_DATA,True,97,97,0,0,0,0,96,0,0,0,96,96,96,1186,8.0,30.0,
9637,CURRENT_RUN_REAL_DATA,True,134,134,0,0,0,7,126,7,0,0,133,133,133,1195,0.0,22.0,
9638,CURRENT_RUN_REAL_DATA,True,128,128,0,0,0,5,122,5,14,0,127,127,127,1194,0.0,21.0,
9639,CURRENT_RUN_REAL_DATA,True,100,100,0,0,0,0,99,0,89,0,99,99,99,1191,3.0,21.0,
9640,CURRENT_RUN_REAL_DATA,True,94,94,0,0,0,1,92,1,3,2,93,93,93,1171,0.0,255.0,
9641,CURRENT_RUN_REAL_DATA,True,98,98,0,0,0,0,97,0,88,1,97,97,97,1190,5.0,31.0,
9642,CURRENT_RUN_REAL_DATA,True,100,100,0,0,0,0,99,0,40,0,99,99,99,1191,3.0,20.0,
9643,CURRENT_RUN_REAL_DATA,True,109,109,0,0,0,0,108,0,0,0,108,108,108,1195,1.0,24.0,
9644,CURRENT_RUN_REAL_DATA,True,101,101,0,0,0,4,96,1,80,1,100,100,100,1194,0.0,33.0,
9645,CURRENT_RUN_REAL_DATA,True,109,109,0,0,0,5,103,5,31,1,108,108,108,1186,0.0,50.0,
9646,CURRENT_RUN_REAL_DATA,True,99,99,0,0,0,0,98,0,78,0,98,98,98,1187,7.0,21.0,
9647,CURRENT_RUN_REAL_DATA,True,104,104,0,0,0,0,103,0,34,0,103,103,103,1191,1.0,30.0,
9648,CURRENT_RUN_REAL_DATA,True,104,104,0,0,0,1,102,0,38,2,103,103,103,1185,0.0,32.0,
9649,CURRENT_RUN_REAL_DATA,True,128,128,0,0,0,3,124,2,18,1,127,127,127,1194,0.0,46.0,
9650,CURRENT_RUN_REAL_DATA,True,145,145,0,0,0,7,137,7,16,0,144,144,144,1180,0.0,30.0,
9651,CURRENT_RUN_REAL_DATA,True,102,102,0,0,0,3,98,3,24,2,101,101,101,1188,0.0,129.0,
9652,CURRENT_RUN_REAL_DATA,True,102,102,0,0,0,14,87,14,0,4,101,101,101,1193,0.0,122.0,
9653,CURRENT_RUN_REAL_DATA,True,114,114,0,0,0,2,111,2,21,2,113,113,113,1190,0.0,32.0,
9654,CURRENT_RUN_REAL_DATA,True,103,103,0,0,0,3,99,2,17,2,102,102,102,1194,0.0,98.0,
9655,CURRENT_RUN_REAL_DATA,True,113,113,0,0,0,7,105,7,3,1,112,112,112,1165,0.0,62.0,
9656,CURRENT_RUN_REAL_DATA,True,100,100,0,0,0,0,99,0,79,0,99,99,99,1190,2.0,21.0,
9657,CURRENT_RUN_REAL_DATA,True,100,100,0,0,0,0,99,0,89,0,99,99,99,1189,7.0,21.0,
9658,CURRENT_RUN_REAL_DATA,True,63,63,0,0,0,0,62,0,56,0,62,62,62,749,3.0,20.0,
9659,CURRENT_RUN_REAL_DATA,True,118,118,0,0,0,1,116,1,21,0,117,117,117,1182,0.0,30.0,
9660,CURRENT_RUN_REAL_DATA,True,132,132,0,0,0,3,128,3,25,0,131,131,131,1026,0.0,28.0,
9661,CURRENT_RUN_REAL_DATA,True,102,102,0,0,0,0,101,0,80,0,101,101,101,1197,1.0,21.0,
9662,CURRENT_RUN_REAL_DATA,True,109,109,0,0,0,5,103,5,0,0,108,108,108,1177,0.0,27.0,
9663,CURRENT_RUN_REAL_DATA,True,98,98,0,0,0,0,97,0,87,0,97,97,97,1186,7.0,30.0,
9664,CURRENT_RUN_REAL_DATA,True,100,100,0,0,0,0,99,0,79,0,99,99,99,1191,5.0,21.0,
9665,CURRENT_RUN_REAL_DATA,True,100,100,0,0,0,0,99,0,0,0,99,99,99,1190,5.0,20.0,
9666,CURRENT_RUN_REAL_DATA,True,111,111,0,0,0,4,106,4,21,1,110,110,110,1188,0.0,33.0,
9667,CURRENT_RUN_REAL_DATA,True,99,99,0,0,0,0,98,0,3,0,98,98,98,1190,5.0,22.0,
9668,CURRENT_RUN_REAL_DATA,True,134,134,0,0,0,5,128,5,6,0,133,133,133,1195,0.0,22.0,
9669,CURRENT_RUN_REAL_DATA,True,101,101,0,0,0,0,100,0,78,0,100,100,100,1188,1.0,29.0,
9670,CURRENT_RUN_REAL_DATA,True,100,100,0,0,0,0,99,0,80,0,99,99,99,1194,1.0,20.0,
9671,CURRENT_RUN_REAL_DATA,True,100,100,0,0,0,0,99,0,9,0,99,99,99,1191,2.0,21.0,
9672,CURRENT_RUN_REAL_DATA,True,99,99,0,0,0,0,98,0,98,0,98,98,98,1191,3.0,22.0,
9673,CURRENT_RUN_REAL_DATA,True,82,82,0,0,0,1,80,1,17,0,81,81,81,867,0.0,23.0,
9674,CURRENT_RUN_REAL_DATA,True,136,136,0,0,0,8,127,8,19,0,135,135,135,1192,0.0,26.0,
9675,CURRENT_RUN_REAL_DATA,True,96,96,0,0,0,16,79,16,0,1,95,95,95,1197,0.0,426.0,
9676,CURRENT_RUN_REAL_DATA,True,129,129,0,0,0,5,123,4,22,0,128,128,128,1193,0.0,24.0,
9677,CURRENT_RUN_REAL_DATA,True,100,100,0,0,0,0,99,0,6,0,99,99,99,1194,1.0,20.0,
9678,CURRENT_RUN_REAL_DATA,True,113,113,0,0,0,1,111,1,21,0,112,112,112,1191,0.0,28.0,
9679,CURRENT_RUN_REAL_DATA,True,99,99,0,0,0,1,97,1,88,0,98,98,98,1183,0.0,22.0,
9680,CURRENT_RUN_REAL_DATA,True,128,128,0,0,0,9,118,8,24,1,127,127,127,1191,0.0,101.0,
9681,CURRENT_RUN_REAL_DATA,True,103,103,0,0,0,0,102,0,74,0,102,102,102,1195,2.0,22.0,
9682,CURRENT_RUN_REAL_DATA,True,99,99,0,0,0,0,98,0,78,0,98,98,98,1190,7.0,30.0,
9683,CURRENT_RUN_REAL_DATA,True,120,120,0,0,0,5,114,5,15,2,119,119,119,1193,0.0,85.0,
9684,CURRENT_RUN_REAL_DATA,True,100,100,0,0,0,0,99,0,82,0,99,99,99,1189,1.0,22.0,
9685,CURRENT_RUN_REAL_DATA,True,105,105,0,0,0,5,99,5,0,3,104,104,104,1195,0.0,82.0,
9686,CURRENT_RUN_REAL_DATA,True,100,100,0,0,0,0,99,0,99,0,99,99,99,1192,3.0,21.0,
9687,CURRENT_RUN_REAL_DATA,True,105,105,0,0,0,1,103,1,65,0,104,104,104,1186,0.0,30.0,
9688,CURRENT_RUN_REAL_DATA,True,113,113,0,0,0,3,109,3,32,0,112,112,112,1195,0.0,30.0,
9689,CURRENT_RUN_REAL_DATA,True,98,98,0,0,0,0,97,0,74,1,97,97,97,1190,5.0,31.0,
9690,CURRENT_RUN_REAL_DATA,True,140,140,0,0,0,1,138,1,9,0,139,139,139,1195,0.0,30.0,
9691,CURRENT_RUN_REAL_DATA,True,138,138,0,0,0,6,131,5,40,0,137,137,137,1190,0.0,25.0,
9692,CURRENT_RUN_REAL_DATA,True,108,108,0,0,0,0,107,0,0,0,107,107,107,1193,1.0,30.0,
9693,CURRENT_RUN_REAL_DATA,True,99,99,0,0,0,0,98,0,77,0,98,98,98,1190,9.0,20.0,
9694,CURRENT_RUN_REAL_DATA,True,126,126,0,0,0,3,122,3,19,0,125,125,125,1193,0.0,23.0,
9695,CURRENT_RUN_REAL_DATA,True,110,110,0,0,0,3,106,3,32,0,109,109,109,1194,0.0,29.0,
9696,CURRENT_RUN_REAL_DATA,True,99,99,0,0,0,0,98,0,88,0,98,98,98,1180,5.0,21.0,
9697,CURRENT_RUN_REAL_DATA,True,105,105,0,0,0,0,104,0,72,0,104,104,104,1194,1.0,20.0,
9698,CURRENT_RUN_REAL_DATA,True,110,110,0,0,0,0,109,0,54,0,109,109,109,1187,1.0,22.0,
9699,CURRENT_RUN_REAL_DATA,True,122,122,0,0,0,7,114,7,36,1,121,121,121,1191,0.0,36.0,
9700,CURRENT_RUN_REAL_DATA,True,100,100,0,0,0,0,99,0,89,0,99,99,99,1193,1.0,21.0,
9701,CURRENT_RUN_REAL_DATA,True,114,114,0,0,0,1,112,0,16,0,113,113,113,1179,0.0,21.0,
9702,CURRENT_RUN_REAL_DATA,True,141,141,0,0,0,4,136,4,8,0,140,140,140,1187,0.0,27.0,
9703,CURRENT_RUN_REAL_DATA,True,100,100,0,0,0,0,99,0,2,0,99,99,99,1189,1.0,22.0,
9704,CURRENT_RUN_REAL_DATA,True,149,149,0,0,0,10,138,10,30,0,148,148,148,1197,0.0,26.0,
9705,CURRENT_RUN_REAL_DATA,True,114,114,0,0,0,0,113,0,20,0,113,113,113,1198,1.0,21.0,
9706,CURRENT_RUN_REAL_DATA,True,98,98,0,0,0,4,93,3,68,1,97,97,97,1190,0.0,89.0,
9707,CURRENT_RUN_REAL_DATA,True,97,97,0,0,0,0,96,0,86,1,96,96,96,1184,9.0,31.0,
9708,CURRENT_RUN_REAL_DATA,True,100,100,0,0,0,0,99,0,18,1,99,99,99,1191,1.0,118.0,
9709,CURRENT_RUN_REAL_DATA,True,99,99,0,0,0,0,98,0,88,0,98,98,98,1190,9.0,21.0,
9710,CURRENT_RUN_REAL_DATA,True,111,111,0,0,0,1,109,1,29,0,110,110,110,1191,0.0,23.0,
9711,CURRENT_RUN_REAL_DATA,True,97,97,0,0,0,0,96,0,10,1,96,96,96,1191,1.0,74.0,
9712,CURRENT_RUN_REAL_DATA,True,100,100,0,0,0,0,99,0,11,0,99,99,99,1189,1.0,22.0,
9713,CURRENT_RUN_REAL_DATA,True,104,104,0,0,0,2,101,2,28,1,103,103,103,1177,0.0,40.0,
9714,CURRENT_RUN_REAL_DATA,True,98,98,0,0,0,0,97,0,76,0,97,97,97,1187,7.0,24.0,
9715,CURRENT_RUN_REAL_DATA,True,99,99,0,0,0,0,98,0,79,0,98,98,98,1181,1.0,22.0,
9716,CURRENT_RUN_REAL_DATA,True,99,99,0,0,0,0,98,0,88,0,98,98,98,1194,9.0,21.0,
9717,CURRENT_RUN_REAL_DATA,True,98,98,0,0,0,0,97,0,77,0,97,97,97,1186,7.0,28.0,
9718,CURRENT_RUN_REAL_DATA,True,92,92,0,0,0,0,91,0,80,1,91,91,91,1190,5.0,107.0,
9719,CURRENT_RUN_REAL_DATA,True,100,100,0,0,0,0,99,0,80,0,99,99,99,1191,4.0,20.0,
9720,CURRENT_RUN_REAL_DATA,True,100,100,0,0,0,0,99,0,0,0,99,99,99,1190,5.0,21.0,
9721,CURRENT_RUN_REAL_DATA,True,112,112,0,0,0,0,111,0,1,0,111,111,111,1191,1.0,24.0,
9722,CURRENT_RUN_REAL_DATA,True,103,103,0,0,0,0,102,0,6,0,102,102,102,1195,3.0,23.0,
9723,CURRENT_RUN_REAL_DATA,True,114,114,0,0,0,2,111,2,18,0,113,113,113,1197,0.0,21.0,
9724,CURRENT_RUN_REAL_DATA,True,105,105,0,0,0,1,103,1,26,0,104,104,104,1176,0.0,23.0,
9725,CURRENT_RUN_REAL_DATA,True,100,100,0,0,0,0,99,0,80,0,99,99,99,1193,2.0,21.0,
9726,CURRENT_RUN_REAL_DATA,True,134,134,0,0,0,5,128,5,11,0,133,133,133,1193,0.0,27.0,
9727,CURRENT_RUN_REAL_DATA,True,99,99,0,0,0,0,98,0,78,0,98,98,98,1189,7.0,30.0,
9728,CURRENT_RUN_REAL_DATA,True,100,100,0,0,0,0,99,0,89,0,99,99,99,1194,1.0,20.0,
9729,CURRENT_RUN_REAL_DATA,True,100,100,0,0,0,0,99,0,91,0,99,99,99,1191,4.0,21.0,
9730,CURRENT_RUN_REAL_DATA,True,112,112,0,0,0,5,106,5,16,1,111,111,111,1186,0.0,65.0,
9731,CURRENT_RUN_REAL_DATA,True,100,100,0,0,0,0,99,0,2,0,99,99,99,1191,4.0,20.0,
9732,CURRENT_RUN_REAL_DATA,True,100,100,0,0,0,0,99,0,99,0,99,99,99,1195,1.0,20.0,
9733,CURRENT_RUN_REAL_DATA,True,98,98,0,0,0,0,97,0,0,0,97,97,97,1189,8.0,29.0,
9734,CURRENT_RUN_REAL_DATA,True,113,113,0,0,0,0,112,0,0,1,112,112,112,1180,1.0,31.0,
9735,CURRENT_RUN_REAL_DATA,True,99,99,0,0,0,0,98,0,36,1,98,98,98,1191,1.0,39.0,
9736,CURRENT_RUN_REAL_DATA,True,112,112,0,0,0,1,110,1,15,0,111,111,111,1189,0.0,30.0,
9737,CURRENT_RUN_REAL_DATA,True,100,100,0,0,0,0,99,0,90,0,99,99,99,1191,4.0,21.0,
9738,CURRENT_RUN_REAL_DATA,True,107,107,0,0,0,11,95,10,52,1,106,106,106,1189,0.0,104.0,
9739,CURRENT_RUN_REAL_DATA,True,97,97,0,0,0,1,95,1,78,1,96,96,96,1190,0.0,40.0,
9740,CURRENT_RUN_REAL_DATA,True,106,106,0,0,0,0,105,0,69,0,105,105,105,1193,1.0,20.0,
9741,CURRENT_RUN_REAL_DATA,True,100,100,0,0,0,0,99,0,90,0,99,99,99,1187,4.0,21.0,
9742,CURRENT_RUN_REAL_DATA,True,98,98,0,0,0,0,97,0,78,0,97,97,97,1188,5.0,28.0,
9743,CURRENT_RUN_REAL_DATA,True,109,109,0,0,0,2,106,2,7,0,108,108,108,1190,0.0,25.0,
9744,CURRENT_RUN_REAL_DATA,True,100,100,0,0,0,0,99,0,10,0,99,99,99,1193,5.0,22.0,
9745,CURRENT_RUN_REAL_DATA,True,100,100,0,0,0,0,99,0,91,0,99,99,99,1195,1.0,22.0,
9746,CURRENT_RUN_REAL_DATA,True,100,100,0,0,0,1,98,1,4,0,99,99,99,1190,0.0,23.0,
9747,CURRENT_RUN_REAL_DATA,True,105,105,0,0,0,2,102,2,18,0,104,104,104,1195,0.0,26.0,
9748,CURRENT_RUN_REAL_DATA,True,100,100,0,0,0,0,99,0,90,0,99,99,99,1191,4.0,20.0,
9749,CURRENT_RUN_REAL_DATA,True,142,142,0,0,0,4,137,4,26,0,141,141,141,1195,0.0,25.0,
9750,CURRENT_RUN_REAL_DATA,True,123,123,0,0,0,2,120,0,30,0,122,122,122,1186,0.0,27.0,
9751,CURRENT_RUN_REAL_DATA,True,100,100,0,0,0,1,98,0,93,0,99,99,99,1189,0.0,23.0,
9752,CURRENT_RUN_REAL_DATA,True,100,100,0,0,0,0,99,0,99,0,99,99,99,1190,2.0,20.0,
9753,CURRENT_RUN_REAL_DATA,True,99,99,0,0,0,0,98,0,88,0,98,98,98,1194,7.0,22.0,
9754,CURRENT_RUN_REAL_DATA,True,127,127,0,0,0,2,124,2,34,0,126,126,126,1188,0.0,25.0,
9755,CURRENT_RUN_REAL_DATA,True,93,93,0,0,0,0,92,0,63,1,92,92,92,1188,3.0,62.0,
9756,CURRENT_RUN_REAL_DATA,True,100,100,0,0,0,0,99,0,89,0,99,99,99,1190,6.0,21.0,
9757,CURRENT_RUN_REAL_DATA,True,98,98,0,0,0,0,97,0,85,1,97,97,97,1189,8.0,31.0,
9758,CURRENT_RUN_REAL_DATA,True,103,103,0,0,0,1,101,1,15,0,102,102,102,1187,0.0,26.0,
9759,CURRENT_RUN_REAL_DATA,True,98,98,0,0,0,0,97,0,83,0,97,97,97,1190,7.0,29.0,
9760,CURRENT_RUN_REAL_DATA,True,115,115,0,0,0,2,112,0,12,1,114,114,114,1185,0.0,32.0,
9761,CURRENT_RUN_REAL_DATA,True,98,98,0,0,0,0,97,0,77,0,97,97,97,1190,7.0,30.0,
9762,CURRENT_RUN_REAL_DATA,True,116,116,0,0,0,3,112,3,7,0,115,115,115,1188,0.0,30.0,
9763,CURRENT_RUN_REAL_DATA,True,112,112,0,0,0,1,110,1,10,0,111,111,111,1193,0.0,30.0,
9764,CURRENT_RUN_REAL_DATA,True,124,124,0,0,0,4,119,4,0,1,123,123,123,1195,0.0,33.0,
9765,CURRENT_RUN_REAL_DATA,True,116,116,0,0,0,1,114,1,31,0,115,115,115,1186,0.0,23.0,
9766,CURRENT_RUN_REAL_DATA,True,105,105,0,0,0,3,101,3,18,1,104,104,104,1192,0.0,46.0,
9767,CURRENT_RUN_REAL_DATA,True,98,98,0,0,0,0,97,0,88,0,97,97,97,1185,8.0,22.0,
9768,CURRENT_RUN_REAL_DATA,True,102,102,0,0,0,0,101,0,2,0,101,101,101,1195,2.0,24.0,
9769,CURRENT_RUN_REAL_DATA,True,99,99,0,0,0,0,98,0,88,0,98,98,98,1189,8.0,22.0,
9770,CURRENT_RUN_REAL_DATA,True,116,116,0,0,0,1,114,1,8,0,115,115,115,1195,0.0,30.0,
9771,CURRENT_RUN_REAL_DATA,True,99,99,0,0,0,0,98,0,91,0,98,98,98,1195,9.0,21.0,
9772,CURRENT_RUN_REAL_DATA,True,186,186,0,0,0,3,182,3,16,1,185,185,185,1194,0.0,44.0,
9773,CURRENT_RUN_REAL_DATA,True,132,132,0,0,0,2,129,2,24,0,131,131,131,1190,0.0,27.0,
9774,CURRENT_RUN_REAL_DATA,True,116,116,0,0,0,1,114,1,15,0,115,115,115,1193,0.0,24.0,
9775,CURRENT_RUN_REAL_DATA,True,98,98,0,0,0,0,97,0,87,0,97,97,97,1186,7.0,28.0,
9776,CURRENT_RUN_REAL_DATA,True,100,100,0,0,0,0,99,0,79,0,99,99,99,1191,4.0,20.0,
9777,CURRENT_RUN_REAL_DATA,True,99,99,0,0,0,0,98,0,78,0,98,98,98,1191,3.0,30.0,
9778,CURRENT_RUN_REAL_DATA,True,113,113,0,0,0,0,112,0,40,0,112,112,112,1186,1.0,23.0,
9779,CURRENT_RUN_REAL_DATA,True,107,107,0,0,0,0,106,0,0,0,106,106,106,1186,1.0,22.0,
9780,CURRENT_RUN_REAL_DATA,True,105,105,0,0,0,0,104,0,19,0,104,104,104,1190,2.0,21.0,
9781,CURRENT_RUN_REAL_DATA,True,99,99,0,0,0,0,98,0,63,0,98,98,98,1186,3.0,28.0,
9782,CURRENT_RUN_REAL_DATA,True,118,118,0,0,0,3,114,3,25,0,117,117,117,1192,0.0,25.0,
9783,CURRENT_RUN_REAL_DATA,True,99,99,0,0,0,0,98,0,89,0,98,98,98,1191,5.0,30.0,
9784,CURRENT_RUN_REAL_DATA,True,102,102,0,0,0,0,101,0,45,0,101,101,101,1195,2.0,20.0,
9785,CURRENT_RUN_REAL_DATA,True,101,101,0,0,0,0,100,0,65,0,100,100,100,1186,1.0,23.0,
9786,CURRENT_RUN_REAL_DATA,True,141,141,0,0,0,21,119,20,24,1,140,140,140,1196,0.0,53.0,
9787,CURRENT_RUN_REAL_DATA,True,99,99,0,0,0,0,98,0,23,0,98,98,98,1195,9.0,21.0,
9788,CURRENT_RUN_REAL_DATA,True,108,108,0,0,0,7,100,7,52,0,107,107,107,1166,0.0,30.0,
9789,CURRENT_RUN_REAL_DATA,True,90,90,0,0,0,1,88,1,0,2,89,89,89,1187,0.0,77.0,
9790,CURRENT_RUN_REAL_DATA,True,122,122,0,0,0,2,119,2,12,0,121,121,121,1193,0.0,22.0,
9791,CURRENT_RUN_REAL_DATA,True,100,100,0,0,0,0,99,0,89,0,99,99,99,1190,4.0,21.0,
9792,CURRENT_RUN_REAL_DATA,True,99,99,0,0,0,0,98,0,92,0,98,98,98,1188,4.0,30.0,
9793,CURRENT_RUN_REAL_DATA,True,93,93,0,0,0,0,92,0,76,1,92,92,92,1186,1.0,90.0,
9794,CURRENT_RUN_REAL_DATA,True,99,99,0,0,0,0,98,0,79,0,98,98,98,1190,9.0,21.0,
9795,CURRENT_RUN_REAL_DATA,True,100,100,0,0,0,0,99,0,89,0,99,99,99,1191,2.0,21.0,
9796,CURRENT_RUN_REAL_DATA,True,119,119,0,0,0,5,113,5,26,1,118,118,118,1194,0.0,114.0,
9797,CURRENT_RUN_REAL_DATA,True,98,98,0,0,0,0,97,0,85,0,97,97,97,1191,4.0,30.0,
9798,CURRENT_RUN_REAL_DATA,True,102,102,0,0,0,0,101,0,16,0,101,101,101,1190,2.0,30.0,
9799,CURRENT_RUN_REAL_DATA,True,97,97,0,0,0,0,96,0,76,0,96,96,96,1195,8.0,30.0,
9800,CURRENT_RUN_REAL_DATA,True,102,102,0,0,0,1,100,1,76,0,101,101,101,1194,0.0,20.0,
9801,CURRENT_RUN_REAL_DATA,True,98,98,0,0,0,0,97,0,57,0,97,97,97,1190,9.0,30.0,
9802,CURRENT_RUN_REAL_DATA,True,99,99,0,0,0,0,98,0,81,0,98,98,98,1190,9.0,21.0,
9803,CURRENT_RUN_REAL_DATA,True,103,103,0,0,0,3,99,2,11,2,102,102,102,1194,0.0,35.0,
9804,CURRENT_RUN_REAL_DATA,True,100,100,0,0,0,0,99,0,90,0,99,99,99,1187,4.0,20.0,
9805,CURRENT_RUN_REAL_DATA,True,102,102,0,0,0,0,101,0,69,0,101,101,101,1193,1.0,30.0,
9806,CURRENT_RUN_REAL_DATA,True,100,100,0,0,0,0,99,0,81,0,99,99,99,1194,1.0,21.0,
9807,CURRENT_RUN_REAL_DATA,True,100,100,0,0,0,0,99,0,79,0,99,99,99,1191,4.0,21.0,
9808,CURRENT_RUN_REAL_DATA,True,100,100,0,0,0,0,99,0,89,0,99,99,99,1191,1.0,20.0,
9809,CURRENT_RUN_REAL_DATA,True,98,98,0,0,0,0,97,0,88,0,97,97,97,1186,9.0,22.0,
9810,CURRENT_RUN_REAL_DATA,True,102,102,0,0,0,0,101,0,93,0,101,101,101,1190,6.0,30.0,
9811,CURRENT_RUN_REAL_DATA,True,117,117,0,0,0,8,108,8,18,2,116,116,116,1190,0.0,156.0,
9812,CURRENT_RUN_REAL_DATA,True,111,111,0,0,0,1,109,1,17,0,110,110,110,1188,0.0,23.0,
9813,CURRENT_RUN_REAL_DATA,True,100,100,0,0,0,0,99,0,74,0,99,99,99,1191,4.0,21.0,
9814,CURRENT_RUN_REAL_DATA,True,98,98,0,0,0,0,97,0,97,0,97,97,97,1191,3.0,30.0,
9815,CURRENT_RUN_REAL_DATA,True,103,103,0,0,0,1,101,1,19,1,102,102,102,1188,0.0,37.0,
9816,CURRENT_RUN_REAL_DATA,True,99,99,0,0,0,1,97,1,53,3,98,98,98,1192,0.0,107.0,
9817,CURRENT_RUN_REAL_DATA,True,100,100,0,0,0,0,99,0,39,0,99,99,99,1191,4.0,20.0,
9818,CURRENT_RUN_REAL_DATA,True,107,107,0,0,0,2,104,2,17,0,106,106,106,1195,0.0,27.0,
9819,CURRENT_RUN_REAL_DATA,True,108,108,0,0,0,2,105,1,26,1,107,107,107,1195,0.0,88.0,
9820,CURRENT_RUN_REAL_DATA,True,110,110,0,0,0,0,109,0,6,0,109,109,109,1191,1.0,28.0,
9821,CURRENT_RUN_REAL_DATA,True,108,108,0,0,0,0,107,0,15,0,107,107,107,1190,1.0,30.0,
9822,CURRENT_RUN_REAL_DATA,True,111,111,0,0,0,6,104,6,36,0,110,110,110,1162,0.0,27.0,
9823,CURRENT_RUN_REAL_DATA,True,98,98,0,0,0,2,95,1,71,1,97,97,97,1194,0.0,74.0,
9824,CURRENT_RUN_REAL_DATA,True,100,100,0,0,0,1,98,1,19,1,99,99,99,1186,0.0,130.0,
9825,CURRENT_RUN_REAL_DATA,True,100,100,0,0,0,0,99,0,89,0,99,99,99,1190,5.0,20.0,
9826,CURRENT_RUN_REAL_DATA,True,101,101,0,0,0,1,99,1,20,1,100,100,100,1186,0.0,82.0,
9827,CURRENT_RUN_REAL_DATA,True,99,99,0,0,0,0,98,0,88,0,98,98,98,1189,10.0,20.0,
9828,CURRENT_RUN_REAL_DATA,True,100,100,0,0,0,0,99,0,92,0,99,99,99,1191,5.0,21.0,
9829,CURRENT_RUN_REAL_DATA,True,98,98,0,0,0,0,97,0,33,0,97,97,97,1190,9.0,30.0,
9830,CURRENT_RUN_REAL_DATA,True,112,112,0,0,0,4,107,4,5,0,111,111,111,1175,0.0,29.0,
9831,CURRENT_RUN_REAL_DATA,True,107,107,0,0,0,3,103,3,28,0,106,106,106,1186,0.0,30.0,
9832,CURRENT_RUN_REAL_DATA,True,101,101,0,0,0,3,97,0,76,1,100,100,100,1190,0.0,55.0,
9833,CURRENT_RUN_REAL_DATA,True,110,110,0,0,0,2,107,2,25,1,109,109,109,1187,0.0,36.0,
9834,CURRENT_RUN_REAL_DATA,True,100,100,0,0,0,1,98,0,90,0,99,99,99,1194,0.0,21.0,
9835,CURRENT_RUN_REAL_DATA,True,107,107,0,0,0,0,106,0,61,0,106,106,106,1187,1.0,20.0,
9836,CURRENT_RUN_REAL_DATA,True,110,110,0,0,0,1,108,1,26,0,109,109,109,1191,0.0,29.0,
9837,CURRENT_RUN_REAL_DATA,True,100,100,0,0,0,0,99,0,90,0,99,99,99,1196,1.0,21.0,
9838,CURRENT_RUN_REAL_DATA,True,112,112,0,0,0,5,106,3,19,2,111,111,111,1190,0.0,33.0,
9839,CURRENT_RUN_REAL_DATA,True,105,105,0,0,0,3,101,2,36,0,104,104,104,1194,0.0,27.0,
9840,CURRENT_RUN_REAL_DATA,True,103,103,0,0,0,0,102,0,74,0,102,102,102,1192,2.0,20.0,
9841,CURRENT_RUN_REAL_DATA,True,102,102,0,0,0,4,97,3,46,0,101,101,101,1179,0.0,20.0,
9842,CURRENT_RUN_REAL_DATA,True,127,127,0,0,0,19,107,19,0,3,126,126,126,1189,0.0,87.0,
9843,CURRENT_RUN_REAL_DATA,True,99,99,0,0,0,1,97,1,29,0,98,98,98,1065,0.0,25.0,
9844,CURRENT_RUN_REAL_DATA,True,101,101,0,0,0,0,100,0,90,0,100,100,100,1189,6.0,20.0,
9845,CURRENT_RUN_REAL_DATA,True,106,106,0,0,0,5,100,5,36,0,105,105,105,1190,0.0,30.0,
9846,CURRENT_RUN_REAL_DATA,True,113,113,0,0,0,21,91,21,3,2,112,112,112,1193,0.0,215.0,
9847,CURRENT_RUN_REAL_DATA,True,122,122,0,0,0,23,98,19,35,1,121,121,121,1141,0.0,38.0,
9848,CURRENT_RUN_REAL_DATA,True,99,99,0,0,0,0,98,0,88,0,98,98,98,1187,7.0,21.0,
9849,CURRENT_RUN_REAL_DATA,True,103,103,0,0,0,3,99,2,1,1,102,102,102,1179,0.0,77.0,
9850,CURRENT_RUN_REAL_DATA,True,100,100,0,0,0,0,99,0,91,0,99,99,99,1191,3.0,22.0,
9851,CURRENT_RUN_REAL_DATA,True,99,99,0,0,0,0,98,0,78,0,98,98,98,1190,5.0,30.0,
9852,CURRENT_RUN_REAL_DATA,True,99,99,0,0,0,0,98,0,88,0,98,98,98,1189,7.0,29.0,
9853,CURRENT_RUN_REAL_DATA,True,97,97,0,0,0,0,96,0,33,1,96,96,96,1185,1.0,62.0,
9854,CURRENT_RUN_REAL_DATA,True,100,100,0,0,0,0,99,0,89,0,99,99,99,1190,3.0,21.0,
9855,CURRENT_RUN_REAL_DATA,True,98,98,0,0,0,0,97,0,88,0,97,97,97,1189,7.0,30.0,
9856,CURRENT_RUN_REAL_DATA,True,111,111,0,0,0,4,106,3,41,0,110,110,110,1186,0.0,24.0,
9857,CURRENT_RUN_REAL_DATA,True,100,100,0,0,0,0,99,0,63,0,99,99,99,1191,2.0,20.0,
9858,CURRENT_RUN_REAL_DATA,True,98,98,0,0,0,0,97,0,78,2,97,97,97,1192,6.0,31.0,
9859,CURRENT_RUN_REAL_DATA,True,99,99,0,0,0,0,98,0,79,0,98,98,98,1195,7.0,23.0,
9860,CURRENT_RUN_REAL_DATA,True,99,99,0,0,0,0,98,0,88,0,98,98,98,1195,9.0,21.0,
9861,CURRENT_RUN_REAL_DATA,True,99,99,0,0,0,0,98,0,88,0,98,98,98,1195,9.0,21.0,
9862,CURRENT_RUN_REAL_DATA,True,107,107,0,0,0,1,105,1,64,0,106,106,106,1192,0.0,24.0,
9863,CURRENT_RUN_REAL_DATA,True,101,101,0,0,0,3,97,3,66,1,100,100,100,1190,0.0,65.0,
9864,CURRENT_RUN_REAL_DATA,True,100,100,0,0,0,1,98,0,89,0,99,99,99,1189,0.0,22.0,
9865,CURRENT_RUN_REAL_DATA,True,99,99,0,0,0,0,98,0,88,0,98,98,98,1191,8.0,22.0,
9866,CURRENT_RUN_REAL_DATA,True,99,99,0,0,0,0,98,0,77,0,98,98,98,1190,10.0,20.0,
9867,CURRENT_RUN_REAL_DATA,True,102,102,0,0,0,0,101,0,27,0,101,101,101,1190,3.0,27.0,
9868,CURRENT_RUN_REAL_DATA,True,99,99,0,0,0,0,98,0,85,0,98,98,98,1191,9.0,21.0,
9869,CURRENT_RUN_REAL_DATA,True,112,112,0,0,0,4,107,3,14,2,111,111,111,1195,0.0,36.0,
9870,CURRENT_RUN_REAL_DATA,True,118,118,0,0,0,2,115,2,11,0,117,117,117,1116,0.0,25.0,
9871,CURRENT_RUN_REAL_DATA,True,99,99,0,0,0,0,98,0,88,0,98,98,98,1186,1.0,21.0,
9872,CURRENT_RUN_REAL_DATA,True,99,99,0,0,0,0,98,0,88,0,98,98,98,1186,7.0,21.0,
9873,CURRENT_RUN_REAL_DATA,True,107,107,0,0,0,4,102,4,46,1,106,106,106,1191,0.0,34.0,
9874,CURRENT_RUN_REAL_DATA,True,127,127,0,0,0,1,125,1,10,1,126,126,126,1189,0.0,31.0,
9875,CURRENT_RUN_REAL_DATA,True,102,102,0,0,0,7,94,7,1,2,101,101,101,1188,0.0,108.0,
9876,CURRENT_RUN_REAL_DATA,True,100,100,0,0,0,0,99,0,79,0,99,99,99,1190,5.0,20.0,
9877,CURRENT_RUN_REAL_DATA,True,107,107,0,0,0,6,100,6,39,1,106,106,106,1190,0.0,58.0,
9878,CURRENT_RUN_REAL_DATA,True,100,100,0,0,0,0,99,0,89,0,99,99,99,1191,1.0,21.0,
9879,CURRENT_RUN_REAL_DATA,True,100,100,0,0,0,0,99,0,3,0,99,99,99,1192,3.0,21.0,
9880,CURRENT_RUN_REAL_DATA,True,108,108,0,0,0,0,107,0,8,1,107,107,107,1192,1.0,31.0,
9881,CURRENT_RUN_REAL_DATA,True,137,137,0,0,0,5,131,5,16,0,136,136,136,1195,0.0,23.0,
9882,CURRENT_RUN_REAL_DATA,True,100,100,0,0,0,0,99,0,6,0,99,99,99,1191,4.0,20.0,
9883,CURRENT_RUN_REAL_DATA,True,100,100,0,0,0,0,99,0,79,0,99,99,99,1191,2.0,21.0,
9884,CURRENT_RUN_REAL_DATA,True,100,100,0,0,0,0,99,0,90,0,99,99,99,1190,4.0,21.0,
9885,CURRENT_RUN_REAL_DATA,True,99,99,0,0,0,0,98,0,88,0,98,98,98,1194,9.0,21.0,
9886,CURRENT_RUN_REAL_DATA,True,99,99,0,0,0,0,98,0,83,0,98,98,98,1194,10.0,20.0,
9887,CURRENT_RUN_REAL_DATA,True,101,101,0,0,0,0,100,0,81,0,100,100,100,1190,1.0,20.0,
9888,CURRENT_RUN_REAL_DATA,True,99,99,0,0,0,0,98,0,89,0,98,98,98,1190,8.0,30.0,
9889,CURRENT_RUN_REAL_DATA,True,124,124,0,0,0,3,120,3,2,1,123,123,123,1184,0.0,87.0,
9890,CURRENT_RUN_REAL_DATA,True,99,99,0,0,0,0,98,0,78,0,98,98,98,1190,7.0,23.0,
9891,CURRENT_RUN_REAL_DATA,True,99,99,0,0,0,0,98,0,88,0,98,98,98,1189,6.0,21.0,
9892,CURRENT_RUN_REAL_DATA,True,99,99,0,0,0,0,98,0,58,0,98,98,98,1168,1.0,21.0,
9893,CURRENT_RUN_REAL_DATA,True,123,123,0,0,0,4,118,0,24,1,122,122,122,1191,0.0,75.0,
9894,CURRENT_RUN_REAL_DATA,True,105,105,0,0,0,2,102,1,14,0,104,104,104,1188,0.0,30.0,
9895,CURRENT_RUN_REAL_DATA,True,117,117,0,0,0,10,106,10,5,0,116,116,116,1138,0.0,23.0,
9896,CURRENT_RUN_REAL_DATA,True,100,100,0,0,0,0,99,0,15,0,99,99,99,1191,3.0,20.0,
9897,CURRENT_RUN_REAL_DATA,True,98,98,0,0,0,5,92,5,10,2,97,97,97,1186,0.0,97.0,
9898,CURRENT_RUN_REAL_DATA,True,101,101,0,0,0,5,95,4,47,2,100,100,100,1189,0.0,71.0,
9899,CURRENT_RUN_REAL_DATA,True,137,137,0,0,0,7,129,7,31,1,136,136,136,1169,0.0,31.0,
9900,CURRENT_RUN_REAL_DATA,True,100,100,0,0,0,0,99,0,75,0,99,99,99,1193,1.0,28.0,
9901,CURRENT_RUN_REAL_DATA,True,100,100,0,0,0,0,99,0,13,0,99,99,99,1191,1.0,20.0,
9902,CURRENT_RUN_REAL_DATA,True,100,100,0,0,0,0,99,0,89,0,99,99,99,1191,3.0,25.0,
9903,CURRENT_RUN_REAL_DATA,True,99,99,0,0,0,0,98,0,89,0,98,98,98,1189,8.0,22.0,
9904,CURRENT_RUN_REAL_DATA,True,139,139,0,0,0,6,132,6,23,1,138,138,138,1192,0.0,34.0,
9905,CURRENT_RUN_REAL_DATA,True,101,101,0,0,0,0,100,0,81,0,100,100,100,1190,1.0,30.0,
9906,CURRENT_RUN_REAL_DATA,True,115,115,0,0,0,7,107,7,10,0,114,114,114,1189,0.0,30.0,
9907,CURRENT_RUN_REAL_DATA,True,96,96,0,0,0,0,95,0,85,0,95,95,95,1189,8.0,29.0,
9908,CURRENT_RUN_REAL_DATA,True,98,98,0,0,0,0,97,0,31,0,97,97,97,1186,4.0,21.0,
9909,CURRENT_RUN_REAL_DATA,True,98,98,0,0,0,0,97,0,78,0,97,97,97,1189,8.0,30.0,
9910,CURRENT_RUN_REAL_DATA,True,155,155,0,0,0,12,142,12,33,0,154,154,154,1179,0.0,24.0,
9911,CURRENT_RUN_REAL_DATA,True,115,115,0,0,0,7,107,3,12,3,114,114,114,1185,0.0,65.0,
9912,CURRENT_RUN_REAL_DATA,True,98,98,0,0,0,0,97,0,77,0,97,97,97,1186,9.0,21.0,
9913,CURRENT_RUN_REAL_DATA,True,149,149,0,0,0,7,141,7,20,0,148,148,148,1188,0.0,28.0,
9914,CURRENT_RUN_REAL_DATA,True,127,127,0,0,0,8,118,8,0,1,126,126,126,1185,0.0,56.0,
9915,CURRENT_RUN_REAL_DATA,True,125,125,0,0,0,7,117,7,0,0,124,124,124,1184,0.0,25.0,
9916,CURRENT_RUN_REAL_DATA,True,98,98,0,0,0,0,97,0,87,0,97,97,97,1186,9.0,21.0,
9917,CURRENT_RUN_REAL_DATA,True,99,99,0,0,0,0,98,0,85,0,98,98,98,1187,2.0,30.0,
9918,CURRENT_RUN_REAL_DATA,True,114,114,0,0,0,1,112,1,66,0,113,113,113,1194,0.0,21.0,
9919,CURRENT_RUN_REAL_DATA,True,100,100,0,0,0,0,99,0,0,0,99,99,99,1190,1.0,20.0,
9920,CURRENT_RUN_REAL_DATA,True,100,100,0,0,0,0,99,0,90,0,99,99,99,1195,1.0,22.0,
9921,CURRENT_RUN_REAL_DATA,True,98,98,0,0,0,0,97,0,77,0,97,97,97,1190,9.0,28.0,
9922,CURRENT_RUN_REAL_DATA,True,126,126,0,0,0,6,119,6,31,0,125,125,125,1197,0.0,30.0,
9923,CURRENT_RUN_REAL_DATA,True,100,100,0,0,0,0,99,0,76,0,99,99,99,1186,1.0,22.0,
9924,CURRENT_RUN_REAL_DATA,True,98,98,0,0,0,0,97,0,25,1,97,97,97,1191,1.0,114.0,
9925,CURRENT_RUN_REAL_DATA,True,99,99,0,0,0,0,98,0,88,0,98,98,98,1191,9.0,21.0,
9926,CURRENT_RUN_REAL_DATA,True,103,103,0,0,0,0,102,0,14,0,102,102,102,1191,1.0,30.0,
9927,CURRENT_RUN_REAL_DATA,True,85,85,0,0,0,0,84,0,0,2,84,84,84,1108,3.0,120.0,
9928,CURRENT_RUN_REAL_DATA,True,99,99,0,0,0,0,98,0,78,0,98,98,98,1190,7.0,23.0,
9929,CURRENT_RUN_REAL_DATA,True,106,106,0,0,0,1,104,1,10,1,105,105,105,1191,0.0,31.0,
9930,CURRENT_RUN_REAL_DATA,True,99,99,0,0,0,1,97,0,78,0,98,98,98,1186,0.0,22.0,
9931,CURRENT_RUN_REAL_DATA,True,103,103,0,0,0,0,102,0,0,0,102,102,102,1188,1.0,28.0,
9932,CURRENT_RUN_REAL_DATA,True,111,111,0,0,0,2,108,2,5,0,110,110,110,1188,0.0,30.0,
9933,CURRENT_RUN_REAL_DATA,True,113,113,0,0,0,12,100,11,5,3,112,112,112,1185,0.0,87.0,
9934,CURRENT_RUN_REAL_DATA,True,112,112,0,0,0,4,107,3,28,1,111,111,111,1178,0.0,32.0,
9935,CURRENT_RUN_REAL_DATA,True,98,98,0,0,0,0,97,0,78,0,97,97,97,1186,4.0,21.0,
9936,CURRENT_RUN_REAL_DATA,True,99,99,0,0,0,0,98,0,78,0,98,98,98,1189,6.0,28.0,
9937,CURRENT_RUN_REAL_DATA,True,100,100,0,0,0,0,99,0,89,0,99,99,99,1190,5.0,20.0,
9938,CURRENT_RUN_REAL_DATA,True,97,97,0,0,0,0,96,0,76,0,96,96,96,1183,9.0,30.0,
9939,CURRENT_RUN_REAL_DATA,True,103,103,0,0,0,1,101,1,51,0,102,102,102,1186,0.0,30.0,
9940,CURRENT_RUN_REAL_DATA,True,99,99,0,0,0,3,95,3,15,2,98,98,98,1186,0.0,84.0,
9941,CURRENT_RUN_REAL_DATA,True,126,126,0,0,0,2,123,1,16,0,125,125,125,1187,0.0,25.0,
9942,CURRENT_RUN_REAL_DATA,True,113,113,0,0,0,3,109,3,17,0,112,112,112,1186,0.0,30.0,
9943,CURRENT_RUN_REAL_DATA,True,95,95,0,0,0,4,90,4,20,3,94,94,94,1189,0.0,118.0,
9944,CURRENT_RUN_REAL_DATA,True,100,100,0,0,0,0,99,0,94,0,99,99,99,1189,7.0,20.0,
9945,CURRENT_RUN_REAL_DATA,True,113,113,0,0,0,5,107,5,18,1,112,112,112,1189,0.0,59.0,
9946,CURRENT_RUN_REAL_DATA,True,97,97,0,0,0,0,96,0,87,0,96,96,96,1188,7.0,30.0,
9947,CURRENT_RUN_REAL_DATA,True,100,100,0,0,0,0,99,0,78,0,99,99,99,1195,2.0,21.0,
9948,CURRENT_RUN_REAL_DATA,True,97,97,0,0,0,2,94,1,77,0,96,96,96,1129,0.0,21.0,
9949,CURRENT_RUN_REAL_DATA,True,100,100,0,0,0,0,99,0,79,0,99,99,99,1192,2.0,20.0,
9950,CURRENT_RUN_REAL_DATA,True,98,98,0,0,0,0,97,0,77,0,97,97,97,1191,8.0,29.0,
9951,CURRENT_RUN_REAL_DATA,True,112,112,0,0,0,1,110,1,9,1,111,111,111,1191,0.0,121.0,
9952,CURRENT_RUN_REAL_DATA,True,100,100,0,0,0,0,99,0,89,0,99,99,99,1190,4.0,21.0,
9953,CURRENT_RUN_REAL_DATA,True,110,110,0,0,0,2,107,2,15,0,109,109,109,1184,0.0,23.0,
9954,CURRENT_RUN_REAL_DATA,True,100,100,0,0,0,0,99,0,32,0,99,99,99,1190,1.0,22.0,
9955,CURRENT_RUN_REAL_DATA,True,119,119,0,0,0,2,116,2,27,0,118,118,118,1190,0.0,26.0,
9956,CURRENT_RUN_REAL_DATA,True,98,98,0,0,0,0,97,0,93,0,97,97,97,1189,9.0,29.0,
9957,CURRENT_RUN_REAL_DATA,True,98,98,0,0,0,0,97,0,87,0,97,97,97,1190,7.0,30.0,
9958,CURRENT_RUN_REAL_DATA,True,108,108,0,0,0,0,107,0,29,0,107,107,107,1194,1.0,28.0,
9959,CURRENT_RUN_REAL_DATA,True,97,97,0,0,0,0,96,0,90,0,96,96,96,1189,6.0,30.0,
9960,CURRENT_RUN_REAL_DATA,True,100,100,0,0,0,0,99,0,80,0,99,99,99,1193,3.0,29.0,
9961,CURRENT_RUN_REAL_DATA,True,100,100,0,0,0,0,99,0,0,0,99,99,99,1191,3.0,20.0,
9962,CURRENT_RUN_REAL_DATA,True,101,101,0,0,0,3,97,1,91,1,100,100,100,1195,0.0,40.0,
9963,CURRENT_RUN_REAL_DATA,True,103,103,0,0,0,0,102,0,14,0,102,102,102,1187,1.0,26.0,
9964,CURRENT_RUN_REAL_DATA,True,107,107,0,0,0,0,106,0,43,0,106,106,106,1188,1.0,27.0,
9965,CURRENT_RUN_REAL_DATA,True,99,99,0,0,0,0,98,0,90,0,98,98,98,1183,1.0,21.0,
9966,CURRENT_RUN_REAL_DATA,True,101,101,0,0,0,1,99,1,75,0,100,100,100,1191,0.0,21.0,
9967,CURRENT_RUN_REAL_DATA,True,108,108,0,0,0,2,105,2,7,1,107,107,107,1191,0.0,35.0,
9968,CURRENT_RUN_REAL_DATA,True,96,96,0,0,0,0,95,0,12,0,95,95,95,1194,3.0,23.0,
9969,CURRENT_RUN_REAL_DATA,True,102,102,0,0,0,0,101,0,0,1,101,101,101,1190,1.0,40.0,
9970,CURRENT_RUN_REAL_DATA,True,99,99,0,0,0,0,98,0,79,0,98,98,98,1187,1.0,21.0,
9971,CURRENT_RUN_REAL_DATA,True,101,101,0,0,0,0,100,0,15,1,100,100,100,1186,1.0,31.0,
9972,CURRENT_RUN_REAL_DATA,True,131,131,0,0,0,15,115,15,1,1,130,130,130,1191,0.0,100.0,
9973,CURRENT_RUN_REAL_DATA,True,103,103,0,0,0,1,101,1,39,1,102,102,102,1191,0.0,61.0,
9974,CURRENT_RUN_REAL_DATA,True,131,131,0,0,0,65,65,56,16,2,130,130,130,1189,0.0,526.0,
9975,CURRENT_RUN_REAL_DATA,True,116,116,0,0,0,1,114,1,10,0,115,115,115,1187,0.0,23.0,
9976,CURRENT_RUN_REAL_DATA,True,100,100,0,0,0,0,99,0,89,0,99,99,99,1191,5.0,22.0,
9977,CURRENT_RUN_REAL_DATA,True,103,103,0,0,0,0,102,0,30,0,102,102,102,1191,1.0,21.0,
9978,CURRENT_RUN_REAL_DATA,True,97,97,0,0,0,0,96,0,86,0,96,96,96,1189,9.0,30.0,
9979,CURRENT_RUN_REAL_DATA,True,114,114,0,0,0,5,108,5,26,1,113,113,113,1188,0.0,120.0,
9980,CURRENT_RUN_REAL_DATA,True,102,102,0,0,0,7,94,7,14,2,101,101,101,1187,0.0,140.0,
9981,CURRENT_RUN_REAL_DATA,True,101,101,0,0,0,1,99,1,46,1,100,100,100,1196,0.0,31.0,
9982,CURRENT_RUN_REAL_DATA,True,100,100,0,0,0,0,99,0,24,0,99,99,99,1191,6.0,21.0,
9983,CURRENT_RUN_REAL_DATA,True,99,99,0,0,0,0,98,0,89,0,98,98,98,1179,5.0,20.0,
9984,CURRENT_RUN_REAL_DATA,True,100,100,0,0,0,0,99,0,74,0,99,99,99,1186,1.0,22.0,
9985,CURRENT_RUN_REAL_DATA,True,100,100,0,0,0,0,99,0,2,0,99,99,99,1191,1.0,21.0,
9986,CURRENT_RUN_REAL_DATA,True,97,97,0,0,0,3,93,2,31,2,96,96,96,1189,0.0,75.0,
9987,CURRENT_RUN_REAL_DATA,True,100,100,0,0,0,0,99,0,91,0,99,99,99,1191,2.0,20.0,
9988,CURRENT_RUN_REAL_DATA,True,108,108,0,0,0,2,105,2,8,0,107,107,107,1187,0.0,29.0,
9989,CURRENT_RUN_REAL_DATA,True,103,103,0,0,0,7,95,7,0,1,102,102,102,1186,0.0,83.0,
9990,CURRENT_RUN_REAL_DATA,True,107,107,0,0,0,0,106,0,5,0,106,106,106,1186,2.0,27.0,
9991,CURRENT_RUN_REAL_DATA,True,120,120,0,0,0,7,112,7,0,1,119,119,119,1186,0.0,52.0,
9992,CURRENT_RUN_REAL_DATA,True,99,99,0,0,0,3,95,3,0,2,98,98,98,1191,0.0,165.0,
9993,CURRENT_RUN_REAL_DATA,True,100,100,0,0,0,0,99,0,90,0,99,99,99,1190,4.0,21.0,
9994,CURRENT_RUN_REAL_DATA,True,111,111,0,0,0,0,110,0,0,0,110,110,110,1189,1.0,30.0,
9995,CURRENT_RUN_REAL_DATA,True,103,103,0,0,0,0,102,0,1,0,102,102,102,1188,1.0,22.0,
9996,CURRENT_RUN_REAL_DATA,True,110,110,0,0,0,0,109,0,19,0,109,109,109,1191,1.0,30.0,
9997,CURRENT_RUN_REAL_DATA,True,110,110,0,0,0,1,108,1,29,0,109,109,109,1193,0.0,27.0,
9998,CURRENT_RUN_REAL_DATA,True,99,99,0,0,0,0,98,0,77,0,98,98,98,1190,6.0,30.0,
9999,CURRENT_RUN_REAL_DATA,True,105,105,0,0,0,1,103,1,57,0,104,104,104,1196,0.0,30.0,
10000,CURRENT_RUN_REAL_DATA,True,124,124,0,0,0,7,116,7,61,0,123,123,123,1193,0.0,29.0,
10001,CURRENT_RUN_REAL_DATA,True,98,98,0,0,0,0,97,0,87,0,97,97,97,1195,9.0,21.0,
10002,CURRENT_RUN_REAL_DATA,True,97,97,0,0,0,0,96,0,1,0,96,96,96,1186,6.0,30.0,
10003,CURRENT_RUN_REAL_DATA,True,117,117,0,0,0,0,116,0,0,0,116,116,116,1186,1.0,22.0,
10004,CURRENT_RUN_REAL_DATA,True,99,99,0,0,0,0,98,0,97,0,98,98,98,1190,7.0,30.0,
10005,CURRENT_RUN_REAL_DATA,True,107,107,0,0,0,0,106,0,0,1,106,106,106,1191,2.0,32.0,
10006,CURRENT_RUN_REAL_DATA,True,100,100,0,0,0,0,99,0,95,0,99,99,99,1190,4.0,21.0,
10007,CURRENT_RUN_REAL_DATA,True,114,114,0,0,0,1,112,1,1,0,113,113,113,1195,0.0,25.0,
10008,CURRENT_RUN_REAL_DATA,True,110,110,0,0,0,1,108,1,43,1,109,109,109,1186,0.0,33.0,
10009,CURRENT_RUN_REAL_DATA,True,104,104,0,0,0,1,102,1,30,0,103,103,103,1198,0.0,30.0,
10010,CURRENT_RUN_REAL_DATA,True,100,100,0,0,0,0,99,0,58,0,99,99,99,1190,7.0,21.0,
10011,CURRENT_RUN_REAL_DATA,True,115,115,0,0,0,3,111,3,48,0,114,114,114,1192,0.0,21.0,
10012,CURRENT_RUN_REAL_DATA,True,97,97,0,0,0,0,96,0,3,0,96,96,96,1187,5.0,30.0,
10013,CURRENT_RUN_REAL_DATA,True,115,115,0,0,0,3,111,3,11,2,114,114,114,1189,0.0,100.0,
10014,CURRENT_RUN_REAL_DATA,True,99,99,0,0,0,0,98,0,78,0,98,98,98,1195,8.0,21.0,
10015,CURRENT_RUN_REAL_DATA,True,109,109,0,0,0,0,108,0,17,0,108,108,108,1186,1.0,24.0,
10016,CURRENT_RUN_REAL_DATA,True,105,105,0,0,0,1,103,1,39,1,104,104,104,1192,0.0,90.0,
10017,CURRENT_RUN_REAL_DATA,True,99,99,0,0,0,0,98,0,1,0,98,98,98,1190,3.0,30.0,
10018,CURRENT_RUN_REAL_DATA,True,98,98,0,0,0,0,97,0,78,0,97,97,97,1186,10.0,21.0,
10019,CURRENT_RUN_REAL_DATA,True,100,100,0,0,0,0,99,0,99,0,99,99,99,1195,2.0,21.0,
10020,CURRENT_RUN_REAL_DATA,True,99,99,0,0,0,0,98,0,88,0,98,98,98,1180,5.0,30.0,
10021,CURRENT_RUN_REAL_DATA,True,101,101,0,0,0,1,99,0,55,1,100,100,100,1186,0.0,40.0,
10022,CURRENT_RUN_REAL_DATA,True,97,97,0,0,0,3,93,1,37,2,96,96,96,1185,0.0,140.0,
10023,CURRENT_RUN_REAL_DATA,True,109,109,0,0,0,0,108,0,32,1,108,108,108,1188,1.0,33.0,
10024,CURRENT_RUN_REAL_DATA,True,100,100,0,0,0,0,99,0,1,0,99,99,99,1189,1.0,22.0,
10025,CURRENT_RUN_REAL_DATA,True,98,98,0,0,0,1,96,1,54,1,97,97,97,1188,0.0,67.0,
10026,CURRENT_RUN_REAL_DATA,True,104,104,0,0,0,3,100,3,62,0,103,103,103,1193,0.0,27.0,
10027,CURRENT_RUN_REAL_DATA,True,100,100,0,0,0,0,99,0,5,0,99,99,99,1191,4.0,26.0,
10028,CURRENT_RUN_REAL_DATA,True,114,114,0,0,0,1,112,1,7,0,113,113,113,1128,0.0,24.0,
10029,CURRENT_RUN_REAL_DATA,True,100,100,0,0,0,0,99,0,66,0,99,99,99,1194,1.0,20.0,
10030,CURRENT_RUN_REAL_DATA,True,99,99,0,0,0,0,98,0,87,0,98,98,98,1188,2.0,21.0,
10031,CURRENT_RUN_REAL_DATA,True,118,118,0,0,0,1,116,1,0,0,117,117,117,1190,0.0,27.0,
10032,CURRENT_RUN_REAL_DATA,True,100,100,0,0,0,0,99,0,89,0,99,99,99,1191,1.0,22.0,
10033,CURRENT_RUN_REAL_DATA,True,99,99,0,0,0,0,98,0,78,0,98,98,98,1195,9.0,21.0,
10034,CURRENT_RUN_REAL_DATA,True,97,97,0,0,0,0,96,0,87,0,96,96,96,1186,8.0,29.0,
10035,CURRENT_RUN_REAL_DATA,True,100,100,0,0,0,0,99,0,89,0,99,99,99,1190,4.0,21.0,
10036,CURRENT_RUN_REAL_DATA,True,97,97,0,0,0,0,96,0,76,0,96,96,96,1189,5.0,30.0,
10037,CURRENT_RUN_REAL_DATA,True,100,100,0,0,0,0,99,0,89,0,99,99,99,1192,1.0,21.0,
10038,CURRENT_RUN_REAL_DATA,True,100,100,0,0,0,0,99,0,79,0,99,99,99,1191,6.0,21.0,
10039,CURRENT_RUN_REAL_DATA,True,127,127,0,0,0,5,121,5,10,0,126,126,126,1180,0.0,23.0,
10040,CURRENT_RUN_REAL_DATA,True,111,111,0,0,0,1,109,1,0,0,110,110,110,1185,0.0,25.0,
10041,CURRENT_RUN_REAL_DATA,True,99,99,0,0,0,0,98,0,88,0,98,98,98,1186,1.0,21.0,
10042,CURRENT_RUN_REAL_DATA,True,111,111,0,0,0,4,106,3,13,2,110,110,110,1195,0.0,99.0,
10043,CURRENT_RUN_REAL_DATA,True,100,100,0,0,0,0,99,0,29,0,99,99,99,1191,4.0,21.0,
10044,CURRENT_RUN_REAL_DATA,True,124,124,0,0,0,6,117,6,33,1,123,123,123,1195,0.0,110.0,
10045,CURRENT_RUN_REAL_DATA,True,100,100,0,0,0,0,99,0,44,0,99,99,99,1191,4.0,24.0,
10046,CURRENT_RUN_REAL_DATA,True,92,92,0,0,0,0,91,0,81,1,91,91,91,1187,9.0,95.0,
10047,CURRENT_RUN_REAL_DATA,True,114,114,0,0,0,0,113,0,11,0,113,113,113,1191,1.0,26.0,
10048,CURRENT_RUN_REAL_DATA,True,108,108,0,0,0,0,107,0,46,0,107,107,107,1191,1.0,26.0,
10049,CURRENT_RUN_REAL_DATA,True,98,98,0,0,0,0,97,0,87,0,97,97,97,1189,9.0,29.0,
10050,CURRENT_RUN_REAL_DATA,True,100,100,0,0,0,0,99,0,45,0,99,99,99,1191,2.0,21.0,
10051,CURRENT_RUN_REAL_DATA,True,111,111,0,0,0,2,108,2,28,1,110,110,110,1186,0.0,33.0,
10052,CURRENT_RUN_REAL_DATA,True,120,120,0,0,0,3,116,3,37,0,119,119,119,1191,0.0,22.0,
10053,CURRENT_RUN_REAL_DATA,True,106,106,0,0,0,1,104,1,48,0,105,105,105,1194,0.0,28.0,
10054,CURRENT_RUN_REAL_DATA,True,122,122,0,0,0,5,116,5,44,0,121,121,121,1191,0.0,25.0,
10055,CURRENT_RUN_REAL_DATA,True,100,100,0,0,0,1,98,1,37,2,99,99,99,1178,0.0,39.0,
10056,CURRENT_RUN_REAL_DATA,True,99,99,0,0,0,0,98,0,78,0,98,98,98,1189,7.0,22.0,
10057,CURRENT_RUN_REAL_DATA,True,100,100,0,0,0,0,99,0,89,0,99,99,99,1190,6.0,20.0,
10058,CURRENT_RUN_REAL_DATA,True,101,101,0,0,0,0,100,0,77,0,100,100,100,1186,1.0,30.0,
10059,CURRENT_RUN_REAL_DATA,True,104,104,0,0,0,0,103,0,36,0,103,103,103,1190,1.0,21.0,
10060,CURRENT_RUN_REAL_DATA,True,98,98,0,0,0,0,97,0,88,0,97,97,97,1189,6.0,30.0,
10061,CURRENT_RUN_REAL_DATA,True,99,99,0,0,0,0,98,0,86,0,98,98,98,1195,5.0,20.0,
10062,CURRENT_RUN_REAL_DATA,True,107,107,0,0,0,0,106,0,46,0,106,106,106,1191,2.0,28.0,
10063,CURRENT_RUN_REAL_DATA,True,100,100,0,0,0,0,99,0,89,0,99,99,99,1191,3.0,21.0,
10064,CURRENT_RUN_REAL_DATA,True,133,133,0,0,0,4,128,4,26,0,132,132,132,1191,0.0,25.0,
10065,CURRENT_RUN_REAL_DATA,True,100,100,0,0,0,1,98,0,78,0,99,99,99,1188,0.0,23.0,
10066,CURRENT_RUN_REAL_DATA,True,99,99,0,0,0,0,98,0,78,0,98,98,98,1195,10.0,20.0,
10067,CURRENT_RUN_REAL_DATA,True,112,112,0,0,0,5,106,4,11,2,111,111,111,1195,0.0,51.0,
10068,CURRENT_RUN_REAL_DATA,True,106,106,0,0,0,0,105,0,13,1,105,105,105,1189,1.0,34.0,
10069,CURRENT_RUN_REAL_DATA,True,95,95,0,0,0,3,91,1,72,2,94,94,94,1194,0.0,95.0,
10070,CURRENT_RUN_REAL_DATA,True,100,100,0,0,0,0,99,0,89,0,99,99,99,1195,1.0,21.0,
10071,CURRENT_RUN_REAL_DATA,True,105,105,0,0,0,1,103,1,13,0,104,104,104,1191,0.0,22.0,
10072,CURRENT_RUN_REAL_DATA,True,104,104,0,0,0,1,102,1,3,1,103,103,103,1180,0.0,36.0,
10073,CURRENT_RUN_REAL_DATA,True,97,97,0,0,0,0,96,0,25,1,96,96,96,1195,1.0,91.0,
10074,CURRENT_RUN_REAL_DATA,True,99,99,0,0,0,0,98,0,70,0,98,98,98,1188,2.0,26.0,
10075,CURRENT_RUN_REAL_DATA,True,98,98,0,0,0,0,97,0,0,1,97,97,97,1195,7.0,31.0,
10076,CURRENT_RUN_REAL_DATA,True,107,107,0,0,0,3,103,3,30,0,106,106,106,1190,0.0,29.0,
10077,CURRENT_RUN_REAL_DATA,True,99,99,0,0,0,0,98,0,89,0,98,98,98,1191,5.0,30.0,
10078,CURRENT_RUN_REAL_DATA,True,99,99,0,0,0,0,98,0,50,0,98,98,98,1190,9.0,21.0,
10079,CURRENT_RUN_REAL_DATA,True,100,100,0,0,0,1,98,1,14,2,99,99,99,1186,0.0,40.0,
10080,CURRENT_RUN_REAL_DATA,True,98,98,0,0,0,0,97,0,87,0,97,97,97,1190,9.0,30.0,
10081,CURRENT_RUN_REAL_DATA,True,100,100,0,0,0,0,99,0,1,0,99,99,99,1189,1.0,22.0,
10082,CURRENT_RUN_REAL_DATA,True,99,99,0,0,0,0,98,0,79,0,98,98,98,1188,7.0,28.0,
10083,CURRENT_RUN_REAL_DATA,True,98,98,0,0,0,0,97,0,77,0,97,97,97,1185,9.0,21.0,
10084,CURRENT_RUN_REAL_DATA,True,99,99,0,0,0,0,98,0,88,0,98,98,98,1195,9.0,21.0,
10085,CURRENT_RUN_REAL_DATA,True,100,100,0,0,0,0,99,0,80,0,99,99,99,1187,6.0,20.0,
10086,CURRENT_RUN_REAL_DATA,True,93,93,0,0,0,45,47,18,66,1,92,92,92,988,0.0,461.0,
10087,CURRENT_RUN_REAL_DATA,True,100,100,0,0,0,0,99,0,79,0,99,99,99,1191,3.0,21.0,
10088,CURRENT_RUN_REAL_DATA,True,98,98,0,0,0,0,97,0,87,0,97,97,97,1188,9.0,28.0,
10089,CURRENT_RUN_REAL_DATA,True,99,99,0,0,0,0,98,0,0,0,98,98,98,1190,8.0,21.0,
10090,CURRENT_RUN_REAL_DATA,True,115,115,0,0,0,3,111,3,13,0,114,114,114,1190,0.0,21.0,
10091,CURRENT_RUN_REAL_DATA,True,105,105,0,0,0,0,104,0,13,1,104,104,104,1187,1.0,33.0,
10092,CURRENT_RUN_REAL_DATA,True,100,100,0,0,0,0,99,0,3,0,99,99,99,1187,2.0,22.0,
10093,CURRENT_RUN_REAL_DATA,True,97,97,0,0,0,0,96,0,86,0,96,96,96,1186,9.0,30.0,
10094,CURRENT_RUN_REAL_DATA,True,118,118,0,0,0,3,114,3,31,0,117,117,117,1191,0.0,28.0,
10095,CURRENT_RUN_REAL_DATA,True,106,106,0,0,0,1,104,1,39,0,105,105,105,1195,0.0,30.0,
10096,CURRENT_RUN_REAL_DATA,True,99,99,0,0,0,0,98,0,78,0,98,98,98,1195,10.0,20.0,
10097,CURRENT_RUN_REAL_DATA,True,110,110,0,0,0,0,109,0,10,0,109,109,109,1198,1.0,24.0,
10098,CURRENT_RUN_REAL_DATA,True,125,125,0,0,0,2,122,1,16,0,124,124,124,1190,0.0,27.0,
10099,CURRENT_RUN_REAL_DATA,True,91,91,0,0,0,0,90,0,38,1,90,90,90,1198,1.0,120.0,
10100,CURRENT_RUN_REAL_DATA,True,99,99,0,0,0,0,98,0,76,0,98,98,98,1191,5.0,30.0,
10101,CURRENT_RUN_REAL_DATA,True,130,130,0,0,0,16,113,13,14,2,129,129,129,1195,0.0,94.0,
10102,CURRENT_RUN_REAL_DATA,True,95,95,0,0,0,0,94,0,87,0,94,94,94,1190,7.0,30.0,
10103,CURRENT_RUN_REAL_DATA,True,142,142,0,0,0,3,138,3,30,1,141,141,141,1196,0.0,33.0,
10104,CURRENT_RUN_REAL_DATA,True,104,104,0,0,0,0,103,0,24,1,103,103,103,1189,1.0,31.0,
10105,CURRENT_RUN_REAL_DATA,True,105,105,0,0,0,2,102,1,21,0,104,104,104,1190,0.0,24.0,
10106,CURRENT_RUN_REAL_DATA,True,109,109,0,0,0,2,106,2,6,1,108,108,108,1106,0.0,31.0,
10107,CURRENT_RUN_REAL_DATA,True,119,119,0,0,0,1,117,1,22,0,118,118,118,1183,0.0,23.0,
10108,CURRENT_RUN_REAL_DATA,True,130,130,0,0,0,3,126,2,19,1,129,129,129,1193,0.0,31.0,
10109,CURRENT_RUN_REAL_DATA,True,100,100,0,0,0,0,99,0,78,0,99,99,99,1193,2.0,20.0,
10110,CURRENT_RUN_REAL_DATA,True,134,134,0,0,0,5,128,4,26,0,133,133,133,1186,0.0,22.0,
10111,CURRENT_RUN_REAL_DATA,True,100,100,0,0,0,0,99,0,81,0,99,99,99,1191,5.0,21.0,
10112,CURRENT_RUN_REAL_DATA,True,100,100,0,0,0,0,99,0,79,0,99,99,99,1194,1.0,21.0,
10113,CURRENT_RUN_REAL_DATA,True,108,108,0,0,0,2,105,1,25,0,107,107,107,1192,0.0,29.0,
10114,CURRENT_RUN_REAL_DATA,True,100,100,0,0,0,0,99,0,79,0,99,99,99,1191,1.0,21.0,
10115,CURRENT_RUN_REAL_DATA,True,108,108,0,0,0,6,101,5,32,3,107,107,107,1188,0.0,33.0,
10116,CURRENT_RUN_REAL_DATA,True,103,103,0,0,0,28,74,27,12,6,102,102,102,1070,0.0,91.0,
10117,CURRENT_RUN_REAL_DATA,True,103,103,0,0,0,1,101,0,42,0,102,102,102,1190,0.0,30.0,
10118,CURRENT_RUN_REAL_DATA,True,100,100,0,0,0,1,98,0,89,0,99,99,99,1190,0.0,21.0,
10119,CURRENT_RUN_REAL_DATA,True,105,105,0,0,0,2,102,2,63,0,104,104,104,1190,0.0,29.0,
10120,CURRENT_RUN_REAL_DATA,True,109,109,0,0,0,2,106,0,30,0,108,108,108,1176,0.0,30.0,
10121,CURRENT_RUN_REAL_DATA,True,87,87,0,0,0,1,85,1,13,1,86,86,86,1186,0.0,280.0,
10122,CURRENT_RUN_REAL_DATA,True,125,125,0,0,0,2,122,2,25,0,124,124,124,1187,0.0,23.0,
10123,CURRENT_RUN_REAL_DATA,True,111,111,0,0,0,3,107,2,58,0,110,110,110,1190,0.0,20.0,
10124,CURRENT_RUN_REAL_DATA,True,99,99,0,0,0,0,98,0,78,0,98,98,98,1186,1.0,21.0,
10125,CURRENT_RUN_REAL_DATA,True,102,102,0,0,0,0,101,0,19,0,101,101,101,1190,1.0,27.0,
10126,CURRENT_RUN_REAL_DATA,True,98,98,0,0,0,0,97,0,78,0,97,97,97,1186,9.0,21.0,
10127,CURRENT_RUN_REAL_DATA,True,100,100,0,0,0,1,98,0,93,0,99,99,99,1189,0.0,23.0,
10128,CURRENT_RUN_REAL_DATA,True,98,98,0,0,0,0,97,0,77,1,97,97,97,1191,9.0,31.0,
10129,CURRENT_RUN_REAL_DATA,True,114,114,0,0,0,11,102,4,39,2,113,113,113,1186,0.0,83.0,
10130,CURRENT_RUN_REAL_DATA,True,86,86,0,0,0,0,85,0,83,0,85,85,85,1020,4.0,20.0,
10131,CURRENT_RUN_REAL_DATA,True,97,97,0,0,0,5,91,5,18,1,96,96,96,1192,0.0,197.0,
10132,CURRENT_RUN_REAL_DATA,True,108,108,0,0,0,5,102,5,1,2,107,107,107,1186,0.0,60.0,
10133,CURRENT_RUN_REAL_DATA,True,100,100,0,0,0,0,99,0,97,0,99,99,99,1193,2.0,21.0,
10134,CURRENT_RUN_REAL_DATA,True,106,106,0,0,0,0,105,0,0,0,105,105,105,1191,2.0,30.0,
10135,CURRENT_RUN_REAL_DATA,True,97,97,0,0,0,0,96,0,77,0,96,96,96,1186,7.0,30.0,
10136,CURRENT_RUN_REAL_DATA,True,100,100,0,0,0,0,99,0,2,0,99,99,99,1189,7.0,21.0,
10137,CURRENT_RUN_REAL_DATA,True,99,99,0,0,0,0,98,0,78,0,98,98,98,1186,1.0,21.0,
10138,CURRENT_RUN_REAL_DATA,True,100,100,0,0,0,0,99,0,24,0,99,99,99,1190,3.0,21.0,
10139,CURRENT_RUN_REAL_DATA,True,108,108,0,0,0,1,106,1,20,0,107,107,107,1193,0.0,24.0,
10140,CURRENT_RUN_REAL_DATA,True,100,100,0,0,0,0,99,0,81,0,99,99,99,1191,3.0,21.0,
10141,CURRENT_RUN_REAL_DATA,True,97,97,0,0,0,0,96,0,93,0,96,96,96,1166,8.0,22.0,
10142,CURRENT_RUN_REAL_DATA,True,105,105,0,0,0,1,103,1,13,1,104,104,104,1190,0.0,40.0,
10143,CURRENT_RUN_REAL_DATA,True,128,128,0,0,0,6,121,6,12,0,127,127,127,1190,0.0,27.0,
10144,CURRENT_RUN_REAL_DATA,True,103,103,0,0,0,2,100,2,35,0,102,102,102,1186,0.0,27.0,
10145,CURRENT_RUN_REAL_DATA,True,143,143,0,0,0,61,81,48,27,2,142,142,142,1191,0.0,495.0,
10146,CURRENT_RUN_REAL_DATA,True,100,100,0,0,0,0,99,0,79,1,99,99,99,1188,6.0,31.0,
10147,CURRENT_RUN_REAL_DATA,True,100,100,0,0,0,0,99,0,6,0,99,99,99,1194,1.0,20.0,
10148,CURRENT_RUN_REAL_DATA,True,99,99,0,0,0,0,98,0,88,0,98,98,98,1188,7.0,28.0,
10149,CURRENT_RUN_REAL_DATA,True,113,113,0,0,0,13,99,11,20,1,112,112,112,1192,0.0,118.0,
10150,CURRENT_RUN_REAL_DATA,True,105,105,0,0,0,7,97,6,22,0,104,104,104,1168,0.0,30.0,
10151,CURRENT_RUN_REAL_DATA,True,100,100,0,0,0,0,99,0,80,0,99,99,99,1191,2.0,21.0,
10152,CURRENT_RUN_REAL_DATA,True,100,100,0,0,0,1,98,0,89,0,99,99,99,1191,0.0,21.0,
10153,CURRENT_RUN_REAL_DATA,True,99,99,0,0,0,0,98,0,78,0,98,98,98,1190,6.0,21.0,
10154,CURRENT_RUN_REAL_DATA,True,100,100,0,0,0,0,99,0,90,0,99,99,99,1190,5.0,21.0,
10155,CURRENT_RUN_REAL_DATA,True,105,105,0,0,0,4,100,2,24,1,104,104,104,1193,0.0,35.0,
10156,CURRENT_RUN_REAL_DATA,True,99,99,0,0,0,0,98,0,89,0,98,98,98,1195,9.0,20.0,
10157,CURRENT_RUN_REAL_DATA,True,99,99,0,0,0,0,98,0,78,1,98,98,98,1190,2.0,31.0,
10158,CURRENT_RUN_REAL_DATA,True,100,100,0,0,0,8,91,6,13,4,99,99,99,1191,0.0,59.0,
10159,CURRENT_RUN_REAL_DATA,True,110,110,0,0,0,0,109,0,18,0,109,109,109,1190,1.0,21.0,
10160,CURRENT_RUN_REAL_DATA,True,100,100,0,0,0,0,99,0,79,0,99,99,99,1193,1.0,21.0,
10161,CURRENT_RUN_REAL_DATA,True,100,100,0,0,0,0,99,0,89,0,99,99,99,1189,7.0,21.0,
10162,CURRENT_RUN_REAL_DATA,True,118,118,0,0,0,9,108,6,21,2,117,117,117,1186,0.0,54.0,
10163,CURRENT_RUN_REAL_DATA,True,101,101,0,0,0,2,98,0,72,1,100,100,100,1193,0.0,75.0,
10164,CURRENT_RUN_REAL_DATA,True,100,100,0,0,0,0,99,0,79,0,99,99,99,1190,6.0,20.0,
10165,CURRENT_RUN_REAL_DATA,True,77,77,0,0,0,1,75,1,6,2,76,76,76,1051,0.0,128.0,
10166,CURRENT_RUN_REAL_DATA,True,100,100,0,0,0,0,99,0,75,0,99,99,99,1190,2.0,30.0,
10167,CURRENT_RUN_REAL_DATA,True,92,92,0,0,0,1,90,1,0,1,91,91,91,1191,0.0,134.0,
10168,CURRENT_RUN_REAL_DATA,True,94,94,0,0,0,0,93,0,57,0,93,93,93,1103,3.0,30.0,
10169,CURRENT_RUN_REAL_DATA,True,104,104,0,0,0,0,103,0,71,0,103,103,103,1189,3.0,22.0,
10170,CURRENT_RUN_REAL_DATA,True,99,99,0,0,0,0,98,0,81,0,98,98,98,1191,9.0,20.0,
10171,CURRENT_RUN_REAL_DATA,True,101,101,0,0,0,1,99,1,0,0,100,100,100,1187,0.0,29.0,
10172,CURRENT_RUN_REAL_DATA,True,97,97,0,0,0,0,96,0,77,0,96,96,96,1186,9.0,30.0,
10173,CURRENT_RUN_REAL_DATA,True,113,113,0,0,0,7,105,7,19,1,112,112,112,1167,0.0,51.0,
10174,CURRENT_RUN_REAL_DATA,True,104,104,0,0,0,5,98,5,11,1,103,103,103,1190,0.0,68.0,
10175,CURRENT_RUN_REAL_DATA,True,109,109,0,0,0,21,87,21,17,2,108,108,108,1192,0.0,202.0,
10176,CURRENT_RUN_REAL_DATA,True,97,97,0,0,0,3,93,3,1,2,96,96,96,1188,0.0,129.0,
10177,CURRENT_RUN_REAL_DATA,True,99,99,0,0,0,0,98,0,20,0,98,98,98,1172,3.0,30.0,
10178,CURRENT_RUN_REAL_DATA,True,198,198,0,0,0,105,92,27,151,0,197,197,197,1019,0.0,21.0,
10179,CURRENT_RUN_REAL_DATA,True,115,115,0,0,0,10,104,10,35,2,114,114,114,1190,0.0,82.0,
10180,CURRENT_RUN_REAL_DATA,True,103,103,0,0,0,5,97,5,12,2,102,102,102,1195,0.0,44.0,
10181,CURRENT_RUN_REAL_DATA,True,107,107,0,0,0,2,104,2,23,0,106,106,106,1193,0.0,30.0,
10182,CURRENT_RUN_REAL_DATA,True,100,100,0,0,0,0,99,0,79,0,99,99,99,1190,4.0,20.0,
10183,CURRENT_RUN_REAL_DATA,True,99,99,0,0,0,0,98,0,90,0,98,98,98,1188,6.0,28.0,
10184,CURRENT_RUN_REAL_DATA,True,99,99,0,0,0,0,98,0,88,0,98,98,98,1191,9.0,21.0,
10185,CURRENT_RUN_REAL_DATA,True,106,106,0,0,0,1,104,1,67,0,105,105,105,1196,0.0,21.0,
10186,CURRENT_RUN_REAL_DATA,True,103,103,0,0,0,0,102,0,44,0,102,102,102,1186,1.0,28.0,
10187,CURRENT_RUN_REAL_DATA,True,100,100,0,0,0,0,99,0,89,0,99,99,99,1190,6.0,21.0,
10188,CURRENT_RUN_REAL_DATA,True,98,98,0,0,0,0,97,0,88,0,97,97,97,1186,9.0,21.0,
10189,CURRENT_RUN_REAL_DATA,True,100,100,0,0,0,0,99,0,89,0,99,99,99,1192,3.0,22.0,
10190,CURRENT_RUN_REAL_DATA,True,100,100,0,0,0,0,99,0,89,0,99,99,99,1190,1.0,22.0,
10191,CURRENT_RUN_REAL_DATA,True,100,100,0,0,0,0,99,0,91,0,99,99,99,1191,5.0,21.0,
10192,CURRENT_RUN_REAL_DATA,True,100,100,0,0,0,0,99,0,79,0,99,99,99,1192,3.0,20.0,
10193,CURRENT_RUN_REAL_DATA,True,109,109,0,0,0,4,104,4,16,1,108,108,108,1189,0.0,63.0,
10194,CURRENT_RUN_REAL_DATA,True,100,100,0,0,0,0,99,0,92,0,99,99,99,1191,3.0,21.0,
10195,CURRENT_RUN_REAL_DATA,True,101,101,0,0,0,36,64,35,4,11,100,100,100,1070,0.0,156.0,
10196,CURRENT_RUN_REAL_DATA,True,98,98,0,0,0,0,97,0,87,0,97,97,97,1186,8.0,21.0,
10197,CURRENT_RUN_REAL_DATA,True,104,104,0,0,0,2,101,2,6,1,103,103,103,1196,0.0,52.0,
10198,CURRENT_RUN_REAL_DATA,True,99,99,0,0,0,0,98,0,80,0,98,98,98,1188,6.0,28.0,
10199,CURRENT_RUN_REAL_DATA,True,99,99,0,0,0,0,98,0,94,0,98,98,98,1188,6.0,28.0,
10200,CURRENT_RUN_REAL_DATA,True,108,108,0,0,0,2,105,2,29,0,107,107,107,1191,0.0,25.0,
10201,CURRENT_RUN_REAL_DATA,True,100,100,0,0,0,0,99,0,96,0,99,99,99,1191,3.0,21.0,
10202,CURRENT_RUN_REAL_DATA,True,102,102,0,0,0,0,101,0,46,0,101,101,101,1190,1.0,30.0,
10203,CURRENT_RUN_REAL_DATA,True,98,98,0,0,0,0,97,0,94,0,97,97,97,1189,6.0,28.0,
10204,CURRENT_RUN_REAL_DATA,True,97,97,0,0,0,0,96,0,76,0,96,96,96,1189,9.0,30.0,
10205,CURRENT_RUN_REAL_DATA,True,99,99,0,0,0,0,98,0,93,0,98,98,98,1190,7.0,20.0,
10206,CURRENT_RUN_REAL_DATA,True,121,121,0,0,0,6,114,6,25,0,120,120,120,1195,0.0,30.0,
10207,CURRENT_RUN_REAL_DATA,True,100,100,0,0,0,0,99,0,79,0,99,99,99,1190,1.0,20.0,
10208,CURRENT_RUN_REAL_DATA,True,115,115,0,0,0,2,112,2,15,0,114,114,114,1196,0.0,28.0,
10209,CURRENT_RUN_REAL_DATA,True,106,106,0,0,0,3,102,3,70,0,105,105,105,1197,0.0,30.0,
10210,CURRENT_RUN_REAL_DATA,True,98,98,0,0,0,0,97,0,48,0,97,97,97,1186,9.0,21.0,
10211,CURRENT_RUN_REAL_DATA,True,99,99,0,0,0,0,98,0,18,0,98,98,98,1179,4.0,21.0,
10212,CURRENT_RUN_REAL_DATA,True,103,103,0,0,0,0,102,0,65,1,102,102,102,1191,1.0,77.0,
10213,CURRENT_RUN_REAL_DATA,True,99,99,0,0,0,0,98,0,88,0,98,98,98,1191,2.0,22.0,
10214,CURRENT_RUN_REAL_DATA,True,98,98,0,0,0,0,97,0,73,0,97,97,97,1186,6.0,27.0,
10215,CURRENT_RUN_REAL_DATA,True,100,100,0,0,0,0,99,0,96,0,99,99,99,1190,5.0,20.0,
10216,CURRENT_RUN_REAL_DATA,True,98,98,0,0,0,0,97,0,92,0,97,97,97,1181,8.0,22.0,
10217,CURRENT_RUN_REAL_DATA,True,101,101,0,0,0,8,92,7,30,1,100,100,100,1194,0.0,99.0,
10218,CURRENT_RUN_REAL_DATA,True,100,100,0,0,0,0,99,0,89,0,99,99,99,1190,6.0,20.0,
10219,CURRENT_RUN_REAL_DATA,True,102,102,0,0,0,0,101,0,19,0,101,101,101,1186,2.0,29.0,
10220,CURRENT_RUN_REAL_DATA,True,108,108,0,0,0,5,102,5,33,0,107,107,107,1195,0.0,30.0,
10221,CURRENT_RUN_REAL_DATA,True,100,100,0,0,0,0,99,0,80,0,99,99,99,1190,6.0,20.0,
10222,CURRENT_RUN_REAL_DATA,True,98,98,0,0,0,0,97,0,77,0,97,97,97,1186,7.0,29.0,
10223,CURRENT_RUN_REAL_DATA,True,102,102,0,0,0,11,90,8,18,5,101,101,101,1172,0.0,76.0,
10224,CURRENT_RUN_REAL_DATA,True,98,98,0,0,0,0,97,0,78,0,97,97,97,1190,9.0,30.0,
10225,CURRENT_RUN_REAL_DATA,True,103,103,0,0,0,0,102,0,31,0,102,102,102,1189,1.0,22.0,
10226,CURRENT_RUN_REAL_DATA,True,103,103,0,0,0,0,102,0,67,0,102,102,102,1194,2.0,21.0,
10227,CURRENT_RUN_REAL_DATA,True,102,102,0,0,0,0,101,0,46,1,101,101,101,1190,2.0,31.0,
10228,CURRENT_RUN_REAL_DATA,True,106,106,0,0,0,22,83,21,16,4,105,105,105,1187,0.0,108.0,
10229,CURRENT_RUN_REAL_DATA,True,100,100,0,0,0,0,99,0,14,0,99,99,99,1194,1.0,20.0,
10230,CURRENT_RUN_REAL_DATA,True,100,100,0,0,0,0,99,0,79,0,99,99,99,1194,1.0,20.0,
10231,CURRENT_RUN_REAL_DATA,True,100,100,0,0,0,1,98,0,90,0,99,99,99,1194,0.0,21.0,
10232,CURRENT_RUN_REAL_DATA,True,98,98,0,0,0,0,97,0,0,0,97,97,97,1191,3.0,30.0,
10233,CURRENT_RUN_REAL_DATA,True,99,99,0,0,0,0,98,0,88,0,98,98,98,1188,7.0,21.0,
10234,CURRENT_RUN_REAL_DATA,True,103,103,0,0,0,2,100,2,58,0,102,102,102,1195,0.0,23.0,
10235,CURRENT_RUN_REAL_DATA,True,98,98,0,0,0,0,97,0,95,0,97,97,97,1195,10.0,30.0,
10236,CURRENT_RUN_REAL_DATA,True,102,102,0,0,0,3,98,3,40,0,101,101,101,1187,0.0,30.0,
10237,CURRENT_RUN_REAL_DATA,True,108,108,0,0,0,0,107,0,20,0,107,107,107,1191,1.0,26.0,
10238,CURRENT_RUN_REAL_DATA,True,113,113,0,0,0,5,107,5,21,1,112,112,112,1194,0.0,81.0,
10239,CURRENT_RUN_REAL_DATA,True,113,113,0,0,0,6,106,6,24,1,112,112,112,1188,0.0,34.0,
10240,CURRENT_RUN_REAL_DATA,True,99,99,0,0,0,0,98,0,79,0,98,98,98,1194,9.0,20.0,
10241,CURRENT_RUN_REAL_DATA,True,104,104,0,0,0,5,98,3,55,1,103,103,103,1191,0.0,127.0,
10242,CURRENT_RUN_REAL_DATA,True,100,100,0,0,0,0,99,0,80,0,99,99,99,1191,3.0,21.0,
10243,CURRENT_RUN_REAL_DATA,True,98,98,0,0,0,0,97,0,77,0,97,97,97,1185,1.0,21.0,
10244,CURRENT_RUN_REAL_DATA,True,102,102,0,0,0,5,96,5,62,2,101,101,101,1177,0.0,43.0,
10245,CURRENT_RUN_REAL_DATA,True,100,100,0,0,0,50,49,44,8,6,99,99,99,1193,0.0,499.0,
10246,CURRENT_RUN_REAL_DATA,True,100,100,0,0,0,0,99,0,90,0,99,99,99,1191,3.0,21.0,
10247,CURRENT_RUN_REAL_DATA,True,99,99,0,0,0,1,97,1,77,0,98,98,98,1187,0.0,23.0,
10248,CURRENT_RUN_REAL_DATA,True,113,113,0,0,0,0,112,0,27,0,112,112,112,1192,1.0,30.0,
10249,CURRENT_RUN_REAL_DATA,True,100,100,0,0,0,0,99,0,96,0,99,99,99,1190,6.0,20.0,
10250,CURRENT_RUN_REAL_DATA,True,115,115,0,0,0,15,99,15,9,1,114,114,114,1191,0.0,118.0,
10251,CURRENT_RUN_REAL_DATA,True,138,138,0,0,0,8,129,8,30,0,137,137,137,1194,0.0,26.0,
10252,CURRENT_RUN_REAL_DATA,True,100,100,0,0,0,0,99,0,74,0,99,99,99,1191,3.0,20.0,
10253,CURRENT_RUN_REAL_DATA,True,98,98,0,0,0,1,96,1,24,1,97,97,97,1189,0.0,140.0,
10254,CURRENT_RUN_REAL_DATA,True,102,102,0,0,0,1,100,1,27,0,101,101,101,1191,0.0,26.0,
10255,CURRENT_RUN_REAL_DATA,True,99,99,0,0,0,0,98,0,88,0,98,98,98,1187,6.0,27.0,
10256,CURRENT_RUN_REAL_DATA,True,102,102,0,0,0,5,96,5,33,1,101,101,101,1198,0.0,130.0,
10257,CURRENT_RUN_REAL_DATA,True,113,113,0,0,0,2,110,2,1,0,112,112,112,1191,0.0,30.0,
10258,CURRENT_RUN_REAL_DATA,True,100,100,0,0,0,0,99,0,3,0,99,99,99,1190,4.0,21.0,
10259,CURRENT_RUN_REAL_DATA,True,99,99,0,0,0,0,98,0,78,0,98,98,98,1187,7.0,30.0,
10260,CURRENT_RUN_REAL_DATA,True,121,121,0,0,0,1,119,0,6,0,120,120,120,1185,0.0,30.0,
10261,CURRENT_RUN_REAL_DATA,True,99,99,0,0,0,0,98,0,92,0,98,98,98,1189,5.0,28.0,
10262,CURRENT_RUN_REAL_DATA,True,99,99,0,0,0,0,98,0,88,0,98,98,98,1186,7.0,21.0,
10263,CURRENT_RUN_REAL_DATA,True,102,102,0,0,0,0,101,0,71,0,101,101,101,1193,2.0,21.0,
10264,CURRENT_RUN_REAL_DATA,True,99,99,0,0,0,0,98,0,89,0,98,98,98,1188,7.0,28.0,
10265,CURRENT_RUN_REAL_DATA,True,107,107,0,0,0,3,103,2,25,0,106,106,106,1189,0.0,24.0,
10266,CURRENT_RUN_REAL_DATA,True,108,108,0,0,0,0,107,0,55,0,107,107,107,1198,1.0,22.0,
10267,CURRENT_RUN_REAL_DATA,True,34,34,0,0,0,0,33,0,0,1,33,33,33,595,1.0,185.0,
10268,CURRENT_RUN_REAL_DATA,True,100,100,0,0,0,0,99,0,96,0,99,99,99,1191,5.0,21.0,
10269,CURRENT_RUN_REAL_DATA,True,98,98,0,0,0,0,97,0,88,0,97,97,97,1190,6.0,22.0,
10270,CURRENT_RUN_REAL_DATA,True,120,120,0,0,0,7,112,6,31,0,119,119,119,1195,0.0,30.0,
10271,CURRENT_RUN_REAL_DATA,True,99,99,0,0,0,0,98,0,78,0,98,98,98,1190,5.0,30.0,
10272,CURRENT_RUN_REAL_DATA,True,100,100,0,0,0,0,99,0,93,0,99,99,99,1192,3.0,21.0,
10273,CURRENT_RUN_REAL_DATA,True,99,99,0,0,0,0,98,0,88,1,98,98,98,1188,5.0,32.0,
10274,CURRENT_RUN_REAL_DATA,True,102,102,0,0,0,3,98,3,1,0,101,101,101,1155,0.0,23.0,
10275,CURRENT_RUN_REAL_DATA,True,100,100,0,0,0,0,99,0,91,0,99,99,99,1190,3.0,20.0,
10276,CURRENT_RUN_REAL_DATA,True,99,99,0,0,0,0,98,0,88,0,98,98,98,1187,6.0,27.0,
10277,CURRENT_RUN_REAL_DATA,True,100,100,0,0,0,0,99,0,80,4,99,99,99,1190,1.0,44.0,
10278,CURRENT_RUN_REAL_DATA,True,99,99,0,0,0,0,98,0,78,0,98,98,98,1195,10.0,20.0,
10279,CURRENT_RUN_REAL_DATA,True,44,44,0,0,0,0,43,0,0,1,43,43,43,870,9.0,330.0,
10280,CURRENT_RUN_REAL_DATA,True,107,107,0,0,0,5,101,5,0,1,106,106,106,1179,0.0,66.0,
10281,CURRENT_RUN_REAL_DATA,True,97,97,0,0,0,0,96,0,96,1,96,96,96,1190,9.0,31.0,
10282,CURRENT_RUN_REAL_DATA,True,100,100,0,0,0,0,99,0,90,0,99,99,99,1191,3.0,20.0,
10283,CURRENT_RUN_REAL_DATA,True,118,118,0,0,0,2,115,2,44,0,117,117,117,1192,0.0,23.0,
10284,CURRENT_RUN_REAL_DATA,True,108,108,0,0,0,1,106,1,37,0,107,107,107,1186,0.0,22.0,
10285,CURRENT_RUN_REAL_DATA,True,114,114,0,0,0,30,83,21,33,3,113,113,113,1129,0.0,146.0,
10286,CURRENT_RUN_REAL_DATA,True,96,96,0,0,0,3,92,3,26,2,95,95,95,1193,0.0,105.0,
10287,CURRENT_RUN_REAL_DATA,True,103,103,0,0,0,0,102,0,33,0,102,102,102,1186,1.0,22.0,
10288,CURRENT_RUN_REAL_DATA,True,100,100,0,0,0,1,98,1,11,1,99,99,99,1191,0.0,31.0,
10289,CURRENT_RUN_REAL_DATA,True,108,108,0,0,0,2,105,2,27,0,107,107,107,1191,0.0,29.0,
10290,CURRENT_RUN_REAL_DATA,True,100,100,0,0,0,0,99,0,82,0,99,99,99,1193,2.0,20.0,
10291,CURRENT_RUN_REAL_DATA,True,99,99,0,0,0,0,98,0,88,0,98,98,98,1189,8.0,22.0,
10292,CURRENT_RUN_REAL_DATA,True,99,99,0,0,0,4,94,3,23,1,98,98,98,1073,0.0,41.0,
10293,CURRENT_RUN_REAL_DATA,True,97,97,0,0,0,0,96,0,87,0,96,96,96,1186,8.0,29.0,
10294,CURRENT_RUN_REAL_DATA,True,104,104,0,0,0,2,101,2,49,1,103,103,103,1191,0.0,34.0,
10295,CURRENT_RUN_REAL_DATA,True,118,118,0,0,0,13,104,12,18,2,117,117,117,1191,0.0,45.0,
10296,CURRENT_RUN_REAL_DATA,True,99,99,0,0,0,0,98,0,44,0,98,98,98,1191,4.0,30.0,
10297,CURRENT_RUN_REAL_DATA,True,116,116,0,0,0,11,104,9,12,2,115,115,115,1192,0.0,70.0,
10298,CURRENT_RUN_REAL_DATA,True,100,100,0,0,0,0,99,0,89,0,99,99,99,1191,4.0,21.0,
10299,CURRENT_RUN_REAL_DATA,True,99,99,0,0,0,0,98,0,90,0,98,98,98,1188,7.0,28.0,
10300,CURRENT_RUN_REAL_DATA,True,98,98,0,0,0,6,91,2,42,2,97,97,97,1192,0.0,141.0,
10301,CURRENT_RUN_REAL_DATA,True,100,100,0,0,0,0,99,0,80,0,99,99,99,1193,2.0,20.0,
10302,CURRENT_RUN_REAL_DATA,True,100,100,0,0,0,0,99,0,89,0,99,99,99,1191,4.0,20.0,
10303,CURRENT_RUN_REAL_DATA,True,99,99,0,0,0,0,98,0,78,0,98,98,98,1187,7.0,21.0,
10304,CURRENT_RUN_REAL_DATA,True,100,100,0,0,0,0,99,0,79,0,99,99,99,1190,4.0,20.0,
10305,CURRENT_RUN_REAL_DATA,True,92,92,0,0,0,3,88,3,11,4,91,91,91,1161,0.0,140.0,
10306,CURRENT_RUN_REAL_DATA,True,100,100,0,0,0,0,99,0,79,0,99,99,99,1191,1.0,24.0,
10307,CURRENT_RUN_REAL_DATA,True,99,99,0,0,0,0,98,0,89,0,98,98,98,1186,1.0,21.0,
10308,CURRENT_RUN_REAL_DATA,True,98,98,0,0,0,0,97,0,90,0,97,97,97,1195,8.0,29.0,
10309,CURRENT_RUN_REAL_DATA,True,100,100,0,0,0,9,90,1,81,4,99,99,99,1191,0.0,58.0,
10310,CURRENT_RUN_REAL_DATA,True,99,99,0,0,0,0,98,0,88,0,98,98,98,1194,10.0,20.0,
10311,CURRENT_RUN_REAL_DATA,True,100,100,0,0,0,0,99,0,79,0,99,99,99,1190,6.0,21.0,
10312,CURRENT_RUN_REAL_DATA,True,99,99,0,0,0,0,98,0,88,0,98,98,98,1190,8.0,21.0,
10313,CURRENT_RUN_REAL_DATA,True,96,96,0,0,0,10,85,10,28,6,95,95,95,1186,0.0,106.0,
10314,CURRENT_RUN_REAL_DATA,True,100,100,0,0,0,0,99,0,79,0,99,99,99,1190,1.0,30.0,
10315,CURRENT_RUN_REAL_DATA,True,99,99,0,0,0,0,98,0,78,0,98,98,98,1187,6.0,27.0,
10316,CURRENT_RUN_REAL_DATA,True,23,23,0,0,0,0,22,0,3,0,22,22,22,267,5.0,20.0,
10317,CURRENT_RUN_REAL_DATA,True,97,97,0,0,0,0,96,0,10,1,96,96,96,1187,1.0,183.0,
10318,CURRENT_RUN_REAL_DATA,True,96,96,0,0,0,0,95,0,94,2,95,95,95,1190,6.0,34.0,
10319,CURRENT_RUN_REAL_DATA,True,104,104,0,0,0,4,99,2,21,2,103,103,103,1189,0.0,58.0,
10320,CURRENT_RUN_REAL_DATA,True,117,117,0,0,0,3,113,2,22,0,116,116,116,1193,0.0,23.0,
10321,CURRENT_RUN_REAL_DATA,True,102,102,0,0,0,2,99,2,46,0,101,101,101,1195,0.0,24.0,
10322,CURRENT_RUN_REAL_DATA,True,111,111,0,0,0,1,109,1,24,0,110,110,110,1193,0.0,25.0,
10323,CURRENT_RUN_REAL_DATA,True,110,110,0,0,0,0,109,0,5,1,109,109,109,1195,1.0,34.0,
10324,CURRENT_RUN_REAL_DATA,True,99,99,0,0,0,0,98,0,81,0,98,98,98,1189,8.0,22.0,
10325,CURRENT_RUN_REAL_DATA,True,96,96,0,0,0,4,91,3,49,2,95,95,95,1193,0.0,113.0,
10326,CURRENT_RUN_REAL_DATA,True,99,99,0,0,0,0,98,0,89,0,98,98,98,1190,6.0,21.0,
10327,CURRENT_RUN_REAL_DATA,True,99,99,0,0,0,0,98,0,88,0,98,98,98,1195,1.0,22.0,
10328,CURRENT_RUN_REAL_DATA,True,98,98,0,0,0,0,97,0,90,0,97,97,97,1190,10.0,30.0,
10329,CURRENT_RUN_REAL_DATA,True,109,109,0,0,0,4,104,3,20,0,108,108,108,1194,0.0,30.0,
10330,CURRENT_RUN_REAL_DATA,True,101,101,0,0,0,0,100,0,80,0,100,100,100,1193,4.0,22.0,
10331,CURRENT_RUN_REAL_DATA,True,104,104,0,0,0,0,103,0,73,0,103,103,103,1197,1.0,23.0,
10332,CURRENT_RUN_REAL_DATA,True,110,110,0,0,0,4,105,4,48,0,109,109,109,1193,0.0,22.0,
10333,CURRENT_RUN_REAL_DATA,True,111,111,0,0,0,3,107,2,10,0,110,110,110,1195,0.0,30.0,
10334,CURRENT_RUN_REAL_DATA,True,99,99,0,0,0,0,98,0,88,0,98,98,98,1195,9.0,22.0,
10335,CURRENT_RUN_REAL_DATA,True,113,113,0,0,0,1,111,1,7,1,112,112,112,1193,0.0,46.0,
10336,CURRENT_RUN_REAL_DATA,True,104,104,0,0,0,2,101,1,49,0,103,103,103,1189,0.0,29.0,
10337,CURRENT_RUN_REAL_DATA,True,58,58,0,0,0,1,56,1,2,0,57,57,57,399,0.0,20.0,
10338,CURRENT_RUN_REAL_DATA,True,68,68,0,0,0,0,67,0,3,3,67,67,67,1190,3.0,260.0,
10339,CURRENT_RUN_REAL_DATA,True,111,111,0,0,0,1,109,1,29,0,110,110,110,1188,0.0,24.0,
10340,CURRENT_RUN_REAL_DATA,True,99,99,0,0,0,1,97,0,77,0,98,98,98,1194,0.0,30.0,
10341,CURRENT_RUN_REAL_DATA,True,105,105,0,0,0,3,101,3,39,0,104,104,104,1193,0.0,30.0,
10342,CURRENT_RUN_REAL_DATA,True,99,99,0,0,0,0,98,0,78,0,98,98,98,1189,7.0,23.0,
10343,CURRENT_RUN_REAL_DATA,True,106,106,0,0,0,1,104,0,56,0,105,105,105,1192,0.0,21.0,
10344,CURRENT_RUN_REAL_DATA,True,100,100,0,0,0,0,99,0,79,0,99,99,99,1191,1.0,21.0,
10345,CURRENT_RUN_REAL_DATA,True,114,114,0,0,0,5,108,4,17,0,113,113,113,1186,0.0,30.0,
10346,CURRENT_RUN_REAL_DATA,True,100,100,0,0,0,0,99,0,97,0,99,99,99,1194,2.0,22.0,
10347,CURRENT_RUN_REAL_DATA,True,99,99,0,0,0,0,98,0,79,0,98,98,98,1190,7.0,30.0,
10348,CURRENT_RUN_REAL_DATA,True,88,88,0,0,0,1,86,1,43,1,87,87,87,1190,0.0,184.0,
10349,CURRENT_RUN_REAL_DATA,True,100,100,0,0,0,0,99,0,80,0,99,99,99,1190,1.0,22.0,
10350,CURRENT_RUN_REAL_DATA,True,104,104,0,0,0,1,102,0,31,0,103,103,103,1190,0.0,21.0,
10351,CURRENT_RUN_REAL_DATA,True,99,99,0,0,0,0,98,0,78,0,98,98,98,1180,4.0,20.0,
10352,CURRENT_RUN_REAL_DATA,True,99,99,0,0,0,0,98,0,78,0,98,98,98,1189,8.0,22.0,
10353,CURRENT_RUN_REAL_DATA,True,113,113,0,0,0,2,110,2,1,0,112,112,112,1176,0.0,30.0,
10354,CURRENT_RUN_REAL_DATA,True,109,109,0,0,0,1,107,1,0,1,108,108,108,1191,0.0,32.0,
10355,CURRENT_RUN_REAL_DATA,True,98,98,0,0,0,0,97,0,77,0,97,97,97,1189,9.0,30.0,
10356,CURRENT_RUN_REAL_DATA,True,101,101,0,0,0,0,100,0,87,0,100,100,100,1188,2.0,28.0,
10357,CURRENT_RUN_REAL_DATA,True,105,105,0,0,0,1,103,1,62,1,104,104,104,1195,0.0,31.0,
10358,CURRENT_RUN_REAL_DATA,True,97,97,0,0,0,0,96,0,77,0,96,96,96,1184,10.0,30.0,
10359,CURRENT_RUN_REAL_DATA,True,100,100,0,0,0,0,99,0,89,0,99,99,99,1191,2.0,20.0,
10360,CURRENT_RUN_REAL_DATA,True,102,102,0,0,0,0,101,0,19,0,101,101,101,1193,1.0,21.0,
10361,CURRENT_RUN_REAL_DATA,True,127,127,0,0,0,2,124,2,28,0,126,126,126,1188,0.0,22.0,
10362,CURRENT_RUN_REAL_DATA,True,97,97,0,0,0,0,96,0,76,0,96,96,96,1186,7.0,30.0,
10363,CURRENT_RUN_REAL_DATA,True,98,98,0,0,0,0,97,0,88,0,97,97,97,1186,4.0,26.0,
10364,CURRENT_RUN_REAL_DATA,True,104,104,0,0,0,2,101,1,23,1,103,103,103,1195,0.0,51.0,
10365,CURRENT_RUN_REAL_DATA,True,100,100,0,0,0,0,99,0,90,0,99,99,99,1187,5.0,21.0,
10366,CURRENT_RUN_REAL_DATA,True,97,97,0,0,0,1,95,1,84,1,96,96,96,1184,0.0,66.0,
10367,CURRENT_RUN_REAL_DATA,True,100,100,0,0,0,0,99,0,97,0,99,99,99,1191,4.0,20.0,
10368,CURRENT_RUN_REAL_DATA,True,100,100,0,0,0,0,99,0,90,0,99,99,99,1190,6.0,20.0,
10369,CURRENT_RUN_REAL_DATA,True,103,103,0,0,0,1,101,0,14,0,102,102,102,1186,0.0,28.0,
10370,CURRENT_RUN_REAL_DATA,True,130,130,0,0,0,7,122,7,26,0,129,129,129,1191,0.0,21.0,
10371,CURRENT_RUN_REAL_DATA,True,100,100,0,0,0,0,99,0,90,0,99,99,99,1192,3.0,21.0,
10372,CURRENT_RUN_REAL_DATA,True,111,111,0,0,0,1,109,1,6,0,110,110,110,1189,0.0,25.0,
10373,CURRENT_RUN_REAL_DATA,True,113,113,0,0,0,2,110,2,22,0,112,112,112,1190,0.0,21.0,
10374,CURRENT_RUN_REAL_DATA,True,105,105,0,0,0,2,102,1,25,0,104,104,104,1190,0.0,30.0,
10375,CURRENT_RUN_REAL_DATA,True,99,99,0,0,0,0,98,0,86,0,98,98,98,1195,9.0,20.0,
10376,CURRENT_RUN_REAL_DATA,True,99,99,0,0,0,0,98,0,79,0,98,98,98,1189,7.0,23.0,
10377,CURRENT_RUN_REAL_DATA,True,110,110,0,0,0,5,104,5,16,2,109,109,109,1187,0.0,42.0,
10378,CURRENT_RUN_REAL_DATA,True,99,99,0,0,0,0,98,0,80,0,98,98,98,1185,1.0,21.0,
10379,CURRENT_RUN_REAL_DATA,True,99,99,0,0,0,0,98,0,90,0,98,98,98,1190,10.0,20.0,
10380,CURRENT_RUN_REAL_DATA,True,99,99,0,0,0,0,98,0,78,0,98,98,98,1193,9.0,20.0,
10381,CURRENT_RUN_REAL_DATA,True,120,120,0,0,0,4,115,4,18,0,119,119,119,1192,0.0,28.0,
10382,CURRENT_RUN_REAL_DATA,True,99,99,0,0,0,0,98,0,93,0,98,98,98,1189,5.0,26.0,
10383,CURRENT_RUN_REAL_DATA,True,100,100,0,0,0,0,99,0,80,0,99,99,99,1193,2.0,20.0,
10384,CURRENT_RUN_REAL_DATA,True,100,100,0,0,0,1,98,0,79,0,99,99,99,1189,0.0,23.0,
10385,CURRENT_RUN_REAL_DATA,True,113,113,0,0,0,0,112,0,22,0,112,112,112,1189,1.0,22.0,
10386,CURRENT_RUN_REAL_DATA,True,119,119,0,0,0,26,92,22,4,2,118,118,118,1072,0.0,34.0,
10387,CURRENT_RUN_REAL_DATA,True,113,113,0,0,0,0,112,0,12,0,112,112,112,1189,1.0,30.0,
10388,CURRENT_RUN_REAL_DATA,True,100,100,0,0,0,0,99,0,16,0,99,99,99,1190,6.0,20.0,
10389,CURRENT_RUN_REAL_DATA,True,99,99,0,0,0,0,98,0,78,0,98,98,98,1189,7.0,30.0,
10390,CURRENT_RUN_REAL_DATA,True,99,99,0,0,0,0,98,0,78,0,98,98,98,1189,8.0,22.0,
10391,CURRENT_RUN_REAL_DATA,True,99,99,0,0,0,0,98,0,78,0,98,98,98,1195,9.0,21.0,
10392,CURRENT_RUN_REAL_DATA,True,104,104,0,0,0,0,103,0,32,0,103,103,103,1188,1.0,25.0,
10393,CURRENT_RUN_REAL_DATA,True,131,131,0,0,0,15,115,15,22,0,130,130,130,1189,0.0,30.0,
10394,CURRENT_RUN_REAL_DATA,True,100,100,0,0,0,0,99,0,81,0,99,99,99,1190,1.0,28.0,
10395,CURRENT_RUN_REAL_DATA,True,124,124,0,0,0,2,121,2,44,0,123,123,123,1197,0.0,30.0,
10396,CURRENT_RUN_REAL_DATA,True,100,100,0,0,0,0,99,0,79,0,99,99,99,1191,2.0,20.0,
10397,CURRENT_RUN_REAL_DATA,True,109,109,0,0,0,1,107,0,31,0,108,108,108,1196,0.0,23.0,
10398,CURRENT_RUN_REAL_DATA,True,100,100,0,0,0,0,99,0,81,0,99,99,99,1194,1.0,20.0,
10399,CURRENT_RUN_REAL_DATA,True,98,98,0,0,0,0,97,0,77,0,97,97,97,1186,7.0,23.0,
10400,CURRENT_RUN_REAL_DATA,True,114,114,0,0,0,1,112,0,22,1,113,113,113,1193,0.0,32.0,
10401,CURRENT_RUN_REAL_DATA,True,100,100,0,0,0,0,99,0,80,0,99,99,99,1191,1.0,20.0,
10402,CURRENT_RUN_REAL_DATA,True,111,111,0,0,0,3,107,3,26,0,110,110,110,1161,0.0,30.0,
10403,CURRENT_RUN_REAL_DATA,True,100,100,0,0,0,1,98,0,90,0,99,99,99,1189,0.0,23.0,
10404,CURRENT_RUN_REAL_DATA,True,100,100,0,0,0,0,99,0,90,0,99,99,99,1191,3.0,20.0,
10405,CURRENT_RUN_REAL_DATA,True,98,98,0,0,0,0,97,0,89,0,97,97,97,1185,9.0,21.0,
10406,CURRENT_RUN_REAL_DATA,True,102,102,0,0,0,0,101,0,43,0,101,101,101,1191,2.0,30.0,
10407,CURRENT_RUN_REAL_DATA,True,108,108,0,0,0,0,107,0,31,0,107,107,107,1191,1.0,30.0,
10408,CURRENT_RUN_REAL_DATA,True,100,100,0,0,0,0,99,0,23,0,99,99,99,1190,5.0,20.0,
10409,CURRENT_RUN_REAL_DATA,True,99,99,0,0,0,0,98,0,89,0,98,98,98,1190,1.0,30.0,
10410,CURRENT_RUN_REAL_DATA,True,99,99,0,0,0,0,98,0,82,0,98,98,98,1190,8.0,21.0,
10411,CURRENT_RUN_REAL_DATA,True,109,109,0,0,0,1,107,1,25,0,108,108,108,1186,0.0,26.0,
10412,CURRENT_RUN_REAL_DATA,True,100,100,0,0,0,0,99,0,79,0,99,99,99,1191,6.0,21.0,
10413,CURRENT_RUN_REAL_DATA,True,143,143,0,0,0,5,137,5,29,0,142,142,142,1192,0.0,27.0,
10414,CURRENT_RUN_REAL_DATA,True,102,102,0,0,0,0,101,0,84,0,101,101,101,1189,2.0,27.0,
10415,CURRENT_RUN_REAL_DATA,True,125,125,0,0,0,1,123,1,20,0,124,124,124,1176,0.0,22.0,
10416,CURRENT_RUN_REAL_DATA,True,102,102,0,0,0,0,101,0,63,0,101,101,101,1191,1.0,30.0,
10417,CURRENT_RUN_REAL_DATA,True,104,104,0,0,0,0,103,0,43,0,103,103,103,1186,1.0,22.0,
10418,CURRENT_RUN_REAL_DATA,True,100,100,0,0,0,0,99,0,75,0,99,99,99,1188,1.0,21.0,
10419,CURRENT_RUN_REAL_DATA,True,99,99,0,0,0,0,98,0,88,0,98,98,98,1190,3.0,29.0,
10420,CURRENT_RUN_REAL_DATA,True,99,99,0,0,0,0,98,0,4,0,98,98,98,1195,10.0,20.0,
10421,CURRENT_RUN_REAL_DATA,True,112,112,0,0,0,10,101,10,15,2,111,111,111,1193,0.0,108.0,
10422,CURRENT_RUN_REAL_DATA,True,158,158,0,0,0,1,156,1,21,1,157,157,157,1193,0.0,31.0,
10423,CURRENT_RUN_REAL_DATA,True,115,115,0,0,0,1,113,1,3,0,114,114,114,1193,0.0,20.0,
10424,CURRENT_RUN_REAL_DATA,True,99,99,0,0,0,0,98,0,1,0,98,98,98,1186,1.0,21.0,
10425,CURRENT_RUN_REAL_DATA,True,119,119,0,0,0,1,117,1,36,0,118,118,118,1191,0.0,22.0,
10426,CURRENT_RUN_REAL_DATA,True,98,98,0,0,0,0,97,0,87,0,97,97,97,1191,10.0,21.0,
10427,CURRENT_RUN_REAL_DATA,True,100,100,0,0,0,0,99,0,90,0,99,99,99,1195,1.0,21.0,
10428,CURRENT_RUN_REAL_DATA,True,99,99,0,0,0,0,98,0,70,0,98,98,98,1186,1.0,21.0,
10429,CURRENT_RUN_REAL_DATA,True,99,99,0,0,0,0,98,0,90,0,98,98,98,1189,7.0,22.0,
10430,CURRENT_RUN_REAL_DATA,True,100,100,0,0,0,0,99,0,79,0,99,99,99,1193,1.0,20.0,
10431,CURRENT_RUN_REAL_DATA,True,100,100,0,0,0,0,99,0,98,0,99,99,99,1194,4.0,22.0,
10432,CURRENT_RUN_REAL_DATA,True,99,99,0,0,0,0,98,0,94,0,98,98,98,1186,1.0,21.0,
10433,CURRENT_RUN_REAL_DATA,True,100,100,0,0,0,0,99,0,0,0,99,99,99,1191,1.0,30.0,
10434,CURRENT_RUN_REAL_DATA,True,100,100,0,0,0,0,99,0,79,0,99,99,99,1190,9.0,20.0,
10435,CURRENT_RUN_REAL_DATA,True,102,102,0,0,0,0,101,0,84,0,101,101,101,1192,1.0,21.0,
10436,CURRENT_RUN_REAL_DATA,True,98,98,0,0,0,0,97,0,84,0,97,97,97,1186,8.0,22.0,
10437,CURRENT_RUN_REAL_DATA,True,99,99,0,0,0,0,98,0,0,2,98,98,98,1186,1.0,90.0,
10438,CURRENT_RUN_REAL_DATA,True,100,100,0,0,0,0,99,0,0,0,99,99,99,1195,1.0,21.0,
10439,CURRENT_RUN_REAL_DATA,True,98,98,0,0,0,0,97,0,86,0,97,97,97,1186,9.0,21.0,
10440,CURRENT_RUN_REAL_DATA,True,99,99,0,0,0,0,98,0,2,0,98,98,98,1191,9.0,20.0,
10441,CURRENT_RUN_REAL_DATA,True,114,114,0,0,0,39,74,37,38,1,113,113,113,1190,0.0,419.0,
10442,CURRENT_RUN_REAL_DATA,True,95,95,0,0,0,0,94,0,75,1,94,94,94,1188,1.0,106.0,
10443,CURRENT_RUN_REAL_DATA,True,98,98,0,0,0,0,97,0,2,0,97,97,97,1155,1.0,30.0,
10444,CURRENT_RUN_REAL_DATA,True,100,100,0,0,0,0,99,0,90,0,99,99,99,1190,5.0,21.0,
10445,CURRENT_RUN_REAL_DATA,True,100,100,0,0,0,0,99,0,96,0,99,99,99,1195,1.0,21.0,
10446,CURRENT_RUN_REAL_DATA,True,98,98,0,0,0,2,95,2,18,1,97,97,97,1195,0.0,59.0,
10447,CURRENT_RUN_REAL_DATA,True,100,100,0,0,0,5,94,5,11,2,99,99,99,1194,0.0,80.0,
10448,CURRENT_RUN_REAL_DATA,True,141,141,0,0,0,1,139,1,12,0,140,140,140,1192,0.0,22.0,
10449,CURRENT_RUN_REAL_DATA,True,101,101,0,0,0,0,100,0,0,0,100,100,100,1075,1.0,22.0,
10450,CURRENT_RUN_REAL_DATA,True,117,117,0,0,0,7,109,7,12,2,116,116,116,1188,0.0,63.0,
10451,CURRENT_RUN_REAL_DATA,True,106,106,0,0,0,3,102,3,7,1,105,105,105,1197,0.0,31.0,
10452,CURRENT_RUN_REAL_DATA,True,100,100,0,0,0,0,99,0,13,0,99,99,99,1195,1.0,30.0,
10453,CURRENT_RUN_REAL_DATA,True,101,101,0,0,0,2,98,0,90,0,100,100,100,1191,0.0,22.0,
10454,CURRENT_RUN_REAL_DATA,True,100,100,0,0,0,0,99,0,80,0,99,99,99,1194,1.0,21.0,
10455,CURRENT_RUN_REAL_DATA,True,99,99,0,0,0,0,98,0,1,0,98,98,98,1189,6.0,22.0,
10456,CURRENT_RUN_REAL_DATA,True,98,98,0,0,0,0,97,0,78,0,97,97,97,1190,10.0,30.0,
10457,CURRENT_RUN_REAL_DATA,True,99,99,0,0,0,0,98,0,88,0,98,98,98,1179,5.0,21.0,
10458,CURRENT_RUN_REAL_DATA,True,100,100,0,0,0,0,99,0,89,0,99,99,99,1189,6.0,21.0,
10459,CURRENT_RUN_REAL_DATA,True,98,98,0,0,0,0,97,0,89,0,97,97,97,1183,7.0,22.0,
10460,CURRENT_RUN_REAL_DATA,True,103,103,0,0,0,1,101,1,27,2,102,102,102,1198,0.0,82.0,
10461,CURRENT_RUN_REAL_DATA,True,99,99,0,0,0,0,98,0,89,0,98,98,98,1187,7.0,27.0,
10462,CURRENT_RUN_REAL_DATA,True,100,100,0,0,0,0,99,0,79,0,99,99,99,1191,1.0,21.0,
10463,CURRENT_RUN_REAL_DATA,True,43,43,0,0,0,0,42,0,40,0,42,42,42,518,9.0,20.0,
10464,CURRENT_RUN_REAL_DATA,True,93,93,0,0,0,0,92,0,82,2,92,92,92,1188,6.0,31.0,
10465,CURRENT_RUN_REAL_DATA,True,114,114,0,0,0,19,94,16,24,1,113,113,113,1187,0.0,179.0,
10466,CURRENT_RUN_REAL_DATA,True,99,99,0,0,0,0,98,0,88,0,98,98,98,1195,9.0,21.0,
10467,CURRENT_RUN_REAL_DATA,True,111,111,0,0,0,1,109,1,30,0,110,110,110,1189,0.0,25.0,
10468,CURRENT_RUN_REAL_DATA,True,109,109,0,0,0,1,107,1,0,0,108,108,108,1189,0.0,25.0,
10469,CURRENT_RUN_REAL_DATA,True,107,107,0,0,0,3,103,3,30,0,106,106,106,1190,0.0,20.0,
10470,CURRENT_RUN_REAL_DATA,True,101,101,0,0,0,10,90,10,5,4,100,100,100,1188,0.0,60.0,
10471,CURRENT_RUN_REAL_DATA,True,103,103,0,0,0,0,102,0,13,0,102,102,102,1143,1.0,28.0,
10472,CURRENT_RUN_REAL_DATA,True,116,116,0,0,0,31,84,29,53,0,115,115,115,940,0.0,25.0,
10473,CURRENT_RUN_REAL_DATA,True,93,93,0,0,0,0,92,0,82,0,92,92,92,1189,6.0,30.0,
10474,CURRENT_RUN_REAL_DATA,True,98,98,0,0,0,0,97,0,87,1,97,97,97,1180,7.0,31.0,
10475,CURRENT_RUN_REAL_DATA,True,99,99,0,0,0,0,98,0,78,0,98,98,98,1190,2.0,28.0,
10476,CURRENT_RUN_REAL_DATA,True,108,108,0,0,0,0,107,0,42,0,107,107,107,1187,1.0,30.0,
10477,CURRENT_RUN_REAL_DATA,True,107,107,0,0,0,0,106,0,29,0,106,106,106,1188,1.0,30.0,
10478,CURRENT_RUN_REAL_DATA,True,99,99,0,0,0,0,98,0,78,0,98,98,98,1189,8.0,22.0,
10479,CURRENT_RUN_REAL_DATA,True,102,102,0,0,0,0,101,0,0,1,101,101,101,1173,2.0,40.0,
10480,CURRENT_RUN_REAL_DATA,True,103,103,0,0,0,0,102,0,46,0,102,102,102,1188,1.0,30.0,
10481,CURRENT_RUN_REAL_DATA,True,99,99,0,0,0,0,98,0,78,0,98,98,98,1195,9.0,21.0,
10482,CURRENT_RUN_REAL_DATA,True,100,100,0,0,0,0,99,0,93,0,99,99,99,1187,6.0,21.0,
10483,CURRENT_RUN_REAL_DATA,True,106,106,0,0,0,1,104,1,33,0,105,105,105,1183,0.0,24.0,
10484,CURRENT_RUN_REAL_DATA,True,99,99,0,0,0,0,98,0,78,0,98,98,98,1191,9.0,21.0,
10485,CURRENT_RUN_REAL_DATA,True,100,100,0,0,0,0,99,0,89,0,99,99,99,1193,1.0,20.0,
10486,CURRENT_RUN_REAL_DATA,True,100,100,0,0,0,0,99,0,92,0,99,99,99,1191,2.0,20.0,
10487,CURRENT_RUN_REAL_DATA,True,100,100,0,0,0,0,99,0,95,0,99,99,99,1191,5.0,21.0,
10488,CURRENT_RUN_REAL_DATA,True,100,100,0,0,0,0,99,0,80,0,99,99,99,1192,1.0,21.0,
10489,CURRENT_RUN_REAL_DATA,True,117,117,0,0,0,1,115,1,1,0,116,116,116,1192,0.0,30.0,
10490,CURRENT_RUN_REAL_DATA,True,100,100,0,0,0,0,99,0,90,0,99,99,99,1189,7.0,21.0,
10491,CURRENT_RUN_REAL_DATA,True,103,103,0,0,0,3,99,3,0,1,102,102,102,1191,0.0,31.0,
10492,CURRENT_RUN_REAL_DATA,True,100,100,0,0,0,0,99,0,79,0,99,99,99,1193,2.0,20.0,
10493,CURRENT_RUN_REAL_DATA,True,100,100,0,0,0,0,99,0,5,0,99,99,99,1191,3.0,21.0,
10494,CURRENT_RUN_REAL_DATA,True,109,109,0,0,0,0,108,0,1,0,108,108,108,1192,1.0,21.0,
10495,CURRENT_RUN_REAL_DATA,True,100,100,0,0,0,1,98,0,91,0,99,99,99,1195,0.0,21.0,
10496,CURRENT_RUN_REAL_DATA,True,108,108,0,0,0,3,104,3,27,0,107,107,107,1195,0.0,22.0,
10497,CURRENT_RUN_REAL_DATA,True,104,104,0,0,0,0,103,0,64,0,103,103,103,1188,1.0,28.0,
10498,CURRENT_RUN_REAL_DATA,True,100,100,0,0,0,0,99,0,91,0,99,99,99,1190,4.0,21.0,
10499,CURRENT_RUN_REAL_DATA,True,112,112,0,0,0,0,111,0,39,0,111,111,111,1190,1.0,20.0,
10500,CURRENT_RUN_REAL_DATA,True,147,147,0,0,0,8,138,8,0,0,146,146,146,1186,0.0,21.0,
10501,CURRENT_RUN_REAL_DATA,True,104,104,0,0,0,0,103,0,12,0,103,103,103,1190,2.0,23.0,
10502,CURRENT_RUN_REAL_DATA,True,98,98,0,0,0,0,97,0,88,0,97,97,97,1190,9.0,21.0,
10503,CURRENT_RUN_REAL_DATA,True,108,108,0,0,0,10,97,10,3,3,107,107,107,1187,0.0,72.0,
10504,CURRENT_RUN_REAL_DATA,True,100,100,0,0,0,0,99,0,89,0,99,99,99,1191,2.0,21.0,
10505,CURRENT_RUN_REAL_DATA,True,118,118,0,0,0,1,116,1,0,0,117,117,117,1188,0.0,21.0,
10506,CURRENT_RUN_REAL_DATA,True,100,100,0,0,0,0,99,0,78,0,99,99,99,1187,6.0,20.0,
10507,CURRENT_RUN_REAL_DATA,True,98,98,0,0,0,0,97,0,77,0,97,97,97,1190,9.0,30.0,
10508,CURRENT_RUN_REAL_DATA,True,100,100,0,0,0,0,99,0,73,0,99,99,99,1189,1.0,22.0,
10509,CURRENT_RUN_REAL_DATA,True,107,107,0,0,0,1,105,1,11,0,106,106,106,1191,0.0,29.0,
10510,CURRENT_RUN_REAL_DATA,True,100,100,0,0,0,0,99,0,79,0,99,99,99,1183,6.0,21.0,
10511,CURRENT_RUN_REAL_DATA,True,106,106,0,0,0,21,84,13,17,4,105,105,105,1194,0.0,101.0,
10512,CURRENT_RUN_REAL_DATA,True,99,99,0,0,0,0,98,0,88,0,98,98,98,1187,1.0,22.0,
10513,CURRENT_RUN_REAL_DATA,True,116,116,0,0,0,4,111,4,51,0,115,115,115,1168,0.0,25.0,
10514,CURRENT_RUN_REAL_DATA,True,101,101,0,0,0,1,99,1,7,1,100,100,100,1190,0.0,32.0,
10515,CURRENT_RUN_REAL_DATA,True,120,120,0,0,0,1,118,0,3,0,119,119,119,1193,0.0,27.0,
10516,CURRENT_RUN_REAL_DATA,True,98,98,0,0,0,0,97,0,87,1,97,97,97,1189,6.0,31.0,
10517,CURRENT_RUN_REAL_DATA,True,111,111,0,0,0,20,90,20,11,1,110,110,110,1186,0.0,200.0,
10518,CURRENT_RUN_REAL_DATA,True,107,107,0,0,0,5,101,3,33,0,106,106,106,1192,0.0,29.0,
10519,CURRENT_RUN_REAL_DATA,True,99,99,0,0,0,0,98,0,47,0,98,98,98,1179,4.0,20.0,
10520,CURRENT_RUN_REAL_DATA,True,106,106,0,0,0,1,104,1,0,0,105,105,105,1197,0.0,28.0,
10521,CURRENT_RUN_REAL_DATA,True,100,100,0,0,0,0,99,0,4,0,99,99,99,1187,7.0,28.0,
10522,CURRENT_RUN_REAL_DATA,True,109,109,0,0,0,6,102,3,31,0,108,108,108,1188,0.0,29.0,
10523,CURRENT_RUN_REAL_DATA,True,111,111,0,0,0,1,109,1,5,1,110,110,110,1188,0.0,39.0,
10524,CURRENT_RUN_REAL_DATA,True,100,100,0,0,0,0,99,0,1,0,99,99,99,1182,1.0,21.0,
10525,CURRENT_RUN_REAL_DATA,True,100,100,0,0,0,0,99,0,91,0,99,99,99,1191,4.0,21.0,
10526,CURRENT_RUN_REAL_DATA,True,99,99,0,0,0,0,98,0,88,0,98,98,98,1188,6.0,28.0,
10527,CURRENT_RUN_REAL_DATA,True,100,100,0,0,0,0,99,0,89,0,99,99,99,1193,2.0,21.0,
10528,CURRENT_RUN_REAL_DATA,True,104,104,0,0,0,3,100,3,25,1,103,103,103,1190,0.0,43.0,
10529,CURRENT_RUN_REAL_DATA,True,107,107,0,0,0,3,103,3,0,1,106,106,106,1179,0.0,37.0,
10530,CURRENT_RUN_REAL_DATA,True,109,109,0,0,0,5,103,4,27,1,108,108,108,1197,0.0,62.0,
10531,CURRENT_RUN_REAL_DATA,True,98,98,0,0,0,0,97,0,87,0,97,97,97,1184,9.0,21.0,
10532,CURRENT_RUN_REAL_DATA,True,100,100,0,0,0,2,97,0,45,1,99,99,99,1185,0.0,84.0,
10533,CURRENT_RUN_REAL_DATA,True,98,98,0,0,0,0,97,0,77,0,97,97,97,1189,6.0,29.0,
10534,CURRENT_RUN_REAL_DATA,True,100,100,0,0,0,0,99,0,81,0,99,99,99,1192,2.0,20.0,
10535,CURRENT_RUN_REAL_DATA,True,106,106,0,0,0,3,102,2,9,0,105,105,105,1183,0.0,28.0,
10536,CURRENT_RUN_REAL_DATA,True,100,100,0,0,0,0,99,0,90,0,99,99,99,1187,6.0,21.0,
10537,CURRENT_RUN_REAL_DATA,True,108,108,0,0,0,3,104,3,15,1,107,107,107,1192,0.0,40.0,
10538,CURRENT_RUN_REAL_DATA,True,103,103,0,0,0,0,102,0,15,0,102,102,102,1186,3.0,25.0,
10539,CURRENT_RUN_REAL_DATA,True,101,101,0,0,0,0,100,0,80,0,100,100,100,1190,6.0,20.0,
10540,CURRENT_RUN_REAL_DATA,True,100,100,0,0,0,0,99,0,91,0,99,99,99,1191,4.0,20.0,
10541,CURRENT_RUN_REAL_DATA,True,103,103,0,0,0,2,100,2,60,0,102,102,102,1187,0.0,30.0,
10542,CURRENT_RUN_REAL_DATA,True,54,54,0,0,0,0,53,0,31,0,53,53,53,623,1.0,30.0,
10543,CURRENT_RUN_REAL_DATA,True,101,101,0,0,0,0,100,0,31,0,100,100,100,1189,1.0,27.0,
10544,CURRENT_RUN_REAL_DATA,True,114,114,0,0,0,13,100,13,6,0,113,113,113,1195,0.0,20.0,
10545,CURRENT_RUN_REAL_DATA,True,100,100,0,0,0,0,99,0,79,0,99,99,99,1190,5.0,20.0,
10546,CURRENT_RUN_REAL_DATA,True,110,110,0,0,0,0,109,0,33,1,109,109,109,1194,1.0,31.0,
10547,CURRENT_RUN_REAL_DATA,True,102,102,0,0,0,0,101,0,70,0,101,101,101,1180,1.0,21.0,
10548,CURRENT_RUN_REAL_DATA,True,123,123,0,0,0,10,112,10,21,1,122,122,122,1184,0.0,39.0,
10549,CURRENT_RUN_REAL_DATA,True,108,108,0,0,0,6,101,5,24,1,107,107,107,1191,0.0,62.0,
10550,CURRENT_RUN_REAL_DATA,True,99,99,0,0,0,1,97,0,78,0,98,98,98,1186,0.0,23.0,
10551,CURRENT_RUN_REAL_DATA,True,112,112,0,0,0,3,108,3,0,1,111,111,111,1190,0.0,44.0,
10552,CURRENT_RUN_REAL_DATA,True,99,99,0,0,0,0,98,0,88,0,98,98,98,1191,9.0,21.0,
10553,CURRENT_RUN_REAL_DATA,True,99,99,0,0,0,0,98,0,78,0,98,98,98,1195,9.0,20.0,
10554,CURRENT_RUN_REAL_DATA,True,105,105,0,0,0,1,103,1,43,0,104,104,104,1188,0.0,22.0,
10555,CURRENT_RUN_REAL_DATA,True,100,100,0,0,0,0,99,0,89,0,99,99,99,1191,1.0,21.0,
10556,CURRENT_RUN_REAL_DATA,True,98,98,0,0,0,0,97,0,24,0,97,97,97,1188,9.0,28.0,
10557,CURRENT_RUN_REAL_DATA,True,101,101,0,0,0,0,100,0,78,0,100,100,100,1194,3.0,21.0,
10558,CURRENT_RUN_REAL_DATA,True,99,99,0,0,0,0,98,0,78,0,98,98,98,1187,7.0,28.0,
10559,CURRENT_RUN_REAL_DATA,True,99,99,0,0,0,0,98,0,93,0,98,98,98,1190,7.0,30.0,
10560,CURRENT_RUN_REAL_DATA,True,101,101,0,0,0,0,100,0,94,0,100,100,100,1192,4.0,21.0,
10561,CURRENT_RUN_REAL_DATA,True,108,108,0,0,0,3,104,3,28,0,107,107,107,1192,0.0,30.0,
10562,CURRENT_RUN_REAL_DATA,True,103,103,0,0,0,1,101,0,34,0,102,102,102,1185,0.0,21.0,
10563,CURRENT_RUN_REAL_DATA,True,111,111,0,0,0,0,110,0,39,0,110,110,110,1190,1.0,22.0,
10564,CURRENT_RUN_REAL_DATA,True,100,100,0,0,0,0,99,0,80,0,99,99,99,1190,6.0,20.0,
10565,CURRENT_RUN_REAL_DATA,True,101,101,0,0,0,0,100,0,90,0,100,100,100,1193,4.0,20.0,
10566,CURRENT_RUN_REAL_DATA,True,98,98,0,0,0,2,95,1,47,2,97,97,97,1192,0.0,111.0,
10567,CURRENT_RUN_REAL_DATA,True,101,101,0,0,0,0,100,0,79,0,100,100,100,1190,1.0,21.0,
10568,CURRENT_RUN_REAL_DATA,True,104,104,0,0,0,1,102,1,68,0,103,103,103,1193,0.0,21.0,
10569,CURRENT_RUN_REAL_DATA,True,97,97,0,0,0,0,96,0,86,0,96,96,96,1164,4.0,21.0,
10570,CURRENT_RUN_REAL_DATA,True,115,115,0,0,0,1,113,1,11,0,114,114,114,1165,0.0,30.0,
10571,CURRENT_RUN_REAL_DATA,True,98,98,0,0,0,0,97,0,75,0,97,97,97,1186,2.0,30.0,
10572,CURRENT_RUN_REAL_DATA,True,107,107,0,0,0,0,106,0,31,0,106,106,106,1196,2.0,22.0,
10573,CURRENT_RUN_REAL_DATA,True,100,100,0,0,0,0,99,0,89,0,99,99,99,1190,6.0,21.0,
10574,CURRENT_RUN_REAL_DATA,True,136,136,0,0,0,6,129,5,23,1,135,135,135,1186,0.0,75.0,
10575,CURRENT_RUN_REAL_DATA,True,109,109,0,0,0,5,103,5,5,1,108,108,108,1197,0.0,42.0,
10576,CURRENT_RUN_REAL_DATA,True,98,98,0,0,0,1,96,1,3,0,97,97,97,1186,0.0,21.0,
10577,CURRENT_RUN_REAL_DATA,True,100,100,0,0,0,0,99,0,89,0,99,99,99,1194,1.0,21.0,
10578,CURRENT_RUN_REAL_DATA,True,108,108,0,0,0,1,106,1,70,0,107,107,107,1186,0.0,21.0,
10579,CURRENT_RUN_REAL_DATA,True,100,100,0,0,0,0,99,0,81,0,99,99,99,1190,2.0,21.0,
10580,CURRENT_RUN_REAL_DATA,True,99,99,0,0,0,0,98,0,89,0,98,98,98,1190,2.0,29.0,
10581,CURRENT_RUN_REAL_DATA,True,98,98,0,0,0,0,97,0,91,0,97,97,97,1183,1.0,30.0,
10582,CURRENT_RUN_REAL_DATA,True,111,111,0,0,0,4,106,0,18,1,110,110,110,1189,0.0,60.0,
10583,CURRENT_RUN_REAL_DATA,True,113,113,0,0,0,0,112,0,23,0,112,112,112,1189,1.0,30.0,
10584,CURRENT_RUN_REAL_DATA,True,100,100,0,0,0,0,99,0,79,0,99,99,99,1191,2.0,21.0,
10585,CURRENT_RUN_REAL_DATA,True,116,116,0,0,0,7,108,7,39,1,115,115,115,1191,0.0,98.0,
10586,CURRENT_RUN_REAL_DATA,True,99,99,0,0,0,0,98,0,78,0,98,98,98,1195,9.0,21.0,
10587,CURRENT_RUN_REAL_DATA,True,109,109,0,0,0,0,108,0,39,0,108,108,108,1190,1.0,28.0,
10588,CURRENT_RUN_REAL_DATA,True,104,104,0,0,0,1,102,1,21,0,103,103,103,1187,0.0,30.0,
10589,CURRENT_RUN_REAL_DATA,True,118,118,0,0,0,0,117,0,22,0,117,117,117,1194,1.0,24.0,
10590,CURRENT_RUN_REAL_DATA,True,144,144,0,0,0,2,141,1,35,0,143,143,143,1191,0.0,26.0,
10591,CURRENT_RUN_REAL_DATA,True,100,100,0,0,0,0,99,0,79,0,99,99,99,1190,4.0,20.0,
10592,CURRENT_RUN_REAL_DATA,True,99,99,0,0,0,0,98,0,78,0,98,98,98,1190,7.0,30.0,
10593,CURRENT_RUN_REAL_DATA,True,117,117,0,0,0,6,110,6,6,1,116,116,116,1189,0.0,55.0,
10594,CURRENT_RUN_REAL_DATA,True,111,111,0,0,0,2,108,2,23,0,110,110,110,1192,0.0,29.0,
10595,CURRENT_RUN_REAL_DATA,True,109,109,0,0,0,0,108,0,26,2,108,108,108,1186,1.0,50.0,
10596,CURRENT_RUN_REAL_DATA,True,117,117,0,0,0,3,113,3,14,0,116,116,116,1193,0.0,26.0,
10597,CURRENT_RUN_REAL_DATA,True,116,116,0,0,0,1,114,1,10,1,115,115,115,1187,0.0,33.0,
10598,CURRENT_RUN_REAL_DATA,True,100,100,0,0,0,0,99,0,2,0,99,99,99,1187,5.0,21.0,
10599,CURRENT_RUN_REAL_DATA,True,94,94,0,0,0,2,91,0,37,1,93,93,93,1025,0.0,43.0,
10600,CURRENT_RUN_REAL_DATA,True,100,100,0,0,0,0,99,0,79,0,99,99,99,1191,3.0,20.0,
10601,CURRENT_RUN_REAL_DATA,True,99,99,0,0,0,1,97,1,1,1,98,98,98,1195,0.0,109.0,
10602,CURRENT_RUN_REAL_DATA,True,120,120,0,0,0,3,116,3,13,0,119,119,119,1190,0.0,26.0,
10603,CURRENT_RUN_REAL_DATA,True,111,111,0,0,0,1,109,1,31,0,110,110,110,1189,0.0,30.0,
10604,CURRENT_RUN_REAL_DATA,True,105,105,0,0,0,24,80,3,95,6,104,104,104,1189,0.0,41.0,
10605,CURRENT_RUN_REAL_DATA,True,99,99,0,0,0,0,98,0,1,0,98,98,98,1186,1.0,28.0,
10606,CURRENT_RUN_REAL_DATA,True,113,113,0,0,0,7,105,7,0,2,112,112,112,1194,0.0,38.0,
10607,CURRENT_RUN_REAL_DATA,True,99,99,0,0,0,0,98,0,11,0,98,98,98,1189,6.0,22.0,
10608,CURRENT_RUN_REAL_DATA,True,100,100,0,0,0,0,99,0,91,0,99,99,99,1191,3.0,21.0,
10609,CURRENT_RUN_REAL_DATA,True,98,98,0,0,0,0,97,0,3,0,97,97,97,1189,6.0,30.0,
10610,CURRENT_RUN_REAL_DATA,True,100,100,0,0,0,0,99,0,89,0,99,99,99,1191,4.0,21.0,
10611,CURRENT_RUN_REAL_DATA,True,100,100,0,0,0,1,98,0,94,0,99,99,99,1190,0.0,20.0,
10612,CURRENT_RUN_REAL_DATA,True,111,111,0,0,0,4,106,4,56,0,110,110,110,1186,0.0,28.0,
10613,CURRENT_RUN_REAL_DATA,True,97,97,0,0,0,4,92,0,68,2,96,96,96,1190,0.0,100.0,
10614,CURRENT_RUN_REAL_DATA,True,100,100,0,0,0,3,96,3,61,1,99,99,99,1186,0.0,84.0,
10615,CURRENT_RUN_REAL_DATA,True,146,146,0,0,0,6,139,5,28,0,145,145,145,1194,0.0,22.0,
10616,CURRENT_RUN_REAL_DATA,True,99,99,0,0,0,1,97,1,25,1,98,98,98,1191,0.0,42.0,
10617,CURRENT_RUN_REAL_DATA,True,102,102,0,0,0,0,101,0,70,0,101,101,101,1192,1.0,23.0,
10618,CURRENT_RUN_REAL_DATA,True,97,97,0,0,0,0,96,0,87,0,96,96,96,1187,9.0,30.0,
10619,CURRENT_RUN_REAL_DATA,True,83,83,0,0,0,40,42,35,10,3,82,82,82,1146,0.0,590.0,
10620,CURRENT_RUN_REAL_DATA,True,99,99,0,0,0,2,96,0,71,1,98,98,98,1186,0.0,59.0,
10621,CURRENT_RUN_REAL_DATA,True,105,105,0,0,0,9,95,9,5,1,104,104,104,1194,0.0,82.0,
10622,CURRENT_RUN_REAL_DATA,True,120,120,0,0,0,19,100,13,14,3,119,119,119,1186,0.0,80.0,
10623,CURRENT_RUN_REAL_DATA,True,99,99,0,0,0,0,98,0,78,0,98,98,98,1187,7.0,20.0,
10624,CURRENT_RUN_REAL_DATA,True,103,103,0,0,0,1,101,1,22,0,102,102,102,1192,0.0,28.0,
10625,CURRENT_RUN_REAL_DATA,True,97,97,0,0,0,0,96,0,86,0,96,96,96,1183,9.0,29.0,
10626,CURRENT_RUN_REAL_DATA,True,102,102,0,0,0,0,101,0,77,0,101,101,101,1192,1.0,21.0,
10627,CURRENT_RUN_REAL_DATA,True,100,100,0,0,0,0,99,0,79,0,99,99,99,1191,1.0,20.0,
10628,CURRENT_RUN_REAL_DATA,True,102,102,0,0,0,0,101,0,65,0,101,101,101,1190,2.0,21.0,
10629,CURRENT_RUN_REAL_DATA,True,84,84,0,0,0,0,83,0,42,0,83,83,83,1007,1.0,30.0,
10630,CURRENT_RUN_REAL_DATA,True,110,110,0,0,0,2,107,2,9,0,109,109,109,1191,0.0,27.0,
10631,CURRENT_RUN_REAL_DATA,True,116,116,0,0,0,1,114,1,26,0,115,115,115,1191,0.0,30.0,
10632,CURRENT_RUN_REAL_DATA,True,106,106,0,0,0,0,105,0,27,0,105,105,105,1191,1.0,30.0,
10633,CURRENT_RUN_REAL_DATA,True,99,99,0,0,0,1,97,0,91,0,98,98,98,1194,0.0,30.0,
10634,CURRENT_RUN_REAL_DATA,True,113,113,0,0,0,2,110,2,45,0,112,112,112,1191,0.0,30.0,
10635,CURRENT_RUN_REAL_DATA,True,104,104,0,0,0,0,103,0,26,0,103,103,103,1191,1.0,24.0,
10636,CURRENT_RUN_REAL_DATA,True,100,100,0,0,0,0,99,0,79,0,99,99,99,1187,5.0,20.0,
10637,CURRENT_RUN_REAL_DATA,True,122,122,0,0,0,1,120,1,20,1,121,121,121,1194,0.0,31.0,
10638,CURRENT_RUN_REAL_DATA,True,128,128,0,0,0,3,124,3,0,1,127,127,127,1192,0.0,120.0,
10639,CURRENT_RUN_REAL_DATA,True,113,113,0,0,0,1,111,1,59,0,112,112,112,1185,0.0,26.0,
10640,CURRENT_RUN_REAL_DATA,True,108,108,0,0,0,4,103,4,8,2,107,107,107,1191,0.0,41.0,
10641,CURRENT_RUN_REAL_DATA,True,109,109,0,0,0,6,102,6,15,1,108,108,108,1186,0.0,33.0,
10642,CURRENT_RUN_REAL_DATA,True,100,100,0,0,0,0,99,0,78,0,99,99,99,1190,5.0,20.0,
10643,CURRENT_RUN_REAL_DATA,True,99,99,0,0,0,0,98,0,78,0,98,98,98,1195,9.0,21.0,
10644,CURRENT_RUN_REAL_DATA,True,98,98,0,0,0,0,97,0,89,0,97,97,97,1186,8.0,22.0,
10645,CURRENT_RUN_REAL_DATA,True,100,100,0,0,0,0,99,0,79,0,99,99,99,1190,4.0,20.0,
10646,CURRENT_RUN_REAL_DATA,True,88,88,0,0,0,0,87,0,76,2,87,87,87,1191,10.0,120.0,
10647,CURRENT_RUN_REAL_DATA,True,119,119,0,0,0,3,115,3,26,0,118,118,118,1195,0.0,25.0,
10648,CURRENT_RUN_REAL_DATA,True,100,100,0,0,0,0,99,0,93,0,99,99,99,1192,3.0,20.0,
10649,CURRENT_RUN_REAL_DATA,True,100,100,0,0,0,0,99,0,78,0,99,99,99,1190,6.0,21.0,
10650,CURRENT_RUN_REAL_DATA,True,108,108,0,0,0,0,107,0,11,0,107,107,107,1193,2.0,30.0,
10651,CURRENT_RUN_REAL_DATA,True,100,100,0,0,0,0,99,0,90,0,99,99,99,1192,2.0,21.0,
10652,CURRENT_RUN_REAL_DATA,True,99,99,0,0,0,1,97,1,4,2,98,98,98,1176,0.0,45.0,
10653,CURRENT_RUN_REAL_DATA,True,98,98,0,0,0,0,97,0,78,0,97,97,97,1183,7.0,23.0,
10654,CURRENT_RUN_REAL_DATA,True,102,102,0,0,0,8,93,8,4,1,101,101,101,1150,0.0,82.0,
10655,CURRENT_RUN_REAL_DATA,True,99,99,0,0,0,1,97,0,14,0,98,98,98,1187,0.0,30.0,
10656,CURRENT_RUN_REAL_DATA,True,100,100,0,0,0,4,95,4,55,1,99,99,99,1194,0.0,116.0,
10657,CURRENT_RUN_REAL_DATA,True,107,107,0,0,0,1,105,0,39,0,106,106,106,1194,0.0,30.0,
10658,CURRENT_RUN_REAL_DATA,True,111,111,0,0,0,1,109,1,21,0,110,110,110,1194,0.0,23.0,
10659,CURRENT_RUN_REAL_DATA,True,106,106,0,0,0,0,105,0,0,0,105,105,105,1195,1.0,27.0,
10660,CURRENT_RUN_REAL_DATA,True,99,99,0,0,0,0,98,0,78,0,98,98,98,1191,10.0,20.0,
10661,CURRENT_RUN_REAL_DATA,True,101,101,0,0,0,0,100,0,69,0,100,100,100,1188,1.0,22.0,
10662,CURRENT_RUN_REAL_DATA,True,134,134,0,0,0,3,130,3,23,0,133,133,133,1196,0.0,23.0,
10663,CURRENT_RUN_REAL_DATA,True,99,99,0,0,0,0,98,0,52,0,98,98,98,1189,1.0,21.0,
10664,CURRENT_RUN_REAL_DATA,True,100,100,0,0,0,0,99,0,94,0,99,99,99,1192,3.0,21.0,
10665,CURRENT_RUN_REAL_DATA,True,108,108,0,0,0,7,100,7,0,1,107,107,107,1150,0.0,47.0,
10666,CURRENT_RUN_REAL_DATA,True,102,102,0,0,0,5,96,5,0,2,101,101,101,1184,0.0,68.0,
10667,CURRENT_RUN_REAL_DATA,True,105,105,0,0,0,4,100,4,19,2,104,104,104,1195,0.0,32.0,
10668,CURRENT_RUN_REAL_DATA,True,110,110,0,0,0,0,109,0,64,0,109,109,109,1194,1.0,21.0,
10669,CURRENT_RUN_REAL_DATA,True,100,100,0,0,0,0,99,0,79,0,99,99,99,1191,2.0,23.0,
10670,CURRENT_RUN_REAL_DATA,True,100,100,0,0,0,0,99,0,89,0,99,99,99,1191,2.0,21.0,
10671,CURRENT_RUN_REAL_DATA,True,98,98,0,0,0,0,97,0,6,0,97,97,97,1175,7.0,21.0,
10672,CURRENT_RUN_REAL_DATA,True,100,100,0,0,0,0,99,0,79,0,99,99,99,1190,2.0,21.0,
10673,CURRENT_RUN_REAL_DATA,True,98,98,0,0,0,4,93,4,0,1,97,97,97,1047,0.0,42.0,
10674,CURRENT_RUN_REAL_DATA,True,104,104,0,0,0,0,103,0,26,1,103,103,103,1186,1.0,31.0,
10675,CURRENT_RUN_REAL_DATA,True,101,101,0,0,0,0,100,0,80,0,100,100,100,1190,6.0,30.0,
10676,CURRENT_RUN_REAL_DATA,True,99,99,0,0,0,0,98,0,77,0,98,98,98,1194,9.0,21.0,
10677,CURRENT_RUN_REAL_DATA,True,100,100,0,0,0,0,99,0,0,0,99,99,99,1191,2.0,20.0,
10678,CURRENT_RUN_REAL_DATA,True,104,104,0,0,0,8,95,8,0,3,103,103,103,1186,0.0,78.0,
10679,CURRENT_RUN_REAL_DATA,True,104,104,0,0,0,4,99,4,9,3,103,103,103,1195,0.0,118.0,
10680,CURRENT_RUN_REAL_DATA,True,112,112,0,0,0,2,109,2,53,0,111,111,111,1189,0.0,22.0,
10681,CURRENT_RUN_REAL_DATA,True,99,99,0,0,0,0,98,0,88,0,98,98,98,1186,8.0,21.0,
10682,CURRENT_RUN_REAL_DATA,True,100,100,0,0,0,0,99,0,81,0,99,99,99,1190,5.0,20.0,
10683,CURRENT_RUN_REAL_DATA,True,100,100,0,0,0,1,98,0,82,0,99,99,99,1189,0.0,23.0,
10684,CURRENT_RUN_REAL_DATA,True,110,110,0,0,0,0,109,0,5,1,109,109,109,1188,1.0,31.0,
10685,CURRENT_RUN_REAL_DATA,True,99,99,0,0,0,1,97,0,79,0,98,98,98,1186,0.0,23.0,
10686,CURRENT_RUN_REAL_DATA,True,135,135,0,0,0,11,123,9,17,1,134,134,134,1112,0.0,61.0,
10687,CURRENT_RUN_REAL_DATA,True,99,99,0,0,0,0,98,0,5,0,98,98,98,1191,9.0,20.0,
10688,CURRENT_RUN_REAL_DATA,True,99,99,0,0,0,0,98,0,77,0,98,98,98,1193,2.0,29.0,
10689,CURRENT_RUN_REAL_DATA,True,100,100,0,0,0,0,99,0,80,0,99,99,99,1190,4.0,21.0,
10690,CURRENT_RUN_REAL_DATA,True,110,110,0,0,0,7,102,7,10,3,109,109,109,1193,0.0,55.0,
10691,CURRENT_RUN_REAL_DATA,True,128,128,0,0,0,72,55,72,0,6,127,127,127,987,0.0,173.0,
10692,CURRENT_RUN_REAL_DATA,True,100,100,0,0,0,0,99,0,93,0,99,99,99,1190,5.0,22.0,
10693,CURRENT_RUN_REAL_DATA,True,99,99,0,0,0,0,98,0,79,0,98,98,98,1188,7.0,28.0,
10694,CURRENT_RUN_REAL_DATA,True,95,95,0,0,0,3,91,2,22,2,94,94,94,1167,0.0,100.0,
10695,CURRENT_RUN_REAL_DATA,True,100,100,0,0,0,0,99,0,79,0,99,99,99,1190,5.0,20.0,
10696,CURRENT_RUN_REAL_DATA,True,100,100,0,0,0,0,99,0,92,0,99,99,99,1190,4.0,21.0,
10697,CURRENT_RUN_REAL_DATA,True,99,99,0,0,0,0,98,0,73,0,98,98,98,1188,3.0,30.0,
10698,CURRENT_RUN_REAL_DATA,True,99,99,0,0,0,0,98,0,79,0,98,98,98,1195,1.0,30.0,
10699,CURRENT_RUN_REAL_DATA,True,101,101,0,0,0,0,100,0,13,0,100,100,100,1167,2.0,27.0,
10700,CURRENT_RUN_REAL_DATA,True,117,117,0,0,0,12,104,11,23,4,116,116,116,1187,0.0,42.0,
10701,CURRENT_RUN_REAL_DATA,True,108,108,0,0,0,8,99,8,36,2,107,107,107,1193,0.0,66.0,
10702,CURRENT_RUN_REAL_DATA,True,114,114,0,0,0,1,112,1,38,0,113,113,113,1197,0.0,21.0,
10703,CURRENT_RUN_REAL_DATA,True,100,100,0,0,0,0,99,0,3,0,99,99,99,1190,5.0,21.0,
10704,CURRENT_RUN_REAL_DATA,True,101,101,0,0,0,6,94,5,19,1,100,100,100,1191,0.0,84.0,
10705,CURRENT_RUN_REAL_DATA,True,117,117,0,0,0,3,113,3,17,0,116,116,116,1194,0.0,26.0,
10706,CURRENT_RUN_REAL_DATA,True,122,122,0,0,0,4,117,4,38,0,121,121,121,1194,0.0,21.0,
10707,CURRENT_RUN_REAL_DATA,True,99,99,0,0,0,0,98,0,90,0,98,98,98,1182,3.0,21.0,
10708,CURRENT_RUN_REAL_DATA,True,80,80,0,0,0,0,79,0,4,2,79,79,79,1193,1.0,229.0,
10709,CURRENT_RUN_REAL_DATA,True,122,122,0,0,0,7,114,7,36,0,121,121,121,1180,0.0,30.0,
10710,CURRENT_RUN_REAL_DATA,True,102,102,0,0,0,0,101,0,70,0,101,101,101,1196,1.0,21.0,
10711,CURRENT_RUN_REAL_DATA,True,100,100,0,0,0,0,99,0,96,0,99,99,99,1193,1.0,21.0,
10712,CURRENT_RUN_REAL_DATA,True,151,151,0,0,0,15,135,12,30,1,150,150,150,1192,0.0,80.0,
10713,CURRENT_RUN_REAL_DATA,True,100,100,0,0,0,0,99,0,91,0,99,99,99,1195,1.0,20.0,
10714,CURRENT_RUN_REAL_DATA,True,100,100,0,0,0,0,99,0,82,0,99,99,99,1191,5.0,21.0,
10715,CURRENT_RUN_REAL_DATA,True,99,99,0,0,0,0,98,0,91,0,98,98,98,1191,8.0,21.0,
10716,CURRENT_RUN_REAL_DATA,True,99,99,0,0,0,0,98,0,88,0,98,98,98,1190,6.0,30.0,
10717,CURRENT_RUN_REAL_DATA,True,107,107,0,0,0,1,105,1,23,1,106,106,106,1179,0.0,40.0,
10718,CURRENT_RUN_REAL_DATA,True,120,120,0,0,0,6,113,4,23,1,119,119,119,1125,0.0,31.0,
10719,CURRENT_RUN_REAL_DATA,True,117,117,0,0,0,3,113,3,21,0,116,116,116,1179,0.0,21.0,
10720,CURRENT_RUN_REAL_DATA,True,106,106,0,0,0,0,105,0,16,0,105,105,105,1187,1.0,23.0,
10721,CURRENT_RUN_REAL_DATA,True,98,98,0,0,0,1,96,0,75,0,97,97,97,1195,0.0,30.0,
10722,CURRENT_RUN_REAL_DATA,True,134,134,0,0,0,4,129,4,36,0,133,133,133,1196,0.0,30.0,
10723,CURRENT_RUN_REAL_DATA,True,109,109,0,0,0,0,108,0,39,1,108,108,108,1186,1.0,80.0,
10724,CURRENT_RUN_REAL_DATA,True,100,100,0,0,0,0,99,0,75,0,99,99,99,1189,7.0,21.0,
10725,CURRENT_RUN_REAL_DATA,True,154,154,0,0,0,6,147,6,34,0,153,153,153,1190,0.0,30.0,
10726,CURRENT_RUN_REAL_DATA,True,83,83,0,0,0,10,72,10,0,1,82,82,82,1194,0.0,470.0,
10727,CURRENT_RUN_REAL_DATA,True,99,99,0,0,0,0,98,0,89,0,98,98,98,1186,1.0,21.0,
10728,CURRENT_RUN_REAL_DATA,True,99,99,0,0,0,0,98,0,88,0,98,98,98,1195,9.0,22.0,
10729,CURRENT_RUN_REAL_DATA,True,109,109,0,0,0,6,102,6,5,4,108,108,108,1194,0.0,58.0,
10730,CURRENT_RUN_REAL_DATA,True,101,101,0,0,0,0,100,0,93,0,100,100,100,1191,5.0,21.0,
10731,CURRENT_RUN_REAL_DATA,True,88,88,0,0,0,2,85,2,17,2,87,87,87,1186,0.0,245.0,
10732,CURRENT_RUN_REAL_DATA,True,94,94,0,0,0,3,90,3,21,1,93,93,93,997,0.0,32.0,
10733,CURRENT_RUN_REAL_DATA,True,100,100,0,0,0,1,98,0,90,0,99,99,99,1189,0.0,23.0,
10734,CURRENT_RUN_REAL_DATA,True,98,98,0,0,0,0,97,0,30,0,97,97,97,1184,8.0,21.0,
10735,CURRENT_RUN_REAL_DATA,True,111,111,0,0,0,3,107,3,17,2,110,110,110,1180,0.0,36.0,
10736,CURRENT_RUN_REAL_DATA,True,98,98,0,0,0,0,97,0,77,0,97,97,97,1191,10.0,29.0,
10737,CURRENT_RUN_REAL_DATA,True,97,97,0,0,0,0,96,0,74,0,96,96,96,1186,9.0,21.0,
10738,CURRENT_RUN_REAL_DATA,True,98,98,0,0,0,0,97,0,78,0,97,97,97,1185,8.0,22.0,
10739,CURRENT_RUN_REAL_DATA,True,97,97,0,0,0,0,96,0,88,0,96,96,96,1188,8.0,28.0,
10740,CURRENT_RUN_REAL_DATA,True,99,99,0,0,0,0,98,0,79,0,98,98,98,1189,7.0,23.0,
10741,CURRENT_RUN_REAL_DATA,True,98,98,0,0,0,0,97,0,90,0,97,97,97,1186,8.0,22.0,
10742,CURRENT_RUN_REAL_DATA,True,123,123,0,0,0,2,120,2,21,0,122,122,122,1188,0.0,30.0,
10743,CURRENT_RUN_REAL_DATA,True,99,99,0,0,0,0,98,0,76,0,98,98,98,1190,9.0,21.0,
10744,CURRENT_RUN_REAL_DATA,True,110,110,0,0,0,3,106,3,0,0,109,109,109,1190,0.0,30.0,
10745,CURRENT_RUN_REAL_DATA,True,123,123,0,0,0,25,97,25,37,4,122,122,122,1189,0.0,110.0,
10746,CURRENT_RUN_REAL_DATA,True,101,101,0,0,0,0,100,0,76,0,100,100,100,1194,1.0,20.0,
10747,CURRENT_RUN_REAL_DATA,True,100,100,0,0,0,0,99,0,77,0,99,99,99,1191,3.0,20.0,
10748,CURRENT_RUN_REAL_DATA,True,99,99,0,0,0,0,98,0,77,0,98,98,98,1186,1.0,21.0,
10749,CURRENT_RUN_REAL_DATA,True,100,100,0,0,0,0,99,0,95,0,99,99,99,1191,5.0,21.0,
10750,CURRENT_RUN_REAL_DATA,True,134,134,0,0,0,7,126,7,24,0,133,133,133,1197,0.0,24.0,
10751,CURRENT_RUN_REAL_DATA,True,104,104,0,0,0,2,101,2,19,1,103,103,103,1192,0.0,31.0,
10752,CURRENT_RUN_REAL_DATA,True,100,100,0,0,0,0,99,0,79,0,99,99,99,1190,3.0,20.0,
10753,CURRENT_RUN_REAL_DATA,True,98,98,0,0,0,0,97,0,88,0,97,97,97,1186,8.0,22.0,
10754,CURRENT_RUN_REAL_DATA,True,99,99,0,0,0,0,98,0,79,0,98,98,98,1188,6.0,28.0,
10755,CURRENT_RUN_REAL_DATA,True,100,100,0,0,0,0,99,0,28,0,99,99,99,1194,1.0,21.0,
10756,CURRENT_RUN_REAL_DATA,True,99,99,0,0,0,0,98,0,78,0,98,98,98,1191,6.0,30.0,
10757,CURRENT_RUN_REAL_DATA,True,109,109,0,0,0,1,107,0,21,0,108,108,108,1191,0.0,30.0,
10758,CURRENT_RUN_REAL_DATA,True,112,112,0,0,0,3,108,3,0,0,111,111,111,1191,0.0,25.0,
10759,CURRENT_RUN_REAL_DATA,True,103,103,0,0,0,0,102,0,33,0,102,102,102,1191,3.0,22.0,
10760,CURRENT_RUN_REAL_DATA,True,100,100,0,0,0,0,99,0,80,0,99,99,99,1195,1.0,21.0,
10761,CURRENT_RUN_REAL_DATA,True,103,103,0,0,0,0,102,0,75,0,102,102,102,1195,1.0,21.0,
10762,CURRENT_RUN_REAL_DATA,True,90,90,0,0,0,3,86,3,47,1,89,89,89,1191,0.0,175.0,
10763,CURRENT_RUN_REAL_DATA,True,97,97,0,0,0,0,96,0,15,0,96,96,96,1186,9.0,30.0,
10764,CURRENT_RUN_REAL_DATA,True,97,97,0,0,0,0,96,0,76,1,96,96,96,1192,9.0,31.0,
10765,CURRENT_RUN_REAL_DATA,True,101,101,0,0,0,3,97,0,83,1,100,100,100,1191,0.0,79.0,
10766,CURRENT_RUN_REAL_DATA,True,103,103,0,0,0,6,96,6,12,2,102,102,102,1191,0.0,117.0,
10767,CURRENT_RUN_REAL_DATA,True,100,100,0,0,0,0,99,0,79,0,99,99,99,1187,6.0,20.0,
10768,CURRENT_RUN_REAL_DATA,True,100,100,0,0,0,1,98,1,11,0,99,99,99,1189,0.0,23.0,
10769,CURRENT_RUN_REAL_DATA,True,100,100,0,0,0,1,98,0,78,0,99,99,99,1190,0.0,21.0,
10770,CURRENT_RUN_REAL_DATA,True,131,131,0,0,0,3,127,3,19,0,130,130,130,1192,0.0,30.0,
10771,CURRENT_RUN_REAL_DATA,True,99,99,0,0,0,0,98,0,94,0,98,98,98,1189,6.0,23.0,
10772,CURRENT_RUN_REAL_DATA,True,103,103,0,0,0,0,102,0,46,0,102,102,102,1195,1.0,21.0,
10773,CURRENT_RUN_REAL_DATA,True,100,100,0,0,0,10,89,10,3,9,99,99,99,1187,0.0,150.0,
10774,CURRENT_RUN_REAL_DATA,True,99,99,0,0,0,1,97,1,0,0,98,98,98,1190,0.0,30.0,
10775,CURRENT_RUN_REAL_DATA,True,118,118,0,0,0,4,113,4,2,0,117,117,117,1186,0.0,25.0,
10776,CURRENT_RUN_REAL_DATA,True,99,99,0,0,0,0,98,0,89,0,98,98,98,1188,7.0,28.0,
10777,CURRENT_RUN_REAL_DATA,True,112,112,0,0,0,1,110,1,66,0,111,111,111,1189,0.0,21.0,
10778,CURRENT_RUN_REAL_DATA,True,103,103,0,0,0,4,98,2,37,2,102,102,102,1192,0.0,59.0,
10779,CURRENT_RUN_REAL_DATA,True,98,98,0,0,0,0,97,0,88,0,97,97,97,1186,8.0,23.0,
10780,CURRENT_RUN_REAL_DATA,True,98,98,0,0,0,0,97,0,78,0,97,97,97,1188,9.0,28.0,
10781,CURRENT_RUN_REAL_DATA,True,100,100,0,0,0,0,99,0,99,0,99,99,99,1190,5.0,21.0,
10782,CURRENT_RUN_REAL_DATA,True,100,100,0,0,0,0,99,0,80,0,99,99,99,1192,1.0,21.0,
10783,CURRENT_RUN_REAL_DATA,True,99,99,0,0,0,0,98,0,88,0,98,98,98,1188,7.0,28.0,
10784,CURRENT_RUN_REAL_DATA,True,100,100,0,0,0,0,99,0,89,0,99,99,99,1191,5.0,21.0,
10785,CURRENT_RUN_REAL_DATA,True,101,101,0,0,0,0,100,0,39,0,100,100,100,1186,1.0,29.0,
10786,CURRENT_RUN_REAL_DATA,True,103,103,0,0,0,0,102,0,22,1,102,102,102,1186,2.0,31.0,
10787,CURRENT_RUN_REAL_DATA,True,99,99,0,0,0,0,98,0,78,0,98,98,98,1194,9.0,20.0,
10788,CURRENT_RUN_REAL_DATA,True,113,113,0,0,0,0,112,0,0,1,112,112,112,1188,1.0,35.0,
10789,CURRENT_RUN_REAL_DATA,True,113,113,0,0,0,1,111,1,29,1,112,112,112,1191,0.0,32.0,
10790,CURRENT_RUN_REAL_DATA,True,99,99,0,0,0,0,98,0,78,0,98,98,98,1190,9.0,21.0,
10791,CURRENT_RUN_REAL_DATA,True,92,92,0,0,0,11,80,11,9,6,91,91,91,1191,0.0,147.0,
10792,CURRENT_RUN_REAL_DATA,True,99,99,0,0,0,0,98,0,77,0,98,98,98,1191,4.0,21.0,
10793,CURRENT_RUN_REAL_DATA,True,98,98,0,0,0,0,97,0,78,0,97,97,97,1186,9.0,22.0,
10794,CURRENT_RUN_REAL_DATA,True,100,100,0,0,0,0,99,0,79,0,99,99,99,1190,4.0,21.0,
10795,CURRENT_RUN_REAL_DATA,True,117,117,0,0,0,8,108,7,21,0,116,116,116,1194,0.0,25.0,
10796,CURRENT_RUN_REAL_DATA,True,98,98,0,0,0,0,97,0,5,0,97,97,97,1186,7.0,21.0,
10797,CURRENT_RUN_REAL_DATA,True,99,99,0,0,0,1,97,0,91,0,98,98,98,1192,0.0,30.0,
10798,CURRENT_RUN_REAL_DATA,True,99,99,0,0,0,0,98,0,1,0,98,98,98,1179,3.0,21.0,
10799,CURRENT_RUN_REAL_DATA,True,97,97,0,0,0,0,96,0,29,1,96,96,96,1189,2.0,102.0,
10800,CURRENT_RUN_REAL_DATA,True,122,122,0,0,0,7,114,7,0,0,121,121,121,1195,0.0,25.0,
10801,CURRENT_RUN_REAL_DATA,True,99,99,0,0,0,0,98,0,88,0,98,98,98,1188,7.0,28.0,
10802,CURRENT_RUN_REAL_DATA,True,106,106,0,0,0,7,98,6,1,2,105,105,105,1189,0.0,42.0,
10803,CURRENT_RUN_REAL_DATA,True,98,98,0,0,0,0,97,0,78,0,97,97,97,1190,9.0,30.0,
10804,CURRENT_RUN_REAL_DATA,True,115,115,0,0,0,12,102,11,25,0,114,114,114,1146,0.0,20.0,
10805,CURRENT_RUN_REAL_DATA,True,98,98,0,0,0,0,97,0,82,0,97,97,97,1186,8.0,22.0,
10806,CURRENT_RUN_REAL_DATA,True,132,132,0,0,0,4,127,3,19,1,131,131,131,1189,0.0,112.0,
10807,CURRENT_RUN_REAL_DATA,True,98,98,0,0,0,0,97,0,95,0,97,97,97,1185,7.0,23.0,
10808,CURRENT_RUN_REAL_DATA,True,100,100,0,0,0,0,99,0,83,0,99,99,99,1193,2.0,21.0,
10809,CURRENT_RUN_REAL_DATA,True,99,99,0,0,0,0,98,0,88,0,98,98,98,1194,9.0,22.0,
10810,CURRENT_RUN_REAL_DATA,True,102,102,0,0,0,1,100,1,0,0,101,101,101,1191,0.0,28.0,
10811,CURRENT_RUN_REAL_DATA,True,100,100,0,0,0,0,99,0,79,0,99,99,99,1187,5.0,21.0,
10812,CURRENT_RUN_REAL_DATA,True,99,99,0,0,0,0,98,0,78,0,98,98,98,1190,4.0,21.0,
10813,CURRENT_RUN_REAL_DATA,True,98,98,0,0,0,0,97,0,88,0,97,97,97,1185,7.0,21.0,
10814,CURRENT_RUN_REAL_DATA,True,104,104,0,0,0,0,103,0,65,0,103,103,103,1186,2.0,22.0,
10815,CURRENT_RUN_REAL_DATA,True,110,110,0,0,0,0,109,0,1,0,109,109,109,1186,2.0,25.0,
10816,CURRENT_RUN_REAL_DATA,True,99,99,0,0,0,0,98,0,78,0,98,98,98,1194,9.0,20.0,
10817,CURRENT_RUN_REAL_DATA,True,107,107,0,0,0,4,102,4,15,0,106,106,106,1179,0.0,25.0,
10818,CURRENT_RUN_REAL_DATA,True,99,99,0,0,0,1,97,0,92,0,98,98,98,1185,0.0,23.0,
10819,CURRENT_RUN_REAL_DATA,True,99,99,0,0,0,0,98,0,78,0,98,98,98,1179,4.0,21.0,
10820,CURRENT_RUN_REAL_DATA,True,128,128,0,0,0,4,123,3,12,1,127,127,127,1184,0.0,31.0,
10821,CURRENT_RUN_REAL_DATA,True,99,99,0,0,0,0,98,0,79,0,98,98,98,1189,7.0,22.0,
10822,CURRENT_RUN_REAL_DATA,True,100,100,0,0,0,0,99,0,79,0,99,99,99,1191,3.0,21.0,
10823,CURRENT_RUN_REAL_DATA,True,98,98,0,0,0,0,97,0,87,0,97,97,97,1186,9.0,21.0,
10824,CURRENT_RUN_REAL_DATA,True,123,123,0,0,0,5,117,5,7,1,122,122,122,1186,0.0,59.0,
10825,CURRENT_RUN_REAL_DATA,True,99,99,0,0,0,0,98,0,79,0,98,98,98,1191,2.0,29.0,
10826,CURRENT_RUN_REAL_DATA,True,98,98,0,0,0,0,97,0,88,0,97,97,97,1188,7.0,30.0,
10827,CURRENT_RUN_REAL_DATA,True,170,170,0,0,0,13,156,9,17,1,169,169,169,1191,0.0,51.0,
10828,CURRENT_RUN_REAL_DATA,True,102,102,0,0,0,3,98,3,56,1,101,101,101,1180,0.0,37.0,
10829,CURRENT_RUN_REAL_DATA,True,100,100,0,0,0,0,99,0,90,0,99,99,99,1191,2.0,21.0,
10830,CURRENT_RUN_REAL_DATA,True,99,99,0,0,0,0,98,0,92,0,98,98,98,1194,9.0,21.0,
10831,CURRENT_RUN_REAL_DATA,True,100,100,0,0,0,0,99,0,31,0,99,99,99,1187,6.0,20.0,
10832,CURRENT_RUN_REAL_DATA,True,100,100,0,0,0,0,99,0,89,0,99,99,99,1191,2.0,21.0,
10833,CURRENT_RUN_REAL_DATA,True,100,100,0,0,0,0,99,0,89,0,99,99,99,1191,3.0,21.0,
10834,CURRENT_RUN_REAL_DATA,True,35,35,0,0,0,1,33,1,0,0,34,34,34,408,0.0,21.0,
10835,CURRENT_RUN_REAL_DATA,True,108,108,0,0,0,2,105,2,74,0,107,107,107,1194,0.0,22.0,
10836,CURRENT_RUN_REAL_DATA,True,99,99,0,0,0,0,98,0,37,0,98,98,98,1191,9.0,21.0,
10837,CURRENT_RUN_REAL_DATA,True,98,98,0,0,0,0,97,0,87,0,97,97,97,1186,9.0,21.0,
10838,CURRENT_RUN_REAL_DATA,True,100,100,0,0,0,0,99,0,90,0,99,99,99,1187,6.0,21.0,
10839,CURRENT_RUN_REAL_DATA,True,114,114,0,0,0,4,109,4,32,0,113,113,113,1187,0.0,30.0,
10840,CURRENT_RUN_REAL_DATA,True,99,99,0,0,0,0,98,0,88,0,98,98,98,1190,9.0,21.0,
10841,CURRENT_RUN_REAL_DATA,True,101,101,0,0,0,3,97,2,37,0,100,100,100,1193,0.0,30.0,
10842,CURRENT_RUN_REAL_DATA,True,102,102,0,0,0,3,98,3,19,3,101,101,101,1186,0.0,48.0,
10843,CURRENT_RUN_REAL_DATA,True,104,104,0,0,0,7,96,2,22,3,103,103,103,1190,0.0,47.0,
10844,CURRENT_RUN_REAL_DATA,True,94,94,0,0,0,3,90,2,30,0,93,93,93,895,0.0,21.0,
10845,CURRENT_RUN_REAL_DATA,True,102,102,0,0,0,0,101,0,62,0,101,101,101,1180,1.0,21.0,
10846,CURRENT_RUN_REAL_DATA,True,99,99,0,0,0,0,98,0,90,0,98,98,98,1188,7.0,28.0,
10847,CURRENT_RUN_REAL_DATA,True,99,99,0,0,0,0,98,0,95,0,98,98,98,1188,6.0,28.0,
10848,CURRENT_RUN_REAL_DATA,True,111,111,0,0,0,4,106,3,64,0,110,110,110,1190,0.0,21.0,
10849,CURRENT_RUN_REAL_DATA,True,111,111,0,0,0,8,102,8,48,1,110,110,110,1190,0.0,53.0,
10850,CURRENT_RUN_REAL_DATA,True,120,120,0,0,0,2,117,2,21,1,119,119,119,1177,0.0,40.0,
10851,CURRENT_RUN_REAL_DATA,True,99,99,0,0,0,0,98,0,72,0,98,98,98,1189,5.0,27.0,
10852,CURRENT_RUN_REAL_DATA,True,99,99,0,0,0,0,98,0,92,0,98,98,98,1186,9.0,22.0,
10853,CURRENT_RUN_REAL_DATA,True,100,100,0,0,0,0,99,0,80,0,99,99,99,1191,3.0,20.0,
10854,CURRENT_RUN_REAL_DATA,True,99,99,0,0,0,0,98,0,88,0,98,98,98,1193,8.0,21.0,
10855,CURRENT_RUN_REAL_DATA,True,109,109,0,0,0,5,103,5,21,1,108,108,108,1191,0.0,71.0,
10856,CURRENT_RUN_REAL_DATA,True,99,99,0,0,0,0,98,0,76,0,98,98,98,1186,3.0,21.0,
10857,CURRENT_RUN_REAL_DATA,True,106,106,0,0,0,3,102,3,42,2,105,105,105,1186,0.0,39.0,
10858,CURRENT_RUN_REAL_DATA,True,100,100,0,0,0,0,99,0,1,1,99,99,99,1190,6.0,31.0,
10859,CURRENT_RUN_REAL_DATA,True,100,100,0,0,0,0,99,0,81,0,99,99,99,1190,5.0,20.0,
10860,CURRENT_RUN_REAL_DATA,True,100,100,0,0,0,0,99,0,0,0,99,99,99,1193,2.0,20.0,
10861,CURRENT_RUN_REAL_DATA,True,110,110,0,0,0,9,100,9,0,1,109,109,109,1191,0.0,95.0,
10862,CURRENT_RUN_REAL_DATA,True,126,126,0,0,0,3,122,3,4,0,125,125,125,1188,0.0,25.0,
10863,CURRENT_RUN_REAL_DATA,True,99,99,0,0,0,0,98,0,88,0,98,98,98,1189,6.0,22.0,
10864,CURRENT_RUN_REAL_DATA,True,41,41,0,0,0,0,40,0,11,1,40,40,40,686,2.0,240.0,
10865,CURRENT_RUN_REAL_DATA,True,135,135,0,0,0,4,130,4,26,0,134,134,134,1190,0.0,27.0,
10866,CURRENT_RUN_REAL_DATA,True,147,147,0,0,0,5,141,5,23,0,146,146,146,1190,0.0,29.0,
10867,CURRENT_RUN_REAL_DATA,True,143,143,0,0,0,3,139,3,19,1,142,142,142,1191,0.0,31.0,
10868,CURRENT_RUN_REAL_DATA,True,100,100,0,0,0,0,99,0,59,0,99,99,99,1194,1.0,20.0,
10869,CURRENT_RUN_REAL_DATA,True,99,99,0,0,0,0,98,0,78,0,98,98,98,1189,5.0,22.0,
10870,CURRENT_RUN_REAL_DATA,True,99,99,0,0,0,0,98,0,79,0,98,98,98,1183,1.0,21.0,
10871,CURRENT_RUN_REAL_DATA,True,100,100,0,0,0,0,99,0,90,0,99,99,99,1195,2.0,21.0,
10872,CURRENT_RUN_REAL_DATA,True,100,100,0,0,0,0,99,0,79,0,99,99,99,1190,3.0,20.0,
10873,CURRENT_RUN_REAL_DATA,True,129,129,0,0,0,2,126,2,24,0,128,128,128,1188,0.0,25.0,
10874,CURRENT_RUN_REAL_DATA,True,106,106,0,0,0,3,102,3,21,1,105,105,105,1191,0.0,44.0,
10875,CURRENT_RUN_REAL_DATA,True,107,107,0,0,0,0,106,0,58,0,106,106,106,1191,1.0,25.0,
10876,CURRENT_RUN_REAL_DATA,True,100,100,0,0,0,0,99,0,89,0,99,99,99,1195,1.0,21.0,
10877,CURRENT_RUN_REAL_DATA,True,98,98,0,0,0,0,97,0,78,0,97,97,97,1183,8.0,22.0,
10878,CURRENT_RUN_REAL_DATA,True,123,123,0,0,0,2,120,2,0,0,122,122,122,1184,0.0,21.0,
10879,CURRENT_RUN_REAL_DATA,True,100,100,0,0,0,0,99,0,20,0,99,99,99,1190,5.0,20.0,
10880,CURRENT_RUN_REAL_DATA,True,105,105,0,0,0,1,103,1,43,0,104,104,104,1195,0.0,23.0,
10881,CURRENT_RUN_REAL_DATA,True,100,100,0,0,0,0,99,0,24,0,99,99,99,1190,4.0,20.0,
10882,CURRENT_RUN_REAL_DATA,True,108,108,0,0,0,4,103,3,25,1,107,107,107,1188,0.0,31.0,
10883,CURRENT_RUN_REAL_DATA,True,127,127,0,0,0,5,121,4,14,0,126,126,126,1190,0.0,22.0,
10884,CURRENT_RUN_REAL_DATA,True,98,98,0,0,0,0,97,0,87,0,97,97,97,1190,10.0,30.0,
10885,CURRENT_RUN_REAL_DATA,True,100,100,0,0,0,0,99,0,80,0,99,99,99,1191,4.0,20.0,
10886,CURRENT_RUN_REAL_DATA,True,99,99,0,0,0,1,97,0,79,0,98,98,98,1186,0.0,21.0,
10887,CURRENT_RUN_REAL_DATA,True,99,99,0,0,0,0,98,0,0,0,98,98,98,1188,7.0,28.0,
10888,CURRENT_RUN_REAL_DATA,True,100,100,0,0,0,0,99,0,95,0,99,99,99,1191,4.0,20.0,
10889,CURRENT_RUN_REAL_DATA,True,110,110,0,0,0,1,108,1,11,0,109,109,109,1191,0.0,29.0,
10890,CURRENT_RUN_REAL_DATA,True,100,100,0,0,0,0,99,0,78,0,99,99,99,1193,2.0,21.0,
10891,CURRENT_RUN_REAL_DATA,True,106,106,0,0,0,0,105,0,63,0,105,105,105,1191,1.0,21.0,
10892,CURRENT_RUN_REAL_DATA,True,116,116,0,0,0,2,113,2,48,0,115,115,115,1187,0.0,21.0,
10893,CURRENT_RUN_REAL_DATA,True,130,130,0,0,0,2,127,2,8,1,129,129,129,1192,0.0,32.0,
10894,CURRENT_RUN_REAL_DATA,True,125,125,0,0,0,1,123,1,9,0,124,124,124,1196,0.0,25.0,
10895,CURRENT_RUN_REAL_DATA,True,99,99,0,0,0,0,98,0,88,0,98,98,98,1189,6.0,22.0,
10896,CURRENT_RUN_REAL_DATA,True,103,103,0,0,0,1,101,0,55,0,102,102,102,1191,0.0,28.0,
10897,CURRENT_RUN_REAL_DATA,True,108,108,0,0,0,1,106,1,21,0,107,107,107,1188,0.0,23.0,
10898,CURRENT_RUN_REAL_DATA,True,107,107,0,0,0,0,106,0,28,0,106,106,106,1185,1.0,30.0,
10899,CURRENT_RUN_REAL_DATA,True,104,104,0,0,0,0,103,0,6,0,103,103,103,1195,1.0,23.0,
10900,CURRENT_RUN_REAL_DATA,True,100,100,0,0,0,0,99,0,92,0,99,99,99,1191,2.0,21.0,
10901,CURRENT_RUN_REAL_DATA,True,100,100,0,0,0,0,99,0,89,0,99,99,99,1190,4.0,20.0,
10902,CURRENT_RUN_REAL_DATA,True,99,99,0,0,0,0,98,0,88,0,98,98,98,1191,8.0,22.0,
10903,CURRENT_RUN_REAL_DATA,True,156,156,0,0,0,11,144,11,23,0,155,155,155,1193,0.0,28.0,
10904,CURRENT_RUN_REAL_DATA,True,101,101,0,0,0,7,93,6,29,1,100,100,100,1195,0.0,81.0,
10905,CURRENT_RUN_REAL_DATA,True,89,89,0,0,0,0,88,0,77,1,88,88,88,1186,1.0,160.0,
10906,CURRENT_RUN_REAL_DATA,True,103,103,0,0,0,1,101,0,29,1,102,102,102,1197,0.0,125.0,
10907,CURRENT_RUN_REAL_DATA,True,125,125,0,0,0,10,114,10,39,0,124,124,124,1198,0.0,30.0,
10908,CURRENT_RUN_REAL_DATA,True,103,103,0,0,0,0,102,0,29,0,102,102,102,1183,1.0,24.0,
10909,CURRENT_RUN_REAL_DATA,True,99,99,0,0,0,0,98,0,80,0,98,98,98,1195,8.0,21.0,
10910,CURRENT_RUN_REAL_DATA,True,99,99,0,0,0,0,98,0,3,0,98,98,98,1195,10.0,20.0,
10911,CURRENT_RUN_REAL_DATA,True,103,103,0,0,0,2,100,2,33,1,102,102,102,1182,0.0,47.0,
10912,CURRENT_RUN_REAL_DATA,True,125,125,0,0,0,8,116,8,16,2,124,124,124,1186,0.0,35.0,
10913,CURRENT_RUN_REAL_DATA,True,101,101,0,0,0,0,100,0,90,0,100,100,100,1190,5.0,21.0,
10914,CURRENT_RUN_REAL_DATA,True,98,98,0,0,0,0,97,0,78,0,97,97,97,1195,9.0,30.0,
10915,CURRENT_RUN_REAL_DATA,True,111,111,0,0,0,5,105,5,38,1,110,110,110,1191,0.0,31.0,
10916,CURRENT_RUN_REAL_DATA,True,112,112,0,0,0,1,110,1,28,0,111,111,111,1183,0.0,24.0,
10917,CURRENT_RUN_REAL_DATA,True,99,99,0,0,0,0,98,0,89,0,98,98,98,1185,9.0,22.0,
10918,CURRENT_RUN_REAL_DATA,True,30,30,0,0,0,0,29,0,21,6,29,29,29,1110,9.0,220.0,
10919,CURRENT_RUN_REAL_DATA,True,106,106,0,0,0,1,104,1,2,0,105,105,105,1191,0.0,21.0,
10920,CURRENT_RUN_REAL_DATA,True,107,107,0,0,0,0,106,0,0,1,106,106,106,1198,1.0,104.0,
10921,CURRENT_RUN_REAL_DATA,True,105,105,0,0,0,0,104,0,22,0,104,104,104,1192,1.0,30.0,
10922,CURRENT_RUN_REAL_DATA,True,110,110,0,0,0,0,109,0,24,0,109,109,109,1191,1.0,26.0,
10923,CURRENT_RUN_REAL_DATA,True,100,100,0,0,0,0,99,0,89,0,99,99,99,1191,1.0,21.0,
10924,CURRENT_RUN_REAL_DATA,True,100,100,0,0,0,1,98,1,71,0,99,99,99,1195,0.0,30.0,
10925,CURRENT_RUN_REAL_DATA,True,99,99,0,0,0,0,98,0,78,0,98,98,98,1195,9.0,20.0,
10926,CURRENT_RUN_REAL_DATA,True,105,105,0,0,0,3,101,2,51,2,104,104,104,1195,0.0,33.0,
10927,CURRENT_RUN_REAL_DATA,True,103,103,0,0,0,1,101,0,22,0,102,102,102,1196,0.0,23.0,
10928,CURRENT_RUN_REAL_DATA,True,99,99,0,0,0,0,98,0,3,0,98,98,98,1191,4.0,30.0,
10929,CURRENT_RUN_REAL_DATA,True,127,127,0,0,0,11,115,11,19,1,126,126,126,1131,0.0,90.0,
10930,CURRENT_RUN_REAL_DATA,True,99,99,0,0,0,0,98,0,91,0,98,98,98,1180,4.0,20.0,
10931,CURRENT_RUN_REAL_DATA,True,99,99,0,0,0,0,98,0,11,0,98,98,98,1189,7.0,23.0,
10932,CURRENT_RUN_REAL_DATA,True,100,100,0,0,0,0,99,0,89,0,99,99,99,1191,2.0,21.0,
10933,CURRENT_RUN_REAL_DATA,True,106,106,0,0,0,7,98,0,95,2,105,105,105,1169,0.0,34.0,
10934,CURRENT_RUN_REAL_DATA,True,98,98,0,0,0,0,97,0,91,0,97,97,97,1188,7.0,30.0,
10935,CURRENT_RUN_REAL_DATA,True,102,102,0,0,0,0,101,0,73,0,101,101,101,1198,1.0,21.0,
10936,CURRENT_RUN_REAL_DATA,True,99,99,0,0,0,0,98,0,91,0,98,98,98,1190,1.0,30.0,
10937,CURRENT_RUN_REAL_DATA,True,100,100,0,0,0,0,99,0,89,0,99,99,99,1191,4.0,20.0,
10938,CURRENT_RUN_REAL_DATA,True,95,95,0,0,0,0,94,0,62,1,94,94,94,1184,1.0,65.0,
10939,CURRENT_RUN_REAL_DATA,True,100,100,0,0,0,1,98,0,90,0,99,99,99,1194,0.0,20.0,
10940,CURRENT_RUN_REAL_DATA,True,99,99,0,0,0,4,94,2,71,1,98,98,98,1186,0.0,76.0,
10941,CURRENT_RUN_REAL_DATA,True,113,113,0,0,0,1,111,1,24,1,112,112,112,1187,0.0,130.0,
10942,CURRENT_RUN_REAL_DATA,True,99,99,0,0,0,0,98,0,81,0,98,98,98,1195,9.0,21.0,
10943,CURRENT_RUN_REAL_DATA,True,109,109,0,0,0,1,107,1,0,0,108,108,108,1187,0.0,30.0,
10944,CURRENT_RUN_REAL_DATA,True,102,102,0,0,0,1,100,0,79,0,101,101,101,1191,0.0,20.0,
10945,CURRENT_RUN_REAL_DATA,True,173,173,0,0,0,4,168,4,20,0,172,172,172,1198,0.0,27.0,
10946,CURRENT_RUN_REAL_DATA,True,99,99,0,0,0,0,98,0,78,0,98,98,98,1185,1.0,21.0,
10947,CURRENT_RUN_REAL_DATA,True,100,100,0,0,0,0,99,0,89,0,99,99,99,1194,1.0,20.0,
10948,CURRENT_RUN_REAL_DATA,True,124,124,0,0,0,6,117,5,13,1,123,123,123,1186,0.0,32.0,
10949,CURRENT_RUN_REAL_DATA,True,100,100,0,0,0,1,98,0,90,0,99,99,99,1194,0.0,21.0,
10950,CURRENT_RUN_REAL_DATA,True,108,108,0,0,0,2,105,2,1,0,107,107,107,1193,0.0,23.0,
10951,CURRENT_RUN_REAL_DATA,True,98,98,0,0,0,0,97,0,78,0,97,97,97,1188,10.0,28.0,
10952,CURRENT_RUN_REAL_DATA,True,101,101,0,0,0,0,100,0,69,0,100,100,100,1193,3.0,21.0,
10953,CURRENT_RUN_REAL_DATA,True,157,157,0,0,0,3,153,3,29,0,156,156,156,1188,0.0,27.0,
10954,CURRENT_RUN_REAL_DATA,True,99,99,0,0,0,0,98,0,78,0,98,98,98,1190,9.0,20.0,
10955,CURRENT_RUN_REAL_DATA,True,147,147,0,0,0,0,146,0,24,0,146,146,146,1187,1.0,27.0,
10956,CURRENT_RUN_REAL_DATA,True,98,98,0,0,0,0,97,0,10,0,97,97,97,1194,10.0,30.0,
10957,CURRENT_RUN_REAL_DATA,True,100,100,0,0,0,1,98,1,89,0,99,99,99,1189,0.0,23.0,
10958,CURRENT_RUN_REAL_DATA,True,99,99,0,0,0,0,98,0,78,0,98,98,98,1181,4.0,20.0,
10959,CURRENT_RUN_REAL_DATA,True,99,99,0,0,0,0,98,0,27,0,98,98,98,1186,6.0,29.0,
10960,CURRENT_RUN_REAL_DATA,True,130,130,0,0,0,2,127,1,27,0,129,129,129,1178,0.0,30.0,
10961,CURRENT_RUN_REAL_DATA,True,100,100,0,0,0,0,99,0,79,0,99,99,99,1191,5.0,20.0,
10962,CURRENT_RUN_REAL_DATA,True,113,113,0,0,0,3,109,3,15,1,112,112,112,1190,0.0,37.0,
10963,CURRENT_RUN_REAL_DATA,True,98,98,0,0,0,0,97,0,87,0,97,97,97,1191,9.0,30.0,
10964,CURRENT_RUN_REAL_DATA,True,99,99,0,0,0,0,98,0,17,0,98,98,98,1188,1.0,21.0,
10965,CURRENT_RUN_REAL_DATA,True,100,100,0,0,0,0,99,0,92,0,99,99,99,1190,5.0,21.0,
10966,CURRENT_RUN_REAL_DATA,True,98,98,0,0,0,0,97,0,87,0,97,97,97,1186,7.0,29.0,
10967,CURRENT_RUN_REAL_DATA,True,100,100,0,0,0,1,98,0,84,0,99,99,99,1194,0.0,20.0,
10968,CURRENT_RUN_REAL_DATA,True,107,107,0,0,0,0,106,0,57,0,106,106,106,1195,2.0,21.0,
10969,CURRENT_RUN_REAL_DATA,True,102,102,0,0,0,0,101,0,77,0,101,101,101,1191,1.0,20.0,
10970,CURRENT_RUN_REAL_DATA,True,108,108,0,0,0,2,105,2,4,1,107,107,107,1194,0.0,31.0,
10971,CURRENT_RUN_REAL_DATA,True,100,100,0,0,0,0,99,0,3,0,99,99,99,1193,2.0,21.0,
10972,CURRENT_RUN_REAL_DATA,True,100,100,0,0,0,0,99,0,79,0,99,99,99,1192,5.0,20.0,
10973,CURRENT_RUN_REAL_DATA,True,109,109,0,0,0,0,108,0,26,1,108,108,108,1186,1.0,40.0,
10974,CURRENT_RUN_REAL_DATA,True,106,106,0,0,0,0,105,0,73,0,105,105,105,1189,1.0,23.0,
10975,CURRENT_RUN_REAL_DATA,True,109,109,0,0,0,2,106,1,21,0,108,108,108,1190,0.0,21.0,
10976,CURRENT_RUN_REAL_DATA,True,98,98,0,0,0,0,97,0,2,0,97,97,97,1190,10.0,26.0,
10977,CURRENT_RUN_REAL_DATA,True,101,101,0,0,0,1,99,1,23,0,100,100,100,1186,0.0,28.0,
10978,CURRENT_RUN_REAL_DATA,True,105,105,0,0,0,0,104,0,2,0,104,104,104,1195,2.0,26.0,
10979,CURRENT_RUN_REAL_DATA,True,100,100,0,0,0,0,99,0,2,0,99,99,99,1190,5.0,20.0,
10980,CURRENT_RUN_REAL_DATA,True,101,101,0,0,0,3,97,3,27,2,100,100,100,1189,0.0,39.0,
10981,CURRENT_RUN_REAL_DATA,True,100,100,0,0,0,1,98,1,2,0,99,99,99,1194,0.0,21.0,
10982,CURRENT_RUN_REAL_DATA,True,100,100,0,0,0,0,99,0,79,0,99,99,99,1194,1.0,21.0,
10983,CURRENT_RUN_REAL_DATA,True,99,99,0,0,0,1,97,0,88,0,98,98,98,1186,0.0,21.0,
10984,CURRENT_RUN_REAL_DATA,True,105,105,0,0,0,5,99,5,17,3,104,104,104,1166,0.0,43.0,
10985,CURRENT_RUN_REAL_DATA,True,99,99,0,0,0,0,98,0,78,0,98,98,98,1195,9.0,21.0,
10986,CURRENT_RUN_REAL_DATA,True,73,73,0,0,0,0,72,0,23,2,72,72,72,1193,1.0,332.0,
10987,CURRENT_RUN_REAL_DATA,True,97,97,0,0,0,0,96,0,0,0,96,96,96,1185,9.0,22.0,
10988,CURRENT_RUN_REAL_DATA,True,100,100,0,0,0,0,99,0,80,0,99,99,99,1187,6.0,20.0,
10989,CURRENT_RUN_REAL_DATA,True,99,99,0,0,0,0,98,0,0,0,98,98,98,1195,8.0,22.0,
10990,CURRENT_RUN_REAL_DATA,True,111,111,0,0,0,1,109,1,49,0,110,110,110,1165,0.0,24.0,
10991,CURRENT_RUN_REAL_DATA,True,110,110,0,0,0,1,108,1,10,0,109,109,109,1186,0.0,24.0,
10992,CURRENT_RUN_REAL_DATA,True,116,116,0,0,0,5,110,5,0,1,115,115,115,1191,0.0,37.0,
10993,CURRENT_RUN_REAL_DATA,True,99,99,0,0,0,0,98,0,88,0,98,98,98,1195,10.0,20.0,
10994,CURRENT_RUN_REAL_DATA,True,100,100,0,0,0,1,98,0,89,0,99,99,99,1189,0.0,23.0,
10995,CURRENT_RUN_REAL_DATA,True,99,99,0,0,0,0,98,0,90,0,98,98,98,1183,1.0,21.0,
10996,CURRENT_RUN_REAL_DATA,True,107,107,0,0,0,1,105,1,23,1,106,106,106,1183,0.0,32.0,
10997,CURRENT_RUN_REAL_DATA,True,100,100,0,0,0,0,99,0,89,0,99,99,99,1190,4.0,20.0,
10998,CURRENT_RUN_REAL_DATA,True,99,99,0,0,0,0,98,0,78,0,98,98,98,1184,1.0,21.0,
10999,CURRENT_RUN_REAL_DATA,True,77,77,0,0,0,2,74,2,0,3,76,76,76,1167,0.0,241.0,
11000,CURRENT_RUN_REAL_DATA,True,100,100,0,0,0,0,99,0,45,0,99,99,99,1189,7.0,21.0,
11001,CURRENT_RUN_REAL_DATA,True,99,99,0,0,0,0,98,0,0,0,98,98,98,1190,8.0,21.0,
11002,CURRENT_RUN_REAL_DATA,True,100,100,0,0,0,0,99,0,76,0,99,99,99,1190,3.0,20.0,
11003,CURRENT_RUN_REAL_DATA,True,119,119,0,0,0,4,114,4,0,0,118,118,118,1187,0.0,30.0,
11004,CURRENT_RUN_REAL_DATA,True,112,112,0,0,0,1,110,1,7,0,111,111,111,1190,0.0,21.0,
11005,CURRENT_RUN_REAL_DATA,True,97,97,0,0,0,0,96,0,76,0,96,96,96,1186,9.0,27.0,
11006,CURRENT_RUN_REAL_DATA,True,99,99,0,0,0,0,98,0,96,0,98,98,98,1188,7.0,28.0,
11007,CURRENT_RUN_REAL_DATA,True,99,99,0,0,0,0,98,0,2,0,98,98,98,1179,4.0,21.0,
11008,CURRENT_RUN_REAL_DATA,True,139,139,0,0,0,6,132,6,0,0,138,138,138,1193,0.0,30.0,
11009,CURRENT_RUN_REAL_DATA,True,99,99,0,0,0,0,98,0,32,0,98,98,98,1190,6.0,22.0,
11010,CURRENT_RUN_REAL_DATA,True,102,102,0,0,0,2,99,2,55,0,101,101,101,1167,0.0,30.0,
11011,CURRENT_RUN_REAL_DATA,True,98,98,0,0,0,1,96,1,87,0,97,97,97,1166,0.0,22.0,
11012,CURRENT_RUN_REAL_DATA,True,100,100,0,0,0,1,98,1,2,0,99,99,99,1194,0.0,20.0,
11013,CURRENT_RUN_REAL_DATA,True,110,110,0,0,0,1,108,1,3,0,109,109,109,1195,0.0,27.0,
11014,CURRENT_RUN_REAL_DATA,True,99,99,0,0,0,2,96,2,58,1,98,98,98,1192,0.0,123.0,
11015,CURRENT_RUN_REAL_DATA,True,99,99,0,0,0,0,98,0,78,0,98,98,98,1189,8.0,22.0,
11016,CURRENT_RUN_REAL_DATA,True,101,101,0,0,0,4,96,4,4,2,100,100,100,1196,0.0,82.0,
11017,CURRENT_RUN_REAL_DATA,True,99,99,0,0,0,5,93,5,0,4,98,98,98,1180,0.0,46.0,
11018,CURRENT_RUN_REAL_DATA,True,100,100,0,0,0,0,99,0,89,0,99,99,99,1187,5.0,20.0,
11019,CURRENT_RUN_REAL_DATA,True,98,98,0,0,0,6,91,6,0,2,97,97,97,1197,0.0,110.0,
11020,CURRENT_RUN_REAL_DATA,True,115,115,0,0,0,2,112,2,15,1,114,114,114,1189,0.0,32.0,
11021,CURRENT_RUN_REAL_DATA,True,105,105,0,0,0,0,104,0,24,0,104,104,104,1189,2.0,24.0,
11022,CURRENT_RUN_REAL_DATA,True,98,98,0,0,0,0,97,0,76,0,97,97,97,1186,9.0,21.0,
11023,CURRENT_RUN_REAL_DATA,True,92,92,0,0,0,0,91,0,57,1,91,91,91,1187,1.0,107.0,
11024,CURRENT_RUN_REAL_DATA,True,97,97,0,0,0,0,96,0,87,0,96,96,96,1186,8.0,30.0,
11025,CURRENT_RUN_REAL_DATA,True,100,100,0,0,0,0,99,0,80,0,99,99,99,1191,2.0,21.0,
11026,CURRENT_RUN_REAL_DATA,True,99,99,0,0,0,0,98,0,68,0,98,98,98,1186,2.0,22.0,
11027,CURRENT_RUN_REAL_DATA,True,100,100,0,0,0,0,99,0,88,0,99,99,99,1191,5.0,21.0,
11028,CURRENT_RUN_REAL_DATA,True,155,155,0,0,0,11,143,11,31,0,154,154,154,1194,0.0,30.0,
11029,CURRENT_RUN_REAL_DATA,True,100,100,0,0,0,0,99,0,80,0,99,99,99,1192,3.0,20.0,
11030,CURRENT_RUN_REAL_DATA,True,124,124,0,0,0,1,122,0,17,0,123,123,123,1196,0.0,25.0,
11031,CURRENT_RUN_REAL_DATA,True,105,105,0,0,0,2,102,2,15,0,104,104,104,1190,0.0,24.0,
11032,CURRENT_RUN_REAL_DATA,True,105,105,0,0,0,7,97,7,41,1,104,104,104,1185,0.0,66.0,
11033,CURRENT_RUN_REAL_DATA,True,100,100,0,0,0,1,98,0,90,0,99,99,99,1193,0.0,26.0,
11034,CURRENT_RUN_REAL_DATA,True,125,125,0,0,0,1,123,1,20,0,124,124,124,1192,0.0,22.0,
11035,CURRENT_RUN_REAL_DATA,True,98,98,0,0,0,11,86,11,0,2,97,97,97,1006,0.0,33.0,
11036,CURRENT_RUN_REAL_DATA,True,90,90,0,0,0,9,80,8,15,2,89,89,89,1010,0.0,76.0,
11037,CURRENT_RUN_REAL_DATA,True,100,100,0,0,0,0,99,0,78,0,99,99,99,1196,4.0,21.0,
11038,CURRENT_RUN_REAL_DATA,True,100,100,0,0,0,0,99,0,81,0,99,99,99,1194,1.0,21.0,
11039,CURRENT_RUN_REAL_DATA,True,102,102,0,0,0,3,98,3,37,1,101,101,101,1188,0.0,86.0,
11040,CURRENT_RUN_REAL_DATA,True,98,98,0,0,0,0,97,0,90,0,97,97,97,1186,8.0,22.0,
11041,CURRENT_RUN_REAL_DATA,True,100,100,0,0,0,2,97,0,90,1,99,99,99,1190,0.0,46.0,
11042,CURRENT_RUN_REAL_DATA,True,98,98,0,0,0,0,97,0,77,0,97,97,97,1175,3.0,26.0,
11043,CURRENT_RUN_REAL_DATA,True,99,99,0,0,0,0,98,0,78,0,98,98,98,1191,9.0,21.0,
11044,CURRENT_RUN_REAL_DATA,True,99,99,0,0,0,0,98,0,1,0,98,98,98,1195,9.0,20.0,
11045,CURRENT_RUN_REAL_DATA,True,107,107,0,0,0,1,105,1,19,1,106,106,106,1084,0.0,39.0,
11046,CURRENT_RUN_REAL_DATA,True,99,99,0,0,0,0,98,0,98,0,98,98,98,1195,9.0,21.0,
11047,CURRENT_RUN_REAL_DATA,True,101,101,0,0,0,0,100,0,76,0,100,100,100,1188,1.0,29.0,
11048,CURRENT_RUN_REAL_DATA,True,120,120,0,0,0,2,117,1,8,1,119,119,119,1164,0.0,49.0,
11049,CURRENT_RUN_REAL_DATA,True,99,99,0,0,0,0,98,0,41,0,98,98,98,1195,9.0,21.0,
11050,CURRENT_RUN_REAL_DATA,True,99,99,0,0,0,0,98,0,88,0,98,98,98,1191,9.0,21.0,
11051,CURRENT_RUN_REAL_DATA,True,99,99,0,0,0,0,98,0,79,0,98,98,98,1190,9.0,20.0,
11052,CURRENT_RUN_REAL_DATA,True,115,115,0,0,0,9,105,4,29,3,114,114,114,1178,0.0,82.0,
11053,CURRENT_RUN_REAL_DATA,True,100,100,0,0,0,1,98,1,2,2,99,99,99,1194,0.0,121.0,
11054,CURRENT_RUN_REAL_DATA,True,96,96,0,0,0,2,93,1,56,1,95,95,95,1194,0.0,67.0,
11055,CURRENT_RUN_REAL_DATA,True,103,103,0,0,0,0,102,0,59,0,102,102,102,1195,2.0,23.0,
11056,CURRENT_RUN_REAL_DATA,True,99,99,0,0,0,0,98,0,79,0,98,98,98,1195,9.0,21.0,
11057,CURRENT_RUN_REAL_DATA,True,110,110,0,0,0,3,106,3,26,1,109,109,109,1192,0.0,32.0,
11058,CURRENT_RUN_REAL_DATA,True,143,143,0,0,0,11,131,7,24,2,142,142,142,1192,0.0,67.0,
11059,CURRENT_RUN_REAL_DATA,True,103,103,0,0,0,0,102,0,95,0,102,102,102,1189,6.0,21.0,
11060,CURRENT_RUN_REAL_DATA,True,98,98,0,0,0,0,97,0,77,0,97,97,97,1190,10.0,27.0,
11061,CURRENT_RUN_REAL_DATA,True,122,122,0,0,0,2,119,2,28,1,121,121,121,1190,0.0,33.0,
11062,CURRENT_RUN_REAL_DATA,True,97,97,0,0,0,0,96,0,86,0,96,96,96,1194,8.0,29.0,
11063,CURRENT_RUN_REAL_DATA,True,112,112,0,0,0,2,109,2,36,1,111,111,111,1192,0.0,32.0,
11064,CURRENT_RUN_REAL_DATA,True,99,99,0,0,0,0,98,0,79,0,98,98,98,1189,8.0,22.0,
11065,CURRENT_RUN_REAL_DATA,True,81,81,0,0,0,0,80,0,10,0,80,80,80,967,5.0,29.0,
11066,CURRENT_RUN_REAL_DATA,True,92,92,0,0,0,21,70,11,12,2,91,91,91,1190,0.0,386.0,
11067,CURRENT_RUN_REAL_DATA,True,107,107,0,0,0,0,106,0,36,0,106,106,106,1195,1.0,21.0,
11068,CURRENT_RUN_REAL_DATA,True,132,132,0,0,0,5,126,5,40,0,131,131,131,1191,0.0,30.0,
11069,CURRENT_RUN_REAL_DATA,True,118,118,0,0,0,0,117,0,16,0,117,117,117,1188,1.0,25.0,
11070,CURRENT_RUN_REAL_DATA,True,99,99,0,0,0,0,98,0,94,0,98,98,98,1196,1.0,30.0,
11071,CURRENT_RUN_REAL_DATA,True,100,100,0,0,0,0,99,0,97,0,99,99,99,1191,1.0,21.0,
11072,CURRENT_RUN_REAL_DATA,True,100,100,0,0,0,0,99,0,91,0,99,99,99,1190,5.0,21.0,
11073,CURRENT_RUN_REAL_DATA,True,109,109,0,0,0,3,105,1,27,0,108,108,108,1190,0.0,22.0,
11074,CURRENT_RUN_REAL_DATA,True,99,99,0,0,0,0,98,0,4,1,98,98,98,1190,1.0,80.0,
11075,CURRENT_RUN_REAL_DATA,True,97,97,0,0,0,0,96,0,86,0,96,96,96,1183,9.0,30.0,
11076,CURRENT_RUN_REAL_DATA,True,109,109,0,0,0,0,108,0,0,0,108,108,108,1175,2.0,28.0,
11077,CURRENT_RUN_REAL_DATA,True,100,100,0,0,0,0,99,0,89,0,99,99,99,1194,1.0,20.0,
11078,CURRENT_RUN_REAL_DATA,True,99,99,0,0,0,0,98,0,94,0,98,98,98,1190,9.0,21.0,
11079,CURRENT_RUN_REAL_DATA,True,98,98,0,0,0,0,97,0,78,0,97,97,97,1186,9.0,21.0,
11080,CURRENT_RUN_REAL_DATA,True,99,99,0,0,0,0,98,0,79,0,98,98,98,1187,6.0,28.0,
11081,CURRENT_RUN_REAL_DATA,True,100,100,0,0,0,0,99,0,89,0,99,99,99,1187,4.0,21.0,
11082,CURRENT_RUN_REAL_DATA,True,100,100,0,0,0,0,99,0,93,0,99,99,99,1191,5.0,21.0,
11083,CURRENT_RUN_REAL_DATA,True,109,109,0,0,0,15,93,14,22,2,108,108,108,1191,0.0,101.0,
11084,CURRENT_RUN_REAL_DATA,True,105,105,0,0,0,8,96,6,27,2,104,104,104,1190,0.0,55.0,
11085,CURRENT_RUN_REAL_DATA,True,100,100,0,0,0,0,99,0,90,0,99,99,99,1190,5.0,22.0,
11086,CURRENT_RUN_REAL_DATA,True,109,109,0,0,0,1,107,1,22,0,108,108,108,1192,0.0,27.0,
11087,CURRENT_RUN_REAL_DATA,True,100,100,0,0,0,0,99,0,89,0,99,99,99,1193,2.0,20.0,
11088,CURRENT_RUN_REAL_DATA,True,100,100,0,0,0,0,99,0,99,0,99,99,99,1191,4.0,21.0,
11089,CURRENT_RUN_REAL_DATA,True,99,99,0,0,0,0,98,0,79,0,98,98,98,1188,7.0,28.0,
11090,CURRENT_RUN_REAL_DATA,True,99,99,0,0,0,5,93,5,54,1,98,98,98,1188,0.0,81.0,
11091,CURRENT_RUN_REAL_DATA,True,102,102,0,0,0,0,101,0,91,0,101,101,101,1190,1.0,21.0,
11092,CURRENT_RUN_REAL_DATA,True,107,107,0,0,0,6,100,3,35,1,106,106,106,1158,0.0,95.0,
11093,CURRENT_RUN_REAL_DATA,True,111,111,0,0,0,0,110,0,23,0,110,110,110,1188,1.0,22.0,
11094,CURRENT_RUN_REAL_DATA,True,99,99,0,0,0,0,98,0,93,0,98,98,98,1189,7.0,22.0,
11095,CURRENT_RUN_REAL_DATA,True,89,89,0,0,0,12,76,11,15,4,88,88,88,1027,0.0,71.0,
11096,CURRENT_RUN_REAL_DATA,True,100,100,0,0,0,0,99,0,65,0,99,99,99,1190,1.0,30.0,
11097,CURRENT_RUN_REAL_DATA,True,114,114,0,0,0,2,111,2,19,0,113,113,113,1192,0.0,26.0,
11098,CURRENT_RUN_REAL_DATA,True,103,103,0,0,0,0,102,0,53,0,102,102,102,1192,1.0,26.0,
11099,CURRENT_RUN_REAL_DATA,True,104,104,0,0,0,2,101,2,5,0,103,103,103,1194,0.0,30.0,
11100,CURRENT_RUN_REAL_DATA,True,99,99,0,0,0,0,98,0,92,0,98,98,98,1190,8.0,22.0,
11101,CURRENT_RUN_REAL_DATA,True,135,135,0,0,0,3,131,3,35,0,134,134,134,1195,0.0,23.0,
11102,CURRENT_RUN_REAL_DATA,True,100,100,0,0,0,0,99,0,99,0,99,99,99,1195,1.0,21.0,
11103,CURRENT_RUN_REAL_DATA,True,108,108,0,0,0,10,97,10,3,1,107,107,107,1186,0.0,85.0,
11104,CURRENT_RUN_REAL_DATA,True,99,99,0,0,0,0,98,0,88,0,98,98,98,1191,8.0,21.0,
11105,CURRENT_RUN_REAL_DATA,True,101,101,0,0,0,0,100,0,79,0,100,100,100,1191,6.0,21.0,
11106,CURRENT_RUN_REAL_DATA,True,100,100,0,0,0,0,99,0,55,0,99,99,99,1192,5.0,21.0,
11107,CURRENT_RUN_REAL_DATA,True,99,99,0,0,0,0,98,0,98,0,98,98,98,1188,7.0,28.0,
11108,CURRENT_RUN_REAL_DATA,True,99,99,0,0,0,0,98,0,51,0,98,98,98,1190,4.0,21.0,
11109,CURRENT_RUN_REAL_DATA,True,99,99,0,0,0,0,98,0,9,0,98,98,98,1198,5.0,21.0,
11110,CURRENT_RUN_REAL_DATA,True,100,100,0,0,0,0,99,0,96,0,99,99,99,1190,8.0,22.0,
11111,CURRENT_RUN_REAL_DATA,True,100,100,0,0,0,0,99,0,62,0,99,99,99,1190,6.0,20.0,
11112,CURRENT_RUN_REAL_DATA,True,100,100,0,0,0,0,99,0,17,0,99,99,99,1194,1.0,21.0,
11113,CURRENT_RUN_REAL_DATA,True,107,107,0,0,0,4,102,4,44,2,106,106,106,1194,0.0,42.0,
11114,CURRENT_RUN_REAL_DATA,True,99,99,0,0,0,0,98,0,88,0,98,98,98,1190,6.0,30.0,
11115,CURRENT_RUN_REAL_DATA,True,100,100,0,0,0,0,99,0,92,0,99,99,99,1190,4.0,20.0,
11116,CURRENT_RUN_REAL_DATA,True,107,107,0,0,0,5,101,5,7,1,106,106,106,1190,0.0,38.0,
11117,CURRENT_RUN_REAL_DATA,True,100,100,0,0,0,0,99,0,89,0,99,99,99,1191,3.0,21.0,
11118,CURRENT_RUN_REAL_DATA,True,92,92,0,0,0,0,91,0,18,2,91,91,91,1186,1.0,130.0,
11119,CURRENT_RUN_REAL_DATA,True,100,100,0,0,0,0,99,0,82,0,99,99,99,1191,1.0,20.0,
11120,CURRENT_RUN_REAL_DATA,True,110,110,0,0,0,0,109,0,43,1,109,109,109,1194,1.0,31.0,
11121,CURRENT_RUN_REAL_DATA,True,100,100,0,0,0,0,99,0,96,0,99,99,99,1191,4.0,21.0,
11122,CURRENT_RUN_REAL_DATA,True,108,108,0,0,0,1,106,1,25,0,107,107,107,1189,0.0,25.0,
11123,CURRENT_RUN_REAL_DATA,True,100,100,0,0,0,0,99,0,90,0,99,99,99,1188,6.0,21.0,
11124,CURRENT_RUN_REAL_DATA,True,107,107,0,0,0,1,105,1,3,0,106,106,106,1187,0.0,27.0,
11125,CURRENT_RUN_REAL_DATA,True,98,98,0,0,0,0,97,0,87,0,97,97,97,1191,9.0,22.0,
11126,CURRENT_RUN_REAL_DATA,True,99,99,0,0,0,0,98,0,80,0,98,98,98,1194,9.0,20.0,
11127,CURRENT_RUN_REAL_DATA,True,100,100,0,0,0,33,66,33,1,1,99,99,99,1186,0.0,459.0,
11128,CURRENT_RUN_REAL_DATA,True,99,99,0,0,0,0,98,0,84,0,98,98,98,1191,9.0,21.0,
11129,CURRENT_RUN_REAL_DATA,True,108,108,0,0,0,4,103,4,13,1,107,107,107,1197,0.0,38.0,
11130,CURRENT_RUN_REAL_DATA,True,100,100,0,0,0,0,99,0,1,0,99,99,99,1190,6.0,20.0,
11131,CURRENT_RUN_REAL_DATA,True,100,100,0,0,0,0,99,0,90,0,99,99,99,1194,4.0,21.0,
11132,CURRENT_RUN_REAL_DATA,True,101,101,0,0,0,0,100,0,73,0,100,100,100,1194,1.0,24.0,
11133,CURRENT_RUN_REAL_DATA,True,99,99,0,0,0,0,98,0,4,0,98,98,98,1188,6.0,28.0,
11134,CURRENT_RUN_REAL_DATA,True,100,100,0,0,0,0,99,0,99,0,99,99,99,1193,2.0,20.0,
11135,CURRENT_RUN_REAL_DATA,True,110,110,0,0,0,3,106,3,0,1,109,109,109,1174,0.0,38.0,
11136,CURRENT_RUN_REAL_DATA,True,119,119,0,0,0,1,117,1,21,0,118,118,118,1189,0.0,24.0,
11137,CURRENT_RUN_REAL_DATA,True,115,115,0,0,0,1,113,1,27,0,114,114,114,1189,0.0,26.0,
11138,CURRENT_RUN_REAL_DATA,True,100,100,0,0,0,0,99,0,87,0,99,99,99,1189,1.0,22.0,
11139,CURRENT_RUN_REAL_DATA,True,101,101,0,0,0,0,100,0,83,0,100,100,100,1194,1.0,29.0,
11140,CURRENT_RUN_REAL_DATA,True,99,99,0,0,0,0,98,0,96,0,98,98,98,1189,7.0,30.0,
11141,CURRENT_RUN_REAL_DATA,True,112,112,0,0,0,2,109,2,21,0,111,111,111,1178,0.0,30.0,
11142,CURRENT_RUN_REAL_DATA,True,143,143,0,0,0,6,136,6,20,0,142,142,142,1193,0.0,25.0,
11143,CURRENT_RUN_REAL_DATA,True,116,116,0,0,0,1,114,1,31,0,115,115,115,1191,0.0,27.0,
11144,CURRENT_RUN_REAL_DATA,True,98,98,0,0,0,0,97,0,44,0,97,97,97,1188,9.0,28.0,
11145,CURRENT_RUN_REAL_DATA,True,100,100,0,0,0,0,99,0,79,0,99,99,99,1191,3.0,20.0,
11146,CURRENT_RUN_REAL_DATA,True,100,100,0,0,0,0,99,0,8,0,99,99,99,1189,1.0,23.0,
11147,CURRENT_RUN_REAL_DATA,True,103,103,0,0,0,3,99,3,8,1,102,102,102,1186,0.0,40.0,
11148,CURRENT_RUN_REAL_DATA,True,105,105,0,0,0,2,102,2,2,0,104,104,104,1191,0.0,20.0,
11149,CURRENT_RUN_REAL_DATA,True,98,98,0,0,0,0,97,0,77,0,97,97,97,1192,7.0,30.0,
11150,CURRENT_RUN_REAL_DATA,True,100,100,0,0,0,0,99,0,80,0,99,99,99,1193,1.0,20.0,
11151,CURRENT_RUN_REAL_DATA,True,111,111,0,0,0,0,110,0,13,0,110,110,110,1190,1.0,21.0,
11152,CURRENT_RUN_REAL_DATA,True,100,100,0,0,0,0,99,0,79,0,99,99,99,1191,3.0,21.0,
11153,CURRENT_RUN_REAL_DATA,True,98,98,0,0,0,2,95,2,5,3,97,97,97,1187,0.0,100.0,
11154,CURRENT_RUN_REAL_DATA,True,100,100,0,0,0,0,99,0,81,0,99,99,99,1193,2.0,21.0,
11155,CURRENT_RUN_REAL_DATA,True,99,99,0,0,0,0,98,0,89,0,98,98,98,1189,6.0,30.0,
11156,CURRENT_RUN_REAL_DATA,True,99,99,0,0,0,0,98,0,89,0,98,98,98,1195,3.0,30.0,
11157,CURRENT_RUN_REAL_DATA,True,100,100,0,0,0,0,99,0,8,0,99,99,99,1190,6.0,20.0,
11158,CURRENT_RUN_REAL_DATA,True,108,108,0,0,0,0,107,0,23,1,107,107,107,1195,1.0,31.0,
11159,CURRENT_RUN_REAL_DATA,True,114,114,0,0,0,3,110,3,18,0,113,113,113,1194,0.0,25.0,
11160,CURRENT_RUN_REAL_DATA,True,100,100,0,0,0,0,99,0,93,0,99,99,99,1191,2.0,21.0,
11161,CURRENT_RUN_REAL_DATA,True,127,127,0,0,0,96,30,6,115,10,126,126,126,1049,0.0,164.0,
11162,CURRENT_RUN_REAL_DATA,True,100,100,0,0,0,0,99,0,80,0,99,99,99,1192,6.0,22.0,
11163,CURRENT_RUN_REAL_DATA,True,90,90,0,0,0,0,89,0,81,0,89,89,89,1105,3.0,30.0,
11164,CURRENT_RUN_REAL_DATA,True,90,90,0,0,0,4,85,1,67,1,89,89,89,1190,0.0,189.0,
11165,CURRENT_RUN_REAL_DATA,True,106,106,0,0,0,2,103,2,54,0,105,105,105,1195,0.0,29.0,
11166,CURRENT_RUN_REAL_DATA,True,99,99,0,0,0,0,98,0,79,0,98,98,98,1195,10.0,20.0,
11167,CURRENT_RUN_REAL_DATA,True,99,99,0,0,0,0,98,0,97,0,98,98,98,1189,6.0,21.0,
11168,CURRENT_RUN_REAL_DATA,True,98,98,0,0,0,0,97,0,77,0,97,97,97,1186,8.0,22.0,
11169,CURRENT_RUN_REAL_DATA,True,98,98,0,0,0,0,97,0,1,0,97,97,97,1195,10.0,30.0,
11170,CURRENT_RUN_REAL_DATA,True,100,100,0,0,0,0,99,0,79,0,99,99,99,1187,6.0,20.0,
11171,CURRENT_RUN_REAL_DATA,True,114,114,0,0,0,4,109,3,17,0,113,113,113,1188,0.0,29.0,
11172,CURRENT_RUN_REAL_DATA,True,100,100,0,0,0,0,99,0,89,0,99,99,99,1191,2.0,21.0,
11173,CURRENT_RUN_REAL_DATA,True,98,98,0,0,0,0,97,0,87,0,97,97,97,1186,8.0,22.0,
11174,CURRENT_RUN_REAL_DATA,True,100,100,0,0,0,0,99,0,80,0,99,99,99,1191,3.0,21.0,
11175,CURRENT_RUN_REAL_DATA,True,93,93,0,0,0,2,90,2,10,1,92,92,92,1193,0.0,156.0,
11176,CURRENT_RUN_REAL_DATA,True,102,102,0,0,0,6,95,2,60,2,101,101,101,1186,0.0,60.0,
11177,CURRENT_RUN_REAL_DATA,True,100,100,0,0,0,0,99,0,89,0,99,99,99,1194,1.0,20.0,
11178,CURRENT_RUN_REAL_DATA,True,99,99,0,0,0,0,98,0,14,0,98,98,98,1107,1.0,30.0,
11179,CURRENT_RUN_REAL_DATA,True,102,102,0,0,0,5,96,5,23,2,101,101,101,1195,0.0,46.0,
11180,CURRENT_RUN_REAL_DATA,True,98,98,0,0,0,0,97,0,89,0,97,97,97,1186,8.0,22.0,
11181,CURRENT_RUN_REAL_DATA,True,112,112,0,0,0,3,108,2,50,0,111,111,111,1193,0.0,24.0,
11182,CURRENT_RUN_REAL_DATA,True,100,100,0,0,0,0,99,0,74,0,99,99,99,1190,5.0,20.0,
11183,CURRENT_RUN_REAL_DATA,True,118,118,0,0,0,7,110,7,27,1,117,117,117,1189,0.0,45.0,
11184,CURRENT_RUN_REAL_DATA,True,107,107,0,0,0,0,106,0,30,0,106,106,106,1195,2.0,25.0,
11185,CURRENT_RUN_REAL_DATA,True,112,112,0,0,0,10,101,10,6,2,111,111,111,1164,0.0,84.0,
11186,CURRENT_RUN_REAL_DATA,True,98,98,0,0,0,0,97,0,87,0,97,97,97,1186,8.0,22.0,
11187,CURRENT_RUN_REAL_DATA,True,100,100,0,0,0,0,99,0,69,0,99,99,99,1195,1.0,21.0,
11188,CURRENT_RUN_REAL_DATA,True,105,105,0,0,0,0,104,0,55,0,104,104,104,1189,1.0,23.0,
11189,CURRENT_RUN_REAL_DATA,True,102,102,0,0,0,1,100,1,71,0,101,101,101,1195,0.0,30.0,
11190,CURRENT_RUN_REAL_DATA,True,111,111,0,0,0,2,108,2,20,0,110,110,110,1195,0.0,30.0,
11191,CURRENT_RUN_REAL_DATA,True,76,76,0,0,0,0,75,0,26,1,75,75,75,1160,2.0,291.0,
11192,CURRENT_RUN_REAL_DATA,True,115,115,0,0,0,2,112,2,9,0,114,114,114,1186,0.0,26.0,
11193,CURRENT_RUN_REAL_DATA,True,99,99,0,0,0,0,98,0,70,0,98,98,98,1186,7.0,21.0,
11194,CURRENT_RUN_REAL_DATA,True,99,99,0,0,0,0,98,0,89,0,98,98,98,1190,9.0,20.0,
11195,CURRENT_RUN_REAL_DATA,True,158,158,0,0,0,2,155,2,17,0,157,157,157,1183,0.0,21.0,
11196,CURRENT_RUN_REAL_DATA,True,99,99,0,0,0,0,98,0,78,0,98,98,98,1195,10.0,20.0,
11197,CURRENT_RUN_REAL_DATA,True,129,129,0,0,0,0,128,0,25,1,128,128,128,1190,1.0,32.0,
11198,CURRENT_RUN_REAL_DATA,True,111,111,0,0,0,0,110,0,14,0,110,110,110,1191,1.0,30.0,
11199,CURRENT_RUN_REAL_DATA,True,99,99,0,0,0,0,98,0,88,0,98,98,98,1195,10.0,20.0,
11200,CURRENT_RUN_REAL_DATA,True,99,99,0,0,0,0,98,0,78,0,98,98,98,1190,7.0,20.0,
11201,CURRENT_RUN_REAL_DATA,True,99,99,0,0,0,0,98,0,88,0,98,98,98,1190,8.0,22.0,
11202,CURRENT_RUN_REAL_DATA,True,99,99,0,0,0,0,98,0,88,0,98,98,98,1195,10.0,20.0,
11203,CURRENT_RUN_REAL_DATA,True,93,93,0,0,0,0,92,0,73,1,92,92,92,1189,7.0,31.0,
11204,CURRENT_RUN_REAL_DATA,True,99,99,0,0,0,0,98,0,89,0,98,98,98,1189,4.0,21.0,
11205,CURRENT_RUN_REAL_DATA,True,100,100,0,0,0,0,99,0,79,0,99,99,99,1195,1.0,20.0,
11206,CURRENT_RUN_REAL_DATA,True,100,100,0,0,0,2,97,1,80,1,99,99,99,1194,0.0,48.0,
11207,CURRENT_RUN_REAL_DATA,True,111,111,0,0,0,1,109,1,12,0,110,110,110,1188,0.0,25.0,
11208,CURRENT_RUN_REAL_DATA,True,100,100,0,0,0,0,99,0,89,0,99,99,99,1191,3.0,21.0,
11209,CURRENT_RUN_REAL_DATA,True,99,99,0,0,0,0,98,0,90,0,98,98,98,1180,1.0,20.0,
11210,CURRENT_RUN_REAL_DATA,True,99,99,0,0,0,0,98,0,79,0,98,98,98,1193,1.0,30.0,
11211,CURRENT_RUN_REAL_DATA,True,134,134,0,0,0,0,133,0,25,0,133,133,133,1191,1.0,22.0,
11212,CURRENT_RUN_REAL_DATA,True,78,78,0,0,0,52,25,0,52,25,77,77,77,1154,0.0,83.0,
11213,CURRENT_RUN_REAL_DATA,True,93,93,0,0,0,0,92,0,72,0,92,92,92,1188,7.0,30.0,
11214,CURRENT_RUN_REAL_DATA,True,99,99,0,0,0,0,98,0,88,0,98,98,98,1190,9.0,20.0,
11215,CURRENT_RUN_REAL_DATA,True,100,100,0,0,0,0,99,0,79,0,99,99,99,1193,2.0,20.0,
11216,CURRENT_RUN_REAL_DATA,True,100,100,0,0,0,1,98,0,79,0,99,99,99,1189,0.0,22.0,
11217,CURRENT_RUN_REAL_DATA,True,99,99,0,0,0,0,98,0,78,0,98,98,98,1180,5.0,21.0,
11218,CURRENT_RUN_REAL_DATA,True,100,100,0,0,0,0,99,0,78,0,99,99,99,1187,6.0,30.0,
11219,CURRENT_RUN_REAL_DATA,True,115,115,0,0,0,0,114,0,61,0,114,114,114,1049,1.0,20.0,
11220,CURRENT_RUN_REAL_DATA,True,99,99,0,0,0,0,98,0,90,0,98,98,98,1188,7.0,29.0,
11221,CURRENT_RUN_REAL_DATA,True,84,84,0,0,0,0,83,0,27,0,83,83,83,888,1.0,26.0,
11222,CURRENT_RUN_REAL_DATA,True,100,100,0,0,0,0,99,0,89,0,99,99,99,1190,5.0,21.0,
11223,CURRENT_RUN_REAL_DATA,True,111,111,0,0,0,2,108,1,43,0,110,110,110,1194,0.0,30.0,
11224,CURRENT_RUN_REAL_DATA,True,99,99,0,0,0,0,98,0,3,0,98,98,98,1187,7.0,20.0,
11225,CURRENT_RUN_REAL_DATA,True,99,99,0,0,0,0,98,0,80,0,98,98,98,1176,4.0,20.0,
11226,CURRENT_RUN_REAL_DATA,True,99,99,0,0,0,0,98,0,88,0,98,98,98,1196,9.0,21.0,
11227,CURRENT_RUN_REAL_DATA,True,105,105,0,0,0,1,103,0,24,1,104,104,104,1192,0.0,44.0,
11228,CURRENT_RUN_REAL_DATA,True,105,105,0,0,0,1,103,0,13,0,104,104,104,1194,0.0,21.0,
11229,CURRENT_RUN_REAL_DATA,True,95,95,0,0,0,0,94,0,7,0,94,94,94,1077,1.0,30.0,
11230,CURRENT_RUN_REAL_DATA,True,100,100,0,0,0,0,99,0,90,0,99,99,99,1190,3.0,20.0,
11231,CURRENT_RUN_REAL_DATA,True,100,100,0,0,0,0,99,0,78,0,99,99,99,1191,4.0,20.0,
11232,CURRENT_RUN_REAL_DATA,True,93,93,0,0,0,0,92,0,84,0,92,92,92,1110,2.0,20.0,
11233,CURRENT_RUN_REAL_DATA,True,99,99,0,0,0,0,98,0,73,0,98,98,98,1186,7.0,20.0,
11234,CURRENT_RUN_REAL_DATA,True,100,100,0,0,0,0,99,0,79,0,99,99,99,1191,3.0,20.0,
11235,CURRENT_RUN_REAL_DATA,True,107,107,0,0,0,0,106,0,30,0,106,106,106,1180,1.0,23.0,
11236,CURRENT_RUN_REAL_DATA,True,99,99,0,0,0,2,96,2,17,1,98,98,98,1189,0.0,41.0,
11237,CURRENT_RUN_REAL_DATA,True,100,100,0,0,0,0,99,0,89,0,99,99,99,1190,5.0,21.0,
11238,CURRENT_RUN_REAL_DATA,True,100,100,0,0,0,0,99,0,89,0,99,99,99,1191,4.0,20.0,
11239,CURRENT_RUN_REAL_DATA,True,101,101,0,0,0,0,100,0,73,0,100,100,100,1192,5.0,21.0,
11240,CURRENT_RUN_REAL_DATA,True,100,100,0,0,0,0,99,0,79,0,99,99,99,1191,4.0,21.0,
11241,CURRENT_RUN_REAL_DATA,True,68,68,0,0,0,25,42,22,3,20,67,67,67,1081,0.0,90.0,
11242,CURRENT_RUN_REAL_DATA,True,20,20,0,0,0,2,17,2,0,2,19,19,19,407,0.0,231.0,
11243,CURRENT_RUN_REAL_DATA,True,98,98,0,0,0,0,97,0,43,0,97,97,97,1188,10.0,30.0,
11244,CURRENT_RUN_REAL_DATA,True,98,98,0,0,0,0,97,0,68,0,97,97,97,1189,8.0,30.0,
11245,CURRENT_RUN_REAL_DATA,True,32,32,0,0,0,0,31,0,0,0,31,31,31,367,5.0,20.0,
11246,CURRENT_RUN_REAL_DATA,True,110,110,0,0,0,0,109,0,13,1,109,109,109,1188,1.0,34.0,
11247,CURRENT_RUN_REAL_DATA,True,100,100,0,0,0,0,99,0,3,0,99,99,99,1187,6.0,20.0,
11248,CURRENT_RUN_REAL_DATA,True,100,100,0,0,0,0,99,0,57,0,99,99,99,1195,6.0,30.0,
11249,CURRENT_RUN_REAL_DATA,True,192,192,0,0,0,123,68,67,83,3,191,191,191,900,0.0,96.0,
11250,CURRENT_RUN_REAL_DATA,True,87,87,0,0,0,3,83,3,1,3,86,86,86,1186,0.0,101.0,
11251,CURRENT_RUN_REAL_DATA,True,100,100,0,0,0,0,99,0,3,0,99,99,99,1194,1.0,20.0,
11252,CURRENT_RUN_REAL_DATA,True,96,96,0,0,0,4,91,4,27,3,95,95,95,1150,0.0,63.0,
11253,CURRENT_RUN_REAL_DATA,True,121,121,0,0,0,3,117,3,13,1,120,120,120,1190,0.0,42.0,
11254,CURRENT_RUN_REAL_DATA,True,66,66,0,0,0,23,42,23,1,18,65,65,65,1069,0.0,140.0,
11255,CURRENT_RUN_REAL_DATA,True,100,100,0,0,0,0,99,0,39,0,99,99,99,1193,2.0,21.0,
11256,CURRENT_RUN_REAL_DATA,True,97,97,0,0,0,2,94,1,45,1,96,96,96,1195,0.0,44.0,
11257,CURRENT_RUN_REAL_DATA,True,100,100,0,0,0,0,99,0,8,0,99,99,99,1191,3.0,21.0,
11258,CURRENT_RUN_REAL_DATA,True,23,23,0,0,0,0,22,0,0,1,22,22,22,479,1.0,231.0,
11259,CURRENT_RUN_REAL_DATA,True,100,100,0,0,0,0,99,0,0,0,99,99,99,1194,2.0,20.0,
11260,CURRENT_RUN_REAL_DATA,True,98,98,0,0,0,0,97,0,19,2,97,97,97,1188,1.0,62.0,
11261,CURRENT_RUN_REAL_DATA,True,100,100,0,0,0,0,99,0,42,0,99,99,99,1191,3.0,20.0,
11262,CURRENT_RUN_REAL_DATA,True,100,100,0,0,0,0,99,0,72,0,99,99,99,1191,3.0,21.0,
11263,CURRENT_RUN_REAL_DATA,True,100,100,0,0,0,0,99,0,28,0,99,99,99,1191,3.0,21.0,
11264,CURRENT_RUN_REAL_DATA,True,99,99,0,0,0,0,98,0,38,0,98,98,98,1194,9.0,20.0,
11265,CURRENT_RUN_REAL_DATA,True,105,105,0,0,0,36,68,30,19,3,104,104,104,1196,0.0,340.0,
11266,CURRENT_RUN_REAL_DATA,True,77,77,0,0,0,47,29,14,53,8,76,76,76,1048,0.0,272.0,
11267,CURRENT_RUN_REAL_DATA,True,97,97,0,0,0,0,96,0,8,2,96,96,96,1188,1.0,39.0,
11268,CURRENT_RUN_REAL_DATA,True,107,107,0,0,0,1,105,1,20,2,106,106,106,1194,0.0,34.0,
11269,CURRENT_RUN_REAL_DATA,True,100,100,0,0,0,5,94,5,0,3,99,99,99,1187,0.0,51.0,
11270,CURRENT_RUN_REAL_DATA,True,105,105,0,0,0,20,84,17,5,3,104,104,104,1186,0.0,112.0,
11271,CURRENT_RUN_REAL_DATA,True,100,100,0,0,0,0,99,0,32,0,99,99,99,1190,5.0,21.0,
11272,CURRENT_RUN_REAL_DATA,True,98,98,0,0,0,0,97,0,0,0,97,97,97,1191,3.0,30.0,
11273,CURRENT_RUN_REAL_DATA,True,104,104,0,0,0,2,101,2,28,0,103,103,103,1190,0.0,26.0,
11274,CURRENT_RUN_REAL_DATA,True,108,108,0,0,0,0,107,0,40,0,107,107,107,1184,1.0,20.0,
11275,CURRENT_RUN_REAL_DATA,True,100,100,0,0,0,1,98,0,81,0,99,99,99,1191,0.0,20.0,
11276,CURRENT_RUN_REAL_DATA,True,100,100,0,0,0,0,99,0,64,0,99,99,99,1193,1.0,21.0,
11277,CURRENT_RUN_REAL_DATA,True,100,100,0,0,0,0,99,0,73,0,99,99,99,1191,3.0,20.0,
11278,CURRENT_RUN_REAL_DATA,True,100,100,0,0,0,0,99,0,65,0,99,99,99,1194,1.0,21.0,
11279,CURRENT_RUN_REAL_DATA,True,102,102,0,0,0,4,97,4,12,0,101,101,101,1120,0.0,26.0,
11280,CURRENT_RUN_REAL_DATA,True,101,101,0,0,0,0,100,0,24,0,100,100,100,1192,7.0,21.0,
11281,CURRENT_RUN_REAL_DATA,True,108,108,0,0,0,2,105,2,12,0,107,107,107,1179,0.0,29.0,
11282,CURRENT_RUN_REAL_DATA,True,100,100,0,0,0,0,99,0,78,0,99,99,99,1192,1.0,21.0,
11283,CURRENT_RUN_REAL_DATA,True,99,99,0,0,0,2,96,2,1,4,98,98,98,1186,0.0,36.0,
11284,CURRENT_RUN_REAL_DATA,True,104,104,0,0,0,0,103,0,44,0,103,103,103,1197,1.0,23.0,
11285,CURRENT_RUN_REAL_DATA,True,102,102,0,0,0,0,101,0,69,0,101,101,101,1195,1.0,21.0,
11286,CURRENT_RUN_REAL_DATA,True,96,96,0,0,0,2,93,2,0,1,95,95,95,1190,0.0,65.0,
11287,CURRENT_RUN_REAL_DATA,True,100,100,0,0,0,0,99,0,81,0,99,99,99,1190,6.0,20.0,
11288,CURRENT_RUN_REAL_DATA,True,99,99,0,0,0,0,98,0,88,0,98,98,98,1191,8.0,21.0,
11289,CURRENT_RUN_REAL_DATA,True,114,114,0,0,0,0,113,0,52,0,113,113,113,1191,1.0,20.0,
11290,CURRENT_RUN_REAL_DATA,True,100,100,0,0,0,0,99,0,89,0,99,99,99,1191,2.0,22.0,
11291,CURRENT_RUN_REAL_DATA,True,87,87,0,0,0,3,83,3,29,0,86,86,86,625,0.0,20.0,
11292,CURRENT_RUN_REAL_DATA,True,100,100,0,0,0,0,99,0,89,0,99,99,99,1191,4.0,21.0,
11293,CURRENT_RUN_REAL_DATA,True,98,98,0,0,0,0,97,0,87,0,97,97,97,1186,4.0,28.0,
11294,CURRENT_RUN_REAL_DATA,True,86,86,0,0,0,0,85,0,24,1,85,85,85,1191,1.0,324.0,
11295,CURRENT_RUN_REAL_DATA,True,107,107,0,0,0,1,105,1,14,0,106,106,106,1186,0.0,23.0,
11296,CURRENT_RUN_REAL_DATA,True,99,99,0,0,0,1,97,0,79,0,98,98,98,1184,0.0,22.0,
11297,CURRENT_RUN_REAL_DATA,True,75,75,0,0,0,1,73,0,23,2,74,74,74,897,0.0,79.0,
11298,CURRENT_RUN_REAL_DATA,True,102,102,0,0,0,1,100,1,3,1,101,101,101,1186,0.0,33.0,
11299,CURRENT_RUN_REAL_DATA,True,126,126,0,0,0,1,124,1,66,0,125,125,125,1191,0.0,29.0,
11300,CURRENT_RUN_REAL_DATA,True,103,103,0,0,0,3,99,3,44,1,102,102,102,1193,0.0,69.0,
11301,CURRENT_RUN_REAL_DATA,True,99,99,0,0,0,0,98,0,88,0,98,98,98,1191,9.0,21.0,
11302,CURRENT_RUN_REAL_DATA,True,100,100,0,0,0,1,98,1,77,0,99,99,99,1189,0.0,23.0,
11303,CURRENT_RUN_REAL_DATA,True,99,99,0,0,0,0,98,0,88,0,98,98,98,1181,2.0,22.0,
11304,CURRENT_RUN_REAL_DATA,True,97,97,0,0,0,0,96,0,89,0,96,96,96,1170,9.0,20.0,
11305,CURRENT_RUN_REAL_DATA,True,95,95,0,0,0,3,91,2,35,1,94,94,94,1190,0.0,99.0,
11306,CURRENT_RUN_REAL_DATA,True,99,99,0,0,0,2,96,0,77,1,98,98,98,1187,0.0,39.0,
11307,CURRENT_RUN_REAL_DATA,True,100,100,0,0,0,0,99,0,79,0,99,99,99,1191,4.0,20.0,
11308,CURRENT_RUN_REAL_DATA,True,103,103,0,0,0,2,100,1,25,0,102,102,102,1186,0.0,28.0,
11309,CURRENT_RUN_REAL_DATA,True,99,99,0,0,0,0,98,0,79,0,98,98,98,1191,10.0,20.0,
11310,CURRENT_RUN_REAL_DATA,True,100,100,0,0,0,0,99,0,89,0,99,99,99,1194,3.0,30.0,
11311,CURRENT_RUN_REAL_DATA,True,99,99,0,0,0,0,98,0,79,0,98,98,98,1190,6.0,30.0,
11312,CURRENT_RUN_REAL_DATA,True,99,99,0,0,0,0,98,0,88,0,98,98,98,1190,9.0,21.0,
11313,CURRENT_RUN_REAL_DATA,True,106,106,0,0,0,10,95,6,24,4,105,105,105,1195,0.0,178.0,
11314,CURRENT_RUN_REAL_DATA,True,78,78,0,0,0,0,77,0,4,0,77,77,77,921,9.0,20.0,
11315,CURRENT_RUN_REAL_DATA,True,102,102,0,0,0,11,90,10,13,2,101,101,101,1191,0.0,91.0,
11316,CURRENT_RUN_REAL_DATA,True,97,97,0,0,0,0,96,0,59,0,96,96,96,1186,10.0,30.0,
11317,CURRENT_RUN_REAL_DATA,True,102,102,0,0,0,2,99,2,7,1,101,101,101,1197,0.0,40.0,
11318,CURRENT_RUN_REAL_DATA,True,139,139,0,0,0,9,129,9,30,1,138,138,138,1181,0.0,32.0,
11319,CURRENT_RUN_REAL_DATA,True,100,100,0,0,0,0,99,0,80,0,99,99,99,1190,6.0,20.0,
11320,CURRENT_RUN_REAL_DATA,True,113,113,0,0,0,1,111,1,4,1,112,112,112,1186,0.0,32.0,
11321,CURRENT_RUN_REAL_DATA,True,99,99,0,0,0,0,98,0,77,0,98,98,98,1191,10.0,20.0,
11322,CURRENT_RUN_REAL_DATA,True,108,108,0,0,0,22,85,18,12,3,107,107,107,1191,0.0,177.0,
11323,CURRENT_RUN_REAL_DATA,True,98,98,0,0,0,0,97,0,87,0,97,97,97,1186,7.0,21.0,
11324,CURRENT_RUN_REAL_DATA,True,109,109,0,0,0,5,103,4,9,1,108,108,108,1188,0.0,53.0,
11325,CURRENT_RUN_REAL_DATA,True,106,106,0,0,0,0,105,0,0,0,105,105,105,1188,1.0,22.0,
11326,CURRENT_RUN_REAL_DATA,True,104,104,0,0,0,0,103,0,17,0,103,103,103,1191,1.0,30.0,
11327,CURRENT_RUN_REAL_DATA,True,131,131,0,0,0,0,130,0,33,0,130,130,130,1190,1.0,30.0,
11328,CURRENT_RUN_REAL_DATA,True,99,99,0,0,0,0,98,0,80,0,98,98,98,1195,10.0,20.0,
11329,CURRENT_RUN_REAL_DATA,True,99,99,0,0,0,0,98,0,25,0,98,98,98,1191,8.0,21.0,
11330,CURRENT_RUN_REAL_DATA,True,102,102,0,0,0,0,101,0,1,1,101,101,101,1186,1.0,35.0,
11331,CURRENT_RUN_REAL_DATA,True,100,100,0,0,0,0,99,0,89,0,99,99,99,1190,6.0,20.0,
11332,CURRENT_RUN_REAL_DATA,True,100,100,0,0,0,0,99,0,81,0,99,99,99,1193,2.0,20.0,
11333,CURRENT_RUN_REAL_DATA,True,121,121,0,0,0,17,103,17,15,2,120,120,120,1194,0.0,102.0,
11334,CURRENT_RUN_REAL_DATA,True,98,98,0,0,0,0,97,0,87,0,97,97,97,1186,7.0,28.0,
11335,CURRENT_RUN_REAL_DATA,True,99,99,0,0,0,0,98,0,3,0,98,98,98,1180,5.0,20.0,
11336,CURRENT_RUN_REAL_DATA,True,105,105,0,0,0,2,102,1,54,1,104,104,104,1191,0.0,51.0,
11337,CURRENT_RUN_REAL_DATA,True,100,100,0,0,0,1,98,0,88,0,99,99,99,1189,0.0,22.0,
11338,CURRENT_RUN_REAL_DATA,True,99,99,0,0,0,0,98,0,88,0,98,98,98,1195,9.0,21.0,
11339,CURRENT_RUN_REAL_DATA,True,100,100,0,0,0,2,97,0,81,1,99,99,99,1190,0.0,33.0,
11340,CURRENT_RUN_REAL_DATA,True,117,117,0,0,0,1,115,0,40,0,116,116,116,1192,0.0,29.0,
11341,CURRENT_RUN_REAL_DATA,True,99,99,0,0,0,0,98,0,79,0,98,98,98,1191,7.0,20.0,
11342,CURRENT_RUN_REAL_DATA,True,95,95,0,0,0,2,92,2,2,2,94,94,94,1186,0.0,93.0,
11343,CURRENT_RUN_REAL_DATA,True,100,100,0,0,0,0,99,0,0,0,99,99,99,1191,3.0,21.0,
11344,CURRENT_RUN_REAL_DATA,True,99,99,0,0,0,0,98,0,79,0,98,98,98,1195,9.0,20.0,
11345,CURRENT_RUN_REAL_DATA,True,115,115,0,0,0,0,114,0,22,0,114,114,114,1188,1.0,20.0,
11346,CURRENT_RUN_REAL_DATA,True,99,99,0,0,0,2,96,0,79,1,98,98,98,1195,0.0,41.0,
11347,CURRENT_RUN_REAL_DATA,True,95,95,0,0,0,2,92,0,14,2,94,94,94,1121,0.0,45.0,
11348,CURRENT_RUN_REAL_DATA,True,103,103,0,0,0,0,102,0,17,1,102,102,102,1179,1.0,147.0,
11349,CURRENT_RUN_REAL_DATA,True,99,99,0,0,0,1,97,0,78,0,98,98,98,1187,0.0,23.0,
11350,CURRENT_RUN_REAL_DATA,True,99,99,0,0,0,0,98,0,77,0,98,98,98,1179,8.0,20.0,
11351,CURRENT_RUN_REAL_DATA,True,100,100,0,0,0,0,99,0,72,0,99,99,99,1193,2.0,20.0,
11352,CURRENT_RUN_REAL_DATA,True,99,99,0,0,0,2,96,1,64,1,98,98,98,1194,0.0,57.0,
11353,CURRENT_RUN_REAL_DATA,True,125,125,0,0,0,0,124,0,42,0,124,124,124,1192,1.0,30.0,
11354,CURRENT_RUN_REAL_DATA,True,100,100,0,0,0,0,99,0,83,0,99,99,99,1191,4.0,23.0,
11355,CURRENT_RUN_REAL_DATA,True,114,114,0,0,0,0,113,0,0,0,113,113,113,1186,1.0,27.0,
11356,CURRENT_RUN_REAL_DATA,True,100,100,0,0,0,1,98,0,90,0,99,99,99,1194,0.0,20.0,
11357,CURRENT_RUN_REAL_DATA,True,105,105,0,0,0,2,102,2,51,2,104,104,104,1189,0.0,46.0,
11358,CURRENT_RUN_REAL_DATA,True,97,97,0,0,0,0,96,0,86,2,96,96,96,1187,6.0,31.0,
11359,CURRENT_RUN_REAL_DATA,True,84,84,0,0,0,2,81,2,52,1,83,83,83,1042,0.0,53.0,
11360,CURRENT_RUN_REAL_DATA,True,100,100,0,0,0,2,97,0,78,1,99,99,99,1195,0.0,46.0,
11361,CURRENT_RUN_REAL_DATA,True,100,100,0,0,0,3,96,0,90,1,99,99,99,1193,0.0,40.0,
11362,CURRENT_RUN_REAL_DATA,True,106,106,0,0,0,1,104,0,15,0,105,105,105,1189,0.0,22.0,
11363,CURRENT_RUN_REAL_DATA,True,103,103,0,0,0,0,102,0,50,0,102,102,102,1195,1.0,21.0,
11364,CURRENT_RUN_REAL_DATA,True,87,87,0,0,0,0,86,0,29,1,86,86,86,1152,6.0,125.0,
11365,CURRENT_RUN_REAL_DATA,True,171,171,0,0,0,4,166,4,31,1,170,170,170,1191,0.0,33.0,
11366,CURRENT_RUN_REAL_DATA,True,67,67,0,0,0,0,66,0,57,0,66,66,66,795,10.0,20.0,
11367,CURRENT_RUN_REAL_DATA,True,98,98,0,0,0,0,97,0,2,0,97,97,97,1184,8.0,22.0,
11368,CURRENT_RUN_REAL_DATA,True,100,100,0,0,0,0,99,0,79,0,99,99,99,1191,4.0,20.0,
11369,CURRENT_RUN_REAL_DATA,True,99,99,0,0,0,0,98,0,78,0,98,98,98,1180,1.0,22.0,
11370,CURRENT_RUN_REAL_DATA,True,111,111,0,0,0,1,109,1,0,0,110,110,110,1194,0.0,23.0,
11371,CURRENT_RUN_REAL_DATA,True,110,110,0,0,0,0,109,0,9,0,109,109,109,1186,1.0,26.0,
11372,CURRENT_RUN_REAL_DATA,True,66,66,0,0,0,0,65,0,1,2,65,65,65,1188,1.0,390.0,
11373,CURRENT_RUN_REAL_DATA,True,107,107,0,0,0,3,103,0,71,1,106,106,106,1172,0.0,36.0,
11374,CURRENT_RUN_REAL_DATA,True,104,104,0,0,0,1,102,0,27,0,103,103,103,1193,0.0,26.0,
11375,CURRENT_RUN_REAL_DATA,True,99,99,0,0,0,2,96,2,56,1,98,98,98,1190,0.0,41.0,
11376,CURRENT_RUN_REAL_DATA,True,107,107,0,0,0,4,102,4,1,2,106,106,106,1188,0.0,40.0,
11377,CURRENT_RUN_REAL_DATA,True,100,100,0,0,0,0,99,0,0,0,99,99,99,1189,1.0,22.0,
11378,CURRENT_RUN_REAL_DATA,True,115,115,0,0,0,0,114,0,30,1,114,114,114,1191,1.0,56.0,
11379,CURRENT_RUN_REAL_DATA,True,99,99,0,0,0,2,96,2,24,1,98,98,98,1113,0.0,38.0,
11380,CURRENT_RUN_REAL_DATA,True,120,120,0,0,0,0,119,0,7,0,119,119,119,1186,1.0,30.0,
11381,CURRENT_RUN_REAL_DATA,True,98,98,0,0,0,0,97,0,7,0,97,97,97,1186,6.0,30.0,
11382,CURRENT_RUN_REAL_DATA,True,96,96,0,0,0,0,95,0,75,0,95,95,95,1188,6.0,30.0,
11383,CURRENT_RUN_REAL_DATA,True,95,95,0,0,0,34,60,1,92,8,94,94,94,1080,0.0,158.0,
11384,CURRENT_RUN_REAL_DATA,True,100,100,0,0,0,0,99,0,79,0,99,99,99,1190,2.0,20.0,
11385,CURRENT_RUN_REAL_DATA,True,99,99,0,0,0,0,98,0,88,0,98,98,98,1195,1.0,30.0,
