[main 1ac203c] Complete Goal 2 experiments, independent acceptance, and reproducible artifacts
 3253 files changed, 6525855 insertions(+), 114 deletions(-)
 create mode 100644 task1/docs/goal2/STAGE_ANALYSIS.md
 create mode 100644 task1/evidence/goal2/FINAL_RESPONSE.md
 create mode 100644 task1/evidence/goal2/PROCESS_RECORD.md
 create mode 100644 task1/evidence/goal2/REVIEW_PACKET.md
 create mode 100644 task1/evidence/goal2/USER_PROMPT.md
 create mode 100644 task1/evidence/goal2/a_epoch02/A_EVALUATION_READINESS.json
 create mode 100644 task1/evidence/goal2/a_epoch02/A_EVALUATION_READINESS.md
 create mode 100644 task1/evidence/goal2/a_epoch02/A_FOLLOWUP_DEVELOPMENT_EPOCH02.json
 create mode 100644 task1/evidence/goal2/a_epoch02/A_FOLLOWUP_DEVELOPMENT_EPOCH02.md
 create mode 100644 task1/evidence/goal2/a_epoch02/A_READINESS_TIMING_AND_GUARD.json
 create mode 100644 task1/evidence/goal2/a_epoch02/actual_ai_critique/ACTUAL_AI_CRITIQUE.md
 create mode 100644 task1/evidence/goal2/a_epoch02/actual_ai_critique/actual_ai_critique.json
 create mode 100644 task1/evidence/goal2/a_epoch02/actual_ai_critique/build_actual_ai_critique.py
 create mode 100644 task1/evidence/goal2/a_epoch02/actual_ai_critique/review_targets.json
 create mode 100644 task1/evidence/goal2/a_epoch02/actual_ai_critique/root_rebuild.log
 create mode 100644 task1/evidence/goal2/a_epoch02/actual_ai_critique/root_rebuild_execution.json
 create mode 100644 task1/evidence/goal2/a_epoch02/actual_ai_critique/root_repair_validation.json
 create mode 100644 task1/evidence/goal2/a_epoch02/actual_ai_critique_v1/ACTUAL_AI_CRITIQUE.md
 create mode 100644 task1/evidence/goal2/a_epoch02/actual_ai_critique_v1/actual_ai_critique.json
 create mode 100644 task1/evidence/goal2/a_epoch02/actual_ai_critique_v1/build_actual_ai_critique.py
 create mode 100644 task1/evidence/goal2/a_epoch02/actual_ai_critique_v1/preservation.json
 create mode 100644 task1/evidence/goal2/a_epoch02/actual_ai_critique_v1/review_targets.json
 create mode 100644 task1/evidence/goal2/a_epoch02/ai_tradeoff_analysis_regression/DEVELOPMENT_PRESENTATION_REGRESSION.md
 create mode 100644 task1/evidence/goal2/a_epoch02/ai_tradeoff_analysis_regression/initial_test_failure.json
 create mode 100644 task1/evidence/goal2/a_epoch02/ai_tradeoff_analysis_regression/receipt.json
 create mode 100644 task1/evidence/goal2/a_epoch02/ai_tradeoff_analysis_regression/tables/ai_critique_examples.csv
 create mode 100644 task1/evidence/goal2/a_epoch02/ai_tradeoff_analysis_regression/tables/ai_legal_proposal_tradeoffs.csv
 create mode 100644 task1/evidence/goal2/a_epoch02/ai_tradeoff_selection_rule.json
 create mode 100644 task1/evidence/goal2/a_epoch02/final_analysis/build.log
 create mode 100644 task1/evidence/goal2/a_epoch02/final_analysis/build_execution.json
 create mode 100644 task1/evidence/goal2/a_epoch02/final_analysis/mode_totals_independent_readback.json
 create mode 100644 task1/evidence/goal2/a_epoch02/final_analysis/review_targets.json
 create mode 100644 task1/evidence/goal2/a_epoch02/final_analysis/verification_receipt.json
 create mode 100644 task1/evidence/goal2/a_epoch02/final_analysis/verify_final_analysis.py
 create mode 100644 task1/evidence/goal2/a_epoch02/final_handoff_check/FINAL_RESPONSE.md.source.txt
 create mode 100644 task1/evidence/goal2/a_epoch02/final_handoff_check/FINDINGS.md
 create mode 100644 task1/evidence/goal2/a_epoch02/final_handoff_check/PROCESS_RECORD.md.source.txt
 create mode 100644 task1/evidence/goal2/a_epoch02/final_handoff_check/REVIEW_PACKET.md.source.txt
 create mode 100644 task1/evidence/goal2/a_epoch02/final_handoff_check/check_handoff.py
 create mode 100644 task1/evidence/goal2/a_epoch02/final_handoff_check/execution.json
 create mode 100644 task1/evidence/goal2/a_epoch02/final_handoff_check/formal_eval_tradeoff_witnesses.json
 create mode 100644 task1/evidence/goal2/a_epoch02/final_handoff_check/read_cutoff.json
 create mode 100644 task1/evidence/goal2/a_epoch02/final_handoff_check/receipt.json
 create mode 100644 task1/evidence/goal2/a_epoch02/heldout_single_confirmation/SINGLE_CANDIDATE_CONFIRMATION.md
 create mode 100644 task1/evidence/goal2/a_epoch02/heldout_single_confirmation/build_confirmation.py
 create mode 100644 task1/evidence/goal2/a_epoch02/heldout_single_confirmation/case_selection_rules.json
 create mode 100644 task1/evidence/goal2/a_epoch02/heldout_single_confirmation/review_targets.json
 create mode 100644 task1/evidence/goal2/a_epoch02/heldout_single_confirmation/single_candidate_confirmation.json
 create mode 100644 task1/evidence/goal2/a_epoch02/heldout_single_confirmation/tables/candidate_by_stratum.csv
 create mode 100644 task1/evidence/goal2/a_epoch02/heldout_single_confirmation/tables/candidate_case_selection.csv
 create mode 100644 task1/evidence/goal2/a_epoch02/heldout_single_confirmation/tables/candidate_development.csv
 create mode 100644 task1/evidence/goal2/a_epoch02/heldout_single_confirmation/tables/candidate_evaluation.csv
 create mode 100644 task1/evidence/goal2/a_epoch02/heldout_single_confirmation/tables/candidate_record_metrics.csv
 create mode 100644 task1/evidence/goal2/a_epoch02/heldout_single_confirmation/tables/candidate_record_pairs.csv
 create mode 100644 task1/evidence/goal2/a_epoch02/heldout_single_confirmation/tables/candidate_shared_calculations.csv
 create mode 100644 task1/evidence/goal2/a_epoch02/heldout_single_confirmation/tables/candidate_stratum_metrics.csv
 create mode 100644 task1/evidence/goal2/a_epoch02/heldout_single_confirmation/tables/candidate_unavailable_metrics.csv
 create mode 100644 task1/evidence/goal2/a_epoch02/live_development_observations/summary.json
 create mode 100644 task1/evidence/goal2/a_epoch02/live_development_observations/tables/historical_model_calls.csv
 create mode 100644 task1/evidence/goal2/a_epoch02/live_development_observations/tables/memory_consumption.csv
 create mode 100644 task1/evidence/goal2/a_epoch02/live_development_observations/tables/memory_delivered_entries.csv
 create mode 100644 task1/evidence/goal2/a_epoch02/live_development_observations/tables/memory_entries.csv
 create mode 100644 task1/evidence/goal2/a_epoch02/live_development_observations/tables/memory_independent_mode_comparison.csv
 create mode 100644 task1/evidence/goal2/a_epoch02/live_development_observations/tables/memory_retrieval.csv
 create mode 100644 task1/evidence/goal2/a_epoch02/live_development_observations/tables/mode_batch_resources.csv
 create mode 100644 task1/evidence/goal2/a_epoch02/live_development_observations/tables/mode_candidates.csv
 create mode 100644 task1/evidence/goal2/a_epoch02/live_development_observations/tables/mode_episode_distributions.csv
 create mode 100644 task1/evidence/goal2/a_epoch02/live_development_observations/tables/mode_original_record_summary.csv
 create mode 100644 task1/evidence/goal2/a_epoch02/live_development_observations/tables/mode_pairwise.csv
 create mode 100644 task1/evidence/goal2/a_epoch02/live_development_observations/tables/mode_proposals.csv
 create mode 100644 task1/evidence/goal2/a_epoch02/live_development_observations/tables/mode_record_repeat_distributions.csv
 create mode 100644 task1/evidence/goal2/a_epoch02/live_development_observations/tables/mode_record_results.csv
 create mode 100644 task1/evidence/goal2/a_epoch02/live_development_observations/tables/mode_rounds.csv
 create mode 100644 task1/evidence/goal2/a_epoch02/live_development_observations/tables/mode_summary.csv
 create mode 100644 task1/evidence/goal2/a_epoch02/live_development_observations/tables/model_calls.csv
 create mode 100644 task1/evidence/goal2/a_epoch02/live_development_observations/tables/model_cost_scope_summary.csv
 create mode 100644 task1/evidence/goal2/a_epoch02/live_development_observations/tables/resource_totals.csv
 create mode 100644 task1/evidence/goal2/a_epoch02/prepare_followup.py
 create mode 100644 task1/evidence/goal2/a_epoch02/prepare_readiness.py
 create mode 100644 task1/evidence/goal2/a_epoch02/verify_ai_tradeoff_analysis.py
 create mode 100644 task1/evidence/goal2/a_epoch02_development_registry_snapshot.json
 create mode 100644 task1/evidence/goal2/a_epoch02_single_confirmation_registry_snapshot.json
 create mode 100644 task1/evidence/goal2/a_followup_archive/0002549b796898ba/a_followup_development.json
 create mode 100644 task1/evidence/goal2/a_followup_archive/0002549b796898ba/archive_binding.json
 create mode 100644 task1/evidence/goal2/a_followup_archive/0002549b796898ba/build_goal2_analysis.py
 create mode 100644 task1/evidence/goal2/a_followup_archive/0a7ad0743e8f4fe0/archive_binding.json
 create mode 100644 task1/evidence/goal2/a_followup_archive/0a7ad0743e8f4fe0/build_goal2_analysis.py
 create mode 100644 task1/evidence/goal2/a_followup_archive/b58045b9433c1ad3/a_followup_development.json
 create mode 100644 task1/evidence/goal2/a_followup_archive/b58045b9433c1ad3/archive_binding.json
 create mode 100644 task1/evidence/goal2/a_followup_archive/b58045b9433c1ad3/build_goal2_analysis.py
 create mode 100644 task1/evidence/goal2/a_followup_development.json
 create mode 100644 task1/evidence/goal2/a_handoff_finding_consumption.json
 create mode 100644 task1/evidence/goal2/analysis_resource_accounting_regression.json
 create mode 100644 task1/evidence/goal2/c_contract/GOAL2_COMPLETE_ACCEPTANCE.md
 create mode 100644 task1/evidence/goal2/c_contract/GOAL2_COMPLETE_ACCEPTANCE_rejected_v1.md
 create mode 100644 task1/evidence/goal2/c_contract/ai_null_closure_receipt.json
 create mode 100644 task1/evidence/goal2/c_contract/analysis_complete_receipt.json
 create mode 100644 task1/evidence/goal2/c_contract/analysis_complete_receipt_v2.json
 create mode 100644 task1/evidence/goal2/c_contract/candidate_figure_closure_receipt.json
 create mode 100644 task1/evidence/goal2/c_contract/candidate_figure_closure_receipt_v2.json
 create mode 100644 task1/evidence/goal2/c_contract/candidate_figure_direct_png_review.json
 create mode 100644 task1/evidence/goal2/c_contract/candidate_figure_pdf_renders/goal2_actual_architecture.png
 create mode 100644 task1/evidence/goal2/c_contract/candidate_figure_pdf_renders/real_trajectory_cases.png
 create mode 100644 task1/evidence/goal2/c_contract/candidate_figure_pdf_renders/synthetic_metric_counterexamples.png
 create mode 100644 task1/evidence/goal2/c_contract/candidate_figure_review.log
 create mode 100644 task1/evidence/goal2/c_contract/candidate_figure_review_02.log
 create mode 100644 task1/evidence/goal2/c_contract/candidate_figure_review_03.log
 create mode 100644 task1/evidence/goal2/c_contract/candidate_lock_epoch02_receipt.json
 create mode 100644 task1/evidence/goal2/c_contract/case_config_closure_receipt.json
 create mode 100644 task1/evidence/goal2/c_contract/case_config_closure_receipt_v2.json
 create mode 100644 task1/evidence/goal2/c_contract/case_config_review.log
 create mode 100644 task1/evidence/goal2/c_contract/case_config_review_02.log
 create mode 100644 task1/evidence/goal2/c_contract/case_label_pdf_render_200dpi.png
 create mode 100644 task1/evidence/goal2/c_contract/combine_coordinate_reviews.py
 create mode 100644 task1/evidence/goal2/c_contract/compare_deterministic_epochs.py
 create mode 100644 task1/evidence/goal2/c_contract/complete_review_initial_path_failure.json
 create mode 100644 task1/evidence/goal2/c_contract/context_closure_epoch02.json
 create mode 100644 task1/evidence/goal2/c_contract/contract_receipt.json
 create mode 100644 task1/evidence/goal2/c_contract/control_closure_receipt.json
 create mode 100644 task1/evidence/goal2/c_contract/control_probes.py
 create mode 100644 task1/evidence/goal2/c_contract/control_round2.xml
 create mode 100644 task1/evidence/goal2/c_contract/control_round2_receipt.json
 create mode 100644 task1/evidence/goal2/c_contract/control_round3.xml
 create mode 100644 task1/evidence/goal2/c_contract/control_round4.xml
 create mode 100644 task1/evidence/goal2/c_contract/coordinate_complete_receipt.json
 create mode 100644 task1/evidence/goal2/c_contract/coordinate_sensitivity_receipt.json
 create mode 100644 task1/evidence/goal2/c_contract/coordinate_sensitivity_receipt_v2.json
 create mode 100644 task1/evidence/goal2/c_contract/core_boundary_tests.xml
 create mode 100644 task1/evidence/goal2/c_contract/core_epoch02_tests.xml
 create mode 100644 task1/evidence/goal2/c_contract/core_numeric_current.json
 create mode 100644 task1/evidence/goal2/c_contract/core_receipt.json
 create mode 100644 task1/evidence/goal2/c_contract/core_receipt_epoch02.json
 create mode 100644 task1/evidence/goal2/c_contract/counterexamples_complete_receipt.json
 create mode 100644 task1/evidence/goal2/c_contract/counterexamples_epoch02_receipt.json
 create mode 100644 task1/evidence/goal2/c_contract/development_modes_epoch02_full_review.log
 create mode 100644 task1/evidence/goal2/c_contract/development_modes_epoch02_llmonly_b0.json
 create mode 100644 task1/evidence/goal2/c_contract/development_modes_epoch02_llmonly_b0.log
 create mode 100644 task1/evidence/goal2/c_contract/development_modes_epoch02_llmonly_b1.json
 create mode 100644 task1/evidence/goal2/c_contract/development_modes_epoch02_llmonly_b1.log
 create mode 100644 task1/evidence/goal2/c_contract/development_modes_epoch02_llmonly_b2.json
 create mode 100644 task1/evidence/goal2/c_contract/development_modes_epoch02_memory_b0.json
 create mode 100644 task1/evidence/goal2/c_contract/development_modes_epoch02_memory_b0.log
 create mode 100644 task1/evidence/goal2/c_contract/development_modes_epoch02_receipt.json
 create mode 100644 task1/evidence/goal2/c_contract/development_modes_epoch02_search_b0.json
 create mode 100644 task1/evidence/goal2/c_contract/development_modes_epoch02_search_b0.log
 create mode 100644 task1/evidence/goal2/c_contract/development_modes_epoch02_search_b1.json
 create mode 100644 task1/evidence/goal2/c_contract/development_modes_epoch02_search_b2.json
 create mode 100644 task1/evidence/goal2/c_contract/development_modes_epoch02_searchonly_b0.json
 create mode 100644 task1/evidence/goal2/c_contract/development_modes_epoch02_searchonly_b1.json
 create mode 100644 task1/evidence/goal2/c_contract/development_modes_epoch02_searchonly_b2.json
 create mode 100644 task1/evidence/goal2/c_contract/development_modes_first_episode.json
 create mode 100644 task1/evidence/goal2/c_contract/development_modes_first_episode.log
 create mode 100644 task1/evidence/goal2/c_contract/development_modes_search_first_episode.json
 create mode 100644 task1/evidence/goal2/c_contract/development_modes_search_first_episode.log
 create mode 100644 task1/evidence/goal2/c_contract/development_orders_epoch02_receipt.json
 create mode 100644 task1/evidence/goal2/c_contract/development_orders_epoch02_review.log
 create mode 100644 task1/evidence/goal2/c_contract/development_orders_receipt.json
 create mode 100644 task1/evidence/goal2/c_contract/development_orders_review.log
 create mode 100644 task1/evidence/goal2/c_contract/development_parameters_epoch02_receipt.json
 create mode 100644 task1/evidence/goal2/c_contract/development_parameters_epoch02_review.log
 create mode 100644 task1/evidence/goal2/c_contract/development_parameters_receipt.json
 create mode 100644 task1/evidence/goal2/c_contract/development_parameters_review.log
 create mode 100644 task1/evidence/goal2/c_contract/development_resource_scope.json
 create mode 100644 task1/evidence/goal2/c_contract/evaluation_coordinate_sensitivity_receipt.json
 create mode 100644 task1/evidence/goal2/c_contract/evaluation_freeze_epoch02_receipt.json
 create mode 100644 task1/evidence/goal2/c_contract/evaluation_modes_complete_receipt.json
 create mode 100644 task1/evidence/goal2/c_contract/evaluation_modes_feedback_early_review.log
 create mode 100644 task1/evidence/goal2/c_contract/evaluation_modes_feedback_mid_review.log
 create mode 100644 task1/evidence/goal2/c_contract/evaluation_modes_llm+search_e1_b1_receipt.json
 create mode 100644 task1/evidence/goal2/c_contract/evaluation_modes_llm+search_e1_b2_receipt.json
 create mode 100644 task1/evidence/goal2/c_contract/evaluation_modes_llm+search_e2_b0_receipt.json
 create mode 100644 task1/evidence/goal2/c_contract/evaluation_modes_llm+search_e2_b1_receipt.json
 create mode 100644 task1/evidence/goal2/c_contract/evaluation_modes_llm+search_e2_b2_receipt.json
 create mode 100644 task1/evidence/goal2/c_contract/evaluation_modes_llm+search_e3_b0_receipt.json
 create mode 100644 task1/evidence/goal2/c_contract/evaluation_modes_llm_only_e1_b1_receipt.json
 create mode 100644 task1/evidence/goal2/c_contract/evaluation_modes_llm_only_e1_b2_receipt.json
 create mode 100644 task1/evidence/goal2/c_contract/evaluation_modes_llm_only_e2_b0_receipt.json
 create mode 100644 task1/evidence/goal2/c_contract/evaluation_modes_llm_only_e2_b1_receipt.json
 create mode 100644 task1/evidence/goal2/c_contract/evaluation_modes_llm_only_e2_b2_receipt.json
 create mode 100644 task1/evidence/goal2/c_contract/evaluation_modes_llm_only_e3_b0_receipt.json
 create mode 100644 task1/evidence/goal2/c_contract/evaluation_modes_llm_only_e3_b1_receipt.json
 create mode 100644 task1/evidence/goal2/c_contract/evaluation_modes_llm_only_e3_b2_receipt.json
 create mode 100644 task1/evidence/goal2/c_contract/evaluation_modes_llmonly_e1_b0_receipt.json
 create mode 100644 task1/evidence/goal2/c_contract/evaluation_modes_llmonly_e1_b0_review.log
 create mode 100644 task1/evidence/goal2/c_contract/evaluation_modes_llmonly_early_review.log
 create mode 100644 task1/evidence/goal2/c_contract/evaluation_modes_memory_e1_b0_receipt.json
 create mode 100644 task1/evidence/goal2/c_contract/evaluation_modes_memory_e1_b0_review.log
 create mode 100644 task1/evidence/goal2/c_contract/evaluation_modes_numeric_receipt.json
 create mode 100644 task1/evidence/goal2/c_contract/evaluation_modes_search_e1_b0_receipt.json
 create mode 100644 task1/evidence/goal2/c_contract/evaluation_modes_search_e1_b0_review.log
 create mode 100644 task1/evidence/goal2/c_contract/evaluation_modes_search_only_e1_b0_receipt.json
 create mode 100644 task1/evidence/goal2/c_contract/evaluation_modes_search_only_e1_b1_receipt.json
 create mode 100644 task1/evidence/goal2/c_contract/evaluation_modes_search_only_e1_b2_receipt.json
 create mode 100644 task1/evidence/goal2/c_contract/evaluation_modes_search_only_e2_b0_receipt.json
 create mode 100644 task1/evidence/goal2/c_contract/evaluation_modes_search_only_e2_b1_receipt.json
 create mode 100644 task1/evidence/goal2/c_contract/evaluation_modes_search_only_e2_b2_receipt.json
 create mode 100644 task1/evidence/goal2/c_contract/evaluation_modes_search_only_e3_b0_receipt.json
 create mode 100644 task1/evidence/goal2/c_contract/evaluation_modes_search_only_e3_b1_receipt.json
 create mode 100644 task1/evidence/goal2/c_contract/evaluation_modes_search_only_e3_b2_receipt.json
 create mode 100644 task1/evidence/goal2/c_contract/evaluation_orders_bound_receipt.json
 create mode 100644 task1/evidence/goal2/c_contract/evaluation_orders_receipt.json
 create mode 100644 task1/evidence/goal2/c_contract/evaluation_orders_review.log
 create mode 100644 task1/evidence/goal2/c_contract/evaluation_parameters_bound_receipt.json
 create mode 100644 task1/evidence/goal2/c_contract/evaluation_parameters_receipt.json
 create mode 100644 task1/evidence/goal2/c_contract/evaluation_parameters_review.log
 create mode 100644 task1/evidence/goal2/c_contract/figures_complete_receipt.json
 create mode 100644 task1/evidence/goal2/c_contract/final_all_tests.log
 create mode 100644 task1/evidence/goal2/c_contract/final_all_tests.xml
 create mode 100644 task1/evidence/goal2/c_contract/final_all_tests_execution.json
 create mode 100644 task1/evidence/goal2/c_contract/final_figure_independent_checks.json
 create mode 100644 task1/evidence/goal2/c_contract/final_figure_pdf_renders/direction_threshold_and_neighborhood.png
 create mode 100644 task1/evidence/goal2/c_contract/final_figure_pdf_renders/dp_error_compression.png
 create mode 100644 task1/evidence/goal2/c_contract/final_figure_pdf_renders/four_mode_failures_and_cost.png
 create mode 100644 task1/evidence/goal2/c_contract/final_figure_pdf_renders/four_mode_paired_results.png
 create mode 100644 task1/evidence/goal2/c_contract/final_figure_pdf_renders/goal2_actual_architecture.png
 create mode 100644 task1/evidence/goal2/c_contract/final_figure_pdf_renders/memory_coverage_and_consumption.png
 create mode 100644 task1/evidence/goal2/c_contract/final_figure_pdf_renders/order_protection_and_neighborhoods.png
 create mode 100644 task1/evidence/goal2/c_contract/final_figure_pdf_renders/real_trajectory_cases.png
 create mode 100644 task1/evidence/goal2/c_contract/final_figure_pdf_renders/segmentation_filter_grids.png
 create mode 100644 task1/evidence/goal2/c_contract/final_figure_pdf_renders/segmentation_filter_response.png
 create mode 100644 task1/evidence/goal2/c_contract/final_figure_pdf_renders/synthetic_metric_counterexamples.png
 create mode 100644 task1/evidence/goal2/c_contract/final_git_prepublication.json
 create mode 100644 task1/evidence/goal2/c_contract/final_notebook_independent_checks.json
 create mode 100644 task1/evidence/goal2/c_contract/final_notebook_independent_checks_v2.json
 create mode 100644 task1/evidence/goal2/c_contract/final_protected_bytes_receipt.json
 create mode 100644 task1/evidence/goal2/c_contract/final_representative_raw_receipt.json
 create mode 100644 task1/evidence/goal2/c_contract/final_representative_raw_recheck.py
 create mode 100644 task1/evidence/goal2/c_contract/g1-complete-pilot-03_independent.json
 create mode 100644 task1/evidence/goal2/c_contract/g1_recompute_current_code.json
 create mode 100644 task1/evidence/goal2/c_contract/g2_pilot_order_probe_initial.json
 create mode 100644 task1/evidence/goal2/c_contract/handoff_receipt.json
 create mode 100644 task1/evidence/goal2/c_contract/handoff_receipt_bound.json
 create mode 100644 task1/evidence/goal2/c_contract/independent_numeric.py
 create mode 100644 task1/evidence/goal2/c_contract/internal_acceptance_receipt.json
 create mode 100644 task1/evidence/goal2/c_contract/internal_acceptance_receipt_v2.json
 create mode 100644 task1/evidence/goal2/c_contract/issue_context_001.json
 create mode 100644 task1/evidence/goal2/c_contract/issue_control_001.json
 create mode 100644 task1/evidence/goal2/c_contract/issue_mode_memory_001.json
 create mode 100644 task1/evidence/goal2/c_contract/issue_provenance_001.json
 create mode 100644 task1/evidence/goal2/c_contract/live_auditor_epoch02_legacy_regression.json
 create mode 100644 task1/evidence/goal2/c_contract/memory_epoch02_equivalence.json
 create mode 100644 task1/evidence/goal2/c_contract/memory_epoch02_receipt.json
 create mode 100644 task1/evidence/goal2/c_contract/memory_epoch02_review.log
 create mode 100644 task1/evidence/goal2/c_contract/memory_receipt.json
 create mode 100644 task1/evidence/goal2/c_contract/memory_review.log
 create mode 100644 task1/evidence/goal2/c_contract/mode_context_epoch02.xml
 create mode 100644 task1/evidence/goal2/c_contract/mode_figure_closure_receipt.json
 create mode 100644 task1/evidence/goal2/c_contract/mode_memory_closure_current.json
 create mode 100644 task1/evidence/goal2/c_contract/mode_memory_closure_receipt.json
 create mode 100644 task1/evidence/goal2/c_contract/mode_memory_initial_probes.json
 create mode 100644 task1/evidence/goal2/c_contract/mode_memory_round1.xml
 create mode 100644 task1/evidence/goal2/c_contract/mode_memory_round2.xml
 create mode 100644 task1/evidence/goal2/c_contract/mode_memory_round3.xml
 create mode 100644 task1/evidence/goal2/c_contract/mode_memory_round4.xml
 create mode 100644 task1/evidence/goal2/c_contract/notebook_confirmation_closure_receipt.json
 create mode 100644 task1/evidence/goal2/c_contract/notebook_confirmation_closure_receipt_v2.json
 create mode 100644 task1/evidence/goal2/c_contract/notebook_setup_closure_receipt.json
 create mode 100644 task1/evidence/goal2/c_contract/notebook_setup_engineering_test.ipynb
 create mode 100644 task1/evidence/goal2/c_contract/notebooks_complete_receipt.json
 create mode 100644 task1/evidence/goal2/c_contract/notebooks_complete_receipt_v2.json
 create mode 100644 task1/evidence/goal2/c_contract/orders_epoch02_equivalence.json
 create mode 100644 task1/evidence/goal2/c_contract/parameter_figure_closure_receipt.json
 create mode 100644 task1/evidence/goal2/c_contract/parameter_figure_pdf_renders/direction_threshold_and_neighborhood.png
 create mode 100644 task1/evidence/goal2/c_contract/parameter_figure_pdf_renders/dp_error_compression.png
 create mode 100644 task1/evidence/goal2/c_contract/parameter_figure_pdf_renders/order_protection_and_neighborhoods.png
 create mode 100644 task1/evidence/goal2/c_contract/parameter_figure_pdf_renders/segmentation_filter_grids.png
 create mode 100644 task1/evidence/goal2/c_contract/parameter_figure_pdf_renders/segmentation_filter_response.png
 create mode 100644 task1/evidence/goal2/c_contract/parameters_epoch02_equivalence.json
 create mode 100644 task1/evidence/goal2/c_contract/protected_integrity.json
 create mode 100644 task1/evidence/goal2/c_contract/provenance_round1.xml
 create mode 100644 task1/evidence/goal2/c_contract/provider_receipt.json
 create mode 100644 task1/evidence/goal2/c_contract/raw_extent_inventory.json
 create mode 100644 task1/evidence/goal2/c_contract/receipt_target_closure_receipt.json
 create mode 100644 task1/evidence/goal2/c_contract/receipt_target_engineering_test/goal_state.json
 create mode 100644 task1/evidence/goal2/c_contract/receipt_target_review.log
 create mode 100644 task1/evidence/goal2/c_contract/release_final_facts_initial_schema_failure.json
 create mode 100644 task1/evidence/goal2/c_contract/release_preparation_receipt.json
 create mode 100644 task1/evidence/goal2/c_contract/release_preparation_receipt_v2.json
 create mode 100644 task1/evidence/goal2/c_contract/retry_classifier_closure_epoch02.json
 create mode 100644 task1/evidence/goal2/c_contract/review_actual_ai_critique.py
 create mode 100644 task1/evidence/goal2/c_contract/review_candidate_figures.py
 create mode 100644 task1/evidence/goal2/c_contract/review_candidate_figures_before_tuple_fix.py
 create mode 100644 task1/evidence/goal2/c_contract/review_candidate_freeze.py
 create mode 100644 task1/evidence/goal2/c_contract/review_case_labels.py
 create mode 100644 task1/evidence/goal2/c_contract/review_case_labels_before_metadata_fix.py
 create mode 100644 task1/evidence/goal2/c_contract/review_context_repair.py
 create mode 100644 task1/evidence/goal2/c_contract/review_contract.py
 create mode 100644 task1/evidence/goal2/c_contract/review_coordinate_sensitivity.py
 create mode 100644 task1/evidence/goal2/c_contract/review_coordinate_sensitivity_before_empty_reason_fix.py
 create mode 100644 task1/evidence/goal2/c_contract/review_core_numeric.py
 create mode 100644 task1/evidence/goal2/c_contract/review_counterexamples.py
 create mode 100644 task1/evidence/goal2/c_contract/review_development_runs.py
 create mode 100644 task1/evidence/goal2/c_contract/review_evaluation_coordinate_sensitivity.py
 create mode 100644 task1/evidence/goal2/c_contract/review_evaluation_mode_metadata.py
 create mode 100644 task1/evidence/goal2/c_contract/review_evaluation_modes.py
 create mode 100644 task1/evidence/goal2/c_contract/review_evaluation_runs.py
 create mode 100644 task1/evidence/goal2/c_contract/review_final_analysis.py
 create mode 100644 task1/evidence/goal2/c_contract/review_final_analysis_before_schema_fix.py
 create mode 100644 task1/evidence/goal2/c_contract/review_final_figures.py
 create mode 100644 task1/evidence/goal2/c_contract/review_final_notebooks.py
 create mode 100644 task1/evidence/goal2/c_contract/review_final_notebooks_before_schema_fix.py
 create mode 100644 task1/evidence/goal2/c_contract/review_goal2_complete.py
 create mode 100644 task1/evidence/goal2/c_contract/review_goal2_complete_before_path_fix.py
 create mode 100644 task1/evidence/goal2/c_contract/review_goal2_complete_before_schema_fix.py
 create mode 100644 task1/evidence/goal2/c_contract/review_handoff.py
 create mode 100644 task1/evidence/goal2/c_contract/review_live_modes.py
 create mode 100644 task1/evidence/goal2/c_contract/review_live_modes_epoch02.py
 create mode 100644 task1/evidence/goal2/c_contract/review_notebook_setup.py
 create mode 100644 task1/evidence/goal2/c_contract/review_parameter_figures.py
 create mode 100644 task1/evidence/goal2/c_contract/review_provider.py
 create mode 100644 task1/evidence/goal2/c_contract/review_release_and_final_facts.py
 create mode 100644 task1/evidence/goal2/c_contract/review_release_and_final_facts_before_category_fix.py
 create mode 100644 task1/evidence/goal2/c_contract/review_release_and_final_facts_before_llmonly_schema.py
 create mode 100644 task1/evidence/goal2/c_contract/review_single_confirmation.py
 create mode 100644 task1/evidence/goal2/c_contract/review_split.py
 create mode 100644 task1/evidence/goal2/c_contract/review_target_reconciliation.py
 create mode 100644 task1/evidence/goal2/c_contract/single_candidate_confirmation_receipt.json
 create mode 100644 task1/evidence/goal2/c_contract/single_candidate_confirmation_review.log
 create mode 100644 task1/evidence/goal2/c_contract/source_scope_closure_receipt.json
 create mode 100644 task1/evidence/goal2/c_contract/source_scope_closure_tests.xml
 create mode 100644 task1/evidence/goal2/c_contract/source_scope_round2.xml
 create mode 100644 task1/evidence/goal2/c_contract/split_probe_development_failure.json
 create mode 100644 task1/evidence/goal2/c_contract/split_receipt.json
 create mode 100644 task1/evidence/goal2/c_contract/test_control_independent.py
 create mode 100644 task1/evidence/goal2/c_contract/test_g2_modes_independent.py
 create mode 100644 task1/evidence/goal2/c_contract/test_g2_provenance_independent.py
 create mode 100644 task1/evidence/goal2/candidate_lock.json
 create mode 100644 task1/evidence/goal2/code_epoch02_safety.json
 create mode 100644 task1/evidence/goal2/code_freeze.json
 create mode 100644 task1/evidence/goal2/context_interruption.json
 create mode 100644 task1/evidence/goal2/contract_freeze.json
 create mode 100644 task1/evidence/goal2/coordinate_sensitivity/development-01/all_threshold_differences.jsonl.gz
 create mode 100644 task1/evidence/goal2/coordinate_sensitivity/development-01/coordinate_checks.json
 create mode 100644 task1/evidence/goal2/coordinate_sensitivity/development-01/raw_edges.jsonl.gz
 create mode 100644 task1/evidence/goal2/coordinate_sensitivity/development-01/summary.json
 create mode 100644 task1/evidence/goal2/coordinate_sensitivity/development-02/all_threshold_differences.jsonl.gz
 create mode 100644 task1/evidence/goal2/coordinate_sensitivity/development-02/coordinate_checks.json
 create mode 100644 task1/evidence/goal2/coordinate_sensitivity/development-02/raw_edges.jsonl.gz
 create mode 100644 task1/evidence/goal2/coordinate_sensitivity/development-02/summary.json
 create mode 100644 task1/evidence/goal2/coordinate_sensitivity/evaluation-01/all_threshold_differences.jsonl.gz
 create mode 100644 task1/evidence/goal2/coordinate_sensitivity/evaluation-01/coordinate_checks.json
 create mode 100644 task1/evidence/goal2/coordinate_sensitivity/evaluation-01/raw_edges.jsonl.gz
 create mode 100644 task1/evidence/goal2/coordinate_sensitivity/evaluation-01/summary.json
 create mode 100644 task1/evidence/goal2/coordinate_sensitivity/raw_preflight/all_threshold_differences.jsonl.gz
 create mode 100644 task1/evidence/goal2/coordinate_sensitivity/raw_preflight/coordinate_checks.json
 create mode 100644 task1/evidence/goal2/coordinate_sensitivity/raw_preflight/raw_edges.jsonl.gz
 create mode 100644 task1/evidence/goal2/coordinate_sensitivity/raw_preflight/summary.json
 create mode 100644 task1/evidence/goal2/counterexamples/engineering-smoke-01/CASE_ANALYSIS.md
 create mode 100644 task1/evidence/goal2/counterexamples/engineering-smoke-01/exposed_pilot_cases.json
 create mode 100644 task1/evidence/goal2/counterexamples/engineering-smoke-01/manifest.json
 create mode 100644 task1/evidence/goal2/counterexamples/engineering-smoke-01/synthetic_cases.json
 create mode 100644 task1/evidence/goal2/counterexamples/formal-01/CASE_ANALYSIS.md
 create mode 100644 task1/evidence/goal2/counterexamples/formal-01/exposed_pilot_cases.json
 create mode 100644 task1/evidence/goal2/counterexamples/formal-01/manifest.json
 create mode 100644 task1/evidence/goal2/counterexamples/formal-01/synthetic_cases.json
 create mode 100644 task1/evidence/goal2/counterexamples/formal-02/CASE_ANALYSIS.md
 create mode 100644 task1/evidence/goal2/counterexamples/formal-02/exposed_pilot_cases.json
 create mode 100644 task1/evidence/goal2/counterexamples/formal-02/manifest.json
 create mode 100644 task1/evidence/goal2/counterexamples/formal-02/synthetic_cases.json
 create mode 100644 task1/evidence/goal2/current_runs.json
 create mode 100644 task1/evidence/goal2/data/raw_diagnostics.json
 create mode 100644 task1/evidence/goal2/data/split_manifest.json
 create mode 100644 task1/evidence/goal2/environment_record.json
 create mode 100644 task1/evidence/goal2/evaluation_freeze.json
 create mode 100644 task1/evidence/goal2/final_figure_review_targets.json
 create mode 100644 task1/evidence/goal2/final_internal_review_targets.json
 create mode 100644 task1/evidence/goal2/final_notebook_review_targets.json
 create mode 100644 task1/evidence/goal2/goal_state.json
 create mode 100644 task1/evidence/goal2/governance_dispatches.json
 create mode 100644 task1/evidence/goal2/internal_acceptance_inputs/prepublication_01/FINAL_RESPONSE.md.source.txt
 create mode 100644 task1/evidence/goal2/internal_acceptance_inputs/prepublication_01/PROCESS_RECORD.md.source.txt
 create mode 100644 task1/evidence/goal2/internal_acceptance_inputs/prepublication_01/REPRODUCE.md.source.txt
 create mode 100644 task1/evidence/goal2/internal_acceptance_inputs/prepublication_01/REVIEW_PACKET.md.source.txt
 create mode 100644 task1/evidence/goal2/internal_acceptance_inputs/prepublication_01/goal_state.json.snapshot.json
 create mode 100644 task1/evidence/goal2/internal_acceptance_inputs/prepublication_01/governance_dispatches.json.snapshot.json
 create mode 100644 task1/evidence/goal2/internal_acceptance_inputs/prepublication_01/progress_checkpoint.json.snapshot.json
 create mode 100644 task1/evidence/goal2/internal_acceptance_inputs/prepublication_01/requirements.json.snapshot.json
 create mode 100644 task1/evidence/goal2/internal_acceptance_inputs/prepublication_01/snapshot_manifest.json
 create mode 100644 task1/evidence/goal2/internal_completion.json
 create mode 100644 task1/evidence/goal2/interrupted_model_costs.json
 create mode 100644 task1/evidence/goal2/logs/b_run_execution_01.json
 create mode 100644 task1/evidence/goal2/logs/b_run_execution_02.json
 create mode 100644 task1/evidence/goal2/logs/b_run_rebuild_02_artifact_checks.json
 create mode 100644 task1/evidence/goal2/logs/candidate_lock_02.log
 create mode 100644 task1/evidence/goal2/logs/candidate_lock_02_execution.json
 create mode 100644 task1/evidence/goal2/logs/coordinate_development_02.log
 create mode 100644 task1/evidence/goal2/logs/coordinate_development_02_execution.json
 create mode 100644 task1/evidence/goal2/logs/coordinate_evaluation_01.log
 create mode 100644 task1/evidence/goal2/logs/coordinate_evaluation_01_execution.json
 create mode 100644 task1/evidence/goal2/logs/g2-demo-memory-01.log
 create mode 100644 task1/evidence/goal2/logs/g2-demo-memory-02.log
 create mode 100644 task1/evidence/goal2/logs/g2-demo-memory-02_mathematical_comparison.json
 create mode 100644 task1/evidence/goal2/logs/g2-demo-memory-02_snapshot_semantic_comparison.json
 create mode 100644 task1/evidence/goal2/logs/g2-development-modes-01.execution.json
 create mode 100644 task1/evidence/goal2/logs/g2-development-modes-01.log
 create mode 100644 task1/evidence/goal2/logs/g2-development-modes-02.log
 create mode 100644 task1/evidence/goal2/logs/g2-development-modes-02_execution.json
 create mode 100644 task1/evidence/goal2/logs/g2-development-orders-01.log
 create mode 100644 task1/evidence/goal2/logs/g2-development-orders-02.log
 create mode 100644 task1/evidence/goal2/logs/g2-development-orders-02_mathematical_comparison.json
 create mode 100644 task1/evidence/goal2/logs/g2-development-parameters-01.log
 create mode 100644 task1/evidence/goal2/logs/g2-development-parameters-02.log
 create mode 100644 task1/evidence/goal2/logs/g2-development-parameters-02_mathematical_comparison.json
 create mode 100644 task1/evidence/goal2/logs/g2-evaluation-modes-01.log
 create mode 100644 task1/evidence/goal2/logs/g2-evaluation-modes-01_execution.json
 create mode 100644 task1/evidence/goal2/logs/g2-evaluation-orders-01.log
 create mode 100644 task1/evidence/goal2/logs/g2-evaluation-orders-01_artifact_checks.json
 create mode 100644 task1/evidence/goal2/logs/g2-evaluation-orders-01_execution.json
 create mode 100644 task1/evidence/goal2/logs/g2-evaluation-parameters-01.log
 create mode 100644 task1/evidence/goal2/logs/g2-evaluation-parameters-01_artifact_checks.json
 create mode 100644 task1/evidence/goal2/logs/g2-evaluation-parameters-01_execution.json
 create mode 100644 task1/evidence/goal2/logs/tests_after_presentation_repair.log
 create mode 100644 task1/evidence/goal2/logs/tests_final_sources.log
 create mode 100644 task1/evidence/goal2/logs/tests_final_sources.xml
 create mode 100644 task1/evidence/goal2/logs/tests_final_sources_execution.json
 create mode 100644 task1/evidence/goal2/notebook_checks/execute_fresh_notebooks.py
 create mode 100644 task1/evidence/goal2/notebook_checks/formal_launch_01.log
 create mode 100644 task1/evidence/goal2/notebook_checks/formal_launch_01_execution.json
 create mode 100644 task1/evidence/goal2/notebook_checks/heldout_display/before_observation.json
 create mode 100644 task1/evidence/goal2/notebook_checks/heldout_display/build_goal2_notebooks.after.py
 create mode 100644 task1/evidence/goal2/notebook_checks/heldout_display/build_goal2_notebooks.before.py
 create mode 100644 task1/evidence/goal2/notebook_checks/heldout_display/fresh_kernel_repair_receipt.json
 create mode 100644 task1/evidence/goal2/notebook_checks/heldout_display/source_check_receipt.json
 create mode 100644 task1/evidence/goal2/notebook_checks/preparation_receipt.json
 create mode 100644 task1/evidence/goal2/notebook_checks/wrapper_help.txt
 create mode 100644 task1/evidence/goal2/notebook_execution.json
 create mode 100644 task1/evidence/goal2/notebook_runs/fresh-01/01_parameters_and_orders/dispatch_receipt.json
 create mode 100644 task1/evidence/goal2/notebook_runs/fresh-01/01_parameters_and_orders/execution.log
 create mode 100644 task1/evidence/goal2/notebook_runs/fresh-01/01_parameters_and_orders/worker_receipt.json
 create mode 100644 task1/evidence/goal2/notebook_runs/fresh-01/02_real_modes_and_memory/dispatch_receipt.json
 create mode 100644 task1/evidence/goal2/notebook_runs/fresh-01/02_real_modes_and_memory/execution.log
 create mode 100644 task1/evidence/goal2/notebook_runs/fresh-01/02_real_modes_and_memory/worker_receipt.json
 create mode 100644 task1/evidence/goal2/notebook_runs/fresh-01/03_candidates_counterexamples_and_cases/dispatch_receipt.json
 create mode 100644 task1/evidence/goal2/notebook_runs/fresh-01/03_candidates_counterexamples_and_cases/execution.log
 create mode 100644 task1/evidence/goal2/notebook_runs/fresh-01/03_candidates_counterexamples_and_cases/worker_receipt.json
 create mode 100644 task1/evidence/goal2/notebook_runs/fresh-01/b_self_check.json
 create mode 100644 task1/evidence/goal2/notebook_runs/fresh-01/before_generation/01_parameters_and_orders.ipynb
 create mode 100644 task1/evidence/goal2/notebook_runs/fresh-01/before_generation/02_real_modes_and_memory.ipynb
 create mode 100644 task1/evidence/goal2/notebook_runs/fresh-01/before_generation/03_candidates_counterexamples_and_cases.ipynb
 create mode 100644 task1/evidence/goal2/notebook_runs/fresh-01/before_generation/notebook_execution.json
 create mode 100644 task1/evidence/goal2/notebook_runs/fresh-01/combined_receipt.json
 create mode 100644 task1/evidence/goal2/notebook_runs/fresh-01/launch_context.json
 create mode 100644 task1/evidence/goal2/platform_resource_observation_development.json
 create mode 100644 task1/evidence/goal2/presentation_checks/candidate_preview_02/after/CASE_SELECTION.json
 create mode 100644 task1/evidence/goal2/presentation_checks/candidate_preview_02/after/figure_data.json
 create mode 100644 task1/evidence/goal2/presentation_checks/candidate_preview_02/after/figure_manifest.json
 create mode 100644 task1/evidence/goal2/presentation_checks/candidate_preview_02/after/goal2_actual_architecture.drawio
 create mode 100644 task1/evidence/goal2/presentation_checks/candidate_preview_02/after/goal2_actual_architecture.pdf
 create mode 100644 task1/evidence/goal2/presentation_checks/candidate_preview_02/after/goal2_actual_architecture.png
 create mode 100644 task1/evidence/goal2/presentation_checks/candidate_preview_02/after/goal2_actual_architecture.svg
 create mode 100644 task1/evidence/goal2/presentation_checks/candidate_preview_02/after/pdf-render-200dpi/goal2_actual_architecture.png
 create mode 100644 task1/evidence/goal2/presentation_checks/candidate_preview_02/after/pdf-render-200dpi/real_trajectory_cases.png
 create mode 100644 task1/evidence/goal2/presentation_checks/candidate_preview_02/after/pdf-render-200dpi/synthetic_metric_counterexamples.png
 create mode 100644 task1/evidence/goal2/presentation_checks/candidate_preview_02/after/raster_checks.log
 create mode 100644 task1/evidence/goal2/presentation_checks/candidate_preview_02/after/real_trajectory_cases.pdf
 create mode 100644 task1/evidence/goal2/presentation_checks/candidate_preview_02/after/real_trajectory_cases.png
 create mode 100644 task1/evidence/goal2/presentation_checks/candidate_preview_02/after/real_trajectory_cases.svg
 create mode 100644 task1/evidence/goal2/presentation_checks/candidate_preview_02/after/synthetic_metric_counterexamples.pdf
 create mode 100644 task1/evidence/goal2/presentation_checks/candidate_preview_02/after/synthetic_metric_counterexamples.png
 create mode 100644 task1/evidence/goal2/presentation_checks/candidate_preview_02/after/synthetic_metric_counterexamples.svg
 create mode 100644 task1/evidence/goal2/presentation_checks/candidate_preview_02/before/CASE_SELECTION.json
 create mode 100644 task1/evidence/goal2/presentation_checks/candidate_preview_02/before/figure_data.json
 create mode 100644 task1/evidence/goal2/presentation_checks/candidate_preview_02/before/figure_manifest.json
 create mode 100644 task1/evidence/goal2/presentation_checks/candidate_preview_02/before/goal2_actual_architecture.drawio
 create mode 100644 task1/evidence/goal2/presentation_checks/candidate_preview_02/before/goal2_actual_architecture.pdf
 create mode 100644 task1/evidence/goal2/presentation_checks/candidate_preview_02/before/goal2_actual_architecture.png
 create mode 100644 task1/evidence/goal2/presentation_checks/candidate_preview_02/before/pdf-render-200dpi/goal2_actual_architecture.png
 create mode 100644 task1/evidence/goal2/presentation_checks/candidate_preview_02/before/pdf-render-200dpi/real_trajectory_cases.png
 create mode 100644 task1/evidence/goal2/presentation_checks/candidate_preview_02/before/pdf-render-200dpi/synthetic_metric_counterexamples.png
 create mode 100644 task1/evidence/goal2/presentation_checks/candidate_preview_02/before/raster_checks.log
 create mode 100644 task1/evidence/goal2/presentation_checks/candidate_preview_02/before/real_trajectory_cases.pdf
 create mode 100644 task1/evidence/goal2/presentation_checks/candidate_preview_02/before/real_trajectory_cases.png
 create mode 100644 task1/evidence/goal2/presentation_checks/candidate_preview_02/before/synthetic_metric_counterexamples.pdf
 create mode 100644 task1/evidence/goal2/presentation_checks/candidate_preview_02/before/synthetic_metric_counterexamples.png
 create mode 100644 task1/evidence/goal2/presentation_checks/candidate_preview_02/deterministic_validation.json
 create mode 100644 task1/evidence/goal2/presentation_checks/candidate_preview_02/final_visual_inspection.json
 create mode 100644 task1/evidence/goal2/presentation_checks/candidate_preview_02/generator_after.py
 create mode 100644 task1/evidence/goal2/presentation_checks/candidate_preview_02/generator_before.py
 create mode 100644 task1/evidence/goal2/presentation_checks/candidate_preview_02/generator_repair_01.py
 create mode 100644 task1/evidence/goal2/presentation_checks/candidate_preview_02/initial_visual_inspection.json
 create mode 100644 task1/evidence/goal2/presentation_checks/candidate_preview_02/intermediate/synthetic_metric_counterexamples_pdf_200dpi.png
 create mode 100644 task1/evidence/goal2/presentation_checks/candidate_preview_02/intermediate_visual_inspection.json
 create mode 100644 task1/evidence/goal2/presentation_checks/candidate_preview_02/preview_initial.log
 create mode 100644 task1/evidence/goal2/presentation_checks/candidate_preview_02/preview_initial_execution.json
 create mode 100644 task1/evidence/goal2/presentation_checks/candidate_preview_02/preview_repaired.log
 create mode 100644 task1/evidence/goal2/presentation_checks/candidate_preview_02/preview_repaired_02.log
 create mode 100644 task1/evidence/goal2/presentation_checks/candidate_preview_02/preview_repaired_02_execution.json
 create mode 100644 task1/evidence/goal2/presentation_checks/candidate_preview_02/preview_repaired_execution.json
 create mode 100644 task1/evidence/goal2/presentation_checks/candidate_preview_02/repair_receipt.json
 create mode 100644 task1/evidence/goal2/presentation_checks/candidate_preview_02/root_supplemental_visual_check.json
 create mode 100644 task1/evidence/goal2/presentation_checks/candidate_preview_02/validate_preview.py
 create mode 100644 task1/evidence/goal2/presentation_checks/case_configuration_labels/after/CASE_SELECTION.json
 create mode 100644 task1/evidence/goal2/presentation_checks/case_configuration_labels/after/figure_data.json
 create mode 100644 task1/evidence/goal2/presentation_checks/case_configuration_labels/after/figure_manifest.json
 create mode 100644 task1/evidence/goal2/presentation_checks/case_configuration_labels/after/goal2_actual_architecture.drawio
 create mode 100644 task1/evidence/goal2/presentation_checks/case_configuration_labels/after/goal2_actual_architecture.pdf
 create mode 100644 task1/evidence/goal2/presentation_checks/case_configuration_labels/after/goal2_actual_architecture.png
 create mode 100644 task1/evidence/goal2/presentation_checks/case_configuration_labels/after/goal2_actual_architecture.svg
 create mode 100644 task1/evidence/goal2/presentation_checks/case_configuration_labels/after/pdf-render-200dpi/goal2_actual_architecture.png
 create mode 100644 task1/evidence/goal2/presentation_checks/case_configuration_labels/after/pdf-render-200dpi/real_trajectory_cases.png
 create mode 100644 task1/evidence/goal2/presentation_checks/case_configuration_labels/after/pdf-render-200dpi/synthetic_metric_counterexamples.png
 create mode 100644 task1/evidence/goal2/presentation_checks/case_configuration_labels/after/raster_checks.log
 create mode 100644 task1/evidence/goal2/presentation_checks/case_configuration_labels/after/real_trajectory_cases.pdf
 create mode 100644 task1/evidence/goal2/presentation_checks/case_configuration_labels/after/real_trajectory_cases.png
 create mode 100644 task1/evidence/goal2/presentation_checks/case_configuration_labels/after/real_trajectory_cases.svg
 create mode 100644 task1/evidence/goal2/presentation_checks/case_configuration_labels/after/synthetic_metric_counterexamples.pdf
 create mode 100644 task1/evidence/goal2/presentation_checks/case_configuration_labels/after/synthetic_metric_counterexamples.png
 create mode 100644 task1/evidence/goal2/presentation_checks/case_configuration_labels/after/synthetic_metric_counterexamples.svg
 create mode 100644 task1/evidence/goal2/presentation_checks/case_configuration_labels/before/CASE_SELECTION.json
 create mode 100644 task1/evidence/goal2/presentation_checks/case_configuration_labels/before/figure_data.json
 create mode 100644 task1/evidence/goal2/presentation_checks/case_configuration_labels/before/figure_manifest.json
 create mode 100644 task1/evidence/goal2/presentation_checks/case_configuration_labels/before/goal2_actual_architecture.drawio
 create mode 100644 task1/evidence/goal2/presentation_checks/case_configuration_labels/before/goal2_actual_architecture.pdf
 create mode 100644 task1/evidence/goal2/presentation_checks/case_configuration_labels/before/goal2_actual_architecture.png
 create mode 100644 task1/evidence/goal2/presentation_checks/case_configuration_labels/before/goal2_actual_architecture.svg
 create mode 100644 task1/evidence/goal2/presentation_checks/case_configuration_labels/before/pdf-render-200dpi/goal2_actual_architecture.png
 create mode 100644 task1/evidence/goal2/presentation_checks/case_configuration_labels/before/pdf-render-200dpi/real_trajectory_cases.png
 create mode 100644 task1/evidence/goal2/presentation_checks/case_configuration_labels/before/pdf-render-200dpi/synthetic_metric_counterexamples.png
 create mode 100644 task1/evidence/goal2/presentation_checks/case_configuration_labels/before/raster_checks.log
 create mode 100644 task1/evidence/goal2/presentation_checks/case_configuration_labels/before/real_trajectory_cases.pdf
 create mode 100644 task1/evidence/goal2/presentation_checks/case_configuration_labels/before/real_trajectory_cases.png
 create mode 100644 task1/evidence/goal2/presentation_checks/case_configuration_labels/before/real_trajectory_cases.svg
 create mode 100644 task1/evidence/goal2/presentation_checks/case_configuration_labels/before/synthetic_metric_counterexamples.pdf
 create mode 100644 task1/evidence/goal2/presentation_checks/case_configuration_labels/before/synthetic_metric_counterexamples.png
 create mode 100644 task1/evidence/goal2/presentation_checks/case_configuration_labels/before/synthetic_metric_counterexamples.svg
 create mode 100644 task1/evidence/goal2/presentation_checks/case_configuration_labels/deterministic_validation.json
 create mode 100644 task1/evidence/goal2/presentation_checks/case_configuration_labels/execution.json
 create mode 100644 task1/evidence/goal2/presentation_checks/case_configuration_labels/execution.log
 create mode 100644 task1/evidence/goal2/presentation_checks/case_configuration_labels/generator_after.py
 create mode 100644 task1/evidence/goal2/presentation_checks/case_configuration_labels/generator_before.py
 create mode 100644 task1/evidence/goal2/presentation_checks/case_configuration_labels/issue_context.json
 create mode 100644 task1/evidence/goal2/presentation_checks/case_configuration_labels/repair_receipt.json
 create mode 100644 task1/evidence/goal2/presentation_checks/case_configuration_labels/root_visual_inspection.json
 create mode 100644 task1/evidence/goal2/presentation_checks/case_configuration_labels/validate_labels.py
 create mode 100644 task1/evidence/goal2/presentation_checks/case_configuration_labels/visual_inspection.json
 create mode 100644 task1/evidence/goal2/presentation_checks/formal_01/execution.json
 create mode 100644 task1/evidence/goal2/presentation_checks/formal_01/execution.log
 create mode 100644 task1/evidence/goal2/presentation_checks/formal_mode_layout/after/CASE_SELECTION.json
 create mode 100644 task1/evidence/goal2/presentation_checks/formal_mode_layout/after/figure_data.json
 create mode 100644 task1/evidence/goal2/presentation_checks/formal_mode_layout/after/figure_manifest.json
 create mode 100644 task1/evidence/goal2/presentation_checks/formal_mode_layout/after/four_mode_failures_and_cost.pdf
 create mode 100644 task1/evidence/goal2/presentation_checks/formal_mode_layout/after/four_mode_failures_and_cost.png
 create mode 100644 task1/evidence/goal2/presentation_checks/formal_mode_layout/after/four_mode_failures_and_cost.svg
 create mode 100644 task1/evidence/goal2/presentation_checks/formal_mode_layout/after/four_mode_paired_results.pdf
 create mode 100644 task1/evidence/goal2/presentation_checks/formal_mode_layout/after/four_mode_paired_results.png
 create mode 100644 task1/evidence/goal2/presentation_checks/formal_mode_layout/after/four_mode_paired_results.svg
 create mode 100644 task1/evidence/goal2/presentation_checks/formal_mode_layout/after/memory_coverage_and_consumption.pdf
 create mode 100644 task1/evidence/goal2/presentation_checks/formal_mode_layout/after/memory_coverage_and_consumption.png
 create mode 100644 task1/evidence/goal2/presentation_checks/formal_mode_layout/after/memory_coverage_and_consumption.svg
 create mode 100644 task1/evidence/goal2/presentation_checks/formal_mode_layout/after/pdf-render-200dpi/four_mode_failures_and_cost.png
 create mode 100644 task1/evidence/goal2/presentation_checks/formal_mode_layout/after/pdf-render-200dpi/four_mode_paired_results.png
 create mode 100644 task1/evidence/goal2/presentation_checks/formal_mode_layout/after/pdf-render-200dpi/memory_coverage_and_consumption.png
 create mode 100644 task1/evidence/goal2/presentation_checks/formal_mode_layout/before/CASE_SELECTION.json
 create mode 100644 task1/evidence/goal2/presentation_checks/formal_mode_layout/before/DIRECTION_CASE_SELECTION.json
 create mode 100644 task1/evidence/goal2/presentation_checks/formal_mode_layout/before/direction_threshold_and_neighborhood.pdf
 create mode 100644 task1/evidence/goal2/presentation_checks/formal_mode_layout/before/direction_threshold_and_neighborhood.png
 create mode 100644 task1/evidence/goal2/presentation_checks/formal_mode_layout/before/direction_threshold_and_neighborhood.svg
 create mode 100644 task1/evidence/goal2/presentation_checks/formal_mode_layout/before/dp_error_compression.pdf
 create mode 100644 task1/evidence/goal2/presentation_checks/formal_mode_layout/before/dp_error_compression.png
 create mode 100644 task1/evidence/goal2/presentation_checks/formal_mode_layout/before/dp_error_compression.svg
 create mode 100644 task1/evidence/goal2/presentation_checks/formal_mode_layout/before/figure_data.json
 create mode 100644 task1/evidence/goal2/presentation_checks/formal_mode_layout/before/figure_manifest.json
 create mode 100644 task1/evidence/goal2/presentation_checks/formal_mode_layout/before/four_mode_failures_and_cost.pdf
 create mode 100644 task1/evidence/goal2/presentation_checks/formal_mode_layout/before/four_mode_failures_and_cost.png
 create mode 100644 task1/evidence/goal2/presentation_checks/formal_mode_layout/before/four_mode_failures_and_cost.svg
 create mode 100644 task1/evidence/goal2/presentation_checks/formal_mode_layout/before/four_mode_paired_results.pdf
 create mode 100644 task1/evidence/goal2/presentation_checks/formal_mode_layout/before/four_mode_paired_results.png
 create mode 100644 task1/evidence/goal2/presentation_checks/formal_mode_layout/before/four_mode_paired_results.svg
 create mode 100644 task1/evidence/goal2/presentation_checks/formal_mode_layout/before/goal2_actual_architecture.drawio
 create mode 100644 task1/evidence/goal2/presentation_checks/formal_mode_layout/before/goal2_actual_architecture.pdf
 create mode 100644 task1/evidence/goal2/presentation_checks/formal_mode_layout/before/goal2_actual_architecture.png
 create mode 100644 task1/evidence/goal2/presentation_checks/formal_mode_layout/before/goal2_actual_architecture.svg
 create mode 100644 task1/evidence/goal2/presentation_checks/formal_mode_layout/before/memory_coverage_and_consumption.pdf
 create mode 100644 task1/evidence/goal2/presentation_checks/formal_mode_layout/before/memory_coverage_and_consumption.png
 create mode 100644 task1/evidence/goal2/presentation_checks/formal_mode_layout/before/memory_coverage_and_consumption.svg
 create mode 100644 task1/evidence/goal2/presentation_checks/formal_mode_layout/before/order_protection_and_neighborhoods.pdf
 create mode 100644 task1/evidence/goal2/presentation_checks/formal_mode_layout/before/order_protection_and_neighborhoods.png
 create mode 100644 task1/evidence/goal2/presentation_checks/formal_mode_layout/before/order_protection_and_neighborhoods.svg
 create mode 100644 task1/evidence/goal2/presentation_checks/formal_mode_layout/before/pdf-render-200dpi/direction_threshold_and_neighborhood.png
 create mode 100644 task1/evidence/goal2/presentation_checks/formal_mode_layout/before/pdf-render-200dpi/dp_error_compression.png
 create mode 100644 task1/evidence/goal2/presentation_checks/formal_mode_layout/before/pdf-render-200dpi/four_mode_failures_and_cost.png
 create mode 100644 task1/evidence/goal2/presentation_checks/formal_mode_layout/before/pdf-render-200dpi/four_mode_paired_results.png
 create mode 100644 task1/evidence/goal2/presentation_checks/formal_mode_layout/before/pdf-render-200dpi/goal2_actual_architecture.png
 create mode 100644 task1/evidence/goal2/presentation_checks/formal_mode_layout/before/pdf-render-200dpi/memory_coverage_and_consumption.png
 create mode 100644 task1/evidence/goal2/presentation_checks/formal_mode_layout/before/pdf-render-200dpi/order_protection_and_neighborhoods.png
 create mode 100644 task1/evidence/goal2/presentation_checks/formal_mode_layout/before/pdf-render-200dpi/real_trajectory_cases.png
 create mode 100644 task1/evidence/goal2/presentation_checks/formal_mode_layout/before/pdf-render-200dpi/segmentation_filter_grids.png
 create mode 100644 task1/evidence/goal2/presentation_checks/formal_mode_layout/before/pdf-render-200dpi/segmentation_filter_response.png
 create mode 100644 task1/evidence/goal2/presentation_checks/formal_mode_layout/before/pdf-render-200dpi/synthetic_metric_counterexamples.png
 create mode 100644 task1/evidence/goal2/presentation_checks/formal_mode_layout/before/raster_checks.log
 create mode 100644 task1/evidence/goal2/presentation_checks/formal_mode_layout/before/real_trajectory_cases.pdf
 create mode 100644 task1/evidence/goal2/presentation_checks/formal_mode_layout/before/real_trajectory_cases.png
 create mode 100644 task1/evidence/goal2/presentation_checks/formal_mode_layout/before/real_trajectory_cases.svg
 create mode 100644 task1/evidence/goal2/presentation_checks/formal_mode_layout/before/segmentation_filter_grids.pdf
 create mode 100644 task1/evidence/goal2/presentation_checks/formal_mode_layout/before/segmentation_filter_grids.png
 create mode 100644 task1/evidence/goal2/presentation_checks/formal_mode_layout/before/segmentation_filter_grids.svg
 create mode 100644 task1/evidence/goal2/presentation_checks/formal_mode_layout/before/segmentation_filter_response.pdf
 create mode 100644 task1/evidence/goal2/presentation_checks/formal_mode_layout/before/segmentation_filter_response.png
 create mode 100644 task1/evidence/goal2/presentation_checks/formal_mode_layout/before/segmentation_filter_response.svg
 create mode 100644 task1/evidence/goal2/presentation_checks/formal_mode_layout/before/synthetic_metric_counterexamples.pdf
 create mode 100644 task1/evidence/goal2/presentation_checks/formal_mode_layout/before/synthetic_metric_counterexamples.png
 create mode 100644 task1/evidence/goal2/presentation_checks/formal_mode_layout/before/synthetic_metric_counterexamples.svg
 create mode 100644 task1/evidence/goal2/presentation_checks/formal_mode_layout/binding_checks.json
 create mode 100644 task1/evidence/goal2/presentation_checks/formal_mode_layout/build_goal2_figures.after.py
 create mode 100644 task1/evidence/goal2/presentation_checks/formal_mode_layout/build_goal2_figures.before.py
 create mode 100644 task1/evidence/goal2/presentation_checks/formal_mode_layout/initial_visual_observations.json
 create mode 100644 task1/evidence/goal2/presentation_checks/formal_mode_layout/print_properties.json
 create mode 100644 task1/evidence/goal2/presentation_checks/formal_mode_layout/rebuild.log
 create mode 100644 task1/evidence/goal2/presentation_checks/formal_mode_layout/rebuild_execution.json
 create mode 100644 task1/evidence/goal2/presentation_checks/formal_mode_layout/repair_receipt.json
 create mode 100644 task1/evidence/goal2/presentation_checks/formal_mode_layout/validate_repair.py
 create mode 100644 task1/evidence/goal2/presentation_checks/parameter_preview_01/initial/direction_threshold_and_neighborhood.png
 create mode 100644 task1/evidence/goal2/presentation_checks/parameter_preview_01/initial/direction_threshold_and_neighborhood_pdf_render_200dpi.png
 create mode 100644 task1/evidence/goal2/presentation_checks/parameter_preview_01/initial/figure_data.json
 create mode 100644 task1/evidence/goal2/presentation_checks/parameter_preview_01/initial/figure_manifest.json
 create mode 100644 task1/evidence/goal2/presentation_checks/parameter_preview_01/initial/order_protection_and_neighborhoods.png
 create mode 100644 task1/evidence/goal2/presentation_checks/parameter_preview_01/initial/order_protection_and_neighborhoods_pdf_render_200dpi.png
 create mode 100644 task1/evidence/goal2/presentation_checks/parameter_preview_01/initial/raster_checks.log
 create mode 100644 task1/evidence/goal2/presentation_checks/parameter_preview_01/initial/segmentation_filter_grids.png
 create mode 100644 task1/evidence/goal2/presentation_checks/parameter_preview_01/initial/segmentation_filter_grids_pdf_render_200dpi.png
 create mode 100644 task1/evidence/goal2/presentation_checks/parameter_preview_01/preview_02_tool_error.txt
 create mode 100644 task1/evidence/goal2/presentation_checks/parameter_preview_01/repair_receipt.json
 create mode 100644 task1/evidence/goal2/presentation_checks/parameter_preview_01/repaired/direction_threshold_and_neighborhood.png
 create mode 100644 task1/evidence/goal2/presentation_checks/parameter_preview_01/repaired/direction_threshold_and_neighborhood_pdf_render_200dpi.png
 create mode 100644 task1/evidence/goal2/presentation_checks/parameter_preview_01/repaired/figure_data.json
 create mode 100644 task1/evidence/goal2/presentation_checks/parameter_preview_01/repaired/figure_manifest.json
 create mode 100644 task1/evidence/goal2/presentation_checks/parameter_preview_01/repaired/order_protection_and_neighborhoods.png
 create mode 100644 task1/evidence/goal2/presentation_checks/parameter_preview_01/repaired/order_protection_and_neighborhoods_pdf_render_200dpi.png
 create mode 100644 task1/evidence/goal2/presentation_checks/parameter_preview_01/repaired/raster_checks.log
 create mode 100644 task1/evidence/goal2/presentation_checks/parameter_preview_01/repaired/segmentation_filter_grids.png
 create mode 100644 task1/evidence/goal2/presentation_checks/parameter_preview_01/repaired/segmentation_filter_grids_pdf_render_200dpi.png
 create mode 100644 task1/evidence/goal2/presentation_source_versions.json
 create mode 100644 task1/evidence/goal2/progress_checkpoint.json
 create mode 100644 task1/evidence/goal2/prompt_source.json
 create mode 100644 task1/evidence/goal2/provider_attempt_inventory_check.json
 create mode 100644 task1/evidence/goal2/provider_qualification.json
 create mode 100644 task1/evidence/goal2/provider_smoke/attempt01/dispatch.json
 create mode 100644 task1/evidence/goal2/provider_smoke/attempt01/input.json
 create mode 100644 task1/evidence/goal2/provider_smoke/attempt01/receipt.json
 create mode 100644 task1/evidence/goal2/provider_smoke/attempt01/response.json
 create mode 100644 task1/evidence/goal2/provider_smoke/attempt01/visible_events.jsonl
 create mode 100644 task1/evidence/goal2/publication/staged_content_check.json
 create mode 100644 task1/evidence/goal2/publication/staged_whitespace_check.json
 create mode 100644 task1/evidence/goal2/publication/staging_logs.json
 create mode 100644 task1/evidence/goal2/publication/staging_logs.paths.nul
 create mode 100644 task1/evidence/goal2/refresh_governance_dispatches.py
 create mode 100644 task1/evidence/goal2/refresh_resource_ledger.py
 create mode 100644 task1/evidence/goal2/release_checks/delta_01/b_handoff.json
 create mode 100644 task1/evidence/goal2/release_checks/delta_01/bundle_check.txt
 create mode 100644 task1/evidence/goal2/release_checks/delta_01/delta_reuse_receipt.json
 create mode 100644 task1/evidence/goal2/release_checks/delta_01/execution.json
 create mode 100644 task1/evidence/goal2/release_checks/delta_01/execution.log
 create mode 100644 task1/evidence/goal2/release_checks/delta_01/ignored_goal2_logs.json
 create mode 100644 task1/evidence/goal2/release_checks/delta_01/ignored_goal2_logs.paths.nul
 create mode 100644 task1/evidence/goal2/release_checks/delta_01/ignored_goal2_logs.paths.txt
 create mode 100644 task1/evidence/goal2/release_checks/delta_01/protected_bytes.json
 create mode 100644 task1/evidence/goal2/release_checks/delta_01/release_check.json
 create mode 100644 task1/evidence/goal2/release_checks/delta_01/scope_inventory.json
 create mode 100644 task1/evidence/goal2/release_checks/delta_02/bundle_check.txt
 create mode 100644 task1/evidence/goal2/release_checks/delta_02/delta_reuse_receipt.json
 create mode 100644 task1/evidence/goal2/release_checks/delta_02/execution.json
 create mode 100644 task1/evidence/goal2/release_checks/delta_02/execution.log
 create mode 100644 task1/evidence/goal2/release_checks/delta_02/protected_bytes.json
 create mode 100644 task1/evidence/goal2/release_checks/delta_02/release_check.json
 create mode 100644 task1/evidence/goal2/release_checks/delta_02/scope_inventory.json
 create mode 100644 task1/evidence/goal2/release_checks/delta_03/bundle_check.txt
 create mode 100644 task1/evidence/goal2/release_checks/delta_03/delta_reuse_receipt.json
 create mode 100644 task1/evidence/goal2/release_checks/delta_03/execution.json
 create mode 100644 task1/evidence/goal2/release_checks/delta_03/execution.log
 create mode 100644 task1/evidence/goal2/release_checks/delta_03/protected_bytes.json
 create mode 100644 task1/evidence/goal2/release_checks/delta_03/release_check.json
 create mode 100644 task1/evidence/goal2/release_checks/delta_03/scope_inventory.json
 create mode 100644 task1/evidence/goal2/release_checks/delta_preparation.json
 create mode 100644 task1/evidence/goal2/release_checks/final_01/bundle_check.txt
 create mode 100644 task1/evidence/goal2/release_checks/final_01/execution.json
 create mode 100644 task1/evidence/goal2/release_checks/final_01/execution.log
 create mode 100644 task1/evidence/goal2/release_checks/final_01/findings_disposition.json
 create mode 100644 task1/evidence/goal2/release_checks/final_01/ignored_goal2_logs.json
 create mode 100644 task1/evidence/goal2/release_checks/final_01/ignored_goal2_logs.paths.nul
 create mode 100644 task1/evidence/goal2/release_checks/final_01/ignored_goal2_logs.paths.txt
 create mode 100644 task1/evidence/goal2/release_checks/final_01/ignored_substantive_logs.json
 create mode 100644 task1/evidence/goal2/release_checks/final_01/ignored_substantive_logs.paths.nul
 create mode 100644 task1/evidence/goal2/release_checks/final_01/ignored_substantive_logs.paths.txt
 create mode 100644 task1/evidence/goal2/release_checks/final_01/protected_bytes.json
 create mode 100644 task1/evidence/goal2/release_checks/final_01/raw_hash_check.json
 create mode 100644 task1/evidence/goal2/release_checks/final_01/release_check.json
 create mode 100644 task1/evidence/goal2/release_checks/final_01/scan_cutoff.json
 create mode 100644 task1/evidence/goal2/release_checks/final_01/scope_inventory.json
 create mode 100644 task1/evidence/goal2/release_checks/fixed_sha_readback_paths.json
 create mode 100644 task1/evidence/goal2/release_checks/remote_api_readonly_smoke.json
 create mode 100644 task1/evidence/goal2/release_checks/review_findings_01.json
 create mode 100644 task1/evidence/goal2/release_checks/scan_release.py
 create mode 100644 task1/evidence/goal2/release_checks/scan_release_delta.py
 create mode 100644 task1/evidence/goal2/release_checks/scanner_selfcheck_01/receipt.json
 create mode 100644 task1/evidence/goal2/release_checks/scanner_selfcheck_01/redacted_output.json
 create mode 100644 task1/evidence/goal2/release_checks/snapshot_01/bundle_check.txt
 create mode 100644 task1/evidence/goal2/release_checks/snapshot_01/protected_bytes.json
 create mode 100644 task1/evidence/goal2/release_checks/snapshot_01/release_check.json
 create mode 100644 task1/evidence/goal2/release_checks/snapshot_01/scope_inventory.json
 create mode 100644 task1/evidence/goal2/release_checks/verify_publication.py
 create mode 100644 task1/evidence/goal2/remote_prepublication_observation.json
 create mode 100644 task1/evidence/goal2/requirements.json
 create mode 100644 task1/evidence/goal2/resource_ledger.json
 create mode 100644 task1/evidence/goal2/result_summary.json
 create mode 100644 task1/evidence/goal2/review_target_reconciliation.json
 create mode 100644 task1/evidence/goal2/revisions/context_binding_v1/candidate_lock.json
 create mode 100644 task1/evidence/goal2/revisions/context_binding_v1/code_freeze.json
 create mode 100644 task1/evidence/goal2/revisions/context_binding_v1/current_runs.json
 create mode 100644 task1/evidence/goal2/revisions/context_binding_v1/goal_state.json
 create mode 100644 task1/evidence/goal2/revisions/context_binding_v1/progress_checkpoint.json
 create mode 100644 task1/evidence/goal2/runs/g2-demo-memory-01/admission/10170_review.json
 create mode 100644 task1/evidence/goal2/runs/g2-demo-memory-01/admission/10170_selected.json.gz
 create mode 100644 task1/evidence/goal2/runs/g2-demo-memory-01/admission/10417_review.json
 create mode 100644 task1/evidence/goal2/runs/g2-demo-memory-01/admission/10417_selected.json.gz
 create mode 100644 task1/evidence/goal2/runs/g2-demo-memory-01/admission/10471_review.json
 create mode 100644 task1/evidence/goal2/runs/g2-demo-memory-01/admission/10471_selected.json.gz
 create mode 100644 task1/evidence/goal2/runs/g2-demo-memory-01/admission/10744_review.json
 create mode 100644 task1/evidence/goal2/runs/g2-demo-memory-01/admission/10744_selected.json.gz
 create mode 100644 task1/evidence/goal2/runs/g2-demo-memory-01/admission/11076_review.json
 create mode 100644 task1/evidence/goal2/runs/g2-demo-memory-01/admission/11076_selected.json.gz
 create mode 100644 task1/evidence/goal2/runs/g2-demo-memory-01/admission/11343_review.json
 create mode 100644 task1/evidence/goal2/runs/g2-demo-memory-01/admission/11343_selected.json.gz
 create mode 100644 task1/evidence/goal2/runs/g2-demo-memory-01/admission/1149_review.json
 create mode 100644 task1/evidence/goal2/runs/g2-demo-memory-01/admission/1149_selected.json.gz
 create mode 100644 task1/evidence/goal2/runs/g2-demo-memory-01/admission/1180_review.json
 create mode 100644 task1/evidence/goal2/runs/g2-demo-memory-01/admission/1180_selected.json.gz
 create mode 100644 task1/evidence/goal2/runs/g2-demo-memory-01/admission/1347_review.json
 create mode 100644 task1/evidence/goal2/runs/g2-demo-memory-01/admission/1347_selected.json.gz
 create mode 100644 task1/evidence/goal2/runs/g2-demo-memory-01/admission/1431_review.json
 create mode 100644 task1/evidence/goal2/runs/g2-demo-memory-01/admission/1431_selected.json.gz
 create mode 100644 task1/evidence/goal2/runs/g2-demo-memory-01/admission/1837_review.json
 create mode 100644 task1/evidence/goal2/runs/g2-demo-memory-01/admission/1837_selected.json.gz
 create mode 100644 task1/evidence/goal2/runs/g2-demo-memory-01/admission/2065_review.json
 create mode 100644 task1/evidence/goal2/runs/g2-demo-memory-01/admission/2065_selected.json.gz
 create mode 100644 task1/evidence/goal2/runs/g2-demo-memory-01/admission/2086_review.json
 create mode 100644 task1/evidence/goal2/runs/g2-demo-memory-01/admission/2086_selected.json.gz
 create mode 100644 task1/evidence/goal2/runs/g2-demo-memory-01/admission/2125_review.json
 create mode 100644 task1/evidence/goal2/runs/g2-demo-memory-01/admission/2125_selected.json.gz
 create mode 100644 task1/evidence/goal2/runs/g2-demo-memory-01/admission/2244_review.json
 create mode 100644 task1/evidence/goal2/runs/g2-demo-memory-01/admission/2244_selected.json.gz
 create mode 100644 task1/evidence/goal2/runs/g2-demo-memory-01/admission/2254_review.json
 create mode 100644 task1/evidence/goal2/runs/g2-demo-memory-01/admission/2254_selected.json.gz
 create mode 100644 task1/evidence/goal2/runs/g2-demo-memory-01/admission/263_review.json
 create mode 100644 task1/evidence/goal2/runs/g2-demo-memory-01/admission/263_selected.json.gz
 create mode 100644 task1/evidence/goal2/runs/g2-demo-memory-01/admission/292_review.json
 create mode 100644 task1/evidence/goal2/runs/g2-demo-memory-01/admission/292_selected.json.gz
 create mode 100644 task1/evidence/goal2/runs/g2-demo-memory-01/admission/3008_review.json
 create mode 100644 task1/evidence/goal2/runs/g2-demo-memory-01/admission/3008_selected.json.gz
 create mode 100644 task1/evidence/goal2/runs/g2-demo-memory-01/admission/3009_review.json
 create mode 100644 task1/evidence/goal2/runs/g2-demo-memory-01/admission/3009_selected.json.gz
 create mode 100644 task1/evidence/goal2/runs/g2-demo-memory-01/admission/3279_review.json
 create mode 100644 task1/evidence/goal2/runs/g2-demo-memory-01/admission/3279_selected.json.gz
 create mode 100644 task1/evidence/goal2/runs/g2-demo-memory-01/admission/3296_review.json
 create mode 100644 task1/evidence/goal2/runs/g2-demo-memory-01/admission/3296_selected.json.gz
 create mode 100644 task1/evidence/goal2/runs/g2-demo-memory-01/admission/3456_review.json
 create mode 100644 task1/evidence/goal2/runs/g2-demo-memory-01/admission/3456_selected.json.gz
 create mode 100644 task1/evidence/goal2/runs/g2-demo-memory-01/admission/3694_review.json
 create mode 100644 task1/evidence/goal2/runs/g2-demo-memory-01/admission/3694_selected.json.gz
 create mode 100644 task1/evidence/goal2/runs/g2-demo-memory-01/admission/3769_review.json
 create mode 100644 task1/evidence/goal2/runs/g2-demo-memory-01/admission/3769_selected.json.gz
 create mode 100644 task1/evidence/goal2/runs/g2-demo-memory-01/admission/3811_review.json
 create mode 100644 task1/evidence/goal2/runs/g2-demo-memory-01/admission/3811_selected.json.gz
 create mode 100644 task1/evidence/goal2/runs/g2-demo-memory-01/admission/3929_review.json
 create mode 100644 task1/evidence/goal2/runs/g2-demo-memory-01/admission/3929_selected.json.gz
 create mode 100644 task1/evidence/goal2/runs/g2-demo-memory-01/admission/3971_review.json
 create mode 100644 task1/evidence/goal2/runs/g2-demo-memory-01/admission/3971_selected.json.gz
 create mode 100644 task1/evidence/goal2/runs/g2-demo-memory-01/admission/3972_review.json
 create mode 100644 task1/evidence/goal2/runs/g2-demo-memory-01/admission/3972_selected.json.gz
 create mode 100644 task1/evidence/goal2/runs/g2-demo-memory-01/admission/4319_review.json
 create mode 100644 task1/evidence/goal2/runs/g2-demo-memory-01/admission/4319_selected.json.gz
 create mode 100644 task1/evidence/goal2/runs/g2-demo-memory-01/admission/4458_review.json
 create mode 100644 task1/evidence/goal2/runs/g2-demo-memory-01/admission/4458_selected.json.gz
 create mode 100644 task1/evidence/goal2/runs/g2-demo-memory-01/admission/4461_review.json
 create mode 100644 task1/evidence/goal2/runs/g2-demo-memory-01/admission/4461_selected.json.gz
 create mode 100644 task1/evidence/goal2/runs/g2-demo-memory-01/admission/4568_review.json
 create mode 100644 task1/evidence/goal2/runs/g2-demo-memory-01/admission/4568_selected.json.gz
 create mode 100644 task1/evidence/goal2/runs/g2-demo-memory-01/admission/5202_review.json
 create mode 100644 task1/evidence/goal2/runs/g2-demo-memory-01/admission/5202_selected.json.gz
 create mode 100644 task1/evidence/goal2/runs/g2-demo-memory-01/admission/5605_review.json
 create mode 100644 task1/evidence/goal2/runs/g2-demo-memory-01/admission/5605_selected.json.gz
 create mode 100644 task1/evidence/goal2/runs/g2-demo-memory-01/admission/5830_review.json
 create mode 100644 task1/evidence/goal2/runs/g2-demo-memory-01/admission/5830_selected.json.gz
 create mode 100644 task1/evidence/goal2/runs/g2-demo-memory-01/admission/661_review.json
 create mode 100644 task1/evidence/goal2/runs/g2-demo-memory-01/admission/661_selected.json.gz
 create mode 100644 task1/evidence/goal2/runs/g2-demo-memory-01/admission/6699_review.json
 create mode 100644 task1/evidence/goal2/runs/g2-demo-memory-01/admission/6699_selected.json.gz
 create mode 100644 task1/evidence/goal2/runs/g2-demo-memory-01/admission/6865_review.json
 create mode 100644 task1/evidence/goal2/runs/g2-demo-memory-01/admission/6865_selected.json.gz
 create mode 100644 task1/evidence/goal2/runs/g2-demo-memory-01/admission/6919_review.json
 create mode 100644 task1/evidence/goal2/runs/g2-demo-memory-01/admission/6919_selected.json.gz
 create mode 100644 task1/evidence/goal2/runs/g2-demo-memory-01/admission/7057_review.json
 create mode 100644 task1/evidence/goal2/runs/g2-demo-memory-01/admission/7057_selected.json.gz
 create mode 100644 task1/evidence/goal2/runs/g2-demo-memory-01/admission/7166_review.json
 create mode 100644 task1/evidence/goal2/runs/g2-demo-memory-01/admission/7166_selected.json.gz
 create mode 100644 task1/evidence/goal2/runs/g2-demo-memory-01/admission/7597_review.json
 create mode 100644 task1/evidence/goal2/runs/g2-demo-memory-01/admission/7597_selected.json.gz
 create mode 100644 task1/evidence/goal2/runs/g2-demo-memory-01/admission/7672_review.json
 create mode 100644 task1/evidence/goal2/runs/g2-demo-memory-01/admission/7672_selected.json.gz
 create mode 100644 task1/evidence/goal2/runs/g2-demo-memory-01/admission/77_review.json
 create mode 100644 task1/evidence/goal2/runs/g2-demo-memory-01/admission/77_selected.json.gz
 create mode 100644 task1/evidence/goal2/runs/g2-demo-memory-01/admission/7842_review.json
 create mode 100644 task1/evidence/goal2/runs/g2-demo-memory-01/admission/7842_selected.json.gz
 create mode 100644 task1/evidence/goal2/runs/g2-demo-memory-01/admission/7902_review.json
 create mode 100644 task1/evidence/goal2/runs/g2-demo-memory-01/admission/7902_selected.json.gz
 create mode 100644 task1/evidence/goal2/runs/g2-demo-memory-01/admission/7949_review.json
 create mode 100644 task1/evidence/goal2/runs/g2-demo-memory-01/admission/7949_selected.json.gz
 create mode 100644 task1/evidence/goal2/runs/g2-demo-memory-01/admission/8194_review.json
 create mode 100644 task1/evidence/goal2/runs/g2-demo-memory-01/admission/8194_selected.json.gz
 create mode 100644 task1/evidence/goal2/runs/g2-demo-memory-01/admission/8718_review.json
 create mode 100644 task1/evidence/goal2/runs/g2-demo-memory-01/admission/8718_selected.json.gz
 create mode 100644 task1/evidence/goal2/runs/g2-demo-memory-01/admission/8843_review.json
 create mode 100644 task1/evidence/goal2/runs/g2-demo-memory-01/admission/8843_selected.json.gz
 create mode 100644 task1/evidence/goal2/runs/g2-demo-memory-01/admission/8952_review.json
 create mode 100644 task1/evidence/goal2/runs/g2-demo-memory-01/admission/8952_selected.json.gz
 create mode 100644 task1/evidence/goal2/runs/g2-demo-memory-01/admission/9175_review.json
 create mode 100644 task1/evidence/goal2/runs/g2-demo-memory-01/admission/9175_selected.json.gz
 create mode 100644 task1/evidence/goal2/runs/g2-demo-memory-01/admission/9388_review.json
 create mode 100644 task1/evidence/goal2/runs/g2-demo-memory-01/admission/9388_selected.json.gz
 create mode 100644 task1/evidence/goal2/runs/g2-demo-memory-01/admission/9491_review.json
 create mode 100644 task1/evidence/goal2/runs/g2-demo-memory-01/admission/9491_selected.json.gz
 create mode 100644 task1/evidence/goal2/runs/g2-demo-memory-01/admission/9600_review.json
 create mode 100644 task1/evidence/goal2/runs/g2-demo-memory-01/admission/9600_selected.json.gz
 create mode 100644 task1/evidence/goal2/runs/g2-demo-memory-01/admission/9636_review.json
 create mode 100644 task1/evidence/goal2/runs/g2-demo-memory-01/admission/9636_selected.json.gz
 create mode 100644 task1/evidence/goal2/runs/g2-demo-memory-01/admission/9699_review.json
 create mode 100644 task1/evidence/goal2/runs/g2-demo-memory-01/admission/9699_selected.json.gz
 create mode 100644 task1/evidence/goal2/runs/g2-demo-memory-01/admission/9820_review.json
 create mode 100644 task1/evidence/goal2/runs/g2-demo-memory-01/admission/9820_selected.json.gz
 create mode 100644 task1/evidence/goal2/runs/g2-demo-memory-01/admission/9879_review.json
 create mode 100644 task1/evidence/goal2/runs/g2-demo-memory-01/admission/9879_selected.json.gz
 create mode 100644 task1/evidence/goal2/runs/g2-demo-memory-01/cfg-0ad662cd1af68eaf_S-D-P_fbacb2ad.json.gz
 create mode 100644 task1/evidence/goal2/runs/g2-demo-memory-01/cfg-0ad662cd1af68eaf_S-D-P_fbacb2ad_review.json
 create mode 100644 task1/evidence/goal2/runs/g2-demo-memory-01/cfg-24646b7acfafee8e_S-D-P_fbacb2ad.json.gz
 create mode 100644 task1/evidence/goal2/runs/g2-demo-memory-01/cfg-24646b7acfafee8e_S-D-P_fbacb2ad_review.json
 create mode 100644 task1/evidence/goal2/runs/g2-demo-memory-01/cfg-322e68540606f046_S-D-P_fbacb2ad.json.gz
 create mode 100644 task1/evidence/goal2/runs/g2-demo-memory-01/cfg-322e68540606f046_S-D-P_fbacb2ad_review.json
 create mode 100644 task1/evidence/goal2/runs/g2-demo-memory-01/cfg-38b5af70752afcf3_S-D-P_fbacb2ad.json.gz
 create mode 100644 task1/evidence/goal2/runs/g2-demo-memory-01/cfg-38b5af70752afcf3_S-D-P_fbacb2ad_review.json
 create mode 100644 task1/evidence/goal2/runs/g2-demo-memory-01/cfg-5279f18a16a391af_S-D-P_fbacb2ad.json.gz
 create mode 100644 task1/evidence/goal2/runs/g2-demo-memory-01/cfg-5279f18a16a391af_S-D-P_fbacb2ad_review.json
 create mode 100644 task1/evidence/goal2/runs/g2-demo-memory-01/cfg-5f3726776663985b_S-D-P_fbacb2ad.json.gz
 create mode 100644 task1/evidence/goal2/runs/g2-demo-memory-01/cfg-5f3726776663985b_S-D-P_fbacb2ad_review.json
 create mode 100644 task1/evidence/goal2/runs/g2-demo-memory-01/cfg-63139d05595c253c_S-D-P_fbacb2ad.json.gz
 create mode 100644 task1/evidence/goal2/runs/g2-demo-memory-01/cfg-63139d05595c253c_S-D-P_fbacb2ad_review.json
 create mode 100644 task1/evidence/goal2/runs/g2-demo-memory-01/cfg-6599edd5fcbf75b1_S-D-P_fbacb2ad.json.gz
 create mode 100644 task1/evidence/goal2/runs/g2-demo-memory-01/cfg-6599edd5fcbf75b1_S-D-P_fbacb2ad_review.json
 create mode 100644 task1/evidence/goal2/runs/g2-demo-memory-01/cfg-65d9f66c5a9b483a_S-D-P_fbacb2ad.json.gz
 create mode 100644 task1/evidence/goal2/runs/g2-demo-memory-01/cfg-65d9f66c5a9b483a_S-D-P_fbacb2ad_review.json
 create mode 100644 task1/evidence/goal2/runs/g2-demo-memory-01/cfg-6b37e535e1ea2046_S-D-P_fbacb2ad.json.gz
 create mode 100644 task1/evidence/goal2/runs/g2-demo-memory-01/cfg-6b37e535e1ea2046_S-D-P_fbacb2ad_review.json
 create mode 100644 task1/evidence/goal2/runs/g2-demo-memory-01/cfg-7261bd230cb316ee_S-D-P_fbacb2ad.json.gz
 create mode 100644 task1/evidence/goal2/runs/g2-demo-memory-01/cfg-7261bd230cb316ee_S-D-P_fbacb2ad_review.json
 create mode 100644 task1/evidence/goal2/runs/g2-demo-memory-01/cfg-893931df60c3d3d6_S-D-P_fbacb2ad.json.gz
 create mode 100644 task1/evidence/goal2/runs/g2-demo-memory-01/cfg-893931df60c3d3d6_S-D-P_fbacb2ad_review.json
 create mode 100644 task1/evidence/goal2/runs/g2-demo-memory-01/cfg-a5483ca9cb883a91_S-D-P_fbacb2ad.json.gz
 create mode 100644 task1/evidence/goal2/runs/g2-demo-memory-01/cfg-a5483ca9cb883a91_S-D-P_fbacb2ad_review.json
 create mode 100644 task1/evidence/goal2/runs/g2-demo-memory-01/cfg-b15b8281b73592fb_S-D-P_fbacb2ad.json.gz
 create mode 100644 task1/evidence/goal2/runs/g2-demo-memory-01/cfg-b15b8281b73592fb_S-D-P_fbacb2ad_review.json
 create mode 100644 task1/evidence/goal2/runs/g2-demo-memory-01/cfg-b64eb945a846910c_S-D-P_fbacb2ad.json.gz
 create mode 100644 task1/evidence/goal2/runs/g2-demo-memory-01/cfg-b64eb945a846910c_S-D-P_fbacb2ad_review.json
 create mode 100644 task1/evidence/goal2/runs/g2-demo-memory-01/cfg-d4df6d869dc800d6_S-D-P_fbacb2ad.json.gz
 create mode 100644 task1/evidence/goal2/runs/g2-demo-memory-01/cfg-d4df6d869dc800d6_S-D-P_fbacb2ad_review.json
 create mode 100644 task1/evidence/goal2/runs/g2-demo-memory-01/cfg-d4ff6528d1731c17_S-D-P_fbacb2ad.json.gz
 create mode 100644 task1/evidence/goal2/runs/g2-demo-memory-01/cfg-d4ff6528d1731c17_S-D-P_fbacb2ad_review.json
 create mode 100644 task1/evidence/goal2/runs/g2-demo-memory-01/cfg-dc3bdca5d6cb9c1f_S-D-P_fbacb2ad.json.gz
 create mode 100644 task1/evidence/goal2/runs/g2-demo-memory-01/cfg-dc3bdca5d6cb9c1f_S-D-P_fbacb2ad_review.json
 create mode 100644 task1/evidence/goal2/runs/g2-demo-memory-01/cfg-df6f00206fb03678_S-D-P_fbacb2ad.json.gz
 create mode 100644 task1/evidence/goal2/runs/g2-demo-memory-01/cfg-df6f00206fb03678_S-D-P_fbacb2ad_review.json
 create mode 100644 task1/evidence/goal2/runs/g2-demo-memory-01/cfg-e8ff0df5800d5c3b_S-D-P_fbacb2ad.json.gz
 create mode 100644 task1/evidence/goal2/runs/g2-demo-memory-01/cfg-e8ff0df5800d5c3b_S-D-P_fbacb2ad_review.json
 create mode 100644 task1/evidence/goal2/runs/g2-demo-memory-01/manifest.json
 create mode 100644 task1/evidence/goal2/runs/g2-demo-memory-01/memory_snapshot.json
 create mode 100644 task1/evidence/goal2/runs/g2-demo-memory-02/admission/10170_review.json
 create mode 100644 task1/evidence/goal2/runs/g2-demo-memory-02/admission/10170_selected.json.gz
 create mode 100644 task1/evidence/goal2/runs/g2-demo-memory-02/admission/10417_review.json
 create mode 100644 task1/evidence/goal2/runs/g2-demo-memory-02/admission/10417_selected.json.gz
 create mode 100644 task1/evidence/goal2/runs/g2-demo-memory-02/admission/10471_review.json
 create mode 100644 task1/evidence/goal2/runs/g2-demo-memory-02/admission/10471_selected.json.gz
 create mode 100644 task1/evidence/goal2/runs/g2-demo-memory-02/admission/10744_review.json
 create mode 100644 task1/evidence/goal2/runs/g2-demo-memory-02/admission/10744_selected.json.gz
 create mode 100644 task1/evidence/goal2/runs/g2-demo-memory-02/admission/11076_review.json
 create mode 100644 task1/evidence/goal2/runs/g2-demo-memory-02/admission/11076_selected.json.gz
 create mode 100644 task1/evidence/goal2/runs/g2-demo-memory-02/admission/11343_review.json
 create mode 100644 task1/evidence/goal2/runs/g2-demo-memory-02/admission/11343_selected.json.gz
 create mode 100644 task1/evidence/goal2/runs/g2-demo-memory-02/admission/1149_review.json
 create mode 100644 task1/evidence/goal2/runs/g2-demo-memory-02/admission/1149_selected.json.gz
 create mode 100644 task1/evidence/goal2/runs/g2-demo-memory-02/admission/1180_review.json
 create mode 100644 task1/evidence/goal2/runs/g2-demo-memory-02/admission/1180_selected.json.gz
 create mode 100644 task1/evidence/goal2/runs/g2-demo-memory-02/admission/1347_review.json
 create mode 100644 task1/evidence/goal2/runs/g2-demo-memory-02/admission/1347_selected.json.gz
 create mode 100644 task1/evidence/goal2/runs/g2-demo-memory-02/admission/1431_review.json
 create mode 100644 task1/evidence/goal2/runs/g2-demo-memory-02/admission/1431_selected.json.gz
 create mode 100644 task1/evidence/goal2/runs/g2-demo-memory-02/admission/1837_review.json
 create mode 100644 task1/evidence/goal2/runs/g2-demo-memory-02/admission/1837_selected.json.gz
 create mode 100644 task1/evidence/goal2/runs/g2-demo-memory-02/admission/2065_review.json
 create mode 100644 task1/evidence/goal2/runs/g2-demo-memory-02/admission/2065_selected.json.gz
 create mode 100644 task1/evidence/goal2/runs/g2-demo-memory-02/admission/2086_review.json
 create mode 100644 task1/evidence/goal2/runs/g2-demo-memory-02/admission/2086_selected.json.gz
 create mode 100644 task1/evidence/goal2/runs/g2-demo-memory-02/admission/2125_review.json
 create mode 100644 task1/evidence/goal2/runs/g2-demo-memory-02/admission/2125_selected.json.gz
 create mode 100644 task1/evidence/goal2/runs/g2-demo-memory-02/admission/2244_review.json
 create mode 100644 task1/evidence/goal2/runs/g2-demo-memory-02/admission/2244_selected.json.gz
 create mode 100644 task1/evidence/goal2/runs/g2-demo-memory-02/admission/2254_review.json
 create mode 100644 task1/evidence/goal2/runs/g2-demo-memory-02/admission/2254_selected.json.gz
 create mode 100644 task1/evidence/goal2/runs/g2-demo-memory-02/admission/263_review.json
 create mode 100644 task1/evidence/goal2/runs/g2-demo-memory-02/admission/263_selected.json.gz
 create mode 100644 task1/evidence/goal2/runs/g2-demo-memory-02/admission/292_review.json
 create mode 100644 task1/evidence/goal2/runs/g2-demo-memory-02/admission/292_selected.json.gz
 create mode 100644 task1/evidence/goal2/runs/g2-demo-memory-02/admission/3008_review.json
 create mode 100644 task1/evidence/goal2/runs/g2-demo-memory-02/admission/3008_selected.json.gz
 create mode 100644 task1/evidence/goal2/runs/g2-demo-memory-02/admission/3009_review.json
 create mode 100644 task1/evidence/goal2/runs/g2-demo-memory-02/admission/3009_selected.json.gz
 create mode 100644 task1/evidence/goal2/runs/g2-demo-memory-02/admission/3279_review.json
 create mode 100644 task1/evidence/goal2/runs/g2-demo-memory-02/admission/3279_selected.json.gz
 create mode 100644 task1/evidence/goal2/runs/g2-demo-memory-02/admission/3296_review.json
 create mode 100644 task1/evidence/goal2/runs/g2-demo-memory-02/admission/3296_selected.json.gz
 create mode 100644 task1/evidence/goal2/runs/g2-demo-memory-02/admission/3456_review.json
 create mode 100644 task1/evidence/goal2/runs/g2-demo-memory-02/admission/3456_selected.json.gz
 create mode 100644 task1/evidence/goal2/runs/g2-demo-memory-02/admission/3694_review.json
 create mode 100644 task1/evidence/goal2/runs/g2-demo-memory-02/admission/3694_selected.json.gz
 create mode 100644 task1/evidence/goal2/runs/g2-demo-memory-02/admission/3769_review.json
 create mode 100644 task1/evidence/goal2/runs/g2-demo-memory-02/admission/3769_selected.json.gz
 create mode 100644 task1/evidence/goal2/runs/g2-demo-memory-02/admission/3811_review.json
 create mode 100644 task1/evidence/goal2/runs/g2-demo-memory-02/admission/3811_selected.json.gz
 create mode 100644 task1/evidence/goal2/runs/g2-demo-memory-02/admission/3929_review.json
 create mode 100644 task1/evidence/goal2/runs/g2-demo-memory-02/admission/3929_selected.json.gz
 create mode 100644 task1/evidence/goal2/runs/g2-demo-memory-02/admission/3971_review.json
 create mode 100644 task1/evidence/goal2/runs/g2-demo-memory-02/admission/3971_selected.json.gz
 create mode 100644 task1/evidence/goal2/runs/g2-demo-memory-02/admission/3972_review.json
 create mode 100644 task1/evidence/goal2/runs/g2-demo-memory-02/admission/3972_selected.json.gz
 create mode 100644 task1/evidence/goal2/runs/g2-demo-memory-02/admission/4319_review.json
 create mode 100644 task1/evidence/goal2/runs/g2-demo-memory-02/admission/4319_selected.json.gz
 create mode 100644 task1/evidence/goal2/runs/g2-demo-memory-02/admission/4458_review.json
 create mode 100644 task1/evidence/goal2/runs/g2-demo-memory-02/admission/4458_selected.json.gz
 create mode 100644 task1/evidence/goal2/runs/g2-demo-memory-02/admission/4461_review.json
 create mode 100644 task1/evidence/goal2/runs/g2-demo-memory-02/admission/4461_selected.json.gz
 create mode 100644 task1/evidence/goal2/runs/g2-demo-memory-02/admission/4568_review.json
 create mode 100644 task1/evidence/goal2/runs/g2-demo-memory-02/admission/4568_selected.json.gz
 create mode 100644 task1/evidence/goal2/runs/g2-demo-memory-02/admission/5202_review.json
 create mode 100644 task1/evidence/goal2/runs/g2-demo-memory-02/admission/5202_selected.json.gz
 create mode 100644 task1/evidence/goal2/runs/g2-demo-memory-02/admission/5605_review.json
 create mode 100644 task1/evidence/goal2/runs/g2-demo-memory-02/admission/5605_selected.json.gz
 create mode 100644 task1/evidence/goal2/runs/g2-demo-memory-02/admission/5830_review.json
 create mode 100644 task1/evidence/goal2/runs/g2-demo-memory-02/admission/5830_selected.json.gz
 create mode 100644 task1/evidence/goal2/runs/g2-demo-memory-02/admission/661_review.json
 create mode 100644 task1/evidence/goal2/runs/g2-demo-memory-02/admission/661_selected.json.gz
 create mode 100644 task1/evidence/goal2/runs/g2-demo-memory-02/admission/6699_review.json
 create mode 100644 task1/evidence/goal2/runs/g2-demo-memory-02/admission/6699_selected.json.gz
 create mode 100644 task1/evidence/goal2/runs/g2-demo-memory-02/admission/6865_review.json
 create mode 100644 task1/evidence/goal2/runs/g2-demo-memory-02/admission/6865_selected.json.gz
 create mode 100644 task1/evidence/goal2/runs/g2-demo-memory-02/admission/6919_review.json
 create mode 100644 task1/evidence/goal2/runs/g2-demo-memory-02/admission/6919_selected.json.gz
 create mode 100644 task1/evidence/goal2/runs/g2-demo-memory-02/admission/7057_review.json
 create mode 100644 task1/evidence/goal2/runs/g2-demo-memory-02/admission/7057_selected.json.gz
 create mode 100644 task1/evidence/goal2/runs/g2-demo-memory-02/admission/7166_review.json
 create mode 100644 task1/evidence/goal2/runs/g2-demo-memory-02/admission/7166_selected.json.gz
 create mode 100644 task1/evidence/goal2/runs/g2-demo-memory-02/admission/7597_review.json
 create mode 100644 task1/evidence/goal2/runs/g2-demo-memory-02/admission/7597_selected.json.gz
 create mode 100644 task1/evidence/goal2/runs/g2-demo-memory-02/admission/7672_review.json
 create mode 100644 task1/evidence/goal2/runs/g2-demo-memory-02/admission/7672_selected.json.gz
 create mode 100644 task1/evidence/goal2/runs/g2-demo-memory-02/admission/77_review.json
 create mode 100644 task1/evidence/goal2/runs/g2-demo-memory-02/admission/77_selected.json.gz
 create mode 100644 task1/evidence/goal2/runs/g2-demo-memory-02/admission/7842_review.json
 create mode 100644 task1/evidence/goal2/runs/g2-demo-memory-02/admission/7842_selected.json.gz
 create mode 100644 task1/evidence/goal2/runs/g2-demo-memory-02/admission/7902_review.json
 create mode 100644 task1/evidence/goal2/runs/g2-demo-memory-02/admission/7902_selected.json.gz
 create mode 100644 task1/evidence/goal2/runs/g2-demo-memory-02/admission/7949_review.json
 create mode 100644 task1/evidence/goal2/runs/g2-demo-memory-02/admission/7949_selected.json.gz
 create mode 100644 task1/evidence/goal2/runs/g2-demo-memory-02/admission/8194_review.json
 create mode 100644 task1/evidence/goal2/runs/g2-demo-memory-02/admission/8194_selected.json.gz
 create mode 100644 task1/evidence/goal2/runs/g2-demo-memory-02/admission/8718_review.json
 create mode 100644 task1/evidence/goal2/runs/g2-demo-memory-02/admission/8718_selected.json.gz
 create mode 100644 task1/evidence/goal2/runs/g2-demo-memory-02/admission/8843_review.json
 create mode 100644 task1/evidence/goal2/runs/g2-demo-memory-02/admission/8843_selected.json.gz
 create mode 100644 task1/evidence/goal2/runs/g2-demo-memory-02/admission/8952_review.json
 create mode 100644 task1/evidence/goal2/runs/g2-demo-memory-02/admission/8952_selected.json.gz
 create mode 100644 task1/evidence/goal2/runs/g2-demo-memory-02/admission/9175_review.json
 create mode 100644 task1/evidence/goal2/runs/g2-demo-memory-02/admission/9175_selected.json.gz
 create mode 100644 task1/evidence/goal2/runs/g2-demo-memory-02/admission/9388_review.json
 create mode 100644 task1/evidence/goal2/runs/g2-demo-memory-02/admission/9388_selected.json.gz
 create mode 100644 task1/evidence/goal2/runs/g2-demo-memory-02/admission/9491_review.json
 create mode 100644 task1/evidence/goal2/runs/g2-demo-memory-02/admission/9491_selected.json.gz
 create mode 100644 task1/evidence/goal2/runs/g2-demo-memory-02/admission/9600_review.json
 create mode 100644 task1/evidence/goal2/runs/g2-demo-memory-02/admission/9600_selected.json.gz
 create mode 100644 task1/evidence/goal2/runs/g2-demo-memory-02/admission/9636_review.json
 create mode 100644 task1/evidence/goal2/runs/g2-demo-memory-02/admission/9636_selected.json.gz
 create mode 100644 task1/evidence/goal2/runs/g2-demo-memory-02/admission/9699_review.json
 create mode 100644 task1/evidence/goal2/runs/g2-demo-memory-02/admission/9699_selected.json.gz
 create mode 100644 task1/evidence/goal2/runs/g2-demo-memory-02/admission/9820_review.json
 create mode 100644 task1/evidence/goal2/runs/g2-demo-memory-02/admission/9820_selected.json.gz
 create mode 100644 task1/evidence/goal2/runs/g2-demo-memory-02/admission/9879_review.json
 create mode 100644 task1/evidence/goal2/runs/g2-demo-memory-02/admission/9879_selected.json.gz
 create mode 100644 task1/evidence/goal2/runs/g2-demo-memory-02/cfg-0ad662cd1af68eaf_S-D-P_fbacb2ad.json.gz
 create mode 100644 task1/evidence/goal2/runs/g2-demo-memory-02/cfg-0ad662cd1af68eaf_S-D-P_fbacb2ad_review.json
 create mode 100644 task1/evidence/goal2/runs/g2-demo-memory-02/cfg-24646b7acfafee8e_S-D-P_fbacb2ad.json.gz
 create mode 100644 task1/evidence/goal2/runs/g2-demo-memory-02/cfg-24646b7acfafee8e_S-D-P_fbacb2ad_review.json
 create mode 100644 task1/evidence/goal2/runs/g2-demo-memory-02/cfg-322e68540606f046_S-D-P_fbacb2ad.json.gz
 create mode 100644 task1/evidence/goal2/runs/g2-demo-memory-02/cfg-322e68540606f046_S-D-P_fbacb2ad_review.json
 create mode 100644 task1/evidence/goal2/runs/g2-demo-memory-02/cfg-38b5af70752afcf3_S-D-P_fbacb2ad.json.gz
 create mode 100644 task1/evidence/goal2/runs/g2-demo-memory-02/cfg-38b5af70752afcf3_S-D-P_fbacb2ad_review.json
 create mode 100644 task1/evidence/goal2/runs/g2-demo-memory-02/cfg-5279f18a16a391af_S-D-P_fbacb2ad.json.gz
 create mode 100644 task1/evidence/goal2/runs/g2-demo-memory-02/cfg-5279f18a16a391af_S-D-P_fbacb2ad_review.json
 create mode 100644 task1/evidence/goal2/runs/g2-demo-memory-02/cfg-5f3726776663985b_S-D-P_fbacb2ad.json.gz
 create mode 100644 task1/evidence/goal2/runs/g2-demo-memory-02/cfg-5f3726776663985b_S-D-P_fbacb2ad_review.json
 create mode 100644 task1/evidence/goal2/runs/g2-demo-memory-02/cfg-63139d05595c253c_S-D-P_fbacb2ad.json.gz
 create mode 100644 task1/evidence/goal2/runs/g2-demo-memory-02/cfg-63139d05595c253c_S-D-P_fbacb2ad_review.json
 create mode 100644 task1/evidence/goal2/runs/g2-demo-memory-02/cfg-6599edd5fcbf75b1_S-D-P_fbacb2ad.json.gz
 create mode 100644 task1/evidence/goal2/runs/g2-demo-memory-02/cfg-6599edd5fcbf75b1_S-D-P_fbacb2ad_review.json
 create mode 100644 task1/evidence/goal2/runs/g2-demo-memory-02/cfg-65d9f66c5a9b483a_S-D-P_fbacb2ad.json.gz
 create mode 100644 task1/evidence/goal2/runs/g2-demo-memory-02/cfg-65d9f66c5a9b483a_S-D-P_fbacb2ad_review.json
 create mode 100644 task1/evidence/goal2/runs/g2-demo-memory-02/cfg-6b37e535e1ea2046_S-D-P_fbacb2ad.json.gz
 create mode 100644 task1/evidence/goal2/runs/g2-demo-memory-02/cfg-6b37e535e1ea2046_S-D-P_fbacb2ad_review.json
 create mode 100644 task1/evidence/goal2/runs/g2-demo-memory-02/cfg-7261bd230cb316ee_S-D-P_fbacb2ad.json.gz
 create mode 100644 task1/evidence/goal2/runs/g2-demo-memory-02/cfg-7261bd230cb316ee_S-D-P_fbacb2ad_review.json
 create mode 100644 task1/evidence/goal2/runs/g2-demo-memory-02/cfg-893931df60c3d3d6_S-D-P_fbacb2ad.json.gz
 create mode 100644 task1/evidence/goal2/runs/g2-demo-memory-02/cfg-893931df60c3d3d6_S-D-P_fbacb2ad_review.json
 create mode 100644 task1/evidence/goal2/runs/g2-demo-memory-02/cfg-a5483ca9cb883a91_S-D-P_fbacb2ad.json.gz
 create mode 100644 task1/evidence/goal2/runs/g2-demo-memory-02/cfg-a5483ca9cb883a91_S-D-P_fbacb2ad_review.json
 create mode 100644 task1/evidence/goal2/runs/g2-demo-memory-02/cfg-b15b8281b73592fb_S-D-P_fbacb2ad.json.gz
 create mode 100644 task1/evidence/goal2/runs/g2-demo-memory-02/cfg-b15b8281b73592fb_S-D-P_fbacb2ad_review.json
 create mode 100644 task1/evidence/goal2/runs/g2-demo-memory-02/cfg-b64eb945a846910c_S-D-P_fbacb2ad.json.gz
 create mode 100644 task1/evidence/goal2/runs/g2-demo-memory-02/cfg-b64eb945a846910c_S-D-P_fbacb2ad_review.json
 create mode 100644 task1/evidence/goal2/runs/g2-demo-memory-02/cfg-d4df6d869dc800d6_S-D-P_fbacb2ad.json.gz
 create mode 100644 task1/evidence/goal2/runs/g2-demo-memory-02/cfg-d4df6d869dc800d6_S-D-P_fbacb2ad_review.json
 create mode 100644 task1/evidence/goal2/runs/g2-demo-memory-02/cfg-d4ff6528d1731c17_S-D-P_fbacb2ad.json.gz
 create mode 100644 task1/evidence/goal2/runs/g2-demo-memory-02/cfg-d4ff6528d1731c17_S-D-P_fbacb2ad_review.json
 create mode 100644 task1/evidence/goal2/runs/g2-demo-memory-02/cfg-dc3bdca5d6cb9c1f_S-D-P_fbacb2ad.json.gz
 create mode 100644 task1/evidence/goal2/runs/g2-demo-memory-02/cfg-dc3bdca5d6cb9c1f_S-D-P_fbacb2ad_review.json
 create mode 100644 task1/evidence/goal2/runs/g2-demo-memory-02/cfg-df6f00206fb03678_S-D-P_fbacb2ad.json.gz
 create mode 100644 task1/evidence/goal2/runs/g2-demo-memory-02/cfg-df6f00206fb03678_S-D-P_fbacb2ad_review.json
 create mode 100644 task1/evidence/goal2/runs/g2-demo-memory-02/cfg-e8ff0df5800d5c3b_S-D-P_fbacb2ad.json.gz
 create mode 100644 task1/evidence/goal2/runs/g2-demo-memory-02/cfg-e8ff0df5800d5c3b_S-D-P_fbacb2ad_review.json
 create mode 100644 task1/evidence/goal2/runs/g2-demo-memory-02/manifest.json
 create mode 100644 task1/evidence/goal2/runs/g2-demo-memory-02/memory_snapshot.json
 create mode 100644 task1/evidence/goal2/runs/g2-development-modes-01/manifest.json
 create mode 100644 task1/evidence/goal2/runs/g2-development-modes-01/modes/DEVELOPMENT-llm+memory+search-e1-b0/memory_retrieval.json
 create mode 100644 task1/evidence/goal2/runs/g2-development-modes-01/modes/DEVELOPMENT-llm+memory+search-e1-b0/round1_call/attempt01/dispatch.json
 create mode 100644 task1/evidence/goal2/runs/g2-development-modes-01/modes/DEVELOPMENT-llm+memory+search-e1-b0/round1_call/attempt01/input.json
 create mode 100644 task1/evidence/goal2/runs/g2-development-modes-01/modes/DEVELOPMENT-llm+memory+search-e1-b0/round1_call/attempt01/receipt.json
 create mode 100644 task1/evidence/goal2/runs/g2-development-modes-01/modes/DEVELOPMENT-llm+memory+search-e1-b0/round1_call/attempt01/response.json
 create mode 100644 task1/evidence/goal2/runs/g2-development-modes-01/modes/DEVELOPMENT-llm+memory+search-e1-b0/round1_call/attempt01/visible_events.jsonl
 create mode 100644 task1/evidence/goal2/runs/g2-development-modes-01/modes/DEVELOPMENT-llm+memory+search-e1-b0/round1_checkpoint.json
 create mode 100644 task1/evidence/goal2/runs/g2-development-modes-01/modes/DEVELOPMENT-llm+memory+search-e1-b0/round1_context.json
 create mode 100644 task1/evidence/goal2/runs/g2-development-modes-01/modes/DEVELOPMENT-llm+memory+search-e1-b0/round1_validation.json
 create mode 100644 task1/evidence/goal2/runs/g2-development-modes-01/modes/DEVELOPMENT-llm+memory+search-e1-b0/round2_call/attempt01/dispatch.json
 create mode 100644 task1/evidence/goal2/runs/g2-development-modes-01/modes/DEVELOPMENT-llm+memory+search-e1-b0/round2_call/attempt01/input.json
 create mode 100644 task1/evidence/goal2/runs/g2-development-modes-01/modes/DEVELOPMENT-llm+memory+search-e1-b0/round2_call/attempt01/receipt.json
 create mode 100644 task1/evidence/goal2/runs/g2-development-modes-01/modes/DEVELOPMENT-llm+memory+search-e1-b0/round2_call/attempt01/response.json
 create mode 100644 task1/evidence/goal2/runs/g2-development-modes-01/modes/DEVELOPMENT-llm+memory+search-e1-b0/round2_call/attempt01/visible_events.jsonl
 create mode 100644 task1/evidence/goal2/runs/g2-development-modes-01/modes/DEVELOPMENT-llm+memory+search-e1-b0/round2_checkpoint.json
 create mode 100644 task1/evidence/goal2/runs/g2-development-modes-01/modes/DEVELOPMENT-llm+memory+search-e1-b0/round2_context.json
 create mode 100644 task1/evidence/goal2/runs/g2-development-modes-01/modes/DEVELOPMENT-llm+memory+search-e1-b0/round2_validation.json
 create mode 100644 task1/evidence/goal2/runs/g2-development-modes-01/modes/DEVELOPMENT-llm+memory+search-e1-b0/round3_call/attempt01/dispatch.json
 create mode 100644 task1/evidence/goal2/runs/g2-development-modes-01/modes/DEVELOPMENT-llm+memory+search-e1-b0/round3_call/attempt01/input.json
 create mode 100644 task1/evidence/goal2/runs/g2-development-modes-01/modes/DEVELOPMENT-llm+memory+search-e1-b0/round3_call/attempt01/receipt.json
 create mode 100644 task1/evidence/goal2/runs/g2-development-modes-01/modes/DEVELOPMENT-llm+memory+search-e1-b0/round3_call/attempt01/visible_events.jsonl
 create mode 100644 task1/evidence/goal2/runs/g2-development-modes-01/modes/DEVELOPMENT-llm+memory+search-e1-b0/round3_context.json
 create mode 100644 task1/evidence/goal2/runs/g2-development-modes-01/modes/DEVELOPMENT-llm+search-e1-b0/11326_candidate_traces.json.gz
 create mode 100644 task1/evidence/goal2/runs/g2-development-modes-01/modes/DEVELOPMENT-llm+search-e1-b0/11326_lock.json
 create mode 100644 task1/evidence/goal2/runs/g2-development-modes-01/modes/DEVELOPMENT-llm+search-e1-b0/11355_candidate_traces.json.gz
 create mode 100644 task1/evidence/goal2/runs/g2-development-modes-01/modes/DEVELOPMENT-llm+search-e1-b0/11355_lock.json
 create mode 100644 task1/evidence/goal2/runs/g2-development-modes-01/modes/DEVELOPMENT-llm+search-e1-b0/2069_candidate_traces.json.gz
 create mode 100644 task1/evidence/goal2/runs/g2-development-modes-01/modes/DEVELOPMENT-llm+search-e1-b0/2069_lock.json
 create mode 100644 task1/evidence/goal2/runs/g2-development-modes-01/modes/DEVELOPMENT-llm+search-e1-b0/3357_candidate_traces.json.gz
 create mode 100644 task1/evidence/goal2/runs/g2-development-modes-01/modes/DEVELOPMENT-llm+search-e1-b0/3357_lock.json
 create mode 100644 task1/evidence/goal2/runs/g2-development-modes-01/modes/DEVELOPMENT-llm+search-e1-b0/5049_candidate_traces.json.gz
 create mode 100644 task1/evidence/goal2/runs/g2-development-modes-01/modes/DEVELOPMENT-llm+search-e1-b0/5049_lock.json
 create mode 100644 task1/evidence/goal2/runs/g2-development-modes-01/modes/DEVELOPMENT-llm+search-e1-b0/7186_candidate_traces.json.gz
 create mode 100644 task1/evidence/goal2/runs/g2-development-modes-01/modes/DEVELOPMENT-llm+search-e1-b0/7186_lock.json
 create mode 100644 task1/evidence/goal2/runs/g2-development-modes-01/modes/DEVELOPMENT-llm+search-e1-b0/9613_candidate_traces.json.gz
 create mode 100644 task1/evidence/goal2/runs/g2-development-modes-01/modes/DEVELOPMENT-llm+search-e1-b0/9613_lock.json
 create mode 100644 task1/evidence/goal2/runs/g2-development-modes-01/modes/DEVELOPMENT-llm+search-e1-b0/9779_candidate_traces.json.gz
 create mode 100644 task1/evidence/goal2/runs/g2-development-modes-01/modes/DEVELOPMENT-llm+search-e1-b0/9779_lock.json
 create mode 100644 task1/evidence/goal2/runs/g2-development-modes-01/modes/DEVELOPMENT-llm+search-e1-b0/episode.json
 create mode 100644 task1/evidence/goal2/runs/g2-development-modes-01/modes/DEVELOPMENT-llm+search-e1-b0/memory_retrieval.json
 create mode 100644 task1/evidence/goal2/runs/g2-development-modes-01/modes/DEVELOPMENT-llm+search-e1-b0/round1_call/attempt01/dispatch.json
 create mode 100644 task1/evidence/goal2/runs/g2-development-modes-01/modes/DEVELOPMENT-llm+search-e1-b0/round1_call/attempt01/input.json
 create mode 100644 task1/evidence/goal2/runs/g2-development-modes-01/modes/DEVELOPMENT-llm+search-e1-b0/round1_call/attempt01/receipt.json
 create mode 100644 task1/evidence/goal2/runs/g2-development-modes-01/modes/DEVELOPMENT-llm+search-e1-b0/round1_call/attempt01/response.json
 create mode 100644 task1/evidence/goal2/runs/g2-development-modes-01/modes/DEVELOPMENT-llm+search-e1-b0/round1_call/attempt01/visible_events.jsonl
 create mode 100644 task1/evidence/goal2/runs/g2-development-modes-01/modes/DEVELOPMENT-llm+search-e1-b0/round1_checkpoint.json
 create mode 100644 task1/evidence/goal2/runs/g2-development-modes-01/modes/DEVELOPMENT-llm+search-e1-b0/round1_context.json
 create mode 100644 task1/evidence/goal2/runs/g2-development-modes-01/modes/DEVELOPMENT-llm+search-e1-b0/round1_validation.json
 create mode 100644 task1/evidence/goal2/runs/g2-development-modes-01/modes/DEVELOPMENT-llm+search-e1-b0/round2_call/attempt01/dispatch.json
 create mode 100644 task1/evidence/goal2/runs/g2-development-modes-01/modes/DEVELOPMENT-llm+search-e1-b0/round2_call/attempt01/input.json
 create mode 100644 task1/evidence/goal2/runs/g2-development-modes-01/modes/DEVELOPMENT-llm+search-e1-b0/round2_call/attempt01/receipt.json
 create mode 100644 task1/evidence/goal2/runs/g2-development-modes-01/modes/DEVELOPMENT-llm+search-e1-b0/round2_call/attempt01/response.json
 create mode 100644 task1/evidence/goal2/runs/g2-development-modes-01/modes/DEVELOPMENT-llm+search-e1-b0/round2_call/attempt01/visible_events.jsonl
 create mode 100644 task1/evidence/goal2/runs/g2-development-modes-01/modes/DEVELOPMENT-llm+search-e1-b0/round2_checkpoint.json
 create mode 100644 task1/evidence/goal2/runs/g2-development-modes-01/modes/DEVELOPMENT-llm+search-e1-b0/round2_context.json
 create mode 100644 task1/evidence/goal2/runs/g2-development-modes-01/modes/DEVELOPMENT-llm+search-e1-b0/round2_validation.json
 create mode 100644 task1/evidence/goal2/runs/g2-development-modes-01/modes/DEVELOPMENT-llm+search-e1-b0/round3_call/attempt01/dispatch.json
 create mode 100644 task1/evidence/goal2/runs/g2-development-modes-01/modes/DEVELOPMENT-llm+search-e1-b0/round3_call/attempt01/input.json
 create mode 100644 task1/evidence/goal2/runs/g2-development-modes-01/modes/DEVELOPMENT-llm+search-e1-b0/round3_call/attempt01/receipt.json
 create mode 100644 task1/evidence/goal2/runs/g2-development-modes-01/modes/DEVELOPMENT-llm+search-e1-b0/round3_call/attempt01/response.json
 create mode 100644 task1/evidence/goal2/runs/g2-development-modes-01/modes/DEVELOPMENT-llm+search-e1-b0/round3_call/attempt01/visible_events.jsonl
 create mode 100644 task1/evidence/goal2/runs/g2-development-modes-01/modes/DEVELOPMENT-llm+search-e1-b0/round3_checkpoint.json
 create mode 100644 task1/evidence/goal2/runs/g2-development-modes-01/modes/DEVELOPMENT-llm+search-e1-b0/round3_context.json
 create mode 100644 task1/evidence/goal2/runs/g2-development-modes-01/modes/DEVELOPMENT-llm+search-e1-b0/round3_validation.json
 create mode 100644 task1/evidence/goal2/runs/g2-development-modes-01/modes/DEVELOPMENT-llm+search-e1-b1/1076_candidate_traces.json.gz
 create mode 100644 task1/evidence/goal2/runs/g2-development-modes-01/modes/DEVELOPMENT-llm+search-e1-b1/1076_lock.json
 create mode 100644 task1/evidence/goal2/runs/g2-development-modes-01/modes/DEVELOPMENT-llm+search-e1-b1/217_candidate_traces.json.gz
 create mode 100644 task1/evidence/goal2/runs/g2-development-modes-01/modes/DEVELOPMENT-llm+search-e1-b1/217_lock.json
 create mode 100644 task1/evidence/goal2/runs/g2-development-modes-01/modes/DEVELOPMENT-llm+search-e1-b1/2759_candidate_traces.json.gz
 create mode 100644 task1/evidence/goal2/runs/g2-development-modes-01/modes/DEVELOPMENT-llm+search-e1-b1/2759_lock.json
 create mode 100644 task1/evidence/goal2/runs/g2-development-modes-01/modes/DEVELOPMENT-llm+search-e1-b1/4732_candidate_traces.json.gz
 create mode 100644 task1/evidence/goal2/runs/g2-development-modes-01/modes/DEVELOPMENT-llm+search-e1-b1/4732_lock.json
 create mode 100644 task1/evidence/goal2/runs/g2-development-modes-01/modes/DEVELOPMENT-llm+search-e1-b1/5027_candidate_traces.json.gz
 create mode 100644 task1/evidence/goal2/runs/g2-development-modes-01/modes/DEVELOPMENT-llm+search-e1-b1/5027_lock.json
 create mode 100644 task1/evidence/goal2/runs/g2-development-modes-01/modes/DEVELOPMENT-llm+search-e1-b1/5256_candidate_traces.json.gz
 create mode 100644 task1/evidence/goal2/runs/g2-development-modes-01/modes/DEVELOPMENT-llm+search-e1-b1/5256_lock.json
 create mode 100644 task1/evidence/goal2/runs/g2-development-modes-01/modes/DEVELOPMENT-llm+search-e1-b1/9056_candidate_traces.json.gz
 create mode 100644 task1/evidence/goal2/runs/g2-development-modes-01/modes/DEVELOPMENT-llm+search-e1-b1/9056_lock.json
 create mode 100644 task1/evidence/goal2/runs/g2-development-modes-01/modes/DEVELOPMENT-llm+search-e1-b1/9729_candidate_traces.json.gz
 create mode 100644 task1/evidence/goal2/runs/g2-development-modes-01/modes/DEVELOPMENT-llm+search-e1-b1/9729_lock.json
 create mode 100644 task1/evidence/goal2/runs/g2-development-modes-01/modes/DEVELOPMENT-llm+search-e1-b1/episode.json
 create mode 100644 task1/evidence/goal2/runs/g2-development-modes-01/modes/DEVELOPMENT-llm+search-e1-b1/memory_retrieval.json
 create mode 100644 task1/evidence/goal2/runs/g2-development-modes-01/modes/DEVELOPMENT-llm+search-e1-b1/round1_call/attempt01/dispatch.json
 create mode 100644 task1/evidence/goal2/runs/g2-development-modes-01/modes/DEVELOPMENT-llm+search-e1-b1/round1_call/attempt01/input.json
 create mode 100644 task1/evidence/goal2/runs/g2-development-modes-01/modes/DEVELOPMENT-llm+search-e1-b1/round1_call/attempt01/receipt.json
 create mode 100644 task1/evidence/goal2/runs/g2-development-modes-01/modes/DEVELOPMENT-llm+search-e1-b1/round1_call/attempt01/response.json
 create mode 100644 task1/evidence/goal2/runs/g2-development-modes-01/modes/DEVELOPMENT-llm+search-e1-b1/round1_call/attempt01/visible_events.jsonl
 create mode 100644 task1/evidence/goal2/runs/g2-development-modes-01/modes/DEVELOPMENT-llm+search-e1-b1/round1_checkpoint.json
 create mode 100644 task1/evidence/goal2/runs/g2-development-modes-01/modes/DEVELOPMENT-llm+search-e1-b1/round1_context.json
 create mode 100644 task1/evidence/goal2/runs/g2-development-modes-01/modes/DEVELOPMENT-llm+search-e1-b1/round1_validation.json
 create mode 100644 task1/evidence/goal2/runs/g2-development-modes-01/modes/DEVELOPMENT-llm+search-e1-b1/round2_call/attempt01/dispatch.json
 create mode 100644 task1/evidence/goal2/runs/g2-development-modes-01/modes/DEVELOPMENT-llm+search-e1-b1/round2_call/attempt01/input.json
 create mode 100644 task1/evidence/goal2/runs/g2-development-modes-01/modes/DEVELOPMENT-llm+search-e1-b1/round2_call/attempt01/receipt.json
 create mode 100644 task1/evidence/goal2/runs/g2-development-modes-01/modes/DEVELOPMENT-llm+search-e1-b1/round2_call/attempt01/response.json
 create mode 100644 task1/evidence/goal2/runs/g2-development-modes-01/modes/DEVELOPMENT-llm+search-e1-b1/round2_call/attempt01/visible_events.jsonl
 create mode 100644 task1/evidence/goal2/runs/g2-development-modes-01/modes/DEVELOPMENT-llm+search-e1-b1/round2_checkpoint.json
 create mode 100644 task1/evidence/goal2/runs/g2-development-modes-01/modes/DEVELOPMENT-llm+search-e1-b1/round2_context.json
 create mode 100644 task1/evidence/goal2/runs/g2-development-modes-01/modes/DEVELOPMENT-llm+search-e1-b1/round2_validation.json
 create mode 100644 task1/evidence/goal2/runs/g2-development-modes-01/modes/DEVELOPMENT-llm+search-e1-b1/round3_call/attempt01/dispatch.json
 create mode 100644 task1/evidence/goal2/runs/g2-development-modes-01/modes/DEVELOPMENT-llm+search-e1-b1/round3_call/attempt01/input.json
 create mode 100644 task1/evidence/goal2/runs/g2-development-modes-01/modes/DEVELOPMENT-llm+search-e1-b1/round3_call/attempt01/receipt.json
 create mode 100644 task1/evidence/goal2/runs/g2-development-modes-01/modes/DEVELOPMENT-llm+search-e1-b1/round3_call/attempt01/response.json
 create mode 100644 task1/evidence/goal2/runs/g2-development-modes-01/modes/DEVELOPMENT-llm+search-e1-b1/round3_call/attempt01/visible_events.jsonl
 create mode 100644 task1/evidence/goal2/runs/g2-development-modes-01/modes/DEVELOPMENT-llm+search-e1-b1/round3_checkpoint.json
 create mode 100644 task1/evidence/goal2/runs/g2-development-modes-01/modes/DEVELOPMENT-llm+search-e1-b1/round3_context.json
 create mode 100644 task1/evidence/goal2/runs/g2-development-modes-01/modes/DEVELOPMENT-llm+search-e1-b1/round3_validation.json
 create mode 100644 task1/evidence/goal2/runs/g2-development-modes-01/modes/DEVELOPMENT-llm+search-e1-b2/10232_candidate_traces.json.gz
 create mode 100644 task1/evidence/goal2/runs/g2-development-modes-01/modes/DEVELOPMENT-llm+search-e1-b2/10232_lock.json
 create mode 100644 task1/evidence/goal2/runs/g2-development-modes-01/modes/DEVELOPMENT-llm+search-e1-b2/10796_candidate_traces.json.gz
 create mode 100644 task1/evidence/goal2/runs/g2-development-modes-01/modes/DEVELOPMENT-llm+search-e1-b2/10796_lock.json
 create mode 100644 task1/evidence/goal2/runs/g2-development-modes-01/modes/DEVELOPMENT-llm+search-e1-b2/4805_candidate_traces.json.gz
 create mode 100644 task1/evidence/goal2/runs/g2-development-modes-01/modes/DEVELOPMENT-llm+search-e1-b2/4805_lock.json
 create mode 100644 task1/evidence/goal2/runs/g2-development-modes-01/modes/DEVELOPMENT-llm+search-e1-b2/4953_candidate_traces.json.gz
 create mode 100644 task1/evidence/goal2/runs/g2-development-modes-01/modes/DEVELOPMENT-llm+search-e1-b2/4953_lock.json
 create mode 100644 task1/evidence/goal2/runs/g2-development-modes-01/modes/DEVELOPMENT-llm+search-e1-b2/5029_candidate_traces.json.gz
 create mode 100644 task1/evidence/goal2/runs/g2-development-modes-01/modes/DEVELOPMENT-llm+search-e1-b2/5029_lock.json
 create mode 100644 task1/evidence/goal2/runs/g2-development-modes-01/modes/DEVELOPMENT-llm+search-e1-b2/6556_candidate_traces.json.gz
 create mode 100644 task1/evidence/goal2/runs/g2-development-modes-01/modes/DEVELOPMENT-llm+search-e1-b2/6556_lock.json
 create mode 100644 task1/evidence/goal2/runs/g2-development-modes-01/modes/DEVELOPMENT-llm+search-e1-b2/7764_candidate_traces.json.gz
 create mode 100644 task1/evidence/goal2/runs/g2-development-modes-01/modes/DEVELOPMENT-llm+search-e1-b2/7764_lock.json
 create mode 100644 task1/evidence/goal2/runs/g2-development-modes-01/modes/DEVELOPMENT-llm+search-e1-b2/82_candidate_traces.json.gz
 create mode 100644 task1/evidence/goal2/runs/g2-development-modes-01/modes/DEVELOPMENT-llm+search-e1-b2/82_lock.json
 create mode 100644 task1/evidence/goal2/runs/g2-development-modes-01/modes/DEVELOPMENT-llm+search-e1-b2/episode.json
 create mode 100644 task1/evidence/goal2/runs/g2-development-modes-01/modes/DEVELOPMENT-llm+search-e1-b2/memory_retrieval.json
 create mode 100644 task1/evidence/goal2/runs/g2-development-modes-01/modes/DEVELOPMENT-llm+search-e1-b2/round1_call/attempt01/dispatch.json
 create mode 100644 task1/evidence/goal2/runs/g2-development-modes-01/modes/DEVELOPMENT-llm+search-e1-b2/round1_call/attempt01/input.json
 create mode 100644 task1/evidence/goal2/runs/g2-development-modes-01/modes/DEVELOPMENT-llm+search-e1-b2/round1_call/attempt01/receipt.json
 create mode 100644 task1/evidence/goal2/runs/g2-development-modes-01/modes/DEVELOPMENT-llm+search-e1-b2/round1_call/attempt01/response.json
 create mode 100644 task1/evidence/goal2/runs/g2-development-modes-01/modes/DEVELOPMENT-llm+search-e1-b2/round1_call/attempt01/visible_events.jsonl
 create mode 100644 task1/evidence/goal2/runs/g2-development-modes-01/modes/DEVELOPMENT-llm+search-e1-b2/round1_checkpoint.json
 create mode 100644 task1/evidence/goal2/runs/g2-development-modes-01/modes/DEVELOPMENT-llm+search-e1-b2/round1_context.json
 create mode 100644 task1/evidence/goal2/runs/g2-development-modes-01/modes/DEVELOPMENT-llm+search-e1-b2/round1_validation.json
 create mode 100644 task1/evidence/goal2/runs/g2-development-modes-01/modes/DEVELOPMENT-llm+search-e1-b2/round2_call/attempt01/dispatch.json
 create mode 100644 task1/evidence/goal2/runs/g2-development-modes-01/modes/DEVELOPMENT-llm+search-e1-b2/round2_call/attempt01/input.json
 create mode 100644 task1/evidence/goal2/runs/g2-development-modes-01/modes/DEVELOPMENT-llm+search-e1-b2/round2_call/attempt01/receipt.json
 create mode 100644 task1/evidence/goal2/runs/g2-development-modes-01/modes/DEVELOPMENT-llm+search-e1-b2/round2_call/attempt01/response.json
 create mode 100644 task1/evidence/goal2/runs/g2-development-modes-01/modes/DEVELOPMENT-llm+search-e1-b2/round2_call/attempt01/visible_events.jsonl
 create mode 100644 task1/evidence/goal2/runs/g2-development-modes-01/modes/DEVELOPMENT-llm+search-e1-b2/round2_checkpoint.json
 create mode 100644 task1/evidence/goal2/runs/g2-development-modes-01/modes/DEVELOPMENT-llm+search-e1-b2/round2_context.json
 create mode 100644 task1/evidence/goal2/runs/g2-development-modes-01/modes/DEVELOPMENT-llm+search-e1-b2/round2_validation.json
 create mode 100644 task1/evidence/goal2/runs/g2-development-modes-01/modes/DEVELOPMENT-llm+search-e1-b2/round3_call/attempt01/dispatch.json
 create mode 100644 task1/evidence/goal2/runs/g2-development-modes-01/modes/DEVELOPMENT-llm+search-e1-b2/round3_call/attempt01/input.json
 create mode 100644 task1/evidence/goal2/runs/g2-development-modes-01/modes/DEVELOPMENT-llm+search-e1-b2/round3_call/attempt01/receipt.json
 create mode 100644 task1/evidence/goal2/runs/g2-development-modes-01/modes/DEVELOPMENT-llm+search-e1-b2/round3_call/attempt01/response.json
 create mode 100644 task1/evidence/goal2/runs/g2-development-modes-01/modes/DEVELOPMENT-llm+search-e1-b2/round3_call/attempt01/visible_events.jsonl
 create mode 100644 task1/evidence/goal2/runs/g2-development-modes-01/modes/DEVELOPMENT-llm+search-e1-b2/round3_checkpoint.json
 create mode 100644 task1/evidence/goal2/runs/g2-development-modes-01/modes/DEVELOPMENT-llm+search-e1-b2/round3_context.json
 create mode 100644 task1/evidence/goal2/runs/g2-development-modes-01/modes/DEVELOPMENT-llm+search-e1-b2/round3_validation.json
 create mode 100644 task1/evidence/goal2/runs/g2-development-modes-01/modes/DEVELOPMENT-llm-only-e1-b0/11326_candidate_traces.json.gz
 create mode 100644 task1/evidence/goal2/runs/g2-development-modes-01/modes/DEVELOPMENT-llm-only-e1-b0/11326_lock.json
 create mode 100644 task1/evidence/goal2/runs/g2-development-modes-01/modes/DEVELOPMENT-llm-only-e1-b0/11355_candidate_traces.json.gz
 create mode 100644 task1/evidence/goal2/runs/g2-development-modes-01/modes/DEVELOPMENT-llm-only-e1-b0/11355_lock.json
 create mode 100644 task1/evidence/goal2/runs/g2-development-modes-01/modes/DEVELOPMENT-llm-only-e1-b0/2069_candidate_traces.json.gz
 create mode 100644 task1/evidence/goal2/runs/g2-development-modes-01/modes/DEVELOPMENT-llm-only-e1-b0/2069_lock.json
 create mode 100644 task1/evidence/goal2/runs/g2-development-modes-01/modes/DEVELOPMENT-llm-only-e1-b0/3357_candidate_traces.json.gz
 create mode 100644 task1/evidence/goal2/runs/g2-development-modes-01/modes/DEVELOPMENT-llm-only-e1-b0/3357_lock.json
 create mode 100644 task1/evidence/goal2/runs/g2-development-modes-01/modes/DEVELOPMENT-llm-only-e1-b0/5049_candidate_traces.json.gz
 create mode 100644 task1/evidence/goal2/runs/g2-development-modes-01/modes/DEVELOPMENT-llm-only-e1-b0/5049_lock.json
 create mode 100644 task1/evidence/goal2/runs/g2-development-modes-01/modes/DEVELOPMENT-llm-only-e1-b0/7186_candidate_traces.json.gz
 create mode 100644 task1/evidence/goal2/runs/g2-development-modes-01/modes/DEVELOPMENT-llm-only-e1-b0/7186_lock.json
 create mode 100644 task1/evidence/goal2/runs/g2-development-modes-01/modes/DEVELOPMENT-llm-only-e1-b0/9613_candidate_traces.json.gz
 create mode 100644 task1/evidence/goal2/runs/g2-development-modes-01/modes/DEVELOPMENT-llm-only-e1-b0/9613_lock.json
 create mode 100644 task1/evidence/goal2/runs/g2-development-modes-01/modes/DEVELOPMENT-llm-only-e1-b0/9779_candidate_traces.json.gz
 create mode 100644 task1/evidence/goal2/runs/g2-development-modes-01/modes/DEVELOPMENT-llm-only-e1-b0/9779_lock.json
 create mode 100644 task1/evidence/goal2/runs/g2-development-modes-01/modes/DEVELOPMENT-llm-only-e1-b0/episode.json
 create mode 100644 task1/evidence/goal2/runs/g2-development-modes-01/modes/DEVELOPMENT-llm-only-e1-b0/memory_retrieval.json
 create mode 100644 task1/evidence/goal2/runs/g2-development-modes-01/modes/DEVELOPMENT-llm-only-e1-b0/round1_call/attempt01/dispatch.json
 create mode 100644 task1/evidence/goal2/runs/g2-development-modes-01/modes/DEVELOPMENT-llm-only-e1-b0/round1_call/attempt01/input.json
 create mode 100644 task1/evidence/goal2/runs/g2-development-modes-01/modes/DEVELOPMENT-llm-only-e1-b0/round1_call/attempt01/receipt.json
 create mode 100644 task1/evidence/goal2/runs/g2-development-modes-01/modes/DEVELOPMENT-llm-only-e1-b0/round1_call/attempt01/response.json
 create mode 100644 task1/evidence/goal2/runs/g2-development-modes-01/modes/DEVELOPMENT-llm-only-e1-b0/round1_call/attempt01/visible_events.jsonl
 create mode 100644 task1/evidence/goal2/runs/g2-development-modes-01/modes/DEVELOPMENT-llm-only-e1-b0/round1_checkpoint.json
 create mode 100644 task1/evidence/goal2/runs/g2-development-modes-01/modes/DEVELOPMENT-llm-only-e1-b0/round1_context.json
 create mode 100644 task1/evidence/goal2/runs/g2-development-modes-01/modes/DEVELOPMENT-llm-only-e1-b0/round1_validation.json
 create mode 100644 task1/evidence/goal2/runs/g2-development-modes-01/modes/DEVELOPMENT-llm-only-e1-b1/1076_candidate_traces.json.gz
 create mode 100644 task1/evidence/goal2/runs/g2-development-modes-01/modes/DEVELOPMENT-llm-only-e1-b1/1076_lock.json
 create mode 100644 task1/evidence/goal2/runs/g2-development-modes-01/modes/DEVELOPMENT-llm-only-e1-b1/217_candidate_traces.json.gz
 create mode 100644 task1/evidence/goal2/runs/g2-development-modes-01/modes/DEVELOPMENT-llm-only-e1-b1/217_lock.json
 create mode 100644 task1/evidence/goal2/runs/g2-development-modes-01/modes/DEVELOPMENT-llm-only-e1-b1/2759_candidate_traces.json.gz
 create mode 100644 task1/evidence/goal2/runs/g2-development-modes-01/modes/DEVELOPMENT-llm-only-e1-b1/2759_lock.json
 create mode 100644 task1/evidence/goal2/runs/g2-development-modes-01/modes/DEVELOPMENT-llm-only-e1-b1/4732_candidate_traces.json.gz
 create mode 100644 task1/evidence/goal2/runs/g2-development-modes-01/modes/DEVELOPMENT-llm-only-e1-b1/4732_lock.json
 create mode 100644 task1/evidence/goal2/runs/g2-development-modes-01/modes/DEVELOPMENT-llm-only-e1-b1/5027_candidate_traces.json.gz
 create mode 100644 task1/evidence/goal2/runs/g2-development-modes-01/modes/DEVELOPMENT-llm-only-e1-b1/5027_lock.json
 create mode 100644 task1/evidence/goal2/runs/g2-development-modes-01/modes/DEVELOPMENT-llm-only-e1-b1/5256_candidate_traces.json.gz
 create mode 100644 task1/evidence/goal2/runs/g2-development-modes-01/modes/DEVELOPMENT-llm-only-e1-b1/5256_lock.json
 create mode 100644 task1/evidence/goal2/runs/g2-development-modes-01/modes/DEVELOPMENT-llm-only-e1-b1/9056_candidate_traces.json.gz
 create mode 100644 task1/evidence/goal2/runs/g2-development-modes-01/modes/DEVELOPMENT-llm-only-e1-b1/9056_lock.json
 create mode 100644 task1/evidence/goal2/runs/g2-development-modes-01/modes/DEVELOPMENT-llm-only-e1-b1/9729_candidate_traces.json.gz
 create mode 100644 task1/evidence/goal2/runs/g2-development-modes-01/modes/DEVELOPMENT-llm-only-e1-b1/9729_lock.json
 create mode 100644 task1/evidence/goal2/runs/g2-development-modes-01/modes/DEVELOPMENT-llm-only-e1-b1/episode.json
 create mode 100644 task1/evidence/goal2/runs/g2-development-modes-01/modes/DEVELOPMENT-llm-only-e1-b1/memory_retrieval.json
 create mode 100644 task1/evidence/goal2/runs/g2-development-modes-01/modes/DEVELOPMENT-llm-only-e1-b1/round1_call/attempt01/dispatch.json
 create mode 100644 task1/evidence/goal2/runs/g2-development-modes-01/modes/DEVELOPMENT-llm-only-e1-b1/round1_call/attempt01/input.json
 create mode 100644 task1/evidence/goal2/runs/g2-development-modes-01/modes/DEVELOPMENT-llm-only-e1-b1/round1_call/attempt01/receipt.json
 create mode 100644 task1/evidence/goal2/runs/g2-development-modes-01/modes/DEVELOPMENT-llm-only-e1-b1/round1_call/attempt01/response.json
 create mode 100644 task1/evidence/goal2/runs/g2-development-modes-01/modes/DEVELOPMENT-llm-only-e1-b1/round1_call/attempt01/visible_events.jsonl
 create mode 100644 task1/evidence/goal2/runs/g2-development-modes-01/modes/DEVELOPMENT-llm-only-e1-b1/round1_checkpoint.json
 create mode 100644 task1/evidence/goal2/runs/g2-development-modes-01/modes/DEVELOPMENT-llm-only-e1-b1/round1_context.json
 create mode 100644 task1/evidence/goal2/runs/g2-development-modes-01/modes/DEVELOPMENT-llm-only-e1-b1/round1_validation.json
 create mode 100644 task1/evidence/goal2/runs/g2-development-modes-01/modes/DEVELOPMENT-llm-only-e1-b2/10232_candidate_traces.json.gz
 create mode 100644 task1/evidence/goal2/runs/g2-development-modes-01/modes/DEVELOPMENT-llm-only-e1-b2/10232_lock.json
 create mode 100644 task1/evidence/goal2/runs/g2-development-modes-01/modes/DEVELOPMENT-llm-only-e1-b2/10796_candidate_traces.json.gz
 create mode 100644 task1/evidence/goal2/runs/g2-development-modes-01/modes/DEVELOPMENT-llm-only-e1-b2/10796_lock.json
 create mode 100644 task1/evidence/goal2/runs/g2-development-modes-01/modes/DEVELOPMENT-llm-only-e1-b2/4805_candidate_traces.json.gz
 create mode 100644 task1/evidence/goal2/runs/g2-development-modes-01/modes/DEVELOPMENT-llm-only-e1-b2/4805_lock.json
 create mode 100644 task1/evidence/goal2/runs/g2-development-modes-01/modes/DEVELOPMENT-llm-only-e1-b2/4953_candidate_traces.json.gz
 create mode 100644 task1/evidence/goal2/runs/g2-development-modes-01/modes/DEVELOPMENT-llm-only-e1-b2/4953_lock.json
 create mode 100644 task1/evidence/goal2/runs/g2-development-modes-01/modes/DEVELOPMENT-llm-only-e1-b2/5029_candidate_traces.json.gz
 create mode 100644 task1/evidence/goal2/runs/g2-development-modes-01/modes/DEVELOPMENT-llm-only-e1-b2/5029_lock.json
 create mode 100644 task1/evidence/goal2/runs/g2-development-modes-01/modes/DEVELOPMENT-llm-only-e1-b2/6556_candidate_traces.json.gz
 create mode 100644 task1/evidence/goal2/runs/g2-development-modes-01/modes/DEVELOPMENT-llm-only-e1-b2/6556_lock.json
 create mode 100644 task1/evidence/goal2/runs/g2-development-modes-01/modes/DEVELOPMENT-llm-only-e1-b2/7764_candidate_traces.json.gz
 create mode 100644 task1/evidence/goal2/runs/g2-development-modes-01/modes/DEVELOPMENT-llm-only-e1-b2/7764_lock.json
 create mode 100644 task1/evidence/goal2/runs/g2-development-modes-01/modes/DEVELOPMENT-llm-only-e1-b2/82_candidate_traces.json.gz
 create mode 100644 task1/evidence/goal2/runs/g2-development-modes-01/modes/DEVELOPMENT-llm-only-e1-b2/82_lock.json
 create mode 100644 task1/evidence/goal2/runs/g2-development-modes-01/modes/DEVELOPMENT-llm-only-e1-b2/episode.json
 create mode 100644 task1/evidence/goal2/runs/g2-development-modes-01/modes/DEVELOPMENT-llm-only-e1-b2/memory_retrieval.json
 create mode 100644 task1/evidence/goal2/runs/g2-development-modes-01/modes/DEVELOPMENT-llm-only-e1-b2/round1_call/attempt01/dispatch.json
 create mode 100644 task1/evidence/goal2/runs/g2-development-modes-01/modes/DEVELOPMENT-llm-only-e1-b2/round1_call/attempt01/input.json
 create mode 100644 task1/evidence/goal2/runs/g2-development-modes-01/modes/DEVELOPMENT-llm-only-e1-b2/round1_call/attempt01/receipt.json
 create mode 100644 task1/evidence/goal2/runs/g2-development-modes-01/modes/DEVELOPMENT-llm-only-e1-b2/round1_call/attempt01/response.json
 create mode 100644 task1/evidence/goal2/runs/g2-development-modes-01/modes/DEVELOPMENT-llm-only-e1-b2/round1_call/attempt01/visible_events.jsonl
 create mode 100644 task1/evidence/goal2/runs/g2-development-modes-01/modes/DEVELOPMENT-llm-only-e1-b2/round1_checkpoint.json
 create mode 100644 task1/evidence/goal2/runs/g2-development-modes-01/modes/DEVELOPMENT-llm-only-e1-b2/round1_context.json
 create mode 100644 task1/evidence/goal2/runs/g2-development-modes-01/modes/DEVELOPMENT-llm-only-e1-b2/round1_validation.json
 create mode 100644 task1/evidence/goal2/runs/g2-development-modes-01/modes/DEVELOPMENT-search-only-e1-b0/11326_candidate_traces.json.gz
 create mode 100644 task1/evidence/goal2/runs/g2-development-modes-01/modes/DEVELOPMENT-search-only-e1-b0/11326_lock.json
 create mode 100644 task1/evidence/goal2/runs/g2-development-modes-01/modes/DEVELOPMENT-search-only-e1-b0/11355_candidate_traces.json.gz
 create mode 100644 task1/evidence/goal2/runs/g2-development-modes-01/modes/DEVELOPMENT-search-only-e1-b0/11355_lock.json
 create mode 100644 task1/evidence/goal2/runs/g2-development-modes-01/modes/DEVELOPMENT-search-only-e1-b0/2069_candidate_traces.json.gz
 create mode 100644 task1/evidence/goal2/runs/g2-development-modes-01/modes/DEVELOPMENT-search-only-e1-b0/2069_lock.json
 create mode 100644 task1/evidence/goal2/runs/g2-development-modes-01/modes/DEVELOPMENT-search-only-e1-b0/3357_candidate_traces.json.gz
 create mode 100644 task1/evidence/goal2/runs/g2-development-modes-01/modes/DEVELOPMENT-search-only-e1-b0/3357_lock.json
 create mode 100644 task1/evidence/goal2/runs/g2-development-modes-01/modes/DEVELOPMENT-search-only-e1-b0/5049_candidate_traces.json.gz
 create mode 100644 task1/evidence/goal2/runs/g2-development-modes-01/modes/DEVELOPMENT-search-only-e1-b0/5049_lock.json
 create mode 100644 task1/evidence/goal2/runs/g2-development-modes-01/modes/DEVELOPMENT-search-only-e1-b0/7186_candidate_traces.json.gz
 create mode 100644 task1/evidence/goal2/runs/g2-development-modes-01/modes/DEVELOPMENT-search-only-e1-b0/7186_lock.json
 create mode 100644 task1/evidence/goal2/runs/g2-development-modes-01/modes/DEVELOPMENT-search-only-e1-b0/9613_candidate_traces.json.gz
 create mode 100644 task1/evidence/goal2/runs/g2-development-modes-01/modes/DEVELOPMENT-search-only-e1-b0/9613_lock.json
 create mode 100644 task1/evidence/goal2/runs/g2-development-modes-01/modes/DEVELOPMENT-search-only-e1-b0/9779_candidate_traces.json.gz
 create mode 100644 task1/evidence/goal2/runs/g2-development-modes-01/modes/DEVELOPMENT-search-only-e1-b0/9779_lock.json
 create mode 100644 task1/evidence/goal2/runs/g2-development-modes-01/modes/DEVELOPMENT-search-only-e1-b0/episode.json
 create mode 100644 task1/evidence/goal2/runs/g2-development-modes-01/modes/DEVELOPMENT-search-only-e1-b1/1076_candidate_traces.json.gz
 create mode 100644 task1/evidence/goal2/runs/g2-development-modes-01/modes/DEVELOPMENT-search-only-e1-b1/1076_lock.json
 create mode 100644 task1/evidence/goal2/runs/g2-development-modes-01/modes/DEVELOPMENT-search-only-e1-b1/217_candidate_traces.json.gz
 create mode 100644 task1/evidence/goal2/runs/g2-development-modes-01/modes/DEVELOPMENT-search-only-e1-b1/217_lock.json
 create mode 100644 task1/evidence/goal2/runs/g2-development-modes-01/modes/DEVELOPMENT-search-only-e1-b1/2759_candidate_traces.json.gz
 create mode 100644 task1/evidence/goal2/runs/g2-development-modes-01/modes/DEVELOPMENT-search-only-e1-b1/2759_lock.json
 create mode 100644 task1/evidence/goal2/runs/g2-development-modes-01/modes/DEVELOPMENT-search-only-e1-b1/4732_candidate_traces.json.gz
 create mode 100644 task1/evidence/goal2/runs/g2-development-modes-01/modes/DEVELOPMENT-search-only-e1-b1/4732_lock.json
 create mode 100644 task1/evidence/goal2/runs/g2-development-modes-01/modes/DEVELOPMENT-search-only-e1-b1/5027_candidate_traces.json.gz
 create mode 100644 task1/evidence/goal2/runs/g2-development-modes-01/modes/DEVELOPMENT-search-only-e1-b1/5027_lock.json
 create mode 100644 task1/evidence/goal2/runs/g2-development-modes-01/modes/DEVELOPMENT-search-only-e1-b1/5256_candidate_traces.json.gz
 create mode 100644 task1/evidence/goal2/runs/g2-development-modes-01/modes/DEVELOPMENT-search-only-e1-b1/5256_lock.json
 create mode 100644 task1/evidence/goal2/runs/g2-development-modes-01/modes/DEVELOPMENT-search-only-e1-b1/9056_candidate_traces.json.gz
 create mode 100644 task1/evidence/goal2/runs/g2-development-modes-01/modes/DEVELOPMENT-search-only-e1-b1/9056_lock.json
 create mode 100644 task1/evidence/goal2/runs/g2-development-modes-01/modes/DEVELOPMENT-search-only-e1-b1/9729_candidate_traces.json.gz
 create mode 100644 task1/evidence/goal2/runs/g2-development-modes-01/modes/DEVELOPMENT-search-only-e1-b1/9729_lock.json
 create mode 100644 task1/evidence/goal2/runs/g2-development-modes-01/modes/DEVELOPMENT-search-only-e1-b1/episode.json
 create mode 100644 task1/evidence/goal2/runs/g2-development-modes-01/modes/DEVELOPMENT-search-only-e1-b2/10232_candidate_traces.json.gz
 create mode 100644 task1/evidence/goal2/runs/g2-development-modes-01/modes/DEVELOPMENT-search-only-e1-b2/10232_lock.json
 create mode 100644 task1/evidence/goal2/runs/g2-development-modes-01/modes/DEVELOPMENT-search-only-e1-b2/10796_candidate_traces.json.gz
 create mode 100644 task1/evidence/goal2/runs/g2-development-modes-01/modes/DEVELOPMENT-search-only-e1-b2/10796_lock.json
 create mode 100644 task1/evidence/goal2/runs/g2-development-modes-01/modes/DEVELOPMENT-search-only-e1-b2/4805_candidate_traces.json.gz
 create mode 100644 task1/evidence/goal2/runs/g2-development-modes-01/modes/DEVELOPMENT-search-only-e1-b2/4805_lock.json
 create mode 100644 task1/evidence/goal2/runs/g2-development-modes-01/modes/DEVELOPMENT-search-only-e1-b2/4953_candidate_traces.json.gz
 create mode 100644 task1/evidence/goal2/runs/g2-development-modes-01/modes/DEVELOPMENT-search-only-e1-b2/4953_lock.json
 create mode 100644 task1/evidence/goal2/runs/g2-development-modes-01/modes/DEVELOPMENT-search-only-e1-b2/5029_candidate_traces.json.gz
 create mode 100644 task1/evidence/goal2/runs/g2-development-modes-01/modes/DEVELOPMENT-search-only-e1-b2/5029_lock.json
 create mode 100644 task1/evidence/goal2/runs/g2-development-modes-01/modes/DEVELOPMENT-search-only-e1-b2/6556_candidate_traces.json.gz
 create mode 100644 task1/evidence/goal2/runs/g2-development-modes-01/modes/DEVELOPMENT-search-only-e1-b2/6556_lock.json
 create mode 100644 task1/evidence/goal2/runs/g2-development-modes-01/modes/DEVELOPMENT-search-only-e1-b2/7764_candidate_traces.json.gz
 create mode 100644 task1/evidence/goal2/runs/g2-development-modes-01/modes/DEVELOPMENT-search-only-e1-b2/7764_lock.json
 create mode 100644 task1/evidence/goal2/runs/g2-development-modes-01/modes/DEVELOPMENT-search-only-e1-b2/82_candidate_traces.json.gz
 create mode 100644 task1/evidence/goal2/runs/g2-development-modes-01/modes/DEVELOPMENT-search-only-e1-b2/82_lock.json
 create mode 100644 task1/evidence/goal2/runs/g2-development-modes-01/modes/DEVELOPMENT-search-only-e1-b2/episode.json
 create mode 100644 task1/evidence/goal2/runs/g2-development-modes-02/manifest.json
 create mode 100644 task1/evidence/goal2/runs/g2-development-modes-02/modes/DEVELOPMENT-llm+memory+search-e1-b0/11326_candidate_traces.json.gz
 create mode 100644 task1/evidence/goal2/runs/g2-development-modes-02/modes/DEVELOPMENT-llm+memory+search-e1-b0/11326_lock.json
 create mode 100644 task1/evidence/goal2/runs/g2-development-modes-02/modes/DEVELOPMENT-llm+memory+search-e1-b0/11355_candidate_traces.json.gz
 create mode 100644 task1/evidence/goal2/runs/g2-development-modes-02/modes/DEVELOPMENT-llm+memory+search-e1-b0/11355_lock.json
 create mode 100644 task1/evidence/goal2/runs/g2-development-modes-02/modes/DEVELOPMENT-llm+memory+search-e1-b0/2069_candidate_traces.json.gz
 create mode 100644 task1/evidence/goal2/runs/g2-development-modes-02/modes/DEVELOPMENT-llm+memory+search-e1-b0/2069_lock.json
 create mode 100644 task1/evidence/goal2/runs/g2-development-modes-02/modes/DEVELOPMENT-llm+memory+search-e1-b0/3357_candidate_traces.json.gz
 create mode 100644 task1/evidence/goal2/runs/g2-development-modes-02/modes/DEVELOPMENT-llm+memory+search-e1-b0/3357_lock.json
 create mode 100644 task1/evidence/goal2/runs/g2-development-modes-02/modes/DEVELOPMENT-llm+memory+search-e1-b0/5049_candidate_traces.json.gz
 create mode 100644 task1/evidence/goal2/runs/g2-development-modes-02/modes/DEVELOPMENT-llm+memory+search-e1-b0/5049_lock.json
 create mode 100644 task1/evidence/goal2/runs/g2-development-modes-02/modes/DEVELOPMENT-llm+memory+search-e1-b0/7186_candidate_traces.json.gz
 create mode 100644 task1/evidence/goal2/runs/g2-development-modes-02/modes/DEVELOPMENT-llm+memory+search-e1-b0/7186_lock.json
 create mode 100644 task1/evidence/goal2/runs/g2-development-modes-02/modes/DEVELOPMENT-llm+memory+search-e1-b0/9613_candidate_traces.json.gz
 create mode 100644 task1/evidence/goal2/runs/g2-development-modes-02/modes/DEVELOPMENT-llm+memory+search-e1-b0/9613_lock.json
 create mode 100644 task1/evidence/goal2/runs/g2-development-modes-02/modes/DEVELOPMENT-llm+memory+search-e1-b0/9779_candidate_traces.json.gz
 create mode 100644 task1/evidence/goal2/runs/g2-development-modes-02/modes/DEVELOPMENT-llm+memory+search-e1-b0/9779_lock.json
 create mode 100644 task1/evidence/goal2/runs/g2-development-modes-02/modes/DEVELOPMENT-llm+memory+search-e1-b0/episode.json
 create mode 100644 task1/evidence/goal2/runs/g2-development-modes-02/modes/DEVELOPMENT-llm+memory+search-e1-b0/memory_retrieval.json
 create mode 100644 task1/evidence/goal2/runs/g2-development-modes-02/modes/DEVELOPMENT-llm+memory+search-e1-b0/round1_call/attempt01/dispatch.json
 create mode 100644 task1/evidence/goal2/runs/g2-development-modes-02/modes/DEVELOPMENT-llm+memory+search-e1-b0/round1_call/attempt01/input.json
 create mode 100644 task1/evidence/goal2/runs/g2-development-modes-02/modes/DEVELOPMENT-llm+memory+search-e1-b0/round1_call/attempt01/receipt.json
 create mode 100644 task1/evidence/goal2/runs/g2-development-modes-02/modes/DEVELOPMENT-llm+memory+search-e1-b0/round1_call/attempt01/response.json
 create mode 100644 task1/evidence/goal2/runs/g2-development-modes-02/modes/DEVELOPMENT-llm+memory+search-e1-b0/round1_call/attempt01/visible_events.jsonl
 create mode 100644 task1/evidence/goal2/runs/g2-development-modes-02/modes/DEVELOPMENT-llm+memory+search-e1-b0/round1_checkpoint.json
 create mode 100644 task1/evidence/goal2/runs/g2-development-modes-02/modes/DEVELOPMENT-llm+memory+search-e1-b0/round1_context.json
 create mode 100644 task1/evidence/goal2/runs/g2-development-modes-02/modes/DEVELOPMENT-llm+memory+search-e1-b0/round1_validation.json
 create mode 100644 task1/evidence/goal2/runs/g2-development-modes-02/modes/DEVELOPMENT-llm+memory+search-e1-b0/round2_call/attempt01/dispatch.json
 create mode 100644 task1/evidence/goal2/runs/g2-development-modes-02/modes/DEVELOPMENT-llm+memory+search-e1-b0/round2_call/attempt01/input.json
 create mode 100644 task1/evidence/goal2/runs/g2-development-modes-02/modes/DEVELOPMENT-llm+memory+search-e1-b0/round2_call/attempt01/receipt.json
 create mode 100644 task1/evidence/goal2/runs/g2-development-modes-02/modes/DEVELOPMENT-llm+memory+search-e1-b0/round2_call/attempt01/response.json
 create mode 100644 task1/evidence/goal2/runs/g2-development-modes-02/modes/DEVELOPMENT-llm+memory+search-e1-b0/round2_call/attempt01/visible_events.jsonl
 create mode 100644 task1/evidence/goal2/runs/g2-development-modes-02/modes/DEVELOPMENT-llm+memory+search-e1-b0/round2_checkpoint.json
 create mode 100644 task1/evidence/goal2/runs/g2-development-modes-02/modes/DEVELOPMENT-llm+memory+search-e1-b0/round2_context.json
 create mode 100644 task1/evidence/goal2/runs/g2-development-modes-02/modes/DEVELOPMENT-llm+memory+search-e1-b0/round2_validation.json
 create mode 100644 task1/evidence/goal2/runs/g2-development-modes-02/modes/DEVELOPMENT-llm+memory+search-e1-b0/round3_call/attempt01/dispatch.json
 create mode 100644 task1/evidence/goal2/runs/g2-development-modes-02/modes/DEVELOPMENT-llm+memory+search-e1-b0/round3_call/attempt01/input.json
 create mode 100644 task1/evidence/goal2/runs/g2-development-modes-02/modes/DEVELOPMENT-llm+memory+search-e1-b0/round3_call/attempt01/receipt.json
 create mode 100644 task1/evidence/goal2/runs/g2-development-modes-02/modes/DEVELOPMENT-llm+memory+search-e1-b0/round3_call/attempt01/response.json
 create mode 100644 task1/evidence/goal2/runs/g2-development-modes-02/modes/DEVELOPMENT-llm+memory+search-e1-b0/round3_call/attempt01/visible_events.jsonl
 create mode 100644 task1/evidence/goal2/runs/g2-development-modes-02/modes/DEVELOPMENT-llm+memory+search-e1-b0/round3_checkpoint.json
 create mode 100644 task1/evidence/goal2/runs/g2-development-modes-02/modes/DEVELOPMENT-llm+memory+search-e1-b0/round3_context.json
 create mode 100644 task1/evidence/goal2/runs/g2-development-modes-02/modes/DEVELOPMENT-llm+memory+search-e1-b0/round3_validation.json
 create mode 100644 task1/evidence/goal2/runs/g2-development-modes-02/modes/DEVELOPMENT-llm+memory+search-e1-b1/1076_candidate_traces.json.gz
 create mode 100644 task1/evidence/goal2/runs/g2-development-modes-02/modes/DEVELOPMENT-llm+memory+search-e1-b1/1076_lock.json
 create mode 100644 task1/evidence/goal2/runs/g2-development-modes-02/modes/DEVELOPMENT-llm+memory+search-e1-b1/217_candidate_traces.json.gz
 create mode 100644 task1/evidence/goal2/runs/g2-development-modes-02/modes/DEVELOPMENT-llm+memory+search-e1-b1/217_lock.json
 create mode 100644 task1/evidence/goal2/runs/g2-development-modes-02/modes/DEVELOPMENT-llm+memory+search-e1-b1/2759_candidate_traces.json.gz
 create mode 100644 task1/evidence/goal2/runs/g2-development-modes-02/modes/DEVELOPMENT-llm+memory+search-e1-b1/2759_lock.json
 create mode 100644 task1/evidence/goal2/runs/g2-development-modes-02/modes/DEVELOPMENT-llm+memory+search-e1-b1/4732_candidate_traces.json.gz
 create mode 100644 task1/evidence/goal2/runs/g2-development-modes-02/modes/DEVELOPMENT-llm+memory+search-e1-b1/4732_lock.json
 create mode 100644 task1/evidence/goal2/runs/g2-development-modes-02/modes/DEVELOPMENT-llm+memory+search-e1-b1/5027_candidate_traces.json.gz
 create mode 100644 task1/evidence/goal2/runs/g2-development-modes-02/modes/DEVELOPMENT-llm+memory+search-e1-b1/5027_lock.json
 create mode 100644 task1/evidence/goal2/runs/g2-development-modes-02/modes/DEVELOPMENT-llm+memory+search-e1-b1/5256_candidate_traces.json.gz
 create mode 100644 task1/evidence/goal2/runs/g2-development-modes-02/modes/DEVELOPMENT-llm+memory+search-e1-b1/5256_lock.json
 create mode 100644 task1/evidence/goal2/runs/g2-development-modes-02/modes/DEVELOPMENT-llm+memory+search-e1-b1/9056_candidate_traces.json.gz
 create mode 100644 task1/evidence/goal2/runs/g2-development-modes-02/modes/DEVELOPMENT-llm+memory+search-e1-b1/9056_lock.json
 create mode 100644 task1/evidence/goal2/runs/g2-development-modes-02/modes/DEVELOPMENT-llm+memory+search-e1-b1/9729_candidate_traces.json.gz
 create mode 100644 task1/evidence/goal2/runs/g2-development-modes-02/modes/DEVELOPMENT-llm+memory+search-e1-b1/9729_lock.json
 create mode 100644 task1/evidence/goal2/runs/g2-development-modes-02/modes/DEVELOPMENT-llm+memory+search-e1-b1/episode.json
 create mode 100644 task1/evidence/goal2/runs/g2-development-modes-02/modes/DEVELOPMENT-llm+memory+search-e1-b1/memory_retrieval.json
 create mode 100644 task1/evidence/goal2/runs/g2-development-modes-02/modes/DEVELOPMENT-llm+memory+search-e1-b1/round1_call/attempt01/dispatch.json
 create mode 100644 task1/evidence/goal2/runs/g2-development-modes-02/modes/DEVELOPMENT-llm+memory+search-e1-b1/round1_call/attempt01/input.json
 create mode 100644 task1/evidence/goal2/runs/g2-development-modes-02/modes/DEVELOPMENT-llm+memory+search-e1-b1/round1_call/attempt01/receipt.json
 create mode 100644 task1/evidence/goal2/runs/g2-development-modes-02/modes/DEVELOPMENT-llm+memory+search-e1-b1/round1_call/attempt01/response.json
 create mode 100644 task1/evidence/goal2/runs/g2-development-modes-02/modes/DEVELOPMENT-llm+memory+search-e1-b1/round1_call/attempt01/visible_events.jsonl
 create mode 100644 task1/evidence/goal2/runs/g2-development-modes-02/modes/DEVELOPMENT-llm+memory+search-e1-b1/round1_checkpoint.json
 create mode 100644 task1/evidence/goal2/runs/g2-development-modes-02/modes/DEVELOPMENT-llm+memory+search-e1-b1/round1_context.json
 create mode 100644 task1/evidence/goal2/runs/g2-development-modes-02/modes/DEVELOPMENT-llm+memory+search-e1-b1/round1_validation.json
 create mode 100644 task1/evidence/goal2/runs/g2-development-modes-02/modes/DEVELOPMENT-llm+memory+search-e1-b1/round2_call/attempt01/dispatch.json
 create mode 100644 task1/evidence/goal2/runs/g2-development-modes-02/modes/DEVELOPMENT-llm+memory+search-e1-b1/round2_call/attempt01/input.json
 create mode 100644 task1/evidence/goal2/runs/g2-development-modes-02/modes/DEVELOPMENT-llm+memory+search-e1-b1/round2_call/attempt01/receipt.json
 create mode 100644 task1/evidence/goal2/runs/g2-development-modes-02/modes/DEVELOPMENT-llm+memory+search-e1-b1/round2_call/attempt01/response.json
 create mode 100644 task1/evidence/goal2/runs/g2-development-modes-02/modes/DEVELOPMENT-llm+memory+search-e1-b1/round2_call/attempt01/visible_events.jsonl
 create mode 100644 task1/evidence/goal2/runs/g2-development-modes-02/modes/DEVELOPMENT-llm+memory+search-e1-b1/round2_checkpoint.json
 create mode 100644 task1/evidence/goal2/runs/g2-development-modes-02/modes/DEVELOPMENT-llm+memory+search-e1-b1/round2_context.json
 create mode 100644 task1/evidence/goal2/runs/g2-development-modes-02/modes/DEVELOPMENT-llm+memory+search-e1-b1/round2_validation.json
 create mode 100644 task1/evidence/goal2/runs/g2-development-modes-02/modes/DEVELOPMENT-llm+memory+search-e1-b1/round3_call/attempt01/dispatch.json
 create mode 100644 task1/evidence/goal2/runs/g2-development-modes-02/modes/DEVELOPMENT-llm+memory+search-e1-b1/round3_call/attempt01/input.json
 create mode 100644 task1/evidence/goal2/runs/g2-development-modes-02/modes/DEVELOPMENT-llm+memory+search-e1-b1/round3_call/attempt01/receipt.json
 create mode 100644 task1/evidence/goal2/runs/g2-development-modes-02/modes/DEVELOPMENT-llm+memory+search-e1-b1/round3_call/attempt01/response.json
 create mode 100644 task1/evidence/goal2/runs/g2-development-modes-02/modes/DEVELOPMENT-llm+memory+search-e1-b1/round3_call/attempt01/visible_events.jsonl
 create mode 100644 task1/evidence/goal2/runs/g2-development-modes-02/modes/DEVELOPMENT-llm+memory+search-e1-b1/round3_checkpoint.json
 create mode 100644 task1/evidence/goal2/runs/g2-development-modes-02/modes/DEVELOPMENT-llm+memory+search-e1-b1/round3_context.json
 create mode 100644 task1/evidence/goal2/runs/g2-development-modes-02/modes/DEVELOPMENT-llm+memory+search-e1-b1/round3_validation.json
 create mode 100644 task1/evidence/goal2/runs/g2-development-modes-02/modes/DEVELOPMENT-llm+memory+search-e1-b2/10232_candidate_traces.json.gz
 create mode 100644 task1/evidence/goal2/runs/g2-development-modes-02/modes/DEVELOPMENT-llm+memory+search-e1-b2/10232_lock.json
 create mode 100644 task1/evidence/goal2/runs/g2-development-modes-02/modes/DEVELOPMENT-llm+memory+search-e1-b2/10796_candidate_traces.json.gz
 create mode 100644 task1/evidence/goal2/runs/g2-development-modes-02/modes/DEVELOPMENT-llm+memory+search-e1-b2/10796_lock.json
 create mode 100644 task1/evidence/goal2/runs/g2-development-modes-02/modes/DEVELOPMENT-llm+memory+search-e1-b2/4805_candidate_traces.json.gz
 create mode 100644 task1/evidence/goal2/runs/g2-development-modes-02/modes/DEVELOPMENT-llm+memory+search-e1-b2/4805_lock.json
 create mode 100644 task1/evidence/goal2/runs/g2-development-modes-02/modes/DEVELOPMENT-llm+memory+search-e1-b2/4953_candidate_traces.json.gz
 create mode 100644 task1/evidence/goal2/runs/g2-development-modes-02/modes/DEVELOPMENT-llm+memory+search-e1-b2/4953_lock.json
 create mode 100644 task1/evidence/goal2/runs/g2-development-modes-02/modes/DEVELOPMENT-llm+memory+search-e1-b2/5029_candidate_traces.json.gz
 create mode 100644 task1/evidence/goal2/runs/g2-development-modes-02/modes/DEVELOPMENT-llm+memory+search-e1-b2/5029_lock.json
 create mode 100644 task1/evidence/goal2/runs/g2-development-modes-02/modes/DEVELOPMENT-llm+memory+search-e1-b2/6556_candidate_traces.json.gz
 create mode 100644 task1/evidence/goal2/runs/g2-development-modes-02/modes/DEVELOPMENT-llm+memory+search-e1-b2/6556_lock.json
 create mode 100644 task1/evidence/goal2/runs/g2-development-modes-02/modes/DEVELOPMENT-llm+memory+search-e1-b2/7764_candidate_traces.json.gz
 create mode 100644 task1/evidence/goal2/runs/g2-development-modes-02/modes/DEVELOPMENT-llm+memory+search-e1-b2/7764_lock.json
 create mode 100644 task1/evidence/goal2/runs/g2-development-modes-02/modes/DEVELOPMENT-llm+memory+search-e1-b2/82_candidate_traces.json.gz
 create mode 100644 task1/evidence/goal2/runs/g2-development-modes-02/modes/DEVELOPMENT-llm+memory+search-e1-b2/82_lock.json
 create mode 100644 task1/evidence/goal2/runs/g2-development-modes-02/modes/DEVELOPMENT-llm+memory+search-e1-b2/episode.json
 create mode 100644 task1/evidence/goal2/runs/g2-development-modes-02/modes/DEVELOPMENT-llm+memory+search-e1-b2/memory_retrieval.json
 create mode 100644 task1/evidence/goal2/runs/g2-development-modes-02/modes/DEVELOPMENT-llm+memory+search-e1-b2/round1_call/attempt01/dispatch.json
 create mode 100644 task1/evidence/goal2/runs/g2-development-modes-02/modes/DEVELOPMENT-llm+memory+search-e1-b2/round1_call/attempt01/input.json
 create mode 100644 task1/evidence/goal2/runs/g2-development-modes-02/modes/DEVELOPMENT-llm+memory+search-e1-b2/round1_call/attempt01/receipt.json
 create mode 100644 task1/evidence/goal2/runs/g2-development-modes-02/modes/DEVELOPMENT-llm+memory+search-e1-b2/round1_call/attempt01/response.json
 create mode 100644 task1/evidence/goal2/runs/g2-development-modes-02/modes/DEVELOPMENT-llm+memory+search-e1-b2/round1_call/attempt01/visible_events.jsonl
 create mode 100644 task1/evidence/goal2/runs/g2-development-modes-02/modes/DEVELOPMENT-llm+memory+search-e1-b2/round1_checkpoint.json
 create mode 100644 task1/evidence/goal2/runs/g2-development-modes-02/modes/DEVELOPMENT-llm+memory+search-e1-b2/round1_context.json
 create mode 100644 task1/evidence/goal2/runs/g2-development-modes-02/modes/DEVELOPMENT-llm+memory+search-e1-b2/round1_validation.json
 create mode 100644 task1/evidence/goal2/runs/g2-development-modes-02/modes/DEVELOPMENT-llm+memory+search-e1-b2/round2_call/attempt01/dispatch.json
 create mode 100644 task1/evidence/goal2/runs/g2-development-modes-02/modes/DEVELOPMENT-llm+memory+search-e1-b2/round2_call/attempt01/input.json
 create mode 100644 task1/evidence/goal2/runs/g2-development-modes-02/modes/DEVELOPMENT-llm+memory+search-e1-b2/round2_call/attempt01/receipt.json
 create mode 100644 task1/evidence/goal2/runs/g2-development-modes-02/modes/DEVELOPMENT-llm+memory+search-e1-b2/round2_call/attempt01/response.json
 create mode 100644 task1/evidence/goal2/runs/g2-development-modes-02/modes/DEVELOPMENT-llm+memory+search-e1-b2/round2_call/attempt01/visible_events.jsonl
 create mode 100644 task1/evidence/goal2/runs/g2-development-modes-02/modes/DEVELOPMENT-llm+memory+search-e1-b2/round2_checkpoint.json
 create mode 100644 task1/evidence/goal2/runs/g2-development-modes-02/modes/DEVELOPMENT-llm+memory+search-e1-b2/round2_context.json
 create mode 100644 task1/evidence/goal2/runs/g2-development-modes-02/modes/DEVELOPMENT-llm+memory+search-e1-b2/round2_validation.json
 create mode 100644 task1/evidence/goal2/runs/g2-development-modes-02/modes/DEVELOPMENT-llm+memory+search-e1-b2/round3_call/attempt01/dispatch.json
 create mode 100644 task1/evidence/goal2/runs/g2-development-modes-02/modes/DEVELOPMENT-llm+memory+search-e1-b2/round3_call/attempt01/input.json
 create mode 100644 task1/evidence/goal2/runs/g2-development-modes-02/modes/DEVELOPMENT-llm+memory+search-e1-b2/round3_call/attempt01/receipt.json
 create mode 100644 task1/evidence/goal2/runs/g2-development-modes-02/modes/DEVELOPMENT-llm+memory+search-e1-b2/round3_call/attempt01/response.json
 create mode 100644 task1/evidence/goal2/runs/g2-development-modes-02/modes/DEVELOPMENT-llm+memory+search-e1-b2/round3_call/attempt01/visible_events.jsonl
 create mode 100644 task1/evidence/goal2/runs/g2-development-modes-02/modes/DEVELOPMENT-llm+memory+search-e1-b2/round3_checkpoint.json
 create mode 100644 task1/evidence/goal2/runs/g2-development-modes-02/modes/DEVELOPMENT-llm+memory+search-e1-b2/round3_context.json
 create mode 100644 task1/evidence/goal2/runs/g2-development-modes-02/modes/DEVELOPMENT-llm+memory+search-e1-b2/round3_validation.json
 create mode 100644 task1/evidence/goal2/runs/g2-development-modes-02/modes/DEVELOPMENT-llm+search-e1-b0/11326_candidate_traces.json.gz
 create mode 100644 task1/evidence/goal2/runs/g2-development-modes-02/modes/DEVELOPMENT-llm+search-e1-b0/11326_lock.json
 create mode 100644 task1/evidence/goal2/runs/g2-development-modes-02/modes/DEVELOPMENT-llm+search-e1-b0/11355_candidate_traces.json.gz
 create mode 100644 task1/evidence/goal2/runs/g2-development-modes-02/modes/DEVELOPMENT-llm+search-e1-b0/11355_lock.json
 create mode 100644 task1/evidence/goal2/runs/g2-development-modes-02/modes/DEVELOPMENT-llm+search-e1-b0/2069_candidate_traces.json.gz
 create mode 100644 task1/evidence/goal2/runs/g2-development-modes-02/modes/DEVELOPMENT-llm+search-e1-b0/2069_lock.json
 create mode 100644 task1/evidence/goal2/runs/g2-development-modes-02/modes/DEVELOPMENT-llm+search-e1-b0/3357_candidate_traces.json.gz
 create mode 100644 task1/evidence/goal2/runs/g2-development-modes-02/modes/DEVELOPMENT-llm+search-e1-b0/3357_lock.json
 create mode 100644 task1/evidence/goal2/runs/g2-development-modes-02/modes/DEVELOPMENT-llm+search-e1-b0/5049_candidate_traces.json.gz
 create mode 100644 task1/evidence/goal2/runs/g2-development-modes-02/modes/DEVELOPMENT-llm+search-e1-b0/5049_lock.json
 create mode 100644 task1/evidence/goal2/runs/g2-development-modes-02/modes/DEVELOPMENT-llm+search-e1-b0/7186_candidate_traces.json.gz
 create mode 100644 task1/evidence/goal2/runs/g2-development-modes-02/modes/DEVELOPMENT-llm+search-e1-b0/7186_lock.json
 create mode 100644 task1/evidence/goal2/runs/g2-development-modes-02/modes/DEVELOPMENT-llm+search-e1-b0/9613_candidate_traces.json.gz
 create mode 100644 task1/evidence/goal2/runs/g2-development-modes-02/modes/DEVELOPMENT-llm+search-e1-b0/9613_lock.json
 create mode 100644 task1/evidence/goal2/runs/g2-development-modes-02/modes/DEVELOPMENT-llm+search-e1-b0/9779_candidate_traces.json.gz
 create mode 100644 task1/evidence/goal2/runs/g2-development-modes-02/modes/DEVELOPMENT-llm+search-e1-b0/9779_lock.json
 create mode 100644 task1/evidence/goal2/runs/g2-development-modes-02/modes/DEVELOPMENT-llm+search-e1-b0/episode.json
 create mode 100644 task1/evidence/goal2/runs/g2-development-modes-02/modes/DEVELOPMENT-llm+search-e1-b0/memory_retrieval.json
 create mode 100644 task1/evidence/goal2/runs/g2-development-modes-02/modes/DEVELOPMENT-llm+search-e1-b0/round1_call/attempt01/dispatch.json
 create mode 100644 task1/evidence/goal2/runs/g2-development-modes-02/modes/DEVELOPMENT-llm+search-e1-b0/round1_call/attempt01/input.json
 create mode 100644 task1/evidence/goal2/runs/g2-development-modes-02/modes/DEVELOPMENT-llm+search-e1-b0/round1_call/attempt01/receipt.json
 create mode 100644 task1/evidence/goal2/runs/g2-development-modes-02/modes/DEVELOPMENT-llm+search-e1-b0/round1_call/attempt01/response.json
 create mode 100644 task1/evidence/goal2/runs/g2-development-modes-02/modes/DEVELOPMENT-llm+search-e1-b0/round1_call/attempt01/visible_events.jsonl
 create mode 100644 task1/evidence/goal2/runs/g2-development-modes-02/modes/DEVELOPMENT-llm+search-e1-b0/round1_checkpoint.json
 create mode 100644 task1/evidence/goal2/runs/g2-development-modes-02/modes/DEVELOPMENT-llm+search-e1-b0/round1_context.json
 create mode 100644 task1/evidence/goal2/runs/g2-development-modes-02/modes/DEVELOPMENT-llm+search-e1-b0/round1_validation.json
 create mode 100644 task1/evidence/goal2/runs/g2-development-modes-02/modes/DEVELOPMENT-llm+search-e1-b0/round2_call/attempt01/dispatch.json
 create mode 100644 task1/evidence/goal2/runs/g2-development-modes-02/modes/DEVELOPMENT-llm+search-e1-b0/round2_call/attempt01/input.json
 create mode 100644 task1/evidence/goal2/runs/g2-development-modes-02/modes/DEVELOPMENT-llm+search-e1-b0/round2_call/attempt01/receipt.json
 create mode 100644 task1/evidence/goal2/runs/g2-development-modes-02/modes/DEVELOPMENT-llm+search-e1-b0/round2_call/attempt01/response.json
 create mode 100644 task1/evidence/goal2/runs/g2-development-modes-02/modes/DEVELOPMENT-llm+search-e1-b0/round2_call/attempt01/visible_events.jsonl
 create mode 100644 task1/evidence/goal2/runs/g2-development-modes-02/modes/DEVELOPMENT-llm+search-e1-b0/round2_checkpoint.json
 create mode 100644 task1/evidence/goal2/runs/g2-development-modes-02/modes/DEVELOPMENT-llm+search-e1-b0/round2_context.json
 create mode 100644 task1/evidence/goal2/runs/g2-development-modes-02/modes/DEVELOPMENT-llm+search-e1-b0/round2_validation.json
 create mode 100644 task1/evidence/goal2/runs/g2-development-modes-02/modes/DEVELOPMENT-llm+search-e1-b0/round3_call/attempt01/dispatch.json
 create mode 100644 task1/evidence/goal2/runs/g2-development-modes-02/modes/DEVELOPMENT-llm+search-e1-b0/round3_call/attempt01/input.json
 create mode 100644 task1/evidence/goal2/runs/g2-development-modes-02/modes/DEVELOPMENT-llm+search-e1-b0/round3_call/attempt01/receipt.json
 create mode 100644 task1/evidence/goal2/runs/g2-development-modes-02/modes/DEVELOPMENT-llm+search-e1-b0/round3_call/attempt01/response.json
 create mode 100644 task1/evidence/goal2/runs/g2-development-modes-02/modes/DEVELOPMENT-llm+search-e1-b0/round3_call/attempt01/visible_events.jsonl
 create mode 100644 task1/evidence/goal2/runs/g2-development-modes-02/modes/DEVELOPMENT-llm+search-e1-b0/round3_checkpoint.json
 create mode 100644 task1/evidence/goal2/runs/g2-development-modes-02/modes/DEVELOPMENT-llm+search-e1-b0/round3_context.json
 create mode 100644 task1/evidence/goal2/runs/g2-development-modes-02/modes/DEVELOPMENT-llm+search-e1-b0/round3_validation.json
 create mode 100644 task1/evidence/goal2/runs/g2-development-modes-02/modes/DEVELOPMENT-llm+search-e1-b1/1076_candidate_traces.json.gz
 create mode 100644 task1/evidence/goal2/runs/g2-development-modes-02/modes/DEVELOPMENT-llm+search-e1-b1/1076_lock.json
 create mode 100644 task1/evidence/goal2/runs/g2-development-modes-02/modes/DEVELOPMENT-llm+search-e1-b1/217_candidate_traces.json.gz
 create mode 100644 task1/evidence/goal2/runs/g2-development-modes-02/modes/DEVELOPMENT-llm+search-e1-b1/217_lock.json
 create mode 100644 task1/evidence/goal2/runs/g2-development-modes-02/modes/DEVELOPMENT-llm+search-e1-b1/2759_candidate_traces.json.gz
 create mode 100644 task1/evidence/goal2/runs/g2-development-modes-02/modes/DEVELOPMENT-llm+search-e1-b1/2759_lock.json
 create mode 100644 task1/evidence/goal2/runs/g2-development-modes-02/modes/DEVELOPMENT-llm+search-e1-b1/4732_candidate_traces.json.gz
 create mode 100644 task1/evidence/goal2/runs/g2-development-modes-02/modes/DEVELOPMENT-llm+search-e1-b1/4732_lock.json
 create mode 100644 task1/evidence/goal2/runs/g2-development-modes-02/modes/DEVELOPMENT-llm+search-e1-b1/5027_candidate_traces.json.gz
 create mode 100644 task1/evidence/goal2/runs/g2-development-modes-02/modes/DEVELOPMENT-llm+search-e1-b1/5027_lock.json
 create mode 100644 task1/evidence/goal2/runs/g2-development-modes-02/modes/DEVELOPMENT-llm+search-e1-b1/5256_candidate_traces.json.gz
 create mode 100644 task1/evidence/goal2/runs/g2-development-modes-02/modes/DEVELOPMENT-llm+search-e1-b1/5256_lock.json
 create mode 100644 task1/evidence/goal2/runs/g2-development-modes-02/modes/DEVELOPMENT-llm+search-e1-b1/9056_candidate_traces.json.gz
 create mode 100644 task1/evidence/goal2/runs/g2-development-modes-02/modes/DEVELOPMENT-llm+search-e1-b1/9056_lock.json
 create mode 100644 task1/evidence/goal2/runs/g2-development-modes-02/modes/DEVELOPMENT-llm+search-e1-b1/9729_candidate_traces.json.gz
 create mode 100644 task1/evidence/goal2/runs/g2-development-modes-02/modes/DEVELOPMENT-llm+search-e1-b1/9729_lock.json
 create mode 100644 task1/evidence/goal2/runs/g2-development-modes-02/modes/DEVELOPMENT-llm+search-e1-b1/episode.json
 create mode 100644 task1/evidence/goal2/runs/g2-development-modes-02/modes/DEVELOPMENT-llm+search-e1-b1/memory_retrieval.json
 create mode 100644 task1/evidence/goal2/runs/g2-development-modes-02/modes/DEVELOPMENT-llm+search-e1-b1/round1_call/attempt01/dispatch.json
 create mode 100644 task1/evidence/goal2/runs/g2-development-modes-02/modes/DEVELOPMENT-llm+search-e1-b1/round1_call/attempt01/input.json
 create mode 100644 task1/evidence/goal2/runs/g2-development-modes-02/modes/DEVELOPMENT-llm+search-e1-b1/round1_call/attempt01/receipt.json
 create mode 100644 task1/evidence/goal2/runs/g2-development-modes-02/modes/DEVELOPMENT-llm+search-e1-b1/round1_call/attempt01/response.json
 create mode 100644 task1/evidence/goal2/runs/g2-development-modes-02/modes/DEVELOPMENT-llm+search-e1-b1/round1_call/attempt01/visible_events.jsonl
 create mode 100644 task1/evidence/goal2/runs/g2-development-modes-02/modes/DEVELOPMENT-llm+search-e1-b1/round1_checkpoint.json
 create mode 100644 task1/evidence/goal2/runs/g2-development-modes-02/modes/DEVELOPMENT-llm+search-e1-b1/round1_context.json
 create mode 100644 task1/evidence/goal2/runs/g2-development-modes-02/modes/DEVELOPMENT-llm+search-e1-b1/round1_validation.json
 create mode 100644 task1/evidence/goal2/runs/g2-development-modes-02/modes/DEVELOPMENT-llm+search-e1-b1/round2_call/attempt01/dispatch.json
 create mode 100644 task1/evidence/goal2/runs/g2-development-modes-02/modes/DEVELOPMENT-llm+search-e1-b1/round2_call/attempt01/input.json
 create mode 100644 task1/evidence/goal2/runs/g2-development-modes-02/modes/DEVELOPMENT-llm+search-e1-b1/round2_call/attempt01/receipt.json
 create mode 100644 task1/evidence/goal2/runs/g2-development-modes-02/modes/DEVELOPMENT-llm+search-e1-b1/round2_call/attempt01/response.json
 create mode 100644 task1/evidence/goal2/runs/g2-development-modes-02/modes/DEVELOPMENT-llm+search-e1-b1/round2_call/attempt01/visible_events.jsonl
 create mode 100644 task1/evidence/goal2/runs/g2-development-modes-02/modes/DEVELOPMENT-llm+search-e1-b1/round2_checkpoint.json
 create mode 100644 task1/evidence/goal2/runs/g2-development-modes-02/modes/DEVELOPMENT-llm+search-e1-b1/round2_context.json
 create mode 100644 task1/evidence/goal2/runs/g2-development-modes-02/modes/DEVELOPMENT-llm+search-e1-b1/round2_validation.json
 create mode 100644 task1/evidence/goal2/runs/g2-development-modes-02/modes/DEVELOPMENT-llm+search-e1-b1/round3_call/attempt01/dispatch.json
 create mode 100644 task1/evidence/goal2/runs/g2-development-modes-02/modes/DEVELOPMENT-llm+search-e1-b1/round3_call/attempt01/input.json
 create mode 100644 task1/evidence/goal2/runs/g2-development-modes-02/modes/DEVELOPMENT-llm+search-e1-b1/round3_call/attempt01/receipt.json
 create mode 100644 task1/evidence/goal2/runs/g2-development-modes-02/modes/DEVELOPMENT-llm+search-e1-b1/round3_call/attempt01/response.json
 create mode 100644 task1/evidence/goal2/runs/g2-development-modes-02/modes/DEVELOPMENT-llm+search-e1-b1/round3_call/attempt01/visible_events.jsonl
 create mode 100644 task1/evidence/goal2/runs/g2-development-modes-02/modes/DEVELOPMENT-llm+search-e1-b1/round3_checkpoint.json
 create mode 100644 task1/evidence/goal2/runs/g2-development-modes-02/modes/DEVELOPMENT-llm+search-e1-b1/round3_context.json
 create mode 100644 task1/evidence/goal2/runs/g2-development-modes-02/modes/DEVELOPMENT-llm+search-e1-b1/round3_validation.json
 create mode 100644 task1/evidence/goal2/runs/g2-development-modes-02/modes/DEVELOPMENT-llm+search-e1-b2/10232_candidate_traces.json.gz
 create mode 100644 task1/evidence/goal2/runs/g2-development-modes-02/modes/DEVELOPMENT-llm+search-e1-b2/10232_lock.json
 create mode 100644 task1/evidence/goal2/runs/g2-development-modes-02/modes/DEVELOPMENT-llm+search-e1-b2/10796_candidate_traces.json.gz
 create mode 100644 task1/evidence/goal2/runs/g2-development-modes-02/modes/DEVELOPMENT-llm+search-e1-b2/10796_lock.json
 create mode 100644 task1/evidence/goal2/runs/g2-development-modes-02/modes/DEVELOPMENT-llm+search-e1-b2/4805_candidate_traces.json.gz
 create mode 100644 task1/evidence/goal2/runs/g2-development-modes-02/modes/DEVELOPMENT-llm+search-e1-b2/4805_lock.json
 create mode 100644 task1/evidence/goal2/runs/g2-development-modes-02/modes/DEVELOPMENT-llm+search-e1-b2/4953_candidate_traces.json.gz
 create mode 100644 task1/evidence/goal2/runs/g2-development-modes-02/modes/DEVELOPMENT-llm+search-e1-b2/4953_lock.json
 create mode 100644 task1/evidence/goal2/runs/g2-development-modes-02/modes/DEVELOPMENT-llm+search-e1-b2/5029_candidate_traces.json.gz
 create mode 100644 task1/evidence/goal2/runs/g2-development-modes-02/modes/DEVELOPMENT-llm+search-e1-b2/5029_lock.json
 create mode 100644 task1/evidence/goal2/runs/g2-development-modes-02/modes/DEVELOPMENT-llm+search-e1-b2/6556_candidate_traces.json.gz
 create mode 100644 task1/evidence/goal2/runs/g2-development-modes-02/modes/DEVELOPMENT-llm+search-e1-b2/6556_lock.json
 create mode 100644 task1/evidence/goal2/runs/g2-development-modes-02/modes/DEVELOPMENT-llm+search-e1-b2/7764_candidate_traces.json.gz
 create mode 100644 task1/evidence/goal2/runs/g2-development-modes-02/modes/DEVELOPMENT-llm+search-e1-b2/7764_lock.json
 create mode 100644 task1/evidence/goal2/runs/g2-development-modes-02/modes/DEVELOPMENT-llm+search-e1-b2/82_candidate_traces.json.gz
 create mode 100644 task1/evidence/goal2/runs/g2-development-modes-02/modes/DEVELOPMENT-llm+search-e1-b2/82_lock.json
 create mode 100644 task1/evidence/goal2/runs/g2-development-modes-02/modes/DEVELOPMENT-llm+search-e1-b2/episode.json
 create mode 100644 task1/evidence/goal2/runs/g2-development-modes-02/modes/DEVELOPMENT-llm+search-e1-b2/memory_retrieval.json
 create mode 100644 task1/evidence/goal2/runs/g2-development-modes-02/modes/DEVELOPMENT-llm+search-e1-b2/round1_call/attempt01/dispatch.json
 create mode 100644 task1/evidence/goal2/runs/g2-development-modes-02/modes/DEVELOPMENT-llm+search-e1-b2/round1_call/attempt01/input.json
 create mode 100644 task1/evidence/goal2/runs/g2-development-modes-02/modes/DEVELOPMENT-llm+search-e1-b2/round1_call/attempt01/receipt.json
 create mode 100644 task1/evidence/goal2/runs/g2-development-modes-02/modes/DEVELOPMENT-llm+search-e1-b2/round1_call/attempt01/response.json
 create mode 100644 task1/evidence/goal2/runs/g2-development-modes-02/modes/DEVELOPMENT-llm+search-e1-b2/round1_call/attempt01/visible_events.jsonl
 create mode 100644 task1/evidence/goal2/runs/g2-development-modes-02/modes/DEVELOPMENT-llm+search-e1-b2/round1_checkpoint.json
 create mode 100644 task1/evidence/goal2/runs/g2-development-modes-02/modes/DEVELOPMENT-llm+search-e1-b2/round1_context.json
 create mode 100644 task1/evidence/goal2/runs/g2-development-modes-02/modes/DEVELOPMENT-llm+search-e1-b2/round1_validation.json
 create mode 100644 task1/evidence/goal2/runs/g2-development-modes-02/modes/DEVELOPMENT-llm+search-e1-b2/round2_call/attempt01/dispatch.json
 create mode 100644 task1/evidence/goal2/runs/g2-development-modes-02/modes/DEVELOPMENT-llm+search-e1-b2/round2_call/attempt01/input.json
 create mode 100644 task1/evidence/goal2/runs/g2-development-modes-02/modes/DEVELOPMENT-llm+search-e1-b2/round2_call/attempt01/receipt.json
 create mode 100644 task1/evidence/goal2/runs/g2-development-modes-02/modes/DEVELOPMENT-llm+search-e1-b2/round2_call/attempt01/response.json
 create mode 100644 task1/evidence/goal2/runs/g2-development-modes-02/modes/DEVELOPMENT-llm+search-e1-b2/round2_call/attempt01/visible_events.jsonl
 create mode 100644 task1/evidence/goal2/runs/g2-development-modes-02/modes/DEVELOPMENT-llm+search-e1-b2/round2_checkpoint.json
 create mode 100644 task1/evidence/goal2/runs/g2-development-modes-02/modes/DEVELOPMENT-llm+search-e1-b2/round2_context.json
 create mode 100644 task1/evidence/goal2/runs/g2-development-modes-02/modes/DEVELOPMENT-llm+search-e1-b2/round2_validation.json
 create mode 100644 task1/evidence/goal2/runs/g2-development-modes-02/modes/DEVELOPMENT-llm+search-e1-b2/round3_call/attempt01/dispatch.json
 create mode 100644 task1/evidence/goal2/runs/g2-development-modes-02/modes/DEVELOPMENT-llm+search-e1-b2/round3_call/attempt01/input.json
 create mode 100644 task1/evidence/goal2/runs/g2-development-modes-02/modes/DEVELOPMENT-llm+search-e1-b2/round3_call/attempt01/receipt.json
 create mode 100644 task1/evidence/goal2/runs/g2-development-modes-02/modes/DEVELOPMENT-llm+search-e1-b2/round3_call/attempt01/response.json
 create mode 100644 task1/evidence/goal2/runs/g2-development-modes-02/modes/DEVELOPMENT-llm+search-e1-b2/round3_call/attempt01/visible_events.jsonl
 create mode 100644 task1/evidence/goal2/runs/g2-development-modes-02/modes/DEVELOPMENT-llm+search-e1-b2/round3_checkpoint.json
 create mode 100644 task1/evidence/goal2/runs/g2-development-modes-02/modes/DEVELOPMENT-llm+search-e1-b2/round3_context.json
 create mode 100644 task1/evidence/goal2/runs/g2-development-modes-02/modes/DEVELOPMENT-llm+search-e1-b2/round3_validation.json
 create mode 100644 task1/evidence/goal2/runs/g2-development-modes-02/modes/DEVELOPMENT-llm-only-e1-b0/11326_candidate_traces.json.gz
 create mode 100644 task1/evidence/goal2/runs/g2-development-modes-02/modes/DEVELOPMENT-llm-only-e1-b0/11326_lock.json
 create mode 100644 task1/evidence/goal2/runs/g2-development-modes-02/modes/DEVELOPMENT-llm-only-e1-b0/11355_candidate_traces.json.gz
 create mode 100644 task1/evidence/goal2/runs/g2-development-modes-02/modes/DEVELOPMENT-llm-only-e1-b0/11355_lock.json
 create mode 100644 task1/evidence/goal2/runs/g2-development-modes-02/modes/DEVELOPMENT-llm-only-e1-b0/2069_candidate_traces.json.gz
 create mode 100644 task1/evidence/goal2/runs/g2-development-modes-02/modes/DEVELOPMENT-llm-only-e1-b0/2069_lock.json
 create mode 100644 task1/evidence/goal2/runs/g2-development-modes-02/modes/DEVELOPMENT-llm-only-e1-b0/3357_candidate_traces.json.gz
 create mode 100644 task1/evidence/goal2/runs/g2-development-modes-02/modes/DEVELOPMENT-llm-only-e1-b0/3357_lock.json
 create mode 100644 task1/evidence/goal2/runs/g2-development-modes-02/modes/DEVELOPMENT-llm-only-e1-b0/5049_candidate_traces.json.gz
 create mode 100644 task1/evidence/goal2/runs/g2-development-modes-02/modes/DEVELOPMENT-llm-only-e1-b0/5049_lock.json
 create mode 100644 task1/evidence/goal2/runs/g2-development-modes-02/modes/DEVELOPMENT-llm-only-e1-b0/7186_candidate_traces.json.gz
 create mode 100644 task1/evidence/goal2/runs/g2-development-modes-02/modes/DEVELOPMENT-llm-only-e1-b0/7186_lock.json
 create mode 100644 task1/evidence/goal2/runs/g2-development-modes-02/modes/DEVELOPMENT-llm-only-e1-b0/9613_candidate_traces.json.gz
 create mode 100644 task1/evidence/goal2/runs/g2-development-modes-02/modes/DEVELOPMENT-llm-only-e1-b0/9613_lock.json
 create mode 100644 task1/evidence/goal2/runs/g2-development-modes-02/modes/DEVELOPMENT-llm-only-e1-b0/9779_candidate_traces.json.gz
 create mode 100644 task1/evidence/goal2/runs/g2-development-modes-02/modes/DEVELOPMENT-llm-only-e1-b0/9779_lock.json
 create mode 100644 task1/evidence/goal2/runs/g2-development-modes-02/modes/DEVELOPMENT-llm-only-e1-b0/episode.json
 create mode 100644 task1/evidence/goal2/runs/g2-development-modes-02/modes/DEVELOPMENT-llm-only-e1-b0/memory_retrieval.json
 create mode 100644 task1/evidence/goal2/runs/g2-development-modes-02/modes/DEVELOPMENT-llm-only-e1-b0/round1_call/attempt01/dispatch.json
 create mode 100644 task1/evidence/goal2/runs/g2-development-modes-02/modes/DEVELOPMENT-llm-only-e1-b0/round1_call/attempt01/input.json
 create mode 100644 task1/evidence/goal2/runs/g2-development-modes-02/modes/DEVELOPMENT-llm-only-e1-b0/round1_call/attempt01/receipt.json
 create mode 100644 task1/evidence/goal2/runs/g2-development-modes-02/modes/DEVELOPMENT-llm-only-e1-b0/round1_call/attempt01/response.json
 create mode 100644 task1/evidence/goal2/runs/g2-development-modes-02/modes/DEVELOPMENT-llm-only-e1-b0/round1_call/attempt01/visible_events.jsonl
 create mode 100644 task1/evidence/goal2/runs/g2-development-modes-02/modes/DEVELOPMENT-llm-only-e1-b0/round1_checkpoint.json
 create mode 100644 task1/evidence/goal2/runs/g2-development-modes-02/modes/DEVELOPMENT-llm-only-e1-b0/round1_context.json
 create mode 100644 task1/evidence/goal2/runs/g2-development-modes-02/modes/DEVELOPMENT-llm-only-e1-b0/round1_validation.json
 create mode 100644 task1/evidence/goal2/runs/g2-development-modes-02/modes/DEVELOPMENT-llm-only-e1-b1/1076_candidate_traces.json.gz
 create mode 100644 task1/evidence/goal2/runs/g2-development-modes-02/modes/DEVELOPMENT-llm-only-e1-b1/1076_lock.json
 create mode 100644 task1/evidence/goal2/runs/g2-development-modes-02/modes/DEVELOPMENT-llm-only-e1-b1/217_candidate_traces.json.gz
 create mode 100644 task1/evidence/goal2/runs/g2-development-modes-02/modes/DEVELOPMENT-llm-only-e1-b1/217_lock.json
 create mode 100644 task1/evidence/goal2/runs/g2-development-modes-02/modes/DEVELOPMENT-llm-only-e1-b1/2759_candidate_traces.json.gz
 create mode 100644 task1/evidence/goal2/runs/g2-development-modes-02/modes/DEVELOPMENT-llm-only-e1-b1/2759_lock.json
 create mode 100644 task1/evidence/goal2/runs/g2-development-modes-02/modes/DEVELOPMENT-llm-only-e1-b1/4732_candidate_traces.json.gz
 create mode 100644 task1/evidence/goal2/runs/g2-development-modes-02/modes/DEVELOPMENT-llm-only-e1-b1/4732_lock.json
 create mode 100644 task1/evidence/goal2/runs/g2-development-modes-02/modes/DEVELOPMENT-llm-only-e1-b1/5027_candidate_traces.json.gz
 create mode 100644 task1/evidence/goal2/runs/g2-development-modes-02/modes/DEVELOPMENT-llm-only-e1-b1/5027_lock.json
 create mode 100644 task1/evidence/goal2/runs/g2-development-modes-02/modes/DEVELOPMENT-llm-only-e1-b1/5256_candidate_traces.json.gz
 create mode 100644 task1/evidence/goal2/runs/g2-development-modes-02/modes/DEVELOPMENT-llm-only-e1-b1/5256_lock.json
 create mode 100644 task1/evidence/goal2/runs/g2-development-modes-02/modes/DEVELOPMENT-llm-only-e1-b1/9056_candidate_traces.json.gz
 create mode 100644 task1/evidence/goal2/runs/g2-development-modes-02/modes/DEVELOPMENT-llm-only-e1-b1/9056_lock.json
 create mode 100644 task1/evidence/goal2/runs/g2-development-modes-02/modes/DEVELOPMENT-llm-only-e1-b1/9729_candidate_traces.json.gz
 create mode 100644 task1/evidence/goal2/runs/g2-development-modes-02/modes/DEVELOPMENT-llm-only-e1-b1/9729_lock.json
 create mode 100644 task1/evidence/goal2/runs/g2-development-modes-02/modes/DEVELOPMENT-llm-only-e1-b1/episode.json
 create mode 100644 task1/evidence/goal2/runs/g2-development-modes-02/modes/DEVELOPMENT-llm-only-e1-b1/memory_retrieval.json
 create mode 100644 task1/evidence/goal2/runs/g2-development-modes-02/modes/DEVELOPMENT-llm-only-e1-b1/round1_call/attempt01/dispatch.json
 create mode 100644 task1/evidence/goal2/runs/g2-development-modes-02/modes/DEVELOPMENT-llm-only-e1-b1/round1_call/attempt01/input.json
 create mode 100644 task1/evidence/goal2/runs/g2-development-modes-02/modes/DEVELOPMENT-llm-only-e1-b1/round1_call/attempt01/receipt.json
 create mode 100644 task1/evidence/goal2/runs/g2-development-modes-02/modes/DEVELOPMENT-llm-only-e1-b1/round1_call/attempt01/response.json
 create mode 100644 task1/evidence/goal2/runs/g2-development-modes-02/modes/DEVELOPMENT-llm-only-e1-b1/round1_call/attempt01/visible_events.jsonl
 create mode 100644 task1/evidence/goal2/runs/g2-development-modes-02/modes/DEVELOPMENT-llm-only-e1-b1/round1_checkpoint.json
 create mode 100644 task1/evidence/goal2/runs/g2-development-modes-02/modes/DEVELOPMENT-llm-only-e1-b1/round1_context.json
 create mode 100644 task1/evidence/goal2/runs/g2-development-modes-02/modes/DEVELOPMENT-llm-only-e1-b1/round1_validation.json
 create mode 100644 task1/evidence/goal2/runs/g2-development-modes-02/modes/DEVELOPMENT-llm-only-e1-b2/10232_candidate_traces.json.gz
 create mode 100644 task1/evidence/goal2/runs/g2-development-modes-02/modes/DEVELOPMENT-llm-only-e1-b2/10232_lock.json
 create mode 100644 task1/evidence/goal2/runs/g2-development-modes-02/modes/DEVELOPMENT-llm-only-e1-b2/10796_candidate_traces.json.gz
 create mode 100644 task1/evidence/goal2/runs/g2-development-modes-02/modes/DEVELOPMENT-llm-only-e1-b2/10796_lock.json
 create mode 100644 task1/evidence/goal2/runs/g2-development-modes-02/modes/DEVELOPMENT-llm-only-e1-b2/4805_candidate_traces.json.gz
 create mode 100644 task1/evidence/goal2/runs/g2-development-modes-02/modes/DEVELOPMENT-llm-only-e1-b2/4805_lock.json
 create mode 100644 task1/evidence/goal2/runs/g2-development-modes-02/modes/DEVELOPMENT-llm-only-e1-b2/4953_candidate_traces.json.gz
 create mode 100644 task1/evidence/goal2/runs/g2-development-modes-02/modes/DEVELOPMENT-llm-only-e1-b2/4953_lock.json
 create mode 100644 task1/evidence/goal2/runs/g2-development-modes-02/modes/DEVELOPMENT-llm-only-e1-b2/5029_candidate_traces.json.gz
 create mode 100644 task1/evidence/goal2/runs/g2-development-modes-02/modes/DEVELOPMENT-llm-only-e1-b2/5029_lock.json
 create mode 100644 task1/evidence/goal2/runs/g2-development-modes-02/modes/DEVELOPMENT-llm-only-e1-b2/6556_candidate_traces.json.gz
 create mode 100644 task1/evidence/goal2/runs/g2-development-modes-02/modes/DEVELOPMENT-llm-only-e1-b2/6556_lock.json
 create mode 100644 task1/evidence/goal2/runs/g2-development-modes-02/modes/DEVELOPMENT-llm-only-e1-b2/7764_candidate_traces.json.gz
 create mode 100644 task1/evidence/goal2/runs/g2-development-modes-02/modes/DEVELOPMENT-llm-only-e1-b2/7764_lock.json
 create mode 100644 task1/evidence/goal2/runs/g2-development-modes-02/modes/DEVELOPMENT-llm-only-e1-b2/82_candidate_traces.json.gz
 create mode 100644 task1/evidence/goal2/runs/g2-development-modes-02/modes/DEVELOPMENT-llm-only-e1-b2/82_lock.json
 create mode 100644 task1/evidence/goal2/runs/g2-development-modes-02/modes/DEVELOPMENT-llm-only-e1-b2/episode.json
 create mode 100644 task1/evidence/goal2/runs/g2-development-modes-02/modes/DEVELOPMENT-llm-only-e1-b2/memory_retrieval.json
 create mode 100644 task1/evidence/goal2/runs/g2-development-modes-02/modes/DEVELOPMENT-llm-only-e1-b2/round1_call/attempt01/dispatch.json
 create mode 100644 task1/evidence/goal2/runs/g2-development-modes-02/modes/DEVELOPMENT-llm-only-e1-b2/round1_call/attempt01/input.json
 create mode 100644 task1/evidence/goal2/runs/g2-development-modes-02/modes/DEVELOPMENT-llm-only-e1-b2/round1_call/attempt01/receipt.json
 create mode 100644 task1/evidence/goal2/runs/g2-development-modes-02/modes/DEVELOPMENT-llm-only-e1-b2/round1_call/attempt01/response.json
 create mode 100644 task1/evidence/goal2/runs/g2-development-modes-02/modes/DEVELOPMENT-llm-only-e1-b2/round1_call/attempt01/visible_events.jsonl
 create mode 100644 task1/evidence/goal2/runs/g2-development-modes-02/modes/DEVELOPMENT-llm-only-e1-b2/round1_checkpoint.json
 create mode 100644 task1/evidence/goal2/runs/g2-development-modes-02/modes/DEVELOPMENT-llm-only-e1-b2/round1_context.json
 create mode 100644 task1/evidence/goal2/runs/g2-development-modes-02/modes/DEVELOPMENT-llm-only-e1-b2/round1_validation.json
 create mode 100644 task1/evidence/goal2/runs/g2-development-modes-02/modes/DEVELOPMENT-search-only-e1-b0/11326_candidate_traces.json.gz
 create mode 100644 task1/evidence/goal2/runs/g2-development-modes-02/modes/DEVELOPMENT-search-only-e1-b0/11326_lock.json
 create mode 100644 task1/evidence/goal2/runs/g2-development-modes-02/modes/DEVELOPMENT-search-only-e1-b0/11355_candidate_traces.json.gz
 create mode 100644 task1/evidence/goal2/runs/g2-development-modes-02/modes/DEVELOPMENT-search-only-e1-b0/11355_lock.json
 create mode 100644 task1/evidence/goal2/runs/g2-development-modes-02/modes/DEVELOPMENT-search-only-e1-b0/2069_candidate_traces.json.gz
 create mode 100644 task1/evidence/goal2/runs/g2-development-modes-02/modes/DEVELOPMENT-search-only-e1-b0/2069_lock.json
 create mode 100644 task1/evidence/goal2/runs/g2-development-modes-02/modes/DEVELOPMENT-search-only-e1-b0/3357_candidate_traces.json.gz
 create mode 100644 task1/evidence/goal2/runs/g2-development-modes-02/modes/DEVELOPMENT-search-only-e1-b0/3357_lock.json
 create mode 100644 task1/evidence/goal2/runs/g2-development-modes-02/modes/DEVELOPMENT-search-only-e1-b0/5049_candidate_traces.json.gz
 create mode 100644 task1/evidence/goal2/runs/g2-development-modes-02/modes/DEVELOPMENT-search-only-e1-b0/5049_lock.json
 create mode 100644 task1/evidence/goal2/runs/g2-development-modes-02/modes/DEVELOPMENT-search-only-e1-b0/7186_candidate_traces.json.gz
 create mode 100644 task1/evidence/goal2/runs/g2-development-modes-02/modes/DEVELOPMENT-search-only-e1-b0/7186_lock.json
 create mode 100644 task1/evidence/goal2/runs/g2-development-modes-02/modes/DEVELOPMENT-search-only-e1-b0/9613_candidate_traces.json.gz
 create mode 100644 task1/evidence/goal2/runs/g2-development-modes-02/modes/DEVELOPMENT-search-only-e1-b0/9613_lock.json
 create mode 100644 task1/evidence/goal2/runs/g2-development-modes-02/modes/DEVELOPMENT-search-only-e1-b0/9779_candidate_traces.json.gz
 create mode 100644 task1/evidence/goal2/runs/g2-development-modes-02/modes/DEVELOPMENT-search-only-e1-b0/9779_lock.json
 create mode 100644 task1/evidence/goal2/runs/g2-development-modes-02/modes/DEVELOPMENT-search-only-e1-b0/episode.json
 create mode 100644 task1/evidence/goal2/runs/g2-development-modes-02/modes/DEVELOPMENT-search-only-e1-b1/1076_candidate_traces.json.gz
 create mode 100644 task1/evidence/goal2/runs/g2-development-modes-02/modes/DEVELOPMENT-search-only-e1-b1/1076_lock.json
 create mode 100644 task1/evidence/goal2/runs/g2-development-modes-02/modes/DEVELOPMENT-search-only-e1-b1/217_candidate_traces.json.gz
 create mode 100644 task1/evidence/goal2/runs/g2-development-modes-02/modes/DEVELOPMENT-search-only-e1-b1/217_lock.json
 create mode 100644 task1/evidence/goal2/runs/g2-development-modes-02/modes/DEVELOPMENT-search-only-e1-b1/2759_candidate_traces.json.gz
 create mode 100644 task1/evidence/goal2/runs/g2-development-modes-02/modes/DEVELOPMENT-search-only-e1-b1/2759_lock.json
 create mode 100644 task1/evidence/goal2/runs/g2-development-modes-02/modes/DEVELOPMENT-search-only-e1-b1/4732_candidate_traces.json.gz
 create mode 100644 task1/evidence/goal2/runs/g2-development-modes-02/modes/DEVELOPMENT-search-only-e1-b1/4732_lock.json
 create mode 100644 task1/evidence/goal2/runs/g2-development-modes-02/modes/DEVELOPMENT-search-only-e1-b1/5027_candidate_traces.json.gz
 create mode 100644 task1/evidence/goal2/runs/g2-development-modes-02/modes/DEVELOPMENT-search-only-e1-b1/5027_lock.json
 create mode 100644 task1/evidence/goal2/runs/g2-development-modes-02/modes/DEVELOPMENT-search-only-e1-b1/5256_candidate_traces.json.gz
 create mode 100644 task1/evidence/goal2/runs/g2-development-modes-02/modes/DEVELOPMENT-search-only-e1-b1/5256_lock.json
 create mode 100644 task1/evidence/goal2/runs/g2-development-modes-02/modes/DEVELOPMENT-search-only-e1-b1/9056_candidate_traces.json.gz
 create mode 100644 task1/evidence/goal2/runs/g2-development-modes-02/modes/DEVELOPMENT-search-only-e1-b1/9056_lock.json
 create mode 100644 task1/evidence/goal2/runs/g2-development-modes-02/modes/DEVELOPMENT-search-only-e1-b1/9729_candidate_traces.json.gz
 create mode 100644 task1/evidence/goal2/runs/g2-development-modes-02/modes/DEVELOPMENT-search-only-e1-b1/9729_lock.json
 create mode 100644 task1/evidence/goal2/runs/g2-development-modes-02/modes/DEVELOPMENT-search-only-e1-b1/episode.json
 create mode 100644 task1/evidence/goal2/runs/g2-development-modes-02/modes/DEVELOPMENT-search-only-e1-b2/10232_candidate_traces.json.gz
 create mode 100644 task1/evidence/goal2/runs/g2-development-modes-02/modes/DEVELOPMENT-search-only-e1-b2/10232_lock.json
 create mode 100644 task1/evidence/goal2/runs/g2-development-modes-02/modes/DEVELOPMENT-search-only-e1-b2/10796_candidate_traces.json.gz
 create mode 100644 task1/evidence/goal2/runs/g2-development-modes-02/modes/DEVELOPMENT-search-only-e1-b2/10796_lock.json
 create mode 100644 task1/evidence/goal2/runs/g2-development-modes-02/modes/DEVELOPMENT-search-only-e1-b2/4805_candidate_traces.json.gz
 create mode 100644 task1/evidence/goal2/runs/g2-development-modes-02/modes/DEVELOPMENT-search-only-e1-b2/4805_lock.json
 create mode 100644 task1/evidence/goal2/runs/g2-development-modes-02/modes/DEVELOPMENT-search-only-e1-b2/4953_candidate_traces.json.gz
 create mode 100644 task1/evidence/goal2/runs/g2-development-modes-02/modes/DEVELOPMENT-search-only-e1-b2/4953_lock.json
 create mode 100644 task1/evidence/goal2/runs/g2-development-modes-02/modes/DEVELOPMENT-search-only-e1-b2/5029_candidate_traces.json.gz
 create mode 100644 task1/evidence/goal2/runs/g2-development-modes-02/modes/DEVELOPMENT-search-only-e1-b2/5029_lock.json
 create mode 100644 task1/evidence/goal2/runs/g2-development-modes-02/modes/DEVELOPMENT-search-only-e1-b2/6556_candidate_traces.json.gz
 create mode 100644 task1/evidence/goal2/runs/g2-development-modes-02/modes/DEVELOPMENT-search-only-e1-b2/6556_lock.json
 create mode 100644 task1/evidence/goal2/runs/g2-development-modes-02/modes/DEVELOPMENT-search-only-e1-b2/7764_candidate_traces.json.gz
 create mode 100644 task1/evidence/goal2/runs/g2-development-modes-02/modes/DEVELOPMENT-search-only-e1-b2/7764_lock.json
 create mode 100644 task1/evidence/goal2/runs/g2-development-modes-02/modes/DEVELOPMENT-search-only-e1-b2/82_candidate_traces.json.gz
 create mode 100644 task1/evidence/goal2/runs/g2-development-modes-02/modes/DEVELOPMENT-search-only-e1-b2/82_lock.json
 create mode 100644 task1/evidence/goal2/runs/g2-development-modes-02/modes/DEVELOPMENT-search-only-e1-b2/episode.json
 create mode 100644 task1/evidence/goal2/runs/g2-development-orders-01/cfg-b15b8281b73592fb_D-P-S_01bed9b1.json.gz
 create mode 100644 task1/evidence/goal2/runs/g2-development-orders-01/cfg-b15b8281b73592fb_D-P-S_01bed9b1_review.json
 create mode 100644 task1/evidence/goal2/runs/g2-development-orders-01/cfg-b15b8281b73592fb_D-S-P_01bed9b1.json.gz
 create mode 100644 task1/evidence/goal2/runs/g2-development-orders-01/cfg-b15b8281b73592fb_D-S-P_01bed9b1_review.json
 create mode 100644 task1/evidence/goal2/runs/g2-development-orders-01/cfg-b15b8281b73592fb_P-D-S_01bed9b1.json.gz
 create mode 100644 task1/evidence/goal2/runs/g2-development-orders-01/cfg-b15b8281b73592fb_P-D-S_01bed9b1_review.json
 create mode 100644 task1/evidence/goal2/runs/g2-development-orders-01/cfg-b15b8281b73592fb_P-S-D_01bed9b1.json.gz
 create mode 100644 task1/evidence/goal2/runs/g2-development-orders-01/cfg-b15b8281b73592fb_P-S-D_01bed9b1_review.json
 create mode 100644 task1/evidence/goal2/runs/g2-development-orders-01/cfg-b15b8281b73592fb_S-D-P_01bed9b1.json.gz
 create mode 100644 task1/evidence/goal2/runs/g2-development-orders-01/cfg-b15b8281b73592fb_S-D-P_01bed9b1_review.json
 create mode 100644 task1/evidence/goal2/runs/g2-development-orders-01/cfg-b15b8281b73592fb_S-P-D_01bed9b1.json.gz
 create mode 100644 task1/evidence/goal2/runs/g2-development-orders-01/cfg-b15b8281b73592fb_S-P-D_01bed9b1_review.json
 create mode 100644 task1/evidence/goal2/runs/g2-development-orders-01/manifest.json
 create mode 100644 task1/evidence/goal2/runs/g2-development-orders-01/order_table.json
 create mode 100644 task1/evidence/goal2/runs/g2-development-orders-02/cfg-b15b8281b73592fb_D-P-S_01bed9b1.json.gz
 create mode 100644 task1/evidence/goal2/runs/g2-development-orders-02/cfg-b15b8281b73592fb_D-P-S_01bed9b1_review.json
 create mode 100644 task1/evidence/goal2/runs/g2-development-orders-02/cfg-b15b8281b73592fb_D-S-P_01bed9b1.json.gz
 create mode 100644 task1/evidence/goal2/runs/g2-development-orders-02/cfg-b15b8281b73592fb_D-S-P_01bed9b1_review.json
 create mode 100644 task1/evidence/goal2/runs/g2-development-orders-02/cfg-b15b8281b73592fb_P-D-S_01bed9b1.json.gz
 create mode 100644 task1/evidence/goal2/runs/g2-development-orders-02/cfg-b15b8281b73592fb_P-D-S_01bed9b1_review.json
 create mode 100644 task1/evidence/goal2/runs/g2-development-orders-02/cfg-b15b8281b73592fb_P-S-D_01bed9b1.json.gz
 create mode 100644 task1/evidence/goal2/runs/g2-development-orders-02/cfg-b15b8281b73592fb_P-S-D_01bed9b1_review.json
 create mode 100644 task1/evidence/goal2/runs/g2-development-orders-02/cfg-b15b8281b73592fb_S-D-P_01bed9b1.json.gz
 create mode 100644 task1/evidence/goal2/runs/g2-development-orders-02/cfg-b15b8281b73592fb_S-D-P_01bed9b1_review.json
 create mode 100644 task1/evidence/goal2/runs/g2-development-orders-02/cfg-b15b8281b73592fb_S-P-D_01bed9b1.json.gz
 create mode 100644 task1/evidence/goal2/runs/g2-development-orders-02/cfg-b15b8281b73592fb_S-P-D_01bed9b1_review.json
 create mode 100644 task1/evidence/goal2/runs/g2-development-orders-02/manifest.json
 create mode 100644 task1/evidence/goal2/runs/g2-development-orders-02/order_table.json
 create mode 100644 task1/evidence/goal2/runs/g2-development-parameters-01/cfg-00ad40b806af82f6_S-D-P_01bed9b1.json.gz
 create mode 100644 task1/evidence/goal2/runs/g2-development-parameters-01/cfg-00ad40b806af82f6_S-D-P_01bed9b1_review.json
 create mode 100644 task1/evidence/goal2/runs/g2-development-parameters-01/cfg-060195700887c44a_S-D-P_01bed9b1.json.gz
 create mode 100644 task1/evidence/goal2/runs/g2-development-parameters-01/cfg-060195700887c44a_S-D-P_01bed9b1_review.json
 create mode 100644 task1/evidence/goal2/runs/g2-development-parameters-01/cfg-0ad662cd1af68eaf_S-D-P_01bed9b1.json.gz
 create mode 100644 task1/evidence/goal2/runs/g2-development-parameters-01/cfg-0ad662cd1af68eaf_S-D-P_01bed9b1_review.json
 create mode 100644 task1/evidence/goal2/runs/g2-development-parameters-01/cfg-15934b797839150f_S-D-P_01bed9b1.json.gz
 create mode 100644 task1/evidence/goal2/runs/g2-development-parameters-01/cfg-15934b797839150f_S-D-P_01bed9b1_review.json
 create mode 100644 task1/evidence/goal2/runs/g2-development-parameters-01/cfg-1e535c3fe3cc8ae1_S-D-P_01bed9b1.json.gz
 create mode 100644 task1/evidence/goal2/runs/g2-development-parameters-01/cfg-1e535c3fe3cc8ae1_S-D-P_01bed9b1_review.json
 create mode 100644 task1/evidence/goal2/runs/g2-development-parameters-01/cfg-2145210f6818db22_S-D-P_01bed9b1.json.gz
 create mode 100644 task1/evidence/goal2/runs/g2-development-parameters-01/cfg-2145210f6818db22_S-D-P_01bed9b1_review.json
 create mode 100644 task1/evidence/goal2/runs/g2-development-parameters-01/cfg-24646b7acfafee8e_S-D-P_01bed9b1.json.gz
 create mode 100644 task1/evidence/goal2/runs/g2-development-parameters-01/cfg-24646b7acfafee8e_S-D-P_01bed9b1_review.json
 create mode 100644 task1/evidence/goal2/runs/g2-development-parameters-01/cfg-3096d8e282282635_S-D-P_01bed9b1.json.gz
 create mode 100644 task1/evidence/goal2/runs/g2-development-parameters-01/cfg-3096d8e282282635_S-D-P_01bed9b1_review.json
 create mode 100644 task1/evidence/goal2/runs/g2-development-parameters-01/cfg-322e68540606f046_S-D-P_01bed9b1.json.gz
 create mode 100644 task1/evidence/goal2/runs/g2-development-parameters-01/cfg-322e68540606f046_S-D-P_01bed9b1_review.json
 create mode 100644 task1/evidence/goal2/runs/g2-development-parameters-01/cfg-38b5af70752afcf3_S-D-P_01bed9b1.json.gz
 create mode 100644 task1/evidence/goal2/runs/g2-development-parameters-01/cfg-38b5af70752afcf3_S-D-P_01bed9b1_review.json
 create mode 100644 task1/evidence/goal2/runs/g2-development-parameters-01/cfg-3f2e270c7b010996_S-D-P_01bed9b1.json.gz
 create mode 100644 task1/evidence/goal2/runs/g2-development-parameters-01/cfg-3f2e270c7b010996_S-D-P_01bed9b1_review.json
 create mode 100644 task1/evidence/goal2/runs/g2-development-parameters-01/cfg-43be70fbb61e9927_S-D-P_01bed9b1.json.gz
 create mode 100644 task1/evidence/goal2/runs/g2-development-parameters-01/cfg-43be70fbb61e9927_S-D-P_01bed9b1_review.json
 create mode 100644 task1/evidence/goal2/runs/g2-development-parameters-01/cfg-4ad6ba13aaf512f3_S-D-P_01bed9b1.json.gz
 create mode 100644 task1/evidence/goal2/runs/g2-development-parameters-01/cfg-4ad6ba13aaf512f3_S-D-P_01bed9b1_review.json
 create mode 100644 task1/evidence/goal2/runs/g2-development-parameters-01/cfg-4ba6fa8d8c11a024_S-D-P_01bed9b1.json.gz
 create mode 100644 task1/evidence/goal2/runs/g2-development-parameters-01/cfg-4ba6fa8d8c11a024_S-D-P_01bed9b1_review.json
 create mode 100644 task1/evidence/goal2/runs/g2-development-parameters-01/cfg-522fba6abbf5d1bc_S-D-P_01bed9b1.json.gz
 create mode 100644 task1/evidence/goal2/runs/g2-development-parameters-01/cfg-522fba6abbf5d1bc_S-D-P_01bed9b1_review.json
 create mode 100644 task1/evidence/goal2/runs/g2-development-parameters-01/cfg-5279f18a16a391af_S-D-P_01bed9b1.json.gz
 create mode 100644 task1/evidence/goal2/runs/g2-development-parameters-01/cfg-5279f18a16a391af_S-D-P_01bed9b1_review.json
 create mode 100644 task1/evidence/goal2/runs/g2-development-parameters-01/cfg-56d9babc85c51d64_S-D-P_01bed9b1.json.gz
 create mode 100644 task1/evidence/goal2/runs/g2-development-parameters-01/cfg-56d9babc85c51d64_S-D-P_01bed9b1_review.json
 create mode 100644 task1/evidence/goal2/runs/g2-development-parameters-01/cfg-59d5d0c23b67d172_S-D-P_01bed9b1.json.gz
 create mode 100644 task1/evidence/goal2/runs/g2-development-parameters-01/cfg-59d5d0c23b67d172_S-D-P_01bed9b1_review.json
 create mode 100644 task1/evidence/goal2/runs/g2-development-parameters-01/cfg-5f3726776663985b_S-D-P_01bed9b1.json.gz
 create mode 100644 task1/evidence/goal2/runs/g2-development-parameters-01/cfg-5f3726776663985b_S-D-P_01bed9b1_review.json
 create mode 100644 task1/evidence/goal2/runs/g2-development-parameters-01/cfg-628483ab24c0b6b1_S-D-P_01bed9b1.json.gz
 create mode 100644 task1/evidence/goal2/runs/g2-development-parameters-01/cfg-628483ab24c0b6b1_S-D-P_01bed9b1_review.json
 create mode 100644 task1/evidence/goal2/runs/g2-development-parameters-01/cfg-63139d05595c253c_S-D-P_01bed9b1.json.gz
 create mode 100644 task1/evidence/goal2/runs/g2-development-parameters-01/cfg-63139d05595c253c_S-D-P_01bed9b1_review.json
 create mode 100644 task1/evidence/goal2/runs/g2-development-parameters-01/cfg-64af02f0e5043228_S-D-P_01bed9b1.json.gz
 create mode 100644 task1/evidence/goal2/runs/g2-development-parameters-01/cfg-64af02f0e5043228_S-D-P_01bed9b1_review.json
 create mode 100644 task1/evidence/goal2/runs/g2-development-parameters-01/cfg-6599edd5fcbf75b1_S-D-P_01bed9b1.json.gz
 create mode 100644 task1/evidence/goal2/runs/g2-development-parameters-01/cfg-6599edd5fcbf75b1_S-D-P_01bed9b1_review.json
 create mode 100644 task1/evidence/goal2/runs/g2-development-parameters-01/cfg-65d9f66c5a9b483a_S-D-P_01bed9b1.json.gz
 create mode 100644 task1/evidence/goal2/runs/g2-development-parameters-01/cfg-65d9f66c5a9b483a_S-D-P_01bed9b1_review.json
 create mode 100644 task1/evidence/goal2/runs/g2-development-parameters-01/cfg-672c311f4dabd45c_S-D-P_01bed9b1.json.gz
 create mode 100644 task1/evidence/goal2/runs/g2-development-parameters-01/cfg-672c311f4dabd45c_S-D-P_01bed9b1_review.json
 create mode 100644 task1/evidence/goal2/runs/g2-development-parameters-01/cfg-69a9139380a0edd9_S-D-P_01bed9b1.json.gz
 create mode 100644 task1/evidence/goal2/runs/g2-development-parameters-01/cfg-69a9139380a0edd9_S-D-P_01bed9b1_review.json
 create mode 100644 task1/evidence/goal2/runs/g2-development-parameters-01/cfg-6b37e535e1ea2046_S-D-P_01bed9b1.json.gz
 create mode 100644 task1/evidence/goal2/runs/g2-development-parameters-01/cfg-6b37e535e1ea2046_S-D-P_01bed9b1_review.json
 create mode 100644 task1/evidence/goal2/runs/g2-development-parameters-01/cfg-7261bd230cb316ee_S-D-P_01bed9b1.json.gz
 create mode 100644 task1/evidence/goal2/runs/g2-development-parameters-01/cfg-7261bd230cb316ee_S-D-P_01bed9b1_review.json
 create mode 100644 task1/evidence/goal2/runs/g2-development-parameters-01/cfg-7380d059299db45a_S-D-P_01bed9b1.json.gz
 create mode 100644 task1/evidence/goal2/runs/g2-development-parameters-01/cfg-7380d059299db45a_S-D-P_01bed9b1_review.json
 create mode 100644 task1/evidence/goal2/runs/g2-development-parameters-01/cfg-76a4880c98ee54c6_S-D-P_01bed9b1.json.gz
 create mode 100644 task1/evidence/goal2/runs/g2-development-parameters-01/cfg-76a4880c98ee54c6_S-D-P_01bed9b1_review.json
 create mode 100644 task1/evidence/goal2/runs/g2-development-parameters-01/cfg-7a5c632edc26a683_S-D-P_01bed9b1.json.gz
 create mode 100644 task1/evidence/goal2/runs/g2-development-parameters-01/cfg-7a5c632edc26a683_S-D-P_01bed9b1_review.json
 create mode 100644 task1/evidence/goal2/runs/g2-development-parameters-01/cfg-7b4506482fa0b5f2_S-D-P_01bed9b1.json.gz
 create mode 100644 task1/evidence/goal2/runs/g2-development-parameters-01/cfg-7b4506482fa0b5f2_S-D-P_01bed9b1_review.json
 create mode 100644 task1/evidence/goal2/runs/g2-development-parameters-01/cfg-7b664c0314ac01a9_S-D-P_01bed9b1.json.gz
 create mode 100644 task1/evidence/goal2/runs/g2-development-parameters-01/cfg-7b664c0314ac01a9_S-D-P_01bed9b1_review.json
 create mode 100644 task1/evidence/goal2/runs/g2-development-parameters-01/cfg-7de891c7d65fc173_S-D-P_01bed9b1.json.gz
 create mode 100644 task1/evidence/goal2/runs/g2-development-parameters-01/cfg-7de891c7d65fc173_S-D-P_01bed9b1_review.json
 create mode 100644 task1/evidence/goal2/runs/g2-development-parameters-01/cfg-81a89e633001f457_S-D-P_01bed9b1.json.gz
 create mode 100644 task1/evidence/goal2/runs/g2-development-parameters-01/cfg-81a89e633001f457_S-D-P_01bed9b1_review.json
 create mode 100644 task1/evidence/goal2/runs/g2-development-parameters-01/cfg-85746847a32cb544_S-D-P_01bed9b1.json.gz
 create mode 100644 task1/evidence/goal2/runs/g2-development-parameters-01/cfg-85746847a32cb544_S-D-P_01bed9b1_review.json
 create mode 100644 task1/evidence/goal2/runs/g2-development-parameters-01/cfg-857da90ed04ebbbe_S-D-P_01bed9b1.json.gz
 create mode 100644 task1/evidence/goal2/runs/g2-development-parameters-01/cfg-857da90ed04ebbbe_S-D-P_01bed9b1_review.json
 create mode 100644 task1/evidence/goal2/runs/g2-development-parameters-01/cfg-893931df60c3d3d6_S-D-P_01bed9b1.json.gz
 create mode 100644 task1/evidence/goal2/runs/g2-development-parameters-01/cfg-893931df60c3d3d6_S-D-P_01bed9b1_review.json
 create mode 100644 task1/evidence/goal2/runs/g2-development-parameters-01/cfg-901645379df0db06_S-D-P_01bed9b1.json.gz
 create mode 100644 task1/evidence/goal2/runs/g2-development-parameters-01/cfg-901645379df0db06_S-D-P_01bed9b1_review.json
 create mode 100644 task1/evidence/goal2/runs/g2-development-parameters-01/cfg-90310668f6147653_S-D-P_01bed9b1.json.gz
 create mode 100644 task1/evidence/goal2/runs/g2-development-parameters-01/cfg-90310668f6147653_S-D-P_01bed9b1_review.json
 create mode 100644 task1/evidence/goal2/runs/g2-development-parameters-01/cfg-9733e27113ed91ea_S-D-P_01bed9b1.json.gz
 create mode 100644 task1/evidence/goal2/runs/g2-development-parameters-01/cfg-9733e27113ed91ea_S-D-P_01bed9b1_review.json
 create mode 100644 task1/evidence/goal2/runs/g2-development-parameters-01/cfg-9d355d795468065c_S-D-P_01bed9b1.json.gz
 create mode 100644 task1/evidence/goal2/runs/g2-development-parameters-01/cfg-9d355d795468065c_S-D-P_01bed9b1_review.json
 create mode 100644 task1/evidence/goal2/runs/g2-development-parameters-01/cfg-a14223bb071ea6fe_S-D-P_01bed9b1.json.gz
 create mode 100644 task1/evidence/goal2/runs/g2-development-parameters-01/cfg-a14223bb071ea6fe_S-D-P_01bed9b1_review.json
 create mode 100644 task1/evidence/goal2/runs/g2-development-parameters-01/cfg-a44fa1691cdad5d4_S-D-P_01bed9b1.json.gz
 create mode 100644 task1/evidence/goal2/runs/g2-development-parameters-01/cfg-a44fa1691cdad5d4_S-D-P_01bed9b1_review.json
 create mode 100644 task1/evidence/goal2/runs/g2-development-parameters-01/cfg-a5483ca9cb883a91_S-D-P_01bed9b1.json.gz
 create mode 100644 task1/evidence/goal2/runs/g2-development-parameters-01/cfg-a5483ca9cb883a91_S-D-P_01bed9b1_review.json
 create mode 100644 task1/evidence/goal2/runs/g2-development-parameters-01/cfg-a676557c7da6251e_S-D-P_01bed9b1.json.gz
 create mode 100644 task1/evidence/goal2/runs/g2-development-parameters-01/cfg-a676557c7da6251e_S-D-P_01bed9b1_review.json
 create mode 100644 task1/evidence/goal2/runs/g2-development-parameters-01/cfg-b15b8281b73592fb_S-D-P_01bed9b1.json.gz
 create mode 100644 task1/evidence/goal2/runs/g2-development-parameters-01/cfg-b15b8281b73592fb_S-D-P_01bed9b1_review.json
 create mode 100644 task1/evidence/goal2/runs/g2-development-parameters-01/cfg-b3034e58a529fd4a_S-D-P_01bed9b1.json.gz
 create mode 100644 task1/evidence/goal2/runs/g2-development-parameters-01/cfg-b3034e58a529fd4a_S-D-P_01bed9b1_review.json
 create mode 100644 task1/evidence/goal2/runs/g2-development-parameters-01/cfg-b64eb945a846910c_S-D-P_01bed9b1.json.gz
 create mode 100644 task1/evidence/goal2/runs/g2-development-parameters-01/cfg-b64eb945a846910c_S-D-P_01bed9b1_review.json
 create mode 100644 task1/evidence/goal2/runs/g2-development-parameters-01/cfg-b985b9509ecc8ff6_S-D-P_01bed9b1.json.gz
 create mode 100644 task1/evidence/goal2/runs/g2-development-parameters-01/cfg-b985b9509ecc8ff6_S-D-P_01bed9b1_review.json
 create mode 100644 task1/evidence/goal2/runs/g2-development-parameters-01/cfg-c19c8952dfd15e20_S-D-P_01bed9b1.json.gz
 create mode 100644 task1/evidence/goal2/runs/g2-development-parameters-01/cfg-c19c8952dfd15e20_S-D-P_01bed9b1_review.json
 create mode 100644 task1/evidence/goal2/runs/g2-development-parameters-01/cfg-c75c27c441321c6a_S-D-P_01bed9b1.json.gz
 create mode 100644 task1/evidence/goal2/runs/g2-development-parameters-01/cfg-c75c27c441321c6a_S-D-P_01bed9b1_review.json
 create mode 100644 task1/evidence/goal2/runs/g2-development-parameters-01/cfg-cfcdb0f0e22b991f_S-D-P_01bed9b1.json.gz
 create mode 100644 task1/evidence/goal2/runs/g2-development-parameters-01/cfg-cfcdb0f0e22b991f_S-D-P_01bed9b1_review.json
 create mode 100644 task1/evidence/goal2/runs/g2-development-parameters-01/cfg-d4df6d869dc800d6_S-D-P_01bed9b1.json.gz
 create mode 100644 task1/evidence/goal2/runs/g2-development-parameters-01/cfg-d4df6d869dc800d6_S-D-P_01bed9b1_review.json
 create mode 100644 task1/evidence/goal2/runs/g2-development-parameters-01/cfg-d4ff6528d1731c17_S-D-P_01bed9b1.json.gz
 create mode 100644 task1/evidence/goal2/runs/g2-development-parameters-01/cfg-d4ff6528d1731c17_S-D-P_01bed9b1_review.json
 create mode 100644 task1/evidence/goal2/runs/g2-development-parameters-01/cfg-dc3bdca5d6cb9c1f_S-D-P_01bed9b1.json.gz
 create mode 100644 task1/evidence/goal2/runs/g2-development-parameters-01/cfg-dc3bdca5d6cb9c1f_S-D-P_01bed9b1_review.json
 create mode 100644 task1/evidence/goal2/runs/g2-development-parameters-01/cfg-df6f00206fb03678_S-D-P_01bed9b1.json.gz
 create mode 100644 task1/evidence/goal2/runs/g2-development-parameters-01/cfg-df6f00206fb03678_S-D-P_01bed9b1_review.json
 create mode 100644 task1/evidence/goal2/runs/g2-development-parameters-01/cfg-e8ff0df5800d5c3b_S-D-P_01bed9b1.json.gz
 create mode 100644 task1/evidence/goal2/runs/g2-development-parameters-01/cfg-e8ff0df5800d5c3b_S-D-P_01bed9b1_review.json
 create mode 100644 task1/evidence/goal2/runs/g2-development-parameters-01/cfg-fd21019cc8ca3842_S-D-P_01bed9b1.json.gz
 create mode 100644 task1/evidence/goal2/runs/g2-development-parameters-01/cfg-fd21019cc8ca3842_S-D-P_01bed9b1_review.json
 create mode 100644 task1/evidence/goal2/runs/g2-development-parameters-01/manifest.json
 create mode 100644 task1/evidence/goal2/runs/g2-development-parameters-01/parameter_table.json
 create mode 100644 task1/evidence/goal2/runs/g2-development-parameters-02/cfg-00ad40b806af82f6_S-D-P_01bed9b1.json.gz
 create mode 100644 task1/evidence/goal2/runs/g2-development-parameters-02/cfg-00ad40b806af82f6_S-D-P_01bed9b1_review.json
 create mode 100644 task1/evidence/goal2/runs/g2-development-parameters-02/cfg-060195700887c44a_S-D-P_01bed9b1.json.gz
 create mode 100644 task1/evidence/goal2/runs/g2-development-parameters-02/cfg-060195700887c44a_S-D-P_01bed9b1_review.json
 create mode 100644 task1/evidence/goal2/runs/g2-development-parameters-02/cfg-0ad662cd1af68eaf_S-D-P_01bed9b1.json.gz
 create mode 100644 task1/evidence/goal2/runs/g2-development-parameters-02/cfg-0ad662cd1af68eaf_S-D-P_01bed9b1_review.json
 create mode 100644 task1/evidence/goal2/runs/g2-development-parameters-02/cfg-15934b797839150f_S-D-P_01bed9b1.json.gz
 create mode 100644 task1/evidence/goal2/runs/g2-development-parameters-02/cfg-15934b797839150f_S-D-P_01bed9b1_review.json
 create mode 100644 task1/evidence/goal2/runs/g2-development-parameters-02/cfg-1e535c3fe3cc8ae1_S-D-P_01bed9b1.json.gz
 create mode 100644 task1/evidence/goal2/runs/g2-development-parameters-02/cfg-1e535c3fe3cc8ae1_S-D-P_01bed9b1_review.json
 create mode 100644 task1/evidence/goal2/runs/g2-development-parameters-02/cfg-2145210f6818db22_S-D-P_01bed9b1.json.gz
 create mode 100644 task1/evidence/goal2/runs/g2-development-parameters-02/cfg-2145210f6818db22_S-D-P_01bed9b1_review.json
 create mode 100644 task1/evidence/goal2/runs/g2-development-parameters-02/cfg-24646b7acfafee8e_S-D-P_01bed9b1.json.gz
 create mode 100644 task1/evidence/goal2/runs/g2-development-parameters-02/cfg-24646b7acfafee8e_S-D-P_01bed9b1_review.json
 create mode 100644 task1/evidence/goal2/runs/g2-development-parameters-02/cfg-3096d8e282282635_S-D-P_01bed9b1.json.gz
 create mode 100644 task1/evidence/goal2/runs/g2-development-parameters-02/cfg-3096d8e282282635_S-D-P_01bed9b1_review.json
 create mode 100644 task1/evidence/goal2/runs/g2-development-parameters-02/cfg-322e68540606f046_S-D-P_01bed9b1.json.gz
 create mode 100644 task1/evidence/goal2/runs/g2-development-parameters-02/cfg-322e68540606f046_S-D-P_01bed9b1_review.json
 create mode 100644 task1/evidence/goal2/runs/g2-development-parameters-02/cfg-38b5af70752afcf3_S-D-P_01bed9b1.json.gz
 create mode 100644 task1/evidence/goal2/runs/g2-development-parameters-02/cfg-38b5af70752afcf3_S-D-P_01bed9b1_review.json
 create mode 100644 task1/evidence/goal2/runs/g2-development-parameters-02/cfg-3f2e270c7b010996_S-D-P_01bed9b1.json.gz
 create mode 100644 task1/evidence/goal2/runs/g2-development-parameters-02/cfg-3f2e270c7b010996_S-D-P_01bed9b1_review.json
 create mode 100644 task1/evidence/goal2/runs/g2-development-parameters-02/cfg-43be70fbb61e9927_S-D-P_01bed9b1.json.gz
 create mode 100644 task1/evidence/goal2/runs/g2-development-parameters-02/cfg-43be70fbb61e9927_S-D-P_01bed9b1_review.json
 create mode 100644 task1/evidence/goal2/runs/g2-development-parameters-02/cfg-4ad6ba13aaf512f3_S-D-P_01bed9b1.json.gz
 create mode 100644 task1/evidence/goal2/runs/g2-development-parameters-02/cfg-4ad6ba13aaf512f3_S-D-P_01bed9b1_review.json
 create mode 100644 task1/evidence/goal2/runs/g2-development-parameters-02/cfg-4ba6fa8d8c11a024_S-D-P_01bed9b1.json.gz
 create mode 100644 task1/evidence/goal2/runs/g2-development-parameters-02/cfg-4ba6fa8d8c11a024_S-D-P_01bed9b1_review.json
 create mode 100644 task1/evidence/goal2/runs/g2-development-parameters-02/cfg-522fba6abbf5d1bc_S-D-P_01bed9b1.json.gz
 create mode 100644 task1/evidence/goal2/runs/g2-development-parameters-02/cfg-522fba6abbf5d1bc_S-D-P_01bed9b1_review.json
 create mode 100644 task1/evidence/goal2/runs/g2-development-parameters-02/cfg-5279f18a16a391af_S-D-P_01bed9b1.json.gz
 create mode 100644 task1/evidence/goal2/runs/g2-development-parameters-02/cfg-5279f18a16a391af_S-D-P_01bed9b1_review.json
 create mode 100644 task1/evidence/goal2/runs/g2-development-parameters-02/cfg-56d9babc85c51d64_S-D-P_01bed9b1.json.gz
 create mode 100644 task1/evidence/goal2/runs/g2-development-parameters-02/cfg-56d9babc85c51d64_S-D-P_01bed9b1_review.json
 create mode 100644 task1/evidence/goal2/runs/g2-development-parameters-02/cfg-59d5d0c23b67d172_S-D-P_01bed9b1.json.gz
 create mode 100644 task1/evidence/goal2/runs/g2-development-parameters-02/cfg-59d5d0c23b67d172_S-D-P_01bed9b1_review.json
 create mode 100644 task1/evidence/goal2/runs/g2-development-parameters-02/cfg-5f3726776663985b_S-D-P_01bed9b1.json.gz
 create mode 100644 task1/evidence/goal2/runs/g2-development-parameters-02/cfg-5f3726776663985b_S-D-P_01bed9b1_review.json
 create mode 100644 task1/evidence/goal2/runs/g2-development-parameters-02/cfg-628483ab24c0b6b1_S-D-P_01bed9b1.json.gz
 create mode 100644 task1/evidence/goal2/runs/g2-development-parameters-02/cfg-628483ab24c0b6b1_S-D-P_01bed9b1_review.json
 create mode 100644 task1/evidence/goal2/runs/g2-development-parameters-02/cfg-63139d05595c253c_S-D-P_01bed9b1.json.gz
 create mode 100644 task1/evidence/goal2/runs/g2-development-parameters-02/cfg-63139d05595c253c_S-D-P_01bed9b1_review.json
 create mode 100644 task1/evidence/goal2/runs/g2-development-parameters-02/cfg-64af02f0e5043228_S-D-P_01bed9b1.json.gz
 create mode 100644 task1/evidence/goal2/runs/g2-development-parameters-02/cfg-64af02f0e5043228_S-D-P_01bed9b1_review.json
 create mode 100644 task1/evidence/goal2/runs/g2-development-parameters-02/cfg-6599edd5fcbf75b1_S-D-P_01bed9b1.json.gz
 create mode 100644 task1/evidence/goal2/runs/g2-development-parameters-02/cfg-6599edd5fcbf75b1_S-D-P_01bed9b1_review.json
 create mode 100644 task1/evidence/goal2/runs/g2-development-parameters-02/cfg-65d9f66c5a9b483a_S-D-P_01bed9b1.json.gz
 create mode 100644 task1/evidence/goal2/runs/g2-development-parameters-02/cfg-65d9f66c5a9b483a_S-D-P_01bed9b1_review.json
 create mode 100644 task1/evidence/goal2/runs/g2-development-parameters-02/cfg-672c311f4dabd45c_S-D-P_01bed9b1.json.gz
 create mode 100644 task1/evidence/goal2/runs/g2-development-parameters-02/cfg-672c311f4dabd45c_S-D-P_01bed9b1_review.json
 create mode 100644 task1/evidence/goal2/runs/g2-development-parameters-02/cfg-69a9139380a0edd9_S-D-P_01bed9b1.json.gz
 create mode 100644 task1/evidence/goal2/runs/g2-development-parameters-02/cfg-69a9139380a0edd9_S-D-P_01bed9b1_review.json
 create mode 100644 task1/evidence/goal2/runs/g2-development-parameters-02/cfg-6b37e535e1ea2046_S-D-P_01bed9b1.json.gz
 create mode 100644 task1/evidence/goal2/runs/g2-development-parameters-02/cfg-6b37e535e1ea2046_S-D-P_01bed9b1_review.json
 create mode 100644 task1/evidence/goal2/runs/g2-development-parameters-02/cfg-7261bd230cb316ee_S-D-P_01bed9b1.json.gz
 create mode 100644 task1/evidence/goal2/runs/g2-development-parameters-02/cfg-7261bd230cb316ee_S-D-P_01bed9b1_review.json
 create mode 100644 task1/evidence/goal2/runs/g2-development-parameters-02/cfg-7380d059299db45a_S-D-P_01bed9b1.json.gz
 create mode 100644 task1/evidence/goal2/runs/g2-development-parameters-02/cfg-7380d059299db45a_S-D-P_01bed9b1_review.json
 create mode 100644 task1/evidence/goal2/runs/g2-development-parameters-02/cfg-76a4880c98ee54c6_S-D-P_01bed9b1.json.gz
 create mode 100644 task1/evidence/goal2/runs/g2-development-parameters-02/cfg-76a4880c98ee54c6_S-D-P_01bed9b1_review.json
 create mode 100644 task1/evidence/goal2/runs/g2-development-parameters-02/cfg-7a5c632edc26a683_S-D-P_01bed9b1.json.gz
 create mode 100644 task1/evidence/goal2/runs/g2-development-parameters-02/cfg-7a5c632edc26a683_S-D-P_01bed9b1_review.json
 create mode 100644 task1/evidence/goal2/runs/g2-development-parameters-02/cfg-7b4506482fa0b5f2_S-D-P_01bed9b1.json.gz
 create mode 100644 task1/evidence/goal2/runs/g2-development-parameters-02/cfg-7b4506482fa0b5f2_S-D-P_01bed9b1_review.json
 create mode 100644 task1/evidence/goal2/runs/g2-development-parameters-02/cfg-7b664c0314ac01a9_S-D-P_01bed9b1.json.gz
 create mode 100644 task1/evidence/goal2/runs/g2-development-parameters-02/cfg-7b664c0314ac01a9_S-D-P_01bed9b1_review.json
 create mode 100644 task1/evidence/goal2/runs/g2-development-parameters-02/cfg-7de891c7d65fc173_S-D-P_01bed9b1.json.gz
 create mode 100644 task1/evidence/goal2/runs/g2-development-parameters-02/cfg-7de891c7d65fc173_S-D-P_01bed9b1_review.json
 create mode 100644 task1/evidence/goal2/runs/g2-development-parameters-02/cfg-81a89e633001f457_S-D-P_01bed9b1.json.gz
 create mode 100644 task1/evidence/goal2/runs/g2-development-parameters-02/cfg-81a89e633001f457_S-D-P_01bed9b1_review.json
 create mode 100644 task1/evidence/goal2/runs/g2-development-parameters-02/cfg-85746847a32cb544_S-D-P_01bed9b1.json.gz
 create mode 100644 task1/evidence/goal2/runs/g2-development-parameters-02/cfg-85746847a32cb544_S-D-P_01bed9b1_review.json
 create mode 100644 task1/evidence/goal2/runs/g2-development-parameters-02/cfg-857da90ed04ebbbe_S-D-P_01bed9b1.json.gz
 create mode 100644 task1/evidence/goal2/runs/g2-development-parameters-02/cfg-857da90ed04ebbbe_S-D-P_01bed9b1_review.json
 create mode 100644 task1/evidence/goal2/runs/g2-development-parameters-02/cfg-893931df60c3d3d6_S-D-P_01bed9b1.json.gz
 create mode 100644 task1/evidence/goal2/runs/g2-development-parameters-02/cfg-893931df60c3d3d6_S-D-P_01bed9b1_review.json
 create mode 100644 task1/evidence/goal2/runs/g2-development-parameters-02/cfg-901645379df0db06_S-D-P_01bed9b1.json.gz
 create mode 100644 task1/evidence/goal2/runs/g2-development-parameters-02/cfg-901645379df0db06_S-D-P_01bed9b1_review.json
 create mode 100644 task1/evidence/goal2/runs/g2-development-parameters-02/cfg-90310668f6147653_S-D-P_01bed9b1.json.gz
 create mode 100644 task1/evidence/goal2/runs/g2-development-parameters-02/cfg-90310668f6147653_S-D-P_01bed9b1_review.json
 create mode 100644 task1/evidence/goal2/runs/g2-development-parameters-02/cfg-9733e27113ed91ea_S-D-P_01bed9b1.json.gz
 create mode 100644 task1/evidence/goal2/runs/g2-development-parameters-02/cfg-9733e27113ed91ea_S-D-P_01bed9b1_review.json
 create mode 100644 task1/evidence/goal2/runs/g2-development-parameters-02/cfg-9d355d795468065c_S-D-P_01bed9b1.json.gz
 create mode 100644 task1/evidence/goal2/runs/g2-development-parameters-02/cfg-9d355d795468065c_S-D-P_01bed9b1_review.json
 create mode 100644 task1/evidence/goal2/runs/g2-development-parameters-02/cfg-a14223bb071ea6fe_S-D-P_01bed9b1.json.gz
 create mode 100644 task1/evidence/goal2/runs/g2-development-parameters-02/cfg-a14223bb071ea6fe_S-D-P_01bed9b1_review.json
 create mode 100644 task1/evidence/goal2/runs/g2-development-parameters-02/cfg-a44fa1691cdad5d4_S-D-P_01bed9b1.json.gz
 create mode 100644 task1/evidence/goal2/runs/g2-development-parameters-02/cfg-a44fa1691cdad5d4_S-D-P_01bed9b1_review.json
 create mode 100644 task1/evidence/goal2/runs/g2-development-parameters-02/cfg-a5483ca9cb883a91_S-D-P_01bed9b1.json.gz
 create mode 100644 task1/evidence/goal2/runs/g2-development-parameters-02/cfg-a5483ca9cb883a91_S-D-P_01bed9b1_review.json
 create mode 100644 task1/evidence/goal2/runs/g2-development-parameters-02/cfg-a676557c7da6251e_S-D-P_01bed9b1.json.gz
 create mode 100644 task1/evidence/goal2/runs/g2-development-parameters-02/cfg-a676557c7da6251e_S-D-P_01bed9b1_review.json
 create mode 100644 task1/evidence/goal2/runs/g2-development-parameters-02/cfg-b15b8281b73592fb_S-D-P_01bed9b1.json.gz
 create mode 100644 task1/evidence/goal2/runs/g2-development-parameters-02/cfg-b15b8281b73592fb_S-D-P_01bed9b1_review.json
 create mode 100644 task1/evidence/goal2/runs/g2-development-parameters-02/cfg-b3034e58a529fd4a_S-D-P_01bed9b1.json.gz
 create mode 100644 task1/evidence/goal2/runs/g2-development-parameters-02/cfg-b3034e58a529fd4a_S-D-P_01bed9b1_review.json
 create mode 100644 task1/evidence/goal2/runs/g2-development-parameters-02/cfg-b64eb945a846910c_S-D-P_01bed9b1.json.gz
 create mode 100644 task1/evidence/goal2/runs/g2-development-parameters-02/cfg-b64eb945a846910c_S-D-P_01bed9b1_review.json
 create mode 100644 task1/evidence/goal2/runs/g2-development-parameters-02/cfg-b985b9509ecc8ff6_S-D-P_01bed9b1.json.gz
 create mode 100644 task1/evidence/goal2/runs/g2-development-parameters-02/cfg-b985b9509ecc8ff6_S-D-P_01bed9b1_review.json
 create mode 100644 task1/evidence/goal2/runs/g2-development-parameters-02/cfg-c19c8952dfd15e20_S-D-P_01bed9b1.json.gz
 create mode 100644 task1/evidence/goal2/runs/g2-development-parameters-02/cfg-c19c8952dfd15e20_S-D-P_01bed9b1_review.json
 create mode 100644 task1/evidence/goal2/runs/g2-development-parameters-02/cfg-c75c27c441321c6a_S-D-P_01bed9b1.json.gz
 create mode 100644 task1/evidence/goal2/runs/g2-development-parameters-02/cfg-c75c27c441321c6a_S-D-P_01bed9b1_review.json
 create mode 100644 task1/evidence/goal2/runs/g2-development-parameters-02/cfg-cfcdb0f0e22b991f_S-D-P_01bed9b1.json.gz
 create mode 100644 task1/evidence/goal2/runs/g2-development-parameters-02/cfg-cfcdb0f0e22b991f_S-D-P_01bed9b1_review.json
 create mode 100644 task1/evidence/goal2/runs/g2-development-parameters-02/cfg-d4df6d869dc800d6_S-D-P_01bed9b1.json.gz
 create mode 100644 task1/evidence/goal2/runs/g2-development-parameters-02/cfg-d4df6d869dc800d6_S-D-P_01bed9b1_review.json
 create mode 100644 task1/evidence/goal2/runs/g2-development-parameters-02/cfg-d4ff6528d1731c17_S-D-P_01bed9b1.json.gz
 create mode 100644 task1/evidence/goal2/runs/g2-development-parameters-02/cfg-d4ff6528d1731c17_S-D-P_01bed9b1_review.json
 create mode 100644 task1/evidence/goal2/runs/g2-development-parameters-02/cfg-dc3bdca5d6cb9c1f_S-D-P_01bed9b1.json.gz
 create mode 100644 task1/evidence/goal2/runs/g2-development-parameters-02/cfg-dc3bdca5d6cb9c1f_S-D-P_01bed9b1_review.json
 create mode 100644 task1/evidence/goal2/runs/g2-development-parameters-02/cfg-df6f00206fb03678_S-D-P_01bed9b1.json.gz
 create mode 100644 task1/evidence/goal2/runs/g2-development-parameters-02/cfg-df6f00206fb03678_S-D-P_01bed9b1_review.json
 create mode 100644 task1/evidence/goal2/runs/g2-development-parameters-02/cfg-e8ff0df5800d5c3b_S-D-P_01bed9b1.json.gz
 create mode 100644 task1/evidence/goal2/runs/g2-development-parameters-02/cfg-e8ff0df5800d5c3b_S-D-P_01bed9b1_review.json
 create mode 100644 task1/evidence/goal2/runs/g2-development-parameters-02/cfg-fd21019cc8ca3842_S-D-P_01bed9b1.json.gz
 create mode 100644 task1/evidence/goal2/runs/g2-development-parameters-02/cfg-fd21019cc8ca3842_S-D-P_01bed9b1_review.json
 create mode 100644 task1/evidence/goal2/runs/g2-development-parameters-02/manifest.json
 create mode 100644 task1/evidence/goal2/runs/g2-development-parameters-02/parameter_table.json
 create mode 100644 task1/evidence/goal2/runs/g2-engineering-smoke-01/cfg-b15b8281b73592fb_S-D-P_27d727fc.json.gz
 create mode 100644 task1/evidence/goal2/runs/g2-engineering-smoke-01/cfg-b15b8281b73592fb_S-D-P_27d727fc_review.json
 create mode 100644 task1/evidence/goal2/runs/g2-engineering-smoke-01/cfg-df6f00206fb03678_S-D-P_27d727fc.json.gz
 create mode 100644 task1/evidence/goal2/runs/g2-engineering-smoke-01/cfg-df6f00206fb03678_S-D-P_27d727fc_review.json
 create mode 100644 task1/evidence/goal2/runs/g2-engineering-smoke-01/manifest.json
 create mode 100644 task1/evidence/goal2/runs/g2-evaluation-modes-01/manifest.json
 create mode 100644 task1/evidence/goal2/runs/g2-evaluation-modes-01/modes/G2_EVAL-llm+memory+search-e1-b0/10003_candidate_traces.json.gz
 create mode 100644 task1/evidence/goal2/runs/g2-evaluation-modes-01/modes/G2_EVAL-llm+memory+search-e1-b0/10003_lock.json
 create mode 100644 task1/evidence/goal2/runs/g2-evaluation-modes-01/modes/G2_EVAL-llm+memory+search-e1-b0/1887_candidate_traces.json.gz
 create mode 100644 task1/evidence/goal2/runs/g2-evaluation-modes-01/modes/G2_EVAL-llm+memory+search-e1-b0/1887_lock.json
 create mode 100644 task1/evidence/goal2/runs/g2-evaluation-modes-01/modes/G2_EVAL-llm+memory+search-e1-b0/2064_candidate_traces.json.gz
 create mode 100644 task1/evidence/goal2/runs/g2-evaluation-modes-01/modes/G2_EVAL-llm+memory+search-e1-b0/2064_lock.json
 create mode 100644 task1/evidence/goal2/runs/g2-evaluation-modes-01/modes/G2_EVAL-llm+memory+search-e1-b0/2225_candidate_traces.json.gz
 create mode 100644 task1/evidence/goal2/runs/g2-evaluation-modes-01/modes/G2_EVAL-llm+memory+search-e1-b0/2225_lock.json
 create mode 100644 task1/evidence/goal2/runs/g2-evaluation-modes-01/modes/G2_EVAL-llm+memory+search-e1-b0/588_candidate_traces.json.gz
 create mode 100644 task1/evidence/goal2/runs/g2-evaluation-modes-01/modes/G2_EVAL-llm+memory+search-e1-b0/588_lock.json
 create mode 100644 task1/evidence/goal2/runs/g2-evaluation-modes-01/modes/G2_EVAL-llm+memory+search-e1-b0/7253_candidate_traces.json.gz
 create mode 100644 task1/evidence/goal2/runs/g2-evaluation-modes-01/modes/G2_EVAL-llm+memory+search-e1-b0/7253_lock.json
 create mode 100644 task1/evidence/goal2/runs/g2-evaluation-modes-01/modes/G2_EVAL-llm+memory+search-e1-b0/8424_candidate_traces.json.gz
 create mode 100644 task1/evidence/goal2/runs/g2-evaluation-modes-01/modes/G2_EVAL-llm+memory+search-e1-b0/8424_lock.json
 create mode 100644 task1/evidence/goal2/runs/g2-evaluation-modes-01/modes/G2_EVAL-llm+memory+search-e1-b0/8522_candidate_traces.json.gz
 create mode 100644 task1/evidence/goal2/runs/g2-evaluation-modes-01/modes/G2_EVAL-llm+memory+search-e1-b0/8522_lock.json
 create mode 100644 task1/evidence/goal2/runs/g2-evaluation-modes-01/modes/G2_EVAL-llm+memory+search-e1-b0/episode.json
 create mode 100644 task1/evidence/goal2/runs/g2-evaluation-modes-01/modes/G2_EVAL-llm+memory+search-e1-b0/memory_retrieval.json
 create mode 100644 task1/evidence/goal2/runs/g2-evaluation-modes-01/modes/G2_EVAL-llm+memory+search-e1-b0/round1_call/attempt01/dispatch.json
 create mode 100644 task1/evidence/goal2/runs/g2-evaluation-modes-01/modes/G2_EVAL-llm+memory+search-e1-b0/round1_call/attempt01/input.json
 create mode 100644 task1/evidence/goal2/runs/g2-evaluation-modes-01/modes/G2_EVAL-llm+memory+search-e1-b0/round1_call/attempt01/receipt.json
 create mode 100644 task1/evidence/goal2/runs/g2-evaluation-modes-01/modes/G2_EVAL-llm+memory+search-e1-b0/round1_call/attempt01/response.json
 create mode 100644 task1/evidence/goal2/runs/g2-evaluation-modes-01/modes/G2_EVAL-llm+memory+search-e1-b0/round1_call/attempt01/visible_events.jsonl
 create mode 100644 task1/evidence/goal2/runs/g2-evaluation-modes-01/modes/G2_EVAL-llm+memory+search-e1-b0/round1_checkpoint.json
 create mode 100644 task1/evidence/goal2/runs/g2-evaluation-modes-01/modes/G2_EVAL-llm+memory+search-e1-b0/round1_context.json
 create mode 100644 task1/evidence/goal2/runs/g2-evaluation-modes-01/modes/G2_EVAL-llm+memory+search-e1-b0/round1_validation.json
 create mode 100644 task1/evidence/goal2/runs/g2-evaluation-modes-01/modes/G2_EVAL-llm+memory+search-e1-b0/round2_call/attempt01/dispatch.json
 create mode 100644 task1/evidence/goal2/runs/g2-evaluation-modes-01/modes/G2_EVAL-llm+memory+search-e1-b0/round2_call/attempt01/input.json
 create mode 100644 task1/evidence/goal2/runs/g2-evaluation-modes-01/modes/G2_EVAL-llm+memory+search-e1-b0/round2_call/attempt01/receipt.json
 create mode 100644 task1/evidence/goal2/runs/g2-evaluation-modes-01/modes/G2_EVAL-llm+memory+search-e1-b0/round2_call/attempt01/response.json
 create mode 100644 task1/evidence/goal2/runs/g2-evaluation-modes-01/modes/G2_EVAL-llm+memory+search-e1-b0/round2_call/attempt01/visible_events.jsonl
 create mode 100644 task1/evidence/goal2/runs/g2-evaluation-modes-01/modes/G2_EVAL-llm+memory+search-e1-b0/round2_checkpoint.json
 create mode 100644 task1/evidence/goal2/runs/g2-evaluation-modes-01/modes/G2_EVAL-llm+memory+search-e1-b0/round2_context.json
 create mode 100644 task1/evidence/goal2/runs/g2-evaluation-modes-01/modes/G2_EVAL-llm+memory+search-e1-b0/round2_validation.json
 create mode 100644 task1/evidence/goal2/runs/g2-evaluation-modes-01/modes/G2_EVAL-llm+memory+search-e1-b0/round3_call/attempt01/dispatch.json
 create mode 100644 task1/evidence/goal2/runs/g2-evaluation-modes-01/modes/G2_EVAL-llm+memory+search-e1-b0/round3_call/attempt01/input.json
 create mode 100644 task1/evidence/goal2/runs/g2-evaluation-modes-01/modes/G2_EVAL-llm+memory+search-e1-b0/round3_call/attempt01/receipt.json
 create mode 100644 task1/evidence/goal2/runs/g2-evaluation-modes-01/modes/G2_EVAL-llm+memory+search-e1-b0/round3_call/attempt01/response.json
 create mode 100644 task1/evidence/goal2/runs/g2-evaluation-modes-01/modes/G2_EVAL-llm+memory+search-e1-b0/round3_call/attempt01/visible_events.jsonl
 create mode 100644 task1/evidence/goal2/runs/g2-evaluation-modes-01/modes/G2_EVAL-llm+memory+search-e1-b0/round3_checkpoint.json
 create mode 100644 task1/evidence/goal2/runs/g2-evaluation-modes-01/modes/G2_EVAL-llm+memory+search-e1-b0/round3_context.json
 create mode 100644 task1/evidence/goal2/runs/g2-evaluation-modes-01/modes/G2_EVAL-llm+memory+search-e1-b0/round3_validation.json
 create mode 100644 task1/evidence/goal2/runs/g2-evaluation-modes-01/modes/G2_EVAL-llm+memory+search-e1-b1/10927_candidate_traces.json.gz
 create mode 100644 task1/evidence/goal2/runs/g2-evaluation-modes-01/modes/G2_EVAL-llm+memory+search-e1-b1/10927_lock.json
 create mode 100644 task1/evidence/goal2/runs/g2-evaluation-modes-01/modes/G2_EVAL-llm+memory+search-e1-b1/1880_candidate_traces.json.gz
 create mode 100644 task1/evidence/goal2/runs/g2-evaluation-modes-01/modes/G2_EVAL-llm+memory+search-e1-b1/1880_lock.json
 create mode 100644 task1/evidence/goal2/runs/g2-evaluation-modes-01/modes/G2_EVAL-llm+memory+search-e1-b1/2297_candidate_traces.json.gz
 create mode 100644 task1/evidence/goal2/runs/g2-evaluation-modes-01/modes/G2_EVAL-llm+memory+search-e1-b1/2297_lock.json
 create mode 100644 task1/evidence/goal2/runs/g2-evaluation-modes-01/modes/G2_EVAL-llm+memory+search-e1-b1/7137_candidate_traces.json.gz
 create mode 100644 task1/evidence/goal2/runs/g2-evaluation-modes-01/modes/G2_EVAL-llm+memory+search-e1-b1/7137_lock.json
 create mode 100644 task1/evidence/goal2/runs/g2-evaluation-modes-01/modes/G2_EVAL-llm+memory+search-e1-b1/7711_candidate_traces.json.gz
 create mode 100644 task1/evidence/goal2/runs/g2-evaluation-modes-01/modes/G2_EVAL-llm+memory+search-e1-b1/7711_lock.json
 create mode 100644 task1/evidence/goal2/runs/g2-evaluation-modes-01/modes/G2_EVAL-llm+memory+search-e1-b1/9296_candidate_traces.json.gz
 create mode 100644 task1/evidence/goal2/runs/g2-evaluation-modes-01/modes/G2_EVAL-llm+memory+search-e1-b1/9296_lock.json
 create mode 100644 task1/evidence/goal2/runs/g2-evaluation-modes-01/modes/G2_EVAL-llm+memory+search-e1-b1/9673_candidate_traces.json.gz
 create mode 100644 task1/evidence/goal2/runs/g2-evaluation-modes-01/modes/G2_EVAL-llm+memory+search-e1-b1/9673_lock.json
 create mode 100644 task1/evidence/goal2/runs/g2-evaluation-modes-01/modes/G2_EVAL-llm+memory+search-e1-b1/9709_candidate_traces.json.gz
 create mode 100644 task1/evidence/goal2/runs/g2-evaluation-modes-01/modes/G2_EVAL-llm+memory+search-e1-b1/9709_lock.json
 create mode 100644 task1/evidence/goal2/runs/g2-evaluation-modes-01/modes/G2_EVAL-llm+memory+search-e1-b1/episode.json
 create mode 100644 task1/evidence/goal2/runs/g2-evaluation-modes-01/modes/G2_EVAL-llm+memory+search-e1-b1/memory_retrieval.json
 create mode 100644 task1/evidence/goal2/runs/g2-evaluation-modes-01/modes/G2_EVAL-llm+memory+search-e1-b1/round1_call/attempt01/dispatch.json
 create mode 100644 task1/evidence/goal2/runs/g2-evaluation-modes-01/modes/G2_EVAL-llm+memory+search-e1-b1/round1_call/attempt01/input.json
 create mode 100644 task1/evidence/goal2/runs/g2-evaluation-modes-01/modes/G2_EVAL-llm+memory+search-e1-b1/round1_call/attempt01/receipt.json
 create mode 100644 task1/evidence/goal2/runs/g2-evaluation-modes-01/modes/G2_EVAL-llm+memory+search-e1-b1/round1_call/attempt01/response.json
 create mode 100644 task1/evidence/goal2/runs/g2-evaluation-modes-01/modes/G2_EVAL-llm+memory+search-e1-b1/round1_call/attempt01/visible_events.jsonl
 create mode 100644 task1/evidence/goal2/runs/g2-evaluation-modes-01/modes/G2_EVAL-llm+memory+search-e1-b1/round1_checkpoint.json
 create mode 100644 task1/evidence/goal2/runs/g2-evaluation-modes-01/modes/G2_EVAL-llm+memory+search-e1-b1/round1_context.json
 create mode 100644 task1/evidence/goal2/runs/g2-evaluation-modes-01/modes/G2_EVAL-llm+memory+search-e1-b1/round1_validation.json
 create mode 100644 task1/evidence/goal2/runs/g2-evaluation-modes-01/modes/G2_EVAL-llm+memory+search-e1-b1/round2_call/attempt01/dispatch.json
 create mode 100644 task1/evidence/goal2/runs/g2-evaluation-modes-01/modes/G2_EVAL-llm+memory+search-e1-b1/round2_call/attempt01/input.json
 create mode 100644 task1/evidence/goal2/runs/g2-evaluation-modes-01/modes/G2_EVAL-llm+memory+search-e1-b1/round2_call/attempt01/receipt.json
 create mode 100644 task1/evidence/goal2/runs/g2-evaluation-modes-01/modes/G2_EVAL-llm+memory+search-e1-b1/round2_call/attempt01/response.json
 create mode 100644 task1/evidence/goal2/runs/g2-evaluation-modes-01/modes/G2_EVAL-llm+memory+search-e1-b1/round2_call/attempt01/visible_events.jsonl
 create mode 100644 task1/evidence/goal2/runs/g2-evaluation-modes-01/modes/G2_EVAL-llm+memory+search-e1-b1/round2_checkpoint.json
 create mode 100644 task1/evidence/goal2/runs/g2-evaluation-modes-01/modes/G2_EVAL-llm+memory+search-e1-b1/round2_context.json
 create mode 100644 task1/evidence/goal2/runs/g2-evaluation-modes-01/modes/G2_EVAL-llm+memory+search-e1-b1/round2_validation.json
 create mode 100644 task1/evidence/goal2/runs/g2-evaluation-modes-01/modes/G2_EVAL-llm+memory+search-e1-b1/round3_call/attempt01/dispatch.json
 create mode 100644 task1/evidence/goal2/runs/g2-evaluation-modes-01/modes/G2_EVAL-llm+memory+search-e1-b1/round3_call/attempt01/input.json
 create mode 100644 task1/evidence/goal2/runs/g2-evaluation-modes-01/modes/G2_EVAL-llm+memory+search-e1-b1/round3_call/attempt01/receipt.json
 create mode 100644 task1/evidence/goal2/runs/g2-evaluation-modes-01/modes/G2_EVAL-llm+memory+search-e1-b1/round3_call/attempt01/response.json
 create mode 100644 task1/evidence/goal2/runs/g2-evaluation-modes-01/modes/G2_EVAL-llm+memory+search-e1-b1/round3_call/attempt01/visible_events.jsonl
 create mode 100644 task1/evidence/goal2/runs/g2-evaluation-modes-01/modes/G2_EVAL-llm+memory+search-e1-b1/round3_checkpoint.json
 create mode 100644 task1/evidence/goal2/runs/g2-evaluation-modes-01/modes/G2_EVAL-llm+memory+search-e1-b1/round3_context.json
 create mode 100644 task1/evidence/goal2/runs/g2-evaluation-modes-01/modes/G2_EVAL-llm+memory+search-e1-b1/round3_validation.json
 create mode 100644 task1/evidence/goal2/runs/g2-evaluation-modes-01/modes/G2_EVAL-llm+memory+search-e1-b2/11148_candidate_traces.json.gz
 create mode 100644 task1/evidence/goal2/runs/g2-evaluation-modes-01/modes/G2_EVAL-llm+memory+search-e1-b2/11148_lock.json
 create mode 100644 task1/evidence/goal2/runs/g2-evaluation-modes-01/modes/G2_EVAL-llm+memory+search-e1-b2/3371_candidate_traces.json.gz
 create mode 100644 task1/evidence/goal2/runs/g2-evaluation-modes-01/modes/G2_EVAL-llm+memory+search-e1-b2/3371_lock.json
 create mode 100644 task1/evidence/goal2/runs/g2-evaluation-modes-01/modes/G2_EVAL-llm+memory+search-e1-b2/33_candidate_traces.json.gz
 create mode 100644 task1/evidence/goal2/runs/g2-evaluation-modes-01/modes/G2_EVAL-llm+memory+search-e1-b2/33_lock.json
 create mode 100644 task1/evidence/goal2/runs/g2-evaluation-modes-01/modes/G2_EVAL-llm+memory+search-e1-b2/3420_candidate_traces.json.gz
 create mode 100644 task1/evidence/goal2/runs/g2-evaluation-modes-01/modes/G2_EVAL-llm+memory+search-e1-b2/3420_lock.json
 create mode 100644 task1/evidence/goal2/runs/g2-evaluation-modes-01/modes/G2_EVAL-llm+memory+search-e1-b2/43_candidate_traces.json.gz
 create mode 100644 task1/evidence/goal2/runs/g2-evaluation-modes-01/modes/G2_EVAL-llm+memory+search-e1-b2/43_lock.json
 create mode 100644 task1/evidence/goal2/runs/g2-evaluation-modes-01/modes/G2_EVAL-llm+memory+search-e1-b2/7270_candidate_traces.json.gz
 create mode 100644 task1/evidence/goal2/runs/g2-evaluation-modes-01/modes/G2_EVAL-llm+memory+search-e1-b2/7270_lock.json
 create mode 100644 task1/evidence/goal2/runs/g2-evaluation-modes-01/modes/G2_EVAL-llm+memory+search-e1-b2/911_candidate_traces.json.gz
 create mode 100644 task1/evidence/goal2/runs/g2-evaluation-modes-01/modes/G2_EVAL-llm+memory+search-e1-b2/911_lock.json
 create mode 100644 task1/evidence/goal2/runs/g2-evaluation-modes-01/modes/G2_EVAL-llm+memory+search-e1-b2/955_candidate_traces.json.gz
 create mode 100644 task1/evidence/goal2/runs/g2-evaluation-modes-01/modes/G2_EVAL-llm+memory+search-e1-b2/955_lock.json
 create mode 100644 task1/evidence/goal2/runs/g2-evaluation-modes-01/modes/G2_EVAL-llm+memory+search-e1-b2/episode.json
 create mode 100644 task1/evidence/goal2/runs/g2-evaluation-modes-01/modes/G2_EVAL-llm+memory+search-e1-b2/memory_retrieval.json
 create mode 100644 task1/evidence/goal2/runs/g2-evaluation-modes-01/modes/G2_EVAL-llm+memory+search-e1-b2/round1_call/attempt01/dispatch.json
 create mode 100644 task1/evidence/goal2/runs/g2-evaluation-modes-01/modes/G2_EVAL-llm+memory+search-e1-b2/round1_call/attempt01/input.json
 create mode 100644 task1/evidence/goal2/runs/g2-evaluation-modes-01/modes/G2_EVAL-llm+memory+search-e1-b2/round1_call/attempt01/receipt.json
 create mode 100644 task1/evidence/goal2/runs/g2-evaluation-modes-01/modes/G2_EVAL-llm+memory+search-e1-b2/round1_call/attempt01/response.json
 create mode 100644 task1/evidence/goal2/runs/g2-evaluation-modes-01/modes/G2_EVAL-llm+memory+search-e1-b2/round1_call/attempt01/visible_events.jsonl
 create mode 100644 task1/evidence/goal2/runs/g2-evaluation-modes-01/modes/G2_EVAL-llm+memory+search-e1-b2/round1_checkpoint.json
 create mode 100644 task1/evidence/goal2/runs/g2-evaluation-modes-01/modes/G2_EVAL-llm+memory+search-e1-b2/round1_context.json
 create mode 100644 task1/evidence/goal2/runs/g2-evaluation-modes-01/modes/G2_EVAL-llm+memory+search-e1-b2/round1_validation.json
 create mode 100644 task1/evidence/goal2/runs/g2-evaluation-modes-01/modes/G2_EVAL-llm+memory+search-e1-b2/round2_call/attempt01/dispatch.json
 create mode 100644 task1/evidence/goal2/runs/g2-evaluation-modes-01/modes/G2_EVAL-llm+memory+search-e1-b2/round2_call/attempt01/input.json
 create mode 100644 task1/evidence/goal2/runs/g2-evaluation-modes-01/modes/G2_EVAL-llm+memory+search-e1-b2/round2_call/attempt01/receipt.json
 create mode 100644 task1/evidence/goal2/runs/g2-evaluation-modes-01/modes/G2_EVAL-llm+memory+search-e1-b2/round2_call/attempt01/response.json
 create mode 100644 task1/evidence/goal2/runs/g2-evaluation-modes-01/modes/G2_EVAL-llm+memory+search-e1-b2/round2_call/attempt01/visible_events.jsonl
 create mode 100644 task1/evidence/goal2/runs/g2-evaluation-modes-01/modes/G2_EVAL-llm+memory+search-e1-b2/round2_checkpoint.json
 create mode 100644 task1/evidence/goal2/runs/g2-evaluation-modes-01/modes/G2_EVAL-llm+memory+search-e1-b2/round2_context.json
 create mode 100644 task1/evidence/goal2/runs/g2-evaluation-modes-01/modes/G2_EVAL-llm+memory+search-e1-b2/round2_validation.json
 create mode 100644 task1/evidence/goal2/runs/g2-evaluation-modes-01/modes/G2_EVAL-llm+memory+search-e1-b2/round3_call/attempt01/dispatch.json
 create mode 100644 task1/evidence/goal2/runs/g2-evaluation-modes-01/modes/G2_EVAL-llm+memory+search-e1-b2/round3_call/attempt01/input.json
 create mode 100644 task1/evidence/goal2/runs/g2-evaluation-modes-01/modes/G2_EVAL-llm+memory+search-e1-b2/round3_call/attempt01/receipt.json
 create mode 100644 task1/evidence/goal2/runs/g2-evaluation-modes-01/modes/G2_EVAL-llm+memory+search-e1-b2/round3_call/attempt01/response.json
 create mode 100644 task1/evidence/goal2/runs/g2-evaluation-modes-01/modes/G2_EVAL-llm+memory+search-e1-b2/round3_call/attempt01/visible_events.jsonl
 create mode 100644 task1/evidence/goal2/runs/g2-evaluation-modes-01/modes/G2_EVAL-llm+memory+search-e1-b2/round3_checkpoint.json
 create mode 100644 task1/evidence/goal2/runs/g2-evaluation-modes-01/modes/G2_EVAL-llm+memory+search-e1-b2/round3_context.json
 create mode 100644 task1/evidence/goal2/runs/g2-evaluation-modes-01/modes/G2_EVAL-llm+memory+search-e1-b2/round3_validation.json
 create mode 100644 task1/evidence/goal2/runs/g2-evaluation-modes-01/modes/G2_EVAL-llm+memory+search-e2-b0/10003_candidate_traces.json.gz
 create mode 100644 task1/evidence/goal2/runs/g2-evaluation-modes-01/modes/G2_EVAL-llm+memory+search-e2-b0/10003_lock.json
 create mode 100644 task1/evidence/goal2/runs/g2-evaluation-modes-01/modes/G2_EVAL-llm+memory+search-e2-b0/1887_candidate_traces.json.gz
 create mode 100644 task1/evidence/goal2/runs/g2-evaluation-modes-01/modes/G2_EVAL-llm+memory+search-e2-b0/1887_lock.json
 create mode 100644 task1/evidence/goal2/runs/g2-evaluation-modes-01/modes/G2_EVAL-llm+memory+search-e2-b0/2064_candidate_traces.json.gz
 create mode 100644 task1/evidence/goal2/runs/g2-evaluation-modes-01/modes/G2_EVAL-llm+memory+search-e2-b0/2064_lock.json
 create mode 100644 task1/evidence/goal2/runs/g2-evaluation-modes-01/modes/G2_EVAL-llm+memory+search-e2-b0/2225_candidate_traces.json.gz
 create mode 100644 task1/evidence/goal2/runs/g2-evaluation-modes-01/modes/G2_EVAL-llm+memory+search-e2-b0/2225_lock.json
 create mode 100644 task1/evidence/goal2/runs/g2-evaluation-modes-01/modes/G2_EVAL-llm+memory+search-e2-b0/588_candidate_traces.json.gz
 create mode 100644 task1/evidence/goal2/runs/g2-evaluation-modes-01/modes/G2_EVAL-llm+memory+search-e2-b0/588_lock.json
 create mode 100644 task1/evidence/goal2/runs/g2-evaluation-modes-01/modes/G2_EVAL-llm+memory+search-e2-b0/7253_candidate_traces.json.gz
 create mode 100644 task1/evidence/goal2/runs/g2-evaluation-modes-01/modes/G2_EVAL-llm+memory+search-e2-b0/7253_lock.json
 create mode 100644 task1/evidence/goal2/runs/g2-evaluation-modes-01/modes/G2_EVAL-llm+memory+search-e2-b0/8424_candidate_traces.json.gz
 create mode 100644 task1/evidence/goal2/runs/g2-evaluation-modes-01/modes/G2_EVAL-llm+memory+search-e2-b0/8424_lock.json
 create mode 100644 task1/evidence/goal2/runs/g2-evaluation-modes-01/modes/G2_EVAL-llm+memory+search-e2-b0/8522_candidate_traces.json.gz
 create mode 100644 task1/evidence/goal2/runs/g2-evaluation-modes-01/modes/G2_EVAL-llm+memory+search-e2-b0/8522_lock.json
 create mode 100644 task1/evidence/goal2/runs/g2-evaluation-modes-01/modes/G2_EVAL-llm+memory+search-e2-b0/episode.json
 create mode 100644 task1/evidence/goal2/runs/g2-evaluation-modes-01/modes/G2_EVAL-llm+memory+search-e2-b0/memory_retrieval.json
 create mode 100644 task1/evidence/goal2/runs/g2-evaluation-modes-01/modes/G2_EVAL-llm+memory+search-e2-b0/round1_call/attempt01/dispatch.json
 create mode 100644 task1/evidence/goal2/runs/g2-evaluation-modes-01/modes/G2_EVAL-llm+memory+search-e2-b0/round1_call/attempt01/input.json
 create mode 100644 task1/evidence/goal2/runs/g2-evaluation-modes-01/modes/G2_EVAL-llm+memory+search-e2-b0/round1_call/attempt01/receipt.json
 create mode 100644 task1/evidence/goal2/runs/g2-evaluation-modes-01/modes/G2_EVAL-llm+memory+search-e2-b0/round1_call/attempt01/response.json
 create mode 100644 task1/evidence/goal2/runs/g2-evaluation-modes-01/modes/G2_EVAL-llm+memory+search-e2-b0/round1_call/attempt01/visible_events.jsonl
 create mode 100644 task1/evidence/goal2/runs/g2-evaluation-modes-01/modes/G2_EVAL-llm+memory+search-e2-b0/round1_checkpoint.json
 create mode 100644 task1/evidence/goal2/runs/g2-evaluation-modes-01/modes/G2_EVAL-llm+memory+search-e2-b0/round1_context.json
 create mode 100644 task1/evidence/goal2/runs/g2-evaluation-modes-01/modes/G2_EVAL-llm+memory+search-e2-b0/round1_validation.json
 create mode 100644 task1/evidence/goal2/runs/g2-evaluation-modes-01/modes/G2_EVAL-llm+memory+search-e2-b0/round2_call/attempt01/dispatch.json
 create mode 100644 task1/evidence/goal2/runs/g2-evaluation-modes-01/modes/G2_EVAL-llm+memory+search-e2-b0/round2_call/attempt01/input.json
 create mode 100644 task1/evidence/goal2/runs/g2-evaluation-modes-01/modes/G2_EVAL-llm+memory+search-e2-b0/round2_call/attempt01/receipt.json
 create mode 100644 task1/evidence/goal2/runs/g2-evaluation-modes-01/modes/G2_EVAL-llm+memory+search-e2-b0/round2_call/attempt01/response.json
 create mode 100644 task1/evidence/goal2/runs/g2-evaluation-modes-01/modes/G2_EVAL-llm+memory+search-e2-b0/round2_call/attempt01/visible_events.jsonl
 create mode 100644 task1/evidence/goal2/runs/g2-evaluation-modes-01/modes/G2_EVAL-llm+memory+search-e2-b0/round2_checkpoint.json
 create mode 100644 task1/evidence/goal2/runs/g2-evaluation-modes-01/modes/G2_EVAL-llm+memory+search-e2-b0/round2_context.json
 create mode 100644 task1/evidence/goal2/runs/g2-evaluation-modes-01/modes/G2_EVAL-llm+memory+search-e2-b0/round2_validation.json
 create mode 100644 task1/evidence/goal2/runs/g2-evaluation-modes-01/modes/G2_EVAL-llm+memory+search-e2-b0/round3_call/attempt01/dispatch.json
 create mode 100644 task1/evidence/goal2/runs/g2-evaluation-modes-01/modes/G2_EVAL-llm+memory+search-e2-b0/round3_call/attempt01/input.json
 create mode 100644 task1/evidence/goal2/runs/g2-evaluation-modes-01/modes/G2_EVAL-llm+memory+search-e2-b0/round3_call/attempt01/receipt.json
 create mode 100644 task1/evidence/goal2/runs/g2-evaluation-modes-01/modes/G2_EVAL-llm+memory+search-e2-b0/round3_call/attempt01/response.json
 create mode 100644 task1/evidence/goal2/runs/g2-evaluation-modes-01/modes/G2_EVAL-llm+memory+search-e2-b0/round3_call/attempt01/visible_events.jsonl
 create mode 100644 task1/evidence/goal2/runs/g2-evaluation-modes-01/modes/G2_EVAL-llm+memory+search-e2-b0/round3_checkpoint.json
 create mode 100644 task1/evidence/goal2/runs/g2-evaluation-modes-01/modes/G2_EVAL-llm+memory+search-e2-b0/round3_context.json
 create mode 100644 task1/evidence/goal2/runs/g2-evaluation-modes-01/modes/G2_EVAL-llm+memory+search-e2-b0/round3_validation.json
 create mode 100644 task1/evidence/goal2/runs/g2-evaluation-modes-01/modes/G2_EVAL-llm+memory+search-e2-b1/10927_candidate_traces.json.gz
 create mode 100644 task1/evidence/goal2/runs/g2-evaluation-modes-01/modes/G2_EVAL-llm+memory+search-e2-b1/10927_lock.json
 create mode 100644 task1/evidence/goal2/runs/g2-evaluation-modes-01/modes/G2_EVAL-llm+memory+search-e2-b1/1880_candidate_traces.json.gz
 create mode 100644 task1/evidence/goal2/runs/g2-evaluation-modes-01/modes/G2_EVAL-llm+memory+search-e2-b1/1880_lock.json
 create mode 100644 task1/evidence/goal2/runs/g2-evaluation-modes-01/modes/G2_EVAL-llm+memory+search-e2-b1/2297_candidate_traces.json.gz
 create mode 100644 task1/evidence/goal2/runs/g2-evaluation-modes-01/modes/G2_EVAL-llm+memory+search-e2-b1/2297_lock.json
 create mode 100644 task1/evidence/goal2/runs/g2-evaluation-modes-01/modes/G2_EVAL-llm+memory+search-e2-b1/7137_candidate_traces.json.gz
 create mode 100644 task1/evidence/goal2/runs/g2-evaluation-modes-01/modes/G2_EVAL-llm+memory+search-e2-b1/7137_lock.json
 create mode 100644 task1/evidence/goal2/runs/g2-evaluation-modes-01/modes/G2_EVAL-llm+memory+search-e2-b1/7711_candidate_traces.json.gz
 create mode 100644 task1/evidence/goal2/runs/g2-evaluation-modes-01/modes/G2_EVAL-llm+memory+search-e2-b1/7711_lock.json
 create mode 100644 task1/evidence/goal2/runs/g2-evaluation-modes-01/modes/G2_EVAL-llm+memory+search-e2-b1/9296_candidate_traces.json.gz
 create mode 100644 task1/evidence/goal2/runs/g2-evaluation-modes-01/modes/G2_EVAL-llm+memory+search-e2-b1/9296_lock.json
 create mode 100644 task1/evidence/goal2/runs/g2-evaluation-modes-01/modes/G2_EVAL-llm+memory+search-e2-b1/9673_candidate_traces.json.gz
 create mode 100644 task1/evidence/goal2/runs/g2-evaluation-modes-01/modes/G2_EVAL-llm+memory+search-e2-b1/9673_lock.json
 create mode 100644 task1/evidence/goal2/runs/g2-evaluation-modes-01/modes/G2_EVAL-llm+memory+search-e2-b1/9709_candidate_traces.json.gz
 create mode 100644 task1/evidence/goal2/runs/g2-evaluation-modes-01/modes/G2_EVAL-llm+memory+search-e2-b1/9709_lock.json
 create mode 100644 task1/evidence/goal2/runs/g2-evaluation-modes-01/modes/G2_EVAL-llm+memory+search-e2-b1/episode.json
 create mode 100644 task1/evidence/goal2/runs/g2-evaluation-modes-01/modes/G2_EVAL-llm+memory+search-e2-b1/memory_retrieval.json
 create mode 100644 task1/evidence/goal2/runs/g2-evaluation-modes-01/modes/G2_EVAL-llm+memory+search-e2-b1/round1_call/attempt01/dispatch.json
 create mode 100644 task1/evidence/goal2/runs/g2-evaluation-modes-01/modes/G2_EVAL-llm+memory+search-e2-b1/round1_call/attempt01/input.json
 create mode 100644 task1/evidence/goal2/runs/g2-evaluation-modes-01/modes/G2_EVAL-llm+memory+search-e2-b1/round1_call/attempt01/receipt.json
 create mode 100644 task1/evidence/goal2/runs/g2-evaluation-modes-01/modes/G2_EVAL-llm+memory+search-e2-b1/round1_call/attempt01/response.json
 create mode 100644 task1/evidence/goal2/runs/g2-evaluation-modes-01/modes/G2_EVAL-llm+memory+search-e2-b1/round1_call/attempt01/visible_events.jsonl
 create mode 100644 task1/evidence/goal2/runs/g2-evaluation-modes-01/modes/G2_EVAL-llm+memory+search-e2-b1/round1_checkpoint.json
 create mode 100644 task1/evidence/goal2/runs/g2-evaluation-modes-01/modes/G2_EVAL-llm+memory+search-e2-b1/round1_context.json
 create mode 100644 task1/evidence/goal2/runs/g2-evaluation-modes-01/modes/G2_EVAL-llm+memory+search-e2-b1/round1_validation.json
 create mode 100644 task1/evidence/goal2/runs/g2-evaluation-modes-01/modes/G2_EVAL-llm+memory+search-e2-b1/round2_call/attempt01/dispatch.json
 create mode 100644 task1/evidence/goal2/runs/g2-evaluation-modes-01/modes/G2_EVAL-llm+memory+search-e2-b1/round2_call/attempt01/input.json
 create mode 100644 task1/evidence/goal2/runs/g2-evaluation-modes-01/modes/G2_EVAL-llm+memory+search-e2-b1/round2_call/attempt01/receipt.json
 create mode 100644 task1/evidence/goal2/runs/g2-evaluation-modes-01/modes/G2_EVAL-llm+memory+search-e2-b1/round2_call/attempt01/response.json
 create mode 100644 task1/evidence/goal2/runs/g2-evaluation-modes-01/modes/G2_EVAL-llm+memory+search-e2-b1/round2_call/attempt01/visible_events.jsonl
 create mode 100644 task1/evidence/goal2/runs/g2-evaluation-modes-01/modes/G2_EVAL-llm+memory+search-e2-b1/round2_checkpoint.json
 create mode 100644 task1/evidence/goal2/runs/g2-evaluation-modes-01/modes/G2_EVAL-llm+memory+search-e2-b1/round2_context.json
 create mode 100644 task1/evidence/goal2/runs/g2-evaluation-modes-01/modes/G2_EVAL-llm+memory+search-e2-b1/round2_validation.json
 create mode 100644 task1/evidence/goal2/runs/g2-evaluation-modes-01/modes/G2_EVAL-llm+memory+search-e2-b1/round3_call/attempt01/dispatch.json
 create mode 100644 task1/evidence/goal2/runs/g2-evaluation-modes-01/modes/G2_EVAL-llm+memory+search-e2-b1/round3_call/attempt01/input.json
 create mode 100644 task1/evidence/goal2/runs/g2-evaluation-modes-01/modes/G2_EVAL-llm+memory+search-e2-b1/round3_call/attempt01/receipt.json
 create mode 100644 task1/evidence/goal2/runs/g2-evaluation-modes-01/modes/G2_EVAL-llm+memory+search-e2-b1/round3_call/attempt01/response.json
 create mode 100644 task1/evidence/goal2/runs/g2-evaluation-modes-01/modes/G2_EVAL-llm+memory+search-e2-b1/round3_call/attempt01/visible_events.jsonl
 create mode 100644 task1/evidence/goal2/runs/g2-evaluation-modes-01/modes/G2_EVAL-llm+memory+search-e2-b1/round3_checkpoint.json
 create mode 100644 task1/evidence/goal2/runs/g2-evaluation-modes-01/modes/G2_EVAL-llm+memory+search-e2-b1/round3_context.json
 create mode 100644 task1/evidence/goal2/runs/g2-evaluation-modes-01/modes/G2_EVAL-llm+memory+search-e2-b1/round3_validation.json
 create mode 100644 task1/evidence/goal2/runs/g2-evaluation-modes-01/modes/G2_EVAL-llm+memory+search-e2-b2/11148_candidate_traces.json.gz
 create mode 100644 task1/evidence/goal2/runs/g2-evaluation-modes-01/modes/G2_EVAL-llm+memory+search-e2-b2/11148_lock.json
 create mode 100644 task1/evidence/goal2/runs/g2-evaluation-modes-01/modes/G2_EVAL-llm+memory+search-e2-b2/3371_candidate_traces.json.gz
 create mode 100644 task1/evidence/goal2/runs/g2-evaluation-modes-01/modes/G2_EVAL-llm+memory+search-e2-b2/3371_lock.json
 create mode 100644 task1/evidence/goal2/runs/g2-evaluation-modes-01/modes/G2_EVAL-llm+memory+search-e2-b2/33_candidate_traces.json.gz
 create mode 100644 task1/evidence/goal2/runs/g2-evaluation-modes-01/modes/G2_EVAL-llm+memory+search-e2-b2/33_lock.json
 create mode 100644 task1/evidence/goal2/runs/g2-evaluation-modes-01/modes/G2_EVAL-llm+memory+search-e2-b2/3420_candidate_traces.json.gz
 create mode 100644 task1/evidence/goal2/runs/g2-evaluation-modes-01/modes/G2_EVAL-llm+memory+search-e2-b2/3420_lock.json
 create mode 100644 task1/evidence/goal2/runs/g2-evaluation-modes-01/modes/G2_EVAL-llm+memory+search-e2-b2/43_candidate_traces.json.gz
 create mode 100644 task1/evidence/goal2/runs/g2-evaluation-modes-01/modes/G2_EVAL-llm+memory+search-e2-b2/43_lock.json
 create mode 100644 task1/evidence/goal2/runs/g2-evaluation-modes-01/modes/G2_EVAL-llm+memory+search-e2-b2/7270_candidate_traces.json.gz
 create mode 100644 task1/evidence/goal2/runs/g2-evaluation-modes-01/modes/G2_EVAL-llm+memory+search-e2-b2/7270_lock.json
 create mode 100644 task1/evidence/goal2/runs/g2-evaluation-modes-01/modes/G2_EVAL-llm+memory+search-e2-b2/911_candidate_traces.json.gz
 create mode 100644 task1/evidence/goal2/runs/g2-evaluation-modes-01/modes/G2_EVAL-llm+memory+search-e2-b2/911_lock.json
 create mode 100644 task1/evidence/goal2/runs/g2-evaluation-modes-01/modes/G2_EVAL-llm+memory+search-e2-b2/955_candidate_traces.json.gz
 create mode 100644 task1/evidence/goal2/runs/g2-evaluation-modes-01/modes/G2_EVAL-llm+memory+search-e2-b2/955_lock.json
 create mode 100644 task1/evidence/goal2/runs/g2-evaluation-modes-01/modes/G2_EVAL-llm+memory+search-e2-b2/episode.json
 create mode 100644 task1/evidence/goal2/runs/g2-evaluation-modes-01/modes/G2_EVAL-llm+memory+search-e2-b2/memory_retrieval.json
 create mode 100644 task1/evidence/goal2/runs/g2-evaluation-modes-01/modes/G2_EVAL-llm+memory+search-e2-b2/round1_call/attempt01/dispatch.json
 create mode 100644 task1/evidence/goal2/runs/g2-evaluation-modes-01/modes/G2_EVAL-llm+memory+search-e2-b2/round1_call/attempt01/input.json
 create mode 100644 task1/evidence/goal2/runs/g2-evaluation-modes-01/modes/G2_EVAL-llm+memory+search-e2-b2/round1_call/attempt01/receipt.json
 create mode 100644 task1/evidence/goal2/runs/g2-evaluation-modes-01/modes/G2_EVAL-llm+memory+search-e2-b2/round1_call/attempt01/response.json
 create mode 100644 task1/evidence/goal2/runs/g2-evaluation-modes-01/modes/G2_EVAL-llm+memory+search-e2-b2/round1_call/attempt01/visible_events.jsonl
 create mode 100644 task1/evidence/goal2/runs/g2-evaluation-modes-01/modes/G2_EVAL-llm+memory+search-e2-b2/round1_checkpoint.json
 create mode 100644 task1/evidence/goal2/runs/g2-evaluation-modes-01/modes/G2_EVAL-llm+memory+search-e2-b2/round1_context.json
 create mode 100644 task1/evidence/goal2/runs/g2-evaluation-modes-01/modes/G2_EVAL-llm+memory+search-e2-b2/round1_validation.json
 create mode 100644 task1/evidence/goal2/runs/g2-evaluation-modes-01/modes/G2_EVAL-llm+memory+search-e2-b2/round2_call/attempt01/dispatch.json
 create mode 100644 task1/evidence/goal2/runs/g2-evaluation-modes-01/modes/G2_EVAL-llm+memory+search-e2-b2/round2_call/attempt01/input.json
 create mode 100644 task1/evidence/goal2/runs/g2-evaluation-modes-01/modes/G2_EVAL-llm+memory+search-e2-b2/round2_call/attempt01/receipt.json
 create mode 100644 task1/evidence/goal2/runs/g2-evaluation-modes-01/modes/G2_EVAL-llm+memory+search-e2-b2/round2_call/attempt01/response.json
 create mode 100644 task1/evidence/goal2/runs/g2-evaluation-modes-01/modes/G2_EVAL-llm+memory+search-e2-b2/round2_call/attempt01/visible_events.jsonl
 create mode 100644 task1/evidence/goal2/runs/g2-evaluation-modes-01/modes/G2_EVAL-llm+memory+search-e2-b2/round2_checkpoint.json
 create mode 100644 task1/evidence/goal2/runs/g2-evaluation-modes-01/modes/G2_EVAL-llm+memory+search-e2-b2/round2_context.json
 create mode 100644 task1/evidence/goal2/runs/g2-evaluation-modes-01/modes/G2_EVAL-llm+memory+search-e2-b2/round2_validation.json
 create mode 100644 task1/evidence/goal2/runs/g2-evaluation-modes-01/modes/G2_EVAL-llm+memory+search-e2-b2/round3_call/attempt01/dispatch.json
 create mode 100644 task1/evidence/goal2/runs/g2-evaluation-modes-01/modes/G2_EVAL-llm+memory+search-e2-b2/round3_call/attempt01/input.json
 create mode 100644 task1/evidence/goal2/runs/g2-evaluation-modes-01/modes/G2_EVAL-llm+memory+search-e2-b2/round3_call/attempt01/receipt.json
 create mode 100644 task1/evidence/goal2/runs/g2-evaluation-modes-01/modes/G2_EVAL-llm+memory+search-e2-b2/round3_call/attempt01/response.json
 create mode 100644 task1/evidence/goal2/runs/g2-evaluation-modes-01/modes/G2_EVAL-llm+memory+search-e2-b2/round3_call/attempt01/visible_events.jsonl
 create mode 100644 task1/evidence/goal2/runs/g2-evaluation-modes-01/modes/G2_EVAL-llm+memory+search-e2-b2/round3_checkpoint.json
 create mode 100644 task1/evidence/goal2/runs/g2-evaluation-modes-01/modes/G2_EVAL-llm+memory+search-e2-b2/round3_context.json
 create mode 100644 task1/evidence/goal2/runs/g2-evaluation-modes-01/modes/G2_EVAL-llm+memory+search-e2-b2/round3_validation.json
 create mode 100644 task1/evidence/goal2/runs/g2-evaluation-modes-01/modes/G2_EVAL-llm+memory+search-e3-b0/10003_candidate_traces.json.gz
 create mode 100644 task1/evidence/goal2/runs/g2-evaluation-modes-01/modes/G2_EVAL-llm+memory+search-e3-b0/10003_lock.json
 create mode 100644 task1/evidence/goal2/runs/g2-evaluation-modes-01/modes/G2_EVAL-llm+memory+search-e3-b0/1887_candidate_traces.json.gz
 create mode 100644 task1/evidence/goal2/runs/g2-evaluation-modes-01/modes/G2_EVAL-llm+memory+search-e3-b0/1887_lock.json
 create mode 100644 task1/evidence/goal2/runs/g2-evaluation-modes-01/modes/G2_EVAL-llm+memory+search-e3-b0/2064_candidate_traces.json.gz
 create mode 100644 task1/evidence/goal2/runs/g2-evaluation-modes-01/modes/G2_EVAL-llm+memory+search-e3-b0/2064_lock.json
 create mode 100644 task1/evidence/goal2/runs/g2-evaluation-modes-01/modes/G2_EVAL-llm+memory+search-e3-b0/2225_candidate_traces.json.gz
 create mode 100644 task1/evidence/goal2/runs/g2-evaluation-modes-01/modes/G2_EVAL-llm+memory+search-e3-b0/2225_lock.json
 create mode 100644 task1/evidence/goal2/runs/g2-evaluation-modes-01/modes/G2_EVAL-llm+memory+search-e3-b0/588_candidate_traces.json.gz
 create mode 100644 task1/evidence/goal2/runs/g2-evaluation-modes-01/modes/G2_EVAL-llm+memory+search-e3-b0/588_lock.json
 create mode 100644 task1/evidence/goal2/runs/g2-evaluation-modes-01/modes/G2_EVAL-llm+memory+search-e3-b0/7253_candidate_traces.json.gz
 create mode 100644 task1/evidence/goal2/runs/g2-evaluation-modes-01/modes/G2_EVAL-llm+memory+search-e3-b0/7253_lock.json
 create mode 100644 task1/evidence/goal2/runs/g2-evaluation-modes-01/modes/G2_EVAL-llm+memory+search-e3-b0/8424_candidate_traces.json.gz
 create mode 100644 task1/evidence/goal2/runs/g2-evaluation-modes-01/modes/G2_EVAL-llm+memory+search-e3-b0/8424_lock.json
 create mode 100644 task1/evidence/goal2/runs/g2-evaluation-modes-01/modes/G2_EVAL-llm+memory+search-e3-b0/8522_candidate_traces.json.gz
 create mode 100644 task1/evidence/goal2/runs/g2-evaluation-modes-01/modes/G2_EVAL-llm+memory+search-e3-b0/8522_lock.json
 create mode 100644 task1/evidence/goal2/runs/g2-evaluation-modes-01/modes/G2_EVAL-llm+memory+search-e3-b0/episode.json
 create mode 100644 task1/evidence/goal2/runs/g2-evaluation-modes-01/modes/G2_EVAL-llm+memory+search-e3-b0/memory_retrieval.json
 create mode 100644 task1/evidence/goal2/runs/g2-evaluation-modes-01/modes/G2_EVAL-llm+memory+search-e3-b0/round1_call/attempt01/dispatch.json
 create mode 100644 task1/evidence/goal2/runs/g2-evaluation-modes-01/modes/G2_EVAL-llm+memory+search-e3-b0/round1_call/attempt01/input.json
 create mode 100644 task1/evidence/goal2/runs/g2-evaluation-modes-01/modes/G2_EVAL-llm+memory+search-e3-b0/round1_call/attempt01/receipt.json
 create mode 100644 task1/evidence/goal2/runs/g2-evaluation-modes-01/modes/G2_EVAL-llm+memory+search-e3-b0/round1_call/attempt01/response.json
 create mode 100644 task1/evidence/goal2/runs/g2-evaluation-modes-01/modes/G2_EVAL-llm+memory+search-e3-b0/round1_call/attempt01/visible_events.jsonl
 create mode 100644 task1/evidence/goal2/runs/g2-evaluation-modes-01/modes/G2_EVAL-llm+memory+search-e3-b0/round1_checkpoint.json
 create mode 100644 task1/evidence/goal2/runs/g2-evaluation-modes-01/modes/G2_EVAL-llm+memory+search-e3-b0/round1_context.json
 create mode 100644 task1/evidence/goal2/runs/g2-evaluation-modes-01/modes/G2_EVAL-llm+memory+search-e3-b0/round1_validation.json
 create mode 100644 task1/evidence/goal2/runs/g2-evaluation-modes-01/modes/G2_EVAL-llm+memory+search-e3-b0/round2_call/attempt01/dispatch.json
 create mode 100644 task1/evidence/goal2/runs/g2-evaluation-modes-01/modes/G2_EVAL-llm+memory+search-e3-b0/round2_call/attempt01/input.json
 create mode 100644 task1/evidence/goal2/runs/g2-evaluation-modes-01/modes/G2_EVAL-llm+memory+search-e3-b0/round2_call/attempt01/receipt.json
 create mode 100644 task1/evidence/goal2/runs/g2-evaluation-modes-01/modes/G2_EVAL-llm+memory+search-e3-b0/round2_call/attempt01/response.json
 create mode 100644 task1/evidence/goal2/runs/g2-evaluation-modes-01/modes/G2_EVAL-llm+memory+search-e3-b0/round2_call/attempt01/visible_events.jsonl
 create mode 100644 task1/evidence/goal2/runs/g2-evaluation-modes-01/modes/G2_EVAL-llm+memory+search-e3-b0/round2_checkpoint.json
 create mode 100644 task1/evidence/goal2/runs/g2-evaluation-modes-01/modes/G2_EVAL-llm+memory+search-e3-b0/round2_context.json
 create mode 100644 task1/evidence/goal2/runs/g2-evaluation-modes-01/modes/G2_EVAL-llm+memory+search-e3-b0/round2_validation.json
 create mode 100644 task1/evidence/goal2/runs/g2-evaluation-modes-01/modes/G2_EVAL-llm+memory+search-e3-b0/round3_call/attempt01/dispatch.json
 create mode 100644 task1/evidence/goal2/runs/g2-evaluation-modes-01/modes/G2_EVAL-llm+memory+search-e3-b0/round3_call/attempt01/input.json
 create mode 100644 task1/evidence/goal2/runs/g2-evaluation-modes-01/modes/G2_EVAL-llm+memory+search-e3-b0/round3_call/attempt01/receipt.json
 create mode 100644 task1/evidence/goal2/runs/g2-evaluation-modes-01/modes/G2_EVAL-llm+memory+search-e3-b0/round3_call/attempt01/response.json
 create mode 100644 task1/evidence/goal2/runs/g2-evaluation-modes-01/modes/G2_EVAL-llm+memory+search-e3-b0/round3_call/attempt01/visible_events.jsonl
 create mode 100644 task1/evidence/goal2/runs/g2-evaluation-modes-01/modes/G2_EVAL-llm+memory+search-e3-b0/round3_checkpoint.json
 create mode 100644 task1/evidence/goal2/runs/g2-evaluation-modes-01/modes/G2_EVAL-llm+memory+search-e3-b0/round3_context.json
 create mode 100644 task1/evidence/goal2/runs/g2-evaluation-modes-01/modes/G2_EVAL-llm+memory+search-e3-b0/round3_validation.json
 create mode 100644 task1/evidence/goal2/runs/g2-evaluation-modes-01/modes/G2_EVAL-llm+memory+search-e3-b1/10927_candidate_traces.json.gz
 create mode 100644 task1/evidence/goal2/runs/g2-evaluation-modes-01/modes/G2_EVAL-llm+memory+search-e3-b1/10927_lock.json
 create mode 100644 task1/evidence/goal2/runs/g2-evaluation-modes-01/modes/G2_EVAL-llm+memory+search-e3-b1/1880_candidate_traces.json.gz
 create mode 100644 task1/evidence/goal2/runs/g2-evaluation-modes-01/modes/G2_EVAL-llm+memory+search-e3-b1/1880_lock.json
 create mode 100644 task1/evidence/goal2/runs/g2-evaluation-modes-01/modes/G2_EVAL-llm+memory+search-e3-b1/2297_candidate_traces.json.gz
 create mode 100644 task1/evidence/goal2/runs/g2-evaluation-modes-01/modes/G2_EVAL-llm+memory+search-e3-b1/2297_lock.json
 create mode 100644 task1/evidence/goal2/runs/g2-evaluation-modes-01/modes/G2_EVAL-llm+memory+search-e3-b1/7137_candidate_traces.json.gz
 create mode 100644 task1/evidence/goal2/runs/g2-evaluation-modes-01/modes/G2_EVAL-llm+memory+search-e3-b1/7137_lock.json
 create mode 100644 task1/evidence/goal2/runs/g2-evaluation-modes-01/modes/G2_EVAL-llm+memory+search-e3-b1/7711_candidate_traces.json.gz
 create mode 100644 task1/evidence/goal2/runs/g2-evaluation-modes-01/modes/G2_EVAL-llm+memory+search-e3-b1/7711_lock.json
 create mode 100644 task1/evidence/goal2/runs/g2-evaluation-modes-01/modes/G2_EVAL-llm+memory+search-e3-b1/9296_candidate_traces.json.gz
 create mode 100644 task1/evidence/goal2/runs/g2-evaluation-modes-01/modes/G2_EVAL-llm+memory+search-e3-b1/9296_lock.json
 create mode 100644 task1/evidence/goal2/runs/g2-evaluation-modes-01/modes/G2_EVAL-llm+memory+search-e3-b1/9673_candidate_traces.json.gz
 create mode 100644 task1/evidence/goal2/runs/g2-evaluation-modes-01/modes/G2_EVAL-llm+memory+search-e3-b1/9673_lock.json
 create mode 100644 task1/evidence/goal2/runs/g2-evaluation-modes-01/modes/G2_EVAL-llm+memory+search-e3-b1/9709_candidate_traces.json.gz
 create mode 100644 task1/evidence/goal2/runs/g2-evaluation-modes-01/modes/G2_EVAL-llm+memory+search-e3-b1/9709_lock.json
 create mode 100644 task1/evidence/goal2/runs/g2-evaluation-modes-01/modes/G2_EVAL-llm+memory+search-e3-b1/episode.json
 create mode 100644 task1/evidence/goal2/runs/g2-evaluation-modes-01/modes/G2_EVAL-llm+memory+search-e3-b1/memory_retrieval.json
 create mode 100644 task1/evidence/goal2/runs/g2-evaluation-modes-01/modes/G2_EVAL-llm+memory+search-e3-b1/round1_call/attempt01/dispatch.json
 create mode 100644 task1/evidence/goal2/runs/g2-evaluation-modes-01/modes/G2_EVAL-llm+memory+search-e3-b1/round1_call/attempt01/input.json
 create mode 100644 task1/evidence/goal2/runs/g2-evaluation-modes-01/modes/G2_EVAL-llm+memory+search-e3-b1/round1_call/attempt01/receipt.json
 create mode 100644 task1/evidence/goal2/runs/g2-evaluation-modes-01/modes/G2_EVAL-llm+memory+search-e3-b1/round1_call/attempt01/response.json
 create mode 100644 task1/evidence/goal2/runs/g2-evaluation-modes-01/modes/G2_EVAL-llm+memory+search-e3-b1/round1_call/attempt01/visible_events.jsonl
 create mode 100644 task1/evidence/goal2/runs/g2-evaluation-modes-01/modes/G2_EVAL-llm+memory+search-e3-b1/round1_checkpoint.json
 create mode 100644 task1/evidence/goal2/runs/g2-evaluation-modes-01/modes/G2_EVAL-llm+memory+search-e3-b1/round1_context.json
 create mode 100644 task1/evidence/goal2/runs/g2-evaluation-modes-01/modes/G2_EVAL-llm+memory+search-e3-b1/round1_validation.json
 create mode 100644 task1/evidence/goal2/runs/g2-evaluation-modes-01/modes/G2_EVAL-llm+memory+search-e3-b1/round2_call/attempt01/dispatch.json
 create mode 100644 task1/evidence/goal2/runs/g2-evaluation-modes-01/modes/G2_EVAL-llm+memory+search-e3-b1/round2_call/attempt01/input.json
 create mode 100644 task1/evidence/goal2/runs/g2-evaluation-modes-01/modes/G2_EVAL-llm+memory+search-e3-b1/round2_call/attempt01/receipt.json
 create mode 100644 task1/evidence/goal2/runs/g2-evaluation-modes-01/modes/G2_EVAL-llm+memory+search-e3-b1/round2_call/attempt01/response.json
 create mode 100644 task1/evidence/goal2/runs/g2-evaluation-modes-01/modes/G2_EVAL-llm+memory+search-e3-b1/round2_call/attempt01/visible_events.jsonl
 create mode 100644 task1/evidence/goal2/runs/g2-evaluation-modes-01/modes/G2_EVAL-llm+memory+search-e3-b1/round2_checkpoint.json
 create mode 100644 task1/evidence/goal2/runs/g2-evaluation-modes-01/modes/G2_EVAL-llm+memory+search-e3-b1/round2_context.json
 create mode 100644 task1/evidence/goal2/runs/g2-evaluation-modes-01/modes/G2_EVAL-llm+memory+search-e3-b1/round2_validation.json
 create mode 100644 task1/evidence/goal2/runs/g2-evaluation-modes-01/modes/G2_EVAL-llm+memory+search-e3-b1/round3_call/attempt01/dispatch.json
 create mode 100644 task1/evidence/goal2/runs/g2-evaluation-modes-01/modes/G2_EVAL-llm+memory+search-e3-b1/round3_call/attempt01/input.json
 create mode 100644 task1/evidence/goal2/runs/g2-evaluation-modes-01/modes/G2_EVAL-llm+memory+search-e3-b1/round3_call/attempt01/receipt.json
 create mode 100644 task1/evidence/goal2/runs/g2-evaluation-modes-01/modes/G2_EVAL-llm+memory+search-e3-b1/round3_call/attempt01/response.json
 create mode 100644 task1/evidence/goal2/runs/g2-evaluation-modes-01/modes/G2_EVAL-llm+memory+search-e3-b1/round3_call/attempt01/visible_events.jsonl
 create mode 100644 task1/evidence/goal2/runs/g2-evaluation-modes-01/modes/G2_EVAL-llm+memory+search-e3-b1/round3_checkpoint.json
 create mode 100644 task1/evidence/goal2/runs/g2-evaluation-modes-01/modes/G2_EVAL-llm+memory+search-e3-b1/round3_context.json
 create mode 100644 task1/evidence/goal2/runs/g2-evaluation-modes-01/modes/G2_EVAL-llm+memory+search-e3-b1/round3_validation.json
 create mode 100644 task1/evidence/goal2/runs/g2-evaluation-modes-01/modes/G2_EVAL-llm+memory+search-e3-b2/11148_candidate_traces.json.gz
 create mode 100644 task1/evidence/goal2/runs/g2-evaluation-modes-01/modes/G2_EVAL-llm+memory+search-e3-b2/11148_lock.json
 create mode 100644 task1/evidence/goal2/runs/g2-evaluation-modes-01/modes/G2_EVAL-llm+memory+search-e3-b2/3371_candidate_traces.json.gz
 create mode 100644 task1/evidence/goal2/runs/g2-evaluation-modes-01/modes/G2_EVAL-llm+memory+search-e3-b2/3371_lock.json
 create mode 100644 task1/evidence/goal2/runs/g2-evaluation-modes-01/modes/G2_EVAL-llm+memory+search-e3-b2/33_candidate_traces.json.gz
 create mode 100644 task1/evidence/goal2/runs/g2-evaluation-modes-01/modes/G2_EVAL-llm+memory+search-e3-b2/33_lock.json
 create mode 100644 task1/evidence/goal2/runs/g2-evaluation-modes-01/modes/G2_EVAL-llm+memory+search-e3-b2/3420_candidate_traces.json.gz
 create mode 100644 task1/evidence/goal2/runs/g2-evaluation-modes-01/modes/G2_EVAL-llm+memory+search-e3-b2/3420_lock.json
 create mode 100644 task1/evidence/goal2/runs/g2-evaluation-modes-01/modes/G2_EVAL-llm+memory+search-e3-b2/43_candidate_traces.json.gz
 create mode 100644 task1/evidence/goal2/runs/g2-evaluation-modes-01/modes/G2_EVAL-llm+memory+search-e3-b2/43_lock.json
 create mode 100644 task1/evidence/goal2/runs/g2-evaluation-modes-01/modes/G2_EVAL-llm+memory+search-e3-b2/7270_candidate_traces.json.gz
 create mode 100644 task1/evidence/goal2/runs/g2-evaluation-modes-01/modes/G2_EVAL-llm+memory+search-e3-b2/7270_lock.json
 create mode 100644 task1/evidence/goal2/runs/g2-evaluation-modes-01/modes/G2_EVAL-llm+memory+search-e3-b2/911_candidate_traces.json.gz
 create mode 100644 task1/evidence/goal2/runs/g2-evaluation-modes-01/modes/G2_EVAL-llm+memory+search-e3-b2/911_lock.json
 create mode 100644 task1/evidence/goal2/runs/g2-evaluation-modes-01/modes/G2_EVAL-llm+memory+search-e3-b2/955_candidate_traces.json.gz
 create mode 100644 task1/evidence/goal2/runs/g2-evaluation-modes-01/modes/G2_EVAL-llm+memory+search-e3-b2/955_lock.json
 create mode 100644 task1/evidence/goal2/runs/g2-evaluation-modes-01/modes/G2_EVAL-llm+memory+search-e3-b2/episode.json
 create mode 100644 task1/evidence/goal2/runs/g2-evaluation-modes-01/modes/G2_EVAL-llm+memory+search-e3-b2/memory_retrieval.json
 create mode 100644 task1/evidence/goal2/runs/g2-evaluation-modes-01/modes/G2_EVAL-llm+memory+search-e3-b2/round1_call/attempt01/dispatch.json
 create mode 100644 task1/evidence/goal2/runs/g2-evaluation-modes-01/modes/G2_EVAL-llm+memory+search-e3-b2/round1_call/attempt01/input.json
 create mode 100644 task1/evidence/goal2/runs/g2-evaluation-modes-01/modes/G2_EVAL-llm+memory+search-e3-b2/round1_call/attempt01/receipt.json
 create mode 100644 task1/evidence/goal2/runs/g2-evaluation-modes-01/modes/G2_EVAL-llm+memory+search-e3-b2/round1_call/attempt01/response.json
 create mode 100644 task1/evidence/goal2/runs/g2-evaluation-modes-01/modes/G2_EVAL-llm+memory+search-e3-b2/round1_call/attempt01/visible_events.jsonl
 create mode 100644 task1/evidence/goal2/runs/g2-evaluation-modes-01/modes/G2_EVAL-llm+memory+search-e3-b2/round1_checkpoint.json
 create mode 100644 task1/evidence/goal2/runs/g2-evaluation-modes-01/modes/G2_EVAL-llm+memory+search-e3-b2/round1_context.json
 create mode 100644 task1/evidence/goal2/runs/g2-evaluation-modes-01/modes/G2_EVAL-llm+memory+search-e3-b2/round1_validation.json
 create mode 100644 task1/evidence/goal2/runs/g2-evaluation-modes-01/modes/G2_EVAL-llm+memory+search-e3-b2/round2_call/attempt01/dispatch.json
 create mode 100644 task1/evidence/goal2/runs/g2-evaluation-modes-01/modes/G2_EVAL-llm+memory+search-e3-b2/round2_call/attempt01/input.json
 create mode 100644 task1/evidence/goal2/runs/g2-evaluation-modes-01/modes/G2_EVAL-llm+memory+search-e3-b2/round2_call/attempt01/receipt.json
 create mode 100644 task1/evidence/goal2/runs/g2-evaluation-modes-01/modes/G2_EVAL-llm+memory+search-e3-b2/round2_call/attempt01/response.json
 create mode 100644 task1/evidence/goal2/runs/g2-evaluation-modes-01/modes/G2_EVAL-llm+memory+search-e3-b2/round2_call/attempt01/visible_events.jsonl
 create mode 100644 task1/evidence/goal2/runs/g2-evaluation-modes-01/modes/G2_EVAL-llm+memory+search-e3-b2/round2_checkpoint.json
 create mode 100644 task1/evidence/goal2/runs/g2-evaluation-modes-01/modes/G2_EVAL-llm+memory+search-e3-b2/round2_context.json
 create mode 100644 task1/evidence/goal2/runs/g2-evaluation-modes-01/modes/G2_EVAL-llm+memory+search-e3-b2/round2_validation.json
 create mode 100644 task1/evidence/goal2/runs/g2-evaluation-modes-01/modes/G2_EVAL-llm+memory+search-e3-b2/round3_call/attempt01/dispatch.json
 create mode 100644 task1/evidence/goal2/runs/g2-evaluation-modes-01/modes/G2_EVAL-llm+memory+search-e3-b2/round3_call/attempt01/input.json
 create mode 100644 task1/evidence/goal2/runs/g2-evaluation-modes-01/modes/G2_EVAL-llm+memory+search-e3-b2/round3_call/attempt01/receipt.json
 create mode 100644 task1/evidence/goal2/runs/g2-evaluation-modes-01/modes/G2_EVAL-llm+memory+search-e3-b2/round3_call/attempt01/response.json
 create mode 100644 task1/evidence/goal2/runs/g2-evaluation-modes-01/modes/G2_EVAL-llm+memory+search-e3-b2/round3_call/attempt01/visible_events.jsonl
 create mode 100644 task1/evidence/goal2/runs/g2-evaluation-modes-01/modes/G2_EVAL-llm+memory+search-e3-b2/round3_checkpoint.json
 create mode 100644 task1/evidence/goal2/runs/g2-evaluation-modes-01/modes/G2_EVAL-llm+memory+search-e3-b2/round3_context.json
 create mode 100644 task1/evidence/goal2/runs/g2-evaluation-modes-01/modes/G2_EVAL-llm+memory+search-e3-b2/round3_validation.json
 create mode 100644 task1/evidence/goal2/runs/g2-evaluation-modes-01/modes/G2_EVAL-llm+search-e1-b0/10003_candidate_traces.json.gz
 create mode 100644 task1/evidence/goal2/runs/g2-evaluation-modes-01/modes/G2_EVAL-llm+search-e1-b0/10003_lock.json
 create mode 100644 task1/evidence/goal2/runs/g2-evaluation-modes-01/modes/G2_EVAL-llm+search-e1-b0/1887_candidate_traces.json.gz
 create mode 100644 task1/evidence/goal2/runs/g2-evaluation-modes-01/modes/G2_EVAL-llm+search-e1-b0/1887_lock.json
 create mode 100644 task1/evidence/goal2/runs/g2-evaluation-modes-01/modes/G2_EVAL-llm+search-e1-b0/2064_candidate_traces.json.gz
 create mode 100644 task1/evidence/goal2/runs/g2-evaluation-modes-01/modes/G2_EVAL-llm+search-e1-b0/2064_lock.json
 create mode 100644 task1/evidence/goal2/runs/g2-evaluation-modes-01/modes/G2_EVAL-llm+search-e1-b0/2225_candidate_traces.json.gz
 create mode 100644 task1/evidence/goal2/runs/g2-evaluation-modes-01/modes/G2_EVAL-llm+search-e1-b0/2225_lock.json
 create mode 100644 task1/evidence/goal2/runs/g2-evaluation-modes-01/modes/G2_EVAL-llm+search-e1-b0/588_candidate_traces.json.gz
 create mode 100644 task1/evidence/goal2/runs/g2-evaluation-modes-01/modes/G2_EVAL-llm+search-e1-b0/588_lock.json
 create mode 100644 task1/evidence/goal2/runs/g2-evaluation-modes-01/modes/G2_EVAL-llm+search-e1-b0/7253_candidate_traces.json.gz
 create mode 100644 task1/evidence/goal2/runs/g2-evaluation-modes-01/modes/G2_EVAL-llm+search-e1-b0/7253_lock.json
 create mode 100644 task1/evidence/goal2/runs/g2-evaluation-modes-01/modes/G2_EVAL-llm+search-e1-b0/8424_candidate_traces.json.gz
 create mode 100644 task1/evidence/goal2/runs/g2-evaluation-modes-01/modes/G2_EVAL-llm+search-e1-b0/8424_lock.json
 create mode 100644 task1/evidence/goal2/runs/g2-evaluation-modes-01/modes/G2_EVAL-llm+search-e1-b0/8522_candidate_traces.json.gz
 create mode 100644 task1/evidence/goal2/runs/g2-evaluation-modes-01/modes/G2_EVAL-llm+search-e1-b0/8522_lock.json
 create mode 100644 task1/evidence/goal2/runs/g2-evaluation-modes-01/modes/G2_EVAL-llm+search-e1-b0/episode.json
 create mode 100644 task1/evidence/goal2/runs/g2-evaluation-modes-01/modes/G2_EVAL-llm+search-e1-b0/memory_retrieval.json
 create mode 100644 task1/evidence/goal2/runs/g2-evaluation-modes-01/modes/G2_EVAL-llm+search-e1-b0/round1_call/attempt01/dispatch.json
 create mode 100644 task1/evidence/goal2/runs/g2-evaluation-modes-01/modes/G2_EVAL-llm+search-e1-b0/round1_call/attempt01/input.json
 create mode 100644 task1/evidence/goal2/runs/g2-evaluation-modes-01/modes/G2_EVAL-llm+search-e1-b0/round1_call/attempt01/receipt.json
 create mode 100644 task1/evidence/goal2/runs/g2-evaluation-modes-01/modes/G2_EVAL-llm+search-e1-b0/round1_call/attempt01/response.json
 create mode 100644 task1/evidence/goal2/runs/g2-evaluation-modes-01/modes/G2_EVAL-llm+search-e1-b0/round1_call/attempt01/visible_events.jsonl
 create mode 100644 task1/evidence/goal2/runs/g2-evaluation-modes-01/modes/G2_EVAL-llm+search-e1-b0/round1_checkpoint.json
 create mode 100644 task1/evidence/goal2/runs/g2-evaluation-modes-01/modes/G2_EVAL-llm+search-e1-b0/round1_context.json
 create mode 100644 task1/evidence/goal2/runs/g2-evaluation-modes-01/modes/G2_EVAL-llm+search-e1-b0/round1_validation.json
 create mode 100644 task1/evidence/goal2/runs/g2-evaluation-modes-01/modes/G2_EVAL-llm+search-e1-b0/round2_call/attempt01/dispatch.json
 create mode 100644 task1/evidence/goal2/runs/g2-evaluation-modes-01/modes/G2_EVAL-llm+search-e1-b0/round2_call/attempt01/input.json
 create mode 100644 task1/evidence/goal2/runs/g2-evaluation-modes-01/modes/G2_EVAL-llm+search-e1-b0/round2_call/attempt01/receipt.json
 create mode 100644 task1/evidence/goal2/runs/g2-evaluation-modes-01/modes/G2_EVAL-llm+search-e1-b0/round2_call/attempt01/response.json
 create mode 100644 task1/evidence/goal2/runs/g2-evaluation-modes-01/modes/G2_EVAL-llm+search-e1-b0/round2_call/attempt01/visible_events.jsonl
 create mode 100644 task1/evidence/goal2/runs/g2-evaluation-modes-01/modes/G2_EVAL-llm+search-e1-b0/round2_checkpoint.json
 create mode 100644 task1/evidence/goal2/runs/g2-evaluation-modes-01/modes/G2_EVAL-llm+search-e1-b0/round2_context.json
 create mode 100644 task1/evidence/goal2/runs/g2-evaluation-modes-01/modes/G2_EVAL-llm+search-e1-b0/round2_validation.json
 create mode 100644 task1/evidence/goal2/runs/g2-evaluation-modes-01/modes/G2_EVAL-llm+search-e1-b0/round3_call/attempt01/dispatch.json
 create mode 100644 task1/evidence/goal2/runs/g2-evaluation-modes-01/modes/G2_EVAL-llm+search-e1-b0/round3_call/attempt01/input.json
 create mode 100644 task1/evidence/goal2/runs/g2-evaluation-modes-01/modes/G2_EVAL-llm+search-e1-b0/round3_call/attempt01/receipt.json
 create mode 100644 task1/evidence/goal2/runs/g2-evaluation-modes-01/modes/G2_EVAL-llm+search-e1-b0/round3_call/attempt01/response.json
 create mode 100644 task1/evidence/goal2/runs/g2-evaluation-modes-01/modes/G2_EVAL-llm+search-e1-b0/round3_call/attempt01/visible_events.jsonl
 create mode 100644 task1/evidence/goal2/runs/g2-evaluation-modes-01/modes/G2_EVAL-llm+search-e1-b0/round3_checkpoint.json
 create mode 100644 task1/evidence/goal2/runs/g2-evaluation-modes-01/modes/G2_EVAL-llm+search-e1-b0/round3_context.json
 create mode 100644 task1/evidence/goal2/runs/g2-evaluation-modes-01/modes/G2_EVAL-llm+search-e1-b0/round3_validation.json
 create mode 100644 task1/evidence/goal2/runs/g2-evaluation-modes-01/modes/G2_EVAL-llm+search-e1-b1/10927_candidate_traces.json.gz
 create mode 100644 task1/evidence/goal2/runs/g2-evaluation-modes-01/modes/G2_EVAL-llm+search-e1-b1/10927_lock.json
 create mode 100644 task1/evidence/goal2/runs/g2-evaluation-modes-01/modes/G2_EVAL-llm+search-e1-b1/1880_candidate_traces.json.gz
 create mode 100644 task1/evidence/goal2/runs/g2-evaluation-modes-01/modes/G2_EVAL-llm+search-e1-b1/1880_lock.json
 create mode 100644 task1/evidence/goal2/runs/g2-evaluation-modes-01/modes/G2_EVAL-llm+search-e1-b1/2297_candidate_traces.json.gz
 create mode 100644 task1/evidence/goal2/runs/g2-evaluation-modes-01/modes/G2_EVAL-llm+search-e1-b1/2297_lock.json
 create mode 100644 task1/evidence/goal2/runs/g2-evaluation-modes-01/modes/G2_EVAL-llm+search-e1-b1/7137_candidate_traces.json.gz
 create mode 100644 task1/evidence/goal2/runs/g2-evaluation-modes-01/modes/G2_EVAL-llm+search-e1-b1/7137_lock.json
 create mode 100644 task1/evidence/goal2/runs/g2-evaluation-modes-01/modes/G2_EVAL-llm+search-e1-b1/7711_candidate_traces.json.gz
 create mode 100644 task1/evidence/goal2/runs/g2-evaluation-modes-01/modes/G2_EVAL-llm+search-e1-b1/7711_lock.json
 create mode 100644 task1/evidence/goal2/runs/g2-evaluation-modes-01/modes/G2_EVAL-llm+search-e1-b1/9296_candidate_traces.json.gz
 create mode 100644 task1/evidence/goal2/runs/g2-evaluation-modes-01/modes/G2_EVAL-llm+search-e1-b1/9296_lock.json
 create mode 100644 task1/evidence/goal2/runs/g2-evaluation-modes-01/modes/G2_EVAL-llm+search-e1-b1/9673_candidate_traces.json.gz
 create mode 100644 task1/evidence/goal2/runs/g2-evaluation-modes-01/modes/G2_EVAL-llm+search-e1-b1/9673_lock.json
 create mode 100644 task1/evidence/goal2/runs/g2-evaluation-modes-01/modes/G2_EVAL-llm+search-e1-b1/9709_candidate_traces.json.gz
 create mode 100644 task1/evidence/goal2/runs/g2-evaluation-modes-01/modes/G2_EVAL-llm+search-e1-b1/9709_lock.json
 create mode 100644 task1/evidence/goal2/runs/g2-evaluation-modes-01/modes/G2_EVAL-llm+search-e1-b1/episode.json
 create mode 100644 task1/evidence/goal2/runs/g2-evaluation-modes-01/modes/G2_EVAL-llm+search-e1-b1/memory_retrieval.json
 create mode 100644 task1/evidence/goal2/runs/g2-evaluation-modes-01/modes/G2_EVAL-llm+search-e1-b1/round1_call/attempt01/dispatch.json
 create mode 100644 task1/evidence/goal2/runs/g2-evaluation-modes-01/modes/G2_EVAL-llm+search-e1-b1/round1_call/attempt01/input.json
 create mode 100644 task1/evidence/goal2/runs/g2-evaluation-modes-01/modes/G2_EVAL-llm+search-e1-b1/round1_call/attempt01/receipt.json
 create mode 100644 task1/evidence/goal2/runs/g2-evaluation-modes-01/modes/G2_EVAL-llm+search-e1-b1/round1_call/attempt01/response.json
 create mode 100644 task1/evidence/goal2/runs/g2-evaluation-modes-01/modes/G2_EVAL-llm+search-e1-b1/round1_call/attempt01/visible_events.jsonl
 create mode 100644 task1/evidence/goal2/runs/g2-evaluation-modes-01/modes/G2_EVAL-llm+search-e1-b1/round1_checkpoint.json
 create mode 100644 task1/evidence/goal2/runs/g2-evaluation-modes-01/modes/G2_EVAL-llm+search-e1-b1/round1_context.json
 create mode 100644 task1/evidence/goal2/runs/g2-evaluation-modes-01/modes/G2_EVAL-llm+search-e1-b1/round1_validation.json
 create mode 100644 task1/evidence/goal2/runs/g2-evaluation-modes-01/modes/G2_EVAL-llm+search-e1-b1/round2_call/attempt01/dispatch.json
 create mode 100644 task1/evidence/goal2/runs/g2-evaluation-modes-01/modes/G2_EVAL-llm+search-e1-b1/round2_call/attempt01/input.json
 create mode 100644 task1/evidence/goal2/runs/g2-evaluation-modes-01/modes/G2_EVAL-llm+search-e1-b1/round2_call/attempt01/receipt.json
 create mode 100644 task1/evidence/goal2/runs/g2-evaluation-modes-01/modes/G2_EVAL-llm+search-e1-b1/round2_call/attempt01/response.json
 create mode 100644 task1/evidence/goal2/runs/g2-evaluation-modes-01/modes/G2_EVAL-llm+search-e1-b1/round2_call/attempt01/visible_events.jsonl
 create mode 100644 task1/evidence/goal2/runs/g2-evaluation-modes-01/modes/G2_EVAL-llm+search-e1-b1/round2_checkpoint.json
 create mode 100644 task1/evidence/goal2/runs/g2-evaluation-modes-01/modes/G2_EVAL-llm+search-e1-b1/round2_context.json
 create mode 100644 task1/evidence/goal2/runs/g2-evaluation-modes-01/modes/G2_EVAL-llm+search-e1-b1/round2_validation.json
 create mode 100644 task1/evidence/goal2/runs/g2-evaluation-modes-01/modes/G2_EVAL-llm+search-e1-b1/round3_call/attempt01/dispatch.json
 create mode 100644 task1/evidence/goal2/runs/g2-evaluation-modes-01/modes/G2_EVAL-llm+search-e1-b1/round3_call/attempt01/input.json
 create mode 100644 task1/evidence/goal2/runs/g2-evaluation-modes-01/modes/G2_EVAL-llm+search-e1-b1/round3_call/attempt01/receipt.json
 create mode 100644 task1/evidence/goal2/runs/g2-evaluation-modes-01/modes/G2_EVAL-llm+search-e1-b1/round3_call/attempt01/response.json
 create mode 100644 task1/evidence/goal2/runs/g2-evaluation-modes-01/modes/G2_EVAL-llm+search-e1-b1/round3_call/attempt01/visible_events.jsonl
 create mode 100644 task1/evidence/goal2/runs/g2-evaluation-modes-01/modes/G2_EVAL-llm+search-e1-b1/round3_checkpoint.json
 create mode 100644 task1/evidence/goal2/runs/g2-evaluation-modes-01/modes/G2_EVAL-llm+search-e1-b1/round3_context.json
 create mode 100644 task1/evidence/goal2/runs/g2-evaluation-modes-01/modes/G2_EVAL-llm+search-e1-b1/round3_validation.json
 create mode 100644 task1/evidence/goal2/runs/g2-evaluation-modes-01/modes/G2_EVAL-llm+search-e1-b2/11148_candidate_traces.json.gz
 create mode 100644 task1/evidence/goal2/runs/g2-evaluation-modes-01/modes/G2_EVAL-llm+search-e1-b2/11148_lock.json
 create mode 100644 task1/evidence/goal2/runs/g2-evaluation-modes-01/modes/G2_EVAL-llm+search-e1-b2/3371_candidate_traces.json.gz
 create mode 100644 task1/evidence/goal2/runs/g2-evaluation-modes-01/modes/G2_EVAL-llm+search-e1-b2/3371_lock.json
 create mode 100644 task1/evidence/goal2/runs/g2-evaluation-modes-01/modes/G2_EVAL-llm+search-e1-b2/33_candidate_traces.json.gz
 create mode 100644 task1/evidence/goal2/runs/g2-evaluation-modes-01/modes/G2_EVAL-llm+search-e1-b2/33_lock.json
 create mode 100644 task1/evidence/goal2/runs/g2-evaluation-modes-01/modes/G2_EVAL-llm+search-e1-b2/3420_candidate_traces.json.gz
 create mode 100644 task1/evidence/goal2/runs/g2-evaluation-modes-01/modes/G2_EVAL-llm+search-e1-b2/3420_lock.json
 create mode 100644 task1/evidence/goal2/runs/g2-evaluation-modes-01/modes/G2_EVAL-llm+search-e1-b2/43_candidate_traces.json.gz
 create mode 100644 task1/evidence/goal2/runs/g2-evaluation-modes-01/modes/G2_EVAL-llm+search-e1-b2/43_lock.json
 create mode 100644 task1/evidence/goal2/runs/g2-evaluation-modes-01/modes/G2_EVAL-llm+search-e1-b2/7270_candidate_traces.json.gz
 create mode 100644 task1/evidence/goal2/runs/g2-evaluation-modes-01/modes/G2_EVAL-llm+search-e1-b2/7270_lock.json
 create mode 100644 task1/evidence/goal2/runs/g2-evaluation-modes-01/modes/G2_EVAL-llm+search-e1-b2/911_candidate_traces.json.gz
 create mode 100644 task1/evidence/goal2/runs/g2-evaluation-modes-01/modes/G2_EVAL-llm+search-e1-b2/911_lock.json
 create mode 100644 task1/evidence/goal2/runs/g2-evaluation-modes-01/modes/G2_EVAL-llm+search-e1-b2/955_candidate_traces.json.gz
 create mode 100644 task1/evidence/goal2/runs/g2-evaluation-modes-01/modes/G2_EVAL-llm+search-e1-b2/955_lock.json
 create mode 100644 task1/evidence/goal2/runs/g2-evaluation-modes-01/modes/G2_EVAL-llm+search-e1-b2/episode.json
 create mode 100644 task1/evidence/goal2/runs/g2-evaluation-modes-01/modes/G2_EVAL-llm+search-e1-b2/memory_retrieval.json
 create mode 100644 task1/evidence/goal2/runs/g2-evaluation-modes-01/modes/G2_EVAL-llm+search-e1-b2/round1_call/attempt01/dispatch.json
 create mode 100644 task1/evidence/goal2/runs/g2-evaluation-modes-01/modes/G2_EVAL-llm+search-e1-b2/round1_call/attempt01/input.json
 create mode 100644 task1/evidence/goal2/runs/g2-evaluation-modes-01/modes/G2_EVAL-llm+search-e1-b2/round1_call/attempt01/receipt.json
 create mode 100644 task1/evidence/goal2/runs/g2-evaluation-modes-01/modes/G2_EVAL-llm+search-e1-b2/round1_call/attempt01/response.json
 create mode 100644 task1/evidence/goal2/runs/g2-evaluation-modes-01/modes/G2_EVAL-llm+search-e1-b2/round1_call/attempt01/visible_events.jsonl
 create mode 100644 task1/evidence/goal2/runs/g2-evaluation-modes-01/modes/G2_EVAL-llm+search-e1-b2/round1_checkpoint.json
 create mode 100644 task1/evidence/goal2/runs/g2-evaluation-modes-01/modes/G2_EVAL-llm+search-e1-b2/round1_context.json
 create mode 100644 task1/evidence/goal2/runs/g2-evaluation-modes-01/modes/G2_EVAL-llm+search-e1-b2/round1_validation.json
 create mode 100644 task1/evidence/goal2/runs/g2-evaluation-modes-01/modes/G2_EVAL-llm+search-e1-b2/round2_call/attempt01/dispatch.json
 create mode 100644 task1/evidence/goal2/runs/g2-evaluation-modes-01/modes/G2_EVAL-llm+search-e1-b2/round2_call/attempt01/input.json
 create mode 100644 task1/evidence/goal2/runs/g2-evaluation-modes-01/modes/G2_EVAL-llm+search-e1-b2/round2_call/attempt01/receipt.json
 create mode 100644 task1/evidence/goal2/runs/g2-evaluation-modes-01/modes/G2_EVAL-llm+search-e1-b2/round2_call/attempt01/response.json
 create mode 100644 task1/evidence/goal2/runs/g2-evaluation-modes-01/modes/G2_EVAL-llm+search-e1-b2/round2_call/attempt01/visible_events.jsonl
 create mode 100644 task1/evidence/goal2/runs/g2-evaluation-modes-01/modes/G2_EVAL-llm+search-e1-b2/round2_checkpoint.json
 create mode 100644 task1/evidence/goal2/runs/g2-evaluation-modes-01/modes/G2_EVAL-llm+search-e1-b2/round2_context.json
 create mode 100644 task1/evidence/goal2/runs/g2-evaluation-modes-01/modes/G2_EVAL-llm+search-e1-b2/round2_validation.json
 create mode 100644 task1/evidence/goal2/runs/g2-evaluation-modes-01/modes/G2_EVAL-llm+search-e1-b2/round3_call/attempt01/dispatch.json
 create mode 100644 task1/evidence/goal2/runs/g2-evaluation-modes-01/modes/G2_EVAL-llm+search-e1-b2/round3_call/attempt01/input.json
 create mode 100644 task1/evidence/goal2/runs/g2-evaluation-modes-01/modes/G2_EVAL-llm+search-e1-b2/round3_call/attempt01/receipt.json
 create mode 100644 task1/evidence/goal2/runs/g2-evaluation-modes-01/modes/G2_EVAL-llm+search-e1-b2/round3_call/attempt01/response.json
 create mode 100644 task1/evidence/goal2/runs/g2-evaluation-modes-01/modes/G2_EVAL-llm+search-e1-b2/round3_call/attempt01/visible_events.jsonl
 create mode 100644 task1/evidence/goal2/runs/g2-evaluation-modes-01/modes/G2_EVAL-llm+search-e1-b2/round3_checkpoint.json
 create mode 100644 task1/evidence/goal2/runs/g2-evaluation-modes-01/modes/G2_EVAL-llm+search-e1-b2/round3_context.json
 create mode 100644 task1/evidence/goal2/runs/g2-evaluation-modes-01/modes/G2_EVAL-llm+search-e1-b2/round3_validation.json
 create mode 100644 task1/evidence/goal2/runs/g2-evaluation-modes-01/modes/G2_EVAL-llm+search-e2-b0/10003_candidate_traces.json.gz
 create mode 100644 task1/evidence/goal2/runs/g2-evaluation-modes-01/modes/G2_EVAL-llm+search-e2-b0/10003_lock.json
 create mode 100644 task1/evidence/goal2/runs/g2-evaluation-modes-01/modes/G2_EVAL-llm+search-e2-b0/1887_candidate_traces.json.gz
 create mode 100644 task1/evidence/goal2/runs/g2-evaluation-modes-01/modes/G2_EVAL-llm+search-e2-b0/1887_lock.json
 create mode 100644 task1/evidence/goal2/runs/g2-evaluation-modes-01/modes/G2_EVAL-llm+search-e2-b0/2064_candidate_traces.json.gz
 create mode 100644 task1/evidence/goal2/runs/g2-evaluation-modes-01/modes/G2_EVAL-llm+search-e2-b0/2064_lock.json
 create mode 100644 task1/evidence/goal2/runs/g2-evaluation-modes-01/modes/G2_EVAL-llm+search-e2-b0/2225_candidate_traces.json.gz
 create mode 100644 task1/evidence/goal2/runs/g2-evaluation-modes-01/modes/G2_EVAL-llm+search-e2-b0/2225_lock.json
 create mode 100644 task1/evidence/goal2/runs/g2-evaluation-modes-01/modes/G2_EVAL-llm+search-e2-b0/588_candidate_traces.json.gz
 create mode 100644 task1/evidence/goal2/runs/g2-evaluation-modes-01/modes/G2_EVAL-llm+search-e2-b0/588_lock.json
 create mode 100644 task1/evidence/goal2/runs/g2-evaluation-modes-01/modes/G2_EVAL-llm+search-e2-b0/7253_candidate_traces.json.gz
 create mode 100644 task1/evidence/goal2/runs/g2-evaluation-modes-01/modes/G2_EVAL-llm+search-e2-b0/7253_lock.json
 create mode 100644 task1/evidence/goal2/runs/g2-evaluation-modes-01/modes/G2_EVAL-llm+search-e2-b0/8424_candidate_traces.json.gz
 create mode 100644 task1/evidence/goal2/runs/g2-evaluation-modes-01/modes/G2_EVAL-llm+search-e2-b0/8424_lock.json
 create mode 100644 task1/evidence/goal2/runs/g2-evaluation-modes-01/modes/G2_EVAL-llm+search-e2-b0/8522_candidate_traces.json.gz
 create mode 100644 task1/evidence/goal2/runs/g2-evaluation-modes-01/modes/G2_EVAL-llm+search-e2-b0/8522_lock.json
 create mode 100644 task1/evidence/goal2/runs/g2-evaluation-modes-01/modes/G2_EVAL-llm+search-e2-b0/episode.json
 create mode 100644 task1/evidence/goal2/runs/g2-evaluation-modes-01/modes/G2_EVAL-llm+search-e2-b0/memory_retrieval.json
 create mode 100644 task1/evidence/goal2/runs/g2-evaluation-modes-01/modes/G2_EVAL-llm+search-e2-b0/round1_call/attempt01/dispatch.json
 create mode 100644 task1/evidence/goal2/runs/g2-evaluation-modes-01/modes/G2_EVAL-llm+search-e2-b0/round1_call/attempt01/input.json
 create mode 100644 task1/evidence/goal2/runs/g2-evaluation-modes-01/modes/G2_EVAL-llm+search-e2-b0/round1_call/attempt01/receipt.json
 create mode 100644 task1/evidence/goal2/runs/g2-evaluation-modes-01/modes/G2_EVAL-llm+search-e2-b0/round1_call/attempt01/response.json
 create mode 100644 task1/evidence/goal2/runs/g2-evaluation-modes-01/modes/G2_EVAL-llm+search-e2-b0/round1_call/attempt01/visible_events.jsonl
 create mode 100644 task1/evidence/goal2/runs/g2-evaluation-modes-01/modes/G2_EVAL-llm+search-e2-b0/round1_checkpoint.json
 create mode 100644 task1/evidence/goal2/runs/g2-evaluation-modes-01/modes/G2_EVAL-llm+search-e2-b0/round1_context.json
 create mode 100644 task1/evidence/goal2/runs/g2-evaluation-modes-01/modes/G2_EVAL-llm+search-e2-b0/round1_validation.json
 create mode 100644 task1/evidence/goal2/runs/g2-evaluation-modes-01/modes/G2_EVAL-llm+search-e2-b0/round2_call/attempt01/dispatch.json
 create mode 100644 task1/evidence/goal2/runs/g2-evaluation-modes-01/modes/G2_EVAL-llm+search-e2-b0/round2_call/attempt01/input.json
 create mode 100644 task1/evidence/goal2/runs/g2-evaluation-modes-01/modes/G2_EVAL-llm+search-e2-b0/round2_call/attempt01/receipt.json
 create mode 100644 task1/evidence/goal2/runs/g2-evaluation-modes-01/modes/G2_EVAL-llm+search-e2-b0/round2_call/attempt01/response.json
 create mode 100644 task1/evidence/goal2/runs/g2-evaluation-modes-01/modes/G2_EVAL-llm+search-e2-b0/round2_call/attempt01/visible_events.jsonl
 create mode 100644 task1/evidence/goal2/runs/g2-evaluation-modes-01/modes/G2_EVAL-llm+search-e2-b0/round2_checkpoint.json
 create mode 100644 task1/evidence/goal2/runs/g2-evaluation-modes-01/modes/G2_EVAL-llm+search-e2-b0/round2_context.json
 create mode 100644 task1/evidence/goal2/runs/g2-evaluation-modes-01/modes/G2_EVAL-llm+search-e2-b0/round2_validation.json
 create mode 100644 task1/evidence/goal2/runs/g2-evaluation-modes-01/modes/G2_EVAL-llm+search-e2-b0/round3_call/attempt01/dispatch.json
 create mode 100644 task1/evidence/goal2/runs/g2-evaluation-modes-01/modes/G2_EVAL-llm+search-e2-b0/round3_call/attempt01/input.json
 create mode 100644 task1/evidence/goal2/runs/g2-evaluation-modes-01/modes/G2_EVAL-llm+search-e2-b0/round3_call/attempt01/receipt.json
 create mode 100644 task1/evidence/goal2/runs/g2-evaluation-modes-01/modes/G2_EVAL-llm+search-e2-b0/round3_call/attempt01/response.json
 create mode 100644 task1/evidence/goal2/runs/g2-evaluation-modes-01/modes/G2_EVAL-llm+search-e2-b0/round3_call/attempt01/visible_events.jsonl
 create mode 100644 task1/evidence/goal2/runs/g2-evaluation-modes-01/modes/G2_EVAL-llm+search-e2-b0/round3_checkpoint.json
 create mode 100644 task1/evidence/goal2/runs/g2-evaluation-modes-01/modes/G2_EVAL-llm+search-e2-b0/round3_context.json
 create mode 100644 task1/evidence/goal2/runs/g2-evaluation-modes-01/modes/G2_EVAL-llm+search-e2-b0/round3_validation.json
 create mode 100644 task1/evidence/goal2/runs/g2-evaluation-modes-01/modes/G2_EVAL-llm+search-e2-b1/10927_candidate_traces.json.gz
 create mode 100644 task1/evidence/goal2/runs/g2-evaluation-modes-01/modes/G2_EVAL-llm+search-e2-b1/10927_lock.json
 create mode 100644 task1/evidence/goal2/runs/g2-evaluation-modes-01/modes/G2_EVAL-llm+search-e2-b1/1880_candidate_traces.json.gz
 create mode 100644 task1/evidence/goal2/runs/g2-evaluation-modes-01/modes/G2_EVAL-llm+search-e2-b1/1880_lock.json
 create mode 100644 task1/evidence/goal2/runs/g2-evaluation-modes-01/modes/G2_EVAL-llm+search-e2-b1/2297_candidate_traces.json.gz
 create mode 100644 task1/evidence/goal2/runs/g2-evaluation-modes-01/modes/G2_EVAL-llm+search-e2-b1/2297_lock.json
 create mode 100644 task1/evidence/goal2/runs/g2-evaluation-modes-01/modes/G2_EVAL-llm+search-e2-b1/7137_candidate_traces.json.gz
 create mode 100644 task1/evidence/goal2/runs/g2-evaluation-modes-01/modes/G2_EVAL-llm+search-e2-b1/7137_lock.json
 create mode 100644 task1/evidence/goal2/runs/g2-evaluation-modes-01/modes/G2_EVAL-llm+search-e2-b1/7711_candidate_traces.json.gz
 create mode 100644 task1/evidence/goal2/runs/g2-evaluation-modes-01/modes/G2_EVAL-llm+search-e2-b1/7711_lock.json
 create mode 100644 task1/evidence/goal2/runs/g2-evaluation-modes-01/modes/G2_EVAL-llm+search-e2-b1/9296_candidate_traces.json.gz
 create mode 100644 task1/evidence/goal2/runs/g2-evaluation-modes-01/modes/G2_EVAL-llm+search-e2-b1/9296_lock.json
 create mode 100644 task1/evidence/goal2/runs/g2-evaluation-modes-01/modes/G2_EVAL-llm+search-e2-b1/9673_candidate_traces.json.gz
 create mode 100644 task1/evidence/goal2/runs/g2-evaluation-modes-01/modes/G2_EVAL-llm+search-e2-b1/9673_lock.json
 create mode 100644 task1/evidence/goal2/runs/g2-evaluation-modes-01/modes/G2_EVAL-llm+search-e2-b1/9709_candidate_traces.json.gz
 create mode 100644 task1/evidence/goal2/runs/g2-evaluation-modes-01/modes/G2_EVAL-llm+search-e2-b1/9709_lock.json
 create mode 100644 task1/evidence/goal2/runs/g2-evaluation-modes-01/modes/G2_EVAL-llm+search-e2-b1/episode.json
 create mode 100644 task1/evidence/goal2/runs/g2-evaluation-modes-01/modes/G2_EVAL-llm+search-e2-b1/memory_retrieval.json
 create mode 100644 task1/evidence/goal2/runs/g2-evaluation-modes-01/modes/G2_EVAL-llm+search-e2-b1/round1_call/attempt01/dispatch.json
 create mode 100644 task1/evidence/goal2/runs/g2-evaluation-modes-01/modes/G2_EVAL-llm+search-e2-b1/round1_call/attempt01/input.json
 create mode 100644 task1/evidence/goal2/runs/g2-evaluation-modes-01/modes/G2_EVAL-llm+search-e2-b1/round1_call/attempt01/receipt.json
 create mode 100644 task1/evidence/goal2/runs/g2-evaluation-modes-01/modes/G2_EVAL-llm+search-e2-b1/round1_call/attempt01/response.json
 create mode 100644 task1/evidence/goal2/runs/g2-evaluation-modes-01/modes/G2_EVAL-llm+search-e2-b1/round1_call/attempt01/visible_events.jsonl
 create mode 100644 task1/evidence/goal2/runs/g2-evaluation-modes-01/modes/G2_EVAL-llm+search-e2-b1/round1_checkpoint.json
 create mode 100644 task1/evidence/goal2/runs/g2-evaluation-modes-01/modes/G2_EVAL-llm+search-e2-b1/round1_context.json
 create mode 100644 task1/evidence/goal2/runs/g2-evaluation-modes-01/modes/G2_EVAL-llm+search-e2-b1/round1_validation.json
 create mode 100644 task1/evidence/goal2/runs/g2-evaluation-modes-01/modes/G2_EVAL-llm+search-e2-b1/round2_call/attempt01/dispatch.json
 create mode 100644 task1/evidence/goal2/runs/g2-evaluation-modes-01/modes/G2_EVAL-llm+search-e2-b1/round2_call/attempt01/input.json
 create mode 100644 task1/evidence/goal2/runs/g2-evaluation-modes-01/modes/G2_EVAL-llm+search-e2-b1/round2_call/attempt01/receipt.json
 create mode 100644 task1/evidence/goal2/runs/g2-evaluation-modes-01/modes/G2_EVAL-llm+search-e2-b1/round2_call/attempt01/response.json
 create mode 100644 task1/evidence/goal2/runs/g2-evaluation-modes-01/modes/G2_EVAL-llm+search-e2-b1/round2_call/attempt01/visible_events.jsonl
 create mode 100644 task1/evidence/goal2/runs/g2-evaluation-modes-01/modes/G2_EVAL-llm+search-e2-b1/round2_checkpoint.json
 create mode 100644 task1/evidence/goal2/runs/g2-evaluation-modes-01/modes/G2_EVAL-llm+search-e2-b1/round2_context.json
 create mode 100644 task1/evidence/goal2/runs/g2-evaluation-modes-01/modes/G2_EVAL-llm+search-e2-b1/round2_validation.json
 create mode 100644 task1/evidence/goal2/runs/g2-evaluation-modes-01/modes/G2_EVAL-llm+search-e2-b1/round3_call/attempt01/dispatch.json
 create mode 100644 task1/evidence/goal2/runs/g2-evaluation-modes-01/modes/G2_EVAL-llm+search-e2-b1/round3_call/attempt01/input.json
 create mode 100644 task1/evidence/goal2/runs/g2-evaluation-modes-01/modes/G2_EVAL-llm+search-e2-b1/round3_call/attempt01/receipt.json
 create mode 100644 task1/evidence/goal2/runs/g2-evaluation-modes-01/modes/G2_EVAL-llm+search-e2-b1/round3_call/attempt01/response.json
 create mode 100644 task1/evidence/goal2/runs/g2-evaluation-modes-01/modes/G2_EVAL-llm+search-e2-b1/round3_call/attempt01/visible_events.jsonl
 create mode 100644 task1/evidence/goal2/runs/g2-evaluation-modes-01/modes/G2_EVAL-llm+search-e2-b1/round3_checkpoint.json
 create mode 100644 task1/evidence/goal2/runs/g2-evaluation-modes-01/modes/G2_EVAL-llm+search-e2-b1/round3_context.json
 create mode 100644 task1/evidence/goal2/runs/g2-evaluation-modes-01/modes/G2_EVAL-llm+search-e2-b1/round3_validation.json
 create mode 100644 task1/evidence/goal2/runs/g2-evaluation-modes-01/modes/G2_EVAL-llm+search-e2-b2/11148_candidate_traces.json.gz
 create mode 100644 task1/evidence/goal2/runs/g2-evaluation-modes-01/modes/G2_EVAL-llm+search-e2-b2/11148_lock.json
 create mode 100644 task1/evidence/goal2/runs/g2-evaluation-modes-01/modes/G2_EVAL-llm+search-e2-b2/3371_candidate_traces.json.gz
 create mode 100644 task1/evidence/goal2/runs/g2-evaluation-modes-01/modes/G2_EVAL-llm+search-e2-b2/3371_lock.json
 create mode 100644 task1/evidence/goal2/runs/g2-evaluation-modes-01/modes/G2_EVAL-llm+search-e2-b2/33_candidate_traces.json.gz
 create mode 100644 task1/evidence/goal2/runs/g2-evaluation-modes-01/modes/G2_EVAL-llm+search-e2-b2/33_lock.json
 create mode 100644 task1/evidence/goal2/runs/g2-evaluation-modes-01/modes/G2_EVAL-llm+search-e2-b2/3420_candidate_traces.json.gz
 create mode 100644 task1/evidence/goal2/runs/g2-evaluation-modes-01/modes/G2_EVAL-llm+search-e2-b2/3420_lock.json
 create mode 100644 task1/evidence/goal2/runs/g2-evaluation-modes-01/modes/G2_EVAL-llm+search-e2-b2/43_candidate_traces.json.gz
 create mode 100644 task1/evidence/goal2/runs/g2-evaluation-modes-01/modes/G2_EVAL-llm+search-e2-b2/43_lock.json
 create mode 100644 task1/evidence/goal2/runs/g2-evaluation-modes-01/modes/G2_EVAL-llm+search-e2-b2/7270_candidate_traces.json.gz
 create mode 100644 task1/evidence/goal2/runs/g2-evaluation-modes-01/modes/G2_EVAL-llm+search-e2-b2/7270_lock.json
 create mode 100644 task1/evidence/goal2/runs/g2-evaluation-modes-01/modes/G2_EVAL-llm+search-e2-b2/911_candidate_traces.json.gz
 create mode 100644 task1/evidence/goal2/runs/g2-evaluation-modes-01/modes/G2_EVAL-llm+search-e2-b2/911_lock.json
 create mode 100644 task1/evidence/goal2/runs/g2-evaluation-modes-01/modes/G2_EVAL-llm+search-e2-b2/955_candidate_traces.json.gz
 create mode 100644 task1/evidence/goal2/runs/g2-evaluation-modes-01/modes/G2_EVAL-llm+search-e2-b2/955_lock.json
 create mode 100644 task1/evidence/goal2/runs/g2-evaluation-modes-01/modes/G2_EVAL-llm+search-e2-b2/episode.json
 create mode 100644 task1/evidence/goal2/runs/g2-evaluation-modes-01/modes/G2_EVAL-llm+search-e2-b2/memory_retrieval.json
 create mode 100644 task1/evidence/goal2/runs/g2-evaluation-modes-01/modes/G2_EVAL-llm+search-e2-b2/round1_call/attempt01/dispatch.json
 create mode 100644 task1/evidence/goal2/runs/g2-evaluation-modes-01/modes/G2_EVAL-llm+search-e2-b2/round1_call/attempt01/input.json
 create mode 100644 task1/evidence/goal2/runs/g2-evaluation-modes-01/modes/G2_EVAL-llm+search-e2-b2/round1_call/attempt01/receipt.json
 create mode 100644 task1/evidence/goal2/runs/g2-evaluation-modes-01/modes/G2_EVAL-llm+search-e2-b2/round1_call/attempt01/response.json
 create mode 100644 task1/evidence/goal2/runs/g2-evaluation-modes-01/modes/G2_EVAL-llm+search-e2-b2/round1_call/attempt01/visible_events.jsonl
 create mode 100644 task1/evidence/goal2/runs/g2-evaluation-modes-01/modes/G2_EVAL-llm+search-e2-b2/round1_checkpoint.json
 create mode 100644 task1/evidence/goal2/runs/g2-evaluation-modes-01/modes/G2_EVAL-llm+search-e2-b2/round1_context.json
 create mode 100644 task1/evidence/goal2/runs/g2-evaluation-modes-01/modes/G2_EVAL-llm+search-e2-b2/round1_validation.json
 create mode 100644 task1/evidence/goal2/runs/g2-evaluation-modes-01/modes/G2_EVAL-llm+search-e2-b2/round2_call/attempt01/dispatch.json
 create mode 100644 task1/evidence/goal2/runs/g2-evaluation-modes-01/modes/G2_EVAL-llm+search-e2-b2/round2_call/attempt01/input.json
 create mode 100644 task1/evidence/goal2/runs/g2-evaluation-modes-01/modes/G2_EVAL-llm+search-e2-b2/round2_call/attempt01/receipt.json
 create mode 100644 task1/evidence/goal2/runs/g2-evaluation-modes-01/modes/G2_EVAL-llm+search-e2-b2/round2_call/attempt01/response.json
 create mode 100644 task1/evidence/goal2/runs/g2-evaluation-modes-01/modes/G2_EVAL-llm+search-e2-b2/round2_call/attempt01/visible_events.jsonl
 create mode 100644 task1/evidence/goal2/runs/g2-evaluation-modes-01/modes/G2_EVAL-llm+search-e2-b2/round2_checkpoint.json
 create mode 100644 task1/evidence/goal2/runs/g2-evaluation-modes-01/modes/G2_EVAL-llm+search-e2-b2/round2_context.json
 create mode 100644 task1/evidence/goal2/runs/g2-evaluation-modes-01/modes/G2_EVAL-llm+search-e2-b2/round2_validation.json
 create mode 100644 task1/evidence/goal2/runs/g2-evaluation-modes-01/modes/G2_EVAL-llm+search-e2-b2/round3_call/attempt01/dispatch.json
 create mode 100644 task1/evidence/goal2/runs/g2-evaluation-modes-01/modes/G2_EVAL-llm+search-e2-b2/round3_call/attempt01/input.json
 create mode 100644 task1/evidence/goal2/runs/g2-evaluation-modes-01/modes/G2_EVAL-llm+search-e2-b2/round3_call/attempt01/receipt.json
 create mode 100644 task1/evidence/goal2/runs/g2-evaluation-modes-01/modes/G2_EVAL-llm+search-e2-b2/round3_call/attempt01/response.json
 create mode 100644 task1/evidence/goal2/runs/g2-evaluation-modes-01/modes/G2_EVAL-llm+search-e2-b2/round3_call/attempt01/visible_events.jsonl
 create mode 100644 task1/evidence/goal2/runs/g2-evaluation-modes-01/modes/G2_EVAL-llm+search-e2-b2/round3_checkpoint.json
 create mode 100644 task1/evidence/goal2/runs/g2-evaluation-modes-01/modes/G2_EVAL-llm+search-e2-b2/round3_context.json
 create mode 100644 task1/evidence/goal2/runs/g2-evaluation-modes-01/modes/G2_EVAL-llm+search-e2-b2/round3_validation.json
 create mode 100644 task1/evidence/goal2/runs/g2-evaluation-modes-01/modes/G2_EVAL-llm+search-e3-b0/10003_candidate_traces.json.gz
 create mode 100644 task1/evidence/goal2/runs/g2-evaluation-modes-01/modes/G2_EVAL-llm+search-e3-b0/10003_lock.json
 create mode 100644 task1/evidence/goal2/runs/g2-evaluation-modes-01/modes/G2_EVAL-llm+search-e3-b0/1887_candidate_traces.json.gz
 create mode 100644 task1/evidence/goal2/runs/g2-evaluation-modes-01/modes/G2_EVAL-llm+search-e3-b0/1887_lock.json
 create mode 100644 task1/evidence/goal2/runs/g2-evaluation-modes-01/modes/G2_EVAL-llm+search-e3-b0/2064_candidate_traces.json.gz
 create mode 100644 task1/evidence/goal2/runs/g2-evaluation-modes-01/modes/G2_EVAL-llm+search-e3-b0/2064_lock.json
 create mode 100644 task1/evidence/goal2/runs/g2-evaluation-modes-01/modes/G2_EVAL-llm+search-e3-b0/2225_candidate_traces.json.gz
 create mode 100644 task1/evidence/goal2/runs/g2-evaluation-modes-01/modes/G2_EVAL-llm+search-e3-b0/2225_lock.json
 create mode 100644 task1/evidence/goal2/runs/g2-evaluation-modes-01/modes/G2_EVAL-llm+search-e3-b0/588_candidate_traces.json.gz
 create mode 100644 task1/evidence/goal2/runs/g2-evaluation-modes-01/modes/G2_EVAL-llm+search-e3-b0/588_lock.json
 create mode 100644 task1/evidence/goal2/runs/g2-evaluation-modes-01/modes/G2_EVAL-llm+search-e3-b0/7253_candidate_traces.json.gz
 create mode 100644 task1/evidence/goal2/runs/g2-evaluation-modes-01/modes/G2_EVAL-llm+search-e3-b0/7253_lock.json
 create mode 100644 task1/evidence/goal2/runs/g2-evaluation-modes-01/modes/G2_EVAL-llm+search-e3-b0/8424_candidate_traces.json.gz
 create mode 100644 task1/evidence/goal2/runs/g2-evaluation-modes-01/modes/G2_EVAL-llm+search-e3-b0/8424_lock.json
 create mode 100644 task1/evidence/goal2/runs/g2-evaluation-modes-01/modes/G2_EVAL-llm+search-e3-b0/8522_candidate_traces.json.gz
 create mode 100644 task1/evidence/goal2/runs/g2-evaluation-modes-01/modes/G2_EVAL-llm+search-e3-b0/8522_lock.json
 create mode 100644 task1/evidence/goal2/runs/g2-evaluation-modes-01/modes/G2_EVAL-llm+search-e3-b0/episode.json
 create mode 100644 task1/evidence/goal2/runs/g2-evaluation-modes-01/modes/G2_EVAL-llm+search-e3-b0/memory_retrieval.json
 create mode 100644 task1/evidence/goal2/runs/g2-evaluation-modes-01/modes/G2_EVAL-llm+search-e3-b0/round1_call/attempt01/dispatch.json
 create mode 100644 task1/evidence/goal2/runs/g2-evaluation-modes-01/modes/G2_EVAL-llm+search-e3-b0/round1_call/attempt01/input.json
 create mode 100644 task1/evidence/goal2/runs/g2-evaluation-modes-01/modes/G2_EVAL-llm+search-e3-b0/round1_call/attempt01/receipt.json
 create mode 100644 task1/evidence/goal2/runs/g2-evaluation-modes-01/modes/G2_EVAL-llm+search-e3-b0/round1_call/attempt01/response.json
 create mode 100644 task1/evidence/goal2/runs/g2-evaluation-modes-01/modes/G2_EVAL-llm+search-e3-b0/round1_call/attempt01/visible_events.jsonl
 create mode 100644 task1/evidence/goal2/runs/g2-evaluation-modes-01/modes/G2_EVAL-llm+search-e3-b0/round1_checkpoint.json
 create mode 100644 task1/evidence/goal2/runs/g2-evaluation-modes-01/modes/G2_EVAL-llm+search-e3-b0/round1_context.json
 create mode 100644 task1/evidence/goal2/runs/g2-evaluation-modes-01/modes/G2_EVAL-llm+search-e3-b0/round1_validation.json
 create mode 100644 task1/evidence/goal2/runs/g2-evaluation-modes-01/modes/G2_EVAL-llm+search-e3-b0/round2_call/attempt01/dispatch.json
 create mode 100644 task1/evidence/goal2/runs/g2-evaluation-modes-01/modes/G2_EVAL-llm+search-e3-b0/round2_call/attempt01/input.json
 create mode 100644 task1/evidence/goal2/runs/g2-evaluation-modes-01/modes/G2_EVAL-llm+search-e3-b0/round2_call/attempt01/receipt.json
 create mode 100644 task1/evidence/goal2/runs/g2-evaluation-modes-01/modes/G2_EVAL-llm+search-e3-b0/round2_call/attempt01/response.json
 create mode 100644 task1/evidence/goal2/runs/g2-evaluation-modes-01/modes/G2_EVAL-llm+search-e3-b0/round2_call/attempt01/visible_events.jsonl
 create mode 100644 task1/evidence/goal2/runs/g2-evaluation-modes-01/modes/G2_EVAL-llm+search-e3-b0/round2_checkpoint.json
 create mode 100644 task1/evidence/goal2/runs/g2-evaluation-modes-01/modes/G2_EVAL-llm+search-e3-b0/round2_context.json
 create mode 100644 task1/evidence/goal2/runs/g2-evaluation-modes-01/modes/G2_EVAL-llm+search-e3-b0/round2_validation.json
 create mode 100644 task1/evidence/goal2/runs/g2-evaluation-modes-01/modes/G2_EVAL-llm+search-e3-b0/round3_call/attempt01/dispatch.json
 create mode 100644 task1/evidence/goal2/runs/g2-evaluation-modes-01/modes/G2_EVAL-llm+search-e3-b0/round3_call/attempt01/input.json
 create mode 100644 task1/evidence/goal2/runs/g2-evaluation-modes-01/modes/G2_EVAL-llm+search-e3-b0/round3_call/attempt01/receipt.json
 create mode 100644 task1/evidence/goal2/runs/g2-evaluation-modes-01/modes/G2_EVAL-llm+search-e3-b0/round3_call/attempt01/response.json
 create mode 100644 task1/evidence/goal2/runs/g2-evaluation-modes-01/modes/G2_EVAL-llm+search-e3-b0/round3_call/attempt01/visible_events.jsonl
 create mode 100644 task1/evidence/goal2/runs/g2-evaluation-modes-01/modes/G2_EVAL-llm+search-e3-b0/round3_checkpoint.json
 create mode 100644 task1/evidence/goal2/runs/g2-evaluation-modes-01/modes/G2_EVAL-llm+search-e3-b0/round3_context.json
 create mode 100644 task1/evidence/goal2/runs/g2-evaluation-modes-01/modes/G2_EVAL-llm+search-e3-b0/round3_validation.json
 create mode 100644 task1/evidence/goal2/runs/g2-evaluation-modes-01/modes/G2_EVAL-llm+search-e3-b1/10927_candidate_traces.json.gz
 create mode 100644 task1/evidence/goal2/runs/g2-evaluation-modes-01/modes/G2_EVAL-llm+search-e3-b1/10927_lock.json
 create mode 100644 task1/evidence/goal2/runs/g2-evaluation-modes-01/modes/G2_EVAL-llm+search-e3-b1/1880_candidate_traces.json.gz
 create mode 100644 task1/evidence/goal2/runs/g2-evaluation-modes-01/modes/G2_EVAL-llm+search-e3-b1/1880_lock.json
 create mode 100644 task1/evidence/goal2/runs/g2-evaluation-modes-01/modes/G2_EVAL-llm+search-e3-b1/2297_candidate_traces.json.gz
 create mode 100644 task1/evidence/goal2/runs/g2-evaluation-modes-01/modes/G2_EVAL-llm+search-e3-b1/2297_lock.json
 create mode 100644 task1/evidence/goal2/runs/g2-evaluation-modes-01/modes/G2_EVAL-llm+search-e3-b1/7137_candidate_traces.json.gz
 create mode 100644 task1/evidence/goal2/runs/g2-evaluation-modes-01/modes/G2_EVAL-llm+search-e3-b1/7137_lock.json
 create mode 100644 task1/evidence/goal2/runs/g2-evaluation-modes-01/modes/G2_EVAL-llm+search-e3-b1/7711_candidate_traces.json.gz
 create mode 100644 task1/evidence/goal2/runs/g2-evaluation-modes-01/modes/G2_EVAL-llm+search-e3-b1/7711_lock.json
 create mode 100644 task1/evidence/goal2/runs/g2-evaluation-modes-01/modes/G2_EVAL-llm+search-e3-b1/9296_candidate_traces.json.gz
 create mode 100644 task1/evidence/goal2/runs/g2-evaluation-modes-01/modes/G2_EVAL-llm+search-e3-b1/9296_lock.json
 create mode 100644 task1/evidence/goal2/runs/g2-evaluation-modes-01/modes/G2_EVAL-llm+search-e3-b1/9673_candidate_traces.json.gz
 create mode 100644 task1/evidence/goal2/runs/g2-evaluation-modes-01/modes/G2_EVAL-llm+search-e3-b1/9673_lock.json
 create mode 100644 task1/evidence/goal2/runs/g2-evaluation-modes-01/modes/G2_EVAL-llm+search-e3-b1/9709_candidate_traces.json.gz
 create mode 100644 task1/evidence/goal2/runs/g2-evaluation-modes-01/modes/G2_EVAL-llm+search-e3-b1/9709_lock.json
 create mode 100644 task1/evidence/goal2/runs/g2-evaluation-modes-01/modes/G2_EVAL-llm+search-e3-b1/episode.json
 create mode 100644 task1/evidence/goal2/runs/g2-evaluation-modes-01/modes/G2_EVAL-llm+search-e3-b1/memory_retrieval.json
 create mode 100644 task1/evidence/goal2/runs/g2-evaluation-modes-01/modes/G2_EVAL-llm+search-e3-b1/round1_call/attempt01/dispatch.json
 create mode 100644 task1/evidence/goal2/runs/g2-evaluation-modes-01/modes/G2_EVAL-llm+search-e3-b1/round1_call/attempt01/input.json
 create mode 100644 task1/evidence/goal2/runs/g2-evaluation-modes-01/modes/G2_EVAL-llm+search-e3-b1/round1_call/attempt01/receipt.json
 create mode 100644 task1/evidence/goal2/runs/g2-evaluation-modes-01/modes/G2_EVAL-llm+search-e3-b1/round1_call/attempt01/response.json
 create mode 100644 task1/evidence/goal2/runs/g2-evaluation-modes-01/modes/G2_EVAL-llm+search-e3-b1/round1_call/attempt01/visible_events.jsonl
 create mode 100644 task1/evidence/goal2/runs/g2-evaluation-modes-01/modes/G2_EVAL-llm+search-e3-b1/round1_checkpoint.json
 create mode 100644 task1/evidence/goal2/runs/g2-evaluation-modes-01/modes/G2_EVAL-llm+search-e3-b1/round1_context.json
 create mode 100644 task1/evidence/goal2/runs/g2-evaluation-modes-01/modes/G2_EVAL-llm+search-e3-b1/round1_validation.json
 create mode 100644 task1/evidence/goal2/runs/g2-evaluation-modes-01/modes/G2_EVAL-llm+search-e3-b1/round2_call/attempt01/dispatch.json
 create mode 100644 task1/evidence/goal2/runs/g2-evaluation-modes-01/modes/G2_EVAL-llm+search-e3-b1/round2_call/attempt01/input.json
 create mode 100644 task1/evidence/goal2/runs/g2-evaluation-modes-01/modes/G2_EVAL-llm+search-e3-b1/round2_call/attempt01/receipt.json
 create mode 100644 task1/evidence/goal2/runs/g2-evaluation-modes-01/modes/G2_EVAL-llm+search-e3-b1/round2_call/attempt01/response.json
 create mode 100644 task1/evidence/goal2/runs/g2-evaluation-modes-01/modes/G2_EVAL-llm+search-e3-b1/round2_call/attempt01/visible_events.jsonl
 create mode 100644 task1/evidence/goal2/runs/g2-evaluation-modes-01/modes/G2_EVAL-llm+search-e3-b1/round2_checkpoint.json
 create mode 100644 task1/evidence/goal2/runs/g2-evaluation-modes-01/modes/G2_EVAL-llm+search-e3-b1/round2_context.json
 create mode 100644 task1/evidence/goal2/runs/g2-evaluation-modes-01/modes/G2_EVAL-llm+search-e3-b1/round2_validation.json
 create mode 100644 task1/evidence/goal2/runs/g2-evaluation-modes-01/modes/G2_EVAL-llm+search-e3-b1/round3_call/attempt01/dispatch.json
 create mode 100644 task1/evidence/goal2/runs/g2-evaluation-modes-01/modes/G2_EVAL-llm+search-e3-b1/round3_call/attempt01/input.json
 create mode 100644 task1/evidence/goal2/runs/g2-evaluation-modes-01/modes/G2_EVAL-llm+search-e3-b1/round3_call/attempt01/receipt.json
 create mode 100644 task1/evidence/goal2/runs/g2-evaluation-modes-01/modes/G2_EVAL-llm+search-e3-b1/round3_call/attempt01/response.json
 create mode 100644 task1/evidence/goal2/runs/g2-evaluation-modes-01/modes/G2_EVAL-llm+search-e3-b1/round3_call/attempt01/visible_events.jsonl
 create mode 100644 task1/evidence/goal2/runs/g2-evaluation-modes-01/modes/G2_EVAL-llm+search-e3-b1/round3_checkpoint.json
 create mode 100644 task1/evidence/goal2/runs/g2-evaluation-modes-01/modes/G2_EVAL-llm+search-e3-b1/round3_context.json
 create mode 100644 task1/evidence/goal2/runs/g2-evaluation-modes-01/modes/G2_EVAL-llm+search-e3-b1/round3_validation.json
 create mode 100644 task1/evidence/goal2/runs/g2-evaluation-modes-01/modes/G2_EVAL-llm+search-e3-b2/11148_candidate_traces.json.gz
 create mode 100644 task1/evidence/goal2/runs/g2-evaluation-modes-01/modes/G2_EVAL-llm+search-e3-b2/11148_lock.json
 create mode 100644 task1/evidence/goal2/runs/g2-evaluation-modes-01/modes/G2_EVAL-llm+search-e3-b2/3371_candidate_traces.json.gz
 create mode 100644 task1/evidence/goal2/runs/g2-evaluation-modes-01/modes/G2_EVAL-llm+search-e3-b2/3371_lock.json
 create mode 100644 task1/evidence/goal2/runs/g2-evaluation-modes-01/modes/G2_EVAL-llm+search-e3-b2/33_candidate_traces.json.gz
 create mode 100644 task1/evidence/goal2/runs/g2-evaluation-modes-01/modes/G2_EVAL-llm+search-e3-b2/33_lock.json
 create mode 100644 task1/evidence/goal2/runs/g2-evaluation-modes-01/modes/G2_EVAL-llm+search-e3-b2/3420_candidate_traces.json.gz
 create mode 100644 task1/evidence/goal2/runs/g2-evaluation-modes-01/modes/G2_EVAL-llm+search-e3-b2/3420_lock.json
 create mode 100644 task1/evidence/goal2/runs/g2-evaluation-modes-01/modes/G2_EVAL-llm+search-e3-b2/43_candidate_traces.json.gz
 create mode 100644 task1/evidence/goal2/runs/g2-evaluation-modes-01/modes/G2_EVAL-llm+search-e3-b2/43_lock.json
 create mode 100644 task1/evidence/goal2/runs/g2-evaluation-modes-01/modes/G2_EVAL-llm+search-e3-b2/7270_candidate_traces.json.gz
 create mode 100644 task1/evidence/goal2/runs/g2-evaluation-modes-01/modes/G2_EVAL-llm+search-e3-b2/7270_lock.json
 create mode 100644 task1/evidence/goal2/runs/g2-evaluation-modes-01/modes/G2_EVAL-llm+search-e3-b2/911_candidate_traces.json.gz
 create mode 100644 task1/evidence/goal2/runs/g2-evaluation-modes-01/modes/G2_EVAL-llm+search-e3-b2/911_lock.json
 create mode 100644 task1/evidence/goal2/runs/g2-evaluation-modes-01/modes/G2_EVAL-llm+search-e3-b2/955_candidate_traces.json.gz
 create mode 100644 task1/evidence/goal2/runs/g2-evaluation-modes-01/modes/G2_EVAL-llm+search-e3-b2/955_lock.json
 create mode 100644 task1/evidence/goal2/runs/g2-evaluation-modes-01/modes/G2_EVAL-llm+search-e3-b2/episode.json
 create mode 100644 task1/evidence/goal2/runs/g2-evaluation-modes-01/modes/G2_EVAL-llm+search-e3-b2/memory_retrieval.json
 create mode 100644 task1/evidence/goal2/runs/g2-evaluation-modes-01/modes/G2_EVAL-llm+search-e3-b2/round1_call/attempt01/dispatch.json
 create mode 100644 task1/evidence/goal2/runs/g2-evaluation-modes-01/modes/G2_EVAL-llm+search-e3-b2/round1_call/attempt01/input.json
 create mode 100644 task1/evidence/goal2/runs/g2-evaluation-modes-01/modes/G2_EVAL-llm+search-e3-b2/round1_call/attempt01/receipt.json
 create mode 100644 task1/evidence/goal2/runs/g2-evaluation-modes-01/modes/G2_EVAL-llm+search-e3-b2/round1_call/attempt01/response.json
 create mode 100644 task1/evidence/goal2/runs/g2-evaluation-modes-01/modes/G2_EVAL-llm+search-e3-b2/round1_call/attempt01/visible_events.jsonl
 create mode 100644 task1/evidence/goal2/runs/g2-evaluation-modes-01/modes/G2_EVAL-llm+search-e3-b2/round1_checkpoint.json
 create mode 100644 task1/evidence/goal2/runs/g2-evaluation-modes-01/modes/G2_EVAL-llm+search-e3-b2/round1_context.json
 create mode 100644 task1/evidence/goal2/runs/g2-evaluation-modes-01/modes/G2_EVAL-llm+search-e3-b2/round1_validation.json
 create mode 100644 task1/evidence/goal2/runs/g2-evaluation-modes-01/modes/G2_EVAL-llm+search-e3-b2/round2_call/attempt01/dispatch.json
 create mode 100644 task1/evidence/goal2/runs/g2-evaluation-modes-01/modes/G2_EVAL-llm+search-e3-b2/round2_call/attempt01/input.json
 create mode 100644 task1/evidence/goal2/runs/g2-evaluation-modes-01/modes/G2_EVAL-llm+search-e3-b2/round2_call/attempt01/receipt.json
 create mode 100644 task1/evidence/goal2/runs/g2-evaluation-modes-01/modes/G2_EVAL-llm+search-e3-b2/round2_call/attempt01/response.json
 create mode 100644 task1/evidence/goal2/runs/g2-evaluation-modes-01/modes/G2_EVAL-llm+search-e3-b2/round2_call/attempt01/visible_events.jsonl
 create mode 100644 task1/evidence/goal2/runs/g2-evaluation-modes-01/modes/G2_EVAL-llm+search-e3-b2/round2_checkpoint.json
 create mode 100644 task1/evidence/goal2/runs/g2-evaluation-modes-01/modes/G2_EVAL-llm+search-e3-b2/round2_context.json
 create mode 100644 task1/evidence/goal2/runs/g2-evaluation-modes-01/modes/G2_EVAL-llm+search-e3-b2/round2_validation.json
 create mode 100644 task1/evidence/goal2/runs/g2-evaluation-modes-01/modes/G2_EVAL-llm+search-e3-b2/round3_call/attempt01/dispatch.json
 create mode 100644 task1/evidence/goal2/runs/g2-evaluation-modes-01/modes/G2_EVAL-llm+search-e3-b2/round3_call/attempt01/input.json
 create mode 100644 task1/evidence/goal2/runs/g2-evaluation-modes-01/modes/G2_EVAL-llm+search-e3-b2/round3_call/attempt01/receipt.json
 create mode 100644 task1/evidence/goal2/runs/g2-evaluation-modes-01/modes/G2_EVAL-llm+search-e3-b2/round3_call/attempt01/response.json
 create mode 100644 task1/evidence/goal2/runs/g2-evaluation-modes-01/modes/G2_EVAL-llm+search-e3-b2/round3_call/attempt01/visible_events.jsonl
 create mode 100644 task1/evidence/goal2/runs/g2-evaluation-modes-01/modes/G2_EVAL-llm+search-e3-b2/round3_checkpoint.json
 create mode 100644 task1/evidence/goal2/runs/g2-evaluation-modes-01/modes/G2_EVAL-llm+search-e3-b2/round3_context.json
 create mode 100644 task1/evidence/goal2/runs/g2-evaluation-modes-01/modes/G2_EVAL-llm+search-e3-b2/round3_validation.json
 create mode 100644 task1/evidence/goal2/runs/g2-evaluation-modes-01/modes/G2_EVAL-llm-only-e1-b0/10003_candidate_traces.json.gz
 create mode 100644 task1/evidence/goal2/runs/g2-evaluation-modes-01/modes/G2_EVAL-llm-only-e1-b0/10003_lock.json
 create mode 100644 task1/evidence/goal2/runs/g2-evaluation-modes-01/modes/G2_EVAL-llm-only-e1-b0/1887_candidate_traces.json.gz
 create mode 100644 task1/evidence/goal2/runs/g2-evaluation-modes-01/modes/G2_EVAL-llm-only-e1-b0/1887_lock.json
 create mode 100644 task1/evidence/goal2/runs/g2-evaluation-modes-01/modes/G2_EVAL-llm-only-e1-b0/2064_candidate_traces.json.gz
 create mode 100644 task1/evidence/goal2/runs/g2-evaluation-modes-01/modes/G2_EVAL-llm-only-e1-b0/2064_lock.json
 create mode 100644 task1/evidence/goal2/runs/g2-evaluation-modes-01/modes/G2_EVAL-llm-only-e1-b0/2225_candidate_traces.json.gz
 create mode 100644 task1/evidence/goal2/runs/g2-evaluation-modes-01/modes/G2_EVAL-llm-only-e1-b0/2225_lock.json
 create mode 100644 task1/evidence/goal2/runs/g2-evaluation-modes-01/modes/G2_EVAL-llm-only-e1-b0/588_candidate_traces.json.gz
 create mode 100644 task1/evidence/goal2/runs/g2-evaluation-modes-01/modes/G2_EVAL-llm-only-e1-b0/588_lock.json
 create mode 100644 task1/evidence/goal2/runs/g2-evaluation-modes-01/modes/G2_EVAL-llm-only-e1-b0/7253_candidate_traces.json.gz
 create mode 100644 task1/evidence/goal2/runs/g2-evaluation-modes-01/modes/G2_EVAL-llm-only-e1-b0/7253_lock.json
 create mode 100644 task1/evidence/goal2/runs/g2-evaluation-modes-01/modes/G2_EVAL-llm-only-e1-b0/8424_candidate_traces.json.gz
 create mode 100644 task1/evidence/goal2/runs/g2-evaluation-modes-01/modes/G2_EVAL-llm-only-e1-b0/8424_lock.json
 create mode 100644 task1/evidence/goal2/runs/g2-evaluation-modes-01/modes/G2_EVAL-llm-only-e1-b0/8522_candidate_traces.json.gz
 create mode 100644 task1/evidence/goal2/runs/g2-evaluation-modes-01/modes/G2_EVAL-llm-only-e1-b0/8522_lock.json
 create mode 100644 task1/evidence/goal2/runs/g2-evaluation-modes-01/modes/G2_EVAL-llm-only-e1-b0/episode.json
 create mode 100644 task1/evidence/goal2/runs/g2-evaluation-modes-01/modes/G2_EVAL-llm-only-e1-b0/memory_retrieval.json
 create mode 100644 task1/evidence/goal2/runs/g2-evaluation-modes-01/modes/G2_EVAL-llm-only-e1-b0/round1_call/attempt01/dispatch.json
 create mode 100644 task1/evidence/goal2/runs/g2-evaluation-modes-01/modes/G2_EVAL-llm-only-e1-b0/round1_call/attempt01/input.json
 create mode 100644 task1/evidence/goal2/runs/g2-evaluation-modes-01/modes/G2_EVAL-llm-only-e1-b0/round1_call/attempt01/receipt.json
 create mode 100644 task1/evidence/goal2/runs/g2-evaluation-modes-01/modes/G2_EVAL-llm-only-e1-b0/round1_call/attempt01/response.json
 create mode 100644 task1/evidence/goal2/runs/g2-evaluation-modes-01/modes/G2_EVAL-llm-only-e1-b0/round1_call/attempt01/visible_events.jsonl
 create mode 100644 task1/evidence/goal2/runs/g2-evaluation-modes-01/modes/G2_EVAL-llm-only-e1-b0/round1_checkpoint.json
 create mode 100644 task1/evidence/goal2/runs/g2-evaluation-modes-01/modes/G2_EVAL-llm-only-e1-b0/round1_context.json
 create mode 100644 task1/evidence/goal2/runs/g2-evaluation-modes-01/modes/G2_EVAL-llm-only-e1-b0/round1_validation.json
 create mode 100644 task1/evidence/goal2/runs/g2-evaluation-modes-01/modes/G2_EVAL-llm-only-e1-b1/10927_candidate_traces.json.gz
 create mode 100644 task1/evidence/goal2/runs/g2-evaluation-modes-01/modes/G2_EVAL-llm-only-e1-b1/10927_lock.json
 create mode 100644 task1/evidence/goal2/runs/g2-evaluation-modes-01/modes/G2_EVAL-llm-only-e1-b1/1880_candidate_traces.json.gz
 create mode 100644 task1/evidence/goal2/runs/g2-evaluation-modes-01/modes/G2_EVAL-llm-only-e1-b1/1880_lock.json
 create mode 100644 task1/evidence/goal2/runs/g2-evaluation-modes-01/modes/G2_EVAL-llm-only-e1-b1/2297_candidate_traces.json.gz
 create mode 100644 task1/evidence/goal2/runs/g2-evaluation-modes-01/modes/G2_EVAL-llm-only-e1-b1/2297_lock.json
 create mode 100644 task1/evidence/goal2/runs/g2-evaluation-modes-01/modes/G2_EVAL-llm-only-e1-b1/7137_candidate_traces.json.gz
 create mode 100644 task1/evidence/goal2/runs/g2-evaluation-modes-01/modes/G2_EVAL-llm-only-e1-b1/7137_lock.json
 create mode 100644 task1/evidence/goal2/runs/g2-evaluation-modes-01/modes/G2_EVAL-llm-only-e1-b1/7711_candidate_traces.json.gz
 create mode 100644 task1/evidence/goal2/runs/g2-evaluation-modes-01/modes/G2_EVAL-llm-only-e1-b1/7711_lock.json
 create mode 100644 task1/evidence/goal2/runs/g2-evaluation-modes-01/modes/G2_EVAL-llm-only-e1-b1/9296_candidate_traces.json.gz
 create mode 100644 task1/evidence/goal2/runs/g2-evaluation-modes-01/modes/G2_EVAL-llm-only-e1-b1/9296_lock.json
 create mode 100644 task1/evidence/goal2/runs/g2-evaluation-modes-01/modes/G2_EVAL-llm-only-e1-b1/9673_candidate_traces.json.gz
 create mode 100644 task1/evidence/goal2/runs/g2-evaluation-modes-01/modes/G2_EVAL-llm-only-e1-b1/9673_lock.json
 create mode 100644 task1/evidence/goal2/runs/g2-evaluation-modes-01/modes/G2_EVAL-llm-only-e1-b1/9709_candidate_traces.json.gz
 create mode 100644 task1/evidence/goal2/runs/g2-evaluation-modes-01/modes/G2_EVAL-llm-only-e1-b1/9709_lock.json
 create mode 100644 task1/evidence/goal2/runs/g2-evaluation-modes-01/modes/G2_EVAL-llm-only-e1-b1/episode.json
 create mode 100644 task1/evidence/goal2/runs/g2-evaluation-modes-01/modes/G2_EVAL-llm-only-e1-b1/memory_retrieval.json
 create mode 100644 task1/evidence/goal2/runs/g2-evaluation-modes-01/modes/G2_EVAL-llm-only-e1-b1/round1_call/attempt01/dispatch.json
 create mode 100644 task1/evidence/goal2/runs/g2-evaluation-modes-01/modes/G2_EVAL-llm-only-e1-b1/round1_call/attempt01/input.json
 create mode 100644 task1/evidence/goal2/runs/g2-evaluation-modes-01/modes/G2_EVAL-llm-only-e1-b1/round1_call/attempt01/receipt.json
 create mode 100644 task1/evidence/goal2/runs/g2-evaluation-modes-01/modes/G2_EVAL-llm-only-e1-b1/round1_call/attempt01/response.json
 create mode 100644 task1/evidence/goal2/runs/g2-evaluation-modes-01/modes/G2_EVAL-llm-only-e1-b1/round1_call/attempt01/visible_events.jsonl
 create mode 100644 task1/evidence/goal2/runs/g2-evaluation-modes-01/modes/G2_EVAL-llm-only-e1-b1/round1_checkpoint.json
 create mode 100644 task1/evidence/goal2/runs/g2-evaluation-modes-01/modes/G2_EVAL-llm-only-e1-b1/round1_context.json
 create mode 100644 task1/evidence/goal2/runs/g2-evaluation-modes-01/modes/G2_EVAL-llm-only-e1-b1/round1_validation.json
 create mode 100644 task1/evidence/goal2/runs/g2-evaluation-modes-01/modes/G2_EVAL-llm-only-e1-b2/11148_candidate_traces.json.gz
 create mode 100644 task1/evidence/goal2/runs/g2-evaluation-modes-01/modes/G2_EVAL-llm-only-e1-b2/11148_lock.json
 create mode 100644 task1/evidence/goal2/runs/g2-evaluation-modes-01/modes/G2_EVAL-llm-only-e1-b2/3371_candidate_traces.json.gz
 create mode 100644 task1/evidence/goal2/runs/g2-evaluation-modes-01/modes/G2_EVAL-llm-only-e1-b2/3371_lock.json
 create mode 100644 task1/evidence/goal2/runs/g2-evaluation-modes-01/modes/G2_EVAL-llm-only-e1-b2/33_candidate_traces.json.gz
 create mode 100644 task1/evidence/goal2/runs/g2-evaluation-modes-01/modes/G2_EVAL-llm-only-e1-b2/33_lock.json
 create mode 100644 task1/evidence/goal2/runs/g2-evaluation-modes-01/modes/G2_EVAL-llm-only-e1-b2/3420_candidate_traces.json.gz
 create mode 100644 task1/evidence/goal2/runs/g2-evaluation-modes-01/modes/G2_EVAL-llm-only-e1-b2/3420_lock.json
 create mode 100644 task1/evidence/goal2/runs/g2-evaluation-modes-01/modes/G2_EVAL-llm-only-e1-b2/43_candidate_traces.json.gz
 create mode 100644 task1/evidence/goal2/runs/g2-evaluation-modes-01/modes/G2_EVAL-llm-only-e1-b2/43_lock.json
 create mode 100644 task1/evidence/goal2/runs/g2-evaluation-modes-01/modes/G2_EVAL-llm-only-e1-b2/7270_candidate_traces.json.gz
 create mode 100644 task1/evidence/goal2/runs/g2-evaluation-modes-01/modes/G2_EVAL-llm-only-e1-b2/7270_lock.json
 create mode 100644 task1/evidence/goal2/runs/g2-evaluation-modes-01/modes/G2_EVAL-llm-only-e1-b2/911_candidate_traces.json.gz
 create mode 100644 task1/evidence/goal2/runs/g2-evaluation-modes-01/modes/G2_EVAL-llm-only-e1-b2/911_lock.json
 create mode 100644 task1/evidence/goal2/runs/g2-evaluation-modes-01/modes/G2_EVAL-llm-only-e1-b2/955_candidate_traces.json.gz
 create mode 100644 task1/evidence/goal2/runs/g2-evaluation-modes-01/modes/G2_EVAL-llm-only-e1-b2/955_lock.json
 create mode 100644 task1/evidence/goal2/runs/g2-evaluation-modes-01/modes/G2_EVAL-llm-only-e1-b2/episode.json
 create mode 100644 task1/evidence/goal2/runs/g2-evaluation-modes-01/modes/G2_EVAL-llm-only-e1-b2/memory_retrieval.json
 create mode 100644 task1/evidence/goal2/runs/g2-evaluation-modes-01/modes/G2_EVAL-llm-only-e1-b2/round1_call/attempt01/dispatch.json
 create mode 100644 task1/evidence/goal2/runs/g2-evaluation-modes-01/modes/G2_EVAL-llm-only-e1-b2/round1_call/attempt01/input.json
 create mode 100644 task1/evidence/goal2/runs/g2-evaluation-modes-01/modes/G2_EVAL-llm-only-e1-b2/round1_call/attempt01/receipt.json
 create mode 100644 task1/evidence/goal2/runs/g2-evaluation-modes-01/modes/G2_EVAL-llm-only-e1-b2/round1_call/attempt01/response.json
 create mode 100644 task1/evidence/goal2/runs/g2-evaluation-modes-01/modes/G2_EVAL-llm-only-e1-b2/round1_call/attempt01/visible_events.jsonl
 create mode 100644 task1/evidence/goal2/runs/g2-evaluation-modes-01/modes/G2_EVAL-llm-only-e1-b2/round1_checkpoint.json
 create mode 100644 task1/evidence/goal2/runs/g2-evaluation-modes-01/modes/G2_EVAL-llm-only-e1-b2/round1_context.json
 create mode 100644 task1/evidence/goal2/runs/g2-evaluation-modes-01/modes/G2_EVAL-llm-only-e1-b2/round1_validation.json
 create mode 100644 task1/evidence/goal2/runs/g2-evaluation-modes-01/modes/G2_EVAL-llm-only-e2-b0/10003_candidate_traces.json.gz
 create mode 100644 task1/evidence/goal2/runs/g2-evaluation-modes-01/modes/G2_EVAL-llm-only-e2-b0/10003_lock.json
 create mode 100644 task1/evidence/goal2/runs/g2-evaluation-modes-01/modes/G2_EVAL-llm-only-e2-b0/1887_candidate_traces.json.gz
 create mode 100644 task1/evidence/goal2/runs/g2-evaluation-modes-01/modes/G2_EVAL-llm-only-e2-b0/1887_lock.json
 create mode 100644 task1/evidence/goal2/runs/g2-evaluation-modes-01/modes/G2_EVAL-llm-only-e2-b0/2064_candidate_traces.json.gz
 create mode 100644 task1/evidence/goal2/runs/g2-evaluation-modes-01/modes/G2_EVAL-llm-only-e2-b0/2064_lock.json
 create mode 100644 task1/evidence/goal2/runs/g2-evaluation-modes-01/modes/G2_EVAL-llm-only-e2-b0/2225_candidate_traces.json.gz
 create mode 100644 task1/evidence/goal2/runs/g2-evaluation-modes-01/modes/G2_EVAL-llm-only-e2-b0/2225_lock.json
 create mode 100644 task1/evidence/goal2/runs/g2-evaluation-modes-01/modes/G2_EVAL-llm-only-e2-b0/588_candidate_traces.json.gz
 create mode 100644 task1/evidence/goal2/runs/g2-evaluation-modes-01/modes/G2_EVAL-llm-only-e2-b0/588_lock.json
 create mode 100644 task1/evidence/goal2/runs/g2-evaluation-modes-01/modes/G2_EVAL-llm-only-e2-b0/7253_candidate_traces.json.gz
 create mode 100644 task1/evidence/goal2/runs/g2-evaluation-modes-01/modes/G2_EVAL-llm-only-e2-b0/7253_lock.json
 create mode 100644 task1/evidence/goal2/runs/g2-evaluation-modes-01/modes/G2_EVAL-llm-only-e2-b0/8424_candidate_traces.json.gz
 create mode 100644 task1/evidence/goal2/runs/g2-evaluation-modes-01/modes/G2_EVAL-llm-only-e2-b0/8424_lock.json
 create mode 100644 task1/evidence/goal2/runs/g2-evaluation-modes-01/modes/G2_EVAL-llm-only-e2-b0/8522_candidate_traces.json.gz
 create mode 100644 task1/evidence/goal2/runs/g2-evaluation-modes-01/modes/G2_EVAL-llm-only-e2-b0/8522_lock.json
 create mode 100644 task1/evidence/goal2/runs/g2-evaluation-modes-01/modes/G2_EVAL-llm-only-e2-b0/episode.json
 create mode 100644 task1/evidence/goal2/runs/g2-evaluation-modes-01/modes/G2_EVAL-llm-only-e2-b0/memory_retrieval.json
 create mode 100644 task1/evidence/goal2/runs/g2-evaluation-modes-01/modes/G2_EVAL-llm-only-e2-b0/round1_call/attempt01/dispatch.json
 create mode 100644 task1/evidence/goal2/runs/g2-evaluation-modes-01/modes/G2_EVAL-llm-only-e2-b0/round1_call/attempt01/input.json
 create mode 100644 task1/evidence/goal2/runs/g2-evaluation-modes-01/modes/G2_EVAL-llm-only-e2-b0/round1_call/attempt01/receipt.json
 create mode 100644 task1/evidence/goal2/runs/g2-evaluation-modes-01/modes/G2_EVAL-llm-only-e2-b0/round1_call/attempt01/response.json
 create mode 100644 task1/evidence/goal2/runs/g2-evaluation-modes-01/modes/G2_EVAL-llm-only-e2-b0/round1_call/attempt01/visible_events.jsonl
 create mode 100644 task1/evidence/goal2/runs/g2-evaluation-modes-01/modes/G2_EVAL-llm-only-e2-b0/round1_checkpoint.json
 create mode 100644 task1/evidence/goal2/runs/g2-evaluation-modes-01/modes/G2_EVAL-llm-only-e2-b0/round1_context.json
 create mode 100644 task1/evidence/goal2/runs/g2-evaluation-modes-01/modes/G2_EVAL-llm-only-e2-b0/round1_validation.json
 create mode 100644 task1/evidence/goal2/runs/g2-evaluation-modes-01/modes/G2_EVAL-llm-only-e2-b1/10927_candidate_traces.json.gz
 create mode 100644 task1/evidence/goal2/runs/g2-evaluation-modes-01/modes/G2_EVAL-llm-only-e2-b1/10927_lock.json
 create mode 100644 task1/evidence/goal2/runs/g2-evaluation-modes-01/modes/G2_EVAL-llm-only-e2-b1/1880_candidate_traces.json.gz
 create mode 100644 task1/evidence/goal2/runs/g2-evaluation-modes-01/modes/G2_EVAL-llm-only-e2-b1/1880_lock.json
 create mode 100644 task1/evidence/goal2/runs/g2-evaluation-modes-01/modes/G2_EVAL-llm-only-e2-b1/2297_candidate_traces.json.gz
 create mode 100644 task1/evidence/goal2/runs/g2-evaluation-modes-01/modes/G2_EVAL-llm-only-e2-b1/2297_lock.json
 create mode 100644 task1/evidence/goal2/runs/g2-evaluation-modes-01/modes/G2_EVAL-llm-only-e2-b1/7137_candidate_traces.json.gz
 create mode 100644 task1/evidence/goal2/runs/g2-evaluation-modes-01/modes/G2_EVAL-llm-only-e2-b1/7137_lock.json
 create mode 100644 task1/evidence/goal2/runs/g2-evaluation-modes-01/modes/G2_EVAL-llm-only-e2-b1/7711_candidate_traces.json.gz
 create mode 100644 task1/evidence/goal2/runs/g2-evaluation-modes-01/modes/G2_EVAL-llm-only-e2-b1/7711_lock.json
 create mode 100644 task1/evidence/goal2/runs/g2-evaluation-modes-01/modes/G2_EVAL-llm-only-e2-b1/9296_candidate_traces.json.gz
 create mode 100644 task1/evidence/goal2/runs/g2-evaluation-modes-01/modes/G2_EVAL-llm-only-e2-b1/9296_lock.json
 create mode 100644 task1/evidence/goal2/runs/g2-evaluation-modes-01/modes/G2_EVAL-llm-only-e2-b1/9673_candidate_traces.json.gz
 create mode 100644 task1/evidence/goal2/runs/g2-evaluation-modes-01/modes/G2_EVAL-llm-only-e2-b1/9673_lock.json
 create mode 100644 task1/evidence/goal2/runs/g2-evaluation-modes-01/modes/G2_EVAL-llm-only-e2-b1/9709_candidate_traces.json.gz
 create mode 100644 task1/evidence/goal2/runs/g2-evaluation-modes-01/modes/G2_EVAL-llm-only-e2-b1/9709_lock.json
 create mode 100644 task1/evidence/goal2/runs/g2-evaluation-modes-01/modes/G2_EVAL-llm-only-e2-b1/episode.json
 create mode 100644 task1/evidence/goal2/runs/g2-evaluation-modes-01/modes/G2_EVAL-llm-only-e2-b1/memory_retrieval.json
 create mode 100644 task1/evidence/goal2/runs/g2-evaluation-modes-01/modes/G2_EVAL-llm-only-e2-b1/round1_call/attempt01/dispatch.json
 create mode 100644 task1/evidence/goal2/runs/g2-evaluation-modes-01/modes/G2_EVAL-llm-only-e2-b1/round1_call/attempt01/input.json
 create mode 100644 task1/evidence/goal2/runs/g2-evaluation-modes-01/modes/G2_EVAL-llm-only-e2-b1/round1_call/attempt01/receipt.json
 create mode 100644 task1/evidence/goal2/runs/g2-evaluation-modes-01/modes/G2_EVAL-llm-only-e2-b1/round1_call/attempt01/response.json
 create mode 100644 task1/evidence/goal2/runs/g2-evaluation-modes-01/modes/G2_EVAL-llm-only-e2-b1/round1_call/attempt01/visible_events.jsonl
 create mode 100644 task1/evidence/goal2/runs/g2-evaluation-modes-01/modes/G2_EVAL-llm-only-e2-b1/round1_checkpoint.json
 create mode 100644 task1/evidence/goal2/runs/g2-evaluation-modes-01/modes/G2_EVAL-llm-only-e2-b1/round1_context.json
 create mode 100644 task1/evidence/goal2/runs/g2-evaluation-modes-01/modes/G2_EVAL-llm-only-e2-b1/round1_validation.json
 create mode 100644 task1/evidence/goal2/runs/g2-evaluation-modes-01/modes/G2_EVAL-llm-only-e2-b2/11148_candidate_traces.json.gz
 create mode 100644 task1/evidence/goal2/runs/g2-evaluation-modes-01/modes/G2_EVAL-llm-only-e2-b2/11148_lock.json
 create mode 100644 task1/evidence/goal2/runs/g2-evaluation-modes-01/modes/G2_EVAL-llm-only-e2-b2/3371_candidate_traces.json.gz
 create mode 100644 task1/evidence/goal2/runs/g2-evaluation-modes-01/modes/G2_EVAL-llm-only-e2-b2/3371_lock.json
 create mode 100644 task1/evidence/goal2/runs/g2-evaluation-modes-01/modes/G2_EVAL-llm-only-e2-b2/33_candidate_traces.json.gz
 create mode 100644 task1/evidence/goal2/runs/g2-evaluation-modes-01/modes/G2_EVAL-llm-only-e2-b2/33_lock.json
 create mode 100644 task1/evidence/goal2/runs/g2-evaluation-modes-01/modes/G2_EVAL-llm-only-e2-b2/3420_candidate_traces.json.gz
 create mode 100644 task1/evidence/goal2/runs/g2-evaluation-modes-01/modes/G2_EVAL-llm-only-e2-b2/3420_lock.json
 create mode 100644 task1/evidence/goal2/runs/g2-evaluation-modes-01/modes/G2_EVAL-llm-only-e2-b2/43_candidate_traces.json.gz
 create mode 100644 task1/evidence/goal2/runs/g2-evaluation-modes-01/modes/G2_EVAL-llm-only-e2-b2/43_lock.json
 create mode 100644 task1/evidence/goal2/runs/g2-evaluation-modes-01/modes/G2_EVAL-llm-only-e2-b2/7270_candidate_traces.json.gz
 create mode 100644 task1/evidence/goal2/runs/g2-evaluation-modes-01/modes/G2_EVAL-llm-only-e2-b2/7270_lock.json
 create mode 100644 task1/evidence/goal2/runs/g2-evaluation-modes-01/modes/G2_EVAL-llm-only-e2-b2/911_candidate_traces.json.gz
 create mode 100644 task1/evidence/goal2/runs/g2-evaluation-modes-01/modes/G2_EVAL-llm-only-e2-b2/911_lock.json
 create mode 100644 task1/evidence/goal2/runs/g2-evaluation-modes-01/modes/G2_EVAL-llm-only-e2-b2/955_candidate_traces.json.gz
 create mode 100644 task1/evidence/goal2/runs/g2-evaluation-modes-01/modes/G2_EVAL-llm-only-e2-b2/955_lock.json
 create mode 100644 task1/evidence/goal2/runs/g2-evaluation-modes-01/modes/G2_EVAL-llm-only-e2-b2/episode.json
 create mode 100644 task1/evidence/goal2/runs/g2-evaluation-modes-01/modes/G2_EVAL-llm-only-e2-b2/memory_retrieval.json
 create mode 100644 task1/evidence/goal2/runs/g2-evaluation-modes-01/modes/G2_EVAL-llm-only-e2-b2/round1_call/attempt01/dispatch.json
 create mode 100644 task1/evidence/goal2/runs/g2-evaluation-modes-01/modes/G2_EVAL-llm-only-e2-b2/round1_call/attempt01/input.json
 create mode 100644 task1/evidence/goal2/runs/g2-evaluation-modes-01/modes/G2_EVAL-llm-only-e2-b2/round1_call/attempt01/receipt.json
 create mode 100644 task1/evidence/goal2/runs/g2-evaluation-modes-01/modes/G2_EVAL-llm-only-e2-b2/round1_call/attempt01/response.json
 create mode 100644 task1/evidence/goal2/runs/g2-evaluation-modes-01/modes/G2_EVAL-llm-only-e2-b2/round1_call/attempt01/visible_events.jsonl
 create mode 100644 task1/evidence/goal2/runs/g2-evaluation-modes-01/modes/G2_EVAL-llm-only-e2-b2/round1_checkpoint.json
 create mode 100644 task1/evidence/goal2/runs/g2-evaluation-modes-01/modes/G2_EVAL-llm-only-e2-b2/round1_context.json
 create mode 100644 task1/evidence/goal2/runs/g2-evaluation-modes-01/modes/G2_EVAL-llm-only-e2-b2/round1_validation.json
 create mode 100644 task1/evidence/goal2/runs/g2-evaluation-modes-01/modes/G2_EVAL-llm-only-e3-b0/10003_candidate_traces.json.gz
 create mode 100644 task1/evidence/goal2/runs/g2-evaluation-modes-01/modes/G2_EVAL-llm-only-e3-b0/10003_lock.json
 create mode 100644 task1/evidence/goal2/runs/g2-evaluation-modes-01/modes/G2_EVAL-llm-only-e3-b0/1887_candidate_traces.json.gz
 create mode 100644 task1/evidence/goal2/runs/g2-evaluation-modes-01/modes/G2_EVAL-llm-only-e3-b0/1887_lock.json
 create mode 100644 task1/evidence/goal2/runs/g2-evaluation-modes-01/modes/G2_EVAL-llm-only-e3-b0/2064_candidate_traces.json.gz
 create mode 100644 task1/evidence/goal2/runs/g2-evaluation-modes-01/modes/G2_EVAL-llm-only-e3-b0/2064_lock.json
 create mode 100644 task1/evidence/goal2/runs/g2-evaluation-modes-01/modes/G2_EVAL-llm-only-e3-b0/2225_candidate_traces.json.gz
 create mode 100644 task1/evidence/goal2/runs/g2-evaluation-modes-01/modes/G2_EVAL-llm-only-e3-b0/2225_lock.json
 create mode 100644 task1/evidence/goal2/runs/g2-evaluation-modes-01/modes/G2_EVAL-llm-only-e3-b0/588_candidate_traces.json.gz
 create mode 100644 task1/evidence/goal2/runs/g2-evaluation-modes-01/modes/G2_EVAL-llm-only-e3-b0/588_lock.json
 create mode 100644 task1/evidence/goal2/runs/g2-evaluation-modes-01/modes/G2_EVAL-llm-only-e3-b0/7253_candidate_traces.json.gz
 create mode 100644 task1/evidence/goal2/runs/g2-evaluation-modes-01/modes/G2_EVAL-llm-only-e3-b0/7253_lock.json
 create mode 100644 task1/evidence/goal2/runs/g2-evaluation-modes-01/modes/G2_EVAL-llm-only-e3-b0/8424_candidate_traces.json.gz
 create mode 100644 task1/evidence/goal2/runs/g2-evaluation-modes-01/modes/G2_EVAL-llm-only-e3-b0/8424_lock.json
 create mode 100644 task1/evidence/goal2/runs/g2-evaluation-modes-01/modes/G2_EVAL-llm-only-e3-b0/8522_candidate_traces.json.gz
 create mode 100644 task1/evidence/goal2/runs/g2-evaluation-modes-01/modes/G2_EVAL-llm-only-e3-b0/8522_lock.json
 create mode 100644 task1/evidence/goal2/runs/g2-evaluation-modes-01/modes/G2_EVAL-llm-only-e3-b0/episode.json
 create mode 100644 task1/evidence/goal2/runs/g2-evaluation-modes-01/modes/G2_EVAL-llm-only-e3-b0/memory_retrieval.json
 create mode 100644 task1/evidence/goal2/runs/g2-evaluation-modes-01/modes/G2_EVAL-llm-only-e3-b0/round1_call/attempt01/dispatch.json
 create mode 100644 task1/evidence/goal2/runs/g2-evaluation-modes-01/modes/G2_EVAL-llm-only-e3-b0/round1_call/attempt01/input.json
 create mode 100644 task1/evidence/goal2/runs/g2-evaluation-modes-01/modes/G2_EVAL-llm-only-e3-b0/round1_call/attempt01/receipt.json
 create mode 100644 task1/evidence/goal2/runs/g2-evaluation-modes-01/modes/G2_EVAL-llm-only-e3-b0/round1_call/attempt01/response.json
 create mode 100644 task1/evidence/goal2/runs/g2-evaluation-modes-01/modes/G2_EVAL-llm-only-e3-b0/round1_call/attempt01/visible_events.jsonl
 create mode 100644 task1/evidence/goal2/runs/g2-evaluation-modes-01/modes/G2_EVAL-llm-only-e3-b0/round1_checkpoint.json
 create mode 100644 task1/evidence/goal2/runs/g2-evaluation-modes-01/modes/G2_EVAL-llm-only-e3-b0/round1_context.json
 create mode 100644 task1/evidence/goal2/runs/g2-evaluation-modes-01/modes/G2_EVAL-llm-only-e3-b0/round1_validation.json
 create mode 100644 task1/evidence/goal2/runs/g2-evaluation-modes-01/modes/G2_EVAL-llm-only-e3-b1/10927_candidate_traces.json.gz
 create mode 100644 task1/evidence/goal2/runs/g2-evaluation-modes-01/modes/G2_EVAL-llm-only-e3-b1/10927_lock.json
 create mode 100644 task1/evidence/goal2/runs/g2-evaluation-modes-01/modes/G2_EVAL-llm-only-e3-b1/1880_candidate_traces.json.gz
 create mode 100644 task1/evidence/goal2/runs/g2-evaluation-modes-01/modes/G2_EVAL-llm-only-e3-b1/1880_lock.json
 create mode 100644 task1/evidence/goal2/runs/g2-evaluation-modes-01/modes/G2_EVAL-llm-only-e3-b1/2297_candidate_traces.json.gz
 create mode 100644 task1/evidence/goal2/runs/g2-evaluation-modes-01/modes/G2_EVAL-llm-only-e3-b1/2297_lock.json
 create mode 100644 task1/evidence/goal2/runs/g2-evaluation-modes-01/modes/G2_EVAL-llm-only-e3-b1/7137_candidate_traces.json.gz
 create mode 100644 task1/evidence/goal2/runs/g2-evaluation-modes-01/modes/G2_EVAL-llm-only-e3-b1/7137_lock.json
 create mode 100644 task1/evidence/goal2/runs/g2-evaluation-modes-01/modes/G2_EVAL-llm-only-e3-b1/7711_candidate_traces.json.gz
 create mode 100644 task1/evidence/goal2/runs/g2-evaluation-modes-01/modes/G2_EVAL-llm-only-e3-b1/7711_lock.json
 create mode 100644 task1/evidence/goal2/runs/g2-evaluation-modes-01/modes/G2_EVAL-llm-only-e3-b1/9296_candidate_traces.json.gz
 create mode 100644 task1/evidence/goal2/runs/g2-evaluation-modes-01/modes/G2_EVAL-llm-only-e3-b1/9296_lock.json
 create mode 100644 task1/evidence/goal2/runs/g2-evaluation-modes-01/modes/G2_EVAL-llm-only-e3-b1/9673_candidate_traces.json.gz
 create mode 100644 task1/evidence/goal2/runs/g2-evaluation-modes-01/modes/G2_EVAL-llm-only-e3-b1/9673_lock.json
 create mode 100644 task1/evidence/goal2/runs/g2-evaluation-modes-01/modes/G2_EVAL-llm-only-e3-b1/9709_candidate_traces.json.gz
 create mode 100644 task1/evidence/goal2/runs/g2-evaluation-modes-01/modes/G2_EVAL-llm-only-e3-b1/9709_lock.json
 create mode 100644 task1/evidence/goal2/runs/g2-evaluation-modes-01/modes/G2_EVAL-llm-only-e3-b1/episode.json
 create mode 100644 task1/evidence/goal2/runs/g2-evaluation-modes-01/modes/G2_EVAL-llm-only-e3-b1/memory_retrieval.json
 create mode 100644 task1/evidence/goal2/runs/g2-evaluation-modes-01/modes/G2_EVAL-llm-only-e3-b1/round1_call/attempt01/dispatch.json
 create mode 100644 task1/evidence/goal2/runs/g2-evaluation-modes-01/modes/G2_EVAL-llm-only-e3-b1/round1_call/attempt01/input.json
 create mode 100644 task1/evidence/goal2/runs/g2-evaluation-modes-01/modes/G2_EVAL-llm-only-e3-b1/round1_call/attempt01/receipt.json
 create mode 100644 task1/evidence/goal2/runs/g2-evaluation-modes-01/modes/G2_EVAL-llm-only-e3-b1/round1_call/attempt01/response.json
 create mode 100644 task1/evidence/goal2/runs/g2-evaluation-modes-01/modes/G2_EVAL-llm-only-e3-b1/round1_call/attempt01/visible_events.jsonl
 create mode 100644 task1/evidence/goal2/runs/g2-evaluation-modes-01/modes/G2_EVAL-llm-only-e3-b1/round1_checkpoint.json
 create mode 100644 task1/evidence/goal2/runs/g2-evaluation-modes-01/modes/G2_EVAL-llm-only-e3-b1/round1_context.json
 create mode 100644 task1/evidence/goal2/runs/g2-evaluation-modes-01/modes/G2_EVAL-llm-only-e3-b1/round1_validation.json
 create mode 100644 task1/evidence/goal2/runs/g2-evaluation-modes-01/modes/G2_EVAL-llm-only-e3-b2/11148_candidate_traces.json.gz
 create mode 100644 task1/evidence/goal2/runs/g2-evaluation-modes-01/modes/G2_EVAL-llm-only-e3-b2/11148_lock.json
 create mode 100644 task1/evidence/goal2/runs/g2-evaluation-modes-01/modes/G2_EVAL-llm-only-e3-b2/3371_candidate_traces.json.gz
 create mode 100644 task1/evidence/goal2/runs/g2-evaluation-modes-01/modes/G2_EVAL-llm-only-e3-b2/3371_lock.json
 create mode 100644 task1/evidence/goal2/runs/g2-evaluation-modes-01/modes/G2_EVAL-llm-only-e3-b2/33_candidate_traces.json.gz
 create mode 100644 task1/evidence/goal2/runs/g2-evaluation-modes-01/modes/G2_EVAL-llm-only-e3-b2/33_lock.json
 create mode 100644 task1/evidence/goal2/runs/g2-evaluation-modes-01/modes/G2_EVAL-llm-only-e3-b2/3420_candidate_traces.json.gz
 create mode 100644 task1/evidence/goal2/runs/g2-evaluation-modes-01/modes/G2_EVAL-llm-only-e3-b2/3420_lock.json
 create mode 100644 task1/evidence/goal2/runs/g2-evaluation-modes-01/modes/G2_EVAL-llm-only-e3-b2/43_candidate_traces.json.gz
 create mode 100644 task1/evidence/goal2/runs/g2-evaluation-modes-01/modes/G2_EVAL-llm-only-e3-b2/43_lock.json
 create mode 100644 task1/evidence/goal2/runs/g2-evaluation-modes-01/modes/G2_EVAL-llm-only-e3-b2/7270_candidate_traces.json.gz
 create mode 100644 task1/evidence/goal2/runs/g2-evaluation-modes-01/modes/G2_EVAL-llm-only-e3-b2/7270_lock.json
 create mode 100644 task1/evidence/goal2/runs/g2-evaluation-modes-01/modes/G2_EVAL-llm-only-e3-b2/911_candidate_traces.json.gz
 create mode 100644 task1/evidence/goal2/runs/g2-evaluation-modes-01/modes/G2_EVAL-llm-only-e3-b2/911_lock.json
 create mode 100644 task1/evidence/goal2/runs/g2-evaluation-modes-01/modes/G2_EVAL-llm-only-e3-b2/955_candidate_traces.json.gz
 create mode 100644 task1/evidence/goal2/runs/g2-evaluation-modes-01/modes/G2_EVAL-llm-only-e3-b2/955_lock.json
 create mode 100644 task1/evidence/goal2/runs/g2-evaluation-modes-01/modes/G2_EVAL-llm-only-e3-b2/episode.json
 create mode 100644 task1/evidence/goal2/runs/g2-evaluation-modes-01/modes/G2_EVAL-llm-only-e3-b2/memory_retrieval.json
 create mode 100644 task1/evidence/goal2/runs/g2-evaluation-modes-01/modes/G2_EVAL-llm-only-e3-b2/round1_call/attempt01/dispatch.json
 create mode 100644 task1/evidence/goal2/runs/g2-evaluation-modes-01/modes/G2_EVAL-llm-only-e3-b2/round1_call/attempt01/input.json
 create mode 100644 task1/evidence/goal2/runs/g2-evaluation-modes-01/modes/G2_EVAL-llm-only-e3-b2/round1_call/attempt01/receipt.json
 create mode 100644 task1/evidence/goal2/runs/g2-evaluation-modes-01/modes/G2_EVAL-llm-only-e3-b2/round1_call/attempt01/response.json
 create mode 100644 task1/evidence/goal2/runs/g2-evaluation-modes-01/modes/G2_EVAL-llm-only-e3-b2/round1_call/attempt01/visible_events.jsonl
 create mode 100644 task1/evidence/goal2/runs/g2-evaluation-modes-01/modes/G2_EVAL-llm-only-e3-b2/round1_checkpoint.json
 create mode 100644 task1/evidence/goal2/runs/g2-evaluation-modes-01/modes/G2_EVAL-llm-only-e3-b2/round1_context.json
 create mode 100644 task1/evidence/goal2/runs/g2-evaluation-modes-01/modes/G2_EVAL-llm-only-e3-b2/round1_validation.json
 create mode 100644 task1/evidence/goal2/runs/g2-evaluation-modes-01/modes/G2_EVAL-search-only-e1-b0/10003_candidate_traces.json.gz
 create mode 100644 task1/evidence/goal2/runs/g2-evaluation-modes-01/modes/G2_EVAL-search-only-e1-b0/10003_lock.json
 create mode 100644 task1/evidence/goal2/runs/g2-evaluation-modes-01/modes/G2_EVAL-search-only-e1-b0/1887_candidate_traces.json.gz
 create mode 100644 task1/evidence/goal2/runs/g2-evaluation-modes-01/modes/G2_EVAL-search-only-e1-b0/1887_lock.json
 create mode 100644 task1/evidence/goal2/runs/g2-evaluation-modes-01/modes/G2_EVAL-search-only-e1-b0/2064_candidate_traces.json.gz
 create mode 100644 task1/evidence/goal2/runs/g2-evaluation-modes-01/modes/G2_EVAL-search-only-e1-b0/2064_lock.json
 create mode 100644 task1/evidence/goal2/runs/g2-evaluation-modes-01/modes/G2_EVAL-search-only-e1-b0/2225_candidate_traces.json.gz
 create mode 100644 task1/evidence/goal2/runs/g2-evaluation-modes-01/modes/G2_EVAL-search-only-e1-b0/2225_lock.json
 create mode 100644 task1/evidence/goal2/runs/g2-evaluation-modes-01/modes/G2_EVAL-search-only-e1-b0/588_candidate_traces.json.gz
 create mode 100644 task1/evidence/goal2/runs/g2-evaluation-modes-01/modes/G2_EVAL-search-only-e1-b0/588_lock.json
 create mode 100644 task1/evidence/goal2/runs/g2-evaluation-modes-01/modes/G2_EVAL-search-only-e1-b0/7253_candidate_traces.json.gz
 create mode 100644 task1/evidence/goal2/runs/g2-evaluation-modes-01/modes/G2_EVAL-search-only-e1-b0/7253_lock.json
 create mode 100644 task1/evidence/goal2/runs/g2-evaluation-modes-01/modes/G2_EVAL-search-only-e1-b0/8424_candidate_traces.json.gz
 create mode 100644 task1/evidence/goal2/runs/g2-evaluation-modes-01/modes/G2_EVAL-search-only-e1-b0/8424_lock.json
 create mode 100644 task1/evidence/goal2/runs/g2-evaluation-modes-01/modes/G2_EVAL-search-only-e1-b0/8522_candidate_traces.json.gz
 create mode 100644 task1/evidence/goal2/runs/g2-evaluation-modes-01/modes/G2_EVAL-search-only-e1-b0/8522_lock.json
 create mode 100644 task1/evidence/goal2/runs/g2-evaluation-modes-01/modes/G2_EVAL-search-only-e1-b0/episode.json
 create mode 100644 task1/evidence/goal2/runs/g2-evaluation-modes-01/modes/G2_EVAL-search-only-e1-b1/10927_candidate_traces.json.gz
 create mode 100644 task1/evidence/goal2/runs/g2-evaluation-modes-01/modes/G2_EVAL-search-only-e1-b1/10927_lock.json
 create mode 100644 task1/evidence/goal2/runs/g2-evaluation-modes-01/modes/G2_EVAL-search-only-e1-b1/1880_candidate_traces.json.gz
 create mode 100644 task1/evidence/goal2/runs/g2-evaluation-modes-01/modes/G2_EVAL-search-only-e1-b1/1880_lock.json
 create mode 100644 task1/evidence/goal2/runs/g2-evaluation-modes-01/modes/G2_EVAL-search-only-e1-b1/2297_candidate_traces.json.gz
 create mode 100644 task1/evidence/goal2/runs/g2-evaluation-modes-01/modes/G2_EVAL-search-only-e1-b1/2297_lock.json
 create mode 100644 task1/evidence/goal2/runs/g2-evaluation-modes-01/modes/G2_EVAL-search-only-e1-b1/7137_candidate_traces.json.gz
 create mode 100644 task1/evidence/goal2/runs/g2-evaluation-modes-01/modes/G2_EVAL-search-only-e1-b1/7137_lock.json
 create mode 100644 task1/evidence/goal2/runs/g2-evaluation-modes-01/modes/G2_EVAL-search-only-e1-b1/7711_candidate_traces.json.gz
 create mode 100644 task1/evidence/goal2/runs/g2-evaluation-modes-01/modes/G2_EVAL-search-only-e1-b1/7711_lock.json
 create mode 100644 task1/evidence/goal2/runs/g2-evaluation-modes-01/modes/G2_EVAL-search-only-e1-b1/9296_candidate_traces.json.gz
 create mode 100644 task1/evidence/goal2/runs/g2-evaluation-modes-01/modes/G2_EVAL-search-only-e1-b1/9296_lock.json
 create mode 100644 task1/evidence/goal2/runs/g2-evaluation-modes-01/modes/G2_EVAL-search-only-e1-b1/9673_candidate_traces.json.gz
 create mode 100644 task1/evidence/goal2/runs/g2-evaluation-modes-01/modes/G2_EVAL-search-only-e1-b1/9673_lock.json
 create mode 100644 task1/evidence/goal2/runs/g2-evaluation-modes-01/modes/G2_EVAL-search-only-e1-b1/9709_candidate_traces.json.gz
 create mode 100644 task1/evidence/goal2/runs/g2-evaluation-modes-01/modes/G2_EVAL-search-only-e1-b1/9709_lock.json
 create mode 100644 task1/evidence/goal2/runs/g2-evaluation-modes-01/modes/G2_EVAL-search-only-e1-b1/episode.json
 create mode 100644 task1/evidence/goal2/runs/g2-evaluation-modes-01/modes/G2_EVAL-search-only-e1-b2/11148_candidate_traces.json.gz
 create mode 100644 task1/evidence/goal2/runs/g2-evaluation-modes-01/modes/G2_EVAL-search-only-e1-b2/11148_lock.json
 create mode 100644 task1/evidence/goal2/runs/g2-evaluation-modes-01/modes/G2_EVAL-search-only-e1-b2/3371_candidate_traces.json.gz
 create mode 100644 task1/evidence/goal2/runs/g2-evaluation-modes-01/modes/G2_EVAL-search-only-e1-b2/3371_lock.json
 create mode 100644 task1/evidence/goal2/runs/g2-evaluation-modes-01/modes/G2_EVAL-search-only-e1-b2/33_candidate_traces.json.gz
 create mode 100644 task1/evidence/goal2/runs/g2-evaluation-modes-01/modes/G2_EVAL-search-only-e1-b2/33_lock.json
 create mode 100644 task1/evidence/goal2/runs/g2-evaluation-modes-01/modes/G2_EVAL-search-only-e1-b2/3420_candidate_traces.json.gz
 create mode 100644 task1/evidence/goal2/runs/g2-evaluation-modes-01/modes/G2_EVAL-search-only-e1-b2/3420_lock.json
 create mode 100644 task1/evidence/goal2/runs/g2-evaluation-modes-01/modes/G2_EVAL-search-only-e1-b2/43_candidate_traces.json.gz
 create mode 100644 task1/evidence/goal2/runs/g2-evaluation-modes-01/modes/G2_EVAL-search-only-e1-b2/43_lock.json
 create mode 100644 task1/evidence/goal2/runs/g2-evaluation-modes-01/modes/G2_EVAL-search-only-e1-b2/7270_candidate_traces.json.gz
 create mode 100644 task1/evidence/goal2/runs/g2-evaluation-modes-01/modes/G2_EVAL-search-only-e1-b2/7270_lock.json
 create mode 100644 task1/evidence/goal2/runs/g2-evaluation-modes-01/modes/G2_EVAL-search-only-e1-b2/911_candidate_traces.json.gz
 create mode 100644 task1/evidence/goal2/runs/g2-evaluation-modes-01/modes/G2_EVAL-search-only-e1-b2/911_lock.json
 create mode 100644 task1/evidence/goal2/runs/g2-evaluation-modes-01/modes/G2_EVAL-search-only-e1-b2/955_candidate_traces.json.gz
 create mode 100644 task1/evidence/goal2/runs/g2-evaluation-modes-01/modes/G2_EVAL-search-only-e1-b2/955_lock.json
 create mode 100644 task1/evidence/goal2/runs/g2-evaluation-modes-01/modes/G2_EVAL-search-only-e1-b2/episode.json
 create mode 100644 task1/evidence/goal2/runs/g2-evaluation-modes-01/modes/G2_EVAL-search-only-e2-b0/10003_candidate_traces.json.gz
 create mode 100644 task1/evidence/goal2/runs/g2-evaluation-modes-01/modes/G2_EVAL-search-only-e2-b0/10003_lock.json
 create mode 100644 task1/evidence/goal2/runs/g2-evaluation-modes-01/modes/G2_EVAL-search-only-e2-b0/1887_candidate_traces.json.gz
 create mode 100644 task1/evidence/goal2/runs/g2-evaluation-modes-01/modes/G2_EVAL-search-only-e2-b0/1887_lock.json
 create mode 100644 task1/evidence/goal2/runs/g2-evaluation-modes-01/modes/G2_EVAL-search-only-e2-b0/2064_candidate_traces.json.gz
 create mode 100644 task1/evidence/goal2/runs/g2-evaluation-modes-01/modes/G2_EVAL-search-only-e2-b0/2064_lock.json
 create mode 100644 task1/evidence/goal2/runs/g2-evaluation-modes-01/modes/G2_EVAL-search-only-e2-b0/2225_candidate_traces.json.gz
 create mode 100644 task1/evidence/goal2/runs/g2-evaluation-modes-01/modes/G2_EVAL-search-only-e2-b0/2225_lock.json
 create mode 100644 task1/evidence/goal2/runs/g2-evaluation-modes-01/modes/G2_EVAL-search-only-e2-b0/588_candidate_traces.json.gz
 create mode 100644 task1/evidence/goal2/runs/g2-evaluation-modes-01/modes/G2_EVAL-search-only-e2-b0/588_lock.json
 create mode 100644 task1/evidence/goal2/runs/g2-evaluation-modes-01/modes/G2_EVAL-search-only-e2-b0/7253_candidate_traces.json.gz
 create mode 100644 task1/evidence/goal2/runs/g2-evaluation-modes-01/modes/G2_EVAL-search-only-e2-b0/7253_lock.json
 create mode 100644 task1/evidence/goal2/runs/g2-evaluation-modes-01/modes/G2_EVAL-search-only-e2-b0/8424_candidate_traces.json.gz
 create mode 100644 task1/evidence/goal2/runs/g2-evaluation-modes-01/modes/G2_EVAL-search-only-e2-b0/8424_lock.json
 create mode 100644 task1/evidence/goal2/runs/g2-evaluation-modes-01/modes/G2_EVAL-search-only-e2-b0/8522_candidate_traces.json.gz
 create mode 100644 task1/evidence/goal2/runs/g2-evaluation-modes-01/modes/G2_EVAL-search-only-e2-b0/8522_lock.json
 create mode 100644 task1/evidence/goal2/runs/g2-evaluation-modes-01/modes/G2_EVAL-search-only-e2-b0/episode.json
 create mode 100644 task1/evidence/goal2/runs/g2-evaluation-modes-01/modes/G2_EVAL-search-only-e2-b1/10927_candidate_traces.json.gz
 create mode 100644 task1/evidence/goal2/runs/g2-evaluation-modes-01/modes/G2_EVAL-search-only-e2-b1/10927_lock.json
 create mode 100644 task1/evidence/goal2/runs/g2-evaluation-modes-01/modes/G2_EVAL-search-only-e2-b1/1880_candidate_traces.json.gz
 create mode 100644 task1/evidence/goal2/runs/g2-evaluation-modes-01/modes/G2_EVAL-search-only-e2-b1/1880_lock.json
 create mode 100644 task1/evidence/goal2/runs/g2-evaluation-modes-01/modes/G2_EVAL-search-only-e2-b1/2297_candidate_traces.json.gz
 create mode 100644 task1/evidence/goal2/runs/g2-evaluation-modes-01/modes/G2_EVAL-search-only-e2-b1/2297_lock.json
 create mode 100644 task1/evidence/goal2/runs/g2-evaluation-modes-01/modes/G2_EVAL-search-only-e2-b1/7137_candidate_traces.json.gz
 create mode 100644 task1/evidence/goal2/runs/g2-evaluation-modes-01/modes/G2_EVAL-search-only-e2-b1/7137_lock.json
 create mode 100644 task1/evidence/goal2/runs/g2-evaluation-modes-01/modes/G2_EVAL-search-only-e2-b1/7711_candidate_traces.json.gz
 create mode 100644 task1/evidence/goal2/runs/g2-evaluation-modes-01/modes/G2_EVAL-search-only-e2-b1/7711_lock.json
 create mode 100644 task1/evidence/goal2/runs/g2-evaluation-modes-01/modes/G2_EVAL-search-only-e2-b1/9296_candidate_traces.json.gz
 create mode 100644 task1/evidence/goal2/runs/g2-evaluation-modes-01/modes/G2_EVAL-search-only-e2-b1/9296_lock.json
 create mode 100644 task1/evidence/goal2/runs/g2-evaluation-modes-01/modes/G2_EVAL-search-only-e2-b1/9673_candidate_traces.json.gz
 create mode 100644 task1/evidence/goal2/runs/g2-evaluation-modes-01/modes/G2_EVAL-search-only-e2-b1/9673_lock.json
 create mode 100644 task1/evidence/goal2/runs/g2-evaluation-modes-01/modes/G2_EVAL-search-only-e2-b1/9709_candidate_traces.json.gz
 create mode 100644 task1/evidence/goal2/runs/g2-evaluation-modes-01/modes/G2_EVAL-search-only-e2-b1/9709_lock.json
 create mode 100644 task1/evidence/goal2/runs/g2-evaluation-modes-01/modes/G2_EVAL-search-only-e2-b1/episode.json
 create mode 100644 task1/evidence/goal2/runs/g2-evaluation-modes-01/modes/G2_EVAL-search-only-e2-b2/11148_candidate_traces.json.gz
 create mode 100644 task1/evidence/goal2/runs/g2-evaluation-modes-01/modes/G2_EVAL-search-only-e2-b2/11148_lock.json
 create mode 100644 task1/evidence/goal2/runs/g2-evaluation-modes-01/modes/G2_EVAL-search-only-e2-b2/3371_candidate_traces.json.gz
 create mode 100644 task1/evidence/goal2/runs/g2-evaluation-modes-01/modes/G2_EVAL-search-only-e2-b2/3371_lock.json
 create mode 100644 task1/evidence/goal2/runs/g2-evaluation-modes-01/modes/G2_EVAL-search-only-e2-b2/33_candidate_traces.json.gz
 create mode 100644 task1/evidence/goal2/runs/g2-evaluation-modes-01/modes/G2_EVAL-search-only-e2-b2/33_lock.json
 create mode 100644 task1/evidence/goal2/runs/g2-evaluation-modes-01/modes/G2_EVAL-search-only-e2-b2/3420_candidate_traces.json.gz
 create mode 100644 task1/evidence/goal2/runs/g2-evaluation-modes-01/modes/G2_EVAL-search-only-e2-b2/3420_lock.json
 create mode 100644 task1/evidence/goal2/runs/g2-evaluation-modes-01/modes/G2_EVAL-search-only-e2-b2/43_candidate_traces.json.gz
 create mode 100644 task1/evidence/goal2/runs/g2-evaluation-modes-01/modes/G2_EVAL-search-only-e2-b2/43_lock.json
 create mode 100644 task1/evidence/goal2/runs/g2-evaluation-modes-01/modes/G2_EVAL-search-only-e2-b2/7270_candidate_traces.json.gz
 create mode 100644 task1/evidence/goal2/runs/g2-evaluation-modes-01/modes/G2_EVAL-search-only-e2-b2/7270_lock.json
 create mode 100644 task1/evidence/goal2/runs/g2-evaluation-modes-01/modes/G2_EVAL-search-only-e2-b2/911_candidate_traces.json.gz
 create mode 100644 task1/evidence/goal2/runs/g2-evaluation-modes-01/modes/G2_EVAL-search-only-e2-b2/911_lock.json
 create mode 100644 task1/evidence/goal2/runs/g2-evaluation-modes-01/modes/G2_EVAL-search-only-e2-b2/955_candidate_traces.json.gz
 create mode 100644 task1/evidence/goal2/runs/g2-evaluation-modes-01/modes/G2_EVAL-search-only-e2-b2/955_lock.json
 create mode 100644 task1/evidence/goal2/runs/g2-evaluation-modes-01/modes/G2_EVAL-search-only-e2-b2/episode.json
 create mode 100644 task1/evidence/goal2/runs/g2-evaluation-modes-01/modes/G2_EVAL-search-only-e3-b0/10003_candidate_traces.json.gz
 create mode 100644 task1/evidence/goal2/runs/g2-evaluation-modes-01/modes/G2_EVAL-search-only-e3-b0/10003_lock.json
 create mode 100644 task1/evidence/goal2/runs/g2-evaluation-modes-01/modes/G2_EVAL-search-only-e3-b0/1887_candidate_traces.json.gz
 create mode 100644 task1/evidence/goal2/runs/g2-evaluation-modes-01/modes/G2_EVAL-search-only-e3-b0/1887_lock.json
 create mode 100644 task1/evidence/goal2/runs/g2-evaluation-modes-01/modes/G2_EVAL-search-only-e3-b0/2064_candidate_traces.json.gz
 create mode 100644 task1/evidence/goal2/runs/g2-evaluation-modes-01/modes/G2_EVAL-search-only-e3-b0/2064_lock.json
 create mode 100644 task1/evidence/goal2/runs/g2-evaluation-modes-01/modes/G2_EVAL-search-only-e3-b0/2225_candidate_traces.json.gz
 create mode 100644 task1/evidence/goal2/runs/g2-evaluation-modes-01/modes/G2_EVAL-search-only-e3-b0/2225_lock.json
 create mode 100644 task1/evidence/goal2/runs/g2-evaluation-modes-01/modes/G2_EVAL-search-only-e3-b0/588_candidate_traces.json.gz
 create mode 100644 task1/evidence/goal2/runs/g2-evaluation-modes-01/modes/G2_EVAL-search-only-e3-b0/588_lock.json
 create mode 100644 task1/evidence/goal2/runs/g2-evaluation-modes-01/modes/G2_EVAL-search-only-e3-b0/7253_candidate_traces.json.gz
 create mode 100644 task1/evidence/goal2/runs/g2-evaluation-modes-01/modes/G2_EVAL-search-only-e3-b0/7253_lock.json
 create mode 100644 task1/evidence/goal2/runs/g2-evaluation-modes-01/modes/G2_EVAL-search-only-e3-b0/8424_candidate_traces.json.gz
 create mode 100644 task1/evidence/goal2/runs/g2-evaluation-modes-01/modes/G2_EVAL-search-only-e3-b0/8424_lock.json
 create mode 100644 task1/evidence/goal2/runs/g2-evaluation-modes-01/modes/G2_EVAL-search-only-e3-b0/8522_candidate_traces.json.gz
 create mode 100644 task1/evidence/goal2/runs/g2-evaluation-modes-01/modes/G2_EVAL-search-only-e3-b0/8522_lock.json
 create mode 100644 task1/evidence/goal2/runs/g2-evaluation-modes-01/modes/G2_EVAL-search-only-e3-b0/episode.json
 create mode 100644 task1/evidence/goal2/runs/g2-evaluation-modes-01/modes/G2_EVAL-search-only-e3-b1/10927_candidate_traces.json.gz
 create mode 100644 task1/evidence/goal2/runs/g2-evaluation-modes-01/modes/G2_EVAL-search-only-e3-b1/10927_lock.json
 create mode 100644 task1/evidence/goal2/runs/g2-evaluation-modes-01/modes/G2_EVAL-search-only-e3-b1/1880_candidate_traces.json.gz
 create mode 100644 task1/evidence/goal2/runs/g2-evaluation-modes-01/modes/G2_EVAL-search-only-e3-b1/1880_lock.json
 create mode 100644 task1/evidence/goal2/runs/g2-evaluation-modes-01/modes/G2_EVAL-search-only-e3-b1/2297_candidate_traces.json.gz
 create mode 100644 task1/evidence/goal2/runs/g2-evaluation-modes-01/modes/G2_EVAL-search-only-e3-b1/2297_lock.json
 create mode 100644 task1/evidence/goal2/runs/g2-evaluation-modes-01/modes/G2_EVAL-search-only-e3-b1/7137_candidate_traces.json.gz
 create mode 100644 task1/evidence/goal2/runs/g2-evaluation-modes-01/modes/G2_EVAL-search-only-e3-b1/7137_lock.json
 create mode 100644 task1/evidence/goal2/runs/g2-evaluation-modes-01/modes/G2_EVAL-search-only-e3-b1/7711_candidate_traces.json.gz
 create mode 100644 task1/evidence/goal2/runs/g2-evaluation-modes-01/modes/G2_EVAL-search-only-e3-b1/7711_lock.json
 create mode 100644 task1/evidence/goal2/runs/g2-evaluation-modes-01/modes/G2_EVAL-search-only-e3-b1/9296_candidate_traces.json.gz
 create mode 100644 task1/evidence/goal2/runs/g2-evaluation-modes-01/modes/G2_EVAL-search-only-e3-b1/9296_lock.json
 create mode 100644 task1/evidence/goal2/runs/g2-evaluation-modes-01/modes/G2_EVAL-search-only-e3-b1/9673_candidate_traces.json.gz
 create mode 100644 task1/evidence/goal2/runs/g2-evaluation-modes-01/modes/G2_EVAL-search-only-e3-b1/9673_lock.json
 create mode 100644 task1/evidence/goal2/runs/g2-evaluation-modes-01/modes/G2_EVAL-search-only-e3-b1/9709_candidate_traces.json.gz
 create mode 100644 task1/evidence/goal2/runs/g2-evaluation-modes-01/modes/G2_EVAL-search-only-e3-b1/9709_lock.json
 create mode 100644 task1/evidence/goal2/runs/g2-evaluation-modes-01/modes/G2_EVAL-search-only-e3-b1/episode.json
 create mode 100644 task1/evidence/goal2/runs/g2-evaluation-modes-01/modes/G2_EVAL-search-only-e3-b2/11148_candidate_traces.json.gz
 create mode 100644 task1/evidence/goal2/runs/g2-evaluation-modes-01/modes/G2_EVAL-search-only-e3-b2/11148_lock.json
 create mode 100644 task1/evidence/goal2/runs/g2-evaluation-modes-01/modes/G2_EVAL-search-only-e3-b2/3371_candidate_traces.json.gz
 create mode 100644 task1/evidence/goal2/runs/g2-evaluation-modes-01/modes/G2_EVAL-search-only-e3-b2/3371_lock.json
 create mode 100644 task1/evidence/goal2/runs/g2-evaluation-modes-01/modes/G2_EVAL-search-only-e3-b2/33_candidate_traces.json.gz
 create mode 100644 task1/evidence/goal2/runs/g2-evaluation-modes-01/modes/G2_EVAL-search-only-e3-b2/33_lock.json
 create mode 100644 task1/evidence/goal2/runs/g2-evaluation-modes-01/modes/G2_EVAL-search-only-e3-b2/3420_candidate_traces.json.gz
 create mode 100644 task1/evidence/goal2/runs/g2-evaluation-modes-01/modes/G2_EVAL-search-only-e3-b2/3420_lock.json
 create mode 100644 task1/evidence/goal2/runs/g2-evaluation-modes-01/modes/G2_EVAL-search-only-e3-b2/43_candidate_traces.json.gz
 create mode 100644 task1/evidence/goal2/runs/g2-evaluation-modes-01/modes/G2_EVAL-search-only-e3-b2/43_lock.json
 create mode 100644 task1/evidence/goal2/runs/g2-evaluation-modes-01/modes/G2_EVAL-search-only-e3-b2/7270_candidate_traces.json.gz
 create mode 100644 task1/evidence/goal2/runs/g2-evaluation-modes-01/modes/G2_EVAL-search-only-e3-b2/7270_lock.json
 create mode 100644 task1/evidence/goal2/runs/g2-evaluation-modes-01/modes/G2_EVAL-search-only-e3-b2/911_candidate_traces.json.gz
 create mode 100644 task1/evidence/goal2/runs/g2-evaluation-modes-01/modes/G2_EVAL-search-only-e3-b2/911_lock.json
 create mode 100644 task1/evidence/goal2/runs/g2-evaluation-modes-01/modes/G2_EVAL-search-only-e3-b2/955_candidate_traces.json.gz
 create mode 100644 task1/evidence/goal2/runs/g2-evaluation-modes-01/modes/G2_EVAL-search-only-e3-b2/955_lock.json
 create mode 100644 task1/evidence/goal2/runs/g2-evaluation-modes-01/modes/G2_EVAL-search-only-e3-b2/episode.json
 create mode 100644 task1/evidence/goal2/runs/g2-evaluation-orders-01/cfg-b15b8281b73592fb_S-D-P_8f325bf9.json.gz
 create mode 100644 task1/evidence/goal2/runs/g2-evaluation-orders-01/cfg-b15b8281b73592fb_S-D-P_8f325bf9_review.json
 create mode 100644 task1/evidence/goal2/runs/g2-evaluation-orders-01/cfg-b15b8281b73592fb_S-P-D_8f325bf9.json.gz
 create mode 100644 task1/evidence/goal2/runs/g2-evaluation-orders-01/cfg-b15b8281b73592fb_S-P-D_8f325bf9_review.json
 create mode 100644 task1/evidence/goal2/runs/g2-evaluation-orders-01/manifest.json
 create mode 100644 task1/evidence/goal2/runs/g2-evaluation-orders-01/order_table.json
 create mode 100644 task1/evidence/goal2/runs/g2-evaluation-parameters-01/cfg-0ad662cd1af68eaf_S-D-P_8f325bf9.json.gz
 create mode 100644 task1/evidence/goal2/runs/g2-evaluation-parameters-01/cfg-0ad662cd1af68eaf_S-D-P_8f325bf9_review.json
 create mode 100644 task1/evidence/goal2/runs/g2-evaluation-parameters-01/cfg-1e535c3fe3cc8ae1_S-D-P_8f325bf9.json.gz
 create mode 100644 task1/evidence/goal2/runs/g2-evaluation-parameters-01/cfg-1e535c3fe3cc8ae1_S-D-P_8f325bf9_review.json
 create mode 100644 task1/evidence/goal2/runs/g2-evaluation-parameters-01/cfg-5f3726776663985b_S-D-P_8f325bf9.json.gz
 create mode 100644 task1/evidence/goal2/runs/g2-evaluation-parameters-01/cfg-5f3726776663985b_S-D-P_8f325bf9_review.json
 create mode 100644 task1/evidence/goal2/runs/g2-evaluation-parameters-01/cfg-63139d05595c253c_S-D-P_8f325bf9.json.gz
 create mode 100644 task1/evidence/goal2/runs/g2-evaluation-parameters-01/cfg-63139d05595c253c_S-D-P_8f325bf9_review.json
 create mode 100644 task1/evidence/goal2/runs/g2-evaluation-parameters-01/cfg-6599edd5fcbf75b1_S-D-P_8f325bf9.json.gz
 create mode 100644 task1/evidence/goal2/runs/g2-evaluation-parameters-01/cfg-6599edd5fcbf75b1_S-D-P_8f325bf9_review.json
 create mode 100644 task1/evidence/goal2/runs/g2-evaluation-parameters-01/cfg-6b37e535e1ea2046_S-D-P_8f325bf9.json.gz
 create mode 100644 task1/evidence/goal2/runs/g2-evaluation-parameters-01/cfg-6b37e535e1ea2046_S-D-P_8f325bf9_review.json
 create mode 100644 task1/evidence/goal2/runs/g2-evaluation-parameters-01/cfg-7261bd230cb316ee_S-D-P_8f325bf9.json.gz
 create mode 100644 task1/evidence/goal2/runs/g2-evaluation-parameters-01/cfg-7261bd230cb316ee_S-D-P_8f325bf9_review.json
 create mode 100644 task1/evidence/goal2/runs/g2-evaluation-parameters-01/cfg-7a5c632edc26a683_S-D-P_8f325bf9.json.gz
 create mode 100644 task1/evidence/goal2/runs/g2-evaluation-parameters-01/cfg-7a5c632edc26a683_S-D-P_8f325bf9_review.json
 create mode 100644 task1/evidence/goal2/runs/g2-evaluation-parameters-01/cfg-a5483ca9cb883a91_S-D-P_8f325bf9.json.gz
 create mode 100644 task1/evidence/goal2/runs/g2-evaluation-parameters-01/cfg-a5483ca9cb883a91_S-D-P_8f325bf9_review.json
 create mode 100644 task1/evidence/goal2/runs/g2-evaluation-parameters-01/cfg-b15b8281b73592fb_S-D-P_8f325bf9.json.gz
 create mode 100644 task1/evidence/goal2/runs/g2-evaluation-parameters-01/cfg-b15b8281b73592fb_S-D-P_8f325bf9_review.json
 create mode 100644 task1/evidence/goal2/runs/g2-evaluation-parameters-01/cfg-b64eb945a846910c_S-D-P_8f325bf9.json.gz
 create mode 100644 task1/evidence/goal2/runs/g2-evaluation-parameters-01/cfg-b64eb945a846910c_S-D-P_8f325bf9_review.json
 create mode 100644 task1/evidence/goal2/runs/g2-evaluation-parameters-01/cfg-d4ff6528d1731c17_S-D-P_8f325bf9.json.gz
 create mode 100644 task1/evidence/goal2/runs/g2-evaluation-parameters-01/cfg-d4ff6528d1731c17_S-D-P_8f325bf9_review.json
 create mode 100644 task1/evidence/goal2/runs/g2-evaluation-parameters-01/cfg-dc3bdca5d6cb9c1f_S-D-P_8f325bf9.json.gz
 create mode 100644 task1/evidence/goal2/runs/g2-evaluation-parameters-01/cfg-dc3bdca5d6cb9c1f_S-D-P_8f325bf9_review.json
 create mode 100644 task1/evidence/goal2/runs/g2-evaluation-parameters-01/cfg-e8ff0df5800d5c3b_S-D-P_8f325bf9.json.gz
 create mode 100644 task1/evidence/goal2/runs/g2-evaluation-parameters-01/cfg-e8ff0df5800d5c3b_S-D-P_8f325bf9_review.json
 create mode 100644 task1/evidence/goal2/runs/g2-evaluation-parameters-01/evaluation_table.json
 create mode 100644 task1/evidence/goal2/runs/g2-evaluation-parameters-01/manifest.json
 create mode 100644 task1/evidence/goal2/startup.json
 create mode 100644 task1/evidence/goal2/superseded_runs.json
 create mode 100644 task1/evidence/goal2/tables/ai_critique_examples.csv
 create mode 100644 task1/evidence/goal2/tables/ai_legal_proposal_tradeoffs.csv
 create mode 100644 task1/evidence/goal2/tables/candidate_by_stratum.csv
 create mode 100644 task1/evidence/goal2/tables/candidate_development.csv
 create mode 100644 task1/evidence/goal2/tables/candidate_evaluation.csv
 create mode 100644 task1/evidence/goal2/tables/candidate_record_pairs.csv
 create mode 100644 task1/evidence/goal2/tables/counterexamples.csv
 create mode 100644 task1/evidence/goal2/tables/exposed_pilot_direction.csv
 create mode 100644 task1/evidence/goal2/tables/exposed_pilot_filtering.csv
 create mode 100644 task1/evidence/goal2/tables/feasible_pareto.csv
 create mode 100644 task1/evidence/goal2/tables/historical_model_calls.csv
 create mode 100644 task1/evidence/goal2/tables/memory_consumption.csv
 create mode 100644 task1/evidence/goal2/tables/memory_delivered_entries.csv
 create mode 100644 task1/evidence/goal2/tables/memory_entries.csv
 create mode 100644 task1/evidence/goal2/tables/memory_independent_mode_comparison.csv
 create mode 100644 task1/evidence/goal2/tables/memory_retrieval.csv
 create mode 100644 task1/evidence/goal2/tables/mode_batch_resources.csv
 create mode 100644 task1/evidence/goal2/tables/mode_candidates.csv
 create mode 100644 task1/evidence/goal2/tables/mode_episode_distributions.csv
 create mode 100644 task1/evidence/goal2/tables/mode_original_record_summary.csv
 create mode 100644 task1/evidence/goal2/tables/mode_pairwise.csv
 create mode 100644 task1/evidence/goal2/tables/mode_proposals.csv
 create mode 100644 task1/evidence/goal2/tables/mode_record_repeat_distributions.csv
 create mode 100644 task1/evidence/goal2/tables/mode_record_results.csv
 create mode 100644 task1/evidence/goal2/tables/mode_rounds.csv
 create mode 100644 task1/evidence/goal2/tables/mode_summary.csv
 create mode 100644 task1/evidence/goal2/tables/model_calls.csv
 create mode 100644 task1/evidence/goal2/tables/model_cost_scope_summary.csv
 create mode 100644 task1/evidence/goal2/tables/order_configurations.csv
 create mode 100644 task1/evidence/goal2/tables/order_failure_mechanisms.csv
 create mode 100644 task1/evidence/goal2/tables/order_records.csv
 create mode 100644 task1/evidence/goal2/tables/parameter_by_stratum.csv
 create mode 100644 task1/evidence/goal2/tables/parameter_configurations.csv
 create mode 100644 task1/evidence/goal2/tables/parameter_record_pairs.csv
 create mode 100644 task1/evidence/goal2/tables/parameter_records.csv
 create mode 100644 task1/evidence/goal2/tables/processing_reasons.csv
 create mode 100644 task1/evidence/goal2/tables/resource_totals.csv
 create mode 100644 task1/evidence/goal2/tables/stable_intervals.csv
 create mode 100644 task1/evidence/goal2/tables/stage_readings.csv
 create mode 100644 task1/evidence/goal2/tests_after_presentation_repair.xml
 create mode 100644 task1/evidence/goal2/tests_code_epoch02.xml
 create mode 100644 task1/evidence/goal2/tests_code_freeze.xml
 create mode 100644 task1/evidence/goal2/tests_context_repair.xml
 create mode 100644 task1/evidence/goal2/tests_modes_precommit.xml
 create mode 100644 task1/evidence/goal2/tests_modes_unit.xml
 create mode 100644 task1/evidence/goal2/tests_preproduction.xml
 create mode 100644 task1/evidence/goal2/upload_bundle_check.json
 create mode 100644 task1/figures/goal2/CASE_SELECTION.json
 create mode 100644 task1/figures/goal2/DIRECTION_CASE_SELECTION.json
 create mode 100644 task1/figures/goal2/direction_threshold_and_neighborhood.pdf
 create mode 100644 task1/figures/goal2/direction_threshold_and_neighborhood.png
 create mode 100644 task1/figures/goal2/direction_threshold_and_neighborhood.svg
 create mode 100644 task1/figures/goal2/dp_error_compression.pdf
 create mode 100644 task1/figures/goal2/dp_error_compression.png
 create mode 100644 task1/figures/goal2/dp_error_compression.svg
 create mode 100644 task1/figures/goal2/figure_data.json
 create mode 100644 task1/figures/goal2/figure_manifest.json
 create mode 100644 task1/figures/goal2/four_mode_failures_and_cost.pdf
 create mode 100644 task1/figures/goal2/four_mode_failures_and_cost.png
 create mode 100644 task1/figures/goal2/four_mode_failures_and_cost.svg
 create mode 100644 task1/figures/goal2/four_mode_paired_results.pdf
 create mode 100644 task1/figures/goal2/four_mode_paired_results.png
 create mode 100644 task1/figures/goal2/four_mode_paired_results.svg
 create mode 100644 task1/figures/goal2/goal2_actual_architecture.drawio
 create mode 100644 task1/figures/goal2/goal2_actual_architecture.pdf
 create mode 100644 task1/figures/goal2/goal2_actual_architecture.png
 create mode 100644 task1/figures/goal2/goal2_actual_architecture.svg
 create mode 100644 task1/figures/goal2/memory_coverage_and_consumption.pdf
 create mode 100644 task1/figures/goal2/memory_coverage_and_consumption.png
 create mode 100644 task1/figures/goal2/memory_coverage_and_consumption.svg
 create mode 100644 task1/figures/goal2/order_protection_and_neighborhoods.pdf
 create mode 100644 task1/figures/goal2/order_protection_and_neighborhoods.png
 create mode 100644 task1/figures/goal2/order_protection_and_neighborhoods.svg
 create mode 100644 task1/figures/goal2/pdf-render-200dpi/direction_threshold_and_neighborhood.png
 create mode 100644 task1/figures/goal2/pdf-render-200dpi/dp_error_compression.png
 create mode 100644 task1/figures/goal2/pdf-render-200dpi/four_mode_failures_and_cost.png
 create mode 100644 task1/figures/goal2/pdf-render-200dpi/four_mode_paired_results.png
 create mode 100644 task1/figures/goal2/pdf-render-200dpi/goal2_actual_architecture.png
 create mode 100644 task1/figures/goal2/pdf-render-200dpi/memory_coverage_and_consumption.png
 create mode 100644 task1/figures/goal2/pdf-render-200dpi/order_protection_and_neighborhoods.png
 create mode 100644 task1/figures/goal2/pdf-render-200dpi/real_trajectory_cases.png
 create mode 100644 task1/figures/goal2/pdf-render-200dpi/segmentation_filter_grids.png
 create mode 100644 task1/figures/goal2/pdf-render-200dpi/segmentation_filter_response.png
 create mode 100644 task1/figures/goal2/pdf-render-200dpi/synthetic_metric_counterexamples.png
 create mode 100644 task1/figures/goal2/raster_checks.log
 create mode 100644 task1/figures/goal2/real_trajectory_cases.pdf
 create mode 100644 task1/figures/goal2/real_trajectory_cases.png
 create mode 100644 task1/figures/goal2/real_trajectory_cases.svg
 create mode 100644 task1/figures/goal2/segmentation_filter_grids.pdf
 create mode 100644 task1/figures/goal2/segmentation_filter_grids.png
 create mode 100644 task1/figures/goal2/segmentation_filter_grids.svg
 create mode 100644 task1/figures/goal2/segmentation_filter_response.pdf
 create mode 100644 task1/figures/goal2/segmentation_filter_response.png
 create mode 100644 task1/figures/goal2/segmentation_filter_response.svg
 create mode 100644 task1/figures/goal2/synthetic_metric_counterexamples.pdf
 create mode 100644 task1/figures/goal2/synthetic_metric_counterexamples.png
 create mode 100644 task1/figures/goal2/synthetic_metric_counterexamples.svg
 create mode 100644 task1/scripts/build_goal2_analysis.py
