record_id,n_input,n_final,point_retention,point_retention_reason,record_covered,all_filtered,no_output,n_filtered,n_direction_removed,n_dp_removed,n_dp_input,n_dp_output,dp_saving,dp_saving_reason,dp_max_error,dp_mean_error,dp_p50_error,dp_p90_error,dp_p95_error,dp_p99_error,dp_error_reason,dp_error_denominator,n_dp_exceedances,dp_checks_passed,n_s_segments,n_filtered_segments,direction_candidate_points,direction_undefined_points,direction_windows_across_raw_breaks,p_removed_raw_break_trigger_points,raw_length,raw_length_reason,final_length,final_length_reason,common_reference_id,common_raw_points,common_covered_points,common_uncovered_points,common_coverage,common_coverage_reason,common_error_denominator,common_max_error,common_mean_error,common_p95_error,common_error_reason,common_over_5_points,common_error_budget,common_floating_allowance,raw_break_count,raw_break_crossings,raw_breaks_crossed,raw_break_trigger_points_removed,raw_windows,raw_windows_covered,reference_window_length,constraint_status,strategy,runtime_group,terminal_status,trace_sha256
3549,94,51,0.5425531914893617,,True,False,False,2,0,41,92,51,0.44565217391304346,,4.882616115914384,0.7744726946824138,0.0,3.061705067650544,3.570790954443721,4.434447553887771,,92,0,True,11,1,0,30,0,0,20467.01242622359,,15717.111622912797,,RAW_WINDOWS_DT30_DISTANCE400_V1,94,92,2,0.9787234042553191,,92,4.882616115914384,0.7744726946824138,3.570790954443721,,0,5,3.2465620058337215e-10,10,0,0,1,11,10,15954.53997176228,NO_RAW_BREAK_CROSSING,R0,UNIFORM,PROCESSED,953a4b1bcf5789195f458f61b87011d3ef98789fdc9176fe5bf6233cb1522ec3
3549,94,53,0.5638297872340425,,True,False,False,0,0,41,94,53,0.43617021276595747,,4.882616115914384,0.7579945522423623,0.0,3.0403797593030646,3.532389072194319,4.424597695381687,,94,0,True,11,0,0,32,0,0,20467.01242622359,,15953.650695756089,,RAW_WINDOWS_DT30_DISTANCE400_V1,94,94,0,1.0,,94,4.882616115914384,0.7579945522423623,3.532389072194319,,0,5,3.2465620058337215e-10,10,0,0,0,11,11,15954.53997176228,NO_RAW_BREAK_CROSSING,S0,UNIFORM,PROCESSED,6a5a415e4cc0e3db5e968e5cf141a1779cbe71ce33944650e0eaf55ce87fb60c
3549,94,53,0.5638297872340425,,True,False,False,0,0,41,94,53,0.43617021276595747,,4.882616115914384,0.7579945522423623,0.0,3.0403797593030646,3.532389072194319,4.424597695381687,,94,0,True,11,0,0,32,0,0,20467.01242622359,,15953.650695756089,,RAW_WINDOWS_DT30_DISTANCE400_V1,94,94,0,1.0,,94,4.882616115914384,0.7579945522423623,3.532389072194319,,0,5,3.2465620058337215e-10,10,0,0,0,11,11,15954.53997176228,NO_RAW_BREAK_CROSSING,S_POINTS2,UNIFORM,PROCESSED,afde66eda6093c5f926e39afd5f3c6637359772f3b6708ae6b15597fd9159ca2
3549,94,51,0.5425531914893617,,True,False,False,2,0,41,92,51,0.44565217391304346,,4.882616115914384,0.7744726946824138,0.0,3.061705067650544,3.570790954443721,4.434447553887771,,92,0,True,11,1,0,30,0,0,20467.01242622359,,15717.111622912797,,RAW_WINDOWS_DT30_DISTANCE400_V1,94,92,2,0.9787234042553191,,92,4.882616115914384,0.7744726946824138,3.570790954443721,,0,5,3.2465620058337215e-10,10,0,0,1,11,10,15954.53997176228,NO_RAW_BREAK_CROSSING,S_LENGTH0,UNIFORM,PROCESSED,6c36448008b45977b8469c1d49c8008f31dc57b996ee751e5e0cd26cc8251724
3549,94,51,0.5425531914893617,,True,False,False,2,0,41,92,51,0.44565217391304346,,4.882616115914384,0.7744726946824138,0.0,3.061705067650544,3.570790954443721,4.434447553887771,,92,0,True,11,1,0,30,0,0,20467.01242622359,,15717.111622912797,,RAW_WINDOWS_DT30_DISTANCE400_V1,94,92,2,0.9787234042553191,,92,4.882616115914384,0.7744726946824138,3.570790954443721,,0,5,3.2465620058337215e-10,10,0,0,1,11,10,15954.53997176228,NO_RAW_BREAK_CROSSING,D60,UNIFORM,PROCESSED,d4df6ba1984f823e732505d85088c90cafdf377fcbdad64255ac85ff03f66969
3549,94,64,0.6808510638297872,,True,False,False,2,0,28,92,64,0.30434782608695654,,1.8905328512823425,0.2913431153408447,0.0,1.5188116434414176,1.6213100897552861,1.8621107710170663,,92,0,True,11,1,0,30,0,0,20467.01242622359,,15717.781055285113,,RAW_WINDOWS_DT30_DISTANCE400_V1,94,92,2,0.9787234042553191,,92,1.8905328512823425,0.2913431153408447,1.6213100897552861,,0,5,3.2465620058337215e-10,10,0,0,1,11,10,15954.53997176228,NO_RAW_BREAK_CROSSING,P2,UNIFORM,PROCESSED,ed6193dafda6145e9c99818e74306ff004a372edc63ee8c0a25d403d9129ffca
3549,94,39,0.4148936170212766,,True,False,False,2,0,53,92,39,0.5760869565217391,,7.683183538714887,1.819266624187963,0.602974657855218,5.485577054596868,6.169445438468461,7.659196858657385,,92,0,True,11,1,0,30,0,0,20467.01242622359,,15715.48810112873,,RAW_WINDOWS_DT30_DISTANCE400_V1,94,92,2,0.9787234042553191,,92,7.683183538714887,1.819266624187963,6.169445438468461,,12,5,3.2465620058337215e-10,10,0,0,1,11,10,15954.53997176228,NO_RAW_BREAK_CROSSING,P10,UNIFORM,PROCESSED,ed122acfd487f607b3b02d205d01aa4d43e313ae06d94e2d59f3d80a51e3ccd7
3203,110,46,0.41818181818181815,,True,False,False,0,4,60,106,46,0.5660377358490566,,4.614790717004969,0.766549276492882,0.1862375757674051,2.6126602542952004,2.9864058173754002,3.364638938277651,,106,0,True,2,0,4,6,0,0,15372.56328455839,,14876.242467746295,,RAW_WINDOWS_DT30_DISTANCE400_V1,110,110,0,1.0,,110,4.614790717004969,0.7819091949444251,3.1053720825362054,,0,5,1.8829286955868453e-10,1,0,0,0,2,2,14888.113131673104,NO_RAW_BREAK_CROSSING,R0,UNIFORM,PROCESSED,11ac3e1e16d1a64bc08c4bad5f803b9b9906d2346ea20b90161c7935fe49149b
3203,110,46,0.41818181818181815,,True,False,False,0,4,60,106,46,0.5660377358490566,,4.614790717004969,0.766549276492882,0.1862375757674051,2.6126602542952004,2.9864058173754002,3.364638938277651,,106,0,True,2,0,4,6,0,0,15372.56328455839,,14876.242467746295,,RAW_WINDOWS_DT30_DISTANCE400_V1,110,110,0,1.0,,110,4.614790717004969,0.7819091949444251,3.1053720825362054,,0,5,1.8829286955868453e-10,1,0,0,0,2,2,14888.113131673104,NO_RAW_BREAK_CROSSING,S0,UNIFORM,PROCESSED,659ef3f04cce6f6805c074321520c22c16b4382a56e60bafbcf41b72f6fc6a87
3203,110,46,0.41818181818181815,,True,False,False,0,4,60,106,46,0.5660377358490566,,4.614790717004969,0.766549276492882,0.1862375757674051,2.6126602542952004,2.9864058173754002,3.364638938277651,,106,0,True,2,0,4,6,0,0,15372.56328455839,,14876.242467746295,,RAW_WINDOWS_DT30_DISTANCE400_V1,110,110,0,1.0,,110,4.614790717004969,0.7819091949444251,3.1053720825362054,,0,5,1.8829286955868453e-10,1,0,0,0,2,2,14888.113131673104,NO_RAW_BREAK_CROSSING,S_POINTS2,UNIFORM,PROCESSED,4d6966b9a9ac0b1c804b80e012013ebccb17af28d257eb8e32a80b3a630e893c
3203,110,46,0.41818181818181815,,True,False,False,0,4,60,106,46,0.5660377358490566,,4.614790717004969,0.766549276492882,0.1862375757674051,2.6126602542952004,2.9864058173754002,3.364638938277651,,106,0,True,2,0,4,6,0,0,15372.56328455839,,14876.242467746295,,RAW_WINDOWS_DT30_DISTANCE400_V1,110,110,0,1.0,,110,4.614790717004969,0.7819091949444251,3.1053720825362054,,0,5,1.8829286955868453e-10,1,0,0,0,2,2,14888.113131673104,NO_RAW_BREAK_CROSSING,S_LENGTH0,UNIFORM,PROCESSED,1d53e44a6694a6d95aee5ec4344745c6671ebf5638b02454024a899da6bf26d7
3203,110,46,0.41818181818181815,,True,False,False,0,3,61,107,46,0.5700934579439252,,4.614790717004969,0.7987138523525054,0.18792558892403058,2.6553594746659575,3.131200958266004,4.1575562800761805,,107,0,True,2,0,3,6,0,0,15372.56328455839,,14876.242467746295,,RAW_WINDOWS_DT30_DISTANCE400_V1,110,110,0,1.0,,110,4.614790717004969,0.7819091949444251,3.1053720825362054,,0,5,1.8829286955868453e-10,1,0,0,0,2,2,14888.113131673104,NO_RAW_BREAK_CROSSING,D60,UNIFORM,PROCESSED,e292cfbeb5f6154a44a15639052f6f61cff73fc61fff6f62b037a9dbdd717d68
3203,110,55,0.5,,True,False,False,0,4,51,106,55,0.4811320754716981,,1.5116428573761924,0.28836311216285754,0.0,1.0274975584653232,1.266589539357553,1.432689148462509,,106,0,True,2,0,4,6,0,0,15372.56328455839,,14885.611554587016,,RAW_WINDOWS_DT30_DISTANCE400_V1,110,110,0,1.0,,110,2.6619355518086394,0.3070550425749113,1.3004864539824137,,0,5,1.8829286955868453e-10,1,0,0,0,2,2,14888.113131673104,NO_RAW_BREAK_CROSSING,P2,UNIFORM,PROCESSED,58ba2bc048f35fff9aaaf851b7832119d898a7ee8741a7f70265b7752e1d2375
3203,110,37,0.33636363636363636,,True,False,False,0,4,69,106,37,0.6509433962264151,,9.119111600897352,1.6634065391893575,0.6208279607161291,5.419902666250847,7.863531365776977,9.036540539956455,,106,0,True,2,0,4,6,0,0,15372.56328455839,,14865.651203047972,,RAW_WINDOWS_DT30_DISTANCE400_V1,110,110,0,1.0,,110,9.137606925340403,1.8934362889591423,8.557181854789205,,15,5,1.8829286955868453e-10,1,0,0,0,2,2,14888.113131673104,NO_RAW_BREAK_CROSSING,P10,UNIFORM,PROCESSED,1fd2642e75db4e9d4b4125dc4a49e982fd83e52c756c38ca80ff2cc4dab7ca08
867,101,34,0.33663366336633666,,True,False,False,16,0,51,85,34,0.6,,3.4378922555170592,0.5074302396085826,0.12834366662083752,1.6707330632436967,2.322685352205241,3.2564388269224454,,85,0,True,17,5,0,36,0,0,27757.358950856196,,17088.270721284225,,RAW_WINDOWS_DT30_DISTANCE400_V1,101,85,16,0.8415841584158416,,85,3.4378922555170592,0.5074302396085826,2.322685352205241,,0,5,4.2472315204873197e-10,16,0,0,8,17,12,19567.912105138636,NO_RAW_BREAK_CROSSING,R0,UNIFORM,PROCESSED,7fc5fdec14f316d0292d9fbcdf8ece9a08e90a7e5a22915f90068adbcea23676
867,101,47,0.46534653465346537,,True,False,False,1,0,53,100,47,0.53,,3.4378922555170592,0.44576380682280436,0.03764347636295167,1.422733599764626,2.1034829431439066,3.2240364289591232,,100,0,True,17,1,0,48,0,0,27757.358950856196,,19567.737198229497,,RAW_WINDOWS_DT30_DISTANCE400_V1,101,100,1,0.9900990099009901,,100,3.4378922555170592,0.44576380682280436,2.1034829431439066,,0,5,4.2472315204873197e-10,16,0,0,1,17,16,19567.912105138636,NO_RAW_BREAK_CROSSING,S0,UNIFORM,PROCESSED,287074bbddeae7bb460c777300423cfb9a8001bcc791ddd46cbfc0d9fb936cc5
867,101,47,0.46534653465346537,,True,False,False,1,0,53,100,47,0.53,,3.4378922555170592,0.44576380682280436,0.03764347636295167,1.422733599764626,2.1034829431439066,3.2240364289591232,,100,0,True,17,1,0,48,0,0,27757.358950856196,,19567.737198229497,,RAW_WINDOWS_DT30_DISTANCE400_V1,101,100,1,0.9900990099009901,,100,3.4378922555170592,0.44576380682280436,2.1034829431439066,,0,5,4.2472315204873197e-10,16,0,0,1,17,16,19567.912105138636,NO_RAW_BREAK_CROSSING,S_POINTS2,UNIFORM,PROCESSED,375bfd95790b0b15c744ebb9a8971ee1af0916720272107b8f92f4289f732603
867,101,34,0.33663366336633666,,True,False,False,16,0,51,85,34,0.6,,3.4378922555170592,0.5074302396085826,0.12834366662083752,1.6707330632436967,2.322685352205241,3.2564388269224454,,85,0,True,17,5,0,36,0,0,27757.358950856196,,17088.270721284225,,RAW_WINDOWS_DT30_DISTANCE400_V1,101,85,16,0.8415841584158416,,85,3.4378922555170592,0.5074302396085826,2.322685352205241,,0,5,4.2472315204873197e-10,16,0,0,8,17,12,19567.912105138636,NO_RAW_BREAK_CROSSING,S_LENGTH0,UNIFORM,PROCESSED,684a61a71062185e81387eac1204f97800043e897a59088c404124697b19d96b
867,101,34,0.33663366336633666,,True,False,False,16,0,51,85,34,0.6,,3.4378922555170592,0.5074302396085826,0.12834366662083752,1.6707330632436967,2.322685352205241,3.2564388269224454,,85,0,True,17,5,0,36,0,0,27757.358950856196,,17088.270721284225,,RAW_WINDOWS_DT30_DISTANCE400_V1,101,85,16,0.8415841584158416,,85,3.4378922555170592,0.5074302396085826,2.322685352205241,,0,5,4.2472315204873197e-10,16,0,0,8,17,12,19567.912105138636,NO_RAW_BREAK_CROSSING,D60,UNIFORM,PROCESSED,30bb6de315e73c8d845d37631c1da0a3cf92c3f5f2b80728524311185d74cce0
867,101,38,0.37623762376237624,,True,False,False,16,0,47,85,38,0.5529411764705883,,1.834004284633566,0.26831288173053575,0.06735207482344764,0.7762844371114914,1.31044210608466,1.783304789088591,,85,0,True,17,5,0,36,0,0,27757.358950856196,,17088.378786171546,,RAW_WINDOWS_DT30_DISTANCE400_V1,101,85,16,0.8415841584158416,,85,1.834004284633566,0.26831288173053575,1.31044210608466,,0,5,4.2472315204873197e-10,16,0,0,8,17,12,19567.912105138636,NO_RAW_BREAK_CROSSING,P2,UNIFORM,PROCESSED,7c32919014179f0ae663da0f25882de84a937b5c6903b2fbf58f10a20f1b53ad
867,101,32,0.31683168316831684,,True,False,False,16,0,53,85,32,0.6235294117647059,,8.209429426114147,0.7998025707249509,0.13556707417121974,2.2642313764555553,3.382313998590597,8.192478780666699,,85,0,True,17,5,0,36,0,0,27757.358950856196,,17087.78406158469,,RAW_WINDOWS_DT30_DISTANCE400_V1,101,85,16,0.8415841584158416,,85,8.209429426114147,0.7998025707249509,3.382313998590597,,3,5,4.2472315204873197e-10,16,0,0,8,17,12,19567.912105138636,NO_RAW_BREAK_CROSSING,P10,UNIFORM,PROCESSED,6e0baee03c0914773dfabfc757f2b1342e509a1e852d75ceb29a6ce7d8c096be
10449,101,43,0.42574257425742573,,True,False,False,4,6,48,91,43,0.5274725274725275,,4.9960113231523335,1.0139828928669747,0.21012691054255542,3.444830154360809,3.7364576270358536,4.806644295002492,,91,0,True,3,1,6,6,0,0,11161.193723963623,,9665.512731832396,,RAW_WINDOWS_DT30_DISTANCE400_V1,101,97,4,0.9603960396039604,,97,5.924137532561916,1.108095066412851,4.028258484554444,,1,5,3.3195836293771033e-10,2,0,0,1,3,2,10316.12081183919,NO_RAW_BREAK_CROSSING,R0,UNIFORM,PROCESSED,508a54545376b1c926109f95b2d8f77d76e53e78310fbe2779e86abcac48dc09
10449,101,45,0.44554455445544555,,True,False,False,0,6,50,95,45,0.5263157894736843,,4.9960113231523335,1.034876655245818,0.21012691054255542,3.4527964281736936,3.833311113142311,4.798227982640278,,95,0,True,3,0,6,9,0,0,11161.193723963623,,10303.498218906368,,RAW_WINDOWS_DT30_DISTANCE400_V1,101,101,0,1.0,,101,5.924137532561916,1.1240204003911343,4.2261093915139565,,1,5,3.3195836293771033e-10,2,0,0,0,3,3,10316.12081183919,NO_RAW_BREAK_CROSSING,S0,UNIFORM,PROCESSED,b3bb9ca26cff26986444ab7481666c7378e42caa2d904e98114579f7ade66be3
10449,101,45,0.44554455445544555,,True,False,False,0,6,50,95,45,0.5263157894736843,,4.9960113231523335,1.034876655245818,0.21012691054255542,3.4527964281736936,3.833311113142311,4.798227982640278,,95,0,True,3,0,6,9,0,0,11161.193723963623,,10303.498218906368,,RAW_WINDOWS_DT30_DISTANCE400_V1,101,101,0,1.0,,101,5.924137532561916,1.1240204003911343,4.2261093915139565,,1,5,3.3195836293771033e-10,2,0,0,0,3,3,10316.12081183919,NO_RAW_BREAK_CROSSING,S_POINTS2,UNIFORM,PROCESSED,36a1f202ba6e24e2c0edbae4996fdce22c4a73c01348f475cfed34980f7075bd
10449,101,43,0.42574257425742573,,True,False,False,4,6,48,91,43,0.5274725274725275,,4.9960113231523335,1.0139828928669747,0.21012691054255542,3.444830154360809,3.7364576270358536,4.806644295002492,,91,0,True,3,1,6,6,0,0,11161.193723963623,,9665.512731832396,,RAW_WINDOWS_DT30_DISTANCE400_V1,101,97,4,0.9603960396039604,,97,5.924137532561916,1.108095066412851,4.028258484554444,,1,5,3.3195836293771033e-10,2,0,0,1,3,2,10316.12081183919,NO_RAW_BREAK_CROSSING,S_LENGTH0,UNIFORM,PROCESSED,445d9b627a0466bec0f8770a3d437bb81e09b9951057f3f3f499281f2c4c7c77
10449,101,44,0.43564356435643564,,True,False,False,4,0,53,97,44,0.5463917525773196,,4.9960113231523335,1.0470214836029343,0.2394603802418639,3.450141003569399,3.8194323537751513,4.794019826459169,,97,0,True,3,1,0,6,0,0,11161.193723963623,,9667.688352562967,,RAW_WINDOWS_DT30_DISTANCE400_V1,101,97,4,0.9603960396039604,,97,4.9960113231523335,1.0470214836029343,3.8194323537751513,,0,5,3.3195836293771033e-10,2,0,0,1,3,2,10316.12081183919,NO_RAW_BREAK_CROSSING,D60,UNIFORM,PROCESSED,e21ed2dc3e0f6ac3f3bd0c9d70c89b49cd8946e2da515785256b39b3738fbef3
10449,101,56,0.5544554455445545,,True,False,False,4,6,35,91,56,0.3846153846153846,,1.9942879279401853,0.34987180093301984,0.0,1.2784643384601861,1.5399529631556028,1.9823027885249003,,91,0,True,3,1,6,6,0,0,11161.193723963623,,9669.123390050718,,RAW_WINDOWS_DT30_DISTANCE400_V1,101,97,4,0.9603960396039604,,97,5.924137532561916,0.42922517126517845,1.740948229801073,,1,5,3.3195836293771033e-10,2,0,0,1,3,2,10316.12081183919,NO_RAW_BREAK_CROSSING,P2,UNIFORM,PROCESSED,2720db8d8b056df6d52b827e6fe7bf38dfbcc2acb8f42bf9bc03817191c95f89
10449,101,38,0.37623762376237624,,True,False,False,4,6,53,91,38,0.5824175824175823,,9.693615661630016,1.4969481799909692,0.5422574928581844,3.9304624287124232,5.135950409807842,9.316099144230062,,91,0,True,3,1,6,6,0,0,11161.193723963623,,9657.947934331845,,RAW_WINDOWS_DT30_DISTANCE400_V1,101,97,4,0.9603960396039604,,97,9.693615661630016,1.5611862120652582,5.387601237277951,,7,5,3.3195836293771033e-10,2,0,0,1,3,2,10316.12081183919,NO_RAW_BREAK_CROSSING,P10,UNIFORM,PROCESSED,12a961e695e9d661015decdbee5c4b79de69e4ef6f3b2849e6d184dd5e550b37
2308,43,22,0.5116279069767442,,True,False,False,6,5,10,32,22,0.3125,,4.396012055481219,0.4625589239955044,0.0,1.739961398708587,2.5338705659544254,3.8265965820507097,,32,0,True,6,3,5,9,0,0,7228.53883803911,,4188.778422385414,,RAW_WINDOWS_DT30_DISTANCE400_V1,43,37,6,0.8604651162790697,,37,17.86860191570068,1.6932819235353094,8.22399639110876,,5,5,6.212842098194558e-10,5,0,0,5,6,3,4905.046997469017,NO_RAW_BREAK_CROSSING,R0,UNIFORM,PROCESSED,506347436a365dfcf52575224abc08e07cec336711fe9ecb83da82369171fab6
2308,43,28,0.6511627906976745,,True,False,False,0,5,10,38,28,0.26315789473684215,,4.396012055481219,0.38952330441726685,0.0,1.7012146453668908,2.5200610850345533,3.71638713558029,,38,0,True,6,0,5,15,0,0,7228.53883803911,,4868.696385790038,,RAW_WINDOWS_DT30_DISTANCE400_V1,43,43,0,1.0,,43,17.86860191570068,1.4570100272280568,7.880286012162241,,5,5,6.212842098194558e-10,5,0,0,0,6,6,4905.046997469017,NO_RAW_BREAK_CROSSING,S0,UNIFORM,PROCESSED,15486baf4cd9b8d0fae3a8f91c9414ea803565fef5c9e11b01954504134254d4
2308,43,28,0.6511627906976745,,True,False,False,0,5,10,38,28,0.26315789473684215,,4.396012055481219,0.38952330441726685,0.0,1.7012146453668908,2.5200610850345533,3.71638713558029,,38,0,True,6,0,5,15,0,0,7228.53883803911,,4868.696385790038,,RAW_WINDOWS_DT30_DISTANCE400_V1,43,43,0,1.0,,43,17.86860191570068,1.4570100272280568,7.880286012162241,,5,5,6.212842098194558e-10,5,0,0,0,6,6,4905.046997469017,NO_RAW_BREAK_CROSSING,S_POINTS2,UNIFORM,PROCESSED,aca06b30ce502503672430edb017e0f42b0fad6d8ae7b0a2e0915c6306868dee
2308,43,22,0.5116279069767442,,True,False,False,6,5,10,32,22,0.3125,,4.396012055481219,0.4625589239955044,0.0,1.739961398708587,2.5338705659544254,3.8265965820507097,,32,0,True,6,3,5,9,0,0,7228.53883803911,,4188.778422385414,,RAW_WINDOWS_DT30_DISTANCE400_V1,43,37,6,0.8604651162790697,,37,17.86860191570068,1.6932819235353094,8.22399639110876,,5,5,6.212842098194558e-10,5,0,0,5,6,3,4905.046997469017,NO_RAW_BREAK_CROSSING,S_LENGTH0,UNIFORM,PROCESSED,82827a99d556c66b16a922385e4bf98b30c0222b0f962a32e6896280709a822e
2308,43,21,0.4883720930232558,,True,False,False,6,1,15,36,21,0.41666666666666663,,4.537920216852451,0.6951173276611843,0.0,2.5361721461077376,3.0255700260645213,4.243060901697591,,36,0,True,6,3,1,9,0,0,7228.53883803911,,4206.55510572844,,RAW_WINDOWS_DT30_DISTANCE400_V1,43,37,6,0.8604651162790697,,37,17.86860191570068,1.1592655597703598,3.863956067927056,,1,5,6.212842098194558e-10,5,0,0,5,6,3,4905.046997469017,NO_RAW_BREAK_CROSSING,D60,UNIFORM,PROCESSED,d9906cb2b54e0047b2a4352e40f73ffabe714ff3e2533ddf30aa5670ba234f48
2308,43,25,0.5813953488372093,,True,False,False,6,5,7,32,25,0.21875,,1.5282495052425906,0.083582918682396,0.0,0.12317456743121319,0.4285544802148954,1.2808505546217308,,32,0,True,6,3,5,9,0,0,7228.53883803911,,4190.8111585528595,,RAW_WINDOWS_DT30_DISTANCE400_V1,43,37,6,0.8604651162790697,,37,17.478200702442308,1.3549675077710435,8.22399639110876,,5,5,6.212842098194558e-10,5,0,0,5,6,3,4905.046997469017,NO_RAW_BREAK_CROSSING,P2,UNIFORM,PROCESSED,c777ec06b3f8f107eb0552134118fea8cb393b41ec15fb7c11101b4e76164ab8
2308,43,18,0.4186046511627907,,True,False,False,6,5,14,32,18,0.4375,,8.82739236216124,1.84378811439055,0.0,6.766245052810629,7.717382462047375,8.59418050064121,,32,0,True,6,3,5,9,0,0,7228.53883803911,,4186.306498492343,,RAW_WINDOWS_DT30_DISTANCE400_V1,43,37,6,0.8604651162790697,,37,17.37264528920316,2.9418029379901847,9.390850459488439,,11,5,6.212842098194558e-10,5,0,0,5,6,3,4905.046997469017,NO_RAW_BREAK_CROSSING,P10,UNIFORM,PROCESSED,5ecc7a15a9c1599b071e665f58a8d631bd60ad95ffcd227fe7eda3e7e00d05df
11355,114,54,0.47368421052631576,,True,False,False,1,10,49,103,54,0.47572815533980584,,4.465713059835515,0.6598667523114231,0.0,1.7058633218671013,3.5076557864592743,4.107526757490613,,103,0,True,3,1,10,6,0,0,14994.585506866242,,7697.7759457222455,,RAW_WINDOWS_DT30_DISTANCE400_V1,114,113,1,0.9912280701754386,,113,21.860919954123066,1.3179597975406316,4.072860058300758,,4,5,2.475975158066758e-10,2,0,0,1,3,2,7775.403920411383,NO_RAW_BREAK_CROSSING,R0,UNIFORM,PROCESSED,9e1f73262c3325d9c17dbb61e9cefeabf1b6760af8c961368f57e75d099efbd8
11355,114,54,0.47368421052631576,,True,False,False,1,10,49,103,54,0.47572815533980584,,4.465713059835515,0.6598667523114231,0.0,1.7058633218671013,3.5076557864592743,4.107526757490613,,103,0,True,3,1,10,6,0,0,14994.585506866242,,7697.7759457222455,,RAW_WINDOWS_DT30_DISTANCE400_V1,114,113,1,0.9912280701754386,,113,21.860919954123066,1.3179597975406316,4.072860058300758,,4,5,2.475975158066758e-10,2,0,0,1,3,2,7775.403920411383,NO_RAW_BREAK_CROSSING,S0,UNIFORM,PROCESSED,492d7a9dec5ca3dd25f4ee8d096bae7d64d009b264fdaa15bbb020d5371f1f06
11355,114,54,0.47368421052631576,,True,False,False,1,10,49,103,54,0.47572815533980584,,4.465713059835515,0.6598667523114231,0.0,1.7058633218671013,3.5076557864592743,4.107526757490613,,103,0,True,3,1,10,6,0,0,14994.585506866242,,7697.7759457222455,,RAW_WINDOWS_DT30_DISTANCE400_V1,114,113,1,0.9912280701754386,,113,21.860919954123066,1.3179597975406316,4.072860058300758,,4,5,2.475975158066758e-10,2,0,0,1,3,2,7775.403920411383,NO_RAW_BREAK_CROSSING,S_POINTS2,UNIFORM,PROCESSED,eed501763b570606fe8f0b85ed547053892ac4c7e47723a489d8123280b33f8c
11355,114,54,0.47368421052631576,,True,False,False,1,10,49,103,54,0.47572815533980584,,4.465713059835515,0.6598667523114231,0.0,1.7058633218671013,3.5076557864592743,4.107526757490613,,103,0,True,3,1,10,6,0,0,14994.585506866242,,7697.7759457222455,,RAW_WINDOWS_DT30_DISTANCE400_V1,114,113,1,0.9912280701754386,,113,21.860919954123066,1.3179597975406316,4.072860058300758,,4,5,2.475975158066758e-10,2,0,0,1,3,2,7775.403920411383,NO_RAW_BREAK_CROSSING,S_LENGTH0,UNIFORM,PROCESSED,d9f6e6b765c03c1af58d70320c8ecbbbeb7d76eefcb9d7964f5c54f3f634941f
11355,114,55,0.4824561403508772,,True,False,False,1,5,53,108,55,0.4907407407407407,,4.465713059835515,0.6925704815607174,0.0,2.1912458992693944,3.4926800945682612,4.104538248939764,,108,0,True,3,1,5,6,0,0,14994.585506866242,,7704.051264289497,,RAW_WINDOWS_DT30_DISTANCE400_V1,114,113,1,0.9912280701754386,,113,21.860919954123066,1.1144436026408617,4.072860058300758,,4,5,2.475975158066758e-10,2,0,0,1,3,2,7775.403920411383,NO_RAW_BREAK_CROSSING,D60,UNIFORM,PROCESSED,db461031b7a20fd45c0744fdabebe26bb861238678d9f58e0eb0c6f3aa6b2624
11355,114,68,0.5964912280701754,,True,False,False,1,10,35,103,68,0.3398058252427184,,1.7560717599648672,0.2763122248057514,0.0,1.133659896074861,1.260452131715423,1.5073104255927072,,103,0,True,3,1,10,6,0,0,14994.585506866242,,7701.942837189101,,RAW_WINDOWS_DT30_DISTANCE400_V1,114,113,1,0.9912280701754386,,113,21.860919954123066,1.0147198555176027,3.1124524492249623,,5,5,2.475975158066758e-10,2,0,0,1,3,2,7775.403920411383,NO_RAW_BREAK_CROSSING,P2,UNIFORM,PROCESSED,0840217ed0463dea3e95023b3c7e871c824be8f424b134d7aab84ad66237bdee
11355,114,37,0.32456140350877194,,True,False,False,1,10,66,103,37,0.6407766990291262,,9.547228844172327,2.238276355225824,1.0186174273868223,6.050059617476604,8.485000392324185,9.326607355552643,,103,0,True,3,1,10,6,0,0,14994.585506866242,,7656.029034944708,,RAW_WINDOWS_DT30_DISTANCE400_V1,114,113,1,0.9912280701754386,,113,21.860919954123066,2.7385658928713545,9.317561920262165,,23,5,2.475975158066758e-10,2,0,0,1,3,2,7775.403920411383,NO_RAW_BREAK_CROSSING,P10,UNIFORM,PROCESSED,7dc5eeef43c1eff319b53c7e9169d703d30d44346422b36ff07c9f7cb45db4a3
3357,104,33,0.3173076923076923,,True,False,False,2,6,63,96,33,0.65625,,4.106485709768288,0.8425996486976097,0.4228555075156438,2.5668874288767425,3.02057824846666,3.9151792917860466,,96,0,True,6,1,6,15,0,0,15711.720413407385,,13211.267866547429,,RAW_WINDOWS_DT30_DISTANCE400_V1,104,102,2,0.9807692307692307,,102,90.05853344324127,3.512020648189977,3.888587305873778,,4,5,4.902497172775541e-10,5,0,0,1,6,5,13499.162345863691,NO_RAW_BREAK_CROSSING,R0,UNIFORM,PROCESSED,add1c305916ccbf4c6308aba2b8f2455011ba11d42aa6f160f4d8eaddf91b64c
3357,104,35,0.33653846153846156,,True,False,False,0,6,63,98,35,0.6428571428571428,,4.106485709768288,0.8254037374996993,0.38312894071617287,2.5433888904789828,3.0001999526581535,3.911151788249579,,98,0,True,6,0,6,17,0,0,15711.720413407385,,13383.294589585297,,RAW_WINDOWS_DT30_DISTANCE400_V1,104,104,0,1.0,,104,90.05853344324127,3.444481789570939,3.8555408517315897,,4,5,4.902497172775541e-10,5,0,0,0,6,6,13499.162345863691,NO_RAW_BREAK_CROSSING,S0,UNIFORM,PROCESSED,1c4c9b87646ec85fd1d6a5cd23bc2ae71f31f6bfa5fdb0419c668cb34b6d9243
3357,104,35,0.33653846153846156,,True,False,False,0,6,63,98,35,0.6428571428571428,,4.106485709768288,0.8254037374996993,0.38312894071617287,2.5433888904789828,3.0001999526581535,3.911151788249579,,98,0,True,6,0,6,17,0,0,15711.720413407385,,13383.294589585297,,RAW_WINDOWS_DT30_DISTANCE400_V1,104,104,0,1.0,,104,90.05853344324127,3.444481789570939,3.8555408517315897,,4,5,4.902497172775541e-10,5,0,0,0,6,6,13499.162345863691,NO_RAW_BREAK_CROSSING,S_POINTS2,UNIFORM,PROCESSED,27d59d83bd42b6456421c8517f0a37a9e936d0de660e65675187dc7821cc69d1
3357,104,33,0.3173076923076923,,True,False,False,2,6,63,96,33,0.65625,,4.106485709768288,0.8425996486976097,0.4228555075156438,2.5668874288767425,3.02057824846666,3.9151792917860466,,96,0,True,6,1,6,15,0,0,15711.720413407385,,13211.267866547429,,RAW_WINDOWS_DT30_DISTANCE400_V1,104,102,2,0.9807692307692307,,102,90.05853344324127,3.512020648189977,3.888587305873778,,4,5,4.902497172775541e-10,5,0,0,1,6,5,13499.162345863691,NO_RAW_BREAK_CROSSING,S_LENGTH0,UNIFORM,PROCESSED,d0c932458510508cda362d1731f62d974d80f1d7efc8df20617bc6b2a9e7e0f6
3357,104,37,0.3557692307692308,,True,False,False,2,2,63,100,37,0.63,,4.106485709768288,0.8088956627497054,0.36167823197495663,2.519890352081225,2.979821656849649,3.907124284713112,,100,0,True,6,1,2,15,0,0,15711.720413407385,,13321.632281881662,,RAW_WINDOWS_DT30_DISTANCE400_V1,104,102,2,0.9807692307692307,,102,4.106485709768288,0.7964295154408888,2.959810215159377,,0,5,4.902497172775541e-10,5,0,0,1,6,5,13499.162345863691,NO_RAW_BREAK_CROSSING,D60,UNIFORM,PROCESSED,9b3b3d5d96548c41886a02d0259a8fdf2abef19affc4eca780f5bcf5ac3e8716
3357,104,44,0.4230769230769231,,True,False,False,2,6,52,96,44,0.5416666666666667,,1.7415498387819612,0.3021911060461711,0.08920751872107907,0.9765994960129438,1.0730234601728559,1.7208915288672664,,96,0,True,6,1,6,15,0,0,15711.720413407385,,13211.783628198013,,RAW_WINDOWS_DT30_DISTANCE400_V1,104,102,2,0.9807692307692307,,102,90.05853344324127,3.0034008433415638,1.710815318251668,,4,5,4.902497172775541e-10,5,0,0,1,6,5,13499.162345863691,NO_RAW_BREAK_CROSSING,P2,UNIFORM,PROCESSED,fb4ce33c5afd3b57b3c4dd4e543cbc0cd6fd06b9d183f421b18fa05d880ecb82
3357,104,25,0.2403846153846154,,True,False,False,2,6,71,96,25,0.7395833333333333,,7.155269516465034,1.9044796500917458,1.0372234255101687,5.539772374307693,6.3306080249546,6.6351469883687795,,96,0,True,6,1,6,15,0,0,15711.720413407385,,13210.11757742201,,RAW_WINDOWS_DT30_DISTANCE400_V1,104,102,2,0.9807692307692307,,102,90.05853344324127,4.509441197284635,6.603997220797708,,18,5,4.902497172775541e-10,5,0,0,1,6,5,13499.162345863691,NO_RAW_BREAK_CROSSING,P10,UNIFORM,PROCESSED,16e7d35e43a11d2a44daf6f4b0e6cc22be4a10759920ea5a25d3bbcfd5f4a907
9779,107,47,0.4392523364485981,,True,False,False,0,9,51,98,47,0.5204081632653061,,4.632570541207613,1.1180859941417642,0.04896673205986464,3.7171526968900652,4.1436006595098185,4.5621200124521355,,98,0,True,1,0,9,3,0,0,7253.367656490969,,7218.0883125022165,,RAW_WINDOWS_DT30_DISTANCE400_V1,107,107,0,1.0,,107,13.573807986983613,1.3618493809277255,4.443536112216268,,2,5,2.452431161843668e-10,0,0,0,0,1,1,7253.367656490969,NO_RAW_BREAK_CROSSING,R0,UNIFORM,PROCESSED,be26e64748317a83f9386736d30dcde4e171f7af81194beb60a69ecd1d501610
9779,107,47,0.4392523364485981,,True,False,False,0,9,51,98,47,0.5204081632653061,,4.632570541207613,1.1180859941417642,0.04896673205986464,3.7171526968900652,4.1436006595098185,4.5621200124521355,,98,0,True,1,0,9,3,0,0,7253.367656490969,,7218.0883125022165,,RAW_WINDOWS_DT30_DISTANCE400_V1,107,107,0,1.0,,107,13.573807986983613,1.3618493809277255,4.443536112216268,,2,5,2.452431161843668e-10,0,0,0,0,1,1,7253.367656490969,NO_RAW_BREAK_CROSSING,S0,UNIFORM,PROCESSED,cf6dcfeedcaf3be06330feb38cc2a69c242d1a0a52b6481f1ad5a9f63934584d
9779,107,47,0.4392523364485981,,True,False,False,0,9,51,98,47,0.5204081632653061,,4.632570541207613,1.1180859941417642,0.04896673205986464,3.7171526968900652,4.1436006595098185,4.5621200124521355,,98,0,True,1,0,9,3,0,0,7253.367656490969,,7218.0883125022165,,RAW_WINDOWS_DT30_DISTANCE400_V1,107,107,0,1.0,,107,13.573807986983613,1.3618493809277255,4.443536112216268,,2,5,2.452431161843668e-10,0,0,0,0,1,1,7253.367656490969,NO_RAW_BREAK_CROSSING,S_POINTS2,UNIFORM,PROCESSED,7c1c8869ab64584c1a154b8c8a6c4d71795aa0992d1759312cc5996ebcbb7791
9779,107,47,0.4392523364485981,,True,False,False,0,9,51,98,47,0.5204081632653061,,4.632570541207613,1.1180859941417642,0.04896673205986464,3.7171526968900652,4.1436006595098185,4.5621200124521355,,98,0,True,1,0,9,3,0,0,7253.367656490969,,7218.0883125022165,,RAW_WINDOWS_DT30_DISTANCE400_V1,107,107,0,1.0,,107,13.573807986983613,1.3618493809277255,4.443536112216268,,2,5,2.452431161843668e-10,0,0,0,0,1,1,7253.367656490969,NO_RAW_BREAK_CROSSING,S_LENGTH0,UNIFORM,PROCESSED,88e64439a0f57e35dcae0b52243ee532f31f9ceb0d7dd819b05c2b908b9df06a
9779,107,52,0.48598130841121495,,True,False,False,0,2,53,105,52,0.5047619047619047,,4.559941130119491,1.015269835611268,0.03050446411204552,3.497745726887713,4.105155743057352,4.38146232967952,,105,0,True,1,0,2,3,0,0,7253.367656490969,,7233.736666216888,,RAW_WINDOWS_DT30_DISTANCE400_V1,107,107,0,1.0,,107,4.559941130119491,1.0374523996360925,4.104323383823259,,0,5,2.452431161843668e-10,0,0,0,0,1,1,7253.367656490969,NO_RAW_BREAK_CROSSING,D60,UNIFORM,PROCESSED,b3ae23a51d51b364dd278bbdaa650d1dc569eced24402118f0047d241bf0e778
9779,107,64,0.5981308411214953,,True,False,False,0,9,34,98,64,0.34693877551020413,,1.6774270850758943,0.2189682794014502,0.0,1.029954053994511,1.3517206693993609,1.6262990048287835,,98,0,True,1,0,9,3,0,0,7253.367656490969,,7234.148811282959,,RAW_WINDOWS_DT30_DISTANCE400_V1,107,107,0,1.0,,107,13.573807986983613,0.48887117270714736,1.5314717136542584,,2,5,2.452431161843668e-10,0,0,0,0,1,1,7253.367656490969,NO_RAW_BREAK_CROSSING,P2,UNIFORM,PROCESSED,c3587833ccb3d00489f10494e52e01a6664badf8dd44c839a680e536b2882945
9779,107,32,0.29906542056074764,,True,False,False,0,9,66,98,32,0.6734693877551021,,9.657420041980787,2.670674054891839,2.0638621629877205,6.545410621278831,7.373869042967867,8.819139391540624,,98,0,True,1,0,9,3,0,0,7253.367656490969,,7179.738266659505,,RAW_WINDOWS_DT30_DISTANCE400_V1,107,107,0,1.0,,107,13.573807986983613,3.031379266665559,8.348240856583548,,26,5,2.452431161843668e-10,0,0,0,0,1,1,7253.367656490969,NO_RAW_BREAK_CROSSING,P10,UNIFORM,PROCESSED,89139ccf4bb468249fb39b6164fd03ad9b535f4cd26588938155d7d4b5f0137f
4773,102,73,0.7156862745098039,,True,False,False,0,0,29,102,73,0.28431372549019607,,4.6552723859854925,0.3961757097242402,0.0,1.3737185867200572,2.2145538752844978,3.084626177012438,,102,0,True,11,0,0,33,0,0,22223.084636732096,,17797.20809221183,,RAW_WINDOWS_DT30_DISTANCE400_V1,102,102,0,1.0,,102,4.6552723859854925,0.3961757097242402,2.2145538752844978,,0,5,2.8641813787728355e-10,10,0,0,0,11,11,17797.53341333436,NO_RAW_BREAK_CROSSING,R0,UNIFORM,PROCESSED,7b0698a519528b97bd033e03cfacac2eddfbaa008b374c880d86516d4563236c
4773,102,73,0.7156862745098039,,True,False,False,0,0,29,102,73,0.28431372549019607,,4.6552723859854925,0.3961757097242402,0.0,1.3737185867200572,2.2145538752844978,3.084626177012438,,102,0,True,11,0,0,33,0,0,22223.084636732096,,17797.20809221183,,RAW_WINDOWS_DT30_DISTANCE400_V1,102,102,0,1.0,,102,4.6552723859854925,0.3961757097242402,2.2145538752844978,,0,5,2.8641813787728355e-10,10,0,0,0,11,11,17797.53341333436,NO_RAW_BREAK_CROSSING,S0,UNIFORM,PROCESSED,22f8678a3d4e959cb0625f96de23d612291971d22bc4e20d003ca9808ff3ba01
4773,102,73,0.7156862745098039,,True,False,False,0,0,29,102,73,0.28431372549019607,,4.6552723859854925,0.3961757097242402,0.0,1.3737185867200572,2.2145538752844978,3.084626177012438,,102,0,True,11,0,0,33,0,0,22223.084636732096,,17797.20809221183,,RAW_WINDOWS_DT30_DISTANCE400_V1,102,102,0,1.0,,102,4.6552723859854925,0.3961757097242402,2.2145538752844978,,0,5,2.8641813787728355e-10,10,0,0,0,11,11,17797.53341333436,NO_RAW_BREAK_CROSSING,S_POINTS2,UNIFORM,PROCESSED,3adc2a87be2aaf729493f5f975876c78fa3eaea0ec46e193a5dec99ab4b71f6a
4773,102,73,0.7156862745098039,,True,False,False,0,0,29,102,73,0.28431372549019607,,4.6552723859854925,0.3961757097242402,0.0,1.3737185867200572,2.2145538752844978,3.084626177012438,,102,0,True,11,0,0,33,0,0,22223.084636732096,,17797.20809221183,,RAW_WINDOWS_DT30_DISTANCE400_V1,102,102,0,1.0,,102,4.6552723859854925,0.3961757097242402,2.2145538752844978,,0,5,2.8641813787728355e-10,10,0,0,0,11,11,17797.53341333436,NO_RAW_BREAK_CROSSING,S_LENGTH0,UNIFORM,PROCESSED,b6cc931508505e7b3b89871ce1ff0301d07c43e32198c91797595c3036c660cb
4773,102,73,0.7156862745098039,,True,False,False,0,0,29,102,73,0.28431372549019607,,4.6552723859854925,0.3961757097242402,0.0,1.3737185867200572,2.2145538752844978,3.084626177012438,,102,0,True,11,0,0,33,0,0,22223.084636732096,,17797.20809221183,,RAW_WINDOWS_DT30_DISTANCE400_V1,102,102,0,1.0,,102,4.6552723859854925,0.3961757097242402,2.2145538752844978,,0,5,2.8641813787728355e-10,10,0,0,0,11,11,17797.53341333436,NO_RAW_BREAK_CROSSING,D60,UNIFORM,PROCESSED,9669647ca9727f08dc66e6c29af0aeeb0e7657f3f3e278016e86c2b188ba9a11
4773,102,78,0.7647058823529411,,True,False,False,0,0,24,102,78,0.23529411764705888,,1.7249491263894965,0.22807274332424626,0.0,1.1499689083666498,1.3244032933645933,1.713919011391362,,102,0,True,11,0,0,33,0,0,22223.084636732096,,17797.419087209983,,RAW_WINDOWS_DT30_DISTANCE400_V1,102,102,0,1.0,,102,1.7249491263894965,0.22807274332424626,1.3244032933645933,,0,5,2.8641813787728355e-10,10,0,0,0,11,11,17797.53341333436,NO_RAW_BREAK_CROSSING,P2,UNIFORM,PROCESSED,fcb400ee8a1a36232d78bc1e2a4b4ce288c703e9ee1d031fabcb8ba3632e79bb
4773,102,64,0.6274509803921569,,True,False,False,0,0,38,102,64,0.37254901960784315,,8.438239305816063,1.0253654996360486,0.0,3.0503672278639082,6.295284164702777,8.08452650410088,,102,0,True,11,0,0,33,0,0,22223.084636732096,,17792.911700220957,,RAW_WINDOWS_DT30_DISTANCE400_V1,102,102,0,1.0,,102,8.438239305816063,1.0253654996360486,6.295284164702777,,9,5,2.8641813787728355e-10,10,0,0,0,11,11,17797.53341333436,NO_RAW_BREAK_CROSSING,P10,UNIFORM,PROCESSED,4fa8ee4c0996efa0d7f7f2656e9daa5c667a5d967a2c4bf9ba6f99fe2ba9b999
3291,96,28,0.2916666666666667,,True,False,False,3,12,53,81,28,0.654320987654321,,4.6665361113548744,1.190913088956871,0.6599722929118521,3.5862403219741266,3.921996555095428,4.531914830865769,,81,0,True,3,1,12,6,0,0,6228.522818358746,,4755.2826000080195,,RAW_WINDOWS_DT30_DISTANCE400_V1,96,93,3,0.96875,,93,13.201318699660023,1.4970579994555568,4.420751744254626,,3,5,1.9821480294905037e-10,2,0,0,1,3,2,5300.583574445352,NO_RAW_BREAK_CROSSING,R0,UNIFORM,PROCESSED,d776982dc57acd133cad2b9fbccd0669f50ac092dbf64d2591ee9de52dbf2ad1
3291,96,31,0.3229166666666667,,True,False,False,0,12,53,84,31,0.6309523809523809,,4.6665361113548744,1.1483804786369827,0.5243592140629263,3.4884439496949806,3.9099550024711873,4.526866532847428,,84,0,True,3,0,12,9,0,0,6228.522818358746,,5178.925508082837,,RAW_WINDOWS_DT30_DISTANCE400_V1,96,96,0,1.0,,96,13.201318699660023,1.4502749369725707,4.401374802632411,,3,5,1.9821480294905037e-10,2,0,0,0,3,3,5300.583574445352,NO_RAW_BREAK_CROSSING,S0,UNIFORM,PROCESSED,0cdf4c6f093924acbd3238be5d3badfea86177ed7c9336132155ec0d08332d13
3291,96,31,0.3229166666666667,,True,False,False,0,12,53,84,31,0.6309523809523809,,4.6665361113548744,1.1483804786369827,0.5243592140629263,3.4884439496949806,3.9099550024711873,4.526866532847428,,84,0,True,3,0,12,9,0,0,6228.522818358746,,5178.925508082837,,RAW_WINDOWS_DT30_DISTANCE400_V1,96,96,0,1.0,,96,13.201318699660023,1.4502749369725707,4.401374802632411,,3,5,1.9821480294905037e-10,2,0,0,0,3,3,5300.583574445352,NO_RAW_BREAK_CROSSING,S_POINTS2,UNIFORM,PROCESSED,3d55511692d22b97e808d9525cc9fcf90a86cbaae5f688dd0beda9d83357069f
3291,96,28,0.2916666666666667,,True,False,False,3,12,53,81,28,0.654320987654321,,4.6665361113548744,1.190913088956871,0.6599722929118521,3.5862403219741266,3.921996555095428,4.531914830865769,,81,0,True,3,1,12,6,0,0,6228.522818358746,,4755.2826000080195,,RAW_WINDOWS_DT30_DISTANCE400_V1,96,93,3,0.96875,,93,13.201318699660023,1.4970579994555568,4.420751744254626,,3,5,1.9821480294905037e-10,2,0,0,1,3,2,5300.583574445352,NO_RAW_BREAK_CROSSING,S_LENGTH0,UNIFORM,PROCESSED,f88487815721e06d479b522cc2a33df26df3c1a38c7bd66a064a752915e64c99
3291,96,28,0.2916666666666667,,True,False,False,3,10,55,83,28,0.6626506024096386,,4.6665361113548744,1.1864363704325334,0.6599722929118521,3.5210427404546945,3.9805804166051213,4.528549298853539,,83,0,True,3,1,10,6,0,0,6228.522818358746,,4761.229366331699,,RAW_WINDOWS_DT30_DISTANCE400_V1,96,93,3,0.96875,,93,7.2376437295632305,1.3741874043258644,4.152579637964876,,2,5,1.9821480294905037e-10,2,0,0,1,3,2,5300.583574445352,NO_RAW_BREAK_CROSSING,D60,UNIFORM,PROCESSED,d94797492de7d6779baf67331bcd843aab5d91dbc705d703b4301980808e7852
3291,96,45,0.46875,,True,False,False,3,12,36,81,45,0.4444444444444444,,1.920073552747294,0.32385102676240524,0.0,1.0870256108171144,1.3614889030946986,1.7053535514067986,,81,0,True,3,1,12,6,0,0,6228.522818358746,,4769.758229665661,,RAW_WINDOWS_DT30_DISTANCE400_V1,96,93,3,0.96875,,93,13.201318699660023,0.9355267256045898,5.970082518503247,,6,5,1.9821480294905037e-10,2,0,0,1,3,2,5300.583574445352,NO_RAW_BREAK_CROSSING,P2,UNIFORM,PROCESSED,b52d1a34d216827fbbe7d003c3504a5e3e183310f832e0559815b83a5b97c428
3291,96,20,0.20833333333333334,,True,False,False,3,12,61,81,20,0.7530864197530864,,9.063374484999384,1.8524526772778063,1.2683739128182077,4.053637399893979,4.6665361113548744,8.304645091979433,,81,0,True,3,1,12,6,0,0,6228.522818358746,,4589.128418223729,,RAW_WINDOWS_DT30_DISTANCE400_V1,96,93,3,0.96875,,93,14.502834661626078,1.9952405452564856,5.393906076853459,,6,5,1.9821480294905037e-10,2,0,0,1,3,2,5300.583574445352,NO_RAW_BREAK_CROSSING,P10,UNIFORM,PROCESSED,f15f4d4723ccb46fc4ade476e1d9c2a77493bf2b1ff65ce449313895a2b7fa0c
10433,100,76,0.76,,True,False,False,9,0,15,91,76,0.1648351648351648,,4.805026533949225,0.4200686457173039,0.0,1.7136874819081829,3.7555105995540474,4.580697425900753,,91,0,True,20,3,0,51,0,0,32158.604777686105,,20000.073754189652,,RAW_WINDOWS_DT30_DISTANCE400_V1,100,91,9,0.91,,91,4.805026533949225,0.4200686457173039,3.7555105995540474,,0,5,6.533894170633158e-10,19,0,0,4,20,17,21587.895724716065,NO_RAW_BREAK_CROSSING,R0,UNIFORM,PROCESSED,a0c8120921e3a211d7a1d091b38faa8f2397675dc76dd1c50cfd252d14ef9729
10433,100,84,0.84,,True,False,False,0,0,16,100,84,0.16000000000000003,,4.805026533949225,0.3912573084611582,0.0,1.6285215060931981,3.629601376171318,4.5582645150959085,,100,0,True,20,0,0,59,0,0,32158.604777686105,,21587.382915775193,,RAW_WINDOWS_DT30_DISTANCE400_V1,100,100,0,1.0,,100,4.805026533949225,0.3912573084611582,3.629601376171318,,0,5,6.533894170633158e-10,19,0,0,0,20,20,21587.895724716065,NO_RAW_BREAK_CROSSING,S0,UNIFORM,PROCESSED,e93ce3069c83b479156e6edb0f1806cdf5401061d43561764d0dfa3b37124a18
10433,100,84,0.84,,True,False,False,0,0,16,100,84,0.16000000000000003,,4.805026533949225,0.3912573084611582,0.0,1.6285215060931981,3.629601376171318,4.5582645150959085,,100,0,True,20,0,0,59,0,0,32158.604777686105,,21587.382915775193,,RAW_WINDOWS_DT30_DISTANCE400_V1,100,100,0,1.0,,100,4.805026533949225,0.3912573084611582,3.629601376171318,,0,5,6.533894170633158e-10,19,0,0,0,20,20,21587.895724716065,NO_RAW_BREAK_CROSSING,S_POINTS2,UNIFORM,PROCESSED,e5970b96d7f44ded422f18d65d0c316eb545e0d30ee759b42f6173a1f80f66f5
10433,100,76,0.76,,True,False,False,9,0,15,91,76,0.1648351648351648,,4.805026533949225,0.4200686457173039,0.0,1.7136874819081829,3.7555105995540474,4.580697425900753,,91,0,True,20,3,0,51,0,0,32158.604777686105,,20000.073754189652,,RAW_WINDOWS_DT30_DISTANCE400_V1,100,91,9,0.91,,91,4.805026533949225,0.4200686457173039,3.7555105995540474,,0,5,6.533894170633158e-10,19,0,0,4,20,17,21587.895724716065,NO_RAW_BREAK_CROSSING,S_LENGTH0,UNIFORM,PROCESSED,c2a66f7bf8294860f17f39604e44d733d5c674667619d80514e2627ff0369ce3
10433,100,76,0.76,,True,False,False,9,0,15,91,76,0.1648351648351648,,4.805026533949225,0.4200686457173039,0.0,1.7136874819081829,3.7555105995540474,4.580697425900753,,91,0,True,20,3,0,51,0,0,32158.604777686105,,20000.073754189652,,RAW_WINDOWS_DT30_DISTANCE400_V1,100,91,9,0.91,,91,4.805026533949225,0.4200686457173039,3.7555105995540474,,0,5,6.533894170633158e-10,19,0,0,4,20,17,21587.895724716065,NO_RAW_BREAK_CROSSING,D60,UNIFORM,PROCESSED,41c425c1d7588422fce9661c10948b5a22fa9e7ee40b510d85047f0d71599118
10433,100,85,0.85,,True,False,False,9,0,6,91,85,0.06593406593406592,,1.8184312724422964,0.05003571808574483,0.0,0.0,0.15262306741460502,1.4263090240301588,,91,0,True,20,3,0,51,0,0,32158.604777686105,,20000.561342006553,,RAW_WINDOWS_DT30_DISTANCE400_V1,100,91,9,0.91,,91,1.8184312724422964,0.05003571808574483,0.15262306741460502,,0,5,6.533894170633158e-10,19,0,0,4,20,17,21587.895724716065,NO_RAW_BREAK_CROSSING,P2,UNIFORM,PROCESSED,97d10bca7d6dfd53a2fbe97a3a0f56a780552496c81f8d0c4ef1224b35cbbad9
10433,100,60,0.6,,True,False,False,9,0,31,91,60,0.34065934065934067,,7.1492843521771805,1.5603920425838596,0.0,6.061372733510133,6.489238423906309,6.936199049584736,,91,0,True,20,3,0,51,0,0,32158.604777686105,,19997.903650811702,,RAW_WINDOWS_DT30_DISTANCE400_V1,100,91,9,0.91,,91,7.1492843521771805,1.5603920425838596,6.489238423906309,,17,5,6.533894170633158e-10,19,0,0,4,20,17,21587.895724716065,NO_RAW_BREAK_CROSSING,P10,UNIFORM,PROCESSED,d201731f4a7251b216112bf1c1391bc65dcd4bac7d1349159162375d4396da6c
9994,111,34,0.3063063063063063,,True,False,False,1,12,64,98,34,0.653061224489796,,4.522920561453686,1.0736317375305267,0.6098309648539514,3.019847598387394,3.416879851086945,4.157592274837537,,98,0,True,2,1,12,3,0,0,6847.185805922494,,6291.545608887521,,RAW_WINDOWS_DT30_DISTANCE400_V1,111,110,1,0.990990990990991,,110,51.5592520708331,2.5483775161655955,5.186178768211381,,6,5,2.4696017854709284e-10,1,0,0,1,2,1,6393.879401351025,NO_RAW_BREAK_CROSSING,R0,UNIFORM,PROCESSED,946f2a85855d616cef284223814cd4142c30504ef0bc96ff00dee034b82811d4
9994,111,34,0.3063063063063063,,True,False,False,1,12,64,98,34,0.653061224489796,,4.522920561453686,1.0736317375305267,0.6098309648539514,3.019847598387394,3.416879851086945,4.157592274837537,,98,0,True,2,1,12,3,0,0,6847.185805922494,,6291.545608887521,,RAW_WINDOWS_DT30_DISTANCE400_V1,111,110,1,0.990990990990991,,110,51.5592520708331,2.5483775161655955,5.186178768211381,,6,5,2.4696017854709284e-10,1,0,0,1,2,1,6393.879401351025,NO_RAW_BREAK_CROSSING,S0,UNIFORM,PROCESSED,8adc11c67782ba77c7ade815493c0c2dd7a206d4207c2ae395e91e7bc87c4312
9994,111,34,0.3063063063063063,,True,False,False,1,12,64,98,34,0.653061224489796,,4.522920561453686,1.0736317375305267,0.6098309648539514,3.019847598387394,3.416879851086945,4.157592274837537,,98,0,True,2,1,12,3,0,0,6847.185805922494,,6291.545608887521,,RAW_WINDOWS_DT30_DISTANCE400_V1,111,110,1,0.990990990990991,,110,51.5592520708331,2.5483775161655955,5.186178768211381,,6,5,2.4696017854709284e-10,1,0,0,1,2,1,6393.879401351025,NO_RAW_BREAK_CROSSING,S_POINTS2,UNIFORM,PROCESSED,e37b86852008ef06c8dceb2f2733fffeaeeaa19c8766c1bd6be62d1c9f95d5e2
9994,111,34,0.3063063063063063,,True,False,False,1,12,64,98,34,0.653061224489796,,4.522920561453686,1.0736317375305267,0.6098309648539514,3.019847598387394,3.416879851086945,4.157592274837537,,98,0,True,2,1,12,3,0,0,6847.185805922494,,6291.545608887521,,RAW_WINDOWS_DT30_DISTANCE400_V1,111,110,1,0.990990990990991,,110,51.5592520708331,2.5483775161655955,5.186178768211381,,6,5,2.4696017854709284e-10,1,0,0,1,2,1,6393.879401351025,NO_RAW_BREAK_CROSSING,S_LENGTH0,UNIFORM,PROCESSED,36f1e78c1a5e8e1e79c18617d0c66d745bd691e8c4b79d8a68f1190339466aab
9994,111,40,0.36036036036036034,,True,False,False,1,5,65,105,40,0.6190476190476191,,4.606794457226841,1.0897377580640626,0.5489052087819838,3.1238392393076397,3.7441658981987707,4.512827096164067,,105,0,True,2,1,5,3,0,0,6847.185805922494,,6364.823585392897,,RAW_WINDOWS_DT30_DISTANCE400_V1,111,110,1,0.990990990990991,,110,5.340539853504689,1.1800518459345175,4.007687736468163,,1,5,2.4696017854709284e-10,1,0,0,1,2,1,6393.879401351025,NO_RAW_BREAK_CROSSING,D60,UNIFORM,PROCESSED,8edd469ee1304a65ff2263310e5bf82118db46a97ac7e6d39fb7f74808ece4ed
9994,111,50,0.45045045045045046,,True,False,False,1,12,48,98,50,0.4897959183673469,,1.8661950592817964,0.3445463179117264,0.0,1.2140354697844804,1.3331706109230896,1.7875551495287727,,98,0,True,2,1,12,3,0,0,6847.185805922494,,6296.403625349482,,RAW_WINDOWS_DT30_DISTANCE400_V1,111,110,1,0.990990990990991,,110,51.5592520708331,1.8793271413306416,5.186178768211381,,6,5,2.4696017854709284e-10,1,0,0,1,2,1,6393.879401351025,NO_RAW_BREAK_CROSSING,P2,UNIFORM,PROCESSED,30b6f3c2cd1dfbc3969e8586cf017be4c3ed5a1869b92fa9671c305fa124d96b
9994,111,24,0.21621621621621623,,True,False,False,1,12,74,98,24,0.7551020408163265,,9.77565141821831,2.5793143263903606,1.7529469525279064,6.675181274643856,7.617407256348351,8.15260966734371,,98,0,True,2,1,12,3,0,0,6847.185805922494,,6276.6249199211725,,RAW_WINDOWS_DT30_DISTANCE400_V1,111,110,1,0.990990990990991,,110,51.5592520708331,3.972234376277009,8.135458276621371,,32,5,2.4696017854709284e-10,1,0,0,1,2,1,6393.879401351025,NO_RAW_BREAK_CROSSING,P10,UNIFORM,PROCESSED,279a49ee6f98638c56d0185719ca7df0d5bcec23e204b481f687da01d834c7ab
1944,109,42,0.3853211009174312,,True,False,False,0,8,59,101,42,0.5841584158415842,,4.822228467808981,0.939460559455096,0.5562343999525187,2.9528006539741445,3.8548698696887604,4.591366264751794,,101,0,True,1,0,8,9,0,0,7701.546173730246,,7582.156304404984,,RAW_WINDOWS_DT30_DISTANCE400_V1,109,109,0,1.0,,109,26.499835320721917,1.4749253528851227,4.729883586586105,,5,5,2.1462816317068253e-10,0,0,0,0,1,1,7701.546173730246,NO_RAW_BREAK_CROSSING,R0,UNIFORM,PROCESSED,6947b39dd1b468dea4fdb297e4fd68f1f1d5dd5f45a649ec51a9ab18c814e4b9
1944,109,42,0.3853211009174312,,True,False,False,0,8,59,101,42,0.5841584158415842,,4.822228467808981,0.939460559455096,0.5562343999525187,2.9528006539741445,3.8548698696887604,4.591366264751794,,101,0,True,1,0,8,9,0,0,7701.546173730246,,7582.156304404984,,RAW_WINDOWS_DT30_DISTANCE400_V1,109,109,0,1.0,,109,26.499835320721917,1.4749253528851227,4.729883586586105,,5,5,2.1462816317068253e-10,0,0,0,0,1,1,7701.546173730246,NO_RAW_BREAK_CROSSING,S0,UNIFORM,PROCESSED,c9d2e48a7f1963e3538bd89813152015b66d967f95891fce850856fe709379e9
1944,109,42,0.3853211009174312,,True,False,False,0,8,59,101,42,0.5841584158415842,,4.822228467808981,0.939460559455096,0.5562343999525187,2.9528006539741445,3.8548698696887604,4.591366264751794,,101,0,True,1,0,8,9,0,0,7701.546173730246,,7582.156304404984,,RAW_WINDOWS_DT30_DISTANCE400_V1,109,109,0,1.0,,109,26.499835320721917,1.4749253528851227,4.729883586586105,,5,5,2.1462816317068253e-10,0,0,0,0,1,1,7701.546173730246,NO_RAW_BREAK_CROSSING,S_POINTS2,UNIFORM,PROCESSED,ece34dbdf1f9c3642ba33b5cfe5fcb807f9e58136dffeaa8b59c70e5444b72b1
1944,109,42,0.3853211009174312,,True,False,False,0,8,59,101,42,0.5841584158415842,,4.822228467808981,0.939460559455096,0.5562343999525187,2.9528006539741445,3.8548698696887604,4.591366264751794,,101,0,True,1,0,8,9,0,0,7701.546173730246,,7582.156304404984,,RAW_WINDOWS_DT30_DISTANCE400_V1,109,109,0,1.0,,109,26.499835320721917,1.4749253528851227,4.729883586586105,,5,5,2.1462816317068253e-10,0,0,0,0,1,1,7701.546173730246,NO_RAW_BREAK_CROSSING,S_LENGTH0,UNIFORM,PROCESSED,dad27b523a5815a281464a8e6369de84d6010e8602d676b728e45fab478f205c
1944,109,42,0.3853211009174312,,True,False,False,0,5,62,104,42,0.5961538461538461,,4.822228467808981,0.8990527102019461,0.5553449478234842,2.6069484488146304,3.80942588241456,4.5908627470694725,,104,0,True,1,0,5,9,0,0,7701.546173730246,,7634.872820563671,,RAW_WINDOWS_DT30_DISTANCE400_V1,109,109,0,1.0,,109,15.86512318344935,1.1984637243523246,4.58465269565418,,4,5,2.1462816317068253e-10,0,0,0,0,1,1,7701.546173730246,NO_RAW_BREAK_CROSSING,D60,UNIFORM,PROCESSED,71d93f8ce0d8ce1f85b101bcd867758772f3b974f161b5ca9b305fae87df272b
1944,109,54,0.4954128440366973,,True,False,False,0,8,47,101,54,0.4653465346534653,,1.9642237810013838,0.43374692258066655,0.0,1.1983786326557897,1.5763179375637397,1.9285219932820632,,101,0,True,1,0,8,9,0,0,7701.546173730246,,7593.911444485091,,RAW_WINDOWS_DT30_DISTANCE400_V1,109,109,0,1.0,,109,26.499835320721917,0.96999115205976,1.9499430659136554,,4,5,2.1462816317068253e-10,0,0,0,0,1,1,7701.546173730246,NO_RAW_BREAK_CROSSING,P2,UNIFORM,PROCESSED,70c70a022a44bac17b3577ac30adf6e675c6d1333902e6f3907d7478512a8a93
1944,109,33,0.30275229357798167,,True,False,False,0,8,68,101,33,0.6732673267326732,,9.939618687883351,2.1171121185717277,1.1214397501512887,6.21497153080615,7.796612275991676,8.329539083911662,,101,0,True,1,0,8,9,0,0,7701.546173730246,,7561.622854852941,,RAW_WINDOWS_DT30_DISTANCE400_V1,109,109,0,1.0,,109,26.499835320721917,2.567351151986534,8.167647276222993,,22,5,2.1462816317068253e-10,0,0,0,0,1,1,7701.546173730246,NO_RAW_BREAK_CROSSING,P10,UNIFORM,PROCESSED,e4adba00d7d7df851b6e0992140b76ef115ecee112dd3b5b0254b572d5b8438d
8430,119,28,0.23529411764705882,,True,False,False,0,7,84,112,28,0.75,,4.64974207926895,1.276162902356724,1.0624508905227374,2.9364262604431604,3.638632336183564,4.596818678104138,,112,0,True,1,0,7,66,0,0,4778.265356175104,,4694.810666228302,,RAW_WINDOWS_DT30_DISTANCE400_V1,119,119,0,1.0,,119,45.932671135374186,1.9468060863606467,4.4401356345361895,,3,5,2.37710250844155e-10,0,0,0,0,1,1,4778.265356175104,NO_RAW_BREAK_CROSSING,R0,UNIFORM,PROCESSED,c03a2cd7ec69ad195adcc2e4d668058625bb3c326da0d585b78399afd5f5ce2d
8430,119,28,0.23529411764705882,,True,False,False,0,7,84,112,28,0.75,,4.64974207926895,1.276162902356724,1.0624508905227374,2.9364262604431604,3.638632336183564,4.596818678104138,,112,0,True,1,0,7,66,0,0,4778.265356175104,,4694.810666228302,,RAW_WINDOWS_DT30_DISTANCE400_V1,119,119,0,1.0,,119,45.932671135374186,1.9468060863606467,4.4401356345361895,,3,5,2.37710250844155e-10,0,0,0,0,1,1,4778.265356175104,NO_RAW_BREAK_CROSSING,S0,UNIFORM,PROCESSED,868bf82cc8686c654fa6dd835b727788d3bd8cf9f382850eea6b82458fe4d7cf
8430,119,28,0.23529411764705882,,True,False,False,0,7,84,112,28,0.75,,4.64974207926895,1.276162902356724,1.0624508905227374,2.9364262604431604,3.638632336183564,4.596818678104138,,112,0,True,1,0,7,66,0,0,4778.265356175104,,4694.810666228302,,RAW_WINDOWS_DT30_DISTANCE400_V1,119,119,0,1.0,,119,45.932671135374186,1.9468060863606467,4.4401356345361895,,3,5,2.37710250844155e-10,0,0,0,0,1,1,4778.265356175104,NO_RAW_BREAK_CROSSING,S_POINTS2,UNIFORM,PROCESSED,fc92b80d0232d547ec8dd30d2b818e651d3902d8af2c93e5c5735549bba189ed
8430,119,28,0.23529411764705882,,True,False,False,0,7,84,112,28,0.75,,4.64974207926895,1.276162902356724,1.0624508905227374,2.9364262604431604,3.638632336183564,4.596818678104138,,112,0,True,1,0,7,66,0,0,4778.265356175104,,4694.810666228302,,RAW_WINDOWS_DT30_DISTANCE400_V1,119,119,0,1.0,,119,45.932671135374186,1.9468060863606467,4.4401356345361895,,3,5,2.37710250844155e-10,0,0,0,0,1,1,4778.265356175104,NO_RAW_BREAK_CROSSING,S_LENGTH0,UNIFORM,PROCESSED,a7d6a910cb4513307b85c8d2c5864fe050465f3f53bdb084f61c7ac61b970a7a
8430,119,31,0.2605042016806723,,True,False,False,0,0,88,119,31,0.7394957983193278,,4.64974207926895,1.2205217788066032,1.0092860149787362,2.941630727295124,3.3196758693105988,4.5353231720655405,,119,0,True,1,0,0,66,0,0,4778.265356175104,,4756.187804726615,,RAW_WINDOWS_DT30_DISTANCE400_V1,119,119,0,1.0,,119,4.64974207926895,1.2205217788066032,3.3196758693105988,,0,5,2.37710250844155e-10,0,0,0,0,1,1,4778.265356175104,NO_RAW_BREAK_CROSSING,D60,UNIFORM,PROCESSED,8a76cafdec866884eed4fba5c3fb886373c58176dfd5e09ad43d4c5dc8fbf911
8430,119,44,0.3697478991596639,,True,False,False,0,7,68,112,44,0.6071428571428572,,1.9732901673487546,0.21690212497112843,0.0,0.862161570924907,1.0092860149787362,1.3800486180492464,,112,0,True,1,0,7,66,0,0,4778.265356175104,,4708.2159605571505,,RAW_WINDOWS_DT30_DISTANCE400_V1,119,119,0,1.0,,119,45.932671135374186,0.9309872390739992,1.4197580011568829,,2,5,2.37710250844155e-10,0,0,0,0,1,1,4778.265356175104,NO_RAW_BREAK_CROSSING,P2,UNIFORM,PROCESSED,da285805bd5b1aff98ece78490f6913c7c9cbc98e9dfc51b6d96362cf66e979f
8430,119,18,0.15126050420168066,,True,False,False,0,7,94,112,18,0.8392857142857143,,9.61954731666674,2.7605890104543005,1.829139205149459,6.854516637984977,6.911619747425108,8.183083894086243,,112,0,True,1,0,7,66,0,0,4778.265356175104,,4689.930259115224,,RAW_WINDOWS_DT30_DISTANCE400_V1,119,119,0,1.0,,119,37.28313250324165,3.2233710117024033,7.295222346389164,,33,5,2.37710250844155e-10,0,0,0,0,1,1,4778.265356175104,NO_RAW_BREAK_CROSSING,P10,UNIFORM,PROCESSED,5208dc09c09273ba69fd62067cbee48e87b24e048f70724dbfd2011af609619b
1860,114,40,0.3508771929824561,,True,False,False,0,6,68,108,40,0.6296296296296297,,4.923429558085217,1.1833733828973838,0.5114324530059291,3.495797450004419,4.092572140812726,4.817106082395296,,108,0,True,1,0,6,15,0,0,8490.425841959728,,8453.868342604126,,RAW_WINDOWS_DT30_DISTANCE400_V1,114,114,0,1.0,,114,28.794151216274006,1.7462094923852047,4.854319298886767,,5,5,1.2767853843463736e-10,0,0,0,0,1,1,8490.425841959728,NO_RAW_BREAK_CROSSING,R0,UNIFORM,PROCESSED,9e8c27e34192b6b3a49e704aa5b9161d98e6101aec48bfe3577edd84e0084a3c
1860,114,40,0.3508771929824561,,True,False,False,0,6,68,108,40,0.6296296296296297,,4.923429558085217,1.1833733828973838,0.5114324530059291,3.495797450004419,4.092572140812726,4.817106082395296,,108,0,True,1,0,6,15,0,0,8490.425841959728,,8453.868342604126,,RAW_WINDOWS_DT30_DISTANCE400_V1,114,114,0,1.0,,114,28.794151216274006,1.7462094923852047,4.854319298886767,,5,5,1.2767853843463736e-10,0,0,0,0,1,1,8490.425841959728,NO_RAW_BREAK_CROSSING,S0,UNIFORM,PROCESSED,89a43658ac4f06a83d910cc902a33fe5c0aaad6fe756bff3d6ebdb92cb8d544c
1860,114,40,0.3508771929824561,,True,False,False,0,6,68,108,40,0.6296296296296297,,4.923429558085217,1.1833733828973838,0.5114324530059291,3.495797450004419,4.092572140812726,4.817106082395296,,108,0,True,1,0,6,15,0,0,8490.425841959728,,8453.868342604126,,RAW_WINDOWS_DT30_DISTANCE400_V1,114,114,0,1.0,,114,28.794151216274006,1.7462094923852047,4.854319298886767,,5,5,1.2767853843463736e-10,0,0,0,0,1,1,8490.425841959728,NO_RAW_BREAK_CROSSING,S_POINTS2,UNIFORM,PROCESSED,b810a576aedaa3a65a7cbd980286e1fab546278165b457877a0caa98b54fe31e
1860,114,40,0.3508771929824561,,True,False,False,0,6,68,108,40,0.6296296296296297,,4.923429558085217,1.1833733828973838,0.5114324530059291,3.495797450004419,4.092572140812726,4.817106082395296,,108,0,True,1,0,6,15,0,0,8490.425841959728,,8453.868342604126,,RAW_WINDOWS_DT30_DISTANCE400_V1,114,114,0,1.0,,114,28.794151216274006,1.7462094923852047,4.854319298886767,,5,5,1.2767853843463736e-10,0,0,0,0,1,1,8490.425841959728,NO_RAW_BREAK_CROSSING,S_LENGTH0,UNIFORM,PROCESSED,50712e39ac0d6099ca04bd9648fe7e20d1ad7926d2d6487d06ce903a5c87aedc
1860,114,41,0.35964912280701755,,True,False,False,0,0,73,114,41,0.6403508771929824,,4.923429558085217,1.201320248490682,0.5114324530059291,3.510925238004048,3.930565129131537,4.817106082395296,,114,0,True,1,0,0,15,0,0,8490.425841959728,,8483.944930192069,,RAW_WINDOWS_DT30_DISTANCE400_V1,114,114,0,1.0,,114,4.923429558085217,1.201320248490682,3.930565129131537,,0,5,1.2767853843463736e-10,0,0,0,0,1,1,8490.425841959728,NO_RAW_BREAK_CROSSING,D60,UNIFORM,PROCESSED,59eb474f3ccb0ea372ffafc5f1218ab36a9008107be2cca3b42e7e8d90369dfb
1860,114,54,0.47368421052631576,,True,False,False,0,6,54,108,54,0.5,,1.812928278019637,0.33201313445289465,0.0,1.0562324586186067,1.4061620559253718,1.7409654918260216,,108,0,True,1,0,6,15,0,0,8490.425841959728,,8456.329501695382,,RAW_WINDOWS_DT30_DISTANCE400_V1,114,114,0,1.0,,114,28.794151216274006,0.9396576780693728,2.483185852074568,,5,5,1.2767853843463736e-10,0,0,0,0,1,1,8490.425841959728,NO_RAW_BREAK_CROSSING,P2,UNIFORM,PROCESSED,b46dc004f842fd2299ecf5f6abaf4a51dd54c038739e95e50bd557b985160a4b
1860,114,34,0.2982456140350877,,True,False,False,0,6,74,108,34,0.6851851851851851,,9.887679000452048,1.8307255829138331,1.1204193044599653,4.817106082395296,6.54655960129455,8.120254075095382,,108,0,True,1,0,6,15,0,0,8490.425841959728,,8443.344296179146,,RAW_WINDOWS_DT30_DISTANCE400_V1,114,114,0,1.0,,114,28.794151216274006,2.3723082495307395,8.107249761450174,,15,5,1.2767853843463736e-10,0,0,0,0,1,1,8490.425841959728,NO_RAW_BREAK_CROSSING,P10,UNIFORM,PROCESSED,78cd4e510671976b278504af95ea9a2ee8c8254d0254045e107d7d7db5142e3e
9222,86,46,0.5348837209302325,,True,False,False,0,4,36,82,46,0.4390243902439024,,4.5059496675262265,0.7090883599673432,0.0,2.8809100017080373,3.083284990018331,3.6801972166301082,,82,0,True,3,0,4,23,0,0,11842.09101307676,,10947.271450201673,,RAW_WINDOWS_DT30_DISTANCE400_V1,86,86,0,1.0,,86,47.99891069874779,2.1700542770704248,4.016312072424351,,3,5,2.739195803044131e-10,2,0,0,0,3,3,11002.840058976839,NO_RAW_BREAK_CROSSING,R0,UNIFORM,PROCESSED,e5561496bfaaf95b92310328ed85547885cfc42f51818f0dde0c6c9d6b5d3a27
9222,86,46,0.5348837209302325,,True,False,False,0,4,36,82,46,0.4390243902439024,,4.5059496675262265,0.7090883599673432,0.0,2.8809100017080373,3.083284990018331,3.6801972166301082,,82,0,True,3,0,4,23,0,0,11842.09101307676,,10947.271450201673,,RAW_WINDOWS_DT30_DISTANCE400_V1,86,86,0,1.0,,86,47.99891069874779,2.1700542770704248,4.016312072424351,,3,5,2.739195803044131e-10,2,0,0,0,3,3,11002.840058976839,NO_RAW_BREAK_CROSSING,S0,UNIFORM,PROCESSED,6bdcd06226347e71cb49fad027e7301d09846125be36fe28f116715872967a8a
9222,86,46,0.5348837209302325,,True,False,False,0,4,36,82,46,0.4390243902439024,,4.5059496675262265,0.7090883599673432,0.0,2.8809100017080373,3.083284990018331,3.6801972166301082,,82,0,True,3,0,4,23,0,0,11842.09101307676,,10947.271450201673,,RAW_WINDOWS_DT30_DISTANCE400_V1,86,86,0,1.0,,86,47.99891069874779,2.1700542770704248,4.016312072424351,,3,5,2.739195803044131e-10,2,0,0,0,3,3,11002.840058976839,NO_RAW_BREAK_CROSSING,S_POINTS2,UNIFORM,PROCESSED,03983bd23750ebdbdbb4e40ccb85630324d441253d001046dbb01836144f247c
9222,86,46,0.5348837209302325,,True,False,False,0,4,36,82,46,0.4390243902439024,,4.5059496675262265,0.7090883599673432,0.0,2.8809100017080373,3.083284990018331,3.6801972166301082,,82,0,True,3,0,4,23,0,0,11842.09101307676,,10947.271450201673,,RAW_WINDOWS_DT30_DISTANCE400_V1,86,86,0,1.0,,86,47.99891069874779,2.1700542770704248,4.016312072424351,,3,5,2.739195803044131e-10,2,0,0,0,3,3,11002.840058976839,NO_RAW_BREAK_CROSSING,S_LENGTH0,UNIFORM,PROCESSED,9e6a74402b6c6b80ddaac96d783b7b173a9edac6bf3f369f86100bf22f3a3992
9222,86,49,0.5697674418604651,,True,False,False,0,0,37,86,49,0.43023255813953487,,4.5059496675262265,0.663250616378862,0.0,2.606110459694059,2.9302946791897444,3.6394193178204315,,86,0,True,3,0,0,23,0,0,11842.09101307676,,11000.738164447715,,RAW_WINDOWS_DT30_DISTANCE400_V1,86,86,0,1.0,,86,4.5059496675262265,0.663250616378862,2.9302946791897444,,0,5,2.739195803044131e-10,2,0,0,0,3,3,11002.840058976839,NO_RAW_BREAK_CROSSING,D60,UNIFORM,PROCESSED,24376deca4382e265ca2f839cf0a43a2a005102fd126dfe42a73aa8aa3705ce5
9222,86,57,0.6627906976744186,,True,False,False,0,4,25,82,57,0.30487804878048785,,1.6920101147393944,0.27412050071387906,0.0,1.5014582815843895,1.6920101147393944,1.6920101147393944,,82,0,True,3,0,4,23,0,0,11842.09101307676,,10948.018024221876,,RAW_WINDOWS_DT30_DISTANCE400_V1,86,86,0,1.0,,86,47.99891069874779,1.7553174810380519,1.6920101147393944,,3,5,2.739195803044131e-10,2,0,0,0,3,3,11002.840058976839,NO_RAW_BREAK_CROSSING,P2,UNIFORM,PROCESSED,ad9f513b45235581d8d3390d2ec611c0425c6663987a4e8ee5722ebe13b2a8e0
9222,86,39,0.45348837209302323,,True,False,False,0,4,43,82,39,0.524390243902439,,8.89666778698971,1.4205585752600387,0.2910392626788594,4.40400492050202,6.23032496088397,8.614761825095657,,82,0,True,3,0,4,23,0,0,11842.09101307676,,10944.760755598463,,RAW_WINDOWS_DT30_DISTANCE400_V1,86,86,0,1.0,,86,47.99891069874779,2.8484328544425295,8.396220853323982,,10,5,2.739195803044131e-10,2,0,0,0,3,3,11002.840058976839,NO_RAW_BREAK_CROSSING,P10,UNIFORM,PROCESSED,3f587cc2dcec34b3fba947ae8cb5d9aa5f4e766839ee1b7284f6d2e337fc1e99
5431,106,22,0.20754716981132076,,True,False,False,0,1,83,105,22,0.7904761904761904,,4.540973706716448,1.2518211160971466,0.9968691032597427,3.084579191765212,3.6214783251374887,4.224608004895064,,105,0,True,1,0,1,27,0,0,10312.946606940317,,10306.204591486354,,RAW_WINDOWS_DT30_DISTANCE400_V1,106,106,0,1.0,,106,4.7291107265798775,1.284625735063965,3.647881627266748,,0,5,1.2324112861350852e-10,0,0,0,0,1,1,10312.946606940317,NO_RAW_BREAK_CROSSING,R0,UNIFORM,PROCESSED,2a88860ece22799e32f6d1eb9e4f5549f0bba7e044f0a5ae382c4d3c0a35030f
5431,106,22,0.20754716981132076,,True,False,False,0,1,83,105,22,0.7904761904761904,,4.540973706716448,1.2518211160971466,0.9968691032597427,3.084579191765212,3.6214783251374887,4.224608004895064,,105,0,True,1,0,1,27,0,0,10312.946606940317,,10306.204591486354,,RAW_WINDOWS_DT30_DISTANCE400_V1,106,106,0,1.0,,106,4.7291107265798775,1.284625735063965,3.647881627266748,,0,5,1.2324112861350852e-10,0,0,0,0,1,1,10312.946606940317,NO_RAW_BREAK_CROSSING,S0,UNIFORM,PROCESSED,63dafb33d8434a405e3b9b5ae2e863f43116f27591cd4be5978e8fba3c3e7b11
5431,106,22,0.20754716981132076,,True,False,False,0,1,83,105,22,0.7904761904761904,,4.540973706716448,1.2518211160971466,0.9968691032597427,3.084579191765212,3.6214783251374887,4.224608004895064,,105,0,True,1,0,1,27,0,0,10312.946606940317,,10306.204591486354,,RAW_WINDOWS_DT30_DISTANCE400_V1,106,106,0,1.0,,106,4.7291107265798775,1.284625735063965,3.647881627266748,,0,5,1.2324112861350852e-10,0,0,0,0,1,1,10312.946606940317,NO_RAW_BREAK_CROSSING,S_POINTS2,UNIFORM,PROCESSED,e47b941c7b90f16e68539eeaabee638bafcf105201502b8f23fac0fc7ff6a193
5431,106,22,0.20754716981132076,,True,False,False,0,1,83,105,22,0.7904761904761904,,4.540973706716448,1.2518211160971466,0.9968691032597427,3.084579191765212,3.6214783251374887,4.224608004895064,,105,0,True,1,0,1,27,0,0,10312.946606940317,,10306.204591486354,,RAW_WINDOWS_DT30_DISTANCE400_V1,106,106,0,1.0,,106,4.7291107265798775,1.284625735063965,3.647881627266748,,0,5,1.2324112861350852e-10,0,0,0,0,1,1,10312.946606940317,NO_RAW_BREAK_CROSSING,S_LENGTH0,UNIFORM,PROCESSED,d4abb7805aa5eb72f437fe824d537fedef2c5cf46fc90d7c5f10231e2fccd2ec
5431,106,22,0.20754716981132076,,True,False,False,0,0,84,106,22,0.7924528301886793,,4.7291107265798775,1.284625735063965,0.9972296815930493,3.1379916687816793,3.647881627266748,4.5261882837989456,,106,0,True,1,0,0,27,0,0,10312.946606940317,,10306.204591486354,,RAW_WINDOWS_DT30_DISTANCE400_V1,106,106,0,1.0,,106,4.7291107265798775,1.284625735063965,3.647881627266748,,0,5,1.2324112861350852e-10,0,0,0,0,1,1,10312.946606940317,NO_RAW_BREAK_CROSSING,D60,UNIFORM,PROCESSED,e521f2fbc20aa02921d183c8bce22b202562b50de76b4ab8ca29ee54ade5e50b
5431,106,44,0.41509433962264153,,True,False,False,0,1,61,105,44,0.5809523809523809,,1.6592703048022854,0.3077968494380908,0.10150213327193887,0.9141530245032251,1.0814761214051658,1.5469694943141028,,105,0,True,1,0,1,27,0,0,10312.946606940317,,10310.099629670813,,RAW_WINDOWS_DT30_DISTANCE400_V1,106,106,0,1.0,,106,4.7291107265798775,0.34950735771301333,1.180505702064182,,0,5,1.2324112861350852e-10,0,0,0,0,1,1,10312.946606940317,NO_RAW_BREAK_CROSSING,P2,UNIFORM,PROCESSED,41c26411caeec0eba52f6449cb6802e688526016e82a9fc7e1239214a1325ceb
5431,106,15,0.14150943396226415,,True,False,False,0,1,90,105,15,0.8571428571428572,,8.297651855963508,2.113750464646344,1.545709223616227,5.187393817869581,5.869140325179463,7.974894474173923,,105,0,True,1,0,1,27,0,0,10312.946606940317,,10302.33695507191,,RAW_WINDOWS_DT30_DISTANCE400_V1,106,106,0,1.0,,106,8.297651855963508,2.138423674664585,5.869140325179463,,12,5,1.2324112861350852e-10,0,0,0,0,1,1,10312.946606940317,NO_RAW_BREAK_CROSSING,P10,UNIFORM,PROCESSED,c20f6339732778c79852ad33921058201c16a9872b3b2c2b69fa940974d6346e
9145,110,21,0.19090909090909092,,True,False,False,0,0,89,110,21,0.8090909090909091,,4.646827405209209,0.9600915667670669,0.21386270516049194,3.5131536817469327,3.9639634200266816,4.110542088562696,,110,0,True,1,0,0,65,0,0,4690.2156451033425,,4687.983527250794,,RAW_WINDOWS_DT30_DISTANCE400_V1,110,110,0,1.0,,110,4.646827405209209,0.9600915667670669,3.9639634200266816,,0,5,4.4092188228127227e-10,0,0,0,0,1,1,4690.2156451033425,NO_RAW_BREAK_CROSSING,R0,UNIFORM,PROCESSED,1ee3dfdc83d657997716a7713f76a190c1978f920362f35037f544ffb41975c8
9145,110,21,0.19090909090909092,,True,False,False,0,0,89,110,21,0.8090909090909091,,4.646827405209209,0.9600915667670669,0.21386270516049194,3.5131536817469327,3.9639634200266816,4.110542088562696,,110,0,True,1,0,0,65,0,0,4690.2156451033425,,4687.983527250794,,RAW_WINDOWS_DT30_DISTANCE400_V1,110,110,0,1.0,,110,4.646827405209209,0.9600915667670669,3.9639634200266816,,0,5,4.4092188228127227e-10,0,0,0,0,1,1,4690.2156451033425,NO_RAW_BREAK_CROSSING,S0,UNIFORM,PROCESSED,1ffcb6288626af61ca6a4cc4bce4fe27845f053d2d5f5c04915004543ff68380
9145,110,21,0.19090909090909092,,True,False,False,0,0,89,110,21,0.8090909090909091,,4.646827405209209,0.9600915667670669,0.21386270516049194,3.5131536817469327,3.9639634200266816,4.110542088562696,,110,0,True,1,0,0,65,0,0,4690.2156451033425,,4687.983527250794,,RAW_WINDOWS_DT30_DISTANCE400_V1,110,110,0,1.0,,110,4.646827405209209,0.9600915667670669,3.9639634200266816,,0,5,4.4092188228127227e-10,0,0,0,0,1,1,4690.2156451033425,NO_RAW_BREAK_CROSSING,S_POINTS2,UNIFORM,PROCESSED,5496de8fbce28272f3c84a327aae0c56cb4967099649839d6cc6d41b5718f252
9145,110,21,0.19090909090909092,,True,False,False,0,0,89,110,21,0.8090909090909091,,4.646827405209209,0.9600915667670669,0.21386270516049194,3.5131536817469327,3.9639634200266816,4.110542088562696,,110,0,True,1,0,0,65,0,0,4690.2156451033425,,4687.983527250794,,RAW_WINDOWS_DT30_DISTANCE400_V1,110,110,0,1.0,,110,4.646827405209209,0.9600915667670669,3.9639634200266816,,0,5,4.4092188228127227e-10,0,0,0,0,1,1,4690.2156451033425,NO_RAW_BREAK_CROSSING,S_LENGTH0,UNIFORM,PROCESSED,e61a421f963302da9f2ece188cdd5d6fd5e4cf7c73789477665941e12843c6c4
9145,110,21,0.19090909090909092,,True,False,False,0,0,89,110,21,0.8090909090909091,,4.646827405209209,0.9600915667670669,0.21386270516049194,3.5131536817469327,3.9639634200266816,4.110542088562696,,110,0,True,1,0,0,65,0,0,4690.2156451033425,,4687.983527250794,,RAW_WINDOWS_DT30_DISTANCE400_V1,110,110,0,1.0,,110,4.646827405209209,0.9600915667670669,3.9639634200266816,,0,5,4.4092188228127227e-10,0,0,0,0,1,1,4690.2156451033425,NO_RAW_BREAK_CROSSING,D60,UNIFORM,PROCESSED,989ed20c6118c531eaf271d670ef415acb02f51d82a95e56f76e4f7ae7e97262
9145,110,28,0.2545454545454545,,True,False,False,0,0,82,110,28,0.7454545454545455,,1.70834652196348,0.2335753783899952,0.07584268810817926,0.7644684122466414,0.7958346581936202,1.3089715925340872,,110,0,True,1,0,0,65,0,0,4690.2156451033425,,4689.229879643083,,RAW_WINDOWS_DT30_DISTANCE400_V1,110,110,0,1.0,,110,1.70834652196348,0.2335753783899952,0.7958346581936202,,0,5,4.4092188228127227e-10,0,0,0,0,1,1,4690.2156451033425,NO_RAW_BREAK_CROSSING,P2,UNIFORM,PROCESSED,42df702feaf527f517630e08479e847a86d42349d6c6e186d1db78cfb4344ca8
9145,110,16,0.14545454545454545,,True,False,False,0,0,94,110,16,0.8545454545454545,,9.785269553590298,2.8017063124476786,0.9486722527915601,8.167087529291837,8.275761628616234,9.333671550037785,,110,0,True,1,0,0,65,0,0,4690.2156451033425,,4681.356798511597,,RAW_WINDOWS_DT30_DISTANCE400_V1,110,110,0,1.0,,110,9.785269553590298,2.8017063124476786,8.275761628616234,,27,5,4.4092188228127227e-10,0,0,0,0,1,1,4690.2156451033425,NO_RAW_BREAK_CROSSING,P10,UNIFORM,PROCESSED,ea940509165de670a362479e08184e1783290be37a13e1b1e8a082e5910125a6
7186,101,13,0.12871287128712872,,True,False,False,0,0,88,101,13,0.8712871287128713,,4.120424365293695,0.6446981668004726,0.5141906009927358,1.322407749797046,1.9455027713221842,2.84379616482168,,101,0,True,1,0,0,44,0,0,6135.87164679116,,6133.073073536774,,RAW_WINDOWS_DT30_DISTANCE400_V1,101,101,0,1.0,,101,4.120424365293695,0.6446981668004726,1.9455027713221842,,0,5,6.200991664995139e-10,0,0,0,0,1,1,6135.87164679116,NO_RAW_BREAK_CROSSING,R0,UNIFORM,PROCESSED,1de76f8fa8e742cf5c87151585334f57dd756022500e686776a24209ef7c5b78
7186,101,13,0.12871287128712872,,True,False,False,0,0,88,101,13,0.8712871287128713,,4.120424365293695,0.6446981668004726,0.5141906009927358,1.322407749797046,1.9455027713221842,2.84379616482168,,101,0,True,1,0,0,44,0,0,6135.87164679116,,6133.073073536774,,RAW_WINDOWS_DT30_DISTANCE400_V1,101,101,0,1.0,,101,4.120424365293695,0.6446981668004726,1.9455027713221842,,0,5,6.200991664995139e-10,0,0,0,0,1,1,6135.87164679116,NO_RAW_BREAK_CROSSING,S0,UNIFORM,PROCESSED,1c09510d49c6d75d5ea85b772774689d4ba60e4fc9cde75216779fdd9ab6cbc3
7186,101,13,0.12871287128712872,,True,False,False,0,0,88,101,13,0.8712871287128713,,4.120424365293695,0.6446981668004726,0.5141906009927358,1.322407749797046,1.9455027713221842,2.84379616482168,,101,0,True,1,0,0,44,0,0,6135.87164679116,,6133.073073536774,,RAW_WINDOWS_DT30_DISTANCE400_V1,101,101,0,1.0,,101,4.120424365293695,0.6446981668004726,1.9455027713221842,,0,5,6.200991664995139e-10,0,0,0,0,1,1,6135.87164679116,NO_RAW_BREAK_CROSSING,S_POINTS2,UNIFORM,PROCESSED,260bded1f222ee21eef216db4e49f4b57c83a7406263b8e2d1d59c9e9e7c13fa
7186,101,13,0.12871287128712872,,True,False,False,0,0,88,101,13,0.8712871287128713,,4.120424365293695,0.6446981668004726,0.5141906009927358,1.322407749797046,1.9455027713221842,2.84379616482168,,101,0,True,1,0,0,44,0,0,6135.87164679116,,6133.073073536774,,RAW_WINDOWS_DT30_DISTANCE400_V1,101,101,0,1.0,,101,4.120424365293695,0.6446981668004726,1.9455027713221842,,0,5,6.200991664995139e-10,0,0,0,0,1,1,6135.87164679116,NO_RAW_BREAK_CROSSING,S_LENGTH0,UNIFORM,PROCESSED,714fcc3fcb6c30e17502d888624d6c19d6722fa8370c3afc3fd5fe93aecb4293
7186,101,13,0.12871287128712872,,True,False,False,0,0,88,101,13,0.8712871287128713,,4.120424365293695,0.6446981668004726,0.5141906009927358,1.322407749797046,1.9455027713221842,2.84379616482168,,101,0,True,1,0,0,44,0,0,6135.87164679116,,6133.073073536774,,RAW_WINDOWS_DT30_DISTANCE400_V1,101,101,0,1.0,,101,4.120424365293695,0.6446981668004726,1.9455027713221842,,0,5,6.200991664995139e-10,0,0,0,0,1,1,6135.87164679116,NO_RAW_BREAK_CROSSING,D60,UNIFORM,PROCESSED,9945b9acafc8bab0ed7f5e6566af85f7efff9e9b1697b0524888ca6f44766ccc
7186,101,15,0.1485148514851485,,True,False,False,0,0,86,101,15,0.8514851485148515,,1.993364822717402,0.5645089301494549,0.43902280129773374,1.318125513716474,1.5892775456418802,1.993364822717402,,101,0,True,1,0,0,44,0,0,6135.87164679116,,6133.32171866378,,RAW_WINDOWS_DT30_DISTANCE400_V1,101,101,0,1.0,,101,1.993364822717402,0.5645089301494549,1.5892775456418802,,0,5,6.200991664995139e-10,0,0,0,0,1,1,6135.87164679116,NO_RAW_BREAK_CROSSING,P2,UNIFORM,PROCESSED,b12f6ec4c3be0b7fdf0a5fabc84f3df7d9b8aeeaf8b14f975cd582597a2cb3eb
7186,101,9,0.0891089108910891,,True,False,False,0,0,92,101,9,0.9108910891089109,,8.546378274629097,2.0826630446495202,0.842290094025351,6.829798351194101,7.538012245836691,8.198344262901758,,101,0,True,1,0,0,44,0,0,6135.87164679116,,6130.956167194626,,RAW_WINDOWS_DT30_DISTANCE400_V1,101,101,0,1.0,,101,8.546378274629097,2.0826630446495202,7.538012245836691,,17,5,6.200991664995139e-10,0,0,0,0,1,1,6135.87164679116,NO_RAW_BREAK_CROSSING,P10,UNIFORM,PROCESSED,046dd3a60789fe2fbb856c10eb06237d99acf67df18b63d5dbdfa6f888d26280
11326,104,35,0.33653846153846156,,True,False,False,7,7,55,90,35,0.6111111111111112,,4.988347195241182,1.1552442552156659,0.0,4.0261576661091585,4.622223402180586,4.971276658844347,,90,0,True,6,2,7,40,0,0,13070.493659433116,,9286.785029850616,,RAW_WINDOWS_DT30_DISTANCE400_V1,104,97,7,0.9326923076923077,,97,89.30217942551688,2.3162813685568633,5.1170351931881255,,5,5,3.493155536615053e-10,5,0,0,3,6,4,10502.382093798673,NO_RAW_BREAK_CROSSING,R0,UNIFORM,PROCESSED,3ab0980cec3c646d8595bbc8296b71c444328faed4a55a0b908e5d7efc639518
11326,104,39,0.375,,True,False,False,0,7,58,97,39,0.5979381443298969,,4.988347195241182,1.103561904578126,0.0,3.6910688224700015,4.60972665370674,4.969934032386169,,97,0,True,6,0,7,46,0,0,13070.493659433116,,10417.364385477156,,RAW_WINDOWS_DT30_DISTANCE400_V1,104,104,0,1.0,,104,89.30217942551688,2.1899309088911925,4.985470138545087,,5,5,3.493155536615053e-10,5,0,0,0,6,6,10502.382093798673,NO_RAW_BREAK_CROSSING,S0,UNIFORM,PROCESSED,a8ed0daef836e3887edab0c8db4ab36978377ac685e2166be1a8c15db003f53b
11326,104,39,0.375,,True,False,False,0,7,58,97,39,0.5979381443298969,,4.988347195241182,1.103561904578126,0.0,3.6910688224700015,4.60972665370674,4.969934032386169,,97,0,True,6,0,7,46,0,0,13070.493659433116,,10417.364385477156,,RAW_WINDOWS_DT30_DISTANCE400_V1,104,104,0,1.0,,104,89.30217942551688,2.1899309088911925,4.985470138545087,,5,5,3.493155536615053e-10,5,0,0,0,6,6,10502.382093798673,NO_RAW_BREAK_CROSSING,S_POINTS2,UNIFORM,PROCESSED,24e81fb07f69c6791c1433bf5cdae4ff07f207c42f512ee9937834b3eddfca4d
11326,104,35,0.33653846153846156,,True,False,False,7,7,55,90,35,0.6111111111111112,,4.988347195241182,1.1552442552156659,0.0,4.0261576661091585,4.622223402180586,4.971276658844347,,90,0,True,6,2,7,40,0,0,13070.493659433116,,9286.785029850616,,RAW_WINDOWS_DT30_DISTANCE400_V1,104,97,7,0.9326923076923077,,97,89.30217942551688,2.3162813685568633,5.1170351931881255,,5,5,3.493155536615053e-10,5,0,0,3,6,4,10502.382093798673,NO_RAW_BREAK_CROSSING,S_LENGTH0,UNIFORM,PROCESSED,745dc689467949c4891dad29af0ecd73336b0835f90ba1773ce02cf23f53d45f
11326,104,40,0.38461538461538464,,True,False,False,7,1,56,96,40,0.5833333333333333,,4.988347195241182,1.2331215289123094,0.11645688369452788,4.0613090391899895,4.719507418771384,4.794787194778886,,96,0,True,6,2,1,40,0,0,13070.493659433116,,9353.770343349413,,RAW_WINDOWS_DT30_DISTANCE400_V1,104,97,7,0.9326923076923077,,97,4.988347195241182,1.2441028242160523,4.719507418771384,,0,5,3.493155536615053e-10,5,0,0,3,6,4,10502.382093798673,NO_RAW_BREAK_CROSSING,D60,UNIFORM,PROCESSED,12ab4eca6f9c87adabffb909e3434aa17d712e839f1fecfcb7e9d9ebf1ade6e6
11326,104,53,0.5096153846153846,,True,False,False,7,7,37,90,53,0.4111111111111111,,1.7062288069659823,0.2593637136265168,0.0,1.1015177175983342,1.4491053860639016,1.7001990831259481,,90,0,True,6,2,7,40,0,0,13070.493659433116,,9296.764809023902,,RAW_WINDOWS_DT30_DISTANCE400_V1,104,97,7,0.9326923076923077,,97,89.30217942551688,1.4682438002589906,2.499232502412524,,5,5,3.493155536615053e-10,5,0,0,3,6,4,10502.382093798673,NO_RAW_BREAK_CROSSING,P2,UNIFORM,PROCESSED,25f8cfd7ea11f0cf415b3bd82b7be195ce19aedb7f27f7cf606ff4f3f47ec4eb
11326,104,29,0.27884615384615385,,True,False,False,7,7,61,90,29,0.6777777777777778,,8.777421518624175,1.5139860557530072,0.11332567650573408,4.785299649652942,5.898389215076702,8.680055969303703,,90,0,True,6,2,7,40,0,0,13070.493659433116,,9283.701981417047,,RAW_WINDOWS_DT30_DISTANCE400_V1,104,97,7,0.9326923076923077,,97,89.30217942551688,2.6556671420030056,6.865888752230993,,11,5,3.493155536615053e-10,5,0,0,3,6,4,10502.382093798673,NO_RAW_BREAK_CROSSING,P10,UNIFORM,PROCESSED,4824abff3f35e3d9401ebfae6d9ed3573e26fef18684d564eae200001c2b0b36
4378,109,21,0.1926605504587156,,True,False,False,0,1,87,108,21,0.8055555555555556,,4.979568432885832,1.1817726134399122,0.6147212560039071,3.7239334900434424,4.620954907086545,4.846160156970448,,108,0,True,1,0,1,50,0,0,7161.90926407304,,7156.418930253654,,RAW_WINDOWS_DT30_DISTANCE400_V1,109,109,0,1.0,,109,4.979568432885832,1.194601850032701,4.620954907086545,,0,5,2.6181692034406977e-10,0,0,0,0,1,1,7161.90926407304,NO_RAW_BREAK_CROSSING,R0,UNIFORM,PROCESSED,1b66e6eb0500c8c466db1326311e40422764bafabe988dddc3546ef1fd345ef4
4378,109,21,0.1926605504587156,,True,False,False,0,1,87,108,21,0.8055555555555556,,4.979568432885832,1.1817726134399122,0.6147212560039071,3.7239334900434424,4.620954907086545,4.846160156970448,,108,0,True,1,0,1,50,0,0,7161.90926407304,,7156.418930253654,,RAW_WINDOWS_DT30_DISTANCE400_V1,109,109,0,1.0,,109,4.979568432885832,1.194601850032701,4.620954907086545,,0,5,2.6181692034406977e-10,0,0,0,0,1,1,7161.90926407304,NO_RAW_BREAK_CROSSING,S0,UNIFORM,PROCESSED,24e6ddde96d588d7f1de81ec5a9eb2b198d85388feb429a10cfcc472f9d873c3
4378,109,21,0.1926605504587156,,True,False,False,0,1,87,108,21,0.8055555555555556,,4.979568432885832,1.1817726134399122,0.6147212560039071,3.7239334900434424,4.620954907086545,4.846160156970448,,108,0,True,1,0,1,50,0,0,7161.90926407304,,7156.418930253654,,RAW_WINDOWS_DT30_DISTANCE400_V1,109,109,0,1.0,,109,4.979568432885832,1.194601850032701,4.620954907086545,,0,5,2.6181692034406977e-10,0,0,0,0,1,1,7161.90926407304,NO_RAW_BREAK_CROSSING,S_POINTS2,UNIFORM,PROCESSED,d7b6df57eaad3e0061f59ab9a84c381f0d52bf25cbd833de6a03b9a11774f8cb
4378,109,21,0.1926605504587156,,True,False,False,0,1,87,108,21,0.8055555555555556,,4.979568432885832,1.1817726134399122,0.6147212560039071,3.7239334900434424,4.620954907086545,4.846160156970448,,108,0,True,1,0,1,50,0,0,7161.90926407304,,7156.418930253654,,RAW_WINDOWS_DT30_DISTANCE400_V1,109,109,0,1.0,,109,4.979568432885832,1.194601850032701,4.620954907086545,,0,5,2.6181692034406977e-10,0,0,0,0,1,1,7161.90926407304,NO_RAW_BREAK_CROSSING,S_LENGTH0,UNIFORM,PROCESSED,0a3ce02372b0d9ab3fb85443aabcfacb473d94a06d5e65ac5453caef3d96f2e3
4378,109,21,0.1926605504587156,,True,False,False,0,0,88,109,21,0.8073394495412844,,4.979568432885832,1.2029246203979231,0.6147212560039071,4.4995111645806976,4.557457499317591,4.846639146954481,,109,0,True,1,0,0,50,0,0,7161.90926407304,,7156.057366799255,,RAW_WINDOWS_DT30_DISTANCE400_V1,109,109,0,1.0,,109,4.979568432885832,1.2029246203979231,4.557457499317591,,0,5,2.6181692034406977e-10,0,0,0,0,1,1,7161.90926407304,NO_RAW_BREAK_CROSSING,D60,UNIFORM,PROCESSED,30711f6b3e931e6c369077a0fd70348cf037d008c2e4cd23708fd298202e449a
4378,109,38,0.3486238532110092,,True,False,False,0,1,70,108,38,0.6481481481481481,,1.8620899721206572,0.31579834090427256,0.0,1.0983272056842102,1.228762786708537,1.6473356931563752,,108,0,True,1,0,1,50,0,0,7161.90926407304,,7160.5527901431,,RAW_WINDOWS_DT30_DISTANCE400_V1,109,109,0,1.0,,109,2.5801594020538743,0.33657229559371843,1.320503553184316,,0,5,2.6181692034406977e-10,0,0,0,0,1,1,7161.90926407304,NO_RAW_BREAK_CROSSING,P2,UNIFORM,PROCESSED,d4d6e73bd0e2c266ce7c0b99f1ba01292723fa0b38d90c8d94dad092d6e91504
4378,109,14,0.12844036697247707,,True,False,False,0,1,94,108,14,0.8703703703703703,,9.587906686592119,2.100163714734592,1.29424974193612,5.9126448599185215,6.973867976860079,8.02739389055271,,108,0,True,1,0,1,50,0,0,7161.90926407304,,7151.634230031278,,RAW_WINDOWS_DT30_DISTANCE400_V1,109,109,0,1.0,,109,9.587906686592119,2.1370605407856704,6.9727994835219524,,18,5,2.6181692034406977e-10,0,0,0,0,1,1,7161.90926407304,NO_RAW_BREAK_CROSSING,P10,UNIFORM,PROCESSED,d0787c8f2da868805b9e697a0613237d763455b1da1e61ca00b4ee880cbd064a
11021,105,33,0.3142857142857143,,True,False,False,0,2,70,103,33,0.6796116504854368,,4.056410046866857,0.6722506305930375,0.11195941788060997,2.435436607031213,3.0605733127329784,3.8944568538963074,,103,0,True,2,0,2,39,0,0,10546.29401728661,,10068.886103518718,,RAW_WINDOWS_DT30_DISTANCE400_V1,105,105,0,1.0,,105,10.078142001989997,0.8274375027949108,3.7530551720380223,,2,5,6.44208415705819e-10,1,0,0,0,2,2,10085.23768005651,NO_RAW_BREAK_CROSSING,R0,UNIFORM,PROCESSED,909f424d2e33c50ed0866a6336a9d32c068ffa172de4fef76311d90760b66acc
11021,105,33,0.3142857142857143,,True,False,False,0,2,70,103,33,0.6796116504854368,,4.056410046866857,0.6722506305930375,0.11195941788060997,2.435436607031213,3.0605733127329784,3.8944568538963074,,103,0,True,2,0,2,39,0,0,10546.29401728661,,10068.886103518718,,RAW_WINDOWS_DT30_DISTANCE400_V1,105,105,0,1.0,,105,10.078142001989997,0.8274375027949108,3.7530551720380223,,2,5,6.44208415705819e-10,1,0,0,0,2,2,10085.23768005651,NO_RAW_BREAK_CROSSING,S0,UNIFORM,PROCESSED,1934e6644483404ec0f0cf6e9a2e0ae89b8d37c470ceb250ce55c424eb4fc59f
11021,105,33,0.3142857142857143,,True,False,False,0,2,70,103,33,0.6796116504854368,,4.056410046866857,0.6722506305930375,0.11195941788060997,2.435436607031213,3.0605733127329784,3.8944568538963074,,103,0,True,2,0,2,39,0,0,10546.29401728661,,10068.886103518718,,RAW_WINDOWS_DT30_DISTANCE400_V1,105,105,0,1.0,,105,10.078142001989997,0.8274375027949108,3.7530551720380223,,2,5,6.44208415705819e-10,1,0,0,0,2,2,10085.23768005651,NO_RAW_BREAK_CROSSING,S_POINTS2,UNIFORM,PROCESSED,6233cbdf22582b0797b39fdbeb84e2e0225eb8d44088ec794dfc2238da2e65a6
11021,105,33,0.3142857142857143,,True,False,False,0,2,70,103,33,0.6796116504854368,,4.056410046866857,0.6722506305930375,0.11195941788060997,2.435436607031213,3.0605733127329784,3.8944568538963074,,103,0,True,2,0,2,39,0,0,10546.29401728661,,10068.886103518718,,RAW_WINDOWS_DT30_DISTANCE400_V1,105,105,0,1.0,,105,10.078142001989997,0.8274375027949108,3.7530551720380223,,2,5,6.44208415705819e-10,1,0,0,0,2,2,10085.23768005651,NO_RAW_BREAK_CROSSING,S_LENGTH0,UNIFORM,PROCESSED,c21b9f66682c8dc317ee38dc05ab5e03dafbc362e7354b0b19a3f29d910a3085
11021,105,34,0.3238095238095238,,True,False,False,0,0,71,105,34,0.6761904761904762,,4.056410046866857,0.6886990369137267,0.11195941788060997,2.4512834252939473,3.4044787227791318,3.8935007339195717,,105,0,True,2,0,0,39,0,0,10546.29401728661,,10081.580774709688,,RAW_WINDOWS_DT30_DISTANCE400_V1,105,105,0,1.0,,105,4.056410046866857,0.6886990369137267,3.4044787227791318,,0,5,6.44208415705819e-10,1,0,0,0,2,2,10085.23768005651,NO_RAW_BREAK_CROSSING,D60,UNIFORM,PROCESSED,f58ba10c4dc24bb0d92e51f528adf21c858fe3848d9605e74b1f303db03d98f7
11021,105,46,0.4380952380952381,,True,False,False,0,2,57,103,46,0.5533980582524272,,1.926388888104064,0.30022410993949766,0.0,1.2436554527143322,1.3533891964060345,1.7474789543851292,,103,0,True,2,0,2,39,0,0,10546.29401728661,,10069.79988843343,,RAW_WINDOWS_DT30_DISTANCE400_V1,105,105,0,1.0,,105,10.078142001989997,0.46249720158239077,1.6994458903715448,,2,5,6.44208415705819e-10,1,0,0,0,2,2,10085.23768005651,NO_RAW_BREAK_CROSSING,P2,UNIFORM,PROCESSED,659239249ef6552594f5bfea2e688a9235b5768d29980dbad54ebaa657eaa3bd
11021,105,22,0.20952380952380953,,True,False,False,0,2,81,103,22,0.7864077669902912,,9.882188749100129,1.9170737089104508,0.5849123906368272,5.304798419490115,7.711194094564206,8.846837269700648,,103,0,True,2,0,2,39,0,0,10546.29401728661,,10062.576776005582,,RAW_WINDOWS_DT30_DISTANCE400_V1,105,105,0,1.0,,105,10.078142001989997,2.0485496653348494,7.987021665949249,,13,5,6.44208415705819e-10,1,0,0,0,2,2,10085.23768005651,NO_RAW_BREAK_CROSSING,P10,UNIFORM,PROCESSED,d7c939b1c7c0a13b6e612abf3379da9ad75628d98b8fb1625c59529951f573eb
5049,105,41,0.3904761904761905,,True,False,False,0,1,63,104,41,0.6057692307692308,,4.433694610408207,0.7188394629891287,0.09401585439978169,2.129450246479689,3.2258079742606927,4.318495961372116,,104,0,True,4,0,1,25,0,0,18499.66851632,,17159.720700097187,,RAW_WINDOWS_DT30_DISTANCE400_V1,105,105,0,1.0,,105,4.433694610408207,0.738497740496871,3.217320979833676,,0,5,7.22445532899282e-10,3,0,0,0,4,4,17162.74349764927,NO_RAW_BREAK_CROSSING,R0,UNIFORM,PROCESSED,a2a8840b9c229e8e3b8e7174206a06cdd5e7c05f6bbedd0f18ead892dd4fae82
5049,105,41,0.3904761904761905,,True,False,False,0,1,63,104,41,0.6057692307692308,,4.433694610408207,0.7188394629891287,0.09401585439978169,2.129450246479689,3.2258079742606927,4.318495961372116,,104,0,True,4,0,1,25,0,0,18499.66851632,,17159.720700097187,,RAW_WINDOWS_DT30_DISTANCE400_V1,105,105,0,1.0,,105,4.433694610408207,0.738497740496871,3.217320979833676,,0,5,7.22445532899282e-10,3,0,0,0,4,4,17162.74349764927,NO_RAW_BREAK_CROSSING,S0,UNIFORM,PROCESSED,b971a9235727cdb42ba5c3bf15faecc4044ba64ba6c30b94e612a25573437462
5049,105,41,0.3904761904761905,,True,False,False,0,1,63,104,41,0.6057692307692308,,4.433694610408207,0.7188394629891287,0.09401585439978169,2.129450246479689,3.2258079742606927,4.318495961372116,,104,0,True,4,0,1,25,0,0,18499.66851632,,17159.720700097187,,RAW_WINDOWS_DT30_DISTANCE400_V1,105,105,0,1.0,,105,4.433694610408207,0.738497740496871,3.217320979833676,,0,5,7.22445532899282e-10,3,0,0,0,4,4,17162.74349764927,NO_RAW_BREAK_CROSSING,S_POINTS2,UNIFORM,PROCESSED,a405334133dc2d8d26dbe4a4ddbf95bc0e714eec2d073e4b8a173fabc49cbbcb
5049,105,41,0.3904761904761905,,True,False,False,0,1,63,104,41,0.6057692307692308,,4.433694610408207,0.7188394629891287,0.09401585439978169,2.129450246479689,3.2258079742606927,4.318495961372116,,104,0,True,4,0,1,25,0,0,18499.66851632,,17159.720700097187,,RAW_WINDOWS_DT30_DISTANCE400_V1,105,105,0,1.0,,105,4.433694610408207,0.738497740496871,3.217320979833676,,0,5,7.22445532899282e-10,3,0,0,0,4,4,17162.74349764927,NO_RAW_BREAK_CROSSING,S_LENGTH0,UNIFORM,PROCESSED,f54643a8e9b84aa28bee390e5ed6521c9100efbee5d41d1a455f37482ba474a5
5049,105,41,0.3904761904761905,,True,False,False,0,1,63,104,41,0.6057692307692308,,4.433694610408207,0.7188394629891287,0.09401585439978169,2.129450246479689,3.2258079742606927,4.318495961372116,,104,0,True,4,0,1,25,0,0,18499.66851632,,17159.720700097187,,RAW_WINDOWS_DT30_DISTANCE400_V1,105,105,0,1.0,,105,4.433694610408207,0.738497740496871,3.217320979833676,,0,5,7.22445532899282e-10,3,0,0,0,4,4,17162.74349764927,NO_RAW_BREAK_CROSSING,D60,UNIFORM,PROCESSED,91661aa4f95d0c4f2d1278b653c2d7d3c400256edfb79632ddf6dd8857e5d822
5049,105,51,0.4857142857142857,,True,False,False,0,1,53,104,51,0.5096153846153846,,1.7410790997530454,0.22857822076560658,0.0,0.8269738771734912,1.1696533242054883,1.639147653484663,,104,0,True,4,0,1,25,0,0,18499.66851632,,17160.260046065065,,RAW_WINDOWS_DT30_DISTANCE400_V1,105,105,0,1.0,,105,1.7410790997530454,0.23095879748518947,1.1679348601542368,,0,5,7.22445532899282e-10,3,0,0,0,4,4,17162.74349764927,NO_RAW_BREAK_CROSSING,P2,UNIFORM,PROCESSED,6921365d6a97ed7cc59a85914b3eb054b787ca61e15be1ec9ff7232c2fd46978
5049,105,32,0.3047619047619048,,True,False,False,0,1,72,104,32,0.6923076923076923,,9.594131751697619,1.8579155692494305,0.5657981115119765,6.09306296694958,7.775125441634182,8.398184393175669,,104,0,True,4,0,1,25,0,0,18499.66851632,,17154.216822352668,,RAW_WINDOWS_DT30_DISTANCE400_V1,105,105,0,1.0,,105,9.594131751697619,1.8667255028880272,7.775125441634182,,16,5,7.22445532899282e-10,3,0,0,0,4,4,17162.74349764927,NO_RAW_BREAK_CROSSING,P10,UNIFORM,PROCESSED,db9dc90b1784071a9499d841958272ebc03b968ec32d01bb9f906646447fe850
4381,101,17,0.16831683168316833,,True,False,False,0,2,82,99,17,0.8282828282828283,,4.564092892385903,1.2175093470367495,0.8428157666051423,3.5312411156407837,4.101847658465352,4.252482647880445,,99,0,True,1,0,2,38,0,0,5830.364469937279,,5819.216492182384,,RAW_WINDOWS_DT30_DISTANCE400_V1,101,101,0,1.0,,101,7.324282047298341,1.3322397551851752,4.19685180344691,,2,5,1.0674587942575199e-10,0,0,0,0,1,1,5830.364469937279,NO_RAW_BREAK_CROSSING,R0,UNIFORM,PROCESSED,c72d7d668eeaa7b34f8962d06caf087d57cfb06c0ab8b8b2208c2b519c619d56
4381,101,17,0.16831683168316833,,True,False,False,0,2,82,99,17,0.8282828282828283,,4.564092892385903,1.2175093470367495,0.8428157666051423,3.5312411156407837,4.101847658465352,4.252482647880445,,99,0,True,1,0,2,38,0,0,5830.364469937279,,5819.216492182384,,RAW_WINDOWS_DT30_DISTANCE400_V1,101,101,0,1.0,,101,7.324282047298341,1.3322397551851752,4.19685180344691,,2,5,1.0674587942575199e-10,0,0,0,0,1,1,5830.364469937279,NO_RAW_BREAK_CROSSING,S0,UNIFORM,PROCESSED,8e1afd978fd52d0b681c871145b49195b0386bdeacc0ac310dd2a52037d2774b
4381,101,17,0.16831683168316833,,True,False,False,0,2,82,99,17,0.8282828282828283,,4.564092892385903,1.2175093470367495,0.8428157666051423,3.5312411156407837,4.101847658465352,4.252482647880445,,99,0,True,1,0,2,38,0,0,5830.364469937279,,5819.216492182384,,RAW_WINDOWS_DT30_DISTANCE400_V1,101,101,0,1.0,,101,7.324282047298341,1.3322397551851752,4.19685180344691,,2,5,1.0674587942575199e-10,0,0,0,0,1,1,5830.364469937279,NO_RAW_BREAK_CROSSING,S_POINTS2,UNIFORM,PROCESSED,c17ffb69ff370cd94727f7bad72aede9c2457aca51f3ee847592213350981e58
4381,101,17,0.16831683168316833,,True,False,False,0,2,82,99,17,0.8282828282828283,,4.564092892385903,1.2175093470367495,0.8428157666051423,3.5312411156407837,4.101847658465352,4.252482647880445,,99,0,True,1,0,2,38,0,0,5830.364469937279,,5819.216492182384,,RAW_WINDOWS_DT30_DISTANCE400_V1,101,101,0,1.0,,101,7.324282047298341,1.3322397551851752,4.19685180344691,,2,5,1.0674587942575199e-10,0,0,0,0,1,1,5830.364469937279,NO_RAW_BREAK_CROSSING,S_LENGTH0,UNIFORM,PROCESSED,d02e7535eea536c4812499075a25f3c0340e76241c7b181b250b48c7c8737225
4381,101,18,0.1782178217821782,,True,False,False,0,1,82,100,18,0.8200000000000001,,4.564092892385903,1.205334253566382,0.8414763248762531,3.526127539707628,4.098249140864686,4.249302951507944,,100,0,True,1,0,1,38,0,0,5830.364469937279,,5821.759920482255,,RAW_WINDOWS_DT30_DISTANCE400_V1,101,101,0,1.0,,101,7.324282047298341,1.2659178950884806,4.166620975277346,,1,5,1.0674587942575199e-10,0,0,0,0,1,1,5830.364469937279,NO_RAW_BREAK_CROSSING,D60,UNIFORM,PROCESSED,6da4f832351f2035bdc7cb98d49bd30661a0a2cbf8357780635f154b0da23965
4381,101,26,0.25742574257425743,,True,False,False,0,2,73,99,26,0.7373737373737373,,1.8780150892196987,0.5569365293309412,0.5465347032439147,1.2681217438357018,1.7737377148977196,1.8780150892196987,,99,0,True,1,0,2,38,0,0,5830.364469937279,,5820.7499091131685,,RAW_WINDOWS_DT30_DISTANCE400_V1,101,101,0,1.0,,101,7.324282047298341,0.6847475873349275,1.8701786985444075,,2,5,1.0674587942575199e-10,0,0,0,0,1,1,5830.364469937279,NO_RAW_BREAK_CROSSING,P2,UNIFORM,PROCESSED,bea7206c701e4a921eec6f5dcd6e2eff6b6a511aa957af8a9554dc82a71b4b94
4381,101,9,0.0891089108910891,,True,False,False,0,2,90,99,9,0.9090909090909091,,9.586051586169692,3.7666797339291906,2.771750888905572,7.792213191599251,8.661609561549787,9.535975143703899,,99,0,True,1,0,2,38,0,0,5830.364469937279,,5812.736379225103,,RAW_WINDOWS_DT30_DISTANCE400_V1,101,101,0,1.0,,101,9.586051586169692,3.8358316596902107,8.661609561549787,,43,5,1.0674587942575199e-10,0,0,0,0,1,1,5830.364469937279,NO_RAW_BREAK_CROSSING,P10,UNIFORM,PROCESSED,70563b951bd775ca8242b02134dfec68f963ae4a89c7db569ecf67078aae7d5c
1378,80,25,0.3125,,True,False,False,1,10,44,69,25,0.6376811594202898,,4.721022121136405,0.8735810348265285,0.3637681421365376,2.7095725838901226,3.4355672953755674,4.710086245441314,,69,0,True,5,1,10,12,0,0,9987.173830620612,,6037.683894641715,,RAW_WINDOWS_DT30_DISTANCE400_V1,80,79,1,0.9875,,79,80.75179415527165,2.1651300616280054,4.706548168010549,,3,5,3.4773237972336945e-10,4,0,0,1,5,4,6750.520730402851,NO_RAW_BREAK_CROSSING,R0,UNIFORM,PROCESSED,e800b687fb6af810df185e8d67c0f558422c219d93b51669c5f869d68b8b5984
1378,80,25,0.3125,,True,False,False,1,10,44,69,25,0.6376811594202898,,4.721022121136405,0.8735810348265285,0.3637681421365376,2.7095725838901226,3.4355672953755674,4.710086245441314,,69,0,True,5,1,10,12,0,0,9987.173830620612,,6037.683894641715,,RAW_WINDOWS_DT30_DISTANCE400_V1,80,79,1,0.9875,,79,80.75179415527165,2.1651300616280054,4.706548168010549,,3,5,3.4773237972336945e-10,4,0,0,1,5,4,6750.520730402851,NO_RAW_BREAK_CROSSING,S0,UNIFORM,PROCESSED,663191013080f8e793b15218792f84211e968e4538d7bf8e11a49075629294df
1378,80,25,0.3125,,True,False,False,1,10,44,69,25,0.6376811594202898,,4.721022121136405,0.8735810348265285,0.3637681421365376,2.7095725838901226,3.4355672953755674,4.710086245441314,,69,0,True,5,1,10,12,0,0,9987.173830620612,,6037.683894641715,,RAW_WINDOWS_DT30_DISTANCE400_V1,80,79,1,0.9875,,79,80.75179415527165,2.1651300616280054,4.706548168010549,,3,5,3.4773237972336945e-10,4,0,0,1,5,4,6750.520730402851,NO_RAW_BREAK_CROSSING,S_POINTS2,UNIFORM,PROCESSED,67917deaec35749a7d74d5d9e2decd4df4dade513e6a0cffdaf986c18a523325
1378,80,25,0.3125,,True,False,False,1,10,44,69,25,0.6376811594202898,,4.721022121136405,0.8735810348265285,0.3637681421365376,2.7095725838901226,3.4355672953755674,4.710086245441314,,69,0,True,5,1,10,12,0,0,9987.173830620612,,6037.683894641715,,RAW_WINDOWS_DT30_DISTANCE400_V1,80,79,1,0.9875,,79,80.75179415527165,2.1651300616280054,4.706548168010549,,3,5,3.4773237972336945e-10,4,0,0,1,5,4,6750.520730402851,NO_RAW_BREAK_CROSSING,S_LENGTH0,UNIFORM,PROCESSED,51ab5dd991600517d8a0ce1c2704312ab2bba993d0dd512e3b456853d39bfc2c
1378,80,25,0.3125,,True,False,False,1,9,45,70,25,0.6428571428571428,,4.721022121136405,0.860040621070584,0.39694841589272595,2.7092708945421666,3.2910152083519124,4.709925423739916,,70,0,True,5,1,9,12,0,0,9987.173830620612,,6037.837948379987,,RAW_WINDOWS_DT30_DISTANCE400_V1,80,79,1,0.9875,,79,80.75179415527165,2.149920882461272,4.706548168010549,,3,5,3.4773237972336945e-10,4,0,0,1,5,4,6750.520730402851,NO_RAW_BREAK_CROSSING,D60,UNIFORM,PROCESSED,0d33b3e91b2689490742e963435853d5ace69e14c7996ce48ab9e4c2f1f24678
1378,80,34,0.425,,True,False,False,1,10,35,69,34,0.5072463768115942,,1.7787264977043453,0.3043554559181378,0.033597433492095256,1.1361959390160297,1.2834545308037657,1.7143788653759233,,69,0,True,5,1,10,12,0,0,9987.173830620612,,6041.695152952377,,RAW_WINDOWS_DT30_DISTANCE400_V1,80,79,1,0.9875,,79,80.75179415527165,1.617409252415759,1.7956335504910714,,3,5,3.4773237972336945e-10,4,0,0,1,5,4,6750.520730402851,NO_RAW_BREAK_CROSSING,P2,UNIFORM,PROCESSED,5f523d3ea12bd7b7706a3cebf0e55020b6abc5f5d42dedbd74cc80f731551f82
1378,80,19,0.2375,,True,False,False,1,10,50,69,19,0.7246376811594203,,9.720452612621683,3.022011052301176,1.805237435533022,7.6653544557450894,8.27793903367306,9.28555371965469,,69,0,True,5,1,10,12,0,0,9987.173830620612,,6030.7981051654215,,RAW_WINDOWS_DT30_DISTANCE400_V1,80,79,1,0.9875,,79,80.75179415527165,4.041606912333711,9.144851136635959,,25,5,3.4773237972336945e-10,4,0,0,1,5,4,6750.520730402851,NO_RAW_BREAK_CROSSING,P10,UNIFORM,PROCESSED,873498a50bca2acb4560637093faab8d667c738828322be08d8ecbc05022c7c5
9613,120,52,0.43333333333333335,,True,False,False,12,0,56,108,52,0.5185185185185186,,4.837446468129582,0.5390709102909375,0.04300620101804461,1.343067040567786,2.660525852417664,3.4880631374421673,,108,0,True,16,3,0,39,0,0,27382.56475083582,,17717.689627374602,,RAW_WINDOWS_DT30_DISTANCE400_V1,120,108,12,0.9,,108,4.837446468129582,0.5390709102909375,2.660525852417664,,0,5,6.180578900526707e-10,15,0,0,5,16,13,19790.291556968128,NO_RAW_BREAK_CROSSING,R0,UNIFORM,PROCESSED,0f3e96e7b00126c842e3accbfc12009e770ecab956fd44967b163a949657295b
9613,120,60,0.5,,True,False,False,0,0,60,120,60,0.5,,4.837446468129582,0.4936440098765375,0.009698827690311428,1.2343543122209226,2.5066776834322657,3.475346887952587,,120,0,True,16,0,0,48,0,0,27382.56475083582,,19789.809789081908,,RAW_WINDOWS_DT30_DISTANCE400_V1,120,120,0,1.0,,120,4.837446468129582,0.4936440098765375,2.5066776834322657,,0,5,6.180578900526707e-10,15,0,0,0,16,16,19790.291556968128,NO_RAW_BREAK_CROSSING,S0,UNIFORM,PROCESSED,0aac7edf42dcb43be0d8e0dffb8977aae2c1d45aaa65bd02534fc24817bd9966
9613,120,60,0.5,,True,False,False,0,0,60,120,60,0.5,,4.837446468129582,0.4936440098765375,0.009698827690311428,1.2343543122209226,2.5066776834322657,3.475346887952587,,120,0,True,16,0,0,48,0,0,27382.56475083582,,19789.809789081908,,RAW_WINDOWS_DT30_DISTANCE400_V1,120,120,0,1.0,,120,4.837446468129582,0.4936440098765375,2.5066776834322657,,0,5,6.180578900526707e-10,15,0,0,0,16,16,19790.291556968128,NO_RAW_BREAK_CROSSING,S_POINTS2,UNIFORM,PROCESSED,b8b3dbed77df8423feb692b1f29f6d0bf69ffb4379cccdc78a8f647fb740ed8c
9613,120,52,0.43333333333333335,,True,False,False,12,0,56,108,52,0.5185185185185186,,4.837446468129582,0.5390709102909375,0.04300620101804461,1.343067040567786,2.660525852417664,3.4880631374421673,,108,0,True,16,3,0,39,0,0,27382.56475083582,,17717.689627374602,,RAW_WINDOWS_DT30_DISTANCE400_V1,120,108,12,0.9,,108,4.837446468129582,0.5390709102909375,2.660525852417664,,0,5,6.180578900526707e-10,15,0,0,5,16,13,19790.291556968128,NO_RAW_BREAK_CROSSING,S_LENGTH0,UNIFORM,PROCESSED,653a61031d638d421a0d2c4a8873bceb2f325e181780643140407a509a16d9de
9613,120,52,0.43333333333333335,,True,False,False,12,0,56,108,52,0.5185185185185186,,4.837446468129582,0.5390709102909375,0.04300620101804461,1.343067040567786,2.660525852417664,3.4880631374421673,,108,0,True,16,3,0,39,0,0,27382.56475083582,,17717.689627374602,,RAW_WINDOWS_DT30_DISTANCE400_V1,120,108,12,0.9,,108,4.837446468129582,0.5390709102909375,2.660525852417664,,0,5,6.180578900526707e-10,15,0,0,5,16,13,19790.291556968128,NO_RAW_BREAK_CROSSING,D60,UNIFORM,PROCESSED,b8acba7b1f55bb066a1852e0806de0ca312fc494903349679e591785a949dd2b
9613,120,60,0.5,,True,False,False,12,0,48,108,60,0.4444444444444444,,1.4845895414061716,0.2925143577694193,0.0,0.9461218615737913,1.2630436063225765,1.4545108437380712,,108,0,True,16,3,0,39,0,0,27382.56475083582,,17717.98975686171,,RAW_WINDOWS_DT30_DISTANCE400_V1,120,108,12,0.9,,108,1.4845895414061716,0.2925143577694193,1.2630436063225765,,0,5,6.180578900526707e-10,15,0,0,5,16,13,19790.291556968128,NO_RAW_BREAK_CROSSING,P2,UNIFORM,PROCESSED,df87d68b1abda32cb2bd48c512bde23bdd7d16e787aff296c0ad54767b25a693
9613,120,46,0.38333333333333336,,True,False,False,12,0,62,108,46,0.5740740740740741,,9.732423801912294,1.9910286093439507,0.6279756360312513,6.7036195903229645,7.172937543467936,9.125808437670916,,108,0,True,16,3,0,39,0,0,27382.56475083582,,17716.503296460633,,RAW_WINDOWS_DT30_DISTANCE400_V1,120,108,12,0.9,,108,9.732423801912294,1.9910286093439507,7.172937543467936,,18,5,6.180578900526707e-10,15,0,0,5,16,13,19790.291556968128,NO_RAW_BREAK_CROSSING,P10,UNIFORM,PROCESSED,65d50857d0970e1bd8305cd5f05f1b3c3f31169fbb2d7b42b825f76a4e6347b6
1605,43,21,0.4883720930232558,,True,False,False,5,3,14,35,21,0.4,,4.909098962636119,0.7204145353398154,0.0,2.650544023627264,3.2337014669989417,4.672780958107039,,35,0,True,5,2,3,9,0,0,7653.408874983512,,4134.264832710688,,RAW_WINDOWS_DT30_DISTANCE400_V1,43,38,5,0.8837209302325582,,38,8.604270672683207,1.1390014570800855,5.418556546702236,,2,5,1.7658405365571802e-10,4,0,0,3,5,3,4376.544720239759,NO_RAW_BREAK_CROSSING,R0,UNIFORM,PROCESSED,afadbea500244f982d258a028934edaf9ff1cb4c42193c9ecca7646e369b88e1
1605,43,23,0.5348837209302325,,True,False,False,1,3,16,39,23,0.41025641025641024,,4.909098962636119,0.71654673860938,0.0,2.585673705377877,2.9536030266732656,4.644978839927148,,39,0,True,5,1,3,12,0,0,7653.408874983512,,4354.582310162312,,RAW_WINDOWS_DT30_DISTANCE400_V1,43,42,1,0.9767441860465116,,42,8.604270672683207,1.0955445104265602,4.874346314911252,,2,5,1.7658405365571802e-10,4,0,0,1,5,4,4376.544720239759,NO_RAW_BREAK_CROSSING,S0,UNIFORM,PROCESSED,d5078923ea073e583f76992efa0bdd4fcd819a22e85522a193794638a1adbe2e
1605,43,23,0.5348837209302325,,True,False,False,1,3,16,39,23,0.41025641025641024,,4.909098962636119,0.71654673860938,0.0,2.585673705377877,2.9536030266732656,4.644978839927148,,39,0,True,5,1,3,12,0,0,7653.408874983512,,4354.582310162312,,RAW_WINDOWS_DT30_DISTANCE400_V1,43,42,1,0.9767441860465116,,42,8.604270672683207,1.0955445104265602,4.874346314911252,,2,5,1.7658405365571802e-10,4,0,0,1,5,4,4376.544720239759,NO_RAW_BREAK_CROSSING,S_POINTS2,UNIFORM,PROCESSED,fa7bb36aaa8a933e15cdf31aabe4ec4ba9e57ac24bd707ba2bb9bace5a231852
1605,43,21,0.4883720930232558,,True,False,False,5,3,14,35,21,0.4,,4.909098962636119,0.7204145353398154,0.0,2.650544023627264,3.2337014669989417,4.672780958107039,,35,0,True,5,2,3,9,0,0,7653.408874983512,,4134.264832710688,,RAW_WINDOWS_DT30_DISTANCE400_V1,43,38,5,0.8837209302325582,,38,8.604270672683207,1.1390014570800855,5.418556546702236,,2,5,1.7658405365571802e-10,4,0,0,3,5,3,4376.544720239759,NO_RAW_BREAK_CROSSING,S_LENGTH0,UNIFORM,PROCESSED,cf851253ece0618ffd215b0e56133d7cdea70491d5b9da71dcf3ffea0e37b816
1605,43,21,0.4883720930232558,,True,False,False,5,3,14,35,21,0.4,,4.909098962636119,0.7204145353398154,0.0,2.650544023627264,3.2337014669989417,4.672780958107039,,35,0,True,5,2,3,9,0,0,7653.408874983512,,4134.264832710688,,RAW_WINDOWS_DT30_DISTANCE400_V1,43,38,5,0.8837209302325582,,38,8.604270672683207,1.1390014570800855,5.418556546702236,,2,5,1.7658405365571802e-10,4,0,0,3,5,3,4376.544720239759,NO_RAW_BREAK_CROSSING,D60,UNIFORM,PROCESSED,bd7aad9f18ea7cfd587cbe5e334ecb1dbf9778b3a8fdadfeb6414e69d3b58194
1605,43,26,0.6046511627906976,,True,False,False,5,3,9,35,26,0.2571428571428571,,1.8456472991789261,0.257481483537823,0.0,1.0127287881606386,1.2900681590640501,1.800133903967762,,35,0,True,5,2,3,9,0,0,7653.408874983512,,4135.892079768056,,RAW_WINDOWS_DT30_DISTANCE400_V1,43,38,5,0.8837209302325582,,38,8.604270672683207,0.7356891101334104,2.9752160507910013,,2,5,1.7658405365571802e-10,4,0,0,3,5,3,4376.544720239759,NO_RAW_BREAK_CROSSING,P2,UNIFORM,PROCESSED,4a6d86373ebc485d52668beb55e9294ba80d9a080df2fda07cb67732be8dda39
1605,43,16,0.37209302325581395,,True,False,False,5,3,19,35,16,0.5428571428571429,,9.466367978378043,2.317583196695211,0.46676500984656294,7.458691858241663,8.380393033859155,9.347457934669336,,35,0,True,5,2,3,9,0,0,7653.408874983512,,4129.704816249708,,RAW_WINDOWS_DT30_DISTANCE400_V1,43,38,5,0.8837209302325582,,38,9.466367978378043,2.618017221005911,8.681124955136532,,9,5,1.7658405365571802e-10,4,0,0,3,5,3,4376.544720239759,NO_RAW_BREAK_CROSSING,P10,UNIFORM,PROCESSED,338951c76c63b044be415d1993946f09c2d4271e714755de2f91d6af62827eff
6831,95,52,0.5473684210526316,,True,False,False,6,4,33,85,52,0.388235294117647,,3.9842037068599963,0.3266725757294193,0.0,1.1368405522462797,1.5781392443271274,3.341529186134476,,85,0,True,8,2,4,18,0,0,17958.931133133072,,11834.240724489271,,RAW_WINDOWS_DT30_DISTANCE400_V1,95,89,6,0.9368421052631579,,89,90.57090829537478,1.4832295682101133,2.1895360659933427,,2,5,3.466940580520407e-10,7,0,0,4,8,6,12529.2232127138,NO_RAW_BREAK_CROSSING,R0,UNIFORM,PROCESSED,e6923a1f36558532a4442801a3ddca47f0d9125d44352ca136b97c4e7b1a8d2f
6831,95,57,0.6,,True,False,False,0,4,34,91,57,0.37362637362637363,,3.9842037068599963,0.33170669452995655,0.0,1.1908156337022449,1.8086222811065278,3.295623863225509,,91,0,True,8,0,4,24,0,0,17958.931133133072,,12483.732720582637,,RAW_WINDOWS_DT30_DISTANCE400_V1,95,95,0,1.0,,95,90.57090829537478,1.4150060193255316,2.3315103784118985,,2,5,3.466940580520407e-10,7,0,0,0,8,8,12529.2232127138,NO_RAW_BREAK_CROSSING,S0,UNIFORM,PROCESSED,6f52d5529fb37ba2c732d457e2afefed9355c31af068b52ee0c48f48e8ae426f
6831,95,57,0.6,,True,False,False,0,4,34,91,57,0.37362637362637363,,3.9842037068599963,0.33170669452995655,0.0,1.1908156337022449,1.8086222811065278,3.295623863225509,,91,0,True,8,0,4,24,0,0,17958.931133133072,,12483.732720582637,,RAW_WINDOWS_DT30_DISTANCE400_V1,95,95,0,1.0,,95,90.57090829537478,1.4150060193255316,2.3315103784118985,,2,5,3.466940580520407e-10,7,0,0,0,8,8,12529.2232127138,NO_RAW_BREAK_CROSSING,S_POINTS2,UNIFORM,PROCESSED,ea49548ff1b9949ce51948e3ce7d0a696576c6229fc103ed68dbb826bf639b50
6831,95,52,0.5473684210526316,,True,False,False,6,4,33,85,52,0.388235294117647,,3.9842037068599963,0.3266725757294193,0.0,1.1368405522462797,1.5781392443271274,3.341529186134476,,85,0,True,8,2,4,18,0,0,17958.931133133072,,11834.240724489271,,RAW_WINDOWS_DT30_DISTANCE400_V1,95,89,6,0.9368421052631579,,89,90.57090829537478,1.4832295682101133,2.1895360659933427,,2,5,3.466940580520407e-10,7,0,0,4,8,6,12529.2232127138,NO_RAW_BREAK_CROSSING,S_LENGTH0,UNIFORM,PROCESSED,6b96df8d0f85ff7f3c3ce1bf5080997fadefaf1c38ca2d176067477df964065a
6831,95,53,0.5578947368421052,,True,False,False,6,0,36,89,53,0.4044943820224719,,4.317697841958398,0.3688658556101539,0.0,1.355243908933283,1.961464622548086,3.3509449337403145,,89,0,True,8,2,0,18,0,0,17958.931133133072,,11877.414624348174,,RAW_WINDOWS_DT30_DISTANCE400_V1,95,89,6,0.9368421052631579,,89,4.317697841958398,0.3688658556101539,1.961464622548086,,0,5,3.466940580520407e-10,7,0,0,4,8,6,12529.2232127138,NO_RAW_BREAK_CROSSING,D60,UNIFORM,PROCESSED,8e4f73d85fdc73fcdf33a60c580aa2e4c9da4a46be42bf51b6ccd223831ff58c
6831,95,56,0.5894736842105263,,True,False,False,6,4,29,85,56,0.3411764705882353,,1.5849793233245717,0.1868350045174492,0.0,0.6084345673626597,1.0339003035413366,1.5542172548104585,,85,0,True,8,2,4,18,0,0,17958.931133133072,,11834.969545699074,,RAW_WINDOWS_DT30_DISTANCE400_V1,95,89,6,0.9368421052631579,,89,90.57090829537478,1.3496768316593555,1.4518008610610011,,2,5,3.466940580520407e-10,7,0,0,4,8,6,12529.2232127138,NO_RAW_BREAK_CROSSING,P2,UNIFORM,PROCESSED,ff2d8e77dd6e0469d4166df64d2a68b5bac444fbffa3a65097abd89a32645131
6831,95,40,0.42105263157894735,,True,False,False,6,4,45,85,40,0.5294117647058824,,9.541024768614013,1.6272301505388933,0.21218880912732332,5.576698947887458,7.1700771289250085,9.462532720902166,,85,0,True,8,2,4,18,0,0,17958.931133133072,,11824.300467648265,,RAW_WINDOWS_DT30_DISTANCE400_V1,95,89,6,0.9368421052631579,,89,90.57090829537478,2.7799170666058655,8.278875356143606,,13,5,3.466940580520407e-10,7,0,0,4,8,6,12529.2232127138,NO_RAW_BREAK_CROSSING,P10,UNIFORM,PROCESSED,c40e2016e656bbaca47d82f9ea8a7ef6a2df6d2bf60d6af90e4aa9f16cabe10b
2150,124,41,0.33064516129032256,,True,False,False,0,5,78,119,41,0.6554621848739496,,4.803178892439954,1.0705015026913212,0.39437278882834065,3.1673077180171,4.093803987647463,4.662396929348223,,119,0,True,1,0,5,3,0,0,6722.407806274757,,6678.473789899136,,RAW_WINDOWS_DT30_DISTANCE400_V1,124,124,0,1.0,,124,19.28493203592424,1.3328620212636746,4.360986310675413,,2,5,2.5303671571383814e-10,0,0,0,0,1,1,6722.407806274757,NO_RAW_BREAK_CROSSING,R0,UNIFORM,PROCESSED,f24eae96afc3558b0a6b204541cab35f514ce6e504147c60861d2da55b259d40
2150,124,41,0.33064516129032256,,True,False,False,0,5,78,119,41,0.6554621848739496,,4.803178892439954,1.0705015026913212,0.39437278882834065,3.1673077180171,4.093803987647463,4.662396929348223,,119,0,True,1,0,5,3,0,0,6722.407806274757,,6678.473789899136,,RAW_WINDOWS_DT30_DISTANCE400_V1,124,124,0,1.0,,124,19.28493203592424,1.3328620212636746,4.360986310675413,,2,5,2.5303671571383814e-10,0,0,0,0,1,1,6722.407806274757,NO_RAW_BREAK_CROSSING,S0,UNIFORM,PROCESSED,d77774be1e72c2d5955e1dcf8c4aa871e1d21230ffbbb8bfddcc7fcb8edf0c7b
2150,124,41,0.33064516129032256,,True,False,False,0,5,78,119,41,0.6554621848739496,,4.803178892439954,1.0705015026913212,0.39437278882834065,3.1673077180171,4.093803987647463,4.662396929348223,,119,0,True,1,0,5,3,0,0,6722.407806274757,,6678.473789899136,,RAW_WINDOWS_DT30_DISTANCE400_V1,124,124,0,1.0,,124,19.28493203592424,1.3328620212636746,4.360986310675413,,2,5,2.5303671571383814e-10,0,0,0,0,1,1,6722.407806274757,NO_RAW_BREAK_CROSSING,S_POINTS2,UNIFORM,PROCESSED,828825df852c20cd87ea30acaddd61733ac973ba2929c5eaa0a87b411f294cc7
2150,124,41,0.33064516129032256,,True,False,False,0,5,78,119,41,0.6554621848739496,,4.803178892439954,1.0705015026913212,0.39437278882834065,3.1673077180171,4.093803987647463,4.662396929348223,,119,0,True,1,0,5,3,0,0,6722.407806274757,,6678.473789899136,,RAW_WINDOWS_DT30_DISTANCE400_V1,124,124,0,1.0,,124,19.28493203592424,1.3328620212636746,4.360986310675413,,2,5,2.5303671571383814e-10,0,0,0,0,1,1,6722.407806274757,NO_RAW_BREAK_CROSSING,S_LENGTH0,UNIFORM,PROCESSED,366fa4fb625e7fb9b42530c07d1cceb9a1138879716ceea1787680d0fd1b7e03
2150,124,41,0.33064516129032256,,True,False,False,0,2,81,122,41,0.6639344262295082,,4.803178892439954,1.074124372228141,0.4536050495532671,3.161520129359447,4.058089238952973,4.6543426272819115,,122,0,True,1,0,2,3,0,0,6722.407806274757,,6684.126437520226,,RAW_WINDOWS_DT30_DISTANCE400_V1,124,124,0,1.0,,124,19.28493203592424,1.2475045988912639,4.342833199859042,,1,5,2.5303671571383814e-10,0,0,0,0,1,1,6722.407806274757,NO_RAW_BREAK_CROSSING,D60,UNIFORM,PROCESSED,5bff158e052986064a27339317dba859e232f109101e68b300e05dfe698aa907
2150,124,63,0.5080645161290323,,True,False,False,0,5,56,119,63,0.47058823529411764,,1.8564958587072846,0.36885070472591386,0.0,1.2777076884502931,1.4791795519680953,1.7838095745835894,,119,0,True,1,0,5,3,0,0,6722.407806274757,,6690.83643890571,,RAW_WINDOWS_DT30_DISTANCE400_V1,124,124,0,1.0,,124,19.28493203592424,0.6595035941839693,1.667589256500651,,2,5,2.5303671571383814e-10,0,0,0,0,1,1,6722.407806274757,NO_RAW_BREAK_CROSSING,P2,UNIFORM,PROCESSED,936f5a303b64abed9d447144ac56195e6b4b243a1ed54c2252656f73373b29fa
2150,124,32,0.25806451612903225,,True,False,False,0,5,87,119,32,0.73109243697479,,9.360309433937346,2.042990818344532,1.1820540366292898,5.589929312932742,6.346939116701853,6.793726710927261,,119,0,True,1,0,5,3,0,0,6722.407806274757,,6668.730960325012,,RAW_WINDOWS_DT30_DISTANCE400_V1,124,124,0,1.0,,124,19.28493203592424,2.3426444877001193,6.731525292769247,,23,5,2.5303671571383814e-10,0,0,0,0,1,1,6722.407806274757,NO_RAW_BREAK_CROSSING,P10,UNIFORM,PROCESSED,6c30a4951f0250975fe36e241b49cfbbafe554caf94afc2dd0c0bae2575cbc25
1076,58,29,0.5,,True,False,False,7,0,22,51,29,0.43137254901960786,,4.025560326855399,0.5090124509596369,0.0,1.5726542422612282,1.9956998128889454,3.977698621549207,,51,0,True,8,2,0,18,0,0,22671.773626731912,,10362.305699731318,,RAW_WINDOWS_DT30_DISTANCE400_V1,58,51,7,0.8793103448275862,,51,4.025560326855399,0.5090124509596369,1.9956998128889454,,0,5,5.400217027297743e-10,7,0,0,3,8,6,11576.140245943516,NO_RAW_BREAK_CROSSING,R0,UNIFORM,PROCESSED,390aa8d1f34580ddb3528ec471c37b025f5bd471d91613d11f8a48288c9299ac
1076,58,33,0.5689655172413793,,True,False,False,0,0,25,58,33,0.43103448275862066,,4.025560326855399,0.47323962414496124,0.0,1.4332973944715144,1.8709675029760264,3.9709979828063404,,58,0,True,8,0,0,24,0,0,22671.773626731912,,11575.911848338477,,RAW_WINDOWS_DT30_DISTANCE400_V1,58,58,0,1.0,,58,4.025560326855399,0.47323962414496124,1.8709675029760264,,0,5,5.400217027297743e-10,7,0,0,0,8,8,11576.140245943516,NO_RAW_BREAK_CROSSING,S0,UNIFORM,PROCESSED,cc456d13b6d2dc82e097c77b3291abd85eee32f4902729078d9bcd1ccfedf492
1076,58,33,0.5689655172413793,,True,False,False,0,0,25,58,33,0.43103448275862066,,4.025560326855399,0.47323962414496124,0.0,1.4332973944715144,1.8709675029760264,3.9709979828063404,,58,0,True,8,0,0,24,0,0,22671.773626731912,,11575.911848338477,,RAW_WINDOWS_DT30_DISTANCE400_V1,58,58,0,1.0,,58,4.025560326855399,0.47323962414496124,1.8709675029760264,,0,5,5.400217027297743e-10,7,0,0,0,8,8,11576.140245943516,NO_RAW_BREAK_CROSSING,S_POINTS2,UNIFORM,PROCESSED,0e497b4036a2f26e3a3da08174a909285896724119f968a3fbe46e33a7a9530c
1076,58,29,0.5,,True,False,False,7,0,22,51,29,0.43137254901960786,,4.025560326855399,0.5090124509596369,0.0,1.5726542422612282,1.9956998128889454,3.977698621549207,,51,0,True,8,2,0,18,0,0,22671.773626731912,,10362.305699731318,,RAW_WINDOWS_DT30_DISTANCE400_V1,58,51,7,0.8793103448275862,,51,4.025560326855399,0.5090124509596369,1.9956998128889454,,0,5,5.400217027297743e-10,7,0,0,3,8,6,11576.140245943516,NO_RAW_BREAK_CROSSING,S_LENGTH0,UNIFORM,PROCESSED,45fd0e28b76e21826a1ccde678cee754fd145a6748192d7dcb8deb071feed72e
1076,58,29,0.5,,True,False,False,7,0,22,51,29,0.43137254901960786,,4.025560326855399,0.5090124509596369,0.0,1.5726542422612282,1.9956998128889454,3.977698621549207,,51,0,True,8,2,0,18,0,0,22671.773626731912,,10362.305699731318,,RAW_WINDOWS_DT30_DISTANCE400_V1,58,51,7,0.8793103448275862,,51,4.025560326855399,0.5090124509596369,1.9956998128889454,,0,5,5.400217027297743e-10,7,0,0,3,8,6,11576.140245943516,NO_RAW_BREAK_CROSSING,D60,UNIFORM,PROCESSED,eddb52117f06ed2462b6d671148a6eb1729953cacc64ba1dde8bf12339b0dbb4
1076,58,31,0.5344827586206896,,True,False,False,7,0,20,51,31,0.3921568627450981,,1.8175107987276333,0.3205681804952306,0.0,1.112138244272018,1.4731136366971462,1.7800165616224415,,51,0,True,8,2,0,18,0,0,22671.773626731912,,10362.463168414391,,RAW_WINDOWS_DT30_DISTANCE400_V1,58,51,7,0.8793103448275862,,51,1.8175107987276333,0.3205681804952306,1.4731136366971462,,0,5,5.400217027297743e-10,7,0,0,3,8,6,11576.140245943516,NO_RAW_BREAK_CROSSING,P2,UNIFORM,PROCESSED,32002d613e39e4c539f47df55c4d3570189a013f7c89bbef2d409fe3f0db89db
1076,58,24,0.41379310344827586,,True,False,False,7,0,27,51,24,0.5294117647058824,,9.710881083106601,1.8315931218174066,0.20897806165550473,7.370918199783002,8.068373001431251,9.447679318416405,,51,0,True,8,2,0,18,0,0,22671.773626731912,,10361.360005007016,,RAW_WINDOWS_DT30_DISTANCE400_V1,58,51,7,0.8793103448275862,,51,9.710881083106601,1.8315931218174066,8.068373001431251,,8,5,5.400217027297743e-10,7,0,0,3,8,6,11576.140245943516,NO_RAW_BREAK_CROSSING,P10,UNIFORM,PROCESSED,59eb9a0548b203e503f39ff96f2e06e7999ec2246abb68672be9bdf1a7c8bf84
3189,111,40,0.36036036036036034,,True,False,False,0,10,61,101,40,0.6039603960396039,,4.103851965088637,0.8355967794098526,0.17201522570084177,2.8121729546567935,3.4741914021702827,4.037607092502148,,101,0,True,1,0,10,3,0,0,9748.203807193271,,9728.779946823015,,RAW_WINDOWS_DT30_DISTANCE400_V1,111,111,0,1.0,,111,7.6324712120256795,1.0364363005429107,3.852880694866368,,2,5,4.833631734711126e-10,0,0,0,0,1,1,9748.203807193271,NO_RAW_BREAK_CROSSING,R0,UNIFORM,PROCESSED,46a4898c451caf71a18fef70b5d04579330dec682b04e3d8c24afb3ecb886df7
3189,111,40,0.36036036036036034,,True,False,False,0,10,61,101,40,0.6039603960396039,,4.103851965088637,0.8355967794098526,0.17201522570084177,2.8121729546567935,3.4741914021702827,4.037607092502148,,101,0,True,1,0,10,3,0,0,9748.203807193271,,9728.779946823015,,RAW_WINDOWS_DT30_DISTANCE400_V1,111,111,0,1.0,,111,7.6324712120256795,1.0364363005429107,3.852880694866368,,2,5,4.833631734711126e-10,0,0,0,0,1,1,9748.203807193271,NO_RAW_BREAK_CROSSING,S0,UNIFORM,PROCESSED,b38bd0948bbf0093ffcd1fa4fafde3e46caf17006428eb2af8d5cb1698c0a1e9
3189,111,40,0.36036036036036034,,True,False,False,0,10,61,101,40,0.6039603960396039,,4.103851965088637,0.8355967794098526,0.17201522570084177,2.8121729546567935,3.4741914021702827,4.037607092502148,,101,0,True,1,0,10,3,0,0,9748.203807193271,,9728.779946823015,,RAW_WINDOWS_DT30_DISTANCE400_V1,111,111,0,1.0,,111,7.6324712120256795,1.0364363005429107,3.852880694866368,,2,5,4.833631734711126e-10,0,0,0,0,1,1,9748.203807193271,NO_RAW_BREAK_CROSSING,S_POINTS2,UNIFORM,PROCESSED,7b87120519e7232f4c2d1215629d1faecb9d3cdc4c93078792f5c72d07980d1a
3189,111,40,0.36036036036036034,,True,False,False,0,10,61,101,40,0.6039603960396039,,4.103851965088637,0.8355967794098526,0.17201522570084177,2.8121729546567935,3.4741914021702827,4.037607092502148,,101,0,True,1,0,10,3,0,0,9748.203807193271,,9728.779946823015,,RAW_WINDOWS_DT30_DISTANCE400_V1,111,111,0,1.0,,111,7.6324712120256795,1.0364363005429107,3.852880694866368,,2,5,4.833631734711126e-10,0,0,0,0,1,1,9748.203807193271,NO_RAW_BREAK_CROSSING,S_LENGTH0,UNIFORM,PROCESSED,d8572e7a87dc66df4d0e2458812f57d9fefea1e22de6ce2fb1dbcf4a8d85bf34
3189,111,43,0.38738738738738737,,True,False,False,0,1,67,110,43,0.6090909090909091,,4.103851965088637,0.8844084608936928,0.19471158865659216,2.8625466923903606,3.5164141463025196,4.037163049062578,,110,0,True,1,0,1,3,0,0,9748.203807193271,,9739.499292371504,,RAW_WINDOWS_DT30_DISTANCE400_V1,111,111,0,1.0,,111,4.103851965088637,0.8819627620522078,3.512575715017771,,0,5,4.833631734711126e-10,0,0,0,0,1,1,9748.203807193271,NO_RAW_BREAK_CROSSING,D60,UNIFORM,PROCESSED,d928edcee895ae1eae9f50a500a5d26f7907833c51e05651803f273054f6a57e
3189,111,53,0.4774774774774775,,True,False,False,0,10,48,101,53,0.4752475247524752,,1.8156100507012032,0.3272092267182424,0.0,1.241427684975366,1.3819956864950633,1.5217240181983076,,101,0,True,1,0,10,3,0,0,9748.203807193271,,9730.706966295611,,RAW_WINDOWS_DT30_DISTANCE400_V1,111,111,0,1.0,,111,7.6324712120256795,0.5287433041563286,1.50571434540262,,2,5,4.833631734711126e-10,0,0,0,0,1,1,9748.203807193271,NO_RAW_BREAK_CROSSING,P2,UNIFORM,PROCESSED,8bc588874d5ad7ff69d1269b8826b1c2fa342faa3b5021a143ef0395229944aa
3189,111,23,0.2072072072072072,,True,False,False,0,10,78,101,23,0.7722772277227723,,9.931365933974352,2.6185252725772203,1.4106822272117712,7.239706903706371,9.115186165021042,9.753415677240381,,101,0,True,1,0,10,3,0,0,9748.203807193271,,9713.35581676696,,RAW_WINDOWS_DT30_DISTANCE400_V1,111,111,0,1.0,,111,9.931365933974352,2.7135957373590576,9.032005493388052,,29,5,4.833631734711126e-10,0,0,0,0,1,1,9748.203807193271,NO_RAW_BREAK_CROSSING,P10,UNIFORM,PROCESSED,0606d46a104a5b28af7220d0cdc611fd79443be1071634adc0dd38926195c596
8246,113,56,0.49557522123893805,,True,False,False,2,2,53,109,56,0.4862385321100917,,4.600637772949391,0.7022827771451485,0.0,2.8335224540209256,3.2645659061100556,4.287530201934408,,109,0,True,8,1,2,21,0,0,15864.083699562645,,12737.988153081247,,RAW_WINDOWS_DT30_DISTANCE400_V1,113,111,2,0.9823008849557522,,111,97.29633328192381,1.6360224677272956,3.3264634571261174,,2,5,2.9237245397642905e-10,7,0,0,2,8,7,13155.29677752904,NO_RAW_BREAK_CROSSING,R0,UNIFORM,PROCESSED,22231b2e818f174774332eb75b9346d68dac20aa6c176b26e2ffdbf44235a5cc
8246,113,58,0.5132743362831859,,True,False,False,0,2,53,111,58,0.4774774774774775,,4.600637772949391,0.6896290334128036,0.0,2.8259880684054575,3.2608305250274077,4.271748968033134,,111,0,True,8,0,2,23,0,0,15864.083699562645,,12943.066726637893,,RAW_WINDOWS_DT30_DISTANCE400_V1,113,113,0,1.0,,113,97.29633328192381,1.607066317856016,3.3235104000511773,,2,5,2.9237245397642905e-10,7,0,0,0,8,8,13155.29677752904,NO_RAW_BREAK_CROSSING,S0,UNIFORM,PROCESSED,c0a91990798b3edc166e61ce7dec2e31cbbf1f49d1842a9da89a93eaf87c032b
8246,113,58,0.5132743362831859,,True,False,False,0,2,53,111,58,0.4774774774774775,,4.600637772949391,0.6896290334128036,0.0,2.8259880684054575,3.2608305250274077,4.271748968033134,,111,0,True,8,0,2,23,0,0,15864.083699562645,,12943.066726637893,,RAW_WINDOWS_DT30_DISTANCE400_V1,113,113,0,1.0,,113,97.29633328192381,1.607066317856016,3.3235104000511773,,2,5,2.9237245397642905e-10,7,0,0,0,8,8,13155.29677752904,NO_RAW_BREAK_CROSSING,S_POINTS2,UNIFORM,PROCESSED,3446a92e5a609c39067cba378a517a1d71692ffe07e7c71d4551f1abfee00b86
8246,113,56,0.49557522123893805,,True,False,False,2,2,53,109,56,0.4862385321100917,,4.600637772949391,0.7022827771451485,0.0,2.8335224540209256,3.2645659061100556,4.287530201934408,,109,0,True,8,1,2,21,0,0,15864.083699562645,,12737.988153081247,,RAW_WINDOWS_DT30_DISTANCE400_V1,113,111,2,0.9823008849557522,,111,97.29633328192381,1.6360224677272956,3.3264634571261174,,2,5,2.9237245397642905e-10,7,0,0,2,8,7,13155.29677752904,NO_RAW_BREAK_CROSSING,S_LENGTH0,UNIFORM,PROCESSED,5da78482196c99c83f891ee11f8e3127c9954f53fee0728467dbd185e6887fb4
8246,113,57,0.504424778761062,,True,False,False,2,1,53,110,57,0.4818181818181818,,4.600637772949391,0.6906690106110285,0.0,2.7164471067898694,3.1722072393141287,4.279639584983766,,110,0,True,8,1,1,21,0,0,15864.083699562645,,12739.503222613426,,RAW_WINDOWS_DT30_DISTANCE400_V1,113,111,2,0.9823008849557522,,111,108.11458261000072,1.6584520160109357,3.2769258956827914,,1,5,2.9237245397642905e-10,7,0,0,2,8,7,13155.29677752904,NO_RAW_BREAK_CROSSING,D60,UNIFORM,PROCESSED,ca18eeaba0ca04600da6806b4f703ead39a3ed9e036990c631c8ffc16ab21aab
8246,113,68,0.6017699115044248,,True,False,False,2,2,41,109,68,0.37614678899082565,,1.835698158439156,0.2177429607679878,0.0,0.8085263317475734,1.2247206706822047,1.6773530636454879,,109,0,True,8,1,2,21,0,0,15864.083699562645,,12743.645290055469,,RAW_WINDOWS_DT30_DISTANCE400_V1,113,111,2,0.9823008849557522,,111,107.37654440318921,1.2219466902628082,1.4415519112169504,,1,5,2.9237245397642905e-10,7,0,0,2,8,7,13155.29677752904,NO_RAW_BREAK_CROSSING,P2,UNIFORM,PROCESSED,f6c4c07e4a899ec1aa33dbd5b9152c46325eecedbf59830f5cb47cd8c207c9ed
8246,113,40,0.35398230088495575,,True,False,False,2,2,69,109,40,0.6330275229357798,,9.108465054594504,2.170068966033716,0.6053478496316888,6.97205911930182,7.871271843102446,8.85373952151377,,109,0,True,8,1,2,21,0,0,15864.083699562645,,12714.385217144289,,RAW_WINDOWS_DT30_DISTANCE400_V1,113,111,2,0.9823008849557522,,111,97.29633328192381,3.0773620586178705,8.246003960163755,,23,5,2.9237245397642905e-10,7,0,0,2,8,7,13155.29677752904,NO_RAW_BREAK_CROSSING,P10,UNIFORM,PROCESSED,bcfcbb2fdc5363747d312256cea3c398c89dab7e6588362fb8637359c1be657f
11017,99,49,0.494949494949495,,True,False,False,12,1,37,86,49,0.43023255813953487,,4.498975799929224,0.7516114868677802,0.0,2.8352730114717724,3.4611076021793377,4.266826262791343,,86,0,True,17,7,1,30,0,0,24237.019423247046,,15857.178321068222,,RAW_WINDOWS_DT30_DISTANCE400_V1,99,87,12,0.8787878787878788,,87,71.52167093313736,1.5650604460203041,3.481824832222586,,1,5,2.5289389362421813e-10,16,0,0,10,17,10,16917.889497403623,NO_RAW_BREAK_CROSSING,R0,UNIFORM,PROCESSED,804cbbb55297ecd8eb18a23cadef3e0d82930f11e5e00387823f67b96a774872
11017,99,58,0.5858585858585859,,True,False,False,3,1,37,95,58,0.3894736842105263,,4.498975799929224,0.6804061881118852,0.0,2.618922850950469,3.4490050983511713,4.242245723564978,,95,0,True,17,3,1,39,0,0,24237.019423247046,,16893.07440886562,,RAW_WINDOWS_DT30_DISTANCE400_V1,99,96,3,0.9696969696969697,,96,71.52167093313736,1.4183360292059006,3.472828935704843,,1,5,2.5289389362421813e-10,16,0,0,3,17,14,16917.889497403623,NO_RAW_BREAK_CROSSING,S0,UNIFORM,PROCESSED,6acf375003681089fd9157d7ac152db82edb43a4549c17773b78df7e87e2c261
11017,99,58,0.5858585858585859,,True,False,False,3,1,37,95,58,0.3894736842105263,,4.498975799929224,0.6804061881118852,0.0,2.618922850950469,3.4490050983511713,4.242245723564978,,95,0,True,17,3,1,39,0,0,24237.019423247046,,16893.07440886562,,RAW_WINDOWS_DT30_DISTANCE400_V1,99,96,3,0.9696969696969697,,96,71.52167093313736,1.4183360292059006,3.472828935704843,,1,5,2.5289389362421813e-10,16,0,0,3,17,14,16917.889497403623,NO_RAW_BREAK_CROSSING,S_POINTS2,UNIFORM,PROCESSED,0688b401840277d0a1957acafa619acbc563250f62c26b655962f6ce09c41a3a
11017,99,49,0.494949494949495,,True,False,False,12,1,37,86,49,0.43023255813953487,,4.498975799929224,0.7516114868677802,0.0,2.8352730114717724,3.4611076021793377,4.266826262791343,,86,0,True,17,7,1,30,0,0,24237.019423247046,,15857.178321068222,,RAW_WINDOWS_DT30_DISTANCE400_V1,99,87,12,0.8787878787878788,,87,71.52167093313736,1.5650604460203041,3.481824832222586,,1,5,2.5289389362421813e-10,16,0,0,10,17,10,16917.889497403623,NO_RAW_BREAK_CROSSING,S_LENGTH0,UNIFORM,PROCESSED,be7f80ea5f4d73220c4b5aeb55c3fa910f5848c1cb9f15de7c4c2a90d292584e
11017,99,49,0.494949494949495,,True,False,False,12,0,38,87,49,0.4367816091954023,,4.498975799929224,0.7598182275504618,0.0,2.8304658505946985,3.459762879531764,4.26409509176619,,87,0,True,17,7,0,30,0,0,24237.019423247046,,15881.43683086136,,RAW_WINDOWS_DT30_DISTANCE400_V1,99,87,12,0.8787878787878788,,87,4.498975799929224,0.7598182275504618,3.459762879531764,,0,5,2.5289389362421813e-10,16,0,0,10,17,10,16917.889497403623,NO_RAW_BREAK_CROSSING,D60,UNIFORM,PROCESSED,f72ff8b1b8ca6ebf7b86f1efa1c0b535b281264f90c9eadebd08999dec2a4e18
11017,99,58,0.5858585858585859,,True,False,False,12,1,28,86,58,0.32558139534883723,,1.9104748021596658,0.24169466167443257,0.0,0.9289332951755385,1.6050661342797627,1.8402945627186709,,86,0,True,17,7,1,30,0,0,24237.019423247046,,15857.582388037084,,RAW_WINDOWS_DT30_DISTANCE400_V1,99,87,12,0.8787878787878788,,87,71.52167093313736,1.0610047337602133,1.6517885799395962,,1,5,2.5289389362421813e-10,16,0,0,10,17,10,16917.889497403623,NO_RAW_BREAK_CROSSING,P2,UNIFORM,PROCESSED,5582026c058be0cfc3f03adb0e4a3ddfca67164469b208d129a587318195b888
11017,99,43,0.43434343434343436,,True,False,False,12,1,43,86,43,0.5,,9.458595966184692,1.3214276813782007,0.015129446103291871,3.856840396990908,5.285216097242486,7.010203223540326,,86,0,True,17,7,1,30,0,0,24237.019423247046,,15856.102476243677,,RAW_WINDOWS_DT30_DISTANCE400_V1,99,87,12,0.8787878787878788,,87,71.52167093313736,2.12832702909957,5.889377046057114,,8,5,2.5289389362421813e-10,16,0,0,10,17,10,16917.889497403623,NO_RAW_BREAK_CROSSING,P10,UNIFORM,PROCESSED,05779c7921c56fe4ea5a943948c8da94969d9cea763380a6f7dd44ab47533d73
3680,66,22,0.3333333333333333,,True,False,False,4,13,27,49,22,0.5510204081632653,,3.68361254436719,0.7020522803263091,0.11087283677320575,2.4710321662064914,2.875337774704377,3.608801858510408,,49,0,True,7,4,13,9,0,0,7989.967151075111,,3348.5983100453313,,RAW_WINDOWS_DT30_DISTANCE400_V1,66,62,4,0.9393939393939394,,62,101.20420781178919,4.783375300279447,5.219079812357691,,4,5,2.2273627098807547e-10,6,0,0,4,7,3,4343.804422437353,NO_RAW_BREAK_CROSSING,R0,UNIFORM,PROCESSED,b1b07ad9b5535a022319f4ba3cad3b1fc0ff8f811148a28701c4a58061c62e50
3680,66,22,0.3333333333333333,,True,False,False,4,13,27,49,22,0.5510204081632653,,3.68361254436719,0.7020522803263091,0.11087283677320575,2.4710321662064914,2.875337774704377,3.608801858510408,,49,0,True,7,4,13,9,0,0,7989.967151075111,,3348.5983100453313,,RAW_WINDOWS_DT30_DISTANCE400_V1,66,62,4,0.9393939393939394,,62,101.20420781178919,4.783375300279447,5.219079812357691,,4,5,2.2273627098807547e-10,6,0,0,4,7,3,4343.804422437353,NO_RAW_BREAK_CROSSING,S0,UNIFORM,PROCESSED,84c46ecbd0c3a2a4859f4236af3439adc23479e566bc22a2e75df8a49059ba1c
3680,66,22,0.3333333333333333,,True,False,False,4,13,27,49,22,0.5510204081632653,,3.68361254436719,0.7020522803263091,0.11087283677320575,2.4710321662064914,2.875337774704377,3.608801858510408,,49,0,True,7,4,13,9,0,0,7989.967151075111,,3348.5983100453313,,RAW_WINDOWS_DT30_DISTANCE400_V1,66,62,4,0.9393939393939394,,62,101.20420781178919,4.783375300279447,5.219079812357691,,4,5,2.2273627098807547e-10,6,0,0,4,7,3,4343.804422437353,NO_RAW_BREAK_CROSSING,S_POINTS2,UNIFORM,PROCESSED,3f9af692022dbffcd7f12fa202e2822fc97ddc482937424d9e20c2d14ad75393
3680,66,22,0.3333333333333333,,True,False,False,4,13,27,49,22,0.5510204081632653,,3.68361254436719,0.7020522803263091,0.11087283677320575,2.4710321662064914,2.875337774704377,3.608801858510408,,49,0,True,7,4,13,9,0,0,7989.967151075111,,3348.5983100453313,,RAW_WINDOWS_DT30_DISTANCE400_V1,66,62,4,0.9393939393939394,,62,101.20420781178919,4.783375300279447,5.219079812357691,,4,5,2.2273627098807547e-10,6,0,0,4,7,3,4343.804422437353,NO_RAW_BREAK_CROSSING,S_LENGTH0,UNIFORM,PROCESSED,d15b64a859f7956cfe7f8695ce14dac7f4952ca9ab7d8035a95044844755aabe
3680,66,22,0.3333333333333333,,True,False,False,4,10,30,52,22,0.5769230769230769,,3.68361254436719,0.6892353258534937,0.17049251638212176,2.4009678447285348,2.8167190787131315,3.60412619064436,,52,0,True,7,4,10,9,0,0,7989.967151075111,,3348.5983100453313,,RAW_WINDOWS_DT30_DISTANCE400_V1,66,62,4,0.9393939393939394,,62,101.20420781178919,4.783375300279447,5.219079812357691,,4,5,2.2273627098807547e-10,6,0,0,4,7,3,4343.804422437353,NO_RAW_BREAK_CROSSING,D60,UNIFORM,PROCESSED,f2c5166bc9cac7354e5d7c7994788b158b7e4b5c64aa621a7b69461df2dee448
3680,66,28,0.42424242424242425,,True,False,False,4,13,21,49,28,0.4285714285714286,,1.9047805775287459,0.3812611925806001,0.0,1.305053917665747,1.6011085307864052,1.795598857537193,,49,0,True,7,4,13,9,0,0,7989.967151075111,,3350.144522126869,,RAW_WINDOWS_DT30_DISTANCE400_V1,66,62,4,0.9393939393939394,,62,101.20420781178919,4.487949966218479,3.4752617154184957,,3,5,2.2273627098807547e-10,6,0,0,4,7,3,4343.804422437353,NO_RAW_BREAK_CROSSING,P2,UNIFORM,PROCESSED,5aaf3f4f89b95964c12f6ee358d285d4b236b1adb12a2265c7ff678416d4bc81
3680,66,16,0.24242424242424243,,True,False,False,4,13,33,49,16,0.6734693877551021,,9.733660694879928,1.9466716619185462,1.2961461986560137,5.142563672551797,5.74722837644385,8.558893809162502,,49,0,True,7,4,13,9,0,0,7989.967151075111,,3341.444923617824,,RAW_WINDOWS_DT30_DISTANCE400_V1,66,62,4,0.9393939393939394,,62,74.60734374062044,4.386780756941615,7.216982239492563,,11,5,2.2273627098807547e-10,6,0,0,4,7,3,4343.804422437353,NO_RAW_BREAK_CROSSING,P10,UNIFORM,PROCESSED,5362aa8c47f9e1e3c6cd28a007310518c23cf70202e9be11b7abf7e0bccbcd75
6412,98,52,0.5306122448979592,,True,False,False,1,5,40,92,52,0.4347826086956522,,4.702033330434696,0.8639268371851492,0.0,2.9664007161305848,4.029690386370024,4.529399617821868,,92,0,True,4,1,5,9,0,0,9288.76607224102,,6501.654949190694,,RAW_WINDOWS_DT30_DISTANCE400_V1,98,97,1,0.9897959183673469,,97,75.82952408951631,1.6570878568562821,4.100432214924447,,1,5,2.8291682097208367e-10,3,0,0,1,4,3,6675.031654273811,NO_RAW_BREAK_CROSSING,R0,UNIFORM,PROCESSED,7c678fbed7cf15c3a6c7c4b622c32389aec9a684e75a99e7337885e9644f7937
6412,98,52,0.5306122448979592,,True,False,False,1,5,40,92,52,0.4347826086956522,,4.702033330434696,0.8639268371851492,0.0,2.9664007161305848,4.029690386370024,4.529399617821868,,92,0,True,4,1,5,9,0,0,9288.76607224102,,6501.654949190694,,RAW_WINDOWS_DT30_DISTANCE400_V1,98,97,1,0.9897959183673469,,97,75.82952408951631,1.6570878568562821,4.100432214924447,,1,5,2.8291682097208367e-10,3,0,0,1,4,3,6675.031654273811,NO_RAW_BREAK_CROSSING,S0,UNIFORM,PROCESSED,069ef8869fa4e1c65a0c5f0a4e006cfbf5fa2b990493cbf26736d1c380c3e741
6412,98,52,0.5306122448979592,,True,False,False,1,5,40,92,52,0.4347826086956522,,4.702033330434696,0.8639268371851492,0.0,2.9664007161305848,4.029690386370024,4.529399617821868,,92,0,True,4,1,5,9,0,0,9288.76607224102,,6501.654949190694,,RAW_WINDOWS_DT30_DISTANCE400_V1,98,97,1,0.9897959183673469,,97,75.82952408951631,1.6570878568562821,4.100432214924447,,1,5,2.8291682097208367e-10,3,0,0,1,4,3,6675.031654273811,NO_RAW_BREAK_CROSSING,S_POINTS2,UNIFORM,PROCESSED,a29dc9cac480322307e09fc89a692353d6162d0f6db26022af6130c699726fdb
6412,98,52,0.5306122448979592,,True,False,False,1,5,40,92,52,0.4347826086956522,,4.702033330434696,0.8639268371851492,0.0,2.9664007161305848,4.029690386370024,4.529399617821868,,92,0,True,4,1,5,9,0,0,9288.76607224102,,6501.654949190694,,RAW_WINDOWS_DT30_DISTANCE400_V1,98,97,1,0.9897959183673469,,97,75.82952408951631,1.6570878568562821,4.100432214924447,,1,5,2.8291682097208367e-10,3,0,0,1,4,3,6675.031654273811,NO_RAW_BREAK_CROSSING,S_LENGTH0,UNIFORM,PROCESSED,ae7650ee5c019141e56b52d0fafd55267aca5e802862945812507783e1b27c9a
6412,98,52,0.5306122448979592,,True,False,False,1,3,42,94,52,0.44680851063829785,,4.702033330434696,0.8824127172557243,0.0,2.920127337617143,4.020358912119656,4.5256054702919135,,94,0,True,4,1,3,9,0,0,9288.76607224102,,6501.516277637911,,RAW_WINDOWS_DT30_DISTANCE400_V1,98,97,1,0.9897959183673469,,97,75.82952408951631,1.6530293243450092,4.100432214924447,,1,5,2.8291682097208367e-10,3,0,0,1,4,3,6675.031654273811,NO_RAW_BREAK_CROSSING,D60,UNIFORM,PROCESSED,f2ac10d9ab7c0e947a6f24b21f0346ee5f20dac566cebccd2672823f643227ed
6412,98,68,0.6938775510204082,,True,False,False,1,5,24,92,68,0.26086956521739135,,1.783200108304837,0.21401998022755012,0.0,0.7628477241472891,1.4170398915870834,1.6539715576176457,,92,0,True,4,1,5,9,0,0,9288.76607224102,,6513.401138455784,,RAW_WINDOWS_DT30_DISTANCE400_V1,98,97,1,0.9897959183673469,,97,75.82952408951631,1.020056947524198,1.5496247288435512,,1,5,2.8291682097208367e-10,3,0,0,1,4,3,6675.031654273811,NO_RAW_BREAK_CROSSING,P2,UNIFORM,PROCESSED,20635666184d8f00571f9d042a9ed0c764359f0fc59671d8b236a2a7690b004e
6412,98,31,0.3163265306122449,,True,False,False,1,5,61,92,31,0.6630434782608696,,9.049119951690878,2.7660239944226257,1.6520462249624521,7.854741822360195,8.263938264718554,8.70857285018647,,92,0,True,4,1,5,9,0,0,9288.76607224102,,6464.4181649643215,,RAW_WINDOWS_DT30_DISTANCE400_V1,98,97,1,0.9897959183673469,,97,75.82952408951631,3.661048520658825,8.665701212358037,,27,5,2.8291682097208367e-10,3,0,0,1,4,3,6675.031654273811,NO_RAW_BREAK_CROSSING,P10,UNIFORM,PROCESSED,9b6c9e5f4e9688c63c022b32115fe7637eef8916739d2ae5a280cb2b099af83a
2069,109,43,0.3944954128440367,,True,False,False,0,2,64,107,43,0.5981308411214954,,4.933668228618508,0.8611416244624529,0.2832486832178967,2.6879765188888394,3.195128422932671,4.002691078448477,,107,0,True,1,0,2,3,0,0,10749.290503367589,,10724.557517391782,,RAW_WINDOWS_DT30_DISTANCE400_V1,109,109,0,1.0,,109,36.42233973619701,1.1949096104054082,3.283170582081878,,1,5,1.6625877876187205e-10,0,0,0,0,1,1,10749.290503367589,NO_RAW_BREAK_CROSSING,R0,UNIFORM,PROCESSED,7b6a8f5cb519c81b3e68cd258caf2ad2bc1c0941def0c88985c0f2764352b29a
2069,109,43,0.3944954128440367,,True,False,False,0,2,64,107,43,0.5981308411214954,,4.933668228618508,0.8611416244624529,0.2832486832178967,2.6879765188888394,3.195128422932671,4.002691078448477,,107,0,True,1,0,2,3,0,0,10749.290503367589,,10724.557517391782,,RAW_WINDOWS_DT30_DISTANCE400_V1,109,109,0,1.0,,109,36.42233973619701,1.1949096104054082,3.283170582081878,,1,5,1.6625877876187205e-10,0,0,0,0,1,1,10749.290503367589,NO_RAW_BREAK_CROSSING,S0,UNIFORM,PROCESSED,470852cb345b88b657374724fc13cb5bc6dd6eaa6ec05f7ac5d10c9d655cfcfc
2069,109,43,0.3944954128440367,,True,False,False,0,2,64,107,43,0.5981308411214954,,4.933668228618508,0.8611416244624529,0.2832486832178967,2.6879765188888394,3.195128422932671,4.002691078448477,,107,0,True,1,0,2,3,0,0,10749.290503367589,,10724.557517391782,,RAW_WINDOWS_DT30_DISTANCE400_V1,109,109,0,1.0,,109,36.42233973619701,1.1949096104054082,3.283170582081878,,1,5,1.6625877876187205e-10,0,0,0,0,1,1,10749.290503367589,NO_RAW_BREAK_CROSSING,S_POINTS2,UNIFORM,PROCESSED,b939118966af7245b8623731845a0d4d1b187228005a8ce36fa916b42896e9bd
2069,109,43,0.3944954128440367,,True,False,False,0,2,64,107,43,0.5981308411214954,,4.933668228618508,0.8611416244624529,0.2832486832178967,2.6879765188888394,3.195128422932671,4.002691078448477,,107,0,True,1,0,2,3,0,0,10749.290503367589,,10724.557517391782,,RAW_WINDOWS_DT30_DISTANCE400_V1,109,109,0,1.0,,109,36.42233973619701,1.1949096104054082,3.283170582081878,,1,5,1.6625877876187205e-10,0,0,0,0,1,1,10749.290503367589,NO_RAW_BREAK_CROSSING,S_LENGTH0,UNIFORM,PROCESSED,562f85e1c2b5667fa583b447f03be3c1e1ff46d656162d0a0d1581b38802465e
2069,109,45,0.41284403669724773,,True,False,False,0,1,63,108,45,0.5833333333333333,,4.933668228618508,0.832214615122498,0.2758810958557247,2.6779321721852587,3.1903189869892947,4.002100523204681,,108,0,True,1,0,1,3,0,0,10749.290503367589,,10738.615908502767,,RAW_WINDOWS_DT30_DISTANCE400_V1,109,109,0,1.0,,109,4.933668228618508,0.8399984625113744,3.185509551045918,,0,5,1.6625877876187205e-10,0,0,0,0,1,1,10749.290503367589,NO_RAW_BREAK_CROSSING,D60,UNIFORM,PROCESSED,984409bf4486900b6c63f9a70a0fbb370f593011c783478cc17a011bb2b65ad0
2069,109,60,0.5504587155963303,,True,False,False,0,2,47,107,60,0.4392523364485982,,1.9589393413205283,0.27843141294355894,0.0,1.0086877381454857,1.4115083729824645,1.574294415380437,,107,0,True,1,0,2,3,0,0,10749.290503367589,,10728.919518074666,,RAW_WINDOWS_DT30_DISTANCE400_V1,109,109,0,1.0,,109,37.60025334846017,0.6316865308697667,1.4613369056278178,,1,5,1.6625877876187205e-10,0,0,0,0,1,1,10749.290503367589,NO_RAW_BREAK_CROSSING,P2,UNIFORM,PROCESSED,3af10f9e72a26c776ede24bdaea89bcd5214537d02d0173644ecc93479fd35e3
2069,109,30,0.27522935779816515,,True,False,False,0,2,77,107,30,0.719626168224299,,9.832398883452193,2.305235059528507,1.3920390703755787,6.38572926420479,6.9168554127409445,9.596711688000521,,107,0,True,1,0,2,3,0,0,10749.290503367589,,10718.7062670603,,RAW_WINDOWS_DT30_DISTANCE400_V1,109,109,0,1.0,,109,36.42233973619701,2.633190942897744,7.368727048563839,,20,5,1.6625877876187205e-10,0,0,0,0,1,1,10749.290503367589,NO_RAW_BREAK_CROSSING,P10,UNIFORM,PROCESSED,058500e266097f5fed193a5d77a5bebaf8ef279d0d80743f95236edd91cc498d
6596,105,24,0.22857142857142856,,True,False,False,0,1,80,104,24,0.7692307692307692,,4.9602244957747335,1.109698417616859,0.5674031182251724,3.3034308086394573,3.576129463656672,4.839709255849241,,104,0,True,2,0,1,33,0,0,10176.104977741303,,9968.581460460024,,RAW_WINDOWS_DT30_DISTANCE400_V1,105,105,0,1.0,,105,5.53513423601728,1.1518454254111488,3.7594995623711926,,1,5,6.793159648581908e-10,1,0,0,0,2,2,9973.606781431452,NO_RAW_BREAK_CROSSING,R0,UNIFORM,PROCESSED,a191a2e85265d1e0e367760e3fceec056ff78884b7195f8b2324e3431eaefd40
6596,105,24,0.22857142857142856,,True,False,False,0,1,80,104,24,0.7692307692307692,,4.9602244957747335,1.109698417616859,0.5674031182251724,3.3034308086394573,3.576129463656672,4.839709255849241,,104,0,True,2,0,1,33,0,0,10176.104977741303,,9968.581460460024,,RAW_WINDOWS_DT30_DISTANCE400_V1,105,105,0,1.0,,105,5.53513423601728,1.1518454254111488,3.7594995623711926,,1,5,6.793159648581908e-10,1,0,0,0,2,2,9973.606781431452,NO_RAW_BREAK_CROSSING,S0,UNIFORM,PROCESSED,778a056d43ca14419413f9166a39434dcf85316b0e4d74a18cb7b0532a367bd2
6596,105,24,0.22857142857142856,,True,False,False,0,1,80,104,24,0.7692307692307692,,4.9602244957747335,1.109698417616859,0.5674031182251724,3.3034308086394573,3.576129463656672,4.839709255849241,,104,0,True,2,0,1,33,0,0,10176.104977741303,,9968.581460460024,,RAW_WINDOWS_DT30_DISTANCE400_V1,105,105,0,1.0,,105,5.53513423601728,1.1518454254111488,3.7594995623711926,,1,5,6.793159648581908e-10,1,0,0,0,2,2,9973.606781431452,NO_RAW_BREAK_CROSSING,S_POINTS2,UNIFORM,PROCESSED,79d608d27b219839f28697b0461b0bc6e0969ce5515edd5ceb870ffbfd6b7234
6596,105,24,0.22857142857142856,,True,False,False,0,1,80,104,24,0.7692307692307692,,4.9602244957747335,1.109698417616859,0.5674031182251724,3.3034308086394573,3.576129463656672,4.839709255849241,,104,0,True,2,0,1,33,0,0,10176.104977741303,,9968.581460460024,,RAW_WINDOWS_DT30_DISTANCE400_V1,105,105,0,1.0,,105,5.53513423601728,1.1518454254111488,3.7594995623711926,,1,5,6.793159648581908e-10,1,0,0,0,2,2,9973.606781431452,NO_RAW_BREAK_CROSSING,S_LENGTH0,UNIFORM,PROCESSED,9b4c3bddb6ef82f5dc54fa18e04ee56701ee965ca54c576c16b30d2f34d65f57
6596,105,25,0.23809523809523808,,True,False,False,0,0,80,105,25,0.7619047619047619,,4.9602244957747335,1.0991298612586031,0.5461139905133552,3.3034308086394573,3.5746723796480526,4.8290344106759795,,105,0,True,2,0,0,33,0,0,10176.104977741303,,9970.543756279592,,RAW_WINDOWS_DT30_DISTANCE400_V1,105,105,0,1.0,,105,4.9602244957747335,1.0991298612586031,3.5746723796480526,,0,5,6.793159648581908e-10,1,0,0,0,2,2,9973.606781431452,NO_RAW_BREAK_CROSSING,D60,UNIFORM,PROCESSED,33e7a25dc342c82eb89bc7b0ef951897c50445c28536b0bf197adf41eac52c79
6596,105,34,0.3238095238095238,,True,False,False,0,1,70,104,34,0.6730769230769231,,1.9602651516777223,0.3938795532833099,0.09707104433896149,1.3242321150550405,1.5254034773115817,1.939223712059213,,104,0,True,2,0,1,33,0,0,10176.104977741303,,9971.275691991423,,RAW_WINDOWS_DT30_DISTANCE400_V1,105,105,0,1.0,,105,5.53513423601728,0.442843883595062,1.544401438998964,,1,5,6.793159648581908e-10,1,0,0,0,2,2,9973.606781431452,NO_RAW_BREAK_CROSSING,P2,UNIFORM,PROCESSED,17e21aef5bad17d945a3b826383c5fc561bf2b3b61cf685e876f473fb027658b
6596,105,18,0.17142857142857143,,True,False,False,0,1,86,104,18,0.8269230769230769,,8.156251885831841,1.471256806904929,1.0447279043613737,3.382283662793102,5.555482036967147,7.486722956844064,,104,0,True,2,0,1,33,0,0,10176.104977741303,,9963.366729192538,,RAW_WINDOWS_DT30_DISTANCE400_V1,105,105,0,1.0,,105,8.156251885831841,1.5099604014679038,5.635448835533753,,7,5,6.793159648581908e-10,1,0,0,0,2,2,9973.606781431452,NO_RAW_BREAK_CROSSING,P10,UNIFORM,PROCESSED,e7c337e7da5228899fc462d89fffceadcf4ce66c0a17365700b7c70549b861aa
5027,104,46,0.4423076923076923,,True,False,False,3,2,53,99,46,0.5353535353535354,,4.985450304183628,1.1858816046209262,0.0,4.170002897683835,4.470350871794428,4.959852357872025,,99,0,True,3,1,2,31,0,0,8806.501533726747,,7476.118324845673,,RAW_WINDOWS_DT30_DISTANCE400_V1,104,101,3,0.9711538461538461,,101,67.56473819925951,1.8731738160350315,4.470350871794428,,1,5,1.9788554165785564e-10,2,0,0,1,3,2,7802.256753318606,NO_RAW_BREAK_CROSSING,R0,UNIFORM,PROCESSED,136c9ef60700af77c8a19366d22265cc85c08c8f278cfe53bcf7d36686e5de64
5027,104,49,0.47115384615384615,,True,False,False,0,2,53,102,49,0.5196078431372548,,4.985450304183628,1.1510027338967814,0.0,4.10325549195151,4.470350871794428,4.956470041964809,,102,0,True,3,0,2,34,0,0,8806.501533726747,,7759.526891651426,,RAW_WINDOWS_DT30_DISTANCE400_V1,104,104,0,1.0,,104,67.56473819925951,1.819139955957098,4.470350871794428,,1,5,1.9788554165785564e-10,2,0,0,0,3,3,7802.256753318606,NO_RAW_BREAK_CROSSING,S0,UNIFORM,PROCESSED,f7c92871161950ca4ec3e7f6c734f7c59c1412150e34291944854071696d7662
5027,104,49,0.47115384615384615,,True,False,False,0,2,53,102,49,0.5196078431372548,,4.985450304183628,1.1510027338967814,0.0,4.10325549195151,4.470350871794428,4.956470041964809,,102,0,True,3,0,2,34,0,0,8806.501533726747,,7759.526891651426,,RAW_WINDOWS_DT30_DISTANCE400_V1,104,104,0,1.0,,104,67.56473819925951,1.819139955957098,4.470350871794428,,1,5,1.9788554165785564e-10,2,0,0,0,3,3,7802.256753318606,NO_RAW_BREAK_CROSSING,S_POINTS2,UNIFORM,PROCESSED,27d332aee154808cafc4c68bcc671f5a94c44ef9caa436825e8238498c0aee95
5027,104,46,0.4423076923076923,,True,False,False,3,2,53,99,46,0.5353535353535354,,4.985450304183628,1.1858816046209262,0.0,4.170002897683835,4.470350871794428,4.959852357872025,,99,0,True,3,1,2,31,0,0,8806.501533726747,,7476.118324845673,,RAW_WINDOWS_DT30_DISTANCE400_V1,104,101,3,0.9711538461538461,,101,67.56473819925951,1.8731738160350315,4.470350871794428,,1,5,1.9788554165785564e-10,2,0,0,1,3,2,7802.256753318606,NO_RAW_BREAK_CROSSING,S_LENGTH0,UNIFORM,PROCESSED,26fb4dbfa453870038bef5898292a8bfe9d213a9c06fa3005db76b58d5dfb39e
5027,104,46,0.4423076923076923,,True,False,False,3,0,55,101,46,0.5445544554455446,,4.985450304183628,1.2527747550648736,0.0,4.347040258382192,4.470350871794428,4.959329950804442,,101,0,True,3,1,0,31,0,0,8806.501533726747,,7511.734459059319,,RAW_WINDOWS_DT30_DISTANCE400_V1,104,101,3,0.9711538461538461,,101,4.985450304183628,1.2527747550648736,4.470350871794428,,0,5,1.9788554165785564e-10,2,0,0,1,3,2,7802.256753318606,NO_RAW_BREAK_CROSSING,D60,UNIFORM,PROCESSED,188e00203b5ca758c919ed568858409d72a94d1676aedbc7977fbbc852ca8244
5027,104,65,0.625,,True,False,False,3,2,34,99,65,0.3434343434343434,,1.9106546375990627,0.21734960155662691,0.0,1.0161594220292773,1.4272115861817873,1.8816712517582237,,99,0,True,3,1,2,31,0,0,8806.501533726747,,7481.468514245125,,RAW_WINDOWS_DT30_DISTANCE400_V1,104,101,3,0.9711538461538461,,101,67.56473819925951,0.9238206645165599,1.6138857528891382,,1,5,1.9788554165785564e-10,2,0,0,1,3,2,7802.256753318606,NO_RAW_BREAK_CROSSING,P2,UNIFORM,PROCESSED,204773b2072f2ee092cb93203a11a4724dc4f8f721173c6447f55fdcbc474f52
5027,104,33,0.3173076923076923,,True,False,False,3,2,66,99,33,0.6666666666666667,,9.50480106486044,2.383399883175291,1.139460195065533,6.255977471608907,7.784265747293301,9.013375184692222,,99,0,True,3,1,2,31,0,0,8806.501533726747,,7468.76529740544,,RAW_WINDOWS_DT30_DISTANCE400_V1,104,101,3,0.9711538461538461,,101,67.56473819925951,3.0517228842848603,8.08107162043079,,18,5,1.9788554165785564e-10,2,0,0,1,3,2,7802.256753318606,NO_RAW_BREAK_CROSSING,P10,UNIFORM,PROCESSED,010f894ec838c183b774aa37be1e554d770df3a625667dbfc50f7159abdfda80
10155,105,25,0.23809523809523808,,True,False,False,0,1,79,104,25,0.7596153846153846,,4.9536678200209066,1.1251313082333008,0.5168399095837566,3.633806779545425,3.9126451200524244,4.734631054771564,,104,0,True,2,0,1,42,0,0,7277.788352032436,,7152.061526818667,,RAW_WINDOWS_DT30_DISTANCE400_V1,105,105,0,1.0,,105,6.478539330463235,1.1761161465402525,4.030794821291148,,1,5,3.605741956455815e-10,1,0,0,0,2,2,7156.047273777349,NO_RAW_BREAK_CROSSING,R0,UNIFORM,PROCESSED,a78395f32f27b3516fba5a3af0e72b3838e4b03d7ed58fcb26709dfc858821eb
10155,105,25,0.23809523809523808,,True,False,False,0,1,79,104,25,0.7596153846153846,,4.9536678200209066,1.1251313082333008,0.5168399095837566,3.633806779545425,3.9126451200524244,4.734631054771564,,104,0,True,2,0,1,42,0,0,7277.788352032436,,7152.061526818667,,RAW_WINDOWS_DT30_DISTANCE400_V1,105,105,0,1.0,,105,6.478539330463235,1.1761161465402525,4.030794821291148,,1,5,3.605741956455815e-10,1,0,0,0,2,2,7156.047273777349,NO_RAW_BREAK_CROSSING,S0,UNIFORM,PROCESSED,ee0e8b38db119b6e95e82e0de06cee711ee8ff735c24512b863285630a19300c
10155,105,25,0.23809523809523808,,True,False,False,0,1,79,104,25,0.7596153846153846,,4.9536678200209066,1.1251313082333008,0.5168399095837566,3.633806779545425,3.9126451200524244,4.734631054771564,,104,0,True,2,0,1,42,0,0,7277.788352032436,,7152.061526818667,,RAW_WINDOWS_DT30_DISTANCE400_V1,105,105,0,1.0,,105,6.478539330463235,1.1761161465402525,4.030794821291148,,1,5,3.605741956455815e-10,1,0,0,0,2,2,7156.047273777349,NO_RAW_BREAK_CROSSING,S_POINTS2,UNIFORM,PROCESSED,0724e67e6e4c6eb5b14070006cdc8e79215476fafbf2b40ff8230592110c60ab
10155,105,25,0.23809523809523808,,True,False,False,0,1,79,104,25,0.7596153846153846,,4.9536678200209066,1.1251313082333008,0.5168399095837566,3.633806779545425,3.9126451200524244,4.734631054771564,,104,0,True,2,0,1,42,0,0,7277.788352032436,,7152.061526818667,,RAW_WINDOWS_DT30_DISTANCE400_V1,105,105,0,1.0,,105,6.478539330463235,1.1761161465402525,4.030794821291148,,1,5,3.605741956455815e-10,1,0,0,0,2,2,7156.047273777349,NO_RAW_BREAK_CROSSING,S_LENGTH0,UNIFORM,PROCESSED,ff5c26a3466f0104915113091c0c9340d03681d53c42079101aab18705f9a588
10155,105,25,0.23809523809523808,,True,False,False,0,0,80,105,25,0.7619047619047619,,4.9536678200209066,1.1534987074829102,0.5250757499687799,3.836042354496139,4.030794821291148,4.732594218101748,,105,0,True,2,0,0,42,0,0,7277.788352032436,,7154.207070869855,,RAW_WINDOWS_DT30_DISTANCE400_V1,105,105,0,1.0,,105,4.9536678200209066,1.1534987074829102,4.030794821291148,,0,5,3.605741956455815e-10,1,0,0,0,2,2,7156.047273777349,NO_RAW_BREAK_CROSSING,D60,UNIFORM,PROCESSED,e9cc02c2bcc10da774f33b7be9dc64d80d75f079ed1f09433812fc44b91519c7
10155,105,37,0.3523809523809524,,True,False,False,0,1,67,104,37,0.6442307692307692,,1.807486629912367,0.3813086941047741,0.14202046725800355,1.1051740578121965,1.3042077101609582,1.5481417788470175,,104,0,True,2,0,1,42,0,0,7277.788352032436,,7152.861517721057,,RAW_WINDOWS_DT30_DISTANCE400_V1,105,105,0,1.0,,105,6.478539330463235,0.439377557308188,1.3183866600922651,,1,5,3.605741956455815e-10,1,0,0,0,2,2,7156.047273777349,NO_RAW_BREAK_CROSSING,P2,UNIFORM,PROCESSED,6ddebdb540865b68c9119cd8b3a53cdbc232f086419fbc453aee778982fd7340
10155,105,20,0.19047619047619047,,True,False,False,0,1,84,104,20,0.8076923076923077,,8.471667754244702,1.9212119216926877,0.8695640341951643,5.283850278112915,5.61790667815637,6.603862241748049,,104,0,True,2,0,1,42,0,0,7277.788352032436,,7148.620776683746,,RAW_WINDOWS_DT30_DISTANCE400_V1,105,105,0,1.0,,105,8.471667754244702,1.9646150398714548,5.668988153943291,,18,5,3.605741956455815e-10,1,0,0,0,2,2,7156.047273777349,NO_RAW_BREAK_CROSSING,P10,UNIFORM,PROCESSED,1876681c54c93251e53c9115aca35b07a546c06a674067b1aa89c160b3fbe8fd
2759,115,29,0.25217391304347825,,True,False,False,0,0,86,115,29,0.7478260869565218,,4.833905942925377,1.679224382460513,1.079284851526394,4.183331459295601,4.2423749501641375,4.645282398865327,,115,0,True,2,0,0,48,0,0,7645.384179529257,,7379.44444750748,,RAW_WINDOWS_DT30_DISTANCE400_V1,115,115,0,1.0,,115,4.833905942925377,1.679224382460513,4.2423749501641375,,0,5,2.338888571533078e-10,1,0,0,0,2,2,7382.982101909865,NO_RAW_BREAK_CROSSING,R0,UNIFORM,PROCESSED,faced5078c898400801a7edbedd15619391674c1353297113bbb76b86f2f945d
2759,115,29,0.25217391304347825,,True,False,False,0,0,86,115,29,0.7478260869565218,,4.833905942925377,1.679224382460513,1.079284851526394,4.183331459295601,4.2423749501641375,4.645282398865327,,115,0,True,2,0,0,48,0,0,7645.384179529257,,7379.44444750748,,RAW_WINDOWS_DT30_DISTANCE400_V1,115,115,0,1.0,,115,4.833905942925377,1.679224382460513,4.2423749501641375,,0,5,2.338888571533078e-10,1,0,0,0,2,2,7382.982101909865,NO_RAW_BREAK_CROSSING,S0,UNIFORM,PROCESSED,a2cf648fd7263d2ff49d992a1f13c5a35cdc518039b0a9755f406dedae4ce012
2759,115,29,0.25217391304347825,,True,False,False,0,0,86,115,29,0.7478260869565218,,4.833905942925377,1.679224382460513,1.079284851526394,4.183331459295601,4.2423749501641375,4.645282398865327,,115,0,True,2,0,0,48,0,0,7645.384179529257,,7379.44444750748,,RAW_WINDOWS_DT30_DISTANCE400_V1,115,115,0,1.0,,115,4.833905942925377,1.679224382460513,4.2423749501641375,,0,5,2.338888571533078e-10,1,0,0,0,2,2,7382.982101909865,NO_RAW_BREAK_CROSSING,S_POINTS2,UNIFORM,PROCESSED,5d08c98070c663aa601488ecfc39ceea7073886ff3ce3ae333e3edfbd76575b0
2759,115,29,0.25217391304347825,,True,False,False,0,0,86,115,29,0.7478260869565218,,4.833905942925377,1.679224382460513,1.079284851526394,4.183331459295601,4.2423749501641375,4.645282398865327,,115,0,True,2,0,0,48,0,0,7645.384179529257,,7379.44444750748,,RAW_WINDOWS_DT30_DISTANCE400_V1,115,115,0,1.0,,115,4.833905942925377,1.679224382460513,4.2423749501641375,,0,5,2.338888571533078e-10,1,0,0,0,2,2,7382.982101909865,NO_RAW_BREAK_CROSSING,S_LENGTH0,UNIFORM,PROCESSED,796d9964120cc8454f5199b751c9b7fd8a8a2e0fa2fec61f49ace7c6664c97b9
2759,115,29,0.25217391304347825,,True,False,False,0,0,86,115,29,0.7478260869565218,,4.833905942925377,1.679224382460513,1.079284851526394,4.183331459295601,4.2423749501641375,4.645282398865327,,115,0,True,2,0,0,48,0,0,7645.384179529257,,7379.44444750748,,RAW_WINDOWS_DT30_DISTANCE400_V1,115,115,0,1.0,,115,4.833905942925377,1.679224382460513,4.2423749501641375,,0,5,2.338888571533078e-10,1,0,0,0,2,2,7382.982101909865,NO_RAW_BREAK_CROSSING,D60,UNIFORM,PROCESSED,67c7ea2198782d036193d9a28f1bcd5d1df7c02e885d1f66cb8f97766317fa07
2759,115,43,0.3739130434782609,,True,False,False,0,0,72,115,43,0.6260869565217391,,1.7458731891624812,0.5116782996498793,0.14973173254369923,1.3947476572457795,1.5304524566487834,1.6347084020346843,,115,0,True,2,0,0,48,0,0,7645.384179529257,,7382.433365188367,,RAW_WINDOWS_DT30_DISTANCE400_V1,115,115,0,1.0,,115,1.7458731891624812,0.5116782996498793,1.5304524566487834,,0,5,2.338888571533078e-10,1,0,0,0,2,2,7382.982101909865,NO_RAW_BREAK_CROSSING,P2,UNIFORM,PROCESSED,9409b63ac448a69b268c792d0365b9e7a7db5494cf22b3e99482b159793ca969
2759,115,18,0.1565217391304348,,True,False,False,0,0,97,115,18,0.8434782608695652,,8.196378955308969,3.1241699216111,3.040632364745744,6.954123444418268,6.954123444418268,7.50400956902153,,115,0,True,2,0,0,48,0,0,7645.384179529257,,7371.098236729204,,RAW_WINDOWS_DT30_DISTANCE400_V1,115,115,0,1.0,,115,8.196378955308969,3.1241699216111,6.954123444418268,,23,5,2.338888571533078e-10,1,0,0,0,2,2,7382.982101909865,NO_RAW_BREAK_CROSSING,P10,UNIFORM,PROCESSED,53dcd4118d010cbe3f88fc885dd6d7f6f716620a7bfb7ce303345df1db08f5a2
5366,130,49,0.3769230769230769,,True,False,False,0,5,76,125,49,0.608,,4.8180153987948415,0.962760844911234,0.326033826622178,3.0810990907152225,3.375280810531763,4.615730019781948,,125,0,True,1,0,5,35,0,0,7621.36711456258,,7593.035972606381,,RAW_WINDOWS_DT30_DISTANCE400_V1,130,130,0,1.0,,130,8.717382790953488,1.121877024958527,4.11267120144446,,2,5,1.814149726382477e-10,0,0,0,0,1,1,7621.36711456258,NO_RAW_BREAK_CROSSING,R0,UNIFORM,PROCESSED,048066f03983283687b5d5c8723f7264c5d8120a19e08debb47d7a1f212e0717
5366,130,49,0.3769230769230769,,True,False,False,0,5,76,125,49,0.608,,4.8180153987948415,0.962760844911234,0.326033826622178,3.0810990907152225,3.375280810531763,4.615730019781948,,125,0,True,1,0,5,35,0,0,7621.36711456258,,7593.035972606381,,RAW_WINDOWS_DT30_DISTANCE400_V1,130,130,0,1.0,,130,8.717382790953488,1.121877024958527,4.11267120144446,,2,5,1.814149726382477e-10,0,0,0,0,1,1,7621.36711456258,NO_RAW_BREAK_CROSSING,S0,UNIFORM,PROCESSED,e1f6ff294b068e91874ac19c6a8fbc82eaf3f1d9f741d84c79cb61cf2a29d4f7
5366,130,49,0.3769230769230769,,True,False,False,0,5,76,125,49,0.608,,4.8180153987948415,0.962760844911234,0.326033826622178,3.0810990907152225,3.375280810531763,4.615730019781948,,125,0,True,1,0,5,35,0,0,7621.36711456258,,7593.035972606381,,RAW_WINDOWS_DT30_DISTANCE400_V1,130,130,0,1.0,,130,8.717382790953488,1.121877024958527,4.11267120144446,,2,5,1.814149726382477e-10,0,0,0,0,1,1,7621.36711456258,NO_RAW_BREAK_CROSSING,S_POINTS2,UNIFORM,PROCESSED,0889aa8239b4906e469e3bc1fa8f615bf2bce8fa25941756a21ecc3bc0918786
5366,130,49,0.3769230769230769,,True,False,False,0,5,76,125,49,0.608,,4.8180153987948415,0.962760844911234,0.326033826622178,3.0810990907152225,3.375280810531763,4.615730019781948,,125,0,True,1,0,5,35,0,0,7621.36711456258,,7593.035972606381,,RAW_WINDOWS_DT30_DISTANCE400_V1,130,130,0,1.0,,130,8.717382790953488,1.121877024958527,4.11267120144446,,2,5,1.814149726382477e-10,0,0,0,0,1,1,7621.36711456258,NO_RAW_BREAK_CROSSING,S_LENGTH0,UNIFORM,PROCESSED,4edaf248ae4da37e7aa8d88a983ba572d4995fee8080bda90bc57bf56fa16259
5366,130,53,0.4076923076923077,,True,False,False,0,1,76,129,53,0.5891472868217054,,4.780788990619567,0.9427829103616853,0.2910439396876853,3.0810990907152225,3.355911523671346,4.593322875135548,,129,0,True,1,0,1,35,0,0,7621.36711456258,,7600.428916599749,,RAW_WINDOWS_DT30_DISTANCE400_V1,130,130,0,1.0,,130,4.780788990619567,0.9699926934456691,3.65187204841086,,0,5,1.814149726382477e-10,0,0,0,0,1,1,7621.36711456258,NO_RAW_BREAK_CROSSING,D60,UNIFORM,PROCESSED,c59dfc1a8296504f0ee0f78b8cd3fd3780288e00aa814c49c6ab3a8c97debc23
5366,130,70,0.5384615384615384,,True,False,False,0,5,55,125,70,0.43999999999999995,,1.975807320513853,0.22054531540430677,0.0,0.9059929165060494,1.4933463856231763,1.6395398022174195,,125,0,True,1,0,5,35,0,0,7621.36711456258,,7603.061413636274,,RAW_WINDOWS_DT30_DISTANCE400_V1,130,130,0,1.0,,130,8.717382790953488,0.4146581438608248,1.6395398022174195,,2,5,1.814149726382477e-10,0,0,0,0,1,1,7621.36711456258,NO_RAW_BREAK_CROSSING,P2,UNIFORM,PROCESSED,5ce3820d40dfb3372aca7f2414169f52a6f83e239d5fe9d4829b98d60ea78894
5366,130,28,0.2153846153846154,,True,False,False,0,5,97,125,28,0.776,,9.69548667327313,3.000372124533404,2.2843763221536926,7.427200022165088,8.627639795824932,9.69548667327313,,125,0,True,1,0,5,35,0,0,7621.36711456258,,7569.732142356453,,RAW_WINDOWS_DT30_DISTANCE400_V1,130,130,0,1.0,,130,9.69548667327313,3.1079448173945354,8.75482485266701,,35,5,1.814149726382477e-10,0,0,0,0,1,1,7621.36711456258,NO_RAW_BREAK_CROSSING,P10,UNIFORM,PROCESSED,72ec58435ccefbeda872b9c362a2cb4996f532999398035b458903cdd76ec7b7
2668,104,36,0.34615384615384615,,True,False,False,0,4,64,100,36,0.64,,4.873218077548873,1.2080836722435526,0.19517446166028996,4.37877032242724,4.682431273044172,4.713579163226645,,100,0,True,8,0,4,52,0,0,13409.04936609586,,10177.721823158525,,RAW_WINDOWS_DT30_DISTANCE400_V1,104,104,0,1.0,,104,4.873218077548873,1.23254631479877,4.682431273044172,,0,5,2.088202487394611e-10,7,0,0,0,8,8,10202.34344331547,NO_RAW_BREAK_CROSSING,R0,UNIFORM,PROCESSED,93ecc68acdf3f49e99da708f44dfb1fdae1f429946f5d50252bc56fa16830be4
2668,104,36,0.34615384615384615,,True,False,False,0,4,64,100,36,0.64,,4.873218077548873,1.2080836722435526,0.19517446166028996,4.37877032242724,4.682431273044172,4.713579163226645,,100,0,True,8,0,4,52,0,0,13409.04936609586,,10177.721823158525,,RAW_WINDOWS_DT30_DISTANCE400_V1,104,104,0,1.0,,104,4.873218077548873,1.23254631479877,4.682431273044172,,0,5,2.088202487394611e-10,7,0,0,0,8,8,10202.34344331547,NO_RAW_BREAK_CROSSING,S0,UNIFORM,PROCESSED,c261116ed5ed801d82f9de5c137db25cab68054d2b23da053cddca69999414f6
2668,104,36,0.34615384615384615,,True,False,False,0,4,64,100,36,0.64,,4.873218077548873,1.2080836722435526,0.19517446166028996,4.37877032242724,4.682431273044172,4.713579163226645,,100,0,True,8,0,4,52,0,0,13409.04936609586,,10177.721823158525,,RAW_WINDOWS_DT30_DISTANCE400_V1,104,104,0,1.0,,104,4.873218077548873,1.23254631479877,4.682431273044172,,0,5,2.088202487394611e-10,7,0,0,0,8,8,10202.34344331547,NO_RAW_BREAK_CROSSING,S_POINTS2,UNIFORM,PROCESSED,3a7e44c5e3bea922ccb45c5aa3121e3ca1e3ea9de78c467972b19026bc14ee58
2668,104,36,0.34615384615384615,,True,False,False,0,4,64,100,36,0.64,,4.873218077548873,1.2080836722435526,0.19517446166028996,4.37877032242724,4.682431273044172,4.713579163226645,,100,0,True,8,0,4,52,0,0,13409.04936609586,,10177.721823158525,,RAW_WINDOWS_DT30_DISTANCE400_V1,104,104,0,1.0,,104,4.873218077548873,1.23254631479877,4.682431273044172,,0,5,2.088202487394611e-10,7,0,0,0,8,8,10202.34344331547,NO_RAW_BREAK_CROSSING,S_LENGTH0,UNIFORM,PROCESSED,9a96211950477b43bccd08391ba9b61591efbbe8e60c72d469061a1971f4d962
2668,104,36,0.34615384615384615,,True,False,False,0,3,65,101,36,0.6435643564356436,,4.873218077548873,1.207144944711473,0.21027505583539421,4.358033328494321,4.682431273044172,4.711966648940561,,101,0,True,8,0,3,52,0,0,13409.04936609586,,10177.721823158525,,RAW_WINDOWS_DT30_DISTANCE400_V1,104,104,0,1.0,,104,4.873218077548873,1.23254631479877,4.682431273044172,,0,5,2.088202487394611e-10,7,0,0,0,8,8,10202.34344331547,NO_RAW_BREAK_CROSSING,D60,UNIFORM,PROCESSED,3932bbbb01fdc6f3ca944cf2010039a706a817a368a372c68d3e957a90e90096
2668,104,51,0.49038461538461536,,True,False,False,0,4,49,100,51,0.49,,1.8575199420581314,0.24438579142053513,0.0,0.9427648070309987,1.089933544424258,1.6683124105053084,,100,0,True,8,0,4,52,0,0,13409.04936609586,,10194.58698163437,,RAW_WINDOWS_DT30_DISTANCE400_V1,104,104,0,1.0,,104,3.0510798043743783,0.31799358306744535,1.5929734351017257,,0,5,2.088202487394611e-10,7,0,0,0,8,8,10202.34344331547,NO_RAW_BREAK_CROSSING,P2,UNIFORM,PROCESSED,746d9231fb7d492f2540b9c127c28d0d082ceb0a0a485aee4ba1b455140e78d6
2668,104,30,0.28846153846153844,,True,False,False,0,4,70,100,30,0.7,,7.7637653451085615,1.5733810338415393,0.8631811136608761,4.682431273044172,4.993859219331448,7.44125175538112,,100,0,True,8,0,4,52,0,0,13409.04936609586,,10174.59365605323,,RAW_WINDOWS_DT30_DISTANCE400_V1,104,104,0,1.0,,104,7.7637653451085615,1.5837937778737572,4.970779631271962,,5,5,2.088202487394611e-10,7,0,0,0,8,8,10202.34344331547,NO_RAW_BREAK_CROSSING,P10,UNIFORM,PROCESSED,0e0f838d1faec93d738a2e28d1adf7134993a918b58d252460065537d7c49785
5256,114,36,0.3157894736842105,,True,False,False,0,5,73,109,36,0.6697247706422018,,4.922694730773062,0.9898937846231981,0.44888742937106024,3.354008440675982,4.148139908811014,4.922694730773062,,109,0,True,2,0,5,54,0,0,6701.219421058957,,6283.4942095327515,,RAW_WINDOWS_DT30_DISTANCE400_V1,114,114,0,1.0,,114,11.738063234426374,1.191432250304772,4.539586902190584,,2,5,2.9867716745979457e-10,1,0,0,0,2,2,6314.879864005125,NO_RAW_BREAK_CROSSING,R0,UNIFORM,PROCESSED,f8b2e8fa9260157a29b5699f34354fd7fef1acc735b717c012fc4bcb9dc298ab
5256,114,36,0.3157894736842105,,True,False,False,0,5,73,109,36,0.6697247706422018,,4.922694730773062,0.9898937846231981,0.44888742937106024,3.354008440675982,4.148139908811014,4.922694730773062,,109,0,True,2,0,5,54,0,0,6701.219421058957,,6283.4942095327515,,RAW_WINDOWS_DT30_DISTANCE400_V1,114,114,0,1.0,,114,11.738063234426374,1.191432250304772,4.539586902190584,,2,5,2.9867716745979457e-10,1,0,0,0,2,2,6314.879864005125,NO_RAW_BREAK_CROSSING,S0,UNIFORM,PROCESSED,c350d113c0ef36965100884df60960b13bb85599c3cd10af84e3931ca224f8bc
5256,114,36,0.3157894736842105,,True,False,False,0,5,73,109,36,0.6697247706422018,,4.922694730773062,0.9898937846231981,0.44888742937106024,3.354008440675982,4.148139908811014,4.922694730773062,,109,0,True,2,0,5,54,0,0,6701.219421058957,,6283.4942095327515,,RAW_WINDOWS_DT30_DISTANCE400_V1,114,114,0,1.0,,114,11.738063234426374,1.191432250304772,4.539586902190584,,2,5,2.9867716745979457e-10,1,0,0,0,2,2,6314.879864005125,NO_RAW_BREAK_CROSSING,S_POINTS2,UNIFORM,PROCESSED,478ccb3b60d230d48f2ea14e3b8d59c4579be389b4ff8af1528269a26b1d21a7
5256,114,36,0.3157894736842105,,True,False,False,0,5,73,109,36,0.6697247706422018,,4.922694730773062,0.9898937846231981,0.44888742937106024,3.354008440675982,4.148139908811014,4.922694730773062,,109,0,True,2,0,5,54,0,0,6701.219421058957,,6283.4942095327515,,RAW_WINDOWS_DT30_DISTANCE400_V1,114,114,0,1.0,,114,11.738063234426374,1.191432250304772,4.539586902190584,,2,5,2.9867716745979457e-10,1,0,0,0,2,2,6314.879864005125,NO_RAW_BREAK_CROSSING,S_LENGTH0,UNIFORM,PROCESSED,fa0d26d6acb8898bc31e4e8d1d16882fc0ed736b4838a00f2a1207066b7d8b85
5256,114,37,0.32456140350877194,,True,False,False,0,2,75,112,37,0.6696428571428572,,4.922694730773062,1.013564574326909,0.504006988270212,3.3795271957315935,4.1327910816215665,4.922694730773062,,112,0,True,2,0,2,54,0,0,6701.219421058957,,6291.218516590844,,RAW_WINDOWS_DT30_DISTANCE400_V1,114,114,0,1.0,,114,4.922694730773062,1.012122335177636,4.122558530161937,,0,5,2.9867716745979457e-10,1,0,0,0,2,2,6314.879864005125,NO_RAW_BREAK_CROSSING,D60,UNIFORM,PROCESSED,8189fad27526942735c3f8bb5a94fa8d9f9386a3053647358a667bf876cf0862
5256,114,53,0.4649122807017544,,True,False,False,0,5,56,109,53,0.5137614678899083,,1.8909630150441374,0.29241005541216064,0.0,1.1697121684997411,1.3020868547926236,1.6649413687730932,,109,0,True,2,0,5,54,0,0,6701.219421058957,,6289.1251328066855,,RAW_WINDOWS_DT30_DISTANCE400_V1,114,114,0,1.0,,114,11.738063234426374,0.5245399127257978,1.3735777172454695,,2,5,2.9867716745979457e-10,1,0,0,0,2,2,6314.879864005125,NO_RAW_BREAK_CROSSING,P2,UNIFORM,PROCESSED,9d8f45b5782a3ca620682578af2dc229ae874ae3cbedb13647fd2d0b5b821b09
5256,114,25,0.21929824561403508,,True,False,False,0,5,84,109,25,0.7706422018348624,,9.27419045116835,1.9489920031047157,0.9920068699552889,5.346173419352102,7.331791851545175,9.023241214273416,,109,0,True,2,0,5,54,0,0,6701.219421058957,,6276.600229632035,,RAW_WINDOWS_DT30_DISTANCE400_V1,114,114,0,1.0,,114,11.589407086122554,2.1052472461284397,8.075207009868187,,15,5,2.9867716745979457e-10,1,0,0,0,2,2,6314.879864005125,NO_RAW_BREAK_CROSSING,P10,UNIFORM,PROCESSED,fc559efe832d433ae2f85bed325fb7f78898af2ff32f5c9b7e7a9f45c7db7b13
3186,125,46,0.368,,True,False,False,0,6,73,119,46,0.6134453781512605,,4.839001293568957,0.8254520845146128,0.0,3.014661330567286,3.6819739747041265,4.499235260178536,,119,0,True,2,0,6,34,0,0,10001.800844569212,,8116.54531681271,,RAW_WINDOWS_DT30_DISTANCE400_V1,125,125,0,1.0,,125,6.339758762273264,0.928407710435775,3.6910262866392056,,1,5,3.3924427131906703e-10,1,0,0,0,2,2,8134.29788419522,NO_RAW_BREAK_CROSSING,R0,UNIFORM,PROCESSED,85c5b5a47798782cf1dc42ce8560763470ba41bdc21296601903a6a57496c264
3186,125,46,0.368,,True,False,False,0,6,73,119,46,0.6134453781512605,,4.839001293568957,0.8254520845146128,0.0,3.014661330567286,3.6819739747041265,4.499235260178536,,119,0,True,2,0,6,34,0,0,10001.800844569212,,8116.54531681271,,RAW_WINDOWS_DT30_DISTANCE400_V1,125,125,0,1.0,,125,6.339758762273264,0.928407710435775,3.6910262866392056,,1,5,3.3924427131906703e-10,1,0,0,0,2,2,8134.29788419522,NO_RAW_BREAK_CROSSING,S0,UNIFORM,PROCESSED,1adf55e1ab725b63f3208381e76a4116159fee4c0ba6cac04ee3ffb75969754b
3186,125,46,0.368,,True,False,False,0,6,73,119,46,0.6134453781512605,,4.839001293568957,0.8254520845146128,0.0,3.014661330567286,3.6819739747041265,4.499235260178536,,119,0,True,2,0,6,34,0,0,10001.800844569212,,8116.54531681271,,RAW_WINDOWS_DT30_DISTANCE400_V1,125,125,0,1.0,,125,6.339758762273264,0.928407710435775,3.6910262866392056,,1,5,3.3924427131906703e-10,1,0,0,0,2,2,8134.29788419522,NO_RAW_BREAK_CROSSING,S_POINTS2,UNIFORM,PROCESSED,5ede945cd70e20b707a77f498a854278d27810d4b9ead8aaeea32bba45f3476e
3186,125,46,0.368,,True,False,False,0,6,73,119,46,0.6134453781512605,,4.839001293568957,0.8254520845146128,0.0,3.014661330567286,3.6819739747041265,4.499235260178536,,119,0,True,2,0,6,34,0,0,10001.800844569212,,8116.54531681271,,RAW_WINDOWS_DT30_DISTANCE400_V1,125,125,0,1.0,,125,6.339758762273264,0.928407710435775,3.6910262866392056,,1,5,3.3924427131906703e-10,1,0,0,0,2,2,8134.29788419522,NO_RAW_BREAK_CROSSING,S_LENGTH0,UNIFORM,PROCESSED,66cce8cce4040578d2d2a3056fe25c59ba4469c371bb18022c222f62068bec1e
3186,125,47,0.376,,True,False,False,0,1,77,124,47,0.6209677419354839,,4.839001293568957,0.8560857210844213,0.1402721313074248,3.005698536115736,3.5741441367947706,4.470011094780353,,124,0,True,2,0,1,34,0,0,10001.800844569212,,8117.478594637544,,RAW_WINDOWS_DT30_DISTANCE400_V1,125,125,0,1.0,,125,4.839001293568957,0.8566775739011541,3.5727628666118227,,0,5,3.3924427131906703e-10,1,0,0,0,2,2,8134.29788419522,NO_RAW_BREAK_CROSSING,D60,UNIFORM,PROCESSED,be00ed2a28ba0c3dfbfca3d5e9f55d6ffee1c59c7462ab19c65c4a51e0b99024
3186,125,70,0.56,,True,False,False,0,6,49,119,70,0.4117647058823529,,1.8833376159544963,0.23472637066726496,0.0,0.8676435913356838,1.371119873540303,1.7448999697945877,,119,0,True,2,0,6,34,0,0,10001.800844569212,,8125.234240075461,,RAW_WINDOWS_DT30_DISTANCE400_V1,125,125,0,1.0,,125,5.7603794641201125,0.3599716860825104,1.6286903028903852,,1,5,3.3924427131906703e-10,1,0,0,0,2,2,8134.29788419522,NO_RAW_BREAK_CROSSING,P2,UNIFORM,PROCESSED,bd5c9ba8b939a9c319c61ed13c5b506b4b2f2e1fccf8488206679ef95c203b0d
3186,125,29,0.232,,True,False,False,0,6,90,119,29,0.7563025210084033,,9.808416858085625,2.83548582401523,2.217319190247175,8.85164328773973,9.156695937093337,9.324417035900394,,119,0,True,2,0,6,34,0,0,10001.800844569212,,8085.4598452749715,,RAW_WINDOWS_DT30_DISTANCE400_V1,125,125,0,1.0,,125,9.808416858085625,2.8843127583014536,9.096492493560497,,30,5,3.3924427131906703e-10,1,0,0,0,2,2,8134.29788419522,NO_RAW_BREAK_CROSSING,P10,UNIFORM,PROCESSED,5eaafca6a1a8f1601ed775014e930c2bef6474d618fb9e792774f69ab3579f51
4915,105,50,0.47619047619047616,,True,False,False,1,4,50,100,50,0.5,,4.79800434976144,0.7967019440199483,0.0,2.811662389236498,3.8393351178049584,4.79800434976144,,100,0,True,3,1,4,30,0,0,10031.318592834354,,8945.989550169073,,RAW_WINDOWS_DT30_DISTANCE400_V1,105,104,1,0.9904761904761905,,104,88.6027421070208,3.06886000852203,4.51766495853283,,3,5,2.1745128196686008e-10,2,0,0,1,3,2,9667.68085587164,NO_RAW_BREAK_CROSSING,R0,UNIFORM,PROCESSED,c3a53f28ea60fb4c664c15a966fce6b210d0af04865c298155994f81ebe55ea8
4915,105,50,0.47619047619047616,,True,False,False,1,4,50,100,50,0.5,,4.79800434976144,0.7967019440199483,0.0,2.811662389236498,3.8393351178049584,4.79800434976144,,100,0,True,3,1,4,30,0,0,10031.318592834354,,8945.989550169073,,RAW_WINDOWS_DT30_DISTANCE400_V1,105,104,1,0.9904761904761905,,104,88.6027421070208,3.06886000852203,4.51766495853283,,3,5,2.1745128196686008e-10,2,0,0,1,3,2,9667.68085587164,NO_RAW_BREAK_CROSSING,S0,UNIFORM,PROCESSED,c4994c886b00e24962a350e3b5681ddb1a3b47dafa2bb8e4642de76f1c7111f3
4915,105,50,0.47619047619047616,,True,False,False,1,4,50,100,50,0.5,,4.79800434976144,0.7967019440199483,0.0,2.811662389236498,3.8393351178049584,4.79800434976144,,100,0,True,3,1,4,30,0,0,10031.318592834354,,8945.989550169073,,RAW_WINDOWS_DT30_DISTANCE400_V1,105,104,1,0.9904761904761905,,104,88.6027421070208,3.06886000852203,4.51766495853283,,3,5,2.1745128196686008e-10,2,0,0,1,3,2,9667.68085587164,NO_RAW_BREAK_CROSSING,S_POINTS2,UNIFORM,PROCESSED,fe992e56cdd4da6bc699829ba273338b5e4e203f169206f92bd5b598f4727bbe
4915,105,50,0.47619047619047616,,True,False,False,1,4,50,100,50,0.5,,4.79800434976144,0.7967019440199483,0.0,2.811662389236498,3.8393351178049584,4.79800434976144,,100,0,True,3,1,4,30,0,0,10031.318592834354,,8945.989550169073,,RAW_WINDOWS_DT30_DISTANCE400_V1,105,104,1,0.9904761904761905,,104,88.6027421070208,3.06886000852203,4.51766495853283,,3,5,2.1745128196686008e-10,2,0,0,1,3,2,9667.68085587164,NO_RAW_BREAK_CROSSING,S_LENGTH0,UNIFORM,PROCESSED,ddc824aef434d080c48fc37d98bad413bc5b8e298e47d964c4a9020025be3284
4915,105,50,0.47619047619047616,,True,False,False,1,4,50,100,50,0.5,,4.79800434976144,0.7967019440199483,0.0,2.811662389236498,3.8393351178049584,4.79800434976144,,100,0,True,3,1,4,30,0,0,10031.318592834354,,8945.989550169073,,RAW_WINDOWS_DT30_DISTANCE400_V1,105,104,1,0.9904761904761905,,104,88.6027421070208,3.06886000852203,4.51766495853283,,3,5,2.1745128196686008e-10,2,0,0,1,3,2,9667.68085587164,NO_RAW_BREAK_CROSSING,D60,UNIFORM,PROCESSED,dd10d97610451beb36cbeb8678f477a32edcda3b09572f8b7da61e4aa6f59028
4915,105,63,0.6,,True,False,False,1,4,37,100,63,0.37,,1.9986120657122588,0.32013431919389085,0.0,1.5153482168208967,1.6961726868276796,1.8566584690271368,,100,0,True,3,1,4,30,0,0,10031.318592834354,,8948.551766248547,,RAW_WINDOWS_DT30_DISTANCE400_V1,105,104,1,0.9904761904761905,,104,88.6027421070208,2.610621907727744,1.8455532434995505,,3,5,2.1745128196686008e-10,2,0,0,1,3,2,9667.68085587164,NO_RAW_BREAK_CROSSING,P2,UNIFORM,PROCESSED,6a386e8d14f3e2d6cd730a3e80f3bb916cbc62fe5a98b4bda56ddeb1495e8428
4915,105,38,0.3619047619047619,,True,False,False,1,4,62,100,38,0.62,,9.482697776299183,2.01210883220371,0.5684230074557024,6.028762475308748,7.9006458296301005,9.480436093192498,,100,0,True,3,1,4,30,0,0,10031.318592834354,,8940.91947147201,,RAW_WINDOWS_DT30_DISTANCE400_V1,105,104,1,0.9904761904761905,,104,88.6027421070208,3.7112734945771466,8.751248987188912,,22,5,2.1745128196686008e-10,2,0,0,1,3,2,9667.68085587164,NO_RAW_BREAK_CROSSING,P10,UNIFORM,PROCESSED,0eee3a6b730690ec277d663072bef6ef5bcda59953bc566a709ef3e57645604f
5707,102,21,0.20588235294117646,,True,False,False,6,3,72,93,21,0.7741935483870968,,4.949968598115597,0.9931343650615873,0.5702716477963122,2.9448843557379685,3.763759931790509,4.8093104825762705,,93,0,True,5,3,3,37,0,0,12570.367537667527,,9616.1414559956,,RAW_WINDOWS_DT30_DISTANCE400_V1,102,96,6,0.9411764705882353,,96,44.626195705748984,1.5254656784792822,4.31422080148646,,1,5,3.687587321327136e-10,4,0,0,4,5,2,10290.739512090166,NO_RAW_BREAK_CROSSING,R0,UNIFORM,PROCESSED,5e5713e8c95d0031d380e527299ed5ecc18141659a75684bb5b36ae4535816fa
5707,102,23,0.22549019607843138,,True,False,False,2,3,74,97,23,0.7628865979381443,,4.949968598115597,0.9662991466096258,0.5702716477963122,2.9218422766870282,3.6718280763979485,4.803194912335429,,97,0,True,5,2,3,40,0,0,12570.367537667527,,10269.275078651748,,RAW_WINDOWS_DT30_DISTANCE400_V1,102,100,2,0.9803921568627451,,100,44.626195705748984,1.478142264044172,4.2161381447485,,1,5,3.687587321327136e-10,4,0,0,2,5,3,10290.739512090166,NO_RAW_BREAK_CROSSING,S0,UNIFORM,PROCESSED,7b62974286f5bec488413d564c4fdbd4ff0f0763ce9e94160f58e8cddf3fde14
5707,102,23,0.22549019607843138,,True,False,False,2,3,74,97,23,0.7628865979381443,,4.949968598115597,0.9662991466096258,0.5702716477963122,2.9218422766870282,3.6718280763979485,4.803194912335429,,97,0,True,5,2,3,40,0,0,12570.367537667527,,10269.275078651748,,RAW_WINDOWS_DT30_DISTANCE400_V1,102,100,2,0.9803921568627451,,100,44.626195705748984,1.478142264044172,4.2161381447485,,1,5,3.687587321327136e-10,4,0,0,2,5,3,10290.739512090166,NO_RAW_BREAK_CROSSING,S_POINTS2,UNIFORM,PROCESSED,8c72778ae1749f1d71838a76ef642367872e5efb17639bad1233b92365ec8e2d
5707,102,21,0.20588235294117646,,True,False,False,6,3,72,93,21,0.7741935483870968,,4.949968598115597,0.9931343650615873,0.5702716477963122,2.9448843557379685,3.763759931790509,4.8093104825762705,,93,0,True,5,3,3,37,0,0,12570.367537667527,,9616.1414559956,,RAW_WINDOWS_DT30_DISTANCE400_V1,102,96,6,0.9411764705882353,,96,44.626195705748984,1.5254656784792822,4.31422080148646,,1,5,3.687587321327136e-10,4,0,0,4,5,2,10290.739512090166,NO_RAW_BREAK_CROSSING,S_LENGTH0,UNIFORM,PROCESSED,15e5992955a2407f4d9ed0af8f94383b13ecdb5f40ae438cb431ff69c371636b
5707,102,22,0.21568627450980393,,True,False,False,6,0,74,96,22,0.7708333333333334,,4.949968598115597,1.110978583204354,0.6937813970877428,3.4696219770402554,4.065059868323231,4.80472380489564,,96,0,True,5,3,0,37,0,0,12570.367537667527,,9632.663861587333,,RAW_WINDOWS_DT30_DISTANCE400_V1,102,96,6,0.9411764705882353,,96,4.949968598115597,1.110978583204354,4.065059868323231,,0,5,3.687587321327136e-10,4,0,0,4,5,2,10290.739512090166,NO_RAW_BREAK_CROSSING,D60,UNIFORM,PROCESSED,31098777e13f664fcd4c70524abf827c14a26bc05b35b5631cf5138ffd2956d1
5707,102,29,0.28431372549019607,,True,False,False,6,3,64,93,29,0.6881720430107527,,1.8495473625949719,0.5023299655083586,0.13318753354341037,1.1996654623785699,1.5086796180852362,1.8188139736423814,,93,0,True,5,3,3,37,0,0,12570.367537667527,,9616.680803147734,,RAW_WINDOWS_DT30_DISTANCE400_V1,102,96,6,0.9411764705882353,,96,44.626195705748984,1.0499989164120922,1.7168955779981687,,1,5,3.687587321327136e-10,4,0,0,4,5,2,10290.739512090166,NO_RAW_BREAK_CROSSING,P2,UNIFORM,PROCESSED,e007ede1aafc3a80b78c7187c3d20f0c8a76d02851635b85d74ca6c38c7dbf2a
5707,102,18,0.17647058823529413,,True,False,False,6,3,75,93,18,0.8064516129032258,,8.81563335883994,1.3774417639357968,0.7943476630491912,3.5630912335145064,4.742924027391199,8.601083462343215,,93,0,True,5,3,3,37,0,0,12570.367537667527,,9615.29181071273,,RAW_WINDOWS_DT30_DISTANCE400_V1,102,96,6,0.9411764705882353,,96,44.626195705748984,1.8977634711386726,4.835301656099842,,4,5,3.687587321327136e-10,4,0,0,4,5,2,10290.739512090166,NO_RAW_BREAK_CROSSING,P10,UNIFORM,PROCESSED,c4a1bc1ca516d3654a3a631b2ffe8b8177b0676357529eed462760de07030ee9
1718,103,24,0.23300970873786409,,True,False,False,0,2,77,101,24,0.7623762376237624,,4.906279708819243,0.7875221352648709,0.021109838611461512,2.7962417820271055,3.0001216293745134,4.77047694112703,,101,0,True,1,0,2,50,0,0,4895.733180785234,,4886.103783311439,,RAW_WINDOWS_DT30_DISTANCE400_V1,103,103,0,1.0,,103,10.068950298386667,0.9321840220080531,3.0175800612024535,,2,5,3.662278640235176e-10,0,0,0,0,1,1,4895.733180785234,NO_RAW_BREAK_CROSSING,R0,UNIFORM,PROCESSED,d33dc0d1345c86c4326dbcf9b56c82bc5cc08cb01bc65ef2a9fdf726f214f9fb
1718,103,24,0.23300970873786409,,True,False,False,0,2,77,101,24,0.7623762376237624,,4.906279708819243,0.7875221352648709,0.021109838611461512,2.7962417820271055,3.0001216293745134,4.77047694112703,,101,0,True,1,0,2,50,0,0,4895.733180785234,,4886.103783311439,,RAW_WINDOWS_DT30_DISTANCE400_V1,103,103,0,1.0,,103,10.068950298386667,0.9321840220080531,3.0175800612024535,,2,5,3.662278640235176e-10,0,0,0,0,1,1,4895.733180785234,NO_RAW_BREAK_CROSSING,S0,UNIFORM,PROCESSED,d8bd8925a60ad65df2a3b25079cb7dff3f66172d93348a030eb7fb09590e634e
1718,103,24,0.23300970873786409,,True,False,False,0,2,77,101,24,0.7623762376237624,,4.906279708819243,0.7875221352648709,0.021109838611461512,2.7962417820271055,3.0001216293745134,4.77047694112703,,101,0,True,1,0,2,50,0,0,4895.733180785234,,4886.103783311439,,RAW_WINDOWS_DT30_DISTANCE400_V1,103,103,0,1.0,,103,10.068950298386667,0.9321840220080531,3.0175800612024535,,2,5,3.662278640235176e-10,0,0,0,0,1,1,4895.733180785234,NO_RAW_BREAK_CROSSING,S_POINTS2,UNIFORM,PROCESSED,541c3c61476eb850f3789701503593560c79eee757df9534572ec882c225f322
1718,103,24,0.23300970873786409,,True,False,False,0,2,77,101,24,0.7623762376237624,,4.906279708819243,0.7875221352648709,0.021109838611461512,2.7962417820271055,3.0001216293745134,4.77047694112703,,101,0,True,1,0,2,50,0,0,4895.733180785234,,4886.103783311439,,RAW_WINDOWS_DT30_DISTANCE400_V1,103,103,0,1.0,,103,10.068950298386667,0.9321840220080531,3.0175800612024535,,2,5,3.662278640235176e-10,0,0,0,0,1,1,4895.733180785234,NO_RAW_BREAK_CROSSING,S_LENGTH0,UNIFORM,PROCESSED,01ab1b8b88929599b2524b368a1f10cfeb5684529e79ff1f9f781d393600ca8e
1718,103,26,0.2524271844660194,,True,False,False,0,0,77,103,26,0.7475728155339806,,4.906279708819243,0.8151538082869455,0.016453467896545858,2.2593601637188536,3.0001216293745134,4.756840105420205,,103,0,True,1,0,0,50,0,0,4895.733180785234,,4892.808271582248,,RAW_WINDOWS_DT30_DISTANCE400_V1,103,103,0,1.0,,103,4.906279708819243,0.8151538082869455,3.0001216293745134,,0,5,3.662278640235176e-10,0,0,0,0,1,1,4895.733180785234,NO_RAW_BREAK_CROSSING,D60,UNIFORM,PROCESSED,4d8f2548c99e8863cea72bf546672b5ee08ca23559f9da067b3eb3c041cdb2e4
1718,103,34,0.3300970873786408,,True,False,False,0,2,67,101,34,0.6633663366336633,,1.9850989587233627,0.28050655899780813,0.0,1.1152171742650518,1.434711831937385,1.7364636883009328,,101,0,True,1,0,2,50,0,0,4895.733180785234,,4888.488218391598,,RAW_WINDOWS_DT30_DISTANCE400_V1,103,103,0,1.0,,103,10.068950298386667,0.423103211864406,1.5620988757741443,,2,5,3.662278640235176e-10,0,0,0,0,1,1,4895.733180785234,NO_RAW_BREAK_CROSSING,P2,UNIFORM,PROCESSED,4c62a667a0c44307e2faaec4cce5f95b8e420ebd910733ff653132ed09f82a09
1718,103,18,0.17475728155339806,,True,False,False,0,2,83,101,18,0.8217821782178218,,7.696520255480196,2.157793088253391,1.0506353032712459,7.159057650254206,7.159057650254206,7.610860616512797,,101,0,True,1,0,2,50,0,0,4895.733180785234,,4879.255501461825,,RAW_WINDOWS_DT30_DISTANCE400_V1,103,103,0,1.0,,103,10.068950298386667,2.275847772025922,7.159057650254206,,23,5,3.662278640235176e-10,0,0,0,0,1,1,4895.733180785234,NO_RAW_BREAK_CROSSING,P10,UNIFORM,PROCESSED,f6d95aa0734dcabfd24320b2aed4631ce07abed4d4a129215e56c72d325f6d39
9002,116,41,0.35344827586206895,,True,False,False,0,6,69,110,41,0.6272727272727272,,4.731861939077829,1.0252198729609754,0.6107907193242772,2.4345287237109603,3.471764983989853,4.731861939077829,,110,0,True,2,0,6,39,0,0,6936.191258196695,,6867.51037645039,,RAW_WINDOWS_DT30_DISTANCE400_V1,116,116,0,1.0,,116,8.122892525489256,1.1924406850138014,4.409037648388644,,2,5,2.5236553970981265e-10,1,0,0,0,2,2,6900.916706463267,NO_RAW_BREAK_CROSSING,R0,UNIFORM,PROCESSED,c50f133506df3a4af8b1f3e6abbab238e38cd9177847be4a7ff8e949335719fc
9002,116,41,0.35344827586206895,,True,False,False,0,6,69,110,41,0.6272727272727272,,4.731861939077829,1.0252198729609754,0.6107907193242772,2.4345287237109603,3.471764983989853,4.731861939077829,,110,0,True,2,0,6,39,0,0,6936.191258196695,,6867.51037645039,,RAW_WINDOWS_DT30_DISTANCE400_V1,116,116,0,1.0,,116,8.122892525489256,1.1924406850138014,4.409037648388644,,2,5,2.5236553970981265e-10,1,0,0,0,2,2,6900.916706463267,NO_RAW_BREAK_CROSSING,S0,UNIFORM,PROCESSED,267fcbb19a3013e4517d3b37f9b40635614efb3e8969cbe1b1681276dfd66b6f
9002,116,41,0.35344827586206895,,True,False,False,0,6,69,110,41,0.6272727272727272,,4.731861939077829,1.0252198729609754,0.6107907193242772,2.4345287237109603,3.471764983989853,4.731861939077829,,110,0,True,2,0,6,39,0,0,6936.191258196695,,6867.51037645039,,RAW_WINDOWS_DT30_DISTANCE400_V1,116,116,0,1.0,,116,8.122892525489256,1.1924406850138014,4.409037648388644,,2,5,2.5236553970981265e-10,1,0,0,0,2,2,6900.916706463267,NO_RAW_BREAK_CROSSING,S_POINTS2,UNIFORM,PROCESSED,3c9c1f0cd15977ad223a08c5aa26a5042289a471b9616c4683bcdd9a9c83d4d8
9002,116,41,0.35344827586206895,,True,False,False,0,6,69,110,41,0.6272727272727272,,4.731861939077829,1.0252198729609754,0.6107907193242772,2.4345287237109603,3.471764983989853,4.731861939077829,,110,0,True,2,0,6,39,0,0,6936.191258196695,,6867.51037645039,,RAW_WINDOWS_DT30_DISTANCE400_V1,116,116,0,1.0,,116,8.122892525489256,1.1924406850138014,4.409037648388644,,2,5,2.5236553970981265e-10,1,0,0,0,2,2,6900.916706463267,NO_RAW_BREAK_CROSSING,S_LENGTH0,UNIFORM,PROCESSED,e77133c518de8edfe1ecaa0c58c6e1b4f83c5a70fe18b14aad69355c8170834c
9002,116,42,0.3620689655172414,,True,False,False,0,2,72,114,42,0.631578947368421,,4.731861939077829,1.0598046256919413,0.6616307961730439,2.4620133651354887,3.8213401610805575,4.731861939077829,,114,0,True,2,0,2,39,0,0,6936.191258196695,,6874.691492963461,,RAW_WINDOWS_DT30_DISTANCE400_V1,116,116,0,1.0,,116,4.731861939077829,1.0653423367924777,3.7791601326275144,,0,5,2.5236553970981265e-10,1,0,0,0,2,2,6900.916706463267,NO_RAW_BREAK_CROSSING,D60,UNIFORM,PROCESSED,c04dde99c3934978dd412bfad81f5184706054f6406b5c6c4269cd2114ab8d76
9002,116,58,0.5,,True,False,False,0,6,52,110,58,0.4727272727272728,,1.791824572198949,0.4166256016929891,0.0,1.4304301224908278,1.461636529007094,1.694559277361456,,110,0,True,2,0,6,39,0,0,6936.191258196695,,6879.347160743198,,RAW_WINDOWS_DT30_DISTANCE400_V1,116,116,0,1.0,,116,8.122892525489256,0.6238426051145725,1.7249054276586175,,2,5,2.5236553970981265e-10,1,0,0,0,2,2,6900.916706463267,NO_RAW_BREAK_CROSSING,P2,UNIFORM,PROCESSED,20c9bfeacf5529a6f21f29e86541d7c287b16ef89d9c227dc0c64d845439432e
9002,116,29,0.25,,True,False,False,0,6,81,110,29,0.7363636363636363,,9.795534579686755,2.444583675107324,1.4388581596471925,6.446187191553447,6.981495012166233,9.284026231013334,,110,0,True,2,0,6,39,0,0,6936.191258196695,,6858.786609082251,,RAW_WINDOWS_DT30_DISTANCE400_V1,116,116,0,1.0,,116,9.795534579686755,2.544318808879802,7.418058320364842,,25,5,2.5236553970981265e-10,1,0,0,0,2,2,6900.916706463267,NO_RAW_BREAK_CROSSING,P10,UNIFORM,PROCESSED,01320f8d9af1e4085d079098e0c7815b9b3f0315fe132aa9471319e5b07ff9d7
3262,100,0,0.0,,False,True,True,100,0,0,0,0,,EMPTY_DP_REFERENCE_DENOMINATOR,,,,,,,EMPTY_DP_REFERENCE,0,0,True,1,1,0,0,0,0,0.603018929447422,,,EMPTY_OUTPUT,RAW_WINDOWS_DT30_DISTANCE400_V1,100,0,100,0.0,,0,,,,NO_COVERED_RAW_POINTS,0,5,3.29547909065517e-10,0,0,0,0,1,0,0.603018929447422,NO_RAW_BREAK_CROSSING,R0,UNIFORM,ALL_FILTERED,3e0b6cfba405acae2d004c6333556caa85be635d575b43c0c2f3ee46daaef064
3262,100,2,0.02,,True,False,False,0,0,98,100,2,0.98,,0.0958422530636939,0.028752674765962757,0.0,0.09584224787453954,0.0958422530636939,0.0958422530636939,,100,0,True,1,0,0,100,0,0,0.603018929447422,,0.44106580144367097,,RAW_WINDOWS_DT30_DISTANCE400_V1,100,100,0,1.0,,100,0.0958422530636939,0.028752674765962757,0.0958422530636939,,0,5,3.29547909065517e-10,0,0,0,0,1,1,0.603018929447422,NO_RAW_BREAK_CROSSING,S0,UNIFORM,PROCESSED,85d9b0ab9ee5734c39381db5fdafbf45270c2e1295f559735441c67866c1e443
3262,100,0,0.0,,False,True,True,100,0,0,0,0,,EMPTY_DP_REFERENCE_DENOMINATOR,,,,,,,EMPTY_DP_REFERENCE,0,0,True,1,1,0,0,0,0,0.603018929447422,,,EMPTY_OUTPUT,RAW_WINDOWS_DT30_DISTANCE400_V1,100,0,100,0.0,,0,,,,NO_COVERED_RAW_POINTS,0,5,3.29547909065517e-10,0,0,0,0,1,0,0.603018929447422,NO_RAW_BREAK_CROSSING,S_POINTS2,UNIFORM,ALL_FILTERED,f318706fcf1f6da5b074dfedc0ebb00a40f1b9b2b34c917785828d3db393495f
3262,100,2,0.02,,True,False,False,0,0,98,100,2,0.98,,0.0958422530636939,0.028752674765962757,0.0,0.09584224787453954,0.0958422530636939,0.0958422530636939,,100,0,True,1,0,0,100,0,0,0.603018929447422,,0.44106580144367097,,RAW_WINDOWS_DT30_DISTANCE400_V1,100,100,0,1.0,,100,0.0958422530636939,0.028752674765962757,0.0958422530636939,,0,5,3.29547909065517e-10,0,0,0,0,1,1,0.603018929447422,NO_RAW_BREAK_CROSSING,S_LENGTH0,UNIFORM,PROCESSED,69e21acc4295255de3177918c42ba844685d4bbf221452dd95c94d8ef0db1436
3262,100,0,0.0,,False,True,True,100,0,0,0,0,,EMPTY_DP_REFERENCE_DENOMINATOR,,,,,,,EMPTY_DP_REFERENCE,0,0,True,1,1,0,0,0,0,0.603018929447422,,,EMPTY_OUTPUT,RAW_WINDOWS_DT30_DISTANCE400_V1,100,0,100,0.0,,0,,,,NO_COVERED_RAW_POINTS,0,5,3.29547909065517e-10,0,0,0,0,1,0,0.603018929447422,NO_RAW_BREAK_CROSSING,D60,UNIFORM,ALL_FILTERED,0a76f77b58722c0c7de390741509559708701e65ac007482b8fcddee5a41fe4a
3262,100,0,0.0,,False,True,True,100,0,0,0,0,,EMPTY_DP_REFERENCE_DENOMINATOR,,,,,,,EMPTY_DP_REFERENCE,0,0,True,1,1,0,0,0,0,0.603018929447422,,,EMPTY_OUTPUT,RAW_WINDOWS_DT30_DISTANCE400_V1,100,0,100,0.0,,0,,,,NO_COVERED_RAW_POINTS,0,5,3.29547909065517e-10,0,0,0,0,1,0,0.603018929447422,NO_RAW_BREAK_CROSSING,P2,UNIFORM,ALL_FILTERED,41e5932480b9d7b90258846d4e6219f68fb741bb1f5f4dd969ee17dc2f36b4e1
3262,100,0,0.0,,False,True,True,100,0,0,0,0,,EMPTY_DP_REFERENCE_DENOMINATOR,,,,,,,EMPTY_DP_REFERENCE,0,0,True,1,1,0,0,0,0,0.603018929447422,,,EMPTY_OUTPUT,RAW_WINDOWS_DT30_DISTANCE400_V1,100,0,100,0.0,,0,,,,NO_COVERED_RAW_POINTS,0,5,3.29547909065517e-10,0,0,0,0,1,0,0.603018929447422,NO_RAW_BREAK_CROSSING,P10,UNIFORM,ALL_FILTERED,1dbd2a29014d34403990baab02616d971bdb411a168624abe911e30262eebdec
4732,99,0,0.0,,False,True,True,99,0,0,0,0,,EMPTY_DP_REFERENCE_DENOMINATOR,,,,,,,EMPTY_DP_REFERENCE,0,0,True,1,1,0,0,0,0,2.92661541485461,,,EMPTY_OUTPUT,RAW_WINDOWS_DT30_DISTANCE400_V1,99,0,99,0.0,,0,,,,NO_COVERED_RAW_POINTS,0,5,2.5838141909278957e-10,0,0,0,0,1,0,2.92661541485461,NO_RAW_BREAK_CROSSING,R0,UNIFORM,ALL_FILTERED,d18678ed83e3af0446323559cd9329b592c36018c88249edbd89ecf6a7f46d6d
4732,99,2,0.020202020202020204,,True,False,False,0,0,97,99,2,0.9797979797979798,,0.5233950343783192,0.27950413273738645,0.33600671048784764,0.4561936890295714,0.5233950343783192,0.5233950343783192,,99,0,True,1,0,0,99,0,0,2.92661541485461,,1.6334762859426772,,RAW_WINDOWS_DT30_DISTANCE400_V1,99,99,0,1.0,,99,0.5233950343783192,0.27950413273738645,0.5233950343783192,,0,5,2.5838141909278957e-10,0,0,0,0,1,1,2.92661541485461,NO_RAW_BREAK_CROSSING,S0,UNIFORM,PROCESSED,c539550fb2fa25854584fad3b35ec97b80dea01f9825494f1cdda13ee6c54253
4732,99,0,0.0,,False,True,True,99,0,0,0,0,,EMPTY_DP_REFERENCE_DENOMINATOR,,,,,,,EMPTY_DP_REFERENCE,0,0,True,1,1,0,0,0,0,2.92661541485461,,,EMPTY_OUTPUT,RAW_WINDOWS_DT30_DISTANCE400_V1,99,0,99,0.0,,0,,,,NO_COVERED_RAW_POINTS,0,5,2.5838141909278957e-10,0,0,0,0,1,0,2.92661541485461,NO_RAW_BREAK_CROSSING,S_POINTS2,UNIFORM,ALL_FILTERED,198370f427a7bbe65d530a7b3addd5f96acd025f500e7ece7970a0b17b42b59a
4732,99,2,0.020202020202020204,,True,False,False,0,0,97,99,2,0.9797979797979798,,0.5233950343783192,0.27950413273738645,0.33600671048784764,0.4561936890295714,0.5233950343783192,0.5233950343783192,,99,0,True,1,0,0,99,0,0,2.92661541485461,,1.6334762859426772,,RAW_WINDOWS_DT30_DISTANCE400_V1,99,99,0,1.0,,99,0.5233950343783192,0.27950413273738645,0.5233950343783192,,0,5,2.5838141909278957e-10,0,0,0,0,1,1,2.92661541485461,NO_RAW_BREAK_CROSSING,S_LENGTH0,UNIFORM,PROCESSED,7691479a785c923bb625d8ea3dcc652e0d9b8ad7a045f4456fbd9920d61fbcb6
4732,99,0,0.0,,False,True,True,99,0,0,0,0,,EMPTY_DP_REFERENCE_DENOMINATOR,,,,,,,EMPTY_DP_REFERENCE,0,0,True,1,1,0,0,0,0,2.92661541485461,,,EMPTY_OUTPUT,RAW_WINDOWS_DT30_DISTANCE400_V1,99,0,99,0.0,,0,,,,NO_COVERED_RAW_POINTS,0,5,2.5838141909278957e-10,0,0,0,0,1,0,2.92661541485461,NO_RAW_BREAK_CROSSING,D60,UNIFORM,ALL_FILTERED,1363bc5866c9daf04b8ab65a3352bf3b8113d36908e969ff26cc3363858831a2
4732,99,0,0.0,,False,True,True,99,0,0,0,0,,EMPTY_DP_REFERENCE_DENOMINATOR,,,,,,,EMPTY_DP_REFERENCE,0,0,True,1,1,0,0,0,0,2.92661541485461,,,EMPTY_OUTPUT,RAW_WINDOWS_DT30_DISTANCE400_V1,99,0,99,0.0,,0,,,,NO_COVERED_RAW_POINTS,0,5,2.5838141909278957e-10,0,0,0,0,1,0,2.92661541485461,NO_RAW_BREAK_CROSSING,P2,UNIFORM,ALL_FILTERED,ce9f0a48b1be3fc06fe2a47a473fb8ef91afd88193abae6ec9b072c17e9b12cc
4732,99,0,0.0,,False,True,True,99,0,0,0,0,,EMPTY_DP_REFERENCE_DENOMINATOR,,,,,,,EMPTY_DP_REFERENCE,0,0,True,1,1,0,0,0,0,2.92661541485461,,,EMPTY_OUTPUT,RAW_WINDOWS_DT30_DISTANCE400_V1,99,0,99,0.0,,0,,,,NO_COVERED_RAW_POINTS,0,5,2.5838141909278957e-10,0,0,0,0,1,0,2.92661541485461,NO_RAW_BREAK_CROSSING,P10,UNIFORM,ALL_FILTERED,907c2937566dc641d2c91c350222ac7c2acf3eda53cdbdf48a39c688e60ff63a
9729,100,0,0.0,,False,True,True,100,0,0,0,0,,EMPTY_DP_REFERENCE_DENOMINATOR,,,,,,,EMPTY_DP_REFERENCE,0,0,True,1,1,0,0,0,0,2.3960519652689385,,,EMPTY_OUTPUT,RAW_WINDOWS_DT30_DISTANCE400_V1,100,0,100,0.0,,0,,,,NO_COVERED_RAW_POINTS,0,5,2.4809554497264305e-11,0,0,0,0,1,0,2.3960519652689385,NO_RAW_BREAK_CROSSING,R0,UNIFORM,ALL_FILTERED,472b0b21b71de7e7bf11ecc56580c35f75ed5fcd3b61c2e876e4b27d7a729f0a
9729,100,2,0.02,,True,False,False,0,0,98,100,2,0.98,,0.29219875310612725,0.14402767700021962,0.15531863268026758,0.22725110798408626,0.29219875310612725,0.29219875310612725,,100,0,True,1,0,0,100,0,0,2.3960519652689385,,1.6299974984846743,,RAW_WINDOWS_DT30_DISTANCE400_V1,100,100,0,1.0,,100,0.29219875310612725,0.14402767700021962,0.29219875310612725,,0,5,2.4809554497264305e-11,0,0,0,0,1,1,2.3960519652689385,NO_RAW_BREAK_CROSSING,S0,UNIFORM,PROCESSED,11bed1cfc6c5402a701a1ad8f01fe8e14f339c2b3ba10b6640b24dc1fc03c214
9729,100,0,0.0,,False,True,True,100,0,0,0,0,,EMPTY_DP_REFERENCE_DENOMINATOR,,,,,,,EMPTY_DP_REFERENCE,0,0,True,1,1,0,0,0,0,2.3960519652689385,,,EMPTY_OUTPUT,RAW_WINDOWS_DT30_DISTANCE400_V1,100,0,100,0.0,,0,,,,NO_COVERED_RAW_POINTS,0,5,2.4809554497264305e-11,0,0,0,0,1,0,2.3960519652689385,NO_RAW_BREAK_CROSSING,S_POINTS2,UNIFORM,ALL_FILTERED,165d2da7bab09c10ce036c105b79012156c397f681bd10b7a91ea3a1ed79accf
9729,100,2,0.02,,True,False,False,0,0,98,100,2,0.98,,0.29219875310612725,0.14402767700021962,0.15531863268026758,0.22725110798408626,0.29219875310612725,0.29219875310612725,,100,0,True,1,0,0,100,0,0,2.3960519652689385,,1.6299974984846743,,RAW_WINDOWS_DT30_DISTANCE400_V1,100,100,0,1.0,,100,0.29219875310612725,0.14402767700021962,0.29219875310612725,,0,5,2.4809554497264305e-11,0,0,0,0,1,1,2.3960519652689385,NO_RAW_BREAK_CROSSING,S_LENGTH0,UNIFORM,PROCESSED,07cd43a8777e45d7ad5b0d3652a259a82d7a38bfab3b2500bee8b6211c4bc052
9729,100,0,0.0,,False,True,True,100,0,0,0,0,,EMPTY_DP_REFERENCE_DENOMINATOR,,,,,,,EMPTY_DP_REFERENCE,0,0,True,1,1,0,0,0,0,2.3960519652689385,,,EMPTY_OUTPUT,RAW_WINDOWS_DT30_DISTANCE400_V1,100,0,100,0.0,,0,,,,NO_COVERED_RAW_POINTS,0,5,2.4809554497264305e-11,0,0,0,0,1,0,2.3960519652689385,NO_RAW_BREAK_CROSSING,D60,UNIFORM,ALL_FILTERED,183e62704f0512f28a6dfc92701e6ba52633b50856f69c60218e009fedee5b2a
9729,100,0,0.0,,False,True,True,100,0,0,0,0,,EMPTY_DP_REFERENCE_DENOMINATOR,,,,,,,EMPTY_DP_REFERENCE,0,0,True,1,1,0,0,0,0,2.3960519652689385,,,EMPTY_OUTPUT,RAW_WINDOWS_DT30_DISTANCE400_V1,100,0,100,0.0,,0,,,,NO_COVERED_RAW_POINTS,0,5,2.4809554497264305e-11,0,0,0,0,1,0,2.3960519652689385,NO_RAW_BREAK_CROSSING,P2,UNIFORM,ALL_FILTERED,1ecce92dd4fd9a3a57205b2c6dd1e3d18c33e4f7c7f2c9be941dc4694302a84f
9729,100,0,0.0,,False,True,True,100,0,0,0,0,,EMPTY_DP_REFERENCE_DENOMINATOR,,,,,,,EMPTY_DP_REFERENCE,0,0,True,1,1,0,0,0,0,2.3960519652689385,,,EMPTY_OUTPUT,RAW_WINDOWS_DT30_DISTANCE400_V1,100,0,100,0.0,,0,,,,NO_COVERED_RAW_POINTS,0,5,2.4809554497264305e-11,0,0,0,0,1,0,2.3960519652689385,NO_RAW_BREAK_CROSSING,P10,UNIFORM,ALL_FILTERED,a43323b1d7e76e2e0b9ab9e5790418dfbf970d7ed4acd8f64fc6915937365b93
5,99,0,0.0,,False,True,True,99,0,0,0,0,,EMPTY_DP_REFERENCE_DENOMINATOR,,,,,,,EMPTY_DP_REFERENCE,0,0,True,1,1,0,0,0,0,16.365527409608728,,,EMPTY_OUTPUT,RAW_WINDOWS_DT30_DISTANCE400_V1,99,0,99,0.0,,0,,,,NO_COVERED_RAW_POINTS,0,5,1.6944069257810094e-10,0,0,0,0,1,0,16.365527409608728,NO_RAW_BREAK_CROSSING,R0,UNIFORM,ALL_FILTERED,b5c0c759a90a06479dc088c0c9030d2ada6dc6c2995d5818132e3d83e96e7625
5,99,2,0.020202020202020204,,True,False,False,0,0,97,99,2,0.9797979797979798,,4.050275743719464,1.7753339834264237,1.1693855211366264,3.983497569555317,3.9901753869717314,4.050275743719464,,99,0,True,1,0,0,99,0,0,16.365527409608728,,6.205751493608557,,RAW_WINDOWS_DT30_DISTANCE400_V1,99,99,0,1.0,,99,4.050275743719464,1.7753339834264237,3.9901753869717314,,0,5,1.6944069257810094e-10,0,0,0,0,1,1,16.365527409608728,NO_RAW_BREAK_CROSSING,S0,UNIFORM,PROCESSED,9fce7d530c23ab3dd5b79300bda1c8c442cdf92eaa0c7c8d171824c12a3c8558
5,99,0,0.0,,False,True,True,99,0,0,0,0,,EMPTY_DP_REFERENCE_DENOMINATOR,,,,,,,EMPTY_DP_REFERENCE,0,0,True,1,1,0,0,0,0,16.365527409608728,,,EMPTY_OUTPUT,RAW_WINDOWS_DT30_DISTANCE400_V1,99,0,99,0.0,,0,,,,NO_COVERED_RAW_POINTS,0,5,1.6944069257810094e-10,0,0,0,0,1,0,16.365527409608728,NO_RAW_BREAK_CROSSING,S_POINTS2,UNIFORM,ALL_FILTERED,396701cf57f8d5da67eba3df9cb7ad5c0452c9b50f4651d18d605ce457459751
5,99,2,0.020202020202020204,,True,False,False,0,0,97,99,2,0.9797979797979798,,4.050275743719464,1.7753339834264237,1.1693855211366264,3.983497569555317,3.9901753869717314,4.050275743719464,,99,0,True,1,0,0,99,0,0,16.365527409608728,,6.205751493608557,,RAW_WINDOWS_DT30_DISTANCE400_V1,99,99,0,1.0,,99,4.050275743719464,1.7753339834264237,3.9901753869717314,,0,5,1.6944069257810094e-10,0,0,0,0,1,1,16.365527409608728,NO_RAW_BREAK_CROSSING,S_LENGTH0,UNIFORM,PROCESSED,7c612890e9f9ada7157016b57fe4e135990986bb3c9211b72f8f2c998eb9da62
5,99,0,0.0,,False,True,True,99,0,0,0,0,,EMPTY_DP_REFERENCE_DENOMINATOR,,,,,,,EMPTY_DP_REFERENCE,0,0,True,1,1,0,0,0,0,16.365527409608728,,,EMPTY_OUTPUT,RAW_WINDOWS_DT30_DISTANCE400_V1,99,0,99,0.0,,0,,,,NO_COVERED_RAW_POINTS,0,5,1.6944069257810094e-10,0,0,0,0,1,0,16.365527409608728,NO_RAW_BREAK_CROSSING,D60,UNIFORM,ALL_FILTERED,a31dd3fd18285d273c24ae82fca2fd14ad038b2c0e869adf157d4aab35378421
5,99,0,0.0,,False,True,True,99,0,0,0,0,,EMPTY_DP_REFERENCE_DENOMINATOR,,,,,,,EMPTY_DP_REFERENCE,0,0,True,1,1,0,0,0,0,16.365527409608728,,,EMPTY_OUTPUT,RAW_WINDOWS_DT30_DISTANCE400_V1,99,0,99,0.0,,0,,,,NO_COVERED_RAW_POINTS,0,5,1.6944069257810094e-10,0,0,0,0,1,0,16.365527409608728,NO_RAW_BREAK_CROSSING,P2,UNIFORM,ALL_FILTERED,a3ad7a92614d66dace357c7fb63a04b135f5fb61187c8df641cc7ba8181dcdd5
5,99,0,0.0,,False,True,True,99,0,0,0,0,,EMPTY_DP_REFERENCE_DENOMINATOR,,,,,,,EMPTY_DP_REFERENCE,0,0,True,1,1,0,0,0,0,16.365527409608728,,,EMPTY_OUTPUT,RAW_WINDOWS_DT30_DISTANCE400_V1,99,0,99,0.0,,0,,,,NO_COVERED_RAW_POINTS,0,5,1.6944069257810094e-10,0,0,0,0,1,0,16.365527409608728,NO_RAW_BREAK_CROSSING,P10,UNIFORM,ALL_FILTERED,7ebec5882a9d6f9fb53483836f9c54ea892c23642a4aba4d70df87b695b23fce
5414,98,0,0.0,,False,True,True,98,0,0,0,0,,EMPTY_DP_REFERENCE_DENOMINATOR,,,,,,,EMPTY_DP_REFERENCE,0,0,True,1,1,0,0,0,0,28.900347727237865,,,EMPTY_OUTPUT,RAW_WINDOWS_DT30_DISTANCE400_V1,98,0,98,0.0,,0,,,,NO_COVERED_RAW_POINTS,0,5,1.5593907516749526e-10,0,0,0,0,1,0,28.900347727237865,NO_RAW_BREAK_CROSSING,R0,UNIFORM,ALL_FILTERED,ef194313f32e0126863e1fa74de45e8da4241e969b2720fb2945d2ed9eaaf101
5414,98,2,0.02040816326530612,,True,False,False,0,0,96,98,2,0.9795918367346939,,4.295338299544473,1.2030945270210547,0.9188098605943374,2.478232673918084,3.1677958861088453,4.295338299544473,,98,0,True,1,0,0,98,0,0,28.900347727237865,,2.4130848476620703,,RAW_WINDOWS_DT30_DISTANCE400_V1,98,98,0,1.0,,98,4.295338299544473,1.2030945270210547,3.1677958861088453,,0,5,1.5593907516749526e-10,0,0,0,0,1,1,28.900347727237865,NO_RAW_BREAK_CROSSING,S0,UNIFORM,PROCESSED,4246f3ad61a523db89b956662b4e0580c7619f742ae071d9b3e85d892dcdbfed
5414,98,0,0.0,,False,True,True,98,0,0,0,0,,EMPTY_DP_REFERENCE_DENOMINATOR,,,,,,,EMPTY_DP_REFERENCE,0,0,True,1,1,0,0,0,0,28.900347727237865,,,EMPTY_OUTPUT,RAW_WINDOWS_DT30_DISTANCE400_V1,98,0,98,0.0,,0,,,,NO_COVERED_RAW_POINTS,0,5,1.5593907516749526e-10,0,0,0,0,1,0,28.900347727237865,NO_RAW_BREAK_CROSSING,S_POINTS2,UNIFORM,ALL_FILTERED,fb1bac63290be4ff9531c7e7fa73e77bf7c29c47f35a38d60bd289000c5dd500
5414,98,2,0.02040816326530612,,True,False,False,0,0,96,98,2,0.9795918367346939,,4.295338299544473,1.2030945270210547,0.9188098605943374,2.478232673918084,3.1677958861088453,4.295338299544473,,98,0,True,1,0,0,98,0,0,28.900347727237865,,2.4130848476620703,,RAW_WINDOWS_DT30_DISTANCE400_V1,98,98,0,1.0,,98,4.295338299544473,1.2030945270210547,3.1677958861088453,,0,5,1.5593907516749526e-10,0,0,0,0,1,1,28.900347727237865,NO_RAW_BREAK_CROSSING,S_LENGTH0,UNIFORM,PROCESSED,288f64fccb17289aeb071eb76680465bc1b58f06143a03d56a997472402957b7
5414,98,0,0.0,,False,True,True,98,0,0,0,0,,EMPTY_DP_REFERENCE_DENOMINATOR,,,,,,,EMPTY_DP_REFERENCE,0,0,True,1,1,0,0,0,0,28.900347727237865,,,EMPTY_OUTPUT,RAW_WINDOWS_DT30_DISTANCE400_V1,98,0,98,0.0,,0,,,,NO_COVERED_RAW_POINTS,0,5,1.5593907516749526e-10,0,0,0,0,1,0,28.900347727237865,NO_RAW_BREAK_CROSSING,D60,UNIFORM,ALL_FILTERED,7879e07e533e508c8fe9de27e90dd14e4b2c08d58517638157f3dbc3653e25fd
5414,98,0,0.0,,False,True,True,98,0,0,0,0,,EMPTY_DP_REFERENCE_DENOMINATOR,,,,,,,EMPTY_DP_REFERENCE,0,0,True,1,1,0,0,0,0,28.900347727237865,,,EMPTY_OUTPUT,RAW_WINDOWS_DT30_DISTANCE400_V1,98,0,98,0.0,,0,,,,NO_COVERED_RAW_POINTS,0,5,1.5593907516749526e-10,0,0,0,0,1,0,28.900347727237865,NO_RAW_BREAK_CROSSING,P2,UNIFORM,ALL_FILTERED,2018d903aa1bca5e8974113fd8ae70d773b362e8c50f93418fa70774e5670da8
5414,98,0,0.0,,False,True,True,98,0,0,0,0,,EMPTY_DP_REFERENCE_DENOMINATOR,,,,,,,EMPTY_DP_REFERENCE,0,0,True,1,1,0,0,0,0,28.900347727237865,,,EMPTY_OUTPUT,RAW_WINDOWS_DT30_DISTANCE400_V1,98,0,98,0.0,,0,,,,NO_COVERED_RAW_POINTS,0,5,1.5593907516749526e-10,0,0,0,0,1,0,28.900347727237865,NO_RAW_BREAK_CROSSING,P10,UNIFORM,ALL_FILTERED,91e6c161d3175c1f16def0d540b689c2506c0eb999a51c5dab67f1897fee9235
4751,99,0,0.0,,False,True,True,99,0,0,0,0,,EMPTY_DP_REFERENCE_DENOMINATOR,,,,,,,EMPTY_DP_REFERENCE,0,0,True,1,1,0,0,0,0,1.9308916680598605,,,EMPTY_OUTPUT,RAW_WINDOWS_DT30_DISTANCE400_V1,99,0,99,0.0,,0,,,,NO_COVERED_RAW_POINTS,0,5,1.8738330040897988e-10,0,0,0,0,1,0,1.9308916680598605,NO_RAW_BREAK_CROSSING,R0,UNIFORM,ALL_FILTERED,a016ea0788348fc05fd61bbc160792091bc7b5d7f29051f1540c5e56f27db366
4751,99,2,0.020202020202020204,,True,False,False,0,0,97,99,2,0.9797979797979798,,0.5250732240372692,0.2440719995317902,0.2857289074020105,0.48598652219632466,0.5250732240372692,0.5250732240372692,,99,0,True,1,0,0,99,0,0,1.9308916680598605,,0.4826732743723549,,RAW_WINDOWS_DT30_DISTANCE400_V1,99,99,0,1.0,,99,0.5250732240372692,0.2440719995317902,0.5250732240372692,,0,5,1.8738330040897988e-10,0,0,0,0,1,1,1.9308916680598605,NO_RAW_BREAK_CROSSING,S0,UNIFORM,PROCESSED,7b4640808a0708585ad6e700ceac002090ba8c191d4915a3665f28ba7869a28c
4751,99,0,0.0,,False,True,True,99,0,0,0,0,,EMPTY_DP_REFERENCE_DENOMINATOR,,,,,,,EMPTY_DP_REFERENCE,0,0,True,1,1,0,0,0,0,1.9308916680598605,,,EMPTY_OUTPUT,RAW_WINDOWS_DT30_DISTANCE400_V1,99,0,99,0.0,,0,,,,NO_COVERED_RAW_POINTS,0,5,1.8738330040897988e-10,0,0,0,0,1,0,1.9308916680598605,NO_RAW_BREAK_CROSSING,S_POINTS2,UNIFORM,ALL_FILTERED,1a7449db0a6d094a4578246d97527140c831f4c0e994aee80ebf323de0dff574
4751,99,2,0.020202020202020204,,True,False,False,0,0,97,99,2,0.9797979797979798,,0.5250732240372692,0.2440719995317902,0.2857289074020105,0.48598652219632466,0.5250732240372692,0.5250732240372692,,99,0,True,1,0,0,99,0,0,1.9308916680598605,,0.4826732743723549,,RAW_WINDOWS_DT30_DISTANCE400_V1,99,99,0,1.0,,99,0.5250732240372692,0.2440719995317902,0.5250732240372692,,0,5,1.8738330040897988e-10,0,0,0,0,1,1,1.9308916680598605,NO_RAW_BREAK_CROSSING,S_LENGTH0,UNIFORM,PROCESSED,651789d0c2c58ad7144952810d20ae57a18c6b046a4a3d74b0eee063af77f104
4751,99,0,0.0,,False,True,True,99,0,0,0,0,,EMPTY_DP_REFERENCE_DENOMINATOR,,,,,,,EMPTY_DP_REFERENCE,0,0,True,1,1,0,0,0,0,1.9308916680598605,,,EMPTY_OUTPUT,RAW_WINDOWS_DT30_DISTANCE400_V1,99,0,99,0.0,,0,,,,NO_COVERED_RAW_POINTS,0,5,1.8738330040897988e-10,0,0,0,0,1,0,1.9308916680598605,NO_RAW_BREAK_CROSSING,D60,UNIFORM,ALL_FILTERED,8c88104a020eea7e5f74bd5cd2e2248d1d4028b95bc0ed9a8c9179d7ed68ecb7
4751,99,0,0.0,,False,True,True,99,0,0,0,0,,EMPTY_DP_REFERENCE_DENOMINATOR,,,,,,,EMPTY_DP_REFERENCE,0,0,True,1,1,0,0,0,0,1.9308916680598605,,,EMPTY_OUTPUT,RAW_WINDOWS_DT30_DISTANCE400_V1,99,0,99,0.0,,0,,,,NO_COVERED_RAW_POINTS,0,5,1.8738330040897988e-10,0,0,0,0,1,0,1.9308916680598605,NO_RAW_BREAK_CROSSING,P2,UNIFORM,ALL_FILTERED,4afb2984c8fce53f9f855af59b6f3b14bf8527384240196ee1ae68e4f37b55b1
4751,99,0,0.0,,False,True,True,99,0,0,0,0,,EMPTY_DP_REFERENCE_DENOMINATOR,,,,,,,EMPTY_DP_REFERENCE,0,0,True,1,1,0,0,0,0,1.9308916680598605,,,EMPTY_OUTPUT,RAW_WINDOWS_DT30_DISTANCE400_V1,99,0,99,0.0,,0,,,,NO_COVERED_RAW_POINTS,0,5,1.8738330040897988e-10,0,0,0,0,1,0,1.9308916680598605,NO_RAW_BREAK_CROSSING,P10,UNIFORM,ALL_FILTERED,4e34d4e51cd7aa173ab4b9b7aa87020868d5457b7c3defbfe19bf7ea839eed4a
11304,97,0,0.0,,False,True,True,97,0,0,0,0,,EMPTY_DP_REFERENCE_DENOMINATOR,,,,,,,EMPTY_DP_REFERENCE,0,0,True,1,1,0,0,0,0,1.9238040676267767,,,EMPTY_OUTPUT,RAW_WINDOWS_DT30_DISTANCE400_V1,97,0,97,0.0,,0,,,,NO_COVERED_RAW_POINTS,0,5,3.65199208052627e-10,0,0,0,0,1,0,1.9238040676267767,NO_RAW_BREAK_CROSSING,R0,UNIFORM,ALL_FILTERED,afac5148d320d6a8d7dd9a8adc00dca5e19f45c9ecd2da6eb69c897c0932a9dd
11304,97,2,0.020618556701030927,,True,False,False,0,0,95,97,2,0.979381443298969,,0.36200367587876925,0.18328059307195316,0.2375723715308819,0.36200367587876925,0.36200367587876925,0.36200367587876925,,97,0,True,1,0,0,97,0,0,1.9238040676267767,,1.1128008168670362,,RAW_WINDOWS_DT30_DISTANCE400_V1,97,97,0,1.0,,97,0.36200367587876925,0.18328059307195316,0.36200367587876925,,0,5,3.65199208052627e-10,0,0,0,0,1,1,1.9238040676267767,NO_RAW_BREAK_CROSSING,S0,UNIFORM,PROCESSED,e9dc46d028533d3076d4061438ccf131b19b153153692259401711488338c8b2
11304,97,0,0.0,,False,True,True,97,0,0,0,0,,EMPTY_DP_REFERENCE_DENOMINATOR,,,,,,,EMPTY_DP_REFERENCE,0,0,True,1,1,0,0,0,0,1.9238040676267767,,,EMPTY_OUTPUT,RAW_WINDOWS_DT30_DISTANCE400_V1,97,0,97,0.0,,0,,,,NO_COVERED_RAW_POINTS,0,5,3.65199208052627e-10,0,0,0,0,1,0,1.9238040676267767,NO_RAW_BREAK_CROSSING,S_POINTS2,UNIFORM,ALL_FILTERED,1f2270c20c0c873440cad1860bfa46b43c3b1b55637c1c3d2f1ad470e4bb6454
11304,97,2,0.020618556701030927,,True,False,False,0,0,95,97,2,0.979381443298969,,0.36200367587876925,0.18328059307195316,0.2375723715308819,0.36200367587876925,0.36200367587876925,0.36200367587876925,,97,0,True,1,0,0,97,0,0,1.9238040676267767,,1.1128008168670362,,RAW_WINDOWS_DT30_DISTANCE400_V1,97,97,0,1.0,,97,0.36200367587876925,0.18328059307195316,0.36200367587876925,,0,5,3.65199208052627e-10,0,0,0,0,1,1,1.9238040676267767,NO_RAW_BREAK_CROSSING,S_LENGTH0,UNIFORM,PROCESSED,0919993b3d050522a2268155c7a56cab48ef95c3e8c3dd5b72e2c8365620b41f
11304,97,0,0.0,,False,True,True,97,0,0,0,0,,EMPTY_DP_REFERENCE_DENOMINATOR,,,,,,,EMPTY_DP_REFERENCE,0,0,True,1,1,0,0,0,0,1.9238040676267767,,,EMPTY_OUTPUT,RAW_WINDOWS_DT30_DISTANCE400_V1,97,0,97,0.0,,0,,,,NO_COVERED_RAW_POINTS,0,5,3.65199208052627e-10,0,0,0,0,1,0,1.9238040676267767,NO_RAW_BREAK_CROSSING,D60,UNIFORM,ALL_FILTERED,35a2c2432d80b982e1fc8d7545a6076b29c61f3ef87db5dacac0cdcc62f7373c
11304,97,0,0.0,,False,True,True,97,0,0,0,0,,EMPTY_DP_REFERENCE_DENOMINATOR,,,,,,,EMPTY_DP_REFERENCE,0,0,True,1,1,0,0,0,0,1.9238040676267767,,,EMPTY_OUTPUT,RAW_WINDOWS_DT30_DISTANCE400_V1,97,0,97,0.0,,0,,,,NO_COVERED_RAW_POINTS,0,5,3.65199208052627e-10,0,0,0,0,1,0,1.9238040676267767,NO_RAW_BREAK_CROSSING,P2,UNIFORM,ALL_FILTERED,8b89b99685815ea838026c6d2f0984d55f380f6c5356892e7152973ebd04545f
11304,97,0,0.0,,False,True,True,97,0,0,0,0,,EMPTY_DP_REFERENCE_DENOMINATOR,,,,,,,EMPTY_DP_REFERENCE,0,0,True,1,1,0,0,0,0,1.9238040676267767,,,EMPTY_OUTPUT,RAW_WINDOWS_DT30_DISTANCE400_V1,97,0,97,0.0,,0,,,,NO_COVERED_RAW_POINTS,0,5,3.65199208052627e-10,0,0,0,0,1,0,1.9238040676267767,NO_RAW_BREAK_CROSSING,P10,UNIFORM,ALL_FILTERED,b23c2be7815662e11344a6e4a36949fbbbb2cd79eaa1de7beccad96709d08593
7330,98,0,0.0,,False,True,True,98,0,0,0,0,,EMPTY_DP_REFERENCE_DENOMINATOR,,,,,,,EMPTY_DP_REFERENCE,0,0,True,1,1,0,0,0,0,17.21964568497253,,,EMPTY_OUTPUT,RAW_WINDOWS_DT30_DISTANCE400_V1,98,0,98,0.0,,0,,,,NO_COVERED_RAW_POINTS,0,5,2.982129862111395e-10,0,0,0,0,1,0,17.21964568497253,NO_RAW_BREAK_CROSSING,R0,UNIFORM,ALL_FILTERED,6d48a172a7c4e66d998207db9d51352025472365c24498eb73d4c748b70ccbee
7330,98,2,0.02040816326530612,,True,False,False,0,0,96,98,2,0.9795918367346939,,3.0076772653496278,1.6409620576003967,1.821616498343045,2.7908081639014912,2.917486072521547,3.0076772653496278,,98,0,True,1,0,0,98,0,0,17.21964568497253,,1.0718954817084143,,RAW_WINDOWS_DT30_DISTANCE400_V1,98,98,0,1.0,,98,3.0076772653496278,1.6409620576003967,2.917486072521547,,0,5,2.982129862111395e-10,0,0,0,0,1,1,17.21964568497253,NO_RAW_BREAK_CROSSING,S0,UNIFORM,PROCESSED,1914268557b7fa96ed255bd5603b59fccfd443f65a5ca04d36cb994743387efb
7330,98,0,0.0,,False,True,True,98,0,0,0,0,,EMPTY_DP_REFERENCE_DENOMINATOR,,,,,,,EMPTY_DP_REFERENCE,0,0,True,1,1,0,0,0,0,17.21964568497253,,,EMPTY_OUTPUT,RAW_WINDOWS_DT30_DISTANCE400_V1,98,0,98,0.0,,0,,,,NO_COVERED_RAW_POINTS,0,5,2.982129862111395e-10,0,0,0,0,1,0,17.21964568497253,NO_RAW_BREAK_CROSSING,S_POINTS2,UNIFORM,ALL_FILTERED,9df24a04f7f6a216522b0d2186406387b6873ae1c1dcbb2282976190cfaf33ce
7330,98,2,0.02040816326530612,,True,False,False,0,0,96,98,2,0.9795918367346939,,3.0076772653496278,1.6409620576003967,1.821616498343045,2.7908081639014912,2.917486072521547,3.0076772653496278,,98,0,True,1,0,0,98,0,0,17.21964568497253,,1.0718954817084143,,RAW_WINDOWS_DT30_DISTANCE400_V1,98,98,0,1.0,,98,3.0076772653496278,1.6409620576003967,2.917486072521547,,0,5,2.982129862111395e-10,0,0,0,0,1,1,17.21964568497253,NO_RAW_BREAK_CROSSING,S_LENGTH0,UNIFORM,PROCESSED,097e42bff7dd55303e64ee8e91ad13111c56ef83ddd856f2d744863e51f97097
7330,98,0,0.0,,False,True,True,98,0,0,0,0,,EMPTY_DP_REFERENCE_DENOMINATOR,,,,,,,EMPTY_DP_REFERENCE,0,0,True,1,1,0,0,0,0,17.21964568497253,,,EMPTY_OUTPUT,RAW_WINDOWS_DT30_DISTANCE400_V1,98,0,98,0.0,,0,,,,NO_COVERED_RAW_POINTS,0,5,2.982129862111395e-10,0,0,0,0,1,0,17.21964568497253,NO_RAW_BREAK_CROSSING,D60,UNIFORM,ALL_FILTERED,bbf766161ff349edabc3dad987df3c0b4744d7894a723a21827f98594d1b33a2
7330,98,0,0.0,,False,True,True,98,0,0,0,0,,EMPTY_DP_REFERENCE_DENOMINATOR,,,,,,,EMPTY_DP_REFERENCE,0,0,True,1,1,0,0,0,0,17.21964568497253,,,EMPTY_OUTPUT,RAW_WINDOWS_DT30_DISTANCE400_V1,98,0,98,0.0,,0,,,,NO_COVERED_RAW_POINTS,0,5,2.982129862111395e-10,0,0,0,0,1,0,17.21964568497253,NO_RAW_BREAK_CROSSING,P2,UNIFORM,ALL_FILTERED,65248e88e353807f887b787c75cb33242f66288527dad3d0b6455dcbf6089032
7330,98,0,0.0,,False,True,True,98,0,0,0,0,,EMPTY_DP_REFERENCE_DENOMINATOR,,,,,,,EMPTY_DP_REFERENCE,0,0,True,1,1,0,0,0,0,17.21964568497253,,,EMPTY_OUTPUT,RAW_WINDOWS_DT30_DISTANCE400_V1,98,0,98,0.0,,0,,,,NO_COVERED_RAW_POINTS,0,5,2.982129862111395e-10,0,0,0,0,1,0,17.21964568497253,NO_RAW_BREAK_CROSSING,P10,UNIFORM,ALL_FILTERED,56975e5440ee8ea995c2b9dc751c3e6dcc197c56343427e4f026e9ce0d134961
5503,99,0,0.0,,False,True,True,99,0,0,0,0,,EMPTY_DP_REFERENCE_DENOMINATOR,,,,,,,EMPTY_DP_REFERENCE,0,0,True,1,1,0,0,0,0,7.01432025441938,,,EMPTY_OUTPUT,RAW_WINDOWS_DT30_DISTANCE400_V1,99,0,99,0.0,,0,,,,NO_COVERED_RAW_POINTS,0,5,8.444404105625438e-10,0,0,0,0,1,0,7.01432025441938,NO_RAW_BREAK_CROSSING,R0,UNIFORM,ALL_FILTERED,22193ab593b331225681e56716d1e2acf2077289b87b9f32ca7499fdd54eaa0c
5503,99,2,0.020202020202020204,,True,False,False,0,0,97,99,2,0.9797979797979798,,0.191366032841697,0.0019329902307242122,0.0,0.0,0.0,0.003827320656833179,,99,0,True,1,0,0,99,0,0,7.01432025441938,,6.739248991465415,,RAW_WINDOWS_DT30_DISTANCE400_V1,99,99,0,1.0,,99,0.191366032841697,0.0019329902307242122,0.0,,0,5,8.444404105625438e-10,0,0,0,0,1,1,7.01432025441938,NO_RAW_BREAK_CROSSING,S0,UNIFORM,PROCESSED,b838f624db57fc20e50e8139138deec43dcc78281346582bf3d2d4a105a53d8b
5503,99,0,0.0,,False,True,True,99,0,0,0,0,,EMPTY_DP_REFERENCE_DENOMINATOR,,,,,,,EMPTY_DP_REFERENCE,0,0,True,1,1,0,0,0,0,7.01432025441938,,,EMPTY_OUTPUT,RAW_WINDOWS_DT30_DISTANCE400_V1,99,0,99,0.0,,0,,,,NO_COVERED_RAW_POINTS,0,5,8.444404105625438e-10,0,0,0,0,1,0,7.01432025441938,NO_RAW_BREAK_CROSSING,S_POINTS2,UNIFORM,ALL_FILTERED,af94241c824012c2747d3395b5c46ce871811dbb22474aabcd15c05cd99ec117
5503,99,2,0.020202020202020204,,True,False,False,0,0,97,99,2,0.9797979797979798,,0.191366032841697,0.0019329902307242122,0.0,0.0,0.0,0.003827320656833179,,99,0,True,1,0,0,99,0,0,7.01432025441938,,6.739248991465415,,RAW_WINDOWS_DT30_DISTANCE400_V1,99,99,0,1.0,,99,0.191366032841697,0.0019329902307242122,0.0,,0,5,8.444404105625438e-10,0,0,0,0,1,1,7.01432025441938,NO_RAW_BREAK_CROSSING,S_LENGTH0,UNIFORM,PROCESSED,b52ded444ad1c2d18e4b57fc8df29e1d1a151aab8d075fd0ae53711404ade0da
5503,99,0,0.0,,False,True,True,99,0,0,0,0,,EMPTY_DP_REFERENCE_DENOMINATOR,,,,,,,EMPTY_DP_REFERENCE,0,0,True,1,1,0,0,0,0,7.01432025441938,,,EMPTY_OUTPUT,RAW_WINDOWS_DT30_DISTANCE400_V1,99,0,99,0.0,,0,,,,NO_COVERED_RAW_POINTS,0,5,8.444404105625438e-10,0,0,0,0,1,0,7.01432025441938,NO_RAW_BREAK_CROSSING,D60,UNIFORM,ALL_FILTERED,eb8d5d395931d637a304bec2e4d2b268b8b637b4f9230b558ebd055b6baad438
5503,99,0,0.0,,False,True,True,99,0,0,0,0,,EMPTY_DP_REFERENCE_DENOMINATOR,,,,,,,EMPTY_DP_REFERENCE,0,0,True,1,1,0,0,0,0,7.01432025441938,,,EMPTY_OUTPUT,RAW_WINDOWS_DT30_DISTANCE400_V1,99,0,99,0.0,,0,,,,NO_COVERED_RAW_POINTS,0,5,8.444404105625438e-10,0,0,0,0,1,0,7.01432025441938,NO_RAW_BREAK_CROSSING,P2,UNIFORM,ALL_FILTERED,6dc68e09cf2b0b985e338e5871f2fb8ddec8d8ecaabf1ffec6259d8b21a4a32d
5503,99,0,0.0,,False,True,True,99,0,0,0,0,,EMPTY_DP_REFERENCE_DENOMINATOR,,,,,,,EMPTY_DP_REFERENCE,0,0,True,1,1,0,0,0,0,7.01432025441938,,,EMPTY_OUTPUT,RAW_WINDOWS_DT30_DISTANCE400_V1,99,0,99,0.0,,0,,,,NO_COVERED_RAW_POINTS,0,5,8.444404105625438e-10,0,0,0,0,1,0,7.01432025441938,NO_RAW_BREAK_CROSSING,P10,UNIFORM,ALL_FILTERED,e0ddfc4335aa5e03842d505412b96a4c263bc075c83ec2cc7646b6f2228c160b
5293,98,0,0.0,,False,True,True,98,0,0,0,0,,EMPTY_DP_REFERENCE_DENOMINATOR,,,,,,,EMPTY_DP_REFERENCE,0,0,True,1,1,0,0,0,0,8.725994137945934,,,EMPTY_OUTPUT,RAW_WINDOWS_DT30_DISTANCE400_V1,98,0,98,0.0,,0,,,,NO_COVERED_RAW_POINTS,0,5,2.570555805224803e-10,0,0,0,0,1,0,8.725994137945934,NO_RAW_BREAK_CROSSING,R0,UNIFORM,ALL_FILTERED,345c91ca84f68846c60fb754dead4ae61e0ca8e4495b5517d5bcc6a6ea3e4512
5293,98,2,0.02040816326530612,,True,False,False,0,0,96,98,2,0.9795918367346939,,0.5253040594618423,0.23927117810510823,0.23658150261109773,0.507840843004741,0.5253040594618423,0.5253040594618423,,98,0,True,1,0,0,98,0,0,8.725994137945934,,7.766427986032702,,RAW_WINDOWS_DT30_DISTANCE400_V1,98,98,0,1.0,,98,0.5253040594618423,0.23927117810510823,0.5253040594618423,,0,5,2.570555805224803e-10,0,0,0,0,1,1,8.725994137945934,NO_RAW_BREAK_CROSSING,S0,UNIFORM,PROCESSED,54d5678376ba571625287164f07d4534091fd0dceb15c281355a86cf09f8ea89
5293,98,0,0.0,,False,True,True,98,0,0,0,0,,EMPTY_DP_REFERENCE_DENOMINATOR,,,,,,,EMPTY_DP_REFERENCE,0,0,True,1,1,0,0,0,0,8.725994137945934,,,EMPTY_OUTPUT,RAW_WINDOWS_DT30_DISTANCE400_V1,98,0,98,0.0,,0,,,,NO_COVERED_RAW_POINTS,0,5,2.570555805224803e-10,0,0,0,0,1,0,8.725994137945934,NO_RAW_BREAK_CROSSING,S_POINTS2,UNIFORM,ALL_FILTERED,e0da69bfd760d58e7b73bc2c6a169fce3647f29ae82937ca46099cb03d77d4e5
5293,98,2,0.02040816326530612,,True,False,False,0,0,96,98,2,0.9795918367346939,,0.5253040594618423,0.23927117810510823,0.23658150261109773,0.507840843004741,0.5253040594618423,0.5253040594618423,,98,0,True,1,0,0,98,0,0,8.725994137945934,,7.766427986032702,,RAW_WINDOWS_DT30_DISTANCE400_V1,98,98,0,1.0,,98,0.5253040594618423,0.23927117810510823,0.5253040594618423,,0,5,2.570555805224803e-10,0,0,0,0,1,1,8.725994137945934,NO_RAW_BREAK_CROSSING,S_LENGTH0,UNIFORM,PROCESSED,180d8d8712f98e93e4b8652252ac61acf261703d0bd50d59db5964eb91b27eae
5293,98,0,0.0,,False,True,True,98,0,0,0,0,,EMPTY_DP_REFERENCE_DENOMINATOR,,,,,,,EMPTY_DP_REFERENCE,0,0,True,1,1,0,0,0,0,8.725994137945934,,,EMPTY_OUTPUT,RAW_WINDOWS_DT30_DISTANCE400_V1,98,0,98,0.0,,0,,,,NO_COVERED_RAW_POINTS,0,5,2.570555805224803e-10,0,0,0,0,1,0,8.725994137945934,NO_RAW_BREAK_CROSSING,D60,UNIFORM,ALL_FILTERED,31d4414d51fbd296aa7391e17612ac05684285a57662673ccb6b7343bd87dc24
5293,98,0,0.0,,False,True,True,98,0,0,0,0,,EMPTY_DP_REFERENCE_DENOMINATOR,,,,,,,EMPTY_DP_REFERENCE,0,0,True,1,1,0,0,0,0,8.725994137945934,,,EMPTY_OUTPUT,RAW_WINDOWS_DT30_DISTANCE400_V1,98,0,98,0.0,,0,,,,NO_COVERED_RAW_POINTS,0,5,2.570555805224803e-10,0,0,0,0,1,0,8.725994137945934,NO_RAW_BREAK_CROSSING,P2,UNIFORM,ALL_FILTERED,8c269eef5f424b12d88f7a421421095f6a7b5e538108d76f5da21649d66c2e42
5293,98,0,0.0,,False,True,True,98,0,0,0,0,,EMPTY_DP_REFERENCE_DENOMINATOR,,,,,,,EMPTY_DP_REFERENCE,0,0,True,1,1,0,0,0,0,8.725994137945934,,,EMPTY_OUTPUT,RAW_WINDOWS_DT30_DISTANCE400_V1,98,0,98,0.0,,0,,,,NO_COVERED_RAW_POINTS,0,5,2.570555805224803e-10,0,0,0,0,1,0,8.725994137945934,NO_RAW_BREAK_CROSSING,P10,UNIFORM,ALL_FILTERED,eb5bd8ceea6e84b59d54a4feed07a18ab3bf299c8f70be8b1b666a46cefb70ef
8240,98,0,0.0,,False,True,True,98,0,0,0,0,,EMPTY_DP_REFERENCE_DENOMINATOR,,,,,,,EMPTY_DP_REFERENCE,0,0,True,1,1,0,0,0,0,7.824653919646454,,,EMPTY_OUTPUT,RAW_WINDOWS_DT30_DISTANCE400_V1,98,0,98,0.0,,0,,,,NO_COVERED_RAW_POINTS,0,5,4.587382595982998e-10,0,0,0,0,1,0,7.824653919646454,NO_RAW_BREAK_CROSSING,R0,UNIFORM,ALL_FILTERED,e3d0f34c883eff39906a9751cec0b6b82cd46a0829255d212a1007b5c218480c
8240,98,2,0.02040816326530612,,True,False,False,0,0,96,98,2,0.9795918367346939,,0.7086262380739974,0.35563184178318585,0.34180816786312146,0.6648581740263776,0.7086262380739974,0.7086262380739974,,98,0,True,1,0,0,98,0,0,7.824653919646454,,7.6046311388978864,,RAW_WINDOWS_DT30_DISTANCE400_V1,98,98,0,1.0,,98,0.7086262380739974,0.35563184178318585,0.7086262380739974,,0,5,4.587382595982998e-10,0,0,0,0,1,1,7.824653919646454,NO_RAW_BREAK_CROSSING,S0,UNIFORM,PROCESSED,b0ede0d5608286c9258359d6876b83789545301001b54ddb9de9a74e020bb7be
8240,98,0,0.0,,False,True,True,98,0,0,0,0,,EMPTY_DP_REFERENCE_DENOMINATOR,,,,,,,EMPTY_DP_REFERENCE,0,0,True,1,1,0,0,0,0,7.824653919646454,,,EMPTY_OUTPUT,RAW_WINDOWS_DT30_DISTANCE400_V1,98,0,98,0.0,,0,,,,NO_COVERED_RAW_POINTS,0,5,4.587382595982998e-10,0,0,0,0,1,0,7.824653919646454,NO_RAW_BREAK_CROSSING,S_POINTS2,UNIFORM,ALL_FILTERED,c815f7ea3a4f98cda7d66239e7493a6b50dd9cedea0c5158e481f844cb5ee40b
8240,98,2,0.02040816326530612,,True,False,False,0,0,96,98,2,0.9795918367346939,,0.7086262380739974,0.35563184178318585,0.34180816786312146,0.6648581740263776,0.7086262380739974,0.7086262380739974,,98,0,True,1,0,0,98,0,0,7.824653919646454,,7.6046311388978864,,RAW_WINDOWS_DT30_DISTANCE400_V1,98,98,0,1.0,,98,0.7086262380739974,0.35563184178318585,0.7086262380739974,,0,5,4.587382595982998e-10,0,0,0,0,1,1,7.824653919646454,NO_RAW_BREAK_CROSSING,S_LENGTH0,UNIFORM,PROCESSED,005d9886897fa275641097ae515e2f85588190d7a11af719e3c3bb0863cf43bc
8240,98,0,0.0,,False,True,True,98,0,0,0,0,,EMPTY_DP_REFERENCE_DENOMINATOR,,,,,,,EMPTY_DP_REFERENCE,0,0,True,1,1,0,0,0,0,7.824653919646454,,,EMPTY_OUTPUT,RAW_WINDOWS_DT30_DISTANCE400_V1,98,0,98,0.0,,0,,,,NO_COVERED_RAW_POINTS,0,5,4.587382595982998e-10,0,0,0,0,1,0,7.824653919646454,NO_RAW_BREAK_CROSSING,D60,UNIFORM,ALL_FILTERED,caa9f208d68a11cc824f7efb0da192e93ba8bd79db4d091228830ae03ac1d793
8240,98,0,0.0,,False,True,True,98,0,0,0,0,,EMPTY_DP_REFERENCE_DENOMINATOR,,,,,,,EMPTY_DP_REFERENCE,0,0,True,1,1,0,0,0,0,7.824653919646454,,,EMPTY_OUTPUT,RAW_WINDOWS_DT30_DISTANCE400_V1,98,0,98,0.0,,0,,,,NO_COVERED_RAW_POINTS,0,5,4.587382595982998e-10,0,0,0,0,1,0,7.824653919646454,NO_RAW_BREAK_CROSSING,P2,UNIFORM,ALL_FILTERED,68a66761561438a569eab01b140997b18382b3d1a4142831fd3cb84b5f725fa2
8240,98,0,0.0,,False,True,True,98,0,0,0,0,,EMPTY_DP_REFERENCE_DENOMINATOR,,,,,,,EMPTY_DP_REFERENCE,0,0,True,1,1,0,0,0,0,7.824653919646454,,,EMPTY_OUTPUT,RAW_WINDOWS_DT30_DISTANCE400_V1,98,0,98,0.0,,0,,,,NO_COVERED_RAW_POINTS,0,5,4.587382595982998e-10,0,0,0,0,1,0,7.824653919646454,NO_RAW_BREAK_CROSSING,P10,UNIFORM,ALL_FILTERED,a03a7f741e7b84d31c0886e81c64c8c13efac309884bd270aa52d9ac85ea4afa
9441,99,0,0.0,,False,True,True,99,0,0,0,0,,EMPTY_DP_REFERENCE_DENOMINATOR,,,,,,,EMPTY_DP_REFERENCE,0,0,True,1,1,0,0,0,0,3.9509185844446573,,,EMPTY_OUTPUT,RAW_WINDOWS_DT30_DISTANCE400_V1,99,0,99,0.0,,0,,,,NO_COVERED_RAW_POINTS,0,5,1.5200479591818196e-10,0,0,0,0,1,0,3.9509185844446573,NO_RAW_BREAK_CROSSING,R0,UNIFORM,ALL_FILTERED,48f08633033ecc86b056ddbf91022c158150f37ae08b31dc7a420eeef9418c6d
9441,99,2,0.020202020202020204,,True,False,False,0,0,97,99,2,0.9797979797979798,,0.6534134493758846,0.34750482854210724,0.36469580428932186,0.6509821669579389,0.6534134493758846,0.6534134493758846,,99,0,True,1,0,0,99,0,0,3.9509185844446573,,3.472050515783786,,RAW_WINDOWS_DT30_DISTANCE400_V1,99,99,0,1.0,,99,0.6534134493758846,0.34750482854210724,0.6534134493758846,,0,5,1.5200479591818196e-10,0,0,0,0,1,1,3.9509185844446573,NO_RAW_BREAK_CROSSING,S0,UNIFORM,PROCESSED,39d28845a1a013574b33c0f9ac9bb0e45fbd56f9386863f237e3f01321372887
9441,99,0,0.0,,False,True,True,99,0,0,0,0,,EMPTY_DP_REFERENCE_DENOMINATOR,,,,,,,EMPTY_DP_REFERENCE,0,0,True,1,1,0,0,0,0,3.9509185844446573,,,EMPTY_OUTPUT,RAW_WINDOWS_DT30_DISTANCE400_V1,99,0,99,0.0,,0,,,,NO_COVERED_RAW_POINTS,0,5,1.5200479591818196e-10,0,0,0,0,1,0,3.9509185844446573,NO_RAW_BREAK_CROSSING,S_POINTS2,UNIFORM,ALL_FILTERED,90989ea8e5a60011a672c881a65e8c042784a837606b4de3f7d225d643844629
9441,99,2,0.020202020202020204,,True,False,False,0,0,97,99,2,0.9797979797979798,,0.6534134493758846,0.34750482854210724,0.36469580428932186,0.6509821669579389,0.6534134493758846,0.6534134493758846,,99,0,True,1,0,0,99,0,0,3.9509185844446573,,3.472050515783786,,RAW_WINDOWS_DT30_DISTANCE400_V1,99,99,0,1.0,,99,0.6534134493758846,0.34750482854210724,0.6534134493758846,,0,5,1.5200479591818196e-10,0,0,0,0,1,1,3.9509185844446573,NO_RAW_BREAK_CROSSING,S_LENGTH0,UNIFORM,PROCESSED,321d623daeab4673a0e0d39b216d8b2c2d7764f7abbe07f7e1bd538a0e84bc06
9441,99,0,0.0,,False,True,True,99,0,0,0,0,,EMPTY_DP_REFERENCE_DENOMINATOR,,,,,,,EMPTY_DP_REFERENCE,0,0,True,1,1,0,0,0,0,3.9509185844446573,,,EMPTY_OUTPUT,RAW_WINDOWS_DT30_DISTANCE400_V1,99,0,99,0.0,,0,,,,NO_COVERED_RAW_POINTS,0,5,1.5200479591818196e-10,0,0,0,0,1,0,3.9509185844446573,NO_RAW_BREAK_CROSSING,D60,UNIFORM,ALL_FILTERED,d2c3ea2499d192a60f052c69d01bf4ed17649d3b6893b0612e988da667365b79
9441,99,0,0.0,,False,True,True,99,0,0,0,0,,EMPTY_DP_REFERENCE_DENOMINATOR,,,,,,,EMPTY_DP_REFERENCE,0,0,True,1,1,0,0,0,0,3.9509185844446573,,,EMPTY_OUTPUT,RAW_WINDOWS_DT30_DISTANCE400_V1,99,0,99,0.0,,0,,,,NO_COVERED_RAW_POINTS,0,5,1.5200479591818196e-10,0,0,0,0,1,0,3.9509185844446573,NO_RAW_BREAK_CROSSING,P2,UNIFORM,ALL_FILTERED,3479732f79774977ef8e94eb1816fa12aca9e2a0a56a4aae0692409824457c63
9441,99,0,0.0,,False,True,True,99,0,0,0,0,,EMPTY_DP_REFERENCE_DENOMINATOR,,,,,,,EMPTY_DP_REFERENCE,0,0,True,1,1,0,0,0,0,3.9509185844446573,,,EMPTY_OUTPUT,RAW_WINDOWS_DT30_DISTANCE400_V1,99,0,99,0.0,,0,,,,NO_COVERED_RAW_POINTS,0,5,1.5200479591818196e-10,0,0,0,0,1,0,3.9509185844446573,NO_RAW_BREAK_CROSSING,P10,UNIFORM,ALL_FILTERED,0a36c900d0e892cd6bf26a1a891aa7b30b2aa20c03303386a9947aecef96bf7f
217,101,0,0.0,,False,True,True,101,0,0,0,0,,EMPTY_DP_REFERENCE_DENOMINATOR,,,,,,,EMPTY_DP_REFERENCE,0,0,True,2,2,0,0,0,0,5.531773977384061,,,EMPTY_OUTPUT,RAW_WINDOWS_DT30_DISTANCE400_V1,101,0,101,0.0,,0,,,,NO_COVERED_RAW_POINTS,0,5,1.0716554125258319e-10,1,0,0,2,2,0,5.531773977384062,NO_RAW_BREAK_CROSSING,R0,UNIFORM,ALL_FILTERED,d1fe4e3ec53172428476e8bc27445898ed8fccf155d8d935b3cdabdfb0acc12e
217,101,4,0.039603960396039604,,True,False,False,0,0,97,101,4,0.9603960396039604,,0.5637768220372692,0.12001188668705186,0.08456660172474888,0.16913315194027168,0.5637768220372692,0.5637768220372692,,101,0,True,2,0,0,101,0,0,5.531773977384061,,4.572118917038689,,RAW_WINDOWS_DT30_DISTANCE400_V1,101,101,0,1.0,,101,0.5637768220372692,0.12001188668705186,0.5637768220372692,,0,5,1.0716554125258319e-10,1,0,0,0,2,2,5.531773977384062,NO_RAW_BREAK_CROSSING,S0,UNIFORM,PROCESSED,4a867012932e5ceaab35c6b2de1e0a7b2dde9949c504ea5de385fe0bfd49ebe2
217,101,0,0.0,,False,True,True,101,0,0,0,0,,EMPTY_DP_REFERENCE_DENOMINATOR,,,,,,,EMPTY_DP_REFERENCE,0,0,True,2,2,0,0,0,0,5.531773977384061,,,EMPTY_OUTPUT,RAW_WINDOWS_DT30_DISTANCE400_V1,101,0,101,0.0,,0,,,,NO_COVERED_RAW_POINTS,0,5,1.0716554125258319e-10,1,0,0,2,2,0,5.531773977384062,NO_RAW_BREAK_CROSSING,S_POINTS2,UNIFORM,ALL_FILTERED,e2a0d730887840ca25d8830d640a6f54faaecabddddf00771f47fd49e046fb71
217,101,4,0.039603960396039604,,True,False,False,0,0,97,101,4,0.9603960396039604,,0.5637768220372692,0.12001188668705186,0.08456660172474888,0.16913315194027168,0.5637768220372692,0.5637768220372692,,101,0,True,2,0,0,101,0,0,5.531773977384061,,4.572118917038689,,RAW_WINDOWS_DT30_DISTANCE400_V1,101,101,0,1.0,,101,0.5637768220372692,0.12001188668705186,0.5637768220372692,,0,5,1.0716554125258319e-10,1,0,0,0,2,2,5.531773977384062,NO_RAW_BREAK_CROSSING,S_LENGTH0,UNIFORM,PROCESSED,7ad8f8ce47d13c4a4ebd97e04cb78bf2f8133ae8dac25bfb4b43cdcce0441277
217,101,0,0.0,,False,True,True,101,0,0,0,0,,EMPTY_DP_REFERENCE_DENOMINATOR,,,,,,,EMPTY_DP_REFERENCE,0,0,True,2,2,0,0,0,0,5.531773977384061,,,EMPTY_OUTPUT,RAW_WINDOWS_DT30_DISTANCE400_V1,101,0,101,0.0,,0,,,,NO_COVERED_RAW_POINTS,0,5,1.0716554125258319e-10,1,0,0,2,2,0,5.531773977384062,NO_RAW_BREAK_CROSSING,D60,UNIFORM,ALL_FILTERED,fd2bd0de6ebcf606bf99531fc05683d03708cab83be96cfe58a910fcbd5e6b68
217,101,0,0.0,,False,True,True,101,0,0,0,0,,EMPTY_DP_REFERENCE_DENOMINATOR,,,,,,,EMPTY_DP_REFERENCE,0,0,True,2,2,0,0,0,0,5.531773977384061,,,EMPTY_OUTPUT,RAW_WINDOWS_DT30_DISTANCE400_V1,101,0,101,0.0,,0,,,,NO_COVERED_RAW_POINTS,0,5,1.0716554125258319e-10,1,0,0,2,2,0,5.531773977384062,NO_RAW_BREAK_CROSSING,P2,UNIFORM,ALL_FILTERED,37c7e32383dae3fd65f9d4d7e299c70fe65646a0ac9b7edd1b849f89fe13e3ae
217,101,0,0.0,,False,True,True,101,0,0,0,0,,EMPTY_DP_REFERENCE_DENOMINATOR,,,,,,,EMPTY_DP_REFERENCE,0,0,True,2,2,0,0,0,0,5.531773977384061,,,EMPTY_OUTPUT,RAW_WINDOWS_DT30_DISTANCE400_V1,101,0,101,0.0,,0,,,,NO_COVERED_RAW_POINTS,0,5,1.0716554125258319e-10,1,0,0,2,2,0,5.531773977384062,NO_RAW_BREAK_CROSSING,P10,UNIFORM,ALL_FILTERED,7ca10da6d189f776817e6ea402d9104a8b1c957bd723bce0f4973f623c9ca4bd
130,97,0,0.0,,False,True,True,97,0,0,0,0,,EMPTY_DP_REFERENCE_DENOMINATOR,,,,,,,EMPTY_DP_REFERENCE,0,0,True,2,2,0,0,0,0,5.3483668641195665,,,EMPTY_OUTPUT,RAW_WINDOWS_DT30_DISTANCE400_V1,97,0,97,0.0,,0,,,,NO_COVERED_RAW_POINTS,0,5,5.593905916693167e-10,1,0,0,2,2,0,5.3483668641195665,NO_RAW_BREAK_CROSSING,R0,UNIFORM,ALL_FILTERED,5345640562a8febdab2cf1ebdc0b0561ca9e7bf2b811848826793cd70692b6f0
130,97,4,0.041237113402061855,,True,False,False,0,0,93,97,4,0.9587628865979382,,0.6635255888541063,0.36980357203309366,0.4114438077860507,0.6200632141655481,0.6635255888541063,0.6635255888541063,,97,0,True,2,0,0,97,0,0,5.3483668641195665,,4.615703951679372,,RAW_WINDOWS_DT30_DISTANCE400_V1,97,97,0,1.0,,97,0.6635255888541063,0.36980357203309366,0.6635255888541063,,0,5,5.593905916693167e-10,1,0,0,0,2,2,5.3483668641195665,NO_RAW_BREAK_CROSSING,S0,UNIFORM,PROCESSED,b8f59da5a9249af219377f588ff49dd3a209af36356a5dfd7bad11bdfd44f51c
130,97,0,0.0,,False,True,True,97,0,0,0,0,,EMPTY_DP_REFERENCE_DENOMINATOR,,,,,,,EMPTY_DP_REFERENCE,0,0,True,2,2,0,0,0,0,5.3483668641195665,,,EMPTY_OUTPUT,RAW_WINDOWS_DT30_DISTANCE400_V1,97,0,97,0.0,,0,,,,NO_COVERED_RAW_POINTS,0,5,5.593905916693167e-10,1,0,0,2,2,0,5.3483668641195665,NO_RAW_BREAK_CROSSING,S_POINTS2,UNIFORM,ALL_FILTERED,78290d9a3f00ad23580202cb3059938417881ea4a913e5e182ef763daeb42b2a
130,97,4,0.041237113402061855,,True,False,False,0,0,93,97,4,0.9587628865979382,,0.6635255888541063,0.36980357203309366,0.4114438077860507,0.6200632141655481,0.6635255888541063,0.6635255888541063,,97,0,True,2,0,0,97,0,0,5.3483668641195665,,4.615703951679372,,RAW_WINDOWS_DT30_DISTANCE400_V1,97,97,0,1.0,,97,0.6635255888541063,0.36980357203309366,0.6635255888541063,,0,5,5.593905916693167e-10,1,0,0,0,2,2,5.3483668641195665,NO_RAW_BREAK_CROSSING,S_LENGTH0,UNIFORM,PROCESSED,a83fd0333cd1380a51c691ad04f396c46e85f19dcaede4f2c8f0990335cb1b13
130,97,0,0.0,,False,True,True,97,0,0,0,0,,EMPTY_DP_REFERENCE_DENOMINATOR,,,,,,,EMPTY_DP_REFERENCE,0,0,True,2,2,0,0,0,0,5.3483668641195665,,,EMPTY_OUTPUT,RAW_WINDOWS_DT30_DISTANCE400_V1,97,0,97,0.0,,0,,,,NO_COVERED_RAW_POINTS,0,5,5.593905916693167e-10,1,0,0,2,2,0,5.3483668641195665,NO_RAW_BREAK_CROSSING,D60,UNIFORM,ALL_FILTERED,a994cf05bb8a87c3acb973c569afc9f9e339fb551c4211a9aea0f12ad1af501d
130,97,0,0.0,,False,True,True,97,0,0,0,0,,EMPTY_DP_REFERENCE_DENOMINATOR,,,,,,,EMPTY_DP_REFERENCE,0,0,True,2,2,0,0,0,0,5.3483668641195665,,,EMPTY_OUTPUT,RAW_WINDOWS_DT30_DISTANCE400_V1,97,0,97,0.0,,0,,,,NO_COVERED_RAW_POINTS,0,5,5.593905916693167e-10,1,0,0,2,2,0,5.3483668641195665,NO_RAW_BREAK_CROSSING,P2,UNIFORM,ALL_FILTERED,e6656ab9bf75d08718540badc60564b4edee3711e57e367b0e1d95758378290a
130,97,0,0.0,,False,True,True,97,0,0,0,0,,EMPTY_DP_REFERENCE_DENOMINATOR,,,,,,,EMPTY_DP_REFERENCE,0,0,True,2,2,0,0,0,0,5.3483668641195665,,,EMPTY_OUTPUT,RAW_WINDOWS_DT30_DISTANCE400_V1,97,0,97,0.0,,0,,,,NO_COVERED_RAW_POINTS,0,5,5.593905916693167e-10,1,0,0,2,2,0,5.3483668641195665,NO_RAW_BREAK_CROSSING,P10,UNIFORM,ALL_FILTERED,f0d5b393c69458df472d76590f4f5146dce9839254f2561fdd1d6433660fac40
799,86,0,0.0,,False,True,True,86,0,0,0,0,,EMPTY_DP_REFERENCE_DENOMINATOR,,,,,,,EMPTY_DP_REFERENCE,0,0,True,3,3,0,0,0,0,5.5424198314637225,,,EMPTY_OUTPUT,RAW_WINDOWS_DT30_DISTANCE400_V1,86,0,86,0.0,,0,,,,NO_COVERED_RAW_POINTS,0,5,1.3898291060371437e-10,2,0,0,4,3,0,5.5424198314637225,NO_RAW_BREAK_CROSSING,R0,UNIFORM,ALL_FILTERED,c9a765935953a519c751e5960bc055cc9225fc8c85fa181884d1c0c053cfa61e
799,86,6,0.06976744186046512,,True,False,False,0,0,80,86,6,0.9302325581395349,,1.0066310969151395,0.7445917192863463,1.0066310969151395,1.0066310969151395,1.0066310969151395,1.0066310969151395,,86,0,True,3,0,0,86,0,0,5.5424198314637225,,2.976368694696616,,RAW_WINDOWS_DT30_DISTANCE400_V1,86,86,0,1.0,,86,1.0066310969151395,0.7445917192863463,1.0066310969151395,,0,5,1.3898291060371437e-10,2,0,0,0,3,3,5.5424198314637225,NO_RAW_BREAK_CROSSING,S0,UNIFORM,PROCESSED,4ae2c28947bade77ac9f8433f31f75b82f8471d7602326a748fedc09e51dbebf
799,86,0,0.0,,False,True,True,86,0,0,0,0,,EMPTY_DP_REFERENCE_DENOMINATOR,,,,,,,EMPTY_DP_REFERENCE,0,0,True,3,3,0,0,0,0,5.5424198314637225,,,EMPTY_OUTPUT,RAW_WINDOWS_DT30_DISTANCE400_V1,86,0,86,0.0,,0,,,,NO_COVERED_RAW_POINTS,0,5,1.3898291060371437e-10,2,0,0,4,3,0,5.5424198314637225,NO_RAW_BREAK_CROSSING,S_POINTS2,UNIFORM,ALL_FILTERED,0336a5cd3aba09197d6341bc03ad3fb7595bd33daf4bb22d64cfec2cba24122f
799,86,4,0.046511627906976744,,True,False,False,2,0,80,84,4,0.9523809523809523,,1.0066310969151395,0.7623200935550688,1.0066310969151395,1.0066310969151395,1.0066310969151395,1.0066310969151395,,84,0,True,3,1,0,84,0,0,5.5424198314637225,,2.976368694696616,,RAW_WINDOWS_DT30_DISTANCE400_V1,86,84,2,0.9767441860465116,,84,1.0066310969151395,0.7623200935550688,1.0066310969151395,,0,5,1.3898291060371437e-10,2,0,0,2,3,2,5.5424198314637225,NO_RAW_BREAK_CROSSING,S_LENGTH0,UNIFORM,PROCESSED,217b537c72e2f77105f0dec028e007d4cc0f52e6d077a29d177bc889f631cc65
799,86,0,0.0,,False,True,True,86,0,0,0,0,,EMPTY_DP_REFERENCE_DENOMINATOR,,,,,,,EMPTY_DP_REFERENCE,0,0,True,3,3,0,0,0,0,5.5424198314637225,,,EMPTY_OUTPUT,RAW_WINDOWS_DT30_DISTANCE400_V1,86,0,86,0.0,,0,,,,NO_COVERED_RAW_POINTS,0,5,1.3898291060371437e-10,2,0,0,4,3,0,5.5424198314637225,NO_RAW_BREAK_CROSSING,D60,UNIFORM,ALL_FILTERED,d5e87cb01afbaf38b6d1b5cba0dd4b226d8f394297c35b282c2431b7b116413c
799,86,0,0.0,,False,True,True,86,0,0,0,0,,EMPTY_DP_REFERENCE_DENOMINATOR,,,,,,,EMPTY_DP_REFERENCE,0,0,True,3,3,0,0,0,0,5.5424198314637225,,,EMPTY_OUTPUT,RAW_WINDOWS_DT30_DISTANCE400_V1,86,0,86,0.0,,0,,,,NO_COVERED_RAW_POINTS,0,5,1.3898291060371437e-10,2,0,0,4,3,0,5.5424198314637225,NO_RAW_BREAK_CROSSING,P2,UNIFORM,ALL_FILTERED,27a44c0902124034939c2094e1dfe954b9f2318b5875b69c1fc78b6702795fb4
799,86,0,0.0,,False,True,True,86,0,0,0,0,,EMPTY_DP_REFERENCE_DENOMINATOR,,,,,,,EMPTY_DP_REFERENCE,0,0,True,3,3,0,0,0,0,5.5424198314637225,,,EMPTY_OUTPUT,RAW_WINDOWS_DT30_DISTANCE400_V1,86,0,86,0.0,,0,,,,NO_COVERED_RAW_POINTS,0,5,1.3898291060371437e-10,2,0,0,4,3,0,5.5424198314637225,NO_RAW_BREAK_CROSSING,P10,UNIFORM,ALL_FILTERED,53c837b1fd70d8ea54ef86a2a6337c53d1d97293e86187f81320ab5fffbfd5d4
4318,100,0,0.0,,False,True,True,100,0,0,0,0,,EMPTY_DP_REFERENCE_DENOMINATOR,,,,,,,EMPTY_DP_REFERENCE,0,0,True,2,2,0,0,0,0,4.3984157562846375,,,EMPTY_OUTPUT,RAW_WINDOWS_DT30_DISTANCE400_V1,100,0,100,0.0,,0,,,,NO_COVERED_RAW_POINTS,0,5,2.1135901186514392e-10,1,0,0,2,2,0,4.3984157562846375,NO_RAW_BREAK_CROSSING,R0,UNIFORM,ALL_FILTERED,d1bde754b04fe9b56811aa95d2d41365e0bd447950516eb772caef04a1256c61
4318,100,4,0.04,,True,False,False,0,0,96,100,4,0.96,,0.36163187014816023,0.2005689380569,0.20664678465489017,0.3370166082200973,0.36163187014816023,0.36163187014816023,,100,0,True,2,0,0,100,0,0,4.3984157562846375,,3.474592398769706,,RAW_WINDOWS_DT30_DISTANCE400_V1,100,100,0,1.0,,100,0.36163187014816023,0.2005689380569,0.36163187014816023,,0,5,2.1135901186514392e-10,1,0,0,0,2,2,4.3984157562846375,NO_RAW_BREAK_CROSSING,S0,UNIFORM,PROCESSED,58394fd19f0a9f3091c0a2c714942614ffe679c208226457a3f5df08a393704a
4318,100,0,0.0,,False,True,True,100,0,0,0,0,,EMPTY_DP_REFERENCE_DENOMINATOR,,,,,,,EMPTY_DP_REFERENCE,0,0,True,2,2,0,0,0,0,4.3984157562846375,,,EMPTY_OUTPUT,RAW_WINDOWS_DT30_DISTANCE400_V1,100,0,100,0.0,,0,,,,NO_COVERED_RAW_POINTS,0,5,2.1135901186514392e-10,1,0,0,2,2,0,4.3984157562846375,NO_RAW_BREAK_CROSSING,S_POINTS2,UNIFORM,ALL_FILTERED,4305a4f2f4a8891c8a73c32b1b6570245cf15e56577efa7c8faf7f4a9da0215b
4318,100,4,0.04,,True,False,False,0,0,96,100,4,0.96,,0.36163187014816023,0.2005689380569,0.20664678465489017,0.3370166082200973,0.36163187014816023,0.36163187014816023,,100,0,True,2,0,0,100,0,0,4.3984157562846375,,3.474592398769706,,RAW_WINDOWS_DT30_DISTANCE400_V1,100,100,0,1.0,,100,0.36163187014816023,0.2005689380569,0.36163187014816023,,0,5,2.1135901186514392e-10,1,0,0,0,2,2,4.3984157562846375,NO_RAW_BREAK_CROSSING,S_LENGTH0,UNIFORM,PROCESSED,9cf9e9f0acf1c47d87105f7be1d5919e99690f0863e3f8b5d486f4097e94cbec
4318,100,0,0.0,,False,True,True,100,0,0,0,0,,EMPTY_DP_REFERENCE_DENOMINATOR,,,,,,,EMPTY_DP_REFERENCE,0,0,True,2,2,0,0,0,0,4.3984157562846375,,,EMPTY_OUTPUT,RAW_WINDOWS_DT30_DISTANCE400_V1,100,0,100,0.0,,0,,,,NO_COVERED_RAW_POINTS,0,5,2.1135901186514392e-10,1,0,0,2,2,0,4.3984157562846375,NO_RAW_BREAK_CROSSING,D60,UNIFORM,ALL_FILTERED,e1fcc333c7e955bf5066a01b42185a503b39225f4b0382a13773c567a1bc3c13
4318,100,0,0.0,,False,True,True,100,0,0,0,0,,EMPTY_DP_REFERENCE_DENOMINATOR,,,,,,,EMPTY_DP_REFERENCE,0,0,True,2,2,0,0,0,0,4.3984157562846375,,,EMPTY_OUTPUT,RAW_WINDOWS_DT30_DISTANCE400_V1,100,0,100,0.0,,0,,,,NO_COVERED_RAW_POINTS,0,5,2.1135901186514392e-10,1,0,0,2,2,0,4.3984157562846375,NO_RAW_BREAK_CROSSING,P2,UNIFORM,ALL_FILTERED,f822382167ef92dc2a122fd05cb7b8bddada6576451199da7767815a74804434
4318,100,0,0.0,,False,True,True,100,0,0,0,0,,EMPTY_DP_REFERENCE_DENOMINATOR,,,,,,,EMPTY_DP_REFERENCE,0,0,True,2,2,0,0,0,0,4.3984157562846375,,,EMPTY_OUTPUT,RAW_WINDOWS_DT30_DISTANCE400_V1,100,0,100,0.0,,0,,,,NO_COVERED_RAW_POINTS,0,5,2.1135901186514392e-10,1,0,0,2,2,0,4.3984157562846375,NO_RAW_BREAK_CROSSING,P10,UNIFORM,ALL_FILTERED,7bbd5ff40a06b7639acc6c575b736d8a4aa1baa95186f4cb3ae80e9c46dd7281
6867,99,0,0.0,,False,True,True,99,0,0,0,0,,EMPTY_DP_REFERENCE_DENOMINATOR,,,,,,,EMPTY_DP_REFERENCE,0,0,True,2,2,0,0,0,0,3.079162891951926,,,EMPTY_OUTPUT,RAW_WINDOWS_DT30_DISTANCE400_V1,99,0,99,0.0,,0,,,,NO_COVERED_RAW_POINTS,0,5,2.570018873329962e-10,1,0,0,2,2,0,3.079162891951926,NO_RAW_BREAK_CROSSING,R0,UNIFORM,ALL_FILTERED,bf406d791fc793c3b323ebf8327eaa0f4a536658cd423c4519ff0d263911e1a0
6867,99,2,0.020202020202020204,,True,False,False,1,0,96,98,2,0.9795918367346939,,0.21296950734383488,0.10984330408858377,0.1548870489431467,0.19399588775670792,0.21296950734383488,0.21296950734383488,,98,0,True,2,1,0,98,0,0,3.079162891951926,,2.729053222111912,,RAW_WINDOWS_DT30_DISTANCE400_V1,99,98,1,0.98989898989899,,98,0.21296950734383488,0.10984330408858377,0.21296950734383488,,0,5,2.570018873329962e-10,1,0,0,1,2,1,3.079162891951926,NO_RAW_BREAK_CROSSING,S0,UNIFORM,PROCESSED,55c3f79fae30ec9eb7112d870821461398f4a7db45a27edc496ef1117515e150
6867,99,0,0.0,,False,True,True,99,0,0,0,0,,EMPTY_DP_REFERENCE_DENOMINATOR,,,,,,,EMPTY_DP_REFERENCE,0,0,True,2,2,0,0,0,0,3.079162891951926,,,EMPTY_OUTPUT,RAW_WINDOWS_DT30_DISTANCE400_V1,99,0,99,0.0,,0,,,,NO_COVERED_RAW_POINTS,0,5,2.570018873329962e-10,1,0,0,2,2,0,3.079162891951926,NO_RAW_BREAK_CROSSING,S_POINTS2,UNIFORM,ALL_FILTERED,affa6c341fffc6dbfb505425e79208a37c0f22c1d432fd5ffdcc1bb8f52127ae
6867,99,2,0.020202020202020204,,True,False,False,1,0,96,98,2,0.9795918367346939,,0.21296950734383488,0.10984330408858377,0.1548870489431467,0.19399588775670792,0.21296950734383488,0.21296950734383488,,98,0,True,2,1,0,98,0,0,3.079162891951926,,2.729053222111912,,RAW_WINDOWS_DT30_DISTANCE400_V1,99,98,1,0.98989898989899,,98,0.21296950734383488,0.10984330408858377,0.21296950734383488,,0,5,2.570018873329962e-10,1,0,0,1,2,1,3.079162891951926,NO_RAW_BREAK_CROSSING,S_LENGTH0,UNIFORM,PROCESSED,df271eb8169b4a2f4470de9ed9a7be4bb2abc909b2709de21b2be6039f5142ae
6867,99,0,0.0,,False,True,True,99,0,0,0,0,,EMPTY_DP_REFERENCE_DENOMINATOR,,,,,,,EMPTY_DP_REFERENCE,0,0,True,2,2,0,0,0,0,3.079162891951926,,,EMPTY_OUTPUT,RAW_WINDOWS_DT30_DISTANCE400_V1,99,0,99,0.0,,0,,,,NO_COVERED_RAW_POINTS,0,5,2.570018873329962e-10,1,0,0,2,2,0,3.079162891951926,NO_RAW_BREAK_CROSSING,D60,UNIFORM,ALL_FILTERED,9d030e8fae660b0a0df5e8f0f0d270254796b6c437c292068a354d213544211f
6867,99,0,0.0,,False,True,True,99,0,0,0,0,,EMPTY_DP_REFERENCE_DENOMINATOR,,,,,,,EMPTY_DP_REFERENCE,0,0,True,2,2,0,0,0,0,3.079162891951926,,,EMPTY_OUTPUT,RAW_WINDOWS_DT30_DISTANCE400_V1,99,0,99,0.0,,0,,,,NO_COVERED_RAW_POINTS,0,5,2.570018873329962e-10,1,0,0,2,2,0,3.079162891951926,NO_RAW_BREAK_CROSSING,P2,UNIFORM,ALL_FILTERED,194759578dc2c7f263e24db6b0b801c3584e7e74d1415f5da7e644bbf4af1fee
6867,99,0,0.0,,False,True,True,99,0,0,0,0,,EMPTY_DP_REFERENCE_DENOMINATOR,,,,,,,EMPTY_DP_REFERENCE,0,0,True,2,2,0,0,0,0,3.079162891951926,,,EMPTY_OUTPUT,RAW_WINDOWS_DT30_DISTANCE400_V1,99,0,99,0.0,,0,,,,NO_COVERED_RAW_POINTS,0,5,2.570018873329962e-10,1,0,0,2,2,0,3.079162891951926,NO_RAW_BREAK_CROSSING,P10,UNIFORM,ALL_FILTERED,e8d1d5955b55888d8e776533254ea62b87338eed20aec2a69b80b88cd07228b4
4492,99,0,0.0,,False,True,True,99,0,0,0,0,,EMPTY_DP_REFERENCE_DENOMINATOR,,,,,,,EMPTY_DP_REFERENCE,0,0,True,1,1,0,0,0,0,3.9978114097485036,,,EMPTY_OUTPUT,RAW_WINDOWS_DT30_DISTANCE400_V1,99,0,99,0.0,,0,,,,NO_COVERED_RAW_POINTS,0,5,4.726791243477567e-10,0,0,0,0,1,0,3.9978114097485036,NO_RAW_BREAK_CROSSING,R0,UNIFORM,ALL_FILTERED,b5be44360e0a273829d0f77d11a11382d7f84d0eae42bc4d517861436df1d4ca
4492,99,2,0.020202020202020204,,True,False,False,0,0,97,99,2,0.9797979797979798,,1.3440533211134558,0.7671972041047895,0.8649116943591927,1.1688141219543708,1.3440533211134558,1.3440533211134558,,99,0,True,1,0,0,99,0,0,3.9978114097485036,,1.9089655039473956,,RAW_WINDOWS_DT30_DISTANCE400_V1,99,99,0,1.0,,99,1.3440533211134558,0.7671972041047895,1.3440533211134558,,0,5,4.726791243477567e-10,0,0,0,0,1,1,3.9978114097485036,NO_RAW_BREAK_CROSSING,S0,UNIFORM,PROCESSED,3805df627f70452c36f83052ad184d053374a5edb02a8377b34208092c1b52d6
4492,99,0,0.0,,False,True,True,99,0,0,0,0,,EMPTY_DP_REFERENCE_DENOMINATOR,,,,,,,EMPTY_DP_REFERENCE,0,0,True,1,1,0,0,0,0,3.9978114097485036,,,EMPTY_OUTPUT,RAW_WINDOWS_DT30_DISTANCE400_V1,99,0,99,0.0,,0,,,,NO_COVERED_RAW_POINTS,0,5,4.726791243477567e-10,0,0,0,0,1,0,3.9978114097485036,NO_RAW_BREAK_CROSSING,S_POINTS2,UNIFORM,ALL_FILTERED,899d2db9df96655b4ad58094dd3578247f144e07b5571e6ca3b04d55b2ce7a6c
4492,99,2,0.020202020202020204,,True,False,False,0,0,97,99,2,0.9797979797979798,,1.3440533211134558,0.7671972041047895,0.8649116943591927,1.1688141219543708,1.3440533211134558,1.3440533211134558,,99,0,True,1,0,0,99,0,0,3.9978114097485036,,1.9089655039473956,,RAW_WINDOWS_DT30_DISTANCE400_V1,99,99,0,1.0,,99,1.3440533211134558,0.7671972041047895,1.3440533211134558,,0,5,4.726791243477567e-10,0,0,0,0,1,1,3.9978114097485036,NO_RAW_BREAK_CROSSING,S_LENGTH0,UNIFORM,PROCESSED,537de75ee5931f348fedeb222c125bf0e5aa5f732fcd03bcef13c40fa3864498
4492,99,0,0.0,,False,True,True,99,0,0,0,0,,EMPTY_DP_REFERENCE_DENOMINATOR,,,,,,,EMPTY_DP_REFERENCE,0,0,True,1,1,0,0,0,0,3.9978114097485036,,,EMPTY_OUTPUT,RAW_WINDOWS_DT30_DISTANCE400_V1,99,0,99,0.0,,0,,,,NO_COVERED_RAW_POINTS,0,5,4.726791243477567e-10,0,0,0,0,1,0,3.9978114097485036,NO_RAW_BREAK_CROSSING,D60,UNIFORM,ALL_FILTERED,e3de6bfc6aa3f767b795034af6091038d74d3dcf76609763bd9ab134461ce522
4492,99,0,0.0,,False,True,True,99,0,0,0,0,,EMPTY_DP_REFERENCE_DENOMINATOR,,,,,,,EMPTY_DP_REFERENCE,0,0,True,1,1,0,0,0,0,3.9978114097485036,,,EMPTY_OUTPUT,RAW_WINDOWS_DT30_DISTANCE400_V1,99,0,99,0.0,,0,,,,NO_COVERED_RAW_POINTS,0,5,4.726791243477567e-10,0,0,0,0,1,0,3.9978114097485036,NO_RAW_BREAK_CROSSING,P2,UNIFORM,ALL_FILTERED,78a524bebf6aa6f291eec28fafac5b17a73ed73c313e0a732ada0b359530f332
4492,99,0,0.0,,False,True,True,99,0,0,0,0,,EMPTY_DP_REFERENCE_DENOMINATOR,,,,,,,EMPTY_DP_REFERENCE,0,0,True,1,1,0,0,0,0,3.9978114097485036,,,EMPTY_OUTPUT,RAW_WINDOWS_DT30_DISTANCE400_V1,99,0,99,0.0,,0,,,,NO_COVERED_RAW_POINTS,0,5,4.726791243477567e-10,0,0,0,0,1,0,3.9978114097485036,NO_RAW_BREAK_CROSSING,P10,UNIFORM,ALL_FILTERED,0057bce0088e6033a3d77a8a908131a9a0869c9e59e52b32ceb9d46d32eb1a32
4782,40,0,0.0,,False,True,True,40,0,0,0,0,,EMPTY_DP_REFERENCE_DENOMINATOR,,,,,,,EMPTY_DP_REFERENCE,0,0,True,4,4,0,0,0,0,4.979509684819279,,,EMPTY_OUTPUT,RAW_WINDOWS_DT30_DISTANCE400_V1,40,0,40,0.0,,0,,,,NO_COVERED_RAW_POINTS,0,5,2.698512436524702e-10,3,0,0,6,4,0,3.035452441394271,NO_RAW_BREAK_CROSSING,R0,UNIFORM,ALL_FILTERED,849ebd3d1e24ba1233883c061fad9d5afd536b23c825273bf5035008f546ab1d
4782,40,8,0.2,,True,False,False,0,2,30,38,8,0.7894736842105263,,0.09437968715911446,0.008002959258216131,0.0,0.010486643408544005,0.023070599971129452,0.09437968715911446,,38,0,True,4,0,2,38,0,0,4.979509684819279,,1.788617429791218,,RAW_WINDOWS_DT30_DISTANCE400_V1,40,40,0,1.0,,40,0.09437968715911446,0.010224469559496786,0.09437968715911446,,0,5,2.698512436524702e-10,3,0,0,0,4,4,3.035452441394271,NO_RAW_BREAK_CROSSING,S0,UNIFORM,PROCESSED,1163ea90b7f9ae562eeb5be74d1701b67d52949aac5c5bbe99e7226ee4864581
4782,40,0,0.0,,False,True,True,40,0,0,0,0,,EMPTY_DP_REFERENCE_DENOMINATOR,,,,,,,EMPTY_DP_REFERENCE,0,0,True,4,4,0,0,0,0,4.979509684819279,,,EMPTY_OUTPUT,RAW_WINDOWS_DT30_DISTANCE400_V1,40,0,40,0.0,,0,,,,NO_COVERED_RAW_POINTS,0,5,2.698512436524702e-10,3,0,0,6,4,0,3.035452441394271,NO_RAW_BREAK_CROSSING,S_POINTS2,UNIFORM,ALL_FILTERED,c84d2d9973c418a23b7a60bc7a4e35dd1ebd4996a2485ba8056e06bada33aaa0
4782,40,4,0.1,,True,False,False,6,2,28,32,4,0.875,,0.09437968715911446,0.009503514119131655,0.0,0.010486643408544005,0.048238513096300645,0.09437968715911446,,32,0,True,4,2,2,32,0,0,4.979509684819279,,1.788617429791218,,RAW_WINDOWS_DT30_DISTANCE400_V1,40,34,6,0.85,,34,0.09437968715911446,0.012028787717055043,0.09437968715911446,,0,5,2.698512436524702e-10,3,0,0,3,4,2,3.035452441394271,NO_RAW_BREAK_CROSSING,S_LENGTH0,UNIFORM,PROCESSED,d0e4d91c91912cf95d34f4424f7670d23599d5196b1ed7ada88c26045c456dbb
4782,40,0,0.0,,False,True,True,40,0,0,0,0,,EMPTY_DP_REFERENCE_DENOMINATOR,,,,,,,EMPTY_DP_REFERENCE,0,0,True,4,4,0,0,0,0,4.979509684819279,,,EMPTY_OUTPUT,RAW_WINDOWS_DT30_DISTANCE400_V1,40,0,40,0.0,,0,,,,NO_COVERED_RAW_POINTS,0,5,2.698512436524702e-10,3,0,0,6,4,0,3.035452441394271,NO_RAW_BREAK_CROSSING,D60,UNIFORM,ALL_FILTERED,36dbf4cafc71ecf990e824e7be8267ebf264b7ed6655c8137c6de2e9da0da2a0
4782,40,0,0.0,,False,True,True,40,0,0,0,0,,EMPTY_DP_REFERENCE_DENOMINATOR,,,,,,,EMPTY_DP_REFERENCE,0,0,True,4,4,0,0,0,0,4.979509684819279,,,EMPTY_OUTPUT,RAW_WINDOWS_DT30_DISTANCE400_V1,40,0,40,0.0,,0,,,,NO_COVERED_RAW_POINTS,0,5,2.698512436524702e-10,3,0,0,6,4,0,3.035452441394271,NO_RAW_BREAK_CROSSING,P2,UNIFORM,ALL_FILTERED,3f2f03e68e50949817496d3b9a6625028ae222629e8aa7e4b22b056d3c9b8aff
4782,40,0,0.0,,False,True,True,40,0,0,0,0,,EMPTY_DP_REFERENCE_DENOMINATOR,,,,,,,EMPTY_DP_REFERENCE,0,0,True,4,4,0,0,0,0,4.979509684819279,,,EMPTY_OUTPUT,RAW_WINDOWS_DT30_DISTANCE400_V1,40,0,40,0.0,,0,,,,NO_COVERED_RAW_POINTS,0,5,2.698512436524702e-10,3,0,0,6,4,0,3.035452441394271,NO_RAW_BREAK_CROSSING,P10,UNIFORM,ALL_FILTERED,51a282fcfe96e2205bf741c3eeb9a51d62a2e010be7dc45459469792b63f6b8b
4460,97,0,0.0,,False,True,True,97,0,0,0,0,,EMPTY_DP_REFERENCE_DENOMINATOR,,,,,,,EMPTY_DP_REFERENCE,0,0,True,2,2,0,0,0,0,5.208186588149749,,,EMPTY_OUTPUT,RAW_WINDOWS_DT30_DISTANCE400_V1,97,0,97,0.0,,0,,,,NO_COVERED_RAW_POINTS,0,5,1.8699827448044304e-10,1,0,0,2,2,0,5.208186588149748,NO_RAW_BREAK_CROSSING,R0,UNIFORM,ALL_FILTERED,4ef0dbe54441d16c5ce7465077f9cf877e59d981dbfe99b076d9a44fe785b427
4460,97,4,0.041237113402061855,,True,False,False,0,0,93,97,4,0.9587628865979382,,0.5303031382797219,0.16278121904778442,0.19886359204962867,0.37121215555101095,0.5303031382797219,0.5303031382797219,,97,0,True,2,0,0,97,0,0,5.208186588149749,,4.4325905805667105,,RAW_WINDOWS_DT30_DISTANCE400_V1,97,97,0,1.0,,97,0.5303031382797219,0.16278121904778442,0.5303031382797219,,0,5,1.8699827448044304e-10,1,0,0,0,2,2,5.208186588149748,NO_RAW_BREAK_CROSSING,S0,UNIFORM,PROCESSED,55827165b167f22b296a93dae2f0c351cb6fec8a5bdbc4577cb5219601236145
4460,97,0,0.0,,False,True,True,97,0,0,0,0,,EMPTY_DP_REFERENCE_DENOMINATOR,,,,,,,EMPTY_DP_REFERENCE,0,0,True,2,2,0,0,0,0,5.208186588149749,,,EMPTY_OUTPUT,RAW_WINDOWS_DT30_DISTANCE400_V1,97,0,97,0.0,,0,,,,NO_COVERED_RAW_POINTS,0,5,1.8699827448044304e-10,1,0,0,2,2,0,5.208186588149748,NO_RAW_BREAK_CROSSING,S_POINTS2,UNIFORM,ALL_FILTERED,714d89f19f94c0f3639f16b2713d30110846552916b19939b44cfcfd20386f5d
4460,97,2,0.020618556701030927,,True,False,False,2,0,93,95,2,0.9789473684210527,,0.5303031382797219,0.16620819208036935,0.19886359204962867,0.4242424831272492,0.5303031382797219,0.5303031382797219,,95,0,True,2,1,0,95,0,0,5.208186588149749,,3.978995561763611,,RAW_WINDOWS_DT30_DISTANCE400_V1,97,95,2,0.979381443298969,,95,0.5303031382797219,0.16620819208036935,0.5303031382797219,,0,5,1.8699827448044304e-10,1,0,0,1,2,1,5.208186588149748,NO_RAW_BREAK_CROSSING,S_LENGTH0,UNIFORM,PROCESSED,d73ef3aa21d6f95d2f00217ca0f8c1530acfc601a9b27468885838b3512776ab
4460,97,0,0.0,,False,True,True,97,0,0,0,0,,EMPTY_DP_REFERENCE_DENOMINATOR,,,,,,,EMPTY_DP_REFERENCE,0,0,True,2,2,0,0,0,0,5.208186588149749,,,EMPTY_OUTPUT,RAW_WINDOWS_DT30_DISTANCE400_V1,97,0,97,0.0,,0,,,,NO_COVERED_RAW_POINTS,0,5,1.8699827448044304e-10,1,0,0,2,2,0,5.208186588149748,NO_RAW_BREAK_CROSSING,D60,UNIFORM,ALL_FILTERED,2b9232c81ad93aeeb268977a2398e2ae450a58afa7fab4ba0d94fdbabb9d821b
4460,97,0,0.0,,False,True,True,97,0,0,0,0,,EMPTY_DP_REFERENCE_DENOMINATOR,,,,,,,EMPTY_DP_REFERENCE,0,0,True,2,2,0,0,0,0,5.208186588149749,,,EMPTY_OUTPUT,RAW_WINDOWS_DT30_DISTANCE400_V1,97,0,97,0.0,,0,,,,NO_COVERED_RAW_POINTS,0,5,1.8699827448044304e-10,1,0,0,2,2,0,5.208186588149748,NO_RAW_BREAK_CROSSING,P2,UNIFORM,ALL_FILTERED,abe1972a2ba4bfd1742f70a2fbf454558cbb5bfc11ce6cdaef7037dcd16fe2c7
4460,97,0,0.0,,False,True,True,97,0,0,0,0,,EMPTY_DP_REFERENCE_DENOMINATOR,,,,,,,EMPTY_DP_REFERENCE,0,0,True,2,2,0,0,0,0,5.208186588149749,,,EMPTY_OUTPUT,RAW_WINDOWS_DT30_DISTANCE400_V1,97,0,97,0.0,,0,,,,NO_COVERED_RAW_POINTS,0,5,1.8699827448044304e-10,1,0,0,2,2,0,5.208186588149748,NO_RAW_BREAK_CROSSING,P10,UNIFORM,ALL_FILTERED,9a0545ed966b4c86dc46301cff9add9a5294adde0def67797761440386a4f181
7736,42,0,0.0,,False,True,True,42,0,0,0,0,,EMPTY_DP_REFERENCE_DENOMINATOR,,,,,,,EMPTY_DP_REFERENCE,0,0,True,3,3,0,0,0,0,12.463571782266984,,,EMPTY_OUTPUT,RAW_WINDOWS_DT30_DISTANCE400_V1,42,0,42,0.0,,0,,,,NO_COVERED_RAW_POINTS,0,5,7.729435274360015e-11,2,0,0,3,3,0,10.73372950716632,NO_RAW_BREAK_CROSSING,R0,UNIFORM,ALL_FILTERED,fd55eedb5dc7550a70610e7a62780cef50c1696cf33be76c95fd647202c98092
7736,42,2,0.047619047619047616,,True,False,False,2,0,38,40,2,0.95,,1.059301353664932,0.6081635312120242,0.7685125905278236,1.059301353664932,1.059301353664932,1.059301353664932,,40,0,True,3,2,0,40,0,0,12.463571782266984,,7.618869861821013,,RAW_WINDOWS_DT30_DISTANCE400_V1,42,40,2,0.9523809523809523,,40,1.059301353664932,0.6081635312120242,1.059301353664932,,0,5,7.729435274360015e-11,2,0,0,2,3,1,10.73372950716632,NO_RAW_BREAK_CROSSING,S0,UNIFORM,PROCESSED,f1555d5dfa0476606ecccb59c15cc576cda78266add0fe0ca0c706bc70d921c4
7736,42,0,0.0,,False,True,True,42,0,0,0,0,,EMPTY_DP_REFERENCE_DENOMINATOR,,,,,,,EMPTY_DP_REFERENCE,0,0,True,3,3,0,0,0,0,12.463571782266984,,,EMPTY_OUTPUT,RAW_WINDOWS_DT30_DISTANCE400_V1,42,0,42,0.0,,0,,,,NO_COVERED_RAW_POINTS,0,5,7.729435274360015e-11,2,0,0,3,3,0,10.73372950716632,NO_RAW_BREAK_CROSSING,S_POINTS2,UNIFORM,ALL_FILTERED,200a2f97f683fc83192754691bcdd2a2ddc30733bf7a3b6386542c572b0f4591
7736,42,2,0.047619047619047616,,True,False,False,2,0,38,40,2,0.95,,1.059301353664932,0.6081635312120242,0.7685125905278236,1.059301353664932,1.059301353664932,1.059301353664932,,40,0,True,3,2,0,40,0,0,12.463571782266984,,7.618869861821013,,RAW_WINDOWS_DT30_DISTANCE400_V1,42,40,2,0.9523809523809523,,40,1.059301353664932,0.6081635312120242,1.059301353664932,,0,5,7.729435274360015e-11,2,0,0,2,3,1,10.73372950716632,NO_RAW_BREAK_CROSSING,S_LENGTH0,UNIFORM,PROCESSED,cd86b4f6312908193ab4817ed7f20371ed93ce4bfe8596ebf565c807dff422dc
7736,42,0,0.0,,False,True,True,42,0,0,0,0,,EMPTY_DP_REFERENCE_DENOMINATOR,,,,,,,EMPTY_DP_REFERENCE,0,0,True,3,3,0,0,0,0,12.463571782266984,,,EMPTY_OUTPUT,RAW_WINDOWS_DT30_DISTANCE400_V1,42,0,42,0.0,,0,,,,NO_COVERED_RAW_POINTS,0,5,7.729435274360015e-11,2,0,0,3,3,0,10.73372950716632,NO_RAW_BREAK_CROSSING,D60,UNIFORM,ALL_FILTERED,1a154d47a981bad3d63e70b361d75ff6f4acb1a1ec3940bb25993d9b62d71a81
7736,42,0,0.0,,False,True,True,42,0,0,0,0,,EMPTY_DP_REFERENCE_DENOMINATOR,,,,,,,EMPTY_DP_REFERENCE,0,0,True,3,3,0,0,0,0,12.463571782266984,,,EMPTY_OUTPUT,RAW_WINDOWS_DT30_DISTANCE400_V1,42,0,42,0.0,,0,,,,NO_COVERED_RAW_POINTS,0,5,7.729435274360015e-11,2,0,0,3,3,0,10.73372950716632,NO_RAW_BREAK_CROSSING,P2,UNIFORM,ALL_FILTERED,76af623ca4026586913a2444fb0f6f5e6304dd40748aa74abbc23eefff33d550
7736,42,0,0.0,,False,True,True,42,0,0,0,0,,EMPTY_DP_REFERENCE_DENOMINATOR,,,,,,,EMPTY_DP_REFERENCE,0,0,True,3,3,0,0,0,0,12.463571782266984,,,EMPTY_OUTPUT,RAW_WINDOWS_DT30_DISTANCE400_V1,42,0,42,0.0,,0,,,,NO_COVERED_RAW_POINTS,0,5,7.729435274360015e-11,2,0,0,3,3,0,10.73372950716632,NO_RAW_BREAK_CROSSING,P10,UNIFORM,ALL_FILTERED,8758d0deba73117ad71392c775161bc059968138f6700c9fb370c6dbfce1bd3e
9056,99,0,0.0,,False,True,True,99,0,0,0,0,,EMPTY_DP_REFERENCE_DENOMINATOR,,,,,,,EMPTY_DP_REFERENCE,0,0,True,1,1,0,0,0,0,11.04765528614069,,,EMPTY_OUTPUT,RAW_WINDOWS_DT30_DISTANCE400_V1,99,0,99,0.0,,0,,,,NO_COVERED_RAW_POINTS,0,5,8.012174531288261e-11,0,0,0,0,1,0,11.04765528614069,NO_RAW_BREAK_CROSSING,R0,UNIFORM,ALL_FILTERED,73cb3a9b167e4d256354370e0cb40f202868942799a6ecba9fbecc3d6fdda093
9056,99,2,0.020202020202020204,,True,False,False,0,0,97,99,2,0.9797979797979798,,2.629913931582345,0.7867768438735337,0.500008274542399,1.9389933328773692,2.3260127631956977,2.629913931582345,,99,0,True,1,0,0,99,0,0,11.04765528614069,,1.6245760254086146,,RAW_WINDOWS_DT30_DISTANCE400_V1,99,99,0,1.0,,99,2.629913931582345,0.7867768438735337,2.3260127631956977,,0,5,8.012174531288261e-11,0,0,0,0,1,1,11.04765528614069,NO_RAW_BREAK_CROSSING,S0,UNIFORM,PROCESSED,332e8fcfa3711f8d1c96a358257b1cf704cb7e8d3d1aea4413e93930c0fe83f8
9056,99,0,0.0,,False,True,True,99,0,0,0,0,,EMPTY_DP_REFERENCE_DENOMINATOR,,,,,,,EMPTY_DP_REFERENCE,0,0,True,1,1,0,0,0,0,11.04765528614069,,,EMPTY_OUTPUT,RAW_WINDOWS_DT30_DISTANCE400_V1,99,0,99,0.0,,0,,,,NO_COVERED_RAW_POINTS,0,5,8.012174531288261e-11,0,0,0,0,1,0,11.04765528614069,NO_RAW_BREAK_CROSSING,S_POINTS2,UNIFORM,ALL_FILTERED,15e7be3ad17341a4b25a392815547ddebfa6c26316369e0314f7102c150ada5c
9056,99,2,0.020202020202020204,,True,False,False,0,0,97,99,2,0.9797979797979798,,2.629913931582345,0.7867768438735337,0.500008274542399,1.9389933328773692,2.3260127631956977,2.629913931582345,,99,0,True,1,0,0,99,0,0,11.04765528614069,,1.6245760254086146,,RAW_WINDOWS_DT30_DISTANCE400_V1,99,99,0,1.0,,99,2.629913931582345,0.7867768438735337,2.3260127631956977,,0,5,8.012174531288261e-11,0,0,0,0,1,1,11.04765528614069,NO_RAW_BREAK_CROSSING,S_LENGTH0,UNIFORM,PROCESSED,bd5d2e47314a25261a2032253d928173e2b5acdaa9fb2031636e2878701b4adf
9056,99,0,0.0,,False,True,True,99,0,0,0,0,,EMPTY_DP_REFERENCE_DENOMINATOR,,,,,,,EMPTY_DP_REFERENCE,0,0,True,1,1,0,0,0,0,11.04765528614069,,,EMPTY_OUTPUT,RAW_WINDOWS_DT30_DISTANCE400_V1,99,0,99,0.0,,0,,,,NO_COVERED_RAW_POINTS,0,5,8.012174531288261e-11,0,0,0,0,1,0,11.04765528614069,NO_RAW_BREAK_CROSSING,D60,UNIFORM,ALL_FILTERED,916e25f025186f84ec7529bf98e2194139de8836305b7107c6de5be2e94a8c7c
9056,99,0,0.0,,False,True,True,99,0,0,0,0,,EMPTY_DP_REFERENCE_DENOMINATOR,,,,,,,EMPTY_DP_REFERENCE,0,0,True,1,1,0,0,0,0,11.04765528614069,,,EMPTY_OUTPUT,RAW_WINDOWS_DT30_DISTANCE400_V1,99,0,99,0.0,,0,,,,NO_COVERED_RAW_POINTS,0,5,8.012174531288261e-11,0,0,0,0,1,0,11.04765528614069,NO_RAW_BREAK_CROSSING,P2,UNIFORM,ALL_FILTERED,217a344cda24a2ac50f90e3ece0d8321986c5b186d06de8476e11b8acb42e422
9056,99,0,0.0,,False,True,True,99,0,0,0,0,,EMPTY_DP_REFERENCE_DENOMINATOR,,,,,,,EMPTY_DP_REFERENCE,0,0,True,1,1,0,0,0,0,11.04765528614069,,,EMPTY_OUTPUT,RAW_WINDOWS_DT30_DISTANCE400_V1,99,0,99,0.0,,0,,,,NO_COVERED_RAW_POINTS,0,5,8.012174531288261e-11,0,0,0,0,1,0,11.04765528614069,NO_RAW_BREAK_CROSSING,P10,UNIFORM,ALL_FILTERED,d897d4122222322f26ddc176c99da27b159d6b8d27aa8a06ebddb15a369ff1c9
8877,99,0,0.0,,False,True,True,99,0,0,0,0,,EMPTY_DP_REFERENCE_DENOMINATOR,,,,,,,EMPTY_DP_REFERENCE,0,0,True,1,1,0,0,0,0,5.620529496281557,,,EMPTY_OUTPUT,RAW_WINDOWS_DT30_DISTANCE400_V1,99,0,99,0.0,,0,,,,NO_COVERED_RAW_POINTS,0,5,1.0534238177864626e-10,0,0,0,0,1,0,5.620529496281557,NO_RAW_BREAK_CROSSING,R0,UNIFORM,ALL_FILTERED,8ef4e5685df680a36f1fa9aa115fb075153af30bb6ba60e30c03a63f8fbdf532
8877,99,2,0.020202020202020204,,True,False,False,0,0,97,99,2,0.9797979797979798,,0.43623413364135233,0.19225960627654173,0.20401009226717828,0.3876190198727343,0.43623413364135233,0.43623413364135233,,99,0,True,1,0,0,99,0,0,5.620529496281557,,4.8574317124069175,,RAW_WINDOWS_DT30_DISTANCE400_V1,99,99,0,1.0,,99,0.43623413364135233,0.19225960627654173,0.43623413364135233,,0,5,1.0534238177864626e-10,0,0,0,0,1,1,5.620529496281557,NO_RAW_BREAK_CROSSING,S0,UNIFORM,PROCESSED,07055139a5e77a0fcf406342894c432dd51450e15f2c6b27d85dc3e1e286ae64
8877,99,0,0.0,,False,True,True,99,0,0,0,0,,EMPTY_DP_REFERENCE_DENOMINATOR,,,,,,,EMPTY_DP_REFERENCE,0,0,True,1,1,0,0,0,0,5.620529496281557,,,EMPTY_OUTPUT,RAW_WINDOWS_DT30_DISTANCE400_V1,99,0,99,0.0,,0,,,,NO_COVERED_RAW_POINTS,0,5,1.0534238177864626e-10,0,0,0,0,1,0,5.620529496281557,NO_RAW_BREAK_CROSSING,S_POINTS2,UNIFORM,ALL_FILTERED,4983e2edaf13cd3ead13fe65e164c2861361d905fb7c5184b842783090039f81
8877,99,2,0.020202020202020204,,True,False,False,0,0,97,99,2,0.9797979797979798,,0.43623413364135233,0.19225960627654173,0.20401009226717828,0.3876190198727343,0.43623413364135233,0.43623413364135233,,99,0,True,1,0,0,99,0,0,5.620529496281557,,4.8574317124069175,,RAW_WINDOWS_DT30_DISTANCE400_V1,99,99,0,1.0,,99,0.43623413364135233,0.19225960627654173,0.43623413364135233,,0,5,1.0534238177864626e-10,0,0,0,0,1,1,5.620529496281557,NO_RAW_BREAK_CROSSING,S_LENGTH0,UNIFORM,PROCESSED,49568e234f0f9c49fb29e0a34115d769908c527bbbc3bebd44bc8d0301136c5b
8877,99,0,0.0,,False,True,True,99,0,0,0,0,,EMPTY_DP_REFERENCE_DENOMINATOR,,,,,,,EMPTY_DP_REFERENCE,0,0,True,1,1,0,0,0,0,5.620529496281557,,,EMPTY_OUTPUT,RAW_WINDOWS_DT30_DISTANCE400_V1,99,0,99,0.0,,0,,,,NO_COVERED_RAW_POINTS,0,5,1.0534238177864626e-10,0,0,0,0,1,0,5.620529496281557,NO_RAW_BREAK_CROSSING,D60,UNIFORM,ALL_FILTERED,6f753ce88bb0f4e6eddf5a4d9478b7ef62a28ffb80a7644f80140c4d021711f3
8877,99,0,0.0,,False,True,True,99,0,0,0,0,,EMPTY_DP_REFERENCE_DENOMINATOR,,,,,,,EMPTY_DP_REFERENCE,0,0,True,1,1,0,0,0,0,5.620529496281557,,,EMPTY_OUTPUT,RAW_WINDOWS_DT30_DISTANCE400_V1,99,0,99,0.0,,0,,,,NO_COVERED_RAW_POINTS,0,5,1.0534238177864626e-10,0,0,0,0,1,0,5.620529496281557,NO_RAW_BREAK_CROSSING,P2,UNIFORM,ALL_FILTERED,0ad26bc6a6a8a08ce95ce50015a2be99a8afe0faa74d96c5fa5a0788cf5199ff
8877,99,0,0.0,,False,True,True,99,0,0,0,0,,EMPTY_DP_REFERENCE_DENOMINATOR,,,,,,,EMPTY_DP_REFERENCE,0,0,True,1,1,0,0,0,0,5.620529496281557,,,EMPTY_OUTPUT,RAW_WINDOWS_DT30_DISTANCE400_V1,99,0,99,0.0,,0,,,,NO_COVERED_RAW_POINTS,0,5,1.0534238177864626e-10,0,0,0,0,1,0,5.620529496281557,NO_RAW_BREAK_CROSSING,P10,UNIFORM,ALL_FILTERED,0271fa2656476005d674ff3c12e60cb4c74c7d78b5657d0460ee56d8b6e4e044
611,99,0,0.0,,False,True,True,99,0,0,0,0,,EMPTY_DP_REFERENCE_DENOMINATOR,,,,,,,EMPTY_DP_REFERENCE,0,0,True,1,1,0,0,0,0,5.415764285726755,,,EMPTY_OUTPUT,RAW_WINDOWS_DT30_DISTANCE400_V1,99,0,99,0.0,,0,,,,NO_COVERED_RAW_POINTS,0,5,8.451167090909713e-11,0,0,0,0,1,0,5.415764285726755,NO_RAW_BREAK_CROSSING,R0,UNIFORM,ALL_FILTERED,af19f725e7710f17ce3684f30bdb91b65498247c85f8986c7d59bb8b3e2d5921
611,99,2,0.020202020202020204,,True,False,False,0,0,97,99,2,0.9797979797979798,,0.9748423669747031,0.5239099638989002,0.4783106793671331,0.8837356026827976,0.9748423669747031,0.9748423669747031,,99,0,True,1,0,0,99,0,0,5.415764285726755,,4.6317788240572035,,RAW_WINDOWS_DT30_DISTANCE400_V1,99,99,0,1.0,,99,0.9748423669747031,0.5239099638989002,0.9748423669747031,,0,5,8.451167090909713e-11,0,0,0,0,1,1,5.415764285726755,NO_RAW_BREAK_CROSSING,S0,UNIFORM,PROCESSED,7e880ec9c1625aa1c5e85901503b1a49274614106b01d724b9da29d590e5fee0
611,99,0,0.0,,False,True,True,99,0,0,0,0,,EMPTY_DP_REFERENCE_DENOMINATOR,,,,,,,EMPTY_DP_REFERENCE,0,0,True,1,1,0,0,0,0,5.415764285726755,,,EMPTY_OUTPUT,RAW_WINDOWS_DT30_DISTANCE400_V1,99,0,99,0.0,,0,,,,NO_COVERED_RAW_POINTS,0,5,8.451167090909713e-11,0,0,0,0,1,0,5.415764285726755,NO_RAW_BREAK_CROSSING,S_POINTS2,UNIFORM,ALL_FILTERED,a58914607a2e41f2e0d608922bd4550524b62c6c5ba8c830dd60416e3886cce3
611,99,2,0.020202020202020204,,True,False,False,0,0,97,99,2,0.9797979797979798,,0.9748423669747031,0.5239099638989002,0.4783106793671331,0.8837356026827976,0.9748423669747031,0.9748423669747031,,99,0,True,1,0,0,99,0,0,5.415764285726755,,4.6317788240572035,,RAW_WINDOWS_DT30_DISTANCE400_V1,99,99,0,1.0,,99,0.9748423669747031,0.5239099638989002,0.9748423669747031,,0,5,8.451167090909713e-11,0,0,0,0,1,1,5.415764285726755,NO_RAW_BREAK_CROSSING,S_LENGTH0,UNIFORM,PROCESSED,eef1804b0b96227f5ff94251346dc92b4eb7edcd352bc5e9630df1cf86f24ee8
611,99,0,0.0,,False,True,True,99,0,0,0,0,,EMPTY_DP_REFERENCE_DENOMINATOR,,,,,,,EMPTY_DP_REFERENCE,0,0,True,1,1,0,0,0,0,5.415764285726755,,,EMPTY_OUTPUT,RAW_WINDOWS_DT30_DISTANCE400_V1,99,0,99,0.0,,0,,,,NO_COVERED_RAW_POINTS,0,5,8.451167090909713e-11,0,0,0,0,1,0,5.415764285726755,NO_RAW_BREAK_CROSSING,D60,UNIFORM,ALL_FILTERED,768b8288b2de6743e30780e15cb29da79f9be26bc86af70da185257563e06e9d
611,99,0,0.0,,False,True,True,99,0,0,0,0,,EMPTY_DP_REFERENCE_DENOMINATOR,,,,,,,EMPTY_DP_REFERENCE,0,0,True,1,1,0,0,0,0,5.415764285726755,,,EMPTY_OUTPUT,RAW_WINDOWS_DT30_DISTANCE400_V1,99,0,99,0.0,,0,,,,NO_COVERED_RAW_POINTS,0,5,8.451167090909713e-11,0,0,0,0,1,0,5.415764285726755,NO_RAW_BREAK_CROSSING,P2,UNIFORM,ALL_FILTERED,ef2d2d8a6dce01ea57bd1f8ab867490f88d4f03950d21cd925423258097f72ac
611,99,0,0.0,,False,True,True,99,0,0,0,0,,EMPTY_DP_REFERENCE_DENOMINATOR,,,,,,,EMPTY_DP_REFERENCE,0,0,True,1,1,0,0,0,0,5.415764285726755,,,EMPTY_OUTPUT,RAW_WINDOWS_DT30_DISTANCE400_V1,99,0,99,0.0,,0,,,,NO_COVERED_RAW_POINTS,0,5,8.451167090909713e-11,0,0,0,0,1,0,5.415764285726755,NO_RAW_BREAK_CROSSING,P10,UNIFORM,ALL_FILTERED,3f2f23fa799bc304331dc56d089ce5084cf185a29f8c0fb96d179ccafce599dd
6313,101,24,0.2376237623762376,,True,False,False,0,26,51,75,24,0.6799999999999999,,4.753718337245171,1.035788846845674,0.5693245269295059,2.5962353481097686,3.5013845739582368,4.314373473967471,,75,0,True,1,0,26,3,0,0,1133.8537422123281,,1024.7839367521137,,RAW_WINDOWS_DT30_DISTANCE400_V1,101,101,0,1.0,,101,8.936051715773807,1.5093291959813178,4.47826323287297,,3,5,1.2902230022201186e-10,0,0,0,0,1,1,1133.8537422123281,NO_RAW_BREAK_CROSSING,R0,UNIFORM,PROCESSED,fa07f2b78457dceb69a9c041649f391a092ca42168fbbb8e868a59f0f7b406e4
6313,101,24,0.2376237623762376,,True,False,False,0,26,51,75,24,0.6799999999999999,,4.753718337245171,1.035788846845674,0.5693245269295059,2.5962353481097686,3.5013845739582368,4.314373473967471,,75,0,True,1,0,26,3,0,0,1133.8537422123281,,1024.7839367521137,,RAW_WINDOWS_DT30_DISTANCE400_V1,101,101,0,1.0,,101,8.936051715773807,1.5093291959813178,4.47826323287297,,3,5,1.2902230022201186e-10,0,0,0,0,1,1,1133.8537422123281,NO_RAW_BREAK_CROSSING,S0,UNIFORM,PROCESSED,74548fb2d24d1ca9e852b4c000e428a1782335e436f154183bec0684d5b76ded
6313,101,24,0.2376237623762376,,True,False,False,0,26,51,75,24,0.6799999999999999,,4.753718337245171,1.035788846845674,0.5693245269295059,2.5962353481097686,3.5013845739582368,4.314373473967471,,75,0,True,1,0,26,3,0,0,1133.8537422123281,,1024.7839367521137,,RAW_WINDOWS_DT30_DISTANCE400_V1,101,101,0,1.0,,101,8.936051715773807,1.5093291959813178,4.47826323287297,,3,5,1.2902230022201186e-10,0,0,0,0,1,1,1133.8537422123281,NO_RAW_BREAK_CROSSING,S_POINTS2,UNIFORM,PROCESSED,c32cf7e3d3b44dbcc8e6e302d1cf7cbf6a6013f272be1a1273375addfb6b56d2
6313,101,24,0.2376237623762376,,True,False,False,0,26,51,75,24,0.6799999999999999,,4.753718337245171,1.035788846845674,0.5693245269295059,2.5962353481097686,3.5013845739582368,4.314373473967471,,75,0,True,1,0,26,3,0,0,1133.8537422123281,,1024.7839367521137,,RAW_WINDOWS_DT30_DISTANCE400_V1,101,101,0,1.0,,101,8.936051715773807,1.5093291959813178,4.47826323287297,,3,5,1.2902230022201186e-10,0,0,0,0,1,1,1133.8537422123281,NO_RAW_BREAK_CROSSING,S_LENGTH0,UNIFORM,PROCESSED,602623bf8914d623bdf2be23aea340055718fdf4ce9d0af670201af27eb66ad4
6313,101,24,0.2376237623762376,,True,False,False,0,18,59,83,24,0.7108433734939759,,3.7479867611535473,1.1357696363117276,0.9285005698011362,2.6667067752636227,3.282402484802625,3.6161039798171584,,83,0,True,1,0,18,3,0,0,1133.8537422123281,,1035.9644439644094,,RAW_WINDOWS_DT30_DISTANCE400_V1,101,101,0,1.0,,101,8.936051715773807,1.5096848671556513,4.017124482447759,,3,5,1.2902230022201186e-10,0,0,0,0,1,1,1133.8537422123281,NO_RAW_BREAK_CROSSING,D60,UNIFORM,PROCESSED,3ff2261c8daa7eb6bcb23554c3213e272105f6439198a5ac019ebb4fd8c25cbd
6313,101,35,0.3465346534653465,,True,False,False,0,26,40,75,35,0.5333333333333333,,1.974046254061362,0.3675239524582105,0.03538633765546162,1.1812089599913134,1.6670501997749185,1.9244320392747758,,75,0,True,1,0,26,3,0,0,1133.8537422123281,,1049.654158139867,,RAW_WINDOWS_DT30_DISTANCE400_V1,101,101,0,1.0,,101,8.936051715773807,1.0237347489548267,4.47826323287297,,4,5,1.2902230022201186e-10,0,0,0,0,1,1,1133.8537422123281,NO_RAW_BREAK_CROSSING,P2,UNIFORM,PROCESSED,7aa208bbd51e554868182e9c21eb2aa196f14825e13a56c2155d993822c189c5
6313,101,13,0.12871287128712872,,True,False,False,0,26,62,75,13,0.8266666666666667,,7.859981042887555,2.0819584539069713,1.6653880114076456,4.488856391883096,6.954130866389316,7.8154030396541065,,75,0,True,1,0,26,3,0,0,1133.8537422123281,,824.2101696770252,,RAW_WINDOWS_DT30_DISTANCE400_V1,101,101,0,1.0,,101,10.396159308545883,2.6360940393725696,7.7997404979774885,,18,5,1.2902230022201186e-10,0,0,0,0,1,1,1133.8537422123281,NO_RAW_BREAK_CROSSING,P10,UNIFORM,PROCESSED,8f5db93c106048a775988c9e7d39cadffa3f1d25d1bbb2ae7653446bbbcd638f
10089,99,11,0.1111111111111111,,True,False,False,0,8,80,91,11,0.8791208791208791,,4.7864009191626575,1.4896275745618601,1.2054981388628796,3.4693502395264537,3.943211149346112,4.392879814595059,,91,0,True,1,0,8,3,0,0,136.2984818471168,,94.90252048270705,,RAW_WINDOWS_DT30_DISTANCE400_V1,99,99,0,1.0,,99,4.7864009191626575,1.5058101983567198,3.9318344098631575,,0,5,2.587844903850396e-10,0,0,0,0,1,1,136.2984818471168,NO_RAW_BREAK_CROSSING,R0,UNIFORM,PROCESSED,f180a2a7f6e2c78547a2e1adc7d6a9689642a436a90b362d4ae1b0cec698a8ea
10089,99,11,0.1111111111111111,,True,False,False,0,8,80,91,11,0.8791208791208791,,4.7864009191626575,1.4896275745618601,1.2054981388628796,3.4693502395264537,3.943211149346112,4.392879814595059,,91,0,True,1,0,8,3,0,0,136.2984818471168,,94.90252048270705,,RAW_WINDOWS_DT30_DISTANCE400_V1,99,99,0,1.0,,99,4.7864009191626575,1.5058101983567198,3.9318344098631575,,0,5,2.587844903850396e-10,0,0,0,0,1,1,136.2984818471168,NO_RAW_BREAK_CROSSING,S0,UNIFORM,PROCESSED,ad9c60ecb7d3df664cbcaabbda613a85bab6f2179c0dc002e99ab48027d5c216
10089,99,11,0.1111111111111111,,True,False,False,0,8,80,91,11,0.8791208791208791,,4.7864009191626575,1.4896275745618601,1.2054981388628796,3.4693502395264537,3.943211149346112,4.392879814595059,,91,0,True,1,0,8,3,0,0,136.2984818471168,,94.90252048270705,,RAW_WINDOWS_DT30_DISTANCE400_V1,99,99,0,1.0,,99,4.7864009191626575,1.5058101983567198,3.9318344098631575,,0,5,2.587844903850396e-10,0,0,0,0,1,1,136.2984818471168,NO_RAW_BREAK_CROSSING,S_POINTS2,UNIFORM,PROCESSED,3890dbcc9063d949d85e4724161c358b378f8ee6c2475a770456be01a2fa6149
10089,99,11,0.1111111111111111,,True,False,False,0,8,80,91,11,0.8791208791208791,,4.7864009191626575,1.4896275745618601,1.2054981388628796,3.4693502395264537,3.943211149346112,4.392879814595059,,91,0,True,1,0,8,3,0,0,136.2984818471168,,94.90252048270705,,RAW_WINDOWS_DT30_DISTANCE400_V1,99,99,0,1.0,,99,4.7864009191626575,1.5058101983567198,3.9318344098631575,,0,5,2.587844903850396e-10,0,0,0,0,1,1,136.2984818471168,NO_RAW_BREAK_CROSSING,S_LENGTH0,UNIFORM,PROCESSED,7d333493275deea236c148ae2833a8d0aa0cabfa65935310ce1491a0b8595088
10089,99,11,0.1111111111111111,,True,False,False,0,1,87,98,11,0.8877551020408163,,4.7864009191626575,1.5020864202254907,1.274200685477143,3.392254123357915,3.9332565022985264,4.362272617573138,,98,0,True,1,0,1,3,0,0,136.2984818471168,,94.90252048270705,,RAW_WINDOWS_DT30_DISTANCE400_V1,99,99,0,1.0,,99,4.7864009191626575,1.5058101983567198,3.9318344098631575,,0,5,2.587844903850396e-10,0,0,0,0,1,1,136.2984818471168,NO_RAW_BREAK_CROSSING,D60,UNIFORM,PROCESSED,408301f7734ea9628435490607e003e0a7157fc56a8ba3f8cdcb6365d30818d5
10089,99,19,0.1919191919191919,,True,False,False,0,8,72,91,19,0.7912087912087912,,1.7893239203437699,0.4874087741794641,0.36917788551508723,1.2899779545557752,1.4907202727540487,1.7846425883311912,,91,0,True,1,0,8,3,0,0,136.2984818471168,,120.68957922573362,,RAW_WINDOWS_DT30_DISTANCE400_V1,99,99,0,1.0,,99,2.600760797067518,0.5563268545454824,1.7021062603651063,,0,5,2.587844903850396e-10,0,0,0,0,1,1,136.2984818471168,NO_RAW_BREAK_CROSSING,P2,UNIFORM,PROCESSED,abc9611cf578085dfc64a4ee88e88f7fbcb1fe92a1e9af2f75b2ae22a05c4d07
10089,99,2,0.020202020202020204,,True,False,False,0,8,89,91,2,0.978021978021978,,8.901056893563753,3.8699866695423215,3.4597316242198346,7.700371729664058,8.252955294248503,8.699886610390623,,91,0,True,1,0,8,3,0,0,136.2984818471168,,3.196504484209966,,RAW_WINDOWS_DT30_DISTANCE400_V1,99,99,0,1.0,,99,8.901056893563753,3.965508515968279,8.400599916743165,,32,5,2.587844903850396e-10,0,0,0,0,1,1,136.2984818471168,NO_RAW_BREAK_CROSSING,P10,UNIFORM,PROCESSED,c9fcc3b15e42085d7f8e9a2bd4593d92bafac6eb19e34610d103f1092572ab5e
10232,98,18,0.1836734693877551,,True,False,False,0,32,48,66,18,0.7272727272727273,,4.729191523380884,1.0800362727887565,0.46535135438171493,3.0743428904740506,4.093412150008292,4.580221122753682,,66,0,True,1,0,32,3,0,0,394.7107071590867,,340.4916612432405,,RAW_WINDOWS_DT30_DISTANCE400_V1,98,98,0,1.0,,98,5.940373318870127,1.3464799632678002,4.139622201931937,,1,5,5.082821709229691e-10,0,0,0,0,1,1,394.7107071590867,NO_RAW_BREAK_CROSSING,R0,UNIFORM,PROCESSED,29dd2c93eae7f447c180d6e5ddd4db6e72669e3a7f5c5bd96d432bf155539bf7
10232,98,18,0.1836734693877551,,True,False,False,0,32,48,66,18,0.7272727272727273,,4.729191523380884,1.0800362727887565,0.46535135438171493,3.0743428904740506,4.093412150008292,4.580221122753682,,66,0,True,1,0,32,3,0,0,394.7107071590867,,340.4916612432405,,RAW_WINDOWS_DT30_DISTANCE400_V1,98,98,0,1.0,,98,5.940373318870127,1.3464799632678002,4.139622201931937,,1,5,5.082821709229691e-10,0,0,0,0,1,1,394.7107071590867,NO_RAW_BREAK_CROSSING,S0,UNIFORM,PROCESSED,2a5e936b3c517a6d149675e79a27b95637805260be2ed12abbc683c932198696
10232,98,18,0.1836734693877551,,True,False,False,0,32,48,66,18,0.7272727272727273,,4.729191523380884,1.0800362727887565,0.46535135438171493,3.0743428904740506,4.093412150008292,4.580221122753682,,66,0,True,1,0,32,3,0,0,394.7107071590867,,340.4916612432405,,RAW_WINDOWS_DT30_DISTANCE400_V1,98,98,0,1.0,,98,5.940373318870127,1.3464799632678002,4.139622201931937,,1,5,5.082821709229691e-10,0,0,0,0,1,1,394.7107071590867,NO_RAW_BREAK_CROSSING,S_POINTS2,UNIFORM,PROCESSED,d9ad923c23b0e789fd1251e30b54a5af2fe939fbe19d6e6f9b80b87155903b3d
10232,98,18,0.1836734693877551,,True,False,False,0,32,48,66,18,0.7272727272727273,,4.729191523380884,1.0800362727887565,0.46535135438171493,3.0743428904740506,4.093412150008292,4.580221122753682,,66,0,True,1,0,32,3,0,0,394.7107071590867,,340.4916612432405,,RAW_WINDOWS_DT30_DISTANCE400_V1,98,98,0,1.0,,98,5.940373318870127,1.3464799632678002,4.139622201931937,,1,5,5.082821709229691e-10,0,0,0,0,1,1,394.7107071590867,NO_RAW_BREAK_CROSSING,S_LENGTH0,UNIFORM,PROCESSED,a29188c65b37d936cb4c6a4b958e7aa9b1b5668ffa6c2791557ea95672669ece
10232,98,19,0.19387755102040816,,True,False,False,0,10,69,88,19,0.7840909090909091,,4.820550000705671,1.2022171243062625,0.5781542008680383,3.348932155195635,4.02482321621544,4.570421907064938,,88,0,True,1,0,10,3,0,0,394.7107071590867,,350.1428913197354,,RAW_WINDOWS_DT30_DISTANCE400_V1,98,98,0,1.0,,98,4.820550000705671,1.2622053292975692,4.013997524572727,,0,5,5.082821709229691e-10,0,0,0,0,1,1,394.7107071590867,NO_RAW_BREAK_CROSSING,D60,UNIFORM,PROCESSED,0d2b6ca46e3e2665ed051a46e5b0b182407c8d5bc1db8711bb75e6a863802ad3
10232,98,26,0.2653061224489796,,True,False,False,0,32,40,66,26,0.6060606060606061,,1.7506423461456058,0.39753836015450544,0.12818945038043073,1.223398582644032,1.4326061329925452,1.6936906142502548,,66,0,True,1,0,32,3,0,0,394.7107071590867,,363.2648409998179,,RAW_WINDOWS_DT30_DISTANCE400_V1,98,98,0,1.0,,98,4.032401200365339,0.7595966785707883,2.706748592171592,,0,5,5.082821709229691e-10,0,0,0,0,1,1,394.7107071590867,NO_RAW_BREAK_CROSSING,P2,UNIFORM,PROCESSED,a13b94a62576db1e517afec3f641b34a311a3dcd9dce4c304a0e8e7112077a5b
10232,98,7,0.07142857142857142,,True,False,False,0,32,59,66,7,0.8939393939393939,,7.2578147160718585,3.127514073819435,3.2213027427688496,5.8315753278393085,6.330005192510193,6.836262130578935,,66,0,True,1,0,32,3,0,0,394.7107071590867,,210.3086934569023,,RAW_WINDOWS_DT30_DISTANCE400_V1,98,98,0,1.0,,98,7.852687730662065,3.422075638961575,6.690090643253354,,28,5,5.082821709229691e-10,0,0,0,0,1,1,394.7107071590867,NO_RAW_BREAK_CROSSING,P10,UNIFORM,PROCESSED,92ac0f957bf2bd573c0cd03da74dc9cb92d0c29b6491eb9c21f5672553726d8a
11272,98,16,0.16326530612244897,,True,False,False,0,37,45,61,16,0.7377049180327868,,4.995723520935228,1.6005869653488958,1.3104718266653117,3.610458837152905,4.299538861092909,4.8957769622646445,,61,0,True,1,0,37,3,0,0,667.1347505886362,,527.3512528417044,,RAW_WINDOWS_DT30_DISTANCE400_V1,98,98,0,1.0,,98,14.62263958666192,2.1936986880345346,5.469424676879065,,8,5,3.6231673507526897e-10,0,0,0,0,1,1,667.1347505886362,NO_RAW_BREAK_CROSSING,R0,UNIFORM,PROCESSED,aae0b110d3dc1f6fa1af9a18a8f63914407519914b668bd4cb4c13d735e33a3b
11272,98,16,0.16326530612244897,,True,False,False,0,37,45,61,16,0.7377049180327868,,4.995723520935228,1.6005869653488958,1.3104718266653117,3.610458837152905,4.299538861092909,4.8957769622646445,,61,0,True,1,0,37,3,0,0,667.1347505886362,,527.3512528417044,,RAW_WINDOWS_DT30_DISTANCE400_V1,98,98,0,1.0,,98,14.62263958666192,2.1936986880345346,5.469424676879065,,8,5,3.6231673507526897e-10,0,0,0,0,1,1,667.1347505886362,NO_RAW_BREAK_CROSSING,S0,UNIFORM,PROCESSED,c48c026b0e1a3a4db344c32bf262dda3b4768e0e6aba9741b4bb556109d05879
11272,98,16,0.16326530612244897,,True,False,False,0,37,45,61,16,0.7377049180327868,,4.995723520935228,1.6005869653488958,1.3104718266653117,3.610458837152905,4.299538861092909,4.8957769622646445,,61,0,True,1,0,37,3,0,0,667.1347505886362,,527.3512528417044,,RAW_WINDOWS_DT30_DISTANCE400_V1,98,98,0,1.0,,98,14.62263958666192,2.1936986880345346,5.469424676879065,,8,5,3.6231673507526897e-10,0,0,0,0,1,1,667.1347505886362,NO_RAW_BREAK_CROSSING,S_POINTS2,UNIFORM,PROCESSED,a05cd20ee5e781a1e915c3efa0487f105fab8ac98a5d5d0fd5ca351d1f56ae9c
11272,98,16,0.16326530612244897,,True,False,False,0,37,45,61,16,0.7377049180327868,,4.995723520935228,1.6005869653488958,1.3104718266653117,3.610458837152905,4.299538861092909,4.8957769622646445,,61,0,True,1,0,37,3,0,0,667.1347505886362,,527.3512528417044,,RAW_WINDOWS_DT30_DISTANCE400_V1,98,98,0,1.0,,98,14.62263958666192,2.1936986880345346,5.469424676879065,,8,5,3.6231673507526897e-10,0,0,0,0,1,1,667.1347505886362,NO_RAW_BREAK_CROSSING,S_LENGTH0,UNIFORM,PROCESSED,93192930299f0de1211e88cdcf80716005a9ccd170721493032330d0ec7b6702
11272,98,21,0.21428571428571427,,True,False,False,0,17,60,81,21,0.7407407407407407,,4.932019100705148,1.0896089470583565,0.6328824462974756,2.8213344832364555,3.7909765849575296,4.723608160794782,,81,0,True,1,0,17,3,0,0,667.1347505886362,,582.3844595356351,,RAW_WINDOWS_DT30_DISTANCE400_V1,98,98,0,1.0,,98,8.681450071382464,1.3321737618494123,4.355333845801548,,3,5,3.6231673507526897e-10,0,0,0,0,1,1,667.1347505886362,NO_RAW_BREAK_CROSSING,D60,UNIFORM,PROCESSED,b007347dfd5a17c11a8ae2b7af2ee4dfc9efa3314bdc4f08e841d377a1b462c6
11272,98,31,0.3163265306122449,,True,False,False,0,37,30,61,31,0.4918032786885246,,1.767625640196068,0.32912128955063336,0.0,1.1182031667011896,1.3104718266653117,1.7600520023364823,,61,0,True,1,0,37,3,0,0,667.1347505886362,,557.9435175342129,,RAW_WINDOWS_DT30_DISTANCE400_V1,98,98,0,1.0,,98,14.62263958666192,1.192536701774072,5.391811309306797,,7,5,3.6231673507526897e-10,0,0,0,0,1,1,667.1347505886362,NO_RAW_BREAK_CROSSING,P2,UNIFORM,PROCESSED,ba101233e1a18e93d37bb840ebbe8e66ac1f34e1bd84a61bea8097b0d9c270af
11272,98,9,0.09183673469387756,,True,False,False,0,37,52,61,9,0.8524590163934427,,8.306625523326867,2.157779871047003,1.7550029104300917,4.67340975655193,5.857687336311408,7.775527609140566,,61,0,True,1,0,37,3,0,0,667.1347505886362,,515.3523462053073,,RAW_WINDOWS_DT30_DISTANCE400_V1,98,98,0,1.0,,98,14.62263958666192,2.773758964481665,7.160080332903454,,16,5,3.6231673507526897e-10,0,0,0,0,1,1,667.1347505886362,NO_RAW_BREAK_CROSSING,P10,UNIFORM,PROCESSED,38e5f141f799a7a372864f4d854e917dcf47c5a65f7b40ecb0fb47cbd88c6d03
5633,115,32,0.2782608695652174,,True,False,False,0,21,62,94,32,0.6595744680851063,,4.960926854360064,1.4056851179052996,1.0490303878546308,3.6164147324441283,4.061674602357222,4.928443670822458,,94,0,True,1,0,21,3,0,0,4072.6541368516996,,3989.5474108782137,,RAW_WINDOWS_DT30_DISTANCE400_V1,115,115,0,1.0,,115,21.04396741948196,1.936748849318676,4.899718380904897,,4,5,1.596427886649093e-10,0,0,0,0,1,1,4072.6541368516996,NO_RAW_BREAK_CROSSING,R0,UNIFORM,PROCESSED,7318f04bb7c2f17bffa52439aea667c66bcef6462f0958066561453eb3f42453
5633,115,32,0.2782608695652174,,True,False,False,0,21,62,94,32,0.6595744680851063,,4.960926854360064,1.4056851179052996,1.0490303878546308,3.6164147324441283,4.061674602357222,4.928443670822458,,94,0,True,1,0,21,3,0,0,4072.6541368516996,,3989.5474108782137,,RAW_WINDOWS_DT30_DISTANCE400_V1,115,115,0,1.0,,115,21.04396741948196,1.936748849318676,4.899718380904897,,4,5,1.596427886649093e-10,0,0,0,0,1,1,4072.6541368516996,NO_RAW_BREAK_CROSSING,S0,UNIFORM,PROCESSED,8d0e1acea1a4050e74639ee5e9091c41a8dc92481be070b63bd3d867932bfabd
5633,115,32,0.2782608695652174,,True,False,False,0,21,62,94,32,0.6595744680851063,,4.960926854360064,1.4056851179052996,1.0490303878546308,3.6164147324441283,4.061674602357222,4.928443670822458,,94,0,True,1,0,21,3,0,0,4072.6541368516996,,3989.5474108782137,,RAW_WINDOWS_DT30_DISTANCE400_V1,115,115,0,1.0,,115,21.04396741948196,1.936748849318676,4.899718380904897,,4,5,1.596427886649093e-10,0,0,0,0,1,1,4072.6541368516996,NO_RAW_BREAK_CROSSING,S_POINTS2,UNIFORM,PROCESSED,f91f713cb64d4f40b88a27fc932050547aef97cf25d41eb2aa934a2c5e61215b
5633,115,32,0.2782608695652174,,True,False,False,0,21,62,94,32,0.6595744680851063,,4.960926854360064,1.4056851179052996,1.0490303878546308,3.6164147324441283,4.061674602357222,4.928443670822458,,94,0,True,1,0,21,3,0,0,4072.6541368516996,,3989.5474108782137,,RAW_WINDOWS_DT30_DISTANCE400_V1,115,115,0,1.0,,115,21.04396741948196,1.936748849318676,4.899718380904897,,4,5,1.596427886649093e-10,0,0,0,0,1,1,4072.6541368516996,NO_RAW_BREAK_CROSSING,S_LENGTH0,UNIFORM,PROCESSED,64609c5945e1ede94b608dc7264cc123839e2619b8301e19edfbed0bdd57b91e
5633,115,36,0.3130434782608696,,True,False,False,0,11,68,104,36,0.6538461538461539,,4.960926854360064,1.3445151083994156,0.8617232063273671,3.6299363134633063,3.97250834145062,4.688318596821479,,104,0,True,1,0,11,3,0,0,4072.6541368516996,,4028.8788464302484,,RAW_WINDOWS_DT30_DISTANCE400_V1,115,115,0,1.0,,115,4.960926854360064,1.4749154415647372,4.276684347034646,,0,5,1.596427886649093e-10,0,0,0,0,1,1,4072.6541368516996,NO_RAW_BREAK_CROSSING,D60,UNIFORM,PROCESSED,bbc8911f16d1a4a7848b69203996a462697a330bf8a0a96ae42b28e9edf684c8
5633,115,48,0.41739130434782606,,True,False,False,0,21,46,94,48,0.4893617021276596,,1.9796308891806744,0.4200307603076866,0.0,1.666344732159184,1.796238973167522,1.9675185539670794,,94,0,True,1,0,21,3,0,0,4072.6541368516996,,4006.444066842434,,RAW_WINDOWS_DT30_DISTANCE400_V1,115,115,0,1.0,,115,21.04396741948196,0.9988385992338423,3.0660199845570593,,3,5,1.596427886649093e-10,0,0,0,0,1,1,4072.6541368516996,NO_RAW_BREAK_CROSSING,P2,UNIFORM,PROCESSED,50d8bd41b3023da1a92f3a70ee761d2ec8db3aaca130d32ebb03d5bab687eafb
5633,115,22,0.19130434782608696,,True,False,False,0,21,72,94,22,0.7659574468085106,,9.876496098397384,3.0934192334270545,2.2813180710555567,7.311593124594807,8.777727423129496,9.660318505813521,,94,0,True,1,0,21,3,0,0,4072.6541368516996,,3963.038029278321,,RAW_WINDOWS_DT30_DISTANCE400_V1,115,115,0,1.0,,115,21.04396741948196,3.5494707142151127,9.355494297377046,,29,5,1.596427886649093e-10,0,0,0,0,1,1,4072.6541368516996,NO_RAW_BREAK_CROSSING,P10,UNIFORM,PROCESSED,1b27f5c637ca7b4d12ed1a0d0e0f990a72f8a577d3e3176ef7af95bcbba7ed42
8061,99,25,0.25252525252525254,,True,False,False,0,24,50,75,25,0.6666666666666667,,4.927991909365771,1.0823832999635294,0.5270860234773299,3.1427922339603764,3.8172604296469292,4.755360598635462,,75,0,True,1,0,24,3,0,0,1147.7618341197256,,895.0886193897679,,RAW_WINDOWS_DT30_DISTANCE400_V1,99,99,0,1.0,,99,34.13733625079084,2.634645185877453,9.462111072469886,,12,5,2.602082776305958e-10,0,0,0,0,1,1,1147.7618341197256,NO_RAW_BREAK_CROSSING,R0,UNIFORM,PROCESSED,da50600f757e56e70cc3fb654e8edd0bc84a3b3461760f5f6f525c837dbe8404
8061,99,25,0.25252525252525254,,True,False,False,0,24,50,75,25,0.6666666666666667,,4.927991909365771,1.0823832999635294,0.5270860234773299,3.1427922339603764,3.8172604296469292,4.755360598635462,,75,0,True,1,0,24,3,0,0,1147.7618341197256,,895.0886193897679,,RAW_WINDOWS_DT30_DISTANCE400_V1,99,99,0,1.0,,99,34.13733625079084,2.634645185877453,9.462111072469886,,12,5,2.602082776305958e-10,0,0,0,0,1,1,1147.7618341197256,NO_RAW_BREAK_CROSSING,S0,UNIFORM,PROCESSED,7db7a62bb98d7da5c675ecfbd7cf856fe923248def70a6a566d4ff5b6dc1aa13
8061,99,25,0.25252525252525254,,True,False,False,0,24,50,75,25,0.6666666666666667,,4.927991909365771,1.0823832999635294,0.5270860234773299,3.1427922339603764,3.8172604296469292,4.755360598635462,,75,0,True,1,0,24,3,0,0,1147.7618341197256,,895.0886193897679,,RAW_WINDOWS_DT30_DISTANCE400_V1,99,99,0,1.0,,99,34.13733625079084,2.634645185877453,9.462111072469886,,12,5,2.602082776305958e-10,0,0,0,0,1,1,1147.7618341197256,NO_RAW_BREAK_CROSSING,S_POINTS2,UNIFORM,PROCESSED,9c81b87b837974c6f082651e262fb78227f140563da454f365a3c9d5275374ff
8061,99,25,0.25252525252525254,,True,False,False,0,24,50,75,25,0.6666666666666667,,4.927991909365771,1.0823832999635294,0.5270860234773299,3.1427922339603764,3.8172604296469292,4.755360598635462,,75,0,True,1,0,24,3,0,0,1147.7618341197256,,895.0886193897679,,RAW_WINDOWS_DT30_DISTANCE400_V1,99,99,0,1.0,,99,34.13733625079084,2.634645185877453,9.462111072469886,,12,5,2.602082776305958e-10,0,0,0,0,1,1,1147.7618341197256,NO_RAW_BREAK_CROSSING,S_LENGTH0,UNIFORM,PROCESSED,2debde8d557a5fea9626ef6eb6d6cb4845e1f212f85bc2adad429cdc439bc098
8061,99,30,0.30303030303030304,,True,False,False,0,11,58,88,30,0.6590909090909092,,4.695449257468591,1.0901313448893108,0.5340592247261924,3.0975090777372363,3.7012357181128204,4.694802931733502,,88,0,True,1,0,11,3,0,0,1147.7618341197256,,975.2199941901617,,RAW_WINDOWS_DT30_DISTANCE400_V1,99,99,0,1.0,,99,25.898689747510662,1.7218060852483674,4.714029487371382,,4,5,2.602082776305958e-10,0,0,0,0,1,1,1147.7618341197256,NO_RAW_BREAK_CROSSING,D60,UNIFORM,PROCESSED,cb64a47c0f3c9c6f3d693a2b6f7217aa90ee7c3b75718dabbe2e6408bf98dbd0
8061,99,38,0.3838383838383838,,True,False,False,0,24,37,75,38,0.4933333333333333,,1.671215618665318,0.31027028117821975,0.0,1.2332880023588941,1.393651220886475,1.6615611759123952,,75,0,True,1,0,24,3,0,0,1147.7618341197256,,939.1248881898083,,RAW_WINDOWS_DT30_DISTANCE400_V1,99,99,0,1.0,,99,34.13733625079084,2.007435596263447,9.462111072469886,,10,5,2.602082776305958e-10,0,0,0,0,1,1,1147.7618341197256,NO_RAW_BREAK_CROSSING,P2,UNIFORM,PROCESSED,786abe58a37f6032c5c1d14cde376ec977f1e2cf8086995a99e79fd56de0cd44
8061,99,17,0.1717171717171717,,True,False,False,0,24,58,75,17,0.7733333333333333,,8.413088452283452,1.7030273490827539,1.060531843832204,4.51450821593123,5.352374836960775,7.558303019872373,,75,0,True,1,0,24,3,0,0,1147.7618341197256,,843.322410024987,,RAW_WINDOWS_DT30_DISTANCE400_V1,99,99,0,1.0,,99,24.264660515946417,3.0510701016390454,10.152793062717159,,19,5,2.602082776305958e-10,0,0,0,0,1,1,1147.7618341197256,NO_RAW_BREAK_CROSSING,P10,UNIFORM,PROCESSED,5d45b986179b29c1b317915ca52948c1dff34a107b1e3e15f6729ef98734492d
89,100,10,0.1,,True,False,False,0,14,76,86,10,0.8837209302325582,,4.290216334111505,1.1342499391332101,0.8399965739352544,2.807997928989873,3.3309042009479626,4.047103826489537,,86,0,True,1,0,14,3,0,0,143.9346132990838,,106.2747151095042,,RAW_WINDOWS_DT30_DISTANCE400_V1,100,100,0,1.0,,100,4.290216334111505,1.1692121137048723,3.3407613885308645,,0,5,2.9915661006550136e-10,0,0,0,0,1,1,143.9346132990838,NO_RAW_BREAK_CROSSING,R0,UNIFORM,PROCESSED,d9fcd577a8f7ac3c5bb2bb69dc4ffd062ea8837368a6e54dd3f1556facda9618
89,100,10,0.1,,True,False,False,0,14,76,86,10,0.8837209302325582,,4.290216334111505,1.1342499391332101,0.8399965739352544,2.807997928989873,3.3309042009479626,4.047103826489537,,86,0,True,1,0,14,3,0,0,143.9346132990838,,106.2747151095042,,RAW_WINDOWS_DT30_DISTANCE400_V1,100,100,0,1.0,,100,4.290216334111505,1.1692121137048723,3.3407613885308645,,0,5,2.9915661006550136e-10,0,0,0,0,1,1,143.9346132990838,NO_RAW_BREAK_CROSSING,S0,UNIFORM,PROCESSED,8a6f8142af19f8a5872442d3f567f63df824feb4d1b5e3cb27a7bd06059145b1
89,100,10,0.1,,True,False,False,0,14,76,86,10,0.8837209302325582,,4.290216334111505,1.1342499391332101,0.8399965739352544,2.807997928989873,3.3309042009479626,4.047103826489537,,86,0,True,1,0,14,3,0,0,143.9346132990838,,106.2747151095042,,RAW_WINDOWS_DT30_DISTANCE400_V1,100,100,0,1.0,,100,4.290216334111505,1.1692121137048723,3.3407613885308645,,0,5,2.9915661006550136e-10,0,0,0,0,1,1,143.9346132990838,NO_RAW_BREAK_CROSSING,S_POINTS2,UNIFORM,PROCESSED,ce9e1076e8ef6bab257386204f6644359a618dd2e43f1ce2b6bd96e513d8ce48
89,100,10,0.1,,True,False,False,0,14,76,86,10,0.8837209302325582,,4.290216334111505,1.1342499391332101,0.8399965739352544,2.807997928989873,3.3309042009479626,4.047103826489537,,86,0,True,1,0,14,3,0,0,143.9346132990838,,106.2747151095042,,RAW_WINDOWS_DT30_DISTANCE400_V1,100,100,0,1.0,,100,4.290216334111505,1.1692121137048723,3.3407613885308645,,0,5,2.9915661006550136e-10,0,0,0,0,1,1,143.9346132990838,NO_RAW_BREAK_CROSSING,S_LENGTH0,UNIFORM,PROCESSED,cbb4626611b0635db5c2bbede30ba09b3fd543ddd50cd0c0b0d12b34bf71692a
89,100,10,0.1,,True,False,False,0,4,86,96,10,0.8958333333333334,,4.290216334111505,1.1793781989147698,0.9306882873872452,2.887720195594561,3.3869069082672185,4.018502355004598,,96,0,True,1,0,4,3,0,0,143.9346132990838,,106.36236927203784,,RAW_WINDOWS_DT30_DISTANCE400_V1,100,100,0,1.0,,100,4.290216334111505,1.2145735930802029,3.365842850220226,,0,5,2.9915661006550136e-10,0,0,0,0,1,1,143.9346132990838,NO_RAW_BREAK_CROSSING,D60,UNIFORM,PROCESSED,01febe7a24a3f7ad0a31005b299979ea2c7e0876aca186e44e52d7e71ce7b092
89,100,19,0.19,,True,False,False,0,14,67,86,19,0.7790697674418605,,1.3822628226760372,0.41067239357091,0.33523460927470417,1.1073282668030149,1.1704050009075613,1.38065874597582,,86,0,True,1,0,14,3,0,0,143.9346132990838,,128.14748415600258,,RAW_WINDOWS_DT30_DISTANCE400_V1,100,100,0,1.0,,100,1.3822628226760372,0.4349787646131312,1.20176828246393,,0,5,2.9915661006550136e-10,0,0,0,0,1,1,143.9346132990838,NO_RAW_BREAK_CROSSING,P2,UNIFORM,PROCESSED,f3ca0833357679e93f743c869a8db644ca8609a615abd91134ccfb7c894378d5
89,100,3,0.03,,True,False,False,0,14,83,86,3,0.9651162790697675,,9.410438697845722,2.644861471838809,2.162098545195565,5.964759753183513,7.465723347813981,8.595526738106063,,86,0,True,1,0,14,3,0,0,143.9346132990838,,35.60827080997913,,RAW_WINDOWS_DT30_DISTANCE400_V1,100,100,0,1.0,,100,9.479167761595434,2.8107758105917497,7.635305684536878,,17,5,2.9915661006550136e-10,0,0,0,0,1,1,143.9346132990838,NO_RAW_BREAK_CROSSING,P10,UNIFORM,PROCESSED,5b1ebc4844c3fee48a365f5408240f2b83511eda0ea08471c8b4134d951bddcd
6225,99,11,0.1111111111111111,,True,False,False,0,16,72,83,11,0.8674698795180723,,4.471093042944735,1.0853013523118449,0.7424896619183685,2.1572527738559923,3.726764635097159,4.404072829306692,,83,0,True,1,0,16,3,0,0,197.4575590672746,,144.64466339352606,,RAW_WINDOWS_DT30_DISTANCE400_V1,99,99,0,1.0,,99,5.262024662315194,1.1333930709956408,4.102466240616495,,1,5,1.7855440075373382e-10,0,0,0,0,1,1,197.4575590672746,NO_RAW_BREAK_CROSSING,R0,UNIFORM,PROCESSED,b43b0e8ed9771c9daf86b4a9cad5a7daedc3acfbb72c3184510ba245f8b9ade4
6225,99,11,0.1111111111111111,,True,False,False,0,16,72,83,11,0.8674698795180723,,4.471093042944735,1.0853013523118449,0.7424896619183685,2.1572527738559923,3.726764635097159,4.404072829306692,,83,0,True,1,0,16,3,0,0,197.4575590672746,,144.64466339352606,,RAW_WINDOWS_DT30_DISTANCE400_V1,99,99,0,1.0,,99,5.262024662315194,1.1333930709956408,4.102466240616495,,1,5,1.7855440075373382e-10,0,0,0,0,1,1,197.4575590672746,NO_RAW_BREAK_CROSSING,S0,UNIFORM,PROCESSED,207c826000c65da779112b37510dbc2c24b6cba6cae1aa4496c9272ce870eee7
6225,99,11,0.1111111111111111,,True,False,False,0,16,72,83,11,0.8674698795180723,,4.471093042944735,1.0853013523118449,0.7424896619183685,2.1572527738559923,3.726764635097159,4.404072829306692,,83,0,True,1,0,16,3,0,0,197.4575590672746,,144.64466339352606,,RAW_WINDOWS_DT30_DISTANCE400_V1,99,99,0,1.0,,99,5.262024662315194,1.1333930709956408,4.102466240616495,,1,5,1.7855440075373382e-10,0,0,0,0,1,1,197.4575590672746,NO_RAW_BREAK_CROSSING,S_POINTS2,UNIFORM,PROCESSED,1361213f26dcef4279d5442582af3e45ffe4da658f05e2c8a4ad156a121b726f
6225,99,11,0.1111111111111111,,True,False,False,0,16,72,83,11,0.8674698795180723,,4.471093042944735,1.0853013523118449,0.7424896619183685,2.1572527738559923,3.726764635097159,4.404072829306692,,83,0,True,1,0,16,3,0,0,197.4575590672746,,144.64466339352606,,RAW_WINDOWS_DT30_DISTANCE400_V1,99,99,0,1.0,,99,5.262024662315194,1.1333930709956408,4.102466240616495,,1,5,1.7855440075373382e-10,0,0,0,0,1,1,197.4575590672746,NO_RAW_BREAK_CROSSING,S_LENGTH0,UNIFORM,PROCESSED,198b1d76af4aee15219af6d35bc5fd33c242ac90fe81dbd68fe19d018ee0f525
6225,99,13,0.13131313131313133,,True,False,False,0,3,83,96,13,0.8645833333333334,,4.63747285792293,1.072126604965767,0.7187600030572348,2.735404337465497,3.582755434678597,4.479412033693644,,96,0,True,1,0,3,3,0,0,197.4575590672746,,151.96666577699594,,RAW_WINDOWS_DT30_DISTANCE400_V1,99,99,0,1.0,,99,4.63747285792293,1.0531979784551044,3.545822830549178,,0,5,1.7855440075373382e-10,0,0,0,0,1,1,197.4575590672746,NO_RAW_BREAK_CROSSING,D60,UNIFORM,PROCESSED,3b94cfc1918be5bf0a935eb12da7b8565794f6551b1c4f58e245f165c7cbe74c
6225,99,19,0.1919191919191919,,True,False,False,0,16,64,83,19,0.7710843373493976,,1.9276744526387133,0.5145989963432032,0.28578389193790554,1.3108777321027123,1.6833043542715098,1.8855900473381764,,83,0,True,1,0,16,3,0,0,197.4575590672746,,174.5781847424491,,RAW_WINDOWS_DT30_DISTANCE400_V1,99,99,0,1.0,,99,1.9276744526387133,0.5894679883059196,1.7001623133613004,,0,5,1.7855440075373382e-10,0,0,0,0,1,1,197.4575590672746,NO_RAW_BREAK_CROSSING,P2,UNIFORM,PROCESSED,27e40611db834947e9ef6eb3932441a2cdc8266bf69330b269ffa2ff5418cb88
6225,99,5,0.050505050505050504,,True,False,False,0,16,78,83,5,0.9397590361445783,,8.603752988996023,2.568444776267927,1.9265443437242364,5.797848994351908,7.176468150525064,8.115947415753594,,83,0,True,1,0,16,3,0,0,197.4575590672746,,101.8631185944022,,RAW_WINDOWS_DT30_DISTANCE400_V1,99,99,0,1.0,,99,8.603752988996023,2.4489894029260544,6.9255583766982785,,19,5,1.7855440075373382e-10,0,0,0,0,1,1,197.4575590672746,NO_RAW_BREAK_CROSSING,P10,UNIFORM,PROCESSED,3d8bdc8858ef5aeb9a4e4b5c504871db61c3057b754e032a4fc8661b0ce3e3e5
82,98,14,0.14285714285714285,,True,False,False,0,15,69,83,14,0.8313253012048193,,4.7527300927732075,1.3384284195844907,1.0116148650982568,3.2107234883370777,3.67270499930296,4.429949125156088,,83,0,True,1,0,15,3,0,0,268.17437776075144,,224.22985068760383,,RAW_WINDOWS_DT30_DISTANCE400_V1,98,98,0,1.0,,98,5.051496622734519,1.529457110164725,4.280644062968866,,1,5,1.9166049350174727e-10,0,0,0,0,1,1,268.17437776075144,NO_RAW_BREAK_CROSSING,R0,UNIFORM,PROCESSED,38c70e1c5c6568f4f5e61c5c3a68b2c5226cfe656c6814171a28854740398480
82,98,14,0.14285714285714285,,True,False,False,0,15,69,83,14,0.8313253012048193,,4.7527300927732075,1.3384284195844907,1.0116148650982568,3.2107234883370777,3.67270499930296,4.429949125156088,,83,0,True,1,0,15,3,0,0,268.17437776075144,,224.22985068760383,,RAW_WINDOWS_DT30_DISTANCE400_V1,98,98,0,1.0,,98,5.051496622734519,1.529457110164725,4.280644062968866,,1,5,1.9166049350174727e-10,0,0,0,0,1,1,268.17437776075144,NO_RAW_BREAK_CROSSING,S0,UNIFORM,PROCESSED,6ab7c770436be91ec997de8405488e05fecd879a49e663fb2bc3393e33744ba2
82,98,14,0.14285714285714285,,True,False,False,0,15,69,83,14,0.8313253012048193,,4.7527300927732075,1.3384284195844907,1.0116148650982568,3.2107234883370777,3.67270499930296,4.429949125156088,,83,0,True,1,0,15,3,0,0,268.17437776075144,,224.22985068760383,,RAW_WINDOWS_DT30_DISTANCE400_V1,98,98,0,1.0,,98,5.051496622734519,1.529457110164725,4.280644062968866,,1,5,1.9166049350174727e-10,0,0,0,0,1,1,268.17437776075144,NO_RAW_BREAK_CROSSING,S_POINTS2,UNIFORM,PROCESSED,8d84fe4406ff5f8d505f758e3544ad38eaabb714d13737e4178a441eaa9a1d6e
82,98,14,0.14285714285714285,,True,False,False,0,15,69,83,14,0.8313253012048193,,4.7527300927732075,1.3384284195844907,1.0116148650982568,3.2107234883370777,3.67270499930296,4.429949125156088,,83,0,True,1,0,15,3,0,0,268.17437776075144,,224.22985068760383,,RAW_WINDOWS_DT30_DISTANCE400_V1,98,98,0,1.0,,98,5.051496622734519,1.529457110164725,4.280644062968866,,1,5,1.9166049350174727e-10,0,0,0,0,1,1,268.17437776075144,NO_RAW_BREAK_CROSSING,S_LENGTH0,UNIFORM,PROCESSED,65d03484860d3234a9a4f77eab85b79af4751935740ca0f30cfb7bbb454e4e84
82,98,17,0.17346938775510204,,True,False,False,0,6,75,92,17,0.8152173913043479,,4.618458534314146,1.3889073768697593,0.92435148528832,3.4951697505437833,3.98461683696268,4.510947133232639,,92,0,True,1,0,6,3,0,0,268.17437776075144,,240.0767780475613,,RAW_WINDOWS_DT30_DISTANCE400_V1,98,98,0,1.0,,98,4.618458534314146,1.397014759388454,3.8835961976571807,,0,5,1.9166049350174727e-10,0,0,0,0,1,1,268.17437776075144,NO_RAW_BREAK_CROSSING,D60,UNIFORM,PROCESSED,13b18a06a66c6d4549c5c6bbf30c17cbe8fa398ea5312c76436464ae8865ca25
82,98,23,0.23469387755102042,,True,False,False,0,15,60,83,23,0.7228915662650602,,1.9687321046561417,0.40860116570097915,0.3059476386237173,1.070742340398673,1.2630726848935647,1.8596199965752158,,83,0,True,1,0,15,3,0,0,268.17437776075144,,246.74722606015143,,RAW_WINDOWS_DT30_DISTANCE400_V1,98,98,0,1.0,,98,3.8367677666342277,0.5669831290729748,1.8426462580180467,,0,5,1.9166049350174727e-10,0,0,0,0,1,1,268.17437776075144,NO_RAW_BREAK_CROSSING,P2,UNIFORM,PROCESSED,10f492872edb72bc48bd18ecde86560a377b34ccfc8a70cc4df2c359591cd462
82,98,10,0.10204081632653061,,True,False,False,0,15,73,83,10,0.8795180722891567,,7.498069485181226,2.2908372579059364,1.9074681804170128,5.689947159582897,6.951120780826046,7.373937090169501,,83,0,True,1,0,15,3,0,0,268.17437776075144,,207.4715176048814,,RAW_WINDOWS_DT30_DISTANCE400_V1,98,98,0,1.0,,98,7.498069485181226,2.513216920877358,6.974778131262862,,16,5,1.9166049350174727e-10,0,0,0,0,1,1,268.17437776075144,NO_RAW_BREAK_CROSSING,P10,UNIFORM,PROCESSED,ed87649d08923d92bbeac8b97454a1b98f9a1464347a0f3f97dd3feacb92acaf
2713,100,10,0.1,,True,False,False,0,8,82,92,10,0.8913043478260869,,4.9149480274291815,1.5031733510595988,1.3407908245874471,3.353217117970603,3.882617537540411,4.270059589124378,,92,0,True,1,0,8,3,0,0,183.24371778063957,,138.45581641044333,,RAW_WINDOWS_DT30_DISTANCE400_V1,100,100,0,1.0,,100,4.9149480274291815,1.545551537124534,3.929365300188976,,0,5,1.6028530739253288e-10,0,0,0,0,1,1,183.24371778063957,NO_RAW_BREAK_CROSSING,R0,UNIFORM,PROCESSED,2ee10303a73bb4acba3797cba4f3902d61075bd045c3438b6f528fe9050a607d
2713,100,10,0.1,,True,False,False,0,8,82,92,10,0.8913043478260869,,4.9149480274291815,1.5031733510595988,1.3407908245874471,3.353217117970603,3.882617537540411,4.270059589124378,,92,0,True,1,0,8,3,0,0,183.24371778063957,,138.45581641044333,,RAW_WINDOWS_DT30_DISTANCE400_V1,100,100,0,1.0,,100,4.9149480274291815,1.545551537124534,3.929365300188976,,0,5,1.6028530739253288e-10,0,0,0,0,1,1,183.24371778063957,NO_RAW_BREAK_CROSSING,S0,UNIFORM,PROCESSED,d7f1fffda6e482f614c63ee0915fe3db26bb60e8944897b81629404a33613f8f
2713,100,10,0.1,,True,False,False,0,8,82,92,10,0.8913043478260869,,4.9149480274291815,1.5031733510595988,1.3407908245874471,3.353217117970603,3.882617537540411,4.270059589124378,,92,0,True,1,0,8,3,0,0,183.24371778063957,,138.45581641044333,,RAW_WINDOWS_DT30_DISTANCE400_V1,100,100,0,1.0,,100,4.9149480274291815,1.545551537124534,3.929365300188976,,0,5,1.6028530739253288e-10,0,0,0,0,1,1,183.24371778063957,NO_RAW_BREAK_CROSSING,S_POINTS2,UNIFORM,PROCESSED,0425dc5b3067e9410e9b339eee30eb06ae1e1aaf2fa4a470e614d6641731f401
2713,100,10,0.1,,True,False,False,0,8,82,92,10,0.8913043478260869,,4.9149480274291815,1.5031733510595988,1.3407908245874471,3.353217117970603,3.882617537540411,4.270059589124378,,92,0,True,1,0,8,3,0,0,183.24371778063957,,138.45581641044333,,RAW_WINDOWS_DT30_DISTANCE400_V1,100,100,0,1.0,,100,4.9149480274291815,1.545551537124534,3.929365300188976,,0,5,1.6028530739253288e-10,0,0,0,0,1,1,183.24371778063957,NO_RAW_BREAK_CROSSING,S_LENGTH0,UNIFORM,PROCESSED,fa77bdd0f126285a042a6b3c2e3bbe86f779472f7fcc2cf2aa025575ca351d4d
2713,100,10,0.1,,True,False,False,0,1,89,99,10,0.898989898989899,,4.9149480274291815,1.561163836992024,1.3511909455065472,3.319240569240925,3.864788534047468,4.886166310876808,,99,0,True,1,0,1,3,0,0,183.24371778063957,,138.66155410307076,,RAW_WINDOWS_DT30_DISTANCE400_V1,100,100,0,1.0,,100,4.9149480274291815,1.5689728234807954,3.8613465114320302,,0,5,1.6028530739253288e-10,0,0,0,0,1,1,183.24371778063957,NO_RAW_BREAK_CROSSING,D60,UNIFORM,PROCESSED,c7ae9c799c4da0ec71d02ea59195ac94c3fb0461de052813d2efc2897ad8c9f4
2713,100,18,0.18,,True,False,False,0,8,74,92,18,0.8043478260869565,,1.8882774026721783,0.46696933876514596,0.2845595183601961,1.22935960646974,1.677339162937077,1.852127157880426,,92,0,True,1,0,8,3,0,0,183.24371778063957,,168.27729623790185,,RAW_WINDOWS_DT30_DISTANCE400_V1,100,100,0,1.0,,100,1.943665568341118,0.5096210034061762,1.7601101782997877,,0,5,1.6028530739253288e-10,0,0,0,0,1,1,183.24371778063957,NO_RAW_BREAK_CROSSING,P2,UNIFORM,PROCESSED,0cdaf39eafd6c385ee9b951d939344f027044ebc8d9bc6a0b00b9cb7d3c94df2
2713,100,5,0.05,,True,False,False,0,8,87,92,5,0.9456521739130435,,7.400590037276725,2.2735990158779176,1.7373603538217428,4.972868968158448,6.4466675840264696,6.966555319622825,,92,0,True,1,0,8,3,0,0,183.24371778063957,,82.97166413914022,,RAW_WINDOWS_DT30_DISTANCE400_V1,100,100,0,1.0,,100,7.400590037276725,2.2350404416078313,6.4466675840264696,,9,5,1.6028530739253288e-10,0,0,0,0,1,1,183.24371778063957,NO_RAW_BREAK_CROSSING,P10,UNIFORM,PROCESSED,75f5e0fdb76d2fdb782c662b7973731419f54aafa2def365e90602ff0fd7d095
647,100,6,0.06,,True,False,False,0,22,72,78,6,0.9230769230769231,,4.664444854359451,1.4891431703097395,0.8054560862840597,4.063797484156686,4.35821520345254,4.6481895162370686,,78,0,True,1,0,22,3,0,0,118.56958838779109,,79.09698518122366,,RAW_WINDOWS_DT30_DISTANCE400_V1,100,100,0,1.0,,100,5.359587027893037,1.6497877564400683,4.404256551858712,,2,5,7.267477962194887e-11,0,0,0,0,1,1,118.56958838779109,NO_RAW_BREAK_CROSSING,R0,UNIFORM,PROCESSED,fc3d891d55df231b0e9336de103700f95eb652511ae27c48568fd2830ae7ecf3
647,100,6,0.06,,True,False,False,0,22,72,78,6,0.9230769230769231,,4.664444854359451,1.4891431703097395,0.8054560862840597,4.063797484156686,4.35821520345254,4.6481895162370686,,78,0,True,1,0,22,3,0,0,118.56958838779109,,79.09698518122366,,RAW_WINDOWS_DT30_DISTANCE400_V1,100,100,0,1.0,,100,5.359587027893037,1.6497877564400683,4.404256551858712,,2,5,7.267477962194887e-11,0,0,0,0,1,1,118.56958838779109,NO_RAW_BREAK_CROSSING,S0,UNIFORM,PROCESSED,4df0f56a113e1af54f4d9d7a68ab0fd8380565918036337be2ab0b9b357d2fcb
647,100,6,0.06,,True,False,False,0,22,72,78,6,0.9230769230769231,,4.664444854359451,1.4891431703097395,0.8054560862840597,4.063797484156686,4.35821520345254,4.6481895162370686,,78,0,True,1,0,22,3,0,0,118.56958838779109,,79.09698518122366,,RAW_WINDOWS_DT30_DISTANCE400_V1,100,100,0,1.0,,100,5.359587027893037,1.6497877564400683,4.404256551858712,,2,5,7.267477962194887e-11,0,0,0,0,1,1,118.56958838779109,NO_RAW_BREAK_CROSSING,S_POINTS2,UNIFORM,PROCESSED,c57b3f85a5641f9f296af37a5ca1b8be766e1ae84ae4baaa4a2d05ae66e24b9f
647,100,6,0.06,,True,False,False,0,22,72,78,6,0.9230769230769231,,4.664444854359451,1.4891431703097395,0.8054560862840597,4.063797484156686,4.35821520345254,4.6481895162370686,,78,0,True,1,0,22,3,0,0,118.56958838779109,,79.09698518122366,,RAW_WINDOWS_DT30_DISTANCE400_V1,100,100,0,1.0,,100,5.359587027893037,1.6497877564400683,4.404256551858712,,2,5,7.267477962194887e-11,0,0,0,0,1,1,118.56958838779109,NO_RAW_BREAK_CROSSING,S_LENGTH0,UNIFORM,PROCESSED,8160c7509fc18ddf882617aec5e3d407e9ee7feb7bb80de2e24508c249d2950d
647,100,7,0.07,,True,False,False,0,5,88,95,7,0.9263157894736842,,3.9623346780334554,0.9465138040580353,0.6095015933545246,2.5823578340858777,3.218144573480119,3.691828994431061,,95,0,True,1,0,5,3,0,0,118.56958838779109,,84.78569706174093,,RAW_WINDOWS_DT30_DISTANCE400_V1,100,100,0,1.0,,100,3.9623346780334554,0.9150426761131321,3.2027397084814404,,0,5,7.267477962194887e-11,0,0,0,0,1,1,118.56958838779109,NO_RAW_BREAK_CROSSING,D60,UNIFORM,PROCESSED,65c5c3ce3f2489e292c8599d923bb836f43fc7bef8a30c3d39dc901e8f47b5d2
647,100,10,0.1,,True,False,False,0,22,68,78,10,0.8717948717948718,,1.905251429815404,0.5430711591668287,0.33719607985865085,1.4522746460738372,1.7584928680841103,1.8529152893201288,,78,0,True,1,0,22,3,0,0,118.56958838779109,,97.35128327486808,,RAW_WINDOWS_DT30_DISTANCE400_V1,100,100,0,1.0,,100,2.602658745532139,0.6133245212210461,1.8372824161851762,,0,5,7.267477962194887e-11,0,0,0,0,1,1,118.56958838779109,NO_RAW_BREAK_CROSSING,P2,UNIFORM,PROCESSED,bb5c0b443be2f733c57947710a0a77862ba63610fa59058204e2a92f5e70bf32
647,100,4,0.04,,True,False,False,0,22,74,78,4,0.9487179487179487,,9.471900193473589,2.8981193499833826,2.6789468415482367,6.016035142062005,7.801736830802827,8.801761173274745,,78,0,True,1,0,22,3,0,0,118.56958838779109,,64.50929830784582,,RAW_WINDOWS_DT30_DISTANCE400_V1,100,100,0,1.0,,100,9.471900193473589,2.974581389244648,7.759599618088418,,18,5,7.267477962194887e-11,0,0,0,0,1,1,118.56958838779109,NO_RAW_BREAK_CROSSING,P10,UNIFORM,PROCESSED,262adf1931e6bb823ef7488bc7446b4d8c165637b1940f9037fb3dfda9a69718
3367,99,8,0.08080808080808081,,True,False,False,0,14,77,85,8,0.9058823529411765,,4.093071563975299,0.9444282145346161,0.6699115561043385,2.2023605280171283,2.685918674548943,3.58465190680146,,85,0,True,1,0,14,3,0,0,164.77066447432182,,101.0567358953817,,RAW_WINDOWS_DT30_DISTANCE400_V1,99,99,0,1.0,,99,4.444115632030313,1.1060604355989863,3.050265580389727,,0,5,2.2198569350283303e-10,0,0,0,0,1,1,164.77066447432182,NO_RAW_BREAK_CROSSING,R0,UNIFORM,PROCESSED,23caf77d2a20c2de97ff62ef572bcc2beff7b2899edf79814774f6e7c87b5bfe
3367,99,8,0.08080808080808081,,True,False,False,0,14,77,85,8,0.9058823529411765,,4.093071563975299,0.9444282145346161,0.6699115561043385,2.2023605280171283,2.685918674548943,3.58465190680146,,85,0,True,1,0,14,3,0,0,164.77066447432182,,101.0567358953817,,RAW_WINDOWS_DT30_DISTANCE400_V1,99,99,0,1.0,,99,4.444115632030313,1.1060604355989863,3.050265580389727,,0,5,2.2198569350283303e-10,0,0,0,0,1,1,164.77066447432182,NO_RAW_BREAK_CROSSING,S0,UNIFORM,PROCESSED,5007934a696422f35963c700f82d135c0a0e3448823359df964174104df57b6c
3367,99,8,0.08080808080808081,,True,False,False,0,14,77,85,8,0.9058823529411765,,4.093071563975299,0.9444282145346161,0.6699115561043385,2.2023605280171283,2.685918674548943,3.58465190680146,,85,0,True,1,0,14,3,0,0,164.77066447432182,,101.0567358953817,,RAW_WINDOWS_DT30_DISTANCE400_V1,99,99,0,1.0,,99,4.444115632030313,1.1060604355989863,3.050265580389727,,0,5,2.2198569350283303e-10,0,0,0,0,1,1,164.77066447432182,NO_RAW_BREAK_CROSSING,S_POINTS2,UNIFORM,PROCESSED,7def332ebeb83652ff0327c94095ff7ee73576910e71b0e28e05174071121c9e
3367,99,8,0.08080808080808081,,True,False,False,0,14,77,85,8,0.9058823529411765,,4.093071563975299,0.9444282145346161,0.6699115561043385,2.2023605280171283,2.685918674548943,3.58465190680146,,85,0,True,1,0,14,3,0,0,164.77066447432182,,101.0567358953817,,RAW_WINDOWS_DT30_DISTANCE400_V1,99,99,0,1.0,,99,4.444115632030313,1.1060604355989863,3.050265580389727,,0,5,2.2198569350283303e-10,0,0,0,0,1,1,164.77066447432182,NO_RAW_BREAK_CROSSING,S_LENGTH0,UNIFORM,PROCESSED,cd3863f93943a5b4e3a324e71549fe73835a99a6e2aa07619b5195edb1f6ac87
3367,99,8,0.08080808080808081,,True,False,False,0,5,86,94,8,0.9148936170212766,,4.444115632030313,1.0407255507423128,0.7689766953651734,2.176902121505948,2.8827679285783034,4.2781382125057466,,94,0,True,1,0,5,3,0,0,164.77066447432182,,104.09217783188579,,RAW_WINDOWS_DT30_DISTANCE400_V1,99,99,0,1.0,,99,4.444115632030313,1.053634941767137,2.713494740522398,,0,5,2.2198569350283303e-10,0,0,0,0,1,1,164.77066447432182,NO_RAW_BREAK_CROSSING,D60,UNIFORM,PROCESSED,7ac418b43920f7dc1b584c0ac492566ae41e70546f393049bed69d6d9c2f3489
3367,99,19,0.1919191919191919,,True,False,False,0,14,66,85,19,0.7764705882352941,,1.9749623187756233,0.39134047360884633,0.22174583093762978,1.031684885702469,1.2994728890433107,1.9046631148046818,,85,0,True,1,0,14,3,0,0,164.77066447432182,,133.3190124899605,,RAW_WINDOWS_DT30_DISTANCE400_V1,99,99,0,1.0,,99,3.141283699530207,0.468837676765683,1.5788893716176562,,0,5,2.2198569350283303e-10,0,0,0,0,1,1,164.77066447432182,NO_RAW_BREAK_CROSSING,P2,UNIFORM,PROCESSED,e99f58d5078f149b0929eed339142487cc6ff367aac7722c2f7b81b7cf6c57ab
3367,99,5,0.050505050505050504,,True,False,False,0,14,80,85,5,0.9411764705882353,,9.763140355965572,2.3245846256361995,1.4218837159115005,5.165787994488193,6.912325878654789,9.312998702732683,,85,0,True,1,0,14,3,0,0,164.77066447432182,,75.02340895304911,,RAW_WINDOWS_DT30_DISTANCE400_V1,99,99,0,1.0,,99,9.763140355965572,2.3485093108103547,6.032299925455328,,11,5,2.2198569350283303e-10,0,0,0,0,1,1,164.77066447432182,NO_RAW_BREAK_CROSSING,P10,UNIFORM,PROCESSED,275cbb5a22b72c45efdc75d2573b2229b22ac0cc43502ce737fba1a952f7f972
9565,96,14,0.14583333333333334,,True,False,False,0,23,59,73,14,0.8082191780821918,,4.852720877743371,0.9136610821396204,0.623319980498072,2.042445923515969,3.7430945258840316,4.648904340740496,,73,0,True,1,0,23,9,0,0,250.57857667476762,,208.71521664979585,,RAW_WINDOWS_DT30_DISTANCE400_V1,96,96,0,1.0,,96,4.852720877743371,1.0679561699437998,3.6648846731177995,,0,5,7.234840342969136e-10,0,0,0,0,1,1,250.57857667476762,NO_RAW_BREAK_CROSSING,R0,UNIFORM,PROCESSED,9ffab977cc906a2847255a488d647b6917f023e5c486ddb4a4141d04025f4ef5
9565,96,14,0.14583333333333334,,True,False,False,0,23,59,73,14,0.8082191780821918,,4.852720877743371,0.9136610821396204,0.623319980498072,2.042445923515969,3.7430945258840316,4.648904340740496,,73,0,True,1,0,23,9,0,0,250.57857667476762,,208.71521664979585,,RAW_WINDOWS_DT30_DISTANCE400_V1,96,96,0,1.0,,96,4.852720877743371,1.0679561699437998,3.6648846731177995,,0,5,7.234840342969136e-10,0,0,0,0,1,1,250.57857667476762,NO_RAW_BREAK_CROSSING,S0,UNIFORM,PROCESSED,2d0933cacf45356ec9f811bb428b3f72b9b0360b538bef5378f76e6a3eff94bb
9565,96,14,0.14583333333333334,,True,False,False,0,23,59,73,14,0.8082191780821918,,4.852720877743371,0.9136610821396204,0.623319980498072,2.042445923515969,3.7430945258840316,4.648904340740496,,73,0,True,1,0,23,9,0,0,250.57857667476762,,208.71521664979585,,RAW_WINDOWS_DT30_DISTANCE400_V1,96,96,0,1.0,,96,4.852720877743371,1.0679561699437998,3.6648846731177995,,0,5,7.234840342969136e-10,0,0,0,0,1,1,250.57857667476762,NO_RAW_BREAK_CROSSING,S_POINTS2,UNIFORM,PROCESSED,f866dbcbd6cf270bf436133072a019a6fd44a2a7f336c696f583507b670d5427
9565,96,14,0.14583333333333334,,True,False,False,0,23,59,73,14,0.8082191780821918,,4.852720877743371,0.9136610821396204,0.623319980498072,2.042445923515969,3.7430945258840316,4.648904340740496,,73,0,True,1,0,23,9,0,0,250.57857667476762,,208.71521664979585,,RAW_WINDOWS_DT30_DISTANCE400_V1,96,96,0,1.0,,96,4.852720877743371,1.0679561699437998,3.6648846731177995,,0,5,7.234840342969136e-10,0,0,0,0,1,1,250.57857667476762,NO_RAW_BREAK_CROSSING,S_LENGTH0,UNIFORM,PROCESSED,e8fa89f7cd38868bac8b573cac9838dd460b1ef76cf33ffd9e102dbd814e369f
9565,96,14,0.14583333333333334,,True,False,False,0,10,72,86,14,0.8372093023255813,,4.619536996711634,0.9807431853828971,0.662118001777032,2.435750020886207,3.487785374345388,4.577126550515771,,86,0,True,1,0,10,9,0,0,250.57857667476762,,208.77752025977634,,RAW_WINDOWS_DT30_DISTANCE400_V1,96,96,0,1.0,,96,4.619536996711634,1.04124463268513,3.601122433270714,,0,5,7.234840342969136e-10,0,0,0,0,1,1,250.57857667476762,NO_RAW_BREAK_CROSSING,D60,UNIFORM,PROCESSED,5a2e78a9c9971fd24dd63244534e1fa5256690537c7c154056b47f579c18a52d
9565,96,20,0.20833333333333334,,True,False,False,0,23,53,73,20,0.726027397260274,,1.995356040421378,0.4406090710841988,0.35138658988793553,1.116712499173934,1.2521983851863636,1.730583779536201,,73,0,True,1,0,23,9,0,0,250.57857667476762,,219.75518511725522,,RAW_WINDOWS_DT30_DISTANCE400_V1,96,96,0,1.0,,96,4.2182489834410415,0.6118990737607611,2.0262438831123144,,0,5,7.234840342969136e-10,0,0,0,0,1,1,250.57857667476762,NO_RAW_BREAK_CROSSING,P2,UNIFORM,PROCESSED,8ffc131a9166170b55bcfffb876e7f329b618a5b50337dea91c9da91d4232db1
9565,96,9,0.09375,,True,False,False,0,23,64,73,9,0.8767123287671232,,6.4545817749245264,1.6838566092903322,1.0963352717411063,4.191227465590679,5.104746197120111,6.048668079417146,,73,0,True,1,0,23,9,0,0,250.57857667476762,,179.44910757566933,,RAW_WINDOWS_DT30_DISTANCE400_V1,96,96,0,1.0,,96,7.083051468639264,1.711520230906875,5.058940435585849,,5,5,7.234840342969136e-10,0,0,0,0,1,1,250.57857667476762,NO_RAW_BREAK_CROSSING,P10,UNIFORM,PROCESSED,8b94f92ef659581bbf5f1c4dcc9676cc46d04482d3518539ebb785e4cfe50e94
2141,102,12,0.11764705882352941,,True,False,False,0,5,85,97,12,0.8762886597938144,,3.664752775780224,0.2730811349649918,0.11523235939819178,0.45878414206569873,1.0103948748111868,2.1629343419123197,,97,0,True,1,0,5,85,0,0,864.6351944855553,,808.0683048175705,,RAW_WINDOWS_DT30_DISTANCE400_V1,102,102,0,1.0,,102,28.98073602034228,1.0177446078287773,3.58653306568292,,5,5,8.323385147339204e-11,0,0,0,0,1,1,864.6351944855553,NO_RAW_BREAK_CROSSING,R0,UNIFORM,PROCESSED,a954ff948b3d03e6f203589d4e129bd57bfd842b2990af1c527e9cb3eb457b4e
2141,102,12,0.11764705882352941,,True,False,False,0,5,85,97,12,0.8762886597938144,,3.664752775780224,0.2730811349649918,0.11523235939819178,0.45878414206569873,1.0103948748111868,2.1629343419123197,,97,0,True,1,0,5,85,0,0,864.6351944855553,,808.0683048175705,,RAW_WINDOWS_DT30_DISTANCE400_V1,102,102,0,1.0,,102,28.98073602034228,1.0177446078287773,3.58653306568292,,5,5,8.323385147339204e-11,0,0,0,0,1,1,864.6351944855553,NO_RAW_BREAK_CROSSING,S0,UNIFORM,PROCESSED,996e5f00d52d6c1a85ec58fe572a6529acae74c1dc5f77a930c5d8589ec2f581
2141,102,12,0.11764705882352941,,True,False,False,0,5,85,97,12,0.8762886597938144,,3.664752775780224,0.2730811349649918,0.11523235939819178,0.45878414206569873,1.0103948748111868,2.1629343419123197,,97,0,True,1,0,5,85,0,0,864.6351944855553,,808.0683048175705,,RAW_WINDOWS_DT30_DISTANCE400_V1,102,102,0,1.0,,102,28.98073602034228,1.0177446078287773,3.58653306568292,,5,5,8.323385147339204e-11,0,0,0,0,1,1,864.6351944855553,NO_RAW_BREAK_CROSSING,S_POINTS2,UNIFORM,PROCESSED,9bd182cf2810acbe852893e5233c9ebc7b84a98702513581fb2c84e6602410b8
2141,102,12,0.11764705882352941,,True,False,False,0,5,85,97,12,0.8762886597938144,,3.664752775780224,0.2730811349649918,0.11523235939819178,0.45878414206569873,1.0103948748111868,2.1629343419123197,,97,0,True,1,0,5,85,0,0,864.6351944855553,,808.0683048175705,,RAW_WINDOWS_DT30_DISTANCE400_V1,102,102,0,1.0,,102,28.98073602034228,1.0177446078287773,3.58653306568292,,5,5,8.323385147339204e-11,0,0,0,0,1,1,864.6351944855553,NO_RAW_BREAK_CROSSING,S_LENGTH0,UNIFORM,PROCESSED,89c5e7a738d23f161733fecffa18ac10438f2b363389502db714eabe1a53fcfa
2141,102,12,0.11764705882352941,,True,False,False,0,1,89,101,12,0.8811881188118812,,4.016345979118625,0.34461631710994967,0.1711648035053301,0.4572312772047631,1.1183725726209812,3.4821264527888576,,101,0,True,1,0,1,85,0,0,864.6351944855553,,835.9990080123871,,RAW_WINDOWS_DT30_DISTANCE400_V1,102,102,0,1.0,,102,28.98073602034228,0.6253625887102666,2.051259273773816,,1,5,8.323385147339204e-11,0,0,0,0,1,1,864.6351944855553,NO_RAW_BREAK_CROSSING,D60,UNIFORM,PROCESSED,bc16656dfa97e65f6e4def991175fbabc29d986443f7156b71fb6a3c172f7866
2141,102,14,0.13725490196078433,,True,False,False,0,5,83,97,14,0.8556701030927836,,1.618410545860704,0.13157642186236315,0.050229903168006046,0.4572312772047631,0.4572312772047631,0.5036784479509915,,97,0,True,1,0,5,85,0,0,864.6351944855553,,809.5040784130874,,RAW_WINDOWS_DT30_DISTANCE400_V1,102,102,0,1.0,,102,28.98073602034228,0.8831764002703951,1.5603515824278937,,5,5,8.323385147339204e-11,0,0,0,0,1,1,864.6351944855553,NO_RAW_BREAK_CROSSING,P2,UNIFORM,PROCESSED,0ecef138d73e489608233d00f7cb1c7909fc74a9b0cf89382e5c07f7ce98a25c
2141,102,8,0.0784313725490196,,True,False,False,0,5,89,97,8,0.9175257731958762,,9.775488472435677,1.8201654013555244,0.7865000391597214,7.8061888065564595,7.8061888065564595,7.884960793191612,,97,0,True,1,0,5,85,0,0,864.6351944855553,,799.9700872744235,,RAW_WINDOWS_DT30_DISTANCE400_V1,102,102,0,1.0,,102,28.98073602034228,2.500691843192059,7.8061888065564595,,18,5,8.323385147339204e-11,0,0,0,0,1,1,864.6351944855553,NO_RAW_BREAK_CROSSING,P10,UNIFORM,PROCESSED,1d4ed17d0aea20608c6272bb3d74bd34cfdeae048d9bf0afaa667fda379d76c8
11193,99,6,0.06060606060606061,,True,False,False,0,0,93,99,6,0.9393939393939394,,1.7495489479379476,0.6268892611542344,0.5421597052257464,1.7495489479379476,1.7495489479379476,1.7495489479379476,,99,0,True,1,0,0,97,0,0,170.84834293672196,,127.04773290798825,,RAW_WINDOWS_DT30_DISTANCE400_V1,99,99,0,1.0,,99,1.7495489479379476,0.6268892611542344,1.7495489479379476,,0,5,2.612371233814667e-10,0,0,0,0,1,1,170.84834293672196,NO_RAW_BREAK_CROSSING,R0,UNIFORM,PROCESSED,95b3df7528d81a0b59c0674f09508d16cda87c5b575d1146f66c6e099a3bbf8f
11193,99,6,0.06060606060606061,,True,False,False,0,0,93,99,6,0.9393939393939394,,1.7495489479379476,0.6268892611542344,0.5421597052257464,1.7495489479379476,1.7495489479379476,1.7495489479379476,,99,0,True,1,0,0,97,0,0,170.84834293672196,,127.04773290798825,,RAW_WINDOWS_DT30_DISTANCE400_V1,99,99,0,1.0,,99,1.7495489479379476,0.6268892611542344,1.7495489479379476,,0,5,2.612371233814667e-10,0,0,0,0,1,1,170.84834293672196,NO_RAW_BREAK_CROSSING,S0,UNIFORM,PROCESSED,fe681b38565a5f38923071878f3e7ffbea1b6db353f8dc097eb940b1ef94c9ab
11193,99,6,0.06060606060606061,,True,False,False,0,0,93,99,6,0.9393939393939394,,1.7495489479379476,0.6268892611542344,0.5421597052257464,1.7495489479379476,1.7495489479379476,1.7495489479379476,,99,0,True,1,0,0,97,0,0,170.84834293672196,,127.04773290798825,,RAW_WINDOWS_DT30_DISTANCE400_V1,99,99,0,1.0,,99,1.7495489479379476,0.6268892611542344,1.7495489479379476,,0,5,2.612371233814667e-10,0,0,0,0,1,1,170.84834293672196,NO_RAW_BREAK_CROSSING,S_POINTS2,UNIFORM,PROCESSED,0f7da016493f1c3ddb7f2c0699a43ef4b584bad6e752243563fd9ce82fa186d2
11193,99,6,0.06060606060606061,,True,False,False,0,0,93,99,6,0.9393939393939394,,1.7495489479379476,0.6268892611542344,0.5421597052257464,1.7495489479379476,1.7495489479379476,1.7495489479379476,,99,0,True,1,0,0,97,0,0,170.84834293672196,,127.04773290798825,,RAW_WINDOWS_DT30_DISTANCE400_V1,99,99,0,1.0,,99,1.7495489479379476,0.6268892611542344,1.7495489479379476,,0,5,2.612371233814667e-10,0,0,0,0,1,1,170.84834293672196,NO_RAW_BREAK_CROSSING,S_LENGTH0,UNIFORM,PROCESSED,b946dca538656e41ddfa9ae2a7772ad7d8596a49a5c6a873a9a0fc3450963644
11193,99,6,0.06060606060606061,,True,False,False,0,0,93,99,6,0.9393939393939394,,1.7495489479379476,0.6268892611542344,0.5421597052257464,1.7495489479379476,1.7495489479379476,1.7495489479379476,,99,0,True,1,0,0,97,0,0,170.84834293672196,,127.04773290798825,,RAW_WINDOWS_DT30_DISTANCE400_V1,99,99,0,1.0,,99,1.7495489479379476,0.6268892611542344,1.7495489479379476,,0,5,2.612371233814667e-10,0,0,0,0,1,1,170.84834293672196,NO_RAW_BREAK_CROSSING,D60,UNIFORM,PROCESSED,29f1622f08361e9d72238f3404e8fa1541174fa9187fc2ee6c3653b7dec4e2ab
11193,99,6,0.06060606060606061,,True,False,False,0,0,93,99,6,0.9393939393939394,,1.7495489479379476,0.6268892611542344,0.5421597052257464,1.7495489479379476,1.7495489479379476,1.7495489479379476,,99,0,True,1,0,0,97,0,0,170.84834293672196,,127.04773290798825,,RAW_WINDOWS_DT30_DISTANCE400_V1,99,99,0,1.0,,99,1.7495489479379476,0.6268892611542344,1.7495489479379476,,0,5,2.612371233814667e-10,0,0,0,0,1,1,170.84834293672196,NO_RAW_BREAK_CROSSING,P2,UNIFORM,PROCESSED,82e03d2f9c75d824f621c1bcd71be044bae90da5a7ff01d75b8224dbf3df1e64
11193,99,3,0.030303030303030304,,True,False,False,0,0,96,99,3,0.9696969696969697,,6.669386788627921,1.4387666623076907,1.0931012095026948,4.344270881508205,4.536160767579479,6.669386788627921,,99,0,True,1,0,0,97,0,0,170.84834293672196,,58.26963188111199,,RAW_WINDOWS_DT30_DISTANCE400_V1,99,99,0,1.0,,99,6.669386788627921,1.4387666623076907,4.536160767579479,,3,5,2.612371233814667e-10,0,0,0,0,1,1,170.84834293672196,NO_RAW_BREAK_CROSSING,P10,UNIFORM,PROCESSED,3961ff804827c6acd0a4e0e077101b8094213307793db551e70edfd4ce734342
2286,100,0,0.0,,False,True,True,100,0,0,0,0,,EMPTY_DP_REFERENCE_DENOMINATOR,,,,,,,EMPTY_DP_REFERENCE,0,0,True,1,1,0,0,0,0,53.58921311142948,,,EMPTY_OUTPUT,RAW_WINDOWS_DT30_DISTANCE400_V1,100,0,100,0.0,,0,,,,NO_COVERED_RAW_POINTS,0,5,9.170371234104701e-11,0,0,0,0,1,0,53.58921311142948,NO_RAW_BREAK_CROSSING,R0,UNIFORM,ALL_FILTERED,f48f03e1fabb639f7486d93f8c3297946a066ca2f8a06d94bc59492979217c67
2286,100,2,0.02,,True,False,False,0,12,86,88,2,0.9772727272727273,,3.9899975360969684,1.2992211327187706,1.0952737517932172,2.778480313024119,3.4812589720232365,3.9307633637879373,,88,0,True,1,0,12,21,0,0,53.58921311142948,,10.536136164866956,,RAW_WINDOWS_DT30_DISTANCE400_V1,100,100,0,1.0,,100,3.9899975360969684,1.3548306008817506,3.4921227573176434,,0,5,9.170371234104701e-11,0,0,0,0,1,1,53.58921311142948,NO_RAW_BREAK_CROSSING,S0,UNIFORM,PROCESSED,6904a2cddc024421bc09e591696293a13903fc2be1c063089d45e5ddc33bad45
2286,100,0,0.0,,False,True,True,100,0,0,0,0,,EMPTY_DP_REFERENCE_DENOMINATOR,,,,,,,EMPTY_DP_REFERENCE,0,0,True,1,1,0,0,0,0,53.58921311142948,,,EMPTY_OUTPUT,RAW_WINDOWS_DT30_DISTANCE400_V1,100,0,100,0.0,,0,,,,NO_COVERED_RAW_POINTS,0,5,9.170371234104701e-11,0,0,0,0,1,0,53.58921311142948,NO_RAW_BREAK_CROSSING,S_POINTS2,UNIFORM,ALL_FILTERED,28f21681215972380a2d111f71e59bbf4cd2ffd50df62fe21bd3a6198fedd0dc
2286,100,2,0.02,,True,False,False,0,12,86,88,2,0.9772727272727273,,3.9899975360969684,1.2992211327187706,1.0952737517932172,2.778480313024119,3.4812589720232365,3.9307633637879373,,88,0,True,1,0,12,21,0,0,53.58921311142948,,10.536136164866956,,RAW_WINDOWS_DT30_DISTANCE400_V1,100,100,0,1.0,,100,3.9899975360969684,1.3548306008817506,3.4921227573176434,,0,5,9.170371234104701e-11,0,0,0,0,1,1,53.58921311142948,NO_RAW_BREAK_CROSSING,S_LENGTH0,UNIFORM,PROCESSED,92fba7549e1bf1f13a6720ec2acb4b25ee207706180d2467c1a235e3309f7ed0
2286,100,0,0.0,,False,True,True,100,0,0,0,0,,EMPTY_DP_REFERENCE_DENOMINATOR,,,,,,,EMPTY_DP_REFERENCE,0,0,True,1,1,0,0,0,0,53.58921311142948,,,EMPTY_OUTPUT,RAW_WINDOWS_DT30_DISTANCE400_V1,100,0,100,0.0,,0,,,,NO_COVERED_RAW_POINTS,0,5,9.170371234104701e-11,0,0,0,0,1,0,53.58921311142948,NO_RAW_BREAK_CROSSING,D60,UNIFORM,ALL_FILTERED,9440cb0cc058a64d6e4163a997ce71238c3644089dff68ccdc233dcfcf36069b
2286,100,0,0.0,,False,True,True,100,0,0,0,0,,EMPTY_DP_REFERENCE_DENOMINATOR,,,,,,,EMPTY_DP_REFERENCE,0,0,True,1,1,0,0,0,0,53.58921311142948,,,EMPTY_OUTPUT,RAW_WINDOWS_DT30_DISTANCE400_V1,100,0,100,0.0,,0,,,,NO_COVERED_RAW_POINTS,0,5,9.170371234104701e-11,0,0,0,0,1,0,53.58921311142948,NO_RAW_BREAK_CROSSING,P2,UNIFORM,ALL_FILTERED,f8ba33ad1aab25fd29bdac88f8ebc699da91252883eea5ae2569b110fd8bcd7c
2286,100,0,0.0,,False,True,True,100,0,0,0,0,,EMPTY_DP_REFERENCE_DENOMINATOR,,,,,,,EMPTY_DP_REFERENCE,0,0,True,1,1,0,0,0,0,53.58921311142948,,,EMPTY_OUTPUT,RAW_WINDOWS_DT30_DISTANCE400_V1,100,0,100,0.0,,0,,,,NO_COVERED_RAW_POINTS,0,5,9.170371234104701e-11,0,0,0,0,1,0,53.58921311142948,NO_RAW_BREAK_CROSSING,P10,UNIFORM,ALL_FILTERED,f4f9b3a909431198e414da6e25d1455ae2b845d8634a51443d4a9ef7a5480f72
4448,99,0,0.0,,False,True,True,99,0,0,0,0,,EMPTY_DP_REFERENCE_DENOMINATOR,,,,,,,EMPTY_DP_REFERENCE,0,0,True,1,1,0,0,0,0,22.81184523533954,,,EMPTY_OUTPUT,RAW_WINDOWS_DT30_DISTANCE400_V1,99,0,99,0.0,,0,,,,NO_COVERED_RAW_POINTS,0,5,2.0052073036362481e-10,0,0,0,0,1,0,22.81184523533954,NO_RAW_BREAK_CROSSING,R0,UNIFORM,ALL_FILTERED,62beda2fdfb6be0e2a290bdcb185d072cbe2d81d7e6851fd703dd49bdd05d153
4448,99,2,0.020202020202020204,,True,False,False,0,0,97,99,2,0.9797979797979798,,4.3825675740750665,2.1646063930765913,2.1650233768989007,3.6294850073406235,4.316041374793854,4.3825675740750665,,99,0,True,1,0,0,99,0,0,22.81184523533954,,5.423761854255961,,RAW_WINDOWS_DT30_DISTANCE400_V1,99,99,0,1.0,,99,4.3825675740750665,2.1646063930765913,4.316041374793854,,0,5,2.0052073036362481e-10,0,0,0,0,1,1,22.81184523533954,NO_RAW_BREAK_CROSSING,S0,UNIFORM,PROCESSED,9c596e90f59229da2122f0f811561e1a1bfdd352ed32cc927647ebb2d464862d
4448,99,0,0.0,,False,True,True,99,0,0,0,0,,EMPTY_DP_REFERENCE_DENOMINATOR,,,,,,,EMPTY_DP_REFERENCE,0,0,True,1,1,0,0,0,0,22.81184523533954,,,EMPTY_OUTPUT,RAW_WINDOWS_DT30_DISTANCE400_V1,99,0,99,0.0,,0,,,,NO_COVERED_RAW_POINTS,0,5,2.0052073036362481e-10,0,0,0,0,1,0,22.81184523533954,NO_RAW_BREAK_CROSSING,S_POINTS2,UNIFORM,ALL_FILTERED,366e9084d3a137b9a47bd4ffe96de98cf06fde7e22e62765aa091dd7e884cd8b
4448,99,2,0.020202020202020204,,True,False,False,0,0,97,99,2,0.9797979797979798,,4.3825675740750665,2.1646063930765913,2.1650233768989007,3.6294850073406235,4.316041374793854,4.3825675740750665,,99,0,True,1,0,0,99,0,0,22.81184523533954,,5.423761854255961,,RAW_WINDOWS_DT30_DISTANCE400_V1,99,99,0,1.0,,99,4.3825675740750665,2.1646063930765913,4.316041374793854,,0,5,2.0052073036362481e-10,0,0,0,0,1,1,22.81184523533954,NO_RAW_BREAK_CROSSING,S_LENGTH0,UNIFORM,PROCESSED,7583acc7874f34884645aad279d1527c63ef094f0b25187d2142e22cdf3f26fa
4448,99,0,0.0,,False,True,True,99,0,0,0,0,,EMPTY_DP_REFERENCE_DENOMINATOR,,,,,,,EMPTY_DP_REFERENCE,0,0,True,1,1,0,0,0,0,22.81184523533954,,,EMPTY_OUTPUT,RAW_WINDOWS_DT30_DISTANCE400_V1,99,0,99,0.0,,0,,,,NO_COVERED_RAW_POINTS,0,5,2.0052073036362481e-10,0,0,0,0,1,0,22.81184523533954,NO_RAW_BREAK_CROSSING,D60,UNIFORM,ALL_FILTERED,010e5257e2c5ab2905fc6328ec476206b0475f5dd6aef86188ccfd2c54e4aa42
4448,99,0,0.0,,False,True,True,99,0,0,0,0,,EMPTY_DP_REFERENCE_DENOMINATOR,,,,,,,EMPTY_DP_REFERENCE,0,0,True,1,1,0,0,0,0,22.81184523533954,,,EMPTY_OUTPUT,RAW_WINDOWS_DT30_DISTANCE400_V1,99,0,99,0.0,,0,,,,NO_COVERED_RAW_POINTS,0,5,2.0052073036362481e-10,0,0,0,0,1,0,22.81184523533954,NO_RAW_BREAK_CROSSING,P2,UNIFORM,ALL_FILTERED,eca3b987901b81752f5100e23832f3a2d3aa6ec9f7e6f4592eddb19779fbdcb3
4448,99,0,0.0,,False,True,True,99,0,0,0,0,,EMPTY_DP_REFERENCE_DENOMINATOR,,,,,,,EMPTY_DP_REFERENCE,0,0,True,1,1,0,0,0,0,22.81184523533954,,,EMPTY_OUTPUT,RAW_WINDOWS_DT30_DISTANCE400_V1,99,0,99,0.0,,0,,,,NO_COVERED_RAW_POINTS,0,5,2.0052073036362481e-10,0,0,0,0,1,0,22.81184523533954,NO_RAW_BREAK_CROSSING,P10,UNIFORM,ALL_FILTERED,971d31c50baa47afa34e199b10ebbc236bf5d0d278d741a3a5871e361d633949
1628,100,16,0.16,,True,False,False,0,0,84,100,16,0.84,,4.8394197611986565,0.6921199174432414,0.17509793300803037,2.2819664488329723,4.241932987623459,4.404625034252811,,100,0,True,1,0,0,74,0,0,1784.634716955941,,1778.4781397381785,,RAW_WINDOWS_DT30_DISTANCE400_V1,100,100,0,1.0,,100,4.8394197611986565,0.6921199174432414,4.241932987623459,,0,5,1.4243054750431587e-10,0,0,0,0,1,1,1784.634716955941,NO_RAW_BREAK_CROSSING,R0,UNIFORM,PROCESSED,30e15e805a5614dd64f2d904af82913cb5cee8c74ebd57c2aeadc81f221b6041
1628,100,16,0.16,,True,False,False,0,0,84,100,16,0.84,,4.8394197611986565,0.6921199174432414,0.17509793300803037,2.2819664488329723,4.241932987623459,4.404625034252811,,100,0,True,1,0,0,74,0,0,1784.634716955941,,1778.4781397381785,,RAW_WINDOWS_DT30_DISTANCE400_V1,100,100,0,1.0,,100,4.8394197611986565,0.6921199174432414,4.241932987623459,,0,5,1.4243054750431587e-10,0,0,0,0,1,1,1784.634716955941,NO_RAW_BREAK_CROSSING,S0,UNIFORM,PROCESSED,c16c99af53abc82339c8fd9c2f52dc1b06193443843c6102ac8bb3d09990949f
1628,100,16,0.16,,True,False,False,0,0,84,100,16,0.84,,4.8394197611986565,0.6921199174432414,0.17509793300803037,2.2819664488329723,4.241932987623459,4.404625034252811,,100,0,True,1,0,0,74,0,0,1784.634716955941,,1778.4781397381785,,RAW_WINDOWS_DT30_DISTANCE400_V1,100,100,0,1.0,,100,4.8394197611986565,0.6921199174432414,4.241932987623459,,0,5,1.4243054750431587e-10,0,0,0,0,1,1,1784.634716955941,NO_RAW_BREAK_CROSSING,S_POINTS2,UNIFORM,PROCESSED,084d8c48822ae66bcfd0a235e5ef4a6a94234997210ade68247ea40fef4e89d2
1628,100,16,0.16,,True,False,False,0,0,84,100,16,0.84,,4.8394197611986565,0.6921199174432414,0.17509793300803037,2.2819664488329723,4.241932987623459,4.404625034252811,,100,0,True,1,0,0,74,0,0,1784.634716955941,,1778.4781397381785,,RAW_WINDOWS_DT30_DISTANCE400_V1,100,100,0,1.0,,100,4.8394197611986565,0.6921199174432414,4.241932987623459,,0,5,1.4243054750431587e-10,0,0,0,0,1,1,1784.634716955941,NO_RAW_BREAK_CROSSING,S_LENGTH0,UNIFORM,PROCESSED,ef54d066ba4fb00cd3ef40f54f2770804e219cb24370b1d1cebfb97b71e913e1
1628,100,16,0.16,,True,False,False,0,0,84,100,16,0.84,,4.8394197611986565,0.6921199174432414,0.17509793300803037,2.2819664488329723,4.241932987623459,4.404625034252811,,100,0,True,1,0,0,74,0,0,1784.634716955941,,1778.4781397381785,,RAW_WINDOWS_DT30_DISTANCE400_V1,100,100,0,1.0,,100,4.8394197611986565,0.6921199174432414,4.241932987623459,,0,5,1.4243054750431587e-10,0,0,0,0,1,1,1784.634716955941,NO_RAW_BREAK_CROSSING,D60,UNIFORM,PROCESSED,bd8c214326a340bf372fd3a4ab7298f3c8eb694e656811c3461d8ed3baa0fddc
1628,100,25,0.25,,True,False,False,0,0,75,100,25,0.75,,1.6498547746672516,0.16002739165940685,0.0,0.382237610260242,0.6652948871868484,1.4401031102369424,,100,0,True,1,0,0,74,0,0,1784.634716955941,,1784.169231457904,,RAW_WINDOWS_DT30_DISTANCE400_V1,100,100,0,1.0,,100,1.6498547746672516,0.16002739165940685,0.6652948871868484,,0,5,1.4243054750431587e-10,0,0,0,0,1,1,1784.634716955941,NO_RAW_BREAK_CROSSING,P2,UNIFORM,PROCESSED,4bdb7957d52c422a26bc8c312f54be51aa00239da8e08e9d7097efebafad58a6
1628,100,12,0.12,,True,False,False,0,0,88,100,12,0.88,,7.784473338154239,1.3035026112854613,0.2368566126398834,4.865262391450158,5.583675098764823,6.81344274501561,,100,0,True,1,0,0,74,0,0,1784.634716955941,,1768.133640319272,,RAW_WINDOWS_DT30_DISTANCE400_V1,100,100,0,1.0,,100,7.784473338154239,1.3035026112854613,5.583675098764823,,10,5,1.4243054750431587e-10,0,0,0,0,1,1,1784.634716955941,NO_RAW_BREAK_CROSSING,P10,UNIFORM,PROCESSED,6bf8eb3a23bda9c108ff8622d053ab253f1dffa5c40903b3202de1af2b1c3763
10169,104,19,0.18269230769230768,,True,False,False,0,1,84,103,19,0.8155339805825242,,4.375646190255968,1.287268328699819,0.8700272682160485,4.048561899205739,4.375646190255968,4.375646190255968,,103,0,True,1,0,1,84,0,0,1838.5735709309322,,1830.1391198668239,,RAW_WINDOWS_DT30_DISTANCE400_V1,104,104,0,1.0,,104,12.164480894087728,1.391856911059318,4.375646190255968,,1,5,3.6748583312562527e-10,0,0,0,0,1,1,1838.5735709309322,NO_RAW_BREAK_CROSSING,R0,UNIFORM,PROCESSED,a6db3797370bc9e36b1f6b3474ee352a87d9678d1f01a7745f78a248eff6c995
10169,104,19,0.18269230769230768,,True,False,False,0,1,84,103,19,0.8155339805825242,,4.375646190255968,1.287268328699819,0.8700272682160485,4.048561899205739,4.375646190255968,4.375646190255968,,103,0,True,1,0,1,84,0,0,1838.5735709309322,,1830.1391198668239,,RAW_WINDOWS_DT30_DISTANCE400_V1,104,104,0,1.0,,104,12.164480894087728,1.391856911059318,4.375646190255968,,1,5,3.6748583312562527e-10,0,0,0,0,1,1,1838.5735709309322,NO_RAW_BREAK_CROSSING,S0,UNIFORM,PROCESSED,2bd3138966923c5f6b95036cd9a105d114318de876a2e42442bf008dfa716861
10169,104,19,0.18269230769230768,,True,False,False,0,1,84,103,19,0.8155339805825242,,4.375646190255968,1.287268328699819,0.8700272682160485,4.048561899205739,4.375646190255968,4.375646190255968,,103,0,True,1,0,1,84,0,0,1838.5735709309322,,1830.1391198668239,,RAW_WINDOWS_DT30_DISTANCE400_V1,104,104,0,1.0,,104,12.164480894087728,1.391856911059318,4.375646190255968,,1,5,3.6748583312562527e-10,0,0,0,0,1,1,1838.5735709309322,NO_RAW_BREAK_CROSSING,S_POINTS2,UNIFORM,PROCESSED,810fe10ee376f66b21330b3ef15bf76a6bced0733b657acdfae1648fd6aeb31b
10169,104,19,0.18269230769230768,,True,False,False,0,1,84,103,19,0.8155339805825242,,4.375646190255968,1.287268328699819,0.8700272682160485,4.048561899205739,4.375646190255968,4.375646190255968,,103,0,True,1,0,1,84,0,0,1838.5735709309322,,1830.1391198668239,,RAW_WINDOWS_DT30_DISTANCE400_V1,104,104,0,1.0,,104,12.164480894087728,1.391856911059318,4.375646190255968,,1,5,3.6748583312562527e-10,0,0,0,0,1,1,1838.5735709309322,NO_RAW_BREAK_CROSSING,S_LENGTH0,UNIFORM,PROCESSED,523f2de9b5ff4c32c413966eecb90b2cbb4244eb1d42d1e5e293d658b4ec68b3
10169,104,19,0.18269230769230768,,True,False,False,0,0,85,104,19,0.8173076923076923,,4.375646190255968,1.3033875163025002,0.8700272682160485,3.9931856865954947,4.375646190255968,4.375646190255968,,104,0,True,1,0,0,84,0,0,1838.5735709309322,,1834.0434676235084,,RAW_WINDOWS_DT30_DISTANCE400_V1,104,104,0,1.0,,104,4.375646190255968,1.3033875163025002,4.375646190255968,,0,5,3.6748583312562527e-10,0,0,0,0,1,1,1838.5735709309322,NO_RAW_BREAK_CROSSING,D60,UNIFORM,PROCESSED,77fef1f6e1f3a6afd9cc3645690125cefe9a36faaa978ca1f7a348d1fc4831bf
10169,104,23,0.22115384615384615,,True,False,False,0,1,80,103,23,0.7766990291262136,,1.9915885246799454,0.5222640884135579,0.0,1.2974576953906056,1.2974576953906056,1.7540965864780238,,103,0,True,1,0,1,84,0,0,1838.5735709309322,,1833.607931411415,,RAW_WINDOWS_DT30_DISTANCE400_V1,104,104,0,1.0,,104,12.164480894087728,0.6342084807758095,1.323525569860924,,1,5,3.6748583312562527e-10,0,0,0,0,1,1,1838.5735709309322,NO_RAW_BREAK_CROSSING,P2,UNIFORM,PROCESSED,124a110904ad5a9bbeffb9ce3948cc172b75b3bfb1504498eed8b979b0fd7f61
10169,104,12,0.11538461538461539,,True,False,False,0,1,91,103,12,0.883495145631068,,9.755170900816998,3.1284133618966266,3.190498926210325,7.66936395879692,7.66936395879692,8.041641589241015,,103,0,True,1,0,1,84,0,0,1838.5735709309322,,1811.9067041212102,,RAW_WINDOWS_DT30_DISTANCE400_V1,104,104,0,1.0,,104,13.436880565324042,3.22753323885266,7.66936395879692,,29,5,3.6748583312562527e-10,0,0,0,0,1,1,1838.5735709309322,NO_RAW_BREAK_CROSSING,P10,UNIFORM,PROCESSED,276b1cf9c18d37e9c3c40faeefcd9f511414a4adfc40485b2e3bee699bc8fa3b
7151,99,0,0.0,,False,True,True,99,0,0,0,0,,EMPTY_DP_REFERENCE_DENOMINATOR,,,,,,,EMPTY_DP_REFERENCE,0,0,True,1,1,0,0,0,0,31.01783649717342,,,EMPTY_OUTPUT,RAW_WINDOWS_DT30_DISTANCE400_V1,99,0,99,0.0,,0,,,,NO_COVERED_RAW_POINTS,0,5,4.865378954724564e-10,0,0,0,0,1,0,31.01783649717342,NO_RAW_BREAK_CROSSING,R0,UNIFORM,ALL_FILTERED,345b2bf22c1fee0cf21ea6cbe88eeb970d7bab5d6a4f6588cebb127d933881d7
7151,99,3,0.030303030303030304,,True,False,False,0,0,96,99,3,0.9696969696969697,,1.9431499227239695,0.851744268191992,0.8271662832695392,1.4452029142815828,1.6371551834764357,1.9431499227239695,,99,0,True,1,0,0,99,0,0,31.01783649717342,,21.27993176604454,,RAW_WINDOWS_DT30_DISTANCE400_V1,99,99,0,1.0,,99,1.9431499227239695,0.851744268191992,1.6371551834764357,,0,5,4.865378954724564e-10,0,0,0,0,1,1,31.01783649717342,NO_RAW_BREAK_CROSSING,S0,UNIFORM,PROCESSED,79a7cd7ba140ea52e2da822ef0d44dc72e9de0af186ab1ff2d872a5bd8bca5f1
7151,99,0,0.0,,False,True,True,99,0,0,0,0,,EMPTY_DP_REFERENCE_DENOMINATOR,,,,,,,EMPTY_DP_REFERENCE,0,0,True,1,1,0,0,0,0,31.01783649717342,,,EMPTY_OUTPUT,RAW_WINDOWS_DT30_DISTANCE400_V1,99,0,99,0.0,,0,,,,NO_COVERED_RAW_POINTS,0,5,4.865378954724564e-10,0,0,0,0,1,0,31.01783649717342,NO_RAW_BREAK_CROSSING,S_POINTS2,UNIFORM,ALL_FILTERED,50152693a4cd714c35f998aa8bf0211962bea0acafa0cad339d9bb41510b5d47
7151,99,3,0.030303030303030304,,True,False,False,0,0,96,99,3,0.9696969696969697,,1.9431499227239695,0.851744268191992,0.8271662832695392,1.4452029142815828,1.6371551834764357,1.9431499227239695,,99,0,True,1,0,0,99,0,0,31.01783649717342,,21.27993176604454,,RAW_WINDOWS_DT30_DISTANCE400_V1,99,99,0,1.0,,99,1.9431499227239695,0.851744268191992,1.6371551834764357,,0,5,4.865378954724564e-10,0,0,0,0,1,1,31.01783649717342,NO_RAW_BREAK_CROSSING,S_LENGTH0,UNIFORM,PROCESSED,76bc680442337146c9c2d81b68423f273fd98fc72be1e0d0a4a15c16b3a4b11c
7151,99,0,0.0,,False,True,True,99,0,0,0,0,,EMPTY_DP_REFERENCE_DENOMINATOR,,,,,,,EMPTY_DP_REFERENCE,0,0,True,1,1,0,0,0,0,31.01783649717342,,,EMPTY_OUTPUT,RAW_WINDOWS_DT30_DISTANCE400_V1,99,0,99,0.0,,0,,,,NO_COVERED_RAW_POINTS,0,5,4.865378954724564e-10,0,0,0,0,1,0,31.01783649717342,NO_RAW_BREAK_CROSSING,D60,UNIFORM,ALL_FILTERED,de4d4dfff4795e561d66fb8be6faf8a151093f2f0bf9bd5d52b8b57df85fb52e
7151,99,0,0.0,,False,True,True,99,0,0,0,0,,EMPTY_DP_REFERENCE_DENOMINATOR,,,,,,,EMPTY_DP_REFERENCE,0,0,True,1,1,0,0,0,0,31.01783649717342,,,EMPTY_OUTPUT,RAW_WINDOWS_DT30_DISTANCE400_V1,99,0,99,0.0,,0,,,,NO_COVERED_RAW_POINTS,0,5,4.865378954724564e-10,0,0,0,0,1,0,31.01783649717342,NO_RAW_BREAK_CROSSING,P2,UNIFORM,ALL_FILTERED,a1d4d629ddfcebe856807abb167898db9ea9a4fa04b51cf5c58d49beb9df3cd1
7151,99,0,0.0,,False,True,True,99,0,0,0,0,,EMPTY_DP_REFERENCE_DENOMINATOR,,,,,,,EMPTY_DP_REFERENCE,0,0,True,1,1,0,0,0,0,31.01783649717342,,,EMPTY_OUTPUT,RAW_WINDOWS_DT30_DISTANCE400_V1,99,0,99,0.0,,0,,,,NO_COVERED_RAW_POINTS,0,5,4.865378954724564e-10,0,0,0,0,1,0,31.01783649717342,NO_RAW_BREAK_CROSSING,P10,UNIFORM,ALL_FILTERED,5c8691ee60b24c542dd568d62b60adc8a671dd06cf2dacbf126e2468cfc3e74c
10547,102,13,0.12745098039215685,,True,False,False,0,1,88,101,13,0.8712871287128713,,4.63584033930871,1.3133632155361727,1.3304812125350336,2.159771680071778,2.159771680071778,4.185702616268256,,101,0,True,1,0,1,82,0,0,782.2360708812457,,773.5361964982828,,RAW_WINDOWS_DT30_DISTANCE400_V1,102,102,0,1.0,,102,4.63584033930871,1.3453528782648134,2.159771680071778,,0,5,1.7968471235648977e-10,0,0,0,0,1,1,782.2360708812457,NO_RAW_BREAK_CROSSING,R0,UNIFORM,PROCESSED,6c7614a61b9080f0643a258287c3e1387f1f7ee4dddf5549a4f9b485f6110897
10547,102,13,0.12745098039215685,,True,False,False,0,1,88,101,13,0.8712871287128713,,4.63584033930871,1.3133632155361727,1.3304812125350336,2.159771680071778,2.159771680071778,4.185702616268256,,101,0,True,1,0,1,82,0,0,782.2360708812457,,773.5361964982828,,RAW_WINDOWS_DT30_DISTANCE400_V1,102,102,0,1.0,,102,4.63584033930871,1.3453528782648134,2.159771680071778,,0,5,1.7968471235648977e-10,0,0,0,0,1,1,782.2360708812457,NO_RAW_BREAK_CROSSING,S0,UNIFORM,PROCESSED,a9f38f8c164caace68652363da92243bc7a3dd5180c66d548b292b55ebef1fa0
10547,102,13,0.12745098039215685,,True,False,False,0,1,88,101,13,0.8712871287128713,,4.63584033930871,1.3133632155361727,1.3304812125350336,2.159771680071778,2.159771680071778,4.185702616268256,,101,0,True,1,0,1,82,0,0,782.2360708812457,,773.5361964982828,,RAW_WINDOWS_DT30_DISTANCE400_V1,102,102,0,1.0,,102,4.63584033930871,1.3453528782648134,2.159771680071778,,0,5,1.7968471235648977e-10,0,0,0,0,1,1,782.2360708812457,NO_RAW_BREAK_CROSSING,S_POINTS2,UNIFORM,PROCESSED,5170170a908968a63cef668e959fd8ba57cd90f5d749b4b65edd4967655d9468
10547,102,13,0.12745098039215685,,True,False,False,0,1,88,101,13,0.8712871287128713,,4.63584033930871,1.3133632155361727,1.3304812125350336,2.159771680071778,2.159771680071778,4.185702616268256,,101,0,True,1,0,1,82,0,0,782.2360708812457,,773.5361964982828,,RAW_WINDOWS_DT30_DISTANCE400_V1,102,102,0,1.0,,102,4.63584033930871,1.3453528782648134,2.159771680071778,,0,5,1.7968471235648977e-10,0,0,0,0,1,1,782.2360708812457,NO_RAW_BREAK_CROSSING,S_LENGTH0,UNIFORM,PROCESSED,844b5c1ec31dcabdf17ac006e32c2a1073a4cf56408f866d1d6827d249e5feaa
10547,102,13,0.12745098039215685,,True,False,False,0,0,89,102,13,0.8725490196078431,,4.63584033930871,1.206041791336242,1.0840146316583277,2.159771680071778,2.7502733156231773,4.184729885208305,,102,0,True,1,0,0,82,0,0,782.2360708812457,,773.1919321609846,,RAW_WINDOWS_DT30_DISTANCE400_V1,102,102,0,1.0,,102,4.63584033930871,1.206041791336242,2.7502733156231773,,0,5,1.7968471235648977e-10,0,0,0,0,1,1,782.2360708812457,NO_RAW_BREAK_CROSSING,D60,UNIFORM,PROCESSED,ed204829136b226a3825d3ccce09425ad4ff0e0aa87c118e31e91d422fd979e5
10547,102,19,0.18627450980392157,,True,False,False,0,1,82,101,19,0.8118811881188119,,1.6289201145857932,0.4525482378345755,0.27269158359477164,1.0984635289505438,1.0984635289505438,1.1827451966052396,,101,0,True,1,0,1,82,0,0,782.2360708812457,,778.9459321902921,,RAW_WINDOWS_DT30_DISTANCE400_V1,102,102,0,1.0,,102,4.576308813857502,0.49297726308970224,1.0984635289505438,,0,5,1.7968471235648977e-10,0,0,0,0,1,1,782.2360708812457,NO_RAW_BREAK_CROSSING,P2,UNIFORM,PROCESSED,59a50db7037c02e3861993d2e417e3d5094aad23b0fba64169cb786f2a1aff95
10547,102,9,0.08823529411764706,,True,False,False,0,1,92,101,9,0.9108910891089109,,9.089114475804614,2.026355035005806,1.4617674932612739,4.136451191127945,5.745279445432151,8.665749858986278,,101,0,True,1,0,1,82,0,0,782.2360708812457,,765.8408817452846,,RAW_WINDOWS_DT30_DISTANCE400_V1,102,102,0,1.0,,102,9.089114475804614,2.051354581857293,5.729080983999042,,7,5,1.7968471235648977e-10,0,0,0,0,1,1,782.2360708812457,NO_RAW_BREAK_CROSSING,P10,UNIFORM,PROCESSED,91b2336c97faf888c7bc27a0b7bba1470526d8cb8a5252b78e021350152f1dd6
10796,98,0,0.0,,False,True,True,98,0,0,0,0,,EMPTY_DP_REFERENCE_DENOMINATOR,,,,,,,EMPTY_DP_REFERENCE,0,0,True,1,1,0,0,0,0,62.87336929954257,,,EMPTY_OUTPUT,RAW_WINDOWS_DT30_DISTANCE400_V1,98,0,98,0.0,,0,,,,NO_COVERED_RAW_POINTS,0,5,1.4952289576885785e-10,0,0,0,0,1,0,62.87336929954257,NO_RAW_BREAK_CROSSING,R0,UNIFORM,ALL_FILTERED,9719e55cacae974f3f6971d77d8024fe75b6a3cdf65c07b8ca687416061506ca
10796,98,4,0.04081632653061224,,True,False,False,0,12,82,86,4,0.9534883720930233,,3.783390600069488,1.0489589121599823,0.6257966692367216,2.235560997441313,2.98258019159994,3.783390600069488,,86,0,True,1,0,12,16,0,0,62.87336929954257,,26.511243293111512,,RAW_WINDOWS_DT30_DISTANCE400_V1,98,98,0,1.0,,98,3.783390600069488,0.9823431252817548,2.9639844383405594,,0,5,1.4952289576885785e-10,0,0,0,0,1,1,62.87336929954257,NO_RAW_BREAK_CROSSING,S0,UNIFORM,PROCESSED,17e7143dfde92147abe05855811d2bfab75a8c774b51810966b2d842b51cd37f
10796,98,0,0.0,,False,True,True,98,0,0,0,0,,EMPTY_DP_REFERENCE_DENOMINATOR,,,,,,,EMPTY_DP_REFERENCE,0,0,True,1,1,0,0,0,0,62.87336929954257,,,EMPTY_OUTPUT,RAW_WINDOWS_DT30_DISTANCE400_V1,98,0,98,0.0,,0,,,,NO_COVERED_RAW_POINTS,0,5,1.4952289576885785e-10,0,0,0,0,1,0,62.87336929954257,NO_RAW_BREAK_CROSSING,S_POINTS2,UNIFORM,ALL_FILTERED,b874f3081d287810901cddba43ee9daf3ff4a9b3693cb8fbd5bfeff2f701eff8
10796,98,4,0.04081632653061224,,True,False,False,0,12,82,86,4,0.9534883720930233,,3.783390600069488,1.0489589121599823,0.6257966692367216,2.235560997441313,2.98258019159994,3.783390600069488,,86,0,True,1,0,12,16,0,0,62.87336929954257,,26.511243293111512,,RAW_WINDOWS_DT30_DISTANCE400_V1,98,98,0,1.0,,98,3.783390600069488,0.9823431252817548,2.9639844383405594,,0,5,1.4952289576885785e-10,0,0,0,0,1,1,62.87336929954257,NO_RAW_BREAK_CROSSING,S_LENGTH0,UNIFORM,PROCESSED,680d0b87a20a67072a19ed1a18bf394e2d029661dd3d62abf16dfada4d2b2757
10796,98,0,0.0,,False,True,True,98,0,0,0,0,,EMPTY_DP_REFERENCE_DENOMINATOR,,,,,,,EMPTY_DP_REFERENCE,0,0,True,1,1,0,0,0,0,62.87336929954257,,,EMPTY_OUTPUT,RAW_WINDOWS_DT30_DISTANCE400_V1,98,0,98,0.0,,0,,,,NO_COVERED_RAW_POINTS,0,5,1.4952289576885785e-10,0,0,0,0,1,0,62.87336929954257,NO_RAW_BREAK_CROSSING,D60,UNIFORM,ALL_FILTERED,0667c3cb0d269e050ab2e9ddf5b56608f2e7cba5db54f94a793c9fdbaa969ee7
10796,98,0,0.0,,False,True,True,98,0,0,0,0,,EMPTY_DP_REFERENCE_DENOMINATOR,,,,,,,EMPTY_DP_REFERENCE,0,0,True,1,1,0,0,0,0,62.87336929954257,,,EMPTY_OUTPUT,RAW_WINDOWS_DT30_DISTANCE400_V1,98,0,98,0.0,,0,,,,NO_COVERED_RAW_POINTS,0,5,1.4952289576885785e-10,0,0,0,0,1,0,62.87336929954257,NO_RAW_BREAK_CROSSING,P2,UNIFORM,ALL_FILTERED,d72232f7711b39d8121be074e3216135dbddd0c129469b12bf93f09b0443ea6f
10796,98,0,0.0,,False,True,True,98,0,0,0,0,,EMPTY_DP_REFERENCE_DENOMINATOR,,,,,,,EMPTY_DP_REFERENCE,0,0,True,1,1,0,0,0,0,62.87336929954257,,,EMPTY_OUTPUT,RAW_WINDOWS_DT30_DISTANCE400_V1,98,0,98,0.0,,0,,,,NO_COVERED_RAW_POINTS,0,5,1.4952289576885785e-10,0,0,0,0,1,0,62.87336929954257,NO_RAW_BREAK_CROSSING,P10,UNIFORM,ALL_FILTERED,63785be01f02800d96584a6ea165cf1a9443991edc607576c91e143e7e06ea1f
7831,100,0,0.0,,False,True,True,100,0,0,0,0,,EMPTY_DP_REFERENCE_DENOMINATOR,,,,,,,EMPTY_DP_REFERENCE,0,0,True,1,1,0,0,0,0,19.146061845208994,,,EMPTY_OUTPUT,RAW_WINDOWS_DT30_DISTANCE400_V1,100,0,100,0.0,,0,,,,NO_COVERED_RAW_POINTS,0,5,5.803552828102924e-11,0,0,0,0,1,0,19.146061845208994,NO_RAW_BREAK_CROSSING,R0,UNIFORM,ALL_FILTERED,9c1f3fc81a757e495215aa11edcfbeb571cfb5d49653881a97c0ed63a8295a2f
7831,100,2,0.02,,True,False,False,0,0,98,100,2,0.98,,3.9123660910012106,1.281252533406282,0.5901460049911825,3.1637496814349375,3.836423405404103,3.9123660910012106,,100,0,True,1,0,0,100,0,0,19.146061845208994,,8.97683244911915,,RAW_WINDOWS_DT30_DISTANCE400_V1,100,100,0,1.0,,100,3.9123660910012106,1.281252533406282,3.836423405404103,,0,5,5.803552828102924e-11,0,0,0,0,1,1,19.146061845208994,NO_RAW_BREAK_CROSSING,S0,UNIFORM,PROCESSED,98cc24ac8f738a27a4456c38fcb4399afedba818c581d2c7e5ca4d98aa95e929
7831,100,0,0.0,,False,True,True,100,0,0,0,0,,EMPTY_DP_REFERENCE_DENOMINATOR,,,,,,,EMPTY_DP_REFERENCE,0,0,True,1,1,0,0,0,0,19.146061845208994,,,EMPTY_OUTPUT,RAW_WINDOWS_DT30_DISTANCE400_V1,100,0,100,0.0,,0,,,,NO_COVERED_RAW_POINTS,0,5,5.803552828102924e-11,0,0,0,0,1,0,19.146061845208994,NO_RAW_BREAK_CROSSING,S_POINTS2,UNIFORM,ALL_FILTERED,4ae9694fda2eed850e54224f78a93ea3069729d6b0ba6ccd9c4cda40dec40261
7831,100,2,0.02,,True,False,False,0,0,98,100,2,0.98,,3.9123660910012106,1.281252533406282,0.5901460049911825,3.1637496814349375,3.836423405404103,3.9123660910012106,,100,0,True,1,0,0,100,0,0,19.146061845208994,,8.97683244911915,,RAW_WINDOWS_DT30_DISTANCE400_V1,100,100,0,1.0,,100,3.9123660910012106,1.281252533406282,3.836423405404103,,0,5,5.803552828102924e-11,0,0,0,0,1,1,19.146061845208994,NO_RAW_BREAK_CROSSING,S_LENGTH0,UNIFORM,PROCESSED,e0b84b00c89c3f105a33852ef0018bba4f7e35719644bd45de97e12b065a339b
7831,100,0,0.0,,False,True,True,100,0,0,0,0,,EMPTY_DP_REFERENCE_DENOMINATOR,,,,,,,EMPTY_DP_REFERENCE,0,0,True,1,1,0,0,0,0,19.146061845208994,,,EMPTY_OUTPUT,RAW_WINDOWS_DT30_DISTANCE400_V1,100,0,100,0.0,,0,,,,NO_COVERED_RAW_POINTS,0,5,5.803552828102924e-11,0,0,0,0,1,0,19.146061845208994,NO_RAW_BREAK_CROSSING,D60,UNIFORM,ALL_FILTERED,51255bfee9e1da87c66cb0969a08829dc57c1c79727e1f5405e94d74f74b0d0d
7831,100,0,0.0,,False,True,True,100,0,0,0,0,,EMPTY_DP_REFERENCE_DENOMINATOR,,,,,,,EMPTY_DP_REFERENCE,0,0,True,1,1,0,0,0,0,19.146061845208994,,,EMPTY_OUTPUT,RAW_WINDOWS_DT30_DISTANCE400_V1,100,0,100,0.0,,0,,,,NO_COVERED_RAW_POINTS,0,5,5.803552828102924e-11,0,0,0,0,1,0,19.146061845208994,NO_RAW_BREAK_CROSSING,P2,UNIFORM,ALL_FILTERED,db8c993bd4f148ad8885f185740d6e6f347dfe8927f5772d1a3b2ddd404606b4
7831,100,0,0.0,,False,True,True,100,0,0,0,0,,EMPTY_DP_REFERENCE_DENOMINATOR,,,,,,,EMPTY_DP_REFERENCE,0,0,True,1,1,0,0,0,0,19.146061845208994,,,EMPTY_OUTPUT,RAW_WINDOWS_DT30_DISTANCE400_V1,100,0,100,0.0,,0,,,,NO_COVERED_RAW_POINTS,0,5,5.803552828102924e-11,0,0,0,0,1,0,19.146061845208994,NO_RAW_BREAK_CROSSING,P10,UNIFORM,ALL_FILTERED,25fc69e340cfbd62a726e1d8d74a461845ffb2cc0f89969048088c11fe320741
4805,99,0,0.0,,False,True,True,99,0,0,0,0,,EMPTY_DP_REFERENCE_DENOMINATOR,,,,,,,EMPTY_DP_REFERENCE,0,0,True,1,1,0,0,0,0,24.710877975503045,,,EMPTY_OUTPUT,RAW_WINDOWS_DT30_DISTANCE400_V1,99,0,99,0.0,,0,,,,NO_COVERED_RAW_POINTS,0,5,2.63129038822691e-10,0,0,0,0,1,0,24.710877975503045,NO_RAW_BREAK_CROSSING,R0,UNIFORM,ALL_FILTERED,db0336f98d97fa5b1d9b8ff23ec92c86246830c12e3e17114910d886a203b758
4805,99,2,0.020202020202020204,,True,False,False,0,0,97,99,2,0.9797979797979798,,1.9701298273595198,0.4311644235449596,0.19956954585028347,1.6494250307858156,1.9025760204377204,1.9701298273595198,,99,0,True,1,0,0,99,0,0,24.710877975503045,,15.340632250761848,,RAW_WINDOWS_DT30_DISTANCE400_V1,99,99,0,1.0,,99,1.9701298273595198,0.4311644235449596,1.9025760204377204,,0,5,2.63129038822691e-10,0,0,0,0,1,1,24.710877975503045,NO_RAW_BREAK_CROSSING,S0,UNIFORM,PROCESSED,4162586dca7fe499436a275a2b1df4a4e042619dc94b03cdfe4e304a83e7db86
4805,99,0,0.0,,False,True,True,99,0,0,0,0,,EMPTY_DP_REFERENCE_DENOMINATOR,,,,,,,EMPTY_DP_REFERENCE,0,0,True,1,1,0,0,0,0,24.710877975503045,,,EMPTY_OUTPUT,RAW_WINDOWS_DT30_DISTANCE400_V1,99,0,99,0.0,,0,,,,NO_COVERED_RAW_POINTS,0,5,2.63129038822691e-10,0,0,0,0,1,0,24.710877975503045,NO_RAW_BREAK_CROSSING,S_POINTS2,UNIFORM,ALL_FILTERED,294cd6af5f553294a56635b8bdb33a965d411858d6433b63787f6f2a0e3a3cd8
4805,99,2,0.020202020202020204,,True,False,False,0,0,97,99,2,0.9797979797979798,,1.9701298273595198,0.4311644235449596,0.19956954585028347,1.6494250307858156,1.9025760204377204,1.9701298273595198,,99,0,True,1,0,0,99,0,0,24.710877975503045,,15.340632250761848,,RAW_WINDOWS_DT30_DISTANCE400_V1,99,99,0,1.0,,99,1.9701298273595198,0.4311644235449596,1.9025760204377204,,0,5,2.63129038822691e-10,0,0,0,0,1,1,24.710877975503045,NO_RAW_BREAK_CROSSING,S_LENGTH0,UNIFORM,PROCESSED,286d483f9a0a0a6b72f56293efe9fa237a648126bb03a5b64d3e5d4550353af9
4805,99,0,0.0,,False,True,True,99,0,0,0,0,,EMPTY_DP_REFERENCE_DENOMINATOR,,,,,,,EMPTY_DP_REFERENCE,0,0,True,1,1,0,0,0,0,24.710877975503045,,,EMPTY_OUTPUT,RAW_WINDOWS_DT30_DISTANCE400_V1,99,0,99,0.0,,0,,,,NO_COVERED_RAW_POINTS,0,5,2.63129038822691e-10,0,0,0,0,1,0,24.710877975503045,NO_RAW_BREAK_CROSSING,D60,UNIFORM,ALL_FILTERED,9827a6cb6824e6b16a42ca046f52a790dd8a4a623f2deae354ec94af6998fff3
4805,99,0,0.0,,False,True,True,99,0,0,0,0,,EMPTY_DP_REFERENCE_DENOMINATOR,,,,,,,EMPTY_DP_REFERENCE,0,0,True,1,1,0,0,0,0,24.710877975503045,,,EMPTY_OUTPUT,RAW_WINDOWS_DT30_DISTANCE400_V1,99,0,99,0.0,,0,,,,NO_COVERED_RAW_POINTS,0,5,2.63129038822691e-10,0,0,0,0,1,0,24.710877975503045,NO_RAW_BREAK_CROSSING,P2,UNIFORM,ALL_FILTERED,63c7c530f4fe8eded2e156879027cd5b4bd5a808f18e0a604e20958ccfe42ac8
4805,99,0,0.0,,False,True,True,99,0,0,0,0,,EMPTY_DP_REFERENCE_DENOMINATOR,,,,,,,EMPTY_DP_REFERENCE,0,0,True,1,1,0,0,0,0,24.710877975503045,,,EMPTY_OUTPUT,RAW_WINDOWS_DT30_DISTANCE400_V1,99,0,99,0.0,,0,,,,NO_COVERED_RAW_POINTS,0,5,2.63129038822691e-10,0,0,0,0,1,0,24.710877975503045,NO_RAW_BREAK_CROSSING,P10,UNIFORM,ALL_FILTERED,328cf1345be3ad641e688413638c4487c4c1ab451b0c3c7c37fca11255dbf05c
2232,42,25,0.5952380952380952,,True,False,False,0,3,14,39,25,0.3589743589743589,,4.500238823066859,0.8388140587554664,0.0,2.674711208191224,3.1793323544680856,4.181293864021638,,39,0,True,1,0,3,3,0,0,2191.458496883557,,2178.051401304959,,RAW_WINDOWS_DT30_DISTANCE400_V1,42,42,0,1.0,,42,7.991256299500661,1.1088403873657453,3.64147776800347,,1,5,2.1126792029323607e-10,0,0,0,0,1,1,2191.458496883557,NO_RAW_BREAK_CROSSING,R0,UNIFORM,PROCESSED,eace3ae337516d622350d43164df103f03281d4945e726118328d465fb9d266f
2232,42,25,0.5952380952380952,,True,False,False,0,3,14,39,25,0.3589743589743589,,4.500238823066859,0.8388140587554664,0.0,2.674711208191224,3.1793323544680856,4.181293864021638,,39,0,True,1,0,3,3,0,0,2191.458496883557,,2178.051401304959,,RAW_WINDOWS_DT30_DISTANCE400_V1,42,42,0,1.0,,42,7.991256299500661,1.1088403873657453,3.64147776800347,,1,5,2.1126792029323607e-10,0,0,0,0,1,1,2191.458496883557,NO_RAW_BREAK_CROSSING,S0,UNIFORM,PROCESSED,0d991b1945171631cab0c39e4420f5080f1933ffadecbf59d32f38063e68c2f9
2232,42,25,0.5952380952380952,,True,False,False,0,3,14,39,25,0.3589743589743589,,4.500238823066859,0.8388140587554664,0.0,2.674711208191224,3.1793323544680856,4.181293864021638,,39,0,True,1,0,3,3,0,0,2191.458496883557,,2178.051401304959,,RAW_WINDOWS_DT30_DISTANCE400_V1,42,42,0,1.0,,42,7.991256299500661,1.1088403873657453,3.64147776800347,,1,5,2.1126792029323607e-10,0,0,0,0,1,1,2191.458496883557,NO_RAW_BREAK_CROSSING,S_POINTS2,UNIFORM,PROCESSED,4576c6a7b81518a704c81dbbf862082ecba1c1912c46cc9b2cb15f89b320af24
2232,42,25,0.5952380952380952,,True,False,False,0,3,14,39,25,0.3589743589743589,,4.500238823066859,0.8388140587554664,0.0,2.674711208191224,3.1793323544680856,4.181293864021638,,39,0,True,1,0,3,3,0,0,2191.458496883557,,2178.051401304959,,RAW_WINDOWS_DT30_DISTANCE400_V1,42,42,0,1.0,,42,7.991256299500661,1.1088403873657453,3.64147776800347,,1,5,2.1126792029323607e-10,0,0,0,0,1,1,2191.458496883557,NO_RAW_BREAK_CROSSING,S_LENGTH0,UNIFORM,PROCESSED,f03a47f5d296bf99b3f25b6c06a69ac7acede83b32f621b40c76ef1d20d07c40
2232,42,26,0.6190476190476191,,True,False,False,0,0,16,42,26,0.38095238095238093,,4.500238823066859,0.9470609712556671,0.0,3.088800817778378,3.6420550334169377,4.323211884071874,,42,0,True,1,0,0,3,0,0,2191.458496883557,,2184.208989960304,,RAW_WINDOWS_DT30_DISTANCE400_V1,42,42,0,1.0,,42,4.500238823066859,0.9470609712556671,3.6420550334169377,,0,5,2.1126792029323607e-10,0,0,0,0,1,1,2191.458496883557,NO_RAW_BREAK_CROSSING,D60,UNIFORM,PROCESSED,23510ae7a2a524a82710e0aa6e380bed710fd14a78ba22a5323cadedb08c27db
2232,42,34,0.8095238095238095,,True,False,False,0,3,5,39,34,0.1282051282051282,,1.9606133048928294,0.12778631355495507,0.0,0.32231674361831686,0.9152789919500651,1.7292557112355111,,39,0,True,1,0,3,3,0,0,2191.458496883557,,2181.851107355486,,RAW_WINDOWS_DT30_DISTANCE400_V1,42,42,0,1.0,,42,7.991256299500661,0.44860033825098483,2.5623553693651866,,1,5,2.1126792029323607e-10,0,0,0,0,1,1,2191.458496883557,NO_RAW_BREAK_CROSSING,P2,UNIFORM,PROCESSED,89aa2bab53dbfb7ea36198a36a14214da7d41bba048b9679095cc45f3a1d3597
2232,42,12,0.2857142857142857,,True,False,False,0,3,27,39,12,0.6923076923076923,,9.101695723609714,3.289618921922355,2.9054082387684987,7.773000198349738,8.363083220577238,8.834616553468255,,39,0,True,1,0,3,3,0,0,2191.458496883557,,2097.5419391550104,,RAW_WINDOWS_DT30_DISTANCE400_V1,42,42,0,1.0,,42,10.453036364814075,3.5945456313046744,9.066553727538466,,14,5,2.1126792029323607e-10,0,0,0,0,1,1,2191.458496883557,NO_RAW_BREAK_CROSSING,P10,UNIFORM,PROCESSED,0db991f78f8b2d9a09568f90953b1c5079f19412ba8f7e815d151e6f925d81b9
7764,122,48,0.39344262295081966,,True,False,False,0,31,43,91,48,0.4725274725274725,,4.826419900439255,0.7673505902203562,0.0,2.7451354093080385,3.7563831760806448,4.49422456626204,,91,0,True,3,0,31,9,0,0,6452.241437726075,,5673.106999933484,,RAW_WINDOWS_DT30_DISTANCE400_V1,122,122,0,1.0,,122,40.214764334442535,3.186293237626866,18.38007768829848,,19,5,2.7017536949079056e-10,2,0,0,0,3,3,6415.594365842431,NO_RAW_BREAK_CROSSING,R0,UNIFORM,PROCESSED,705ebbc2dbe929561c2c8702ebdce34b5dc6518ebf88233d9210b877dc7d4dc5
7764,122,48,0.39344262295081966,,True,False,False,0,31,43,91,48,0.4725274725274725,,4.826419900439255,0.7673505902203562,0.0,2.7451354093080385,3.7563831760806448,4.49422456626204,,91,0,True,3,0,31,9,0,0,6452.241437726075,,5673.106999933484,,RAW_WINDOWS_DT30_DISTANCE400_V1,122,122,0,1.0,,122,40.214764334442535,3.186293237626866,18.38007768829848,,19,5,2.7017536949079056e-10,2,0,0,0,3,3,6415.594365842431,NO_RAW_BREAK_CROSSING,S0,UNIFORM,PROCESSED,fc976148cf763e4ebbe54d0397aa229f0181f5006f2bcdb8eb84ecfc7dafce43
7764,122,48,0.39344262295081966,,True,False,False,0,31,43,91,48,0.4725274725274725,,4.826419900439255,0.7673505902203562,0.0,2.7451354093080385,3.7563831760806448,4.49422456626204,,91,0,True,3,0,31,9,0,0,6452.241437726075,,5673.106999933484,,RAW_WINDOWS_DT30_DISTANCE400_V1,122,122,0,1.0,,122,40.214764334442535,3.186293237626866,18.38007768829848,,19,5,2.7017536949079056e-10,2,0,0,0,3,3,6415.594365842431,NO_RAW_BREAK_CROSSING,S_POINTS2,UNIFORM,PROCESSED,cd83cf000648f21364f5ebf5977234a2d18c25edf6b9dc3e2516ac176d11536e
7764,122,48,0.39344262295081966,,True,False,False,0,31,43,91,48,0.4725274725274725,,4.826419900439255,0.7673505902203562,0.0,2.7451354093080385,3.7563831760806448,4.49422456626204,,91,0,True,3,0,31,9,0,0,6452.241437726075,,5673.106999933484,,RAW_WINDOWS_DT30_DISTANCE400_V1,122,122,0,1.0,,122,40.214764334442535,3.186293237626866,18.38007768829848,,19,5,2.7017536949079056e-10,2,0,0,0,3,3,6415.594365842431,NO_RAW_BREAK_CROSSING,S_LENGTH0,UNIFORM,PROCESSED,7a2f97f7cdbc329a4aa8929900758264340fdd8a6542305fa6bcb06535fb6295
7764,122,52,0.4262295081967213,,True,False,False,0,20,50,102,52,0.4901960784313726,,4.826419900439255,0.7550606400352278,0.0,2.524699014431124,3.8735338313849743,4.456772551711954,,102,0,True,3,0,20,9,0,0,6452.241437726075,,5757.019993134614,,RAW_WINDOWS_DT30_DISTANCE400_V1,122,122,0,1.0,,122,40.214764334442535,2.090299340163047,9.228240991789646,,12,5,2.7017536949079056e-10,2,0,0,0,3,3,6415.594365842431,NO_RAW_BREAK_CROSSING,D60,UNIFORM,PROCESSED,a2e4afcbed8a4e4a302618ca2bf293cd5e0cec1c4bedd21b18913e16ea9d33ee
7764,122,62,0.5081967213114754,,True,False,False,0,31,29,91,62,0.31868131868131866,,1.8959774434600742,0.26012521540507366,0.0,1.0803851145974575,1.4969359848336752,1.8064751040937024,,91,0,True,3,0,31,9,0,0,6452.241437726075,,5726.547677822753,,RAW_WINDOWS_DT30_DISTANCE400_V1,122,122,0,1.0,,122,42.54590394990599,2.771854016103064,18.37253509334234,,18,5,2.7017536949079056e-10,2,0,0,0,3,3,6415.594365842431,NO_RAW_BREAK_CROSSING,P2,UNIFORM,PROCESSED,21cecdb96fffa31a6331f29752e88c8163657a485ff6dafd42116c2db4c3d768
7764,122,35,0.28688524590163933,,True,False,False,0,31,56,91,35,0.6153846153846154,,9.570623116182189,1.9295060371903734,0.7680150237113677,5.493215864604006,6.382104972101626,8.609271515226226,,91,0,True,3,0,31,9,0,0,6452.241437726075,,5645.562489761469,,RAW_WINDOWS_DT30_DISTANCE400_V1,122,122,0,1.0,,122,40.214764334442535,4.121878736146699,20.936231554584204,,33,5,2.7017536949079056e-10,2,0,0,0,3,3,6415.594365842431,NO_RAW_BREAK_CROSSING,P10,UNIFORM,PROCESSED,c3d2b9dbf8aac21e85ab4a45ee1a4a5fe4c19bd0b2036238dc209719a8b4a24f
2197,96,8,0.08333333333333333,,True,False,False,1,38,49,57,8,0.8596491228070176,,4.908395862069723,1.2156424185576016,0.8471741744185227,3.0073470473753687,3.9478582652486933,4.716449320468036,,57,0,True,4,1,38,9,0,0,226.9196965581294,,60.75824112340358,,RAW_WINDOWS_DT30_DISTANCE400_V1,96,95,1,0.9895833333333334,,95,9.016289825206236,1.695415871138608,4.6000904767519595,,3,5,5.512653806204798e-10,3,0,0,1,4,3,218.7372616355006,NO_RAW_BREAK_CROSSING,R0,UNIFORM,PROCESSED,6afef13df3e37742b0e16b9d486a6be60db1362909eacd23de50dbbb74bd3e53
2197,96,8,0.08333333333333333,,True,False,False,1,38,49,57,8,0.8596491228070176,,4.908395862069723,1.2156424185576016,0.8471741744185227,3.0073470473753687,3.9478582652486933,4.716449320468036,,57,0,True,4,1,38,9,0,0,226.9196965581294,,60.75824112340358,,RAW_WINDOWS_DT30_DISTANCE400_V1,96,95,1,0.9895833333333334,,95,9.016289825206236,1.695415871138608,4.6000904767519595,,3,5,5.512653806204798e-10,3,0,0,1,4,3,218.7372616355006,NO_RAW_BREAK_CROSSING,S0,UNIFORM,PROCESSED,978e0ec6b00c54a980b4292838ed0ff8db5d29c79a1f6a595dbca02dcf49559c
2197,96,8,0.08333333333333333,,True,False,False,1,38,49,57,8,0.8596491228070176,,4.908395862069723,1.2156424185576016,0.8471741744185227,3.0073470473753687,3.9478582652486933,4.716449320468036,,57,0,True,4,1,38,9,0,0,226.9196965581294,,60.75824112340358,,RAW_WINDOWS_DT30_DISTANCE400_V1,96,95,1,0.9895833333333334,,95,9.016289825206236,1.695415871138608,4.6000904767519595,,3,5,5.512653806204798e-10,3,0,0,1,4,3,218.7372616355006,NO_RAW_BREAK_CROSSING,S_POINTS2,UNIFORM,PROCESSED,fdde061cb61dcb6b8c9c61a55c0b2b4239960a3054c908179cdd716567d8dc6d
2197,96,8,0.08333333333333333,,True,False,False,1,38,49,57,8,0.8596491228070176,,4.908395862069723,1.2156424185576016,0.8471741744185227,3.0073470473753687,3.9478582652486933,4.716449320468036,,57,0,True,4,1,38,9,0,0,226.9196965581294,,60.75824112340358,,RAW_WINDOWS_DT30_DISTANCE400_V1,96,95,1,0.9895833333333334,,95,9.016289825206236,1.695415871138608,4.6000904767519595,,3,5,5.512653806204798e-10,3,0,0,1,4,3,218.7372616355006,NO_RAW_BREAK_CROSSING,S_LENGTH0,UNIFORM,PROCESSED,610fb37130396cfb856bd845ba69dd0d37b8b424f60634b26292c45f8734a66b
2197,96,8,0.08333333333333333,,True,False,False,1,23,64,72,8,0.8888888888888888,,4.908395862069723,1.319256886080529,0.9208361315617539,3.313792406093075,4.007093339979548,4.665035068253302,,72,0,True,4,1,23,9,0,0,226.9196965581294,,60.75824112340358,,RAW_WINDOWS_DT30_DISTANCE400_V1,96,95,1,0.9895833333333334,,95,9.016289825206236,1.695415871138608,4.6000904767519595,,3,5,5.512653806204798e-10,3,0,0,1,4,3,218.7372616355006,NO_RAW_BREAK_CROSSING,D60,UNIFORM,PROCESSED,73259db809311309d451186fd7155a0dea80c6c6e88c4deadf9cfcf3adc5b3d7
2197,96,18,0.1875,,True,False,False,1,38,39,57,18,0.6842105263157895,,1.6520308724395074,0.46665674688142433,0.38507911479267704,1.2704735623961407,1.3730070250856734,1.6042925632281944,,57,0,True,4,1,38,9,0,0,226.9196965581294,,129.79836274233685,,RAW_WINDOWS_DT30_DISTANCE400_V1,96,95,1,0.9895833333333334,,95,7.385731019286879,1.2330411588504402,3.9451134367456424,,3,5,5.512653806204798e-10,3,0,0,1,4,3,218.7372616355006,NO_RAW_BREAK_CROSSING,P2,UNIFORM,PROCESSED,77715d7a66bef7a5ed838f6c46e307699d5bca2ac0ad5fb58e8d8cacd5d4a602
2197,96,6,0.0625,,True,False,False,1,38,51,57,6,0.8947368421052632,,9.760615699324196,2.5006464508176798,1.5742531421750527,6.078609241764303,7.60432310499182,9.041155697068664,,57,0,True,4,1,38,9,0,0,226.9196965581294,,33.705933983699,,RAW_WINDOWS_DT30_DISTANCE400_V1,96,95,1,0.9895833333333334,,95,9.760615699324196,2.8872178910132753,8.169974947244373,,16,5,5.512653806204798e-10,3,0,0,1,4,3,218.7372616355006,NO_RAW_BREAK_CROSSING,P10,UNIFORM,PROCESSED,5cc8c5b9821cf14675ac1fd73afa0ecd8519ec110e0fab9a92080b1824ec810e
6876,29,16,0.5517241379310345,,True,False,False,3,0,10,26,16,0.3846153846153846,,4.072169021700882,0.8369588239515687,0.0,3.6315279989754368,3.772106259131597,3.998108036994566,,26,0,True,2,1,0,3,0,0,3173.4372920911283,,2888.2390314357417,,RAW_WINDOWS_DT30_DISTANCE400_V1,29,26,3,0.896551724137931,,26,4.072169021700882,0.8369588239515687,3.772106259131597,,0,5,1.3104524601120637e-10,1,0,0,1,2,1,2945.7861301147263,NO_RAW_BREAK_CROSSING,R0,UNIFORM,PROCESSED,424bf8bfda3bc6a6e9b6d0ce2a6d4ed4dac114f78cfcb560d82cd0c6236fd7e9
6876,29,19,0.6551724137931034,,True,False,False,0,0,10,29,19,0.3448275862068966,,4.072169021700882,0.7503768766462341,0.0,3.5540549256209806,3.7698149648851835,3.9892207188298077,,29,0,True,2,0,0,6,0,0,3173.4372920911283,,2945.4223934423735,,RAW_WINDOWS_DT30_DISTANCE400_V1,29,29,0,1.0,,29,4.072169021700882,0.7503768766462341,3.7698149648851835,,0,5,1.3104524601120637e-10,1,0,0,0,2,2,2945.7861301147263,NO_RAW_BREAK_CROSSING,S0,UNIFORM,PROCESSED,a0c99ce72d3903a02b56de307c79f38157c70426b8125b0961a1701306658b69
6876,29,16,0.5517241379310345,,True,False,False,3,0,10,26,16,0.3846153846153846,,4.072169021700882,0.8369588239515687,0.0,3.6315279989754368,3.772106259131597,3.998108036994566,,26,0,True,2,1,0,3,0,0,3173.4372920911283,,2888.2390314357417,,RAW_WINDOWS_DT30_DISTANCE400_V1,29,26,3,0.896551724137931,,26,4.072169021700882,0.8369588239515687,3.772106259131597,,0,5,1.3104524601120637e-10,1,0,0,1,2,1,2945.7861301147263,NO_RAW_BREAK_CROSSING,S_POINTS2,UNIFORM,PROCESSED,bb0459295886e53f5f5610477540a200ac5198538dde53ec77dd7d8057054201
6876,29,16,0.5517241379310345,,True,False,False,3,0,10,26,16,0.3846153846153846,,4.072169021700882,0.8369588239515687,0.0,3.6315279989754368,3.772106259131597,3.998108036994566,,26,0,True,2,1,0,3,0,0,3173.4372920911283,,2888.2390314357417,,RAW_WINDOWS_DT30_DISTANCE400_V1,29,26,3,0.896551724137931,,26,4.072169021700882,0.8369588239515687,3.772106259131597,,0,5,1.3104524601120637e-10,1,0,0,1,2,1,2945.7861301147263,NO_RAW_BREAK_CROSSING,S_LENGTH0,UNIFORM,PROCESSED,3e725660e4886a8a1e3d7cff05447338d824672075e983e5ff4d64bf4cb7098a
6876,29,16,0.5517241379310345,,True,False,False,3,0,10,26,16,0.3846153846153846,,4.072169021700882,0.8369588239515687,0.0,3.6315279989754368,3.772106259131597,3.998108036994566,,26,0,True,2,1,0,3,0,0,3173.4372920911283,,2888.2390314357417,,RAW_WINDOWS_DT30_DISTANCE400_V1,29,26,3,0.896551724137931,,26,4.072169021700882,0.8369588239515687,3.772106259131597,,0,5,1.3104524601120637e-10,1,0,0,1,2,1,2945.7861301147263,NO_RAW_BREAK_CROSSING,D60,UNIFORM,PROCESSED,79666a370dc43cd4aad1d7b9957b8e6436aaff88276d1b52362395364020aaea
6876,29,18,0.6206896551724138,,True,False,False,3,0,8,26,18,0.3076923076923077,,0.8908333818989613,0.18656388271155672,0.0,0.7442510365748156,0.8075967386610752,0.8727160409310384,,26,0,True,2,1,0,3,0,0,3173.4372920911283,,2888.567947116103,,RAW_WINDOWS_DT30_DISTANCE400_V1,29,26,3,0.896551724137931,,26,0.8908333818989613,0.18656388271155672,0.8075967386610752,,0,5,1.3104524601120637e-10,1,0,0,1,2,1,2945.7861301147263,NO_RAW_BREAK_CROSSING,P2,UNIFORM,PROCESSED,7554e7fc529368b0072883a66100b288ecd457f5026d848ea5327fc4c9fa4869
6876,29,12,0.41379310344827586,,True,False,False,3,0,14,26,12,0.5384615384615384,,7.074145162615701,1.6579976570612254,0.1741882041967962,4.696960805281163,6.251535131002104,6.945974533224023,,26,0,True,2,1,0,3,0,0,3173.4372920911283,,2884.504367332399,,RAW_WINDOWS_DT30_DISTANCE400_V1,29,26,3,0.896551724137931,,26,7.074145162615701,1.6579976570612254,6.251535131002104,,3,5,1.3104524601120637e-10,1,0,0,1,2,1,2945.7861301147263,NO_RAW_BREAK_CROSSING,P10,UNIFORM,PROCESSED,97e5ea7cca329086686d33830b8194f994b61f63a90cd11e651d9f828154debb
7875,90,0,0.0,,False,True,True,90,0,0,0,0,,EMPTY_DP_REFERENCE_DENOMINATOR,,,,,,,EMPTY_DP_REFERENCE,0,0,True,8,8,0,0,0,0,185.1559355018573,,,EMPTY_OUTPUT,RAW_WINDOWS_DT30_DISTANCE400_V1,90,0,90,0.0,,0,,,,NO_COVERED_RAW_POINTS,0,5,7.622690551279358e-11,7,0,0,14,8,0,158.61136624936248,NO_RAW_BREAK_CROSSING,R0,UNIFORM,ALL_FILTERED,fc3c67bae8758fb566f3eed09875206cd207e0fe5dbb964b20ec19fa07f8fc00
7875,90,19,0.2111111111111111,,True,False,False,0,7,64,83,19,0.7710843373493976,,3.6469691710479974,0.7942252401577639,0.4710004616380563,1.9289651702998647,2.581366802520198,3.4144734218715675,,83,0,True,8,0,7,23,0,0,185.1559355018573,,140.88005762385373,,RAW_WINDOWS_DT30_DISTANCE400_V1,90,90,0,1.0,,90,3.6469691710479974,0.7645413348256679,2.5171807357334446,,0,5,7.622690551279358e-11,7,0,0,0,8,8,158.61136624936248,NO_RAW_BREAK_CROSSING,S0,UNIFORM,PROCESSED,c43b93e8857c5f41905056e3b3c5f36a654b74cad4046183fa7e28b29c184ba0
7875,90,0,0.0,,False,True,True,90,0,0,0,0,,EMPTY_DP_REFERENCE_DENOMINATOR,,,,,,,EMPTY_DP_REFERENCE,0,0,True,8,8,0,0,0,0,185.1559355018573,,,EMPTY_OUTPUT,RAW_WINDOWS_DT30_DISTANCE400_V1,90,0,90,0.0,,0,,,,NO_COVERED_RAW_POINTS,0,5,7.622690551279358e-11,7,0,0,14,8,0,158.61136624936248,NO_RAW_BREAK_CROSSING,S_POINTS2,UNIFORM,ALL_FILTERED,542d73973cc4f29a3bae952b3ed651c247024eac1d03f3e1b017d2e5414ae29b
7875,90,17,0.18888888888888888,,True,False,False,2,7,64,81,17,0.7901234567901234,,3.6469691710479974,0.8138357399147457,0.4757593874059535,1.9318910030708623,2.599705678744986,3.4201440499002635,,81,0,True,8,1,7,21,0,0,185.1559355018573,,140.573825395104,,RAW_WINDOWS_DT30_DISTANCE400_V1,90,88,2,0.9777777777777777,,88,3.6469691710479974,0.781917274253524,2.53551961195823,,0,5,7.622690551279358e-11,7,0,0,2,8,7,158.61136624936248,NO_RAW_BREAK_CROSSING,S_LENGTH0,UNIFORM,PROCESSED,deda186bdfbcfee6776c1ee194ca8515212015fe6538e933ab2011312472c324
7875,90,0,0.0,,False,True,True,90,0,0,0,0,,EMPTY_DP_REFERENCE_DENOMINATOR,,,,,,,EMPTY_DP_REFERENCE,0,0,True,8,8,0,0,0,0,185.1559355018573,,,EMPTY_OUTPUT,RAW_WINDOWS_DT30_DISTANCE400_V1,90,0,90,0.0,,0,,,,NO_COVERED_RAW_POINTS,0,5,7.622690551279358e-11,7,0,0,14,8,0,158.61136624936248,NO_RAW_BREAK_CROSSING,D60,UNIFORM,ALL_FILTERED,6cebe371878ebccfe34fbbe08c861fc89302f2710440f949b15b3fa58da0ace6
7875,90,0,0.0,,False,True,True,90,0,0,0,0,,EMPTY_DP_REFERENCE_DENOMINATOR,,,,,,,EMPTY_DP_REFERENCE,0,0,True,8,8,0,0,0,0,185.1559355018573,,,EMPTY_OUTPUT,RAW_WINDOWS_DT30_DISTANCE400_V1,90,0,90,0.0,,0,,,,NO_COVERED_RAW_POINTS,0,5,7.622690551279358e-11,7,0,0,14,8,0,158.61136624936248,NO_RAW_BREAK_CROSSING,P2,UNIFORM,ALL_FILTERED,37fdb5e180bdb7b61b14594753dd32d286b095d5f3884ca85bbeb7eb2fcce75a
7875,90,0,0.0,,False,True,True,90,0,0,0,0,,EMPTY_DP_REFERENCE_DENOMINATOR,,,,,,,EMPTY_DP_REFERENCE,0,0,True,8,8,0,0,0,0,185.1559355018573,,,EMPTY_OUTPUT,RAW_WINDOWS_DT30_DISTANCE400_V1,90,0,90,0.0,,0,,,,NO_COVERED_RAW_POINTS,0,5,7.622690551279358e-11,7,0,0,14,8,0,158.61136624936248,NO_RAW_BREAK_CROSSING,P10,UNIFORM,ALL_FILTERED,58f688f5f2300e784faccca0b6a17d5e83e3560a86aad97f2ca75d76a026b09f
1686,36,14,0.3888888888888889,,True,False,False,4,10,8,22,14,0.36363636363636365,,2.492966386540829,0.41084991898838796,0.0,1.0488881529964833,2.4211720627213205,2.4928629653576246,,22,0,True,5,2,10,9,0,0,3935.709974120749,,558.2359697134278,,RAW_WINDOWS_DT30_DISTANCE400_V1,36,32,4,0.8888888888888888,,32,73.97805462217451,10.183598327260508,61.44979353529629,,6,5,5.657019008637852e-10,4,0,0,4,5,3,833.901727124312,NO_RAW_BREAK_CROSSING,R0,UNIFORM,PROCESSED,83593c03eeabf85550c9cbf473c648e55d6a691e1740e1c69ebb946fc36f166d
1686,36,18,0.5,,True,False,False,0,10,8,26,18,0.3076923076923077,,2.492966386540829,0.3476422391440206,0.0,0.9786925056961587,2.135964694742425,2.492843266084633,,26,0,True,5,0,10,13,0,0,3935.709974120749,,650.2257323982341,,RAW_WINDOWS_DT30_DISTANCE400_V1,36,36,0,1.0,,36,73.97805462217451,9.052087402009342,60.11894933046085,,6,5,5.657019008637852e-10,4,0,0,0,5,5,833.901727124312,NO_RAW_BREAK_CROSSING,S0,UNIFORM,PROCESSED,2e904c0d524a2237645d7179d97cb331fca68dd9a97cb27df40b24bf8e70d350
1686,36,16,0.4444444444444444,,True,False,False,2,10,8,24,16,0.33333333333333337,,2.492966386540829,0.37661242573935566,0.0,1.0137903293463206,2.2785683787318702,2.492853115721129,,24,0,True,5,1,10,11,0,0,3935.709974120749,,637.6716624551998,,RAW_WINDOWS_DT30_DISTANCE400_V1,36,34,2,0.9444444444444444,,34,73.97805462217451,9.584563131539301,60.78437143287856,,6,5,5.657019008637852e-10,4,0,0,2,5,4,833.901727124312,NO_RAW_BREAK_CROSSING,S_POINTS2,UNIFORM,PROCESSED,2ad693f2e489605611074736f8c161d01e7830c53ae240f5490fe552a895ac65
1686,36,14,0.3888888888888889,,True,False,False,4,10,8,22,14,0.36363636363636365,,2.492966386540829,0.41084991898838796,0.0,1.0488881529964833,2.4211720627213205,2.4928629653576246,,22,0,True,5,2,10,9,0,0,3935.709974120749,,558.2359697134278,,RAW_WINDOWS_DT30_DISTANCE400_V1,36,32,4,0.8888888888888888,,32,73.97805462217451,10.183598327260508,61.44979353529629,,6,5,5.657019008637852e-10,4,0,0,4,5,3,833.901727124312,NO_RAW_BREAK_CROSSING,S_LENGTH0,UNIFORM,PROCESSED,e9735230a38a34080518c6396e7bcb4d28630ad83c4acde924104e19e804f919
1686,36,16,0.4444444444444444,,True,False,False,4,6,10,26,16,0.3846153846153846,,3.36889359441744,0.5125051230082096,0.0,1.7794554847688047,2.492843266084633,3.1499117924482873,,26,0,True,5,2,6,9,0,0,3935.709974120749,,674.0223978456834,,RAW_WINDOWS_DT30_DISTANCE400_V1,36,32,4,0.8888888888888888,,32,18.474060880616804,2.2502774028654122,13.599510011503387,,3,5,5.657019008637852e-10,4,0,0,4,5,3,833.901727124312,NO_RAW_BREAK_CROSSING,D60,UNIFORM,PROCESSED,3acac08553093365b4b387c8efd16cab23ee9e57d263cc441e1e70fd71cef0e1
1686,36,16,0.4444444444444444,,True,False,False,4,10,6,22,16,0.2727272727272727,,1.066437064821564,0.1521607480747176,0.0,0.7189384572240736,0.7753434507475974,1.005460590043315,,22,0,True,5,2,10,9,0,0,3935.709974120749,,559.389454574582,,RAW_WINDOWS_DT30_DISTANCE400_V1,36,32,4,0.8888888888888888,,32,73.97805462217451,9.983440585496922,61.44979353529629,,6,5,5.657019008637852e-10,4,0,0,4,5,3,833.901727124312,NO_RAW_BREAK_CROSSING,P2,UNIFORM,PROCESSED,bd0815c5a73f8d6ff4a15d1d5d3fb98893b53a0702c6790dc8dd1e2fd9621c54
1686,36,10,0.2777777777777778,,True,False,False,4,10,12,22,10,0.5454545454545454,,5.7698139113387,1.2186995481256893,0.1680237825392485,4.117651449457844,5.030688433750101,5.623676379191792,,22,0,True,5,2,10,9,0,0,3935.709974120749,,540.6022177691405,,RAW_WINDOWS_DT30_DISTANCE400_V1,36,32,4,0.8888888888888888,,32,77.35742879443161,11.336867065312685,65.21418747150804,,8,5,5.657019008637852e-10,4,0,0,4,5,3,833.901727124312,NO_RAW_BREAK_CROSSING,P10,UNIFORM,PROCESSED,0505bc934ffd073894a971fcb73acb3b15587437c0b16fa19830defcf2eb879d
4838,126,37,0.29365079365079366,,True,False,False,0,22,67,104,37,0.6442307692307692,,4.884660159174628,1.1502110574764604,0.7423395706433331,3.1419315047752487,4.141001764283489,4.680930202475239,,104,0,True,1,0,22,3,0,0,3531.160067110987,,3400.653406517328,,RAW_WINDOWS_DT30_DISTANCE400_V1,126,126,0,1.0,,126,58.98909799611646,2.1716305522849395,7.862683243146908,,9,5,2.1069560729663026e-10,0,0,0,0,1,1,3531.160067110987,NO_RAW_BREAK_CROSSING,R0,UNIFORM,PROCESSED,f9093086c2c71371dd4475ef222aff7182487065f4da540ed2c58715cbb5f2ce
4838,126,37,0.29365079365079366,,True,False,False,0,22,67,104,37,0.6442307692307692,,4.884660159174628,1.1502110574764604,0.7423395706433331,3.1419315047752487,4.141001764283489,4.680930202475239,,104,0,True,1,0,22,3,0,0,3531.160067110987,,3400.653406517328,,RAW_WINDOWS_DT30_DISTANCE400_V1,126,126,0,1.0,,126,58.98909799611646,2.1716305522849395,7.862683243146908,,9,5,2.1069560729663026e-10,0,0,0,0,1,1,3531.160067110987,NO_RAW_BREAK_CROSSING,S0,UNIFORM,PROCESSED,ea45f0334aa72e7ce9d52a77f56539d43468865f565398561616d2fe5e1328ee
4838,126,37,0.29365079365079366,,True,False,False,0,22,67,104,37,0.6442307692307692,,4.884660159174628,1.1502110574764604,0.7423395706433331,3.1419315047752487,4.141001764283489,4.680930202475239,,104,0,True,1,0,22,3,0,0,3531.160067110987,,3400.653406517328,,RAW_WINDOWS_DT30_DISTANCE400_V1,126,126,0,1.0,,126,58.98909799611646,2.1716305522849395,7.862683243146908,,9,5,2.1069560729663026e-10,0,0,0,0,1,1,3531.160067110987,NO_RAW_BREAK_CROSSING,S_POINTS2,UNIFORM,PROCESSED,659fa1c08752ed5d779f08f9b05308da9ecf73d22c9882479b20464b4848fb9e
4838,126,37,0.29365079365079366,,True,False,False,0,22,67,104,37,0.6442307692307692,,4.884660159174628,1.1502110574764604,0.7423395706433331,3.1419315047752487,4.141001764283489,4.680930202475239,,104,0,True,1,0,22,3,0,0,3531.160067110987,,3400.653406517328,,RAW_WINDOWS_DT30_DISTANCE400_V1,126,126,0,1.0,,126,58.98909799611646,2.1716305522849395,7.862683243146908,,9,5,2.1069560729663026e-10,0,0,0,0,1,1,3531.160067110987,NO_RAW_BREAK_CROSSING,S_LENGTH0,UNIFORM,PROCESSED,29038c7d7b5142a71b1b9264d8d175d89091508e96e135cee953092d4789b7c2
4838,126,46,0.36507936507936506,,True,False,False,0,5,75,121,46,0.6198347107438016,,4.884660159174628,1.0249821683108684,0.6120626976152312,3.184279174172414,4.107858976595877,4.646746176173422,,121,0,True,1,0,5,3,0,0,3531.160067110987,,3490.579405677562,,RAW_WINDOWS_DT30_DISTANCE400_V1,126,126,0,1.0,,126,6.359176826634826,1.1149590464592654,4.179565010765038,,2,5,2.1069560729663026e-10,0,0,0,0,1,1,3531.160067110987,NO_RAW_BREAK_CROSSING,D60,UNIFORM,PROCESSED,f99c35d7acbde9a41eb2b207c2a5780bc8b4cbce6d8c7d4e8d8d278c1b7a6ebb
4838,126,59,0.46825396825396826,,True,False,False,0,22,45,104,59,0.4326923076923077,,1.9701991027045977,0.3714290104774245,0.0,1.2725584931775251,1.6784042134536663,1.957992965511813,,104,0,True,1,0,22,3,0,0,3531.160067110987,,3413.935107398785,,RAW_WINDOWS_DT30_DISTANCE400_V1,126,126,0,1.0,,126,58.98909799611646,1.5137686300493463,6.338142028380813,,9,5,2.1069560729663026e-10,0,0,0,0,1,1,3531.160067110987,NO_RAW_BREAK_CROSSING,P2,UNIFORM,PROCESSED,c8af7aed7d46470d4b9337d27d4088f113e6b52273d135a5e969d7690a324661
4838,126,22,0.1746031746031746,,True,False,False,0,22,82,104,22,0.7884615384615384,,9.789355560211805,2.4849422139306734,1.6622535738340045,6.6845040193569645,7.225973680123672,8.503541121716347,,104,0,True,1,0,22,3,0,0,3531.160067110987,,3368.3290882531583,,RAW_WINDOWS_DT30_DISTANCE400_V1,126,126,0,1.0,,126,58.98909799611646,3.4215283197504536,9.302967762657042,,31,5,2.1069560729663026e-10,0,0,0,0,1,1,3531.160067110987,NO_RAW_BREAK_CROSSING,P10,UNIFORM,PROCESSED,3a486acc9e543fbe098f1564c5ad627669ce0a6dd0beb4ec8443d19ea14b1ad4
1818,98,9,0.09183673469387756,,True,False,False,1,10,78,87,9,0.896551724137931,,3.6856966073416393,1.0071891735080203,0.855171639085777,2.2800448611241757,2.5973358933570414,3.670936186653519,,87,0,True,2,1,10,3,0,0,170.83100294470105,,118.98344627447311,,RAW_WINDOWS_DT30_DISTANCE400_V1,98,97,1,0.9897959183673469,,97,3.6856966073416393,1.073807249465135,3.1401360671141227,,0,5,3.5279306371723414e-10,1,0,0,1,2,1,167.3976033269547,NO_RAW_BREAK_CROSSING,R0,UNIFORM,PROCESSED,7bcfb087aa74c974e3526da0acd1c4372465790eb378b0109b0442e6f7bdeedd
1818,98,9,0.09183673469387756,,True,False,False,1,10,78,87,9,0.896551724137931,,3.6856966073416393,1.0071891735080203,0.855171639085777,2.2800448611241757,2.5973358933570414,3.670936186653519,,87,0,True,2,1,10,3,0,0,170.83100294470105,,118.98344627447311,,RAW_WINDOWS_DT30_DISTANCE400_V1,98,97,1,0.9897959183673469,,97,3.6856966073416393,1.073807249465135,3.1401360671141227,,0,5,3.5279306371723414e-10,1,0,0,1,2,1,167.3976033269547,NO_RAW_BREAK_CROSSING,S0,UNIFORM,PROCESSED,9f2bc4088e212cd7efab68da3a51f3934f226c4a145ff2c649a141ed9c24080f
1818,98,9,0.09183673469387756,,True,False,False,1,10,78,87,9,0.896551724137931,,3.6856966073416393,1.0071891735080203,0.855171639085777,2.2800448611241757,2.5973358933570414,3.670936186653519,,87,0,True,2,1,10,3,0,0,170.83100294470105,,118.98344627447311,,RAW_WINDOWS_DT30_DISTANCE400_V1,98,97,1,0.9897959183673469,,97,3.6856966073416393,1.073807249465135,3.1401360671141227,,0,5,3.5279306371723414e-10,1,0,0,1,2,1,167.3976033269547,NO_RAW_BREAK_CROSSING,S_POINTS2,UNIFORM,PROCESSED,ebaa6443afc7ce8e4144641b178d2413df08c68fd723f1be4c67e43369dc83e1
1818,98,9,0.09183673469387756,,True,False,False,1,10,78,87,9,0.896551724137931,,3.6856966073416393,1.0071891735080203,0.855171639085777,2.2800448611241757,2.5973358933570414,3.670936186653519,,87,0,True,2,1,10,3,0,0,170.83100294470105,,118.98344627447311,,RAW_WINDOWS_DT30_DISTANCE400_V1,98,97,1,0.9897959183673469,,97,3.6856966073416393,1.073807249465135,3.1401360671141227,,0,5,3.5279306371723414e-10,1,0,0,1,2,1,167.3976033269547,NO_RAW_BREAK_CROSSING,S_LENGTH0,UNIFORM,PROCESSED,25ab8e244c22e8744828dda58ac22ae4c5e2414b709c0049ce32c9b2d7440811
1818,98,9,0.09183673469387756,,True,False,False,1,3,85,94,9,0.9042553191489362,,3.6856966073416393,1.050443359371438,0.9040721268117184,2.4025013793559,2.8585306768918026,3.6697347570626255,,94,0,True,2,1,3,3,0,0,170.83100294470105,,118.98344627447311,,RAW_WINDOWS_DT30_DISTANCE400_V1,98,97,1,0.9897959183673469,,97,3.6856966073416393,1.073807249465135,3.1401360671141227,,0,5,3.5279306371723414e-10,1,0,0,1,2,1,167.3976033269547,NO_RAW_BREAK_CROSSING,D60,UNIFORM,PROCESSED,2a47ce81a26b768d519816df11b6fd09d7ccd847a0d0fa55b9fafc4400a54cc8
1818,98,18,0.1836734693877551,,True,False,False,1,10,69,87,18,0.7931034482758621,,1.7733094317361384,0.4285771611456303,0.2848626677206362,1.2197077065064037,1.5059783154825888,1.741372080746215,,87,0,True,2,1,10,3,0,0,170.83100294470105,,151.371676991103,,RAW_WINDOWS_DT30_DISTANCE400_V1,98,97,1,0.9897959183673469,,97,2.2013015959881064,0.47582630976938617,1.5587578201309669,,0,5,3.5279306371723414e-10,1,0,0,1,2,1,167.3976033269547,NO_RAW_BREAK_CROSSING,P2,UNIFORM,PROCESSED,59cc0959eab53e7afa231b64b0343e28cb5eff4a198c3c15a2c4ea8e0004e1d7
1818,98,6,0.061224489795918366,,True,False,False,1,10,81,87,6,0.9310344827586207,,7.975125005240309,2.5031782208912796,2.014061688111942,5.766020310848611,6.804435514953223,7.707495365672419,,87,0,True,2,1,10,3,0,0,170.83100294470105,,86.51743182542414,,RAW_WINDOWS_DT30_DISTANCE400_V1,98,97,1,0.9897959183673469,,97,7.975125005240309,2.4980089403296133,6.62182622848787,,16,5,3.5279306371723414e-10,1,0,0,1,2,1,167.3976033269547,NO_RAW_BREAK_CROSSING,P10,UNIFORM,PROCESSED,509f2310d90a3386bb72ff37945674354917c57ea73703fd6ac19dbe844dfd28
10810,102,21,0.20588235294117646,,True,False,False,0,16,65,86,21,0.7558139534883721,,4.196280828311618,1.1689014590207785,0.886992740541966,2.8504282195143604,3.142857293608732,4.035828238257207,,86,0,True,1,0,16,3,0,0,1637.5829076037696,,1590.9703745993243,,RAW_WINDOWS_DT30_DISTANCE400_V1,102,102,0,1.0,,102,15.976456333921005,1.39561121859261,3.2104919116643877,,1,5,1.3960406357919586e-10,0,0,0,0,1,1,1637.5829076037696,NO_RAW_BREAK_CROSSING,R0,UNIFORM,PROCESSED,1367b77c40c3a52384530aa9922cbdcdebac7f5ee4fecda47eb0c2d5dc9032fa
10810,102,21,0.20588235294117646,,True,False,False,0,16,65,86,21,0.7558139534883721,,4.196280828311618,1.1689014590207785,0.886992740541966,2.8504282195143604,3.142857293608732,4.035828238257207,,86,0,True,1,0,16,3,0,0,1637.5829076037696,,1590.9703745993243,,RAW_WINDOWS_DT30_DISTANCE400_V1,102,102,0,1.0,,102,15.976456333921005,1.39561121859261,3.2104919116643877,,1,5,1.3960406357919586e-10,0,0,0,0,1,1,1637.5829076037696,NO_RAW_BREAK_CROSSING,S0,UNIFORM,PROCESSED,e60367f14ffa777e85daf22fbf2dad2dc6dada115eed9266eefed1ddf5717bfc
10810,102,21,0.20588235294117646,,True,False,False,0,16,65,86,21,0.7558139534883721,,4.196280828311618,1.1689014590207785,0.886992740541966,2.8504282195143604,3.142857293608732,4.035828238257207,,86,0,True,1,0,16,3,0,0,1637.5829076037696,,1590.9703745993243,,RAW_WINDOWS_DT30_DISTANCE400_V1,102,102,0,1.0,,102,15.976456333921005,1.39561121859261,3.2104919116643877,,1,5,1.3960406357919586e-10,0,0,0,0,1,1,1637.5829076037696,NO_RAW_BREAK_CROSSING,S_POINTS2,UNIFORM,PROCESSED,4a7bb84b2d7783857454cf92bf6837c7bdee561f6dc8244fab6dfb1e7de4b44b
10810,102,21,0.20588235294117646,,True,False,False,0,16,65,86,21,0.7558139534883721,,4.196280828311618,1.1689014590207785,0.886992740541966,2.8504282195143604,3.142857293608732,4.035828238257207,,86,0,True,1,0,16,3,0,0,1637.5829076037696,,1590.9703745993243,,RAW_WINDOWS_DT30_DISTANCE400_V1,102,102,0,1.0,,102,15.976456333921005,1.39561121859261,3.2104919116643877,,1,5,1.3960406357919586e-10,0,0,0,0,1,1,1637.5829076037696,NO_RAW_BREAK_CROSSING,S_LENGTH0,UNIFORM,PROCESSED,b877ae669437dc8cc3810440e9835d3c67bb9646c660424ffac10b34e50b474f
10810,102,23,0.22549019607843138,,True,False,False,0,6,73,96,23,0.7604166666666666,,4.196280828311618,1.1628112291892105,0.886992740541966,2.7939602866153836,3.1670484828670826,4.016951462956686,,96,0,True,1,0,6,3,0,0,1637.5829076037696,,1603.293040675434,,RAW_WINDOWS_DT30_DISTANCE400_V1,102,102,0,1.0,,102,4.196280828311618,1.1877511011846118,3.1497978367876107,,0,5,1.3960406357919586e-10,0,0,0,0,1,1,1637.5829076037696,NO_RAW_BREAK_CROSSING,D60,UNIFORM,PROCESSED,80033eacaebce8884e36a4a1334012606b6937453f1fd12cbe9f5604b3d15714
10810,102,34,0.3333333333333333,,True,False,False,0,16,52,86,34,0.6046511627906976,,1.7779604998464669,0.3739556029964558,0.16673442673767197,1.0765732802793553,1.622999584063963,1.77114527770441,,86,0,True,1,0,16,3,0,0,1637.5829076037696,,1609.7828712175774,,RAW_WINDOWS_DT30_DISTANCE400_V1,102,102,0,1.0,,102,15.976456333921005,0.730131622753078,2.0227459862189954,,1,5,1.3960406357919586e-10,0,0,0,0,1,1,1637.5829076037696,NO_RAW_BREAK_CROSSING,P2,UNIFORM,PROCESSED,82b5d477b750d71a4d568457bc3515821dc76de9efb5d496129fad212bc7f0b6
10810,102,15,0.14705882352941177,,True,False,False,0,16,71,86,15,0.8255813953488372,,8.518580966322903,2.1787531224084904,1.7683936255080854,5.446773565840315,6.112938885553471,8.056523201210332,,86,0,True,1,0,16,3,0,0,1637.5829076037696,,1555.8095872145984,,RAW_WINDOWS_DT30_DISTANCE400_V1,102,102,0,1.0,,102,15.976456333921005,2.318197102416786,6.789188393846758,,13,5,1.3960406357919586e-10,0,0,0,0,1,1,1637.5829076037696,NO_RAW_BREAK_CROSSING,P10,UNIFORM,PROCESSED,d79b25dc95bdd359f0de54d84d7a291ace28161c7caf745a8410a257c3591a50
4953,100,34,0.34,,True,False,False,0,4,62,96,34,0.6458333333333333,,4.444787701802814,1.0349613770464425,0.3352416971907667,3.5199758062656565,4.030089686319288,4.2628969522573135,,96,0,True,3,0,4,9,0,0,7756.517395116174,,7136.046650383418,,RAW_WINDOWS_DT30_DISTANCE400_V1,100,100,0,1.0,,100,10.090727725744726,1.1276522676447263,4.043987904372361,,1,5,2.6745851391160115e-10,2,0,0,0,3,3,7159.5434990832055,NO_RAW_BREAK_CROSSING,R0,UNIFORM,PROCESSED,d9c4caddf480f4f83b90ae4608364d7731246fe510407d0987240c694ab019e0
4953,100,34,0.34,,True,False,False,0,4,62,96,34,0.6458333333333333,,4.444787701802814,1.0349613770464425,0.3352416971907667,3.5199758062656565,4.030089686319288,4.2628969522573135,,96,0,True,3,0,4,9,0,0,7756.517395116174,,7136.046650383418,,RAW_WINDOWS_DT30_DISTANCE400_V1,100,100,0,1.0,,100,10.090727725744726,1.1276522676447263,4.043987904372361,,1,5,2.6745851391160115e-10,2,0,0,0,3,3,7159.5434990832055,NO_RAW_BREAK_CROSSING,S0,UNIFORM,PROCESSED,e9d24e3ef9b4854b05f5d56763fd9e811d25c14c8900ad333c37fed7e8cf9ae1
4953,100,34,0.34,,True,False,False,0,4,62,96,34,0.6458333333333333,,4.444787701802814,1.0349613770464425,0.3352416971907667,3.5199758062656565,4.030089686319288,4.2628969522573135,,96,0,True,3,0,4,9,0,0,7756.517395116174,,7136.046650383418,,RAW_WINDOWS_DT30_DISTANCE400_V1,100,100,0,1.0,,100,10.090727725744726,1.1276522676447263,4.043987904372361,,1,5,2.6745851391160115e-10,2,0,0,0,3,3,7159.5434990832055,NO_RAW_BREAK_CROSSING,S_POINTS2,UNIFORM,PROCESSED,e1c5a7bef87f02fde16ffdd5f32f0ecfc2a6ae892c75f31db276b91dd63088a4
4953,100,34,0.34,,True,False,False,0,4,62,96,34,0.6458333333333333,,4.444787701802814,1.0349613770464425,0.3352416971907667,3.5199758062656565,4.030089686319288,4.2628969522573135,,96,0,True,3,0,4,9,0,0,7756.517395116174,,7136.046650383418,,RAW_WINDOWS_DT30_DISTANCE400_V1,100,100,0,1.0,,100,10.090727725744726,1.1276522676447263,4.043987904372361,,1,5,2.6745851391160115e-10,2,0,0,0,3,3,7159.5434990832055,NO_RAW_BREAK_CROSSING,S_LENGTH0,UNIFORM,PROCESSED,5da1dd8fc6e631e8bcd417519bd96099f328df6edbcd9815c5ca11f05b06989a
4953,100,35,0.35,,True,False,False,0,1,64,99,35,0.6464646464646464,,4.444787701802814,0.9991341081198848,0.4088124821847989,3.2538295867337834,3.9709598510091606,4.257153033850614,,99,0,True,3,0,1,9,0,0,7756.517395116174,,7142.396561870513,,RAW_WINDOWS_DT30_DISTANCE400_V1,100,100,0,1.0,,100,4.444787701802814,0.9997339420068656,3.9678961655221228,,0,5,2.6745851391160115e-10,2,0,0,0,3,3,7159.5434990832055,NO_RAW_BREAK_CROSSING,D60,UNIFORM,PROCESSED,00c036fa4b7b33dbcedc38ca246365540dacb28b01afb97e429b768665178b9a
4953,100,44,0.44,,True,False,False,0,4,52,96,44,0.5416666666666667,,1.9010663503081662,0.368682270669414,0.06396335844180646,1.1834848070688966,1.5892961479510328,1.7611379727395584,,96,0,True,3,0,4,9,0,0,7756.517395116174,,7138.734202365886,,RAW_WINDOWS_DT30_DISTANCE400_V1,100,100,0,1.0,,100,9.83878409905474,0.4713658355103505,1.6143222891442162,,1,5,2.6745851391160115e-10,2,0,0,0,3,3,7159.5434990832055,NO_RAW_BREAK_CROSSING,P2,UNIFORM,PROCESSED,f2fedbe707c4200d924b1649caa56791aa563fd77eda5a6aaf30919cd74e8b77
4953,100,27,0.27,,True,False,False,0,4,69,96,27,0.71875,,8.934035024314351,1.765756094100719,0.7214757181512264,4.764303833570326,6.903037337058628,8.727920490258859,,96,0,True,3,0,4,9,0,0,7756.517395116174,,7125.672854753327,,RAW_WINDOWS_DT30_DISTANCE400_V1,100,100,0,1.0,,100,10.090727725744726,1.8260217304187407,7.190118477254661,,11,5,2.6745851391160115e-10,2,0,0,0,3,3,7159.5434990832055,NO_RAW_BREAK_CROSSING,P10,UNIFORM,PROCESSED,d71b3b43fbc481dfe46fc0aeb71054c1d8afe42f4d7470d91ee6d2cbc0349b2f
7404,69,20,0.2898550724637681,,True,False,False,3,21,25,45,20,0.5555555555555556,,4.92293197940961,1.039064479325097,0.3839742214324656,3.0599711336149698,3.6112188312780047,4.440938214248709,,45,0,True,4,1,21,9,0,0,2620.8699594603795,,1599.2391584194224,,RAW_WINDOWS_DT30_DISTANCE400_V1,69,66,3,0.9565217391304348,,66,35.75727829354304,3.960077513826955,15.36945574570219,,15,5,4.0953177904569946e-10,3,0,0,2,4,3,2010.4591224540018,NO_RAW_BREAK_CROSSING,R0,UNIFORM,PROCESSED,c5788d2aed21fbd358061298d1ef02c0ef4e92bf4047b89ab06b18a1e12d468e
7404,69,22,0.3188405797101449,,True,False,False,0,21,26,48,22,0.5416666666666667,,4.92293197940961,0.9769616870713453,0.17963504340498665,3.051739226865591,3.5133123743946335,4.4080750029877365,,48,0,True,4,0,21,12,0,0,2620.8699594603795,,1699.8565412726464,,RAW_WINDOWS_DT30_DISTANCE400_V1,69,69,0,1.0,,69,35.75727829354304,3.7898750046720906,15.040244010758197,,15,5,4.0953177904569946e-10,3,0,0,0,4,4,2010.4591224540018,NO_RAW_BREAK_CROSSING,S0,UNIFORM,PROCESSED,f2496ee582d35ba3423c10afe93bb61b864de72ae8a292d152cbff18f971bff5
7404,69,22,0.3188405797101449,,True,False,False,0,21,26,48,22,0.5416666666666667,,4.92293197940961,0.9769616870713453,0.17963504340498665,3.051739226865591,3.5133123743946335,4.4080750029877365,,48,0,True,4,0,21,12,0,0,2620.8699594603795,,1699.8565412726464,,RAW_WINDOWS_DT30_DISTANCE400_V1,69,69,0,1.0,,69,35.75727829354304,3.7898750046720906,15.040244010758197,,15,5,4.0953177904569946e-10,3,0,0,0,4,4,2010.4591224540018,NO_RAW_BREAK_CROSSING,S_POINTS2,UNIFORM,PROCESSED,062528f4cc4bb242ab62b9d08a4722687ff59451bac75a24d6ae33b6415b9063
7404,69,20,0.2898550724637681,,True,False,False,3,21,25,45,20,0.5555555555555556,,4.92293197940961,1.039064479325097,0.3839742214324656,3.0599711336149698,3.6112188312780047,4.440938214248709,,45,0,True,4,1,21,9,0,0,2620.8699594603795,,1599.2391584194224,,RAW_WINDOWS_DT30_DISTANCE400_V1,69,66,3,0.9565217391304348,,66,35.75727829354304,3.960077513826955,15.36945574570219,,15,5,4.0953177904569946e-10,3,0,0,2,4,3,2010.4591224540018,NO_RAW_BREAK_CROSSING,S_LENGTH0,UNIFORM,PROCESSED,c06d8497cdcc9cce3b8893200caee8a52647d1a158088dc9ce5f9b5af0c16697
7404,69,29,0.42028985507246375,,True,False,False,3,14,23,52,29,0.4423076923076923,,4.92293197940961,0.6488185831726773,0.0,2.085700116038388,2.9130147017616217,4.320534664543187,,52,0,True,4,1,14,9,0,0,2620.8699594603795,,1723.1117369942372,,RAW_WINDOWS_DT30_DISTANCE400_V1,69,66,3,0.9565217391304348,,66,35.75727829354304,3.0439555049607177,15.36945574570219,,9,5,4.0953177904569946e-10,3,0,0,2,4,3,2010.4591224540018,NO_RAW_BREAK_CROSSING,D60,UNIFORM,PROCESSED,62bce894778902edb202dfb1dc18916c6759bda2037db215746bd3af1be4ffb9
7404,69,33,0.4782608695652174,,True,False,False,3,21,12,45,33,0.2666666666666667,,1.992232999976978,0.17843601541374532,0.0,0.7929220609809713,1.0429118992280206,1.606505118922926,,45,0,True,4,1,21,9,0,0,2620.8699594603795,,1671.6474759777666,,RAW_WINDOWS_DT30_DISTANCE400_V1,69,66,3,0.9565217391304348,,66,35.75727829354304,4.368253578178766,20.726881322641354,,19,5,4.0953177904569946e-10,3,0,0,2,4,3,2010.4591224540018,NO_RAW_BREAK_CROSSING,P2,UNIFORM,PROCESSED,4cebeaf5a76be09cd6c5d965e16a7239d9c769a2f6de5a9f88c4f31af6a6f204
7404,69,16,0.2318840579710145,,True,False,False,3,21,29,45,16,0.6444444444444444,,8.93279391419113,1.5087826697940054,0.8802620519737743,3.6879987986426763,4.703843904336469,7.298281117926924,,45,0,True,4,1,21,9,0,0,2620.8699594603795,,1591.1429476337473,,RAW_WINDOWS_DT30_DISTANCE400_V1,69,66,3,0.9565217391304348,,66,20.897637574550274,3.7139261082028527,12.479885315733874,,18,5,4.0953177904569946e-10,3,0,0,2,4,3,2010.4591224540018,NO_RAW_BREAK_CROSSING,P10,UNIFORM,PROCESSED,a29c130c9df320f1b3eaaded82abdd9a1504ca65f60311043fb7a64a3bf7df49
3615,21,12,0.5714285714285714,,True,False,False,1,6,2,14,12,0.1428571428571429,,0.2854245799298964,0.026579167122504552,0.0,0.060678631849617214,0.1562430468358224,0.2595882733110815,,14,0,True,2,1,6,3,0,0,4091.6204409222373,,2708.0705317162956,,RAW_WINDOWS_DT30_DISTANCE400_V1,21,20,1,0.9523809523809523,,20,149.16818385984476,30.869996278340675,133.0533540750642,,6,5,2.6640117684854295e-10,1,0,0,1,2,1,3462.6010834841245,NO_RAW_BREAK_CROSSING,R0,UNIFORM,PROCESSED,e13f9d370c851561a2055f2314e6c2736f43e6c2776584895cd7ad98bea1826d
3615,21,12,0.5714285714285714,,True,False,False,1,6,2,14,12,0.1428571428571429,,0.2854245799298964,0.026579167122504552,0.0,0.060678631849617214,0.1562430468358224,0.2595882733110815,,14,0,True,2,1,6,3,0,0,4091.6204409222373,,2708.0705317162956,,RAW_WINDOWS_DT30_DISTANCE400_V1,21,20,1,0.9523809523809523,,20,149.16818385984476,30.869996278340675,133.0533540750642,,6,5,2.6640117684854295e-10,1,0,0,1,2,1,3462.6010834841245,NO_RAW_BREAK_CROSSING,S0,UNIFORM,PROCESSED,b7c59bac4b7c9f19d016e57b1a3f2b87135f199a966f33a610f188550234511b
3615,21,12,0.5714285714285714,,True,False,False,1,6,2,14,12,0.1428571428571429,,0.2854245799298964,0.026579167122504552,0.0,0.060678631849617214,0.1562430468358224,0.2595882733110815,,14,0,True,2,1,6,3,0,0,4091.6204409222373,,2708.0705317162956,,RAW_WINDOWS_DT30_DISTANCE400_V1,21,20,1,0.9523809523809523,,20,149.16818385984476,30.869996278340675,133.0533540750642,,6,5,2.6640117684854295e-10,1,0,0,1,2,1,3462.6010834841245,NO_RAW_BREAK_CROSSING,S_POINTS2,UNIFORM,PROCESSED,ec7c6880324133c0cb817becb1efbe8d5ae9a9f1408b23197e03b3c78ffac1ef
3615,21,12,0.5714285714285714,,True,False,False,1,6,2,14,12,0.1428571428571429,,0.2854245799298964,0.026579167122504552,0.0,0.060678631849617214,0.1562430468358224,0.2595882733110815,,14,0,True,2,1,6,3,0,0,4091.6204409222373,,2708.0705317162956,,RAW_WINDOWS_DT30_DISTANCE400_V1,21,20,1,0.9523809523809523,,20,149.16818385984476,30.869996278340675,133.0533540750642,,6,5,2.6640117684854295e-10,1,0,0,1,2,1,3462.6010834841245,NO_RAW_BREAK_CROSSING,S_LENGTH0,UNIFORM,PROCESSED,e6f9197b46b0b01dcb77e2a1f494a5d80ee38220e60b28d1c866b516cdc2c54a
3615,21,12,0.5714285714285714,,True,False,False,1,5,3,15,12,0.19999999999999996,,0.5347207529566588,0.0604552728447815,0.0,0.2059282518720047,0.36021343183792487,0.4998192887329119,,15,0,True,2,1,5,3,0,0,4091.6204409222373,,2842.0718479717375,,RAW_WINDOWS_DT30_DISTANCE400_V1,21,20,1,0.9523809523809523,,20,106.47113585028612,17.939048535113614,79.4459715908757,,5,5,2.6640117684854295e-10,1,0,0,1,2,1,3462.6010834841245,NO_RAW_BREAK_CROSSING,D60,UNIFORM,PROCESSED,8e191f5e64e5267d1f2737edf6023bb879bfa18d01605ee94b43b934cd9f20d6
3615,21,12,0.5714285714285714,,True,False,False,1,6,2,14,12,0.1428571428571429,,0.2854245799298964,0.026579167122504552,0.0,0.060678631849617214,0.1562430468358224,0.2595882733110815,,14,0,True,2,1,6,3,0,0,4091.6204409222373,,2708.0705317162956,,RAW_WINDOWS_DT30_DISTANCE400_V1,21,20,1,0.9523809523809523,,20,149.16818385984476,30.869996278340675,133.0533540750642,,6,5,2.6640117684854295e-10,1,0,0,1,2,1,3462.6010834841245,NO_RAW_BREAK_CROSSING,P2,UNIFORM,PROCESSED,45165be67e39f8a00143c608b982f32494ed415b1cb0e7500ed48deea31fb5c1
3615,21,10,0.47619047619047616,,True,False,False,1,6,4,14,10,0.2857142857142857,,6.012916696178699,1.0638423914711692,0.0,4.803099643644029,5.622388665075744,5.9348110899581075,,14,0,True,2,1,6,3,0,0,4091.6204409222373,,2707.668478313623,,RAW_WINDOWS_DT30_DISTANCE400_V1,21,20,1,0.9523809523809523,,20,149.16818385984476,31.596080535384736,133.0533540750642,,8,5,2.6640117684854295e-10,1,0,0,1,2,1,3462.6010834841245,NO_RAW_BREAK_CROSSING,P10,UNIFORM,PROCESSED,53b56dd50e5db2e01117b008cff4d11c2049d97f26e04de990beb084fbafcfc6
3439,121,44,0.36363636363636365,,True,False,False,0,1,76,120,44,0.6333333333333333,,4.780833876892427,1.034518469603875,0.27130377224762536,3.445838557413034,3.6121960223514273,4.715545874274694,,120,0,True,1,0,1,31,0,0,6368.42432469532,,6345.630887790778,,RAW_WINDOWS_DT30_DISTANCE400_V1,121,121,0,1.0,,121,23.23065240992795,1.2179575930776274,3.699671400186594,,1,5,1.7443616900177774e-10,0,0,0,0,1,1,6368.42432469532,NO_RAW_BREAK_CROSSING,R0,UNIFORM,PROCESSED,6ae5c69ede94c6dbc3cfd65af64dc345349e6049df90e9c1682171d87b7797e7
3439,121,44,0.36363636363636365,,True,False,False,0,1,76,120,44,0.6333333333333333,,4.780833876892427,1.034518469603875,0.27130377224762536,3.445838557413034,3.6121960223514273,4.715545874274694,,120,0,True,1,0,1,31,0,0,6368.42432469532,,6345.630887790778,,RAW_WINDOWS_DT30_DISTANCE400_V1,121,121,0,1.0,,121,23.23065240992795,1.2179575930776274,3.699671400186594,,1,5,1.7443616900177774e-10,0,0,0,0,1,1,6368.42432469532,NO_RAW_BREAK_CROSSING,S0,UNIFORM,PROCESSED,e306cf3ae8568f7bf877cb682a1bf0280973f0d1189b9094a6ebc4f5ba4ab6c9
3439,121,44,0.36363636363636365,,True,False,False,0,1,76,120,44,0.6333333333333333,,4.780833876892427,1.034518469603875,0.27130377224762536,3.445838557413034,3.6121960223514273,4.715545874274694,,120,0,True,1,0,1,31,0,0,6368.42432469532,,6345.630887790778,,RAW_WINDOWS_DT30_DISTANCE400_V1,121,121,0,1.0,,121,23.23065240992795,1.2179575930776274,3.699671400186594,,1,5,1.7443616900177774e-10,0,0,0,0,1,1,6368.42432469532,NO_RAW_BREAK_CROSSING,S_POINTS2,UNIFORM,PROCESSED,df8c33049b21729891b7ae784838c3a4c6a312c3403edae8ec702a6836833b9e
3439,121,44,0.36363636363636365,,True,False,False,0,1,76,120,44,0.6333333333333333,,4.780833876892427,1.034518469603875,0.27130377224762536,3.445838557413034,3.6121960223514273,4.715545874274694,,120,0,True,1,0,1,31,0,0,6368.42432469532,,6345.630887790778,,RAW_WINDOWS_DT30_DISTANCE400_V1,121,121,0,1.0,,121,23.23065240992795,1.2179575930776274,3.699671400186594,,1,5,1.7443616900177774e-10,0,0,0,0,1,1,6368.42432469532,NO_RAW_BREAK_CROSSING,S_LENGTH0,UNIFORM,PROCESSED,811a74267ff85cd1727ed239319c00f17eb3854e5de4952d6c4bc1bc091545b0
3439,121,45,0.371900826446281,,True,False,False,0,0,76,121,45,0.628099173553719,,4.776346116278685,0.9883555716300126,0.25823486687869224,3.2913081668139412,3.5963428703579914,4.363195295382107,,121,0,True,1,0,0,31,0,0,6368.42432469532,,6356.591177808711,,RAW_WINDOWS_DT30_DISTANCE400_V1,121,121,0,1.0,,121,4.776346116278685,0.9883555716300126,3.5963428703579914,,0,5,1.7443616900177774e-10,0,0,0,0,1,1,6368.42432469532,NO_RAW_BREAK_CROSSING,D60,UNIFORM,PROCESSED,ef988d2136d18460a1d972778f22a99e00dabe27ad1b0d234bb397b317f99635
3439,121,64,0.5289256198347108,,True,False,False,0,1,56,120,64,0.4666666666666667,,1.8272673195610074,0.2700697368012524,0.0,0.9704930375785124,1.3787764371646454,1.6928118219270818,,120,0,True,1,0,1,31,0,0,6368.42432469532,,6358.415130911688,,RAW_WINDOWS_DT30_DISTANCE400_V1,121,121,0,1.0,,121,23.23065240992795,0.4598266183973408,1.3860046333641942,,1,5,1.7443616900177774e-10,0,0,0,0,1,1,6368.42432469532,NO_RAW_BREAK_CROSSING,P2,UNIFORM,PROCESSED,6e548f166f984bd5374194c1baf9655f945a886f4f1187ac2f5f4db0c3c17ef3
3439,121,31,0.256198347107438,,True,False,False,0,1,89,120,31,0.7416666666666667,,9.894364307029951,2.545214350180476,1.3445603594670374,7.498424681623042,9.035034321863263,9.824919548004274,,120,0,True,1,0,1,31,0,0,6368.42432469532,,6314.439603516761,,RAW_WINDOWS_DT30_DISTANCE400_V1,121,121,0,1.0,,121,23.23065240992795,2.716168383732108,9.035034321863263,,23,5,1.7443616900177774e-10,0,0,0,0,1,1,6368.42432469532,NO_RAW_BREAK_CROSSING,P10,UNIFORM,PROCESSED,da758f2df3e326e4cd8f59515bac97caef94c722037cd0924b5e03b20421e5e3
9352,115,41,0.3565217391304348,,True,False,False,0,10,64,105,41,0.6095238095238096,,4.949088005932712,0.8384309649681427,0.30825358709523354,2.2932008193572138,2.776430967449035,4.245779766296055,,105,0,True,2,0,10,24,0,0,7280.739523840033,,7021.303461972628,,RAW_WINDOWS_DT30_DISTANCE400_V1,115,115,0,1.0,,115,24.22384514868353,1.4085181270068357,4.965884782404494,,6,5,1.6580415893303548e-10,1,0,0,0,2,2,7062.810234505662,NO_RAW_BREAK_CROSSING,R0,UNIFORM,PROCESSED,d71e91f28a1dc3fbfc4b743eb235661b269fae2840a583577c2998860384d409
9352,115,41,0.3565217391304348,,True,False,False,0,10,64,105,41,0.6095238095238096,,4.949088005932712,0.8384309649681427,0.30825358709523354,2.2932008193572138,2.776430967449035,4.245779766296055,,105,0,True,2,0,10,24,0,0,7280.739523840033,,7021.303461972628,,RAW_WINDOWS_DT30_DISTANCE400_V1,115,115,0,1.0,,115,24.22384514868353,1.4085181270068357,4.965884782404494,,6,5,1.6580415893303548e-10,1,0,0,0,2,2,7062.810234505662,NO_RAW_BREAK_CROSSING,S0,UNIFORM,PROCESSED,57026b26cfa8bb75438f9ffd3709139050cfb4ec528e1dbe245be662b848bcc6
9352,115,41,0.3565217391304348,,True,False,False,0,10,64,105,41,0.6095238095238096,,4.949088005932712,0.8384309649681427,0.30825358709523354,2.2932008193572138,2.776430967449035,4.245779766296055,,105,0,True,2,0,10,24,0,0,7280.739523840033,,7021.303461972628,,RAW_WINDOWS_DT30_DISTANCE400_V1,115,115,0,1.0,,115,24.22384514868353,1.4085181270068357,4.965884782404494,,6,5,1.6580415893303548e-10,1,0,0,0,2,2,7062.810234505662,NO_RAW_BREAK_CROSSING,S_POINTS2,UNIFORM,PROCESSED,339a1eb894347f821e3d92365d2725f6e4e4584412d436f099b72eb8e9d0013a
9352,115,41,0.3565217391304348,,True,False,False,0,10,64,105,41,0.6095238095238096,,4.949088005932712,0.8384309649681427,0.30825358709523354,2.2932008193572138,2.776430967449035,4.245779766296055,,105,0,True,2,0,10,24,0,0,7280.739523840033,,7021.303461972628,,RAW_WINDOWS_DT30_DISTANCE400_V1,115,115,0,1.0,,115,24.22384514868353,1.4085181270068357,4.965884782404494,,6,5,1.6580415893303548e-10,1,0,0,0,2,2,7062.810234505662,NO_RAW_BREAK_CROSSING,S_LENGTH0,UNIFORM,PROCESSED,8073935ff4a3b726cbc956478b9bc3718869a8fdd1037f34d0b96ad7705f9172
9352,115,44,0.3826086956521739,,True,False,False,0,1,70,114,44,0.6140350877192983,,4.959254561233624,0.9630584565974151,0.43830758752675003,2.6105506121751936,3.46438283289652,4.859566074879112,,114,0,True,2,0,1,24,0,0,7280.739523840033,,7048.102227842564,,RAW_WINDOWS_DT30_DISTANCE400_V1,115,115,0,1.0,,115,8.390774245025538,1.0276472895402684,3.5877516354414767,,1,5,1.6580415893303548e-10,1,0,0,0,2,2,7062.810234505662,NO_RAW_BREAK_CROSSING,D60,UNIFORM,PROCESSED,0b875af27e6783c2b6805a2cf365d71fdc2b30d530e2d550f33bfafcbdc5f611
9352,115,54,0.46956521739130436,,True,False,False,0,10,51,105,54,0.48571428571428577,,1.9585699304045725,0.3382790266096046,0.0,1.2311581482711034,1.3964776710945654,1.8443972181710226,,105,0,True,2,0,10,24,0,0,7280.739523840033,,7023.540315375782,,RAW_WINDOWS_DT30_DISTANCE400_V1,115,115,0,1.0,,115,24.22384514868353,0.9433868268235351,4.437954650546062,,6,5,1.6580415893303548e-10,1,0,0,0,2,2,7062.810234505662,NO_RAW_BREAK_CROSSING,P2,UNIFORM,PROCESSED,5feb9a672c058ef3b012d05a6f24778df6040941f5a96759d5ccfdc8f3f60c2a
9352,115,27,0.23478260869565218,,True,False,False,0,10,78,105,27,0.7428571428571429,,9.63531809212892,2.1066196535717228,1.2148520316438445,6.388979145372567,8.521921357760231,9.384001090213106,,105,0,True,2,0,10,24,0,0,7280.739523840033,,6995.385475211792,,RAW_WINDOWS_DT30_DISTANCE400_V1,115,115,0,1.0,,115,24.22384514868353,2.612840518980841,8.773360697032636,,21,5,1.6580415893303548e-10,1,0,0,0,2,2,7062.810234505662,NO_RAW_BREAK_CROSSING,P10,UNIFORM,PROCESSED,29690efb613d81b8a8f980008af7625ca2d6ab908677a6ccad535ac698a385d1
5029,98,0,0.0,,False,True,True,98,0,0,0,0,,EMPTY_DP_REFERENCE_DENOMINATOR,,,,,,,EMPTY_DP_REFERENCE,0,0,True,7,7,0,0,0,0,24.307343690533227,,,EMPTY_OUTPUT,RAW_WINDOWS_DT30_DISTANCE400_V1,98,0,98,0.0,,0,,,,NO_COVERED_RAW_POINTS,0,5,7.342103738269666e-11,6,0,0,12,7,0,21.150514972246985,NO_RAW_BREAK_CROSSING,R0,UNIFORM,ALL_FILTERED,1c891fc884d98dfbd89c25c8df56f1f6145cdb7a98e8e327d22e7987eaa3c0d3
5029,98,14,0.14285714285714285,,True,False,False,0,0,84,98,14,0.8571428571428572,,0.96200303604267,0.23088776559836502,0.0,0.96200303604267,0.96200303604267,0.96200303604267,,98,0,True,7,0,0,98,0,0,24.307343690533227,,20.0255694142811,,RAW_WINDOWS_DT30_DISTANCE400_V1,98,98,0,1.0,,98,0.96200303604267,0.23088776559836502,0.96200303604267,,0,5,7.342103738269666e-11,6,0,0,0,7,7,21.150514972246985,NO_RAW_BREAK_CROSSING,S0,UNIFORM,PROCESSED,0d52e70a8cdb8bce0ce789237dbbee786beb144a88d9dfbf23dd809f71bd6f10
5029,98,0,0.0,,False,True,True,98,0,0,0,0,,EMPTY_DP_REFERENCE_DENOMINATOR,,,,,,,EMPTY_DP_REFERENCE,0,0,True,7,7,0,0,0,0,24.307343690533227,,,EMPTY_OUTPUT,RAW_WINDOWS_DT30_DISTANCE400_V1,98,0,98,0.0,,0,,,,NO_COVERED_RAW_POINTS,0,5,7.342103738269666e-11,6,0,0,12,7,0,21.150514972246985,NO_RAW_BREAK_CROSSING,S_POINTS2,UNIFORM,ALL_FILTERED,92fbe9793b035eb7efa8e79c706e17eb2fa0b54bbdbb0ecf1dd272c680f8e2f7
5029,98,12,0.12244897959183673,,True,False,False,4,0,82,94,12,0.8723404255319149,,0.96200303604267,0.2407127769004231,0.0,0.96200303604267,0.96200303604267,0.96200303604267,,94,0,True,7,1,0,94,0,0,24.307343690533227,,20.0255694142811,,RAW_WINDOWS_DT30_DISTANCE400_V1,98,94,4,0.9591836734693877,,94,0.96200303604267,0.2407127769004231,0.96200303604267,,0,5,7.342103738269666e-11,6,0,0,2,7,6,21.150514972246985,NO_RAW_BREAK_CROSSING,S_LENGTH0,UNIFORM,PROCESSED,ce255320f72befc993891def4d957730254335e3be89bba66d329992fe0afb75
5029,98,0,0.0,,False,True,True,98,0,0,0,0,,EMPTY_DP_REFERENCE_DENOMINATOR,,,,,,,EMPTY_DP_REFERENCE,0,0,True,7,7,0,0,0,0,24.307343690533227,,,EMPTY_OUTPUT,RAW_WINDOWS_DT30_DISTANCE400_V1,98,0,98,0.0,,0,,,,NO_COVERED_RAW_POINTS,0,5,7.342103738269666e-11,6,0,0,12,7,0,21.150514972246985,NO_RAW_BREAK_CROSSING,D60,UNIFORM,ALL_FILTERED,357cac0f616fefbd8811e773ca81cb6d7574bd185d16f60b7c1ac69c67a3b9bf
5029,98,0,0.0,,False,True,True,98,0,0,0,0,,EMPTY_DP_REFERENCE_DENOMINATOR,,,,,,,EMPTY_DP_REFERENCE,0,0,True,7,7,0,0,0,0,24.307343690533227,,,EMPTY_OUTPUT,RAW_WINDOWS_DT30_DISTANCE400_V1,98,0,98,0.0,,0,,,,NO_COVERED_RAW_POINTS,0,5,7.342103738269666e-11,6,0,0,12,7,0,21.150514972246985,NO_RAW_BREAK_CROSSING,P2,UNIFORM,ALL_FILTERED,d7ba674cf21d2245eb6f42133d3ade87caa2c28987dec50e1141d14fe2170d3c
5029,98,0,0.0,,False,True,True,98,0,0,0,0,,EMPTY_DP_REFERENCE_DENOMINATOR,,,,,,,EMPTY_DP_REFERENCE,0,0,True,7,7,0,0,0,0,24.307343690533227,,,EMPTY_OUTPUT,RAW_WINDOWS_DT30_DISTANCE400_V1,98,0,98,0.0,,0,,,,NO_COVERED_RAW_POINTS,0,5,7.342103738269666e-11,6,0,0,12,7,0,21.150514972246985,NO_RAW_BREAK_CROSSING,P10,UNIFORM,ALL_FILTERED,f3af26a06fcec765cea1465dbc137c789251df95465d17ba4503300b3d71eb4d
10000,124,22,0.1774193548387097,,True,False,False,0,8,94,116,22,0.8103448275862069,,4.51618887202955,1.8911687651392957,2.0462620252108565,3.869557108849576,4.213847504595287,4.213847504595287,,116,0,True,1,0,8,78,0,0,2190.9414054218846,,2138.082940167459,,RAW_WINDOWS_DT30_DISTANCE400_V1,124,124,0,1.0,,124,22.487099724858023,2.2856308436807233,4.213847504595287,,5,5,1.4880463754090948e-10,0,0,0,0,1,1,2190.9414054218846,NO_RAW_BREAK_CROSSING,R0,UNIFORM,PROCESSED,0536f3b0eb37e68342f3d6167deac8559789fb3657e3317e8530a1dc7cab41e8
10000,124,22,0.1774193548387097,,True,False,False,0,8,94,116,22,0.8103448275862069,,4.51618887202955,1.8911687651392957,2.0462620252108565,3.869557108849576,4.213847504595287,4.213847504595287,,116,0,True,1,0,8,78,0,0,2190.9414054218846,,2138.082940167459,,RAW_WINDOWS_DT30_DISTANCE400_V1,124,124,0,1.0,,124,22.487099724858023,2.2856308436807233,4.213847504595287,,5,5,1.4880463754090948e-10,0,0,0,0,1,1,2190.9414054218846,NO_RAW_BREAK_CROSSING,S0,UNIFORM,PROCESSED,283e3402e1fb3f214adef6b6f926c66747425ea6913f96515cdf64223bbeea0b
10000,124,22,0.1774193548387097,,True,False,False,0,8,94,116,22,0.8103448275862069,,4.51618887202955,1.8911687651392957,2.0462620252108565,3.869557108849576,4.213847504595287,4.213847504595287,,116,0,True,1,0,8,78,0,0,2190.9414054218846,,2138.082940167459,,RAW_WINDOWS_DT30_DISTANCE400_V1,124,124,0,1.0,,124,22.487099724858023,2.2856308436807233,4.213847504595287,,5,5,1.4880463754090948e-10,0,0,0,0,1,1,2190.9414054218846,NO_RAW_BREAK_CROSSING,S_POINTS2,UNIFORM,PROCESSED,dd8415c0cff204b279b0995c50f3fb8689283ac172dd1e3a33c497254ce86ebd
10000,124,22,0.1774193548387097,,True,False,False,0,8,94,116,22,0.8103448275862069,,4.51618887202955,1.8911687651392957,2.0462620252108565,3.869557108849576,4.213847504595287,4.213847504595287,,116,0,True,1,0,8,78,0,0,2190.9414054218846,,2138.082940167459,,RAW_WINDOWS_DT30_DISTANCE400_V1,124,124,0,1.0,,124,22.487099724858023,2.2856308436807233,4.213847504595287,,5,5,1.4880463754090948e-10,0,0,0,0,1,1,2190.9414054218846,NO_RAW_BREAK_CROSSING,S_LENGTH0,UNIFORM,PROCESSED,7231b951c21e9a01d6a434cf9078e210af0350f773c093dccaba1940c2919e6f
10000,124,27,0.21774193548387097,,True,False,False,0,1,96,123,27,0.7804878048780488,,4.834365851102397,1.8602781499071568,2.0462620252108565,3.9251391701495484,4.213847504595287,4.213847504595287,,123,0,True,1,0,1,78,0,0,2190.9414054218846,,2163.322763977052,,RAW_WINDOWS_DT30_DISTANCE400_V1,124,124,0,1.0,,124,7.288943200971851,1.9040577067705817,4.213847504595287,,1,5,1.4880463754090948e-10,0,0,0,0,1,1,2190.9414054218846,NO_RAW_BREAK_CROSSING,D60,UNIFORM,PROCESSED,07cb065dc1ec643a3718587ead6f203366f636b9181815dd1df7f00f6bcbe032
10000,124,28,0.22580645161290322,,True,False,False,0,8,88,116,28,0.7586206896551724,,1.8665500181433663,0.2752689639587783,0.12009240481943186,0.7785331947237288,1.1864513547283082,1.7613560023124708,,116,0,True,1,0,8,78,0,0,2190.9414054218846,,2149.583937112287,,RAW_WINDOWS_DT30_DISTANCE400_V1,124,124,0,1.0,,124,22.487099724858023,0.7916477579888982,2.56311129013384,,5,5,1.4880463754090948e-10,0,0,0,0,1,1,2190.9414054218846,NO_RAW_BREAK_CROSSING,P2,UNIFORM,PROCESSED,c12ff7a9049de3e47da1e06f3b53e30fb6fac568c8a445742d965b3d76bdf3c6
10000,124,16,0.12903225806451613,,True,False,False,0,8,100,116,16,0.8620689655172413,,9.791382215105758,2.4987082021820335,2.15316203328394,4.213847504595287,5.983827348816347,9.070592324338403,,116,0,True,1,0,8,78,0,0,2190.9414054218846,,2130.998930743216,,RAW_WINDOWS_DT30_DISTANCE400_V1,124,124,0,1.0,,124,18.4496207846661,2.8231303033526722,8.494515351153819,,13,5,1.4880463754090948e-10,0,0,0,0,1,1,2190.9414054218846,NO_RAW_BREAK_CROSSING,P10,UNIFORM,PROCESSED,aa41133011d72add1c0c44cb4cef0cf1be70e328bda3028a396d2d5381e6592c
2340,110,36,0.32727272727272727,,True,False,False,0,5,69,105,36,0.6571428571428571,,3.676999470098943,0.7549430705280503,0.1499767488907401,2.0569538727602152,2.8784484026746475,3.5582929685786295,,105,0,True,1,0,5,59,0,0,5610.730309488316,,5585.240694567912,,RAW_WINDOWS_DT30_DISTANCE400_V1,110,110,0,1.0,,110,10.957598373732257,0.9882520536946483,3.3890932966746012,,3,5,2.5615984782725485e-10,0,0,0,0,1,1,5610.730309488316,NO_RAW_BREAK_CROSSING,R0,UNIFORM,PROCESSED,f3cec14751d98afa4cd039b9321cf9d007fe09a4e2d0789996abe2d6ab67fcce
2340,110,36,0.32727272727272727,,True,False,False,0,5,69,105,36,0.6571428571428571,,3.676999470098943,0.7549430705280503,0.1499767488907401,2.0569538727602152,2.8784484026746475,3.5582929685786295,,105,0,True,1,0,5,59,0,0,5610.730309488316,,5585.240694567912,,RAW_WINDOWS_DT30_DISTANCE400_V1,110,110,0,1.0,,110,10.957598373732257,0.9882520536946483,3.3890932966746012,,3,5,2.5615984782725485e-10,0,0,0,0,1,1,5610.730309488316,NO_RAW_BREAK_CROSSING,S0,UNIFORM,PROCESSED,bec575baf5b3db96cd6d9221b396ea785ad42a1be7cd78a32c5a11209cf9ed75
2340,110,36,0.32727272727272727,,True,False,False,0,5,69,105,36,0.6571428571428571,,3.676999470098943,0.7549430705280503,0.1499767488907401,2.0569538727602152,2.8784484026746475,3.5582929685786295,,105,0,True,1,0,5,59,0,0,5610.730309488316,,5585.240694567912,,RAW_WINDOWS_DT30_DISTANCE400_V1,110,110,0,1.0,,110,10.957598373732257,0.9882520536946483,3.3890932966746012,,3,5,2.5615984782725485e-10,0,0,0,0,1,1,5610.730309488316,NO_RAW_BREAK_CROSSING,S_POINTS2,UNIFORM,PROCESSED,60d762eb91e02477013c277192f7dd5b4e069db245aa24465fdd8860dafbcedf
2340,110,36,0.32727272727272727,,True,False,False,0,5,69,105,36,0.6571428571428571,,3.676999470098943,0.7549430705280503,0.1499767488907401,2.0569538727602152,2.8784484026746475,3.5582929685786295,,105,0,True,1,0,5,59,0,0,5610.730309488316,,5585.240694567912,,RAW_WINDOWS_DT30_DISTANCE400_V1,110,110,0,1.0,,110,10.957598373732257,0.9882520536946483,3.3890932966746012,,3,5,2.5615984782725485e-10,0,0,0,0,1,1,5610.730309488316,NO_RAW_BREAK_CROSSING,S_LENGTH0,UNIFORM,PROCESSED,08092d653b0e63c235d6ea55fcb2d8ea8abc986db351f57b52aae345e04f2af5
2340,110,38,0.34545454545454546,,True,False,False,0,1,71,109,38,0.6513761467889908,,3.676999470098943,0.7710076472016318,0.1499767488907401,2.0569538727602152,2.8719477645201756,3.66258471958259,,109,0,True,1,0,1,59,0,0,5610.730309488316,,5599.2538370635175,,RAW_WINDOWS_DT30_DISTANCE400_V1,110,110,0,1.0,,110,3.676999470098943,0.7749512372201692,2.8703226049815576,,0,5,2.5615984782725485e-10,0,0,0,0,1,1,5610.730309488316,NO_RAW_BREAK_CROSSING,D60,UNIFORM,PROCESSED,1ca6f4c21ad523771f7c59bc5d87f4b5c389876b55e3b06c7b191302d65715af
2340,110,45,0.4090909090909091,,True,False,False,0,5,60,105,45,0.5714285714285714,,1.5900748708258292,0.3091471929824326,0.0,1.1436198226112868,1.5632776307302003,1.5900748708258292,,105,0,True,1,0,5,59,0,0,5610.730309488316,,5587.1172977486,,RAW_WINDOWS_DT30_DISTANCE400_V1,110,110,0,1.0,,110,10.957598373732257,0.5611706624888277,1.5900748708258292,,3,5,2.5615984782725485e-10,0,0,0,0,1,1,5610.730309488316,NO_RAW_BREAK_CROSSING,P2,UNIFORM,PROCESSED,de3ca2e324801c2de856f863443aba34c27d21a2e0549dbb1b5b38ccfc5ee1af
2340,110,29,0.2636363636363636,,True,False,False,0,5,76,105,29,0.7238095238095238,,9.502114203075333,2.8027183288598883,1.0950800328125,8.322472405570657,9.502114203075333,9.502114203075333,,105,0,True,1,0,5,59,0,0,5610.730309488316,,5573.205747399433,,RAW_WINDOWS_DT30_DISTANCE400_V1,110,110,0,1.0,,110,10.957598373732257,2.939313417833075,9.502114203075333,,30,5,2.5615984782725485e-10,0,0,0,0,1,1,5610.730309488316,NO_RAW_BREAK_CROSSING,P10,UNIFORM,PROCESSED,f20f932e3b1ec51550b0c47fa2f3c2ab154deba5b01a2da6e83af00c78b440c1
7920,129,14,0.10852713178294573,,True,False,False,49,9,57,71,14,0.8028169014084507,,4.676557527203366,0.2180220560381544,0.0,0.20356989418981708,0.9154716332656323,3.581965187647779,,71,0,True,4,3,9,56,0,0,3744.8138475451874,,1894.4099579883964,,RAW_WINDOWS_DT30_DISTANCE400_V1,129,80,49,0.6201550387596899,,80,187.6375419804648,6.967569518770714,29.367765733251108,,7,5,9.167945211603163e-11,3,0,0,5,4,1,3742.751780046416,NO_RAW_BREAK_CROSSING,R0,UNIFORM,PROCESSED,9b26e524c90b64b33c708f3eebdcfaa4a6a4797e8120b91ea23e152bd2a6d845
7920,129,20,0.15503875968992248,,True,False,False,0,9,100,120,20,0.8333333333333334,,4.676557527203366,0.15730121834860272,0.0,0.28304835192694694,0.28304835192694694,2.992408186846186,,120,0,True,4,0,9,105,0,0,3744.8138475451874,,1897.6201356252134,,RAW_WINDOWS_DT30_DISTANCE400_V1,129,129,0,1.0,,129,187.6375419804648,4.347303424223104,6.7437982695840635,,7,5,9.167945211603163e-11,3,0,0,0,4,4,3742.751780046416,NO_RAW_BREAK_CROSSING,S0,UNIFORM,PROCESSED,1b8613d008fe14eb1f5a6e0f3c376b67db8272d8ae52b49c2ec874d34fdee9cc
7920,129,14,0.10852713178294573,,True,False,False,49,9,57,71,14,0.8028169014084507,,4.676557527203366,0.2180220560381544,0.0,0.20356989418981708,0.9154716332656323,3.581965187647779,,71,0,True,4,3,9,56,0,0,3744.8138475451874,,1894.4099579883964,,RAW_WINDOWS_DT30_DISTANCE400_V1,129,80,49,0.6201550387596899,,80,187.6375419804648,6.967569518770714,29.367765733251108,,7,5,9.167945211603163e-11,3,0,0,5,4,1,3742.751780046416,NO_RAW_BREAK_CROSSING,S_POINTS2,UNIFORM,PROCESSED,dbf7fe6eebea8b239cb60810d5dd7cac348820e5c7c41de14880e5acccff90d8
7920,129,20,0.15503875968992248,,True,False,False,0,9,100,120,20,0.8333333333333334,,4.676557527203366,0.15730121834860272,0.0,0.28304835192694694,0.28304835192694694,2.992408186846186,,120,0,True,4,0,9,105,0,0,3744.8138475451874,,1897.6201356252134,,RAW_WINDOWS_DT30_DISTANCE400_V1,129,129,0,1.0,,129,187.6375419804648,4.347303424223104,6.7437982695840635,,7,5,9.167945211603163e-11,3,0,0,0,4,4,3742.751780046416,NO_RAW_BREAK_CROSSING,S_LENGTH0,UNIFORM,PROCESSED,789c11cb8f8ff70d10dac3076e835aaf09c29fdf8eef61fcbf560458e93f1bfd
7920,129,15,0.11627906976744186,,True,False,False,49,8,57,72,15,0.7916666666666666,,4.676557527203366,0.21499397192651337,0.0,0.20356989418981708,0.8794571794337684,3.5663281542255705,,72,0,True,4,3,8,56,0,0,3744.8138475451874,,2142.677442643025,,RAW_WINDOWS_DT30_DISTANCE400_V1,129,80,49,0.6201550387596899,,80,187.6375419804648,6.578366089453975,29.367765733251108,,6,5,9.167945211603163e-11,3,0,0,5,4,1,3742.751780046416,NO_RAW_BREAK_CROSSING,D60,UNIFORM,PROCESSED,a7e7060f4e4dce3ee1594ff15854dcaea1e7159e3c1f56133e816a5c3bff78c9
7920,129,15,0.11627906976744186,,True,False,False,49,9,56,71,15,0.7887323943661972,,1.3782865943598575,0.09978635154095157,0.0,0.20356989418981708,0.37944849456839513,1.306417298416961,,71,0,True,4,3,9,56,0,0,3744.8138475451874,,1894.4691002769262,,RAW_WINDOWS_DT30_DISTANCE400_V1,129,80,49,0.6201550387596899,,80,187.6375419804648,7.943230309059219,83.20074172173575,,8,5,9.167945211603163e-11,3,0,0,5,4,1,3742.751780046416,NO_RAW_BREAK_CROSSING,P2,UNIFORM,PROCESSED,61d89097165e6377ecc03179d12d7bebd24fe062a8cacc7e2ab46f9f9697013e
7920,129,9,0.06976744186046512,,True,False,False,49,9,62,71,9,0.8732394366197183,,7.832129298860293,3.1863513024926515,4.562380249796736,6.189752420206164,6.460025004303812,7.663978399016982,,71,0,True,4,3,9,56,0,0,3744.8138475451874,,1718.6028015450531,,RAW_WINDOWS_DT30_DISTANCE400_V1,129,80,49,0.6201550387596899,,80,82.81311771188928,5.1834556034615655,10.0100910582611,,30,5,9.167945211603163e-11,3,0,0,5,4,1,3742.751780046416,NO_RAW_BREAK_CROSSING,P10,UNIFORM,PROCESSED,9930090af298a98579c41d54df9630fdb6389eb95c712cdda8c32367e12b6872
10442,95,5,0.05263157894736842,,True,False,False,74,0,16,21,5,0.7619047619047619,,4.479680615761317,0.7216991645223415,0.0,1.9572160650985488,2.302450096398561,4.044234511888767,,21,0,True,2,1,0,13,0,0,742.1290990828844,,725.4564126184115,,RAW_WINDOWS_DT30_DISTANCE400_V1,95,21,74,0.22105263157894736,,21,4.479680615761317,0.7216991645223415,2.302450096398561,,0,5,4.970190704454398e-10,1,0,0,1,2,1,730.535430950853,NO_RAW_BREAK_CROSSING,R0,UNIFORM,PROCESSED,5e96c61d0538ab03d36f685e14973c285392126fed3fd7aaad2eb9b64c3db10a
10442,95,7,0.07368421052631578,,True,False,False,0,0,88,95,7,0.9263157894736842,,4.479680615761317,0.4020292993677847,0.23807648850303695,0.7637095730086949,1.254892409022075,2.4330839275603315,,95,0,True,2,0,0,87,0,0,742.1290990828844,,726.4788993133667,,RAW_WINDOWS_DT30_DISTANCE400_V1,95,95,0,1.0,,95,4.479680615761317,0.4020292993677847,1.254892409022075,,0,5,4.970190704454398e-10,1,0,0,0,2,2,730.535430950853,NO_RAW_BREAK_CROSSING,S0,UNIFORM,PROCESSED,a78d93c8f3d09568874e4b78cf1665c9e1aa3fa20e2cf9885bc82deba4387bae
10442,95,5,0.05263157894736842,,True,False,False,74,0,16,21,5,0.7619047619047619,,4.479680615761317,0.7216991645223415,0.0,1.9572160650985488,2.302450096398561,4.044234511888767,,21,0,True,2,1,0,13,0,0,742.1290990828844,,725.4564126184115,,RAW_WINDOWS_DT30_DISTANCE400_V1,95,21,74,0.22105263157894736,,21,4.479680615761317,0.7216991645223415,2.302450096398561,,0,5,4.970190704454398e-10,1,0,0,1,2,1,730.535430950853,NO_RAW_BREAK_CROSSING,S_POINTS2,UNIFORM,PROCESSED,c28511eda0f9da8cda9f8ec05eb51148956a81ed6b4de9e71341d200a5981632
10442,95,7,0.07368421052631578,,True,False,False,0,0,88,95,7,0.9263157894736842,,4.479680615761317,0.4020292993677847,0.23807648850303695,0.7637095730086949,1.254892409022075,2.4330839275603315,,95,0,True,2,0,0,87,0,0,742.1290990828844,,726.4788993133667,,RAW_WINDOWS_DT30_DISTANCE400_V1,95,95,0,1.0,,95,4.479680615761317,0.4020292993677847,1.254892409022075,,0,5,4.970190704454398e-10,1,0,0,0,2,2,730.535430950853,NO_RAW_BREAK_CROSSING,S_LENGTH0,UNIFORM,PROCESSED,8a12debf7385c911d2594520f91859e397f08167168905cbc70b9d67e59c2782
10442,95,5,0.05263157894736842,,True,False,False,74,0,16,21,5,0.7619047619047619,,4.479680615761317,0.7216991645223415,0.0,1.9572160650985488,2.302450096398561,4.044234511888767,,21,0,True,2,1,0,13,0,0,742.1290990828844,,725.4564126184115,,RAW_WINDOWS_DT30_DISTANCE400_V1,95,21,74,0.22105263157894736,,21,4.479680615761317,0.7216991645223415,2.302450096398561,,0,5,4.970190704454398e-10,1,0,0,1,2,1,730.535430950853,NO_RAW_BREAK_CROSSING,D60,UNIFORM,PROCESSED,56452e806914efa8ccd820ff65f00be5f8e9537566e13b6f509ff916be992528
10442,95,7,0.07368421052631578,,True,False,False,74,0,14,21,7,0.6666666666666667,,1.5578566762832444,0.2550516623712278,0.0,0.4733656772029807,1.5477906776825185,1.5558434765630993,,21,0,True,2,1,0,13,0,0,742.1290990828844,,727.4627600103859,,RAW_WINDOWS_DT30_DISTANCE400_V1,95,21,74,0.22105263157894736,,21,1.5578566762832444,0.2550516623712278,1.5477906776825185,,0,5,4.970190704454398e-10,1,0,0,1,2,1,730.535430950853,NO_RAW_BREAK_CROSSING,P2,UNIFORM,PROCESSED,157d9d930ceb7b43675217a4957393f98a82b002ae152bed7949b689cec7977c
10442,95,4,0.042105263157894736,,True,False,False,74,0,17,21,4,0.8095238095238095,,8.498630526800081,1.2099001135323177,0.5616660005964946,3.301380080091937,4.479680615761317,7.694840544592331,,21,0,True,2,1,0,13,0,0,742.1290990828844,,717.5994638921406,,RAW_WINDOWS_DT30_DISTANCE400_V1,95,21,74,0.22105263157894736,,21,8.498630526800081,1.2099001135323177,4.479680615761317,,1,5,4.970190704454398e-10,1,0,0,1,2,1,730.535430950853,NO_RAW_BREAK_CROSSING,P10,UNIFORM,PROCESSED,5b85181ec8af3bdc7470fa9247d702449d93ae7dcd40f04bc2179191f6e09f54
2034,93,12,0.12903225806451613,,True,False,False,0,1,80,92,12,0.8695652173913043,,4.041938198383229,1.279012894093959,1.431772183830065,2.7216317820173614,3.376536648373781,3.566215299917748,,92,0,True,2,0,1,83,0,0,1509.962315506177,,684.9825257898875,,RAW_WINDOWS_DT30_DISTANCE400_V1,93,93,0,1.0,,93,14.844257786899107,1.4248757424036915,3.376536648373781,,1,5,1.896021379458488e-10,1,0,0,0,2,2,726.287045836767,NO_RAW_BREAK_CROSSING,R0,UNIFORM,PROCESSED,6fe886acde3835a4eb40cb0ed4be357c648d70d7aaa42526c4fbff51cdc72f0b
2034,93,12,0.12903225806451613,,True,False,False,0,1,80,92,12,0.8695652173913043,,4.041938198383229,1.279012894093959,1.431772183830065,2.7216317820173614,3.376536648373781,3.566215299917748,,92,0,True,2,0,1,83,0,0,1509.962315506177,,684.9825257898875,,RAW_WINDOWS_DT30_DISTANCE400_V1,93,93,0,1.0,,93,14.844257786899107,1.4248757424036915,3.376536648373781,,1,5,1.896021379458488e-10,1,0,0,0,2,2,726.287045836767,NO_RAW_BREAK_CROSSING,S0,UNIFORM,PROCESSED,57cb0959244954a40c9eb55eac0f410321e25454b911b0053e215fccb16727ec
2034,93,12,0.12903225806451613,,True,False,False,0,1,80,92,12,0.8695652173913043,,4.041938198383229,1.279012894093959,1.431772183830065,2.7216317820173614,3.376536648373781,3.566215299917748,,92,0,True,2,0,1,83,0,0,1509.962315506177,,684.9825257898875,,RAW_WINDOWS_DT30_DISTANCE400_V1,93,93,0,1.0,,93,14.844257786899107,1.4248757424036915,3.376536648373781,,1,5,1.896021379458488e-10,1,0,0,0,2,2,726.287045836767,NO_RAW_BREAK_CROSSING,S_POINTS2,UNIFORM,PROCESSED,8dc1ca7b5b235458df1bb2cd89c44d8e96935f77d9e5667b5cd4e17e69a78358
2034,93,12,0.12903225806451613,,True,False,False,0,1,80,92,12,0.8695652173913043,,4.041938198383229,1.279012894093959,1.431772183830065,2.7216317820173614,3.376536648373781,3.566215299917748,,92,0,True,2,0,1,83,0,0,1509.962315506177,,684.9825257898875,,RAW_WINDOWS_DT30_DISTANCE400_V1,93,93,0,1.0,,93,14.844257786899107,1.4248757424036915,3.376536648373781,,1,5,1.896021379458488e-10,1,0,0,0,2,2,726.287045836767,NO_RAW_BREAK_CROSSING,S_LENGTH0,UNIFORM,PROCESSED,b50cd67a18cd4a683b027bf3f04e335c06eeed0612df952bd953ec0f8b6c3b5e
2034,93,12,0.12903225806451613,,True,False,False,0,1,80,92,12,0.8695652173913043,,4.041938198383229,1.279012894093959,1.431772183830065,2.7216317820173614,3.376536648373781,3.566215299917748,,92,0,True,2,0,1,83,0,0,1509.962315506177,,684.9825257898875,,RAW_WINDOWS_DT30_DISTANCE400_V1,93,93,0,1.0,,93,14.844257786899107,1.4248757424036915,3.376536648373781,,1,5,1.896021379458488e-10,1,0,0,0,2,2,726.287045836767,NO_RAW_BREAK_CROSSING,D60,UNIFORM,PROCESSED,e5625aa1d6971bb061a6b750cb488fe80881997d777aa95e5ae6e0295a58d05c
2034,93,16,0.17204301075268819,,True,False,False,0,1,76,92,16,0.8260869565217391,,1.5266254207963277,0.48411926907957403,0.5624780694826477,1.0407774373483099,1.431772183830065,1.440308975157029,,92,0,True,2,0,1,83,0,0,1509.962315506177,,693.9006134408108,,RAW_WINDOWS_DT30_DISTANCE400_V1,93,93,0,1.0,,93,14.844257786899107,0.6385293606690314,1.431772183830065,,1,5,1.896021379458488e-10,1,0,0,0,2,2,726.287045836767,NO_RAW_BREAK_CROSSING,P2,UNIFORM,PROCESSED,2901d4b8334007b018ada32c039e8bfb3aa132eed3ee111421767ede4aa8ae41
2034,93,6,0.06451612903225806,,True,False,False,0,1,86,92,6,0.9347826086956522,,9.65159894760592,2.386900999218882,1.7449359385142214,5.589108112661015,7.29601256984103,7.855805182090747,,92,0,True,2,0,1,83,0,0,1509.962315506177,,673.3328130115365,,RAW_WINDOWS_DT30_DISTANCE400_V1,93,93,0,1.0,,93,14.844257786899107,2.520851072204691,7.29601256984103,,13,5,1.896021379458488e-10,1,0,0,0,2,2,726.287045836767,NO_RAW_BREAK_CROSSING,P10,UNIFORM,PROCESSED,d8a6301eaa963190c995b99b4371bea98b9f9eb7362a888072c72f4d94470944
10051,111,39,0.35135135135135137,,True,False,False,0,4,68,107,39,0.6355140186915889,,4.959104070753008,0.8790575372648992,0.285599567146887,2.734019068297134,3.8417735748202393,4.711252922023748,,107,0,True,2,0,4,49,0,0,4391.918001460621,,4337.10897114558,,RAW_WINDOWS_DT30_DISTANCE400_V1,111,111,0,1.0,,111,24.303048773137295,1.3847227413659924,4.633495472120211,,4,5,1.9241863538174816e-10,1,0,0,0,2,2,4363.94690230148,NO_RAW_BREAK_CROSSING,R0,UNIFORM,PROCESSED,f676b552179115f96d40fae14f5f810504215571f8ab2dc3d79e50b56c445513
10051,111,39,0.35135135135135137,,True,False,False,0,4,68,107,39,0.6355140186915889,,4.959104070753008,0.8790575372648992,0.285599567146887,2.734019068297134,3.8417735748202393,4.711252922023748,,107,0,True,2,0,4,49,0,0,4391.918001460621,,4337.10897114558,,RAW_WINDOWS_DT30_DISTANCE400_V1,111,111,0,1.0,,111,24.303048773137295,1.3847227413659924,4.633495472120211,,4,5,1.9241863538174816e-10,1,0,0,0,2,2,4363.94690230148,NO_RAW_BREAK_CROSSING,S0,UNIFORM,PROCESSED,9f2942164333c621698ea8b4427bdab3c49980a09d7c71ad2145ab9c8175fed3
10051,111,39,0.35135135135135137,,True,False,False,0,4,68,107,39,0.6355140186915889,,4.959104070753008,0.8790575372648992,0.285599567146887,2.734019068297134,3.8417735748202393,4.711252922023748,,107,0,True,2,0,4,49,0,0,4391.918001460621,,4337.10897114558,,RAW_WINDOWS_DT30_DISTANCE400_V1,111,111,0,1.0,,111,24.303048773137295,1.3847227413659924,4.633495472120211,,4,5,1.9241863538174816e-10,1,0,0,0,2,2,4363.94690230148,NO_RAW_BREAK_CROSSING,S_POINTS2,UNIFORM,PROCESSED,fcca849faba57efa1cd769dacf463a2fe38a82834136ab5a04f4179253a0b3c5
10051,111,39,0.35135135135135137,,True,False,False,0,4,68,107,39,0.6355140186915889,,4.959104070753008,0.8790575372648992,0.285599567146887,2.734019068297134,3.8417735748202393,4.711252922023748,,107,0,True,2,0,4,49,0,0,4391.918001460621,,4337.10897114558,,RAW_WINDOWS_DT30_DISTANCE400_V1,111,111,0,1.0,,111,24.303048773137295,1.3847227413659924,4.633495472120211,,4,5,1.9241863538174816e-10,1,0,0,0,2,2,4363.94690230148,NO_RAW_BREAK_CROSSING,S_LENGTH0,UNIFORM,PROCESSED,a8861b3441cc91eae1a3e37cbebba4166eae058a6734c26edc9ebc0673b26c51
10051,111,40,0.36036036036036034,,True,False,False,0,0,71,111,40,0.6396396396396397,,4.988889584722869,0.9571170544041354,0.285599567146887,2.8409811505299514,4.088440651859963,4.982106681227029,,111,0,True,2,0,0,49,0,0,4391.918001460621,,4356.751128654903,,RAW_WINDOWS_DT30_DISTANCE400_V1,111,111,0,1.0,,111,4.988889584722869,0.9571170544041354,4.088440651859963,,0,5,1.9241863538174816e-10,1,0,0,0,2,2,4363.94690230148,NO_RAW_BREAK_CROSSING,D60,UNIFORM,PROCESSED,3e8fa96019dc5770521c314e692fce719ab7ca6e338c396a8cb08136bf072bbf
10051,111,54,0.4864864864864865,,True,False,False,0,4,53,107,54,0.4953271028037384,,1.9532236033632766,0.3489328362627901,0.0,1.4864433136824364,1.8202992455476223,1.8800792339969994,,107,0,True,2,0,4,49,0,0,4391.918001460621,,4341.150037590549,,RAW_WINDOWS_DT30_DISTANCE400_V1,111,111,0,1.0,,111,24.303048773137295,0.8737016331927884,1.8520971117440994,,4,5,1.9241863538174816e-10,1,0,0,0,2,2,4363.94690230148,NO_RAW_BREAK_CROSSING,P2,UNIFORM,PROCESSED,a9d3270051e7a35850ca5462db9d3e0080305f3aef3e08427e09aef6049f484f
10051,111,29,0.26126126126126126,,True,False,False,0,4,78,107,29,0.7289719626168225,,8.774220279152129,1.8613828469902995,0.5656448405191201,5.882781772085093,6.775068416178293,8.029065402582626,,107,0,True,2,0,4,49,0,0,4391.918001460621,,4323.4705795196205,,RAW_WINDOWS_DT30_DISTANCE400_V1,111,111,0,1.0,,111,27.466415010382992,2.442539937996848,7.594017124896257,,21,5,1.9241863538174816e-10,1,0,0,0,2,2,4363.94690230148,NO_RAW_BREAK_CROSSING,P10,UNIFORM,PROCESSED,31accf0b964204eaa897b5b1229f313bd2d4718b5905dee7d089eeb1bc82656e
6556,97,0,0.0,,False,True,True,97,0,0,0,0,,EMPTY_DP_REFERENCE_DENOMINATOR,,,,,,,EMPTY_DP_REFERENCE,0,0,True,2,2,0,0,0,0,68.219823052222,,,EMPTY_OUTPUT,RAW_WINDOWS_DT30_DISTANCE400_V1,97,0,97,0.0,,0,,,,NO_COVERED_RAW_POINTS,0,5,3.366923831187299e-10,1,0,0,2,2,0,67.85786310952446,NO_RAW_BREAK_CROSSING,R0,UNIFORM,ALL_FILTERED,69f47df66028587d525b7f9b906f1152b84ba6581dbf8674ef056cc22137ba9f
6556,97,5,0.05154639175257732,,True,False,False,0,9,83,88,5,0.9431818181818182,,3.95635052034866,1.4220418691517378,1.306121229278344,3.0154552170448197,3.230770465654685,3.8230288522960847,,88,0,True,2,0,9,15,0,0,68.219823052222,,35.35719046423651,,RAW_WINDOWS_DT30_DISTANCE400_V1,97,97,0,1.0,,97,3.95635052034866,1.423298429787583,3.2229319179054285,,0,5,3.366923831187299e-10,1,0,0,0,2,2,67.85786310952446,NO_RAW_BREAK_CROSSING,S0,UNIFORM,PROCESSED,98915bf964ab137246498e19e0f12e78fc3a790b4633d24b607dbc47d30fa72f
6556,97,0,0.0,,False,True,True,97,0,0,0,0,,EMPTY_DP_REFERENCE_DENOMINATOR,,,,,,,EMPTY_DP_REFERENCE,0,0,True,2,2,0,0,0,0,68.219823052222,,,EMPTY_OUTPUT,RAW_WINDOWS_DT30_DISTANCE400_V1,97,0,97,0.0,,0,,,,NO_COVERED_RAW_POINTS,0,5,3.366923831187299e-10,1,0,0,2,2,0,67.85786310952446,NO_RAW_BREAK_CROSSING,S_POINTS2,UNIFORM,ALL_FILTERED,4b7bf8582a03b9305ef544ba173ea73c4274bd77f367886d16822a2a2e7621f0
6556,97,5,0.05154639175257732,,True,False,False,0,9,83,88,5,0.9431818181818182,,3.95635052034866,1.4220418691517378,1.306121229278344,3.0154552170448197,3.230770465654685,3.8230288522960847,,88,0,True,2,0,9,15,0,0,68.219823052222,,35.35719046423651,,RAW_WINDOWS_DT30_DISTANCE400_V1,97,97,0,1.0,,97,3.95635052034866,1.423298429787583,3.2229319179054285,,0,5,3.366923831187299e-10,1,0,0,0,2,2,67.85786310952446,NO_RAW_BREAK_CROSSING,S_LENGTH0,UNIFORM,PROCESSED,8f5a742c93ffe9424ab8fbeb8698ae13821ac163ecf233651f16d428fbe6ac2e
6556,97,0,0.0,,False,True,True,97,0,0,0,0,,EMPTY_DP_REFERENCE_DENOMINATOR,,,,,,,EMPTY_DP_REFERENCE,0,0,True,2,2,0,0,0,0,68.219823052222,,,EMPTY_OUTPUT,RAW_WINDOWS_DT30_DISTANCE400_V1,97,0,97,0.0,,0,,,,NO_COVERED_RAW_POINTS,0,5,3.366923831187299e-10,1,0,0,2,2,0,67.85786310952446,NO_RAW_BREAK_CROSSING,D60,UNIFORM,ALL_FILTERED,ecab99e2c7c1e6c0a2a226c094f5c2ad929c7423bbc5e2a0da53062e20ec5e69
6556,97,0,0.0,,False,True,True,97,0,0,0,0,,EMPTY_DP_REFERENCE_DENOMINATOR,,,,,,,EMPTY_DP_REFERENCE,0,0,True,2,2,0,0,0,0,68.219823052222,,,EMPTY_OUTPUT,RAW_WINDOWS_DT30_DISTANCE400_V1,97,0,97,0.0,,0,,,,NO_COVERED_RAW_POINTS,0,5,3.366923831187299e-10,1,0,0,2,2,0,67.85786310952446,NO_RAW_BREAK_CROSSING,P2,UNIFORM,ALL_FILTERED,b8ae219bd9edb28436dd249ac4c534e1c6b41a8bb3bda4d4fd4e7682ef51761a
6556,97,0,0.0,,False,True,True,97,0,0,0,0,,EMPTY_DP_REFERENCE_DENOMINATOR,,,,,,,EMPTY_DP_REFERENCE,0,0,True,2,2,0,0,0,0,68.219823052222,,,EMPTY_OUTPUT,RAW_WINDOWS_DT30_DISTANCE400_V1,97,0,97,0.0,,0,,,,NO_COVERED_RAW_POINTS,0,5,3.366923831187299e-10,1,0,0,2,2,0,67.85786310952446,NO_RAW_BREAK_CROSSING,P10,UNIFORM,ALL_FILTERED,36b65ee7cf5bba858bc721a50889af113416cb821844c3844e17dfbf1f71eef7
8456,107,38,0.35514018691588783,,True,False,False,0,4,65,103,38,0.6310679611650485,,4.576388605280112,1.0099130574196147,0.09411338263635714,3.1845509064102298,3.5182760878916217,4.5028973656689075,,103,0,True,1,0,4,37,0,0,6320.093232898084,,6294.397619307406,,RAW_WINDOWS_DT30_DISTANCE400_V1,107,107,0,1.0,,107,14.696896176882962,1.2960955129007452,4.4375349078431965,,3,5,4.0586190330300665e-10,0,0,0,0,1,1,6320.093232898084,NO_RAW_BREAK_CROSSING,R0,UNIFORM,PROCESSED,e9f2ce40ec145b4669f8dc931077cee6778b0619ebce7e0f073d17a31e1caa35
8456,107,38,0.35514018691588783,,True,False,False,0,4,65,103,38,0.6310679611650485,,4.576388605280112,1.0099130574196147,0.09411338263635714,3.1845509064102298,3.5182760878916217,4.5028973656689075,,103,0,True,1,0,4,37,0,0,6320.093232898084,,6294.397619307406,,RAW_WINDOWS_DT30_DISTANCE400_V1,107,107,0,1.0,,107,14.696896176882962,1.2960955129007452,4.4375349078431965,,3,5,4.0586190330300665e-10,0,0,0,0,1,1,6320.093232898084,NO_RAW_BREAK_CROSSING,S0,UNIFORM,PROCESSED,ea9b7821144260f1d3a4ae0d264c0a5be1b47a88e11c227e7b20e247fee9b983
8456,107,38,0.35514018691588783,,True,False,False,0,4,65,103,38,0.6310679611650485,,4.576388605280112,1.0099130574196147,0.09411338263635714,3.1845509064102298,3.5182760878916217,4.5028973656689075,,103,0,True,1,0,4,37,0,0,6320.093232898084,,6294.397619307406,,RAW_WINDOWS_DT30_DISTANCE400_V1,107,107,0,1.0,,107,14.696896176882962,1.2960955129007452,4.4375349078431965,,3,5,4.0586190330300665e-10,0,0,0,0,1,1,6320.093232898084,NO_RAW_BREAK_CROSSING,S_POINTS2,UNIFORM,PROCESSED,bed609e31af5a7786c7ffb848f8fb6022e4f4760251f0da792534ba06123b3e4
8456,107,38,0.35514018691588783,,True,False,False,0,4,65,103,38,0.6310679611650485,,4.576388605280112,1.0099130574196147,0.09411338263635714,3.1845509064102298,3.5182760878916217,4.5028973656689075,,103,0,True,1,0,4,37,0,0,6320.093232898084,,6294.397619307406,,RAW_WINDOWS_DT30_DISTANCE400_V1,107,107,0,1.0,,107,14.696896176882962,1.2960955129007452,4.4375349078431965,,3,5,4.0586190330300665e-10,0,0,0,0,1,1,6320.093232898084,NO_RAW_BREAK_CROSSING,S_LENGTH0,UNIFORM,PROCESSED,e24c58db5af0228760477114163fdb21d02cccb55d7940fb73d28b41c867b230
8456,107,41,0.38317757009345793,,True,False,False,0,0,66,107,41,0.6168224299065421,,4.576388605280112,1.0619079168038377,0.08108608908617623,3.1845509064102298,3.9054724517129324,4.504358204901089,,107,0,True,1,0,0,37,0,0,6320.093232898084,,6313.3023285888485,,RAW_WINDOWS_DT30_DISTANCE400_V1,107,107,0,1.0,,107,4.576388605280112,1.0619079168038377,3.9054724517129324,,0,5,4.0586190330300665e-10,0,0,0,0,1,1,6320.093232898084,NO_RAW_BREAK_CROSSING,D60,UNIFORM,PROCESSED,87bfcd587d124562004d13b6cd7ed88240d8dbab941e9fa130f1936c7c82d56c
8456,107,48,0.4485981308411215,,True,False,False,0,4,55,103,48,0.5339805825242718,,1.9307140333064206,0.2921995908439832,0.0,1.2461781788491537,1.621695636217454,1.855294097032312,,103,0,True,1,0,4,37,0,0,6320.093232898084,,6298.870658955124,,RAW_WINDOWS_DT30_DISTANCE400_V1,107,107,0,1.0,,107,14.407288604648432,0.5972304440133421,1.77226966465607,,3,5,4.0586190330300665e-10,0,0,0,0,1,1,6320.093232898084,NO_RAW_BREAK_CROSSING,P2,UNIFORM,PROCESSED,bc83ca6ac86576935d8ffdf34c6786055dc44b1211c2a54ba82cf16b1aabf876
8456,107,26,0.24299065420560748,,True,False,False,0,4,77,103,26,0.7475728155339806,,9.649587279642809,2.8360146414378864,2.4202936880826273,5.984698898580745,7.273902548729979,9.44828140964404,,103,0,True,1,0,4,37,0,0,6320.093232898084,,6273.97458976958,,RAW_WINDOWS_DT30_DISTANCE400_V1,107,107,0,1.0,,107,14.696896176882962,3.117036375753579,8.044510405233199,,30,5,4.0586190330300665e-10,0,0,0,0,1,1,6320.093232898084,NO_RAW_BREAK_CROSSING,P10,UNIFORM,PROCESSED,6566739e023636d128f1e802dd44f09346864d0fbb5e1244aed3d95cd9531515
1676,104,32,0.3076923076923077,,True,False,False,0,2,70,102,32,0.6862745098039216,,4.645493409369551,1.0587512198263367,0.0,2.66520993211781,3.96143944118244,4.62105174132201,,102,0,True,1,0,2,54,0,0,3767.101994363083,,3745.5554639117036,,RAW_WINDOWS_DT30_DISTANCE400_V1,104,104,0,1.0,,104,9.38042710482628,1.199193376995288,4.080030642448583,,2,5,2.1594185533521225e-10,0,0,0,0,1,1,3767.101994363083,NO_RAW_BREAK_CROSSING,R0,UNIFORM,PROCESSED,48c935ef588841f48c69c42433dee82c5551413eea50143235bb7c13fc535793
1676,104,32,0.3076923076923077,,True,False,False,0,2,70,102,32,0.6862745098039216,,4.645493409369551,1.0587512198263367,0.0,2.66520993211781,3.96143944118244,4.62105174132201,,102,0,True,1,0,2,54,0,0,3767.101994363083,,3745.5554639117036,,RAW_WINDOWS_DT30_DISTANCE400_V1,104,104,0,1.0,,104,9.38042710482628,1.199193376995288,4.080030642448583,,2,5,2.1594185533521225e-10,0,0,0,0,1,1,3767.101994363083,NO_RAW_BREAK_CROSSING,S0,UNIFORM,PROCESSED,3ebafff18ce3114fa2e37c9962e6e73dc9833b7ab89d5dd50cab62e5b6592446
1676,104,32,0.3076923076923077,,True,False,False,0,2,70,102,32,0.6862745098039216,,4.645493409369551,1.0587512198263367,0.0,2.66520993211781,3.96143944118244,4.62105174132201,,102,0,True,1,0,2,54,0,0,3767.101994363083,,3745.5554639117036,,RAW_WINDOWS_DT30_DISTANCE400_V1,104,104,0,1.0,,104,9.38042710482628,1.199193376995288,4.080030642448583,,2,5,2.1594185533521225e-10,0,0,0,0,1,1,3767.101994363083,NO_RAW_BREAK_CROSSING,S_POINTS2,UNIFORM,PROCESSED,a65422747d1c47ff196f22a62f92fb4a019b8e9e455268c39c4dabdf991b663a
1676,104,32,0.3076923076923077,,True,False,False,0,2,70,102,32,0.6862745098039216,,4.645493409369551,1.0587512198263367,0.0,2.66520993211781,3.96143944118244,4.62105174132201,,102,0,True,1,0,2,54,0,0,3767.101994363083,,3745.5554639117036,,RAW_WINDOWS_DT30_DISTANCE400_V1,104,104,0,1.0,,104,9.38042710482628,1.199193376995288,4.080030642448583,,2,5,2.1594185533521225e-10,0,0,0,0,1,1,3767.101994363083,NO_RAW_BREAK_CROSSING,S_LENGTH0,UNIFORM,PROCESSED,ef3fb3234ff0548cc075fe92cffdca9ddc410766047123a96091491b47652a34
1676,104,32,0.3076923076923077,,True,False,False,0,1,71,103,32,0.6893203883495146,,4.645493409369551,1.0592217656116898,0.0,2.662003302381951,3.9557930304445343,4.621009553413788,,103,0,True,1,0,1,54,0,0,3767.101994363083,,3749.302427091322,,RAW_WINDOWS_DT30_DISTANCE400_V1,104,104,0,1.0,,104,9.38042710482628,1.1392333554118301,4.000094976391027,,1,5,2.1594185533521225e-10,0,0,0,0,1,1,3767.101994363083,NO_RAW_BREAK_CROSSING,D60,UNIFORM,PROCESSED,13effaa64b6a91db4bf6009cc658de9f94a190df33be676dc7c5fd538fbe429e
1676,104,48,0.46153846153846156,,True,False,False,0,2,54,102,48,0.5294117647058824,,1.9984344271681478,0.12252197411376638,0.0,0.3571861129077359,0.4588836776383734,1.745786936994632,,102,0,True,1,0,2,54,0,0,3767.101994363083,,3757.4682077654047,,RAW_WINDOWS_DT30_DISTANCE400_V1,104,104,0,1.0,,104,9.38042710482628,0.2809685398541133,1.5037070286512557,,2,5,2.1594185533521225e-10,0,0,0,0,1,1,3767.101994363083,NO_RAW_BREAK_CROSSING,P2,UNIFORM,PROCESSED,4a0aea8d50335b6e5bf67bd4d173255bb4fbe31cb568e80535a43836d77d598a
1676,104,26,0.25,,True,False,False,0,2,76,102,26,0.7450980392156863,,9.966395098197564,2.2272826503307153,1.6790965871275925,7.525315002013985,7.532383358649118,7.532383358649118,,102,0,True,1,0,2,54,0,0,3767.101994363083,,3715.3304348638326,,RAW_WINDOWS_DT30_DISTANCE400_V1,104,104,0,1.0,,104,9.966395098197564,2.3452530492207364,7.532383358649118,,18,5,2.1594185533521225e-10,0,0,0,0,1,1,3767.101994363083,NO_RAW_BREAK_CROSSING,P10,UNIFORM,PROCESSED,97db8aba03e4a032d7d12ea37b0e3ee82779612c57e783008f8c6ce4289e3eb0
8424,112,38,0.3392857142857143,,True,False,False,0,8,66,104,38,0.6346153846153846,,4.795609338956205,1.2605865693518261,0.6653049798394401,4.077307183272569,4.473611891546598,4.794794767201638,,104,0,True,1,0,8,3,0,0,6083.199198129145,,6040.3727563880675,,RAW_WINDOWS_DT30_DISTANCE400_V1,112,112,0,1.0,,112,6.359427840179674,1.4063802399309449,4.710216274992334,,2,5,2.2133460498359134e-10,0,0,0,0,1,1,6083.199198129145,NO_RAW_BREAK_CROSSING,R0,UNIFORM,PROCESSED,7b247e943c164f7cb748a5b3e16fa1c2bfafc797af86eac42baa0f2b3a9b9193
8424,112,38,0.3392857142857143,,True,False,False,0,8,66,104,38,0.6346153846153846,,4.795609338956205,1.2605865693518261,0.6653049798394401,4.077307183272569,4.473611891546598,4.794794767201638,,104,0,True,1,0,8,3,0,0,6083.199198129145,,6040.3727563880675,,RAW_WINDOWS_DT30_DISTANCE400_V1,112,112,0,1.0,,112,6.359427840179674,1.4063802399309449,4.710216274992334,,2,5,2.2133460498359134e-10,0,0,0,0,1,1,6083.199198129145,NO_RAW_BREAK_CROSSING,S0,UNIFORM,PROCESSED,86fbe2a9d5eb2cbf1f8cdfcad6ce4d193499aa30d2fb33be6ed4d7346f1fff5a
8424,112,38,0.3392857142857143,,True,False,False,0,8,66,104,38,0.6346153846153846,,4.795609338956205,1.2605865693518261,0.6653049798394401,4.077307183272569,4.473611891546598,4.794794767201638,,104,0,True,1,0,8,3,0,0,6083.199198129145,,6040.3727563880675,,RAW_WINDOWS_DT30_DISTANCE400_V1,112,112,0,1.0,,112,6.359427840179674,1.4063802399309449,4.710216274992334,,2,5,2.2133460498359134e-10,0,0,0,0,1,1,6083.199198129145,NO_RAW_BREAK_CROSSING,S_POINTS2,UNIFORM,PROCESSED,cf2cfc261085c9100692feef828cfc148523d16b56eeafa435d5033d368efe32
8424,112,38,0.3392857142857143,,True,False,False,0,8,66,104,38,0.6346153846153846,,4.795609338956205,1.2605865693518261,0.6653049798394401,4.077307183272569,4.473611891546598,4.794794767201638,,104,0,True,1,0,8,3,0,0,6083.199198129145,,6040.3727563880675,,RAW_WINDOWS_DT30_DISTANCE400_V1,112,112,0,1.0,,112,6.359427840179674,1.4063802399309449,4.710216274992334,,2,5,2.2133460498359134e-10,0,0,0,0,1,1,6083.199198129145,NO_RAW_BREAK_CROSSING,S_LENGTH0,UNIFORM,PROCESSED,129adb16572510968d3dd54e2778b4280977b879eda43107a97a993b27771557
8424,112,40,0.35714285714285715,,True,False,False,0,4,68,108,40,0.6296296296296297,,4.795609338956205,1.2348678109781432,0.5599860583349574,3.9237155604737497,4.467422721047378,4.79400723077908,,108,0,True,1,0,4,3,0,0,6083.199198129145,,6050.208532472395,,RAW_WINDOWS_DT30_DISTANCE400_V1,112,112,0,1.0,,112,4.795609338956205,1.2811058421428905,4.461233550548157,,0,5,2.2133460498359134e-10,0,0,0,0,1,1,6083.199198129145,NO_RAW_BREAK_CROSSING,D60,UNIFORM,PROCESSED,7b68a58e2dcfbbd952eefee20ea6e8d4a7cf6178a6ffdaddbc2ea00064b3efc2
8424,112,59,0.5267857142857143,,True,False,False,0,8,45,104,59,0.4326923076923077,,1.9179373723253237,0.3020302344866026,0.0,0.9453292195235901,1.404177917986891,1.7126901629065565,,104,0,True,1,0,8,3,0,0,6083.199198129145,,6064.397681302963,,RAW_WINDOWS_DT30_DISTANCE400_V1,112,112,0,1.0,,112,6.359427840179674,0.4481784049805281,1.6692090353217992,,2,5,2.2133460498359134e-10,0,0,0,0,1,1,6083.199198129145,NO_RAW_BREAK_CROSSING,P2,UNIFORM,PROCESSED,e6661c7aee97b0bf24d74923f3c7d4644fecf4cd04b75cb54f2e43c79549440f
8424,112,25,0.22321428571428573,,True,False,False,0,8,79,104,25,0.7596153846153846,,9.186359409632194,2.6643662431884656,2.2025724627163052,6.215410634197901,7.018109956918925,8.736802469204205,,104,0,True,1,0,8,3,0,0,6083.199198129145,,6024.381750949082,,RAW_WINDOWS_DT30_DISTANCE400_V1,112,112,0,1.0,,112,9.186359409632194,2.7549501545207957,6.937667543258909,,23,5,2.2133460498359134e-10,0,0,0,0,1,1,6083.199198129145,NO_RAW_BREAK_CROSSING,P10,UNIFORM,PROCESSED,4730998e421653c23c373d1dc17959e444322552abfcb69134f036aa902c4443
8435,104,27,0.25961538461538464,,True,False,False,0,16,61,88,27,0.6931818181818181,,4.586505122976801,1.0943352481048931,0.5397972895008313,3.1180543358746386,3.7030570145427686,4.299677623645822,,88,0,True,1,0,16,3,0,0,5146.243110852425,,5115.047189766544,,RAW_WINDOWS_DT30_DISTANCE400_V1,104,104,0,1.0,,104,4.837108626025525,1.2065162683971256,3.936066784584389,,0,5,2.5602619384984e-10,0,0,0,0,1,1,5146.243110852425,NO_RAW_BREAK_CROSSING,R0,UNIFORM,PROCESSED,d42b61958cac7b46f5203ecd45f09f52300800ff549a5d74170d6d944833c347
8435,104,27,0.25961538461538464,,True,False,False,0,16,61,88,27,0.6931818181818181,,4.586505122976801,1.0943352481048931,0.5397972895008313,3.1180543358746386,3.7030570145427686,4.299677623645822,,88,0,True,1,0,16,3,0,0,5146.243110852425,,5115.047189766544,,RAW_WINDOWS_DT30_DISTANCE400_V1,104,104,0,1.0,,104,4.837108626025525,1.2065162683971256,3.936066784584389,,0,5,2.5602619384984e-10,0,0,0,0,1,1,5146.243110852425,NO_RAW_BREAK_CROSSING,S0,UNIFORM,PROCESSED,57cb10351be605b6ff5a875c9003e71d502882ac0929aeedc5868c51dd92e890
8435,104,27,0.25961538461538464,,True,False,False,0,16,61,88,27,0.6931818181818181,,4.586505122976801,1.0943352481048931,0.5397972895008313,3.1180543358746386,3.7030570145427686,4.299677623645822,,88,0,True,1,0,16,3,0,0,5146.243110852425,,5115.047189766544,,RAW_WINDOWS_DT30_DISTANCE400_V1,104,104,0,1.0,,104,4.837108626025525,1.2065162683971256,3.936066784584389,,0,5,2.5602619384984e-10,0,0,0,0,1,1,5146.243110852425,NO_RAW_BREAK_CROSSING,S_POINTS2,UNIFORM,PROCESSED,313e26050276f834439ed1d0a7b157d8be6377f6c215ed5f396de01194112936
8435,104,27,0.25961538461538464,,True,False,False,0,16,61,88,27,0.6931818181818181,,4.586505122976801,1.0943352481048931,0.5397972895008313,3.1180543358746386,3.7030570145427686,4.299677623645822,,88,0,True,1,0,16,3,0,0,5146.243110852425,,5115.047189766544,,RAW_WINDOWS_DT30_DISTANCE400_V1,104,104,0,1.0,,104,4.837108626025525,1.2065162683971256,3.936066784584389,,0,5,2.5602619384984e-10,0,0,0,0,1,1,5146.243110852425,NO_RAW_BREAK_CROSSING,S_LENGTH0,UNIFORM,PROCESSED,b46a1b9f201da960d52f5000a5c9ce0371596545e9b4fd264a144c17c57dcb21
8435,104,28,0.2692307692307692,,True,False,False,0,5,71,99,28,0.7171717171717171,,4.586505122976801,1.110852295021252,0.5778694400174011,2.82073675192701,3.4642043524257287,4.2634120777534,,99,0,True,1,0,5,3,0,0,5146.243110852425,,5116.813393419051,,RAW_WINDOWS_DT30_DISTANCE400_V1,104,104,0,1.0,,104,4.586505122976801,1.1724652699748939,3.788881917390742,,0,5,2.5602619384984e-10,0,0,0,0,1,1,5146.243110852425,NO_RAW_BREAK_CROSSING,D60,UNIFORM,PROCESSED,c7e0bb3591986bf7b18eef1d996f4b93feea6b295debc89fb14213fa116e2685
8435,104,43,0.41346153846153844,,True,False,False,0,16,45,88,43,0.5113636363636364,,1.954705512424893,0.34178169238811024,0.04459635220789278,1.0944222568310942,1.3559039269315953,1.9126758521428724,,88,0,True,1,0,16,3,0,0,5146.243110852425,,5121.442564243849,,RAW_WINDOWS_DT30_DISTANCE400_V1,104,104,0,1.0,,104,4.837108626025525,0.4914285043589388,1.7414261980515502,,0,5,2.5602619384984e-10,0,0,0,0,1,1,5146.243110852425,NO_RAW_BREAK_CROSSING,P2,UNIFORM,PROCESSED,119102cdb59fd93d2873164e08e0c140a7ec37e40609d7054898b7b6b37cb070
8435,104,16,0.15384615384615385,,True,False,False,0,16,72,88,16,0.8181818181818181,,8.995376978798161,3.4489703884421092,2.8641931545241537,7.905583557296319,8.201978523573185,8.430203044002496,,88,0,True,1,0,16,3,0,0,5146.243110852425,,5094.67193674823,,RAW_WINDOWS_DT30_DISTANCE400_V1,104,104,0,1.0,,104,8.995376978798161,3.399150301036521,8.17770344582295,,34,5,2.5602619384984e-10,0,0,0,0,1,1,5146.243110852425,NO_RAW_BREAK_CROSSING,P10,UNIFORM,PROCESSED,09bd106b30482047f7ed69517c3ff36ecd1fac0324910de9124aedf8ef119041
3641,106,41,0.3867924528301887,,True,False,False,0,3,62,103,41,0.6019417475728155,,4.93857747294834,1.008695644898381,0.3923807565108851,2.9533177933221983,3.8728204365469727,4.925793250630823,,103,0,True,1,0,3,3,0,0,9475.054596356222,,9456.508261259007,,RAW_WINDOWS_DT30_DISTANCE400_V1,106,106,0,1.0,,106,19.27953006556302,1.218437504773815,4.179184781234498,,1,5,2.5476572553878153e-10,0,0,0,0,1,1,9475.054596356222,NO_RAW_BREAK_CROSSING,R0,UNIFORM,PROCESSED,81186d56d9aabb7b772cf6d27735073cd1b9bd2b8c27c9b8b9360e541461158b
3641,106,41,0.3867924528301887,,True,False,False,0,3,62,103,41,0.6019417475728155,,4.93857747294834,1.008695644898381,0.3923807565108851,2.9533177933221983,3.8728204365469727,4.925793250630823,,103,0,True,1,0,3,3,0,0,9475.054596356222,,9456.508261259007,,RAW_WINDOWS_DT30_DISTANCE400_V1,106,106,0,1.0,,106,19.27953006556302,1.218437504773815,4.179184781234498,,1,5,2.5476572553878153e-10,0,0,0,0,1,1,9475.054596356222,NO_RAW_BREAK_CROSSING,S0,UNIFORM,PROCESSED,456983ae33682735e843a92d8c057740a9ef749b8bc7490566a455a81f0b2dcc
3641,106,41,0.3867924528301887,,True,False,False,0,3,62,103,41,0.6019417475728155,,4.93857747294834,1.008695644898381,0.3923807565108851,2.9533177933221983,3.8728204365469727,4.925793250630823,,103,0,True,1,0,3,3,0,0,9475.054596356222,,9456.508261259007,,RAW_WINDOWS_DT30_DISTANCE400_V1,106,106,0,1.0,,106,19.27953006556302,1.218437504773815,4.179184781234498,,1,5,2.5476572553878153e-10,0,0,0,0,1,1,9475.054596356222,NO_RAW_BREAK_CROSSING,S_POINTS2,UNIFORM,PROCESSED,fe7549177b32b1b65d11b2865cd137060ad908b9430719fdfc0a87a9d4249f37
3641,106,41,0.3867924528301887,,True,False,False,0,3,62,103,41,0.6019417475728155,,4.93857747294834,1.008695644898381,0.3923807565108851,2.9533177933221983,3.8728204365469727,4.925793250630823,,103,0,True,1,0,3,3,0,0,9475.054596356222,,9456.508261259007,,RAW_WINDOWS_DT30_DISTANCE400_V1,106,106,0,1.0,,106,19.27953006556302,1.218437504773815,4.179184781234498,,1,5,2.5476572553878153e-10,0,0,0,0,1,1,9475.054596356222,NO_RAW_BREAK_CROSSING,S_LENGTH0,UNIFORM,PROCESSED,869495c2a8fc9fbf9c4e2402ccdd7df89007cbae0e240795746fedefd5474109
3641,106,42,0.39622641509433965,,True,False,False,0,0,64,106,42,0.6037735849056604,,4.93857747294834,1.03655514566473,0.3989025282433606,3.005555688691566,3.961552652869425,4.923071569441273,,106,0,True,1,0,0,3,0,0,9475.054596356222,,9463.865269610907,,RAW_WINDOWS_DT30_DISTANCE400_V1,106,106,0,1.0,,106,4.93857747294834,1.03655514566473,3.961552652869425,,0,5,2.5476572553878153e-10,0,0,0,0,1,1,9475.054596356222,NO_RAW_BREAK_CROSSING,D60,UNIFORM,PROCESSED,a75079db75eb193e6181e2564de469ebcf9cff73cd35bfc59ee67e9f72e05409
3641,106,56,0.5283018867924528,,True,False,False,0,3,47,103,56,0.4563106796116505,,1.9632613326697135,0.38731103623341423,0.0,1.4540473058536114,1.6896173567375223,1.9509396193295083,,103,0,True,1,0,3,3,0,0,9475.054596356222,,9461.48778014277,,RAW_WINDOWS_DT30_DISTANCE400_V1,106,106,0,1.0,,106,19.27953006556302,0.6295747588831975,1.8234793402373528,,2,5,2.5476572553878153e-10,0,0,0,0,1,1,9475.054596356222,NO_RAW_BREAK_CROSSING,P2,UNIFORM,PROCESSED,daefe0cc6d8bababf59723bb8f7a8ac8930048b071ca6ffba2f0a355034bdda3
3641,106,31,0.29245283018867924,,True,False,False,0,3,72,103,31,0.6990291262135923,,9.6781776832227,2.115360301408776,0.97475544217601,5.716378160606679,6.611399021208439,8.732340526955483,,103,0,True,1,0,3,3,0,0,9475.054596356222,,9452.782124836562,,RAW_WINDOWS_DT30_DISTANCE400_V1,106,106,0,1.0,,106,19.27953006556302,2.3291619407165682,7.139645129736475,,18,5,2.5476572553878153e-10,0,0,0,0,1,1,9475.054596356222,NO_RAW_BREAK_CROSSING,P10,UNIFORM,PROCESSED,ffda373d387b4281946ada483f3d24519ca3d099aa1b847f288f9669336dceb4
1887,98,53,0.5408163265306123,,True,False,False,6,0,39,92,53,0.42391304347826086,,3.2353627251467483,0.3682811529622481,0.0,1.3955838443411088,2.1874810844840775,3.1709618663043817,,92,0,True,19,2,0,51,0,0,26991.115826604528,,17383.10228475971,,RAW_WINDOWS_DT30_DISTANCE400_V1,98,92,6,0.9387755102040817,,92,3.2353627251467483,0.3682811529622481,2.1874810844840775,,0,5,4.121661885051783e-10,18,0,0,3,19,17,18373.35565951333,NO_RAW_BREAK_CROSSING,R0,UNIFORM,PROCESSED,4618bedcd989268a9c282a98a096e61f8af9e9d4c28e28d56e7feeeb1c5f408f
1887,98,58,0.5918367346938775,,True,False,False,0,0,40,98,58,0.40816326530612246,,3.2353627251467483,0.35526448164511915,0.0,1.3189319040799303,2.15138897430216,3.1667156558312586,,98,0,True,19,0,0,56,0,0,26991.115826604528,,18373.18982428235,,RAW_WINDOWS_DT30_DISTANCE400_V1,98,98,0,1.0,,98,3.2353627251467483,0.35526448164511915,2.15138897430216,,0,5,4.121661885051783e-10,18,0,0,0,19,19,18373.35565951333,NO_RAW_BREAK_CROSSING,S0,UNIFORM,PROCESSED,7a5164182b16cb8a09daca5b744d09da374ceb1420f13c560a875a8452348904
1887,98,58,0.5918367346938775,,True,False,False,0,0,40,98,58,0.40816326530612246,,3.2353627251467483,0.35526448164511915,0.0,1.3189319040799303,2.15138897430216,3.1667156558312586,,98,0,True,19,0,0,56,0,0,26991.115826604528,,18373.18982428235,,RAW_WINDOWS_DT30_DISTANCE400_V1,98,98,0,1.0,,98,3.2353627251467483,0.35526448164511915,2.15138897430216,,0,5,4.121661885051783e-10,18,0,0,0,19,19,18373.35565951333,NO_RAW_BREAK_CROSSING,S_POINTS2,UNIFORM,PROCESSED,cf909f92636c1bd8a68948e66337b3f62a67576380e2d4105d4ac8a8a9d3de84
1887,98,53,0.5408163265306123,,True,False,False,6,0,39,92,53,0.42391304347826086,,3.2353627251467483,0.3682811529622481,0.0,1.3955838443411088,2.1874810844840775,3.1709618663043817,,92,0,True,19,2,0,51,0,0,26991.115826604528,,17383.10228475971,,RAW_WINDOWS_DT30_DISTANCE400_V1,98,92,6,0.9387755102040817,,92,3.2353627251467483,0.3682811529622481,2.1874810844840775,,0,5,4.121661885051783e-10,18,0,0,3,19,17,18373.35565951333,NO_RAW_BREAK_CROSSING,S_LENGTH0,UNIFORM,PROCESSED,b690130f6aecf6b13a1ab92996a6bb6ecf657b978376aabae5cbf210e1095935
1887,98,53,0.5408163265306123,,True,False,False,6,0,39,92,53,0.42391304347826086,,3.2353627251467483,0.3682811529622481,0.0,1.3955838443411088,2.1874810844840775,3.1709618663043817,,92,0,True,19,2,0,51,0,0,26991.115826604528,,17383.10228475971,,RAW_WINDOWS_DT30_DISTANCE400_V1,98,92,6,0.9387755102040817,,92,3.2353627251467483,0.3682811529622481,2.1874810844840775,,0,5,4.121661885051783e-10,18,0,0,3,19,17,18373.35565951333,NO_RAW_BREAK_CROSSING,D60,UNIFORM,PROCESSED,402cbd41d48d9a7602a4a8ce403c5a2f5115c3d1982227a223b30f338e06f235
1887,98,57,0.5816326530612245,,True,False,False,6,0,35,92,57,0.3804347826086957,,1.946920784384124,0.18826449128695236,0.0,0.5825932005274174,1.0484072987734419,1.6956608772039474,,92,0,True,19,2,0,51,0,0,26991.115826604528,,17383.20180497353,,RAW_WINDOWS_DT30_DISTANCE400_V1,98,92,6,0.9387755102040817,,92,1.946920784384124,0.18826449128695236,1.0484072987734419,,0,5,4.121661885051783e-10,18,0,0,3,19,17,18373.35565951333,NO_RAW_BREAK_CROSSING,P2,UNIFORM,PROCESSED,d1cf11375f30afcd1884dee66f84b89abf79e745781773b057158dc596082c31
1887,98,45,0.45918367346938777,,True,False,False,6,0,47,92,45,0.5108695652173914,,9.855522974135518,1.1679759589220409,0.03825273605116384,4.723817828155155,6.369515402571944,9.312178710556203,,92,0,True,19,2,0,51,0,0,26991.115826604528,,17381.47006075385,,RAW_WINDOWS_DT30_DISTANCE400_V1,98,92,6,0.9387755102040817,,92,9.855522974135518,1.1679759589220409,6.369515402571944,,8,5,4.121661885051783e-10,18,0,0,3,19,17,18373.35565951333,NO_RAW_BREAK_CROSSING,P10,UNIFORM,PROCESSED,181d919c23faf3ebd6d316886ed2d6aecf95e2d76d50cf5952516e5556a3d18f
7027,107,55,0.514018691588785,,True,False,False,0,9,43,98,55,0.4387755102040817,,4.960391922916612,0.7866173441517569,0.0,3.4756103134658454,4.442989722510393,4.914756836618643,,98,0,True,1,0,9,3,0,0,4315.840887486651,,4284.847226627619,,RAW_WINDOWS_DT30_DISTANCE400_V1,107,107,0,1.0,,107,18.15573396798886,1.1514900307066864,4.878009451809649,,4,5,1.9974893551022392e-10,0,0,0,0,1,1,4315.840887486651,NO_RAW_BREAK_CROSSING,R0,UNIFORM,PROCESSED,3c17b49f10f39e617507e3decba0be0a70e1f7df8fd3fa6747ba3b560b1e7ab7
7027,107,55,0.514018691588785,,True,False,False,0,9,43,98,55,0.4387755102040817,,4.960391922916612,0.7866173441517569,0.0,3.4756103134658454,4.442989722510393,4.914756836618643,,98,0,True,1,0,9,3,0,0,4315.840887486651,,4284.847226627619,,RAW_WINDOWS_DT30_DISTANCE400_V1,107,107,0,1.0,,107,18.15573396798886,1.1514900307066864,4.878009451809649,,4,5,1.9974893551022392e-10,0,0,0,0,1,1,4315.840887486651,NO_RAW_BREAK_CROSSING,S0,UNIFORM,PROCESSED,6f970debb28ce1938050352c934f840f9144166a0f4dce9737e9e4178877c3c3
7027,107,55,0.514018691588785,,True,False,False,0,9,43,98,55,0.4387755102040817,,4.960391922916612,0.7866173441517569,0.0,3.4756103134658454,4.442989722510393,4.914756836618643,,98,0,True,1,0,9,3,0,0,4315.840887486651,,4284.847226627619,,RAW_WINDOWS_DT30_DISTANCE400_V1,107,107,0,1.0,,107,18.15573396798886,1.1514900307066864,4.878009451809649,,4,5,1.9974893551022392e-10,0,0,0,0,1,1,4315.840887486651,NO_RAW_BREAK_CROSSING,S_POINTS2,UNIFORM,PROCESSED,ab10ff249bf2c5685d63cd3904bf0d229c0f96c5632c4529a3ff8437bf56e3f3
7027,107,55,0.514018691588785,,True,False,False,0,9,43,98,55,0.4387755102040817,,4.960391922916612,0.7866173441517569,0.0,3.4756103134658454,4.442989722510393,4.914756836618643,,98,0,True,1,0,9,3,0,0,4315.840887486651,,4284.847226627619,,RAW_WINDOWS_DT30_DISTANCE400_V1,107,107,0,1.0,,107,18.15573396798886,1.1514900307066864,4.878009451809649,,4,5,1.9974893551022392e-10,0,0,0,0,1,1,4315.840887486651,NO_RAW_BREAK_CROSSING,S_LENGTH0,UNIFORM,PROCESSED,5ce93dfa46104f16a1ca94bf366a940a829b39212e7e81db4d6bb7be849f4d82
7027,107,56,0.5233644859813084,,True,False,False,0,1,50,106,56,0.4716981132075472,,4.983222497736624,0.8496524789344623,0.0,3.526034373263191,4.47612488293619,4.958039598880634,,106,0,True,1,0,1,3,0,0,4315.840887486651,,4299.390366749053,,RAW_WINDOWS_DT30_DISTANCE400_V1,107,107,0,1.0,,107,5.561815466347296,0.8936913853588813,4.63232831978171,,1,5,1.9974893551022392e-10,0,0,0,0,1,1,4315.840887486651,NO_RAW_BREAK_CROSSING,D60,UNIFORM,PROCESSED,f9aa0f8cf3b4179c17068cc5204b6bc5c12eab5ca5adc87712f6855196059399
7027,107,64,0.5981308411214953,,True,False,False,0,9,34,98,64,0.34693877551020413,,1.6131740245548534,0.23853943382434034,0.0,1.0864532453277111,1.2646234390933753,1.4614990502401997,,98,0,True,1,0,9,3,0,0,4315.840887486651,,4287.951756683262,,RAW_WINDOWS_DT30_DISTANCE400_V1,107,107,0,1.0,,107,18.15573396798886,0.7020352841653109,2.6943936972784064,,5,5,1.9974893551022392e-10,0,0,0,0,1,1,4315.840887486651,NO_RAW_BREAK_CROSSING,P2,UNIFORM,PROCESSED,6a0ce8d8b8b09eae9a8a2d37e47716c65b15eac03fedbba3c949e98ed771900e
7027,107,37,0.34579439252336447,,True,False,False,0,9,61,98,37,0.6224489795918368,,9.500527308186474,2.3585717800559154,1.2367622547889163,6.824935586581967,7.779420797817884,9.49333652590148,,98,0,True,1,0,9,3,0,0,4315.840887486651,,4250.757869841346,,RAW_WINDOWS_DT30_DISTANCE400_V1,107,107,0,1.0,,107,18.15573396798886,2.615201863445049,8.224093875929393,,23,5,1.9974893551022392e-10,0,0,0,0,1,1,4315.840887486651,NO_RAW_BREAK_CROSSING,P10,UNIFORM,PROCESSED,191d3fdf2fae280100213379e12f630177be82f82c33e4264a230ab925ac2ac5
7171,116,47,0.4051724137931034,,True,False,False,0,4,65,112,47,0.5803571428571428,,4.9733327490458,1.0684529729758119,0.5049030909567237,3.368885653256587,4.219500338904225,4.900189803801512,,112,0,True,1,0,4,3,0,0,10064.466866020708,,10001.621333700456,,RAW_WINDOWS_DT30_DISTANCE400_V1,116,116,0,1.0,,116,72.3331415152164,1.6855285740839938,4.371874413857965,,1,5,3.3417509932068295e-10,0,0,0,0,1,1,10064.466866020708,NO_RAW_BREAK_CROSSING,R0,UNIFORM,PROCESSED,576c428cb45323857ce1644dd6eeaab4c062c60656a145985676a42eb9a3a454
7171,116,47,0.4051724137931034,,True,False,False,0,4,65,112,47,0.5803571428571428,,4.9733327490458,1.0684529729758119,0.5049030909567237,3.368885653256587,4.219500338904225,4.900189803801512,,112,0,True,1,0,4,3,0,0,10064.466866020708,,10001.621333700456,,RAW_WINDOWS_DT30_DISTANCE400_V1,116,116,0,1.0,,116,72.3331415152164,1.6855285740839938,4.371874413857965,,1,5,3.3417509932068295e-10,0,0,0,0,1,1,10064.466866020708,NO_RAW_BREAK_CROSSING,S0,UNIFORM,PROCESSED,ce3d161cf19a1b4e94381064f60005d0de17d2d5c4b341d3ba57f8ae23c49f37
7171,116,47,0.4051724137931034,,True,False,False,0,4,65,112,47,0.5803571428571428,,4.9733327490458,1.0684529729758119,0.5049030909567237,3.368885653256587,4.219500338904225,4.900189803801512,,112,0,True,1,0,4,3,0,0,10064.466866020708,,10001.621333700456,,RAW_WINDOWS_DT30_DISTANCE400_V1,116,116,0,1.0,,116,72.3331415152164,1.6855285740839938,4.371874413857965,,1,5,3.3417509932068295e-10,0,0,0,0,1,1,10064.466866020708,NO_RAW_BREAK_CROSSING,S_POINTS2,UNIFORM,PROCESSED,6c86df7caef9dcd7c3c5b107e2b21ea6aecbb7a4d2f225059b8b0d438f6d76e3
7171,116,47,0.4051724137931034,,True,False,False,0,4,65,112,47,0.5803571428571428,,4.9733327490458,1.0684529729758119,0.5049030909567237,3.368885653256587,4.219500338904225,4.900189803801512,,112,0,True,1,0,4,3,0,0,10064.466866020708,,10001.621333700456,,RAW_WINDOWS_DT30_DISTANCE400_V1,116,116,0,1.0,,116,72.3331415152164,1.6855285740839938,4.371874413857965,,1,5,3.3417509932068295e-10,0,0,0,0,1,1,10064.466866020708,NO_RAW_BREAK_CROSSING,S_LENGTH0,UNIFORM,PROCESSED,e63de4f7db33e2f1b30918f71442a8cc9bf73885b10d31dda6a39fc5ec1b76be
7171,116,48,0.41379310344827586,,True,False,False,0,1,67,115,48,0.5826086956521739,,4.9733327490458,1.0823672456144908,0.5121040265751821,3.3488120445549288,4.373956013875222,4.899154423213634,,115,0,True,1,0,1,3,0,0,10064.466866020708,,10053.109202479049,,RAW_WINDOWS_DT30_DISTANCE400_V1,116,116,0,1.0,,116,4.9733327490458,1.0817417220831864,4.371874413857965,,0,5,3.3417509932068295e-10,0,0,0,0,1,1,10064.466866020708,NO_RAW_BREAK_CROSSING,D60,UNIFORM,PROCESSED,fa279d1dbfd8d88d565e8142e56486f9c99a33c1432ee05bf62715722e3312a3
7171,116,67,0.5775862068965517,,True,False,False,0,4,45,112,67,0.4017857142857143,,1.9735905418654665,0.30620967856243864,0.0,1.0957927315281022,1.3490918384256865,1.9285417078740315,,112,0,True,1,0,4,3,0,0,10064.466866020708,,10007.565589784563,,RAW_WINDOWS_DT30_DISTANCE400_V1,116,116,0,1.0,,116,72.3331415152164,0.9346218434236299,1.3720118866674769,,1,5,3.3417509932068295e-10,0,0,0,0,1,1,10064.466866020708,NO_RAW_BREAK_CROSSING,P2,UNIFORM,PROCESSED,1c2771493e82380641bdbd91ddfa5846eddb14262caf896f0d14ea9c5c17dad8
7171,116,32,0.27586206896551724,,True,False,False,0,4,80,112,32,0.7142857142857143,,9.981834680339972,2.3026511203460793,1.0646711888284197,7.31690662254065,8.681855423715728,9.162399967978324,,112,0,True,1,0,4,3,0,0,10064.466866020708,,9987.374406023775,,RAW_WINDOWS_DT30_DISTANCE400_V1,116,116,0,1.0,,116,72.3331415152164,2.9502337131066065,8.966317032054869,,21,5,3.3417509932068295e-10,0,0,0,0,1,1,10064.466866020708,NO_RAW_BREAK_CROSSING,P10,UNIFORM,PROCESSED,bccc4b13faa824ff1065c8644f98d494a759e7c60e3872c1a0bec56dbf7b5bcd
11325,106,58,0.5471698113207547,,True,False,False,5,2,41,99,58,0.41414141414141414,,4.142866660219625,0.660708791098486,0.0,2.3130859029138744,2.9019751078355944,3.897435427461358,,99,0,True,13,2,2,33,0,0,24505.922902077178,,18198.64964834928,,RAW_WINDOWS_DT30_DISTANCE400_V1,106,101,5,0.9528301886792453,,101,96.99419806025864,1.8542765507712784,3.0438659894056945,,2,5,4.05651468778258e-10,12,0,0,2,13,11,18983.023397071185,NO_RAW_BREAK_CROSSING,R0,UNIFORM,PROCESSED,94482a5fbc56842f50f23ca5cb118af77e3301c8898fbf95f3285abbbfafcd6c
11325,106,62,0.5849056603773585,,True,False,False,0,2,42,104,62,0.40384615384615385,,4.142866660219625,0.6315888013936456,0.0,2.246647267776702,2.875580689482104,3.8922530196227347,,104,0,True,13,0,2,38,0,0,24505.922902077178,,18891.898007129235,,RAW_WINDOWS_DT30_DISTANCE400_V1,106,106,0,1.0,,106,96.99419806025864,1.7694056288121525,3.0114930745152115,,2,5,4.05651468778258e-10,12,0,0,0,13,13,18983.023397071185,NO_RAW_BREAK_CROSSING,S0,UNIFORM,PROCESSED,066680edd08e48b7ca8b028993c826072d00a0e79675297bf0a4e33b92f136b1
11325,106,62,0.5849056603773585,,True,False,False,0,2,42,104,62,0.40384615384615385,,4.142866660219625,0.6315888013936456,0.0,2.246647267776702,2.875580689482104,3.8922530196227347,,104,0,True,13,0,2,38,0,0,24505.922902077178,,18891.898007129235,,RAW_WINDOWS_DT30_DISTANCE400_V1,106,106,0,1.0,,106,96.99419806025864,1.7694056288121525,3.0114930745152115,,2,5,4.05651468778258e-10,12,0,0,0,13,13,18983.023397071185,NO_RAW_BREAK_CROSSING,S_POINTS2,UNIFORM,PROCESSED,9d8139d3ac33b1728433e74c2ea825f154bb744fdd0c552771ecbfc4cc7a32a5
11325,106,58,0.5471698113207547,,True,False,False,5,2,41,99,58,0.41414141414141414,,4.142866660219625,0.660708791098486,0.0,2.3130859029138744,2.9019751078355944,3.897435427461358,,99,0,True,13,2,2,33,0,0,24505.922902077178,,18198.64964834928,,RAW_WINDOWS_DT30_DISTANCE400_V1,106,101,5,0.9528301886792453,,101,96.99419806025864,1.8542765507712784,3.0438659894056945,,2,5,4.05651468778258e-10,12,0,0,2,13,11,18983.023397071185,NO_RAW_BREAK_CROSSING,S_LENGTH0,UNIFORM,PROCESSED,d1d9b844e371cf32bc4324cfd0fcc99d8016b89595649795413c281ffe5435e5
11325,106,59,0.5566037735849056,,True,False,False,5,0,42,101,59,0.4158415841584159,,4.93336827149322,0.673395033310427,0.0,2.2764347748917095,2.9143743298437617,4.142866660219625,,101,0,True,13,2,0,33,0,0,24505.922902077178,,18289.248719763684,,RAW_WINDOWS_DT30_DISTANCE400_V1,106,101,5,0.9528301886792453,,101,4.93336827149322,0.673395033310427,2.9143743298437617,,0,5,4.05651468778258e-10,12,0,0,2,13,11,18983.023397071185,NO_RAW_BREAK_CROSSING,D60,UNIFORM,PROCESSED,27eb5a30bbe748da35f2d6c483e4bbc181f8965bb77f1b5c104f40fdf9c64113
11325,106,67,0.6320754716981132,,True,False,False,5,2,32,99,67,0.3232323232323232,,1.9021936157246018,0.25674571203207763,0.0,1.009312089797419,1.3132460429320971,1.902127903589017,,99,0,True,13,2,2,33,0,0,24505.922902077178,,18198.985798413218,,RAW_WINDOWS_DT30_DISTANCE400_V1,106,101,5,0.9528301886792453,,101,96.99419806025864,1.4524396438790217,1.5120838452593843,,2,5,4.05651468778258e-10,12,0,0,2,13,11,18983.023397071185,NO_RAW_BREAK_CROSSING,P2,UNIFORM,PROCESSED,c2d82f7d5c384abf18d9e64d20255ffc75854c5acf60a865c5675f1e3c335ca7
11325,106,46,0.4339622641509434,,True,False,False,5,2,53,99,46,0.5353535353535354,,9.93162126269541,1.9875251461798014,0.5358720356839836,6.716983320297422,7.881209797327514,9.790632891352834,,99,0,True,13,2,2,33,0,0,24505.922902077178,,18192.68281504542,,RAW_WINDOWS_DT30_DISTANCE400_V1,106,101,5,0.9528301886792453,,101,96.99419806025864,3.1512589230160826,8.217063078448929,,19,5,4.05651468778258e-10,12,0,0,2,13,11,18983.023397071185,NO_RAW_BREAK_CROSSING,P10,UNIFORM,PROCESSED,6faeae5a13db6e06e977ef993e31c2f86a6bf677cf9d86995bd518824551e45c
4125,97,51,0.5257731958762887,,True,False,False,0,19,27,78,51,0.34615384615384615,,4.949831913630092,0.6707949543751498,0.0,2.423134427329636,3.3986099788292594,4.689021721702682,,78,0,True,1,0,19,3,0,0,7177.943327183364,,7045.960019972004,,RAW_WINDOWS_DT30_DISTANCE400_V1,97,97,0,1.0,,97,23.946741133896435,2.150994815212062,11.935093640825297,,11,5,2.2608967393264943e-10,0,0,0,0,1,1,7177.943327183364,NO_RAW_BREAK_CROSSING,R0,UNIFORM,PROCESSED,b48ac4bb151ae561e331377acbee963eb82948abff4893dfffcfd3915ed5055f
4125,97,51,0.5257731958762887,,True,False,False,0,19,27,78,51,0.34615384615384615,,4.949831913630092,0.6707949543751498,0.0,2.423134427329636,3.3986099788292594,4.689021721702682,,78,0,True,1,0,19,3,0,0,7177.943327183364,,7045.960019972004,,RAW_WINDOWS_DT30_DISTANCE400_V1,97,97,0,1.0,,97,23.946741133896435,2.150994815212062,11.935093640825297,,11,5,2.2608967393264943e-10,0,0,0,0,1,1,7177.943327183364,NO_RAW_BREAK_CROSSING,S0,UNIFORM,PROCESSED,9148b1fafc97a5a7e78a625e21f451ec02fa836e1b60f615f6895c1674b188d6
4125,97,51,0.5257731958762887,,True,False,False,0,19,27,78,51,0.34615384615384615,,4.949831913630092,0.6707949543751498,0.0,2.423134427329636,3.3986099788292594,4.689021721702682,,78,0,True,1,0,19,3,0,0,7177.943327183364,,7045.960019972004,,RAW_WINDOWS_DT30_DISTANCE400_V1,97,97,0,1.0,,97,23.946741133896435,2.150994815212062,11.935093640825297,,11,5,2.2608967393264943e-10,0,0,0,0,1,1,7177.943327183364,NO_RAW_BREAK_CROSSING,S_POINTS2,UNIFORM,PROCESSED,0b4f2c6ccd2816635eecb7b70528985cbdc9cf695d43280428e6bb19a50e0b2b
4125,97,51,0.5257731958762887,,True,False,False,0,19,27,78,51,0.34615384615384615,,4.949831913630092,0.6707949543751498,0.0,2.423134427329636,3.3986099788292594,4.689021721702682,,78,0,True,1,0,19,3,0,0,7177.943327183364,,7045.960019972004,,RAW_WINDOWS_DT30_DISTANCE400_V1,97,97,0,1.0,,97,23.946741133896435,2.150994815212062,11.935093640825297,,11,5,2.2608967393264943e-10,0,0,0,0,1,1,7177.943327183364,NO_RAW_BREAK_CROSSING,S_LENGTH0,UNIFORM,PROCESSED,2d07e720e52e9c152fb393744e4c77ea42ef8cf7f37a9e1fe577cf88291fd00d
4125,97,55,0.5670103092783505,,True,False,False,0,10,32,87,55,0.367816091954023,,4.949831913630092,0.763419974582025,0.0,2.900134148039995,3.9083853674191773,4.809554501798086,,87,0,True,1,0,10,3,0,0,7177.943327183364,,7113.571682342108,,RAW_WINDOWS_DT30_DISTANCE400_V1,97,97,0,1.0,,97,11.82887967265313,1.2136755103196062,4.819341297972411,,4,5,2.2608967393264943e-10,0,0,0,0,1,1,7177.943327183364,NO_RAW_BREAK_CROSSING,D60,UNIFORM,PROCESSED,73e45097286c65097c711ad6805bd057574810ec5bac9842cf3bd63eb81b62d1
4125,97,62,0.6391752577319587,,True,False,False,0,19,16,78,62,0.20512820512820518,,1.8739077487646976,0.16274721815881837,0.0,0.7516923822336629,1.0017689820333802,1.8559802977772442,,78,0,True,1,0,19,3,0,0,7177.943327183364,,7047.76996669897,,RAW_WINDOWS_DT30_DISTANCE400_V1,97,97,0,1.0,,97,23.946741133896435,1.7458448777815307,11.938311406212788,,11,5,2.2608967393264943e-10,0,0,0,0,1,1,7177.943327183364,NO_RAW_BREAK_CROSSING,P2,UNIFORM,PROCESSED,7453a9fd25d4b20129aa84d34984864241a900dfa0fae7a053ca65eaa10fda0f
4125,97,35,0.36082474226804123,,True,False,False,0,19,43,78,35,0.5512820512820513,,9.750487862848262,2.055005398292236,0.8663945804532865,6.149327201285662,8.120524296412578,9.551710565986273,,78,0,True,1,0,19,3,0,0,7177.943327183364,,6994.712717427504,,RAW_WINDOWS_DT30_DISTANCE400_V1,97,97,0,1.0,,97,14.673483571529507,2.9550625132909216,10.725221975113651,,24,5,2.2608967393264943e-10,0,0,0,0,1,1,7177.943327183364,NO_RAW_BREAK_CROSSING,P10,UNIFORM,PROCESSED,236bdcf8c2afee73854f55c433ebd2b8a27bbe1fbd60179dfc5097696be634c0
7153,88,42,0.4772727272727273,,True,False,False,6,5,35,77,42,0.4545454545454546,,3.4704181328558494,0.4410658677058131,0.0,1.6135019983804983,2.696980089230718,3.149748816720933,,77,0,True,10,3,5,21,0,0,17492.88797908982,,11977.829025146935,,RAW_WINDOWS_DT30_DISTANCE400_V1,88,82,6,0.9318181818181818,,82,31.689758950547454,1.3614916716726089,3.627468379474209,,4,5,6.420222155639919e-10,9,0,0,4,10,7,12807.855155297204,NO_RAW_BREAK_CROSSING,R0,UNIFORM,PROCESSED,7a93968af2415fc2d4809d925e81118d14bb1d5d5664d2b30353b70fc0038571
7153,88,46,0.5227272727272727,,True,False,False,1,5,36,82,46,0.4390243902439024,,3.4704181328558494,0.4487341774513324,0.0,1.6195249911660181,2.7839130184019902,3.1286521511857424,,82,0,True,10,1,5,26,0,0,17492.88797908982,,12763.373443014569,,RAW_WINDOWS_DT30_DISTANCE400_V1,88,87,1,0.9886363636363636,,87,31.689758950547454,1.3158212392507538,3.58613936720622,,4,5,6.420222155639919e-10,9,0,0,1,10,9,12807.855155297204,NO_RAW_BREAK_CROSSING,S0,UNIFORM,PROCESSED,f16d85a1ed9ec8a357b1bb0e1ef044159080dfa46b765040acc432f839821abf
7153,88,46,0.5227272727272727,,True,False,False,1,5,36,82,46,0.4390243902439024,,3.4704181328558494,0.4487341774513324,0.0,1.6195249911660181,2.7839130184019902,3.1286521511857424,,82,0,True,10,1,5,26,0,0,17492.88797908982,,12763.373443014569,,RAW_WINDOWS_DT30_DISTANCE400_V1,88,87,1,0.9886363636363636,,87,31.689758950547454,1.3158212392507538,3.58613936720622,,4,5,6.420222155639919e-10,9,0,0,1,10,9,12807.855155297204,NO_RAW_BREAK_CROSSING,S_POINTS2,UNIFORM,PROCESSED,619f58fd39b6432b2c1362b360a6ca5b2abca3eaa733b191ac940e9a667beac8
7153,88,42,0.4772727272727273,,True,False,False,6,5,35,77,42,0.4545454545454546,,3.4704181328558494,0.4410658677058131,0.0,1.6135019983804983,2.696980089230718,3.149748816720933,,77,0,True,10,3,5,21,0,0,17492.88797908982,,11977.829025146935,,RAW_WINDOWS_DT30_DISTANCE400_V1,88,82,6,0.9318181818181818,,82,31.689758950547454,1.3614916716726089,3.627468379474209,,4,5,6.420222155639919e-10,9,0,0,4,10,7,12807.855155297204,NO_RAW_BREAK_CROSSING,S_LENGTH0,UNIFORM,PROCESSED,2a4f813b899aadabc936c90072518f5c0f2a8dcba26faaa75b138c7a31b027f5
7153,88,42,0.4772727272727273,,True,False,False,6,1,39,81,42,0.4814814814814815,,4.343482044856208,0.6104430715000175,0.0,2.3342563516045445,3.0484848221520147,3.7772837545134887,,81,0,True,10,3,1,21,0,0,17492.88797908982,,12005.573434568883,,RAW_WINDOWS_DT30_DISTANCE400_V1,88,82,6,0.9318181818181818,,82,17.58506009245152,0.8174505961457676,3.449321467320659,,1,5,6.420222155639919e-10,9,0,0,4,10,7,12807.855155297204,NO_RAW_BREAK_CROSSING,D60,UNIFORM,PROCESSED,8fa7326d5f4d2b2a9e0d0605fcd6d00d79064fe7ec0bf27e096cd2796297a9d8
7153,88,49,0.5568181818181818,,True,False,False,6,5,28,77,49,0.36363636363636365,,1.765961957230986,0.2204813360194053,0.0,0.7633148424294951,1.1330012401340008,1.7444870311649125,,77,0,True,10,3,5,21,0,0,17492.88797908982,,11981.364162153866,,RAW_WINDOWS_DT30_DISTANCE400_V1,88,82,6,0.9318181818181818,,82,31.689758950547454,1.1314222406491423,1.7654163482622842,,4,5,6.420222155639919e-10,9,0,0,4,10,7,12807.855155297204,NO_RAW_BREAK_CROSSING,P2,UNIFORM,PROCESSED,fe63f3a30f8e394177a8c162b93b93408dd46d902906c26fb70c05c6b4ee61cf
7153,88,34,0.38636363636363635,,True,False,False,6,5,43,77,34,0.5584415584415585,,9.964626910013381,1.2150628771867702,0.12461504117027712,5.330326995092153,6.8252631629029255,8.896371183351114,,77,0,True,10,3,5,21,0,0,17492.88797908982,,11964.968909138825,,RAW_WINDOWS_DT30_DISTANCE400_V1,88,82,6,0.9318181818181818,,82,31.689758950547454,2.175624563730238,9.894346927996132,,14,5,6.420222155639919e-10,9,0,0,4,10,7,12807.855155297204,NO_RAW_BREAK_CROSSING,P10,UNIFORM,PROCESSED,d04044f5e88989a59afedd5f0997a36c455cf67f5d285097d893a602b0772889
2192,105,30,0.2857142857142857,,True,False,False,0,5,70,100,30,0.7,,4.973850259136702,1.5158520727486766,0.8302772800063002,4.231921745089563,4.784463994631093,4.925460997803168,,100,0,True,2,0,5,6,0,0,6050.8358813023315,,5599.796585267345,,RAW_WINDOWS_DT30_DISTANCE400_V1,105,105,0,1.0,,105,43.22895679910468,1.9225908545961259,4.8222203924885365,,1,5,1.6515626172253049e-10,1,0,0,0,2,2,5634.470130389532,NO_RAW_BREAK_CROSSING,R0,UNIFORM,PROCESSED,a2204a74e6549933f694a4cb8d1b9764b0e6b61b885c7d67fd00827dafcc5a8f
2192,105,30,0.2857142857142857,,True,False,False,0,5,70,100,30,0.7,,4.973850259136702,1.5158520727486766,0.8302772800063002,4.231921745089563,4.784463994631093,4.925460997803168,,100,0,True,2,0,5,6,0,0,6050.8358813023315,,5599.796585267345,,RAW_WINDOWS_DT30_DISTANCE400_V1,105,105,0,1.0,,105,43.22895679910468,1.9225908545961259,4.8222203924885365,,1,5,1.6515626172253049e-10,1,0,0,0,2,2,5634.470130389532,NO_RAW_BREAK_CROSSING,S0,UNIFORM,PROCESSED,29c9abcb26ea2642057505c05ad2590fd1a9737de50b2360dfdf5eadce8cb6d6
2192,105,30,0.2857142857142857,,True,False,False,0,5,70,100,30,0.7,,4.973850259136702,1.5158520727486766,0.8302772800063002,4.231921745089563,4.784463994631093,4.925460997803168,,100,0,True,2,0,5,6,0,0,6050.8358813023315,,5599.796585267345,,RAW_WINDOWS_DT30_DISTANCE400_V1,105,105,0,1.0,,105,43.22895679910468,1.9225908545961259,4.8222203924885365,,1,5,1.6515626172253049e-10,1,0,0,0,2,2,5634.470130389532,NO_RAW_BREAK_CROSSING,S_POINTS2,UNIFORM,PROCESSED,3b31c20750616ce4fe12d1828c594a24fd66ae47365a5a7dceedff933f25e822
2192,105,30,0.2857142857142857,,True,False,False,0,5,70,100,30,0.7,,4.973850259136702,1.5158520727486766,0.8302772800063002,4.231921745089563,4.784463994631093,4.925460997803168,,100,0,True,2,0,5,6,0,0,6050.8358813023315,,5599.796585267345,,RAW_WINDOWS_DT30_DISTANCE400_V1,105,105,0,1.0,,105,43.22895679910468,1.9225908545961259,4.8222203924885365,,1,5,1.6515626172253049e-10,1,0,0,0,2,2,5634.470130389532,NO_RAW_BREAK_CROSSING,S_LENGTH0,UNIFORM,PROCESSED,8e5eb0d7f9e524032eb017e4fdf36cad5c56d7832281c82b459cc432d1cafc41
2192,105,30,0.2857142857142857,,True,False,False,0,2,73,103,30,0.7087378640776699,,4.973850259136702,1.5200364364801133,0.9083276281613316,4.21338130615749,4.772189525023125,4.924947089298421,,103,0,True,2,0,2,6,0,0,6050.8358813023315,,5616.578891675653,,RAW_WINDOWS_DT30_DISTANCE400_V1,105,105,0,1.0,,105,4.973850259136702,1.5255372396514604,4.762432148605655,,0,5,1.6515626172253049e-10,1,0,0,0,2,2,5634.470130389532,NO_RAW_BREAK_CROSSING,D60,UNIFORM,PROCESSED,33f45dc5785535917dd687e1ea59bf16b365c2f04ca30772f42e3b847c62c390
2192,105,50,0.47619047619047616,,True,False,False,0,5,50,100,50,0.5,,1.9969404046257238,0.34871877822622355,0.0013427576173585898,1.058676643555369,1.384897008769441,1.858040598826698,,100,0,True,2,0,5,6,0,0,6050.8358813023315,,5610.563883917491,,RAW_WINDOWS_DT30_DISTANCE400_V1,105,105,0,1.0,,105,43.22895679910468,0.7739432194485297,1.500394366385943,,1,5,1.6515626172253049e-10,1,0,0,0,2,2,5634.470130389532,NO_RAW_BREAK_CROSSING,P2,UNIFORM,PROCESSED,379e7d3f52340ef5a81f4b1695882891bf553daacb58d688c171c7c4cdb38cd9
2192,105,24,0.22857142857142856,,True,False,False,0,5,76,100,24,0.76,,9.997151485007178,2.204191733123355,1.4608570374356225,4.929860021560763,6.953239491407522,9.885640311720026,,100,0,True,2,0,5,6,0,0,6050.8358813023315,,5593.978049433885,,RAW_WINDOWS_DT30_DISTANCE400_V1,105,105,0,1.0,,105,43.22895679910468,2.6202688947748074,7.077546239098823,,11,5,1.6515626172253049e-10,1,0,0,0,2,2,5634.470130389532,NO_RAW_BREAK_CROSSING,P10,UNIFORM,PROCESSED,84a25158791b4349847bd0d81b3c378e1789ed1a7ec8d4e2dab1d3482e584a7b
10003,117,42,0.358974358974359,,True,False,False,0,8,67,109,42,0.6146788990825688,,4.91545895198481,1.0621742145686532,0.4130088441907541,3.1909617008231854,3.647817158652739,4.560306869988989,,109,0,True,1,0,8,3,0,0,7132.912478812574,,7110.780590568124,,RAW_WINDOWS_DT30_DISTANCE400_V1,117,117,0,1.0,,117,13.735378518183955,1.2170408172294722,3.991176976612218,,2,5,1.7965988250878354e-10,0,0,0,0,1,1,7132.912478812574,NO_RAW_BREAK_CROSSING,R0,UNIFORM,PROCESSED,a704a9f9b7d7598551103d2970e0a1f27139848e4ce7a7cf90afe67583178f38
10003,117,42,0.358974358974359,,True,False,False,0,8,67,109,42,0.6146788990825688,,4.91545895198481,1.0621742145686532,0.4130088441907541,3.1909617008231854,3.647817158652739,4.560306869988989,,109,0,True,1,0,8,3,0,0,7132.912478812574,,7110.780590568124,,RAW_WINDOWS_DT30_DISTANCE400_V1,117,117,0,1.0,,117,13.735378518183955,1.2170408172294722,3.991176976612218,,2,5,1.7965988250878354e-10,0,0,0,0,1,1,7132.912478812574,NO_RAW_BREAK_CROSSING,S0,UNIFORM,PROCESSED,236f561b254771e5430d9caf34d29c65d3c31f0034a643daaec4b43fd0d689a4
10003,117,42,0.358974358974359,,True,False,False,0,8,67,109,42,0.6146788990825688,,4.91545895198481,1.0621742145686532,0.4130088441907541,3.1909617008231854,3.647817158652739,4.560306869988989,,109,0,True,1,0,8,3,0,0,7132.912478812574,,7110.780590568124,,RAW_WINDOWS_DT30_DISTANCE400_V1,117,117,0,1.0,,117,13.735378518183955,1.2170408172294722,3.991176976612218,,2,5,1.7965988250878354e-10,0,0,0,0,1,1,7132.912478812574,NO_RAW_BREAK_CROSSING,S_POINTS2,UNIFORM,PROCESSED,db9b6f3b2878bb36ed0f0eeeece6d483bc07fd59276bad494521c35e0b5a6169
10003,117,42,0.358974358974359,,True,False,False,0,8,67,109,42,0.6146788990825688,,4.91545895198481,1.0621742145686532,0.4130088441907541,3.1909617008231854,3.647817158652739,4.560306869988989,,109,0,True,1,0,8,3,0,0,7132.912478812574,,7110.780590568124,,RAW_WINDOWS_DT30_DISTANCE400_V1,117,117,0,1.0,,117,13.735378518183955,1.2170408172294722,3.991176976612218,,2,5,1.7965988250878354e-10,0,0,0,0,1,1,7132.912478812574,NO_RAW_BREAK_CROSSING,S_LENGTH0,UNIFORM,PROCESSED,98bb099853fc03f80ff172aed98afb9809f45c1123cef76f333656c4e8d10332
10003,117,43,0.36752136752136755,,True,False,False,0,2,72,115,43,0.6260869565217391,,4.91545895198481,1.0597543605923434,0.48572496819599026,3.16627020101093,3.6362988650143757,4.549591371215413,,115,0,True,1,0,2,3,0,0,7132.912478812574,,7119.400614077048,,RAW_WINDOWS_DT30_DISTANCE400_V1,117,117,0,1.0,,117,4.91545895198481,1.06825347970093,3.6324594338015874,,0,5,1.7965988250878354e-10,0,0,0,0,1,1,7132.912478812574,NO_RAW_BREAK_CROSSING,D60,UNIFORM,PROCESSED,b111fd2e54368123c86eeae1fbc907536afb1d0a81ed6c674d60ed42637fbd7a
10003,117,53,0.452991452991453,,True,False,False,0,8,56,109,53,0.5137614678899083,,1.9783602543867207,0.3501083811307224,0.048365428966368,1.0514518858013262,1.2392782497981276,1.7878544206764566,,109,0,True,1,0,8,3,0,0,7132.912478812574,,7112.978940084215,,RAW_WINDOWS_DT30_DISTANCE400_V1,117,117,0,1.0,,117,13.735378518183955,0.5284207395579377,1.5604728993013597,,2,5,1.7965988250878354e-10,0,0,0,0,1,1,7132.912478812574,NO_RAW_BREAK_CROSSING,P2,UNIFORM,PROCESSED,fac0cb223a540440dd0f599d197902bcc1b84606a7d734e2324a03eff82510bb
10003,117,23,0.19658119658119658,,True,False,False,0,8,86,109,23,0.7889908256880733,,9.48259393467255,3.0529125619914788,2.432624074611078,6.992124962123945,8.693102129612397,9.176515527969324,,109,0,True,1,0,8,3,0,0,7132.912478812574,,7088.472248040089,,RAW_WINDOWS_DT30_DISTANCE400_V1,117,117,0,1.0,,117,13.963280258778076,3.220365476936174,8.876736367630393,,37,5,1.7965988250878354e-10,0,0,0,0,1,1,7132.912478812574,NO_RAW_BREAK_CROSSING,P10,UNIFORM,PROCESSED,3c009266c376f34297e49d61676a4f0b754bbbfbbdfe2d653c626765bdddb70e
7179,102,57,0.5588235294117647,,True,False,False,0,3,42,99,57,0.4242424242424242,,4.97275997871723,0.6384960911812451,0.0,2.7821207708212152,3.6877894240868643,4.959989760401683,,99,0,True,5,0,3,15,0,0,19849.215763696506,,17901.233561568428,,RAW_WINDOWS_DT30_DISTANCE400_V1,102,102,0,1.0,,102,61.4738291008964,1.6170280729629691,4.31520622281358,,2,5,4.5519829411410796e-10,4,0,0,0,5,5,17947.3123463755,NO_RAW_BREAK_CROSSING,R0,UNIFORM,PROCESSED,7be4f6360612d146cb1a218ebe08a18521f602f6f7c3f60cb470009346734fc5
7179,102,57,0.5588235294117647,,True,False,False,0,3,42,99,57,0.4242424242424242,,4.97275997871723,0.6384960911812451,0.0,2.7821207708212152,3.6877894240868643,4.959989760401683,,99,0,True,5,0,3,15,0,0,19849.215763696506,,17901.233561568428,,RAW_WINDOWS_DT30_DISTANCE400_V1,102,102,0,1.0,,102,61.4738291008964,1.6170280729629691,4.31520622281358,,2,5,4.5519829411410796e-10,4,0,0,0,5,5,17947.3123463755,NO_RAW_BREAK_CROSSING,S0,UNIFORM,PROCESSED,25fe45b1316226b35d9a6a765d8ddd242f885f0612d11ce6fd1e9f7ec3185d25
7179,102,57,0.5588235294117647,,True,False,False,0,3,42,99,57,0.4242424242424242,,4.97275997871723,0.6384960911812451,0.0,2.7821207708212152,3.6877894240868643,4.959989760401683,,99,0,True,5,0,3,15,0,0,19849.215763696506,,17901.233561568428,,RAW_WINDOWS_DT30_DISTANCE400_V1,102,102,0,1.0,,102,61.4738291008964,1.6170280729629691,4.31520622281358,,2,5,4.5519829411410796e-10,4,0,0,0,5,5,17947.3123463755,NO_RAW_BREAK_CROSSING,S_POINTS2,UNIFORM,PROCESSED,0b5c246da9597278e0ad03e6de12b30f89da2e9ce28414b3653e3ec47f0997f7
7179,102,57,0.5588235294117647,,True,False,False,0,3,42,99,57,0.4242424242424242,,4.97275997871723,0.6384960911812451,0.0,2.7821207708212152,3.6877894240868643,4.959989760401683,,99,0,True,5,0,3,15,0,0,19849.215763696506,,17901.233561568428,,RAW_WINDOWS_DT30_DISTANCE400_V1,102,102,0,1.0,,102,61.4738291008964,1.6170280729629691,4.31520622281358,,2,5,4.5519829411410796e-10,4,0,0,0,5,5,17947.3123463755,NO_RAW_BREAK_CROSSING,S_LENGTH0,UNIFORM,PROCESSED,ca41eacd23d7a7b47d4fff0fea86ef1390bafeb2ff093aed0afa4b0b93e5e735
7179,102,58,0.5686274509803921,,True,False,False,0,1,43,101,58,0.4257425742574258,,4.97275997871723,0.647753709123332,0.0,2.762436795676968,3.6351317616262806,4.959729143701366,,101,0,True,5,0,1,15,0,0,19849.215763696506,,17944.757653117915,,RAW_WINDOWS_DT30_DISTANCE400_V1,102,102,0,1.0,,102,4.97275997871723,0.6697969642665228,3.622570682852634,,0,5,4.5519829411410796e-10,4,0,0,0,5,5,17947.3123463755,NO_RAW_BREAK_CROSSING,D60,UNIFORM,PROCESSED,f722992cfa55c9095c3ba7614d60cc8ba76c94b12910ff6a202c9441373e149b
7179,102,69,0.6764705882352942,,True,False,False,0,3,30,99,69,0.303030303030303,,1.5230542324894412,0.14642372225100747,0.0,0.5128898558208643,1.0600578882444345,1.512834655652494,,99,0,True,5,0,3,15,0,0,19849.215763696506,,17902.897048437517,,RAW_WINDOWS_DT30_DISTANCE400_V1,102,102,0,1.0,,102,61.4738291008964,1.126507467484324,1.3456027949167537,,2,5,4.5519829411410796e-10,4,0,0,0,5,5,17947.3123463755,NO_RAW_BREAK_CROSSING,P2,UNIFORM,PROCESSED,00f3043caad1a4d8d7c412b394795da4ba5bbfd031086f3466566a7749abcec0
7179,102,44,0.43137254901960786,,True,False,False,0,3,55,99,44,0.5555555555555556,,9.807345886278203,2.009887845791416,0.2349391070991193,6.561388462007778,8.496290028373021,9.776205729871945,,99,0,True,5,0,3,15,0,0,19849.215763696506,,17897.438833305714,,RAW_WINDOWS_DT30_DISTANCE400_V1,102,102,0,1.0,,102,61.4738291008964,2.9480847759669584,8.955740256300764,,18,5,4.5519829411410796e-10,4,0,0,0,5,5,17947.3123463755,NO_RAW_BREAK_CROSSING,P10,UNIFORM,PROCESSED,655ced968766b963ab86dca3a6e2511b367e945724f00ca34e2c4188641fd4de
7095,97,11,0.1134020618556701,,True,False,False,1,33,52,63,11,0.8253968253968254,,4.503129961324831,1.4265905660549654,1.2592085440313825,3.412038327117213,3.668988379675687,4.448842144264931,,63,0,True,3,1,33,13,0,0,95823.8863642935,,142.44119684759025,,RAW_WINDOWS_DT30_DISTANCE400_V1,97,96,1,0.9896907216494846,,96,44.40871467587629,2.501078864748188,4.510656375471871,,4,5,6.789517198729695e-10,2,0,0,1,3,2,396.63516624631046,NO_RAW_BREAK_CROSSING,R0,UNIFORM,PROCESSED,523040ef1b281bb5c6aeb06631bd879e0a40c95c9f1f9d2d38fd824d42982f16
7095,97,11,0.1134020618556701,,True,False,False,1,33,52,63,11,0.8253968253968254,,4.503129961324831,1.4265905660549654,1.2592085440313825,3.412038327117213,3.668988379675687,4.448842144264931,,63,0,True,3,1,33,13,0,0,95823.8863642935,,142.44119684759025,,RAW_WINDOWS_DT30_DISTANCE400_V1,97,96,1,0.9896907216494846,,96,44.40871467587629,2.501078864748188,4.510656375471871,,4,5,6.789517198729695e-10,2,0,0,1,3,2,396.63516624631046,NO_RAW_BREAK_CROSSING,S0,UNIFORM,PROCESSED,fff1b5f0d24beb9877a89b571da49c5c33a212f43195e77557a91c570afd5dbd
7095,97,11,0.1134020618556701,,True,False,False,1,33,52,63,11,0.8253968253968254,,4.503129961324831,1.4265905660549654,1.2592085440313825,3.412038327117213,3.668988379675687,4.448842144264931,,63,0,True,3,1,33,13,0,0,95823.8863642935,,142.44119684759025,,RAW_WINDOWS_DT30_DISTANCE400_V1,97,96,1,0.9896907216494846,,96,44.40871467587629,2.501078864748188,4.510656375471871,,4,5,6.789517198729695e-10,2,0,0,1,3,2,396.63516624631046,NO_RAW_BREAK_CROSSING,S_POINTS2,UNIFORM,PROCESSED,d72526ede1508474837fcb7af6b96d4b82c6102ba3001fc84041f6b4d632d8ec
7095,97,11,0.1134020618556701,,True,False,False,1,33,52,63,11,0.8253968253968254,,4.503129961324831,1.4265905660549654,1.2592085440313825,3.412038327117213,3.668988379675687,4.448842144264931,,63,0,True,3,1,33,13,0,0,95823.8863642935,,142.44119684759025,,RAW_WINDOWS_DT30_DISTANCE400_V1,97,96,1,0.9896907216494846,,96,44.40871467587629,2.501078864748188,4.510656375471871,,4,5,6.789517198729695e-10,2,0,0,1,3,2,396.63516624631046,NO_RAW_BREAK_CROSSING,S_LENGTH0,UNIFORM,PROCESSED,557b33dbb81b479958bf973e8920256c45fa0206accd60f48a0b7df81456d8fc
7095,97,15,0.15463917525773196,,True,False,False,1,17,64,79,15,0.810126582278481,,4.503129961324831,1.217358505065855,0.9505896868205889,3.031774050957968,3.4762496612223135,4.4348323850236655,,79,0,True,3,1,17,13,0,0,95823.8863642935,,178.72331837095237,,RAW_WINDOWS_DT30_DISTANCE400_V1,97,96,1,0.9896907216494846,,96,44.40871467587629,2.1818632585023443,4.437459214881402,,3,5,6.789517198729695e-10,2,0,0,1,3,2,396.63516624631046,NO_RAW_BREAK_CROSSING,D60,UNIFORM,PROCESSED,a7724f4a1072305598f3d483984b021609c7cb3def8584c9f03b82dfc4921df2
7095,97,22,0.2268041237113402,,True,False,False,1,33,41,63,22,0.6507936507936508,,1.9599307595165598,0.4969672778172833,0.3660917156078089,1.3972745139163618,1.557033106421348,1.9538491380805671,,63,0,True,3,1,33,13,0,0,95823.8863642935,,184.26546633033973,,RAW_WINDOWS_DT30_DISTANCE400_V1,97,96,1,0.9896907216494846,,96,44.40871467587629,1.9023674681407268,4.515861990872185,,5,5,6.789517198729695e-10,2,0,0,1,3,2,396.63516624631046,NO_RAW_BREAK_CROSSING,P2,UNIFORM,PROCESSED,36b33b50a240d72f88b3a6b4e069faa9d0663cf673f20a8743f03b7890a246db
7095,97,9,0.09278350515463918,,True,False,False,1,33,54,63,9,0.8571428571428572,,8.579866217547064,2.557173831349719,2.3191118724435555,5.613578669352554,6.256949402875515,7.562420154193663,,63,0,True,3,1,33,13,0,0,95823.8863642935,,121.3863155145608,,RAW_WINDOWS_DT30_DISTANCE400_V1,97,96,1,0.9896907216494846,,96,44.40871467587629,3.430889788781442,7.000928397351216,,14,5,6.789517198729695e-10,2,0,0,1,3,2,396.63516624631046,NO_RAW_BREAK_CROSSING,P10,UNIFORM,PROCESSED,690979c7abc09bd1fff7cf877fddec5f29cc4ba30f92322546349cdc472bdb3e
10978,105,33,0.3142857142857143,,True,False,False,0,5,67,100,33,0.6699999999999999,,4.747971866029951,0.8684675008836409,0.4076446402061826,2.5217281258526416,3.4629438713537026,4.526208197249324,,100,0,True,1,0,5,8,0,0,7449.911240619255,,7424.581461196239,,RAW_WINDOWS_DT30_DISTANCE400_V1,105,105,0,1.0,,105,10.365439421318406,1.0027097417348079,3.8065460356518006,,1,5,1.0481316643935503e-10,0,0,0,0,1,1,7449.911240619255,NO_RAW_BREAK_CROSSING,R0,UNIFORM,PROCESSED,6b4fc0ea2e1a81661ee86899289752eed814b22cae2c5b957e8eda9ef33b1546
10978,105,33,0.3142857142857143,,True,False,False,0,5,67,100,33,0.6699999999999999,,4.747971866029951,0.8684675008836409,0.4076446402061826,2.5217281258526416,3.4629438713537026,4.526208197249324,,100,0,True,1,0,5,8,0,0,7449.911240619255,,7424.581461196239,,RAW_WINDOWS_DT30_DISTANCE400_V1,105,105,0,1.0,,105,10.365439421318406,1.0027097417348079,3.8065460356518006,,1,5,1.0481316643935503e-10,0,0,0,0,1,1,7449.911240619255,NO_RAW_BREAK_CROSSING,S0,UNIFORM,PROCESSED,c9dbb9f20780ce43d94f703c61508a188285f0b2b68b6eab43f9e30f9e8f069e
10978,105,33,0.3142857142857143,,True,False,False,0,5,67,100,33,0.6699999999999999,,4.747971866029951,0.8684675008836409,0.4076446402061826,2.5217281258526416,3.4629438713537026,4.526208197249324,,100,0,True,1,0,5,8,0,0,7449.911240619255,,7424.581461196239,,RAW_WINDOWS_DT30_DISTANCE400_V1,105,105,0,1.0,,105,10.365439421318406,1.0027097417348079,3.8065460356518006,,1,5,1.0481316643935503e-10,0,0,0,0,1,1,7449.911240619255,NO_RAW_BREAK_CROSSING,S_POINTS2,UNIFORM,PROCESSED,a914adf2897483d56f68683231b7a51fcb1cf2808ba7d6f20a3e8a69cce1508a
10978,105,33,0.3142857142857143,,True,False,False,0,5,67,100,33,0.6699999999999999,,4.747971866029951,0.8684675008836409,0.4076446402061826,2.5217281258526416,3.4629438713537026,4.526208197249324,,100,0,True,1,0,5,8,0,0,7449.911240619255,,7424.581461196239,,RAW_WINDOWS_DT30_DISTANCE400_V1,105,105,0,1.0,,105,10.365439421318406,1.0027097417348079,3.8065460356518006,,1,5,1.0481316643935503e-10,0,0,0,0,1,1,7449.911240619255,NO_RAW_BREAK_CROSSING,S_LENGTH0,UNIFORM,PROCESSED,5a51f21264444704444df06bb6a72d1e2782d2b1d29d05d11169e8006fc80578
10978,105,35,0.3333333333333333,,True,False,False,0,1,69,104,35,0.6634615384615384,,4.747971866029951,0.86446047152941,0.44066928246020326,2.4991490028474694,3.4604380123817062,4.5053919308708235,,104,0,True,1,0,1,8,0,0,7449.911240619255,,7441.638896425995,,RAW_WINDOWS_DT30_DISTANCE400_V1,105,105,0,1.0,,105,4.747971866029951,0.8763484794937171,3.460137389298931,,0,5,1.0481316643935503e-10,0,0,0,0,1,1,7449.911240619255,NO_RAW_BREAK_CROSSING,D60,UNIFORM,PROCESSED,f7c88a025fcc135274dc4e06c3ec81ea0551f50e2188e9133a13bd09e5c3c7ad
10978,105,49,0.4666666666666667,,True,False,False,0,5,51,100,49,0.51,,1.7854771022627762,0.29801936764015907,0.0010295960817364746,1.0458642434556567,1.197628727763852,1.5584024566194736,,100,0,True,1,0,5,8,0,0,7449.911240619255,,7429.265928020226,,RAW_WINDOWS_DT30_DISTANCE400_V1,105,105,0,1.0,,105,10.365439421318406,0.45704643940782197,1.2637290601204805,,1,5,1.0481316643935503e-10,0,0,0,0,1,1,7449.911240619255,NO_RAW_BREAK_CROSSING,P2,UNIFORM,PROCESSED,d7bf615120ba9b04434fd13cb745a4e7021b3b30a81946293945d5fba2cd3d9b
10978,105,26,0.24761904761904763,,True,False,False,0,5,74,100,26,0.74,,9.39190299434189,1.8472375789209246,0.8561825676091426,5.5041009709851165,8.040677670671869,9.305027445438423,,100,0,True,1,0,5,8,0,0,7449.911240619255,,7409.803018904488,,RAW_WINDOWS_DT30_DISTANCE400_V1,105,105,0,1.0,,105,10.365439421318406,1.992607306172129,8.050362885977611,,13,5,1.0481316643935503e-10,0,0,0,0,1,1,7449.911240619255,NO_RAW_BREAK_CROSSING,P10,UNIFORM,PROCESSED,645101886ac9a6cb7c04a333328a031569b0624a663c43cd72439ef92ee50b5d
2950,104,30,0.28846153846153844,,True,False,False,0,1,73,103,30,0.7087378640776699,,4.688698267100705,0.9926950576681636,0.39035760730642566,2.8542063003104987,3.685912679990471,4.335152669089663,,103,0,True,2,0,1,43,0,0,10942.591978410677,,10520.488286439402,,RAW_WINDOWS_DT30_DISTANCE400_V1,104,104,0,1.0,,104,6.530120004672493,1.045939528312436,3.9042057752008916,,1,5,5.308794274677932e-10,1,0,0,0,2,2,10526.501354633494,NO_RAW_BREAK_CROSSING,R0,UNIFORM,PROCESSED,0fab23be4d7394b86ce237ce80d19b94232accef790a4f8c9bd20f62760005f0
2950,104,30,0.28846153846153844,,True,False,False,0,1,73,103,30,0.7087378640776699,,4.688698267100705,0.9926950576681636,0.39035760730642566,2.8542063003104987,3.685912679990471,4.335152669089663,,103,0,True,2,0,1,43,0,0,10942.591978410677,,10520.488286439402,,RAW_WINDOWS_DT30_DISTANCE400_V1,104,104,0,1.0,,104,6.530120004672493,1.045939528312436,3.9042057752008916,,1,5,5.308794274677932e-10,1,0,0,0,2,2,10526.501354633494,NO_RAW_BREAK_CROSSING,S0,UNIFORM,PROCESSED,e8dace4f1c90bef2ecfed513a0d031a739aea7a9a98c9bb2e6f3555d43e41a4f
2950,104,30,0.28846153846153844,,True,False,False,0,1,73,103,30,0.7087378640776699,,4.688698267100705,0.9926950576681636,0.39035760730642566,2.8542063003104987,3.685912679990471,4.335152669089663,,103,0,True,2,0,1,43,0,0,10942.591978410677,,10520.488286439402,,RAW_WINDOWS_DT30_DISTANCE400_V1,104,104,0,1.0,,104,6.530120004672493,1.045939528312436,3.9042057752008916,,1,5,5.308794274677932e-10,1,0,0,0,2,2,10526.501354633494,NO_RAW_BREAK_CROSSING,S_POINTS2,UNIFORM,PROCESSED,8cc752e1f2379555ee856e0ab3a92faf5e64a5432f419ec4a8eb6068a68f4cdd
2950,104,30,0.28846153846153844,,True,False,False,0,1,73,103,30,0.7087378640776699,,4.688698267100705,0.9926950576681636,0.39035760730642566,2.8542063003104987,3.685912679990471,4.335152669089663,,103,0,True,2,0,1,43,0,0,10942.591978410677,,10520.488286439402,,RAW_WINDOWS_DT30_DISTANCE400_V1,104,104,0,1.0,,104,6.530120004672493,1.045939528312436,3.9042057752008916,,1,5,5.308794274677932e-10,1,0,0,0,2,2,10526.501354633494,NO_RAW_BREAK_CROSSING,S_LENGTH0,UNIFORM,PROCESSED,b5bb22df371c8a5541d659fa87b96a3452b1fc71f728813799fdfaabdec67e2a
2950,104,30,0.28846153846153844,,True,False,False,0,0,74,104,30,0.7115384615384616,,4.688698267100705,0.9870263720751251,0.37298008513709036,2.847709616994047,3.683947884626621,4.333653089280455,,104,0,True,2,0,0,43,0,0,10942.591978410677,,10523.030698524584,,RAW_WINDOWS_DT30_DISTANCE400_V1,104,104,0,1.0,,104,4.688698267100705,0.9870263720751251,3.683947884626621,,0,5,5.308794274677932e-10,1,0,0,0,2,2,10526.501354633494,NO_RAW_BREAK_CROSSING,D60,UNIFORM,PROCESSED,1ea608e51d1e7375b57635c845a8b2f19d652c8410d9d45349b35a83416d6647
2950,104,43,0.41346153846153844,,True,False,False,0,1,60,103,43,0.5825242718446602,,1.6817602556655928,0.28385758524961635,0.07703491226576356,0.7446475856264955,1.0113937832693134,1.6308936272707415,,103,0,True,2,0,1,43,0,0,10942.591978410677,,10522.13049855016,,RAW_WINDOWS_DT30_DISTANCE400_V1,104,104,0,1.0,,104,6.530120004672493,0.34391780082099016,1.1901908046937173,,1,5,5.308794274677932e-10,1,0,0,0,2,2,10526.501354633494,NO_RAW_BREAK_CROSSING,P2,UNIFORM,PROCESSED,62fa4d5a9d1a7aa517e5b7b41339baebb0a1121998add602e185957d02b2e854
2950,104,18,0.17307692307692307,,True,False,False,0,1,85,103,18,0.8252427184466019,,9.854861865155321,3.023919816700877,2.4631524648321514,7.255166546973575,8.67448151646837,9.695857550517179,,103,0,True,2,0,1,43,0,0,10942.591978410677,,10513.724921282592,,RAW_WINDOWS_DT30_DISTANCE400_V1,104,104,0,1.0,,104,9.854861865155321,3.061598523759702,8.666477823761241,,25,5,5.308794274677932e-10,1,0,0,0,2,2,10526.501354633494,NO_RAW_BREAK_CROSSING,P10,UNIFORM,PROCESSED,8a3cd8e6a8b52b2fe5253b81431e49c210ee2b5c423fbcca7e570c05c6b964df
11065,81,25,0.30864197530864196,,True,False,False,0,0,56,81,25,0.691358024691358,,4.553519474316154,1.2055206823009263,0.6025341122636634,3.6696446355915113,3.8334363448972124,4.1002702595140255,,81,0,True,5,0,0,37,0,0,11065.402540665887,,9301.596041281511,,RAW_WINDOWS_DT30_DISTANCE400_V1,81,81,0,1.0,,81,4.553519474316154,1.2055206823009263,3.8334363448972124,,0,5,4.94308476519603e-10,4,0,0,0,5,5,9302.674147928774,NO_RAW_BREAK_CROSSING,R0,UNIFORM,PROCESSED,d1fbd336ee46c7733d41eb09164a13f55ec63d286e3e83565e633d2f03f0762c
11065,81,25,0.30864197530864196,,True,False,False,0,0,56,81,25,0.691358024691358,,4.553519474316154,1.2055206823009263,0.6025341122636634,3.6696446355915113,3.8334363448972124,4.1002702595140255,,81,0,True,5,0,0,37,0,0,11065.402540665887,,9301.596041281511,,RAW_WINDOWS_DT30_DISTANCE400_V1,81,81,0,1.0,,81,4.553519474316154,1.2055206823009263,3.8334363448972124,,0,5,4.94308476519603e-10,4,0,0,0,5,5,9302.674147928774,NO_RAW_BREAK_CROSSING,S0,UNIFORM,PROCESSED,4e4de059c0540e808fed94c52937a23b645ccb107095448c10d33d305380b51f
11065,81,25,0.30864197530864196,,True,False,False,0,0,56,81,25,0.691358024691358,,4.553519474316154,1.2055206823009263,0.6025341122636634,3.6696446355915113,3.8334363448972124,4.1002702595140255,,81,0,True,5,0,0,37,0,0,11065.402540665887,,9301.596041281511,,RAW_WINDOWS_DT30_DISTANCE400_V1,81,81,0,1.0,,81,4.553519474316154,1.2055206823009263,3.8334363448972124,,0,5,4.94308476519603e-10,4,0,0,0,5,5,9302.674147928774,NO_RAW_BREAK_CROSSING,S_POINTS2,UNIFORM,PROCESSED,a982464c2b626e7caed0d93b5d0b8ceb5251fff4926dc54f42b0b29544f8cc8f
11065,81,25,0.30864197530864196,,True,False,False,0,0,56,81,25,0.691358024691358,,4.553519474316154,1.2055206823009263,0.6025341122636634,3.6696446355915113,3.8334363448972124,4.1002702595140255,,81,0,True,5,0,0,37,0,0,11065.402540665887,,9301.596041281511,,RAW_WINDOWS_DT30_DISTANCE400_V1,81,81,0,1.0,,81,4.553519474316154,1.2055206823009263,3.8334363448972124,,0,5,4.94308476519603e-10,4,0,0,0,5,5,9302.674147928774,NO_RAW_BREAK_CROSSING,S_LENGTH0,UNIFORM,PROCESSED,169294069b847bba6c09e7b43d340d3900167de25943c46cbdf8cac474fde9aa
11065,81,25,0.30864197530864196,,True,False,False,0,0,56,81,25,0.691358024691358,,4.553519474316154,1.2055206823009263,0.6025341122636634,3.6696446355915113,3.8334363448972124,4.1002702595140255,,81,0,True,5,0,0,37,0,0,11065.402540665887,,9301.596041281511,,RAW_WINDOWS_DT30_DISTANCE400_V1,81,81,0,1.0,,81,4.553519474316154,1.2055206823009263,3.8334363448972124,,0,5,4.94308476519603e-10,4,0,0,0,5,5,9302.674147928774,NO_RAW_BREAK_CROSSING,D60,UNIFORM,PROCESSED,cdd2a3c5961bc815b132be7d6a6517d2cb7689c57821846cec710f2fe532c164
11065,81,40,0.49382716049382713,,True,False,False,0,0,41,81,40,0.5061728395061729,,1.7772422774247698,0.26676317557955703,0.0,1.0462727944155752,1.3989015945085104,1.6834897606872352,,81,0,True,5,0,0,37,0,0,11065.402540665887,,9302.505047045832,,RAW_WINDOWS_DT30_DISTANCE400_V1,81,81,0,1.0,,81,1.7772422774247698,0.26676317557955703,1.3989015945085104,,0,5,4.94308476519603e-10,4,0,0,0,5,5,9302.674147928774,NO_RAW_BREAK_CROSSING,P2,UNIFORM,PROCESSED,f1716a1d64d02e64bf2f67c66aecc669f498ae0d07e9f8cfa39cb7cf04972839
11065,81,16,0.19753086419753085,,True,False,False,0,0,65,81,16,0.8024691358024691,,8.814273262812168,2.307517841175544,1.6821049883689227,5.617345592751817,6.488099133422621,8.084340460749926,,81,0,True,5,0,0,37,0,0,11065.402540665887,,9299.412990769242,,RAW_WINDOWS_DT30_DISTANCE400_V1,81,81,0,1.0,,81,8.814273262812168,2.307517841175544,6.488099133422621,,12,5,4.94308476519603e-10,4,0,0,0,5,5,9302.674147928774,NO_RAW_BREAK_CROSSING,P10,UNIFORM,PROCESSED,c0376102005d686d7b863ac027aa9655888735602d7d9b8a3af5c62d8943e185
9407,107,27,0.2523364485981308,,True,False,False,0,7,73,100,27,0.73,,4.974789634343177,1.0198537019045077,0.4135070869632678,3.6503796827122312,3.9549876980593925,4.6112705614032645,,100,0,True,1,0,7,26,0,0,6008.761548040729,,5959.384853792692,,RAW_WINDOWS_DT30_DISTANCE400_V1,107,107,0,1.0,,107,9.142186227227226,1.3624459636385717,4.545527083540888,,4,5,1.1660152469786449e-10,0,0,0,0,1,1,6008.761548040729,NO_RAW_BREAK_CROSSING,R0,UNIFORM,PROCESSED,fbf9509874905e5ce53c06e1e57d123c54a42ff8821315819ecdd53ec5efc041
9407,107,27,0.2523364485981308,,True,False,False,0,7,73,100,27,0.73,,4.974789634343177,1.0198537019045077,0.4135070869632678,3.6503796827122312,3.9549876980593925,4.6112705614032645,,100,0,True,1,0,7,26,0,0,6008.761548040729,,5959.384853792692,,RAW_WINDOWS_DT30_DISTANCE400_V1,107,107,0,1.0,,107,9.142186227227226,1.3624459636385717,4.545527083540888,,4,5,1.1660152469786449e-10,0,0,0,0,1,1,6008.761548040729,NO_RAW_BREAK_CROSSING,S0,UNIFORM,PROCESSED,6ebb8e8cbadd8a838797021aa86375f6618ad9e9353d90a69d54346d57031ea0
9407,107,27,0.2523364485981308,,True,False,False,0,7,73,100,27,0.73,,4.974789634343177,1.0198537019045077,0.4135070869632678,3.6503796827122312,3.9549876980593925,4.6112705614032645,,100,0,True,1,0,7,26,0,0,6008.761548040729,,5959.384853792692,,RAW_WINDOWS_DT30_DISTANCE400_V1,107,107,0,1.0,,107,9.142186227227226,1.3624459636385717,4.545527083540888,,4,5,1.1660152469786449e-10,0,0,0,0,1,1,6008.761548040729,NO_RAW_BREAK_CROSSING,S_POINTS2,UNIFORM,PROCESSED,21ed69ffb630e228cd2bc588fa6971c73d22a43e8e0dc6ff7fce9c56ad803036
9407,107,27,0.2523364485981308,,True,False,False,0,7,73,100,27,0.73,,4.974789634343177,1.0198537019045077,0.4135070869632678,3.6503796827122312,3.9549876980593925,4.6112705614032645,,100,0,True,1,0,7,26,0,0,6008.761548040729,,5959.384853792692,,RAW_WINDOWS_DT30_DISTANCE400_V1,107,107,0,1.0,,107,9.142186227227226,1.3624459636385717,4.545527083540888,,4,5,1.1660152469786449e-10,0,0,0,0,1,1,6008.761548040729,NO_RAW_BREAK_CROSSING,S_LENGTH0,UNIFORM,PROCESSED,2749073eadc68c65e7062410c46c70c59e4e325db9ca25a7c37e2699fe65db2a
9407,107,29,0.27102803738317754,,True,False,False,0,3,75,104,29,0.7211538461538461,,4.974789634343177,1.0156482801486983,0.4135070869632678,3.39659996011449,3.9468924824154166,4.597599488115552,,104,0,True,1,0,3,26,0,0,6008.761548040729,,5982.154247719071,,RAW_WINDOWS_DT30_DISTANCE400_V1,107,107,0,1.0,,107,4.974789634343177,1.0889189980512997,3.985402313581155,,0,5,1.1660152469786449e-10,0,0,0,0,1,1,6008.761548040729,NO_RAW_BREAK_CROSSING,D60,UNIFORM,PROCESSED,717e805afb5ebda196869674fc3de29ab2511c0141b35cf4fe06de5f87df3442
9407,107,42,0.3925233644859813,,True,False,False,0,7,58,100,42,0.5800000000000001,,1.877211312227175,0.3492126836568836,0.08820429645712832,1.069107952504249,1.6428913447282658,1.862472235524034,,100,0,True,1,0,7,26,0,0,6008.761548040729,,5977.150746586271,,RAW_WINDOWS_DT30_DISTANCE400_V1,107,107,0,1.0,,107,9.142186227227226,0.6549944286880183,2.8641195237932804,,3,5,1.1660152469786449e-10,0,0,0,0,1,1,6008.761548040729,NO_RAW_BREAK_CROSSING,P2,UNIFORM,PROCESSED,3b2dd4bb9b505452b82b74697b64a46c79c173e9e2136e4635ae30eb412d33e0
9407,107,20,0.18691588785046728,,True,False,False,0,7,80,100,20,0.8,,9.602807568007686,2.311259721862794,1.206889241949316,5.34294045197178,6.936999714073221,9.602807568007686,,100,0,True,1,0,7,26,0,0,6008.761548040729,,5923.245955290262,,RAW_WINDOWS_DT30_DISTANCE400_V1,107,107,0,1.0,,107,9.602807568007686,2.5336557849767503,8.135693478544994,,16,5,1.1660152469786449e-10,0,0,0,0,1,1,6008.761548040729,NO_RAW_BREAK_CROSSING,P10,UNIFORM,PROCESSED,cc5db5f93b085c77ad954097c14989d9632b601fa0548ae6c3704762aa6a1ecd
2225,99,37,0.37373737373737376,,True,False,False,0,0,62,99,37,0.6262626262626263,,4.770390772108749,0.998705514654322,0.3258274163643353,3.3157765113976887,4.310869871641442,4.688445938451257,,99,0,True,1,0,0,43,0,0,8457.789119099312,,8453.29910072721,,RAW_WINDOWS_DT30_DISTANCE400_V1,99,99,0,1.0,,99,4.770390772108749,0.998705514654322,4.310869871641442,,0,5,2.0373996127890673e-10,0,0,0,0,1,1,8457.789119099312,NO_RAW_BREAK_CROSSING,R0,UNIFORM,PROCESSED,85cc387ba6654dc5235eb8d028f36aace8d3d6ce0757eda678cf0b84054fc589
2225,99,37,0.37373737373737376,,True,False,False,0,0,62,99,37,0.6262626262626263,,4.770390772108749,0.998705514654322,0.3258274163643353,3.3157765113976887,4.310869871641442,4.688445938451257,,99,0,True,1,0,0,43,0,0,8457.789119099312,,8453.29910072721,,RAW_WINDOWS_DT30_DISTANCE400_V1,99,99,0,1.0,,99,4.770390772108749,0.998705514654322,4.310869871641442,,0,5,2.0373996127890673e-10,0,0,0,0,1,1,8457.789119099312,NO_RAW_BREAK_CROSSING,S0,UNIFORM,PROCESSED,f428af03bae33389614f7f9c1cab624d3422af4abf5d56faf2524a8f234cbc7f
2225,99,37,0.37373737373737376,,True,False,False,0,0,62,99,37,0.6262626262626263,,4.770390772108749,0.998705514654322,0.3258274163643353,3.3157765113976887,4.310869871641442,4.688445938451257,,99,0,True,1,0,0,43,0,0,8457.789119099312,,8453.29910072721,,RAW_WINDOWS_DT30_DISTANCE400_V1,99,99,0,1.0,,99,4.770390772108749,0.998705514654322,4.310869871641442,,0,5,2.0373996127890673e-10,0,0,0,0,1,1,8457.789119099312,NO_RAW_BREAK_CROSSING,S_POINTS2,UNIFORM,PROCESSED,6c23820eb05340055cc483e42b4c40e2c31578d59bc2e2e86a46aca80dbd1584
2225,99,37,0.37373737373737376,,True,False,False,0,0,62,99,37,0.6262626262626263,,4.770390772108749,0.998705514654322,0.3258274163643353,3.3157765113976887,4.310869871641442,4.688445938451257,,99,0,True,1,0,0,43,0,0,8457.789119099312,,8453.29910072721,,RAW_WINDOWS_DT30_DISTANCE400_V1,99,99,0,1.0,,99,4.770390772108749,0.998705514654322,4.310869871641442,,0,5,2.0373996127890673e-10,0,0,0,0,1,1,8457.789119099312,NO_RAW_BREAK_CROSSING,S_LENGTH0,UNIFORM,PROCESSED,01769ce6f2d6feec21f110de7be27862fe5c22dc9bd72256a15afcfcafd3534c
2225,99,37,0.37373737373737376,,True,False,False,0,0,62,99,37,0.6262626262626263,,4.770390772108749,0.998705514654322,0.3258274163643353,3.3157765113976887,4.310869871641442,4.688445938451257,,99,0,True,1,0,0,43,0,0,8457.789119099312,,8453.29910072721,,RAW_WINDOWS_DT30_DISTANCE400_V1,99,99,0,1.0,,99,4.770390772108749,0.998705514654322,4.310869871641442,,0,5,2.0373996127890673e-10,0,0,0,0,1,1,8457.789119099312,NO_RAW_BREAK_CROSSING,D60,UNIFORM,PROCESSED,594c81c8fb7ea4bcf530aea019e6e02cc7f076e4f149b0eaddc56cb286328ad1
2225,99,48,0.48484848484848486,,True,False,False,0,0,51,99,48,0.5151515151515151,,1.9430009341543388,0.31400236024262,0.0,1.2882491639293507,1.3575372637697742,1.9303272538754823,,99,0,True,1,0,0,43,0,0,8457.789119099312,,8455.030962284369,,RAW_WINDOWS_DT30_DISTANCE400_V1,99,99,0,1.0,,99,1.9430009341543388,0.31400236024262,1.3575372637697742,,0,5,2.0373996127890673e-10,0,0,0,0,1,1,8457.789119099312,NO_RAW_BREAK_CROSSING,P2,UNIFORM,PROCESSED,d5c0f14ae5feda135ff6b599f9e386baad69ac3a249a7ff69a390b998f1a7c20
2225,99,24,0.24242424242424243,,True,False,False,0,0,75,99,24,0.7575757575757576,,9.635961432244702,2.5361617498968236,1.2865566983634786,8.440443331025383,8.972205699250443,9.057288223279564,,99,0,True,1,0,0,43,0,0,8457.789119099312,,8448.94370777245,,RAW_WINDOWS_DT30_DISTANCE400_V1,99,99,0,1.0,,99,9.635961432244702,2.5361617498968236,8.972205699250443,,22,5,2.0373996127890673e-10,0,0,0,0,1,1,8457.789119099312,NO_RAW_BREAK_CROSSING,P10,UNIFORM,PROCESSED,295912bf45eae425bd803e325e0e2b2e49957688a819d768092735d8bce239c7
822,105,39,0.37142857142857144,,True,False,False,0,2,64,103,39,0.6213592233009708,,4.079650280604695,0.8655484539658211,0.19250695032928591,3.0987458901209215,3.4919287145634885,3.865709108447262,,103,0,True,1,0,2,31,0,0,9207.002347865517,,9191.106055002734,,RAW_WINDOWS_DT30_DISTANCE400_V1,105,105,0,1.0,,105,7.928371529974388,0.9708100563312321,3.715079697029119,,1,5,2.994635893875364e-10,0,0,0,0,1,1,9207.002347865517,NO_RAW_BREAK_CROSSING,R0,UNIFORM,PROCESSED,c29b49317b44e2f6ba30a862abd5426c8ae1dc06257764c33a66ae289e953f8c
822,105,39,0.37142857142857144,,True,False,False,0,2,64,103,39,0.6213592233009708,,4.079650280604695,0.8655484539658211,0.19250695032928591,3.0987458901209215,3.4919287145634885,3.865709108447262,,103,0,True,1,0,2,31,0,0,9207.002347865517,,9191.106055002734,,RAW_WINDOWS_DT30_DISTANCE400_V1,105,105,0,1.0,,105,7.928371529974388,0.9708100563312321,3.715079697029119,,1,5,2.994635893875364e-10,0,0,0,0,1,1,9207.002347865517,NO_RAW_BREAK_CROSSING,S0,UNIFORM,PROCESSED,b051546f65f7c0bcca8a96a35cdfe62359668075eef36c9052e941c09825ce5a
822,105,39,0.37142857142857144,,True,False,False,0,2,64,103,39,0.6213592233009708,,4.079650280604695,0.8655484539658211,0.19250695032928591,3.0987458901209215,3.4919287145634885,3.865709108447262,,103,0,True,1,0,2,31,0,0,9207.002347865517,,9191.106055002734,,RAW_WINDOWS_DT30_DISTANCE400_V1,105,105,0,1.0,,105,7.928371529974388,0.9708100563312321,3.715079697029119,,1,5,2.994635893875364e-10,0,0,0,0,1,1,9207.002347865517,NO_RAW_BREAK_CROSSING,S_POINTS2,UNIFORM,PROCESSED,a95e63e313c6b7a3d0680230184287cac8b931dee863dd4ea70ca63ae4aae754
822,105,39,0.37142857142857144,,True,False,False,0,2,64,103,39,0.6213592233009708,,4.079650280604695,0.8655484539658211,0.19250695032928591,3.0987458901209215,3.4919287145634885,3.865709108447262,,103,0,True,1,0,2,31,0,0,9207.002347865517,,9191.106055002734,,RAW_WINDOWS_DT30_DISTANCE400_V1,105,105,0,1.0,,105,7.928371529974388,0.9708100563312321,3.715079697029119,,1,5,2.994635893875364e-10,0,0,0,0,1,1,9207.002347865517,NO_RAW_BREAK_CROSSING,S_LENGTH0,UNIFORM,PROCESSED,5ed3bce61304545f8201f8a5595b1d872d7901c1736b0af69d97d4e3c816669a
822,105,40,0.38095238095238093,,True,False,False,0,1,64,104,40,0.6153846153846154,,4.079650280604695,0.8896136780587592,0.19250695032928591,3.327894564834933,3.4919287145634885,3.8646999785401857,,104,0,True,1,0,1,31,0,0,9207.002347865517,,9196.162057098662,,RAW_WINDOWS_DT30_DISTANCE400_V1,105,105,0,1.0,,105,4.855193626325398,0.9273811061374891,3.5048985228569127,,0,5,2.994635893875364e-10,0,0,0,0,1,1,9207.002347865517,NO_RAW_BREAK_CROSSING,D60,UNIFORM,PROCESSED,5b63d0f522d5440b257a66a097659203798b7aeedff128c489bc7e8ac52650b4
822,105,50,0.47619047619047616,,True,False,False,0,2,53,103,50,0.5145631067961165,,1.7001674240351938,0.20664191024983025,0.0,0.7157068055461131,0.8871068374293672,1.4332272476621222,,103,0,True,1,0,2,31,0,0,9207.002347865517,,9196.253347159538,,RAW_WINDOWS_DT30_DISTANCE400_V1,105,105,0,1.0,,105,7.928371529974388,0.32445411344792663,1.2570131075825048,,1,5,2.994635893875364e-10,0,0,0,0,1,1,9207.002347865517,NO_RAW_BREAK_CROSSING,P2,UNIFORM,PROCESSED,bb5467710dd10694365d20612fb70a49e8244f4a8ee6fc351e5351621c0b97f3
822,105,29,0.2761904761904762,,True,False,False,0,2,74,103,29,0.7184466019417476,,9.329132001477102,1.6391397453716965,0.5413767954923527,4.037265698136038,6.617023752033994,9.225426444922219,,103,0,True,1,0,2,31,0,0,9207.002347865517,,9183.293001570919,,RAW_WINDOWS_DT30_DISTANCE400_V1,105,105,0,1.0,,105,9.329132001477102,1.7296662755198524,7.327467429982862,,10,5,2.994635893875364e-10,0,0,0,0,1,1,9207.002347865517,NO_RAW_BREAK_CROSSING,P10,UNIFORM,PROCESSED,20bbdee029ceb985e73eb799b95a727ac73317d5da421c640cdb4009a010ba82
9996,110,43,0.39090909090909093,,True,False,False,1,1,65,108,43,0.6018518518518519,,4.743691359129336,0.6277143808456345,0.2631773303106355,1.6508233864745223,2.08263731613661,3.7130883584547756,,108,0,True,3,1,1,32,0,0,13003.527426370889,,11989.962005195626,,RAW_WINDOWS_DT30_DISTANCE400_V1,110,109,1,0.990909090909091,,109,4.743691359129336,0.6638637929674165,2.2288588794904842,,0,5,1.420499213511421e-10,2,0,0,1,3,2,11993.732664647478,NO_RAW_BREAK_CROSSING,R0,UNIFORM,PROCESSED,c88310c20a42e5f240c94bc762d3d9f9a4a50b07d4fba9776a06d9f0fd803089
9996,110,43,0.39090909090909093,,True,False,False,1,1,65,108,43,0.6018518518518519,,4.743691359129336,0.6277143808456345,0.2631773303106355,1.6508233864745223,2.08263731613661,3.7130883584547756,,108,0,True,3,1,1,32,0,0,13003.527426370889,,11989.962005195626,,RAW_WINDOWS_DT30_DISTANCE400_V1,110,109,1,0.990909090909091,,109,4.743691359129336,0.6638637929674165,2.2288588794904842,,0,5,1.420499213511421e-10,2,0,0,1,3,2,11993.732664647478,NO_RAW_BREAK_CROSSING,S0,UNIFORM,PROCESSED,aa573d073f7b40edb38d0e4dc069a97de03cb98246312330de38665e24f2e33f
9996,110,43,0.39090909090909093,,True,False,False,1,1,65,108,43,0.6018518518518519,,4.743691359129336,0.6277143808456345,0.2631773303106355,1.6508233864745223,2.08263731613661,3.7130883584547756,,108,0,True,3,1,1,32,0,0,13003.527426370889,,11989.962005195626,,RAW_WINDOWS_DT30_DISTANCE400_V1,110,109,1,0.990909090909091,,109,4.743691359129336,0.6638637929674165,2.2288588794904842,,0,5,1.420499213511421e-10,2,0,0,1,3,2,11993.732664647478,NO_RAW_BREAK_CROSSING,S_POINTS2,UNIFORM,PROCESSED,d5dcb6d4ea205387c966d54870c3c7677d2af275e18307786dd788f83d465d51
9996,110,43,0.39090909090909093,,True,False,False,1,1,65,108,43,0.6018518518518519,,4.743691359129336,0.6277143808456345,0.2631773303106355,1.6508233864745223,2.08263731613661,3.7130883584547756,,108,0,True,3,1,1,32,0,0,13003.527426370889,,11989.962005195626,,RAW_WINDOWS_DT30_DISTANCE400_V1,110,109,1,0.990909090909091,,109,4.743691359129336,0.6638637929674165,2.2288588794904842,,0,5,1.420499213511421e-10,2,0,0,1,3,2,11993.732664647478,NO_RAW_BREAK_CROSSING,S_LENGTH0,UNIFORM,PROCESSED,c40e1a2be93ff749b46758ccd3ce0a7c28447a117c7a61946028aa33cc7f9cd6
9996,110,43,0.39090909090909093,,True,False,False,1,0,66,109,43,0.6055045871559632,,4.743691359129336,0.6638637929674165,0.27784443914415113,1.6892216494665493,2.2288588794904842,4.501473991255743,,109,0,True,3,1,0,32,0,0,13003.527426370889,,11989.962005195626,,RAW_WINDOWS_DT30_DISTANCE400_V1,110,109,1,0.990909090909091,,109,4.743691359129336,0.6638637929674165,2.2288588794904842,,0,5,1.420499213511421e-10,2,0,0,1,3,2,11993.732664647478,NO_RAW_BREAK_CROSSING,D60,UNIFORM,PROCESSED,d8cba62147fb474b1f5d113505ed529e489caf835e886eb222e78aae36aa9a07
9996,110,51,0.4636363636363636,,True,False,False,1,1,57,108,51,0.5277777777777778,,1.9111394381872273,0.38693694020630615,0.0,1.1501633197387182,1.5533400649397349,1.7987340105441847,,108,0,True,3,1,1,32,0,0,13003.527426370889,,11990.990406140347,,RAW_WINDOWS_DT30_DISTANCE400_V1,110,109,1,0.990909090909091,,109,4.568000302119864,0.425295319673403,1.6263089316203647,,0,5,1.420499213511421e-10,2,0,0,1,3,2,11993.732664647478,NO_RAW_BREAK_CROSSING,P2,UNIFORM,PROCESSED,40361291c3276a60d6ee7f27f8e6c860cca479d4a4b09b4426a2aa68c89adb7e
9996,110,29,0.2636363636363636,,True,False,False,1,1,79,108,29,0.7314814814814814,,9.798857941992468,3.193568964766059,1.495039342295165,8.580483981033195,9.244247815655108,9.798857941992468,,108,0,True,3,1,1,32,0,0,13003.527426370889,,11973.062682474509,,RAW_WINDOWS_DT30_DISTANCE400_V1,110,109,1,0.990909090909091,,109,9.798857941992468,3.2061784265766446,9.244247815655108,,35,5,1.420499213511421e-10,2,0,0,1,3,2,11993.732664647478,NO_RAW_BREAK_CROSSING,P10,UNIFORM,PROCESSED,b2247dd9d4a6fd6e52665904356f07eb6349b3e87b76b24d509a6e55b473f1ea
7289,113,22,0.19469026548672566,,True,False,False,4,0,87,109,22,0.7981651376146789,,4.540934016327228,1.2112619759297505,0.6434080024574298,3.491374133211298,3.7194221824682034,4.499844830672231,,109,0,True,2,1,0,29,0,0,13069.086923754952,,12310.660899273696,,RAW_WINDOWS_DT30_DISTANCE400_V1,113,109,4,0.9646017699115044,,109,4.540934016327228,1.2112619759297505,3.7194221824682034,,0,5,6.840411039092823e-10,1,0,0,1,2,1,12616.423334560519,NO_RAW_BREAK_CROSSING,R0,UNIFORM,PROCESSED,3e301b24db53185f6ab859900b15027397a929aef3da8881aa4dc346e30743a2
7289,113,24,0.21238938053097345,,True,False,False,0,0,89,113,24,0.7876106194690266,,4.540934016327228,1.183437509619428,0.6293820522165948,3.449387300841668,3.7194221824682034,4.492599720748742,,113,0,True,2,0,0,32,0,0,13069.086923754952,,12615.27454063996,,RAW_WINDOWS_DT30_DISTANCE400_V1,113,113,0,1.0,,113,4.540934016327228,1.183437509619428,3.7194221824682034,,0,5,6.840411039092823e-10,1,0,0,0,2,2,12616.423334560519,NO_RAW_BREAK_CROSSING,S0,UNIFORM,PROCESSED,e805afff79b71085677332bba047e0e2246e294ee9cea36972d0f5eea7ca4e42
7289,113,24,0.21238938053097345,,True,False,False,0,0,89,113,24,0.7876106194690266,,4.540934016327228,1.183437509619428,0.6293820522165948,3.449387300841668,3.7194221824682034,4.492599720748742,,113,0,True,2,0,0,32,0,0,13069.086923754952,,12615.27454063996,,RAW_WINDOWS_DT30_DISTANCE400_V1,113,113,0,1.0,,113,4.540934016327228,1.183437509619428,3.7194221824682034,,0,5,6.840411039092823e-10,1,0,0,0,2,2,12616.423334560519,NO_RAW_BREAK_CROSSING,S_POINTS2,UNIFORM,PROCESSED,27fef17a675263634612f0478b6ff2073aa7ccb3c9dabef80f938c31e9b7e5f2
7289,113,22,0.19469026548672566,,True,False,False,4,0,87,109,22,0.7981651376146789,,4.540934016327228,1.2112619759297505,0.6434080024574298,3.491374133211298,3.7194221824682034,4.499844830672231,,109,0,True,2,1,0,29,0,0,13069.086923754952,,12310.660899273696,,RAW_WINDOWS_DT30_DISTANCE400_V1,113,109,4,0.9646017699115044,,109,4.540934016327228,1.2112619759297505,3.7194221824682034,,0,5,6.840411039092823e-10,1,0,0,1,2,1,12616.423334560519,NO_RAW_BREAK_CROSSING,S_LENGTH0,UNIFORM,PROCESSED,4e6a71c6cfa0824bbc0894179e6cceeb7ab324f627d2600ea81997da3646b324
7289,113,22,0.19469026548672566,,True,False,False,4,0,87,109,22,0.7981651376146789,,4.540934016327228,1.2112619759297505,0.6434080024574298,3.491374133211298,3.7194221824682034,4.499844830672231,,109,0,True,2,1,0,29,0,0,13069.086923754952,,12310.660899273696,,RAW_WINDOWS_DT30_DISTANCE400_V1,113,109,4,0.9646017699115044,,109,4.540934016327228,1.2112619759297505,3.7194221824682034,,0,5,6.840411039092823e-10,1,0,0,1,2,1,12616.423334560519,NO_RAW_BREAK_CROSSING,D60,UNIFORM,PROCESSED,5785b3b2ed649f7a748c2861261804e4a9002896c61ac28ff73b1c49ff535a26
7289,113,35,0.30973451327433627,,True,False,False,4,0,74,109,35,0.6788990825688073,,1.9267136343237354,0.523793861483026,0.3012067340205163,1.6005632585744947,1.661679668025268,1.8326842400584284,,109,0,True,2,1,0,29,0,0,13069.086923754952,,12311.197911166393,,RAW_WINDOWS_DT30_DISTANCE400_V1,113,109,4,0.9646017699115044,,109,1.9267136343237354,0.523793861483026,1.661679668025268,,0,5,6.840411039092823e-10,1,0,0,1,2,1,12616.423334560519,NO_RAW_BREAK_CROSSING,P2,UNIFORM,PROCESSED,8a2985ebea170a78fcae384a6d92e1d575cbaf1ae05218165e4dfdd25315459a
7289,113,14,0.12389380530973451,,True,False,False,4,0,95,109,14,0.8715596330275229,,9.263095392087639,2.575786650042224,1.580455542531531,5.994084161183479,6.8102549644553445,8.991472696632847,,109,0,True,2,1,0,29,0,0,13069.086923754952,,12306.566624842886,,RAW_WINDOWS_DT30_DISTANCE400_V1,113,109,4,0.9646017699115044,,109,9.263095392087639,2.575786650042224,6.8102549644553445,,22,5,6.840411039092823e-10,1,0,0,1,2,1,12616.423334560519,NO_RAW_BREAK_CROSSING,P10,UNIFORM,PROCESSED,98b3e7b56638bf13aa398487588b7f18dec77475fdaba048eb1536626bc5930b
8617,105,44,0.41904761904761906,,True,False,False,0,2,59,103,44,0.5728155339805825,,4.914995680966151,0.9038621137298457,0.11647325321573386,2.419987192726873,3.1041030098375075,4.668851406922433,,103,0,True,3,0,2,29,0,0,12796.909472793819,,11902.875616444517,,RAW_WINDOWS_DT30_DISTANCE400_V1,105,105,0,1.0,,105,7.991788701128825,1.0371663701430411,4.153128381475112,,2,5,3.2185218050348077e-10,2,0,0,0,3,3,11913.937275917404,NO_RAW_BREAK_CROSSING,R0,UNIFORM,PROCESSED,efe88254a12ea54e6021c6d72f79e8fdcb661d5e07351c16f00d817eb268945a
8617,105,44,0.41904761904761906,,True,False,False,0,2,59,103,44,0.5728155339805825,,4.914995680966151,0.9038621137298457,0.11647325321573386,2.419987192726873,3.1041030098375075,4.668851406922433,,103,0,True,3,0,2,29,0,0,12796.909472793819,,11902.875616444517,,RAW_WINDOWS_DT30_DISTANCE400_V1,105,105,0,1.0,,105,7.991788701128825,1.0371663701430411,4.153128381475112,,2,5,3.2185218050348077e-10,2,0,0,0,3,3,11913.937275917404,NO_RAW_BREAK_CROSSING,S0,UNIFORM,PROCESSED,f5447a5cdbb86c804c5f278eff377689614d529f1f3c5a4ef932e849f19eccf7
8617,105,44,0.41904761904761906,,True,False,False,0,2,59,103,44,0.5728155339805825,,4.914995680966151,0.9038621137298457,0.11647325321573386,2.419987192726873,3.1041030098375075,4.668851406922433,,103,0,True,3,0,2,29,0,0,12796.909472793819,,11902.875616444517,,RAW_WINDOWS_DT30_DISTANCE400_V1,105,105,0,1.0,,105,7.991788701128825,1.0371663701430411,4.153128381475112,,2,5,3.2185218050348077e-10,2,0,0,0,3,3,11913.937275917404,NO_RAW_BREAK_CROSSING,S_POINTS2,UNIFORM,PROCESSED,4a718203e7c069314776de8f7ca9dd10b633d530dd63d9385fa49aab9fae1499
8617,105,44,0.41904761904761906,,True,False,False,0,2,59,103,44,0.5728155339805825,,4.914995680966151,0.9038621137298457,0.11647325321573386,2.419987192726873,3.1041030098375075,4.668851406922433,,103,0,True,3,0,2,29,0,0,12796.909472793819,,11902.875616444517,,RAW_WINDOWS_DT30_DISTANCE400_V1,105,105,0,1.0,,105,7.991788701128825,1.0371663701430411,4.153128381475112,,2,5,3.2185218050348077e-10,2,0,0,0,3,3,11913.937275917404,NO_RAW_BREAK_CROSSING,S_LENGTH0,UNIFORM,PROCESSED,c0fde293819aa2babc65d622884757b18d7177855c743e876ec085fb05efb779
8617,105,46,0.4380952380952381,,True,False,False,0,0,59,105,46,0.5619047619047619,,4.914995680966151,0.8866456925159438,0.007821720679529003,2.419987192726873,3.083306406476235,4.662127390545489,,105,0,True,3,0,0,29,0,0,12796.909472793819,,11909.23353627302,,RAW_WINDOWS_DT30_DISTANCE400_V1,105,105,0,1.0,,105,4.914995680966151,0.8866456925159438,3.083306406476235,,0,5,3.2185218050348077e-10,2,0,0,0,3,3,11913.937275917404,NO_RAW_BREAK_CROSSING,D60,UNIFORM,PROCESSED,0ae5a413e01b9a462a51904df3887623de483f60a9fefbb798d11fa2f8d2a99a
8617,105,59,0.5619047619047619,,True,False,False,0,2,44,103,59,0.4271844660194175,,1.9184262742457963,0.33397945446712535,0.0,1.5259211954511684,1.68225165452054,1.853423919707172,,103,0,True,3,0,2,29,0,0,12796.909472793819,,11904.495848785122,,RAW_WINDOWS_DT30_DISTANCE400_V1,105,105,0,1.0,,105,7.991788701128825,0.4781386186758013,1.8029333465673947,,2,5,3.2185218050348077e-10,2,0,0,0,3,3,11913.937275917404,NO_RAW_BREAK_CROSSING,P2,UNIFORM,PROCESSED,3fd771afef10f3ecaf85212d82e4dc2a1080c2a69944a9a9e9b5230223c43c32
8617,105,30,0.2857142857142857,,True,False,False,0,2,73,103,30,0.7087378640776699,,9.796822325164115,2.3550385326837326,1.4905633649036616,6.162819271643197,8.609245618986188,9.387780921140463,,103,0,True,3,0,2,29,0,0,12796.909472793819,,11895.951755963111,,RAW_WINDOWS_DT30_DISTANCE400_V1,105,105,0,1.0,,105,9.796822325164115,2.4607013334978065,8.57886989078759,,22,5,3.2185218050348077e-10,2,0,0,0,3,3,11913.937275917404,NO_RAW_BREAK_CROSSING,P10,UNIFORM,PROCESSED,823af291ce8abaa945c556f9869ca088cb2f99d13e0221b025b5f44e3f6a7248
2064,101,55,0.5445544554455446,,True,False,False,0,1,45,100,55,0.44999999999999996,,4.617574461613077,0.7206206087161442,0.0,2.4970836702181316,3.336022791573931,4.341272439530252,,100,0,True,5,0,1,32,0,0,14308.476128123706,,12579.785694209517,,RAW_WINDOWS_DT30_DISTANCE400_V1,101,101,0,1.0,,101,28.481835625105628,0.9954841237299015,3.905914555477639,,1,5,2.699169811489435e-10,4,0,0,0,5,5,12595.014675001014,NO_RAW_BREAK_CROSSING,R0,UNIFORM,PROCESSED,73a5fe72233f2b158c34208afaf53ba06b609a0576aae36c4e8394cefeb9131f
2064,101,55,0.5445544554455446,,True,False,False,0,1,45,100,55,0.44999999999999996,,4.617574461613077,0.7206206087161442,0.0,2.4970836702181316,3.336022791573931,4.341272439530252,,100,0,True,5,0,1,32,0,0,14308.476128123706,,12579.785694209517,,RAW_WINDOWS_DT30_DISTANCE400_V1,101,101,0,1.0,,101,28.481835625105628,0.9954841237299015,3.905914555477639,,1,5,2.699169811489435e-10,4,0,0,0,5,5,12595.014675001014,NO_RAW_BREAK_CROSSING,S0,UNIFORM,PROCESSED,86fc58fa45a4b1b7096077d013c1d11a642e5d481fbbb6f184ac5cf4cb163bcb
2064,101,55,0.5445544554455446,,True,False,False,0,1,45,100,55,0.44999999999999996,,4.617574461613077,0.7206206087161442,0.0,2.4970836702181316,3.336022791573931,4.341272439530252,,100,0,True,5,0,1,32,0,0,14308.476128123706,,12579.785694209517,,RAW_WINDOWS_DT30_DISTANCE400_V1,101,101,0,1.0,,101,28.481835625105628,0.9954841237299015,3.905914555477639,,1,5,2.699169811489435e-10,4,0,0,0,5,5,12595.014675001014,NO_RAW_BREAK_CROSSING,S_POINTS2,UNIFORM,PROCESSED,56720d798de6355700b6e54a1e07a8b16736724eeed291ba0f062f709f0ec72e
2064,101,55,0.5445544554455446,,True,False,False,0,1,45,100,55,0.44999999999999996,,4.617574461613077,0.7206206087161442,0.0,2.4970836702181316,3.336022791573931,4.341272439530252,,100,0,True,5,0,1,32,0,0,14308.476128123706,,12579.785694209517,,RAW_WINDOWS_DT30_DISTANCE400_V1,101,101,0,1.0,,101,28.481835625105628,0.9954841237299015,3.905914555477639,,1,5,2.699169811489435e-10,4,0,0,0,5,5,12595.014675001014,NO_RAW_BREAK_CROSSING,S_LENGTH0,UNIFORM,PROCESSED,2d513145535f2016f8cdb77bcff7edf07b5b7f78dd885110fa107ff653be8ec2
2064,101,57,0.5643564356435643,,True,False,False,0,0,44,101,57,0.4356435643564357,,4.617574461613077,0.710191191331219,0.0,2.4830653356898496,3.30602848821058,4.338481510014263,,101,0,True,5,0,0,32,0,0,14308.476128123706,,12591.894587699977,,RAW_WINDOWS_DT30_DISTANCE400_V1,101,101,0,1.0,,101,4.617574461613077,0.710191191331219,3.30602848821058,,0,5,2.699169811489435e-10,4,0,0,0,5,5,12595.014675001014,NO_RAW_BREAK_CROSSING,D60,UNIFORM,PROCESSED,81bd5667081eac888578fac38e10d121640e7a19ccd53bef26254ca538ed9ebe
2064,101,69,0.6831683168316832,,True,False,False,0,1,31,100,69,0.31000000000000005,,1.9870327826758223,0.206354266204838,0.0,0.7814803640278506,1.1702249793642547,1.6635631754409996,,100,0,True,5,0,1,32,0,0,14308.476128123706,,12582.283122478191,,RAW_WINDOWS_DT30_DISTANCE400_V1,101,101,0,1.0,,101,28.481835625105628,0.48630952718405374,1.1710892273162448,,1,5,2.699169811489435e-10,4,0,0,0,5,5,12595.014675001014,NO_RAW_BREAK_CROSSING,P2,UNIFORM,PROCESSED,c18cb8d3749b0880a51cb0567bfe30ed5244c81c256b8082a0d3507a4d9aad96
2064,101,40,0.39603960396039606,,True,False,False,0,1,60,100,40,0.6,,8.93319057247896,2.0347414919612636,0.6391912898683192,7.0585911993249555,7.7500721673845465,8.813743741141709,,100,0,True,5,0,1,32,0,0,14308.476128123706,,12572.49284537457,,RAW_WINDOWS_DT30_DISTANCE400_V1,101,101,0,1.0,,101,28.481835625105628,2.296593909121109,8.40027183295534,,20,5,2.699169811489435e-10,4,0,0,0,5,5,12595.014675001014,NO_RAW_BREAK_CROSSING,P10,UNIFORM,PROCESSED,64d425d92fe8926a3c32267e9eada3627b3232b435558352a24e97dd18e08676
7253,103,41,0.39805825242718446,,True,False,False,0,2,60,101,41,0.594059405940594,,4.739723469728434,1.0875942760327044,0.3682445843446548,4.296454969370587,4.378134803557065,4.488707652010041,,101,0,True,1,0,2,27,0,0,10437.265229271197,,10430.671673844166,,RAW_WINDOWS_DT30_DISTANCE400_V1,103,103,0,1.0,,103,8.573982519227455,1.1925849475939063,4.378134803557065,,1,5,3.691930750070522e-10,0,0,0,0,1,1,10437.265229271197,NO_RAW_BREAK_CROSSING,R0,UNIFORM,PROCESSED,8a5db70dd4a660049f60b17b97e553b45923f44dff59693a84fadeeb5b6b9766
7253,103,41,0.39805825242718446,,True,False,False,0,2,60,101,41,0.594059405940594,,4.739723469728434,1.0875942760327044,0.3682445843446548,4.296454969370587,4.378134803557065,4.488707652010041,,101,0,True,1,0,2,27,0,0,10437.265229271197,,10430.671673844166,,RAW_WINDOWS_DT30_DISTANCE400_V1,103,103,0,1.0,,103,8.573982519227455,1.1925849475939063,4.378134803557065,,1,5,3.691930750070522e-10,0,0,0,0,1,1,10437.265229271197,NO_RAW_BREAK_CROSSING,S0,UNIFORM,PROCESSED,fc5ee1efe7cd04b7a0f119a7a9727145ad2bfde7ec109b1fb274a33776d3fc11
7253,103,41,0.39805825242718446,,True,False,False,0,2,60,101,41,0.594059405940594,,4.739723469728434,1.0875942760327044,0.3682445843446548,4.296454969370587,4.378134803557065,4.488707652010041,,101,0,True,1,0,2,27,0,0,10437.265229271197,,10430.671673844166,,RAW_WINDOWS_DT30_DISTANCE400_V1,103,103,0,1.0,,103,8.573982519227455,1.1925849475939063,4.378134803557065,,1,5,3.691930750070522e-10,0,0,0,0,1,1,10437.265229271197,NO_RAW_BREAK_CROSSING,S_POINTS2,UNIFORM,PROCESSED,f12c5eb954092947fc244e2acdb35fde590c470aa7fbbbf6978fa4dcb3584a6e
7253,103,41,0.39805825242718446,,True,False,False,0,2,60,101,41,0.594059405940594,,4.739723469728434,1.0875942760327044,0.3682445843446548,4.296454969370587,4.378134803557065,4.488707652010041,,101,0,True,1,0,2,27,0,0,10437.265229271197,,10430.671673844166,,RAW_WINDOWS_DT30_DISTANCE400_V1,103,103,0,1.0,,103,8.573982519227455,1.1925849475939063,4.378134803557065,,1,5,3.691930750070522e-10,0,0,0,0,1,1,10437.265229271197,NO_RAW_BREAK_CROSSING,S_LENGTH0,UNIFORM,PROCESSED,d463b19a68acad05a9c6b95388f44350a1d888363fd19ce2e251266b50fc60fc
7253,103,39,0.3786407766990291,,True,False,False,0,0,64,103,39,0.6213592233009708,,4.739723469728434,1.2038256591163479,0.4482776666187161,4.280162717820196,4.378134803557065,4.486496195040982,,103,0,True,1,0,0,27,0,0,10437.265229271197,,10435.765106720459,,RAW_WINDOWS_DT30_DISTANCE400_V1,103,103,0,1.0,,103,4.739723469728434,1.2038256591163479,4.378134803557065,,0,5,3.691930750070522e-10,0,0,0,0,1,1,10437.265229271197,NO_RAW_BREAK_CROSSING,D60,UNIFORM,PROCESSED,a31fdac2f1612d3fead09b24da458e447b40da74de1e3ca05df3fbe170a7f691
7253,103,52,0.5048543689320388,,True,False,False,0,2,49,101,52,0.48514851485148514,,1.8223499359888933,0.3387456819374776,0.0,1.346010131907341,1.6028580798087486,1.6996401060304993,,101,0,True,1,0,2,27,0,0,10437.265229271197,,10431.565256490252,,RAW_WINDOWS_DT30_DISTANCE400_V1,103,103,0,1.0,,103,8.573982519227455,0.458277102898587,1.6028580798087486,,1,5,3.691930750070522e-10,0,0,0,0,1,1,10437.265229271197,NO_RAW_BREAK_CROSSING,P2,UNIFORM,PROCESSED,c327af3dbb8a049413c8956d3676cc4150bb90fdf65353027047e7a5d6cc5e76
7253,103,29,0.2815533980582524,,True,False,False,0,2,72,101,29,0.7128712871287128,,9.563071450607367,2.056546002232188,0.8990715870087291,5.202876135016155,7.084795187982071,8.473266766169504,,101,0,True,1,0,2,27,0,0,10437.265229271197,,10424.050951191446,,RAW_WINDOWS_DT30_DISTANCE400_V1,103,103,0,1.0,,103,9.96619034181112,2.1562386579699404,7.735306031639597,,12,5,3.691930750070522e-10,0,0,0,0,1,1,10437.265229271197,NO_RAW_BREAK_CROSSING,P10,UNIFORM,PROCESSED,fed669569277a3bd37a1b8a728c98c12657f2481d010ae8342b0eac928300c4d
3265,99,37,0.37373737373737376,,True,False,False,3,3,56,93,37,0.6021505376344086,,4.991809407748854,0.7910795249177339,0.36188095760522726,2.14148878494665,3.337245800836982,4.911805354109098,,93,0,True,6,1,3,15,0,0,18597.528396286514,,14893.997903661606,,RAW_WINDOWS_DT30_DISTANCE400_V1,99,96,3,0.9696969696969697,,96,65.19805526289588,2.042732836063896,4.283773799293601,,2,5,1.222600181193853e-09,5,0,0,1,6,5,15539.816446266204,NO_RAW_BREAK_CROSSING,R0,UNIFORM,PROCESSED,34267c0f86d57c713b002c6839bc9a8d79f16cefc6a3635f22df48a1000424ce
3265,99,39,0.3939393939393939,,True,False,False,0,3,57,96,39,0.59375,,4.991809407748854,0.7681370232282579,0.2954827186378227,2.137877123393859,3.254551743265507,4.909196526273019,,96,0,True,6,0,3,18,0,0,18597.528396286514,,15460.851071179937,,RAW_WINDOWS_DT30_DISTANCE400_V1,99,99,0,1.0,,99,65.19805526289588,1.982556673481793,4.2167032544639484,,2,5,1.222600181193853e-09,5,0,0,0,6,6,15539.816446266204,NO_RAW_BREAK_CROSSING,S0,UNIFORM,PROCESSED,37c2e6df70a9e967209aa0a1bd411058ff95eaf2d7d3769d09c39a189dd1f483
3265,99,39,0.3939393939393939,,True,False,False,0,3,57,96,39,0.59375,,4.991809407748854,0.7681370232282579,0.2954827186378227,2.137877123393859,3.254551743265507,4.909196526273019,,96,0,True,6,0,3,18,0,0,18597.528396286514,,15460.851071179937,,RAW_WINDOWS_DT30_DISTANCE400_V1,99,99,0,1.0,,99,65.19805526289588,1.982556673481793,4.2167032544639484,,2,5,1.222600181193853e-09,5,0,0,0,6,6,15539.816446266204,NO_RAW_BREAK_CROSSING,S_POINTS2,UNIFORM,PROCESSED,dab6210bfc9461c7a150b2cf33f4cc8497ece27bd79c224011aa3ac449e7b1b6
3265,99,37,0.37373737373737376,,True,False,False,3,3,56,93,37,0.6021505376344086,,4.991809407748854,0.7910795249177339,0.36188095760522726,2.14148878494665,3.337245800836982,4.911805354109098,,93,0,True,6,1,3,15,0,0,18597.528396286514,,14893.997903661606,,RAW_WINDOWS_DT30_DISTANCE400_V1,99,96,3,0.9696969696969697,,96,65.19805526289588,2.042732836063896,4.283773799293601,,2,5,1.222600181193853e-09,5,0,0,1,6,5,15539.816446266204,NO_RAW_BREAK_CROSSING,S_LENGTH0,UNIFORM,PROCESSED,7e6b88083cea4f914fed43049c64a018b4912dd8bd6d9a7d92dece14b40797fd
3265,99,39,0.3939393939393939,,True,False,False,3,0,57,96,39,0.59375,,4.991809407748854,0.7624215057871928,0.3323479936591197,2.140892188793168,3.254551743265507,4.909196526273019,,96,0,True,6,1,0,15,0,0,18597.528396286514,,14968.879675371654,,RAW_WINDOWS_DT30_DISTANCE400_V1,99,96,3,0.9696969696969697,,96,4.991809407748854,0.7624215057871928,3.254551743265507,,0,5,1.222600181193853e-09,5,0,0,1,6,5,15539.816446266204,NO_RAW_BREAK_CROSSING,D60,UNIFORM,PROCESSED,30cad243ce41a01838dfe701f10056a9c13d678e0563c667d34ed3604c073e6c
3265,99,49,0.494949494949495,,True,False,False,3,3,44,93,49,0.4731182795698925,,1.5847557290031544,0.3390894619332733,0.0,1.1657921138385368,1.3067081015632431,1.5599309529574368,,93,0,True,6,1,3,15,0,0,18597.528396286514,,14895.369803044116,,RAW_WINDOWS_DT30_DISTANCE400_V1,99,96,3,0.9696969696969697,,96,65.19805526289588,1.6048674625476995,1.485602804103113,,2,5,1.222600181193853e-09,5,0,0,1,6,5,15539.816446266204,NO_RAW_BREAK_CROSSING,P2,UNIFORM,PROCESSED,36f7841a8b851235000e3464cd4764a99ea16aa618b5fae43d15f637554008ca
3265,99,29,0.29292929292929293,,True,False,False,3,3,64,93,29,0.6881720430107527,,9.260584377912776,2.0054016395031637,0.7847548661968893,6.033881796667686,7.01769809193263,8.09443217997666,,93,0,True,6,1,3,15,0,0,18597.528396286514,,14892.32897068037,,RAW_WINDOWS_DT30_DISTANCE400_V1,99,96,3,0.9696969696969697,,96,65.19805526289588,3.219107384568531,7.337648640273065,,19,5,1.222600181193853e-09,5,0,0,1,6,5,15539.816446266204,NO_RAW_BREAK_CROSSING,P10,UNIFORM,PROCESSED,88125a30a9a68c460520b0d3e2fbd164363fdab0d6d02494526a83ec5058e159
4678,109,47,0.43119266055045874,,True,False,False,8,4,50,97,47,0.5154639175257731,,4.597370243973806,0.8974459040571663,0.08049639361142216,2.74042113253329,3.3109402670742494,4.572255468363053,,97,0,True,4,2,4,6,0,0,10532.137437140313,,7710.876135191293,,RAW_WINDOWS_DT30_DISTANCE400_V1,109,101,8,0.926605504587156,,101,14.185982475596248,1.114176462866096,4.055119320621303,,2,5,1.771892658437076e-10,3,0,0,4,4,2,8884.971816465822,NO_RAW_BREAK_CROSSING,R0,UNIFORM,PROCESSED,f0266a35734f76871fc7a2d550aabad664c54b620fbc981a56ed78d682587595
4678,109,55,0.5045871559633027,,True,False,False,0,4,50,105,55,0.47619047619047616,,4.597370243973806,0.8290690732718584,0.0,2.7176566575901524,3.21606787520797,4.567935140126406,,105,0,True,4,0,4,12,0,0,10532.137437140313,,8840.934705705251,,RAW_WINDOWS_DT30_DISTANCE400_V1,109,109,0,1.0,,109,14.185982475596248,1.0324020435731716,3.8955003001066077,,2,5,1.771892658437076e-10,3,0,0,0,4,4,8884.971816465822,NO_RAW_BREAK_CROSSING,S0,UNIFORM,PROCESSED,9202d4ad059866d1c5ebc15d811325a544f5120d130095a02cd0e4e80cdb373e
4678,109,55,0.5045871559633027,,True,False,False,0,4,50,105,55,0.47619047619047616,,4.597370243973806,0.8290690732718584,0.0,2.7176566575901524,3.21606787520797,4.567935140126406,,105,0,True,4,0,4,12,0,0,10532.137437140313,,8840.934705705251,,RAW_WINDOWS_DT30_DISTANCE400_V1,109,109,0,1.0,,109,14.185982475596248,1.0324020435731716,3.8955003001066077,,2,5,1.771892658437076e-10,3,0,0,0,4,4,8884.971816465822,NO_RAW_BREAK_CROSSING,S_POINTS2,UNIFORM,PROCESSED,2e11117388cbfd560f4b49e208523d442a935a2ddaafe4551288833a8f421192
4678,109,47,0.43119266055045874,,True,False,False,8,4,50,97,47,0.5154639175257731,,4.597370243973806,0.8974459040571663,0.08049639361142216,2.74042113253329,3.3109402670742494,4.572255468363053,,97,0,True,4,2,4,6,0,0,10532.137437140313,,7710.876135191293,,RAW_WINDOWS_DT30_DISTANCE400_V1,109,101,8,0.926605504587156,,101,14.185982475596248,1.114176462866096,4.055119320621303,,2,5,1.771892658437076e-10,3,0,0,4,4,2,8884.971816465822,NO_RAW_BREAK_CROSSING,S_LENGTH0,UNIFORM,PROCESSED,0f51ca77b2405d15cdccc6214f5adb0dc3d52a3b16a989aa12237e905f41f6fa
4678,109,49,0.44954128440366975,,True,False,False,8,2,50,99,49,0.505050505050505,,4.571209019379272,0.8141305755069285,0.023445449384147395,2.668386021908142,2.849787800565021,4.4909989776840735,,99,0,True,4,2,2,6,0,0,10532.137437140313,,7719.770432843912,,RAW_WINDOWS_DT30_DISTANCE400_V1,109,101,8,0.926605504587156,,101,14.185982475596248,0.9617951671203381,3.1817098100031505,,1,5,1.771892658437076e-10,3,0,0,4,4,2,8884.971816465822,NO_RAW_BREAK_CROSSING,D60,UNIFORM,PROCESSED,5a96cccb2c3e0b2cee43ca7d7b04c38dab49ea3f8f87d3f7bd6fe7fe26d53546
4678,109,58,0.5321100917431193,,True,False,False,8,4,39,97,58,0.4020618556701031,,1.8240450999389957,0.30958840965525697,0.0,1.1429443271705146,1.3934305553227817,1.7346461309138965,,97,0,True,4,2,4,6,0,0,10532.137437140313,,7715.794296008362,,RAW_WINDOWS_DT30_DISTANCE400_V1,109,101,8,0.926605504587156,,101,14.185982475596248,0.5375844609651128,1.5550550822153937,,2,5,1.771892658437076e-10,3,0,0,4,4,2,8884.971816465822,NO_RAW_BREAK_CROSSING,P2,UNIFORM,PROCESSED,dd5e402cd08f8cbf799cd63d6e14a5f555566db8953271ae812aa68526588137
4678,109,37,0.3394495412844037,,True,False,False,8,4,60,97,37,0.6185567010309279,,9.480982635653277,1.660490853064245,0.5482115366871781,4.805766199410221,6.241320685342691,9.315791654514154,,97,0,True,4,2,4,6,0,0,10532.137437140313,,7703.04706444701,,RAW_WINDOWS_DT30_DISTANCE400_V1,109,101,8,0.926605504587156,,101,14.185982475596248,1.8470018099323005,6.644255644076007,,12,5,1.771892658437076e-10,3,0,0,4,4,2,8884.971816465822,NO_RAW_BREAK_CROSSING,P10,UNIFORM,PROCESSED,88e51e01611c44f82eabe5c20e59788729f8f9d45fbeed2bb1ac8b260d967a8a
2467,91,43,0.4725274725274725,,True,False,False,16,0,32,75,43,0.42666666666666664,,3.8642946388531048,0.39074374361992914,0.0,1.562726268867327,2.0100867153279602,3.3798602170899863,,75,0,True,20,5,0,45,0,0,25545.097554810236,,13266.230344349395,,RAW_WINDOWS_DT30_DISTANCE400_V1,91,75,16,0.8241758241758241,,75,3.8642946388531048,0.39074374361992914,2.0100867153279602,,0,5,3.4027122775882403e-10,19,0,0,8,20,15,15736.84710086953,NO_RAW_BREAK_CROSSING,R0,UNIFORM,PROCESSED,a41c286dbbfdead6b0cea002c6f0f35a0ce02866beeecbc29aa631b1a20bb326
2467,91,55,0.6043956043956044,,True,False,False,0,0,36,91,55,0.39560439560439564,,3.8642946388531048,0.3710812768194843,0.0,1.4819820218735025,1.9191233173746545,3.2751176394114663,,91,0,True,20,0,0,59,0,0,25545.097554810236,,15736.615707094566,,RAW_WINDOWS_DT30_DISTANCE400_V1,91,91,0,1.0,,91,3.8642946388531048,0.3710812768194843,1.9191233173746545,,0,5,3.4027122775882403e-10,19,0,0,0,20,20,15736.84710086953,NO_RAW_BREAK_CROSSING,S0,UNIFORM,PROCESSED,ac3726b717dfe189217b3009c9415c8fbfa25fed95cb04f524721339d530ddd8
2467,91,55,0.6043956043956044,,True,False,False,0,0,36,91,55,0.39560439560439564,,3.8642946388531048,0.3710812768194843,0.0,1.4819820218735025,1.9191233173746545,3.2751176394114663,,91,0,True,20,0,0,59,0,0,25545.097554810236,,15736.615707094566,,RAW_WINDOWS_DT30_DISTANCE400_V1,91,91,0,1.0,,91,3.8642946388531048,0.3710812768194843,1.9191233173746545,,0,5,3.4027122775882403e-10,19,0,0,0,20,20,15736.84710086953,NO_RAW_BREAK_CROSSING,S_POINTS2,UNIFORM,PROCESSED,0c600948c73c11fe92095405d1329a44546ade98c8b6cfefe9e5422befa6b06f
2467,91,43,0.4725274725274725,,True,False,False,16,0,32,75,43,0.42666666666666664,,3.8642946388531048,0.39074374361992914,0.0,1.562726268867327,2.0100867153279602,3.3798602170899863,,75,0,True,20,5,0,45,0,0,25545.097554810236,,13266.230344349395,,RAW_WINDOWS_DT30_DISTANCE400_V1,91,75,16,0.8241758241758241,,75,3.8642946388531048,0.39074374361992914,2.0100867153279602,,0,5,3.4027122775882403e-10,19,0,0,8,20,15,15736.84710086953,NO_RAW_BREAK_CROSSING,S_LENGTH0,UNIFORM,PROCESSED,d0b1cc146493a72220563a705ec94276f184d7f22cad41e6613516dba95c29ed
2467,91,43,0.4725274725274725,,True,False,False,16,0,32,75,43,0.42666666666666664,,3.8642946388531048,0.39074374361992914,0.0,1.562726268867327,2.0100867153279602,3.3798602170899863,,75,0,True,20,5,0,45,0,0,25545.097554810236,,13266.230344349395,,RAW_WINDOWS_DT30_DISTANCE400_V1,91,75,16,0.8241758241758241,,75,3.8642946388531048,0.39074374361992914,2.0100867153279602,,0,5,3.4027122775882403e-10,19,0,0,8,20,15,15736.84710086953,NO_RAW_BREAK_CROSSING,D60,UNIFORM,PROCESSED,713daaa472e44b1dce224b6e2d279f8ae3bf343fbcece67517119a3999228de1
2467,91,47,0.5164835164835165,,True,False,False,16,0,28,75,47,0.3733333333333333,,1.9606129309835565,0.19952589598113157,0.0,0.6385754135014199,1.2848553971367143,1.7060106295345003,,75,0,True,20,5,0,45,0,0,25545.097554810236,,13266.379793352457,,RAW_WINDOWS_DT30_DISTANCE400_V1,91,75,16,0.8241758241758241,,75,1.9606129309835565,0.19952589598113157,1.2848553971367143,,0,5,3.4027122775882403e-10,19,0,0,8,20,15,15736.84710086953,NO_RAW_BREAK_CROSSING,P2,UNIFORM,PROCESSED,79671785d789871deae98f297ecd8db90f3b0c289770c4c49668be86123abbe1
2467,91,40,0.43956043956043955,,True,False,False,16,0,35,75,40,0.4666666666666667,,9.19435852315267,0.7770117046657018,0.0,2.471732902812278,4.61929829705753,7.512272623310905,,75,0,True,20,5,0,45,0,0,25545.097554810236,,13265.647660647934,,RAW_WINDOWS_DT30_DISTANCE400_V1,91,75,16,0.8241758241758241,,75,9.19435852315267,0.7770117046657018,4.61929829705753,,4,5,3.4027122775882403e-10,19,0,0,8,20,15,15736.84710086953,NO_RAW_BREAK_CROSSING,P10,UNIFORM,PROCESSED,fbfc4d46f9f856078e1c1a429f0324542f404ff69c1497b4f3f22b33fb766b86
8522,108,56,0.5185185185185185,,True,False,False,0,4,48,104,56,0.46153846153846156,,4.962210666813273,0.9201622255403101,0.0,3.0890510646098677,3.9366134513960116,4.621518285419291,,104,0,True,5,0,4,15,0,0,13343.838199130121,,12054.997873621995,,RAW_WINDOWS_DT30_DISTANCE400_V1,108,108,0,1.0,,108,12.278924852302733,1.2186141043907108,4.582592853362769,,4,5,1.7725737682722295e-10,4,0,0,0,5,5,12091.971232662423,NO_RAW_BREAK_CROSSING,R0,UNIFORM,PROCESSED,f80f9996c6ec4abf168f2b2b487a93613c5d0e3d557cfc9a3f384556295d4446
8522,108,56,0.5185185185185185,,True,False,False,0,4,48,104,56,0.46153846153846156,,4.962210666813273,0.9201622255403101,0.0,3.0890510646098677,3.9366134513960116,4.621518285419291,,104,0,True,5,0,4,15,0,0,13343.838199130121,,12054.997873621995,,RAW_WINDOWS_DT30_DISTANCE400_V1,108,108,0,1.0,,108,12.278924852302733,1.2186141043907108,4.582592853362769,,4,5,1.7725737682722295e-10,4,0,0,0,5,5,12091.971232662423,NO_RAW_BREAK_CROSSING,S0,UNIFORM,PROCESSED,350c0e6dec56b2ea756bc8f2ea44bd42aec45d24d4610e8df0ffab98c614f724
8522,108,56,0.5185185185185185,,True,False,False,0,4,48,104,56,0.46153846153846156,,4.962210666813273,0.9201622255403101,0.0,3.0890510646098677,3.9366134513960116,4.621518285419291,,104,0,True,5,0,4,15,0,0,13343.838199130121,,12054.997873621995,,RAW_WINDOWS_DT30_DISTANCE400_V1,108,108,0,1.0,,108,12.278924852302733,1.2186141043907108,4.582592853362769,,4,5,1.7725737682722295e-10,4,0,0,0,5,5,12091.971232662423,NO_RAW_BREAK_CROSSING,S_POINTS2,UNIFORM,PROCESSED,04048a63cd9fbecefc63637d53011a58c22931924cd13569ac0a7639e1b63b88
8522,108,56,0.5185185185185185,,True,False,False,0,4,48,104,56,0.46153846153846156,,4.962210666813273,0.9201622255403101,0.0,3.0890510646098677,3.9366134513960116,4.621518285419291,,104,0,True,5,0,4,15,0,0,13343.838199130121,,12054.997873621995,,RAW_WINDOWS_DT30_DISTANCE400_V1,108,108,0,1.0,,108,12.278924852302733,1.2186141043907108,4.582592853362769,,4,5,1.7725737682722295e-10,4,0,0,0,5,5,12091.971232662423,NO_RAW_BREAK_CROSSING,S_LENGTH0,UNIFORM,PROCESSED,0d57ff051234aad00f0f036ac9cb8f1cf385e3582aa9eb3e0369ca2732e2761d
8522,108,58,0.5370370370370371,,True,False,False,0,0,50,108,58,0.4629629629629629,,4.962210666813273,0.8947496016180849,0.0,3.0790207559239353,4.019432909277186,4.6166526064122255,,108,0,True,5,0,0,15,0,0,13343.838199130121,,12083.245279553223,,RAW_WINDOWS_DT30_DISTANCE400_V1,108,108,0,1.0,,108,4.962210666813273,0.8947496016180849,4.019432909277186,,0,5,1.7725737682722295e-10,4,0,0,0,5,5,12091.971232662423,NO_RAW_BREAK_CROSSING,D60,UNIFORM,PROCESSED,96136c0f6d77700c0addef6f4909ca0030ca9a8fb65511290358e995e44827a3
8522,108,73,0.6759259259259259,,True,False,False,0,4,31,104,73,0.29807692307692313,,1.8443872682239881,0.2064184116647159,0.0,0.9035983769629019,1.1721323790022926,1.7248350461250281,,104,0,True,5,0,4,15,0,0,13343.838199130121,,12070.258237902315,,RAW_WINDOWS_DT30_DISTANCE400_V1,108,108,0,1.0,,108,12.278924852302733,0.531305246584583,1.6856119099590874,,4,5,1.7725737682722295e-10,4,0,0,0,5,5,12091.971232662423,NO_RAW_BREAK_CROSSING,P2,UNIFORM,PROCESSED,b64a796b54338445abdec9686e807ff5a3b50bd78209a8f4f559feed9567d671
8522,108,43,0.39814814814814814,,True,False,False,0,4,61,104,43,0.5865384615384616,,9.889091678949528,1.963819766778415,0.5785035124628197,6.491599087977227,7.530624339975362,9.31820243488233,,104,0,True,5,0,4,15,0,0,13343.838199130121,,12038.299152021977,,RAW_WINDOWS_DT30_DISTANCE400_V1,108,108,0,1.0,,108,12.278924852302733,2.223617662619997,8.461736279251298,,19,5,1.7725737682722295e-10,4,0,0,0,5,5,12091.971232662423,NO_RAW_BREAK_CROSSING,P10,UNIFORM,PROCESSED,d22c0715eae19dbec83c4afa00d7910337cc1fbe66a06884622648a792f26cf8
1880,112,42,0.375,,True,False,False,4,6,60,102,42,0.5882352941176471,,4.5775025892590815,1.003000385816615,0.3295910891837788,3.2293361025880594,4.043617488756956,4.526621562299571,,102,0,True,4,2,6,6,0,0,11182.199214181972,,9244.586444883975,,RAW_WINDOWS_DT30_DISTANCE400_V1,112,108,4,0.9642857142857143,,108,54.419279645448015,2.401390113234041,4.559847654906765,,5,5,3.049126152648703e-10,3,0,0,2,4,2,9790.840249521072,NO_RAW_BREAK_CROSSING,R0,UNIFORM,PROCESSED,cd9236458ec15bb2bfedd526f1253749af01ce8d0da3dd79ffe95ca20e53487a
1880,112,44,0.39285714285714285,,True,False,False,1,6,61,105,44,0.5809523809523809,,4.5775025892590815,0.9810933702869721,0.3276330931801468,3.206328831824123,4.041214863599227,4.525306490155176,,105,0,True,4,1,6,9,0,0,11182.199214181972,,9679.701445930925,,RAW_WINDOWS_DT30_DISTANCE400_V1,112,111,1,0.9910714285714286,,111,54.419279645448015,2.3428729437487728,4.552281254470058,,5,5,3.049126152648703e-10,3,0,0,1,4,3,9790.840249521072,NO_RAW_BREAK_CROSSING,S0,UNIFORM,PROCESSED,cbd66f1321a4adc14ded3f0e91735adb80dd5d070e70c798baf24f5f1dd67a56
1880,112,44,0.39285714285714285,,True,False,False,1,6,61,105,44,0.5809523809523809,,4.5775025892590815,0.9810933702869721,0.3276330931801468,3.206328831824123,4.041214863599227,4.525306490155176,,105,0,True,4,1,6,9,0,0,11182.199214181972,,9679.701445930925,,RAW_WINDOWS_DT30_DISTANCE400_V1,112,111,1,0.9910714285714286,,111,54.419279645448015,2.3428729437487728,4.552281254470058,,5,5,3.049126152648703e-10,3,0,0,1,4,3,9790.840249521072,NO_RAW_BREAK_CROSSING,S_POINTS2,UNIFORM,PROCESSED,dec76767b690f57a8e4efb178736e02d615bb862edd9294d553ecb8b90834e7c
1880,112,42,0.375,,True,False,False,4,6,60,102,42,0.5882352941176471,,4.5775025892590815,1.003000385816615,0.3295910891837788,3.2293361025880594,4.043617488756956,4.526621562299571,,102,0,True,4,2,6,6,0,0,11182.199214181972,,9244.586444883975,,RAW_WINDOWS_DT30_DISTANCE400_V1,112,108,4,0.9642857142857143,,108,54.419279645448015,2.401390113234041,4.559847654906765,,5,5,3.049126152648703e-10,3,0,0,2,4,2,9790.840249521072,NO_RAW_BREAK_CROSSING,S_LENGTH0,UNIFORM,PROCESSED,ada4a5926cdb5cc85ccfe0df52e43a2ed561655d40931b234a4182ad1a8b1a68
1880,112,47,0.41964285714285715,,True,False,False,4,1,60,107,47,0.5607476635514019,,4.5775025892590815,0.942493370249644,0.3138192845460247,3.1165440299187614,4.039613113494073,4.524429775392246,,107,0,True,4,2,1,6,0,0,11182.199214181972,,9310.929045510191,,RAW_WINDOWS_DT30_DISTANCE400_V1,112,108,4,0.9642857142857143,,108,4.5775025892590815,0.9510548022693697,4.038812238441497,,0,5,3.049126152648703e-10,3,0,0,2,4,2,9790.840249521072,NO_RAW_BREAK_CROSSING,D60,UNIFORM,PROCESSED,17dd122c13fedceccfb86eaf3916894a8f5dd614ef95599d8dceeb9843705534
1880,112,55,0.49107142857142855,,True,False,False,4,6,47,102,55,0.4607843137254902,,1.9812324930553624,0.38414067559553716,0.0,1.3701991101433229,1.4727986371271196,1.880739312875209,,102,0,True,4,2,6,6,0,0,11182.199214181972,,9251.401552419575,,RAW_WINDOWS_DT30_DISTANCE400_V1,112,108,4,0.9642857142857143,,108,54.419279645448015,1.787999972743346,1.9462218641287667,,5,5,3.049126152648703e-10,3,0,0,2,4,2,9790.840249521072,NO_RAW_BREAK_CROSSING,P2,UNIFORM,PROCESSED,194dc8f6724fe6eb9db09023773f0114fcba070154bd86ca8bd79fd89ca4b232
1880,112,29,0.25892857142857145,,True,False,False,4,6,73,102,29,0.7156862745098039,,9.405605428248368,2.560641547973131,1.500626118549337,7.783784450201048,8.154615264635158,9.033025065357231,,102,0,True,4,2,6,6,0,0,11182.199214181972,,9221.71078075756,,RAW_WINDOWS_DT30_DISTANCE400_V1,112,108,4,0.9642857142857143,,108,54.419279645448015,3.874279135805143,8.72394406480165,,28,5,3.049126152648703e-10,3,0,0,2,4,2,9790.840249521072,NO_RAW_BREAK_CROSSING,P10,UNIFORM,PROCESSED,469d4ab1db47586e8be23b71e647698dcd3f409c6c86f750956232b8e13f3e39
3725,104,57,0.5480769230769231,,True,False,False,0,5,42,99,57,0.4242424242424242,,4.601998605293836,0.7228293698554505,0.0,2.525237329411182,3.478742210723435,4.315459870085521,,99,0,True,2,0,5,6,0,0,12341.520648073718,,10541.29635977278,,RAW_WINDOWS_DT30_DISTANCE400_V1,104,104,0,1.0,,104,25.177689186844017,1.0328916984572483,3.660371939571286,,2,5,2.6736778994137e-10,1,0,0,0,2,2,10563.642122903397,NO_RAW_BREAK_CROSSING,R0,UNIFORM,PROCESSED,00d83f0962b72d99a0581589291c560a76262273fa52ef0129880dcd809ee61c
3725,104,57,0.5480769230769231,,True,False,False,0,5,42,99,57,0.4242424242424242,,4.601998605293836,0.7228293698554505,0.0,2.525237329411182,3.478742210723435,4.315459870085521,,99,0,True,2,0,5,6,0,0,12341.520648073718,,10541.29635977278,,RAW_WINDOWS_DT30_DISTANCE400_V1,104,104,0,1.0,,104,25.177689186844017,1.0328916984572483,3.660371939571286,,2,5,2.6736778994137e-10,1,0,0,0,2,2,10563.642122903397,NO_RAW_BREAK_CROSSING,S0,UNIFORM,PROCESSED,4626617106be762e2ed05687ea54b41fe84bfb66210e5496c64236d972f0887a
3725,104,57,0.5480769230769231,,True,False,False,0,5,42,99,57,0.4242424242424242,,4.601998605293836,0.7228293698554505,0.0,2.525237329411182,3.478742210723435,4.315459870085521,,99,0,True,2,0,5,6,0,0,12341.520648073718,,10541.29635977278,,RAW_WINDOWS_DT30_DISTANCE400_V1,104,104,0,1.0,,104,25.177689186844017,1.0328916984572483,3.660371939571286,,2,5,2.6736778994137e-10,1,0,0,0,2,2,10563.642122903397,NO_RAW_BREAK_CROSSING,S_POINTS2,UNIFORM,PROCESSED,b66886337e7dc8ab40e9478d2df52bde16d792f42ebff53e73ba51e2807f7879
3725,104,57,0.5480769230769231,,True,False,False,0,5,42,99,57,0.4242424242424242,,4.601998605293836,0.7228293698554505,0.0,2.525237329411182,3.478742210723435,4.315459870085521,,99,0,True,2,0,5,6,0,0,12341.520648073718,,10541.29635977278,,RAW_WINDOWS_DT30_DISTANCE400_V1,104,104,0,1.0,,104,25.177689186844017,1.0328916984572483,3.660371939571286,,2,5,2.6736778994137e-10,1,0,0,0,2,2,10563.642122903397,NO_RAW_BREAK_CROSSING,S_LENGTH0,UNIFORM,PROCESSED,a7d34faa9f7ad4d3b482a60da742b3c6909f14e77611807cae5e4e3cd676e6e8
3725,104,60,0.5769230769230769,,True,False,False,0,1,43,103,60,0.41747572815533984,,4.601998605293836,0.6923354853791641,0.0,2.625965182254712,3.4401652002598424,3.8922857162893485,,103,0,True,2,0,1,6,0,0,12341.520648073718,,10556.30091503271,,RAW_WINDOWS_DT30_DISTANCE400_V1,104,104,0,1.0,,104,4.601998605293836,0.6884695244859805,3.4275926920743247,,0,5,2.6736778994137e-10,1,0,0,0,2,2,10563.642122903397,NO_RAW_BREAK_CROSSING,D60,UNIFORM,PROCESSED,a63523c5dd05ac1ec7a116652c4a29f7801179ba6b0c83cbebef9b9675be2116
3725,104,69,0.6634615384615384,,True,False,False,0,5,30,99,69,0.303030303030303,,1.8762067919863776,0.21367456050128458,0.0,0.8312533220463941,1.2258141220265852,1.763746666126834,,99,0,True,2,0,5,6,0,0,12341.520648073718,,10544.551408754542,,RAW_WINDOWS_DT30_DISTANCE400_V1,104,104,0,1.0,,104,25.920560382099517,0.55535847796872,1.5008954701309962,,2,5,2.6736778994137e-10,1,0,0,0,2,2,10563.642122903397,NO_RAW_BREAK_CROSSING,P2,UNIFORM,PROCESSED,a3291e247d5c70c58c418e05ada6f48797caeddfb9d7a586c3e8584d0bce1822
3725,104,45,0.4326923076923077,,True,False,False,0,5,54,99,45,0.5454545454545454,,9.304823731861632,1.6457247714148902,0.23512787276348968,5.935428615458307,7.242514008101973,8.567140025250685,,99,0,True,2,0,5,6,0,0,12341.520648073718,,10527.054487714306,,RAW_WINDOWS_DT30_DISTANCE400_V1,104,104,0,1.0,,104,25.177689186844017,1.915966826353569,7.597519401036377,,14,5,2.6736778994137e-10,1,0,0,0,2,2,10563.642122903397,NO_RAW_BREAK_CROSSING,P10,UNIFORM,PROCESSED,63568e368e61c4cdab000688e41fd22ae57506f51c6551745423c4c1e7590fcc
5943,112,53,0.4732142857142857,,True,False,False,6,14,39,92,53,0.42391304347826086,,4.903932485244471,0.6784194388479421,0.0,2.128424189892785,3.8050084883426756,4.889284952069738,,92,0,True,10,2,14,24,0,0,12752.775001149865,,8037.488337852361,,RAW_WINDOWS_DT30_DISTANCE400_V1,112,106,6,0.9464285714285714,,106,35.44677108488653,1.5374435027572542,4.461782887366883,,3,5,2.9955430651052394e-10,9,0,0,4,10,8,9033.749046317376,NO_RAW_BREAK_CROSSING,R0,UNIFORM,PROCESSED,1d438d97d6ad539555c126d455d9fbfc21c2f4a66def2118ad56bdd7671c3cba
5943,112,58,0.5178571428571429,,True,False,False,0,14,40,98,58,0.40816326530612246,,4.903932485244471,0.664384178844728,0.0,2.2323830382971845,3.714618733432775,4.8883191806516235,,98,0,True,10,0,14,29,0,0,12752.775001149865,,8827.340963628536,,RAW_WINDOWS_DT30_DISTANCE400_V1,112,112,0,1.0,,112,35.44677108488653,1.4791435039735856,4.420633097182515,,3,5,2.9955430651052394e-10,9,0,0,0,10,10,9033.749046317376,NO_RAW_BREAK_CROSSING,S0,UNIFORM,PROCESSED,1ef9811e9b9f5fea42858d3d919543553fabd705a88e624ca25719504cad5c02
5943,112,58,0.5178571428571429,,True,False,False,0,14,40,98,58,0.40816326530612246,,4.903932485244471,0.664384178844728,0.0,2.2323830382971845,3.714618733432775,4.8883191806516235,,98,0,True,10,0,14,29,0,0,12752.775001149865,,8827.340963628536,,RAW_WINDOWS_DT30_DISTANCE400_V1,112,112,0,1.0,,112,35.44677108488653,1.4791435039735856,4.420633097182515,,3,5,2.9955430651052394e-10,9,0,0,0,10,10,9033.749046317376,NO_RAW_BREAK_CROSSING,S_POINTS2,UNIFORM,PROCESSED,52ba2faaba5ed7165416a50a420ffb3a2c51f0c4e8635ce2d85a47318e4bb3c8
5943,112,53,0.4732142857142857,,True,False,False,6,14,39,92,53,0.42391304347826086,,4.903932485244471,0.6784194388479421,0.0,2.128424189892785,3.8050084883426756,4.889284952069738,,92,0,True,10,2,14,24,0,0,12752.775001149865,,8037.488337852361,,RAW_WINDOWS_DT30_DISTANCE400_V1,112,106,6,0.9464285714285714,,106,35.44677108488653,1.5374435027572542,4.461782887366883,,3,5,2.9955430651052394e-10,9,0,0,4,10,8,9033.749046317376,NO_RAW_BREAK_CROSSING,S_LENGTH0,UNIFORM,PROCESSED,bfb7a89d843d5029b6fdd3763a7ad0cd22ae115cae221be744f0e41195780554
5943,112,53,0.4732142857142857,,True,False,False,6,9,44,97,53,0.45360824742268047,,4.903932485244471,0.7114088010526498,0.0,2.2660135560555843,3.7158269628409406,4.888480142554642,,97,0,True,10,2,9,24,0,0,12752.775001149865,,8096.174046186517,,RAW_WINDOWS_DT30_DISTANCE400_V1,112,106,6,0.9464285714285714,,106,35.44677108488653,1.233222529981047,4.342818398576616,,2,5,2.9955430651052394e-10,9,0,0,4,10,8,9033.749046317376,NO_RAW_BREAK_CROSSING,D60,UNIFORM,PROCESSED,a0422b2bc196737f838a956a8d27a33e8d81d4e86b31f4c6f62c292ca7b3af89
5943,112,63,0.5625,,True,False,False,6,14,29,92,63,0.3152173913043478,,1.6303597392282272,0.20811907570313262,0.0,0.9213471616803264,1.1316140198815887,1.5845091263139512,,92,0,True,10,2,14,24,0,0,12752.775001149865,,8053.122410444737,,RAW_WINDOWS_DT30_DISTANCE400_V1,112,106,6,0.9464285714285714,,106,35.44677108488653,1.0483642326400384,3.0198104518052102,,3,5,2.9955430651052394e-10,9,0,0,4,10,8,9033.749046317376,NO_RAW_BREAK_CROSSING,P2,UNIFORM,PROCESSED,9d31d15d1421d25e220858a303bf117d76d122132dec80809803faf31ad0657b
5943,112,43,0.38392857142857145,,True,False,False,6,14,49,92,43,0.5326086956521738,,8.69033908116391,1.530915839709151,0.13406106501355297,5.477750112107467,6.647278386295429,7.976198311589925,,92,0,True,10,2,14,24,0,0,12752.775001149865,,8022.906185383807,,RAW_WINDOWS_DT30_DISTANCE400_V1,112,106,6,0.9464285714285714,,106,35.44677108488653,2.2765791636404,7.0270794256803075,,17,5,2.9955430651052394e-10,9,0,0,4,10,8,9033.749046317376,NO_RAW_BREAK_CROSSING,P10,UNIFORM,PROCESSED,34a542908b8c3360ce7f071b733947e61c050eaf8ba2846fabc6665e7a7c0716
3479,114,56,0.49122807017543857,,True,False,False,0,12,46,102,56,0.4509803921568627,,4.6637508051957655,0.7248519002403379,0.0,2.4944748979229283,3.1468085594070967,4.1607246482208815,,102,0,True,2,0,12,6,0,0,14708.638649133984,,14149.029631288351,,RAW_WINDOWS_DT30_DISTANCE400_V1,114,114,0,1.0,,114,136.11825855330267,7.052421944591622,63.090989368505994,,10,5,2.762792405517818e-10,1,0,0,0,2,2,14470.126940683933,NO_RAW_BREAK_CROSSING,R0,UNIFORM,PROCESSED,ba789dabbc8fc7d561ed91d2451c4e4c718784e86bca8f26adcfad97d74ab53c
3479,114,56,0.49122807017543857,,True,False,False,0,12,46,102,56,0.4509803921568627,,4.6637508051957655,0.7248519002403379,0.0,2.4944748979229283,3.1468085594070967,4.1607246482208815,,102,0,True,2,0,12,6,0,0,14708.638649133984,,14149.029631288351,,RAW_WINDOWS_DT30_DISTANCE400_V1,114,114,0,1.0,,114,136.11825855330267,7.052421944591622,63.090989368505994,,10,5,2.762792405517818e-10,1,0,0,0,2,2,14470.126940683933,NO_RAW_BREAK_CROSSING,S0,UNIFORM,PROCESSED,c450eb4f6e07265b6c8750a31f8488d0369cb2381c473c134569e86d9f18ca2c
3479,114,56,0.49122807017543857,,True,False,False,0,12,46,102,56,0.4509803921568627,,4.6637508051957655,0.7248519002403379,0.0,2.4944748979229283,3.1468085594070967,4.1607246482208815,,102,0,True,2,0,12,6,0,0,14708.638649133984,,14149.029631288351,,RAW_WINDOWS_DT30_DISTANCE400_V1,114,114,0,1.0,,114,136.11825855330267,7.052421944591622,63.090989368505994,,10,5,2.762792405517818e-10,1,0,0,0,2,2,14470.126940683933,NO_RAW_BREAK_CROSSING,S_POINTS2,UNIFORM,PROCESSED,c2422d10288db4ab04be32222b85166ae0808fd3d4f08470504d96a813a4fffc
3479,114,56,0.49122807017543857,,True,False,False,0,12,46,102,56,0.4509803921568627,,4.6637508051957655,0.7248519002403379,0.0,2.4944748979229283,3.1468085594070967,4.1607246482208815,,102,0,True,2,0,12,6,0,0,14708.638649133984,,14149.029631288351,,RAW_WINDOWS_DT30_DISTANCE400_V1,114,114,0,1.0,,114,136.11825855330267,7.052421944591622,63.090989368505994,,10,5,2.762792405517818e-10,1,0,0,0,2,2,14470.126940683933,NO_RAW_BREAK_CROSSING,S_LENGTH0,UNIFORM,PROCESSED,6e97d7d9cc6e1ec903f86eb9eac179dca64e8d477e9f4c93665e6e679f6c8d18
3479,114,65,0.5701754385964912,,True,False,False,0,1,48,113,65,0.4247787610619469,,4.892430863974899,0.781158079029005,0.0,2.784995108527634,3.871605703251269,4.621901352226668,,113,0,True,2,0,1,6,0,0,14708.638649133984,,14459.13619032839,,RAW_WINDOWS_DT30_DISTANCE400_V1,114,114,0,1.0,,114,5.3510196549829985,0.8212445840812331,4.0184102888012285,,1,5,2.762792405517818e-10,1,0,0,0,2,2,14470.126940683933,NO_RAW_BREAK_CROSSING,D60,UNIFORM,PROCESSED,5bd842bf555c9b73fadea244cf61ebeaa38fd30d6585c7ab1f32e881766e2f9d
3479,114,67,0.5877192982456141,,True,False,False,0,12,35,102,67,0.3431372549019608,,1.930952546456251,0.22870951835280065,0.0,0.8058496135069677,1.1151604346542556,1.883708895307565,,102,0,True,2,0,12,6,0,0,14708.638649133984,,14151.250634256809,,RAW_WINDOWS_DT30_DISTANCE400_V1,114,114,0,1.0,,114,136.11825855330267,6.575682474313801,63.090989368505994,,10,5,2.762792405517818e-10,1,0,0,0,2,2,14470.126940683933,NO_RAW_BREAK_CROSSING,P2,UNIFORM,PROCESSED,56fb081996bfa382fbec2c5151d74cf742625d044df2f33ba6e06d5d2e4515cb
3479,114,43,0.37719298245614036,,True,False,False,0,12,59,102,43,0.5784313725490196,,9.807492862376765,1.9229957345919837,0.7523463261471262,5.656306262715581,6.965211992532105,9.240075903331158,,102,0,True,2,0,12,6,0,0,14708.638649133984,,14146.218754048658,,RAW_WINDOWS_DT30_DISTANCE400_V1,114,114,0,1.0,,114,136.11825855330267,8.080384819214462,63.090989368505994,,24,5,2.762792405517818e-10,1,0,0,0,2,2,14470.126940683933,NO_RAW_BREAK_CROSSING,P10,UNIFORM,PROCESSED,d7f365c46ed49b7b1b947ea6e1b5d2a47e4f3d75dd9537ff857e1b19231248dc
7313,108,51,0.4722222222222222,,True,False,False,3,7,47,98,51,0.47959183673469385,,3.8615558054722334,0.8197555417766167,0.0,2.944284136185771,3.3199905950645117,3.722218059882691,,98,0,True,3,1,7,6,0,0,8699.528999663342,,5954.655651334876,,RAW_WINDOWS_DT30_DISTANCE400_V1,108,105,3,0.9722222222222222,,105,51.285213987489676,1.965399911280023,3.92984725040677,,4,5,2.508562218389936e-10,2,0,0,1,3,2,6108.444105586561,NO_RAW_BREAK_CROSSING,R0,UNIFORM,PROCESSED,a6867db23085fd4107baebeea8074177b76a29adf3fd395e967d578892f7481f
7313,108,53,0.49074074074074076,,True,False,False,0,7,48,101,53,0.4752475247524752,,4.8097881993170235,0.8430280326081728,0.0,3.1125686367378034,3.4794257608382777,3.8615558054722334,,101,0,True,3,0,7,9,0,0,8699.528999663342,,6035.489956843006,,RAW_WINDOWS_DT30_DISTANCE400_V1,108,108,0,1.0,,108,51.285213987489676,1.9553405452196242,4.211710960701094,,4,5,2.508562218389936e-10,2,0,0,0,3,3,6108.444105586561,NO_RAW_BREAK_CROSSING,S0,UNIFORM,PROCESSED,b6c3cb4ff3fbb5b6506c25e6d6d0b1f63b77c412168f4e99c2e76ede919c9c7d
7313,108,53,0.49074074074074076,,True,False,False,0,7,48,101,53,0.4752475247524752,,4.8097881993170235,0.8430280326081728,0.0,3.1125686367378034,3.4794257608382777,3.8615558054722334,,101,0,True,3,0,7,9,0,0,8699.528999663342,,6035.489956843006,,RAW_WINDOWS_DT30_DISTANCE400_V1,108,108,0,1.0,,108,51.285213987489676,1.9553405452196242,4.211710960701094,,4,5,2.508562218389936e-10,2,0,0,0,3,3,6108.444105586561,NO_RAW_BREAK_CROSSING,S_POINTS2,UNIFORM,PROCESSED,aa8cd9ec258afd6a3df9a675912b5d89dd490b65835446c5750c05a331e1f2d3
7313,108,51,0.4722222222222222,,True,False,False,3,7,47,98,51,0.47959183673469385,,3.8615558054722334,0.8197555417766167,0.0,2.944284136185771,3.3199905950645117,3.722218059882691,,98,0,True,3,1,7,6,0,0,8699.528999663342,,5954.655651334876,,RAW_WINDOWS_DT30_DISTANCE400_V1,108,105,3,0.9722222222222222,,105,51.285213987489676,1.965399911280023,3.92984725040677,,4,5,2.508562218389936e-10,2,0,0,1,3,2,6108.444105586561,NO_RAW_BREAK_CROSSING,S_LENGTH0,UNIFORM,PROCESSED,68eb855f1f732d9e3c66a8dda293fbcd8117115bb58b060ebd76cdde3d9313ca
7313,108,53,0.49074074074074076,,True,False,False,3,4,48,101,53,0.4752475247524752,,4.136133611975948,0.8748241458429317,0.0,3.1125686367378034,3.717908645070643,3.971451325609837,,101,0,True,3,1,4,6,0,0,8699.528999663342,,5996.857682403435,,RAW_WINDOWS_DT30_DISTANCE400_V1,108,105,3,0.9722222222222222,,105,8.05443265669111,1.0518294837080422,3.9467605505088033,,2,5,2.508562218389936e-10,2,0,0,1,3,2,6108.444105586561,NO_RAW_BREAK_CROSSING,D60,UNIFORM,PROCESSED,dbb2893b4cb09441a0377d41284f8705b737007b9c814394168958d2da83859a
7313,108,64,0.5925925925925926,,True,False,False,3,7,34,98,64,0.34693877551020413,,1.9961704297696456,0.2932783205029287,0.0,1.2385048596470012,1.6893427335791196,1.9761594101481745,,98,0,True,3,1,7,6,0,0,8699.528999663342,,5958.602706224045,,RAW_WINDOWS_DT30_DISTANCE400_V1,108,105,3,0.9722222222222222,,105,51.285213987489676,1.4740211714245806,3.556770175266247,,4,5,2.508562218389936e-10,2,0,0,1,3,2,6108.444105586561,NO_RAW_BREAK_CROSSING,P2,UNIFORM,PROCESSED,97c77ee14e25e7c5c44ba24df880decf49afe1fe615616a278d057cfe32cfa58
7313,108,34,0.3148148148148148,,True,False,False,3,7,64,98,34,0.653061224489796,,9.897349641295966,2.084232036316353,0.8235910018492443,6.1649951735283635,6.89545629196685,9.588652280179211,,98,0,True,3,1,7,6,0,0,8699.528999663342,,5934.219315155298,,RAW_WINDOWS_DT30_DISTANCE400_V1,108,105,3,0.9722222222222222,,105,51.285213987489676,3.1760615546847304,7.910339540993965,,22,5,2.508562218389936e-10,2,0,0,1,3,2,6108.444105586561,NO_RAW_BREAK_CROSSING,P10,UNIFORM,PROCESSED,f886aee74abae3b4cf586327247ef38ddad76f13dce3c3bb6f0aaf162fb6d521
588,108,54,0.5,,True,False,False,0,9,45,99,54,0.4545454545454546,,4.8504472682862545,0.8641569931025127,0.0,3.147523515296323,4.39680934085739,4.802035964861465,,99,0,True,2,0,9,6,0,0,7402.0933889108155,,5759.974241230799,,RAW_WINDOWS_DT30_DISTANCE400_V1,108,108,0,1.0,,108,60.91073621267138,1.6622136965146925,4.744014663624651,,4,5,2.2119308623467122e-10,1,0,0,0,2,2,5842.117303256407,NO_RAW_BREAK_CROSSING,R0,UNIFORM,PROCESSED,9e8fee662a6dcbca0fb7e46da1ad11dc6dded483d4351438ec294859d8392f56
588,108,54,0.5,,True,False,False,0,9,45,99,54,0.4545454545454546,,4.8504472682862545,0.8641569931025127,0.0,3.147523515296323,4.39680934085739,4.802035964861465,,99,0,True,2,0,9,6,0,0,7402.0933889108155,,5759.974241230799,,RAW_WINDOWS_DT30_DISTANCE400_V1,108,108,0,1.0,,108,60.91073621267138,1.6622136965146925,4.744014663624651,,4,5,2.2119308623467122e-10,1,0,0,0,2,2,5842.117303256407,NO_RAW_BREAK_CROSSING,S0,UNIFORM,PROCESSED,e77dcbbf3bdc3dbe3f7ea29f5be84c0dceaf41a5670d9bfeb14a06375ba9829f
588,108,54,0.5,,True,False,False,0,9,45,99,54,0.4545454545454546,,4.8504472682862545,0.8641569931025127,0.0,3.147523515296323,4.39680934085739,4.802035964861465,,99,0,True,2,0,9,6,0,0,7402.0933889108155,,5759.974241230799,,RAW_WINDOWS_DT30_DISTANCE400_V1,108,108,0,1.0,,108,60.91073621267138,1.6622136965146925,4.744014663624651,,4,5,2.2119308623467122e-10,1,0,0,0,2,2,5842.117303256407,NO_RAW_BREAK_CROSSING,S_POINTS2,UNIFORM,PROCESSED,d857c8439786889fc2c28553a221164a87eef0b4e569c6f40748fa5304fe4038
588,108,54,0.5,,True,False,False,0,9,45,99,54,0.4545454545454546,,4.8504472682862545,0.8641569931025127,0.0,3.147523515296323,4.39680934085739,4.802035964861465,,99,0,True,2,0,9,6,0,0,7402.0933889108155,,5759.974241230799,,RAW_WINDOWS_DT30_DISTANCE400_V1,108,108,0,1.0,,108,60.91073621267138,1.6622136965146925,4.744014663624651,,4,5,2.2119308623467122e-10,1,0,0,0,2,2,5842.117303256407,NO_RAW_BREAK_CROSSING,S_LENGTH0,UNIFORM,PROCESSED,9fb47e7fdfb5e39a3ab580ca7876d31fad50a794a71c66b6000c4757b70ba8a9
588,108,57,0.5277777777777778,,True,False,False,0,3,48,105,57,0.4571428571428572,,4.8504472682862545,0.8922451528596756,0.0,3.0135356504282247,4.3524485271641975,4.794529885882698,,105,0,True,2,0,3,6,0,0,7402.0933889108155,,5818.247762567173,,RAW_WINDOWS_DT30_DISTANCE400_V1,108,108,0,1.0,,108,4.8504472682862545,0.8998938938414726,4.323213618983136,,0,5,2.2119308623467122e-10,1,0,0,0,2,2,5842.117303256407,NO_RAW_BREAK_CROSSING,D60,UNIFORM,PROCESSED,d6389aa8a1f7a0fab0d6d15d01c51869ec36f70aa73d2d78adcdaaa05222814a
588,108,69,0.6388888888888888,,True,False,False,0,9,30,99,69,0.303030303030303,,1.8849177653175488,0.20371040737319193,0.0,0.818866219154821,1.0789441243212388,1.8213618756947205,,99,0,True,2,0,9,6,0,0,7402.0933889108155,,5777.646208942049,,RAW_WINDOWS_DT30_DISTANCE400_V1,108,108,0,1.0,,108,60.91073621267138,1.0196450436708906,1.7547421173744526,,3,5,2.2119308623467122e-10,1,0,0,0,2,2,5842.117303256407,NO_RAW_BREAK_CROSSING,P2,UNIFORM,PROCESSED,643a59351379428ee8facf3901a990aaa55fae89264679e1f5822cc73a221a04
588,108,39,0.3611111111111111,,True,False,False,0,9,60,99,39,0.6060606060606061,,9.726841200688463,2.2099552368779407,0.8377312263666111,6.860968301469927,8.456684270829394,9.43843535068942,,99,0,True,2,0,9,6,0,0,7402.0933889108155,,5730.002603159546,,RAW_WINDOWS_DT30_DISTANCE400_V1,108,108,0,1.0,,108,60.91073621267138,2.995683721848786,9.103223132668168,,22,5,2.2119308623467122e-10,1,0,0,0,2,2,5842.117303256407,NO_RAW_BREAK_CROSSING,P10,UNIFORM,PROCESSED,fc20162e4bff927a53d017eebe1e6888a25d8b478af557a882711f26d6db03ca
4549,103,52,0.5048543689320388,,True,False,False,0,2,49,101,52,0.48514851485148514,,4.4505637464542795,0.6954522319421127,0.0,2.344959875537506,2.828605070297545,4.323012719877563,,101,0,True,4,0,2,12,0,0,14628.837799494026,,12656.794389193108,,RAW_WINDOWS_DT30_DISTANCE400_V1,103,103,0,1.0,,103,4.4505637464542795,0.7142710565564231,2.8249389745397777,,0,5,3.0200486442805176e-10,3,0,0,0,4,4,12662.219079481092,NO_RAW_BREAK_CROSSING,R0,UNIFORM,PROCESSED,197827d9ba7675c1b55c18ce77ccbc1680030f68ea52c2f0ba20757bcfe64f7e
4549,103,52,0.5048543689320388,,True,False,False,0,2,49,101,52,0.48514851485148514,,4.4505637464542795,0.6954522319421127,0.0,2.344959875537506,2.828605070297545,4.323012719877563,,101,0,True,4,0,2,12,0,0,14628.837799494026,,12656.794389193108,,RAW_WINDOWS_DT30_DISTANCE400_V1,103,103,0,1.0,,103,4.4505637464542795,0.7142710565564231,2.8249389745397777,,0,5,3.0200486442805176e-10,3,0,0,0,4,4,12662.219079481092,NO_RAW_BREAK_CROSSING,S0,UNIFORM,PROCESSED,e91405746cbc84a4944bbffb1e4d1db9004850cb562d452019e16999ccb33a08
4549,103,52,0.5048543689320388,,True,False,False,0,2,49,101,52,0.48514851485148514,,4.4505637464542795,0.6954522319421127,0.0,2.344959875537506,2.828605070297545,4.323012719877563,,101,0,True,4,0,2,12,0,0,14628.837799494026,,12656.794389193108,,RAW_WINDOWS_DT30_DISTANCE400_V1,103,103,0,1.0,,103,4.4505637464542795,0.7142710565564231,2.8249389745397777,,0,5,3.0200486442805176e-10,3,0,0,0,4,4,12662.219079481092,NO_RAW_BREAK_CROSSING,S_POINTS2,UNIFORM,PROCESSED,2a543beee6b9397154a97b1ab326cb2588b05daa78c43ca414cfe6f631b17eeb
4549,103,52,0.5048543689320388,,True,False,False,0,2,49,101,52,0.48514851485148514,,4.4505637464542795,0.6954522319421127,0.0,2.344959875537506,2.828605070297545,4.323012719877563,,101,0,True,4,0,2,12,0,0,14628.837799494026,,12656.794389193108,,RAW_WINDOWS_DT30_DISTANCE400_V1,103,103,0,1.0,,103,4.4505637464542795,0.7142710565564231,2.8249389745397777,,0,5,3.0200486442805176e-10,3,0,0,0,4,4,12662.219079481092,NO_RAW_BREAK_CROSSING,S_LENGTH0,UNIFORM,PROCESSED,f4dbd8e585b9532abf58fb585fd457b15c9387774a97530076569437f51eca3c
4549,103,52,0.5048543689320388,,True,False,False,0,1,50,102,52,0.4901960784313726,,4.4505637464542795,0.7280251748924972,0.0,2.575540412598033,3.1681681020323733,4.314409325468692,,102,0,True,4,0,1,12,0,0,14628.837799494026,,12657.185071674716,,RAW_WINDOWS_DT30_DISTANCE400_V1,103,103,0,1.0,,103,4.4505637464542795,0.7425065116721038,3.150296363520015,,0,5,3.0200486442805176e-10,3,0,0,0,4,4,12662.219079481092,NO_RAW_BREAK_CROSSING,D60,UNIFORM,PROCESSED,f329e8f9e0b5ef0346f572d7ad03494ffe3c69a3b6bba3d6402767ae91aacde3
4549,103,63,0.6116504854368932,,True,False,False,0,2,38,101,63,0.37623762376237624,,1.9361420006991663,0.2670496538086571,0.0,1.108606683132066,1.55286241424058,1.6677729333812688,,101,0,True,4,0,2,12,0,0,14628.837799494026,,12657.96096409151,,RAW_WINDOWS_DT30_DISTANCE400_V1,103,103,0,1.0,,103,1.9361420006991663,0.27379650325040905,1.5473229384480953,,0,5,3.0200486442805176e-10,3,0,0,0,4,4,12662.219079481092,NO_RAW_BREAK_CROSSING,P2,UNIFORM,PROCESSED,0d52b62d4c9672f06bd3d7eaffd9ac95c8cff335b0ab27518f814debc883e8f4
4549,103,40,0.3883495145631068,,True,False,False,0,2,61,101,40,0.6039603960396039,,9.982769014870502,2.1980356826367755,0.8834187045391197,5.376285332555422,6.677467163099782,9.81851635348004,,101,0,True,4,0,2,12,0,0,14628.837799494026,,12651.48610188515,,RAW_WINDOWS_DT30_DISTANCE400_V1,103,103,0,1.0,,103,9.982769014870502,2.1724532218321815,6.667476463683494,,19,5,3.0200486442805176e-10,3,0,0,0,4,4,12662.219079481092,NO_RAW_BREAK_CROSSING,P10,UNIFORM,PROCESSED,bf403625d13677eb05822cf287fc5e4d1ff1d68f59d8667a0bcee8cbd848e28d
7795,120,46,0.38333333333333336,,True,False,False,0,5,69,115,46,0.6,,4.801489806287612,1.07661737251535,0.48214521824356554,3.137760366016216,3.4683337166087527,4.120582134414661,,115,0,True,1,0,5,3,0,0,9903.760329601968,,9888.468679326897,,RAW_WINDOWS_DT30_DISTANCE400_V1,120,120,0,1.0,,120,4.801489806287612,1.0916128817193185,3.4675208562302067,,0,5,2.2274347566371594e-10,0,0,0,0,1,1,9903.760329601968,NO_RAW_BREAK_CROSSING,R0,UNIFORM,PROCESSED,91effb3ecd1ef8851d5300b6cf34151b6613111f6e36efc41a8b3cc6f40a15c1
7795,120,46,0.38333333333333336,,True,False,False,0,5,69,115,46,0.6,,4.801489806287612,1.07661737251535,0.48214521824356554,3.137760366016216,3.4683337166087527,4.120582134414661,,115,0,True,1,0,5,3,0,0,9903.760329601968,,9888.468679326897,,RAW_WINDOWS_DT30_DISTANCE400_V1,120,120,0,1.0,,120,4.801489806287612,1.0916128817193185,3.4675208562302067,,0,5,2.2274347566371594e-10,0,0,0,0,1,1,9903.760329601968,NO_RAW_BREAK_CROSSING,S0,UNIFORM,PROCESSED,a48a33c1fa0d114d801afa543aea871a62fe0c8fa2b3122831aad61dd16287b9
7795,120,46,0.38333333333333336,,True,False,False,0,5,69,115,46,0.6,,4.801489806287612,1.07661737251535,0.48214521824356554,3.137760366016216,3.4683337166087527,4.120582134414661,,115,0,True,1,0,5,3,0,0,9903.760329601968,,9888.468679326897,,RAW_WINDOWS_DT30_DISTANCE400_V1,120,120,0,1.0,,120,4.801489806287612,1.0916128817193185,3.4675208562302067,,0,5,2.2274347566371594e-10,0,0,0,0,1,1,9903.760329601968,NO_RAW_BREAK_CROSSING,S_POINTS2,UNIFORM,PROCESSED,795de43216fb040bebe7ff9d2461de4e0fd826a0cb41331604addc5f1e5835ae
7795,120,46,0.38333333333333336,,True,False,False,0,5,69,115,46,0.6,,4.801489806287612,1.07661737251535,0.48214521824356554,3.137760366016216,3.4683337166087527,4.120582134414661,,115,0,True,1,0,5,3,0,0,9903.760329601968,,9888.468679326897,,RAW_WINDOWS_DT30_DISTANCE400_V1,120,120,0,1.0,,120,4.801489806287612,1.0916128817193185,3.4675208562302067,,0,5,2.2274347566371594e-10,0,0,0,0,1,1,9903.760329601968,NO_RAW_BREAK_CROSSING,S_LENGTH0,UNIFORM,PROCESSED,a9d676f491ff90141b402c65c0bbd8fac3e90dc60dc9e7bbf029061026e9ff3b
7795,120,46,0.38333333333333336,,True,False,False,0,2,72,118,46,0.6101694915254237,,4.801489806287612,1.0723138472619147,0.493131081122272,3.0946602438558983,3.467846000381625,4.118122221474813,,118,0,True,1,0,2,3,0,0,9903.760329601968,,9888.65769601057,,RAW_WINDOWS_DT30_DISTANCE400_V1,120,120,0,1.0,,120,4.801489806287612,1.0843987675044509,3.4675208562302067,,0,5,2.2274347566371594e-10,0,0,0,0,1,1,9903.760329601968,NO_RAW_BREAK_CROSSING,D60,UNIFORM,PROCESSED,22ce863de3187a1b9174d02d85e001fd1cd5656f2f9789ed6e519963dfa2f9ca
7795,120,67,0.5583333333333333,,True,False,False,0,5,48,115,67,0.4173913043478261,,1.9300983452092157,0.3017754728808143,0.0,1.1488750420123741,1.813699031787483,1.911991597491563,,115,0,True,1,0,5,3,0,0,9903.760329601968,,9900.199521318667,,RAW_WINDOWS_DT30_DISTANCE400_V1,120,120,0,1.0,,120,1.9300983452092157,0.32911892848352836,1.8044294533911875,,0,5,2.2274347566371594e-10,0,0,0,0,1,1,9903.760329601968,NO_RAW_BREAK_CROSSING,P2,UNIFORM,PROCESSED,f36e37d5aa4947b0fc051dea4ab27d481f892b43aba843b5abf620a0cdb24b6a
7795,120,28,0.23333333333333334,,True,False,False,0,5,87,115,28,0.7565217391304347,,9.602403694007037,3.2090338284838427,1.9978243777585352,8.010464309056601,8.680214126390167,9.162049699630204,,115,0,True,1,0,5,3,0,0,9903.760329601968,,9873.749833396967,,RAW_WINDOWS_DT30_DISTANCE400_V1,120,120,0,1.0,,120,10.560317040336365,3.283234376880464,8.768964429224443,,40,5,2.2274347566371594e-10,0,0,0,0,1,1,9903.760329601968,NO_RAW_BREAK_CROSSING,P10,UNIFORM,PROCESSED,9808e2a1a9a0e714ee375135627e61ae03f6e57f03356bb419c0ca79be2a693b
11034,125,60,0.48,,True,False,False,0,3,62,122,60,0.5081967213114754,,4.70467259748915,0.9104637070449116,0.0,3.392869652900931,3.4676395429184184,4.627591872038268,,122,0,True,3,0,3,37,0,0,11733.784800293128,,10840.996746983898,,RAW_WINDOWS_DT30_DISTANCE400_V1,125,125,0,1.0,,125,13.259590105226929,1.0710274697569664,4.320174214351982,,2,5,1.9253940685657677e-10,2,0,0,0,3,3,10863.988347476301,NO_RAW_BREAK_CROSSING,R0,UNIFORM,PROCESSED,f5babf784a46c08ebbff17f45c9c8a65cc71156ade1588ece8f6a26e6fd618c0
11034,125,60,0.48,,True,False,False,0,3,62,122,60,0.5081967213114754,,4.70467259748915,0.9104637070449116,0.0,3.392869652900931,3.4676395429184184,4.627591872038268,,122,0,True,3,0,3,37,0,0,11733.784800293128,,10840.996746983898,,RAW_WINDOWS_DT30_DISTANCE400_V1,125,125,0,1.0,,125,13.259590105226929,1.0710274697569664,4.320174214351982,,2,5,1.9253940685657677e-10,2,0,0,0,3,3,10863.988347476301,NO_RAW_BREAK_CROSSING,S0,UNIFORM,PROCESSED,0f9ea4c3af50137b7517b343a9fda164d1b6695ec59acd420da798fdbc80265d
11034,125,60,0.48,,True,False,False,0,3,62,122,60,0.5081967213114754,,4.70467259748915,0.9104637070449116,0.0,3.392869652900931,3.4676395429184184,4.627591872038268,,122,0,True,3,0,3,37,0,0,11733.784800293128,,10840.996746983898,,RAW_WINDOWS_DT30_DISTANCE400_V1,125,125,0,1.0,,125,13.259590105226929,1.0710274697569664,4.320174214351982,,2,5,1.9253940685657677e-10,2,0,0,0,3,3,10863.988347476301,NO_RAW_BREAK_CROSSING,S_POINTS2,UNIFORM,PROCESSED,ba26d8d98b39fcd9c9ef27599efa32ce747c0ffff17da392ca6cc435aba93ffe
11034,125,60,0.48,,True,False,False,0,3,62,122,60,0.5081967213114754,,4.70467259748915,0.9104637070449116,0.0,3.392869652900931,3.4676395429184184,4.627591872038268,,122,0,True,3,0,3,37,0,0,11733.784800293128,,10840.996746983898,,RAW_WINDOWS_DT30_DISTANCE400_V1,125,125,0,1.0,,125,13.259590105226929,1.0710274697569664,4.320174214351982,,2,5,1.9253940685657677e-10,2,0,0,0,3,3,10863.988347476301,NO_RAW_BREAK_CROSSING,S_LENGTH0,UNIFORM,PROCESSED,aa92a5d4be8d25ffb9bfaf25ef32e50362de5221255516adebb92fafef88e77e
11034,125,62,0.496,,True,False,False,0,0,63,125,62,0.504,,4.70467259748915,0.9085878454937936,0.0,3.389351335751852,3.4676395429184184,4.65113214316481,,125,0,True,3,0,0,37,0,0,11733.784800293128,,10850.188100554215,,RAW_WINDOWS_DT30_DISTANCE400_V1,125,125,0,1.0,,125,4.70467259748915,0.9085878454937936,3.4676395429184184,,0,5,1.9253940685657677e-10,2,0,0,0,3,3,10863.988347476301,NO_RAW_BREAK_CROSSING,D60,UNIFORM,PROCESSED,694ee5de2de19b3cc3c56d11c63fd269b34f94d9a1352f0f126772033361d350
11034,125,82,0.656,,True,False,False,0,3,40,122,82,0.3278688524590164,,1.9449797140752012,0.1452274291333226,0.0,0.6213167923073649,1.0815695735134674,1.7893391238222847,,122,0,True,3,0,3,37,0,0,11733.784800293128,,10852.786567020166,,RAW_WINDOWS_DT30_DISTANCE400_V1,125,125,0,1.0,,125,11.873520090768885,0.3118828958151085,1.291526053465462,,2,5,1.9253940685657677e-10,2,0,0,0,3,3,10863.988347476301,NO_RAW_BREAK_CROSSING,P2,UNIFORM,PROCESSED,fe191a109bece63b317f07d9c63dbbace4fd7996ef10eaaaa67d56901ff6e1bf
11034,125,46,0.368,,True,False,False,0,3,76,122,46,0.6229508196721312,,9.68585201786007,2.197838590969609,0.8979847506966466,5.633504436567835,6.951854681029253,9.561666119228125,,122,0,True,3,0,3,37,0,0,11733.784800293128,,10829.924458759666,,RAW_WINDOWS_DT30_DISTANCE400_V1,125,125,0,1.0,,125,13.259590105226929,2.2939676495562398,7.049280471134596,,26,5,1.9253940685657677e-10,2,0,0,0,3,3,10863.988347476301,NO_RAW_BREAK_CROSSING,P10,UNIFORM,PROCESSED,b231f762180ea4df0ef8b8fee55733831124e00b2cde4c597f594364bb4686e8
11207,111,39,0.35135135135135137,,True,False,False,0,3,69,108,39,0.6388888888888888,,4.7515874813434635,0.8540730390337621,0.3812622848826443,2.457022070415431,4.012029084487379,4.647580922718585,,108,0,True,2,0,3,27,0,0,14491.999537770105,,14034.140583475648,,RAW_WINDOWS_DT30_DISTANCE400_V1,111,111,0,1.0,,111,11.29539425042335,1.0494698756481726,4.302503707568265,,2,5,4.1769004181976013e-10,1,0,0,0,2,2,14048.606776875313,NO_RAW_BREAK_CROSSING,R0,UNIFORM,PROCESSED,75db5095dcb9d7c89ff776f1dbd66484242c2bb564060da7a29d2413ffad2e20
11207,111,39,0.35135135135135137,,True,False,False,0,3,69,108,39,0.6388888888888888,,4.7515874813434635,0.8540730390337621,0.3812622848826443,2.457022070415431,4.012029084487379,4.647580922718585,,108,0,True,2,0,3,27,0,0,14491.999537770105,,14034.140583475648,,RAW_WINDOWS_DT30_DISTANCE400_V1,111,111,0,1.0,,111,11.29539425042335,1.0494698756481726,4.302503707568265,,2,5,4.1769004181976013e-10,1,0,0,0,2,2,14048.606776875313,NO_RAW_BREAK_CROSSING,S0,UNIFORM,PROCESSED,47668111f71b7a712bdaceb5d5eb30b9fb8456a48c0362f5e1633a6373934b8e
11207,111,39,0.35135135135135137,,True,False,False,0,3,69,108,39,0.6388888888888888,,4.7515874813434635,0.8540730390337621,0.3812622848826443,2.457022070415431,4.012029084487379,4.647580922718585,,108,0,True,2,0,3,27,0,0,14491.999537770105,,14034.140583475648,,RAW_WINDOWS_DT30_DISTANCE400_V1,111,111,0,1.0,,111,11.29539425042335,1.0494698756481726,4.302503707568265,,2,5,4.1769004181976013e-10,1,0,0,0,2,2,14048.606776875313,NO_RAW_BREAK_CROSSING,S_POINTS2,UNIFORM,PROCESSED,ff9d28e89bf31c68abe16797df54d03dd1f73c96e1984cfe9846dfd3acc3859c
11207,111,39,0.35135135135135137,,True,False,False,0,3,69,108,39,0.6388888888888888,,4.7515874813434635,0.8540730390337621,0.3812622848826443,2.457022070415431,4.012029084487379,4.647580922718585,,108,0,True,2,0,3,27,0,0,14491.999537770105,,14034.140583475648,,RAW_WINDOWS_DT30_DISTANCE400_V1,111,111,0,1.0,,111,11.29539425042335,1.0494698756481726,4.302503707568265,,2,5,4.1769004181976013e-10,1,0,0,0,2,2,14048.606776875313,NO_RAW_BREAK_CROSSING,S_LENGTH0,UNIFORM,PROCESSED,269570a6e2740199fe1fdc13cd06af1f80ff6400ff14c69010a42aab87b5c871
11207,111,39,0.35135135135135137,,True,False,False,0,0,72,111,39,0.6486486486486487,,4.7515874813434635,0.9480416429651386,0.43080542465834276,3.2246596388169038,4.002734799018051,4.400871093403655,,111,0,True,2,0,0,27,0,0,14491.999537770105,,14044.075607648858,,RAW_WINDOWS_DT30_DISTANCE400_V1,111,111,0,1.0,,111,4.7515874813434635,0.9480416429651386,4.002734799018051,,0,5,4.1769004181976013e-10,1,0,0,0,2,2,14048.606776875313,NO_RAW_BREAK_CROSSING,D60,UNIFORM,PROCESSED,688fc2cd77af431e004d6b1430abe86cd70326e3db0a6c88bcf734876c73ea25
11207,111,53,0.4774774774774775,,True,False,False,0,3,55,108,53,0.5092592592592593,,1.9819959040599098,0.4159915100720211,0.0,1.4857189002159599,1.6244397321029849,1.877260817279909,,108,0,True,2,0,3,27,0,0,14491.999537770105,,14034.890110569828,,RAW_WINDOWS_DT30_DISTANCE400_V1,111,111,0,1.0,,111,11.29539425042335,0.6232283880097221,1.801031934592637,,2,5,4.1769004181976013e-10,1,0,0,0,2,2,14048.606776875313,NO_RAW_BREAK_CROSSING,P2,UNIFORM,PROCESSED,8beb30be7a9b8b1fc3de0a24881a69258468190b6684031337c6b103e17e4f33
11207,111,27,0.24324324324324326,,True,False,False,0,3,81,108,27,0.75,,9.836729384161213,2.3970207779722417,1.1008713741151117,6.266000619249208,8.25478587464824,9.465983029278268,,108,0,True,2,0,3,27,0,0,14491.999537770105,,14022.086376198156,,RAW_WINDOWS_DT30_DISTANCE400_V1,111,111,0,1.0,,111,11.668155937360705,2.5540745377409038,8.60865475818139,,23,5,4.1769004181976013e-10,1,0,0,0,2,2,14048.606776875313,NO_RAW_BREAK_CROSSING,P10,UNIFORM,PROCESSED,6a58a5adec57f1a2cedb03bb8be64c020d66ed9d96449d6c624ae4c794599ddf
8023,109,61,0.5596330275229358,,True,False,False,0,13,35,96,61,0.36458333333333337,,4.5204764821241765,0.6109928785418226,0.0,2.3719678760447027,4.128461879311709,4.488826652615994,,96,0,True,3,0,13,20,0,0,11754.890667647694,,11027.79291202308,,RAW_WINDOWS_DT30_DISTANCE400_V1,109,109,0,1.0,,109,49.82510274044266,2.951707639310164,17.077836150671203,,10,5,1.932656061330749e-10,2,0,0,0,3,3,11228.03737623238,NO_RAW_BREAK_CROSSING,R0,UNIFORM,PROCESSED,253b0acad49cca428f9fedd047242ef8976abddce152d4b6b2c9d21c420ee6e5
8023,109,61,0.5596330275229358,,True,False,False,0,13,35,96,61,0.36458333333333337,,4.5204764821241765,0.6109928785418226,0.0,2.3719678760447027,4.128461879311709,4.488826652615994,,96,0,True,3,0,13,20,0,0,11754.890667647694,,11027.79291202308,,RAW_WINDOWS_DT30_DISTANCE400_V1,109,109,0,1.0,,109,49.82510274044266,2.951707639310164,17.077836150671203,,10,5,1.932656061330749e-10,2,0,0,0,3,3,11228.03737623238,NO_RAW_BREAK_CROSSING,S0,UNIFORM,PROCESSED,6df2c1109a20b52f5cfe7bfe93a9bf48abb4023be55416f74f6ca97e4096fee6
8023,109,61,0.5596330275229358,,True,False,False,0,13,35,96,61,0.36458333333333337,,4.5204764821241765,0.6109928785418226,0.0,2.3719678760447027,4.128461879311709,4.488826652615994,,96,0,True,3,0,13,20,0,0,11754.890667647694,,11027.79291202308,,RAW_WINDOWS_DT30_DISTANCE400_V1,109,109,0,1.0,,109,49.82510274044266,2.951707639310164,17.077836150671203,,10,5,1.932656061330749e-10,2,0,0,0,3,3,11228.03737623238,NO_RAW_BREAK_CROSSING,S_POINTS2,UNIFORM,PROCESSED,943fa1a7b66d658d6658ed1b1b92f0a2807d85879b255748dbd1898111f1bc2e
8023,109,61,0.5596330275229358,,True,False,False,0,13,35,96,61,0.36458333333333337,,4.5204764821241765,0.6109928785418226,0.0,2.3719678760447027,4.128461879311709,4.488826652615994,,96,0,True,3,0,13,20,0,0,11754.890667647694,,11027.79291202308,,RAW_WINDOWS_DT30_DISTANCE400_V1,109,109,0,1.0,,109,49.82510274044266,2.951707639310164,17.077836150671203,,10,5,1.932656061330749e-10,2,0,0,0,3,3,11228.03737623238,NO_RAW_BREAK_CROSSING,S_LENGTH0,UNIFORM,PROCESSED,2a249928f838353ee0c65337d906765a71417a8dc779bfe4fa8dfa2b807930e9
8023,109,67,0.6146788990825688,,True,False,False,0,7,35,102,67,0.3431372549019608,,4.568717502125848,0.5501706755416547,0.0,2.410062361251389,3.6621222153042665,4.519860885874768,,102,0,True,3,0,7,20,0,0,11754.890667647694,,11124.245410802263,,RAW_WINDOWS_DT30_DISTANCE400_V1,109,109,0,1.0,,109,19.82795365240471,1.1079059932986286,4.549421094125179,,5,5,1.932656061330749e-10,2,0,0,0,3,3,11228.03737623238,NO_RAW_BREAK_CROSSING,D60,UNIFORM,PROCESSED,faaec5b5404618b746581b11fab739afa6e1fac385cce4c2513b161583594478
8023,109,75,0.6880733944954128,,True,False,False,0,13,21,96,75,0.21875,,1.8934470574687017,0.11911053753134053,0.0,0.4253282341457384,0.9940449653893213,1.4552215266992987,,96,0,True,3,0,13,20,0,0,11754.890667647694,,11035.207320122787,,RAW_WINDOWS_DT30_DISTANCE400_V1,109,109,0,1.0,,109,50.13733654461187,2.555937405800549,16.078110331769953,,10,5,1.932656061330749e-10,2,0,0,0,3,3,11228.03737623238,NO_RAW_BREAK_CROSSING,P2,UNIFORM,PROCESSED,9a0c4fad63b635a47b854c29eb6e0fc59b89254858cb8b210b0a7f98a7aa6dec
8023,109,49,0.44954128440366975,,True,False,False,0,13,47,96,49,0.48958333333333337,,9.512629585589876,1.481482917902173,0.0,5.604025860069201,6.981876655880174,8.446198694692761,,96,0,True,3,0,13,20,0,0,11754.890667647694,,11019.598764412885,,RAW_WINDOWS_DT30_DISTANCE400_V1,109,109,0,1.0,,109,49.82510274044266,3.745176681594238,17.077836150671203,,23,5,1.932656061330749e-10,2,0,0,0,3,3,11228.03737623238,NO_RAW_BREAK_CROSSING,P10,UNIFORM,PROCESSED,b220f17d4e99c88b323c3273e5e3bf23ca28517e0a83026ce33f44d8c105e446
10927,103,21,0.20388349514563106,,True,False,False,0,2,80,101,21,0.7920792079207921,,4.978852764606289,1.1786894394176415,0.6648220228859615,3.62278981073188,4.813622828383552,4.906804322521348,,101,0,True,1,0,2,35,0,0,6704.631801021383,,6691.579802869158,,RAW_WINDOWS_DT30_DISTANCE400_V1,103,103,0,1.0,,103,7.518165561382676,1.2408340080389866,4.897486173107567,,1,5,3.7935134951637816e-10,0,0,0,0,1,1,6704.631801021383,NO_RAW_BREAK_CROSSING,R0,UNIFORM,PROCESSED,531cb387f419f8601c2550a6431913dab5c7245b265f257938c596a65c91cdc7
10927,103,21,0.20388349514563106,,True,False,False,0,2,80,101,21,0.7920792079207921,,4.978852764606289,1.1786894394176415,0.6648220228859615,3.62278981073188,4.813622828383552,4.906804322521348,,101,0,True,1,0,2,35,0,0,6704.631801021383,,6691.579802869158,,RAW_WINDOWS_DT30_DISTANCE400_V1,103,103,0,1.0,,103,7.518165561382676,1.2408340080389866,4.897486173107567,,1,5,3.7935134951637816e-10,0,0,0,0,1,1,6704.631801021383,NO_RAW_BREAK_CROSSING,S0,UNIFORM,PROCESSED,ab2d797f5feaab94ba14e87dd5ed8e32e01e9b4655c901201f42829705d1b74b
10927,103,21,0.20388349514563106,,True,False,False,0,2,80,101,21,0.7920792079207921,,4.978852764606289,1.1786894394176415,0.6648220228859615,3.62278981073188,4.813622828383552,4.906804322521348,,101,0,True,1,0,2,35,0,0,6704.631801021383,,6691.579802869158,,RAW_WINDOWS_DT30_DISTANCE400_V1,103,103,0,1.0,,103,7.518165561382676,1.2408340080389866,4.897486173107567,,1,5,3.7935134951637816e-10,0,0,0,0,1,1,6704.631801021383,NO_RAW_BREAK_CROSSING,S_POINTS2,UNIFORM,PROCESSED,4d3a2aa046248999a5f6097200d1ed1d4881db3799e93ec6d785069490e4e7ca
10927,103,21,0.20388349514563106,,True,False,False,0,2,80,101,21,0.7920792079207921,,4.978852764606289,1.1786894394176415,0.6648220228859615,3.62278981073188,4.813622828383552,4.906804322521348,,101,0,True,1,0,2,35,0,0,6704.631801021383,,6691.579802869158,,RAW_WINDOWS_DT30_DISTANCE400_V1,103,103,0,1.0,,103,7.518165561382676,1.2408340080389866,4.897486173107567,,1,5,3.7935134951637816e-10,0,0,0,0,1,1,6704.631801021383,NO_RAW_BREAK_CROSSING,S_LENGTH0,UNIFORM,PROCESSED,0b44e749a1580cfcc9ff57abb907d49077033a73b7924793d06e8c354d718689
10927,103,22,0.21359223300970873,,True,False,False,0,1,80,102,22,0.7843137254901961,,4.978852764606289,1.0703849164152033,0.6289578861594076,3.366225680482952,4.8484204694654585,4.906804322521348,,102,0,True,1,0,1,35,0,0,6704.631801021383,,6694.142857544467,,RAW_WINDOWS_DT30_DISTANCE400_V1,103,103,0,1.0,,103,4.978852764606289,1.0720326733961347,4.846589014671674,,0,5,3.7935134951637816e-10,0,0,0,0,1,1,6704.631801021383,NO_RAW_BREAK_CROSSING,D60,UNIFORM,PROCESSED,bd48ed0cbf27f3e500207fcfd1e002c8288d1018b530f5159bb15901ce36247b
10927,103,38,0.36893203883495146,,True,False,False,0,2,63,101,38,0.6237623762376238,,1.626371734902525,0.41347988316325046,0.07883284230949493,1.3424413724334738,1.52643287402872,1.5313976529023368,,101,0,True,1,0,2,35,0,0,6704.631801021383,,6693.453694674941,,RAW_WINDOWS_DT30_DISTANCE400_V1,103,103,0,1.0,,103,7.518165561382676,0.48614686809583313,1.52643287402872,,1,5,3.7935134951637816e-10,0,0,0,0,1,1,6704.631801021383,NO_RAW_BREAK_CROSSING,P2,UNIFORM,PROCESSED,16314c225dac6e7a9ee70da8ecf197f48d18e041defc05fc2028317cefb1a5d4
10927,103,15,0.14563106796116504,,True,False,False,0,2,86,101,15,0.8514851485148515,,7.357930387315212,1.3822978062600815,0.801479726238161,3.7140344914193855,4.978852764606289,7.20916363309806,,101,0,True,1,0,2,35,0,0,6704.631801021383,,6687.692758007676,,RAW_WINDOWS_DT30_DISTANCE400_V1,103,103,0,1.0,,103,7.518165561382676,1.440488814360214,5.5134823653142275,,6,5,3.7935134951637816e-10,0,0,0,0,1,1,6704.631801021383,NO_RAW_BREAK_CROSSING,P10,UNIFORM,PROCESSED,7a4c0610b5a02c18cff2ca1845044aec36eabf1fd0d59414c34365f15ddd2cc1
9880,108,48,0.4444444444444444,,True,False,False,3,4,53,101,48,0.5247524752475248,,4.8298606025795054,0.9787013557107862,0.0,3.1946005966747344,3.8541414258172413,4.807601391640277,,101,0,True,4,1,4,28,0,0,10705.766913222402,,8977.269133826585,,RAW_WINDOWS_DT30_DISTANCE400_V1,108,105,3,0.9722222222222222,,105,41.02409257706169,1.5349329927935444,4.599978813826358,,3,5,2.1974316429787797e-10,3,0,0,1,4,3,9470.801012231052,NO_RAW_BREAK_CROSSING,R0,UNIFORM,PROCESSED,a0c6a995bf224e23c88212d04580ffd29a4c39e53f18015e3035043133131a41
9880,108,50,0.46296296296296297,,True,False,False,0,4,54,104,50,0.5192307692307692,,4.8298606025795054,0.9538448779418676,0.0,3.092302991571458,3.8481629402069593,4.8038111077898735,,104,0,True,4,0,4,31,0,0,10705.766913222402,,9429.236299457949,,RAW_WINDOWS_DT30_DISTANCE400_V1,108,108,0,1.0,,108,41.02409257706169,1.495546246504509,4.539018976725992,,3,5,2.1974316429787797e-10,3,0,0,0,4,4,9470.801012231052,NO_RAW_BREAK_CROSSING,S0,UNIFORM,PROCESSED,99198c63a80c52d35149f290ff1d89f0b8697b52322dc2d109a6b454128acab5
9880,108,50,0.46296296296296297,,True,False,False,0,4,54,104,50,0.5192307692307692,,4.8298606025795054,0.9538448779418676,0.0,3.092302991571458,3.8481629402069593,4.8038111077898735,,104,0,True,4,0,4,31,0,0,10705.766913222402,,9429.236299457949,,RAW_WINDOWS_DT30_DISTANCE400_V1,108,108,0,1.0,,108,41.02409257706169,1.495546246504509,4.539018976725992,,3,5,2.1974316429787797e-10,3,0,0,0,4,4,9470.801012231052,NO_RAW_BREAK_CROSSING,S_POINTS2,UNIFORM,PROCESSED,6685e4b92e8ad4cfed4c019a271833fe570c85f43afb6d95e58c4ac55b5f424c
9880,108,48,0.4444444444444444,,True,False,False,3,4,53,101,48,0.5247524752475248,,4.8298606025795054,0.9787013557107862,0.0,3.1946005966747344,3.8541414258172413,4.807601391640277,,101,0,True,4,1,4,28,0,0,10705.766913222402,,8977.269133826585,,RAW_WINDOWS_DT30_DISTANCE400_V1,108,105,3,0.9722222222222222,,105,41.02409257706169,1.5349329927935444,4.599978813826358,,3,5,2.1974316429787797e-10,3,0,0,1,4,3,9470.801012231052,NO_RAW_BREAK_CROSSING,S_LENGTH0,UNIFORM,PROCESSED,f6a761316755c7e1ee69127174ad797c1b872b65e540fb63ac7e34680d96b344
9880,108,48,0.4444444444444444,,True,False,False,3,2,55,103,48,0.5339805825242718,,4.877084314995566,1.0060883497507425,0.0,3.34239066148915,3.9140368839221895,4.829415418360721,,103,0,True,4,1,2,28,0,0,10705.766913222402,,9003.099575748942,,RAW_WINDOWS_DT30_DISTANCE400_V1,108,105,3,0.9722222222222222,,105,14.111424981033437,1.124453909347068,4.134570435188996,,1,5,2.1974316429787797e-10,3,0,0,1,4,3,9470.801012231052,NO_RAW_BREAK_CROSSING,D60,UNIFORM,PROCESSED,05d55f73c16b5ef710144532ceafde917dcd9eb9c05449b0cf395ed44a401376
9880,108,63,0.5833333333333334,,True,False,False,3,4,38,101,63,0.37623762376237624,,1.8515322532393277,0.3170584899296247,0.0,1.3374308638325605,1.5402864479310887,1.8500964590158075,,101,0,True,4,1,4,28,0,0,10705.766913222402,,8980.816177533678,,RAW_WINDOWS_DT30_DISTANCE400_V1,108,105,3,0.9722222222222222,,105,41.02409257706169,0.8984955695183319,1.6550889663303587,,3,5,2.1974316429787797e-10,3,0,0,1,4,3,9470.801012231052,NO_RAW_BREAK_CROSSING,P2,UNIFORM,PROCESSED,824a24c91e1d7e4eadcb648c3d10b24d479b5f41e4a1898c8917ee4417c0ab8d
9880,108,37,0.3425925925925926,,True,False,False,3,4,64,101,37,0.6336633663366337,,9.925129782528575,1.976594678779105,1.0162121436106832,5.2754446399738075,7.367490134771484,9.256612176051792,,101,0,True,4,1,4,28,0,0,10705.766913222402,,8971.407222597249,,RAW_WINDOWS_DT30_DISTANCE400_V1,108,105,3,0.9722222222222222,,105,41.02409257706169,2.541222193691258,7.925063102854915,,17,5,2.1974316429787797e-10,3,0,0,1,4,3,9470.801012231052,NO_RAW_BREAK_CROSSING,P10,UNIFORM,PROCESSED,25f5b0fe41a7ce99bb5b3922e45b855a7064e8f37d187d0f9c1205c455ac3faf
10601,99,26,0.26262626262626265,,True,False,False,2,2,69,95,26,0.7263157894736842,,4.8199040833274,1.2393862152807515,0.7325974583350603,3.446732587434308,4.018268484960187,4.713439997890165,,95,0,True,3,2,2,6,0,0,7598.528897992002,,5492.122391115865,,RAW_WINDOWS_DT30_DISTANCE400_V1,99,97,2,0.9797979797979798,,97,10.325539914186251,1.335880897157474,4.110388168380368,,1,5,1.3068112197289634e-10,2,0,0,2,3,1,5507.035781888296,NO_RAW_BREAK_CROSSING,R0,UNIFORM,PROCESSED,0e02ee84e9950f96b36168abcbe3528f7f7cd031b50d32b61fbb0556f9e2065e
10601,99,26,0.26262626262626265,,True,False,False,2,2,69,95,26,0.7263157894736842,,4.8199040833274,1.2393862152807515,0.7325974583350603,3.446732587434308,4.018268484960187,4.713439997890165,,95,0,True,3,2,2,6,0,0,7598.528897992002,,5492.122391115865,,RAW_WINDOWS_DT30_DISTANCE400_V1,99,97,2,0.9797979797979798,,97,10.325539914186251,1.335880897157474,4.110388168380368,,1,5,1.3068112197289634e-10,2,0,0,2,3,1,5507.035781888296,NO_RAW_BREAK_CROSSING,S0,UNIFORM,PROCESSED,18ed89dc6749845d62ce47acad39bf7a838f579677b44e2be7be4e8821ae4efb
10601,99,26,0.26262626262626265,,True,False,False,2,2,69,95,26,0.7263157894736842,,4.8199040833274,1.2393862152807515,0.7325974583350603,3.446732587434308,4.018268484960187,4.713439997890165,,95,0,True,3,2,2,6,0,0,7598.528897992002,,5492.122391115865,,RAW_WINDOWS_DT30_DISTANCE400_V1,99,97,2,0.9797979797979798,,97,10.325539914186251,1.335880897157474,4.110388168380368,,1,5,1.3068112197289634e-10,2,0,0,2,3,1,5507.035781888296,NO_RAW_BREAK_CROSSING,S_POINTS2,UNIFORM,PROCESSED,84aa7ee7fd826e23c9428d40d0d4133153905ccf4f4bfc21b34d715a21e77428
10601,99,26,0.26262626262626265,,True,False,False,2,2,69,95,26,0.7263157894736842,,4.8199040833274,1.2393862152807515,0.7325974583350603,3.446732587434308,4.018268484960187,4.713439997890165,,95,0,True,3,2,2,6,0,0,7598.528897992002,,5492.122391115865,,RAW_WINDOWS_DT30_DISTANCE400_V1,99,97,2,0.9797979797979798,,97,10.325539914186251,1.335880897157474,4.110388168380368,,1,5,1.3068112197289634e-10,2,0,0,2,3,1,5507.035781888296,NO_RAW_BREAK_CROSSING,S_LENGTH0,UNIFORM,PROCESSED,cb3440c2736836a4b9988c9136bf4bb725f5998999365a1eefc82726cccf266b
10601,99,27,0.2727272727272727,,True,False,False,2,0,70,97,27,0.7216494845360825,,4.8199040833274,1.2294320320627705,0.7325974583350603,3.4120264723072347,4.009735246090584,4.711174804582988,,97,0,True,3,2,0,6,0,0,7598.528897992002,,5495.6386855534465,,RAW_WINDOWS_DT30_DISTANCE400_V1,99,97,2,0.9797979797979798,,97,4.8199040833274,1.2294320320627705,4.009735246090584,,0,5,1.3068112197289634e-10,2,0,0,2,3,1,5507.035781888296,NO_RAW_BREAK_CROSSING,D60,UNIFORM,PROCESSED,b778df746bd770cb81a53e59df544b46d3b6c764890bd978f33a34b296b28c45
10601,99,37,0.37373737373737376,,True,False,False,2,2,58,95,37,0.6105263157894737,,1.790878105973797,0.379851119111534,0.2791028199002122,1.023342929852178,1.2327463563950865,1.6385293203142064,,95,0,True,3,2,2,6,0,0,7598.528897992002,,5497.492479484398,,RAW_WINDOWS_DT30_DISTANCE400_V1,99,97,2,0.9797979797979798,,97,10.325539914186251,0.49406817410514775,1.3622284456822193,,1,5,1.3068112197289634e-10,2,0,0,2,3,1,5507.035781888296,NO_RAW_BREAK_CROSSING,P2,UNIFORM,PROCESSED,ef6be8a67907a7426ef94f771423c713544f171b77b272d129809b6df178d28f
10601,99,19,0.1919191919191919,,True,False,False,2,2,76,95,19,0.8,,9.613560798991358,2.948075191182719,2.52748401585934,6.871600548001726,7.572989502657992,9.37984093373267,,95,0,True,3,2,2,6,0,0,7598.528897992002,,5477.4248851126285,,RAW_WINDOWS_DT30_DISTANCE400_V1,99,97,2,0.9797979797979798,,97,10.325539914186251,3.0585005056876566,7.675349001563232,,27,5,1.3068112197289634e-10,2,0,0,2,3,1,5507.035781888296,NO_RAW_BREAK_CROSSING,P10,UNIFORM,PROCESSED,47158513c152e555a3e2e35f5088f03e2132b478c5ce3b36f3649e4177f4720b
9458,131,43,0.3282442748091603,,True,False,False,0,4,84,127,43,0.6614173228346456,,4.6056874878534675,0.8481589245167294,0.32631317094982626,2.5538397823430974,3.4884799883252935,4.395407616189834,,127,0,True,1,0,4,43,0,0,6963.877708579501,,6859.2018159343515,,RAW_WINDOWS_DT30_DISTANCE400_V1,131,131,0,1.0,,131,60.182966880067845,1.4827842165445584,4.013706122136563,,3,5,2.415681892003641e-10,0,0,0,0,1,1,6963.877708579501,NO_RAW_BREAK_CROSSING,R0,UNIFORM,PROCESSED,9722b9b2d8563ccf0bcf57bc7caf7a707852062e3d0f9f16f6afa1bfc0ab8152
9458,131,43,0.3282442748091603,,True,False,False,0,4,84,127,43,0.6614173228346456,,4.6056874878534675,0.8481589245167294,0.32631317094982626,2.5538397823430974,3.4884799883252935,4.395407616189834,,127,0,True,1,0,4,43,0,0,6963.877708579501,,6859.2018159343515,,RAW_WINDOWS_DT30_DISTANCE400_V1,131,131,0,1.0,,131,60.182966880067845,1.4827842165445584,4.013706122136563,,3,5,2.415681892003641e-10,0,0,0,0,1,1,6963.877708579501,NO_RAW_BREAK_CROSSING,S0,UNIFORM,PROCESSED,edfa344717778715ec98b9efe633ed2169acb10ab079d3e11d57492ca60d46e9
9458,131,43,0.3282442748091603,,True,False,False,0,4,84,127,43,0.6614173228346456,,4.6056874878534675,0.8481589245167294,0.32631317094982626,2.5538397823430974,3.4884799883252935,4.395407616189834,,127,0,True,1,0,4,43,0,0,6963.877708579501,,6859.2018159343515,,RAW_WINDOWS_DT30_DISTANCE400_V1,131,131,0,1.0,,131,60.182966880067845,1.4827842165445584,4.013706122136563,,3,5,2.415681892003641e-10,0,0,0,0,1,1,6963.877708579501,NO_RAW_BREAK_CROSSING,S_POINTS2,UNIFORM,PROCESSED,d479bddeb7e4bb9c862801bce1edcbc5584f60941ea6f69419efa374b8bc5748
9458,131,43,0.3282442748091603,,True,False,False,0,4,84,127,43,0.6614173228346456,,4.6056874878534675,0.8481589245167294,0.32631317094982626,2.5538397823430974,3.4884799883252935,4.395407616189834,,127,0,True,1,0,4,43,0,0,6963.877708579501,,6859.2018159343515,,RAW_WINDOWS_DT30_DISTANCE400_V1,131,131,0,1.0,,131,60.182966880067845,1.4827842165445584,4.013706122136563,,3,5,2.415681892003641e-10,0,0,0,0,1,1,6963.877708579501,NO_RAW_BREAK_CROSSING,S_LENGTH0,UNIFORM,PROCESSED,745a402a2eba0f771f86f300d38f873c31732ff5958a6f74ee2cf912ee0ff29d
9458,131,46,0.3511450381679389,,True,False,False,0,0,85,131,46,0.6488549618320612,,4.6056874878534675,0.8134290715483784,0.18074280116729635,2.488981262191224,3.4735562945463028,4.394096572924851,,131,0,True,1,0,0,43,0,0,6963.877708579501,,6958.5333055274195,,RAW_WINDOWS_DT30_DISTANCE400_V1,131,131,0,1.0,,131,4.6056874878534675,0.8134290715483784,3.4735562945463028,,0,5,2.415681892003641e-10,0,0,0,0,1,1,6963.877708579501,NO_RAW_BREAK_CROSSING,D60,UNIFORM,PROCESSED,747f4bfcf257bf7d12341205369087f8c0ec110b40ed9f0cad08ee4ca027e148
9458,131,58,0.44274809160305345,,True,False,False,0,4,69,127,58,0.5433070866141732,,1.9591562103861095,0.3967468908478418,0.0,1.2555207062000977,1.5561217707263773,1.8982267513267628,,127,0,True,1,0,4,43,0,0,6963.877708579501,,6863.488458388893,,RAW_WINDOWS_DT30_DISTANCE400_V1,131,131,0,1.0,,131,60.182966880067845,1.0452909095600182,1.7116901240715259,,3,5,2.415681892003641e-10,0,0,0,0,1,1,6963.877708579501,NO_RAW_BREAK_CROSSING,P2,UNIFORM,PROCESSED,7c6814a10d2e21a33bc4797aa87db6b3ec3a77a4be52325cc82f9ed15600d57f
9458,131,30,0.22900763358778625,,True,False,False,0,4,97,127,30,0.7637795275590551,,9.631100042921128,2.662185636630496,1.4206124452712692,7.669774818076117,8.740353004955614,9.631100042921128,,127,0,True,1,0,4,43,0,0,6963.877708579501,,6848.491093919539,,RAW_WINDOWS_DT30_DISTANCE400_V1,131,131,0,1.0,,131,60.182966880067845,3.2438119152580014,9.171214295915963,,34,5,2.415681892003641e-10,0,0,0,0,1,1,6963.877708579501,NO_RAW_BREAK_CROSSING,P10,UNIFORM,PROCESSED,592221ecdbce5b8869ad95f1f21eb4c79e3408a44247a1722df6c10bf0e9ec7e
9673,82,22,0.2682926829268293,,True,False,False,0,2,58,80,22,0.725,,4.903492645017488,1.1185394511120708,0.7862666117173448,3.077845349962791,4.522340307706099,4.903492645017488,,80,0,True,2,0,2,33,0,0,6497.23337206278,,6051.522272263209,,RAW_WINDOWS_DT30_DISTANCE400_V1,82,82,0,1.0,,82,16.981771167882144,1.3795256148467083,4.79602418017551,,2,5,1.4174991089762542e-10,1,0,0,0,2,2,6064.034933790592,NO_RAW_BREAK_CROSSING,R0,UNIFORM,PROCESSED,c5e4909b490ec457394de65805f1d226b3a706956385389cb16bd70d6b84f44e
9673,82,22,0.2682926829268293,,True,False,False,0,2,58,80,22,0.725,,4.903492645017488,1.1185394511120708,0.7862666117173448,3.077845349962791,4.522340307706099,4.903492645017488,,80,0,True,2,0,2,33,0,0,6497.23337206278,,6051.522272263209,,RAW_WINDOWS_DT30_DISTANCE400_V1,82,82,0,1.0,,82,16.981771167882144,1.3795256148467083,4.79602418017551,,2,5,1.4174991089762542e-10,1,0,0,0,2,2,6064.034933790592,NO_RAW_BREAK_CROSSING,S0,UNIFORM,PROCESSED,264fdf3ba20359bdb88184312e0fcbdfe30fd19227833b197c01a5ab7b5913d0
9673,82,22,0.2682926829268293,,True,False,False,0,2,58,80,22,0.725,,4.903492645017488,1.1185394511120708,0.7862666117173448,3.077845349962791,4.522340307706099,4.903492645017488,,80,0,True,2,0,2,33,0,0,6497.23337206278,,6051.522272263209,,RAW_WINDOWS_DT30_DISTANCE400_V1,82,82,0,1.0,,82,16.981771167882144,1.3795256148467083,4.79602418017551,,2,5,1.4174991089762542e-10,1,0,0,0,2,2,6064.034933790592,NO_RAW_BREAK_CROSSING,S_POINTS2,UNIFORM,PROCESSED,ed0855a161df6c5f491eaf7b792c1472cbdc19cea629648b5fb8375dc249fcc0
9673,82,22,0.2682926829268293,,True,False,False,0,2,58,80,22,0.725,,4.903492645017488,1.1185394511120708,0.7862666117173448,3.077845349962791,4.522340307706099,4.903492645017488,,80,0,True,2,0,2,33,0,0,6497.23337206278,,6051.522272263209,,RAW_WINDOWS_DT30_DISTANCE400_V1,82,82,0,1.0,,82,16.981771167882144,1.3795256148467083,4.79602418017551,,2,5,1.4174991089762542e-10,1,0,0,0,2,2,6064.034933790592,NO_RAW_BREAK_CROSSING,S_LENGTH0,UNIFORM,PROCESSED,f9ffdd825b54d10799fd4e2c77079b05741bf0e967fe4d44d20b91930d7602ec
9673,82,24,0.2926829268292683,,True,False,False,0,0,58,82,24,0.7073170731707317,,4.799795642241685,0.9631627124520559,0.7216786721111748,2.691482453184021,3.2317572420933645,4.7386979567696415,,82,0,True,2,0,0,33,0,0,6497.23337206278,,6059.820254583179,,RAW_WINDOWS_DT30_DISTANCE400_V1,82,82,0,1.0,,82,4.799795642241685,0.9631627124520559,3.2317572420933645,,0,5,1.4174991089762542e-10,1,0,0,0,2,2,6064.034933790592,NO_RAW_BREAK_CROSSING,D60,UNIFORM,PROCESSED,c6e425da11bad078a6dcd771d0ccfc95b57b32e45360dbe1e4e52ef1fd5a353e
9673,82,42,0.5121951219512195,,True,False,False,0,2,38,80,42,0.475,,1.6419013808454763,0.3642664597369116,0.0,1.224334541926348,1.4448074029925329,1.5771663137116994,,80,0,True,2,0,2,33,0,0,6497.23337206278,,6055.133444242464,,RAW_WINDOWS_DT30_DISTANCE400_V1,82,82,0,1.0,,82,16.981771167882144,0.6412328877671659,1.4448074029925329,,2,5,1.4174991089762542e-10,1,0,0,0,2,2,6064.034933790592,NO_RAW_BREAK_CROSSING,P2,UNIFORM,PROCESSED,a9c4d67b46235fa97800f8802e227be35e06dfdadc97d04844e7403b1992738d
9673,82,17,0.2073170731707317,,True,False,False,0,2,63,80,17,0.7875,,9.88052597164855,1.5841869054091007,0.5780912421659705,4.53297325998042,4.930417303516884,6.899222870411482,,80,0,True,2,0,2,33,0,0,6497.23337206278,,6047.765508983179,,RAW_WINDOWS_DT30_DISTANCE400_V1,82,82,0,1.0,,82,13.009208838949066,1.7853699321007244,5.669502022443977,,6,5,1.4174991089762542e-10,1,0,0,0,2,2,6064.034933790592,NO_RAW_BREAK_CROSSING,P10,UNIFORM,PROCESSED,9c2d24edaf74b8ced4f551fdc84a58fcc72737d3d36e429825fb0ffaa8d5b7e1
2297,98,27,0.2755102040816326,,True,False,False,0,0,71,98,27,0.7244897959183674,,4.82821955639275,0.9962585449680561,0.38331843276210403,3.5426337266516836,4.093183639670494,4.6766922178671155,,98,0,True,3,0,0,62,0,0,7547.42639173144,,5171.596778598498,,RAW_WINDOWS_DT30_DISTANCE400_V1,98,98,0,1.0,,98,4.82821955639275,0.9962585449680561,4.093183639670494,,0,5,2.442632620584669e-10,2,0,0,0,3,3,5179.40205967725,NO_RAW_BREAK_CROSSING,R0,UNIFORM,PROCESSED,451da9ec56c6400c93c7e4f80465e74d5a14c1fb101608c4026a8aa899197e06
2297,98,27,0.2755102040816326,,True,False,False,0,0,71,98,27,0.7244897959183674,,4.82821955639275,0.9962585449680561,0.38331843276210403,3.5426337266516836,4.093183639670494,4.6766922178671155,,98,0,True,3,0,0,62,0,0,7547.42639173144,,5171.596778598498,,RAW_WINDOWS_DT30_DISTANCE400_V1,98,98,0,1.0,,98,4.82821955639275,0.9962585449680561,4.093183639670494,,0,5,2.442632620584669e-10,2,0,0,0,3,3,5179.40205967725,NO_RAW_BREAK_CROSSING,S0,UNIFORM,PROCESSED,2a9f6d98f2eb1e7591786cf1e34403d69d267f91f3d29c6a377b9140d8ca2b95
2297,98,27,0.2755102040816326,,True,False,False,0,0,71,98,27,0.7244897959183674,,4.82821955639275,0.9962585449680561,0.38331843276210403,3.5426337266516836,4.093183639670494,4.6766922178671155,,98,0,True,3,0,0,62,0,0,7547.42639173144,,5171.596778598498,,RAW_WINDOWS_DT30_DISTANCE400_V1,98,98,0,1.0,,98,4.82821955639275,0.9962585449680561,4.093183639670494,,0,5,2.442632620584669e-10,2,0,0,0,3,3,5179.40205967725,NO_RAW_BREAK_CROSSING,S_POINTS2,UNIFORM,PROCESSED,f230aba099fe9f005034ced7df9ae47421c27fea998dc80f39d531fbff1270e0
2297,98,27,0.2755102040816326,,True,False,False,0,0,71,98,27,0.7244897959183674,,4.82821955639275,0.9962585449680561,0.38331843276210403,3.5426337266516836,4.093183639670494,4.6766922178671155,,98,0,True,3,0,0,62,0,0,7547.42639173144,,5171.596778598498,,RAW_WINDOWS_DT30_DISTANCE400_V1,98,98,0,1.0,,98,4.82821955639275,0.9962585449680561,4.093183639670494,,0,5,2.442632620584669e-10,2,0,0,0,3,3,5179.40205967725,NO_RAW_BREAK_CROSSING,S_LENGTH0,UNIFORM,PROCESSED,05424b9a5087bc381b5b0049068188ca5639559c98742f3dd50ba03570c95bc2
2297,98,27,0.2755102040816326,,True,False,False,0,0,71,98,27,0.7244897959183674,,4.82821955639275,0.9962585449680561,0.38331843276210403,3.5426337266516836,4.093183639670494,4.6766922178671155,,98,0,True,3,0,0,62,0,0,7547.42639173144,,5171.596778598498,,RAW_WINDOWS_DT30_DISTANCE400_V1,98,98,0,1.0,,98,4.82821955639275,0.9962585449680561,4.093183639670494,,0,5,2.442632620584669e-10,2,0,0,0,3,3,5179.40205967725,NO_RAW_BREAK_CROSSING,D60,UNIFORM,PROCESSED,96599585ab43b28d374f736596dd1cb39aae44696105a0d3ca7449247d6cb072
2297,98,43,0.4387755102040816,,True,False,False,0,0,55,98,43,0.5612244897959184,,1.7854196069086476,0.3837521258647729,0.0,1.6715662841776506,1.6715662841776506,1.6749818838595807,,98,0,True,3,0,0,62,0,0,7547.42639173144,,5176.566968573942,,RAW_WINDOWS_DT30_DISTANCE400_V1,98,98,0,1.0,,98,1.7854196069086476,0.3837521258647729,1.6715662841776506,,0,5,2.442632620584669e-10,2,0,0,0,3,3,5179.40205967725,NO_RAW_BREAK_CROSSING,P2,UNIFORM,PROCESSED,37df6021cbe21c72a939a9a481f226ff928c3b97087a9a803e6d50c51503bf51
2297,98,25,0.25510204081632654,,True,False,False,0,0,73,98,25,0.7448979591836735,,6.539785112953614,1.5911004998215525,0.7611628591724746,4.685571938085453,6.154577996651022,6.539785112953614,,98,0,True,3,0,0,62,0,0,7547.42639173144,,5168.448884721771,,RAW_WINDOWS_DT30_DISTANCE400_V1,98,98,0,1.0,,98,6.539785112953614,1.5911004998215525,6.154577996651022,,8,5,2.442632620584669e-10,2,0,0,0,3,3,5179.40205967725,NO_RAW_BREAK_CROSSING,P10,UNIFORM,PROCESSED,95ecafee4f2c504443da07c2ccc666378643f94b8b60a15db925436e0471fcd6
3028,147,47,0.3197278911564626,,True,False,False,0,13,87,134,47,0.6492537313432836,,4.807207547621361,1.1173058621899719,0.34188640578254104,3.527873892297533,4.198448634662997,4.72549069121368,,134,0,True,1,0,13,43,0,0,6806.9915236784655,,6696.035321828085,,RAW_WINDOWS_DT30_DISTANCE400_V1,147,147,0,1.0,,147,50.4370891588213,2.5373040686773414,8.684604772396545,,10,5,2.2729368441711945e-10,0,0,0,0,1,1,6806.9915236784655,NO_RAW_BREAK_CROSSING,R0,UNIFORM,PROCESSED,8fc74fd27bb2f8a4da2fe436fa56a3ceff3eead56d4a9196161be63e2ce8c1df
3028,147,47,0.3197278911564626,,True,False,False,0,13,87,134,47,0.6492537313432836,,4.807207547621361,1.1173058621899719,0.34188640578254104,3.527873892297533,4.198448634662997,4.72549069121368,,134,0,True,1,0,13,43,0,0,6806.9915236784655,,6696.035321828085,,RAW_WINDOWS_DT30_DISTANCE400_V1,147,147,0,1.0,,147,50.4370891588213,2.5373040686773414,8.684604772396545,,10,5,2.2729368441711945e-10,0,0,0,0,1,1,6806.9915236784655,NO_RAW_BREAK_CROSSING,S0,UNIFORM,PROCESSED,6514a76e74832ab40cd8f718eee49763202dfd9dbfa1fd19bf11402ecadd5900
3028,147,47,0.3197278911564626,,True,False,False,0,13,87,134,47,0.6492537313432836,,4.807207547621361,1.1173058621899719,0.34188640578254104,3.527873892297533,4.198448634662997,4.72549069121368,,134,0,True,1,0,13,43,0,0,6806.9915236784655,,6696.035321828085,,RAW_WINDOWS_DT30_DISTANCE400_V1,147,147,0,1.0,,147,50.4370891588213,2.5373040686773414,8.684604772396545,,10,5,2.2729368441711945e-10,0,0,0,0,1,1,6806.9915236784655,NO_RAW_BREAK_CROSSING,S_POINTS2,UNIFORM,PROCESSED,62b9901d1889b86f7056bb937fd67076cec414cb78dca7eb73627c090464721a
3028,147,47,0.3197278911564626,,True,False,False,0,13,87,134,47,0.6492537313432836,,4.807207547621361,1.1173058621899719,0.34188640578254104,3.527873892297533,4.198448634662997,4.72549069121368,,134,0,True,1,0,13,43,0,0,6806.9915236784655,,6696.035321828085,,RAW_WINDOWS_DT30_DISTANCE400_V1,147,147,0,1.0,,147,50.4370891588213,2.5373040686773414,8.684604772396545,,10,5,2.2729368441711945e-10,0,0,0,0,1,1,6806.9915236784655,NO_RAW_BREAK_CROSSING,S_LENGTH0,UNIFORM,PROCESSED,5acaf292d94f0ec3393709264855e9b1fe0f55fb01260619369e325df36a20e6
3028,147,50,0.3401360544217687,,True,False,False,0,8,89,139,50,0.6402877697841727,,4.807207547621361,1.1370757035081875,0.4945077279128559,3.2227075303774546,4.1685090138968475,4.725232199752537,,139,0,True,1,0,8,43,0,0,6806.9915236784655,,6753.76637494199,,RAW_WINDOWS_DT30_DISTANCE400_V1,147,147,0,1.0,,147,18.585729719029,1.665386836792366,4.783204303792117,,7,5,2.2729368441711945e-10,0,0,0,0,1,1,6806.9915236784655,NO_RAW_BREAK_CROSSING,D60,UNIFORM,PROCESSED,d358f9269e5c967de1952602fa8d689a5f8575d45c4577df85a6879461a4b5d1
3028,147,76,0.5170068027210885,,True,False,False,0,13,58,134,76,0.4328358208955224,,1.9167382516684717,0.34560895607694053,0.0,1.257980459124357,1.585807691520794,1.9115685303037755,,134,0,True,1,0,13,43,0,0,6806.9915236784655,,6707.761026161355,,RAW_WINDOWS_DT30_DISTANCE400_V1,147,147,0,1.0,,147,50.4370891588213,1.8739319569826864,8.684604772396545,,11,5,2.2729368441711945e-10,0,0,0,0,1,1,6806.9915236784655,NO_RAW_BREAK_CROSSING,P2,UNIFORM,PROCESSED,82e20f141a5844fb5c75f8e7fd21be9ed439413543ee4e0bd40b52b72602468a
3028,147,35,0.23809523809523808,,True,False,False,0,13,99,134,35,0.7388059701492538,,9.416706595237583,2.1969655233548853,1.1598374633791593,5.622214978560758,7.0553571641111645,8.340151577319569,,134,0,True,1,0,13,43,0,0,6806.9915236784655,,6684.319559484703,,RAW_WINDOWS_DT30_DISTANCE400_V1,147,147,0,1.0,,147,50.4370891588213,3.5214836237528413,9.308756072645254,,25,5,2.2729368441711945e-10,0,0,0,0,1,1,6806.9915236784655,NO_RAW_BREAK_CROSSING,P10,UNIFORM,PROCESSED,f49ff13b5ca1ee335657ef12295c61be799ebd2bec5b7c8e106b88f4db1889bc
6212,105,30,0.2857142857142857,,True,False,False,0,6,69,99,30,0.696969696969697,,4.212080741965645,0.5544800810256559,0.0,1.610826666255399,2.4632408783668187,3.9178478411047544,,99,0,True,2,0,6,57,0,0,6533.5481636132035,,5974.668250133059,,RAW_WINDOWS_DT30_DISTANCE400_V1,105,105,0,1.0,,105,15.991943716927107,1.0549281726320445,3.900745392254926,,4,5,2.3779727710872823e-10,1,0,0,0,2,2,6035.86606537942,NO_RAW_BREAK_CROSSING,R0,UNIFORM,PROCESSED,00a01a74401fab217d0176c4d2bddc64fa2a691a69b4037a1d6dee2c576fc6eb
6212,105,30,0.2857142857142857,,True,False,False,0,6,69,99,30,0.696969696969697,,4.212080741965645,0.5544800810256559,0.0,1.610826666255399,2.4632408783668187,3.9178478411047544,,99,0,True,2,0,6,57,0,0,6533.5481636132035,,5974.668250133059,,RAW_WINDOWS_DT30_DISTANCE400_V1,105,105,0,1.0,,105,15.991943716927107,1.0549281726320445,3.900745392254926,,4,5,2.3779727710872823e-10,1,0,0,0,2,2,6035.86606537942,NO_RAW_BREAK_CROSSING,S0,UNIFORM,PROCESSED,4d0970892b352188c2f5b8b619dd6c80d0bddec231bc42a742aa65d9e45b5d40
6212,105,30,0.2857142857142857,,True,False,False,0,6,69,99,30,0.696969696969697,,4.212080741965645,0.5544800810256559,0.0,1.610826666255399,2.4632408783668187,3.9178478411047544,,99,0,True,2,0,6,57,0,0,6533.5481636132035,,5974.668250133059,,RAW_WINDOWS_DT30_DISTANCE400_V1,105,105,0,1.0,,105,15.991943716927107,1.0549281726320445,3.900745392254926,,4,5,2.3779727710872823e-10,1,0,0,0,2,2,6035.86606537942,NO_RAW_BREAK_CROSSING,S_POINTS2,UNIFORM,PROCESSED,ef83c6cab5a7d0e40637a35b7fd813bdc372bd6fd1eafe40fe6183c6051ac1ed
6212,105,30,0.2857142857142857,,True,False,False,0,6,69,99,30,0.696969696969697,,4.212080741965645,0.5544800810256559,0.0,1.610826666255399,2.4632408783668187,3.9178478411047544,,99,0,True,2,0,6,57,0,0,6533.5481636132035,,5974.668250133059,,RAW_WINDOWS_DT30_DISTANCE400_V1,105,105,0,1.0,,105,15.991943716927107,1.0549281726320445,3.900745392254926,,4,5,2.3779727710872823e-10,1,0,0,0,2,2,6035.86606537942,NO_RAW_BREAK_CROSSING,S_LENGTH0,UNIFORM,PROCESSED,109d0396f718b4b91555cf02f33259a713bbb8a21a59b627b04ec80474849b40
6212,105,32,0.3047619047619048,,True,False,False,0,3,70,102,32,0.6862745098039216,,4.212080741965645,0.5555662808870802,0.0,1.610826666255399,2.3501312542518944,3.8543690419233965,,102,0,True,2,0,3,57,0,0,6533.5481636132035,,5998.532058535257,,RAW_WINDOWS_DT30_DISTANCE400_V1,105,105,0,1.0,,105,11.547327682430447,0.7802045576304726,3.558862920091685,,2,5,2.3779727710872823e-10,1,0,0,0,2,2,6035.86606537942,NO_RAW_BREAK_CROSSING,D60,UNIFORM,PROCESSED,f0dc9d611da3ac6465c91d169c5d899fd10567e48bc30d2348cbb4dab60ea226
6212,105,41,0.3904761904761905,,True,False,False,0,6,58,99,41,0.5858585858585859,,1.6672328650614403,0.13925780001180077,0.0,0.281567336420083,1.1672122478209155,1.6132814160498457,,99,0,True,2,0,6,57,0,0,6533.5481636132035,,5980.962111946986,,RAW_WINDOWS_DT30_DISTANCE400_V1,105,105,0,1.0,,105,15.991943716927107,0.6639211073819948,1.8177083989697196,,4,5,2.3779727710872823e-10,1,0,0,0,2,2,6035.86606537942,NO_RAW_BREAK_CROSSING,P2,UNIFORM,PROCESSED,2d99ecfe1c5c5ab24fd249d446c2b5c0541aeb42e600bac171d549ec4004bad1
6212,105,23,0.21904761904761905,,True,False,False,0,6,76,99,23,0.7676767676767677,,9.535403141737127,2.444518001071067,1.1657816538177161,9.535403141737127,9.535403141737127,9.535403141737127,,99,0,True,2,0,6,57,0,0,6533.5481636132035,,5940.6682045228645,,RAW_WINDOWS_DT30_DISTANCE400_V1,105,105,0,1.0,,105,15.991943716927107,2.836963925817718,9.535403141737127,,23,5,2.3779727710872823e-10,1,0,0,0,2,2,6035.86606537942,NO_RAW_BREAK_CROSSING,P10,UNIFORM,PROCESSED,bdeeda6a3036e18fce6f570c80369577b75d0dc4bde5543f0d99fd7303c870b4
6779,120,48,0.4,,True,False,False,0,7,65,113,48,0.5752212389380531,,4.76514436782091,1.005751487235163,0.2861364417436395,3.140025729579902,4.085845457566671,4.73973138935469,,113,0,True,2,0,7,36,0,0,8905.232493967915,,8755.897307550476,,RAW_WINDOWS_DT30_DISTANCE400_V1,120,120,0,1.0,,120,9.542826915617278,1.12945481571747,4.090673482540408,,1,5,2.3135762279146781e-10,1,0,0,0,2,2,8779.488770950633,NO_RAW_BREAK_CROSSING,R0,UNIFORM,PROCESSED,e486b5c50ed767e8d0b956e0a945275df9c78b0492cb63c0b61af7f3f2c85be6
6779,120,48,0.4,,True,False,False,0,7,65,113,48,0.5752212389380531,,4.76514436782091,1.005751487235163,0.2861364417436395,3.140025729579902,4.085845457566671,4.73973138935469,,113,0,True,2,0,7,36,0,0,8905.232493967915,,8755.897307550476,,RAW_WINDOWS_DT30_DISTANCE400_V1,120,120,0,1.0,,120,9.542826915617278,1.12945481571747,4.090673482540408,,1,5,2.3135762279146781e-10,1,0,0,0,2,2,8779.488770950633,NO_RAW_BREAK_CROSSING,S0,UNIFORM,PROCESSED,061aebd681e4636325a6a09930c133f378077219da94d5f4e3299e1afce730ae
6779,120,48,0.4,,True,False,False,0,7,65,113,48,0.5752212389380531,,4.76514436782091,1.005751487235163,0.2861364417436395,3.140025729579902,4.085845457566671,4.73973138935469,,113,0,True,2,0,7,36,0,0,8905.232493967915,,8755.897307550476,,RAW_WINDOWS_DT30_DISTANCE400_V1,120,120,0,1.0,,120,9.542826915617278,1.12945481571747,4.090673482540408,,1,5,2.3135762279146781e-10,1,0,0,0,2,2,8779.488770950633,NO_RAW_BREAK_CROSSING,S_POINTS2,UNIFORM,PROCESSED,41d22eccc84eb22cfac982bc8560155904ee8d4b642575865f510771dac7a4fa
6779,120,48,0.4,,True,False,False,0,7,65,113,48,0.5752212389380531,,4.76514436782091,1.005751487235163,0.2861364417436395,3.140025729579902,4.085845457566671,4.73973138935469,,113,0,True,2,0,7,36,0,0,8905.232493967915,,8755.897307550476,,RAW_WINDOWS_DT30_DISTANCE400_V1,120,120,0,1.0,,120,9.542826915617278,1.12945481571747,4.090673482540408,,1,5,2.3135762279146781e-10,1,0,0,0,2,2,8779.488770950633,NO_RAW_BREAK_CROSSING,S_LENGTH0,UNIFORM,PROCESSED,41c6b622cf6277595e102359257ea30a681c56372458e947d31d10571deb1936
6779,120,52,0.43333333333333335,,True,False,False,0,2,66,118,52,0.5593220338983051,,4.763234511495525,0.9496551710174541,0.08698463738643307,3.140025729579902,3.9639397062746466,4.5418535256275145,,118,0,True,2,0,2,36,0,0,8905.232493967915,,8763.115196000605,,RAW_WINDOWS_DT30_DISTANCE400_V1,120,120,0,1.0,,120,4.763234511495525,0.9594198515041803,3.949681625589063,,0,5,2.3135762279146781e-10,1,0,0,0,2,2,8779.488770950633,NO_RAW_BREAK_CROSSING,D60,UNIFORM,PROCESSED,1f684ddeb2249a70041775daa7046fd555e0605ecda4749603eef24a45f6f39c
6779,120,71,0.5916666666666667,,True,False,False,0,7,42,113,71,0.37168141592920356,,1.9776800048061183,0.27676482222650206,0.0,0.9603176587337543,1.5614636581276278,1.8792451065253095,,113,0,True,2,0,7,36,0,0,8905.232493967915,,8760.919231024374,,RAW_WINDOWS_DT30_DISTANCE400_V1,120,120,0,1.0,,120,9.64002455472576,0.4495111473288841,1.6927228825050766,,2,5,2.3135762279146781e-10,1,0,0,0,2,2,8779.488770950633,NO_RAW_BREAK_CROSSING,P2,UNIFORM,PROCESSED,771ae26dd4c8706066801fca2804e0af6ef61ee3f162b091435b7797cc92a911
6779,120,34,0.2833333333333333,,True,False,False,0,7,79,113,34,0.6991150442477876,,8.795938627533639,2.2952160585891104,1.9371011906538096,5.518059600192764,7.27229921255838,8.474066687719402,,113,0,True,2,0,7,36,0,0,8905.232493967915,,8746.138048543588,,RAW_WINDOWS_DT30_DISTANCE400_V1,120,120,0,1.0,,120,9.542826915617278,2.345766722305595,7.706936786004685,,16,5,2.3135762279146781e-10,1,0,0,0,2,2,8779.488770950633,NO_RAW_BREAK_CROSSING,P10,UNIFORM,PROCESSED,1b3995be29e5180bbeed55ddeeaec21d8801f4460a7f91130563cbf91ea13305
7711,100,0,0.0,,False,True,True,100,0,0,0,0,,EMPTY_DP_REFERENCE_DENOMINATOR,,,,,,,EMPTY_DP_REFERENCE,0,0,True,1,1,0,0,0,0,4.375633089824005,,,EMPTY_OUTPUT,RAW_WINDOWS_DT30_DISTANCE400_V1,100,0,100,0.0,,0,,,,NO_COVERED_RAW_POINTS,0,5,1.890440676607131e-10,0,0,0,0,1,0,4.375633089824005,NO_RAW_BREAK_CROSSING,R0,UNIFORM,ALL_FILTERED,7f383c9832d3686dd61283794c87d3e7fc8da5bda4e32a62147f5d4b4b8ff492
7711,100,2,0.02,,True,False,False,0,0,98,100,2,0.98,,0.6121632465362654,0.4359796590825079,0.4658412759049235,0.5987255037428377,0.6121632465362654,0.6121632465362654,,100,0,True,1,0,0,100,0,0,4.375633089824005,,3.530918163842401,,RAW_WINDOWS_DT30_DISTANCE400_V1,100,100,0,1.0,,100,0.6121632465362654,0.4359796590825079,0.6121632465362654,,0,5,1.890440676607131e-10,0,0,0,0,1,1,4.375633089824005,NO_RAW_BREAK_CROSSING,S0,UNIFORM,PROCESSED,7015ffc3201f9dfe4c33fa6e93a00de5a86ba84c6e0d84c8741f99bb6b364713
7711,100,0,0.0,,False,True,True,100,0,0,0,0,,EMPTY_DP_REFERENCE_DENOMINATOR,,,,,,,EMPTY_DP_REFERENCE,0,0,True,1,1,0,0,0,0,4.375633089824005,,,EMPTY_OUTPUT,RAW_WINDOWS_DT30_DISTANCE400_V1,100,0,100,0.0,,0,,,,NO_COVERED_RAW_POINTS,0,5,1.890440676607131e-10,0,0,0,0,1,0,4.375633089824005,NO_RAW_BREAK_CROSSING,S_POINTS2,UNIFORM,ALL_FILTERED,4a40089c6d0bcb7afc99646b53520bce08ba906cf3251ad1b2d0ac879a5af1e8
7711,100,2,0.02,,True,False,False,0,0,98,100,2,0.98,,0.6121632465362654,0.4359796590825079,0.4658412759049235,0.5987255037428377,0.6121632465362654,0.6121632465362654,,100,0,True,1,0,0,100,0,0,4.375633089824005,,3.530918163842401,,RAW_WINDOWS_DT30_DISTANCE400_V1,100,100,0,1.0,,100,0.6121632465362654,0.4359796590825079,0.6121632465362654,,0,5,1.890440676607131e-10,0,0,0,0,1,1,4.375633089824005,NO_RAW_BREAK_CROSSING,S_LENGTH0,UNIFORM,PROCESSED,778651230d8ee4f04e8f5994b1493cb2b702685310ed8740116ff2e5cd149643
7711,100,0,0.0,,False,True,True,100,0,0,0,0,,EMPTY_DP_REFERENCE_DENOMINATOR,,,,,,,EMPTY_DP_REFERENCE,0,0,True,1,1,0,0,0,0,4.375633089824005,,,EMPTY_OUTPUT,RAW_WINDOWS_DT30_DISTANCE400_V1,100,0,100,0.0,,0,,,,NO_COVERED_RAW_POINTS,0,5,1.890440676607131e-10,0,0,0,0,1,0,4.375633089824005,NO_RAW_BREAK_CROSSING,D60,UNIFORM,ALL_FILTERED,aa88e68b883d2180904b43a57899cbf1746ede6c2342f7b1021e4ab83eed4552
7711,100,0,0.0,,False,True,True,100,0,0,0,0,,EMPTY_DP_REFERENCE_DENOMINATOR,,,,,,,EMPTY_DP_REFERENCE,0,0,True,1,1,0,0,0,0,4.375633089824005,,,EMPTY_OUTPUT,RAW_WINDOWS_DT30_DISTANCE400_V1,100,0,100,0.0,,0,,,,NO_COVERED_RAW_POINTS,0,5,1.890440676607131e-10,0,0,0,0,1,0,4.375633089824005,NO_RAW_BREAK_CROSSING,P2,UNIFORM,ALL_FILTERED,966a6d6333f7443df42ea9e0af86ffedc83cf22bf84a7957d28e3f3f6e9dd9ac
7711,100,0,0.0,,False,True,True,100,0,0,0,0,,EMPTY_DP_REFERENCE_DENOMINATOR,,,,,,,EMPTY_DP_REFERENCE,0,0,True,1,1,0,0,0,0,4.375633089824005,,,EMPTY_OUTPUT,RAW_WINDOWS_DT30_DISTANCE400_V1,100,0,100,0.0,,0,,,,NO_COVERED_RAW_POINTS,0,5,1.890440676607131e-10,0,0,0,0,1,0,4.375633089824005,NO_RAW_BREAK_CROSSING,P10,UNIFORM,ALL_FILTERED,d32cdbfeb6e44f2b41b00affd773e2c2fb7d5d5d0861080a2fe4de58647999af
9787,99,0,0.0,,False,True,True,99,0,0,0,0,,EMPTY_DP_REFERENCE_DENOMINATOR,,,,,,,EMPTY_DP_REFERENCE,0,0,True,1,1,0,0,0,0,18.363767434561275,,,EMPTY_OUTPUT,RAW_WINDOWS_DT30_DISTANCE400_V1,99,0,99,0.0,,0,,,,NO_COVERED_RAW_POINTS,0,5,2.607414647104354e-10,0,0,0,0,1,0,18.363767434561275,NO_RAW_BREAK_CROSSING,R0,UNIFORM,ALL_FILTERED,4dedb08e0c0d26b7126a0c58e9336a770c6a985e3959d0227adf144901e02a79
9787,99,2,0.020202020202020204,,True,False,False,0,19,78,80,2,0.975,,1.8174710159936571,0.6614927513599304,0.5861825682333517,1.0894199337691572,1.332865579106474,1.5867485645140031,,80,0,True,1,0,19,53,0,0,18.363767434561275,,0.5057382985807344,,RAW_WINDOWS_DT30_DISTANCE400_V1,99,99,0,1.0,,99,1.8174710159936571,0.6797447014024037,1.331069184086336,,0,5,2.607414647104354e-10,0,0,0,0,1,1,18.363767434561275,NO_RAW_BREAK_CROSSING,S0,UNIFORM,PROCESSED,627e8354ffb831b1211a638f47baa93563fe9a6e57b79fa4d510384a155756cd
9787,99,0,0.0,,False,True,True,99,0,0,0,0,,EMPTY_DP_REFERENCE_DENOMINATOR,,,,,,,EMPTY_DP_REFERENCE,0,0,True,1,1,0,0,0,0,18.363767434561275,,,EMPTY_OUTPUT,RAW_WINDOWS_DT30_DISTANCE400_V1,99,0,99,0.0,,0,,,,NO_COVERED_RAW_POINTS,0,5,2.607414647104354e-10,0,0,0,0,1,0,18.363767434561275,NO_RAW_BREAK_CROSSING,S_POINTS2,UNIFORM,ALL_FILTERED,430558551d60b80df86a21bbc48a198698f293e50eedc7841ec4973b674a954b
9787,99,2,0.020202020202020204,,True,False,False,0,19,78,80,2,0.975,,1.8174710159936571,0.6614927513599304,0.5861825682333517,1.0894199337691572,1.332865579106474,1.5867485645140031,,80,0,True,1,0,19,53,0,0,18.363767434561275,,0.5057382985807344,,RAW_WINDOWS_DT30_DISTANCE400_V1,99,99,0,1.0,,99,1.8174710159936571,0.6797447014024037,1.331069184086336,,0,5,2.607414647104354e-10,0,0,0,0,1,1,18.363767434561275,NO_RAW_BREAK_CROSSING,S_LENGTH0,UNIFORM,PROCESSED,fe5e30170bc6c63abefab78aecdfebc2007b3965244c3bd52e1bb7fbb7d1ca3b
9787,99,0,0.0,,False,True,True,99,0,0,0,0,,EMPTY_DP_REFERENCE_DENOMINATOR,,,,,,,EMPTY_DP_REFERENCE,0,0,True,1,1,0,0,0,0,18.363767434561275,,,EMPTY_OUTPUT,RAW_WINDOWS_DT30_DISTANCE400_V1,99,0,99,0.0,,0,,,,NO_COVERED_RAW_POINTS,0,5,2.607414647104354e-10,0,0,0,0,1,0,18.363767434561275,NO_RAW_BREAK_CROSSING,D60,UNIFORM,ALL_FILTERED,16a10b55839653502120d1d833e876d194edd7ff5404793fbf5ee28c4f894119
9787,99,0,0.0,,False,True,True,99,0,0,0,0,,EMPTY_DP_REFERENCE_DENOMINATOR,,,,,,,EMPTY_DP_REFERENCE,0,0,True,1,1,0,0,0,0,18.363767434561275,,,EMPTY_OUTPUT,RAW_WINDOWS_DT30_DISTANCE400_V1,99,0,99,0.0,,0,,,,NO_COVERED_RAW_POINTS,0,5,2.607414647104354e-10,0,0,0,0,1,0,18.363767434561275,NO_RAW_BREAK_CROSSING,P2,UNIFORM,ALL_FILTERED,9c57a306b58e596574cdaee8e1fef7045070151fd427b6c1f8a725c6488ea774
9787,99,0,0.0,,False,True,True,99,0,0,0,0,,EMPTY_DP_REFERENCE_DENOMINATOR,,,,,,,EMPTY_DP_REFERENCE,0,0,True,1,1,0,0,0,0,18.363767434561275,,,EMPTY_OUTPUT,RAW_WINDOWS_DT30_DISTANCE400_V1,99,0,99,0.0,,0,,,,NO_COVERED_RAW_POINTS,0,5,2.607414647104354e-10,0,0,0,0,1,0,18.363767434561275,NO_RAW_BREAK_CROSSING,P10,UNIFORM,ALL_FILTERED,a887c4784e88a6c492bfca469dc36ec6a7d0d37408105334eb24ae93a361632f
10913,101,0,0.0,,False,True,True,101,0,0,0,0,,EMPTY_DP_REFERENCE_DENOMINATOR,,,,,,,EMPTY_DP_REFERENCE,0,0,True,1,1,0,0,0,0,2.4965248848237285,,,EMPTY_OUTPUT,RAW_WINDOWS_DT30_DISTANCE400_V1,101,0,101,0.0,,0,,,,NO_COVERED_RAW_POINTS,0,5,1.0071539571690839e-10,0,0,0,0,1,0,2.4965248848237285,NO_RAW_BREAK_CROSSING,R0,UNIFORM,ALL_FILTERED,c6ee32ae1e573baff24d3eb1511c03e1c2ac61cee818553a901b2b76d0b2ea99
10913,101,2,0.019801980198019802,,True,False,False,0,0,99,101,2,0.9801980198019802,,0.46776729121319444,0.20841117156514244,0.19261005005081805,0.4127358154606878,0.46776729121319444,0.46776729121319444,,101,0,True,1,0,0,101,0,0,2.4965248848237285,,1.9157740714454383,,RAW_WINDOWS_DT30_DISTANCE400_V1,101,101,0,1.0,,101,0.46776729121319444,0.20841117156514244,0.46776729121319444,,0,5,1.0071539571690839e-10,0,0,0,0,1,1,2.4965248848237285,NO_RAW_BREAK_CROSSING,S0,UNIFORM,PROCESSED,4cbdfc19184b9789e2b20bfdf98e5a4f3670cf8403d28439226052a0b9e29289
10913,101,0,0.0,,False,True,True,101,0,0,0,0,,EMPTY_DP_REFERENCE_DENOMINATOR,,,,,,,EMPTY_DP_REFERENCE,0,0,True,1,1,0,0,0,0,2.4965248848237285,,,EMPTY_OUTPUT,RAW_WINDOWS_DT30_DISTANCE400_V1,101,0,101,0.0,,0,,,,NO_COVERED_RAW_POINTS,0,5,1.0071539571690839e-10,0,0,0,0,1,0,2.4965248848237285,NO_RAW_BREAK_CROSSING,S_POINTS2,UNIFORM,ALL_FILTERED,fc779eaa50b02cc83f12d092e2f11cde518e01641e9bbdace6722654c3081ee4
10913,101,2,0.019801980198019802,,True,False,False,0,0,99,101,2,0.9801980198019802,,0.46776729121319444,0.20841117156514244,0.19261005005081805,0.4127358154606878,0.46776729121319444,0.46776729121319444,,101,0,True,1,0,0,101,0,0,2.4965248848237285,,1.9157740714454383,,RAW_WINDOWS_DT30_DISTANCE400_V1,101,101,0,1.0,,101,0.46776729121319444,0.20841117156514244,0.46776729121319444,,0,5,1.0071539571690839e-10,0,0,0,0,1,1,2.4965248848237285,NO_RAW_BREAK_CROSSING,S_LENGTH0,UNIFORM,PROCESSED,2d80fafd8569d4d54cfa4a1f23d6658551ddcc0fb10bdbb8fdf1f1a8032f8b88
10913,101,0,0.0,,False,True,True,101,0,0,0,0,,EMPTY_DP_REFERENCE_DENOMINATOR,,,,,,,EMPTY_DP_REFERENCE,0,0,True,1,1,0,0,0,0,2.4965248848237285,,,EMPTY_OUTPUT,RAW_WINDOWS_DT30_DISTANCE400_V1,101,0,101,0.0,,0,,,,NO_COVERED_RAW_POINTS,0,5,1.0071539571690839e-10,0,0,0,0,1,0,2.4965248848237285,NO_RAW_BREAK_CROSSING,D60,UNIFORM,ALL_FILTERED,41dbbebd6a5782ec6db32d0f7c0e7ca945fbfd76622e6f2784f3d471ba5947fe
10913,101,0,0.0,,False,True,True,101,0,0,0,0,,EMPTY_DP_REFERENCE_DENOMINATOR,,,,,,,EMPTY_DP_REFERENCE,0,0,True,1,1,0,0,0,0,2.4965248848237285,,,EMPTY_OUTPUT,RAW_WINDOWS_DT30_DISTANCE400_V1,101,0,101,0.0,,0,,,,NO_COVERED_RAW_POINTS,0,5,1.0071539571690839e-10,0,0,0,0,1,0,2.4965248848237285,NO_RAW_BREAK_CROSSING,P2,UNIFORM,ALL_FILTERED,3a007cc45bc7de997c2b852baef668a2321fec0dc1c2ed5b19b23891accdb53a
10913,101,0,0.0,,False,True,True,101,0,0,0,0,,EMPTY_DP_REFERENCE_DENOMINATOR,,,,,,,EMPTY_DP_REFERENCE,0,0,True,1,1,0,0,0,0,2.4965248848237285,,,EMPTY_OUTPUT,RAW_WINDOWS_DT30_DISTANCE400_V1,101,0,101,0.0,,0,,,,NO_COVERED_RAW_POINTS,0,5,1.0071539571690839e-10,0,0,0,0,1,0,2.4965248848237285,NO_RAW_BREAK_CROSSING,P10,UNIFORM,ALL_FILTERED,d2752a8d00f53af749140fa56fe9b1ba74e6122125cff1a4b51cd1ce9785fe1a
9709,99,0,0.0,,False,True,True,99,0,0,0,0,,EMPTY_DP_REFERENCE_DENOMINATOR,,,,,,,EMPTY_DP_REFERENCE,0,0,True,1,1,0,0,0,0,3.0665221272268086,,,EMPTY_OUTPUT,RAW_WINDOWS_DT30_DISTANCE400_V1,99,0,99,0.0,,0,,,,NO_COVERED_RAW_POINTS,0,5,2.559149447305272e-10,0,0,0,0,1,0,3.0665221272268086,NO_RAW_BREAK_CROSSING,R0,UNIFORM,ALL_FILTERED,69d7bfbc2151610eff06893b8b58888f266f64bc33685a4306ac994ff62c9978
9709,99,2,0.020202020202020204,,True,False,False,0,0,97,99,2,0.9797979797979798,,0.19502194511872156,0.11728312067893679,0.10834551967562309,0.18346508206297546,0.19502194511872156,0.19502194511872156,,99,0,True,1,0,0,99,0,0,3.0665221272268086,,2.921765665854106,,RAW_WINDOWS_DT30_DISTANCE400_V1,99,99,0,1.0,,99,0.19502194511872156,0.11728312067893679,0.19502194511872156,,0,5,2.559149447305272e-10,0,0,0,0,1,1,3.0665221272268086,NO_RAW_BREAK_CROSSING,S0,UNIFORM,PROCESSED,ef5a2dd8e64a2ec29da0bbe71b6163d0bf02fb30087f31fe1337050b51cc34e2
9709,99,0,0.0,,False,True,True,99,0,0,0,0,,EMPTY_DP_REFERENCE_DENOMINATOR,,,,,,,EMPTY_DP_REFERENCE,0,0,True,1,1,0,0,0,0,3.0665221272268086,,,EMPTY_OUTPUT,RAW_WINDOWS_DT30_DISTANCE400_V1,99,0,99,0.0,,0,,,,NO_COVERED_RAW_POINTS,0,5,2.559149447305272e-10,0,0,0,0,1,0,3.0665221272268086,NO_RAW_BREAK_CROSSING,S_POINTS2,UNIFORM,ALL_FILTERED,fb824bdfb6ca35fb5140b9f204bb3578ce0abe40488961ad0b523dd1b506d35d
9709,99,2,0.020202020202020204,,True,False,False,0,0,97,99,2,0.9797979797979798,,0.19502194511872156,0.11728312067893679,0.10834551967562309,0.18346508206297546,0.19502194511872156,0.19502194511872156,,99,0,True,1,0,0,99,0,0,3.0665221272268086,,2.921765665854106,,RAW_WINDOWS_DT30_DISTANCE400_V1,99,99,0,1.0,,99,0.19502194511872156,0.11728312067893679,0.19502194511872156,,0,5,2.559149447305272e-10,0,0,0,0,1,1,3.0665221272268086,NO_RAW_BREAK_CROSSING,S_LENGTH0,UNIFORM,PROCESSED,6153a987bd9f7bcff7e39d192667c4aec94a92aa2bd557ea0585ed5d85258f76
9709,99,0,0.0,,False,True,True,99,0,0,0,0,,EMPTY_DP_REFERENCE_DENOMINATOR,,,,,,,EMPTY_DP_REFERENCE,0,0,True,1,1,0,0,0,0,3.0665221272268086,,,EMPTY_OUTPUT,RAW_WINDOWS_DT30_DISTANCE400_V1,99,0,99,0.0,,0,,,,NO_COVERED_RAW_POINTS,0,5,2.559149447305272e-10,0,0,0,0,1,0,3.0665221272268086,NO_RAW_BREAK_CROSSING,D60,UNIFORM,ALL_FILTERED,a0c600614207c7f1a3ae82939a4e377727794eb2049ed3c8b9ae915ef3343591
9709,99,0,0.0,,False,True,True,99,0,0,0,0,,EMPTY_DP_REFERENCE_DENOMINATOR,,,,,,,EMPTY_DP_REFERENCE,0,0,True,1,1,0,0,0,0,3.0665221272268086,,,EMPTY_OUTPUT,RAW_WINDOWS_DT30_DISTANCE400_V1,99,0,99,0.0,,0,,,,NO_COVERED_RAW_POINTS,0,5,2.559149447305272e-10,0,0,0,0,1,0,3.0665221272268086,NO_RAW_BREAK_CROSSING,P2,UNIFORM,ALL_FILTERED,17ee36be8b8a6aa3cc5b5d3055cd76e4db55e1f18eba777371b609949fa42ef1
9709,99,0,0.0,,False,True,True,99,0,0,0,0,,EMPTY_DP_REFERENCE_DENOMINATOR,,,,,,,EMPTY_DP_REFERENCE,0,0,True,1,1,0,0,0,0,3.0665221272268086,,,EMPTY_OUTPUT,RAW_WINDOWS_DT30_DISTANCE400_V1,99,0,99,0.0,,0,,,,NO_COVERED_RAW_POINTS,0,5,2.559149447305272e-10,0,0,0,0,1,0,3.0665221272268086,NO_RAW_BREAK_CROSSING,P10,UNIFORM,ALL_FILTERED,fba699a3f2f65a867f44576a4aa5c4d6bf0bd39f03953043c93b42d5d8497819
2025,101,0,0.0,,False,True,True,101,0,0,0,0,,EMPTY_DP_REFERENCE_DENOMINATOR,,,,,,,EMPTY_DP_REFERENCE,0,0,True,1,1,0,0,0,0,14.42994597244434,,,EMPTY_OUTPUT,RAW_WINDOWS_DT30_DISTANCE400_V1,101,0,101,0.0,,0,,,,NO_COVERED_RAW_POINTS,0,5,4.3134656917122597e-10,0,0,0,0,1,0,14.42994597244434,NO_RAW_BREAK_CROSSING,R0,UNIFORM,ALL_FILTERED,968104f9f57f3a7afd9ffa941360286ed394981197da5cfda819e28e62f4334e
2025,101,2,0.019801980198019802,,True,False,False,0,0,99,101,2,0.9801980198019802,,2.106522662300043,0.9911221149707041,0.9978264879938408,1.552174571635676,1.7982644158514594,2.106522662300043,,101,0,True,1,0,0,101,0,0,14.42994597244434,,1.9084417589471891,,RAW_WINDOWS_DT30_DISTANCE400_V1,101,101,0,1.0,,101,2.106522662300043,0.9911221149707041,1.7982644158514594,,0,5,4.3134656917122597e-10,0,0,0,0,1,1,14.42994597244434,NO_RAW_BREAK_CROSSING,S0,UNIFORM,PROCESSED,219c7ba3ec02afc18b570c1e3e45dc1913fe99f68df54aef9292060a6c75066f
2025,101,0,0.0,,False,True,True,101,0,0,0,0,,EMPTY_DP_REFERENCE_DENOMINATOR,,,,,,,EMPTY_DP_REFERENCE,0,0,True,1,1,0,0,0,0,14.42994597244434,,,EMPTY_OUTPUT,RAW_WINDOWS_DT30_DISTANCE400_V1,101,0,101,0.0,,0,,,,NO_COVERED_RAW_POINTS,0,5,4.3134656917122597e-10,0,0,0,0,1,0,14.42994597244434,NO_RAW_BREAK_CROSSING,S_POINTS2,UNIFORM,ALL_FILTERED,957821b967aa588dcae22b411858a3964335bd37033023b0f4119934dc0d2017
2025,101,2,0.019801980198019802,,True,False,False,0,0,99,101,2,0.9801980198019802,,2.106522662300043,0.9911221149707041,0.9978264879938408,1.552174571635676,1.7982644158514594,2.106522662300043,,101,0,True,1,0,0,101,0,0,14.42994597244434,,1.9084417589471891,,RAW_WINDOWS_DT30_DISTANCE400_V1,101,101,0,1.0,,101,2.106522662300043,0.9911221149707041,1.7982644158514594,,0,5,4.3134656917122597e-10,0,0,0,0,1,1,14.42994597244434,NO_RAW_BREAK_CROSSING,S_LENGTH0,UNIFORM,PROCESSED,7f55ecc78da03c02a26f4deca5b48cc278d7f682382bdc05622ddffb792e1a47
2025,101,0,0.0,,False,True,True,101,0,0,0,0,,EMPTY_DP_REFERENCE_DENOMINATOR,,,,,,,EMPTY_DP_REFERENCE,0,0,True,1,1,0,0,0,0,14.42994597244434,,,EMPTY_OUTPUT,RAW_WINDOWS_DT30_DISTANCE400_V1,101,0,101,0.0,,0,,,,NO_COVERED_RAW_POINTS,0,5,4.3134656917122597e-10,0,0,0,0,1,0,14.42994597244434,NO_RAW_BREAK_CROSSING,D60,UNIFORM,ALL_FILTERED,a0f4a1e1eb0680515dbf2c216475160292712f8c78fd968c319b8e0347c827c9
2025,101,0,0.0,,False,True,True,101,0,0,0,0,,EMPTY_DP_REFERENCE_DENOMINATOR,,,,,,,EMPTY_DP_REFERENCE,0,0,True,1,1,0,0,0,0,14.42994597244434,,,EMPTY_OUTPUT,RAW_WINDOWS_DT30_DISTANCE400_V1,101,0,101,0.0,,0,,,,NO_COVERED_RAW_POINTS,0,5,4.3134656917122597e-10,0,0,0,0,1,0,14.42994597244434,NO_RAW_BREAK_CROSSING,P2,UNIFORM,ALL_FILTERED,6c419c07aa621db251af80a98e57ee1e45d3513e367f6077addf9e94e76fb3fd
2025,101,0,0.0,,False,True,True,101,0,0,0,0,,EMPTY_DP_REFERENCE_DENOMINATOR,,,,,,,EMPTY_DP_REFERENCE,0,0,True,1,1,0,0,0,0,14.42994597244434,,,EMPTY_OUTPUT,RAW_WINDOWS_DT30_DISTANCE400_V1,101,0,101,0.0,,0,,,,NO_COVERED_RAW_POINTS,0,5,4.3134656917122597e-10,0,0,0,0,1,0,14.42994597244434,NO_RAW_BREAK_CROSSING,P10,UNIFORM,ALL_FILTERED,44dffe051a5613bffc4060e9ea40e875f1726c57052a7fa9f30209ccd6e9b2b9
4536,100,0,0.0,,False,True,True,100,0,0,0,0,,EMPTY_DP_REFERENCE_DENOMINATOR,,,,,,,EMPTY_DP_REFERENCE,0,0,True,1,1,0,0,0,0,10.870634039425177,,,EMPTY_OUTPUT,RAW_WINDOWS_DT30_DISTANCE400_V1,100,0,100,0.0,,0,,,,NO_COVERED_RAW_POINTS,0,5,2.9001028661181544e-10,0,0,0,0,1,0,10.870634039425177,NO_RAW_BREAK_CROSSING,R0,UNIFORM,ALL_FILTERED,d00b9ff9cd6860ebedd381235b8aacd21c37666a69e17c1a0334f50d0b7b21ac
4536,100,2,0.02,,True,False,False,0,0,98,100,2,0.98,,1.7350926932433084,0.6600919407655836,0.5257148275804887,1.1099755504684645,1.1913622420242584,1.7350926932433084,,100,0,True,1,0,0,100,0,0,10.870634039425177,,0.4386649043735868,,RAW_WINDOWS_DT30_DISTANCE400_V1,100,100,0,1.0,,100,1.7350926932433084,0.6600919407655836,1.1913622420242584,,0,5,2.9001028661181544e-10,0,0,0,0,1,1,10.870634039425177,NO_RAW_BREAK_CROSSING,S0,UNIFORM,PROCESSED,e949b1a3bffea68d677caa077e51565c23c14f68a88c226971a193196376caa0
4536,100,0,0.0,,False,True,True,100,0,0,0,0,,EMPTY_DP_REFERENCE_DENOMINATOR,,,,,,,EMPTY_DP_REFERENCE,0,0,True,1,1,0,0,0,0,10.870634039425177,,,EMPTY_OUTPUT,RAW_WINDOWS_DT30_DISTANCE400_V1,100,0,100,0.0,,0,,,,NO_COVERED_RAW_POINTS,0,5,2.9001028661181544e-10,0,0,0,0,1,0,10.870634039425177,NO_RAW_BREAK_CROSSING,S_POINTS2,UNIFORM,ALL_FILTERED,948e836374bee2379d0d372d783bd1206d10d3f6d1210caaca7f9c3c85bb3544
4536,100,2,0.02,,True,False,False,0,0,98,100,2,0.98,,1.7350926932433084,0.6600919407655836,0.5257148275804887,1.1099755504684645,1.1913622420242584,1.7350926932433084,,100,0,True,1,0,0,100,0,0,10.870634039425177,,0.4386649043735868,,RAW_WINDOWS_DT30_DISTANCE400_V1,100,100,0,1.0,,100,1.7350926932433084,0.6600919407655836,1.1913622420242584,,0,5,2.9001028661181544e-10,0,0,0,0,1,1,10.870634039425177,NO_RAW_BREAK_CROSSING,S_LENGTH0,UNIFORM,PROCESSED,037108dde5184fe86efe7e2304bf78748faa44677e11ca42c936fba18128ad95
4536,100,0,0.0,,False,True,True,100,0,0,0,0,,EMPTY_DP_REFERENCE_DENOMINATOR,,,,,,,EMPTY_DP_REFERENCE,0,0,True,1,1,0,0,0,0,10.870634039425177,,,EMPTY_OUTPUT,RAW_WINDOWS_DT30_DISTANCE400_V1,100,0,100,0.0,,0,,,,NO_COVERED_RAW_POINTS,0,5,2.9001028661181544e-10,0,0,0,0,1,0,10.870634039425177,NO_RAW_BREAK_CROSSING,D60,UNIFORM,ALL_FILTERED,8faa3bb28fe05ff450f126f0c95d6c8294d59e305d307b70c954b5b9f89395d1
4536,100,0,0.0,,False,True,True,100,0,0,0,0,,EMPTY_DP_REFERENCE_DENOMINATOR,,,,,,,EMPTY_DP_REFERENCE,0,0,True,1,1,0,0,0,0,10.870634039425177,,,EMPTY_OUTPUT,RAW_WINDOWS_DT30_DISTANCE400_V1,100,0,100,0.0,,0,,,,NO_COVERED_RAW_POINTS,0,5,2.9001028661181544e-10,0,0,0,0,1,0,10.870634039425177,NO_RAW_BREAK_CROSSING,P2,UNIFORM,ALL_FILTERED,a1eb4bd8b4dcf58f5960deb9aca3a2df52761a6e56c057bd92f5dcd65974912e
4536,100,0,0.0,,False,True,True,100,0,0,0,0,,EMPTY_DP_REFERENCE_DENOMINATOR,,,,,,,EMPTY_DP_REFERENCE,0,0,True,1,1,0,0,0,0,10.870634039425177,,,EMPTY_OUTPUT,RAW_WINDOWS_DT30_DISTANCE400_V1,100,0,100,0.0,,0,,,,NO_COVERED_RAW_POINTS,0,5,2.9001028661181544e-10,0,0,0,0,1,0,10.870634039425177,NO_RAW_BREAK_CROSSING,P10,UNIFORM,ALL_FILTERED,1f663b285b5eab8ae74d9e023d4b59a44308ea87b9cee1629487013508bfa17a
112,97,0,0.0,,False,True,True,97,0,0,0,0,,EMPTY_DP_REFERENCE_DENOMINATOR,,,,,,,EMPTY_DP_REFERENCE,0,0,True,1,1,0,0,0,0,3.3088730184059942,,,EMPTY_OUTPUT,RAW_WINDOWS_DT30_DISTANCE400_V1,97,0,97,0.0,,0,,,,NO_COVERED_RAW_POINTS,0,5,5.458928977218669e-10,0,0,0,0,1,0,3.3088730184059942,NO_RAW_BREAK_CROSSING,R0,UNIFORM,ALL_FILTERED,de13aa0462bfc4a36ee2226b76ac35395e08040c756ec879b1edf15f225e890f
112,97,2,0.020618556701030927,,True,False,False,0,0,95,97,2,0.979381443298969,,0.8869408764019459,0.5451943412645758,0.5543380708862273,0.8204203153514789,0.8869408764019459,0.8869408764019459,,97,0,True,1,0,0,97,0,0,3.3088730184059942,,2.1963766680634427,,RAW_WINDOWS_DT30_DISTANCE400_V1,97,97,0,1.0,,97,0.8869408764019459,0.5451943412645758,0.8869408764019459,,0,5,5.458928977218669e-10,0,0,0,0,1,1,3.3088730184059942,NO_RAW_BREAK_CROSSING,S0,UNIFORM,PROCESSED,18615b3392a51c465882ff2ac04bb18bc99cd4f0346fff40d81226ad3881d02f
112,97,0,0.0,,False,True,True,97,0,0,0,0,,EMPTY_DP_REFERENCE_DENOMINATOR,,,,,,,EMPTY_DP_REFERENCE,0,0,True,1,1,0,0,0,0,3.3088730184059942,,,EMPTY_OUTPUT,RAW_WINDOWS_DT30_DISTANCE400_V1,97,0,97,0.0,,0,,,,NO_COVERED_RAW_POINTS,0,5,5.458928977218669e-10,0,0,0,0,1,0,3.3088730184059942,NO_RAW_BREAK_CROSSING,S_POINTS2,UNIFORM,ALL_FILTERED,bbb7392a292766019f6a1a40545d0af9200dfe748ce1ebc73e591a61b5d1b19f
112,97,2,0.020618556701030927,,True,False,False,0,0,95,97,2,0.979381443298969,,0.8869408764019459,0.5451943412645758,0.5543380708862273,0.8204203153514789,0.8869408764019459,0.8869408764019459,,97,0,True,1,0,0,97,0,0,3.3088730184059942,,2.1963766680634427,,RAW_WINDOWS_DT30_DISTANCE400_V1,97,97,0,1.0,,97,0.8869408764019459,0.5451943412645758,0.8869408764019459,,0,5,5.458928977218669e-10,0,0,0,0,1,1,3.3088730184059942,NO_RAW_BREAK_CROSSING,S_LENGTH0,UNIFORM,PROCESSED,93f7285a9fc4f5600371f0daae6a2f8b0b454c0a30e9cbe338847d7c53528a53
112,97,0,0.0,,False,True,True,97,0,0,0,0,,EMPTY_DP_REFERENCE_DENOMINATOR,,,,,,,EMPTY_DP_REFERENCE,0,0,True,1,1,0,0,0,0,3.3088730184059942,,,EMPTY_OUTPUT,RAW_WINDOWS_DT30_DISTANCE400_V1,97,0,97,0.0,,0,,,,NO_COVERED_RAW_POINTS,0,5,5.458928977218669e-10,0,0,0,0,1,0,3.3088730184059942,NO_RAW_BREAK_CROSSING,D60,UNIFORM,ALL_FILTERED,f283941022489f0e10b78e9a7965fa83ca84e0f94073ce1325351b072c622210
112,97,0,0.0,,False,True,True,97,0,0,0,0,,EMPTY_DP_REFERENCE_DENOMINATOR,,,,,,,EMPTY_DP_REFERENCE,0,0,True,1,1,0,0,0,0,3.3088730184059942,,,EMPTY_OUTPUT,RAW_WINDOWS_DT30_DISTANCE400_V1,97,0,97,0.0,,0,,,,NO_COVERED_RAW_POINTS,0,5,5.458928977218669e-10,0,0,0,0,1,0,3.3088730184059942,NO_RAW_BREAK_CROSSING,P2,UNIFORM,ALL_FILTERED,1af188b5a4ac90ab68e4e1dab06b278c97efb2ff29fb42072cdd7fcd74635ea2
112,97,0,0.0,,False,True,True,97,0,0,0,0,,EMPTY_DP_REFERENCE_DENOMINATOR,,,,,,,EMPTY_DP_REFERENCE,0,0,True,1,1,0,0,0,0,3.3088730184059942,,,EMPTY_OUTPUT,RAW_WINDOWS_DT30_DISTANCE400_V1,97,0,97,0.0,,0,,,,NO_COVERED_RAW_POINTS,0,5,5.458928977218669e-10,0,0,0,0,1,0,3.3088730184059942,NO_RAW_BREAK_CROSSING,P10,UNIFORM,ALL_FILTERED,72185b6875d95ecf8b87ccee268f40417358a4713ab61681f1553a0c24244b17
4930,99,0,0.0,,False,True,True,99,0,0,0,0,,EMPTY_DP_REFERENCE_DENOMINATOR,,,,,,,EMPTY_DP_REFERENCE,0,0,True,1,1,0,0,0,0,5.5624171464682854,,,EMPTY_OUTPUT,RAW_WINDOWS_DT30_DISTANCE400_V1,99,0,99,0.0,,0,,,,NO_COVERED_RAW_POINTS,0,5,1.9748621071117632e-10,0,0,0,0,1,0,5.5624171464682854,NO_RAW_BREAK_CROSSING,R0,UNIFORM,ALL_FILTERED,fe1738e58e5fd9aba25e9228d54da12d44b6e2c9d4d0957565b4f5ecaa976fb4
4930,99,2,0.020202020202020204,,True,False,False,0,0,97,99,2,0.9797979797979798,,1.7179423295048415,0.9426314816324235,0.8826126024230738,1.6876813011945688,1.7179423295048415,1.7179423295048415,,99,0,True,1,0,0,99,0,0,5.5624171464682854,,3.3470447698584063,,RAW_WINDOWS_DT30_DISTANCE400_V1,99,99,0,1.0,,99,1.7179423295048415,0.9426314816324235,1.7179423295048415,,0,5,1.9748621071117632e-10,0,0,0,0,1,1,5.5624171464682854,NO_RAW_BREAK_CROSSING,S0,UNIFORM,PROCESSED,69b7ca5aee291852b71a313cd711600d84dfc4d9b703ea08bacb085d27236e71
4930,99,0,0.0,,False,True,True,99,0,0,0,0,,EMPTY_DP_REFERENCE_DENOMINATOR,,,,,,,EMPTY_DP_REFERENCE,0,0,True,1,1,0,0,0,0,5.5624171464682854,,,EMPTY_OUTPUT,RAW_WINDOWS_DT30_DISTANCE400_V1,99,0,99,0.0,,0,,,,NO_COVERED_RAW_POINTS,0,5,1.9748621071117632e-10,0,0,0,0,1,0,5.5624171464682854,NO_RAW_BREAK_CROSSING,S_POINTS2,UNIFORM,ALL_FILTERED,1075abf69ceff1a8c31038120ddb77f0faeb0c79d8a550b950269c5a38d1a1b5
4930,99,2,0.020202020202020204,,True,False,False,0,0,97,99,2,0.9797979797979798,,1.7179423295048415,0.9426314816324235,0.8826126024230738,1.6876813011945688,1.7179423295048415,1.7179423295048415,,99,0,True,1,0,0,99,0,0,5.5624171464682854,,3.3470447698584063,,RAW_WINDOWS_DT30_DISTANCE400_V1,99,99,0,1.0,,99,1.7179423295048415,0.9426314816324235,1.7179423295048415,,0,5,1.9748621071117632e-10,0,0,0,0,1,1,5.5624171464682854,NO_RAW_BREAK_CROSSING,S_LENGTH0,UNIFORM,PROCESSED,59f018daff6c9f3eac2e30f2f4a0dd731cd24f6033446d917ce19bb9aab4bb57
4930,99,0,0.0,,False,True,True,99,0,0,0,0,,EMPTY_DP_REFERENCE_DENOMINATOR,,,,,,,EMPTY_DP_REFERENCE,0,0,True,1,1,0,0,0,0,5.5624171464682854,,,EMPTY_OUTPUT,RAW_WINDOWS_DT30_DISTANCE400_V1,99,0,99,0.0,,0,,,,NO_COVERED_RAW_POINTS,0,5,1.9748621071117632e-10,0,0,0,0,1,0,5.5624171464682854,NO_RAW_BREAK_CROSSING,D60,UNIFORM,ALL_FILTERED,689f3faec0c97e8235e141b40798b55e8736c33d132640308dac211e93c39ac1
4930,99,0,0.0,,False,True,True,99,0,0,0,0,,EMPTY_DP_REFERENCE_DENOMINATOR,,,,,,,EMPTY_DP_REFERENCE,0,0,True,1,1,0,0,0,0,5.5624171464682854,,,EMPTY_OUTPUT,RAW_WINDOWS_DT30_DISTANCE400_V1,99,0,99,0.0,,0,,,,NO_COVERED_RAW_POINTS,0,5,1.9748621071117632e-10,0,0,0,0,1,0,5.5624171464682854,NO_RAW_BREAK_CROSSING,P2,UNIFORM,ALL_FILTERED,7c31a81ecd00de7c2547685424660f21874e2e3dae7256d7ee28507777dfa680
4930,99,0,0.0,,False,True,True,99,0,0,0,0,,EMPTY_DP_REFERENCE_DENOMINATOR,,,,,,,EMPTY_DP_REFERENCE,0,0,True,1,1,0,0,0,0,5.5624171464682854,,,EMPTY_OUTPUT,RAW_WINDOWS_DT30_DISTANCE400_V1,99,0,99,0.0,,0,,,,NO_COVERED_RAW_POINTS,0,5,1.9748621071117632e-10,0,0,0,0,1,0,5.5624171464682854,NO_RAW_BREAK_CROSSING,P10,UNIFORM,ALL_FILTERED,a0006b9eec642d40d1771295a51ce2b3427282bb469d193b0fcfc10b613667b5
9069,99,0,0.0,,False,True,True,99,0,0,0,0,,EMPTY_DP_REFERENCE_DENOMINATOR,,,,,,,EMPTY_DP_REFERENCE,0,0,True,1,1,0,0,0,0,14.907345973876705,,,EMPTY_OUTPUT,RAW_WINDOWS_DT30_DISTANCE400_V1,99,0,99,0.0,,0,,,,NO_COVERED_RAW_POINTS,0,5,8.167231236720458e-11,0,0,0,0,1,0,14.907345973876705,NO_RAW_BREAK_CROSSING,R0,UNIFORM,ALL_FILTERED,0e7df9365c4240680c766e6a7330b5aaeceb912a6fd890872da9a0c105bc4292
9069,99,2,0.020202020202020204,,True,False,False,0,0,97,99,2,0.9797979797979798,,1.925664340425694,0.7035587073213359,0.45232494969753,1.621611845032912,1.6655307890189195,1.925664340425694,,99,0,True,1,0,0,99,0,0,14.907345973876705,,5.621084839847415,,RAW_WINDOWS_DT30_DISTANCE400_V1,99,99,0,1.0,,99,1.925664340425694,0.7035587073213359,1.6655307890189195,,0,5,8.167231236720458e-11,0,0,0,0,1,1,14.907345973876705,NO_RAW_BREAK_CROSSING,S0,UNIFORM,PROCESSED,a7f04068354be7d69564b9b1a6e6650c8c77c2e978c1a61004ed63e79109b320
9069,99,0,0.0,,False,True,True,99,0,0,0,0,,EMPTY_DP_REFERENCE_DENOMINATOR,,,,,,,EMPTY_DP_REFERENCE,0,0,True,1,1,0,0,0,0,14.907345973876705,,,EMPTY_OUTPUT,RAW_WINDOWS_DT30_DISTANCE400_V1,99,0,99,0.0,,0,,,,NO_COVERED_RAW_POINTS,0,5,8.167231236720458e-11,0,0,0,0,1,0,14.907345973876705,NO_RAW_BREAK_CROSSING,S_POINTS2,UNIFORM,ALL_FILTERED,2957320863f5b47a0a0eaf0b6f00f9b737c3e9b713555a9c1b3cd9fcc9be1210
9069,99,2,0.020202020202020204,,True,False,False,0,0,97,99,2,0.9797979797979798,,1.925664340425694,0.7035587073213359,0.45232494969753,1.621611845032912,1.6655307890189195,1.925664340425694,,99,0,True,1,0,0,99,0,0,14.907345973876705,,5.621084839847415,,RAW_WINDOWS_DT30_DISTANCE400_V1,99,99,0,1.0,,99,1.925664340425694,0.7035587073213359,1.6655307890189195,,0,5,8.167231236720458e-11,0,0,0,0,1,1,14.907345973876705,NO_RAW_BREAK_CROSSING,S_LENGTH0,UNIFORM,PROCESSED,f020539d531f719ed97580743cb4e7c0e35a69701292561354322c7c5b5feff9
9069,99,0,0.0,,False,True,True,99,0,0,0,0,,EMPTY_DP_REFERENCE_DENOMINATOR,,,,,,,EMPTY_DP_REFERENCE,0,0,True,1,1,0,0,0,0,14.907345973876705,,,EMPTY_OUTPUT,RAW_WINDOWS_DT30_DISTANCE400_V1,99,0,99,0.0,,0,,,,NO_COVERED_RAW_POINTS,0,5,8.167231236720458e-11,0,0,0,0,1,0,14.907345973876705,NO_RAW_BREAK_CROSSING,D60,UNIFORM,ALL_FILTERED,223fe7df8bab6fec7290c1f0f5c5c9b5ef77cfc3be1d8616c26a7e0dead4db8d
9069,99,0,0.0,,False,True,True,99,0,0,0,0,,EMPTY_DP_REFERENCE_DENOMINATOR,,,,,,,EMPTY_DP_REFERENCE,0,0,True,1,1,0,0,0,0,14.907345973876705,,,EMPTY_OUTPUT,RAW_WINDOWS_DT30_DISTANCE400_V1,99,0,99,0.0,,0,,,,NO_COVERED_RAW_POINTS,0,5,8.167231236720458e-11,0,0,0,0,1,0,14.907345973876705,NO_RAW_BREAK_CROSSING,P2,UNIFORM,ALL_FILTERED,0eb7a2e21f6564e52df52fbbdca3b4c74c8d933a3bc33d19e751bc4e98ea0821
9069,99,0,0.0,,False,True,True,99,0,0,0,0,,EMPTY_DP_REFERENCE_DENOMINATOR,,,,,,,EMPTY_DP_REFERENCE,0,0,True,1,1,0,0,0,0,14.907345973876705,,,EMPTY_OUTPUT,RAW_WINDOWS_DT30_DISTANCE400_V1,99,0,99,0.0,,0,,,,NO_COVERED_RAW_POINTS,0,5,8.167231236720458e-11,0,0,0,0,1,0,14.907345973876705,NO_RAW_BREAK_CROSSING,P10,UNIFORM,ALL_FILTERED,111db2585ac65b1a2822707a4f097d2a6adfce06a1ce8dd52ab8b375540af02d
1596,98,0,0.0,,False,True,True,98,0,0,0,0,,EMPTY_DP_REFERENCE_DENOMINATOR,,,,,,,EMPTY_DP_REFERENCE,0,0,True,1,1,0,0,0,0,12.7898463102967,,,EMPTY_OUTPUT,RAW_WINDOWS_DT30_DISTANCE400_V1,98,0,98,0.0,,0,,,,NO_COVERED_RAW_POINTS,0,5,1.171402077387876e-10,0,0,0,0,1,0,12.7898463102967,NO_RAW_BREAK_CROSSING,R0,UNIFORM,ALL_FILTERED,d16950927f182948d9df816facf828c60a9aca1aba0ff72506050ff2b8a91c01
1596,98,2,0.02040816326530612,,True,False,False,0,0,96,98,2,0.9795918367346939,,1.192323281545177,0.640226409519548,0.793978838387229,1.087994960699991,1.1278294070435146,1.192323281545177,,98,0,True,1,0,0,98,0,0,12.7898463102967,,3.8958109320754133,,RAW_WINDOWS_DT30_DISTANCE400_V1,98,98,0,1.0,,98,1.192323281545177,0.640226409519548,1.1278294070435146,,0,5,1.171402077387876e-10,0,0,0,0,1,1,12.7898463102967,NO_RAW_BREAK_CROSSING,S0,UNIFORM,PROCESSED,732a416b68f885e433f1e8f645a2701f4fafcf0e7b2196a20c77f90a27afbc89
1596,98,0,0.0,,False,True,True,98,0,0,0,0,,EMPTY_DP_REFERENCE_DENOMINATOR,,,,,,,EMPTY_DP_REFERENCE,0,0,True,1,1,0,0,0,0,12.7898463102967,,,EMPTY_OUTPUT,RAW_WINDOWS_DT30_DISTANCE400_V1,98,0,98,0.0,,0,,,,NO_COVERED_RAW_POINTS,0,5,1.171402077387876e-10,0,0,0,0,1,0,12.7898463102967,NO_RAW_BREAK_CROSSING,S_POINTS2,UNIFORM,ALL_FILTERED,14578d09fa85bd39d5301ddb10903a2d751a5fb7114a5104184340aa22652337
1596,98,2,0.02040816326530612,,True,False,False,0,0,96,98,2,0.9795918367346939,,1.192323281545177,0.640226409519548,0.793978838387229,1.087994960699991,1.1278294070435146,1.192323281545177,,98,0,True,1,0,0,98,0,0,12.7898463102967,,3.8958109320754133,,RAW_WINDOWS_DT30_DISTANCE400_V1,98,98,0,1.0,,98,1.192323281545177,0.640226409519548,1.1278294070435146,,0,5,1.171402077387876e-10,0,0,0,0,1,1,12.7898463102967,NO_RAW_BREAK_CROSSING,S_LENGTH0,UNIFORM,PROCESSED,0177766e172d7d10878b3b6a7b96b2b7b371795b001d851c071bf4cc72f0f795
1596,98,0,0.0,,False,True,True,98,0,0,0,0,,EMPTY_DP_REFERENCE_DENOMINATOR,,,,,,,EMPTY_DP_REFERENCE,0,0,True,1,1,0,0,0,0,12.7898463102967,,,EMPTY_OUTPUT,RAW_WINDOWS_DT30_DISTANCE400_V1,98,0,98,0.0,,0,,,,NO_COVERED_RAW_POINTS,0,5,1.171402077387876e-10,0,0,0,0,1,0,12.7898463102967,NO_RAW_BREAK_CROSSING,D60,UNIFORM,ALL_FILTERED,e051523131050791f207b6a210a362e50e1c9a1a9e4cf29c32b88cfe166d5c34
1596,98,0,0.0,,False,True,True,98,0,0,0,0,,EMPTY_DP_REFERENCE_DENOMINATOR,,,,,,,EMPTY_DP_REFERENCE,0,0,True,1,1,0,0,0,0,12.7898463102967,,,EMPTY_OUTPUT,RAW_WINDOWS_DT30_DISTANCE400_V1,98,0,98,0.0,,0,,,,NO_COVERED_RAW_POINTS,0,5,1.171402077387876e-10,0,0,0,0,1,0,12.7898463102967,NO_RAW_BREAK_CROSSING,P2,UNIFORM,ALL_FILTERED,9fa4aabca111dcff46739aeae260ad5e904486144662c33a8f61644d556b5180
1596,98,0,0.0,,False,True,True,98,0,0,0,0,,EMPTY_DP_REFERENCE_DENOMINATOR,,,,,,,EMPTY_DP_REFERENCE,0,0,True,1,1,0,0,0,0,12.7898463102967,,,EMPTY_OUTPUT,RAW_WINDOWS_DT30_DISTANCE400_V1,98,0,98,0.0,,0,,,,NO_COVERED_RAW_POINTS,0,5,1.171402077387876e-10,0,0,0,0,1,0,12.7898463102967,NO_RAW_BREAK_CROSSING,P10,UNIFORM,ALL_FILTERED,e4fafca44e00b13f2aef28d788733d510a5daafc20c6e91f6d065c7847618760
4153,99,0,0.0,,False,True,True,99,0,0,0,0,,EMPTY_DP_REFERENCE_DENOMINATOR,,,,,,,EMPTY_DP_REFERENCE,0,0,True,1,1,0,0,0,0,14.673668114882409,,,EMPTY_OUTPUT,RAW_WINDOWS_DT30_DISTANCE400_V1,99,0,99,0.0,,0,,,,NO_COVERED_RAW_POINTS,0,5,5.975516740699304e-10,0,0,0,0,1,0,14.673668114882409,NO_RAW_BREAK_CROSSING,R0,UNIFORM,ALL_FILTERED,8f94b5e4a6664cbc275d4c20d9812c6323f92e9ec41e12db1f2d0ef8adaa0976
4153,99,2,0.020202020202020204,,True,False,False,0,0,97,99,2,0.9797979797979798,,2.376036304660872,0.9127609518066419,0.6359347922457652,1.8436281785300894,1.9662591857785776,2.376036304660872,,99,0,True,1,0,0,99,0,0,14.673668114882409,,2.398128535426522,,RAW_WINDOWS_DT30_DISTANCE400_V1,99,99,0,1.0,,99,2.376036304660872,0.9127609518066419,1.9662591857785776,,0,5,5.975516740699304e-10,0,0,0,0,1,1,14.673668114882409,NO_RAW_BREAK_CROSSING,S0,UNIFORM,PROCESSED,86fd2ca6e48becf954be50440b7374c30a284f3257c23d2ecb7208f6a3a7166b
4153,99,0,0.0,,False,True,True,99,0,0,0,0,,EMPTY_DP_REFERENCE_DENOMINATOR,,,,,,,EMPTY_DP_REFERENCE,0,0,True,1,1,0,0,0,0,14.673668114882409,,,EMPTY_OUTPUT,RAW_WINDOWS_DT30_DISTANCE400_V1,99,0,99,0.0,,0,,,,NO_COVERED_RAW_POINTS,0,5,5.975516740699304e-10,0,0,0,0,1,0,14.673668114882409,NO_RAW_BREAK_CROSSING,S_POINTS2,UNIFORM,ALL_FILTERED,d366f6a1f3064e1abbcbfb45ca249bf3128e7629c94f476748d84a425c2e877d
4153,99,2,0.020202020202020204,,True,False,False,0,0,97,99,2,0.9797979797979798,,2.376036304660872,0.9127609518066419,0.6359347922457652,1.8436281785300894,1.9662591857785776,2.376036304660872,,99,0,True,1,0,0,99,0,0,14.673668114882409,,2.398128535426522,,RAW_WINDOWS_DT30_DISTANCE400_V1,99,99,0,1.0,,99,2.376036304660872,0.9127609518066419,1.9662591857785776,,0,5,5.975516740699304e-10,0,0,0,0,1,1,14.673668114882409,NO_RAW_BREAK_CROSSING,S_LENGTH0,UNIFORM,PROCESSED,401160c496326b12bf88f2fdf2ce9e237e48ef5d67ea199dfe8bdb23ca81c8e1
4153,99,0,0.0,,False,True,True,99,0,0,0,0,,EMPTY_DP_REFERENCE_DENOMINATOR,,,,,,,EMPTY_DP_REFERENCE,0,0,True,1,1,0,0,0,0,14.673668114882409,,,EMPTY_OUTPUT,RAW_WINDOWS_DT30_DISTANCE400_V1,99,0,99,0.0,,0,,,,NO_COVERED_RAW_POINTS,0,5,5.975516740699304e-10,0,0,0,0,1,0,14.673668114882409,NO_RAW_BREAK_CROSSING,D60,UNIFORM,ALL_FILTERED,862f559e9f59cf3772c607aaab9c0cea1ef24221afd6583a3585e1302f528909
4153,99,0,0.0,,False,True,True,99,0,0,0,0,,EMPTY_DP_REFERENCE_DENOMINATOR,,,,,,,EMPTY_DP_REFERENCE,0,0,True,1,1,0,0,0,0,14.673668114882409,,,EMPTY_OUTPUT,RAW_WINDOWS_DT30_DISTANCE400_V1,99,0,99,0.0,,0,,,,NO_COVERED_RAW_POINTS,0,5,5.975516740699304e-10,0,0,0,0,1,0,14.673668114882409,NO_RAW_BREAK_CROSSING,P2,UNIFORM,ALL_FILTERED,99b0dbc74bae629afc12504f64877f8a062ee43924e88bb95449a2aceae8efc2
4153,99,0,0.0,,False,True,True,99,0,0,0,0,,EMPTY_DP_REFERENCE_DENOMINATOR,,,,,,,EMPTY_DP_REFERENCE,0,0,True,1,1,0,0,0,0,14.673668114882409,,,EMPTY_OUTPUT,RAW_WINDOWS_DT30_DISTANCE400_V1,99,0,99,0.0,,0,,,,NO_COVERED_RAW_POINTS,0,5,5.975516740699304e-10,0,0,0,0,1,0,14.673668114882409,NO_RAW_BREAK_CROSSING,P10,UNIFORM,ALL_FILTERED,e73804c53d39f6b6eacec1ae05d2e24ecff96f19bcba50f80348f2c2efce95cc
8941,99,0,0.0,,False,True,True,99,0,0,0,0,,EMPTY_DP_REFERENCE_DENOMINATOR,,,,,,,EMPTY_DP_REFERENCE,0,0,True,1,1,0,0,0,0,6.879557174878119,,,EMPTY_OUTPUT,RAW_WINDOWS_DT30_DISTANCE400_V1,99,0,99,0.0,,0,,,,NO_COVERED_RAW_POINTS,0,5,1.7207961696945632e-10,0,0,0,0,1,0,6.879557174878119,NO_RAW_BREAK_CROSSING,R0,UNIFORM,ALL_FILTERED,5555afc24cdec58aee4a8c7115047bba9df010a3dfeae03010d7ace0f6d67ada
8941,99,2,0.020202020202020204,,True,False,False,0,0,97,99,2,0.9797979797979798,,3.111081986156715,1.6477662172217877,1.6451024540399952,2.779233240880379,3.111081986156715,3.111081986156715,,99,0,True,1,0,0,99,0,0,6.879557174878119,,2.239116150425017,,RAW_WINDOWS_DT30_DISTANCE400_V1,99,99,0,1.0,,99,3.111081986156715,1.6477662172217877,3.111081986156715,,0,5,1.7207961696945632e-10,0,0,0,0,1,1,6.879557174878119,NO_RAW_BREAK_CROSSING,S0,UNIFORM,PROCESSED,fae8f3ae2fe884d447ec4773947035497ef182272a0ed3affe51b770a2e0b540
8941,99,0,0.0,,False,True,True,99,0,0,0,0,,EMPTY_DP_REFERENCE_DENOMINATOR,,,,,,,EMPTY_DP_REFERENCE,0,0,True,1,1,0,0,0,0,6.879557174878119,,,EMPTY_OUTPUT,RAW_WINDOWS_DT30_DISTANCE400_V1,99,0,99,0.0,,0,,,,NO_COVERED_RAW_POINTS,0,5,1.7207961696945632e-10,0,0,0,0,1,0,6.879557174878119,NO_RAW_BREAK_CROSSING,S_POINTS2,UNIFORM,ALL_FILTERED,280e150b4c31780c7882e69d56669957e885ee5cb37848af63ca8c6a104af4fe
8941,99,2,0.020202020202020204,,True,False,False,0,0,97,99,2,0.9797979797979798,,3.111081986156715,1.6477662172217877,1.6451024540399952,2.779233240880379,3.111081986156715,3.111081986156715,,99,0,True,1,0,0,99,0,0,6.879557174878119,,2.239116150425017,,RAW_WINDOWS_DT30_DISTANCE400_V1,99,99,0,1.0,,99,3.111081986156715,1.6477662172217877,3.111081986156715,,0,5,1.7207961696945632e-10,0,0,0,0,1,1,6.879557174878119,NO_RAW_BREAK_CROSSING,S_LENGTH0,UNIFORM,PROCESSED,2e9d1ea72d74e572b3215b4bcd4f9e775c2ab0f2f9b802ae0e6a6c18b49036fe
8941,99,0,0.0,,False,True,True,99,0,0,0,0,,EMPTY_DP_REFERENCE_DENOMINATOR,,,,,,,EMPTY_DP_REFERENCE,0,0,True,1,1,0,0,0,0,6.879557174878119,,,EMPTY_OUTPUT,RAW_WINDOWS_DT30_DISTANCE400_V1,99,0,99,0.0,,0,,,,NO_COVERED_RAW_POINTS,0,5,1.7207961696945632e-10,0,0,0,0,1,0,6.879557174878119,NO_RAW_BREAK_CROSSING,D60,UNIFORM,ALL_FILTERED,94451d2ff9cd3cb3a8b48cd9dec25b00dc1ce59dd870d5b8637b6e28cd685f99
8941,99,0,0.0,,False,True,True,99,0,0,0,0,,EMPTY_DP_REFERENCE_DENOMINATOR,,,,,,,EMPTY_DP_REFERENCE,0,0,True,1,1,0,0,0,0,6.879557174878119,,,EMPTY_OUTPUT,RAW_WINDOWS_DT30_DISTANCE400_V1,99,0,99,0.0,,0,,,,NO_COVERED_RAW_POINTS,0,5,1.7207961696945632e-10,0,0,0,0,1,0,6.879557174878119,NO_RAW_BREAK_CROSSING,P2,UNIFORM,ALL_FILTERED,35e8dbcf85b07eec234d6795040665d490af7367ee8a2ca7912fd211d9a83bf5
8941,99,0,0.0,,False,True,True,99,0,0,0,0,,EMPTY_DP_REFERENCE_DENOMINATOR,,,,,,,EMPTY_DP_REFERENCE,0,0,True,1,1,0,0,0,0,6.879557174878119,,,EMPTY_OUTPUT,RAW_WINDOWS_DT30_DISTANCE400_V1,99,0,99,0.0,,0,,,,NO_COVERED_RAW_POINTS,0,5,1.7207961696945632e-10,0,0,0,0,1,0,6.879557174878119,NO_RAW_BREAK_CROSSING,P10,UNIFORM,ALL_FILTERED,f4171a5eb6c1efe738132600626050e0801029753f4876e16f2c3841747683d5
139,97,0,0.0,,False,True,True,97,0,0,0,0,,EMPTY_DP_REFERENCE_DENOMINATOR,,,,,,,EMPTY_DP_REFERENCE,0,0,True,1,1,0,0,0,0,12.820714825454438,,,EMPTY_OUTPUT,RAW_WINDOWS_DT30_DISTANCE400_V1,97,0,97,0.0,,0,,,,NO_COVERED_RAW_POINTS,0,5,5.509732411478366e-10,0,0,0,0,1,0,12.820714825454438,NO_RAW_BREAK_CROSSING,R0,UNIFORM,ALL_FILTERED,dc3ce92d4e57390226ad660d1504cc33b7ea93df16580ebec09298701e55691e
139,97,2,0.020618556701030927,,True,False,False,0,0,95,97,2,0.979381443298969,,4.468728079160578,2.4586634341623155,2.5004791024021755,4.297008412162809,4.468728079160578,4.468728079160578,,97,0,True,1,0,0,97,0,0,12.820714825454438,,6.325940284728946,,RAW_WINDOWS_DT30_DISTANCE400_V1,97,97,0,1.0,,97,4.468728079160578,2.4586634341623155,4.468728079160578,,0,5,5.509732411478366e-10,0,0,0,0,1,1,12.820714825454438,NO_RAW_BREAK_CROSSING,S0,UNIFORM,PROCESSED,5b57a9994f0e54d00ad4c1c298cbcb5eb55ad2c4a2ab2077ffe73db08ceed0bf
139,97,0,0.0,,False,True,True,97,0,0,0,0,,EMPTY_DP_REFERENCE_DENOMINATOR,,,,,,,EMPTY_DP_REFERENCE,0,0,True,1,1,0,0,0,0,12.820714825454438,,,EMPTY_OUTPUT,RAW_WINDOWS_DT30_DISTANCE400_V1,97,0,97,0.0,,0,,,,NO_COVERED_RAW_POINTS,0,5,5.509732411478366e-10,0,0,0,0,1,0,12.820714825454438,NO_RAW_BREAK_CROSSING,S_POINTS2,UNIFORM,ALL_FILTERED,4b14f35418ee0a38280e649fccffe0471864f7bf272ba0b89aafd9e4f175f5f7
139,97,2,0.020618556701030927,,True,False,False,0,0,95,97,2,0.979381443298969,,4.468728079160578,2.4586634341623155,2.5004791024021755,4.297008412162809,4.468728079160578,4.468728079160578,,97,0,True,1,0,0,97,0,0,12.820714825454438,,6.325940284728946,,RAW_WINDOWS_DT30_DISTANCE400_V1,97,97,0,1.0,,97,4.468728079160578,2.4586634341623155,4.468728079160578,,0,5,5.509732411478366e-10,0,0,0,0,1,1,12.820714825454438,NO_RAW_BREAK_CROSSING,S_LENGTH0,UNIFORM,PROCESSED,5f3fdcd510004f07187bef10a36054cf4680a303aa2b18b911e1b67ac5cbbd64
139,97,0,0.0,,False,True,True,97,0,0,0,0,,EMPTY_DP_REFERENCE_DENOMINATOR,,,,,,,EMPTY_DP_REFERENCE,0,0,True,1,1,0,0,0,0,12.820714825454438,,,EMPTY_OUTPUT,RAW_WINDOWS_DT30_DISTANCE400_V1,97,0,97,0.0,,0,,,,NO_COVERED_RAW_POINTS,0,5,5.509732411478366e-10,0,0,0,0,1,0,12.820714825454438,NO_RAW_BREAK_CROSSING,D60,UNIFORM,ALL_FILTERED,1d75d6ad66f61a46c9beeff0eccbf33d68be59356ec5f715c230f5ac50c7b96f
139,97,0,0.0,,False,True,True,97,0,0,0,0,,EMPTY_DP_REFERENCE_DENOMINATOR,,,,,,,EMPTY_DP_REFERENCE,0,0,True,1,1,0,0,0,0,12.820714825454438,,,EMPTY_OUTPUT,RAW_WINDOWS_DT30_DISTANCE400_V1,97,0,97,0.0,,0,,,,NO_COVERED_RAW_POINTS,0,5,5.509732411478366e-10,0,0,0,0,1,0,12.820714825454438,NO_RAW_BREAK_CROSSING,P2,UNIFORM,ALL_FILTERED,aed357843472a2dbf404c3270834a6fac8144a4ed48e12da4069a4c7b0cc4926
139,97,0,0.0,,False,True,True,97,0,0,0,0,,EMPTY_DP_REFERENCE_DENOMINATOR,,,,,,,EMPTY_DP_REFERENCE,0,0,True,1,1,0,0,0,0,12.820714825454438,,,EMPTY_OUTPUT,RAW_WINDOWS_DT30_DISTANCE400_V1,97,0,97,0.0,,0,,,,NO_COVERED_RAW_POINTS,0,5,5.509732411478366e-10,0,0,0,0,1,0,12.820714825454438,NO_RAW_BREAK_CROSSING,P10,UNIFORM,ALL_FILTERED,2aafb6a53e8f9515746b74f65fd4f07848a2a1e6a74b5a21269ddab6ef6957c7
6008,97,0,0.0,,False,True,True,97,0,0,0,0,,EMPTY_DP_REFERENCE_DENOMINATOR,,,,,,,EMPTY_DP_REFERENCE,0,0,True,2,2,0,0,0,0,5.450027504112167,,,EMPTY_OUTPUT,RAW_WINDOWS_DT30_DISTANCE400_V1,97,0,97,0.0,,0,,,,NO_COVERED_RAW_POINTS,0,5,3.248896604799145e-10,1,0,0,2,2,0,4.826213718776729,NO_RAW_BREAK_CROSSING,R0,UNIFORM,ALL_FILTERED,abc42070ed441fec06643a38b40b347df614e7a4d1c45f17d51c177783f2fade
6008,97,4,0.041237113402061855,,True,False,False,0,0,93,97,4,0.9587628865979382,,0.725120960143379,0.24804547422332915,0.20674379448529878,0.5965767841099243,0.725120960143379,0.725120960143379,,97,0,True,2,0,0,97,0,0,5.450027504112167,,3.691031217090372,,RAW_WINDOWS_DT30_DISTANCE400_V1,97,97,0,1.0,,97,0.725120960143379,0.24804547422332915,0.725120960143379,,0,5,3.248896604799145e-10,1,0,0,0,2,2,4.826213718776729,NO_RAW_BREAK_CROSSING,S0,UNIFORM,PROCESSED,8813e4868c945222b0d4b54f816d925d9af52eec66f5c6ea49756ab25de66eb2
6008,97,0,0.0,,False,True,True,97,0,0,0,0,,EMPTY_DP_REFERENCE_DENOMINATOR,,,,,,,EMPTY_DP_REFERENCE,0,0,True,2,2,0,0,0,0,5.450027504112167,,,EMPTY_OUTPUT,RAW_WINDOWS_DT30_DISTANCE400_V1,97,0,97,0.0,,0,,,,NO_COVERED_RAW_POINTS,0,5,3.248896604799145e-10,1,0,0,2,2,0,4.826213718776729,NO_RAW_BREAK_CROSSING,S_POINTS2,UNIFORM,ALL_FILTERED,fca310cbe3d91a63825a0fe10cf157095556b916d802b655f72b769c21ce836c
6008,97,4,0.041237113402061855,,True,False,False,0,0,93,97,4,0.9587628865979382,,0.725120960143379,0.24804547422332915,0.20674379448529878,0.5965767841099243,0.725120960143379,0.725120960143379,,97,0,True,2,0,0,97,0,0,5.450027504112167,,3.691031217090372,,RAW_WINDOWS_DT30_DISTANCE400_V1,97,97,0,1.0,,97,0.725120960143379,0.24804547422332915,0.725120960143379,,0,5,3.248896604799145e-10,1,0,0,0,2,2,4.826213718776729,NO_RAW_BREAK_CROSSING,S_LENGTH0,UNIFORM,PROCESSED,a2c203987a64d2165d3e5f69d922a4e74c334cb002f350bcf60e1bc9e8df1454
6008,97,0,0.0,,False,True,True,97,0,0,0,0,,EMPTY_DP_REFERENCE_DENOMINATOR,,,,,,,EMPTY_DP_REFERENCE,0,0,True,2,2,0,0,0,0,5.450027504112167,,,EMPTY_OUTPUT,RAW_WINDOWS_DT30_DISTANCE400_V1,97,0,97,0.0,,0,,,,NO_COVERED_RAW_POINTS,0,5,3.248896604799145e-10,1,0,0,2,2,0,4.826213718776729,NO_RAW_BREAK_CROSSING,D60,UNIFORM,ALL_FILTERED,867dfe07da8644a20676f75560ec5b6315ef85553336fb030b565e7e6466f6a6
6008,97,0,0.0,,False,True,True,97,0,0,0,0,,EMPTY_DP_REFERENCE_DENOMINATOR,,,,,,,EMPTY_DP_REFERENCE,0,0,True,2,2,0,0,0,0,5.450027504112167,,,EMPTY_OUTPUT,RAW_WINDOWS_DT30_DISTANCE400_V1,97,0,97,0.0,,0,,,,NO_COVERED_RAW_POINTS,0,5,3.248896604799145e-10,1,0,0,2,2,0,4.826213718776729,NO_RAW_BREAK_CROSSING,P2,UNIFORM,ALL_FILTERED,5a949688f40d339321791e7a3e83c1a358f1846e087f7bdcc9b1423a09901827
6008,97,0,0.0,,False,True,True,97,0,0,0,0,,EMPTY_DP_REFERENCE_DENOMINATOR,,,,,,,EMPTY_DP_REFERENCE,0,0,True,2,2,0,0,0,0,5.450027504112167,,,EMPTY_OUTPUT,RAW_WINDOWS_DT30_DISTANCE400_V1,97,0,97,0.0,,0,,,,NO_COVERED_RAW_POINTS,0,5,3.248896604799145e-10,1,0,0,2,2,0,4.826213718776729,NO_RAW_BREAK_CROSSING,P10,UNIFORM,ALL_FILTERED,4545420b9370cde75fb68f35d067153a101ddc672c4418f0ce522f1ab83f95ce
4155,102,0,0.0,,False,True,True,102,0,0,0,0,,EMPTY_DP_REFERENCE_DENOMINATOR,,,,,,,EMPTY_DP_REFERENCE,0,0,True,2,2,0,0,0,0,4.578576599152058,,,EMPTY_OUTPUT,RAW_WINDOWS_DT30_DISTANCE400_V1,102,0,102,0.0,,0,,,,NO_COVERED_RAW_POINTS,0,5,4.687911774434301e-10,1,0,0,2,2,0,4.578576599152058,NO_RAW_BREAK_CROSSING,R0,UNIFORM,ALL_FILTERED,ecd9b7f91aab86d630ba6b51bb781b8095f7d2273db6a710356610cbcb726bbd
4155,102,4,0.0392156862745098,,True,False,False,0,0,98,102,4,0.9607843137254902,,0.48891632686086467,0.1526069445131419,0.10991347957571951,0.47395450532274674,0.48891632686086467,0.48891632686086467,,102,0,True,2,0,0,102,0,0,4.578576599152058,,3.3523973488005243,,RAW_WINDOWS_DT30_DISTANCE400_V1,102,102,0,1.0,,102,0.48891632686086467,0.1526069445131419,0.48891632686086467,,0,5,4.687911774434301e-10,1,0,0,0,2,2,4.578576599152058,NO_RAW_BREAK_CROSSING,S0,UNIFORM,PROCESSED,2b58ca67faa46bd4954a31e7bd82b2cd99f162679ddaff3387b0a662f779973f
4155,102,0,0.0,,False,True,True,102,0,0,0,0,,EMPTY_DP_REFERENCE_DENOMINATOR,,,,,,,EMPTY_DP_REFERENCE,0,0,True,2,2,0,0,0,0,4.578576599152058,,,EMPTY_OUTPUT,RAW_WINDOWS_DT30_DISTANCE400_V1,102,0,102,0.0,,0,,,,NO_COVERED_RAW_POINTS,0,5,4.687911774434301e-10,1,0,0,2,2,0,4.578576599152058,NO_RAW_BREAK_CROSSING,S_POINTS2,UNIFORM,ALL_FILTERED,473797d8c01f893b5474b87c3738ee72c0b5ef3f859781aa255ef5aefff23a97
4155,102,4,0.0392156862745098,,True,False,False,0,0,98,102,4,0.9607843137254902,,0.48891632686086467,0.1526069445131419,0.10991347957571951,0.47395450532274674,0.48891632686086467,0.48891632686086467,,102,0,True,2,0,0,102,0,0,4.578576599152058,,3.3523973488005243,,RAW_WINDOWS_DT30_DISTANCE400_V1,102,102,0,1.0,,102,0.48891632686086467,0.1526069445131419,0.48891632686086467,,0,5,4.687911774434301e-10,1,0,0,0,2,2,4.578576599152058,NO_RAW_BREAK_CROSSING,S_LENGTH0,UNIFORM,PROCESSED,126a9e68bd09565af1601ba25d466c46d019b9c120a16b834c2c6c9b1270c673
4155,102,0,0.0,,False,True,True,102,0,0,0,0,,EMPTY_DP_REFERENCE_DENOMINATOR,,,,,,,EMPTY_DP_REFERENCE,0,0,True,2,2,0,0,0,0,4.578576599152058,,,EMPTY_OUTPUT,RAW_WINDOWS_DT30_DISTANCE400_V1,102,0,102,0.0,,0,,,,NO_COVERED_RAW_POINTS,0,5,4.687911774434301e-10,1,0,0,2,2,0,4.578576599152058,NO_RAW_BREAK_CROSSING,D60,UNIFORM,ALL_FILTERED,bab9f701041859bf886cae7adf17ee5f0af0c62c81b2eb7f1f291f82353c8f3e
4155,102,0,0.0,,False,True,True,102,0,0,0,0,,EMPTY_DP_REFERENCE_DENOMINATOR,,,,,,,EMPTY_DP_REFERENCE,0,0,True,2,2,0,0,0,0,4.578576599152058,,,EMPTY_OUTPUT,RAW_WINDOWS_DT30_DISTANCE400_V1,102,0,102,0.0,,0,,,,NO_COVERED_RAW_POINTS,0,5,4.687911774434301e-10,1,0,0,2,2,0,4.578576599152058,NO_RAW_BREAK_CROSSING,P2,UNIFORM,ALL_FILTERED,def537e44d4177b401db8ca670521a2a072cec341ae035f6cd17be0d781e5ece
4155,102,0,0.0,,False,True,True,102,0,0,0,0,,EMPTY_DP_REFERENCE_DENOMINATOR,,,,,,,EMPTY_DP_REFERENCE,0,0,True,2,2,0,0,0,0,4.578576599152058,,,EMPTY_OUTPUT,RAW_WINDOWS_DT30_DISTANCE400_V1,102,0,102,0.0,,0,,,,NO_COVERED_RAW_POINTS,0,5,4.687911774434301e-10,1,0,0,2,2,0,4.578576599152058,NO_RAW_BREAK_CROSSING,P10,UNIFORM,ALL_FILTERED,385d963e30dfbdaeb43d93e921ed521d793b6f762532df3defb1ce33aef19650
6763,72,0,0.0,,False,True,True,72,0,0,0,0,,EMPTY_DP_REFERENCE_DENOMINATOR,,,,,,,EMPTY_DP_REFERENCE,0,0,True,7,7,0,0,0,0,2.9780168587527656,,,EMPTY_OUTPUT,RAW_WINDOWS_DT30_DISTANCE400_V1,72,0,72,0.0,,0,,,,NO_COVERED_RAW_POINTS,0,5,3.5918170554082236e-10,6,0,0,12,7,0,2.645404484683249,NO_RAW_BREAK_CROSSING,R0,UNIFORM,ALL_FILTERED,0ad5e595157b4ef8d6541e44c80f48e7bd5ed550032b7ccb495fede9ca378daf
6763,72,14,0.19444444444444445,,True,False,False,0,4,54,68,14,0.7941176470588236,,0.08761545687585331,0.012884626039787019,0.0,0.08761545687585331,0.08761545687585331,0.08761545687585331,,68,0,True,7,0,4,68,0,0,2.9780168587527656,,0.7957370309696333,,RAW_WINDOWS_DT30_DISTANCE400_V1,72,72,0,1.0,,72,0.08761545687585331,0.014602576173016999,0.08761545687585331,,0,5,3.5918170554082236e-10,6,0,0,0,7,7,2.645404484683249,NO_RAW_BREAK_CROSSING,S0,UNIFORM,PROCESSED,2fcf2005fb03db7463ed90e864d152c241843002dbfd628579bc9a63aa6eb57e
6763,72,0,0.0,,False,True,True,72,0,0,0,0,,EMPTY_DP_REFERENCE_DENOMINATOR,,,,,,,EMPTY_DP_REFERENCE,0,0,True,7,7,0,0,0,0,2.9780168587527656,,,EMPTY_OUTPUT,RAW_WINDOWS_DT30_DISTANCE400_V1,72,0,72,0.0,,0,,,,NO_COVERED_RAW_POINTS,0,5,3.5918170554082236e-10,6,0,0,12,7,0,2.645404484683249,NO_RAW_BREAK_CROSSING,S_POINTS2,UNIFORM,ALL_FILTERED,d664b3775aa0e21c3c88b10542eccc1f115eb8e33b38504a4178cfdc5af6bffd
6763,72,4,0.05555555555555555,,True,False,False,18,4,46,50,4,0.92,,0.08761545687585331,0.017523091414110344,0.0,0.08761545687585331,0.08761545687585331,0.08761545687585331,,50,0,True,7,5,4,50,0,0,2.9780168587527656,,0.5739954479690634,,RAW_WINDOWS_DT30_DISTANCE400_V1,72,54,18,0.75,,54,0.08761545687585331,0.019470101564022665,0.08761545687585331,,0,5,3.5918170554082236e-10,6,0,0,8,7,2,2.645404484683249,NO_RAW_BREAK_CROSSING,S_LENGTH0,UNIFORM,PROCESSED,0c4a3cd33e958c6b6adc7f249b9d5d444d0259ffd1c7f342d893d9c666830b49
6763,72,0,0.0,,False,True,True,72,0,0,0,0,,EMPTY_DP_REFERENCE_DENOMINATOR,,,,,,,EMPTY_DP_REFERENCE,0,0,True,7,7,0,0,0,0,2.9780168587527656,,,EMPTY_OUTPUT,RAW_WINDOWS_DT30_DISTANCE400_V1,72,0,72,0.0,,0,,,,NO_COVERED_RAW_POINTS,0,5,3.5918170554082236e-10,6,0,0,12,7,0,2.645404484683249,NO_RAW_BREAK_CROSSING,D60,UNIFORM,ALL_FILTERED,a0c338bd0c6a980182cb4402abb35d0b5c9bb5355e9b51ba9abef2c707ae6644
6763,72,0,0.0,,False,True,True,72,0,0,0,0,,EMPTY_DP_REFERENCE_DENOMINATOR,,,,,,,EMPTY_DP_REFERENCE,0,0,True,7,7,0,0,0,0,2.9780168587527656,,,EMPTY_OUTPUT,RAW_WINDOWS_DT30_DISTANCE400_V1,72,0,72,0.0,,0,,,,NO_COVERED_RAW_POINTS,0,5,3.5918170554082236e-10,6,0,0,12,7,0,2.645404484683249,NO_RAW_BREAK_CROSSING,P2,UNIFORM,ALL_FILTERED,aec52de36c5675215f02c6f0ef6afbe843259c7fa31b18c4fe9acb6301e6a822
6763,72,0,0.0,,False,True,True,72,0,0,0,0,,EMPTY_DP_REFERENCE_DENOMINATOR,,,,,,,EMPTY_DP_REFERENCE,0,0,True,7,7,0,0,0,0,2.9780168587527656,,,EMPTY_OUTPUT,RAW_WINDOWS_DT30_DISTANCE400_V1,72,0,72,0.0,,0,,,,NO_COVERED_RAW_POINTS,0,5,3.5918170554082236e-10,6,0,0,12,7,0,2.645404484683249,NO_RAW_BREAK_CROSSING,P10,UNIFORM,ALL_FILTERED,7738488a6d0f6dae4a2236787aa7e705ba1fd43d8f5f6f6dd9774e16aa4b46c3
7137,100,0,0.0,,False,True,True,100,0,0,0,0,,EMPTY_DP_REFERENCE_DENOMINATOR,,,,,,,EMPTY_DP_REFERENCE,0,0,True,1,1,0,0,0,0,7.5402166322475725,,,EMPTY_OUTPUT,RAW_WINDOWS_DT30_DISTANCE400_V1,100,0,100,0.0,,0,,,,NO_COVERED_RAW_POINTS,0,5,4.269124193475939e-10,0,0,0,0,1,0,7.5402166322475725,NO_RAW_BREAK_CROSSING,R0,UNIFORM,ALL_FILTERED,31fabd102a8e37f37f6fc718fd4f9a0c09d3d86e5f84beb6d0657df1d16cb7c5
7137,100,2,0.02,,True,False,False,0,0,98,100,2,0.98,,0.08755227479509936,0.0008755227479509936,0.0,0.0,0.0,0.0008755227479514416,,100,0,True,1,0,0,100,0,0,7.5402166322475725,,7.482033315236129,,RAW_WINDOWS_DT30_DISTANCE400_V1,100,100,0,1.0,,100,0.08755227479509936,0.0008755227479509936,0.0,,0,5,4.269124193475939e-10,0,0,0,0,1,1,7.5402166322475725,NO_RAW_BREAK_CROSSING,S0,UNIFORM,PROCESSED,cd90a5514f004dc178b90eb17cde5d0f9f4a257a72020602e8156a28d575e5d4
7137,100,0,0.0,,False,True,True,100,0,0,0,0,,EMPTY_DP_REFERENCE_DENOMINATOR,,,,,,,EMPTY_DP_REFERENCE,0,0,True,1,1,0,0,0,0,7.5402166322475725,,,EMPTY_OUTPUT,RAW_WINDOWS_DT30_DISTANCE400_V1,100,0,100,0.0,,0,,,,NO_COVERED_RAW_POINTS,0,5,4.269124193475939e-10,0,0,0,0,1,0,7.5402166322475725,NO_RAW_BREAK_CROSSING,S_POINTS2,UNIFORM,ALL_FILTERED,a02e2a9eef7b33c95b1115c3579b4baba0c08979624c59e5971d662a568a4faf
7137,100,2,0.02,,True,False,False,0,0,98,100,2,0.98,,0.08755227479509936,0.0008755227479509936,0.0,0.0,0.0,0.0008755227479514416,,100,0,True,1,0,0,100,0,0,7.5402166322475725,,7.482033315236129,,RAW_WINDOWS_DT30_DISTANCE400_V1,100,100,0,1.0,,100,0.08755227479509936,0.0008755227479509936,0.0,,0,5,4.269124193475939e-10,0,0,0,0,1,1,7.5402166322475725,NO_RAW_BREAK_CROSSING,S_LENGTH0,UNIFORM,PROCESSED,f24eec793e18db7602b35c235b9743a28449816f4aff799fb982316ba0b2c2e9
7137,100,0,0.0,,False,True,True,100,0,0,0,0,,EMPTY_DP_REFERENCE_DENOMINATOR,,,,,,,EMPTY_DP_REFERENCE,0,0,True,1,1,0,0,0,0,7.5402166322475725,,,EMPTY_OUTPUT,RAW_WINDOWS_DT30_DISTANCE400_V1,100,0,100,0.0,,0,,,,NO_COVERED_RAW_POINTS,0,5,4.269124193475939e-10,0,0,0,0,1,0,7.5402166322475725,NO_RAW_BREAK_CROSSING,D60,UNIFORM,ALL_FILTERED,30e8455b2ced448cc75c10214f4b88042385f5852b1bb5c8dfb2abfba345db22
7137,100,0,0.0,,False,True,True,100,0,0,0,0,,EMPTY_DP_REFERENCE_DENOMINATOR,,,,,,,EMPTY_DP_REFERENCE,0,0,True,1,1,0,0,0,0,7.5402166322475725,,,EMPTY_OUTPUT,RAW_WINDOWS_DT30_DISTANCE400_V1,100,0,100,0.0,,0,,,,NO_COVERED_RAW_POINTS,0,5,4.269124193475939e-10,0,0,0,0,1,0,7.5402166322475725,NO_RAW_BREAK_CROSSING,P2,UNIFORM,ALL_FILTERED,c2fdc020311a9b4917c06e30742187b487e169454e5c22e4a738bf9c90e6f592
7137,100,0,0.0,,False,True,True,100,0,0,0,0,,EMPTY_DP_REFERENCE_DENOMINATOR,,,,,,,EMPTY_DP_REFERENCE,0,0,True,1,1,0,0,0,0,7.5402166322475725,,,EMPTY_OUTPUT,RAW_WINDOWS_DT30_DISTANCE400_V1,100,0,100,0.0,,0,,,,NO_COVERED_RAW_POINTS,0,5,4.269124193475939e-10,0,0,0,0,1,0,7.5402166322475725,NO_RAW_BREAK_CROSSING,P10,UNIFORM,ALL_FILTERED,c630eba50ea1f7f9aace4b0d235738fd51a38f6e2f399d58e0941d0c00e06237
4712,98,0,0.0,,False,True,True,98,0,0,0,0,,EMPTY_DP_REFERENCE_DENOMINATOR,,,,,,,EMPTY_DP_REFERENCE,0,0,True,2,2,0,0,0,0,2.7427226373911773,,,EMPTY_OUTPUT,RAW_WINDOWS_DT30_DISTANCE400_V1,98,0,98,0.0,,0,,,,NO_COVERED_RAW_POINTS,0,5,2.423020683948009e-10,1,0,0,2,2,0,2.450492427467541,NO_RAW_BREAK_CROSSING,R0,UNIFORM,ALL_FILTERED,c563eeca62526b90917f8c6163126da5123d4c430e7fc140a1ec4627dae33837
4712,98,4,0.04081632653061224,,True,False,False,0,0,94,98,4,0.9591836734693877,,0.5587713943407017,0.2120538002626423,0.1820715657449154,0.5236127409862603,0.5587713943407017,0.5587713943407017,,98,0,True,2,0,0,98,0,0,2.7427226373911773,,2.026578640356712,,RAW_WINDOWS_DT30_DISTANCE400_V1,98,98,0,1.0,,98,0.5587713943407017,0.2120538002626423,0.5587713943407017,,0,5,2.423020683948009e-10,1,0,0,0,2,2,2.450492427467541,NO_RAW_BREAK_CROSSING,S0,UNIFORM,PROCESSED,523cfb38c68c5d48999bd5f89db296961a7fde5c1f619939c87488d43062f95e
4712,98,0,0.0,,False,True,True,98,0,0,0,0,,EMPTY_DP_REFERENCE_DENOMINATOR,,,,,,,EMPTY_DP_REFERENCE,0,0,True,2,2,0,0,0,0,2.7427226373911773,,,EMPTY_OUTPUT,RAW_WINDOWS_DT30_DISTANCE400_V1,98,0,98,0.0,,0,,,,NO_COVERED_RAW_POINTS,0,5,2.423020683948009e-10,1,0,0,2,2,0,2.450492427467541,NO_RAW_BREAK_CROSSING,S_POINTS2,UNIFORM,ALL_FILTERED,586c5dc13dbcad1a6dc98199848d5b4eb18e8c804e0cc8c5d9bd2e28d54e839b
4712,98,4,0.04081632653061224,,True,False,False,0,0,94,98,4,0.9591836734693877,,0.5587713943407017,0.2120538002626423,0.1820715657449154,0.5236127409862603,0.5587713943407017,0.5587713943407017,,98,0,True,2,0,0,98,0,0,2.7427226373911773,,2.026578640356712,,RAW_WINDOWS_DT30_DISTANCE400_V1,98,98,0,1.0,,98,0.5587713943407017,0.2120538002626423,0.5587713943407017,,0,5,2.423020683948009e-10,1,0,0,0,2,2,2.450492427467541,NO_RAW_BREAK_CROSSING,S_LENGTH0,UNIFORM,PROCESSED,1ee09f6be5c86aabd58c6b1761b07356f1205c839c96fea54eabaf087c85d739
4712,98,0,0.0,,False,True,True,98,0,0,0,0,,EMPTY_DP_REFERENCE_DENOMINATOR,,,,,,,EMPTY_DP_REFERENCE,0,0,True,2,2,0,0,0,0,2.7427226373911773,,,EMPTY_OUTPUT,RAW_WINDOWS_DT30_DISTANCE400_V1,98,0,98,0.0,,0,,,,NO_COVERED_RAW_POINTS,0,5,2.423020683948009e-10,1,0,0,2,2,0,2.450492427467541,NO_RAW_BREAK_CROSSING,D60,UNIFORM,ALL_FILTERED,f735010c728cbd8f8fd3561f10e7cbe88b1ec21b8503d4caa73781ddb31c3704
4712,98,0,0.0,,False,True,True,98,0,0,0,0,,EMPTY_DP_REFERENCE_DENOMINATOR,,,,,,,EMPTY_DP_REFERENCE,0,0,True,2,2,0,0,0,0,2.7427226373911773,,,EMPTY_OUTPUT,RAW_WINDOWS_DT30_DISTANCE400_V1,98,0,98,0.0,,0,,,,NO_COVERED_RAW_POINTS,0,5,2.423020683948009e-10,1,0,0,2,2,0,2.450492427467541,NO_RAW_BREAK_CROSSING,P2,UNIFORM,ALL_FILTERED,8d0687720367393a94091e98d5c542c98857227fc8872d9ce6da8ca08d6affcf
4712,98,0,0.0,,False,True,True,98,0,0,0,0,,EMPTY_DP_REFERENCE_DENOMINATOR,,,,,,,EMPTY_DP_REFERENCE,0,0,True,2,2,0,0,0,0,2.7427226373911773,,,EMPTY_OUTPUT,RAW_WINDOWS_DT30_DISTANCE400_V1,98,0,98,0.0,,0,,,,NO_COVERED_RAW_POINTS,0,5,2.423020683948009e-10,1,0,0,2,2,0,2.450492427467541,NO_RAW_BREAK_CROSSING,P10,UNIFORM,ALL_FILTERED,5837fe39891766ef655894ebac739020b80c6c5ca9f4243e9fc6abe22adb4857
6168,100,0,0.0,,False,True,True,100,0,0,0,0,,EMPTY_DP_REFERENCE_DENOMINATOR,,,,,,,EMPTY_DP_REFERENCE,0,0,True,1,1,0,0,0,0,3.3271215513074144,,,EMPTY_OUTPUT,RAW_WINDOWS_DT30_DISTANCE400_V1,100,0,100,0.0,,0,,,,NO_COVERED_RAW_POINTS,0,5,2.2281063576324693e-10,0,0,0,0,1,0,3.3271215513074144,NO_RAW_BREAK_CROSSING,R0,UNIFORM,ALL_FILTERED,e3fcff20c63fa4d13261dddc71aa8dba1b1b74e4c9f7482b10d9351fa6a5c850
6168,100,2,0.02,,True,False,False,0,0,98,100,2,0.98,,0.584778633173252,0.30483589245361603,0.30397807623769757,0.466729520270648,0.584778633173252,0.584778633173252,,100,0,True,1,0,0,100,0,0,3.3271215513074144,,1.6739764519354599,,RAW_WINDOWS_DT30_DISTANCE400_V1,100,100,0,1.0,,100,0.584778633173252,0.30483589245361603,0.584778633173252,,0,5,2.2281063576324693e-10,0,0,0,0,1,1,3.3271215513074144,NO_RAW_BREAK_CROSSING,S0,UNIFORM,PROCESSED,8d3eeff783c4cf08bc9496a9cee21b71fb693d652ec625c20891c4a24045c3d8
6168,100,0,0.0,,False,True,True,100,0,0,0,0,,EMPTY_DP_REFERENCE_DENOMINATOR,,,,,,,EMPTY_DP_REFERENCE,0,0,True,1,1,0,0,0,0,3.3271215513074144,,,EMPTY_OUTPUT,RAW_WINDOWS_DT30_DISTANCE400_V1,100,0,100,0.0,,0,,,,NO_COVERED_RAW_POINTS,0,5,2.2281063576324693e-10,0,0,0,0,1,0,3.3271215513074144,NO_RAW_BREAK_CROSSING,S_POINTS2,UNIFORM,ALL_FILTERED,3f4a12b89da1c9b7b8c8e4d2dc95f39b935ac031f7bd987fbd2171512ede91f1
6168,100,2,0.02,,True,False,False,0,0,98,100,2,0.98,,0.584778633173252,0.30483589245361603,0.30397807623769757,0.466729520270648,0.584778633173252,0.584778633173252,,100,0,True,1,0,0,100,0,0,3.3271215513074144,,1.6739764519354599,,RAW_WINDOWS_DT30_DISTANCE400_V1,100,100,0,1.0,,100,0.584778633173252,0.30483589245361603,0.584778633173252,,0,5,2.2281063576324693e-10,0,0,0,0,1,1,3.3271215513074144,NO_RAW_BREAK_CROSSING,S_LENGTH0,UNIFORM,PROCESSED,1ea2b2e53d5042f4c910f5e09cfc3ea1a9ad1bbd741ad728252cf895bb454556
6168,100,0,0.0,,False,True,True,100,0,0,0,0,,EMPTY_DP_REFERENCE_DENOMINATOR,,,,,,,EMPTY_DP_REFERENCE,0,0,True,1,1,0,0,0,0,3.3271215513074144,,,EMPTY_OUTPUT,RAW_WINDOWS_DT30_DISTANCE400_V1,100,0,100,0.0,,0,,,,NO_COVERED_RAW_POINTS,0,5,2.2281063576324693e-10,0,0,0,0,1,0,3.3271215513074144,NO_RAW_BREAK_CROSSING,D60,UNIFORM,ALL_FILTERED,a20005793ee49331b631e3ad51e2ef619dba6daeb93b5caa59268341bef81d5e
6168,100,0,0.0,,False,True,True,100,0,0,0,0,,EMPTY_DP_REFERENCE_DENOMINATOR,,,,,,,EMPTY_DP_REFERENCE,0,0,True,1,1,0,0,0,0,3.3271215513074144,,,EMPTY_OUTPUT,RAW_WINDOWS_DT30_DISTANCE400_V1,100,0,100,0.0,,0,,,,NO_COVERED_RAW_POINTS,0,5,2.2281063576324693e-10,0,0,0,0,1,0,3.3271215513074144,NO_RAW_BREAK_CROSSING,P2,UNIFORM,ALL_FILTERED,19c3fd7f2652b6b90a377f8660941b51ddd13a1c8621ebeaffdd8e9bae16e57f
6168,100,0,0.0,,False,True,True,100,0,0,0,0,,EMPTY_DP_REFERENCE_DENOMINATOR,,,,,,,EMPTY_DP_REFERENCE,0,0,True,1,1,0,0,0,0,3.3271215513074144,,,EMPTY_OUTPUT,RAW_WINDOWS_DT30_DISTANCE400_V1,100,0,100,0.0,,0,,,,NO_COVERED_RAW_POINTS,0,5,2.2281063576324693e-10,0,0,0,0,1,0,3.3271215513074144,NO_RAW_BREAK_CROSSING,P10,UNIFORM,ALL_FILTERED,4fead44400595bd987fb1f5ba457421801658a637da5b7a3ddbaaa63bee153c3
14,100,0,0.0,,False,True,True,100,0,0,0,0,,EMPTY_DP_REFERENCE_DENOMINATOR,,,,,,,EMPTY_DP_REFERENCE,0,0,True,1,1,0,0,0,0,6.863871162451779,,,EMPTY_OUTPUT,RAW_WINDOWS_DT30_DISTANCE400_V1,100,0,100,0.0,,0,,,,NO_COVERED_RAW_POINTS,0,5,3.4311788185806253e-11,0,0,0,0,1,0,6.863871162451779,NO_RAW_BREAK_CROSSING,R0,UNIFORM,ALL_FILTERED,0c88a6027024c18d40ea4d43edfbae17020f41585662d2496700aac0b8a17bc0
14,100,2,0.02,,True,False,False,0,0,98,100,2,0.98,,1.34494157119722,0.4505041772600273,0.38323454592366846,0.9265912890540376,1.1001005031953235,1.34494157119722,,100,0,True,1,0,0,100,0,0,6.863871162451779,,0.5805776221890357,,RAW_WINDOWS_DT30_DISTANCE400_V1,100,100,0,1.0,,100,1.34494157119722,0.4505041772600273,1.1001005031953235,,0,5,3.4311788185806253e-11,0,0,0,0,1,1,6.863871162451779,NO_RAW_BREAK_CROSSING,S0,UNIFORM,PROCESSED,8627ae17337d6de22a300a179a5128232b3b3211bff13d3537e760d53f75c981
14,100,0,0.0,,False,True,True,100,0,0,0,0,,EMPTY_DP_REFERENCE_DENOMINATOR,,,,,,,EMPTY_DP_REFERENCE,0,0,True,1,1,0,0,0,0,6.863871162451779,,,EMPTY_OUTPUT,RAW_WINDOWS_DT30_DISTANCE400_V1,100,0,100,0.0,,0,,,,NO_COVERED_RAW_POINTS,0,5,3.4311788185806253e-11,0,0,0,0,1,0,6.863871162451779,NO_RAW_BREAK_CROSSING,S_POINTS2,UNIFORM,ALL_FILTERED,9609889ff9d0b14ab65ff40cabc2b86611b4d65fede5b22486838c2427c2fbb1
14,100,2,0.02,,True,False,False,0,0,98,100,2,0.98,,1.34494157119722,0.4505041772600273,0.38323454592366846,0.9265912890540376,1.1001005031953235,1.34494157119722,,100,0,True,1,0,0,100,0,0,6.863871162451779,,0.5805776221890357,,RAW_WINDOWS_DT30_DISTANCE400_V1,100,100,0,1.0,,100,1.34494157119722,0.4505041772600273,1.1001005031953235,,0,5,3.4311788185806253e-11,0,0,0,0,1,1,6.863871162451779,NO_RAW_BREAK_CROSSING,S_LENGTH0,UNIFORM,PROCESSED,94a095287dcdeca4cee1f7d20431948150c340408eb4e723cd5544d11e2706b6
14,100,0,0.0,,False,True,True,100,0,0,0,0,,EMPTY_DP_REFERENCE_DENOMINATOR,,,,,,,EMPTY_DP_REFERENCE,0,0,True,1,1,0,0,0,0,6.863871162451779,,,EMPTY_OUTPUT,RAW_WINDOWS_DT30_DISTANCE400_V1,100,0,100,0.0,,0,,,,NO_COVERED_RAW_POINTS,0,5,3.4311788185806253e-11,0,0,0,0,1,0,6.863871162451779,NO_RAW_BREAK_CROSSING,D60,UNIFORM,ALL_FILTERED,a79d5de195a54fa82c2658a92d63197b97fa7d0b805e4daac4502ae0560c0a20
14,100,0,0.0,,False,True,True,100,0,0,0,0,,EMPTY_DP_REFERENCE_DENOMINATOR,,,,,,,EMPTY_DP_REFERENCE,0,0,True,1,1,0,0,0,0,6.863871162451779,,,EMPTY_OUTPUT,RAW_WINDOWS_DT30_DISTANCE400_V1,100,0,100,0.0,,0,,,,NO_COVERED_RAW_POINTS,0,5,3.4311788185806253e-11,0,0,0,0,1,0,6.863871162451779,NO_RAW_BREAK_CROSSING,P2,UNIFORM,ALL_FILTERED,89b676c2db9e54da672b0f9747c331a087002511c2026e014c207ffbe2fdbe86
14,100,0,0.0,,False,True,True,100,0,0,0,0,,EMPTY_DP_REFERENCE_DENOMINATOR,,,,,,,EMPTY_DP_REFERENCE,0,0,True,1,1,0,0,0,0,6.863871162451779,,,EMPTY_OUTPUT,RAW_WINDOWS_DT30_DISTANCE400_V1,100,0,100,0.0,,0,,,,NO_COVERED_RAW_POINTS,0,5,3.4311788185806253e-11,0,0,0,0,1,0,6.863871162451779,NO_RAW_BREAK_CROSSING,P10,UNIFORM,ALL_FILTERED,f9d463e5f76a0dd7302400d60534156c6c11c3ac94949704165aabc3e7087786
9296,67,0,0.0,,False,True,True,67,0,0,0,0,,EMPTY_DP_REFERENCE_DENOMINATOR,,,,,,,EMPTY_DP_REFERENCE,0,0,True,3,3,0,0,0,0,3.6010789389524014,,,EMPTY_OUTPUT,RAW_WINDOWS_DT30_DISTANCE400_V1,67,0,67,0.0,,0,,,,NO_COVERED_RAW_POINTS,0,5,1.8320608676765283e-10,2,0,0,4,3,0,3.6010789389524014,NO_RAW_BREAK_CROSSING,R0,UNIFORM,ALL_FILTERED,7ba6f523a5bd785b7fff449a4f2189fa8072b5b6a8d9b4587968918e5ea446a7
9296,67,6,0.08955223880597014,,True,False,False,0,0,61,67,6,0.9104477611940298,,0.7305808451583269,0.3371848114514649,0.32443050670710205,0.7305808451583269,0.7305808451583269,0.7305808451583269,,67,0,True,3,0,0,67,0,0,3.6010789389524014,,2.187400015724421,,RAW_WINDOWS_DT30_DISTANCE400_V1,67,67,0,1.0,,67,0.7305808451583269,0.3371848114514649,0.7305808451583269,,0,5,1.8320608676765283e-10,2,0,0,0,3,3,3.6010789389524014,NO_RAW_BREAK_CROSSING,S0,UNIFORM,PROCESSED,5d3fde358edfa97f60f9f2b52555e55a420097f44ca4928788dd1ed51b173f95
9296,67,0,0.0,,False,True,True,67,0,0,0,0,,EMPTY_DP_REFERENCE_DENOMINATOR,,,,,,,EMPTY_DP_REFERENCE,0,0,True,3,3,0,0,0,0,3.6010789389524014,,,EMPTY_OUTPUT,RAW_WINDOWS_DT30_DISTANCE400_V1,67,0,67,0.0,,0,,,,NO_COVERED_RAW_POINTS,0,5,1.8320608676765283e-10,2,0,0,4,3,0,3.6010789389524014,NO_RAW_BREAK_CROSSING,S_POINTS2,UNIFORM,ALL_FILTERED,a148d5f7653a643aa916819fa6a78c9f4b38db956c11926b97e8ae06700c014d
9296,67,6,0.08955223880597014,,True,False,False,0,0,61,67,6,0.9104477611940298,,0.7305808451583269,0.3371848114514649,0.32443050670710205,0.7305808451583269,0.7305808451583269,0.7305808451583269,,67,0,True,3,0,0,67,0,0,3.6010789389524014,,2.187400015724421,,RAW_WINDOWS_DT30_DISTANCE400_V1,67,67,0,1.0,,67,0.7305808451583269,0.3371848114514649,0.7305808451583269,,0,5,1.8320608676765283e-10,2,0,0,0,3,3,3.6010789389524014,NO_RAW_BREAK_CROSSING,S_LENGTH0,UNIFORM,PROCESSED,4bf883be3544a4f323f814f6a8ba9229e494732b6bd55ed9a2653f3fe346c055
9296,67,0,0.0,,False,True,True,67,0,0,0,0,,EMPTY_DP_REFERENCE_DENOMINATOR,,,,,,,EMPTY_DP_REFERENCE,0,0,True,3,3,0,0,0,0,3.6010789389524014,,,EMPTY_OUTPUT,RAW_WINDOWS_DT30_DISTANCE400_V1,67,0,67,0.0,,0,,,,NO_COVERED_RAW_POINTS,0,5,1.8320608676765283e-10,2,0,0,4,3,0,3.6010789389524014,NO_RAW_BREAK_CROSSING,D60,UNIFORM,ALL_FILTERED,9988df6383ae99bf59f2eef5f8f9645ef2951ecee7490211531fdd0146b35924
9296,67,0,0.0,,False,True,True,67,0,0,0,0,,EMPTY_DP_REFERENCE_DENOMINATOR,,,,,,,EMPTY_DP_REFERENCE,0,0,True,3,3,0,0,0,0,3.6010789389524014,,,EMPTY_OUTPUT,RAW_WINDOWS_DT30_DISTANCE400_V1,67,0,67,0.0,,0,,,,NO_COVERED_RAW_POINTS,0,5,1.8320608676765283e-10,2,0,0,4,3,0,3.6010789389524014,NO_RAW_BREAK_CROSSING,P2,UNIFORM,ALL_FILTERED,f4b1b3ca0e59756c71cb6b2fc86175ca1e5cba19cd934cc6468e8c60a0b1972d
9296,67,0,0.0,,False,True,True,67,0,0,0,0,,EMPTY_DP_REFERENCE_DENOMINATOR,,,,,,,EMPTY_DP_REFERENCE,0,0,True,3,3,0,0,0,0,3.6010789389524014,,,EMPTY_OUTPUT,RAW_WINDOWS_DT30_DISTANCE400_V1,67,0,67,0.0,,0,,,,NO_COVERED_RAW_POINTS,0,5,1.8320608676765283e-10,2,0,0,4,3,0,3.6010789389524014,NO_RAW_BREAK_CROSSING,P10,UNIFORM,ALL_FILTERED,1e53f0719377bc9604020f30275cfa2f16479dbcbd10d2a26c6393ab378fb7f6
9242,100,0,0.0,,False,True,True,100,0,0,0,0,,EMPTY_DP_REFERENCE_DENOMINATOR,,,,,,,EMPTY_DP_REFERENCE,0,0,True,1,1,0,0,0,0,10.534213846589443,,,EMPTY_OUTPUT,RAW_WINDOWS_DT30_DISTANCE400_V1,100,0,100,0.0,,0,,,,NO_COVERED_RAW_POINTS,0,5,1.9518778050665705e-10,0,0,0,0,1,0,10.534213846589443,NO_RAW_BREAK_CROSSING,R0,UNIFORM,ALL_FILTERED,3d69b52950d5923fc67d6ff5255b6a143efe57aa294970649ee8ea6d0bdd437c
9242,100,2,0.02,,True,False,False,0,0,98,100,2,0.98,,1.533085128432763,0.5995606938706305,0.46732416122122333,1.131994916158734,1.533085128432763,1.533085128432763,,100,0,True,1,0,0,100,0,0,10.534213846589443,,7.330007415086468,,RAW_WINDOWS_DT30_DISTANCE400_V1,100,100,0,1.0,,100,1.533085128432763,0.5995606938706305,1.533085128432763,,0,5,1.9518778050665705e-10,0,0,0,0,1,1,10.534213846589443,NO_RAW_BREAK_CROSSING,S0,UNIFORM,PROCESSED,282a27c6ddc13490e00de256400fe47f5c86377e21acbd03fa8aa67409552215
9242,100,0,0.0,,False,True,True,100,0,0,0,0,,EMPTY_DP_REFERENCE_DENOMINATOR,,,,,,,EMPTY_DP_REFERENCE,0,0,True,1,1,0,0,0,0,10.534213846589443,,,EMPTY_OUTPUT,RAW_WINDOWS_DT30_DISTANCE400_V1,100,0,100,0.0,,0,,,,NO_COVERED_RAW_POINTS,0,5,1.9518778050665705e-10,0,0,0,0,1,0,10.534213846589443,NO_RAW_BREAK_CROSSING,S_POINTS2,UNIFORM,ALL_FILTERED,6f1fd9bdedb88ecbb0b91542ed8e5a67b7ed8b9c5dacb48db685609ce8e97e81
9242,100,2,0.02,,True,False,False,0,0,98,100,2,0.98,,1.533085128432763,0.5995606938706305,0.46732416122122333,1.131994916158734,1.533085128432763,1.533085128432763,,100,0,True,1,0,0,100,0,0,10.534213846589443,,7.330007415086468,,RAW_WINDOWS_DT30_DISTANCE400_V1,100,100,0,1.0,,100,1.533085128432763,0.5995606938706305,1.533085128432763,,0,5,1.9518778050665705e-10,0,0,0,0,1,1,10.534213846589443,NO_RAW_BREAK_CROSSING,S_LENGTH0,UNIFORM,PROCESSED,897fcca623f2e59ef3ccf9f1249057d5cbae9325b9e2f88e63aab047991996cc
9242,100,0,0.0,,False,True,True,100,0,0,0,0,,EMPTY_DP_REFERENCE_DENOMINATOR,,,,,,,EMPTY_DP_REFERENCE,0,0,True,1,1,0,0,0,0,10.534213846589443,,,EMPTY_OUTPUT,RAW_WINDOWS_DT30_DISTANCE400_V1,100,0,100,0.0,,0,,,,NO_COVERED_RAW_POINTS,0,5,1.9518778050665705e-10,0,0,0,0,1,0,10.534213846589443,NO_RAW_BREAK_CROSSING,D60,UNIFORM,ALL_FILTERED,658a74e8069ea3a0bed6ffa53b273963f5771df11d34690f7bf2455ae4e0f195
9242,100,0,0.0,,False,True,True,100,0,0,0,0,,EMPTY_DP_REFERENCE_DENOMINATOR,,,,,,,EMPTY_DP_REFERENCE,0,0,True,1,1,0,0,0,0,10.534213846589443,,,EMPTY_OUTPUT,RAW_WINDOWS_DT30_DISTANCE400_V1,100,0,100,0.0,,0,,,,NO_COVERED_RAW_POINTS,0,5,1.9518778050665705e-10,0,0,0,0,1,0,10.534213846589443,NO_RAW_BREAK_CROSSING,P2,UNIFORM,ALL_FILTERED,b6e66326dafe438ec0ff187aa66b1941dc2556f9a737a22d24c08dd540e54ce5
9242,100,0,0.0,,False,True,True,100,0,0,0,0,,EMPTY_DP_REFERENCE_DENOMINATOR,,,,,,,EMPTY_DP_REFERENCE,0,0,True,1,1,0,0,0,0,10.534213846589443,,,EMPTY_OUTPUT,RAW_WINDOWS_DT30_DISTANCE400_V1,100,0,100,0.0,,0,,,,NO_COVERED_RAW_POINTS,0,5,1.9518778050665705e-10,0,0,0,0,1,0,10.534213846589443,NO_RAW_BREAK_CROSSING,P10,UNIFORM,ALL_FILTERED,cbc5957947e2b4800d8c2ca8ccc2ee296b4b97fece3b1a67bf4ace2c54db9329
7616,104,0,0.0,,False,True,True,104,0,0,0,0,,EMPTY_DP_REFERENCE_DENOMINATOR,,,,,,,EMPTY_DP_REFERENCE,0,0,True,10,10,0,0,0,0,8.529275897959032,,,EMPTY_OUTPUT,RAW_WINDOWS_DT30_DISTANCE400_V1,104,0,104,0.0,,0,,,,NO_COVERED_RAW_POINTS,0,5,8.139415909471776e-11,9,0,0,17,10,0,6.896678567466588,NO_RAW_BREAK_CROSSING,R0,UNIFORM,ALL_FILTERED,1e11e9951ca265e4685e63a39949c18f39af07e342f13978b895eabf8ee2aa3a
7616,104,18,0.17307692307692307,,True,False,False,1,4,81,99,18,0.8181818181818181,,0.6131831169616533,0.11392110618179492,0.0,0.6131831169616533,0.6131831169616533,0.6131831169616533,,99,0,True,10,1,4,99,0,0,8.529275897959032,,3.601753040022529,,RAW_WINDOWS_DT30_DISTANCE400_V1,104,103,1,0.9903846153846154,,103,0.6131831169616533,0.11098529412995624,0.6131831169616533,,0,5,8.139415909471776e-11,9,0,0,1,10,9,6.896678567466588,NO_RAW_BREAK_CROSSING,S0,UNIFORM,PROCESSED,105f092ec72ad4607439872d139208b013bc333876d0b559350dc5831abe74bc
7616,104,0,0.0,,False,True,True,104,0,0,0,0,,EMPTY_DP_REFERENCE_DENOMINATOR,,,,,,,EMPTY_DP_REFERENCE,0,0,True,10,10,0,0,0,0,8.529275897959032,,,EMPTY_OUTPUT,RAW_WINDOWS_DT30_DISTANCE400_V1,104,0,104,0.0,,0,,,,NO_COVERED_RAW_POINTS,0,5,8.139415909471776e-11,9,0,0,17,10,0,6.896678567466588,NO_RAW_BREAK_CROSSING,S_POINTS2,UNIFORM,ALL_FILTERED,02a50b60490775a40185dcbc40e2a73cdb6c65e49f3e888d11f9b3f8efcbbf05
7616,104,14,0.1346153846153846,,True,False,False,7,4,79,93,14,0.8494623655913979,,0.6131831169616533,0.12127085496771717,0.0,0.6131831169616533,0.6131831169616533,0.6131831169616533,,93,0,True,10,3,4,93,0,0,8.529275897959032,,3.601753040022529,,RAW_WINDOWS_DT30_DISTANCE400_V1,104,97,7,0.9326923076923077,,97,0.6131831169616533,0.11785036386995353,0.6131831169616533,,0,5,8.139415909471776e-11,9,0,0,5,10,7,6.896678567466588,NO_RAW_BREAK_CROSSING,S_LENGTH0,UNIFORM,PROCESSED,080647009384ea729fba17abe9fcd3412dff2655aeae826dde5d358a4a73e23c
7616,104,0,0.0,,False,True,True,104,0,0,0,0,,EMPTY_DP_REFERENCE_DENOMINATOR,,,,,,,EMPTY_DP_REFERENCE,0,0,True,10,10,0,0,0,0,8.529275897959032,,,EMPTY_OUTPUT,RAW_WINDOWS_DT30_DISTANCE400_V1,104,0,104,0.0,,0,,,,NO_COVERED_RAW_POINTS,0,5,8.139415909471776e-11,9,0,0,17,10,0,6.896678567466588,NO_RAW_BREAK_CROSSING,D60,UNIFORM,ALL_FILTERED,044274b4dd2128bbd5204deeee688006afb97507f25e5c7598a4eae7e44a1e47
7616,104,0,0.0,,False,True,True,104,0,0,0,0,,EMPTY_DP_REFERENCE_DENOMINATOR,,,,,,,EMPTY_DP_REFERENCE,0,0,True,10,10,0,0,0,0,8.529275897959032,,,EMPTY_OUTPUT,RAW_WINDOWS_DT30_DISTANCE400_V1,104,0,104,0.0,,0,,,,NO_COVERED_RAW_POINTS,0,5,8.139415909471776e-11,9,0,0,17,10,0,6.896678567466588,NO_RAW_BREAK_CROSSING,P2,UNIFORM,ALL_FILTERED,9cf124946845a2f79879dac6c097557056f1300b82f6db97c23c6bbb9582859d
7616,104,0,0.0,,False,True,True,104,0,0,0,0,,EMPTY_DP_REFERENCE_DENOMINATOR,,,,,,,EMPTY_DP_REFERENCE,0,0,True,10,10,0,0,0,0,8.529275897959032,,,EMPTY_OUTPUT,RAW_WINDOWS_DT30_DISTANCE400_V1,104,0,104,0.0,,0,,,,NO_COVERED_RAW_POINTS,0,5,8.139415909471776e-11,9,0,0,17,10,0,6.896678567466588,NO_RAW_BREAK_CROSSING,P10,UNIFORM,ALL_FILTERED,742898836b2323c5ecf334987c9c6468c536a0f1b6bb384f4ba6c24057f0cc38
8152,100,0,0.0,,False,True,True,100,0,0,0,0,,EMPTY_DP_REFERENCE_DENOMINATOR,,,,,,,EMPTY_DP_REFERENCE,0,0,True,2,2,0,0,0,0,3.2432432299984693,,,EMPTY_OUTPUT,RAW_WINDOWS_DT30_DISTANCE400_V1,100,0,100,0.0,,0,,,,NO_COVERED_RAW_POINTS,0,5,1.1239360138781376e-10,1,0,0,2,2,0,3.2432432299984693,NO_RAW_BREAK_CROSSING,R0,UNIFORM,ALL_FILTERED,397a4a043dbda8a7558e889a46fd9745fbdda09d3b0196df113d3d12eb2dc3a6
8152,100,4,0.04,,True,False,False,0,0,96,100,4,0.96,,0.523962244371873,0.23801673418249453,0.27916024273730405,0.4195992589479118,0.523962244371873,0.523962244371873,,100,0,True,2,0,0,100,0,0,3.2432432299984693,,2.8025254974037073,,RAW_WINDOWS_DT30_DISTANCE400_V1,100,100,0,1.0,,100,0.523962244371873,0.23801673418249453,0.523962244371873,,0,5,1.1239360138781376e-10,1,0,0,0,2,2,3.2432432299984693,NO_RAW_BREAK_CROSSING,S0,UNIFORM,PROCESSED,3b912dedd04df67c3fe978f05162a8d4d4ee17251a0437acb9c7737ded1cfe3f
8152,100,0,0.0,,False,True,True,100,0,0,0,0,,EMPTY_DP_REFERENCE_DENOMINATOR,,,,,,,EMPTY_DP_REFERENCE,0,0,True,2,2,0,0,0,0,3.2432432299984693,,,EMPTY_OUTPUT,RAW_WINDOWS_DT30_DISTANCE400_V1,100,0,100,0.0,,0,,,,NO_COVERED_RAW_POINTS,0,5,1.1239360138781376e-10,1,0,0,2,2,0,3.2432432299984693,NO_RAW_BREAK_CROSSING,S_POINTS2,UNIFORM,ALL_FILTERED,f6f9c4547f07efec8033b3cdd0556275afefef215373c7b7d92d064ac0185ff8
8152,100,4,0.04,,True,False,False,0,0,96,100,4,0.96,,0.523962244371873,0.23801673418249453,0.27916024273730405,0.4195992589479118,0.523962244371873,0.523962244371873,,100,0,True,2,0,0,100,0,0,3.2432432299984693,,2.8025254974037073,,RAW_WINDOWS_DT30_DISTANCE400_V1,100,100,0,1.0,,100,0.523962244371873,0.23801673418249453,0.523962244371873,,0,5,1.1239360138781376e-10,1,0,0,0,2,2,3.2432432299984693,NO_RAW_BREAK_CROSSING,S_LENGTH0,UNIFORM,PROCESSED,3e7e6da28faf3fddb0a58864bccae02bba841cf006ae1aad2fd6cb19573f55cd
8152,100,0,0.0,,False,True,True,100,0,0,0,0,,EMPTY_DP_REFERENCE_DENOMINATOR,,,,,,,EMPTY_DP_REFERENCE,0,0,True,2,2,0,0,0,0,3.2432432299984693,,,EMPTY_OUTPUT,RAW_WINDOWS_DT30_DISTANCE400_V1,100,0,100,0.0,,0,,,,NO_COVERED_RAW_POINTS,0,5,1.1239360138781376e-10,1,0,0,2,2,0,3.2432432299984693,NO_RAW_BREAK_CROSSING,D60,UNIFORM,ALL_FILTERED,6af84fd0f60465199529354193f385a85b94a4751473c2f77bdb923e9758e2d6
8152,100,0,0.0,,False,True,True,100,0,0,0,0,,EMPTY_DP_REFERENCE_DENOMINATOR,,,,,,,EMPTY_DP_REFERENCE,0,0,True,2,2,0,0,0,0,3.2432432299984693,,,EMPTY_OUTPUT,RAW_WINDOWS_DT30_DISTANCE400_V1,100,0,100,0.0,,0,,,,NO_COVERED_RAW_POINTS,0,5,1.1239360138781376e-10,1,0,0,2,2,0,3.2432432299984693,NO_RAW_BREAK_CROSSING,P2,UNIFORM,ALL_FILTERED,05cf5b05e9260ad9b349854da18bae20a3e31e876e639addf1d59dc98eb73ce8
8152,100,0,0.0,,False,True,True,100,0,0,0,0,,EMPTY_DP_REFERENCE_DENOMINATOR,,,,,,,EMPTY_DP_REFERENCE,0,0,True,2,2,0,0,0,0,3.2432432299984693,,,EMPTY_OUTPUT,RAW_WINDOWS_DT30_DISTANCE400_V1,100,0,100,0.0,,0,,,,NO_COVERED_RAW_POINTS,0,5,1.1239360138781376e-10,1,0,0,2,2,0,3.2432432299984693,NO_RAW_BREAK_CROSSING,P10,UNIFORM,ALL_FILTERED,37912ecd0c6077fedf0d51ae371dcf1a23e9f68854c8e68c18888a1dd62a664b
9467,105,29,0.2761904761904762,,True,False,False,0,10,66,95,29,0.6947368421052631,,4.85586226874292,1.1529039590567394,0.7790641955635504,3.0198548758734067,3.982738996217192,4.531443692490828,,95,0,True,1,0,10,3,0,0,4271.937117560286,,4228.241651224122,,RAW_WINDOWS_DT30_DISTANCE400_V1,105,105,0,1.0,,105,5.196009018422919,1.2682245788300146,4.190326844293893,,1,5,2.590275092555328e-10,0,0,0,0,1,1,4271.937117560286,NO_RAW_BREAK_CROSSING,R0,UNIFORM,PROCESSED,af28585ec9d7d5cb6adc969d3078df67c84a1576be4d07bb5717b38ca6a8fd25
9467,105,29,0.2761904761904762,,True,False,False,0,10,66,95,29,0.6947368421052631,,4.85586226874292,1.1529039590567394,0.7790641955635504,3.0198548758734067,3.982738996217192,4.531443692490828,,95,0,True,1,0,10,3,0,0,4271.937117560286,,4228.241651224122,,RAW_WINDOWS_DT30_DISTANCE400_V1,105,105,0,1.0,,105,5.196009018422919,1.2682245788300146,4.190326844293893,,1,5,2.590275092555328e-10,0,0,0,0,1,1,4271.937117560286,NO_RAW_BREAK_CROSSING,S0,UNIFORM,PROCESSED,42e971bc06c3ffb150b03b588b1ce6d50f80229887ab9f949e3cc07cb57cda41
9467,105,29,0.2761904761904762,,True,False,False,0,10,66,95,29,0.6947368421052631,,4.85586226874292,1.1529039590567394,0.7790641955635504,3.0198548758734067,3.982738996217192,4.531443692490828,,95,0,True,1,0,10,3,0,0,4271.937117560286,,4228.241651224122,,RAW_WINDOWS_DT30_DISTANCE400_V1,105,105,0,1.0,,105,5.196009018422919,1.2682245788300146,4.190326844293893,,1,5,2.590275092555328e-10,0,0,0,0,1,1,4271.937117560286,NO_RAW_BREAK_CROSSING,S_POINTS2,UNIFORM,PROCESSED,1372cfed6614e5ba087b4baf09bbf7946ab830670d3688ea0ed7736088fe5f9c
9467,105,29,0.2761904761904762,,True,False,False,0,10,66,95,29,0.6947368421052631,,4.85586226874292,1.1529039590567394,0.7790641955635504,3.0198548758734067,3.982738996217192,4.531443692490828,,95,0,True,1,0,10,3,0,0,4271.937117560286,,4228.241651224122,,RAW_WINDOWS_DT30_DISTANCE400_V1,105,105,0,1.0,,105,5.196009018422919,1.2682245788300146,4.190326844293893,,1,5,2.590275092555328e-10,0,0,0,0,1,1,4271.937117560286,NO_RAW_BREAK_CROSSING,S_LENGTH0,UNIFORM,PROCESSED,6668fc27e47c38be1de032cff9e8bacdb402456b3087cc471c908b8fd99180a2
9467,105,29,0.2761904761904762,,True,False,False,0,6,70,99,29,0.7070707070707071,,4.85586226874292,1.3128224984175216,0.8002719966352133,3.5414744313554145,4.212207075007021,4.686665599324743,,99,0,True,1,0,6,3,0,0,4271.937117560286,,4232.823972133235,,RAW_WINDOWS_DT30_DISTANCE400_V1,105,105,0,1.0,,105,4.85586226874292,1.3396810908007268,4.211161702529393,,0,5,2.590275092555328e-10,0,0,0,0,1,1,4271.937117560286,NO_RAW_BREAK_CROSSING,D60,UNIFORM,PROCESSED,e21f3bb789e0ededbe2ce692bc86a6ea5647104f15840ea61e563b3eac91500e
9467,105,46,0.4380952380952381,,True,False,False,0,10,49,95,46,0.5157894736842106,,1.9679696675879006,0.3705575984934197,0.015316868546235644,1.4557874751948798,1.5811321337543707,1.9178067839268609,,95,0,True,1,0,10,3,0,0,4271.937117560286,,4242.696576622282,,RAW_WINDOWS_DT30_DISTANCE400_V1,105,105,0,1.0,,105,5.196009018422919,0.5208060055267344,1.9572967136174664,,1,5,2.590275092555328e-10,0,0,0,0,1,1,4271.937117560286,NO_RAW_BREAK_CROSSING,P2,UNIFORM,PROCESSED,ffa73360e37882ae5ded59c4320949798dd5962b6d0a13a86bc5700d3c4ac64a
9467,105,21,0.2,,True,False,False,0,10,74,95,21,0.7789473684210526,,8.962792354508148,2.6650831162149093,2.032313634891701,6.69944388653064,8.157549293404124,8.850441936250338,,95,0,True,1,0,10,3,0,0,4271.937117560286,,4208.561360509838,,RAW_WINDOWS_DT30_DISTANCE400_V1,105,105,0,1.0,,105,11.454534410677297,3.019495925932163,8.760392524680498,,25,5,2.590275092555328e-10,0,0,0,0,1,1,4271.937117560286,NO_RAW_BREAK_CROSSING,P10,UNIFORM,PROCESSED,b604adf6c9300b94b34862bd9bb1db15a79e2bcfcbf3b5132cc500365865186b
10887,99,6,0.06060606060606061,,True,False,False,0,16,77,83,6,0.927710843373494,,4.410232527245828,1.5302024323912813,1.1735773689881153,3.4183638072720335,3.654251106466576,4.33867372978683,,83,0,True,1,0,16,3,0,0,89.64703040687763,,41.218778140432285,,RAW_WINDOWS_DT30_DISTANCE400_V1,99,99,0,1.0,,99,4.410232527245828,1.5967165168458666,3.78618251351359,,0,5,1.6265839381365128e-10,0,0,0,0,1,1,89.64703040687763,NO_RAW_BREAK_CROSSING,R0,UNIFORM,PROCESSED,7609dcf48b78fc9bf5851e99c38966dc70f9a5e75ab72df7884556f749778d62
10887,99,6,0.06060606060606061,,True,False,False,0,16,77,83,6,0.927710843373494,,4.410232527245828,1.5302024323912813,1.1735773689881153,3.4183638072720335,3.654251106466576,4.33867372978683,,83,0,True,1,0,16,3,0,0,89.64703040687763,,41.218778140432285,,RAW_WINDOWS_DT30_DISTANCE400_V1,99,99,0,1.0,,99,4.410232527245828,1.5967165168458666,3.78618251351359,,0,5,1.6265839381365128e-10,0,0,0,0,1,1,89.64703040687763,NO_RAW_BREAK_CROSSING,S0,UNIFORM,PROCESSED,3c178b146153f32d056741f8883ec0331253ad223011ebdcc8f6d28d93e6e8cf
10887,99,6,0.06060606060606061,,True,False,False,0,16,77,83,6,0.927710843373494,,4.410232527245828,1.5302024323912813,1.1735773689881153,3.4183638072720335,3.654251106466576,4.33867372978683,,83,0,True,1,0,16,3,0,0,89.64703040687763,,41.218778140432285,,RAW_WINDOWS_DT30_DISTANCE400_V1,99,99,0,1.0,,99,4.410232527245828,1.5967165168458666,3.78618251351359,,0,5,1.6265839381365128e-10,0,0,0,0,1,1,89.64703040687763,NO_RAW_BREAK_CROSSING,S_POINTS2,UNIFORM,PROCESSED,291c04a2795670bb7c394b1ef55f7226748373e0d0d41d27f9566c5ac2b29c3c
10887,99,6,0.06060606060606061,,True,False,False,0,16,77,83,6,0.927710843373494,,4.410232527245828,1.5302024323912813,1.1735773689881153,3.4183638072720335,3.654251106466576,4.33867372978683,,83,0,True,1,0,16,3,0,0,89.64703040687763,,41.218778140432285,,RAW_WINDOWS_DT30_DISTANCE400_V1,99,99,0,1.0,,99,4.410232527245828,1.5967165168458666,3.78618251351359,,0,5,1.6265839381365128e-10,0,0,0,0,1,1,89.64703040687763,NO_RAW_BREAK_CROSSING,S_LENGTH0,UNIFORM,PROCESSED,cdfa0df23d20413d81e9e3c71e2a956c47a0789ba437722747c0e6366a2b9c66
10887,99,6,0.06060606060606061,,True,False,False,0,5,88,94,6,0.9361702127659575,,4.410232527245828,1.5953342911392527,1.3619202753270416,3.5234922880474424,3.8530905720663142,4.329074378908183,,94,0,True,1,0,5,3,0,0,89.64703040687763,,41.218778140432285,,RAW_WINDOWS_DT30_DISTANCE400_V1,99,99,0,1.0,,99,4.410232527245828,1.5967165168458666,3.78618251351359,,0,5,1.6265839381365128e-10,0,0,0,0,1,1,89.64703040687763,NO_RAW_BREAK_CROSSING,D60,UNIFORM,PROCESSED,55a64422e8a33e7aa02f3ede97c9438468a05ff10c1bd4d4af778d4d6746fe56
10887,99,14,0.1414141414141414,,True,False,False,0,16,69,83,14,0.8313253012048193,,1.94409111725183,0.24845479430484307,0.18969180821412432,0.4694721682501615,0.6162933944907372,1.093352091250199,,83,0,True,1,0,16,3,0,0,89.64703040687763,,77.01236139936695,,RAW_WINDOWS_DT30_DISTANCE400_V1,99,99,0,1.0,,99,1.94409111725183,0.29885029766597865,0.9200388406634328,,0,5,1.6265839381365128e-10,0,0,0,0,1,1,89.64703040687763,NO_RAW_BREAK_CROSSING,P2,UNIFORM,PROCESSED,1d6f76940aaa80e13014015f8f68e732790eb48f2f7caf1080b0b15a25ed9e30
10887,99,2,0.020202020202020204,,True,False,False,0,16,81,83,2,0.9759036144578314,,7.5349447127137426,2.5501926325019033,2.2195178120740695,5.259776118322136,5.895432976261579,6.9988224749773424,,83,0,True,1,0,16,3,0,0,89.64703040687763,,0.5624915034581807,,RAW_WINDOWS_DT30_DISTANCE400_V1,99,99,0,1.0,,99,7.5349447127137426,2.548049783150758,5.924563596964423,,12,5,1.6265839381365128e-10,0,0,0,0,1,1,89.64703040687763,NO_RAW_BREAK_CROSSING,P10,UNIFORM,PROCESSED,c4fd59033ca702968852b2e0113f71b44272fc29c412645833442652cf1766c3
4357,101,19,0.18811881188118812,,True,False,False,0,6,76,95,19,0.8,,4.672498492832109,0.9271500673823295,0.43869308527636636,2.249310739096207,2.943444185610526,3.847291739808048,,95,0,True,1,0,6,3,0,0,2446.4701511406247,,2433.4514439403483,,RAW_WINDOWS_DT30_DISTANCE400_V1,101,101,0,1.0,,101,4.672498492832109,0.9575462013490975,3.003810777738473,,0,5,1.3551459089865766e-10,0,0,0,0,1,1,2446.4701511406247,NO_RAW_BREAK_CROSSING,R0,UNIFORM,PROCESSED,a3745919e3c21fc3298c0ddccad5b4707f109c73f113928d849d2a2f5ccc66a0
4357,101,19,0.18811881188118812,,True,False,False,0,6,76,95,19,0.8,,4.672498492832109,0.9271500673823295,0.43869308527636636,2.249310739096207,2.943444185610526,3.847291739808048,,95,0,True,1,0,6,3,0,0,2446.4701511406247,,2433.4514439403483,,RAW_WINDOWS_DT30_DISTANCE400_V1,101,101,0,1.0,,101,4.672498492832109,0.9575462013490975,3.003810777738473,,0,5,1.3551459089865766e-10,0,0,0,0,1,1,2446.4701511406247,NO_RAW_BREAK_CROSSING,S0,UNIFORM,PROCESSED,f333f11e2aa399293c38f4b2adb2ab4709a198724bc985b2932262eb9e6e268c
4357,101,19,0.18811881188118812,,True,False,False,0,6,76,95,19,0.8,,4.672498492832109,0.9271500673823295,0.43869308527636636,2.249310739096207,2.943444185610526,3.847291739808048,,95,0,True,1,0,6,3,0,0,2446.4701511406247,,2433.4514439403483,,RAW_WINDOWS_DT30_DISTANCE400_V1,101,101,0,1.0,,101,4.672498492832109,0.9575462013490975,3.003810777738473,,0,5,1.3551459089865766e-10,0,0,0,0,1,1,2446.4701511406247,NO_RAW_BREAK_CROSSING,S_POINTS2,UNIFORM,PROCESSED,42750d8623012c2ae6779ad2db01c05f019cf307698cf84b70451b45b6ae2795
4357,101,19,0.18811881188118812,,True,False,False,0,6,76,95,19,0.8,,4.672498492832109,0.9271500673823295,0.43869308527636636,2.249310739096207,2.943444185610526,3.847291739808048,,95,0,True,1,0,6,3,0,0,2446.4701511406247,,2433.4514439403483,,RAW_WINDOWS_DT30_DISTANCE400_V1,101,101,0,1.0,,101,4.672498492832109,0.9575462013490975,3.003810777738473,,0,5,1.3551459089865766e-10,0,0,0,0,1,1,2446.4701511406247,NO_RAW_BREAK_CROSSING,S_LENGTH0,UNIFORM,PROCESSED,035bb9a05b3e8c9872fab549f489bd1f67ec8d65b4bc5cf27748e4b29085aac1
4357,101,19,0.18811881188118812,,True,False,False,0,1,81,100,19,0.81,,4.672498492832109,0.9559335929555663,0.5043697683390133,2.3985686041609435,3.0119600318749478,3.8033977635833662,,100,0,True,1,0,1,3,0,0,2446.4701511406247,,2433.7088552176724,,RAW_WINDOWS_DT30_DISTANCE400_V1,101,101,0,1.0,,101,4.672498492832109,0.9610771249612629,3.0077958257424338,,0,5,1.3551459089865766e-10,0,0,0,0,1,1,2446.4701511406247,NO_RAW_BREAK_CROSSING,D60,UNIFORM,PROCESSED,e25586d8f8e4c0694b169b237af8b66929b0417260e092a737dcd694542166cc
4357,101,26,0.25742574257425743,,True,False,False,0,6,69,95,26,0.7263157894736842,,1.8175013215284186,0.44637809639071124,0.2647807487699549,1.5083211099797273,1.6395420920287351,1.7864583508305258,,95,0,True,1,0,6,3,0,0,2446.4701511406247,,2439.5659209805717,,RAW_WINDOWS_DT30_DISTANCE400_V1,101,101,0,1.0,,101,3.003810777738473,0.4717279750864101,1.6728198773487608,,0,5,1.3551459089865766e-10,0,0,0,0,1,1,2446.4701511406247,NO_RAW_BREAK_CROSSING,P2,UNIFORM,PROCESSED,6de81c7348294306ca2129411a640173b5be92b31ad1231338802c8e51413b44
4357,101,13,0.12871287128712872,,True,False,False,0,6,82,95,13,0.8631578947368421,,8.066560740778012,2.462487547694798,2.06270216028947,5.784999661055991,6.1207617253185695,7.856335691579985,,95,0,True,1,0,6,3,0,0,2446.4701511406247,,2419.112055126564,,RAW_WINDOWS_DT30_DISTANCE400_V1,101,101,0,1.0,,101,8.066560740778012,2.4749155961139784,6.066252732700816,,21,5,1.3551459089865766e-10,0,0,0,0,1,1,2446.4701511406247,NO_RAW_BREAK_CROSSING,P10,UNIFORM,PROCESSED,6c3d39e5066f77151594b9be005bb80c9852f3d7aab6a13f32ead91b88bb575f
7270,20,12,0.6,,True,False,False,0,1,7,19,12,0.368421052631579,,4.887359667427899,1.1520420792598687,0.0,3.8657919343803187,4.2930870748264525,4.76850514890761,,19,0,True,1,0,1,3,0,0,1787.4001711982078,,1770.654266959332,,RAW_WINDOWS_DT30_DISTANCE400_V1,20,20,0,1.0,,20,7.566242275074739,1.4727520890506123,5.021303797810242,,1,5,2.827584343165715e-10,0,0,0,0,1,1,1787.4001711982078,NO_RAW_BREAK_CROSSING,R0,UNIFORM,PROCESSED,09c1c213b83262c3fbf081c0918181b566cbb652c4ff5efdc8b921c4d36c7eec
7270,20,12,0.6,,True,False,False,0,1,7,19,12,0.368421052631579,,4.887359667427899,1.1520420792598687,0.0,3.8657919343803187,4.2930870748264525,4.76850514890761,,19,0,True,1,0,1,3,0,0,1787.4001711982078,,1770.654266959332,,RAW_WINDOWS_DT30_DISTANCE400_V1,20,20,0,1.0,,20,7.566242275074739,1.4727520890506123,5.021303797810242,,1,5,2.827584343165715e-10,0,0,0,0,1,1,1787.4001711982078,NO_RAW_BREAK_CROSSING,S0,UNIFORM,PROCESSED,61e8dcf5b4209b1d14f10de7e839326d3303a189a017ab739ee7e6d71bd4150a
7270,20,12,0.6,,True,False,False,0,1,7,19,12,0.368421052631579,,4.887359667427899,1.1520420792598687,0.0,3.8657919343803187,4.2930870748264525,4.76850514890761,,19,0,True,1,0,1,3,0,0,1787.4001711982078,,1770.654266959332,,RAW_WINDOWS_DT30_DISTANCE400_V1,20,20,0,1.0,,20,7.566242275074739,1.4727520890506123,5.021303797810242,,1,5,2.827584343165715e-10,0,0,0,0,1,1,1787.4001711982078,NO_RAW_BREAK_CROSSING,S_POINTS2,UNIFORM,PROCESSED,196ddda63c20259524c65bad05979a8326224febc1f87acd33dea4920527be72
7270,20,12,0.6,,True,False,False,0,1,7,19,12,0.368421052631579,,4.887359667427899,1.1520420792598687,0.0,3.8657919343803187,4.2930870748264525,4.76850514890761,,19,0,True,1,0,1,3,0,0,1787.4001711982078,,1770.654266959332,,RAW_WINDOWS_DT30_DISTANCE400_V1,20,20,0,1.0,,20,7.566242275074739,1.4727520890506123,5.021303797810242,,1,5,2.827584343165715e-10,0,0,0,0,1,1,1787.4001711982078,NO_RAW_BREAK_CROSSING,S_LENGTH0,UNIFORM,PROCESSED,0ceb9701eeabfa06838c2b876a93494a16825c6da1e0cb2452431b87e0c8ba83
7270,20,12,0.6,,True,False,False,0,1,7,19,12,0.368421052631579,,4.887359667427899,1.1520420792598687,0.0,3.8657919343803187,4.2930870748264525,4.76850514890761,,19,0,True,1,0,1,3,0,0,1787.4001711982078,,1770.654266959332,,RAW_WINDOWS_DT30_DISTANCE400_V1,20,20,0,1.0,,20,7.566242275074739,1.4727520890506123,5.021303797810242,,1,5,2.827584343165715e-10,0,0,0,0,1,1,1787.4001711982078,NO_RAW_BREAK_CROSSING,D60,UNIFORM,PROCESSED,c49e099c35651df591674a7594859dd4de662ddce019b3a81cfc8c2c1a9bd018
7270,20,17,0.85,,True,False,False,0,1,2,19,17,0.10526315789473684,,1.110960060651434,0.10554799301033375,0.0,0.17889036130898084,0.9161026319555595,1.0719885749122593,,19,0,True,1,0,1,3,0,0,1787.4001711982078,,1772.208559453919,,RAW_WINDOWS_DT30_DISTANCE400_V1,20,20,0,1.0,,20,7.566242275074739,0.47858270711355405,1.4337241713726039,,1,5,2.827584343165715e-10,0,0,0,0,1,1,1787.4001711982078,NO_RAW_BREAK_CROSSING,P2,UNIFORM,PROCESSED,ec4031913db28d2ef003ae967921e8985d9676b61a7bde6a5ae46b3bff2e4703
7270,20,10,0.5,,True,False,False,0,1,9,19,10,0.4736842105263158,,7.641660198994763,1.9382750377235716,0.0,5.156748082059757,6.375037586427948,7.3883356764814,,19,0,True,1,0,1,3,0,0,1787.4001711982078,,1768.9862279185431,,RAW_WINDOWS_DT30_DISTANCE400_V1,20,20,0,1.0,,20,7.641660198994763,2.2196733995911297,7.57001317127074,,3,5,2.827584343165715e-10,0,0,0,0,1,1,1787.4001711982078,NO_RAW_BREAK_CROSSING,P10,UNIFORM,PROCESSED,11433a4df3aa6a2a92de0f3f79980c0d002fc6a4e8e64e3740f53a43efa0c547
10677,100,5,0.05,,True,False,False,0,4,91,96,5,0.9479166666666666,,4.72943040136683,1.5878766052217756,1.1893866674881886,3.531969943947801,3.931799636177504,4.524200600005103,,96,0,True,1,0,4,3,0,0,189.5629722419162,,133.97690891626866,,RAW_WINDOWS_DT30_DISTANCE400_V1,100,100,0,1.0,,100,4.72943040136683,1.561337687817645,3.863738237818066,,0,5,1.548556273904515e-10,0,0,0,0,1,1,189.5629722419162,NO_RAW_BREAK_CROSSING,R0,UNIFORM,PROCESSED,c6d7829a8bc6a81061ec99e15efd2171e66c64013e697e2068fe027e159a2e2e
10677,100,5,0.05,,True,False,False,0,4,91,96,5,0.9479166666666666,,4.72943040136683,1.5878766052217756,1.1893866674881886,3.531969943947801,3.931799636177504,4.524200600005103,,96,0,True,1,0,4,3,0,0,189.5629722419162,,133.97690891626866,,RAW_WINDOWS_DT30_DISTANCE400_V1,100,100,0,1.0,,100,4.72943040136683,1.561337687817645,3.863738237818066,,0,5,1.548556273904515e-10,0,0,0,0,1,1,189.5629722419162,NO_RAW_BREAK_CROSSING,S0,UNIFORM,PROCESSED,e16d5432838066eab9b93892b9ba950bdaab141fef62320ae20c3be5dad130a4
10677,100,5,0.05,,True,False,False,0,4,91,96,5,0.9479166666666666,,4.72943040136683,1.5878766052217756,1.1893866674881886,3.531969943947801,3.931799636177504,4.524200600005103,,96,0,True,1,0,4,3,0,0,189.5629722419162,,133.97690891626866,,RAW_WINDOWS_DT30_DISTANCE400_V1,100,100,0,1.0,,100,4.72943040136683,1.561337687817645,3.863738237818066,,0,5,1.548556273904515e-10,0,0,0,0,1,1,189.5629722419162,NO_RAW_BREAK_CROSSING,S_POINTS2,UNIFORM,PROCESSED,2affe66c6d6fe6e5c9128543fe617756c7ff272c1fcdd9aa765c18a44fc25163
10677,100,5,0.05,,True,False,False,0,4,91,96,5,0.9479166666666666,,4.72943040136683,1.5878766052217756,1.1893866674881886,3.531969943947801,3.931799636177504,4.524200600005103,,96,0,True,1,0,4,3,0,0,189.5629722419162,,133.97690891626866,,RAW_WINDOWS_DT30_DISTANCE400_V1,100,100,0,1.0,,100,4.72943040136683,1.561337687817645,3.863738237818066,,0,5,1.548556273904515e-10,0,0,0,0,1,1,189.5629722419162,NO_RAW_BREAK_CROSSING,S_LENGTH0,UNIFORM,PROCESSED,f36aa56c57e41cfdea05dadc58af2c37a968b633e96e9d5f4474b7bae6b2939f
10677,100,5,0.05,,True,False,False,0,1,94,99,5,0.9494949494949495,,4.72943040136683,1.5755485819525736,1.149832122270311,3.5277896071341392,3.8807535874079244,4.517719658909469,,99,0,True,1,0,1,3,0,0,189.5629722419162,,133.97690891626866,,RAW_WINDOWS_DT30_DISTANCE400_V1,100,100,0,1.0,,100,4.72943040136683,1.561337687817645,3.863738237818066,,0,5,1.548556273904515e-10,0,0,0,0,1,1,189.5629722419162,NO_RAW_BREAK_CROSSING,D60,UNIFORM,PROCESSED,db3ab3ebaaa71a70181d7acbc3aae542f93bf2e17c6058781ad3e328ec87aa84
10677,100,16,0.16,,True,False,False,0,4,80,96,16,0.8333333333333334,,1.289856828754837,0.34907135842391274,0.21733757716937488,0.9308749733944801,1.0595623581183962,1.2374870561901512,,96,0,True,1,0,4,3,0,0,189.5629722419162,,175.34257903827273,,RAW_WINDOWS_DT30_DISTANCE400_V1,100,100,0,1.0,,100,1.4550863970988819,0.3713265553858507,1.1462380928456555,,0,5,1.548556273904515e-10,0,0,0,0,1,1,189.5629722419162,NO_RAW_BREAK_CROSSING,P2,UNIFORM,PROCESSED,82f53d625cfb1a6a390d52a2bf4b5e0d386794ff32b96e2072557643b9c15bd1
10677,100,5,0.05,,True,False,False,0,4,91,96,5,0.9479166666666666,,4.72943040136683,1.5878766052217756,1.1893866674881886,3.531969943947801,3.931799636177504,4.524200600005103,,96,0,True,1,0,4,3,0,0,189.5629722419162,,133.97690891626866,,RAW_WINDOWS_DT30_DISTANCE400_V1,100,100,0,1.0,,100,4.72943040136683,1.561337687817645,3.863738237818066,,0,5,1.548556273904515e-10,0,0,0,0,1,1,189.5629722419162,NO_RAW_BREAK_CROSSING,P10,UNIFORM,PROCESSED,437cdb3412d0b766d9adbff77116ec21a353dc078b75cb087ba3637ef96e9618
827,98,14,0.14285714285714285,,True,False,False,0,28,56,70,14,0.8,,4.881524196406085,1.3401451987664594,0.8407927641919286,3.4360079732769586,3.706509207124865,4.556202132254952,,70,0,True,1,0,28,3,0,0,367.2116755733769,,235.38903118809125,,RAW_WINDOWS_DT30_DISTANCE400_V1,98,98,0,1.0,,98,7.412828644002152,1.6679692401032307,4.4307793328105705,,3,5,5.638411300433605e-10,0,0,0,0,1,1,367.2116755733769,NO_RAW_BREAK_CROSSING,R0,UNIFORM,PROCESSED,87b757adb6ea0eb0a56a7a9c14ddf9651af089ea9c3ed9ab9a20c19ba01fdd0e
827,98,14,0.14285714285714285,,True,False,False,0,28,56,70,14,0.8,,4.881524196406085,1.3401451987664594,0.8407927641919286,3.4360079732769586,3.706509207124865,4.556202132254952,,70,0,True,1,0,28,3,0,0,367.2116755733769,,235.38903118809125,,RAW_WINDOWS_DT30_DISTANCE400_V1,98,98,0,1.0,,98,7.412828644002152,1.6679692401032307,4.4307793328105705,,3,5,5.638411300433605e-10,0,0,0,0,1,1,367.2116755733769,NO_RAW_BREAK_CROSSING,S0,UNIFORM,PROCESSED,3190eb52745afabda6f0d175aa6b8b594e36caee515e624e481c456b0ce96e78
827,98,14,0.14285714285714285,,True,False,False,0,28,56,70,14,0.8,,4.881524196406085,1.3401451987664594,0.8407927641919286,3.4360079732769586,3.706509207124865,4.556202132254952,,70,0,True,1,0,28,3,0,0,367.2116755733769,,235.38903118809125,,RAW_WINDOWS_DT30_DISTANCE400_V1,98,98,0,1.0,,98,7.412828644002152,1.6679692401032307,4.4307793328105705,,3,5,5.638411300433605e-10,0,0,0,0,1,1,367.2116755733769,NO_RAW_BREAK_CROSSING,S_POINTS2,UNIFORM,PROCESSED,0ed7987f00d4f75fbcb0d9177101fc362820712ba19b4cfc96b33c630640edeb
827,98,14,0.14285714285714285,,True,False,False,0,28,56,70,14,0.8,,4.881524196406085,1.3401451987664594,0.8407927641919286,3.4360079732769586,3.706509207124865,4.556202132254952,,70,0,True,1,0,28,3,0,0,367.2116755733769,,235.38903118809125,,RAW_WINDOWS_DT30_DISTANCE400_V1,98,98,0,1.0,,98,7.412828644002152,1.6679692401032307,4.4307793328105705,,3,5,5.638411300433605e-10,0,0,0,0,1,1,367.2116755733769,NO_RAW_BREAK_CROSSING,S_LENGTH0,UNIFORM,PROCESSED,6fc907a2dd3909b8cadfec27bc8f15815a6632c69883ec3eb5cb7312a18367b1
827,98,14,0.14285714285714285,,True,False,False,0,14,70,84,14,0.8333333333333334,,4.881524196406085,1.3746296825943167,0.8407927641919286,3.4259765718906228,3.8074779888194525,4.604936108265744,,84,0,True,1,0,14,3,0,0,367.2116755733769,,236.31926040710843,,RAW_WINDOWS_DT30_DISTANCE400_V1,98,98,0,1.0,,98,7.412828644002152,1.6567858765416714,4.4307793328105705,,3,5,5.638411300433605e-10,0,0,0,0,1,1,367.2116755733769,NO_RAW_BREAK_CROSSING,D60,UNIFORM,PROCESSED,2e478a0dc245f4399b7fc3947db7b3c8428e01086a4bac0148ba321f61ba4abb
827,98,26,0.2653061224489796,,True,False,False,0,28,44,70,26,0.6285714285714286,,1.9733970183417573,0.4657635705439576,0.20689461349620145,1.5097251082638437,1.7293225035638955,1.940507309825612,,70,0,True,1,0,28,3,0,0,367.2116755733769,,296.0528847776148,,RAW_WINDOWS_DT30_DISTANCE400_V1,98,98,0,1.0,,98,7.412828644002152,0.8896634392316978,3.2358200770789427,,2,5,5.638411300433605e-10,0,0,0,0,1,1,367.2116755733769,NO_RAW_BREAK_CROSSING,P2,UNIFORM,PROCESSED,3842ca8185131a1db304fe4f54ab342d83fa6df0b7454210038debba87249007
827,98,8,0.08163265306122448,,True,False,False,0,28,62,70,8,0.8857142857142857,,6.5479536057699095,2.1756768988801443,1.7984895496548603,5.213794916903659,5.699343439280006,6.234588991108871,,70,0,True,1,0,28,3,0,0,367.2116755733769,,192.7598073441012,,RAW_WINDOWS_DT30_DISTANCE400_V1,98,98,0,1.0,,98,7.049544075115953,2.4399062602658343,6.099634543906646,,13,5,5.638411300433605e-10,0,0,0,0,1,1,367.2116755733769,NO_RAW_BREAK_CROSSING,P10,UNIFORM,PROCESSED,fd00c6d5f511275e87a2df15152cab356008f3e9ce55701f6e7d13706be94337
955,100,18,0.18,,True,False,False,0,47,35,53,18,0.6603773584905661,,4.729822599993606,1.1710244411156465,0.8123157681033649,3.104195675937868,3.5920884681723297,4.6132511458792935,,53,0,True,1,0,47,3,0,0,705.6209328263739,,425.61903292397176,,RAW_WINDOWS_DT30_DISTANCE400_V1,100,100,0,1.0,,100,18.192867719720986,3.1132338537218764,12.29247038342854,,20,5,1.826466054312935e-10,0,0,0,0,1,1,705.6209328263739,NO_RAW_BREAK_CROSSING,R0,UNIFORM,PROCESSED,985858adbe79975393361321956ae2e55defc449ba70e77ef359c4408b8d82ef
955,100,18,0.18,,True,False,False,0,47,35,53,18,0.6603773584905661,,4.729822599993606,1.1710244411156465,0.8123157681033649,3.104195675937868,3.5920884681723297,4.6132511458792935,,53,0,True,1,0,47,3,0,0,705.6209328263739,,425.61903292397176,,RAW_WINDOWS_DT30_DISTANCE400_V1,100,100,0,1.0,,100,18.192867719720986,3.1132338537218764,12.29247038342854,,20,5,1.826466054312935e-10,0,0,0,0,1,1,705.6209328263739,NO_RAW_BREAK_CROSSING,S0,UNIFORM,PROCESSED,0d751b3d62d55f34daf815a700f0a2c72f9fac3306f22801e2d7b4421f4a4e1d
955,100,18,0.18,,True,False,False,0,47,35,53,18,0.6603773584905661,,4.729822599993606,1.1710244411156465,0.8123157681033649,3.104195675937868,3.5920884681723297,4.6132511458792935,,53,0,True,1,0,47,3,0,0,705.6209328263739,,425.61903292397176,,RAW_WINDOWS_DT30_DISTANCE400_V1,100,100,0,1.0,,100,18.192867719720986,3.1132338537218764,12.29247038342854,,20,5,1.826466054312935e-10,0,0,0,0,1,1,705.6209328263739,NO_RAW_BREAK_CROSSING,S_POINTS2,UNIFORM,PROCESSED,b775e7c51274149b38c19bc23b6d43c1e04e864d2b6705068762e183c0fd1c44
955,100,18,0.18,,True,False,False,0,47,35,53,18,0.6603773584905661,,4.729822599993606,1.1710244411156465,0.8123157681033649,3.104195675937868,3.5920884681723297,4.6132511458792935,,53,0,True,1,0,47,3,0,0,705.6209328263739,,425.61903292397176,,RAW_WINDOWS_DT30_DISTANCE400_V1,100,100,0,1.0,,100,18.192867719720986,3.1132338537218764,12.29247038342854,,20,5,1.826466054312935e-10,0,0,0,0,1,1,705.6209328263739,NO_RAW_BREAK_CROSSING,S_LENGTH0,UNIFORM,PROCESSED,d2d7f3f227c222ea3239df166664233c054bddcbaee022e2cda8357e04d8bead
955,100,27,0.27,,True,False,False,0,25,48,75,27,0.64,,4.729822599993606,1.044944069782864,0.5621317045284538,2.767907726149554,3.209660542971255,4.563932453754009,,75,0,True,1,0,25,3,0,0,705.6209328263739,,525.9949838047531,,RAW_WINDOWS_DT30_DISTANCE400_V1,100,100,0,1.0,,100,18.192867719720986,1.946363129962418,8.01805007599148,,8,5,1.826466054312935e-10,0,0,0,0,1,1,705.6209328263739,NO_RAW_BREAK_CROSSING,D60,UNIFORM,PROCESSED,15aaabaad68da4243870413a4f1342de136b685ae50edcca145c5d999852b755
955,100,29,0.29,,True,False,False,0,47,24,53,29,0.4528301886792453,,1.9524756791368343,0.424048068871206,0.0,1.391457314277832,1.8038801855922926,1.9130504896099911,,53,0,True,1,0,47,3,0,0,705.6209328263739,,453.0820387338802,,RAW_WINDOWS_DT30_DISTANCE400_V1,100,100,0,1.0,,100,18.192867719720986,2.6208474169539295,10.129192370597014,,17,5,1.826466054312935e-10,0,0,0,0,1,1,705.6209328263739,NO_RAW_BREAK_CROSSING,P2,UNIFORM,PROCESSED,ac062e08352a123a5d23988f9f9633bd0276d0fe196de1435a39ea4ffa10bb35
955,100,11,0.11,,True,False,False,0,47,42,53,11,0.7924528301886793,,7.877867651710431,1.7118148309550314,1.1517337579777287,4.006986918338295,5.873257786300815,7.733984199539472,,53,0,True,1,0,47,3,0,0,705.6209328263739,,342.1744279154954,,RAW_WINDOWS_DT30_DISTANCE400_V1,100,100,0,1.0,,100,18.192867719720986,3.55733818551669,10.005507963308467,,29,5,1.826466054312935e-10,0,0,0,0,1,1,705.6209328263739,NO_RAW_BREAK_CROSSING,P10,UNIFORM,PROCESSED,2ff081ec7cb2cf870e68cb26db31e45eb1375c8cd225f8b3e5239a8aeaf11359
2148,100,8,0.08,,True,False,False,0,21,71,79,8,0.8987341772151899,,4.197072165343453,1.4214582187183498,1.2849743166069647,2.9871520475539746,3.09616911377951,4.041551166968697,,79,0,True,1,0,21,3,0,0,154.40638972740646,,105.18024334873387,,RAW_WINDOWS_DT30_DISTANCE400_V1,100,100,0,1.0,,100,4.197072165343453,1.4442077698809275,3.083941116174583,,0,5,1.657391448735285e-10,0,0,0,0,1,1,154.40638972740646,NO_RAW_BREAK_CROSSING,R0,UNIFORM,PROCESSED,f433dd04e443eef4887f45b9d05b1dabdc60de5bb80fa67b596ed2a6b45eca3a
2148,100,8,0.08,,True,False,False,0,21,71,79,8,0.8987341772151899,,4.197072165343453,1.4214582187183498,1.2849743166069647,2.9871520475539746,3.09616911377951,4.041551166968697,,79,0,True,1,0,21,3,0,0,154.40638972740646,,105.18024334873387,,RAW_WINDOWS_DT30_DISTANCE400_V1,100,100,0,1.0,,100,4.197072165343453,1.4442077698809275,3.083941116174583,,0,5,1.657391448735285e-10,0,0,0,0,1,1,154.40638972740646,NO_RAW_BREAK_CROSSING,S0,UNIFORM,PROCESSED,a2567db83210a38d0b8016224d2b6de4621c0f3d9ea6b55fee5fda1a6d9ce95c
2148,100,8,0.08,,True,False,False,0,21,71,79,8,0.8987341772151899,,4.197072165343453,1.4214582187183498,1.2849743166069647,2.9871520475539746,3.09616911377951,4.041551166968697,,79,0,True,1,0,21,3,0,0,154.40638972740646,,105.18024334873387,,RAW_WINDOWS_DT30_DISTANCE400_V1,100,100,0,1.0,,100,4.197072165343453,1.4442077698809275,3.083941116174583,,0,5,1.657391448735285e-10,0,0,0,0,1,1,154.40638972740646,NO_RAW_BREAK_CROSSING,S_POINTS2,UNIFORM,PROCESSED,0725b96d6c1b3a3ea779870f665020e90abfc9669547e3a564dcf73ca76c2b25
2148,100,8,0.08,,True,False,False,0,21,71,79,8,0.8987341772151899,,4.197072165343453,1.4214582187183498,1.2849743166069647,2.9871520475539746,3.09616911377951,4.041551166968697,,79,0,True,1,0,21,3,0,0,154.40638972740646,,105.18024334873387,,RAW_WINDOWS_DT30_DISTANCE400_V1,100,100,0,1.0,,100,4.197072165343453,1.4442077698809275,3.083941116174583,,0,5,1.657391448735285e-10,0,0,0,0,1,1,154.40638972740646,NO_RAW_BREAK_CROSSING,S_LENGTH0,UNIFORM,PROCESSED,7f582d8601aa0dad34fb2e9f7b51608529d4726224a0d83ef3f492627a58ed5b
2148,100,8,0.08,,True,False,False,0,7,85,93,8,0.9139784946236559,,3.7124280405939123,1.3486319572978775,1.1216732840824952,2.790149357358792,3.169537099409075,3.5160608099725548,,93,0,True,1,0,7,3,0,0,154.40638972740646,,105.56879819325184,,RAW_WINDOWS_DT30_DISTANCE400_V1,100,100,0,1.0,,100,3.7124280405939123,1.3283892463602418,3.083941116174583,,0,5,1.657391448735285e-10,0,0,0,0,1,1,154.40638972740646,NO_RAW_BREAK_CROSSING,D60,UNIFORM,PROCESSED,1451e934eb3b0558dff91f509d0d06f3456bfe5d1b77df829a8245c917d0db98
2148,100,19,0.19,,True,False,False,0,21,60,79,19,0.759493670886076,,1.9692056725139755,0.4795838510234411,0.39384109918002325,1.19806802970659,1.481590463607761,1.8257212231020041,,79,0,True,1,0,21,3,0,0,154.40638972740646,,136.17671049518145,,RAW_WINDOWS_DT30_DISTANCE400_V1,100,100,0,1.0,,100,2.454289595777413,0.5328562327297799,1.5331431895211658,,0,5,1.657391448735285e-10,0,0,0,0,1,1,154.40638972740646,NO_RAW_BREAK_CROSSING,P2,UNIFORM,PROCESSED,924eaf37524a2b2ef31fb20fd5e7806e875b83c5add50957a28ecadd1f55323d
2148,100,6,0.06,,True,False,False,0,21,73,79,6,0.9240506329113924,,6.657936164859557,2.0364668837674507,1.744623405712104,4.122070102695432,5.18962618684029,6.361405051066539,,79,0,True,1,0,21,3,0,0,154.40638972740646,,87.36329741105793,,RAW_WINDOWS_DT30_DISTANCE400_V1,100,100,0,1.0,,100,6.657936164859557,1.9861239404024422,4.987921153200176,,5,5,1.657391448735285e-10,0,0,0,0,1,1,154.40638972740646,NO_RAW_BREAK_CROSSING,P10,UNIFORM,PROCESSED,db2b462e208205818f54de01d9afd21e0494b31f4ba80d071831b5dad12b7fb2
3715,98,10,0.10204081632653061,,True,False,False,0,6,82,92,10,0.8913043478260869,,4.909184655786909,1.2199815830205796,0.9983652417148094,2.847929645078114,3.504436215618271,4.698650802160693,,92,0,True,1,0,6,3,0,0,154.35849249947998,,122.45497636074234,,RAW_WINDOWS_DT30_DISTANCE400_V1,98,98,0,1.0,,98,4.909184655786909,1.3024770202478506,3.7876245716865964,,0,5,3.4369437481477883e-10,0,0,0,0,1,1,154.35849249947998,NO_RAW_BREAK_CROSSING,R0,UNIFORM,PROCESSED,18969e77490763262f1643b366c5d6e4a5bbf5f0c6aa6f8f1c716c95ac350970
3715,98,10,0.10204081632653061,,True,False,False,0,6,82,92,10,0.8913043478260869,,4.909184655786909,1.2199815830205796,0.9983652417148094,2.847929645078114,3.504436215618271,4.698650802160693,,92,0,True,1,0,6,3,0,0,154.35849249947998,,122.45497636074234,,RAW_WINDOWS_DT30_DISTANCE400_V1,98,98,0,1.0,,98,4.909184655786909,1.3024770202478506,3.7876245716865964,,0,5,3.4369437481477883e-10,0,0,0,0,1,1,154.35849249947998,NO_RAW_BREAK_CROSSING,S0,UNIFORM,PROCESSED,fa1b055a52c161adeaf2ece2f5c53a7e3bc21e9ac2c71a252b40c128e975098d
3715,98,10,0.10204081632653061,,True,False,False,0,6,82,92,10,0.8913043478260869,,4.909184655786909,1.2199815830205796,0.9983652417148094,2.847929645078114,3.504436215618271,4.698650802160693,,92,0,True,1,0,6,3,0,0,154.35849249947998,,122.45497636074234,,RAW_WINDOWS_DT30_DISTANCE400_V1,98,98,0,1.0,,98,4.909184655786909,1.3024770202478506,3.7876245716865964,,0,5,3.4369437481477883e-10,0,0,0,0,1,1,154.35849249947998,NO_RAW_BREAK_CROSSING,S_POINTS2,UNIFORM,PROCESSED,c821050f23bb56309f4172de819ad54cf426bfebcf393759ba647db644b07e48
3715,98,10,0.10204081632653061,,True,False,False,0,6,82,92,10,0.8913043478260869,,4.909184655786909,1.2199815830205796,0.9983652417148094,2.847929645078114,3.504436215618271,4.698650802160693,,92,0,True,1,0,6,3,0,0,154.35849249947998,,122.45497636074234,,RAW_WINDOWS_DT30_DISTANCE400_V1,98,98,0,1.0,,98,4.909184655786909,1.3024770202478506,3.7876245716865964,,0,5,3.4369437481477883e-10,0,0,0,0,1,1,154.35849249947998,NO_RAW_BREAK_CROSSING,S_LENGTH0,UNIFORM,PROCESSED,af6bc20832c89d9d87481801e4947047782ec9c30fd266fcd2c7db413c4ed4f7
3715,98,10,0.10204081632653061,,True,False,False,0,2,86,96,10,0.8958333333333334,,4.909184655786909,1.2882207180953165,1.0045948800265374,3.2455057914701975,3.777818778463366,4.6893965668364626,,96,0,True,1,0,2,3,0,0,154.35849249947998,,122.45497636074234,,RAW_WINDOWS_DT30_DISTANCE400_V1,98,98,0,1.0,,98,4.909184655786909,1.3024770202478506,3.7876245716865964,,0,5,3.4369437481477883e-10,0,0,0,0,1,1,154.35849249947998,NO_RAW_BREAK_CROSSING,D60,UNIFORM,PROCESSED,f423e981a66f72fec8cc9e6d43ea85760c88ea29b356857f8ec57ee0b10d37b9
3715,98,18,0.1836734693877551,,True,False,False,0,6,74,92,18,0.8043478260869565,,1.8848459850132602,0.37759007646787035,0.22856610140882339,0.9981454003021002,1.293647135540511,1.818959045031675,,92,0,True,1,0,6,3,0,0,154.35849249947998,,137.48198438878646,,RAW_WINDOWS_DT30_DISTANCE400_V1,98,98,0,1.0,,98,3.453481202858703,0.457175065127525,1.7261070796218225,,0,5,3.4369437481477883e-10,0,0,0,0,1,1,154.35849249947998,NO_RAW_BREAK_CROSSING,P2,UNIFORM,PROCESSED,aacb6316c1a0e59f362d8bd4d487f555e2ef27dc9399e0aa021738f4a7447989
3715,98,4,0.04081632653061224,,True,False,False,0,6,88,92,4,0.9565217391304348,,7.786311526792049,3.158895005570945,2.93047688992449,6.590380288824316,6.762880368628842,7.449056168990692,,92,0,True,1,0,6,3,0,0,154.35849249947998,,60.125057606299464,,RAW_WINDOWS_DT30_DISTANCE400_V1,98,98,0,1.0,,98,7.786311526792049,3.2130497290336244,6.843095514670928,,25,5,3.4369437481477883e-10,0,0,0,0,1,1,154.35849249947998,NO_RAW_BREAK_CROSSING,P10,UNIFORM,PROCESSED,716169e02e1494204998ab9456c3f857ae5e48f9eef32660f7819892901f17cf
9036,100,5,0.05,,True,False,False,0,13,82,87,5,0.9425287356321839,,4.880657491246775,1.566045556763987,1.3682848279131015,3.335533310066189,3.8107562244260897,4.734024855249967,,87,0,True,1,0,13,3,0,0,110.86730181007279,,56.06377623122399,,RAW_WINDOWS_DT30_DISTANCE400_V1,100,100,0,1.0,,100,4.880657491246775,1.4871453126342709,3.7899890928624287,,0,5,2.8543765762023836e-10,0,0,0,0,1,1,110.86730181007279,NO_RAW_BREAK_CROSSING,R0,UNIFORM,PROCESSED,3331bb1219879c7ba2a10a15b7c63020268a4ef55273a4d0b7a151686dd067cf
9036,100,5,0.05,,True,False,False,0,13,82,87,5,0.9425287356321839,,4.880657491246775,1.566045556763987,1.3682848279131015,3.335533310066189,3.8107562244260897,4.734024855249967,,87,0,True,1,0,13,3,0,0,110.86730181007279,,56.06377623122399,,RAW_WINDOWS_DT30_DISTANCE400_V1,100,100,0,1.0,,100,4.880657491246775,1.4871453126342709,3.7899890928624287,,0,5,2.8543765762023836e-10,0,0,0,0,1,1,110.86730181007279,NO_RAW_BREAK_CROSSING,S0,UNIFORM,PROCESSED,80aa411aa59a876c8f068bae380b2c6455f9e7c329132e213fc427bec0bbe175
9036,100,5,0.05,,True,False,False,0,13,82,87,5,0.9425287356321839,,4.880657491246775,1.566045556763987,1.3682848279131015,3.335533310066189,3.8107562244260897,4.734024855249967,,87,0,True,1,0,13,3,0,0,110.86730181007279,,56.06377623122399,,RAW_WINDOWS_DT30_DISTANCE400_V1,100,100,0,1.0,,100,4.880657491246775,1.4871453126342709,3.7899890928624287,,0,5,2.8543765762023836e-10,0,0,0,0,1,1,110.86730181007279,NO_RAW_BREAK_CROSSING,S_POINTS2,UNIFORM,PROCESSED,2311b86b4491e8ee46c13621385d583f866fd11aed209b24bfa195b8d31622e7
9036,100,5,0.05,,True,False,False,0,13,82,87,5,0.9425287356321839,,4.880657491246775,1.566045556763987,1.3682848279131015,3.335533310066189,3.8107562244260897,4.734024855249967,,87,0,True,1,0,13,3,0,0,110.86730181007279,,56.06377623122399,,RAW_WINDOWS_DT30_DISTANCE400_V1,100,100,0,1.0,,100,4.880657491246775,1.4871453126342709,3.7899890928624287,,0,5,2.8543765762023836e-10,0,0,0,0,1,1,110.86730181007279,NO_RAW_BREAK_CROSSING,S_LENGTH0,UNIFORM,PROCESSED,dac002e69d1d762359ac3f074688f61876aa95b5360eea2cd9ebc215805c9095
9036,100,5,0.05,,True,False,False,0,4,91,96,5,0.9479166666666666,,4.880657491246775,1.5056830956103582,1.2442557152909886,3.335533310066189,3.796378979497401,4.7186795793898355,,96,0,True,1,0,4,3,0,0,110.86730181007279,,57.30740985371144,,RAW_WINDOWS_DT30_DISTANCE400_V1,100,100,0,1.0,,100,4.880657491246775,1.4831729523102595,3.7899890928624287,,0,5,2.8543765762023836e-10,0,0,0,0,1,1,110.86730181007279,NO_RAW_BREAK_CROSSING,D60,UNIFORM,PROCESSED,5705bfe597ecc70813e059a091eee0a6e2eb9372ce464a3adf30a7e0c04c7cf0
9036,100,15,0.15,,True,False,False,0,13,72,87,15,0.8275862068965517,,1.8129318286815486,0.45171325740287704,0.36141774656715475,1.09821406637054,1.2666215177316495,1.4970863995821149,,87,0,True,1,0,13,3,0,0,110.86730181007279,,87.42990398741232,,RAW_WINDOWS_DT30_DISTANCE400_V1,100,100,0,1.0,,100,1.8129318286815486,0.4939402562787978,1.4048465802920949,,0,5,2.8543765762023836e-10,0,0,0,0,1,1,110.86730181007279,NO_RAW_BREAK_CROSSING,P2,UNIFORM,PROCESSED,96c9d2c9b5b116bef938c085a648ee3abcca55b3c26be108a03623861cde3d4a
9036,100,2,0.02,,True,False,False,0,13,85,87,2,0.9770114942528736,,6.705840306008977,2.5274313124540977,2.1552419337111774,4.316591596392027,5.981410061366274,6.524221422398866,,87,0,True,1,0,13,3,0,0,110.86730181007279,,14.613942995288484,,RAW_WINDOWS_DT30_DISTANCE400_V1,100,100,0,1.0,,100,6.915929987609698,2.6480129490639785,6.480898808020578,,12,5,2.8543765762023836e-10,0,0,0,0,1,1,110.86730181007279,NO_RAW_BREAK_CROSSING,P10,UNIFORM,PROCESSED,3988b91d77926041a9955e0262eeefc4f8dcc78044f9636ee4626a31c054ba08
3131,100,12,0.12,,True,False,False,0,18,70,82,12,0.8536585365853658,,4.849278129563644,1.3045287813132924,1.0151431614816948,3.2850611713537576,3.9670194087567174,4.592523093907048,,82,0,True,1,0,18,3,0,0,216.94894090603322,,163.14823378998017,,RAW_WINDOWS_DT30_DISTANCE400_V1,100,100,0,1.0,,100,4.849278129563644,1.3285234847517169,3.9888654170875326,,0,5,3.762035328454728e-10,0,0,0,0,1,1,216.94894090603322,NO_RAW_BREAK_CROSSING,R0,UNIFORM,PROCESSED,a2884a72ffca7f9ba6901f52a226b5e37668babcaa8f4122d425b1bae60a34b0
3131,100,12,0.12,,True,False,False,0,18,70,82,12,0.8536585365853658,,4.849278129563644,1.3045287813132924,1.0151431614816948,3.2850611713537576,3.9670194087567174,4.592523093907048,,82,0,True,1,0,18,3,0,0,216.94894090603322,,163.14823378998017,,RAW_WINDOWS_DT30_DISTANCE400_V1,100,100,0,1.0,,100,4.849278129563644,1.3285234847517169,3.9888654170875326,,0,5,3.762035328454728e-10,0,0,0,0,1,1,216.94894090603322,NO_RAW_BREAK_CROSSING,S0,UNIFORM,PROCESSED,13cad9fe88a61bacdee9e95ae58f40935ae91710839811a33c0eea2e7a946b1a
3131,100,12,0.12,,True,False,False,0,18,70,82,12,0.8536585365853658,,4.849278129563644,1.3045287813132924,1.0151431614816948,3.2850611713537576,3.9670194087567174,4.592523093907048,,82,0,True,1,0,18,3,0,0,216.94894090603322,,163.14823378998017,,RAW_WINDOWS_DT30_DISTANCE400_V1,100,100,0,1.0,,100,4.849278129563644,1.3285234847517169,3.9888654170875326,,0,5,3.762035328454728e-10,0,0,0,0,1,1,216.94894090603322,NO_RAW_BREAK_CROSSING,S_POINTS2,UNIFORM,PROCESSED,37aa5769982fe7fe9b499e55bfed12203c4424abd4155a39ace564c766827c33
3131,100,12,0.12,,True,False,False,0,18,70,82,12,0.8536585365853658,,4.849278129563644,1.3045287813132924,1.0151431614816948,3.2850611713537576,3.9670194087567174,4.592523093907048,,82,0,True,1,0,18,3,0,0,216.94894090603322,,163.14823378998017,,RAW_WINDOWS_DT30_DISTANCE400_V1,100,100,0,1.0,,100,4.849278129563644,1.3285234847517169,3.9888654170875326,,0,5,3.762035328454728e-10,0,0,0,0,1,1,216.94894090603322,NO_RAW_BREAK_CROSSING,S_LENGTH0,UNIFORM,PROCESSED,1ffd322a11f079ec5bd83256d0e4f036993e4b82c82dd0c2a2d11ee5a479a411
3131,100,12,0.12,,True,False,False,0,6,82,94,12,0.8723404255319149,,4.849278129563644,1.298702203743699,1.0503668470035734,3.215192118842985,3.715238521635052,4.554485310846811,,94,0,True,1,0,6,3,0,0,216.94894090603322,,163.14823378998017,,RAW_WINDOWS_DT30_DISTANCE400_V1,100,100,0,1.0,,100,4.849278129563644,1.3285234847517169,3.9888654170875326,,0,5,3.762035328454728e-10,0,0,0,0,1,1,216.94894090603322,NO_RAW_BREAK_CROSSING,D60,UNIFORM,PROCESSED,86bbaef4b3b533378dec7ae51828403cb06062528c7c24abc5704940ffd4b5a7
3131,100,20,0.2,,True,False,False,0,18,62,82,20,0.7560975609756098,,1.8822950590975682,0.5558913889206196,0.42237429336631127,1.4731471235461484,1.7081927268450536,1.8138083592802614,,82,0,True,1,0,18,3,0,0,216.94894090603322,,192.10334356624497,,RAW_WINDOWS_DT30_DISTANCE400_V1,100,100,0,1.0,,100,1.8890668334991918,0.6140766534704524,1.7170436730209537,,0,5,3.762035328454728e-10,0,0,0,0,1,1,216.94894090603322,NO_RAW_BREAK_CROSSING,P2,UNIFORM,PROCESSED,53277a58d17644e2432efd079b192ee6a940cc215529694dafdbfe8a1033ecce
3131,100,7,0.07,,True,False,False,0,18,75,82,7,0.9146341463414634,,9.85294491561966,2.7438387219576272,1.498283013274739,7.04768109216445,8.013458151996057,9.757975142183009,,82,0,True,1,0,18,3,0,0,216.94894090603322,,108.30507922723186,,RAW_WINDOWS_DT30_DISTANCE400_V1,100,100,0,1.0,,100,9.85294491561966,2.805985509954969,8.552679029770582,,23,5,3.762035328454728e-10,0,0,0,0,1,1,216.94894090603322,NO_RAW_BREAK_CROSSING,P10,UNIFORM,PROCESSED,65d22382bbe830c93ab67610bdcdc71ce9dcaeb8b60eb4ac6b58b39e2a740210
6871,100,4,0.04,,True,False,False,0,13,83,87,4,0.9540229885057472,,3.9375518351807015,1.50490696070691,1.561688366501516,2.848966046871826,3.0253555739603204,3.6155993286883934,,87,0,True,1,0,13,3,0,0,87.69695264452295,,34.49090888978925,,RAW_WINDOWS_DT30_DISTANCE400_V1,100,100,0,1.0,,100,3.9375518351807015,1.5773804156980435,3.0444849351154657,,0,5,5.952974544216994e-10,0,0,0,0,1,1,87.69695264452295,NO_RAW_BREAK_CROSSING,R0,UNIFORM,PROCESSED,60d8aabd2c2f01c004b5a2cffa7d498bb63cb50163209fc149af8c30e32521ea
6871,100,4,0.04,,True,False,False,0,13,83,87,4,0.9540229885057472,,3.9375518351807015,1.50490696070691,1.561688366501516,2.848966046871826,3.0253555739603204,3.6155993286883934,,87,0,True,1,0,13,3,0,0,87.69695264452295,,34.49090888978925,,RAW_WINDOWS_DT30_DISTANCE400_V1,100,100,0,1.0,,100,3.9375518351807015,1.5773804156980435,3.0444849351154657,,0,5,5.952974544216994e-10,0,0,0,0,1,1,87.69695264452295,NO_RAW_BREAK_CROSSING,S0,UNIFORM,PROCESSED,e502674377767b429ea83f6adc2182d6e5eb4cfaaf239a735ab63546ab4bfe2d
6871,100,4,0.04,,True,False,False,0,13,83,87,4,0.9540229885057472,,3.9375518351807015,1.50490696070691,1.561688366501516,2.848966046871826,3.0253555739603204,3.6155993286883934,,87,0,True,1,0,13,3,0,0,87.69695264452295,,34.49090888978925,,RAW_WINDOWS_DT30_DISTANCE400_V1,100,100,0,1.0,,100,3.9375518351807015,1.5773804156980435,3.0444849351154657,,0,5,5.952974544216994e-10,0,0,0,0,1,1,87.69695264452295,NO_RAW_BREAK_CROSSING,S_POINTS2,UNIFORM,PROCESSED,5a132159b1b6c0e85ac02f4a6ce0ddfbdac12e88b568a949040cc4714483db1f
6871,100,4,0.04,,True,False,False,0,13,83,87,4,0.9540229885057472,,3.9375518351807015,1.50490696070691,1.561688366501516,2.848966046871826,3.0253555739603204,3.6155993286883934,,87,0,True,1,0,13,3,0,0,87.69695264452295,,34.49090888978925,,RAW_WINDOWS_DT30_DISTANCE400_V1,100,100,0,1.0,,100,3.9375518351807015,1.5773804156980435,3.0444849351154657,,0,5,5.952974544216994e-10,0,0,0,0,1,1,87.69695264452295,NO_RAW_BREAK_CROSSING,S_LENGTH0,UNIFORM,PROCESSED,dc4548e4f96665bc0650601763ad2b99e1bde918695deaf2117aee1445582426
6871,100,4,0.04,,True,False,False,0,8,88,92,4,0.9565217391304348,,3.9375518351807015,1.5034776333373976,1.6061816569542888,2.839927616684213,3.02325885659803,3.5968811597062835,,92,0,True,1,0,8,3,0,0,87.69695264452295,,34.49090888978925,,RAW_WINDOWS_DT30_DISTANCE400_V1,100,100,0,1.0,,100,3.9375518351807015,1.5773804156980435,3.0444849351154657,,0,5,5.952974544216994e-10,0,0,0,0,1,1,87.69695264452295,NO_RAW_BREAK_CROSSING,D60,UNIFORM,PROCESSED,e519bc9bca0cbbd4709924ca2dfcc75cfaf89e27d4c944694146f3c907165246
6871,100,9,0.09,,True,False,False,0,13,78,87,9,0.896551724137931,,1.2601864123632947,0.40776284069624347,0.3574853193867654,0.9978902320399237,1.0908618577177291,1.2494845563012116,,87,0,True,1,0,13,3,0,0,87.69695264452295,,59.84061967429381,,RAW_WINDOWS_DT30_DISTANCE400_V1,100,100,0,1.0,,100,1.2601864123632947,0.39443969408504165,1.0709091991300974,,0,5,5.952974544216994e-10,0,0,0,0,1,1,87.69695264452295,NO_RAW_BREAK_CROSSING,P2,UNIFORM,PROCESSED,0c6b22c884f59b2723a1e9337bec51761282b8feecf5be00ac4a89be83bd69a9
6871,100,2,0.02,,True,False,False,0,13,85,87,2,0.9770114942528736,,6.637440843701847,2.0119208586327666,1.8089417872420666,3.8678527695172544,4.819229831691397,6.46605169840082,,87,0,True,1,0,13,3,0,0,87.69695264452295,,11.697346542307242,,RAW_WINDOWS_DT30_DISTANCE400_V1,100,100,0,1.0,,100,6.637440843701847,1.9427694171197734,4.797139618237697,,4,5,5.952974544216994e-10,0,0,0,0,1,1,87.69695264452295,NO_RAW_BREAK_CROSSING,P10,UNIFORM,PROCESSED,2cabda8d3a807c2cf1d464cd07d3767c8890304d963bb036eb5cabb4837127e5
11351,100,0,0.0,,False,True,True,100,0,0,0,0,,EMPTY_DP_REFERENCE_DENOMINATOR,,,,,,,EMPTY_DP_REFERENCE,0,0,True,1,1,0,0,0,0,43.4092801743976,,,EMPTY_OUTPUT,RAW_WINDOWS_DT30_DISTANCE400_V1,100,0,100,0.0,,0,,,,NO_COVERED_RAW_POINTS,0,5,2.0975358143525755e-10,0,0,0,0,1,0,43.4092801743976,NO_RAW_BREAK_CROSSING,R0,UNIFORM,ALL_FILTERED,61f1a75244884e57ef1648c2e954a8385afc6d33471c5b897de649cb35fe61aa
11351,100,3,0.03,,True,False,False,0,0,97,100,3,0.97,,4.139204214969426,2.0343597517331475,1.0249313568812728,4.02076388208427,4.139204214969426,4.139204214969426,,100,0,True,1,0,0,99,0,0,43.4092801743976,,19.56264696936675,,RAW_WINDOWS_DT30_DISTANCE400_V1,100,100,0,1.0,,100,4.139204214969426,2.0343597517331475,4.139204214969426,,0,5,2.0975358143525755e-10,0,0,0,0,1,1,43.4092801743976,NO_RAW_BREAK_CROSSING,S0,UNIFORM,PROCESSED,9409a71a2a17794f5eed4635376a0c6400a84ed5da31edb3f60e1fdeee9d81c2
11351,100,0,0.0,,False,True,True,100,0,0,0,0,,EMPTY_DP_REFERENCE_DENOMINATOR,,,,,,,EMPTY_DP_REFERENCE,0,0,True,1,1,0,0,0,0,43.4092801743976,,,EMPTY_OUTPUT,RAW_WINDOWS_DT30_DISTANCE400_V1,100,0,100,0.0,,0,,,,NO_COVERED_RAW_POINTS,0,5,2.0975358143525755e-10,0,0,0,0,1,0,43.4092801743976,NO_RAW_BREAK_CROSSING,S_POINTS2,UNIFORM,ALL_FILTERED,01c971ff61ba7086d131c850aae30a28d66222a8448416a4669e791d5732e161
11351,100,3,0.03,,True,False,False,0,0,97,100,3,0.97,,4.139204214969426,2.0343597517331475,1.0249313568812728,4.02076388208427,4.139204214969426,4.139204214969426,,100,0,True,1,0,0,99,0,0,43.4092801743976,,19.56264696936675,,RAW_WINDOWS_DT30_DISTANCE400_V1,100,100,0,1.0,,100,4.139204214969426,2.0343597517331475,4.139204214969426,,0,5,2.0975358143525755e-10,0,0,0,0,1,1,43.4092801743976,NO_RAW_BREAK_CROSSING,S_LENGTH0,UNIFORM,PROCESSED,ce5dfa69500d61388e897c9eabbb1615aec651fd3efdd1214c1a3744b4799564
11351,100,0,0.0,,False,True,True,100,0,0,0,0,,EMPTY_DP_REFERENCE_DENOMINATOR,,,,,,,EMPTY_DP_REFERENCE,0,0,True,1,1,0,0,0,0,43.4092801743976,,,EMPTY_OUTPUT,RAW_WINDOWS_DT30_DISTANCE400_V1,100,0,100,0.0,,0,,,,NO_COVERED_RAW_POINTS,0,5,2.0975358143525755e-10,0,0,0,0,1,0,43.4092801743976,NO_RAW_BREAK_CROSSING,D60,UNIFORM,ALL_FILTERED,13857a33b4d8c834c1638bd862dc71e5e06d289633dceeb9998cf777eb74a152
11351,100,0,0.0,,False,True,True,100,0,0,0,0,,EMPTY_DP_REFERENCE_DENOMINATOR,,,,,,,EMPTY_DP_REFERENCE,0,0,True,1,1,0,0,0,0,43.4092801743976,,,EMPTY_OUTPUT,RAW_WINDOWS_DT30_DISTANCE400_V1,100,0,100,0.0,,0,,,,NO_COVERED_RAW_POINTS,0,5,2.0975358143525755e-10,0,0,0,0,1,0,43.4092801743976,NO_RAW_BREAK_CROSSING,P2,UNIFORM,ALL_FILTERED,3c8307465ecbb1025fe8e85e7b2eefc7995d0e86f963613d832cd01456aa2f53
11351,100,0,0.0,,False,True,True,100,0,0,0,0,,EMPTY_DP_REFERENCE_DENOMINATOR,,,,,,,EMPTY_DP_REFERENCE,0,0,True,1,1,0,0,0,0,43.4092801743976,,,EMPTY_OUTPUT,RAW_WINDOWS_DT30_DISTANCE400_V1,100,0,100,0.0,,0,,,,NO_COVERED_RAW_POINTS,0,5,2.0975358143525755e-10,0,0,0,0,1,0,43.4092801743976,NO_RAW_BREAK_CROSSING,P10,UNIFORM,ALL_FILTERED,e616d48c21c6499c3276f80b7a7ed33f1c69808d118e7b6fdc7296eadfe84d06
7033,102,7,0.06862745098039216,,True,False,False,0,0,95,102,7,0.9313725490196079,,2.455900163598016,1.3505106080510594,1.6236817405166908,2.446641721739026,2.455900163598016,2.455900163598016,,102,0,True,1,0,0,93,0,0,1825.4905042838784,,1819.4236544243586,,RAW_WINDOWS_DT30_DISTANCE400_V1,102,102,0,1.0,,102,2.455900163598016,1.3505106080510594,2.455900163598016,,0,5,2.905189011851022e-10,0,0,0,0,1,1,1825.4905042838784,NO_RAW_BREAK_CROSSING,R0,UNIFORM,PROCESSED,dd051cef15cae6ae8d28d3272211bd6b044bf273cc6220e023146bb9ad6a9587
7033,102,7,0.06862745098039216,,True,False,False,0,0,95,102,7,0.9313725490196079,,2.455900163598016,1.3505106080510594,1.6236817405166908,2.446641721739026,2.455900163598016,2.455900163598016,,102,0,True,1,0,0,93,0,0,1825.4905042838784,,1819.4236544243586,,RAW_WINDOWS_DT30_DISTANCE400_V1,102,102,0,1.0,,102,2.455900163598016,1.3505106080510594,2.455900163598016,,0,5,2.905189011851022e-10,0,0,0,0,1,1,1825.4905042838784,NO_RAW_BREAK_CROSSING,S0,UNIFORM,PROCESSED,2c785af48397aefb8b75bc8928bd40df976b03bfdb97ff51a1c48fc073d58bda
7033,102,7,0.06862745098039216,,True,False,False,0,0,95,102,7,0.9313725490196079,,2.455900163598016,1.3505106080510594,1.6236817405166908,2.446641721739026,2.455900163598016,2.455900163598016,,102,0,True,1,0,0,93,0,0,1825.4905042838784,,1819.4236544243586,,RAW_WINDOWS_DT30_DISTANCE400_V1,102,102,0,1.0,,102,2.455900163598016,1.3505106080510594,2.455900163598016,,0,5,2.905189011851022e-10,0,0,0,0,1,1,1825.4905042838784,NO_RAW_BREAK_CROSSING,S_POINTS2,UNIFORM,PROCESSED,5dced7ef782fafb2c1f5f40e3bf2aea48756a330b1773e7b5df4d7a8a1e0b77b
7033,102,7,0.06862745098039216,,True,False,False,0,0,95,102,7,0.9313725490196079,,2.455900163598016,1.3505106080510594,1.6236817405166908,2.446641721739026,2.455900163598016,2.455900163598016,,102,0,True,1,0,0,93,0,0,1825.4905042838784,,1819.4236544243586,,RAW_WINDOWS_DT30_DISTANCE400_V1,102,102,0,1.0,,102,2.455900163598016,1.3505106080510594,2.455900163598016,,0,5,2.905189011851022e-10,0,0,0,0,1,1,1825.4905042838784,NO_RAW_BREAK_CROSSING,S_LENGTH0,UNIFORM,PROCESSED,e2e5625ba20dcc33c7566b87a72a0350606a270adcff38c7cda087bf1360af9c
7033,102,7,0.06862745098039216,,True,False,False,0,0,95,102,7,0.9313725490196079,,2.455900163598016,1.3505106080510594,1.6236817405166908,2.446641721739026,2.455900163598016,2.455900163598016,,102,0,True,1,0,0,93,0,0,1825.4905042838784,,1819.4236544243586,,RAW_WINDOWS_DT30_DISTANCE400_V1,102,102,0,1.0,,102,2.455900163598016,1.3505106080510594,2.455900163598016,,0,5,2.905189011851022e-10,0,0,0,0,1,1,1825.4905042838784,NO_RAW_BREAK_CROSSING,D60,UNIFORM,PROCESSED,7ee81c0eabb9270ea70e37ba1455811d475fc6ce15ceed2ed47f7e237810cfdc
7033,102,8,0.0784313725490196,,True,False,False,0,0,94,102,8,0.9215686274509804,,1.0035263274343182,0.20652426135923213,0.12087340830995982,0.6408862304665217,0.6408862304665217,0.8288324839758688,,102,0,True,1,0,0,93,0,0,1825.4905042838784,,1824.2648572964645,,RAW_WINDOWS_DT30_DISTANCE400_V1,102,102,0,1.0,,102,1.0035263274343182,0.20652426135923213,0.6408862304665217,,0,5,2.905189011851022e-10,0,0,0,0,1,1,1825.4905042838784,NO_RAW_BREAK_CROSSING,P2,UNIFORM,PROCESSED,893dca6e7403edfe465837a013f972574b349caebf68945ef3f22dfa54b4757d
7033,102,3,0.029411764705882353,,True,False,False,0,0,99,102,3,0.9705882352941176,,7.9465833891254505,2.151253456190489,2.2256360066125613,4.120821881655529,6.9198207817134385,7.894007620445905,,102,0,True,1,0,0,93,0,0,1825.4905042838784,,1815.8917914306235,,RAW_WINDOWS_DT30_DISTANCE400_V1,102,102,0,1.0,,102,7.9465833891254505,2.151253456190489,6.9198207817134385,,10,5,2.905189011851022e-10,0,0,0,0,1,1,1825.4905042838784,NO_RAW_BREAK_CROSSING,P10,UNIFORM,PROCESSED,19e575ecf3239fe918fb3b92471b8fa2b23d1bb56e376c2241c643b82a49f60f
8418,99,0,0.0,,False,True,True,99,0,0,0,0,,EMPTY_DP_REFERENCE_DENOMINATOR,,,,,,,EMPTY_DP_REFERENCE,0,0,True,1,1,0,0,0,0,26.37046707704948,,,EMPTY_OUTPUT,RAW_WINDOWS_DT30_DISTANCE400_V1,99,0,99,0.0,,0,,,,NO_COVERED_RAW_POINTS,0,5,1.739221610116872e-10,0,0,0,0,1,0,26.37046707704948,NO_RAW_BREAK_CROSSING,R0,UNIFORM,ALL_FILTERED,33d3ecb2c3a050b2e395845bf15150468ccef67cfe70d8c6a21a03f179bf4fef
8418,99,2,0.020202020202020204,,True,False,False,0,0,97,99,2,0.9797979797979798,,4.446212650428874,2.1928973965921283,1.9627858529307605,3.949527893644564,4.295454384950592,4.446212650428874,,99,0,True,1,0,0,99,0,0,26.37046707704948,,18.06086944443526,,RAW_WINDOWS_DT30_DISTANCE400_V1,99,99,0,1.0,,99,4.446212650428874,2.1928973965921283,4.295454384950592,,0,5,1.739221610116872e-10,0,0,0,0,1,1,26.37046707704948,NO_RAW_BREAK_CROSSING,S0,UNIFORM,PROCESSED,4852becccc5f14352aed983dec6abf1e9b072f18ac5813d89e3b7074058c0b6b
8418,99,0,0.0,,False,True,True,99,0,0,0,0,,EMPTY_DP_REFERENCE_DENOMINATOR,,,,,,,EMPTY_DP_REFERENCE,0,0,True,1,1,0,0,0,0,26.37046707704948,,,EMPTY_OUTPUT,RAW_WINDOWS_DT30_DISTANCE400_V1,99,0,99,0.0,,0,,,,NO_COVERED_RAW_POINTS,0,5,1.739221610116872e-10,0,0,0,0,1,0,26.37046707704948,NO_RAW_BREAK_CROSSING,S_POINTS2,UNIFORM,ALL_FILTERED,9ce14dee4501f5dc8e3832361ab50a5cbc06abc63b1e4c4b4c7d2758bffdc200
8418,99,2,0.020202020202020204,,True,False,False,0,0,97,99,2,0.9797979797979798,,4.446212650428874,2.1928973965921283,1.9627858529307605,3.949527893644564,4.295454384950592,4.446212650428874,,99,0,True,1,0,0,99,0,0,26.37046707704948,,18.06086944443526,,RAW_WINDOWS_DT30_DISTANCE400_V1,99,99,0,1.0,,99,4.446212650428874,2.1928973965921283,4.295454384950592,,0,5,1.739221610116872e-10,0,0,0,0,1,1,26.37046707704948,NO_RAW_BREAK_CROSSING,S_LENGTH0,UNIFORM,PROCESSED,7227c2b15113bc09687af727cd4a3039f1772138dba77bd62a75a2797f9a69b6
8418,99,0,0.0,,False,True,True,99,0,0,0,0,,EMPTY_DP_REFERENCE_DENOMINATOR,,,,,,,EMPTY_DP_REFERENCE,0,0,True,1,1,0,0,0,0,26.37046707704948,,,EMPTY_OUTPUT,RAW_WINDOWS_DT30_DISTANCE400_V1,99,0,99,0.0,,0,,,,NO_COVERED_RAW_POINTS,0,5,1.739221610116872e-10,0,0,0,0,1,0,26.37046707704948,NO_RAW_BREAK_CROSSING,D60,UNIFORM,ALL_FILTERED,cd285b1622b3a3b883df1dea8a2ddde6bcf42aceb64127b333ebbc6b6af4e161
8418,99,0,0.0,,False,True,True,99,0,0,0,0,,EMPTY_DP_REFERENCE_DENOMINATOR,,,,,,,EMPTY_DP_REFERENCE,0,0,True,1,1,0,0,0,0,26.37046707704948,,,EMPTY_OUTPUT,RAW_WINDOWS_DT30_DISTANCE400_V1,99,0,99,0.0,,0,,,,NO_COVERED_RAW_POINTS,0,5,1.739221610116872e-10,0,0,0,0,1,0,26.37046707704948,NO_RAW_BREAK_CROSSING,P2,UNIFORM,ALL_FILTERED,6cb5fd81ba1507ae8920c893510ccf5d12694739dddad88c5e6d05971a2a2223
8418,99,0,0.0,,False,True,True,99,0,0,0,0,,EMPTY_DP_REFERENCE_DENOMINATOR,,,,,,,EMPTY_DP_REFERENCE,0,0,True,1,1,0,0,0,0,26.37046707704948,,,EMPTY_OUTPUT,RAW_WINDOWS_DT30_DISTANCE400_V1,99,0,99,0.0,,0,,,,NO_COVERED_RAW_POINTS,0,5,1.739221610116872e-10,0,0,0,0,1,0,26.37046707704948,NO_RAW_BREAK_CROSSING,P10,UNIFORM,ALL_FILTERED,3aeef1b6fc5cfa4e7ecbde68c1a809aafb9bcf2dc122e7647ce7d77ec1b34851
1070,99,0,0.0,,False,True,True,99,0,0,0,0,,EMPTY_DP_REFERENCE_DENOMINATOR,,,,,,,EMPTY_DP_REFERENCE,0,0,True,1,1,0,0,0,0,15.206849569338663,,,EMPTY_OUTPUT,RAW_WINDOWS_DT30_DISTANCE400_V1,99,0,99,0.0,,0,,,,NO_COVERED_RAW_POINTS,0,5,8.197538355776714e-11,0,0,0,0,1,0,15.206849569338663,NO_RAW_BREAK_CROSSING,R0,UNIFORM,ALL_FILTERED,03ec82c69ba172f03c76f5bdb28861530e5d10720bf434ec5971c80fa38db72e
1070,99,2,0.020202020202020204,,True,False,False,0,0,97,99,2,0.9797979797979798,,0.7942218984612391,0.5012599114085139,0.6126861385593875,0.7227425618094722,0.7686935233563715,0.7942218984612391,,99,0,True,1,0,0,99,0,0,15.206849569338663,,11.157050670179348,,RAW_WINDOWS_DT30_DISTANCE400_V1,99,99,0,1.0,,99,0.7942218984612391,0.5012599114085139,0.7686935233563715,,0,5,8.197538355776714e-11,0,0,0,0,1,1,15.206849569338663,NO_RAW_BREAK_CROSSING,S0,UNIFORM,PROCESSED,1c5f8a89575753ca537e5e8726ff13efffe1038424dd463a521e6b26cb088389
1070,99,0,0.0,,False,True,True,99,0,0,0,0,,EMPTY_DP_REFERENCE_DENOMINATOR,,,,,,,EMPTY_DP_REFERENCE,0,0,True,1,1,0,0,0,0,15.206849569338663,,,EMPTY_OUTPUT,RAW_WINDOWS_DT30_DISTANCE400_V1,99,0,99,0.0,,0,,,,NO_COVERED_RAW_POINTS,0,5,8.197538355776714e-11,0,0,0,0,1,0,15.206849569338663,NO_RAW_BREAK_CROSSING,S_POINTS2,UNIFORM,ALL_FILTERED,03d06c2b6c2930010dcd4f0ba99d2bb4a60eff1d27e5945fb50e76e6887c1561
1070,99,2,0.020202020202020204,,True,False,False,0,0,97,99,2,0.9797979797979798,,0.7942218984612391,0.5012599114085139,0.6126861385593875,0.7227425618094722,0.7686935233563715,0.7942218984612391,,99,0,True,1,0,0,99,0,0,15.206849569338663,,11.157050670179348,,RAW_WINDOWS_DT30_DISTANCE400_V1,99,99,0,1.0,,99,0.7942218984612391,0.5012599114085139,0.7686935233563715,,0,5,8.197538355776714e-11,0,0,0,0,1,1,15.206849569338663,NO_RAW_BREAK_CROSSING,S_LENGTH0,UNIFORM,PROCESSED,361224885da8585d56cbcd7c6a5cccfb6d896f8c22528cd796361f0441048335
1070,99,0,0.0,,False,True,True,99,0,0,0,0,,EMPTY_DP_REFERENCE_DENOMINATOR,,,,,,,EMPTY_DP_REFERENCE,0,0,True,1,1,0,0,0,0,15.206849569338663,,,EMPTY_OUTPUT,RAW_WINDOWS_DT30_DISTANCE400_V1,99,0,99,0.0,,0,,,,NO_COVERED_RAW_POINTS,0,5,8.197538355776714e-11,0,0,0,0,1,0,15.206849569338663,NO_RAW_BREAK_CROSSING,D60,UNIFORM,ALL_FILTERED,6de5df8c049af5b048ee76dfb005883cf36e1e8695bc6837fb82702a6b7c46f9
1070,99,0,0.0,,False,True,True,99,0,0,0,0,,EMPTY_DP_REFERENCE_DENOMINATOR,,,,,,,EMPTY_DP_REFERENCE,0,0,True,1,1,0,0,0,0,15.206849569338663,,,EMPTY_OUTPUT,RAW_WINDOWS_DT30_DISTANCE400_V1,99,0,99,0.0,,0,,,,NO_COVERED_RAW_POINTS,0,5,8.197538355776714e-11,0,0,0,0,1,0,15.206849569338663,NO_RAW_BREAK_CROSSING,P2,UNIFORM,ALL_FILTERED,43bce481be49bbbace41a6dc382d77e27af22cc90718379dd0b2606d434fa8c2
1070,99,0,0.0,,False,True,True,99,0,0,0,0,,EMPTY_DP_REFERENCE_DENOMINATOR,,,,,,,EMPTY_DP_REFERENCE,0,0,True,1,1,0,0,0,0,15.206849569338663,,,EMPTY_OUTPUT,RAW_WINDOWS_DT30_DISTANCE400_V1,99,0,99,0.0,,0,,,,NO_COVERED_RAW_POINTS,0,5,8.197538355776714e-11,0,0,0,0,1,0,15.206849569338663,NO_RAW_BREAK_CROSSING,P10,UNIFORM,ALL_FILTERED,5007c452392465c7d77ca70d6ff1f6639834445ec53de755f3a65b8b601fcbe3
33,99,3,0.030303030303030304,,True,False,False,0,12,84,87,3,0.9655172413793104,,3.520663235868612,0.7143140712880788,0.5367270442514154,1.6296252148127135,2.4035497020672008,3.0714851119798157,,87,0,True,1,0,12,9,0,0,118.47768348634355,,34.45983433519689,,RAW_WINDOWS_DT30_DISTANCE400_V1,99,99,0,1.0,,99,3.520663235868612,0.6933396140381852,2.310006115141132,,0,5,5.107247611525407e-10,0,0,0,0,1,1,118.47768348634355,NO_RAW_BREAK_CROSSING,R0,UNIFORM,PROCESSED,af8ab79b1e7ecf9cc442324252cdae9420186e9ed7791e8f1d607365b802088c
33,99,3,0.030303030303030304,,True,False,False,0,12,84,87,3,0.9655172413793104,,3.520663235868612,0.7143140712880788,0.5367270442514154,1.6296252148127135,2.4035497020672008,3.0714851119798157,,87,0,True,1,0,12,9,0,0,118.47768348634355,,34.45983433519689,,RAW_WINDOWS_DT30_DISTANCE400_V1,99,99,0,1.0,,99,3.520663235868612,0.6933396140381852,2.310006115141132,,0,5,5.107247611525407e-10,0,0,0,0,1,1,118.47768348634355,NO_RAW_BREAK_CROSSING,S0,UNIFORM,PROCESSED,beb750ee599166ab964174ddb110c5b41ddd9fbbb15258ce7641e21f90e3675e
33,99,3,0.030303030303030304,,True,False,False,0,12,84,87,3,0.9655172413793104,,3.520663235868612,0.7143140712880788,0.5367270442514154,1.6296252148127135,2.4035497020672008,3.0714851119798157,,87,0,True,1,0,12,9,0,0,118.47768348634355,,34.45983433519689,,RAW_WINDOWS_DT30_DISTANCE400_V1,99,99,0,1.0,,99,3.520663235868612,0.6933396140381852,2.310006115141132,,0,5,5.107247611525407e-10,0,0,0,0,1,1,118.47768348634355,NO_RAW_BREAK_CROSSING,S_POINTS2,UNIFORM,PROCESSED,04c2a559d18c1dbbcdab39dd86401c8e2cca6c2ee0c11ac776c71ff3b7cc19ca
33,99,3,0.030303030303030304,,True,False,False,0,12,84,87,3,0.9655172413793104,,3.520663235868612,0.7143140712880788,0.5367270442514154,1.6296252148127135,2.4035497020672008,3.0714851119798157,,87,0,True,1,0,12,9,0,0,118.47768348634355,,34.45983433519689,,RAW_WINDOWS_DT30_DISTANCE400_V1,99,99,0,1.0,,99,3.520663235868612,0.6933396140381852,2.310006115141132,,0,5,5.107247611525407e-10,0,0,0,0,1,1,118.47768348634355,NO_RAW_BREAK_CROSSING,S_LENGTH0,UNIFORM,PROCESSED,f1e9762a4f1ad599b5d45dec3741351c6935343e19b7b57bde2f3b57e82d2491
33,99,3,0.030303030303030304,,True,False,False,0,9,87,90,3,0.9666666666666667,,3.520663235868612,0.7086714253584063,0.5485162818658718,1.5868927399495933,2.380163805335683,3.0558161076581127,,90,0,True,1,0,9,9,0,0,118.47768348634355,,34.45983433519689,,RAW_WINDOWS_DT30_DISTANCE400_V1,99,99,0,1.0,,99,3.520663235868612,0.6933396140381852,2.310006115141132,,0,5,5.107247611525407e-10,0,0,0,0,1,1,118.47768348634355,NO_RAW_BREAK_CROSSING,D60,UNIFORM,PROCESSED,70ba678c097c72e126cdfc578ed3c8031f9331d5b26b884b936d96d4b34dbaaf
33,99,5,0.050505050505050504,,True,False,False,0,12,82,87,5,0.9425287356321839,,1.8057021167413936,0.5169090252029174,0.3829367798012671,1.3147400087617143,1.5774936344232942,1.7909195651595071,,87,0,True,1,0,12,9,0,0,118.47768348634355,,45.43746309436767,,RAW_WINDOWS_DT30_DISTANCE400_V1,99,99,0,1.0,,99,1.8057021167413936,0.542195722199327,1.5671721593732308,,0,5,5.107247611525407e-10,0,0,0,0,1,1,118.47768348634355,NO_RAW_BREAK_CROSSING,P2,UNIFORM,PROCESSED,199732568b828604bd1c068f17f27466aa0b448624565339befaf98a09546204
33,99,3,0.030303030303030304,,True,False,False,0,12,84,87,3,0.9655172413793104,,3.520663235868612,0.7143140712880788,0.5367270442514154,1.6296252148127135,2.4035497020672008,3.0714851119798157,,87,0,True,1,0,12,9,0,0,118.47768348634355,,34.45983433519689,,RAW_WINDOWS_DT30_DISTANCE400_V1,99,99,0,1.0,,99,3.520663235868612,0.6933396140381852,2.310006115141132,,0,5,5.107247611525407e-10,0,0,0,0,1,1,118.47768348634355,NO_RAW_BREAK_CROSSING,P10,UNIFORM,PROCESSED,07680ebe27a83fac1815d4b6eb8983c419298a6c3a5e05786fb8bb99eafbeb58
2516,101,12,0.1188118811881188,,True,False,False,0,0,89,101,12,0.8811881188118812,,4.342368188691539,1.0408166177747296,0.795910367094066,2.449833573264982,3.0513989447408334,4.07861192216868,,101,0,True,1,0,0,81,0,0,2178.5184993746725,,2169.2107174304974,,RAW_WINDOWS_DT30_DISTANCE400_V1,101,101,0,1.0,,101,4.342368188691539,1.0408166177747296,3.0513989447408334,,0,5,2.583537494085933e-10,0,0,0,0,1,1,2178.5184993746725,NO_RAW_BREAK_CROSSING,R0,UNIFORM,PROCESSED,a6e3caf04b649446f746851c00cad78303222f98955c5d4b216409ef6e741811
2516,101,12,0.1188118811881188,,True,False,False,0,0,89,101,12,0.8811881188118812,,4.342368188691539,1.0408166177747296,0.795910367094066,2.449833573264982,3.0513989447408334,4.07861192216868,,101,0,True,1,0,0,81,0,0,2178.5184993746725,,2169.2107174304974,,RAW_WINDOWS_DT30_DISTANCE400_V1,101,101,0,1.0,,101,4.342368188691539,1.0408166177747296,3.0513989447408334,,0,5,2.583537494085933e-10,0,0,0,0,1,1,2178.5184993746725,NO_RAW_BREAK_CROSSING,S0,UNIFORM,PROCESSED,451ce22fdefff69e72a422f59599430d50980080e0d05b341a4c20557803e3a4
2516,101,12,0.1188118811881188,,True,False,False,0,0,89,101,12,0.8811881188118812,,4.342368188691539,1.0408166177747296,0.795910367094066,2.449833573264982,3.0513989447408334,4.07861192216868,,101,0,True,1,0,0,81,0,0,2178.5184993746725,,2169.2107174304974,,RAW_WINDOWS_DT30_DISTANCE400_V1,101,101,0,1.0,,101,4.342368188691539,1.0408166177747296,3.0513989447408334,,0,5,2.583537494085933e-10,0,0,0,0,1,1,2178.5184993746725,NO_RAW_BREAK_CROSSING,S_POINTS2,UNIFORM,PROCESSED,6e254b8bfc9d8fbd2b5710380ea44d632e77fb626d66f0b73e3799d28dd237a2
2516,101,12,0.1188118811881188,,True,False,False,0,0,89,101,12,0.8811881188118812,,4.342368188691539,1.0408166177747296,0.795910367094066,2.449833573264982,3.0513989447408334,4.07861192216868,,101,0,True,1,0,0,81,0,0,2178.5184993746725,,2169.2107174304974,,RAW_WINDOWS_DT30_DISTANCE400_V1,101,101,0,1.0,,101,4.342368188691539,1.0408166177747296,3.0513989447408334,,0,5,2.583537494085933e-10,0,0,0,0,1,1,2178.5184993746725,NO_RAW_BREAK_CROSSING,S_LENGTH0,UNIFORM,PROCESSED,a370363e4dce96550b2d72ea22bf9209c4202c4e869c59b37a1f596a4c71b9a4
2516,101,12,0.1188118811881188,,True,False,False,0,0,89,101,12,0.8811881188118812,,4.342368188691539,1.0408166177747296,0.795910367094066,2.449833573264982,3.0513989447408334,4.07861192216868,,101,0,True,1,0,0,81,0,0,2178.5184993746725,,2169.2107174304974,,RAW_WINDOWS_DT30_DISTANCE400_V1,101,101,0,1.0,,101,4.342368188691539,1.0408166177747296,3.0513989447408334,,0,5,2.583537494085933e-10,0,0,0,0,1,1,2178.5184993746725,NO_RAW_BREAK_CROSSING,D60,UNIFORM,PROCESSED,004cdec3532f337174e1188bc0b80fef6e88bb57c35d411c44e8ce4a31d3340d
2516,101,17,0.16831683168316833,,True,False,False,0,0,84,101,17,0.8316831683168316,,1.5751021071362377,0.5456034478631334,0.3459751336362056,1.5751021071362377,1.5751021071362377,1.5751021071362377,,101,0,True,1,0,0,81,0,0,2178.5184993746725,,2175.6783220746306,,RAW_WINDOWS_DT30_DISTANCE400_V1,101,101,0,1.0,,101,1.5751021071362377,0.5456034478631334,1.5751021071362377,,0,5,2.583537494085933e-10,0,0,0,0,1,1,2178.5184993746725,NO_RAW_BREAK_CROSSING,P2,UNIFORM,PROCESSED,b638df23734118008dcc15c70daf0c082f190df56240046ee3af8e7f324d5341
2516,101,8,0.07920792079207921,,True,False,False,0,0,93,101,8,0.9207920792079208,,8.885245734565222,1.4080789546886392,0.795910367094066,4.108233680223757,5.629853731225735,7.410944916285985,,101,0,True,1,0,0,81,0,0,2178.5184993746725,,2166.1267302645315,,RAW_WINDOWS_DT30_DISTANCE400_V1,101,101,0,1.0,,101,8.885245734565222,1.4080789546886392,5.629853731225735,,8,5,2.583537494085933e-10,0,0,0,0,1,1,2178.5184993746725,NO_RAW_BREAK_CROSSING,P10,UNIFORM,PROCESSED,323b040c6d6c7ad7bb9e0bfd3c5724a244068197840c7dbf1019dc9d1cb7ff37
5758,100,15,0.15,,True,False,False,0,5,80,95,15,0.8421052631578947,,3.9209180537789496,0.976765578789169,0.21184773527094825,2.8758231286148126,3.470782302192561,3.9209180537789496,,95,0,True,1,0,5,81,0,0,290.84956980999874,,245.49298617138479,,RAW_WINDOWS_DT30_DISTANCE400_V1,100,100,0,1.0,,100,9.252478986741657,1.099021667563194,3.519438601842362,,1,5,4.33325201255399e-11,0,0,0,0,1,1,290.84956980999874,NO_RAW_BREAK_CROSSING,R0,UNIFORM,PROCESSED,a89ca594343b794d9618aaa733ec56cbb76fba528f0caa2bfbea5c02b3132fd1
5758,100,15,0.15,,True,False,False,0,5,80,95,15,0.8421052631578947,,3.9209180537789496,0.976765578789169,0.21184773527094825,2.8758231286148126,3.470782302192561,3.9209180537789496,,95,0,True,1,0,5,81,0,0,290.84956980999874,,245.49298617138479,,RAW_WINDOWS_DT30_DISTANCE400_V1,100,100,0,1.0,,100,9.252478986741657,1.099021667563194,3.519438601842362,,1,5,4.33325201255399e-11,0,0,0,0,1,1,290.84956980999874,NO_RAW_BREAK_CROSSING,S0,UNIFORM,PROCESSED,8e3f4b3f7e09d323762aef832cb41d886e72a42c3d67ec344169e8395a06c870
5758,100,15,0.15,,True,False,False,0,5,80,95,15,0.8421052631578947,,3.9209180537789496,0.976765578789169,0.21184773527094825,2.8758231286148126,3.470782302192561,3.9209180537789496,,95,0,True,1,0,5,81,0,0,290.84956980999874,,245.49298617138479,,RAW_WINDOWS_DT30_DISTANCE400_V1,100,100,0,1.0,,100,9.252478986741657,1.099021667563194,3.519438601842362,,1,5,4.33325201255399e-11,0,0,0,0,1,1,290.84956980999874,NO_RAW_BREAK_CROSSING,S_POINTS2,UNIFORM,PROCESSED,c7edbd627f1f1c0720a7c34c70831944497a196ee976ede5b35f76ce6501adba
5758,100,15,0.15,,True,False,False,0,5,80,95,15,0.8421052631578947,,3.9209180537789496,0.976765578789169,0.21184773527094825,2.8758231286148126,3.470782302192561,3.9209180537789496,,95,0,True,1,0,5,81,0,0,290.84956980999874,,245.49298617138479,,RAW_WINDOWS_DT30_DISTANCE400_V1,100,100,0,1.0,,100,9.252478986741657,1.099021667563194,3.519438601842362,,1,5,4.33325201255399e-11,0,0,0,0,1,1,290.84956980999874,NO_RAW_BREAK_CROSSING,S_LENGTH0,UNIFORM,PROCESSED,27df60e7397a7a46f81dcd27828cb967d3102a809acd5676ef0bedf91f1a2846
5758,100,16,0.16,,True,False,False,0,1,83,99,16,0.8383838383838383,,4.935558794537863,0.8896549274526625,0.0,2.672980185726071,3.2071321108450985,3.547761005696266,,99,0,True,1,0,1,81,0,0,290.84956980999874,,268.548969175582,,RAW_WINDOWS_DT30_DISTANCE400_V1,100,100,0,1.0,,100,4.935558794537863,0.8951400703179361,3.1936433613174575,,0,5,4.33325201255399e-11,0,0,0,0,1,1,290.84956980999874,NO_RAW_BREAK_CROSSING,D60,UNIFORM,PROCESSED,036df37cb71431246635cd8f3a906d4a05a30d9d263d1a2b9919557ba941e0ec
5758,100,24,0.24,,True,False,False,0,5,71,95,24,0.7473684210526316,,1.0356217296319732,0.07065270214010853,0.0,0.31602800126918207,0.3361943251429945,0.9511426821608542,,95,0,True,1,0,5,81,0,0,290.84956980999874,,263.88272496226233,,RAW_WINDOWS_DT30_DISTANCE400_V1,100,100,0,1.0,,100,12.720450624517998,0.25143689377500633,0.9502439688898844,,1,5,4.33325201255399e-11,0,0,0,0,1,1,290.84956980999874,NO_RAW_BREAK_CROSSING,P2,UNIFORM,PROCESSED,7abbe3c4dfd73107ae2c3de6b825719678aac5130e7ecffdad612cbce38e73cf
5758,100,9,0.09,,True,False,False,0,5,86,95,9,0.9052631578947369,,8.46323161844297,2.5299057040104738,2.4147230963969495,5.912480041867347,7.7147546533090985,8.102774790705656,,95,0,True,1,0,5,81,0,0,290.84956980999874,,212.91112509511944,,RAW_WINDOWS_DT30_DISTANCE400_V1,100,100,0,1.0,,100,8.46323161844297,2.6041920109929686,7.7147546533090985,,27,5,4.33325201255399e-11,0,0,0,0,1,1,290.84956980999874,NO_RAW_BREAK_CROSSING,P10,UNIFORM,PROCESSED,f2c9e7d4a0752f41e054ead0e2b158009dd262f3223ff3b6ba36e39d33553c96
2050,100,0,0.0,,False,True,True,100,0,0,0,0,,EMPTY_DP_REFERENCE_DENOMINATOR,,,,,,,EMPTY_DP_REFERENCE,0,0,True,1,1,0,0,0,0,14.895595011913224,,,EMPTY_OUTPUT,RAW_WINDOWS_DT30_DISTANCE400_V1,100,0,100,0.0,,0,,,,NO_COVERED_RAW_POINTS,0,5,3.4280532796389545e-10,0,0,0,0,1,0,14.895595011913224,NO_RAW_BREAK_CROSSING,R0,UNIFORM,ALL_FILTERED,efe21265947a8975387ab2fa4c821893121c6b36a62b7b357093be1d716ebb7a
2050,100,2,0.02,,True,False,False,0,0,98,100,2,0.98,,0.6061770053935334,0.2990232095257282,0.2895384844862162,0.5330078073298855,0.6061770053935334,0.6061770053935334,,100,0,True,1,0,0,100,0,0,14.895595011913224,,14.826182837111423,,RAW_WINDOWS_DT30_DISTANCE400_V1,100,100,0,1.0,,100,0.6061770053935334,0.2990232095257282,0.6061770053935334,,0,5,3.4280532796389545e-10,0,0,0,0,1,1,14.895595011913224,NO_RAW_BREAK_CROSSING,S0,UNIFORM,PROCESSED,7b3e6029991e0e3fe999d267e516097a36d844be45587e3cc64d6e1d4058d5d3
2050,100,0,0.0,,False,True,True,100,0,0,0,0,,EMPTY_DP_REFERENCE_DENOMINATOR,,,,,,,EMPTY_DP_REFERENCE,0,0,True,1,1,0,0,0,0,14.895595011913224,,,EMPTY_OUTPUT,RAW_WINDOWS_DT30_DISTANCE400_V1,100,0,100,0.0,,0,,,,NO_COVERED_RAW_POINTS,0,5,3.4280532796389545e-10,0,0,0,0,1,0,14.895595011913224,NO_RAW_BREAK_CROSSING,S_POINTS2,UNIFORM,ALL_FILTERED,c0ffa6cf1b934b3dd88dc261821bd8754d7130bf530797040f63f8ab3814726b
2050,100,2,0.02,,True,False,False,0,0,98,100,2,0.98,,0.6061770053935334,0.2990232095257282,0.2895384844862162,0.5330078073298855,0.6061770053935334,0.6061770053935334,,100,0,True,1,0,0,100,0,0,14.895595011913224,,14.826182837111423,,RAW_WINDOWS_DT30_DISTANCE400_V1,100,100,0,1.0,,100,0.6061770053935334,0.2990232095257282,0.6061770053935334,,0,5,3.4280532796389545e-10,0,0,0,0,1,1,14.895595011913224,NO_RAW_BREAK_CROSSING,S_LENGTH0,UNIFORM,PROCESSED,8fd835220505bfb22f5b2769af21e91721e781ee9b21028cdb22c477f2e40b66
2050,100,0,0.0,,False,True,True,100,0,0,0,0,,EMPTY_DP_REFERENCE_DENOMINATOR,,,,,,,EMPTY_DP_REFERENCE,0,0,True,1,1,0,0,0,0,14.895595011913224,,,EMPTY_OUTPUT,RAW_WINDOWS_DT30_DISTANCE400_V1,100,0,100,0.0,,0,,,,NO_COVERED_RAW_POINTS,0,5,3.4280532796389545e-10,0,0,0,0,1,0,14.895595011913224,NO_RAW_BREAK_CROSSING,D60,UNIFORM,ALL_FILTERED,78c600234cfa9624d09a0adaf3f6b050629a91cd2a319d03bb40833e47e6a069
2050,100,0,0.0,,False,True,True,100,0,0,0,0,,EMPTY_DP_REFERENCE_DENOMINATOR,,,,,,,EMPTY_DP_REFERENCE,0,0,True,1,1,0,0,0,0,14.895595011913224,,,EMPTY_OUTPUT,RAW_WINDOWS_DT30_DISTANCE400_V1,100,0,100,0.0,,0,,,,NO_COVERED_RAW_POINTS,0,5,3.4280532796389545e-10,0,0,0,0,1,0,14.895595011913224,NO_RAW_BREAK_CROSSING,P2,UNIFORM,ALL_FILTERED,7c6928e9ef39437a38fa95effc314118c9804e0d25d9d7f3777eca2b4b780577
2050,100,0,0.0,,False,True,True,100,0,0,0,0,,EMPTY_DP_REFERENCE_DENOMINATOR,,,,,,,EMPTY_DP_REFERENCE,0,0,True,1,1,0,0,0,0,14.895595011913224,,,EMPTY_OUTPUT,RAW_WINDOWS_DT30_DISTANCE400_V1,100,0,100,0.0,,0,,,,NO_COVERED_RAW_POINTS,0,5,3.4280532796389545e-10,0,0,0,0,1,0,14.895595011913224,NO_RAW_BREAK_CROSSING,P10,UNIFORM,ALL_FILTERED,725d9c7f31bf42bbcf638fa3fe2e025a6e0db651ff36f7d5fdfe5f814936436b
8358,101,9,0.0891089108910891,,True,False,False,0,10,82,91,9,0.9010989010989011,,3.843518114405123,0.9625729867741991,0.8546735619613339,2.0344576702857085,2.4720639356454903,3.8270435835448815,,91,0,True,1,0,10,9,0,0,134.02970898119725,,108.59377721820405,,RAW_WINDOWS_DT30_DISTANCE400_V1,101,101,0,1.0,,101,3.843518114405123,0.9788595035522298,2.5992130512250804,,0,5,2.8088413296197057e-10,0,0,0,0,1,1,134.02970898119725,NO_RAW_BREAK_CROSSING,R0,UNIFORM,PROCESSED,364701ff090fe87ed09b083371e93c0485713adfc0bf3cefcc9df542447f7b13
8358,101,9,0.0891089108910891,,True,False,False,0,10,82,91,9,0.9010989010989011,,3.843518114405123,0.9625729867741991,0.8546735619613339,2.0344576702857085,2.4720639356454903,3.8270435835448815,,91,0,True,1,0,10,9,0,0,134.02970898119725,,108.59377721820405,,RAW_WINDOWS_DT30_DISTANCE400_V1,101,101,0,1.0,,101,3.843518114405123,0.9788595035522298,2.5992130512250804,,0,5,2.8088413296197057e-10,0,0,0,0,1,1,134.02970898119725,NO_RAW_BREAK_CROSSING,S0,UNIFORM,PROCESSED,71892a5a6c9f0373d879c8f59a4c630b61364cab1fe62b8028924da540a10a9b
8358,101,9,0.0891089108910891,,True,False,False,0,10,82,91,9,0.9010989010989011,,3.843518114405123,0.9625729867741991,0.8546735619613339,2.0344576702857085,2.4720639356454903,3.8270435835448815,,91,0,True,1,0,10,9,0,0,134.02970898119725,,108.59377721820405,,RAW_WINDOWS_DT30_DISTANCE400_V1,101,101,0,1.0,,101,3.843518114405123,0.9788595035522298,2.5992130512250804,,0,5,2.8088413296197057e-10,0,0,0,0,1,1,134.02970898119725,NO_RAW_BREAK_CROSSING,S_POINTS2,UNIFORM,PROCESSED,6d871ce7b0f4e68605b3d5f8620bff13a6ffbc7c88a65b7ab13b720a13b3a280
8358,101,9,0.0891089108910891,,True,False,False,0,10,82,91,9,0.9010989010989011,,3.843518114405123,0.9625729867741991,0.8546735619613339,2.0344576702857085,2.4720639356454903,3.8270435835448815,,91,0,True,1,0,10,9,0,0,134.02970898119725,,108.59377721820405,,RAW_WINDOWS_DT30_DISTANCE400_V1,101,101,0,1.0,,101,3.843518114405123,0.9788595035522298,2.5992130512250804,,0,5,2.8088413296197057e-10,0,0,0,0,1,1,134.02970898119725,NO_RAW_BREAK_CROSSING,S_LENGTH0,UNIFORM,PROCESSED,e58e4279dc4c989e5b6fd7a1894b92402bc7bfc60de1f45b6f286953815f10bb
8358,101,9,0.0891089108910891,,True,False,False,0,3,89,98,9,0.9081632653061225,,3.843518114405123,0.9628607206652854,0.8527896493083666,2.041328345122356,2.6881996974108824,3.825762231144641,,98,0,True,1,0,3,9,0,0,134.02970898119725,,110.29041063704237,,RAW_WINDOWS_DT30_DISTANCE400_V1,101,101,0,1.0,,101,3.843518114405123,0.9584497318745899,2.5992130512250804,,0,5,2.8088413296197057e-10,0,0,0,0,1,1,134.02970898119725,NO_RAW_BREAK_CROSSING,D60,UNIFORM,PROCESSED,4eb18d35c13106838c7b9e47a47ec7ca2746d41fc4f29e6e6c0dbff6cdb98598
8358,101,13,0.12871287128712872,,True,False,False,0,10,78,91,13,0.8571428571428572,,1.9389685865461448,0.5082427738610226,0.31686491061645466,1.257031751023949,1.4761737660876242,1.690170928181422,,91,0,True,1,0,10,9,0,0,134.02970898119725,,121.03021407754757,,RAW_WINDOWS_DT30_DISTANCE400_V1,101,101,0,1.0,,101,1.9389685865461448,0.5319717910884202,1.4706547014612619,,0,5,2.8088413296197057e-10,0,0,0,0,1,1,134.02970898119725,NO_RAW_BREAK_CROSSING,P2,UNIFORM,PROCESSED,b2f76b6d4178f1ccc3067244b2e21b5b73450e057250ea26601de90336eb786f
8358,101,6,0.0594059405940594,,True,False,False,0,10,85,91,6,0.9340659340659341,,7.532446251840239,1.80746653021838,1.3094523411603953,4.06651191342471,5.573165612252784,7.532446251840239,,91,0,True,1,0,10,9,0,0,134.02970898119725,,89.78215832070629,,RAW_WINDOWS_DT30_DISTANCE400_V1,101,101,0,1.0,,101,7.532446251840239,1.9347928541654233,6.204328795719435,,9,5,2.8088413296197057e-10,0,0,0,0,1,1,134.02970898119725,NO_RAW_BREAK_CROSSING,P10,UNIFORM,PROCESSED,0987389c6c02c512ed43ac69dfe2bd7671a1ce619928affd3bb294c8614d22e0
8926,101,11,0.10891089108910891,,True,False,False,0,3,87,98,11,0.8877551020408163,,3.7435838818952902,0.26489692484925303,0.15459886337941095,0.33928822056566343,0.5965170708213999,3.467009747688414,,98,0,True,1,0,3,82,0,0,2269.552113336739,,2261.203068025548,,RAW_WINDOWS_DT30_DISTANCE400_V1,101,101,0,1.0,,101,4.409353891655494,0.35288956131905563,1.939106918085442,,0,5,1.6688219681993906e-10,0,0,0,0,1,1,2269.552113336739,NO_RAW_BREAK_CROSSING,R0,UNIFORM,PROCESSED,b8762652675edc92c4575f5c75ce926ce9559cfed9ce427c689cc1464ba021ab
8926,101,11,0.10891089108910891,,True,False,False,0,3,87,98,11,0.8877551020408163,,3.7435838818952902,0.26489692484925303,0.15459886337941095,0.33928822056566343,0.5965170708213999,3.467009747688414,,98,0,True,1,0,3,82,0,0,2269.552113336739,,2261.203068025548,,RAW_WINDOWS_DT30_DISTANCE400_V1,101,101,0,1.0,,101,4.409353891655494,0.35288956131905563,1.939106918085442,,0,5,1.6688219681993906e-10,0,0,0,0,1,1,2269.552113336739,NO_RAW_BREAK_CROSSING,S0,UNIFORM,PROCESSED,406c4a2db4bcd06de70d22843867fc057bc98a5c9bc831c8bec088cb2f3de2b2
8926,101,11,0.10891089108910891,,True,False,False,0,3,87,98,11,0.8877551020408163,,3.7435838818952902,0.26489692484925303,0.15459886337941095,0.33928822056566343,0.5965170708213999,3.467009747688414,,98,0,True,1,0,3,82,0,0,2269.552113336739,,2261.203068025548,,RAW_WINDOWS_DT30_DISTANCE400_V1,101,101,0,1.0,,101,4.409353891655494,0.35288956131905563,1.939106918085442,,0,5,1.6688219681993906e-10,0,0,0,0,1,1,2269.552113336739,NO_RAW_BREAK_CROSSING,S_POINTS2,UNIFORM,PROCESSED,3d444897b5dfd252d4c3156a3070a0b13ae194914fbec75d8287542d5bf6379a
8926,101,11,0.10891089108910891,,True,False,False,0,3,87,98,11,0.8877551020408163,,3.7435838818952902,0.26489692484925303,0.15459886337941095,0.33928822056566343,0.5965170708213999,3.467009747688414,,98,0,True,1,0,3,82,0,0,2269.552113336739,,2261.203068025548,,RAW_WINDOWS_DT30_DISTANCE400_V1,101,101,0,1.0,,101,4.409353891655494,0.35288956131905563,1.939106918085442,,0,5,1.6688219681993906e-10,0,0,0,0,1,1,2269.552113336739,NO_RAW_BREAK_CROSSING,S_LENGTH0,UNIFORM,PROCESSED,1b637206bb671f7dfa5836eae0a638b8eddb7d31d34971ab532a247a31ee240a
8926,101,11,0.10891089108910891,,True,False,False,0,3,87,98,11,0.8877551020408163,,3.7435838818952902,0.26489692484925303,0.15459886337941095,0.33928822056566343,0.5965170708213999,3.467009747688414,,98,0,True,1,0,3,82,0,0,2269.552113336739,,2261.203068025548,,RAW_WINDOWS_DT30_DISTANCE400_V1,101,101,0,1.0,,101,4.409353891655494,0.35288956131905563,1.939106918085442,,0,5,1.6688219681993906e-10,0,0,0,0,1,1,2269.552113336739,NO_RAW_BREAK_CROSSING,D60,UNIFORM,PROCESSED,add1f8b23aa0cf4ff6f274ddd6c9d51c5fe4fb1e30e1d4603f8d5d0c5f5afd39
8926,101,12,0.1188118811881188,,True,False,False,0,3,86,98,12,0.8775510204081632,,1.939106918085442,0.19007408224110164,0.15459886337941095,0.33928822056566343,0.3557454408516201,1.447630318666318,,98,0,True,1,0,3,82,0,0,2269.552113336739,,2261.266483420313,,RAW_WINDOWS_DT30_DISTANCE400_V1,101,101,0,1.0,,101,4.409353891655494,0.28028917938243353,0.9972617979242456,,0,5,1.6688219681993906e-10,0,0,0,0,1,1,2269.552113336739,NO_RAW_BREAK_CROSSING,P2,UNIFORM,PROCESSED,f7a43f937613c05310ce0f0e1b37dcb5ccfcaf974fedb6a498ba104a252d96d6
8926,101,7,0.06930693069306931,,True,False,False,0,3,91,98,7,0.9285714285714286,,8.587633482720477,0.8672241346321196,0.16819936253866766,2.401136309985132,6.416630958785274,8.587633482720477,,98,0,True,1,0,3,82,0,0,2269.552113336739,,2257.1180963143856,,RAW_WINDOWS_DT30_DISTANCE400_V1,101,101,0,1.0,,101,8.587633482720477,0.9373267324585136,6.3600534031474965,,8,5,1.6688219681993906e-10,0,0,0,0,1,1,2269.552113336739,NO_RAW_BREAK_CROSSING,P10,UNIFORM,PROCESSED,30ab9cd127bcff206688c384a59d06624804e511c6a2cbf48e59cbcd5bc5b1bc
43,98,0,0.0,,False,True,True,98,0,0,0,0,,EMPTY_DP_REFERENCE_DENOMINATOR,,,,,,,EMPTY_DP_REFERENCE,0,0,True,1,1,0,0,0,0,35.59962028525743,,,EMPTY_OUTPUT,RAW_WINDOWS_DT30_DISTANCE400_V1,98,0,98,0.0,,0,,,,NO_COVERED_RAW_POINTS,0,5,2.5254614402286645e-10,0,0,0,0,1,0,35.59962028525743,NO_RAW_BREAK_CROSSING,R0,UNIFORM,ALL_FILTERED,5a208d3c89790e5ca709faef8731c6f7edbac8661832ee79c6dac483ae12f9b6
43,98,3,0.030612244897959183,,True,False,False,0,0,95,98,3,0.9693877551020408,,2.9430808855113337,1.0345439908101848,0.66155064679665,2.2994115570014055,2.5828765905324342,2.9430808855113337,,98,0,True,1,0,0,98,0,0,35.59962028525743,,27.633698170990577,,RAW_WINDOWS_DT30_DISTANCE400_V1,98,98,0,1.0,,98,2.9430808855113337,1.0345439908101848,2.5828765905324342,,0,5,2.5254614402286645e-10,0,0,0,0,1,1,35.59962028525743,NO_RAW_BREAK_CROSSING,S0,UNIFORM,PROCESSED,88ad533fd6a1bb87d738e08ed2c7fb1adbc5ce3cc8f36d5442b3d748f7b6eaab
43,98,0,0.0,,False,True,True,98,0,0,0,0,,EMPTY_DP_REFERENCE_DENOMINATOR,,,,,,,EMPTY_DP_REFERENCE,0,0,True,1,1,0,0,0,0,35.59962028525743,,,EMPTY_OUTPUT,RAW_WINDOWS_DT30_DISTANCE400_V1,98,0,98,0.0,,0,,,,NO_COVERED_RAW_POINTS,0,5,2.5254614402286645e-10,0,0,0,0,1,0,35.59962028525743,NO_RAW_BREAK_CROSSING,S_POINTS2,UNIFORM,ALL_FILTERED,c837caa58851b142e4d07069e23c81e2b4de1067e45e8c66cff8192affdd5ec2
43,98,3,0.030612244897959183,,True,False,False,0,0,95,98,3,0.9693877551020408,,2.9430808855113337,1.0345439908101848,0.66155064679665,2.2994115570014055,2.5828765905324342,2.9430808855113337,,98,0,True,1,0,0,98,0,0,35.59962028525743,,27.633698170990577,,RAW_WINDOWS_DT30_DISTANCE400_V1,98,98,0,1.0,,98,2.9430808855113337,1.0345439908101848,2.5828765905324342,,0,5,2.5254614402286645e-10,0,0,0,0,1,1,35.59962028525743,NO_RAW_BREAK_CROSSING,S_LENGTH0,UNIFORM,PROCESSED,8f71090ec4640428ed4c96136709b76c47d5eca5459c0232fc5dc3e95dde05d5
43,98,0,0.0,,False,True,True,98,0,0,0,0,,EMPTY_DP_REFERENCE_DENOMINATOR,,,,,,,EMPTY_DP_REFERENCE,0,0,True,1,1,0,0,0,0,35.59962028525743,,,EMPTY_OUTPUT,RAW_WINDOWS_DT30_DISTANCE400_V1,98,0,98,0.0,,0,,,,NO_COVERED_RAW_POINTS,0,5,2.5254614402286645e-10,0,0,0,0,1,0,35.59962028525743,NO_RAW_BREAK_CROSSING,D60,UNIFORM,ALL_FILTERED,60c9d631c0dfe7fe7881544fac09c80f3b0270048d080a35e2bdf4c34eaa34c9
43,98,0,0.0,,False,True,True,98,0,0,0,0,,EMPTY_DP_REFERENCE_DENOMINATOR,,,,,,,EMPTY_DP_REFERENCE,0,0,True,1,1,0,0,0,0,35.59962028525743,,,EMPTY_OUTPUT,RAW_WINDOWS_DT30_DISTANCE400_V1,98,0,98,0.0,,0,,,,NO_COVERED_RAW_POINTS,0,5,2.5254614402286645e-10,0,0,0,0,1,0,35.59962028525743,NO_RAW_BREAK_CROSSING,P2,UNIFORM,ALL_FILTERED,d176adb131cb2a9d2b2284fbba8b935b3834026550678ac8a7ec463afbfb5155
43,98,0,0.0,,False,True,True,98,0,0,0,0,,EMPTY_DP_REFERENCE_DENOMINATOR,,,,,,,EMPTY_DP_REFERENCE,0,0,True,1,1,0,0,0,0,35.59962028525743,,,EMPTY_OUTPUT,RAW_WINDOWS_DT30_DISTANCE400_V1,98,0,98,0.0,,0,,,,NO_COVERED_RAW_POINTS,0,5,2.5254614402286645e-10,0,0,0,0,1,0,35.59962028525743,NO_RAW_BREAK_CROSSING,P10,UNIFORM,ALL_FILTERED,82698776d43c818575c49276abe680993da2e124aae63a488a6899b1409a118f
5176,95,0,0.0,,False,True,True,95,0,0,0,0,,EMPTY_DP_REFERENCE_DENOMINATOR,,,,,,,EMPTY_DP_REFERENCE,0,0,True,1,1,0,0,0,0,52.95786988908745,,,EMPTY_OUTPUT,RAW_WINDOWS_DT30_DISTANCE400_V1,95,0,95,0.0,,0,,,,NO_COVERED_RAW_POINTS,0,5,7.126561709553073e-10,0,0,0,0,1,0,52.95786988908745,NO_RAW_BREAK_CROSSING,R0,UNIFORM,ALL_FILTERED,551021743ff0caf067a71ca810c3ee275e8c372f214f348539fcabfad07abd93
5176,95,3,0.031578947368421054,,True,False,False,0,20,72,75,3,0.96,,4.648750941329466,1.255232036696688,0.9868030762196753,2.640279159349183,3.1404427488526507,4.494729406009852,,75,0,True,1,0,20,12,0,0,52.95786988908745,,19.715006288402332,,RAW_WINDOWS_DT30_DISTANCE400_V1,95,95,0,1.0,,95,4.648750941329466,1.2852590854069514,3.137695693026798,,0,5,7.126561709553073e-10,0,0,0,0,1,1,52.95786988908745,NO_RAW_BREAK_CROSSING,S0,UNIFORM,PROCESSED,d596fa488134a0ee769fe006ee3bdeed13d6ba630b6e51df54ceba38d2a07641
5176,95,0,0.0,,False,True,True,95,0,0,0,0,,EMPTY_DP_REFERENCE_DENOMINATOR,,,,,,,EMPTY_DP_REFERENCE,0,0,True,1,1,0,0,0,0,52.95786988908745,,,EMPTY_OUTPUT,RAW_WINDOWS_DT30_DISTANCE400_V1,95,0,95,0.0,,0,,,,NO_COVERED_RAW_POINTS,0,5,7.126561709553073e-10,0,0,0,0,1,0,52.95786988908745,NO_RAW_BREAK_CROSSING,S_POINTS2,UNIFORM,ALL_FILTERED,06b8885dc21abdafb1b38fa31146b1fc86fe281c51ca84441056d5f3b4763ba5
5176,95,3,0.031578947368421054,,True,False,False,0,20,72,75,3,0.96,,4.648750941329466,1.255232036696688,0.9868030762196753,2.640279159349183,3.1404427488526507,4.494729406009852,,75,0,True,1,0,20,12,0,0,52.95786988908745,,19.715006288402332,,RAW_WINDOWS_DT30_DISTANCE400_V1,95,95,0,1.0,,95,4.648750941329466,1.2852590854069514,3.137695693026798,,0,5,7.126561709553073e-10,0,0,0,0,1,1,52.95786988908745,NO_RAW_BREAK_CROSSING,S_LENGTH0,UNIFORM,PROCESSED,3707291681e2e4df8c8c1cf6fde788c51cc92c879f301658083be89160a57a0e
5176,95,0,0.0,,False,True,True,95,0,0,0,0,,EMPTY_DP_REFERENCE_DENOMINATOR,,,,,,,EMPTY_DP_REFERENCE,0,0,True,1,1,0,0,0,0,52.95786988908745,,,EMPTY_OUTPUT,RAW_WINDOWS_DT30_DISTANCE400_V1,95,0,95,0.0,,0,,,,NO_COVERED_RAW_POINTS,0,5,7.126561709553073e-10,0,0,0,0,1,0,52.95786988908745,NO_RAW_BREAK_CROSSING,D60,UNIFORM,ALL_FILTERED,519bd9a32a9ec6eba94e911ba53aff2025e874e5507bb23b189a22f197aac326
5176,95,0,0.0,,False,True,True,95,0,0,0,0,,EMPTY_DP_REFERENCE_DENOMINATOR,,,,,,,EMPTY_DP_REFERENCE,0,0,True,1,1,0,0,0,0,52.95786988908745,,,EMPTY_OUTPUT,RAW_WINDOWS_DT30_DISTANCE400_V1,95,0,95,0.0,,0,,,,NO_COVERED_RAW_POINTS,0,5,7.126561709553073e-10,0,0,0,0,1,0,52.95786988908745,NO_RAW_BREAK_CROSSING,P2,UNIFORM,ALL_FILTERED,eb92da7ef2e588fc1a7e76837be80abd6bab4e7ade3a68bc0014873f52633a58
5176,95,0,0.0,,False,True,True,95,0,0,0,0,,EMPTY_DP_REFERENCE_DENOMINATOR,,,,,,,EMPTY_DP_REFERENCE,0,0,True,1,1,0,0,0,0,52.95786988908745,,,EMPTY_OUTPUT,RAW_WINDOWS_DT30_DISTANCE400_V1,95,0,95,0.0,,0,,,,NO_COVERED_RAW_POINTS,0,5,7.126561709553073e-10,0,0,0,0,1,0,52.95786988908745,NO_RAW_BREAK_CROSSING,P10,UNIFORM,ALL_FILTERED,3de6f17a0387d269aca78775859b80f5f024134d974ee0a5d44f755ac36eac11
3420,127,58,0.4566929133858268,,True,False,False,0,12,57,115,58,0.4956521739130435,,4.954803973860355,0.917016620611455,0.0,3.1185092621493777,4.1734513968568585,4.812072493845849,,115,0,True,3,0,12,9,0,0,8252.01959775209,,7370.605565591216,,RAW_WINDOWS_DT30_DISTANCE400_V1,127,127,0,1.0,,127,38.84363935660595,1.7700003261100696,4.846377842047153,,5,5,2.378508979853022e-10,2,0,0,0,3,3,7477.3568535509985,NO_RAW_BREAK_CROSSING,R0,UNIFORM,PROCESSED,b57334abf41fa65b02a0e1e30a63ecaa098e85c7720db98ae397e6632e0b6435
3420,127,58,0.4566929133858268,,True,False,False,0,12,57,115,58,0.4956521739130435,,4.954803973860355,0.917016620611455,0.0,3.1185092621493777,4.1734513968568585,4.812072493845849,,115,0,True,3,0,12,9,0,0,8252.01959775209,,7370.605565591216,,RAW_WINDOWS_DT30_DISTANCE400_V1,127,127,0,1.0,,127,38.84363935660595,1.7700003261100696,4.846377842047153,,5,5,2.378508979853022e-10,2,0,0,0,3,3,7477.3568535509985,NO_RAW_BREAK_CROSSING,S0,UNIFORM,PROCESSED,03b6de6b946b90a295181048951a2b430bdd02bef41153c924c7bf9daf451004
3420,127,58,0.4566929133858268,,True,False,False,0,12,57,115,58,0.4956521739130435,,4.954803973860355,0.917016620611455,0.0,3.1185092621493777,4.1734513968568585,4.812072493845849,,115,0,True,3,0,12,9,0,0,8252.01959775209,,7370.605565591216,,RAW_WINDOWS_DT30_DISTANCE400_V1,127,127,0,1.0,,127,38.84363935660595,1.7700003261100696,4.846377842047153,,5,5,2.378508979853022e-10,2,0,0,0,3,3,7477.3568535509985,NO_RAW_BREAK_CROSSING,S_POINTS2,UNIFORM,PROCESSED,6eb0d1a3bfed8c84dba74747bba64f861a2201fae9074cffc0f90d9e90777b98
3420,127,58,0.4566929133858268,,True,False,False,0,12,57,115,58,0.4956521739130435,,4.954803973860355,0.917016620611455,0.0,3.1185092621493777,4.1734513968568585,4.812072493845849,,115,0,True,3,0,12,9,0,0,8252.01959775209,,7370.605565591216,,RAW_WINDOWS_DT30_DISTANCE400_V1,127,127,0,1.0,,127,38.84363935660595,1.7700003261100696,4.846377842047153,,5,5,2.378508979853022e-10,2,0,0,0,3,3,7477.3568535509985,NO_RAW_BREAK_CROSSING,S_LENGTH0,UNIFORM,PROCESSED,4a184fd4bff8f31dec8090307d719fc8eb81fe4e257b06597ac89f5881e81077
3420,127,59,0.4645669291338583,,True,False,False,0,6,62,121,59,0.5123966942148761,,4.954803973860355,0.8853236695096827,0.11896262342817758,3.0827374523666298,4.067318298774707,4.850483742303936,,121,0,True,3,0,6,9,0,0,8252.01959775209,,7383.795539384826,,RAW_WINDOWS_DT30_DISTANCE400_V1,127,127,0,1.0,,127,38.84363935660595,1.4530329050408473,4.64362141129924,,4,5,2.378508979853022e-10,2,0,0,0,3,3,7477.3568535509985,NO_RAW_BREAK_CROSSING,D60,UNIFORM,PROCESSED,4f4b27c913d8de57a66a13704ed08c6885759666acc91b92bf37b6ba1b46fc7d
3420,127,77,0.6062992125984252,,True,False,False,0,12,38,115,77,0.33043478260869563,,1.922926913731522,0.21839784049504093,0.0,0.8536860456969336,1.1085307671624633,1.6852564886653947,,115,0,True,3,0,12,9,0,0,8252.01959775209,,7390.1262358334725,,RAW_WINDOWS_DT30_DISTANCE400_V1,127,127,0,1.0,,127,38.84363935660595,1.118716532741337,2.273318545615299,,5,5,2.378508979853022e-10,2,0,0,0,3,3,7477.3568535509985,NO_RAW_BREAK_CROSSING,P2,UNIFORM,PROCESSED,a9eecb9329b3e09f4e2feb6f6ec88108235236571a50a494bb41feb9c2ccc11f
3420,127,46,0.36220472440944884,,True,False,False,0,12,69,115,46,0.6,,9.210348566291351,1.7360503542999177,0.5577148261694302,4.902164513277664,6.638746826653495,8.692432416146241,,115,0,True,3,0,12,9,0,0,8252.01959775209,,7356.242340020388,,RAW_WINDOWS_DT30_DISTANCE400_V1,127,127,0,1.0,,127,38.84363935660595,2.5442293167531966,7.687766141021953,,17,5,2.378508979853022e-10,2,0,0,0,3,3,7477.3568535509985,NO_RAW_BREAK_CROSSING,P10,UNIFORM,PROCESSED,bf34b1cf100dc102f370cefaa3a12abf97cf433994716cbf5ebce53c3f94c974
2108,99,5,0.050505050505050504,,True,False,False,41,11,42,47,5,0.8936170212765957,,4.570457681656668,1.44806132165489,1.2151399657076793,3.036094612246409,3.5839526489963567,4.229228180486948,,47,0,True,2,1,11,3,0,0,189.92463484082296,,79.36956049933839,,RAW_WINDOWS_DT30_DISTANCE400_V1,99,58,41,0.5858585858585859,,58,4.570457681656668,1.366462893169125,3.5082255886368885,,0,5,3.2039127442791177e-10,1,0,0,1,2,1,188.0085040179897,NO_RAW_BREAK_CROSSING,R0,UNIFORM,PROCESSED,c898a2bca4a69839142393224af6d78dbb7ed408f0fcbd447e6b3b3d59dd348b
2108,99,7,0.0707070707070707,,True,False,False,0,21,71,78,7,0.9102564102564102,,4.9841272741471725,1.5715458715177641,1.226530903323527,3.409836204055825,3.7869325467730577,4.7517845772826295,,78,0,True,2,0,21,6,0,0,189.92463484082296,,92.7023128467898,,RAW_WINDOWS_DT30_DISTANCE400_V1,99,99,0,1.0,,99,4.9841272741471725,1.6122778267335958,3.884131209899508,,0,5,3.2039127442791177e-10,1,0,0,0,2,2,188.0085040179897,NO_RAW_BREAK_CROSSING,S0,UNIFORM,PROCESSED,bb08346480d1c7bbee75791adfccd86f275b11c2b322f3621efb228d37c44cea
2108,99,5,0.050505050505050504,,True,False,False,41,11,42,47,5,0.8936170212765957,,4.570457681656668,1.44806132165489,1.2151399657076793,3.036094612246409,3.5839526489963567,4.229228180486948,,47,0,True,2,1,11,3,0,0,189.92463484082296,,79.36956049933839,,RAW_WINDOWS_DT30_DISTANCE400_V1,99,58,41,0.5858585858585859,,58,4.570457681656668,1.366462893169125,3.5082255886368885,,0,5,3.2039127442791177e-10,1,0,0,1,2,1,188.0085040179897,NO_RAW_BREAK_CROSSING,S_POINTS2,UNIFORM,PROCESSED,912bf881700b41d82ec26c63856f44764dc718786704f513c8826922657357ac
2108,99,7,0.0707070707070707,,True,False,False,0,21,71,78,7,0.9102564102564102,,4.9841272741471725,1.5715458715177641,1.226530903323527,3.409836204055825,3.7869325467730577,4.7517845772826295,,78,0,True,2,0,21,6,0,0,189.92463484082296,,92.7023128467898,,RAW_WINDOWS_DT30_DISTANCE400_V1,99,99,0,1.0,,99,4.9841272741471725,1.6122778267335958,3.884131209899508,,0,5,3.2039127442791177e-10,1,0,0,0,2,2,188.0085040179897,NO_RAW_BREAK_CROSSING,S_LENGTH0,UNIFORM,PROCESSED,b7a12da3e0174506046ab37440b2b4b501c9ca28117defbfbb604941c6928aed
2108,99,5,0.050505050505050504,,True,False,False,41,7,46,51,5,0.9019607843137255,,4.570457681656668,1.4232931730178697,1.190088190687606,2.868732858489738,3.5564155361383687,4.199556049950451,,51,0,True,2,1,7,3,0,0,189.92463484082296,,79.36956049933839,,RAW_WINDOWS_DT30_DISTANCE400_V1,99,58,41,0.5858585858585859,,58,4.570457681656668,1.366462893169125,3.5082255886368885,,0,5,3.2039127442791177e-10,1,0,0,1,2,1,188.0085040179897,NO_RAW_BREAK_CROSSING,D60,UNIFORM,PROCESSED,847dfd6cf185ce7f088f17c0d244c3227f1ad77814e4407910258dc66df112f9
2108,99,9,0.09090909090909091,,True,False,False,41,11,38,47,9,0.8085106382978724,,1.9367147242863982,0.5652198761238247,0.3459663313267733,1.4278098623658146,1.7479404023786003,1.9341023979300251,,47,0,True,2,1,11,3,0,0,189.92463484082296,,102.87048545615501,,RAW_WINDOWS_DT30_DISTANCE400_V1,99,58,41,0.5858585858585859,,58,2.0113537974263047,0.6118096709637043,1.7909461230447612,,0,5,3.2039127442791177e-10,1,0,0,1,2,1,188.0085040179897,NO_RAW_BREAK_CROSSING,P2,UNIFORM,PROCESSED,4659b16fab52d8087ef9040229fa6d1e23f288de01c069eb2cc567312c966f25
2108,99,4,0.04040404040404041,,True,False,False,41,11,43,47,4,0.9148936170212766,,8.286391521583738,2.3085474045801293,1.4610048417799633,5.815461198311618,7.511782728790316,8.072306859683254,,47,0,True,2,1,11,3,0,0,189.92463484082296,,74.06180662665736,,RAW_WINDOWS_DT30_DISTANCE400_V1,99,58,41,0.5858585858585859,,58,8.286391521583738,2.340752401107754,7.790114515730672,,7,5,3.2039127442791177e-10,1,0,0,1,2,1,188.0085040179897,NO_RAW_BREAK_CROSSING,P10,UNIFORM,PROCESSED,d1eb97f050e6845ddb6762d8caddb3a63c9c34eba9d432b48c75a7c372df88a8
6214,72,12,0.16666666666666666,,True,False,False,11,28,21,33,12,0.6363636363636364,,4.806527742009347,1.0675154086291885,0.4832634744798327,3.179477574371403,3.9063526511764697,4.6006388425458224,,33,0,True,4,2,28,6,0,0,453.50649550600485,,264.97243836621413,,RAW_WINDOWS_DT30_DISTANCE400_V1,72,61,11,0.8472222222222222,,61,14.752446899025784,2.7745965251226967,8.647309724768524,,13,5,2.309201490576435e-10,3,0,0,3,4,2,442.91741410280054,NO_RAW_BREAK_CROSSING,R0,UNIFORM,PROCESSED,3ebd70f6b81ad884bf82d7801d181aae36f9c8eb12e3ac62794bc87260ce9590
6214,72,16,0.2222222222222222,,True,False,False,1,29,26,42,16,0.6190476190476191,,4.806527742009347,0.9489754451260818,0.4698326458049927,3.0758022106607954,3.7084971454954783,4.5427325895717034,,42,0,True,4,1,29,9,0,0,453.50649550600485,,319.63296563774975,,RAW_WINDOWS_DT30_DISTANCE400_V1,72,71,1,0.9861111111111112,,71,14.752446899025784,2.4921923514873616,7.8753839815643065,,13,5,2.309201490576435e-10,3,0,0,1,4,3,442.91741410280054,NO_RAW_BREAK_CROSSING,S0,UNIFORM,PROCESSED,bb4d9df3666379b12771d07322d364b09c9b1d6b56e1a2221c4ebdb0b42daa60
6214,72,12,0.16666666666666666,,True,False,False,11,28,21,33,12,0.6363636363636364,,4.806527742009347,1.0675154086291885,0.4832634744798327,3.179477574371403,3.9063526511764697,4.6006388425458224,,33,0,True,4,2,28,6,0,0,453.50649550600485,,264.97243836621413,,RAW_WINDOWS_DT30_DISTANCE400_V1,72,61,11,0.8472222222222222,,61,14.752446899025784,2.7745965251226967,8.647309724768524,,13,5,2.309201490576435e-10,3,0,0,3,4,2,442.91741410280054,NO_RAW_BREAK_CROSSING,S_POINTS2,UNIFORM,PROCESSED,db6e4858af332500c0cc89a8d5443d50b3ecbf8cc5734b567a2035f93795ac36
6214,72,16,0.2222222222222222,,True,False,False,1,29,26,42,16,0.6190476190476191,,4.806527742009347,0.9489754451260818,0.4698326458049927,3.0758022106607954,3.7084971454954783,4.5427325895717034,,42,0,True,4,1,29,9,0,0,453.50649550600485,,319.63296563774975,,RAW_WINDOWS_DT30_DISTANCE400_V1,72,71,1,0.9861111111111112,,71,14.752446899025784,2.4921923514873616,7.8753839815643065,,13,5,2.309201490576435e-10,3,0,0,1,4,3,442.91741410280054,NO_RAW_BREAK_CROSSING,S_LENGTH0,UNIFORM,PROCESSED,762b9ed482efdf30fbc0f1b531de404e5ad2314e202ae746cc70c80158b4da60
6214,72,16,0.2222222222222222,,True,False,False,11,14,31,47,16,0.6595744680851063,,4.789679145638836,0.9822233413383359,0.4832634744798327,2.969084907165179,3.6720614964848766,4.501464206990454,,47,0,True,4,2,14,6,0,0,453.50649550600485,,295.79754313654047,,RAW_WINDOWS_DT30_DISTANCE400_V1,72,61,11,0.8472222222222222,,61,9.61046254979871,1.9181515889224272,6.733286912457023,,7,5,2.309201490576435e-10,3,0,0,3,4,2,442.91741410280054,NO_RAW_BREAK_CROSSING,D60,UNIFORM,PROCESSED,7549d259fe5538cff1b88592835848c076fb7e7f88493b6de1fd01731c386a1d
6214,72,16,0.2222222222222222,,True,False,False,11,28,17,33,16,0.5151515151515151,,1.934785199441516,0.3591330247719054,0.060542125811595904,1.0013256903446521,1.399435170581904,1.8608879298530212,,33,0,True,4,2,28,6,0,0,453.50649550600485,,269.70246468439916,,RAW_WINDOWS_DT30_DISTANCE400_V1,72,61,11,0.8472222222222222,,61,17.278165475998524,2.1413380371015447,6.342952957223218,,8,5,2.309201490576435e-10,3,0,0,3,4,2,442.91741410280054,NO_RAW_BREAK_CROSSING,P2,UNIFORM,PROCESSED,9ed84cc73fd7232267026add3388451d03e86bd58a03bd77e6554818bba9bb47
6214,72,8,0.1111111111111111,,True,False,False,11,28,25,33,8,0.7575757575757576,,9.434151638793928,2.2792155551682676,1.0968622977593225,6.987380664405845,7.585520012270342,8.90548544551978,,33,0,True,4,2,28,6,0,0,453.50649550600485,,220.81657903973445,,RAW_WINDOWS_DT30_DISTANCE400_V1,72,61,11,0.8472222222222222,,61,16.910815995840753,3.9018447856118756,9.61046254979871,,24,5,2.309201490576435e-10,3,0,0,3,4,2,442.91741410280054,NO_RAW_BREAK_CROSSING,P10,UNIFORM,PROCESSED,8ec2fa68ef72fad969d0e169e1793de68d33540728e0fcbb275cbb31aed736ef
7116,121,33,0.2727272727272727,,True,False,False,7,10,71,104,33,0.6826923076923077,,4.896164986521105,1.31095181345806,0.856440665988186,3.572945656315263,4.081943570840621,4.651069749861549,,104,0,True,3,1,10,6,0,0,6399.113355400249,,6043.572088917771,,RAW_WINDOWS_DT30_DISTANCE400_V1,121,114,7,0.9421487603305785,,114,11.218465699229004,1.512275930773935,4.219810838817204,,2,5,3.6396781527949655e-10,2,0,0,2,3,2,6309.936784850807,NO_RAW_BREAK_CROSSING,R0,UNIFORM,PROCESSED,ef348fb31b346f6a421ec5e4161965da98346eb5ab71eb73b159332dbd499ace
7116,121,36,0.2975206611570248,,True,False,False,0,11,74,110,36,0.6727272727272727,,4.896164986521105,1.3107139909394985,0.856440665988186,3.530319944558492,3.989657994085269,4.647569831652964,,110,0,True,3,0,11,9,0,0,6399.113355400249,,6066.331838759733,,RAW_WINDOWS_DT30_DISTANCE400_V1,121,121,0,1.0,,121,11.218465699229004,1.525042627994587,4.291151475409821,,2,5,3.6396781527949655e-10,2,0,0,0,3,3,6309.936784850807,NO_RAW_BREAK_CROSSING,S0,UNIFORM,PROCESSED,cf351acef5a1a25f435c7e380ad2e9fe84e94ceef6f8b2f0d3a5d7c59bebc042
7116,121,33,0.2727272727272727,,True,False,False,7,10,71,104,33,0.6826923076923077,,4.896164986521105,1.31095181345806,0.856440665988186,3.572945656315263,4.081943570840621,4.651069749861549,,104,0,True,3,1,10,6,0,0,6399.113355400249,,6043.572088917771,,RAW_WINDOWS_DT30_DISTANCE400_V1,121,114,7,0.9421487603305785,,114,11.218465699229004,1.512275930773935,4.219810838817204,,2,5,3.6396781527949655e-10,2,0,0,2,3,2,6309.936784850807,NO_RAW_BREAK_CROSSING,S_POINTS2,UNIFORM,PROCESSED,d87ec8f7683a6352346ddc31989d8daff2dff0f38334cfcb572bec267be873f7
7116,121,36,0.2975206611570248,,True,False,False,0,11,74,110,36,0.6727272727272727,,4.896164986521105,1.3107139909394985,0.856440665988186,3.530319944558492,3.989657994085269,4.647569831652964,,110,0,True,3,0,11,9,0,0,6399.113355400249,,6066.331838759733,,RAW_WINDOWS_DT30_DISTANCE400_V1,121,121,0,1.0,,121,11.218465699229004,1.525042627994587,4.291151475409821,,2,5,3.6396781527949655e-10,2,0,0,0,3,3,6309.936784850807,NO_RAW_BREAK_CROSSING,S_LENGTH0,UNIFORM,PROCESSED,8a041a25b9d0374e81d021269cb61b2d7bc6712123c35a626d89412002fd005b
7116,121,35,0.2892561983471074,,True,False,False,7,4,75,110,35,0.6818181818181819,,4.896164986521105,1.308281162437345,0.856440665988186,3.5962413690377715,4.089302553613219,4.8141766083783155,,110,0,True,3,1,4,6,0,0,6399.113355400249,,6057.564014345486,,RAW_WINDOWS_DT30_DISTANCE400_V1,121,114,7,0.9421487603305785,,114,4.896164986521105,1.345044229511574,4.0720653066776284,,0,5,3.6396781527949655e-10,2,0,0,2,3,2,6309.936784850807,NO_RAW_BREAK_CROSSING,D60,UNIFORM,PROCESSED,91cca1d21a3d0c7b4606dcd1d80b6cbdcab0cbedf4889e6881881953afbefc7a
7116,121,51,0.4214876033057851,,True,False,False,7,10,53,104,51,0.5096153846153846,,1.900965750247812,0.34047042959423074,0.04861461613051178,0.9529628984838747,1.2295095007371348,1.6665565641599327,,104,0,True,3,1,10,6,0,0,6399.113355400249,,6062.296161319208,,RAW_WINDOWS_DT30_DISTANCE400_V1,121,114,7,0.9421487603305785,,114,101.8456768333015,1.4479952508485459,1.7518862653185692,,3,5,3.6396781527949655e-10,2,0,0,2,3,2,6309.936784850807,NO_RAW_BREAK_CROSSING,P2,UNIFORM,PROCESSED,a15523fd02f46b7e959b21afb3644230b4869bac29f6a12eb491fb702b79eaa7
7116,121,18,0.1487603305785124,,True,False,False,7,10,86,104,18,0.8269230769230769,,9.469921159997753,2.4772936732890325,1.7534576411914649,6.678517665834099,7.282230855797374,8.394666268309601,,104,0,True,3,1,10,6,0,0,6399.113355400249,,6020.00999957358,,RAW_WINDOWS_DT30_DISTANCE400_V1,121,114,7,0.9421487603305785,,114,13.585661051107845,2.6723792433668208,7.963504481720915,,20,5,3.6396781527949655e-10,2,0,0,2,3,2,6309.936784850807,NO_RAW_BREAK_CROSSING,P10,UNIFORM,PROCESSED,2211aba1dd7010f207a8529cde944f83da973a3254930c889bce6023f30b86c8
10638,128,21,0.1640625,,True,False,False,29,2,76,97,21,0.7835051546391752,,4.740956010991642,1.3246028892298651,1.0408572351418652,3.17542542127965,4.294707886841674,4.607691963229103,,97,0,True,2,1,2,3,0,0,3854.4598719097507,,3556.54237112957,,RAW_WINDOWS_DT30_DISTANCE400_V1,128,99,29,0.7734375,,99,10.125606690797259,1.4515263384885546,4.558475595773063,,2,5,1.5136509751089016e-10,1,0,0,1,2,1,3595.9986357099538,NO_RAW_BREAK_CROSSING,R0,UNIFORM,PROCESSED,40f9ec08aa0320e57591b176c861c0e5dec6d03b13ead71c67aa2a5fdb02aedf
10638,128,23,0.1796875,,True,False,False,0,8,97,120,23,0.8083333333333333,,4.740956010991642,1.1868730935274254,0.953742561204566,3.0414785322999034,4.204682602964502,4.598259459048032,,120,0,True,2,0,8,6,0,0,3854.4598719097507,,3570.329506089032,,RAW_WINDOWS_DT30_DISTANCE400_V1,128,128,0,1.0,,128,10.125606690797259,1.3179438533706593,4.313195063098472,,2,5,1.5136509751089016e-10,1,0,0,0,2,2,3595.9986357099538,NO_RAW_BREAK_CROSSING,S0,UNIFORM,PROCESSED,216b5a8b1d56d7f49422e39d2ca8019f93d17fbb340f973755905b9e3ecc29b6
10638,128,21,0.1640625,,True,False,False,29,2,76,97,21,0.7835051546391752,,4.740956010991642,1.3246028892298651,1.0408572351418652,3.17542542127965,4.294707886841674,4.607691963229103,,97,0,True,2,1,2,3,0,0,3854.4598719097507,,3556.54237112957,,RAW_WINDOWS_DT30_DISTANCE400_V1,128,99,29,0.7734375,,99,10.125606690797259,1.4515263384885546,4.558475595773063,,2,5,1.5136509751089016e-10,1,0,0,1,2,1,3595.9986357099538,NO_RAW_BREAK_CROSSING,S_POINTS2,UNIFORM,PROCESSED,1283d6b690f19a4f1e22bd71daa15d4880c34f4d34a1f826e3f699aa827ef6d8
10638,128,23,0.1796875,,True,False,False,0,8,97,120,23,0.8083333333333333,,4.740956010991642,1.1868730935274254,0.953742561204566,3.0414785322999034,4.204682602964502,4.598259459048032,,120,0,True,2,0,8,6,0,0,3854.4598719097507,,3570.329506089032,,RAW_WINDOWS_DT30_DISTANCE400_V1,128,128,0,1.0,,128,10.125606690797259,1.3179438533706593,4.313195063098472,,2,5,1.5136509751089016e-10,1,0,0,0,2,2,3595.9986357099538,NO_RAW_BREAK_CROSSING,S_LENGTH0,UNIFORM,PROCESSED,754959d0d43d3b5cf691c32c555367fa12cd8d92628eaef8ad88a1509ad0ff2b
10638,128,22,0.171875,,True,False,False,29,0,77,99,22,0.7777777777777778,,4.740956010991642,1.2939211657863203,1.010562469075543,3.140946500469033,4.290599625451274,4.6049156289007165,,99,0,True,2,1,0,3,0,0,3854.4598719097507,,3562.0486284327444,,RAW_WINDOWS_DT30_DISTANCE400_V1,128,99,29,0.7734375,,99,4.740956010991642,1.2939211657863203,4.290599625451274,,0,5,1.5136509751089016e-10,1,0,0,1,2,1,3595.9986357099538,NO_RAW_BREAK_CROSSING,D60,UNIFORM,PROCESSED,ddf059672f1df47c806ed3817b3620bded8910fc64a1c41d5a5cbe34ae6b19d4
10638,128,34,0.265625,,True,False,False,29,2,63,97,34,0.6494845360824743,,1.957917088868833,0.5590818018194711,0.42838258421519265,1.4685687967697378,1.6860323113011317,1.8631254744581396,,97,0,True,2,1,2,3,0,0,3854.4598719097507,,3562.0645639542313,,RAW_WINDOWS_DT30_DISTANCE400_V1,128,99,29,0.7734375,,99,10.125606690797259,0.7014703235510977,1.7613185471687622,,2,5,1.5136509751089016e-10,1,0,0,1,2,1,3595.9986357099538,NO_RAW_BREAK_CROSSING,P2,UNIFORM,PROCESSED,fdb8c2a387795e5a60fadac7af7dd419510432d23dc137a50b811f9d9ea3b949
10638,128,14,0.109375,,True,False,False,29,2,83,97,14,0.8556701030927836,,8.918173455400296,2.2862000430508975,1.496053515695555,5.4328788683739635,6.509760857545687,8.43112759335754,,97,0,True,2,1,2,3,0,0,3854.4598719097507,,3549.1166135026947,,RAW_WINDOWS_DT30_DISTANCE400_V1,128,99,29,0.7734375,,99,10.125606690797259,2.3936972871818893,6.626890191233294,,13,5,1.5136509751089016e-10,1,0,0,1,2,1,3595.9986357099538,NO_RAW_BREAK_CROSSING,P10,UNIFORM,PROCESSED,8bf8aa55d5a3108bafbbba599d293c015dac96381c222f3bd4bb9631fac94b3f
8033,125,57,0.456,,True,False,False,0,16,52,109,57,0.47706422018348627,,4.918416144634512,0.9446951965342474,0.0,2.9430332482883506,3.418763855308465,4.2772449513213395,,109,0,True,4,0,16,12,0,0,6672.157023272291,,5902.42652872949,,RAW_WINDOWS_DT30_DISTANCE400_V1,125,125,0,1.0,,125,32.66892309956104,2.627260057150587,16.219358394606186,,12,5,2.215204497888483e-10,3,0,0,0,4,4,6411.0791366004705,NO_RAW_BREAK_CROSSING,R0,UNIFORM,PROCESSED,b1fce6f432aee079792163070f019b9ce9abde693850d51de4024921fc040517
8033,125,57,0.456,,True,False,False,0,16,52,109,57,0.47706422018348627,,4.918416144634512,0.9446951965342474,0.0,2.9430332482883506,3.418763855308465,4.2772449513213395,,109,0,True,4,0,16,12,0,0,6672.157023272291,,5902.42652872949,,RAW_WINDOWS_DT30_DISTANCE400_V1,125,125,0,1.0,,125,32.66892309956104,2.627260057150587,16.219358394606186,,12,5,2.215204497888483e-10,3,0,0,0,4,4,6411.0791366004705,NO_RAW_BREAK_CROSSING,S0,UNIFORM,PROCESSED,638d413d052d4c92d76c49786a857b0841a4010d0261166416082f0b92bdf62a
8033,125,57,0.456,,True,False,False,0,16,52,109,57,0.47706422018348627,,4.918416144634512,0.9446951965342474,0.0,2.9430332482883506,3.418763855308465,4.2772449513213395,,109,0,True,4,0,16,12,0,0,6672.157023272291,,5902.42652872949,,RAW_WINDOWS_DT30_DISTANCE400_V1,125,125,0,1.0,,125,32.66892309956104,2.627260057150587,16.219358394606186,,12,5,2.215204497888483e-10,3,0,0,0,4,4,6411.0791366004705,NO_RAW_BREAK_CROSSING,S_POINTS2,UNIFORM,PROCESSED,a4ac3ec7ed93eca35ff680ddf574b139119f5b28223d747c41e9c9083b8ef162
8033,125,57,0.456,,True,False,False,0,16,52,109,57,0.47706422018348627,,4.918416144634512,0.9446951965342474,0.0,2.9430332482883506,3.418763855308465,4.2772449513213395,,109,0,True,4,0,16,12,0,0,6672.157023272291,,5902.42652872949,,RAW_WINDOWS_DT30_DISTANCE400_V1,125,125,0,1.0,,125,32.66892309956104,2.627260057150587,16.219358394606186,,12,5,2.215204497888483e-10,3,0,0,0,4,4,6411.0791366004705,NO_RAW_BREAK_CROSSING,S_LENGTH0,UNIFORM,PROCESSED,be52659e7b2344c92c9537ed9bdf6e0466264caf6642902ef67c334011f42c68
8033,125,61,0.488,,True,False,False,0,8,56,117,61,0.4786324786324786,,4.918416144634512,0.9215525780854792,0.0,3.064690547348441,3.567509212519204,4.296981535272705,,117,0,True,4,0,8,12,0,0,6672.157023272291,,5931.095157885676,,RAW_WINDOWS_DT30_DISTANCE400_V1,125,125,0,1.0,,125,32.66892309956104,2.0760409340250754,4.794253256476392,,6,5,2.215204497888483e-10,3,0,0,0,4,4,6411.0791366004705,NO_RAW_BREAK_CROSSING,D60,UNIFORM,PROCESSED,65eeafa5c11012fb98cf31fb5dc544d9ebf792a6fda760475b27a7552adcb7c7
8033,125,78,0.624,,True,False,False,0,16,31,109,78,0.2844036697247706,,1.8434244977165333,0.29580257605367594,0.0,1.407685305264587,1.6334819635807751,1.7678370143345326,,109,0,True,4,0,16,12,0,0,6672.157023272291,,5914.241841516413,,RAW_WINDOWS_DT30_DISTANCE400_V1,125,125,0,1.0,,125,32.66892309956104,2.061280619310268,16.219358394606186,,12,5,2.215204497888483e-10,3,0,0,0,4,4,6411.0791366004705,NO_RAW_BREAK_CROSSING,P2,UNIFORM,PROCESSED,01def4b5acae57ac07ec5a4db1b65619a718f094628c246e782f9eb5499c2eac
8033,125,44,0.352,,True,False,False,0,16,65,109,44,0.5963302752293578,,8.966440205756394,2.184319201777059,0.9906280879255677,5.823126029415825,7.644582926709248,8.888130914039161,,109,0,True,4,0,16,12,0,0,6672.157023272291,,5888.379824497733,,RAW_WINDOWS_DT30_DISTANCE400_V1,125,125,0,1.0,,125,32.66892309956104,3.7984237117777306,16.35726273586171,,34,5,2.215204497888483e-10,3,0,0,0,4,4,6411.0791366004705,NO_RAW_BREAK_CROSSING,P10,UNIFORM,PROCESSED,d490fcc734463ec54ce2632302768a03f2d75b4e9a909ae8c533535b867de6d3
3531,102,39,0.38235294117647056,,True,False,False,0,7,56,95,39,0.5894736842105264,,4.992555071639091,1.1283118911652659,0.4392106279657262,3.7304159300118465,4.027611880295644,4.831795098640499,,95,0,True,2,0,7,6,0,0,5898.36874310698,,5796.014072802774,,RAW_WINDOWS_DT30_DISTANCE400_V1,102,102,0,1.0,,102,76.71792261789051,2.0255062584799775,4.5225147270380655,,2,5,2.744391355642859e-10,1,0,0,0,2,2,5881.560718874474,NO_RAW_BREAK_CROSSING,R0,UNIFORM,PROCESSED,7fea20283355bdc5f3a0173505ef140f3b3ec69ee4f1ecc025063726d5ddd645
3531,102,39,0.38235294117647056,,True,False,False,0,7,56,95,39,0.5894736842105264,,4.992555071639091,1.1283118911652659,0.4392106279657262,3.7304159300118465,4.027611880295644,4.831795098640499,,95,0,True,2,0,7,6,0,0,5898.36874310698,,5796.014072802774,,RAW_WINDOWS_DT30_DISTANCE400_V1,102,102,0,1.0,,102,76.71792261789051,2.0255062584799775,4.5225147270380655,,2,5,2.744391355642859e-10,1,0,0,0,2,2,5881.560718874474,NO_RAW_BREAK_CROSSING,S0,UNIFORM,PROCESSED,baba868bf0a183f7b0134cfcbb90aa88560c33bba37df6da91805a95c0871f0d
3531,102,39,0.38235294117647056,,True,False,False,0,7,56,95,39,0.5894736842105264,,4.992555071639091,1.1283118911652659,0.4392106279657262,3.7304159300118465,4.027611880295644,4.831795098640499,,95,0,True,2,0,7,6,0,0,5898.36874310698,,5796.014072802774,,RAW_WINDOWS_DT30_DISTANCE400_V1,102,102,0,1.0,,102,76.71792261789051,2.0255062584799775,4.5225147270380655,,2,5,2.744391355642859e-10,1,0,0,0,2,2,5881.560718874474,NO_RAW_BREAK_CROSSING,S_POINTS2,UNIFORM,PROCESSED,167cbd4b9b7d3142e56bbcf732106021d56723ff17252747fff453e1b1e53af9
3531,102,39,0.38235294117647056,,True,False,False,0,7,56,95,39,0.5894736842105264,,4.992555071639091,1.1283118911652659,0.4392106279657262,3.7304159300118465,4.027611880295644,4.831795098640499,,95,0,True,2,0,7,6,0,0,5898.36874310698,,5796.014072802774,,RAW_WINDOWS_DT30_DISTANCE400_V1,102,102,0,1.0,,102,76.71792261789051,2.0255062584799775,4.5225147270380655,,2,5,2.744391355642859e-10,1,0,0,0,2,2,5881.560718874474,NO_RAW_BREAK_CROSSING,S_LENGTH0,UNIFORM,PROCESSED,cabca8a446f4b8be7922abba965e92f29f7c2b50f54d35ffa0695cf0066a6499
3531,102,39,0.38235294117647056,,True,False,False,0,4,59,98,39,0.6020408163265306,,4.992555071639091,1.1293536291649064,0.4093064569863289,3.7110966130988188,3.9793741583361704,4.826664461204373,,98,0,True,2,0,4,6,0,0,5898.36874310698,,5856.114915824484,,RAW_WINDOWS_DT30_DISTANCE400_V1,102,102,0,1.0,,102,4.992555071639091,1.1828078095609542,4.080874526917851,,0,5,2.744391355642859e-10,1,0,0,0,2,2,5881.560718874474,NO_RAW_BREAK_CROSSING,D60,UNIFORM,PROCESSED,da027400fb2040a361e0e7011e0ea859b527ffd7acc77ea546d6b18206d29a60
3531,102,51,0.5,,True,False,False,0,7,44,95,51,0.4631578947368421,,1.9230034350475311,0.39067473864261715,0.0,1.4139273537962598,1.7375429237402515,1.8876924508376782,,95,0,True,2,0,7,6,0,0,5898.36874310698,,5805.522670900874,,RAW_WINDOWS_DT30_DISTANCE400_V1,102,102,0,1.0,,102,76.71792261789051,1.2996192407288445,1.885203243927532,,2,5,2.744391355642859e-10,1,0,0,0,2,2,5881.560718874474,NO_RAW_BREAK_CROSSING,P2,UNIFORM,PROCESSED,d33da66331e5ecb1dd6a7be2f822da1ac2d15bd3d1f3240d5af00f111236820f
3531,102,31,0.30392156862745096,,True,False,False,0,7,64,95,31,0.6736842105263158,,8.005256057278473,1.8829487001816556,0.9931644334123573,5.214402496995931,6.477377183577579,7.180230831461022,,95,0,True,2,0,7,6,0,0,5898.36874310698,,5770.532841720037,,RAW_WINDOWS_DT30_DISTANCE400_V1,102,102,0,1.0,,102,76.71792261789051,2.7933021672069986,7.1018254822178655,,14,5,2.744391355642859e-10,1,0,0,0,2,2,5881.560718874474,NO_RAW_BREAK_CROSSING,P10,UNIFORM,PROCESSED,310d96038b56595fce908823b2b28201a6f84387e232464beb2db9c88ddfc742
10075,98,7,0.07142857142857142,,True,False,False,8,17,66,73,7,0.904109589041096,,4.945218136557885,1.466804261278069,1.2055852918318424,3.156830017286837,4.656207474444702,4.939273894230129,,73,0,True,2,1,17,3,0,0,199.90262780101935,,95.93781148355464,,RAW_WINDOWS_DT30_DISTANCE400_V1,98,90,8,0.9183673469387755,,90,5.815563625418411,1.6871746933745837,4.804489713933863,,2,5,1.4591534926160044e-10,1,0,0,1,2,1,194.39247993812438,NO_RAW_BREAK_CROSSING,R0,UNIFORM,PROCESSED,d873bb727c9825a3b4ed2d5519446b9d0581e7390b461aae5512f98f40b8bf5c
10075,98,10,0.10204081632653061,,True,False,False,0,17,71,81,10,0.8765432098765432,,4.945218136557885,1.3836324315443613,1.114060519210123,3.1436208612830385,4.654276785703098,4.938613422860378,,81,0,True,2,0,17,6,0,0,199.90262780101935,,127.15282857908119,,RAW_WINDOWS_DT30_DISTANCE400_V1,98,98,0,1.0,,98,5.815563625418411,1.600441206994967,4.767053235495552,,2,5,1.4591534926160044e-10,1,0,0,0,2,2,194.39247993812438,NO_RAW_BREAK_CROSSING,S0,UNIFORM,PROCESSED,583c5ab233740ecfd1c432b9cd51e7a48b4093434f1efeee83d1d28054d06f52
10075,98,7,0.07142857142857142,,True,False,False,8,17,66,73,7,0.904109589041096,,4.945218136557885,1.466804261278069,1.2055852918318424,3.156830017286837,4.656207474444702,4.939273894230129,,73,0,True,2,1,17,3,0,0,199.90262780101935,,95.93781148355464,,RAW_WINDOWS_DT30_DISTANCE400_V1,98,90,8,0.9183673469387755,,90,5.815563625418411,1.6871746933745837,4.804489713933863,,2,5,1.4591534926160044e-10,1,0,0,1,2,1,194.39247993812438,NO_RAW_BREAK_CROSSING,S_POINTS2,UNIFORM,PROCESSED,d3ddd7398df87e0bd30d0dce8bf21db3fcb1c0b974380dec6bb339fbfa755d4e
10075,98,10,0.10204081632653061,,True,False,False,0,17,71,81,10,0.8765432098765432,,4.945218136557885,1.3836324315443613,1.114060519210123,3.1436208612830385,4.654276785703098,4.938613422860378,,81,0,True,2,0,17,6,0,0,199.90262780101935,,127.15282857908119,,RAW_WINDOWS_DT30_DISTANCE400_V1,98,98,0,1.0,,98,5.815563625418411,1.600441206994967,4.767053235495552,,2,5,1.4591534926160044e-10,1,0,0,0,2,2,194.39247993812438,NO_RAW_BREAK_CROSSING,S_LENGTH0,UNIFORM,PROCESSED,1f3db6232557c6f0b0afc4bdfc78c796757d356574a055788f6ce9dc6c73743e
10075,98,8,0.08163265306122448,,True,False,False,8,1,81,89,8,0.9101123595505618,,4.3370190449699395,1.3158732815785876,1.2421764722136655,2.738990715620441,3.1188436281193432,3.800668225384065,,89,0,True,2,1,1,3,0,0,199.90262780101935,,105.47459048718403,,RAW_WINDOWS_DT30_DISTANCE400_V1,98,90,8,0.9183673469387755,,90,4.3370190449699395,1.3197987844118924,3.109315844729763,,0,5,1.4591534926160044e-10,1,0,0,1,2,1,194.39247993812438,NO_RAW_BREAK_CROSSING,D60,UNIFORM,PROCESSED,cafba67b9e976fe5066c6c9b9028f97c1db3bdd5bacf60205c8e0ed77e039d2d
10075,98,13,0.1326530612244898,,True,False,False,8,17,60,73,13,0.821917808219178,,1.9589882053340768,0.6543195155912285,0.586106232035721,1.6311142894202302,1.766952150524085,1.9517160480777278,,73,0,True,2,1,17,3,0,0,199.90262780101935,,113.80063486292464,,RAW_WINDOWS_DT30_DISTANCE400_V1,98,90,8,0.9183673469387755,,90,1.9589882053340768,0.7278728819069209,1.7797822885417207,,0,5,1.4591534926160044e-10,1,0,0,1,2,1,194.39247993812438,NO_RAW_BREAK_CROSSING,P2,UNIFORM,PROCESSED,b9dadf4df0de5fd881cc6cfe5dd7fc2eac31e1f949b28f6bd32332253ac4d5de
10075,98,3,0.030612244897959183,,True,False,False,8,17,70,73,3,0.9589041095890412,,9.671683266097974,3.2541527378153368,2.5187483742058063,6.331367707790171,7.896614963120296,9.117965500816384,,73,0,True,2,1,17,3,0,0,199.90262780101935,,31.490711075575653,,RAW_WINDOWS_DT30_DISTANCE400_V1,98,90,8,0.9183673469387755,,90,10.354251717332597,3.420902033184108,8.52785807963554,,30,5,1.4591534926160044e-10,1,0,0,1,2,1,194.39247993812438,NO_RAW_BREAK_CROSSING,P10,UNIFORM,PROCESSED,747d63657d64127d4d25eb35948c55facae4b198605604f0fb403d4ec869452a
5534,54,0,0.0,,False,True,True,54,0,0,0,0,,EMPTY_DP_REFERENCE_DENOMINATOR,,,,,,,EMPTY_DP_REFERENCE,0,0,True,2,2,0,0,0,0,45.22716700427818,,,EMPTY_OUTPUT,RAW_WINDOWS_DT30_DISTANCE400_V1,54,0,54,0.0,,0,,,,NO_COVERED_RAW_POINTS,0,5,3.260910896644312e-10,1,0,0,2,2,0,38.83597627978001,NO_RAW_BREAK_CROSSING,R0,UNIFORM,ALL_FILTERED,9a4184529278260373eccd8dd1d0ccdc5d54f8add7d1a13339fca0ee0c055419
5534,54,3,0.05555555555555555,,True,False,False,1,5,45,48,3,0.9375,,4.2657147454910325,1.20847982260388,0.9051701972115451,2.6220022021535128,3.4729245019710184,4.221203114849722,,48,0,True,2,1,5,3,0,0,45.22716700427818,,12.553059101598805,,RAW_WINDOWS_DT30_DISTANCE400_V1,54,53,1,0.9814814814814815,,53,4.2657147454910325,1.1353769407042695,3.2801033005522244,,0,5,3.260910896644312e-10,1,0,0,1,2,1,38.83597627978001,NO_RAW_BREAK_CROSSING,S0,UNIFORM,PROCESSED,3494fac884d6792b86da345d152d1b521268389618a238f48300b1e9bcdf3abb
5534,54,0,0.0,,False,True,True,54,0,0,0,0,,EMPTY_DP_REFERENCE_DENOMINATOR,,,,,,,EMPTY_DP_REFERENCE,0,0,True,2,2,0,0,0,0,45.22716700427818,,,EMPTY_OUTPUT,RAW_WINDOWS_DT30_DISTANCE400_V1,54,0,54,0.0,,0,,,,NO_COVERED_RAW_POINTS,0,5,3.260910896644312e-10,1,0,0,2,2,0,38.83597627978001,NO_RAW_BREAK_CROSSING,S_POINTS2,UNIFORM,ALL_FILTERED,2151a9bab05bc9b6035d5a35944a51a66cfda6a7291a044fb80fbaac1437601a
5534,54,3,0.05555555555555555,,True,False,False,1,5,45,48,3,0.9375,,4.2657147454910325,1.20847982260388,0.9051701972115451,2.6220022021535128,3.4729245019710184,4.221203114849722,,48,0,True,2,1,5,3,0,0,45.22716700427818,,12.553059101598805,,RAW_WINDOWS_DT30_DISTANCE400_V1,54,53,1,0.9814814814814815,,53,4.2657147454910325,1.1353769407042695,3.2801033005522244,,0,5,3.260910896644312e-10,1,0,0,1,2,1,38.83597627978001,NO_RAW_BREAK_CROSSING,S_LENGTH0,UNIFORM,PROCESSED,675597e2bda3c20cb6788e0002cc1728b64c83399999bbbdf4b4e8cafde1e46c
5534,54,0,0.0,,False,True,True,54,0,0,0,0,,EMPTY_DP_REFERENCE_DENOMINATOR,,,,,,,EMPTY_DP_REFERENCE,0,0,True,2,2,0,0,0,0,45.22716700427818,,,EMPTY_OUTPUT,RAW_WINDOWS_DT30_DISTANCE400_V1,54,0,54,0.0,,0,,,,NO_COVERED_RAW_POINTS,0,5,3.260910896644312e-10,1,0,0,2,2,0,38.83597627978001,NO_RAW_BREAK_CROSSING,D60,UNIFORM,ALL_FILTERED,1875a48a5ddfdea1561037b78f580064e8a4cc7bc6007362fba7789a83b39c29
5534,54,0,0.0,,False,True,True,54,0,0,0,0,,EMPTY_DP_REFERENCE_DENOMINATOR,,,,,,,EMPTY_DP_REFERENCE,0,0,True,2,2,0,0,0,0,45.22716700427818,,,EMPTY_OUTPUT,RAW_WINDOWS_DT30_DISTANCE400_V1,54,0,54,0.0,,0,,,,NO_COVERED_RAW_POINTS,0,5,3.260910896644312e-10,1,0,0,2,2,0,38.83597627978001,NO_RAW_BREAK_CROSSING,P2,UNIFORM,ALL_FILTERED,2cad64ae0ab12e642b3a9b1d767071635f22bb6bdfafa1cf05acf9d0fb15a025
5534,54,0,0.0,,False,True,True,54,0,0,0,0,,EMPTY_DP_REFERENCE_DENOMINATOR,,,,,,,EMPTY_DP_REFERENCE,0,0,True,2,2,0,0,0,0,45.22716700427818,,,EMPTY_OUTPUT,RAW_WINDOWS_DT30_DISTANCE400_V1,54,0,54,0.0,,0,,,,NO_COVERED_RAW_POINTS,0,5,3.260910896644312e-10,1,0,0,2,2,0,38.83597627978001,NO_RAW_BREAK_CROSSING,P10,UNIFORM,ALL_FILTERED,6ac6efb89c571aa4fdb0af7de93ac13c77f3e2d666cb6ecb110a94ef327bbda3
7511,93,24,0.25806451612903225,,True,False,False,0,38,31,55,24,0.5636363636363637,,4.414684744835388,1.1412919115897022,0.5823899577555063,3.4003802849612685,3.864276173741891,4.408673416528314,,55,0,True,1,0,38,3,0,0,2047.0020629335968,,1604.5432288388472,,RAW_WINDOWS_DT30_DISTANCE400_V1,93,93,0,1.0,,93,21.083667566757534,3.6600589081969868,15.354129083274536,,20,5,2.953022261325484e-10,0,0,0,0,1,1,2047.0020629335968,NO_RAW_BREAK_CROSSING,R0,UNIFORM,PROCESSED,6ef2d9a975b7a15ab07f37259ab513248e7540d0ba5d8b70b52504add465823c
7511,93,24,0.25806451612903225,,True,False,False,0,38,31,55,24,0.5636363636363637,,4.414684744835388,1.1412919115897022,0.5823899577555063,3.4003802849612685,3.864276173741891,4.408673416528314,,55,0,True,1,0,38,3,0,0,2047.0020629335968,,1604.5432288388472,,RAW_WINDOWS_DT30_DISTANCE400_V1,93,93,0,1.0,,93,21.083667566757534,3.6600589081969868,15.354129083274536,,20,5,2.953022261325484e-10,0,0,0,0,1,1,2047.0020629335968,NO_RAW_BREAK_CROSSING,S0,UNIFORM,PROCESSED,38fae936b5e54bf0ce04adb4475834bf1ec503640784e882a842329fd99709fc
7511,93,24,0.25806451612903225,,True,False,False,0,38,31,55,24,0.5636363636363637,,4.414684744835388,1.1412919115897022,0.5823899577555063,3.4003802849612685,3.864276173741891,4.408673416528314,,55,0,True,1,0,38,3,0,0,2047.0020629335968,,1604.5432288388472,,RAW_WINDOWS_DT30_DISTANCE400_V1,93,93,0,1.0,,93,21.083667566757534,3.6600589081969868,15.354129083274536,,20,5,2.953022261325484e-10,0,0,0,0,1,1,2047.0020629335968,NO_RAW_BREAK_CROSSING,S_POINTS2,UNIFORM,PROCESSED,16458ad7672d946c3c47cc3fa114c6d890e3e528649486e82a2f697db84c7346
7511,93,24,0.25806451612903225,,True,False,False,0,38,31,55,24,0.5636363636363637,,4.414684744835388,1.1412919115897022,0.5823899577555063,3.4003802849612685,3.864276173741891,4.408673416528314,,55,0,True,1,0,38,3,0,0,2047.0020629335968,,1604.5432288388472,,RAW_WINDOWS_DT30_DISTANCE400_V1,93,93,0,1.0,,93,21.083667566757534,3.6600589081969868,15.354129083274536,,20,5,2.953022261325484e-10,0,0,0,0,1,1,2047.0020629335968,NO_RAW_BREAK_CROSSING,S_LENGTH0,UNIFORM,PROCESSED,fc14e4e12a1613c84c21acbcc42df6deece21ce87cbc140cad773e4adc445c70
7511,93,31,0.3333333333333333,,True,False,False,0,24,38,69,31,0.5507246376811594,,4.624751507008081,1.0656953497151942,0.500971569683763,3.375857460901076,4.2454934289479285,4.4743362878995185,,69,0,True,1,0,24,3,0,0,2047.0020629335968,,1697.952202425425,,RAW_WINDOWS_DT30_DISTANCE400_V1,93,93,0,1.0,,93,22.45085572038056,2.9118534986152,12.319640139886374,,15,5,2.953022261325484e-10,0,0,0,0,1,1,2047.0020629335968,NO_RAW_BREAK_CROSSING,D60,UNIFORM,PROCESSED,e739425dbb55396b1d2481c83d3ba4f26868ba4192c32c2814b4f55a262c9093
7511,93,38,0.40860215053763443,,True,False,False,0,38,17,55,38,0.3090909090909091,,1.541784729792879,0.18927860315313247,0.0,0.8832080187724664,1.0823000104692069,1.4172087101778488,,55,0,True,1,0,38,3,0,0,2047.0020629335968,,1697.941775777873,,RAW_WINDOWS_DT30_DISTANCE400_V1,93,93,0,1.0,,93,21.083667566757534,3.157212624486944,16.900674157151858,,18,5,2.953022261325484e-10,0,0,0,0,1,1,2047.0020629335968,NO_RAW_BREAK_CROSSING,P2,UNIFORM,PROCESSED,e7073a7b9ea32bb2c54214e2e230999a7c66c54efe28d4e3ea18b868ed4ab919
7511,93,11,0.11827956989247312,,True,False,False,0,38,44,55,11,0.8,,8.995142768020692,2.399943757061988,1.541784729792879,6.423316629379888,7.634410079179593,8.613763277126575,,55,0,True,1,0,38,3,0,0,2047.0020629335968,,1286.189740939368,,RAW_WINDOWS_DT30_DISTANCE400_V1,93,93,0,1.0,,93,21.083667566757534,4.279437703885444,14.220147722789015,,31,5,2.953022261325484e-10,0,0,0,0,1,1,2047.0020629335968,NO_RAW_BREAK_CROSSING,P10,UNIFORM,PROCESSED,0c686648b77306cb1eea20b39a743b86bec2a94316a8d9076bb3a5991a6d3fba
57,98,16,0.16326530612244897,,True,False,False,0,9,73,89,16,0.8202247191011236,,2.7094103116485777,0.765734118278892,0.4796074837334653,2.115962376904525,2.4406280504634394,2.6306449524592352,,89,0,True,2,0,9,6,0,0,363.8627079402135,,327.5808869881306,,RAW_WINDOWS_DT30_DISTANCE400_V1,98,98,0,1.0,,98,2.7094103116485777,0.7959093075096542,2.4028670531087695,,0,5,3.689458619587638e-10,1,0,0,0,2,2,356.9887978642887,NO_RAW_BREAK_CROSSING,R0,UNIFORM,PROCESSED,78c81131f529867856b72081429c6004ee666112d08d1358566723c8f5a20608
57,98,16,0.16326530612244897,,True,False,False,0,9,73,89,16,0.8202247191011236,,2.7094103116485777,0.765734118278892,0.4796074837334653,2.115962376904525,2.4406280504634394,2.6306449524592352,,89,0,True,2,0,9,6,0,0,363.8627079402135,,327.5808869881306,,RAW_WINDOWS_DT30_DISTANCE400_V1,98,98,0,1.0,,98,2.7094103116485777,0.7959093075096542,2.4028670531087695,,0,5,3.689458619587638e-10,1,0,0,0,2,2,356.9887978642887,NO_RAW_BREAK_CROSSING,S0,UNIFORM,PROCESSED,2e56edc6f0a82f5b2e5968bfb4d3ac6ae4a732db868f8e009376338e60634b74
57,98,16,0.16326530612244897,,True,False,False,0,9,73,89,16,0.8202247191011236,,2.7094103116485777,0.765734118278892,0.4796074837334653,2.115962376904525,2.4406280504634394,2.6306449524592352,,89,0,True,2,0,9,6,0,0,363.8627079402135,,327.5808869881306,,RAW_WINDOWS_DT30_DISTANCE400_V1,98,98,0,1.0,,98,2.7094103116485777,0.7959093075096542,2.4028670531087695,,0,5,3.689458619587638e-10,1,0,0,0,2,2,356.9887978642887,NO_RAW_BREAK_CROSSING,S_POINTS2,UNIFORM,PROCESSED,1d9653a405de354c623519200433a9d063e462d1d3f250931d26f093920bbdf1
57,98,16,0.16326530612244897,,True,False,False,0,9,73,89,16,0.8202247191011236,,2.7094103116485777,0.765734118278892,0.4796074837334653,2.115962376904525,2.4406280504634394,2.6306449524592352,,89,0,True,2,0,9,6,0,0,363.8627079402135,,327.5808869881306,,RAW_WINDOWS_DT30_DISTANCE400_V1,98,98,0,1.0,,98,2.7094103116485777,0.7959093075096542,2.4028670531087695,,0,5,3.689458619587638e-10,1,0,0,0,2,2,356.9887978642887,NO_RAW_BREAK_CROSSING,S_LENGTH0,UNIFORM,PROCESSED,0ce336505b006aa6b760602cf64495b7b6d09ebe5d551bf929f5a11d31d436c4
57,98,16,0.16326530612244897,,True,False,False,0,5,77,93,16,0.8279569892473118,,2.8407552657210395,0.7873870301086192,0.5927110187861748,2.140383983039029,2.5110996454241103,2.7627937387080213,,93,0,True,2,0,5,6,0,0,363.8627079402135,,327.8052844690868,,RAW_WINDOWS_DT30_DISTANCE400_V1,98,98,0,1.0,,98,2.8407552657210395,0.8082277837200981,2.4876589932709066,,0,5,3.689458619587638e-10,1,0,0,0,2,2,356.9887978642887,NO_RAW_BREAK_CROSSING,D60,UNIFORM,PROCESSED,4a0d9e812706e1ce3b4351022fa1ac2de82f9e1cf81a465ed835ec1418194164
57,98,24,0.24489795918367346,,True,False,False,0,9,65,89,24,0.7303370786516854,,1.8746806549015977,0.43195683462952383,0.2645156498185163,1.216686594854218,1.5734774164666228,1.7653821596680415,,89,0,True,2,0,9,6,0,0,363.8627079402135,,341.3642143645907,,RAW_WINDOWS_DT30_DISTANCE400_V1,98,98,0,1.0,,98,1.8746806549015977,0.4478066369801567,1.5172405645350127,,0,5,3.689458619587638e-10,1,0,0,0,2,2,356.9887978642887,NO_RAW_BREAK_CROSSING,P2,UNIFORM,PROCESSED,20073ac9e3a850363a7645c07051e58bd80386f7384d23ea0188b5fff42e6bfb
57,98,9,0.09183673469387756,,True,False,False,0,9,80,89,9,0.898876404494382,,9.906975381133192,3.577565157835167,2.390280053990547,8.838526798405669,9.045681463339081,9.855877908888635,,89,0,True,2,0,9,6,0,0,363.8627079402135,,282.97387956989365,,RAW_WINDOWS_DT30_DISTANCE400_V1,98,98,0,1.0,,98,9.906975381133192,3.5063156391413863,9.114661282932891,,31,5,3.689458619587638e-10,1,0,0,0,2,2,356.9887978642887,NO_RAW_BREAK_CROSSING,P10,UNIFORM,PROCESSED,63e4da775c1355a0d38396c5c7566e2aed449ad88adbde99c5e61f2c8bdcbc22
911,70,17,0.24285714285714285,,True,False,False,10,22,21,38,17,0.5526315789473684,,4.649548699245321,0.8191936628626911,0.10217417217780189,2.384489556009205,4.350851434654448,4.543873280975132,,38,0,True,4,2,22,6,0,0,6097.476036248458,,442.01920476798074,,RAW_WINDOWS_DT30_DISTANCE400_V1,70,60,10,0.8571428571428571,,60,34.18339287041325,2.1890718195057897,6.509296072118266,,7,5,3.329099828479832e-10,3,0,0,2,4,2,633.5742213706179,NO_RAW_BREAK_CROSSING,R0,UNIFORM,PROCESSED,9e20b971744e5446074d8f4da0187a6ac215078b3f2623170b8747b27681340a
911,70,21,0.3,,True,False,False,1,22,26,47,21,0.5531914893617021,,4.649548699245321,0.7638117193099798,0.14754976622726065,2.0090437249661455,3.9898109121309995,4.518168449504004,,47,0,True,4,1,22,9,0,0,6097.476036248458,,495.7695146523324,,RAW_WINDOWS_DT30_DISTANCE400_V1,70,69,1,0.9857142857142858,,69,34.18339287041325,1.9726681273787556,6.392400522676416,,7,5,3.329099828479832e-10,3,0,0,1,4,3,633.5742213706179,NO_RAW_BREAK_CROSSING,S0,UNIFORM,PROCESSED,8a5254896944efed9348d0ee2858250d3e6f105ba74ba2cbb607deb9887b0ae3
911,70,17,0.24285714285714285,,True,False,False,10,22,21,38,17,0.5526315789473684,,4.649548699245321,0.8191936628626911,0.10217417217780189,2.384489556009205,4.350851434654448,4.543873280975132,,38,0,True,4,2,22,6,0,0,6097.476036248458,,442.01920476798074,,RAW_WINDOWS_DT30_DISTANCE400_V1,70,60,10,0.8571428571428571,,60,34.18339287041325,2.1890718195057897,6.509296072118266,,7,5,3.329099828479832e-10,3,0,0,2,4,2,633.5742213706179,NO_RAW_BREAK_CROSSING,S_POINTS2,UNIFORM,PROCESSED,67c9d8e4bd3bd7b1bcdf1cdc89fe204f64125ef8906ea15fefd76de120015331
911,70,21,0.3,,True,False,False,1,22,26,47,21,0.5531914893617021,,4.649548699245321,0.7638117193099798,0.14754976622726065,2.0090437249661455,3.9898109121309995,4.518168449504004,,47,0,True,4,1,22,9,0,0,6097.476036248458,,495.7695146523324,,RAW_WINDOWS_DT30_DISTANCE400_V1,70,69,1,0.9857142857142858,,69,34.18339287041325,1.9726681273787556,6.392400522676416,,7,5,3.329099828479832e-10,3,0,0,1,4,3,633.5742213706179,NO_RAW_BREAK_CROSSING,S_LENGTH0,UNIFORM,PROCESSED,74872f5ba6e6755e0243a82e77be93964b5b434a81b15f44024b7404e1c71307
911,70,16,0.22857142857142856,,True,False,False,10,12,32,48,16,0.6666666666666667,,4.649548699245321,1.1214455007723099,0.3900784599992552,3.8900051179228745,4.358550273491384,4.602082654539448,,48,0,True,4,2,12,6,0,0,6097.476036248458,,457.9502768865195,,RAW_WINDOWS_DT30_DISTANCE400_V1,70,60,10,0.8571428571428571,,60,34.18339287041325,1.9628812756109244,4.697256312995699,,3,5,3.329099828479832e-10,3,0,0,2,4,2,633.5742213706179,NO_RAW_BREAK_CROSSING,D60,UNIFORM,PROCESSED,34911bb0eb70c61b6900eb8a6ff55d9e3ad343db50d12db7b1da6f56762fed31
911,70,21,0.3,,True,False,False,10,22,17,38,21,0.4473684210526315,,1.7031366857228325,0.33378843332081976,0.0,1.2296601590203127,1.3811708487529264,1.667450582005861,,38,0,True,4,2,22,6,0,0,6097.476036248458,,448.6046899248582,,RAW_WINDOWS_DT30_DISTANCE400_V1,70,60,10,0.8571428571428571,,60,34.18339287041325,1.8968820629895704,6.509296072118266,,7,5,3.329099828479832e-10,3,0,0,2,4,2,633.5742213706179,NO_RAW_BREAK_CROSSING,P2,UNIFORM,PROCESSED,742473a2ba162ee57cf862be226d4c7f05d2ca332108af9530727f5b9bf95299
911,70,10,0.14285714285714285,,True,False,False,10,22,28,38,10,0.736842105263158,,9.668777054725751,1.9545662111027025,0.5695003470375777,5.211133343641336,6.62784066037859,9.469084588722462,,38,0,True,4,2,22,6,0,0,6097.476036248458,,394.6419827520606,,RAW_WINDOWS_DT30_DISTANCE400_V1,70,60,10,0.8571428571428571,,60,34.18339287041325,3.4642890478227653,9.733140058089894,,16,5,3.329099828479832e-10,3,0,0,2,4,2,633.5742213706179,NO_RAW_BREAK_CROSSING,P10,UNIFORM,PROCESSED,3fd8a14e616dc90e0de4d6e34770e76fb04340953f3914129b6e540534c46f5a
2131,136,35,0.25735294117647056,,True,False,False,0,22,79,114,35,0.6929824561403508,,4.780200528253784,1.358174647903033,0.7972135206613012,4.188735071184264,4.43733417133708,4.746617691511415,,114,0,True,1,0,22,29,0,0,6946.980127802607,,6874.446170903994,,RAW_WINDOWS_DT30_DISTANCE400_V1,136,136,0,1.0,,136,20.12548473467369,2.146971880986822,6.629740372691414,,11,5,2.7981788425908306e-10,0,0,0,0,1,1,6946.980127802607,NO_RAW_BREAK_CROSSING,R0,UNIFORM,PROCESSED,6072261d858b8c64c5b3127f2e3e6741a64793212360067d7784c3f233822e25
2131,136,35,0.25735294117647056,,True,False,False,0,22,79,114,35,0.6929824561403508,,4.780200528253784,1.358174647903033,0.7972135206613012,4.188735071184264,4.43733417133708,4.746617691511415,,114,0,True,1,0,22,29,0,0,6946.980127802607,,6874.446170903994,,RAW_WINDOWS_DT30_DISTANCE400_V1,136,136,0,1.0,,136,20.12548473467369,2.146971880986822,6.629740372691414,,11,5,2.7981788425908306e-10,0,0,0,0,1,1,6946.980127802607,NO_RAW_BREAK_CROSSING,S0,UNIFORM,PROCESSED,86652898e1ba7b9b6596787f3cea18cf8ef54049beb5611af22920068e4015e2
2131,136,35,0.25735294117647056,,True,False,False,0,22,79,114,35,0.6929824561403508,,4.780200528253784,1.358174647903033,0.7972135206613012,4.188735071184264,4.43733417133708,4.746617691511415,,114,0,True,1,0,22,29,0,0,6946.980127802607,,6874.446170903994,,RAW_WINDOWS_DT30_DISTANCE400_V1,136,136,0,1.0,,136,20.12548473467369,2.146971880986822,6.629740372691414,,11,5,2.7981788425908306e-10,0,0,0,0,1,1,6946.980127802607,NO_RAW_BREAK_CROSSING,S_POINTS2,UNIFORM,PROCESSED,333a3e3ff46b9d2851a81a4146697110c13321255a442f2681939d25097573b3
2131,136,35,0.25735294117647056,,True,False,False,0,22,79,114,35,0.6929824561403508,,4.780200528253784,1.358174647903033,0.7972135206613012,4.188735071184264,4.43733417133708,4.746617691511415,,114,0,True,1,0,22,29,0,0,6946.980127802607,,6874.446170903994,,RAW_WINDOWS_DT30_DISTANCE400_V1,136,136,0,1.0,,136,20.12548473467369,2.146971880986822,6.629740372691414,,11,5,2.7981788425908306e-10,0,0,0,0,1,1,6946.980127802607,NO_RAW_BREAK_CROSSING,S_LENGTH0,UNIFORM,PROCESSED,6e1a109c88dda399d5cb163431bebb3baa24c3e77ce19cca06572f588108ff3c
2131,136,45,0.33088235294117646,,True,False,False,0,3,88,133,45,0.6616541353383458,,4.780200528253784,1.4862037422882253,0.8449712721012301,4.216114536863741,4.466072877190685,4.606475937114159,,133,0,True,1,0,3,29,0,0,6946.980127802607,,6908.165867527246,,RAW_WINDOWS_DT30_DISTANCE400_V1,136,136,0,1.0,,136,12.211084950860219,1.6483854731018155,4.511815399060128,,3,5,2.7981788425908306e-10,0,0,0,0,1,1,6946.980127802607,NO_RAW_BREAK_CROSSING,D60,UNIFORM,PROCESSED,34e8251d573689e29821b3b6282476916c09eb332b18c61f7dce3e7cb589477a
2131,136,57,0.41911764705882354,,True,False,False,0,22,57,114,57,0.5,,1.94408560982292,0.34998395526838133,0.0,1.1590070784487274,1.4840578488496503,1.9214126758452996,,114,0,True,1,0,22,29,0,0,6946.980127802607,,6885.4564431985755,,RAW_WINDOWS_DT30_DISTANCE400_V1,136,136,0,1.0,,136,20.12548473467369,1.250236790749273,6.593506554040108,,9,5,2.7981788425908306e-10,0,0,0,0,1,1,6946.980127802607,NO_RAW_BREAK_CROSSING,P2,UNIFORM,PROCESSED,85947e608c2b54eb16e53df71108fe5fa323bc178e7be350069fc288d478e1e7
2131,136,23,0.16911764705882354,,True,False,False,0,22,91,114,23,0.7982456140350878,,9.951680545295265,2.225768880783562,1.6856734635110824,5.336691035981089,6.188004461952854,9.354546710237468,,114,0,True,1,0,22,29,0,0,6946.980127802607,,6867.517353934238,,RAW_WINDOWS_DT30_DISTANCE400_V1,136,136,0,1.0,,136,20.302330191150144,2.9297912023592927,9.600160687937358,,25,5,2.7981788425908306e-10,0,0,0,0,1,1,6946.980127802607,NO_RAW_BREAK_CROSSING,P10,UNIFORM,PROCESSED,8f306b87a8b1cd0d73dc515b0b4e2b30795aa5230374bef00501111aa58d26c3
200,100,0,0.0,,False,True,True,100,0,0,0,0,,EMPTY_DP_REFERENCE_DENOMINATOR,,,,,,,EMPTY_DP_REFERENCE,0,0,True,2,2,0,0,0,0,26.765210541793582,,,EMPTY_OUTPUT,RAW_WINDOWS_DT30_DISTANCE400_V1,100,0,100,0.0,,0,,,,NO_COVERED_RAW_POINTS,0,5,1.2634621768755319e-10,1,0,0,2,2,0,25.758613186201003,NO_RAW_BREAK_CROSSING,R0,UNIFORM,ALL_FILTERED,2054eb1400d6171aa085102cd5186738ed48fffca6b4392b30bb5360c1c64217
200,100,4,0.04,,True,False,False,0,0,96,100,4,0.96,,2.3754117000085904,0.857658015361113,0.8148164967757798,2.0691624559828425,2.10069047329929,2.3754117000085904,,100,0,True,2,0,0,100,0,0,26.765210541793582,,19.855721912668184,,RAW_WINDOWS_DT30_DISTANCE400_V1,100,100,0,1.0,,100,2.3754117000085904,0.857658015361113,2.10069047329929,,0,5,1.2634621768755319e-10,1,0,0,0,2,2,25.758613186201003,NO_RAW_BREAK_CROSSING,S0,UNIFORM,PROCESSED,cf0ada41ebe314d49dc83ec4333dcd6a4126dcb4dd4d6d3c270357de85dbc8a6
200,100,0,0.0,,False,True,True,100,0,0,0,0,,EMPTY_DP_REFERENCE_DENOMINATOR,,,,,,,EMPTY_DP_REFERENCE,0,0,True,2,2,0,0,0,0,26.765210541793582,,,EMPTY_OUTPUT,RAW_WINDOWS_DT30_DISTANCE400_V1,100,0,100,0.0,,0,,,,NO_COVERED_RAW_POINTS,0,5,1.2634621768755319e-10,1,0,0,2,2,0,25.758613186201003,NO_RAW_BREAK_CROSSING,S_POINTS2,UNIFORM,ALL_FILTERED,df2e24398f078b84a458d549e8b5f83ead62a995507a124163eb5105bf7a6837
200,100,4,0.04,,True,False,False,0,0,96,100,4,0.96,,2.3754117000085904,0.857658015361113,0.8148164967757798,2.0691624559828425,2.10069047329929,2.3754117000085904,,100,0,True,2,0,0,100,0,0,26.765210541793582,,19.855721912668184,,RAW_WINDOWS_DT30_DISTANCE400_V1,100,100,0,1.0,,100,2.3754117000085904,0.857658015361113,2.10069047329929,,0,5,1.2634621768755319e-10,1,0,0,0,2,2,25.758613186201003,NO_RAW_BREAK_CROSSING,S_LENGTH0,UNIFORM,PROCESSED,0c9077bd8c3445f2cdd6c5dd059aae151de1e5a5fae523110c743f973145aa8b
200,100,0,0.0,,False,True,True,100,0,0,0,0,,EMPTY_DP_REFERENCE_DENOMINATOR,,,,,,,EMPTY_DP_REFERENCE,0,0,True,2,2,0,0,0,0,26.765210541793582,,,EMPTY_OUTPUT,RAW_WINDOWS_DT30_DISTANCE400_V1,100,0,100,0.0,,0,,,,NO_COVERED_RAW_POINTS,0,5,1.2634621768755319e-10,1,0,0,2,2,0,25.758613186201003,NO_RAW_BREAK_CROSSING,D60,UNIFORM,ALL_FILTERED,4f02f04d9c76d9e5f5a9481843562e4cfa68153f7584f7098173cb1effafc515
200,100,0,0.0,,False,True,True,100,0,0,0,0,,EMPTY_DP_REFERENCE_DENOMINATOR,,,,,,,EMPTY_DP_REFERENCE,0,0,True,2,2,0,0,0,0,26.765210541793582,,,EMPTY_OUTPUT,RAW_WINDOWS_DT30_DISTANCE400_V1,100,0,100,0.0,,0,,,,NO_COVERED_RAW_POINTS,0,5,1.2634621768755319e-10,1,0,0,2,2,0,25.758613186201003,NO_RAW_BREAK_CROSSING,P2,UNIFORM,ALL_FILTERED,98bbc71ff59b6da866144e03aafcec02959c35b58e5b87029ae9a1e87baef053
200,100,0,0.0,,False,True,True,100,0,0,0,0,,EMPTY_DP_REFERENCE_DENOMINATOR,,,,,,,EMPTY_DP_REFERENCE,0,0,True,2,2,0,0,0,0,26.765210541793582,,,EMPTY_OUTPUT,RAW_WINDOWS_DT30_DISTANCE400_V1,100,0,100,0.0,,0,,,,NO_COVERED_RAW_POINTS,0,5,1.2634621768755319e-10,1,0,0,2,2,0,25.758613186201003,NO_RAW_BREAK_CROSSING,P10,UNIFORM,ALL_FILTERED,bd34fb5f1e3aa51000163e8ed7765106baeb4e9db934c7ff844d2cde52564553
9097,113,43,0.3805309734513274,,True,False,False,0,3,67,110,43,0.6090909090909091,,4.7284775720439,0.8342014477670169,0.17809744719363388,2.751033808842726,3.6789314088851004,4.490602896213846,,110,0,True,1,0,3,37,0,0,6457.811988116739,,6382.481593252958,,RAW_WINDOWS_DT30_DISTANCE400_V1,113,113,0,1.0,,113,31.89608166776602,1.4165233682823253,4.286865514795648,,3,5,1.7288171452108542e-10,0,0,0,0,1,1,6457.811988116739,NO_RAW_BREAK_CROSSING,R0,UNIFORM,PROCESSED,1d3fe75566ded6acd2e8714952834dbd792ca10ff6445ac741259143923fb923
9097,113,43,0.3805309734513274,,True,False,False,0,3,67,110,43,0.6090909090909091,,4.7284775720439,0.8342014477670169,0.17809744719363388,2.751033808842726,3.6789314088851004,4.490602896213846,,110,0,True,1,0,3,37,0,0,6457.811988116739,,6382.481593252958,,RAW_WINDOWS_DT30_DISTANCE400_V1,113,113,0,1.0,,113,31.89608166776602,1.4165233682823253,4.286865514795648,,3,5,1.7288171452108542e-10,0,0,0,0,1,1,6457.811988116739,NO_RAW_BREAK_CROSSING,S0,UNIFORM,PROCESSED,dae1e6de09671b390add3fad8e883acfd15fb26fb8045357a3b8f484cde0372f
9097,113,43,0.3805309734513274,,True,False,False,0,3,67,110,43,0.6090909090909091,,4.7284775720439,0.8342014477670169,0.17809744719363388,2.751033808842726,3.6789314088851004,4.490602896213846,,110,0,True,1,0,3,37,0,0,6457.811988116739,,6382.481593252958,,RAW_WINDOWS_DT30_DISTANCE400_V1,113,113,0,1.0,,113,31.89608166776602,1.4165233682823253,4.286865514795648,,3,5,1.7288171452108542e-10,0,0,0,0,1,1,6457.811988116739,NO_RAW_BREAK_CROSSING,S_POINTS2,UNIFORM,PROCESSED,fd8dd23a0c1145c9c3dbb65c61a1dd64cc19e30f400372a0a33b167248d0cddd
9097,113,43,0.3805309734513274,,True,False,False,0,3,67,110,43,0.6090909090909091,,4.7284775720439,0.8342014477670169,0.17809744719363388,2.751033808842726,3.6789314088851004,4.490602896213846,,110,0,True,1,0,3,37,0,0,6457.811988116739,,6382.481593252958,,RAW_WINDOWS_DT30_DISTANCE400_V1,113,113,0,1.0,,113,31.89608166776602,1.4165233682823253,4.286865514795648,,3,5,1.7288171452108542e-10,0,0,0,0,1,1,6457.811988116739,NO_RAW_BREAK_CROSSING,S_LENGTH0,UNIFORM,PROCESSED,924da4a7fd63ff2e51e662e715e0cedce3074a227c3446d28b98b909ed366653
9097,113,44,0.3893805309734513,,True,False,False,0,1,68,112,44,0.6071428571428572,,4.565216257223472,0.9065034689016966,0.17809744719363388,2.713148633590314,3.4066973148505095,4.50969931868241,,112,0,True,1,0,1,37,0,0,6457.811988116739,,6401.0587369734885,,RAW_WINDOWS_DT30_DISTANCE400_V1,113,113,0,1.0,,113,29.246688289565903,1.1573015646597868,3.6322860571153672,,1,5,1.7288171452108542e-10,0,0,0,0,1,1,6457.811988116739,NO_RAW_BREAK_CROSSING,D60,UNIFORM,PROCESSED,dc2ae4a771d34c1da1f3e3ecc47205fe7307cfea3a11740bd741ee76143632f4
9097,113,59,0.5221238938053098,,True,False,False,0,3,51,110,59,0.4636363636363636,,1.8748163617253188,0.2603237354011468,0.0,0.7992282871419667,1.023714214819993,1.8408112227837317,,110,0,True,1,0,3,37,0,0,6457.811988116739,,6386.042281503543,,RAW_WINDOWS_DT30_DISTANCE400_V1,113,113,0,1.0,,113,31.89608166776602,0.8578813473951953,1.2969638476061067,,3,5,1.7288171452108542e-10,0,0,0,0,1,1,6457.811988116739,NO_RAW_BREAK_CROSSING,P2,UNIFORM,PROCESSED,107670dfd755b10e8e3cf880b9caa97aaa411a54f15b4b4ea91ccc6312c45811
9097,113,30,0.26548672566371684,,True,False,False,0,3,80,110,30,0.7272727272727273,,9.822311948218044,2.3246707611432518,0.9123094206008836,5.726503546979392,8.079332000917143,9.709803654350102,,110,0,True,1,0,3,37,0,0,6457.811988116739,,6367.245001780447,,RAW_WINDOWS_DT30_DISTANCE400_V1,113,113,0,1.0,,113,31.89608166776602,2.867422699887509,8.681379960454388,,17,5,1.7288171452108542e-10,0,0,0,0,1,1,6457.811988116739,NO_RAW_BREAK_CROSSING,P10,UNIFORM,PROCESSED,3986434d086b06c97250e87dea562001f7f3f7dcc37b88c38463e041aa2ccef0
7190,52,15,0.28846153846153844,,True,False,False,11,1,25,40,15,0.625,,4.334265294180108,0.8927551014605111,0.002267950078537988,2.895178006824603,3.892527717246654,4.16198763917606,,40,0,True,6,3,1,21,0,0,3929.82614915151,,2658.547122200179,,RAW_WINDOWS_DT30_DISTANCE400_V1,52,41,11,0.7884615384615384,,41,14.321705483670003,1.2202904766363525,3.892527717246654,,1,5,3.382716286454203e-10,5,0,0,5,6,3,3164.1135415834956,NO_RAW_BREAK_CROSSING,R0,UNIFORM,PROCESSED,63ed99f0540b87a8b06d7d2320f34d4b8f52c2e3efeb83ad01195e5d232d8e47
7190,52,20,0.38461538461538464,,True,False,False,1,1,30,50,20,0.6,,4.334265294180108,0.7547775211434533,0.0,2.6970825278593025,3.892527717246654,4.117813881482714,,50,0,True,6,1,1,30,0,0,3929.82614915151,,3155.407510091655,,RAW_WINDOWS_DT30_DISTANCE400_V1,52,51,1,0.9807692307692307,,51,14.321705483670003,1.020795716487111,3.892527717246654,,1,5,3.382716286454203e-10,5,0,0,1,6,5,3164.1135415834956,NO_RAW_BREAK_CROSSING,S0,UNIFORM,PROCESSED,e3266cc35e805da78bbaa326e0e866f0e0d80f4851c11856427ed35b47b918aa
7190,52,18,0.34615384615384615,,True,False,False,7,1,26,44,18,0.5909090909090908,,4.334265294180108,0.8457076665110729,0.001133975039268994,2.7552684241752763,3.892527717246654,4.144318136098723,,44,0,True,6,2,1,24,0,0,3929.82614915151,,3141.7436664859297,,RAW_WINDOWS_DT30_DISTANCE400_V1,52,45,7,0.8653846153846154,,45,14.321705483670003,1.14517428467016,3.892527717246654,,1,5,3.382716286454203e-10,5,0,0,3,6,4,3164.1135415834956,NO_RAW_BREAK_CROSSING,S_POINTS2,UNIFORM,PROCESSED,49ae46af6915b90160a998fff5f878c1b28475d0889ce1a364910205d0e1180a
7190,52,17,0.3269230769230769,,True,False,False,5,1,29,46,17,0.6304347826086957,,4.334265294180108,0.7877813649805632,0.0,2.735873125403285,3.892527717246654,4.135483384560052,,46,0,True,6,2,1,27,0,0,3929.82614915151,,2672.210965805904,,RAW_WINDOWS_DT30_DISTANCE400_V1,52,47,5,0.9038461538461539,,47,14.321705483670003,1.0757371972931045,3.892527717246654,,1,5,3.382716286454203e-10,5,0,0,3,6,4,3164.1135415834956,NO_RAW_BREAK_CROSSING,S_LENGTH0,UNIFORM,PROCESSED,64e3522def42864bba291d5ea64de4bbf890c5df35be2d47bc4f0ea51a191ced
7190,52,16,0.3076923076923077,,True,False,False,11,0,25,41,16,0.6097560975609756,,4.334265294180108,0.7871571088099274,0.002267950078537988,2.7469401848421784,2.7469401848421784,3.714303725441372,,41,0,True,6,3,0,21,0,0,3929.82614915151,,2665.514907173553,,RAW_WINDOWS_DT30_DISTANCE400_V1,52,41,11,0.7884615384615384,,41,4.334265294180108,0.7871571088099274,2.7469401848421784,,0,5,3.382716286454203e-10,5,0,0,5,6,3,3164.1135415834956,NO_RAW_BREAK_CROSSING,D60,UNIFORM,PROCESSED,f4098d4e3ccef3f2b28321d25bf2023ebbe25c3e734616b89e14aafb11d5fee9
7190,52,20,0.38461538461538464,,True,False,False,11,1,20,40,20,0.5,,1.9266361668547283,0.31541267245722454,0.0,1.068933587694642,1.2832007335077573,1.852693307166181,,40,0,True,6,3,1,21,0,0,3929.82614915151,,2659.3149649935904,,RAW_WINDOWS_DT30_DISTANCE400_V1,52,41,11,0.7884615384615384,,41,12.54055227553343,0.6135868091176198,1.7370390907302484,,1,5,3.382716286454203e-10,5,0,0,5,6,3,3164.1135415834956,NO_RAW_BREAK_CROSSING,P2,UNIFORM,PROCESSED,12d9f036f2015a68e17745a5b04ef98dcfe66f494eb08fe63a7c315994cea415
7190,52,10,0.19230769230769232,,True,False,False,11,1,30,40,10,0.75,,8.928676738621007,2.577432935211334,1.289198356675684,6.043064669883391,7.435281991329308,8.744858358278945,,40,0,True,6,3,1,21,0,0,3929.82614915151,,2655.8064646414095,,RAW_WINDOWS_DT30_DISTANCE400_V1,52,41,11,0.7884615384615384,,41,14.321705483670003,2.8638786071249602,8.457347558256744,,11,5,3.382716286454203e-10,5,0,0,5,6,3,3164.1135415834956,NO_RAW_BREAK_CROSSING,P10,UNIFORM,PROCESSED,551d6894e3bdd0e625b2ead2af2121e5f605b23cf78c1c5e5fc1244f3b55a0c2
2394,100,26,0.26,,True,False,False,0,4,70,96,26,0.7291666666666667,,3.9165406581450046,0.7578607781519922,0.0,3.754230744253163,3.9165406581450046,3.9165406581450046,,96,0,True,2,0,4,59,0,0,3972.218647758415,,3862.781161037321,,RAW_WINDOWS_DT30_DISTANCE400_V1,100,100,0,1.0,,100,47.910093102822685,2.30589606425908,3.9165406581450046,,4,5,1.9616242542043543e-10,1,0,0,0,2,2,3958.3490883736295,NO_RAW_BREAK_CROSSING,R0,UNIFORM,PROCESSED,066bf7d0906b657e52854d9b4ef97cb5158c6df14a3776049d76031b39b6d54f
2394,100,26,0.26,,True,False,False,0,4,70,96,26,0.7291666666666667,,3.9165406581450046,0.7578607781519922,0.0,3.754230744253163,3.9165406581450046,3.9165406581450046,,96,0,True,2,0,4,59,0,0,3972.218647758415,,3862.781161037321,,RAW_WINDOWS_DT30_DISTANCE400_V1,100,100,0,1.0,,100,47.910093102822685,2.30589606425908,3.9165406581450046,,4,5,1.9616242542043543e-10,1,0,0,0,2,2,3958.3490883736295,NO_RAW_BREAK_CROSSING,S0,UNIFORM,PROCESSED,de583f151bdb1625ad8a349469d91608f7ef19f3c696d400dba515e31fad7fd7
2394,100,26,0.26,,True,False,False,0,4,70,96,26,0.7291666666666667,,3.9165406581450046,0.7578607781519922,0.0,3.754230744253163,3.9165406581450046,3.9165406581450046,,96,0,True,2,0,4,59,0,0,3972.218647758415,,3862.781161037321,,RAW_WINDOWS_DT30_DISTANCE400_V1,100,100,0,1.0,,100,47.910093102822685,2.30589606425908,3.9165406581450046,,4,5,1.9616242542043543e-10,1,0,0,0,2,2,3958.3490883736295,NO_RAW_BREAK_CROSSING,S_POINTS2,UNIFORM,PROCESSED,ee408b7b4a5c544729bc4e571859b7e37953c4d34b73377e7e5268e544ec836b
2394,100,26,0.26,,True,False,False,0,4,70,96,26,0.7291666666666667,,3.9165406581450046,0.7578607781519922,0.0,3.754230744253163,3.9165406581450046,3.9165406581450046,,96,0,True,2,0,4,59,0,0,3972.218647758415,,3862.781161037321,,RAW_WINDOWS_DT30_DISTANCE400_V1,100,100,0,1.0,,100,47.910093102822685,2.30589606425908,3.9165406581450046,,4,5,1.9616242542043543e-10,1,0,0,0,2,2,3958.3490883736295,NO_RAW_BREAK_CROSSING,S_LENGTH0,UNIFORM,PROCESSED,48139ec5950348becdeef75009885bdec3818d06144c6cd8819b32ced00d53a2
2394,100,28,0.28,,True,False,False,0,0,72,100,28,0.72,,4.977661257317755,0.3624721171291119,0.0,1.1632734675852225,1.9317048504838037,3.605778234630892,,100,0,True,2,0,0,59,0,0,3972.218647758415,,3954.0117761328884,,RAW_WINDOWS_DT30_DISTANCE400_V1,100,100,0,1.0,,100,4.977661257317755,0.3624721171291119,1.9317048504838037,,0,5,1.9616242542043543e-10,1,0,0,0,2,2,3958.3490883736295,NO_RAW_BREAK_CROSSING,D60,UNIFORM,PROCESSED,b69445ba8bec43a9eb195bf00cd4d43c263ce868cd3b96d906a2a20b452386e4
2394,100,32,0.32,,True,False,False,0,4,64,96,32,0.6666666666666667,,1.8285282537523766,0.18586306214422646,0.0,0.7849017059232655,0.9417343580236837,1.75534637215653,,96,0,True,2,0,4,59,0,0,3972.218647758415,,3865.557591818071,,RAW_WINDOWS_DT30_DISTANCE400_V1,100,100,0,1.0,,100,47.910093102822685,1.7444470541803476,1.75534637215653,,4,5,1.9616242542043543e-10,1,0,0,0,2,2,3958.3490883736295,NO_RAW_BREAK_CROSSING,P2,UNIFORM,PROCESSED,c4ce91fd007b1263ce87f6d0e77060c094e34b8c09fe32bce85e4bb1dc144469
2394,100,18,0.18,,True,False,False,0,4,78,96,18,0.8125,,8.554961159546156,1.512502237095451,0.0,4.620310501511806,5.8078035067759615,7.761747303020719,,96,0,True,2,0,4,59,0,0,3972.218647758415,,3855.1144340902993,,RAW_WINDOWS_DT30_DISTANCE400_V1,100,100,0,1.0,,100,46.70238016409605,3.0113018505021447,7.761747303020719,,14,5,1.9616242542043543e-10,1,0,0,0,2,2,3958.3490883736295,NO_RAW_BREAK_CROSSING,P10,UNIFORM,PROCESSED,0e8e3995294f5870fdd308b45e87fd54ee7e5e61a5fc2e9597cb88df8152a386
5129,102,11,0.10784313725490197,,True,False,False,67,0,24,35,11,0.6857142857142857,,3.62287093666578,0.8543194032291358,0.02523713464741979,2.637522294299975,2.9004271457211823,3.452877312391201,,35,0,True,2,1,0,13,0,0,1706.1847016885736,,1659.9281325883485,,RAW_WINDOWS_DT30_DISTANCE400_V1,102,35,67,0.3431372549019608,,35,3.62287093666578,0.8543194032291358,2.9004271457211823,,0,5,7.292524817869332e-11,1,0,0,1,2,1,1691.127034915492,NO_RAW_BREAK_CROSSING,R0,UNIFORM,PROCESSED,4c543fb1ece58cccd6bb95d16945d3a62f2bb2efd887f01a1560aece1b9d98c1
5129,102,15,0.14705882352941177,,True,False,False,0,0,87,102,15,0.8529411764705882,,3.62287093666578,0.548622755927363,0.22096472104756612,1.0761656983609427,2.551500831004589,3.119711652469686,,102,0,True,2,0,0,80,0,0,1706.1847016885736,,1684.9049008811457,,RAW_WINDOWS_DT30_DISTANCE400_V1,102,102,0,1.0,,102,3.62287093666578,0.548622755927363,2.551500831004589,,0,5,7.292524817869332e-11,1,0,0,0,2,2,1691.127034915492,NO_RAW_BREAK_CROSSING,S0,UNIFORM,PROCESSED,0e5097fca312c9f0a7a77afbc8d1428fd9bd7e9e92bb9bccbc00c78a2516f518
5129,102,11,0.10784313725490197,,True,False,False,67,0,24,35,11,0.6857142857142857,,3.62287093666578,0.8543194032291358,0.02523713464741979,2.637522294299975,2.9004271457211823,3.452877312391201,,35,0,True,2,1,0,13,0,0,1706.1847016885736,,1659.9281325883485,,RAW_WINDOWS_DT30_DISTANCE400_V1,102,35,67,0.3431372549019608,,35,3.62287093666578,0.8543194032291358,2.9004271457211823,,0,5,7.292524817869332e-11,1,0,0,1,2,1,1691.127034915492,NO_RAW_BREAK_CROSSING,S_POINTS2,UNIFORM,PROCESSED,68c9c3b90b565a4515edc5c6c2d533b5b5c589b2adccb7a26679de550df9fb79
5129,102,15,0.14705882352941177,,True,False,False,0,0,87,102,15,0.8529411764705882,,3.62287093666578,0.548622755927363,0.22096472104756612,1.0761656983609427,2.551500831004589,3.119711652469686,,102,0,True,2,0,0,80,0,0,1706.1847016885736,,1684.9049008811457,,RAW_WINDOWS_DT30_DISTANCE400_V1,102,102,0,1.0,,102,3.62287093666578,0.548622755927363,2.551500831004589,,0,5,7.292524817869332e-11,1,0,0,0,2,2,1691.127034915492,NO_RAW_BREAK_CROSSING,S_LENGTH0,UNIFORM,PROCESSED,5e1d5fcdfc9d330857e27c6ab55a076fe2820ec36e47cafdf21222b25b546838
5129,102,11,0.10784313725490197,,True,False,False,67,0,24,35,11,0.6857142857142857,,3.62287093666578,0.8543194032291358,0.02523713464741979,2.637522294299975,2.9004271457211823,3.452877312391201,,35,0,True,2,1,0,13,0,0,1706.1847016885736,,1659.9281325883485,,RAW_WINDOWS_DT30_DISTANCE400_V1,102,35,67,0.3431372549019608,,35,3.62287093666578,0.8543194032291358,2.9004271457211823,,0,5,7.292524817869332e-11,1,0,0,1,2,1,1691.127034915492,NO_RAW_BREAK_CROSSING,D60,UNIFORM,PROCESSED,9c240efc9dba1c3e0d5f9aa43ad2c50cf3584c2da7fd96505f1b615bbf100c80
5129,102,16,0.1568627450980392,,True,False,False,67,0,19,35,16,0.5428571428571429,,1.9476429282436485,0.2916904443028416,0.0,1.0963983388486565,1.6131790627647842,1.8558143448438595,,35,0,True,2,1,0,13,0,0,1706.1847016885736,,1661.5977454943493,,RAW_WINDOWS_DT30_DISTANCE400_V1,102,35,67,0.3431372549019608,,35,1.9476429282436485,0.2916904443028416,1.6131790627647842,,0,5,7.292524817869332e-11,1,0,0,1,2,1,1691.127034915492,NO_RAW_BREAK_CROSSING,P2,UNIFORM,PROCESSED,82545ebfa3ece55c97869f63e19c81970ed97ca0abd3f16e1238a3105352b1c1
5129,102,8,0.0784313725490196,,True,False,False,67,0,27,35,8,0.7714285714285715,,9.221199150583185,2.0207173418976936,0.794335521996506,6.014042771290267,6.165886473667348,8.18239284043179,,35,0,True,2,1,0,13,0,0,1706.1847016885736,,1653.785431037025,,RAW_WINDOWS_DT30_DISTANCE400_V1,102,35,67,0.3431372549019608,,35,9.221199150583185,2.0207173418976936,6.165886473667348,,6,5,7.292524817869332e-11,1,0,0,1,2,1,1691.127034915492,NO_RAW_BREAK_CROSSING,P10,UNIFORM,PROCESSED,a50ba812029980f419419c958a159c62276bc0d82d420efbc5d06d9591bb8594
1307,103,12,0.11650485436893204,,True,False,False,28,1,62,74,12,0.8378378378378378,,2.469302309252254,0.11567454837958499,0.0,0.12642778154099021,0.72855978832354,2.333167060041865,,74,0,True,2,1,1,56,0,0,896.6819486060566,,868.6135954226052,,RAW_WINDOWS_DT30_DISTANCE400_V1,103,75,28,0.7281553398058253,,75,14.986760653993684,0.31395569645443966,0.8109310647487059,,1,5,1.3494255180024165e-10,1,0,0,1,2,1,890.5794346591651,NO_RAW_BREAK_CROSSING,R0,UNIFORM,PROCESSED,d3d112a39c4a95a2aefc23b831ec88c132157218ce64df15f9b6fd1967a706ca
1307,103,14,0.13592233009708737,,True,False,False,0,2,87,101,14,0.8613861386138614,,2.7502017606288933,0.11501561391490475,0.0,0.029495727301152408,0.6925663974077774,2.469302309252254,,101,0,True,2,0,2,82,0,0,896.6819486060566,,868.6135954226052,,RAW_WINDOWS_DT30_DISTANCE400_V1,103,103,0,1.0,,103,14.986760653993684,0.32319734119023735,0.8419838799119163,,2,5,1.3494255180024165e-10,1,0,0,0,2,2,890.5794346591651,NO_RAW_BREAK_CROSSING,S0,UNIFORM,PROCESSED,cb1245a9c1aa6621c6b18f81991b04b4e9cb70607b3332e2d7305a669ffdbe7f
1307,103,12,0.11650485436893204,,True,False,False,28,1,62,74,12,0.8378378378378378,,2.469302309252254,0.11567454837958499,0.0,0.12642778154099021,0.72855978832354,2.333167060041865,,74,0,True,2,1,1,56,0,0,896.6819486060566,,868.6135954226052,,RAW_WINDOWS_DT30_DISTANCE400_V1,103,75,28,0.7281553398058253,,75,14.986760653993684,0.31395569645443966,0.8109310647487059,,1,5,1.3494255180024165e-10,1,0,0,1,2,1,890.5794346591651,NO_RAW_BREAK_CROSSING,S_POINTS2,UNIFORM,PROCESSED,1a1e1d12640fd1df92892996d58a467e2211e73e87fa7422e7a310d90971a90f
1307,103,14,0.13592233009708737,,True,False,False,0,2,87,101,14,0.8613861386138614,,2.7502017606288933,0.11501561391490475,0.0,0.029495727301152408,0.6925663974077774,2.469302309252254,,101,0,True,2,0,2,82,0,0,896.6819486060566,,868.6135954226052,,RAW_WINDOWS_DT30_DISTANCE400_V1,103,103,0,1.0,,103,14.986760653993684,0.32319734119023735,0.8419838799119163,,2,5,1.3494255180024165e-10,1,0,0,0,2,2,890.5794346591651,NO_RAW_BREAK_CROSSING,S_LENGTH0,UNIFORM,PROCESSED,d29d0a1b6c165143c10aa909fad902acaf713bba14a2dfc03f3b2a00bf6e7a0d
1307,103,13,0.1262135922330097,,True,False,False,28,0,62,75,13,0.8266666666666667,,2.469302309252254,0.1141322210678572,0.0,0.11258034522101422,0.7234178753355741,2.331302193614327,,75,0,True,2,1,0,56,0,0,896.6819486060566,,876.2128574868456,,RAW_WINDOWS_DT30_DISTANCE400_V1,103,75,28,0.7281553398058253,,75,2.469302309252254,0.1141322210678572,0.7234178753355741,,0,5,1.3494255180024165e-10,1,0,0,1,2,1,890.5794346591651,NO_RAW_BREAK_CROSSING,D60,UNIFORM,PROCESSED,bfa7254f3ec962db4af3eeede9c8a953cb80ee85cca1364644ca617a6204c3c1
1307,103,14,0.13592233009708737,,True,False,False,28,1,60,74,14,0.8108108108108107,,1.0088964556344096,0.06626887434480647,0.0,0.0,0.6969990095944846,0.9642508775206873,,74,0,True,2,1,1,56,0,0,896.6819486060566,,868.9787858964706,,RAW_WINDOWS_DT30_DISTANCE400_V1,103,75,28,0.7281553398058253,,75,14.986760653993684,0.26520876474012484,0.8109310647487059,,1,5,1.3494255180024165e-10,1,0,0,1,2,1,890.5794346591651,NO_RAW_BREAK_CROSSING,P2,UNIFORM,PROCESSED,1f5e5cff532e4ba60f4d9c289b466e598117d6b4411e2ac60a4f8ca3e6fb06c6
1307,103,10,0.0970873786407767,,True,False,False,28,1,64,74,10,0.8648648648648649,,9.732723677413286,0.3584193819243052,0.0,0.640165256140493,1.3496390601931563,8.636023016475669,,74,0,True,2,1,1,56,0,0,896.6819486060566,,861.479706094331,,RAW_WINDOWS_DT30_DISTANCE400_V1,103,75,28,0.7281553398058253,,75,14.986760653993684,0.5534639322185636,2.3387616593244838,,3,5,1.3494255180024165e-10,1,0,0,1,2,1,890.5794346591651,NO_RAW_BREAK_CROSSING,P10,UNIFORM,PROCESSED,877cf5314f940f33f5d10e987780e8170c40b1a609e4554e2f439c4eefaca169
5791,99,18,0.18181818181818182,,True,False,False,0,38,43,61,18,0.7049180327868853,,4.653539672916366,0.9993332191193443,0.4506864207365703,2.769635862375325,3.522888573408374,4.479266919541845,,61,0,True,1,0,38,31,0,0,730.659718446308,,490.9162779132843,,RAW_WINDOWS_DT30_DISTANCE400_V1,99,99,0,1.0,,99,12.312026141373416,2.083489990749871,7.413649304536415,,11,5,6.013098462477638e-11,0,0,0,0,1,1,730.659718446308,NO_RAW_BREAK_CROSSING,R0,UNIFORM,PROCESSED,22e96ad42dd4408ece6f1aba5b71ad5fd64196f074396ac3b26ba4e8bb662189
5791,99,18,0.18181818181818182,,True,False,False,0,38,43,61,18,0.7049180327868853,,4.653539672916366,0.9993332191193443,0.4506864207365703,2.769635862375325,3.522888573408374,4.479266919541845,,61,0,True,1,0,38,31,0,0,730.659718446308,,490.9162779132843,,RAW_WINDOWS_DT30_DISTANCE400_V1,99,99,0,1.0,,99,12.312026141373416,2.083489990749871,7.413649304536415,,11,5,6.013098462477638e-11,0,0,0,0,1,1,730.659718446308,NO_RAW_BREAK_CROSSING,S0,UNIFORM,PROCESSED,3641ebc5b698f240d71e24a41fcbe0c218edb768ba5039eddb7063148e726aa2
5791,99,18,0.18181818181818182,,True,False,False,0,38,43,61,18,0.7049180327868853,,4.653539672916366,0.9993332191193443,0.4506864207365703,2.769635862375325,3.522888573408374,4.479266919541845,,61,0,True,1,0,38,31,0,0,730.659718446308,,490.9162779132843,,RAW_WINDOWS_DT30_DISTANCE400_V1,99,99,0,1.0,,99,12.312026141373416,2.083489990749871,7.413649304536415,,11,5,6.013098462477638e-11,0,0,0,0,1,1,730.659718446308,NO_RAW_BREAK_CROSSING,S_POINTS2,UNIFORM,PROCESSED,fb60039067f170627cb25061a75ca70d72ea2321e3aea595c0f60bc5add18d90
5791,99,18,0.18181818181818182,,True,False,False,0,38,43,61,18,0.7049180327868853,,4.653539672916366,0.9993332191193443,0.4506864207365703,2.769635862375325,3.522888573408374,4.479266919541845,,61,0,True,1,0,38,31,0,0,730.659718446308,,490.9162779132843,,RAW_WINDOWS_DT30_DISTANCE400_V1,99,99,0,1.0,,99,12.312026141373416,2.083489990749871,7.413649304536415,,11,5,6.013098462477638e-11,0,0,0,0,1,1,730.659718446308,NO_RAW_BREAK_CROSSING,S_LENGTH0,UNIFORM,PROCESSED,5dbc5b1deea8ee23e504fc78335ead97cf96d95dfdfd8822e6399e5f0fcbef1c
5791,99,21,0.21212121212121213,,True,False,False,0,29,49,70,21,0.7,,4.653539672916366,0.983572400938031,0.5539274360077807,2.58932472240701,4.289144118260995,4.453126006535668,,70,0,True,1,0,29,31,0,0,730.659718446308,,522.0202957824043,,RAW_WINDOWS_DT30_DISTANCE400_V1,99,99,0,1.0,,99,12.312026141373416,1.7384602834822065,5.374155940312362,,6,5,6.013098462477638e-11,0,0,0,0,1,1,730.659718446308,NO_RAW_BREAK_CROSSING,D60,UNIFORM,PROCESSED,44d22b87eb4f5ca323cc1fcb040bfbecdef01ed171296683bb99c4d9c2fc8a60
5791,99,26,0.26262626262626265,,True,False,False,0,38,35,61,26,0.5737704918032787,,1.9627222401295448,0.44331499594355245,0.0,1.332695816739097,1.5098363462856021,1.8468488890757715,,61,0,True,1,0,38,31,0,0,730.659718446308,,523.1458720567025,,RAW_WINDOWS_DT30_DISTANCE400_V1,99,99,0,1.0,,99,12.312026141373416,1.7574881467252734,7.9874724486271935,,12,5,6.013098462477638e-11,0,0,0,0,1,1,730.659718446308,NO_RAW_BREAK_CROSSING,P2,UNIFORM,PROCESSED,181325a5b508f55c60d9b8a608d7015ed1ef460d7ae4ef49a5ee359e72bfd60f
5791,99,9,0.09090909090909091,,True,False,False,0,38,52,61,9,0.8524590163934427,,8.928748624597528,2.9147175398592626,1.8843804519640772,6.69363369285307,8.184330331199101,8.48209764855847,,61,0,True,1,0,38,31,0,0,730.659718446308,,417.3536294885976,,RAW_WINDOWS_DT30_DISTANCE400_V1,99,99,0,1.0,,99,16.060453337200414,3.768054353148562,9.18625510924456,,35,5,6.013098462477638e-11,0,0,0,0,1,1,730.659718446308,NO_RAW_BREAK_CROSSING,P10,UNIFORM,PROCESSED,c0096a5100434362863ae4b6c219d2ed412b0b2101463c1b287ee3e618371c3f
3371,101,3,0.0297029702970297,,True,False,False,0,13,85,88,3,0.9659090909090909,,2.570304936563746,0.7893642450383751,0.5865364014072232,1.8541184549289171,2.208581082979558,2.4219528844599125,,88,0,True,1,0,13,49,0,0,337.46261625067484,,327.0182464441592,,RAW_WINDOWS_DT30_DISTANCE400_V1,101,101,0,1.0,,101,2.570304936563746,0.7550556156805875,2.0822674201337126,,0,5,2.7059828282254013e-10,0,0,0,0,1,1,337.46261625067484,NO_RAW_BREAK_CROSSING,R0,UNIFORM,PROCESSED,67350bc46c3accbbf2763eab11e7839c61b507360e4e013ded201bbed5d41680
3371,101,3,0.0297029702970297,,True,False,False,0,13,85,88,3,0.9659090909090909,,2.570304936563746,0.7893642450383751,0.5865364014072232,1.8541184549289171,2.208581082979558,2.4219528844599125,,88,0,True,1,0,13,49,0,0,337.46261625067484,,327.0182464441592,,RAW_WINDOWS_DT30_DISTANCE400_V1,101,101,0,1.0,,101,2.570304936563746,0.7550556156805875,2.0822674201337126,,0,5,2.7059828282254013e-10,0,0,0,0,1,1,337.46261625067484,NO_RAW_BREAK_CROSSING,S0,UNIFORM,PROCESSED,94f56a13fcd823e15b9f990befbb78d6212ce1f85f6d43060ebb1600ce81cb2b
3371,101,3,0.0297029702970297,,True,False,False,0,13,85,88,3,0.9659090909090909,,2.570304936563746,0.7893642450383751,0.5865364014072232,1.8541184549289171,2.208581082979558,2.4219528844599125,,88,0,True,1,0,13,49,0,0,337.46261625067484,,327.0182464441592,,RAW_WINDOWS_DT30_DISTANCE400_V1,101,101,0,1.0,,101,2.570304936563746,0.7550556156805875,2.0822674201337126,,0,5,2.7059828282254013e-10,0,0,0,0,1,1,337.46261625067484,NO_RAW_BREAK_CROSSING,S_POINTS2,UNIFORM,PROCESSED,090f57385b7df7cf450b550d877e9c3dc9c8681f8be73b0f6a2bd9409b8af44c
3371,101,3,0.0297029702970297,,True,False,False,0,13,85,88,3,0.9659090909090909,,2.570304936563746,0.7893642450383751,0.5865364014072232,1.8541184549289171,2.208581082979558,2.4219528844599125,,88,0,True,1,0,13,49,0,0,337.46261625067484,,327.0182464441592,,RAW_WINDOWS_DT30_DISTANCE400_V1,101,101,0,1.0,,101,2.570304936563746,0.7550556156805875,2.0822674201337126,,0,5,2.7059828282254013e-10,0,0,0,0,1,1,337.46261625067484,NO_RAW_BREAK_CROSSING,S_LENGTH0,UNIFORM,PROCESSED,d89b118f09b52f83a59cb15f49f44e9bed5562a42416a4a1b347a5b8f369ae7c
3371,101,3,0.0297029702970297,,True,False,False,0,7,91,94,3,0.9680851063829787,,2.570304936563746,0.7652038674944655,0.5853558906293357,1.795562641833861,2.150282469358398,2.411721708452751,,94,0,True,1,0,7,49,0,0,337.46261625067484,,327.0182464441592,,RAW_WINDOWS_DT30_DISTANCE400_V1,101,101,0,1.0,,101,2.570304936563746,0.7550556156805875,2.0822674201337126,,0,5,2.7059828282254013e-10,0,0,0,0,1,1,337.46261625067484,NO_RAW_BREAK_CROSSING,D60,UNIFORM,PROCESSED,9e266a974ddfbcba96d499b94cd18becef33bfd8b7a00c56dc72a3cc9f44667c
3371,101,4,0.039603960396039604,,True,False,False,0,13,84,88,4,0.9545454545454546,,1.279968590931155,0.4497848077938991,0.4590868457456177,0.9111745544280687,0.9502082215508417,1.0753590064192038,,88,0,True,1,0,13,49,0,0,337.46261625067484,,327.08148704704325,,RAW_WINDOWS_DT30_DISTANCE400_V1,101,101,0,1.0,,101,1.279968590931155,0.45611097188849953,0.92865802728727,,0,5,2.7059828282254013e-10,0,0,0,0,1,1,337.46261625067484,NO_RAW_BREAK_CROSSING,P2,UNIFORM,PROCESSED,3feb8839e3297cbbfd79a82fd0f0d92cede06b637d349227414d91e4e7e00e75
3371,101,2,0.019801980198019802,,True,False,False,0,13,86,88,2,0.9772727272727273,,8.744662569606879,3.9460042132049553,3.828041123698788,7.378950124622492,7.761506659970191,8.151294225313835,,88,0,True,1,0,13,49,0,0,337.46261625067484,,326.5082115435154,,RAW_WINDOWS_DT30_DISTANCE400_V1,101,101,0,1.0,,101,8.744662569606879,3.6411797030838486,7.738747815710742,,44,5,2.7059828282254013e-10,0,0,0,0,1,1,337.46261625067484,NO_RAW_BREAK_CROSSING,P10,UNIFORM,PROCESSED,f1813fa6fe6b8944672cf375b4363e88adb1d6392dbf6fbc3b4474f979f5b62c
4380,112,44,0.39285714285714285,,True,False,False,0,9,59,103,44,0.5728155339805825,,3.7966069955034794,0.7865895547161751,0.11251788057322319,2.4055248794011153,2.996816491593431,3.6687819874448273,,103,0,True,5,0,9,36,0,0,6379.600559735858,,6125.409767889271,,RAW_WINDOWS_DT30_DISTANCE400_V1,112,112,0,1.0,,112,25.509078594345233,1.4303264466140195,3.728407616979169,,5,5,3.0861342768990014e-10,4,0,0,0,5,5,6199.191849123439,NO_RAW_BREAK_CROSSING,R0,UNIFORM,PROCESSED,ff35aae11236880e8fbb9551d76a18d662d39f880beb746325b52ffafa484a9a
4380,112,44,0.39285714285714285,,True,False,False,0,9,59,103,44,0.5728155339805825,,3.7966069955034794,0.7865895547161751,0.11251788057322319,2.4055248794011153,2.996816491593431,3.6687819874448273,,103,0,True,5,0,9,36,0,0,6379.600559735858,,6125.409767889271,,RAW_WINDOWS_DT30_DISTANCE400_V1,112,112,0,1.0,,112,25.509078594345233,1.4303264466140195,3.728407616979169,,5,5,3.0861342768990014e-10,4,0,0,0,5,5,6199.191849123439,NO_RAW_BREAK_CROSSING,S0,UNIFORM,PROCESSED,057661595fcf04f75d7fca0b29fe981e0eafc7847be202c385c821b5704dbb75
4380,112,44,0.39285714285714285,,True,False,False,0,9,59,103,44,0.5728155339805825,,3.7966069955034794,0.7865895547161751,0.11251788057322319,2.4055248794011153,2.996816491593431,3.6687819874448273,,103,0,True,5,0,9,36,0,0,6379.600559735858,,6125.409767889271,,RAW_WINDOWS_DT30_DISTANCE400_V1,112,112,0,1.0,,112,25.509078594345233,1.4303264466140195,3.728407616979169,,5,5,3.0861342768990014e-10,4,0,0,0,5,5,6199.191849123439,NO_RAW_BREAK_CROSSING,S_POINTS2,UNIFORM,PROCESSED,5c112d1e70bff398349d14553ad6895c62217cf55b5ed3893e5e9e3fad131a30
4380,112,44,0.39285714285714285,,True,False,False,0,9,59,103,44,0.5728155339805825,,3.7966069955034794,0.7865895547161751,0.11251788057322319,2.4055248794011153,2.996816491593431,3.6687819874448273,,103,0,True,5,0,9,36,0,0,6379.600559735858,,6125.409767889271,,RAW_WINDOWS_DT30_DISTANCE400_V1,112,112,0,1.0,,112,25.509078594345233,1.4303264466140195,3.728407616979169,,5,5,3.0861342768990014e-10,4,0,0,0,5,5,6199.191849123439,NO_RAW_BREAK_CROSSING,S_LENGTH0,UNIFORM,PROCESSED,e0279f7911346fdd0534ce07c862a37067ec2b20a1ad2c1fcf6ef8d860a549b0
4380,112,49,0.4375,,True,False,False,0,4,59,108,49,0.5462962962962963,,4.0741961348604265,0.7345126336140703,0.01885463390736708,2.3907760334499906,3.18802987365476,3.7879270746003844,,108,0,True,5,0,4,36,0,0,6379.600559735858,,6138.9524218644065,,RAW_WINDOWS_DT30_DISTANCE400_V1,112,112,0,1.0,,112,20.37455357666461,1.0516353590828305,3.4282873498373694,,2,5,3.0861342768990014e-10,4,0,0,0,5,5,6199.191849123439,NO_RAW_BREAK_CROSSING,D60,UNIFORM,PROCESSED,70820f3e075cc0efd99845ea5dfbad97695411b4716f1aa560746437f21f66c3
4380,112,61,0.5446428571428571,,True,False,False,0,9,42,103,61,0.4077669902912622,,1.8955897746582504,0.21123347594116154,0.0,0.6403393966598534,1.4401145131701012,1.8391061161969837,,103,0,True,5,0,9,36,0,0,6379.600559735858,,6133.2258033436865,,RAW_WINDOWS_DT30_DISTANCE400_V1,112,112,0,1.0,,112,25.509078594345233,0.9012043384548551,2.4837345379214026,,5,5,3.0861342768990014e-10,4,0,0,0,5,5,6199.191849123439,NO_RAW_BREAK_CROSSING,P2,UNIFORM,PROCESSED,8d4d3645a3ead13f55b0fa774a88951b170989731b7b3cffedabb7472a4c3249
4380,112,36,0.32142857142857145,,True,False,False,0,9,67,103,36,0.6504854368932038,,9.406275554860043,1.7842887434471137,0.4383256090279562,5.403011518535853,7.464240598772455,9.406275554860043,,103,0,True,5,0,9,36,0,0,6379.600559735858,,6115.955463899722,,RAW_WINDOWS_DT30_DISTANCE400_V1,112,112,0,1.0,,112,25.509078594345233,2.3757567257079057,9.246905516585494,,18,5,3.0861342768990014e-10,4,0,0,0,5,5,6199.191849123439,NO_RAW_BREAK_CROSSING,P10,UNIFORM,PROCESSED,052f845d1a8c4b19cee3d97274be24f03f6916617a97ea613e113c017ae78377
4415,105,18,0.17142857142857143,,True,False,False,15,1,71,89,18,0.797752808988764,,4.6498668226499555,0.5740492882463344,0.17466488548523162,1.16831265291818,2.5825090075834507,4.350672071068299,,89,0,True,3,2,1,62,0,0,2597.4329901383985,,2570.305755853739,,RAW_WINDOWS_DT30_DISTANCE400_V1,105,90,15,0.8571428571428571,,90,7.374805442824163,0.6496132455194215,3.777440971256226,,1,5,2.977310289946865e-10,2,0,0,3,3,1,2582.3996813330555,NO_RAW_BREAK_CROSSING,R0,UNIFORM,PROCESSED,71ff06fe3394405942edcca6063ab235781863dc216b40911b66872bae1dfcbe
4415,105,22,0.20952380952380953,,True,False,False,0,1,82,104,22,0.7884615384615384,,4.6498668226499555,0.49125371782619004,0.06605374054057282,1.16831265291818,1.7089077326067534,4.309872786761708,,104,0,True,3,0,1,77,0,0,2597.4329901383985,,2575.354402082404,,RAW_WINDOWS_DT30_DISTANCE400_V1,105,105,0,1.0,,105,7.374805442824163,0.5568113533023612,2.854599991055381,,1,5,2.977310289946865e-10,2,0,0,0,3,3,2582.3996813330555,NO_RAW_BREAK_CROSSING,S0,UNIFORM,PROCESSED,0944ba5b1b276de3f35702feb9172b6655bd0df6b763a3ffc40cebc199b941f5
4415,105,18,0.17142857142857143,,True,False,False,15,1,71,89,18,0.797752808988764,,4.6498668226499555,0.5740492882463344,0.17466488548523162,1.16831265291818,2.5825090075834507,4.350672071068299,,89,0,True,3,2,1,62,0,0,2597.4329901383985,,2570.305755853739,,RAW_WINDOWS_DT30_DISTANCE400_V1,105,90,15,0.8571428571428571,,90,7.374805442824163,0.6496132455194215,3.777440971256226,,1,5,2.977310289946865e-10,2,0,0,3,3,1,2582.3996813330555,NO_RAW_BREAK_CROSSING,S_POINTS2,UNIFORM,PROCESSED,950338905d29a92ac2e08c75ec008deb4ee1be3ca5f03f9987df0c374dc2e9bc
4415,105,22,0.20952380952380953,,True,False,False,0,1,82,104,22,0.7884615384615384,,4.6498668226499555,0.49125371782619004,0.06605374054057282,1.16831265291818,1.7089077326067534,4.309872786761708,,104,0,True,3,0,1,77,0,0,2597.4329901383985,,2575.354402082404,,RAW_WINDOWS_DT30_DISTANCE400_V1,105,105,0,1.0,,105,7.374805442824163,0.5568113533023612,2.854599991055381,,1,5,2.977310289946865e-10,2,0,0,0,3,3,2582.3996813330555,NO_RAW_BREAK_CROSSING,S_LENGTH0,UNIFORM,PROCESSED,1336004350f5d55213c8bfd1f21a631546a86d11adf780574fdf93eccd11157e
4415,105,18,0.17142857142857143,,True,False,False,15,0,72,90,18,0.8,,4.6498668226499555,0.6271228009601724,0.17466488548523162,1.1898861103025165,3.5383946374523383,4.347272130709415,,90,0,True,3,2,0,62,0,0,2597.4329901383985,,2572.8826764658834,,RAW_WINDOWS_DT30_DISTANCE400_V1,105,90,15,0.8571428571428571,,90,4.6498668226499555,0.6271228009601724,3.5383946374523383,,0,5,2.977310289946865e-10,2,0,0,3,3,1,2582.3996813330555,NO_RAW_BREAK_CROSSING,D60,UNIFORM,PROCESSED,2e523575059d84a6ba7a1af038ebd977a995ce938fb9d266ccd8a69e034c3822
4415,105,21,0.2,,True,False,False,15,1,68,89,21,0.7640449438202247,,1.7662360571676785,0.34139562355574576,0.06605374054057282,1.16831265291818,1.16831265291818,1.4299098864102662,,89,0,True,3,2,1,62,0,0,2597.4329901383985,,2571.5615472844306,,RAW_WINDOWS_DT30_DISTANCE400_V1,105,90,15,0.8571428571428571,,90,7.374805442824163,0.4195446215476171,1.16831265291818,,1,5,2.977310289946865e-10,2,0,0,3,3,1,2582.3996813330555,NO_RAW_BREAK_CROSSING,P2,UNIFORM,PROCESSED,cb033e5cba60b2d7ecf924cae8d693cd6e44e9ca8f09e964b50b674c9d11141d
4415,105,12,0.11428571428571428,,True,False,False,15,1,77,89,12,0.8651685393258427,,8.674503807901312,1.365178670941806,0.17466488548523162,5.740197898407162,7.254978986929123,8.384178369956963,,89,0,True,3,2,1,62,0,0,2597.4329901383985,,2561.0061412021346,,RAW_WINDOWS_DT30_DISTANCE400_V1,105,90,15,0.8571428571428571,,90,8.674503807901312,1.4319523017404987,7.449954054366407,,12,5,2.977310289946865e-10,2,0,0,3,3,1,2582.3996813330555,NO_RAW_BREAK_CROSSING,P10,UNIFORM,PROCESSED,5add12e3f87a27007bd4dd7e5da4030ac95e6bcd0631576490e6974a597a3654
11148,105,21,0.2,,True,False,False,0,15,69,90,21,0.7666666666666666,,4.793197742337379,0.8103633430311243,0.5782675053061034,1.968616571360613,2.3096208211293012,3.835197709525657,,90,0,True,1,0,15,9,0,0,2781.2249287692366,,2754.3857609650586,,RAW_WINDOWS_DT30_DISTANCE400_V1,105,105,0,1.0,,105,7.780410164901997,0.9382972267170429,3.1646533338578084,,1,5,3.393835817160405e-10,0,0,0,0,1,1,2781.2249287692366,NO_RAW_BREAK_CROSSING,R0,UNIFORM,PROCESSED,6a6f5fed0ccf25f70e48424a97154c6a069fe048a87055c6dbab9e4ca9d69c44
11148,105,21,0.2,,True,False,False,0,15,69,90,21,0.7666666666666666,,4.793197742337379,0.8103633430311243,0.5782675053061034,1.968616571360613,2.3096208211293012,3.835197709525657,,90,0,True,1,0,15,9,0,0,2781.2249287692366,,2754.3857609650586,,RAW_WINDOWS_DT30_DISTANCE400_V1,105,105,0,1.0,,105,7.780410164901997,0.9382972267170429,3.1646533338578084,,1,5,3.393835817160405e-10,0,0,0,0,1,1,2781.2249287692366,NO_RAW_BREAK_CROSSING,S0,UNIFORM,PROCESSED,bc95cb28470ff4372a661a84f3d690041a82389f82c2846cdbc8f159c93fe028
11148,105,21,0.2,,True,False,False,0,15,69,90,21,0.7666666666666666,,4.793197742337379,0.8103633430311243,0.5782675053061034,1.968616571360613,2.3096208211293012,3.835197709525657,,90,0,True,1,0,15,9,0,0,2781.2249287692366,,2754.3857609650586,,RAW_WINDOWS_DT30_DISTANCE400_V1,105,105,0,1.0,,105,7.780410164901997,0.9382972267170429,3.1646533338578084,,1,5,3.393835817160405e-10,0,0,0,0,1,1,2781.2249287692366,NO_RAW_BREAK_CROSSING,S_POINTS2,UNIFORM,PROCESSED,4f2644e9ba55c684657999cacf459853f1700eff0aaf8e6b59468b7e5eeb4ef9
11148,105,21,0.2,,True,False,False,0,15,69,90,21,0.7666666666666666,,4.793197742337379,0.8103633430311243,0.5782675053061034,1.968616571360613,2.3096208211293012,3.835197709525657,,90,0,True,1,0,15,9,0,0,2781.2249287692366,,2754.3857609650586,,RAW_WINDOWS_DT30_DISTANCE400_V1,105,105,0,1.0,,105,7.780410164901997,0.9382972267170429,3.1646533338578084,,1,5,3.393835817160405e-10,0,0,0,0,1,1,2781.2249287692366,NO_RAW_BREAK_CROSSING,S_LENGTH0,UNIFORM,PROCESSED,415fb9f8a5c9282d3c663c93989fa28798437f67c1c28a7ab9e1e0ec162adc3d
11148,105,22,0.20952380952380953,,True,False,False,0,6,77,99,22,0.7777777777777778,,4.793197742337379,0.773150198774303,0.5160596482226515,1.9741819476370184,2.3096208211293012,3.7383213017132317,,99,0,True,1,0,6,9,0,0,2781.2249287692366,,2758.224286434419,,RAW_WINDOWS_DT30_DISTANCE400_V1,105,105,0,1.0,,105,4.793197742337379,0.8547453387452558,2.5452872902329586,,0,5,3.393835817160405e-10,0,0,0,0,1,1,2781.2249287692366,NO_RAW_BREAK_CROSSING,D60,UNIFORM,PROCESSED,72d3f27244100fd030ecdbc1dde080e987512b9e470013c80a30c46030beeacf
11148,105,27,0.2571428571428571,,True,False,False,0,15,63,90,27,0.7,,1.8564294908920127,0.4386064258664536,0.22924166448848232,1.1854234872941243,1.442197415161158,1.8350148136884596,,90,0,True,1,0,15,9,0,0,2781.2249287692366,,2760.2623604619225,,RAW_WINDOWS_DT30_DISTANCE400_V1,105,105,0,1.0,,105,7.780410164901997,0.6465627973647792,1.8266057950767036,,1,5,3.393835817160405e-10,0,0,0,0,1,1,2781.2249287692366,NO_RAW_BREAK_CROSSING,P2,UNIFORM,PROCESSED,102a5744f539df35bf66333cfea9e02ca5e1b6ee8518ed5829de1a377ee6d043
11148,105,14,0.13333333333333333,,True,False,False,0,15,76,90,14,0.8444444444444444,,8.179367224053708,2.138394512974547,1.5445495235581834,4.714926388198878,5.618670950534184,7.779676594875183,,90,0,True,1,0,15,9,0,0,2781.2249287692366,,2723.2682639283967,,RAW_WINDOWS_DT30_DISTANCE400_V1,105,105,0,1.0,,105,8.179367224053708,2.340000584503644,5.727242233563021,,8,5,3.393835817160405e-10,0,0,0,0,1,1,2781.2249287692366,NO_RAW_BREAK_CROSSING,P10,UNIFORM,PROCESSED,ccfd8ee833f751c7c8a3aaded393d43be35c15f0f8b246de30dfe29d293981df
