record_id,status,feasible,strict_gain,dp_only_comparison,baseline_covered_count,candidate_covered_count,coverage_delta,baseline_common_max,candidate_max_on_baseline_covered,newly_covered_max_error,quality_accepted,numerical_allowance,newly_covered_count,newly_covered_error_sum,n_final_delta,n_P_output_delta,candidate_dp_max,comparator_dp_max,equivalent_readings,stratum,candidate_id,reference_id,protection_failures
3549,NO_DEMONSTRATED_GAIN,True,False,False,92,92,0,4.882616115914384,4.882616115914384,,False,3.2465620058337215e-10,0,0,0,0,4.882616115914384,4.882616115914384,True,HIGH_T0_D0,R0,R0,
3549,TRADEOFF,False,False,False,94,92,-2,4.882616115914384,,,False,3.2465620058337215e-10,0,0,-2,-2,4.882616115914384,4.882616115914384,False,HIGH_T0_D0,R0,S0,COMMON_COVERED_IDENTITIES_LOST;COMMON_GEOMETRIC_PROTECTION_DEGRADED;RAW_WINDOW_COVERAGE_LOST;RAW_WINDOW_IDENTITIES_LOST
3549,NO_DEMONSTRATED_GAIN,True,False,False,92,92,0,4.882616115914384,4.882616115914384,,False,3.2465620058337215e-10,0,0,0,0,4.882616115914384,4.882616115914384,True,HIGH_T0_D0,R0,G0,
3549,SUPPORTED_WITHIN_SCOPE,True,True,False,92,94,2,4.882616115914384,4.882616115914384,0.0,False,3.2465620058337215e-10,2,0.0,2,2,4.882616115914384,4.882616115914384,False,HIGH_T0_D0,S0,R0,
3549,NO_DEMONSTRATED_GAIN,True,False,False,94,94,0,4.882616115914384,4.882616115914384,,False,3.2465620058337215e-10,0,0,0,0,4.882616115914384,4.882616115914384,True,HIGH_T0_D0,S0,S0,
3549,SUPPORTED_WITHIN_SCOPE,True,True,False,92,94,2,4.882616115914384,4.882616115914384,0.0,False,3.2465620058337215e-10,2,0.0,2,2,4.882616115914384,4.882616115914384,False,HIGH_T0_D0,S0,G0,
3549,NO_DEMONSTRATED_GAIN,True,False,False,92,92,0,4.882616115914384,4.882616115914384,,False,3.2465620058337215e-10,0,0,0,0,4.882616115914384,4.882616115914384,True,HIGH_T0_D0,G0,R0,
3549,TRADEOFF,False,False,False,94,92,-2,4.882616115914384,,,False,3.2465620058337215e-10,0,0,-2,-2,4.882616115914384,4.882616115914384,False,HIGH_T0_D0,G0,S0,COMMON_COVERED_IDENTITIES_LOST;COMMON_GEOMETRIC_PROTECTION_DEGRADED;RAW_WINDOW_COVERAGE_LOST;RAW_WINDOW_IDENTITIES_LOST
3549,NO_DEMONSTRATED_GAIN,True,False,False,92,92,0,4.882616115914384,4.882616115914384,,False,3.2465620058337215e-10,0,0,0,0,4.882616115914384,4.882616115914384,True,HIGH_T0_D0,G0,G0,
3203,NO_DEMONSTRATED_GAIN,True,False,False,110,110,0,4.614790717004969,4.614790717004969,,False,1.8829286955868453e-10,0,0,0,0,4.614790717004969,4.614790717004969,True,HIGH_T0_D0,R0,R0,
3203,NO_DEMONSTRATED_GAIN,True,False,False,110,110,0,4.614790717004969,4.614790717004969,,False,1.8829286955868453e-10,0,0,0,0,4.614790717004969,4.614790717004969,True,HIGH_T0_D0,R0,S0,
3203,NO_DEMONSTRATED_GAIN,True,False,False,110,110,0,4.614790717004969,4.614790717004969,,False,1.8829286955868453e-10,0,0,0,0,4.614790717004969,4.614790717004969,False,HIGH_T0_D0,R0,G0,
3203,NO_DEMONSTRATED_GAIN,True,False,False,110,110,0,4.614790717004969,4.614790717004969,,False,1.8829286955868453e-10,0,0,0,0,4.614790717004969,4.614790717004969,True,HIGH_T0_D0,S0,R0,
3203,NO_DEMONSTRATED_GAIN,True,False,False,110,110,0,4.614790717004969,4.614790717004969,,False,1.8829286955868453e-10,0,0,0,0,4.614790717004969,4.614790717004969,True,HIGH_T0_D0,S0,S0,
3203,NO_DEMONSTRATED_GAIN,True,False,False,110,110,0,4.614790717004969,4.614790717004969,,False,1.8829286955868453e-10,0,0,0,0,4.614790717004969,4.614790717004969,False,HIGH_T0_D0,S0,G0,
3203,NO_DEMONSTRATED_GAIN,True,False,False,110,110,0,4.614790717004969,4.614790717004969,,False,1.8829286955868453e-10,0,0,0,0,4.614790717004969,4.614790717004969,False,HIGH_T0_D0,G0,R0,
3203,NO_DEMONSTRATED_GAIN,True,False,False,110,110,0,4.614790717004969,4.614790717004969,,False,1.8829286955868453e-10,0,0,0,0,4.614790717004969,4.614790717004969,False,HIGH_T0_D0,G0,S0,
3203,NO_DEMONSTRATED_GAIN,True,False,False,110,110,0,4.614790717004969,4.614790717004969,,False,1.8829286955868453e-10,0,0,0,0,4.614790717004969,4.614790717004969,True,HIGH_T0_D0,G0,G0,
867,NO_DEMONSTRATED_GAIN,True,False,False,85,85,0,3.4378922555170592,3.4378922555170592,,False,4.2472315204873197e-10,0,0,0,0,3.4378922555170592,3.4378922555170592,True,HIGH_T0_D0,R0,R0,
867,TRADEOFF,False,False,False,100,85,-15,3.4378922555170592,,,False,4.2472315204873197e-10,0,0,-13,-13,3.4378922555170592,3.4378922555170592,False,HIGH_T0_D0,R0,S0,COMMON_COVERED_IDENTITIES_LOST;COMMON_GEOMETRIC_PROTECTION_DEGRADED;RAW_WINDOW_COVERAGE_LOST;RAW_WINDOW_IDENTITIES_LOST
867,NO_DEMONSTRATED_GAIN,True,False,False,85,85,0,3.4378922555170592,3.4378922555170592,,False,4.2472315204873197e-10,0,0,0,0,3.4378922555170592,3.4378922555170592,True,HIGH_T0_D0,R0,G0,
867,SUPPORTED_WITHIN_SCOPE,True,True,False,85,100,15,3.4378922555170592,3.4378922555170592,1.4030977270592535,False,4.2472315204873197e-10,15,1.444810315550915,13,13,3.4378922555170592,3.4378922555170592,False,HIGH_T0_D0,S0,R0,
867,NO_DEMONSTRATED_GAIN,True,False,False,100,100,0,3.4378922555170592,3.4378922555170592,,False,4.2472315204873197e-10,0,0,0,0,3.4378922555170592,3.4378922555170592,True,HIGH_T0_D0,S0,S0,
867,SUPPORTED_WITHIN_SCOPE,True,True,False,85,100,15,3.4378922555170592,3.4378922555170592,1.4030977270592535,False,4.2472315204873197e-10,15,1.444810315550915,13,13,3.4378922555170592,3.4378922555170592,False,HIGH_T0_D0,S0,G0,
867,NO_DEMONSTRATED_GAIN,True,False,False,85,85,0,3.4378922555170592,3.4378922555170592,,False,4.2472315204873197e-10,0,0,0,0,3.4378922555170592,3.4378922555170592,True,HIGH_T0_D0,G0,R0,
867,TRADEOFF,False,False,False,100,85,-15,3.4378922555170592,,,False,4.2472315204873197e-10,0,0,-13,-13,3.4378922555170592,3.4378922555170592,False,HIGH_T0_D0,G0,S0,COMMON_COVERED_IDENTITIES_LOST;COMMON_GEOMETRIC_PROTECTION_DEGRADED;RAW_WINDOW_COVERAGE_LOST;RAW_WINDOW_IDENTITIES_LOST
867,NO_DEMONSTRATED_GAIN,True,False,False,85,85,0,3.4378922555170592,3.4378922555170592,,False,4.2472315204873197e-10,0,0,0,0,3.4378922555170592,3.4378922555170592,True,HIGH_T0_D0,G0,G0,
10449,NO_DEMONSTRATED_GAIN,True,False,False,97,97,0,5.924137532561916,5.924137532561916,,False,3.3195836293771033e-10,0,0,0,0,4.9960113231523335,4.9960113231523335,True,HIGH_T0_D0,R0,R0,
10449,TRADEOFF,False,False,False,101,97,-4,5.924137532561916,,,False,3.3195836293771033e-10,0,0,-2,-2,4.9960113231523335,4.9960113231523335,False,HIGH_T0_D0,R0,S0,COMMON_COVERED_IDENTITIES_LOST;COMMON_GEOMETRIC_PROTECTION_DEGRADED;RAW_WINDOW_COVERAGE_LOST;RAW_WINDOW_IDENTITIES_LOST
10449,TRADEOFF,False,False,False,97,97,0,4.9960113231523335,5.924137532561916,,False,3.3195836293771033e-10,0,0,-1,-1,4.9960113231523335,4.9960113231523335,False,HIGH_T0_D0,R0,G0,COMMON_GEOMETRIC_PROTECTION_DEGRADED
10449,SUPPORTED_WITHIN_SCOPE,True,True,False,97,101,4,5.924137532561916,5.924137532561916,4.2261093915139565,False,3.3195836293771033e-10,4,6.040838997458009,2,2,4.9960113231523335,4.9960113231523335,False,HIGH_T0_D0,S0,R0,
10449,NO_DEMONSTRATED_GAIN,True,False,False,101,101,0,5.924137532561916,5.924137532561916,,False,3.3195836293771033e-10,0,0,0,0,4.9960113231523335,4.9960113231523335,True,HIGH_T0_D0,S0,S0,
10449,TRADEOFF,False,False,False,97,101,4,4.9960113231523335,5.924137532561916,4.2261093915139565,False,3.3195836293771033e-10,4,6.040838997458009,1,1,4.9960113231523335,4.9960113231523335,False,HIGH_T0_D0,S0,G0,COMMON_GEOMETRIC_PROTECTION_DEGRADED
10449,SUPPORTED_WITHIN_SCOPE,True,True,False,97,97,0,5.924137532561916,4.9960113231523335,,False,3.3195836293771033e-10,0,0,1,1,4.9960113231523335,4.9960113231523335,False,HIGH_T0_D0,G0,R0,
10449,TRADEOFF,False,False,False,101,97,-4,5.924137532561916,,,False,3.3195836293771033e-10,0,0,-1,-1,4.9960113231523335,4.9960113231523335,False,HIGH_T0_D0,G0,S0,COMMON_COVERED_IDENTITIES_LOST;COMMON_GEOMETRIC_PROTECTION_DEGRADED;RAW_WINDOW_COVERAGE_LOST;RAW_WINDOW_IDENTITIES_LOST
10449,NO_DEMONSTRATED_GAIN,True,False,False,97,97,0,4.9960113231523335,4.9960113231523335,,False,3.3195836293771033e-10,0,0,0,0,4.9960113231523335,4.9960113231523335,True,HIGH_T0_D0,G0,G0,
2308,NO_DEMONSTRATED_GAIN,True,False,False,37,37,0,17.86860191570068,17.86860191570068,,False,6.212842098194558e-10,0,0,0,0,4.396012055481219,4.396012055481219,True,HIGH_T0_D0,R0,R0,
2308,TRADEOFF,False,False,False,43,37,-6,17.86860191570068,,,False,6.212842098194558e-10,0,0,-6,-6,4.396012055481219,4.396012055481219,False,HIGH_T0_D0,R0,S0,COMMON_COVERED_IDENTITIES_LOST;COMMON_GEOMETRIC_PROTECTION_DEGRADED;RAW_WINDOW_COVERAGE_LOST;RAW_WINDOW_IDENTITIES_LOST
2308,NO_DEMONSTRATED_GAIN,True,False,False,37,37,0,17.86860191570068,17.86860191570068,,False,6.212842098194558e-10,0,0,1,1,4.396012055481219,4.537920216852451,False,HIGH_T0_D0,R0,G0,
2308,SUPPORTED_WITHIN_SCOPE,True,True,False,37,43,6,17.86860191570068,17.86860191570068,0.0,False,6.212842098194558e-10,6,0.0,6,6,4.396012055481219,4.396012055481219,False,HIGH_T0_D0,S0,R0,
2308,NO_DEMONSTRATED_GAIN,True,False,False,43,43,0,17.86860191570068,17.86860191570068,,False,6.212842098194558e-10,0,0,0,0,4.396012055481219,4.396012055481219,True,HIGH_T0_D0,S0,S0,
2308,SUPPORTED_WITHIN_SCOPE,True,True,False,37,43,6,17.86860191570068,17.86860191570068,0.0,False,6.212842098194558e-10,6,0.0,7,7,4.396012055481219,4.537920216852451,False,HIGH_T0_D0,S0,G0,
2308,NO_DEMONSTRATED_GAIN,True,False,False,37,37,0,17.86860191570068,17.86860191570068,,False,6.212842098194558e-10,0,0,-1,-1,4.537920216852451,4.396012055481219,False,HIGH_T0_D0,G0,R0,
2308,TRADEOFF,False,False,False,43,37,-6,17.86860191570068,,,False,6.212842098194558e-10,0,0,-7,-7,4.537920216852451,4.396012055481219,False,HIGH_T0_D0,G0,S0,COMMON_COVERED_IDENTITIES_LOST;COMMON_GEOMETRIC_PROTECTION_DEGRADED;RAW_WINDOW_COVERAGE_LOST;RAW_WINDOW_IDENTITIES_LOST
2308,NO_DEMONSTRATED_GAIN,True,False,False,37,37,0,17.86860191570068,17.86860191570068,,False,6.212842098194558e-10,0,0,0,0,4.537920216852451,4.537920216852451,True,HIGH_T0_D0,G0,G0,
11355,NO_DEMONSTRATED_GAIN,True,False,False,113,113,0,21.860919954123066,21.860919954123066,,False,2.475975158066758e-10,0,0,0,0,4.465713059835515,4.465713059835515,True,HIGH_T0_D0,R0,R0,
11355,NO_DEMONSTRATED_GAIN,True,False,False,113,113,0,21.860919954123066,21.860919954123066,,False,2.475975158066758e-10,0,0,0,0,4.465713059835515,4.465713059835515,True,HIGH_T0_D0,R0,S0,
11355,NO_DEMONSTRATED_GAIN,True,False,False,113,113,0,21.860919954123066,21.860919954123066,,False,2.475975158066758e-10,0,0,-1,-1,4.465713059835515,4.465713059835515,False,HIGH_T0_D0,R0,G0,
11355,NO_DEMONSTRATED_GAIN,True,False,False,113,113,0,21.860919954123066,21.860919954123066,,False,2.475975158066758e-10,0,0,0,0,4.465713059835515,4.465713059835515,True,HIGH_T0_D0,S0,R0,
11355,NO_DEMONSTRATED_GAIN,True,False,False,113,113,0,21.860919954123066,21.860919954123066,,False,2.475975158066758e-10,0,0,0,0,4.465713059835515,4.465713059835515,True,HIGH_T0_D0,S0,S0,
11355,NO_DEMONSTRATED_GAIN,True,False,False,113,113,0,21.860919954123066,21.860919954123066,,False,2.475975158066758e-10,0,0,-1,-1,4.465713059835515,4.465713059835515,False,HIGH_T0_D0,S0,G0,
11355,NO_DEMONSTRATED_GAIN,True,False,False,113,113,0,21.860919954123066,21.860919954123066,,False,2.475975158066758e-10,0,0,1,1,4.465713059835515,4.465713059835515,False,HIGH_T0_D0,G0,R0,
11355,NO_DEMONSTRATED_GAIN,True,False,False,113,113,0,21.860919954123066,21.860919954123066,,False,2.475975158066758e-10,0,0,1,1,4.465713059835515,4.465713059835515,False,HIGH_T0_D0,G0,S0,
11355,NO_DEMONSTRATED_GAIN,True,False,False,113,113,0,21.860919954123066,21.860919954123066,,False,2.475975158066758e-10,0,0,0,0,4.465713059835515,4.465713059835515,True,HIGH_T0_D0,G0,G0,
3357,NO_DEMONSTRATED_GAIN,True,False,False,102,102,0,90.05853344324127,90.05853344324127,,False,4.902497172775541e-10,0,0,0,0,4.106485709768288,4.106485709768288,True,HIGH_T0_D0,R0,R0,
3357,TRADEOFF,False,False,False,104,102,-2,90.05853344324127,,,False,4.902497172775541e-10,0,0,-2,-2,4.106485709768288,4.106485709768288,False,HIGH_T0_D0,R0,S0,COMMON_COVERED_IDENTITIES_LOST;COMMON_GEOMETRIC_PROTECTION_DEGRADED;RAW_WINDOW_COVERAGE_LOST;RAW_WINDOW_IDENTITIES_LOST
3357,TRADEOFF,False,False,False,102,102,0,4.106485709768288,90.05853344324127,,False,4.902497172775541e-10,0,0,-4,-4,4.106485709768288,4.106485709768288,False,HIGH_T0_D0,R0,G0,COMMON_GEOMETRIC_PROTECTION_DEGRADED
3357,SUPPORTED_WITHIN_SCOPE,True,True,False,102,104,2,90.05853344324127,90.05853344324127,0.0,False,4.902497172775541e-10,2,0.0,2,2,4.106485709768288,4.106485709768288,False,HIGH_T0_D0,S0,R0,
3357,NO_DEMONSTRATED_GAIN,True,False,False,104,104,0,90.05853344324127,90.05853344324127,,False,4.902497172775541e-10,0,0,0,0,4.106485709768288,4.106485709768288,True,HIGH_T0_D0,S0,S0,
3357,TRADEOFF,False,False,False,102,104,2,4.106485709768288,90.05853344324127,0.0,False,4.902497172775541e-10,2,0.0,-2,-2,4.106485709768288,4.106485709768288,False,HIGH_T0_D0,S0,G0,COMMON_GEOMETRIC_PROTECTION_DEGRADED
3357,SUPPORTED_WITHIN_SCOPE,True,True,False,102,102,0,90.05853344324127,4.106485709768288,,False,4.902497172775541e-10,0,0,4,4,4.106485709768288,4.106485709768288,False,HIGH_T0_D0,G0,R0,
3357,TRADEOFF,False,False,False,104,102,-2,90.05853344324127,,,False,4.902497172775541e-10,0,0,2,2,4.106485709768288,4.106485709768288,False,HIGH_T0_D0,G0,S0,COMMON_COVERED_IDENTITIES_LOST;COMMON_GEOMETRIC_PROTECTION_DEGRADED;RAW_WINDOW_COVERAGE_LOST;RAW_WINDOW_IDENTITIES_LOST
3357,NO_DEMONSTRATED_GAIN,True,False,False,102,102,0,4.106485709768288,4.106485709768288,,False,4.902497172775541e-10,0,0,0,0,4.106485709768288,4.106485709768288,True,HIGH_T0_D0,G0,G0,
9779,NO_DEMONSTRATED_GAIN,True,False,False,107,107,0,13.573807986983613,13.573807986983613,,False,2.452431161843668e-10,0,0,0,0,4.632570541207613,4.632570541207613,True,HIGH_T0_D0,R0,R0,
9779,NO_DEMONSTRATED_GAIN,True,False,False,107,107,0,13.573807986983613,13.573807986983613,,False,2.452431161843668e-10,0,0,0,0,4.632570541207613,4.632570541207613,True,HIGH_T0_D0,R0,S0,
9779,TRADEOFF,False,False,False,107,107,0,4.559941130119491,13.573807986983613,,False,2.452431161843668e-10,0,0,-5,-5,4.632570541207613,4.559941130119491,False,HIGH_T0_D0,R0,G0,COMMON_GEOMETRIC_PROTECTION_DEGRADED
9779,NO_DEMONSTRATED_GAIN,True,False,False,107,107,0,13.573807986983613,13.573807986983613,,False,2.452431161843668e-10,0,0,0,0,4.632570541207613,4.632570541207613,True,HIGH_T0_D0,S0,R0,
9779,NO_DEMONSTRATED_GAIN,True,False,False,107,107,0,13.573807986983613,13.573807986983613,,False,2.452431161843668e-10,0,0,0,0,4.632570541207613,4.632570541207613,True,HIGH_T0_D0,S0,S0,
9779,TRADEOFF,False,False,False,107,107,0,4.559941130119491,13.573807986983613,,False,2.452431161843668e-10,0,0,-5,-5,4.632570541207613,4.559941130119491,False,HIGH_T0_D0,S0,G0,COMMON_GEOMETRIC_PROTECTION_DEGRADED
9779,SUPPORTED_WITHIN_SCOPE,True,True,False,107,107,0,13.573807986983613,4.559941130119491,,False,2.452431161843668e-10,0,0,5,5,4.559941130119491,4.632570541207613,False,HIGH_T0_D0,G0,R0,
9779,SUPPORTED_WITHIN_SCOPE,True,True,False,107,107,0,13.573807986983613,4.559941130119491,,False,2.452431161843668e-10,0,0,5,5,4.559941130119491,4.632570541207613,False,HIGH_T0_D0,G0,S0,
9779,NO_DEMONSTRATED_GAIN,True,False,False,107,107,0,4.559941130119491,4.559941130119491,,False,2.452431161843668e-10,0,0,0,0,4.559941130119491,4.559941130119491,True,HIGH_T0_D0,G0,G0,
4773,NO_DEMONSTRATED_GAIN,True,False,False,102,102,0,4.6552723859854925,4.6552723859854925,,False,2.8641813787728355e-10,0,0,0,0,4.6552723859854925,4.6552723859854925,True,HIGH_T0_D0,R0,R0,
4773,NO_DEMONSTRATED_GAIN,True,False,False,102,102,0,4.6552723859854925,4.6552723859854925,,False,2.8641813787728355e-10,0,0,0,0,4.6552723859854925,4.6552723859854925,True,HIGH_T0_D0,R0,S0,
4773,NO_DEMONSTRATED_GAIN,True,False,False,102,102,0,4.6552723859854925,4.6552723859854925,,False,2.8641813787728355e-10,0,0,0,0,4.6552723859854925,4.6552723859854925,True,HIGH_T0_D0,R0,G0,
4773,NO_DEMONSTRATED_GAIN,True,False,False,102,102,0,4.6552723859854925,4.6552723859854925,,False,2.8641813787728355e-10,0,0,0,0,4.6552723859854925,4.6552723859854925,True,HIGH_T0_D0,S0,R0,
4773,NO_DEMONSTRATED_GAIN,True,False,False,102,102,0,4.6552723859854925,4.6552723859854925,,False,2.8641813787728355e-10,0,0,0,0,4.6552723859854925,4.6552723859854925,True,HIGH_T0_D0,S0,S0,
4773,NO_DEMONSTRATED_GAIN,True,False,False,102,102,0,4.6552723859854925,4.6552723859854925,,False,2.8641813787728355e-10,0,0,0,0,4.6552723859854925,4.6552723859854925,True,HIGH_T0_D0,S0,G0,
4773,NO_DEMONSTRATED_GAIN,True,False,False,102,102,0,4.6552723859854925,4.6552723859854925,,False,2.8641813787728355e-10,0,0,0,0,4.6552723859854925,4.6552723859854925,True,HIGH_T0_D0,G0,R0,
4773,NO_DEMONSTRATED_GAIN,True,False,False,102,102,0,4.6552723859854925,4.6552723859854925,,False,2.8641813787728355e-10,0,0,0,0,4.6552723859854925,4.6552723859854925,True,HIGH_T0_D0,G0,S0,
4773,NO_DEMONSTRATED_GAIN,True,False,False,102,102,0,4.6552723859854925,4.6552723859854925,,False,2.8641813787728355e-10,0,0,0,0,4.6552723859854925,4.6552723859854925,True,HIGH_T0_D0,G0,G0,
3291,NO_DEMONSTRATED_GAIN,True,False,False,93,93,0,13.201318699660023,13.201318699660023,,False,1.9821480294905037e-10,0,0,0,0,4.6665361113548744,4.6665361113548744,True,HIGH_T0_D0,R0,R0,
3291,TRADEOFF,False,False,False,96,93,-3,13.201318699660023,,,False,1.9821480294905037e-10,0,0,-3,-3,4.6665361113548744,4.6665361113548744,False,HIGH_T0_D0,R0,S0,COMMON_COVERED_IDENTITIES_LOST;COMMON_GEOMETRIC_PROTECTION_DEGRADED;RAW_WINDOW_COVERAGE_LOST;RAW_WINDOW_IDENTITIES_LOST
3291,TRADEOFF,False,False,False,93,93,0,7.2376437295632305,13.201318699660023,,False,1.9821480294905037e-10,0,0,0,0,4.6665361113548744,4.6665361113548744,False,HIGH_T0_D0,R0,G0,COMMON_GEOMETRIC_PROTECTION_DEGRADED
3291,SUPPORTED_WITHIN_SCOPE,True,True,False,93,96,3,13.201318699660023,13.201318699660023,0.0,False,1.9821480294905037e-10,3,0.0,3,3,4.6665361113548744,4.6665361113548744,False,HIGH_T0_D0,S0,R0,
3291,NO_DEMONSTRATED_GAIN,True,False,False,96,96,0,13.201318699660023,13.201318699660023,,False,1.9821480294905037e-10,0,0,0,0,4.6665361113548744,4.6665361113548744,True,HIGH_T0_D0,S0,S0,
3291,TRADEOFF,False,False,False,93,96,3,7.2376437295632305,13.201318699660023,0.0,False,1.9821480294905037e-10,3,0.0,3,3,4.6665361113548744,4.6665361113548744,False,HIGH_T0_D0,S0,G0,COMMON_GEOMETRIC_PROTECTION_DEGRADED
3291,SUPPORTED_WITHIN_SCOPE,True,True,False,93,93,0,13.201318699660023,7.2376437295632305,,False,1.9821480294905037e-10,0,0,0,0,4.6665361113548744,4.6665361113548744,False,HIGH_T0_D0,G0,R0,
3291,TRADEOFF,False,False,False,96,93,-3,13.201318699660023,,,False,1.9821480294905037e-10,0,0,-3,-3,4.6665361113548744,4.6665361113548744,False,HIGH_T0_D0,G0,S0,COMMON_COVERED_IDENTITIES_LOST;COMMON_GEOMETRIC_PROTECTION_DEGRADED;RAW_WINDOW_COVERAGE_LOST;RAW_WINDOW_IDENTITIES_LOST
3291,NO_DEMONSTRATED_GAIN,True,False,False,93,93,0,7.2376437295632305,7.2376437295632305,,False,1.9821480294905037e-10,0,0,0,0,4.6665361113548744,4.6665361113548744,True,HIGH_T0_D0,G0,G0,
10433,NO_DEMONSTRATED_GAIN,True,False,False,91,91,0,4.805026533949225,4.805026533949225,,False,6.533894170633158e-10,0,0,0,0,4.805026533949225,4.805026533949225,True,HIGH_T0_D0,R0,R0,
10433,TRADEOFF,False,False,False,100,91,-9,4.805026533949225,,,False,6.533894170633158e-10,0,0,-8,-8,4.805026533949225,4.805026533949225,False,HIGH_T0_D0,R0,S0,COMMON_COVERED_IDENTITIES_LOST;COMMON_GEOMETRIC_PROTECTION_DEGRADED;RAW_WINDOW_COVERAGE_LOST;RAW_WINDOW_IDENTITIES_LOST
10433,NO_DEMONSTRATED_GAIN,True,False,False,91,91,0,4.805026533949225,4.805026533949225,,False,6.533894170633158e-10,0,0,0,0,4.805026533949225,4.805026533949225,True,HIGH_T0_D0,R0,G0,
10433,SUPPORTED_WITHIN_SCOPE,True,True,False,91,100,9,4.805026533949225,4.805026533949225,0.8994840858411662,False,6.533894170633158e-10,9,0.8994840858411662,8,8,4.805026533949225,4.805026533949225,False,HIGH_T0_D0,S0,R0,
10433,NO_DEMONSTRATED_GAIN,True,False,False,100,100,0,4.805026533949225,4.805026533949225,,False,6.533894170633158e-10,0,0,0,0,4.805026533949225,4.805026533949225,True,HIGH_T0_D0,S0,S0,
10433,SUPPORTED_WITHIN_SCOPE,True,True,False,91,100,9,4.805026533949225,4.805026533949225,0.8994840858411662,False,6.533894170633158e-10,9,0.8994840858411662,8,8,4.805026533949225,4.805026533949225,False,HIGH_T0_D0,S0,G0,
10433,NO_DEMONSTRATED_GAIN,True,False,False,91,91,0,4.805026533949225,4.805026533949225,,False,6.533894170633158e-10,0,0,0,0,4.805026533949225,4.805026533949225,True,HIGH_T0_D0,G0,R0,
10433,TRADEOFF,False,False,False,100,91,-9,4.805026533949225,,,False,6.533894170633158e-10,0,0,-8,-8,4.805026533949225,4.805026533949225,False,HIGH_T0_D0,G0,S0,COMMON_COVERED_IDENTITIES_LOST;COMMON_GEOMETRIC_PROTECTION_DEGRADED;RAW_WINDOW_COVERAGE_LOST;RAW_WINDOW_IDENTITIES_LOST
10433,NO_DEMONSTRATED_GAIN,True,False,False,91,91,0,4.805026533949225,4.805026533949225,,False,6.533894170633158e-10,0,0,0,0,4.805026533949225,4.805026533949225,True,HIGH_T0_D0,G0,G0,
9994,NO_DEMONSTRATED_GAIN,True,False,False,110,110,0,51.5592520708331,51.5592520708331,,False,2.4696017854709284e-10,0,0,0,0,4.522920561453686,4.522920561453686,True,HIGH_T0_D0,R0,R0,
9994,NO_DEMONSTRATED_GAIN,True,False,False,110,110,0,51.5592520708331,51.5592520708331,,False,2.4696017854709284e-10,0,0,0,0,4.522920561453686,4.522920561453686,True,HIGH_T0_D0,R0,S0,
9994,TRADEOFF,False,False,False,110,110,0,5.340539853504689,51.5592520708331,,False,2.4696017854709284e-10,0,0,-6,-6,4.522920561453686,4.606794457226841,False,HIGH_T0_D0,R0,G0,COMMON_GEOMETRIC_PROTECTION_DEGRADED
9994,NO_DEMONSTRATED_GAIN,True,False,False,110,110,0,51.5592520708331,51.5592520708331,,False,2.4696017854709284e-10,0,0,0,0,4.522920561453686,4.522920561453686,True,HIGH_T0_D0,S0,R0,
9994,NO_DEMONSTRATED_GAIN,True,False,False,110,110,0,51.5592520708331,51.5592520708331,,False,2.4696017854709284e-10,0,0,0,0,4.522920561453686,4.522920561453686,True,HIGH_T0_D0,S0,S0,
9994,TRADEOFF,False,False,False,110,110,0,5.340539853504689,51.5592520708331,,False,2.4696017854709284e-10,0,0,-6,-6,4.522920561453686,4.606794457226841,False,HIGH_T0_D0,S0,G0,COMMON_GEOMETRIC_PROTECTION_DEGRADED
9994,SUPPORTED_WITHIN_SCOPE,True,True,False,110,110,0,51.5592520708331,5.340539853504689,,False,2.4696017854709284e-10,0,0,6,6,4.606794457226841,4.522920561453686,False,HIGH_T0_D0,G0,R0,
9994,SUPPORTED_WITHIN_SCOPE,True,True,False,110,110,0,51.5592520708331,5.340539853504689,,False,2.4696017854709284e-10,0,0,6,6,4.606794457226841,4.522920561453686,False,HIGH_T0_D0,G0,S0,
9994,NO_DEMONSTRATED_GAIN,True,False,False,110,110,0,5.340539853504689,5.340539853504689,,False,2.4696017854709284e-10,0,0,0,0,4.606794457226841,4.606794457226841,True,HIGH_T0_D0,G0,G0,
1944,NO_DEMONSTRATED_GAIN,True,False,False,109,109,0,26.499835320721917,26.499835320721917,,False,2.1462816317068253e-10,0,0,0,0,4.822228467808981,4.822228467808981,True,HIGH_T0_D1,R0,R0,
1944,NO_DEMONSTRATED_GAIN,True,False,False,109,109,0,26.499835320721917,26.499835320721917,,False,2.1462816317068253e-10,0,0,0,0,4.822228467808981,4.822228467808981,True,HIGH_T0_D1,R0,S0,
1944,TRADEOFF,False,False,False,109,109,0,15.86512318344935,26.499835320721917,,False,2.1462816317068253e-10,0,0,0,0,4.822228467808981,4.822228467808981,False,HIGH_T0_D1,R0,G0,COMMON_GEOMETRIC_PROTECTION_DEGRADED
1944,NO_DEMONSTRATED_GAIN,True,False,False,109,109,0,26.499835320721917,26.499835320721917,,False,2.1462816317068253e-10,0,0,0,0,4.822228467808981,4.822228467808981,True,HIGH_T0_D1,S0,R0,
1944,NO_DEMONSTRATED_GAIN,True,False,False,109,109,0,26.499835320721917,26.499835320721917,,False,2.1462816317068253e-10,0,0,0,0,4.822228467808981,4.822228467808981,True,HIGH_T0_D1,S0,S0,
1944,TRADEOFF,False,False,False,109,109,0,15.86512318344935,26.499835320721917,,False,2.1462816317068253e-10,0,0,0,0,4.822228467808981,4.822228467808981,False,HIGH_T0_D1,S0,G0,COMMON_GEOMETRIC_PROTECTION_DEGRADED
1944,SUPPORTED_WITHIN_SCOPE,True,True,False,109,109,0,26.499835320721917,15.86512318344935,,False,2.1462816317068253e-10,0,0,0,0,4.822228467808981,4.822228467808981,False,HIGH_T0_D1,G0,R0,
1944,SUPPORTED_WITHIN_SCOPE,True,True,False,109,109,0,26.499835320721917,15.86512318344935,,False,2.1462816317068253e-10,0,0,0,0,4.822228467808981,4.822228467808981,False,HIGH_T0_D1,G0,S0,
1944,NO_DEMONSTRATED_GAIN,True,False,False,109,109,0,15.86512318344935,15.86512318344935,,False,2.1462816317068253e-10,0,0,0,0,4.822228467808981,4.822228467808981,True,HIGH_T0_D1,G0,G0,
8430,NO_DEMONSTRATED_GAIN,True,False,False,119,119,0,45.932671135374186,45.932671135374186,,False,2.37710250844155e-10,0,0,0,0,4.64974207926895,4.64974207926895,True,HIGH_T0_D1,R0,R0,
8430,NO_DEMONSTRATED_GAIN,True,False,False,119,119,0,45.932671135374186,45.932671135374186,,False,2.37710250844155e-10,0,0,0,0,4.64974207926895,4.64974207926895,True,HIGH_T0_D1,R0,S0,
8430,TRADEOFF,False,False,False,119,119,0,4.64974207926895,45.932671135374186,,False,2.37710250844155e-10,0,0,-3,-3,4.64974207926895,4.64974207926895,False,HIGH_T0_D1,R0,G0,COMMON_GEOMETRIC_PROTECTION_DEGRADED
8430,NO_DEMONSTRATED_GAIN,True,False,False,119,119,0,45.932671135374186,45.932671135374186,,False,2.37710250844155e-10,0,0,0,0,4.64974207926895,4.64974207926895,True,HIGH_T0_D1,S0,R0,
8430,NO_DEMONSTRATED_GAIN,True,False,False,119,119,0,45.932671135374186,45.932671135374186,,False,2.37710250844155e-10,0,0,0,0,4.64974207926895,4.64974207926895,True,HIGH_T0_D1,S0,S0,
8430,TRADEOFF,False,False,False,119,119,0,4.64974207926895,45.932671135374186,,False,2.37710250844155e-10,0,0,-3,-3,4.64974207926895,4.64974207926895,False,HIGH_T0_D1,S0,G0,COMMON_GEOMETRIC_PROTECTION_DEGRADED
8430,SUPPORTED_WITHIN_SCOPE,True,True,False,119,119,0,45.932671135374186,4.64974207926895,,False,2.37710250844155e-10,0,0,3,3,4.64974207926895,4.64974207926895,False,HIGH_T0_D1,G0,R0,
8430,SUPPORTED_WITHIN_SCOPE,True,True,False,119,119,0,45.932671135374186,4.64974207926895,,False,2.37710250844155e-10,0,0,3,3,4.64974207926895,4.64974207926895,False,HIGH_T0_D1,G0,S0,
8430,NO_DEMONSTRATED_GAIN,True,False,False,119,119,0,4.64974207926895,4.64974207926895,,False,2.37710250844155e-10,0,0,0,0,4.64974207926895,4.64974207926895,True,HIGH_T0_D1,G0,G0,
1860,NO_DEMONSTRATED_GAIN,True,False,False,114,114,0,28.794151216274006,28.794151216274006,,False,1.2767853843463736e-10,0,0,0,0,4.923429558085217,4.923429558085217,True,HIGH_T0_D1,R0,R0,
1860,NO_DEMONSTRATED_GAIN,True,False,False,114,114,0,28.794151216274006,28.794151216274006,,False,1.2767853843463736e-10,0,0,0,0,4.923429558085217,4.923429558085217,True,HIGH_T0_D1,R0,S0,
1860,TRADEOFF,False,False,False,114,114,0,4.923429558085217,28.794151216274006,,False,1.2767853843463736e-10,0,0,-1,-1,4.923429558085217,4.923429558085217,False,HIGH_T0_D1,R0,G0,COMMON_GEOMETRIC_PROTECTION_DEGRADED
1860,NO_DEMONSTRATED_GAIN,True,False,False,114,114,0,28.794151216274006,28.794151216274006,,False,1.2767853843463736e-10,0,0,0,0,4.923429558085217,4.923429558085217,True,HIGH_T0_D1,S0,R0,
1860,NO_DEMONSTRATED_GAIN,True,False,False,114,114,0,28.794151216274006,28.794151216274006,,False,1.2767853843463736e-10,0,0,0,0,4.923429558085217,4.923429558085217,True,HIGH_T0_D1,S0,S0,
1860,TRADEOFF,False,False,False,114,114,0,4.923429558085217,28.794151216274006,,False,1.2767853843463736e-10,0,0,-1,-1,4.923429558085217,4.923429558085217,False,HIGH_T0_D1,S0,G0,COMMON_GEOMETRIC_PROTECTION_DEGRADED
1860,SUPPORTED_WITHIN_SCOPE,True,True,False,114,114,0,28.794151216274006,4.923429558085217,,False,1.2767853843463736e-10,0,0,1,1,4.923429558085217,4.923429558085217,False,HIGH_T0_D1,G0,R0,
1860,SUPPORTED_WITHIN_SCOPE,True,True,False,114,114,0,28.794151216274006,4.923429558085217,,False,1.2767853843463736e-10,0,0,1,1,4.923429558085217,4.923429558085217,False,HIGH_T0_D1,G0,S0,
1860,NO_DEMONSTRATED_GAIN,True,False,False,114,114,0,4.923429558085217,4.923429558085217,,False,1.2767853843463736e-10,0,0,0,0,4.923429558085217,4.923429558085217,True,HIGH_T0_D1,G0,G0,
9222,NO_DEMONSTRATED_GAIN,True,False,False,86,86,0,47.99891069874779,47.99891069874779,,False,2.739195803044131e-10,0,0,0,0,4.5059496675262265,4.5059496675262265,True,HIGH_T0_D1,R0,R0,
9222,NO_DEMONSTRATED_GAIN,True,False,False,86,86,0,47.99891069874779,47.99891069874779,,False,2.739195803044131e-10,0,0,0,0,4.5059496675262265,4.5059496675262265,True,HIGH_T0_D1,R0,S0,
9222,TRADEOFF,False,False,False,86,86,0,4.5059496675262265,47.99891069874779,,False,2.739195803044131e-10,0,0,-3,-3,4.5059496675262265,4.5059496675262265,False,HIGH_T0_D1,R0,G0,COMMON_GEOMETRIC_PROTECTION_DEGRADED
9222,NO_DEMONSTRATED_GAIN,True,False,False,86,86,0,47.99891069874779,47.99891069874779,,False,2.739195803044131e-10,0,0,0,0,4.5059496675262265,4.5059496675262265,True,HIGH_T0_D1,S0,R0,
9222,NO_DEMONSTRATED_GAIN,True,False,False,86,86,0,47.99891069874779,47.99891069874779,,False,2.739195803044131e-10,0,0,0,0,4.5059496675262265,4.5059496675262265,True,HIGH_T0_D1,S0,S0,
9222,TRADEOFF,False,False,False,86,86,0,4.5059496675262265,47.99891069874779,,False,2.739195803044131e-10,0,0,-3,-3,4.5059496675262265,4.5059496675262265,False,HIGH_T0_D1,S0,G0,COMMON_GEOMETRIC_PROTECTION_DEGRADED
9222,SUPPORTED_WITHIN_SCOPE,True,True,False,86,86,0,47.99891069874779,4.5059496675262265,,False,2.739195803044131e-10,0,0,3,3,4.5059496675262265,4.5059496675262265,False,HIGH_T0_D1,G0,R0,
9222,SUPPORTED_WITHIN_SCOPE,True,True,False,86,86,0,47.99891069874779,4.5059496675262265,,False,2.739195803044131e-10,0,0,3,3,4.5059496675262265,4.5059496675262265,False,HIGH_T0_D1,G0,S0,
9222,NO_DEMONSTRATED_GAIN,True,False,False,86,86,0,4.5059496675262265,4.5059496675262265,,False,2.739195803044131e-10,0,0,0,0,4.5059496675262265,4.5059496675262265,True,HIGH_T0_D1,G0,G0,
5431,NO_DEMONSTRATED_GAIN,True,False,False,106,106,0,4.7291107265798775,4.7291107265798775,,False,1.2324112861350852e-10,0,0,0,0,4.540973706716448,4.540973706716448,True,HIGH_T0_D1,R0,R0,
5431,NO_DEMONSTRATED_GAIN,True,False,False,106,106,0,4.7291107265798775,4.7291107265798775,,False,1.2324112861350852e-10,0,0,0,0,4.540973706716448,4.540973706716448,True,HIGH_T0_D1,R0,S0,
5431,NO_DEMONSTRATED_GAIN,True,False,False,106,106,0,4.7291107265798775,4.7291107265798775,,False,1.2324112861350852e-10,0,0,0,0,4.540973706716448,4.7291107265798775,False,HIGH_T0_D1,R0,G0,
5431,NO_DEMONSTRATED_GAIN,True,False,False,106,106,0,4.7291107265798775,4.7291107265798775,,False,1.2324112861350852e-10,0,0,0,0,4.540973706716448,4.540973706716448,True,HIGH_T0_D1,S0,R0,
5431,NO_DEMONSTRATED_GAIN,True,False,False,106,106,0,4.7291107265798775,4.7291107265798775,,False,1.2324112861350852e-10,0,0,0,0,4.540973706716448,4.540973706716448,True,HIGH_T0_D1,S0,S0,
5431,NO_DEMONSTRATED_GAIN,True,False,False,106,106,0,4.7291107265798775,4.7291107265798775,,False,1.2324112861350852e-10,0,0,0,0,4.540973706716448,4.7291107265798775,False,HIGH_T0_D1,S0,G0,
5431,NO_DEMONSTRATED_GAIN,True,False,False,106,106,0,4.7291107265798775,4.7291107265798775,,False,1.2324112861350852e-10,0,0,0,0,4.7291107265798775,4.540973706716448,False,HIGH_T0_D1,G0,R0,
5431,NO_DEMONSTRATED_GAIN,True,False,False,106,106,0,4.7291107265798775,4.7291107265798775,,False,1.2324112861350852e-10,0,0,0,0,4.7291107265798775,4.540973706716448,False,HIGH_T0_D1,G0,S0,
5431,NO_DEMONSTRATED_GAIN,True,False,False,106,106,0,4.7291107265798775,4.7291107265798775,,False,1.2324112861350852e-10,0,0,0,0,4.7291107265798775,4.7291107265798775,True,HIGH_T0_D1,G0,G0,
9145,NO_DEMONSTRATED_GAIN,True,False,False,110,110,0,4.646827405209209,4.646827405209209,,False,4.4092188228127227e-10,0,0,0,0,4.646827405209209,4.646827405209209,True,HIGH_T0_D1,R0,R0,
9145,NO_DEMONSTRATED_GAIN,True,False,False,110,110,0,4.646827405209209,4.646827405209209,,False,4.4092188228127227e-10,0,0,0,0,4.646827405209209,4.646827405209209,True,HIGH_T0_D1,R0,S0,
9145,NO_DEMONSTRATED_GAIN,True,False,False,110,110,0,4.646827405209209,4.646827405209209,,False,4.4092188228127227e-10,0,0,0,0,4.646827405209209,4.646827405209209,True,HIGH_T0_D1,R0,G0,
9145,NO_DEMONSTRATED_GAIN,True,False,False,110,110,0,4.646827405209209,4.646827405209209,,False,4.4092188228127227e-10,0,0,0,0,4.646827405209209,4.646827405209209,True,HIGH_T0_D1,S0,R0,
9145,NO_DEMONSTRATED_GAIN,True,False,False,110,110,0,4.646827405209209,4.646827405209209,,False,4.4092188228127227e-10,0,0,0,0,4.646827405209209,4.646827405209209,True,HIGH_T0_D1,S0,S0,
9145,NO_DEMONSTRATED_GAIN,True,False,False,110,110,0,4.646827405209209,4.646827405209209,,False,4.4092188228127227e-10,0,0,0,0,4.646827405209209,4.646827405209209,True,HIGH_T0_D1,S0,G0,
9145,NO_DEMONSTRATED_GAIN,True,False,False,110,110,0,4.646827405209209,4.646827405209209,,False,4.4092188228127227e-10,0,0,0,0,4.646827405209209,4.646827405209209,True,HIGH_T0_D1,G0,R0,
9145,NO_DEMONSTRATED_GAIN,True,False,False,110,110,0,4.646827405209209,4.646827405209209,,False,4.4092188228127227e-10,0,0,0,0,4.646827405209209,4.646827405209209,True,HIGH_T0_D1,G0,S0,
9145,NO_DEMONSTRATED_GAIN,True,False,False,110,110,0,4.646827405209209,4.646827405209209,,False,4.4092188228127227e-10,0,0,0,0,4.646827405209209,4.646827405209209,True,HIGH_T0_D1,G0,G0,
7186,NO_DEMONSTRATED_GAIN,True,False,False,101,101,0,4.120424365293695,4.120424365293695,,False,6.200991664995139e-10,0,0,0,0,4.120424365293695,4.120424365293695,True,HIGH_T0_D1,R0,R0,
7186,NO_DEMONSTRATED_GAIN,True,False,False,101,101,0,4.120424365293695,4.120424365293695,,False,6.200991664995139e-10,0,0,0,0,4.120424365293695,4.120424365293695,True,HIGH_T0_D1,R0,S0,
7186,NO_DEMONSTRATED_GAIN,True,False,False,101,101,0,4.120424365293695,4.120424365293695,,False,6.200991664995139e-10,0,0,0,0,4.120424365293695,4.120424365293695,True,HIGH_T0_D1,R0,G0,
7186,NO_DEMONSTRATED_GAIN,True,False,False,101,101,0,4.120424365293695,4.120424365293695,,False,6.200991664995139e-10,0,0,0,0,4.120424365293695,4.120424365293695,True,HIGH_T0_D1,S0,R0,
7186,NO_DEMONSTRATED_GAIN,True,False,False,101,101,0,4.120424365293695,4.120424365293695,,False,6.200991664995139e-10,0,0,0,0,4.120424365293695,4.120424365293695,True,HIGH_T0_D1,S0,S0,
7186,NO_DEMONSTRATED_GAIN,True,False,False,101,101,0,4.120424365293695,4.120424365293695,,False,6.200991664995139e-10,0,0,0,0,4.120424365293695,4.120424365293695,True,HIGH_T0_D1,S0,G0,
7186,NO_DEMONSTRATED_GAIN,True,False,False,101,101,0,4.120424365293695,4.120424365293695,,False,6.200991664995139e-10,0,0,0,0,4.120424365293695,4.120424365293695,True,HIGH_T0_D1,G0,R0,
7186,NO_DEMONSTRATED_GAIN,True,False,False,101,101,0,4.120424365293695,4.120424365293695,,False,6.200991664995139e-10,0,0,0,0,4.120424365293695,4.120424365293695,True,HIGH_T0_D1,G0,S0,
7186,NO_DEMONSTRATED_GAIN,True,False,False,101,101,0,4.120424365293695,4.120424365293695,,False,6.200991664995139e-10,0,0,0,0,4.120424365293695,4.120424365293695,True,HIGH_T0_D1,G0,G0,
11326,NO_DEMONSTRATED_GAIN,True,False,False,97,97,0,89.30217942551688,89.30217942551688,,False,3.493155536615053e-10,0,0,0,0,4.988347195241182,4.988347195241182,True,HIGH_T0_D1,R0,R0,
11326,TRADEOFF,False,False,False,104,97,-7,89.30217942551688,,,False,3.493155536615053e-10,0,0,-4,-4,4.988347195241182,4.988347195241182,False,HIGH_T0_D1,R0,S0,COMMON_COVERED_IDENTITIES_LOST;COMMON_GEOMETRIC_PROTECTION_DEGRADED;RAW_WINDOW_COVERAGE_LOST;RAW_WINDOW_IDENTITIES_LOST
11326,TRADEOFF,False,False,False,97,97,0,4.988347195241182,89.30217942551688,,False,3.493155536615053e-10,0,0,-5,-5,4.988347195241182,4.988347195241182,False,HIGH_T0_D1,R0,G0,COMMON_GEOMETRIC_PROTECTION_DEGRADED
11326,SUPPORTED_WITHIN_SCOPE,True,True,False,97,104,7,89.30217942551688,89.30217942551688,2.363435801133264,False,3.493155536615053e-10,7,3.073521774668301,4,4,4.988347195241182,4.988347195241182,False,HIGH_T0_D1,S0,R0,
11326,NO_DEMONSTRATED_GAIN,True,False,False,104,104,0,89.30217942551688,89.30217942551688,,False,3.493155536615053e-10,0,0,0,0,4.988347195241182,4.988347195241182,True,HIGH_T0_D1,S0,S0,
11326,TRADEOFF,False,False,False,97,104,7,4.988347195241182,89.30217942551688,2.363435801133264,False,3.493155536615053e-10,7,3.073521774668301,-1,-1,4.988347195241182,4.988347195241182,False,HIGH_T0_D1,S0,G0,COMMON_GEOMETRIC_PROTECTION_DEGRADED
11326,SUPPORTED_WITHIN_SCOPE,True,True,False,97,97,0,89.30217942551688,4.988347195241182,,False,3.493155536615053e-10,0,0,5,5,4.988347195241182,4.988347195241182,False,HIGH_T0_D1,G0,R0,
11326,TRADEOFF,False,False,False,104,97,-7,89.30217942551688,,,False,3.493155536615053e-10,0,0,1,1,4.988347195241182,4.988347195241182,False,HIGH_T0_D1,G0,S0,COMMON_COVERED_IDENTITIES_LOST;COMMON_GEOMETRIC_PROTECTION_DEGRADED;RAW_WINDOW_COVERAGE_LOST;RAW_WINDOW_IDENTITIES_LOST
11326,NO_DEMONSTRATED_GAIN,True,False,False,97,97,0,4.988347195241182,4.988347195241182,,False,3.493155536615053e-10,0,0,0,0,4.988347195241182,4.988347195241182,True,HIGH_T0_D1,G0,G0,
4378,NO_DEMONSTRATED_GAIN,True,False,False,109,109,0,4.979568432885832,4.979568432885832,,False,2.6181692034406977e-10,0,0,0,0,4.979568432885832,4.979568432885832,True,HIGH_T0_D1,R0,R0,
4378,NO_DEMONSTRATED_GAIN,True,False,False,109,109,0,4.979568432885832,4.979568432885832,,False,2.6181692034406977e-10,0,0,0,0,4.979568432885832,4.979568432885832,True,HIGH_T0_D1,R0,S0,
4378,NO_DEMONSTRATED_GAIN,True,False,False,109,109,0,4.979568432885832,4.979568432885832,,False,2.6181692034406977e-10,0,0,0,0,4.979568432885832,4.979568432885832,False,HIGH_T0_D1,R0,G0,
4378,NO_DEMONSTRATED_GAIN,True,False,False,109,109,0,4.979568432885832,4.979568432885832,,False,2.6181692034406977e-10,0,0,0,0,4.979568432885832,4.979568432885832,True,HIGH_T0_D1,S0,R0,
4378,NO_DEMONSTRATED_GAIN,True,False,False,109,109,0,4.979568432885832,4.979568432885832,,False,2.6181692034406977e-10,0,0,0,0,4.979568432885832,4.979568432885832,True,HIGH_T0_D1,S0,S0,
4378,NO_DEMONSTRATED_GAIN,True,False,False,109,109,0,4.979568432885832,4.979568432885832,,False,2.6181692034406977e-10,0,0,0,0,4.979568432885832,4.979568432885832,False,HIGH_T0_D1,S0,G0,
4378,NO_DEMONSTRATED_GAIN,True,False,False,109,109,0,4.979568432885832,4.979568432885832,,False,2.6181692034406977e-10,0,0,0,0,4.979568432885832,4.979568432885832,False,HIGH_T0_D1,G0,R0,
4378,NO_DEMONSTRATED_GAIN,True,False,False,109,109,0,4.979568432885832,4.979568432885832,,False,2.6181692034406977e-10,0,0,0,0,4.979568432885832,4.979568432885832,False,HIGH_T0_D1,G0,S0,
4378,NO_DEMONSTRATED_GAIN,True,False,False,109,109,0,4.979568432885832,4.979568432885832,,False,2.6181692034406977e-10,0,0,0,0,4.979568432885832,4.979568432885832,True,HIGH_T0_D1,G0,G0,
11021,NO_DEMONSTRATED_GAIN,True,False,False,105,105,0,10.078142001989997,10.078142001989997,,False,6.44208415705819e-10,0,0,0,0,4.056410046866857,4.056410046866857,True,HIGH_T0_D1,R0,R0,
11021,NO_DEMONSTRATED_GAIN,True,False,False,105,105,0,10.078142001989997,10.078142001989997,,False,6.44208415705819e-10,0,0,0,0,4.056410046866857,4.056410046866857,True,HIGH_T0_D1,R0,S0,
11021,TRADEOFF,False,False,False,105,105,0,4.056410046866857,10.078142001989997,,False,6.44208415705819e-10,0,0,-1,-1,4.056410046866857,4.056410046866857,False,HIGH_T0_D1,R0,G0,COMMON_GEOMETRIC_PROTECTION_DEGRADED
11021,NO_DEMONSTRATED_GAIN,True,False,False,105,105,0,10.078142001989997,10.078142001989997,,False,6.44208415705819e-10,0,0,0,0,4.056410046866857,4.056410046866857,True,HIGH_T0_D1,S0,R0,
11021,NO_DEMONSTRATED_GAIN,True,False,False,105,105,0,10.078142001989997,10.078142001989997,,False,6.44208415705819e-10,0,0,0,0,4.056410046866857,4.056410046866857,True,HIGH_T0_D1,S0,S0,
11021,TRADEOFF,False,False,False,105,105,0,4.056410046866857,10.078142001989997,,False,6.44208415705819e-10,0,0,-1,-1,4.056410046866857,4.056410046866857,False,HIGH_T0_D1,S0,G0,COMMON_GEOMETRIC_PROTECTION_DEGRADED
11021,SUPPORTED_WITHIN_SCOPE,True,True,False,105,105,0,10.078142001989997,4.056410046866857,,False,6.44208415705819e-10,0,0,1,1,4.056410046866857,4.056410046866857,False,HIGH_T0_D1,G0,R0,
11021,SUPPORTED_WITHIN_SCOPE,True,True,False,105,105,0,10.078142001989997,4.056410046866857,,False,6.44208415705819e-10,0,0,1,1,4.056410046866857,4.056410046866857,False,HIGH_T0_D1,G0,S0,
11021,NO_DEMONSTRATED_GAIN,True,False,False,105,105,0,4.056410046866857,4.056410046866857,,False,6.44208415705819e-10,0,0,0,0,4.056410046866857,4.056410046866857,True,HIGH_T0_D1,G0,G0,
5049,NO_DEMONSTRATED_GAIN,True,False,False,105,105,0,4.433694610408207,4.433694610408207,,False,7.22445532899282e-10,0,0,0,0,4.433694610408207,4.433694610408207,True,HIGH_T0_D1,R0,R0,
5049,NO_DEMONSTRATED_GAIN,True,False,False,105,105,0,4.433694610408207,4.433694610408207,,False,7.22445532899282e-10,0,0,0,0,4.433694610408207,4.433694610408207,True,HIGH_T0_D1,R0,S0,
5049,NO_DEMONSTRATED_GAIN,True,False,False,105,105,0,4.433694610408207,4.433694610408207,,False,7.22445532899282e-10,0,0,0,0,4.433694610408207,4.433694610408207,True,HIGH_T0_D1,R0,G0,
5049,NO_DEMONSTRATED_GAIN,True,False,False,105,105,0,4.433694610408207,4.433694610408207,,False,7.22445532899282e-10,0,0,0,0,4.433694610408207,4.433694610408207,True,HIGH_T0_D1,S0,R0,
5049,NO_DEMONSTRATED_GAIN,True,False,False,105,105,0,4.433694610408207,4.433694610408207,,False,7.22445532899282e-10,0,0,0,0,4.433694610408207,4.433694610408207,True,HIGH_T0_D1,S0,S0,
5049,NO_DEMONSTRATED_GAIN,True,False,False,105,105,0,4.433694610408207,4.433694610408207,,False,7.22445532899282e-10,0,0,0,0,4.433694610408207,4.433694610408207,True,HIGH_T0_D1,S0,G0,
5049,NO_DEMONSTRATED_GAIN,True,False,False,105,105,0,4.433694610408207,4.433694610408207,,False,7.22445532899282e-10,0,0,0,0,4.433694610408207,4.433694610408207,True,HIGH_T0_D1,G0,R0,
5049,NO_DEMONSTRATED_GAIN,True,False,False,105,105,0,4.433694610408207,4.433694610408207,,False,7.22445532899282e-10,0,0,0,0,4.433694610408207,4.433694610408207,True,HIGH_T0_D1,G0,S0,
5049,NO_DEMONSTRATED_GAIN,True,False,False,105,105,0,4.433694610408207,4.433694610408207,,False,7.22445532899282e-10,0,0,0,0,4.433694610408207,4.433694610408207,True,HIGH_T0_D1,G0,G0,
4381,NO_DEMONSTRATED_GAIN,True,False,False,101,101,0,7.324282047298341,7.324282047298341,,False,1.0674587942575199e-10,0,0,0,0,4.564092892385903,4.564092892385903,True,HIGH_T0_D1,R0,R0,
4381,NO_DEMONSTRATED_GAIN,True,False,False,101,101,0,7.324282047298341,7.324282047298341,,False,1.0674587942575199e-10,0,0,0,0,4.564092892385903,4.564092892385903,True,HIGH_T0_D1,R0,S0,
4381,NO_DEMONSTRATED_GAIN,True,False,False,101,101,0,7.324282047298341,7.324282047298341,,False,1.0674587942575199e-10,0,0,-1,-1,4.564092892385903,4.564092892385903,False,HIGH_T0_D1,R0,G0,
4381,NO_DEMONSTRATED_GAIN,True,False,False,101,101,0,7.324282047298341,7.324282047298341,,False,1.0674587942575199e-10,0,0,0,0,4.564092892385903,4.564092892385903,True,HIGH_T0_D1,S0,R0,
4381,NO_DEMONSTRATED_GAIN,True,False,False,101,101,0,7.324282047298341,7.324282047298341,,False,1.0674587942575199e-10,0,0,0,0,4.564092892385903,4.564092892385903,True,HIGH_T0_D1,S0,S0,
4381,NO_DEMONSTRATED_GAIN,True,False,False,101,101,0,7.324282047298341,7.324282047298341,,False,1.0674587942575199e-10,0,0,-1,-1,4.564092892385903,4.564092892385903,False,HIGH_T0_D1,S0,G0,
4381,NO_DEMONSTRATED_GAIN,True,False,False,101,101,0,7.324282047298341,7.324282047298341,,False,1.0674587942575199e-10,0,0,1,1,4.564092892385903,4.564092892385903,False,HIGH_T0_D1,G0,R0,
4381,NO_DEMONSTRATED_GAIN,True,False,False,101,101,0,7.324282047298341,7.324282047298341,,False,1.0674587942575199e-10,0,0,1,1,4.564092892385903,4.564092892385903,False,HIGH_T0_D1,G0,S0,
4381,NO_DEMONSTRATED_GAIN,True,False,False,101,101,0,7.324282047298341,7.324282047298341,,False,1.0674587942575199e-10,0,0,0,0,4.564092892385903,4.564092892385903,True,HIGH_T0_D1,G0,G0,
1378,NO_DEMONSTRATED_GAIN,True,False,False,79,79,0,80.75179415527165,80.75179415527165,,False,3.4773237972336945e-10,0,0,0,0,4.721022121136405,4.721022121136405,True,HIGH_T1_D0,R0,R0,
1378,NO_DEMONSTRATED_GAIN,True,False,False,79,79,0,80.75179415527165,80.75179415527165,,False,3.4773237972336945e-10,0,0,0,0,4.721022121136405,4.721022121136405,True,HIGH_T1_D0,R0,S0,
1378,NO_DEMONSTRATED_GAIN,True,False,False,79,79,0,80.75179415527165,80.75179415527165,,False,3.4773237972336945e-10,0,0,0,0,4.721022121136405,4.721022121136405,True,HIGH_T1_D0,R0,G0,
1378,NO_DEMONSTRATED_GAIN,True,False,False,79,79,0,80.75179415527165,80.75179415527165,,False,3.4773237972336945e-10,0,0,0,0,4.721022121136405,4.721022121136405,True,HIGH_T1_D0,S0,R0,
1378,NO_DEMONSTRATED_GAIN,True,False,False,79,79,0,80.75179415527165,80.75179415527165,,False,3.4773237972336945e-10,0,0,0,0,4.721022121136405,4.721022121136405,True,HIGH_T1_D0,S0,S0,
1378,NO_DEMONSTRATED_GAIN,True,False,False,79,79,0,80.75179415527165,80.75179415527165,,False,3.4773237972336945e-10,0,0,0,0,4.721022121136405,4.721022121136405,True,HIGH_T1_D0,S0,G0,
1378,NO_DEMONSTRATED_GAIN,True,False,False,79,79,0,80.75179415527165,80.75179415527165,,False,3.4773237972336945e-10,0,0,0,0,4.721022121136405,4.721022121136405,True,HIGH_T1_D0,G0,R0,
1378,NO_DEMONSTRATED_GAIN,True,False,False,79,79,0,80.75179415527165,80.75179415527165,,False,3.4773237972336945e-10,0,0,0,0,4.721022121136405,4.721022121136405,True,HIGH_T1_D0,G0,S0,
1378,NO_DEMONSTRATED_GAIN,True,False,False,79,79,0,80.75179415527165,80.75179415527165,,False,3.4773237972336945e-10,0,0,0,0,4.721022121136405,4.721022121136405,True,HIGH_T1_D0,G0,G0,
9613,NO_DEMONSTRATED_GAIN,True,False,False,108,108,0,4.837446468129582,4.837446468129582,,False,6.180578900526707e-10,0,0,0,0,4.837446468129582,4.837446468129582,True,HIGH_T1_D0,R0,R0,
9613,TRADEOFF,False,False,False,120,108,-12,4.837446468129582,,,False,6.180578900526707e-10,0,0,-8,-8,4.837446468129582,4.837446468129582,False,HIGH_T1_D0,R0,S0,COMMON_COVERED_IDENTITIES_LOST;COMMON_GEOMETRIC_PROTECTION_DEGRADED;RAW_WINDOW_COVERAGE_LOST;RAW_WINDOW_IDENTITIES_LOST
9613,NO_DEMONSTRATED_GAIN,True,False,False,108,108,0,4.837446468129582,4.837446468129582,,False,6.180578900526707e-10,0,0,0,0,4.837446468129582,4.837446468129582,True,HIGH_T1_D0,R0,G0,
9613,SUPPORTED_WITHIN_SCOPE,True,True,False,108,120,12,4.837446468129582,4.837446468129582,0.4105995383952937,False,6.180578900526707e-10,12,1.0176228737632529,8,8,4.837446468129582,4.837446468129582,False,HIGH_T1_D0,S0,R0,
9613,NO_DEMONSTRATED_GAIN,True,False,False,120,120,0,4.837446468129582,4.837446468129582,,False,6.180578900526707e-10,0,0,0,0,4.837446468129582,4.837446468129582,True,HIGH_T1_D0,S0,S0,
9613,SUPPORTED_WITHIN_SCOPE,True,True,False,108,120,12,4.837446468129582,4.837446468129582,0.4105995383952937,False,6.180578900526707e-10,12,1.0176228737632529,8,8,4.837446468129582,4.837446468129582,False,HIGH_T1_D0,S0,G0,
9613,NO_DEMONSTRATED_GAIN,True,False,False,108,108,0,4.837446468129582,4.837446468129582,,False,6.180578900526707e-10,0,0,0,0,4.837446468129582,4.837446468129582,True,HIGH_T1_D0,G0,R0,
9613,TRADEOFF,False,False,False,120,108,-12,4.837446468129582,,,False,6.180578900526707e-10,0,0,-8,-8,4.837446468129582,4.837446468129582,False,HIGH_T1_D0,G0,S0,COMMON_COVERED_IDENTITIES_LOST;COMMON_GEOMETRIC_PROTECTION_DEGRADED;RAW_WINDOW_COVERAGE_LOST;RAW_WINDOW_IDENTITIES_LOST
9613,NO_DEMONSTRATED_GAIN,True,False,False,108,108,0,4.837446468129582,4.837446468129582,,False,6.180578900526707e-10,0,0,0,0,4.837446468129582,4.837446468129582,True,HIGH_T1_D0,G0,G0,
1605,NO_DEMONSTRATED_GAIN,True,False,False,38,38,0,8.604270672683207,8.604270672683207,,False,1.7658405365571802e-10,0,0,0,0,4.909098962636119,4.909098962636119,True,HIGH_T1_D0,R0,R0,
1605,TRADEOFF,False,False,False,42,38,-4,8.604270672683207,,,False,1.7658405365571802e-10,0,0,-2,-2,4.909098962636119,4.909098962636119,False,HIGH_T1_D0,R0,S0,COMMON_COVERED_IDENTITIES_LOST;COMMON_GEOMETRIC_PROTECTION_DEGRADED;RAW_WINDOW_COVERAGE_LOST;RAW_WINDOW_IDENTITIES_LOST
1605,NO_DEMONSTRATED_GAIN,True,False,False,38,38,0,8.604270672683207,8.604270672683207,,False,1.7658405365571802e-10,0,0,0,0,4.909098962636119,4.909098962636119,True,HIGH_T1_D0,R0,G0,
1605,SUPPORTED_WITHIN_SCOPE,True,True,False,38,42,4,8.604270672683207,8.604270672683207,1.7102594676643628,False,1.7658405365571802e-10,4,2.7308140688722826,2,2,4.909098962636119,4.909098962636119,False,HIGH_T1_D0,S0,R0,
1605,NO_DEMONSTRATED_GAIN,True,False,False,42,42,0,8.604270672683207,8.604270672683207,,False,1.7658405365571802e-10,0,0,0,0,4.909098962636119,4.909098962636119,True,HIGH_T1_D0,S0,S0,
1605,SUPPORTED_WITHIN_SCOPE,True,True,False,38,42,4,8.604270672683207,8.604270672683207,1.7102594676643628,False,1.7658405365571802e-10,4,2.7308140688722826,2,2,4.909098962636119,4.909098962636119,False,HIGH_T1_D0,S0,G0,
1605,NO_DEMONSTRATED_GAIN,True,False,False,38,38,0,8.604270672683207,8.604270672683207,,False,1.7658405365571802e-10,0,0,0,0,4.909098962636119,4.909098962636119,True,HIGH_T1_D0,G0,R0,
1605,TRADEOFF,False,False,False,42,38,-4,8.604270672683207,,,False,1.7658405365571802e-10,0,0,-2,-2,4.909098962636119,4.909098962636119,False,HIGH_T1_D0,G0,S0,COMMON_COVERED_IDENTITIES_LOST;COMMON_GEOMETRIC_PROTECTION_DEGRADED;RAW_WINDOW_COVERAGE_LOST;RAW_WINDOW_IDENTITIES_LOST
1605,NO_DEMONSTRATED_GAIN,True,False,False,38,38,0,8.604270672683207,8.604270672683207,,False,1.7658405365571802e-10,0,0,0,0,4.909098962636119,4.909098962636119,True,HIGH_T1_D0,G0,G0,
6831,NO_DEMONSTRATED_GAIN,True,False,False,89,89,0,90.57090829537478,90.57090829537478,,False,3.466940580520407e-10,0,0,0,0,3.9842037068599963,3.9842037068599963,True,HIGH_T1_D0,R0,R0,
6831,TRADEOFF,False,False,False,95,89,-6,90.57090829537478,,,False,3.466940580520407e-10,0,0,-5,-5,3.9842037068599963,3.9842037068599963,False,HIGH_T1_D0,R0,S0,COMMON_COVERED_IDENTITIES_LOST;COMMON_GEOMETRIC_PROTECTION_DEGRADED;RAW_WINDOW_COVERAGE_LOST;RAW_WINDOW_IDENTITIES_LOST
6831,NO_DEMONSTRATED_GAIN,True,False,False,89,89,0,90.57090829537478,90.57090829537478,,False,3.466940580520407e-10,0,0,0,0,3.9842037068599963,3.9842037068599963,True,HIGH_T1_D0,R0,G0,
6831,SUPPORTED_WITHIN_SCOPE,True,True,False,89,95,6,90.57090829537478,90.57090829537478,2.4181402652254094,False,3.466940580520407e-10,6,2.4181402652254094,5,5,3.9842037068599963,3.9842037068599963,False,HIGH_T1_D0,S0,R0,
6831,NO_DEMONSTRATED_GAIN,True,False,False,95,95,0,90.57090829537478,90.57090829537478,,False,3.466940580520407e-10,0,0,0,0,3.9842037068599963,3.9842037068599963,True,HIGH_T1_D0,S0,S0,
6831,SUPPORTED_WITHIN_SCOPE,True,True,False,89,95,6,90.57090829537478,90.57090829537478,2.4181402652254094,False,3.466940580520407e-10,6,2.4181402652254094,5,5,3.9842037068599963,3.9842037068599963,False,HIGH_T1_D0,S0,G0,
6831,NO_DEMONSTRATED_GAIN,True,False,False,89,89,0,90.57090829537478,90.57090829537478,,False,3.466940580520407e-10,0,0,0,0,3.9842037068599963,3.9842037068599963,True,HIGH_T1_D0,G0,R0,
6831,TRADEOFF,False,False,False,95,89,-6,90.57090829537478,,,False,3.466940580520407e-10,0,0,-5,-5,3.9842037068599963,3.9842037068599963,False,HIGH_T1_D0,G0,S0,COMMON_COVERED_IDENTITIES_LOST;COMMON_GEOMETRIC_PROTECTION_DEGRADED;RAW_WINDOW_COVERAGE_LOST;RAW_WINDOW_IDENTITIES_LOST
6831,NO_DEMONSTRATED_GAIN,True,False,False,89,89,0,90.57090829537478,90.57090829537478,,False,3.466940580520407e-10,0,0,0,0,3.9842037068599963,3.9842037068599963,True,HIGH_T1_D0,G0,G0,
2150,NO_DEMONSTRATED_GAIN,True,False,False,124,124,0,19.28493203592424,19.28493203592424,,False,2.5303671571383814e-10,0,0,0,0,4.803178892439954,4.803178892439954,True,HIGH_T1_D0,R0,R0,
2150,NO_DEMONSTRATED_GAIN,True,False,False,124,124,0,19.28493203592424,19.28493203592424,,False,2.5303671571383814e-10,0,0,0,0,4.803178892439954,4.803178892439954,True,HIGH_T1_D0,R0,S0,
2150,NO_DEMONSTRATED_GAIN,True,False,False,124,124,0,19.28493203592424,19.28493203592424,,False,2.5303671571383814e-10,0,0,0,0,4.803178892439954,4.803178892439954,True,HIGH_T1_D0,R0,G0,
2150,NO_DEMONSTRATED_GAIN,True,False,False,124,124,0,19.28493203592424,19.28493203592424,,False,2.5303671571383814e-10,0,0,0,0,4.803178892439954,4.803178892439954,True,HIGH_T1_D0,S0,R0,
2150,NO_DEMONSTRATED_GAIN,True,False,False,124,124,0,19.28493203592424,19.28493203592424,,False,2.5303671571383814e-10,0,0,0,0,4.803178892439954,4.803178892439954,True,HIGH_T1_D0,S0,S0,
2150,NO_DEMONSTRATED_GAIN,True,False,False,124,124,0,19.28493203592424,19.28493203592424,,False,2.5303671571383814e-10,0,0,0,0,4.803178892439954,4.803178892439954,True,HIGH_T1_D0,S0,G0,
2150,NO_DEMONSTRATED_GAIN,True,False,False,124,124,0,19.28493203592424,19.28493203592424,,False,2.5303671571383814e-10,0,0,0,0,4.803178892439954,4.803178892439954,True,HIGH_T1_D0,G0,R0,
2150,NO_DEMONSTRATED_GAIN,True,False,False,124,124,0,19.28493203592424,19.28493203592424,,False,2.5303671571383814e-10,0,0,0,0,4.803178892439954,4.803178892439954,True,HIGH_T1_D0,G0,S0,
2150,NO_DEMONSTRATED_GAIN,True,False,False,124,124,0,19.28493203592424,19.28493203592424,,False,2.5303671571383814e-10,0,0,0,0,4.803178892439954,4.803178892439954,True,HIGH_T1_D0,G0,G0,
1076,NO_DEMONSTRATED_GAIN,True,False,False,51,51,0,4.025560326855399,4.025560326855399,,False,5.400217027297743e-10,0,0,0,0,4.025560326855399,4.025560326855399,True,HIGH_T1_D0,R0,R0,
1076,TRADEOFF,False,False,False,58,51,-7,4.025560326855399,,,False,5.400217027297743e-10,0,0,-4,-4,4.025560326855399,4.025560326855399,False,HIGH_T1_D0,R0,S0,COMMON_COVERED_IDENTITIES_LOST;COMMON_GEOMETRIC_PROTECTION_DEGRADED;RAW_WINDOW_COVERAGE_LOST;RAW_WINDOW_IDENTITIES_LOST
1076,NO_DEMONSTRATED_GAIN,True,False,False,51,51,0,4.025560326855399,4.025560326855399,,False,5.400217027297743e-10,0,0,0,0,4.025560326855399,4.025560326855399,True,HIGH_T1_D0,R0,G0,
1076,SUPPORTED_WITHIN_SCOPE,True,True,False,51,58,7,4.025560326855399,4.025560326855399,1.3417473825982436,False,5.400217027297743e-10,7,1.4882632014662738,4,4,4.025560326855399,4.025560326855399,False,HIGH_T1_D0,S0,R0,
1076,NO_DEMONSTRATED_GAIN,True,False,False,58,58,0,4.025560326855399,4.025560326855399,,False,5.400217027297743e-10,0,0,0,0,4.025560326855399,4.025560326855399,True,HIGH_T1_D0,S0,S0,
1076,SUPPORTED_WITHIN_SCOPE,True,True,False,51,58,7,4.025560326855399,4.025560326855399,1.3417473825982436,False,5.400217027297743e-10,7,1.4882632014662738,4,4,4.025560326855399,4.025560326855399,False,HIGH_T1_D0,S0,G0,
1076,NO_DEMONSTRATED_GAIN,True,False,False,51,51,0,4.025560326855399,4.025560326855399,,False,5.400217027297743e-10,0,0,0,0,4.025560326855399,4.025560326855399,True,HIGH_T1_D0,G0,R0,
1076,TRADEOFF,False,False,False,58,51,-7,4.025560326855399,,,False,5.400217027297743e-10,0,0,-4,-4,4.025560326855399,4.025560326855399,False,HIGH_T1_D0,G0,S0,COMMON_COVERED_IDENTITIES_LOST;COMMON_GEOMETRIC_PROTECTION_DEGRADED;RAW_WINDOW_COVERAGE_LOST;RAW_WINDOW_IDENTITIES_LOST
1076,NO_DEMONSTRATED_GAIN,True,False,False,51,51,0,4.025560326855399,4.025560326855399,,False,5.400217027297743e-10,0,0,0,0,4.025560326855399,4.025560326855399,True,HIGH_T1_D0,G0,G0,
3189,NO_DEMONSTRATED_GAIN,True,False,False,111,111,0,7.6324712120256795,7.6324712120256795,,False,4.833631734711126e-10,0,0,0,0,4.103851965088637,4.103851965088637,True,HIGH_T1_D0,R0,R0,
3189,NO_DEMONSTRATED_GAIN,True,False,False,111,111,0,7.6324712120256795,7.6324712120256795,,False,4.833631734711126e-10,0,0,0,0,4.103851965088637,4.103851965088637,True,HIGH_T1_D0,R0,S0,
3189,NO_DEMONSTRATED_GAIN,True,False,False,111,111,0,7.6324712120256795,7.6324712120256795,,False,4.833631734711126e-10,0,0,0,0,4.103851965088637,4.103851965088637,True,HIGH_T1_D0,R0,G0,
3189,NO_DEMONSTRATED_GAIN,True,False,False,111,111,0,7.6324712120256795,7.6324712120256795,,False,4.833631734711126e-10,0,0,0,0,4.103851965088637,4.103851965088637,True,HIGH_T1_D0,S0,R0,
3189,NO_DEMONSTRATED_GAIN,True,False,False,111,111,0,7.6324712120256795,7.6324712120256795,,False,4.833631734711126e-10,0,0,0,0,4.103851965088637,4.103851965088637,True,HIGH_T1_D0,S0,S0,
3189,NO_DEMONSTRATED_GAIN,True,False,False,111,111,0,7.6324712120256795,7.6324712120256795,,False,4.833631734711126e-10,0,0,0,0,4.103851965088637,4.103851965088637,True,HIGH_T1_D0,S0,G0,
3189,NO_DEMONSTRATED_GAIN,True,False,False,111,111,0,7.6324712120256795,7.6324712120256795,,False,4.833631734711126e-10,0,0,0,0,4.103851965088637,4.103851965088637,True,HIGH_T1_D0,G0,R0,
3189,NO_DEMONSTRATED_GAIN,True,False,False,111,111,0,7.6324712120256795,7.6324712120256795,,False,4.833631734711126e-10,0,0,0,0,4.103851965088637,4.103851965088637,True,HIGH_T1_D0,G0,S0,
3189,NO_DEMONSTRATED_GAIN,True,False,False,111,111,0,7.6324712120256795,7.6324712120256795,,False,4.833631734711126e-10,0,0,0,0,4.103851965088637,4.103851965088637,True,HIGH_T1_D0,G0,G0,
8246,NO_DEMONSTRATED_GAIN,True,False,False,111,111,0,97.29633328192381,97.29633328192381,,False,2.9237245397642905e-10,0,0,0,0,4.600637772949391,4.600637772949391,True,HIGH_T1_D0,R0,R0,
8246,TRADEOFF,False,False,False,113,111,-2,97.29633328192381,,,False,2.9237245397642905e-10,0,0,-2,-2,4.600637772949391,4.600637772949391,False,HIGH_T1_D0,R0,S0,COMMON_COVERED_IDENTITIES_LOST;COMMON_GEOMETRIC_PROTECTION_DEGRADED;RAW_WINDOW_COVERAGE_LOST;RAW_WINDOW_IDENTITIES_LOST
8246,NO_DEMONSTRATED_GAIN,True,False,False,111,111,0,97.29633328192381,97.29633328192381,,False,2.9237245397642905e-10,0,0,0,0,4.600637772949391,4.600637772949391,True,HIGH_T1_D0,R0,G0,
8246,SUPPORTED_WITHIN_SCOPE,True,True,False,111,113,2,97.29633328192381,97.29633328192381,0.0,False,2.9237245397642905e-10,2,0.0,2,2,4.600637772949391,4.600637772949391,False,HIGH_T1_D0,S0,R0,
8246,NO_DEMONSTRATED_GAIN,True,False,False,113,113,0,97.29633328192381,97.29633328192381,,False,2.9237245397642905e-10,0,0,0,0,4.600637772949391,4.600637772949391,True,HIGH_T1_D0,S0,S0,
8246,SUPPORTED_WITHIN_SCOPE,True,True,False,111,113,2,97.29633328192381,97.29633328192381,0.0,False,2.9237245397642905e-10,2,0.0,2,2,4.600637772949391,4.600637772949391,False,HIGH_T1_D0,S0,G0,
8246,NO_DEMONSTRATED_GAIN,True,False,False,111,111,0,97.29633328192381,97.29633328192381,,False,2.9237245397642905e-10,0,0,0,0,4.600637772949391,4.600637772949391,True,HIGH_T1_D0,G0,R0,
8246,TRADEOFF,False,False,False,113,111,-2,97.29633328192381,,,False,2.9237245397642905e-10,0,0,-2,-2,4.600637772949391,4.600637772949391,False,HIGH_T1_D0,G0,S0,COMMON_COVERED_IDENTITIES_LOST;COMMON_GEOMETRIC_PROTECTION_DEGRADED;RAW_WINDOW_COVERAGE_LOST;RAW_WINDOW_IDENTITIES_LOST
8246,NO_DEMONSTRATED_GAIN,True,False,False,111,111,0,97.29633328192381,97.29633328192381,,False,2.9237245397642905e-10,0,0,0,0,4.600637772949391,4.600637772949391,True,HIGH_T1_D0,G0,G0,
11017,NO_DEMONSTRATED_GAIN,True,False,False,87,87,0,71.52167093313736,71.52167093313736,,False,2.5289389362421813e-10,0,0,0,0,4.498975799929224,4.498975799929224,True,HIGH_T1_D0,R0,R0,
11017,TRADEOFF,False,False,False,96,87,-9,71.52167093313736,,,False,2.5289389362421813e-10,0,0,-9,-9,4.498975799929224,4.498975799929224,False,HIGH_T1_D0,R0,S0,COMMON_COVERED_IDENTITIES_LOST;COMMON_GEOMETRIC_PROTECTION_DEGRADED;RAW_WINDOW_COVERAGE_LOST;RAW_WINDOW_IDENTITIES_LOST
11017,NO_DEMONSTRATED_GAIN,True,False,False,87,87,0,71.52167093313736,71.52167093313736,,False,2.5289389362421813e-10,0,0,0,0,4.498975799929224,4.498975799929224,True,HIGH_T1_D0,R0,G0,
11017,SUPPORTED_WITHIN_SCOPE,True,True,False,87,96,9,71.52167093313736,71.52167093313736,0.0,False,2.5289389362421813e-10,9,0.0,9,9,4.498975799929224,4.498975799929224,False,HIGH_T1_D0,S0,R0,
11017,NO_DEMONSTRATED_GAIN,True,False,False,96,96,0,71.52167093313736,71.52167093313736,,False,2.5289389362421813e-10,0,0,0,0,4.498975799929224,4.498975799929224,True,HIGH_T1_D0,S0,S0,
11017,SUPPORTED_WITHIN_SCOPE,True,True,False,87,96,9,71.52167093313736,71.52167093313736,0.0,False,2.5289389362421813e-10,9,0.0,9,9,4.498975799929224,4.498975799929224,False,HIGH_T1_D0,S0,G0,
11017,NO_DEMONSTRATED_GAIN,True,False,False,87,87,0,71.52167093313736,71.52167093313736,,False,2.5289389362421813e-10,0,0,0,0,4.498975799929224,4.498975799929224,True,HIGH_T1_D0,G0,R0,
11017,TRADEOFF,False,False,False,96,87,-9,71.52167093313736,,,False,2.5289389362421813e-10,0,0,-9,-9,4.498975799929224,4.498975799929224,False,HIGH_T1_D0,G0,S0,COMMON_COVERED_IDENTITIES_LOST;COMMON_GEOMETRIC_PROTECTION_DEGRADED;RAW_WINDOW_COVERAGE_LOST;RAW_WINDOW_IDENTITIES_LOST
11017,NO_DEMONSTRATED_GAIN,True,False,False,87,87,0,71.52167093313736,71.52167093313736,,False,2.5289389362421813e-10,0,0,0,0,4.498975799929224,4.498975799929224,True,HIGH_T1_D0,G0,G0,
3680,NO_DEMONSTRATED_GAIN,True,False,False,62,62,0,101.20420781178919,101.20420781178919,,False,2.2273627098807547e-10,0,0,0,0,3.68361254436719,3.68361254436719,True,HIGH_T1_D0,R0,R0,
3680,NO_DEMONSTRATED_GAIN,True,False,False,62,62,0,101.20420781178919,101.20420781178919,,False,2.2273627098807547e-10,0,0,0,0,3.68361254436719,3.68361254436719,True,HIGH_T1_D0,R0,S0,
3680,NO_DEMONSTRATED_GAIN,True,False,False,62,62,0,101.20420781178919,101.20420781178919,,False,2.2273627098807547e-10,0,0,0,0,3.68361254436719,3.68361254436719,True,HIGH_T1_D0,R0,G0,
3680,NO_DEMONSTRATED_GAIN,True,False,False,62,62,0,101.20420781178919,101.20420781178919,,False,2.2273627098807547e-10,0,0,0,0,3.68361254436719,3.68361254436719,True,HIGH_T1_D0,S0,R0,
3680,NO_DEMONSTRATED_GAIN,True,False,False,62,62,0,101.20420781178919,101.20420781178919,,False,2.2273627098807547e-10,0,0,0,0,3.68361254436719,3.68361254436719,True,HIGH_T1_D0,S0,S0,
3680,NO_DEMONSTRATED_GAIN,True,False,False,62,62,0,101.20420781178919,101.20420781178919,,False,2.2273627098807547e-10,0,0,0,0,3.68361254436719,3.68361254436719,True,HIGH_T1_D0,S0,G0,
3680,NO_DEMONSTRATED_GAIN,True,False,False,62,62,0,101.20420781178919,101.20420781178919,,False,2.2273627098807547e-10,0,0,0,0,3.68361254436719,3.68361254436719,True,HIGH_T1_D0,G0,R0,
3680,NO_DEMONSTRATED_GAIN,True,False,False,62,62,0,101.20420781178919,101.20420781178919,,False,2.2273627098807547e-10,0,0,0,0,3.68361254436719,3.68361254436719,True,HIGH_T1_D0,G0,S0,
3680,NO_DEMONSTRATED_GAIN,True,False,False,62,62,0,101.20420781178919,101.20420781178919,,False,2.2273627098807547e-10,0,0,0,0,3.68361254436719,3.68361254436719,True,HIGH_T1_D0,G0,G0,
6412,NO_DEMONSTRATED_GAIN,True,False,False,97,97,0,75.82952408951631,75.82952408951631,,False,2.8291682097208367e-10,0,0,0,0,4.702033330434696,4.702033330434696,True,HIGH_T1_D0,R0,R0,
6412,NO_DEMONSTRATED_GAIN,True,False,False,97,97,0,75.82952408951631,75.82952408951631,,False,2.8291682097208367e-10,0,0,0,0,4.702033330434696,4.702033330434696,True,HIGH_T1_D0,R0,S0,
6412,NO_DEMONSTRATED_GAIN,True,False,False,97,97,0,75.82952408951631,75.82952408951631,,False,2.8291682097208367e-10,0,0,0,0,4.702033330434696,4.702033330434696,True,HIGH_T1_D0,R0,G0,
6412,NO_DEMONSTRATED_GAIN,True,False,False,97,97,0,75.82952408951631,75.82952408951631,,False,2.8291682097208367e-10,0,0,0,0,4.702033330434696,4.702033330434696,True,HIGH_T1_D0,S0,R0,
6412,NO_DEMONSTRATED_GAIN,True,False,False,97,97,0,75.82952408951631,75.82952408951631,,False,2.8291682097208367e-10,0,0,0,0,4.702033330434696,4.702033330434696,True,HIGH_T1_D0,S0,S0,
6412,NO_DEMONSTRATED_GAIN,True,False,False,97,97,0,75.82952408951631,75.82952408951631,,False,2.8291682097208367e-10,0,0,0,0,4.702033330434696,4.702033330434696,True,HIGH_T1_D0,S0,G0,
6412,NO_DEMONSTRATED_GAIN,True,False,False,97,97,0,75.82952408951631,75.82952408951631,,False,2.8291682097208367e-10,0,0,0,0,4.702033330434696,4.702033330434696,True,HIGH_T1_D0,G0,R0,
6412,NO_DEMONSTRATED_GAIN,True,False,False,97,97,0,75.82952408951631,75.82952408951631,,False,2.8291682097208367e-10,0,0,0,0,4.702033330434696,4.702033330434696,True,HIGH_T1_D0,G0,S0,
6412,NO_DEMONSTRATED_GAIN,True,False,False,97,97,0,75.82952408951631,75.82952408951631,,False,2.8291682097208367e-10,0,0,0,0,4.702033330434696,4.702033330434696,True,HIGH_T1_D0,G0,G0,
2069,NO_DEMONSTRATED_GAIN,True,False,False,109,109,0,36.42233973619701,36.42233973619701,,False,1.6625877876187205e-10,0,0,0,0,4.933668228618508,4.933668228618508,True,HIGH_T1_D0,R0,R0,
2069,NO_DEMONSTRATED_GAIN,True,False,False,109,109,0,36.42233973619701,36.42233973619701,,False,1.6625877876187205e-10,0,0,0,0,4.933668228618508,4.933668228618508,True,HIGH_T1_D0,R0,S0,
2069,NO_DEMONSTRATED_GAIN,True,False,False,109,109,0,36.42233973619701,36.42233973619701,,False,1.6625877876187205e-10,0,0,0,0,4.933668228618508,4.933668228618508,True,HIGH_T1_D0,R0,G0,
2069,NO_DEMONSTRATED_GAIN,True,False,False,109,109,0,36.42233973619701,36.42233973619701,,False,1.6625877876187205e-10,0,0,0,0,4.933668228618508,4.933668228618508,True,HIGH_T1_D0,S0,R0,
2069,NO_DEMONSTRATED_GAIN,True,False,False,109,109,0,36.42233973619701,36.42233973619701,,False,1.6625877876187205e-10,0,0,0,0,4.933668228618508,4.933668228618508,True,HIGH_T1_D0,S0,S0,
2069,NO_DEMONSTRATED_GAIN,True,False,False,109,109,0,36.42233973619701,36.42233973619701,,False,1.6625877876187205e-10,0,0,0,0,4.933668228618508,4.933668228618508,True,HIGH_T1_D0,S0,G0,
2069,NO_DEMONSTRATED_GAIN,True,False,False,109,109,0,36.42233973619701,36.42233973619701,,False,1.6625877876187205e-10,0,0,0,0,4.933668228618508,4.933668228618508,True,HIGH_T1_D0,G0,R0,
2069,NO_DEMONSTRATED_GAIN,True,False,False,109,109,0,36.42233973619701,36.42233973619701,,False,1.6625877876187205e-10,0,0,0,0,4.933668228618508,4.933668228618508,True,HIGH_T1_D0,G0,S0,
2069,NO_DEMONSTRATED_GAIN,True,False,False,109,109,0,36.42233973619701,36.42233973619701,,False,1.6625877876187205e-10,0,0,0,0,4.933668228618508,4.933668228618508,True,HIGH_T1_D0,G0,G0,
6596,NO_DEMONSTRATED_GAIN,True,False,False,105,105,0,5.53513423601728,5.53513423601728,,False,6.793159648581908e-10,0,0,0,0,4.9602244957747335,4.9602244957747335,True,HIGH_T1_D1,R0,R0,
6596,NO_DEMONSTRATED_GAIN,True,False,False,105,105,0,5.53513423601728,5.53513423601728,,False,6.793159648581908e-10,0,0,0,0,4.9602244957747335,4.9602244957747335,True,HIGH_T1_D1,R0,S0,
6596,NO_DEMONSTRATED_GAIN,True,False,False,105,105,0,5.53513423601728,5.53513423601728,,False,6.793159648581908e-10,0,0,0,0,4.9602244957747335,4.9602244957747335,True,HIGH_T1_D1,R0,G0,
6596,NO_DEMONSTRATED_GAIN,True,False,False,105,105,0,5.53513423601728,5.53513423601728,,False,6.793159648581908e-10,0,0,0,0,4.9602244957747335,4.9602244957747335,True,HIGH_T1_D1,S0,R0,
6596,NO_DEMONSTRATED_GAIN,True,False,False,105,105,0,5.53513423601728,5.53513423601728,,False,6.793159648581908e-10,0,0,0,0,4.9602244957747335,4.9602244957747335,True,HIGH_T1_D1,S0,S0,
6596,NO_DEMONSTRATED_GAIN,True,False,False,105,105,0,5.53513423601728,5.53513423601728,,False,6.793159648581908e-10,0,0,0,0,4.9602244957747335,4.9602244957747335,True,HIGH_T1_D1,S0,G0,
6596,NO_DEMONSTRATED_GAIN,True,False,False,105,105,0,5.53513423601728,5.53513423601728,,False,6.793159648581908e-10,0,0,0,0,4.9602244957747335,4.9602244957747335,True,HIGH_T1_D1,G0,R0,
6596,NO_DEMONSTRATED_GAIN,True,False,False,105,105,0,5.53513423601728,5.53513423601728,,False,6.793159648581908e-10,0,0,0,0,4.9602244957747335,4.9602244957747335,True,HIGH_T1_D1,G0,S0,
6596,NO_DEMONSTRATED_GAIN,True,False,False,105,105,0,5.53513423601728,5.53513423601728,,False,6.793159648581908e-10,0,0,0,0,4.9602244957747335,4.9602244957747335,True,HIGH_T1_D1,G0,G0,
5027,NO_DEMONSTRATED_GAIN,True,False,False,101,101,0,67.56473819925951,67.56473819925951,,False,1.9788554165785564e-10,0,0,0,0,4.985450304183628,4.985450304183628,True,HIGH_T1_D1,R0,R0,
5027,TRADEOFF,False,False,False,104,101,-3,67.56473819925951,,,False,1.9788554165785564e-10,0,0,-3,-3,4.985450304183628,4.985450304183628,False,HIGH_T1_D1,R0,S0,COMMON_COVERED_IDENTITIES_LOST;COMMON_GEOMETRIC_PROTECTION_DEGRADED;RAW_WINDOW_COVERAGE_LOST;RAW_WINDOW_IDENTITIES_LOST
5027,NO_DEMONSTRATED_GAIN,True,False,False,101,101,0,67.56473819925951,67.56473819925951,,False,1.9788554165785564e-10,0,0,0,0,4.985450304183628,4.985450304183628,True,HIGH_T1_D1,R0,G0,
5027,SUPPORTED_WITHIN_SCOPE,True,True,False,101,104,3,67.56473819925951,67.56473819925951,0.0,False,1.9788554165785564e-10,3,0.0,3,3,4.985450304183628,4.985450304183628,False,HIGH_T1_D1,S0,R0,
5027,NO_DEMONSTRATED_GAIN,True,False,False,104,104,0,67.56473819925951,67.56473819925951,,False,1.9788554165785564e-10,0,0,0,0,4.985450304183628,4.985450304183628,True,HIGH_T1_D1,S0,S0,
5027,SUPPORTED_WITHIN_SCOPE,True,True,False,101,104,3,67.56473819925951,67.56473819925951,0.0,False,1.9788554165785564e-10,3,0.0,3,3,4.985450304183628,4.985450304183628,False,HIGH_T1_D1,S0,G0,
5027,NO_DEMONSTRATED_GAIN,True,False,False,101,101,0,67.56473819925951,67.56473819925951,,False,1.9788554165785564e-10,0,0,0,0,4.985450304183628,4.985450304183628,True,HIGH_T1_D1,G0,R0,
5027,TRADEOFF,False,False,False,104,101,-3,67.56473819925951,,,False,1.9788554165785564e-10,0,0,-3,-3,4.985450304183628,4.985450304183628,False,HIGH_T1_D1,G0,S0,COMMON_COVERED_IDENTITIES_LOST;COMMON_GEOMETRIC_PROTECTION_DEGRADED;RAW_WINDOW_COVERAGE_LOST;RAW_WINDOW_IDENTITIES_LOST
5027,NO_DEMONSTRATED_GAIN,True,False,False,101,101,0,67.56473819925951,67.56473819925951,,False,1.9788554165785564e-10,0,0,0,0,4.985450304183628,4.985450304183628,True,HIGH_T1_D1,G0,G0,
10155,NO_DEMONSTRATED_GAIN,True,False,False,105,105,0,6.478539330463235,6.478539330463235,,False,3.605741956455815e-10,0,0,0,0,4.9536678200209066,4.9536678200209066,True,HIGH_T1_D1,R0,R0,
10155,NO_DEMONSTRATED_GAIN,True,False,False,105,105,0,6.478539330463235,6.478539330463235,,False,3.605741956455815e-10,0,0,0,0,4.9536678200209066,4.9536678200209066,True,HIGH_T1_D1,R0,S0,
10155,NO_DEMONSTRATED_GAIN,True,False,False,105,105,0,6.478539330463235,6.478539330463235,,False,3.605741956455815e-10,0,0,0,0,4.9536678200209066,4.9536678200209066,True,HIGH_T1_D1,R0,G0,
10155,NO_DEMONSTRATED_GAIN,True,False,False,105,105,0,6.478539330463235,6.478539330463235,,False,3.605741956455815e-10,0,0,0,0,4.9536678200209066,4.9536678200209066,True,HIGH_T1_D1,S0,R0,
10155,NO_DEMONSTRATED_GAIN,True,False,False,105,105,0,6.478539330463235,6.478539330463235,,False,3.605741956455815e-10,0,0,0,0,4.9536678200209066,4.9536678200209066,True,HIGH_T1_D1,S0,S0,
10155,NO_DEMONSTRATED_GAIN,True,False,False,105,105,0,6.478539330463235,6.478539330463235,,False,3.605741956455815e-10,0,0,0,0,4.9536678200209066,4.9536678200209066,True,HIGH_T1_D1,S0,G0,
10155,NO_DEMONSTRATED_GAIN,True,False,False,105,105,0,6.478539330463235,6.478539330463235,,False,3.605741956455815e-10,0,0,0,0,4.9536678200209066,4.9536678200209066,True,HIGH_T1_D1,G0,R0,
10155,NO_DEMONSTRATED_GAIN,True,False,False,105,105,0,6.478539330463235,6.478539330463235,,False,3.605741956455815e-10,0,0,0,0,4.9536678200209066,4.9536678200209066,True,HIGH_T1_D1,G0,S0,
10155,NO_DEMONSTRATED_GAIN,True,False,False,105,105,0,6.478539330463235,6.478539330463235,,False,3.605741956455815e-10,0,0,0,0,4.9536678200209066,4.9536678200209066,True,HIGH_T1_D1,G0,G0,
2759,NO_DEMONSTRATED_GAIN,True,False,False,115,115,0,4.833905942925377,4.833905942925377,,False,2.338888571533078e-10,0,0,0,0,4.833905942925377,4.833905942925377,True,HIGH_T1_D1,R0,R0,
2759,NO_DEMONSTRATED_GAIN,True,False,False,115,115,0,4.833905942925377,4.833905942925377,,False,2.338888571533078e-10,0,0,0,0,4.833905942925377,4.833905942925377,True,HIGH_T1_D1,R0,S0,
2759,NO_DEMONSTRATED_GAIN,True,False,False,115,115,0,4.833905942925377,4.833905942925377,,False,2.338888571533078e-10,0,0,0,0,4.833905942925377,4.833905942925377,True,HIGH_T1_D1,R0,G0,
2759,NO_DEMONSTRATED_GAIN,True,False,False,115,115,0,4.833905942925377,4.833905942925377,,False,2.338888571533078e-10,0,0,0,0,4.833905942925377,4.833905942925377,True,HIGH_T1_D1,S0,R0,
2759,NO_DEMONSTRATED_GAIN,True,False,False,115,115,0,4.833905942925377,4.833905942925377,,False,2.338888571533078e-10,0,0,0,0,4.833905942925377,4.833905942925377,True,HIGH_T1_D1,S0,S0,
2759,NO_DEMONSTRATED_GAIN,True,False,False,115,115,0,4.833905942925377,4.833905942925377,,False,2.338888571533078e-10,0,0,0,0,4.833905942925377,4.833905942925377,True,HIGH_T1_D1,S0,G0,
2759,NO_DEMONSTRATED_GAIN,True,False,False,115,115,0,4.833905942925377,4.833905942925377,,False,2.338888571533078e-10,0,0,0,0,4.833905942925377,4.833905942925377,True,HIGH_T1_D1,G0,R0,
2759,NO_DEMONSTRATED_GAIN,True,False,False,115,115,0,4.833905942925377,4.833905942925377,,False,2.338888571533078e-10,0,0,0,0,4.833905942925377,4.833905942925377,True,HIGH_T1_D1,G0,S0,
2759,NO_DEMONSTRATED_GAIN,True,False,False,115,115,0,4.833905942925377,4.833905942925377,,False,2.338888571533078e-10,0,0,0,0,4.833905942925377,4.833905942925377,True,HIGH_T1_D1,G0,G0,
5366,NO_DEMONSTRATED_GAIN,True,False,False,130,130,0,8.717382790953488,8.717382790953488,,False,1.814149726382477e-10,0,0,0,0,4.8180153987948415,4.8180153987948415,True,HIGH_T1_D1,R0,R0,
5366,NO_DEMONSTRATED_GAIN,True,False,False,130,130,0,8.717382790953488,8.717382790953488,,False,1.814149726382477e-10,0,0,0,0,4.8180153987948415,4.8180153987948415,True,HIGH_T1_D1,R0,S0,
5366,NO_DEMONSTRATED_GAIN,True,False,False,130,130,0,8.717382790953488,8.717382790953488,,False,1.814149726382477e-10,0,0,0,0,4.8180153987948415,4.8180153987948415,True,HIGH_T1_D1,R0,G0,
5366,NO_DEMONSTRATED_GAIN,True,False,False,130,130,0,8.717382790953488,8.717382790953488,,False,1.814149726382477e-10,0,0,0,0,4.8180153987948415,4.8180153987948415,True,HIGH_T1_D1,S0,R0,
5366,NO_DEMONSTRATED_GAIN,True,False,False,130,130,0,8.717382790953488,8.717382790953488,,False,1.814149726382477e-10,0,0,0,0,4.8180153987948415,4.8180153987948415,True,HIGH_T1_D1,S0,S0,
5366,NO_DEMONSTRATED_GAIN,True,False,False,130,130,0,8.717382790953488,8.717382790953488,,False,1.814149726382477e-10,0,0,0,0,4.8180153987948415,4.8180153987948415,True,HIGH_T1_D1,S0,G0,
5366,NO_DEMONSTRATED_GAIN,True,False,False,130,130,0,8.717382790953488,8.717382790953488,,False,1.814149726382477e-10,0,0,0,0,4.8180153987948415,4.8180153987948415,True,HIGH_T1_D1,G0,R0,
5366,NO_DEMONSTRATED_GAIN,True,False,False,130,130,0,8.717382790953488,8.717382790953488,,False,1.814149726382477e-10,0,0,0,0,4.8180153987948415,4.8180153987948415,True,HIGH_T1_D1,G0,S0,
5366,NO_DEMONSTRATED_GAIN,True,False,False,130,130,0,8.717382790953488,8.717382790953488,,False,1.814149726382477e-10,0,0,0,0,4.8180153987948415,4.8180153987948415,True,HIGH_T1_D1,G0,G0,
2668,NO_DEMONSTRATED_GAIN,True,False,False,104,104,0,4.873218077548873,4.873218077548873,,False,2.088202487394611e-10,0,0,0,0,4.873218077548873,4.873218077548873,True,HIGH_T1_D1,R0,R0,
2668,NO_DEMONSTRATED_GAIN,True,False,False,104,104,0,4.873218077548873,4.873218077548873,,False,2.088202487394611e-10,0,0,0,0,4.873218077548873,4.873218077548873,True,HIGH_T1_D1,R0,S0,
2668,NO_DEMONSTRATED_GAIN,True,False,False,104,104,0,4.873218077548873,4.873218077548873,,False,2.088202487394611e-10,0,0,0,0,4.873218077548873,4.873218077548873,True,HIGH_T1_D1,R0,G0,
2668,NO_DEMONSTRATED_GAIN,True,False,False,104,104,0,4.873218077548873,4.873218077548873,,False,2.088202487394611e-10,0,0,0,0,4.873218077548873,4.873218077548873,True,HIGH_T1_D1,S0,R0,
2668,NO_DEMONSTRATED_GAIN,True,False,False,104,104,0,4.873218077548873,4.873218077548873,,False,2.088202487394611e-10,0,0,0,0,4.873218077548873,4.873218077548873,True,HIGH_T1_D1,S0,S0,
2668,NO_DEMONSTRATED_GAIN,True,False,False,104,104,0,4.873218077548873,4.873218077548873,,False,2.088202487394611e-10,0,0,0,0,4.873218077548873,4.873218077548873,True,HIGH_T1_D1,S0,G0,
2668,NO_DEMONSTRATED_GAIN,True,False,False,104,104,0,4.873218077548873,4.873218077548873,,False,2.088202487394611e-10,0,0,0,0,4.873218077548873,4.873218077548873,True,HIGH_T1_D1,G0,R0,
2668,NO_DEMONSTRATED_GAIN,True,False,False,104,104,0,4.873218077548873,4.873218077548873,,False,2.088202487394611e-10,0,0,0,0,4.873218077548873,4.873218077548873,True,HIGH_T1_D1,G0,S0,
2668,NO_DEMONSTRATED_GAIN,True,False,False,104,104,0,4.873218077548873,4.873218077548873,,False,2.088202487394611e-10,0,0,0,0,4.873218077548873,4.873218077548873,True,HIGH_T1_D1,G0,G0,
5256,NO_DEMONSTRATED_GAIN,True,False,False,114,114,0,11.738063234426374,11.738063234426374,,False,2.9867716745979457e-10,0,0,0,0,4.922694730773062,4.922694730773062,True,HIGH_T1_D1,R0,R0,
5256,NO_DEMONSTRATED_GAIN,True,False,False,114,114,0,11.738063234426374,11.738063234426374,,False,2.9867716745979457e-10,0,0,0,0,4.922694730773062,4.922694730773062,True,HIGH_T1_D1,R0,S0,
5256,NO_DEMONSTRATED_GAIN,True,False,False,114,114,0,11.738063234426374,11.738063234426374,,False,2.9867716745979457e-10,0,0,0,0,4.922694730773062,4.922694730773062,True,HIGH_T1_D1,R0,G0,
5256,NO_DEMONSTRATED_GAIN,True,False,False,114,114,0,11.738063234426374,11.738063234426374,,False,2.9867716745979457e-10,0,0,0,0,4.922694730773062,4.922694730773062,True,HIGH_T1_D1,S0,R0,
5256,NO_DEMONSTRATED_GAIN,True,False,False,114,114,0,11.738063234426374,11.738063234426374,,False,2.9867716745979457e-10,0,0,0,0,4.922694730773062,4.922694730773062,True,HIGH_T1_D1,S0,S0,
5256,NO_DEMONSTRATED_GAIN,True,False,False,114,114,0,11.738063234426374,11.738063234426374,,False,2.9867716745979457e-10,0,0,0,0,4.922694730773062,4.922694730773062,True,HIGH_T1_D1,S0,G0,
5256,NO_DEMONSTRATED_GAIN,True,False,False,114,114,0,11.738063234426374,11.738063234426374,,False,2.9867716745979457e-10,0,0,0,0,4.922694730773062,4.922694730773062,True,HIGH_T1_D1,G0,R0,
5256,NO_DEMONSTRATED_GAIN,True,False,False,114,114,0,11.738063234426374,11.738063234426374,,False,2.9867716745979457e-10,0,0,0,0,4.922694730773062,4.922694730773062,True,HIGH_T1_D1,G0,S0,
5256,NO_DEMONSTRATED_GAIN,True,False,False,114,114,0,11.738063234426374,11.738063234426374,,False,2.9867716745979457e-10,0,0,0,0,4.922694730773062,4.922694730773062,True,HIGH_T1_D1,G0,G0,
3186,NO_DEMONSTRATED_GAIN,True,False,False,125,125,0,6.339758762273264,6.339758762273264,,False,3.3924427131906703e-10,0,0,0,0,4.839001293568957,4.839001293568957,True,HIGH_T1_D1,R0,R0,
3186,NO_DEMONSTRATED_GAIN,True,False,False,125,125,0,6.339758762273264,6.339758762273264,,False,3.3924427131906703e-10,0,0,0,0,4.839001293568957,4.839001293568957,True,HIGH_T1_D1,R0,S0,
3186,NO_DEMONSTRATED_GAIN,True,False,False,125,125,0,6.339758762273264,6.339758762273264,,False,3.3924427131906703e-10,0,0,0,0,4.839001293568957,4.839001293568957,True,HIGH_T1_D1,R0,G0,
3186,NO_DEMONSTRATED_GAIN,True,False,False,125,125,0,6.339758762273264,6.339758762273264,,False,3.3924427131906703e-10,0,0,0,0,4.839001293568957,4.839001293568957,True,HIGH_T1_D1,S0,R0,
3186,NO_DEMONSTRATED_GAIN,True,False,False,125,125,0,6.339758762273264,6.339758762273264,,False,3.3924427131906703e-10,0,0,0,0,4.839001293568957,4.839001293568957,True,HIGH_T1_D1,S0,S0,
3186,NO_DEMONSTRATED_GAIN,True,False,False,125,125,0,6.339758762273264,6.339758762273264,,False,3.3924427131906703e-10,0,0,0,0,4.839001293568957,4.839001293568957,True,HIGH_T1_D1,S0,G0,
3186,NO_DEMONSTRATED_GAIN,True,False,False,125,125,0,6.339758762273264,6.339758762273264,,False,3.3924427131906703e-10,0,0,0,0,4.839001293568957,4.839001293568957,True,HIGH_T1_D1,G0,R0,
3186,NO_DEMONSTRATED_GAIN,True,False,False,125,125,0,6.339758762273264,6.339758762273264,,False,3.3924427131906703e-10,0,0,0,0,4.839001293568957,4.839001293568957,True,HIGH_T1_D1,G0,S0,
3186,NO_DEMONSTRATED_GAIN,True,False,False,125,125,0,6.339758762273264,6.339758762273264,,False,3.3924427131906703e-10,0,0,0,0,4.839001293568957,4.839001293568957,True,HIGH_T1_D1,G0,G0,
4915,NO_DEMONSTRATED_GAIN,True,False,False,104,104,0,88.6027421070208,88.6027421070208,,False,2.1745128196686008e-10,0,0,0,0,4.79800434976144,4.79800434976144,True,HIGH_T1_D1,R0,R0,
4915,NO_DEMONSTRATED_GAIN,True,False,False,104,104,0,88.6027421070208,88.6027421070208,,False,2.1745128196686008e-10,0,0,0,0,4.79800434976144,4.79800434976144,True,HIGH_T1_D1,R0,S0,
4915,NO_DEMONSTRATED_GAIN,True,False,False,104,104,0,88.6027421070208,88.6027421070208,,False,2.1745128196686008e-10,0,0,0,0,4.79800434976144,4.79800434976144,True,HIGH_T1_D1,R0,G0,
4915,NO_DEMONSTRATED_GAIN,True,False,False,104,104,0,88.6027421070208,88.6027421070208,,False,2.1745128196686008e-10,0,0,0,0,4.79800434976144,4.79800434976144,True,HIGH_T1_D1,S0,R0,
4915,NO_DEMONSTRATED_GAIN,True,False,False,104,104,0,88.6027421070208,88.6027421070208,,False,2.1745128196686008e-10,0,0,0,0,4.79800434976144,4.79800434976144,True,HIGH_T1_D1,S0,S0,
4915,NO_DEMONSTRATED_GAIN,True,False,False,104,104,0,88.6027421070208,88.6027421070208,,False,2.1745128196686008e-10,0,0,0,0,4.79800434976144,4.79800434976144,True,HIGH_T1_D1,S0,G0,
4915,NO_DEMONSTRATED_GAIN,True,False,False,104,104,0,88.6027421070208,88.6027421070208,,False,2.1745128196686008e-10,0,0,0,0,4.79800434976144,4.79800434976144,True,HIGH_T1_D1,G0,R0,
4915,NO_DEMONSTRATED_GAIN,True,False,False,104,104,0,88.6027421070208,88.6027421070208,,False,2.1745128196686008e-10,0,0,0,0,4.79800434976144,4.79800434976144,True,HIGH_T1_D1,G0,S0,
4915,NO_DEMONSTRATED_GAIN,True,False,False,104,104,0,88.6027421070208,88.6027421070208,,False,2.1745128196686008e-10,0,0,0,0,4.79800434976144,4.79800434976144,True,HIGH_T1_D1,G0,G0,
5707,NO_DEMONSTRATED_GAIN,True,False,False,96,96,0,44.626195705748984,44.626195705748984,,False,3.687587321327136e-10,0,0,0,0,4.949968598115597,4.949968598115597,True,HIGH_T1_D1,R0,R0,
5707,TRADEOFF,False,False,False,100,96,-4,44.626195705748984,,,False,3.687587321327136e-10,0,0,-2,-2,4.949968598115597,4.949968598115597,False,HIGH_T1_D1,R0,S0,COMMON_COVERED_IDENTITIES_LOST;COMMON_GEOMETRIC_PROTECTION_DEGRADED;RAW_WINDOW_COVERAGE_LOST;RAW_WINDOW_IDENTITIES_LOST
5707,NO_DEMONSTRATED_GAIN,True,False,False,96,96,0,44.626195705748984,44.626195705748984,,False,3.687587321327136e-10,0,0,0,0,4.949968598115597,4.949968598115597,True,HIGH_T1_D1,R0,G0,
5707,SUPPORTED_WITHIN_SCOPE,True,True,False,96,100,4,44.626195705748984,44.626195705748984,0.7548230232669462,False,3.687587321327136e-10,4,1.3695212704060906,2,2,4.949968598115597,4.949968598115597,False,HIGH_T1_D1,S0,R0,
5707,NO_DEMONSTRATED_GAIN,True,False,False,100,100,0,44.626195705748984,44.626195705748984,,False,3.687587321327136e-10,0,0,0,0,4.949968598115597,4.949968598115597,True,HIGH_T1_D1,S0,S0,
5707,SUPPORTED_WITHIN_SCOPE,True,True,False,96,100,4,44.626195705748984,44.626195705748984,0.7548230232669462,False,3.687587321327136e-10,4,1.3695212704060906,2,2,4.949968598115597,4.949968598115597,False,HIGH_T1_D1,S0,G0,
5707,NO_DEMONSTRATED_GAIN,True,False,False,96,96,0,44.626195705748984,44.626195705748984,,False,3.687587321327136e-10,0,0,0,0,4.949968598115597,4.949968598115597,True,HIGH_T1_D1,G0,R0,
5707,TRADEOFF,False,False,False,100,96,-4,44.626195705748984,,,False,3.687587321327136e-10,0,0,-2,-2,4.949968598115597,4.949968598115597,False,HIGH_T1_D1,G0,S0,COMMON_COVERED_IDENTITIES_LOST;COMMON_GEOMETRIC_PROTECTION_DEGRADED;RAW_WINDOW_COVERAGE_LOST;RAW_WINDOW_IDENTITIES_LOST
5707,NO_DEMONSTRATED_GAIN,True,False,False,96,96,0,44.626195705748984,44.626195705748984,,False,3.687587321327136e-10,0,0,0,0,4.949968598115597,4.949968598115597,True,HIGH_T1_D1,G0,G0,
1718,NO_DEMONSTRATED_GAIN,True,False,False,103,103,0,10.068950298386667,10.068950298386667,,False,3.662278640235176e-10,0,0,0,0,4.906279708819243,4.906279708819243,True,HIGH_T1_D1,R0,R0,
1718,NO_DEMONSTRATED_GAIN,True,False,False,103,103,0,10.068950298386667,10.068950298386667,,False,3.662278640235176e-10,0,0,0,0,4.906279708819243,4.906279708819243,True,HIGH_T1_D1,R0,S0,
1718,NO_DEMONSTRATED_GAIN,True,False,False,103,103,0,10.068950298386667,10.068950298386667,,False,3.662278640235176e-10,0,0,0,0,4.906279708819243,4.906279708819243,True,HIGH_T1_D1,R0,G0,
1718,NO_DEMONSTRATED_GAIN,True,False,False,103,103,0,10.068950298386667,10.068950298386667,,False,3.662278640235176e-10,0,0,0,0,4.906279708819243,4.906279708819243,True,HIGH_T1_D1,S0,R0,
1718,NO_DEMONSTRATED_GAIN,True,False,False,103,103,0,10.068950298386667,10.068950298386667,,False,3.662278640235176e-10,0,0,0,0,4.906279708819243,4.906279708819243,True,HIGH_T1_D1,S0,S0,
1718,NO_DEMONSTRATED_GAIN,True,False,False,103,103,0,10.068950298386667,10.068950298386667,,False,3.662278640235176e-10,0,0,0,0,4.906279708819243,4.906279708819243,True,HIGH_T1_D1,S0,G0,
1718,NO_DEMONSTRATED_GAIN,True,False,False,103,103,0,10.068950298386667,10.068950298386667,,False,3.662278640235176e-10,0,0,0,0,4.906279708819243,4.906279708819243,True,HIGH_T1_D1,G0,R0,
1718,NO_DEMONSTRATED_GAIN,True,False,False,103,103,0,10.068950298386667,10.068950298386667,,False,3.662278640235176e-10,0,0,0,0,4.906279708819243,4.906279708819243,True,HIGH_T1_D1,G0,S0,
1718,NO_DEMONSTRATED_GAIN,True,False,False,103,103,0,10.068950298386667,10.068950298386667,,False,3.662278640235176e-10,0,0,0,0,4.906279708819243,4.906279708819243,True,HIGH_T1_D1,G0,G0,
9002,NO_DEMONSTRATED_GAIN,True,False,False,116,116,0,8.122892525489256,8.122892525489256,,False,2.5236553970981265e-10,0,0,0,0,4.731861939077829,4.731861939077829,True,HIGH_T1_D1,R0,R0,
9002,NO_DEMONSTRATED_GAIN,True,False,False,116,116,0,8.122892525489256,8.122892525489256,,False,2.5236553970981265e-10,0,0,0,0,4.731861939077829,4.731861939077829,True,HIGH_T1_D1,R0,S0,
9002,NO_DEMONSTRATED_GAIN,True,False,False,116,116,0,8.122892525489256,8.122892525489256,,False,2.5236553970981265e-10,0,0,0,0,4.731861939077829,4.731861939077829,True,HIGH_T1_D1,R0,G0,
9002,NO_DEMONSTRATED_GAIN,True,False,False,116,116,0,8.122892525489256,8.122892525489256,,False,2.5236553970981265e-10,0,0,0,0,4.731861939077829,4.731861939077829,True,HIGH_T1_D1,S0,R0,
9002,NO_DEMONSTRATED_GAIN,True,False,False,116,116,0,8.122892525489256,8.122892525489256,,False,2.5236553970981265e-10,0,0,0,0,4.731861939077829,4.731861939077829,True,HIGH_T1_D1,S0,S0,
9002,NO_DEMONSTRATED_GAIN,True,False,False,116,116,0,8.122892525489256,8.122892525489256,,False,2.5236553970981265e-10,0,0,0,0,4.731861939077829,4.731861939077829,True,HIGH_T1_D1,S0,G0,
9002,NO_DEMONSTRATED_GAIN,True,False,False,116,116,0,8.122892525489256,8.122892525489256,,False,2.5236553970981265e-10,0,0,0,0,4.731861939077829,4.731861939077829,True,HIGH_T1_D1,G0,R0,
9002,NO_DEMONSTRATED_GAIN,True,False,False,116,116,0,8.122892525489256,8.122892525489256,,False,2.5236553970981265e-10,0,0,0,0,4.731861939077829,4.731861939077829,True,HIGH_T1_D1,G0,S0,
9002,NO_DEMONSTRATED_GAIN,True,False,False,116,116,0,8.122892525489256,8.122892525489256,,False,2.5236553970981265e-10,0,0,0,0,4.731861939077829,4.731861939077829,True,HIGH_T1_D1,G0,G0,
3262,NO_DEMONSTRATED_GAIN,True,False,False,0,0,0,,,,False,3.29547909065517e-10,0,0,0,0,,,True,LOW_T0_D1,R0,R0,
3262,TRADEOFF,False,False,False,100,0,-100,0.0958422530636939,,,False,3.29547909065517e-10,0,0,-2,-2,,0.0958422530636939,False,LOW_T0_D1,R0,S0,COMMON_COVERED_IDENTITIES_LOST;COMMON_GEOMETRIC_PROTECTION_DEGRADED;RAW_WINDOW_COVERAGE_LOST;RAW_WINDOW_IDENTITIES_LOST;RECORD_COVERAGE_LOST
3262,NO_DEMONSTRATED_GAIN,True,False,False,0,0,0,,,,False,3.29547909065517e-10,0,0,0,0,,,True,LOW_T0_D1,R0,G0,
3262,SUPPORTED_WITHIN_SCOPE,True,True,False,0,100,100,,,0.0958422530636939,False,3.29547909065517e-10,100,2.875267476596276,2,2,0.0958422530636939,,False,LOW_T0_D1,S0,R0,
3262,NO_DEMONSTRATED_GAIN,True,False,False,100,100,0,0.0958422530636939,0.0958422530636939,,False,3.29547909065517e-10,0,0,0,0,0.0958422530636939,0.0958422530636939,True,LOW_T0_D1,S0,S0,
3262,SUPPORTED_WITHIN_SCOPE,True,True,False,0,100,100,,,0.0958422530636939,False,3.29547909065517e-10,100,2.875267476596276,2,2,0.0958422530636939,,False,LOW_T0_D1,S0,G0,
3262,NO_DEMONSTRATED_GAIN,True,False,False,0,0,0,,,,False,3.29547909065517e-10,0,0,0,0,,,True,LOW_T0_D1,G0,R0,
3262,TRADEOFF,False,False,False,100,0,-100,0.0958422530636939,,,False,3.29547909065517e-10,0,0,-2,-2,,0.0958422530636939,False,LOW_T0_D1,G0,S0,COMMON_COVERED_IDENTITIES_LOST;COMMON_GEOMETRIC_PROTECTION_DEGRADED;RAW_WINDOW_COVERAGE_LOST;RAW_WINDOW_IDENTITIES_LOST;RECORD_COVERAGE_LOST
3262,NO_DEMONSTRATED_GAIN,True,False,False,0,0,0,,,,False,3.29547909065517e-10,0,0,0,0,,,True,LOW_T0_D1,G0,G0,
4732,NO_DEMONSTRATED_GAIN,True,False,False,0,0,0,,,,False,2.5838141909278957e-10,0,0,0,0,,,True,LOW_T0_D1,R0,R0,
4732,TRADEOFF,False,False,False,99,0,-99,0.5233950343783192,,,False,2.5838141909278957e-10,0,0,-2,-2,,0.5233950343783192,False,LOW_T0_D1,R0,S0,COMMON_COVERED_IDENTITIES_LOST;COMMON_GEOMETRIC_PROTECTION_DEGRADED;RAW_WINDOW_COVERAGE_LOST;RAW_WINDOW_IDENTITIES_LOST;RECORD_COVERAGE_LOST
4732,NO_DEMONSTRATED_GAIN,True,False,False,0,0,0,,,,False,2.5838141909278957e-10,0,0,0,0,,,True,LOW_T0_D1,R0,G0,
4732,SUPPORTED_WITHIN_SCOPE,True,True,False,0,99,99,,,0.5233950343783192,False,2.5838141909278957e-10,99,27.670909141001257,2,2,0.5233950343783192,,False,LOW_T0_D1,S0,R0,
4732,NO_DEMONSTRATED_GAIN,True,False,False,99,99,0,0.5233950343783192,0.5233950343783192,,False,2.5838141909278957e-10,0,0,0,0,0.5233950343783192,0.5233950343783192,True,LOW_T0_D1,S0,S0,
4732,SUPPORTED_WITHIN_SCOPE,True,True,False,0,99,99,,,0.5233950343783192,False,2.5838141909278957e-10,99,27.670909141001257,2,2,0.5233950343783192,,False,LOW_T0_D1,S0,G0,
4732,NO_DEMONSTRATED_GAIN,True,False,False,0,0,0,,,,False,2.5838141909278957e-10,0,0,0,0,,,True,LOW_T0_D1,G0,R0,
4732,TRADEOFF,False,False,False,99,0,-99,0.5233950343783192,,,False,2.5838141909278957e-10,0,0,-2,-2,,0.5233950343783192,False,LOW_T0_D1,G0,S0,COMMON_COVERED_IDENTITIES_LOST;COMMON_GEOMETRIC_PROTECTION_DEGRADED;RAW_WINDOW_COVERAGE_LOST;RAW_WINDOW_IDENTITIES_LOST;RECORD_COVERAGE_LOST
4732,NO_DEMONSTRATED_GAIN,True,False,False,0,0,0,,,,False,2.5838141909278957e-10,0,0,0,0,,,True,LOW_T0_D1,G0,G0,
9729,NO_DEMONSTRATED_GAIN,True,False,False,0,0,0,,,,False,2.4809554497264305e-11,0,0,0,0,,,True,LOW_T0_D1,R0,R0,
9729,TRADEOFF,False,False,False,100,0,-100,0.29219875310612725,,,False,2.4809554497264305e-11,0,0,-2,-2,,0.29219875310612725,False,LOW_T0_D1,R0,S0,COMMON_COVERED_IDENTITIES_LOST;COMMON_GEOMETRIC_PROTECTION_DEGRADED;RAW_WINDOW_COVERAGE_LOST;RAW_WINDOW_IDENTITIES_LOST;RECORD_COVERAGE_LOST
9729,NO_DEMONSTRATED_GAIN,True,False,False,0,0,0,,,,False,2.4809554497264305e-11,0,0,0,0,,,True,LOW_T0_D1,R0,G0,
9729,SUPPORTED_WITHIN_SCOPE,True,True,False,0,100,100,,,0.29219875310612725,False,2.4809554497264305e-11,100,14.402767700021961,2,2,0.29219875310612725,,False,LOW_T0_D1,S0,R0,
9729,NO_DEMONSTRATED_GAIN,True,False,False,100,100,0,0.29219875310612725,0.29219875310612725,,False,2.4809554497264305e-11,0,0,0,0,0.29219875310612725,0.29219875310612725,True,LOW_T0_D1,S0,S0,
9729,SUPPORTED_WITHIN_SCOPE,True,True,False,0,100,100,,,0.29219875310612725,False,2.4809554497264305e-11,100,14.402767700021961,2,2,0.29219875310612725,,False,LOW_T0_D1,S0,G0,
9729,NO_DEMONSTRATED_GAIN,True,False,False,0,0,0,,,,False,2.4809554497264305e-11,0,0,0,0,,,True,LOW_T0_D1,G0,R0,
9729,TRADEOFF,False,False,False,100,0,-100,0.29219875310612725,,,False,2.4809554497264305e-11,0,0,-2,-2,,0.29219875310612725,False,LOW_T0_D1,G0,S0,COMMON_COVERED_IDENTITIES_LOST;COMMON_GEOMETRIC_PROTECTION_DEGRADED;RAW_WINDOW_COVERAGE_LOST;RAW_WINDOW_IDENTITIES_LOST;RECORD_COVERAGE_LOST
9729,NO_DEMONSTRATED_GAIN,True,False,False,0,0,0,,,,False,2.4809554497264305e-11,0,0,0,0,,,True,LOW_T0_D1,G0,G0,
5,NO_DEMONSTRATED_GAIN,True,False,False,0,0,0,,,,False,1.6944069257810094e-10,0,0,0,0,,,True,LOW_T0_D1,R0,R0,
5,TRADEOFF,False,False,False,99,0,-99,4.050275743719464,,,False,1.6944069257810094e-10,0,0,-2,-2,,4.050275743719464,False,LOW_T0_D1,R0,S0,COMMON_COVERED_IDENTITIES_LOST;COMMON_GEOMETRIC_PROTECTION_DEGRADED;RAW_WINDOW_COVERAGE_LOST;RAW_WINDOW_IDENTITIES_LOST;RECORD_COVERAGE_LOST
5,NO_DEMONSTRATED_GAIN,True,False,False,0,0,0,,,,False,1.6944069257810094e-10,0,0,0,0,,,True,LOW_T0_D1,R0,G0,
5,SUPPORTED_WITHIN_SCOPE,True,True,False,0,99,99,,,4.050275743719464,False,1.6944069257810094e-10,99,175.75806435921595,2,2,4.050275743719464,,False,LOW_T0_D1,S0,R0,
5,NO_DEMONSTRATED_GAIN,True,False,False,99,99,0,4.050275743719464,4.050275743719464,,False,1.6944069257810094e-10,0,0,0,0,4.050275743719464,4.050275743719464,True,LOW_T0_D1,S0,S0,
5,SUPPORTED_WITHIN_SCOPE,True,True,False,0,99,99,,,4.050275743719464,False,1.6944069257810094e-10,99,175.75806435921595,2,2,4.050275743719464,,False,LOW_T0_D1,S0,G0,
5,NO_DEMONSTRATED_GAIN,True,False,False,0,0,0,,,,False,1.6944069257810094e-10,0,0,0,0,,,True,LOW_T0_D1,G0,R0,
5,TRADEOFF,False,False,False,99,0,-99,4.050275743719464,,,False,1.6944069257810094e-10,0,0,-2,-2,,4.050275743719464,False,LOW_T0_D1,G0,S0,COMMON_COVERED_IDENTITIES_LOST;COMMON_GEOMETRIC_PROTECTION_DEGRADED;RAW_WINDOW_COVERAGE_LOST;RAW_WINDOW_IDENTITIES_LOST;RECORD_COVERAGE_LOST
5,NO_DEMONSTRATED_GAIN,True,False,False,0,0,0,,,,False,1.6944069257810094e-10,0,0,0,0,,,True,LOW_T0_D1,G0,G0,
5414,NO_DEMONSTRATED_GAIN,True,False,False,0,0,0,,,,False,1.5593907516749526e-10,0,0,0,0,,,True,LOW_T0_D1,R0,R0,
5414,TRADEOFF,False,False,False,98,0,-98,4.295338299544473,,,False,1.5593907516749526e-10,0,0,-2,-2,,4.295338299544473,False,LOW_T0_D1,R0,S0,COMMON_COVERED_IDENTITIES_LOST;COMMON_GEOMETRIC_PROTECTION_DEGRADED;RAW_WINDOW_COVERAGE_LOST;RAW_WINDOW_IDENTITIES_LOST;RECORD_COVERAGE_LOST
5414,NO_DEMONSTRATED_GAIN,True,False,False,0,0,0,,,,False,1.5593907516749526e-10,0,0,0,0,,,True,LOW_T0_D1,R0,G0,
5414,SUPPORTED_WITHIN_SCOPE,True,True,False,0,98,98,,,4.295338299544473,False,1.5593907516749526e-10,98,117.90326364806336,2,2,4.295338299544473,,False,LOW_T0_D1,S0,R0,
5414,NO_DEMONSTRATED_GAIN,True,False,False,98,98,0,4.295338299544473,4.295338299544473,,False,1.5593907516749526e-10,0,0,0,0,4.295338299544473,4.295338299544473,True,LOW_T0_D1,S0,S0,
5414,SUPPORTED_WITHIN_SCOPE,True,True,False,0,98,98,,,4.295338299544473,False,1.5593907516749526e-10,98,117.90326364806336,2,2,4.295338299544473,,False,LOW_T0_D1,S0,G0,
5414,NO_DEMONSTRATED_GAIN,True,False,False,0,0,0,,,,False,1.5593907516749526e-10,0,0,0,0,,,True,LOW_T0_D1,G0,R0,
5414,TRADEOFF,False,False,False,98,0,-98,4.295338299544473,,,False,1.5593907516749526e-10,0,0,-2,-2,,4.295338299544473,False,LOW_T0_D1,G0,S0,COMMON_COVERED_IDENTITIES_LOST;COMMON_GEOMETRIC_PROTECTION_DEGRADED;RAW_WINDOW_COVERAGE_LOST;RAW_WINDOW_IDENTITIES_LOST;RECORD_COVERAGE_LOST
5414,NO_DEMONSTRATED_GAIN,True,False,False,0,0,0,,,,False,1.5593907516749526e-10,0,0,0,0,,,True,LOW_T0_D1,G0,G0,
4751,NO_DEMONSTRATED_GAIN,True,False,False,0,0,0,,,,False,1.8738330040897988e-10,0,0,0,0,,,True,LOW_T0_D1,R0,R0,
4751,TRADEOFF,False,False,False,99,0,-99,0.5250732240372692,,,False,1.8738330040897988e-10,0,0,-2,-2,,0.5250732240372692,False,LOW_T0_D1,R0,S0,COMMON_COVERED_IDENTITIES_LOST;COMMON_GEOMETRIC_PROTECTION_DEGRADED;RAW_WINDOW_COVERAGE_LOST;RAW_WINDOW_IDENTITIES_LOST;RECORD_COVERAGE_LOST
4751,NO_DEMONSTRATED_GAIN,True,False,False,0,0,0,,,,False,1.8738330040897988e-10,0,0,0,0,,,True,LOW_T0_D1,R0,G0,
4751,SUPPORTED_WITHIN_SCOPE,True,True,False,0,99,99,,,0.5250732240372692,False,1.8738330040897988e-10,99,24.16312795364723,2,2,0.5250732240372692,,False,LOW_T0_D1,S0,R0,
4751,NO_DEMONSTRATED_GAIN,True,False,False,99,99,0,0.5250732240372692,0.5250732240372692,,False,1.8738330040897988e-10,0,0,0,0,0.5250732240372692,0.5250732240372692,True,LOW_T0_D1,S0,S0,
4751,SUPPORTED_WITHIN_SCOPE,True,True,False,0,99,99,,,0.5250732240372692,False,1.8738330040897988e-10,99,24.16312795364723,2,2,0.5250732240372692,,False,LOW_T0_D1,S0,G0,
4751,NO_DEMONSTRATED_GAIN,True,False,False,0,0,0,,,,False,1.8738330040897988e-10,0,0,0,0,,,True,LOW_T0_D1,G0,R0,
4751,TRADEOFF,False,False,False,99,0,-99,0.5250732240372692,,,False,1.8738330040897988e-10,0,0,-2,-2,,0.5250732240372692,False,LOW_T0_D1,G0,S0,COMMON_COVERED_IDENTITIES_LOST;COMMON_GEOMETRIC_PROTECTION_DEGRADED;RAW_WINDOW_COVERAGE_LOST;RAW_WINDOW_IDENTITIES_LOST;RECORD_COVERAGE_LOST
4751,NO_DEMONSTRATED_GAIN,True,False,False,0,0,0,,,,False,1.8738330040897988e-10,0,0,0,0,,,True,LOW_T0_D1,G0,G0,
11304,NO_DEMONSTRATED_GAIN,True,False,False,0,0,0,,,,False,3.65199208052627e-10,0,0,0,0,,,True,LOW_T0_D1,R0,R0,
11304,TRADEOFF,False,False,False,97,0,-97,0.36200367587876925,,,False,3.65199208052627e-10,0,0,-2,-2,,0.36200367587876925,False,LOW_T0_D1,R0,S0,COMMON_COVERED_IDENTITIES_LOST;COMMON_GEOMETRIC_PROTECTION_DEGRADED;RAW_WINDOW_COVERAGE_LOST;RAW_WINDOW_IDENTITIES_LOST;RECORD_COVERAGE_LOST
11304,NO_DEMONSTRATED_GAIN,True,False,False,0,0,0,,,,False,3.65199208052627e-10,0,0,0,0,,,True,LOW_T0_D1,R0,G0,
11304,SUPPORTED_WITHIN_SCOPE,True,True,False,0,97,97,,,0.36200367587876925,False,3.65199208052627e-10,97,17.778217527979457,2,2,0.36200367587876925,,False,LOW_T0_D1,S0,R0,
11304,NO_DEMONSTRATED_GAIN,True,False,False,97,97,0,0.36200367587876925,0.36200367587876925,,False,3.65199208052627e-10,0,0,0,0,0.36200367587876925,0.36200367587876925,True,LOW_T0_D1,S0,S0,
11304,SUPPORTED_WITHIN_SCOPE,True,True,False,0,97,97,,,0.36200367587876925,False,3.65199208052627e-10,97,17.778217527979457,2,2,0.36200367587876925,,False,LOW_T0_D1,S0,G0,
11304,NO_DEMONSTRATED_GAIN,True,False,False,0,0,0,,,,False,3.65199208052627e-10,0,0,0,0,,,True,LOW_T0_D1,G0,R0,
11304,TRADEOFF,False,False,False,97,0,-97,0.36200367587876925,,,False,3.65199208052627e-10,0,0,-2,-2,,0.36200367587876925,False,LOW_T0_D1,G0,S0,COMMON_COVERED_IDENTITIES_LOST;COMMON_GEOMETRIC_PROTECTION_DEGRADED;RAW_WINDOW_COVERAGE_LOST;RAW_WINDOW_IDENTITIES_LOST;RECORD_COVERAGE_LOST
11304,NO_DEMONSTRATED_GAIN,True,False,False,0,0,0,,,,False,3.65199208052627e-10,0,0,0,0,,,True,LOW_T0_D1,G0,G0,
7330,NO_DEMONSTRATED_GAIN,True,False,False,0,0,0,,,,False,2.982129862111395e-10,0,0,0,0,,,True,LOW_T0_D1,R0,R0,
7330,TRADEOFF,False,False,False,98,0,-98,3.0076772653496278,,,False,2.982129862111395e-10,0,0,-2,-2,,3.0076772653496278,False,LOW_T0_D1,R0,S0,COMMON_COVERED_IDENTITIES_LOST;COMMON_GEOMETRIC_PROTECTION_DEGRADED;RAW_WINDOW_COVERAGE_LOST;RAW_WINDOW_IDENTITIES_LOST;RECORD_COVERAGE_LOST
7330,NO_DEMONSTRATED_GAIN,True,False,False,0,0,0,,,,False,2.982129862111395e-10,0,0,0,0,,,True,LOW_T0_D1,R0,G0,
7330,SUPPORTED_WITHIN_SCOPE,True,True,False,0,98,98,,,3.0076772653496278,False,2.982129862111395e-10,98,160.81428164483887,2,2,3.0076772653496278,,False,LOW_T0_D1,S0,R0,
7330,NO_DEMONSTRATED_GAIN,True,False,False,98,98,0,3.0076772653496278,3.0076772653496278,,False,2.982129862111395e-10,0,0,0,0,3.0076772653496278,3.0076772653496278,True,LOW_T0_D1,S0,S0,
7330,SUPPORTED_WITHIN_SCOPE,True,True,False,0,98,98,,,3.0076772653496278,False,2.982129862111395e-10,98,160.81428164483887,2,2,3.0076772653496278,,False,LOW_T0_D1,S0,G0,
7330,NO_DEMONSTRATED_GAIN,True,False,False,0,0,0,,,,False,2.982129862111395e-10,0,0,0,0,,,True,LOW_T0_D1,G0,R0,
7330,TRADEOFF,False,False,False,98,0,-98,3.0076772653496278,,,False,2.982129862111395e-10,0,0,-2,-2,,3.0076772653496278,False,LOW_T0_D1,G0,S0,COMMON_COVERED_IDENTITIES_LOST;COMMON_GEOMETRIC_PROTECTION_DEGRADED;RAW_WINDOW_COVERAGE_LOST;RAW_WINDOW_IDENTITIES_LOST;RECORD_COVERAGE_LOST
7330,NO_DEMONSTRATED_GAIN,True,False,False,0,0,0,,,,False,2.982129862111395e-10,0,0,0,0,,,True,LOW_T0_D1,G0,G0,
5503,NO_DEMONSTRATED_GAIN,True,False,False,0,0,0,,,,False,8.444404105625438e-10,0,0,0,0,,,True,LOW_T0_D1,R0,R0,
5503,TRADEOFF,False,False,False,99,0,-99,0.191366032841697,,,False,8.444404105625438e-10,0,0,-2,-2,,0.191366032841697,False,LOW_T0_D1,R0,S0,COMMON_COVERED_IDENTITIES_LOST;COMMON_GEOMETRIC_PROTECTION_DEGRADED;RAW_WINDOW_COVERAGE_LOST;RAW_WINDOW_IDENTITIES_LOST;RECORD_COVERAGE_LOST
5503,NO_DEMONSTRATED_GAIN,True,False,False,0,0,0,,,,False,8.444404105625438e-10,0,0,0,0,,,True,LOW_T0_D1,R0,G0,
5503,SUPPORTED_WITHIN_SCOPE,True,True,False,0,99,99,,,0.191366032841697,False,8.444404105625438e-10,99,0.191366032841697,2,2,0.191366032841697,,False,LOW_T0_D1,S0,R0,
5503,NO_DEMONSTRATED_GAIN,True,False,False,99,99,0,0.191366032841697,0.191366032841697,,False,8.444404105625438e-10,0,0,0,0,0.191366032841697,0.191366032841697,True,LOW_T0_D1,S0,S0,
5503,SUPPORTED_WITHIN_SCOPE,True,True,False,0,99,99,,,0.191366032841697,False,8.444404105625438e-10,99,0.191366032841697,2,2,0.191366032841697,,False,LOW_T0_D1,S0,G0,
5503,NO_DEMONSTRATED_GAIN,True,False,False,0,0,0,,,,False,8.444404105625438e-10,0,0,0,0,,,True,LOW_T0_D1,G0,R0,
5503,TRADEOFF,False,False,False,99,0,-99,0.191366032841697,,,False,8.444404105625438e-10,0,0,-2,-2,,0.191366032841697,False,LOW_T0_D1,G0,S0,COMMON_COVERED_IDENTITIES_LOST;COMMON_GEOMETRIC_PROTECTION_DEGRADED;RAW_WINDOW_COVERAGE_LOST;RAW_WINDOW_IDENTITIES_LOST;RECORD_COVERAGE_LOST
5503,NO_DEMONSTRATED_GAIN,True,False,False,0,0,0,,,,False,8.444404105625438e-10,0,0,0,0,,,True,LOW_T0_D1,G0,G0,
5293,NO_DEMONSTRATED_GAIN,True,False,False,0,0,0,,,,False,2.570555805224803e-10,0,0,0,0,,,True,LOW_T0_D1,R0,R0,
5293,TRADEOFF,False,False,False,98,0,-98,0.5253040594618423,,,False,2.570555805224803e-10,0,0,-2,-2,,0.5253040594618423,False,LOW_T0_D1,R0,S0,COMMON_COVERED_IDENTITIES_LOST;COMMON_GEOMETRIC_PROTECTION_DEGRADED;RAW_WINDOW_COVERAGE_LOST;RAW_WINDOW_IDENTITIES_LOST;RECORD_COVERAGE_LOST
5293,NO_DEMONSTRATED_GAIN,True,False,False,0,0,0,,,,False,2.570555805224803e-10,0,0,0,0,,,True,LOW_T0_D1,R0,G0,
5293,SUPPORTED_WITHIN_SCOPE,True,True,False,0,98,98,,,0.5253040594618423,False,2.570555805224803e-10,98,23.448575454300606,2,2,0.5253040594618423,,False,LOW_T0_D1,S0,R0,
5293,NO_DEMONSTRATED_GAIN,True,False,False,98,98,0,0.5253040594618423,0.5253040594618423,,False,2.570555805224803e-10,0,0,0,0,0.5253040594618423,0.5253040594618423,True,LOW_T0_D1,S0,S0,
5293,SUPPORTED_WITHIN_SCOPE,True,True,False,0,98,98,,,0.5253040594618423,False,2.570555805224803e-10,98,23.448575454300606,2,2,0.5253040594618423,,False,LOW_T0_D1,S0,G0,
5293,NO_DEMONSTRATED_GAIN,True,False,False,0,0,0,,,,False,2.570555805224803e-10,0,0,0,0,,,True,LOW_T0_D1,G0,R0,
5293,TRADEOFF,False,False,False,98,0,-98,0.5253040594618423,,,False,2.570555805224803e-10,0,0,-2,-2,,0.5253040594618423,False,LOW_T0_D1,G0,S0,COMMON_COVERED_IDENTITIES_LOST;COMMON_GEOMETRIC_PROTECTION_DEGRADED;RAW_WINDOW_COVERAGE_LOST;RAW_WINDOW_IDENTITIES_LOST;RECORD_COVERAGE_LOST
5293,NO_DEMONSTRATED_GAIN,True,False,False,0,0,0,,,,False,2.570555805224803e-10,0,0,0,0,,,True,LOW_T0_D1,G0,G0,
8240,NO_DEMONSTRATED_GAIN,True,False,False,0,0,0,,,,False,4.587382595982998e-10,0,0,0,0,,,True,LOW_T0_D1,R0,R0,
8240,TRADEOFF,False,False,False,98,0,-98,0.7086262380739974,,,False,4.587382595982998e-10,0,0,-2,-2,,0.7086262380739974,False,LOW_T0_D1,R0,S0,COMMON_COVERED_IDENTITIES_LOST;COMMON_GEOMETRIC_PROTECTION_DEGRADED;RAW_WINDOW_COVERAGE_LOST;RAW_WINDOW_IDENTITIES_LOST;RECORD_COVERAGE_LOST
8240,NO_DEMONSTRATED_GAIN,True,False,False,0,0,0,,,,False,4.587382595982998e-10,0,0,0,0,,,True,LOW_T0_D1,R0,G0,
8240,SUPPORTED_WITHIN_SCOPE,True,True,False,0,98,98,,,0.7086262380739974,False,4.587382595982998e-10,98,34.851920494752214,2,2,0.7086262380739974,,False,LOW_T0_D1,S0,R0,
8240,NO_DEMONSTRATED_GAIN,True,False,False,98,98,0,0.7086262380739974,0.7086262380739974,,False,4.587382595982998e-10,0,0,0,0,0.7086262380739974,0.7086262380739974,True,LOW_T0_D1,S0,S0,
8240,SUPPORTED_WITHIN_SCOPE,True,True,False,0,98,98,,,0.7086262380739974,False,4.587382595982998e-10,98,34.851920494752214,2,2,0.7086262380739974,,False,LOW_T0_D1,S0,G0,
8240,NO_DEMONSTRATED_GAIN,True,False,False,0,0,0,,,,False,4.587382595982998e-10,0,0,0,0,,,True,LOW_T0_D1,G0,R0,
8240,TRADEOFF,False,False,False,98,0,-98,0.7086262380739974,,,False,4.587382595982998e-10,0,0,-2,-2,,0.7086262380739974,False,LOW_T0_D1,G0,S0,COMMON_COVERED_IDENTITIES_LOST;COMMON_GEOMETRIC_PROTECTION_DEGRADED;RAW_WINDOW_COVERAGE_LOST;RAW_WINDOW_IDENTITIES_LOST;RECORD_COVERAGE_LOST
8240,NO_DEMONSTRATED_GAIN,True,False,False,0,0,0,,,,False,4.587382595982998e-10,0,0,0,0,,,True,LOW_T0_D1,G0,G0,
9441,NO_DEMONSTRATED_GAIN,True,False,False,0,0,0,,,,False,1.5200479591818196e-10,0,0,0,0,,,True,LOW_T0_D1,R0,R0,
9441,TRADEOFF,False,False,False,99,0,-99,0.6534134493758846,,,False,1.5200479591818196e-10,0,0,-2,-2,,0.6534134493758846,False,LOW_T0_D1,R0,S0,COMMON_COVERED_IDENTITIES_LOST;COMMON_GEOMETRIC_PROTECTION_DEGRADED;RAW_WINDOW_COVERAGE_LOST;RAW_WINDOW_IDENTITIES_LOST;RECORD_COVERAGE_LOST
9441,NO_DEMONSTRATED_GAIN,True,False,False,0,0,0,,,,False,1.5200479591818196e-10,0,0,0,0,,,True,LOW_T0_D1,R0,G0,
9441,SUPPORTED_WITHIN_SCOPE,True,True,False,0,99,99,,,0.6534134493758846,False,1.5200479591818196e-10,99,34.40297802566862,2,2,0.6534134493758846,,False,LOW_T0_D1,S0,R0,
9441,NO_DEMONSTRATED_GAIN,True,False,False,99,99,0,0.6534134493758846,0.6534134493758846,,False,1.5200479591818196e-10,0,0,0,0,0.6534134493758846,0.6534134493758846,True,LOW_T0_D1,S0,S0,
9441,SUPPORTED_WITHIN_SCOPE,True,True,False,0,99,99,,,0.6534134493758846,False,1.5200479591818196e-10,99,34.40297802566862,2,2,0.6534134493758846,,False,LOW_T0_D1,S0,G0,
9441,NO_DEMONSTRATED_GAIN,True,False,False,0,0,0,,,,False,1.5200479591818196e-10,0,0,0,0,,,True,LOW_T0_D1,G0,R0,
9441,TRADEOFF,False,False,False,99,0,-99,0.6534134493758846,,,False,1.5200479591818196e-10,0,0,-2,-2,,0.6534134493758846,False,LOW_T0_D1,G0,S0,COMMON_COVERED_IDENTITIES_LOST;COMMON_GEOMETRIC_PROTECTION_DEGRADED;RAW_WINDOW_COVERAGE_LOST;RAW_WINDOW_IDENTITIES_LOST;RECORD_COVERAGE_LOST
9441,NO_DEMONSTRATED_GAIN,True,False,False,0,0,0,,,,False,1.5200479591818196e-10,0,0,0,0,,,True,LOW_T0_D1,G0,G0,
217,NO_DEMONSTRATED_GAIN,True,False,False,0,0,0,,,,False,1.0716554125258319e-10,0,0,0,0,,,True,LOW_T1_D1,R0,R0,
217,TRADEOFF,False,False,False,101,0,-101,0.5637768220372692,,,False,1.0716554125258319e-10,0,0,-4,-4,,0.5637768220372692,False,LOW_T1_D1,R0,S0,COMMON_COVERED_IDENTITIES_LOST;COMMON_GEOMETRIC_PROTECTION_DEGRADED;RAW_WINDOW_COVERAGE_LOST;RAW_WINDOW_IDENTITIES_LOST;RECORD_COVERAGE_LOST
217,NO_DEMONSTRATED_GAIN,True,False,False,0,0,0,,,,False,1.0716554125258319e-10,0,0,0,0,,,True,LOW_T1_D1,R0,G0,
217,SUPPORTED_WITHIN_SCOPE,True,True,False,0,101,101,,,0.5637768220372692,False,1.0716554125258319e-10,101,12.121200555392237,4,4,0.5637768220372692,,False,LOW_T1_D1,S0,R0,
217,NO_DEMONSTRATED_GAIN,True,False,False,101,101,0,0.5637768220372692,0.5637768220372692,,False,1.0716554125258319e-10,0,0,0,0,0.5637768220372692,0.5637768220372692,True,LOW_T1_D1,S0,S0,
217,SUPPORTED_WITHIN_SCOPE,True,True,False,0,101,101,,,0.5637768220372692,False,1.0716554125258319e-10,101,12.121200555392237,4,4,0.5637768220372692,,False,LOW_T1_D1,S0,G0,
217,NO_DEMONSTRATED_GAIN,True,False,False,0,0,0,,,,False,1.0716554125258319e-10,0,0,0,0,,,True,LOW_T1_D1,G0,R0,
217,TRADEOFF,False,False,False,101,0,-101,0.5637768220372692,,,False,1.0716554125258319e-10,0,0,-4,-4,,0.5637768220372692,False,LOW_T1_D1,G0,S0,COMMON_COVERED_IDENTITIES_LOST;COMMON_GEOMETRIC_PROTECTION_DEGRADED;RAW_WINDOW_COVERAGE_LOST;RAW_WINDOW_IDENTITIES_LOST;RECORD_COVERAGE_LOST
217,NO_DEMONSTRATED_GAIN,True,False,False,0,0,0,,,,False,1.0716554125258319e-10,0,0,0,0,,,True,LOW_T1_D1,G0,G0,
130,NO_DEMONSTRATED_GAIN,True,False,False,0,0,0,,,,False,5.593905916693167e-10,0,0,0,0,,,True,LOW_T1_D1,R0,R0,
130,TRADEOFF,False,False,False,97,0,-97,0.6635255888541063,,,False,5.593905916693167e-10,0,0,-4,-4,,0.6635255888541063,False,LOW_T1_D1,R0,S0,COMMON_COVERED_IDENTITIES_LOST;COMMON_GEOMETRIC_PROTECTION_DEGRADED;RAW_WINDOW_COVERAGE_LOST;RAW_WINDOW_IDENTITIES_LOST;RECORD_COVERAGE_LOST
130,NO_DEMONSTRATED_GAIN,True,False,False,0,0,0,,,,False,5.593905916693167e-10,0,0,0,0,,,True,LOW_T1_D1,R0,G0,
130,SUPPORTED_WITHIN_SCOPE,True,True,False,0,97,97,,,0.6635255888541063,False,5.593905916693167e-10,97,35.870946487210084,4,4,0.6635255888541063,,False,LOW_T1_D1,S0,R0,
130,NO_DEMONSTRATED_GAIN,True,False,False,97,97,0,0.6635255888541063,0.6635255888541063,,False,5.593905916693167e-10,0,0,0,0,0.6635255888541063,0.6635255888541063,True,LOW_T1_D1,S0,S0,
130,SUPPORTED_WITHIN_SCOPE,True,True,False,0,97,97,,,0.6635255888541063,False,5.593905916693167e-10,97,35.870946487210084,4,4,0.6635255888541063,,False,LOW_T1_D1,S0,G0,
130,NO_DEMONSTRATED_GAIN,True,False,False,0,0,0,,,,False,5.593905916693167e-10,0,0,0,0,,,True,LOW_T1_D1,G0,R0,
130,TRADEOFF,False,False,False,97,0,-97,0.6635255888541063,,,False,5.593905916693167e-10,0,0,-4,-4,,0.6635255888541063,False,LOW_T1_D1,G0,S0,COMMON_COVERED_IDENTITIES_LOST;COMMON_GEOMETRIC_PROTECTION_DEGRADED;RAW_WINDOW_COVERAGE_LOST;RAW_WINDOW_IDENTITIES_LOST;RECORD_COVERAGE_LOST
130,NO_DEMONSTRATED_GAIN,True,False,False,0,0,0,,,,False,5.593905916693167e-10,0,0,0,0,,,True,LOW_T1_D1,G0,G0,
799,NO_DEMONSTRATED_GAIN,True,False,False,0,0,0,,,,False,1.3898291060371437e-10,0,0,0,0,,,True,LOW_T1_D1,R0,R0,
799,TRADEOFF,False,False,False,86,0,-86,1.0066310969151395,,,False,1.3898291060371437e-10,0,0,-6,-6,,1.0066310969151395,False,LOW_T1_D1,R0,S0,COMMON_COVERED_IDENTITIES_LOST;COMMON_GEOMETRIC_PROTECTION_DEGRADED;RAW_WINDOW_COVERAGE_LOST;RAW_WINDOW_IDENTITIES_LOST;RECORD_COVERAGE_LOST
799,NO_DEMONSTRATED_GAIN,True,False,False,0,0,0,,,,False,1.3898291060371437e-10,0,0,0,0,,,True,LOW_T1_D1,R0,G0,
799,SUPPORTED_WITHIN_SCOPE,True,True,False,0,86,86,,,1.0066310969151395,False,1.3898291060371437e-10,86,64.03488785862578,6,6,1.0066310969151395,,False,LOW_T1_D1,S0,R0,
799,NO_DEMONSTRATED_GAIN,True,False,False,86,86,0,1.0066310969151395,1.0066310969151395,,False,1.3898291060371437e-10,0,0,0,0,1.0066310969151395,1.0066310969151395,True,LOW_T1_D1,S0,S0,
799,SUPPORTED_WITHIN_SCOPE,True,True,False,0,86,86,,,1.0066310969151395,False,1.3898291060371437e-10,86,64.03488785862578,6,6,1.0066310969151395,,False,LOW_T1_D1,S0,G0,
799,NO_DEMONSTRATED_GAIN,True,False,False,0,0,0,,,,False,1.3898291060371437e-10,0,0,0,0,,,True,LOW_T1_D1,G0,R0,
799,TRADEOFF,False,False,False,86,0,-86,1.0066310969151395,,,False,1.3898291060371437e-10,0,0,-6,-6,,1.0066310969151395,False,LOW_T1_D1,G0,S0,COMMON_COVERED_IDENTITIES_LOST;COMMON_GEOMETRIC_PROTECTION_DEGRADED;RAW_WINDOW_COVERAGE_LOST;RAW_WINDOW_IDENTITIES_LOST;RECORD_COVERAGE_LOST
799,NO_DEMONSTRATED_GAIN,True,False,False,0,0,0,,,,False,1.3898291060371437e-10,0,0,0,0,,,True,LOW_T1_D1,G0,G0,
4318,NO_DEMONSTRATED_GAIN,True,False,False,0,0,0,,,,False,2.1135901186514392e-10,0,0,0,0,,,True,LOW_T1_D1,R0,R0,
4318,TRADEOFF,False,False,False,100,0,-100,0.36163187014816023,,,False,2.1135901186514392e-10,0,0,-4,-4,,0.36163187014816023,False,LOW_T1_D1,R0,S0,COMMON_COVERED_IDENTITIES_LOST;COMMON_GEOMETRIC_PROTECTION_DEGRADED;RAW_WINDOW_COVERAGE_LOST;RAW_WINDOW_IDENTITIES_LOST;RECORD_COVERAGE_LOST
4318,NO_DEMONSTRATED_GAIN,True,False,False,0,0,0,,,,False,2.1135901186514392e-10,0,0,0,0,,,True,LOW_T1_D1,R0,G0,
4318,SUPPORTED_WITHIN_SCOPE,True,True,False,0,100,100,,,0.36163187014816023,False,2.1135901186514392e-10,100,20.05689380569,4,4,0.36163187014816023,,False,LOW_T1_D1,S0,R0,
4318,NO_DEMONSTRATED_GAIN,True,False,False,100,100,0,0.36163187014816023,0.36163187014816023,,False,2.1135901186514392e-10,0,0,0,0,0.36163187014816023,0.36163187014816023,True,LOW_T1_D1,S0,S0,
4318,SUPPORTED_WITHIN_SCOPE,True,True,False,0,100,100,,,0.36163187014816023,False,2.1135901186514392e-10,100,20.05689380569,4,4,0.36163187014816023,,False,LOW_T1_D1,S0,G0,
4318,NO_DEMONSTRATED_GAIN,True,False,False,0,0,0,,,,False,2.1135901186514392e-10,0,0,0,0,,,True,LOW_T1_D1,G0,R0,
4318,TRADEOFF,False,False,False,100,0,-100,0.36163187014816023,,,False,2.1135901186514392e-10,0,0,-4,-4,,0.36163187014816023,False,LOW_T1_D1,G0,S0,COMMON_COVERED_IDENTITIES_LOST;COMMON_GEOMETRIC_PROTECTION_DEGRADED;RAW_WINDOW_COVERAGE_LOST;RAW_WINDOW_IDENTITIES_LOST;RECORD_COVERAGE_LOST
4318,NO_DEMONSTRATED_GAIN,True,False,False,0,0,0,,,,False,2.1135901186514392e-10,0,0,0,0,,,True,LOW_T1_D1,G0,G0,
6867,NO_DEMONSTRATED_GAIN,True,False,False,0,0,0,,,,False,2.570018873329962e-10,0,0,0,0,,,True,LOW_T1_D1,R0,R0,
6867,TRADEOFF,False,False,False,98,0,-98,0.21296950734383488,,,False,2.570018873329962e-10,0,0,-2,-2,,0.21296950734383488,False,LOW_T1_D1,R0,S0,COMMON_COVERED_IDENTITIES_LOST;COMMON_GEOMETRIC_PROTECTION_DEGRADED;RAW_WINDOW_COVERAGE_LOST;RAW_WINDOW_IDENTITIES_LOST;RECORD_COVERAGE_LOST
6867,NO_DEMONSTRATED_GAIN,True,False,False,0,0,0,,,,False,2.570018873329962e-10,0,0,0,0,,,True,LOW_T1_D1,R0,G0,
6867,SUPPORTED_WITHIN_SCOPE,True,True,False,0,98,98,,,0.21296950734383488,False,2.570018873329962e-10,98,10.76464380068121,2,2,0.21296950734383488,,False,LOW_T1_D1,S0,R0,
6867,NO_DEMONSTRATED_GAIN,True,False,False,98,98,0,0.21296950734383488,0.21296950734383488,,False,2.570018873329962e-10,0,0,0,0,0.21296950734383488,0.21296950734383488,True,LOW_T1_D1,S0,S0,
6867,SUPPORTED_WITHIN_SCOPE,True,True,False,0,98,98,,,0.21296950734383488,False,2.570018873329962e-10,98,10.76464380068121,2,2,0.21296950734383488,,False,LOW_T1_D1,S0,G0,
6867,NO_DEMONSTRATED_GAIN,True,False,False,0,0,0,,,,False,2.570018873329962e-10,0,0,0,0,,,True,LOW_T1_D1,G0,R0,
6867,TRADEOFF,False,False,False,98,0,-98,0.21296950734383488,,,False,2.570018873329962e-10,0,0,-2,-2,,0.21296950734383488,False,LOW_T1_D1,G0,S0,COMMON_COVERED_IDENTITIES_LOST;COMMON_GEOMETRIC_PROTECTION_DEGRADED;RAW_WINDOW_COVERAGE_LOST;RAW_WINDOW_IDENTITIES_LOST;RECORD_COVERAGE_LOST
6867,NO_DEMONSTRATED_GAIN,True,False,False,0,0,0,,,,False,2.570018873329962e-10,0,0,0,0,,,True,LOW_T1_D1,G0,G0,
4492,NO_DEMONSTRATED_GAIN,True,False,False,0,0,0,,,,False,4.726791243477567e-10,0,0,0,0,,,True,LOW_T1_D1,R0,R0,
4492,TRADEOFF,False,False,False,99,0,-99,1.3440533211134558,,,False,4.726791243477567e-10,0,0,-2,-2,,1.3440533211134558,False,LOW_T1_D1,R0,S0,COMMON_COVERED_IDENTITIES_LOST;COMMON_GEOMETRIC_PROTECTION_DEGRADED;RAW_WINDOW_COVERAGE_LOST;RAW_WINDOW_IDENTITIES_LOST;RECORD_COVERAGE_LOST
4492,NO_DEMONSTRATED_GAIN,True,False,False,0,0,0,,,,False,4.726791243477567e-10,0,0,0,0,,,True,LOW_T1_D1,R0,G0,
4492,SUPPORTED_WITHIN_SCOPE,True,True,False,0,99,99,,,1.3440533211134558,False,4.726791243477567e-10,99,75.95252320637417,2,2,1.3440533211134558,,False,LOW_T1_D1,S0,R0,
4492,NO_DEMONSTRATED_GAIN,True,False,False,99,99,0,1.3440533211134558,1.3440533211134558,,False,4.726791243477567e-10,0,0,0,0,1.3440533211134558,1.3440533211134558,True,LOW_T1_D1,S0,S0,
4492,SUPPORTED_WITHIN_SCOPE,True,True,False,0,99,99,,,1.3440533211134558,False,4.726791243477567e-10,99,75.95252320637417,2,2,1.3440533211134558,,False,LOW_T1_D1,S0,G0,
4492,NO_DEMONSTRATED_GAIN,True,False,False,0,0,0,,,,False,4.726791243477567e-10,0,0,0,0,,,True,LOW_T1_D1,G0,R0,
4492,TRADEOFF,False,False,False,99,0,-99,1.3440533211134558,,,False,4.726791243477567e-10,0,0,-2,-2,,1.3440533211134558,False,LOW_T1_D1,G0,S0,COMMON_COVERED_IDENTITIES_LOST;COMMON_GEOMETRIC_PROTECTION_DEGRADED;RAW_WINDOW_COVERAGE_LOST;RAW_WINDOW_IDENTITIES_LOST;RECORD_COVERAGE_LOST
4492,NO_DEMONSTRATED_GAIN,True,False,False,0,0,0,,,,False,4.726791243477567e-10,0,0,0,0,,,True,LOW_T1_D1,G0,G0,
4782,NO_DEMONSTRATED_GAIN,True,False,False,0,0,0,,,,False,2.698512436524702e-10,0,0,0,0,,,True,LOW_T1_D1,R0,R0,
4782,TRADEOFF,False,False,False,40,0,-40,0.09437968715911446,,,False,2.698512436524702e-10,0,0,-8,-8,,0.09437968715911446,False,LOW_T1_D1,R0,S0,COMMON_COVERED_IDENTITIES_LOST;COMMON_GEOMETRIC_PROTECTION_DEGRADED;RAW_WINDOW_COVERAGE_LOST;RAW_WINDOW_IDENTITIES_LOST;RECORD_COVERAGE_LOST
4782,NO_DEMONSTRATED_GAIN,True,False,False,0,0,0,,,,False,2.698512436524702e-10,0,0,0,0,,,True,LOW_T1_D1,R0,G0,
4782,SUPPORTED_WITHIN_SCOPE,True,True,False,0,40,40,,,0.09437968715911446,False,2.698512436524702e-10,40,0.40897878237987145,8,8,0.09437968715911446,,False,LOW_T1_D1,S0,R0,
4782,NO_DEMONSTRATED_GAIN,True,False,False,40,40,0,0.09437968715911446,0.09437968715911446,,False,2.698512436524702e-10,0,0,0,0,0.09437968715911446,0.09437968715911446,True,LOW_T1_D1,S0,S0,
4782,SUPPORTED_WITHIN_SCOPE,True,True,False,0,40,40,,,0.09437968715911446,False,2.698512436524702e-10,40,0.40897878237987145,8,8,0.09437968715911446,,False,LOW_T1_D1,S0,G0,
4782,NO_DEMONSTRATED_GAIN,True,False,False,0,0,0,,,,False,2.698512436524702e-10,0,0,0,0,,,True,LOW_T1_D1,G0,R0,
4782,TRADEOFF,False,False,False,40,0,-40,0.09437968715911446,,,False,2.698512436524702e-10,0,0,-8,-8,,0.09437968715911446,False,LOW_T1_D1,G0,S0,COMMON_COVERED_IDENTITIES_LOST;COMMON_GEOMETRIC_PROTECTION_DEGRADED;RAW_WINDOW_COVERAGE_LOST;RAW_WINDOW_IDENTITIES_LOST;RECORD_COVERAGE_LOST
4782,NO_DEMONSTRATED_GAIN,True,False,False,0,0,0,,,,False,2.698512436524702e-10,0,0,0,0,,,True,LOW_T1_D1,G0,G0,
4460,NO_DEMONSTRATED_GAIN,True,False,False,0,0,0,,,,False,1.8699827448044304e-10,0,0,0,0,,,True,LOW_T1_D1,R0,R0,
4460,TRADEOFF,False,False,False,97,0,-97,0.5303031382797219,,,False,1.8699827448044304e-10,0,0,-4,-4,,0.5303031382797219,False,LOW_T1_D1,R0,S0,COMMON_COVERED_IDENTITIES_LOST;COMMON_GEOMETRIC_PROTECTION_DEGRADED;RAW_WINDOW_COVERAGE_LOST;RAW_WINDOW_IDENTITIES_LOST;RECORD_COVERAGE_LOST
4460,NO_DEMONSTRATED_GAIN,True,False,False,0,0,0,,,,False,1.8699827448044304e-10,0,0,0,0,,,True,LOW_T1_D1,R0,G0,
4460,SUPPORTED_WITHIN_SCOPE,True,True,False,0,97,97,,,0.5303031382797219,False,1.8699827448044304e-10,97,15.78977824763509,4,4,0.5303031382797219,,False,LOW_T1_D1,S0,R0,
4460,NO_DEMONSTRATED_GAIN,True,False,False,97,97,0,0.5303031382797219,0.5303031382797219,,False,1.8699827448044304e-10,0,0,0,0,0.5303031382797219,0.5303031382797219,True,LOW_T1_D1,S0,S0,
4460,SUPPORTED_WITHIN_SCOPE,True,True,False,0,97,97,,,0.5303031382797219,False,1.8699827448044304e-10,97,15.78977824763509,4,4,0.5303031382797219,,False,LOW_T1_D1,S0,G0,
4460,NO_DEMONSTRATED_GAIN,True,False,False,0,0,0,,,,False,1.8699827448044304e-10,0,0,0,0,,,True,LOW_T1_D1,G0,R0,
4460,TRADEOFF,False,False,False,97,0,-97,0.5303031382797219,,,False,1.8699827448044304e-10,0,0,-4,-4,,0.5303031382797219,False,LOW_T1_D1,G0,S0,COMMON_COVERED_IDENTITIES_LOST;COMMON_GEOMETRIC_PROTECTION_DEGRADED;RAW_WINDOW_COVERAGE_LOST;RAW_WINDOW_IDENTITIES_LOST;RECORD_COVERAGE_LOST
4460,NO_DEMONSTRATED_GAIN,True,False,False,0,0,0,,,,False,1.8699827448044304e-10,0,0,0,0,,,True,LOW_T1_D1,G0,G0,
7736,NO_DEMONSTRATED_GAIN,True,False,False,0,0,0,,,,False,7.729435274360015e-11,0,0,0,0,,,True,LOW_T1_D1,R0,R0,
7736,TRADEOFF,False,False,False,40,0,-40,1.059301353664932,,,False,7.729435274360015e-11,0,0,-2,-2,,1.059301353664932,False,LOW_T1_D1,R0,S0,COMMON_COVERED_IDENTITIES_LOST;COMMON_GEOMETRIC_PROTECTION_DEGRADED;RAW_WINDOW_COVERAGE_LOST;RAW_WINDOW_IDENTITIES_LOST;RECORD_COVERAGE_LOST
7736,NO_DEMONSTRATED_GAIN,True,False,False,0,0,0,,,,False,7.729435274360015e-11,0,0,0,0,,,True,LOW_T1_D1,R0,G0,
7736,SUPPORTED_WITHIN_SCOPE,True,True,False,0,40,40,,,1.059301353664932,False,7.729435274360015e-11,40,24.326541248480968,2,2,1.059301353664932,,False,LOW_T1_D1,S0,R0,
7736,NO_DEMONSTRATED_GAIN,True,False,False,40,40,0,1.059301353664932,1.059301353664932,,False,7.729435274360015e-11,0,0,0,0,1.059301353664932,1.059301353664932,True,LOW_T1_D1,S0,S0,
7736,SUPPORTED_WITHIN_SCOPE,True,True,False,0,40,40,,,1.059301353664932,False,7.729435274360015e-11,40,24.326541248480968,2,2,1.059301353664932,,False,LOW_T1_D1,S0,G0,
7736,NO_DEMONSTRATED_GAIN,True,False,False,0,0,0,,,,False,7.729435274360015e-11,0,0,0,0,,,True,LOW_T1_D1,G0,R0,
7736,TRADEOFF,False,False,False,40,0,-40,1.059301353664932,,,False,7.729435274360015e-11,0,0,-2,-2,,1.059301353664932,False,LOW_T1_D1,G0,S0,COMMON_COVERED_IDENTITIES_LOST;COMMON_GEOMETRIC_PROTECTION_DEGRADED;RAW_WINDOW_COVERAGE_LOST;RAW_WINDOW_IDENTITIES_LOST;RECORD_COVERAGE_LOST
7736,NO_DEMONSTRATED_GAIN,True,False,False,0,0,0,,,,False,7.729435274360015e-11,0,0,0,0,,,True,LOW_T1_D1,G0,G0,
9056,NO_DEMONSTRATED_GAIN,True,False,False,0,0,0,,,,False,8.012174531288261e-11,0,0,0,0,,,True,LOW_T1_D1,R0,R0,
9056,TRADEOFF,False,False,False,99,0,-99,2.629913931582345,,,False,8.012174531288261e-11,0,0,-2,-2,,2.629913931582345,False,LOW_T1_D1,R0,S0,COMMON_COVERED_IDENTITIES_LOST;COMMON_GEOMETRIC_PROTECTION_DEGRADED;RAW_WINDOW_COVERAGE_LOST;RAW_WINDOW_IDENTITIES_LOST;RECORD_COVERAGE_LOST
9056,NO_DEMONSTRATED_GAIN,True,False,False,0,0,0,,,,False,8.012174531288261e-11,0,0,0,0,,,True,LOW_T1_D1,R0,G0,
9056,SUPPORTED_WITHIN_SCOPE,True,True,False,0,99,99,,,2.629913931582345,False,8.012174531288261e-11,99,77.89090754347984,2,2,2.629913931582345,,False,LOW_T1_D1,S0,R0,
9056,NO_DEMONSTRATED_GAIN,True,False,False,99,99,0,2.629913931582345,2.629913931582345,,False,8.012174531288261e-11,0,0,0,0,2.629913931582345,2.629913931582345,True,LOW_T1_D1,S0,S0,
9056,SUPPORTED_WITHIN_SCOPE,True,True,False,0,99,99,,,2.629913931582345,False,8.012174531288261e-11,99,77.89090754347984,2,2,2.629913931582345,,False,LOW_T1_D1,S0,G0,
9056,NO_DEMONSTRATED_GAIN,True,False,False,0,0,0,,,,False,8.012174531288261e-11,0,0,0,0,,,True,LOW_T1_D1,G0,R0,
9056,TRADEOFF,False,False,False,99,0,-99,2.629913931582345,,,False,8.012174531288261e-11,0,0,-2,-2,,2.629913931582345,False,LOW_T1_D1,G0,S0,COMMON_COVERED_IDENTITIES_LOST;COMMON_GEOMETRIC_PROTECTION_DEGRADED;RAW_WINDOW_COVERAGE_LOST;RAW_WINDOW_IDENTITIES_LOST;RECORD_COVERAGE_LOST
9056,NO_DEMONSTRATED_GAIN,True,False,False,0,0,0,,,,False,8.012174531288261e-11,0,0,0,0,,,True,LOW_T1_D1,G0,G0,
8877,NO_DEMONSTRATED_GAIN,True,False,False,0,0,0,,,,False,1.0534238177864626e-10,0,0,0,0,,,True,LOW_T1_D1,R0,R0,
8877,TRADEOFF,False,False,False,99,0,-99,0.43623413364135233,,,False,1.0534238177864626e-10,0,0,-2,-2,,0.43623413364135233,False,LOW_T1_D1,R0,S0,COMMON_COVERED_IDENTITIES_LOST;COMMON_GEOMETRIC_PROTECTION_DEGRADED;RAW_WINDOW_COVERAGE_LOST;RAW_WINDOW_IDENTITIES_LOST;RECORD_COVERAGE_LOST
8877,NO_DEMONSTRATED_GAIN,True,False,False,0,0,0,,,,False,1.0534238177864626e-10,0,0,0,0,,,True,LOW_T1_D1,R0,G0,
8877,SUPPORTED_WITHIN_SCOPE,True,True,False,0,99,99,,,0.43623413364135233,False,1.0534238177864626e-10,99,19.03370102137763,2,2,0.43623413364135233,,False,LOW_T1_D1,S0,R0,
8877,NO_DEMONSTRATED_GAIN,True,False,False,99,99,0,0.43623413364135233,0.43623413364135233,,False,1.0534238177864626e-10,0,0,0,0,0.43623413364135233,0.43623413364135233,True,LOW_T1_D1,S0,S0,
8877,SUPPORTED_WITHIN_SCOPE,True,True,False,0,99,99,,,0.43623413364135233,False,1.0534238177864626e-10,99,19.03370102137763,2,2,0.43623413364135233,,False,LOW_T1_D1,S0,G0,
8877,NO_DEMONSTRATED_GAIN,True,False,False,0,0,0,,,,False,1.0534238177864626e-10,0,0,0,0,,,True,LOW_T1_D1,G0,R0,
8877,TRADEOFF,False,False,False,99,0,-99,0.43623413364135233,,,False,1.0534238177864626e-10,0,0,-2,-2,,0.43623413364135233,False,LOW_T1_D1,G0,S0,COMMON_COVERED_IDENTITIES_LOST;COMMON_GEOMETRIC_PROTECTION_DEGRADED;RAW_WINDOW_COVERAGE_LOST;RAW_WINDOW_IDENTITIES_LOST;RECORD_COVERAGE_LOST
8877,NO_DEMONSTRATED_GAIN,True,False,False,0,0,0,,,,False,1.0534238177864626e-10,0,0,0,0,,,True,LOW_T1_D1,G0,G0,
611,NO_DEMONSTRATED_GAIN,True,False,False,0,0,0,,,,False,8.451167090909713e-11,0,0,0,0,,,True,LOW_T1_D1,R0,R0,
611,TRADEOFF,False,False,False,99,0,-99,0.9748423669747031,,,False,8.451167090909713e-11,0,0,-2,-2,,0.9748423669747031,False,LOW_T1_D1,R0,S0,COMMON_COVERED_IDENTITIES_LOST;COMMON_GEOMETRIC_PROTECTION_DEGRADED;RAW_WINDOW_COVERAGE_LOST;RAW_WINDOW_IDENTITIES_LOST;RECORD_COVERAGE_LOST
611,NO_DEMONSTRATED_GAIN,True,False,False,0,0,0,,,,False,8.451167090909713e-11,0,0,0,0,,,True,LOW_T1_D1,R0,G0,
611,SUPPORTED_WITHIN_SCOPE,True,True,False,0,99,99,,,0.9748423669747031,False,8.451167090909713e-11,99,51.867086425991126,2,2,0.9748423669747031,,False,LOW_T1_D1,S0,R0,
611,NO_DEMONSTRATED_GAIN,True,False,False,99,99,0,0.9748423669747031,0.9748423669747031,,False,8.451167090909713e-11,0,0,0,0,0.9748423669747031,0.9748423669747031,True,LOW_T1_D1,S0,S0,
611,SUPPORTED_WITHIN_SCOPE,True,True,False,0,99,99,,,0.9748423669747031,False,8.451167090909713e-11,99,51.867086425991126,2,2,0.9748423669747031,,False,LOW_T1_D1,S0,G0,
611,NO_DEMONSTRATED_GAIN,True,False,False,0,0,0,,,,False,8.451167090909713e-11,0,0,0,0,,,True,LOW_T1_D1,G0,R0,
611,TRADEOFF,False,False,False,99,0,-99,0.9748423669747031,,,False,8.451167090909713e-11,0,0,-2,-2,,0.9748423669747031,False,LOW_T1_D1,G0,S0,COMMON_COVERED_IDENTITIES_LOST;COMMON_GEOMETRIC_PROTECTION_DEGRADED;RAW_WINDOW_COVERAGE_LOST;RAW_WINDOW_IDENTITIES_LOST;RECORD_COVERAGE_LOST
611,NO_DEMONSTRATED_GAIN,True,False,False,0,0,0,,,,False,8.451167090909713e-11,0,0,0,0,,,True,LOW_T1_D1,G0,G0,
6313,NO_DEMONSTRATED_GAIN,True,False,False,101,101,0,8.936051715773807,8.936051715773807,,False,1.2902230022201186e-10,0,0,0,0,4.753718337245171,4.753718337245171,True,MID_T0_D0,R0,R0,
6313,NO_DEMONSTRATED_GAIN,True,False,False,101,101,0,8.936051715773807,8.936051715773807,,False,1.2902230022201186e-10,0,0,0,0,4.753718337245171,4.753718337245171,True,MID_T0_D0,R0,S0,
6313,NO_DEMONSTRATED_GAIN,True,False,False,101,101,0,8.936051715773807,8.936051715773807,,False,1.2902230022201186e-10,0,0,0,0,4.753718337245171,3.7479867611535473,False,MID_T0_D0,R0,G0,
6313,NO_DEMONSTRATED_GAIN,True,False,False,101,101,0,8.936051715773807,8.936051715773807,,False,1.2902230022201186e-10,0,0,0,0,4.753718337245171,4.753718337245171,True,MID_T0_D0,S0,R0,
6313,NO_DEMONSTRATED_GAIN,True,False,False,101,101,0,8.936051715773807,8.936051715773807,,False,1.2902230022201186e-10,0,0,0,0,4.753718337245171,4.753718337245171,True,MID_T0_D0,S0,S0,
6313,NO_DEMONSTRATED_GAIN,True,False,False,101,101,0,8.936051715773807,8.936051715773807,,False,1.2902230022201186e-10,0,0,0,0,4.753718337245171,3.7479867611535473,False,MID_T0_D0,S0,G0,
6313,NO_DEMONSTRATED_GAIN,True,False,False,101,101,0,8.936051715773807,8.936051715773807,,False,1.2902230022201186e-10,0,0,0,0,3.7479867611535473,4.753718337245171,False,MID_T0_D0,G0,R0,
6313,NO_DEMONSTRATED_GAIN,True,False,False,101,101,0,8.936051715773807,8.936051715773807,,False,1.2902230022201186e-10,0,0,0,0,3.7479867611535473,4.753718337245171,False,MID_T0_D0,G0,S0,
6313,NO_DEMONSTRATED_GAIN,True,False,False,101,101,0,8.936051715773807,8.936051715773807,,False,1.2902230022201186e-10,0,0,0,0,3.7479867611535473,3.7479867611535473,True,MID_T0_D0,G0,G0,
10089,NO_DEMONSTRATED_GAIN,True,False,False,99,99,0,4.7864009191626575,4.7864009191626575,,False,2.587844903850396e-10,0,0,0,0,4.7864009191626575,4.7864009191626575,True,MID_T0_D0,R0,R0,
10089,NO_DEMONSTRATED_GAIN,True,False,False,99,99,0,4.7864009191626575,4.7864009191626575,,False,2.587844903850396e-10,0,0,0,0,4.7864009191626575,4.7864009191626575,True,MID_T0_D0,R0,S0,
10089,NO_DEMONSTRATED_GAIN,True,False,False,99,99,0,4.7864009191626575,4.7864009191626575,,False,2.587844903850396e-10,0,0,0,0,4.7864009191626575,4.7864009191626575,False,MID_T0_D0,R0,G0,
10089,NO_DEMONSTRATED_GAIN,True,False,False,99,99,0,4.7864009191626575,4.7864009191626575,,False,2.587844903850396e-10,0,0,0,0,4.7864009191626575,4.7864009191626575,True,MID_T0_D0,S0,R0,
10089,NO_DEMONSTRATED_GAIN,True,False,False,99,99,0,4.7864009191626575,4.7864009191626575,,False,2.587844903850396e-10,0,0,0,0,4.7864009191626575,4.7864009191626575,True,MID_T0_D0,S0,S0,
10089,NO_DEMONSTRATED_GAIN,True,False,False,99,99,0,4.7864009191626575,4.7864009191626575,,False,2.587844903850396e-10,0,0,0,0,4.7864009191626575,4.7864009191626575,False,MID_T0_D0,S0,G0,
10089,NO_DEMONSTRATED_GAIN,True,False,False,99,99,0,4.7864009191626575,4.7864009191626575,,False,2.587844903850396e-10,0,0,0,0,4.7864009191626575,4.7864009191626575,False,MID_T0_D0,G0,R0,
10089,NO_DEMONSTRATED_GAIN,True,False,False,99,99,0,4.7864009191626575,4.7864009191626575,,False,2.587844903850396e-10,0,0,0,0,4.7864009191626575,4.7864009191626575,False,MID_T0_D0,G0,S0,
10089,NO_DEMONSTRATED_GAIN,True,False,False,99,99,0,4.7864009191626575,4.7864009191626575,,False,2.587844903850396e-10,0,0,0,0,4.7864009191626575,4.7864009191626575,True,MID_T0_D0,G0,G0,
10232,NO_DEMONSTRATED_GAIN,True,False,False,98,98,0,5.940373318870127,5.940373318870127,,False,5.082821709229691e-10,0,0,0,0,4.729191523380884,4.729191523380884,True,MID_T0_D0,R0,R0,
10232,NO_DEMONSTRATED_GAIN,True,False,False,98,98,0,5.940373318870127,5.940373318870127,,False,5.082821709229691e-10,0,0,0,0,4.729191523380884,4.729191523380884,True,MID_T0_D0,R0,S0,
10232,TRADEOFF,False,False,False,98,98,0,4.820550000705671,5.940373318870127,,False,5.082821709229691e-10,0,0,-1,-1,4.729191523380884,4.820550000705671,False,MID_T0_D0,R0,G0,COMMON_GEOMETRIC_PROTECTION_DEGRADED
10232,NO_DEMONSTRATED_GAIN,True,False,False,98,98,0,5.940373318870127,5.940373318870127,,False,5.082821709229691e-10,0,0,0,0,4.729191523380884,4.729191523380884,True,MID_T0_D0,S0,R0,
10232,NO_DEMONSTRATED_GAIN,True,False,False,98,98,0,5.940373318870127,5.940373318870127,,False,5.082821709229691e-10,0,0,0,0,4.729191523380884,4.729191523380884,True,MID_T0_D0,S0,S0,
10232,TRADEOFF,False,False,False,98,98,0,4.820550000705671,5.940373318870127,,False,5.082821709229691e-10,0,0,-1,-1,4.729191523380884,4.820550000705671,False,MID_T0_D0,S0,G0,COMMON_GEOMETRIC_PROTECTION_DEGRADED
10232,SUPPORTED_WITHIN_SCOPE,True,True,False,98,98,0,5.940373318870127,4.820550000705671,,False,5.082821709229691e-10,0,0,1,1,4.820550000705671,4.729191523380884,False,MID_T0_D0,G0,R0,
10232,SUPPORTED_WITHIN_SCOPE,True,True,False,98,98,0,5.940373318870127,4.820550000705671,,False,5.082821709229691e-10,0,0,1,1,4.820550000705671,4.729191523380884,False,MID_T0_D0,G0,S0,
10232,NO_DEMONSTRATED_GAIN,True,False,False,98,98,0,4.820550000705671,4.820550000705671,,False,5.082821709229691e-10,0,0,0,0,4.820550000705671,4.820550000705671,True,MID_T0_D0,G0,G0,
11272,NO_DEMONSTRATED_GAIN,True,False,False,98,98,0,14.62263958666192,14.62263958666192,,False,3.6231673507526897e-10,0,0,0,0,4.995723520935228,4.995723520935228,True,MID_T0_D0,R0,R0,
11272,NO_DEMONSTRATED_GAIN,True,False,False,98,98,0,14.62263958666192,14.62263958666192,,False,3.6231673507526897e-10,0,0,0,0,4.995723520935228,4.995723520935228,True,MID_T0_D0,R0,S0,
11272,TRADEOFF,False,False,False,98,98,0,8.681450071382464,14.62263958666192,,False,3.6231673507526897e-10,0,0,-5,-5,4.995723520935228,4.932019100705148,False,MID_T0_D0,R0,G0,COMMON_GEOMETRIC_PROTECTION_DEGRADED
11272,NO_DEMONSTRATED_GAIN,True,False,False,98,98,0,14.62263958666192,14.62263958666192,,False,3.6231673507526897e-10,0,0,0,0,4.995723520935228,4.995723520935228,True,MID_T0_D0,S0,R0,
11272,NO_DEMONSTRATED_GAIN,True,False,False,98,98,0,14.62263958666192,14.62263958666192,,False,3.6231673507526897e-10,0,0,0,0,4.995723520935228,4.995723520935228,True,MID_T0_D0,S0,S0,
11272,TRADEOFF,False,False,False,98,98,0,8.681450071382464,14.62263958666192,,False,3.6231673507526897e-10,0,0,-5,-5,4.995723520935228,4.932019100705148,False,MID_T0_D0,S0,G0,COMMON_GEOMETRIC_PROTECTION_DEGRADED
11272,SUPPORTED_WITHIN_SCOPE,True,True,False,98,98,0,14.62263958666192,8.681450071382464,,False,3.6231673507526897e-10,0,0,5,5,4.932019100705148,4.995723520935228,False,MID_T0_D0,G0,R0,
11272,SUPPORTED_WITHIN_SCOPE,True,True,False,98,98,0,14.62263958666192,8.681450071382464,,False,3.6231673507526897e-10,0,0,5,5,4.932019100705148,4.995723520935228,False,MID_T0_D0,G0,S0,
11272,NO_DEMONSTRATED_GAIN,True,False,False,98,98,0,8.681450071382464,8.681450071382464,,False,3.6231673507526897e-10,0,0,0,0,4.932019100705148,4.932019100705148,True,MID_T0_D0,G0,G0,
5633,NO_DEMONSTRATED_GAIN,True,False,False,115,115,0,21.04396741948196,21.04396741948196,,False,1.596427886649093e-10,0,0,0,0,4.960926854360064,4.960926854360064,True,MID_T0_D0,R0,R0,
5633,NO_DEMONSTRATED_GAIN,True,False,False,115,115,0,21.04396741948196,21.04396741948196,,False,1.596427886649093e-10,0,0,0,0,4.960926854360064,4.960926854360064,True,MID_T0_D0,R0,S0,
5633,TRADEOFF,False,False,False,115,115,0,4.960926854360064,21.04396741948196,,False,1.596427886649093e-10,0,0,-4,-4,4.960926854360064,4.960926854360064,False,MID_T0_D0,R0,G0,COMMON_GEOMETRIC_PROTECTION_DEGRADED
5633,NO_DEMONSTRATED_GAIN,True,False,False,115,115,0,21.04396741948196,21.04396741948196,,False,1.596427886649093e-10,0,0,0,0,4.960926854360064,4.960926854360064,True,MID_T0_D0,S0,R0,
5633,NO_DEMONSTRATED_GAIN,True,False,False,115,115,0,21.04396741948196,21.04396741948196,,False,1.596427886649093e-10,0,0,0,0,4.960926854360064,4.960926854360064,True,MID_T0_D0,S0,S0,
5633,TRADEOFF,False,False,False,115,115,0,4.960926854360064,21.04396741948196,,False,1.596427886649093e-10,0,0,-4,-4,4.960926854360064,4.960926854360064,False,MID_T0_D0,S0,G0,COMMON_GEOMETRIC_PROTECTION_DEGRADED
5633,SUPPORTED_WITHIN_SCOPE,True,True,False,115,115,0,21.04396741948196,4.960926854360064,,False,1.596427886649093e-10,0,0,4,4,4.960926854360064,4.960926854360064,False,MID_T0_D0,G0,R0,
5633,SUPPORTED_WITHIN_SCOPE,True,True,False,115,115,0,21.04396741948196,4.960926854360064,,False,1.596427886649093e-10,0,0,4,4,4.960926854360064,4.960926854360064,False,MID_T0_D0,G0,S0,
5633,NO_DEMONSTRATED_GAIN,True,False,False,115,115,0,4.960926854360064,4.960926854360064,,False,1.596427886649093e-10,0,0,0,0,4.960926854360064,4.960926854360064,True,MID_T0_D0,G0,G0,
8061,NO_DEMONSTRATED_GAIN,True,False,False,99,99,0,34.13733625079084,34.13733625079084,,False,2.602082776305958e-10,0,0,0,0,4.927991909365771,4.927991909365771,True,MID_T0_D0,R0,R0,
8061,NO_DEMONSTRATED_GAIN,True,False,False,99,99,0,34.13733625079084,34.13733625079084,,False,2.602082776305958e-10,0,0,0,0,4.927991909365771,4.927991909365771,True,MID_T0_D0,R0,S0,
8061,TRADEOFF,False,False,False,99,99,0,25.898689747510662,34.13733625079084,,False,2.602082776305958e-10,0,0,-5,-5,4.927991909365771,4.695449257468591,False,MID_T0_D0,R0,G0,COMMON_GEOMETRIC_PROTECTION_DEGRADED
8061,NO_DEMONSTRATED_GAIN,True,False,False,99,99,0,34.13733625079084,34.13733625079084,,False,2.602082776305958e-10,0,0,0,0,4.927991909365771,4.927991909365771,True,MID_T0_D0,S0,R0,
8061,NO_DEMONSTRATED_GAIN,True,False,False,99,99,0,34.13733625079084,34.13733625079084,,False,2.602082776305958e-10,0,0,0,0,4.927991909365771,4.927991909365771,True,MID_T0_D0,S0,S0,
8061,TRADEOFF,False,False,False,99,99,0,25.898689747510662,34.13733625079084,,False,2.602082776305958e-10,0,0,-5,-5,4.927991909365771,4.695449257468591,False,MID_T0_D0,S0,G0,COMMON_GEOMETRIC_PROTECTION_DEGRADED
8061,SUPPORTED_WITHIN_SCOPE,True,True,False,99,99,0,34.13733625079084,25.898689747510662,,False,2.602082776305958e-10,0,0,5,5,4.695449257468591,4.927991909365771,False,MID_T0_D0,G0,R0,
8061,SUPPORTED_WITHIN_SCOPE,True,True,False,99,99,0,34.13733625079084,25.898689747510662,,False,2.602082776305958e-10,0,0,5,5,4.695449257468591,4.927991909365771,False,MID_T0_D0,G0,S0,
8061,NO_DEMONSTRATED_GAIN,True,False,False,99,99,0,25.898689747510662,25.898689747510662,,False,2.602082776305958e-10,0,0,0,0,4.695449257468591,4.695449257468591,True,MID_T0_D0,G0,G0,
89,NO_DEMONSTRATED_GAIN,True,False,False,100,100,0,4.290216334111505,4.290216334111505,,False,2.9915661006550136e-10,0,0,0,0,4.290216334111505,4.290216334111505,True,MID_T0_D0,R0,R0,
89,NO_DEMONSTRATED_GAIN,True,False,False,100,100,0,4.290216334111505,4.290216334111505,,False,2.9915661006550136e-10,0,0,0,0,4.290216334111505,4.290216334111505,True,MID_T0_D0,R0,S0,
89,NO_DEMONSTRATED_GAIN,True,False,False,100,100,0,4.290216334111505,4.290216334111505,,False,2.9915661006550136e-10,0,0,0,0,4.290216334111505,4.290216334111505,False,MID_T0_D0,R0,G0,
89,NO_DEMONSTRATED_GAIN,True,False,False,100,100,0,4.290216334111505,4.290216334111505,,False,2.9915661006550136e-10,0,0,0,0,4.290216334111505,4.290216334111505,True,MID_T0_D0,S0,R0,
89,NO_DEMONSTRATED_GAIN,True,False,False,100,100,0,4.290216334111505,4.290216334111505,,False,2.9915661006550136e-10,0,0,0,0,4.290216334111505,4.290216334111505,True,MID_T0_D0,S0,S0,
89,NO_DEMONSTRATED_GAIN,True,False,False,100,100,0,4.290216334111505,4.290216334111505,,False,2.9915661006550136e-10,0,0,0,0,4.290216334111505,4.290216334111505,False,MID_T0_D0,S0,G0,
89,NO_DEMONSTRATED_GAIN,True,False,False,100,100,0,4.290216334111505,4.290216334111505,,False,2.9915661006550136e-10,0,0,0,0,4.290216334111505,4.290216334111505,False,MID_T0_D0,G0,R0,
89,NO_DEMONSTRATED_GAIN,True,False,False,100,100,0,4.290216334111505,4.290216334111505,,False,2.9915661006550136e-10,0,0,0,0,4.290216334111505,4.290216334111505,False,MID_T0_D0,G0,S0,
89,NO_DEMONSTRATED_GAIN,True,False,False,100,100,0,4.290216334111505,4.290216334111505,,False,2.9915661006550136e-10,0,0,0,0,4.290216334111505,4.290216334111505,True,MID_T0_D0,G0,G0,
6225,NO_DEMONSTRATED_GAIN,True,False,False,99,99,0,5.262024662315194,5.262024662315194,,False,1.7855440075373382e-10,0,0,0,0,4.471093042944735,4.471093042944735,True,MID_T0_D0,R0,R0,
6225,NO_DEMONSTRATED_GAIN,True,False,False,99,99,0,5.262024662315194,5.262024662315194,,False,1.7855440075373382e-10,0,0,0,0,4.471093042944735,4.471093042944735,True,MID_T0_D0,R0,S0,
6225,TRADEOFF,False,False,False,99,99,0,4.63747285792293,5.262024662315194,,False,1.7855440075373382e-10,0,0,-2,-2,4.471093042944735,4.63747285792293,False,MID_T0_D0,R0,G0,COMMON_GEOMETRIC_PROTECTION_DEGRADED
6225,NO_DEMONSTRATED_GAIN,True,False,False,99,99,0,5.262024662315194,5.262024662315194,,False,1.7855440075373382e-10,0,0,0,0,4.471093042944735,4.471093042944735,True,MID_T0_D0,S0,R0,
6225,NO_DEMONSTRATED_GAIN,True,False,False,99,99,0,5.262024662315194,5.262024662315194,,False,1.7855440075373382e-10,0,0,0,0,4.471093042944735,4.471093042944735,True,MID_T0_D0,S0,S0,
6225,TRADEOFF,False,False,False,99,99,0,4.63747285792293,5.262024662315194,,False,1.7855440075373382e-10,0,0,-2,-2,4.471093042944735,4.63747285792293,False,MID_T0_D0,S0,G0,COMMON_GEOMETRIC_PROTECTION_DEGRADED
6225,SUPPORTED_WITHIN_SCOPE,True,True,False,99,99,0,5.262024662315194,4.63747285792293,,False,1.7855440075373382e-10,0,0,2,2,4.63747285792293,4.471093042944735,False,MID_T0_D0,G0,R0,
6225,SUPPORTED_WITHIN_SCOPE,True,True,False,99,99,0,5.262024662315194,4.63747285792293,,False,1.7855440075373382e-10,0,0,2,2,4.63747285792293,4.471093042944735,False,MID_T0_D0,G0,S0,
6225,NO_DEMONSTRATED_GAIN,True,False,False,99,99,0,4.63747285792293,4.63747285792293,,False,1.7855440075373382e-10,0,0,0,0,4.63747285792293,4.63747285792293,True,MID_T0_D0,G0,G0,
82,NO_DEMONSTRATED_GAIN,True,False,False,98,98,0,5.051496622734519,5.051496622734519,,False,1.9166049350174727e-10,0,0,0,0,4.7527300927732075,4.7527300927732075,True,MID_T0_D0,R0,R0,
82,NO_DEMONSTRATED_GAIN,True,False,False,98,98,0,5.051496622734519,5.051496622734519,,False,1.9166049350174727e-10,0,0,0,0,4.7527300927732075,4.7527300927732075,True,MID_T0_D0,R0,S0,
82,TRADEOFF,False,False,False,98,98,0,4.618458534314146,5.051496622734519,,False,1.9166049350174727e-10,0,0,-3,-3,4.7527300927732075,4.618458534314146,False,MID_T0_D0,R0,G0,COMMON_GEOMETRIC_PROTECTION_DEGRADED
82,NO_DEMONSTRATED_GAIN,True,False,False,98,98,0,5.051496622734519,5.051496622734519,,False,1.9166049350174727e-10,0,0,0,0,4.7527300927732075,4.7527300927732075,True,MID_T0_D0,S0,R0,
82,NO_DEMONSTRATED_GAIN,True,False,False,98,98,0,5.051496622734519,5.051496622734519,,False,1.9166049350174727e-10,0,0,0,0,4.7527300927732075,4.7527300927732075,True,MID_T0_D0,S0,S0,
82,TRADEOFF,False,False,False,98,98,0,4.618458534314146,5.051496622734519,,False,1.9166049350174727e-10,0,0,-3,-3,4.7527300927732075,4.618458534314146,False,MID_T0_D0,S0,G0,COMMON_GEOMETRIC_PROTECTION_DEGRADED
82,SUPPORTED_WITHIN_SCOPE,True,True,False,98,98,0,5.051496622734519,4.618458534314146,,False,1.9166049350174727e-10,0,0,3,3,4.618458534314146,4.7527300927732075,False,MID_T0_D0,G0,R0,
82,SUPPORTED_WITHIN_SCOPE,True,True,False,98,98,0,5.051496622734519,4.618458534314146,,False,1.9166049350174727e-10,0,0,3,3,4.618458534314146,4.7527300927732075,False,MID_T0_D0,G0,S0,
82,NO_DEMONSTRATED_GAIN,True,False,False,98,98,0,4.618458534314146,4.618458534314146,,False,1.9166049350174727e-10,0,0,0,0,4.618458534314146,4.618458534314146,True,MID_T0_D0,G0,G0,
2713,NO_DEMONSTRATED_GAIN,True,False,False,100,100,0,4.9149480274291815,4.9149480274291815,,False,1.6028530739253288e-10,0,0,0,0,4.9149480274291815,4.9149480274291815,True,MID_T0_D0,R0,R0,
2713,NO_DEMONSTRATED_GAIN,True,False,False,100,100,0,4.9149480274291815,4.9149480274291815,,False,1.6028530739253288e-10,0,0,0,0,4.9149480274291815,4.9149480274291815,True,MID_T0_D0,R0,S0,
2713,NO_DEMONSTRATED_GAIN,True,False,False,100,100,0,4.9149480274291815,4.9149480274291815,,False,1.6028530739253288e-10,0,0,0,0,4.9149480274291815,4.9149480274291815,False,MID_T0_D0,R0,G0,
2713,NO_DEMONSTRATED_GAIN,True,False,False,100,100,0,4.9149480274291815,4.9149480274291815,,False,1.6028530739253288e-10,0,0,0,0,4.9149480274291815,4.9149480274291815,True,MID_T0_D0,S0,R0,
2713,NO_DEMONSTRATED_GAIN,True,False,False,100,100,0,4.9149480274291815,4.9149480274291815,,False,1.6028530739253288e-10,0,0,0,0,4.9149480274291815,4.9149480274291815,True,MID_T0_D0,S0,S0,
2713,NO_DEMONSTRATED_GAIN,True,False,False,100,100,0,4.9149480274291815,4.9149480274291815,,False,1.6028530739253288e-10,0,0,0,0,4.9149480274291815,4.9149480274291815,False,MID_T0_D0,S0,G0,
2713,NO_DEMONSTRATED_GAIN,True,False,False,100,100,0,4.9149480274291815,4.9149480274291815,,False,1.6028530739253288e-10,0,0,0,0,4.9149480274291815,4.9149480274291815,False,MID_T0_D0,G0,R0,
2713,NO_DEMONSTRATED_GAIN,True,False,False,100,100,0,4.9149480274291815,4.9149480274291815,,False,1.6028530739253288e-10,0,0,0,0,4.9149480274291815,4.9149480274291815,False,MID_T0_D0,G0,S0,
2713,NO_DEMONSTRATED_GAIN,True,False,False,100,100,0,4.9149480274291815,4.9149480274291815,,False,1.6028530739253288e-10,0,0,0,0,4.9149480274291815,4.9149480274291815,True,MID_T0_D0,G0,G0,
647,NO_DEMONSTRATED_GAIN,True,False,False,100,100,0,5.359587027893037,5.359587027893037,,False,7.267477962194887e-11,0,0,0,0,4.664444854359451,4.664444854359451,True,MID_T0_D0,R0,R0,
647,NO_DEMONSTRATED_GAIN,True,False,False,100,100,0,5.359587027893037,5.359587027893037,,False,7.267477962194887e-11,0,0,0,0,4.664444854359451,4.664444854359451,True,MID_T0_D0,R0,S0,
647,TRADEOFF,False,False,False,100,100,0,3.9623346780334554,5.359587027893037,,False,7.267477962194887e-11,0,0,-1,-1,4.664444854359451,3.9623346780334554,False,MID_T0_D0,R0,G0,COMMON_GEOMETRIC_PROTECTION_DEGRADED
647,NO_DEMONSTRATED_GAIN,True,False,False,100,100,0,5.359587027893037,5.359587027893037,,False,7.267477962194887e-11,0,0,0,0,4.664444854359451,4.664444854359451,True,MID_T0_D0,S0,R0,
647,NO_DEMONSTRATED_GAIN,True,False,False,100,100,0,5.359587027893037,5.359587027893037,,False,7.267477962194887e-11,0,0,0,0,4.664444854359451,4.664444854359451,True,MID_T0_D0,S0,S0,
647,TRADEOFF,False,False,False,100,100,0,3.9623346780334554,5.359587027893037,,False,7.267477962194887e-11,0,0,-1,-1,4.664444854359451,3.9623346780334554,False,MID_T0_D0,S0,G0,COMMON_GEOMETRIC_PROTECTION_DEGRADED
647,SUPPORTED_WITHIN_SCOPE,True,True,False,100,100,0,5.359587027893037,3.9623346780334554,,False,7.267477962194887e-11,0,0,1,1,3.9623346780334554,4.664444854359451,False,MID_T0_D0,G0,R0,
647,SUPPORTED_WITHIN_SCOPE,True,True,False,100,100,0,5.359587027893037,3.9623346780334554,,False,7.267477962194887e-11,0,0,1,1,3.9623346780334554,4.664444854359451,False,MID_T0_D0,G0,S0,
647,NO_DEMONSTRATED_GAIN,True,False,False,100,100,0,3.9623346780334554,3.9623346780334554,,False,7.267477962194887e-11,0,0,0,0,3.9623346780334554,3.9623346780334554,True,MID_T0_D0,G0,G0,
3367,NO_DEMONSTRATED_GAIN,True,False,False,99,99,0,4.444115632030313,4.444115632030313,,False,2.2198569350283303e-10,0,0,0,0,4.093071563975299,4.093071563975299,True,MID_T0_D0,R0,R0,
3367,NO_DEMONSTRATED_GAIN,True,False,False,99,99,0,4.444115632030313,4.444115632030313,,False,2.2198569350283303e-10,0,0,0,0,4.093071563975299,4.093071563975299,True,MID_T0_D0,R0,S0,
3367,NO_DEMONSTRATED_GAIN,True,False,False,99,99,0,4.444115632030313,4.444115632030313,,False,2.2198569350283303e-10,0,0,0,0,4.093071563975299,4.444115632030313,False,MID_T0_D0,R0,G0,
3367,NO_DEMONSTRATED_GAIN,True,False,False,99,99,0,4.444115632030313,4.444115632030313,,False,2.2198569350283303e-10,0,0,0,0,4.093071563975299,4.093071563975299,True,MID_T0_D0,S0,R0,
3367,NO_DEMONSTRATED_GAIN,True,False,False,99,99,0,4.444115632030313,4.444115632030313,,False,2.2198569350283303e-10,0,0,0,0,4.093071563975299,4.093071563975299,True,MID_T0_D0,S0,S0,
3367,NO_DEMONSTRATED_GAIN,True,False,False,99,99,0,4.444115632030313,4.444115632030313,,False,2.2198569350283303e-10,0,0,0,0,4.093071563975299,4.444115632030313,False,MID_T0_D0,S0,G0,
3367,NO_DEMONSTRATED_GAIN,True,False,False,99,99,0,4.444115632030313,4.444115632030313,,False,2.2198569350283303e-10,0,0,0,0,4.444115632030313,4.093071563975299,False,MID_T0_D0,G0,R0,
3367,NO_DEMONSTRATED_GAIN,True,False,False,99,99,0,4.444115632030313,4.444115632030313,,False,2.2198569350283303e-10,0,0,0,0,4.444115632030313,4.093071563975299,False,MID_T0_D0,G0,S0,
3367,NO_DEMONSTRATED_GAIN,True,False,False,99,99,0,4.444115632030313,4.444115632030313,,False,2.2198569350283303e-10,0,0,0,0,4.444115632030313,4.444115632030313,True,MID_T0_D0,G0,G0,
9565,NO_DEMONSTRATED_GAIN,True,False,False,96,96,0,4.852720877743371,4.852720877743371,,False,7.234840342969136e-10,0,0,0,0,4.852720877743371,4.852720877743371,True,MID_T0_D1,R0,R0,
9565,NO_DEMONSTRATED_GAIN,True,False,False,96,96,0,4.852720877743371,4.852720877743371,,False,7.234840342969136e-10,0,0,0,0,4.852720877743371,4.852720877743371,True,MID_T0_D1,R0,S0,
9565,TRADEOFF,False,False,False,96,96,0,4.619536996711634,4.852720877743371,,False,7.234840342969136e-10,0,0,0,0,4.852720877743371,4.619536996711634,False,MID_T0_D1,R0,G0,COMMON_GEOMETRIC_PROTECTION_DEGRADED
9565,NO_DEMONSTRATED_GAIN,True,False,False,96,96,0,4.852720877743371,4.852720877743371,,False,7.234840342969136e-10,0,0,0,0,4.852720877743371,4.852720877743371,True,MID_T0_D1,S0,R0,
9565,NO_DEMONSTRATED_GAIN,True,False,False,96,96,0,4.852720877743371,4.852720877743371,,False,7.234840342969136e-10,0,0,0,0,4.852720877743371,4.852720877743371,True,MID_T0_D1,S0,S0,
9565,TRADEOFF,False,False,False,96,96,0,4.619536996711634,4.852720877743371,,False,7.234840342969136e-10,0,0,0,0,4.852720877743371,4.619536996711634,False,MID_T0_D1,S0,G0,COMMON_GEOMETRIC_PROTECTION_DEGRADED
9565,SUPPORTED_WITHIN_SCOPE,True,True,False,96,96,0,4.852720877743371,4.619536996711634,,False,7.234840342969136e-10,0,0,0,0,4.619536996711634,4.852720877743371,False,MID_T0_D1,G0,R0,
9565,SUPPORTED_WITHIN_SCOPE,True,True,False,96,96,0,4.852720877743371,4.619536996711634,,False,7.234840342969136e-10,0,0,0,0,4.619536996711634,4.852720877743371,False,MID_T0_D1,G0,S0,
9565,NO_DEMONSTRATED_GAIN,True,False,False,96,96,0,4.619536996711634,4.619536996711634,,False,7.234840342969136e-10,0,0,0,0,4.619536996711634,4.619536996711634,True,MID_T0_D1,G0,G0,
2141,NO_DEMONSTRATED_GAIN,True,False,False,102,102,0,28.98073602034228,28.98073602034228,,False,8.323385147339204e-11,0,0,0,0,3.664752775780224,3.664752775780224,True,MID_T0_D1,R0,R0,
2141,NO_DEMONSTRATED_GAIN,True,False,False,102,102,0,28.98073602034228,28.98073602034228,,False,8.323385147339204e-11,0,0,0,0,3.664752775780224,3.664752775780224,True,MID_T0_D1,R0,S0,
2141,NO_DEMONSTRATED_GAIN,True,False,False,102,102,0,28.98073602034228,28.98073602034228,,False,8.323385147339204e-11,0,0,0,0,3.664752775780224,4.016345979118625,False,MID_T0_D1,R0,G0,
2141,NO_DEMONSTRATED_GAIN,True,False,False,102,102,0,28.98073602034228,28.98073602034228,,False,8.323385147339204e-11,0,0,0,0,3.664752775780224,3.664752775780224,True,MID_T0_D1,S0,R0,
2141,NO_DEMONSTRATED_GAIN,True,False,False,102,102,0,28.98073602034228,28.98073602034228,,False,8.323385147339204e-11,0,0,0,0,3.664752775780224,3.664752775780224,True,MID_T0_D1,S0,S0,
2141,NO_DEMONSTRATED_GAIN,True,False,False,102,102,0,28.98073602034228,28.98073602034228,,False,8.323385147339204e-11,0,0,0,0,3.664752775780224,4.016345979118625,False,MID_T0_D1,S0,G0,
2141,NO_DEMONSTRATED_GAIN,True,False,False,102,102,0,28.98073602034228,28.98073602034228,,False,8.323385147339204e-11,0,0,0,0,4.016345979118625,3.664752775780224,False,MID_T0_D1,G0,R0,
2141,NO_DEMONSTRATED_GAIN,True,False,False,102,102,0,28.98073602034228,28.98073602034228,,False,8.323385147339204e-11,0,0,0,0,4.016345979118625,3.664752775780224,False,MID_T0_D1,G0,S0,
2141,NO_DEMONSTRATED_GAIN,True,False,False,102,102,0,28.98073602034228,28.98073602034228,,False,8.323385147339204e-11,0,0,0,0,4.016345979118625,4.016345979118625,True,MID_T0_D1,G0,G0,
11193,NO_DEMONSTRATED_GAIN,True,False,False,99,99,0,1.7495489479379476,1.7495489479379476,,False,2.612371233814667e-10,0,0,0,0,1.7495489479379476,1.7495489479379476,True,MID_T0_D1,R0,R0,
11193,NO_DEMONSTRATED_GAIN,True,False,False,99,99,0,1.7495489479379476,1.7495489479379476,,False,2.612371233814667e-10,0,0,0,0,1.7495489479379476,1.7495489479379476,True,MID_T0_D1,R0,S0,
11193,NO_DEMONSTRATED_GAIN,True,False,False,99,99,0,1.7495489479379476,1.7495489479379476,,False,2.612371233814667e-10,0,0,0,0,1.7495489479379476,1.7495489479379476,True,MID_T0_D1,R0,G0,
11193,NO_DEMONSTRATED_GAIN,True,False,False,99,99,0,1.7495489479379476,1.7495489479379476,,False,2.612371233814667e-10,0,0,0,0,1.7495489479379476,1.7495489479379476,True,MID_T0_D1,S0,R0,
11193,NO_DEMONSTRATED_GAIN,True,False,False,99,99,0,1.7495489479379476,1.7495489479379476,,False,2.612371233814667e-10,0,0,0,0,1.7495489479379476,1.7495489479379476,True,MID_T0_D1,S0,S0,
11193,NO_DEMONSTRATED_GAIN,True,False,False,99,99,0,1.7495489479379476,1.7495489479379476,,False,2.612371233814667e-10,0,0,0,0,1.7495489479379476,1.7495489479379476,True,MID_T0_D1,S0,G0,
11193,NO_DEMONSTRATED_GAIN,True,False,False,99,99,0,1.7495489479379476,1.7495489479379476,,False,2.612371233814667e-10,0,0,0,0,1.7495489479379476,1.7495489479379476,True,MID_T0_D1,G0,R0,
11193,NO_DEMONSTRATED_GAIN,True,False,False,99,99,0,1.7495489479379476,1.7495489479379476,,False,2.612371233814667e-10,0,0,0,0,1.7495489479379476,1.7495489479379476,True,MID_T0_D1,G0,S0,
11193,NO_DEMONSTRATED_GAIN,True,False,False,99,99,0,1.7495489479379476,1.7495489479379476,,False,2.612371233814667e-10,0,0,0,0,1.7495489479379476,1.7495489479379476,True,MID_T0_D1,G0,G0,
2286,NO_DEMONSTRATED_GAIN,True,False,False,0,0,0,,,,False,9.170371234104701e-11,0,0,0,0,,,True,MID_T0_D1,R0,R0,
2286,TRADEOFF,False,False,False,100,0,-100,3.9899975360969684,,,False,9.170371234104701e-11,0,0,-2,-2,,3.9899975360969684,False,MID_T0_D1,R0,S0,COMMON_COVERED_IDENTITIES_LOST;COMMON_GEOMETRIC_PROTECTION_DEGRADED;RAW_WINDOW_COVERAGE_LOST;RAW_WINDOW_IDENTITIES_LOST;RECORD_COVERAGE_LOST
2286,NO_DEMONSTRATED_GAIN,True,False,False,0,0,0,,,,False,9.170371234104701e-11,0,0,0,0,,,True,MID_T0_D1,R0,G0,
2286,SUPPORTED_WITHIN_SCOPE,True,True,False,0,100,100,,,3.9899975360969684,False,9.170371234104701e-11,100,135.48306008817505,2,2,3.9899975360969684,,False,MID_T0_D1,S0,R0,
2286,NO_DEMONSTRATED_GAIN,True,False,False,100,100,0,3.9899975360969684,3.9899975360969684,,False,9.170371234104701e-11,0,0,0,0,3.9899975360969684,3.9899975360969684,True,MID_T0_D1,S0,S0,
2286,SUPPORTED_WITHIN_SCOPE,True,True,False,0,100,100,,,3.9899975360969684,False,9.170371234104701e-11,100,135.48306008817505,2,2,3.9899975360969684,,False,MID_T0_D1,S0,G0,
2286,NO_DEMONSTRATED_GAIN,True,False,False,0,0,0,,,,False,9.170371234104701e-11,0,0,0,0,,,True,MID_T0_D1,G0,R0,
2286,TRADEOFF,False,False,False,100,0,-100,3.9899975360969684,,,False,9.170371234104701e-11,0,0,-2,-2,,3.9899975360969684,False,MID_T0_D1,G0,S0,COMMON_COVERED_IDENTITIES_LOST;COMMON_GEOMETRIC_PROTECTION_DEGRADED;RAW_WINDOW_COVERAGE_LOST;RAW_WINDOW_IDENTITIES_LOST;RECORD_COVERAGE_LOST
2286,NO_DEMONSTRATED_GAIN,True,False,False,0,0,0,,,,False,9.170371234104701e-11,0,0,0,0,,,True,MID_T0_D1,G0,G0,
4448,NO_DEMONSTRATED_GAIN,True,False,False,0,0,0,,,,False,2.0052073036362481e-10,0,0,0,0,,,True,MID_T0_D1,R0,R0,
4448,TRADEOFF,False,False,False,99,0,-99,4.3825675740750665,,,False,2.0052073036362481e-10,0,0,-2,-2,,4.3825675740750665,False,MID_T0_D1,R0,S0,COMMON_COVERED_IDENTITIES_LOST;COMMON_GEOMETRIC_PROTECTION_DEGRADED;RAW_WINDOW_COVERAGE_LOST;RAW_WINDOW_IDENTITIES_LOST;RECORD_COVERAGE_LOST
4448,NO_DEMONSTRATED_GAIN,True,False,False,0,0,0,,,,False,2.0052073036362481e-10,0,0,0,0,,,True,MID_T0_D1,R0,G0,
4448,SUPPORTED_WITHIN_SCOPE,True,True,False,0,99,99,,,4.3825675740750665,False,2.0052073036362481e-10,99,214.29603291458255,2,2,4.3825675740750665,,False,MID_T0_D1,S0,R0,
4448,NO_DEMONSTRATED_GAIN,True,False,False,99,99,0,4.3825675740750665,4.3825675740750665,,False,2.0052073036362481e-10,0,0,0,0,4.3825675740750665,4.3825675740750665,True,MID_T0_D1,S0,S0,
4448,SUPPORTED_WITHIN_SCOPE,True,True,False,0,99,99,,,4.3825675740750665,False,2.0052073036362481e-10,99,214.29603291458255,2,2,4.3825675740750665,,False,MID_T0_D1,S0,G0,
4448,NO_DEMONSTRATED_GAIN,True,False,False,0,0,0,,,,False,2.0052073036362481e-10,0,0,0,0,,,True,MID_T0_D1,G0,R0,
4448,TRADEOFF,False,False,False,99,0,-99,4.3825675740750665,,,False,2.0052073036362481e-10,0,0,-2,-2,,4.3825675740750665,False,MID_T0_D1,G0,S0,COMMON_COVERED_IDENTITIES_LOST;COMMON_GEOMETRIC_PROTECTION_DEGRADED;RAW_WINDOW_COVERAGE_LOST;RAW_WINDOW_IDENTITIES_LOST;RECORD_COVERAGE_LOST
4448,NO_DEMONSTRATED_GAIN,True,False,False,0,0,0,,,,False,2.0052073036362481e-10,0,0,0,0,,,True,MID_T0_D1,G0,G0,
1628,NO_DEMONSTRATED_GAIN,True,False,False,100,100,0,4.8394197611986565,4.8394197611986565,,False,1.4243054750431587e-10,0,0,0,0,4.8394197611986565,4.8394197611986565,True,MID_T0_D1,R0,R0,
1628,NO_DEMONSTRATED_GAIN,True,False,False,100,100,0,4.8394197611986565,4.8394197611986565,,False,1.4243054750431587e-10,0,0,0,0,4.8394197611986565,4.8394197611986565,True,MID_T0_D1,R0,S0,
1628,NO_DEMONSTRATED_GAIN,True,False,False,100,100,0,4.8394197611986565,4.8394197611986565,,False,1.4243054750431587e-10,0,0,0,0,4.8394197611986565,4.8394197611986565,True,MID_T0_D1,R0,G0,
1628,NO_DEMONSTRATED_GAIN,True,False,False,100,100,0,4.8394197611986565,4.8394197611986565,,False,1.4243054750431587e-10,0,0,0,0,4.8394197611986565,4.8394197611986565,True,MID_T0_D1,S0,R0,
1628,NO_DEMONSTRATED_GAIN,True,False,False,100,100,0,4.8394197611986565,4.8394197611986565,,False,1.4243054750431587e-10,0,0,0,0,4.8394197611986565,4.8394197611986565,True,MID_T0_D1,S0,S0,
1628,NO_DEMONSTRATED_GAIN,True,False,False,100,100,0,4.8394197611986565,4.8394197611986565,,False,1.4243054750431587e-10,0,0,0,0,4.8394197611986565,4.8394197611986565,True,MID_T0_D1,S0,G0,
1628,NO_DEMONSTRATED_GAIN,True,False,False,100,100,0,4.8394197611986565,4.8394197611986565,,False,1.4243054750431587e-10,0,0,0,0,4.8394197611986565,4.8394197611986565,True,MID_T0_D1,G0,R0,
1628,NO_DEMONSTRATED_GAIN,True,False,False,100,100,0,4.8394197611986565,4.8394197611986565,,False,1.4243054750431587e-10,0,0,0,0,4.8394197611986565,4.8394197611986565,True,MID_T0_D1,G0,S0,
1628,NO_DEMONSTRATED_GAIN,True,False,False,100,100,0,4.8394197611986565,4.8394197611986565,,False,1.4243054750431587e-10,0,0,0,0,4.8394197611986565,4.8394197611986565,True,MID_T0_D1,G0,G0,
10169,NO_DEMONSTRATED_GAIN,True,False,False,104,104,0,12.164480894087728,12.164480894087728,,False,3.6748583312562527e-10,0,0,0,0,4.375646190255968,4.375646190255968,True,MID_T0_D1,R0,R0,
10169,NO_DEMONSTRATED_GAIN,True,False,False,104,104,0,12.164480894087728,12.164480894087728,,False,3.6748583312562527e-10,0,0,0,0,4.375646190255968,4.375646190255968,True,MID_T0_D1,R0,S0,
10169,TRADEOFF,False,False,False,104,104,0,4.375646190255968,12.164480894087728,,False,3.6748583312562527e-10,0,0,0,0,4.375646190255968,4.375646190255968,False,MID_T0_D1,R0,G0,COMMON_GEOMETRIC_PROTECTION_DEGRADED
10169,NO_DEMONSTRATED_GAIN,True,False,False,104,104,0,12.164480894087728,12.164480894087728,,False,3.6748583312562527e-10,0,0,0,0,4.375646190255968,4.375646190255968,True,MID_T0_D1,S0,R0,
10169,NO_DEMONSTRATED_GAIN,True,False,False,104,104,0,12.164480894087728,12.164480894087728,,False,3.6748583312562527e-10,0,0,0,0,4.375646190255968,4.375646190255968,True,MID_T0_D1,S0,S0,
10169,TRADEOFF,False,False,False,104,104,0,4.375646190255968,12.164480894087728,,False,3.6748583312562527e-10,0,0,0,0,4.375646190255968,4.375646190255968,False,MID_T0_D1,S0,G0,COMMON_GEOMETRIC_PROTECTION_DEGRADED
10169,SUPPORTED_WITHIN_SCOPE,True,True,False,104,104,0,12.164480894087728,4.375646190255968,,False,3.6748583312562527e-10,0,0,0,0,4.375646190255968,4.375646190255968,False,MID_T0_D1,G0,R0,
10169,SUPPORTED_WITHIN_SCOPE,True,True,False,104,104,0,12.164480894087728,4.375646190255968,,False,3.6748583312562527e-10,0,0,0,0,4.375646190255968,4.375646190255968,False,MID_T0_D1,G0,S0,
10169,NO_DEMONSTRATED_GAIN,True,False,False,104,104,0,4.375646190255968,4.375646190255968,,False,3.6748583312562527e-10,0,0,0,0,4.375646190255968,4.375646190255968,True,MID_T0_D1,G0,G0,
7151,NO_DEMONSTRATED_GAIN,True,False,False,0,0,0,,,,False,4.865378954724564e-10,0,0,0,0,,,True,MID_T0_D1,R0,R0,
7151,TRADEOFF,False,False,False,99,0,-99,1.9431499227239695,,,False,4.865378954724564e-10,0,0,-3,-3,,1.9431499227239695,False,MID_T0_D1,R0,S0,COMMON_COVERED_IDENTITIES_LOST;COMMON_GEOMETRIC_PROTECTION_DEGRADED;RAW_WINDOW_COVERAGE_LOST;RAW_WINDOW_IDENTITIES_LOST;RECORD_COVERAGE_LOST
7151,NO_DEMONSTRATED_GAIN,True,False,False,0,0,0,,,,False,4.865378954724564e-10,0,0,0,0,,,True,MID_T0_D1,R0,G0,
7151,SUPPORTED_WITHIN_SCOPE,True,True,False,0,99,99,,,1.9431499227239695,False,4.865378954724564e-10,99,84.3226825510072,3,3,1.9431499227239695,,False,MID_T0_D1,S0,R0,
7151,NO_DEMONSTRATED_GAIN,True,False,False,99,99,0,1.9431499227239695,1.9431499227239695,,False,4.865378954724564e-10,0,0,0,0,1.9431499227239695,1.9431499227239695,True,MID_T0_D1,S0,S0,
7151,SUPPORTED_WITHIN_SCOPE,True,True,False,0,99,99,,,1.9431499227239695,False,4.865378954724564e-10,99,84.3226825510072,3,3,1.9431499227239695,,False,MID_T0_D1,S0,G0,
7151,NO_DEMONSTRATED_GAIN,True,False,False,0,0,0,,,,False,4.865378954724564e-10,0,0,0,0,,,True,MID_T0_D1,G0,R0,
7151,TRADEOFF,False,False,False,99,0,-99,1.9431499227239695,,,False,4.865378954724564e-10,0,0,-3,-3,,1.9431499227239695,False,MID_T0_D1,G0,S0,COMMON_COVERED_IDENTITIES_LOST;COMMON_GEOMETRIC_PROTECTION_DEGRADED;RAW_WINDOW_COVERAGE_LOST;RAW_WINDOW_IDENTITIES_LOST;RECORD_COVERAGE_LOST
7151,NO_DEMONSTRATED_GAIN,True,False,False,0,0,0,,,,False,4.865378954724564e-10,0,0,0,0,,,True,MID_T0_D1,G0,G0,
10547,NO_DEMONSTRATED_GAIN,True,False,False,102,102,0,4.63584033930871,4.63584033930871,,False,1.7968471235648977e-10,0,0,0,0,4.63584033930871,4.63584033930871,True,MID_T0_D1,R0,R0,
10547,NO_DEMONSTRATED_GAIN,True,False,False,102,102,0,4.63584033930871,4.63584033930871,,False,1.7968471235648977e-10,0,0,0,0,4.63584033930871,4.63584033930871,True,MID_T0_D1,R0,S0,
10547,NO_DEMONSTRATED_GAIN,True,False,False,102,102,0,4.63584033930871,4.63584033930871,,False,1.7968471235648977e-10,0,0,0,0,4.63584033930871,4.63584033930871,False,MID_T0_D1,R0,G0,
10547,NO_DEMONSTRATED_GAIN,True,False,False,102,102,0,4.63584033930871,4.63584033930871,,False,1.7968471235648977e-10,0,0,0,0,4.63584033930871,4.63584033930871,True,MID_T0_D1,S0,R0,
10547,NO_DEMONSTRATED_GAIN,True,False,False,102,102,0,4.63584033930871,4.63584033930871,,False,1.7968471235648977e-10,0,0,0,0,4.63584033930871,4.63584033930871,True,MID_T0_D1,S0,S0,
10547,NO_DEMONSTRATED_GAIN,True,False,False,102,102,0,4.63584033930871,4.63584033930871,,False,1.7968471235648977e-10,0,0,0,0,4.63584033930871,4.63584033930871,False,MID_T0_D1,S0,G0,
10547,NO_DEMONSTRATED_GAIN,True,False,False,102,102,0,4.63584033930871,4.63584033930871,,False,1.7968471235648977e-10,0,0,0,0,4.63584033930871,4.63584033930871,False,MID_T0_D1,G0,R0,
10547,NO_DEMONSTRATED_GAIN,True,False,False,102,102,0,4.63584033930871,4.63584033930871,,False,1.7968471235648977e-10,0,0,0,0,4.63584033930871,4.63584033930871,False,MID_T0_D1,G0,S0,
10547,NO_DEMONSTRATED_GAIN,True,False,False,102,102,0,4.63584033930871,4.63584033930871,,False,1.7968471235648977e-10,0,0,0,0,4.63584033930871,4.63584033930871,True,MID_T0_D1,G0,G0,
10796,NO_DEMONSTRATED_GAIN,True,False,False,0,0,0,,,,False,1.4952289576885785e-10,0,0,0,0,,,True,MID_T0_D1,R0,R0,
10796,TRADEOFF,False,False,False,98,0,-98,3.783390600069488,,,False,1.4952289576885785e-10,0,0,-4,-4,,3.783390600069488,False,MID_T0_D1,R0,S0,COMMON_COVERED_IDENTITIES_LOST;COMMON_GEOMETRIC_PROTECTION_DEGRADED;RAW_WINDOW_COVERAGE_LOST;RAW_WINDOW_IDENTITIES_LOST;RECORD_COVERAGE_LOST
10796,NO_DEMONSTRATED_GAIN,True,False,False,0,0,0,,,,False,1.4952289576885785e-10,0,0,0,0,,,True,MID_T0_D1,R0,G0,
10796,SUPPORTED_WITHIN_SCOPE,True,True,False,0,98,98,,,3.783390600069488,False,1.4952289576885785e-10,98,96.26962627761198,4,4,3.783390600069488,,False,MID_T0_D1,S0,R0,
10796,NO_DEMONSTRATED_GAIN,True,False,False,98,98,0,3.783390600069488,3.783390600069488,,False,1.4952289576885785e-10,0,0,0,0,3.783390600069488,3.783390600069488,True,MID_T0_D1,S0,S0,
10796,SUPPORTED_WITHIN_SCOPE,True,True,False,0,98,98,,,3.783390600069488,False,1.4952289576885785e-10,98,96.26962627761198,4,4,3.783390600069488,,False,MID_T0_D1,S0,G0,
10796,NO_DEMONSTRATED_GAIN,True,False,False,0,0,0,,,,False,1.4952289576885785e-10,0,0,0,0,,,True,MID_T0_D1,G0,R0,
10796,TRADEOFF,False,False,False,98,0,-98,3.783390600069488,,,False,1.4952289576885785e-10,0,0,-4,-4,,3.783390600069488,False,MID_T0_D1,G0,S0,COMMON_COVERED_IDENTITIES_LOST;COMMON_GEOMETRIC_PROTECTION_DEGRADED;RAW_WINDOW_COVERAGE_LOST;RAW_WINDOW_IDENTITIES_LOST;RECORD_COVERAGE_LOST
10796,NO_DEMONSTRATED_GAIN,True,False,False,0,0,0,,,,False,1.4952289576885785e-10,0,0,0,0,,,True,MID_T0_D1,G0,G0,
7831,NO_DEMONSTRATED_GAIN,True,False,False,0,0,0,,,,False,5.803552828102924e-11,0,0,0,0,,,True,MID_T0_D1,R0,R0,
7831,TRADEOFF,False,False,False,100,0,-100,3.9123660910012106,,,False,5.803552828102924e-11,0,0,-2,-2,,3.9123660910012106,False,MID_T0_D1,R0,S0,COMMON_COVERED_IDENTITIES_LOST;COMMON_GEOMETRIC_PROTECTION_DEGRADED;RAW_WINDOW_COVERAGE_LOST;RAW_WINDOW_IDENTITIES_LOST;RECORD_COVERAGE_LOST
7831,NO_DEMONSTRATED_GAIN,True,False,False,0,0,0,,,,False,5.803552828102924e-11,0,0,0,0,,,True,MID_T0_D1,R0,G0,
7831,SUPPORTED_WITHIN_SCOPE,True,True,False,0,100,100,,,3.9123660910012106,False,5.803552828102924e-11,100,128.1252533406282,2,2,3.9123660910012106,,False,MID_T0_D1,S0,R0,
7831,NO_DEMONSTRATED_GAIN,True,False,False,100,100,0,3.9123660910012106,3.9123660910012106,,False,5.803552828102924e-11,0,0,0,0,3.9123660910012106,3.9123660910012106,True,MID_T0_D1,S0,S0,
7831,SUPPORTED_WITHIN_SCOPE,True,True,False,0,100,100,,,3.9123660910012106,False,5.803552828102924e-11,100,128.1252533406282,2,2,3.9123660910012106,,False,MID_T0_D1,S0,G0,
7831,NO_DEMONSTRATED_GAIN,True,False,False,0,0,0,,,,False,5.803552828102924e-11,0,0,0,0,,,True,MID_T0_D1,G0,R0,
7831,TRADEOFF,False,False,False,100,0,-100,3.9123660910012106,,,False,5.803552828102924e-11,0,0,-2,-2,,3.9123660910012106,False,MID_T0_D1,G0,S0,COMMON_COVERED_IDENTITIES_LOST;COMMON_GEOMETRIC_PROTECTION_DEGRADED;RAW_WINDOW_COVERAGE_LOST;RAW_WINDOW_IDENTITIES_LOST;RECORD_COVERAGE_LOST
7831,NO_DEMONSTRATED_GAIN,True,False,False,0,0,0,,,,False,5.803552828102924e-11,0,0,0,0,,,True,MID_T0_D1,G0,G0,
4805,NO_DEMONSTRATED_GAIN,True,False,False,0,0,0,,,,False,2.63129038822691e-10,0,0,0,0,,,True,MID_T0_D1,R0,R0,
4805,TRADEOFF,False,False,False,99,0,-99,1.9701298273595198,,,False,2.63129038822691e-10,0,0,-2,-2,,1.9701298273595198,False,MID_T0_D1,R0,S0,COMMON_COVERED_IDENTITIES_LOST;COMMON_GEOMETRIC_PROTECTION_DEGRADED;RAW_WINDOW_COVERAGE_LOST;RAW_WINDOW_IDENTITIES_LOST;RECORD_COVERAGE_LOST
4805,NO_DEMONSTRATED_GAIN,True,False,False,0,0,0,,,,False,2.63129038822691e-10,0,0,0,0,,,True,MID_T0_D1,R0,G0,
4805,SUPPORTED_WITHIN_SCOPE,True,True,False,0,99,99,,,1.9701298273595198,False,2.63129038822691e-10,99,42.685277930951,2,2,1.9701298273595198,,False,MID_T0_D1,S0,R0,
4805,NO_DEMONSTRATED_GAIN,True,False,False,99,99,0,1.9701298273595198,1.9701298273595198,,False,2.63129038822691e-10,0,0,0,0,1.9701298273595198,1.9701298273595198,True,MID_T0_D1,S0,S0,
4805,SUPPORTED_WITHIN_SCOPE,True,True,False,0,99,99,,,1.9701298273595198,False,2.63129038822691e-10,99,42.685277930951,2,2,1.9701298273595198,,False,MID_T0_D1,S0,G0,
4805,NO_DEMONSTRATED_GAIN,True,False,False,0,0,0,,,,False,2.63129038822691e-10,0,0,0,0,,,True,MID_T0_D1,G0,R0,
4805,TRADEOFF,False,False,False,99,0,-99,1.9701298273595198,,,False,2.63129038822691e-10,0,0,-2,-2,,1.9701298273595198,False,MID_T0_D1,G0,S0,COMMON_COVERED_IDENTITIES_LOST;COMMON_GEOMETRIC_PROTECTION_DEGRADED;RAW_WINDOW_COVERAGE_LOST;RAW_WINDOW_IDENTITIES_LOST;RECORD_COVERAGE_LOST
4805,NO_DEMONSTRATED_GAIN,True,False,False,0,0,0,,,,False,2.63129038822691e-10,0,0,0,0,,,True,MID_T0_D1,G0,G0,
2232,NO_DEMONSTRATED_GAIN,True,False,False,42,42,0,7.991256299500661,7.991256299500661,,False,2.1126792029323607e-10,0,0,0,0,4.500238823066859,4.500238823066859,True,MID_T1_D0,R0,R0,
2232,NO_DEMONSTRATED_GAIN,True,False,False,42,42,0,7.991256299500661,7.991256299500661,,False,2.1126792029323607e-10,0,0,0,0,4.500238823066859,4.500238823066859,True,MID_T1_D0,R0,S0,
2232,NO_DEMONSTRATED_GAIN,True,False,False,42,42,0,7.991256299500661,7.991256299500661,,False,2.1126792029323607e-10,0,0,0,0,4.500238823066859,4.500238823066859,True,MID_T1_D0,R0,G0,
2232,NO_DEMONSTRATED_GAIN,True,False,False,42,42,0,7.991256299500661,7.991256299500661,,False,2.1126792029323607e-10,0,0,0,0,4.500238823066859,4.500238823066859,True,MID_T1_D0,S0,R0,
2232,NO_DEMONSTRATED_GAIN,True,False,False,42,42,0,7.991256299500661,7.991256299500661,,False,2.1126792029323607e-10,0,0,0,0,4.500238823066859,4.500238823066859,True,MID_T1_D0,S0,S0,
2232,NO_DEMONSTRATED_GAIN,True,False,False,42,42,0,7.991256299500661,7.991256299500661,,False,2.1126792029323607e-10,0,0,0,0,4.500238823066859,4.500238823066859,True,MID_T1_D0,S0,G0,
2232,NO_DEMONSTRATED_GAIN,True,False,False,42,42,0,7.991256299500661,7.991256299500661,,False,2.1126792029323607e-10,0,0,0,0,4.500238823066859,4.500238823066859,True,MID_T1_D0,G0,R0,
2232,NO_DEMONSTRATED_GAIN,True,False,False,42,42,0,7.991256299500661,7.991256299500661,,False,2.1126792029323607e-10,0,0,0,0,4.500238823066859,4.500238823066859,True,MID_T1_D0,G0,S0,
2232,NO_DEMONSTRATED_GAIN,True,False,False,42,42,0,7.991256299500661,7.991256299500661,,False,2.1126792029323607e-10,0,0,0,0,4.500238823066859,4.500238823066859,True,MID_T1_D0,G0,G0,
7764,NO_DEMONSTRATED_GAIN,True,False,False,122,122,0,40.214764334442535,40.214764334442535,,False,2.7017536949079056e-10,0,0,0,0,4.826419900439255,4.826419900439255,True,MID_T1_D0,R0,R0,
7764,NO_DEMONSTRATED_GAIN,True,False,False,122,122,0,40.214764334442535,40.214764334442535,,False,2.7017536949079056e-10,0,0,0,0,4.826419900439255,4.826419900439255,True,MID_T1_D0,R0,S0,
7764,NO_DEMONSTRATED_GAIN,True,False,False,122,122,0,40.214764334442535,40.214764334442535,,False,2.7017536949079056e-10,0,0,0,0,4.826419900439255,4.826419900439255,True,MID_T1_D0,R0,G0,
7764,NO_DEMONSTRATED_GAIN,True,False,False,122,122,0,40.214764334442535,40.214764334442535,,False,2.7017536949079056e-10,0,0,0,0,4.826419900439255,4.826419900439255,True,MID_T1_D0,S0,R0,
7764,NO_DEMONSTRATED_GAIN,True,False,False,122,122,0,40.214764334442535,40.214764334442535,,False,2.7017536949079056e-10,0,0,0,0,4.826419900439255,4.826419900439255,True,MID_T1_D0,S0,S0,
7764,NO_DEMONSTRATED_GAIN,True,False,False,122,122,0,40.214764334442535,40.214764334442535,,False,2.7017536949079056e-10,0,0,0,0,4.826419900439255,4.826419900439255,True,MID_T1_D0,S0,G0,
7764,NO_DEMONSTRATED_GAIN,True,False,False,122,122,0,40.214764334442535,40.214764334442535,,False,2.7017536949079056e-10,0,0,0,0,4.826419900439255,4.826419900439255,True,MID_T1_D0,G0,R0,
7764,NO_DEMONSTRATED_GAIN,True,False,False,122,122,0,40.214764334442535,40.214764334442535,,False,2.7017536949079056e-10,0,0,0,0,4.826419900439255,4.826419900439255,True,MID_T1_D0,G0,S0,
7764,NO_DEMONSTRATED_GAIN,True,False,False,122,122,0,40.214764334442535,40.214764334442535,,False,2.7017536949079056e-10,0,0,0,0,4.826419900439255,4.826419900439255,True,MID_T1_D0,G0,G0,
2197,NO_DEMONSTRATED_GAIN,True,False,False,95,95,0,9.016289825206236,9.016289825206236,,False,5.512653806204798e-10,0,0,0,0,4.908395862069723,4.908395862069723,True,MID_T1_D0,R0,R0,
2197,NO_DEMONSTRATED_GAIN,True,False,False,95,95,0,9.016289825206236,9.016289825206236,,False,5.512653806204798e-10,0,0,0,0,4.908395862069723,4.908395862069723,True,MID_T1_D0,R0,S0,
2197,NO_DEMONSTRATED_GAIN,True,False,False,95,95,0,9.016289825206236,9.016289825206236,,False,5.512653806204798e-10,0,0,0,0,4.908395862069723,4.908395862069723,True,MID_T1_D0,R0,G0,
2197,NO_DEMONSTRATED_GAIN,True,False,False,95,95,0,9.016289825206236,9.016289825206236,,False,5.512653806204798e-10,0,0,0,0,4.908395862069723,4.908395862069723,True,MID_T1_D0,S0,R0,
2197,NO_DEMONSTRATED_GAIN,True,False,False,95,95,0,9.016289825206236,9.016289825206236,,False,5.512653806204798e-10,0,0,0,0,4.908395862069723,4.908395862069723,True,MID_T1_D0,S0,S0,
2197,NO_DEMONSTRATED_GAIN,True,False,False,95,95,0,9.016289825206236,9.016289825206236,,False,5.512653806204798e-10,0,0,0,0,4.908395862069723,4.908395862069723,True,MID_T1_D0,S0,G0,
2197,NO_DEMONSTRATED_GAIN,True,False,False,95,95,0,9.016289825206236,9.016289825206236,,False,5.512653806204798e-10,0,0,0,0,4.908395862069723,4.908395862069723,True,MID_T1_D0,G0,R0,
2197,NO_DEMONSTRATED_GAIN,True,False,False,95,95,0,9.016289825206236,9.016289825206236,,False,5.512653806204798e-10,0,0,0,0,4.908395862069723,4.908395862069723,True,MID_T1_D0,G0,S0,
2197,NO_DEMONSTRATED_GAIN,True,False,False,95,95,0,9.016289825206236,9.016289825206236,,False,5.512653806204798e-10,0,0,0,0,4.908395862069723,4.908395862069723,True,MID_T1_D0,G0,G0,
6876,NO_DEMONSTRATED_GAIN,True,False,False,26,26,0,4.072169021700882,4.072169021700882,,False,1.3104524601120637e-10,0,0,0,0,4.072169021700882,4.072169021700882,True,MID_T1_D0,R0,R0,
6876,TRADEOFF,False,False,False,29,26,-3,4.072169021700882,,,False,1.3104524601120637e-10,0,0,-3,-3,4.072169021700882,4.072169021700882,False,MID_T1_D0,R0,S0,COMMON_COVERED_IDENTITIES_LOST;COMMON_GEOMETRIC_PROTECTION_DEGRADED;RAW_WINDOW_COVERAGE_LOST;RAW_WINDOW_IDENTITIES_LOST
6876,NO_DEMONSTRATED_GAIN,True,False,False,26,26,0,4.072169021700882,4.072169021700882,,False,1.3104524601120637e-10,0,0,0,0,4.072169021700882,4.072169021700882,True,MID_T1_D0,R0,G0,
6876,SUPPORTED_WITHIN_SCOPE,True,True,False,26,29,3,4.072169021700882,4.072169021700882,0.0,False,1.3104524601120637e-10,3,0.0,3,3,4.072169021700882,4.072169021700882,False,MID_T1_D0,S0,R0,
6876,NO_DEMONSTRATED_GAIN,True,False,False,29,29,0,4.072169021700882,4.072169021700882,,False,1.3104524601120637e-10,0,0,0,0,4.072169021700882,4.072169021700882,True,MID_T1_D0,S0,S0,
6876,SUPPORTED_WITHIN_SCOPE,True,True,False,26,29,3,4.072169021700882,4.072169021700882,0.0,False,1.3104524601120637e-10,3,0.0,3,3,4.072169021700882,4.072169021700882,False,MID_T1_D0,S0,G0,
6876,NO_DEMONSTRATED_GAIN,True,False,False,26,26,0,4.072169021700882,4.072169021700882,,False,1.3104524601120637e-10,0,0,0,0,4.072169021700882,4.072169021700882,True,MID_T1_D0,G0,R0,
6876,TRADEOFF,False,False,False,29,26,-3,4.072169021700882,,,False,1.3104524601120637e-10,0,0,-3,-3,4.072169021700882,4.072169021700882,False,MID_T1_D0,G0,S0,COMMON_COVERED_IDENTITIES_LOST;COMMON_GEOMETRIC_PROTECTION_DEGRADED;RAW_WINDOW_COVERAGE_LOST;RAW_WINDOW_IDENTITIES_LOST
6876,NO_DEMONSTRATED_GAIN,True,False,False,26,26,0,4.072169021700882,4.072169021700882,,False,1.3104524601120637e-10,0,0,0,0,4.072169021700882,4.072169021700882,True,MID_T1_D0,G0,G0,
7875,NO_DEMONSTRATED_GAIN,True,False,False,0,0,0,,,,False,7.622690551279358e-11,0,0,0,0,,,True,MID_T1_D0,R0,R0,
7875,TRADEOFF,False,False,False,90,0,-90,3.6469691710479974,,,False,7.622690551279358e-11,0,0,-19,-19,,3.6469691710479974,False,MID_T1_D0,R0,S0,COMMON_COVERED_IDENTITIES_LOST;COMMON_GEOMETRIC_PROTECTION_DEGRADED;RAW_WINDOW_COVERAGE_LOST;RAW_WINDOW_IDENTITIES_LOST;RECORD_COVERAGE_LOST
7875,NO_DEMONSTRATED_GAIN,True,False,False,0,0,0,,,,False,7.622690551279358e-11,0,0,0,0,,,True,MID_T1_D0,R0,G0,
7875,SUPPORTED_WITHIN_SCOPE,True,True,False,0,90,90,,,3.6469691710479974,False,7.622690551279358e-11,90,68.80872013431011,19,19,3.6469691710479974,,False,MID_T1_D0,S0,R0,
7875,NO_DEMONSTRATED_GAIN,True,False,False,90,90,0,3.6469691710479974,3.6469691710479974,,False,7.622690551279358e-11,0,0,0,0,3.6469691710479974,3.6469691710479974,True,MID_T1_D0,S0,S0,
7875,SUPPORTED_WITHIN_SCOPE,True,True,False,0,90,90,,,3.6469691710479974,False,7.622690551279358e-11,90,68.80872013431011,19,19,3.6469691710479974,,False,MID_T1_D0,S0,G0,
7875,NO_DEMONSTRATED_GAIN,True,False,False,0,0,0,,,,False,7.622690551279358e-11,0,0,0,0,,,True,MID_T1_D0,G0,R0,
7875,TRADEOFF,False,False,False,90,0,-90,3.6469691710479974,,,False,7.622690551279358e-11,0,0,-19,-19,,3.6469691710479974,False,MID_T1_D0,G0,S0,COMMON_COVERED_IDENTITIES_LOST;COMMON_GEOMETRIC_PROTECTION_DEGRADED;RAW_WINDOW_COVERAGE_LOST;RAW_WINDOW_IDENTITIES_LOST;RECORD_COVERAGE_LOST
7875,NO_DEMONSTRATED_GAIN,True,False,False,0,0,0,,,,False,7.622690551279358e-11,0,0,0,0,,,True,MID_T1_D0,G0,G0,
1686,NO_DEMONSTRATED_GAIN,True,False,False,32,32,0,73.97805462217451,73.97805462217451,,False,5.657019008637852e-10,0,0,0,0,2.492966386540829,2.492966386540829,True,MID_T1_D0,R0,R0,
1686,TRADEOFF,False,False,False,36,32,-4,73.97805462217451,,,False,5.657019008637852e-10,0,0,-4,-4,2.492966386540829,2.492966386540829,False,MID_T1_D0,R0,S0,COMMON_COVERED_IDENTITIES_LOST;COMMON_GEOMETRIC_PROTECTION_DEGRADED;RAW_WINDOW_COVERAGE_LOST;RAW_WINDOW_IDENTITIES_LOST
1686,NO_DEMONSTRATED_GAIN,True,False,False,32,32,0,73.97805462217451,73.97805462217451,,False,5.657019008637852e-10,0,0,0,0,2.492966386540829,2.492966386540829,True,MID_T1_D0,R0,G0,
1686,SUPPORTED_WITHIN_SCOPE,True,True,False,32,36,4,73.97805462217451,73.97805462217451,0.0,False,5.657019008637852e-10,4,0.0,4,4,2.492966386540829,2.492966386540829,False,MID_T1_D0,S0,R0,
1686,NO_DEMONSTRATED_GAIN,True,False,False,36,36,0,73.97805462217451,73.97805462217451,,False,5.657019008637852e-10,0,0,0,0,2.492966386540829,2.492966386540829,True,MID_T1_D0,S0,S0,
1686,SUPPORTED_WITHIN_SCOPE,True,True,False,32,36,4,73.97805462217451,73.97805462217451,0.0,False,5.657019008637852e-10,4,0.0,4,4,2.492966386540829,2.492966386540829,False,MID_T1_D0,S0,G0,
1686,NO_DEMONSTRATED_GAIN,True,False,False,32,32,0,73.97805462217451,73.97805462217451,,False,5.657019008637852e-10,0,0,0,0,2.492966386540829,2.492966386540829,True,MID_T1_D0,G0,R0,
1686,TRADEOFF,False,False,False,36,32,-4,73.97805462217451,,,False,5.657019008637852e-10,0,0,-4,-4,2.492966386540829,2.492966386540829,False,MID_T1_D0,G0,S0,COMMON_COVERED_IDENTITIES_LOST;COMMON_GEOMETRIC_PROTECTION_DEGRADED;RAW_WINDOW_COVERAGE_LOST;RAW_WINDOW_IDENTITIES_LOST
1686,NO_DEMONSTRATED_GAIN,True,False,False,32,32,0,73.97805462217451,73.97805462217451,,False,5.657019008637852e-10,0,0,0,0,2.492966386540829,2.492966386540829,True,MID_T1_D0,G0,G0,
4838,NO_DEMONSTRATED_GAIN,True,False,False,126,126,0,58.98909799611646,58.98909799611646,,False,2.1069560729663026e-10,0,0,0,0,4.884660159174628,4.884660159174628,True,MID_T1_D0,R0,R0,
4838,NO_DEMONSTRATED_GAIN,True,False,False,126,126,0,58.98909799611646,58.98909799611646,,False,2.1069560729663026e-10,0,0,0,0,4.884660159174628,4.884660159174628,True,MID_T1_D0,R0,S0,
4838,NO_DEMONSTRATED_GAIN,True,False,False,126,126,0,58.98909799611646,58.98909799611646,,False,2.1069560729663026e-10,0,0,0,0,4.884660159174628,4.884660159174628,True,MID_T1_D0,R0,G0,
4838,NO_DEMONSTRATED_GAIN,True,False,False,126,126,0,58.98909799611646,58.98909799611646,,False,2.1069560729663026e-10,0,0,0,0,4.884660159174628,4.884660159174628,True,MID_T1_D0,S0,R0,
4838,NO_DEMONSTRATED_GAIN,True,False,False,126,126,0,58.98909799611646,58.98909799611646,,False,2.1069560729663026e-10,0,0,0,0,4.884660159174628,4.884660159174628,True,MID_T1_D0,S0,S0,
4838,NO_DEMONSTRATED_GAIN,True,False,False,126,126,0,58.98909799611646,58.98909799611646,,False,2.1069560729663026e-10,0,0,0,0,4.884660159174628,4.884660159174628,True,MID_T1_D0,S0,G0,
4838,NO_DEMONSTRATED_GAIN,True,False,False,126,126,0,58.98909799611646,58.98909799611646,,False,2.1069560729663026e-10,0,0,0,0,4.884660159174628,4.884660159174628,True,MID_T1_D0,G0,R0,
4838,NO_DEMONSTRATED_GAIN,True,False,False,126,126,0,58.98909799611646,58.98909799611646,,False,2.1069560729663026e-10,0,0,0,0,4.884660159174628,4.884660159174628,True,MID_T1_D0,G0,S0,
4838,NO_DEMONSTRATED_GAIN,True,False,False,126,126,0,58.98909799611646,58.98909799611646,,False,2.1069560729663026e-10,0,0,0,0,4.884660159174628,4.884660159174628,True,MID_T1_D0,G0,G0,
1818,NO_DEMONSTRATED_GAIN,True,False,False,97,97,0,3.6856966073416393,3.6856966073416393,,False,3.5279306371723414e-10,0,0,0,0,3.6856966073416393,3.6856966073416393,True,MID_T1_D0,R0,R0,
1818,NO_DEMONSTRATED_GAIN,True,False,False,97,97,0,3.6856966073416393,3.6856966073416393,,False,3.5279306371723414e-10,0,0,0,0,3.6856966073416393,3.6856966073416393,True,MID_T1_D0,R0,S0,
1818,NO_DEMONSTRATED_GAIN,True,False,False,97,97,0,3.6856966073416393,3.6856966073416393,,False,3.5279306371723414e-10,0,0,0,0,3.6856966073416393,3.6856966073416393,True,MID_T1_D0,R0,G0,
1818,NO_DEMONSTRATED_GAIN,True,False,False,97,97,0,3.6856966073416393,3.6856966073416393,,False,3.5279306371723414e-10,0,0,0,0,3.6856966073416393,3.6856966073416393,True,MID_T1_D0,S0,R0,
1818,NO_DEMONSTRATED_GAIN,True,False,False,97,97,0,3.6856966073416393,3.6856966073416393,,False,3.5279306371723414e-10,0,0,0,0,3.6856966073416393,3.6856966073416393,True,MID_T1_D0,S0,S0,
1818,NO_DEMONSTRATED_GAIN,True,False,False,97,97,0,3.6856966073416393,3.6856966073416393,,False,3.5279306371723414e-10,0,0,0,0,3.6856966073416393,3.6856966073416393,True,MID_T1_D0,S0,G0,
1818,NO_DEMONSTRATED_GAIN,True,False,False,97,97,0,3.6856966073416393,3.6856966073416393,,False,3.5279306371723414e-10,0,0,0,0,3.6856966073416393,3.6856966073416393,True,MID_T1_D0,G0,R0,
1818,NO_DEMONSTRATED_GAIN,True,False,False,97,97,0,3.6856966073416393,3.6856966073416393,,False,3.5279306371723414e-10,0,0,0,0,3.6856966073416393,3.6856966073416393,True,MID_T1_D0,G0,S0,
1818,NO_DEMONSTRATED_GAIN,True,False,False,97,97,0,3.6856966073416393,3.6856966073416393,,False,3.5279306371723414e-10,0,0,0,0,3.6856966073416393,3.6856966073416393,True,MID_T1_D0,G0,G0,
10810,NO_DEMONSTRATED_GAIN,True,False,False,102,102,0,15.976456333921005,15.976456333921005,,False,1.3960406357919586e-10,0,0,0,0,4.196280828311618,4.196280828311618,True,MID_T1_D0,R0,R0,
10810,NO_DEMONSTRATED_GAIN,True,False,False,102,102,0,15.976456333921005,15.976456333921005,,False,1.3960406357919586e-10,0,0,0,0,4.196280828311618,4.196280828311618,True,MID_T1_D0,R0,S0,
10810,NO_DEMONSTRATED_GAIN,True,False,False,102,102,0,15.976456333921005,15.976456333921005,,False,1.3960406357919586e-10,0,0,0,0,4.196280828311618,4.196280828311618,True,MID_T1_D0,R0,G0,
10810,NO_DEMONSTRATED_GAIN,True,False,False,102,102,0,15.976456333921005,15.976456333921005,,False,1.3960406357919586e-10,0,0,0,0,4.196280828311618,4.196280828311618,True,MID_T1_D0,S0,R0,
10810,NO_DEMONSTRATED_GAIN,True,False,False,102,102,0,15.976456333921005,15.976456333921005,,False,1.3960406357919586e-10,0,0,0,0,4.196280828311618,4.196280828311618,True,MID_T1_D0,S0,S0,
10810,NO_DEMONSTRATED_GAIN,True,False,False,102,102,0,15.976456333921005,15.976456333921005,,False,1.3960406357919586e-10,0,0,0,0,4.196280828311618,4.196280828311618,True,MID_T1_D0,S0,G0,
10810,NO_DEMONSTRATED_GAIN,True,False,False,102,102,0,15.976456333921005,15.976456333921005,,False,1.3960406357919586e-10,0,0,0,0,4.196280828311618,4.196280828311618,True,MID_T1_D0,G0,R0,
10810,NO_DEMONSTRATED_GAIN,True,False,False,102,102,0,15.976456333921005,15.976456333921005,,False,1.3960406357919586e-10,0,0,0,0,4.196280828311618,4.196280828311618,True,MID_T1_D0,G0,S0,
10810,NO_DEMONSTRATED_GAIN,True,False,False,102,102,0,15.976456333921005,15.976456333921005,,False,1.3960406357919586e-10,0,0,0,0,4.196280828311618,4.196280828311618,True,MID_T1_D0,G0,G0,
4953,NO_DEMONSTRATED_GAIN,True,False,False,100,100,0,10.090727725744726,10.090727725744726,,False,2.6745851391160115e-10,0,0,0,0,4.444787701802814,4.444787701802814,True,MID_T1_D0,R0,R0,
4953,NO_DEMONSTRATED_GAIN,True,False,False,100,100,0,10.090727725744726,10.090727725744726,,False,2.6745851391160115e-10,0,0,0,0,4.444787701802814,4.444787701802814,True,MID_T1_D0,R0,S0,
4953,NO_DEMONSTRATED_GAIN,True,False,False,100,100,0,10.090727725744726,10.090727725744726,,False,2.6745851391160115e-10,0,0,0,0,4.444787701802814,4.444787701802814,True,MID_T1_D0,R0,G0,
4953,NO_DEMONSTRATED_GAIN,True,False,False,100,100,0,10.090727725744726,10.090727725744726,,False,2.6745851391160115e-10,0,0,0,0,4.444787701802814,4.444787701802814,True,MID_T1_D0,S0,R0,
4953,NO_DEMONSTRATED_GAIN,True,False,False,100,100,0,10.090727725744726,10.090727725744726,,False,2.6745851391160115e-10,0,0,0,0,4.444787701802814,4.444787701802814,True,MID_T1_D0,S0,S0,
4953,NO_DEMONSTRATED_GAIN,True,False,False,100,100,0,10.090727725744726,10.090727725744726,,False,2.6745851391160115e-10,0,0,0,0,4.444787701802814,4.444787701802814,True,MID_T1_D0,S0,G0,
4953,NO_DEMONSTRATED_GAIN,True,False,False,100,100,0,10.090727725744726,10.090727725744726,,False,2.6745851391160115e-10,0,0,0,0,4.444787701802814,4.444787701802814,True,MID_T1_D0,G0,R0,
4953,NO_DEMONSTRATED_GAIN,True,False,False,100,100,0,10.090727725744726,10.090727725744726,,False,2.6745851391160115e-10,0,0,0,0,4.444787701802814,4.444787701802814,True,MID_T1_D0,G0,S0,
4953,NO_DEMONSTRATED_GAIN,True,False,False,100,100,0,10.090727725744726,10.090727725744726,,False,2.6745851391160115e-10,0,0,0,0,4.444787701802814,4.444787701802814,True,MID_T1_D0,G0,G0,
7404,NO_DEMONSTRATED_GAIN,True,False,False,66,66,0,35.75727829354304,35.75727829354304,,False,4.0953177904569946e-10,0,0,0,0,4.92293197940961,4.92293197940961,True,MID_T1_D0,R0,R0,
7404,TRADEOFF,False,False,False,69,66,-3,35.75727829354304,,,False,4.0953177904569946e-10,0,0,-2,-2,4.92293197940961,4.92293197940961,False,MID_T1_D0,R0,S0,COMMON_COVERED_IDENTITIES_LOST;COMMON_GEOMETRIC_PROTECTION_DEGRADED;RAW_WINDOW_COVERAGE_LOST;RAW_WINDOW_IDENTITIES_LOST
7404,NO_DEMONSTRATED_GAIN,True,False,False,66,66,0,35.75727829354304,35.75727829354304,,False,4.0953177904569946e-10,0,0,0,0,4.92293197940961,4.92293197940961,True,MID_T1_D0,R0,G0,
7404,SUPPORTED_WITHIN_SCOPE,True,True,False,66,69,3,35.75727829354304,35.75727829354304,0.13625940979521767,False,4.0953177904569946e-10,3,0.13625940979521767,2,2,4.92293197940961,4.92293197940961,False,MID_T1_D0,S0,R0,
7404,NO_DEMONSTRATED_GAIN,True,False,False,69,69,0,35.75727829354304,35.75727829354304,,False,4.0953177904569946e-10,0,0,0,0,4.92293197940961,4.92293197940961,True,MID_T1_D0,S0,S0,
7404,SUPPORTED_WITHIN_SCOPE,True,True,False,66,69,3,35.75727829354304,35.75727829354304,0.13625940979521767,False,4.0953177904569946e-10,3,0.13625940979521767,2,2,4.92293197940961,4.92293197940961,False,MID_T1_D0,S0,G0,
7404,NO_DEMONSTRATED_GAIN,True,False,False,66,66,0,35.75727829354304,35.75727829354304,,False,4.0953177904569946e-10,0,0,0,0,4.92293197940961,4.92293197940961,True,MID_T1_D0,G0,R0,
7404,TRADEOFF,False,False,False,69,66,-3,35.75727829354304,,,False,4.0953177904569946e-10,0,0,-2,-2,4.92293197940961,4.92293197940961,False,MID_T1_D0,G0,S0,COMMON_COVERED_IDENTITIES_LOST;COMMON_GEOMETRIC_PROTECTION_DEGRADED;RAW_WINDOW_COVERAGE_LOST;RAW_WINDOW_IDENTITIES_LOST
7404,NO_DEMONSTRATED_GAIN,True,False,False,66,66,0,35.75727829354304,35.75727829354304,,False,4.0953177904569946e-10,0,0,0,0,4.92293197940961,4.92293197940961,True,MID_T1_D0,G0,G0,
3615,NO_DEMONSTRATED_GAIN,True,False,False,20,20,0,149.16818385984476,149.16818385984476,,False,2.6640117684854295e-10,0,0,0,0,0.2854245799298964,0.2854245799298964,True,MID_T1_D0,R0,R0,
3615,NO_DEMONSTRATED_GAIN,True,False,False,20,20,0,149.16818385984476,149.16818385984476,,False,2.6640117684854295e-10,0,0,0,0,0.2854245799298964,0.2854245799298964,True,MID_T1_D0,R0,S0,
3615,NO_DEMONSTRATED_GAIN,True,False,False,20,20,0,149.16818385984476,149.16818385984476,,False,2.6640117684854295e-10,0,0,0,0,0.2854245799298964,0.2854245799298964,True,MID_T1_D0,R0,G0,
3615,NO_DEMONSTRATED_GAIN,True,False,False,20,20,0,149.16818385984476,149.16818385984476,,False,2.6640117684854295e-10,0,0,0,0,0.2854245799298964,0.2854245799298964,True,MID_T1_D0,S0,R0,
3615,NO_DEMONSTRATED_GAIN,True,False,False,20,20,0,149.16818385984476,149.16818385984476,,False,2.6640117684854295e-10,0,0,0,0,0.2854245799298964,0.2854245799298964,True,MID_T1_D0,S0,S0,
3615,NO_DEMONSTRATED_GAIN,True,False,False,20,20,0,149.16818385984476,149.16818385984476,,False,2.6640117684854295e-10,0,0,0,0,0.2854245799298964,0.2854245799298964,True,MID_T1_D0,S0,G0,
3615,NO_DEMONSTRATED_GAIN,True,False,False,20,20,0,149.16818385984476,149.16818385984476,,False,2.6640117684854295e-10,0,0,0,0,0.2854245799298964,0.2854245799298964,True,MID_T1_D0,G0,R0,
3615,NO_DEMONSTRATED_GAIN,True,False,False,20,20,0,149.16818385984476,149.16818385984476,,False,2.6640117684854295e-10,0,0,0,0,0.2854245799298964,0.2854245799298964,True,MID_T1_D0,G0,S0,
3615,NO_DEMONSTRATED_GAIN,True,False,False,20,20,0,149.16818385984476,149.16818385984476,,False,2.6640117684854295e-10,0,0,0,0,0.2854245799298964,0.2854245799298964,True,MID_T1_D0,G0,G0,
3439,NO_DEMONSTRATED_GAIN,True,False,False,121,121,0,23.23065240992795,23.23065240992795,,False,1.7443616900177774e-10,0,0,0,0,4.780833876892427,4.780833876892427,True,MID_T1_D1,R0,R0,
3439,NO_DEMONSTRATED_GAIN,True,False,False,121,121,0,23.23065240992795,23.23065240992795,,False,1.7443616900177774e-10,0,0,0,0,4.780833876892427,4.780833876892427,True,MID_T1_D1,R0,S0,
3439,NO_DEMONSTRATED_GAIN,True,False,False,121,121,0,23.23065240992795,23.23065240992795,,False,1.7443616900177774e-10,0,0,0,0,4.780833876892427,4.780833876892427,True,MID_T1_D1,R0,G0,
3439,NO_DEMONSTRATED_GAIN,True,False,False,121,121,0,23.23065240992795,23.23065240992795,,False,1.7443616900177774e-10,0,0,0,0,4.780833876892427,4.780833876892427,True,MID_T1_D1,S0,R0,
3439,NO_DEMONSTRATED_GAIN,True,False,False,121,121,0,23.23065240992795,23.23065240992795,,False,1.7443616900177774e-10,0,0,0,0,4.780833876892427,4.780833876892427,True,MID_T1_D1,S0,S0,
3439,NO_DEMONSTRATED_GAIN,True,False,False,121,121,0,23.23065240992795,23.23065240992795,,False,1.7443616900177774e-10,0,0,0,0,4.780833876892427,4.780833876892427,True,MID_T1_D1,S0,G0,
3439,NO_DEMONSTRATED_GAIN,True,False,False,121,121,0,23.23065240992795,23.23065240992795,,False,1.7443616900177774e-10,0,0,0,0,4.780833876892427,4.780833876892427,True,MID_T1_D1,G0,R0,
3439,NO_DEMONSTRATED_GAIN,True,False,False,121,121,0,23.23065240992795,23.23065240992795,,False,1.7443616900177774e-10,0,0,0,0,4.780833876892427,4.780833876892427,True,MID_T1_D1,G0,S0,
3439,NO_DEMONSTRATED_GAIN,True,False,False,121,121,0,23.23065240992795,23.23065240992795,,False,1.7443616900177774e-10,0,0,0,0,4.780833876892427,4.780833876892427,True,MID_T1_D1,G0,G0,
9352,NO_DEMONSTRATED_GAIN,True,False,False,115,115,0,24.22384514868353,24.22384514868353,,False,1.6580415893303548e-10,0,0,0,0,4.949088005932712,4.949088005932712,True,MID_T1_D1,R0,R0,
9352,NO_DEMONSTRATED_GAIN,True,False,False,115,115,0,24.22384514868353,24.22384514868353,,False,1.6580415893303548e-10,0,0,0,0,4.949088005932712,4.949088005932712,True,MID_T1_D1,R0,S0,
9352,NO_DEMONSTRATED_GAIN,True,False,False,115,115,0,24.22384514868353,24.22384514868353,,False,1.6580415893303548e-10,0,0,0,0,4.949088005932712,4.949088005932712,True,MID_T1_D1,R0,G0,
9352,NO_DEMONSTRATED_GAIN,True,False,False,115,115,0,24.22384514868353,24.22384514868353,,False,1.6580415893303548e-10,0,0,0,0,4.949088005932712,4.949088005932712,True,MID_T1_D1,S0,R0,
9352,NO_DEMONSTRATED_GAIN,True,False,False,115,115,0,24.22384514868353,24.22384514868353,,False,1.6580415893303548e-10,0,0,0,0,4.949088005932712,4.949088005932712,True,MID_T1_D1,S0,S0,
9352,NO_DEMONSTRATED_GAIN,True,False,False,115,115,0,24.22384514868353,24.22384514868353,,False,1.6580415893303548e-10,0,0,0,0,4.949088005932712,4.949088005932712,True,MID_T1_D1,S0,G0,
9352,NO_DEMONSTRATED_GAIN,True,False,False,115,115,0,24.22384514868353,24.22384514868353,,False,1.6580415893303548e-10,0,0,0,0,4.949088005932712,4.949088005932712,True,MID_T1_D1,G0,R0,
9352,NO_DEMONSTRATED_GAIN,True,False,False,115,115,0,24.22384514868353,24.22384514868353,,False,1.6580415893303548e-10,0,0,0,0,4.949088005932712,4.949088005932712,True,MID_T1_D1,G0,S0,
9352,NO_DEMONSTRATED_GAIN,True,False,False,115,115,0,24.22384514868353,24.22384514868353,,False,1.6580415893303548e-10,0,0,0,0,4.949088005932712,4.949088005932712,True,MID_T1_D1,G0,G0,
5029,NO_DEMONSTRATED_GAIN,True,False,False,0,0,0,,,,False,7.342103738269666e-11,0,0,0,0,,,True,MID_T1_D1,R0,R0,
5029,TRADEOFF,False,False,False,98,0,-98,0.96200303604267,,,False,7.342103738269666e-11,0,0,-14,-14,,0.96200303604267,False,MID_T1_D1,R0,S0,COMMON_COVERED_IDENTITIES_LOST;COMMON_GEOMETRIC_PROTECTION_DEGRADED;RAW_WINDOW_COVERAGE_LOST;RAW_WINDOW_IDENTITIES_LOST;RECORD_COVERAGE_LOST
5029,NO_DEMONSTRATED_GAIN,True,False,False,0,0,0,,,,False,7.342103738269666e-11,0,0,0,0,,,True,MID_T1_D1,R0,G0,
5029,SUPPORTED_WITHIN_SCOPE,True,True,False,0,98,98,,,0.96200303604267,False,7.342103738269666e-11,98,22.62700102863977,14,14,0.96200303604267,,False,MID_T1_D1,S0,R0,
5029,NO_DEMONSTRATED_GAIN,True,False,False,98,98,0,0.96200303604267,0.96200303604267,,False,7.342103738269666e-11,0,0,0,0,0.96200303604267,0.96200303604267,True,MID_T1_D1,S0,S0,
5029,SUPPORTED_WITHIN_SCOPE,True,True,False,0,98,98,,,0.96200303604267,False,7.342103738269666e-11,98,22.62700102863977,14,14,0.96200303604267,,False,MID_T1_D1,S0,G0,
5029,NO_DEMONSTRATED_GAIN,True,False,False,0,0,0,,,,False,7.342103738269666e-11,0,0,0,0,,,True,MID_T1_D1,G0,R0,
5029,TRADEOFF,False,False,False,98,0,-98,0.96200303604267,,,False,7.342103738269666e-11,0,0,-14,-14,,0.96200303604267,False,MID_T1_D1,G0,S0,COMMON_COVERED_IDENTITIES_LOST;COMMON_GEOMETRIC_PROTECTION_DEGRADED;RAW_WINDOW_COVERAGE_LOST;RAW_WINDOW_IDENTITIES_LOST;RECORD_COVERAGE_LOST
5029,NO_DEMONSTRATED_GAIN,True,False,False,0,0,0,,,,False,7.342103738269666e-11,0,0,0,0,,,True,MID_T1_D1,G0,G0,
10000,NO_DEMONSTRATED_GAIN,True,False,False,124,124,0,22.487099724858023,22.487099724858023,,False,1.4880463754090948e-10,0,0,0,0,4.51618887202955,4.51618887202955,True,MID_T1_D1,R0,R0,
10000,NO_DEMONSTRATED_GAIN,True,False,False,124,124,0,22.487099724858023,22.487099724858023,,False,1.4880463754090948e-10,0,0,0,0,4.51618887202955,4.51618887202955,True,MID_T1_D1,R0,S0,
10000,NO_DEMONSTRATED_GAIN,True,False,False,124,124,0,22.487099724858023,22.487099724858023,,False,1.4880463754090948e-10,0,0,0,0,4.51618887202955,4.51618887202955,True,MID_T1_D1,R0,G0,
10000,NO_DEMONSTRATED_GAIN,True,False,False,124,124,0,22.487099724858023,22.487099724858023,,False,1.4880463754090948e-10,0,0,0,0,4.51618887202955,4.51618887202955,True,MID_T1_D1,S0,R0,
10000,NO_DEMONSTRATED_GAIN,True,False,False,124,124,0,22.487099724858023,22.487099724858023,,False,1.4880463754090948e-10,0,0,0,0,4.51618887202955,4.51618887202955,True,MID_T1_D1,S0,S0,
10000,NO_DEMONSTRATED_GAIN,True,False,False,124,124,0,22.487099724858023,22.487099724858023,,False,1.4880463754090948e-10,0,0,0,0,4.51618887202955,4.51618887202955,True,MID_T1_D1,S0,G0,
10000,NO_DEMONSTRATED_GAIN,True,False,False,124,124,0,22.487099724858023,22.487099724858023,,False,1.4880463754090948e-10,0,0,0,0,4.51618887202955,4.51618887202955,True,MID_T1_D1,G0,R0,
10000,NO_DEMONSTRATED_GAIN,True,False,False,124,124,0,22.487099724858023,22.487099724858023,,False,1.4880463754090948e-10,0,0,0,0,4.51618887202955,4.51618887202955,True,MID_T1_D1,G0,S0,
10000,NO_DEMONSTRATED_GAIN,True,False,False,124,124,0,22.487099724858023,22.487099724858023,,False,1.4880463754090948e-10,0,0,0,0,4.51618887202955,4.51618887202955,True,MID_T1_D1,G0,G0,
2340,NO_DEMONSTRATED_GAIN,True,False,False,110,110,0,10.957598373732257,10.957598373732257,,False,2.5615984782725485e-10,0,0,0,0,3.676999470098943,3.676999470098943,True,MID_T1_D1,R0,R0,
2340,NO_DEMONSTRATED_GAIN,True,False,False,110,110,0,10.957598373732257,10.957598373732257,,False,2.5615984782725485e-10,0,0,0,0,3.676999470098943,3.676999470098943,True,MID_T1_D1,R0,S0,
2340,NO_DEMONSTRATED_GAIN,True,False,False,110,110,0,10.957598373732257,10.957598373732257,,False,2.5615984782725485e-10,0,0,0,0,3.676999470098943,3.676999470098943,True,MID_T1_D1,R0,G0,
2340,NO_DEMONSTRATED_GAIN,True,False,False,110,110,0,10.957598373732257,10.957598373732257,,False,2.5615984782725485e-10,0,0,0,0,3.676999470098943,3.676999470098943,True,MID_T1_D1,S0,R0,
2340,NO_DEMONSTRATED_GAIN,True,False,False,110,110,0,10.957598373732257,10.957598373732257,,False,2.5615984782725485e-10,0,0,0,0,3.676999470098943,3.676999470098943,True,MID_T1_D1,S0,S0,
2340,NO_DEMONSTRATED_GAIN,True,False,False,110,110,0,10.957598373732257,10.957598373732257,,False,2.5615984782725485e-10,0,0,0,0,3.676999470098943,3.676999470098943,True,MID_T1_D1,S0,G0,
2340,NO_DEMONSTRATED_GAIN,True,False,False,110,110,0,10.957598373732257,10.957598373732257,,False,2.5615984782725485e-10,0,0,0,0,3.676999470098943,3.676999470098943,True,MID_T1_D1,G0,R0,
2340,NO_DEMONSTRATED_GAIN,True,False,False,110,110,0,10.957598373732257,10.957598373732257,,False,2.5615984782725485e-10,0,0,0,0,3.676999470098943,3.676999470098943,True,MID_T1_D1,G0,S0,
2340,NO_DEMONSTRATED_GAIN,True,False,False,110,110,0,10.957598373732257,10.957598373732257,,False,2.5615984782725485e-10,0,0,0,0,3.676999470098943,3.676999470098943,True,MID_T1_D1,G0,G0,
7920,NO_DEMONSTRATED_GAIN,True,False,False,80,80,0,187.6375419804648,187.6375419804648,,False,9.167945211603163e-11,0,0,0,0,4.676557527203366,4.676557527203366,True,MID_T1_D1,R0,R0,
7920,TRADEOFF,False,False,False,129,80,-49,187.6375419804648,,,False,9.167945211603163e-11,0,0,-6,-6,4.676557527203366,4.676557527203366,False,MID_T1_D1,R0,S0,COMMON_COVERED_IDENTITIES_LOST;COMMON_GEOMETRIC_PROTECTION_DEGRADED;RAW_WINDOW_COVERAGE_LOST;RAW_WINDOW_IDENTITIES_LOST
7920,NO_DEMONSTRATED_GAIN,True,False,False,80,80,0,187.6375419804648,187.6375419804648,,False,9.167945211603163e-11,0,0,0,0,4.676557527203366,4.676557527203366,True,MID_T1_D1,R0,G0,
7920,SUPPORTED_WITHIN_SCOPE,True,True,False,80,129,49,187.6375419804648,187.6375419804648,0.28304835192694694,False,9.167945211603163e-11,49,3.3965802231233635,6,6,4.676557527203366,4.676557527203366,False,MID_T1_D1,S0,R0,
7920,NO_DEMONSTRATED_GAIN,True,False,False,129,129,0,187.6375419804648,187.6375419804648,,False,9.167945211603163e-11,0,0,0,0,4.676557527203366,4.676557527203366,True,MID_T1_D1,S0,S0,
7920,SUPPORTED_WITHIN_SCOPE,True,True,False,80,129,49,187.6375419804648,187.6375419804648,0.28304835192694694,False,9.167945211603163e-11,49,3.3965802231233635,6,6,4.676557527203366,4.676557527203366,False,MID_T1_D1,S0,G0,
7920,NO_DEMONSTRATED_GAIN,True,False,False,80,80,0,187.6375419804648,187.6375419804648,,False,9.167945211603163e-11,0,0,0,0,4.676557527203366,4.676557527203366,True,MID_T1_D1,G0,R0,
7920,TRADEOFF,False,False,False,129,80,-49,187.6375419804648,,,False,9.167945211603163e-11,0,0,-6,-6,4.676557527203366,4.676557527203366,False,MID_T1_D1,G0,S0,COMMON_COVERED_IDENTITIES_LOST;COMMON_GEOMETRIC_PROTECTION_DEGRADED;RAW_WINDOW_COVERAGE_LOST;RAW_WINDOW_IDENTITIES_LOST
7920,NO_DEMONSTRATED_GAIN,True,False,False,80,80,0,187.6375419804648,187.6375419804648,,False,9.167945211603163e-11,0,0,0,0,4.676557527203366,4.676557527203366,True,MID_T1_D1,G0,G0,
10442,NO_DEMONSTRATED_GAIN,True,False,False,21,21,0,4.479680615761317,4.479680615761317,,False,4.970190704454398e-10,0,0,0,0,4.479680615761317,4.479680615761317,True,MID_T1_D1,R0,R0,
10442,TRADEOFF,False,False,False,95,21,-74,4.479680615761317,,,False,4.970190704454398e-10,0,0,-2,-2,4.479680615761317,4.479680615761317,False,MID_T1_D1,R0,S0,COMMON_COVERED_IDENTITIES_LOST;COMMON_GEOMETRIC_PROTECTION_DEGRADED;RAW_WINDOW_COVERAGE_LOST;RAW_WINDOW_IDENTITIES_LOST
10442,NO_DEMONSTRATED_GAIN,True,False,False,21,21,0,4.479680615761317,4.479680615761317,,False,4.970190704454398e-10,0,0,0,0,4.479680615761317,4.479680615761317,True,MID_T1_D1,R0,G0,
10442,SUPPORTED_WITHIN_SCOPE,True,True,False,21,95,74,4.479680615761317,4.479680615761317,0.7637095730086949,False,4.970190704454398e-10,74,23.037100984970373,2,2,4.479680615761317,4.479680615761317,False,MID_T1_D1,S0,R0,
10442,NO_DEMONSTRATED_GAIN,True,False,False,95,95,0,4.479680615761317,4.479680615761317,,False,4.970190704454398e-10,0,0,0,0,4.479680615761317,4.479680615761317,True,MID_T1_D1,S0,S0,
10442,SUPPORTED_WITHIN_SCOPE,True,True,False,21,95,74,4.479680615761317,4.479680615761317,0.7637095730086949,False,4.970190704454398e-10,74,23.037100984970373,2,2,4.479680615761317,4.479680615761317,False,MID_T1_D1,S0,G0,
10442,NO_DEMONSTRATED_GAIN,True,False,False,21,21,0,4.479680615761317,4.479680615761317,,False,4.970190704454398e-10,0,0,0,0,4.479680615761317,4.479680615761317,True,MID_T1_D1,G0,R0,
10442,TRADEOFF,False,False,False,95,21,-74,4.479680615761317,,,False,4.970190704454398e-10,0,0,-2,-2,4.479680615761317,4.479680615761317,False,MID_T1_D1,G0,S0,COMMON_COVERED_IDENTITIES_LOST;COMMON_GEOMETRIC_PROTECTION_DEGRADED;RAW_WINDOW_COVERAGE_LOST;RAW_WINDOW_IDENTITIES_LOST
10442,NO_DEMONSTRATED_GAIN,True,False,False,21,21,0,4.479680615761317,4.479680615761317,,False,4.970190704454398e-10,0,0,0,0,4.479680615761317,4.479680615761317,True,MID_T1_D1,G0,G0,
2034,NO_DEMONSTRATED_GAIN,True,False,False,93,93,0,14.844257786899107,14.844257786899107,,False,1.896021379458488e-10,0,0,0,0,4.041938198383229,4.041938198383229,True,MID_T1_D1,R0,R0,
2034,NO_DEMONSTRATED_GAIN,True,False,False,93,93,0,14.844257786899107,14.844257786899107,,False,1.896021379458488e-10,0,0,0,0,4.041938198383229,4.041938198383229,True,MID_T1_D1,R0,S0,
2034,NO_DEMONSTRATED_GAIN,True,False,False,93,93,0,14.844257786899107,14.844257786899107,,False,1.896021379458488e-10,0,0,0,0,4.041938198383229,4.041938198383229,True,MID_T1_D1,R0,G0,
2034,NO_DEMONSTRATED_GAIN,True,False,False,93,93,0,14.844257786899107,14.844257786899107,,False,1.896021379458488e-10,0,0,0,0,4.041938198383229,4.041938198383229,True,MID_T1_D1,S0,R0,
2034,NO_DEMONSTRATED_GAIN,True,False,False,93,93,0,14.844257786899107,14.844257786899107,,False,1.896021379458488e-10,0,0,0,0,4.041938198383229,4.041938198383229,True,MID_T1_D1,S0,S0,
2034,NO_DEMONSTRATED_GAIN,True,False,False,93,93,0,14.844257786899107,14.844257786899107,,False,1.896021379458488e-10,0,0,0,0,4.041938198383229,4.041938198383229,True,MID_T1_D1,S0,G0,
2034,NO_DEMONSTRATED_GAIN,True,False,False,93,93,0,14.844257786899107,14.844257786899107,,False,1.896021379458488e-10,0,0,0,0,4.041938198383229,4.041938198383229,True,MID_T1_D1,G0,R0,
2034,NO_DEMONSTRATED_GAIN,True,False,False,93,93,0,14.844257786899107,14.844257786899107,,False,1.896021379458488e-10,0,0,0,0,4.041938198383229,4.041938198383229,True,MID_T1_D1,G0,S0,
2034,NO_DEMONSTRATED_GAIN,True,False,False,93,93,0,14.844257786899107,14.844257786899107,,False,1.896021379458488e-10,0,0,0,0,4.041938198383229,4.041938198383229,True,MID_T1_D1,G0,G0,
10051,NO_DEMONSTRATED_GAIN,True,False,False,111,111,0,24.303048773137295,24.303048773137295,,False,1.9241863538174816e-10,0,0,0,0,4.959104070753008,4.959104070753008,True,MID_T1_D1,R0,R0,
10051,NO_DEMONSTRATED_GAIN,True,False,False,111,111,0,24.303048773137295,24.303048773137295,,False,1.9241863538174816e-10,0,0,0,0,4.959104070753008,4.959104070753008,True,MID_T1_D1,R0,S0,
10051,NO_DEMONSTRATED_GAIN,True,False,False,111,111,0,24.303048773137295,24.303048773137295,,False,1.9241863538174816e-10,0,0,0,0,4.959104070753008,4.959104070753008,True,MID_T1_D1,R0,G0,
10051,NO_DEMONSTRATED_GAIN,True,False,False,111,111,0,24.303048773137295,24.303048773137295,,False,1.9241863538174816e-10,0,0,0,0,4.959104070753008,4.959104070753008,True,MID_T1_D1,S0,R0,
10051,NO_DEMONSTRATED_GAIN,True,False,False,111,111,0,24.303048773137295,24.303048773137295,,False,1.9241863538174816e-10,0,0,0,0,4.959104070753008,4.959104070753008,True,MID_T1_D1,S0,S0,
10051,NO_DEMONSTRATED_GAIN,True,False,False,111,111,0,24.303048773137295,24.303048773137295,,False,1.9241863538174816e-10,0,0,0,0,4.959104070753008,4.959104070753008,True,MID_T1_D1,S0,G0,
10051,NO_DEMONSTRATED_GAIN,True,False,False,111,111,0,24.303048773137295,24.303048773137295,,False,1.9241863538174816e-10,0,0,0,0,4.959104070753008,4.959104070753008,True,MID_T1_D1,G0,R0,
10051,NO_DEMONSTRATED_GAIN,True,False,False,111,111,0,24.303048773137295,24.303048773137295,,False,1.9241863538174816e-10,0,0,0,0,4.959104070753008,4.959104070753008,True,MID_T1_D1,G0,S0,
10051,NO_DEMONSTRATED_GAIN,True,False,False,111,111,0,24.303048773137295,24.303048773137295,,False,1.9241863538174816e-10,0,0,0,0,4.959104070753008,4.959104070753008,True,MID_T1_D1,G0,G0,
6556,NO_DEMONSTRATED_GAIN,True,False,False,0,0,0,,,,False,3.366923831187299e-10,0,0,0,0,,,True,MID_T1_D1,R0,R0,
6556,TRADEOFF,False,False,False,97,0,-97,3.95635052034866,,,False,3.366923831187299e-10,0,0,-5,-5,,3.95635052034866,False,MID_T1_D1,R0,S0,COMMON_COVERED_IDENTITIES_LOST;COMMON_GEOMETRIC_PROTECTION_DEGRADED;RAW_WINDOW_COVERAGE_LOST;RAW_WINDOW_IDENTITIES_LOST;RECORD_COVERAGE_LOST
6556,NO_DEMONSTRATED_GAIN,True,False,False,0,0,0,,,,False,3.366923831187299e-10,0,0,0,0,,,True,MID_T1_D1,R0,G0,
6556,SUPPORTED_WITHIN_SCOPE,True,True,False,0,97,97,,,3.95635052034866,False,3.366923831187299e-10,97,138.05994768939556,5,5,3.95635052034866,,False,MID_T1_D1,S0,R0,
6556,NO_DEMONSTRATED_GAIN,True,False,False,97,97,0,3.95635052034866,3.95635052034866,,False,3.366923831187299e-10,0,0,0,0,3.95635052034866,3.95635052034866,True,MID_T1_D1,S0,S0,
6556,SUPPORTED_WITHIN_SCOPE,True,True,False,0,97,97,,,3.95635052034866,False,3.366923831187299e-10,97,138.05994768939556,5,5,3.95635052034866,,False,MID_T1_D1,S0,G0,
6556,NO_DEMONSTRATED_GAIN,True,False,False,0,0,0,,,,False,3.366923831187299e-10,0,0,0,0,,,True,MID_T1_D1,G0,R0,
6556,TRADEOFF,False,False,False,97,0,-97,3.95635052034866,,,False,3.366923831187299e-10,0,0,-5,-5,,3.95635052034866,False,MID_T1_D1,G0,S0,COMMON_COVERED_IDENTITIES_LOST;COMMON_GEOMETRIC_PROTECTION_DEGRADED;RAW_WINDOW_COVERAGE_LOST;RAW_WINDOW_IDENTITIES_LOST;RECORD_COVERAGE_LOST
6556,NO_DEMONSTRATED_GAIN,True,False,False,0,0,0,,,,False,3.366923831187299e-10,0,0,0,0,,,True,MID_T1_D1,G0,G0,
8456,NO_DEMONSTRATED_GAIN,True,False,False,107,107,0,14.696896176882962,14.696896176882962,,False,4.0586190330300665e-10,0,0,0,0,4.576388605280112,4.576388605280112,True,MID_T1_D1,R0,R0,
8456,NO_DEMONSTRATED_GAIN,True,False,False,107,107,0,14.696896176882962,14.696896176882962,,False,4.0586190330300665e-10,0,0,0,0,4.576388605280112,4.576388605280112,True,MID_T1_D1,R0,S0,
8456,NO_DEMONSTRATED_GAIN,True,False,False,107,107,0,14.696896176882962,14.696896176882962,,False,4.0586190330300665e-10,0,0,0,0,4.576388605280112,4.576388605280112,True,MID_T1_D1,R0,G0,
8456,NO_DEMONSTRATED_GAIN,True,False,False,107,107,0,14.696896176882962,14.696896176882962,,False,4.0586190330300665e-10,0,0,0,0,4.576388605280112,4.576388605280112,True,MID_T1_D1,S0,R0,
8456,NO_DEMONSTRATED_GAIN,True,False,False,107,107,0,14.696896176882962,14.696896176882962,,False,4.0586190330300665e-10,0,0,0,0,4.576388605280112,4.576388605280112,True,MID_T1_D1,S0,S0,
8456,NO_DEMONSTRATED_GAIN,True,False,False,107,107,0,14.696896176882962,14.696896176882962,,False,4.0586190330300665e-10,0,0,0,0,4.576388605280112,4.576388605280112,True,MID_T1_D1,S0,G0,
8456,NO_DEMONSTRATED_GAIN,True,False,False,107,107,0,14.696896176882962,14.696896176882962,,False,4.0586190330300665e-10,0,0,0,0,4.576388605280112,4.576388605280112,True,MID_T1_D1,G0,R0,
8456,NO_DEMONSTRATED_GAIN,True,False,False,107,107,0,14.696896176882962,14.696896176882962,,False,4.0586190330300665e-10,0,0,0,0,4.576388605280112,4.576388605280112,True,MID_T1_D1,G0,S0,
8456,NO_DEMONSTRATED_GAIN,True,False,False,107,107,0,14.696896176882962,14.696896176882962,,False,4.0586190330300665e-10,0,0,0,0,4.576388605280112,4.576388605280112,True,MID_T1_D1,G0,G0,
1676,NO_DEMONSTRATED_GAIN,True,False,False,104,104,0,9.38042710482628,9.38042710482628,,False,2.1594185533521225e-10,0,0,0,0,4.645493409369551,4.645493409369551,True,MID_T1_D1,R0,R0,
1676,NO_DEMONSTRATED_GAIN,True,False,False,104,104,0,9.38042710482628,9.38042710482628,,False,2.1594185533521225e-10,0,0,0,0,4.645493409369551,4.645493409369551,True,MID_T1_D1,R0,S0,
1676,NO_DEMONSTRATED_GAIN,True,False,False,104,104,0,9.38042710482628,9.38042710482628,,False,2.1594185533521225e-10,0,0,0,0,4.645493409369551,4.645493409369551,True,MID_T1_D1,R0,G0,
1676,NO_DEMONSTRATED_GAIN,True,False,False,104,104,0,9.38042710482628,9.38042710482628,,False,2.1594185533521225e-10,0,0,0,0,4.645493409369551,4.645493409369551,True,MID_T1_D1,S0,R0,
1676,NO_DEMONSTRATED_GAIN,True,False,False,104,104,0,9.38042710482628,9.38042710482628,,False,2.1594185533521225e-10,0,0,0,0,4.645493409369551,4.645493409369551,True,MID_T1_D1,S0,S0,
1676,NO_DEMONSTRATED_GAIN,True,False,False,104,104,0,9.38042710482628,9.38042710482628,,False,2.1594185533521225e-10,0,0,0,0,4.645493409369551,4.645493409369551,True,MID_T1_D1,S0,G0,
1676,NO_DEMONSTRATED_GAIN,True,False,False,104,104,0,9.38042710482628,9.38042710482628,,False,2.1594185533521225e-10,0,0,0,0,4.645493409369551,4.645493409369551,True,MID_T1_D1,G0,R0,
1676,NO_DEMONSTRATED_GAIN,True,False,False,104,104,0,9.38042710482628,9.38042710482628,,False,2.1594185533521225e-10,0,0,0,0,4.645493409369551,4.645493409369551,True,MID_T1_D1,G0,S0,
1676,NO_DEMONSTRATED_GAIN,True,False,False,104,104,0,9.38042710482628,9.38042710482628,,False,2.1594185533521225e-10,0,0,0,0,4.645493409369551,4.645493409369551,True,MID_T1_D1,G0,G0,
8424,NO_DEMONSTRATED_GAIN,True,False,False,112,112,0,6.359427840179674,6.359427840179674,,False,2.2133460498359134e-10,0,0,0,0,4.795609338956205,4.795609338956205,True,HIGH_T0_D0,R0,R0,
8424,NO_DEMONSTRATED_GAIN,True,False,False,112,112,0,6.359427840179674,6.359427840179674,,False,2.2133460498359134e-10,0,0,0,0,4.795609338956205,4.795609338956205,True,HIGH_T0_D0,R0,S0,
8424,TRADEOFF,False,False,False,112,112,0,4.795609338956205,6.359427840179674,,False,2.2133460498359134e-10,0,0,-2,-2,4.795609338956205,4.795609338956205,False,HIGH_T0_D0,R0,G0,COMMON_GEOMETRIC_PROTECTION_DEGRADED
8424,NO_DEMONSTRATED_GAIN,True,False,False,112,112,0,6.359427840179674,6.359427840179674,,False,2.2133460498359134e-10,0,0,0,0,4.795609338956205,4.795609338956205,True,HIGH_T0_D0,S0,R0,
8424,NO_DEMONSTRATED_GAIN,True,False,False,112,112,0,6.359427840179674,6.359427840179674,,False,2.2133460498359134e-10,0,0,0,0,4.795609338956205,4.795609338956205,True,HIGH_T0_D0,S0,S0,
8424,TRADEOFF,False,False,False,112,112,0,4.795609338956205,6.359427840179674,,False,2.2133460498359134e-10,0,0,-2,-2,4.795609338956205,4.795609338956205,False,HIGH_T0_D0,S0,G0,COMMON_GEOMETRIC_PROTECTION_DEGRADED
8424,SUPPORTED_WITHIN_SCOPE,True,True,False,112,112,0,6.359427840179674,4.795609338956205,,False,2.2133460498359134e-10,0,0,2,2,4.795609338956205,4.795609338956205,False,HIGH_T0_D0,G0,R0,
8424,SUPPORTED_WITHIN_SCOPE,True,True,False,112,112,0,6.359427840179674,4.795609338956205,,False,2.2133460498359134e-10,0,0,2,2,4.795609338956205,4.795609338956205,False,HIGH_T0_D0,G0,S0,
8424,NO_DEMONSTRATED_GAIN,True,False,False,112,112,0,4.795609338956205,4.795609338956205,,False,2.2133460498359134e-10,0,0,0,0,4.795609338956205,4.795609338956205,True,HIGH_T0_D0,G0,G0,
8435,NO_DEMONSTRATED_GAIN,True,False,False,104,104,0,4.837108626025525,4.837108626025525,,False,2.5602619384984e-10,0,0,0,0,4.586505122976801,4.586505122976801,True,HIGH_T0_D0,R0,R0,
8435,NO_DEMONSTRATED_GAIN,True,False,False,104,104,0,4.837108626025525,4.837108626025525,,False,2.5602619384984e-10,0,0,0,0,4.586505122976801,4.586505122976801,True,HIGH_T0_D0,R0,S0,
8435,TRADEOFF,False,False,False,104,104,0,4.586505122976801,4.837108626025525,,False,2.5602619384984e-10,0,0,-1,-1,4.586505122976801,4.586505122976801,False,HIGH_T0_D0,R0,G0,COMMON_GEOMETRIC_PROTECTION_DEGRADED
8435,NO_DEMONSTRATED_GAIN,True,False,False,104,104,0,4.837108626025525,4.837108626025525,,False,2.5602619384984e-10,0,0,0,0,4.586505122976801,4.586505122976801,True,HIGH_T0_D0,S0,R0,
8435,NO_DEMONSTRATED_GAIN,True,False,False,104,104,0,4.837108626025525,4.837108626025525,,False,2.5602619384984e-10,0,0,0,0,4.586505122976801,4.586505122976801,True,HIGH_T0_D0,S0,S0,
8435,TRADEOFF,False,False,False,104,104,0,4.586505122976801,4.837108626025525,,False,2.5602619384984e-10,0,0,-1,-1,4.586505122976801,4.586505122976801,False,HIGH_T0_D0,S0,G0,COMMON_GEOMETRIC_PROTECTION_DEGRADED
8435,SUPPORTED_WITHIN_SCOPE,True,True,False,104,104,0,4.837108626025525,4.586505122976801,,False,2.5602619384984e-10,0,0,1,1,4.586505122976801,4.586505122976801,False,HIGH_T0_D0,G0,R0,
8435,SUPPORTED_WITHIN_SCOPE,True,True,False,104,104,0,4.837108626025525,4.586505122976801,,False,2.5602619384984e-10,0,0,1,1,4.586505122976801,4.586505122976801,False,HIGH_T0_D0,G0,S0,
8435,NO_DEMONSTRATED_GAIN,True,False,False,104,104,0,4.586505122976801,4.586505122976801,,False,2.5602619384984e-10,0,0,0,0,4.586505122976801,4.586505122976801,True,HIGH_T0_D0,G0,G0,
3641,NO_DEMONSTRATED_GAIN,True,False,False,106,106,0,19.27953006556302,19.27953006556302,,False,2.5476572553878153e-10,0,0,0,0,4.93857747294834,4.93857747294834,True,HIGH_T0_D0,R0,R0,
3641,NO_DEMONSTRATED_GAIN,True,False,False,106,106,0,19.27953006556302,19.27953006556302,,False,2.5476572553878153e-10,0,0,0,0,4.93857747294834,4.93857747294834,True,HIGH_T0_D0,R0,S0,
3641,TRADEOFF,False,False,False,106,106,0,4.93857747294834,19.27953006556302,,False,2.5476572553878153e-10,0,0,-1,-1,4.93857747294834,4.93857747294834,False,HIGH_T0_D0,R0,G0,COMMON_GEOMETRIC_PROTECTION_DEGRADED
3641,NO_DEMONSTRATED_GAIN,True,False,False,106,106,0,19.27953006556302,19.27953006556302,,False,2.5476572553878153e-10,0,0,0,0,4.93857747294834,4.93857747294834,True,HIGH_T0_D0,S0,R0,
3641,NO_DEMONSTRATED_GAIN,True,False,False,106,106,0,19.27953006556302,19.27953006556302,,False,2.5476572553878153e-10,0,0,0,0,4.93857747294834,4.93857747294834,True,HIGH_T0_D0,S0,S0,
3641,TRADEOFF,False,False,False,106,106,0,4.93857747294834,19.27953006556302,,False,2.5476572553878153e-10,0,0,-1,-1,4.93857747294834,4.93857747294834,False,HIGH_T0_D0,S0,G0,COMMON_GEOMETRIC_PROTECTION_DEGRADED
3641,SUPPORTED_WITHIN_SCOPE,True,True,False,106,106,0,19.27953006556302,4.93857747294834,,False,2.5476572553878153e-10,0,0,1,1,4.93857747294834,4.93857747294834,False,HIGH_T0_D0,G0,R0,
3641,SUPPORTED_WITHIN_SCOPE,True,True,False,106,106,0,19.27953006556302,4.93857747294834,,False,2.5476572553878153e-10,0,0,1,1,4.93857747294834,4.93857747294834,False,HIGH_T0_D0,G0,S0,
3641,NO_DEMONSTRATED_GAIN,True,False,False,106,106,0,4.93857747294834,4.93857747294834,,False,2.5476572553878153e-10,0,0,0,0,4.93857747294834,4.93857747294834,True,HIGH_T0_D0,G0,G0,
1887,NO_DEMONSTRATED_GAIN,True,False,False,92,92,0,3.2353627251467483,3.2353627251467483,,False,4.121661885051783e-10,0,0,0,0,3.2353627251467483,3.2353627251467483,True,HIGH_T0_D0,R0,R0,
1887,TRADEOFF,False,False,False,98,92,-6,3.2353627251467483,,,False,4.121661885051783e-10,0,0,-5,-5,3.2353627251467483,3.2353627251467483,False,HIGH_T0_D0,R0,S0,COMMON_COVERED_IDENTITIES_LOST;COMMON_GEOMETRIC_PROTECTION_DEGRADED;RAW_WINDOW_COVERAGE_LOST;RAW_WINDOW_IDENTITIES_LOST
1887,NO_DEMONSTRATED_GAIN,True,False,False,92,92,0,3.2353627251467483,3.2353627251467483,,False,4.121661885051783e-10,0,0,0,0,3.2353627251467483,3.2353627251467483,True,HIGH_T0_D0,R0,G0,
1887,SUPPORTED_WITHIN_SCOPE,True,True,False,92,98,6,3.2353627251467483,3.2353627251467483,0.9340531286948498,False,4.121661885051783e-10,6,0.9340531286948498,5,5,3.2353627251467483,3.2353627251467483,False,HIGH_T0_D0,S0,R0,
1887,NO_DEMONSTRATED_GAIN,True,False,False,98,98,0,3.2353627251467483,3.2353627251467483,,False,4.121661885051783e-10,0,0,0,0,3.2353627251467483,3.2353627251467483,True,HIGH_T0_D0,S0,S0,
1887,SUPPORTED_WITHIN_SCOPE,True,True,False,92,98,6,3.2353627251467483,3.2353627251467483,0.9340531286948498,False,4.121661885051783e-10,6,0.9340531286948498,5,5,3.2353627251467483,3.2353627251467483,False,HIGH_T0_D0,S0,G0,
1887,NO_DEMONSTRATED_GAIN,True,False,False,92,92,0,3.2353627251467483,3.2353627251467483,,False,4.121661885051783e-10,0,0,0,0,3.2353627251467483,3.2353627251467483,True,HIGH_T0_D0,G0,R0,
1887,TRADEOFF,False,False,False,98,92,-6,3.2353627251467483,,,False,4.121661885051783e-10,0,0,-5,-5,3.2353627251467483,3.2353627251467483,False,HIGH_T0_D0,G0,S0,COMMON_COVERED_IDENTITIES_LOST;COMMON_GEOMETRIC_PROTECTION_DEGRADED;RAW_WINDOW_COVERAGE_LOST;RAW_WINDOW_IDENTITIES_LOST
1887,NO_DEMONSTRATED_GAIN,True,False,False,92,92,0,3.2353627251467483,3.2353627251467483,,False,4.121661885051783e-10,0,0,0,0,3.2353627251467483,3.2353627251467483,True,HIGH_T0_D0,G0,G0,
7027,NO_DEMONSTRATED_GAIN,True,False,False,107,107,0,18.15573396798886,18.15573396798886,,False,1.9974893551022392e-10,0,0,0,0,4.960391922916612,4.960391922916612,True,HIGH_T0_D0,R0,R0,
7027,NO_DEMONSTRATED_GAIN,True,False,False,107,107,0,18.15573396798886,18.15573396798886,,False,1.9974893551022392e-10,0,0,0,0,4.960391922916612,4.960391922916612,True,HIGH_T0_D0,R0,S0,
7027,TRADEOFF,False,False,False,107,107,0,5.561815466347296,18.15573396798886,,False,1.9974893551022392e-10,0,0,-1,-1,4.960391922916612,4.983222497736624,False,HIGH_T0_D0,R0,G0,COMMON_GEOMETRIC_PROTECTION_DEGRADED
7027,NO_DEMONSTRATED_GAIN,True,False,False,107,107,0,18.15573396798886,18.15573396798886,,False,1.9974893551022392e-10,0,0,0,0,4.960391922916612,4.960391922916612,True,HIGH_T0_D0,S0,R0,
7027,NO_DEMONSTRATED_GAIN,True,False,False,107,107,0,18.15573396798886,18.15573396798886,,False,1.9974893551022392e-10,0,0,0,0,4.960391922916612,4.960391922916612,True,HIGH_T0_D0,S0,S0,
7027,TRADEOFF,False,False,False,107,107,0,5.561815466347296,18.15573396798886,,False,1.9974893551022392e-10,0,0,-1,-1,4.960391922916612,4.983222497736624,False,HIGH_T0_D0,S0,G0,COMMON_GEOMETRIC_PROTECTION_DEGRADED
7027,SUPPORTED_WITHIN_SCOPE,True,True,False,107,107,0,18.15573396798886,5.561815466347296,,False,1.9974893551022392e-10,0,0,1,1,4.983222497736624,4.960391922916612,False,HIGH_T0_D0,G0,R0,
7027,SUPPORTED_WITHIN_SCOPE,True,True,False,107,107,0,18.15573396798886,5.561815466347296,,False,1.9974893551022392e-10,0,0,1,1,4.983222497736624,4.960391922916612,False,HIGH_T0_D0,G0,S0,
7027,NO_DEMONSTRATED_GAIN,True,False,False,107,107,0,5.561815466347296,5.561815466347296,,False,1.9974893551022392e-10,0,0,0,0,4.983222497736624,4.983222497736624,True,HIGH_T0_D0,G0,G0,
7171,NO_DEMONSTRATED_GAIN,True,False,False,116,116,0,72.3331415152164,72.3331415152164,,False,3.3417509932068295e-10,0,0,0,0,4.9733327490458,4.9733327490458,True,HIGH_T0_D0,R0,R0,
7171,NO_DEMONSTRATED_GAIN,True,False,False,116,116,0,72.3331415152164,72.3331415152164,,False,3.3417509932068295e-10,0,0,0,0,4.9733327490458,4.9733327490458,True,HIGH_T0_D0,R0,S0,
7171,TRADEOFF,False,False,False,116,116,0,4.9733327490458,72.3331415152164,,False,3.3417509932068295e-10,0,0,-1,-1,4.9733327490458,4.9733327490458,False,HIGH_T0_D0,R0,G0,COMMON_GEOMETRIC_PROTECTION_DEGRADED
7171,NO_DEMONSTRATED_GAIN,True,False,False,116,116,0,72.3331415152164,72.3331415152164,,False,3.3417509932068295e-10,0,0,0,0,4.9733327490458,4.9733327490458,True,HIGH_T0_D0,S0,R0,
7171,NO_DEMONSTRATED_GAIN,True,False,False,116,116,0,72.3331415152164,72.3331415152164,,False,3.3417509932068295e-10,0,0,0,0,4.9733327490458,4.9733327490458,True,HIGH_T0_D0,S0,S0,
7171,TRADEOFF,False,False,False,116,116,0,4.9733327490458,72.3331415152164,,False,3.3417509932068295e-10,0,0,-1,-1,4.9733327490458,4.9733327490458,False,HIGH_T0_D0,S0,G0,COMMON_GEOMETRIC_PROTECTION_DEGRADED
7171,SUPPORTED_WITHIN_SCOPE,True,True,False,116,116,0,72.3331415152164,4.9733327490458,,False,3.3417509932068295e-10,0,0,1,1,4.9733327490458,4.9733327490458,False,HIGH_T0_D0,G0,R0,
7171,SUPPORTED_WITHIN_SCOPE,True,True,False,116,116,0,72.3331415152164,4.9733327490458,,False,3.3417509932068295e-10,0,0,1,1,4.9733327490458,4.9733327490458,False,HIGH_T0_D0,G0,S0,
7171,NO_DEMONSTRATED_GAIN,True,False,False,116,116,0,4.9733327490458,4.9733327490458,,False,3.3417509932068295e-10,0,0,0,0,4.9733327490458,4.9733327490458,True,HIGH_T0_D0,G0,G0,
11325,NO_DEMONSTRATED_GAIN,True,False,False,101,101,0,96.99419806025864,96.99419806025864,,False,4.05651468778258e-10,0,0,0,0,4.142866660219625,4.142866660219625,True,HIGH_T0_D0,R0,R0,
11325,TRADEOFF,False,False,False,106,101,-5,96.99419806025864,,,False,4.05651468778258e-10,0,0,-4,-4,4.142866660219625,4.142866660219625,False,HIGH_T0_D0,R0,S0,COMMON_COVERED_IDENTITIES_LOST;COMMON_GEOMETRIC_PROTECTION_DEGRADED;RAW_WINDOW_COVERAGE_LOST;RAW_WINDOW_IDENTITIES_LOST
11325,TRADEOFF,False,False,False,101,101,0,4.93336827149322,96.99419806025864,,False,4.05651468778258e-10,0,0,-1,-1,4.142866660219625,4.93336827149322,False,HIGH_T0_D0,R0,G0,COMMON_GEOMETRIC_PROTECTION_DEGRADED
11325,SUPPORTED_WITHIN_SCOPE,True,True,False,101,106,5,96.99419806025864,96.99419806025864,0.275065026189028,False,4.05651468778258e-10,5,0.275065026189028,4,4,4.142866660219625,4.142866660219625,False,HIGH_T0_D0,S0,R0,
11325,NO_DEMONSTRATED_GAIN,True,False,False,106,106,0,96.99419806025864,96.99419806025864,,False,4.05651468778258e-10,0,0,0,0,4.142866660219625,4.142866660219625,True,HIGH_T0_D0,S0,S0,
11325,TRADEOFF,False,False,False,101,106,5,4.93336827149322,96.99419806025864,0.275065026189028,False,4.05651468778258e-10,5,0.275065026189028,3,3,4.142866660219625,4.93336827149322,False,HIGH_T0_D0,S0,G0,COMMON_GEOMETRIC_PROTECTION_DEGRADED
11325,SUPPORTED_WITHIN_SCOPE,True,True,False,101,101,0,96.99419806025864,4.93336827149322,,False,4.05651468778258e-10,0,0,1,1,4.93336827149322,4.142866660219625,False,HIGH_T0_D0,G0,R0,
11325,TRADEOFF,False,False,False,106,101,-5,96.99419806025864,,,False,4.05651468778258e-10,0,0,-3,-3,4.93336827149322,4.142866660219625,False,HIGH_T0_D0,G0,S0,COMMON_COVERED_IDENTITIES_LOST;COMMON_GEOMETRIC_PROTECTION_DEGRADED;RAW_WINDOW_COVERAGE_LOST;RAW_WINDOW_IDENTITIES_LOST
11325,NO_DEMONSTRATED_GAIN,True,False,False,101,101,0,4.93336827149322,4.93336827149322,,False,4.05651468778258e-10,0,0,0,0,4.93336827149322,4.93336827149322,True,HIGH_T0_D0,G0,G0,
4125,NO_DEMONSTRATED_GAIN,True,False,False,97,97,0,23.946741133896435,23.946741133896435,,False,2.2608967393264943e-10,0,0,0,0,4.949831913630092,4.949831913630092,True,HIGH_T0_D0,R0,R0,
4125,NO_DEMONSTRATED_GAIN,True,False,False,97,97,0,23.946741133896435,23.946741133896435,,False,2.2608967393264943e-10,0,0,0,0,4.949831913630092,4.949831913630092,True,HIGH_T0_D0,R0,S0,
4125,TRADEOFF,False,False,False,97,97,0,11.82887967265313,23.946741133896435,,False,2.2608967393264943e-10,0,0,-4,-4,4.949831913630092,4.949831913630092,False,HIGH_T0_D0,R0,G0,COMMON_GEOMETRIC_PROTECTION_DEGRADED
4125,NO_DEMONSTRATED_GAIN,True,False,False,97,97,0,23.946741133896435,23.946741133896435,,False,2.2608967393264943e-10,0,0,0,0,4.949831913630092,4.949831913630092,True,HIGH_T0_D0,S0,R0,
4125,NO_DEMONSTRATED_GAIN,True,False,False,97,97,0,23.946741133896435,23.946741133896435,,False,2.2608967393264943e-10,0,0,0,0,4.949831913630092,4.949831913630092,True,HIGH_T0_D0,S0,S0,
4125,TRADEOFF,False,False,False,97,97,0,11.82887967265313,23.946741133896435,,False,2.2608967393264943e-10,0,0,-4,-4,4.949831913630092,4.949831913630092,False,HIGH_T0_D0,S0,G0,COMMON_GEOMETRIC_PROTECTION_DEGRADED
4125,SUPPORTED_WITHIN_SCOPE,True,True,False,97,97,0,23.946741133896435,11.82887967265313,,False,2.2608967393264943e-10,0,0,4,4,4.949831913630092,4.949831913630092,False,HIGH_T0_D0,G0,R0,
4125,SUPPORTED_WITHIN_SCOPE,True,True,False,97,97,0,23.946741133896435,11.82887967265313,,False,2.2608967393264943e-10,0,0,4,4,4.949831913630092,4.949831913630092,False,HIGH_T0_D0,G0,S0,
4125,NO_DEMONSTRATED_GAIN,True,False,False,97,97,0,11.82887967265313,11.82887967265313,,False,2.2608967393264943e-10,0,0,0,0,4.949831913630092,4.949831913630092,True,HIGH_T0_D0,G0,G0,
7153,NO_DEMONSTRATED_GAIN,True,False,False,82,82,0,31.689758950547454,31.689758950547454,,False,6.420222155639919e-10,0,0,0,0,3.4704181328558494,3.4704181328558494,True,HIGH_T0_D0,R0,R0,
7153,TRADEOFF,False,False,False,87,82,-5,31.689758950547454,,,False,6.420222155639919e-10,0,0,-4,-4,3.4704181328558494,3.4704181328558494,False,HIGH_T0_D0,R0,S0,COMMON_COVERED_IDENTITIES_LOST;COMMON_GEOMETRIC_PROTECTION_DEGRADED;RAW_WINDOW_COVERAGE_LOST;RAW_WINDOW_IDENTITIES_LOST
7153,TRADEOFF,False,False,False,82,82,0,17.58506009245152,31.689758950547454,,False,6.420222155639919e-10,0,0,0,0,3.4704181328558494,4.343482044856208,False,HIGH_T0_D0,R0,G0,COMMON_GEOMETRIC_PROTECTION_DEGRADED
7153,SUPPORTED_WITHIN_SCOPE,True,True,False,82,87,5,31.689758950547454,31.689758950547454,2.8341307376616567,False,6.420222155639919e-10,5,2.8341307376616567,4,4,3.4704181328558494,3.4704181328558494,False,HIGH_T0_D0,S0,R0,
7153,NO_DEMONSTRATED_GAIN,True,False,False,87,87,0,31.689758950547454,31.689758950547454,,False,6.420222155639919e-10,0,0,0,0,3.4704181328558494,3.4704181328558494,True,HIGH_T0_D0,S0,S0,
7153,TRADEOFF,False,False,False,82,87,5,17.58506009245152,31.689758950547454,2.8341307376616567,False,6.420222155639919e-10,5,2.8341307376616567,4,4,3.4704181328558494,4.343482044856208,False,HIGH_T0_D0,S0,G0,COMMON_GEOMETRIC_PROTECTION_DEGRADED
7153,SUPPORTED_WITHIN_SCOPE,True,True,False,82,82,0,31.689758950547454,17.58506009245152,,False,6.420222155639919e-10,0,0,0,0,4.343482044856208,3.4704181328558494,False,HIGH_T0_D0,G0,R0,
7153,TRADEOFF,False,False,False,87,82,-5,31.689758950547454,,,False,6.420222155639919e-10,0,0,-4,-4,4.343482044856208,3.4704181328558494,False,HIGH_T0_D0,G0,S0,COMMON_COVERED_IDENTITIES_LOST;COMMON_GEOMETRIC_PROTECTION_DEGRADED;RAW_WINDOW_COVERAGE_LOST;RAW_WINDOW_IDENTITIES_LOST
7153,NO_DEMONSTRATED_GAIN,True,False,False,82,82,0,17.58506009245152,17.58506009245152,,False,6.420222155639919e-10,0,0,0,0,4.343482044856208,4.343482044856208,True,HIGH_T0_D0,G0,G0,
2192,NO_DEMONSTRATED_GAIN,True,False,False,105,105,0,43.22895679910468,43.22895679910468,,False,1.6515626172253049e-10,0,0,0,0,4.973850259136702,4.973850259136702,True,HIGH_T0_D0,R0,R0,
2192,NO_DEMONSTRATED_GAIN,True,False,False,105,105,0,43.22895679910468,43.22895679910468,,False,1.6515626172253049e-10,0,0,0,0,4.973850259136702,4.973850259136702,True,HIGH_T0_D0,R0,S0,
2192,TRADEOFF,False,False,False,105,105,0,4.973850259136702,43.22895679910468,,False,1.6515626172253049e-10,0,0,0,0,4.973850259136702,4.973850259136702,False,HIGH_T0_D0,R0,G0,COMMON_GEOMETRIC_PROTECTION_DEGRADED
2192,NO_DEMONSTRATED_GAIN,True,False,False,105,105,0,43.22895679910468,43.22895679910468,,False,1.6515626172253049e-10,0,0,0,0,4.973850259136702,4.973850259136702,True,HIGH_T0_D0,S0,R0,
2192,NO_DEMONSTRATED_GAIN,True,False,False,105,105,0,43.22895679910468,43.22895679910468,,False,1.6515626172253049e-10,0,0,0,0,4.973850259136702,4.973850259136702,True,HIGH_T0_D0,S0,S0,
2192,TRADEOFF,False,False,False,105,105,0,4.973850259136702,43.22895679910468,,False,1.6515626172253049e-10,0,0,0,0,4.973850259136702,4.973850259136702,False,HIGH_T0_D0,S0,G0,COMMON_GEOMETRIC_PROTECTION_DEGRADED
2192,SUPPORTED_WITHIN_SCOPE,True,True,False,105,105,0,43.22895679910468,4.973850259136702,,False,1.6515626172253049e-10,0,0,0,0,4.973850259136702,4.973850259136702,False,HIGH_T0_D0,G0,R0,
2192,SUPPORTED_WITHIN_SCOPE,True,True,False,105,105,0,43.22895679910468,4.973850259136702,,False,1.6515626172253049e-10,0,0,0,0,4.973850259136702,4.973850259136702,False,HIGH_T0_D0,G0,S0,
2192,NO_DEMONSTRATED_GAIN,True,False,False,105,105,0,4.973850259136702,4.973850259136702,,False,1.6515626172253049e-10,0,0,0,0,4.973850259136702,4.973850259136702,True,HIGH_T0_D0,G0,G0,
10003,NO_DEMONSTRATED_GAIN,True,False,False,117,117,0,13.735378518183955,13.735378518183955,,False,1.7965988250878354e-10,0,0,0,0,4.91545895198481,4.91545895198481,True,HIGH_T0_D0,R0,R0,
10003,NO_DEMONSTRATED_GAIN,True,False,False,117,117,0,13.735378518183955,13.735378518183955,,False,1.7965988250878354e-10,0,0,0,0,4.91545895198481,4.91545895198481,True,HIGH_T0_D0,R0,S0,
10003,TRADEOFF,False,False,False,117,117,0,4.91545895198481,13.735378518183955,,False,1.7965988250878354e-10,0,0,-1,-1,4.91545895198481,4.91545895198481,False,HIGH_T0_D0,R0,G0,COMMON_GEOMETRIC_PROTECTION_DEGRADED
10003,NO_DEMONSTRATED_GAIN,True,False,False,117,117,0,13.735378518183955,13.735378518183955,,False,1.7965988250878354e-10,0,0,0,0,4.91545895198481,4.91545895198481,True,HIGH_T0_D0,S0,R0,
10003,NO_DEMONSTRATED_GAIN,True,False,False,117,117,0,13.735378518183955,13.735378518183955,,False,1.7965988250878354e-10,0,0,0,0,4.91545895198481,4.91545895198481,True,HIGH_T0_D0,S0,S0,
10003,TRADEOFF,False,False,False,117,117,0,4.91545895198481,13.735378518183955,,False,1.7965988250878354e-10,0,0,-1,-1,4.91545895198481,4.91545895198481,False,HIGH_T0_D0,S0,G0,COMMON_GEOMETRIC_PROTECTION_DEGRADED
10003,SUPPORTED_WITHIN_SCOPE,True,True,False,117,117,0,13.735378518183955,4.91545895198481,,False,1.7965988250878354e-10,0,0,1,1,4.91545895198481,4.91545895198481,False,HIGH_T0_D0,G0,R0,
10003,SUPPORTED_WITHIN_SCOPE,True,True,False,117,117,0,13.735378518183955,4.91545895198481,,False,1.7965988250878354e-10,0,0,1,1,4.91545895198481,4.91545895198481,False,HIGH_T0_D0,G0,S0,
10003,NO_DEMONSTRATED_GAIN,True,False,False,117,117,0,4.91545895198481,4.91545895198481,,False,1.7965988250878354e-10,0,0,0,0,4.91545895198481,4.91545895198481,True,HIGH_T0_D0,G0,G0,
7179,NO_DEMONSTRATED_GAIN,True,False,False,102,102,0,61.4738291008964,61.4738291008964,,False,4.5519829411410796e-10,0,0,0,0,4.97275997871723,4.97275997871723,True,HIGH_T0_D0,R0,R0,
7179,NO_DEMONSTRATED_GAIN,True,False,False,102,102,0,61.4738291008964,61.4738291008964,,False,4.5519829411410796e-10,0,0,0,0,4.97275997871723,4.97275997871723,True,HIGH_T0_D0,R0,S0,
7179,TRADEOFF,False,False,False,102,102,0,4.97275997871723,61.4738291008964,,False,4.5519829411410796e-10,0,0,-1,-1,4.97275997871723,4.97275997871723,False,HIGH_T0_D0,R0,G0,COMMON_GEOMETRIC_PROTECTION_DEGRADED
7179,NO_DEMONSTRATED_GAIN,True,False,False,102,102,0,61.4738291008964,61.4738291008964,,False,4.5519829411410796e-10,0,0,0,0,4.97275997871723,4.97275997871723,True,HIGH_T0_D0,S0,R0,
7179,NO_DEMONSTRATED_GAIN,True,False,False,102,102,0,61.4738291008964,61.4738291008964,,False,4.5519829411410796e-10,0,0,0,0,4.97275997871723,4.97275997871723,True,HIGH_T0_D0,S0,S0,
7179,TRADEOFF,False,False,False,102,102,0,4.97275997871723,61.4738291008964,,False,4.5519829411410796e-10,0,0,-1,-1,4.97275997871723,4.97275997871723,False,HIGH_T0_D0,S0,G0,COMMON_GEOMETRIC_PROTECTION_DEGRADED
7179,SUPPORTED_WITHIN_SCOPE,True,True,False,102,102,0,61.4738291008964,4.97275997871723,,False,4.5519829411410796e-10,0,0,1,1,4.97275997871723,4.97275997871723,False,HIGH_T0_D0,G0,R0,
7179,SUPPORTED_WITHIN_SCOPE,True,True,False,102,102,0,61.4738291008964,4.97275997871723,,False,4.5519829411410796e-10,0,0,1,1,4.97275997871723,4.97275997871723,False,HIGH_T0_D0,G0,S0,
7179,NO_DEMONSTRATED_GAIN,True,False,False,102,102,0,4.97275997871723,4.97275997871723,,False,4.5519829411410796e-10,0,0,0,0,4.97275997871723,4.97275997871723,True,HIGH_T0_D0,G0,G0,
7095,NO_DEMONSTRATED_GAIN,True,False,False,96,96,0,44.40871467587629,44.40871467587629,,False,6.789517198729695e-10,0,0,0,0,4.503129961324831,4.503129961324831,True,HIGH_T0_D1,R0,R0,
7095,NO_DEMONSTRATED_GAIN,True,False,False,96,96,0,44.40871467587629,44.40871467587629,,False,6.789517198729695e-10,0,0,0,0,4.503129961324831,4.503129961324831,True,HIGH_T0_D1,R0,S0,
7095,NO_DEMONSTRATED_GAIN,True,False,False,96,96,0,44.40871467587629,44.40871467587629,,False,6.789517198729695e-10,0,0,-4,-4,4.503129961324831,4.503129961324831,False,HIGH_T0_D1,R0,G0,
7095,NO_DEMONSTRATED_GAIN,True,False,False,96,96,0,44.40871467587629,44.40871467587629,,False,6.789517198729695e-10,0,0,0,0,4.503129961324831,4.503129961324831,True,HIGH_T0_D1,S0,R0,
7095,NO_DEMONSTRATED_GAIN,True,False,False,96,96,0,44.40871467587629,44.40871467587629,,False,6.789517198729695e-10,0,0,0,0,4.503129961324831,4.503129961324831,True,HIGH_T0_D1,S0,S0,
7095,NO_DEMONSTRATED_GAIN,True,False,False,96,96,0,44.40871467587629,44.40871467587629,,False,6.789517198729695e-10,0,0,-4,-4,4.503129961324831,4.503129961324831,False,HIGH_T0_D1,S0,G0,
7095,NO_DEMONSTRATED_GAIN,True,False,False,96,96,0,44.40871467587629,44.40871467587629,,False,6.789517198729695e-10,0,0,4,4,4.503129961324831,4.503129961324831,False,HIGH_T0_D1,G0,R0,
7095,NO_DEMONSTRATED_GAIN,True,False,False,96,96,0,44.40871467587629,44.40871467587629,,False,6.789517198729695e-10,0,0,4,4,4.503129961324831,4.503129961324831,False,HIGH_T0_D1,G0,S0,
7095,NO_DEMONSTRATED_GAIN,True,False,False,96,96,0,44.40871467587629,44.40871467587629,,False,6.789517198729695e-10,0,0,0,0,4.503129961324831,4.503129961324831,True,HIGH_T0_D1,G0,G0,
10978,NO_DEMONSTRATED_GAIN,True,False,False,105,105,0,10.365439421318406,10.365439421318406,,False,1.0481316643935503e-10,0,0,0,0,4.747971866029951,4.747971866029951,True,HIGH_T0_D1,R0,R0,
10978,NO_DEMONSTRATED_GAIN,True,False,False,105,105,0,10.365439421318406,10.365439421318406,,False,1.0481316643935503e-10,0,0,0,0,4.747971866029951,4.747971866029951,True,HIGH_T0_D1,R0,S0,
10978,TRADEOFF,False,False,False,105,105,0,4.747971866029951,10.365439421318406,,False,1.0481316643935503e-10,0,0,-2,-2,4.747971866029951,4.747971866029951,False,HIGH_T0_D1,R0,G0,COMMON_GEOMETRIC_PROTECTION_DEGRADED
10978,NO_DEMONSTRATED_GAIN,True,False,False,105,105,0,10.365439421318406,10.365439421318406,,False,1.0481316643935503e-10,0,0,0,0,4.747971866029951,4.747971866029951,True,HIGH_T0_D1,S0,R0,
10978,NO_DEMONSTRATED_GAIN,True,False,False,105,105,0,10.365439421318406,10.365439421318406,,False,1.0481316643935503e-10,0,0,0,0,4.747971866029951,4.747971866029951,True,HIGH_T0_D1,S0,S0,
10978,TRADEOFF,False,False,False,105,105,0,4.747971866029951,10.365439421318406,,False,1.0481316643935503e-10,0,0,-2,-2,4.747971866029951,4.747971866029951,False,HIGH_T0_D1,S0,G0,COMMON_GEOMETRIC_PROTECTION_DEGRADED
10978,SUPPORTED_WITHIN_SCOPE,True,True,False,105,105,0,10.365439421318406,4.747971866029951,,False,1.0481316643935503e-10,0,0,2,2,4.747971866029951,4.747971866029951,False,HIGH_T0_D1,G0,R0,
10978,SUPPORTED_WITHIN_SCOPE,True,True,False,105,105,0,10.365439421318406,4.747971866029951,,False,1.0481316643935503e-10,0,0,2,2,4.747971866029951,4.747971866029951,False,HIGH_T0_D1,G0,S0,
10978,NO_DEMONSTRATED_GAIN,True,False,False,105,105,0,4.747971866029951,4.747971866029951,,False,1.0481316643935503e-10,0,0,0,0,4.747971866029951,4.747971866029951,True,HIGH_T0_D1,G0,G0,
2950,NO_DEMONSTRATED_GAIN,True,False,False,104,104,0,6.530120004672493,6.530120004672493,,False,5.308794274677932e-10,0,0,0,0,4.688698267100705,4.688698267100705,True,HIGH_T0_D1,R0,R0,
2950,NO_DEMONSTRATED_GAIN,True,False,False,104,104,0,6.530120004672493,6.530120004672493,,False,5.308794274677932e-10,0,0,0,0,4.688698267100705,4.688698267100705,True,HIGH_T0_D1,R0,S0,
2950,TRADEOFF,False,False,False,104,104,0,4.688698267100705,6.530120004672493,,False,5.308794274677932e-10,0,0,0,0,4.688698267100705,4.688698267100705,False,HIGH_T0_D1,R0,G0,COMMON_GEOMETRIC_PROTECTION_DEGRADED
2950,NO_DEMONSTRATED_GAIN,True,False,False,104,104,0,6.530120004672493,6.530120004672493,,False,5.308794274677932e-10,0,0,0,0,4.688698267100705,4.688698267100705,True,HIGH_T0_D1,S0,R0,
2950,NO_DEMONSTRATED_GAIN,True,False,False,104,104,0,6.530120004672493,6.530120004672493,,False,5.308794274677932e-10,0,0,0,0,4.688698267100705,4.688698267100705,True,HIGH_T0_D1,S0,S0,
2950,TRADEOFF,False,False,False,104,104,0,4.688698267100705,6.530120004672493,,False,5.308794274677932e-10,0,0,0,0,4.688698267100705,4.688698267100705,False,HIGH_T0_D1,S0,G0,COMMON_GEOMETRIC_PROTECTION_DEGRADED
2950,SUPPORTED_WITHIN_SCOPE,True,True,False,104,104,0,6.530120004672493,4.688698267100705,,False,5.308794274677932e-10,0,0,0,0,4.688698267100705,4.688698267100705,False,HIGH_T0_D1,G0,R0,
2950,SUPPORTED_WITHIN_SCOPE,True,True,False,104,104,0,6.530120004672493,4.688698267100705,,False,5.308794274677932e-10,0,0,0,0,4.688698267100705,4.688698267100705,False,HIGH_T0_D1,G0,S0,
2950,NO_DEMONSTRATED_GAIN,True,False,False,104,104,0,4.688698267100705,4.688698267100705,,False,5.308794274677932e-10,0,0,0,0,4.688698267100705,4.688698267100705,True,HIGH_T0_D1,G0,G0,
11065,NO_DEMONSTRATED_GAIN,True,False,False,81,81,0,4.553519474316154,4.553519474316154,,False,4.94308476519603e-10,0,0,0,0,4.553519474316154,4.553519474316154,True,HIGH_T0_D1,R0,R0,
11065,NO_DEMONSTRATED_GAIN,True,False,False,81,81,0,4.553519474316154,4.553519474316154,,False,4.94308476519603e-10,0,0,0,0,4.553519474316154,4.553519474316154,True,HIGH_T0_D1,R0,S0,
11065,NO_DEMONSTRATED_GAIN,True,False,False,81,81,0,4.553519474316154,4.553519474316154,,False,4.94308476519603e-10,0,0,0,0,4.553519474316154,4.553519474316154,True,HIGH_T0_D1,R0,G0,
11065,NO_DEMONSTRATED_GAIN,True,False,False,81,81,0,4.553519474316154,4.553519474316154,,False,4.94308476519603e-10,0,0,0,0,4.553519474316154,4.553519474316154,True,HIGH_T0_D1,S0,R0,
11065,NO_DEMONSTRATED_GAIN,True,False,False,81,81,0,4.553519474316154,4.553519474316154,,False,4.94308476519603e-10,0,0,0,0,4.553519474316154,4.553519474316154,True,HIGH_T0_D1,S0,S0,
11065,NO_DEMONSTRATED_GAIN,True,False,False,81,81,0,4.553519474316154,4.553519474316154,,False,4.94308476519603e-10,0,0,0,0,4.553519474316154,4.553519474316154,True,HIGH_T0_D1,S0,G0,
11065,NO_DEMONSTRATED_GAIN,True,False,False,81,81,0,4.553519474316154,4.553519474316154,,False,4.94308476519603e-10,0,0,0,0,4.553519474316154,4.553519474316154,True,HIGH_T0_D1,G0,R0,
11065,NO_DEMONSTRATED_GAIN,True,False,False,81,81,0,4.553519474316154,4.553519474316154,,False,4.94308476519603e-10,0,0,0,0,4.553519474316154,4.553519474316154,True,HIGH_T0_D1,G0,S0,
11065,NO_DEMONSTRATED_GAIN,True,False,False,81,81,0,4.553519474316154,4.553519474316154,,False,4.94308476519603e-10,0,0,0,0,4.553519474316154,4.553519474316154,True,HIGH_T0_D1,G0,G0,
9407,NO_DEMONSTRATED_GAIN,True,False,False,107,107,0,9.142186227227226,9.142186227227226,,False,1.1660152469786449e-10,0,0,0,0,4.974789634343177,4.974789634343177,True,HIGH_T0_D1,R0,R0,
9407,NO_DEMONSTRATED_GAIN,True,False,False,107,107,0,9.142186227227226,9.142186227227226,,False,1.1660152469786449e-10,0,0,0,0,4.974789634343177,4.974789634343177,True,HIGH_T0_D1,R0,S0,
9407,TRADEOFF,False,False,False,107,107,0,4.974789634343177,9.142186227227226,,False,1.1660152469786449e-10,0,0,-2,-2,4.974789634343177,4.974789634343177,False,HIGH_T0_D1,R0,G0,COMMON_GEOMETRIC_PROTECTION_DEGRADED
9407,NO_DEMONSTRATED_GAIN,True,False,False,107,107,0,9.142186227227226,9.142186227227226,,False,1.1660152469786449e-10,0,0,0,0,4.974789634343177,4.974789634343177,True,HIGH_T0_D1,S0,R0,
9407,NO_DEMONSTRATED_GAIN,True,False,False,107,107,0,9.142186227227226,9.142186227227226,,False,1.1660152469786449e-10,0,0,0,0,4.974789634343177,4.974789634343177,True,HIGH_T0_D1,S0,S0,
9407,TRADEOFF,False,False,False,107,107,0,4.974789634343177,9.142186227227226,,False,1.1660152469786449e-10,0,0,-2,-2,4.974789634343177,4.974789634343177,False,HIGH_T0_D1,S0,G0,COMMON_GEOMETRIC_PROTECTION_DEGRADED
9407,SUPPORTED_WITHIN_SCOPE,True,True,False,107,107,0,9.142186227227226,4.974789634343177,,False,1.1660152469786449e-10,0,0,2,2,4.974789634343177,4.974789634343177,False,HIGH_T0_D1,G0,R0,
9407,SUPPORTED_WITHIN_SCOPE,True,True,False,107,107,0,9.142186227227226,4.974789634343177,,False,1.1660152469786449e-10,0,0,2,2,4.974789634343177,4.974789634343177,False,HIGH_T0_D1,G0,S0,
9407,NO_DEMONSTRATED_GAIN,True,False,False,107,107,0,4.974789634343177,4.974789634343177,,False,1.1660152469786449e-10,0,0,0,0,4.974789634343177,4.974789634343177,True,HIGH_T0_D1,G0,G0,
2225,NO_DEMONSTRATED_GAIN,True,False,False,99,99,0,4.770390772108749,4.770390772108749,,False,2.0373996127890673e-10,0,0,0,0,4.770390772108749,4.770390772108749,True,HIGH_T0_D1,R0,R0,
2225,NO_DEMONSTRATED_GAIN,True,False,False,99,99,0,4.770390772108749,4.770390772108749,,False,2.0373996127890673e-10,0,0,0,0,4.770390772108749,4.770390772108749,True,HIGH_T0_D1,R0,S0,
2225,NO_DEMONSTRATED_GAIN,True,False,False,99,99,0,4.770390772108749,4.770390772108749,,False,2.0373996127890673e-10,0,0,0,0,4.770390772108749,4.770390772108749,True,HIGH_T0_D1,R0,G0,
2225,NO_DEMONSTRATED_GAIN,True,False,False,99,99,0,4.770390772108749,4.770390772108749,,False,2.0373996127890673e-10,0,0,0,0,4.770390772108749,4.770390772108749,True,HIGH_T0_D1,S0,R0,
2225,NO_DEMONSTRATED_GAIN,True,False,False,99,99,0,4.770390772108749,4.770390772108749,,False,2.0373996127890673e-10,0,0,0,0,4.770390772108749,4.770390772108749,True,HIGH_T0_D1,S0,S0,
2225,NO_DEMONSTRATED_GAIN,True,False,False,99,99,0,4.770390772108749,4.770390772108749,,False,2.0373996127890673e-10,0,0,0,0,4.770390772108749,4.770390772108749,True,HIGH_T0_D1,S0,G0,
2225,NO_DEMONSTRATED_GAIN,True,False,False,99,99,0,4.770390772108749,4.770390772108749,,False,2.0373996127890673e-10,0,0,0,0,4.770390772108749,4.770390772108749,True,HIGH_T0_D1,G0,R0,
2225,NO_DEMONSTRATED_GAIN,True,False,False,99,99,0,4.770390772108749,4.770390772108749,,False,2.0373996127890673e-10,0,0,0,0,4.770390772108749,4.770390772108749,True,HIGH_T0_D1,G0,S0,
2225,NO_DEMONSTRATED_GAIN,True,False,False,99,99,0,4.770390772108749,4.770390772108749,,False,2.0373996127890673e-10,0,0,0,0,4.770390772108749,4.770390772108749,True,HIGH_T0_D1,G0,G0,
822,NO_DEMONSTRATED_GAIN,True,False,False,105,105,0,7.928371529974388,7.928371529974388,,False,2.994635893875364e-10,0,0,0,0,4.079650280604695,4.079650280604695,True,HIGH_T0_D1,R0,R0,
822,NO_DEMONSTRATED_GAIN,True,False,False,105,105,0,7.928371529974388,7.928371529974388,,False,2.994635893875364e-10,0,0,0,0,4.079650280604695,4.079650280604695,True,HIGH_T0_D1,R0,S0,
822,TRADEOFF,False,False,False,105,105,0,4.855193626325398,7.928371529974388,,False,2.994635893875364e-10,0,0,-1,-1,4.079650280604695,4.079650280604695,False,HIGH_T0_D1,R0,G0,COMMON_GEOMETRIC_PROTECTION_DEGRADED
822,NO_DEMONSTRATED_GAIN,True,False,False,105,105,0,7.928371529974388,7.928371529974388,,False,2.994635893875364e-10,0,0,0,0,4.079650280604695,4.079650280604695,True,HIGH_T0_D1,S0,R0,
822,NO_DEMONSTRATED_GAIN,True,False,False,105,105,0,7.928371529974388,7.928371529974388,,False,2.994635893875364e-10,0,0,0,0,4.079650280604695,4.079650280604695,True,HIGH_T0_D1,S0,S0,
822,TRADEOFF,False,False,False,105,105,0,4.855193626325398,7.928371529974388,,False,2.994635893875364e-10,0,0,-1,-1,4.079650280604695,4.079650280604695,False,HIGH_T0_D1,S0,G0,COMMON_GEOMETRIC_PROTECTION_DEGRADED
822,SUPPORTED_WITHIN_SCOPE,True,True,False,105,105,0,7.928371529974388,4.855193626325398,,False,2.994635893875364e-10,0,0,1,1,4.079650280604695,4.079650280604695,False,HIGH_T0_D1,G0,R0,
822,SUPPORTED_WITHIN_SCOPE,True,True,False,105,105,0,7.928371529974388,4.855193626325398,,False,2.994635893875364e-10,0,0,1,1,4.079650280604695,4.079650280604695,False,HIGH_T0_D1,G0,S0,
822,NO_DEMONSTRATED_GAIN,True,False,False,105,105,0,4.855193626325398,4.855193626325398,,False,2.994635893875364e-10,0,0,0,0,4.079650280604695,4.079650280604695,True,HIGH_T0_D1,G0,G0,
9996,NO_DEMONSTRATED_GAIN,True,False,False,109,109,0,4.743691359129336,4.743691359129336,,False,1.420499213511421e-10,0,0,0,0,4.743691359129336,4.743691359129336,True,HIGH_T0_D1,R0,R0,
9996,NO_DEMONSTRATED_GAIN,True,False,False,109,109,0,4.743691359129336,4.743691359129336,,False,1.420499213511421e-10,0,0,0,0,4.743691359129336,4.743691359129336,True,HIGH_T0_D1,R0,S0,
9996,NO_DEMONSTRATED_GAIN,True,False,False,109,109,0,4.743691359129336,4.743691359129336,,False,1.420499213511421e-10,0,0,0,0,4.743691359129336,4.743691359129336,False,HIGH_T0_D1,R0,G0,
9996,NO_DEMONSTRATED_GAIN,True,False,False,109,109,0,4.743691359129336,4.743691359129336,,False,1.420499213511421e-10,0,0,0,0,4.743691359129336,4.743691359129336,True,HIGH_T0_D1,S0,R0,
9996,NO_DEMONSTRATED_GAIN,True,False,False,109,109,0,4.743691359129336,4.743691359129336,,False,1.420499213511421e-10,0,0,0,0,4.743691359129336,4.743691359129336,True,HIGH_T0_D1,S0,S0,
9996,NO_DEMONSTRATED_GAIN,True,False,False,109,109,0,4.743691359129336,4.743691359129336,,False,1.420499213511421e-10,0,0,0,0,4.743691359129336,4.743691359129336,False,HIGH_T0_D1,S0,G0,
9996,NO_DEMONSTRATED_GAIN,True,False,False,109,109,0,4.743691359129336,4.743691359129336,,False,1.420499213511421e-10,0,0,0,0,4.743691359129336,4.743691359129336,False,HIGH_T0_D1,G0,R0,
9996,NO_DEMONSTRATED_GAIN,True,False,False,109,109,0,4.743691359129336,4.743691359129336,,False,1.420499213511421e-10,0,0,0,0,4.743691359129336,4.743691359129336,False,HIGH_T0_D1,G0,S0,
9996,NO_DEMONSTRATED_GAIN,True,False,False,109,109,0,4.743691359129336,4.743691359129336,,False,1.420499213511421e-10,0,0,0,0,4.743691359129336,4.743691359129336,True,HIGH_T0_D1,G0,G0,
7289,NO_DEMONSTRATED_GAIN,True,False,False,109,109,0,4.540934016327228,4.540934016327228,,False,6.840411039092823e-10,0,0,0,0,4.540934016327228,4.540934016327228,True,HIGH_T0_D1,R0,R0,
7289,TRADEOFF,False,False,False,113,109,-4,4.540934016327228,,,False,6.840411039092823e-10,0,0,-2,-2,4.540934016327228,4.540934016327228,False,HIGH_T0_D1,R0,S0,COMMON_COVERED_IDENTITIES_LOST;COMMON_GEOMETRIC_PROTECTION_DEGRADED;RAW_WINDOW_COVERAGE_LOST;RAW_WINDOW_IDENTITIES_LOST
7289,NO_DEMONSTRATED_GAIN,True,False,False,109,109,0,4.540934016327228,4.540934016327228,,False,6.840411039092823e-10,0,0,0,0,4.540934016327228,4.540934016327228,True,HIGH_T0_D1,R0,G0,
7289,SUPPORTED_WITHIN_SCOPE,True,True,False,109,113,4,4.540934016327228,4.540934016327228,1.3788369721972882,False,6.840411039092823e-10,4,1.70088321065258,2,2,4.540934016327228,4.540934016327228,False,HIGH_T0_D1,S0,R0,
7289,NO_DEMONSTRATED_GAIN,True,False,False,113,113,0,4.540934016327228,4.540934016327228,,False,6.840411039092823e-10,0,0,0,0,4.540934016327228,4.540934016327228,True,HIGH_T0_D1,S0,S0,
7289,SUPPORTED_WITHIN_SCOPE,True,True,False,109,113,4,4.540934016327228,4.540934016327228,1.3788369721972882,False,6.840411039092823e-10,4,1.70088321065258,2,2,4.540934016327228,4.540934016327228,False,HIGH_T0_D1,S0,G0,
7289,NO_DEMONSTRATED_GAIN,True,False,False,109,109,0,4.540934016327228,4.540934016327228,,False,6.840411039092823e-10,0,0,0,0,4.540934016327228,4.540934016327228,True,HIGH_T0_D1,G0,R0,
7289,TRADEOFF,False,False,False,113,109,-4,4.540934016327228,,,False,6.840411039092823e-10,0,0,-2,-2,4.540934016327228,4.540934016327228,False,HIGH_T0_D1,G0,S0,COMMON_COVERED_IDENTITIES_LOST;COMMON_GEOMETRIC_PROTECTION_DEGRADED;RAW_WINDOW_COVERAGE_LOST;RAW_WINDOW_IDENTITIES_LOST
7289,NO_DEMONSTRATED_GAIN,True,False,False,109,109,0,4.540934016327228,4.540934016327228,,False,6.840411039092823e-10,0,0,0,0,4.540934016327228,4.540934016327228,True,HIGH_T0_D1,G0,G0,
8617,NO_DEMONSTRATED_GAIN,True,False,False,105,105,0,7.991788701128825,7.991788701128825,,False,3.2185218050348077e-10,0,0,0,0,4.914995680966151,4.914995680966151,True,HIGH_T0_D1,R0,R0,
8617,NO_DEMONSTRATED_GAIN,True,False,False,105,105,0,7.991788701128825,7.991788701128825,,False,3.2185218050348077e-10,0,0,0,0,4.914995680966151,4.914995680966151,True,HIGH_T0_D1,R0,S0,
8617,TRADEOFF,False,False,False,105,105,0,4.914995680966151,7.991788701128825,,False,3.2185218050348077e-10,0,0,-2,-2,4.914995680966151,4.914995680966151,False,HIGH_T0_D1,R0,G0,COMMON_GEOMETRIC_PROTECTION_DEGRADED
8617,NO_DEMONSTRATED_GAIN,True,False,False,105,105,0,7.991788701128825,7.991788701128825,,False,3.2185218050348077e-10,0,0,0,0,4.914995680966151,4.914995680966151,True,HIGH_T0_D1,S0,R0,
8617,NO_DEMONSTRATED_GAIN,True,False,False,105,105,0,7.991788701128825,7.991788701128825,,False,3.2185218050348077e-10,0,0,0,0,4.914995680966151,4.914995680966151,True,HIGH_T0_D1,S0,S0,
8617,TRADEOFF,False,False,False,105,105,0,4.914995680966151,7.991788701128825,,False,3.2185218050348077e-10,0,0,-2,-2,4.914995680966151,4.914995680966151,False,HIGH_T0_D1,S0,G0,COMMON_GEOMETRIC_PROTECTION_DEGRADED
8617,SUPPORTED_WITHIN_SCOPE,True,True,False,105,105,0,7.991788701128825,4.914995680966151,,False,3.2185218050348077e-10,0,0,2,2,4.914995680966151,4.914995680966151,False,HIGH_T0_D1,G0,R0,
8617,SUPPORTED_WITHIN_SCOPE,True,True,False,105,105,0,7.991788701128825,4.914995680966151,,False,3.2185218050348077e-10,0,0,2,2,4.914995680966151,4.914995680966151,False,HIGH_T0_D1,G0,S0,
8617,NO_DEMONSTRATED_GAIN,True,False,False,105,105,0,4.914995680966151,4.914995680966151,,False,3.2185218050348077e-10,0,0,0,0,4.914995680966151,4.914995680966151,True,HIGH_T0_D1,G0,G0,
2064,NO_DEMONSTRATED_GAIN,True,False,False,101,101,0,28.481835625105628,28.481835625105628,,False,2.699169811489435e-10,0,0,0,0,4.617574461613077,4.617574461613077,True,HIGH_T0_D1,R0,R0,
2064,NO_DEMONSTRATED_GAIN,True,False,False,101,101,0,28.481835625105628,28.481835625105628,,False,2.699169811489435e-10,0,0,0,0,4.617574461613077,4.617574461613077,True,HIGH_T0_D1,R0,S0,
2064,TRADEOFF,False,False,False,101,101,0,4.617574461613077,28.481835625105628,,False,2.699169811489435e-10,0,0,-2,-2,4.617574461613077,4.617574461613077,False,HIGH_T0_D1,R0,G0,COMMON_GEOMETRIC_PROTECTION_DEGRADED
2064,NO_DEMONSTRATED_GAIN,True,False,False,101,101,0,28.481835625105628,28.481835625105628,,False,2.699169811489435e-10,0,0,0,0,4.617574461613077,4.617574461613077,True,HIGH_T0_D1,S0,R0,
2064,NO_DEMONSTRATED_GAIN,True,False,False,101,101,0,28.481835625105628,28.481835625105628,,False,2.699169811489435e-10,0,0,0,0,4.617574461613077,4.617574461613077,True,HIGH_T0_D1,S0,S0,
2064,TRADEOFF,False,False,False,101,101,0,4.617574461613077,28.481835625105628,,False,2.699169811489435e-10,0,0,-2,-2,4.617574461613077,4.617574461613077,False,HIGH_T0_D1,S0,G0,COMMON_GEOMETRIC_PROTECTION_DEGRADED
2064,SUPPORTED_WITHIN_SCOPE,True,True,False,101,101,0,28.481835625105628,4.617574461613077,,False,2.699169811489435e-10,0,0,2,2,4.617574461613077,4.617574461613077,False,HIGH_T0_D1,G0,R0,
2064,SUPPORTED_WITHIN_SCOPE,True,True,False,101,101,0,28.481835625105628,4.617574461613077,,False,2.699169811489435e-10,0,0,2,2,4.617574461613077,4.617574461613077,False,HIGH_T0_D1,G0,S0,
2064,NO_DEMONSTRATED_GAIN,True,False,False,101,101,0,4.617574461613077,4.617574461613077,,False,2.699169811489435e-10,0,0,0,0,4.617574461613077,4.617574461613077,True,HIGH_T0_D1,G0,G0,
7253,NO_DEMONSTRATED_GAIN,True,False,False,103,103,0,8.573982519227455,8.573982519227455,,False,3.691930750070522e-10,0,0,0,0,4.739723469728434,4.739723469728434,True,HIGH_T0_D1,R0,R0,
7253,NO_DEMONSTRATED_GAIN,True,False,False,103,103,0,8.573982519227455,8.573982519227455,,False,3.691930750070522e-10,0,0,0,0,4.739723469728434,4.739723469728434,True,HIGH_T0_D1,R0,S0,
7253,TRADEOFF,False,False,False,103,103,0,4.739723469728434,8.573982519227455,,False,3.691930750070522e-10,0,0,2,2,4.739723469728434,4.739723469728434,False,HIGH_T0_D1,R0,G0,COMMON_GEOMETRIC_PROTECTION_DEGRADED
7253,NO_DEMONSTRATED_GAIN,True,False,False,103,103,0,8.573982519227455,8.573982519227455,,False,3.691930750070522e-10,0,0,0,0,4.739723469728434,4.739723469728434,True,HIGH_T0_D1,S0,R0,
7253,NO_DEMONSTRATED_GAIN,True,False,False,103,103,0,8.573982519227455,8.573982519227455,,False,3.691930750070522e-10,0,0,0,0,4.739723469728434,4.739723469728434,True,HIGH_T0_D1,S0,S0,
7253,TRADEOFF,False,False,False,103,103,0,4.739723469728434,8.573982519227455,,False,3.691930750070522e-10,0,0,2,2,4.739723469728434,4.739723469728434,False,HIGH_T0_D1,S0,G0,COMMON_GEOMETRIC_PROTECTION_DEGRADED
7253,SUPPORTED_WITHIN_SCOPE,True,True,False,103,103,0,8.573982519227455,4.739723469728434,,False,3.691930750070522e-10,0,0,-2,-2,4.739723469728434,4.739723469728434,False,HIGH_T0_D1,G0,R0,
7253,SUPPORTED_WITHIN_SCOPE,True,True,False,103,103,0,8.573982519227455,4.739723469728434,,False,3.691930750070522e-10,0,0,-2,-2,4.739723469728434,4.739723469728434,False,HIGH_T0_D1,G0,S0,
7253,NO_DEMONSTRATED_GAIN,True,False,False,103,103,0,4.739723469728434,4.739723469728434,,False,3.691930750070522e-10,0,0,0,0,4.739723469728434,4.739723469728434,True,HIGH_T0_D1,G0,G0,
3265,NO_DEMONSTRATED_GAIN,True,False,False,96,96,0,65.19805526289588,65.19805526289588,,False,1.222600181193853e-09,0,0,0,0,4.991809407748854,4.991809407748854,True,HIGH_T1_D0,R0,R0,
3265,TRADEOFF,False,False,False,99,96,-3,65.19805526289588,,,False,1.222600181193853e-09,0,0,-2,-2,4.991809407748854,4.991809407748854,False,HIGH_T1_D0,R0,S0,COMMON_COVERED_IDENTITIES_LOST;COMMON_GEOMETRIC_PROTECTION_DEGRADED;RAW_WINDOW_COVERAGE_LOST;RAW_WINDOW_IDENTITIES_LOST
3265,NO_DEMONSTRATED_GAIN,True,False,False,96,96,0,65.19805526289588,65.19805526289588,,False,1.222600181193853e-09,0,0,0,0,4.991809407748854,4.991809407748854,True,HIGH_T1_D0,R0,G0,
3265,SUPPORTED_WITHIN_SCOPE,True,True,False,96,99,3,65.19805526289588,65.19805526289588,0.1707584125635106,False,1.222600181193853e-09,3,0.1707584125635106,2,2,4.991809407748854,4.991809407748854,False,HIGH_T1_D0,S0,R0,
3265,NO_DEMONSTRATED_GAIN,True,False,False,99,99,0,65.19805526289588,65.19805526289588,,False,1.222600181193853e-09,0,0,0,0,4.991809407748854,4.991809407748854,True,HIGH_T1_D0,S0,S0,
3265,SUPPORTED_WITHIN_SCOPE,True,True,False,96,99,3,65.19805526289588,65.19805526289588,0.1707584125635106,False,1.222600181193853e-09,3,0.1707584125635106,2,2,4.991809407748854,4.991809407748854,False,HIGH_T1_D0,S0,G0,
3265,NO_DEMONSTRATED_GAIN,True,False,False,96,96,0,65.19805526289588,65.19805526289588,,False,1.222600181193853e-09,0,0,0,0,4.991809407748854,4.991809407748854,True,HIGH_T1_D0,G0,R0,
3265,TRADEOFF,False,False,False,99,96,-3,65.19805526289588,,,False,1.222600181193853e-09,0,0,-2,-2,4.991809407748854,4.991809407748854,False,HIGH_T1_D0,G0,S0,COMMON_COVERED_IDENTITIES_LOST;COMMON_GEOMETRIC_PROTECTION_DEGRADED;RAW_WINDOW_COVERAGE_LOST;RAW_WINDOW_IDENTITIES_LOST
3265,NO_DEMONSTRATED_GAIN,True,False,False,96,96,0,65.19805526289588,65.19805526289588,,False,1.222600181193853e-09,0,0,0,0,4.991809407748854,4.991809407748854,True,HIGH_T1_D0,G0,G0,
4678,NO_DEMONSTRATED_GAIN,True,False,False,101,101,0,14.185982475596248,14.185982475596248,,False,1.771892658437076e-10,0,0,0,0,4.597370243973806,4.597370243973806,True,HIGH_T1_D0,R0,R0,
4678,TRADEOFF,False,False,False,109,101,-8,14.185982475596248,,,False,1.771892658437076e-10,0,0,-8,-8,4.597370243973806,4.597370243973806,False,HIGH_T1_D0,R0,S0,COMMON_COVERED_IDENTITIES_LOST;COMMON_GEOMETRIC_PROTECTION_DEGRADED;RAW_WINDOW_COVERAGE_LOST;RAW_WINDOW_IDENTITIES_LOST
4678,NO_DEMONSTRATED_GAIN,True,False,False,101,101,0,14.185982475596248,14.185982475596248,,False,1.771892658437076e-10,0,0,0,0,4.597370243973806,4.597370243973806,True,HIGH_T1_D0,R0,G0,
4678,SUPPORTED_WITHIN_SCOPE,True,True,False,101,109,8,14.185982475596248,14.185982475596248,0.0,False,1.771892658437076e-10,8,0.0,8,8,4.597370243973806,4.597370243973806,False,HIGH_T1_D0,S0,R0,
4678,NO_DEMONSTRATED_GAIN,True,False,False,109,109,0,14.185982475596248,14.185982475596248,,False,1.771892658437076e-10,0,0,0,0,4.597370243973806,4.597370243973806,True,HIGH_T1_D0,S0,S0,
4678,SUPPORTED_WITHIN_SCOPE,True,True,False,101,109,8,14.185982475596248,14.185982475596248,0.0,False,1.771892658437076e-10,8,0.0,8,8,4.597370243973806,4.597370243973806,False,HIGH_T1_D0,S0,G0,
4678,NO_DEMONSTRATED_GAIN,True,False,False,101,101,0,14.185982475596248,14.185982475596248,,False,1.771892658437076e-10,0,0,0,0,4.597370243973806,4.597370243973806,True,HIGH_T1_D0,G0,R0,
4678,TRADEOFF,False,False,False,109,101,-8,14.185982475596248,,,False,1.771892658437076e-10,0,0,-8,-8,4.597370243973806,4.597370243973806,False,HIGH_T1_D0,G0,S0,COMMON_COVERED_IDENTITIES_LOST;COMMON_GEOMETRIC_PROTECTION_DEGRADED;RAW_WINDOW_COVERAGE_LOST;RAW_WINDOW_IDENTITIES_LOST
4678,NO_DEMONSTRATED_GAIN,True,False,False,101,101,0,14.185982475596248,14.185982475596248,,False,1.771892658437076e-10,0,0,0,0,4.597370243973806,4.597370243973806,True,HIGH_T1_D0,G0,G0,
2467,NO_DEMONSTRATED_GAIN,True,False,False,75,75,0,3.8642946388531048,3.8642946388531048,,False,3.4027122775882403e-10,0,0,0,0,3.8642946388531048,3.8642946388531048,True,HIGH_T1_D0,R0,R0,
2467,TRADEOFF,False,False,False,91,75,-16,3.8642946388531048,,,False,3.4027122775882403e-10,0,0,-12,-12,3.8642946388531048,3.8642946388531048,False,HIGH_T1_D0,R0,S0,COMMON_COVERED_IDENTITIES_LOST;COMMON_GEOMETRIC_PROTECTION_DEGRADED;RAW_WINDOW_COVERAGE_LOST;RAW_WINDOW_IDENTITIES_LOST
2467,NO_DEMONSTRATED_GAIN,True,False,False,75,75,0,3.8642946388531048,3.8642946388531048,,False,3.4027122775882403e-10,0,0,0,0,3.8642946388531048,3.8642946388531048,True,HIGH_T1_D0,R0,G0,
2467,SUPPORTED_WITHIN_SCOPE,True,True,False,75,91,16,3.8642946388531048,3.8642946388531048,1.6555904870637963,False,3.4027122775882403e-10,16,4.462615419078384,12,12,3.8642946388531048,3.8642946388531048,False,HIGH_T1_D0,S0,R0,
2467,NO_DEMONSTRATED_GAIN,True,False,False,91,91,0,3.8642946388531048,3.8642946388531048,,False,3.4027122775882403e-10,0,0,0,0,3.8642946388531048,3.8642946388531048,True,HIGH_T1_D0,S0,S0,
2467,SUPPORTED_WITHIN_SCOPE,True,True,False,75,91,16,3.8642946388531048,3.8642946388531048,1.6555904870637963,False,3.4027122775882403e-10,16,4.462615419078384,12,12,3.8642946388531048,3.8642946388531048,False,HIGH_T1_D0,S0,G0,
2467,NO_DEMONSTRATED_GAIN,True,False,False,75,75,0,3.8642946388531048,3.8642946388531048,,False,3.4027122775882403e-10,0,0,0,0,3.8642946388531048,3.8642946388531048,True,HIGH_T1_D0,G0,R0,
2467,TRADEOFF,False,False,False,91,75,-16,3.8642946388531048,,,False,3.4027122775882403e-10,0,0,-12,-12,3.8642946388531048,3.8642946388531048,False,HIGH_T1_D0,G0,S0,COMMON_COVERED_IDENTITIES_LOST;COMMON_GEOMETRIC_PROTECTION_DEGRADED;RAW_WINDOW_COVERAGE_LOST;RAW_WINDOW_IDENTITIES_LOST
2467,NO_DEMONSTRATED_GAIN,True,False,False,75,75,0,3.8642946388531048,3.8642946388531048,,False,3.4027122775882403e-10,0,0,0,0,3.8642946388531048,3.8642946388531048,True,HIGH_T1_D0,G0,G0,
8522,NO_DEMONSTRATED_GAIN,True,False,False,108,108,0,12.278924852302733,12.278924852302733,,False,1.7725737682722295e-10,0,0,0,0,4.962210666813273,4.962210666813273,True,HIGH_T1_D0,R0,R0,
8522,NO_DEMONSTRATED_GAIN,True,False,False,108,108,0,12.278924852302733,12.278924852302733,,False,1.7725737682722295e-10,0,0,0,0,4.962210666813273,4.962210666813273,True,HIGH_T1_D0,R0,S0,
8522,NO_DEMONSTRATED_GAIN,True,False,False,108,108,0,12.278924852302733,12.278924852302733,,False,1.7725737682722295e-10,0,0,0,0,4.962210666813273,4.962210666813273,True,HIGH_T1_D0,R0,G0,
8522,NO_DEMONSTRATED_GAIN,True,False,False,108,108,0,12.278924852302733,12.278924852302733,,False,1.7725737682722295e-10,0,0,0,0,4.962210666813273,4.962210666813273,True,HIGH_T1_D0,S0,R0,
8522,NO_DEMONSTRATED_GAIN,True,False,False,108,108,0,12.278924852302733,12.278924852302733,,False,1.7725737682722295e-10,0,0,0,0,4.962210666813273,4.962210666813273,True,HIGH_T1_D0,S0,S0,
8522,NO_DEMONSTRATED_GAIN,True,False,False,108,108,0,12.278924852302733,12.278924852302733,,False,1.7725737682722295e-10,0,0,0,0,4.962210666813273,4.962210666813273,True,HIGH_T1_D0,S0,G0,
8522,NO_DEMONSTRATED_GAIN,True,False,False,108,108,0,12.278924852302733,12.278924852302733,,False,1.7725737682722295e-10,0,0,0,0,4.962210666813273,4.962210666813273,True,HIGH_T1_D0,G0,R0,
8522,NO_DEMONSTRATED_GAIN,True,False,False,108,108,0,12.278924852302733,12.278924852302733,,False,1.7725737682722295e-10,0,0,0,0,4.962210666813273,4.962210666813273,True,HIGH_T1_D0,G0,S0,
8522,NO_DEMONSTRATED_GAIN,True,False,False,108,108,0,12.278924852302733,12.278924852302733,,False,1.7725737682722295e-10,0,0,0,0,4.962210666813273,4.962210666813273,True,HIGH_T1_D0,G0,G0,
1880,NO_DEMONSTRATED_GAIN,True,False,False,108,108,0,54.419279645448015,54.419279645448015,,False,3.049126152648703e-10,0,0,0,0,4.5775025892590815,4.5775025892590815,True,HIGH_T1_D0,R0,R0,
1880,TRADEOFF,False,False,False,111,108,-3,54.419279645448015,,,False,3.049126152648703e-10,0,0,-2,-2,4.5775025892590815,4.5775025892590815,False,HIGH_T1_D0,R0,S0,COMMON_COVERED_IDENTITIES_LOST;COMMON_GEOMETRIC_PROTECTION_DEGRADED;RAW_WINDOW_COVERAGE_LOST;RAW_WINDOW_IDENTITIES_LOST
1880,NO_DEMONSTRATED_GAIN,True,False,False,108,108,0,54.419279645448015,54.419279645448015,,False,3.049126152648703e-10,0,0,0,0,4.5775025892590815,4.5775025892590815,True,HIGH_T1_D0,R0,G0,
1880,SUPPORTED_WITHIN_SCOPE,True,True,False,108,111,3,54.419279645448015,54.419279645448015,0.7087645268373408,False,3.049126152648703e-10,3,0.7087645268373408,2,2,4.5775025892590815,4.5775025892590815,False,HIGH_T1_D0,S0,R0,
1880,NO_DEMONSTRATED_GAIN,True,False,False,111,111,0,54.419279645448015,54.419279645448015,,False,3.049126152648703e-10,0,0,0,0,4.5775025892590815,4.5775025892590815,True,HIGH_T1_D0,S0,S0,
1880,SUPPORTED_WITHIN_SCOPE,True,True,False,108,111,3,54.419279645448015,54.419279645448015,0.7087645268373408,False,3.049126152648703e-10,3,0.7087645268373408,2,2,4.5775025892590815,4.5775025892590815,False,HIGH_T1_D0,S0,G0,
1880,NO_DEMONSTRATED_GAIN,True,False,False,108,108,0,54.419279645448015,54.419279645448015,,False,3.049126152648703e-10,0,0,0,0,4.5775025892590815,4.5775025892590815,True,HIGH_T1_D0,G0,R0,
1880,TRADEOFF,False,False,False,111,108,-3,54.419279645448015,,,False,3.049126152648703e-10,0,0,-2,-2,4.5775025892590815,4.5775025892590815,False,HIGH_T1_D0,G0,S0,COMMON_COVERED_IDENTITIES_LOST;COMMON_GEOMETRIC_PROTECTION_DEGRADED;RAW_WINDOW_COVERAGE_LOST;RAW_WINDOW_IDENTITIES_LOST
1880,NO_DEMONSTRATED_GAIN,True,False,False,108,108,0,54.419279645448015,54.419279645448015,,False,3.049126152648703e-10,0,0,0,0,4.5775025892590815,4.5775025892590815,True,HIGH_T1_D0,G0,G0,
3725,NO_DEMONSTRATED_GAIN,True,False,False,104,104,0,25.177689186844017,25.177689186844017,,False,2.6736778994137e-10,0,0,0,0,4.601998605293836,4.601998605293836,True,HIGH_T1_D0,R0,R0,
3725,NO_DEMONSTRATED_GAIN,True,False,False,104,104,0,25.177689186844017,25.177689186844017,,False,2.6736778994137e-10,0,0,0,0,4.601998605293836,4.601998605293836,True,HIGH_T1_D0,R0,S0,
3725,NO_DEMONSTRATED_GAIN,True,False,False,104,104,0,25.177689186844017,25.177689186844017,,False,2.6736778994137e-10,0,0,0,0,4.601998605293836,4.601998605293836,True,HIGH_T1_D0,R0,G0,
3725,NO_DEMONSTRATED_GAIN,True,False,False,104,104,0,25.177689186844017,25.177689186844017,,False,2.6736778994137e-10,0,0,0,0,4.601998605293836,4.601998605293836,True,HIGH_T1_D0,S0,R0,
3725,NO_DEMONSTRATED_GAIN,True,False,False,104,104,0,25.177689186844017,25.177689186844017,,False,2.6736778994137e-10,0,0,0,0,4.601998605293836,4.601998605293836,True,HIGH_T1_D0,S0,S0,
3725,NO_DEMONSTRATED_GAIN,True,False,False,104,104,0,25.177689186844017,25.177689186844017,,False,2.6736778994137e-10,0,0,0,0,4.601998605293836,4.601998605293836,True,HIGH_T1_D0,S0,G0,
3725,NO_DEMONSTRATED_GAIN,True,False,False,104,104,0,25.177689186844017,25.177689186844017,,False,2.6736778994137e-10,0,0,0,0,4.601998605293836,4.601998605293836,True,HIGH_T1_D0,G0,R0,
3725,NO_DEMONSTRATED_GAIN,True,False,False,104,104,0,25.177689186844017,25.177689186844017,,False,2.6736778994137e-10,0,0,0,0,4.601998605293836,4.601998605293836,True,HIGH_T1_D0,G0,S0,
3725,NO_DEMONSTRATED_GAIN,True,False,False,104,104,0,25.177689186844017,25.177689186844017,,False,2.6736778994137e-10,0,0,0,0,4.601998605293836,4.601998605293836,True,HIGH_T1_D0,G0,G0,
5943,NO_DEMONSTRATED_GAIN,True,False,False,106,106,0,35.44677108488653,35.44677108488653,,False,2.9955430651052394e-10,0,0,0,0,4.903932485244471,4.903932485244471,True,HIGH_T1_D0,R0,R0,
5943,TRADEOFF,False,False,False,112,106,-6,35.44677108488653,,,False,2.9955430651052394e-10,0,0,-5,-5,4.903932485244471,4.903932485244471,False,HIGH_T1_D0,R0,S0,COMMON_COVERED_IDENTITIES_LOST;COMMON_GEOMETRIC_PROTECTION_DEGRADED;RAW_WINDOW_COVERAGE_LOST;RAW_WINDOW_IDENTITIES_LOST
5943,NO_DEMONSTRATED_GAIN,True,False,False,106,106,0,35.44677108488653,35.44677108488653,,False,2.9955430651052394e-10,0,0,0,0,4.903932485244471,4.903932485244471,True,HIGH_T1_D0,R0,G0,
5943,SUPPORTED_WITHIN_SCOPE,True,True,False,106,112,6,35.44677108488653,35.44677108488653,2.6950611527726744,False,2.9955430651052394e-10,6,2.6950611527726744,5,5,4.903932485244471,4.903932485244471,False,HIGH_T1_D0,S0,R0,
5943,NO_DEMONSTRATED_GAIN,True,False,False,112,112,0,35.44677108488653,35.44677108488653,,False,2.9955430651052394e-10,0,0,0,0,4.903932485244471,4.903932485244471,True,HIGH_T1_D0,S0,S0,
5943,SUPPORTED_WITHIN_SCOPE,True,True,False,106,112,6,35.44677108488653,35.44677108488653,2.6950611527726744,False,2.9955430651052394e-10,6,2.6950611527726744,5,5,4.903932485244471,4.903932485244471,False,HIGH_T1_D0,S0,G0,
5943,NO_DEMONSTRATED_GAIN,True,False,False,106,106,0,35.44677108488653,35.44677108488653,,False,2.9955430651052394e-10,0,0,0,0,4.903932485244471,4.903932485244471,True,HIGH_T1_D0,G0,R0,
5943,TRADEOFF,False,False,False,112,106,-6,35.44677108488653,,,False,2.9955430651052394e-10,0,0,-5,-5,4.903932485244471,4.903932485244471,False,HIGH_T1_D0,G0,S0,COMMON_COVERED_IDENTITIES_LOST;COMMON_GEOMETRIC_PROTECTION_DEGRADED;RAW_WINDOW_COVERAGE_LOST;RAW_WINDOW_IDENTITIES_LOST
5943,NO_DEMONSTRATED_GAIN,True,False,False,106,106,0,35.44677108488653,35.44677108488653,,False,2.9955430651052394e-10,0,0,0,0,4.903932485244471,4.903932485244471,True,HIGH_T1_D0,G0,G0,
3479,NO_DEMONSTRATED_GAIN,True,False,False,114,114,0,136.11825855330267,136.11825855330267,,False,2.762792405517818e-10,0,0,0,0,4.6637508051957655,4.6637508051957655,True,HIGH_T1_D0,R0,R0,
3479,NO_DEMONSTRATED_GAIN,True,False,False,114,114,0,136.11825855330267,136.11825855330267,,False,2.762792405517818e-10,0,0,0,0,4.6637508051957655,4.6637508051957655,True,HIGH_T1_D0,R0,S0,
3479,NO_DEMONSTRATED_GAIN,True,False,False,114,114,0,136.11825855330267,136.11825855330267,,False,2.762792405517818e-10,0,0,0,0,4.6637508051957655,4.6637508051957655,True,HIGH_T1_D0,R0,G0,
3479,NO_DEMONSTRATED_GAIN,True,False,False,114,114,0,136.11825855330267,136.11825855330267,,False,2.762792405517818e-10,0,0,0,0,4.6637508051957655,4.6637508051957655,True,HIGH_T1_D0,S0,R0,
3479,NO_DEMONSTRATED_GAIN,True,False,False,114,114,0,136.11825855330267,136.11825855330267,,False,2.762792405517818e-10,0,0,0,0,4.6637508051957655,4.6637508051957655,True,HIGH_T1_D0,S0,S0,
3479,NO_DEMONSTRATED_GAIN,True,False,False,114,114,0,136.11825855330267,136.11825855330267,,False,2.762792405517818e-10,0,0,0,0,4.6637508051957655,4.6637508051957655,True,HIGH_T1_D0,S0,G0,
3479,NO_DEMONSTRATED_GAIN,True,False,False,114,114,0,136.11825855330267,136.11825855330267,,False,2.762792405517818e-10,0,0,0,0,4.6637508051957655,4.6637508051957655,True,HIGH_T1_D0,G0,R0,
3479,NO_DEMONSTRATED_GAIN,True,False,False,114,114,0,136.11825855330267,136.11825855330267,,False,2.762792405517818e-10,0,0,0,0,4.6637508051957655,4.6637508051957655,True,HIGH_T1_D0,G0,S0,
3479,NO_DEMONSTRATED_GAIN,True,False,False,114,114,0,136.11825855330267,136.11825855330267,,False,2.762792405517818e-10,0,0,0,0,4.6637508051957655,4.6637508051957655,True,HIGH_T1_D0,G0,G0,
7313,NO_DEMONSTRATED_GAIN,True,False,False,105,105,0,51.285213987489676,51.285213987489676,,False,2.508562218389936e-10,0,0,0,0,3.8615558054722334,3.8615558054722334,True,HIGH_T1_D0,R0,R0,
7313,TRADEOFF,False,False,False,108,105,-3,51.285213987489676,,,False,2.508562218389936e-10,0,0,-2,-2,3.8615558054722334,4.8097881993170235,False,HIGH_T1_D0,R0,S0,COMMON_COVERED_IDENTITIES_LOST;COMMON_GEOMETRIC_PROTECTION_DEGRADED;RAW_WINDOW_COVERAGE_LOST;RAW_WINDOW_IDENTITIES_LOST
7313,NO_DEMONSTRATED_GAIN,True,False,False,105,105,0,51.285213987489676,51.285213987489676,,False,2.508562218389936e-10,0,0,0,0,3.8615558054722334,3.8615558054722334,True,HIGH_T1_D0,R0,G0,
7313,SUPPORTED_WITHIN_SCOPE,True,True,False,105,108,3,51.285213987489676,51.285213987489676,4.8097881993170235,False,2.508562218389936e-10,3,4.8097881993170235,2,2,4.8097881993170235,3.8615558054722334,False,HIGH_T1_D0,S0,R0,
7313,NO_DEMONSTRATED_GAIN,True,False,False,108,108,0,51.285213987489676,51.285213987489676,,False,2.508562218389936e-10,0,0,0,0,4.8097881993170235,4.8097881993170235,True,HIGH_T1_D0,S0,S0,
7313,SUPPORTED_WITHIN_SCOPE,True,True,False,105,108,3,51.285213987489676,51.285213987489676,4.8097881993170235,False,2.508562218389936e-10,3,4.8097881993170235,2,2,4.8097881993170235,3.8615558054722334,False,HIGH_T1_D0,S0,G0,
7313,NO_DEMONSTRATED_GAIN,True,False,False,105,105,0,51.285213987489676,51.285213987489676,,False,2.508562218389936e-10,0,0,0,0,3.8615558054722334,3.8615558054722334,True,HIGH_T1_D0,G0,R0,
7313,TRADEOFF,False,False,False,108,105,-3,51.285213987489676,,,False,2.508562218389936e-10,0,0,-2,-2,3.8615558054722334,4.8097881993170235,False,HIGH_T1_D0,G0,S0,COMMON_COVERED_IDENTITIES_LOST;COMMON_GEOMETRIC_PROTECTION_DEGRADED;RAW_WINDOW_COVERAGE_LOST;RAW_WINDOW_IDENTITIES_LOST
7313,NO_DEMONSTRATED_GAIN,True,False,False,105,105,0,51.285213987489676,51.285213987489676,,False,2.508562218389936e-10,0,0,0,0,3.8615558054722334,3.8615558054722334,True,HIGH_T1_D0,G0,G0,
588,NO_DEMONSTRATED_GAIN,True,False,False,108,108,0,60.91073621267138,60.91073621267138,,False,2.2119308623467122e-10,0,0,0,0,4.8504472682862545,4.8504472682862545,True,HIGH_T1_D0,R0,R0,
588,NO_DEMONSTRATED_GAIN,True,False,False,108,108,0,60.91073621267138,60.91073621267138,,False,2.2119308623467122e-10,0,0,0,0,4.8504472682862545,4.8504472682862545,True,HIGH_T1_D0,R0,S0,
588,NO_DEMONSTRATED_GAIN,True,False,False,108,108,0,60.91073621267138,60.91073621267138,,False,2.2119308623467122e-10,0,0,0,0,4.8504472682862545,4.8504472682862545,True,HIGH_T1_D0,R0,G0,
588,NO_DEMONSTRATED_GAIN,True,False,False,108,108,0,60.91073621267138,60.91073621267138,,False,2.2119308623467122e-10,0,0,0,0,4.8504472682862545,4.8504472682862545,True,HIGH_T1_D0,S0,R0,
588,NO_DEMONSTRATED_GAIN,True,False,False,108,108,0,60.91073621267138,60.91073621267138,,False,2.2119308623467122e-10,0,0,0,0,4.8504472682862545,4.8504472682862545,True,HIGH_T1_D0,S0,S0,
588,NO_DEMONSTRATED_GAIN,True,False,False,108,108,0,60.91073621267138,60.91073621267138,,False,2.2119308623467122e-10,0,0,0,0,4.8504472682862545,4.8504472682862545,True,HIGH_T1_D0,S0,G0,
588,NO_DEMONSTRATED_GAIN,True,False,False,108,108,0,60.91073621267138,60.91073621267138,,False,2.2119308623467122e-10,0,0,0,0,4.8504472682862545,4.8504472682862545,True,HIGH_T1_D0,G0,R0,
588,NO_DEMONSTRATED_GAIN,True,False,False,108,108,0,60.91073621267138,60.91073621267138,,False,2.2119308623467122e-10,0,0,0,0,4.8504472682862545,4.8504472682862545,True,HIGH_T1_D0,G0,S0,
588,NO_DEMONSTRATED_GAIN,True,False,False,108,108,0,60.91073621267138,60.91073621267138,,False,2.2119308623467122e-10,0,0,0,0,4.8504472682862545,4.8504472682862545,True,HIGH_T1_D0,G0,G0,
4549,NO_DEMONSTRATED_GAIN,True,False,False,103,103,0,4.4505637464542795,4.4505637464542795,,False,3.0200486442805176e-10,0,0,0,0,4.4505637464542795,4.4505637464542795,True,HIGH_T1_D0,R0,R0,
4549,NO_DEMONSTRATED_GAIN,True,False,False,103,103,0,4.4505637464542795,4.4505637464542795,,False,3.0200486442805176e-10,0,0,0,0,4.4505637464542795,4.4505637464542795,True,HIGH_T1_D0,R0,S0,
4549,NO_DEMONSTRATED_GAIN,True,False,False,103,103,0,4.4505637464542795,4.4505637464542795,,False,3.0200486442805176e-10,0,0,0,0,4.4505637464542795,4.4505637464542795,True,HIGH_T1_D0,R0,G0,
4549,NO_DEMONSTRATED_GAIN,True,False,False,103,103,0,4.4505637464542795,4.4505637464542795,,False,3.0200486442805176e-10,0,0,0,0,4.4505637464542795,4.4505637464542795,True,HIGH_T1_D0,S0,R0,
4549,NO_DEMONSTRATED_GAIN,True,False,False,103,103,0,4.4505637464542795,4.4505637464542795,,False,3.0200486442805176e-10,0,0,0,0,4.4505637464542795,4.4505637464542795,True,HIGH_T1_D0,S0,S0,
4549,NO_DEMONSTRATED_GAIN,True,False,False,103,103,0,4.4505637464542795,4.4505637464542795,,False,3.0200486442805176e-10,0,0,0,0,4.4505637464542795,4.4505637464542795,True,HIGH_T1_D0,S0,G0,
4549,NO_DEMONSTRATED_GAIN,True,False,False,103,103,0,4.4505637464542795,4.4505637464542795,,False,3.0200486442805176e-10,0,0,0,0,4.4505637464542795,4.4505637464542795,True,HIGH_T1_D0,G0,R0,
4549,NO_DEMONSTRATED_GAIN,True,False,False,103,103,0,4.4505637464542795,4.4505637464542795,,False,3.0200486442805176e-10,0,0,0,0,4.4505637464542795,4.4505637464542795,True,HIGH_T1_D0,G0,S0,
4549,NO_DEMONSTRATED_GAIN,True,False,False,103,103,0,4.4505637464542795,4.4505637464542795,,False,3.0200486442805176e-10,0,0,0,0,4.4505637464542795,4.4505637464542795,True,HIGH_T1_D0,G0,G0,
7795,NO_DEMONSTRATED_GAIN,True,False,False,120,120,0,4.801489806287612,4.801489806287612,,False,2.2274347566371594e-10,0,0,0,0,4.801489806287612,4.801489806287612,True,HIGH_T1_D0,R0,R0,
7795,NO_DEMONSTRATED_GAIN,True,False,False,120,120,0,4.801489806287612,4.801489806287612,,False,2.2274347566371594e-10,0,0,0,0,4.801489806287612,4.801489806287612,True,HIGH_T1_D0,R0,S0,
7795,NO_DEMONSTRATED_GAIN,True,False,False,120,120,0,4.801489806287612,4.801489806287612,,False,2.2274347566371594e-10,0,0,0,0,4.801489806287612,4.801489806287612,True,HIGH_T1_D0,R0,G0,
7795,NO_DEMONSTRATED_GAIN,True,False,False,120,120,0,4.801489806287612,4.801489806287612,,False,2.2274347566371594e-10,0,0,0,0,4.801489806287612,4.801489806287612,True,HIGH_T1_D0,S0,R0,
7795,NO_DEMONSTRATED_GAIN,True,False,False,120,120,0,4.801489806287612,4.801489806287612,,False,2.2274347566371594e-10,0,0,0,0,4.801489806287612,4.801489806287612,True,HIGH_T1_D0,S0,S0,
7795,NO_DEMONSTRATED_GAIN,True,False,False,120,120,0,4.801489806287612,4.801489806287612,,False,2.2274347566371594e-10,0,0,0,0,4.801489806287612,4.801489806287612,True,HIGH_T1_D0,S0,G0,
7795,NO_DEMONSTRATED_GAIN,True,False,False,120,120,0,4.801489806287612,4.801489806287612,,False,2.2274347566371594e-10,0,0,0,0,4.801489806287612,4.801489806287612,True,HIGH_T1_D0,G0,R0,
7795,NO_DEMONSTRATED_GAIN,True,False,False,120,120,0,4.801489806287612,4.801489806287612,,False,2.2274347566371594e-10,0,0,0,0,4.801489806287612,4.801489806287612,True,HIGH_T1_D0,G0,S0,
7795,NO_DEMONSTRATED_GAIN,True,False,False,120,120,0,4.801489806287612,4.801489806287612,,False,2.2274347566371594e-10,0,0,0,0,4.801489806287612,4.801489806287612,True,HIGH_T1_D0,G0,G0,
11034,NO_DEMONSTRATED_GAIN,True,False,False,125,125,0,13.259590105226929,13.259590105226929,,False,1.9253940685657677e-10,0,0,0,0,4.70467259748915,4.70467259748915,True,HIGH_T1_D1,R0,R0,
11034,NO_DEMONSTRATED_GAIN,True,False,False,125,125,0,13.259590105226929,13.259590105226929,,False,1.9253940685657677e-10,0,0,0,0,4.70467259748915,4.70467259748915,True,HIGH_T1_D1,R0,S0,
11034,NO_DEMONSTRATED_GAIN,True,False,False,125,125,0,13.259590105226929,13.259590105226929,,False,1.9253940685657677e-10,0,0,0,0,4.70467259748915,4.70467259748915,True,HIGH_T1_D1,R0,G0,
11034,NO_DEMONSTRATED_GAIN,True,False,False,125,125,0,13.259590105226929,13.259590105226929,,False,1.9253940685657677e-10,0,0,0,0,4.70467259748915,4.70467259748915,True,HIGH_T1_D1,S0,R0,
11034,NO_DEMONSTRATED_GAIN,True,False,False,125,125,0,13.259590105226929,13.259590105226929,,False,1.9253940685657677e-10,0,0,0,0,4.70467259748915,4.70467259748915,True,HIGH_T1_D1,S0,S0,
11034,NO_DEMONSTRATED_GAIN,True,False,False,125,125,0,13.259590105226929,13.259590105226929,,False,1.9253940685657677e-10,0,0,0,0,4.70467259748915,4.70467259748915,True,HIGH_T1_D1,S0,G0,
11034,NO_DEMONSTRATED_GAIN,True,False,False,125,125,0,13.259590105226929,13.259590105226929,,False,1.9253940685657677e-10,0,0,0,0,4.70467259748915,4.70467259748915,True,HIGH_T1_D1,G0,R0,
11034,NO_DEMONSTRATED_GAIN,True,False,False,125,125,0,13.259590105226929,13.259590105226929,,False,1.9253940685657677e-10,0,0,0,0,4.70467259748915,4.70467259748915,True,HIGH_T1_D1,G0,S0,
11034,NO_DEMONSTRATED_GAIN,True,False,False,125,125,0,13.259590105226929,13.259590105226929,,False,1.9253940685657677e-10,0,0,0,0,4.70467259748915,4.70467259748915,True,HIGH_T1_D1,G0,G0,
11207,NO_DEMONSTRATED_GAIN,True,False,False,111,111,0,11.29539425042335,11.29539425042335,,False,4.1769004181976013e-10,0,0,0,0,4.7515874813434635,4.7515874813434635,True,HIGH_T1_D1,R0,R0,
11207,NO_DEMONSTRATED_GAIN,True,False,False,111,111,0,11.29539425042335,11.29539425042335,,False,4.1769004181976013e-10,0,0,0,0,4.7515874813434635,4.7515874813434635,True,HIGH_T1_D1,R0,S0,
11207,NO_DEMONSTRATED_GAIN,True,False,False,111,111,0,11.29539425042335,11.29539425042335,,False,4.1769004181976013e-10,0,0,0,0,4.7515874813434635,4.7515874813434635,True,HIGH_T1_D1,R0,G0,
11207,NO_DEMONSTRATED_GAIN,True,False,False,111,111,0,11.29539425042335,11.29539425042335,,False,4.1769004181976013e-10,0,0,0,0,4.7515874813434635,4.7515874813434635,True,HIGH_T1_D1,S0,R0,
11207,NO_DEMONSTRATED_GAIN,True,False,False,111,111,0,11.29539425042335,11.29539425042335,,False,4.1769004181976013e-10,0,0,0,0,4.7515874813434635,4.7515874813434635,True,HIGH_T1_D1,S0,S0,
11207,NO_DEMONSTRATED_GAIN,True,False,False,111,111,0,11.29539425042335,11.29539425042335,,False,4.1769004181976013e-10,0,0,0,0,4.7515874813434635,4.7515874813434635,True,HIGH_T1_D1,S0,G0,
11207,NO_DEMONSTRATED_GAIN,True,False,False,111,111,0,11.29539425042335,11.29539425042335,,False,4.1769004181976013e-10,0,0,0,0,4.7515874813434635,4.7515874813434635,True,HIGH_T1_D1,G0,R0,
11207,NO_DEMONSTRATED_GAIN,True,False,False,111,111,0,11.29539425042335,11.29539425042335,,False,4.1769004181976013e-10,0,0,0,0,4.7515874813434635,4.7515874813434635,True,HIGH_T1_D1,G0,S0,
11207,NO_DEMONSTRATED_GAIN,True,False,False,111,111,0,11.29539425042335,11.29539425042335,,False,4.1769004181976013e-10,0,0,0,0,4.7515874813434635,4.7515874813434635,True,HIGH_T1_D1,G0,G0,
8023,NO_DEMONSTRATED_GAIN,True,False,False,109,109,0,49.82510274044266,49.82510274044266,,False,1.932656061330749e-10,0,0,0,0,4.5204764821241765,4.5204764821241765,True,HIGH_T1_D1,R0,R0,
8023,NO_DEMONSTRATED_GAIN,True,False,False,109,109,0,49.82510274044266,49.82510274044266,,False,1.932656061330749e-10,0,0,0,0,4.5204764821241765,4.5204764821241765,True,HIGH_T1_D1,R0,S0,
8023,NO_DEMONSTRATED_GAIN,True,False,False,109,109,0,49.82510274044266,49.82510274044266,,False,1.932656061330749e-10,0,0,0,0,4.5204764821241765,4.5204764821241765,True,HIGH_T1_D1,R0,G0,
8023,NO_DEMONSTRATED_GAIN,True,False,False,109,109,0,49.82510274044266,49.82510274044266,,False,1.932656061330749e-10,0,0,0,0,4.5204764821241765,4.5204764821241765,True,HIGH_T1_D1,S0,R0,
8023,NO_DEMONSTRATED_GAIN,True,False,False,109,109,0,49.82510274044266,49.82510274044266,,False,1.932656061330749e-10,0,0,0,0,4.5204764821241765,4.5204764821241765,True,HIGH_T1_D1,S0,S0,
8023,NO_DEMONSTRATED_GAIN,True,False,False,109,109,0,49.82510274044266,49.82510274044266,,False,1.932656061330749e-10,0,0,0,0,4.5204764821241765,4.5204764821241765,True,HIGH_T1_D1,S0,G0,
8023,NO_DEMONSTRATED_GAIN,True,False,False,109,109,0,49.82510274044266,49.82510274044266,,False,1.932656061330749e-10,0,0,0,0,4.5204764821241765,4.5204764821241765,True,HIGH_T1_D1,G0,R0,
8023,NO_DEMONSTRATED_GAIN,True,False,False,109,109,0,49.82510274044266,49.82510274044266,,False,1.932656061330749e-10,0,0,0,0,4.5204764821241765,4.5204764821241765,True,HIGH_T1_D1,G0,S0,
8023,NO_DEMONSTRATED_GAIN,True,False,False,109,109,0,49.82510274044266,49.82510274044266,,False,1.932656061330749e-10,0,0,0,0,4.5204764821241765,4.5204764821241765,True,HIGH_T1_D1,G0,G0,
10927,NO_DEMONSTRATED_GAIN,True,False,False,103,103,0,7.518165561382676,7.518165561382676,,False,3.7935134951637816e-10,0,0,0,0,4.978852764606289,4.978852764606289,True,HIGH_T1_D1,R0,R0,
10927,NO_DEMONSTRATED_GAIN,True,False,False,103,103,0,7.518165561382676,7.518165561382676,,False,3.7935134951637816e-10,0,0,0,0,4.978852764606289,4.978852764606289,True,HIGH_T1_D1,R0,S0,
10927,NO_DEMONSTRATED_GAIN,True,False,False,103,103,0,7.518165561382676,7.518165561382676,,False,3.7935134951637816e-10,0,0,0,0,4.978852764606289,4.978852764606289,True,HIGH_T1_D1,R0,G0,
10927,NO_DEMONSTRATED_GAIN,True,False,False,103,103,0,7.518165561382676,7.518165561382676,,False,3.7935134951637816e-10,0,0,0,0,4.978852764606289,4.978852764606289,True,HIGH_T1_D1,S0,R0,
10927,NO_DEMONSTRATED_GAIN,True,False,False,103,103,0,7.518165561382676,7.518165561382676,,False,3.7935134951637816e-10,0,0,0,0,4.978852764606289,4.978852764606289,True,HIGH_T1_D1,S0,S0,
10927,NO_DEMONSTRATED_GAIN,True,False,False,103,103,0,7.518165561382676,7.518165561382676,,False,3.7935134951637816e-10,0,0,0,0,4.978852764606289,4.978852764606289,True,HIGH_T1_D1,S0,G0,
10927,NO_DEMONSTRATED_GAIN,True,False,False,103,103,0,7.518165561382676,7.518165561382676,,False,3.7935134951637816e-10,0,0,0,0,4.978852764606289,4.978852764606289,True,HIGH_T1_D1,G0,R0,
10927,NO_DEMONSTRATED_GAIN,True,False,False,103,103,0,7.518165561382676,7.518165561382676,,False,3.7935134951637816e-10,0,0,0,0,4.978852764606289,4.978852764606289,True,HIGH_T1_D1,G0,S0,
10927,NO_DEMONSTRATED_GAIN,True,False,False,103,103,0,7.518165561382676,7.518165561382676,,False,3.7935134951637816e-10,0,0,0,0,4.978852764606289,4.978852764606289,True,HIGH_T1_D1,G0,G0,
9880,NO_DEMONSTRATED_GAIN,True,False,False,105,105,0,41.02409257706169,41.02409257706169,,False,2.1974316429787797e-10,0,0,0,0,4.8298606025795054,4.8298606025795054,True,HIGH_T1_D1,R0,R0,
9880,TRADEOFF,False,False,False,108,105,-3,41.02409257706169,,,False,2.1974316429787797e-10,0,0,-2,-2,4.8298606025795054,4.8298606025795054,False,HIGH_T1_D1,R0,S0,COMMON_COVERED_IDENTITIES_LOST;COMMON_GEOMETRIC_PROTECTION_DEGRADED;RAW_WINDOW_COVERAGE_LOST;RAW_WINDOW_IDENTITIES_LOST
9880,NO_DEMONSTRATED_GAIN,True,False,False,105,105,0,41.02409257706169,41.02409257706169,,False,2.1974316429787797e-10,0,0,0,0,4.8298606025795054,4.8298606025795054,True,HIGH_T1_D1,R0,G0,
9880,SUPPORTED_WITHIN_SCOPE,True,True,False,105,108,3,41.02409257706169,41.02409257706169,0.3510303791648199,False,2.1974316429787797e-10,3,0.3510303791648199,2,2,4.8298606025795054,4.8298606025795054,False,HIGH_T1_D1,S0,R0,
9880,NO_DEMONSTRATED_GAIN,True,False,False,108,108,0,41.02409257706169,41.02409257706169,,False,2.1974316429787797e-10,0,0,0,0,4.8298606025795054,4.8298606025795054,True,HIGH_T1_D1,S0,S0,
9880,SUPPORTED_WITHIN_SCOPE,True,True,False,105,108,3,41.02409257706169,41.02409257706169,0.3510303791648199,False,2.1974316429787797e-10,3,0.3510303791648199,2,2,4.8298606025795054,4.8298606025795054,False,HIGH_T1_D1,S0,G0,
9880,NO_DEMONSTRATED_GAIN,True,False,False,105,105,0,41.02409257706169,41.02409257706169,,False,2.1974316429787797e-10,0,0,0,0,4.8298606025795054,4.8298606025795054,True,HIGH_T1_D1,G0,R0,
9880,TRADEOFF,False,False,False,108,105,-3,41.02409257706169,,,False,2.1974316429787797e-10,0,0,-2,-2,4.8298606025795054,4.8298606025795054,False,HIGH_T1_D1,G0,S0,COMMON_COVERED_IDENTITIES_LOST;COMMON_GEOMETRIC_PROTECTION_DEGRADED;RAW_WINDOW_COVERAGE_LOST;RAW_WINDOW_IDENTITIES_LOST
9880,NO_DEMONSTRATED_GAIN,True,False,False,105,105,0,41.02409257706169,41.02409257706169,,False,2.1974316429787797e-10,0,0,0,0,4.8298606025795054,4.8298606025795054,True,HIGH_T1_D1,G0,G0,
10601,NO_DEMONSTRATED_GAIN,True,False,False,97,97,0,10.325539914186251,10.325539914186251,,False,1.3068112197289634e-10,0,0,0,0,4.8199040833274,4.8199040833274,True,HIGH_T1_D1,R0,R0,
10601,NO_DEMONSTRATED_GAIN,True,False,False,97,97,0,10.325539914186251,10.325539914186251,,False,1.3068112197289634e-10,0,0,0,0,4.8199040833274,4.8199040833274,True,HIGH_T1_D1,R0,S0,
10601,NO_DEMONSTRATED_GAIN,True,False,False,97,97,0,10.325539914186251,10.325539914186251,,False,1.3068112197289634e-10,0,0,0,0,4.8199040833274,4.8199040833274,True,HIGH_T1_D1,R0,G0,
10601,NO_DEMONSTRATED_GAIN,True,False,False,97,97,0,10.325539914186251,10.325539914186251,,False,1.3068112197289634e-10,0,0,0,0,4.8199040833274,4.8199040833274,True,HIGH_T1_D1,S0,R0,
10601,NO_DEMONSTRATED_GAIN,True,False,False,97,97,0,10.325539914186251,10.325539914186251,,False,1.3068112197289634e-10,0,0,0,0,4.8199040833274,4.8199040833274,True,HIGH_T1_D1,S0,S0,
10601,NO_DEMONSTRATED_GAIN,True,False,False,97,97,0,10.325539914186251,10.325539914186251,,False,1.3068112197289634e-10,0,0,0,0,4.8199040833274,4.8199040833274,True,HIGH_T1_D1,S0,G0,
10601,NO_DEMONSTRATED_GAIN,True,False,False,97,97,0,10.325539914186251,10.325539914186251,,False,1.3068112197289634e-10,0,0,0,0,4.8199040833274,4.8199040833274,True,HIGH_T1_D1,G0,R0,
10601,NO_DEMONSTRATED_GAIN,True,False,False,97,97,0,10.325539914186251,10.325539914186251,,False,1.3068112197289634e-10,0,0,0,0,4.8199040833274,4.8199040833274,True,HIGH_T1_D1,G0,S0,
10601,NO_DEMONSTRATED_GAIN,True,False,False,97,97,0,10.325539914186251,10.325539914186251,,False,1.3068112197289634e-10,0,0,0,0,4.8199040833274,4.8199040833274,True,HIGH_T1_D1,G0,G0,
9458,NO_DEMONSTRATED_GAIN,True,False,False,131,131,0,60.182966880067845,60.182966880067845,,False,2.415681892003641e-10,0,0,0,0,4.6056874878534675,4.6056874878534675,True,HIGH_T1_D1,R0,R0,
9458,NO_DEMONSTRATED_GAIN,True,False,False,131,131,0,60.182966880067845,60.182966880067845,,False,2.415681892003641e-10,0,0,0,0,4.6056874878534675,4.6056874878534675,True,HIGH_T1_D1,R0,S0,
9458,NO_DEMONSTRATED_GAIN,True,False,False,131,131,0,60.182966880067845,60.182966880067845,,False,2.415681892003641e-10,0,0,0,0,4.6056874878534675,4.6056874878534675,True,HIGH_T1_D1,R0,G0,
9458,NO_DEMONSTRATED_GAIN,True,False,False,131,131,0,60.182966880067845,60.182966880067845,,False,2.415681892003641e-10,0,0,0,0,4.6056874878534675,4.6056874878534675,True,HIGH_T1_D1,S0,R0,
9458,NO_DEMONSTRATED_GAIN,True,False,False,131,131,0,60.182966880067845,60.182966880067845,,False,2.415681892003641e-10,0,0,0,0,4.6056874878534675,4.6056874878534675,True,HIGH_T1_D1,S0,S0,
9458,NO_DEMONSTRATED_GAIN,True,False,False,131,131,0,60.182966880067845,60.182966880067845,,False,2.415681892003641e-10,0,0,0,0,4.6056874878534675,4.6056874878534675,True,HIGH_T1_D1,S0,G0,
9458,NO_DEMONSTRATED_GAIN,True,False,False,131,131,0,60.182966880067845,60.182966880067845,,False,2.415681892003641e-10,0,0,0,0,4.6056874878534675,4.6056874878534675,True,HIGH_T1_D1,G0,R0,
9458,NO_DEMONSTRATED_GAIN,True,False,False,131,131,0,60.182966880067845,60.182966880067845,,False,2.415681892003641e-10,0,0,0,0,4.6056874878534675,4.6056874878534675,True,HIGH_T1_D1,G0,S0,
9458,NO_DEMONSTRATED_GAIN,True,False,False,131,131,0,60.182966880067845,60.182966880067845,,False,2.415681892003641e-10,0,0,0,0,4.6056874878534675,4.6056874878534675,True,HIGH_T1_D1,G0,G0,
9673,NO_DEMONSTRATED_GAIN,True,False,False,82,82,0,16.981771167882144,16.981771167882144,,False,1.4174991089762542e-10,0,0,0,0,4.903492645017488,4.903492645017488,True,HIGH_T1_D1,R0,R0,
9673,NO_DEMONSTRATED_GAIN,True,False,False,82,82,0,16.981771167882144,16.981771167882144,,False,1.4174991089762542e-10,0,0,0,0,4.903492645017488,4.903492645017488,True,HIGH_T1_D1,R0,S0,
9673,NO_DEMONSTRATED_GAIN,True,False,False,82,82,0,16.981771167882144,16.981771167882144,,False,1.4174991089762542e-10,0,0,0,0,4.903492645017488,4.903492645017488,True,HIGH_T1_D1,R0,G0,
9673,NO_DEMONSTRATED_GAIN,True,False,False,82,82,0,16.981771167882144,16.981771167882144,,False,1.4174991089762542e-10,0,0,0,0,4.903492645017488,4.903492645017488,True,HIGH_T1_D1,S0,R0,
9673,NO_DEMONSTRATED_GAIN,True,False,False,82,82,0,16.981771167882144,16.981771167882144,,False,1.4174991089762542e-10,0,0,0,0,4.903492645017488,4.903492645017488,True,HIGH_T1_D1,S0,S0,
9673,NO_DEMONSTRATED_GAIN,True,False,False,82,82,0,16.981771167882144,16.981771167882144,,False,1.4174991089762542e-10,0,0,0,0,4.903492645017488,4.903492645017488,True,HIGH_T1_D1,S0,G0,
9673,NO_DEMONSTRATED_GAIN,True,False,False,82,82,0,16.981771167882144,16.981771167882144,,False,1.4174991089762542e-10,0,0,0,0,4.903492645017488,4.903492645017488,True,HIGH_T1_D1,G0,R0,
9673,NO_DEMONSTRATED_GAIN,True,False,False,82,82,0,16.981771167882144,16.981771167882144,,False,1.4174991089762542e-10,0,0,0,0,4.903492645017488,4.903492645017488,True,HIGH_T1_D1,G0,S0,
9673,NO_DEMONSTRATED_GAIN,True,False,False,82,82,0,16.981771167882144,16.981771167882144,,False,1.4174991089762542e-10,0,0,0,0,4.903492645017488,4.903492645017488,True,HIGH_T1_D1,G0,G0,
2297,NO_DEMONSTRATED_GAIN,True,False,False,98,98,0,4.82821955639275,4.82821955639275,,False,2.442632620584669e-10,0,0,0,0,4.82821955639275,4.82821955639275,True,HIGH_T1_D1,R0,R0,
2297,NO_DEMONSTRATED_GAIN,True,False,False,98,98,0,4.82821955639275,4.82821955639275,,False,2.442632620584669e-10,0,0,0,0,4.82821955639275,4.82821955639275,True,HIGH_T1_D1,R0,S0,
2297,NO_DEMONSTRATED_GAIN,True,False,False,98,98,0,4.82821955639275,4.82821955639275,,False,2.442632620584669e-10,0,0,0,0,4.82821955639275,4.82821955639275,True,HIGH_T1_D1,R0,G0,
2297,NO_DEMONSTRATED_GAIN,True,False,False,98,98,0,4.82821955639275,4.82821955639275,,False,2.442632620584669e-10,0,0,0,0,4.82821955639275,4.82821955639275,True,HIGH_T1_D1,S0,R0,
2297,NO_DEMONSTRATED_GAIN,True,False,False,98,98,0,4.82821955639275,4.82821955639275,,False,2.442632620584669e-10,0,0,0,0,4.82821955639275,4.82821955639275,True,HIGH_T1_D1,S0,S0,
2297,NO_DEMONSTRATED_GAIN,True,False,False,98,98,0,4.82821955639275,4.82821955639275,,False,2.442632620584669e-10,0,0,0,0,4.82821955639275,4.82821955639275,True,HIGH_T1_D1,S0,G0,
2297,NO_DEMONSTRATED_GAIN,True,False,False,98,98,0,4.82821955639275,4.82821955639275,,False,2.442632620584669e-10,0,0,0,0,4.82821955639275,4.82821955639275,True,HIGH_T1_D1,G0,R0,
2297,NO_DEMONSTRATED_GAIN,True,False,False,98,98,0,4.82821955639275,4.82821955639275,,False,2.442632620584669e-10,0,0,0,0,4.82821955639275,4.82821955639275,True,HIGH_T1_D1,G0,S0,
2297,NO_DEMONSTRATED_GAIN,True,False,False,98,98,0,4.82821955639275,4.82821955639275,,False,2.442632620584669e-10,0,0,0,0,4.82821955639275,4.82821955639275,True,HIGH_T1_D1,G0,G0,
3028,NO_DEMONSTRATED_GAIN,True,False,False,147,147,0,50.4370891588213,50.4370891588213,,False,2.2729368441711945e-10,0,0,0,0,4.807207547621361,4.807207547621361,True,HIGH_T1_D1,R0,R0,
3028,NO_DEMONSTRATED_GAIN,True,False,False,147,147,0,50.4370891588213,50.4370891588213,,False,2.2729368441711945e-10,0,0,0,0,4.807207547621361,4.807207547621361,True,HIGH_T1_D1,R0,S0,
3028,NO_DEMONSTRATED_GAIN,True,False,False,147,147,0,50.4370891588213,50.4370891588213,,False,2.2729368441711945e-10,0,0,0,0,4.807207547621361,4.807207547621361,True,HIGH_T1_D1,R0,G0,
3028,NO_DEMONSTRATED_GAIN,True,False,False,147,147,0,50.4370891588213,50.4370891588213,,False,2.2729368441711945e-10,0,0,0,0,4.807207547621361,4.807207547621361,True,HIGH_T1_D1,S0,R0,
3028,NO_DEMONSTRATED_GAIN,True,False,False,147,147,0,50.4370891588213,50.4370891588213,,False,2.2729368441711945e-10,0,0,0,0,4.807207547621361,4.807207547621361,True,HIGH_T1_D1,S0,S0,
3028,NO_DEMONSTRATED_GAIN,True,False,False,147,147,0,50.4370891588213,50.4370891588213,,False,2.2729368441711945e-10,0,0,0,0,4.807207547621361,4.807207547621361,True,HIGH_T1_D1,S0,G0,
3028,NO_DEMONSTRATED_GAIN,True,False,False,147,147,0,50.4370891588213,50.4370891588213,,False,2.2729368441711945e-10,0,0,0,0,4.807207547621361,4.807207547621361,True,HIGH_T1_D1,G0,R0,
3028,NO_DEMONSTRATED_GAIN,True,False,False,147,147,0,50.4370891588213,50.4370891588213,,False,2.2729368441711945e-10,0,0,0,0,4.807207547621361,4.807207547621361,True,HIGH_T1_D1,G0,S0,
3028,NO_DEMONSTRATED_GAIN,True,False,False,147,147,0,50.4370891588213,50.4370891588213,,False,2.2729368441711945e-10,0,0,0,0,4.807207547621361,4.807207547621361,True,HIGH_T1_D1,G0,G0,
6212,NO_DEMONSTRATED_GAIN,True,False,False,105,105,0,15.991943716927107,15.991943716927107,,False,2.3779727710872823e-10,0,0,0,0,4.212080741965645,4.212080741965645,True,HIGH_T1_D1,R0,R0,
6212,NO_DEMONSTRATED_GAIN,True,False,False,105,105,0,15.991943716927107,15.991943716927107,,False,2.3779727710872823e-10,0,0,0,0,4.212080741965645,4.212080741965645,True,HIGH_T1_D1,R0,S0,
6212,NO_DEMONSTRATED_GAIN,True,False,False,105,105,0,15.991943716927107,15.991943716927107,,False,2.3779727710872823e-10,0,0,0,0,4.212080741965645,4.212080741965645,True,HIGH_T1_D1,R0,G0,
6212,NO_DEMONSTRATED_GAIN,True,False,False,105,105,0,15.991943716927107,15.991943716927107,,False,2.3779727710872823e-10,0,0,0,0,4.212080741965645,4.212080741965645,True,HIGH_T1_D1,S0,R0,
6212,NO_DEMONSTRATED_GAIN,True,False,False,105,105,0,15.991943716927107,15.991943716927107,,False,2.3779727710872823e-10,0,0,0,0,4.212080741965645,4.212080741965645,True,HIGH_T1_D1,S0,S0,
6212,NO_DEMONSTRATED_GAIN,True,False,False,105,105,0,15.991943716927107,15.991943716927107,,False,2.3779727710872823e-10,0,0,0,0,4.212080741965645,4.212080741965645,True,HIGH_T1_D1,S0,G0,
6212,NO_DEMONSTRATED_GAIN,True,False,False,105,105,0,15.991943716927107,15.991943716927107,,False,2.3779727710872823e-10,0,0,0,0,4.212080741965645,4.212080741965645,True,HIGH_T1_D1,G0,R0,
6212,NO_DEMONSTRATED_GAIN,True,False,False,105,105,0,15.991943716927107,15.991943716927107,,False,2.3779727710872823e-10,0,0,0,0,4.212080741965645,4.212080741965645,True,HIGH_T1_D1,G0,S0,
6212,NO_DEMONSTRATED_GAIN,True,False,False,105,105,0,15.991943716927107,15.991943716927107,,False,2.3779727710872823e-10,0,0,0,0,4.212080741965645,4.212080741965645,True,HIGH_T1_D1,G0,G0,
6779,NO_DEMONSTRATED_GAIN,True,False,False,120,120,0,9.542826915617278,9.542826915617278,,False,2.3135762279146781e-10,0,0,0,0,4.76514436782091,4.76514436782091,True,HIGH_T1_D1,R0,R0,
6779,NO_DEMONSTRATED_GAIN,True,False,False,120,120,0,9.542826915617278,9.542826915617278,,False,2.3135762279146781e-10,0,0,0,0,4.76514436782091,4.76514436782091,True,HIGH_T1_D1,R0,S0,
6779,NO_DEMONSTRATED_GAIN,True,False,False,120,120,0,9.542826915617278,9.542826915617278,,False,2.3135762279146781e-10,0,0,0,0,4.76514436782091,4.76514436782091,True,HIGH_T1_D1,R0,G0,
6779,NO_DEMONSTRATED_GAIN,True,False,False,120,120,0,9.542826915617278,9.542826915617278,,False,2.3135762279146781e-10,0,0,0,0,4.76514436782091,4.76514436782091,True,HIGH_T1_D1,S0,R0,
6779,NO_DEMONSTRATED_GAIN,True,False,False,120,120,0,9.542826915617278,9.542826915617278,,False,2.3135762279146781e-10,0,0,0,0,4.76514436782091,4.76514436782091,True,HIGH_T1_D1,S0,S0,
6779,NO_DEMONSTRATED_GAIN,True,False,False,120,120,0,9.542826915617278,9.542826915617278,,False,2.3135762279146781e-10,0,0,0,0,4.76514436782091,4.76514436782091,True,HIGH_T1_D1,S0,G0,
6779,NO_DEMONSTRATED_GAIN,True,False,False,120,120,0,9.542826915617278,9.542826915617278,,False,2.3135762279146781e-10,0,0,0,0,4.76514436782091,4.76514436782091,True,HIGH_T1_D1,G0,R0,
6779,NO_DEMONSTRATED_GAIN,True,False,False,120,120,0,9.542826915617278,9.542826915617278,,False,2.3135762279146781e-10,0,0,0,0,4.76514436782091,4.76514436782091,True,HIGH_T1_D1,G0,S0,
6779,NO_DEMONSTRATED_GAIN,True,False,False,120,120,0,9.542826915617278,9.542826915617278,,False,2.3135762279146781e-10,0,0,0,0,4.76514436782091,4.76514436782091,True,HIGH_T1_D1,G0,G0,
7711,NO_DEMONSTRATED_GAIN,True,False,False,0,0,0,,,,False,1.890440676607131e-10,0,0,0,0,,,True,LOW_T0_D1,R0,R0,
7711,TRADEOFF,False,False,False,100,0,-100,0.6121632465362654,,,False,1.890440676607131e-10,0,0,-2,-2,,0.6121632465362654,False,LOW_T0_D1,R0,S0,COMMON_COVERED_IDENTITIES_LOST;COMMON_GEOMETRIC_PROTECTION_DEGRADED;RAW_WINDOW_COVERAGE_LOST;RAW_WINDOW_IDENTITIES_LOST;RECORD_COVERAGE_LOST
7711,NO_DEMONSTRATED_GAIN,True,False,False,0,0,0,,,,False,1.890440676607131e-10,0,0,0,0,,,True,LOW_T0_D1,R0,G0,
7711,SUPPORTED_WITHIN_SCOPE,True,True,False,0,100,100,,,0.6121632465362654,False,1.890440676607131e-10,100,43.59796590825079,2,2,0.6121632465362654,,False,LOW_T0_D1,S0,R0,
7711,NO_DEMONSTRATED_GAIN,True,False,False,100,100,0,0.6121632465362654,0.6121632465362654,,False,1.890440676607131e-10,0,0,0,0,0.6121632465362654,0.6121632465362654,True,LOW_T0_D1,S0,S0,
7711,SUPPORTED_WITHIN_SCOPE,True,True,False,0,100,100,,,0.6121632465362654,False,1.890440676607131e-10,100,43.59796590825079,2,2,0.6121632465362654,,False,LOW_T0_D1,S0,G0,
7711,NO_DEMONSTRATED_GAIN,True,False,False,0,0,0,,,,False,1.890440676607131e-10,0,0,0,0,,,True,LOW_T0_D1,G0,R0,
7711,TRADEOFF,False,False,False,100,0,-100,0.6121632465362654,,,False,1.890440676607131e-10,0,0,-2,-2,,0.6121632465362654,False,LOW_T0_D1,G0,S0,COMMON_COVERED_IDENTITIES_LOST;COMMON_GEOMETRIC_PROTECTION_DEGRADED;RAW_WINDOW_COVERAGE_LOST;RAW_WINDOW_IDENTITIES_LOST;RECORD_COVERAGE_LOST
7711,NO_DEMONSTRATED_GAIN,True,False,False,0,0,0,,,,False,1.890440676607131e-10,0,0,0,0,,,True,LOW_T0_D1,G0,G0,
9787,NO_DEMONSTRATED_GAIN,True,False,False,0,0,0,,,,False,2.607414647104354e-10,0,0,0,0,,,True,LOW_T0_D1,R0,R0,
9787,TRADEOFF,False,False,False,99,0,-99,1.8174710159936571,,,False,2.607414647104354e-10,0,0,-2,-2,,1.8174710159936571,False,LOW_T0_D1,R0,S0,COMMON_COVERED_IDENTITIES_LOST;COMMON_GEOMETRIC_PROTECTION_DEGRADED;RAW_WINDOW_COVERAGE_LOST;RAW_WINDOW_IDENTITIES_LOST;RECORD_COVERAGE_LOST
9787,NO_DEMONSTRATED_GAIN,True,False,False,0,0,0,,,,False,2.607414647104354e-10,0,0,0,0,,,True,LOW_T0_D1,R0,G0,
9787,SUPPORTED_WITHIN_SCOPE,True,True,False,0,99,99,,,1.8174710159936571,False,2.607414647104354e-10,99,67.29472543883797,2,2,1.8174710159936571,,False,LOW_T0_D1,S0,R0,
9787,NO_DEMONSTRATED_GAIN,True,False,False,99,99,0,1.8174710159936571,1.8174710159936571,,False,2.607414647104354e-10,0,0,0,0,1.8174710159936571,1.8174710159936571,True,LOW_T0_D1,S0,S0,
9787,SUPPORTED_WITHIN_SCOPE,True,True,False,0,99,99,,,1.8174710159936571,False,2.607414647104354e-10,99,67.29472543883797,2,2,1.8174710159936571,,False,LOW_T0_D1,S0,G0,
9787,NO_DEMONSTRATED_GAIN,True,False,False,0,0,0,,,,False,2.607414647104354e-10,0,0,0,0,,,True,LOW_T0_D1,G0,R0,
9787,TRADEOFF,False,False,False,99,0,-99,1.8174710159936571,,,False,2.607414647104354e-10,0,0,-2,-2,,1.8174710159936571,False,LOW_T0_D1,G0,S0,COMMON_COVERED_IDENTITIES_LOST;COMMON_GEOMETRIC_PROTECTION_DEGRADED;RAW_WINDOW_COVERAGE_LOST;RAW_WINDOW_IDENTITIES_LOST;RECORD_COVERAGE_LOST
9787,NO_DEMONSTRATED_GAIN,True,False,False,0,0,0,,,,False,2.607414647104354e-10,0,0,0,0,,,True,LOW_T0_D1,G0,G0,
10913,NO_DEMONSTRATED_GAIN,True,False,False,0,0,0,,,,False,1.0071539571690839e-10,0,0,0,0,,,True,LOW_T0_D1,R0,R0,
10913,TRADEOFF,False,False,False,101,0,-101,0.46776729121319444,,,False,1.0071539571690839e-10,0,0,-2,-2,,0.46776729121319444,False,LOW_T0_D1,R0,S0,COMMON_COVERED_IDENTITIES_LOST;COMMON_GEOMETRIC_PROTECTION_DEGRADED;RAW_WINDOW_COVERAGE_LOST;RAW_WINDOW_IDENTITIES_LOST;RECORD_COVERAGE_LOST
10913,NO_DEMONSTRATED_GAIN,True,False,False,0,0,0,,,,False,1.0071539571690839e-10,0,0,0,0,,,True,LOW_T0_D1,R0,G0,
10913,SUPPORTED_WITHIN_SCOPE,True,True,False,0,101,101,,,0.46776729121319444,False,1.0071539571690839e-10,101,21.049528328079386,2,2,0.46776729121319444,,False,LOW_T0_D1,S0,R0,
10913,NO_DEMONSTRATED_GAIN,True,False,False,101,101,0,0.46776729121319444,0.46776729121319444,,False,1.0071539571690839e-10,0,0,0,0,0.46776729121319444,0.46776729121319444,True,LOW_T0_D1,S0,S0,
10913,SUPPORTED_WITHIN_SCOPE,True,True,False,0,101,101,,,0.46776729121319444,False,1.0071539571690839e-10,101,21.049528328079386,2,2,0.46776729121319444,,False,LOW_T0_D1,S0,G0,
10913,NO_DEMONSTRATED_GAIN,True,False,False,0,0,0,,,,False,1.0071539571690839e-10,0,0,0,0,,,True,LOW_T0_D1,G0,R0,
10913,TRADEOFF,False,False,False,101,0,-101,0.46776729121319444,,,False,1.0071539571690839e-10,0,0,-2,-2,,0.46776729121319444,False,LOW_T0_D1,G0,S0,COMMON_COVERED_IDENTITIES_LOST;COMMON_GEOMETRIC_PROTECTION_DEGRADED;RAW_WINDOW_COVERAGE_LOST;RAW_WINDOW_IDENTITIES_LOST;RECORD_COVERAGE_LOST
10913,NO_DEMONSTRATED_GAIN,True,False,False,0,0,0,,,,False,1.0071539571690839e-10,0,0,0,0,,,True,LOW_T0_D1,G0,G0,
9709,NO_DEMONSTRATED_GAIN,True,False,False,0,0,0,,,,False,2.559149447305272e-10,0,0,0,0,,,True,LOW_T0_D1,R0,R0,
9709,TRADEOFF,False,False,False,99,0,-99,0.19502194511872156,,,False,2.559149447305272e-10,0,0,-2,-2,,0.19502194511872156,False,LOW_T0_D1,R0,S0,COMMON_COVERED_IDENTITIES_LOST;COMMON_GEOMETRIC_PROTECTION_DEGRADED;RAW_WINDOW_COVERAGE_LOST;RAW_WINDOW_IDENTITIES_LOST;RECORD_COVERAGE_LOST
9709,NO_DEMONSTRATED_GAIN,True,False,False,0,0,0,,,,False,2.559149447305272e-10,0,0,0,0,,,True,LOW_T0_D1,R0,G0,
9709,SUPPORTED_WITHIN_SCOPE,True,True,False,0,99,99,,,0.19502194511872156,False,2.559149447305272e-10,99,11.611028947214741,2,2,0.19502194511872156,,False,LOW_T0_D1,S0,R0,
9709,NO_DEMONSTRATED_GAIN,True,False,False,99,99,0,0.19502194511872156,0.19502194511872156,,False,2.559149447305272e-10,0,0,0,0,0.19502194511872156,0.19502194511872156,True,LOW_T0_D1,S0,S0,
9709,SUPPORTED_WITHIN_SCOPE,True,True,False,0,99,99,,,0.19502194511872156,False,2.559149447305272e-10,99,11.611028947214741,2,2,0.19502194511872156,,False,LOW_T0_D1,S0,G0,
9709,NO_DEMONSTRATED_GAIN,True,False,False,0,0,0,,,,False,2.559149447305272e-10,0,0,0,0,,,True,LOW_T0_D1,G0,R0,
9709,TRADEOFF,False,False,False,99,0,-99,0.19502194511872156,,,False,2.559149447305272e-10,0,0,-2,-2,,0.19502194511872156,False,LOW_T0_D1,G0,S0,COMMON_COVERED_IDENTITIES_LOST;COMMON_GEOMETRIC_PROTECTION_DEGRADED;RAW_WINDOW_COVERAGE_LOST;RAW_WINDOW_IDENTITIES_LOST;RECORD_COVERAGE_LOST
9709,NO_DEMONSTRATED_GAIN,True,False,False,0,0,0,,,,False,2.559149447305272e-10,0,0,0,0,,,True,LOW_T0_D1,G0,G0,
2025,NO_DEMONSTRATED_GAIN,True,False,False,0,0,0,,,,False,4.3134656917122597e-10,0,0,0,0,,,True,LOW_T0_D1,R0,R0,
2025,TRADEOFF,False,False,False,101,0,-101,2.106522662300043,,,False,4.3134656917122597e-10,0,0,-2,-2,,2.106522662300043,False,LOW_T0_D1,R0,S0,COMMON_COVERED_IDENTITIES_LOST;COMMON_GEOMETRIC_PROTECTION_DEGRADED;RAW_WINDOW_COVERAGE_LOST;RAW_WINDOW_IDENTITIES_LOST;RECORD_COVERAGE_LOST
2025,NO_DEMONSTRATED_GAIN,True,False,False,0,0,0,,,,False,4.3134656917122597e-10,0,0,0,0,,,True,LOW_T0_D1,R0,G0,
2025,SUPPORTED_WITHIN_SCOPE,True,True,False,0,101,101,,,2.106522662300043,False,4.3134656917122597e-10,101,100.10333361204111,2,2,2.106522662300043,,False,LOW_T0_D1,S0,R0,
2025,NO_DEMONSTRATED_GAIN,True,False,False,101,101,0,2.106522662300043,2.106522662300043,,False,4.3134656917122597e-10,0,0,0,0,2.106522662300043,2.106522662300043,True,LOW_T0_D1,S0,S0,
2025,SUPPORTED_WITHIN_SCOPE,True,True,False,0,101,101,,,2.106522662300043,False,4.3134656917122597e-10,101,100.10333361204111,2,2,2.106522662300043,,False,LOW_T0_D1,S0,G0,
2025,NO_DEMONSTRATED_GAIN,True,False,False,0,0,0,,,,False,4.3134656917122597e-10,0,0,0,0,,,True,LOW_T0_D1,G0,R0,
2025,TRADEOFF,False,False,False,101,0,-101,2.106522662300043,,,False,4.3134656917122597e-10,0,0,-2,-2,,2.106522662300043,False,LOW_T0_D1,G0,S0,COMMON_COVERED_IDENTITIES_LOST;COMMON_GEOMETRIC_PROTECTION_DEGRADED;RAW_WINDOW_COVERAGE_LOST;RAW_WINDOW_IDENTITIES_LOST;RECORD_COVERAGE_LOST
2025,NO_DEMONSTRATED_GAIN,True,False,False,0,0,0,,,,False,4.3134656917122597e-10,0,0,0,0,,,True,LOW_T0_D1,G0,G0,
4536,NO_DEMONSTRATED_GAIN,True,False,False,0,0,0,,,,False,2.9001028661181544e-10,0,0,0,0,,,True,LOW_T0_D1,R0,R0,
4536,TRADEOFF,False,False,False,100,0,-100,1.7350926932433084,,,False,2.9001028661181544e-10,0,0,-2,-2,,1.7350926932433084,False,LOW_T0_D1,R0,S0,COMMON_COVERED_IDENTITIES_LOST;COMMON_GEOMETRIC_PROTECTION_DEGRADED;RAW_WINDOW_COVERAGE_LOST;RAW_WINDOW_IDENTITIES_LOST;RECORD_COVERAGE_LOST
4536,NO_DEMONSTRATED_GAIN,True,False,False,0,0,0,,,,False,2.9001028661181544e-10,0,0,0,0,,,True,LOW_T0_D1,R0,G0,
4536,SUPPORTED_WITHIN_SCOPE,True,True,False,0,100,100,,,1.7350926932433084,False,2.9001028661181544e-10,100,66.00919407655836,2,2,1.7350926932433084,,False,LOW_T0_D1,S0,R0,
4536,NO_DEMONSTRATED_GAIN,True,False,False,100,100,0,1.7350926932433084,1.7350926932433084,,False,2.9001028661181544e-10,0,0,0,0,1.7350926932433084,1.7350926932433084,True,LOW_T0_D1,S0,S0,
4536,SUPPORTED_WITHIN_SCOPE,True,True,False,0,100,100,,,1.7350926932433084,False,2.9001028661181544e-10,100,66.00919407655836,2,2,1.7350926932433084,,False,LOW_T0_D1,S0,G0,
4536,NO_DEMONSTRATED_GAIN,True,False,False,0,0,0,,,,False,2.9001028661181544e-10,0,0,0,0,,,True,LOW_T0_D1,G0,R0,
4536,TRADEOFF,False,False,False,100,0,-100,1.7350926932433084,,,False,2.9001028661181544e-10,0,0,-2,-2,,1.7350926932433084,False,LOW_T0_D1,G0,S0,COMMON_COVERED_IDENTITIES_LOST;COMMON_GEOMETRIC_PROTECTION_DEGRADED;RAW_WINDOW_COVERAGE_LOST;RAW_WINDOW_IDENTITIES_LOST;RECORD_COVERAGE_LOST
4536,NO_DEMONSTRATED_GAIN,True,False,False,0,0,0,,,,False,2.9001028661181544e-10,0,0,0,0,,,True,LOW_T0_D1,G0,G0,
112,NO_DEMONSTRATED_GAIN,True,False,False,0,0,0,,,,False,5.458928977218669e-10,0,0,0,0,,,True,LOW_T0_D1,R0,R0,
112,TRADEOFF,False,False,False,97,0,-97,0.8869408764019459,,,False,5.458928977218669e-10,0,0,-2,-2,,0.8869408764019459,False,LOW_T0_D1,R0,S0,COMMON_COVERED_IDENTITIES_LOST;COMMON_GEOMETRIC_PROTECTION_DEGRADED;RAW_WINDOW_COVERAGE_LOST;RAW_WINDOW_IDENTITIES_LOST;RECORD_COVERAGE_LOST
112,NO_DEMONSTRATED_GAIN,True,False,False,0,0,0,,,,False,5.458928977218669e-10,0,0,0,0,,,True,LOW_T0_D1,R0,G0,
112,SUPPORTED_WITHIN_SCOPE,True,True,False,0,97,97,,,0.8869408764019459,False,5.458928977218669e-10,97,52.88385110266385,2,2,0.8869408764019459,,False,LOW_T0_D1,S0,R0,
112,NO_DEMONSTRATED_GAIN,True,False,False,97,97,0,0.8869408764019459,0.8869408764019459,,False,5.458928977218669e-10,0,0,0,0,0.8869408764019459,0.8869408764019459,True,LOW_T0_D1,S0,S0,
112,SUPPORTED_WITHIN_SCOPE,True,True,False,0,97,97,,,0.8869408764019459,False,5.458928977218669e-10,97,52.88385110266385,2,2,0.8869408764019459,,False,LOW_T0_D1,S0,G0,
112,NO_DEMONSTRATED_GAIN,True,False,False,0,0,0,,,,False,5.458928977218669e-10,0,0,0,0,,,True,LOW_T0_D1,G0,R0,
112,TRADEOFF,False,False,False,97,0,-97,0.8869408764019459,,,False,5.458928977218669e-10,0,0,-2,-2,,0.8869408764019459,False,LOW_T0_D1,G0,S0,COMMON_COVERED_IDENTITIES_LOST;COMMON_GEOMETRIC_PROTECTION_DEGRADED;RAW_WINDOW_COVERAGE_LOST;RAW_WINDOW_IDENTITIES_LOST;RECORD_COVERAGE_LOST
112,NO_DEMONSTRATED_GAIN,True,False,False,0,0,0,,,,False,5.458928977218669e-10,0,0,0,0,,,True,LOW_T0_D1,G0,G0,
4930,NO_DEMONSTRATED_GAIN,True,False,False,0,0,0,,,,False,1.9748621071117632e-10,0,0,0,0,,,True,LOW_T0_D1,R0,R0,
4930,TRADEOFF,False,False,False,99,0,-99,1.7179423295048415,,,False,1.9748621071117632e-10,0,0,-2,-2,,1.7179423295048415,False,LOW_T0_D1,R0,S0,COMMON_COVERED_IDENTITIES_LOST;COMMON_GEOMETRIC_PROTECTION_DEGRADED;RAW_WINDOW_COVERAGE_LOST;RAW_WINDOW_IDENTITIES_LOST;RECORD_COVERAGE_LOST
4930,NO_DEMONSTRATED_GAIN,True,False,False,0,0,0,,,,False,1.9748621071117632e-10,0,0,0,0,,,True,LOW_T0_D1,R0,G0,
4930,SUPPORTED_WITHIN_SCOPE,True,True,False,0,99,99,,,1.7179423295048415,False,1.9748621071117632e-10,99,93.32051668160993,2,2,1.7179423295048415,,False,LOW_T0_D1,S0,R0,
4930,NO_DEMONSTRATED_GAIN,True,False,False,99,99,0,1.7179423295048415,1.7179423295048415,,False,1.9748621071117632e-10,0,0,0,0,1.7179423295048415,1.7179423295048415,True,LOW_T0_D1,S0,S0,
4930,SUPPORTED_WITHIN_SCOPE,True,True,False,0,99,99,,,1.7179423295048415,False,1.9748621071117632e-10,99,93.32051668160993,2,2,1.7179423295048415,,False,LOW_T0_D1,S0,G0,
4930,NO_DEMONSTRATED_GAIN,True,False,False,0,0,0,,,,False,1.9748621071117632e-10,0,0,0,0,,,True,LOW_T0_D1,G0,R0,
4930,TRADEOFF,False,False,False,99,0,-99,1.7179423295048415,,,False,1.9748621071117632e-10,0,0,-2,-2,,1.7179423295048415,False,LOW_T0_D1,G0,S0,COMMON_COVERED_IDENTITIES_LOST;COMMON_GEOMETRIC_PROTECTION_DEGRADED;RAW_WINDOW_COVERAGE_LOST;RAW_WINDOW_IDENTITIES_LOST;RECORD_COVERAGE_LOST
4930,NO_DEMONSTRATED_GAIN,True,False,False,0,0,0,,,,False,1.9748621071117632e-10,0,0,0,0,,,True,LOW_T0_D1,G0,G0,
9069,NO_DEMONSTRATED_GAIN,True,False,False,0,0,0,,,,False,8.167231236720458e-11,0,0,0,0,,,True,LOW_T0_D1,R0,R0,
9069,TRADEOFF,False,False,False,99,0,-99,1.925664340425694,,,False,8.167231236720458e-11,0,0,-2,-2,,1.925664340425694,False,LOW_T0_D1,R0,S0,COMMON_COVERED_IDENTITIES_LOST;COMMON_GEOMETRIC_PROTECTION_DEGRADED;RAW_WINDOW_COVERAGE_LOST;RAW_WINDOW_IDENTITIES_LOST;RECORD_COVERAGE_LOST
9069,NO_DEMONSTRATED_GAIN,True,False,False,0,0,0,,,,False,8.167231236720458e-11,0,0,0,0,,,True,LOW_T0_D1,R0,G0,
9069,SUPPORTED_WITHIN_SCOPE,True,True,False,0,99,99,,,1.925664340425694,False,8.167231236720458e-11,99,69.65231202481225,2,2,1.925664340425694,,False,LOW_T0_D1,S0,R0,
9069,NO_DEMONSTRATED_GAIN,True,False,False,99,99,0,1.925664340425694,1.925664340425694,,False,8.167231236720458e-11,0,0,0,0,1.925664340425694,1.925664340425694,True,LOW_T0_D1,S0,S0,
9069,SUPPORTED_WITHIN_SCOPE,True,True,False,0,99,99,,,1.925664340425694,False,8.167231236720458e-11,99,69.65231202481225,2,2,1.925664340425694,,False,LOW_T0_D1,S0,G0,
9069,NO_DEMONSTRATED_GAIN,True,False,False,0,0,0,,,,False,8.167231236720458e-11,0,0,0,0,,,True,LOW_T0_D1,G0,R0,
9069,TRADEOFF,False,False,False,99,0,-99,1.925664340425694,,,False,8.167231236720458e-11,0,0,-2,-2,,1.925664340425694,False,LOW_T0_D1,G0,S0,COMMON_COVERED_IDENTITIES_LOST;COMMON_GEOMETRIC_PROTECTION_DEGRADED;RAW_WINDOW_COVERAGE_LOST;RAW_WINDOW_IDENTITIES_LOST;RECORD_COVERAGE_LOST
9069,NO_DEMONSTRATED_GAIN,True,False,False,0,0,0,,,,False,8.167231236720458e-11,0,0,0,0,,,True,LOW_T0_D1,G0,G0,
1596,NO_DEMONSTRATED_GAIN,True,False,False,0,0,0,,,,False,1.171402077387876e-10,0,0,0,0,,,True,LOW_T0_D1,R0,R0,
1596,TRADEOFF,False,False,False,98,0,-98,1.192323281545177,,,False,1.171402077387876e-10,0,0,-2,-2,,1.192323281545177,False,LOW_T0_D1,R0,S0,COMMON_COVERED_IDENTITIES_LOST;COMMON_GEOMETRIC_PROTECTION_DEGRADED;RAW_WINDOW_COVERAGE_LOST;RAW_WINDOW_IDENTITIES_LOST;RECORD_COVERAGE_LOST
1596,NO_DEMONSTRATED_GAIN,True,False,False,0,0,0,,,,False,1.171402077387876e-10,0,0,0,0,,,True,LOW_T0_D1,R0,G0,
1596,SUPPORTED_WITHIN_SCOPE,True,True,False,0,98,98,,,1.192323281545177,False,1.171402077387876e-10,98,62.7421881329157,2,2,1.192323281545177,,False,LOW_T0_D1,S0,R0,
1596,NO_DEMONSTRATED_GAIN,True,False,False,98,98,0,1.192323281545177,1.192323281545177,,False,1.171402077387876e-10,0,0,0,0,1.192323281545177,1.192323281545177,True,LOW_T0_D1,S0,S0,
1596,SUPPORTED_WITHIN_SCOPE,True,True,False,0,98,98,,,1.192323281545177,False,1.171402077387876e-10,98,62.7421881329157,2,2,1.192323281545177,,False,LOW_T0_D1,S0,G0,
1596,NO_DEMONSTRATED_GAIN,True,False,False,0,0,0,,,,False,1.171402077387876e-10,0,0,0,0,,,True,LOW_T0_D1,G0,R0,
1596,TRADEOFF,False,False,False,98,0,-98,1.192323281545177,,,False,1.171402077387876e-10,0,0,-2,-2,,1.192323281545177,False,LOW_T0_D1,G0,S0,COMMON_COVERED_IDENTITIES_LOST;COMMON_GEOMETRIC_PROTECTION_DEGRADED;RAW_WINDOW_COVERAGE_LOST;RAW_WINDOW_IDENTITIES_LOST;RECORD_COVERAGE_LOST
1596,NO_DEMONSTRATED_GAIN,True,False,False,0,0,0,,,,False,1.171402077387876e-10,0,0,0,0,,,True,LOW_T0_D1,G0,G0,
4153,NO_DEMONSTRATED_GAIN,True,False,False,0,0,0,,,,False,5.975516740699304e-10,0,0,0,0,,,True,LOW_T0_D1,R0,R0,
4153,TRADEOFF,False,False,False,99,0,-99,2.376036304660872,,,False,5.975516740699304e-10,0,0,-2,-2,,2.376036304660872,False,LOW_T0_D1,R0,S0,COMMON_COVERED_IDENTITIES_LOST;COMMON_GEOMETRIC_PROTECTION_DEGRADED;RAW_WINDOW_COVERAGE_LOST;RAW_WINDOW_IDENTITIES_LOST;RECORD_COVERAGE_LOST
4153,NO_DEMONSTRATED_GAIN,True,False,False,0,0,0,,,,False,5.975516740699304e-10,0,0,0,0,,,True,LOW_T0_D1,R0,G0,
4153,SUPPORTED_WITHIN_SCOPE,True,True,False,0,99,99,,,2.376036304660872,False,5.975516740699304e-10,99,90.36333422885754,2,2,2.376036304660872,,False,LOW_T0_D1,S0,R0,
4153,NO_DEMONSTRATED_GAIN,True,False,False,99,99,0,2.376036304660872,2.376036304660872,,False,5.975516740699304e-10,0,0,0,0,2.376036304660872,2.376036304660872,True,LOW_T0_D1,S0,S0,
4153,SUPPORTED_WITHIN_SCOPE,True,True,False,0,99,99,,,2.376036304660872,False,5.975516740699304e-10,99,90.36333422885754,2,2,2.376036304660872,,False,LOW_T0_D1,S0,G0,
4153,NO_DEMONSTRATED_GAIN,True,False,False,0,0,0,,,,False,5.975516740699304e-10,0,0,0,0,,,True,LOW_T0_D1,G0,R0,
4153,TRADEOFF,False,False,False,99,0,-99,2.376036304660872,,,False,5.975516740699304e-10,0,0,-2,-2,,2.376036304660872,False,LOW_T0_D1,G0,S0,COMMON_COVERED_IDENTITIES_LOST;COMMON_GEOMETRIC_PROTECTION_DEGRADED;RAW_WINDOW_COVERAGE_LOST;RAW_WINDOW_IDENTITIES_LOST;RECORD_COVERAGE_LOST
4153,NO_DEMONSTRATED_GAIN,True,False,False,0,0,0,,,,False,5.975516740699304e-10,0,0,0,0,,,True,LOW_T0_D1,G0,G0,
8941,NO_DEMONSTRATED_GAIN,True,False,False,0,0,0,,,,False,1.7207961696945632e-10,0,0,0,0,,,True,LOW_T0_D1,R0,R0,
8941,TRADEOFF,False,False,False,99,0,-99,3.111081986156715,,,False,1.7207961696945632e-10,0,0,-2,-2,,3.111081986156715,False,LOW_T0_D1,R0,S0,COMMON_COVERED_IDENTITIES_LOST;COMMON_GEOMETRIC_PROTECTION_DEGRADED;RAW_WINDOW_COVERAGE_LOST;RAW_WINDOW_IDENTITIES_LOST;RECORD_COVERAGE_LOST
8941,NO_DEMONSTRATED_GAIN,True,False,False,0,0,0,,,,False,1.7207961696945632e-10,0,0,0,0,,,True,LOW_T0_D1,R0,G0,
8941,SUPPORTED_WITHIN_SCOPE,True,True,False,0,99,99,,,3.111081986156715,False,1.7207961696945632e-10,99,163.128855504957,2,2,3.111081986156715,,False,LOW_T0_D1,S0,R0,
8941,NO_DEMONSTRATED_GAIN,True,False,False,99,99,0,3.111081986156715,3.111081986156715,,False,1.7207961696945632e-10,0,0,0,0,3.111081986156715,3.111081986156715,True,LOW_T0_D1,S0,S0,
8941,SUPPORTED_WITHIN_SCOPE,True,True,False,0,99,99,,,3.111081986156715,False,1.7207961696945632e-10,99,163.128855504957,2,2,3.111081986156715,,False,LOW_T0_D1,S0,G0,
8941,NO_DEMONSTRATED_GAIN,True,False,False,0,0,0,,,,False,1.7207961696945632e-10,0,0,0,0,,,True,LOW_T0_D1,G0,R0,
8941,TRADEOFF,False,False,False,99,0,-99,3.111081986156715,,,False,1.7207961696945632e-10,0,0,-2,-2,,3.111081986156715,False,LOW_T0_D1,G0,S0,COMMON_COVERED_IDENTITIES_LOST;COMMON_GEOMETRIC_PROTECTION_DEGRADED;RAW_WINDOW_COVERAGE_LOST;RAW_WINDOW_IDENTITIES_LOST;RECORD_COVERAGE_LOST
8941,NO_DEMONSTRATED_GAIN,True,False,False,0,0,0,,,,False,1.7207961696945632e-10,0,0,0,0,,,True,LOW_T0_D1,G0,G0,
139,NO_DEMONSTRATED_GAIN,True,False,False,0,0,0,,,,False,5.509732411478366e-10,0,0,0,0,,,True,LOW_T1_D1,R0,R0,
139,TRADEOFF,False,False,False,97,0,-97,4.468728079160578,,,False,5.509732411478366e-10,0,0,-2,-2,,4.468728079160578,False,LOW_T1_D1,R0,S0,COMMON_COVERED_IDENTITIES_LOST;COMMON_GEOMETRIC_PROTECTION_DEGRADED;RAW_WINDOW_COVERAGE_LOST;RAW_WINDOW_IDENTITIES_LOST;RECORD_COVERAGE_LOST
139,NO_DEMONSTRATED_GAIN,True,False,False,0,0,0,,,,False,5.509732411478366e-10,0,0,0,0,,,True,LOW_T1_D1,R0,G0,
139,SUPPORTED_WITHIN_SCOPE,True,True,False,0,97,97,,,4.468728079160578,False,5.509732411478366e-10,97,238.4903531137446,2,2,4.468728079160578,,False,LOW_T1_D1,S0,R0,
139,NO_DEMONSTRATED_GAIN,True,False,False,97,97,0,4.468728079160578,4.468728079160578,,False,5.509732411478366e-10,0,0,0,0,4.468728079160578,4.468728079160578,True,LOW_T1_D1,S0,S0,
139,SUPPORTED_WITHIN_SCOPE,True,True,False,0,97,97,,,4.468728079160578,False,5.509732411478366e-10,97,238.4903531137446,2,2,4.468728079160578,,False,LOW_T1_D1,S0,G0,
139,NO_DEMONSTRATED_GAIN,True,False,False,0,0,0,,,,False,5.509732411478366e-10,0,0,0,0,,,True,LOW_T1_D1,G0,R0,
139,TRADEOFF,False,False,False,97,0,-97,4.468728079160578,,,False,5.509732411478366e-10,0,0,-2,-2,,4.468728079160578,False,LOW_T1_D1,G0,S0,COMMON_COVERED_IDENTITIES_LOST;COMMON_GEOMETRIC_PROTECTION_DEGRADED;RAW_WINDOW_COVERAGE_LOST;RAW_WINDOW_IDENTITIES_LOST;RECORD_COVERAGE_LOST
139,NO_DEMONSTRATED_GAIN,True,False,False,0,0,0,,,,False,5.509732411478366e-10,0,0,0,0,,,True,LOW_T1_D1,G0,G0,
6008,NO_DEMONSTRATED_GAIN,True,False,False,0,0,0,,,,False,3.248896604799145e-10,0,0,0,0,,,True,LOW_T1_D1,R0,R0,
6008,TRADEOFF,False,False,False,97,0,-97,0.725120960143379,,,False,3.248896604799145e-10,0,0,-4,-4,,0.725120960143379,False,LOW_T1_D1,R0,S0,COMMON_COVERED_IDENTITIES_LOST;COMMON_GEOMETRIC_PROTECTION_DEGRADED;RAW_WINDOW_COVERAGE_LOST;RAW_WINDOW_IDENTITIES_LOST;RECORD_COVERAGE_LOST
6008,NO_DEMONSTRATED_GAIN,True,False,False,0,0,0,,,,False,3.248896604799145e-10,0,0,0,0,,,True,LOW_T1_D1,R0,G0,
6008,SUPPORTED_WITHIN_SCOPE,True,True,False,0,97,97,,,0.725120960143379,False,3.248896604799145e-10,97,24.060410999662928,4,4,0.725120960143379,,False,LOW_T1_D1,S0,R0,
6008,NO_DEMONSTRATED_GAIN,True,False,False,97,97,0,0.725120960143379,0.725120960143379,,False,3.248896604799145e-10,0,0,0,0,0.725120960143379,0.725120960143379,True,LOW_T1_D1,S0,S0,
6008,SUPPORTED_WITHIN_SCOPE,True,True,False,0,97,97,,,0.725120960143379,False,3.248896604799145e-10,97,24.060410999662928,4,4,0.725120960143379,,False,LOW_T1_D1,S0,G0,
6008,NO_DEMONSTRATED_GAIN,True,False,False,0,0,0,,,,False,3.248896604799145e-10,0,0,0,0,,,True,LOW_T1_D1,G0,R0,
6008,TRADEOFF,False,False,False,97,0,-97,0.725120960143379,,,False,3.248896604799145e-10,0,0,-4,-4,,0.725120960143379,False,LOW_T1_D1,G0,S0,COMMON_COVERED_IDENTITIES_LOST;COMMON_GEOMETRIC_PROTECTION_DEGRADED;RAW_WINDOW_COVERAGE_LOST;RAW_WINDOW_IDENTITIES_LOST;RECORD_COVERAGE_LOST
6008,NO_DEMONSTRATED_GAIN,True,False,False,0,0,0,,,,False,3.248896604799145e-10,0,0,0,0,,,True,LOW_T1_D1,G0,G0,
4155,NO_DEMONSTRATED_GAIN,True,False,False,0,0,0,,,,False,4.687911774434301e-10,0,0,0,0,,,True,LOW_T1_D1,R0,R0,
4155,TRADEOFF,False,False,False,102,0,-102,0.48891632686086467,,,False,4.687911774434301e-10,0,0,-4,-4,,0.48891632686086467,False,LOW_T1_D1,R0,S0,COMMON_COVERED_IDENTITIES_LOST;COMMON_GEOMETRIC_PROTECTION_DEGRADED;RAW_WINDOW_COVERAGE_LOST;RAW_WINDOW_IDENTITIES_LOST;RECORD_COVERAGE_LOST
4155,NO_DEMONSTRATED_GAIN,True,False,False,0,0,0,,,,False,4.687911774434301e-10,0,0,0,0,,,True,LOW_T1_D1,R0,G0,
4155,SUPPORTED_WITHIN_SCOPE,True,True,False,0,102,102,,,0.48891632686086467,False,4.687911774434301e-10,102,15.565908340340476,4,4,0.48891632686086467,,False,LOW_T1_D1,S0,R0,
4155,NO_DEMONSTRATED_GAIN,True,False,False,102,102,0,0.48891632686086467,0.48891632686086467,,False,4.687911774434301e-10,0,0,0,0,0.48891632686086467,0.48891632686086467,True,LOW_T1_D1,S0,S0,
4155,SUPPORTED_WITHIN_SCOPE,True,True,False,0,102,102,,,0.48891632686086467,False,4.687911774434301e-10,102,15.565908340340476,4,4,0.48891632686086467,,False,LOW_T1_D1,S0,G0,
4155,NO_DEMONSTRATED_GAIN,True,False,False,0,0,0,,,,False,4.687911774434301e-10,0,0,0,0,,,True,LOW_T1_D1,G0,R0,
4155,TRADEOFF,False,False,False,102,0,-102,0.48891632686086467,,,False,4.687911774434301e-10,0,0,-4,-4,,0.48891632686086467,False,LOW_T1_D1,G0,S0,COMMON_COVERED_IDENTITIES_LOST;COMMON_GEOMETRIC_PROTECTION_DEGRADED;RAW_WINDOW_COVERAGE_LOST;RAW_WINDOW_IDENTITIES_LOST;RECORD_COVERAGE_LOST
4155,NO_DEMONSTRATED_GAIN,True,False,False,0,0,0,,,,False,4.687911774434301e-10,0,0,0,0,,,True,LOW_T1_D1,G0,G0,
6763,NO_DEMONSTRATED_GAIN,True,False,False,0,0,0,,,,False,3.5918170554082236e-10,0,0,0,0,,,True,LOW_T1_D1,R0,R0,
6763,TRADEOFF,False,False,False,72,0,-72,0.08761545687585331,,,False,3.5918170554082236e-10,0,0,-14,-14,,0.08761545687585331,False,LOW_T1_D1,R0,S0,COMMON_COVERED_IDENTITIES_LOST;COMMON_GEOMETRIC_PROTECTION_DEGRADED;RAW_WINDOW_COVERAGE_LOST;RAW_WINDOW_IDENTITIES_LOST;RECORD_COVERAGE_LOST
6763,NO_DEMONSTRATED_GAIN,True,False,False,0,0,0,,,,False,3.5918170554082236e-10,0,0,0,0,,,True,LOW_T1_D1,R0,G0,
6763,SUPPORTED_WITHIN_SCOPE,True,True,False,0,72,72,,,0.08761545687585331,False,3.5918170554082236e-10,72,1.051385484457224,14,14,0.08761545687585331,,False,LOW_T1_D1,S0,R0,
6763,NO_DEMONSTRATED_GAIN,True,False,False,72,72,0,0.08761545687585331,0.08761545687585331,,False,3.5918170554082236e-10,0,0,0,0,0.08761545687585331,0.08761545687585331,True,LOW_T1_D1,S0,S0,
6763,SUPPORTED_WITHIN_SCOPE,True,True,False,0,72,72,,,0.08761545687585331,False,3.5918170554082236e-10,72,1.051385484457224,14,14,0.08761545687585331,,False,LOW_T1_D1,S0,G0,
6763,NO_DEMONSTRATED_GAIN,True,False,False,0,0,0,,,,False,3.5918170554082236e-10,0,0,0,0,,,True,LOW_T1_D1,G0,R0,
6763,TRADEOFF,False,False,False,72,0,-72,0.08761545687585331,,,False,3.5918170554082236e-10,0,0,-14,-14,,0.08761545687585331,False,LOW_T1_D1,G0,S0,COMMON_COVERED_IDENTITIES_LOST;COMMON_GEOMETRIC_PROTECTION_DEGRADED;RAW_WINDOW_COVERAGE_LOST;RAW_WINDOW_IDENTITIES_LOST;RECORD_COVERAGE_LOST
6763,NO_DEMONSTRATED_GAIN,True,False,False,0,0,0,,,,False,3.5918170554082236e-10,0,0,0,0,,,True,LOW_T1_D1,G0,G0,
7137,NO_DEMONSTRATED_GAIN,True,False,False,0,0,0,,,,False,4.269124193475939e-10,0,0,0,0,,,True,LOW_T1_D1,R0,R0,
7137,TRADEOFF,False,False,False,100,0,-100,0.08755227479509936,,,False,4.269124193475939e-10,0,0,-2,-2,,0.08755227479509936,False,LOW_T1_D1,R0,S0,COMMON_COVERED_IDENTITIES_LOST;COMMON_GEOMETRIC_PROTECTION_DEGRADED;RAW_WINDOW_COVERAGE_LOST;RAW_WINDOW_IDENTITIES_LOST;RECORD_COVERAGE_LOST
7137,NO_DEMONSTRATED_GAIN,True,False,False,0,0,0,,,,False,4.269124193475939e-10,0,0,0,0,,,True,LOW_T1_D1,R0,G0,
7137,SUPPORTED_WITHIN_SCOPE,True,True,False,0,100,100,,,0.08755227479509936,False,4.269124193475939e-10,100,0.08755227479509936,2,2,0.08755227479509936,,False,LOW_T1_D1,S0,R0,
7137,NO_DEMONSTRATED_GAIN,True,False,False,100,100,0,0.08755227479509936,0.08755227479509936,,False,4.269124193475939e-10,0,0,0,0,0.08755227479509936,0.08755227479509936,True,LOW_T1_D1,S0,S0,
7137,SUPPORTED_WITHIN_SCOPE,True,True,False,0,100,100,,,0.08755227479509936,False,4.269124193475939e-10,100,0.08755227479509936,2,2,0.08755227479509936,,False,LOW_T1_D1,S0,G0,
7137,NO_DEMONSTRATED_GAIN,True,False,False,0,0,0,,,,False,4.269124193475939e-10,0,0,0,0,,,True,LOW_T1_D1,G0,R0,
7137,TRADEOFF,False,False,False,100,0,-100,0.08755227479509936,,,False,4.269124193475939e-10,0,0,-2,-2,,0.08755227479509936,False,LOW_T1_D1,G0,S0,COMMON_COVERED_IDENTITIES_LOST;COMMON_GEOMETRIC_PROTECTION_DEGRADED;RAW_WINDOW_COVERAGE_LOST;RAW_WINDOW_IDENTITIES_LOST;RECORD_COVERAGE_LOST
7137,NO_DEMONSTRATED_GAIN,True,False,False,0,0,0,,,,False,4.269124193475939e-10,0,0,0,0,,,True,LOW_T1_D1,G0,G0,
4712,NO_DEMONSTRATED_GAIN,True,False,False,0,0,0,,,,False,2.423020683948009e-10,0,0,0,0,,,True,LOW_T1_D1,R0,R0,
4712,TRADEOFF,False,False,False,98,0,-98,0.5587713943407017,,,False,2.423020683948009e-10,0,0,-4,-4,,0.5587713943407017,False,LOW_T1_D1,R0,S0,COMMON_COVERED_IDENTITIES_LOST;COMMON_GEOMETRIC_PROTECTION_DEGRADED;RAW_WINDOW_COVERAGE_LOST;RAW_WINDOW_IDENTITIES_LOST;RECORD_COVERAGE_LOST
4712,NO_DEMONSTRATED_GAIN,True,False,False,0,0,0,,,,False,2.423020683948009e-10,0,0,0,0,,,True,LOW_T1_D1,R0,G0,
4712,SUPPORTED_WITHIN_SCOPE,True,True,False,0,98,98,,,0.5587713943407017,False,2.423020683948009e-10,98,20.781272425738948,4,4,0.5587713943407017,,False,LOW_T1_D1,S0,R0,
4712,NO_DEMONSTRATED_GAIN,True,False,False,98,98,0,0.5587713943407017,0.5587713943407017,,False,2.423020683948009e-10,0,0,0,0,0.5587713943407017,0.5587713943407017,True,LOW_T1_D1,S0,S0,
4712,SUPPORTED_WITHIN_SCOPE,True,True,False,0,98,98,,,0.5587713943407017,False,2.423020683948009e-10,98,20.781272425738948,4,4,0.5587713943407017,,False,LOW_T1_D1,S0,G0,
4712,NO_DEMONSTRATED_GAIN,True,False,False,0,0,0,,,,False,2.423020683948009e-10,0,0,0,0,,,True,LOW_T1_D1,G0,R0,
4712,TRADEOFF,False,False,False,98,0,-98,0.5587713943407017,,,False,2.423020683948009e-10,0,0,-4,-4,,0.5587713943407017,False,LOW_T1_D1,G0,S0,COMMON_COVERED_IDENTITIES_LOST;COMMON_GEOMETRIC_PROTECTION_DEGRADED;RAW_WINDOW_COVERAGE_LOST;RAW_WINDOW_IDENTITIES_LOST;RECORD_COVERAGE_LOST
4712,NO_DEMONSTRATED_GAIN,True,False,False,0,0,0,,,,False,2.423020683948009e-10,0,0,0,0,,,True,LOW_T1_D1,G0,G0,
6168,NO_DEMONSTRATED_GAIN,True,False,False,0,0,0,,,,False,2.2281063576324693e-10,0,0,0,0,,,True,LOW_T1_D1,R0,R0,
6168,TRADEOFF,False,False,False,100,0,-100,0.584778633173252,,,False,2.2281063576324693e-10,0,0,-2,-2,,0.584778633173252,False,LOW_T1_D1,R0,S0,COMMON_COVERED_IDENTITIES_LOST;COMMON_GEOMETRIC_PROTECTION_DEGRADED;RAW_WINDOW_COVERAGE_LOST;RAW_WINDOW_IDENTITIES_LOST;RECORD_COVERAGE_LOST
6168,NO_DEMONSTRATED_GAIN,True,False,False,0,0,0,,,,False,2.2281063576324693e-10,0,0,0,0,,,True,LOW_T1_D1,R0,G0,
6168,SUPPORTED_WITHIN_SCOPE,True,True,False,0,100,100,,,0.584778633173252,False,2.2281063576324693e-10,100,30.483589245361603,2,2,0.584778633173252,,False,LOW_T1_D1,S0,R0,
6168,NO_DEMONSTRATED_GAIN,True,False,False,100,100,0,0.584778633173252,0.584778633173252,,False,2.2281063576324693e-10,0,0,0,0,0.584778633173252,0.584778633173252,True,LOW_T1_D1,S0,S0,
6168,SUPPORTED_WITHIN_SCOPE,True,True,False,0,100,100,,,0.584778633173252,False,2.2281063576324693e-10,100,30.483589245361603,2,2,0.584778633173252,,False,LOW_T1_D1,S0,G0,
6168,NO_DEMONSTRATED_GAIN,True,False,False,0,0,0,,,,False,2.2281063576324693e-10,0,0,0,0,,,True,LOW_T1_D1,G0,R0,
6168,TRADEOFF,False,False,False,100,0,-100,0.584778633173252,,,False,2.2281063576324693e-10,0,0,-2,-2,,0.584778633173252,False,LOW_T1_D1,G0,S0,COMMON_COVERED_IDENTITIES_LOST;COMMON_GEOMETRIC_PROTECTION_DEGRADED;RAW_WINDOW_COVERAGE_LOST;RAW_WINDOW_IDENTITIES_LOST;RECORD_COVERAGE_LOST
6168,NO_DEMONSTRATED_GAIN,True,False,False,0,0,0,,,,False,2.2281063576324693e-10,0,0,0,0,,,True,LOW_T1_D1,G0,G0,
14,NO_DEMONSTRATED_GAIN,True,False,False,0,0,0,,,,False,3.4311788185806253e-11,0,0,0,0,,,True,LOW_T1_D1,R0,R0,
14,TRADEOFF,False,False,False,100,0,-100,1.34494157119722,,,False,3.4311788185806253e-11,0,0,-2,-2,,1.34494157119722,False,LOW_T1_D1,R0,S0,COMMON_COVERED_IDENTITIES_LOST;COMMON_GEOMETRIC_PROTECTION_DEGRADED;RAW_WINDOW_COVERAGE_LOST;RAW_WINDOW_IDENTITIES_LOST;RECORD_COVERAGE_LOST
14,NO_DEMONSTRATED_GAIN,True,False,False,0,0,0,,,,False,3.4311788185806253e-11,0,0,0,0,,,True,LOW_T1_D1,R0,G0,
14,SUPPORTED_WITHIN_SCOPE,True,True,False,0,100,100,,,1.34494157119722,False,3.4311788185806253e-11,100,45.05041772600273,2,2,1.34494157119722,,False,LOW_T1_D1,S0,R0,
14,NO_DEMONSTRATED_GAIN,True,False,False,100,100,0,1.34494157119722,1.34494157119722,,False,3.4311788185806253e-11,0,0,0,0,1.34494157119722,1.34494157119722,True,LOW_T1_D1,S0,S0,
14,SUPPORTED_WITHIN_SCOPE,True,True,False,0,100,100,,,1.34494157119722,False,3.4311788185806253e-11,100,45.05041772600273,2,2,1.34494157119722,,False,LOW_T1_D1,S0,G0,
14,NO_DEMONSTRATED_GAIN,True,False,False,0,0,0,,,,False,3.4311788185806253e-11,0,0,0,0,,,True,LOW_T1_D1,G0,R0,
14,TRADEOFF,False,False,False,100,0,-100,1.34494157119722,,,False,3.4311788185806253e-11,0,0,-2,-2,,1.34494157119722,False,LOW_T1_D1,G0,S0,COMMON_COVERED_IDENTITIES_LOST;COMMON_GEOMETRIC_PROTECTION_DEGRADED;RAW_WINDOW_COVERAGE_LOST;RAW_WINDOW_IDENTITIES_LOST;RECORD_COVERAGE_LOST
14,NO_DEMONSTRATED_GAIN,True,False,False,0,0,0,,,,False,3.4311788185806253e-11,0,0,0,0,,,True,LOW_T1_D1,G0,G0,
9296,NO_DEMONSTRATED_GAIN,True,False,False,0,0,0,,,,False,1.8320608676765283e-10,0,0,0,0,,,True,LOW_T1_D1,R0,R0,
9296,TRADEOFF,False,False,False,67,0,-67,0.7305808451583269,,,False,1.8320608676765283e-10,0,0,-6,-6,,0.7305808451583269,False,LOW_T1_D1,R0,S0,COMMON_COVERED_IDENTITIES_LOST;COMMON_GEOMETRIC_PROTECTION_DEGRADED;RAW_WINDOW_COVERAGE_LOST;RAW_WINDOW_IDENTITIES_LOST;RECORD_COVERAGE_LOST
9296,NO_DEMONSTRATED_GAIN,True,False,False,0,0,0,,,,False,1.8320608676765283e-10,0,0,0,0,,,True,LOW_T1_D1,R0,G0,
9296,SUPPORTED_WITHIN_SCOPE,True,True,False,0,67,67,,,0.7305808451583269,False,1.8320608676765283e-10,67,22.591382367248148,6,6,0.7305808451583269,,False,LOW_T1_D1,S0,R0,
9296,NO_DEMONSTRATED_GAIN,True,False,False,67,67,0,0.7305808451583269,0.7305808451583269,,False,1.8320608676765283e-10,0,0,0,0,0.7305808451583269,0.7305808451583269,True,LOW_T1_D1,S0,S0,
9296,SUPPORTED_WITHIN_SCOPE,True,True,False,0,67,67,,,0.7305808451583269,False,1.8320608676765283e-10,67,22.591382367248148,6,6,0.7305808451583269,,False,LOW_T1_D1,S0,G0,
9296,NO_DEMONSTRATED_GAIN,True,False,False,0,0,0,,,,False,1.8320608676765283e-10,0,0,0,0,,,True,LOW_T1_D1,G0,R0,
9296,TRADEOFF,False,False,False,67,0,-67,0.7305808451583269,,,False,1.8320608676765283e-10,0,0,-6,-6,,0.7305808451583269,False,LOW_T1_D1,G0,S0,COMMON_COVERED_IDENTITIES_LOST;COMMON_GEOMETRIC_PROTECTION_DEGRADED;RAW_WINDOW_COVERAGE_LOST;RAW_WINDOW_IDENTITIES_LOST;RECORD_COVERAGE_LOST
9296,NO_DEMONSTRATED_GAIN,True,False,False,0,0,0,,,,False,1.8320608676765283e-10,0,0,0,0,,,True,LOW_T1_D1,G0,G0,
9242,NO_DEMONSTRATED_GAIN,True,False,False,0,0,0,,,,False,1.9518778050665705e-10,0,0,0,0,,,True,LOW_T1_D1,R0,R0,
9242,TRADEOFF,False,False,False,100,0,-100,1.533085128432763,,,False,1.9518778050665705e-10,0,0,-2,-2,,1.533085128432763,False,LOW_T1_D1,R0,S0,COMMON_COVERED_IDENTITIES_LOST;COMMON_GEOMETRIC_PROTECTION_DEGRADED;RAW_WINDOW_COVERAGE_LOST;RAW_WINDOW_IDENTITIES_LOST;RECORD_COVERAGE_LOST
9242,NO_DEMONSTRATED_GAIN,True,False,False,0,0,0,,,,False,1.9518778050665705e-10,0,0,0,0,,,True,LOW_T1_D1,R0,G0,
9242,SUPPORTED_WITHIN_SCOPE,True,True,False,0,100,100,,,1.533085128432763,False,1.9518778050665705e-10,100,59.95606938706305,2,2,1.533085128432763,,False,LOW_T1_D1,S0,R0,
9242,NO_DEMONSTRATED_GAIN,True,False,False,100,100,0,1.533085128432763,1.533085128432763,,False,1.9518778050665705e-10,0,0,0,0,1.533085128432763,1.533085128432763,True,LOW_T1_D1,S0,S0,
9242,SUPPORTED_WITHIN_SCOPE,True,True,False,0,100,100,,,1.533085128432763,False,1.9518778050665705e-10,100,59.95606938706305,2,2,1.533085128432763,,False,LOW_T1_D1,S0,G0,
9242,NO_DEMONSTRATED_GAIN,True,False,False,0,0,0,,,,False,1.9518778050665705e-10,0,0,0,0,,,True,LOW_T1_D1,G0,R0,
9242,TRADEOFF,False,False,False,100,0,-100,1.533085128432763,,,False,1.9518778050665705e-10,0,0,-2,-2,,1.533085128432763,False,LOW_T1_D1,G0,S0,COMMON_COVERED_IDENTITIES_LOST;COMMON_GEOMETRIC_PROTECTION_DEGRADED;RAW_WINDOW_COVERAGE_LOST;RAW_WINDOW_IDENTITIES_LOST;RECORD_COVERAGE_LOST
9242,NO_DEMONSTRATED_GAIN,True,False,False,0,0,0,,,,False,1.9518778050665705e-10,0,0,0,0,,,True,LOW_T1_D1,G0,G0,
7616,NO_DEMONSTRATED_GAIN,True,False,False,0,0,0,,,,False,8.139415909471776e-11,0,0,0,0,,,True,LOW_T1_D1,R0,R0,
7616,TRADEOFF,False,False,False,103,0,-103,0.6131831169616533,,,False,8.139415909471776e-11,0,0,-18,-18,,0.6131831169616533,False,LOW_T1_D1,R0,S0,COMMON_COVERED_IDENTITIES_LOST;COMMON_GEOMETRIC_PROTECTION_DEGRADED;RAW_WINDOW_COVERAGE_LOST;RAW_WINDOW_IDENTITIES_LOST;RECORD_COVERAGE_LOST
7616,NO_DEMONSTRATED_GAIN,True,False,False,0,0,0,,,,False,8.139415909471776e-11,0,0,0,0,,,True,LOW_T1_D1,R0,G0,
7616,SUPPORTED_WITHIN_SCOPE,True,True,False,0,103,103,,,0.6131831169616533,False,8.139415909471776e-11,103,11.431485295385492,18,18,0.6131831169616533,,False,LOW_T1_D1,S0,R0,
7616,NO_DEMONSTRATED_GAIN,True,False,False,103,103,0,0.6131831169616533,0.6131831169616533,,False,8.139415909471776e-11,0,0,0,0,0.6131831169616533,0.6131831169616533,True,LOW_T1_D1,S0,S0,
7616,SUPPORTED_WITHIN_SCOPE,True,True,False,0,103,103,,,0.6131831169616533,False,8.139415909471776e-11,103,11.431485295385492,18,18,0.6131831169616533,,False,LOW_T1_D1,S0,G0,
7616,NO_DEMONSTRATED_GAIN,True,False,False,0,0,0,,,,False,8.139415909471776e-11,0,0,0,0,,,True,LOW_T1_D1,G0,R0,
7616,TRADEOFF,False,False,False,103,0,-103,0.6131831169616533,,,False,8.139415909471776e-11,0,0,-18,-18,,0.6131831169616533,False,LOW_T1_D1,G0,S0,COMMON_COVERED_IDENTITIES_LOST;COMMON_GEOMETRIC_PROTECTION_DEGRADED;RAW_WINDOW_COVERAGE_LOST;RAW_WINDOW_IDENTITIES_LOST;RECORD_COVERAGE_LOST
7616,NO_DEMONSTRATED_GAIN,True,False,False,0,0,0,,,,False,8.139415909471776e-11,0,0,0,0,,,True,LOW_T1_D1,G0,G0,
8152,NO_DEMONSTRATED_GAIN,True,False,False,0,0,0,,,,False,1.1239360138781376e-10,0,0,0,0,,,True,LOW_T1_D1,R0,R0,
8152,TRADEOFF,False,False,False,100,0,-100,0.523962244371873,,,False,1.1239360138781376e-10,0,0,-4,-4,,0.523962244371873,False,LOW_T1_D1,R0,S0,COMMON_COVERED_IDENTITIES_LOST;COMMON_GEOMETRIC_PROTECTION_DEGRADED;RAW_WINDOW_COVERAGE_LOST;RAW_WINDOW_IDENTITIES_LOST;RECORD_COVERAGE_LOST
8152,NO_DEMONSTRATED_GAIN,True,False,False,0,0,0,,,,False,1.1239360138781376e-10,0,0,0,0,,,True,LOW_T1_D1,R0,G0,
8152,SUPPORTED_WITHIN_SCOPE,True,True,False,0,100,100,,,0.523962244371873,False,1.1239360138781376e-10,100,23.801673418249454,4,4,0.523962244371873,,False,LOW_T1_D1,S0,R0,
8152,NO_DEMONSTRATED_GAIN,True,False,False,100,100,0,0.523962244371873,0.523962244371873,,False,1.1239360138781376e-10,0,0,0,0,0.523962244371873,0.523962244371873,True,LOW_T1_D1,S0,S0,
8152,SUPPORTED_WITHIN_SCOPE,True,True,False,0,100,100,,,0.523962244371873,False,1.1239360138781376e-10,100,23.801673418249454,4,4,0.523962244371873,,False,LOW_T1_D1,S0,G0,
8152,NO_DEMONSTRATED_GAIN,True,False,False,0,0,0,,,,False,1.1239360138781376e-10,0,0,0,0,,,True,LOW_T1_D1,G0,R0,
8152,TRADEOFF,False,False,False,100,0,-100,0.523962244371873,,,False,1.1239360138781376e-10,0,0,-4,-4,,0.523962244371873,False,LOW_T1_D1,G0,S0,COMMON_COVERED_IDENTITIES_LOST;COMMON_GEOMETRIC_PROTECTION_DEGRADED;RAW_WINDOW_COVERAGE_LOST;RAW_WINDOW_IDENTITIES_LOST;RECORD_COVERAGE_LOST
8152,NO_DEMONSTRATED_GAIN,True,False,False,0,0,0,,,,False,1.1239360138781376e-10,0,0,0,0,,,True,LOW_T1_D1,G0,G0,
9467,NO_DEMONSTRATED_GAIN,True,False,False,105,105,0,5.196009018422919,5.196009018422919,,False,2.590275092555328e-10,0,0,0,0,4.85586226874292,4.85586226874292,True,MID_T0_D0,R0,R0,
9467,NO_DEMONSTRATED_GAIN,True,False,False,105,105,0,5.196009018422919,5.196009018422919,,False,2.590275092555328e-10,0,0,0,0,4.85586226874292,4.85586226874292,True,MID_T0_D0,R0,S0,
9467,TRADEOFF,False,False,False,105,105,0,4.85586226874292,5.196009018422919,,False,2.590275092555328e-10,0,0,0,0,4.85586226874292,4.85586226874292,False,MID_T0_D0,R0,G0,COMMON_GEOMETRIC_PROTECTION_DEGRADED
9467,NO_DEMONSTRATED_GAIN,True,False,False,105,105,0,5.196009018422919,5.196009018422919,,False,2.590275092555328e-10,0,0,0,0,4.85586226874292,4.85586226874292,True,MID_T0_D0,S0,R0,
9467,NO_DEMONSTRATED_GAIN,True,False,False,105,105,0,5.196009018422919,5.196009018422919,,False,2.590275092555328e-10,0,0,0,0,4.85586226874292,4.85586226874292,True,MID_T0_D0,S0,S0,
9467,TRADEOFF,False,False,False,105,105,0,4.85586226874292,5.196009018422919,,False,2.590275092555328e-10,0,0,0,0,4.85586226874292,4.85586226874292,False,MID_T0_D0,S0,G0,COMMON_GEOMETRIC_PROTECTION_DEGRADED
9467,SUPPORTED_WITHIN_SCOPE,True,True,False,105,105,0,5.196009018422919,4.85586226874292,,False,2.590275092555328e-10,0,0,0,0,4.85586226874292,4.85586226874292,False,MID_T0_D0,G0,R0,
9467,SUPPORTED_WITHIN_SCOPE,True,True,False,105,105,0,5.196009018422919,4.85586226874292,,False,2.590275092555328e-10,0,0,0,0,4.85586226874292,4.85586226874292,False,MID_T0_D0,G0,S0,
9467,NO_DEMONSTRATED_GAIN,True,False,False,105,105,0,4.85586226874292,4.85586226874292,,False,2.590275092555328e-10,0,0,0,0,4.85586226874292,4.85586226874292,True,MID_T0_D0,G0,G0,
10887,NO_DEMONSTRATED_GAIN,True,False,False,99,99,0,4.410232527245828,4.410232527245828,,False,1.6265839381365128e-10,0,0,0,0,4.410232527245828,4.410232527245828,True,MID_T0_D0,R0,R0,
10887,NO_DEMONSTRATED_GAIN,True,False,False,99,99,0,4.410232527245828,4.410232527245828,,False,1.6265839381365128e-10,0,0,0,0,4.410232527245828,4.410232527245828,True,MID_T0_D0,R0,S0,
10887,NO_DEMONSTRATED_GAIN,True,False,False,99,99,0,4.410232527245828,4.410232527245828,,False,1.6265839381365128e-10,0,0,0,0,4.410232527245828,4.410232527245828,False,MID_T0_D0,R0,G0,
10887,NO_DEMONSTRATED_GAIN,True,False,False,99,99,0,4.410232527245828,4.410232527245828,,False,1.6265839381365128e-10,0,0,0,0,4.410232527245828,4.410232527245828,True,MID_T0_D0,S0,R0,
10887,NO_DEMONSTRATED_GAIN,True,False,False,99,99,0,4.410232527245828,4.410232527245828,,False,1.6265839381365128e-10,0,0,0,0,4.410232527245828,4.410232527245828,True,MID_T0_D0,S0,S0,
10887,NO_DEMONSTRATED_GAIN,True,False,False,99,99,0,4.410232527245828,4.410232527245828,,False,1.6265839381365128e-10,0,0,0,0,4.410232527245828,4.410232527245828,False,MID_T0_D0,S0,G0,
10887,NO_DEMONSTRATED_GAIN,True,False,False,99,99,0,4.410232527245828,4.410232527245828,,False,1.6265839381365128e-10,0,0,0,0,4.410232527245828,4.410232527245828,False,MID_T0_D0,G0,R0,
10887,NO_DEMONSTRATED_GAIN,True,False,False,99,99,0,4.410232527245828,4.410232527245828,,False,1.6265839381365128e-10,0,0,0,0,4.410232527245828,4.410232527245828,False,MID_T0_D0,G0,S0,
10887,NO_DEMONSTRATED_GAIN,True,False,False,99,99,0,4.410232527245828,4.410232527245828,,False,1.6265839381365128e-10,0,0,0,0,4.410232527245828,4.410232527245828,True,MID_T0_D0,G0,G0,
4357,NO_DEMONSTRATED_GAIN,True,False,False,101,101,0,4.672498492832109,4.672498492832109,,False,1.3551459089865766e-10,0,0,0,0,4.672498492832109,4.672498492832109,True,MID_T0_D0,R0,R0,
4357,NO_DEMONSTRATED_GAIN,True,False,False,101,101,0,4.672498492832109,4.672498492832109,,False,1.3551459089865766e-10,0,0,0,0,4.672498492832109,4.672498492832109,True,MID_T0_D0,R0,S0,
4357,NO_DEMONSTRATED_GAIN,True,False,False,101,101,0,4.672498492832109,4.672498492832109,,False,1.3551459089865766e-10,0,0,0,0,4.672498492832109,4.672498492832109,False,MID_T0_D0,R0,G0,
4357,NO_DEMONSTRATED_GAIN,True,False,False,101,101,0,4.672498492832109,4.672498492832109,,False,1.3551459089865766e-10,0,0,0,0,4.672498492832109,4.672498492832109,True,MID_T0_D0,S0,R0,
4357,NO_DEMONSTRATED_GAIN,True,False,False,101,101,0,4.672498492832109,4.672498492832109,,False,1.3551459089865766e-10,0,0,0,0,4.672498492832109,4.672498492832109,True,MID_T0_D0,S0,S0,
4357,NO_DEMONSTRATED_GAIN,True,False,False,101,101,0,4.672498492832109,4.672498492832109,,False,1.3551459089865766e-10,0,0,0,0,4.672498492832109,4.672498492832109,False,MID_T0_D0,S0,G0,
4357,NO_DEMONSTRATED_GAIN,True,False,False,101,101,0,4.672498492832109,4.672498492832109,,False,1.3551459089865766e-10,0,0,0,0,4.672498492832109,4.672498492832109,False,MID_T0_D0,G0,R0,
4357,NO_DEMONSTRATED_GAIN,True,False,False,101,101,0,4.672498492832109,4.672498492832109,,False,1.3551459089865766e-10,0,0,0,0,4.672498492832109,4.672498492832109,False,MID_T0_D0,G0,S0,
4357,NO_DEMONSTRATED_GAIN,True,False,False,101,101,0,4.672498492832109,4.672498492832109,,False,1.3551459089865766e-10,0,0,0,0,4.672498492832109,4.672498492832109,True,MID_T0_D0,G0,G0,
7270,NO_DEMONSTRATED_GAIN,True,False,False,20,20,0,7.566242275074739,7.566242275074739,,False,2.827584343165715e-10,0,0,0,0,4.887359667427899,4.887359667427899,True,MID_T0_D0,R0,R0,
7270,NO_DEMONSTRATED_GAIN,True,False,False,20,20,0,7.566242275074739,7.566242275074739,,False,2.827584343165715e-10,0,0,0,0,4.887359667427899,4.887359667427899,True,MID_T0_D0,R0,S0,
7270,NO_DEMONSTRATED_GAIN,True,False,False,20,20,0,7.566242275074739,7.566242275074739,,False,2.827584343165715e-10,0,0,0,0,4.887359667427899,4.887359667427899,True,MID_T0_D0,R0,G0,
7270,NO_DEMONSTRATED_GAIN,True,False,False,20,20,0,7.566242275074739,7.566242275074739,,False,2.827584343165715e-10,0,0,0,0,4.887359667427899,4.887359667427899,True,MID_T0_D0,S0,R0,
7270,NO_DEMONSTRATED_GAIN,True,False,False,20,20,0,7.566242275074739,7.566242275074739,,False,2.827584343165715e-10,0,0,0,0,4.887359667427899,4.887359667427899,True,MID_T0_D0,S0,S0,
7270,NO_DEMONSTRATED_GAIN,True,False,False,20,20,0,7.566242275074739,7.566242275074739,,False,2.827584343165715e-10,0,0,0,0,4.887359667427899,4.887359667427899,True,MID_T0_D0,S0,G0,
7270,NO_DEMONSTRATED_GAIN,True,False,False,20,20,0,7.566242275074739,7.566242275074739,,False,2.827584343165715e-10,0,0,0,0,4.887359667427899,4.887359667427899,True,MID_T0_D0,G0,R0,
7270,NO_DEMONSTRATED_GAIN,True,False,False,20,20,0,7.566242275074739,7.566242275074739,,False,2.827584343165715e-10,0,0,0,0,4.887359667427899,4.887359667427899,True,MID_T0_D0,G0,S0,
7270,NO_DEMONSTRATED_GAIN,True,False,False,20,20,0,7.566242275074739,7.566242275074739,,False,2.827584343165715e-10,0,0,0,0,4.887359667427899,4.887359667427899,True,MID_T0_D0,G0,G0,
10677,NO_DEMONSTRATED_GAIN,True,False,False,100,100,0,4.72943040136683,4.72943040136683,,False,1.548556273904515e-10,0,0,0,0,4.72943040136683,4.72943040136683,True,MID_T0_D0,R0,R0,
10677,NO_DEMONSTRATED_GAIN,True,False,False,100,100,0,4.72943040136683,4.72943040136683,,False,1.548556273904515e-10,0,0,0,0,4.72943040136683,4.72943040136683,True,MID_T0_D0,R0,S0,
10677,NO_DEMONSTRATED_GAIN,True,False,False,100,100,0,4.72943040136683,4.72943040136683,,False,1.548556273904515e-10,0,0,0,0,4.72943040136683,4.72943040136683,False,MID_T0_D0,R0,G0,
10677,NO_DEMONSTRATED_GAIN,True,False,False,100,100,0,4.72943040136683,4.72943040136683,,False,1.548556273904515e-10,0,0,0,0,4.72943040136683,4.72943040136683,True,MID_T0_D0,S0,R0,
10677,NO_DEMONSTRATED_GAIN,True,False,False,100,100,0,4.72943040136683,4.72943040136683,,False,1.548556273904515e-10,0,0,0,0,4.72943040136683,4.72943040136683,True,MID_T0_D0,S0,S0,
10677,NO_DEMONSTRATED_GAIN,True,False,False,100,100,0,4.72943040136683,4.72943040136683,,False,1.548556273904515e-10,0,0,0,0,4.72943040136683,4.72943040136683,False,MID_T0_D0,S0,G0,
10677,NO_DEMONSTRATED_GAIN,True,False,False,100,100,0,4.72943040136683,4.72943040136683,,False,1.548556273904515e-10,0,0,0,0,4.72943040136683,4.72943040136683,False,MID_T0_D0,G0,R0,
10677,NO_DEMONSTRATED_GAIN,True,False,False,100,100,0,4.72943040136683,4.72943040136683,,False,1.548556273904515e-10,0,0,0,0,4.72943040136683,4.72943040136683,False,MID_T0_D0,G0,S0,
10677,NO_DEMONSTRATED_GAIN,True,False,False,100,100,0,4.72943040136683,4.72943040136683,,False,1.548556273904515e-10,0,0,0,0,4.72943040136683,4.72943040136683,True,MID_T0_D0,G0,G0,
827,NO_DEMONSTRATED_GAIN,True,False,False,98,98,0,7.412828644002152,7.412828644002152,,False,5.638411300433605e-10,0,0,0,0,4.881524196406085,4.881524196406085,True,MID_T0_D0,R0,R0,
827,NO_DEMONSTRATED_GAIN,True,False,False,98,98,0,7.412828644002152,7.412828644002152,,False,5.638411300433605e-10,0,0,0,0,4.881524196406085,4.881524196406085,True,MID_T0_D0,R0,S0,
827,NO_DEMONSTRATED_GAIN,True,False,False,98,98,0,7.412828644002152,7.412828644002152,,False,5.638411300433605e-10,0,0,0,0,4.881524196406085,4.881524196406085,False,MID_T0_D0,R0,G0,
827,NO_DEMONSTRATED_GAIN,True,False,False,98,98,0,7.412828644002152,7.412828644002152,,False,5.638411300433605e-10,0,0,0,0,4.881524196406085,4.881524196406085,True,MID_T0_D0,S0,R0,
827,NO_DEMONSTRATED_GAIN,True,False,False,98,98,0,7.412828644002152,7.412828644002152,,False,5.638411300433605e-10,0,0,0,0,4.881524196406085,4.881524196406085,True,MID_T0_D0,S0,S0,
827,NO_DEMONSTRATED_GAIN,True,False,False,98,98,0,7.412828644002152,7.412828644002152,,False,5.638411300433605e-10,0,0,0,0,4.881524196406085,4.881524196406085,False,MID_T0_D0,S0,G0,
827,NO_DEMONSTRATED_GAIN,True,False,False,98,98,0,7.412828644002152,7.412828644002152,,False,5.638411300433605e-10,0,0,0,0,4.881524196406085,4.881524196406085,False,MID_T0_D0,G0,R0,
827,NO_DEMONSTRATED_GAIN,True,False,False,98,98,0,7.412828644002152,7.412828644002152,,False,5.638411300433605e-10,0,0,0,0,4.881524196406085,4.881524196406085,False,MID_T0_D0,G0,S0,
827,NO_DEMONSTRATED_GAIN,True,False,False,98,98,0,7.412828644002152,7.412828644002152,,False,5.638411300433605e-10,0,0,0,0,4.881524196406085,4.881524196406085,True,MID_T0_D0,G0,G0,
955,NO_DEMONSTRATED_GAIN,True,False,False,100,100,0,18.192867719720986,18.192867719720986,,False,1.826466054312935e-10,0,0,0,0,4.729822599993606,4.729822599993606,True,MID_T0_D0,R0,R0,
955,NO_DEMONSTRATED_GAIN,True,False,False,100,100,0,18.192867719720986,18.192867719720986,,False,1.826466054312935e-10,0,0,0,0,4.729822599993606,4.729822599993606,True,MID_T0_D0,R0,S0,
955,NO_DEMONSTRATED_GAIN,True,False,False,100,100,0,18.192867719720986,18.192867719720986,,False,1.826466054312935e-10,0,0,-9,-9,4.729822599993606,4.729822599993606,False,MID_T0_D0,R0,G0,
955,NO_DEMONSTRATED_GAIN,True,False,False,100,100,0,18.192867719720986,18.192867719720986,,False,1.826466054312935e-10,0,0,0,0,4.729822599993606,4.729822599993606,True,MID_T0_D0,S0,R0,
955,NO_DEMONSTRATED_GAIN,True,False,False,100,100,0,18.192867719720986,18.192867719720986,,False,1.826466054312935e-10,0,0,0,0,4.729822599993606,4.729822599993606,True,MID_T0_D0,S0,S0,
955,NO_DEMONSTRATED_GAIN,True,False,False,100,100,0,18.192867719720986,18.192867719720986,,False,1.826466054312935e-10,0,0,-9,-9,4.729822599993606,4.729822599993606,False,MID_T0_D0,S0,G0,
955,NO_DEMONSTRATED_GAIN,True,False,False,100,100,0,18.192867719720986,18.192867719720986,,False,1.826466054312935e-10,0,0,9,9,4.729822599993606,4.729822599993606,False,MID_T0_D0,G0,R0,
955,NO_DEMONSTRATED_GAIN,True,False,False,100,100,0,18.192867719720986,18.192867719720986,,False,1.826466054312935e-10,0,0,9,9,4.729822599993606,4.729822599993606,False,MID_T0_D0,G0,S0,
955,NO_DEMONSTRATED_GAIN,True,False,False,100,100,0,18.192867719720986,18.192867719720986,,False,1.826466054312935e-10,0,0,0,0,4.729822599993606,4.729822599993606,True,MID_T0_D0,G0,G0,
2148,NO_DEMONSTRATED_GAIN,True,False,False,100,100,0,4.197072165343453,4.197072165343453,,False,1.657391448735285e-10,0,0,0,0,4.197072165343453,4.197072165343453,True,MID_T0_D0,R0,R0,
2148,NO_DEMONSTRATED_GAIN,True,False,False,100,100,0,4.197072165343453,4.197072165343453,,False,1.657391448735285e-10,0,0,0,0,4.197072165343453,4.197072165343453,True,MID_T0_D0,R0,S0,
2148,TRADEOFF,False,False,False,100,100,0,3.7124280405939123,4.197072165343453,,False,1.657391448735285e-10,0,0,0,0,4.197072165343453,3.7124280405939123,False,MID_T0_D0,R0,G0,COMMON_GEOMETRIC_PROTECTION_DEGRADED
2148,NO_DEMONSTRATED_GAIN,True,False,False,100,100,0,4.197072165343453,4.197072165343453,,False,1.657391448735285e-10,0,0,0,0,4.197072165343453,4.197072165343453,True,MID_T0_D0,S0,R0,
2148,NO_DEMONSTRATED_GAIN,True,False,False,100,100,0,4.197072165343453,4.197072165343453,,False,1.657391448735285e-10,0,0,0,0,4.197072165343453,4.197072165343453,True,MID_T0_D0,S0,S0,
2148,TRADEOFF,False,False,False,100,100,0,3.7124280405939123,4.197072165343453,,False,1.657391448735285e-10,0,0,0,0,4.197072165343453,3.7124280405939123,False,MID_T0_D0,S0,G0,COMMON_GEOMETRIC_PROTECTION_DEGRADED
2148,SUPPORTED_WITHIN_SCOPE,True,True,False,100,100,0,4.197072165343453,3.7124280405939123,,False,1.657391448735285e-10,0,0,0,0,3.7124280405939123,4.197072165343453,False,MID_T0_D0,G0,R0,
2148,SUPPORTED_WITHIN_SCOPE,True,True,False,100,100,0,4.197072165343453,3.7124280405939123,,False,1.657391448735285e-10,0,0,0,0,3.7124280405939123,4.197072165343453,False,MID_T0_D0,G0,S0,
2148,NO_DEMONSTRATED_GAIN,True,False,False,100,100,0,3.7124280405939123,3.7124280405939123,,False,1.657391448735285e-10,0,0,0,0,3.7124280405939123,3.7124280405939123,True,MID_T0_D0,G0,G0,
3715,NO_DEMONSTRATED_GAIN,True,False,False,98,98,0,4.909184655786909,4.909184655786909,,False,3.4369437481477883e-10,0,0,0,0,4.909184655786909,4.909184655786909,True,MID_T0_D0,R0,R0,
3715,NO_DEMONSTRATED_GAIN,True,False,False,98,98,0,4.909184655786909,4.909184655786909,,False,3.4369437481477883e-10,0,0,0,0,4.909184655786909,4.909184655786909,True,MID_T0_D0,R0,S0,
3715,NO_DEMONSTRATED_GAIN,True,False,False,98,98,0,4.909184655786909,4.909184655786909,,False,3.4369437481477883e-10,0,0,0,0,4.909184655786909,4.909184655786909,False,MID_T0_D0,R0,G0,
3715,NO_DEMONSTRATED_GAIN,True,False,False,98,98,0,4.909184655786909,4.909184655786909,,False,3.4369437481477883e-10,0,0,0,0,4.909184655786909,4.909184655786909,True,MID_T0_D0,S0,R0,
3715,NO_DEMONSTRATED_GAIN,True,False,False,98,98,0,4.909184655786909,4.909184655786909,,False,3.4369437481477883e-10,0,0,0,0,4.909184655786909,4.909184655786909,True,MID_T0_D0,S0,S0,
3715,NO_DEMONSTRATED_GAIN,True,False,False,98,98,0,4.909184655786909,4.909184655786909,,False,3.4369437481477883e-10,0,0,0,0,4.909184655786909,4.909184655786909,False,MID_T0_D0,S0,G0,
3715,NO_DEMONSTRATED_GAIN,True,False,False,98,98,0,4.909184655786909,4.909184655786909,,False,3.4369437481477883e-10,0,0,0,0,4.909184655786909,4.909184655786909,False,MID_T0_D0,G0,R0,
3715,NO_DEMONSTRATED_GAIN,True,False,False,98,98,0,4.909184655786909,4.909184655786909,,False,3.4369437481477883e-10,0,0,0,0,4.909184655786909,4.909184655786909,False,MID_T0_D0,G0,S0,
3715,NO_DEMONSTRATED_GAIN,True,False,False,98,98,0,4.909184655786909,4.909184655786909,,False,3.4369437481477883e-10,0,0,0,0,4.909184655786909,4.909184655786909,True,MID_T0_D0,G0,G0,
9036,NO_DEMONSTRATED_GAIN,True,False,False,100,100,0,4.880657491246775,4.880657491246775,,False,2.8543765762023836e-10,0,0,0,0,4.880657491246775,4.880657491246775,True,MID_T0_D0,R0,R0,
9036,NO_DEMONSTRATED_GAIN,True,False,False,100,100,0,4.880657491246775,4.880657491246775,,False,2.8543765762023836e-10,0,0,0,0,4.880657491246775,4.880657491246775,True,MID_T0_D0,R0,S0,
9036,NO_DEMONSTRATED_GAIN,True,False,False,100,100,0,4.880657491246775,4.880657491246775,,False,2.8543765762023836e-10,0,0,0,0,4.880657491246775,4.880657491246775,False,MID_T0_D0,R0,G0,
9036,NO_DEMONSTRATED_GAIN,True,False,False,100,100,0,4.880657491246775,4.880657491246775,,False,2.8543765762023836e-10,0,0,0,0,4.880657491246775,4.880657491246775,True,MID_T0_D0,S0,R0,
9036,NO_DEMONSTRATED_GAIN,True,False,False,100,100,0,4.880657491246775,4.880657491246775,,False,2.8543765762023836e-10,0,0,0,0,4.880657491246775,4.880657491246775,True,MID_T0_D0,S0,S0,
9036,NO_DEMONSTRATED_GAIN,True,False,False,100,100,0,4.880657491246775,4.880657491246775,,False,2.8543765762023836e-10,0,0,0,0,4.880657491246775,4.880657491246775,False,MID_T0_D0,S0,G0,
9036,NO_DEMONSTRATED_GAIN,True,False,False,100,100,0,4.880657491246775,4.880657491246775,,False,2.8543765762023836e-10,0,0,0,0,4.880657491246775,4.880657491246775,False,MID_T0_D0,G0,R0,
9036,NO_DEMONSTRATED_GAIN,True,False,False,100,100,0,4.880657491246775,4.880657491246775,,False,2.8543765762023836e-10,0,0,0,0,4.880657491246775,4.880657491246775,False,MID_T0_D0,G0,S0,
9036,NO_DEMONSTRATED_GAIN,True,False,False,100,100,0,4.880657491246775,4.880657491246775,,False,2.8543765762023836e-10,0,0,0,0,4.880657491246775,4.880657491246775,True,MID_T0_D0,G0,G0,
3131,NO_DEMONSTRATED_GAIN,True,False,False,100,100,0,4.849278129563644,4.849278129563644,,False,3.762035328454728e-10,0,0,0,0,4.849278129563644,4.849278129563644,True,MID_T0_D0,R0,R0,
3131,NO_DEMONSTRATED_GAIN,True,False,False,100,100,0,4.849278129563644,4.849278129563644,,False,3.762035328454728e-10,0,0,0,0,4.849278129563644,4.849278129563644,True,MID_T0_D0,R0,S0,
3131,NO_DEMONSTRATED_GAIN,True,False,False,100,100,0,4.849278129563644,4.849278129563644,,False,3.762035328454728e-10,0,0,0,0,4.849278129563644,4.849278129563644,False,MID_T0_D0,R0,G0,
3131,NO_DEMONSTRATED_GAIN,True,False,False,100,100,0,4.849278129563644,4.849278129563644,,False,3.762035328454728e-10,0,0,0,0,4.849278129563644,4.849278129563644,True,MID_T0_D0,S0,R0,
3131,NO_DEMONSTRATED_GAIN,True,False,False,100,100,0,4.849278129563644,4.849278129563644,,False,3.762035328454728e-10,0,0,0,0,4.849278129563644,4.849278129563644,True,MID_T0_D0,S0,S0,
3131,NO_DEMONSTRATED_GAIN,True,False,False,100,100,0,4.849278129563644,4.849278129563644,,False,3.762035328454728e-10,0,0,0,0,4.849278129563644,4.849278129563644,False,MID_T0_D0,S0,G0,
3131,NO_DEMONSTRATED_GAIN,True,False,False,100,100,0,4.849278129563644,4.849278129563644,,False,3.762035328454728e-10,0,0,0,0,4.849278129563644,4.849278129563644,False,MID_T0_D0,G0,R0,
3131,NO_DEMONSTRATED_GAIN,True,False,False,100,100,0,4.849278129563644,4.849278129563644,,False,3.762035328454728e-10,0,0,0,0,4.849278129563644,4.849278129563644,False,MID_T0_D0,G0,S0,
3131,NO_DEMONSTRATED_GAIN,True,False,False,100,100,0,4.849278129563644,4.849278129563644,,False,3.762035328454728e-10,0,0,0,0,4.849278129563644,4.849278129563644,True,MID_T0_D0,G0,G0,
6871,NO_DEMONSTRATED_GAIN,True,False,False,100,100,0,3.9375518351807015,3.9375518351807015,,False,5.952974544216994e-10,0,0,0,0,3.9375518351807015,3.9375518351807015,True,MID_T0_D0,R0,R0,
6871,NO_DEMONSTRATED_GAIN,True,False,False,100,100,0,3.9375518351807015,3.9375518351807015,,False,5.952974544216994e-10,0,0,0,0,3.9375518351807015,3.9375518351807015,True,MID_T0_D0,R0,S0,
6871,NO_DEMONSTRATED_GAIN,True,False,False,100,100,0,3.9375518351807015,3.9375518351807015,,False,5.952974544216994e-10,0,0,0,0,3.9375518351807015,3.9375518351807015,False,MID_T0_D0,R0,G0,
6871,NO_DEMONSTRATED_GAIN,True,False,False,100,100,0,3.9375518351807015,3.9375518351807015,,False,5.952974544216994e-10,0,0,0,0,3.9375518351807015,3.9375518351807015,True,MID_T0_D0,S0,R0,
6871,NO_DEMONSTRATED_GAIN,True,False,False,100,100,0,3.9375518351807015,3.9375518351807015,,False,5.952974544216994e-10,0,0,0,0,3.9375518351807015,3.9375518351807015,True,MID_T0_D0,S0,S0,
6871,NO_DEMONSTRATED_GAIN,True,False,False,100,100,0,3.9375518351807015,3.9375518351807015,,False,5.952974544216994e-10,0,0,0,0,3.9375518351807015,3.9375518351807015,False,MID_T0_D0,S0,G0,
6871,NO_DEMONSTRATED_GAIN,True,False,False,100,100,0,3.9375518351807015,3.9375518351807015,,False,5.952974544216994e-10,0,0,0,0,3.9375518351807015,3.9375518351807015,False,MID_T0_D0,G0,R0,
6871,NO_DEMONSTRATED_GAIN,True,False,False,100,100,0,3.9375518351807015,3.9375518351807015,,False,5.952974544216994e-10,0,0,0,0,3.9375518351807015,3.9375518351807015,False,MID_T0_D0,G0,S0,
6871,NO_DEMONSTRATED_GAIN,True,False,False,100,100,0,3.9375518351807015,3.9375518351807015,,False,5.952974544216994e-10,0,0,0,0,3.9375518351807015,3.9375518351807015,True,MID_T0_D0,G0,G0,
11351,NO_DEMONSTRATED_GAIN,True,False,False,0,0,0,,,,False,2.0975358143525755e-10,0,0,0,0,,,True,MID_T0_D1,R0,R0,
11351,TRADEOFF,False,False,False,100,0,-100,4.139204214969426,,,False,2.0975358143525755e-10,0,0,-3,-3,,4.139204214969426,False,MID_T0_D1,R0,S0,COMMON_COVERED_IDENTITIES_LOST;COMMON_GEOMETRIC_PROTECTION_DEGRADED;RAW_WINDOW_COVERAGE_LOST;RAW_WINDOW_IDENTITIES_LOST;RECORD_COVERAGE_LOST
11351,NO_DEMONSTRATED_GAIN,True,False,False,0,0,0,,,,False,2.0975358143525755e-10,0,0,0,0,,,True,MID_T0_D1,R0,G0,
11351,SUPPORTED_WITHIN_SCOPE,True,True,False,0,100,100,,,4.139204214969426,False,2.0975358143525755e-10,100,203.43597517331477,3,3,4.139204214969426,,False,MID_T0_D1,S0,R0,
11351,NO_DEMONSTRATED_GAIN,True,False,False,100,100,0,4.139204214969426,4.139204214969426,,False,2.0975358143525755e-10,0,0,0,0,4.139204214969426,4.139204214969426,True,MID_T0_D1,S0,S0,
11351,SUPPORTED_WITHIN_SCOPE,True,True,False,0,100,100,,,4.139204214969426,False,2.0975358143525755e-10,100,203.43597517331477,3,3,4.139204214969426,,False,MID_T0_D1,S0,G0,
11351,NO_DEMONSTRATED_GAIN,True,False,False,0,0,0,,,,False,2.0975358143525755e-10,0,0,0,0,,,True,MID_T0_D1,G0,R0,
11351,TRADEOFF,False,False,False,100,0,-100,4.139204214969426,,,False,2.0975358143525755e-10,0,0,-3,-3,,4.139204214969426,False,MID_T0_D1,G0,S0,COMMON_COVERED_IDENTITIES_LOST;COMMON_GEOMETRIC_PROTECTION_DEGRADED;RAW_WINDOW_COVERAGE_LOST;RAW_WINDOW_IDENTITIES_LOST;RECORD_COVERAGE_LOST
11351,NO_DEMONSTRATED_GAIN,True,False,False,0,0,0,,,,False,2.0975358143525755e-10,0,0,0,0,,,True,MID_T0_D1,G0,G0,
7033,NO_DEMONSTRATED_GAIN,True,False,False,102,102,0,2.455900163598016,2.455900163598016,,False,2.905189011851022e-10,0,0,0,0,2.455900163598016,2.455900163598016,True,MID_T0_D1,R0,R0,
7033,NO_DEMONSTRATED_GAIN,True,False,False,102,102,0,2.455900163598016,2.455900163598016,,False,2.905189011851022e-10,0,0,0,0,2.455900163598016,2.455900163598016,True,MID_T0_D1,R0,S0,
7033,NO_DEMONSTRATED_GAIN,True,False,False,102,102,0,2.455900163598016,2.455900163598016,,False,2.905189011851022e-10,0,0,0,0,2.455900163598016,2.455900163598016,True,MID_T0_D1,R0,G0,
7033,NO_DEMONSTRATED_GAIN,True,False,False,102,102,0,2.455900163598016,2.455900163598016,,False,2.905189011851022e-10,0,0,0,0,2.455900163598016,2.455900163598016,True,MID_T0_D1,S0,R0,
7033,NO_DEMONSTRATED_GAIN,True,False,False,102,102,0,2.455900163598016,2.455900163598016,,False,2.905189011851022e-10,0,0,0,0,2.455900163598016,2.455900163598016,True,MID_T0_D1,S0,S0,
7033,NO_DEMONSTRATED_GAIN,True,False,False,102,102,0,2.455900163598016,2.455900163598016,,False,2.905189011851022e-10,0,0,0,0,2.455900163598016,2.455900163598016,True,MID_T0_D1,S0,G0,
7033,NO_DEMONSTRATED_GAIN,True,False,False,102,102,0,2.455900163598016,2.455900163598016,,False,2.905189011851022e-10,0,0,0,0,2.455900163598016,2.455900163598016,True,MID_T0_D1,G0,R0,
7033,NO_DEMONSTRATED_GAIN,True,False,False,102,102,0,2.455900163598016,2.455900163598016,,False,2.905189011851022e-10,0,0,0,0,2.455900163598016,2.455900163598016,True,MID_T0_D1,G0,S0,
7033,NO_DEMONSTRATED_GAIN,True,False,False,102,102,0,2.455900163598016,2.455900163598016,,False,2.905189011851022e-10,0,0,0,0,2.455900163598016,2.455900163598016,True,MID_T0_D1,G0,G0,
8418,NO_DEMONSTRATED_GAIN,True,False,False,0,0,0,,,,False,1.739221610116872e-10,0,0,0,0,,,True,MID_T0_D1,R0,R0,
8418,TRADEOFF,False,False,False,99,0,-99,4.446212650428874,,,False,1.739221610116872e-10,0,0,-2,-2,,4.446212650428874,False,MID_T0_D1,R0,S0,COMMON_COVERED_IDENTITIES_LOST;COMMON_GEOMETRIC_PROTECTION_DEGRADED;RAW_WINDOW_COVERAGE_LOST;RAW_WINDOW_IDENTITIES_LOST;RECORD_COVERAGE_LOST
8418,NO_DEMONSTRATED_GAIN,True,False,False,0,0,0,,,,False,1.739221610116872e-10,0,0,0,0,,,True,MID_T0_D1,R0,G0,
8418,SUPPORTED_WITHIN_SCOPE,True,True,False,0,99,99,,,4.446212650428874,False,1.739221610116872e-10,99,217.09684226262073,2,2,4.446212650428874,,False,MID_T0_D1,S0,R0,
8418,NO_DEMONSTRATED_GAIN,True,False,False,99,99,0,4.446212650428874,4.446212650428874,,False,1.739221610116872e-10,0,0,0,0,4.446212650428874,4.446212650428874,True,MID_T0_D1,S0,S0,
8418,SUPPORTED_WITHIN_SCOPE,True,True,False,0,99,99,,,4.446212650428874,False,1.739221610116872e-10,99,217.09684226262073,2,2,4.446212650428874,,False,MID_T0_D1,S0,G0,
8418,NO_DEMONSTRATED_GAIN,True,False,False,0,0,0,,,,False,1.739221610116872e-10,0,0,0,0,,,True,MID_T0_D1,G0,R0,
8418,TRADEOFF,False,False,False,99,0,-99,4.446212650428874,,,False,1.739221610116872e-10,0,0,-2,-2,,4.446212650428874,False,MID_T0_D1,G0,S0,COMMON_COVERED_IDENTITIES_LOST;COMMON_GEOMETRIC_PROTECTION_DEGRADED;RAW_WINDOW_COVERAGE_LOST;RAW_WINDOW_IDENTITIES_LOST;RECORD_COVERAGE_LOST
8418,NO_DEMONSTRATED_GAIN,True,False,False,0,0,0,,,,False,1.739221610116872e-10,0,0,0,0,,,True,MID_T0_D1,G0,G0,
1070,NO_DEMONSTRATED_GAIN,True,False,False,0,0,0,,,,False,8.197538355776714e-11,0,0,0,0,,,True,MID_T0_D1,R0,R0,
1070,TRADEOFF,False,False,False,99,0,-99,0.7942218984612391,,,False,8.197538355776714e-11,0,0,-2,-2,,0.7942218984612391,False,MID_T0_D1,R0,S0,COMMON_COVERED_IDENTITIES_LOST;COMMON_GEOMETRIC_PROTECTION_DEGRADED;RAW_WINDOW_COVERAGE_LOST;RAW_WINDOW_IDENTITIES_LOST;RECORD_COVERAGE_LOST
1070,NO_DEMONSTRATED_GAIN,True,False,False,0,0,0,,,,False,8.197538355776714e-11,0,0,0,0,,,True,MID_T0_D1,R0,G0,
1070,SUPPORTED_WITHIN_SCOPE,True,True,False,0,99,99,,,0.7942218984612391,False,8.197538355776714e-11,99,49.62473122944288,2,2,0.7942218984612391,,False,MID_T0_D1,S0,R0,
1070,NO_DEMONSTRATED_GAIN,True,False,False,99,99,0,0.7942218984612391,0.7942218984612391,,False,8.197538355776714e-11,0,0,0,0,0.7942218984612391,0.7942218984612391,True,MID_T0_D1,S0,S0,
1070,SUPPORTED_WITHIN_SCOPE,True,True,False,0,99,99,,,0.7942218984612391,False,8.197538355776714e-11,99,49.62473122944288,2,2,0.7942218984612391,,False,MID_T0_D1,S0,G0,
1070,NO_DEMONSTRATED_GAIN,True,False,False,0,0,0,,,,False,8.197538355776714e-11,0,0,0,0,,,True,MID_T0_D1,G0,R0,
1070,TRADEOFF,False,False,False,99,0,-99,0.7942218984612391,,,False,8.197538355776714e-11,0,0,-2,-2,,0.7942218984612391,False,MID_T0_D1,G0,S0,COMMON_COVERED_IDENTITIES_LOST;COMMON_GEOMETRIC_PROTECTION_DEGRADED;RAW_WINDOW_COVERAGE_LOST;RAW_WINDOW_IDENTITIES_LOST;RECORD_COVERAGE_LOST
1070,NO_DEMONSTRATED_GAIN,True,False,False,0,0,0,,,,False,8.197538355776714e-11,0,0,0,0,,,True,MID_T0_D1,G0,G0,
33,NO_DEMONSTRATED_GAIN,True,False,False,99,99,0,3.520663235868612,3.520663235868612,,False,5.107247611525407e-10,0,0,0,0,3.520663235868612,3.520663235868612,True,MID_T0_D1,R0,R0,
33,NO_DEMONSTRATED_GAIN,True,False,False,99,99,0,3.520663235868612,3.520663235868612,,False,5.107247611525407e-10,0,0,0,0,3.520663235868612,3.520663235868612,True,MID_T0_D1,R0,S0,
33,NO_DEMONSTRATED_GAIN,True,False,False,99,99,0,3.520663235868612,3.520663235868612,,False,5.107247611525407e-10,0,0,0,0,3.520663235868612,3.520663235868612,False,MID_T0_D1,R0,G0,
33,NO_DEMONSTRATED_GAIN,True,False,False,99,99,0,3.520663235868612,3.520663235868612,,False,5.107247611525407e-10,0,0,0,0,3.520663235868612,3.520663235868612,True,MID_T0_D1,S0,R0,
33,NO_DEMONSTRATED_GAIN,True,False,False,99,99,0,3.520663235868612,3.520663235868612,,False,5.107247611525407e-10,0,0,0,0,3.520663235868612,3.520663235868612,True,MID_T0_D1,S0,S0,
33,NO_DEMONSTRATED_GAIN,True,False,False,99,99,0,3.520663235868612,3.520663235868612,,False,5.107247611525407e-10,0,0,0,0,3.520663235868612,3.520663235868612,False,MID_T0_D1,S0,G0,
33,NO_DEMONSTRATED_GAIN,True,False,False,99,99,0,3.520663235868612,3.520663235868612,,False,5.107247611525407e-10,0,0,0,0,3.520663235868612,3.520663235868612,False,MID_T0_D1,G0,R0,
33,NO_DEMONSTRATED_GAIN,True,False,False,99,99,0,3.520663235868612,3.520663235868612,,False,5.107247611525407e-10,0,0,0,0,3.520663235868612,3.520663235868612,False,MID_T0_D1,G0,S0,
33,NO_DEMONSTRATED_GAIN,True,False,False,99,99,0,3.520663235868612,3.520663235868612,,False,5.107247611525407e-10,0,0,0,0,3.520663235868612,3.520663235868612,True,MID_T0_D1,G0,G0,
2516,NO_DEMONSTRATED_GAIN,True,False,False,101,101,0,4.342368188691539,4.342368188691539,,False,2.583537494085933e-10,0,0,0,0,4.342368188691539,4.342368188691539,True,MID_T0_D1,R0,R0,
2516,NO_DEMONSTRATED_GAIN,True,False,False,101,101,0,4.342368188691539,4.342368188691539,,False,2.583537494085933e-10,0,0,0,0,4.342368188691539,4.342368188691539,True,MID_T0_D1,R0,S0,
2516,NO_DEMONSTRATED_GAIN,True,False,False,101,101,0,4.342368188691539,4.342368188691539,,False,2.583537494085933e-10,0,0,0,0,4.342368188691539,4.342368188691539,True,MID_T0_D1,R0,G0,
2516,NO_DEMONSTRATED_GAIN,True,False,False,101,101,0,4.342368188691539,4.342368188691539,,False,2.583537494085933e-10,0,0,0,0,4.342368188691539,4.342368188691539,True,MID_T0_D1,S0,R0,
2516,NO_DEMONSTRATED_GAIN,True,False,False,101,101,0,4.342368188691539,4.342368188691539,,False,2.583537494085933e-10,0,0,0,0,4.342368188691539,4.342368188691539,True,MID_T0_D1,S0,S0,
2516,NO_DEMONSTRATED_GAIN,True,False,False,101,101,0,4.342368188691539,4.342368188691539,,False,2.583537494085933e-10,0,0,0,0,4.342368188691539,4.342368188691539,True,MID_T0_D1,S0,G0,
2516,NO_DEMONSTRATED_GAIN,True,False,False,101,101,0,4.342368188691539,4.342368188691539,,False,2.583537494085933e-10,0,0,0,0,4.342368188691539,4.342368188691539,True,MID_T0_D1,G0,R0,
2516,NO_DEMONSTRATED_GAIN,True,False,False,101,101,0,4.342368188691539,4.342368188691539,,False,2.583537494085933e-10,0,0,0,0,4.342368188691539,4.342368188691539,True,MID_T0_D1,G0,S0,
2516,NO_DEMONSTRATED_GAIN,True,False,False,101,101,0,4.342368188691539,4.342368188691539,,False,2.583537494085933e-10,0,0,0,0,4.342368188691539,4.342368188691539,True,MID_T0_D1,G0,G0,
5758,NO_DEMONSTRATED_GAIN,True,False,False,100,100,0,9.252478986741657,9.252478986741657,,False,4.33325201255399e-11,0,0,0,0,3.9209180537789496,3.9209180537789496,True,MID_T0_D1,R0,R0,
5758,NO_DEMONSTRATED_GAIN,True,False,False,100,100,0,9.252478986741657,9.252478986741657,,False,4.33325201255399e-11,0,0,0,0,3.9209180537789496,3.9209180537789496,True,MID_T0_D1,R0,S0,
5758,TRADEOFF,False,False,False,100,100,0,4.935558794537863,9.252478986741657,,False,4.33325201255399e-11,0,0,-1,-1,3.9209180537789496,4.935558794537863,False,MID_T0_D1,R0,G0,COMMON_GEOMETRIC_PROTECTION_DEGRADED
5758,NO_DEMONSTRATED_GAIN,True,False,False,100,100,0,9.252478986741657,9.252478986741657,,False,4.33325201255399e-11,0,0,0,0,3.9209180537789496,3.9209180537789496,True,MID_T0_D1,S0,R0,
5758,NO_DEMONSTRATED_GAIN,True,False,False,100,100,0,9.252478986741657,9.252478986741657,,False,4.33325201255399e-11,0,0,0,0,3.9209180537789496,3.9209180537789496,True,MID_T0_D1,S0,S0,
5758,TRADEOFF,False,False,False,100,100,0,4.935558794537863,9.252478986741657,,False,4.33325201255399e-11,0,0,-1,-1,3.9209180537789496,4.935558794537863,False,MID_T0_D1,S0,G0,COMMON_GEOMETRIC_PROTECTION_DEGRADED
5758,SUPPORTED_WITHIN_SCOPE,True,True,False,100,100,0,9.252478986741657,4.935558794537863,,False,4.33325201255399e-11,0,0,1,1,4.935558794537863,3.9209180537789496,False,MID_T0_D1,G0,R0,
5758,SUPPORTED_WITHIN_SCOPE,True,True,False,100,100,0,9.252478986741657,4.935558794537863,,False,4.33325201255399e-11,0,0,1,1,4.935558794537863,3.9209180537789496,False,MID_T0_D1,G0,S0,
5758,NO_DEMONSTRATED_GAIN,True,False,False,100,100,0,4.935558794537863,4.935558794537863,,False,4.33325201255399e-11,0,0,0,0,4.935558794537863,4.935558794537863,True,MID_T0_D1,G0,G0,
2050,NO_DEMONSTRATED_GAIN,True,False,False,0,0,0,,,,False,3.4280532796389545e-10,0,0,0,0,,,True,MID_T0_D1,R0,R0,
2050,TRADEOFF,False,False,False,100,0,-100,0.6061770053935334,,,False,3.4280532796389545e-10,0,0,-2,-2,,0.6061770053935334,False,MID_T0_D1,R0,S0,COMMON_COVERED_IDENTITIES_LOST;COMMON_GEOMETRIC_PROTECTION_DEGRADED;RAW_WINDOW_COVERAGE_LOST;RAW_WINDOW_IDENTITIES_LOST;RECORD_COVERAGE_LOST
2050,NO_DEMONSTRATED_GAIN,True,False,False,0,0,0,,,,False,3.4280532796389545e-10,0,0,0,0,,,True,MID_T0_D1,R0,G0,
2050,SUPPORTED_WITHIN_SCOPE,True,True,False,0,100,100,,,0.6061770053935334,False,3.4280532796389545e-10,100,29.90232095257282,2,2,0.6061770053935334,,False,MID_T0_D1,S0,R0,
2050,NO_DEMONSTRATED_GAIN,True,False,False,100,100,0,0.6061770053935334,0.6061770053935334,,False,3.4280532796389545e-10,0,0,0,0,0.6061770053935334,0.6061770053935334,True,MID_T0_D1,S0,S0,
2050,SUPPORTED_WITHIN_SCOPE,True,True,False,0,100,100,,,0.6061770053935334,False,3.4280532796389545e-10,100,29.90232095257282,2,2,0.6061770053935334,,False,MID_T0_D1,S0,G0,
2050,NO_DEMONSTRATED_GAIN,True,False,False,0,0,0,,,,False,3.4280532796389545e-10,0,0,0,0,,,True,MID_T0_D1,G0,R0,
2050,TRADEOFF,False,False,False,100,0,-100,0.6061770053935334,,,False,3.4280532796389545e-10,0,0,-2,-2,,0.6061770053935334,False,MID_T0_D1,G0,S0,COMMON_COVERED_IDENTITIES_LOST;COMMON_GEOMETRIC_PROTECTION_DEGRADED;RAW_WINDOW_COVERAGE_LOST;RAW_WINDOW_IDENTITIES_LOST;RECORD_COVERAGE_LOST
2050,NO_DEMONSTRATED_GAIN,True,False,False,0,0,0,,,,False,3.4280532796389545e-10,0,0,0,0,,,True,MID_T0_D1,G0,G0,
8358,NO_DEMONSTRATED_GAIN,True,False,False,101,101,0,3.843518114405123,3.843518114405123,,False,2.8088413296197057e-10,0,0,0,0,3.843518114405123,3.843518114405123,True,MID_T0_D1,R0,R0,
8358,NO_DEMONSTRATED_GAIN,True,False,False,101,101,0,3.843518114405123,3.843518114405123,,False,2.8088413296197057e-10,0,0,0,0,3.843518114405123,3.843518114405123,True,MID_T0_D1,R0,S0,
8358,NO_DEMONSTRATED_GAIN,True,False,False,101,101,0,3.843518114405123,3.843518114405123,,False,2.8088413296197057e-10,0,0,0,0,3.843518114405123,3.843518114405123,False,MID_T0_D1,R0,G0,
8358,NO_DEMONSTRATED_GAIN,True,False,False,101,101,0,3.843518114405123,3.843518114405123,,False,2.8088413296197057e-10,0,0,0,0,3.843518114405123,3.843518114405123,True,MID_T0_D1,S0,R0,
8358,NO_DEMONSTRATED_GAIN,True,False,False,101,101,0,3.843518114405123,3.843518114405123,,False,2.8088413296197057e-10,0,0,0,0,3.843518114405123,3.843518114405123,True,MID_T0_D1,S0,S0,
8358,NO_DEMONSTRATED_GAIN,True,False,False,101,101,0,3.843518114405123,3.843518114405123,,False,2.8088413296197057e-10,0,0,0,0,3.843518114405123,3.843518114405123,False,MID_T0_D1,S0,G0,
8358,NO_DEMONSTRATED_GAIN,True,False,False,101,101,0,3.843518114405123,3.843518114405123,,False,2.8088413296197057e-10,0,0,0,0,3.843518114405123,3.843518114405123,False,MID_T0_D1,G0,R0,
8358,NO_DEMONSTRATED_GAIN,True,False,False,101,101,0,3.843518114405123,3.843518114405123,,False,2.8088413296197057e-10,0,0,0,0,3.843518114405123,3.843518114405123,False,MID_T0_D1,G0,S0,
8358,NO_DEMONSTRATED_GAIN,True,False,False,101,101,0,3.843518114405123,3.843518114405123,,False,2.8088413296197057e-10,0,0,0,0,3.843518114405123,3.843518114405123,True,MID_T0_D1,G0,G0,
8926,NO_DEMONSTRATED_GAIN,True,False,False,101,101,0,4.409353891655494,4.409353891655494,,False,1.6688219681993906e-10,0,0,0,0,3.7435838818952902,3.7435838818952902,True,MID_T0_D1,R0,R0,
8926,NO_DEMONSTRATED_GAIN,True,False,False,101,101,0,4.409353891655494,4.409353891655494,,False,1.6688219681993906e-10,0,0,0,0,3.7435838818952902,3.7435838818952902,True,MID_T0_D1,R0,S0,
8926,NO_DEMONSTRATED_GAIN,True,False,False,101,101,0,4.409353891655494,4.409353891655494,,False,1.6688219681993906e-10,0,0,0,0,3.7435838818952902,3.7435838818952902,True,MID_T0_D1,R0,G0,
8926,NO_DEMONSTRATED_GAIN,True,False,False,101,101,0,4.409353891655494,4.409353891655494,,False,1.6688219681993906e-10,0,0,0,0,3.7435838818952902,3.7435838818952902,True,MID_T0_D1,S0,R0,
8926,NO_DEMONSTRATED_GAIN,True,False,False,101,101,0,4.409353891655494,4.409353891655494,,False,1.6688219681993906e-10,0,0,0,0,3.7435838818952902,3.7435838818952902,True,MID_T0_D1,S0,S0,
8926,NO_DEMONSTRATED_GAIN,True,False,False,101,101,0,4.409353891655494,4.409353891655494,,False,1.6688219681993906e-10,0,0,0,0,3.7435838818952902,3.7435838818952902,True,MID_T0_D1,S0,G0,
8926,NO_DEMONSTRATED_GAIN,True,False,False,101,101,0,4.409353891655494,4.409353891655494,,False,1.6688219681993906e-10,0,0,0,0,3.7435838818952902,3.7435838818952902,True,MID_T0_D1,G0,R0,
8926,NO_DEMONSTRATED_GAIN,True,False,False,101,101,0,4.409353891655494,4.409353891655494,,False,1.6688219681993906e-10,0,0,0,0,3.7435838818952902,3.7435838818952902,True,MID_T0_D1,G0,S0,
8926,NO_DEMONSTRATED_GAIN,True,False,False,101,101,0,4.409353891655494,4.409353891655494,,False,1.6688219681993906e-10,0,0,0,0,3.7435838818952902,3.7435838818952902,True,MID_T0_D1,G0,G0,
43,NO_DEMONSTRATED_GAIN,True,False,False,0,0,0,,,,False,2.5254614402286645e-10,0,0,0,0,,,True,MID_T0_D1,R0,R0,
43,TRADEOFF,False,False,False,98,0,-98,2.9430808855113337,,,False,2.5254614402286645e-10,0,0,-3,-3,,2.9430808855113337,False,MID_T0_D1,R0,S0,COMMON_COVERED_IDENTITIES_LOST;COMMON_GEOMETRIC_PROTECTION_DEGRADED;RAW_WINDOW_COVERAGE_LOST;RAW_WINDOW_IDENTITIES_LOST;RECORD_COVERAGE_LOST
43,NO_DEMONSTRATED_GAIN,True,False,False,0,0,0,,,,False,2.5254614402286645e-10,0,0,0,0,,,True,MID_T0_D1,R0,G0,
43,SUPPORTED_WITHIN_SCOPE,True,True,False,0,98,98,,,2.9430808855113337,False,2.5254614402286645e-10,98,101.38531109939811,3,3,2.9430808855113337,,False,MID_T0_D1,S0,R0,
43,NO_DEMONSTRATED_GAIN,True,False,False,98,98,0,2.9430808855113337,2.9430808855113337,,False,2.5254614402286645e-10,0,0,0,0,2.9430808855113337,2.9430808855113337,True,MID_T0_D1,S0,S0,
43,SUPPORTED_WITHIN_SCOPE,True,True,False,0,98,98,,,2.9430808855113337,False,2.5254614402286645e-10,98,101.38531109939811,3,3,2.9430808855113337,,False,MID_T0_D1,S0,G0,
43,NO_DEMONSTRATED_GAIN,True,False,False,0,0,0,,,,False,2.5254614402286645e-10,0,0,0,0,,,True,MID_T0_D1,G0,R0,
43,TRADEOFF,False,False,False,98,0,-98,2.9430808855113337,,,False,2.5254614402286645e-10,0,0,-3,-3,,2.9430808855113337,False,MID_T0_D1,G0,S0,COMMON_COVERED_IDENTITIES_LOST;COMMON_GEOMETRIC_PROTECTION_DEGRADED;RAW_WINDOW_COVERAGE_LOST;RAW_WINDOW_IDENTITIES_LOST;RECORD_COVERAGE_LOST
43,NO_DEMONSTRATED_GAIN,True,False,False,0,0,0,,,,False,2.5254614402286645e-10,0,0,0,0,,,True,MID_T0_D1,G0,G0,
5176,NO_DEMONSTRATED_GAIN,True,False,False,0,0,0,,,,False,7.126561709553073e-10,0,0,0,0,,,True,MID_T0_D1,R0,R0,
5176,TRADEOFF,False,False,False,95,0,-95,4.648750941329466,,,False,7.126561709553073e-10,0,0,-3,-3,,4.648750941329466,False,MID_T0_D1,R0,S0,COMMON_COVERED_IDENTITIES_LOST;COMMON_GEOMETRIC_PROTECTION_DEGRADED;RAW_WINDOW_COVERAGE_LOST;RAW_WINDOW_IDENTITIES_LOST;RECORD_COVERAGE_LOST
5176,NO_DEMONSTRATED_GAIN,True,False,False,0,0,0,,,,False,7.126561709553073e-10,0,0,0,0,,,True,MID_T0_D1,R0,G0,
5176,SUPPORTED_WITHIN_SCOPE,True,True,False,0,95,95,,,4.648750941329466,False,7.126561709553073e-10,95,122.09961311366038,3,3,4.648750941329466,,False,MID_T0_D1,S0,R0,
5176,NO_DEMONSTRATED_GAIN,True,False,False,95,95,0,4.648750941329466,4.648750941329466,,False,7.126561709553073e-10,0,0,0,0,4.648750941329466,4.648750941329466,True,MID_T0_D1,S0,S0,
5176,SUPPORTED_WITHIN_SCOPE,True,True,False,0,95,95,,,4.648750941329466,False,7.126561709553073e-10,95,122.09961311366038,3,3,4.648750941329466,,False,MID_T0_D1,S0,G0,
5176,NO_DEMONSTRATED_GAIN,True,False,False,0,0,0,,,,False,7.126561709553073e-10,0,0,0,0,,,True,MID_T0_D1,G0,R0,
5176,TRADEOFF,False,False,False,95,0,-95,4.648750941329466,,,False,7.126561709553073e-10,0,0,-3,-3,,4.648750941329466,False,MID_T0_D1,G0,S0,COMMON_COVERED_IDENTITIES_LOST;COMMON_GEOMETRIC_PROTECTION_DEGRADED;RAW_WINDOW_COVERAGE_LOST;RAW_WINDOW_IDENTITIES_LOST;RECORD_COVERAGE_LOST
5176,NO_DEMONSTRATED_GAIN,True,False,False,0,0,0,,,,False,7.126561709553073e-10,0,0,0,0,,,True,MID_T0_D1,G0,G0,
3420,NO_DEMONSTRATED_GAIN,True,False,False,127,127,0,38.84363935660595,38.84363935660595,,False,2.378508979853022e-10,0,0,0,0,4.954803973860355,4.954803973860355,True,MID_T1_D0,R0,R0,
3420,NO_DEMONSTRATED_GAIN,True,False,False,127,127,0,38.84363935660595,38.84363935660595,,False,2.378508979853022e-10,0,0,0,0,4.954803973860355,4.954803973860355,True,MID_T1_D0,R0,S0,
3420,NO_DEMONSTRATED_GAIN,True,False,False,127,127,0,38.84363935660595,38.84363935660595,,False,2.378508979853022e-10,0,0,0,0,4.954803973860355,4.954803973860355,True,MID_T1_D0,R0,G0,
3420,NO_DEMONSTRATED_GAIN,True,False,False,127,127,0,38.84363935660595,38.84363935660595,,False,2.378508979853022e-10,0,0,0,0,4.954803973860355,4.954803973860355,True,MID_T1_D0,S0,R0,
3420,NO_DEMONSTRATED_GAIN,True,False,False,127,127,0,38.84363935660595,38.84363935660595,,False,2.378508979853022e-10,0,0,0,0,4.954803973860355,4.954803973860355,True,MID_T1_D0,S0,S0,
3420,NO_DEMONSTRATED_GAIN,True,False,False,127,127,0,38.84363935660595,38.84363935660595,,False,2.378508979853022e-10,0,0,0,0,4.954803973860355,4.954803973860355,True,MID_T1_D0,S0,G0,
3420,NO_DEMONSTRATED_GAIN,True,False,False,127,127,0,38.84363935660595,38.84363935660595,,False,2.378508979853022e-10,0,0,0,0,4.954803973860355,4.954803973860355,True,MID_T1_D0,G0,R0,
3420,NO_DEMONSTRATED_GAIN,True,False,False,127,127,0,38.84363935660595,38.84363935660595,,False,2.378508979853022e-10,0,0,0,0,4.954803973860355,4.954803973860355,True,MID_T1_D0,G0,S0,
3420,NO_DEMONSTRATED_GAIN,True,False,False,127,127,0,38.84363935660595,38.84363935660595,,False,2.378508979853022e-10,0,0,0,0,4.954803973860355,4.954803973860355,True,MID_T1_D0,G0,G0,
2108,NO_DEMONSTRATED_GAIN,True,False,False,58,58,0,4.570457681656668,4.570457681656668,,False,3.2039127442791177e-10,0,0,0,0,4.570457681656668,4.570457681656668,True,MID_T1_D0,R0,R0,
2108,TRADEOFF,False,False,False,99,58,-41,4.9841272741471725,,,False,3.2039127442791177e-10,0,0,-2,-2,4.570457681656668,4.9841272741471725,False,MID_T1_D0,R0,S0,COMMON_COVERED_IDENTITIES_LOST;COMMON_GEOMETRIC_PROTECTION_DEGRADED;RAW_WINDOW_COVERAGE_LOST;RAW_WINDOW_IDENTITIES_LOST
2108,NO_DEMONSTRATED_GAIN,True,False,False,58,58,0,4.570457681656668,4.570457681656668,,False,3.2039127442791177e-10,0,0,0,0,4.570457681656668,4.570457681656668,True,MID_T1_D0,R0,G0,
2108,SUPPORTED_WITHIN_SCOPE,True,True,False,58,99,41,4.570457681656668,4.570457681656668,4.9841272741471725,False,3.2039127442791177e-10,41,80.36065704281673,2,2,4.9841272741471725,4.570457681656668,False,MID_T1_D0,S0,R0,
2108,NO_DEMONSTRATED_GAIN,True,False,False,99,99,0,4.9841272741471725,4.9841272741471725,,False,3.2039127442791177e-10,0,0,0,0,4.9841272741471725,4.9841272741471725,True,MID_T1_D0,S0,S0,
2108,SUPPORTED_WITHIN_SCOPE,True,True,False,58,99,41,4.570457681656668,4.570457681656668,4.9841272741471725,False,3.2039127442791177e-10,41,80.36065704281673,2,2,4.9841272741471725,4.570457681656668,False,MID_T1_D0,S0,G0,
2108,NO_DEMONSTRATED_GAIN,True,False,False,58,58,0,4.570457681656668,4.570457681656668,,False,3.2039127442791177e-10,0,0,0,0,4.570457681656668,4.570457681656668,True,MID_T1_D0,G0,R0,
2108,TRADEOFF,False,False,False,99,58,-41,4.9841272741471725,,,False,3.2039127442791177e-10,0,0,-2,-2,4.570457681656668,4.9841272741471725,False,MID_T1_D0,G0,S0,COMMON_COVERED_IDENTITIES_LOST;COMMON_GEOMETRIC_PROTECTION_DEGRADED;RAW_WINDOW_COVERAGE_LOST;RAW_WINDOW_IDENTITIES_LOST
2108,NO_DEMONSTRATED_GAIN,True,False,False,58,58,0,4.570457681656668,4.570457681656668,,False,3.2039127442791177e-10,0,0,0,0,4.570457681656668,4.570457681656668,True,MID_T1_D0,G0,G0,
6214,NO_DEMONSTRATED_GAIN,True,False,False,61,61,0,14.752446899025784,14.752446899025784,,False,2.309201490576435e-10,0,0,0,0,4.806527742009347,4.806527742009347,True,MID_T1_D0,R0,R0,
6214,TRADEOFF,False,False,False,71,61,-10,14.752446899025784,,,False,2.309201490576435e-10,0,0,-4,-4,4.806527742009347,4.806527742009347,False,MID_T1_D0,R0,S0,COMMON_COVERED_IDENTITIES_LOST;COMMON_GEOMETRIC_PROTECTION_DEGRADED;RAW_WINDOW_COVERAGE_LOST;RAW_WINDOW_IDENTITIES_LOST
6214,NO_DEMONSTRATED_GAIN,True,False,False,61,61,0,14.752446899025784,14.752446899025784,,False,2.309201490576435e-10,0,0,0,0,4.806527742009347,4.806527742009347,True,MID_T1_D0,R0,G0,
6214,SUPPORTED_WITHIN_SCOPE,True,True,False,61,71,10,14.752446899025784,14.752446899025784,3.066308712585978,False,2.309201490576435e-10,10,7.695268923118193,4,4,4.806527742009347,4.806527742009347,False,MID_T1_D0,S0,R0,
6214,NO_DEMONSTRATED_GAIN,True,False,False,71,71,0,14.752446899025784,14.752446899025784,,False,2.309201490576435e-10,0,0,0,0,4.806527742009347,4.806527742009347,True,MID_T1_D0,S0,S0,
6214,SUPPORTED_WITHIN_SCOPE,True,True,False,61,71,10,14.752446899025784,14.752446899025784,3.066308712585978,False,2.309201490576435e-10,10,7.695268923118193,4,4,4.806527742009347,4.806527742009347,False,MID_T1_D0,S0,G0,
6214,NO_DEMONSTRATED_GAIN,True,False,False,61,61,0,14.752446899025784,14.752446899025784,,False,2.309201490576435e-10,0,0,0,0,4.806527742009347,4.806527742009347,True,MID_T1_D0,G0,R0,
6214,TRADEOFF,False,False,False,71,61,-10,14.752446899025784,,,False,2.309201490576435e-10,0,0,-4,-4,4.806527742009347,4.806527742009347,False,MID_T1_D0,G0,S0,COMMON_COVERED_IDENTITIES_LOST;COMMON_GEOMETRIC_PROTECTION_DEGRADED;RAW_WINDOW_COVERAGE_LOST;RAW_WINDOW_IDENTITIES_LOST
6214,NO_DEMONSTRATED_GAIN,True,False,False,61,61,0,14.752446899025784,14.752446899025784,,False,2.309201490576435e-10,0,0,0,0,4.806527742009347,4.806527742009347,True,MID_T1_D0,G0,G0,
7116,NO_DEMONSTRATED_GAIN,True,False,False,114,114,0,11.218465699229004,11.218465699229004,,False,3.6396781527949655e-10,0,0,0,0,4.896164986521105,4.896164986521105,True,MID_T1_D0,R0,R0,
7116,TRADEOFF,False,False,False,121,114,-7,11.218465699229004,,,False,3.6396781527949655e-10,0,0,-3,-3,4.896164986521105,4.896164986521105,False,MID_T1_D0,R0,S0,COMMON_COVERED_IDENTITIES_LOST;COMMON_GEOMETRIC_PROTECTION_DEGRADED;RAW_WINDOW_COVERAGE_LOST;RAW_WINDOW_IDENTITIES_LOST
7116,NO_DEMONSTRATED_GAIN,True,False,False,114,114,0,11.218465699229004,11.218465699229004,,False,3.6396781527949655e-10,0,0,0,0,4.896164986521105,4.896164986521105,True,MID_T1_D0,R0,G0,
7116,SUPPORTED_WITHIN_SCOPE,True,True,False,114,121,7,11.218465699229004,11.218465699229004,4.291151475409821,False,3.6396781527949655e-10,7,12.130701879116414,3,3,4.896164986521105,4.896164986521105,False,MID_T1_D0,S0,R0,
7116,NO_DEMONSTRATED_GAIN,True,False,False,121,121,0,11.218465699229004,11.218465699229004,,False,3.6396781527949655e-10,0,0,0,0,4.896164986521105,4.896164986521105,True,MID_T1_D0,S0,S0,
7116,SUPPORTED_WITHIN_SCOPE,True,True,False,114,121,7,11.218465699229004,11.218465699229004,4.291151475409821,False,3.6396781527949655e-10,7,12.130701879116414,3,3,4.896164986521105,4.896164986521105,False,MID_T1_D0,S0,G0,
7116,NO_DEMONSTRATED_GAIN,True,False,False,114,114,0,11.218465699229004,11.218465699229004,,False,3.6396781527949655e-10,0,0,0,0,4.896164986521105,4.896164986521105,True,MID_T1_D0,G0,R0,
7116,TRADEOFF,False,False,False,121,114,-7,11.218465699229004,,,False,3.6396781527949655e-10,0,0,-3,-3,4.896164986521105,4.896164986521105,False,MID_T1_D0,G0,S0,COMMON_COVERED_IDENTITIES_LOST;COMMON_GEOMETRIC_PROTECTION_DEGRADED;RAW_WINDOW_COVERAGE_LOST;RAW_WINDOW_IDENTITIES_LOST
7116,NO_DEMONSTRATED_GAIN,True,False,False,114,114,0,11.218465699229004,11.218465699229004,,False,3.6396781527949655e-10,0,0,0,0,4.896164986521105,4.896164986521105,True,MID_T1_D0,G0,G0,
10638,NO_DEMONSTRATED_GAIN,True,False,False,99,99,0,10.125606690797259,10.125606690797259,,False,1.5136509751089016e-10,0,0,0,0,4.740956010991642,4.740956010991642,True,MID_T1_D0,R0,R0,
10638,TRADEOFF,False,False,False,128,99,-29,10.125606690797259,,,False,1.5136509751089016e-10,0,0,-2,-2,4.740956010991642,4.740956010991642,False,MID_T1_D0,R0,S0,COMMON_COVERED_IDENTITIES_LOST;COMMON_GEOMETRIC_PROTECTION_DEGRADED;RAW_WINDOW_COVERAGE_LOST;RAW_WINDOW_IDENTITIES_LOST
10638,NO_DEMONSTRATED_GAIN,True,False,False,99,99,0,10.125606690797259,10.125606690797259,,False,1.5136509751089016e-10,0,0,0,0,4.740956010991642,4.740956010991642,True,MID_T1_D0,R0,G0,
10638,SUPPORTED_WITHIN_SCOPE,True,True,False,99,128,29,10.125606690797259,10.125606690797259,2.502468370693947,False,1.5136509751089016e-10,29,24.995705721077485,2,2,4.740956010991642,4.740956010991642,False,MID_T1_D0,S0,R0,
10638,NO_DEMONSTRATED_GAIN,True,False,False,128,128,0,10.125606690797259,10.125606690797259,,False,1.5136509751089016e-10,0,0,0,0,4.740956010991642,4.740956010991642,True,MID_T1_D0,S0,S0,
10638,SUPPORTED_WITHIN_SCOPE,True,True,False,99,128,29,10.125606690797259,10.125606690797259,2.502468370693947,False,1.5136509751089016e-10,29,24.995705721077485,2,2,4.740956010991642,4.740956010991642,False,MID_T1_D0,S0,G0,
10638,NO_DEMONSTRATED_GAIN,True,False,False,99,99,0,10.125606690797259,10.125606690797259,,False,1.5136509751089016e-10,0,0,0,0,4.740956010991642,4.740956010991642,True,MID_T1_D0,G0,R0,
10638,TRADEOFF,False,False,False,128,99,-29,10.125606690797259,,,False,1.5136509751089016e-10,0,0,-2,-2,4.740956010991642,4.740956010991642,False,MID_T1_D0,G0,S0,COMMON_COVERED_IDENTITIES_LOST;COMMON_GEOMETRIC_PROTECTION_DEGRADED;RAW_WINDOW_COVERAGE_LOST;RAW_WINDOW_IDENTITIES_LOST
10638,NO_DEMONSTRATED_GAIN,True,False,False,99,99,0,10.125606690797259,10.125606690797259,,False,1.5136509751089016e-10,0,0,0,0,4.740956010991642,4.740956010991642,True,MID_T1_D0,G0,G0,
8033,NO_DEMONSTRATED_GAIN,True,False,False,125,125,0,32.66892309956104,32.66892309956104,,False,2.215204497888483e-10,0,0,0,0,4.918416144634512,4.918416144634512,True,MID_T1_D0,R0,R0,
8033,NO_DEMONSTRATED_GAIN,True,False,False,125,125,0,32.66892309956104,32.66892309956104,,False,2.215204497888483e-10,0,0,0,0,4.918416144634512,4.918416144634512,True,MID_T1_D0,R0,S0,
8033,NO_DEMONSTRATED_GAIN,True,False,False,125,125,0,32.66892309956104,32.66892309956104,,False,2.215204497888483e-10,0,0,0,0,4.918416144634512,4.918416144634512,True,MID_T1_D0,R0,G0,
8033,NO_DEMONSTRATED_GAIN,True,False,False,125,125,0,32.66892309956104,32.66892309956104,,False,2.215204497888483e-10,0,0,0,0,4.918416144634512,4.918416144634512,True,MID_T1_D0,S0,R0,
8033,NO_DEMONSTRATED_GAIN,True,False,False,125,125,0,32.66892309956104,32.66892309956104,,False,2.215204497888483e-10,0,0,0,0,4.918416144634512,4.918416144634512,True,MID_T1_D0,S0,S0,
8033,NO_DEMONSTRATED_GAIN,True,False,False,125,125,0,32.66892309956104,32.66892309956104,,False,2.215204497888483e-10,0,0,0,0,4.918416144634512,4.918416144634512,True,MID_T1_D0,S0,G0,
8033,NO_DEMONSTRATED_GAIN,True,False,False,125,125,0,32.66892309956104,32.66892309956104,,False,2.215204497888483e-10,0,0,0,0,4.918416144634512,4.918416144634512,True,MID_T1_D0,G0,R0,
8033,NO_DEMONSTRATED_GAIN,True,False,False,125,125,0,32.66892309956104,32.66892309956104,,False,2.215204497888483e-10,0,0,0,0,4.918416144634512,4.918416144634512,True,MID_T1_D0,G0,S0,
8033,NO_DEMONSTRATED_GAIN,True,False,False,125,125,0,32.66892309956104,32.66892309956104,,False,2.215204497888483e-10,0,0,0,0,4.918416144634512,4.918416144634512,True,MID_T1_D0,G0,G0,
3531,NO_DEMONSTRATED_GAIN,True,False,False,102,102,0,76.71792261789051,76.71792261789051,,False,2.744391355642859e-10,0,0,0,0,4.992555071639091,4.992555071639091,True,MID_T1_D0,R0,R0,
3531,NO_DEMONSTRATED_GAIN,True,False,False,102,102,0,76.71792261789051,76.71792261789051,,False,2.744391355642859e-10,0,0,0,0,4.992555071639091,4.992555071639091,True,MID_T1_D0,R0,S0,
3531,NO_DEMONSTRATED_GAIN,True,False,False,102,102,0,76.71792261789051,76.71792261789051,,False,2.744391355642859e-10,0,0,0,0,4.992555071639091,4.992555071639091,True,MID_T1_D0,R0,G0,
3531,NO_DEMONSTRATED_GAIN,True,False,False,102,102,0,76.71792261789051,76.71792261789051,,False,2.744391355642859e-10,0,0,0,0,4.992555071639091,4.992555071639091,True,MID_T1_D0,S0,R0,
3531,NO_DEMONSTRATED_GAIN,True,False,False,102,102,0,76.71792261789051,76.71792261789051,,False,2.744391355642859e-10,0,0,0,0,4.992555071639091,4.992555071639091,True,MID_T1_D0,S0,S0,
3531,NO_DEMONSTRATED_GAIN,True,False,False,102,102,0,76.71792261789051,76.71792261789051,,False,2.744391355642859e-10,0,0,0,0,4.992555071639091,4.992555071639091,True,MID_T1_D0,S0,G0,
3531,NO_DEMONSTRATED_GAIN,True,False,False,102,102,0,76.71792261789051,76.71792261789051,,False,2.744391355642859e-10,0,0,0,0,4.992555071639091,4.992555071639091,True,MID_T1_D0,G0,R0,
3531,NO_DEMONSTRATED_GAIN,True,False,False,102,102,0,76.71792261789051,76.71792261789051,,False,2.744391355642859e-10,0,0,0,0,4.992555071639091,4.992555071639091,True,MID_T1_D0,G0,S0,
3531,NO_DEMONSTRATED_GAIN,True,False,False,102,102,0,76.71792261789051,76.71792261789051,,False,2.744391355642859e-10,0,0,0,0,4.992555071639091,4.992555071639091,True,MID_T1_D0,G0,G0,
10075,NO_DEMONSTRATED_GAIN,True,False,False,90,90,0,5.815563625418411,5.815563625418411,,False,1.4591534926160044e-10,0,0,0,0,4.945218136557885,4.945218136557885,True,MID_T1_D0,R0,R0,
10075,TRADEOFF,False,False,False,98,90,-8,5.815563625418411,,,False,1.4591534926160044e-10,0,0,-3,-3,4.945218136557885,4.945218136557885,False,MID_T1_D0,R0,S0,COMMON_COVERED_IDENTITIES_LOST;COMMON_GEOMETRIC_PROTECTION_DEGRADED;RAW_WINDOW_COVERAGE_LOST;RAW_WINDOW_IDENTITIES_LOST
10075,NO_DEMONSTRATED_GAIN,True,False,False,90,90,0,5.815563625418411,5.815563625418411,,False,1.4591534926160044e-10,0,0,0,0,4.945218136557885,4.945218136557885,True,MID_T1_D0,R0,G0,
10075,SUPPORTED_WITHIN_SCOPE,True,True,False,90,98,8,5.815563625418411,5.815563625418411,1.851538034809826,False,1.4591534926160044e-10,8,4.997515881794228,3,3,4.945218136557885,4.945218136557885,False,MID_T1_D0,S0,R0,
10075,NO_DEMONSTRATED_GAIN,True,False,False,98,98,0,5.815563625418411,5.815563625418411,,False,1.4591534926160044e-10,0,0,0,0,4.945218136557885,4.945218136557885,True,MID_T1_D0,S0,S0,
10075,SUPPORTED_WITHIN_SCOPE,True,True,False,90,98,8,5.815563625418411,5.815563625418411,1.851538034809826,False,1.4591534926160044e-10,8,4.997515881794228,3,3,4.945218136557885,4.945218136557885,False,MID_T1_D0,S0,G0,
10075,NO_DEMONSTRATED_GAIN,True,False,False,90,90,0,5.815563625418411,5.815563625418411,,False,1.4591534926160044e-10,0,0,0,0,4.945218136557885,4.945218136557885,True,MID_T1_D0,G0,R0,
10075,TRADEOFF,False,False,False,98,90,-8,5.815563625418411,,,False,1.4591534926160044e-10,0,0,-3,-3,4.945218136557885,4.945218136557885,False,MID_T1_D0,G0,S0,COMMON_COVERED_IDENTITIES_LOST;COMMON_GEOMETRIC_PROTECTION_DEGRADED;RAW_WINDOW_COVERAGE_LOST;RAW_WINDOW_IDENTITIES_LOST
10075,NO_DEMONSTRATED_GAIN,True,False,False,90,90,0,5.815563625418411,5.815563625418411,,False,1.4591534926160044e-10,0,0,0,0,4.945218136557885,4.945218136557885,True,MID_T1_D0,G0,G0,
5534,NO_DEMONSTRATED_GAIN,True,False,False,0,0,0,,,,False,3.260910896644312e-10,0,0,0,0,,,True,MID_T1_D0,R0,R0,
5534,TRADEOFF,False,False,False,53,0,-53,4.2657147454910325,,,False,3.260910896644312e-10,0,0,-3,-3,,4.2657147454910325,False,MID_T1_D0,R0,S0,COMMON_COVERED_IDENTITIES_LOST;COMMON_GEOMETRIC_PROTECTION_DEGRADED;RAW_WINDOW_COVERAGE_LOST;RAW_WINDOW_IDENTITIES_LOST;RECORD_COVERAGE_LOST
5534,NO_DEMONSTRATED_GAIN,True,False,False,0,0,0,,,,False,3.260910896644312e-10,0,0,0,0,,,True,MID_T1_D0,R0,G0,
5534,SUPPORTED_WITHIN_SCOPE,True,True,False,0,53,53,,,4.2657147454910325,False,3.260910896644312e-10,53,60.17497785732628,3,3,4.2657147454910325,,False,MID_T1_D0,S0,R0,
5534,NO_DEMONSTRATED_GAIN,True,False,False,53,53,0,4.2657147454910325,4.2657147454910325,,False,3.260910896644312e-10,0,0,0,0,4.2657147454910325,4.2657147454910325,True,MID_T1_D0,S0,S0,
5534,SUPPORTED_WITHIN_SCOPE,True,True,False,0,53,53,,,4.2657147454910325,False,3.260910896644312e-10,53,60.17497785732628,3,3,4.2657147454910325,,False,MID_T1_D0,S0,G0,
5534,NO_DEMONSTRATED_GAIN,True,False,False,0,0,0,,,,False,3.260910896644312e-10,0,0,0,0,,,True,MID_T1_D0,G0,R0,
5534,TRADEOFF,False,False,False,53,0,-53,4.2657147454910325,,,False,3.260910896644312e-10,0,0,-3,-3,,4.2657147454910325,False,MID_T1_D0,G0,S0,COMMON_COVERED_IDENTITIES_LOST;COMMON_GEOMETRIC_PROTECTION_DEGRADED;RAW_WINDOW_COVERAGE_LOST;RAW_WINDOW_IDENTITIES_LOST;RECORD_COVERAGE_LOST
5534,NO_DEMONSTRATED_GAIN,True,False,False,0,0,0,,,,False,3.260910896644312e-10,0,0,0,0,,,True,MID_T1_D0,G0,G0,
7511,NO_DEMONSTRATED_GAIN,True,False,False,93,93,0,21.083667566757534,21.083667566757534,,False,2.953022261325484e-10,0,0,0,0,4.414684744835388,4.414684744835388,True,MID_T1_D0,R0,R0,
7511,NO_DEMONSTRATED_GAIN,True,False,False,93,93,0,21.083667566757534,21.083667566757534,,False,2.953022261325484e-10,0,0,0,0,4.414684744835388,4.414684744835388,True,MID_T1_D0,R0,S0,
7511,NO_DEMONSTRATED_GAIN,True,False,False,93,93,0,21.083667566757534,21.083667566757534,,False,2.953022261325484e-10,0,0,0,0,4.414684744835388,4.414684744835388,True,MID_T1_D0,R0,G0,
7511,NO_DEMONSTRATED_GAIN,True,False,False,93,93,0,21.083667566757534,21.083667566757534,,False,2.953022261325484e-10,0,0,0,0,4.414684744835388,4.414684744835388,True,MID_T1_D0,S0,R0,
7511,NO_DEMONSTRATED_GAIN,True,False,False,93,93,0,21.083667566757534,21.083667566757534,,False,2.953022261325484e-10,0,0,0,0,4.414684744835388,4.414684744835388,True,MID_T1_D0,S0,S0,
7511,NO_DEMONSTRATED_GAIN,True,False,False,93,93,0,21.083667566757534,21.083667566757534,,False,2.953022261325484e-10,0,0,0,0,4.414684744835388,4.414684744835388,True,MID_T1_D0,S0,G0,
7511,NO_DEMONSTRATED_GAIN,True,False,False,93,93,0,21.083667566757534,21.083667566757534,,False,2.953022261325484e-10,0,0,0,0,4.414684744835388,4.414684744835388,True,MID_T1_D0,G0,R0,
7511,NO_DEMONSTRATED_GAIN,True,False,False,93,93,0,21.083667566757534,21.083667566757534,,False,2.953022261325484e-10,0,0,0,0,4.414684744835388,4.414684744835388,True,MID_T1_D0,G0,S0,
7511,NO_DEMONSTRATED_GAIN,True,False,False,93,93,0,21.083667566757534,21.083667566757534,,False,2.953022261325484e-10,0,0,0,0,4.414684744835388,4.414684744835388,True,MID_T1_D0,G0,G0,
57,NO_DEMONSTRATED_GAIN,True,False,False,98,98,0,2.7094103116485777,2.7094103116485777,,False,3.689458619587638e-10,0,0,0,0,2.7094103116485777,2.7094103116485777,True,MID_T1_D0,R0,R0,
57,NO_DEMONSTRATED_GAIN,True,False,False,98,98,0,2.7094103116485777,2.7094103116485777,,False,3.689458619587638e-10,0,0,0,0,2.7094103116485777,2.7094103116485777,True,MID_T1_D0,R0,S0,
57,NO_DEMONSTRATED_GAIN,True,False,False,98,98,0,2.7094103116485777,2.7094103116485777,,False,3.689458619587638e-10,0,0,0,0,2.7094103116485777,2.7094103116485777,True,MID_T1_D0,R0,G0,
57,NO_DEMONSTRATED_GAIN,True,False,False,98,98,0,2.7094103116485777,2.7094103116485777,,False,3.689458619587638e-10,0,0,0,0,2.7094103116485777,2.7094103116485777,True,MID_T1_D0,S0,R0,
57,NO_DEMONSTRATED_GAIN,True,False,False,98,98,0,2.7094103116485777,2.7094103116485777,,False,3.689458619587638e-10,0,0,0,0,2.7094103116485777,2.7094103116485777,True,MID_T1_D0,S0,S0,
57,NO_DEMONSTRATED_GAIN,True,False,False,98,98,0,2.7094103116485777,2.7094103116485777,,False,3.689458619587638e-10,0,0,0,0,2.7094103116485777,2.7094103116485777,True,MID_T1_D0,S0,G0,
57,NO_DEMONSTRATED_GAIN,True,False,False,98,98,0,2.7094103116485777,2.7094103116485777,,False,3.689458619587638e-10,0,0,0,0,2.7094103116485777,2.7094103116485777,True,MID_T1_D0,G0,R0,
57,NO_DEMONSTRATED_GAIN,True,False,False,98,98,0,2.7094103116485777,2.7094103116485777,,False,3.689458619587638e-10,0,0,0,0,2.7094103116485777,2.7094103116485777,True,MID_T1_D0,G0,S0,
57,NO_DEMONSTRATED_GAIN,True,False,False,98,98,0,2.7094103116485777,2.7094103116485777,,False,3.689458619587638e-10,0,0,0,0,2.7094103116485777,2.7094103116485777,True,MID_T1_D0,G0,G0,
911,NO_DEMONSTRATED_GAIN,True,False,False,60,60,0,34.18339287041325,34.18339287041325,,False,3.329099828479832e-10,0,0,0,0,4.649548699245321,4.649548699245321,True,MID_T1_D0,R0,R0,
911,TRADEOFF,False,False,False,69,60,-9,34.18339287041325,,,False,3.329099828479832e-10,0,0,-4,-4,4.649548699245321,4.649548699245321,False,MID_T1_D0,R0,S0,COMMON_COVERED_IDENTITIES_LOST;COMMON_GEOMETRIC_PROTECTION_DEGRADED;RAW_WINDOW_COVERAGE_LOST;RAW_WINDOW_IDENTITIES_LOST
911,NO_DEMONSTRATED_GAIN,True,False,False,60,60,0,34.18339287041325,34.18339287041325,,False,3.329099828479832e-10,0,0,0,0,4.649548699245321,4.649548699245321,True,MID_T1_D0,R0,G0,
911,SUPPORTED_WITHIN_SCOPE,True,True,False,60,69,9,34.18339287041325,34.18339287041325,1.9782558349620973,False,3.329099828479832e-10,9,4.769791618786785,4,4,4.649548699245321,4.649548699245321,False,MID_T1_D0,S0,R0,
911,NO_DEMONSTRATED_GAIN,True,False,False,69,69,0,34.18339287041325,34.18339287041325,,False,3.329099828479832e-10,0,0,0,0,4.649548699245321,4.649548699245321,True,MID_T1_D0,S0,S0,
911,SUPPORTED_WITHIN_SCOPE,True,True,False,60,69,9,34.18339287041325,34.18339287041325,1.9782558349620973,False,3.329099828479832e-10,9,4.769791618786785,4,4,4.649548699245321,4.649548699245321,False,MID_T1_D0,S0,G0,
911,NO_DEMONSTRATED_GAIN,True,False,False,60,60,0,34.18339287041325,34.18339287041325,,False,3.329099828479832e-10,0,0,0,0,4.649548699245321,4.649548699245321,True,MID_T1_D0,G0,R0,
911,TRADEOFF,False,False,False,69,60,-9,34.18339287041325,,,False,3.329099828479832e-10,0,0,-4,-4,4.649548699245321,4.649548699245321,False,MID_T1_D0,G0,S0,COMMON_COVERED_IDENTITIES_LOST;COMMON_GEOMETRIC_PROTECTION_DEGRADED;RAW_WINDOW_COVERAGE_LOST;RAW_WINDOW_IDENTITIES_LOST
911,NO_DEMONSTRATED_GAIN,True,False,False,60,60,0,34.18339287041325,34.18339287041325,,False,3.329099828479832e-10,0,0,0,0,4.649548699245321,4.649548699245321,True,MID_T1_D0,G0,G0,
2131,NO_DEMONSTRATED_GAIN,True,False,False,136,136,0,20.12548473467369,20.12548473467369,,False,2.7981788425908306e-10,0,0,0,0,4.780200528253784,4.780200528253784,True,MID_T1_D1,R0,R0,
2131,NO_DEMONSTRATED_GAIN,True,False,False,136,136,0,20.12548473467369,20.12548473467369,,False,2.7981788425908306e-10,0,0,0,0,4.780200528253784,4.780200528253784,True,MID_T1_D1,R0,S0,
2131,NO_DEMONSTRATED_GAIN,True,False,False,136,136,0,20.12548473467369,20.12548473467369,,False,2.7981788425908306e-10,0,0,0,0,4.780200528253784,4.780200528253784,True,MID_T1_D1,R0,G0,
2131,NO_DEMONSTRATED_GAIN,True,False,False,136,136,0,20.12548473467369,20.12548473467369,,False,2.7981788425908306e-10,0,0,0,0,4.780200528253784,4.780200528253784,True,MID_T1_D1,S0,R0,
2131,NO_DEMONSTRATED_GAIN,True,False,False,136,136,0,20.12548473467369,20.12548473467369,,False,2.7981788425908306e-10,0,0,0,0,4.780200528253784,4.780200528253784,True,MID_T1_D1,S0,S0,
2131,NO_DEMONSTRATED_GAIN,True,False,False,136,136,0,20.12548473467369,20.12548473467369,,False,2.7981788425908306e-10,0,0,0,0,4.780200528253784,4.780200528253784,True,MID_T1_D1,S0,G0,
2131,NO_DEMONSTRATED_GAIN,True,False,False,136,136,0,20.12548473467369,20.12548473467369,,False,2.7981788425908306e-10,0,0,0,0,4.780200528253784,4.780200528253784,True,MID_T1_D1,G0,R0,
2131,NO_DEMONSTRATED_GAIN,True,False,False,136,136,0,20.12548473467369,20.12548473467369,,False,2.7981788425908306e-10,0,0,0,0,4.780200528253784,4.780200528253784,True,MID_T1_D1,G0,S0,
2131,NO_DEMONSTRATED_GAIN,True,False,False,136,136,0,20.12548473467369,20.12548473467369,,False,2.7981788425908306e-10,0,0,0,0,4.780200528253784,4.780200528253784,True,MID_T1_D1,G0,G0,
200,NO_DEMONSTRATED_GAIN,True,False,False,0,0,0,,,,False,1.2634621768755319e-10,0,0,0,0,,,True,MID_T1_D1,R0,R0,
200,TRADEOFF,False,False,False,100,0,-100,2.3754117000085904,,,False,1.2634621768755319e-10,0,0,-4,-4,,2.3754117000085904,False,MID_T1_D1,R0,S0,COMMON_COVERED_IDENTITIES_LOST;COMMON_GEOMETRIC_PROTECTION_DEGRADED;RAW_WINDOW_COVERAGE_LOST;RAW_WINDOW_IDENTITIES_LOST;RECORD_COVERAGE_LOST
200,NO_DEMONSTRATED_GAIN,True,False,False,0,0,0,,,,False,1.2634621768755319e-10,0,0,0,0,,,True,MID_T1_D1,R0,G0,
200,SUPPORTED_WITHIN_SCOPE,True,True,False,0,100,100,,,2.3754117000085904,False,1.2634621768755319e-10,100,85.7658015361113,4,4,2.3754117000085904,,False,MID_T1_D1,S0,R0,
200,NO_DEMONSTRATED_GAIN,True,False,False,100,100,0,2.3754117000085904,2.3754117000085904,,False,1.2634621768755319e-10,0,0,0,0,2.3754117000085904,2.3754117000085904,True,MID_T1_D1,S0,S0,
200,SUPPORTED_WITHIN_SCOPE,True,True,False,0,100,100,,,2.3754117000085904,False,1.2634621768755319e-10,100,85.7658015361113,4,4,2.3754117000085904,,False,MID_T1_D1,S0,G0,
200,NO_DEMONSTRATED_GAIN,True,False,False,0,0,0,,,,False,1.2634621768755319e-10,0,0,0,0,,,True,MID_T1_D1,G0,R0,
200,TRADEOFF,False,False,False,100,0,-100,2.3754117000085904,,,False,1.2634621768755319e-10,0,0,-4,-4,,2.3754117000085904,False,MID_T1_D1,G0,S0,COMMON_COVERED_IDENTITIES_LOST;COMMON_GEOMETRIC_PROTECTION_DEGRADED;RAW_WINDOW_COVERAGE_LOST;RAW_WINDOW_IDENTITIES_LOST;RECORD_COVERAGE_LOST
200,NO_DEMONSTRATED_GAIN,True,False,False,0,0,0,,,,False,1.2634621768755319e-10,0,0,0,0,,,True,MID_T1_D1,G0,G0,
9097,NO_DEMONSTRATED_GAIN,True,False,False,113,113,0,31.89608166776602,31.89608166776602,,False,1.7288171452108542e-10,0,0,0,0,4.7284775720439,4.7284775720439,True,MID_T1_D1,R0,R0,
9097,NO_DEMONSTRATED_GAIN,True,False,False,113,113,0,31.89608166776602,31.89608166776602,,False,1.7288171452108542e-10,0,0,0,0,4.7284775720439,4.7284775720439,True,MID_T1_D1,R0,S0,
9097,NO_DEMONSTRATED_GAIN,True,False,False,113,113,0,31.89608166776602,31.89608166776602,,False,1.7288171452108542e-10,0,0,0,0,4.7284775720439,4.7284775720439,True,MID_T1_D1,R0,G0,
9097,NO_DEMONSTRATED_GAIN,True,False,False,113,113,0,31.89608166776602,31.89608166776602,,False,1.7288171452108542e-10,0,0,0,0,4.7284775720439,4.7284775720439,True,MID_T1_D1,S0,R0,
9097,NO_DEMONSTRATED_GAIN,True,False,False,113,113,0,31.89608166776602,31.89608166776602,,False,1.7288171452108542e-10,0,0,0,0,4.7284775720439,4.7284775720439,True,MID_T1_D1,S0,S0,
9097,NO_DEMONSTRATED_GAIN,True,False,False,113,113,0,31.89608166776602,31.89608166776602,,False,1.7288171452108542e-10,0,0,0,0,4.7284775720439,4.7284775720439,True,MID_T1_D1,S0,G0,
9097,NO_DEMONSTRATED_GAIN,True,False,False,113,113,0,31.89608166776602,31.89608166776602,,False,1.7288171452108542e-10,0,0,0,0,4.7284775720439,4.7284775720439,True,MID_T1_D1,G0,R0,
9097,NO_DEMONSTRATED_GAIN,True,False,False,113,113,0,31.89608166776602,31.89608166776602,,False,1.7288171452108542e-10,0,0,0,0,4.7284775720439,4.7284775720439,True,MID_T1_D1,G0,S0,
9097,NO_DEMONSTRATED_GAIN,True,False,False,113,113,0,31.89608166776602,31.89608166776602,,False,1.7288171452108542e-10,0,0,0,0,4.7284775720439,4.7284775720439,True,MID_T1_D1,G0,G0,
7190,NO_DEMONSTRATED_GAIN,True,False,False,41,41,0,14.321705483670003,14.321705483670003,,False,3.382716286454203e-10,0,0,0,0,4.334265294180108,4.334265294180108,True,MID_T1_D1,R0,R0,
7190,TRADEOFF,False,False,False,51,41,-10,14.321705483670003,,,False,3.382716286454203e-10,0,0,-5,-5,4.334265294180108,4.334265294180108,False,MID_T1_D1,R0,S0,COMMON_COVERED_IDENTITIES_LOST;COMMON_GEOMETRIC_PROTECTION_DEGRADED;RAW_WINDOW_COVERAGE_LOST;RAW_WINDOW_IDENTITIES_LOST
7190,NO_DEMONSTRATED_GAIN,True,False,False,41,41,0,14.321705483670003,14.321705483670003,,False,3.382716286454203e-10,0,0,0,0,4.334265294180108,4.334265294180108,True,MID_T1_D1,R0,G0,
7190,SUPPORTED_WITHIN_SCOPE,True,True,False,41,51,10,14.321705483670003,14.321705483670003,1.5009332680667582,False,3.382716286454203e-10,10,2.0286719987522193,5,5,4.334265294180108,4.334265294180108,False,MID_T1_D1,S0,R0,
7190,NO_DEMONSTRATED_GAIN,True,False,False,51,51,0,14.321705483670003,14.321705483670003,,False,3.382716286454203e-10,0,0,0,0,4.334265294180108,4.334265294180108,True,MID_T1_D1,S0,S0,
7190,SUPPORTED_WITHIN_SCOPE,True,True,False,41,51,10,14.321705483670003,14.321705483670003,1.5009332680667582,False,3.382716286454203e-10,10,2.0286719987522193,5,5,4.334265294180108,4.334265294180108,False,MID_T1_D1,S0,G0,
7190,NO_DEMONSTRATED_GAIN,True,False,False,41,41,0,14.321705483670003,14.321705483670003,,False,3.382716286454203e-10,0,0,0,0,4.334265294180108,4.334265294180108,True,MID_T1_D1,G0,R0,
7190,TRADEOFF,False,False,False,51,41,-10,14.321705483670003,,,False,3.382716286454203e-10,0,0,-5,-5,4.334265294180108,4.334265294180108,False,MID_T1_D1,G0,S0,COMMON_COVERED_IDENTITIES_LOST;COMMON_GEOMETRIC_PROTECTION_DEGRADED;RAW_WINDOW_COVERAGE_LOST;RAW_WINDOW_IDENTITIES_LOST
7190,NO_DEMONSTRATED_GAIN,True,False,False,41,41,0,14.321705483670003,14.321705483670003,,False,3.382716286454203e-10,0,0,0,0,4.334265294180108,4.334265294180108,True,MID_T1_D1,G0,G0,
2394,NO_DEMONSTRATED_GAIN,True,False,False,100,100,0,47.910093102822685,47.910093102822685,,False,1.9616242542043543e-10,0,0,0,0,3.9165406581450046,3.9165406581450046,True,MID_T1_D1,R0,R0,
2394,NO_DEMONSTRATED_GAIN,True,False,False,100,100,0,47.910093102822685,47.910093102822685,,False,1.9616242542043543e-10,0,0,0,0,3.9165406581450046,3.9165406581450046,True,MID_T1_D1,R0,S0,
2394,NO_DEMONSTRATED_GAIN,True,False,False,100,100,0,47.910093102822685,47.910093102822685,,False,1.9616242542043543e-10,0,0,0,0,3.9165406581450046,3.9165406581450046,True,MID_T1_D1,R0,G0,
2394,NO_DEMONSTRATED_GAIN,True,False,False,100,100,0,47.910093102822685,47.910093102822685,,False,1.9616242542043543e-10,0,0,0,0,3.9165406581450046,3.9165406581450046,True,MID_T1_D1,S0,R0,
2394,NO_DEMONSTRATED_GAIN,True,False,False,100,100,0,47.910093102822685,47.910093102822685,,False,1.9616242542043543e-10,0,0,0,0,3.9165406581450046,3.9165406581450046,True,MID_T1_D1,S0,S0,
2394,NO_DEMONSTRATED_GAIN,True,False,False,100,100,0,47.910093102822685,47.910093102822685,,False,1.9616242542043543e-10,0,0,0,0,3.9165406581450046,3.9165406581450046,True,MID_T1_D1,S0,G0,
2394,NO_DEMONSTRATED_GAIN,True,False,False,100,100,0,47.910093102822685,47.910093102822685,,False,1.9616242542043543e-10,0,0,0,0,3.9165406581450046,3.9165406581450046,True,MID_T1_D1,G0,R0,
2394,NO_DEMONSTRATED_GAIN,True,False,False,100,100,0,47.910093102822685,47.910093102822685,,False,1.9616242542043543e-10,0,0,0,0,3.9165406581450046,3.9165406581450046,True,MID_T1_D1,G0,S0,
2394,NO_DEMONSTRATED_GAIN,True,False,False,100,100,0,47.910093102822685,47.910093102822685,,False,1.9616242542043543e-10,0,0,0,0,3.9165406581450046,3.9165406581450046,True,MID_T1_D1,G0,G0,
5129,NO_DEMONSTRATED_GAIN,True,False,False,35,35,0,3.62287093666578,3.62287093666578,,False,7.292524817869332e-11,0,0,0,0,3.62287093666578,3.62287093666578,True,MID_T1_D1,R0,R0,
5129,TRADEOFF,False,False,False,102,35,-67,3.62287093666578,,,False,7.292524817869332e-11,0,0,-4,-4,3.62287093666578,3.62287093666578,False,MID_T1_D1,R0,S0,COMMON_COVERED_IDENTITIES_LOST;COMMON_GEOMETRIC_PROTECTION_DEGRADED;RAW_WINDOW_COVERAGE_LOST;RAW_WINDOW_IDENTITIES_LOST
5129,NO_DEMONSTRATED_GAIN,True,False,False,35,35,0,3.62287093666578,3.62287093666578,,False,7.292524817869332e-11,0,0,0,0,3.62287093666578,3.62287093666578,True,MID_T1_D1,R0,G0,
5129,SUPPORTED_WITHIN_SCOPE,True,True,False,35,102,67,3.62287093666578,3.62287093666578,0.9332388321995527,False,7.292524817869332e-11,67,26.05834199157126,4,4,3.62287093666578,3.62287093666578,False,MID_T1_D1,S0,R0,
5129,NO_DEMONSTRATED_GAIN,True,False,False,102,102,0,3.62287093666578,3.62287093666578,,False,7.292524817869332e-11,0,0,0,0,3.62287093666578,3.62287093666578,True,MID_T1_D1,S0,S0,
5129,SUPPORTED_WITHIN_SCOPE,True,True,False,35,102,67,3.62287093666578,3.62287093666578,0.9332388321995527,False,7.292524817869332e-11,67,26.05834199157126,4,4,3.62287093666578,3.62287093666578,False,MID_T1_D1,S0,G0,
5129,NO_DEMONSTRATED_GAIN,True,False,False,35,35,0,3.62287093666578,3.62287093666578,,False,7.292524817869332e-11,0,0,0,0,3.62287093666578,3.62287093666578,True,MID_T1_D1,G0,R0,
5129,TRADEOFF,False,False,False,102,35,-67,3.62287093666578,,,False,7.292524817869332e-11,0,0,-4,-4,3.62287093666578,3.62287093666578,False,MID_T1_D1,G0,S0,COMMON_COVERED_IDENTITIES_LOST;COMMON_GEOMETRIC_PROTECTION_DEGRADED;RAW_WINDOW_COVERAGE_LOST;RAW_WINDOW_IDENTITIES_LOST
5129,NO_DEMONSTRATED_GAIN,True,False,False,35,35,0,3.62287093666578,3.62287093666578,,False,7.292524817869332e-11,0,0,0,0,3.62287093666578,3.62287093666578,True,MID_T1_D1,G0,G0,
1307,NO_DEMONSTRATED_GAIN,True,False,False,75,75,0,14.986760653993684,14.986760653993684,,False,1.3494255180024165e-10,0,0,0,0,2.469302309252254,2.469302309252254,True,MID_T1_D1,R0,R0,
1307,TRADEOFF,False,False,False,103,75,-28,14.986760653993684,,,False,1.3494255180024165e-10,0,0,-2,-2,2.469302309252254,2.7502017606288933,False,MID_T1_D1,R0,S0,COMMON_COVERED_IDENTITIES_LOST;COMMON_GEOMETRIC_PROTECTION_DEGRADED;RAW_WINDOW_COVERAGE_LOST;RAW_WINDOW_IDENTITIES_LOST
1307,NO_DEMONSTRATED_GAIN,True,False,False,75,75,0,14.986760653993684,14.986760653993684,,False,1.3494255180024165e-10,0,0,0,0,2.469302309252254,2.469302309252254,True,MID_T1_D1,R0,G0,
1307,SUPPORTED_WITHIN_SCOPE,True,True,False,75,103,28,14.986760653993684,14.986760653993684,6.685988483195381,False,1.3494255180024165e-10,28,9.742648908511471,2,2,2.7502017606288933,2.469302309252254,False,MID_T1_D1,S0,R0,
1307,NO_DEMONSTRATED_GAIN,True,False,False,103,103,0,14.986760653993684,14.986760653993684,,False,1.3494255180024165e-10,0,0,0,0,2.7502017606288933,2.7502017606288933,True,MID_T1_D1,S0,S0,
1307,SUPPORTED_WITHIN_SCOPE,True,True,False,75,103,28,14.986760653993684,14.986760653993684,6.685988483195381,False,1.3494255180024165e-10,28,9.742648908511471,2,2,2.7502017606288933,2.469302309252254,False,MID_T1_D1,S0,G0,
1307,NO_DEMONSTRATED_GAIN,True,False,False,75,75,0,14.986760653993684,14.986760653993684,,False,1.3494255180024165e-10,0,0,0,0,2.469302309252254,2.469302309252254,True,MID_T1_D1,G0,R0,
1307,TRADEOFF,False,False,False,103,75,-28,14.986760653993684,,,False,1.3494255180024165e-10,0,0,-2,-2,2.469302309252254,2.7502017606288933,False,MID_T1_D1,G0,S0,COMMON_COVERED_IDENTITIES_LOST;COMMON_GEOMETRIC_PROTECTION_DEGRADED;RAW_WINDOW_COVERAGE_LOST;RAW_WINDOW_IDENTITIES_LOST
1307,NO_DEMONSTRATED_GAIN,True,False,False,75,75,0,14.986760653993684,14.986760653993684,,False,1.3494255180024165e-10,0,0,0,0,2.469302309252254,2.469302309252254,True,MID_T1_D1,G0,G0,
5791,NO_DEMONSTRATED_GAIN,True,False,False,99,99,0,12.312026141373416,12.312026141373416,,False,6.013098462477638e-11,0,0,0,0,4.653539672916366,4.653539672916366,True,MID_T1_D1,R0,R0,
5791,NO_DEMONSTRATED_GAIN,True,False,False,99,99,0,12.312026141373416,12.312026141373416,,False,6.013098462477638e-11,0,0,0,0,4.653539672916366,4.653539672916366,True,MID_T1_D1,R0,S0,
5791,NO_DEMONSTRATED_GAIN,True,False,False,99,99,0,12.312026141373416,12.312026141373416,,False,6.013098462477638e-11,0,0,0,0,4.653539672916366,4.653539672916366,True,MID_T1_D1,R0,G0,
5791,NO_DEMONSTRATED_GAIN,True,False,False,99,99,0,12.312026141373416,12.312026141373416,,False,6.013098462477638e-11,0,0,0,0,4.653539672916366,4.653539672916366,True,MID_T1_D1,S0,R0,
5791,NO_DEMONSTRATED_GAIN,True,False,False,99,99,0,12.312026141373416,12.312026141373416,,False,6.013098462477638e-11,0,0,0,0,4.653539672916366,4.653539672916366,True,MID_T1_D1,S0,S0,
5791,NO_DEMONSTRATED_GAIN,True,False,False,99,99,0,12.312026141373416,12.312026141373416,,False,6.013098462477638e-11,0,0,0,0,4.653539672916366,4.653539672916366,True,MID_T1_D1,S0,G0,
5791,NO_DEMONSTRATED_GAIN,True,False,False,99,99,0,12.312026141373416,12.312026141373416,,False,6.013098462477638e-11,0,0,0,0,4.653539672916366,4.653539672916366,True,MID_T1_D1,G0,R0,
5791,NO_DEMONSTRATED_GAIN,True,False,False,99,99,0,12.312026141373416,12.312026141373416,,False,6.013098462477638e-11,0,0,0,0,4.653539672916366,4.653539672916366,True,MID_T1_D1,G0,S0,
5791,NO_DEMONSTRATED_GAIN,True,False,False,99,99,0,12.312026141373416,12.312026141373416,,False,6.013098462477638e-11,0,0,0,0,4.653539672916366,4.653539672916366,True,MID_T1_D1,G0,G0,
3371,NO_DEMONSTRATED_GAIN,True,False,False,101,101,0,2.570304936563746,2.570304936563746,,False,2.7059828282254013e-10,0,0,0,0,2.570304936563746,2.570304936563746,True,MID_T1_D1,R0,R0,
3371,NO_DEMONSTRATED_GAIN,True,False,False,101,101,0,2.570304936563746,2.570304936563746,,False,2.7059828282254013e-10,0,0,0,0,2.570304936563746,2.570304936563746,True,MID_T1_D1,R0,S0,
3371,NO_DEMONSTRATED_GAIN,True,False,False,101,101,0,2.570304936563746,2.570304936563746,,False,2.7059828282254013e-10,0,0,0,0,2.570304936563746,2.570304936563746,True,MID_T1_D1,R0,G0,
3371,NO_DEMONSTRATED_GAIN,True,False,False,101,101,0,2.570304936563746,2.570304936563746,,False,2.7059828282254013e-10,0,0,0,0,2.570304936563746,2.570304936563746,True,MID_T1_D1,S0,R0,
3371,NO_DEMONSTRATED_GAIN,True,False,False,101,101,0,2.570304936563746,2.570304936563746,,False,2.7059828282254013e-10,0,0,0,0,2.570304936563746,2.570304936563746,True,MID_T1_D1,S0,S0,
3371,NO_DEMONSTRATED_GAIN,True,False,False,101,101,0,2.570304936563746,2.570304936563746,,False,2.7059828282254013e-10,0,0,0,0,2.570304936563746,2.570304936563746,True,MID_T1_D1,S0,G0,
3371,NO_DEMONSTRATED_GAIN,True,False,False,101,101,0,2.570304936563746,2.570304936563746,,False,2.7059828282254013e-10,0,0,0,0,2.570304936563746,2.570304936563746,True,MID_T1_D1,G0,R0,
3371,NO_DEMONSTRATED_GAIN,True,False,False,101,101,0,2.570304936563746,2.570304936563746,,False,2.7059828282254013e-10,0,0,0,0,2.570304936563746,2.570304936563746,True,MID_T1_D1,G0,S0,
3371,NO_DEMONSTRATED_GAIN,True,False,False,101,101,0,2.570304936563746,2.570304936563746,,False,2.7059828282254013e-10,0,0,0,0,2.570304936563746,2.570304936563746,True,MID_T1_D1,G0,G0,
4380,NO_DEMONSTRATED_GAIN,True,False,False,112,112,0,25.509078594345233,25.509078594345233,,False,3.0861342768990014e-10,0,0,0,0,3.7966069955034794,3.7966069955034794,True,MID_T1_D1,R0,R0,
4380,NO_DEMONSTRATED_GAIN,True,False,False,112,112,0,25.509078594345233,25.509078594345233,,False,3.0861342768990014e-10,0,0,0,0,3.7966069955034794,3.7966069955034794,True,MID_T1_D1,R0,S0,
4380,NO_DEMONSTRATED_GAIN,True,False,False,112,112,0,25.509078594345233,25.509078594345233,,False,3.0861342768990014e-10,0,0,0,0,3.7966069955034794,3.7966069955034794,True,MID_T1_D1,R0,G0,
4380,NO_DEMONSTRATED_GAIN,True,False,False,112,112,0,25.509078594345233,25.509078594345233,,False,3.0861342768990014e-10,0,0,0,0,3.7966069955034794,3.7966069955034794,True,MID_T1_D1,S0,R0,
4380,NO_DEMONSTRATED_GAIN,True,False,False,112,112,0,25.509078594345233,25.509078594345233,,False,3.0861342768990014e-10,0,0,0,0,3.7966069955034794,3.7966069955034794,True,MID_T1_D1,S0,S0,
4380,NO_DEMONSTRATED_GAIN,True,False,False,112,112,0,25.509078594345233,25.509078594345233,,False,3.0861342768990014e-10,0,0,0,0,3.7966069955034794,3.7966069955034794,True,MID_T1_D1,S0,G0,
4380,NO_DEMONSTRATED_GAIN,True,False,False,112,112,0,25.509078594345233,25.509078594345233,,False,3.0861342768990014e-10,0,0,0,0,3.7966069955034794,3.7966069955034794,True,MID_T1_D1,G0,R0,
4380,NO_DEMONSTRATED_GAIN,True,False,False,112,112,0,25.509078594345233,25.509078594345233,,False,3.0861342768990014e-10,0,0,0,0,3.7966069955034794,3.7966069955034794,True,MID_T1_D1,G0,S0,
4380,NO_DEMONSTRATED_GAIN,True,False,False,112,112,0,25.509078594345233,25.509078594345233,,False,3.0861342768990014e-10,0,0,0,0,3.7966069955034794,3.7966069955034794,True,MID_T1_D1,G0,G0,
4415,NO_DEMONSTRATED_GAIN,True,False,False,90,90,0,7.374805442824163,7.374805442824163,,False,2.977310289946865e-10,0,0,0,0,4.6498668226499555,4.6498668226499555,True,MID_T1_D1,R0,R0,
4415,TRADEOFF,False,False,False,105,90,-15,7.374805442824163,,,False,2.977310289946865e-10,0,0,-4,-4,4.6498668226499555,4.6498668226499555,False,MID_T1_D1,R0,S0,COMMON_COVERED_IDENTITIES_LOST;COMMON_GEOMETRIC_PROTECTION_DEGRADED;RAW_WINDOW_COVERAGE_LOST;RAW_WINDOW_IDENTITIES_LOST
4415,NO_DEMONSTRATED_GAIN,True,False,False,90,90,0,7.374805442824163,7.374805442824163,,False,2.977310289946865e-10,0,0,0,0,4.6498668226499555,4.6498668226499555,True,MID_T1_D1,R0,G0,
4415,SUPPORTED_WITHIN_SCOPE,True,True,False,90,105,15,7.374805442824163,7.374805442824163,0.0,False,2.977310289946865e-10,15,0.0,4,4,4.6498668226499555,4.6498668226499555,False,MID_T1_D1,S0,R0,
4415,NO_DEMONSTRATED_GAIN,True,False,False,105,105,0,7.374805442824163,7.374805442824163,,False,2.977310289946865e-10,0,0,0,0,4.6498668226499555,4.6498668226499555,True,MID_T1_D1,S0,S0,
4415,SUPPORTED_WITHIN_SCOPE,True,True,False,90,105,15,7.374805442824163,7.374805442824163,0.0,False,2.977310289946865e-10,15,0.0,4,4,4.6498668226499555,4.6498668226499555,False,MID_T1_D1,S0,G0,
4415,NO_DEMONSTRATED_GAIN,True,False,False,90,90,0,7.374805442824163,7.374805442824163,,False,2.977310289946865e-10,0,0,0,0,4.6498668226499555,4.6498668226499555,True,MID_T1_D1,G0,R0,
4415,TRADEOFF,False,False,False,105,90,-15,7.374805442824163,,,False,2.977310289946865e-10,0,0,-4,-4,4.6498668226499555,4.6498668226499555,False,MID_T1_D1,G0,S0,COMMON_COVERED_IDENTITIES_LOST;COMMON_GEOMETRIC_PROTECTION_DEGRADED;RAW_WINDOW_COVERAGE_LOST;RAW_WINDOW_IDENTITIES_LOST
4415,NO_DEMONSTRATED_GAIN,True,False,False,90,90,0,7.374805442824163,7.374805442824163,,False,2.977310289946865e-10,0,0,0,0,4.6498668226499555,4.6498668226499555,True,MID_T1_D1,G0,G0,
11148,NO_DEMONSTRATED_GAIN,True,False,False,105,105,0,7.780410164901997,7.780410164901997,,False,3.393835817160405e-10,0,0,0,0,4.793197742337379,4.793197742337379,True,MID_T1_D1,R0,R0,
11148,NO_DEMONSTRATED_GAIN,True,False,False,105,105,0,7.780410164901997,7.780410164901997,,False,3.393835817160405e-10,0,0,0,0,4.793197742337379,4.793197742337379,True,MID_T1_D1,R0,S0,
11148,NO_DEMONSTRATED_GAIN,True,False,False,105,105,0,7.780410164901997,7.780410164901997,,False,3.393835817160405e-10,0,0,0,0,4.793197742337379,4.793197742337379,True,MID_T1_D1,R0,G0,
11148,NO_DEMONSTRATED_GAIN,True,False,False,105,105,0,7.780410164901997,7.780410164901997,,False,3.393835817160405e-10,0,0,0,0,4.793197742337379,4.793197742337379,True,MID_T1_D1,S0,R0,
11148,NO_DEMONSTRATED_GAIN,True,False,False,105,105,0,7.780410164901997,7.780410164901997,,False,3.393835817160405e-10,0,0,0,0,4.793197742337379,4.793197742337379,True,MID_T1_D1,S0,S0,
11148,NO_DEMONSTRATED_GAIN,True,False,False,105,105,0,7.780410164901997,7.780410164901997,,False,3.393835817160405e-10,0,0,0,0,4.793197742337379,4.793197742337379,True,MID_T1_D1,S0,G0,
11148,NO_DEMONSTRATED_GAIN,True,False,False,105,105,0,7.780410164901997,7.780410164901997,,False,3.393835817160405e-10,0,0,0,0,4.793197742337379,4.793197742337379,True,MID_T1_D1,G0,R0,
11148,NO_DEMONSTRATED_GAIN,True,False,False,105,105,0,7.780410164901997,7.780410164901997,,False,3.393835817160405e-10,0,0,0,0,4.793197742337379,4.793197742337379,True,MID_T1_D1,G0,S0,
11148,NO_DEMONSTRATED_GAIN,True,False,False,105,105,0,7.780410164901997,7.780410164901997,,False,3.393835817160405e-10,0,0,0,0,4.793197742337379,4.793197742337379,True,MID_T1_D1,G0,G0,
