run_role,run_id,partition,experiment_key,config_id,order,dt,distance,min_points,min_length,direction,dp,result_sha256,engineering_status,record_id,safety_failure,lost_baseline_covered_indices,crossing_edges,D_windows_across_raw_breaks,P_removed_original_trigger_indices,P_before_S,P_before_D,D_input_neighbourhood_changed_from_reference,reference_D_input_indices,actual_D_input_indices,n_filtered,all_filtered,no_output,engineering_error_claim
order_development,g2-development-orders-02,DEVELOPMENT,142cb2ea925276defa8ef83b12e12c4040537d45af717f7d244952cdf0165f8f,cfg-b15b8281b73592fb,S-P-D,30,400,5,65,35,5,cfbe9cd91f81c6c8caac246d6221bb231c75f4e6bd9eef9fcb0743980f44352c,VERIFIED,3549,False,[],[],[],[],False,True,True,"[[2,3,4,5,6],[7,8,9,10,11],[12,13,14,15,16],[17,18,19,20,21,22,23,24,25,26,27,28,29,30,31,32,33,34,35,36,37,38,39,40,41,42,43,44,45,46,47],[48,49,50,51,52],[53,54,55,56,57,58,59,60,61,62],[63,64,65,66,67,68,69,70,71,72,73,74],[75,76,77,78,79],[80,81,82,83,84],[85,86,87,88,89,90,91,92,93]]","[[2,3,4,6],[7,9,11],[12,13,14,16],[17,18,25,27,35,37,38,39,41,42,44,45,47],[48,50,51,52],[53,58,60,61,62],[63,67,69,72,73,74],[75,77,78,79],[80,81,84],[85,89,91,92,93]]",2,False,False,False
order_development,g2-development-orders-02,DEVELOPMENT,142cb2ea925276defa8ef83b12e12c4040537d45af717f7d244952cdf0165f8f,cfg-b15b8281b73592fb,S-P-D,30,400,5,65,35,5,cfbe9cd91f81c6c8caac246d6221bb231c75f4e6bd9eef9fcb0743980f44352c,VERIFIED,3203,False,[],[],[],[],False,True,True,"[[0,1,2,3,4,5,6,7,8,9,10,11,12,13,14,15,16,17,18,19,20,21,22,23,24,25,26,27,28,29,30,31,32,33,34,35,36,37,38,39,40,41,42,43,44,45,46,47,48,49,50,51,52,53,54,55,56,57,58,59,60],[61,62,63,64,65,66,67,68,69,70,71,72,73,74,75,76,77,78,79,80,81,82,83,84,85,86,87,88,89,90,91,92,93,94,95,96,97,98,99,100,101,102,103,104,105,106,107,108,109]]","[[0,1,2,8,9,11,12,18,19,20,28,29,30,37,38,45,47,48,49,50,51,52,53,54,55,56,58,60],[61,64,68,69,70,71,73,77,79,81,82,83,86,92,93,95,99,109]]",0,False,False,False
order_development,g2-development-orders-02,DEVELOPMENT,142cb2ea925276defa8ef83b12e12c4040537d45af717f7d244952cdf0165f8f,cfg-b15b8281b73592fb,S-P-D,30,400,5,65,35,5,cfbe9cd91f81c6c8caac246d6221bb231c75f4e6bd9eef9fcb0743980f44352c,VERIFIED,867,False,[],[],[],[],False,True,True,"[[5,6,7,8,9],[10,11,12,13,14,15],[16,17,18,19,20],[25,26,27,28,29,30,31,32,33,34,35],[36,37,38,39,40],[41,42,43,44,45,46,47,48,49,50,51,52,53,54,55,56,57],[58,59,60,61,62],[63,64,65,66,67,68,69,70,71,72,73],[74,75,76,77,78],[79,80,81,82,83],[84,85,86,87,88],[89,90,91,92,93]]","[[5,7,9],[10,15],[16,20],[25,33,34,35],[36,40],[41,57],[58,62],[63,64,65,70,71,72,73],[74,75,78],[79,83],[84,87,88],[89,93]]",16,False,False,False
order_development,g2-development-orders-02,DEVELOPMENT,142cb2ea925276defa8ef83b12e12c4040537d45af717f7d244952cdf0165f8f,cfg-b15b8281b73592fb,S-P-D,30,400,5,65,35,5,cfbe9cd91f81c6c8caac246d6221bb231c75f4e6bd9eef9fcb0743980f44352c,VERIFIED,10449,False,[],[],[],[],False,True,True,"[[0,1,2,3,4,5,6,7,8,9,10,11,12,13,14,15,16,17,18,19,20,21,22,23,24,25,26,27,28,29,30,31,32,33,34,35,36,37,38,39,40,41,42,43,44,45,46,47,48,49,50,51,52,53,54,55,56,57,58,59,60,61,62,63,64,65,66,67,68,69,70,71,72,73,74,75,76],[77,78,79,80,81,82,83,84,85,86,87,88,89,90,91,92,93,94,95,96]]","[[0,9,12,13,14,17,20,23,25,26,27,28,39,41,42,43,44,45,46,47,48,49,50,56,57,58,59,63,65,66,70,71,72,74,76],[77,81,82,84,85,86,87,92,96]]",4,False,False,False
order_development,g2-development-orders-02,DEVELOPMENT,142cb2ea925276defa8ef83b12e12c4040537d45af717f7d244952cdf0165f8f,cfg-b15b8281b73592fb,S-P-D,30,400,5,65,35,5,cfbe9cd91f81c6c8caac246d6221bb231c75f4e6bd9eef9fcb0743980f44352c,VERIFIED,2308,False,[],[],[],[],False,True,True,"[[2,3,4,5,6],[11,12,13,14,15],[16,17,18,19,20,21,22,23,24,25,26,27,28,29,30,31,32,33,34,35,36,37,38,39,40,41,42]]","[[2,3,4,5,6],[11,15],[16,18,19,20,22,25,28,29,31,32,33,35,38,40,41,42]]",6,False,False,False
order_development,g2-development-orders-02,DEVELOPMENT,142cb2ea925276defa8ef83b12e12c4040537d45af717f7d244952cdf0165f8f,cfg-b15b8281b73592fb,S-P-D,30,400,5,65,35,5,cfbe9cd91f81c6c8caac246d6221bb231c75f4e6bd9eef9fcb0743980f44352c,VERIFIED,11355,False,[],[],[],[],False,True,True,"[[0,1,2,3,4,5,6,7,8,9,10,11,12,13,14,15,16,17,18,19,20,21,22,23,24,25,26,27,28,29,30,31,32,33,34,35,36,37,38,39,40,41,42,43,44,45,46,47,48,49,50,51,52,53,54,55,56,57,58,59,60,61,62,63,64,65,66,67,68,69,70,71,72,73,74,75,76,77,78,79,80,81,82,83,84,85,86,87,88],[90,91,92,93,94,95,96,97,98,99,100,101,102,103,104,105,106,107,108,109,110,111,112,113]]","[[0,1,2,3,4,6,8,12,13,17,18,19,20,21,22,23,24,26,27,28,31,33,34,36,40,41,46,47,48,49,50,52,53,63,65,70,73,75,77,79,83,84,85,87,88],[90,91,92,93,98,99,102,104,105,107,108,109,113]]",1,False,False,False
order_development,g2-development-orders-02,DEVELOPMENT,142cb2ea925276defa8ef83b12e12c4040537d45af717f7d244952cdf0165f8f,cfg-b15b8281b73592fb,S-P-D,30,400,5,65,35,5,cfbe9cd91f81c6c8caac246d6221bb231c75f4e6bd9eef9fcb0743980f44352c,VERIFIED,3357,False,[],[],[],[],False,True,True,"[[0,1,2,3,4,5,6,7,8,9,10,11,12,13,14,15,16,17,18,19,20,21,22,23,24,25,26,27,28,29,30,31,32,33,34,35,36,37,38,39,40,41,42,43,44,45,46,47,48,49,50,51,52,53,54,55,56,57,58,59,60,61,62,63,64,65,66,67,68,69,70,71,72,73,74,75],[76,77,78,79,80],[81,82,83,84,85],[86,87,88,89,90,91,92,93,94,95,96],[97,98,99,100,101]]","[[0,1,3,12,15,20,22,31,33,35,41,63,65,66,67,68,69,70,71,72,73,74,75],[76,80],[81,85],[86,87,89,90,91,92,95,96],[97,101]]",2,False,False,False
order_development,g2-development-orders-02,DEVELOPMENT,142cb2ea925276defa8ef83b12e12c4040537d45af717f7d244952cdf0165f8f,cfg-b15b8281b73592fb,S-P-D,30,400,5,65,35,5,cfbe9cd91f81c6c8caac246d6221bb231c75f4e6bd9eef9fcb0743980f44352c,VERIFIED,9779,False,[],[],[],[],False,True,True,"[[0,1,2,3,4,5,6,7,8,9,10,11,12,13,14,15,16,17,18,19,20,21,22,23,24,25,26,27,28,29,30,31,32,33,34,35,36,37,38,39,40,41,42,43,44,45,46,47,48,49,50,51,52,53,54,55,56,57,58,59,60,61,62,63,64,65,66,67,68,69,70,71,72,73,74,75,76,77,78,79,80,81,82,83,84,85,86,87,88,89,90,91,92,93,94,95,96,97,98,99,100,101,102,103,104,105,106]]","[[0,1,5,6,7,8,9,18,20,21,22,24,25,26,27,28,29,31,33,34,36,38,40,41,46,50,55,58,59,62,63,64,66,68,69,70,71,72,73,74,75,79,81,82,84,92,93,94,101,102,104,106]]",0,False,False,False
order_development,g2-development-orders-02,DEVELOPMENT,142cb2ea925276defa8ef83b12e12c4040537d45af717f7d244952cdf0165f8f,cfg-b15b8281b73592fb,S-P-D,30,400,5,65,35,5,cfbe9cd91f81c6c8caac246d6221bb231c75f4e6bd9eef9fcb0743980f44352c,VERIFIED,4773,False,[],[],[],[],False,True,True,"[[0,1,2,3,4,5],[6,7,8,9,10,11,12,13,14],[15,16,17,18,19],[20,21,22,23,24],[25,26,27,28,29,30,31,32,33,34,35,36,37,38,39,40,41,42,43,44,45,46],[47,48,49,50,51,52,53,54,55],[56,57,58,59,60,61,62,63,64,65,66,67,68,69,70,71],[72,73,74,75,76,77],[78,79,80,81,82,83,84,85,86,87,88],[89,90,91,92,93],[94,95,96,97,98,99,100,101]]","[[0,1,2,3,5],[6,9,10,11,14],[15,17,18,19],[20,22,23,24],[25,27,28,29,32,33,35,36,37,38,44,45,46],[47,48,50,51,52,53,54,55],[56,57,58,59,62,63,64,65,66,67,69,70,71],[72,73,74,75,77],[78,79,84,88],[89,90,91,92,93],[94,96,97,98,99,100,101]]",0,False,False,False
order_development,g2-development-orders-02,DEVELOPMENT,142cb2ea925276defa8ef83b12e12c4040537d45af717f7d244952cdf0165f8f,cfg-b15b8281b73592fb,S-P-D,30,400,5,65,35,5,cfbe9cd91f81c6c8caac246d6221bb231c75f4e6bd9eef9fcb0743980f44352c,VERIFIED,3291,False,[],[],[],[],False,True,True,"[[3,4,5,6,7,8,9,10,11],[12,13,14,15,16,17,18,19,20,21,22,23,24,25,26,27,28,29,30,31,32,33,34,35,36,37,38,39,40,41,42,43,44,45,46,47,48,49,50,51,52,53,54,55,56,57,58,59,60,61,62,63,64,65,66,67,68,69,70,71,72,73,74,75,76,77,78,79,80,81,82,83,84,85,86,87,88,89,90,91,92,93,94,95]]","[[3,4,11],[12,13,15,18,21,22,25,26,28,32,36,42,52,56,60,62,65,68,69,71,84,88,89,90,93,95]]",3,False,False,False
order_development,g2-development-orders-02,DEVELOPMENT,142cb2ea925276defa8ef83b12e12c4040537d45af717f7d244952cdf0165f8f,cfg-b15b8281b73592fb,S-P-D,30,400,5,65,35,5,cfbe9cd91f81c6c8caac246d6221bb231c75f4e6bd9eef9fcb0743980f44352c,VERIFIED,10433,False,[],[],[],[],False,True,True,"[[2,3,4,5,6],[7,8,9,10,11],[12,13,14,15,16],[17,18,19,20,21],[22,23,24,25,26],[27,28,29,30,31],[36,37,38,39,40],[41,42,43,44,45,46,47,48,49,50,51],[52,53,54,55,56],[57,58,59,60,61],[62,63,64,65,66],[67,68,69,70,71],[72,73,74,75,76],[77,78,79,80,81],[82,83,84,85,86],[87,88,89,90,91],[92,93,94,95,96]]","[[2,3,4,5,6],[7,9,10,11],[12,13,14,15,16],[17,18,19,20,21],[22,23,24,25,26],[27,28,31],[36,38,40],[41,44,45,46,48,49,50,51],[52,53,54,55,56],[57,60,61],[62,64,65,66],[67,68,71],[72,73,74,76],[77,78,79,80,81],[82,83,84,85,86],[87,88,89,91],[92,93,94,95,96]]",9,False,False,False
order_development,g2-development-orders-02,DEVELOPMENT,142cb2ea925276defa8ef83b12e12c4040537d45af717f7d244952cdf0165f8f,cfg-b15b8281b73592fb,S-P-D,30,400,5,65,35,5,cfbe9cd91f81c6c8caac246d6221bb231c75f4e6bd9eef9fcb0743980f44352c,VERIFIED,9994,False,[],[],[],[],False,True,True,"[[1,2,3,4,5,6,7,8,9,10,11,12,13,14,15,16,17,18,19,20,21,22,23,24,25,26,27,28,29,30,31,32,33,34,35,36,37,38,39,40,41,42,43,44,45,46,47,48,49,50,51,52,53,54,55,56,57,58,59,60,61,62,63,64,65,66,67,68,69,70,71,72,73,74,75,76,77,78,79,80,81,82,83,84,85,86,87,88,89,90,91,92,93,94,95,96,97,98,99,100,101,102,103,104,105,106,107,108,109,110]]","[[1,4,7,8,9,14,15,21,27,28,32,33,36,38,39,40,41,44,46,47,51,52,53,55,56,57,65,66,71,74,80,86,87,88,89,92,93,102,108,110]]",1,False,False,False
order_development,g2-development-orders-02,DEVELOPMENT,142cb2ea925276defa8ef83b12e12c4040537d45af717f7d244952cdf0165f8f,cfg-b15b8281b73592fb,S-P-D,30,400,5,65,35,5,cfbe9cd91f81c6c8caac246d6221bb231c75f4e6bd9eef9fcb0743980f44352c,VERIFIED,1944,False,[],[],[],[],False,True,True,"[[0,1,2,3,4,5,6,7,8,9,10,11,12,13,14,15,16,17,18,19,20,21,22,23,24,25,26,27,28,29,30,31,32,33,34,35,36,37,38,39,40,41,42,43,44,45,46,47,48,49,50,51,52,53,54,55,56,57,58,59,60,61,62,63,64,65,66,67,68,69,70,71,72,73,74,75,76,77,78,79,80,81,82,83,84,85,86,87,88,89,90,91,92,93,94,95,96,97,98,99,100,101,102,103,104,105,106,107,108]]","[[0,3,5,6,7,9,11,13,14,15,16,23,25,33,34,35,37,39,41,43,44,45,46,47,49,50,55,59,64,65,68,71,72,73,75,78,79,80,82,85,88,104,107,108]]",0,False,False,False
order_development,g2-development-orders-02,DEVELOPMENT,142cb2ea925276defa8ef83b12e12c4040537d45af717f7d244952cdf0165f8f,cfg-b15b8281b73592fb,S-P-D,30,400,5,65,35,5,cfbe9cd91f81c6c8caac246d6221bb231c75f4e6bd9eef9fcb0743980f44352c,VERIFIED,8430,False,[],[],[],[],False,True,True,"[[0,1,2,3,4,5,6,7,8,9,10,11,12,13,14,15,16,17,18,19,20,21,22,23,24,25,26,27,28,29,30,31,32,33,34,35,36,37,38,39,40,41,42,43,44,45,46,47,48,49,50,51,52,53,54,55,56,57,58,59,60,61,62,63,64,65,66,67,68,69,70,71,72,73,74,75,76,77,78,79,80,81,82,83,84,85,86,87,88,89,90,91,92,93,94,95,96,97,98,99,100,101,102,103,104,105,106,107,108,109,110,111,112,113,114,115,116,117,118]]","[[0,40,47,48,64,66,67,69,70,73,75,76,77,78,79,81,82,83,84,85,86,87,89,97,100,101,104,110,111,115,118]]",0,False,False,False
order_development,g2-development-orders-02,DEVELOPMENT,142cb2ea925276defa8ef83b12e12c4040537d45af717f7d244952cdf0165f8f,cfg-b15b8281b73592fb,S-P-D,30,400,5,65,35,5,cfbe9cd91f81c6c8caac246d6221bb231c75f4e6bd9eef9fcb0743980f44352c,VERIFIED,1860,False,[],[],[],[],False,True,True,"[[0,1,2,3,4,5,6,7,8,9,10,11,12,13,14,15,16,17,18,19,20,21,22,23,24,25,26,27,28,29,30,31,32,33,34,35,36,37,38,39,40,41,42,43,44,45,46,47,48,49,50,51,52,53,54,55,56,57,58,59,60,61,62,63,64,65,66,67,68,69,70,71,72,73,74,75,76,77,78,79,80,81,82,83,84,85,86,87,88,89,90,91,92,93,94,95,96,97,98,99,100,101,102,103,104,105,106,107,108,109,110,111,112,113]]","[[0,2,3,4,8,23,24,25,27,28,29,36,38,41,42,47,49,50,53,54,58,59,60,62,65,67,70,71,76,77,79,80,93,94,99,100,107,109,111,112,113]]",0,False,False,False
order_development,g2-development-orders-02,DEVELOPMENT,142cb2ea925276defa8ef83b12e12c4040537d45af717f7d244952cdf0165f8f,cfg-b15b8281b73592fb,S-P-D,30,400,5,65,35,5,cfbe9cd91f81c6c8caac246d6221bb231c75f4e6bd9eef9fcb0743980f44352c,VERIFIED,9222,False,[],[],[],[],False,True,True,"[[0,1,2,3,4,5,6,7,8,9,10,11,12,13,14,15,16,17,18,19,20,21,22,23,24,25,26,27,28,29,30,31,32,33,34,35,36,37,38,39,40,41,42,43,44,45,46,47,48,49,50,51,52,53,54,55,56],[57,58,59,60,61,62,63,64,65,66,67,68,69,70,71,72,73,74,75,76,77,78,79,80],[81,82,83,84,85]]","[[0,1,4,5,6,7,9,10,11,12,14,15,16,18,20,27,30,40,43,44,46,47,48,49,50,51,52,53,54,56],[57,62,63,64,65,67,68,69,70,71,72,73,75,76,77,78,80],[81,85]]",0,False,False,False
order_development,g2-development-orders-02,DEVELOPMENT,142cb2ea925276defa8ef83b12e12c4040537d45af717f7d244952cdf0165f8f,cfg-b15b8281b73592fb,S-P-D,30,400,5,65,35,5,cfbe9cd91f81c6c8caac246d6221bb231c75f4e6bd9eef9fcb0743980f44352c,VERIFIED,5431,False,[],[],[],[],False,True,True,"[[0,1,2,3,4,5,6,7,8,9,10,11,12,13,14,15,16,17,18,19,20,21,22,23,24,25,26,27,28,29,30,31,32,33,34,35,36,37,38,39,40,41,42,43,44,45,46,47,48,49,50,51,52,53,54,55,56,57,58,59,60,61,62,63,64,65,66,67,68,69,70,71,72,73,74,75,76,77,78,79,80,81,82,83,84,85,86,87,88,89,90,91,92,93,94,95,96,97,98,99,100,101,102,103,104,105]]","[[0,14,15,24,28,31,40,42,44,46,52,59,67,69,80,81,87,88,89,92,93,105]]",0,False,False,False
order_development,g2-development-orders-02,DEVELOPMENT,142cb2ea925276defa8ef83b12e12c4040537d45af717f7d244952cdf0165f8f,cfg-b15b8281b73592fb,S-P-D,30,400,5,65,35,5,cfbe9cd91f81c6c8caac246d6221bb231c75f4e6bd9eef9fcb0743980f44352c,VERIFIED,9145,False,[],[],[],[],False,True,True,"[[0,1,2,3,4,5,6,7,8,9,10,11,12,13,14,15,16,17,18,19,20,21,22,23,24,25,26,27,28,29,30,31,32,33,34,35,36,37,38,39,40,41,42,43,44,45,46,47,48,49,50,51,52,53,54,55,56,57,58,59,60,61,62,63,64,65,66,67,68,69,70,71,72,73,74,75,76,77,78,79,80,81,82,83,84,85,86,87,88,89,90,91,92,93,94,95,96,97,98,99,100,101,102,103,104,105,106,107,108,109]]","[[0,8,9,14,15,16,21,22,23,31,33,36,49,60,69,71,72,74,86,96,109]]",0,False,False,False
order_development,g2-development-orders-02,DEVELOPMENT,142cb2ea925276defa8ef83b12e12c4040537d45af717f7d244952cdf0165f8f,cfg-b15b8281b73592fb,S-P-D,30,400,5,65,35,5,cfbe9cd91f81c6c8caac246d6221bb231c75f4e6bd9eef9fcb0743980f44352c,VERIFIED,7186,False,[],[],[],[],False,True,True,"[[0,1,2,3,4,5,6,7,8,9,10,11,12,13,14,15,16,17,18,19,20,21,22,23,24,25,26,27,28,29,30,31,32,33,34,35,36,37,38,39,40,41,42,43,44,45,46,47,48,49,50,51,52,53,54,55,56,57,58,59,60,61,62,63,64,65,66,67,68,69,70,71,72,73,74,75,76,77,78,79,80,81,82,83,84,85,86,87,88,89,90,91,92,93,94,95,96,97,98,99,100]]","[[0,36,48,49,50,53,71,75,77,85,90,92,100]]",0,False,False,False
order_development,g2-development-orders-02,DEVELOPMENT,142cb2ea925276defa8ef83b12e12c4040537d45af717f7d244952cdf0165f8f,cfg-b15b8281b73592fb,S-P-D,30,400,5,65,35,5,cfbe9cd91f81c6c8caac246d6221bb231c75f4e6bd9eef9fcb0743980f44352c,VERIFIED,11326,False,[],[],[],[],False,True,True,"[[0,1,2,3,4,5,6,7,8,9,10,11,12,13,14,15,16,17,18,19,20,21,22,23,24,25,26,27,28,29,30,31],[32,33,34,35,36,37,38,39,40],[41,42,43,44,45,46,47,48,49,50,51,52,53,54,55],[60,61,62,63,64,65,66,67,68,69,70,71,72,73,74,75,76,77,78,79,80,81,82,83,84,85,86,87,88,89,90,91,92,93,94,95,96,97,98,99,100]]","[[0,2,5,6,8,10,15,17,19,23,24,26,29,31],[32,38,40],[41,45,46,47,48,49,51,53,55],[60,66,67,68,76,77,78,79,80,87,93,95,96,98,100]]",7,False,False,False
order_development,g2-development-orders-02,DEVELOPMENT,142cb2ea925276defa8ef83b12e12c4040537d45af717f7d244952cdf0165f8f,cfg-b15b8281b73592fb,S-P-D,30,400,5,65,35,5,cfbe9cd91f81c6c8caac246d6221bb231c75f4e6bd9eef9fcb0743980f44352c,VERIFIED,4378,False,[],[],[],[],False,True,True,"[[0,1,2,3,4,5,6,7,8,9,10,11,12,13,14,15,16,17,18,19,20,21,22,23,24,25,26,27,28,29,30,31,32,33,34,35,36,37,38,39,40,41,42,43,44,45,46,47,48,49,50,51,52,53,54,55,56,57,58,59,60,61,62,63,64,65,66,67,68,69,70,71,72,73,74,75,76,77,78,79,80,81,82,83,84,85,86,87,88,89,90,91,92,93,94,95,96,97,98,99,100,101,102,103,104,105,106,107,108]]","[[0,2,3,4,11,15,17,28,30,31,33,44,62,67,68,70,73,80,95,97,108]]",0,False,False,False
order_development,g2-development-orders-02,DEVELOPMENT,142cb2ea925276defa8ef83b12e12c4040537d45af717f7d244952cdf0165f8f,cfg-b15b8281b73592fb,S-P-D,30,400,5,65,35,5,cfbe9cd91f81c6c8caac246d6221bb231c75f4e6bd9eef9fcb0743980f44352c,VERIFIED,11021,False,[],[],[],[],False,True,True,"[[0,1,2,3,4,5,6,7,8,9,10,11,12,13,14,15,16,17,18,19,20,21,22,23,24,25,26,27,28,29,30,31,32,33,34,35,36,37,38,39,40,41,42,43,44,45,46,47,48,49,50,51,52,53,54,55,56,57,58,59,60,61,62,63],[64,65,66,67,68,69,70,71,72,73,74,75,76,77,78,79,80,81,82,83,84,85,86,87,88,89,90,91,92,93,94,95,96,97,98,99,100,101,102,103,104]]","[[0,9,11,16,17,18,19,27,28,39,43,44,45,47,48,51,54,58,63],[64,66,67,68,70,72,73,74,76,77,78,80,81,84,104]]",0,False,False,False
order_development,g2-development-orders-02,DEVELOPMENT,142cb2ea925276defa8ef83b12e12c4040537d45af717f7d244952cdf0165f8f,cfg-b15b8281b73592fb,S-P-D,30,400,5,65,35,5,cfbe9cd91f81c6c8caac246d6221bb231c75f4e6bd9eef9fcb0743980f44352c,VERIFIED,5049,False,[],[],[],[],False,True,True,"[[0,1,2,3,4,5,6,7,8,9,10,11,12,13,14,15,16,17,18,19,20,21,22,23,24,25,26,27,28,29,30,31,32,33,34,35,36,37,38,39,40,41,42,43,44,45,46,47,48,49,50,51,52,53,54,55,56],[57,58,59,60,61,62,63,64,65,66,67,68,69,70,71,72,73],[74,75,76,77,78,79,80,81,82,83,84,85,86,87,88,89],[90,91,92,93,94,95,96,97,98,99,100,101,102,103,104]]","[[0,6,8,9,10,11,15,16,17,18,19,21,22,26,47,49,56],[57,60,65,66,67,68,69,73],[74,79,80,87,89],[90,91,92,93,94,96,98,99,100,103,104]]",0,False,False,False
order_development,g2-development-orders-02,DEVELOPMENT,142cb2ea925276defa8ef83b12e12c4040537d45af717f7d244952cdf0165f8f,cfg-b15b8281b73592fb,S-P-D,30,400,5,65,35,5,cfbe9cd91f81c6c8caac246d6221bb231c75f4e6bd9eef9fcb0743980f44352c,VERIFIED,4381,False,[],[],[],[],False,True,True,"[[0,1,2,3,4,5,6,7,8,9,10,11,12,13,14,15,16,17,18,19,20,21,22,23,24,25,26,27,28,29,30,31,32,33,34,35,36,37,38,39,40,41,42,43,44,45,46,47,48,49,50,51,52,53,54,55,56,57,58,59,60,61,62,63,64,65,66,67,68,69,70,71,72,73,74,75,76,77,78,79,80,81,82,83,84,85,86,87,88,89,90,91,92,93,94,95,96,97,98,99,100]]","[[0,8,13,17,18,19,20,21,24,54,60,61,62,72,77,90,94,95,100]]",0,False,False,False
order_development,g2-development-orders-02,DEVELOPMENT,142cb2ea925276defa8ef83b12e12c4040537d45af717f7d244952cdf0165f8f,cfg-b15b8281b73592fb,S-P-D,30,400,5,65,35,5,cfbe9cd91f81c6c8caac246d6221bb231c75f4e6bd9eef9fcb0743980f44352c,VERIFIED,1378,False,[],[],[],[],False,True,True,"[[0,1,2,3,4],[5,6,7,8,9,10,11,12,13,14,15,16,17,18],[19,20,21,22,23,24,25,26,27,28,29,30,31,32,33,34,35,36,37,38,39,40],[42,43,44,45,46,47,48,49,50,51,52,53,54,55,56,57,58,59,60,61,62,63,64,65,66,67,68,69,70,71,72,73,74,75,76,77,78,79]]","[[0,4],[5,17,18],[19,22,24,26,29,30,37,40],[42,45,46,50,57,58,60,61,72,73,76,77,78,79]]",1,False,False,False
order_development,g2-development-orders-02,DEVELOPMENT,142cb2ea925276defa8ef83b12e12c4040537d45af717f7d244952cdf0165f8f,cfg-b15b8281b73592fb,S-P-D,30,400,5,65,35,5,cfbe9cd91f81c6c8caac246d6221bb231c75f4e6bd9eef9fcb0743980f44352c,VERIFIED,9613,False,[],[],[],[],False,True,True,"[[0,1,2,3,4,5,6],[7,8,9,10,11],[12,13,14,15,16],[21,22,23,24,25,26,27,28,29,30,31],[32,33,34,35,36],[37,38,39,40,41],[46,47,48,49,50],[51,52,53,54,55],[56,57,58,59,60],[61,62,63,64,65],[66,67,68,69,70],[71,72,73,74,75,76,77,78,79,80,81,82],[83,84,85,86,87,88,89,90,91,92,93,94,95,96,97,98,99,100,101,102,103,104,105,106,107,108,109,110,111,112,113,114,115]]","[[0,1,2,6],[7,11],[12,13,14,15,16],[21,25,26,27,28,31],[32,33,34,36],[37,38,41],[46,50],[51,55],[56,58,60],[61,62,65],[66,70],[71,72,73,74,75,76,78,79,82],[83,109,111,112,113,114,115]]",12,False,False,False
order_development,g2-development-orders-02,DEVELOPMENT,142cb2ea925276defa8ef83b12e12c4040537d45af717f7d244952cdf0165f8f,cfg-b15b8281b73592fb,S-P-D,30,400,5,65,35,5,cfbe9cd91f81c6c8caac246d6221bb231c75f4e6bd9eef9fcb0743980f44352c,VERIFIED,1605,False,[],[],[],[],False,True,True,"[[0,1,2,3,4,5,6,7,8,9],[10,11,12,13,14,15,16,17,18,19,20,21,22],[28,29,30,31,32,33,34,35,36,37,38,39,40,41,42]]","[[0,2,3,4,5,6,7,8,9],[10,11,12,13,15,17,20,22],[28,35,38,41,42]]",5,False,False,False
order_development,g2-development-orders-02,DEVELOPMENT,142cb2ea925276defa8ef83b12e12c4040537d45af717f7d244952cdf0165f8f,cfg-b15b8281b73592fb,S-P-D,30,400,5,65,35,5,cfbe9cd91f81c6c8caac246d6221bb231c75f4e6bd9eef9fcb0743980f44352c,VERIFIED,6831,False,[],[],[],[],False,True,True,"[[0,1,2,3,4,5,6,7,8,9,10,11,12,13,14,15,16,17,18,19,20,21,22,23,24,25,26,27,28,29,30,31,32,33,34,35,36,37],[38,39,40,41,42,43,44,45,46],[47,48,49,50,51,52,53],[54,55,56,57,58],[62,63,64,65,66,67,68,69,70,71,72,73],[77,78,79,80,81,82,83,84,85,86,87,88,89,90,91,92,93,94]]","[[0,2,6,7,10,14,15,16,18,20,21,25,28,29,31,32,33,34,35,37],[38,39,40,41,42,43,46],[47,48,49,51,52,53],[54,56,57,58],[62,69,71,72,73],[77,78,79,80,81,83,84,88,89,90,94]]",6,False,False,False
order_development,g2-development-orders-02,DEVELOPMENT,142cb2ea925276defa8ef83b12e12c4040537d45af717f7d244952cdf0165f8f,cfg-b15b8281b73592fb,S-P-D,30,400,5,65,35,5,cfbe9cd91f81c6c8caac246d6221bb231c75f4e6bd9eef9fcb0743980f44352c,VERIFIED,2150,False,[],[],[],[],False,True,True,"[[0,1,2,3,4,5,6,7,8,9,10,11,12,13,14,15,16,17,18,19,20,21,22,23,24,25,26,27,28,29,30,31,32,33,34,35,36,37,38,39,40,41,42,43,44,45,46,47,48,49,50,51,52,53,54,55,56,57,58,59,60,61,62,63,64,65,66,67,68,69,70,71,72,73,74,75,76,77,78,79,80,81,82,83,84,85,86,87,88,89,90,91,92,93,94,95,96,97,98,99,100,101,102,103,104,105,106,107,108,109,110,111,112,113,114,115,116,117,118,119,120,121,122,123]]","[[0,3,4,16,24,26,28,29,30,31,33,35,36,41,52,57,68,69,77,80,85,87,88,89,90,91,92,95,96,98,99,101,102,106,107,110,116,117,119,120,123]]",0,False,False,False
order_development,g2-development-orders-02,DEVELOPMENT,142cb2ea925276defa8ef83b12e12c4040537d45af717f7d244952cdf0165f8f,cfg-b15b8281b73592fb,S-P-D,30,400,5,65,35,5,cfbe9cd91f81c6c8caac246d6221bb231c75f4e6bd9eef9fcb0743980f44352c,VERIFIED,1076,False,[],[],[],[],False,True,True,"[[0,1,2,3,4,5,6],[7,8,9,10,11],[12,13,14,15,16,17,18,19,20,21,22,23,24,25,26,27,28,29,30,31,32,33,34,35],[39,40,41,42,43],[44,45,46,47,48],[49,50,51,52,53]]","[[0,6],[7,11],[12,16,17,22,23,26,27,28,29,30,31,32,33,34,35],[39,40,43],[44,45,48],[49,51,52,53]]",7,False,False,False
order_development,g2-development-orders-02,DEVELOPMENT,142cb2ea925276defa8ef83b12e12c4040537d45af717f7d244952cdf0165f8f,cfg-b15b8281b73592fb,S-P-D,30,400,5,65,35,5,cfbe9cd91f81c6c8caac246d6221bb231c75f4e6bd9eef9fcb0743980f44352c,VERIFIED,3189,False,[],[],[],[],False,True,True,"[[0,1,2,3,4,5,6,7,8,9,10,11,12,13,14,15,16,17,18,19,20,21,22,23,24,25,26,27,28,29,30,31,32,33,34,35,36,37,38,39,40,41,42,43,44,45,46,47,48,49,50,51,52,53,54,55,56,57,58,59,60,61,62,63,64,65,66,67,68,69,70,71,72,73,74,75,76,77,78,79,80,81,82,83,84,85,86,87,88,89,90,91,92,93,94,95,96,97,98,99,100,101,102,103,104,105,106,107,108,109,110]]","[[0,1,7,9,12,16,17,19,20,21,39,40,42,54,57,58,59,60,67,68,69,71,74,77,78,79,81,82,83,84,85,87,88,94,96,99,101,102,104,105,106,107,110]]",0,False,False,False
order_development,g2-development-orders-02,DEVELOPMENT,142cb2ea925276defa8ef83b12e12c4040537d45af717f7d244952cdf0165f8f,cfg-b15b8281b73592fb,S-P-D,30,400,5,65,35,5,cfbe9cd91f81c6c8caac246d6221bb231c75f4e6bd9eef9fcb0743980f44352c,VERIFIED,8246,False,[],[],[],[],False,True,True,"[[0,1,2,3,4,5,6,7,8,9,10,11,12,13,14,15,16,17,18,19,20,21,22,23,24,25,26,27,28,29,30,31,32,33,34],[35,36,37,38,39,40,41,42,43,44,45],[46,47,48,49,50,51,52,53,54,55,56,57,58,59,60,61],[62,63,64,65,66,67,68,69,70,71],[72,73,74,75,76],[77,78,79,80,81,82,83,84,85,86,87],[90,91,92,93,94,95,96,97,98,99,100,101,102,103,104,105,106,107,108,109,110,111,112]]","[[0,3,5,8,11,13,20,22,23,24,25,26,28,29,30,31,32,33,34],[35,36,37,40,44,45],[46,47,48,50,51,52,58,59,60,61],[62,63,64,65,69,70,71],[72,76],[77,79,80,81,82,87],[90,91,96,97,100,102,105,112]]",2,False,False,False
order_development,g2-development-orders-02,DEVELOPMENT,142cb2ea925276defa8ef83b12e12c4040537d45af717f7d244952cdf0165f8f,cfg-b15b8281b73592fb,S-P-D,30,400,5,65,35,5,cfbe9cd91f81c6c8caac246d6221bb231c75f4e6bd9eef9fcb0743980f44352c,VERIFIED,11017,False,[],[],[],[],False,True,True,"[[1,2,3,4,5,6],[7,8,9,10,11,12,13,14,15,16,17,18],[21,22,23,24,25,26,27,28,29,30,31,32,33,34],[35,36,37,38,39,40,41,42,43,44,45],[46,47,48,49,50,51,52,53,54,55],[56,57,58,59,60],[61,62,63,64,65,66,67,68,69,70,71,72,73,74],[75,76,77,78,79],[80,81,82,83,84],[91,92,93,94,95]]","[[1,4,6],[7,8,10,11,12,13,14,16,17,18],[21,24,25,26,29,30,34],[35,39,40,41,42,45],[46,50,51,52,53,55],[56,57,60],[61,66,69,70,74],[75,76,79],[80,82,84],[91,93,95]]",12,False,False,False
order_development,g2-development-orders-02,DEVELOPMENT,142cb2ea925276defa8ef83b12e12c4040537d45af717f7d244952cdf0165f8f,cfg-b15b8281b73592fb,S-P-D,30,400,5,65,35,5,cfbe9cd91f81c6c8caac246d6221bb231c75f4e6bd9eef9fcb0743980f44352c,VERIFIED,3680,False,[],[],[],[],False,True,True,"[[1,2,3,4,5,6,7,8,9,10,11,12,13,14,15,16,17,18],[19,20,21,22,23,24,25,26,27,28,29,30,31,32,33,34,35,36,37,38,39,40,41,42,43,44,45],[49,50,51,52,53,54,55,56,57,58,59,60,61,62,63,64,65]]","[[1,2,3,6,9,14,17,18],[19,23,24,27,28,29,30,31,33,35,36,41,45],[49,53,58,60,65]]",4,False,False,False
order_development,g2-development-orders-02,DEVELOPMENT,142cb2ea925276defa8ef83b12e12c4040537d45af717f7d244952cdf0165f8f,cfg-b15b8281b73592fb,S-P-D,30,400,5,65,35,5,cfbe9cd91f81c6c8caac246d6221bb231c75f4e6bd9eef9fcb0743980f44352c,VERIFIED,6412,False,[],[],[],[],False,True,True,"[[0,1,2,3,4,5,6,7,8,9],[11,12,13,14,15,16,17,18,19,20,21,22,23,24,25,26],[27,28,29,30,31,32,33,34,35,36,37,38,39,40,41,42,43,44,45,46,47,48,49,50,51,52,53,54,55,56,57,58,59,60,61,62,63,64,65,66,67,68,69,70,71,72,73,74,75,76,77,78,79,80,81,82,83,84,85,86,87,88,89,90,91,92,93,94,95,96,97]]","[[0,4,7,8,9],[11,12,13,14,15,16,20,21,22,24,25,26],[27,29,31,32,33,35,40,43,44,46,47,48,49,50,53,54,56,57,58,59,62,73,75,78,79,80,81,83,86,92,93,94,95,96,97]]",1,False,False,False
order_development,g2-development-orders-02,DEVELOPMENT,142cb2ea925276defa8ef83b12e12c4040537d45af717f7d244952cdf0165f8f,cfg-b15b8281b73592fb,S-P-D,30,400,5,65,35,5,cfbe9cd91f81c6c8caac246d6221bb231c75f4e6bd9eef9fcb0743980f44352c,VERIFIED,2069,False,[],[],[],[],False,True,True,"[[0,1,2,3,4,5,6,7,8,9,10,11,12,13,14,15,16,17,18,19,20,21,22,23,24,25,26,27,28,29,30,31,32,33,34,35,36,37,38,39,40,41,42,43,44,45,46,47,48,49,50,51,52,53,54,55,56,57,58,59,60,61,62,63,64,65,66,67,68,69,70,71,72,73,74,75,76,77,78,79,80,81,82,83,84,85,86,87,88,89,90,91,92,93,94,95,96,97,98,99,100,101,102,103,104,105,106,107,108]]","[[0,1,2,3,4,7,9,11,12,13,14,15,17,24,33,34,40,41,48,49,50,51,54,55,57,61,71,72,73,76,77,78,79,86,87,89,90,91,93,97,98,99,106,107,108]]",0,False,False,False
order_development,g2-development-orders-02,DEVELOPMENT,142cb2ea925276defa8ef83b12e12c4040537d45af717f7d244952cdf0165f8f,cfg-b15b8281b73592fb,S-P-D,30,400,5,65,35,5,cfbe9cd91f81c6c8caac246d6221bb231c75f4e6bd9eef9fcb0743980f44352c,VERIFIED,6596,False,[],[],[],[],False,True,True,"[[0,1,2,3,4,5,6,7,8,9,10,11,12,13,14,15,16,17,18,19],[20,21,22,23,24,25,26,27,28,29,30,31,32,33,34,35,36,37,38,39,40,41,42,43,44,45,46,47,48,49,50,51,52,53,54,55,56,57,58,59,60,61,62,63,64,65,66,67,68,69,70,71,72,73,74,75,76,77,78,79,80,81,82,83,84,85,86,87,88,89,90,91,92,93,94,95,96,97,98,99,100,101,102,103,104]]","[[0,1,6,9,10,19],[20,32,36,41,46,55,63,71,77,79,89,90,93,94,95,97,98,101,104]]",0,False,False,False
order_development,g2-development-orders-02,DEVELOPMENT,142cb2ea925276defa8ef83b12e12c4040537d45af717f7d244952cdf0165f8f,cfg-b15b8281b73592fb,S-P-D,30,400,5,65,35,5,cfbe9cd91f81c6c8caac246d6221bb231c75f4e6bd9eef9fcb0743980f44352c,VERIFIED,5027,False,[],[],[],[],False,True,True,"[[0,1,2,3,4,5,6,7,8,9,10,11,12,13,14,15,16,17,18,19,20,21,22,23,24,25,26,27,28,29],[30,31,32,33,34,35,36,37,38,39,40,41,42,43,44,45,46,47,48,49,50,51,52,53,54,55,56,57,58,59,60,61,62,63,64,65,66,67,68,69,70,71,72,73,74,75,76,77,78,79,80,81,82,83,84,85,86,87,88,89,90,91,92,93,94,95,96,97,98,99,100]]","[[0,2,6,7,8,9,10,12,17,19,21,22,24,25,26,29],[30,32,35,36,37,40,41,44,47,53,57,64,70,73,74,75,76,77,78,80,81,82,87,89,91,92,94,97,99,100]]",3,False,False,False
order_development,g2-development-orders-02,DEVELOPMENT,142cb2ea925276defa8ef83b12e12c4040537d45af717f7d244952cdf0165f8f,cfg-b15b8281b73592fb,S-P-D,30,400,5,65,35,5,cfbe9cd91f81c6c8caac246d6221bb231c75f4e6bd9eef9fcb0743980f44352c,VERIFIED,10155,False,[],[],[],[],False,True,True,"[[0,1,2,3,4,5,6,7,8,9,10,11,12,13,14,15,16,17,18,19,20,21,22,23,24,25,26,27,28,29,30,31,32,33,34,35,36,37,38,39,40,41,42,43,44,45,46,47,48,49,50,51,52,53,54,55,56,57,58,59,60,61,62,63,64,65,66,67,68,69,70,71,72,73,74,75,76,77,78,79,80,81,82,83,84,85,86,87,88,89,90,91,92,93,94,95],[96,97,98,99,100,101,102,103,104]]","[[0,8,9,16,17,18,46,48,58,59,60,72,74,75,84,85,87,88,89,91,95],[96,97,99,104]]",0,False,False,False
order_development,g2-development-orders-02,DEVELOPMENT,142cb2ea925276defa8ef83b12e12c4040537d45af717f7d244952cdf0165f8f,cfg-b15b8281b73592fb,S-P-D,30,400,5,65,35,5,cfbe9cd91f81c6c8caac246d6221bb231c75f4e6bd9eef9fcb0743980f44352c,VERIFIED,2759,False,[],[],[],[],False,True,True,"[[0,1,2,3,4,5,6],[7,8,9,10,11,12,13,14,15,16,17,18,19,20,21,22,23,24,25,26,27,28,29,30,31,32,33,34,35,36,37,38,39,40,41,42,43,44,45,46,47,48,49,50,51,52,53,54,55,56,57,58,59,60,61,62,63,64,65,66,67,68,69,70,71,72,73,74,75,76,77,78,79,80,81,82,83,84,85,86,87,88,89,90,91,92,93,94,95,96,97,98,99,100,101,102,103,104,105,106,107,108,109,110,111,112,113,114]]","[[0,4,6],[7,12,13,14,19,20,21,32,36,48,51,52,53,57,70,71,79,80,81,83,85,87,88,89,103,114]]",0,False,False,False
order_development,g2-development-orders-02,DEVELOPMENT,142cb2ea925276defa8ef83b12e12c4040537d45af717f7d244952cdf0165f8f,cfg-b15b8281b73592fb,S-P-D,30,400,5,65,35,5,cfbe9cd91f81c6c8caac246d6221bb231c75f4e6bd9eef9fcb0743980f44352c,VERIFIED,5366,False,[],[],[],[],False,True,True,"[[0,1,2,3,4,5,6,7,8,9,10,11,12,13,14,15,16,17,18,19,20,21,22,23,24,25,26,27,28,29,30,31,32,33,34,35,36,37,38,39,40,41,42,43,44,45,46,47,48,49,50,51,52,53,54,55,56,57,58,59,60,61,62,63,64,65,66,67,68,69,70,71,72,73,74,75,76,77,78,79,80,81,82,83,84,85,86,87,88,89,90,91,92,93,94,95,96,97,98,99,100,101,102,103,104,105,106,107,108,109,110,111,112,113,114,115,116,117,118,119,120,121,122,123,124,125,126,127,128,129]]","[[0,1,5,15,17,20,24,27,37,38,39,41,43,49,55,56,60,64,68,69,70,73,74,75,76,77,78,79,82,83,84,85,90,91,92,95,99,101,102,103,104,106,108,109,110,115,118,122,123,125,126,127,129]]",0,False,False,False
order_development,g2-development-orders-02,DEVELOPMENT,142cb2ea925276defa8ef83b12e12c4040537d45af717f7d244952cdf0165f8f,cfg-b15b8281b73592fb,S-P-D,30,400,5,65,35,5,cfbe9cd91f81c6c8caac246d6221bb231c75f4e6bd9eef9fcb0743980f44352c,VERIFIED,2668,False,[],[],[],[],False,True,True,"[[0,1,2,3,4,5,6,7,8,9,10,11,12,13,14,15,16,17,18,19,20,21,22,23,24,25,26,27,28,29,30,31,32,33,34,35,36,37,38,39,40,41,42,43,44,45,46,47,48,49],[50,51,52,53,54],[55,56,57,58,59],[60,61,62,63,64],[65,66,67,68,69],[70,71,72,73,74],[75,76,77,78,79],[80,81,82,83,84,85,86,87,88,89,90,91,92,93,94,95,96,97,98,99,100,101,102,103]]","[[0,29,31,32,34,44,45,46,47,49],[50,54],[55,56,58,59],[60,64],[65,66,69],[70,74],[75,76,77,79],[80,85,88,90,93,94,96,100,102,103]]",0,False,False,False
order_development,g2-development-orders-02,DEVELOPMENT,142cb2ea925276defa8ef83b12e12c4040537d45af717f7d244952cdf0165f8f,cfg-b15b8281b73592fb,S-P-D,30,400,5,65,35,5,cfbe9cd91f81c6c8caac246d6221bb231c75f4e6bd9eef9fcb0743980f44352c,VERIFIED,5256,False,[],[],[],[],False,True,True,"[[0,1,2,3,4,5,6,7,8,9,10,11,12,13,14,15,16,17,18,19,20,21,22,23,24,25,26,27,28,29,30,31,32,33,34,35,36,37,38,39,40,41,42,43,44,45,46,47,48,49,50,51,52,53,54,55,56,57,58],[59,60,61,62,63,64,65,66,67,68,69,70,71,72,73,74,75,76,77,78,79,80,81,82,83,84,85,86,87,88,89,90,91,92,93,94,95,96,97,98,99,100,101,102,103,104,105,106,107,108,109,110,111,112,113]]","[[0,2,4,6,7,10,12,13,14,15,16,19,24,26,37,41,42,43,57,58],[59,72,75,78,79,80,82,83,92,97,98,99,104,107,108,112,113]]",0,False,False,False
order_development,g2-development-orders-02,DEVELOPMENT,142cb2ea925276defa8ef83b12e12c4040537d45af717f7d244952cdf0165f8f,cfg-b15b8281b73592fb,S-P-D,30,400,5,65,35,5,cfbe9cd91f81c6c8caac246d6221bb231c75f4e6bd9eef9fcb0743980f44352c,VERIFIED,3186,False,[],[],[],[],False,True,True,"[[0,1,2,3,4,5,6,7,8,9,10,11,12,13,14,15,16,17,18,19,20],[21,22,23,24,25,26,27,28,29,30,31,32,33,34,35,36,37,38,39,40,41,42,43,44,45,46,47,48,49,50,51,52,53,54,55,56,57,58,59,60,61,62,63,64,65,66,67,68,69,70,71,72,73,74,75,76,77,78,79,80,81,82,83,84,85,86,87,88,89,90,91,92,93,94,95,96,97,98,99,100,101,102,103,104,105,106,107,108,109,110,111,112,113,114,115,116,117,118,119,120,121,122,123,124]]","[[0,1,2,6,10,11,14,16,20],[21,25,26,27,29,30,31,33,34,36,37,39,40,41,43,44,48,52,53,59,64,69,72,76,79,80,83,85,88,91,93,94,95,97,99,106,111,124]]",0,False,False,False
order_development,g2-development-orders-02,DEVELOPMENT,142cb2ea925276defa8ef83b12e12c4040537d45af717f7d244952cdf0165f8f,cfg-b15b8281b73592fb,S-P-D,30,400,5,65,35,5,cfbe9cd91f81c6c8caac246d6221bb231c75f4e6bd9eef9fcb0743980f44352c,VERIFIED,4915,False,[],[],[],[],False,True,True,"[[0,1,2,3,4,5,6,7,8,9,10,11,12,13,14,15,16,17,18,19,20,21,22,23,24,25,26,27,28,29,30,31,32,33,34,35,36,37,38,39,40,41,42],[44,45,46,47,48,49,50,51,52,53,54,55,56,57,58,59,60,61,62,63,64,65,66,67,68,69,70,71,72,73,74,75,76,77,78,79,80,81,82,83,84,85,86,87,88,89,90,91,92,93,94,95,96,97,98,99,100,101,102,103,104]]","[[0,2,7,8,16,18,19,21,25,28,29,30,36,37,38,39,40,41,42],[44,46,49,51,53,54,55,56,57,59,60,61,64,68,72,74,77,79,80,82,83,85,86,87,89,90,94,95,97,98,100,101,104]]",1,False,False,False
order_development,g2-development-orders-02,DEVELOPMENT,142cb2ea925276defa8ef83b12e12c4040537d45af717f7d244952cdf0165f8f,cfg-b15b8281b73592fb,S-P-D,30,400,5,65,35,5,cfbe9cd91f81c6c8caac246d6221bb231c75f4e6bd9eef9fcb0743980f44352c,VERIFIED,5707,False,[],[],[],[],False,True,True,"[[0,1,2,3,4,5,6,7,8,9,10,11,12,13,14,15,16,17,18,19,20,21,22,23,24,25,26,27,28,29,30,31,32,33,34,35,36,37,38,39,40,41,42,43,44,45,46],[53,54,55,56,57,58,59,60,61,62,63,64,65,66,67,68,69,70,71,72,73,74,75,76,77,78,79,80,81,82,83,84,85,86,87,88,89,90,91,92,93,94,95,96,97,98,99,100,101]]","[[0,11,12,14,15,20,21,22,46],[53,54,61,62,63,66,71,72,74,76,81,84,101]]",6,False,False,False
order_development,g2-development-orders-02,DEVELOPMENT,142cb2ea925276defa8ef83b12e12c4040537d45af717f7d244952cdf0165f8f,cfg-b15b8281b73592fb,S-P-D,30,400,5,65,35,5,cfbe9cd91f81c6c8caac246d6221bb231c75f4e6bd9eef9fcb0743980f44352c,VERIFIED,1718,False,[],[],[],[],False,True,True,"[[0,1,2,3,4,5,6,7,8,9,10,11,12,13,14,15,16,17,18,19,20,21,22,23,24,25,26,27,28,29,30,31,32,33,34,35,36,37,38,39,40,41,42,43,44,45,46,47,48,49,50,51,52,53,54,55,56,57,58,59,60,61,62,63,64,65,66,67,68,69,70,71,72,73,74,75,76,77,78,79,80,81,82,83,84,85,86,87,88,89,90,91,92,93,94,95,96,97,98,99,100,101,102]]","[[0,1,2,11,12,13,15,18,20,23,29,30,31,34,38,40,49,62,63,76,77,78,83,89,96,102]]",0,False,False,False
order_development,g2-development-orders-02,DEVELOPMENT,142cb2ea925276defa8ef83b12e12c4040537d45af717f7d244952cdf0165f8f,cfg-b15b8281b73592fb,S-P-D,30,400,5,65,35,5,cfbe9cd91f81c6c8caac246d6221bb231c75f4e6bd9eef9fcb0743980f44352c,VERIFIED,9002,False,[],[],[],[],False,True,True,"[[0,1,2,3,4,5,6,7,8,9,10,11,12,13,14,15,16,17],[18,19,20,21,22,23,24,25,26,27,28,29,30,31,32,33,34,35,36,37,38,39,40,41,42,43,44,45,46,47,48,49,50,51,52,53,54,55,56,57,58,59,60,61,62,63,64,65,66,67,68,69,70,71,72,73,74,75,76,77,78,79,80,81,82,83,84,85,86,87,88,89,90,91,92,93,94,95,96,97,98,99,100,101,102,103,104,105,106,107,108,109,110,111,112,113,114,115]]","[[0,1,3,17],[18,20,22,23,27,28,29,31,32,41,43,45,46,47,48,50,51,52,53,60,61,69,72,73,75,76,80,81,83,84,89,94,103,105,106,107,112,115]]",0,False,False,False
order_development,g2-development-orders-02,DEVELOPMENT,142cb2ea925276defa8ef83b12e12c4040537d45af717f7d244952cdf0165f8f,cfg-b15b8281b73592fb,S-P-D,30,400,5,65,35,5,cfbe9cd91f81c6c8caac246d6221bb231c75f4e6bd9eef9fcb0743980f44352c,VERIFIED,3262,False,[],[],[],[],False,True,False,[],[],100,True,True,False
order_development,g2-development-orders-02,DEVELOPMENT,142cb2ea925276defa8ef83b12e12c4040537d45af717f7d244952cdf0165f8f,cfg-b15b8281b73592fb,S-P-D,30,400,5,65,35,5,cfbe9cd91f81c6c8caac246d6221bb231c75f4e6bd9eef9fcb0743980f44352c,VERIFIED,4732,False,[],[],[],[],False,True,False,[],[],99,True,True,False
order_development,g2-development-orders-02,DEVELOPMENT,142cb2ea925276defa8ef83b12e12c4040537d45af717f7d244952cdf0165f8f,cfg-b15b8281b73592fb,S-P-D,30,400,5,65,35,5,cfbe9cd91f81c6c8caac246d6221bb231c75f4e6bd9eef9fcb0743980f44352c,VERIFIED,9729,False,[],[],[],[],False,True,False,[],[],100,True,True,False
order_development,g2-development-orders-02,DEVELOPMENT,142cb2ea925276defa8ef83b12e12c4040537d45af717f7d244952cdf0165f8f,cfg-b15b8281b73592fb,S-P-D,30,400,5,65,35,5,cfbe9cd91f81c6c8caac246d6221bb231c75f4e6bd9eef9fcb0743980f44352c,VERIFIED,5,False,[],[],[],[],False,True,False,[],[],99,True,True,False
order_development,g2-development-orders-02,DEVELOPMENT,142cb2ea925276defa8ef83b12e12c4040537d45af717f7d244952cdf0165f8f,cfg-b15b8281b73592fb,S-P-D,30,400,5,65,35,5,cfbe9cd91f81c6c8caac246d6221bb231c75f4e6bd9eef9fcb0743980f44352c,VERIFIED,5414,False,[],[],[],[],False,True,False,[],[],98,True,True,False
order_development,g2-development-orders-02,DEVELOPMENT,142cb2ea925276defa8ef83b12e12c4040537d45af717f7d244952cdf0165f8f,cfg-b15b8281b73592fb,S-P-D,30,400,5,65,35,5,cfbe9cd91f81c6c8caac246d6221bb231c75f4e6bd9eef9fcb0743980f44352c,VERIFIED,4751,False,[],[],[],[],False,True,False,[],[],99,True,True,False
order_development,g2-development-orders-02,DEVELOPMENT,142cb2ea925276defa8ef83b12e12c4040537d45af717f7d244952cdf0165f8f,cfg-b15b8281b73592fb,S-P-D,30,400,5,65,35,5,cfbe9cd91f81c6c8caac246d6221bb231c75f4e6bd9eef9fcb0743980f44352c,VERIFIED,11304,False,[],[],[],[],False,True,False,[],[],97,True,True,False
order_development,g2-development-orders-02,DEVELOPMENT,142cb2ea925276defa8ef83b12e12c4040537d45af717f7d244952cdf0165f8f,cfg-b15b8281b73592fb,S-P-D,30,400,5,65,35,5,cfbe9cd91f81c6c8caac246d6221bb231c75f4e6bd9eef9fcb0743980f44352c,VERIFIED,7330,False,[],[],[],[],False,True,False,[],[],98,True,True,False
order_development,g2-development-orders-02,DEVELOPMENT,142cb2ea925276defa8ef83b12e12c4040537d45af717f7d244952cdf0165f8f,cfg-b15b8281b73592fb,S-P-D,30,400,5,65,35,5,cfbe9cd91f81c6c8caac246d6221bb231c75f4e6bd9eef9fcb0743980f44352c,VERIFIED,5503,False,[],[],[],[],False,True,False,[],[],99,True,True,False
order_development,g2-development-orders-02,DEVELOPMENT,142cb2ea925276defa8ef83b12e12c4040537d45af717f7d244952cdf0165f8f,cfg-b15b8281b73592fb,S-P-D,30,400,5,65,35,5,cfbe9cd91f81c6c8caac246d6221bb231c75f4e6bd9eef9fcb0743980f44352c,VERIFIED,5293,False,[],[],[],[],False,True,False,[],[],98,True,True,False
order_development,g2-development-orders-02,DEVELOPMENT,142cb2ea925276defa8ef83b12e12c4040537d45af717f7d244952cdf0165f8f,cfg-b15b8281b73592fb,S-P-D,30,400,5,65,35,5,cfbe9cd91f81c6c8caac246d6221bb231c75f4e6bd9eef9fcb0743980f44352c,VERIFIED,8240,False,[],[],[],[],False,True,False,[],[],98,True,True,False
order_development,g2-development-orders-02,DEVELOPMENT,142cb2ea925276defa8ef83b12e12c4040537d45af717f7d244952cdf0165f8f,cfg-b15b8281b73592fb,S-P-D,30,400,5,65,35,5,cfbe9cd91f81c6c8caac246d6221bb231c75f4e6bd9eef9fcb0743980f44352c,VERIFIED,9441,False,[],[],[],[],False,True,False,[],[],99,True,True,False
order_development,g2-development-orders-02,DEVELOPMENT,142cb2ea925276defa8ef83b12e12c4040537d45af717f7d244952cdf0165f8f,cfg-b15b8281b73592fb,S-P-D,30,400,5,65,35,5,cfbe9cd91f81c6c8caac246d6221bb231c75f4e6bd9eef9fcb0743980f44352c,VERIFIED,217,False,[],[],[],[],False,True,False,[],[],101,True,True,False
order_development,g2-development-orders-02,DEVELOPMENT,142cb2ea925276defa8ef83b12e12c4040537d45af717f7d244952cdf0165f8f,cfg-b15b8281b73592fb,S-P-D,30,400,5,65,35,5,cfbe9cd91f81c6c8caac246d6221bb231c75f4e6bd9eef9fcb0743980f44352c,VERIFIED,130,False,[],[],[],[],False,True,False,[],[],97,True,True,False
order_development,g2-development-orders-02,DEVELOPMENT,142cb2ea925276defa8ef83b12e12c4040537d45af717f7d244952cdf0165f8f,cfg-b15b8281b73592fb,S-P-D,30,400,5,65,35,5,cfbe9cd91f81c6c8caac246d6221bb231c75f4e6bd9eef9fcb0743980f44352c,VERIFIED,799,False,[],[],[],[],False,True,False,[],[],86,True,True,False
order_development,g2-development-orders-02,DEVELOPMENT,142cb2ea925276defa8ef83b12e12c4040537d45af717f7d244952cdf0165f8f,cfg-b15b8281b73592fb,S-P-D,30,400,5,65,35,5,cfbe9cd91f81c6c8caac246d6221bb231c75f4e6bd9eef9fcb0743980f44352c,VERIFIED,4318,False,[],[],[],[],False,True,False,[],[],100,True,True,False
order_development,g2-development-orders-02,DEVELOPMENT,142cb2ea925276defa8ef83b12e12c4040537d45af717f7d244952cdf0165f8f,cfg-b15b8281b73592fb,S-P-D,30,400,5,65,35,5,cfbe9cd91f81c6c8caac246d6221bb231c75f4e6bd9eef9fcb0743980f44352c,VERIFIED,6867,False,[],[],[],[],False,True,False,[],[],99,True,True,False
order_development,g2-development-orders-02,DEVELOPMENT,142cb2ea925276defa8ef83b12e12c4040537d45af717f7d244952cdf0165f8f,cfg-b15b8281b73592fb,S-P-D,30,400,5,65,35,5,cfbe9cd91f81c6c8caac246d6221bb231c75f4e6bd9eef9fcb0743980f44352c,VERIFIED,4492,False,[],[],[],[],False,True,False,[],[],99,True,True,False
order_development,g2-development-orders-02,DEVELOPMENT,142cb2ea925276defa8ef83b12e12c4040537d45af717f7d244952cdf0165f8f,cfg-b15b8281b73592fb,S-P-D,30,400,5,65,35,5,cfbe9cd91f81c6c8caac246d6221bb231c75f4e6bd9eef9fcb0743980f44352c,VERIFIED,4782,False,[],[],[],[],False,True,False,[],[],40,True,True,False
order_development,g2-development-orders-02,DEVELOPMENT,142cb2ea925276defa8ef83b12e12c4040537d45af717f7d244952cdf0165f8f,cfg-b15b8281b73592fb,S-P-D,30,400,5,65,35,5,cfbe9cd91f81c6c8caac246d6221bb231c75f4e6bd9eef9fcb0743980f44352c,VERIFIED,4460,False,[],[],[],[],False,True,False,[],[],97,True,True,False
order_development,g2-development-orders-02,DEVELOPMENT,142cb2ea925276defa8ef83b12e12c4040537d45af717f7d244952cdf0165f8f,cfg-b15b8281b73592fb,S-P-D,30,400,5,65,35,5,cfbe9cd91f81c6c8caac246d6221bb231c75f4e6bd9eef9fcb0743980f44352c,VERIFIED,7736,False,[],[],[],[],False,True,False,[],[],42,True,True,False
order_development,g2-development-orders-02,DEVELOPMENT,142cb2ea925276defa8ef83b12e12c4040537d45af717f7d244952cdf0165f8f,cfg-b15b8281b73592fb,S-P-D,30,400,5,65,35,5,cfbe9cd91f81c6c8caac246d6221bb231c75f4e6bd9eef9fcb0743980f44352c,VERIFIED,9056,False,[],[],[],[],False,True,False,[],[],99,True,True,False
order_development,g2-development-orders-02,DEVELOPMENT,142cb2ea925276defa8ef83b12e12c4040537d45af717f7d244952cdf0165f8f,cfg-b15b8281b73592fb,S-P-D,30,400,5,65,35,5,cfbe9cd91f81c6c8caac246d6221bb231c75f4e6bd9eef9fcb0743980f44352c,VERIFIED,8877,False,[],[],[],[],False,True,False,[],[],99,True,True,False
order_development,g2-development-orders-02,DEVELOPMENT,142cb2ea925276defa8ef83b12e12c4040537d45af717f7d244952cdf0165f8f,cfg-b15b8281b73592fb,S-P-D,30,400,5,65,35,5,cfbe9cd91f81c6c8caac246d6221bb231c75f4e6bd9eef9fcb0743980f44352c,VERIFIED,611,False,[],[],[],[],False,True,False,[],[],99,True,True,False
order_development,g2-development-orders-02,DEVELOPMENT,142cb2ea925276defa8ef83b12e12c4040537d45af717f7d244952cdf0165f8f,cfg-b15b8281b73592fb,S-P-D,30,400,5,65,35,5,cfbe9cd91f81c6c8caac246d6221bb231c75f4e6bd9eef9fcb0743980f44352c,VERIFIED,6313,False,[],[],[],[],False,True,True,"[[0,1,2,3,4,5,6,7,8,9,10,11,12,13,14,15,16,17,18,19,20,21,22,23,24,25,26,27,28,29,30,31,32,33,34,35,36,37,38,39,40,41,42,43,44,45,46,47,48,49,50,51,52,53,54,55,56,57,58,59,60,61,62,63,64,65,66,67,68,69,70,71,72,73,74,75,76,77,78,79,80,81,82,83,84,85,86,87,88,89,90,91,92,93,94,95,96,97,98,99,100]]","[[0,8,10,18,21,27,28,29,32,36,39,42,50,55,56,58,61,74,76,77,89,93,97,100]]",0,False,False,False
order_development,g2-development-orders-02,DEVELOPMENT,142cb2ea925276defa8ef83b12e12c4040537d45af717f7d244952cdf0165f8f,cfg-b15b8281b73592fb,S-P-D,30,400,5,65,35,5,cfbe9cd91f81c6c8caac246d6221bb231c75f4e6bd9eef9fcb0743980f44352c,VERIFIED,10089,False,[],[],[],[],False,True,True,"[[0,1,2,3,4,5,6,7,8,9,10,11,12,13,14,15,16,17,18,19,20,21,22,23,24,25,26,27,28,29,30,31,32,33,34,35,36,37,38,39,40,41,42,43,44,45,46,47,48,49,50,51,52,53,54,55,56,57,58,59,60,61,62,63,64,65,66,67,68,69,70,71,72,73,74,75,76,77,78,79,80,81,82,83,84,85,86,87,88,89,90,91,92,93,94,95,96,97,98]]","[[0,9,11,18,28,40,48,53,56,75,81,98]]",0,False,False,False
order_development,g2-development-orders-02,DEVELOPMENT,142cb2ea925276defa8ef83b12e12c4040537d45af717f7d244952cdf0165f8f,cfg-b15b8281b73592fb,S-P-D,30,400,5,65,35,5,cfbe9cd91f81c6c8caac246d6221bb231c75f4e6bd9eef9fcb0743980f44352c,VERIFIED,10232,False,[],[],[],[],False,True,True,"[[0,1,2,3,4,5,6,7,8,9,10,11,12,13,14,15,16,17,18,19,20,21,22,23,24,25,26,27,28,29,30,31,32,33,34,35,36,37,38,39,40,41,42,43,44,45,46,47,48,49,50,51,52,53,54,55,56,57,58,59,60,61,62,63,64,65,66,67,68,69,70,71,72,73,74,75,76,77,78,79,80,81,82,83,84,85,86,87,88,89,90,91,92,93,94,95,96,97]]","[[0,7,11,15,28,36,42,44,50,53,58,71,76,80,82,88,93,96,97]]",0,False,False,False
order_development,g2-development-orders-02,DEVELOPMENT,142cb2ea925276defa8ef83b12e12c4040537d45af717f7d244952cdf0165f8f,cfg-b15b8281b73592fb,S-P-D,30,400,5,65,35,5,cfbe9cd91f81c6c8caac246d6221bb231c75f4e6bd9eef9fcb0743980f44352c,VERIFIED,11272,False,[],[],[],[],False,True,True,"[[0,1,2,3,4,5,6,7,8,9,10,11,12,13,14,15,16,17,18,19,20,21,22,23,24,25,26,27,28,29,30,31,32,33,34,35,36,37,38,39,40,41,42,43,44,45,46,47,48,49,50,51,52,53,54,55,56,57,58,59,60,61,62,63,64,65,66,67,68,69,70,71,72,73,74,75,76,77,78,79,80,81,82,83,84,85,86,87,88,89,90,91,92,93,94,95,96,97]]","[[0,7,15,18,26,37,38,42,51,52,53,55,60,63,69,71,72,73,77,79,88,89,95,97]]",0,False,False,False
order_development,g2-development-orders-02,DEVELOPMENT,142cb2ea925276defa8ef83b12e12c4040537d45af717f7d244952cdf0165f8f,cfg-b15b8281b73592fb,S-P-D,30,400,5,65,35,5,cfbe9cd91f81c6c8caac246d6221bb231c75f4e6bd9eef9fcb0743980f44352c,VERIFIED,5633,False,[],[],[],[],False,True,True,"[[0,1,2,3,4,5,6,7,8,9,10,11,12,13,14,15,16,17,18,19,20,21,22,23,24,25,26,27,28,29,30,31,32,33,34,35,36,37,38,39,40,41,42,43,44,45,46,47,48,49,50,51,52,53,54,55,56,57,58,59,60,61,62,63,64,65,66,67,68,69,70,71,72,73,74,75,76,77,78,79,80,81,82,83,84,85,86,87,88,89,90,91,92,93,94,95,96,97,98,99,100,101,102,103,104,105,106,107,108,109,110,111,112,113,114]]","[[0,3,4,5,7,8,9,12,17,18,20,21,22,23,27,30,35,56,68,74,77,80,81,83,89,91,92,94,98,99,103,105,106,108,110,112,113,114]]",0,False,False,False
order_development,g2-development-orders-02,DEVELOPMENT,142cb2ea925276defa8ef83b12e12c4040537d45af717f7d244952cdf0165f8f,cfg-b15b8281b73592fb,S-P-D,30,400,5,65,35,5,cfbe9cd91f81c6c8caac246d6221bb231c75f4e6bd9eef9fcb0743980f44352c,VERIFIED,8061,False,[],[],[],[],False,True,True,"[[0,1,2,3,4,5,6,7,8,9,10,11,12,13,14,15,16,17,18,19,20,21,22,23,24,25,26,27,28,29,30,31,32,33,34,35,36,37,38,39,40,41,42,43,44,45,46,47,48,49,50,51,52,53,54,55,56,57,58,59,60,61,62,63,64,65,66,67,68,69,70,71,72,73,74,75,76,77,78,79,80,81,82,83,84,85,86,87,88,89,90,91,92,93,94,95,96,97,98]]","[[0,7,8,12,13,17,20,22,26,28,33,36,40,43,44,49,52,54,56,57,58,59,61,64,70,74,77,78,79,81,89,98]]",0,False,False,False
order_development,g2-development-orders-02,DEVELOPMENT,142cb2ea925276defa8ef83b12e12c4040537d45af717f7d244952cdf0165f8f,cfg-b15b8281b73592fb,S-P-D,30,400,5,65,35,5,cfbe9cd91f81c6c8caac246d6221bb231c75f4e6bd9eef9fcb0743980f44352c,VERIFIED,89,False,[],[],[],[],False,True,True,"[[0,1,2,3,4,5,6,7,8,9,10,11,12,13,14,15,16,17,18,19,20,21,22,23,24,25,26,27,28,29,30,31,32,33,34,35,36,37,38,39,40,41,42,43,44,45,46,47,48,49,50,51,52,53,54,55,56,57,58,59,60,61,62,63,64,65,66,67,68,69,70,71,72,73,74,75,76,77,78,79,80,81,82,83,84,85,86,87,88,89,90,91,92,93,94,95,96,97,98,99]]","[[0,8,11,15,19,23,44,50,69,99]]",0,False,False,False
order_development,g2-development-orders-02,DEVELOPMENT,142cb2ea925276defa8ef83b12e12c4040537d45af717f7d244952cdf0165f8f,cfg-b15b8281b73592fb,S-P-D,30,400,5,65,35,5,cfbe9cd91f81c6c8caac246d6221bb231c75f4e6bd9eef9fcb0743980f44352c,VERIFIED,6225,False,[],[],[],[],False,True,True,"[[0,1,2,3,4,5,6,7,8,9,10,11,12,13,14,15,16,17,18,19,20,21,22,23,24,25,26,27,28,29,30,31,32,33,34,35,36,37,38,39,40,41,42,43,44,45,46,47,48,49,50,51,52,53,54,55,56,57,58,59,60,61,62,63,64,65,66,67,68,69,70,71,72,73,74,75,76,77,78,79,80,81,82,83,84,85,86,87,88,89,90,91,92,93,94,95,96,97,98]]","[[0,15,18,25,29,34,41,51,55,71,90,95,98]]",0,False,False,False
order_development,g2-development-orders-02,DEVELOPMENT,142cb2ea925276defa8ef83b12e12c4040537d45af717f7d244952cdf0165f8f,cfg-b15b8281b73592fb,S-P-D,30,400,5,65,35,5,cfbe9cd91f81c6c8caac246d6221bb231c75f4e6bd9eef9fcb0743980f44352c,VERIFIED,82,False,[],[],[],[],False,True,True,"[[0,1,2,3,4,5,6,7,8,9,10,11,12,13,14,15,16,17,18,19,20,21,22,23,24,25,26,27,28,29,30,31,32,33,34,35,36,37,38,39,40,41,42,43,44,45,46,47,48,49,50,51,52,53,54,55,56,57,58,59,60,61,62,63,64,65,66,67,68,69,70,71,72,73,74,75,76,77,78,79,80,81,82,83,84,85,86,87,88,89,90,91,92,93,94,95,96,97]]","[[0,10,14,17,20,22,26,31,37,46,50,55,71,74,77,97]]",0,False,False,False
order_development,g2-development-orders-02,DEVELOPMENT,142cb2ea925276defa8ef83b12e12c4040537d45af717f7d244952cdf0165f8f,cfg-b15b8281b73592fb,S-P-D,30,400,5,65,35,5,cfbe9cd91f81c6c8caac246d6221bb231c75f4e6bd9eef9fcb0743980f44352c,VERIFIED,2713,False,[],[],[],[],False,True,True,"[[0,1,2,3,4,5,6,7,8,9,10,11,12,13,14,15,16,17,18,19,20,21,22,23,24,25,26,27,28,29,30,31,32,33,34,35,36,37,38,39,40,41,42,43,44,45,46,47,48,49,50,51,52,53,54,55,56,57,58,59,60,61,62,63,64,65,66,67,68,69,70,71,72,73,74,75,76,77,78,79,80,81,82,83,84,85,86,87,88,89,90,91,92,93,94,95,96,97,98,99]]","[[0,13,22,27,44,48,62,69,90,99]]",0,False,False,False
order_development,g2-development-orders-02,DEVELOPMENT,142cb2ea925276defa8ef83b12e12c4040537d45af717f7d244952cdf0165f8f,cfg-b15b8281b73592fb,S-P-D,30,400,5,65,35,5,cfbe9cd91f81c6c8caac246d6221bb231c75f4e6bd9eef9fcb0743980f44352c,VERIFIED,647,False,[],[],[],[],False,True,True,"[[0,1,2,3,4,5,6,7,8,9,10,11,12,13,14,15,16,17,18,19,20,21,22,23,24,25,26,27,28,29,30,31,32,33,34,35,36,37,38,39,40,41,42,43,44,45,46,47,48,49,50,51,52,53,54,55,56,57,58,59,60,61,62,63,64,65,66,67,68,69,70,71,72,73,74,75,76,77,78,79,80,81,82,83,84,85,86,87,88,89,90,91,92,93,94,95,96,97,98,99]]","[[0,47,59,73,83,94,99]]",0,False,False,False
order_development,g2-development-orders-02,DEVELOPMENT,142cb2ea925276defa8ef83b12e12c4040537d45af717f7d244952cdf0165f8f,cfg-b15b8281b73592fb,S-P-D,30,400,5,65,35,5,cfbe9cd91f81c6c8caac246d6221bb231c75f4e6bd9eef9fcb0743980f44352c,VERIFIED,3367,False,[],[],[],[],False,True,True,"[[0,1,2,3,4,5,6,7,8,9,10,11,12,13,14,15,16,17,18,19,20,21,22,23,24,25,26,27,28,29,30,31,32,33,34,35,36,37,38,39,40,41,42,43,44,45,46,47,48,49,50,51,52,53,54,55,56,57,58,59,60,61,62,63,64,65,66,67,68,69,70,71,72,73,74,75,76,77,78,79,80,81,82,83,84,85,86,87,88,89,90,91,92,93,94,95,96,97,98]]","[[0,25,48,56,71,87,91,98]]",0,False,False,False
order_development,g2-development-orders-02,DEVELOPMENT,142cb2ea925276defa8ef83b12e12c4040537d45af717f7d244952cdf0165f8f,cfg-b15b8281b73592fb,S-P-D,30,400,5,65,35,5,cfbe9cd91f81c6c8caac246d6221bb231c75f4e6bd9eef9fcb0743980f44352c,VERIFIED,9565,False,[],[],[],[],False,True,True,"[[0,1,2,3,4,5,6,7,8,9,10,11,12,13,14,15,16,17,18,19,20,21,22,23,24,25,26,27,28,29,30,31,32,33,34,35,36,37,38,39,40,41,42,43,44,45,46,47,48,49,50,51,52,53,54,55,56,57,58,59,60,61,62,63,64,65,66,67,68,69,70,71,72,73,74,75,76,77,78,79,80,81,82,83,84,85,86,87,88,89,90,91,92,93,94,95]]","[[0,11,14,22,30,42,45,57,58,75,80,86,89,95]]",0,False,False,False
order_development,g2-development-orders-02,DEVELOPMENT,142cb2ea925276defa8ef83b12e12c4040537d45af717f7d244952cdf0165f8f,cfg-b15b8281b73592fb,S-P-D,30,400,5,65,35,5,cfbe9cd91f81c6c8caac246d6221bb231c75f4e6bd9eef9fcb0743980f44352c,VERIFIED,2141,False,[],[],[],[],False,True,True,"[[0,1,2,3,4,5,6,7,8,9,10,11,12,13,14,15,16,17,18,19,20,21,22,23,24,25,26,27,28,29,30,31,32,33,34,35,36,37,38,39,40,41,42,43,44,45,46,47,48,49,50,51,52,53,54,55,56,57,58,59,60,61,62,63,64,65,66,67,68,69,70,71,72,73,74,75,76,77,78,79,80,81,82,83,84,85,86,87,88,89,90,91,92,93,94,95,96,97,98,99,100,101]]","[[0,21,23,25,26,29,30,33,34,37,57,101]]",0,False,False,False
order_development,g2-development-orders-02,DEVELOPMENT,142cb2ea925276defa8ef83b12e12c4040537d45af717f7d244952cdf0165f8f,cfg-b15b8281b73592fb,S-P-D,30,400,5,65,35,5,cfbe9cd91f81c6c8caac246d6221bb231c75f4e6bd9eef9fcb0743980f44352c,VERIFIED,11193,False,[],[],[],[],False,True,True,"[[0,1,2,3,4,5,6,7,8,9,10,11,12,13,14,15,16,17,18,19,20,21,22,23,24,25,26,27,28,29,30,31,32,33,34,35,36,37,38,39,40,41,42,43,44,45,46,47,48,49,50,51,52,53,54,55,56,57,58,59,60,61,62,63,64,65,66,67,68,69,70,71,72,73,74,75,76,77,78,79,80,81,82,83,84,85,86,87,88,89,90,91,92,93,94,95,96,97,98]]","[[0,54,73,80,92,98]]",0,False,False,False
order_development,g2-development-orders-02,DEVELOPMENT,142cb2ea925276defa8ef83b12e12c4040537d45af717f7d244952cdf0165f8f,cfg-b15b8281b73592fb,S-P-D,30,400,5,65,35,5,cfbe9cd91f81c6c8caac246d6221bb231c75f4e6bd9eef9fcb0743980f44352c,VERIFIED,2286,False,[],[],[],[],False,True,False,[],[],100,True,True,False
order_development,g2-development-orders-02,DEVELOPMENT,142cb2ea925276defa8ef83b12e12c4040537d45af717f7d244952cdf0165f8f,cfg-b15b8281b73592fb,S-P-D,30,400,5,65,35,5,cfbe9cd91f81c6c8caac246d6221bb231c75f4e6bd9eef9fcb0743980f44352c,VERIFIED,4448,False,[],[],[],[],False,True,False,[],[],99,True,True,False
order_development,g2-development-orders-02,DEVELOPMENT,142cb2ea925276defa8ef83b12e12c4040537d45af717f7d244952cdf0165f8f,cfg-b15b8281b73592fb,S-P-D,30,400,5,65,35,5,cfbe9cd91f81c6c8caac246d6221bb231c75f4e6bd9eef9fcb0743980f44352c,VERIFIED,1628,False,[],[],[],[],False,True,True,"[[0,1,2,3,4,5,6,7,8,9,10,11,12,13,14,15,16,17,18,19,20,21,22,23,24,25,26,27,28,29,30,31,32,33,34,35,36,37,38,39,40,41,42,43,44,45,46,47,48,49,50,51,52,53,54,55,56,57,58,59,60,61,62,63,64,65,66,67,68,69,70,71,72,73,74,75,76,77,78,79,80,81,82,83,84,85,86,87,88,89,90,91,92,93,94,95,96,97,98,99]]","[[0,29,34,50,59,60,69,74,75,84,85,88,91,96,98,99]]",0,False,False,False
order_development,g2-development-orders-02,DEVELOPMENT,142cb2ea925276defa8ef83b12e12c4040537d45af717f7d244952cdf0165f8f,cfg-b15b8281b73592fb,S-P-D,30,400,5,65,35,5,cfbe9cd91f81c6c8caac246d6221bb231c75f4e6bd9eef9fcb0743980f44352c,VERIFIED,10169,False,[],[],[],[],False,True,True,"[[0,1,2,3,4,5,6,7,8,9,10,11,12,13,14,15,16,17,18,19,20,21,22,23,24,25,26,27,28,29,30,31,32,33,34,35,36,37,38,39,40,41,42,43,44,45,46,47,48,49,50,51,52,53,54,55,56,57,58,59,60,61,62,63,64,65,66,67,68,69,70,71,72,73,74,75,76,77,78,79,80,81,82,83,84,85,86,87,88,89,90,91,92,93,94,95,96,97,98,99,100,101,102,103]]","[[0,3,4,5,10,11,12,13,23,24,25,26,28,30,31,32,36,57,103]]",0,False,False,False
order_development,g2-development-orders-02,DEVELOPMENT,142cb2ea925276defa8ef83b12e12c4040537d45af717f7d244952cdf0165f8f,cfg-b15b8281b73592fb,S-P-D,30,400,5,65,35,5,cfbe9cd91f81c6c8caac246d6221bb231c75f4e6bd9eef9fcb0743980f44352c,VERIFIED,7151,False,[],[],[],[],False,True,False,[],[],99,True,True,False
order_development,g2-development-orders-02,DEVELOPMENT,142cb2ea925276defa8ef83b12e12c4040537d45af717f7d244952cdf0165f8f,cfg-b15b8281b73592fb,S-P-D,30,400,5,65,35,5,cfbe9cd91f81c6c8caac246d6221bb231c75f4e6bd9eef9fcb0743980f44352c,VERIFIED,10547,False,[],[],[],[],False,True,True,"[[0,1,2,3,4,5,6,7,8,9,10,11,12,13,14,15,16,17,18,19,20,21,22,23,24,25,26,27,28,29,30,31,32,33,34,35,36,37,38,39,40,41,42,43,44,45,46,47,48,49,50,51,52,53,54,55,56,57,58,59,60,61,62,63,64,65,66,67,68,69,70,71,72,73,74,75,76,77,78,79,80,81,82,83,84,85,86,87,88,89,90,91,92,93,94,95,96,97,98,99,100,101]]","[[0,5,6,7,8,10,11,15,18,19,21,31,101]]",0,False,False,False
order_development,g2-development-orders-02,DEVELOPMENT,142cb2ea925276defa8ef83b12e12c4040537d45af717f7d244952cdf0165f8f,cfg-b15b8281b73592fb,S-P-D,30,400,5,65,35,5,cfbe9cd91f81c6c8caac246d6221bb231c75f4e6bd9eef9fcb0743980f44352c,VERIFIED,10796,False,[],[],[],[],False,True,False,[],[],98,True,True,False
order_development,g2-development-orders-02,DEVELOPMENT,142cb2ea925276defa8ef83b12e12c4040537d45af717f7d244952cdf0165f8f,cfg-b15b8281b73592fb,S-P-D,30,400,5,65,35,5,cfbe9cd91f81c6c8caac246d6221bb231c75f4e6bd9eef9fcb0743980f44352c,VERIFIED,7831,False,[],[],[],[],False,True,False,[],[],100,True,True,False
order_development,g2-development-orders-02,DEVELOPMENT,142cb2ea925276defa8ef83b12e12c4040537d45af717f7d244952cdf0165f8f,cfg-b15b8281b73592fb,S-P-D,30,400,5,65,35,5,cfbe9cd91f81c6c8caac246d6221bb231c75f4e6bd9eef9fcb0743980f44352c,VERIFIED,4805,False,[],[],[],[],False,True,False,[],[],99,True,True,False
order_development,g2-development-orders-02,DEVELOPMENT,142cb2ea925276defa8ef83b12e12c4040537d45af717f7d244952cdf0165f8f,cfg-b15b8281b73592fb,S-P-D,30,400,5,65,35,5,cfbe9cd91f81c6c8caac246d6221bb231c75f4e6bd9eef9fcb0743980f44352c,VERIFIED,2232,False,[],[],[],[],False,True,True,"[[0,1,2,3,4,5,6,7,8,9,10,11,12,13,14,15,16,17,18,19,20,21,22,23,24,25,26,27,28,29,30,31,32,33,34,35,36,37,38,39,40,41]]","[[0,1,4,6,7,8,11,12,14,16,18,19,20,21,24,25,27,28,29,30,31,32,35,37,39,41]]",0,False,False,False
order_development,g2-development-orders-02,DEVELOPMENT,142cb2ea925276defa8ef83b12e12c4040537d45af717f7d244952cdf0165f8f,cfg-b15b8281b73592fb,S-P-D,30,400,5,65,35,5,cfbe9cd91f81c6c8caac246d6221bb231c75f4e6bd9eef9fcb0743980f44352c,VERIFIED,7764,False,[],[],[],[],False,True,True,"[[0,1,2,3,4,5,6,7],[8,9,10,11,12,13,14,15,16,17,18,19,20,21,22,23,24,25,26,27,28,29,30,31,32,33,34,35,36,37],[38,39,40,41,42,43,44,45,46,47,48,49,50,51,52,53,54,55,56,57,58,59,60,61,62,63,64,65,66,67,68,69,70,71,72,73,74,75,76,77,78,79,80,81,82,83,84,85,86,87,88,89,90,91,92,93,94,95,96,97,98,99,100,101,102,103,104,105,106,107,108,109,110,111,112,113,114,115,116,117,118,119,120,121]]","[[0,3,5,6,7],[8,11,12,13,14,15,17,18,20,22,23,26,28,29,30,32,34,35,37],[38,39,40,41,42,43,44,50,51,52,53,54,55,56,62,67,68,69,71,74,75,77,78,79,81,91,94,97,98,99,100,101,103,105,107,108,109,110,115,118,121]]",0,False,False,False
order_development,g2-development-orders-02,DEVELOPMENT,142cb2ea925276defa8ef83b12e12c4040537d45af717f7d244952cdf0165f8f,cfg-b15b8281b73592fb,S-P-D,30,400,5,65,35,5,cfbe9cd91f81c6c8caac246d6221bb231c75f4e6bd9eef9fcb0743980f44352c,VERIFIED,2197,False,[],[],[],[],False,True,True,"[[1,2,3,4,5,6,7,8,9,10,11,12,13,14,15,16,17,18,19,20,21,22,23,24,25,26,27,28,29,30,31,32,33],[34,35,36,37,38,39,40,41,42,43,44,45,46,47,48,49,50,51,52,53,54,55,56,57,58,59,60,61,62],[63,64,65,66,67,68,69,70,71,72,73,74,75,76,77,78,79,80,81,82,83,84,85,86,87,88,89,90,91,92,93,94,95]]","[[1,33],[34,40,46,56,62],[63,77,95]]",1,False,False,False
order_development,g2-development-orders-02,DEVELOPMENT,142cb2ea925276defa8ef83b12e12c4040537d45af717f7d244952cdf0165f8f,cfg-b15b8281b73592fb,S-P-D,30,400,5,65,35,5,cfbe9cd91f81c6c8caac246d6221bb231c75f4e6bd9eef9fcb0743980f44352c,VERIFIED,6876,False,[],[],[],[],False,True,True,"[[0,1,2,3,4,5,6,7,8,9,10,11,12,13,14,15,16,17,18,19,20,21,22,23,24,25]]","[[0,1,2,3,4,5,12,13,14,15,16,17,18,22,23,25]]",3,False,False,False
order_development,g2-development-orders-02,DEVELOPMENT,142cb2ea925276defa8ef83b12e12c4040537d45af717f7d244952cdf0165f8f,cfg-b15b8281b73592fb,S-P-D,30,400,5,65,35,5,cfbe9cd91f81c6c8caac246d6221bb231c75f4e6bd9eef9fcb0743980f44352c,VERIFIED,7875,False,[],[],[],[],False,True,False,[],[],90,True,True,False
order_development,g2-development-orders-02,DEVELOPMENT,142cb2ea925276defa8ef83b12e12c4040537d45af717f7d244952cdf0165f8f,cfg-b15b8281b73592fb,S-P-D,30,400,5,65,35,5,cfbe9cd91f81c6c8caac246d6221bb231c75f4e6bd9eef9fcb0743980f44352c,VERIFIED,1686,False,[],[],[],[],False,True,True,"[[0,1,2,3,4,5],[8,9,10,11,12,13,14,15],[18,19,20,21,22,23,24,25,26,27,28,29,30,31,32,33,34,35]]","[[0,2,5],[8,9,10,11,12,13,15],[18,19,20,24,25,26,28,31,35]]",4,False,False,False
order_development,g2-development-orders-02,DEVELOPMENT,142cb2ea925276defa8ef83b12e12c4040537d45af717f7d244952cdf0165f8f,cfg-b15b8281b73592fb,S-P-D,30,400,5,65,35,5,cfbe9cd91f81c6c8caac246d6221bb231c75f4e6bd9eef9fcb0743980f44352c,VERIFIED,4838,False,[],[],[],[],False,True,True,"[[0,1,2,3,4,5,6,7,8,9,10,11,12,13,14,15,16,17,18,19,20,21,22,23,24,25,26,27,28,29,30,31,32,33,34,35,36,37,38,39,40,41,42,43,44,45,46,47,48,49,50,51,52,53,54,55,56,57,58,59,60,61,62,63,64,65,66,67,68,69,70,71,72,73,74,75,76,77,78,79,80,81,82,83,84,85,86,87,88,89,90,91,92,93,94,95,96,97,98,99,100,101,102,103,104,105,106,107,108,109,110,111,112,113,114,115,116,117,118,119,120,121,122,123,124,125]]","[[0,6,10,12,20,22,26,27,36,40,41,42,44,45,48,49,51,52,55,57,62,64,67,68,74,77,80,83,85,90,91,92,93,100,102,103,107,112,116,117,118,119,120,121,122,124,125]]",0,False,False,False
order_development,g2-development-orders-02,DEVELOPMENT,142cb2ea925276defa8ef83b12e12c4040537d45af717f7d244952cdf0165f8f,cfg-b15b8281b73592fb,S-P-D,30,400,5,65,35,5,cfbe9cd91f81c6c8caac246d6221bb231c75f4e6bd9eef9fcb0743980f44352c,VERIFIED,1818,False,[],[],[],[],False,True,True,"[[1,2,3,4,5,6,7,8,9,10,11,12,13,14,15,16,17,18,19,20,21,22,23,24,25,26,27,28,29,30,31,32,33,34,35,36,37,38,39,40,41,42,43,44,45,46,47,48,49,50,51,52,53,54,55,56,57,58,59,60,61,62,63,64,65,66,67,68,69,70,71,72,73,74,75,76,77,78,79,80,81,82,83,84,85,86,87,88,89,90,91,92,93,94,95,96,97]]","[[1,19,25,33,44,48,52,67,97]]",1,False,False,False
order_development,g2-development-orders-02,DEVELOPMENT,142cb2ea925276defa8ef83b12e12c4040537d45af717f7d244952cdf0165f8f,cfg-b15b8281b73592fb,S-P-D,30,400,5,65,35,5,cfbe9cd91f81c6c8caac246d6221bb231c75f4e6bd9eef9fcb0743980f44352c,VERIFIED,10810,False,[],[],[],[],False,True,True,"[[0,1,2,3,4,5,6,7,8,9,10,11,12,13,14,15,16,17,18,19,20,21,22,23,24,25,26,27,28,29,30,31,32,33,34,35,36,37,38,39,40,41,42,43,44,45,46,47,48,49,50,51,52,53,54,55,56,57,58,59,60,61,62,63,64,65,66,67,68,69,70,71,72,73,74,75,76,77,78,79,80,81,82,83,84,85,86,87,88,89,90,91,92,93,94,95,96,97,98,99,100,101]]","[[0,3,4,5,6,14,21,22,23,24,28,33,35,45,49,59,64,74,82,84,93,97,101]]",0,False,False,False
order_development,g2-development-orders-02,DEVELOPMENT,142cb2ea925276defa8ef83b12e12c4040537d45af717f7d244952cdf0165f8f,cfg-b15b8281b73592fb,S-P-D,30,400,5,65,35,5,cfbe9cd91f81c6c8caac246d6221bb231c75f4e6bd9eef9fcb0743980f44352c,VERIFIED,4953,False,[],[],[],[],False,True,True,"[[0,1,2,3,4,5,6,7,8,9,10,11,12,13,14],[15,16,17,18,19,20,21,22,23,24,25,26,27,28,29,30,31,32,33,34,35,36,37,38,39,40,41,42,43,44,45,46,47,48,49,50,51,52,53,54,55,56,57,58,59,60,61,62,63,64,65,66,67,68,69,70,71,72,73,74,75],[76,77,78,79,80,81,82,83,84,85,86,87,88,89,90,91,92,93,94,95,96,97,98,99]]","[[0,1,11,12,13,14],[15,17,18,24,25,26,30,32,33,44,46,47,50,61,62,63,64,65,66,75],[76,80,81,82,83,84,87,91,99]]",0,False,False,False
order_development,g2-development-orders-02,DEVELOPMENT,142cb2ea925276defa8ef83b12e12c4040537d45af717f7d244952cdf0165f8f,cfg-b15b8281b73592fb,S-P-D,30,400,5,65,35,5,cfbe9cd91f81c6c8caac246d6221bb231c75f4e6bd9eef9fcb0743980f44352c,VERIFIED,7404,False,[],[],[],[],False,True,True,"[[0,1,2,3,4,5,6,7,8,9,10,11,12,13,14,15,16,17,18],[22,23,24,25,26,27,28,29,30,31,32,33,34,35,36,37,38,39,40],[41,42,43,44,45,46,47,48,49,50,51,52,53,54,55,56,57,58,59,60,61,62,63,64,65,66,67,68]]","[[0,1,3,5,6,7,11,12,14,18],[22,23,26,27,28,30,35,36,40],[41,42,44,45,46,47,51,52,56,58,60,62,64,65,66,68]]",3,False,False,False
order_development,g2-development-orders-02,DEVELOPMENT,142cb2ea925276defa8ef83b12e12c4040537d45af717f7d244952cdf0165f8f,cfg-b15b8281b73592fb,S-P-D,30,400,5,65,35,5,cfbe9cd91f81c6c8caac246d6221bb231c75f4e6bd9eef9fcb0743980f44352c,VERIFIED,3615,False,[],[],[],[],False,True,True,"[[1,2,3,4,5,6,7,8,9,10,11,12,13,14,15,16,17,18,19,20]]","[[1,3,4,5,6,7,8,9,10,11,13,14,15,16,17,19,20]]",1,False,False,False
order_development,g2-development-orders-02,DEVELOPMENT,142cb2ea925276defa8ef83b12e12c4040537d45af717f7d244952cdf0165f8f,cfg-b15b8281b73592fb,S-P-D,30,400,5,65,35,5,cfbe9cd91f81c6c8caac246d6221bb231c75f4e6bd9eef9fcb0743980f44352c,VERIFIED,3439,False,[],[],[],[],False,True,True,"[[0,1,2,3,4,5,6,7,8,9,10,11,12,13,14,15,16,17,18,19,20,21,22,23,24,25,26,27,28,29,30,31,32,33,34,35,36,37,38,39,40,41,42,43,44,45,46,47,48,49,50,51,52,53,54,55,56,57,58,59,60,61,62,63,64,65,66,67,68,69,70,71,72,73,74,75,76,77,78,79,80,81,82,83,84,85,86,87,88,89,90,91,92,93,94,95,96,97,98,99,100,101,102,103,104,105,106,107,108,109,110,111,112,113,114,115,116,117,118,119,120]]","[[0,13,15,18,19,23,25,31,33,34,36,37,39,40,42,43,45,47,48,49,50,51,53,56,57,60,61,63,68,69,71,73,75,79,80,81,83,85,91,92,97,102,103,108,120]]",0,False,False,False
order_development,g2-development-orders-02,DEVELOPMENT,142cb2ea925276defa8ef83b12e12c4040537d45af717f7d244952cdf0165f8f,cfg-b15b8281b73592fb,S-P-D,30,400,5,65,35,5,cfbe9cd91f81c6c8caac246d6221bb231c75f4e6bd9eef9fcb0743980f44352c,VERIFIED,9352,False,[],[],[],[],False,True,True,"[[0,1,2,3,4,5,6,7,8,9,10,11,12,13,14,15,16,17,18,19,20,21,22,23,24,25,26,27,28,29,30,31,32,33,34,35,36,37,38,39,40,41,42,43,44,45,46,47,48,49,50,51,52,53,54,55,56,57,58,59,60,61,62,63,64,65,66,67,68,69,70,71,72,73,74,75,76,77,78,79,80,81,82,83,84,85,86,87,88,89,90,91,92,93,94,95,96,97,98,99,100,101,102,103,104,105,106],[107,108,109,110,111,112,113,114]]","[[0,1,4,5,6,7,10,11,14,16,17,18,20,21,22,28,43,44,46,47,54,55,56,57,61,63,64,65,66,76,80,81,82,87,95,96,97,101,102,105,106],[107,112,113,114]]",0,False,False,False
order_development,g2-development-orders-02,DEVELOPMENT,142cb2ea925276defa8ef83b12e12c4040537d45af717f7d244952cdf0165f8f,cfg-b15b8281b73592fb,S-P-D,30,400,5,65,35,5,cfbe9cd91f81c6c8caac246d6221bb231c75f4e6bd9eef9fcb0743980f44352c,VERIFIED,5029,False,[],[],[],[],False,True,False,[],[],98,True,True,False
order_development,g2-development-orders-02,DEVELOPMENT,142cb2ea925276defa8ef83b12e12c4040537d45af717f7d244952cdf0165f8f,cfg-b15b8281b73592fb,S-P-D,30,400,5,65,35,5,cfbe9cd91f81c6c8caac246d6221bb231c75f4e6bd9eef9fcb0743980f44352c,VERIFIED,10000,False,[],[],[],[],False,True,True,"[[0,1,2,3,4,5,6,7,8,9,10,11,12,13,14,15,16,17,18,19,20,21,22,23,24,25,26,27,28,29,30,31,32,33,34,35,36,37,38,39,40,41,42,43,44,45,46,47,48,49,50,51,52,53,54,55,56,57,58,59,60,61,62,63,64,65,66,67,68,69,70,71,72,73,74,75,76,77,78,79,80,81,82,83,84,85,86,87,88,89,90,91,92,93,94,95,96,97,98,99,100,101,102,103,104,105,106,107,108,109,110,111,112,113,114,115,116,117,118,119,120,121,122,123]]","[[0,2,3,5,6,7,10,14,17,18,19,20,22,23,24,25,26,33,34,35,36,37,38,40,41,43,44,46,123]]",0,False,False,False
order_development,g2-development-orders-02,DEVELOPMENT,142cb2ea925276defa8ef83b12e12c4040537d45af717f7d244952cdf0165f8f,cfg-b15b8281b73592fb,S-P-D,30,400,5,65,35,5,cfbe9cd91f81c6c8caac246d6221bb231c75f4e6bd9eef9fcb0743980f44352c,VERIFIED,2340,False,[],[],[],[],False,True,True,"[[0,1,2,3,4,5,6,7,8,9,10,11,12,13,14,15,16,17,18,19,20,21,22,23,24,25,26,27,28,29,30,31,32,33,34,35,36,37,38,39,40,41,42,43,44,45,46,47,48,49,50,51,52,53,54,55,56,57,58,59,60,61,62,63,64,65,66,67,68,69,70,71,72,73,74,75,76,77,78,79,80,81,82,83,84,85,86,87,88,89,90,91,92,93,94,95,96,97,98,99,100,101,102,103,104,105,106,107,108,109]]","[[0,1,2,5,6,7,8,10,11,12,13,27,28,29,30,31,33,34,35,37,40,51,55,62,63,65,66,67,87,96,97,98,99,100,101,105,106,109]]",0,False,False,False
order_development,g2-development-orders-02,DEVELOPMENT,142cb2ea925276defa8ef83b12e12c4040537d45af717f7d244952cdf0165f8f,cfg-b15b8281b73592fb,S-P-D,30,400,5,65,35,5,cfbe9cd91f81c6c8caac246d6221bb231c75f4e6bd9eef9fcb0743980f44352c,VERIFIED,7920,False,[],[],[],[],False,True,True,"[[0,1,2,3,4,5,6,7,8,9,10,11,12,13,14,15,16,17,18,19,20,21,22,23,24,25,26,27,28,29,30,31,32,33,34,35,36,37,38,39,40,41,42,43,44,45,46,47,48,49,50,51,52,53,54,55,56,57,58,59,60,61,62,63,64,65,66,67,68,69,70,71,72,73,74,75,76,77,78,79]]","[[0,5,10,18,19,25,27,28,29,30,34,35,36,38,39,40,42,79]]",49,False,False,False
order_development,g2-development-orders-02,DEVELOPMENT,142cb2ea925276defa8ef83b12e12c4040537d45af717f7d244952cdf0165f8f,cfg-b15b8281b73592fb,S-P-D,30,400,5,65,35,5,cfbe9cd91f81c6c8caac246d6221bb231c75f4e6bd9eef9fcb0743980f44352c,VERIFIED,10442,False,[],[],[],[],False,True,True,"[[0,1,2,3,4,5,6,7,8,9,10,11,12,13,14,15,16,17,18,19,20]]","[[0,9,11,13,20]]",74,False,False,False
order_development,g2-development-orders-02,DEVELOPMENT,142cb2ea925276defa8ef83b12e12c4040537d45af717f7d244952cdf0165f8f,cfg-b15b8281b73592fb,S-P-D,30,400,5,65,35,5,cfbe9cd91f81c6c8caac246d6221bb231c75f4e6bd9eef9fcb0743980f44352c,VERIFIED,2034,False,[],[],[],[],False,True,True,"[[0,1,2,3,4,5,6,7,8,9,10,11,12,13,14,15,16,17,18,19,20,21,22,23,24,25,26,27,28,29,30,31,32,33,34,35,36,37,38,39,40,41,42,43,44,45,46,47,48,49,50,51,52,53,54,55],[56,57,58,59,60,61,62,63,64,65,66,67,68,69,70,71,72,73,74,75,76,77,78,79,80,81,82,83,84,85,86,87,88,89,90,91,92]]","[[0,47,50,53,55],[56,58,59,60,62,65,67,92]]",0,False,False,False
order_development,g2-development-orders-02,DEVELOPMENT,142cb2ea925276defa8ef83b12e12c4040537d45af717f7d244952cdf0165f8f,cfg-b15b8281b73592fb,S-P-D,30,400,5,65,35,5,cfbe9cd91f81c6c8caac246d6221bb231c75f4e6bd9eef9fcb0743980f44352c,VERIFIED,10051,False,[],[],[],[],False,True,True,"[[0,1,2,3,4,5,6,7,8,9,10,11,12,13,14,15,16,17,18,19,20,21,22,23,24,25,26,27,28,29,30,31,32,33,34,35,36,37,38,39,40,41,42,43,44,45,46,47,48,49,50,51,52,53,54,55,56,57,58,59,60,61,62,63,64,65,66],[67,68,69,70,71,72,73,74,75,76,77,78,79,80,81,82,83,84,85,86,87,88,89,90,91,92,93,94,95,96,97,98,99,100,101,102,103,104,105,106,107,108,109,110]]","[[0,2,9,10,11,16,18,22,23,24,26,30,31,32,34,35,36,38,39,40,42,50,52,54,66],[67,69,72,73,74,88,92,94,98,101,105,106,107,109,110]]",0,False,False,False
order_development,g2-development-orders-02,DEVELOPMENT,142cb2ea925276defa8ef83b12e12c4040537d45af717f7d244952cdf0165f8f,cfg-b15b8281b73592fb,S-P-D,30,400,5,65,35,5,cfbe9cd91f81c6c8caac246d6221bb231c75f4e6bd9eef9fcb0743980f44352c,VERIFIED,6556,False,[],[],[],[],False,True,False,[],[],97,True,True,False
order_development,g2-development-orders-02,DEVELOPMENT,142cb2ea925276defa8ef83b12e12c4040537d45af717f7d244952cdf0165f8f,cfg-b15b8281b73592fb,S-P-D,30,400,5,65,35,5,cfbe9cd91f81c6c8caac246d6221bb231c75f4e6bd9eef9fcb0743980f44352c,VERIFIED,8456,False,[],[],[],[],False,True,True,"[[0,1,2,3,4,5,6,7,8,9,10,11,12,13,14,15,16,17,18,19,20,21,22,23,24,25,26,27,28,29,30,31,32,33,34,35,36,37,38,39,40,41,42,43,44,45,46,47,48,49,50,51,52,53,54,55,56,57,58,59,60,61,62,63,64,65,66,67,68,69,70,71,72,73,74,75,76,77,78,79,80,81,82,83,84,85,86,87,88,89,90,91,92,93,94,95,96,97,98,99,100,101,102,103,104,105,106]]","[[0,1,2,3,8,9,10,13,23,30,32,33,35,36,38,39,40,41,42,44,45,47,53,55,56,57,58,60,61,65,66,68,70,77,91,96,97,98,99,100,106]]",0,False,False,False
order_development,g2-development-orders-02,DEVELOPMENT,142cb2ea925276defa8ef83b12e12c4040537d45af717f7d244952cdf0165f8f,cfg-b15b8281b73592fb,S-P-D,30,400,5,65,35,5,cfbe9cd91f81c6c8caac246d6221bb231c75f4e6bd9eef9fcb0743980f44352c,VERIFIED,1676,False,[],[],[],[],False,True,True,"[[0,1,2,3,4,5,6,7,8,9,10,11,12,13,14,15,16,17,18,19,20,21,22,23,24,25,26,27,28,29,30,31,32,33,34,35,36,37,38,39,40,41,42,43,44,45,46,47,48,49,50,51,52,53,54,55,56,57,58,59,60,61,62,63,64,65,66,67,68,69,70,71,72,73,74,75,76,77,78,79,80,81,82,83,84,85,86,87,88,89,90,91,92,93,94,95,96,97,98,99,100,101,102,103]]","[[0,4,5,7,9,11,12,14,15,21,22,23,25,26,27,28,29,30,33,35,36,38,40,41,52,67,90,92,95,96,99,101,103]]",0,False,False,False
order_development,g2-development-orders-02,DEVELOPMENT,0953e86969a063f98dda68b91a11787c3e1cfdf39224380d290870a9c5d24692,cfg-b15b8281b73592fb,D-S-P,30,400,5,65,35,5,105ac63ef92d1df78f54b21ad9cebcd1cb3d0774dcb518f6e91148dad4d0e0fb,VERIFIED,3549,False,[],[],"[{""index"":1,""window_indices"":[0,1,2,3],""boundary_right_indices"":[2]},{""index"":2,""window_indices"":[1,2,3,4],""boundary_right_indices"":[2]},{""index"":5,""window_indices"":[4,5,6,7],""boundary_right_indices"":[7]},{""index"":6,""window_indices"":[5,6,7,8],""boundary_right_indices"":[7]},{""index"":7,""window_indices"":[6,7,8,9],""boundary_right_indices"":[7]},{""index"":10,""window_indices"":[9,10,11,12],""boundary_right_indices"":[12]},{""index"":11,""window_indices"":[10,11,12,13],""boundary_right_indices"":[12]},{""index"":12,""window_indices"":[11,12,13,14],""boundary_right_indices"":[12]},{""index"":15,""window_indices"":[14,15,16,17],""boundary_right_indices"":[17]},{""index"":16,""window_indices"":[15,16,17,18],""boundary_right_indices"":[17]},{""index"":17,""window_indices"":[16,17,18,19],""boundary_right_indices"":[17]},{""index"":46,""window_indices"":[45,46,47,48],""boundary_right_indices"":[48]},{""index"":47,""window_indices"":[46,47,48,49],""boundary_right_indices"":[48]},{""index"":48,""window_indices"":[47,48,49,50],""boundary_right_indices"":[48]},{""index"":51,""window_indices"":[50,51,52,53],""boundary_right_indices"":[53]},{""index"":52,""window_indices"":[51,52,53,54],""boundary_right_indices"":[53]},{""index"":53,""window_indices"":[52,53,54,55],""boundary_right_indices"":[53]},{""index"":61,""window_indices"":[60,61,62,63],""boundary_right_indices"":[63]},{""index"":62,""window_indices"":[61,62,63,64],""boundary_right_indices"":[63]},{""index"":63,""window_indices"":[62,63,64,65],""boundary_right_indices"":[63]},{""index"":73,""window_indices"":[72,73,74,75],""boundary_right_indices"":[75]},{""index"":74,""window_indices"":[73,74,75,76],""boundary_right_indices"":[75]},{""index"":75,""window_indices"":[74,75,76,77],""boundary_right_indices"":[75]},{""index"":78,""window_indices"":[77,78,79,80],""boundary_right_indices"":[80]},{""index"":79,""window_indices"":[78,79,80,81],""boundary_right_indices"":[80]},{""index"":80,""window_indices"":[79,80,81,82],""boundary_right_indices"":[80]},{""index"":83,""window_indices"":[82,83,84,85],""boundary_right_indices"":[85]},{""index"":84,""window_indices"":[83,84,85,86],""boundary_right_indices"":[85]},{""index"":85,""window_indices"":[84,85,86,87],""boundary_right_indices"":[85]}]",[],False,False,True,"[[2,3,4,5,6],[7,8,9,10,11],[12,13,14,15,16],[17,18,19,20,21,22,23,24,25,26,27,28,29,30,31,32,33,34,35,36,37,38,39,40,41,42,43,44,45,46,47],[48,49,50,51,52],[53,54,55,56,57,58,59,60,61,62],[63,64,65,66,67,68,69,70,71,72,73,74],[75,76,77,78,79],[80,81,82,83,84],[85,86,87,88,89,90,91,92,93]]","[[0,1,2,3,4,5,6,7,8,9,10,11,12,13,14,15,16,17,18,19,20,21,22,23,24,25,26,27,28,29,30,31,32,33,34,35,36,37,38,39,40,41,42,43,44,45,46,47,48,49,50,51,52,53,54,55,56,57,58,59,60,61,62,63,64,65,66,67,68,69,70,71,72,73,74,75,76,77,78,79,80,81,82,83,84,85,86,87,88,89,90,91,92,93]]",2,False,False,False
order_development,g2-development-orders-02,DEVELOPMENT,0953e86969a063f98dda68b91a11787c3e1cfdf39224380d290870a9c5d24692,cfg-b15b8281b73592fb,D-S-P,30,400,5,65,35,5,105ac63ef92d1df78f54b21ad9cebcd1cb3d0774dcb518f6e91148dad4d0e0fb,VERIFIED,3203,True,"[97,98,99,100,101,102,103,104,105,106,107,108,109]",[],"[{""index"":59,""window_indices"":[58,59,60,61],""boundary_right_indices"":[61]},{""index"":60,""window_indices"":[59,60,61,62],""boundary_right_indices"":[61]},{""index"":61,""window_indices"":[60,61,62,63],""boundary_right_indices"":[61]}]",[],False,False,True,"[[0,1,2,3,4,5,6,7,8,9,10,11,12,13,14,15,16,17,18,19,20,21,22,23,24,25,26,27,28,29,30,31,32,33,34,35,36,37,38,39,40,41,42,43,44,45,46,47,48,49,50,51,52,53,54,55,56,57,58,59,60],[61,62,63,64,65,66,67,68,69,70,71,72,73,74,75,76,77,78,79,80,81,82,83,84,85,86,87,88,89,90,91,92,93,94,95,96,97,98,99,100,101,102,103,104,105,106,107,108,109]]","[[0,1,2,3,4,5,6,7,8,9,10,11,12,13,14,15,16,17,18,19,20,21,22,23,24,25,26,27,28,29,30,31,32,33,34,35,36,37,38,39,40,41,42,43,44,45,46,47,48,49,50,51,52,53,54,55,56,57,58,59,60,61,62,63,64,65,66,67,68,69,70,71,72,73,74,75,76,77,78,79,80,81,82,83,84,85,86,87,88,89,90,91,92,93,94,95,96,97,98,99,100,101,102,103,104,105,106,107,108,109]]",9,False,False,False
order_development,g2-development-orders-02,DEVELOPMENT,0953e86969a063f98dda68b91a11787c3e1cfdf39224380d290870a9c5d24692,cfg-b15b8281b73592fb,D-S-P,30,400,5,65,35,5,105ac63ef92d1df78f54b21ad9cebcd1cb3d0774dcb518f6e91148dad4d0e0fb,VERIFIED,867,False,[],[],"[{""index"":1,""window_indices"":[0,1,2,3],""boundary_right_indices"":[1]},{""index"":3,""window_indices"":[2,3,4,5],""boundary_right_indices"":[5]},{""index"":4,""window_indices"":[3,4,5,6],""boundary_right_indices"":[5]},{""index"":5,""window_indices"":[4,5,6,7],""boundary_right_indices"":[5]},{""index"":8,""window_indices"":[7,8,9,10],""boundary_right_indices"":[10]},{""index"":9,""window_indices"":[8,9,10,11],""boundary_right_indices"":[10]},{""index"":10,""window_indices"":[9,10,11,12],""boundary_right_indices"":[10]},{""index"":14,""window_indices"":[13,14,15,16],""boundary_right_indices"":[16]},{""index"":15,""window_indices"":[14,15,16,17],""boundary_right_indices"":[16]},{""index"":16,""window_indices"":[15,16,17,18],""boundary_right_indices"":[16]},{""index"":19,""window_indices"":[18,19,20,21],""boundary_right_indices"":[21]},{""index"":20,""window_indices"":[19,20,21,22],""boundary_right_indices"":[21]},{""index"":21,""window_indices"":[20,21,22,23],""boundary_right_indices"":[21]},{""index"":23,""window_indices"":[22,23,24,25],""boundary_right_indices"":[25]},{""index"":24,""window_indices"":[23,24,25,26],""boundary_right_indices"":[25]},{""index"":25,""window_indices"":[24,25,26,27],""boundary_right_indices"":[25]},{""index"":34,""window_indices"":[33,34,35,36],""boundary_right_indices"":[36]},{""index"":35,""window_indices"":[34,35,36,37],""boundary_right_indices"":[36]},{""index"":36,""window_indices"":[35,36,37,38],""boundary_right_indices"":[36]},{""index"":39,""window_indices"":[38,39,40,41],""boundary_right_indices"":[41]},{""index"":40,""window_indices"":[39,40,41,42],""boundary_right_indices"":[41]},{""index"":41,""window_indices"":[40,41,42,43],""boundary_right_indices"":[41]},{""index"":56,""window_indices"":[55,56,57,58],""boundary_right_indices"":[58]},{""index"":57,""window_indices"":[56,57,58,59],""boundary_right_indices"":[58]},{""index"":58,""window_indices"":[57,58,59,60],""boundary_right_indices"":[58]},{""index"":61,""window_indices"":[60,61,62,63],""boundary_right_indices"":[63]},{""index"":62,""window_indices"":[61,62,63,64],""boundary_right_indices"":[63]},{""index"":63,""window_indices"":[62,63,64,65],""boundary_right_indices"":[63]},{""index"":72,""window_indices"":[71,72,73,74],""boundary_right_indices"":[74]},{""index"":73,""window_indices"":[72,73,74,75],""boundary_right_indices"":[74]},{""index"":74,""window_indices"":[73,74,75,76],""boundary_right_indices"":[74]},{""index"":77,""window_indices"":[76,77,78,79],""boundary_right_indices"":[79]},{""index"":78,""window_indices"":[77,78,79,80],""boundary_right_indices"":[79]},{""index"":79,""window_indices"":[78,79,80,81],""boundary_right_indices"":[79]},{""index"":82,""window_indices"":[81,82,83,84],""boundary_right_indices"":[84]},{""index"":83,""window_indices"":[82,83,84,85],""boundary_right_indices"":[84]},{""index"":84,""window_indices"":[83,84,85,86],""boundary_right_indices"":[84]},{""index"":87,""window_indices"":[86,87,88,89],""boundary_right_indices"":[89]},{""index"":88,""window_indices"":[87,88,89,90],""boundary_right_indices"":[89]},{""index"":89,""window_indices"":[88,89,90,91],""boundary_right_indices"":[89]},{""index"":92,""window_indices"":[91,92,93,94],""boundary_right_indices"":[94]},{""index"":93,""window_indices"":[92,93,94,95],""boundary_right_indices"":[94]},{""index"":94,""window_indices"":[93,94,95,96],""boundary_right_indices"":[94]},{""index"":96,""window_indices"":[95,96,97,98],""boundary_right_indices"":[98]},{""index"":97,""window_indices"":[96,97,98,99],""boundary_right_indices"":[98]},{""index"":98,""window_indices"":[97,98,99,100],""boundary_right_indices"":[98]}]",[],False,False,True,"[[5,6,7,8,9],[10,11,12,13,14,15],[16,17,18,19,20],[25,26,27,28,29,30,31,32,33,34,35],[36,37,38,39,40],[41,42,43,44,45,46,47,48,49,50,51,52,53,54,55,56,57],[58,59,60,61,62],[63,64,65,66,67,68,69,70,71,72,73],[74,75,76,77,78],[79,80,81,82,83],[84,85,86,87,88],[89,90,91,92,93]]","[[0,1,2,3,4,5,6,7,8,9,10,11,12,13,14,15,16,17,18,19,20,21,22,23,24,25,26,27,28,29,30,31,32,33,34,35,36,37,38,39,40,41,42,43,44,45,46,47,48,49,50,51,52,53,54,55,56,57,58,59,60,61,62,63,64,65,66,67,68,69,70,71,72,73,74,75,76,77,78,79,80,81,82,83,84,85,86,87,88,89,90,91,92,93,94,95,96,97,98,99,100]]",16,False,False,False
order_development,g2-development-orders-02,DEVELOPMENT,0953e86969a063f98dda68b91a11787c3e1cfdf39224380d290870a9c5d24692,cfg-b15b8281b73592fb,D-S-P,30,400,5,65,35,5,105ac63ef92d1df78f54b21ad9cebcd1cb3d0774dcb518f6e91148dad4d0e0fb,VERIFIED,10449,True,"[35,36,53,54,55]",[],"[{""index"":75,""window_indices"":[74,75,76,77],""boundary_right_indices"":[77]},{""index"":76,""window_indices"":[75,76,77,78],""boundary_right_indices"":[77]},{""index"":77,""window_indices"":[76,77,78,79],""boundary_right_indices"":[77]},{""index"":95,""window_indices"":[94,95,96,97],""boundary_right_indices"":[97]},{""index"":96,""window_indices"":[95,96,97,98],""boundary_right_indices"":[97]},{""index"":97,""window_indices"":[96,97,98,99],""boundary_right_indices"":[97]}]",[],False,False,True,"[[0,1,2,3,4,5,6,7,8,9,10,11,12,13,14,15,16,17,18,19,20,21,22,23,24,25,26,27,28,29,30,31,32,33,34,35,36,37,38,39,40,41,42,43,44,45,46,47,48,49,50,51,52,53,54,55,56,57,58,59,60,61,62,63,64,65,66,67,68,69,70,71,72,73,74,75,76],[77,78,79,80,81,82,83,84,85,86,87,88,89,90,91,92,93,94,95,96]]","[[0,1,2,3,4,5,6,7,8,9,10,11,12,13,14,15,16,17,18,19,20,21,22,23,24,25,26,27,28,29,30,31,32,33,34,35,36,37,38,39,40,41,42,43,44,45,46,47,48,49,50,51,52,53,54,55,56,57,58,59,60,61,62,63,64,65,66,67,68,69,70,71,72,73,74,75,76,77,78,79,80,81,82,83,84,85,86,87,88,89,90,91,92,93,94,95,96,97,98,99,100]]",4,False,False,False
order_development,g2-development-orders-02,DEVELOPMENT,0953e86969a063f98dda68b91a11787c3e1cfdf39224380d290870a9c5d24692,cfg-b15b8281b73592fb,D-S-P,30,400,5,65,35,5,105ac63ef92d1df78f54b21ad9cebcd1cb3d0774dcb518f6e91148dad4d0e0fb,VERIFIED,2308,False,[],[],"[{""index"":1,""window_indices"":[0,1,2,3],""boundary_right_indices"":[2]},{""index"":2,""window_indices"":[1,2,3,4],""boundary_right_indices"":[2]},{""index"":5,""window_indices"":[4,5,6,7],""boundary_right_indices"":[7]},{""index"":6,""window_indices"":[5,6,7,8],""boundary_right_indices"":[7]},{""index"":7,""window_indices"":[6,7,8,9],""boundary_right_indices"":[7,9]},{""index"":8,""window_indices"":[7,8,9,10],""boundary_right_indices"":[9]},{""index"":9,""window_indices"":[8,9,10,11],""boundary_right_indices"":[9,11]},{""index"":10,""window_indices"":[9,10,11,12],""boundary_right_indices"":[11]},{""index"":11,""window_indices"":[10,11,12,13],""boundary_right_indices"":[11]},{""index"":14,""window_indices"":[13,14,15,16],""boundary_right_indices"":[16]},{""index"":15,""window_indices"":[14,15,16,17],""boundary_right_indices"":[16]},{""index"":16,""window_indices"":[15,16,17,18],""boundary_right_indices"":[16]}]",[],False,False,True,"[[2,3,4,5,6],[11,12,13,14,15],[16,17,18,19,20,21,22,23,24,25,26,27,28,29,30,31,32,33,34,35,36,37,38,39,40,41,42]]","[[0,1,2,3,4,5,6,7,8,9,10,11,12,13,14,15,16,17,18,19,20,21,22,23,24,25,26,27,28,29,30,31,32,33,34,35,36,37,38,39,40,41,42]]",6,False,False,False
order_development,g2-development-orders-02,DEVELOPMENT,0953e86969a063f98dda68b91a11787c3e1cfdf39224380d290870a9c5d24692,cfg-b15b8281b73592fb,D-S-P,30,400,5,65,35,5,105ac63ef92d1df78f54b21ad9cebcd1cb3d0774dcb518f6e91148dad4d0e0fb,VERIFIED,11355,True,"[23,24,25,26,27,37,38]",[],"[{""index"":87,""window_indices"":[86,87,88,89],""boundary_right_indices"":[89]},{""index"":88,""window_indices"":[87,88,89,90],""boundary_right_indices"":[89,90]},{""index"":89,""window_indices"":[88,89,90,91],""boundary_right_indices"":[89,90]},{""index"":90,""window_indices"":[89,90,91,92],""boundary_right_indices"":[90]}]",[],False,False,True,"[[0,1,2,3,4,5,6,7,8,9,10,11,12,13,14,15,16,17,18,19,20,21,22,23,24,25,26,27,28,29,30,31,32,33,34,35,36,37,38,39,40,41,42,43,44,45,46,47,48,49,50,51,52,53,54,55,56,57,58,59,60,61,62,63,64,65,66,67,68,69,70,71,72,73,74,75,76,77,78,79,80,81,82,83,84,85,86,87,88],[90,91,92,93,94,95,96,97,98,99,100,101,102,103,104,105,106,107,108,109,110,111,112,113]]","[[0,1,2,3,4,5,6,7,8,9,10,11,12,13,14,15,16,17,18,19,20,21,22,23,24,25,26,27,28,29,30,31,32,33,34,35,36,37,38,39,40,41,42,43,44,45,46,47,48,49,50,51,52,53,54,55,56,57,58,59,60,61,62,63,64,65,66,67,68,69,70,71,72,73,74,75,76,77,78,79,80,81,82,83,84,85,86,87,88,89,90,91,92,93,94,95,96,97,98,99,100,101,102,103,104,105,106,107,108,109,110,111,112,113]]",0,False,False,False
order_development,g2-development-orders-02,DEVELOPMENT,0953e86969a063f98dda68b91a11787c3e1cfdf39224380d290870a9c5d24692,cfg-b15b8281b73592fb,D-S-P,30,400,5,65,35,5,105ac63ef92d1df78f54b21ad9cebcd1cb3d0774dcb518f6e91148dad4d0e0fb,VERIFIED,3357,False,[],[],"[{""index"":74,""window_indices"":[73,74,75,76],""boundary_right_indices"":[76]},{""index"":75,""window_indices"":[74,75,76,77],""boundary_right_indices"":[76]},{""index"":76,""window_indices"":[75,76,77,78],""boundary_right_indices"":[76]},{""index"":79,""window_indices"":[78,79,80,81],""boundary_right_indices"":[81]},{""index"":80,""window_indices"":[79,80,81,82],""boundary_right_indices"":[81]},{""index"":81,""window_indices"":[80,81,82,83],""boundary_right_indices"":[81]},{""index"":84,""window_indices"":[83,84,85,86],""boundary_right_indices"":[86]},{""index"":85,""window_indices"":[84,85,86,87],""boundary_right_indices"":[86]},{""index"":86,""window_indices"":[85,86,87,88],""boundary_right_indices"":[86]},{""index"":95,""window_indices"":[94,95,96,97],""boundary_right_indices"":[97]},{""index"":96,""window_indices"":[95,96,97,98],""boundary_right_indices"":[97]},{""index"":97,""window_indices"":[96,97,98,99],""boundary_right_indices"":[97]},{""index"":100,""window_indices"":[99,100,101,102],""boundary_right_indices"":[102]},{""index"":101,""window_indices"":[100,101,102,103],""boundary_right_indices"":[102]}]",[],False,False,True,"[[0,1,2,3,4,5,6,7,8,9,10,11,12,13,14,15,16,17,18,19,20,21,22,23,24,25,26,27,28,29,30,31,32,33,34,35,36,37,38,39,40,41,42,43,44,45,46,47,48,49,50,51,52,53,54,55,56,57,58,59,60,61,62,63,64,65,66,67,68,69,70,71,72,73,74,75],[76,77,78,79,80],[81,82,83,84,85],[86,87,88,89,90,91,92,93,94,95,96],[97,98,99,100,101]]","[[0,1,2,3,4,5,6,7,8,9,10,11,12,13,14,15,16,17,18,19,20,21,22,23,24,25,26,27,28,29,30,31,32,33,34,35,36,37,38,39,40,41,42,43,44,45,46,47,48,49,50,51,52,53,54,55,56,57,58,59,60,61,62,63,64,65,66,67,68,69,70,71,72,73,74,75,76,77,78,79,80,81,82,83,84,85,86,87,88,89,90,91,92,93,94,95,96,97,98,99,100,101,102,103]]",2,False,False,False
order_development,g2-development-orders-02,DEVELOPMENT,0953e86969a063f98dda68b91a11787c3e1cfdf39224380d290870a9c5d24692,cfg-b15b8281b73592fb,D-S-P,30,400,5,65,35,5,105ac63ef92d1df78f54b21ad9cebcd1cb3d0774dcb518f6e91148dad4d0e0fb,VERIFIED,4773,False,[],[],"[{""index"":4,""window_indices"":[3,4,5,6],""boundary_right_indices"":[6]},{""index"":5,""window_indices"":[4,5,6,7],""boundary_right_indices"":[6]},{""index"":6,""window_indices"":[5,6,7,8],""boundary_right_indices"":[6]},{""index"":13,""window_indices"":[12,13,14,15],""boundary_right_indices"":[15]},{""index"":14,""window_indices"":[13,14,15,16],""boundary_right_indices"":[15]},{""index"":15,""window_indices"":[14,15,16,17],""boundary_right_indices"":[15]},{""index"":18,""window_indices"":[17,18,19,20],""boundary_right_indices"":[20]},{""index"":19,""window_indices"":[18,19,20,21],""boundary_right_indices"":[20]},{""index"":20,""window_indices"":[19,20,21,22],""boundary_right_indices"":[20]},{""index"":23,""window_indices"":[22,23,24,25],""boundary_right_indices"":[25]},{""index"":24,""window_indices"":[23,24,25,26],""boundary_right_indices"":[25]},{""index"":25,""window_indices"":[24,25,26,27],""boundary_right_indices"":[25]},{""index"":45,""window_indices"":[44,45,46,47],""boundary_right_indices"":[47]},{""index"":46,""window_indices"":[45,46,47,48],""boundary_right_indices"":[47]},{""index"":47,""window_indices"":[46,47,48,49],""boundary_right_indices"":[47]},{""index"":54,""window_indices"":[53,54,55,56],""boundary_right_indices"":[56]},{""index"":55,""window_indices"":[54,55,56,57],""boundary_right_indices"":[56]},{""index"":56,""window_indices"":[55,56,57,58],""boundary_right_indices"":[56]},{""index"":70,""window_indices"":[69,70,71,72],""boundary_right_indices"":[72]},{""index"":71,""window_indices"":[70,71,72,73],""boundary_right_indices"":[72]},{""index"":72,""window_indices"":[71,72,73,74],""boundary_right_indices"":[72]},{""index"":76,""window_indices"":[75,76,77,78],""boundary_right_indices"":[78]},{""index"":77,""window_indices"":[76,77,78,79],""boundary_right_indices"":[78]},{""index"":78,""window_indices"":[77,78,79,80],""boundary_right_indices"":[78]},{""index"":87,""window_indices"":[86,87,88,89],""boundary_right_indices"":[89]},{""index"":88,""window_indices"":[87,88,89,90],""boundary_right_indices"":[89]},{""index"":89,""window_indices"":[88,89,90,91],""boundary_right_indices"":[89]},{""index"":92,""window_indices"":[91,92,93,94],""boundary_right_indices"":[94]},{""index"":93,""window_indices"":[92,93,94,95],""boundary_right_indices"":[94]},{""index"":94,""window_indices"":[93,94,95,96],""boundary_right_indices"":[94]}]",[],False,False,True,"[[0,1,2,3,4,5],[6,7,8,9,10,11,12,13,14],[15,16,17,18,19],[20,21,22,23,24],[25,26,27,28,29,30,31,32,33,34,35,36,37,38,39,40,41,42,43,44,45,46],[47,48,49,50,51,52,53,54,55],[56,57,58,59,60,61,62,63,64,65,66,67,68,69,70,71],[72,73,74,75,76,77],[78,79,80,81,82,83,84,85,86,87,88],[89,90,91,92,93],[94,95,96,97,98,99,100,101]]","[[0,1,2,3,4,5,6,7,8,9,10,11,12,13,14,15,16,17,18,19,20,21,22,23,24,25,26,27,28,29,30,31,32,33,34,35,36,37,38,39,40,41,42,43,44,45,46,47,48,49,50,51,52,53,54,55,56,57,58,59,60,61,62,63,64,65,66,67,68,69,70,71,72,73,74,75,76,77,78,79,80,81,82,83,84,85,86,87,88,89,90,91,92,93,94,95,96,97,98,99,100,101]]",0,False,False,False
order_development,g2-development-orders-02,DEVELOPMENT,0953e86969a063f98dda68b91a11787c3e1cfdf39224380d290870a9c5d24692,cfg-b15b8281b73592fb,D-S-P,30,400,5,65,35,5,105ac63ef92d1df78f54b21ad9cebcd1cb3d0774dcb518f6e91148dad4d0e0fb,VERIFIED,3291,True,"[62,63,75,76,77]",[],"[{""index"":1,""window_indices"":[0,1,2,3],""boundary_right_indices"":[3]},{""index"":2,""window_indices"":[1,2,3,4],""boundary_right_indices"":[3]},{""index"":3,""window_indices"":[2,3,4,5],""boundary_right_indices"":[3]},{""index"":10,""window_indices"":[9,10,11,12],""boundary_right_indices"":[12]},{""index"":11,""window_indices"":[10,11,12,13],""boundary_right_indices"":[12]},{""index"":12,""window_indices"":[11,12,13,14],""boundary_right_indices"":[12]}]",[],False,False,True,"[[3,4,5,6,7,8,9,10,11],[12,13,14,15,16,17,18,19,20,21,22,23,24,25,26,27,28,29,30,31,32,33,34,35,36,37,38,39,40,41,42,43,44,45,46,47,48,49,50,51,52,53,54,55,56,57,58,59,60,61,62,63,64,65,66,67,68,69,70,71,72,73,74,75,76,77,78,79,80,81,82,83,84,85,86,87,88,89,90,91,92,93,94,95]]","[[0,1,2,3,4,5,6,7,8,9,10,11,12,13,14,15,16,17,18,19,20,21,22,23,24,25,26,27,28,29,30,31,32,33,34,35,36,37,38,39,40,41,42,43,44,45,46,47,48,49,50,51,52,53,54,55,56,57,58,59,60,61,62,63,64,65,66,67,68,69,70,71,72,73,74,75,76,77,78,79,80,81,82,83,84,85,86,87,88,89,90,91,92,93,94,95]]",3,False,False,False
order_development,g2-development-orders-02,DEVELOPMENT,0953e86969a063f98dda68b91a11787c3e1cfdf39224380d290870a9c5d24692,cfg-b15b8281b73592fb,D-S-P,30,400,5,65,35,5,105ac63ef92d1df78f54b21ad9cebcd1cb3d0774dcb518f6e91148dad4d0e0fb,VERIFIED,10433,False,[],[],"[{""index"":1,""window_indices"":[0,1,2,3],""boundary_right_indices"":[2]},{""index"":2,""window_indices"":[1,2,3,4],""boundary_right_indices"":[2]},{""index"":5,""window_indices"":[4,5,6,7],""boundary_right_indices"":[7]},{""index"":6,""window_indices"":[5,6,7,8],""boundary_right_indices"":[7]},{""index"":7,""window_indices"":[6,7,8,9],""boundary_right_indices"":[7]},{""index"":10,""window_indices"":[9,10,11,12],""boundary_right_indices"":[12]},{""index"":11,""window_indices"":[10,11,12,13],""boundary_right_indices"":[12]},{""index"":12,""window_indices"":[11,12,13,14],""boundary_right_indices"":[12]},{""index"":15,""window_indices"":[14,15,16,17],""boundary_right_indices"":[17]},{""index"":16,""window_indices"":[15,16,17,18],""boundary_right_indices"":[17]},{""index"":17,""window_indices"":[16,17,18,19],""boundary_right_indices"":[17]},{""index"":20,""window_indices"":[19,20,21,22],""boundary_right_indices"":[22]},{""index"":21,""window_indices"":[20,21,22,23],""boundary_right_indices"":[22]},{""index"":22,""window_indices"":[21,22,23,24],""boundary_right_indices"":[22]},{""index"":25,""window_indices"":[24,25,26,27],""boundary_right_indices"":[27]},{""index"":26,""window_indices"":[25,26,27,28],""boundary_right_indices"":[27]},{""index"":27,""window_indices"":[26,27,28,29],""boundary_right_indices"":[27]},{""index"":30,""window_indices"":[29,30,31,32],""boundary_right_indices"":[32]},{""index"":31,""window_indices"":[30,31,32,33],""boundary_right_indices"":[32]},{""index"":32,""window_indices"":[31,32,33,34],""boundary_right_indices"":[32]},{""index"":34,""window_indices"":[33,34,35,36],""boundary_right_indices"":[36]},{""index"":35,""window_indices"":[34,35,36,37],""boundary_right_indices"":[36]},{""index"":36,""window_indices"":[35,36,37,38],""boundary_right_indices"":[36]},{""index"":39,""window_indices"":[38,39,40,41],""boundary_right_indices"":[41]},{""index"":40,""window_indices"":[39,40,41,42],""boundary_right_indices"":[41]},{""index"":41,""window_indices"":[40,41,42,43],""boundary_right_indices"":[41]},{""index"":50,""window_indices"":[49,50,51,52],""boundary_right_indices"":[52]},{""index"":51,""window_indices"":[50,51,52,53],""boundary_right_indices"":[52]},{""index"":52,""window_indices"":[51,52,53,54],""boundary_right_indices"":[52]},{""index"":55,""window_indices"":[54,55,56,57],""boundary_right_indices"":[57]},{""index"":56,""window_indices"":[55,56,57,58],""boundary_right_indices"":[57]},{""index"":57,""window_indices"":[56,57,58,59],""boundary_right_indices"":[57]},{""index"":60,""window_indices"":[59,60,61,62],""boundary_right_indices"":[62]},{""index"":61,""window_indices"":[60,61,62,63],""boundary_right_indices"":[62]},{""index"":62,""window_indices"":[61,62,63,64],""boundary_right_indices"":[62]},{""index"":65,""window_indices"":[64,65,66,67],""boundary_right_indices"":[67]},{""index"":66,""window_indices"":[65,66,67,68],""boundary_right_indices"":[67]},{""index"":67,""window_indices"":[66,67,68,69],""boundary_right_indices"":[67]},{""index"":70,""window_indices"":[69,70,71,72],""boundary_right_indices"":[72]},{""index"":71,""window_indices"":[70,71,72,73],""boundary_right_indices"":[72]},{""index"":72,""window_indices"":[71,72,73,74],""boundary_right_indices"":[72]},{""index"":75,""window_indices"":[74,75,76,77],""boundary_right_indices"":[77]},{""index"":76,""window_indices"":[75,76,77,78],""boundary_right_indices"":[77]},{""index"":77,""window_indices"":[76,77,78,79],""boundary_right_indices"":[77]},{""index"":80,""window_indices"":[79,80,81,82],""boundary_right_indices"":[82]},{""index"":81,""window_indices"":[80,81,82,83],""boundary_right_indices"":[82]},{""index"":82,""window_indices"":[81,82,83,84],""boundary_right_indices"":[82]},{""index"":85,""window_indices"":[84,85,86,87],""boundary_right_indices"":[87]},{""index"":86,""window_indices"":[85,86,87,88],""boundary_right_indices"":[87]},{""index"":87,""window_indices"":[86,87,88,89],""boundary_right_indices"":[87]},{""index"":90,""window_indices"":[89,90,91,92],""boundary_right_indices"":[92]},{""index"":91,""window_indices"":[90,91,92,93],""boundary_right_indices"":[92]},{""index"":92,""window_indices"":[91,92,93,94],""boundary_right_indices"":[92]},{""index"":95,""window_indices"":[94,95,96,97],""boundary_right_indices"":[97]},{""index"":96,""window_indices"":[95,96,97,98],""boundary_right_indices"":[97]},{""index"":97,""window_indices"":[96,97,98,99],""boundary_right_indices"":[97]}]",[],False,False,True,"[[2,3,4,5,6],[7,8,9,10,11],[12,13,14,15,16],[17,18,19,20,21],[22,23,24,25,26],[27,28,29,30,31],[36,37,38,39,40],[41,42,43,44,45,46,47,48,49,50,51],[52,53,54,55,56],[57,58,59,60,61],[62,63,64,65,66],[67,68,69,70,71],[72,73,74,75,76],[77,78,79,80,81],[82,83,84,85,86],[87,88,89,90,91],[92,93,94,95,96]]","[[0,1,2,3,4,5,6,7,8,9,10,11,12,13,14,15,16,17,18,19,20,21,22,23,24,25,26,27,28,29,30,31,32,33,34,35,36,37,38,39,40,41,42,43,44,45,46,47,48,49,50,51,52,53,54,55,56,57,58,59,60,61,62,63,64,65,66,67,68,69,70,71,72,73,74,75,76,77,78,79,80,81,82,83,84,85,86,87,88,89,90,91,92,93,94,95,96,97,98,99]]",9,False,False,False
order_development,g2-development-orders-02,DEVELOPMENT,0953e86969a063f98dda68b91a11787c3e1cfdf39224380d290870a9c5d24692,cfg-b15b8281b73592fb,D-S-P,30,400,5,65,35,5,105ac63ef92d1df78f54b21ad9cebcd1cb3d0774dcb518f6e91148dad4d0e0fb,VERIFIED,9994,True,"[64,65]",[],"[{""index"":1,""window_indices"":[0,1,2,3],""boundary_right_indices"":[1]}]",[],False,False,True,"[[1,2,3,4,5,6,7,8,9,10,11,12,13,14,15,16,17,18,19,20,21,22,23,24,25,26,27,28,29,30,31,32,33,34,35,36,37,38,39,40,41,42,43,44,45,46,47,48,49,50,51,52,53,54,55,56,57,58,59,60,61,62,63,64,65,66,67,68,69,70,71,72,73,74,75,76,77,78,79,80,81,82,83,84,85,86,87,88,89,90,91,92,93,94,95,96,97,98,99,100,101,102,103,104,105,106,107,108,109,110]]","[[0,1,2,3,4,5,6,7,8,9,10,11,12,13,14,15,16,17,18,19,20,21,22,23,24,25,26,27,28,29,30,31,32,33,34,35,36,37,38,39,40,41,42,43,44,45,46,47,48,49,50,51,52,53,54,55,56,57,58,59,60,61,62,63,64,65,66,67,68,69,70,71,72,73,74,75,76,77,78,79,80,81,82,83,84,85,86,87,88,89,90,91,92,93,94,95,96,97,98,99,100,101,102,103,104,105,106,107,108,109,110]]",1,False,False,False
order_development,g2-development-orders-02,DEVELOPMENT,0953e86969a063f98dda68b91a11787c3e1cfdf39224380d290870a9c5d24692,cfg-b15b8281b73592fb,D-S-P,30,400,5,65,35,5,105ac63ef92d1df78f54b21ad9cebcd1cb3d0774dcb518f6e91148dad4d0e0fb,VERIFIED,1944,True,"[16,17,68,69]",[],[],[],False,False,False,"[[0,1,2,3,4,5,6,7,8,9,10,11,12,13,14,15,16,17,18,19,20,21,22,23,24,25,26,27,28,29,30,31,32,33,34,35,36,37,38,39,40,41,42,43,44,45,46,47,48,49,50,51,52,53,54,55,56,57,58,59,60,61,62,63,64,65,66,67,68,69,70,71,72,73,74,75,76,77,78,79,80,81,82,83,84,85,86,87,88,89,90,91,92,93,94,95,96,97,98,99,100,101,102,103,104,105,106,107,108]]","[[0,1,2,3,4,5,6,7,8,9,10,11,12,13,14,15,16,17,18,19,20,21,22,23,24,25,26,27,28,29,30,31,32,33,34,35,36,37,38,39,40,41,42,43,44,45,46,47,48,49,50,51,52,53,54,55,56,57,58,59,60,61,62,63,64,65,66,67,68,69,70,71,72,73,74,75,76,77,78,79,80,81,82,83,84,85,86,87,88,89,90,91,92,93,94,95,96,97,98,99,100,101,102,103,104,105,106,107,108]]",0,False,False,False
order_development,g2-development-orders-02,DEVELOPMENT,0953e86969a063f98dda68b91a11787c3e1cfdf39224380d290870a9c5d24692,cfg-b15b8281b73592fb,D-S-P,30,400,5,65,35,5,105ac63ef92d1df78f54b21ad9cebcd1cb3d0774dcb518f6e91148dad4d0e0fb,VERIFIED,1860,True,[70],[],[],[],False,False,False,"[[0,1,2,3,4,5,6,7,8,9,10,11,12,13,14,15,16,17,18,19,20,21,22,23,24,25,26,27,28,29,30,31,32,33,34,35,36,37,38,39,40,41,42,43,44,45,46,47,48,49,50,51,52,53,54,55,56,57,58,59,60,61,62,63,64,65,66,67,68,69,70,71,72,73,74,75,76,77,78,79,80,81,82,83,84,85,86,87,88,89,90,91,92,93,94,95,96,97,98,99,100,101,102,103,104,105,106,107,108,109,110,111,112,113]]","[[0,1,2,3,4,5,6,7,8,9,10,11,12,13,14,15,16,17,18,19,20,21,22,23,24,25,26,27,28,29,30,31,32,33,34,35,36,37,38,39,40,41,42,43,44,45,46,47,48,49,50,51,52,53,54,55,56,57,58,59,60,61,62,63,64,65,66,67,68,69,70,71,72,73,74,75,76,77,78,79,80,81,82,83,84,85,86,87,88,89,90,91,92,93,94,95,96,97,98,99,100,101,102,103,104,105,106,107,108,109,110,111,112,113]]",0,False,False,False
order_development,g2-development-orders-02,DEVELOPMENT,0953e86969a063f98dda68b91a11787c3e1cfdf39224380d290870a9c5d24692,cfg-b15b8281b73592fb,D-S-P,30,400,5,65,35,5,105ac63ef92d1df78f54b21ad9cebcd1cb3d0774dcb518f6e91148dad4d0e0fb,VERIFIED,9222,True,"[0,1]",[],"[{""index"":55,""window_indices"":[54,55,56,57],""boundary_right_indices"":[57]},{""index"":56,""window_indices"":[55,56,57,58],""boundary_right_indices"":[57]},{""index"":57,""window_indices"":[56,57,58,59],""boundary_right_indices"":[57]},{""index"":79,""window_indices"":[78,79,80,81],""boundary_right_indices"":[81]},{""index"":80,""window_indices"":[79,80,81,82],""boundary_right_indices"":[81]},{""index"":81,""window_indices"":[80,81,82,83],""boundary_right_indices"":[81]}]",[],False,False,True,"[[0,1,2,3,4,5,6,7,8,9,10,11,12,13,14,15,16,17,18,19,20,21,22,23,24,25,26,27,28,29,30,31,32,33,34,35,36,37,38,39,40,41,42,43,44,45,46,47,48,49,50,51,52,53,54,55,56],[57,58,59,60,61,62,63,64,65,66,67,68,69,70,71,72,73,74,75,76,77,78,79,80],[81,82,83,84,85]]","[[0,1,2,3,4,5,6,7,8,9,10,11,12,13,14,15,16,17,18,19,20,21,22,23,24,25,26,27,28,29,30,31,32,33,34,35,36,37,38,39,40,41,42,43,44,45,46,47,48,49,50,51,52,53,54,55,56,57,58,59,60,61,62,63,64,65,66,67,68,69,70,71,72,73,74,75,76,77,78,79,80,81,82,83,84,85]]",1,False,False,False
order_development,g2-development-orders-02,DEVELOPMENT,0953e86969a063f98dda68b91a11787c3e1cfdf39224380d290870a9c5d24692,cfg-b15b8281b73592fb,D-S-P,30,400,5,65,35,5,105ac63ef92d1df78f54b21ad9cebcd1cb3d0774dcb518f6e91148dad4d0e0fb,VERIFIED,11326,True,[95],[],"[{""index"":30,""window_indices"":[29,30,31,32],""boundary_right_indices"":[32]},{""index"":31,""window_indices"":[30,31,32,33],""boundary_right_indices"":[32]},{""index"":32,""window_indices"":[31,32,33,34],""boundary_right_indices"":[32]},{""index"":39,""window_indices"":[38,39,40,41],""boundary_right_indices"":[41]},{""index"":40,""window_indices"":[39,40,41,42],""boundary_right_indices"":[41]},{""index"":41,""window_indices"":[40,41,42,43],""boundary_right_indices"":[41]},{""index"":54,""window_indices"":[53,54,55,56],""boundary_right_indices"":[56]},{""index"":55,""window_indices"":[54,55,56,57],""boundary_right_indices"":[56]},{""index"":56,""window_indices"":[55,56,57,58],""boundary_right_indices"":[56]},{""index"":58,""window_indices"":[57,58,59,60],""boundary_right_indices"":[60]},{""index"":59,""window_indices"":[58,59,60,61],""boundary_right_indices"":[60]},{""index"":60,""window_indices"":[59,60,61,62],""boundary_right_indices"":[60]},{""index"":99,""window_indices"":[98,99,100,101],""boundary_right_indices"":[101]},{""index"":100,""window_indices"":[99,100,101,102],""boundary_right_indices"":[101]},{""index"":101,""window_indices"":[100,101,102,103],""boundary_right_indices"":[101]}]",[],False,False,True,"[[0,1,2,3,4,5,6,7,8,9,10,11,12,13,14,15,16,17,18,19,20,21,22,23,24,25,26,27,28,29,30,31],[32,33,34,35,36,37,38,39,40],[41,42,43,44,45,46,47,48,49,50,51,52,53,54,55],[60,61,62,63,64,65,66,67,68,69,70,71,72,73,74,75,76,77,78,79,80,81,82,83,84,85,86,87,88,89,90,91,92,93,94,95,96,97,98,99,100]]","[[0,1,2,3,4,5,6,7,8,9,10,11,12,13,14,15,16,17,18,19,20,21,22,23,24,25,26,27,28,29,30,31,32,33,34,35,36,37,38,39,40,41,42,43,44,45,46,47,48,49,50,51,52,53,54,55,56,57,58,59,60,61,62,63,64,65,66,67,68,69,70,71,72,73,74,75,76,77,78,79,80,81,82,83,84,85,86,87,88,89,90,91,92,93,94,95,96,97,98,99,100,101,102,103]]",7,False,False,False
order_development,g2-development-orders-02,DEVELOPMENT,0953e86969a063f98dda68b91a11787c3e1cfdf39224380d290870a9c5d24692,cfg-b15b8281b73592fb,D-S-P,30,400,5,65,35,5,105ac63ef92d1df78f54b21ad9cebcd1cb3d0774dcb518f6e91148dad4d0e0fb,VERIFIED,11021,False,[],[],"[{""index"":62,""window_indices"":[61,62,63,64],""boundary_right_indices"":[64]},{""index"":63,""window_indices"":[62,63,64,65],""boundary_right_indices"":[64]},{""index"":64,""window_indices"":[63,64,65,66],""boundary_right_indices"":[64]}]",[],False,False,True,"[[0,1,2,3,4,5,6,7,8,9,10,11,12,13,14,15,16,17,18,19,20,21,22,23,24,25,26,27,28,29,30,31,32,33,34,35,36,37,38,39,40,41,42,43,44,45,46,47,48,49,50,51,52,53,54,55,56,57,58,59,60,61,62,63],[64,65,66,67,68,69,70,71,72,73,74,75,76,77,78,79,80,81,82,83,84,85,86,87,88,89,90,91,92,93,94,95,96,97,98,99,100,101,102,103,104]]","[[0,1,2,3,4,5,6,7,8,9,10,11,12,13,14,15,16,17,18,19,20,21,22,23,24,25,26,27,28,29,30,31,32,33,34,35,36,37,38,39,40,41,42,43,44,45,46,47,48,49,50,51,52,53,54,55,56,57,58,59,60,61,62,63,64,65,66,67,68,69,70,71,72,73,74,75,76,77,78,79,80,81,82,83,84,85,86,87,88,89,90,91,92,93,94,95,96,97,98,99,100,101,102,103,104]]",0,False,False,False
order_development,g2-development-orders-02,DEVELOPMENT,0953e86969a063f98dda68b91a11787c3e1cfdf39224380d290870a9c5d24692,cfg-b15b8281b73592fb,D-S-P,30,400,5,65,35,5,105ac63ef92d1df78f54b21ad9cebcd1cb3d0774dcb518f6e91148dad4d0e0fb,VERIFIED,5049,False,[],[],"[{""index"":55,""window_indices"":[54,55,56,57],""boundary_right_indices"":[57]},{""index"":56,""window_indices"":[55,56,57,58],""boundary_right_indices"":[57]},{""index"":57,""window_indices"":[56,57,58,59],""boundary_right_indices"":[57]},{""index"":72,""window_indices"":[71,72,73,74],""boundary_right_indices"":[74]},{""index"":73,""window_indices"":[72,73,74,75],""boundary_right_indices"":[74]},{""index"":74,""window_indices"":[73,74,75,76],""boundary_right_indices"":[74]},{""index"":88,""window_indices"":[87,88,89,90],""boundary_right_indices"":[90]},{""index"":89,""window_indices"":[88,89,90,91],""boundary_right_indices"":[90]},{""index"":90,""window_indices"":[89,90,91,92],""boundary_right_indices"":[90]}]",[],False,False,True,"[[0,1,2,3,4,5,6,7,8,9,10,11,12,13,14,15,16,17,18,19,20,21,22,23,24,25,26,27,28,29,30,31,32,33,34,35,36,37,38,39,40,41,42,43,44,45,46,47,48,49,50,51,52,53,54,55,56],[57,58,59,60,61,62,63,64,65,66,67,68,69,70,71,72,73],[74,75,76,77,78,79,80,81,82,83,84,85,86,87,88,89],[90,91,92,93,94,95,96,97,98,99,100,101,102,103,104]]","[[0,1,2,3,4,5,6,7,8,9,10,11,12,13,14,15,16,17,18,19,20,21,22,23,24,25,26,27,28,29,30,31,32,33,34,35,36,37,38,39,40,41,42,43,44,45,46,47,48,49,50,51,52,53,54,55,56,57,58,59,60,61,62,63,64,65,66,67,68,69,70,71,72,73,74,75,76,77,78,79,80,81,82,83,84,85,86,87,88,89,90,91,92,93,94,95,96,97,98,99,100,101,102,103,104]]",0,False,False,False
order_development,g2-development-orders-02,DEVELOPMENT,0953e86969a063f98dda68b91a11787c3e1cfdf39224380d290870a9c5d24692,cfg-b15b8281b73592fb,D-S-P,30,400,5,65,35,5,105ac63ef92d1df78f54b21ad9cebcd1cb3d0774dcb518f6e91148dad4d0e0fb,VERIFIED,4381,True,[94],[],[],[],False,False,False,"[[0,1,2,3,4,5,6,7,8,9,10,11,12,13,14,15,16,17,18,19,20,21,22,23,24,25,26,27,28,29,30,31,32,33,34,35,36,37,38,39,40,41,42,43,44,45,46,47,48,49,50,51,52,53,54,55,56,57,58,59,60,61,62,63,64,65,66,67,68,69,70,71,72,73,74,75,76,77,78,79,80,81,82,83,84,85,86,87,88,89,90,91,92,93,94,95,96,97,98,99,100]]","[[0,1,2,3,4,5,6,7,8,9,10,11,12,13,14,15,16,17,18,19,20,21,22,23,24,25,26,27,28,29,30,31,32,33,34,35,36,37,38,39,40,41,42,43,44,45,46,47,48,49,50,51,52,53,54,55,56,57,58,59,60,61,62,63,64,65,66,67,68,69,70,71,72,73,74,75,76,77,78,79,80,81,82,83,84,85,86,87,88,89,90,91,92,93,94,95,96,97,98,99,100]]",0,False,False,False
order_development,g2-development-orders-02,DEVELOPMENT,0953e86969a063f98dda68b91a11787c3e1cfdf39224380d290870a9c5d24692,cfg-b15b8281b73592fb,D-S-P,30,400,5,65,35,5,105ac63ef92d1df78f54b21ad9cebcd1cb3d0774dcb518f6e91148dad4d0e0fb,VERIFIED,1378,False,[],[],"[{""index"":3,""window_indices"":[2,3,4,5],""boundary_right_indices"":[5]},{""index"":4,""window_indices"":[3,4,5,6],""boundary_right_indices"":[5]},{""index"":5,""window_indices"":[4,5,6,7],""boundary_right_indices"":[5]},{""index"":17,""window_indices"":[16,17,18,19],""boundary_right_indices"":[19]},{""index"":18,""window_indices"":[17,18,19,20],""boundary_right_indices"":[19]},{""index"":19,""window_indices"":[18,19,20,21],""boundary_right_indices"":[19]},{""index"":39,""window_indices"":[38,39,40,41],""boundary_right_indices"":[41]},{""index"":40,""window_indices"":[39,40,41,42],""boundary_right_indices"":[41,42]},{""index"":41,""window_indices"":[40,41,42,43],""boundary_right_indices"":[41,42]},{""index"":42,""window_indices"":[41,42,43,44],""boundary_right_indices"":[42]}]",[],False,False,True,"[[0,1,2,3,4],[5,6,7,8,9,10,11,12,13,14,15,16,17,18],[19,20,21,22,23,24,25,26,27,28,29,30,31,32,33,34,35,36,37,38,39,40],[42,43,44,45,46,47,48,49,50,51,52,53,54,55,56,57,58,59,60,61,62,63,64,65,66,67,68,69,70,71,72,73,74,75,76,77,78,79]]","[[0,1,2,3,4,5,6,7,8,9,10,11,12,13,14,15,16,17,18,19,20,21,22,23,24,25,26,27,28,29,30,31,32,33,34,35,36,37,38,39,40,41,42,43,44,45,46,47,48,49,50,51,52,53,54,55,56,57,58,59,60,61,62,63,64,65,66,67,68,69,70,71,72,73,74,75,76,77,78,79]]",1,False,False,False
order_development,g2-development-orders-02,DEVELOPMENT,0953e86969a063f98dda68b91a11787c3e1cfdf39224380d290870a9c5d24692,cfg-b15b8281b73592fb,D-S-P,30,400,5,65,35,5,105ac63ef92d1df78f54b21ad9cebcd1cb3d0774dcb518f6e91148dad4d0e0fb,VERIFIED,9613,False,[],[],"[{""index"":5,""window_indices"":[4,5,6,7],""boundary_right_indices"":[7]},{""index"":6,""window_indices"":[5,6,7,8],""boundary_right_indices"":[7]},{""index"":7,""window_indices"":[6,7,8,9],""boundary_right_indices"":[7]},{""index"":10,""window_indices"":[9,10,11,12],""boundary_right_indices"":[12]},{""index"":11,""window_indices"":[10,11,12,13],""boundary_right_indices"":[12]},{""index"":12,""window_indices"":[11,12,13,14],""boundary_right_indices"":[12]},{""index"":15,""window_indices"":[14,15,16,17],""boundary_right_indices"":[17]},{""index"":16,""window_indices"":[15,16,17,18],""boundary_right_indices"":[17]},{""index"":17,""window_indices"":[16,17,18,19],""boundary_right_indices"":[17]},{""index"":19,""window_indices"":[18,19,20,21],""boundary_right_indices"":[21]},{""index"":20,""window_indices"":[19,20,21,22],""boundary_right_indices"":[21]},{""index"":21,""window_indices"":[20,21,22,23],""boundary_right_indices"":[21]},{""index"":30,""window_indices"":[29,30,31,32],""boundary_right_indices"":[32]},{""index"":31,""window_indices"":[30,31,32,33],""boundary_right_indices"":[32]},{""index"":32,""window_indices"":[31,32,33,34],""boundary_right_indices"":[32]},{""index"":35,""window_indices"":[34,35,36,37],""boundary_right_indices"":[37]},{""index"":36,""window_indices"":[35,36,37,38],""boundary_right_indices"":[37]},{""index"":37,""window_indices"":[36,37,38,39],""boundary_right_indices"":[37]},{""index"":40,""window_indices"":[39,40,41,42],""boundary_right_indices"":[42]},{""index"":41,""window_indices"":[40,41,42,43],""boundary_right_indices"":[42]},{""index"":42,""window_indices"":[41,42,43,44],""boundary_right_indices"":[42]},{""index"":44,""window_indices"":[43,44,45,46],""boundary_right_indices"":[46]},{""index"":45,""window_indices"":[44,45,46,47],""boundary_right_indices"":[46]},{""index"":46,""window_indices"":[45,46,47,48],""boundary_right_indices"":[46]},{""index"":49,""window_indices"":[48,49,50,51],""boundary_right_indices"":[51]},{""index"":50,""window_indices"":[49,50,51,52],""boundary_right_indices"":[51]},{""index"":51,""window_indices"":[50,51,52,53],""boundary_right_indices"":[51]},{""index"":54,""window_indices"":[53,54,55,56],""boundary_right_indices"":[56]},{""index"":55,""window_indices"":[54,55,56,57],""boundary_right_indices"":[56]},{""index"":56,""window_indices"":[55,56,57,58],""boundary_right_indices"":[56]},{""index"":59,""window_indices"":[58,59,60,61],""boundary_right_indices"":[61]},{""index"":60,""window_indices"":[59,60,61,62],""boundary_right_indices"":[61]},{""index"":61,""window_indices"":[60,61,62,63],""boundary_right_indices"":[61]},{""index"":64,""window_indices"":[63,64,65,66],""boundary_right_indices"":[66]},{""index"":65,""window_indices"":[64,65,66,67],""boundary_right_indices"":[66]},{""index"":66,""window_indices"":[65,66,67,68],""boundary_right_indices"":[66]},{""index"":69,""window_indices"":[68,69,70,71],""boundary_right_indices"":[71]},{""index"":70,""window_indices"":[69,70,71,72],""boundary_right_indices"":[71]},{""index"":71,""window_indices"":[70,71,72,73],""boundary_right_indices"":[71]},{""index"":81,""window_indices"":[80,81,82,83],""boundary_right_indices"":[83]},{""index"":82,""window_indices"":[81,82,83,84],""boundary_right_indices"":[83]},{""index"":83,""window_indices"":[82,83,84,85],""boundary_right_indices"":[83]},{""index"":114,""window_indices"":[113,114,115,116],""boundary_right_indices"":[116]},{""index"":115,""window_indices"":[114,115,116,117],""boundary_right_indices"":[116]},{""index"":116,""window_indices"":[115,116,117,118],""boundary_right_indices"":[116]}]",[],False,False,True,"[[0,1,2,3,4,5,6],[7,8,9,10,11],[12,13,14,15,16],[21,22,23,24,25,26,27,28,29,30,31],[32,33,34,35,36],[37,38,39,40,41],[46,47,48,49,50],[51,52,53,54,55],[56,57,58,59,60],[61,62,63,64,65],[66,67,68,69,70],[71,72,73,74,75,76,77,78,79,80,81,82],[83,84,85,86,87,88,89,90,91,92,93,94,95,96,97,98,99,100,101,102,103,104,105,106,107,108,109,110,111,112,113,114,115]]","[[0,1,2,3,4,5,6,7,8,9,10,11,12,13,14,15,16,17,18,19,20,21,22,23,24,25,26,27,28,29,30,31,32,33,34,35,36,37,38,39,40,41,42,43,44,45,46,47,48,49,50,51,52,53,54,55,56,57,58,59,60,61,62,63,64,65,66,67,68,69,70,71,72,73,74,75,76,77,78,79,80,81,82,83,84,85,86,87,88,89,90,91,92,93,94,95,96,97,98,99,100,101,102,103,104,105,106,107,108,109,110,111,112,113,114,115,116,117,118,119]]",12,False,False,False
order_development,g2-development-orders-02,DEVELOPMENT,0953e86969a063f98dda68b91a11787c3e1cfdf39224380d290870a9c5d24692,cfg-b15b8281b73592fb,D-S-P,30,400,5,65,35,5,105ac63ef92d1df78f54b21ad9cebcd1cb3d0774dcb518f6e91148dad4d0e0fb,VERIFIED,1605,True,"[19,20,21,22]",[],"[{""index"":8,""window_indices"":[7,8,9,10],""boundary_right_indices"":[10]},{""index"":9,""window_indices"":[8,9,10,11],""boundary_right_indices"":[10]},{""index"":10,""window_indices"":[9,10,11,12],""boundary_right_indices"":[10]},{""index"":21,""window_indices"":[20,21,22,23],""boundary_right_indices"":[23]},{""index"":22,""window_indices"":[21,22,23,24],""boundary_right_indices"":[23]},{""index"":23,""window_indices"":[22,23,24,25],""boundary_right_indices"":[23]},{""index"":25,""window_indices"":[24,25,26,27],""boundary_right_indices"":[27]},{""index"":26,""window_indices"":[25,26,27,28],""boundary_right_indices"":[27,28]},{""index"":27,""window_indices"":[26,27,28,29],""boundary_right_indices"":[27,28]},{""index"":28,""window_indices"":[27,28,29,30],""boundary_right_indices"":[28]}]",[],False,False,True,"[[0,1,2,3,4,5,6,7,8,9],[10,11,12,13,14,15,16,17,18,19,20,21,22],[28,29,30,31,32,33,34,35,36,37,38,39,40,41,42]]","[[0,1,2,3,4,5,6,7,8,9,10,11,12,13,14,15,16,17,18,19,20,21,22,23,24,25,26,27,28,29,30,31,32,33,34,35,36,37,38,39,40,41,42]]",6,False,False,False
order_development,g2-development-orders-02,DEVELOPMENT,0953e86969a063f98dda68b91a11787c3e1cfdf39224380d290870a9c5d24692,cfg-b15b8281b73592fb,D-S-P,30,400,5,65,35,5,105ac63ef92d1df78f54b21ad9cebcd1cb3d0774dcb518f6e91148dad4d0e0fb,VERIFIED,6831,True,"[26,77,83]",[],"[{""index"":36,""window_indices"":[35,36,37,38],""boundary_right_indices"":[38]},{""index"":37,""window_indices"":[36,37,38,39],""boundary_right_indices"":[38]},{""index"":38,""window_indices"":[37,38,39,40],""boundary_right_indices"":[38]},{""index"":45,""window_indices"":[44,45,46,47],""boundary_right_indices"":[47]},{""index"":46,""window_indices"":[45,46,47,48],""boundary_right_indices"":[47]},{""index"":47,""window_indices"":[46,47,48,49],""boundary_right_indices"":[47]},{""index"":52,""window_indices"":[51,52,53,54],""boundary_right_indices"":[54]},{""index"":53,""window_indices"":[52,53,54,55],""boundary_right_indices"":[54]},{""index"":54,""window_indices"":[53,54,55,56],""boundary_right_indices"":[54]},{""index"":57,""window_indices"":[56,57,58,59],""boundary_right_indices"":[59]},{""index"":58,""window_indices"":[57,58,59,60],""boundary_right_indices"":[59]},{""index"":59,""window_indices"":[58,59,60,61],""boundary_right_indices"":[59]},{""index"":60,""window_indices"":[59,60,61,62],""boundary_right_indices"":[62]},{""index"":61,""window_indices"":[60,61,62,63],""boundary_right_indices"":[62]},{""index"":62,""window_indices"":[61,62,63,64],""boundary_right_indices"":[62]},{""index"":72,""window_indices"":[71,72,73,74],""boundary_right_indices"":[74]},{""index"":73,""window_indices"":[72,73,74,75],""boundary_right_indices"":[74]},{""index"":74,""window_indices"":[73,74,75,76],""boundary_right_indices"":[74]},{""index"":75,""window_indices"":[74,75,76,77],""boundary_right_indices"":[77]},{""index"":76,""window_indices"":[75,76,77,78],""boundary_right_indices"":[77]},{""index"":77,""window_indices"":[76,77,78,79],""boundary_right_indices"":[77]}]",[],False,False,True,"[[0,1,2,3,4,5,6,7,8,9,10,11,12,13,14,15,16,17,18,19,20,21,22,23,24,25,26,27,28,29,30,31,32,33,34,35,36,37],[38,39,40,41,42,43,44,45,46],[47,48,49,50,51,52,53],[54,55,56,57,58],[62,63,64,65,66,67,68,69,70,71,72,73],[77,78,79,80,81,82,83,84,85,86,87,88,89,90,91,92,93,94]]","[[0,1,2,3,4,5,6,7,8,9,10,11,12,13,14,15,16,17,18,19,20,21,22,23,24,25,26,27,28,29,30,31,32,33,34,35,36,37,38,39,40,41,42,43,44,45,46,47,48,49,50,51,52,53,54,55,56,57,58,59,60,61,62,63,64,65,66,67,68,69,70,71,72,73,74,75,76,77,78,79,80,81,82,83,84,85,86,87,88,89,90,91,92,93,94]]",6,False,False,False
order_development,g2-development-orders-02,DEVELOPMENT,0953e86969a063f98dda68b91a11787c3e1cfdf39224380d290870a9c5d24692,cfg-b15b8281b73592fb,D-S-P,30,400,5,65,35,5,105ac63ef92d1df78f54b21ad9cebcd1cb3d0774dcb518f6e91148dad4d0e0fb,VERIFIED,2150,True,"[56,57]",[],[],[],False,False,False,"[[0,1,2,3,4,5,6,7,8,9,10,11,12,13,14,15,16,17,18,19,20,21,22,23,24,25,26,27,28,29,30,31,32,33,34,35,36,37,38,39,40,41,42,43,44,45,46,47,48,49,50,51,52,53,54,55,56,57,58,59,60,61,62,63,64,65,66,67,68,69,70,71,72,73,74,75,76,77,78,79,80,81,82,83,84,85,86,87,88,89,90,91,92,93,94,95,96,97,98,99,100,101,102,103,104,105,106,107,108,109,110,111,112,113,114,115,116,117,118,119,120,121,122,123]]","[[0,1,2,3,4,5,6,7,8,9,10,11,12,13,14,15,16,17,18,19,20,21,22,23,24,25,26,27,28,29,30,31,32,33,34,35,36,37,38,39,40,41,42,43,44,45,46,47,48,49,50,51,52,53,54,55,56,57,58,59,60,61,62,63,64,65,66,67,68,69,70,71,72,73,74,75,76,77,78,79,80,81,82,83,84,85,86,87,88,89,90,91,92,93,94,95,96,97,98,99,100,101,102,103,104,105,106,107,108,109,110,111,112,113,114,115,116,117,118,119,120,121,122,123]]",0,False,False,False
order_development,g2-development-orders-02,DEVELOPMENT,0953e86969a063f98dda68b91a11787c3e1cfdf39224380d290870a9c5d24692,cfg-b15b8281b73592fb,D-S-P,30,400,5,65,35,5,105ac63ef92d1df78f54b21ad9cebcd1cb3d0774dcb518f6e91148dad4d0e0fb,VERIFIED,1076,False,[],[],"[{""index"":5,""window_indices"":[4,5,6,7],""boundary_right_indices"":[7]},{""index"":6,""window_indices"":[5,6,7,8],""boundary_right_indices"":[7]},{""index"":7,""window_indices"":[6,7,8,9],""boundary_right_indices"":[7]},{""index"":10,""window_indices"":[9,10,11,12],""boundary_right_indices"":[12]},{""index"":11,""window_indices"":[10,11,12,13],""boundary_right_indices"":[12]},{""index"":12,""window_indices"":[11,12,13,14],""boundary_right_indices"":[12]},{""index"":34,""window_indices"":[33,34,35,36],""boundary_right_indices"":[36]},{""index"":35,""window_indices"":[34,35,36,37],""boundary_right_indices"":[36]},{""index"":36,""window_indices"":[35,36,37,38],""boundary_right_indices"":[36]},{""index"":37,""window_indices"":[36,37,38,39],""boundary_right_indices"":[39]},{""index"":38,""window_indices"":[37,38,39,40],""boundary_right_indices"":[39]},{""index"":39,""window_indices"":[38,39,40,41],""boundary_right_indices"":[39]},{""index"":42,""window_indices"":[41,42,43,44],""boundary_right_indices"":[44]},{""index"":43,""window_indices"":[42,43,44,45],""boundary_right_indices"":[44]},{""index"":44,""window_indices"":[43,44,45,46],""boundary_right_indices"":[44]},{""index"":47,""window_indices"":[46,47,48,49],""boundary_right_indices"":[49]},{""index"":48,""window_indices"":[47,48,49,50],""boundary_right_indices"":[49]},{""index"":49,""window_indices"":[48,49,50,51],""boundary_right_indices"":[49]},{""index"":52,""window_indices"":[51,52,53,54],""boundary_right_indices"":[54]},{""index"":53,""window_indices"":[52,53,54,55],""boundary_right_indices"":[54]},{""index"":54,""window_indices"":[53,54,55,56],""boundary_right_indices"":[54]}]",[],False,False,True,"[[0,1,2,3,4,5,6],[7,8,9,10,11],[12,13,14,15,16,17,18,19,20,21,22,23,24,25,26,27,28,29,30,31,32,33,34,35],[39,40,41,42,43],[44,45,46,47,48],[49,50,51,52,53]]","[[0,1,2,3,4,5,6,7,8,9,10,11,12,13,14,15,16,17,18,19,20,21,22,23,24,25,26,27,28,29,30,31,32,33,34,35,36,37,38,39,40,41,42,43,44,45,46,47,48,49,50,51,52,53,54,55,56,57]]",7,False,False,False
order_development,g2-development-orders-02,DEVELOPMENT,0953e86969a063f98dda68b91a11787c3e1cfdf39224380d290870a9c5d24692,cfg-b15b8281b73592fb,D-S-P,30,400,5,65,35,5,105ac63ef92d1df78f54b21ad9cebcd1cb3d0774dcb518f6e91148dad4d0e0fb,VERIFIED,3189,True,"[57,58,59]",[],[],[],False,False,False,"[[0,1,2,3,4,5,6,7,8,9,10,11,12,13,14,15,16,17,18,19,20,21,22,23,24,25,26,27,28,29,30,31,32,33,34,35,36,37,38,39,40,41,42,43,44,45,46,47,48,49,50,51,52,53,54,55,56,57,58,59,60,61,62,63,64,65,66,67,68,69,70,71,72,73,74,75,76,77,78,79,80,81,82,83,84,85,86,87,88,89,90,91,92,93,94,95,96,97,98,99,100,101,102,103,104,105,106,107,108,109,110]]","[[0,1,2,3,4,5,6,7,8,9,10,11,12,13,14,15,16,17,18,19,20,21,22,23,24,25,26,27,28,29,30,31,32,33,34,35,36,37,38,39,40,41,42,43,44,45,46,47,48,49,50,51,52,53,54,55,56,57,58,59,60,61,62,63,64,65,66,67,68,69,70,71,72,73,74,75,76,77,78,79,80,81,82,83,84,85,86,87,88,89,90,91,92,93,94,95,96,97,98,99,100,101,102,103,104,105,106,107,108,109,110]]",0,False,False,False
order_development,g2-development-orders-02,DEVELOPMENT,0953e86969a063f98dda68b91a11787c3e1cfdf39224380d290870a9c5d24692,cfg-b15b8281b73592fb,D-S-P,30,400,5,65,35,5,105ac63ef92d1df78f54b21ad9cebcd1cb3d0774dcb518f6e91148dad4d0e0fb,VERIFIED,8246,False,[],[],"[{""index"":33,""window_indices"":[32,33,34,35],""boundary_right_indices"":[35]},{""index"":34,""window_indices"":[33,34,35,36],""boundary_right_indices"":[35]},{""index"":35,""window_indices"":[34,35,36,37],""boundary_right_indices"":[35]},{""index"":44,""window_indices"":[43,44,45,46],""boundary_right_indices"":[46]},{""index"":45,""window_indices"":[44,45,46,47],""boundary_right_indices"":[46]},{""index"":46,""window_indices"":[45,46,47,48],""boundary_right_indices"":[46]},{""index"":60,""window_indices"":[59,60,61,62],""boundary_right_indices"":[62]},{""index"":61,""window_indices"":[60,61,62,63],""boundary_right_indices"":[62]},{""index"":62,""window_indices"":[61,62,63,64],""boundary_right_indices"":[62]},{""index"":70,""window_indices"":[69,70,71,72],""boundary_right_indices"":[72]},{""index"":71,""window_indices"":[70,71,72,73],""boundary_right_indices"":[72]},{""index"":72,""window_indices"":[71,72,73,74],""boundary_right_indices"":[72]},{""index"":75,""window_indices"":[74,75,76,77],""boundary_right_indices"":[77]},{""index"":76,""window_indices"":[75,76,77,78],""boundary_right_indices"":[77]},{""index"":77,""window_indices"":[76,77,78,79],""boundary_right_indices"":[77]},{""index"":86,""window_indices"":[85,86,87,88],""boundary_right_indices"":[88]},{""index"":87,""window_indices"":[86,87,88,89],""boundary_right_indices"":[88]},{""index"":88,""window_indices"":[87,88,89,90],""boundary_right_indices"":[88,90]},{""index"":89,""window_indices"":[88,89,90,91],""boundary_right_indices"":[90]},{""index"":90,""window_indices"":[89,90,91,92],""boundary_right_indices"":[90]}]",[],False,False,True,"[[0,1,2,3,4,5,6,7,8,9,10,11,12,13,14,15,16,17,18,19,20,21,22,23,24,25,26,27,28,29,30,31,32,33,34],[35,36,37,38,39,40,41,42,43,44,45],[46,47,48,49,50,51,52,53,54,55,56,57,58,59,60,61],[62,63,64,65,66,67,68,69,70,71],[72,73,74,75,76],[77,78,79,80,81,82,83,84,85,86,87],[90,91,92,93,94,95,96,97,98,99,100,101,102,103,104,105,106,107,108,109,110,111,112]]","[[0,1,2,3,4,5,6,7,8,9,10,11,12,13,14,15,16,17,18,19,20,21,22,23,24,25,26,27,28,29,30,31,32,33,34,35,36,37,38,39,40,41,42,43,44,45,46,47,48,49,50,51,52,53,54,55,56,57,58,59,60,61,62,63,64,65,66,67,68,69,70,71,72,73,74,75,76,77,78,79,80,81,82,83,84,85,86,87,88,89,90,91,92,93,94,95,96,97,98,99,100,101,102,103,104,105,106,107,108,109,110,111,112]]",2,False,False,False
order_development,g2-development-orders-02,DEVELOPMENT,0953e86969a063f98dda68b91a11787c3e1cfdf39224380d290870a9c5d24692,cfg-b15b8281b73592fb,D-S-P,30,400,5,65,35,5,105ac63ef92d1df78f54b21ad9cebcd1cb3d0774dcb518f6e91148dad4d0e0fb,VERIFIED,11017,True,"[46,47,48,49,50]",[],"[{""index"":1,""window_indices"":[0,1,2,3],""boundary_right_indices"":[1]},{""index"":5,""window_indices"":[4,5,6,7],""boundary_right_indices"":[7]},{""index"":6,""window_indices"":[5,6,7,8],""boundary_right_indices"":[7]},{""index"":7,""window_indices"":[6,7,8,9],""boundary_right_indices"":[7]},{""index"":17,""window_indices"":[16,17,18,19],""boundary_right_indices"":[19]},{""index"":18,""window_indices"":[17,18,19,20],""boundary_right_indices"":[19,20]},{""index"":19,""window_indices"":[18,19,20,21],""boundary_right_indices"":[19,20,21]},{""index"":20,""window_indices"":[19,20,21,22],""boundary_right_indices"":[20,21]},{""index"":21,""window_indices"":[20,21,22,23],""boundary_right_indices"":[21]},{""index"":33,""window_indices"":[32,33,34,35],""boundary_right_indices"":[35]},{""index"":34,""window_indices"":[33,34,35,36],""boundary_right_indices"":[35]},{""index"":35,""window_indices"":[34,35,36,37],""boundary_right_indices"":[35]},{""index"":44,""window_indices"":[43,44,45,46],""boundary_right_indices"":[46]},{""index"":45,""window_indices"":[44,45,46,47],""boundary_right_indices"":[46]},{""index"":46,""window_indices"":[45,46,47,48],""boundary_right_indices"":[46]},{""index"":54,""window_indices"":[53,54,55,56],""boundary_right_indices"":[56]},{""index"":55,""window_indices"":[54,55,56,57],""boundary_right_indices"":[56]},{""index"":56,""window_indices"":[55,56,57,58],""boundary_right_indices"":[56]},{""index"":59,""window_indices"":[58,59,60,61],""boundary_right_indices"":[61]},{""index"":60,""window_indices"":[59,60,61,62],""boundary_right_indices"":[61]},{""index"":61,""window_indices"":[60,61,62,63],""boundary_right_indices"":[61]},{""index"":73,""window_indices"":[72,73,74,75],""boundary_right_indices"":[75]},{""index"":74,""window_indices"":[73,74,75,76],""boundary_right_indices"":[75]},{""index"":75,""window_indices"":[74,75,76,77],""boundary_right_indices"":[75]},{""index"":78,""window_indices"":[77,78,79,80],""boundary_right_indices"":[80]},{""index"":79,""window_indices"":[78,79,80,81],""boundary_right_indices"":[80]},{""index"":80,""window_indices"":[79,80,81,82],""boundary_right_indices"":[80]},{""index"":83,""window_indices"":[82,83,84,85],""boundary_right_indices"":[85]},{""index"":84,""window_indices"":[83,84,85,86],""boundary_right_indices"":[85]},{""index"":85,""window_indices"":[84,85,86,87],""boundary_right_indices"":[85,87]},{""index"":86,""window_indices"":[85,86,87,88],""boundary_right_indices"":[87]},{""index"":87,""window_indices"":[86,87,88,89],""boundary_right_indices"":[87,89]},{""index"":88,""window_indices"":[87,88,89,90],""boundary_right_indices"":[89]},{""index"":89,""window_indices"":[88,89,90,91],""boundary_right_indices"":[89,91]},{""index"":90,""window_indices"":[89,90,91,92],""boundary_right_indices"":[91]},{""index"":91,""window_indices"":[90,91,92,93],""boundary_right_indices"":[91]},{""index"":94,""window_indices"":[93,94,95,96],""boundary_right_indices"":[96]},{""index"":95,""window_indices"":[94,95,96,97],""boundary_right_indices"":[96]},{""index"":96,""window_indices"":[95,96,97,98],""boundary_right_indices"":[96]}]",[],False,False,True,"[[1,2,3,4,5,6],[7,8,9,10,11,12,13,14,15,16,17,18],[21,22,23,24,25,26,27,28,29,30,31,32,33,34],[35,36,37,38,39,40,41,42,43,44,45],[46,47,48,49,50,51,52,53,54,55],[56,57,58,59,60],[61,62,63,64,65,66,67,68,69,70,71,72,73,74],[75,76,77,78,79],[80,81,82,83,84],[91,92,93,94,95]]","[[0,1,2,3,4,5,6,7,8,9,10,11,12,13,14,15,16,17,18,19,20,21,22,23,24,25,26,27,28,29,30,31,32,33,34,35,36,37,38,39,40,41,42,43,44,45,46,47,48,49,50,51,52,53,54,55,56,57,58,59,60,61,62,63,64,65,66,67,68,69,70,71,72,73,74,75,76,77,78,79,80,81,82,83,84,85,86,87,88,89,90,91,92,93,94,95,96,97,98]]",15,False,False,False
order_development,g2-development-orders-02,DEVELOPMENT,0953e86969a063f98dda68b91a11787c3e1cfdf39224380d290870a9c5d24692,cfg-b15b8281b73592fb,D-S-P,30,400,5,65,35,5,105ac63ef92d1df78f54b21ad9cebcd1cb3d0774dcb518f6e91148dad4d0e0fb,VERIFIED,3680,True,"[1,2,45,49,50,51,52]","[{""segment_id"":""record:3680/S2"",""from_index"":44,""to_index"":53,""crossed_boundary_right_indices"":[46,47,48,49]}]","[{""index"":1,""window_indices"":[0,1,2,3],""boundary_right_indices"":[1]},{""index"":17,""window_indices"":[16,17,18,19],""boundary_right_indices"":[19]},{""index"":18,""window_indices"":[17,18,19,20],""boundary_right_indices"":[19]},{""index"":19,""window_indices"":[18,19,20,21],""boundary_right_indices"":[19]},{""index"":44,""window_indices"":[43,44,45,46],""boundary_right_indices"":[46]},{""index"":45,""window_indices"":[44,45,46,47],""boundary_right_indices"":[46,47]},{""index"":46,""window_indices"":[45,46,47,48],""boundary_right_indices"":[46,47,48]},{""index"":47,""window_indices"":[46,47,48,49],""boundary_right_indices"":[47,48,49]},{""index"":48,""window_indices"":[47,48,49,50],""boundary_right_indices"":[48,49]},{""index"":49,""window_indices"":[48,49,50,51],""boundary_right_indices"":[49]}]",[49],False,False,True,"[[1,2,3,4,5,6,7,8,9,10,11,12,13,14,15,16,17,18],[19,20,21,22,23,24,25,26,27,28,29,30,31,32,33,34,35,36,37,38,39,40,41,42,43,44,45],[49,50,51,52,53,54,55,56,57,58,59,60,61,62,63,64,65]]","[[0,1,2,3,4,5,6,7,8,9,10,11,12,13,14,15,16,17,18,19,20,21,22,23,24,25,26,27,28,29,30,31,32,33,34,35,36,37,38,39,40,41,42,43,44,45,46,47,48,49,50,51,52,53,54,55,56,57,58,59,60,61,62,63,64,65]]",1,False,False,False
order_development,g2-development-orders-02,DEVELOPMENT,0953e86969a063f98dda68b91a11787c3e1cfdf39224380d290870a9c5d24692,cfg-b15b8281b73592fb,D-S-P,30,400,5,65,35,5,105ac63ef92d1df78f54b21ad9cebcd1cb3d0774dcb518f6e91148dad4d0e0fb,VERIFIED,6412,False,[],[],"[{""index"":8,""window_indices"":[7,8,9,10],""boundary_right_indices"":[10]},{""index"":9,""window_indices"":[8,9,10,11],""boundary_right_indices"":[10,11]},{""index"":10,""window_indices"":[9,10,11,12],""boundary_right_indices"":[10,11]},{""index"":11,""window_indices"":[10,11,12,13],""boundary_right_indices"":[11]},{""index"":25,""window_indices"":[24,25,26,27],""boundary_right_indices"":[27]},{""index"":26,""window_indices"":[25,26,27,28],""boundary_right_indices"":[27]},{""index"":27,""window_indices"":[26,27,28,29],""boundary_right_indices"":[27]}]",[],False,False,True,"[[0,1,2,3,4,5,6,7,8,9],[11,12,13,14,15,16,17,18,19,20,21,22,23,24,25,26],[27,28,29,30,31,32,33,34,35,36,37,38,39,40,41,42,43,44,45,46,47,48,49,50,51,52,53,54,55,56,57,58,59,60,61,62,63,64,65,66,67,68,69,70,71,72,73,74,75,76,77,78,79,80,81,82,83,84,85,86,87,88,89,90,91,92,93,94,95,96,97]]","[[0,1,2,3,4,5,6,7,8,9,10,11,12,13,14,15,16,17,18,19,20,21,22,23,24,25,26,27,28,29,30,31,32,33,34,35,36,37,38,39,40,41,42,43,44,45,46,47,48,49,50,51,52,53,54,55,56,57,58,59,60,61,62,63,64,65,66,67,68,69,70,71,72,73,74,75,76,77,78,79,80,81,82,83,84,85,86,87,88,89,90,91,92,93,94,95,96,97]]",1,False,False,False
order_development,g2-development-orders-02,DEVELOPMENT,0953e86969a063f98dda68b91a11787c3e1cfdf39224380d290870a9c5d24692,cfg-b15b8281b73592fb,D-S-P,30,400,5,65,35,5,105ac63ef92d1df78f54b21ad9cebcd1cb3d0774dcb518f6e91148dad4d0e0fb,VERIFIED,6596,False,[],[],"[{""index"":18,""window_indices"":[17,18,19,20],""boundary_right_indices"":[20]},{""index"":19,""window_indices"":[18,19,20,21],""boundary_right_indices"":[20]},{""index"":20,""window_indices"":[19,20,21,22],""boundary_right_indices"":[20]}]",[],False,False,True,"[[0,1,2,3,4,5,6,7,8,9,10,11,12,13,14,15,16,17,18,19],[20,21,22,23,24,25,26,27,28,29,30,31,32,33,34,35,36,37,38,39,40,41,42,43,44,45,46,47,48,49,50,51,52,53,54,55,56,57,58,59,60,61,62,63,64,65,66,67,68,69,70,71,72,73,74,75,76,77,78,79,80,81,82,83,84,85,86,87,88,89,90,91,92,93,94,95,96,97,98,99,100,101,102,103,104]]","[[0,1,2,3,4,5,6,7,8,9,10,11,12,13,14,15,16,17,18,19,20,21,22,23,24,25,26,27,28,29,30,31,32,33,34,35,36,37,38,39,40,41,42,43,44,45,46,47,48,49,50,51,52,53,54,55,56,57,58,59,60,61,62,63,64,65,66,67,68,69,70,71,72,73,74,75,76,77,78,79,80,81,82,83,84,85,86,87,88,89,90,91,92,93,94,95,96,97,98,99,100,101,102,103,104]]",0,False,False,False
order_development,g2-development-orders-02,DEVELOPMENT,0953e86969a063f98dda68b91a11787c3e1cfdf39224380d290870a9c5d24692,cfg-b15b8281b73592fb,D-S-P,30,400,5,65,35,5,105ac63ef92d1df78f54b21ad9cebcd1cb3d0774dcb518f6e91148dad4d0e0fb,VERIFIED,5027,True,[6],[],"[{""index"":28,""window_indices"":[27,28,29,30],""boundary_right_indices"":[30]},{""index"":29,""window_indices"":[28,29,30,31],""boundary_right_indices"":[30]},{""index"":30,""window_indices"":[29,30,31,32],""boundary_right_indices"":[30]},{""index"":99,""window_indices"":[98,99,100,101],""boundary_right_indices"":[101]},{""index"":100,""window_indices"":[99,100,101,102],""boundary_right_indices"":[101]},{""index"":101,""window_indices"":[100,101,102,103],""boundary_right_indices"":[101]}]",[],False,False,True,"[[0,1,2,3,4,5,6,7,8,9,10,11,12,13,14,15,16,17,18,19,20,21,22,23,24,25,26,27,28,29],[30,31,32,33,34,35,36,37,38,39,40,41,42,43,44,45,46,47,48,49,50,51,52,53,54,55,56,57,58,59,60,61,62,63,64,65,66,67,68,69,70,71,72,73,74,75,76,77,78,79,80,81,82,83,84,85,86,87,88,89,90,91,92,93,94,95,96,97,98,99,100]]","[[0,1,2,3,4,5,6,7,8,9,10,11,12,13,14,15,16,17,18,19,20,21,22,23,24,25,26,27,28,29,30,31,32,33,34,35,36,37,38,39,40,41,42,43,44,45,46,47,48,49,50,51,52,53,54,55,56,57,58,59,60,61,62,63,64,65,66,67,68,69,70,71,72,73,74,75,76,77,78,79,80,81,82,83,84,85,86,87,88,89,90,91,92,93,94,95,96,97,98,99,100,101,102,103]]",3,False,False,False
order_development,g2-development-orders-02,DEVELOPMENT,0953e86969a063f98dda68b91a11787c3e1cfdf39224380d290870a9c5d24692,cfg-b15b8281b73592fb,D-S-P,30,400,5,65,35,5,105ac63ef92d1df78f54b21ad9cebcd1cb3d0774dcb518f6e91148dad4d0e0fb,VERIFIED,10155,False,[],[],"[{""index"":94,""window_indices"":[93,94,95,96],""boundary_right_indices"":[96]},{""index"":95,""window_indices"":[94,95,96,97],""boundary_right_indices"":[96]},{""index"":96,""window_indices"":[95,96,97,98],""boundary_right_indices"":[96]}]",[],False,False,True,"[[0,1,2,3,4,5,6,7,8,9,10,11,12,13,14,15,16,17,18,19,20,21,22,23,24,25,26,27,28,29,30,31,32,33,34,35,36,37,38,39,40,41,42,43,44,45,46,47,48,49,50,51,52,53,54,55,56,57,58,59,60,61,62,63,64,65,66,67,68,69,70,71,72,73,74,75,76,77,78,79,80,81,82,83,84,85,86,87,88,89,90,91,92,93,94,95],[96,97,98,99,100,101,102,103,104]]","[[0,1,2,3,4,5,6,7,8,9,10,11,12,13,14,15,16,17,18,19,20,21,22,23,24,25,26,27,28,29,30,31,32,33,34,35,36,37,38,39,40,41,42,43,44,45,46,47,48,49,50,51,52,53,54,55,56,57,58,59,60,61,62,63,64,65,66,67,68,69,70,71,72,73,74,75,76,77,78,79,80,81,82,83,84,85,86,87,88,89,90,91,92,93,94,95,96,97,98,99,100,101,102,103,104]]",0,False,False,False
order_development,g2-development-orders-02,DEVELOPMENT,0953e86969a063f98dda68b91a11787c3e1cfdf39224380d290870a9c5d24692,cfg-b15b8281b73592fb,D-S-P,30,400,5,65,35,5,105ac63ef92d1df78f54b21ad9cebcd1cb3d0774dcb518f6e91148dad4d0e0fb,VERIFIED,2759,False,[],[],"[{""index"":5,""window_indices"":[4,5,6,7],""boundary_right_indices"":[7]},{""index"":6,""window_indices"":[5,6,7,8],""boundary_right_indices"":[7]},{""index"":7,""window_indices"":[6,7,8,9],""boundary_right_indices"":[7]}]",[],False,False,True,"[[0,1,2,3,4,5,6],[7,8,9,10,11,12,13,14,15,16,17,18,19,20,21,22,23,24,25,26,27,28,29,30,31,32,33,34,35,36,37,38,39,40,41,42,43,44,45,46,47,48,49,50,51,52,53,54,55,56,57,58,59,60,61,62,63,64,65,66,67,68,69,70,71,72,73,74,75,76,77,78,79,80,81,82,83,84,85,86,87,88,89,90,91,92,93,94,95,96,97,98,99,100,101,102,103,104,105,106,107,108,109,110,111,112,113,114]]","[[0,1,2,3,4,5,6,7,8,9,10,11,12,13,14,15,16,17,18,19,20,21,22,23,24,25,26,27,28,29,30,31,32,33,34,35,36,37,38,39,40,41,42,43,44,45,46,47,48,49,50,51,52,53,54,55,56,57,58,59,60,61,62,63,64,65,66,67,68,69,70,71,72,73,74,75,76,77,78,79,80,81,82,83,84,85,86,87,88,89,90,91,92,93,94,95,96,97,98,99,100,101,102,103,104,105,106,107,108,109,110,111,112,113,114]]",0,False,False,False
order_development,g2-development-orders-02,DEVELOPMENT,0953e86969a063f98dda68b91a11787c3e1cfdf39224380d290870a9c5d24692,cfg-b15b8281b73592fb,D-S-P,30,400,5,65,35,5,105ac63ef92d1df78f54b21ad9cebcd1cb3d0774dcb518f6e91148dad4d0e0fb,VERIFIED,5366,True,"[76,77]",[],[],[],False,False,False,"[[0,1,2,3,4,5,6,7,8,9,10,11,12,13,14,15,16,17,18,19,20,21,22,23,24,25,26,27,28,29,30,31,32,33,34,35,36,37,38,39,40,41,42,43,44,45,46,47,48,49,50,51,52,53,54,55,56,57,58,59,60,61,62,63,64,65,66,67,68,69,70,71,72,73,74,75,76,77,78,79,80,81,82,83,84,85,86,87,88,89,90,91,92,93,94,95,96,97,98,99,100,101,102,103,104,105,106,107,108,109,110,111,112,113,114,115,116,117,118,119,120,121,122,123,124,125,126,127,128,129]]","[[0,1,2,3,4,5,6,7,8,9,10,11,12,13,14,15,16,17,18,19,20,21,22,23,24,25,26,27,28,29,30,31,32,33,34,35,36,37,38,39,40,41,42,43,44,45,46,47,48,49,50,51,52,53,54,55,56,57,58,59,60,61,62,63,64,65,66,67,68,69,70,71,72,73,74,75,76,77,78,79,80,81,82,83,84,85,86,87,88,89,90,91,92,93,94,95,96,97,98,99,100,101,102,103,104,105,106,107,108,109,110,111,112,113,114,115,116,117,118,119,120,121,122,123,124,125,126,127,128,129]]",0,False,False,False
order_development,g2-development-orders-02,DEVELOPMENT,0953e86969a063f98dda68b91a11787c3e1cfdf39224380d290870a9c5d24692,cfg-b15b8281b73592fb,D-S-P,30,400,5,65,35,5,105ac63ef92d1df78f54b21ad9cebcd1cb3d0774dcb518f6e91148dad4d0e0fb,VERIFIED,2668,True,"[0,1,2,3,4,5,6,7,8,9,10,11,12]",[],"[{""index"":48,""window_indices"":[47,48,49,50],""boundary_right_indices"":[50]},{""index"":49,""window_indices"":[48,49,50,51],""boundary_right_indices"":[50]},{""index"":50,""window_indices"":[49,50,51,52],""boundary_right_indices"":[50]},{""index"":53,""window_indices"":[52,53,54,55],""boundary_right_indices"":[55]},{""index"":54,""window_indices"":[53,54,55,56],""boundary_right_indices"":[55]},{""index"":55,""window_indices"":[54,55,56,57],""boundary_right_indices"":[55]},{""index"":58,""window_indices"":[57,58,59,60],""boundary_right_indices"":[60]},{""index"":59,""window_indices"":[58,59,60,61],""boundary_right_indices"":[60]},{""index"":60,""window_indices"":[59,60,61,62],""boundary_right_indices"":[60]},{""index"":63,""window_indices"":[62,63,64,65],""boundary_right_indices"":[65]},{""index"":64,""window_indices"":[63,64,65,66],""boundary_right_indices"":[65]},{""index"":65,""window_indices"":[64,65,66,67],""boundary_right_indices"":[65]},{""index"":68,""window_indices"":[67,68,69,70],""boundary_right_indices"":[70]},{""index"":69,""window_indices"":[68,69,70,71],""boundary_right_indices"":[70]},{""index"":70,""window_indices"":[69,70,71,72],""boundary_right_indices"":[70]},{""index"":73,""window_indices"":[72,73,74,75],""boundary_right_indices"":[75]},{""index"":74,""window_indices"":[73,74,75,76],""boundary_right_indices"":[75]},{""index"":75,""window_indices"":[74,75,76,77],""boundary_right_indices"":[75]},{""index"":78,""window_indices"":[77,78,79,80],""boundary_right_indices"":[80]},{""index"":79,""window_indices"":[78,79,80,81],""boundary_right_indices"":[80]},{""index"":80,""window_indices"":[79,80,81,82],""boundary_right_indices"":[80]}]",[],False,False,True,"[[0,1,2,3,4,5,6,7,8,9,10,11,12,13,14,15,16,17,18,19,20,21,22,23,24,25,26,27,28,29,30,31,32,33,34,35,36,37,38,39,40,41,42,43,44,45,46,47,48,49],[50,51,52,53,54],[55,56,57,58,59],[60,61,62,63,64],[65,66,67,68,69],[70,71,72,73,74],[75,76,77,78,79],[80,81,82,83,84,85,86,87,88,89,90,91,92,93,94,95,96,97,98,99,100,101,102,103]]","[[0,1,2,3,4,5,6,7,8,9,10,11,12,13,14,15,16,17,18,19,20,21,22,23,24,25,26,27,28,29,30,31,32,33,34,35,36,37,38,39,40,41,42,43,44,45,46,47,48,49,50,51,52,53,54,55,56,57,58,59,60,61,62,63,64,65,66,67,68,69,70,71,72,73,74,75,76,77,78,79,80,81,82,83,84,85,86,87,88,89,90,91,92,93,94,95,96,97,98,99,100,101,102,103]]",11,False,False,False
order_development,g2-development-orders-02,DEVELOPMENT,0953e86969a063f98dda68b91a11787c3e1cfdf39224380d290870a9c5d24692,cfg-b15b8281b73592fb,D-S-P,30,400,5,65,35,5,105ac63ef92d1df78f54b21ad9cebcd1cb3d0774dcb518f6e91148dad4d0e0fb,VERIFIED,5256,True,[58],[],"[{""index"":57,""window_indices"":[56,57,58,59],""boundary_right_indices"":[59]},{""index"":58,""window_indices"":[57,58,59,60],""boundary_right_indices"":[59]},{""index"":59,""window_indices"":[58,59,60,61],""boundary_right_indices"":[59]}]",[],False,False,True,"[[0,1,2,3,4,5,6,7,8,9,10,11,12,13,14,15,16,17,18,19,20,21,22,23,24,25,26,27,28,29,30,31,32,33,34,35,36,37,38,39,40,41,42,43,44,45,46,47,48,49,50,51,52,53,54,55,56,57,58],[59,60,61,62,63,64,65,66,67,68,69,70,71,72,73,74,75,76,77,78,79,80,81,82,83,84,85,86,87,88,89,90,91,92,93,94,95,96,97,98,99,100,101,102,103,104,105,106,107,108,109,110,111,112,113]]","[[0,1,2,3,4,5,6,7,8,9,10,11,12,13,14,15,16,17,18,19,20,21,22,23,24,25,26,27,28,29,30,31,32,33,34,35,36,37,38,39,40,41,42,43,44,45,46,47,48,49,50,51,52,53,54,55,56,57,58,59,60,61,62,63,64,65,66,67,68,69,70,71,72,73,74,75,76,77,78,79,80,81,82,83,84,85,86,87,88,89,90,91,92,93,94,95,96,97,98,99,100,101,102,103,104,105,106,107,108,109,110,111,112,113]]",0,False,False,False
order_development,g2-development-orders-02,DEVELOPMENT,0953e86969a063f98dda68b91a11787c3e1cfdf39224380d290870a9c5d24692,cfg-b15b8281b73592fb,D-S-P,30,400,5,65,35,5,105ac63ef92d1df78f54b21ad9cebcd1cb3d0774dcb518f6e91148dad4d0e0fb,VERIFIED,3186,False,[],[],"[{""index"":19,""window_indices"":[18,19,20,21],""boundary_right_indices"":[21]},{""index"":20,""window_indices"":[19,20,21,22],""boundary_right_indices"":[21]},{""index"":21,""window_indices"":[20,21,22,23],""boundary_right_indices"":[21]}]",[],False,False,True,"[[0,1,2,3,4,5,6,7,8,9,10,11,12,13,14,15,16,17,18,19,20],[21,22,23,24,25,26,27,28,29,30,31,32,33,34,35,36,37,38,39,40,41,42,43,44,45,46,47,48,49,50,51,52,53,54,55,56,57,58,59,60,61,62,63,64,65,66,67,68,69,70,71,72,73,74,75,76,77,78,79,80,81,82,83,84,85,86,87,88,89,90,91,92,93,94,95,96,97,98,99,100,101,102,103,104,105,106,107,108,109,110,111,112,113,114,115,116,117,118,119,120,121,122,123,124]]","[[0,1,2,3,4,5,6,7,8,9,10,11,12,13,14,15,16,17,18,19,20,21,22,23,24,25,26,27,28,29,30,31,32,33,34,35,36,37,38,39,40,41,42,43,44,45,46,47,48,49,50,51,52,53,54,55,56,57,58,59,60,61,62,63,64,65,66,67,68,69,70,71,72,73,74,75,76,77,78,79,80,81,82,83,84,85,86,87,88,89,90,91,92,93,94,95,96,97,98,99,100,101,102,103,104,105,106,107,108,109,110,111,112,113,114,115,116,117,118,119,120,121,122,123,124]]",0,False,False,False
order_development,g2-development-orders-02,DEVELOPMENT,0953e86969a063f98dda68b91a11787c3e1cfdf39224380d290870a9c5d24692,cfg-b15b8281b73592fb,D-S-P,30,400,5,65,35,5,105ac63ef92d1df78f54b21ad9cebcd1cb3d0774dcb518f6e91148dad4d0e0fb,VERIFIED,4915,False,[],[],"[{""index"":41,""window_indices"":[40,41,42,43],""boundary_right_indices"":[43]},{""index"":42,""window_indices"":[41,42,43,44],""boundary_right_indices"":[43,44]},{""index"":43,""window_indices"":[42,43,44,45],""boundary_right_indices"":[43,44]},{""index"":44,""window_indices"":[43,44,45,46],""boundary_right_indices"":[44]}]",[],False,False,True,"[[0,1,2,3,4,5,6,7,8,9,10,11,12,13,14,15,16,17,18,19,20,21,22,23,24,25,26,27,28,29,30,31,32,33,34,35,36,37,38,39,40,41,42],[44,45,46,47,48,49,50,51,52,53,54,55,56,57,58,59,60,61,62,63,64,65,66,67,68,69,70,71,72,73,74,75,76,77,78,79,80,81,82,83,84,85,86,87,88,89,90,91,92,93,94,95,96,97,98,99,100,101,102,103,104]]","[[0,1,2,3,4,5,6,7,8,9,10,11,12,13,14,15,16,17,18,19,20,21,22,23,24,25,26,27,28,29,30,31,32,33,34,35,36,37,38,39,40,41,42,43,44,45,46,47,48,49,50,51,52,53,54,55,56,57,58,59,60,61,62,63,64,65,66,67,68,69,70,71,72,73,74,75,76,77,78,79,80,81,82,83,84,85,86,87,88,89,90,91,92,93,94,95,96,97,98,99,100,101,102,103,104]]",1,False,False,False
order_development,g2-development-orders-02,DEVELOPMENT,0953e86969a063f98dda68b91a11787c3e1cfdf39224380d290870a9c5d24692,cfg-b15b8281b73592fb,D-S-P,30,400,5,65,35,5,105ac63ef92d1df78f54b21ad9cebcd1cb3d0774dcb518f6e91148dad4d0e0fb,VERIFIED,5707,True,[21],[],"[{""index"":45,""window_indices"":[44,45,46,47],""boundary_right_indices"":[47]},{""index"":46,""window_indices"":[45,46,47,48],""boundary_right_indices"":[47]},{""index"":47,""window_indices"":[46,47,48,49],""boundary_right_indices"":[47]},{""index"":49,""window_indices"":[48,49,50,51],""boundary_right_indices"":[51]},{""index"":50,""window_indices"":[49,50,51,52],""boundary_right_indices"":[51,52]},{""index"":51,""window_indices"":[50,51,52,53],""boundary_right_indices"":[51,52,53]},{""index"":52,""window_indices"":[51,52,53,54],""boundary_right_indices"":[52,53]},{""index"":53,""window_indices"":[52,53,54,55],""boundary_right_indices"":[53]}]",[],False,False,True,"[[0,1,2,3,4,5,6,7,8,9,10,11,12,13,14,15,16,17,18,19,20,21,22,23,24,25,26,27,28,29,30,31,32,33,34,35,36,37,38,39,40,41,42,43,44,45,46],[53,54,55,56,57,58,59,60,61,62,63,64,65,66,67,68,69,70,71,72,73,74,75,76,77,78,79,80,81,82,83,84,85,86,87,88,89,90,91,92,93,94,95,96,97,98,99,100,101]]","[[0,1,2,3,4,5,6,7,8,9,10,11,12,13,14,15,16,17,18,19,20,21,22,23,24,25,26,27,28,29,30,31,32,33,34,35,36,37,38,39,40,41,42,43,44,45,46,47,48,49,50,51,52,53,54,55,56,57,58,59,60,61,62,63,64,65,66,67,68,69,70,71,72,73,74,75,76,77,78,79,80,81,82,83,84,85,86,87,88,89,90,91,92,93,94,95,96,97,98,99,100,101]]",6,False,False,False
order_development,g2-development-orders-02,DEVELOPMENT,0953e86969a063f98dda68b91a11787c3e1cfdf39224380d290870a9c5d24692,cfg-b15b8281b73592fb,D-S-P,30,400,5,65,35,5,105ac63ef92d1df78f54b21ad9cebcd1cb3d0774dcb518f6e91148dad4d0e0fb,VERIFIED,9002,False,[],[],"[{""index"":16,""window_indices"":[15,16,17,18],""boundary_right_indices"":[18]},{""index"":17,""window_indices"":[16,17,18,19],""boundary_right_indices"":[18]},{""index"":18,""window_indices"":[17,18,19,20],""boundary_right_indices"":[18]}]",[],False,False,True,"[[0,1,2,3,4,5,6,7,8,9,10,11,12,13,14,15,16,17],[18,19,20,21,22,23,24,25,26,27,28,29,30,31,32,33,34,35,36,37,38,39,40,41,42,43,44,45,46,47,48,49,50,51,52,53,54,55,56,57,58,59,60,61,62,63,64,65,66,67,68,69,70,71,72,73,74,75,76,77,78,79,80,81,82,83,84,85,86,87,88,89,90,91,92,93,94,95,96,97,98,99,100,101,102,103,104,105,106,107,108,109,110,111,112,113,114,115]]","[[0,1,2,3,4,5,6,7,8,9,10,11,12,13,14,15,16,17,18,19,20,21,22,23,24,25,26,27,28,29,30,31,32,33,34,35,36,37,38,39,40,41,42,43,44,45,46,47,48,49,50,51,52,53,54,55,56,57,58,59,60,61,62,63,64,65,66,67,68,69,70,71,72,73,74,75,76,77,78,79,80,81,82,83,84,85,86,87,88,89,90,91,92,93,94,95,96,97,98,99,100,101,102,103,104,105,106,107,108,109,110,111,112,113,114,115]]",0,False,False,False
order_development,g2-development-orders-02,DEVELOPMENT,0953e86969a063f98dda68b91a11787c3e1cfdf39224380d290870a9c5d24692,cfg-b15b8281b73592fb,D-S-P,30,400,5,65,35,5,105ac63ef92d1df78f54b21ad9cebcd1cb3d0774dcb518f6e91148dad4d0e0fb,VERIFIED,217,False,[],[],"[{""index"":90,""window_indices"":[89,90,91,92],""boundary_right_indices"":[92]},{""index"":91,""window_indices"":[90,91,92,93],""boundary_right_indices"":[92]},{""index"":92,""window_indices"":[91,92,93,94],""boundary_right_indices"":[92]}]",[],False,False,True,[],"[[0,1,2,3,4,5,6,7,8,9,10,11,12,13,14,15,16,17,18,19,20,21,22,23,24,25,26,27,28,29,30,31,32,33,34,35,36,37,38,39,40,41,42,43,44,45,46,47,48,49,50,51,52,53,54,55,56,57,58,59,60,61,62,63,64,65,66,67,68,69,70,71,72,73,74,75,76,77,78,79,80,81,82,83,84,85,86,87,88,89,90,91,92,93,94,95,96,97,98,99,100]]",101,True,True,False
order_development,g2-development-orders-02,DEVELOPMENT,0953e86969a063f98dda68b91a11787c3e1cfdf39224380d290870a9c5d24692,cfg-b15b8281b73592fb,D-S-P,30,400,5,65,35,5,105ac63ef92d1df78f54b21ad9cebcd1cb3d0774dcb518f6e91148dad4d0e0fb,VERIFIED,130,False,[],[],"[{""index"":5,""window_indices"":[4,5,6,7],""boundary_right_indices"":[7]},{""index"":6,""window_indices"":[5,6,7,8],""boundary_right_indices"":[7]},{""index"":7,""window_indices"":[6,7,8,9],""boundary_right_indices"":[7]}]",[],False,False,True,[],"[[0,1,2,3,4,5,6,7,8,9,10,11,12,13,14,15,16,17,18,19,20,21,22,23,24,25,26,27,28,29,30,31,32,33,34,35,36,37,38,39,40,41,42,43,44,45,46,47,48,49,50,51,52,53,54,55,56,57,58,59,60,61,62,63,64,65,66,67,68,69,70,71,72,73,74,75,76,77,78,79,80,81,82,83,84,85,86,87,88,89,90,91,92,93,94,95,96]]",97,True,True,False
order_development,g2-development-orders-02,DEVELOPMENT,0953e86969a063f98dda68b91a11787c3e1cfdf39224380d290870a9c5d24692,cfg-b15b8281b73592fb,D-S-P,30,400,5,65,35,5,105ac63ef92d1df78f54b21ad9cebcd1cb3d0774dcb518f6e91148dad4d0e0fb,VERIFIED,799,False,[],[],"[{""index"":14,""window_indices"":[13,14,15,16],""boundary_right_indices"":[16]},{""index"":15,""window_indices"":[14,15,16,17],""boundary_right_indices"":[16]},{""index"":16,""window_indices"":[15,16,17,18],""boundary_right_indices"":[16,18]},{""index"":17,""window_indices"":[16,17,18,19],""boundary_right_indices"":[18]},{""index"":18,""window_indices"":[17,18,19,20],""boundary_right_indices"":[18]}]",[],False,False,True,[],"[[0,1,2,3,4,5,6,7,8,9,10,11,12,13,14,15,16,17,18,19,20,21,22,23,24,25,26,27,28,29,30,31,32,33,34,35,36,37,38,39,40,41,42,43,44,45,46,47,48,49,50,51,52,53,54,55,56,57,58,59,60,61,62,63,64,65,66,67,68,69,70,71,72,73,74,75,76,77,78,79,80,81,82,83,84,85]]",86,True,True,False
order_development,g2-development-orders-02,DEVELOPMENT,0953e86969a063f98dda68b91a11787c3e1cfdf39224380d290870a9c5d24692,cfg-b15b8281b73592fb,D-S-P,30,400,5,65,35,5,105ac63ef92d1df78f54b21ad9cebcd1cb3d0774dcb518f6e91148dad4d0e0fb,VERIFIED,4318,False,[],[],"[{""index"":91,""window_indices"":[90,91,92,93],""boundary_right_indices"":[93]},{""index"":92,""window_indices"":[91,92,93,94],""boundary_right_indices"":[93]},{""index"":93,""window_indices"":[92,93,94,95],""boundary_right_indices"":[93]}]",[],False,False,True,[],"[[0,1,2,3,4,5,6,7,8,9,10,11,12,13,14,15,16,17,18,19,20,21,22,23,24,25,26,27,28,29,30,31,32,33,34,35,36,37,38,39,40,41,42,43,44,45,46,47,48,49,50,51,52,53,54,55,56,57,58,59,60,61,62,63,64,65,66,67,68,69,70,71,72,73,74,75,76,77,78,79,80,81,82,83,84,85,86,87,88,89,90,91,92,93,94,95,96,97,98,99]]",100,True,True,False
order_development,g2-development-orders-02,DEVELOPMENT,0953e86969a063f98dda68b91a11787c3e1cfdf39224380d290870a9c5d24692,cfg-b15b8281b73592fb,D-S-P,30,400,5,65,35,5,105ac63ef92d1df78f54b21ad9cebcd1cb3d0774dcb518f6e91148dad4d0e0fb,VERIFIED,6867,False,[],[],"[{""index"":1,""window_indices"":[0,1,2,3],""boundary_right_indices"":[1]}]",[],False,False,True,[],"[[0,1,2,3,4,5,6,7,8,9,10,11,12,13,14,15,16,17,18,19,20,21,22,23,24,25,26,27,28,29,30,31,32,33,34,35,36,37,38,39,40,41,42,43,44,45,46,47,48,49,50,51,52,53,54,55,56,57,58,59,60,61,62,63,64,65,66,67,68,69,70,71,72,73,74,75,76,77,78,79,80,81,82,83,84,85,86,87,88,89,90,91,92,93,94,95,96,97,98]]",99,True,True,False
order_development,g2-development-orders-02,DEVELOPMENT,0953e86969a063f98dda68b91a11787c3e1cfdf39224380d290870a9c5d24692,cfg-b15b8281b73592fb,D-S-P,30,400,5,65,35,5,105ac63ef92d1df78f54b21ad9cebcd1cb3d0774dcb518f6e91148dad4d0e0fb,VERIFIED,4782,False,[],[],"[{""index"":8,""window_indices"":[7,8,9,10],""boundary_right_indices"":[10]},{""index"":9,""window_indices"":[8,9,10,11],""boundary_right_indices"":[10]},{""index"":10,""window_indices"":[9,10,11,12],""boundary_right_indices"":[10]},{""index"":32,""window_indices"":[31,32,33,34],""boundary_right_indices"":[34]},{""index"":33,""window_indices"":[32,33,34,35],""boundary_right_indices"":[34]},{""index"":34,""window_indices"":[33,34,35,36],""boundary_right_indices"":[34]},{""index"":36,""window_indices"":[35,36,37,38],""boundary_right_indices"":[38]},{""index"":37,""window_indices"":[36,37,38,39],""boundary_right_indices"":[38]}]",[],False,False,True,[],"[[0,1,2,3,4,5,6,7,8,9,10,11,12,13,14,15,16,17,18,19,20,21,22,23,24,25,26,27,28,29,30,31,32,33,34,35,36,37,38,39]]",38,False,True,False
order_development,g2-development-orders-02,DEVELOPMENT,0953e86969a063f98dda68b91a11787c3e1cfdf39224380d290870a9c5d24692,cfg-b15b8281b73592fb,D-S-P,30,400,5,65,35,5,105ac63ef92d1df78f54b21ad9cebcd1cb3d0774dcb518f6e91148dad4d0e0fb,VERIFIED,4460,False,[],[],"[{""index"":1,""window_indices"":[0,1,2,3],""boundary_right_indices"":[2]},{""index"":2,""window_indices"":[1,2,3,4],""boundary_right_indices"":[2]}]",[],False,False,True,[],"[[0,1,2,3,4,5,6,7,8,9,10,11,12,13,14,15,16,17,18,19,20,21,22,23,24,25,26,27,28,29,30,31,32,33,34,35,36,37,38,39,40,41,42,43,44,45,46,47,48,49,50,51,52,53,54,55,56,57,58,59,60,61,62,63,64,65,66,67,68,69,70,71,72,73,74,75,76,77,78,79,80,81,82,83,84,85,86,87,88,89,90,91,92,93,94,95,96]]",97,True,True,False
order_development,g2-development-orders-02,DEVELOPMENT,0953e86969a063f98dda68b91a11787c3e1cfdf39224380d290870a9c5d24692,cfg-b15b8281b73592fb,D-S-P,30,400,5,65,35,5,105ac63ef92d1df78f54b21ad9cebcd1cb3d0774dcb518f6e91148dad4d0e0fb,VERIFIED,7736,False,[],[],"[{""index"":38,""window_indices"":[37,38,39,40],""boundary_right_indices"":[40]},{""index"":39,""window_indices"":[38,39,40,41],""boundary_right_indices"":[40,41]}]",[],False,False,True,[],"[[0,1,2,3,4,5,6,7,8,9,10,11,12,13,14,15,16,17,18,19,20,21,22,23,24,25,26,27,28,29,30,31,32,33,34,35,36,37,38,39,40,41]]",42,True,True,False
order_development,g2-development-orders-02,DEVELOPMENT,0953e86969a063f98dda68b91a11787c3e1cfdf39224380d290870a9c5d24692,cfg-b15b8281b73592fb,D-S-P,30,400,5,65,35,5,105ac63ef92d1df78f54b21ad9cebcd1cb3d0774dcb518f6e91148dad4d0e0fb,VERIFIED,6313,True,"[0,1,2,3,4,5,6,7,8,9,10,11,12,13,14,31,32,33,48,49]",[],[],[],False,False,False,"[[0,1,2,3,4,5,6,7,8,9,10,11,12,13,14,15,16,17,18,19,20,21,22,23,24,25,26,27,28,29,30,31,32,33,34,35,36,37,38,39,40,41,42,43,44,45,46,47,48,49,50,51,52,53,54,55,56,57,58,59,60,61,62,63,64,65,66,67,68,69,70,71,72,73,74,75,76,77,78,79,80,81,82,83,84,85,86,87,88,89,90,91,92,93,94,95,96,97,98,99,100]]","[[0,1,2,3,4,5,6,7,8,9,10,11,12,13,14,15,16,17,18,19,20,21,22,23,24,25,26,27,28,29,30,31,32,33,34,35,36,37,38,39,40,41,42,43,44,45,46,47,48,49,50,51,52,53,54,55,56,57,58,59,60,61,62,63,64,65,66,67,68,69,70,71,72,73,74,75,76,77,78,79,80,81,82,83,84,85,86,87,88,89,90,91,92,93,94,95,96,97,98,99,100]]",4,False,False,False
order_development,g2-development-orders-02,DEVELOPMENT,0953e86969a063f98dda68b91a11787c3e1cfdf39224380d290870a9c5d24692,cfg-b15b8281b73592fb,D-S-P,30,400,5,65,35,5,105ac63ef92d1df78f54b21ad9cebcd1cb3d0774dcb518f6e91148dad4d0e0fb,VERIFIED,10089,True,"[0,1,2,3,4,5,6,7,8]",[],[],[],False,False,False,"[[0,1,2,3,4,5,6,7,8,9,10,11,12,13,14,15,16,17,18,19,20,21,22,23,24,25,26,27,28,29,30,31,32,33,34,35,36,37,38,39,40,41,42,43,44,45,46,47,48,49,50,51,52,53,54,55,56,57,58,59,60,61,62,63,64,65,66,67,68,69,70,71,72,73,74,75,76,77,78,79,80,81,82,83,84,85,86,87,88,89,90,91,92,93,94,95,96,97,98]]","[[0,1,2,3,4,5,6,7,8,9,10,11,12,13,14,15,16,17,18,19,20,21,22,23,24,25,26,27,28,29,30,31,32,33,34,35,36,37,38,39,40,41,42,43,44,45,46,47,48,49,50,51,52,53,54,55,56,57,58,59,60,61,62,63,64,65,66,67,68,69,70,71,72,73,74,75,76,77,78,79,80,81,82,83,84,85,86,87,88,89,90,91,92,93,94,95,96,97,98]]",6,False,False,False
order_development,g2-development-orders-02,DEVELOPMENT,0953e86969a063f98dda68b91a11787c3e1cfdf39224380d290870a9c5d24692,cfg-b15b8281b73592fb,D-S-P,30,400,5,65,35,5,105ac63ef92d1df78f54b21ad9cebcd1cb3d0774dcb518f6e91148dad4d0e0fb,VERIFIED,10232,True,"[0,1,2,3,4,5,6,7,8,9,10,11,12,13,14,15,16,17,18,19,20,21,22,23,24,25,26,27,28,29,30,31,32,33,34,35,36,37,38,39,40,41,42,43,66,67,68,69,70]",[],[],[],False,False,False,"[[0,1,2,3,4,5,6,7,8,9,10,11,12,13,14,15,16,17,18,19,20,21,22,23,24,25,26,27,28,29,30,31,32,33,34,35,36,37,38,39,40,41,42,43,44,45,46,47,48,49,50,51,52,53,54,55,56,57,58,59,60,61,62,63,64,65,66,67,68,69,70,71,72,73,74,75,76,77,78,79,80,81,82,83,84,85,86,87,88,89,90,91,92,93,94,95,96,97]]","[[0,1,2,3,4,5,6,7,8,9,10,11,12,13,14,15,16,17,18,19,20,21,22,23,24,25,26,27,28,29,30,31,32,33,34,35,36,37,38,39,40,41,42,43,44,45,46,47,48,49,50,51,52,53,54,55,56,57,58,59,60,61,62,63,64,65,66,67,68,69,70,71,72,73,74,75,76,77,78,79,80,81,82,83,84,85,86,87,88,89,90,91,92,93,94,95,96,97]]",23,False,False,False
order_development,g2-development-orders-02,DEVELOPMENT,0953e86969a063f98dda68b91a11787c3e1cfdf39224380d290870a9c5d24692,cfg-b15b8281b73592fb,D-S-P,30,400,5,65,35,5,105ac63ef92d1df78f54b21ad9cebcd1cb3d0774dcb518f6e91148dad4d0e0fb,VERIFIED,11272,True,"[0,1,2,3,4,5,6,7,8,9,10,11,12,13,14,15,16,17,18,19,20,21,22,23,24,25,26,27,28,29,30,31,32,33,34,35,36,37,38,39,40,41,42,43,44,45,46,47,48,49,50,51,52,72,73,74,75,76,77,78,79,80,81,82,83,84,85,86,87,88,89,90,91,92,93,94,95,96,97]",[],[],[],False,False,False,"[[0,1,2,3,4,5,6,7,8,9,10,11,12,13,14,15,16,17,18,19,20,21,22,23,24,25,26,27,28,29,30,31,32,33,34,35,36,37,38,39,40,41,42,43,44,45,46,47,48,49,50,51,52,53,54,55,56,57,58,59,60,61,62,63,64,65,66,67,68,69,70,71,72,73,74,75,76,77,78,79,80,81,82,83,84,85,86,87,88,89,90,91,92,93,94,95,96,97]]","[[0,1,2,3,4,5,6,7,8,9,10,11,12,13,14,15,16,17,18,19,20,21,22,23,24,25,26,27,28,29,30,31,32,33,34,35,36,37,38,39,40,41,42,43,44,45,46,47,48,49,50,51,52,53,54,55,56,57,58,59,60,61,62,63,64,65,66,67,68,69,70,71,72,73,74,75,76,77,78,79,80,81,82,83,84,85,86,87,88,89,90,91,92,93,94,95,96,97]]",43,False,False,False
order_development,g2-development-orders-02,DEVELOPMENT,0953e86969a063f98dda68b91a11787c3e1cfdf39224380d290870a9c5d24692,cfg-b15b8281b73592fb,D-S-P,30,400,5,65,35,5,105ac63ef92d1df78f54b21ad9cebcd1cb3d0774dcb518f6e91148dad4d0e0fb,VERIFIED,5633,True,"[12,13,50,51,52,53,54,55,56,57,58,59,60,61,62,63,64,65,66,67,68,69,70,71,72,73,74]",[],[],[],False,False,False,"[[0,1,2,3,4,5,6,7,8,9,10,11,12,13,14,15,16,17,18,19,20,21,22,23,24,25,26,27,28,29,30,31,32,33,34,35,36,37,38,39,40,41,42,43,44,45,46,47,48,49,50,51,52,53,54,55,56,57,58,59,60,61,62,63,64,65,66,67,68,69,70,71,72,73,74,75,76,77,78,79,80,81,82,83,84,85,86,87,88,89,90,91,92,93,94,95,96,97,98,99,100,101,102,103,104,105,106,107,108,109,110,111,112,113,114]]","[[0,1,2,3,4,5,6,7,8,9,10,11,12,13,14,15,16,17,18,19,20,21,22,23,24,25,26,27,28,29,30,31,32,33,34,35,36,37,38,39,40,41,42,43,44,45,46,47,48,49,50,51,52,53,54,55,56,57,58,59,60,61,62,63,64,65,66,67,68,69,70,71,72,73,74,75,76,77,78,79,80,81,82,83,84,85,86,87,88,89,90,91,92,93,94,95,96,97,98,99,100,101,102,103,104,105,106,107,108,109,110,111,112,113,114]]",15,False,False,False
order_development,g2-development-orders-02,DEVELOPMENT,0953e86969a063f98dda68b91a11787c3e1cfdf39224380d290870a9c5d24692,cfg-b15b8281b73592fb,D-S-P,30,400,5,65,35,5,105ac63ef92d1df78f54b21ad9cebcd1cb3d0774dcb518f6e91148dad4d0e0fb,VERIFIED,8061,True,"[17,18,19,20,21,22,23,24,25,35,36,37,38,39,40,41,42,43]",[],[],[],False,False,False,"[[0,1,2,3,4,5,6,7,8,9,10,11,12,13,14,15,16,17,18,19,20,21,22,23,24,25,26,27,28,29,30,31,32,33,34,35,36,37,38,39,40,41,42,43,44,45,46,47,48,49,50,51,52,53,54,55,56,57,58,59,60,61,62,63,64,65,66,67,68,69,70,71,72,73,74,75,76,77,78,79,80,81,82,83,84,85,86,87,88,89,90,91,92,93,94,95,96,97,98]]","[[0,1,2,3,4,5,6,7,8,9,10,11,12,13,14,15,16,17,18,19,20,21,22,23,24,25,26,27,28,29,30,31,32,33,34,35,36,37,38,39,40,41,42,43,44,45,46,47,48,49,50,51,52,53,54,55,56,57,58,59,60,61,62,63,64,65,66,67,68,69,70,71,72,73,74,75,76,77,78,79,80,81,82,83,84,85,86,87,88,89,90,91,92,93,94,95,96,97,98]]",4,False,False,False
order_development,g2-development-orders-02,DEVELOPMENT,0953e86969a063f98dda68b91a11787c3e1cfdf39224380d290870a9c5d24692,cfg-b15b8281b73592fb,D-S-P,30,400,5,65,35,5,105ac63ef92d1df78f54b21ad9cebcd1cb3d0774dcb518f6e91148dad4d0e0fb,VERIFIED,89,True,"[35,36,37,38,39,40,41,42,43,44,45,46,47,48,49,50,51,52,53,54,55,56,57,58,59,60,61,62,63,64,65,66,67,68,69,70,71,72,73,74,75,76,77,78,79,80,81,82,83,84,85,86,87,88,89,90,91,92,93,94,95,96,97,98,99]",[],[],[],False,False,False,"[[0,1,2,3,4,5,6,7,8,9,10,11,12,13,14,15,16,17,18,19,20,21,22,23,24,25,26,27,28,29,30,31,32,33,34,35,36,37,38,39,40,41,42,43,44,45,46,47,48,49,50,51,52,53,54,55,56,57,58,59,60,61,62,63,64,65,66,67,68,69,70,71,72,73,74,75,76,77,78,79,80,81,82,83,84,85,86,87,88,89,90,91,92,93,94,95,96,97,98,99]]","[[0,1,2,3,4,5,6,7,8,9,10,11,12,13,14,15,16,17,18,19,20,21,22,23,24,25,26,27,28,29,30,31,32,33,34,35,36,37,38,39,40,41,42,43,44,45,46,47,48,49,50,51,52,53,54,55,56,57,58,59,60,61,62,63,64,65,66,67,68,69,70,71,72,73,74,75,76,77,78,79,80,81,82,83,84,85,86,87,88,89,90,91,92,93,94,95,96,97,98,99]]",52,False,False,False
order_development,g2-development-orders-02,DEVELOPMENT,0953e86969a063f98dda68b91a11787c3e1cfdf39224380d290870a9c5d24692,cfg-b15b8281b73592fb,D-S-P,30,400,5,65,35,5,105ac63ef92d1df78f54b21ad9cebcd1cb3d0774dcb518f6e91148dad4d0e0fb,VERIFIED,6225,True,"[0,1,2,3,4,55,56,57,58,59,60,61,62,63,64,65,66,67,68,69,70,71,72,73,74,75,76,77,78,79,80,81,82,83,84,85,86,87,88,89,90,91,92,93,94,95,96,97,98]",[],[],[],False,False,False,"[[0,1,2,3,4,5,6,7,8,9,10,11,12,13,14,15,16,17,18,19,20,21,22,23,24,25,26,27,28,29,30,31,32,33,34,35,36,37,38,39,40,41,42,43,44,45,46,47,48,49,50,51,52,53,54,55,56,57,58,59,60,61,62,63,64,65,66,67,68,69,70,71,72,73,74,75,76,77,78,79,80,81,82,83,84,85,86,87,88,89,90,91,92,93,94,95,96,97,98]]","[[0,1,2,3,4,5,6,7,8,9,10,11,12,13,14,15,16,17,18,19,20,21,22,23,24,25,26,27,28,29,30,31,32,33,34,35,36,37,38,39,40,41,42,43,44,45,46,47,48,49,50,51,52,53,54,55,56,57,58,59,60,61,62,63,64,65,66,67,68,69,70,71,72,73,74,75,76,77,78,79,80,81,82,83,84,85,86,87,88,89,90,91,92,93,94,95,96,97,98]]",36,False,False,False
order_development,g2-development-orders-02,DEVELOPMENT,0953e86969a063f98dda68b91a11787c3e1cfdf39224380d290870a9c5d24692,cfg-b15b8281b73592fb,D-S-P,30,400,5,65,35,5,105ac63ef92d1df78f54b21ad9cebcd1cb3d0774dcb518f6e91148dad4d0e0fb,VERIFIED,82,True,"[0,1,2,3,4,5,6,7,8,9,30,31,32,33,34,35,36,37,38,39,40,41,42,43,44,45,46,47,48,49,50,51,52,53,54,55,56,57,58,59,60,61,62,63,64,65,66,67,68,69,70,71,72,73,74,75,76,77,78,79,80,81,82,83,84,85,86,87,88,89,90,91,92,93,94,95,96,97]",[],[],[],False,False,False,"[[0,1,2,3,4,5,6,7,8,9,10,11,12,13,14,15,16,17,18,19,20,21,22,23,24,25,26,27,28,29,30,31,32,33,34,35,36,37,38,39,40,41,42,43,44,45,46,47,48,49,50,51,52,53,54,55,56,57,58,59,60,61,62,63,64,65,66,67,68,69,70,71,72,73,74,75,76,77,78,79,80,81,82,83,84,85,86,87,88,89,90,91,92,93,94,95,96,97]]","[[0,1,2,3,4,5,6,7,8,9,10,11,12,13,14,15,16,17,18,19,20,21,22,23,24,25,26,27,28,29,30,31,32,33,34,35,36,37,38,39,40,41,42,43,44,45,46,47,48,49,50,51,52,53,54,55,56,57,58,59,60,61,62,63,64,65,66,67,68,69,70,71,72,73,74,75,76,77,78,79,80,81,82,83,84,85,86,87,88,89,90,91,92,93,94,95,96,97]]",63,False,False,False
order_development,g2-development-orders-02,DEVELOPMENT,0953e86969a063f98dda68b91a11787c3e1cfdf39224380d290870a9c5d24692,cfg-b15b8281b73592fb,D-S-P,30,400,5,65,35,5,105ac63ef92d1df78f54b21ad9cebcd1cb3d0774dcb518f6e91148dad4d0e0fb,VERIFIED,2713,True,"[0,1,2,3,4,5,6,7,8,9,10,11,12,96,97,98,99]",[],[],[],False,False,False,"[[0,1,2,3,4,5,6,7,8,9,10,11,12,13,14,15,16,17,18,19,20,21,22,23,24,25,26,27,28,29,30,31,32,33,34,35,36,37,38,39,40,41,42,43,44,45,46,47,48,49,50,51,52,53,54,55,56,57,58,59,60,61,62,63,64,65,66,67,68,69,70,71,72,73,74,75,76,77,78,79,80,81,82,83,84,85,86,87,88,89,90,91,92,93,94,95,96,97,98,99]]","[[0,1,2,3,4,5,6,7,8,9,10,11,12,13,14,15,16,17,18,19,20,21,22,23,24,25,26,27,28,29,30,31,32,33,34,35,36,37,38,39,40,41,42,43,44,45,46,47,48,49,50,51,52,53,54,55,56,57,58,59,60,61,62,63,64,65,66,67,68,69,70,71,72,73,74,75,76,77,78,79,80,81,82,83,84,85,86,87,88,89,90,91,92,93,94,95,96,97,98,99]]",12,False,False,False
order_development,g2-development-orders-02,DEVELOPMENT,0953e86969a063f98dda68b91a11787c3e1cfdf39224380d290870a9c5d24692,cfg-b15b8281b73592fb,D-S-P,30,400,5,65,35,5,105ac63ef92d1df78f54b21ad9cebcd1cb3d0774dcb518f6e91148dad4d0e0fb,VERIFIED,647,True,"[0,1,2,3,4,5,6,7,8,9,10,11,12,13,14,15,16,17,18,19,20,21,22,23,24,25,26,27,28,29,30,31,32,33,34,35,36,37,38,39,40,41,42,43,44,45,46,47,48,49,50,51,52]",[],[],[],False,False,False,"[[0,1,2,3,4,5,6,7,8,9,10,11,12,13,14,15,16,17,18,19,20,21,22,23,24,25,26,27,28,29,30,31,32,33,34,35,36,37,38,39,40,41,42,43,44,45,46,47,48,49,50,51,52,53,54,55,56,57,58,59,60,61,62,63,64,65,66,67,68,69,70,71,72,73,74,75,76,77,78,79,80,81,82,83,84,85,86,87,88,89,90,91,92,93,94,95,96,97,98,99]]","[[0,1,2,3,4,5,6,7,8,9,10,11,12,13,14,15,16,17,18,19,20,21,22,23,24,25,26,27,28,29,30,31,32,33,34,35,36,37,38,39,40,41,42,43,44,45,46,47,48,49,50,51,52,53,54,55,56,57,58,59,60,61,62,63,64,65,66,67,68,69,70,71,72,73,74,75,76,77,78,79,80,81,82,83,84,85,86,87,88,89,90,91,92,93,94,95,96,97,98,99]]",40,False,False,False
order_development,g2-development-orders-02,DEVELOPMENT,0953e86969a063f98dda68b91a11787c3e1cfdf39224380d290870a9c5d24692,cfg-b15b8281b73592fb,D-S-P,30,400,5,65,35,5,105ac63ef92d1df78f54b21ad9cebcd1cb3d0774dcb518f6e91148dad4d0e0fb,VERIFIED,3367,True,"[53,54,55,56,57,58,59,60,61,62,63,64,65,66,67,68,69,70,71,72,73,74,75,76,77,78,79,80,81,82,83,84,85,86,87,88,89,90,91,92,93,94,95,96,97,98]",[],[],[],False,False,False,"[[0,1,2,3,4,5,6,7,8,9,10,11,12,13,14,15,16,17,18,19,20,21,22,23,24,25,26,27,28,29,30,31,32,33,34,35,36,37,38,39,40,41,42,43,44,45,46,47,48,49,50,51,52,53,54,55,56,57,58,59,60,61,62,63,64,65,66,67,68,69,70,71,72,73,74,75,76,77,78,79,80,81,82,83,84,85,86,87,88,89,90,91,92,93,94,95,96,97,98]]","[[0,1,2,3,4,5,6,7,8,9,10,11,12,13,14,15,16,17,18,19,20,21,22,23,24,25,26,27,28,29,30,31,32,33,34,35,36,37,38,39,40,41,42,43,44,45,46,47,48,49,50,51,52,53,54,55,56,57,58,59,60,61,62,63,64,65,66,67,68,69,70,71,72,73,74,75,76,77,78,79,80,81,82,83,84,85,86,87,88,89,90,91,92,93,94,95,96,97,98]]",37,False,False,False
order_development,g2-development-orders-02,DEVELOPMENT,0953e86969a063f98dda68b91a11787c3e1cfdf39224380d290870a9c5d24692,cfg-b15b8281b73592fb,D-S-P,30,400,5,65,35,5,105ac63ef92d1df78f54b21ad9cebcd1cb3d0774dcb518f6e91148dad4d0e0fb,VERIFIED,9565,True,"[0,1,2,3,4,5,6,7,8,9,10,11,12,13,14,15,16,17,18,19,20,21,22,23,24,25,26,27,28,29,30,31,32,33,34,35,36,37,38,39,40,41,42,43,44,45,46,47,48,49,50,51,52,53,54,55,56,57,58,59,60,61,62,63,64,65,66,67,68,69,70,71,72,73,74,75,76,77,78,79,80,81,82,83,84,85,86,87,88,89,90,91,92,93,94,95]",[],[],[],False,False,False,"[[0,1,2,3,4,5,6,7,8,9,10,11,12,13,14,15,16,17,18,19,20,21,22,23,24,25,26,27,28,29,30,31,32,33,34,35,36,37,38,39,40,41,42,43,44,45,46,47,48,49,50,51,52,53,54,55,56,57,58,59,60,61,62,63,64,65,66,67,68,69,70,71,72,73,74,75,76,77,78,79,80,81,82,83,84,85,86,87,88,89,90,91,92,93,94,95]]","[[0,1,2,3,4,5,6,7,8,9,10,11,12,13,14,15,16,17,18,19,20,21,22,23,24,25,26,27,28,29,30,31,32,33,34,35,36,37,38,39,40,41,42,43,44,45,46,47,48,49,50,51,52,53,54,55,56,57,58,59,60,61,62,63,64,65,66,67,68,69,70,71,72,73,74,75,76,77,78,79,80,81,82,83,84,85,86,87,88,89,90,91,92,93,94,95]]",73,False,True,False
order_development,g2-development-orders-02,DEVELOPMENT,0953e86969a063f98dda68b91a11787c3e1cfdf39224380d290870a9c5d24692,cfg-b15b8281b73592fb,D-S-P,30,400,5,65,35,5,105ac63ef92d1df78f54b21ad9cebcd1cb3d0774dcb518f6e91148dad4d0e0fb,VERIFIED,7764,True,"[7,8,50,51,69,70,71,72,73,107,108,109,118,119,120,121]",[],"[{""index"":6,""window_indices"":[5,6,7,8],""boundary_right_indices"":[8]},{""index"":7,""window_indices"":[6,7,8,9],""boundary_right_indices"":[8]},{""index"":8,""window_indices"":[7,8,9,10],""boundary_right_indices"":[8]},{""index"":36,""window_indices"":[35,36,37,38],""boundary_right_indices"":[38]},{""index"":37,""window_indices"":[36,37,38,39],""boundary_right_indices"":[38]},{""index"":38,""window_indices"":[37,38,39,40],""boundary_right_indices"":[38]}]",[],False,False,True,"[[0,1,2,3,4,5,6,7],[8,9,10,11,12,13,14,15,16,17,18,19,20,21,22,23,24,25,26,27,28,29,30,31,32,33,34,35,36,37],[38,39,40,41,42,43,44,45,46,47,48,49,50,51,52,53,54,55,56,57,58,59,60,61,62,63,64,65,66,67,68,69,70,71,72,73,74,75,76,77,78,79,80,81,82,83,84,85,86,87,88,89,90,91,92,93,94,95,96,97,98,99,100,101,102,103,104,105,106,107,108,109,110,111,112,113,114,115,116,117,118,119,120,121]]","[[0,1,2,3,4,5,6,7,8,9,10,11,12,13,14,15,16,17,18,19,20,21,22,23,24,25,26,27,28,29,30,31,32,33,34,35,36,37,38,39,40,41,42,43,44,45,46,47,48,49,50,51,52,53,54,55,56,57,58,59,60,61,62,63,64,65,66,67,68,69,70,71,72,73,74,75,76,77,78,79,80,81,82,83,84,85,86,87,88,89,90,91,92,93,94,95,96,97,98,99,100,101,102,103,104,105,106,107,108,109,110,111,112,113,114,115,116,117,118,119,120,121]]",2,False,False,False
order_development,g2-development-orders-02,DEVELOPMENT,0953e86969a063f98dda68b91a11787c3e1cfdf39224380d290870a9c5d24692,cfg-b15b8281b73592fb,D-S-P,30,400,5,65,35,5,105ac63ef92d1df78f54b21ad9cebcd1cb3d0774dcb518f6e91148dad4d0e0fb,VERIFIED,2197,True,"[1,2,3,4,5,6,7,8,9,10,11,12,13,14,15,16,17,18,19,20,21,22,23,24,25,26,27,28,29,30,31,32,33,34,35,36,37,38,39,40,41,42,43,44,45,46,47,48,49,50,51,52,53,54,55,56,57,58,59,60,61,62,63,64,65,66,67,68,69,70,71,72,73,74,75,76,77,78,79,80,81,82,83,84,85,86,87,88,89,90,91,92,93,94,95]",[],"[{""index"":1,""window_indices"":[0,1,2,3],""boundary_right_indices"":[1]},{""index"":32,""window_indices"":[31,32,33,34],""boundary_right_indices"":[34]},{""index"":33,""window_indices"":[32,33,34,35],""boundary_right_indices"":[34]},{""index"":34,""window_indices"":[33,34,35,36],""boundary_right_indices"":[34]},{""index"":61,""window_indices"":[60,61,62,63],""boundary_right_indices"":[63]},{""index"":62,""window_indices"":[61,62,63,64],""boundary_right_indices"":[63]},{""index"":63,""window_indices"":[62,63,64,65],""boundary_right_indices"":[63]}]",[],False,False,True,"[[1,2,3,4,5,6,7,8,9,10,11,12,13,14,15,16,17,18,19,20,21,22,23,24,25,26,27,28,29,30,31,32,33],[34,35,36,37,38,39,40,41,42,43,44,45,46,47,48,49,50,51,52,53,54,55,56,57,58,59,60,61,62],[63,64,65,66,67,68,69,70,71,72,73,74,75,76,77,78,79,80,81,82,83,84,85,86,87,88,89,90,91,92,93,94,95]]","[[0,1,2,3,4,5,6,7,8,9,10,11,12,13,14,15,16,17,18,19,20,21,22,23,24,25,26,27,28,29,30,31,32,33,34,35,36,37,38,39,40,41,42,43,44,45,46,47,48,49,50,51,52,53,54,55,56,57,58,59,60,61,62,63,64,65,66,67,68,69,70,71,72,73,74,75,76,77,78,79,80,81,82,83,84,85,86,87,88,89,90,91,92,93,94,95]]",52,False,True,False
order_development,g2-development-orders-02,DEVELOPMENT,0953e86969a063f98dda68b91a11787c3e1cfdf39224380d290870a9c5d24692,cfg-b15b8281b73592fb,D-S-P,30,400,5,65,35,5,105ac63ef92d1df78f54b21ad9cebcd1cb3d0774dcb518f6e91148dad4d0e0fb,VERIFIED,6876,False,[],[],"[{""index"":24,""window_indices"":[23,24,25,26],""boundary_right_indices"":[26]},{""index"":25,""window_indices"":[24,25,26,27],""boundary_right_indices"":[26]},{""index"":26,""window_indices"":[25,26,27,28],""boundary_right_indices"":[26]}]",[],False,False,True,"[[0,1,2,3,4,5,6,7,8,9,10,11,12,13,14,15,16,17,18,19,20,21,22,23,24,25]]","[[0,1,2,3,4,5,6,7,8,9,10,11,12,13,14,15,16,17,18,19,20,21,22,23,24,25,26,27,28]]",3,False,False,False
order_development,g2-development-orders-02,DEVELOPMENT,0953e86969a063f98dda68b91a11787c3e1cfdf39224380d290870a9c5d24692,cfg-b15b8281b73592fb,D-S-P,30,400,5,65,35,5,105ac63ef92d1df78f54b21ad9cebcd1cb3d0774dcb518f6e91148dad4d0e0fb,VERIFIED,7875,False,[],[],"[{""index"":5,""window_indices"":[4,5,6,7],""boundary_right_indices"":[7]},{""index"":6,""window_indices"":[5,6,7,8],""boundary_right_indices"":[7]},{""index"":7,""window_indices"":[6,7,8,9],""boundary_right_indices"":[7]},{""index"":42,""window_indices"":[41,42,43,44],""boundary_right_indices"":[44]},{""index"":43,""window_indices"":[42,43,44,45],""boundary_right_indices"":[44]},{""index"":44,""window_indices"":[43,44,45,46],""boundary_right_indices"":[44,46]},{""index"":45,""window_indices"":[44,45,46,47],""boundary_right_indices"":[46]},{""index"":46,""window_indices"":[45,46,47,48],""boundary_right_indices"":[46]},{""index"":49,""window_indices"":[48,49,50,51],""boundary_right_indices"":[51]},{""index"":50,""window_indices"":[49,50,51,52],""boundary_right_indices"":[51]},{""index"":51,""window_indices"":[50,51,52,53],""boundary_right_indices"":[51]},{""index"":54,""window_indices"":[53,54,55,56],""boundary_right_indices"":[56]},{""index"":55,""window_indices"":[54,55,56,57],""boundary_right_indices"":[56]},{""index"":56,""window_indices"":[55,56,57,58],""boundary_right_indices"":[56]},{""index"":61,""window_indices"":[60,61,62,63],""boundary_right_indices"":[63]},{""index"":62,""window_indices"":[61,62,63,64],""boundary_right_indices"":[63]},{""index"":63,""window_indices"":[62,63,64,65],""boundary_right_indices"":[63]},{""index"":78,""window_indices"":[77,78,79,80],""boundary_right_indices"":[80]},{""index"":79,""window_indices"":[78,79,80,81],""boundary_right_indices"":[80]},{""index"":80,""window_indices"":[79,80,81,82],""boundary_right_indices"":[80]}]",[],False,False,True,[],"[[0,1,2,3,4,5,6,7,8,9,10,11,12,13,14,15,16,17,18,19,20,21,22,23,24,25,26,27,28,29,30,31,32,33,34,35,36,37,38,39,40,41,42,43,44,45,46,47,48,49,50,51,52,53,54,55,56,57,58,59,60,61,62,63,64,65,66,67,68,69,70,71,72,73,74,75,76,77,78,79,80,81,82,83,84,85,86,87,88,89]]",81,False,True,False
order_development,g2-development-orders-02,DEVELOPMENT,0953e86969a063f98dda68b91a11787c3e1cfdf39224380d290870a9c5d24692,cfg-b15b8281b73592fb,D-S-P,30,400,5,65,35,5,105ac63ef92d1df78f54b21ad9cebcd1cb3d0774dcb518f6e91148dad4d0e0fb,VERIFIED,1686,True,"[0,1,2,3,4,5,8,9,10,11,12,13,14,15,18,19,20,21,22,23]",[],"[{""index"":4,""window_indices"":[3,4,5,6],""boundary_right_indices"":[6]},{""index"":5,""window_indices"":[4,5,6,7],""boundary_right_indices"":[6]},{""index"":6,""window_indices"":[5,6,7,8],""boundary_right_indices"":[6,8]},{""index"":7,""window_indices"":[6,7,8,9],""boundary_right_indices"":[8]},{""index"":8,""window_indices"":[7,8,9,10],""boundary_right_indices"":[8]},{""index"":14,""window_indices"":[13,14,15,16],""boundary_right_indices"":[16]},{""index"":15,""window_indices"":[14,15,16,17],""boundary_right_indices"":[16]},{""index"":16,""window_indices"":[15,16,17,18],""boundary_right_indices"":[16,18]},{""index"":17,""window_indices"":[16,17,18,19],""boundary_right_indices"":[18]},{""index"":18,""window_indices"":[17,18,19,20],""boundary_right_indices"":[18]}]",[],False,False,True,"[[0,1,2,3,4,5],[8,9,10,11,12,13,14,15],[18,19,20,21,22,23,24,25,26,27,28,29,30,31,32,33,34,35]]","[[0,1,2,3,4,5,6,7,8,9,10,11,12,13,14,15,16,17,18,19,20,21,22,23,24,25,26,27,28,29,30,31,32,33,34,35]]",8,False,False,False
order_development,g2-development-orders-02,DEVELOPMENT,0953e86969a063f98dda68b91a11787c3e1cfdf39224380d290870a9c5d24692,cfg-b15b8281b73592fb,D-S-P,30,400,5,65,35,5,105ac63ef92d1df78f54b21ad9cebcd1cb3d0774dcb518f6e91148dad4d0e0fb,VERIFIED,4838,True,"[19,20,21,64,65,100,101,102,118,119,120,121,122,123,124,125]",[],[],[],False,False,False,"[[0,1,2,3,4,5,6,7,8,9,10,11,12,13,14,15,16,17,18,19,20,21,22,23,24,25,26,27,28,29,30,31,32,33,34,35,36,37,38,39,40,41,42,43,44,45,46,47,48,49,50,51,52,53,54,55,56,57,58,59,60,61,62,63,64,65,66,67,68,69,70,71,72,73,74,75,76,77,78,79,80,81,82,83,84,85,86,87,88,89,90,91,92,93,94,95,96,97,98,99,100,101,102,103,104,105,106,107,108,109,110,111,112,113,114,115,116,117,118,119,120,121,122,123,124,125]]","[[0,1,2,3,4,5,6,7,8,9,10,11,12,13,14,15,16,17,18,19,20,21,22,23,24,25,26,27,28,29,30,31,32,33,34,35,36,37,38,39,40,41,42,43,44,45,46,47,48,49,50,51,52,53,54,55,56,57,58,59,60,61,62,63,64,65,66,67,68,69,70,71,72,73,74,75,76,77,78,79,80,81,82,83,84,85,86,87,88,89,90,91,92,93,94,95,96,97,98,99,100,101,102,103,104,105,106,107,108,109,110,111,112,113,114,115,116,117,118,119,120,121,122,123,124,125]]",4,False,False,False
order_development,g2-development-orders-02,DEVELOPMENT,0953e86969a063f98dda68b91a11787c3e1cfdf39224380d290870a9c5d24692,cfg-b15b8281b73592fb,D-S-P,30,400,5,65,35,5,105ac63ef92d1df78f54b21ad9cebcd1cb3d0774dcb518f6e91148dad4d0e0fb,VERIFIED,1818,True,"[1,2,3,4,5,6,7,8,9,10,11,12,13,14]",[],"[{""index"":1,""window_indices"":[0,1,2,3],""boundary_right_indices"":[1]}]",[],False,False,True,"[[1,2,3,4,5,6,7,8,9,10,11,12,13,14,15,16,17,18,19,20,21,22,23,24,25,26,27,28,29,30,31,32,33,34,35,36,37,38,39,40,41,42,43,44,45,46,47,48,49,50,51,52,53,54,55,56,57,58,59,60,61,62,63,64,65,66,67,68,69,70,71,72,73,74,75,76,77,78,79,80,81,82,83,84,85,86,87,88,89,90,91,92,93,94,95,96,97]]","[[0,1,2,3,4,5,6,7,8,9,10,11,12,13,14,15,16,17,18,19,20,21,22,23,24,25,26,27,28,29,30,31,32,33,34,35,36,37,38,39,40,41,42,43,44,45,46,47,48,49,50,51,52,53,54,55,56,57,58,59,60,61,62,63,64,65,66,67,68,69,70,71,72,73,74,75,76,77,78,79,80,81,82,83,84,85,86,87,88,89,90,91,92,93,94,95,96,97]]",11,False,False,False
order_development,g2-development-orders-02,DEVELOPMENT,0953e86969a063f98dda68b91a11787c3e1cfdf39224380d290870a9c5d24692,cfg-b15b8281b73592fb,D-S-P,30,400,5,65,35,5,105ac63ef92d1df78f54b21ad9cebcd1cb3d0774dcb518f6e91148dad4d0e0fb,VERIFIED,10810,True,"[13,28,29,30,31,32,33,34,35,36,37,38,39,40,41,42,43,44,45,46,47,48,49,50,51,52,53,54,55]",[],[],[],False,False,False,"[[0,1,2,3,4,5,6,7,8,9,10,11,12,13,14,15,16,17,18,19,20,21,22,23,24,25,26,27,28,29,30,31,32,33,34,35,36,37,38,39,40,41,42,43,44,45,46,47,48,49,50,51,52,53,54,55,56,57,58,59,60,61,62,63,64,65,66,67,68,69,70,71,72,73,74,75,76,77,78,79,80,81,82,83,84,85,86,87,88,89,90,91,92,93,94,95,96,97,98,99,100,101]]","[[0,1,2,3,4,5,6,7,8,9,10,11,12,13,14,15,16,17,18,19,20,21,22,23,24,25,26,27,28,29,30,31,32,33,34,35,36,37,38,39,40,41,42,43,44,45,46,47,48,49,50,51,52,53,54,55,56,57,58,59,60,61,62,63,64,65,66,67,68,69,70,71,72,73,74,75,76,77,78,79,80,81,82,83,84,85,86,87,88,89,90,91,92,93,94,95,96,97,98,99,100,101]]",16,False,False,False
order_development,g2-development-orders-02,DEVELOPMENT,0953e86969a063f98dda68b91a11787c3e1cfdf39224380d290870a9c5d24692,cfg-b15b8281b73592fb,D-S-P,30,400,5,65,35,5,105ac63ef92d1df78f54b21ad9cebcd1cb3d0774dcb518f6e91148dad4d0e0fb,VERIFIED,4953,False,[],[],"[{""index"":13,""window_indices"":[12,13,14,15],""boundary_right_indices"":[15]},{""index"":14,""window_indices"":[13,14,15,16],""boundary_right_indices"":[15]},{""index"":15,""window_indices"":[14,15,16,17],""boundary_right_indices"":[15]},{""index"":74,""window_indices"":[73,74,75,76],""boundary_right_indices"":[76]},{""index"":75,""window_indices"":[74,75,76,77],""boundary_right_indices"":[76]},{""index"":76,""window_indices"":[75,76,77,78],""boundary_right_indices"":[76]}]",[],False,False,True,"[[0,1,2,3,4,5,6,7,8,9,10,11,12,13,14],[15,16,17,18,19,20,21,22,23,24,25,26,27,28,29,30,31,32,33,34,35,36,37,38,39,40,41,42,43,44,45,46,47,48,49,50,51,52,53,54,55,56,57,58,59,60,61,62,63,64,65,66,67,68,69,70,71,72,73,74,75],[76,77,78,79,80,81,82,83,84,85,86,87,88,89,90,91,92,93,94,95,96,97,98,99]]","[[0,1,2,3,4,5,6,7,8,9,10,11,12,13,14,15,16,17,18,19,20,21,22,23,24,25,26,27,28,29,30,31,32,33,34,35,36,37,38,39,40,41,42,43,44,45,46,47,48,49,50,51,52,53,54,55,56,57,58,59,60,61,62,63,64,65,66,67,68,69,70,71,72,73,74,75,76,77,78,79,80,81,82,83,84,85,86,87,88,89,90,91,92,93,94,95,96,97,98,99]]",0,False,False,False
order_development,g2-development-orders-02,DEVELOPMENT,0953e86969a063f98dda68b91a11787c3e1cfdf39224380d290870a9c5d24692,cfg-b15b8281b73592fb,D-S-P,30,400,5,65,35,5,105ac63ef92d1df78f54b21ad9cebcd1cb3d0774dcb518f6e91148dad4d0e0fb,VERIFIED,7404,True,"[0,1,7,8,9,10,11,41,42,43,44,45,46,47,48,49,50,51,52,53,54,55,56,57,58,59,60,61,62,63,64,65,66,67,68]",[],"[{""index"":17,""window_indices"":[16,17,18,19],""boundary_right_indices"":[19]},{""index"":18,""window_indices"":[17,18,19,20],""boundary_right_indices"":[19]},{""index"":19,""window_indices"":[18,19,20,21],""boundary_right_indices"":[19]},{""index"":20,""window_indices"":[19,20,21,22],""boundary_right_indices"":[22]},{""index"":21,""window_indices"":[20,21,22,23],""boundary_right_indices"":[22]},{""index"":22,""window_indices"":[21,22,23,24],""boundary_right_indices"":[22]},{""index"":39,""window_indices"":[38,39,40,41],""boundary_right_indices"":[41]},{""index"":40,""window_indices"":[39,40,41,42],""boundary_right_indices"":[41]},{""index"":41,""window_indices"":[40,41,42,43],""boundary_right_indices"":[41]}]",[],False,False,True,"[[0,1,2,3,4,5,6,7,8,9,10,11,12,13,14,15,16,17,18],[22,23,24,25,26,27,28,29,30,31,32,33,34,35,36,37,38,39,40],[41,42,43,44,45,46,47,48,49,50,51,52,53,54,55,56,57,58,59,60,61,62,63,64,65,66,67,68]]","[[0,1,2,3,4,5,6,7,8,9,10,11,12,13,14,15,16,17,18,19,20,21,22,23,24,25,26,27,28,29,30,31,32,33,34,35,36,37,38,39,40,41,42,43,44,45,46,47,48,49,50,51,52,53,54,55,56,57,58,59,60,61,62,63,64,65,66,67,68]]",18,False,False,False
order_development,g2-development-orders-02,DEVELOPMENT,0953e86969a063f98dda68b91a11787c3e1cfdf39224380d290870a9c5d24692,cfg-b15b8281b73592fb,D-S-P,30,400,5,65,35,5,105ac63ef92d1df78f54b21ad9cebcd1cb3d0774dcb518f6e91148dad4d0e0fb,VERIFIED,3615,False,[],[],"[{""index"":1,""window_indices"":[0,1,2,3],""boundary_right_indices"":[1]}]",[],False,False,True,"[[1,2,3,4,5,6,7,8,9,10,11,12,13,14,15,16,17,18,19,20]]","[[0,1,2,3,4,5,6,7,8,9,10,11,12,13,14,15,16,17,18,19,20]]",1,False,False,False
order_development,g2-development-orders-02,DEVELOPMENT,0953e86969a063f98dda68b91a11787c3e1cfdf39224380d290870a9c5d24692,cfg-b15b8281b73592fb,D-S-P,30,400,5,65,35,5,105ac63ef92d1df78f54b21ad9cebcd1cb3d0774dcb518f6e91148dad4d0e0fb,VERIFIED,3439,True,[75],[],[],[],False,False,False,"[[0,1,2,3,4,5,6,7,8,9,10,11,12,13,14,15,16,17,18,19,20,21,22,23,24,25,26,27,28,29,30,31,32,33,34,35,36,37,38,39,40,41,42,43,44,45,46,47,48,49,50,51,52,53,54,55,56,57,58,59,60,61,62,63,64,65,66,67,68,69,70,71,72,73,74,75,76,77,78,79,80,81,82,83,84,85,86,87,88,89,90,91,92,93,94,95,96,97,98,99,100,101,102,103,104,105,106,107,108,109,110,111,112,113,114,115,116,117,118,119,120]]","[[0,1,2,3,4,5,6,7,8,9,10,11,12,13,14,15,16,17,18,19,20,21,22,23,24,25,26,27,28,29,30,31,32,33,34,35,36,37,38,39,40,41,42,43,44,45,46,47,48,49,50,51,52,53,54,55,56,57,58,59,60,61,62,63,64,65,66,67,68,69,70,71,72,73,74,75,76,77,78,79,80,81,82,83,84,85,86,87,88,89,90,91,92,93,94,95,96,97,98,99,100,101,102,103,104,105,106,107,108,109,110,111,112,113,114,115,116,117,118,119,120]]",0,False,False,False
order_development,g2-development-orders-02,DEVELOPMENT,0953e86969a063f98dda68b91a11787c3e1cfdf39224380d290870a9c5d24692,cfg-b15b8281b73592fb,D-S-P,30,400,5,65,35,5,105ac63ef92d1df78f54b21ad9cebcd1cb3d0774dcb518f6e91148dad4d0e0fb,VERIFIED,9352,True,"[55,56]",[],"[{""index"":105,""window_indices"":[104,105,106,107],""boundary_right_indices"":[107]},{""index"":106,""window_indices"":[105,106,107,108],""boundary_right_indices"":[107]},{""index"":107,""window_indices"":[106,107,108,109],""boundary_right_indices"":[107]}]",[],False,False,True,"[[0,1,2,3,4,5,6,7,8,9,10,11,12,13,14,15,16,17,18,19,20,21,22,23,24,25,26,27,28,29,30,31,32,33,34,35,36,37,38,39,40,41,42,43,44,45,46,47,48,49,50,51,52,53,54,55,56,57,58,59,60,61,62,63,64,65,66,67,68,69,70,71,72,73,74,75,76,77,78,79,80,81,82,83,84,85,86,87,88,89,90,91,92,93,94,95,96,97,98,99,100,101,102,103,104,105,106],[107,108,109,110,111,112,113,114]]","[[0,1,2,3,4,5,6,7,8,9,10,11,12,13,14,15,16,17,18,19,20,21,22,23,24,25,26,27,28,29,30,31,32,33,34,35,36,37,38,39,40,41,42,43,44,45,46,47,48,49,50,51,52,53,54,55,56,57,58,59,60,61,62,63,64,65,66,67,68,69,70,71,72,73,74,75,76,77,78,79,80,81,82,83,84,85,86,87,88,89,90,91,92,93,94,95,96,97,98,99,100,101,102,103,104,105,106,107,108,109,110,111,112,113,114]]",0,False,False,False
order_development,g2-development-orders-02,DEVELOPMENT,0953e86969a063f98dda68b91a11787c3e1cfdf39224380d290870a9c5d24692,cfg-b15b8281b73592fb,D-S-P,30,400,5,65,35,5,105ac63ef92d1df78f54b21ad9cebcd1cb3d0774dcb518f6e91148dad4d0e0fb,VERIFIED,5029,False,[],[],"[{""index"":4,""window_indices"":[3,4,5,6],""boundary_right_indices"":[6]},{""index"":5,""window_indices"":[4,5,6,7],""boundary_right_indices"":[6]},{""index"":6,""window_indices"":[5,6,7,8],""boundary_right_indices"":[6]},{""index"":35,""window_indices"":[34,35,36,37],""boundary_right_indices"":[37]},{""index"":36,""window_indices"":[35,36,37,38],""boundary_right_indices"":[37]},{""index"":37,""window_indices"":[36,37,38,39],""boundary_right_indices"":[37]},{""index"":49,""window_indices"":[48,49,50,51],""boundary_right_indices"":[51]},{""index"":50,""window_indices"":[49,50,51,52],""boundary_right_indices"":[51]},{""index"":51,""window_indices"":[50,51,52,53],""boundary_right_indices"":[51]},{""index"":66,""window_indices"":[65,66,67,68],""boundary_right_indices"":[68]},{""index"":67,""window_indices"":[66,67,68,69],""boundary_right_indices"":[68]},{""index"":68,""window_indices"":[67,68,69,70],""boundary_right_indices"":[68]},{""index"":80,""window_indices"":[79,80,81,82],""boundary_right_indices"":[82]},{""index"":81,""window_indices"":[80,81,82,83],""boundary_right_indices"":[82]},{""index"":82,""window_indices"":[81,82,83,84],""boundary_right_indices"":[82]},{""index"":84,""window_indices"":[83,84,85,86],""boundary_right_indices"":[86]},{""index"":85,""window_indices"":[84,85,86,87],""boundary_right_indices"":[86]},{""index"":86,""window_indices"":[85,86,87,88],""boundary_right_indices"":[86]}]",[],False,False,True,[],"[[0,1,2,3,4,5,6,7,8,9,10,11,12,13,14,15,16,17,18,19,20,21,22,23,24,25,26,27,28,29,30,31,32,33,34,35,36,37,38,39,40,41,42,43,44,45,46,47,48,49,50,51,52,53,54,55,56,57,58,59,60,61,62,63,64,65,66,67,68,69,70,71,72,73,74,75,76,77,78,79,80,81,82,83,84,85,86,87,88,89,90,91,92,93,94,95,96,97]]",98,True,True,False
order_development,g2-development-orders-02,DEVELOPMENT,0953e86969a063f98dda68b91a11787c3e1cfdf39224380d290870a9c5d24692,cfg-b15b8281b73592fb,D-S-P,30,400,5,65,35,5,105ac63ef92d1df78f54b21ad9cebcd1cb3d0774dcb518f6e91148dad4d0e0fb,VERIFIED,2340,True,"[106,107,108,109]",[],[],[],False,False,False,"[[0,1,2,3,4,5,6,7,8,9,10,11,12,13,14,15,16,17,18,19,20,21,22,23,24,25,26,27,28,29,30,31,32,33,34,35,36,37,38,39,40,41,42,43,44,45,46,47,48,49,50,51,52,53,54,55,56,57,58,59,60,61,62,63,64,65,66,67,68,69,70,71,72,73,74,75,76,77,78,79,80,81,82,83,84,85,86,87,88,89,90,91,92,93,94,95,96,97,98,99,100,101,102,103,104,105,106,107,108,109]]","[[0,1,2,3,4,5,6,7,8,9,10,11,12,13,14,15,16,17,18,19,20,21,22,23,24,25,26,27,28,29,30,31,32,33,34,35,36,37,38,39,40,41,42,43,44,45,46,47,48,49,50,51,52,53,54,55,56,57,58,59,60,61,62,63,64,65,66,67,68,69,70,71,72,73,74,75,76,77,78,79,80,81,82,83,84,85,86,87,88,89,90,91,92,93,94,95,96,97,98,99,100,101,102,103,104,105,106,107,108,109]]",3,False,False,False
order_development,g2-development-orders-02,DEVELOPMENT,0953e86969a063f98dda68b91a11787c3e1cfdf39224380d290870a9c5d24692,cfg-b15b8281b73592fb,D-S-P,30,400,5,65,35,5,105ac63ef92d1df78f54b21ad9cebcd1cb3d0774dcb518f6e91148dad4d0e0fb,VERIFIED,7920,False,[],[],"[{""index"":78,""window_indices"":[77,78,79,80],""boundary_right_indices"":[80]},{""index"":79,""window_indices"":[78,79,80,81],""boundary_right_indices"":[80]},{""index"":80,""window_indices"":[79,80,81,82],""boundary_right_indices"":[80]},{""index"":113,""window_indices"":[112,113,114,115],""boundary_right_indices"":[115]},{""index"":114,""window_indices"":[113,114,115,116],""boundary_right_indices"":[115]},{""index"":115,""window_indices"":[114,115,116,117],""boundary_right_indices"":[115]},{""index"":121,""window_indices"":[120,121,122,123],""boundary_right_indices"":[123]},{""index"":122,""window_indices"":[121,122,123,124],""boundary_right_indices"":[123]},{""index"":123,""window_indices"":[122,123,124,125],""boundary_right_indices"":[123]}]",[],False,False,True,"[[0,1,2,3,4,5,6,7,8,9,10,11,12,13,14,15,16,17,18,19,20,21,22,23,24,25,26,27,28,29,30,31,32,33,34,35,36,37,38,39,40,41,42,43,44,45,46,47,48,49,50,51,52,53,54,55,56,57,58,59,60,61,62,63,64,65,66,67,68,69,70,71,72,73,74,75,76,77,78,79]]","[[0,1,2,3,4,5,6,7,8,9,10,11,12,13,14,15,16,17,18,19,20,21,22,23,24,25,26,27,28,29,30,31,32,33,34,35,36,37,38,39,40,41,42,43,44,45,46,47,48,49,50,51,52,53,54,55,56,57,58,59,60,61,62,63,64,65,66,67,68,69,70,71,72,73,74,75,76,77,78,79,80,81,82,83,84,85,86,87,88,89,90,91,92,93,94,95,96,97,98,99,100,101,102,103,104,105,106,107,108,109,110,111,112,113,114,115,116,117,118,119,120,121,122,123,124,125,126,127,128]]",49,False,False,False
order_development,g2-development-orders-02,DEVELOPMENT,0953e86969a063f98dda68b91a11787c3e1cfdf39224380d290870a9c5d24692,cfg-b15b8281b73592fb,D-S-P,30,400,5,65,35,5,105ac63ef92d1df78f54b21ad9cebcd1cb3d0774dcb518f6e91148dad4d0e0fb,VERIFIED,10442,False,[],[],"[{""index"":19,""window_indices"":[18,19,20,21],""boundary_right_indices"":[21]},{""index"":20,""window_indices"":[19,20,21,22],""boundary_right_indices"":[21]},{""index"":21,""window_indices"":[20,21,22,23],""boundary_right_indices"":[21]}]",[],False,False,True,"[[0,1,2,3,4,5,6,7,8,9,10,11,12,13,14,15,16,17,18,19,20]]","[[0,1,2,3,4,5,6,7,8,9,10,11,12,13,14,15,16,17,18,19,20,21,22,23,24,25,26,27,28,29,30,31,32,33,34,35,36,37,38,39,40,41,42,43,44,45,46,47,48,49,50,51,52,53,54,55,56,57,58,59,60,61,62,63,64,65,66,67,68,69,70,71,72,73,74,75,76,77,78,79,80,81,82,83,84,85,86,87,88,89,90,91,92,93,94]]",74,False,False,False
order_development,g2-development-orders-02,DEVELOPMENT,0953e86969a063f98dda68b91a11787c3e1cfdf39224380d290870a9c5d24692,cfg-b15b8281b73592fb,D-S-P,30,400,5,65,35,5,105ac63ef92d1df78f54b21ad9cebcd1cb3d0774dcb518f6e91148dad4d0e0fb,VERIFIED,2034,False,[],[],"[{""index"":54,""window_indices"":[53,54,55,56],""boundary_right_indices"":[56]},{""index"":55,""window_indices"":[54,55,56,57],""boundary_right_indices"":[56]},{""index"":56,""window_indices"":[55,56,57,58],""boundary_right_indices"":[56]}]",[],False,False,True,"[[0,1,2,3,4,5,6,7,8,9,10,11,12,13,14,15,16,17,18,19,20,21,22,23,24,25,26,27,28,29,30,31,32,33,34,35,36,37,38,39,40,41,42,43,44,45,46,47,48,49,50,51,52,53,54,55],[56,57,58,59,60,61,62,63,64,65,66,67,68,69,70,71,72,73,74,75,76,77,78,79,80,81,82,83,84,85,86,87,88,89,90,91,92]]","[[0,1,2,3,4,5,6,7,8,9,10,11,12,13,14,15,16,17,18,19,20,21,22,23,24,25,26,27,28,29,30,31,32,33,34,35,36,37,38,39,40,41,42,43,44,45,46,47,48,49,50,51,52,53,54,55,56,57,58,59,60,61,62,63,64,65,66,67,68,69,70,71,72,73,74,75,76,77,78,79,80,81,82,83,84,85,86,87,88,89,90,91,92]]",0,False,False,False
order_development,g2-development-orders-02,DEVELOPMENT,0953e86969a063f98dda68b91a11787c3e1cfdf39224380d290870a9c5d24692,cfg-b15b8281b73592fb,D-S-P,30,400,5,65,35,5,105ac63ef92d1df78f54b21ad9cebcd1cb3d0774dcb518f6e91148dad4d0e0fb,VERIFIED,10051,True,"[105,106,107,108,109,110]",[],"[{""index"":65,""window_indices"":[64,65,66,67],""boundary_right_indices"":[67]},{""index"":66,""window_indices"":[65,66,67,68],""boundary_right_indices"":[67]},{""index"":67,""window_indices"":[66,67,68,69],""boundary_right_indices"":[67]}]",[],False,False,True,"[[0,1,2,3,4,5,6,7,8,9,10,11,12,13,14,15,16,17,18,19,20,21,22,23,24,25,26,27,28,29,30,31,32,33,34,35,36,37,38,39,40,41,42,43,44,45,46,47,48,49,50,51,52,53,54,55,56,57,58,59,60,61,62,63,64,65,66],[67,68,69,70,71,72,73,74,75,76,77,78,79,80,81,82,83,84,85,86,87,88,89,90,91,92,93,94,95,96,97,98,99,100,101,102,103,104,105,106,107,108,109,110]]","[[0,1,2,3,4,5,6,7,8,9,10,11,12,13,14,15,16,17,18,19,20,21,22,23,24,25,26,27,28,29,30,31,32,33,34,35,36,37,38,39,40,41,42,43,44,45,46,47,48,49,50,51,52,53,54,55,56,57,58,59,60,61,62,63,64,65,66,67,68,69,70,71,72,73,74,75,76,77,78,79,80,81,82,83,84,85,86,87,88,89,90,91,92,93,94,95,96,97,98,99,100,101,102,103,104,105,106,107,108,109,110]]",4,False,False,False
order_development,g2-development-orders-02,DEVELOPMENT,0953e86969a063f98dda68b91a11787c3e1cfdf39224380d290870a9c5d24692,cfg-b15b8281b73592fb,D-S-P,30,400,5,65,35,5,105ac63ef92d1df78f54b21ad9cebcd1cb3d0774dcb518f6e91148dad4d0e0fb,VERIFIED,6556,False,[],[],"[{""index"":76,""window_indices"":[75,76,77,78],""boundary_right_indices"":[78]},{""index"":77,""window_indices"":[76,77,78,79],""boundary_right_indices"":[78]},{""index"":78,""window_indices"":[77,78,79,80],""boundary_right_indices"":[78]}]",[],False,False,True,[],"[[0,1,2,3,4,5,6,7,8,9,10,11,12,13,14,15,16,17,18,19,20,21,22,23,24,25,26,27,28,29,30,31,32,33,34,35,36,37,38,39,40,41,42,43,44,45,46,47,48,49,50,51,52,53,54,55,56,57,58,59,60,61,62,63,64,65,66,67,68,69,70,71,72,73,74,75,76,77,78,79,80,81,82,83,84,85,86,87,88,89,90,91,92,93,94,95,96]]",87,False,True,False
order_development,g2-development-orders-02,DEVELOPMENT,0953e86969a063f98dda68b91a11787c3e1cfdf39224380d290870a9c5d24692,cfg-b15b8281b73592fb,D-S-P,30,400,5,65,35,5,105ac63ef92d1df78f54b21ad9cebcd1cb3d0774dcb518f6e91148dad4d0e0fb,VERIFIED,1676,True,[95],[],[],[],False,False,False,"[[0,1,2,3,4,5,6,7,8,9,10,11,12,13,14,15,16,17,18,19,20,21,22,23,24,25,26,27,28,29,30,31,32,33,34,35,36,37,38,39,40,41,42,43,44,45,46,47,48,49,50,51,52,53,54,55,56,57,58,59,60,61,62,63,64,65,66,67,68,69,70,71,72,73,74,75,76,77,78,79,80,81,82,83,84,85,86,87,88,89,90,91,92,93,94,95,96,97,98,99,100,101,102,103]]","[[0,1,2,3,4,5,6,7,8,9,10,11,12,13,14,15,16,17,18,19,20,21,22,23,24,25,26,27,28,29,30,31,32,33,34,35,36,37,38,39,40,41,42,43,44,45,46,47,48,49,50,51,52,53,54,55,56,57,58,59,60,61,62,63,64,65,66,67,68,69,70,71,72,73,74,75,76,77,78,79,80,81,82,83,84,85,86,87,88,89,90,91,92,93,94,95,96,97,98,99,100,101,102,103]]",0,False,False,False
order_development,g2-development-orders-02,DEVELOPMENT,50bf227f269c134cc3dc2fedd36b0e50ce071a18dbb8afcf3d306d772956d60e,cfg-b15b8281b73592fb,D-P-S,30,400,5,65,35,5,80f17e993f91963e72ef85455829459e67b09841149a16ccbe4d2afbfb737293,VERIFIED,3549,True,"[2,3,4,5,6,7,8,9,10,11,12,13,14,15,16,17,18,19,20,21,22,23,24,25,26,27,28,29,30,31,32,33,34,43,44,45,46,47,48,49,50,51,52,53,54,55,56,57,58,59,60,61,62,63,64,65,66,67,68,69,70,71,72,73,74,75,76,77,78,79,80,81,82,83,84,85,86,87,88,89,90,91,92,93]",[],"[{""index"":1,""window_indices"":[0,1,2,3],""boundary_right_indices"":[2]},{""index"":2,""window_indices"":[1,2,3,4],""boundary_right_indices"":[2]},{""index"":5,""window_indices"":[4,5,6,7],""boundary_right_indices"":[7]},{""index"":6,""window_indices"":[5,6,7,8],""boundary_right_indices"":[7]},{""index"":7,""window_indices"":[6,7,8,9],""boundary_right_indices"":[7]},{""index"":10,""window_indices"":[9,10,11,12],""boundary_right_indices"":[12]},{""index"":11,""window_indices"":[10,11,12,13],""boundary_right_indices"":[12]},{""index"":12,""window_indices"":[11,12,13,14],""boundary_right_indices"":[12]},{""index"":15,""window_indices"":[14,15,16,17],""boundary_right_indices"":[17]},{""index"":16,""window_indices"":[15,16,17,18],""boundary_right_indices"":[17]},{""index"":17,""window_indices"":[16,17,18,19],""boundary_right_indices"":[17]},{""index"":46,""window_indices"":[45,46,47,48],""boundary_right_indices"":[48]},{""index"":47,""window_indices"":[46,47,48,49],""boundary_right_indices"":[48]},{""index"":48,""window_indices"":[47,48,49,50],""boundary_right_indices"":[48]},{""index"":51,""window_indices"":[50,51,52,53],""boundary_right_indices"":[53]},{""index"":52,""window_indices"":[51,52,53,54],""boundary_right_indices"":[53]},{""index"":53,""window_indices"":[52,53,54,55],""boundary_right_indices"":[53]},{""index"":61,""window_indices"":[60,61,62,63],""boundary_right_indices"":[63]},{""index"":62,""window_indices"":[61,62,63,64],""boundary_right_indices"":[63]},{""index"":63,""window_indices"":[62,63,64,65],""boundary_right_indices"":[63]},{""index"":73,""window_indices"":[72,73,74,75],""boundary_right_indices"":[75]},{""index"":74,""window_indices"":[73,74,75,76],""boundary_right_indices"":[75]},{""index"":75,""window_indices"":[74,75,76,77],""boundary_right_indices"":[75]},{""index"":78,""window_indices"":[77,78,79,80],""boundary_right_indices"":[80]},{""index"":79,""window_indices"":[78,79,80,81],""boundary_right_indices"":[80]},{""index"":80,""window_indices"":[79,80,81,82],""boundary_right_indices"":[80]},{""index"":83,""window_indices"":[82,83,84,85],""boundary_right_indices"":[85]},{""index"":84,""window_indices"":[83,84,85,86],""boundary_right_indices"":[85]},{""index"":85,""window_indices"":[84,85,86,87],""boundary_right_indices"":[85]}]","[2,6,7,11,12,17,53,80,85]",True,False,True,"[[2,3,4,5,6],[7,8,9,10,11],[12,13,14,15,16],[17,18,19,20,21,22,23,24,25,26,27,28,29,30,31,32,33,34,35,36,37,38,39,40,41,42,43,44,45,46,47],[48,49,50,51,52],[53,54,55,56,57,58,59,60,61,62],[63,64,65,66,67,68,69,70,71,72,73,74],[75,76,77,78,79],[80,81,82,83,84],[85,86,87,88,89,90,91,92,93]]","[[0,1,2,3,4,5,6,7,8,9,10,11,12,13,14,15,16,17,18,19,20,21,22,23,24,25,26,27,28,29,30,31,32,33,34,35,36,37,38,39,40,41,42,43,44,45,46,47,48,49,50,51,52,53,54,55,56,57,58,59,60,61,62,63,64,65,66,67,68,69,70,71,72,73,74,75,76,77,78,79,80,81,82,83,84,85,86,87,88,89,90,91,92,93]]",36,False,False,False
order_development,g2-development-orders-02,DEVELOPMENT,50bf227f269c134cc3dc2fedd36b0e50ce071a18dbb8afcf3d306d772956d60e,cfg-b15b8281b73592fb,D-P-S,30,400,5,65,35,5,80f17e993f91963e72ef85455829459e67b09841149a16ccbe4d2afbfb737293,VERIFIED,3203,True,"[0,1,2,3,4,5,6,7,8,9,10,11,12,13,14,15,16,17,18,19,20,21,22,23,24,25,26,27,28,29,30,31,32,33,34,35,36,37,38,39,40,41,42,43,44,60,74,75,76,84,85,86,87,88,89,90,91,92,93,94,95,96,97,98,99,100,101,102,103,104,105,106,107,108,109]",[],"[{""index"":59,""window_indices"":[58,59,60,61],""boundary_right_indices"":[61]},{""index"":60,""window_indices"":[59,60,61,62],""boundary_right_indices"":[61]},{""index"":61,""window_indices"":[60,61,62,63],""boundary_right_indices"":[61]}]",[60],True,False,True,"[[0,1,2,3,4,5,6,7,8,9,10,11,12,13,14,15,16,17,18,19,20,21,22,23,24,25,26,27,28,29,30,31,32,33,34,35,36,37,38,39,40,41,42,43,44,45,46,47,48,49,50,51,52,53,54,55,56,57,58,59,60],[61,62,63,64,65,66,67,68,69,70,71,72,73,74,75,76,77,78,79,80,81,82,83,84,85,86,87,88,89,90,91,92,93,94,95,96,97,98,99,100,101,102,103,104,105,106,107,108,109]]","[[0,1,2,3,4,5,6,7,8,9,10,11,12,13,14,15,16,17,18,19,20,21,22,23,24,25,26,27,28,29,30,31,32,33,34,35,36,37,38,39,40,41,42,43,44,45,46,47,48,49,50,51,52,53,54,55,56,57,58,59,60,61,62,63,64,65,66,67,68,69,70,71,72,73,74,75,76,77,78,79,80,81,82,83,84,85,86,87,88,89,90,91,92,93,94,95,96,97,98,99,100,101,102,103,104,105,106,107,108,109]]",21,False,False,False
order_development,g2-development-orders-02,DEVELOPMENT,50bf227f269c134cc3dc2fedd36b0e50ce071a18dbb8afcf3d306d772956d60e,cfg-b15b8281b73592fb,D-P-S,30,400,5,65,35,5,80f17e993f91963e72ef85455829459e67b09841149a16ccbe4d2afbfb737293,VERIFIED,867,True,"[5,6,7,8,9,10,11,12,13,14,15,16,17,18,19,20,25,26,27,28,29,30,31,32,33,34,35,36,37,38,39,40,41,42,43,44,45,46,47,48,49,50,51,52,53,54,55,56,57,58,59,60,61,62,63,64,65,66,67,68,69,70,71,72,73,74,75,76,77,78,79,80,81,82,83,84,85,86,87,88,89,90,91,92,93]",[],"[{""index"":1,""window_indices"":[0,1,2,3],""boundary_right_indices"":[1]},{""index"":3,""window_indices"":[2,3,4,5],""boundary_right_indices"":[5]},{""index"":4,""window_indices"":[3,4,5,6],""boundary_right_indices"":[5]},{""index"":5,""window_indices"":[4,5,6,7],""boundary_right_indices"":[5]},{""index"":8,""window_indices"":[7,8,9,10],""boundary_right_indices"":[10]},{""index"":9,""window_indices"":[8,9,10,11],""boundary_right_indices"":[10]},{""index"":10,""window_indices"":[9,10,11,12],""boundary_right_indices"":[10]},{""index"":14,""window_indices"":[13,14,15,16],""boundary_right_indices"":[16]},{""index"":15,""window_indices"":[14,15,16,17],""boundary_right_indices"":[16]},{""index"":16,""window_indices"":[15,16,17,18],""boundary_right_indices"":[16]},{""index"":19,""window_indices"":[18,19,20,21],""boundary_right_indices"":[21]},{""index"":20,""window_indices"":[19,20,21,22],""boundary_right_indices"":[21]},{""index"":21,""window_indices"":[20,21,22,23],""boundary_right_indices"":[21]},{""index"":23,""window_indices"":[22,23,24,25],""boundary_right_indices"":[25]},{""index"":24,""window_indices"":[23,24,25,26],""boundary_right_indices"":[25]},{""index"":25,""window_indices"":[24,25,26,27],""boundary_right_indices"":[25]},{""index"":34,""window_indices"":[33,34,35,36],""boundary_right_indices"":[36]},{""index"":35,""window_indices"":[34,35,36,37],""boundary_right_indices"":[36]},{""index"":36,""window_indices"":[35,36,37,38],""boundary_right_indices"":[36]},{""index"":39,""window_indices"":[38,39,40,41],""boundary_right_indices"":[41]},{""index"":40,""window_indices"":[39,40,41,42],""boundary_right_indices"":[41]},{""index"":41,""window_indices"":[40,41,42,43],""boundary_right_indices"":[41]},{""index"":56,""window_indices"":[55,56,57,58],""boundary_right_indices"":[58]},{""index"":57,""window_indices"":[56,57,58,59],""boundary_right_indices"":[58]},{""index"":58,""window_indices"":[57,58,59,60],""boundary_right_indices"":[58]},{""index"":61,""window_indices"":[60,61,62,63],""boundary_right_indices"":[63]},{""index"":62,""window_indices"":[61,62,63,64],""boundary_right_indices"":[63]},{""index"":63,""window_indices"":[62,63,64,65],""boundary_right_indices"":[63]},{""index"":72,""window_indices"":[71,72,73,74],""boundary_right_indices"":[74]},{""index"":73,""window_indices"":[72,73,74,75],""boundary_right_indices"":[74]},{""index"":74,""window_indices"":[73,74,75,76],""boundary_right_indices"":[74]},{""index"":77,""window_indices"":[76,77,78,79],""boundary_right_indices"":[79]},{""index"":78,""window_indices"":[77,78,79,80],""boundary_right_indices"":[79]},{""index"":79,""window_indices"":[78,79,80,81],""boundary_right_indices"":[79]},{""index"":82,""window_indices"":[81,82,83,84],""boundary_right_indices"":[84]},{""index"":83,""window_indices"":[82,83,84,85],""boundary_right_indices"":[84]},{""index"":84,""window_indices"":[83,84,85,86],""boundary_right_indices"":[84]},{""index"":87,""window_indices"":[86,87,88,89],""boundary_right_indices"":[89]},{""index"":88,""window_indices"":[87,88,89,90],""boundary_right_indices"":[89]},{""index"":89,""window_indices"":[88,89,90,91],""boundary_right_indices"":[89]},{""index"":92,""window_indices"":[91,92,93,94],""boundary_right_indices"":[94]},{""index"":93,""window_indices"":[92,93,94,95],""boundary_right_indices"":[94]},{""index"":94,""window_indices"":[93,94,95,96],""boundary_right_indices"":[94]},{""index"":96,""window_indices"":[95,96,97,98],""boundary_right_indices"":[98]},{""index"":97,""window_indices"":[96,97,98,99],""boundary_right_indices"":[98]},{""index"":98,""window_indices"":[97,98,99,100],""boundary_right_indices"":[98]}]","[9,10,24,25,35,36,73,74,78,79,83,84,89]",True,False,True,"[[5,6,7,8,9],[10,11,12,13,14,15],[16,17,18,19,20],[25,26,27,28,29,30,31,32,33,34,35],[36,37,38,39,40],[41,42,43,44,45,46,47,48,49,50,51,52,53,54,55,56,57],[58,59,60,61,62],[63,64,65,66,67,68,69,70,71,72,73],[74,75,76,77,78],[79,80,81,82,83],[84,85,86,87,88],[89,90,91,92,93]]","[[0,1,2,3,4,5,6,7,8,9,10,11,12,13,14,15,16,17,18,19,20,21,22,23,24,25,26,27,28,29,30,31,32,33,34,35,36,37,38,39,40,41,42,43,44,45,46,47,48,49,50,51,52,53,54,55,56,57,58,59,60,61,62,63,64,65,66,67,68,69,70,71,72,73,74,75,76,77,78,79,80,81,82,83,84,85,86,87,88,89,90,91,92,93,94,95,96,97,98,99,100]]",36,False,True,False
order_development,g2-development-orders-02,DEVELOPMENT,50bf227f269c134cc3dc2fedd36b0e50ce071a18dbb8afcf3d306d772956d60e,cfg-b15b8281b73592fb,D-P-S,30,400,5,65,35,5,80f17e993f91963e72ef85455829459e67b09841149a16ccbe4d2afbfb737293,VERIFIED,10449,True,"[0,1,2,3,4,5,6,7,8,9,10,11,12,13,14,15,16,17,18,19,29,30,31,32,33,34,35,36,37,38,51,52,53,54,55,56,57,58,59,60,61,62,63,64,65,66,67,68,69,70,71,72,73,74,75,76,77,78,79,80,81,82,83,84,85,86,87,88,89,90,91,92,93,94,95,96]",[],"[{""index"":75,""window_indices"":[74,75,76,77],""boundary_right_indices"":[77]},{""index"":76,""window_indices"":[75,76,77,78],""boundary_right_indices"":[77]},{""index"":77,""window_indices"":[76,77,78,79],""boundary_right_indices"":[77]},{""index"":95,""window_indices"":[94,95,96,97],""boundary_right_indices"":[97]},{""index"":96,""window_indices"":[95,96,97,98],""boundary_right_indices"":[97]},{""index"":97,""window_indices"":[96,97,98,99],""boundary_right_indices"":[97]}]","[76,77,96,97]",True,False,True,"[[0,1,2,3,4,5,6,7,8,9,10,11,12,13,14,15,16,17,18,19,20,21,22,23,24,25,26,27,28,29,30,31,32,33,34,35,36,37,38,39,40,41,42,43,44,45,46,47,48,49,50,51,52,53,54,55,56,57,58,59,60,61,62,63,64,65,66,67,68,69,70,71,72,73,74,75,76],[77,78,79,80,81,82,83,84,85,86,87,88,89,90,91,92,93,94,95,96]]","[[0,1,2,3,4,5,6,7,8,9,10,11,12,13,14,15,16,17,18,19,20,21,22,23,24,25,26,27,28,29,30,31,32,33,34,35,36,37,38,39,40,41,42,43,44,45,46,47,48,49,50,51,52,53,54,55,56,57,58,59,60,61,62,63,64,65,66,67,68,69,70,71,72,73,74,75,76,77,78,79,80,81,82,83,84,85,86,87,88,89,90,91,92,93,94,95,96,97,98,99,100]]",26,False,False,False
order_development,g2-development-orders-02,DEVELOPMENT,50bf227f269c134cc3dc2fedd36b0e50ce071a18dbb8afcf3d306d772956d60e,cfg-b15b8281b73592fb,D-P-S,30,400,5,65,35,5,80f17e993f91963e72ef85455829459e67b09841149a16ccbe4d2afbfb737293,VERIFIED,2308,True,"[11,12,13,14,15,16,17,18,19,20,21,22,23,24,25,26]",[],"[{""index"":1,""window_indices"":[0,1,2,3],""boundary_right_indices"":[2]},{""index"":2,""window_indices"":[1,2,3,4],""boundary_right_indices"":[2]},{""index"":5,""window_indices"":[4,5,6,7],""boundary_right_indices"":[7]},{""index"":6,""window_indices"":[5,6,7,8],""boundary_right_indices"":[7]},{""index"":7,""window_indices"":[6,7,8,9],""boundary_right_indices"":[7,9]},{""index"":8,""window_indices"":[7,8,9,10],""boundary_right_indices"":[9]},{""index"":9,""window_indices"":[8,9,10,11],""boundary_right_indices"":[9,11]},{""index"":10,""window_indices"":[9,10,11,12],""boundary_right_indices"":[11]},{""index"":11,""window_indices"":[10,11,12,13],""boundary_right_indices"":[11]},{""index"":14,""window_indices"":[13,14,15,16],""boundary_right_indices"":[16]},{""index"":15,""window_indices"":[14,15,16,17],""boundary_right_indices"":[16]},{""index"":16,""window_indices"":[15,16,17,18],""boundary_right_indices"":[16]}]","[10,11,15,16]",True,False,True,"[[2,3,4,5,6],[11,12,13,14,15],[16,17,18,19,20,21,22,23,24,25,26,27,28,29,30,31,32,33,34,35,36,37,38,39,40,41,42]]","[[0,1,2,3,4,5,6,7,8,9,10,11,12,13,14,15,16,17,18,19,20,21,22,23,24,25,26,27,28,29,30,31,32,33,34,35,36,37,38,39,40,41,42]]",10,False,False,False
order_development,g2-development-orders-02,DEVELOPMENT,50bf227f269c134cc3dc2fedd36b0e50ce071a18dbb8afcf3d306d772956d60e,cfg-b15b8281b73592fb,D-P-S,30,400,5,65,35,5,80f17e993f91963e72ef85455829459e67b09841149a16ccbe4d2afbfb737293,VERIFIED,11355,True,"[9,10,11,12,13,14,15,16,23,24,25,26,27,37,38,39,40,41,42,43,44,45,54,55,56,57,58,59,60,61,62,63,64,65,66,67,68,90,91,92,93,94,95,96,97,98,99,100,101,110,111,112,113]",[],"[{""index"":87,""window_indices"":[86,87,88,89],""boundary_right_indices"":[89]},{""index"":88,""window_indices"":[87,88,89,90],""boundary_right_indices"":[89,90]},{""index"":89,""window_indices"":[88,89,90,91],""boundary_right_indices"":[89,90]},{""index"":90,""window_indices"":[89,90,91,92],""boundary_right_indices"":[90]}]",[],True,False,True,"[[0,1,2,3,4,5,6,7,8,9,10,11,12,13,14,15,16,17,18,19,20,21,22,23,24,25,26,27,28,29,30,31,32,33,34,35,36,37,38,39,40,41,42,43,44,45,46,47,48,49,50,51,52,53,54,55,56,57,58,59,60,61,62,63,64,65,66,67,68,69,70,71,72,73,74,75,76,77,78,79,80,81,82,83,84,85,86,87,88],[90,91,92,93,94,95,96,97,98,99,100,101,102,103,104,105,106,107,108,109,110,111,112,113]]","[[0,1,2,3,4,5,6,7,8,9,10,11,12,13,14,15,16,17,18,19,20,21,22,23,24,25,26,27,28,29,30,31,32,33,34,35,36,37,38,39,40,41,42,43,44,45,46,47,48,49,50,51,52,53,54,55,56,57,58,59,60,61,62,63,64,65,66,67,68,69,70,71,72,73,74,75,76,77,78,79,80,81,82,83,84,85,86,87,88,89,90,91,92,93,94,95,96,97,98,99,100,101,102,103,104,105,106,107,108,109,110,111,112,113]]",11,False,False,False
order_development,g2-development-orders-02,DEVELOPMENT,50bf227f269c134cc3dc2fedd36b0e50ce071a18dbb8afcf3d306d772956d60e,cfg-b15b8281b73592fb,D-P-S,30,400,5,65,35,5,80f17e993f91963e72ef85455829459e67b09841149a16ccbe4d2afbfb737293,VERIFIED,3357,True,"[0,1,2,3,4,5,6,7,8,9,10,11,12,13,14,15,16,17,18,19,20,21,22,23,24,25,26,27,28,29,30,31,32,33,34,35,36,37,38,39,40,41,42,43,44,45,46,47,48,49,50,51,52,53,54,55,56,57,58,59,60,61,62,76,77,78,79,80,81,82,83,84,85,93,94,95,96,97,98,99,100,101]",[],"[{""index"":74,""window_indices"":[73,74,75,76],""boundary_right_indices"":[76]},{""index"":75,""window_indices"":[74,75,76,77],""boundary_right_indices"":[76]},{""index"":76,""window_indices"":[75,76,77,78],""boundary_right_indices"":[76]},{""index"":79,""window_indices"":[78,79,80,81],""boundary_right_indices"":[81]},{""index"":80,""window_indices"":[79,80,81,82],""boundary_right_indices"":[81]},{""index"":81,""window_indices"":[80,81,82,83],""boundary_right_indices"":[81]},{""index"":84,""window_indices"":[83,84,85,86],""boundary_right_indices"":[86]},{""index"":85,""window_indices"":[84,85,86,87],""boundary_right_indices"":[86]},{""index"":86,""window_indices"":[85,86,87,88],""boundary_right_indices"":[86]},{""index"":95,""window_indices"":[94,95,96,97],""boundary_right_indices"":[97]},{""index"":96,""window_indices"":[95,96,97,98],""boundary_right_indices"":[97]},{""index"":97,""window_indices"":[96,97,98,99],""boundary_right_indices"":[97]},{""index"":100,""window_indices"":[99,100,101,102],""boundary_right_indices"":[102]},{""index"":101,""window_indices"":[100,101,102,103],""boundary_right_indices"":[102]}]","[76,96,97,101]",True,False,True,"[[0,1,2,3,4,5,6,7,8,9,10,11,12,13,14,15,16,17,18,19,20,21,22,23,24,25,26,27,28,29,30,31,32,33,34,35,36,37,38,39,40,41,42,43,44,45,46,47,48,49,50,51,52,53,54,55,56,57,58,59,60,61,62,63,64,65,66,67,68,69,70,71,72,73,74,75],[76,77,78,79,80],[81,82,83,84,85],[86,87,88,89,90,91,92,93,94,95,96],[97,98,99,100,101]]","[[0,1,2,3,4,5,6,7,8,9,10,11,12,13,14,15,16,17,18,19,20,21,22,23,24,25,26,27,28,29,30,31,32,33,34,35,36,37,38,39,40,41,42,43,44,45,46,47,48,49,50,51,52,53,54,55,56,57,58,59,60,61,62,63,64,65,66,67,68,69,70,71,72,73,74,75,76,77,78,79,80,81,82,83,84,85,86,87,88,89,90,91,92,93,94,95,96,97,98,99,100,101,102,103]]",17,False,False,False
order_development,g2-development-orders-02,DEVELOPMENT,50bf227f269c134cc3dc2fedd36b0e50ce071a18dbb8afcf3d306d772956d60e,cfg-b15b8281b73592fb,D-P-S,30,400,5,65,35,5,80f17e993f91963e72ef85455829459e67b09841149a16ccbe4d2afbfb737293,VERIFIED,9779,True,"[0,1,2,3,4,5,6,7,8,9,10,11,12,13,14,15,16,17,42,43,44,45,46,47,48,49,50,51,52,53,54,55,56,57,67,68,69,76,77,78,79,80,81,82,83,84,85,86,87,88,89,90,91,92,93,94,95,96,97,98,99,100,101,102,103,104,105,106]",[],[],[],True,False,False,"[[0,1,2,3,4,5,6,7,8,9,10,11,12,13,14,15,16,17,18,19,20,21,22,23,24,25,26,27,28,29,30,31,32,33,34,35,36,37,38,39,40,41,42,43,44,45,46,47,48,49,50,51,52,53,54,55,56,57,58,59,60,61,62,63,64,65,66,67,68,69,70,71,72,73,74,75,76,77,78,79,80,81,82,83,84,85,86,87,88,89,90,91,92,93,94,95,96,97,98,99,100,101,102,103,104,105,106]]","[[0,1,2,3,4,5,6,7,8,9,10,11,12,13,14,15,16,17,18,19,20,21,22,23,24,25,26,27,28,29,30,31,32,33,34,35,36,37,38,39,40,41,42,43,44,45,46,47,48,49,50,51,52,53,54,55,56,57,58,59,60,61,62,63,64,65,66,67,68,69,70,71,72,73,74,75,76,77,78,79,80,81,82,83,84,85,86,87,88,89,90,91,92,93,94,95,96,97,98,99,100,101,102,103,104,105,106]]",19,False,False,False
order_development,g2-development-orders-02,DEVELOPMENT,50bf227f269c134cc3dc2fedd36b0e50ce071a18dbb8afcf3d306d772956d60e,cfg-b15b8281b73592fb,D-P-S,30,400,5,65,35,5,80f17e993f91963e72ef85455829459e67b09841149a16ccbe4d2afbfb737293,VERIFIED,4773,True,"[0,1,2,3,4,5,6,7,8,9,10,11,12,13,14,15,16,17,18,19,20,21,22,23,24,25,26,27,28,29,30,31,32,33,34,35,36,37,38,39,40,41,42,43,44,45,46,47,48,49,56,57,58,59,60,61,68,69,70,71,72,73,74,75,76,77,78,79,80,81,82,83,84,85,86,87,88]",[],"[{""index"":4,""window_indices"":[3,4,5,6],""boundary_right_indices"":[6]},{""index"":5,""window_indices"":[4,5,6,7],""boundary_right_indices"":[6]},{""index"":6,""window_indices"":[5,6,7,8],""boundary_right_indices"":[6]},{""index"":13,""window_indices"":[12,13,14,15],""boundary_right_indices"":[15]},{""index"":14,""window_indices"":[13,14,15,16],""boundary_right_indices"":[15]},{""index"":15,""window_indices"":[14,15,16,17],""boundary_right_indices"":[15]},{""index"":18,""window_indices"":[17,18,19,20],""boundary_right_indices"":[20]},{""index"":19,""window_indices"":[18,19,20,21],""boundary_right_indices"":[20]},{""index"":20,""window_indices"":[19,20,21,22],""boundary_right_indices"":[20]},{""index"":23,""window_indices"":[22,23,24,25],""boundary_right_indices"":[25]},{""index"":24,""window_indices"":[23,24,25,26],""boundary_right_indices"":[25]},{""index"":25,""window_indices"":[24,25,26,27],""boundary_right_indices"":[25]},{""index"":45,""window_indices"":[44,45,46,47],""boundary_right_indices"":[47]},{""index"":46,""window_indices"":[45,46,47,48],""boundary_right_indices"":[47]},{""index"":47,""window_indices"":[46,47,48,49],""boundary_right_indices"":[47]},{""index"":54,""window_indices"":[53,54,55,56],""boundary_right_indices"":[56]},{""index"":55,""window_indices"":[54,55,56,57],""boundary_right_indices"":[56]},{""index"":56,""window_indices"":[55,56,57,58],""boundary_right_indices"":[56]},{""index"":70,""window_indices"":[69,70,71,72],""boundary_right_indices"":[72]},{""index"":71,""window_indices"":[70,71,72,73],""boundary_right_indices"":[72]},{""index"":72,""window_indices"":[71,72,73,74],""boundary_right_indices"":[72]},{""index"":76,""window_indices"":[75,76,77,78],""boundary_right_indices"":[78]},{""index"":77,""window_indices"":[76,77,78,79],""boundary_right_indices"":[78]},{""index"":78,""window_indices"":[77,78,79,80],""boundary_right_indices"":[78]},{""index"":87,""window_indices"":[86,87,88,89],""boundary_right_indices"":[89]},{""index"":88,""window_indices"":[87,88,89,90],""boundary_right_indices"":[89]},{""index"":89,""window_indices"":[88,89,90,91],""boundary_right_indices"":[89]},{""index"":92,""window_indices"":[91,92,93,94],""boundary_right_indices"":[94]},{""index"":93,""window_indices"":[92,93,94,95],""boundary_right_indices"":[94]},{""index"":94,""window_indices"":[93,94,95,96],""boundary_right_indices"":[94]}]","[5,6,19,20,24,25,46,56]",True,False,True,"[[0,1,2,3,4,5],[6,7,8,9,10,11,12,13,14],[15,16,17,18,19],[20,21,22,23,24],[25,26,27,28,29,30,31,32,33,34,35,36,37,38,39,40,41,42,43,44,45,46],[47,48,49,50,51,52,53,54,55],[56,57,58,59,60,61,62,63,64,65,66,67,68,69,70,71],[72,73,74,75,76,77],[78,79,80,81,82,83,84,85,86,87,88],[89,90,91,92,93],[94,95,96,97,98,99,100,101]]","[[0,1,2,3,4,5,6,7,8,9,10,11,12,13,14,15,16,17,18,19,20,21,22,23,24,25,26,27,28,29,30,31,32,33,34,35,36,37,38,39,40,41,42,43,44,45,46,47,48,49,50,51,52,53,54,55,56,57,58,59,60,61,62,63,64,65,66,67,68,69,70,71,72,73,74,75,76,77,78,79,80,81,82,83,84,85,86,87,88,89,90,91,92,93,94,95,96,97,98,99,100,101]]",43,False,False,False
order_development,g2-development-orders-02,DEVELOPMENT,50bf227f269c134cc3dc2fedd36b0e50ce071a18dbb8afcf3d306d772956d60e,cfg-b15b8281b73592fb,D-P-S,30,400,5,65,35,5,80f17e993f91963e72ef85455829459e67b09841149a16ccbe4d2afbfb737293,VERIFIED,3291,True,"[3,4,5,6,7,8,9,10,11,12,29,30,31,32,33,34,35,36,37,38,39,40,41,42,43,44,45,46,47,48,49,50,51,52,53,54,55,56,57,58,59,60,61,62,63,64,65,66,67,68,69,70,71,72,73,74,75,76,77,78,79,80,81,82,83,84,85,86,87]",[],"[{""index"":1,""window_indices"":[0,1,2,3],""boundary_right_indices"":[3]},{""index"":2,""window_indices"":[1,2,3,4],""boundary_right_indices"":[3]},{""index"":3,""window_indices"":[2,3,4,5],""boundary_right_indices"":[3]},{""index"":10,""window_indices"":[9,10,11,12],""boundary_right_indices"":[12]},{""index"":11,""window_indices"":[10,11,12,13],""boundary_right_indices"":[12]},{""index"":12,""window_indices"":[11,12,13,14],""boundary_right_indices"":[12]}]",[12],True,False,True,"[[3,4,5,6,7,8,9,10,11],[12,13,14,15,16,17,18,19,20,21,22,23,24,25,26,27,28,29,30,31,32,33,34,35,36,37,38,39,40,41,42,43,44,45,46,47,48,49,50,51,52,53,54,55,56,57,58,59,60,61,62,63,64,65,66,67,68,69,70,71,72,73,74,75,76,77,78,79,80,81,82,83,84,85,86,87,88,89,90,91,92,93,94,95]]","[[0,1,2,3,4,5,6,7,8,9,10,11,12,13,14,15,16,17,18,19,20,21,22,23,24,25,26,27,28,29,30,31,32,33,34,35,36,37,38,39,40,41,42,43,44,45,46,47,48,49,50,51,52,53,54,55,56,57,58,59,60,61,62,63,64,65,66,67,68,69,70,71,72,73,74,75,76,77,78,79,80,81,82,83,84,85,86,87,88,89,90,91,92,93,94,95]]",17,False,False,False
order_development,g2-development-orders-02,DEVELOPMENT,50bf227f269c134cc3dc2fedd36b0e50ce071a18dbb8afcf3d306d772956d60e,cfg-b15b8281b73592fb,D-P-S,30,400,5,65,35,5,80f17e993f91963e72ef85455829459e67b09841149a16ccbe4d2afbfb737293,VERIFIED,10433,True,"[7,8,9,10,11,12,13,14,15,16,27,28,29,30,31,36,37,38,39,40,41,42,43,44,45,46,47,48,49,50,51,52,53,54,55,56,57,58,59,60,61,62,63,64,65,66,67,68,69,70,71,72,73,74,75,76,87,88,89,90,91,92,93,94,95,96]",[],"[{""index"":1,""window_indices"":[0,1,2,3],""boundary_right_indices"":[2]},{""index"":2,""window_indices"":[1,2,3,4],""boundary_right_indices"":[2]},{""index"":5,""window_indices"":[4,5,6,7],""boundary_right_indices"":[7]},{""index"":6,""window_indices"":[5,6,7,8],""boundary_right_indices"":[7]},{""index"":7,""window_indices"":[6,7,8,9],""boundary_right_indices"":[7]},{""index"":10,""window_indices"":[9,10,11,12],""boundary_right_indices"":[12]},{""index"":11,""window_indices"":[10,11,12,13],""boundary_right_indices"":[12]},{""index"":12,""window_indices"":[11,12,13,14],""boundary_right_indices"":[12]},{""index"":15,""window_indices"":[14,15,16,17],""boundary_right_indices"":[17]},{""index"":16,""window_indices"":[15,16,17,18],""boundary_right_indices"":[17]},{""index"":17,""window_indices"":[16,17,18,19],""boundary_right_indices"":[17]},{""index"":20,""window_indices"":[19,20,21,22],""boundary_right_indices"":[22]},{""index"":21,""window_indices"":[20,21,22,23],""boundary_right_indices"":[22]},{""index"":22,""window_indices"":[21,22,23,24],""boundary_right_indices"":[22]},{""index"":25,""window_indices"":[24,25,26,27],""boundary_right_indices"":[27]},{""index"":26,""window_indices"":[25,26,27,28],""boundary_right_indices"":[27]},{""index"":27,""window_indices"":[26,27,28,29],""boundary_right_indices"":[27]},{""index"":30,""window_indices"":[29,30,31,32],""boundary_right_indices"":[32]},{""index"":31,""window_indices"":[30,31,32,33],""boundary_right_indices"":[32]},{""index"":32,""window_indices"":[31,32,33,34],""boundary_right_indices"":[32]},{""index"":34,""window_indices"":[33,34,35,36],""boundary_right_indices"":[36]},{""index"":35,""window_indices"":[34,35,36,37],""boundary_right_indices"":[36]},{""index"":36,""window_indices"":[35,36,37,38],""boundary_right_indices"":[36]},{""index"":39,""window_indices"":[38,39,40,41],""boundary_right_indices"":[41]},{""index"":40,""window_indices"":[39,40,41,42],""boundary_right_indices"":[41]},{""index"":41,""window_indices"":[40,41,42,43],""boundary_right_indices"":[41]},{""index"":50,""window_indices"":[49,50,51,52],""boundary_right_indices"":[52]},{""index"":51,""window_indices"":[50,51,52,53],""boundary_right_indices"":[52]},{""index"":52,""window_indices"":[51,52,53,54],""boundary_right_indices"":[52]},{""index"":55,""window_indices"":[54,55,56,57],""boundary_right_indices"":[57]},{""index"":56,""window_indices"":[55,56,57,58],""boundary_right_indices"":[57]},{""index"":57,""window_indices"":[56,57,58,59],""boundary_right_indices"":[57]},{""index"":60,""window_indices"":[59,60,61,62],""boundary_right_indices"":[62]},{""index"":61,""window_indices"":[60,61,62,63],""boundary_right_indices"":[62]},{""index"":62,""window_indices"":[61,62,63,64],""boundary_right_indices"":[62]},{""index"":65,""window_indices"":[64,65,66,67],""boundary_right_indices"":[67]},{""index"":66,""window_indices"":[65,66,67,68],""boundary_right_indices"":[67]},{""index"":67,""window_indices"":[66,67,68,69],""boundary_right_indices"":[67]},{""index"":70,""window_indices"":[69,70,71,72],""boundary_right_indices"":[72]},{""index"":71,""window_indices"":[70,71,72,73],""boundary_right_indices"":[72]},{""index"":72,""window_indices"":[71,72,73,74],""boundary_right_indices"":[72]},{""index"":75,""window_indices"":[74,75,76,77],""boundary_right_indices"":[77]},{""index"":76,""window_indices"":[75,76,77,78],""boundary_right_indices"":[77]},{""index"":77,""window_indices"":[76,77,78,79],""boundary_right_indices"":[77]},{""index"":80,""window_indices"":[79,80,81,82],""boundary_right_indices"":[82]},{""index"":81,""window_indices"":[80,81,82,83],""boundary_right_indices"":[82]},{""index"":82,""window_indices"":[81,82,83,84],""boundary_right_indices"":[82]},{""index"":85,""window_indices"":[84,85,86,87],""boundary_right_indices"":[87]},{""index"":86,""window_indices"":[85,86,87,88],""boundary_right_indices"":[87]},{""index"":87,""window_indices"":[86,87,88,89],""boundary_right_indices"":[87]},{""index"":90,""window_indices"":[89,90,91,92],""boundary_right_indices"":[92]},{""index"":91,""window_indices"":[90,91,92,93],""boundary_right_indices"":[92]},{""index"":92,""window_indices"":[91,92,93,94],""boundary_right_indices"":[92]},{""index"":95,""window_indices"":[94,95,96,97],""boundary_right_indices"":[97]},{""index"":96,""window_indices"":[95,96,97,98],""boundary_right_indices"":[97]},{""index"":97,""window_indices"":[96,97,98,99],""boundary_right_indices"":[97]}]","[1,7,16,31,32,51,56,92]",True,False,True,"[[2,3,4,5,6],[7,8,9,10,11],[12,13,14,15,16],[17,18,19,20,21],[22,23,24,25,26],[27,28,29,30,31],[36,37,38,39,40],[41,42,43,44,45,46,47,48,49,50,51],[52,53,54,55,56],[57,58,59,60,61],[62,63,64,65,66],[67,68,69,70,71],[72,73,74,75,76],[77,78,79,80,81],[82,83,84,85,86],[87,88,89,90,91],[92,93,94,95,96]]","[[0,1,2,3,4,5,6,7,8,9,10,11,12,13,14,15,16,17,18,19,20,21,22,23,24,25,26,27,28,29,30,31,32,33,34,35,36,37,38,39,40,41,42,43,44,45,46,47,48,49,50,51,52,53,54,55,56,57,58,59,60,61,62,63,64,65,66,67,68,69,70,71,72,73,74,75,76,77,78,79,80,81,82,83,84,85,86,87,88,89,90,91,92,93,94,95,96,97,98,99]]",52,False,False,False
order_development,g2-development-orders-02,DEVELOPMENT,50bf227f269c134cc3dc2fedd36b0e50ce071a18dbb8afcf3d306d772956d60e,cfg-b15b8281b73592fb,D-P-S,30,400,5,65,35,5,80f17e993f91963e72ef85455829459e67b09841149a16ccbe4d2afbfb737293,VERIFIED,9994,True,"[1,2,3,4,5,6,7,8,9,10,11,12,13,14,15,16,17,18,19,20,21,22,23,24,25,26,27,28,29,30,31,48,49,50,58,59,60,61,62,63,64,65,66,67,68,69,70,71,72,73,74,75,76,77,78,79,80,81,82,83,84,85,86,87,88,89,90,91,92,93,94,95,96,97,98,99,100,101,102,103,104,105,106,107,108,109,110]",[],"[{""index"":1,""window_indices"":[0,1,2,3],""boundary_right_indices"":[1]}]",[1],True,False,True,"[[1,2,3,4,5,6,7,8,9,10,11,12,13,14,15,16,17,18,19,20,21,22,23,24,25,26,27,28,29,30,31,32,33,34,35,36,37,38,39,40,41,42,43,44,45,46,47,48,49,50,51,52,53,54,55,56,57,58,59,60,61,62,63,64,65,66,67,68,69,70,71,72,73,74,75,76,77,78,79,80,81,82,83,84,85,86,87,88,89,90,91,92,93,94,95,96,97,98,99,100,101,102,103,104,105,106,107,108,109,110]]","[[0,1,2,3,4,5,6,7,8,9,10,11,12,13,14,15,16,17,18,19,20,21,22,23,24,25,26,27,28,29,30,31,32,33,34,35,36,37,38,39,40,41,42,43,44,45,46,47,48,49,50,51,52,53,54,55,56,57,58,59,60,61,62,63,64,65,66,67,68,69,70,71,72,73,74,75,76,77,78,79,80,81,82,83,84,85,86,87,88,89,90,91,92,93,94,95,96,97,98,99,100,101,102,103,104,105,106,107,108,109,110]]",22,False,False,False
order_development,g2-development-orders-02,DEVELOPMENT,50bf227f269c134cc3dc2fedd36b0e50ce071a18dbb8afcf3d306d772956d60e,cfg-b15b8281b73592fb,D-P-S,30,400,5,65,35,5,80f17e993f91963e72ef85455829459e67b09841149a16ccbe4d2afbfb737293,VERIFIED,1944,True,"[0,1,2,16,17,18,19,20,21,22,23,24,25,26,27,28,29,30,31,32,40,41,42,43,44,45,46,47,48,49,50,51,52,53,54,55,56,57,58,59,60,61,62,63,64,65,66,67,68,69,86,87,88,89,90,91,92,93,94,95,96,97,98,99,100,101,102,103,104,105,106,107,108]",[],[],[],True,False,False,"[[0,1,2,3,4,5,6,7,8,9,10,11,12,13,14,15,16,17,18,19,20,21,22,23,24,25,26,27,28,29,30,31,32,33,34,35,36,37,38,39,40,41,42,43,44,45,46,47,48,49,50,51,52,53,54,55,56,57,58,59,60,61,62,63,64,65,66,67,68,69,70,71,72,73,74,75,76,77,78,79,80,81,82,83,84,85,86,87,88,89,90,91,92,93,94,95,96,97,98,99,100,101,102,103,104,105,106,107,108]]","[[0,1,2,3,4,5,6,7,8,9,10,11,12,13,14,15,16,17,18,19,20,21,22,23,24,25,26,27,28,29,30,31,32,33,34,35,36,37,38,39,40,41,42,43,44,45,46,47,48,49,50,51,52,53,54,55,56,57,58,59,60,61,62,63,64,65,66,67,68,69,70,71,72,73,74,75,76,77,78,79,80,81,82,83,84,85,86,87,88,89,90,91,92,93,94,95,96,97,98,99,100,101,102,103,104,105,106,107,108]]",18,False,False,False
order_development,g2-development-orders-02,DEVELOPMENT,50bf227f269c134cc3dc2fedd36b0e50ce071a18dbb8afcf3d306d772956d60e,cfg-b15b8281b73592fb,D-P-S,30,400,5,65,35,5,80f17e993f91963e72ef85455829459e67b09841149a16ccbe4d2afbfb737293,VERIFIED,8430,True,"[0,1,2,3,4,5,6,7,8,9,10,11,12,13,14,15,16,17,18,19,20,21,22,23,24,25,26,27,28,29,30,31,32,33,34,35,36,37,38,39,40,41,42,43,44,45,46,47,48,49,50,51,52,53,54,55,56,57,58,59,60,61,62,63,64,65,66,67,68,90,91,92,93,94,95,96,116,117,118]",[],[],[],True,False,False,"[[0,1,2,3,4,5,6,7,8,9,10,11,12,13,14,15,16,17,18,19,20,21,22,23,24,25,26,27,28,29,30,31,32,33,34,35,36,37,38,39,40,41,42,43,44,45,46,47,48,49,50,51,52,53,54,55,56,57,58,59,60,61,62,63,64,65,66,67,68,69,70,71,72,73,74,75,76,77,78,79,80,81,82,83,84,85,86,87,88,89,90,91,92,93,94,95,96,97,98,99,100,101,102,103,104,105,106,107,108,109,110,111,112,113,114,115,116,117,118]]","[[0,1,2,3,4,5,6,7,8,9,10,11,12,13,14,15,16,17,18,19,20,21,22,23,24,25,26,27,28,29,30,31,32,33,34,35,36,37,38,39,40,41,42,43,44,45,46,47,48,49,50,51,52,53,54,55,56,57,58,59,60,61,62,63,64,65,66,67,68,69,70,71,72,73,74,75,76,77,78,79,80,81,82,83,84,85,86,87,88,89,90,91,92,93,94,95,96,97,98,99,100,101,102,103,104,105,106,107,108,109,110,111,112,113,114,115,116,117,118]]",8,False,False,False
order_development,g2-development-orders-02,DEVELOPMENT,50bf227f269c134cc3dc2fedd36b0e50ce071a18dbb8afcf3d306d772956d60e,cfg-b15b8281b73592fb,D-P-S,30,400,5,65,35,5,80f17e993f91963e72ef85455829459e67b09841149a16ccbe4d2afbfb737293,VERIFIED,1860,True,"[0,1,2,3,4,5,6,7,8,9,10,11,12,13,14,15,16,17,18,19,20,21,22,32,33,34,35,43,44,45,46,47,48,49,50,51,52,53,54,55,56,57,58,59,60,61,62,63,64,65,66,67,68,69,70,71,72,73,74,75,76,77,78,79,80,81,82,83,84,85,86,87,88,89,90,91,92,93,94,95,96,97,98,99,100,101,102,103,104,105,106]",[],[],[],True,False,False,"[[0,1,2,3,4,5,6,7,8,9,10,11,12,13,14,15,16,17,18,19,20,21,22,23,24,25,26,27,28,29,30,31,32,33,34,35,36,37,38,39,40,41,42,43,44,45,46,47,48,49,50,51,52,53,54,55,56,57,58,59,60,61,62,63,64,65,66,67,68,69,70,71,72,73,74,75,76,77,78,79,80,81,82,83,84,85,86,87,88,89,90,91,92,93,94,95,96,97,98,99,100,101,102,103,104,105,106,107,108,109,110,111,112,113]]","[[0,1,2,3,4,5,6,7,8,9,10,11,12,13,14,15,16,17,18,19,20,21,22,23,24,25,26,27,28,29,30,31,32,33,34,35,36,37,38,39,40,41,42,43,44,45,46,47,48,49,50,51,52,53,54,55,56,57,58,59,60,61,62,63,64,65,66,67,68,69,70,71,72,73,74,75,76,77,78,79,80,81,82,83,84,85,86,87,88,89,90,91,92,93,94,95,96,97,98,99,100,101,102,103,104,105,106,107,108,109,110,111,112,113]]",23,False,False,False
order_development,g2-development-orders-02,DEVELOPMENT,50bf227f269c134cc3dc2fedd36b0e50ce071a18dbb8afcf3d306d772956d60e,cfg-b15b8281b73592fb,D-P-S,30,400,5,65,35,5,80f17e993f91963e72ef85455829459e67b09841149a16ccbe4d2afbfb737293,VERIFIED,9222,True,"[0,1,21,22,23,24,25,26,27,28,29,30,31,32,33,34,35,36,37,38,39,40,41,42,43,44,45,55,56,57,58,59,60,61,62,63,64,65,66,75,76,77,78,79,80,81,82,83,84,85]",[],"[{""index"":55,""window_indices"":[54,55,56,57],""boundary_right_indices"":[57]},{""index"":56,""window_indices"":[55,56,57,58],""boundary_right_indices"":[57]},{""index"":57,""window_indices"":[56,57,58,59],""boundary_right_indices"":[57]},{""index"":79,""window_indices"":[78,79,80,81],""boundary_right_indices"":[81]},{""index"":80,""window_indices"":[79,80,81,82],""boundary_right_indices"":[81]},{""index"":81,""window_indices"":[80,81,82,83],""boundary_right_indices"":[81]}]",[56],True,False,True,"[[0,1,2,3,4,5,6,7,8,9,10,11,12,13,14,15,16,17,18,19,20,21,22,23,24,25,26,27,28,29,30,31,32,33,34,35,36,37,38,39,40,41,42,43,44,45,46,47,48,49,50,51,52,53,54,55,56],[57,58,59,60,61,62,63,64,65,66,67,68,69,70,71,72,73,74,75,76,77,78,79,80],[81,82,83,84,85]]","[[0,1,2,3,4,5,6,7,8,9,10,11,12,13,14,15,16,17,18,19,20,21,22,23,24,25,26,27,28,29,30,31,32,33,34,35,36,37,38,39,40,41,42,43,44,45,46,47,48,49,50,51,52,53,54,55,56,57,58,59,60,61,62,63,64,65,66,67,68,69,70,71,72,73,74,75,76,77,78,79,80,81,82,83,84,85]]",17,False,False,False
order_development,g2-development-orders-02,DEVELOPMENT,50bf227f269c134cc3dc2fedd36b0e50ce071a18dbb8afcf3d306d772956d60e,cfg-b15b8281b73592fb,D-P-S,30,400,5,65,35,5,80f17e993f91963e72ef85455829459e67b09841149a16ccbe4d2afbfb737293,VERIFIED,5431,True,"[0,1,2,3,4,5,6,7,8,9,10,11,12,13,14,15,16,17,18,19,20,21,22,23,24,25,26,27,28,29,30,31,32,33,34,35,36,37,38,39,40,41,42,43,44,45,46,47,48,49,50,51,52,53,54,55,56,57,58,59,60,61,62,63,64,65,66,67,68,69,70,71,72,73,74,75,76,77,78,79,80,81,82,83,84,85,86,87,88,89,90,91,92,93,94,95,96,97,98,99,100,101,102,103,104,105]",[],[],[],True,False,False,"[[0,1,2,3,4,5,6,7,8,9,10,11,12,13,14,15,16,17,18,19,20,21,22,23,24,25,26,27,28,29,30,31,32,33,34,35,36,37,38,39,40,41,42,43,44,45,46,47,48,49,50,51,52,53,54,55,56,57,58,59,60,61,62,63,64,65,66,67,68,69,70,71,72,73,74,75,76,77,78,79,80,81,82,83,84,85,86,87,88,89,90,91,92,93,94,95,96,97,98,99,100,101,102,103,104,105]]","[[0,1,2,3,4,5,6,7,8,9,10,11,12,13,14,15,16,17,18,19,20,21,22,23,24,25,26,27,28,29,30,31,32,33,34,35,36,37,38,39,40,41,42,43,44,45,46,47,48,49,50,51,52,53,54,55,56,57,58,59,60,61,62,63,64,65,66,67,68,69,70,71,72,73,74,75,76,77,78,79,80,81,82,83,84,85,86,87,88,89,90,91,92,93,94,95,96,97,98,99,100,101,102,103,104,105]]",22,False,True,False
order_development,g2-development-orders-02,DEVELOPMENT,50bf227f269c134cc3dc2fedd36b0e50ce071a18dbb8afcf3d306d772956d60e,cfg-b15b8281b73592fb,D-P-S,30,400,5,65,35,5,80f17e993f91963e72ef85455829459e67b09841149a16ccbe4d2afbfb737293,VERIFIED,9145,True,"[0,1,2,3,4,5,6,7,8,9,10,11,12,13,24,25,26,27,28,29,30,31,32,33,34,35,36,37,38,39,40,41,42,43,44,45,46,47,48,49,50,51,52,53,54,55,56,57,58,59,60,61,62,63,64,65,66,67,68,69,70,71,72,73,74,75,76,77,78,79,80,81,82,83,84,85,86,87,88,89,90,91,92,93,94,95,96,97,98,99,100,101,102,103,104,105,106,107,108,109]",[],[],[],True,False,False,"[[0,1,2,3,4,5,6,7,8,9,10,11,12,13,14,15,16,17,18,19,20,21,22,23,24,25,26,27,28,29,30,31,32,33,34,35,36,37,38,39,40,41,42,43,44,45,46,47,48,49,50,51,52,53,54,55,56,57,58,59,60,61,62,63,64,65,66,67,68,69,70,71,72,73,74,75,76,77,78,79,80,81,82,83,84,85,86,87,88,89,90,91,92,93,94,95,96,97,98,99,100,101,102,103,104,105,106,107,108,109]]","[[0,1,2,3,4,5,6,7,8,9,10,11,12,13,14,15,16,17,18,19,20,21,22,23,24,25,26,27,28,29,30,31,32,33,34,35,36,37,38,39,40,41,42,43,44,45,46,47,48,49,50,51,52,53,54,55,56,57,58,59,60,61,62,63,64,65,66,67,68,69,70,71,72,73,74,75,76,77,78,79,80,81,82,83,84,85,86,87,88,89,90,91,92,93,94,95,96,97,98,99,100,101,102,103,104,105,106,107,108,109]]",15,False,False,False
order_development,g2-development-orders-02,DEVELOPMENT,50bf227f269c134cc3dc2fedd36b0e50ce071a18dbb8afcf3d306d772956d60e,cfg-b15b8281b73592fb,D-P-S,30,400,5,65,35,5,80f17e993f91963e72ef85455829459e67b09841149a16ccbe4d2afbfb737293,VERIFIED,7186,True,"[0,1,2,3,4,5,6,7,8,9,10,11,12,13,14,15,16,17,18,19,20,21,22,23,24,25,26,27,28,29,30,31,32,33,34,35,36,37,38,39,40,41,42,43,44,45,46,47,48,49,50,51,52,53,54,55,56,57,58,59,60,61,62,63,64,65,66,67,68,69,70,71,72,73,74,75,76,77,78,79,80,81,82,83,84,85,86,87,88,89,90,91,92,93,94,95,96,97,98,99,100]",[],[],[],True,False,False,"[[0,1,2,3,4,5,6,7,8,9,10,11,12,13,14,15,16,17,18,19,20,21,22,23,24,25,26,27,28,29,30,31,32,33,34,35,36,37,38,39,40,41,42,43,44,45,46,47,48,49,50,51,52,53,54,55,56,57,58,59,60,61,62,63,64,65,66,67,68,69,70,71,72,73,74,75,76,77,78,79,80,81,82,83,84,85,86,87,88,89,90,91,92,93,94,95,96,97,98,99,100]]","[[0,1,2,3,4,5,6,7,8,9,10,11,12,13,14,15,16,17,18,19,20,21,22,23,24,25,26,27,28,29,30,31,32,33,34,35,36,37,38,39,40,41,42,43,44,45,46,47,48,49,50,51,52,53,54,55,56,57,58,59,60,61,62,63,64,65,66,67,68,69,70,71,72,73,74,75,76,77,78,79,80,81,82,83,84,85,86,87,88,89,90,91,92,93,94,95,96,97,98,99,100]]",13,False,True,False
order_development,g2-development-orders-02,DEVELOPMENT,50bf227f269c134cc3dc2fedd36b0e50ce071a18dbb8afcf3d306d772956d60e,cfg-b15b8281b73592fb,D-P-S,30,400,5,65,35,5,80f17e993f91963e72ef85455829459e67b09841149a16ccbe4d2afbfb737293,VERIFIED,11326,True,"[0,1,2,3,4,5,6,7,8,9,10,11,12,13,14,15,16,17,18,19,20,21,22,23,24,25,26,27,28,29,30,31,32,33,34,35,36,37,38,39,40,41,42,43,44,45,46,47,48,49,50,51,52,53,54,55,60,61,62,63,64,65,66,67,68,69,70,71,72,73,74,75,76,77,78,79,80,81,82,83,84,85,86,87,88,89,90,91,92,93,94,95,96,97,98,99,100]",[],"[{""index"":30,""window_indices"":[29,30,31,32],""boundary_right_indices"":[32]},{""index"":31,""window_indices"":[30,31,32,33],""boundary_right_indices"":[32]},{""index"":32,""window_indices"":[31,32,33,34],""boundary_right_indices"":[32]},{""index"":39,""window_indices"":[38,39,40,41],""boundary_right_indices"":[41]},{""index"":40,""window_indices"":[39,40,41,42],""boundary_right_indices"":[41]},{""index"":41,""window_indices"":[40,41,42,43],""boundary_right_indices"":[41]},{""index"":54,""window_indices"":[53,54,55,56],""boundary_right_indices"":[56]},{""index"":55,""window_indices"":[54,55,56,57],""boundary_right_indices"":[56]},{""index"":56,""window_indices"":[55,56,57,58],""boundary_right_indices"":[56]},{""index"":58,""window_indices"":[57,58,59,60],""boundary_right_indices"":[60]},{""index"":59,""window_indices"":[58,59,60,61],""boundary_right_indices"":[60]},{""index"":60,""window_indices"":[59,60,61,62],""boundary_right_indices"":[60]},{""index"":99,""window_indices"":[98,99,100,101],""boundary_right_indices"":[101]},{""index"":100,""window_indices"":[99,100,101,102],""boundary_right_indices"":[101]},{""index"":101,""window_indices"":[100,101,102,103],""boundary_right_indices"":[101]}]","[40,56,59,60,100,101]",True,False,True,"[[0,1,2,3,4,5,6,7,8,9,10,11,12,13,14,15,16,17,18,19,20,21,22,23,24,25,26,27,28,29,30,31],[32,33,34,35,36,37,38,39,40],[41,42,43,44,45,46,47,48,49,50,51,52,53,54,55],[60,61,62,63,64,65,66,67,68,69,70,71,72,73,74,75,76,77,78,79,80,81,82,83,84,85,86,87,88,89,90,91,92,93,94,95,96,97,98,99,100]]","[[0,1,2,3,4,5,6,7,8,9,10,11,12,13,14,15,16,17,18,19,20,21,22,23,24,25,26,27,28,29,30,31,32,33,34,35,36,37,38,39,40,41,42,43,44,45,46,47,48,49,50,51,52,53,54,55,56,57,58,59,60,61,62,63,64,65,66,67,68,69,70,71,72,73,74,75,76,77,78,79,80,81,82,83,84,85,86,87,88,89,90,91,92,93,94,95,96,97,98,99,100,101,102,103]]",34,False,True,False
order_development,g2-development-orders-02,DEVELOPMENT,50bf227f269c134cc3dc2fedd36b0e50ce071a18dbb8afcf3d306d772956d60e,cfg-b15b8281b73592fb,D-P-S,30,400,5,65,35,5,80f17e993f91963e72ef85455829459e67b09841149a16ccbe4d2afbfb737293,VERIFIED,4378,True,"[0,1,2,3,4,5,6,7,8,9,10,11,12,13,14,15,16,17,18,19,20,21,22,23,24,25,26,27,28,29,30,31,32,33,34,35,36,37,38,39,40,41,42,43,44,45,46,47,48,49,50,51,52,53,54,55,56,57,58,59,60,61,62,63,64,65,66,67,68,69,70,71,72,73,74,75,76,77,78,79,80,81,82,83,84,85,86,87,88,89,90,91,92,93,94,95,96,97,98,99,100,101,102,103,104,105,106,107,108]",[],[],[],True,False,False,"[[0,1,2,3,4,5,6,7,8,9,10,11,12,13,14,15,16,17,18,19,20,21,22,23,24,25,26,27,28,29,30,31,32,33,34,35,36,37,38,39,40,41,42,43,44,45,46,47,48,49,50,51,52,53,54,55,56,57,58,59,60,61,62,63,64,65,66,67,68,69,70,71,72,73,74,75,76,77,78,79,80,81,82,83,84,85,86,87,88,89,90,91,92,93,94,95,96,97,98,99,100,101,102,103,104,105,106,107,108]]","[[0,1,2,3,4,5,6,7,8,9,10,11,12,13,14,15,16,17,18,19,20,21,22,23,24,25,26,27,28,29,30,31,32,33,34,35,36,37,38,39,40,41,42,43,44,45,46,47,48,49,50,51,52,53,54,55,56,57,58,59,60,61,62,63,64,65,66,67,68,69,70,71,72,73,74,75,76,77,78,79,80,81,82,83,84,85,86,87,88,89,90,91,92,93,94,95,96,97,98,99,100,101,102,103,104,105,106,107,108]]",21,False,True,False
order_development,g2-development-orders-02,DEVELOPMENT,50bf227f269c134cc3dc2fedd36b0e50ce071a18dbb8afcf3d306d772956d60e,cfg-b15b8281b73592fb,D-P-S,30,400,5,65,35,5,80f17e993f91963e72ef85455829459e67b09841149a16ccbe4d2afbfb737293,VERIFIED,11021,True,"[0,1,2,3,4,5,6,7,8,9,10,11,12,13,14,15,16,17,18,19,20,21,22,23,24,25,26,27,28,29,30,31,32,33,34,35,36,37,38,39,40,41,42,49,50,51,52,53,54,55,56,57,58,59,60,61,62,63,64,65,66,67,68,69,70,71,72,73,74,75,85,86,87,88,89,90,91,92,93,94,95,96,97,98,99,100,101,102,103,104]",[],"[{""index"":62,""window_indices"":[61,62,63,64],""boundary_right_indices"":[64]},{""index"":63,""window_indices"":[62,63,64,65],""boundary_right_indices"":[64]},{""index"":64,""window_indices"":[63,64,65,66],""boundary_right_indices"":[64]}]",[63],True,False,True,"[[0,1,2,3,4,5,6,7,8,9,10,11,12,13,14,15,16,17,18,19,20,21,22,23,24,25,26,27,28,29,30,31,32,33,34,35,36,37,38,39,40,41,42,43,44,45,46,47,48,49,50,51,52,53,54,55,56,57,58,59,60,61,62,63],[64,65,66,67,68,69,70,71,72,73,74,75,76,77,78,79,80,81,82,83,84,85,86,87,88,89,90,91,92,93,94,95,96,97,98,99,100,101,102,103,104]]","[[0,1,2,3,4,5,6,7,8,9,10,11,12,13,14,15,16,17,18,19,20,21,22,23,24,25,26,27,28,29,30,31,32,33,34,35,36,37,38,39,40,41,42,43,44,45,46,47,48,49,50,51,52,53,54,55,56,57,58,59,60,61,62,63,64,65,66,67,68,69,70,71,72,73,74,75,76,77,78,79,80,81,82,83,84,85,86,87,88,89,90,91,92,93,94,95,96,97,98,99,100,101,102,103,104]]",17,False,False,False
order_development,g2-development-orders-02,DEVELOPMENT,50bf227f269c134cc3dc2fedd36b0e50ce071a18dbb8afcf3d306d772956d60e,cfg-b15b8281b73592fb,D-P-S,30,400,5,65,35,5,80f17e993f91963e72ef85455829459e67b09841149a16ccbe4d2afbfb737293,VERIFIED,5049,True,"[0,1,2,3,4,5,6,7,8,9,10,11,12,13,14,23,24,25,26,27,28,29,30,31,32,33,34,35,36,37,38,39,40,41,42,43,44,45,46,47,48,49,50,51,52,53,54,55,56,57,58,59,60,61,62,63,64,65,66,67,68,69,70,71,72,73,74,75,76,77,78,79,80,81,82,83,84,85,86,87,88,89,95,96,97,98,99,100,101,102,103,104]",[],"[{""index"":55,""window_indices"":[54,55,56,57],""boundary_right_indices"":[57]},{""index"":56,""window_indices"":[55,56,57,58],""boundary_right_indices"":[57]},{""index"":57,""window_indices"":[56,57,58,59],""boundary_right_indices"":[57]},{""index"":72,""window_indices"":[71,72,73,74],""boundary_right_indices"":[74]},{""index"":73,""window_indices"":[72,73,74,75],""boundary_right_indices"":[74]},{""index"":74,""window_indices"":[73,74,75,76],""boundary_right_indices"":[74]},{""index"":88,""window_indices"":[87,88,89,90],""boundary_right_indices"":[90]},{""index"":89,""window_indices"":[88,89,90,91],""boundary_right_indices"":[90]},{""index"":90,""window_indices"":[89,90,91,92],""boundary_right_indices"":[90]}]","[56,57,74]",True,False,True,"[[0,1,2,3,4,5,6,7,8,9,10,11,12,13,14,15,16,17,18,19,20,21,22,23,24,25,26,27,28,29,30,31,32,33,34,35,36,37,38,39,40,41,42,43,44,45,46,47,48,49,50,51,52,53,54,55,56],[57,58,59,60,61,62,63,64,65,66,67,68,69,70,71,72,73],[74,75,76,77,78,79,80,81,82,83,84,85,86,87,88,89],[90,91,92,93,94,95,96,97,98,99,100,101,102,103,104]]","[[0,1,2,3,4,5,6,7,8,9,10,11,12,13,14,15,16,17,18,19,20,21,22,23,24,25,26,27,28,29,30,31,32,33,34,35,36,37,38,39,40,41,42,43,44,45,46,47,48,49,50,51,52,53,54,55,56,57,58,59,60,61,62,63,64,65,66,67,68,69,70,71,72,73,74,75,76,77,78,79,80,81,82,83,84,85,86,87,88,89,90,91,92,93,94,95,96,97,98,99,100,101,102,103,104]]",26,False,False,False
order_development,g2-development-orders-02,DEVELOPMENT,50bf227f269c134cc3dc2fedd36b0e50ce071a18dbb8afcf3d306d772956d60e,cfg-b15b8281b73592fb,D-P-S,30,400,5,65,35,5,80f17e993f91963e72ef85455829459e67b09841149a16ccbe4d2afbfb737293,VERIFIED,4381,True,"[0,1,2,3,4,5,6,7,8,9,10,11,12,13,14,15,16,22,23,24,25,26,27,28,29,30,31,32,33,34,35,36,37,38,39,40,41,42,43,44,45,46,47,48,49,50,51,52,53,54,55,56,57,58,59,60,61,62,63,64,65,66,67,68,69,70,71,72,73,74,75,76,77,78,79,80,81,82,83,84,85,86,87,88,89,90,91,92,93,94,95,96,97,98,99,100]",[],[],[],True,False,False,"[[0,1,2,3,4,5,6,7,8,9,10,11,12,13,14,15,16,17,18,19,20,21,22,23,24,25,26,27,28,29,30,31,32,33,34,35,36,37,38,39,40,41,42,43,44,45,46,47,48,49,50,51,52,53,54,55,56,57,58,59,60,61,62,63,64,65,66,67,68,69,70,71,72,73,74,75,76,77,78,79,80,81,82,83,84,85,86,87,88,89,90,91,92,93,94,95,96,97,98,99,100]]","[[0,1,2,3,4,5,6,7,8,9,10,11,12,13,14,15,16,17,18,19,20,21,22,23,24,25,26,27,28,29,30,31,32,33,34,35,36,37,38,39,40,41,42,43,44,45,46,47,48,49,50,51,52,53,54,55,56,57,58,59,60,61,62,63,64,65,66,67,68,69,70,71,72,73,74,75,76,77,78,79,80,81,82,83,84,85,86,87,88,89,90,91,92,93,94,95,96,97,98,99,100]]",12,False,False,False
order_development,g2-development-orders-02,DEVELOPMENT,50bf227f269c134cc3dc2fedd36b0e50ce071a18dbb8afcf3d306d772956d60e,cfg-b15b8281b73592fb,D-P-S,30,400,5,65,35,5,80f17e993f91963e72ef85455829459e67b09841149a16ccbe4d2afbfb737293,VERIFIED,1378,True,"[0,1,2,3,4,5,6,7,8,9,10,11,12,13,14,15,16,17,18,19,20,21,31,32,33,34,35,36,37,38,39,40,42,43,44,45,46,47,48,49,50,51,52,53,54,55,56,57,58,59,60,61,62,63,64,65,66,67,68,69,70,71]",[],"[{""index"":3,""window_indices"":[2,3,4,5],""boundary_right_indices"":[5]},{""index"":4,""window_indices"":[3,4,5,6],""boundary_right_indices"":[5]},{""index"":5,""window_indices"":[4,5,6,7],""boundary_right_indices"":[5]},{""index"":17,""window_indices"":[16,17,18,19],""boundary_right_indices"":[19]},{""index"":18,""window_indices"":[17,18,19,20],""boundary_right_indices"":[19]},{""index"":19,""window_indices"":[18,19,20,21],""boundary_right_indices"":[19]},{""index"":39,""window_indices"":[38,39,40,41],""boundary_right_indices"":[41]},{""index"":40,""window_indices"":[39,40,41,42],""boundary_right_indices"":[41,42]},{""index"":41,""window_indices"":[40,41,42,43],""boundary_right_indices"":[41,42]},{""index"":42,""window_indices"":[41,42,43,44],""boundary_right_indices"":[42]}]","[4,18,19]",True,False,True,"[[0,1,2,3,4],[5,6,7,8,9,10,11,12,13,14,15,16,17,18],[19,20,21,22,23,24,25,26,27,28,29,30,31,32,33,34,35,36,37,38,39,40],[42,43,44,45,46,47,48,49,50,51,52,53,54,55,56,57,58,59,60,61,62,63,64,65,66,67,68,69,70,71,72,73,74,75,76,77,78,79]]","[[0,1,2,3,4,5,6,7,8,9,10,11,12,13,14,15,16,17,18,19,20,21,22,23,24,25,26,27,28,29,30,31,32,33,34,35,36,37,38,39,40,41,42,43,44,45,46,47,48,49,50,51,52,53,54,55,56,57,58,59,60,61,62,63,64,65,66,67,68,69,70,71,72,73,74,75,76,77,78,79]]",12,False,False,False
order_development,g2-development-orders-02,DEVELOPMENT,50bf227f269c134cc3dc2fedd36b0e50ce071a18dbb8afcf3d306d772956d60e,cfg-b15b8281b73592fb,D-P-S,30,400,5,65,35,5,80f17e993f91963e72ef85455829459e67b09841149a16ccbe4d2afbfb737293,VERIFIED,9613,True,"[0,1,2,3,4,5,6,7,8,9,10,11,21,22,23,24,25,26,27,28,29,30,31,32,33,34,35,36,37,38,39,40,41,46,47,48,49,50,51,52,53,54,55,56,57,58,59,60,61,62,63,64,65,66,67,68,69,70,78,79,80,81,82,83,84,85,86,87,88,89,90,91,92,93,94,95,96,97,98,99,100,101,102,103,104,105,106,107,108,109]",[],"[{""index"":5,""window_indices"":[4,5,6,7],""boundary_right_indices"":[7]},{""index"":6,""window_indices"":[5,6,7,8],""boundary_right_indices"":[7]},{""index"":7,""window_indices"":[6,7,8,9],""boundary_right_indices"":[7]},{""index"":10,""window_indices"":[9,10,11,12],""boundary_right_indices"":[12]},{""index"":11,""window_indices"":[10,11,12,13],""boundary_right_indices"":[12]},{""index"":12,""window_indices"":[11,12,13,14],""boundary_right_indices"":[12]},{""index"":15,""window_indices"":[14,15,16,17],""boundary_right_indices"":[17]},{""index"":16,""window_indices"":[15,16,17,18],""boundary_right_indices"":[17]},{""index"":17,""window_indices"":[16,17,18,19],""boundary_right_indices"":[17]},{""index"":19,""window_indices"":[18,19,20,21],""boundary_right_indices"":[21]},{""index"":20,""window_indices"":[19,20,21,22],""boundary_right_indices"":[21]},{""index"":21,""window_indices"":[20,21,22,23],""boundary_right_indices"":[21]},{""index"":30,""window_indices"":[29,30,31,32],""boundary_right_indices"":[32]},{""index"":31,""window_indices"":[30,31,32,33],""boundary_right_indices"":[32]},{""index"":32,""window_indices"":[31,32,33,34],""boundary_right_indices"":[32]},{""index"":35,""window_indices"":[34,35,36,37],""boundary_right_indices"":[37]},{""index"":36,""window_indices"":[35,36,37,38],""boundary_right_indices"":[37]},{""index"":37,""window_indices"":[36,37,38,39],""boundary_right_indices"":[37]},{""index"":40,""window_indices"":[39,40,41,42],""boundary_right_indices"":[42]},{""index"":41,""window_indices"":[40,41,42,43],""boundary_right_indices"":[42]},{""index"":42,""window_indices"":[41,42,43,44],""boundary_right_indices"":[42]},{""index"":44,""window_indices"":[43,44,45,46],""boundary_right_indices"":[46]},{""index"":45,""window_indices"":[44,45,46,47],""boundary_right_indices"":[46]},{""index"":46,""window_indices"":[45,46,47,48],""boundary_right_indices"":[46]},{""index"":49,""window_indices"":[48,49,50,51],""boundary_right_indices"":[51]},{""index"":50,""window_indices"":[49,50,51,52],""boundary_right_indices"":[51]},{""index"":51,""window_indices"":[50,51,52,53],""boundary_right_indices"":[51]},{""index"":54,""window_indices"":[53,54,55,56],""boundary_right_indices"":[56]},{""index"":55,""window_indices"":[54,55,56,57],""boundary_right_indices"":[56]},{""index"":56,""window_indices"":[55,56,57,58],""boundary_right_indices"":[56]},{""index"":59,""window_indices"":[58,59,60,61],""boundary_right_indices"":[61]},{""index"":60,""window_indices"":[59,60,61,62],""boundary_right_indices"":[61]},{""index"":61,""window_indices"":[60,61,62,63],""boundary_right_indices"":[61]},{""index"":64,""window_indices"":[63,64,65,66],""boundary_right_indices"":[66]},{""index"":65,""window_indices"":[64,65,66,67],""boundary_right_indices"":[66]},{""index"":66,""window_indices"":[65,66,67,68],""boundary_right_indices"":[66]},{""index"":69,""window_indices"":[68,69,70,71],""boundary_right_indices"":[71]},{""index"":70,""window_indices"":[69,70,71,72],""boundary_right_indices"":[71]},{""index"":71,""window_indices"":[70,71,72,73],""boundary_right_indices"":[71]},{""index"":81,""window_indices"":[80,81,82,83],""boundary_right_indices"":[83]},{""index"":82,""window_indices"":[81,82,83,84],""boundary_right_indices"":[83]},{""index"":83,""window_indices"":[82,83,84,85],""boundary_right_indices"":[83]},{""index"":114,""window_indices"":[113,114,115,116],""boundary_right_indices"":[116]},{""index"":115,""window_indices"":[114,115,116,117],""boundary_right_indices"":[116]},{""index"":116,""window_indices"":[115,116,117,118],""boundary_right_indices"":[116]}]","[6,7,21,31,32,36,51,55,56,60,61,82]",True,False,True,"[[0,1,2,3,4,5,6],[7,8,9,10,11],[12,13,14,15,16],[21,22,23,24,25,26,27,28,29,30,31],[32,33,34,35,36],[37,38,39,40,41],[46,47,48,49,50],[51,52,53,54,55],[56,57,58,59,60],[61,62,63,64,65],[66,67,68,69,70],[71,72,73,74,75,76,77,78,79,80,81,82],[83,84,85,86,87,88,89,90,91,92,93,94,95,96,97,98,99,100,101,102,103,104,105,106,107,108,109,110,111,112,113,114,115]]","[[0,1,2,3,4,5,6,7,8,9,10,11,12,13,14,15,16,17,18,19,20,21,22,23,24,25,26,27,28,29,30,31,32,33,34,35,36,37,38,39,40,41,42,43,44,45,46,47,48,49,50,51,52,53,54,55,56,57,58,59,60,61,62,63,64,65,66,67,68,69,70,71,72,73,74,75,76,77,78,79,80,81,82,83,84,85,86,87,88,89,90,91,92,93,94,95,96,97,98,99,100,101,102,103,104,105,106,107,108,109,110,111,112,113,114,115,116,117,118,119]]",33,False,False,False
order_development,g2-development-orders-02,DEVELOPMENT,50bf227f269c134cc3dc2fedd36b0e50ce071a18dbb8afcf3d306d772956d60e,cfg-b15b8281b73592fb,D-P-S,30,400,5,65,35,5,80f17e993f91963e72ef85455829459e67b09841149a16ccbe4d2afbfb737293,VERIFIED,1605,True,"[10,11,12,13,14,15,16,17,18,19,20,21,22,28,29,30,31,32,33,34,35,36,37,38,39,40,41,42]",[],"[{""index"":8,""window_indices"":[7,8,9,10],""boundary_right_indices"":[10]},{""index"":9,""window_indices"":[8,9,10,11],""boundary_right_indices"":[10]},{""index"":10,""window_indices"":[9,10,11,12],""boundary_right_indices"":[10]},{""index"":21,""window_indices"":[20,21,22,23],""boundary_right_indices"":[23]},{""index"":22,""window_indices"":[21,22,23,24],""boundary_right_indices"":[23]},{""index"":23,""window_indices"":[22,23,24,25],""boundary_right_indices"":[23]},{""index"":25,""window_indices"":[24,25,26,27],""boundary_right_indices"":[27]},{""index"":26,""window_indices"":[25,26,27,28],""boundary_right_indices"":[27,28]},{""index"":27,""window_indices"":[26,27,28,29],""boundary_right_indices"":[27,28]},{""index"":28,""window_indices"":[27,28,29,30],""boundary_right_indices"":[28]}]",[28],True,False,True,"[[0,1,2,3,4,5,6,7,8,9],[10,11,12,13,14,15,16,17,18,19,20,21,22],[28,29,30,31,32,33,34,35,36,37,38,39,40,41,42]]","[[0,1,2,3,4,5,6,7,8,9,10,11,12,13,14,15,16,17,18,19,20,21,22,23,24,25,26,27,28,29,30,31,32,33,34,35,36,37,38,39,40,41,42]]",14,False,False,False
order_development,g2-development-orders-02,DEVELOPMENT,50bf227f269c134cc3dc2fedd36b0e50ce071a18dbb8afcf3d306d772956d60e,cfg-b15b8281b73592fb,D-P-S,30,400,5,65,35,5,80f17e993f91963e72ef85455829459e67b09841149a16ccbe4d2afbfb737293,VERIFIED,6831,True,"[0,1,2,3,4,5,6,7,8,9,10,11,12,13,22,23,24,25,26,27,36,37,47,48,49,50,51,52,53,54,55,56,57,58,62,63,64,65,66,67,68,69,70,71,72,73,77,78,79,80,81,82,83,84,85,86,87,88,89,90,91,92,93,94]",[],"[{""index"":36,""window_indices"":[35,36,37,38],""boundary_right_indices"":[38]},{""index"":37,""window_indices"":[36,37,38,39],""boundary_right_indices"":[38]},{""index"":38,""window_indices"":[37,38,39,40],""boundary_right_indices"":[38]},{""index"":45,""window_indices"":[44,45,46,47],""boundary_right_indices"":[47]},{""index"":46,""window_indices"":[45,46,47,48],""boundary_right_indices"":[47]},{""index"":47,""window_indices"":[46,47,48,49],""boundary_right_indices"":[47]},{""index"":52,""window_indices"":[51,52,53,54],""boundary_right_indices"":[54]},{""index"":53,""window_indices"":[52,53,54,55],""boundary_right_indices"":[54]},{""index"":54,""window_indices"":[53,54,55,56],""boundary_right_indices"":[54]},{""index"":57,""window_indices"":[56,57,58,59],""boundary_right_indices"":[59]},{""index"":58,""window_indices"":[57,58,59,60],""boundary_right_indices"":[59]},{""index"":59,""window_indices"":[58,59,60,61],""boundary_right_indices"":[59]},{""index"":60,""window_indices"":[59,60,61,62],""boundary_right_indices"":[62]},{""index"":61,""window_indices"":[60,61,62,63],""boundary_right_indices"":[62]},{""index"":62,""window_indices"":[61,62,63,64],""boundary_right_indices"":[62]},{""index"":72,""window_indices"":[71,72,73,74],""boundary_right_indices"":[74]},{""index"":73,""window_indices"":[72,73,74,75],""boundary_right_indices"":[74]},{""index"":74,""window_indices"":[73,74,75,76],""boundary_right_indices"":[74]},{""index"":75,""window_indices"":[74,75,76,77],""boundary_right_indices"":[77]},{""index"":76,""window_indices"":[75,76,77,78],""boundary_right_indices"":[77]},{""index"":77,""window_indices"":[76,77,78,79],""boundary_right_indices"":[77]}]","[37,54]",True,False,True,"[[0,1,2,3,4,5,6,7,8,9,10,11,12,13,14,15,16,17,18,19,20,21,22,23,24,25,26,27,28,29,30,31,32,33,34,35,36,37],[38,39,40,41,42,43,44,45,46],[47,48,49,50,51,52,53],[54,55,56,57,58],[62,63,64,65,66,67,68,69,70,71,72,73],[77,78,79,80,81,82,83,84,85,86,87,88,89,90,91,92,93,94]]","[[0,1,2,3,4,5,6,7,8,9,10,11,12,13,14,15,16,17,18,19,20,21,22,23,24,25,26,27,28,29,30,31,32,33,34,35,36,37,38,39,40,41,42,43,44,45,46,47,48,49,50,51,52,53,54,55,56,57,58,59,60,61,62,63,64,65,66,67,68,69,70,71,72,73,74,75,76,77,78,79,80,81,82,83,84,85,86,87,88,89,90,91,92,93,94]]",33,False,False,False
order_development,g2-development-orders-02,DEVELOPMENT,50bf227f269c134cc3dc2fedd36b0e50ce071a18dbb8afcf3d306d772956d60e,cfg-b15b8281b73592fb,D-P-S,30,400,5,65,35,5,80f17e993f91963e72ef85455829459e67b09841149a16ccbe4d2afbfb737293,VERIFIED,2150,True,"[0,1,2,3,4,5,6,7,8,9,10,11,12,13,14,15,16,17,18,19,20,21,22,23,53,54,55,56,57,58,59,60,61,62,63,64,65,66,67,68,69,70,71,72,73,74,75,76,77,78,79,80,81,82,83,84,103,104,105,106,107,108,109,110,111,112,113,114,115]",[],[],[],True,False,False,"[[0,1,2,3,4,5,6,7,8,9,10,11,12,13,14,15,16,17,18,19,20,21,22,23,24,25,26,27,28,29,30,31,32,33,34,35,36,37,38,39,40,41,42,43,44,45,46,47,48,49,50,51,52,53,54,55,56,57,58,59,60,61,62,63,64,65,66,67,68,69,70,71,72,73,74,75,76,77,78,79,80,81,82,83,84,85,86,87,88,89,90,91,92,93,94,95,96,97,98,99,100,101,102,103,104,105,106,107,108,109,110,111,112,113,114,115,116,117,118,119,120,121,122,123]]","[[0,1,2,3,4,5,6,7,8,9,10,11,12,13,14,15,16,17,18,19,20,21,22,23,24,25,26,27,28,29,30,31,32,33,34,35,36,37,38,39,40,41,42,43,44,45,46,47,48,49,50,51,52,53,54,55,56,57,58,59,60,61,62,63,64,65,66,67,68,69,70,71,72,73,74,75,76,77,78,79,80,81,82,83,84,85,86,87,88,89,90,91,92,93,94,95,96,97,98,99,100,101,102,103,104,105,106,107,108,109,110,111,112,113,114,115,116,117,118,119,120,121,122,123]]",12,False,False,False
order_development,g2-development-orders-02,DEVELOPMENT,50bf227f269c134cc3dc2fedd36b0e50ce071a18dbb8afcf3d306d772956d60e,cfg-b15b8281b73592fb,D-P-S,30,400,5,65,35,5,80f17e993f91963e72ef85455829459e67b09841149a16ccbe4d2afbfb737293,VERIFIED,1076,True,"[0,1,2,3,4,5,6,7,8,9,10,11,12,13,14,15,16,17,18,19,20,21,39,40,41,42,43,44,45,46,47,48,49,50,51,52,53]",[],"[{""index"":5,""window_indices"":[4,5,6,7],""boundary_right_indices"":[7]},{""index"":6,""window_indices"":[5,6,7,8],""boundary_right_indices"":[7]},{""index"":7,""window_indices"":[6,7,8,9],""boundary_right_indices"":[7]},{""index"":10,""window_indices"":[9,10,11,12],""boundary_right_indices"":[12]},{""index"":11,""window_indices"":[10,11,12,13],""boundary_right_indices"":[12]},{""index"":12,""window_indices"":[11,12,13,14],""boundary_right_indices"":[12]},{""index"":34,""window_indices"":[33,34,35,36],""boundary_right_indices"":[36]},{""index"":35,""window_indices"":[34,35,36,37],""boundary_right_indices"":[36]},{""index"":36,""window_indices"":[35,36,37,38],""boundary_right_indices"":[36]},{""index"":37,""window_indices"":[36,37,38,39],""boundary_right_indices"":[39]},{""index"":38,""window_indices"":[37,38,39,40],""boundary_right_indices"":[39]},{""index"":39,""window_indices"":[38,39,40,41],""boundary_right_indices"":[39]},{""index"":42,""window_indices"":[41,42,43,44],""boundary_right_indices"":[44]},{""index"":43,""window_indices"":[42,43,44,45],""boundary_right_indices"":[44]},{""index"":44,""window_indices"":[43,44,45,46],""boundary_right_indices"":[44]},{""index"":47,""window_indices"":[46,47,48,49],""boundary_right_indices"":[49]},{""index"":48,""window_indices"":[47,48,49,50],""boundary_right_indices"":[49]},{""index"":49,""window_indices"":[48,49,50,51],""boundary_right_indices"":[49]},{""index"":52,""window_indices"":[51,52,53,54],""boundary_right_indices"":[54]},{""index"":53,""window_indices"":[52,53,54,55],""boundary_right_indices"":[54]},{""index"":54,""window_indices"":[53,54,55,56],""boundary_right_indices"":[54]}]","[6,7,11,12,43,48,49]",True,False,True,"[[0,1,2,3,4,5,6],[7,8,9,10,11],[12,13,14,15,16,17,18,19,20,21,22,23,24,25,26,27,28,29,30,31,32,33,34,35],[39,40,41,42,43],[44,45,46,47,48],[49,50,51,52,53]]","[[0,1,2,3,4,5,6,7,8,9,10,11,12,13,14,15,16,17,18,19,20,21,22,23,24,25,26,27,28,29,30,31,32,33,34,35,36,37,38,39,40,41,42,43,44,45,46,47,48,49,50,51,52,53,54,55,56,57]]",15,False,False,False
order_development,g2-development-orders-02,DEVELOPMENT,50bf227f269c134cc3dc2fedd36b0e50ce071a18dbb8afcf3d306d772956d60e,cfg-b15b8281b73592fb,D-P-S,30,400,5,65,35,5,80f17e993f91963e72ef85455829459e67b09841149a16ccbe4d2afbfb737293,VERIFIED,3189,True,"[0,1,2,3,4,5,6,7,8,9,10,11,12,13,14,15,22,23,24,25,26,27,28,29,30,31,32,33,34,35,36,37,38,39,40,41,42,43,44,45,46,47,48,49,50,51,52,53,54,55,56,57,58,59,60,61,62,63,64,65,66,67,68,69,70,71,72,73,74,75,76,89,90,91,92,93,94,95,96,97,98,99,100,108,109,110]",[],[],[],True,False,False,"[[0,1,2,3,4,5,6,7,8,9,10,11,12,13,14,15,16,17,18,19,20,21,22,23,24,25,26,27,28,29,30,31,32,33,34,35,36,37,38,39,40,41,42,43,44,45,46,47,48,49,50,51,52,53,54,55,56,57,58,59,60,61,62,63,64,65,66,67,68,69,70,71,72,73,74,75,76,77,78,79,80,81,82,83,84,85,86,87,88,89,90,91,92,93,94,95,96,97,98,99,100,101,102,103,104,105,106,107,108,109,110]]","[[0,1,2,3,4,5,6,7,8,9,10,11,12,13,14,15,16,17,18,19,20,21,22,23,24,25,26,27,28,29,30,31,32,33,34,35,36,37,38,39,40,41,42,43,44,45,46,47,48,49,50,51,52,53,54,55,56,57,58,59,60,61,62,63,64,65,66,67,68,69,70,71,72,73,74,75,76,77,78,79,80,81,82,83,84,85,86,87,88,89,90,91,92,93,94,95,96,97,98,99,100,101,102,103,104,105,106,107,108,109,110]]",19,False,False,False
order_development,g2-development-orders-02,DEVELOPMENT,50bf227f269c134cc3dc2fedd36b0e50ce071a18dbb8afcf3d306d772956d60e,cfg-b15b8281b73592fb,D-P-S,30,400,5,65,35,5,80f17e993f91963e72ef85455829459e67b09841149a16ccbe4d2afbfb737293,VERIFIED,8246,True,"[0,1,2,3,4,5,6,7,8,9,10,11,12,13,14,15,16,17,18,19,35,36,37,38,39,40,41,42,43,44,45,53,54,55,56,57,58,59,60,61,62,63,64,65,66,67,68,69,70,71,72,73,74,75,76,77,78,79,80,81,82,83,84,85,86,87,90,91,92,93,94,95,96,97,98,99,100,101,102,103,104,105,106,107,108,109,110,111,112]",[],"[{""index"":33,""window_indices"":[32,33,34,35],""boundary_right_indices"":[35]},{""index"":34,""window_indices"":[33,34,35,36],""boundary_right_indices"":[35]},{""index"":35,""window_indices"":[34,35,36,37],""boundary_right_indices"":[35]},{""index"":44,""window_indices"":[43,44,45,46],""boundary_right_indices"":[46]},{""index"":45,""window_indices"":[44,45,46,47],""boundary_right_indices"":[46]},{""index"":46,""window_indices"":[45,46,47,48],""boundary_right_indices"":[46]},{""index"":60,""window_indices"":[59,60,61,62],""boundary_right_indices"":[62]},{""index"":61,""window_indices"":[60,61,62,63],""boundary_right_indices"":[62]},{""index"":62,""window_indices"":[61,62,63,64],""boundary_right_indices"":[62]},{""index"":70,""window_indices"":[69,70,71,72],""boundary_right_indices"":[72]},{""index"":71,""window_indices"":[70,71,72,73],""boundary_right_indices"":[72]},{""index"":72,""window_indices"":[71,72,73,74],""boundary_right_indices"":[72]},{""index"":75,""window_indices"":[74,75,76,77],""boundary_right_indices"":[77]},{""index"":76,""window_indices"":[75,76,77,78],""boundary_right_indices"":[77]},{""index"":77,""window_indices"":[76,77,78,79],""boundary_right_indices"":[77]},{""index"":86,""window_indices"":[85,86,87,88],""boundary_right_indices"":[88]},{""index"":87,""window_indices"":[86,87,88,89],""boundary_right_indices"":[88]},{""index"":88,""window_indices"":[87,88,89,90],""boundary_right_indices"":[88,90]},{""index"":89,""window_indices"":[88,89,90,91],""boundary_right_indices"":[90]},{""index"":90,""window_indices"":[89,90,91,92],""boundary_right_indices"":[90]}]","[45,76,77,89]",True,False,True,"[[0,1,2,3,4,5,6,7,8,9,10,11,12,13,14,15,16,17,18,19,20,21,22,23,24,25,26,27,28,29,30,31,32,33,34],[35,36,37,38,39,40,41,42,43,44,45],[46,47,48,49,50,51,52,53,54,55,56,57,58,59,60,61],[62,63,64,65,66,67,68,69,70,71],[72,73,74,75,76],[77,78,79,80,81,82,83,84,85,86,87],[90,91,92,93,94,95,96,97,98,99,100,101,102,103,104,105,106,107,108,109,110,111,112]]","[[0,1,2,3,4,5,6,7,8,9,10,11,12,13,14,15,16,17,18,19,20,21,22,23,24,25,26,27,28,29,30,31,32,33,34,35,36,37,38,39,40,41,42,43,44,45,46,47,48,49,50,51,52,53,54,55,56,57,58,59,60,61,62,63,64,65,66,67,68,69,70,71,72,73,74,75,76,77,78,79,80,81,82,83,84,85,86,87,88,89,90,91,92,93,94,95,96,97,98,99,100,101,102,103,104,105,106,107,108,109,110,111,112]]",35,False,False,False
order_development,g2-development-orders-02,DEVELOPMENT,50bf227f269c134cc3dc2fedd36b0e50ce071a18dbb8afcf3d306d772956d60e,cfg-b15b8281b73592fb,D-P-S,30,400,5,65,35,5,80f17e993f91963e72ef85455829459e67b09841149a16ccbe4d2afbfb737293,VERIFIED,11017,True,"[1,2,3,4,5,6,21,22,23,24,25,26,27,28,29,30,31,32,33,34,35,36,37,38,39,40,41,42,43,44,45,46,47,48,49,50,51,52,53,54,55,56,57,58,59,60,61,62,63,64,65,66,67,68,69,70,71,72,73,74,75,76,77,78,79,80,81,82,83,84,91,92,93,94,95]",[],"[{""index"":1,""window_indices"":[0,1,2,3],""boundary_right_indices"":[1]},{""index"":5,""window_indices"":[4,5,6,7],""boundary_right_indices"":[7]},{""index"":6,""window_indices"":[5,6,7,8],""boundary_right_indices"":[7]},{""index"":7,""window_indices"":[6,7,8,9],""boundary_right_indices"":[7]},{""index"":17,""window_indices"":[16,17,18,19],""boundary_right_indices"":[19]},{""index"":18,""window_indices"":[17,18,19,20],""boundary_right_indices"":[19,20]},{""index"":19,""window_indices"":[18,19,20,21],""boundary_right_indices"":[19,20,21]},{""index"":20,""window_indices"":[19,20,21,22],""boundary_right_indices"":[20,21]},{""index"":21,""window_indices"":[20,21,22,23],""boundary_right_indices"":[21]},{""index"":33,""window_indices"":[32,33,34,35],""boundary_right_indices"":[35]},{""index"":34,""window_indices"":[33,34,35,36],""boundary_right_indices"":[35]},{""index"":35,""window_indices"":[34,35,36,37],""boundary_right_indices"":[35]},{""index"":44,""window_indices"":[43,44,45,46],""boundary_right_indices"":[46]},{""index"":45,""window_indices"":[44,45,46,47],""boundary_right_indices"":[46]},{""index"":46,""window_indices"":[45,46,47,48],""boundary_right_indices"":[46]},{""index"":54,""window_indices"":[53,54,55,56],""boundary_right_indices"":[56]},{""index"":55,""window_indices"":[54,55,56,57],""boundary_right_indices"":[56]},{""index"":56,""window_indices"":[55,56,57,58],""boundary_right_indices"":[56]},{""index"":59,""window_indices"":[58,59,60,61],""boundary_right_indices"":[61]},{""index"":60,""window_indices"":[59,60,61,62],""boundary_right_indices"":[61]},{""index"":61,""window_indices"":[60,61,62,63],""boundary_right_indices"":[61]},{""index"":73,""window_indices"":[72,73,74,75],""boundary_right_indices"":[75]},{""index"":74,""window_indices"":[73,74,75,76],""boundary_right_indices"":[75]},{""index"":75,""window_indices"":[74,75,76,77],""boundary_right_indices"":[75]},{""index"":78,""window_indices"":[77,78,79,80],""boundary_right_indices"":[80]},{""index"":79,""window_indices"":[78,79,80,81],""boundary_right_indices"":[80]},{""index"":80,""window_indices"":[79,80,81,82],""boundary_right_indices"":[80]},{""index"":83,""window_indices"":[82,83,84,85],""boundary_right_indices"":[85]},{""index"":84,""window_indices"":[83,84,85,86],""boundary_right_indices"":[85]},{""index"":85,""window_indices"":[84,85,86,87],""boundary_right_indices"":[85,87]},{""index"":86,""window_indices"":[85,86,87,88],""boundary_right_indices"":[87]},{""index"":87,""window_indices"":[86,87,88,89],""boundary_right_indices"":[87,89]},{""index"":88,""window_indices"":[87,88,89,90],""boundary_right_indices"":[89]},{""index"":89,""window_indices"":[88,89,90,91],""boundary_right_indices"":[89,91]},{""index"":90,""window_indices"":[89,90,91,92],""boundary_right_indices"":[91]},{""index"":91,""window_indices"":[90,91,92,93],""boundary_right_indices"":[91]},{""index"":94,""window_indices"":[93,94,95,96],""boundary_right_indices"":[96]},{""index"":95,""window_indices"":[94,95,96,97],""boundary_right_indices"":[96]},{""index"":96,""window_indices"":[95,96,97,98],""boundary_right_indices"":[96]}]","[6,21,34,35,45,46,60,61,74,75,79,80,84,86]",True,False,True,"[[1,2,3,4,5,6],[7,8,9,10,11,12,13,14,15,16,17,18],[21,22,23,24,25,26,27,28,29,30,31,32,33,34],[35,36,37,38,39,40,41,42,43,44,45],[46,47,48,49,50,51,52,53,54,55],[56,57,58,59,60],[61,62,63,64,65,66,67,68,69,70,71,72,73,74],[75,76,77,78,79],[80,81,82,83,84],[91,92,93,94,95]]","[[0,1,2,3,4,5,6,7,8,9,10,11,12,13,14,15,16,17,18,19,20,21,22,23,24,25,26,27,28,29,30,31,32,33,34,35,36,37,38,39,40,41,42,43,44,45,46,47,48,49,50,51,52,53,54,55,56,57,58,59,60,61,62,63,64,65,66,67,68,69,70,71,72,73,74,75,76,77,78,79,80,81,82,83,84,85,86,87,88,89,90,91,92,93,94,95,96,97,98]]",38,False,False,False
order_development,g2-development-orders-02,DEVELOPMENT,50bf227f269c134cc3dc2fedd36b0e50ce071a18dbb8afcf3d306d772956d60e,cfg-b15b8281b73592fb,D-P-S,30,400,5,65,35,5,80f17e993f91963e72ef85455829459e67b09841149a16ccbe4d2afbfb737293,VERIFIED,3680,True,"[1,2,3,4,5,6,7,8,9,10,11,12,13,14,15,16,17,18,19,20,21,22,23,24,25,26,27,28,45,49,50,51,52]","[{""segment_id"":""record:3680/S6"",""from_index"":44,""to_index"":53,""crossed_boundary_right_indices"":[46,47,48,49]}]","[{""index"":1,""window_indices"":[0,1,2,3],""boundary_right_indices"":[1]},{""index"":17,""window_indices"":[16,17,18,19],""boundary_right_indices"":[19]},{""index"":18,""window_indices"":[17,18,19,20],""boundary_right_indices"":[19]},{""index"":19,""window_indices"":[18,19,20,21],""boundary_right_indices"":[19]},{""index"":44,""window_indices"":[43,44,45,46],""boundary_right_indices"":[46]},{""index"":45,""window_indices"":[44,45,46,47],""boundary_right_indices"":[46,47]},{""index"":46,""window_indices"":[45,46,47,48],""boundary_right_indices"":[46,47,48]},{""index"":47,""window_indices"":[46,47,48,49],""boundary_right_indices"":[47,48,49]},{""index"":48,""window_indices"":[47,48,49,50],""boundary_right_indices"":[48,49]},{""index"":49,""window_indices"":[48,49,50,51],""boundary_right_indices"":[49]}]","[19,49]",True,False,True,"[[1,2,3,4,5,6,7,8,9,10,11,12,13,14,15,16,17,18],[19,20,21,22,23,24,25,26,27,28,29,30,31,32,33,34,35,36,37,38,39,40,41,42,43,44,45],[49,50,51,52,53,54,55,56,57,58,59,60,61,62,63,64,65]]","[[0,1,2,3,4,5,6,7,8,9,10,11,12,13,14,15,16,17,18,19,20,21,22,23,24,25,26,27,28,29,30,31,32,33,34,35,36,37,38,39,40,41,42,43,44,45,46,47,48,49,50,51,52,53,54,55,56,57,58,59,60,61,62,63,64,65]]",9,False,False,False
order_development,g2-development-orders-02,DEVELOPMENT,50bf227f269c134cc3dc2fedd36b0e50ce071a18dbb8afcf3d306d772956d60e,cfg-b15b8281b73592fb,D-P-S,30,400,5,65,35,5,80f17e993f91963e72ef85455829459e67b09841149a16ccbe4d2afbfb737293,VERIFIED,6412,True,"[0,1,2,3,4,5,6,7,8,9,17,18,19,36,37,38,39,40,41,42,43,44,45,51,52,63,64,65,66,67,68,69,70,71,72,84,85,86,87,88,89,90,91]",[],"[{""index"":8,""window_indices"":[7,8,9,10],""boundary_right_indices"":[10]},{""index"":9,""window_indices"":[8,9,10,11],""boundary_right_indices"":[10,11]},{""index"":10,""window_indices"":[9,10,11,12],""boundary_right_indices"":[10,11]},{""index"":11,""window_indices"":[10,11,12,13],""boundary_right_indices"":[11]},{""index"":25,""window_indices"":[24,25,26,27],""boundary_right_indices"":[27]},{""index"":26,""window_indices"":[25,26,27,28],""boundary_right_indices"":[27]},{""index"":27,""window_indices"":[26,27,28,29],""boundary_right_indices"":[27]}]",[9],True,False,True,"[[0,1,2,3,4,5,6,7,8,9],[11,12,13,14,15,16,17,18,19,20,21,22,23,24,25,26],[27,28,29,30,31,32,33,34,35,36,37,38,39,40,41,42,43,44,45,46,47,48,49,50,51,52,53,54,55,56,57,58,59,60,61,62,63,64,65,66,67,68,69,70,71,72,73,74,75,76,77,78,79,80,81,82,83,84,85,86,87,88,89,90,91,92,93,94,95,96,97]]","[[0,1,2,3,4,5,6,7,8,9,10,11,12,13,14,15,16,17,18,19,20,21,22,23,24,25,26,27,28,29,30,31,32,33,34,35,36,37,38,39,40,41,42,43,44,45,46,47,48,49,50,51,52,53,54,55,56,57,58,59,60,61,62,63,64,65,66,67,68,69,70,71,72,73,74,75,76,77,78,79,80,81,82,83,84,85,86,87,88,89,90,91,92,93,94,95,96,97]]",10,False,False,False
order_development,g2-development-orders-02,DEVELOPMENT,50bf227f269c134cc3dc2fedd36b0e50ce071a18dbb8afcf3d306d772956d60e,cfg-b15b8281b73592fb,D-P-S,30,400,5,65,35,5,80f17e993f91963e72ef85455829459e67b09841149a16ccbe4d2afbfb737293,VERIFIED,2069,True,"[18,19,20,21,22,23,24,25,26,27,28,29,30,31,32,33,34,35,36,37,38,39,40,41,42,43,44,45,46,47,58,59,60,61,62,63,64,65,66,67,68,69,70,71,72,73,74,75,76,77,78,79,80,81,82,83,84,85,94,95,96,97,98,99,100,101,102,103,104,105,106,107,108]",[],[],[],True,False,False,"[[0,1,2,3,4,5,6,7,8,9,10,11,12,13,14,15,16,17,18,19,20,21,22,23,24,25,26,27,28,29,30,31,32,33,34,35,36,37,38,39,40,41,42,43,44,45,46,47,48,49,50,51,52,53,54,55,56,57,58,59,60,61,62,63,64,65,66,67,68,69,70,71,72,73,74,75,76,77,78,79,80,81,82,83,84,85,86,87,88,89,90,91,92,93,94,95,96,97,98,99,100,101,102,103,104,105,106,107,108]]","[[0,1,2,3,4,5,6,7,8,9,10,11,12,13,14,15,16,17,18,19,20,21,22,23,24,25,26,27,28,29,30,31,32,33,34,35,36,37,38,39,40,41,42,43,44,45,46,47,48,49,50,51,52,53,54,55,56,57,58,59,60,61,62,63,64,65,66,67,68,69,70,71,72,73,74,75,76,77,78,79,80,81,82,83,84,85,86,87,88,89,90,91,92,93,94,95,96,97,98,99,100,101,102,103,104,105,106,107,108]]",19,False,False,False
order_development,g2-development-orders-02,DEVELOPMENT,50bf227f269c134cc3dc2fedd36b0e50ce071a18dbb8afcf3d306d772956d60e,cfg-b15b8281b73592fb,D-P-S,30,400,5,65,35,5,80f17e993f91963e72ef85455829459e67b09841149a16ccbe4d2afbfb737293,VERIFIED,6596,True,"[0,1,2,3,4,5,6,7,8,9,10,11,12,13,14,15,16,17,18,19,20,21,22,23,24,25,26,27,28,29,30,31,32,33,34,35,36,37,38,39,40,41,42,43,44,45,46,47,48,49,50,51,52,53,54,55,56,57,58,59,60,61,62,63,64,65,66,67,68,69,70,71,72,73,74,75,76,77,78,79,80,81,82,83,84,85,86,87,88,89,90,91,92,93,94,95,96,97,98,99,100,101,102,103,104]",[],"[{""index"":18,""window_indices"":[17,18,19,20],""boundary_right_indices"":[20]},{""index"":19,""window_indices"":[18,19,20,21],""boundary_right_indices"":[20]},{""index"":20,""window_indices"":[19,20,21,22],""boundary_right_indices"":[20]}]","[19,20]",True,False,True,"[[0,1,2,3,4,5,6,7,8,9,10,11,12,13,14,15,16,17,18,19],[20,21,22,23,24,25,26,27,28,29,30,31,32,33,34,35,36,37,38,39,40,41,42,43,44,45,46,47,48,49,50,51,52,53,54,55,56,57,58,59,60,61,62,63,64,65,66,67,68,69,70,71,72,73,74,75,76,77,78,79,80,81,82,83,84,85,86,87,88,89,90,91,92,93,94,95,96,97,98,99,100,101,102,103,104]]","[[0,1,2,3,4,5,6,7,8,9,10,11,12,13,14,15,16,17,18,19,20,21,22,23,24,25,26,27,28,29,30,31,32,33,34,35,36,37,38,39,40,41,42,43,44,45,46,47,48,49,50,51,52,53,54,55,56,57,58,59,60,61,62,63,64,65,66,67,68,69,70,71,72,73,74,75,76,77,78,79,80,81,82,83,84,85,86,87,88,89,90,91,92,93,94,95,96,97,98,99,100,101,102,103,104]]",22,False,True,False
order_development,g2-development-orders-02,DEVELOPMENT,50bf227f269c134cc3dc2fedd36b0e50ce071a18dbb8afcf3d306d772956d60e,cfg-b15b8281b73592fb,D-P-S,30,400,5,65,35,5,80f17e993f91963e72ef85455829459e67b09841149a16ccbe4d2afbfb737293,VERIFIED,5027,True,"[0,1,2,3,4,5,6,7,8,9,10,11,12,13,14,15,16,27,28,29,30,31,32,33,34,35,36,37,38,39,40,41,42,43,44,45,46,47,48,49,50,51,52,53,54,55,56,57,58,59,60,61,62,63,64,65,66,67,68,69,83,84,85,86]",[],"[{""index"":28,""window_indices"":[27,28,29,30],""boundary_right_indices"":[30]},{""index"":29,""window_indices"":[28,29,30,31],""boundary_right_indices"":[30]},{""index"":30,""window_indices"":[29,30,31,32],""boundary_right_indices"":[30]},{""index"":99,""window_indices"":[98,99,100,101],""boundary_right_indices"":[101]},{""index"":100,""window_indices"":[99,100,101,102],""boundary_right_indices"":[101]},{""index"":101,""window_indices"":[100,101,102,103],""boundary_right_indices"":[101]}]",[30],True,False,True,"[[0,1,2,3,4,5,6,7,8,9,10,11,12,13,14,15,16,17,18,19,20,21,22,23,24,25,26,27,28,29],[30,31,32,33,34,35,36,37,38,39,40,41,42,43,44,45,46,47,48,49,50,51,52,53,54,55,56,57,58,59,60,61,62,63,64,65,66,67,68,69,70,71,72,73,74,75,76,77,78,79,80,81,82,83,84,85,86,87,88,89,90,91,92,93,94,95,96,97,98,99,100]]","[[0,1,2,3,4,5,6,7,8,9,10,11,12,13,14,15,16,17,18,19,20,21,22,23,24,25,26,27,28,29,30,31,32,33,34,35,36,37,38,39,40,41,42,43,44,45,46,47,48,49,50,51,52,53,54,55,56,57,58,59,60,61,62,63,64,65,66,67,68,69,70,71,72,73,74,75,76,77,78,79,80,81,82,83,84,85,86,87,88,89,90,91,92,93,94,95,96,97,98,99,100,101,102,103]]",22,False,False,False
order_development,g2-development-orders-02,DEVELOPMENT,50bf227f269c134cc3dc2fedd36b0e50ce071a18dbb8afcf3d306d772956d60e,cfg-b15b8281b73592fb,D-P-S,30,400,5,65,35,5,80f17e993f91963e72ef85455829459e67b09841149a16ccbe4d2afbfb737293,VERIFIED,10155,True,"[0,1,2,3,4,5,6,7,8,9,10,11,12,13,14,15,16,17,18,19,20,21,22,23,24,25,26,27,28,29,30,31,32,33,34,35,36,37,38,39,40,41,42,43,44,45,46,47,48,49,50,51,52,53,54,55,56,57,58,59,60,61,62,63,64,65,66,67,68,69,70,71,72,73,74,75,76,77,78,79,80,81,82,83,90,91,92,93,94,95,96,97,98,99,100,101,102,103,104]",[],"[{""index"":94,""window_indices"":[93,94,95,96],""boundary_right_indices"":[96]},{""index"":95,""window_indices"":[94,95,96,97],""boundary_right_indices"":[96]},{""index"":96,""window_indices"":[95,96,97,98],""boundary_right_indices"":[96]}]",[95],True,False,True,"[[0,1,2,3,4,5,6,7,8,9,10,11,12,13,14,15,16,17,18,19,20,21,22,23,24,25,26,27,28,29,30,31,32,33,34,35,36,37,38,39,40,41,42,43,44,45,46,47,48,49,50,51,52,53,54,55,56,57,58,59,60,61,62,63,64,65,66,67,68,69,70,71,72,73,74,75,76,77,78,79,80,81,82,83,84,85,86,87,88,89,90,91,92,93,94,95],[96,97,98,99,100,101,102,103,104]]","[[0,1,2,3,4,5,6,7,8,9,10,11,12,13,14,15,16,17,18,19,20,21,22,23,24,25,26,27,28,29,30,31,32,33,34,35,36,37,38,39,40,41,42,43,44,45,46,47,48,49,50,51,52,53,54,55,56,57,58,59,60,61,62,63,64,65,66,67,68,69,70,71,72,73,74,75,76,77,78,79,80,81,82,83,84,85,86,87,88,89,90,91,92,93,94,95,96,97,98,99,100,101,102,103,104]]",19,False,False,False
order_development,g2-development-orders-02,DEVELOPMENT,50bf227f269c134cc3dc2fedd36b0e50ce071a18dbb8afcf3d306d772956d60e,cfg-b15b8281b73592fb,D-P-S,30,400,5,65,35,5,80f17e993f91963e72ef85455829459e67b09841149a16ccbe4d2afbfb737293,VERIFIED,2759,True,"[0,1,2,3,4,5,6,7,8,9,10,11,12,13,14,15,16,17,18,19,20,21,22,23,24,25,26,27,28,29,30,31,32,33,34,35,36,37,38,39,40,41,42,43,44,45,46,47,48,49,50,51,52,53,54,55,56,57,58,59,60,61,62,63,64,65,66,67,68,69,70,71,72,73,74,75,76,77,78,79,80,81,82,90,91,92,93,94,95,96,97,98,99,100,101,102,103,104,105,106,107,108,109,110,111,112,113,114]",[],"[{""index"":5,""window_indices"":[4,5,6,7],""boundary_right_indices"":[7]},{""index"":6,""window_indices"":[5,6,7,8],""boundary_right_indices"":[7]},{""index"":7,""window_indices"":[6,7,8,9],""boundary_right_indices"":[7]}]",[6],True,False,True,"[[0,1,2,3,4,5,6],[7,8,9,10,11,12,13,14,15,16,17,18,19,20,21,22,23,24,25,26,27,28,29,30,31,32,33,34,35,36,37,38,39,40,41,42,43,44,45,46,47,48,49,50,51,52,53,54,55,56,57,58,59,60,61,62,63,64,65,66,67,68,69,70,71,72,73,74,75,76,77,78,79,80,81,82,83,84,85,86,87,88,89,90,91,92,93,94,95,96,97,98,99,100,101,102,103,104,105,106,107,108,109,110,111,112,113,114]]","[[0,1,2,3,4,5,6,7,8,9,10,11,12,13,14,15,16,17,18,19,20,21,22,23,24,25,26,27,28,29,30,31,32,33,34,35,36,37,38,39,40,41,42,43,44,45,46,47,48,49,50,51,52,53,54,55,56,57,58,59,60,61,62,63,64,65,66,67,68,69,70,71,72,73,74,75,76,77,78,79,80,81,82,83,84,85,86,87,88,89,90,91,92,93,94,95,96,97,98,99,100,101,102,103,104,105,106,107,108,109,110,111,112,113,114]]",23,False,False,False
order_development,g2-development-orders-02,DEVELOPMENT,50bf227f269c134cc3dc2fedd36b0e50ce071a18dbb8afcf3d306d772956d60e,cfg-b15b8281b73592fb,D-P-S,30,400,5,65,35,5,80f17e993f91963e72ef85455829459e67b09841149a16ccbe4d2afbfb737293,VERIFIED,5366,True,"[0,1,2,3,4,5,6,7,8,9,10,11,12,13,14,15,16,17,18,19,20,21,22,23,24,25,26,27,28,29,30,31,32,33,34,35,36,44,45,46,47,48,49,50,51,52,53,54,55,56,57,58,59,60,61,62,63,64,65,66,67,68,69,70,71,72,73,74,75,76,77,86,87,88,89,90,91,92,93,94,95,96,97,98,111,112,113,114,115,116,117,118,119,120,121,122,123,124,125,126,127,128,129]",[],[],[],True,False,False,"[[0,1,2,3,4,5,6,7,8,9,10,11,12,13,14,15,16,17,18,19,20,21,22,23,24,25,26,27,28,29,30,31,32,33,34,35,36,37,38,39,40,41,42,43,44,45,46,47,48,49,50,51,52,53,54,55,56,57,58,59,60,61,62,63,64,65,66,67,68,69,70,71,72,73,74,75,76,77,78,79,80,81,82,83,84,85,86,87,88,89,90,91,92,93,94,95,96,97,98,99,100,101,102,103,104,105,106,107,108,109,110,111,112,113,114,115,116,117,118,119,120,121,122,123,124,125,126,127,128,129]]","[[0,1,2,3,4,5,6,7,8,9,10,11,12,13,14,15,16,17,18,19,20,21,22,23,24,25,26,27,28,29,30,31,32,33,34,35,36,37,38,39,40,41,42,43,44,45,46,47,48,49,50,51,52,53,54,55,56,57,58,59,60,61,62,63,64,65,66,67,68,69,70,71,72,73,74,75,76,77,78,79,80,81,82,83,84,85,86,87,88,89,90,91,92,93,94,95,96,97,98,99,100,101,102,103,104,105,106,107,108,109,110,111,112,113,114,115,116,117,118,119,120,121,122,123,124,125,126,127,128,129]]",29,False,False,False
order_development,g2-development-orders-02,DEVELOPMENT,50bf227f269c134cc3dc2fedd36b0e50ce071a18dbb8afcf3d306d772956d60e,cfg-b15b8281b73592fb,D-P-S,30,400,5,65,35,5,80f17e993f91963e72ef85455829459e67b09841149a16ccbe4d2afbfb737293,VERIFIED,2668,True,"[0,1,2,3,4,5,6,7,8,9,10,11,12,13,14,15,16,17,18,19,20,21,22,23,24,25,26,27,28,29,30,31,32,33,34,35,36,37,38,39,40,41,42,43,44,45,46,47,48,49,50,51,52,53,54,55,56,57,58,59,60,61,62,63,64,65,66,67,68,69,70,71,72,73,74,75,76,77,78,79,80,81,82,83,84,97,98,99,100,101,102,103]",[],"[{""index"":48,""window_indices"":[47,48,49,50],""boundary_right_indices"":[50]},{""index"":49,""window_indices"":[48,49,50,51],""boundary_right_indices"":[50]},{""index"":50,""window_indices"":[49,50,51,52],""boundary_right_indices"":[50]},{""index"":53,""window_indices"":[52,53,54,55],""boundary_right_indices"":[55]},{""index"":54,""window_indices"":[53,54,55,56],""boundary_right_indices"":[55]},{""index"":55,""window_indices"":[54,55,56,57],""boundary_right_indices"":[55]},{""index"":58,""window_indices"":[57,58,59,60],""boundary_right_indices"":[60]},{""index"":59,""window_indices"":[58,59,60,61],""boundary_right_indices"":[60]},{""index"":60,""window_indices"":[59,60,61,62],""boundary_right_indices"":[60]},{""index"":63,""window_indices"":[62,63,64,65],""boundary_right_indices"":[65]},{""index"":64,""window_indices"":[63,64,65,66],""boundary_right_indices"":[65]},{""index"":65,""window_indices"":[64,65,66,67],""boundary_right_indices"":[65]},{""index"":68,""window_indices"":[67,68,69,70],""boundary_right_indices"":[70]},{""index"":69,""window_indices"":[68,69,70,71],""boundary_right_indices"":[70]},{""index"":70,""window_indices"":[69,70,71,72],""boundary_right_indices"":[70]},{""index"":73,""window_indices"":[72,73,74,75],""boundary_right_indices"":[75]},{""index"":74,""window_indices"":[73,74,75,76],""boundary_right_indices"":[75]},{""index"":75,""window_indices"":[74,75,76,77],""boundary_right_indices"":[75]},{""index"":78,""window_indices"":[77,78,79,80],""boundary_right_indices"":[80]},{""index"":79,""window_indices"":[78,79,80,81],""boundary_right_indices"":[80]},{""index"":80,""window_indices"":[79,80,81,82],""boundary_right_indices"":[80]}]","[49,50,55,60,74,75,79]",True,False,True,"[[0,1,2,3,4,5,6,7,8,9,10,11,12,13,14,15,16,17,18,19,20,21,22,23,24,25,26,27,28,29,30,31,32,33,34,35,36,37,38,39,40,41,42,43,44,45,46,47,48,49],[50,51,52,53,54],[55,56,57,58,59],[60,61,62,63,64],[65,66,67,68,69],[70,71,72,73,74],[75,76,77,78,79],[80,81,82,83,84,85,86,87,88,89,90,91,92,93,94,95,96,97,98,99,100,101,102,103]]","[[0,1,2,3,4,5,6,7,8,9,10,11,12,13,14,15,16,17,18,19,20,21,22,23,24,25,26,27,28,29,30,31,32,33,34,35,36,37,38,39,40,41,42,43,44,45,46,47,48,49,50,51,52,53,54,55,56,57,58,59,60,61,62,63,64,65,66,67,68,69,70,71,72,73,74,75,76,77,78,79,80,81,82,83,84,85,86,87,88,89,90,91,92,93,94,95,96,97,98,99,100,101,102,103]]",24,False,False,False
order_development,g2-development-orders-02,DEVELOPMENT,50bf227f269c134cc3dc2fedd36b0e50ce071a18dbb8afcf3d306d772956d60e,cfg-b15b8281b73592fb,D-P-S,30,400,5,65,35,5,80f17e993f91963e72ef85455829459e67b09841149a16ccbe4d2afbfb737293,VERIFIED,5256,True,"[8,9,20,21,22,23,24,25,26,27,28,29,30,31,32,33,34,35,36,37,38,39,40,41,42,43,44,45,46,47,48,49,50,51,52,53,54,55,56,57,58,59,60,61,62,63,64,65,66,67,68,69,70,71,84,85,86,87,88,89,90,91,92,93,94,95,96,97,98,99,100,101,102,103,104,105,106,107,108,109,110,111,112,113]",[],"[{""index"":57,""window_indices"":[56,57,58,59],""boundary_right_indices"":[59]},{""index"":58,""window_indices"":[57,58,59,60],""boundary_right_indices"":[59]},{""index"":59,""window_indices"":[58,59,60,61],""boundary_right_indices"":[59]}]",[],True,False,True,"[[0,1,2,3,4,5,6,7,8,9,10,11,12,13,14,15,16,17,18,19,20,21,22,23,24,25,26,27,28,29,30,31,32,33,34,35,36,37,38,39,40,41,42,43,44,45,46,47,48,49,50,51,52,53,54,55,56,57,58],[59,60,61,62,63,64,65,66,67,68,69,70,71,72,73,74,75,76,77,78,79,80,81,82,83,84,85,86,87,88,89,90,91,92,93,94,95,96,97,98,99,100,101,102,103,104,105,106,107,108,109,110,111,112,113]]","[[0,1,2,3,4,5,6,7,8,9,10,11,12,13,14,15,16,17,18,19,20,21,22,23,24,25,26,27,28,29,30,31,32,33,34,35,36,37,38,39,40,41,42,43,44,45,46,47,48,49,50,51,52,53,54,55,56,57,58,59,60,61,62,63,64,65,66,67,68,69,70,71,72,73,74,75,76,77,78,79,80,81,82,83,84,85,86,87,88,89,90,91,92,93,94,95,96,97,98,99,100,101,102,103,104,105,106,107,108,109,110,111,112,113]]",16,False,False,False
order_development,g2-development-orders-02,DEVELOPMENT,50bf227f269c134cc3dc2fedd36b0e50ce071a18dbb8afcf3d306d772956d60e,cfg-b15b8281b73592fb,D-P-S,30,400,5,65,35,5,80f17e993f91963e72ef85455829459e67b09841149a16ccbe4d2afbfb737293,VERIFIED,3186,True,"[0,1,2,3,4,5,6,7,8,9,10,11,12,13,14,15,16,17,18,19,20,21,22,23,24,35,45,46,47,48,49,50,51,52,53,54,55,56,57,58,59,60,61,62,63,64,65,66,67,68,100,101,102,103,104,105,106,107,108,109,110,111,112,113,114,115,116,117,118,119,120,121,122,123,124]",[],"[{""index"":19,""window_indices"":[18,19,20,21],""boundary_right_indices"":[21]},{""index"":20,""window_indices"":[19,20,21,22],""boundary_right_indices"":[21]},{""index"":21,""window_indices"":[20,21,22,23],""boundary_right_indices"":[21]}]",[],True,False,True,"[[0,1,2,3,4,5,6,7,8,9,10,11,12,13,14,15,16,17,18,19,20],[21,22,23,24,25,26,27,28,29,30,31,32,33,34,35,36,37,38,39,40,41,42,43,44,45,46,47,48,49,50,51,52,53,54,55,56,57,58,59,60,61,62,63,64,65,66,67,68,69,70,71,72,73,74,75,76,77,78,79,80,81,82,83,84,85,86,87,88,89,90,91,92,93,94,95,96,97,98,99,100,101,102,103,104,105,106,107,108,109,110,111,112,113,114,115,116,117,118,119,120,121,122,123,124]]","[[0,1,2,3,4,5,6,7,8,9,10,11,12,13,14,15,16,17,18,19,20,21,22,23,24,25,26,27,28,29,30,31,32,33,34,35,36,37,38,39,40,41,42,43,44,45,46,47,48,49,50,51,52,53,54,55,56,57,58,59,60,61,62,63,64,65,66,67,68,69,70,71,72,73,74,75,76,77,78,79,80,81,82,83,84,85,86,87,88,89,90,91,92,93,94,95,96,97,98,99,100,101,102,103,104,105,106,107,108,109,110,111,112,113,114,115,116,117,118,119,120,121,122,123,124]]",18,False,False,False
order_development,g2-development-orders-02,DEVELOPMENT,50bf227f269c134cc3dc2fedd36b0e50ce071a18dbb8afcf3d306d772956d60e,cfg-b15b8281b73592fb,D-P-S,30,400,5,65,35,5,80f17e993f91963e72ef85455829459e67b09841149a16ccbe4d2afbfb737293,VERIFIED,4915,True,"[0,1,2,3,4,5,6,7,8,9,10,11,12,13,14,15,16,17,18,19,20,21,22,23,24,25,26,27,28,29,30,31,32,33,34,35,44,62,63,64,65,66,67,68,69,70,71,72,73,74,75,76,77,78,79,80,81,88,89,90,91,92,93,102,103,104]",[],"[{""index"":41,""window_indices"":[40,41,42,43],""boundary_right_indices"":[43]},{""index"":42,""window_indices"":[41,42,43,44],""boundary_right_indices"":[43,44]},{""index"":43,""window_indices"":[42,43,44,45],""boundary_right_indices"":[43,44]},{""index"":44,""window_indices"":[43,44,45,46],""boundary_right_indices"":[44]}]",[44],True,False,True,"[[0,1,2,3,4,5,6,7,8,9,10,11,12,13,14,15,16,17,18,19,20,21,22,23,24,25,26,27,28,29,30,31,32,33,34,35,36,37,38,39,40,41,42],[44,45,46,47,48,49,50,51,52,53,54,55,56,57,58,59,60,61,62,63,64,65,66,67,68,69,70,71,72,73,74,75,76,77,78,79,80,81,82,83,84,85,86,87,88,89,90,91,92,93,94,95,96,97,98,99,100,101,102,103,104]]","[[0,1,2,3,4,5,6,7,8,9,10,11,12,13,14,15,16,17,18,19,20,21,22,23,24,25,26,27,28,29,30,31,32,33,34,35,36,37,38,39,40,41,42,43,44,45,46,47,48,49,50,51,52,53,54,55,56,57,58,59,60,61,62,63,64,65,66,67,68,69,70,71,72,73,74,75,76,77,78,79,80,81,82,83,84,85,86,87,88,89,90,91,92,93,94,95,96,97,98,99,100,101,102,103,104]]",23,False,False,False
order_development,g2-development-orders-02,DEVELOPMENT,50bf227f269c134cc3dc2fedd36b0e50ce071a18dbb8afcf3d306d772956d60e,cfg-b15b8281b73592fb,D-P-S,30,400,5,65,35,5,80f17e993f91963e72ef85455829459e67b09841149a16ccbe4d2afbfb737293,VERIFIED,5707,True,"[0,1,2,3,4,5,6,7,8,9,10,11,12,13,14,15,16,17,18,19,20,21,22,23,24,25,26,27,28,29,30,31,32,33,34,35,36,37,38,39,40,41,42,43,44,45,46,53,54,55,56,57,58,59,60,61,62,63,64,65,66,67,68,69,70,71,72,73,74,75,76,77,78,79,80,81,82,83,84,85,86,87,88,89,90,91,92,93,94,95,96,97,98,99,100,101]",[],"[{""index"":45,""window_indices"":[44,45,46,47],""boundary_right_indices"":[47]},{""index"":46,""window_indices"":[45,46,47,48],""boundary_right_indices"":[47]},{""index"":47,""window_indices"":[46,47,48,49],""boundary_right_indices"":[47]},{""index"":49,""window_indices"":[48,49,50,51],""boundary_right_indices"":[51]},{""index"":50,""window_indices"":[49,50,51,52],""boundary_right_indices"":[51,52]},{""index"":51,""window_indices"":[50,51,52,53],""boundary_right_indices"":[51,52,53]},{""index"":52,""window_indices"":[51,52,53,54],""boundary_right_indices"":[52,53]},{""index"":53,""window_indices"":[52,53,54,55],""boundary_right_indices"":[53]}]","[46,47]",True,False,True,"[[0,1,2,3,4,5,6,7,8,9,10,11,12,13,14,15,16,17,18,19,20,21,22,23,24,25,26,27,28,29,30,31,32,33,34,35,36,37,38,39,40,41,42,43,44,45,46],[53,54,55,56,57,58,59,60,61,62,63,64,65,66,67,68,69,70,71,72,73,74,75,76,77,78,79,80,81,82,83,84,85,86,87,88,89,90,91,92,93,94,95,96,97,98,99,100,101]]","[[0,1,2,3,4,5,6,7,8,9,10,11,12,13,14,15,16,17,18,19,20,21,22,23,24,25,26,27,28,29,30,31,32,33,34,35,36,37,38,39,40,41,42,43,44,45,46,47,48,49,50,51,52,53,54,55,56,57,58,59,60,61,62,63,64,65,66,67,68,69,70,71,72,73,74,75,76,77,78,79,80,81,82,83,84,85,86,87,88,89,90,91,92,93,94,95,96,97,98,99,100,101]]",24,False,True,False
order_development,g2-development-orders-02,DEVELOPMENT,50bf227f269c134cc3dc2fedd36b0e50ce071a18dbb8afcf3d306d772956d60e,cfg-b15b8281b73592fb,D-P-S,30,400,5,65,35,5,80f17e993f91963e72ef85455829459e67b09841149a16ccbe4d2afbfb737293,VERIFIED,1718,True,"[0,1,2,3,4,5,6,7,8,9,10,11,12,13,14,15,16,17,18,19,20,21,22,23,24,25,26,27,28,29,30,31,32,33,34,35,36,37,38,39,40,41,42,43,44,45,46,47,48,49,50,51,52,53,54,55,56,57,58,59,60,61,62,63,64,65,66,67,68,69,70,71,72,73,74,75,76,77,78,79,80,81,82,83,84,85,86,87,88,89,90,91,92,93,94,95,96,97,98,99,100,101,102]",[],[],[],True,False,False,"[[0,1,2,3,4,5,6,7,8,9,10,11,12,13,14,15,16,17,18,19,20,21,22,23,24,25,26,27,28,29,30,31,32,33,34,35,36,37,38,39,40,41,42,43,44,45,46,47,48,49,50,51,52,53,54,55,56,57,58,59,60,61,62,63,64,65,66,67,68,69,70,71,72,73,74,75,76,77,78,79,80,81,82,83,84,85,86,87,88,89,90,91,92,93,94,95,96,97,98,99,100,101,102]]","[[0,1,2,3,4,5,6,7,8,9,10,11,12,13,14,15,16,17,18,19,20,21,22,23,24,25,26,27,28,29,30,31,32,33,34,35,36,37,38,39,40,41,42,43,44,45,46,47,48,49,50,51,52,53,54,55,56,57,58,59,60,61,62,63,64,65,66,67,68,69,70,71,72,73,74,75,76,77,78,79,80,81,82,83,84,85,86,87,88,89,90,91,92,93,94,95,96,97,98,99,100,101,102]]",24,False,True,False
order_development,g2-development-orders-02,DEVELOPMENT,50bf227f269c134cc3dc2fedd36b0e50ce071a18dbb8afcf3d306d772956d60e,cfg-b15b8281b73592fb,D-P-S,30,400,5,65,35,5,80f17e993f91963e72ef85455829459e67b09841149a16ccbe4d2afbfb737293,VERIFIED,9002,True,"[0,1,2,3,4,5,6,7,8,9,10,11,12,13,14,15,16,17,18,19,20,21,22,23,24,25,26,33,34,35,36,37,38,39,40,54,55,56,57,58,59,60,61,62,63,64,65,66,67,68,69,70,71,85,86,87,88,89,90,91,92,93,94,95,96,97,98,99,100,101,102,103,104,105,106,107,108,109,110,111,112,113,114,115]",[],"[{""index"":16,""window_indices"":[15,16,17,18],""boundary_right_indices"":[18]},{""index"":17,""window_indices"":[16,17,18,19],""boundary_right_indices"":[18]},{""index"":18,""window_indices"":[17,18,19,20],""boundary_right_indices"":[18]}]",[],True,False,True,"[[0,1,2,3,4,5,6,7,8,9,10,11,12,13,14,15,16,17],[18,19,20,21,22,23,24,25,26,27,28,29,30,31,32,33,34,35,36,37,38,39,40,41,42,43,44,45,46,47,48,49,50,51,52,53,54,55,56,57,58,59,60,61,62,63,64,65,66,67,68,69,70,71,72,73,74,75,76,77,78,79,80,81,82,83,84,85,86,87,88,89,90,91,92,93,94,95,96,97,98,99,100,101,102,103,104,105,106,107,108,109,110,111,112,113,114,115]]","[[0,1,2,3,4,5,6,7,8,9,10,11,12,13,14,15,16,17,18,19,20,21,22,23,24,25,26,27,28,29,30,31,32,33,34,35,36,37,38,39,40,41,42,43,44,45,46,47,48,49,50,51,52,53,54,55,56,57,58,59,60,61,62,63,64,65,66,67,68,69,70,71,72,73,74,75,76,77,78,79,80,81,82,83,84,85,86,87,88,89,90,91,92,93,94,95,96,97,98,99,100,101,102,103,104,105,106,107,108,109,110,111,112,113,114,115]]",18,False,False,False
order_development,g2-development-orders-02,DEVELOPMENT,50bf227f269c134cc3dc2fedd36b0e50ce071a18dbb8afcf3d306d772956d60e,cfg-b15b8281b73592fb,D-P-S,30,400,5,65,35,5,80f17e993f91963e72ef85455829459e67b09841149a16ccbe4d2afbfb737293,VERIFIED,217,False,[],[],"[{""index"":90,""window_indices"":[89,90,91,92],""boundary_right_indices"":[92]},{""index"":91,""window_indices"":[90,91,92,93],""boundary_right_indices"":[92]},{""index"":92,""window_indices"":[91,92,93,94],""boundary_right_indices"":[92]}]","[91,92]",True,False,True,[],"[[0,1,2,3,4,5,6,7,8,9,10,11,12,13,14,15,16,17,18,19,20,21,22,23,24,25,26,27,28,29,30,31,32,33,34,35,36,37,38,39,40,41,42,43,44,45,46,47,48,49,50,51,52,53,54,55,56,57,58,59,60,61,62,63,64,65,66,67,68,69,70,71,72,73,74,75,76,77,78,79,80,81,82,83,84,85,86,87,88,89,90,91,92,93,94,95,96,97,98,99,100]]",2,False,True,False
order_development,g2-development-orders-02,DEVELOPMENT,50bf227f269c134cc3dc2fedd36b0e50ce071a18dbb8afcf3d306d772956d60e,cfg-b15b8281b73592fb,D-P-S,30,400,5,65,35,5,80f17e993f91963e72ef85455829459e67b09841149a16ccbe4d2afbfb737293,VERIFIED,130,False,[],[],"[{""index"":5,""window_indices"":[4,5,6,7],""boundary_right_indices"":[7]},{""index"":6,""window_indices"":[5,6,7,8],""boundary_right_indices"":[7]},{""index"":7,""window_indices"":[6,7,8,9],""boundary_right_indices"":[7]}]","[6,7]",True,False,True,[],"[[0,1,2,3,4,5,6,7,8,9,10,11,12,13,14,15,16,17,18,19,20,21,22,23,24,25,26,27,28,29,30,31,32,33,34,35,36,37,38,39,40,41,42,43,44,45,46,47,48,49,50,51,52,53,54,55,56,57,58,59,60,61,62,63,64,65,66,67,68,69,70,71,72,73,74,75,76,77,78,79,80,81,82,83,84,85,86,87,88,89,90,91,92,93,94,95,96]]",2,False,True,False
order_development,g2-development-orders-02,DEVELOPMENT,50bf227f269c134cc3dc2fedd36b0e50ce071a18dbb8afcf3d306d772956d60e,cfg-b15b8281b73592fb,D-P-S,30,400,5,65,35,5,80f17e993f91963e72ef85455829459e67b09841149a16ccbe4d2afbfb737293,VERIFIED,799,False,[],[],"[{""index"":14,""window_indices"":[13,14,15,16],""boundary_right_indices"":[16]},{""index"":15,""window_indices"":[14,15,16,17],""boundary_right_indices"":[16]},{""index"":16,""window_indices"":[15,16,17,18],""boundary_right_indices"":[16,18]},{""index"":17,""window_indices"":[16,17,18,19],""boundary_right_indices"":[18]},{""index"":18,""window_indices"":[17,18,19,20],""boundary_right_indices"":[18]}]","[15,16,17,18]",True,False,True,[],"[[0,1,2,3,4,5,6,7,8,9,10,11,12,13,14,15,16,17,18,19,20,21,22,23,24,25,26,27,28,29,30,31,32,33,34,35,36,37,38,39,40,41,42,43,44,45,46,47,48,49,50,51,52,53,54,55,56,57,58,59,60,61,62,63,64,65,66,67,68,69,70,71,72,73,74,75,76,77,78,79,80,81,82,83,84,85]]",2,False,True,False
order_development,g2-development-orders-02,DEVELOPMENT,50bf227f269c134cc3dc2fedd36b0e50ce071a18dbb8afcf3d306d772956d60e,cfg-b15b8281b73592fb,D-P-S,30,400,5,65,35,5,80f17e993f91963e72ef85455829459e67b09841149a16ccbe4d2afbfb737293,VERIFIED,4318,False,[],[],"[{""index"":91,""window_indices"":[90,91,92,93],""boundary_right_indices"":[93]},{""index"":92,""window_indices"":[91,92,93,94],""boundary_right_indices"":[93]},{""index"":93,""window_indices"":[92,93,94,95],""boundary_right_indices"":[93]}]","[92,93]",True,False,True,[],"[[0,1,2,3,4,5,6,7,8,9,10,11,12,13,14,15,16,17,18,19,20,21,22,23,24,25,26,27,28,29,30,31,32,33,34,35,36,37,38,39,40,41,42,43,44,45,46,47,48,49,50,51,52,53,54,55,56,57,58,59,60,61,62,63,64,65,66,67,68,69,70,71,72,73,74,75,76,77,78,79,80,81,82,83,84,85,86,87,88,89,90,91,92,93,94,95,96,97,98,99]]",2,False,True,False
order_development,g2-development-orders-02,DEVELOPMENT,50bf227f269c134cc3dc2fedd36b0e50ce071a18dbb8afcf3d306d772956d60e,cfg-b15b8281b73592fb,D-P-S,30,400,5,65,35,5,80f17e993f91963e72ef85455829459e67b09841149a16ccbe4d2afbfb737293,VERIFIED,6867,False,[],[],"[{""index"":1,""window_indices"":[0,1,2,3],""boundary_right_indices"":[1]}]",[1],True,False,True,[],"[[0,1,2,3,4,5,6,7,8,9,10,11,12,13,14,15,16,17,18,19,20,21,22,23,24,25,26,27,28,29,30,31,32,33,34,35,36,37,38,39,40,41,42,43,44,45,46,47,48,49,50,51,52,53,54,55,56,57,58,59,60,61,62,63,64,65,66,67,68,69,70,71,72,73,74,75,76,77,78,79,80,81,82,83,84,85,86,87,88,89,90,91,92,93,94,95,96,97,98]]",2,False,True,False
order_development,g2-development-orders-02,DEVELOPMENT,50bf227f269c134cc3dc2fedd36b0e50ce071a18dbb8afcf3d306d772956d60e,cfg-b15b8281b73592fb,D-P-S,30,400,5,65,35,5,80f17e993f91963e72ef85455829459e67b09841149a16ccbe4d2afbfb737293,VERIFIED,4782,False,[],[],"[{""index"":8,""window_indices"":[7,8,9,10],""boundary_right_indices"":[10]},{""index"":9,""window_indices"":[8,9,10,11],""boundary_right_indices"":[10]},{""index"":10,""window_indices"":[9,10,11,12],""boundary_right_indices"":[10]},{""index"":32,""window_indices"":[31,32,33,34],""boundary_right_indices"":[34]},{""index"":33,""window_indices"":[32,33,34,35],""boundary_right_indices"":[34]},{""index"":34,""window_indices"":[33,34,35,36],""boundary_right_indices"":[34]},{""index"":36,""window_indices"":[35,36,37,38],""boundary_right_indices"":[38]},{""index"":37,""window_indices"":[36,37,38,39],""boundary_right_indices"":[38]}]","[9,10,33,34,37,38]",True,False,True,[],"[[0,1,2,3,4,5,6,7,8,9,10,11,12,13,14,15,16,17,18,19,20,21,22,23,24,25,26,27,28,29,30,31,32,33,34,35,36,37,38,39]]",2,False,True,False
order_development,g2-development-orders-02,DEVELOPMENT,50bf227f269c134cc3dc2fedd36b0e50ce071a18dbb8afcf3d306d772956d60e,cfg-b15b8281b73592fb,D-P-S,30,400,5,65,35,5,80f17e993f91963e72ef85455829459e67b09841149a16ccbe4d2afbfb737293,VERIFIED,4460,False,[],[],"[{""index"":1,""window_indices"":[0,1,2,3],""boundary_right_indices"":[2]},{""index"":2,""window_indices"":[1,2,3,4],""boundary_right_indices"":[2]}]","[1,2]",True,False,True,[],"[[0,1,2,3,4,5,6,7,8,9,10,11,12,13,14,15,16,17,18,19,20,21,22,23,24,25,26,27,28,29,30,31,32,33,34,35,36,37,38,39,40,41,42,43,44,45,46,47,48,49,50,51,52,53,54,55,56,57,58,59,60,61,62,63,64,65,66,67,68,69,70,71,72,73,74,75,76,77,78,79,80,81,82,83,84,85,86,87,88,89,90,91,92,93,94,95,96]]",2,False,True,False
order_development,g2-development-orders-02,DEVELOPMENT,50bf227f269c134cc3dc2fedd36b0e50ce071a18dbb8afcf3d306d772956d60e,cfg-b15b8281b73592fb,D-P-S,30,400,5,65,35,5,80f17e993f91963e72ef85455829459e67b09841149a16ccbe4d2afbfb737293,VERIFIED,7736,False,[],[],"[{""index"":38,""window_indices"":[37,38,39,40],""boundary_right_indices"":[40]},{""index"":39,""window_indices"":[38,39,40,41],""boundary_right_indices"":[40,41]}]","[39,40]",True,False,True,[],"[[0,1,2,3,4,5,6,7,8,9,10,11,12,13,14,15,16,17,18,19,20,21,22,23,24,25,26,27,28,29,30,31,32,33,34,35,36,37,38,39,40,41]]",2,False,True,False
order_development,g2-development-orders-02,DEVELOPMENT,50bf227f269c134cc3dc2fedd36b0e50ce071a18dbb8afcf3d306d772956d60e,cfg-b15b8281b73592fb,D-P-S,30,400,5,65,35,5,80f17e993f91963e72ef85455829459e67b09841149a16ccbe4d2afbfb737293,VERIFIED,6313,True,"[0,1,2,3,4,5,6,7,8,9,10,11,12,13,14,15,16,17,18,19,20,21,22,23,24,25,26,27,28,29,30,31,32,33,34,35,36,37,38,39,40,41,42,43,44,45,46,47,48,49,50,51,52,53,54,55,56,57,58,59,60,61,62,63,64,65,66,67,68,69,70,71,72,73,74,75,76,77,78,79,80,81,82,83,84,85,86,87,88,89,90,91,92,93,94,95,96,97,98,99,100]",[],[],[],True,False,False,"[[0,1,2,3,4,5,6,7,8,9,10,11,12,13,14,15,16,17,18,19,20,21,22,23,24,25,26,27,28,29,30,31,32,33,34,35,36,37,38,39,40,41,42,43,44,45,46,47,48,49,50,51,52,53,54,55,56,57,58,59,60,61,62,63,64,65,66,67,68,69,70,71,72,73,74,75,76,77,78,79,80,81,82,83,84,85,86,87,88,89,90,91,92,93,94,95,96,97,98,99,100]]","[[0,1,2,3,4,5,6,7,8,9,10,11,12,13,14,15,16,17,18,19,20,21,22,23,24,25,26,27,28,29,30,31,32,33,34,35,36,37,38,39,40,41,42,43,44,45,46,47,48,49,50,51,52,53,54,55,56,57,58,59,60,61,62,63,64,65,66,67,68,69,70,71,72,73,74,75,76,77,78,79,80,81,82,83,84,85,86,87,88,89,90,91,92,93,94,95,96,97,98,99,100]]",24,False,True,False
order_development,g2-development-orders-02,DEVELOPMENT,50bf227f269c134cc3dc2fedd36b0e50ce071a18dbb8afcf3d306d772956d60e,cfg-b15b8281b73592fb,D-P-S,30,400,5,65,35,5,80f17e993f91963e72ef85455829459e67b09841149a16ccbe4d2afbfb737293,VERIFIED,10089,True,"[0,1,2,3,4,5,6,7,8,9,10,11,12,13,14,15,16,17,18,19,20,21,22,23,24,25,26,27,28,29,30,31,32,33,34,35,36,37,38,39,40,41,42,43,44,45,46,47,48,49,50,51,52,53,54,55,56,57,58,59,60,61,62,63,64,65,66,67,68,69,70,71,72,73,74,75,76,77,78,79,80,81,82,83,84,85,86,87,88,89,90,91,92,93,94,95,96,97,98]",[],[],[],True,False,False,"[[0,1,2,3,4,5,6,7,8,9,10,11,12,13,14,15,16,17,18,19,20,21,22,23,24,25,26,27,28,29,30,31,32,33,34,35,36,37,38,39,40,41,42,43,44,45,46,47,48,49,50,51,52,53,54,55,56,57,58,59,60,61,62,63,64,65,66,67,68,69,70,71,72,73,74,75,76,77,78,79,80,81,82,83,84,85,86,87,88,89,90,91,92,93,94,95,96,97,98]]","[[0,1,2,3,4,5,6,7,8,9,10,11,12,13,14,15,16,17,18,19,20,21,22,23,24,25,26,27,28,29,30,31,32,33,34,35,36,37,38,39,40,41,42,43,44,45,46,47,48,49,50,51,52,53,54,55,56,57,58,59,60,61,62,63,64,65,66,67,68,69,70,71,72,73,74,75,76,77,78,79,80,81,82,83,84,85,86,87,88,89,90,91,92,93,94,95,96,97,98]]",11,False,True,False
order_development,g2-development-orders-02,DEVELOPMENT,50bf227f269c134cc3dc2fedd36b0e50ce071a18dbb8afcf3d306d772956d60e,cfg-b15b8281b73592fb,D-P-S,30,400,5,65,35,5,80f17e993f91963e72ef85455829459e67b09841149a16ccbe4d2afbfb737293,VERIFIED,10232,True,"[0,1,2,3,4,5,6,7,8,9,10,11,12,13,14,15,16,17,18,19,20,21,22,23,24,25,26,27,28,29,30,31,32,33,34,35,36,37,38,39,40,41,42,43,44,45,46,47,48,49,50,51,52,53,54,55,56,57,58,59,60,61,62,63,64,65,66,67,68,69,70,71,72,73,74,75,76,77,78,79,80,81,82,83,84,85,86,87,88,89,90,91,92,93,94,95,96,97]",[],[],[],True,False,False,"[[0,1,2,3,4,5,6,7,8,9,10,11,12,13,14,15,16,17,18,19,20,21,22,23,24,25,26,27,28,29,30,31,32,33,34,35,36,37,38,39,40,41,42,43,44,45,46,47,48,49,50,51,52,53,54,55,56,57,58,59,60,61,62,63,64,65,66,67,68,69,70,71,72,73,74,75,76,77,78,79,80,81,82,83,84,85,86,87,88,89,90,91,92,93,94,95,96,97]]","[[0,1,2,3,4,5,6,7,8,9,10,11,12,13,14,15,16,17,18,19,20,21,22,23,24,25,26,27,28,29,30,31,32,33,34,35,36,37,38,39,40,41,42,43,44,45,46,47,48,49,50,51,52,53,54,55,56,57,58,59,60,61,62,63,64,65,66,67,68,69,70,71,72,73,74,75,76,77,78,79,80,81,82,83,84,85,86,87,88,89,90,91,92,93,94,95,96,97]]",18,False,True,False
order_development,g2-development-orders-02,DEVELOPMENT,50bf227f269c134cc3dc2fedd36b0e50ce071a18dbb8afcf3d306d772956d60e,cfg-b15b8281b73592fb,D-P-S,30,400,5,65,35,5,80f17e993f91963e72ef85455829459e67b09841149a16ccbe4d2afbfb737293,VERIFIED,11272,True,"[0,1,2,3,4,5,6,7,8,9,10,11,12,13,14,15,16,17,18,19,20,21,22,23,24,25,26,27,28,29,30,31,32,33,34,35,36,37,38,39,40,41,42,43,44,45,46,47,48,49,50,51,52,53,54,55,56,57,58,59,60,61,62,63,64,65,66,67,68,69,70,71,72,73,74,75,76,77,78,79,80,81,82,83,84,85,86,87,88,89,90,91,92,93,94,95,96,97]",[],[],[],True,False,False,"[[0,1,2,3,4,5,6,7,8,9,10,11,12,13,14,15,16,17,18,19,20,21,22,23,24,25,26,27,28,29,30,31,32,33,34,35,36,37,38,39,40,41,42,43,44,45,46,47,48,49,50,51,52,53,54,55,56,57,58,59,60,61,62,63,64,65,66,67,68,69,70,71,72,73,74,75,76,77,78,79,80,81,82,83,84,85,86,87,88,89,90,91,92,93,94,95,96,97]]","[[0,1,2,3,4,5,6,7,8,9,10,11,12,13,14,15,16,17,18,19,20,21,22,23,24,25,26,27,28,29,30,31,32,33,34,35,36,37,38,39,40,41,42,43,44,45,46,47,48,49,50,51,52,53,54,55,56,57,58,59,60,61,62,63,64,65,66,67,68,69,70,71,72,73,74,75,76,77,78,79,80,81,82,83,84,85,86,87,88,89,90,91,92,93,94,95,96,97]]",16,False,True,False
order_development,g2-development-orders-02,DEVELOPMENT,50bf227f269c134cc3dc2fedd36b0e50ce071a18dbb8afcf3d306d772956d60e,cfg-b15b8281b73592fb,D-P-S,30,400,5,65,35,5,80f17e993f91963e72ef85455829459e67b09841149a16ccbe4d2afbfb737293,VERIFIED,5633,True,"[0,1,2,12,13,14,15,16,17,18,19,20,21,22,23,24,25,26,27,28,29,30,31,32,33,34,35,36,37,38,39,40,41,42,43,44,45,46,47,48,49,50,51,52,53,54,55,56,57,58,59,60,61,62,63,64,65,66,67,68,69,70,71,72,73,74,75,76,77,78,79,80,81,82,83,84,85,86,87,88,89,90,91,92,93,94,95,96,97,98]",[],[],[],True,False,False,"[[0,1,2,3,4,5,6,7,8,9,10,11,12,13,14,15,16,17,18,19,20,21,22,23,24,25,26,27,28,29,30,31,32,33,34,35,36,37,38,39,40,41,42,43,44,45,46,47,48,49,50,51,52,53,54,55,56,57,58,59,60,61,62,63,64,65,66,67,68,69,70,71,72,73,74,75,76,77,78,79,80,81,82,83,84,85,86,87,88,89,90,91,92,93,94,95,96,97,98,99,100,101,102,103,104,105,106,107,108,109,110,111,112,113,114]]","[[0,1,2,3,4,5,6,7,8,9,10,11,12,13,14,15,16,17,18,19,20,21,22,23,24,25,26,27,28,29,30,31,32,33,34,35,36,37,38,39,40,41,42,43,44,45,46,47,48,49,50,51,52,53,54,55,56,57,58,59,60,61,62,63,64,65,66,67,68,69,70,71,72,73,74,75,76,77,78,79,80,81,82,83,84,85,86,87,88,89,90,91,92,93,94,95,96,97,98,99,100,101,102,103,104,105,106,107,108,109,110,111,112,113,114]]",17,False,False,False
order_development,g2-development-orders-02,DEVELOPMENT,50bf227f269c134cc3dc2fedd36b0e50ce071a18dbb8afcf3d306d772956d60e,cfg-b15b8281b73592fb,D-P-S,30,400,5,65,35,5,80f17e993f91963e72ef85455829459e67b09841149a16ccbe4d2afbfb737293,VERIFIED,8061,True,"[0,1,2,3,4,5,6,7,8,9,10,11,12,13,14,15,16,17,18,19,20,21,22,23,24,25,26,27,28,29,30,31,32,33,34,35,36,37,38,39,40,41,42,43,44,45,46,47,48,49,50,51,52,53,54,65,66,67,68,69,70,71,72,73,74,75,76,77,78,79,80,81,82,83,84,85,86,87,88,89,90,91,92,93,94,95,96,97,98]",[],[],[],True,False,False,"[[0,1,2,3,4,5,6,7,8,9,10,11,12,13,14,15,16,17,18,19,20,21,22,23,24,25,26,27,28,29,30,31,32,33,34,35,36,37,38,39,40,41,42,43,44,45,46,47,48,49,50,51,52,53,54,55,56,57,58,59,60,61,62,63,64,65,66,67,68,69,70,71,72,73,74,75,76,77,78,79,80,81,82,83,84,85,86,87,88,89,90,91,92,93,94,95,96,97,98]]","[[0,1,2,3,4,5,6,7,8,9,10,11,12,13,14,15,16,17,18,19,20,21,22,23,24,25,26,27,28,29,30,31,32,33,34,35,36,37,38,39,40,41,42,43,44,45,46,47,48,49,50,51,52,53,54,55,56,57,58,59,60,61,62,63,64,65,66,67,68,69,70,71,72,73,74,75,76,77,78,79,80,81,82,83,84,85,86,87,88,89,90,91,92,93,94,95,96,97,98]]",19,False,False,False
order_development,g2-development-orders-02,DEVELOPMENT,50bf227f269c134cc3dc2fedd36b0e50ce071a18dbb8afcf3d306d772956d60e,cfg-b15b8281b73592fb,D-P-S,30,400,5,65,35,5,80f17e993f91963e72ef85455829459e67b09841149a16ccbe4d2afbfb737293,VERIFIED,89,True,"[0,1,2,3,4,5,6,7,8,9,10,11,12,13,14,15,16,17,18,19,20,21,22,23,24,25,26,27,28,29,30,31,32,33,34,35,36,37,38,39,40,41,42,43,44,45,46,47,48,49,50,51,52,53,54,55,56,57,58,59,60,61,62,63,64,65,66,67,68,69,70,71,72,73,74,75,76,77,78,79,80,81,82,83,84,85,86,87,88,89,90,91,92,93,94,95,96,97,98,99]",[],[],[],True,False,False,"[[0,1,2,3,4,5,6,7,8,9,10,11,12,13,14,15,16,17,18,19,20,21,22,23,24,25,26,27,28,29,30,31,32,33,34,35,36,37,38,39,40,41,42,43,44,45,46,47,48,49,50,51,52,53,54,55,56,57,58,59,60,61,62,63,64,65,66,67,68,69,70,71,72,73,74,75,76,77,78,79,80,81,82,83,84,85,86,87,88,89,90,91,92,93,94,95,96,97,98,99]]","[[0,1,2,3,4,5,6,7,8,9,10,11,12,13,14,15,16,17,18,19,20,21,22,23,24,25,26,27,28,29,30,31,32,33,34,35,36,37,38,39,40,41,42,43,44,45,46,47,48,49,50,51,52,53,54,55,56,57,58,59,60,61,62,63,64,65,66,67,68,69,70,71,72,73,74,75,76,77,78,79,80,81,82,83,84,85,86,87,88,89,90,91,92,93,94,95,96,97,98,99]]",10,False,True,False
order_development,g2-development-orders-02,DEVELOPMENT,50bf227f269c134cc3dc2fedd36b0e50ce071a18dbb8afcf3d306d772956d60e,cfg-b15b8281b73592fb,D-P-S,30,400,5,65,35,5,80f17e993f91963e72ef85455829459e67b09841149a16ccbe4d2afbfb737293,VERIFIED,6225,True,"[0,1,2,3,4,5,6,7,8,9,10,11,12,13,14,15,16,17,18,19,20,21,22,23,24,25,26,27,28,29,30,31,32,33,34,35,36,37,38,39,40,41,42,43,44,45,46,47,48,49,50,51,52,53,54,55,56,57,58,59,60,61,62,63,64,65,66,67,68,69,70,71,72,73,74,75,76,77,78,79,80,81,82,83,84,85,86,87,88,89,90,91,92,93,94,95,96,97,98]",[],[],[],True,False,False,"[[0,1,2,3,4,5,6,7,8,9,10,11,12,13,14,15,16,17,18,19,20,21,22,23,24,25,26,27,28,29,30,31,32,33,34,35,36,37,38,39,40,41,42,43,44,45,46,47,48,49,50,51,52,53,54,55,56,57,58,59,60,61,62,63,64,65,66,67,68,69,70,71,72,73,74,75,76,77,78,79,80,81,82,83,84,85,86,87,88,89,90,91,92,93,94,95,96,97,98]]","[[0,1,2,3,4,5,6,7,8,9,10,11,12,13,14,15,16,17,18,19,20,21,22,23,24,25,26,27,28,29,30,31,32,33,34,35,36,37,38,39,40,41,42,43,44,45,46,47,48,49,50,51,52,53,54,55,56,57,58,59,60,61,62,63,64,65,66,67,68,69,70,71,72,73,74,75,76,77,78,79,80,81,82,83,84,85,86,87,88,89,90,91,92,93,94,95,96,97,98]]",11,False,True,False
order_development,g2-development-orders-02,DEVELOPMENT,50bf227f269c134cc3dc2fedd36b0e50ce071a18dbb8afcf3d306d772956d60e,cfg-b15b8281b73592fb,D-P-S,30,400,5,65,35,5,80f17e993f91963e72ef85455829459e67b09841149a16ccbe4d2afbfb737293,VERIFIED,82,True,"[0,1,2,3,4,5,6,7,8,9,10,11,12,13,14,15,16,17,18,19,20,21,22,23,24,25,26,27,28,29,30,31,32,33,34,35,36,37,38,39,40,41,42,43,44,45,46,47,48,49,50,51,52,53,54,55,56,57,58,59,60,61,62,63,64,65,66,67,68,69,70,71,72,73,74,75,76,77,78,79,80,81,82,83,84,85,86,87,88,89,90,91,92,93,94,95,96,97]",[],[],[],True,False,False,"[[0,1,2,3,4,5,6,7,8,9,10,11,12,13,14,15,16,17,18,19,20,21,22,23,24,25,26,27,28,29,30,31,32,33,34,35,36,37,38,39,40,41,42,43,44,45,46,47,48,49,50,51,52,53,54,55,56,57,58,59,60,61,62,63,64,65,66,67,68,69,70,71,72,73,74,75,76,77,78,79,80,81,82,83,84,85,86,87,88,89,90,91,92,93,94,95,96,97]]","[[0,1,2,3,4,5,6,7,8,9,10,11,12,13,14,15,16,17,18,19,20,21,22,23,24,25,26,27,28,29,30,31,32,33,34,35,36,37,38,39,40,41,42,43,44,45,46,47,48,49,50,51,52,53,54,55,56,57,58,59,60,61,62,63,64,65,66,67,68,69,70,71,72,73,74,75,76,77,78,79,80,81,82,83,84,85,86,87,88,89,90,91,92,93,94,95,96,97]]",14,False,True,False
order_development,g2-development-orders-02,DEVELOPMENT,50bf227f269c134cc3dc2fedd36b0e50ce071a18dbb8afcf3d306d772956d60e,cfg-b15b8281b73592fb,D-P-S,30,400,5,65,35,5,80f17e993f91963e72ef85455829459e67b09841149a16ccbe4d2afbfb737293,VERIFIED,2713,True,"[0,1,2,3,4,5,6,7,8,9,10,11,12,13,14,15,16,17,18,19,20,21,22,23,24,25,26,27,28,29,30,31,32,33,34,35,36,37,38,39,40,41,42,43,44,45,46,47,48,49,50,51,52,53,54,55,56,57,58,59,60,61,62,63,64,65,66,67,68,69,70,71,72,73,74,75,76,77,78,79,80,81,82,83,84,85,86,87,88,89,90,91,92,93,94,95,96,97,98,99]",[],[],[],True,False,False,"[[0,1,2,3,4,5,6,7,8,9,10,11,12,13,14,15,16,17,18,19,20,21,22,23,24,25,26,27,28,29,30,31,32,33,34,35,36,37,38,39,40,41,42,43,44,45,46,47,48,49,50,51,52,53,54,55,56,57,58,59,60,61,62,63,64,65,66,67,68,69,70,71,72,73,74,75,76,77,78,79,80,81,82,83,84,85,86,87,88,89,90,91,92,93,94,95,96,97,98,99]]","[[0,1,2,3,4,5,6,7,8,9,10,11,12,13,14,15,16,17,18,19,20,21,22,23,24,25,26,27,28,29,30,31,32,33,34,35,36,37,38,39,40,41,42,43,44,45,46,47,48,49,50,51,52,53,54,55,56,57,58,59,60,61,62,63,64,65,66,67,68,69,70,71,72,73,74,75,76,77,78,79,80,81,82,83,84,85,86,87,88,89,90,91,92,93,94,95,96,97,98,99]]",10,False,True,False
order_development,g2-development-orders-02,DEVELOPMENT,50bf227f269c134cc3dc2fedd36b0e50ce071a18dbb8afcf3d306d772956d60e,cfg-b15b8281b73592fb,D-P-S,30,400,5,65,35,5,80f17e993f91963e72ef85455829459e67b09841149a16ccbe4d2afbfb737293,VERIFIED,647,True,"[0,1,2,3,4,5,6,7,8,9,10,11,12,13,14,15,16,17,18,19,20,21,22,23,24,25,26,27,28,29,30,31,32,33,34,35,36,37,38,39,40,41,42,43,44,45,46,47,48,49,50,51,52,53,54,55,56,57,58,59,60,61,62,63,64,65,66,67,68,69,70,71,72,73,74,75,76,77,78,79,80,81,82,83,84,85,86,87,88,89,90,91,92,93,94,95,96,97,98,99]",[],[],[],True,False,False,"[[0,1,2,3,4,5,6,7,8,9,10,11,12,13,14,15,16,17,18,19,20,21,22,23,24,25,26,27,28,29,30,31,32,33,34,35,36,37,38,39,40,41,42,43,44,45,46,47,48,49,50,51,52,53,54,55,56,57,58,59,60,61,62,63,64,65,66,67,68,69,70,71,72,73,74,75,76,77,78,79,80,81,82,83,84,85,86,87,88,89,90,91,92,93,94,95,96,97,98,99]]","[[0,1,2,3,4,5,6,7,8,9,10,11,12,13,14,15,16,17,18,19,20,21,22,23,24,25,26,27,28,29,30,31,32,33,34,35,36,37,38,39,40,41,42,43,44,45,46,47,48,49,50,51,52,53,54,55,56,57,58,59,60,61,62,63,64,65,66,67,68,69,70,71,72,73,74,75,76,77,78,79,80,81,82,83,84,85,86,87,88,89,90,91,92,93,94,95,96,97,98,99]]",6,False,True,False
order_development,g2-development-orders-02,DEVELOPMENT,50bf227f269c134cc3dc2fedd36b0e50ce071a18dbb8afcf3d306d772956d60e,cfg-b15b8281b73592fb,D-P-S,30,400,5,65,35,5,80f17e993f91963e72ef85455829459e67b09841149a16ccbe4d2afbfb737293,VERIFIED,3367,True,"[0,1,2,3,4,5,6,7,8,9,10,11,12,13,14,15,16,17,18,19,20,21,22,23,24,25,26,27,28,29,30,31,32,33,34,35,36,37,38,39,40,41,42,43,44,45,46,47,48,49,50,51,52,53,54,55,56,57,58,59,60,61,62,63,64,65,66,67,68,69,70,71,72,73,74,75,76,77,78,79,80,81,82,83,84,85,86,87,88,89,90,91,92,93,94,95,96,97,98]",[],[],[],True,False,False,"[[0,1,2,3,4,5,6,7,8,9,10,11,12,13,14,15,16,17,18,19,20,21,22,23,24,25,26,27,28,29,30,31,32,33,34,35,36,37,38,39,40,41,42,43,44,45,46,47,48,49,50,51,52,53,54,55,56,57,58,59,60,61,62,63,64,65,66,67,68,69,70,71,72,73,74,75,76,77,78,79,80,81,82,83,84,85,86,87,88,89,90,91,92,93,94,95,96,97,98]]","[[0,1,2,3,4,5,6,7,8,9,10,11,12,13,14,15,16,17,18,19,20,21,22,23,24,25,26,27,28,29,30,31,32,33,34,35,36,37,38,39,40,41,42,43,44,45,46,47,48,49,50,51,52,53,54,55,56,57,58,59,60,61,62,63,64,65,66,67,68,69,70,71,72,73,74,75,76,77,78,79,80,81,82,83,84,85,86,87,88,89,90,91,92,93,94,95,96,97,98]]",8,False,True,False
order_development,g2-development-orders-02,DEVELOPMENT,50bf227f269c134cc3dc2fedd36b0e50ce071a18dbb8afcf3d306d772956d60e,cfg-b15b8281b73592fb,D-P-S,30,400,5,65,35,5,80f17e993f91963e72ef85455829459e67b09841149a16ccbe4d2afbfb737293,VERIFIED,9565,True,"[0,1,2,3,4,5,6,7,8,9,10,11,12,13,14,15,16,17,18,19,20,21,22,23,24,25,26,27,28,29,30,31,32,33,34,35,36,37,38,39,40,41,42,43,44,45,46,47,48,49,50,51,52,53,54,55,56,57,58,59,60,61,62,63,64,65,66,67,68,69,70,71,72,73,74,75,76,77,78,79,80,81,82,83,84,85,86,87,88,89,90,91,92,93,94,95]",[],[],[],True,False,False,"[[0,1,2,3,4,5,6,7,8,9,10,11,12,13,14,15,16,17,18,19,20,21,22,23,24,25,26,27,28,29,30,31,32,33,34,35,36,37,38,39,40,41,42,43,44,45,46,47,48,49,50,51,52,53,54,55,56,57,58,59,60,61,62,63,64,65,66,67,68,69,70,71,72,73,74,75,76,77,78,79,80,81,82,83,84,85,86,87,88,89,90,91,92,93,94,95]]","[[0,1,2,3,4,5,6,7,8,9,10,11,12,13,14,15,16,17,18,19,20,21,22,23,24,25,26,27,28,29,30,31,32,33,34,35,36,37,38,39,40,41,42,43,44,45,46,47,48,49,50,51,52,53,54,55,56,57,58,59,60,61,62,63,64,65,66,67,68,69,70,71,72,73,74,75,76,77,78,79,80,81,82,83,84,85,86,87,88,89,90,91,92,93,94,95]]",14,False,True,False
order_development,g2-development-orders-02,DEVELOPMENT,50bf227f269c134cc3dc2fedd36b0e50ce071a18dbb8afcf3d306d772956d60e,cfg-b15b8281b73592fb,D-P-S,30,400,5,65,35,5,80f17e993f91963e72ef85455829459e67b09841149a16ccbe4d2afbfb737293,VERIFIED,2141,True,"[0,1,2,3,4,5,6,7,8,9,10,11,12,13,14,15,16,17,18,19,38,39,40,41,42,43,44,45,46,47,48,49,50,51,52,53,54,55,56,57,58,59,60,61,62,63,64,65,66,67,68,69,70,71,72,73,74,75,76,77,78,79,80,81,82,83,84,85,86,87,88,89,90,91,92,93,94,95,96,97,98,99,100,101]",[],[],[],True,False,False,"[[0,1,2,3,4,5,6,7,8,9,10,11,12,13,14,15,16,17,18,19,20,21,22,23,24,25,26,27,28,29,30,31,32,33,34,35,36,37,38,39,40,41,42,43,44,45,46,47,48,49,50,51,52,53,54,55,56,57,58,59,60,61,62,63,64,65,66,67,68,69,70,71,72,73,74,75,76,77,78,79,80,81,82,83,84,85,86,87,88,89,90,91,92,93,94,95,96,97,98,99,100,101]]","[[0,1,2,3,4,5,6,7,8,9,10,11,12,13,14,15,16,17,18,19,20,21,22,23,24,25,26,27,28,29,30,31,32,33,34,35,36,37,38,39,40,41,42,43,44,45,46,47,48,49,50,51,52,53,54,55,56,57,58,59,60,61,62,63,64,65,66,67,68,69,70,71,72,73,74,75,76,77,78,79,80,81,82,83,84,85,86,87,88,89,90,91,92,93,94,95,96,97,98,99,100,101]]",3,False,False,False
order_development,g2-development-orders-02,DEVELOPMENT,50bf227f269c134cc3dc2fedd36b0e50ce071a18dbb8afcf3d306d772956d60e,cfg-b15b8281b73592fb,D-P-S,30,400,5,65,35,5,80f17e993f91963e72ef85455829459e67b09841149a16ccbe4d2afbfb737293,VERIFIED,11193,True,"[0,1,2,3,4,5,6,7,8,9,10,11,12,13,14,15,16,17,18,19,20,21,22,23,24,25,26,27,28,29,30,31,32,33,34,35,36,37,38,39,40,41,42,43,44,45,46,47,48,49,50,51,52,53,54,55,56,57,58,59,60,61,62,63,64,65,66,67,68,69,70,71,72,73,74,75,76,77,78,79,80,81,82,83,84,85,86,87,88,89,90,91,92,93,94,95,96,97,98]",[],[],[],True,False,False,"[[0,1,2,3,4,5,6,7,8,9,10,11,12,13,14,15,16,17,18,19,20,21,22,23,24,25,26,27,28,29,30,31,32,33,34,35,36,37,38,39,40,41,42,43,44,45,46,47,48,49,50,51,52,53,54,55,56,57,58,59,60,61,62,63,64,65,66,67,68,69,70,71,72,73,74,75,76,77,78,79,80,81,82,83,84,85,86,87,88,89,90,91,92,93,94,95,96,97,98]]","[[0,1,2,3,4,5,6,7,8,9,10,11,12,13,14,15,16,17,18,19,20,21,22,23,24,25,26,27,28,29,30,31,32,33,34,35,36,37,38,39,40,41,42,43,44,45,46,47,48,49,50,51,52,53,54,55,56,57,58,59,60,61,62,63,64,65,66,67,68,69,70,71,72,73,74,75,76,77,78,79,80,81,82,83,84,85,86,87,88,89,90,91,92,93,94,95,96,97,98]]",6,False,True,False
order_development,g2-development-orders-02,DEVELOPMENT,50bf227f269c134cc3dc2fedd36b0e50ce071a18dbb8afcf3d306d772956d60e,cfg-b15b8281b73592fb,D-P-S,30,400,5,65,35,5,80f17e993f91963e72ef85455829459e67b09841149a16ccbe4d2afbfb737293,VERIFIED,1628,True,"[0,1,2,3,4,5,6,7,8,9,10,11,12,13,14,15,16,17,18,19,20,21,22,23,24,25,26,27,28,29,30,31,32,33,34,35,36,37,38,39,40,41,42,43,44,45,46,47,48,49,50,51,52,53,54,55,56,57,58,59,60,61,62,63,64,65,66,67,68,69,70,71,72,73,74,75,76,77,78,79,80,81,82,83,84,85,86,87,88,89,90,91,92,93,94,95,96,97,98,99]",[],[],[],True,False,False,"[[0,1,2,3,4,5,6,7,8,9,10,11,12,13,14,15,16,17,18,19,20,21,22,23,24,25,26,27,28,29,30,31,32,33,34,35,36,37,38,39,40,41,42,43,44,45,46,47,48,49,50,51,52,53,54,55,56,57,58,59,60,61,62,63,64,65,66,67,68,69,70,71,72,73,74,75,76,77,78,79,80,81,82,83,84,85,86,87,88,89,90,91,92,93,94,95,96,97,98,99]]","[[0,1,2,3,4,5,6,7,8,9,10,11,12,13,14,15,16,17,18,19,20,21,22,23,24,25,26,27,28,29,30,31,32,33,34,35,36,37,38,39,40,41,42,43,44,45,46,47,48,49,50,51,52,53,54,55,56,57,58,59,60,61,62,63,64,65,66,67,68,69,70,71,72,73,74,75,76,77,78,79,80,81,82,83,84,85,86,87,88,89,90,91,92,93,94,95,96,97,98,99]]",16,False,True,False
order_development,g2-development-orders-02,DEVELOPMENT,50bf227f269c134cc3dc2fedd36b0e50ce071a18dbb8afcf3d306d772956d60e,cfg-b15b8281b73592fb,D-P-S,30,400,5,65,35,5,80f17e993f91963e72ef85455829459e67b09841149a16ccbe4d2afbfb737293,VERIFIED,10169,True,"[0,1,2,3,4,5,6,7,8,9,10,11,12,13,14,15,16,17,18,19,20,21,22,33,34,35,36,37,38,39,40,41,42,43,44,45,46,47,48,49,50,51,52,53,54,55,56,57,58,59,60,61,62,63,64,65,66,67,68,69,70,71,72,73,74,75,76,77,78,79,80,81,82,83,84,85,86,87,88,89,90,91,92,93,94,95,96,97,98,99,100,101,102,103]",[],[],[],True,False,False,"[[0,1,2,3,4,5,6,7,8,9,10,11,12,13,14,15,16,17,18,19,20,21,22,23,24,25,26,27,28,29,30,31,32,33,34,35,36,37,38,39,40,41,42,43,44,45,46,47,48,49,50,51,52,53,54,55,56,57,58,59,60,61,62,63,64,65,66,67,68,69,70,71,72,73,74,75,76,77,78,79,80,81,82,83,84,85,86,87,88,89,90,91,92,93,94,95,96,97,98,99,100,101,102,103]]","[[0,1,2,3,4,5,6,7,8,9,10,11,12,13,14,15,16,17,18,19,20,21,22,23,24,25,26,27,28,29,30,31,32,33,34,35,36,37,38,39,40,41,42,43,44,45,46,47,48,49,50,51,52,53,54,55,56,57,58,59,60,61,62,63,64,65,66,67,68,69,70,71,72,73,74,75,76,77,78,79,80,81,82,83,84,85,86,87,88,89,90,91,92,93,94,95,96,97,98,99,100,101,102,103]]",11,False,False,False
order_development,g2-development-orders-02,DEVELOPMENT,50bf227f269c134cc3dc2fedd36b0e50ce071a18dbb8afcf3d306d772956d60e,cfg-b15b8281b73592fb,D-P-S,30,400,5,65,35,5,80f17e993f91963e72ef85455829459e67b09841149a16ccbe4d2afbfb737293,VERIFIED,10547,True,"[0,1,2,3,4,12,13,14,15,16,17,18,19,20,21,22,23,24,25,26,27,28,29,30,31,32,33,34,35,36,37,38,39,40,41,42,43,44,45,46,47,48,49,50,51,52,53,54,55,56,57,58,59,60,61,62,63,64,65,66,67,68,69,70,71,72,73,74,75,76,77,78,79,80,81,82,83,84,85,86,87,88,89,90,91,92,93,94,95,96,97,98,99,100,101]",[],[],[],True,False,False,"[[0,1,2,3,4,5,6,7,8,9,10,11,12,13,14,15,16,17,18,19,20,21,22,23,24,25,26,27,28,29,30,31,32,33,34,35,36,37,38,39,40,41,42,43,44,45,46,47,48,49,50,51,52,53,54,55,56,57,58,59,60,61,62,63,64,65,66,67,68,69,70,71,72,73,74,75,76,77,78,79,80,81,82,83,84,85,86,87,88,89,90,91,92,93,94,95,96,97,98,99,100,101]]","[[0,1,2,3,4,5,6,7,8,9,10,11,12,13,14,15,16,17,18,19,20,21,22,23,24,25,26,27,28,29,30,31,32,33,34,35,36,37,38,39,40,41,42,43,44,45,46,47,48,49,50,51,52,53,54,55,56,57,58,59,60,61,62,63,64,65,66,67,68,69,70,71,72,73,74,75,76,77,78,79,80,81,82,83,84,85,86,87,88,89,90,91,92,93,94,95,96,97,98,99,100,101]]",7,False,False,False
order_development,g2-development-orders-02,DEVELOPMENT,50bf227f269c134cc3dc2fedd36b0e50ce071a18dbb8afcf3d306d772956d60e,cfg-b15b8281b73592fb,D-P-S,30,400,5,65,35,5,80f17e993f91963e72ef85455829459e67b09841149a16ccbe4d2afbfb737293,VERIFIED,2232,True,"[0,1,2,3,22,23,38,39,40,41]",[],[],[],True,False,False,"[[0,1,2,3,4,5,6,7,8,9,10,11,12,13,14,15,16,17,18,19,20,21,22,23,24,25,26,27,28,29,30,31,32,33,34,35,36,37,38,39,40,41]]","[[0,1,2,3,4,5,6,7,8,9,10,11,12,13,14,15,16,17,18,19,20,21,22,23,24,25,26,27,28,29,30,31,32,33,34,35,36,37,38,39,40,41]]",4,False,False,False
order_development,g2-development-orders-02,DEVELOPMENT,50bf227f269c134cc3dc2fedd36b0e50ce071a18dbb8afcf3d306d772956d60e,cfg-b15b8281b73592fb,D-P-S,30,400,5,65,35,5,80f17e993f91963e72ef85455829459e67b09841149a16ccbe4d2afbfb737293,VERIFIED,7764,True,"[0,1,2,3,4,5,6,7,8,25,26,27,37,38,39,40,41,42,43,44,45,46,47,48,49,50,51,59,60,61,62,63,64,65,66,67,68,69,70,71,72,73,74,82,83,84,85,86,87,88,89,90,104,105,106,107,108,109,110,111,112,113,114,115,116,117,118,119,120,121]",[],"[{""index"":6,""window_indices"":[5,6,7,8],""boundary_right_indices"":[8]},{""index"":7,""window_indices"":[6,7,8,9],""boundary_right_indices"":[8]},{""index"":8,""window_indices"":[7,8,9,10],""boundary_right_indices"":[8]},{""index"":36,""window_indices"":[35,36,37,38],""boundary_right_indices"":[38]},{""index"":37,""window_indices"":[36,37,38,39],""boundary_right_indices"":[38]},{""index"":38,""window_indices"":[37,38,39,40],""boundary_right_indices"":[38]}]",[37],True,False,True,"[[0,1,2,3,4,5,6,7],[8,9,10,11,12,13,14,15,16,17,18,19,20,21,22,23,24,25,26,27,28,29,30,31,32,33,34,35,36,37],[38,39,40,41,42,43,44,45,46,47,48,49,50,51,52,53,54,55,56,57,58,59,60,61,62,63,64,65,66,67,68,69,70,71,72,73,74,75,76,77,78,79,80,81,82,83,84,85,86,87,88,89,90,91,92,93,94,95,96,97,98,99,100,101,102,103,104,105,106,107,108,109,110,111,112,113,114,115,116,117,118,119,120,121]]","[[0,1,2,3,4,5,6,7,8,9,10,11,12,13,14,15,16,17,18,19,20,21,22,23,24,25,26,27,28,29,30,31,32,33,34,35,36,37,38,39,40,41,42,43,44,45,46,47,48,49,50,51,52,53,54,55,56,57,58,59,60,61,62,63,64,65,66,67,68,69,70,71,72,73,74,75,76,77,78,79,80,81,82,83,84,85,86,87,88,89,90,91,92,93,94,95,96,97,98,99,100,101,102,103,104,105,106,107,108,109,110,111,112,113,114,115,116,117,118,119,120,121]]",14,False,False,False
order_development,g2-development-orders-02,DEVELOPMENT,50bf227f269c134cc3dc2fedd36b0e50ce071a18dbb8afcf3d306d772956d60e,cfg-b15b8281b73592fb,D-P-S,30,400,5,65,35,5,80f17e993f91963e72ef85455829459e67b09841149a16ccbe4d2afbfb737293,VERIFIED,2197,True,"[1,2,3,4,5,6,7,8,9,10,11,12,13,14,15,16,17,18,19,20,21,22,23,24,25,26,27,28,29,30,31,32,33,34,35,36,37,38,39,40,41,42,43,44,45,46,47,48,49,50,51,52,53,54,55,56,57,58,59,60,61,62,63,64,65,66,67,68,69,70,71,72,73,74,75,76,77,78,79,80,81,82,83,84,85,86,87,88,89,90,91,92,93,94,95]",[],"[{""index"":1,""window_indices"":[0,1,2,3],""boundary_right_indices"":[1]},{""index"":32,""window_indices"":[31,32,33,34],""boundary_right_indices"":[34]},{""index"":33,""window_indices"":[32,33,34,35],""boundary_right_indices"":[34]},{""index"":34,""window_indices"":[33,34,35,36],""boundary_right_indices"":[34]},{""index"":61,""window_indices"":[60,61,62,63],""boundary_right_indices"":[63]},{""index"":62,""window_indices"":[61,62,63,64],""boundary_right_indices"":[63]},{""index"":63,""window_indices"":[62,63,64,65],""boundary_right_indices"":[63]}]",[63],True,False,True,"[[1,2,3,4,5,6,7,8,9,10,11,12,13,14,15,16,17,18,19,20,21,22,23,24,25,26,27,28,29,30,31,32,33],[34,35,36,37,38,39,40,41,42,43,44,45,46,47,48,49,50,51,52,53,54,55,56,57,58,59,60,61,62],[63,64,65,66,67,68,69,70,71,72,73,74,75,76,77,78,79,80,81,82,83,84,85,86,87,88,89,90,91,92,93,94,95]]","[[0,1,2,3,4,5,6,7,8,9,10,11,12,13,14,15,16,17,18,19,20,21,22,23,24,25,26,27,28,29,30,31,32,33,34,35,36,37,38,39,40,41,42,43,44,45,46,47,48,49,50,51,52,53,54,55,56,57,58,59,60,61,62,63,64,65,66,67,68,69,70,71,72,73,74,75,76,77,78,79,80,81,82,83,84,85,86,87,88,89,90,91,92,93,94,95]]",9,False,True,False
order_development,g2-development-orders-02,DEVELOPMENT,50bf227f269c134cc3dc2fedd36b0e50ce071a18dbb8afcf3d306d772956d60e,cfg-b15b8281b73592fb,D-P-S,30,400,5,65,35,5,80f17e993f91963e72ef85455829459e67b09841149a16ccbe4d2afbfb737293,VERIFIED,6876,True,"[6,7,8,9,10,11,19,20,21,22,23,24,25]",[],"[{""index"":24,""window_indices"":[23,24,25,26],""boundary_right_indices"":[26]},{""index"":25,""window_indices"":[24,25,26,27],""boundary_right_indices"":[26]},{""index"":26,""window_indices"":[25,26,27,28],""boundary_right_indices"":[26]}]",[25],True,False,True,"[[0,1,2,3,4,5,6,7,8,9,10,11,12,13,14,15,16,17,18,19,20,21,22,23,24,25]]","[[0,1,2,3,4,5,6,7,8,9,10,11,12,13,14,15,16,17,18,19,20,21,22,23,24,25,26,27,28]]",5,False,False,False
order_development,g2-development-orders-02,DEVELOPMENT,50bf227f269c134cc3dc2fedd36b0e50ce071a18dbb8afcf3d306d772956d60e,cfg-b15b8281b73592fb,D-P-S,30,400,5,65,35,5,80f17e993f91963e72ef85455829459e67b09841149a16ccbe4d2afbfb737293,VERIFIED,7875,False,[],[],"[{""index"":5,""window_indices"":[4,5,6,7],""boundary_right_indices"":[7]},{""index"":6,""window_indices"":[5,6,7,8],""boundary_right_indices"":[7]},{""index"":7,""window_indices"":[6,7,8,9],""boundary_right_indices"":[7]},{""index"":42,""window_indices"":[41,42,43,44],""boundary_right_indices"":[44]},{""index"":43,""window_indices"":[42,43,44,45],""boundary_right_indices"":[44]},{""index"":44,""window_indices"":[43,44,45,46],""boundary_right_indices"":[44,46]},{""index"":45,""window_indices"":[44,45,46,47],""boundary_right_indices"":[46]},{""index"":46,""window_indices"":[45,46,47,48],""boundary_right_indices"":[46]},{""index"":49,""window_indices"":[48,49,50,51],""boundary_right_indices"":[51]},{""index"":50,""window_indices"":[49,50,51,52],""boundary_right_indices"":[51]},{""index"":51,""window_indices"":[50,51,52,53],""boundary_right_indices"":[51]},{""index"":54,""window_indices"":[53,54,55,56],""boundary_right_indices"":[56]},{""index"":55,""window_indices"":[54,55,56,57],""boundary_right_indices"":[56]},{""index"":56,""window_indices"":[55,56,57,58],""boundary_right_indices"":[56]},{""index"":61,""window_indices"":[60,61,62,63],""boundary_right_indices"":[63]},{""index"":62,""window_indices"":[61,62,63,64],""boundary_right_indices"":[63]},{""index"":63,""window_indices"":[62,63,64,65],""boundary_right_indices"":[63]},{""index"":78,""window_indices"":[77,78,79,80],""boundary_right_indices"":[80]},{""index"":79,""window_indices"":[78,79,80,81],""boundary_right_indices"":[80]},{""index"":80,""window_indices"":[79,80,81,82],""boundary_right_indices"":[80]}]","[6,7,43,44,45,46,50,51,55,56,79]",True,False,True,[],"[[0,1,2,3,4,5,6,7,8,9,10,11,12,13,14,15,16,17,18,19,20,21,22,23,24,25,26,27,28,29,30,31,32,33,34,35,36,37,38,39,40,41,42,43,44,45,46,47,48,49,50,51,52,53,54,55,56,57,58,59,60,61,62,63,64,65,66,67,68,69,70,71,72,73,74,75,76,77,78,79,80,81,82,83,84,85,86,87,88,89]]",9,False,True,False
order_development,g2-development-orders-02,DEVELOPMENT,50bf227f269c134cc3dc2fedd36b0e50ce071a18dbb8afcf3d306d772956d60e,cfg-b15b8281b73592fb,D-P-S,30,400,5,65,35,5,80f17e993f91963e72ef85455829459e67b09841149a16ccbe4d2afbfb737293,VERIFIED,1686,True,"[0,1,2,3,4,5,8,9,10,11,12,13,14,15,18,19,20,21,22,23,24,25,26,27,28,29,30,31,32,33,34,35]",[],"[{""index"":4,""window_indices"":[3,4,5,6],""boundary_right_indices"":[6]},{""index"":5,""window_indices"":[4,5,6,7],""boundary_right_indices"":[6]},{""index"":6,""window_indices"":[5,6,7,8],""boundary_right_indices"":[6,8]},{""index"":7,""window_indices"":[6,7,8,9],""boundary_right_indices"":[8]},{""index"":8,""window_indices"":[7,8,9,10],""boundary_right_indices"":[8]},{""index"":14,""window_indices"":[13,14,15,16],""boundary_right_indices"":[16]},{""index"":15,""window_indices"":[14,15,16,17],""boundary_right_indices"":[16]},{""index"":16,""window_indices"":[15,16,17,18],""boundary_right_indices"":[16,18]},{""index"":17,""window_indices"":[16,17,18,19],""boundary_right_indices"":[18]},{""index"":18,""window_indices"":[17,18,19,20],""boundary_right_indices"":[18]}]",[7],True,False,True,"[[0,1,2,3,4,5],[8,9,10,11,12,13,14,15],[18,19,20,21,22,23,24,25,26,27,28,29,30,31,32,33,34,35]]","[[0,1,2,3,4,5,6,7,8,9,10,11,12,13,14,15,16,17,18,19,20,21,22,23,24,25,26,27,28,29,30,31,32,33,34,35]]",12,False,True,False
order_development,g2-development-orders-02,DEVELOPMENT,50bf227f269c134cc3dc2fedd36b0e50ce071a18dbb8afcf3d306d772956d60e,cfg-b15b8281b73592fb,D-P-S,30,400,5,65,35,5,80f17e993f91963e72ef85455829459e67b09841149a16ccbe4d2afbfb737293,VERIFIED,4838,True,"[0,1,2,3,4,5,6,7,8,9,10,11,12,13,14,15,16,17,18,19,20,21,22,23,24,25,26,27,28,29,30,31,32,33,34,35,36,37,38,39,46,47,58,59,60,61,62,63,64,65,66,67,68,69,70,71,72,73,74,75,76,77,78,79,80,81,82,83,84,85,86,87,88,89,90,91,92,93,94,95,96,97,98,99,100,101,102,103,104,105,106,107,108,109,110,111,112,113,114,115,116,117,118,119,120,121,122,123,124,125]",[],[],[],True,False,False,"[[0,1,2,3,4,5,6,7,8,9,10,11,12,13,14,15,16,17,18,19,20,21,22,23,24,25,26,27,28,29,30,31,32,33,34,35,36,37,38,39,40,41,42,43,44,45,46,47,48,49,50,51,52,53,54,55,56,57,58,59,60,61,62,63,64,65,66,67,68,69,70,71,72,73,74,75,76,77,78,79,80,81,82,83,84,85,86,87,88,89,90,91,92,93,94,95,96,97,98,99,100,101,102,103,104,105,106,107,108,109,110,111,112,113,114,115,116,117,118,119,120,121,122,123,124,125]]","[[0,1,2,3,4,5,6,7,8,9,10,11,12,13,14,15,16,17,18,19,20,21,22,23,24,25,26,27,28,29,30,31,32,33,34,35,36,37,38,39,40,41,42,43,44,45,46,47,48,49,50,51,52,53,54,55,56,57,58,59,60,61,62,63,64,65,66,67,68,69,70,71,72,73,74,75,76,77,78,79,80,81,82,83,84,85,86,87,88,89,90,91,92,93,94,95,96,97,98,99,100,101,102,103,104,105,106,107,108,109,110,111,112,113,114,115,116,117,118,119,120,121,122,123,124,125]]",26,False,False,False
order_development,g2-development-orders-02,DEVELOPMENT,50bf227f269c134cc3dc2fedd36b0e50ce071a18dbb8afcf3d306d772956d60e,cfg-b15b8281b73592fb,D-P-S,30,400,5,65,35,5,80f17e993f91963e72ef85455829459e67b09841149a16ccbe4d2afbfb737293,VERIFIED,1818,True,"[1,2,3,4,5,6,7,8,9,10,11,12,13,14,15,16,17,18,19,20,21,22,23,24,25,26,27,28,29,30,31,32,33,34,35,36,37,38,39,40,41,42,43,44,45,46,47,48,49,50,51,52,53,54,55,56,57,58,59,60,61,62,63,64,65,66,67,68,69,70,71,72,73,74,75,76,77,78,79,80,81,82,83,84,85,86,87,88,89,90,91,92,93,94,95,96,97]",[],"[{""index"":1,""window_indices"":[0,1,2,3],""boundary_right_indices"":[1]}]",[1],True,False,True,"[[1,2,3,4,5,6,7,8,9,10,11,12,13,14,15,16,17,18,19,20,21,22,23,24,25,26,27,28,29,30,31,32,33,34,35,36,37,38,39,40,41,42,43,44,45,46,47,48,49,50,51,52,53,54,55,56,57,58,59,60,61,62,63,64,65,66,67,68,69,70,71,72,73,74,75,76,77,78,79,80,81,82,83,84,85,86,87,88,89,90,91,92,93,94,95,96,97]]","[[0,1,2,3,4,5,6,7,8,9,10,11,12,13,14,15,16,17,18,19,20,21,22,23,24,25,26,27,28,29,30,31,32,33,34,35,36,37,38,39,40,41,42,43,44,45,46,47,48,49,50,51,52,53,54,55,56,57,58,59,60,61,62,63,64,65,66,67,68,69,70,71,72,73,74,75,76,77,78,79,80,81,82,83,84,85,86,87,88,89,90,91,92,93,94,95,96,97]]",9,False,True,False
order_development,g2-development-orders-02,DEVELOPMENT,50bf227f269c134cc3dc2fedd36b0e50ce071a18dbb8afcf3d306d772956d60e,cfg-b15b8281b73592fb,D-P-S,30,400,5,65,35,5,80f17e993f91963e72ef85455829459e67b09841149a16ccbe4d2afbfb737293,VERIFIED,10810,True,"[0,1,2,3,4,5,6,7,8,9,10,11,12,13,14,15,16,17,18,19,20,21,22,23,24,25,26,27,28,29,30,31,32,33,34,35,36,37,38,39,40,41,42,43,44,45,46,47,48,49,50,51,52,53,54,55,56,57,58,59,60,61,62,63,64,65,66,67,68,69,70,71,72,73,74,75,76,77,78,79,80,81,82,83,84,85,86,87,88,89,90,91,92,93,94,95,96,97,98,99,100,101]",[],[],[],True,False,False,"[[0,1,2,3,4,5,6,7,8,9,10,11,12,13,14,15,16,17,18,19,20,21,22,23,24,25,26,27,28,29,30,31,32,33,34,35,36,37,38,39,40,41,42,43,44,45,46,47,48,49,50,51,52,53,54,55,56,57,58,59,60,61,62,63,64,65,66,67,68,69,70,71,72,73,74,75,76,77,78,79,80,81,82,83,84,85,86,87,88,89,90,91,92,93,94,95,96,97,98,99,100,101]]","[[0,1,2,3,4,5,6,7,8,9,10,11,12,13,14,15,16,17,18,19,20,21,22,23,24,25,26,27,28,29,30,31,32,33,34,35,36,37,38,39,40,41,42,43,44,45,46,47,48,49,50,51,52,53,54,55,56,57,58,59,60,61,62,63,64,65,66,67,68,69,70,71,72,73,74,75,76,77,78,79,80,81,82,83,84,85,86,87,88,89,90,91,92,93,94,95,96,97,98,99,100,101]]",21,False,True,False
order_development,g2-development-orders-02,DEVELOPMENT,50bf227f269c134cc3dc2fedd36b0e50ce071a18dbb8afcf3d306d772956d60e,cfg-b15b8281b73592fb,D-P-S,30,400,5,65,35,5,80f17e993f91963e72ef85455829459e67b09841149a16ccbe4d2afbfb737293,VERIFIED,4953,True,"[0,1,2,3,4,5,6,7,8,9,10,11,12,13,14,15,16,17,18,19,20,21,22,23,34,35,36,37,38,39,40,41,42,43,44,45,46,47,48,49,50,51,52,53,54,55,56,57,58,59,60,67,68,69,70,71,72,73,74,75,85,86,87,88,89,90,91,92,93,94,95,96,97,98,99]",[],"[{""index"":13,""window_indices"":[12,13,14,15],""boundary_right_indices"":[15]},{""index"":14,""window_indices"":[13,14,15,16],""boundary_right_indices"":[15]},{""index"":15,""window_indices"":[14,15,16,17],""boundary_right_indices"":[15]},{""index"":74,""window_indices"":[73,74,75,76],""boundary_right_indices"":[76]},{""index"":75,""window_indices"":[74,75,76,77],""boundary_right_indices"":[76]},{""index"":76,""window_indices"":[75,76,77,78],""boundary_right_indices"":[76]}]",[],True,False,True,"[[0,1,2,3,4,5,6,7,8,9,10,11,12,13,14],[15,16,17,18,19,20,21,22,23,24,25,26,27,28,29,30,31,32,33,34,35,36,37,38,39,40,41,42,43,44,45,46,47,48,49,50,51,52,53,54,55,56,57,58,59,60,61,62,63,64,65,66,67,68,69,70,71,72,73,74,75],[76,77,78,79,80,81,82,83,84,85,86,87,88,89,90,91,92,93,94,95,96,97,98,99]]","[[0,1,2,3,4,5,6,7,8,9,10,11,12,13,14,15,16,17,18,19,20,21,22,23,24,25,26,27,28,29,30,31,32,33,34,35,36,37,38,39,40,41,42,43,44,45,46,47,48,49,50,51,52,53,54,55,56,57,58,59,60,61,62,63,64,65,66,67,68,69,70,71,72,73,74,75,76,77,78,79,80,81,82,83,84,85,86,87,88,89,90,91,92,93,94,95,96,97,98,99]]",16,False,False,False
order_development,g2-development-orders-02,DEVELOPMENT,50bf227f269c134cc3dc2fedd36b0e50ce071a18dbb8afcf3d306d772956d60e,cfg-b15b8281b73592fb,D-P-S,30,400,5,65,35,5,80f17e993f91963e72ef85455829459e67b09841149a16ccbe4d2afbfb737293,VERIFIED,7404,True,"[0,1,2,3,4,5,6,7,8,9,10,11,12,13,14,15,16,17,18,22,23,24,25,26,27,28,29,30,31,32,33,34,35,36,37,38,39,40,41,42,43,44,45,46,47,48,49,50,51,52,53,54,55,56,57,58,59,60,61,62,63,64,65,66,67,68]",[],"[{""index"":17,""window_indices"":[16,17,18,19],""boundary_right_indices"":[19]},{""index"":18,""window_indices"":[17,18,19,20],""boundary_right_indices"":[19]},{""index"":19,""window_indices"":[18,19,20,21],""boundary_right_indices"":[19]},{""index"":20,""window_indices"":[19,20,21,22],""boundary_right_indices"":[22]},{""index"":21,""window_indices"":[20,21,22,23],""boundary_right_indices"":[22]},{""index"":22,""window_indices"":[21,22,23,24],""boundary_right_indices"":[22]},{""index"":39,""window_indices"":[38,39,40,41],""boundary_right_indices"":[41]},{""index"":40,""window_indices"":[39,40,41,42],""boundary_right_indices"":[41]},{""index"":41,""window_indices"":[40,41,42,43],""boundary_right_indices"":[41]}]","[22,41]",True,False,True,"[[0,1,2,3,4,5,6,7,8,9,10,11,12,13,14,15,16,17,18],[22,23,24,25,26,27,28,29,30,31,32,33,34,35,36,37,38,39,40],[41,42,43,44,45,46,47,48,49,50,51,52,53,54,55,56,57,58,59,60,61,62,63,64,65,66,67,68]]","[[0,1,2,3,4,5,6,7,8,9,10,11,12,13,14,15,16,17,18,19,20,21,22,23,24,25,26,27,28,29,30,31,32,33,34,35,36,37,38,39,40,41,42,43,44,45,46,47,48,49,50,51,52,53,54,55,56,57,58,59,60,61,62,63,64,65,66,67,68]]",20,False,True,False
order_development,g2-development-orders-02,DEVELOPMENT,50bf227f269c134cc3dc2fedd36b0e50ce071a18dbb8afcf3d306d772956d60e,cfg-b15b8281b73592fb,D-P-S,30,400,5,65,35,5,80f17e993f91963e72ef85455829459e67b09841149a16ccbe4d2afbfb737293,VERIFIED,3615,True,"[18,19,20]",[],"[{""index"":1,""window_indices"":[0,1,2,3],""boundary_right_indices"":[1]}]",[],True,False,True,"[[1,2,3,4,5,6,7,8,9,10,11,12,13,14,15,16,17,18,19,20]]","[[0,1,2,3,4,5,6,7,8,9,10,11,12,13,14,15,16,17,18,19,20]]",3,False,False,False
order_development,g2-development-orders-02,DEVELOPMENT,50bf227f269c134cc3dc2fedd36b0e50ce071a18dbb8afcf3d306d772956d60e,cfg-b15b8281b73592fb,D-P-S,30,400,5,65,35,5,80f17e993f91963e72ef85455829459e67b09841149a16ccbe4d2afbfb737293,VERIFIED,3439,True,"[0,1,2,3,4,5,6,7,8,9,10,11,12,13,14,15,16,17,18,19,20,21,22,23,24,25,26,27,28,29,30,75,76,77,78,79,80,81,82,83,84,85,86,87,88,89,90,91,92,93,94,95,96,97,98,99,100,101,102,103,104,105,106,107,108,109,110,111,112,113,114,115,116,117,118,119,120]",[],[],[],True,False,False,"[[0,1,2,3,4,5,6,7,8,9,10,11,12,13,14,15,16,17,18,19,20,21,22,23,24,25,26,27,28,29,30,31,32,33,34,35,36,37,38,39,40,41,42,43,44,45,46,47,48,49,50,51,52,53,54,55,56,57,58,59,60,61,62,63,64,65,66,67,68,69,70,71,72,73,74,75,76,77,78,79,80,81,82,83,84,85,86,87,88,89,90,91,92,93,94,95,96,97,98,99,100,101,102,103,104,105,106,107,108,109,110,111,112,113,114,115,116,117,118,119,120]]","[[0,1,2,3,4,5,6,7,8,9,10,11,12,13,14,15,16,17,18,19,20,21,22,23,24,25,26,27,28,29,30,31,32,33,34,35,36,37,38,39,40,41,42,43,44,45,46,47,48,49,50,51,52,53,54,55,56,57,58,59,60,61,62,63,64,65,66,67,68,69,70,71,72,73,74,75,76,77,78,79,80,81,82,83,84,85,86,87,88,89,90,91,92,93,94,95,96,97,98,99,100,101,102,103,104,105,106,107,108,109,110,111,112,113,114,115,116,117,118,119,120]]",19,False,False,False
order_development,g2-development-orders-02,DEVELOPMENT,50bf227f269c134cc3dc2fedd36b0e50ce071a18dbb8afcf3d306d772956d60e,cfg-b15b8281b73592fb,D-P-S,30,400,5,65,35,5,80f17e993f91963e72ef85455829459e67b09841149a16ccbe4d2afbfb737293,VERIFIED,9352,True,"[0,1,2,3,23,24,25,26,27,28,29,30,31,32,33,34,35,36,37,38,39,40,41,42,43,44,45,46,47,48,49,50,51,52,53,54,55,56,67,68,69,70,71,72,73,74,75,76,77,78,79,80,81,82,83,84,85,86,87,88,89,90,91,92,93,94,95,96,97,98,99,107,108,109,110,111,112,113,114]",[],"[{""index"":105,""window_indices"":[104,105,106,107],""boundary_right_indices"":[107]},{""index"":106,""window_indices"":[105,106,107,108],""boundary_right_indices"":[107]},{""index"":107,""window_indices"":[106,107,108,109],""boundary_right_indices"":[107]}]",[107],True,False,True,"[[0,1,2,3,4,5,6,7,8,9,10,11,12,13,14,15,16,17,18,19,20,21,22,23,24,25,26,27,28,29,30,31,32,33,34,35,36,37,38,39,40,41,42,43,44,45,46,47,48,49,50,51,52,53,54,55,56,57,58,59,60,61,62,63,64,65,66,67,68,69,70,71,72,73,74,75,76,77,78,79,80,81,82,83,84,85,86,87,88,89,90,91,92,93,94,95,96,97,98,99,100,101,102,103,104,105,106],[107,108,109,110,111,112,113,114]]","[[0,1,2,3,4,5,6,7,8,9,10,11,12,13,14,15,16,17,18,19,20,21,22,23,24,25,26,27,28,29,30,31,32,33,34,35,36,37,38,39,40,41,42,43,44,45,46,47,48,49,50,51,52,53,54,55,56,57,58,59,60,61,62,63,64,65,66,67,68,69,70,71,72,73,74,75,76,77,78,79,80,81,82,83,84,85,86,87,88,89,90,91,92,93,94,95,96,97,98,99,100,101,102,103,104,105,106,107,108,109,110,111,112,113,114]]",19,False,False,False
order_development,g2-development-orders-02,DEVELOPMENT,50bf227f269c134cc3dc2fedd36b0e50ce071a18dbb8afcf3d306d772956d60e,cfg-b15b8281b73592fb,D-P-S,30,400,5,65,35,5,80f17e993f91963e72ef85455829459e67b09841149a16ccbe4d2afbfb737293,VERIFIED,5029,False,[],[],"[{""index"":4,""window_indices"":[3,4,5,6],""boundary_right_indices"":[6]},{""index"":5,""window_indices"":[4,5,6,7],""boundary_right_indices"":[6]},{""index"":6,""window_indices"":[5,6,7,8],""boundary_right_indices"":[6]},{""index"":35,""window_indices"":[34,35,36,37],""boundary_right_indices"":[37]},{""index"":36,""window_indices"":[35,36,37,38],""boundary_right_indices"":[37]},{""index"":37,""window_indices"":[36,37,38,39],""boundary_right_indices"":[37]},{""index"":49,""window_indices"":[48,49,50,51],""boundary_right_indices"":[51]},{""index"":50,""window_indices"":[49,50,51,52],""boundary_right_indices"":[51]},{""index"":51,""window_indices"":[50,51,52,53],""boundary_right_indices"":[51]},{""index"":66,""window_indices"":[65,66,67,68],""boundary_right_indices"":[68]},{""index"":67,""window_indices"":[66,67,68,69],""boundary_right_indices"":[68]},{""index"":68,""window_indices"":[67,68,69,70],""boundary_right_indices"":[68]},{""index"":80,""window_indices"":[79,80,81,82],""boundary_right_indices"":[82]},{""index"":81,""window_indices"":[80,81,82,83],""boundary_right_indices"":[82]},{""index"":82,""window_indices"":[81,82,83,84],""boundary_right_indices"":[82]},{""index"":84,""window_indices"":[83,84,85,86],""boundary_right_indices"":[86]},{""index"":85,""window_indices"":[84,85,86,87],""boundary_right_indices"":[86]},{""index"":86,""window_indices"":[85,86,87,88],""boundary_right_indices"":[86]}]","[5,6,36,37,50,51,67,68,81,82,85,86]",True,False,True,[],"[[0,1,2,3,4,5,6,7,8,9,10,11,12,13,14,15,16,17,18,19,20,21,22,23,24,25,26,27,28,29,30,31,32,33,34,35,36,37,38,39,40,41,42,43,44,45,46,47,48,49,50,51,52,53,54,55,56,57,58,59,60,61,62,63,64,65,66,67,68,69,70,71,72,73,74,75,76,77,78,79,80,81,82,83,84,85,86,87,88,89,90,91,92,93,94,95,96,97]]",2,False,True,False
order_development,g2-development-orders-02,DEVELOPMENT,50bf227f269c134cc3dc2fedd36b0e50ce071a18dbb8afcf3d306d772956d60e,cfg-b15b8281b73592fb,D-P-S,30,400,5,65,35,5,80f17e993f91963e72ef85455829459e67b09841149a16ccbe4d2afbfb737293,VERIFIED,10000,True,"[0,1,2,3,4,5,6,47,48,49,50,51,52,53,54,55,56,57,58,59,60,61,62,63,64,65,66,67,68,69,70,71,72,73,74,75,76,77,78,79,80,81,82,83,84,85,86,87,88,89,90,91,92,93,94,95,96,97,98,99,100,101,102,103,104,105,106,107,108,109,110,111,112,113,114,115,116,117,118,119,120,121,122,123]",[],[],[],True,False,False,"[[0,1,2,3,4,5,6,7,8,9,10,11,12,13,14,15,16,17,18,19,20,21,22,23,24,25,26,27,28,29,30,31,32,33,34,35,36,37,38,39,40,41,42,43,44,45,46,47,48,49,50,51,52,53,54,55,56,57,58,59,60,61,62,63,64,65,66,67,68,69,70,71,72,73,74,75,76,77,78,79,80,81,82,83,84,85,86,87,88,89,90,91,92,93,94,95,96,97,98,99,100,101,102,103,104,105,106,107,108,109,110,111,112,113,114,115,116,117,118,119,120,121,122,123]]","[[0,1,2,3,4,5,6,7,8,9,10,11,12,13,14,15,16,17,18,19,20,21,22,23,24,25,26,27,28,29,30,31,32,33,34,35,36,37,38,39,40,41,42,43,44,45,46,47,48,49,50,51,52,53,54,55,56,57,58,59,60,61,62,63,64,65,66,67,68,69,70,71,72,73,74,75,76,77,78,79,80,81,82,83,84,85,86,87,88,89,90,91,92,93,94,95,96,97,98,99,100,101,102,103,104,105,106,107,108,109,110,111,112,113,114,115,116,117,118,119,120,121,122,123]]",2,False,False,False
order_development,g2-development-orders-02,DEVELOPMENT,50bf227f269c134cc3dc2fedd36b0e50ce071a18dbb8afcf3d306d772956d60e,cfg-b15b8281b73592fb,D-P-S,30,400,5,65,35,5,80f17e993f91963e72ef85455829459e67b09841149a16ccbe4d2afbfb737293,VERIFIED,2340,True,"[9,10,11,12,13,14,15,16,17,18,19,20,21,22,23,24,25,26,38,39,40,41,42,43,44,45,46,47,48,49,50,51,52,53,54,55,56,57,58,59,60,61,62,63,64,65,66,67,68,69,70,71,72,73,74,75,76,77,78,79,80,81,82,83,84,85,86,87,88,89,90,91,92,93,94,95,102,103,104,105,106,107,108,109]",[],[],[],True,False,False,"[[0,1,2,3,4,5,6,7,8,9,10,11,12,13,14,15,16,17,18,19,20,21,22,23,24,25,26,27,28,29,30,31,32,33,34,35,36,37,38,39,40,41,42,43,44,45,46,47,48,49,50,51,52,53,54,55,56,57,58,59,60,61,62,63,64,65,66,67,68,69,70,71,72,73,74,75,76,77,78,79,80,81,82,83,84,85,86,87,88,89,90,91,92,93,94,95,96,97,98,99,100,101,102,103,104,105,106,107,108,109]]","[[0,1,2,3,4,5,6,7,8,9,10,11,12,13,14,15,16,17,18,19,20,21,22,23,24,25,26,27,28,29,30,31,32,33,34,35,36,37,38,39,40,41,42,43,44,45,46,47,48,49,50,51,52,53,54,55,56,57,58,59,60,61,62,63,64,65,66,67,68,69,70,71,72,73,74,75,76,77,78,79,80,81,82,83,84,85,86,87,88,89,90,91,92,93,94,95,96,97,98,99,100,101,102,103,104,105,106,107,108,109]]",15,False,False,False
order_development,g2-development-orders-02,DEVELOPMENT,50bf227f269c134cc3dc2fedd36b0e50ce071a18dbb8afcf3d306d772956d60e,cfg-b15b8281b73592fb,D-P-S,30,400,5,65,35,5,80f17e993f91963e72ef85455829459e67b09841149a16ccbe4d2afbfb737293,VERIFIED,7920,True,"[20,21,22,23,24,43,44,45,46,47,48,49,50,51,52,53,54,55,56,57,58,59,60,61,62,63,64,65,66,67,68,69,70,71,72,73,74,75,76,77,78,79]",[],"[{""index"":78,""window_indices"":[77,78,79,80],""boundary_right_indices"":[80]},{""index"":79,""window_indices"":[78,79,80,81],""boundary_right_indices"":[80]},{""index"":80,""window_indices"":[79,80,81,82],""boundary_right_indices"":[80]},{""index"":113,""window_indices"":[112,113,114,115],""boundary_right_indices"":[115]},{""index"":114,""window_indices"":[113,114,115,116],""boundary_right_indices"":[115]},{""index"":115,""window_indices"":[114,115,116,117],""boundary_right_indices"":[115]},{""index"":121,""window_indices"":[120,121,122,123],""boundary_right_indices"":[123]},{""index"":122,""window_indices"":[121,122,123,124],""boundary_right_indices"":[123]},{""index"":123,""window_indices"":[122,123,124,125],""boundary_right_indices"":[123]}]","[79,80,114,115,122,123]",True,False,True,"[[0,1,2,3,4,5,6,7,8,9,10,11,12,13,14,15,16,17,18,19,20,21,22,23,24,25,26,27,28,29,30,31,32,33,34,35,36,37,38,39,40,41,42,43,44,45,46,47,48,49,50,51,52,53,54,55,56,57,58,59,60,61,62,63,64,65,66,67,68,69,70,71,72,73,74,75,76,77,78,79]]","[[0,1,2,3,4,5,6,7,8,9,10,11,12,13,14,15,16,17,18,19,20,21,22,23,24,25,26,27,28,29,30,31,32,33,34,35,36,37,38,39,40,41,42,43,44,45,46,47,48,49,50,51,52,53,54,55,56,57,58,59,60,61,62,63,64,65,66,67,68,69,70,71,72,73,74,75,76,77,78,79,80,81,82,83,84,85,86,87,88,89,90,91,92,93,94,95,96,97,98,99,100,101,102,103,104,105,106,107,108,109,110,111,112,113,114,115,116,117,118,119,120,121,122,123,124,125,126,127,128]]",1,False,False,False
order_development,g2-development-orders-02,DEVELOPMENT,50bf227f269c134cc3dc2fedd36b0e50ce071a18dbb8afcf3d306d772956d60e,cfg-b15b8281b73592fb,D-P-S,30,400,5,65,35,5,80f17e993f91963e72ef85455829459e67b09841149a16ccbe4d2afbfb737293,VERIFIED,10442,True,"[0,1,2,3,4,5,6,7,8,9,10,11,12,13,14,15,16,17,18,19,20]",[],"[{""index"":19,""window_indices"":[18,19,20,21],""boundary_right_indices"":[21]},{""index"":20,""window_indices"":[19,20,21,22],""boundary_right_indices"":[21]},{""index"":21,""window_indices"":[20,21,22,23],""boundary_right_indices"":[21]}]","[20,21]",True,False,True,"[[0,1,2,3,4,5,6,7,8,9,10,11,12,13,14,15,16,17,18,19,20]]","[[0,1,2,3,4,5,6,7,8,9,10,11,12,13,14,15,16,17,18,19,20,21,22,23,24,25,26,27,28,29,30,31,32,33,34,35,36,37,38,39,40,41,42,43,44,45,46,47,48,49,50,51,52,53,54,55,56,57,58,59,60,61,62,63,64,65,66,67,68,69,70,71,72,73,74,75,76,77,78,79,80,81,82,83,84,85,86,87,88,89,90,91,92,93,94]]",5,False,True,False
order_development,g2-development-orders-02,DEVELOPMENT,50bf227f269c134cc3dc2fedd36b0e50ce071a18dbb8afcf3d306d772956d60e,cfg-b15b8281b73592fb,D-P-S,30,400,5,65,35,5,80f17e993f91963e72ef85455829459e67b09841149a16ccbe4d2afbfb737293,VERIFIED,2034,True,"[0,1,2,3,4,5,6,7,8,9,10,11,12,13,14,15,16,17,18,19,20,21,22,23,24,25,26,27,28,29,30,31,32,33,34,35,36,37,38,39,40,41,42,43,44,45,46,47,48,49,50,51,52,53,54,55,56,57,58,59,60,61,62,63,64,65,66,67,68,69,70,71,72,73,74,75,76,77,78,79,80,81,82,83,84,85,86,87,88,89,90,91,92]",[],"[{""index"":54,""window_indices"":[53,54,55,56],""boundary_right_indices"":[56]},{""index"":55,""window_indices"":[54,55,56,57],""boundary_right_indices"":[56]},{""index"":56,""window_indices"":[55,56,57,58],""boundary_right_indices"":[56]}]",[56],True,False,True,"[[0,1,2,3,4,5,6,7,8,9,10,11,12,13,14,15,16,17,18,19,20,21,22,23,24,25,26,27,28,29,30,31,32,33,34,35,36,37,38,39,40,41,42,43,44,45,46,47,48,49,50,51,52,53,54,55],[56,57,58,59,60,61,62,63,64,65,66,67,68,69,70,71,72,73,74,75,76,77,78,79,80,81,82,83,84,85,86,87,88,89,90,91,92]]","[[0,1,2,3,4,5,6,7,8,9,10,11,12,13,14,15,16,17,18,19,20,21,22,23,24,25,26,27,28,29,30,31,32,33,34,35,36,37,38,39,40,41,42,43,44,45,46,47,48,49,50,51,52,53,54,55,56,57,58,59,60,61,62,63,64,65,66,67,68,69,70,71,72,73,74,75,76,77,78,79,80,81,82,83,84,85,86,87,88,89,90,91,92]]",11,False,True,False
order_development,g2-development-orders-02,DEVELOPMENT,50bf227f269c134cc3dc2fedd36b0e50ce071a18dbb8afcf3d306d772956d60e,cfg-b15b8281b73592fb,D-P-S,30,400,5,65,35,5,80f17e993f91963e72ef85455829459e67b09841149a16ccbe4d2afbfb737293,VERIFIED,10051,True,"[0,1,2,3,4,5,6,7,8,9,10,11,12,13,14,15,16,17,18,19,20,21,22,23,24,25,26,27,28,29,43,44,45,46,47,48,49,50,51,52,53,54,55,56,57,58,59,60,61,62,63,64,65,66,67,68,69,70,71,72,73,74,75,76,77,78,79,80,81,82,83,84,85,86,87,88,89,90,91,92,93,94,95,96,97,98,99,100,101,102,103,104,105,106,107,108,109,110]",[],"[{""index"":65,""window_indices"":[64,65,66,67],""boundary_right_indices"":[67]},{""index"":66,""window_indices"":[65,66,67,68],""boundary_right_indices"":[67]},{""index"":67,""window_indices"":[66,67,68,69],""boundary_right_indices"":[67]}]",[66],True,False,True,"[[0,1,2,3,4,5,6,7,8,9,10,11,12,13,14,15,16,17,18,19,20,21,22,23,24,25,26,27,28,29,30,31,32,33,34,35,36,37,38,39,40,41,42,43,44,45,46,47,48,49,50,51,52,53,54,55,56,57,58,59,60,61,62,63,64,65,66],[67,68,69,70,71,72,73,74,75,76,77,78,79,80,81,82,83,84,85,86,87,88,89,90,91,92,93,94,95,96,97,98,99,100,101,102,103,104,105,106,107,108,109,110]]","[[0,1,2,3,4,5,6,7,8,9,10,11,12,13,14,15,16,17,18,19,20,21,22,23,24,25,26,27,28,29,30,31,32,33,34,35,36,37,38,39,40,41,42,43,44,45,46,47,48,49,50,51,52,53,54,55,56,57,58,59,60,61,62,63,64,65,66,67,68,69,70,71,72,73,74,75,76,77,78,79,80,81,82,83,84,85,86,87,88,89,90,91,92,93,94,95,96,97,98,99,100,101,102,103,104,105,106,107,108,109,110]]",30,False,False,False
order_development,g2-development-orders-02,DEVELOPMENT,50bf227f269c134cc3dc2fedd36b0e50ce071a18dbb8afcf3d306d772956d60e,cfg-b15b8281b73592fb,D-P-S,30,400,5,65,35,5,80f17e993f91963e72ef85455829459e67b09841149a16ccbe4d2afbfb737293,VERIFIED,6556,False,[],[],"[{""index"":76,""window_indices"":[75,76,77,78],""boundary_right_indices"":[78]},{""index"":77,""window_indices"":[76,77,78,79],""boundary_right_indices"":[78]},{""index"":78,""window_indices"":[77,78,79,80],""boundary_right_indices"":[78]}]",[78],True,False,True,[],"[[0,1,2,3,4,5,6,7,8,9,10,11,12,13,14,15,16,17,18,19,20,21,22,23,24,25,26,27,28,29,30,31,32,33,34,35,36,37,38,39,40,41,42,43,44,45,46,47,48,49,50,51,52,53,54,55,56,57,58,59,60,61,62,63,64,65,66,67,68,69,70,71,72,73,74,75,76,77,78,79,80,81,82,83,84,85,86,87,88,89,90,91,92,93,94,95,96]]",4,False,True,False
order_development,g2-development-orders-02,DEVELOPMENT,50bf227f269c134cc3dc2fedd36b0e50ce071a18dbb8afcf3d306d772956d60e,cfg-b15b8281b73592fb,D-P-S,30,400,5,65,35,5,80f17e993f91963e72ef85455829459e67b09841149a16ccbe4d2afbfb737293,VERIFIED,8456,True,"[0,1,2,3,4,5,6,7,8,9,10,11,12,13,14,15,16,17,18,19,20,21,22,23,24,25,26,27,28,29,30,31,32,33,34,35,48,49,50,51,52,53,54,55,56,57,58,59,60,61,62,63,64,65,66,67,68,69,70,71,72,73,74,75,76,77,78,79,80,81,82,83,84,85,86,87,88,89,90,91,92,93,94,95,101,102,103,104,105,106]",[],[],[],True,False,False,"[[0,1,2,3,4,5,6,7,8,9,10,11,12,13,14,15,16,17,18,19,20,21,22,23,24,25,26,27,28,29,30,31,32,33,34,35,36,37,38,39,40,41,42,43,44,45,46,47,48,49,50,51,52,53,54,55,56,57,58,59,60,61,62,63,64,65,66,67,68,69,70,71,72,73,74,75,76,77,78,79,80,81,82,83,84,85,86,87,88,89,90,91,92,93,94,95,96,97,98,99,100,101,102,103,104,105,106]]","[[0,1,2,3,4,5,6,7,8,9,10,11,12,13,14,15,16,17,18,19,20,21,22,23,24,25,26,27,28,29,30,31,32,33,34,35,36,37,38,39,40,41,42,43,44,45,46,47,48,49,50,51,52,53,54,55,56,57,58,59,60,61,62,63,64,65,66,67,68,69,70,71,72,73,74,75,76,77,78,79,80,81,82,83,84,85,86,87,88,89,90,91,92,93,94,95,96,97,98,99,100,101,102,103,104,105,106]]",24,False,False,False
order_development,g2-development-orders-02,DEVELOPMENT,50bf227f269c134cc3dc2fedd36b0e50ce071a18dbb8afcf3d306d772956d60e,cfg-b15b8281b73592fb,D-P-S,30,400,5,65,35,5,80f17e993f91963e72ef85455829459e67b09841149a16ccbe4d2afbfb737293,VERIFIED,1676,True,"[0,1,2,3,13,14,15,16,17,18,19,20,31,32,42,43,44,45,46,47,48,49,50,51,52,53,54,55,56,57,58,59,60,61,62,63,64,65,66,67,68,69,70,71,72,73,74,75,76,77,78,79,80,81,82,83,84,85,86,87,88,89,90,91,92,93,94,95,96,97,98,99,100,101,102,103]",[],[],[],True,False,False,"[[0,1,2,3,4,5,6,7,8,9,10,11,12,13,14,15,16,17,18,19,20,21,22,23,24,25,26,27,28,29,30,31,32,33,34,35,36,37,38,39,40,41,42,43,44,45,46,47,48,49,50,51,52,53,54,55,56,57,58,59,60,61,62,63,64,65,66,67,68,69,70,71,72,73,74,75,76,77,78,79,80,81,82,83,84,85,86,87,88,89,90,91,92,93,94,95,96,97,98,99,100,101,102,103]]","[[0,1,2,3,4,5,6,7,8,9,10,11,12,13,14,15,16,17,18,19,20,21,22,23,24,25,26,27,28,29,30,31,32,33,34,35,36,37,38,39,40,41,42,43,44,45,46,47,48,49,50,51,52,53,54,55,56,57,58,59,60,61,62,63,64,65,66,67,68,69,70,71,72,73,74,75,76,77,78,79,80,81,82,83,84,85,86,87,88,89,90,91,92,93,94,95,96,97,98,99,100,101,102,103]]",11,False,False,False
order_development,g2-development-orders-02,DEVELOPMENT,aa60ecce56ae6f06a2b33ec78e24c78c9d85472b33e38834ee2d06977b048400,cfg-b15b8281b73592fb,P-S-D,30,400,5,65,35,5,781ca3472ecc67f04aac04676f184927a53572012488508c4a8a5e08ea89d580,VERIFIED,3549,True,"[2,3,4,5,6,7,8,9,10,11,12,13,14,15,16,17,18,19,20,21,22,23,24,25,26,27,28,29,30,31,32,33,34,43,44,45,46,47,48,49,50,51,52,53,54,55,56,57,58,59,60,61,62,63,64,65,66,67,68,69,70,71,72,73,74,75,76,77,78,79,80,81,82,83,84,85,86,87,88,89,90,91,92,93]",[],[],"[2,6,7,11,12,17,53,80,85]",True,True,True,"[[2,3,4,5,6],[7,8,9,10,11],[12,13,14,15,16],[17,18,19,20,21,22,23,24,25,26,27,28,29,30,31,32,33,34,35,36,37,38,39,40,41,42,43,44,45,46,47],[48,49,50,51,52],[53,54,55,56,57,58,59,60,61,62],[63,64,65,66,67,68,69,70,71,72,73,74],[75,76,77,78,79],[80,81,82,83,84],[85,86,87,88,89,90,91,92,93]]","[[35,37,38,39,41,42]]",38,False,False,False
order_development,g2-development-orders-02,DEVELOPMENT,aa60ecce56ae6f06a2b33ec78e24c78c9d85472b33e38834ee2d06977b048400,cfg-b15b8281b73592fb,P-S-D,30,400,5,65,35,5,781ca3472ecc67f04aac04676f184927a53572012488508c4a8a5e08ea89d580,VERIFIED,3203,True,"[0,1,2,3,4,5,6,7,8,9,10,11,12,13,14,15,16,17,18,19,20,21,22,23,24,25,26,27,28,29,30,31,32,33,34,35,36,37,38,39,40,41,42,43,44,60,74,75,76,84,85,86,87,88,89,90,91,92,93,94,95,96,97,98,99,100,101,102,103,104,105,106,107,108,109]",[],[],[60],True,True,True,"[[0,1,2,3,4,5,6,7,8,9,10,11,12,13,14,15,16,17,18,19,20,21,22,23,24,25,26,27,28,29,30,31,32,33,34,35,36,37,38,39,40,41,42,43,44,45,46,47,48,49,50,51,52,53,54,55,56,57,58,59,60],[61,62,63,64,65,66,67,68,69,70,71,72,73,74,75,76,77,78,79,80,81,82,83,84,85,86,87,88,89,90,91,92,93,94,95,96,97,98,99,100,101,102,103,104,105,106,107,108,109]]","[[45,47,48,49,50,51,52,53,54,55,56,58,59],[61,64,68,69,70,71,73],[77,79,81,82,83]]",21,False,False,False
order_development,g2-development-orders-02,DEVELOPMENT,aa60ecce56ae6f06a2b33ec78e24c78c9d85472b33e38834ee2d06977b048400,cfg-b15b8281b73592fb,P-S-D,30,400,5,65,35,5,781ca3472ecc67f04aac04676f184927a53572012488508c4a8a5e08ea89d580,VERIFIED,867,True,"[5,6,7,8,9,10,11,12,13,14,15,16,17,18,19,20,25,26,27,28,29,30,31,32,33,34,35,36,37,38,39,40,41,42,43,44,45,46,47,48,49,50,51,52,53,54,55,56,57,58,59,60,61,62,63,64,65,66,67,68,69,70,71,72,73,74,75,76,77,78,79,80,81,82,83,84,85,86,87,88,89,90,91,92,93]",[],[],"[9,10,24,25,35,36,73,74,78,79,83,84,89]",True,True,True,"[[5,6,7,8,9],[10,11,12,13,14,15],[16,17,18,19,20],[25,26,27,28,29,30,31,32,33,34,35],[36,37,38,39,40],[41,42,43,44,45,46,47,48,49,50,51,52,53,54,55,56,57],[58,59,60,61,62],[63,64,65,66,67,68,69,70,71,72,73],[74,75,76,77,78],[79,80,81,82,83],[84,85,86,87,88],[89,90,91,92,93]]",[],36,False,True,False
order_development,g2-development-orders-02,DEVELOPMENT,aa60ecce56ae6f06a2b33ec78e24c78c9d85472b33e38834ee2d06977b048400,cfg-b15b8281b73592fb,P-S-D,30,400,5,65,35,5,781ca3472ecc67f04aac04676f184927a53572012488508c4a8a5e08ea89d580,VERIFIED,10449,True,"[0,1,2,3,4,5,6,7,8,9,10,11,12,13,14,15,16,17,18,19,29,30,31,32,33,34,35,36,37,38,51,52,53,54,55,56,57,58,59,60,61,62,63,64,65,66,67,68,69,70,71,72,73,74,75,76,77,78,79,80,81,82,83,84,85,86,87,88,89,90,91,92,93,94,95,96]",[],[],"[76,77,96,97]",True,True,True,"[[0,1,2,3,4,5,6,7,8,9,10,11,12,13,14,15,16,17,18,19,20,21,22,23,24,25,26,27,28,29,30,31,32,33,34,35,36,37,38,39,40,41,42,43,44,45,46,47,48,49,50,51,52,53,54,55,56,57,58,59,60,61,62,63,64,65,66,67,68,69,70,71,72,73,74,75,76],[77,78,79,80,81,82,83,84,85,86,87,88,89,90,91,92,93,94,95,96]]","[[20,23,25,26,27,28],[39,41,42,43,44,45,46,47,48,49,50]]",27,False,False,False
order_development,g2-development-orders-02,DEVELOPMENT,aa60ecce56ae6f06a2b33ec78e24c78c9d85472b33e38834ee2d06977b048400,cfg-b15b8281b73592fb,P-S-D,30,400,5,65,35,5,781ca3472ecc67f04aac04676f184927a53572012488508c4a8a5e08ea89d580,VERIFIED,2308,True,"[11,12,13,14,15,16,17,18,19,20,21,22,23,24,25,26,27]",[],[],"[10,11,15,16]",True,True,True,"[[2,3,4,5,6],[11,12,13,14,15],[16,17,18,19,20,21,22,23,24,25,26,27,28,29,30,31,32,33,34,35,36,37,38,39,40,41,42]]","[[2,3,4,5,6],[28,29,31,32,33,35,38,40,41,42]]",10,False,False,False
order_development,g2-development-orders-02,DEVELOPMENT,aa60ecce56ae6f06a2b33ec78e24c78c9d85472b33e38834ee2d06977b048400,cfg-b15b8281b73592fb,P-S-D,30,400,5,65,35,5,781ca3472ecc67f04aac04676f184927a53572012488508c4a8a5e08ea89d580,VERIFIED,11355,True,"[9,10,11,12,13,14,15,16,37,38,39,40,41,42,43,44,45,56,57,58,59,60,61,62,63,64,65,66,67,68,69,90,91,92,93,94,95,96,97,98,99,100,101,110,111,112,113]",[],[],[],True,True,True,"[[0,1,2,3,4,5,6,7,8,9,10,11,12,13,14,15,16,17,18,19,20,21,22,23,24,25,26,27,28,29,30,31,32,33,34,35,36,37,38,39,40,41,42,43,44,45,46,47,48,49,50,51,52,53,54,55,56,57,58,59,60,61,62,63,64,65,66,67,68,69,70,71,72,73,74,75,76,77,78,79,80,81,82,83,84,85,86,87,88],[90,91,92,93,94,95,96,97,98,99,100,101,102,103,104,105,106,107,108,109,110,111,112,113]]","[[0,1,2,3,4,6,8],[17,18,19,20,21,22,23,24,26,27,28,31,33,34,36],[46,47,48,49,50,51,52,53,55],[70,73,75,77,79,84,85,87,88],[102,104,105,107,108,109]]",14,False,False,False
order_development,g2-development-orders-02,DEVELOPMENT,aa60ecce56ae6f06a2b33ec78e24c78c9d85472b33e38834ee2d06977b048400,cfg-b15b8281b73592fb,P-S-D,30,400,5,65,35,5,781ca3472ecc67f04aac04676f184927a53572012488508c4a8a5e08ea89d580,VERIFIED,3357,True,"[0,1,2,3,4,5,6,7,8,9,10,11,12,13,14,15,16,17,18,19,20,21,22,23,24,25,26,27,28,29,30,31,32,33,34,35,36,37,38,39,40,41,42,43,44,45,46,47,48,49,50,51,52,53,54,55,56,57,58,59,60,61,62,76,77,78,79,80,81,82,83,84,85,93,94,95,96,97,98,99,100,101]",[],[],"[76,96,97,101]",True,True,True,"[[0,1,2,3,4,5,6,7,8,9,10,11,12,13,14,15,16,17,18,19,20,21,22,23,24,25,26,27,28,29,30,31,32,33,34,35,36,37,38,39,40,41,42,43,44,45,46,47,48,49,50,51,52,53,54,55,56,57,58,59,60,61,62,63,64,65,66,67,68,69,70,71,72,73,74,75],[76,77,78,79,80],[81,82,83,84,85],[86,87,88,89,90,91,92,93,94,95,96],[97,98,99,100,101]]","[[63,65,66,67,68,69,70,71,72,73,74,75],[86,87,89,90,91,92]]",17,False,False,False
order_development,g2-development-orders-02,DEVELOPMENT,aa60ecce56ae6f06a2b33ec78e24c78c9d85472b33e38834ee2d06977b048400,cfg-b15b8281b73592fb,P-S-D,30,400,5,65,35,5,781ca3472ecc67f04aac04676f184927a53572012488508c4a8a5e08ea89d580,VERIFIED,9779,True,"[0,1,2,3,4,10,11,12,13,14,15,16,17,42,43,44,45,46,47,48,49,50,51,52,53,54,55,56,57,76,77,78,79,80,81,82,83,84,85,86,87,88,89,90,91,92,93,94,95,96,97,98,99,100,101,102,103,104,105,106]",[],[],[],True,True,True,"[[0,1,2,3,4,5,6,7,8,9,10,11,12,13,14,15,16,17,18,19,20,21,22,23,24,25,26,27,28,29,30,31,32,33,34,35,36,37,38,39,40,41,42,43,44,45,46,47,48,49,50,51,52,53,54,55,56,57,58,59,60,61,62,63,64,65,66,67,68,69,70,71,72,73,74,75,76,77,78,79,80,81,82,83,84,85,86,87,88,89,90,91,92,93,94,95,96,97,98,99,100,101,102,103,104,105,106]]","[[5,6,7,8,9],[18,20,21,22,24,25,26,27,28,29,31,33,34,36,38,40,41],[58,59,62,63,64,66,68,69,70,71,72,73,74,75]]",16,False,False,False
order_development,g2-development-orders-02,DEVELOPMENT,aa60ecce56ae6f06a2b33ec78e24c78c9d85472b33e38834ee2d06977b048400,cfg-b15b8281b73592fb,P-S-D,30,400,5,65,35,5,781ca3472ecc67f04aac04676f184927a53572012488508c4a8a5e08ea89d580,VERIFIED,4773,True,"[0,1,2,3,4,5,6,7,8,9,10,11,12,13,14,15,16,17,18,19,20,21,22,23,24,25,26,27,28,29,30,31,32,33,34,35,36,37,38,39,40,41,42,43,44,45,46,47,48,49,56,57,58,59,60,61,68,69,70,71,72,73,74,75,76,77,78,79,80,81,82,83,84,85,86,87,88]",[],[],"[5,6,19,20,24,25,46,56]",True,True,True,"[[0,1,2,3,4,5],[6,7,8,9,10,11,12,13,14],[15,16,17,18,19],[20,21,22,23,24],[25,26,27,28,29,30,31,32,33,34,35,36,37,38,39,40,41,42,43,44,45,46],[47,48,49,50,51,52,53,54,55],[56,57,58,59,60,61,62,63,64,65,66,67,68,69,70,71],[72,73,74,75,76,77],[78,79,80,81,82,83,84,85,86,87,88],[89,90,91,92,93],[94,95,96,97,98,99,100,101]]","[[50,51,52,53,54,55],[62,63,64,65,66,67],[89,90,91,92,93],[94,96,97,98,99,100,101]]",43,False,False,False
order_development,g2-development-orders-02,DEVELOPMENT,aa60ecce56ae6f06a2b33ec78e24c78c9d85472b33e38834ee2d06977b048400,cfg-b15b8281b73592fb,P-S-D,30,400,5,65,35,5,781ca3472ecc67f04aac04676f184927a53572012488508c4a8a5e08ea89d580,VERIFIED,3291,True,"[3,4,5,6,7,8,9,10,11,12,29,30,31,32,33,34,35,36,37,38,39,40,41,42,43,44,45,46,47,48,49,50,51,52,53,54,55,56,57,58,59,60,61,62,63,64,65,66,67,68,69,70,71,72,73,74,75,76,77,78,79,80,81,82,83,84,85,86,87]",[],[],[12],True,True,True,"[[3,4,5,6,7,8,9,10,11],[12,13,14,15,16,17,18,19,20,21,22,23,24,25,26,27,28,29,30,31,32,33,34,35,36,37,38,39,40,41,42,43,44,45,46,47,48,49,50,51,52,53,54,55,56,57,58,59,60,61,62,63,64,65,66,67,68,69,70,71,72,73,74,75,76,77,78,79,80,81,82,83,84,85,86,87,88,89,90,91,92,93,94,95]]","[[13,15,18,21,22,25,26,28],[88,89,90,93,95]]",18,False,False,False
order_development,g2-development-orders-02,DEVELOPMENT,aa60ecce56ae6f06a2b33ec78e24c78c9d85472b33e38834ee2d06977b048400,cfg-b15b8281b73592fb,P-S-D,30,400,5,65,35,5,781ca3472ecc67f04aac04676f184927a53572012488508c4a8a5e08ea89d580,VERIFIED,10433,True,"[7,8,9,10,11,12,13,14,15,16,27,28,29,30,31,36,37,38,39,40,41,42,43,44,45,46,47,48,49,50,51,52,53,54,55,56,57,58,59,60,61,62,63,64,65,66,67,68,69,70,71,72,73,74,75,76,87,88,89,90,91,92,93,94,95,96]",[],[],"[1,7,16,31,32,51,56,92]",True,True,True,"[[2,3,4,5,6],[7,8,9,10,11],[12,13,14,15,16],[17,18,19,20,21],[22,23,24,25,26],[27,28,29,30,31],[36,37,38,39,40],[41,42,43,44,45,46,47,48,49,50,51],[52,53,54,55,56],[57,58,59,60,61],[62,63,64,65,66],[67,68,69,70,71],[72,73,74,75,76],[77,78,79,80,81],[82,83,84,85,86],[87,88,89,90,91],[92,93,94,95,96]]","[[2,3,4,5,6],[17,18,19,20,21],[22,23,24,25,26],[77,78,79,80,81],[82,83,84,85,86]]",52,False,False,False
order_development,g2-development-orders-02,DEVELOPMENT,aa60ecce56ae6f06a2b33ec78e24c78c9d85472b33e38834ee2d06977b048400,cfg-b15b8281b73592fb,P-S-D,30,400,5,65,35,5,781ca3472ecc67f04aac04676f184927a53572012488508c4a8a5e08ea89d580,VERIFIED,9994,True,"[1,2,3,4,5,6,7,8,9,10,11,12,13,14,15,16,17,18,19,20,21,22,23,24,25,26,27,28,29,30,31,48,49,50,58,59,60,61,62,63,64,65,66,67,68,69,70,71,72,73,74,75,76,77,78,79,80,81,82,83,84,85,86,87,88,89,90,91,92,93,94,95,96,97,98,99,100,101,102,103,104,105,106,107,108,109,110]",[],[],[1],True,True,True,"[[1,2,3,4,5,6,7,8,9,10,11,12,13,14,15,16,17,18,19,20,21,22,23,24,25,26,27,28,29,30,31,32,33,34,35,36,37,38,39,40,41,42,43,44,45,46,47,48,49,50,51,52,53,54,55,56,57,58,59,60,61,62,63,64,65,66,67,68,69,70,71,72,73,74,75,76,77,78,79,80,81,82,83,84,85,86,87,88,89,90,91,92,93,94,95,96,97,98,99,100,101,102,103,104,105,106,107,108,109,110]]","[[32,33,36,38,39,40,41,44,46,47],[51,52,53,55,56,57]]",24,False,False,False
order_development,g2-development-orders-02,DEVELOPMENT,aa60ecce56ae6f06a2b33ec78e24c78c9d85472b33e38834ee2d06977b048400,cfg-b15b8281b73592fb,P-S-D,30,400,5,65,35,5,781ca3472ecc67f04aac04676f184927a53572012488508c4a8a5e08ea89d580,VERIFIED,1944,True,"[0,1,2,17,18,19,20,21,22,23,24,25,26,27,28,29,30,31,32,48,49,50,51,52,53,54,55,56,57,58,59,60,61,62,63,86,87,88,89,90,91,92,93,94,95,96,97,98,99,100,101,102,103,104,105,106,107,108]",[],[],[],True,True,True,"[[0,1,2,3,4,5,6,7,8,9,10,11,12,13,14,15,16,17,18,19,20,21,22,23,24,25,26,27,28,29,30,31,32,33,34,35,36,37,38,39,40,41,42,43,44,45,46,47,48,49,50,51,52,53,54,55,56,57,58,59,60,61,62,63,64,65,66,67,68,69,70,71,72,73,74,75,76,77,78,79,80,81,82,83,84,85,86,87,88,89,90,91,92,93,94,95,96,97,98,99,100,101,102,103,104,105,106,107,108]]","[[3,5,6,7,9,11,13,14,15,16],[33,34,35,37,39,41,43,44,45,46,47],[64,65,68,71,72,73,75,78,79,80,82,85]]",11,False,False,False
order_development,g2-development-orders-02,DEVELOPMENT,aa60ecce56ae6f06a2b33ec78e24c78c9d85472b33e38834ee2d06977b048400,cfg-b15b8281b73592fb,P-S-D,30,400,5,65,35,5,781ca3472ecc67f04aac04676f184927a53572012488508c4a8a5e08ea89d580,VERIFIED,8430,True,"[0,1,2,3,4,5,6,7,8,9,10,11,12,13,14,15,16,17,18,19,20,21,22,23,24,25,26,27,28,29,30,31,32,33,34,35,36,37,38,39,40,41,42,43,44,45,46,47,48,49,50,51,52,53,54,55,56,57,58,59,60,61,62,63,64,65,66,67,68,90,91,92,93,94,95,96,116,117,118]",[],[],[],True,True,True,"[[0,1,2,3,4,5,6,7,8,9,10,11,12,13,14,15,16,17,18,19,20,21,22,23,24,25,26,27,28,29,30,31,32,33,34,35,36,37,38,39,40,41,42,43,44,45,46,47,48,49,50,51,52,53,54,55,56,57,58,59,60,61,62,63,64,65,66,67,68,69,70,71,72,73,74,75,76,77,78,79,80,81,82,83,84,85,86,87,88,89,90,91,92,93,94,95,96,97,98,99,100,101,102,103,104,105,106,107,108,109,110,111,112,113,114,115,116,117,118]]","[[69,70,73,75,76,77,78,79,81,82,83,84,85,86,87,89],[97,100,101,104,110,111,115]]",8,False,False,False
order_development,g2-development-orders-02,DEVELOPMENT,aa60ecce56ae6f06a2b33ec78e24c78c9d85472b33e38834ee2d06977b048400,cfg-b15b8281b73592fb,P-S-D,30,400,5,65,35,5,781ca3472ecc67f04aac04676f184927a53572012488508c4a8a5e08ea89d580,VERIFIED,1860,True,"[0,1,2,3,4,5,6,7,8,9,10,11,12,13,14,15,16,17,18,19,20,21,22,30,31,32,33,34,35,36,37,38,39,40,41,42,43,44,45,46,47,48,49,50,51,52,53,54,55,56,57,68,69,70,71,72,73,74,75,76,77,78,79,80,81,82,83,84,85,86,87,88,89,90,91,92,93,94,95,96,97,98,99,100,101,102,103,104,105,106]",[],[],[],True,True,True,"[[0,1,2,3,4,5,6,7,8,9,10,11,12,13,14,15,16,17,18,19,20,21,22,23,24,25,26,27,28,29,30,31,32,33,34,35,36,37,38,39,40,41,42,43,44,45,46,47,48,49,50,51,52,53,54,55,56,57,58,59,60,61,62,63,64,65,66,67,68,69,70,71,72,73,74,75,76,77,78,79,80,81,82,83,84,85,86,87,88,89,90,91,92,93,94,95,96,97,98,99,100,101,102,103,104,105,106,107,108,109,110,111,112,113]]","[[23,24,25,27,28,29],[58,59,60,62,65,67],[107,109,111,112,113]]",24,False,False,False
order_development,g2-development-orders-02,DEVELOPMENT,aa60ecce56ae6f06a2b33ec78e24c78c9d85472b33e38834ee2d06977b048400,cfg-b15b8281b73592fb,P-S-D,30,400,5,65,35,5,781ca3472ecc67f04aac04676f184927a53572012488508c4a8a5e08ea89d580,VERIFIED,9222,True,"[21,22,23,24,25,26,27,28,29,30,31,32,33,34,35,36,37,38,39,40,41,42,43,44,45,55,56,57,58,59,60,61,79,80,81,82,83,84,85]",[],[],[56],True,True,True,"[[0,1,2,3,4,5,6,7,8,9,10,11,12,13,14,15,16,17,18,19,20,21,22,23,24,25,26,27,28,29,30,31,32,33,34,35,36,37,38,39,40,41,42,43,44,45,46,47,48,49,50,51,52,53,54,55,56],[57,58,59,60,61,62,63,64,65,66,67,68,69,70,71,72,73,74,75,76,77,78,79,80],[81,82,83,84,85]]","[[0,1,4,5,6,7,9,10,11,12,14,15,16,18,20],[46,47,48,49,50,51,52,53,54],[62,63,64,65,66,67,68,69,70,71,72,73,75,76,77,78]]",9,False,False,False
order_development,g2-development-orders-02,DEVELOPMENT,aa60ecce56ae6f06a2b33ec78e24c78c9d85472b33e38834ee2d06977b048400,cfg-b15b8281b73592fb,P-S-D,30,400,5,65,35,5,781ca3472ecc67f04aac04676f184927a53572012488508c4a8a5e08ea89d580,VERIFIED,5431,True,"[0,1,2,3,4,5,6,7,8,9,10,11,12,13,14,15,16,17,18,19,20,21,22,23,24,25,26,27,28,29,30,31,32,33,34,35,36,37,38,39,40,41,42,43,44,45,46,47,48,49,50,51,52,53,54,55,56,57,58,59,60,61,62,63,64,65,66,67,68,69,70,71,72,73,74,75,76,77,78,79,80,81,82,83,84,85,86,87,88,89,90,91,92,93,94,95,96,97,98,99,100,101,102,103,104,105]",[],[],[],True,True,True,"[[0,1,2,3,4,5,6,7,8,9,10,11,12,13,14,15,16,17,18,19,20,21,22,23,24,25,26,27,28,29,30,31,32,33,34,35,36,37,38,39,40,41,42,43,44,45,46,47,48,49,50,51,52,53,54,55,56,57,58,59,60,61,62,63,64,65,66,67,68,69,70,71,72,73,74,75,76,77,78,79,80,81,82,83,84,85,86,87,88,89,90,91,92,93,94,95,96,97,98,99,100,101,102,103,104,105]]",[],22,False,True,False
order_development,g2-development-orders-02,DEVELOPMENT,aa60ecce56ae6f06a2b33ec78e24c78c9d85472b33e38834ee2d06977b048400,cfg-b15b8281b73592fb,P-S-D,30,400,5,65,35,5,781ca3472ecc67f04aac04676f184927a53572012488508c4a8a5e08ea89d580,VERIFIED,9145,True,"[0,1,2,3,4,5,6,7,8,9,10,11,12,13,24,25,26,27,28,29,30,31,32,33,34,35,36,37,38,39,40,41,42,43,44,45,46,47,48,49,50,51,52,53,54,55,56,57,58,59,60,61,62,63,64,65,66,67,68,69,70,71,72,73,74,75,76,77,78,79,80,81,82,83,84,85,86,87,88,89,90,91,92,93,94,95,96,97,98,99,100,101,102,103,104,105,106,107,108,109]",[],[],[],True,True,True,"[[0,1,2,3,4,5,6,7,8,9,10,11,12,13,14,15,16,17,18,19,20,21,22,23,24,25,26,27,28,29,30,31,32,33,34,35,36,37,38,39,40,41,42,43,44,45,46,47,48,49,50,51,52,53,54,55,56,57,58,59,60,61,62,63,64,65,66,67,68,69,70,71,72,73,74,75,76,77,78,79,80,81,82,83,84,85,86,87,88,89,90,91,92,93,94,95,96,97,98,99,100,101,102,103,104,105,106,107,108,109]]","[[14,15,16,21,22,23]]",15,False,False,False
order_development,g2-development-orders-02,DEVELOPMENT,aa60ecce56ae6f06a2b33ec78e24c78c9d85472b33e38834ee2d06977b048400,cfg-b15b8281b73592fb,P-S-D,30,400,5,65,35,5,781ca3472ecc67f04aac04676f184927a53572012488508c4a8a5e08ea89d580,VERIFIED,7186,True,"[0,1,2,3,4,5,6,7,8,9,10,11,12,13,14,15,16,17,18,19,20,21,22,23,24,25,26,27,28,29,30,31,32,33,34,35,36,37,38,39,40,41,42,43,44,45,46,47,48,49,50,51,52,53,54,55,56,57,58,59,60,61,62,63,64,65,66,67,68,69,70,71,72,73,74,75,76,77,78,79,80,81,82,83,84,85,86,87,88,89,90,91,92,93,94,95,96,97,98,99,100]",[],[],[],True,True,True,"[[0,1,2,3,4,5,6,7,8,9,10,11,12,13,14,15,16,17,18,19,20,21,22,23,24,25,26,27,28,29,30,31,32,33,34,35,36,37,38,39,40,41,42,43,44,45,46,47,48,49,50,51,52,53,54,55,56,57,58,59,60,61,62,63,64,65,66,67,68,69,70,71,72,73,74,75,76,77,78,79,80,81,82,83,84,85,86,87,88,89,90,91,92,93,94,95,96,97,98,99,100]]",[],13,False,True,False
order_development,g2-development-orders-02,DEVELOPMENT,aa60ecce56ae6f06a2b33ec78e24c78c9d85472b33e38834ee2d06977b048400,cfg-b15b8281b73592fb,P-S-D,30,400,5,65,35,5,781ca3472ecc67f04aac04676f184927a53572012488508c4a8a5e08ea89d580,VERIFIED,11326,True,"[11,12,13,14,15,16,17,18,19,20,21,22,23,24,25,26,27,28,29,30,31,32,33,34,35,36,37,38,39,40,41,42,43,44,50,51,52,53,54,55,60,61,62,63,64,65,66,67,68,69,70,71,72,73,74,75,81,82,83,84,85,86,87,88,89,90,91,92,93,94,95,96,97,98,99,100]",[],[],"[40,56,59,60,100,101]",True,True,True,"[[0,1,2,3,4,5,6,7,8,9,10,11,12,13,14,15,16,17,18,19,20,21,22,23,24,25,26,27,28,29,30,31],[32,33,34,35,36,37,38,39,40],[41,42,43,44,45,46,47,48,49,50,51,52,53,54,55],[60,61,62,63,64,65,66,67,68,69,70,71,72,73,74,75,76,77,78,79,80,81,82,83,84,85,86,87,88,89,90,91,92,93,94,95,96,97,98,99,100]]","[[0,2,5,6,8,10],[45,46,47,48,49],[76,77,78,79,80]]",24,False,False,False
order_development,g2-development-orders-02,DEVELOPMENT,aa60ecce56ae6f06a2b33ec78e24c78c9d85472b33e38834ee2d06977b048400,cfg-b15b8281b73592fb,P-S-D,30,400,5,65,35,5,781ca3472ecc67f04aac04676f184927a53572012488508c4a8a5e08ea89d580,VERIFIED,4378,True,"[0,1,2,3,4,5,6,7,8,9,10,11,12,13,14,15,16,17,18,19,20,21,22,23,24,25,26,27,28,29,30,31,32,33,34,35,36,37,38,39,40,41,42,43,44,45,46,47,48,49,50,51,52,53,54,55,56,57,58,59,60,61,62,63,64,65,66,67,68,69,70,71,72,73,74,75,76,77,78,79,80,81,82,83,84,85,86,87,88,89,90,91,92,93,94,95,96,97,98,99,100,101,102,103,104,105,106,107,108]",[],[],[],True,True,True,"[[0,1,2,3,4,5,6,7,8,9,10,11,12,13,14,15,16,17,18,19,20,21,22,23,24,25,26,27,28,29,30,31,32,33,34,35,36,37,38,39,40,41,42,43,44,45,46,47,48,49,50,51,52,53,54,55,56,57,58,59,60,61,62,63,64,65,66,67,68,69,70,71,72,73,74,75,76,77,78,79,80,81,82,83,84,85,86,87,88,89,90,91,92,93,94,95,96,97,98,99,100,101,102,103,104,105,106,107,108]]",[],21,False,True,False
order_development,g2-development-orders-02,DEVELOPMENT,aa60ecce56ae6f06a2b33ec78e24c78c9d85472b33e38834ee2d06977b048400,cfg-b15b8281b73592fb,P-S-D,30,400,5,65,35,5,781ca3472ecc67f04aac04676f184927a53572012488508c4a8a5e08ea89d580,VERIFIED,11021,True,"[0,1,2,3,4,5,6,7,8,9,10,11,12,13,14,15,16,17,18,19,20,21,22,23,24,25,26,27,28,29,30,31,32,33,34,35,36,37,38,39,40,41,42,49,50,51,52,53,54,55,56,57,58,59,60,61,62,63,64,65,66,67,68,69,70,71,72,73,74,75,85,86,87,88,89,90,91,92,93,94,95,96,97,98,99,100,101,102,103,104]",[],[],[63],True,True,True,"[[0,1,2,3,4,5,6,7,8,9,10,11,12,13,14,15,16,17,18,19,20,21,22,23,24,25,26,27,28,29,30,31,32,33,34,35,36,37,38,39,40,41,42,43,44,45,46,47,48,49,50,51,52,53,54,55,56,57,58,59,60,61,62,63],[64,65,66,67,68,69,70,71,72,73,74,75,76,77,78,79,80,81,82,83,84,85,86,87,88,89,90,91,92,93,94,95,96,97,98,99,100,101,102,103,104]]","[[43,44,45,47,48],[76,77,78,80,81,84]]",18,False,False,False
order_development,g2-development-orders-02,DEVELOPMENT,aa60ecce56ae6f06a2b33ec78e24c78c9d85472b33e38834ee2d06977b048400,cfg-b15b8281b73592fb,P-S-D,30,400,5,65,35,5,781ca3472ecc67f04aac04676f184927a53572012488508c4a8a5e08ea89d580,VERIFIED,5049,True,"[0,1,2,3,4,5,6,7,8,9,10,11,12,13,14,23,24,25,26,27,28,29,30,31,32,33,34,35,36,37,38,39,40,41,42,43,44,45,46,47,48,49,50,51,52,53,54,55,56,57,58,59,60,61,62,63,64,65,66,67,68,69,70,71,72,73,74,75,76,77,78,79,80,81,82,83,84,85,86,87,88,89,95,96,97,98,99,100,101,102,103,104]",[],[],"[56,57,74]",True,True,True,"[[0,1,2,3,4,5,6,7,8,9,10,11,12,13,14,15,16,17,18,19,20,21,22,23,24,25,26,27,28,29,30,31,32,33,34,35,36,37,38,39,40,41,42,43,44,45,46,47,48,49,50,51,52,53,54,55,56],[57,58,59,60,61,62,63,64,65,66,67,68,69,70,71,72,73],[74,75,76,77,78,79,80,81,82,83,84,85,86,87,88,89],[90,91,92,93,94,95,96,97,98,99,100,101,102,103,104]]","[[15,16,17,18,19,21,22],[90,91,92,93,94]]",26,False,False,False
order_development,g2-development-orders-02,DEVELOPMENT,aa60ecce56ae6f06a2b33ec78e24c78c9d85472b33e38834ee2d06977b048400,cfg-b15b8281b73592fb,P-S-D,30,400,5,65,35,5,781ca3472ecc67f04aac04676f184927a53572012488508c4a8a5e08ea89d580,VERIFIED,4381,True,"[0,1,2,3,4,5,6,7,8,9,10,11,12,13,14,15,16,22,23,24,25,26,27,28,29,30,31,32,33,34,35,36,37,38,39,40,41,42,43,44,45,46,47,48,49,50,51,52,53,54,55,56,57,58,59,60,61,62,63,64,65,66,67,68,69,70,71,72,73,74,75,76,77,78,79,80,81,82,83,84,85,86,87,88,89,90,91,92,93,94,95,96,97,98,99,100]",[],[],[],True,True,True,"[[0,1,2,3,4,5,6,7,8,9,10,11,12,13,14,15,16,17,18,19,20,21,22,23,24,25,26,27,28,29,30,31,32,33,34,35,36,37,38,39,40,41,42,43,44,45,46,47,48,49,50,51,52,53,54,55,56,57,58,59,60,61,62,63,64,65,66,67,68,69,70,71,72,73,74,75,76,77,78,79,80,81,82,83,84,85,86,87,88,89,90,91,92,93,94,95,96,97,98,99,100]]","[[17,18,19,20,21]]",14,False,False,False
order_development,g2-development-orders-02,DEVELOPMENT,aa60ecce56ae6f06a2b33ec78e24c78c9d85472b33e38834ee2d06977b048400,cfg-b15b8281b73592fb,P-S-D,30,400,5,65,35,5,781ca3472ecc67f04aac04676f184927a53572012488508c4a8a5e08ea89d580,VERIFIED,1378,True,"[0,1,2,3,4,5,6,7,8,9,10,11,12,13,14,15,16,17,18,19,20,21,31,32,33,34,35,36,37,38,39,40,42,43,44,45,46,47,48,49,50,51,52,53,54,55,56,57,58,59,60,61,62,63,64,65,66,67,68,69,70,71]",[],[],"[4,18,19]",True,True,True,"[[0,1,2,3,4],[5,6,7,8,9,10,11,12,13,14,15,16,17,18],[19,20,21,22,23,24,25,26,27,28,29,30,31,32,33,34,35,36,37,38,39,40],[42,43,44,45,46,47,48,49,50,51,52,53,54,55,56,57,58,59,60,61,62,63,64,65,66,67,68,69,70,71,72,73,74,75,76,77,78,79]]","[[22,24,26,29,30],[72,73,76,77,78,79]]",14,False,False,False
order_development,g2-development-orders-02,DEVELOPMENT,aa60ecce56ae6f06a2b33ec78e24c78c9d85472b33e38834ee2d06977b048400,cfg-b15b8281b73592fb,P-S-D,30,400,5,65,35,5,781ca3472ecc67f04aac04676f184927a53572012488508c4a8a5e08ea89d580,VERIFIED,9613,True,"[0,1,2,3,4,5,6,7,8,9,10,11,21,22,23,24,25,26,27,28,29,30,31,32,33,34,35,36,37,38,39,40,41,46,47,48,49,50,51,52,53,54,55,56,57,58,59,60,61,62,63,64,65,66,67,68,69,70,78,79,80,81,82,83,84,85,86,87,88,89,90,91,92,93,94,95,96,97,98,99,100,101,102,103,104,105,106,107,108,109]",[],[],"[6,7,21,31,32,36,51,55,56,60,61,82]",True,True,True,"[[0,1,2,3,4,5,6],[7,8,9,10,11],[12,13,14,15,16],[21,22,23,24,25,26,27,28,29,30,31],[32,33,34,35,36],[37,38,39,40,41],[46,47,48,49,50],[51,52,53,54,55],[56,57,58,59,60],[61,62,63,64,65],[66,67,68,69,70],[71,72,73,74,75,76,77,78,79,80,81,82],[83,84,85,86,87,88,89,90,91,92,93,94,95,96,97,98,99,100,101,102,103,104,105,106,107,108,109,110,111,112,113,114,115]]","[[12,13,14,15,16],[71,72,73,74,75,77],[110,111,112,113,114,115]]",33,False,False,False
order_development,g2-development-orders-02,DEVELOPMENT,aa60ecce56ae6f06a2b33ec78e24c78c9d85472b33e38834ee2d06977b048400,cfg-b15b8281b73592fb,P-S-D,30,400,5,65,35,5,781ca3472ecc67f04aac04676f184927a53572012488508c4a8a5e08ea89d580,VERIFIED,1605,True,"[10,11,12,13,14,15,16,17,18,19,20,21,22,28,29,30,31,32,33,34,35,36,37,38,39,40,41,42]",[],[],[28],True,True,True,"[[0,1,2,3,4,5,6,7,8,9],[10,11,12,13,14,15,16,17,18,19,20,21,22],[28,29,30,31,32,33,34,35,36,37,38,39,40,41,42]]","[[0,2,3,4,5,6,7,8,9]]",15,False,False,False
order_development,g2-development-orders-02,DEVELOPMENT,aa60ecce56ae6f06a2b33ec78e24c78c9d85472b33e38834ee2d06977b048400,cfg-b15b8281b73592fb,P-S-D,30,400,5,65,35,5,781ca3472ecc67f04aac04676f184927a53572012488508c4a8a5e08ea89d580,VERIFIED,6831,True,"[0,1,2,3,4,5,6,7,8,9,10,11,12,13,22,23,24,25,26,27,36,37,47,48,49,50,51,52,53,54,55,56,57,58,62,63,64,65,66,67,68,69,70,71,72,73,85,86,87,88,89,90,91,92,93,94]",[],[],"[37,54]",True,True,True,"[[0,1,2,3,4,5,6,7,8,9,10,11,12,13,14,15,16,17,18,19,20,21,22,23,24,25,26,27,28,29,30,31,32,33,34,35,36,37],[38,39,40,41,42,43,44,45,46],[47,48,49,50,51,52,53],[54,55,56,57,58],[62,63,64,65,66,67,68,69,70,71,72,73],[77,78,79,80,81,82,83,84,85,86,87,88,89,90,91,92,93,94]]","[[14,15,16,18,20,21],[28,29,31,32,33,34,35],[38,39,40,41,42,43,46],[77,78,79,80,81,83,84]]",29,False,False,False
order_development,g2-development-orders-02,DEVELOPMENT,aa60ecce56ae6f06a2b33ec78e24c78c9d85472b33e38834ee2d06977b048400,cfg-b15b8281b73592fb,P-S-D,30,400,5,65,35,5,781ca3472ecc67f04aac04676f184927a53572012488508c4a8a5e08ea89d580,VERIFIED,2150,True,"[0,1,2,3,4,5,6,7,8,9,10,11,12,13,14,15,16,17,18,19,20,21,22,23,53,54,55,56,57,58,59,60,61,62,63,64,65,66,67,68,69,70,71,72,73,74,75,76,77,78,79,80,81,82,83,84,93,94,103,104,105,106,107,108,109,110,111,112,113,114,115]",[],[],[],True,True,True,"[[0,1,2,3,4,5,6,7,8,9,10,11,12,13,14,15,16,17,18,19,20,21,22,23,24,25,26,27,28,29,30,31,32,33,34,35,36,37,38,39,40,41,42,43,44,45,46,47,48,49,50,51,52,53,54,55,56,57,58,59,60,61,62,63,64,65,66,67,68,69,70,71,72,73,74,75,76,77,78,79,80,81,82,83,84,85,86,87,88,89,90,91,92,93,94,95,96,97,98,99,100,101,102,103,104,105,106,107,108,109,110,111,112,113,114,115,116,117,118,119,120,121,122,123]]","[[24,26,28,29,30,31,33,35,36,41,52],[85,87,88,89,90,91,92],[95,96,98,99,101,102],[116,117,119,120,123]]",12,False,False,False
order_development,g2-development-orders-02,DEVELOPMENT,aa60ecce56ae6f06a2b33ec78e24c78c9d85472b33e38834ee2d06977b048400,cfg-b15b8281b73592fb,P-S-D,30,400,5,65,35,5,781ca3472ecc67f04aac04676f184927a53572012488508c4a8a5e08ea89d580,VERIFIED,1076,True,"[0,1,2,3,4,5,6,7,8,9,10,11,12,13,14,15,16,17,18,19,20,21,39,40,41,42,43,44,45,46,47,48,49,50,51,52,53]",[],[],"[6,7,11,12,43,48,49]",True,True,True,"[[0,1,2,3,4,5,6],[7,8,9,10,11],[12,13,14,15,16,17,18,19,20,21,22,23,24,25,26,27,28,29,30,31,32,33,34,35],[39,40,41,42,43],[44,45,46,47,48],[49,50,51,52,53]]","[[22,23,26,27,28,29,30,31,32,33,34,35]]",15,False,False,False
order_development,g2-development-orders-02,DEVELOPMENT,aa60ecce56ae6f06a2b33ec78e24c78c9d85472b33e38834ee2d06977b048400,cfg-b15b8281b73592fb,P-S-D,30,400,5,65,35,5,781ca3472ecc67f04aac04676f184927a53572012488508c4a8a5e08ea89d580,VERIFIED,3189,True,"[0,1,2,3,4,5,6,7,8,9,10,11,12,13,14,15,22,23,24,25,26,27,28,29,30,31,32,33,34,35,36,37,38,39,40,41,42,43,44,45,46,47,48,49,50,51,52,53,54,55,56,57,58,59,60,61,62,63,64,65,66,67,68,69,70,71,72,73,74,75,76,89,90,91,92,93,108,109,110]",[],[],[],True,True,True,"[[0,1,2,3,4,5,6,7,8,9,10,11,12,13,14,15,16,17,18,19,20,21,22,23,24,25,26,27,28,29,30,31,32,33,34,35,36,37,38,39,40,41,42,43,44,45,46,47,48,49,50,51,52,53,54,55,56,57,58,59,60,61,62,63,64,65,66,67,68,69,70,71,72,73,74,75,76,77,78,79,80,81,82,83,84,85,86,87,88,89,90,91,92,93,94,95,96,97,98,99,100,101,102,103,104,105,106,107,108,109,110]]","[[16,17,19,20,21],[77,78,79,81,82,83,84,85,87,88],[94,96,99,101,102,104,105,106,107]]",19,False,False,False
order_development,g2-development-orders-02,DEVELOPMENT,aa60ecce56ae6f06a2b33ec78e24c78c9d85472b33e38834ee2d06977b048400,cfg-b15b8281b73592fb,P-S-D,30,400,5,65,35,5,781ca3472ecc67f04aac04676f184927a53572012488508c4a8a5e08ea89d580,VERIFIED,8246,True,"[0,1,2,3,4,5,6,7,8,9,10,11,12,13,14,15,16,17,18,19,35,36,37,38,39,40,41,42,43,44,45,53,54,55,56,57,58,59,60,61,62,63,64,65,66,67,68,69,70,71,72,73,74,75,76,77,78,79,80,81,82,83,84,85,86,87,90,91,92,93,94,95,96,97,98,99,100,101,102,103,104,105,106,107,108,109,110,111,112]",[],[],"[76,77,89]",True,True,True,"[[0,1,2,3,4,5,6,7,8,9,10,11,12,13,14,15,16,17,18,19,20,21,22,23,24,25,26,27,28,29,30,31,32,33,34],[35,36,37,38,39,40,41,42,43,44,45],[46,47,48,49,50,51,52,53,54,55,56,57,58,59,60,61],[62,63,64,65,66,67,68,69,70,71],[72,73,74,75,76],[77,78,79,80,81,82,83,84,85,86,87],[90,91,92,93,94,95,96,97,98,99,100,101,102,103,104,105,106,107,108,109,110,111,112]]","[[20,22,23,24,25,26,28,29,30,31,32,33,34],[46,47,48,50,51,52]]",38,False,False,False
order_development,g2-development-orders-02,DEVELOPMENT,aa60ecce56ae6f06a2b33ec78e24c78c9d85472b33e38834ee2d06977b048400,cfg-b15b8281b73592fb,P-S-D,30,400,5,65,35,5,781ca3472ecc67f04aac04676f184927a53572012488508c4a8a5e08ea89d580,VERIFIED,11017,True,"[1,2,3,4,5,6,21,22,23,24,25,26,27,28,29,30,31,32,33,34,35,36,37,38,39,40,41,42,43,44,45,46,47,48,49,50,51,52,53,54,55,56,57,58,59,60,61,62,63,64,65,66,67,68,69,70,71,72,73,74,75,76,77,78,79,80,81,82,83,84,91,92,93,94,95]",[],[],"[6,21,34,35,45,46,60,61,74,75,79,80,84]",True,True,True,"[[1,2,3,4,5,6],[7,8,9,10,11,12,13,14,15,16,17,18],[21,22,23,24,25,26,27,28,29,30,31,32,33,34],[35,36,37,38,39,40,41,42,43,44,45],[46,47,48,49,50,51,52,53,54,55],[56,57,58,59,60],[61,62,63,64,65,66,67,68,69,70,71,72,73,74],[75,76,77,78,79],[80,81,82,83,84],[91,92,93,94,95]]","[[7,8,10,11,12,13,14,16,17,18]]",41,False,False,False
order_development,g2-development-orders-02,DEVELOPMENT,aa60ecce56ae6f06a2b33ec78e24c78c9d85472b33e38834ee2d06977b048400,cfg-b15b8281b73592fb,P-S-D,30,400,5,65,35,5,781ca3472ecc67f04aac04676f184927a53572012488508c4a8a5e08ea89d580,VERIFIED,3680,True,"[1,2,3,4,5,6,7,8,9,10,11,12,13,14,15,16,17,18,19,20,21,22,23,24,25,26,42,43,44,45,49,50,51,52]",[],[],"[19,49]",True,True,True,"[[1,2,3,4,5,6,7,8,9,10,11,12,13,14,15,16,17,18],[19,20,21,22,23,24,25,26,27,28,29,30,31,32,33,34,35,36,37,38,39,40,41,42,43,44,45],[49,50,51,52,53,54,55,56,57,58,59,60,61,62,63,64,65]]","[[27,28,29,30,31,33,35,36,41],[53,56,57,58,60,65]]",15,False,False,False
order_development,g2-development-orders-02,DEVELOPMENT,aa60ecce56ae6f06a2b33ec78e24c78c9d85472b33e38834ee2d06977b048400,cfg-b15b8281b73592fb,P-S-D,30,400,5,65,35,5,781ca3472ecc67f04aac04676f184927a53572012488508c4a8a5e08ea89d580,VERIFIED,6412,True,"[0,1,2,3,4,5,6,7,8,9,17,18,19,37,38,39,40,41,42,43,44,45,51,52,63,64,65,66,67,68,69,70,71,72,84,85,86,87,88,89,90,91]",[],[],[9],True,True,True,"[[0,1,2,3,4,5,6,7,8,9],[11,12,13,14,15,16,17,18,19,20,21,22,23,24,25,26],[27,28,29,30,31,32,33,34,35,36,37,38,39,40,41,42,43,44,45,46,47,48,49,50,51,52,53,54,55,56,57,58,59,60,61,62,63,64,65,66,67,68,69,70,71,72,73,74,75,76,77,78,79,80,81,82,83,84,85,86,87,88,89,90,91,92,93,94,95,96,97]]","[[11,12,13,14,15,16],[20,21,22,24,25,26],[27,29,31,32,33,35,36],[46,47,48,49,50],[53,54,56,57,58,59,62],[73,75,78,79,80,81,83],[92,93,94,95,96,97]]",9,False,False,False
order_development,g2-development-orders-02,DEVELOPMENT,aa60ecce56ae6f06a2b33ec78e24c78c9d85472b33e38834ee2d06977b048400,cfg-b15b8281b73592fb,P-S-D,30,400,5,65,35,5,781ca3472ecc67f04aac04676f184927a53572012488508c4a8a5e08ea89d580,VERIFIED,2069,True,"[18,19,20,21,22,23,24,25,26,27,28,29,30,31,32,33,34,35,36,37,38,39,40,41,42,43,44,45,46,47,58,59,60,61,62,63,64,65,66,67,68,69,70,71,72,73,74,75,76,77,78,79,80,81,82,83,84,85,94,95,96,97,98,99,100,101,102,103,104,105,106,107,108]",[],[],[],True,True,True,"[[0,1,2,3,4,5,6,7,8,9,10,11,12,13,14,15,16,17,18,19,20,21,22,23,24,25,26,27,28,29,30,31,32,33,34,35,36,37,38,39,40,41,42,43,44,45,46,47,48,49,50,51,52,53,54,55,56,57,58,59,60,61,62,63,64,65,66,67,68,69,70,71,72,73,74,75,76,77,78,79,80,81,82,83,84,85,86,87,88,89,90,91,92,93,94,95,96,97,98,99,100,101,102,103,104,105,106,107,108]]","[[0,1,2,3,4,7,9,11,12,13,14,15,17],[48,49,50,51,54,55,57],[86,87,89,90,91,93]]",19,False,False,False
order_development,g2-development-orders-02,DEVELOPMENT,aa60ecce56ae6f06a2b33ec78e24c78c9d85472b33e38834ee2d06977b048400,cfg-b15b8281b73592fb,P-S-D,30,400,5,65,35,5,781ca3472ecc67f04aac04676f184927a53572012488508c4a8a5e08ea89d580,VERIFIED,6596,True,"[0,1,2,3,4,5,6,7,8,9,10,11,12,13,14,15,16,17,18,19,20,21,22,23,24,25,26,27,28,29,30,31,32,33,34,35,36,37,38,39,40,41,42,43,44,45,46,47,48,49,50,51,52,53,54,55,56,57,58,59,60,61,62,63,64,65,66,67,68,69,70,71,72,73,74,75,76,77,78,79,80,81,82,83,84,85,86,87,88,89,90,91,92,99,100,101,102,103,104]",[],[],"[19,20]",True,True,True,"[[0,1,2,3,4,5,6,7,8,9,10,11,12,13,14,15,16,17,18,19],[20,21,22,23,24,25,26,27,28,29,30,31,32,33,34,35,36,37,38,39,40,41,42,43,44,45,46,47,48,49,50,51,52,53,54,55,56,57,58,59,60,61,62,63,64,65,66,67,68,69,70,71,72,73,74,75,76,77,78,79,80,81,82,83,84,85,86,87,88,89,90,91,92,93,94,95,96,97,98,99,100,101,102,103,104]]","[[93,94,95,97,98]]",18,False,False,False
order_development,g2-development-orders-02,DEVELOPMENT,aa60ecce56ae6f06a2b33ec78e24c78c9d85472b33e38834ee2d06977b048400,cfg-b15b8281b73592fb,P-S-D,30,400,5,65,35,5,781ca3472ecc67f04aac04676f184927a53572012488508c4a8a5e08ea89d580,VERIFIED,5027,True,"[0,1,2,3,4,5,11,12,13,14,15,16,27,28,29,30,31,32,33,34,35,36,37,38,39,40,41,42,43,44,45,46,47,48,49,50,51,52,53,54,55,56,57,58,59,60,61,62,63,64,65,66,67,68,69,83,84,85,86]",[],[],[30],True,True,True,"[[0,1,2,3,4,5,6,7,8,9,10,11,12,13,14,15,16,17,18,19,20,21,22,23,24,25,26,27,28,29],[30,31,32,33,34,35,36,37,38,39,40,41,42,43,44,45,46,47,48,49,50,51,52,53,54,55,56,57,58,59,60,61,62,63,64,65,66,67,68,69,70,71,72,73,74,75,76,77,78,79,80,81,82,83,84,85,86,87,88,89,90,91,92,93,94,95,96,97,98,99,100]]","[[6,7,8,9,10],[17,19,21,22,24,25,26],[70,73,74,75,76,77,78,80,81,82],[87,89,91,92,94,97,99,100]]",17,False,False,False
order_development,g2-development-orders-02,DEVELOPMENT,aa60ecce56ae6f06a2b33ec78e24c78c9d85472b33e38834ee2d06977b048400,cfg-b15b8281b73592fb,P-S-D,30,400,5,65,35,5,781ca3472ecc67f04aac04676f184927a53572012488508c4a8a5e08ea89d580,VERIFIED,10155,True,"[0,1,2,3,4,5,6,7,8,9,10,11,12,13,14,15,16,17,18,19,20,21,22,23,24,25,26,27,28,29,30,31,32,33,34,35,36,37,38,39,40,41,42,43,44,45,46,47,48,49,50,51,52,53,54,55,56,57,58,59,60,61,62,63,64,65,66,67,68,69,70,71,72,73,74,75,76,77,78,79,80,81,82,83,90,91,92,93,94,95,96,97,98,99,100,101,102,103,104]",[],[],[95],True,True,True,"[[0,1,2,3,4,5,6,7,8,9,10,11,12,13,14,15,16,17,18,19,20,21,22,23,24,25,26,27,28,29,30,31,32,33,34,35,36,37,38,39,40,41,42,43,44,45,46,47,48,49,50,51,52,53,54,55,56,57,58,59,60,61,62,63,64,65,66,67,68,69,70,71,72,73,74,75,76,77,78,79,80,81,82,83,84,85,86,87,88,89,90,91,92,93,94,95],[96,97,98,99,100,101,102,103,104]]","[[84,85,86,87,88,89]]",19,False,False,False
order_development,g2-development-orders-02,DEVELOPMENT,aa60ecce56ae6f06a2b33ec78e24c78c9d85472b33e38834ee2d06977b048400,cfg-b15b8281b73592fb,P-S-D,30,400,5,65,35,5,781ca3472ecc67f04aac04676f184927a53572012488508c4a8a5e08ea89d580,VERIFIED,2759,True,"[0,1,2,3,4,5,6,7,8,9,10,11,12,13,14,15,16,17,18,19,20,21,22,23,24,25,26,27,28,29,30,31,32,33,34,35,36,37,38,39,40,41,42,43,44,45,46,47,48,49,50,51,52,53,54,55,56,57,58,59,60,61,62,63,64,65,66,67,68,69,70,71,72,73,74,75,76,77,78,79,80,81,82,90,91,92,93,94,95,96,97,98,99,100,101,102,103,104,105,106,107,108,109,110,111,112,113,114]",[],[],[6],True,True,True,"[[0,1,2,3,4,5,6],[7,8,9,10,11,12,13,14,15,16,17,18,19,20,21,22,23,24,25,26,27,28,29,30,31,32,33,34,35,36,37,38,39,40,41,42,43,44,45,46,47,48,49,50,51,52,53,54,55,56,57,58,59,60,61,62,63,64,65,66,67,68,69,70,71,72,73,74,75,76,77,78,79,80,81,82,83,84,85,86,87,88,89,90,91,92,93,94,95,96,97,98,99,100,101,102,103,104,105,106,107,108,109,110,111,112,113,114]]","[[83,85,87,88,89]]",23,False,False,False
order_development,g2-development-orders-02,DEVELOPMENT,aa60ecce56ae6f06a2b33ec78e24c78c9d85472b33e38834ee2d06977b048400,cfg-b15b8281b73592fb,P-S-D,30,400,5,65,35,5,781ca3472ecc67f04aac04676f184927a53572012488508c4a8a5e08ea89d580,VERIFIED,5366,True,"[0,1,2,3,4,5,6,7,8,9,10,11,12,13,14,15,16,17,18,19,20,21,22,23,24,25,26,27,28,29,30,31,32,33,34,35,36,44,45,46,47,48,49,50,51,52,53,54,55,56,57,58,59,60,61,62,63,64,65,66,67,68,69,70,71,72,86,87,88,89,90,91,92,93,94,95,96,97,98,111,112,113,114,115,116,117,118,119,120,121]",[],[],[],True,True,True,"[[0,1,2,3,4,5,6,7,8,9,10,11,12,13,14,15,16,17,18,19,20,21,22,23,24,25,26,27,28,29,30,31,32,33,34,35,36,37,38,39,40,41,42,43,44,45,46,47,48,49,50,51,52,53,54,55,56,57,58,59,60,61,62,63,64,65,66,67,68,69,70,71,72,73,74,75,76,77,78,79,80,81,82,83,84,85,86,87,88,89,90,91,92,93,94,95,96,97,98,99,100,101,102,103,104,105,106,107,108,109,110,111,112,113,114,115,116,117,118,119,120,121,122,123,124,125,126,127,128,129]]","[[37,38,39,41,43],[73,74,75,76,77,78,79,82,83,84,85],[99,101,102,103,104,106,108,109,110],[122,123,125,126,127,129]]",22,False,False,False
order_development,g2-development-orders-02,DEVELOPMENT,aa60ecce56ae6f06a2b33ec78e24c78c9d85472b33e38834ee2d06977b048400,cfg-b15b8281b73592fb,P-S-D,30,400,5,65,35,5,781ca3472ecc67f04aac04676f184927a53572012488508c4a8a5e08ea89d580,VERIFIED,2668,True,"[0,1,2,3,4,5,6,7,8,9,10,11,12,13,14,15,16,17,18,19,20,21,22,23,24,25,26,27,28,29,30,31,32,33,34,35,36,37,38,39,40,41,42,43,44,45,46,47,48,49,50,51,52,53,54,55,56,57,58,59,60,61,62,63,64,65,66,67,68,69,70,71,72,73,74,75,76,77,78,79,80,81,82,83,84,97,98,99,100,101,102,103]",[],[],"[49,50,55,60,74,75,79]",True,True,True,"[[0,1,2,3,4,5,6,7,8,9,10,11,12,13,14,15,16,17,18,19,20,21,22,23,24,25,26,27,28,29,30,31,32,33,34,35,36,37,38,39,40,41,42,43,44,45,46,47,48,49],[50,51,52,53,54],[55,56,57,58,59],[60,61,62,63,64],[65,66,67,68,69],[70,71,72,73,74],[75,76,77,78,79],[80,81,82,83,84,85,86,87,88,89,90,91,92,93,94,95,96,97,98,99,100,101,102,103]]","[[85,88,90,91,94,96]]",24,False,False,False
order_development,g2-development-orders-02,DEVELOPMENT,aa60ecce56ae6f06a2b33ec78e24c78c9d85472b33e38834ee2d06977b048400,cfg-b15b8281b73592fb,P-S-D,30,400,5,65,35,5,781ca3472ecc67f04aac04676f184927a53572012488508c4a8a5e08ea89d580,VERIFIED,5256,True,"[8,9,20,21,22,23,24,25,26,27,28,29,30,31,32,33,34,35,36,37,38,39,40,41,42,43,44,45,46,47,48,49,50,51,52,53,54,55,56,57,58,59,60,61,62,63,64,65,66,67,68,69,70,71,84,85,86,87,88,89,90,91,92,93,94,95,96,97,98,99,100,101,102,103,104,105,106,107,108,109,110,111,112,113]",[],[],[],True,True,True,"[[0,1,2,3,4,5,6,7,8,9,10,11,12,13,14,15,16,17,18,19,20,21,22,23,24,25,26,27,28,29,30,31,32,33,34,35,36,37,38,39,40,41,42,43,44,45,46,47,48,49,50,51,52,53,54,55,56,57,58],[59,60,61,62,63,64,65,66,67,68,69,70,71,72,73,74,75,76,77,78,79,80,81,82,83,84,85,86,87,88,89,90,91,92,93,94,95,96,97,98,99,100,101,102,103,104,105,106,107,108,109,110,111,112,113]]","[[0,2,4,6,7],[10,12,13,14,15,16,19],[72,75,78,79,80,82,83]]",18,False,False,False
order_development,g2-development-orders-02,DEVELOPMENT,aa60ecce56ae6f06a2b33ec78e24c78c9d85472b33e38834ee2d06977b048400,cfg-b15b8281b73592fb,P-S-D,30,400,5,65,35,5,781ca3472ecc67f04aac04676f184927a53572012488508c4a8a5e08ea89d580,VERIFIED,3186,True,"[0,1,2,3,4,5,6,7,8,9,10,11,12,13,14,15,16,17,18,19,20,21,22,23,24,35,45,46,47,48,49,50,51,52,53,54,55,56,57,58,59,60,61,62,63,64,65,66,67,68,100,101,102,103,104,105,106,107,108,109,110,111,112,113,114,115,116,117,118,119,120,121,122,123,124]",[],[],[],True,True,True,"[[0,1,2,3,4,5,6,7,8,9,10,11,12,13,14,15,16,17,18,19,20],[21,22,23,24,25,26,27,28,29,30,31,32,33,34,35,36,37,38,39,40,41,42,43,44,45,46,47,48,49,50,51,52,53,54,55,56,57,58,59,60,61,62,63,64,65,66,67,68,69,70,71,72,73,74,75,76,77,78,79,80,81,82,83,84,85,86,87,88,89,90,91,92,93,94,95,96,97,98,99,100,101,102,103,104,105,106,107,108,109,110,111,112,113,114,115,116,117,118,119,120,121,122,123,124]]","[[25,26,28,29,30,31,33,34],[36,37,39,40,41,43,44],[69,72,76,79,80,83,85,88,91,93,94,95,97,99]]",18,False,False,False
order_development,g2-development-orders-02,DEVELOPMENT,aa60ecce56ae6f06a2b33ec78e24c78c9d85472b33e38834ee2d06977b048400,cfg-b15b8281b73592fb,P-S-D,30,400,5,65,35,5,781ca3472ecc67f04aac04676f184927a53572012488508c4a8a5e08ea89d580,VERIFIED,4915,True,"[0,1,2,3,4,5,6,7,8,9,10,11,12,13,14,15,16,17,18,19,20,21,22,23,24,25,26,27,28,29,30,31,32,33,34,35,44,62,63,64,65,66,67,68,69,70,71,72,73,74,75,76,77,78,79,80,81,88,89,90,91,92,93,102,103,104]",[],[],[44],True,True,True,"[[0,1,2,3,4,5,6,7,8,9,10,11,12,13,14,15,16,17,18,19,20,21,22,23,24,25,26,27,28,29,30,31,32,33,34,35,36,37,38,39,40,41,42],[44,45,46,47,48,49,50,51,52,53,54,55,56,57,58,59,60,61,62,63,64,65,66,67,68,69,70,71,72,73,74,75,76,77,78,79,80,81,82,83,84,85,86,87,88,89,90,91,92,93,94,95,96,97,98,99,100,101,102,103,104]]","[[36,37,38,39,40,41,42],[45,49,51,53,54,55,56,57,59,60,61],[82,83,85,86,87],[94,95,97,98,100,101]]",23,False,False,False
order_development,g2-development-orders-02,DEVELOPMENT,aa60ecce56ae6f06a2b33ec78e24c78c9d85472b33e38834ee2d06977b048400,cfg-b15b8281b73592fb,P-S-D,30,400,5,65,35,5,781ca3472ecc67f04aac04676f184927a53572012488508c4a8a5e08ea89d580,VERIFIED,5707,True,"[0,1,2,3,4,5,6,7,8,9,10,11,12,13,14,15,16,17,18,19,20,21,22,23,24,25,26,27,28,29,30,31,32,33,34,35,36,37,38,39,40,41,42,43,44,45,46,53,54,55,56,57,58,59,60,61,62,63,64,65,66,67,68,69,70,71,72,73,74,75,76,77,78,79,80,81,82,83,84,85,86,87,88,89,90,91,92,93,94,95,96,97,98,99,100,101]",[],[],"[46,47]",True,True,True,"[[0,1,2,3,4,5,6,7,8,9,10,11,12,13,14,15,16,17,18,19,20,21,22,23,24,25,26,27,28,29,30,31,32,33,34,35,36,37,38,39,40,41,42,43,44,45,46],[53,54,55,56,57,58,59,60,61,62,63,64,65,66,67,68,69,70,71,72,73,74,75,76,77,78,79,80,81,82,83,84,85,86,87,88,89,90,91,92,93,94,95,96,97,98,99,100,101]]",[],25,False,True,False
order_development,g2-development-orders-02,DEVELOPMENT,aa60ecce56ae6f06a2b33ec78e24c78c9d85472b33e38834ee2d06977b048400,cfg-b15b8281b73592fb,P-S-D,30,400,5,65,35,5,781ca3472ecc67f04aac04676f184927a53572012488508c4a8a5e08ea89d580,VERIFIED,1718,True,"[0,1,2,3,4,5,6,7,8,9,10,11,12,13,14,15,16,17,18,19,20,21,22,23,24,25,26,27,28,29,30,31,32,33,34,35,36,37,38,39,40,41,42,43,44,45,46,47,48,49,50,51,52,53,54,55,56,57,58,59,60,61,62,63,64,65,66,67,68,69,70,71,72,73,74,75,76,77,78,79,80,81,82,83,84,85,86,87,88,89,90,91,92,93,94,95,96,97,98,99,100,101,102]",[],[],[],True,True,True,"[[0,1,2,3,4,5,6,7,8,9,10,11,12,13,14,15,16,17,18,19,20,21,22,23,24,25,26,27,28,29,30,31,32,33,34,35,36,37,38,39,40,41,42,43,44,45,46,47,48,49,50,51,52,53,54,55,56,57,58,59,60,61,62,63,64,65,66,67,68,69,70,71,72,73,74,75,76,77,78,79,80,81,82,83,84,85,86,87,88,89,90,91,92,93,94,95,96,97,98,99,100,101,102]]",[],26,False,True,False
order_development,g2-development-orders-02,DEVELOPMENT,aa60ecce56ae6f06a2b33ec78e24c78c9d85472b33e38834ee2d06977b048400,cfg-b15b8281b73592fb,P-S-D,30,400,5,65,35,5,781ca3472ecc67f04aac04676f184927a53572012488508c4a8a5e08ea89d580,VERIFIED,9002,True,"[0,1,2,3,4,5,6,7,8,9,10,11,12,13,14,15,16,17,18,19,20,21,22,23,24,25,26,33,34,35,36,37,38,39,40,54,55,56,57,58,59,60,61,62,63,64,65,66,67,68,69,70,71,72,73,74,75,76,77,78,79,80,81,82,83,84,85,86,87,88,89,90,91,92,93,94,95,96,97,98,99,100,101,102,103,104,105,106,107,108,109,110,111,112,113,114,115]",[],[],[],True,True,True,"[[0,1,2,3,4,5,6,7,8,9,10,11,12,13,14,15,16,17],[18,19,20,21,22,23,24,25,26,27,28,29,30,31,32,33,34,35,36,37,38,39,40,41,42,43,44,45,46,47,48,49,50,51,52,53,54,55,56,57,58,59,60,61,62,63,64,65,66,67,68,69,70,71,72,73,74,75,76,77,78,79,80,81,82,83,84,85,86,87,88,89,90,91,92,93,94,95,96,97,98,99,100,101,102,103,104,105,106,107,108,109,110,111,112,113,114,115]]","[[27,28,29,31,32],[41,43,45,46,47,48,50,51,52,53]]",27,False,False,False
order_development,g2-development-orders-02,DEVELOPMENT,aa60ecce56ae6f06a2b33ec78e24c78c9d85472b33e38834ee2d06977b048400,cfg-b15b8281b73592fb,P-S-D,30,400,5,65,35,5,781ca3472ecc67f04aac04676f184927a53572012488508c4a8a5e08ea89d580,VERIFIED,3262,False,[],[],[],[],True,True,False,[],[],2,False,True,False
order_development,g2-development-orders-02,DEVELOPMENT,aa60ecce56ae6f06a2b33ec78e24c78c9d85472b33e38834ee2d06977b048400,cfg-b15b8281b73592fb,P-S-D,30,400,5,65,35,5,781ca3472ecc67f04aac04676f184927a53572012488508c4a8a5e08ea89d580,VERIFIED,4732,False,[],[],[],[],True,True,False,[],[],2,False,True,False
order_development,g2-development-orders-02,DEVELOPMENT,aa60ecce56ae6f06a2b33ec78e24c78c9d85472b33e38834ee2d06977b048400,cfg-b15b8281b73592fb,P-S-D,30,400,5,65,35,5,781ca3472ecc67f04aac04676f184927a53572012488508c4a8a5e08ea89d580,VERIFIED,9729,False,[],[],[],[],True,True,False,[],[],2,False,True,False
order_development,g2-development-orders-02,DEVELOPMENT,aa60ecce56ae6f06a2b33ec78e24c78c9d85472b33e38834ee2d06977b048400,cfg-b15b8281b73592fb,P-S-D,30,400,5,65,35,5,781ca3472ecc67f04aac04676f184927a53572012488508c4a8a5e08ea89d580,VERIFIED,5,False,[],[],[],[],True,True,False,[],[],2,False,True,False
order_development,g2-development-orders-02,DEVELOPMENT,aa60ecce56ae6f06a2b33ec78e24c78c9d85472b33e38834ee2d06977b048400,cfg-b15b8281b73592fb,P-S-D,30,400,5,65,35,5,781ca3472ecc67f04aac04676f184927a53572012488508c4a8a5e08ea89d580,VERIFIED,5414,False,[],[],[],[],True,True,False,[],[],2,False,True,False
order_development,g2-development-orders-02,DEVELOPMENT,aa60ecce56ae6f06a2b33ec78e24c78c9d85472b33e38834ee2d06977b048400,cfg-b15b8281b73592fb,P-S-D,30,400,5,65,35,5,781ca3472ecc67f04aac04676f184927a53572012488508c4a8a5e08ea89d580,VERIFIED,4751,False,[],[],[],[],True,True,False,[],[],2,False,True,False
order_development,g2-development-orders-02,DEVELOPMENT,aa60ecce56ae6f06a2b33ec78e24c78c9d85472b33e38834ee2d06977b048400,cfg-b15b8281b73592fb,P-S-D,30,400,5,65,35,5,781ca3472ecc67f04aac04676f184927a53572012488508c4a8a5e08ea89d580,VERIFIED,11304,False,[],[],[],[],True,True,False,[],[],2,False,True,False
order_development,g2-development-orders-02,DEVELOPMENT,aa60ecce56ae6f06a2b33ec78e24c78c9d85472b33e38834ee2d06977b048400,cfg-b15b8281b73592fb,P-S-D,30,400,5,65,35,5,781ca3472ecc67f04aac04676f184927a53572012488508c4a8a5e08ea89d580,VERIFIED,7330,False,[],[],[],[],True,True,False,[],[],2,False,True,False
order_development,g2-development-orders-02,DEVELOPMENT,aa60ecce56ae6f06a2b33ec78e24c78c9d85472b33e38834ee2d06977b048400,cfg-b15b8281b73592fb,P-S-D,30,400,5,65,35,5,781ca3472ecc67f04aac04676f184927a53572012488508c4a8a5e08ea89d580,VERIFIED,5503,False,[],[],[],[],True,True,False,[],[],2,False,True,False
order_development,g2-development-orders-02,DEVELOPMENT,aa60ecce56ae6f06a2b33ec78e24c78c9d85472b33e38834ee2d06977b048400,cfg-b15b8281b73592fb,P-S-D,30,400,5,65,35,5,781ca3472ecc67f04aac04676f184927a53572012488508c4a8a5e08ea89d580,VERIFIED,5293,False,[],[],[],[],True,True,False,[],[],2,False,True,False
order_development,g2-development-orders-02,DEVELOPMENT,aa60ecce56ae6f06a2b33ec78e24c78c9d85472b33e38834ee2d06977b048400,cfg-b15b8281b73592fb,P-S-D,30,400,5,65,35,5,781ca3472ecc67f04aac04676f184927a53572012488508c4a8a5e08ea89d580,VERIFIED,8240,False,[],[],[],[],True,True,False,[],[],2,False,True,False
order_development,g2-development-orders-02,DEVELOPMENT,aa60ecce56ae6f06a2b33ec78e24c78c9d85472b33e38834ee2d06977b048400,cfg-b15b8281b73592fb,P-S-D,30,400,5,65,35,5,781ca3472ecc67f04aac04676f184927a53572012488508c4a8a5e08ea89d580,VERIFIED,9441,False,[],[],[],[],True,True,False,[],[],2,False,True,False
order_development,g2-development-orders-02,DEVELOPMENT,aa60ecce56ae6f06a2b33ec78e24c78c9d85472b33e38834ee2d06977b048400,cfg-b15b8281b73592fb,P-S-D,30,400,5,65,35,5,781ca3472ecc67f04aac04676f184927a53572012488508c4a8a5e08ea89d580,VERIFIED,217,False,[],[],[],"[91,92]",True,True,False,[],[],2,False,True,False
order_development,g2-development-orders-02,DEVELOPMENT,aa60ecce56ae6f06a2b33ec78e24c78c9d85472b33e38834ee2d06977b048400,cfg-b15b8281b73592fb,P-S-D,30,400,5,65,35,5,781ca3472ecc67f04aac04676f184927a53572012488508c4a8a5e08ea89d580,VERIFIED,130,False,[],[],[],"[6,7]",True,True,False,[],[],2,False,True,False
order_development,g2-development-orders-02,DEVELOPMENT,aa60ecce56ae6f06a2b33ec78e24c78c9d85472b33e38834ee2d06977b048400,cfg-b15b8281b73592fb,P-S-D,30,400,5,65,35,5,781ca3472ecc67f04aac04676f184927a53572012488508c4a8a5e08ea89d580,VERIFIED,799,False,[],[],[],"[15,16,17,18]",True,True,False,[],[],2,False,True,False
order_development,g2-development-orders-02,DEVELOPMENT,aa60ecce56ae6f06a2b33ec78e24c78c9d85472b33e38834ee2d06977b048400,cfg-b15b8281b73592fb,P-S-D,30,400,5,65,35,5,781ca3472ecc67f04aac04676f184927a53572012488508c4a8a5e08ea89d580,VERIFIED,4318,False,[],[],[],"[92,93]",True,True,False,[],[],2,False,True,False
order_development,g2-development-orders-02,DEVELOPMENT,aa60ecce56ae6f06a2b33ec78e24c78c9d85472b33e38834ee2d06977b048400,cfg-b15b8281b73592fb,P-S-D,30,400,5,65,35,5,781ca3472ecc67f04aac04676f184927a53572012488508c4a8a5e08ea89d580,VERIFIED,6867,False,[],[],[],[1],True,True,False,[],[],2,False,True,False
order_development,g2-development-orders-02,DEVELOPMENT,aa60ecce56ae6f06a2b33ec78e24c78c9d85472b33e38834ee2d06977b048400,cfg-b15b8281b73592fb,P-S-D,30,400,5,65,35,5,781ca3472ecc67f04aac04676f184927a53572012488508c4a8a5e08ea89d580,VERIFIED,4492,False,[],[],[],[],True,True,False,[],[],2,False,True,False
order_development,g2-development-orders-02,DEVELOPMENT,aa60ecce56ae6f06a2b33ec78e24c78c9d85472b33e38834ee2d06977b048400,cfg-b15b8281b73592fb,P-S-D,30,400,5,65,35,5,781ca3472ecc67f04aac04676f184927a53572012488508c4a8a5e08ea89d580,VERIFIED,4782,False,[],[],[],"[9,10,33,34,37,38]",True,True,False,[],[],2,False,True,False
order_development,g2-development-orders-02,DEVELOPMENT,aa60ecce56ae6f06a2b33ec78e24c78c9d85472b33e38834ee2d06977b048400,cfg-b15b8281b73592fb,P-S-D,30,400,5,65,35,5,781ca3472ecc67f04aac04676f184927a53572012488508c4a8a5e08ea89d580,VERIFIED,4460,False,[],[],[],"[1,2]",True,True,False,[],[],2,False,True,False
order_development,g2-development-orders-02,DEVELOPMENT,aa60ecce56ae6f06a2b33ec78e24c78c9d85472b33e38834ee2d06977b048400,cfg-b15b8281b73592fb,P-S-D,30,400,5,65,35,5,781ca3472ecc67f04aac04676f184927a53572012488508c4a8a5e08ea89d580,VERIFIED,7736,False,[],[],[],"[39,40]",True,True,False,[],[],2,False,True,False
order_development,g2-development-orders-02,DEVELOPMENT,aa60ecce56ae6f06a2b33ec78e24c78c9d85472b33e38834ee2d06977b048400,cfg-b15b8281b73592fb,P-S-D,30,400,5,65,35,5,781ca3472ecc67f04aac04676f184927a53572012488508c4a8a5e08ea89d580,VERIFIED,9056,False,[],[],[],[],True,True,False,[],[],2,False,True,False
order_development,g2-development-orders-02,DEVELOPMENT,aa60ecce56ae6f06a2b33ec78e24c78c9d85472b33e38834ee2d06977b048400,cfg-b15b8281b73592fb,P-S-D,30,400,5,65,35,5,781ca3472ecc67f04aac04676f184927a53572012488508c4a8a5e08ea89d580,VERIFIED,8877,False,[],[],[],[],True,True,False,[],[],2,False,True,False
order_development,g2-development-orders-02,DEVELOPMENT,aa60ecce56ae6f06a2b33ec78e24c78c9d85472b33e38834ee2d06977b048400,cfg-b15b8281b73592fb,P-S-D,30,400,5,65,35,5,781ca3472ecc67f04aac04676f184927a53572012488508c4a8a5e08ea89d580,VERIFIED,611,False,[],[],[],[],True,True,False,[],[],2,False,True,False
order_development,g2-development-orders-02,DEVELOPMENT,aa60ecce56ae6f06a2b33ec78e24c78c9d85472b33e38834ee2d06977b048400,cfg-b15b8281b73592fb,P-S-D,30,400,5,65,35,5,781ca3472ecc67f04aac04676f184927a53572012488508c4a8a5e08ea89d580,VERIFIED,6313,True,"[0,1,2,3,4,5,6,7,8,9,10,11,12,13,14,15,16,17,18,19,20,21,22,23,24,25,26,27,28,29,30,31,32,33,34,35,36,37,38,39,40,41,42,43,44,45,46,47,48,49,50,51,52,53,54,55,56,57,58,59,60,61,62,63,64,65,66,67,68,69,70,71,72,73,74,75,76,77,78,79,80,81,82,83,84,85,86,87,88,89,90,91,92,93,94,95,96,97,98,99,100]",[],[],[],True,True,True,"[[0,1,2,3,4,5,6,7,8,9,10,11,12,13,14,15,16,17,18,19,20,21,22,23,24,25,26,27,28,29,30,31,32,33,34,35,36,37,38,39,40,41,42,43,44,45,46,47,48,49,50,51,52,53,54,55,56,57,58,59,60,61,62,63,64,65,66,67,68,69,70,71,72,73,74,75,76,77,78,79,80,81,82,83,84,85,86,87,88,89,90,91,92,93,94,95,96,97,98,99,100]]",[],24,False,True,False
order_development,g2-development-orders-02,DEVELOPMENT,aa60ecce56ae6f06a2b33ec78e24c78c9d85472b33e38834ee2d06977b048400,cfg-b15b8281b73592fb,P-S-D,30,400,5,65,35,5,781ca3472ecc67f04aac04676f184927a53572012488508c4a8a5e08ea89d580,VERIFIED,10089,True,"[0,1,2,3,4,5,6,7,8,9,10,11,12,13,14,15,16,17,18,19,20,21,22,23,24,25,26,27,28,29,30,31,32,33,34,35,36,37,38,39,40,41,42,43,44,45,46,47,48,49,50,51,52,53,54,55,56,57,58,59,60,61,62,63,64,65,66,67,68,69,70,71,72,73,74,75,76,77,78,79,80,81,82,83,84,85,86,87,88,89,90,91,92,93,94,95,96,97,98]",[],[],[],True,True,True,"[[0,1,2,3,4,5,6,7,8,9,10,11,12,13,14,15,16,17,18,19,20,21,22,23,24,25,26,27,28,29,30,31,32,33,34,35,36,37,38,39,40,41,42,43,44,45,46,47,48,49,50,51,52,53,54,55,56,57,58,59,60,61,62,63,64,65,66,67,68,69,70,71,72,73,74,75,76,77,78,79,80,81,82,83,84,85,86,87,88,89,90,91,92,93,94,95,96,97,98]]",[],12,False,True,False
order_development,g2-development-orders-02,DEVELOPMENT,aa60ecce56ae6f06a2b33ec78e24c78c9d85472b33e38834ee2d06977b048400,cfg-b15b8281b73592fb,P-S-D,30,400,5,65,35,5,781ca3472ecc67f04aac04676f184927a53572012488508c4a8a5e08ea89d580,VERIFIED,10232,True,"[0,1,2,3,4,5,6,7,8,9,10,11,12,13,14,15,16,17,18,19,20,21,22,23,24,25,26,27,28,29,30,31,32,33,34,35,36,37,38,39,40,41,42,43,44,45,46,47,48,49,50,51,52,53,54,55,56,57,58,59,60,61,62,63,64,65,66,67,68,69,70,71,72,73,74,75,76,77,78,79,80,81,82,83,84,85,86,87,88,89,90,91,92,93,94,95,96,97]",[],[],[],True,True,True,"[[0,1,2,3,4,5,6,7,8,9,10,11,12,13,14,15,16,17,18,19,20,21,22,23,24,25,26,27,28,29,30,31,32,33,34,35,36,37,38,39,40,41,42,43,44,45,46,47,48,49,50,51,52,53,54,55,56,57,58,59,60,61,62,63,64,65,66,67,68,69,70,71,72,73,74,75,76,77,78,79,80,81,82,83,84,85,86,87,88,89,90,91,92,93,94,95,96,97]]",[],19,False,True,False
order_development,g2-development-orders-02,DEVELOPMENT,aa60ecce56ae6f06a2b33ec78e24c78c9d85472b33e38834ee2d06977b048400,cfg-b15b8281b73592fb,P-S-D,30,400,5,65,35,5,781ca3472ecc67f04aac04676f184927a53572012488508c4a8a5e08ea89d580,VERIFIED,11272,True,"[0,1,2,3,4,5,6,7,8,9,10,11,12,13,14,15,16,17,18,19,20,21,22,23,24,25,26,27,28,29,30,31,32,33,34,35,36,37,38,39,40,41,42,43,44,45,46,47,48,49,50,51,52,53,54,55,56,57,58,59,60,61,62,63,64,65,66,67,68,69,70,71,72,73,74,75,76,77,78,79,80,81,82,83,84,85,86,87,88,89,90,91,92,93,94,95,96,97]",[],[],[],True,True,True,"[[0,1,2,3,4,5,6,7,8,9,10,11,12,13,14,15,16,17,18,19,20,21,22,23,24,25,26,27,28,29,30,31,32,33,34,35,36,37,38,39,40,41,42,43,44,45,46,47,48,49,50,51,52,53,54,55,56,57,58,59,60,61,62,63,64,65,66,67,68,69,70,71,72,73,74,75,76,77,78,79,80,81,82,83,84,85,86,87,88,89,90,91,92,93,94,95,96,97]]",[],24,False,True,False
order_development,g2-development-orders-02,DEVELOPMENT,aa60ecce56ae6f06a2b33ec78e24c78c9d85472b33e38834ee2d06977b048400,cfg-b15b8281b73592fb,P-S-D,30,400,5,65,35,5,781ca3472ecc67f04aac04676f184927a53572012488508c4a8a5e08ea89d580,VERIFIED,5633,True,"[0,1,2,13,14,15,16,24,25,26,27,28,29,30,31,32,33,34,35,36,37,38,39,40,41,42,43,44,45,46,47,48,49,50,51,52,53,54,55,56,57,58,59,60,61,62,63,64,65,66,67,68,69,70,71,72,73,74,75,76,77,78,79,80,81,82,83,84,85,86,87,88,89,90,91,92,93,94,95,96,97]",[],[],[],True,True,True,"[[0,1,2,3,4,5,6,7,8,9,10,11,12,13,14,15,16,17,18,19,20,21,22,23,24,25,26,27,28,29,30,31,32,33,34,35,36,37,38,39,40,41,42,43,44,45,46,47,48,49,50,51,52,53,54,55,56,57,58,59,60,61,62,63,64,65,66,67,68,69,70,71,72,73,74,75,76,77,78,79,80,81,82,83,84,85,86,87,88,89,90,91,92,93,94,95,96,97,98,99,100,101,102,103,104,105,106,107,108,109,110,111,112,113,114]]","[[3,4,5,7,8,9,12],[17,18,20,21,22,23],[98,99,103,105,106,108,110,112,113,114]]",15,False,False,False
order_development,g2-development-orders-02,DEVELOPMENT,aa60ecce56ae6f06a2b33ec78e24c78c9d85472b33e38834ee2d06977b048400,cfg-b15b8281b73592fb,P-S-D,30,400,5,65,35,5,781ca3472ecc67f04aac04676f184927a53572012488508c4a8a5e08ea89d580,VERIFIED,8061,True,"[0,1,2,3,4,5,6,7,8,9,10,11,12,13,14,15,16,17,18,19,20,21,22,23,24,25,26,27,28,29,30,31,32,33,34,35,36,37,38,39,40,41,42,43,44,45,46,47,48,49,50,51,65,66,67,68,69,70,71,72,73,74,75,76,77,78,79,80,81,82,83,84,85,86,87,88,89,90,91,92,93,94,95,96,97,98]",[],[],[],True,True,True,"[[0,1,2,3,4,5,6,7,8,9,10,11,12,13,14,15,16,17,18,19,20,21,22,23,24,25,26,27,28,29,30,31,32,33,34,35,36,37,38,39,40,41,42,43,44,45,46,47,48,49,50,51,52,53,54,55,56,57,58,59,60,61,62,63,64,65,66,67,68,69,70,71,72,73,74,75,76,77,78,79,80,81,82,83,84,85,86,87,88,89,90,91,92,93,94,95,96,97,98]]","[[52,54,56,57,58,59,61,64]]",24,False,False,False
order_development,g2-development-orders-02,DEVELOPMENT,aa60ecce56ae6f06a2b33ec78e24c78c9d85472b33e38834ee2d06977b048400,cfg-b15b8281b73592fb,P-S-D,30,400,5,65,35,5,781ca3472ecc67f04aac04676f184927a53572012488508c4a8a5e08ea89d580,VERIFIED,89,True,"[0,1,2,3,4,5,6,7,8,9,10,11,12,13,14,15,16,17,18,19,20,21,22,23,24,25,26,27,28,29,30,31,32,33,34,35,36,37,38,39,40,41,42,43,44,45,46,47,48,49,50,51,52,53,54,55,56,57,58,59,60,61,62,63,64,65,66,67,68,69,70,71,72,73,74,75,76,77,78,79,80,81,82,83,84,85,86,87,88,89,90,91,92,93,94,95,96,97,98,99]",[],[],[],True,True,True,"[[0,1,2,3,4,5,6,7,8,9,10,11,12,13,14,15,16,17,18,19,20,21,22,23,24,25,26,27,28,29,30,31,32,33,34,35,36,37,38,39,40,41,42,43,44,45,46,47,48,49,50,51,52,53,54,55,56,57,58,59,60,61,62,63,64,65,66,67,68,69,70,71,72,73,74,75,76,77,78,79,80,81,82,83,84,85,86,87,88,89,90,91,92,93,94,95,96,97,98,99]]",[],10,False,True,False
order_development,g2-development-orders-02,DEVELOPMENT,aa60ecce56ae6f06a2b33ec78e24c78c9d85472b33e38834ee2d06977b048400,cfg-b15b8281b73592fb,P-S-D,30,400,5,65,35,5,781ca3472ecc67f04aac04676f184927a53572012488508c4a8a5e08ea89d580,VERIFIED,6225,True,"[0,1,2,3,4,5,6,7,8,9,10,11,12,13,14,15,16,17,18,19,20,21,22,23,24,25,26,27,28,29,30,31,32,33,34,35,36,37,38,39,40,41,42,43,44,45,46,47,48,49,50,51,52,53,54,55,56,57,58,59,60,61,62,63,64,65,66,67,68,69,70,71,72,73,74,75,76,77,78,79,80,81,82,83,84,85,86,87,88,89,90,91,92,93,94,95,96,97,98]",[],[],[],True,True,True,"[[0,1,2,3,4,5,6,7,8,9,10,11,12,13,14,15,16,17,18,19,20,21,22,23,24,25,26,27,28,29,30,31,32,33,34,35,36,37,38,39,40,41,42,43,44,45,46,47,48,49,50,51,52,53,54,55,56,57,58,59,60,61,62,63,64,65,66,67,68,69,70,71,72,73,74,75,76,77,78,79,80,81,82,83,84,85,86,87,88,89,90,91,92,93,94,95,96,97,98]]",[],13,False,True,False
order_development,g2-development-orders-02,DEVELOPMENT,aa60ecce56ae6f06a2b33ec78e24c78c9d85472b33e38834ee2d06977b048400,cfg-b15b8281b73592fb,P-S-D,30,400,5,65,35,5,781ca3472ecc67f04aac04676f184927a53572012488508c4a8a5e08ea89d580,VERIFIED,82,True,"[0,1,2,3,4,5,6,7,8,9,10,11,12,13,14,15,16,17,18,19,20,21,22,23,24,25,26,27,28,29,30,31,32,33,34,35,36,37,38,39,40,41,42,43,44,45,46,47,48,49,50,51,52,53,54,55,56,57,58,59,60,61,62,63,64,65,66,67,68,69,70,71,72,73,74,75,76,77,78,79,80,81,82,83,84,85,86,87,88,89,90,91,92,93,94,95,96,97]",[],[],[],True,True,True,"[[0,1,2,3,4,5,6,7,8,9,10,11,12,13,14,15,16,17,18,19,20,21,22,23,24,25,26,27,28,29,30,31,32,33,34,35,36,37,38,39,40,41,42,43,44,45,46,47,48,49,50,51,52,53,54,55,56,57,58,59,60,61,62,63,64,65,66,67,68,69,70,71,72,73,74,75,76,77,78,79,80,81,82,83,84,85,86,87,88,89,90,91,92,93,94,95,96,97]]",[],16,False,True,False
order_development,g2-development-orders-02,DEVELOPMENT,aa60ecce56ae6f06a2b33ec78e24c78c9d85472b33e38834ee2d06977b048400,cfg-b15b8281b73592fb,P-S-D,30,400,5,65,35,5,781ca3472ecc67f04aac04676f184927a53572012488508c4a8a5e08ea89d580,VERIFIED,2713,True,"[0,1,2,3,4,5,6,7,8,9,10,11,12,13,14,15,16,17,18,19,20,21,22,23,24,25,26,27,28,29,30,31,32,33,34,35,36,37,38,39,40,41,42,43,44,45,46,47,48,49,50,51,52,53,54,55,56,57,58,59,60,61,62,63,64,65,66,67,68,69,70,71,72,73,74,75,76,77,78,79,80,81,82,83,84,85,86,87,88,89,90,91,92,93,94,95,96,97,98,99]",[],[],[],True,True,True,"[[0,1,2,3,4,5,6,7,8,9,10,11,12,13,14,15,16,17,18,19,20,21,22,23,24,25,26,27,28,29,30,31,32,33,34,35,36,37,38,39,40,41,42,43,44,45,46,47,48,49,50,51,52,53,54,55,56,57,58,59,60,61,62,63,64,65,66,67,68,69,70,71,72,73,74,75,76,77,78,79,80,81,82,83,84,85,86,87,88,89,90,91,92,93,94,95,96,97,98,99]]",[],10,False,True,False
order_development,g2-development-orders-02,DEVELOPMENT,aa60ecce56ae6f06a2b33ec78e24c78c9d85472b33e38834ee2d06977b048400,cfg-b15b8281b73592fb,P-S-D,30,400,5,65,35,5,781ca3472ecc67f04aac04676f184927a53572012488508c4a8a5e08ea89d580,VERIFIED,647,True,"[0,1,2,3,4,5,6,7,8,9,10,11,12,13,14,15,16,17,18,19,20,21,22,23,24,25,26,27,28,29,30,31,32,33,34,35,36,37,38,39,40,41,42,43,44,45,46,47,48,49,50,51,52,53,54,55,56,57,58,59,60,61,62,63,64,65,66,67,68,69,70,71,72,73,74,75,76,77,78,79,80,81,82,83,84,85,86,87,88,89,90,91,92,93,94,95,96,97,98,99]",[],[],[],True,True,True,"[[0,1,2,3,4,5,6,7,8,9,10,11,12,13,14,15,16,17,18,19,20,21,22,23,24,25,26,27,28,29,30,31,32,33,34,35,36,37,38,39,40,41,42,43,44,45,46,47,48,49,50,51,52,53,54,55,56,57,58,59,60,61,62,63,64,65,66,67,68,69,70,71,72,73,74,75,76,77,78,79,80,81,82,83,84,85,86,87,88,89,90,91,92,93,94,95,96,97,98,99]]",[],7,False,True,False
order_development,g2-development-orders-02,DEVELOPMENT,aa60ecce56ae6f06a2b33ec78e24c78c9d85472b33e38834ee2d06977b048400,cfg-b15b8281b73592fb,P-S-D,30,400,5,65,35,5,781ca3472ecc67f04aac04676f184927a53572012488508c4a8a5e08ea89d580,VERIFIED,3367,True,"[0,1,2,3,4,5,6,7,8,9,10,11,12,13,14,15,16,17,18,19,20,21,22,23,24,25,26,27,28,29,30,31,32,33,34,35,36,37,38,39,40,41,42,43,44,45,46,47,48,49,50,51,52,53,54,55,56,57,58,59,60,61,62,63,64,65,66,67,68,69,70,71,72,73,74,75,76,77,78,79,80,81,82,83,84,85,86,87,88,89,90,91,92,93,94,95,96,97,98]",[],[],[],True,True,True,"[[0,1,2,3,4,5,6,7,8,9,10,11,12,13,14,15,16,17,18,19,20,21,22,23,24,25,26,27,28,29,30,31,32,33,34,35,36,37,38,39,40,41,42,43,44,45,46,47,48,49,50,51,52,53,54,55,56,57,58,59,60,61,62,63,64,65,66,67,68,69,70,71,72,73,74,75,76,77,78,79,80,81,82,83,84,85,86,87,88,89,90,91,92,93,94,95,96,97,98]]",[],8,False,True,False
order_development,g2-development-orders-02,DEVELOPMENT,aa60ecce56ae6f06a2b33ec78e24c78c9d85472b33e38834ee2d06977b048400,cfg-b15b8281b73592fb,P-S-D,30,400,5,65,35,5,781ca3472ecc67f04aac04676f184927a53572012488508c4a8a5e08ea89d580,VERIFIED,9565,True,"[0,1,2,3,4,5,6,7,8,9,10,11,12,13,14,15,16,17,18,19,20,21,22,23,24,25,26,27,28,29,30,31,32,33,34,35,36,37,38,39,40,41,42,43,44,45,46,47,48,49,50,51,52,53,54,55,56,57,58,59,60,61,62,63,64,65,66,67,68,69,70,71,72,73,74,75,76,77,78,79,80,81,82,83,84,85,86,87,88,89,90,91,92,93,94,95]",[],[],[],True,True,True,"[[0,1,2,3,4,5,6,7,8,9,10,11,12,13,14,15,16,17,18,19,20,21,22,23,24,25,26,27,28,29,30,31,32,33,34,35,36,37,38,39,40,41,42,43,44,45,46,47,48,49,50,51,52,53,54,55,56,57,58,59,60,61,62,63,64,65,66,67,68,69,70,71,72,73,74,75,76,77,78,79,80,81,82,83,84,85,86,87,88,89,90,91,92,93,94,95]]",[],14,False,True,False
order_development,g2-development-orders-02,DEVELOPMENT,aa60ecce56ae6f06a2b33ec78e24c78c9d85472b33e38834ee2d06977b048400,cfg-b15b8281b73592fb,P-S-D,30,400,5,65,35,5,781ca3472ecc67f04aac04676f184927a53572012488508c4a8a5e08ea89d580,VERIFIED,2141,True,"[0,1,2,3,4,5,6,7,8,9,10,11,12,13,14,15,16,17,18,19,20,21,22,23,24,25,26,27,28,38,39,40,41,42,43,44,45,46,47,48,49,50,51,52,53,54,55,56,57,58,59,60,61,62,63,64,65,66,67,68,69,70,71,72,73,74,75,76,77,78,79,80,81,82,83,84,85,86,87,88,89,90,91,92,93,94,95,96,97,98,99,100,101]",[],[],[],True,True,True,"[[0,1,2,3,4,5,6,7,8,9,10,11,12,13,14,15,16,17,18,19,20,21,22,23,24,25,26,27,28,29,30,31,32,33,34,35,36,37,38,39,40,41,42,43,44,45,46,47,48,49,50,51,52,53,54,55,56,57,58,59,60,61,62,63,64,65,66,67,68,69,70,71,72,73,74,75,76,77,78,79,80,81,82,83,84,85,86,87,88,89,90,91,92,93,94,95,96,97,98,99,100,101]]","[[29,30,33,34,37]]",7,False,False,False
order_development,g2-development-orders-02,DEVELOPMENT,aa60ecce56ae6f06a2b33ec78e24c78c9d85472b33e38834ee2d06977b048400,cfg-b15b8281b73592fb,P-S-D,30,400,5,65,35,5,781ca3472ecc67f04aac04676f184927a53572012488508c4a8a5e08ea89d580,VERIFIED,11193,True,"[0,1,2,3,4,5,6,7,8,9,10,11,12,13,14,15,16,17,18,19,20,21,22,23,24,25,26,27,28,29,30,31,32,33,34,35,36,37,38,39,40,41,42,43,44,45,46,47,48,49,50,51,52,53,54,55,56,57,58,59,60,61,62,63,64,65,66,67,68,69,70,71,72,73,74,75,76,77,78,79,80,81,82,83,84,85,86,87,88,89,90,91,92,93,94,95,96,97,98]",[],[],[],True,True,True,"[[0,1,2,3,4,5,6,7,8,9,10,11,12,13,14,15,16,17,18,19,20,21,22,23,24,25,26,27,28,29,30,31,32,33,34,35,36,37,38,39,40,41,42,43,44,45,46,47,48,49,50,51,52,53,54,55,56,57,58,59,60,61,62,63,64,65,66,67,68,69,70,71,72,73,74,75,76,77,78,79,80,81,82,83,84,85,86,87,88,89,90,91,92,93,94,95,96,97,98]]",[],6,False,True,False
order_development,g2-development-orders-02,DEVELOPMENT,aa60ecce56ae6f06a2b33ec78e24c78c9d85472b33e38834ee2d06977b048400,cfg-b15b8281b73592fb,P-S-D,30,400,5,65,35,5,781ca3472ecc67f04aac04676f184927a53572012488508c4a8a5e08ea89d580,VERIFIED,2286,False,[],[],[],[],True,True,False,[],[],2,False,True,False
order_development,g2-development-orders-02,DEVELOPMENT,aa60ecce56ae6f06a2b33ec78e24c78c9d85472b33e38834ee2d06977b048400,cfg-b15b8281b73592fb,P-S-D,30,400,5,65,35,5,781ca3472ecc67f04aac04676f184927a53572012488508c4a8a5e08ea89d580,VERIFIED,4448,False,[],[],[],[],True,True,False,[],[],2,False,True,False
order_development,g2-development-orders-02,DEVELOPMENT,aa60ecce56ae6f06a2b33ec78e24c78c9d85472b33e38834ee2d06977b048400,cfg-b15b8281b73592fb,P-S-D,30,400,5,65,35,5,781ca3472ecc67f04aac04676f184927a53572012488508c4a8a5e08ea89d580,VERIFIED,1628,True,"[0,1,2,3,4,5,6,7,8,9,10,11,12,13,14,15,16,17,18,19,20,21,22,23,24,25,26,27,28,29,30,31,32,33,34,35,36,37,38,39,40,41,42,43,44,45,46,47,48,49,50,51,52,53,54,55,56,57,58,59,60,61,62,63,64,65,66,67,68,69,70,71,72,73,74,75,76,77,78,79,80,81,82,83,84,85,86,87,88,89,90,91,92,93,94,95,96,97,98,99]",[],[],[],True,True,True,"[[0,1,2,3,4,5,6,7,8,9,10,11,12,13,14,15,16,17,18,19,20,21,22,23,24,25,26,27,28,29,30,31,32,33,34,35,36,37,38,39,40,41,42,43,44,45,46,47,48,49,50,51,52,53,54,55,56,57,58,59,60,61,62,63,64,65,66,67,68,69,70,71,72,73,74,75,76,77,78,79,80,81,82,83,84,85,86,87,88,89,90,91,92,93,94,95,96,97,98,99]]",[],16,False,True,False
order_development,g2-development-orders-02,DEVELOPMENT,aa60ecce56ae6f06a2b33ec78e24c78c9d85472b33e38834ee2d06977b048400,cfg-b15b8281b73592fb,P-S-D,30,400,5,65,35,5,781ca3472ecc67f04aac04676f184927a53572012488508c4a8a5e08ea89d580,VERIFIED,10169,True,"[0,1,2,3,4,5,6,7,8,9,10,11,12,13,14,15,16,17,18,19,20,21,22,33,34,35,36,37,38,39,40,41,42,43,44,45,46,47,48,49,50,51,52,53,54,55,56,57,58,59,60,61,62,63,64,65,66,67,68,69,70,71,72,73,74,75,76,77,78,79,80,81,82,83,84,85,86,87,88,89,90,91,92,93,94,95,96,97,98,99,100,101,102,103]",[],[],[],True,True,True,"[[0,1,2,3,4,5,6,7,8,9,10,11,12,13,14,15,16,17,18,19,20,21,22,23,24,25,26,27,28,29,30,31,32,33,34,35,36,37,38,39,40,41,42,43,44,45,46,47,48,49,50,51,52,53,54,55,56,57,58,59,60,61,62,63,64,65,66,67,68,69,70,71,72,73,74,75,76,77,78,79,80,81,82,83,84,85,86,87,88,89,90,91,92,93,94,95,96,97,98,99,100,101,102,103]]","[[23,24,25,26,28,30,31,32]]",11,False,False,False
order_development,g2-development-orders-02,DEVELOPMENT,aa60ecce56ae6f06a2b33ec78e24c78c9d85472b33e38834ee2d06977b048400,cfg-b15b8281b73592fb,P-S-D,30,400,5,65,35,5,781ca3472ecc67f04aac04676f184927a53572012488508c4a8a5e08ea89d580,VERIFIED,7151,False,[],[],[],[],True,True,False,[],[],3,False,True,False
order_development,g2-development-orders-02,DEVELOPMENT,aa60ecce56ae6f06a2b33ec78e24c78c9d85472b33e38834ee2d06977b048400,cfg-b15b8281b73592fb,P-S-D,30,400,5,65,35,5,781ca3472ecc67f04aac04676f184927a53572012488508c4a8a5e08ea89d580,VERIFIED,10547,True,"[0,1,2,3,4,12,13,14,15,16,17,18,19,20,21,22,23,24,25,26,27,28,29,30,31,32,33,34,35,36,37,38,39,40,41,42,43,44,45,46,47,48,49,50,51,52,53,54,55,56,57,58,59,60,61,62,63,64,65,66,67,68,69,70,71,72,73,74,75,76,77,78,79,80,81,82,83,84,85,86,87,88,89,90,91,92,93,94,95,96,97,98,99,100,101]",[],[],[],True,True,True,"[[0,1,2,3,4,5,6,7,8,9,10,11,12,13,14,15,16,17,18,19,20,21,22,23,24,25,26,27,28,29,30,31,32,33,34,35,36,37,38,39,40,41,42,43,44,45,46,47,48,49,50,51,52,53,54,55,56,57,58,59,60,61,62,63,64,65,66,67,68,69,70,71,72,73,74,75,76,77,78,79,80,81,82,83,84,85,86,87,88,89,90,91,92,93,94,95,96,97,98,99,100,101]]","[[5,6,7,8,10,11]]",7,False,False,False
order_development,g2-development-orders-02,DEVELOPMENT,aa60ecce56ae6f06a2b33ec78e24c78c9d85472b33e38834ee2d06977b048400,cfg-b15b8281b73592fb,P-S-D,30,400,5,65,35,5,781ca3472ecc67f04aac04676f184927a53572012488508c4a8a5e08ea89d580,VERIFIED,10796,False,[],[],[],[],True,True,False,[],[],4,False,True,False
order_development,g2-development-orders-02,DEVELOPMENT,aa60ecce56ae6f06a2b33ec78e24c78c9d85472b33e38834ee2d06977b048400,cfg-b15b8281b73592fb,P-S-D,30,400,5,65,35,5,781ca3472ecc67f04aac04676f184927a53572012488508c4a8a5e08ea89d580,VERIFIED,7831,False,[],[],[],[],True,True,False,[],[],2,False,True,False
order_development,g2-development-orders-02,DEVELOPMENT,aa60ecce56ae6f06a2b33ec78e24c78c9d85472b33e38834ee2d06977b048400,cfg-b15b8281b73592fb,P-S-D,30,400,5,65,35,5,781ca3472ecc67f04aac04676f184927a53572012488508c4a8a5e08ea89d580,VERIFIED,4805,False,[],[],[],[],True,True,False,[],[],2,False,True,False
order_development,g2-development-orders-02,DEVELOPMENT,aa60ecce56ae6f06a2b33ec78e24c78c9d85472b33e38834ee2d06977b048400,cfg-b15b8281b73592fb,P-S-D,30,400,5,65,35,5,781ca3472ecc67f04aac04676f184927a53572012488508c4a8a5e08ea89d580,VERIFIED,2232,True,"[0,1,2,3,22,23,33,34,35,36,37,38,39,40,41]",[],[],[],True,True,True,"[[0,1,2,3,4,5,6,7,8,9,10,11,12,13,14,15,16,17,18,19,20,21,22,23,24,25,26,27,28,29,30,31,32,33,34,35,36,37,38,39,40,41]]","[[4,6,7,8,11,12,14,16,18,19,20,21],[24,25,27,28,29,30,31,32]]",6,False,False,False
order_development,g2-development-orders-02,DEVELOPMENT,aa60ecce56ae6f06a2b33ec78e24c78c9d85472b33e38834ee2d06977b048400,cfg-b15b8281b73592fb,P-S-D,30,400,5,65,35,5,781ca3472ecc67f04aac04676f184927a53572012488508c4a8a5e08ea89d580,VERIFIED,7764,True,"[0,1,2,3,4,5,6,7,8,37,38,45,46,47,48,49,57,58,59,60,61,72,73,82,83,84,85,86,87,88,89,90,104,111,112,113,114,115,116,117,118,119,120,121]",[],[],"[8,37,38]",True,True,True,"[[0,1,2,3,4,5,6,7],[8,9,10,11,12,13,14,15,16,17,18,19,20,21,22,23,24,25,26,27,28,29,30,31,32,33,34,35,36,37],[38,39,40,41,42,43,44,45,46,47,48,49,50,51,52,53,54,55,56,57,58,59,60,61,62,63,64,65,66,67,68,69,70,71,72,73,74,75,76,77,78,79,80,81,82,83,84,85,86,87,88,89,90,91,92,93,94,95,96,97,98,99,100,101,102,103,104,105,106,107,108,109,110,111,112,113,114,115,116,117,118,119,120,121]]","[[9,11,12,13,14,15,17,18,20,22,23,26,28,29,30,32,34,35,36],[39,40,41,42,43,44],[50,51,52,53,54,55,56],[62,67,68,69,71],[74,75,77,78,79,81],[91,94,97,98,99,100,101,103],[105,107,108,109,110]]",8,False,False,False
order_development,g2-development-orders-02,DEVELOPMENT,aa60ecce56ae6f06a2b33ec78e24c78c9d85472b33e38834ee2d06977b048400,cfg-b15b8281b73592fb,P-S-D,30,400,5,65,35,5,781ca3472ecc67f04aac04676f184927a53572012488508c4a8a5e08ea89d580,VERIFIED,2197,True,"[1,2,3,4,5,6,7,8,9,10,11,12,13,14,15,16,17,18,19,20,21,22,23,24,25,26,27,28,29,30,31,32,33,34,35,36,37,38,39,40,41,42,43,44,45,46,47,48,49,50,51,52,53,54,55,56,57,58,59,60,61,62,63,64,65,66,67,68,69,70,71,72,73,74,75,76,77,78,79,80,81,82,83,84,85,86,87,88,89,90,91,92,93,94,95]",[],[],"[1,33,34,62,63]",True,True,True,"[[1,2,3,4,5,6,7,8,9,10,11,12,13,14,15,16,17,18,19,20,21,22,23,24,25,26,27,28,29,30,31,32,33],[34,35,36,37,38,39,40,41,42,43,44,45,46,47,48,49,50,51,52,53,54,55,56,57,58,59,60,61,62],[63,64,65,66,67,68,69,70,71,72,73,74,75,76,77,78,79,80,81,82,83,84,85,86,87,88,89,90,91,92,93,94,95]]",[],11,False,True,False
order_development,g2-development-orders-02,DEVELOPMENT,aa60ecce56ae6f06a2b33ec78e24c78c9d85472b33e38834ee2d06977b048400,cfg-b15b8281b73592fb,P-S-D,30,400,5,65,35,5,781ca3472ecc67f04aac04676f184927a53572012488508c4a8a5e08ea89d580,VERIFIED,6876,True,"[6,7,8,9,10,11,19,20,21,22,23,24,25]",[],[],[25],True,True,True,"[[0,1,2,3,4,5,6,7,8,9,10,11,12,13,14,15,16,17,18,19,20,21,22,23,24,25]]","[[0,1,2,3,4,5],[12,13,14,15,16,17,18]]",5,False,False,False
order_development,g2-development-orders-02,DEVELOPMENT,aa60ecce56ae6f06a2b33ec78e24c78c9d85472b33e38834ee2d06977b048400,cfg-b15b8281b73592fb,P-S-D,30,400,5,65,35,5,781ca3472ecc67f04aac04676f184927a53572012488508c4a8a5e08ea89d580,VERIFIED,7875,False,[],[],[],"[6,7,43,44,45,46,50,51,55,56,62,79]",True,True,False,[],[],9,False,True,False
order_development,g2-development-orders-02,DEVELOPMENT,aa60ecce56ae6f06a2b33ec78e24c78c9d85472b33e38834ee2d06977b048400,cfg-b15b8281b73592fb,P-S-D,30,400,5,65,35,5,781ca3472ecc67f04aac04676f184927a53572012488508c4a8a5e08ea89d580,VERIFIED,1686,True,"[0,1,2,3,4,5,18,19,20,21,22,23,24,25,26,27,28,29,30,31,32,33,34,35]",[],[],[17],True,True,True,"[[0,1,2,3,4,5],[8,9,10,11,12,13,14,15],[18,19,20,21,22,23,24,25,26,27,28,29,30,31,32,33,34,35]]","[[8,9,10,11,12,13,15]]",16,False,False,False
order_development,g2-development-orders-02,DEVELOPMENT,aa60ecce56ae6f06a2b33ec78e24c78c9d85472b33e38834ee2d06977b048400,cfg-b15b8281b73592fb,P-S-D,30,400,5,65,35,5,781ca3472ecc67f04aac04676f184927a53572012488508c4a8a5e08ea89d580,VERIFIED,4838,True,"[0,1,2,3,4,5,6,7,8,9,10,11,12,13,14,15,16,17,18,19,20,21,22,23,24,25,26,27,28,29,30,31,32,33,34,35,36,37,38,39,46,47,48,49,50,51,52,53,54,55,56,57,58,59,60,61,62,63,64,65,66,67,68,69,70,71,72,73,74,75,76,77,78,79,94,95,96,97,98,99,100,101,102,103,104,105,106,107,108,109,110,111]",[],[],[],True,True,True,"[[0,1,2,3,4,5,6,7,8,9,10,11,12,13,14,15,16,17,18,19,20,21,22,23,24,25,26,27,28,29,30,31,32,33,34,35,36,37,38,39,40,41,42,43,44,45,46,47,48,49,50,51,52,53,54,55,56,57,58,59,60,61,62,63,64,65,66,67,68,69,70,71,72,73,74,75,76,77,78,79,80,81,82,83,84,85,86,87,88,89,90,91,92,93,94,95,96,97,98,99,100,101,102,103,104,105,106,107,108,109,110,111,112,113,114,115,116,117,118,119,120,121,122,123,124,125]]","[[40,41,42,44,45],[80,83,85,90,91,92,93],[112,116,117,118,119,120,121,122,124,125]]",25,False,False,False
order_development,g2-development-orders-02,DEVELOPMENT,aa60ecce56ae6f06a2b33ec78e24c78c9d85472b33e38834ee2d06977b048400,cfg-b15b8281b73592fb,P-S-D,30,400,5,65,35,5,781ca3472ecc67f04aac04676f184927a53572012488508c4a8a5e08ea89d580,VERIFIED,1818,True,"[1,2,3,4,5,6,7,8,9,10,11,12,13,14,15,16,17,18,19,20,21,22,23,24,25,26,27,28,29,30,31,32,33,34,35,36,37,38,39,40,41,42,43,44,45,46,47,48,49,50,51,52,53,54,55,56,57,58,59,60,61,62,63,64,65,66,67,68,69,70,71,72,73,74,75,76,77,78,79,80,81,82,83,84,85,86,87,88,89,90,91,92,93,94,95,96,97]",[],[],[1],True,True,True,"[[1,2,3,4,5,6,7,8,9,10,11,12,13,14,15,16,17,18,19,20,21,22,23,24,25,26,27,28,29,30,31,32,33,34,35,36,37,38,39,40,41,42,43,44,45,46,47,48,49,50,51,52,53,54,55,56,57,58,59,60,61,62,63,64,65,66,67,68,69,70,71,72,73,74,75,76,77,78,79,80,81,82,83,84,85,86,87,88,89,90,91,92,93,94,95,96,97]]",[],9,False,True,False
order_development,g2-development-orders-02,DEVELOPMENT,aa60ecce56ae6f06a2b33ec78e24c78c9d85472b33e38834ee2d06977b048400,cfg-b15b8281b73592fb,P-S-D,30,400,5,65,35,5,781ca3472ecc67f04aac04676f184927a53572012488508c4a8a5e08ea89d580,VERIFIED,10810,True,"[0,1,2,3,4,5,6,7,8,9,10,11,12,13,14,15,16,17,18,19,20,21,22,23,24,25,26,27,28,29,30,31,32,33,34,35,36,37,38,39,40,41,42,43,44,45,46,47,48,49,50,51,52,53,54,55,56,57,58,59,60,61,62,63,64,65,66,67,68,69,70,71,72,73,74,75,76,77,78,79,80,81,82,83,84,85,86,87,88,89,90,91,92,93,94,95,96,97,98,99,100,101]",[],[],[],True,True,True,"[[0,1,2,3,4,5,6,7,8,9,10,11,12,13,14,15,16,17,18,19,20,21,22,23,24,25,26,27,28,29,30,31,32,33,34,35,36,37,38,39,40,41,42,43,44,45,46,47,48,49,50,51,52,53,54,55,56,57,58,59,60,61,62,63,64,65,66,67,68,69,70,71,72,73,74,75,76,77,78,79,80,81,82,83,84,85,86,87,88,89,90,91,92,93,94,95,96,97,98,99,100,101]]",[],23,False,True,False
order_development,g2-development-orders-02,DEVELOPMENT,aa60ecce56ae6f06a2b33ec78e24c78c9d85472b33e38834ee2d06977b048400,cfg-b15b8281b73592fb,P-S-D,30,400,5,65,35,5,781ca3472ecc67f04aac04676f184927a53572012488508c4a8a5e08ea89d580,VERIFIED,4953,True,"[0,1,2,3,4,5,6,7,8,9,10,11,12,13,14,15,16,17,18,19,20,21,22,23,34,35,36,37,38,39,40,41,42,43,44,45,46,47,48,49,50,51,52,53,54,55,56,57,58,59,60,67,68,69,70,71,72,73,74,75,85,86,87,88,89,90,91,92,93,94,95,96,97,98,99]",[],[],[],True,True,True,"[[0,1,2,3,4,5,6,7,8,9,10,11,12,13,14],[15,16,17,18,19,20,21,22,23,24,25,26,27,28,29,30,31,32,33,34,35,36,37,38,39,40,41,42,43,44,45,46,47,48,49,50,51,52,53,54,55,56,57,58,59,60,61,62,63,64,65,66,67,68,69,70,71,72,73,74,75],[76,77,78,79,80,81,82,83,84,85,86,87,88,89,90,91,92,93,94,95,96,97,98,99]]","[[24,25,26,30,32,33],[61,62,63,64,65,66],[76,80,81,82,83,84]]",17,False,False,False
order_development,g2-development-orders-02,DEVELOPMENT,aa60ecce56ae6f06a2b33ec78e24c78c9d85472b33e38834ee2d06977b048400,cfg-b15b8281b73592fb,P-S-D,30,400,5,65,35,5,781ca3472ecc67f04aac04676f184927a53572012488508c4a8a5e08ea89d580,VERIFIED,7404,True,"[8,9,10,11,12,13,14,15,16,17,18,22,23,24,25,26,27,28,29,30,31,32,33,34,35,36,37,38,39,40,41,42,43,44,45,46,47,48,49,50,51,52,53,54,55]",[],[],"[22,41]",True,True,True,"[[0,1,2,3,4,5,6,7,8,9,10,11,12,13,14,15,16,17,18],[22,23,24,25,26,27,28,29,30,31,32,33,34,35,36,37,38,39,40],[41,42,43,44,45,46,47,48,49,50,51,52,53,54,55,56,57,58,59,60,61,62,63,64,65,66,67,68]]","[[0,1,3,5,6,7],[56,58,60,62,64,65,66,68]]",21,False,False,False
order_development,g2-development-orders-02,DEVELOPMENT,aa60ecce56ae6f06a2b33ec78e24c78c9d85472b33e38834ee2d06977b048400,cfg-b15b8281b73592fb,P-S-D,30,400,5,65,35,5,781ca3472ecc67f04aac04676f184927a53572012488508c4a8a5e08ea89d580,VERIFIED,3615,True,"[18,19,20]",[],[],[],True,True,True,"[[1,2,3,4,5,6,7,8,9,10,11,12,13,14,15,16,17,18,19,20]]","[[1,3,4,5,6,7,8,9,10,11,13,14,15,16,17]]",3,False,False,False
order_development,g2-development-orders-02,DEVELOPMENT,aa60ecce56ae6f06a2b33ec78e24c78c9d85472b33e38834ee2d06977b048400,cfg-b15b8281b73592fb,P-S-D,30,400,5,65,35,5,781ca3472ecc67f04aac04676f184927a53572012488508c4a8a5e08ea89d580,VERIFIED,3439,True,"[0,1,2,3,4,5,6,7,8,9,10,11,12,13,14,15,16,17,18,19,20,21,22,23,24,25,26,27,28,29,30,76,77,78,86,87,88,89,90,91,92,93,94,95,96,97,98,99,100,101,102,103,104,105,106,107,108,109,110,111,112,113,114,115,116,117,118,119,120]",[],[],[],True,True,True,"[[0,1,2,3,4,5,6,7,8,9,10,11,12,13,14,15,16,17,18,19,20,21,22,23,24,25,26,27,28,29,30,31,32,33,34,35,36,37,38,39,40,41,42,43,44,45,46,47,48,49,50,51,52,53,54,55,56,57,58,59,60,61,62,63,64,65,66,67,68,69,70,71,72,73,74,75,76,77,78,79,80,81,82,83,84,85,86,87,88,89,90,91,92,93,94,95,96,97,98,99,100,101,102,103,104,105,106,107,108,109,110,111,112,113,114,115,116,117,118,119,120]]","[[31,33,34,36,37,39,40,42,43,45,47,48,49,50,51,53,56,57,60,61,63,68,69,71,73,75],[79,80,81,83,85]]",14,False,False,False
order_development,g2-development-orders-02,DEVELOPMENT,aa60ecce56ae6f06a2b33ec78e24c78c9d85472b33e38834ee2d06977b048400,cfg-b15b8281b73592fb,P-S-D,30,400,5,65,35,5,781ca3472ecc67f04aac04676f184927a53572012488508c4a8a5e08ea89d580,VERIFIED,9352,True,"[0,1,2,3,23,24,25,26,27,28,29,30,31,32,33,34,35,36,37,38,39,40,41,42,43,44,45,46,47,48,49,50,51,52,53,67,68,69,70,71,72,73,74,75,76,83,84,85,86,87,88,89,90,91,92,93,94,95,96,97,98,99,107,108,109,110,111,112,113,114]",[],[],[107],True,True,True,"[[0,1,2,3,4,5,6,7,8,9,10,11,12,13,14,15,16,17,18,19,20,21,22,23,24,25,26,27,28,29,30,31,32,33,34,35,36,37,38,39,40,41,42,43,44,45,46,47,48,49,50,51,52,53,54,55,56,57,58,59,60,61,62,63,64,65,66,67,68,69,70,71,72,73,74,75,76,77,78,79,80,81,82,83,84,85,86,87,88,89,90,91,92,93,94,95,96,97,98,99,100,101,102,103,104,105,106],[107,108,109,110,111,112,113,114]]","[[4,5,6,7,10,11,14,16,17,18,20,21,22],[54,55,56,57,61,63,64,65,66],[77,79,80,81,82],[100,101,102,105,106]]",14,False,False,False
order_development,g2-development-orders-02,DEVELOPMENT,aa60ecce56ae6f06a2b33ec78e24c78c9d85472b33e38834ee2d06977b048400,cfg-b15b8281b73592fb,P-S-D,30,400,5,65,35,5,781ca3472ecc67f04aac04676f184927a53572012488508c4a8a5e08ea89d580,VERIFIED,5029,False,[],[],[],"[5,6,36,37,50,51,67,68,81,82,85,86]",True,True,False,[],[],2,False,True,False
order_development,g2-development-orders-02,DEVELOPMENT,aa60ecce56ae6f06a2b33ec78e24c78c9d85472b33e38834ee2d06977b048400,cfg-b15b8281b73592fb,P-S-D,30,400,5,65,35,5,781ca3472ecc67f04aac04676f184927a53572012488508c4a8a5e08ea89d580,VERIFIED,10000,True,"[47,48,49,50,51,52,53,54,55,56,57,58,59,60,61,62,63,64,65,66,67,68,69,70,71,72,73,74,75,76,77,78,79,80,81,82,83,84,85,86,87,88,89,90,91,92,93,94,95,96,97,98,99,100,101,102,103,104,105,106,107,108,109,110,111,112,113,114,115,116,117,118,119,120,121,122,123]",[],[],[],True,True,True,"[[0,1,2,3,4,5,6,7,8,9,10,11,12,13,14,15,16,17,18,19,20,21,22,23,24,25,26,27,28,29,30,31,32,33,34,35,36,37,38,39,40,41,42,43,44,45,46,47,48,49,50,51,52,53,54,55,56,57,58,59,60,61,62,63,64,65,66,67,68,69,70,71,72,73,74,75,76,77,78,79,80,81,82,83,84,85,86,87,88,89,90,91,92,93,94,95,96,97,98,99,100,101,102,103,104,105,106,107,108,109,110,111,112,113,114,115,116,117,118,119,120,121,122,123]]","[[0,2,3,5,6,7,10,14,17,18,19,20,22,23,24,25,26,33,34,35,36,37,38,40,41,43,44,46]]",1,False,False,False
order_development,g2-development-orders-02,DEVELOPMENT,aa60ecce56ae6f06a2b33ec78e24c78c9d85472b33e38834ee2d06977b048400,cfg-b15b8281b73592fb,P-S-D,30,400,5,65,35,5,781ca3472ecc67f04aac04676f184927a53572012488508c4a8a5e08ea89d580,VERIFIED,2340,True,"[9,10,11,12,13,14,15,16,17,18,19,20,21,22,23,24,25,26,38,39,40,41,42,43,44,45,46,47,48,49,50,51,52,53,54,55,56,57,58,59,60,61,68,69,70,71,72,73,74,75,76,77,78,79,80,81,82,83,84,85,86,87,88,89,90,91,92,93,94,95,102,103,104,105,106,107,108,109]",[],[],[],True,True,True,"[[0,1,2,3,4,5,6,7,8,9,10,11,12,13,14,15,16,17,18,19,20,21,22,23,24,25,26,27,28,29,30,31,32,33,34,35,36,37,38,39,40,41,42,43,44,45,46,47,48,49,50,51,52,53,54,55,56,57,58,59,60,61,62,63,64,65,66,67,68,69,70,71,72,73,74,75,76,77,78,79,80,81,82,83,84,85,86,87,88,89,90,91,92,93,94,95,96,97,98,99,100,101,102,103,104,105,106,107,108,109]]","[[0,1,2,5,6,7,8],[27,28,29,30,31,33,34,35,37],[62,63,65,66,67],[96,97,98,99,100,101]]",11,False,False,False
order_development,g2-development-orders-02,DEVELOPMENT,aa60ecce56ae6f06a2b33ec78e24c78c9d85472b33e38834ee2d06977b048400,cfg-b15b8281b73592fb,P-S-D,30,400,5,65,35,5,781ca3472ecc67f04aac04676f184927a53572012488508c4a8a5e08ea89d580,VERIFIED,7920,True,"[20,21,22,23,24,43,44,45,46,47,48,49,50,51,52,53,54,55,56,57,58,59,60,61,62,63,64,65,66,67,68,69,70,71,72,73,74,75,76,77,78,79]",[],[],"[79,80,114,115,122,123]",True,True,True,"[[0,1,2,3,4,5,6,7,8,9,10,11,12,13,14,15,16,17,18,19,20,21,22,23,24,25,26,27,28,29,30,31,32,33,34,35,36,37,38,39,40,41,42,43,44,45,46,47,48,49,50,51,52,53,54,55,56,57,58,59,60,61,62,63,64,65,66,67,68,69,70,71,72,73,74,75,76,77,78,79]]","[[0,5,10,18,19],[25,27,28,29,30,34,35,36,38,39,40,42]]",1,False,False,False
order_development,g2-development-orders-02,DEVELOPMENT,aa60ecce56ae6f06a2b33ec78e24c78c9d85472b33e38834ee2d06977b048400,cfg-b15b8281b73592fb,P-S-D,30,400,5,65,35,5,781ca3472ecc67f04aac04676f184927a53572012488508c4a8a5e08ea89d580,VERIFIED,10442,True,"[0,1,2,3,4,5,6,7,8,9,10,11,12,13,14,15,16,17,18,19,20]",[],[],"[20,21]",True,True,True,"[[0,1,2,3,4,5,6,7,8,9,10,11,12,13,14,15,16,17,18,19,20]]",[],5,False,True,False
order_development,g2-development-orders-02,DEVELOPMENT,aa60ecce56ae6f06a2b33ec78e24c78c9d85472b33e38834ee2d06977b048400,cfg-b15b8281b73592fb,P-S-D,30,400,5,65,35,5,781ca3472ecc67f04aac04676f184927a53572012488508c4a8a5e08ea89d580,VERIFIED,2034,True,"[0,1,2,3,4,5,6,7,8,9,10,11,12,13,14,15,16,17,18,19,20,21,22,23,24,25,26,27,28,29,30,31,32,33,34,35,36,37,38,39,40,41,42,43,44,45,46,47,48,49,50,51,52,53,54,55,56,57,58,59,60,61,62,63,64,65,66,67,68,69,70,71,72,73,74,75,76,77,78,79,80,81,82,83,84,85,86,87,88,89,90,91,92]",[],[],[56],True,True,True,"[[0,1,2,3,4,5,6,7,8,9,10,11,12,13,14,15,16,17,18,19,20,21,22,23,24,25,26,27,28,29,30,31,32,33,34,35,36,37,38,39,40,41,42,43,44,45,46,47,48,49,50,51,52,53,54,55],[56,57,58,59,60,61,62,63,64,65,66,67,68,69,70,71,72,73,74,75,76,77,78,79,80,81,82,83,84,85,86,87,88,89,90,91,92]]",[],12,False,True,False
order_development,g2-development-orders-02,DEVELOPMENT,aa60ecce56ae6f06a2b33ec78e24c78c9d85472b33e38834ee2d06977b048400,cfg-b15b8281b73592fb,P-S-D,30,400,5,65,35,5,781ca3472ecc67f04aac04676f184927a53572012488508c4a8a5e08ea89d580,VERIFIED,10051,True,"[0,1,2,3,4,5,6,7,8,9,10,11,12,13,14,15,16,17,18,19,20,21,22,23,24,25,26,27,28,29,43,44,45,46,47,48,49,50,51,52,53,54,55,56,57,58,59,60,61,62,63,64,65,66,67,68,69,70,71,72,73,74,75,76,77,78,79,80,81,82,83,84,85,86,87,88,89,90,91,92,93,94,95,96,97]",[],[],[66],True,True,True,"[[0,1,2,3,4,5,6,7,8,9,10,11,12,13,14,15,16,17,18,19,20,21,22,23,24,25,26,27,28,29,30,31,32,33,34,35,36,37,38,39,40,41,42,43,44,45,46,47,48,49,50,51,52,53,54,55,56,57,58,59,60,61,62,63,64,65,66],[67,68,69,70,71,72,73,74,75,76,77,78,79,80,81,82,83,84,85,86,87,88,89,90,91,92,93,94,95,96,97,98,99,100,101,102,103,104,105,106,107,108,109,110]]","[[30,31,32,34,35,36,38,39,40,42],[98,101,105,106,107,109,110]]",23,False,False,False
order_development,g2-development-orders-02,DEVELOPMENT,aa60ecce56ae6f06a2b33ec78e24c78c9d85472b33e38834ee2d06977b048400,cfg-b15b8281b73592fb,P-S-D,30,400,5,65,35,5,781ca3472ecc67f04aac04676f184927a53572012488508c4a8a5e08ea89d580,VERIFIED,6556,False,[],[],[],[78],True,True,False,[],[],4,False,True,False
order_development,g2-development-orders-02,DEVELOPMENT,aa60ecce56ae6f06a2b33ec78e24c78c9d85472b33e38834ee2d06977b048400,cfg-b15b8281b73592fb,P-S-D,30,400,5,65,35,5,781ca3472ecc67f04aac04676f184927a53572012488508c4a8a5e08ea89d580,VERIFIED,8456,True,"[0,1,2,3,4,5,6,7,8,9,10,11,12,13,14,15,16,17,18,19,20,21,22,23,24,25,26,27,28,29,48,49,50,51,52,62,63,64,65,66,67,68,69,70,71,72,73,74,75,76,77,78,79,80,81,82,83,84,85,86,87,88,89,90,91,92,93,94,95,101,102,103,104,105,106]",[],[],[],True,True,True,"[[0,1,2,3,4,5,6,7,8,9,10,11,12,13,14,15,16,17,18,19,20,21,22,23,24,25,26,27,28,29,30,31,32,33,34,35,36,37,38,39,40,41,42,43,44,45,46,47,48,49,50,51,52,53,54,55,56,57,58,59,60,61,62,63,64,65,66,67,68,69,70,71,72,73,74,75,76,77,78,79,80,81,82,83,84,85,86,87,88,89,90,91,92,93,94,95,96,97,98,99,100,101,102,103,104,105,106]]","[[30,32,33,35,36,38,39,40,41,42,44,45,47],[53,55,56,57,58,60,61],[96,97,98,99,100]]",16,False,False,False
order_development,g2-development-orders-02,DEVELOPMENT,aa60ecce56ae6f06a2b33ec78e24c78c9d85472b33e38834ee2d06977b048400,cfg-b15b8281b73592fb,P-S-D,30,400,5,65,35,5,781ca3472ecc67f04aac04676f184927a53572012488508c4a8a5e08ea89d580,VERIFIED,1676,True,"[0,1,2,3,16,17,18,19,20,31,32,42,43,44,45,46,47,48,49,50,51,52,53,54,55,56,57,58,59,60,61,62,63,64,65,66,67,68,69,70,71,72,73,74,75,76,77,78,79,80,81,82,83,84,85,86,87,88,89]",[],[],[],True,True,True,"[[0,1,2,3,4,5,6,7,8,9,10,11,12,13,14,15,16,17,18,19,20,21,22,23,24,25,26,27,28,29,30,31,32,33,34,35,36,37,38,39,40,41,42,43,44,45,46,47,48,49,50,51,52,53,54,55,56,57,58,59,60,61,62,63,64,65,66,67,68,69,70,71,72,73,74,75,76,77,78,79,80,81,82,83,84,85,86,87,88,89,90,91,92,93,94,95,96,97,98,99,100,101,102,103]]","[[4,5,7,9,11,12,14,15],[21,22,23,25,26,27,28,29,30],[33,35,36,38,40,41],[90,92,95,96,99,101,103]]",3,False,False,False
order_development,g2-development-orders-02,DEVELOPMENT,f350a3d1a9aec7ebeb913f4267c321474810bcee5c23e082ba2195579fa542e4,cfg-b15b8281b73592fb,P-D-S,30,400,5,65,35,5,f05e91fc3a4ba52d8d1cb4ade137bac2412063a05e95659a1a3263c02ffa6278,VERIFIED,3549,True,"[2,3,4,5,6,7,8,9,10,11,12,13,14,15,16,17,18,19,20,21,22,23,24,25,26,27,28,29,30,31,32,33,34,43,44,45,46,47,48,49,50,51,52,53,54,55,56,57,58,59,60,61,62,63,64,65,66,67,68,69,70,71,72,73,74,75,76,77,78,79,80,81,82,83,84,85,86,87,88,89,90,91,92,93]",[],"[{""index"":1,""window_indices"":[0,1,3,4],""boundary_right_indices"":[2]},{""index"":3,""window_indices"":[1,3,4,5],""boundary_right_indices"":[2]},{""index"":4,""window_indices"":[3,4,5,10],""boundary_right_indices"":[7]},{""index"":5,""window_indices"":[4,5,10,13],""boundary_right_indices"":[7,12]},{""index"":10,""window_indices"":[5,10,13,14],""boundary_right_indices"":[7,12]},{""index"":13,""window_indices"":[10,13,14,16],""boundary_right_indices"":[12]},{""index"":14,""window_indices"":[13,14,16,18],""boundary_right_indices"":[17]},{""index"":16,""window_indices"":[14,16,18,26],""boundary_right_indices"":[17]},{""index"":18,""window_indices"":[16,18,26,32],""boundary_right_indices"":[17]},{""index"":45,""window_indices"":[44,45,47,48],""boundary_right_indices"":[48]},{""index"":47,""window_indices"":[45,47,48,50],""boundary_right_indices"":[48]},{""index"":48,""window_indices"":[47,48,50,51],""boundary_right_indices"":[48]},{""index"":51,""window_indices"":[50,51,52,58],""boundary_right_indices"":[53]},{""index"":52,""window_indices"":[51,52,58,60],""boundary_right_indices"":[53]},{""index"":58,""window_indices"":[52,58,60,61],""boundary_right_indices"":[53]},{""index"":61,""window_indices"":[60,61,62,63],""boundary_right_indices"":[63]},{""index"":62,""window_indices"":[61,62,63,67],""boundary_right_indices"":[63]},{""index"":63,""window_indices"":[62,63,67,69],""boundary_right_indices"":[63]},{""index"":73,""window_indices"":[72,73,74,75],""boundary_right_indices"":[75]},{""index"":74,""window_indices"":[73,74,75,77],""boundary_right_indices"":[75]},{""index"":75,""window_indices"":[74,75,77,78],""boundary_right_indices"":[75]},{""index"":78,""window_indices"":[77,78,79,84],""boundary_right_indices"":[80]},{""index"":79,""window_indices"":[78,79,84,89],""boundary_right_indices"":[80,85]},{""index"":84,""window_indices"":[79,84,89,91],""boundary_right_indices"":[80,85]},{""index"":89,""window_indices"":[84,89,91,92],""boundary_right_indices"":[85]}]","[2,6,7,11,12,17,53,80,85]",True,True,True,"[[2,3,4,5,6],[7,8,9,10,11],[12,13,14,15,16],[17,18,19,20,21,22,23,24,25,26,27,28,29,30,31,32,33,34,35,36,37,38,39,40,41,42,43,44,45,46,47],[48,49,50,51,52],[53,54,55,56,57,58,59,60,61,62],[63,64,65,66,67,68,69,70,71,72,73,74],[75,76,77,78,79],[80,81,82,83,84],[85,86,87,88,89,90,91,92,93]]","[[0,1,3,4,5,10,13,14,16,18,26,32,35,37,38,39,41,42,44,45,47,48,50,51,52,58,60,61,62,63,67,69,72,73,74,75,77,78,79,84,89,91,92,93]]",37,False,False,False
order_development,g2-development-orders-02,DEVELOPMENT,f350a3d1a9aec7ebeb913f4267c321474810bcee5c23e082ba2195579fa542e4,cfg-b15b8281b73592fb,P-D-S,30,400,5,65,35,5,f05e91fc3a4ba52d8d1cb4ade137bac2412063a05e95659a1a3263c02ffa6278,VERIFIED,3203,True,"[0,1,2,3,4,5,6,7,8,9,10,11,12,13,14,15,16,17,18,19,20,21,22,23,24,25,26,27,28,29,30,31,32,33,34,35,36,37,38,39,40,41,42,43,44,60,74,75,76,84,85,86,87,88,89,90,91,92,93,94,95,96,97,98,99,100,101,102,103,104,105,106,107,108,109]",[],"[{""index"":58,""window_indices"":[56,58,59,61],""boundary_right_indices"":[61]},{""index"":59,""window_indices"":[58,59,61,64],""boundary_right_indices"":[61]},{""index"":61,""window_indices"":[59,61,64,68],""boundary_right_indices"":[61]}]",[60],True,True,True,"[[0,1,2,3,4,5,6,7,8,9,10,11,12,13,14,15,16,17,18,19,20,21,22,23,24,25,26,27,28,29,30,31,32,33,34,35,36,37,38,39,40,41,42,43,44,45,46,47,48,49,50,51,52,53,54,55,56,57,58,59,60],[61,62,63,64,65,66,67,68,69,70,71,72,73,74,75,76,77,78,79,80,81,82,83,84,85,86,87,88,89,90,91,92,93,94,95,96,97,98,99,100,101,102,103,104,105,106,107,108,109]]","[[0,1,2,8,9,11,12,18,19,20,28,29,30,37,38,45,47,48,49,50,51,52,53,54,55,56,58,59,61,64,68,69,70,71,73,77,79,81,82,83,86,92,93,95,99,109]]",19,False,False,False
order_development,g2-development-orders-02,DEVELOPMENT,f350a3d1a9aec7ebeb913f4267c321474810bcee5c23e082ba2195579fa542e4,cfg-b15b8281b73592fb,P-D-S,30,400,5,65,35,5,f05e91fc3a4ba52d8d1cb4ade137bac2412063a05e95659a1a3263c02ffa6278,VERIFIED,867,True,"[5,6,7,8,9,10,11,12,13,14,15,16,17,18,19,20,25,26,27,28,29,30,31,32,33,34,35,36,37,38,39,40,41,42,43,44,45,46,47,48,49,50,51,52,53,54,55,56,57,58,59,60,61,62,63,64,65,66,67,68,69,70,71,72,73,74,75,76,77,78,79,80,81,82,83,84,85,86,87,88,89,90,91,92,93]",[],"[{""index"":1,""window_indices"":[0,1,2,3],""boundary_right_indices"":[1]},{""index"":3,""window_indices"":[2,3,4,5],""boundary_right_indices"":[5]},{""index"":4,""window_indices"":[3,4,5,7],""boundary_right_indices"":[5]},{""index"":5,""window_indices"":[4,5,7,8],""boundary_right_indices"":[5]},{""index"":7,""window_indices"":[5,7,8,15],""boundary_right_indices"":[10]},{""index"":8,""window_indices"":[7,8,15,16],""boundary_right_indices"":[10,16]},{""index"":15,""window_indices"":[8,15,16,20],""boundary_right_indices"":[10,16]},{""index"":16,""window_indices"":[15,16,20,21],""boundary_right_indices"":[16,21]},{""index"":20,""window_indices"":[16,20,21,22],""boundary_right_indices"":[21]},{""index"":21,""window_indices"":[20,21,22,33],""boundary_right_indices"":[21,25]},{""index"":22,""window_indices"":[21,22,33,34],""boundary_right_indices"":[25]},{""index"":33,""window_indices"":[22,33,34,40],""boundary_right_indices"":[25,36]},{""index"":34,""window_indices"":[33,34,40,41],""boundary_right_indices"":[36,41]},{""index"":40,""window_indices"":[34,40,41,57],""boundary_right_indices"":[36,41]},{""index"":41,""window_indices"":[40,41,57,58],""boundary_right_indices"":[41,58]},{""index"":57,""window_indices"":[41,57,58,62],""boundary_right_indices"":[58]},{""index"":58,""window_indices"":[57,58,62,63],""boundary_right_indices"":[58,63]},{""index"":62,""window_indices"":[58,62,63,64],""boundary_right_indices"":[63]},{""index"":63,""window_indices"":[62,63,64,65],""boundary_right_indices"":[63]},{""index"":71,""window_indices"":[70,71,72,75],""boundary_right_indices"":[74]},{""index"":72,""window_indices"":[71,72,75,87],""boundary_right_indices"":[74,79,84]},{""index"":75,""window_indices"":[72,75,87,88],""boundary_right_indices"":[74,79,84]},{""index"":87,""window_indices"":[75,87,88,93],""boundary_right_indices"":[79,84,89]},{""index"":88,""window_indices"":[87,88,93,94],""boundary_right_indices"":[89,94]},{""index"":93,""window_indices"":[88,93,94,95],""boundary_right_indices"":[89,94]},{""index"":94,""window_indices"":[93,94,95,96],""boundary_right_indices"":[94]},{""index"":96,""window_indices"":[95,96,97,98],""boundary_right_indices"":[98]},{""index"":97,""window_indices"":[96,97,98,100],""boundary_right_indices"":[98]}]","[9,10,24,25,35,36,73,74,78,79,83,84,89]",True,True,True,"[[5,6,7,8,9],[10,11,12,13,14,15],[16,17,18,19,20],[25,26,27,28,29,30,31,32,33,34,35],[36,37,38,39,40],[41,42,43,44,45,46,47,48,49,50,51,52,53,54,55,56,57],[58,59,60,61,62],[63,64,65,66,67,68,69,70,71,72,73],[74,75,76,77,78],[79,80,81,82,83],[84,85,86,87,88],[89,90,91,92,93]]","[[0,1,2,3,4,5,7,8,15,16,20,21,22,33,34,40,41,57,58,62,63,64,65,70,71,72,75,87,88,93,94,95,96,97,98,100]]",36,False,True,False
order_development,g2-development-orders-02,DEVELOPMENT,f350a3d1a9aec7ebeb913f4267c321474810bcee5c23e082ba2195579fa542e4,cfg-b15b8281b73592fb,P-D-S,30,400,5,65,35,5,f05e91fc3a4ba52d8d1cb4ade137bac2412063a05e95659a1a3263c02ffa6278,VERIFIED,10449,True,"[0,1,2,3,4,5,6,7,8,9,10,11,12,13,14,15,16,17,18,19,29,30,31,32,33,34,35,36,37,38,39,40,50,51,52,53,54,55,56,57,58,59,60,61,62,63,64,65,66,67,68,69,70,71,72,73,74,75,76,77,78,79,80,81,82,83,84,85,86,87,88,89,90,91,92,93,94,95,96]",[],"[{""index"":72,""window_indices"":[71,72,74,79],""boundary_right_indices"":[77]},{""index"":74,""window_indices"":[72,74,79,81],""boundary_right_indices"":[77]},{""index"":79,""window_indices"":[74,79,81,82],""boundary_right_indices"":[77]},{""index"":92,""window_indices"":[87,92,95,100],""boundary_right_indices"":[97]}]","[76,77,96,97]",True,True,True,"[[0,1,2,3,4,5,6,7,8,9,10,11,12,13,14,15,16,17,18,19,20,21,22,23,24,25,26,27,28,29,30,31,32,33,34,35,36,37,38,39,40,41,42,43,44,45,46,47,48,49,50,51,52,53,54,55,56,57,58,59,60,61,62,63,64,65,66,67,68,69,70,71,72,73,74,75,76],[77,78,79,80,81,82,83,84,85,86,87,88,89,90,91,92,93,94,95,96]]","[[0,9,12,13,14,17,20,23,25,26,27,28,39,41,42,43,44,45,46,47,48,49,50,56,57,58,59,63,65,66,70,71,72,74,79,81,82,84,85,86,87,92,95,100]]",23,False,False,False
order_development,g2-development-orders-02,DEVELOPMENT,f350a3d1a9aec7ebeb913f4267c321474810bcee5c23e082ba2195579fa542e4,cfg-b15b8281b73592fb,P-D-S,30,400,5,65,35,5,f05e91fc3a4ba52d8d1cb4ade137bac2412063a05e95659a1a3263c02ffa6278,VERIFIED,2308,True,"[11,12,13,14,15,16,17,18,19,20,21,22,23,24,25,26,27,28,29,30,31]",[],"[{""index"":1,""window_indices"":[0,1,2,3],""boundary_right_indices"":[2]},{""index"":2,""window_indices"":[1,2,3,4],""boundary_right_indices"":[2]},{""index"":5,""window_indices"":[4,5,6,7],""boundary_right_indices"":[7]},{""index"":6,""window_indices"":[5,6,7,8],""boundary_right_indices"":[7]},{""index"":7,""window_indices"":[6,7,8,9],""boundary_right_indices"":[7,9]},{""index"":8,""window_indices"":[7,8,9,17],""boundary_right_indices"":[9,11,16]},{""index"":9,""window_indices"":[8,9,17,18],""boundary_right_indices"":[9,11,16]},{""index"":17,""window_indices"":[9,17,18,19],""boundary_right_indices"":[11,16]}]","[10,11,15,16]",True,True,True,"[[2,3,4,5,6],[11,12,13,14,15],[16,17,18,19,20,21,22,23,24,25,26,27,28,29,30,31,32,33,34,35,36,37,38,39,40,41,42]]","[[0,1,2,3,4,5,6,7,8,9,17,18,19,22,25,28,29,31,32,33,35,38,40,41,42]]",10,False,False,False
order_development,g2-development-orders-02,DEVELOPMENT,f350a3d1a9aec7ebeb913f4267c321474810bcee5c23e082ba2195579fa542e4,cfg-b15b8281b73592fb,P-D-S,30,400,5,65,35,5,f05e91fc3a4ba52d8d1cb4ade137bac2412063a05e95659a1a3263c02ffa6278,VERIFIED,11355,True,"[9,10,11,12,13,14,15,16,23,24,25,26,27,37,38,39,40,41,42,43,44,45,56,57,58,59,60,61,62,63,64,65,66,67,68,69,70,71,72,73,74,75,76,77,78,79,80,81,82,83,84,85,86,87,88,90,91,92,93,94,95,96,97,98,99,100,101,110,111,112,113]",[],"[{""index"":87,""window_indices"":[85,87,88,89],""boundary_right_indices"":[89]},{""index"":88,""window_indices"":[87,88,89,90],""boundary_right_indices"":[89,90]},{""index"":89,""window_indices"":[88,89,90,91],""boundary_right_indices"":[89,90]},{""index"":90,""window_indices"":[89,90,91,92],""boundary_right_indices"":[90]}]",[],True,True,True,"[[0,1,2,3,4,5,6,7,8,9,10,11,12,13,14,15,16,17,18,19,20,21,22,23,24,25,26,27,28,29,30,31,32,33,34,35,36,37,38,39,40,41,42,43,44,45,46,47,48,49,50,51,52,53,54,55,56,57,58,59,60,61,62,63,64,65,66,67,68,69,70,71,72,73,74,75,76,77,78,79,80,81,82,83,84,85,86,87,88],[90,91,92,93,94,95,96,97,98,99,100,101,102,103,104,105,106,107,108,109,110,111,112,113]]","[[0,1,2,3,4,6,8,12,13,17,18,19,20,21,22,23,24,26,27,28,31,33,34,36,40,41,46,47,48,49,50,51,52,53,55,64,65,70,73,75,77,79,84,85,87,88,89,90,91,92,93,98,99,102,104,105,107,108,109,113]]",15,False,False,False
order_development,g2-development-orders-02,DEVELOPMENT,f350a3d1a9aec7ebeb913f4267c321474810bcee5c23e082ba2195579fa542e4,cfg-b15b8281b73592fb,P-D-S,30,400,5,65,35,5,f05e91fc3a4ba52d8d1cb4ade137bac2412063a05e95659a1a3263c02ffa6278,VERIFIED,3357,True,"[0,1,2,3,4,5,6,7,8,9,10,11,12,13,14,15,16,17,18,19,20,21,22,23,24,25,26,27,28,29,30,31,32,33,34,35,36,37,38,39,40,41,42,43,44,45,46,47,48,49,50,51,52,53,54,55,56,57,58,59,60,61,62,76,77,78,79,80,81,82,83,84,85,93,94,95,96,97,98,99,100,101]",[],"[{""index"":74,""window_indices"":[73,74,75,80],""boundary_right_indices"":[76]},{""index"":75,""window_indices"":[74,75,80,81],""boundary_right_indices"":[76,81]},{""index"":80,""window_indices"":[75,80,81,85],""boundary_right_indices"":[76,81]},{""index"":81,""window_indices"":[80,81,85,86],""boundary_right_indices"":[81,86]},{""index"":85,""window_indices"":[81,85,86,87],""boundary_right_indices"":[86]},{""index"":86,""window_indices"":[85,86,87,89],""boundary_right_indices"":[86]},{""index"":92,""window_indices"":[91,92,95,102],""boundary_right_indices"":[97,102]},{""index"":95,""window_indices"":[92,95,102,103],""boundary_right_indices"":[97,102]}]","[76,96,97,101]",True,True,True,"[[0,1,2,3,4,5,6,7,8,9,10,11,12,13,14,15,16,17,18,19,20,21,22,23,24,25,26,27,28,29,30,31,32,33,34,35,36,37,38,39,40,41,42,43,44,45,46,47,48,49,50,51,52,53,54,55,56,57,58,59,60,61,62,63,64,65,66,67,68,69,70,71,72,73,74,75],[76,77,78,79,80],[81,82,83,84,85],[86,87,88,89,90,91,92,93,94,95,96],[97,98,99,100,101]]","[[0,1,3,12,15,20,22,31,33,35,41,63,65,66,67,68,69,70,71,72,73,74,75,80,81,85,86,87,89,90,91,92,95,102,103]]",17,False,False,False
order_development,g2-development-orders-02,DEVELOPMENT,f350a3d1a9aec7ebeb913f4267c321474810bcee5c23e082ba2195579fa542e4,cfg-b15b8281b73592fb,P-D-S,30,400,5,65,35,5,f05e91fc3a4ba52d8d1cb4ade137bac2412063a05e95659a1a3263c02ffa6278,VERIFIED,9779,True,"[0,1,2,3,4,5,6,7,8,9,10,11,12,13,14,15,16,17,34,35,36,37,38,39,40,41,42,43,44,45,46,47,48,49,50,51,52,53,54,55,56,57,75,76,77,78,79,80,81,82,83,84,85,86,87,88,89,90,91,92,93,94,95,96,97,98,99,100,101,102,103,104,105,106]",[],[],[],True,True,True,"[[0,1,2,3,4,5,6,7,8,9,10,11,12,13,14,15,16,17,18,19,20,21,22,23,24,25,26,27,28,29,30,31,32,33,34,35,36,37,38,39,40,41,42,43,44,45,46,47,48,49,50,51,52,53,54,55,56,57,58,59,60,61,62,63,64,65,66,67,68,69,70,71,72,73,74,75,76,77,78,79,80,81,82,83,84,85,86,87,88,89,90,91,92,93,94,95,96,97,98,99,100,101,102,103,104,105,106]]","[[0,1,5,6,7,8,9,18,20,21,22,24,25,26,27,28,29,31,33,34,36,38,40,41,46,50,55,58,59,62,63,64,66,68,69,70,71,72,73,74,75,79,81,82,84,92,93,94,101,102,104,106]]",20,False,False,False
order_development,g2-development-orders-02,DEVELOPMENT,f350a3d1a9aec7ebeb913f4267c321474810bcee5c23e082ba2195579fa542e4,cfg-b15b8281b73592fb,P-D-S,30,400,5,65,35,5,f05e91fc3a4ba52d8d1cb4ade137bac2412063a05e95659a1a3263c02ffa6278,VERIFIED,4773,True,"[0,1,2,3,4,5,6,7,8,9,10,11,12,13,14,15,16,17,18,19,20,21,22,23,24,25,26,27,28,29,30,31,32,33,34,35,36,37,38,39,40,41,42,43,44,45,46,47,48,49,56,57,58,59,60,61,68,69,70,71,72,73,74,75,76,77,78,79,80,81,82,83,84,85,86,87,88]",[],"[{""index"":2,""window_indices"":[1,2,3,7],""boundary_right_indices"":[6]},{""index"":3,""window_indices"":[2,3,7,9],""boundary_right_indices"":[6]},{""index"":7,""window_indices"":[3,7,9,10],""boundary_right_indices"":[6]},{""index"":11,""window_indices"":[10,11,14,15],""boundary_right_indices"":[15]},{""index"":14,""window_indices"":[11,14,15,17],""boundary_right_indices"":[15]},{""index"":15,""window_indices"":[14,15,17,18],""boundary_right_indices"":[15]},{""index"":17,""window_indices"":[15,17,18,22],""boundary_right_indices"":[20]},{""index"":18,""window_indices"":[17,18,22,23],""boundary_right_indices"":[20]},{""index"":22,""window_indices"":[18,22,23,26],""boundary_right_indices"":[20,25]},{""index"":23,""window_indices"":[22,23,26,27],""boundary_right_indices"":[25]},{""index"":26,""window_indices"":[23,26,27,28],""boundary_right_indices"":[25]},{""index"":44,""window_indices"":[38,44,45,47],""boundary_right_indices"":[47]},{""index"":45,""window_indices"":[44,45,47,48],""boundary_right_indices"":[47]},{""index"":47,""window_indices"":[45,47,48,50],""boundary_right_indices"":[47]},{""index"":54,""window_indices"":[53,54,55,57],""boundary_right_indices"":[56]},{""index"":55,""window_indices"":[54,55,57,58],""boundary_right_indices"":[56]},{""index"":57,""window_indices"":[55,57,58,59],""boundary_right_indices"":[56]},{""index"":70,""window_indices"":[69,70,71,72],""boundary_right_indices"":[72]},{""index"":71,""window_indices"":[70,71,72,73],""boundary_right_indices"":[72]},{""index"":72,""window_indices"":[71,72,73,74],""boundary_right_indices"":[72]},{""index"":75,""window_indices"":[74,75,77,78],""boundary_right_indices"":[78]},{""index"":77,""window_indices"":[75,77,78,79],""boundary_right_indices"":[78]},{""index"":78,""window_indices"":[77,78,79,84],""boundary_right_indices"":[78]},{""index"":84,""window_indices"":[79,84,88,89],""boundary_right_indices"":[89]},{""index"":88,""window_indices"":[84,88,89,90],""boundary_right_indices"":[89]},{""index"":89,""window_indices"":[88,89,90,91],""boundary_right_indices"":[89]},{""index"":92,""window_indices"":[91,92,93,94],""boundary_right_indices"":[94]},{""index"":93,""window_indices"":[92,93,94,96],""boundary_right_indices"":[94]},{""index"":94,""window_indices"":[93,94,96,97],""boundary_right_indices"":[94]}]","[5,6,19,20,24,25,46,56]",True,True,True,"[[0,1,2,3,4,5],[6,7,8,9,10,11,12,13,14],[15,16,17,18,19],[20,21,22,23,24],[25,26,27,28,29,30,31,32,33,34,35,36,37,38,39,40,41,42,43,44,45,46],[47,48,49,50,51,52,53,54,55],[56,57,58,59,60,61,62,63,64,65,66,67,68,69,70,71],[72,73,74,75,76,77],[78,79,80,81,82,83,84,85,86,87,88],[89,90,91,92,93],[94,95,96,97,98,99,100,101]]","[[0,1,2,3,7,9,10,11,14,15,17,18,22,23,26,27,28,29,32,33,35,36,37,38,44,45,47,48,50,51,52,53,54,55,57,58,59,62,63,64,65,66,67,69,70,71,72,73,74,75,77,78,79,84,88,89,90,91,92,93,94,96,97,98,99,100,101]]",43,False,False,False
order_development,g2-development-orders-02,DEVELOPMENT,f350a3d1a9aec7ebeb913f4267c321474810bcee5c23e082ba2195579fa542e4,cfg-b15b8281b73592fb,P-D-S,30,400,5,65,35,5,f05e91fc3a4ba52d8d1cb4ade137bac2412063a05e95659a1a3263c02ffa6278,VERIFIED,3291,True,"[3,4,5,6,7,8,9,10,11,12,13,14,15,16,17,18,19,20,21,22,23,24,25,26,27,28,29,30,31,32,33,34,35,36,37,38,39,40,41,42,43,44,45,46,47,48,49,50,51,52,53,54,55,56,57,58,59,60,61,62,63,64,65,66,67,68,69,70,71,72,73,74,75,76,77,78,79,80,81,82,83,84,85,86,87,88,89,90,91,92,93,94,95]",[],"[{""index"":1,""window_indices"":[0,1,2,3],""boundary_right_indices"":[3]},{""index"":2,""window_indices"":[1,2,3,4],""boundary_right_indices"":[3]},{""index"":3,""window_indices"":[2,3,4,11],""boundary_right_indices"":[3]},{""index"":4,""window_indices"":[3,4,11,13],""boundary_right_indices"":[12]},{""index"":11,""window_indices"":[4,11,13,15],""boundary_right_indices"":[12]},{""index"":13,""window_indices"":[11,13,15,18],""boundary_right_indices"":[12]}]",[12],True,True,True,"[[3,4,5,6,7,8,9,10,11],[12,13,14,15,16,17,18,19,20,21,22,23,24,25,26,27,28,29,30,31,32,33,34,35,36,37,38,39,40,41,42,43,44,45,46,47,48,49,50,51,52,53,54,55,56,57,58,59,60,61,62,63,64,65,66,67,68,69,70,71,72,73,74,75,76,77,78,79,80,81,82,83,84,85,86,87,88,89,90,91,92,93,94,95]]","[[0,1,2,3,4,11,13,15,18,21,22,25,26,28,32,36,42,52,56,60,62,65,68,69,71,84,88,89,90,93,95]]",16,False,True,False
order_development,g2-development-orders-02,DEVELOPMENT,f350a3d1a9aec7ebeb913f4267c321474810bcee5c23e082ba2195579fa542e4,cfg-b15b8281b73592fb,P-D-S,30,400,5,65,35,5,f05e91fc3a4ba52d8d1cb4ade137bac2412063a05e95659a1a3263c02ffa6278,VERIFIED,10433,True,"[7,8,9,10,11,12,13,14,15,16,27,28,29,30,31,36,37,38,39,40,41,42,43,44,45,46,47,48,49,50,51,52,53,54,55,56,57,58,59,60,61,62,63,64,65,66,67,68,69,70,71,72,73,74,75,76,87,88,89,90,91,92,93,94,95,96]",[],"[{""index"":2,""window_indices"":[0,2,3,4],""boundary_right_indices"":[2]},{""index"":5,""window_indices"":[4,5,6,9],""boundary_right_indices"":[7]},{""index"":6,""window_indices"":[5,6,9,10],""boundary_right_indices"":[7]},{""index"":9,""window_indices"":[6,9,10,11],""boundary_right_indices"":[7]},{""index"":10,""window_indices"":[9,10,11,12],""boundary_right_indices"":[12]},{""index"":11,""window_indices"":[10,11,12,13],""boundary_right_indices"":[12]},{""index"":12,""window_indices"":[11,12,13,14],""boundary_right_indices"":[12]},{""index"":14,""window_indices"":[13,14,15,17],""boundary_right_indices"":[17]},{""index"":15,""window_indices"":[14,15,17,18],""boundary_right_indices"":[17]},{""index"":17,""window_indices"":[15,17,18,19],""boundary_right_indices"":[17]},{""index"":20,""window_indices"":[19,20,21,22],""boundary_right_indices"":[22]},{""index"":21,""window_indices"":[20,21,22,23],""boundary_right_indices"":[22]},{""index"":22,""window_indices"":[21,22,23,24],""boundary_right_indices"":[22]},{""index"":25,""window_indices"":[24,25,26,27],""boundary_right_indices"":[27]},{""index"":26,""window_indices"":[25,26,27,28],""boundary_right_indices"":[27]},{""index"":27,""window_indices"":[26,27,28,29],""boundary_right_indices"":[27]},{""index"":28,""window_indices"":[27,28,29,34],""boundary_right_indices"":[32]},{""index"":29,""window_indices"":[28,29,34,35],""boundary_right_indices"":[32]},{""index"":34,""window_indices"":[29,34,35,36],""boundary_right_indices"":[32,36]},{""index"":35,""window_indices"":[34,35,36,38],""boundary_right_indices"":[36]},{""index"":36,""window_indices"":[35,36,38,40],""boundary_right_indices"":[36]},{""index"":38,""window_indices"":[36,38,40,41],""boundary_right_indices"":[41]},{""index"":40,""window_indices"":[38,40,41,44],""boundary_right_indices"":[41]},{""index"":41,""window_indices"":[40,41,44,45],""boundary_right_indices"":[41]},{""index"":49,""window_indices"":[48,49,50,52],""boundary_right_indices"":[52]},{""index"":50,""window_indices"":[49,50,52,53],""boundary_right_indices"":[52]},{""index"":52,""window_indices"":[50,52,53,54],""boundary_right_indices"":[52]},{""index"":54,""window_indices"":[53,54,55,57],""boundary_right_indices"":[57]},{""index"":55,""window_indices"":[54,55,57,60],""boundary_right_indices"":[57]},{""index"":57,""window_indices"":[55,57,60,61],""boundary_right_indices"":[57]},{""index"":60,""window_indices"":[57,60,61,62],""boundary_right_indices"":[62]},{""index"":61,""window_indices"":[60,61,62,64],""boundary_right_indices"":[62]},{""index"":62,""window_indices"":[61,62,64,65],""boundary_right_indices"":[62]},{""index"":65,""window_indices"":[64,65,66,67],""boundary_right_indices"":[67]},{""index"":66,""window_indices"":[65,66,67,68],""boundary_right_indices"":[67]},{""index"":67,""window_indices"":[66,67,68,71],""boundary_right_indices"":[67]},{""index"":68,""window_indices"":[67,68,71,72],""boundary_right_indices"":[72]},{""index"":71,""window_indices"":[68,71,72,73],""boundary_right_indices"":[72]},{""index"":72,""window_indices"":[71,72,73,74],""boundary_right_indices"":[72]},{""index"":74,""window_indices"":[73,74,76,77],""boundary_right_indices"":[77]},{""index"":76,""window_indices"":[74,76,77,78],""boundary_right_indices"":[77]},{""index"":77,""window_indices"":[76,77,78,79],""boundary_right_indices"":[77]},{""index"":80,""window_indices"":[79,80,81,82],""boundary_right_indices"":[82]},{""index"":81,""window_indices"":[80,81,82,83],""boundary_right_indices"":[82]},{""index"":82,""window_indices"":[81,82,83,84],""boundary_right_indices"":[82]},{""index"":85,""window_indices"":[84,85,86,87],""boundary_right_indices"":[87]},{""index"":86,""window_indices"":[85,86,87,88],""boundary_right_indices"":[87]},{""index"":87,""window_indices"":[86,87,88,89],""boundary_right_indices"":[87]},{""index"":89,""window_indices"":[88,89,91,93],""boundary_right_indices"":[92]},{""index"":91,""window_indices"":[89,91,93,94],""boundary_right_indices"":[92]},{""index"":93,""window_indices"":[91,93,94,95],""boundary_right_indices"":[92]},{""index"":95,""window_indices"":[94,95,96,97],""boundary_right_indices"":[97]},{""index"":96,""window_indices"":[95,96,97,98],""boundary_right_indices"":[97]},{""index"":97,""window_indices"":[96,97,98,99],""boundary_right_indices"":[97]}]","[1,7,16,31,32,51,56,92]",True,True,True,"[[2,3,4,5,6],[7,8,9,10,11],[12,13,14,15,16],[17,18,19,20,21],[22,23,24,25,26],[27,28,29,30,31],[36,37,38,39,40],[41,42,43,44,45,46,47,48,49,50,51],[52,53,54,55,56],[57,58,59,60,61],[62,63,64,65,66],[67,68,69,70,71],[72,73,74,75,76],[77,78,79,80,81],[82,83,84,85,86],[87,88,89,90,91],[92,93,94,95,96]]","[[0,2,3,4,5,6,9,10,11,12,13,14,15,17,18,19,20,21,22,23,24,25,26,27,28,29,34,35,36,38,40,41,44,45,46,48,49,50,52,53,54,55,57,60,61,62,64,65,66,67,68,71,72,73,74,76,77,78,79,80,81,82,83,84,85,86,87,88,89,91,93,94,95,96,97,98,99]]",52,False,False,False
order_development,g2-development-orders-02,DEVELOPMENT,f350a3d1a9aec7ebeb913f4267c321474810bcee5c23e082ba2195579fa542e4,cfg-b15b8281b73592fb,P-D-S,30,400,5,65,35,5,f05e91fc3a4ba52d8d1cb4ade137bac2412063a05e95659a1a3263c02ffa6278,VERIFIED,9994,True,"[1,2,3,4,5,6,7,8,9,10,11,12,13,14,15,16,17,18,19,20,21,22,23,24,25,26,27,28,29,30,31,48,49,50,51,52,53,54,55,56,57,58,59,60,61,62,63,64,65,66,67,68,69,70,71,72,73,74,75,76,77,78,79,80,81,82,83,84,85,86,87,88,89,90,91,92,93,94,95,96,97,98,99,100,101,102,103,104,105,106,107,108,109,110]",[],"[{""index"":3,""window_indices"":[0,3,7,8],""boundary_right_indices"":[1]}]",[1],True,True,True,"[[1,2,3,4,5,6,7,8,9,10,11,12,13,14,15,16,17,18,19,20,21,22,23,24,25,26,27,28,29,30,31,32,33,34,35,36,37,38,39,40,41,42,43,44,45,46,47,48,49,50,51,52,53,54,55,56,57,58,59,60,61,62,63,64,65,66,67,68,69,70,71,72,73,74,75,76,77,78,79,80,81,82,83,84,85,86,87,88,89,90,91,92,93,94,95,96,97,98,99,100,101,102,103,104,105,106,107,108,109,110]]","[[0,3,7,8,9,14,15,21,27,28,32,33,36,38,39,40,41,44,46,47,51,52,53,55,56,57,65,66,71,74,80,86,87,88,89,92,93,102,108,110]]",24,False,False,False
order_development,g2-development-orders-02,DEVELOPMENT,f350a3d1a9aec7ebeb913f4267c321474810bcee5c23e082ba2195579fa542e4,cfg-b15b8281b73592fb,P-D-S,30,400,5,65,35,5,f05e91fc3a4ba52d8d1cb4ade137bac2412063a05e95659a1a3263c02ffa6278,VERIFIED,1944,True,"[0,1,2,16,17,18,19,20,21,22,23,24,25,26,27,28,29,30,31,32,33,34,35,36,37,38,39,40,48,49,50,51,52,53,54,55,56,57,58,59,60,61,62,63,86,87,88,89,90,91,92,93,94,95,96,97,98,99,100,101,102,103,104,105,106,107,108]",[],[],[],True,True,True,"[[0,1,2,3,4,5,6,7,8,9,10,11,12,13,14,15,16,17,18,19,20,21,22,23,24,25,26,27,28,29,30,31,32,33,34,35,36,37,38,39,40,41,42,43,44,45,46,47,48,49,50,51,52,53,54,55,56,57,58,59,60,61,62,63,64,65,66,67,68,69,70,71,72,73,74,75,76,77,78,79,80,81,82,83,84,85,86,87,88,89,90,91,92,93,94,95,96,97,98,99,100,101,102,103,104,105,106,107,108]]","[[0,3,5,6,7,9,11,13,14,15,16,23,25,33,34,35,37,39,41,43,44,45,46,47,49,50,55,59,64,65,68,71,72,73,75,78,79,80,82,85,88,104,107,108]]",14,False,False,False
order_development,g2-development-orders-02,DEVELOPMENT,f350a3d1a9aec7ebeb913f4267c321474810bcee5c23e082ba2195579fa542e4,cfg-b15b8281b73592fb,P-D-S,30,400,5,65,35,5,f05e91fc3a4ba52d8d1cb4ade137bac2412063a05e95659a1a3263c02ffa6278,VERIFIED,8430,True,"[0,1,2,3,4,5,6,7,8,9,10,11,12,13,14,15,16,17,18,19,20,21,22,23,24,25,26,27,28,29,30,31,32,33,34,35,36,37,38,39,40,41,42,43,44,45,46,47,48,49,50,51,52,53,54,55,56,57,58,59,60,61,62,63,64,65,66,67,68,90,91,92,93,94,95,96,116,117,118]",[],[],[],True,True,True,"[[0,1,2,3,4,5,6,7,8,9,10,11,12,13,14,15,16,17,18,19,20,21,22,23,24,25,26,27,28,29,30,31,32,33,34,35,36,37,38,39,40,41,42,43,44,45,46,47,48,49,50,51,52,53,54,55,56,57,58,59,60,61,62,63,64,65,66,67,68,69,70,71,72,73,74,75,76,77,78,79,80,81,82,83,84,85,86,87,88,89,90,91,92,93,94,95,96,97,98,99,100,101,102,103,104,105,106,107,108,109,110,111,112,113,114,115,116,117,118]]","[[0,40,47,48,64,66,67,69,70,73,75,76,77,78,79,81,82,83,84,85,86,87,89,97,100,101,104,110,111,115,118]]",8,False,False,False
order_development,g2-development-orders-02,DEVELOPMENT,f350a3d1a9aec7ebeb913f4267c321474810bcee5c23e082ba2195579fa542e4,cfg-b15b8281b73592fb,P-D-S,30,400,5,65,35,5,f05e91fc3a4ba52d8d1cb4ade137bac2412063a05e95659a1a3263c02ffa6278,VERIFIED,1860,True,"[0,1,2,3,4,5,6,7,8,9,10,11,12,13,14,15,16,17,18,19,20,21,22,30,31,32,33,34,35,36,37,38,39,40,41,42,43,44,45,46,47,48,49,50,51,52,53,54,55,56,57,68,69,70,71,72,73,74,75,76,77,78,79,80,81,82,83,84,85,86,87,88,89,90,91,92,93,94,95,96,97,98,99,100,101,102,103,104,105,106,107,108,109,110,111,112,113]",[],[],[],True,True,True,"[[0,1,2,3,4,5,6,7,8,9,10,11,12,13,14,15,16,17,18,19,20,21,22,23,24,25,26,27,28,29,30,31,32,33,34,35,36,37,38,39,40,41,42,43,44,45,46,47,48,49,50,51,52,53,54,55,56,57,58,59,60,61,62,63,64,65,66,67,68,69,70,71,72,73,74,75,76,77,78,79,80,81,82,83,84,85,86,87,88,89,90,91,92,93,94,95,96,97,98,99,100,101,102,103,104,105,106,107,108,109,110,111,112,113]]","[[0,2,3,4,8,23,24,25,27,28,29,36,38,41,42,47,49,50,53,54,58,59,60,62,65,67,70,71,76,77,79,80,93,94,99,100,107,109,111,112,113]]",22,False,False,False
order_development,g2-development-orders-02,DEVELOPMENT,f350a3d1a9aec7ebeb913f4267c321474810bcee5c23e082ba2195579fa542e4,cfg-b15b8281b73592fb,P-D-S,30,400,5,65,35,5,f05e91fc3a4ba52d8d1cb4ade137bac2412063a05e95659a1a3263c02ffa6278,VERIFIED,9222,True,"[21,22,23,24,25,26,27,28,29,30,31,32,33,34,35,36,37,38,39,40,41,42,43,44,45,55,56,57,58,59,60,61,79,80,81,82,83,84,85]",[],"[{""index"":53,""window_indices"":[52,53,54,57],""boundary_right_indices"":[57]},{""index"":54,""window_indices"":[53,54,57,62],""boundary_right_indices"":[57]},{""index"":57,""window_indices"":[54,57,62,63],""boundary_right_indices"":[57]},{""index"":78,""window_indices"":[77,78,80,81],""boundary_right_indices"":[81]},{""index"":80,""window_indices"":[78,80,81,85],""boundary_right_indices"":[81]}]",[56],True,True,True,"[[0,1,2,3,4,5,6,7,8,9,10,11,12,13,14,15,16,17,18,19,20,21,22,23,24,25,26,27,28,29,30,31,32,33,34,35,36,37,38,39,40,41,42,43,44,45,46,47,48,49,50,51,52,53,54,55,56],[57,58,59,60,61,62,63,64,65,66,67,68,69,70,71,72,73,74,75,76,77,78,79,80],[81,82,83,84,85]]","[[0,1,4,5,6,7,9,10,11,12,14,15,16,18,20,27,30,40,43,44,46,47,48,49,50,51,52,53,54,57,62,63,64,65,66,67,68,69,70,71,72,73,75,76,77,78,80,81,85]]",9,False,False,False
order_development,g2-development-orders-02,DEVELOPMENT,f350a3d1a9aec7ebeb913f4267c321474810bcee5c23e082ba2195579fa542e4,cfg-b15b8281b73592fb,P-D-S,30,400,5,65,35,5,f05e91fc3a4ba52d8d1cb4ade137bac2412063a05e95659a1a3263c02ffa6278,VERIFIED,5431,True,"[0,1,2,3,4,5,6,7,8,9,10,11,12,13,14,15,16,17,18,19,20,21,22,23,24,25,26,27,28,29,30,31,32,33,34,35,36,37,38,39,40,41,42,43,44,45,46,47,48,49,50,51,52,53,54,55,56,57,58,59,60,61,62,63,64,65,66,67,68,69,70,71,72,73,74,75,76,77,78,79,80,81,82,83,84,85,86,87,88,89,90,91,92,93,94,95,96,97,98,99,100,101,102,103,104,105]",[],[],[],True,True,True,"[[0,1,2,3,4,5,6,7,8,9,10,11,12,13,14,15,16,17,18,19,20,21,22,23,24,25,26,27,28,29,30,31,32,33,34,35,36,37,38,39,40,41,42,43,44,45,46,47,48,49,50,51,52,53,54,55,56,57,58,59,60,61,62,63,64,65,66,67,68,69,70,71,72,73,74,75,76,77,78,79,80,81,82,83,84,85,86,87,88,89,90,91,92,93,94,95,96,97,98,99,100,101,102,103,104,105]]","[[0,14,15,24,28,31,40,42,44,46,52,59,67,69,80,81,87,88,89,92,93,105]]",19,False,True,False
order_development,g2-development-orders-02,DEVELOPMENT,f350a3d1a9aec7ebeb913f4267c321474810bcee5c23e082ba2195579fa542e4,cfg-b15b8281b73592fb,P-D-S,30,400,5,65,35,5,f05e91fc3a4ba52d8d1cb4ade137bac2412063a05e95659a1a3263c02ffa6278,VERIFIED,9145,True,"[0,1,2,3,4,5,6,7,8,9,10,11,12,13,14,24,25,26,27,28,29,30,31,32,33,34,35,36,37,38,39,40,41,42,43,44,45,46,47,48,49,50,51,52,53,54,55,56,57,58,59,60,61,62,63,64,65,66,67,68,69,70,71,72,73,74,75,76,77,78,79,80,81,82,83,84,85,86,87,88,89,90,91,92,93,94,95,96,97,98,99,100,101,102,103,104,105,106,107,108,109]",[],[],[],True,True,True,"[[0,1,2,3,4,5,6,7,8,9,10,11,12,13,14,15,16,17,18,19,20,21,22,23,24,25,26,27,28,29,30,31,32,33,34,35,36,37,38,39,40,41,42,43,44,45,46,47,48,49,50,51,52,53,54,55,56,57,58,59,60,61,62,63,64,65,66,67,68,69,70,71,72,73,74,75,76,77,78,79,80,81,82,83,84,85,86,87,88,89,90,91,92,93,94,95,96,97,98,99,100,101,102,103,104,105,106,107,108,109]]","[[0,8,9,14,15,16,21,22,23,31,33,36,49,60,69,71,72,74,86,96,109]]",14,False,False,False
order_development,g2-development-orders-02,DEVELOPMENT,f350a3d1a9aec7ebeb913f4267c321474810bcee5c23e082ba2195579fa542e4,cfg-b15b8281b73592fb,P-D-S,30,400,5,65,35,5,f05e91fc3a4ba52d8d1cb4ade137bac2412063a05e95659a1a3263c02ffa6278,VERIFIED,7186,True,"[0,1,2,3,4,5,6,7,8,9,10,11,12,13,14,15,16,17,18,19,20,21,22,23,24,25,26,27,28,29,30,31,32,33,34,35,36,37,38,39,40,41,42,43,44,45,46,47,48,49,50,51,52,53,54,55,56,57,58,59,60,61,62,63,64,65,66,67,68,69,70,71,72,73,74,75,76,77,78,79,80,81,82,83,84,85,86,87,88,89,90,91,92,93,94,95,96,97,98,99,100]",[],[],[],True,True,True,"[[0,1,2,3,4,5,6,7,8,9,10,11,12,13,14,15,16,17,18,19,20,21,22,23,24,25,26,27,28,29,30,31,32,33,34,35,36,37,38,39,40,41,42,43,44,45,46,47,48,49,50,51,52,53,54,55,56,57,58,59,60,61,62,63,64,65,66,67,68,69,70,71,72,73,74,75,76,77,78,79,80,81,82,83,84,85,86,87,88,89,90,91,92,93,94,95,96,97,98,99,100]]","[[0,36,48,49,50,53,71,75,77,85,90,92,100]]",12,False,True,False
order_development,g2-development-orders-02,DEVELOPMENT,f350a3d1a9aec7ebeb913f4267c321474810bcee5c23e082ba2195579fa542e4,cfg-b15b8281b73592fb,P-D-S,30,400,5,65,35,5,f05e91fc3a4ba52d8d1cb4ade137bac2412063a05e95659a1a3263c02ffa6278,VERIFIED,11326,True,"[11,12,13,14,15,16,17,18,19,20,21,22,23,24,25,26,27,28,29,30,31,32,33,34,35,36,37,38,39,40,41,42,43,44,45,46,47,48,49,50,51,52,53,54,55,60,61,62,63,64,65,66,67,68,69,70,71,72,73,74,75,76,77,78,79,80,81,82,83,84,85,86,87,88,89,90,91,92,93,94,95,96,97,98,99,100]",[],"[{""index"":29,""window_indices"":[26,29,31,32],""boundary_right_indices"":[32]},{""index"":31,""window_indices"":[29,31,32,38],""boundary_right_indices"":[32]},{""index"":32,""window_indices"":[31,32,38,41],""boundary_right_indices"":[32,41]},{""index"":38,""window_indices"":[32,38,41,45],""boundary_right_indices"":[41]},{""index"":41,""window_indices"":[38,41,45,46],""boundary_right_indices"":[41]},{""index"":53,""window_indices"":[51,53,55,57],""boundary_right_indices"":[56]},{""index"":55,""window_indices"":[53,55,57,62],""boundary_right_indices"":[56,60]},{""index"":57,""window_indices"":[55,57,62,66],""boundary_right_indices"":[56,60]},{""index"":62,""window_indices"":[57,62,66,67],""boundary_right_indices"":[60]},{""index"":95,""window_indices"":[93,95,96,103],""boundary_right_indices"":[101]}]","[40,56,59,60,100,101]",True,True,True,"[[0,1,2,3,4,5,6,7,8,9,10,11,12,13,14,15,16,17,18,19,20,21,22,23,24,25,26,27,28,29,30,31],[32,33,34,35,36,37,38,39,40],[41,42,43,44,45,46,47,48,49,50,51,52,53,54,55],[60,61,62,63,64,65,66,67,68,69,70,71,72,73,74,75,76,77,78,79,80,81,82,83,84,85,86,87,88,89,90,91,92,93,94,95,96,97,98,99,100]]","[[0,2,5,6,8,10,15,17,19,23,24,26,29,31,32,38,41,45,46,47,48,49,51,53,55,57,62,66,67,68,76,77,78,79,80,87,93,95,96,103]]",30,False,False,False
order_development,g2-development-orders-02,DEVELOPMENT,f350a3d1a9aec7ebeb913f4267c321474810bcee5c23e082ba2195579fa542e4,cfg-b15b8281b73592fb,P-D-S,30,400,5,65,35,5,f05e91fc3a4ba52d8d1cb4ade137bac2412063a05e95659a1a3263c02ffa6278,VERIFIED,4378,True,"[0,1,2,3,4,5,6,7,8,9,10,11,12,13,14,15,16,17,18,19,20,21,22,23,24,25,26,27,28,29,30,31,32,33,34,35,36,37,38,39,40,41,42,43,44,45,46,47,48,49,50,51,52,53,54,55,56,57,58,59,60,61,62,63,64,65,66,67,68,69,70,71,72,73,74,75,76,77,78,79,80,81,82,83,84,85,86,87,88,89,90,91,92,93,94,95,96,97,98,99,100,101,102,103,104,105,106,107,108]",[],[],[],True,True,True,"[[0,1,2,3,4,5,6,7,8,9,10,11,12,13,14,15,16,17,18,19,20,21,22,23,24,25,26,27,28,29,30,31,32,33,34,35,36,37,38,39,40,41,42,43,44,45,46,47,48,49,50,51,52,53,54,55,56,57,58,59,60,61,62,63,64,65,66,67,68,69,70,71,72,73,74,75,76,77,78,79,80,81,82,83,84,85,86,87,88,89,90,91,92,93,94,95,96,97,98,99,100,101,102,103,104,105,106,107,108]]","[[0,2,3,4,11,15,17,28,30,31,33,44,62,67,68,70,73,80,95,97,108]]",20,False,True,False
order_development,g2-development-orders-02,DEVELOPMENT,f350a3d1a9aec7ebeb913f4267c321474810bcee5c23e082ba2195579fa542e4,cfg-b15b8281b73592fb,P-D-S,30,400,5,65,35,5,f05e91fc3a4ba52d8d1cb4ade137bac2412063a05e95659a1a3263c02ffa6278,VERIFIED,11021,True,"[0,1,2,3,4,5,6,7,8,9,10,11,12,13,14,15,16,17,18,19,20,21,22,23,24,25,26,27,28,29,30,31,32,33,34,35,36,37,38,39,40,41,42,49,50,51,52,53,54,55,56,57,58,59,60,61,62,63,64,65,66,67,68,69,70,71,72,73,74,75,76,77,78,79,80,81,82,83,84,85,86,87,88,89,90,91,92,93,94,95,96,97,98,99,100,101,102,103,104]",[],"[{""index"":47,""window_indices"":[45,47,48,64],""boundary_right_indices"":[64]},{""index"":48,""window_indices"":[47,48,64,66],""boundary_right_indices"":[64]},{""index"":64,""window_indices"":[48,64,66,67],""boundary_right_indices"":[64]}]",[63],True,True,True,"[[0,1,2,3,4,5,6,7,8,9,10,11,12,13,14,15,16,17,18,19,20,21,22,23,24,25,26,27,28,29,30,31,32,33,34,35,36,37,38,39,40,41,42,43,44,45,46,47,48,49,50,51,52,53,54,55,56,57,58,59,60,61,62,63],[64,65,66,67,68,69,70,71,72,73,74,75,76,77,78,79,80,81,82,83,84,85,86,87,88,89,90,91,92,93,94,95,96,97,98,99,100,101,102,103,104]]","[[0,9,11,16,17,18,19,27,28,39,43,44,45,47,48,64,66,67,68,72,73,74,76,77,78,80,81,84,104]]",22,False,False,False
order_development,g2-development-orders-02,DEVELOPMENT,f350a3d1a9aec7ebeb913f4267c321474810bcee5c23e082ba2195579fa542e4,cfg-b15b8281b73592fb,P-D-S,30,400,5,65,35,5,f05e91fc3a4ba52d8d1cb4ade137bac2412063a05e95659a1a3263c02ffa6278,VERIFIED,5049,True,"[0,1,2,3,4,5,6,7,8,9,10,11,12,13,14,23,24,25,26,27,28,29,30,31,32,33,34,35,36,37,38,39,40,41,42,43,44,45,46,47,48,49,50,51,52,53,54,55,56,57,58,59,60,61,62,63,64,65,66,67,68,69,70,71,72,73,74,75,76,77,78,79,80,81,82,83,84,85,86,87,88,89,95,96,97,98,99,100,101,102,103,104]",[],"[{""index"":47,""window_indices"":[26,47,49,58],""boundary_right_indices"":[57]},{""index"":49,""window_indices"":[47,49,58,60],""boundary_right_indices"":[57]},{""index"":58,""window_indices"":[49,58,60,66],""boundary_right_indices"":[57]},{""index"":69,""window_indices"":[68,69,73,79],""boundary_right_indices"":[74]},{""index"":73,""window_indices"":[69,73,79,80],""boundary_right_indices"":[74]},{""index"":79,""window_indices"":[73,79,80,87],""boundary_right_indices"":[74]},{""index"":87,""window_indices"":[80,87,89,90],""boundary_right_indices"":[90]},{""index"":89,""window_indices"":[87,89,90,91],""boundary_right_indices"":[90]},{""index"":90,""window_indices"":[89,90,91,92],""boundary_right_indices"":[90]}]","[56,57,74]",True,True,True,"[[0,1,2,3,4,5,6,7,8,9,10,11,12,13,14,15,16,17,18,19,20,21,22,23,24,25,26,27,28,29,30,31,32,33,34,35,36,37,38,39,40,41,42,43,44,45,46,47,48,49,50,51,52,53,54,55,56],[57,58,59,60,61,62,63,64,65,66,67,68,69,70,71,72,73],[74,75,76,77,78,79,80,81,82,83,84,85,86,87,88,89],[90,91,92,93,94,95,96,97,98,99,100,101,102,103,104]]","[[0,6,8,9,10,11,15,16,17,18,19,21,22,26,47,49,58,60,66,67,68,69,73,79,80,87,89,90,91,92,93,94,96,98,99,100,103,104]]",26,False,False,False
order_development,g2-development-orders-02,DEVELOPMENT,f350a3d1a9aec7ebeb913f4267c321474810bcee5c23e082ba2195579fa542e4,cfg-b15b8281b73592fb,P-D-S,30,400,5,65,35,5,f05e91fc3a4ba52d8d1cb4ade137bac2412063a05e95659a1a3263c02ffa6278,VERIFIED,4381,True,"[0,1,2,3,4,5,6,7,8,9,10,11,12,13,14,15,16,22,23,24,25,26,27,28,29,30,31,32,33,34,35,36,37,38,39,40,41,42,43,44,45,46,47,48,49,50,51,52,53,54,55,56,57,58,59,60,61,62,63,64,65,66,67,68,69,70,71,72,73,74,75,76,77,78,79,80,81,82,83,84,85,86,87,88,89,90,91,92,93,94,95,96,97,98,99,100]",[],[],[],True,True,True,"[[0,1,2,3,4,5,6,7,8,9,10,11,12,13,14,15,16,17,18,19,20,21,22,23,24,25,26,27,28,29,30,31,32,33,34,35,36,37,38,39,40,41,42,43,44,45,46,47,48,49,50,51,52,53,54,55,56,57,58,59,60,61,62,63,64,65,66,67,68,69,70,71,72,73,74,75,76,77,78,79,80,81,82,83,84,85,86,87,88,89,90,91,92,93,94,95,96,97,98,99,100]]","[[0,8,13,17,18,19,20,21,24,54,60,61,62,72,77,90,94,95,100]]",11,False,False,False
order_development,g2-development-orders-02,DEVELOPMENT,f350a3d1a9aec7ebeb913f4267c321474810bcee5c23e082ba2195579fa542e4,cfg-b15b8281b73592fb,P-D-S,30,400,5,65,35,5,f05e91fc3a4ba52d8d1cb4ade137bac2412063a05e95659a1a3263c02ffa6278,VERIFIED,1378,True,"[0,1,2,3,4,5,6,7,8,9,10,11,12,13,14,15,16,17,18,19,20,21,22,23,24,25,26,27,28,29,30,31,32,33,34,35,36,37,38,39,40,42,43,44,45,46,47,48,49,50,51,52,53,54,55,56,57,58,59,60,61,62,63,64,65,66,67,68,69,70,71]",[],"[{""index"":5,""window_indices"":[0,5,17,22],""boundary_right_indices"":[5,19]},{""index"":17,""window_indices"":[5,17,22,24],""boundary_right_indices"":[19]},{""index"":22,""window_indices"":[17,22,24,26],""boundary_right_indices"":[19]},{""index"":37,""window_indices"":[30,37,40,41],""boundary_right_indices"":[41]},{""index"":40,""window_indices"":[37,40,41,42],""boundary_right_indices"":[41,42]},{""index"":41,""window_indices"":[40,41,42,45],""boundary_right_indices"":[41,42]},{""index"":42,""window_indices"":[41,42,45,46],""boundary_right_indices"":[42]}]","[4,18,19]",True,True,True,"[[0,1,2,3,4],[5,6,7,8,9,10,11,12,13,14,15,16,17,18],[19,20,21,22,23,24,25,26,27,28,29,30,31,32,33,34,35,36,37,38,39,40],[42,43,44,45,46,47,48,49,50,51,52,53,54,55,56,57,58,59,60,61,62,63,64,65,66,67,68,69,70,71,72,73,74,75,76,77,78,79]]","[[0,5,17,22,24,26,29,30,37,40,41,42,45,46,50,57,58,60,61,72,73,76,77,78,79]]",12,False,False,False
order_development,g2-development-orders-02,DEVELOPMENT,f350a3d1a9aec7ebeb913f4267c321474810bcee5c23e082ba2195579fa542e4,cfg-b15b8281b73592fb,P-D-S,30,400,5,65,35,5,f05e91fc3a4ba52d8d1cb4ade137bac2412063a05e95659a1a3263c02ffa6278,VERIFIED,9613,True,"[0,1,2,3,4,5,6,7,8,9,10,11,21,22,23,24,25,26,27,28,29,30,31,32,33,34,35,36,37,38,39,40,41,46,47,48,49,50,51,52,53,54,55,56,57,58,59,60,61,62,63,64,65,66,67,68,69,70,78,79,80,81,82,83,84,85,86,87,88,89,90,91,92,93,94,95,96,97,98,99,100,101,102,103,104,105,106,107,108,109]",[],"[{""index"":2,""window_indices"":[1,2,3,11],""boundary_right_indices"":[7]},{""index"":3,""window_indices"":[2,3,11,12],""boundary_right_indices"":[7,12]},{""index"":11,""window_indices"":[3,11,12,13],""boundary_right_indices"":[7,12]},{""index"":12,""window_indices"":[11,12,13,14],""boundary_right_indices"":[12]},{""index"":15,""window_indices"":[14,15,16,17],""boundary_right_indices"":[17]},{""index"":16,""window_indices"":[15,16,17,18],""boundary_right_indices"":[17]},{""index"":17,""window_indices"":[16,17,18,19],""boundary_right_indices"":[17]},{""index"":19,""window_indices"":[18,19,20,25],""boundary_right_indices"":[21]},{""index"":20,""window_indices"":[19,20,25,26],""boundary_right_indices"":[21]},{""index"":25,""window_indices"":[20,25,26,27],""boundary_right_indices"":[21]},{""index"":27,""window_indices"":[26,27,28,33],""boundary_right_indices"":[32]},{""index"":28,""window_indices"":[27,28,33,34],""boundary_right_indices"":[32]},{""index"":33,""window_indices"":[28,33,34,37],""boundary_right_indices"":[32,37]},{""index"":34,""window_indices"":[33,34,37,38],""boundary_right_indices"":[37]},{""index"":37,""window_indices"":[34,37,38,41],""boundary_right_indices"":[37]},{""index"":38,""window_indices"":[37,38,41,42],""boundary_right_indices"":[42]},{""index"":41,""window_indices"":[38,41,42,45],""boundary_right_indices"":[42]},{""index"":42,""window_indices"":[41,42,45,46],""boundary_right_indices"":[42,46]},{""index"":45,""window_indices"":[42,45,46,50],""boundary_right_indices"":[46]},{""index"":46,""window_indices"":[45,46,50,57],""boundary_right_indices"":[46,51,56]},{""index"":50,""window_indices"":[46,50,57,59],""boundary_right_indices"":[51,56]},{""index"":57,""window_indices"":[50,57,59,62],""boundary_right_indices"":[51,56,61]},{""index"":59,""window_indices"":[57,59,62,65],""boundary_right_indices"":[61]},{""index"":62,""window_indices"":[59,62,65,66],""boundary_right_indices"":[61,66]},{""index"":65,""window_indices"":[62,65,66,70],""boundary_right_indices"":[66]},{""index"":66,""window_indices"":[65,66,70,71],""boundary_right_indices"":[66,71]},{""index"":70,""window_indices"":[66,70,71,72],""boundary_right_indices"":[71]},{""index"":71,""window_indices"":[70,71,72,73],""boundary_right_indices"":[71]},{""index"":77,""window_indices"":[75,77,79,83],""boundary_right_indices"":[83]},{""index"":79,""window_indices"":[77,79,83,84],""boundary_right_indices"":[83]},{""index"":83,""window_indices"":[79,83,84,110],""boundary_right_indices"":[83]},{""index"":114,""window_indices"":[113,114,115,116],""boundary_right_indices"":[116]},{""index"":115,""window_indices"":[114,115,116,119],""boundary_right_indices"":[116]}]","[6,7,21,31,32,36,51,55,56,60,61,82]",True,True,True,"[[0,1,2,3,4,5,6],[7,8,9,10,11],[12,13,14,15,16],[21,22,23,24,25,26,27,28,29,30,31],[32,33,34,35,36],[37,38,39,40,41],[46,47,48,49,50],[51,52,53,54,55],[56,57,58,59,60],[61,62,63,64,65],[66,67,68,69,70],[71,72,73,74,75,76,77,78,79,80,81,82],[83,84,85,86,87,88,89,90,91,92,93,94,95,96,97,98,99,100,101,102,103,104,105,106,107,108,109,110,111,112,113,114,115]]","[[0,1,2,3,11,12,13,14,15,16,17,18,19,20,25,26,27,28,33,34,37,38,41,42,45,46,50,57,59,62,65,66,70,71,72,73,74,75,77,79,83,84,110,111,112,113,114,115,116,119]]",33,False,False,False
order_development,g2-development-orders-02,DEVELOPMENT,f350a3d1a9aec7ebeb913f4267c321474810bcee5c23e082ba2195579fa542e4,cfg-b15b8281b73592fb,P-D-S,30,400,5,65,35,5,f05e91fc3a4ba52d8d1cb4ade137bac2412063a05e95659a1a3263c02ffa6278,VERIFIED,1605,True,"[10,11,12,13,14,15,16,17,18,19,20,21,22,28,29,30,31,32,33,34,35,36,37,38,39,40,41,42]",[],"[{""index"":8,""window_indices"":[7,8,9,10],""boundary_right_indices"":[10]},{""index"":9,""window_indices"":[8,9,10,11],""boundary_right_indices"":[10]},{""index"":10,""window_indices"":[9,10,11,12],""boundary_right_indices"":[10]},{""index"":20,""window_indices"":[17,20,22,23],""boundary_right_indices"":[23]},{""index"":22,""window_indices"":[20,22,23,26],""boundary_right_indices"":[23]},{""index"":23,""window_indices"":[22,23,26,27],""boundary_right_indices"":[23,27]},{""index"":26,""window_indices"":[23,26,27,35],""boundary_right_indices"":[27,28]},{""index"":27,""window_indices"":[26,27,35,38],""boundary_right_indices"":[27,28]},{""index"":35,""window_indices"":[27,35,38,41],""boundary_right_indices"":[28]}]",[28],True,True,True,"[[0,1,2,3,4,5,6,7,8,9],[10,11,12,13,14,15,16,17,18,19,20,21,22],[28,29,30,31,32,33,34,35,36,37,38,39,40,41,42]]","[[0,2,3,4,5,6,7,8,9,10,11,12,13,15,17,20,22,23,26,27,35,38,41,42]]",13,False,False,False
order_development,g2-development-orders-02,DEVELOPMENT,f350a3d1a9aec7ebeb913f4267c321474810bcee5c23e082ba2195579fa542e4,cfg-b15b8281b73592fb,P-D-S,30,400,5,65,35,5,f05e91fc3a4ba52d8d1cb4ade137bac2412063a05e95659a1a3263c02ffa6278,VERIFIED,6831,True,"[0,1,2,3,4,5,6,7,8,9,10,11,12,13,22,23,24,25,26,27,36,37,47,48,49,50,51,52,53,54,55,56,57,58,62,63,64,65,66,67,68,69,70,71,72,73,77,78,79,80,81,82,83,84,85,86,87,88,89,90,91,92,93,94]",[],"[{""index"":34,""window_indices"":[33,34,35,38],""boundary_right_indices"":[38]},{""index"":35,""window_indices"":[34,35,38,39],""boundary_right_indices"":[38]},{""index"":38,""window_indices"":[35,38,39,40],""boundary_right_indices"":[38]},{""index"":43,""window_indices"":[42,43,46,47],""boundary_right_indices"":[47]},{""index"":46,""window_indices"":[43,46,47,48],""boundary_right_indices"":[47]},{""index"":47,""window_indices"":[46,47,48,49],""boundary_right_indices"":[47]},{""index"":52,""window_indices"":[51,52,53,56],""boundary_right_indices"":[54]},{""index"":53,""window_indices"":[52,53,56,57],""boundary_right_indices"":[54]},{""index"":56,""window_indices"":[53,56,57,58],""boundary_right_indices"":[54]},{""index"":57,""window_indices"":[56,57,58,59],""boundary_right_indices"":[59]},{""index"":58,""window_indices"":[57,58,59,60],""boundary_right_indices"":[59]},{""index"":59,""window_indices"":[58,59,60,61],""boundary_right_indices"":[59]},{""index"":60,""window_indices"":[59,60,61,62],""boundary_right_indices"":[62]},{""index"":61,""window_indices"":[60,61,62,69],""boundary_right_indices"":[62]},{""index"":62,""window_indices"":[61,62,69,71],""boundary_right_indices"":[62]},{""index"":72,""window_indices"":[71,72,73,74],""boundary_right_indices"":[74]},{""index"":73,""window_indices"":[72,73,74,76],""boundary_right_indices"":[74]},{""index"":74,""window_indices"":[73,74,76,77],""boundary_right_indices"":[74,77]},{""index"":76,""window_indices"":[74,76,77,78],""boundary_right_indices"":[77]},{""index"":77,""window_indices"":[76,77,78,79],""boundary_right_indices"":[77]}]","[37,54]",True,True,True,"[[0,1,2,3,4,5,6,7,8,9,10,11,12,13,14,15,16,17,18,19,20,21,22,23,24,25,26,27,28,29,30,31,32,33,34,35,36,37],[38,39,40,41,42,43,44,45,46],[47,48,49,50,51,52,53],[54,55,56,57,58],[62,63,64,65,66,67,68,69,70,71,72,73],[77,78,79,80,81,82,83,84,85,86,87,88,89,90,91,92,93,94]]","[[0,2,6,7,10,14,15,16,18,20,21,25,28,29,31,32,33,34,35,38,39,40,41,42,43,46,47,48,49,51,52,53,56,57,58,59,60,61,62,69,71,72,73,74,76,77,78,79,80,81,83,84,88,89,90,94]]",30,False,False,False
order_development,g2-development-orders-02,DEVELOPMENT,f350a3d1a9aec7ebeb913f4267c321474810bcee5c23e082ba2195579fa542e4,cfg-b15b8281b73592fb,P-D-S,30,400,5,65,35,5,f05e91fc3a4ba52d8d1cb4ade137bac2412063a05e95659a1a3263c02ffa6278,VERIFIED,2150,True,"[0,1,2,3,4,5,6,7,8,9,10,11,12,13,14,15,16,17,18,19,20,21,22,23,24,25,34,35,36,37,38,39,40,41,42,43,44,45,46,47,48,49,50,51,52,53,54,55,56,57,58,59,60,61,62,63,64,65,66,67,68,69,70,71,72,73,74,75,76,77,78,79,80,81,82,83,84,93,94,95,96,97,98,99,100,101,102,103,104,105,106,107,108,109,110,111,112,113,114,115,116,117,118,119,120,121,122,123]",[],[],[],True,True,True,"[[0,1,2,3,4,5,6,7,8,9,10,11,12,13,14,15,16,17,18,19,20,21,22,23,24,25,26,27,28,29,30,31,32,33,34,35,36,37,38,39,40,41,42,43,44,45,46,47,48,49,50,51,52,53,54,55,56,57,58,59,60,61,62,63,64,65,66,67,68,69,70,71,72,73,74,75,76,77,78,79,80,81,82,83,84,85,86,87,88,89,90,91,92,93,94,95,96,97,98,99,100,101,102,103,104,105,106,107,108,109,110,111,112,113,114,115,116,117,118,119,120,121,122,123]]","[[0,3,4,16,24,26,28,29,30,31,33,35,36,41,52,57,68,69,77,80,85,87,88,89,90,91,92,95,96,98,99,101,102,106,107,110,116,117,119,120,123]]",21,False,False,False
order_development,g2-development-orders-02,DEVELOPMENT,f350a3d1a9aec7ebeb913f4267c321474810bcee5c23e082ba2195579fa542e4,cfg-b15b8281b73592fb,P-D-S,30,400,5,65,35,5,f05e91fc3a4ba52d8d1cb4ade137bac2412063a05e95659a1a3263c02ffa6278,VERIFIED,1076,True,"[0,1,2,3,4,5,6,7,8,9,10,11,12,13,14,15,16,17,18,19,20,21,39,40,41,42,43,44,45,46,47,48,49,50,51,52,53]",[],"[{""index"":16,""window_indices"":[0,16,17,22],""boundary_right_indices"":[7,12]},{""index"":34,""window_indices"":[33,34,35,36],""boundary_right_indices"":[36]},{""index"":35,""window_indices"":[34,35,36,38],""boundary_right_indices"":[36]},{""index"":36,""window_indices"":[35,36,38,39],""boundary_right_indices"":[36,39]},{""index"":38,""window_indices"":[36,38,39,40],""boundary_right_indices"":[39]},{""index"":39,""window_indices"":[38,39,40,44],""boundary_right_indices"":[39,44]},{""index"":40,""window_indices"":[39,40,44,45],""boundary_right_indices"":[44]},{""index"":44,""window_indices"":[40,44,45,46],""boundary_right_indices"":[44]},{""index"":45,""window_indices"":[44,45,46,51],""boundary_right_indices"":[49]},{""index"":46,""window_indices"":[45,46,51,52],""boundary_right_indices"":[49]},{""index"":51,""window_indices"":[46,51,52,53],""boundary_right_indices"":[49]},{""index"":52,""window_indices"":[51,52,53,54],""boundary_right_indices"":[54]},{""index"":53,""window_indices"":[52,53,54,57],""boundary_right_indices"":[54]}]","[6,7,11,12,43,48,49]",True,True,True,"[[0,1,2,3,4,5,6],[7,8,9,10,11],[12,13,14,15,16,17,18,19,20,21,22,23,24,25,26,27,28,29,30,31,32,33,34,35],[39,40,41,42,43],[44,45,46,47,48],[49,50,51,52,53]]","[[0,16,17,22,23,26,27,28,29,30,31,32,33,34,35,36,38,39,40,44,45,46,51,52,53,54,57]]",15,False,False,False
order_development,g2-development-orders-02,DEVELOPMENT,f350a3d1a9aec7ebeb913f4267c321474810bcee5c23e082ba2195579fa542e4,cfg-b15b8281b73592fb,P-D-S,30,400,5,65,35,5,f05e91fc3a4ba52d8d1cb4ade137bac2412063a05e95659a1a3263c02ffa6278,VERIFIED,3189,True,"[0,1,2,3,4,5,6,7,8,9,10,11,12,13,14,15,22,23,24,25,26,27,28,29,30,31,32,33,34,35,36,37,38,39,40,41,42,43,44,45,46,47,48,49,50,51,52,53,54,55,56,57,58,59,60,61,62,63,64,65,66,67,68,69,70,71,72,73,74,75,76,89,90,91,92,93,94,95,96,97,98,99,100,108,109,110]",[],[],[],True,True,True,"[[0,1,2,3,4,5,6,7,8,9,10,11,12,13,14,15,16,17,18,19,20,21,22,23,24,25,26,27,28,29,30,31,32,33,34,35,36,37,38,39,40,41,42,43,44,45,46,47,48,49,50,51,52,53,54,55,56,57,58,59,60,61,62,63,64,65,66,67,68,69,70,71,72,73,74,75,76,77,78,79,80,81,82,83,84,85,86,87,88,89,90,91,92,93,94,95,96,97,98,99,100,101,102,103,104,105,106,107,108,109,110]]","[[0,1,7,9,12,16,17,19,20,21,39,40,42,54,57,58,59,60,67,68,69,71,74,77,78,79,81,82,83,84,85,87,88,94,96,99,101,102,104,105,106,107,110]]",15,False,False,False
order_development,g2-development-orders-02,DEVELOPMENT,f350a3d1a9aec7ebeb913f4267c321474810bcee5c23e082ba2195579fa542e4,cfg-b15b8281b73592fb,P-D-S,30,400,5,65,35,5,f05e91fc3a4ba52d8d1cb4ade137bac2412063a05e95659a1a3263c02ffa6278,VERIFIED,8246,True,"[0,1,2,3,4,5,6,7,8,9,10,11,12,13,14,15,16,17,18,19,20,21,35,36,37,38,39,40,41,42,43,44,45,53,54,55,56,57,58,59,60,61,62,63,64,65,66,67,68,69,70,71,72,73,74,75,76,77,78,79,80,81,82,83,84,85,86,87,90,91,92,93,94,95,96,97,98,99,100,101,102,103,104,105,106,107,108,109,110,111,112]",[],"[{""index"":33,""window_indices"":[32,33,34,35],""boundary_right_indices"":[35]},{""index"":34,""window_indices"":[33,34,35,36],""boundary_right_indices"":[35]},{""index"":35,""window_indices"":[34,35,36,37],""boundary_right_indices"":[35]},{""index"":44,""window_indices"":[40,44,45,46],""boundary_right_indices"":[46]},{""index"":45,""window_indices"":[44,45,46,47],""boundary_right_indices"":[46]},{""index"":46,""window_indices"":[45,46,47,48],""boundary_right_indices"":[46]},{""index"":60,""window_indices"":[59,60,61,62],""boundary_right_indices"":[62]},{""index"":61,""window_indices"":[60,61,62,63],""boundary_right_indices"":[62]},{""index"":62,""window_indices"":[61,62,63,64],""boundary_right_indices"":[62]},{""index"":70,""window_indices"":[69,70,71,72],""boundary_right_indices"":[72]},{""index"":71,""window_indices"":[70,71,72,79],""boundary_right_indices"":[72,77]},{""index"":72,""window_indices"":[71,72,79,80],""boundary_right_indices"":[72,77]},{""index"":79,""window_indices"":[72,79,80,81],""boundary_right_indices"":[77]},{""index"":82,""window_indices"":[81,82,87,88],""boundary_right_indices"":[88]},{""index"":87,""window_indices"":[82,87,88,90],""boundary_right_indices"":[88,90]},{""index"":88,""window_indices"":[87,88,90,91],""boundary_right_indices"":[88,90]},{""index"":90,""window_indices"":[88,90,91,96],""boundary_right_indices"":[90]}]","[76,77,89]",True,True,True,"[[0,1,2,3,4,5,6,7,8,9,10,11,12,13,14,15,16,17,18,19,20,21,22,23,24,25,26,27,28,29,30,31,32,33,34],[35,36,37,38,39,40,41,42,43,44,45],[46,47,48,49,50,51,52,53,54,55,56,57,58,59,60,61],[62,63,64,65,66,67,68,69,70,71],[72,73,74,75,76],[77,78,79,80,81,82,83,84,85,86,87],[90,91,92,93,94,95,96,97,98,99,100,101,102,103,104,105,106,107,108,109,110,111,112]]","[[0,3,5,8,11,13,20,22,23,24,25,26,28,29,30,31,32,33,34,35,36,37,40,44,45,46,47,48,50,51,52,58,59,60,61,62,63,64,65,69,70,71,72,79,80,81,82,87,88,90,91,96,97,100,102,105,112]]",33,False,False,False
order_development,g2-development-orders-02,DEVELOPMENT,f350a3d1a9aec7ebeb913f4267c321474810bcee5c23e082ba2195579fa542e4,cfg-b15b8281b73592fb,P-D-S,30,400,5,65,35,5,f05e91fc3a4ba52d8d1cb4ade137bac2412063a05e95659a1a3263c02ffa6278,VERIFIED,11017,True,"[1,2,3,4,5,6,21,22,23,24,25,26,27,28,29,30,31,32,33,34,35,36,37,38,39,40,41,42,43,44,45,46,47,48,49,50,51,52,53,54,55,56,57,58,59,60,61,62,63,64,65,66,67,68,69,70,71,72,73,74,75,76,77,78,79,80,81,82,83,84,91,92,93,94,95]",[],"[{""index"":1,""window_indices"":[0,1,5,7],""boundary_right_indices"":[1,7]},{""index"":5,""window_indices"":[1,5,7,8],""boundary_right_indices"":[7]},{""index"":7,""window_indices"":[5,7,8,10],""boundary_right_indices"":[7]},{""index"":17,""window_indices"":[16,17,18,19],""boundary_right_indices"":[19]},{""index"":18,""window_indices"":[17,18,19,20],""boundary_right_indices"":[19,20]},{""index"":19,""window_indices"":[18,19,20,24],""boundary_right_indices"":[19,20,21]},{""index"":20,""window_indices"":[19,20,24,25],""boundary_right_indices"":[20,21]},{""index"":24,""window_indices"":[20,24,25,26],""boundary_right_indices"":[21]},{""index"":29,""window_indices"":[26,29,30,39],""boundary_right_indices"":[35]},{""index"":30,""window_indices"":[29,30,39,40],""boundary_right_indices"":[35]},{""index"":39,""window_indices"":[30,39,40,41],""boundary_right_indices"":[35]},{""index"":41,""window_indices"":[40,41,42,47],""boundary_right_indices"":[46]},{""index"":42,""window_indices"":[41,42,47,50],""boundary_right_indices"":[46]},{""index"":47,""window_indices"":[42,47,50,51],""boundary_right_indices"":[46]},{""index"":53,""window_indices"":[52,53,55,56],""boundary_right_indices"":[56]},{""index"":55,""window_indices"":[53,55,56,57],""boundary_right_indices"":[56]},{""index"":56,""window_indices"":[55,56,57,65],""boundary_right_indices"":[56,61]},{""index"":57,""window_indices"":[56,57,65,66],""boundary_right_indices"":[61]},{""index"":65,""window_indices"":[57,65,66,69],""boundary_right_indices"":[61]},{""index"":70,""window_indices"":[69,70,73,76],""boundary_right_indices"":[75]},{""index"":73,""window_indices"":[70,73,76,82],""boundary_right_indices"":[75,80]},{""index"":76,""window_indices"":[73,76,82,85],""boundary_right_indices"":[75,80,85]},{""index"":82,""window_indices"":[76,82,85,86],""boundary_right_indices"":[80,85]},{""index"":85,""window_indices"":[82,85,86,87],""boundary_right_indices"":[85,87]},{""index"":86,""window_indices"":[85,86,87,88],""boundary_right_indices"":[87]},{""index"":87,""window_indices"":[86,87,88,89],""boundary_right_indices"":[87,89]},{""index"":88,""window_indices"":[87,88,89,90],""boundary_right_indices"":[89]},{""index"":89,""window_indices"":[88,89,90,91],""boundary_right_indices"":[89,91]},{""index"":90,""window_indices"":[89,90,91,93],""boundary_right_indices"":[91]},{""index"":91,""window_indices"":[90,91,93,95],""boundary_right_indices"":[91]},{""index"":93,""window_indices"":[91,93,95,96],""boundary_right_indices"":[96]},{""index"":95,""window_indices"":[93,95,96,97],""boundary_right_indices"":[96]},{""index"":96,""window_indices"":[95,96,97,98],""boundary_right_indices"":[96]}]","[6,21,34,35,45,46,60,61,74,75,79,80,84]",True,True,True,"[[1,2,3,4,5,6],[7,8,9,10,11,12,13,14,15,16,17,18],[21,22,23,24,25,26,27,28,29,30,31,32,33,34],[35,36,37,38,39,40,41,42,43,44,45],[46,47,48,49,50,51,52,53,54,55],[56,57,58,59,60],[61,62,63,64,65,66,67,68,69,70,71,72,73,74],[75,76,77,78,79],[80,81,82,83,84],[91,92,93,94,95]]","[[0,1,5,7,8,10,11,12,13,14,16,17,18,19,20,24,25,26,29,30,39,40,41,42,47,50,51,52,53,55,56,57,65,66,69,70,73,76,82,85,86,87,88,89,90,91,93,95,96,97,98]]",39,False,False,False
order_development,g2-development-orders-02,DEVELOPMENT,f350a3d1a9aec7ebeb913f4267c321474810bcee5c23e082ba2195579fa542e4,cfg-b15b8281b73592fb,P-D-S,30,400,5,65,35,5,f05e91fc3a4ba52d8d1cb4ade137bac2412063a05e95659a1a3263c02ffa6278,VERIFIED,3680,True,"[1,2,3,4,5,6,7,8,9,10,11,12,13,14,15,16,17,18,19,20,21,22,23,24,25,26,27,42,43,44,45,49,50,51,52]","[{""segment_id"":""record:3680/S5"",""from_index"":41,""to_index"":48,""crossed_boundary_right_indices"":[46,47,48]}]","[{""index"":1,""window_indices"":[0,1,2,3],""boundary_right_indices"":[1]},{""index"":17,""window_indices"":[14,17,18,23],""boundary_right_indices"":[19]},{""index"":18,""window_indices"":[17,18,23,24],""boundary_right_indices"":[19]},{""index"":23,""window_indices"":[18,23,24,27],""boundary_right_indices"":[19]},{""index"":41,""window_indices"":[36,41,45,46],""boundary_right_indices"":[46]},{""index"":45,""window_indices"":[41,45,46,47],""boundary_right_indices"":[46,47]},{""index"":46,""window_indices"":[45,46,47,48],""boundary_right_indices"":[46,47,48]},{""index"":47,""window_indices"":[46,47,48,53],""boundary_right_indices"":[47,48,49]},{""index"":48,""window_indices"":[47,48,53,56],""boundary_right_indices"":[48,49]},{""index"":53,""window_indices"":[48,53,56,57],""boundary_right_indices"":[49]}]","[19,49]",True,True,True,"[[1,2,3,4,5,6,7,8,9,10,11,12,13,14,15,16,17,18],[19,20,21,22,23,24,25,26,27,28,29,30,31,32,33,34,35,36,37,38,39,40,41,42,43,44,45],[49,50,51,52,53,54,55,56,57,58,59,60,61,62,63,64,65]]","[[0,1,2,3,6,9,14,17,18,23,24,27,28,29,30,31,33,35,36,41,45,46,47,48,53,56,57,58,60,65]]",6,False,False,False
order_development,g2-development-orders-02,DEVELOPMENT,f350a3d1a9aec7ebeb913f4267c321474810bcee5c23e082ba2195579fa542e4,cfg-b15b8281b73592fb,P-D-S,30,400,5,65,35,5,f05e91fc3a4ba52d8d1cb4ade137bac2412063a05e95659a1a3263c02ffa6278,VERIFIED,6412,True,"[0,1,2,3,4,5,6,7,8,9,17,18,19,37,38,39,40,41,42,43,44,45,46,47,48,49,50,51,52,59,60,61,62,63,64,65,66,67,68,69,70,71,72,73,74,75,76,77,84,85,86,87,88,89,90,91]",[],"[{""index"":7,""window_indices"":[4,7,8,10],""boundary_right_indices"":[10]},{""index"":8,""window_indices"":[7,8,10,11],""boundary_right_indices"":[10,11]},{""index"":10,""window_indices"":[8,10,11,12],""boundary_right_indices"":[10,11]},{""index"":11,""window_indices"":[10,11,12,13],""boundary_right_indices"":[11]},{""index"":25,""window_indices"":[24,25,26,27],""boundary_right_indices"":[27]},{""index"":26,""window_indices"":[25,26,27,29],""boundary_right_indices"":[27]},{""index"":27,""window_indices"":[26,27,29,31],""boundary_right_indices"":[27]}]",[9],True,True,True,"[[0,1,2,3,4,5,6,7,8,9],[11,12,13,14,15,16,17,18,19,20,21,22,23,24,25,26],[27,28,29,30,31,32,33,34,35,36,37,38,39,40,41,42,43,44,45,46,47,48,49,50,51,52,53,54,55,56,57,58,59,60,61,62,63,64,65,66,67,68,69,70,71,72,73,74,75,76,77,78,79,80,81,82,83,84,85,86,87,88,89,90,91,92,93,94,95,96,97]]","[[0,4,7,8,10,11,12,13,14,15,16,20,21,22,24,25,26,27,29,31,32,33,35,36,40,43,44,46,47,48,49,50,53,54,56,57,58,59,62,73,75,78,79,80,81,83,86,92,93,94,95,96,97]]",13,False,False,False
order_development,g2-development-orders-02,DEVELOPMENT,f350a3d1a9aec7ebeb913f4267c321474810bcee5c23e082ba2195579fa542e4,cfg-b15b8281b73592fb,P-D-S,30,400,5,65,35,5,f05e91fc3a4ba52d8d1cb4ade137bac2412063a05e95659a1a3263c02ffa6278,VERIFIED,2069,True,"[18,19,20,21,22,23,24,25,26,27,28,29,30,31,32,33,34,35,36,37,38,39,40,41,42,43,44,45,46,47,58,59,60,61,62,63,64,65,66,67,68,69,70,71,72,73,74,75,76,77,78,79,80,81,82,83,84,85,94,95,96,97,98,99,100,101,102,103,104,105,106,107,108]",[],[],[],True,True,True,"[[0,1,2,3,4,5,6,7,8,9,10,11,12,13,14,15,16,17,18,19,20,21,22,23,24,25,26,27,28,29,30,31,32,33,34,35,36,37,38,39,40,41,42,43,44,45,46,47,48,49,50,51,52,53,54,55,56,57,58,59,60,61,62,63,64,65,66,67,68,69,70,71,72,73,74,75,76,77,78,79,80,81,82,83,84,85,86,87,88,89,90,91,92,93,94,95,96,97,98,99,100,101,102,103,104,105,106,107,108]]","[[0,1,2,3,4,7,9,11,12,13,14,15,17,24,33,34,40,41,48,49,50,51,54,55,57,61,71,72,73,76,77,78,79,86,87,89,90,91,93,97,98,99,106,107,108]]",19,False,False,False
order_development,g2-development-orders-02,DEVELOPMENT,f350a3d1a9aec7ebeb913f4267c321474810bcee5c23e082ba2195579fa542e4,cfg-b15b8281b73592fb,P-D-S,30,400,5,65,35,5,f05e91fc3a4ba52d8d1cb4ade137bac2412063a05e95659a1a3263c02ffa6278,VERIFIED,6596,True,"[0,1,2,3,4,5,6,7,8,9,10,11,12,13,14,15,16,17,18,19,20,21,22,23,24,25,26,27,28,29,30,31,32,33,34,35,36,37,38,39,40,41,42,43,44,45,46,47,48,49,50,51,52,53,54,55,56,57,58,59,60,61,62,63,64,65,66,67,68,69,70,71,72,73,74,75,76,77,78,79,80,81,82,83,84,85,86,87,88,89,90,91,92,93,94,95,96,97,98,99,100,101,102,103,104]",[],"[{""index"":9,""window_indices"":[6,9,10,35],""boundary_right_indices"":[20]},{""index"":10,""window_indices"":[9,10,35,40],""boundary_right_indices"":[20]},{""index"":35,""window_indices"":[10,35,40,45],""boundary_right_indices"":[20]}]","[19,20]",True,True,True,"[[0,1,2,3,4,5,6,7,8,9,10,11,12,13,14,15,16,17,18,19],[20,21,22,23,24,25,26,27,28,29,30,31,32,33,34,35,36,37,38,39,40,41,42,43,44,45,46,47,48,49,50,51,52,53,54,55,56,57,58,59,60,61,62,63,64,65,66,67,68,69,70,71,72,73,74,75,76,77,78,79,80,81,82,83,84,85,86,87,88,89,90,91,92,93,94,95,96,97,98,99,100,101,102,103,104]]","[[0,1,2,6,9,10,35,40,45,55,63,71,77,79,89,90,93,94,95,97,98,101,104]]",21,False,True,False
order_development,g2-development-orders-02,DEVELOPMENT,f350a3d1a9aec7ebeb913f4267c321474810bcee5c23e082ba2195579fa542e4,cfg-b15b8281b73592fb,P-D-S,30,400,5,65,35,5,f05e91fc3a4ba52d8d1cb4ade137bac2412063a05e95659a1a3263c02ffa6278,VERIFIED,5027,True,"[0,1,2,3,4,5,6,7,8,9,10,11,12,13,14,15,16,27,28,29,30,31,32,33,34,35,36,37,38,39,40,41,42,43,44,45,46,47,48,49,50,51,52,53,54,55,56,57,58,59,60,61,62,63,64,65,66,67,68,69,83,84,85,86]",[],"[{""index"":26,""window_indices"":[25,26,29,31],""boundary_right_indices"":[30]},{""index"":29,""window_indices"":[26,29,31,35],""boundary_right_indices"":[30]},{""index"":31,""window_indices"":[29,31,35,36],""boundary_right_indices"":[30]},{""index"":99,""window_indices"":[97,99,100,101],""boundary_right_indices"":[101]},{""index"":100,""window_indices"":[99,100,101,102],""boundary_right_indices"":[101]},{""index"":101,""window_indices"":[100,101,102,103],""boundary_right_indices"":[101]}]",[30],True,True,True,"[[0,1,2,3,4,5,6,7,8,9,10,11,12,13,14,15,16,17,18,19,20,21,22,23,24,25,26,27,28,29],[30,31,32,33,34,35,36,37,38,39,40,41,42,43,44,45,46,47,48,49,50,51,52,53,54,55,56,57,58,59,60,61,62,63,64,65,66,67,68,69,70,71,72,73,74,75,76,77,78,79,80,81,82,83,84,85,86,87,88,89,90,91,92,93,94,95,96,97,98,99,100]]","[[0,2,6,7,8,9,10,12,17,19,21,22,24,25,26,29,31,35,36,40,41,44,47,53,57,64,70,73,74,75,76,77,78,80,81,82,87,89,91,92,94,97,99,100,101,102,103]]",21,False,False,False
order_development,g2-development-orders-02,DEVELOPMENT,f350a3d1a9aec7ebeb913f4267c321474810bcee5c23e082ba2195579fa542e4,cfg-b15b8281b73592fb,P-D-S,30,400,5,65,35,5,f05e91fc3a4ba52d8d1cb4ade137bac2412063a05e95659a1a3263c02ffa6278,VERIFIED,10155,True,"[0,1,2,3,4,5,6,7,8,9,10,11,12,13,14,15,16,17,18,19,20,21,22,23,24,25,26,27,28,29,30,31,32,33,34,35,36,37,38,39,40,41,42,43,44,45,46,47,48,49,50,51,52,53,54,55,56,57,58,59,60,61,62,63,64,65,66,67,68,69,70,71,72,73,74,75,76,77,78,79,80,81,82,83,90,91,92,93,94,95,96,97,98,99,100,101,102,103,104]",[],"[{""index"":89,""window_indices"":[88,89,91,96],""boundary_right_indices"":[96]},{""index"":91,""window_indices"":[89,91,96,97],""boundary_right_indices"":[96]},{""index"":96,""window_indices"":[91,96,97,99],""boundary_right_indices"":[96]}]",[95],True,True,True,"[[0,1,2,3,4,5,6,7,8,9,10,11,12,13,14,15,16,17,18,19,20,21,22,23,24,25,26,27,28,29,30,31,32,33,34,35,36,37,38,39,40,41,42,43,44,45,46,47,48,49,50,51,52,53,54,55,56,57,58,59,60,61,62,63,64,65,66,67,68,69,70,71,72,73,74,75,76,77,78,79,80,81,82,83,84,85,86,87,88,89,90,91,92,93,94,95],[96,97,98,99,100,101,102,103,104]]","[[0,8,9,16,17,18,46,48,58,59,60,72,74,75,84,85,86,87,88,89,91,96,97,99,104]]",19,False,False,False
order_development,g2-development-orders-02,DEVELOPMENT,f350a3d1a9aec7ebeb913f4267c321474810bcee5c23e082ba2195579fa542e4,cfg-b15b8281b73592fb,P-D-S,30,400,5,65,35,5,f05e91fc3a4ba52d8d1cb4ade137bac2412063a05e95659a1a3263c02ffa6278,VERIFIED,2759,True,"[0,1,2,3,4,5,6,7,8,9,10,11,12,13,14,15,16,17,18,19,20,21,22,23,24,25,26,27,28,29,30,31,32,33,34,35,36,37,38,39,40,41,42,43,44,45,46,47,48,49,50,51,52,53,54,55,56,57,58,59,60,61,62,63,64,65,66,67,68,69,70,71,72,73,74,75,76,77,78,79,80,81,82,90,91,92,93,94,95,96,97,98,99,100,101,102,103,104,105,106,107,108,109,110,111,112,113,114]",[],"[{""index"":5,""window_indices"":[0,5,7,12],""boundary_right_indices"":[7]},{""index"":7,""window_indices"":[5,7,12,13],""boundary_right_indices"":[7]}]",[6],True,True,True,"[[0,1,2,3,4,5,6],[7,8,9,10,11,12,13,14,15,16,17,18,19,20,21,22,23,24,25,26,27,28,29,30,31,32,33,34,35,36,37,38,39,40,41,42,43,44,45,46,47,48,49,50,51,52,53,54,55,56,57,58,59,60,61,62,63,64,65,66,67,68,69,70,71,72,73,74,75,76,77,78,79,80,81,82,83,84,85,86,87,88,89,90,91,92,93,94,95,96,97,98,99,100,101,102,103,104,105,106,107,108,109,110,111,112,113,114]]","[[0,5,7,12,13,14,19,20,21,33,36,48,51,52,53,57,70,71,79,80,81,83,85,87,88,89,103,114]]",23,False,False,False
order_development,g2-development-orders-02,DEVELOPMENT,f350a3d1a9aec7ebeb913f4267c321474810bcee5c23e082ba2195579fa542e4,cfg-b15b8281b73592fb,P-D-S,30,400,5,65,35,5,f05e91fc3a4ba52d8d1cb4ade137bac2412063a05e95659a1a3263c02ffa6278,VERIFIED,5366,True,"[0,1,2,3,4,5,6,7,8,9,10,11,12,13,14,15,16,17,18,19,20,21,22,23,24,25,26,27,28,29,30,31,32,33,34,35,36,44,45,46,47,48,49,50,51,52,53,54,55,56,57,58,59,60,61,62,63,64,65,66,67,68,69,70,71,72,73,74,75,76,77,86,87,88,89,90,91,92,93,94,95,96,97,98,111,112,113,114,115,116,117,118,119,120,121]",[],[],[],True,True,True,"[[0,1,2,3,4,5,6,7,8,9,10,11,12,13,14,15,16,17,18,19,20,21,22,23,24,25,26,27,28,29,30,31,32,33,34,35,36,37,38,39,40,41,42,43,44,45,46,47,48,49,50,51,52,53,54,55,56,57,58,59,60,61,62,63,64,65,66,67,68,69,70,71,72,73,74,75,76,77,78,79,80,81,82,83,84,85,86,87,88,89,90,91,92,93,94,95,96,97,98,99,100,101,102,103,104,105,106,107,108,109,110,111,112,113,114,115,116,117,118,119,120,121,122,123,124,125,126,127,128,129]]","[[0,1,5,15,17,20,24,27,37,38,39,41,43,49,55,56,60,64,68,69,70,73,74,75,76,77,78,79,82,83,84,85,90,91,92,95,99,101,102,103,104,106,108,109,110,115,118,122,123,125,126,127,129]]",24,False,False,False
order_development,g2-development-orders-02,DEVELOPMENT,f350a3d1a9aec7ebeb913f4267c321474810bcee5c23e082ba2195579fa542e4,cfg-b15b8281b73592fb,P-D-S,30,400,5,65,35,5,f05e91fc3a4ba52d8d1cb4ade137bac2412063a05e95659a1a3263c02ffa6278,VERIFIED,2668,True,"[0,1,2,3,4,5,6,7,8,9,10,11,12,13,14,15,16,17,18,19,20,21,22,23,24,25,26,27,28,29,30,31,32,33,34,35,36,37,38,39,40,41,42,43,44,45,46,47,48,49,50,51,52,53,54,55,56,57,58,59,60,61,62,63,64,65,66,67,68,69,70,71,72,73,74,75,76,77,78,79,80,81,82,83,84,85,86,87,88,89,90,91,92,93,94,95,96,97,98,99,100,101,102,103]",[],"[{""index"":44,""window_indices"":[34,44,45,52],""boundary_right_indices"":[50]},{""index"":45,""window_indices"":[44,45,52,54],""boundary_right_indices"":[50]},{""index"":52,""window_indices"":[45,52,54,56],""boundary_right_indices"":[50,55]},{""index"":54,""window_indices"":[52,54,56,58],""boundary_right_indices"":[55]},{""index"":56,""window_indices"":[54,56,58,59],""boundary_right_indices"":[55]},{""index"":58,""window_indices"":[56,58,59,62],""boundary_right_indices"":[60]},{""index"":59,""window_indices"":[58,59,62,64],""boundary_right_indices"":[60]},{""index"":62,""window_indices"":[59,62,64,65],""boundary_right_indices"":[60,65]},{""index"":64,""window_indices"":[62,64,65,66],""boundary_right_indices"":[65]},{""index"":65,""window_indices"":[64,65,66,69],""boundary_right_indices"":[65]},{""index"":66,""window_indices"":[65,66,69,70],""boundary_right_indices"":[70]},{""index"":69,""window_indices"":[66,69,70,76],""boundary_right_indices"":[70,75]},{""index"":70,""window_indices"":[69,70,76,77],""boundary_right_indices"":[70,75]},{""index"":76,""window_indices"":[70,76,77,80],""boundary_right_indices"":[75,80]},{""index"":77,""window_indices"":[76,77,80,85],""boundary_right_indices"":[80]},{""index"":80,""window_indices"":[77,80,85,88],""boundary_right_indices"":[80]}]","[49,50,55,60,74,75,79]",True,True,True,"[[0,1,2,3,4,5,6,7,8,9,10,11,12,13,14,15,16,17,18,19,20,21,22,23,24,25,26,27,28,29,30,31,32,33,34,35,36,37,38,39,40,41,42,43,44,45,46,47,48,49],[50,51,52,53,54],[55,56,57,58,59],[60,61,62,63,64],[65,66,67,68,69],[70,71,72,73,74],[75,76,77,78,79],[80,81,82,83,84,85,86,87,88,89,90,91,92,93,94,95,96,97,98,99,100,101,102,103]]","[[0,29,31,32,34,44,45,52,54,56,58,59,62,64,65,66,69,70,76,77,80,85,88,90,91,94,96,100,102,103]]",28,False,True,False
order_development,g2-development-orders-02,DEVELOPMENT,f350a3d1a9aec7ebeb913f4267c321474810bcee5c23e082ba2195579fa542e4,cfg-b15b8281b73592fb,P-D-S,30,400,5,65,35,5,f05e91fc3a4ba52d8d1cb4ade137bac2412063a05e95659a1a3263c02ffa6278,VERIFIED,5256,True,"[8,9,20,21,22,23,24,25,26,27,28,29,30,31,32,33,34,35,36,37,38,39,40,41,42,43,44,45,46,47,48,49,50,51,52,53,54,55,56,57,58,59,60,61,62,63,64,65,66,67,68,69,70,71,84,85,86,87,88,89,90,91,92,93,94,95,96,97,98,99,100,101,102,103,104,105,106,107,108,109,110,111,112,113]",[],"[{""index"":57,""window_indices"":[43,57,58,59],""boundary_right_indices"":[59]},{""index"":58,""window_indices"":[57,58,59,72],""boundary_right_indices"":[59]},{""index"":59,""window_indices"":[58,59,72,75],""boundary_right_indices"":[59]}]",[],True,True,True,"[[0,1,2,3,4,5,6,7,8,9,10,11,12,13,14,15,16,17,18,19,20,21,22,23,24,25,26,27,28,29,30,31,32,33,34,35,36,37,38,39,40,41,42,43,44,45,46,47,48,49,50,51,52,53,54,55,56,57,58],[59,60,61,62,63,64,65,66,67,68,69,70,71,72,73,74,75,76,77,78,79,80,81,82,83,84,85,86,87,88,89,90,91,92,93,94,95,96,97,98,99,100,101,102,103,104,105,106,107,108,109,110,111,112,113]]","[[0,2,4,6,7,10,12,13,14,15,16,19,24,26,37,41,42,43,57,58,59,72,75,78,79,80,82,83,92,97,98,99,104,107,108,112,113]]",15,False,False,False
order_development,g2-development-orders-02,DEVELOPMENT,f350a3d1a9aec7ebeb913f4267c321474810bcee5c23e082ba2195579fa542e4,cfg-b15b8281b73592fb,P-D-S,30,400,5,65,35,5,f05e91fc3a4ba52d8d1cb4ade137bac2412063a05e95659a1a3263c02ffa6278,VERIFIED,3186,True,"[0,1,2,3,4,5,6,7,8,9,10,11,12,13,14,15,16,17,18,19,20,21,22,23,24,35,45,46,47,48,49,50,51,52,53,54,55,56,57,58,59,60,61,62,63,64,65,66,67,68,100,101,102,103,104,105,106,107,108,109,110,111,112,113,114,115,116,117,118,119,120,121,122,123,124]",[],"[{""index"":16,""window_indices"":[14,16,20,21],""boundary_right_indices"":[21]},{""index"":20,""window_indices"":[16,20,21,25],""boundary_right_indices"":[21]},{""index"":21,""window_indices"":[20,21,25,26],""boundary_right_indices"":[21]}]",[],True,True,True,"[[0,1,2,3,4,5,6,7,8,9,10,11,12,13,14,15,16,17,18,19,20],[21,22,23,24,25,26,27,28,29,30,31,32,33,34,35,36,37,38,39,40,41,42,43,44,45,46,47,48,49,50,51,52,53,54,55,56,57,58,59,60,61,62,63,64,65,66,67,68,69,70,71,72,73,74,75,76,77,78,79,80,81,82,83,84,85,86,87,88,89,90,91,92,93,94,95,96,97,98,99,100,101,102,103,104,105,106,107,108,109,110,111,112,113,114,115,116,117,118,119,120,121,122,123,124]]","[[0,1,2,6,10,11,14,16,20,21,25,26,28,29,30,31,33,34,36,37,39,40,41,43,44,48,52,53,59,64,69,72,76,79,80,83,85,88,91,93,94,95,97,99,106,111,124]]",17,False,False,False
order_development,g2-development-orders-02,DEVELOPMENT,f350a3d1a9aec7ebeb913f4267c321474810bcee5c23e082ba2195579fa542e4,cfg-b15b8281b73592fb,P-D-S,30,400,5,65,35,5,f05e91fc3a4ba52d8d1cb4ade137bac2412063a05e95659a1a3263c02ffa6278,VERIFIED,4915,True,"[0,1,2,3,4,5,6,7,8,9,10,11,12,13,14,15,16,17,18,19,20,21,22,23,24,25,26,27,28,29,30,31,32,33,34,35,44,45,46,47,48,49,50,51,52,53,54,55,56,57,58,59,60,61,62,63,64,65,66,67,68,69,70,71,72,73,74,75,76,77,78,79,80,81,82,83,84,85,86,87,88,89,90,91,92,93,102,103,104]",[],"[{""index"":41,""window_indices"":[40,41,42,43],""boundary_right_indices"":[43]},{""index"":42,""window_indices"":[41,42,43,45],""boundary_right_indices"":[43,44]},{""index"":43,""window_indices"":[42,43,45,49],""boundary_right_indices"":[43,44]},{""index"":45,""window_indices"":[43,45,49,51],""boundary_right_indices"":[44]}]",[44],True,True,True,"[[0,1,2,3,4,5,6,7,8,9,10,11,12,13,14,15,16,17,18,19,20,21,22,23,24,25,26,27,28,29,30,31,32,33,34,35,36,37,38,39,40,41,42],[44,45,46,47,48,49,50,51,52,53,54,55,56,57,58,59,60,61,62,63,64,65,66,67,68,69,70,71,72,73,74,75,76,77,78,79,80,81,82,83,84,85,86,87,88,89,90,91,92,93,94,95,96,97,98,99,100,101,102,103,104]]","[[0,2,7,8,16,18,19,21,25,28,29,30,36,37,38,39,40,41,42,43,45,49,51,53,54,55,56,57,59,60,61,64,68,72,74,77,79,80,82,83,85,86,87,89,90,94,95,97,98,100,101,104]]",32,False,False,False
order_development,g2-development-orders-02,DEVELOPMENT,f350a3d1a9aec7ebeb913f4267c321474810bcee5c23e082ba2195579fa542e4,cfg-b15b8281b73592fb,P-D-S,30,400,5,65,35,5,f05e91fc3a4ba52d8d1cb4ade137bac2412063a05e95659a1a3263c02ffa6278,VERIFIED,5707,True,"[0,1,2,3,4,5,6,7,8,9,10,11,12,13,14,15,16,17,18,19,20,21,22,23,24,25,26,27,28,29,30,31,32,33,34,35,36,37,38,39,40,41,42,43,44,45,46,53,54,55,56,57,58,59,60,61,62,63,64,65,66,67,68,69,70,71,72,73,74,75,76,77,78,79,80,81,82,83,84,85,86,87,88,89,90,91,92,93,94,95,96,97,98,99,100,101]",[],"[{""index"":22,""window_indices"":[21,22,45,50],""boundary_right_indices"":[47]},{""index"":45,""window_indices"":[22,45,50,51],""boundary_right_indices"":[47,51]},{""index"":50,""window_indices"":[45,50,51,52],""boundary_right_indices"":[47,51,52]},{""index"":51,""window_indices"":[50,51,52,53],""boundary_right_indices"":[51,52,53]},{""index"":52,""window_indices"":[51,52,53,54],""boundary_right_indices"":[52,53]},{""index"":53,""window_indices"":[52,53,54,61],""boundary_right_indices"":[53]}]","[46,47]",True,True,True,"[[0,1,2,3,4,5,6,7,8,9,10,11,12,13,14,15,16,17,18,19,20,21,22,23,24,25,26,27,28,29,30,31,32,33,34,35,36,37,38,39,40,41,42,43,44,45,46],[53,54,55,56,57,58,59,60,61,62,63,64,65,66,67,68,69,70,71,72,73,74,75,76,77,78,79,80,81,82,83,84,85,86,87,88,89,90,91,92,93,94,95,96,97,98,99,100,101]]","[[0,11,12,14,15,20,21,22,45,50,51,52,53,54,61,62,63,66,71,72,74,76,81,84,101]]",23,False,True,False
order_development,g2-development-orders-02,DEVELOPMENT,f350a3d1a9aec7ebeb913f4267c321474810bcee5c23e082ba2195579fa542e4,cfg-b15b8281b73592fb,P-D-S,30,400,5,65,35,5,f05e91fc3a4ba52d8d1cb4ade137bac2412063a05e95659a1a3263c02ffa6278,VERIFIED,1718,True,"[0,1,2,3,4,5,6,7,8,9,10,11,12,13,14,15,16,17,18,19,20,21,22,23,24,25,26,27,28,29,30,31,32,33,34,35,36,37,38,39,40,41,42,43,44,45,46,47,48,49,50,51,52,53,54,55,56,57,58,59,60,61,62,63,64,65,66,67,68,69,70,71,72,73,74,75,76,77,78,79,80,81,82,83,84,85,86,87,88,89,90,91,92,93,94,95,96,97,98,99,100,101,102]",[],[],[],True,True,True,"[[0,1,2,3,4,5,6,7,8,9,10,11,12,13,14,15,16,17,18,19,20,21,22,23,24,25,26,27,28,29,30,31,32,33,34,35,36,37,38,39,40,41,42,43,44,45,46,47,48,49,50,51,52,53,54,55,56,57,58,59,60,61,62,63,64,65,66,67,68,69,70,71,72,73,74,75,76,77,78,79,80,81,82,83,84,85,86,87,88,89,90,91,92,93,94,95,96,97,98,99,100,101,102]]","[[0,1,2,11,12,13,15,18,20,23,29,30,31,34,38,40,49,62,63,76,77,78,83,89,96,102]]",19,False,True,False
order_development,g2-development-orders-02,DEVELOPMENT,f350a3d1a9aec7ebeb913f4267c321474810bcee5c23e082ba2195579fa542e4,cfg-b15b8281b73592fb,P-D-S,30,400,5,65,35,5,f05e91fc3a4ba52d8d1cb4ade137bac2412063a05e95659a1a3263c02ffa6278,VERIFIED,9002,True,"[0,1,2,3,4,5,6,7,8,9,10,11,12,13,14,15,16,17,18,19,20,21,22,23,24,25,26,27,28,29,30,31,32,33,34,35,36,37,38,39,40,54,55,56,57,58,59,60,61,62,63,64,65,66,67,68,69,70,71,72,73,74,75,76,77,78,79,80,81,82,83,84,85,86,87,88,89,90,91,92,93,94,95,96,97,98,99,100,101,102,103,104,105,106,107,108,109,110,111,112,113,114,115]",[],"[{""index"":3,""window_indices"":[1,3,17,18],""boundary_right_indices"":[18]},{""index"":17,""window_indices"":[3,17,18,20],""boundary_right_indices"":[18]},{""index"":18,""window_indices"":[17,18,20,22],""boundary_right_indices"":[18]}]",[],True,True,True,"[[0,1,2,3,4,5,6,7,8,9,10,11,12,13,14,15,16,17],[18,19,20,21,22,23,24,25,26,27,28,29,30,31,32,33,34,35,36,37,38,39,40,41,42,43,44,45,46,47,48,49,50,51,52,53,54,55,56,57,58,59,60,61,62,63,64,65,66,67,68,69,70,71,72,73,74,75,76,77,78,79,80,81,82,83,84,85,86,87,88,89,90,91,92,93,94,95,96,97,98,99,100,101,102,103,104,105,106,107,108,109,110,111,112,113,114,115]]","[[0,1,3,17,18,20,22,23,27,28,29,31,32,41,43,45,46,47,48,50,51,52,53,60,61,69,72,73,75,76,80,81,83,84,89,94,103,105,106,107,112,115]]",28,False,False,False
order_development,g2-development-orders-02,DEVELOPMENT,f350a3d1a9aec7ebeb913f4267c321474810bcee5c23e082ba2195579fa542e4,cfg-b15b8281b73592fb,P-D-S,30,400,5,65,35,5,f05e91fc3a4ba52d8d1cb4ade137bac2412063a05e95659a1a3263c02ffa6278,VERIFIED,3262,False,[],[],[],[],True,True,True,[],"[[0,99]]",2,False,True,False
order_development,g2-development-orders-02,DEVELOPMENT,f350a3d1a9aec7ebeb913f4267c321474810bcee5c23e082ba2195579fa542e4,cfg-b15b8281b73592fb,P-D-S,30,400,5,65,35,5,f05e91fc3a4ba52d8d1cb4ade137bac2412063a05e95659a1a3263c02ffa6278,VERIFIED,4732,False,[],[],[],[],True,True,True,[],"[[0,98]]",2,False,True,False
order_development,g2-development-orders-02,DEVELOPMENT,f350a3d1a9aec7ebeb913f4267c321474810bcee5c23e082ba2195579fa542e4,cfg-b15b8281b73592fb,P-D-S,30,400,5,65,35,5,f05e91fc3a4ba52d8d1cb4ade137bac2412063a05e95659a1a3263c02ffa6278,VERIFIED,9729,False,[],[],[],[],True,True,True,[],"[[0,99]]",2,False,True,False
order_development,g2-development-orders-02,DEVELOPMENT,f350a3d1a9aec7ebeb913f4267c321474810bcee5c23e082ba2195579fa542e4,cfg-b15b8281b73592fb,P-D-S,30,400,5,65,35,5,f05e91fc3a4ba52d8d1cb4ade137bac2412063a05e95659a1a3263c02ffa6278,VERIFIED,5,False,[],[],[],[],True,True,True,[],"[[0,98]]",2,False,True,False
order_development,g2-development-orders-02,DEVELOPMENT,f350a3d1a9aec7ebeb913f4267c321474810bcee5c23e082ba2195579fa542e4,cfg-b15b8281b73592fb,P-D-S,30,400,5,65,35,5,f05e91fc3a4ba52d8d1cb4ade137bac2412063a05e95659a1a3263c02ffa6278,VERIFIED,5414,False,[],[],[],[],True,True,True,[],"[[0,97]]",2,False,True,False
order_development,g2-development-orders-02,DEVELOPMENT,f350a3d1a9aec7ebeb913f4267c321474810bcee5c23e082ba2195579fa542e4,cfg-b15b8281b73592fb,P-D-S,30,400,5,65,35,5,f05e91fc3a4ba52d8d1cb4ade137bac2412063a05e95659a1a3263c02ffa6278,VERIFIED,4751,False,[],[],[],[],True,True,True,[],"[[0,98]]",2,False,True,False
order_development,g2-development-orders-02,DEVELOPMENT,f350a3d1a9aec7ebeb913f4267c321474810bcee5c23e082ba2195579fa542e4,cfg-b15b8281b73592fb,P-D-S,30,400,5,65,35,5,f05e91fc3a4ba52d8d1cb4ade137bac2412063a05e95659a1a3263c02ffa6278,VERIFIED,11304,False,[],[],[],[],True,True,True,[],"[[0,96]]",2,False,True,False
order_development,g2-development-orders-02,DEVELOPMENT,f350a3d1a9aec7ebeb913f4267c321474810bcee5c23e082ba2195579fa542e4,cfg-b15b8281b73592fb,P-D-S,30,400,5,65,35,5,f05e91fc3a4ba52d8d1cb4ade137bac2412063a05e95659a1a3263c02ffa6278,VERIFIED,7330,False,[],[],[],[],True,True,True,[],"[[0,97]]",2,False,True,False
order_development,g2-development-orders-02,DEVELOPMENT,f350a3d1a9aec7ebeb913f4267c321474810bcee5c23e082ba2195579fa542e4,cfg-b15b8281b73592fb,P-D-S,30,400,5,65,35,5,f05e91fc3a4ba52d8d1cb4ade137bac2412063a05e95659a1a3263c02ffa6278,VERIFIED,5503,False,[],[],[],[],True,True,True,[],"[[0,98]]",2,False,True,False
order_development,g2-development-orders-02,DEVELOPMENT,f350a3d1a9aec7ebeb913f4267c321474810bcee5c23e082ba2195579fa542e4,cfg-b15b8281b73592fb,P-D-S,30,400,5,65,35,5,f05e91fc3a4ba52d8d1cb4ade137bac2412063a05e95659a1a3263c02ffa6278,VERIFIED,5293,False,[],[],[],[],True,True,True,[],"[[0,97]]",2,False,True,False
order_development,g2-development-orders-02,DEVELOPMENT,f350a3d1a9aec7ebeb913f4267c321474810bcee5c23e082ba2195579fa542e4,cfg-b15b8281b73592fb,P-D-S,30,400,5,65,35,5,f05e91fc3a4ba52d8d1cb4ade137bac2412063a05e95659a1a3263c02ffa6278,VERIFIED,8240,False,[],[],[],[],True,True,True,[],"[[0,97]]",2,False,True,False
order_development,g2-development-orders-02,DEVELOPMENT,f350a3d1a9aec7ebeb913f4267c321474810bcee5c23e082ba2195579fa542e4,cfg-b15b8281b73592fb,P-D-S,30,400,5,65,35,5,f05e91fc3a4ba52d8d1cb4ade137bac2412063a05e95659a1a3263c02ffa6278,VERIFIED,9441,False,[],[],[],[],True,True,True,[],"[[0,98]]",2,False,True,False
order_development,g2-development-orders-02,DEVELOPMENT,f350a3d1a9aec7ebeb913f4267c321474810bcee5c23e082ba2195579fa542e4,cfg-b15b8281b73592fb,P-D-S,30,400,5,65,35,5,f05e91fc3a4ba52d8d1cb4ade137bac2412063a05e95659a1a3263c02ffa6278,VERIFIED,217,False,[],[],[],"[91,92]",True,True,True,[],"[[0,100]]",2,False,True,False
order_development,g2-development-orders-02,DEVELOPMENT,f350a3d1a9aec7ebeb913f4267c321474810bcee5c23e082ba2195579fa542e4,cfg-b15b8281b73592fb,P-D-S,30,400,5,65,35,5,f05e91fc3a4ba52d8d1cb4ade137bac2412063a05e95659a1a3263c02ffa6278,VERIFIED,130,False,[],[],[],"[6,7]",True,True,True,[],"[[0,96]]",2,False,True,False
order_development,g2-development-orders-02,DEVELOPMENT,f350a3d1a9aec7ebeb913f4267c321474810bcee5c23e082ba2195579fa542e4,cfg-b15b8281b73592fb,P-D-S,30,400,5,65,35,5,f05e91fc3a4ba52d8d1cb4ade137bac2412063a05e95659a1a3263c02ffa6278,VERIFIED,799,False,[],[],[],"[15,16,17,18]",True,True,True,[],"[[0,85]]",2,False,True,False
order_development,g2-development-orders-02,DEVELOPMENT,f350a3d1a9aec7ebeb913f4267c321474810bcee5c23e082ba2195579fa542e4,cfg-b15b8281b73592fb,P-D-S,30,400,5,65,35,5,f05e91fc3a4ba52d8d1cb4ade137bac2412063a05e95659a1a3263c02ffa6278,VERIFIED,4318,False,[],[],[],"[92,93]",True,True,True,[],"[[0,99]]",2,False,True,False
order_development,g2-development-orders-02,DEVELOPMENT,f350a3d1a9aec7ebeb913f4267c321474810bcee5c23e082ba2195579fa542e4,cfg-b15b8281b73592fb,P-D-S,30,400,5,65,35,5,f05e91fc3a4ba52d8d1cb4ade137bac2412063a05e95659a1a3263c02ffa6278,VERIFIED,6867,False,[],[],[],[1],True,True,True,[],"[[0,98]]",2,False,True,False
order_development,g2-development-orders-02,DEVELOPMENT,f350a3d1a9aec7ebeb913f4267c321474810bcee5c23e082ba2195579fa542e4,cfg-b15b8281b73592fb,P-D-S,30,400,5,65,35,5,f05e91fc3a4ba52d8d1cb4ade137bac2412063a05e95659a1a3263c02ffa6278,VERIFIED,4492,False,[],[],[],[],True,True,True,[],"[[0,98]]",2,False,True,False
order_development,g2-development-orders-02,DEVELOPMENT,f350a3d1a9aec7ebeb913f4267c321474810bcee5c23e082ba2195579fa542e4,cfg-b15b8281b73592fb,P-D-S,30,400,5,65,35,5,f05e91fc3a4ba52d8d1cb4ade137bac2412063a05e95659a1a3263c02ffa6278,VERIFIED,4782,False,[],[],[],"[9,10,33,34,37,38]",True,True,True,[],"[[0,39]]",2,False,True,False
order_development,g2-development-orders-02,DEVELOPMENT,f350a3d1a9aec7ebeb913f4267c321474810bcee5c23e082ba2195579fa542e4,cfg-b15b8281b73592fb,P-D-S,30,400,5,65,35,5,f05e91fc3a4ba52d8d1cb4ade137bac2412063a05e95659a1a3263c02ffa6278,VERIFIED,4460,False,[],[],[],"[1,2]",True,True,True,[],"[[0,96]]",2,False,True,False
order_development,g2-development-orders-02,DEVELOPMENT,f350a3d1a9aec7ebeb913f4267c321474810bcee5c23e082ba2195579fa542e4,cfg-b15b8281b73592fb,P-D-S,30,400,5,65,35,5,f05e91fc3a4ba52d8d1cb4ade137bac2412063a05e95659a1a3263c02ffa6278,VERIFIED,7736,False,[],[],[],"[39,40]",True,True,True,[],"[[0,41]]",2,False,True,False
order_development,g2-development-orders-02,DEVELOPMENT,f350a3d1a9aec7ebeb913f4267c321474810bcee5c23e082ba2195579fa542e4,cfg-b15b8281b73592fb,P-D-S,30,400,5,65,35,5,f05e91fc3a4ba52d8d1cb4ade137bac2412063a05e95659a1a3263c02ffa6278,VERIFIED,9056,False,[],[],[],[],True,True,True,[],"[[0,98]]",2,False,True,False
order_development,g2-development-orders-02,DEVELOPMENT,f350a3d1a9aec7ebeb913f4267c321474810bcee5c23e082ba2195579fa542e4,cfg-b15b8281b73592fb,P-D-S,30,400,5,65,35,5,f05e91fc3a4ba52d8d1cb4ade137bac2412063a05e95659a1a3263c02ffa6278,VERIFIED,8877,False,[],[],[],[],True,True,True,[],"[[0,98]]",2,False,True,False
order_development,g2-development-orders-02,DEVELOPMENT,f350a3d1a9aec7ebeb913f4267c321474810bcee5c23e082ba2195579fa542e4,cfg-b15b8281b73592fb,P-D-S,30,400,5,65,35,5,f05e91fc3a4ba52d8d1cb4ade137bac2412063a05e95659a1a3263c02ffa6278,VERIFIED,611,False,[],[],[],[],True,True,True,[],"[[0,98]]",2,False,True,False
order_development,g2-development-orders-02,DEVELOPMENT,f350a3d1a9aec7ebeb913f4267c321474810bcee5c23e082ba2195579fa542e4,cfg-b15b8281b73592fb,P-D-S,30,400,5,65,35,5,f05e91fc3a4ba52d8d1cb4ade137bac2412063a05e95659a1a3263c02ffa6278,VERIFIED,6313,True,"[0,1,2,3,4,5,6,7,8,9,10,11,12,13,14,15,16,17,18,19,20,21,22,23,24,25,26,27,28,29,30,31,32,33,34,35,36,37,38,39,40,41,42,43,44,45,46,47,48,49,50,51,52,53,54,55,56,57,58,59,60,61,62,63,64,65,66,67,68,69,70,71,72,73,74,75,76,77,78,79,80,81,82,83,84,85,86,87,88,89,90,91,92,93,94,95,96,97,98,99,100]",[],[],[],True,True,True,"[[0,1,2,3,4,5,6,7,8,9,10,11,12,13,14,15,16,17,18,19,20,21,22,23,24,25,26,27,28,29,30,31,32,33,34,35,36,37,38,39,40,41,42,43,44,45,46,47,48,49,50,51,52,53,54,55,56,57,58,59,60,61,62,63,64,65,66,67,68,69,70,71,72,73,74,75,76,77,78,79,80,81,82,83,84,85,86,87,88,89,90,91,92,93,94,95,96,97,98,99,100]]","[[0,8,10,18,21,27,28,29,32,36,39,42,50,55,56,58,61,74,76,77,89,93,97,100]]",13,False,True,False
order_development,g2-development-orders-02,DEVELOPMENT,f350a3d1a9aec7ebeb913f4267c321474810bcee5c23e082ba2195579fa542e4,cfg-b15b8281b73592fb,P-D-S,30,400,5,65,35,5,f05e91fc3a4ba52d8d1cb4ade137bac2412063a05e95659a1a3263c02ffa6278,VERIFIED,10089,True,"[0,1,2,3,4,5,6,7,8,9,10,11,12,13,14,15,16,17,18,19,20,21,22,23,24,25,26,27,28,29,30,31,32,33,34,35,36,37,38,39,40,41,42,43,44,45,46,47,48,49,50,51,52,53,54,55,56,57,58,59,60,61,62,63,64,65,66,67,68,69,70,71,72,73,74,75,76,77,78,79,80,81,82,83,84,85,86,87,88,89,90,91,92,93,94,95,96,97,98]",[],[],[],True,True,True,"[[0,1,2,3,4,5,6,7,8,9,10,11,12,13,14,15,16,17,18,19,20,21,22,23,24,25,26,27,28,29,30,31,32,33,34,35,36,37,38,39,40,41,42,43,44,45,46,47,48,49,50,51,52,53,54,55,56,57,58,59,60,61,62,63,64,65,66,67,68,69,70,71,72,73,74,75,76,77,78,79,80,81,82,83,84,85,86,87,88,89,90,91,92,93,94,95,96,97,98]]","[[0,9,11,18,28,40,48,53,56,75,81,98]]",3,False,True,False
order_development,g2-development-orders-02,DEVELOPMENT,f350a3d1a9aec7ebeb913f4267c321474810bcee5c23e082ba2195579fa542e4,cfg-b15b8281b73592fb,P-D-S,30,400,5,65,35,5,f05e91fc3a4ba52d8d1cb4ade137bac2412063a05e95659a1a3263c02ffa6278,VERIFIED,10232,True,"[0,1,2,3,4,5,6,7,8,9,10,11,12,13,14,15,16,17,18,19,20,21,22,23,24,25,26,27,28,29,30,31,32,33,34,35,36,37,38,39,40,41,42,43,44,45,46,47,48,49,50,51,52,53,54,55,56,57,58,59,60,61,62,63,64,65,66,67,68,69,70,71,72,73,74,75,76,77,78,79,80,81,82,83,84,85,86,87,88,89,90,91,92,93,94,95,96,97]",[],[],[],True,True,True,"[[0,1,2,3,4,5,6,7,8,9,10,11,12,13,14,15,16,17,18,19,20,21,22,23,24,25,26,27,28,29,30,31,32,33,34,35,36,37,38,39,40,41,42,43,44,45,46,47,48,49,50,51,52,53,54,55,56,57,58,59,60,61,62,63,64,65,66,67,68,69,70,71,72,73,74,75,76,77,78,79,80,81,82,83,84,85,86,87,88,89,90,91,92,93,94,95,96,97]]","[[0,7,11,15,28,36,42,44,50,53,58,71,76,80,82,88,93,96,97]]",5,False,True,False
order_development,g2-development-orders-02,DEVELOPMENT,f350a3d1a9aec7ebeb913f4267c321474810bcee5c23e082ba2195579fa542e4,cfg-b15b8281b73592fb,P-D-S,30,400,5,65,35,5,f05e91fc3a4ba52d8d1cb4ade137bac2412063a05e95659a1a3263c02ffa6278,VERIFIED,11272,True,"[0,1,2,3,4,5,6,7,8,9,10,11,12,13,14,15,16,17,18,19,20,21,22,23,24,25,26,27,28,29,30,31,32,33,34,35,36,37,38,39,40,41,42,43,44,45,46,47,48,49,50,51,52,53,54,55,56,57,58,59,60,61,62,63,64,65,66,67,68,69,70,71,72,73,74,75,76,77,78,79,80,81,82,83,84,85,86,87,88,89,90,91,92,93,94,95,96,97]",[],[],[],True,True,True,"[[0,1,2,3,4,5,6,7,8,9,10,11,12,13,14,15,16,17,18,19,20,21,22,23,24,25,26,27,28,29,30,31,32,33,34,35,36,37,38,39,40,41,42,43,44,45,46,47,48,49,50,51,52,53,54,55,56,57,58,59,60,61,62,63,64,65,66,67,68,69,70,71,72,73,74,75,76,77,78,79,80,81,82,83,84,85,86,87,88,89,90,91,92,93,94,95,96,97]]","[[0,7,15,18,26,37,38,42,51,52,53,55,60,63,69,71,72,73,77,79,88,89,95,97]]",9,False,True,False
order_development,g2-development-orders-02,DEVELOPMENT,f350a3d1a9aec7ebeb913f4267c321474810bcee5c23e082ba2195579fa542e4,cfg-b15b8281b73592fb,P-D-S,30,400,5,65,35,5,f05e91fc3a4ba52d8d1cb4ade137bac2412063a05e95659a1a3263c02ffa6278,VERIFIED,5633,True,"[0,1,2,3,4,5,6,7,8,9,10,11,12,13,14,15,16,17,18,19,20,21,22,23,24,25,26,27,28,29,30,31,32,33,34,35,36,37,38,39,40,41,42,43,44,45,46,47,48,49,50,51,52,53,54,55,56,57,58,59,60,61,62,63,64,65,66,67,68,69,70,71,72,73,74,75,76,77,78,79,80,81,82,83,84,85,86,87,88,89,90,91,92,93,94,95,96,97,98,99,100,101,102,103,104]",[],[],[],True,True,True,"[[0,1,2,3,4,5,6,7,8,9,10,11,12,13,14,15,16,17,18,19,20,21,22,23,24,25,26,27,28,29,30,31,32,33,34,35,36,37,38,39,40,41,42,43,44,45,46,47,48,49,50,51,52,53,54,55,56,57,58,59,60,61,62,63,64,65,66,67,68,69,70,71,72,73,74,75,76,77,78,79,80,81,82,83,84,85,86,87,88,89,90,91,92,93,94,95,96,97,98,99,100,101,102,103,104,105,106,107,108,109,110,111,112,113,114]]","[[0,3,4,5,7,8,9,12,17,18,20,21,22,23,27,30,35,56,68,74,77,80,81,83,89,91,92,94,98,99,103,105,106,108,110,112,113,114]]",17,False,False,False
order_development,g2-development-orders-02,DEVELOPMENT,f350a3d1a9aec7ebeb913f4267c321474810bcee5c23e082ba2195579fa542e4,cfg-b15b8281b73592fb,P-D-S,30,400,5,65,35,5,f05e91fc3a4ba52d8d1cb4ade137bac2412063a05e95659a1a3263c02ffa6278,VERIFIED,8061,True,"[0,1,2,3,4,5,6,7,8,9,10,11,12,13,14,15,16,17,18,19,20,21,22,23,24,25,26,27,28,29,30,31,32,33,34,35,36,37,38,39,40,41,42,43,44,45,46,47,48,49,50,51,52,53,54,55,56,57,58,59,60,61,62,63,64,65,66,67,68,69,70,71,72,73,74,75,76,77,78,79,80,81,82,83,84,85,86,87,88,89,90,91,92,93,94,95,96,97,98]",[],[],[],True,True,True,"[[0,1,2,3,4,5,6,7,8,9,10,11,12,13,14,15,16,17,18,19,20,21,22,23,24,25,26,27,28,29,30,31,32,33,34,35,36,37,38,39,40,41,42,43,44,45,46,47,48,49,50,51,52,53,54,55,56,57,58,59,60,61,62,63,64,65,66,67,68,69,70,71,72,73,74,75,76,77,78,79,80,81,82,83,84,85,86,87,88,89,90,91,92,93,94,95,96,97,98]]","[[0,7,8,12,13,17,20,22,26,28,33,36,40,43,44,49,52,54,56,57,58,59,61,64,70,74,77,78,79,81,89,98]]",12,False,True,False
order_development,g2-development-orders-02,DEVELOPMENT,f350a3d1a9aec7ebeb913f4267c321474810bcee5c23e082ba2195579fa542e4,cfg-b15b8281b73592fb,P-D-S,30,400,5,65,35,5,f05e91fc3a4ba52d8d1cb4ade137bac2412063a05e95659a1a3263c02ffa6278,VERIFIED,89,True,"[0,1,2,3,4,5,6,7,8,9,10,11,12,13,14,15,16,17,18,19,20,21,22,23,24,25,26,27,28,29,30,31,32,33,34,35,36,37,38,39,40,41,42,43,44,45,46,47,48,49,50,51,52,53,54,55,56,57,58,59,60,61,62,63,64,65,66,67,68,69,70,71,72,73,74,75,76,77,78,79,80,81,82,83,84,85,86,87,88,89,90,91,92,93,94,95,96,97,98,99]",[],[],[],True,True,True,"[[0,1,2,3,4,5,6,7,8,9,10,11,12,13,14,15,16,17,18,19,20,21,22,23,24,25,26,27,28,29,30,31,32,33,34,35,36,37,38,39,40,41,42,43,44,45,46,47,48,49,50,51,52,53,54,55,56,57,58,59,60,61,62,63,64,65,66,67,68,69,70,71,72,73,74,75,76,77,78,79,80,81,82,83,84,85,86,87,88,89,90,91,92,93,94,95,96,97,98,99]]","[[0,8,11,15,19,23,44,50,69,99]]",3,False,True,False
order_development,g2-development-orders-02,DEVELOPMENT,f350a3d1a9aec7ebeb913f4267c321474810bcee5c23e082ba2195579fa542e4,cfg-b15b8281b73592fb,P-D-S,30,400,5,65,35,5,f05e91fc3a4ba52d8d1cb4ade137bac2412063a05e95659a1a3263c02ffa6278,VERIFIED,6225,True,"[0,1,2,3,4,5,6,7,8,9,10,11,12,13,14,15,16,17,18,19,20,21,22,23,24,25,26,27,28,29,30,31,32,33,34,35,36,37,38,39,40,41,42,43,44,45,46,47,48,49,50,51,52,53,54,55,56,57,58,59,60,61,62,63,64,65,66,67,68,69,70,71,72,73,74,75,76,77,78,79,80,81,82,83,84,85,86,87,88,89,90,91,92,93,94,95,96,97,98]",[],[],[],True,True,True,"[[0,1,2,3,4,5,6,7,8,9,10,11,12,13,14,15,16,17,18,19,20,21,22,23,24,25,26,27,28,29,30,31,32,33,34,35,36,37,38,39,40,41,42,43,44,45,46,47,48,49,50,51,52,53,54,55,56,57,58,59,60,61,62,63,64,65,66,67,68,69,70,71,72,73,74,75,76,77,78,79,80,81,82,83,84,85,86,87,88,89,90,91,92,93,94,95,96,97,98]]","[[0,15,18,25,29,34,41,51,55,71,90,95,98]]",3,False,True,False
order_development,g2-development-orders-02,DEVELOPMENT,f350a3d1a9aec7ebeb913f4267c321474810bcee5c23e082ba2195579fa542e4,cfg-b15b8281b73592fb,P-D-S,30,400,5,65,35,5,f05e91fc3a4ba52d8d1cb4ade137bac2412063a05e95659a1a3263c02ffa6278,VERIFIED,82,True,"[0,1,2,3,4,5,6,7,8,9,10,11,12,13,14,15,16,17,18,19,20,21,22,23,24,25,26,27,28,29,30,31,32,33,34,35,36,37,38,39,40,41,42,43,44,45,46,47,48,49,50,51,52,53,54,55,56,57,58,59,60,61,62,63,64,65,66,67,68,69,70,71,72,73,74,75,76,77,78,79,80,81,82,83,84,85,86,87,88,89,90,91,92,93,94,95,96,97]",[],[],[],True,True,True,"[[0,1,2,3,4,5,6,7,8,9,10,11,12,13,14,15,16,17,18,19,20,21,22,23,24,25,26,27,28,29,30,31,32,33,34,35,36,37,38,39,40,41,42,43,44,45,46,47,48,49,50,51,52,53,54,55,56,57,58,59,60,61,62,63,64,65,66,67,68,69,70,71,72,73,74,75,76,77,78,79,80,81,82,83,84,85,86,87,88,89,90,91,92,93,94,95,96,97]]","[[0,10,14,17,20,22,26,31,37,46,50,55,71,74,77,97]]",3,False,True,False
order_development,g2-development-orders-02,DEVELOPMENT,f350a3d1a9aec7ebeb913f4267c321474810bcee5c23e082ba2195579fa542e4,cfg-b15b8281b73592fb,P-D-S,30,400,5,65,35,5,f05e91fc3a4ba52d8d1cb4ade137bac2412063a05e95659a1a3263c02ffa6278,VERIFIED,2713,True,"[0,1,2,3,4,5,6,7,8,9,10,11,12,13,14,15,16,17,18,19,20,21,22,23,24,25,26,27,28,29,30,31,32,33,34,35,36,37,38,39,40,41,42,43,44,45,46,47,48,49,50,51,52,53,54,55,56,57,58,59,60,61,62,63,64,65,66,67,68,69,70,71,72,73,74,75,76,77,78,79,80,81,82,83,84,85,86,87,88,89,90,91,92,93,94,95,96,97,98,99]",[],[],[],True,True,True,"[[0,1,2,3,4,5,6,7,8,9,10,11,12,13,14,15,16,17,18,19,20,21,22,23,24,25,26,27,28,29,30,31,32,33,34,35,36,37,38,39,40,41,42,43,44,45,46,47,48,49,50,51,52,53,54,55,56,57,58,59,60,61,62,63,64,65,66,67,68,69,70,71,72,73,74,75,76,77,78,79,80,81,82,83,84,85,86,87,88,89,90,91,92,93,94,95,96,97,98,99]]","[[0,13,22,27,44,48,62,69,90,99]]",3,False,True,False
order_development,g2-development-orders-02,DEVELOPMENT,f350a3d1a9aec7ebeb913f4267c321474810bcee5c23e082ba2195579fa542e4,cfg-b15b8281b73592fb,P-D-S,30,400,5,65,35,5,f05e91fc3a4ba52d8d1cb4ade137bac2412063a05e95659a1a3263c02ffa6278,VERIFIED,647,True,"[0,1,2,3,4,5,6,7,8,9,10,11,12,13,14,15,16,17,18,19,20,21,22,23,24,25,26,27,28,29,30,31,32,33,34,35,36,37,38,39,40,41,42,43,44,45,46,47,48,49,50,51,52,53,54,55,56,57,58,59,60,61,62,63,64,65,66,67,68,69,70,71,72,73,74,75,76,77,78,79,80,81,82,83,84,85,86,87,88,89,90,91,92,93,94,95,96,97,98,99]",[],[],[],True,True,True,"[[0,1,2,3,4,5,6,7,8,9,10,11,12,13,14,15,16,17,18,19,20,21,22,23,24,25,26,27,28,29,30,31,32,33,34,35,36,37,38,39,40,41,42,43,44,45,46,47,48,49,50,51,52,53,54,55,56,57,58,59,60,61,62,63,64,65,66,67,68,69,70,71,72,73,74,75,76,77,78,79,80,81,82,83,84,85,86,87,88,89,90,91,92,93,94,95,96,97,98,99]]","[[0,47,59,73,83,94,99]]",3,False,True,False
order_development,g2-development-orders-02,DEVELOPMENT,f350a3d1a9aec7ebeb913f4267c321474810bcee5c23e082ba2195579fa542e4,cfg-b15b8281b73592fb,P-D-S,30,400,5,65,35,5,f05e91fc3a4ba52d8d1cb4ade137bac2412063a05e95659a1a3263c02ffa6278,VERIFIED,3367,True,"[0,1,2,3,4,5,6,7,8,9,10,11,12,13,14,15,16,17,18,19,20,21,22,23,24,25,26,27,28,29,30,31,32,33,34,35,36,37,38,39,40,41,42,43,44,45,46,47,48,49,50,51,52,53,54,55,56,57,58,59,60,61,62,63,64,65,66,67,68,69,70,71,72,73,74,75,76,77,78,79,80,81,82,83,84,85,86,87,88,89,90,91,92,93,94,95,96,97,98]",[],[],[],True,True,True,"[[0,1,2,3,4,5,6,7,8,9,10,11,12,13,14,15,16,17,18,19,20,21,22,23,24,25,26,27,28,29,30,31,32,33,34,35,36,37,38,39,40,41,42,43,44,45,46,47,48,49,50,51,52,53,54,55,56,57,58,59,60,61,62,63,64,65,66,67,68,69,70,71,72,73,74,75,76,77,78,79,80,81,82,83,84,85,86,87,88,89,90,91,92,93,94,95,96,97,98]]","[[0,25,48,56,71,87,91,98]]",3,False,True,False
order_development,g2-development-orders-02,DEVELOPMENT,f350a3d1a9aec7ebeb913f4267c321474810bcee5c23e082ba2195579fa542e4,cfg-b15b8281b73592fb,P-D-S,30,400,5,65,35,5,f05e91fc3a4ba52d8d1cb4ade137bac2412063a05e95659a1a3263c02ffa6278,VERIFIED,9565,True,"[0,1,2,3,4,5,6,7,8,9,10,11,12,13,14,15,16,17,18,19,20,21,22,23,24,25,26,27,28,29,30,31,32,33,34,35,36,37,38,39,40,41,42,43,44,45,46,47,48,49,50,51,52,53,54,55,56,57,58,59,60,61,62,63,64,65,66,67,68,69,70,71,72,73,74,75,76,77,78,79,80,81,82,83,84,85,86,87,88,89,90,91,92,93,94,95]",[],[],[],True,True,True,"[[0,1,2,3,4,5,6,7,8,9,10,11,12,13,14,15,16,17,18,19,20,21,22,23,24,25,26,27,28,29,30,31,32,33,34,35,36,37,38,39,40,41,42,43,44,45,46,47,48,49,50,51,52,53,54,55,56,57,58,59,60,61,62,63,64,65,66,67,68,69,70,71,72,73,74,75,76,77,78,79,80,81,82,83,84,85,86,87,88,89,90,91,92,93,94,95]]","[[0,11,14,22,30,42,45,57,58,75,80,86,89,95]]",3,False,True,False
order_development,g2-development-orders-02,DEVELOPMENT,f350a3d1a9aec7ebeb913f4267c321474810bcee5c23e082ba2195579fa542e4,cfg-b15b8281b73592fb,P-D-S,30,400,5,65,35,5,f05e91fc3a4ba52d8d1cb4ade137bac2412063a05e95659a1a3263c02ffa6278,VERIFIED,2141,True,"[0,1,2,3,4,5,6,7,8,9,10,11,12,13,14,15,16,17,18,19,20,21,22,23,24,25,26,27,28,29,30,31,32,33,34,35,36,37,38,39,40,41,42,43,44,45,46,47,48,49,50,51,52,53,54,55,56,57,58,59,60,61,62,63,64,65,66,67,68,69,70,71,72,73,74,75,76,77,78,79,80,81,82,83,84,85,86,87,88,89,90,91,92,93,94,95,96,97,98,99,100,101]",[],[],[],True,True,True,"[[0,1,2,3,4,5,6,7,8,9,10,11,12,13,14,15,16,17,18,19,20,21,22,23,24,25,26,27,28,29,30,31,32,33,34,35,36,37,38,39,40,41,42,43,44,45,46,47,48,49,50,51,52,53,54,55,56,57,58,59,60,61,62,63,64,65,66,67,68,69,70,71,72,73,74,75,76,77,78,79,80,81,82,83,84,85,86,87,88,89,90,91,92,93,94,95,96,97,98,99,100,101]]","[[0,21,23,25,26,29,30,33,34,37,57,101]]",3,False,True,False
order_development,g2-development-orders-02,DEVELOPMENT,f350a3d1a9aec7ebeb913f4267c321474810bcee5c23e082ba2195579fa542e4,cfg-b15b8281b73592fb,P-D-S,30,400,5,65,35,5,f05e91fc3a4ba52d8d1cb4ade137bac2412063a05e95659a1a3263c02ffa6278,VERIFIED,11193,True,"[0,1,2,3,4,5,6,7,8,9,10,11,12,13,14,15,16,17,18,19,20,21,22,23,24,25,26,27,28,29,30,31,32,33,34,35,36,37,38,39,40,41,42,43,44,45,46,47,48,49,50,51,52,53,54,55,56,57,58,59,60,61,62,63,64,65,66,67,68,69,70,71,72,73,74,75,76,77,78,79,80,81,82,83,84,85,86,87,88,89,90,91,92,93,94,95,96,97,98]",[],[],[],True,True,True,"[[0,1,2,3,4,5,6,7,8,9,10,11,12,13,14,15,16,17,18,19,20,21,22,23,24,25,26,27,28,29,30,31,32,33,34,35,36,37,38,39,40,41,42,43,44,45,46,47,48,49,50,51,52,53,54,55,56,57,58,59,60,61,62,63,64,65,66,67,68,69,70,71,72,73,74,75,76,77,78,79,80,81,82,83,84,85,86,87,88,89,90,91,92,93,94,95,96,97,98]]","[[0,54,73,80,92,98]]",3,False,True,False
order_development,g2-development-orders-02,DEVELOPMENT,f350a3d1a9aec7ebeb913f4267c321474810bcee5c23e082ba2195579fa542e4,cfg-b15b8281b73592fb,P-D-S,30,400,5,65,35,5,f05e91fc3a4ba52d8d1cb4ade137bac2412063a05e95659a1a3263c02ffa6278,VERIFIED,2286,False,[],[],[],[],True,True,True,[],"[[0,99]]",2,False,True,False
order_development,g2-development-orders-02,DEVELOPMENT,f350a3d1a9aec7ebeb913f4267c321474810bcee5c23e082ba2195579fa542e4,cfg-b15b8281b73592fb,P-D-S,30,400,5,65,35,5,f05e91fc3a4ba52d8d1cb4ade137bac2412063a05e95659a1a3263c02ffa6278,VERIFIED,4448,False,[],[],[],[],True,True,True,[],"[[0,98]]",2,False,True,False
order_development,g2-development-orders-02,DEVELOPMENT,f350a3d1a9aec7ebeb913f4267c321474810bcee5c23e082ba2195579fa542e4,cfg-b15b8281b73592fb,P-D-S,30,400,5,65,35,5,f05e91fc3a4ba52d8d1cb4ade137bac2412063a05e95659a1a3263c02ffa6278,VERIFIED,1628,True,"[0,1,2,3,4,5,6,7,8,9,10,11,12,13,14,15,16,17,18,19,20,21,22,23,24,25,26,27,28,29,30,31,32,33,34,35,36,37,38,39,40,41,42,43,44,45,46,47,48,49,50,51,52,53,54,55,56,57,58,59,60,61,62,63,64,65,66,67,68,69,70,71,72,73,74,75,76,77,78,79,80,81,82,83,84,85,86,87,88,89,90,91,92,93,94,95,96,97,98,99]",[],[],[],True,True,True,"[[0,1,2,3,4,5,6,7,8,9,10,11,12,13,14,15,16,17,18,19,20,21,22,23,24,25,26,27,28,29,30,31,32,33,34,35,36,37,38,39,40,41,42,43,44,45,46,47,48,49,50,51,52,53,54,55,56,57,58,59,60,61,62,63,64,65,66,67,68,69,70,71,72,73,74,75,76,77,78,79,80,81,82,83,84,85,86,87,88,89,90,91,92,93,94,95,96,97,98,99]]","[[0,29,34,50,59,60,69,74,75,84,85,88,91,96,98,99]]",8,False,True,False
order_development,g2-development-orders-02,DEVELOPMENT,f350a3d1a9aec7ebeb913f4267c321474810bcee5c23e082ba2195579fa542e4,cfg-b15b8281b73592fb,P-D-S,30,400,5,65,35,5,f05e91fc3a4ba52d8d1cb4ade137bac2412063a05e95659a1a3263c02ffa6278,VERIFIED,10169,True,"[0,1,2,3,4,5,6,7,8,9,10,11,12,13,14,15,16,17,18,19,20,21,22,23,24,25,26,27,28,29,30,31,32,33,34,35,36,37,38,39,40,41,42,43,44,45,46,47,48,49,50,51,52,53,54,55,56,57,58,59,60,61,62,63,64,65,66,67,68,69,70,71,72,73,74,75,76,77,78,79,80,81,82,83,84,85,86,87,88,89,90,91,92,93,94,95,96,97,98,99,100,101,102,103]",[],[],[],True,True,True,"[[0,1,2,3,4,5,6,7,8,9,10,11,12,13,14,15,16,17,18,19,20,21,22,23,24,25,26,27,28,29,30,31,32,33,34,35,36,37,38,39,40,41,42,43,44,45,46,47,48,49,50,51,52,53,54,55,56,57,58,59,60,61,62,63,64,65,66,67,68,69,70,71,72,73,74,75,76,77,78,79,80,81,82,83,84,85,86,87,88,89,90,91,92,93,94,95,96,97,98,99,100,101,102,103]]","[[0,3,4,5,10,11,12,13,23,24,25,26,28,30,31,32,36,57,103]]",14,False,True,False
order_development,g2-development-orders-02,DEVELOPMENT,f350a3d1a9aec7ebeb913f4267c321474810bcee5c23e082ba2195579fa542e4,cfg-b15b8281b73592fb,P-D-S,30,400,5,65,35,5,f05e91fc3a4ba52d8d1cb4ade137bac2412063a05e95659a1a3263c02ffa6278,VERIFIED,7151,False,[],[],[],[],True,True,True,[],"[[0,21,98]]",3,False,True,False
order_development,g2-development-orders-02,DEVELOPMENT,f350a3d1a9aec7ebeb913f4267c321474810bcee5c23e082ba2195579fa542e4,cfg-b15b8281b73592fb,P-D-S,30,400,5,65,35,5,f05e91fc3a4ba52d8d1cb4ade137bac2412063a05e95659a1a3263c02ffa6278,VERIFIED,10547,True,"[0,1,2,3,4,12,13,14,15,16,17,18,19,20,21,22,23,24,25,26,27,28,29,30,31,32,33,34,35,36,37,38,39,40,41,42,43,44,45,46,47,48,49,50,51,52,53,54,55,56,57,58,59,60,61,62,63,64,65,66,67,68,69,70,71,72,73,74,75,76,77,78,79,80,81,82,83,84,85,86,87,88,89,90,91,92,93,94,95,96,97,98,99,100,101]",[],[],[],True,True,True,"[[0,1,2,3,4,5,6,7,8,9,10,11,12,13,14,15,16,17,18,19,20,21,22,23,24,25,26,27,28,29,30,31,32,33,34,35,36,37,38,39,40,41,42,43,44,45,46,47,48,49,50,51,52,53,54,55,56,57,58,59,60,61,62,63,64,65,66,67,68,69,70,71,72,73,74,75,76,77,78,79,80,81,82,83,84,85,86,87,88,89,90,91,92,93,94,95,96,97,98,99,100,101]]","[[0,5,6,7,8,10,11,15,18,19,21,31,101]]",6,False,False,False
order_development,g2-development-orders-02,DEVELOPMENT,f350a3d1a9aec7ebeb913f4267c321474810bcee5c23e082ba2195579fa542e4,cfg-b15b8281b73592fb,P-D-S,30,400,5,65,35,5,f05e91fc3a4ba52d8d1cb4ade137bac2412063a05e95659a1a3263c02ffa6278,VERIFIED,10796,False,[],[],[],[],True,True,True,[],"[[0,24,31,97]]",3,False,True,False
order_development,g2-development-orders-02,DEVELOPMENT,f350a3d1a9aec7ebeb913f4267c321474810bcee5c23e082ba2195579fa542e4,cfg-b15b8281b73592fb,P-D-S,30,400,5,65,35,5,f05e91fc3a4ba52d8d1cb4ade137bac2412063a05e95659a1a3263c02ffa6278,VERIFIED,7831,False,[],[],[],[],True,True,True,[],"[[0,99]]",2,False,True,False
order_development,g2-development-orders-02,DEVELOPMENT,f350a3d1a9aec7ebeb913f4267c321474810bcee5c23e082ba2195579fa542e4,cfg-b15b8281b73592fb,P-D-S,30,400,5,65,35,5,f05e91fc3a4ba52d8d1cb4ade137bac2412063a05e95659a1a3263c02ffa6278,VERIFIED,4805,False,[],[],[],[],True,True,True,[],"[[0,98]]",2,False,True,False
order_development,g2-development-orders-02,DEVELOPMENT,f350a3d1a9aec7ebeb913f4267c321474810bcee5c23e082ba2195579fa542e4,cfg-b15b8281b73592fb,P-D-S,30,400,5,65,35,5,f05e91fc3a4ba52d8d1cb4ade137bac2412063a05e95659a1a3263c02ffa6278,VERIFIED,2232,True,"[0,1,2,3,22,23,33,34,35,36,37,38,39,40,41]",[],[],[],True,True,True,"[[0,1,2,3,4,5,6,7,8,9,10,11,12,13,14,15,16,17,18,19,20,21,22,23,24,25,26,27,28,29,30,31,32,33,34,35,36,37,38,39,40,41]]","[[0,1,4,6,7,8,11,12,14,16,18,19,20,21,24,25,27,28,29,30,31,32,35,37,39,41]]",4,False,False,False
order_development,g2-development-orders-02,DEVELOPMENT,f350a3d1a9aec7ebeb913f4267c321474810bcee5c23e082ba2195579fa542e4,cfg-b15b8281b73592fb,P-D-S,30,400,5,65,35,5,f05e91fc3a4ba52d8d1cb4ade137bac2412063a05e95659a1a3263c02ffa6278,VERIFIED,7764,True,"[0,1,2,3,4,5,6,7,8,9,10,11,12,23,24,25,26,27,28,29,30,31,32,33,34,35,36,37,38,39,40,41,42,43,44,45,46,47,48,49,50,51,57,58,59,60,61,62,63,64,65,66,67,68,69,70,71,72,73,80,81,82,83,84,85,86,87,88,89,90,104,105,106,107,108,109,110,111,112,113,114,115,116,117,118,119,120,121]",[],"[{""index"":6,""window_indices"":[5,6,7,9],""boundary_right_indices"":[8]},{""index"":7,""window_indices"":[6,7,9,11],""boundary_right_indices"":[8]},{""index"":9,""window_indices"":[7,9,11,12],""boundary_right_indices"":[8]},{""index"":35,""window_indices"":[34,35,36,39],""boundary_right_indices"":[38]},{""index"":36,""window_indices"":[35,36,39,40],""boundary_right_indices"":[38]},{""index"":39,""window_indices"":[36,39,40,41],""boundary_right_indices"":[38]}]","[8,37,38]",True,True,True,"[[0,1,2,3,4,5,6,7],[8,9,10,11,12,13,14,15,16,17,18,19,20,21,22,23,24,25,26,27,28,29,30,31,32,33,34,35,36,37],[38,39,40,41,42,43,44,45,46,47,48,49,50,51,52,53,54,55,56,57,58,59,60,61,62,63,64,65,66,67,68,69,70,71,72,73,74,75,76,77,78,79,80,81,82,83,84,85,86,87,88,89,90,91,92,93,94,95,96,97,98,99,100,101,102,103,104,105,106,107,108,109,110,111,112,113,114,115,116,117,118,119,120,121]]","[[0,3,5,6,7,9,11,12,13,14,15,17,18,20,22,23,26,28,29,30,32,34,35,36,39,40,41,42,43,44,50,51,52,53,54,55,56,62,67,68,69,71,74,75,77,78,79,81,91,94,97,98,99,100,101,103,105,107,108,109,110,115,118,121]]",14,False,False,False
order_development,g2-development-orders-02,DEVELOPMENT,f350a3d1a9aec7ebeb913f4267c321474810bcee5c23e082ba2195579fa542e4,cfg-b15b8281b73592fb,P-D-S,30,400,5,65,35,5,f05e91fc3a4ba52d8d1cb4ade137bac2412063a05e95659a1a3263c02ffa6278,VERIFIED,2197,True,"[1,2,3,4,5,6,7,8,9,10,11,12,13,14,15,16,17,18,19,20,21,22,23,24,25,26,27,28,29,30,31,32,33,34,35,36,37,38,39,40,41,42,43,44,45,46,47,48,49,50,51,52,53,54,55,56,57,58,59,60,61,62,63,64,65,66,67,68,69,70,71,72,73,74,75,76,77,78,79,80,81,82,83,84,85,86,87,88,89,90,91,92,93,94,95]",[],"[{""index"":24,""window_indices"":[0,24,29,40],""boundary_right_indices"":[1,34]},{""index"":29,""window_indices"":[24,29,40,46],""boundary_right_indices"":[34]},{""index"":40,""window_indices"":[29,40,46,56],""boundary_right_indices"":[34]},{""index"":46,""window_indices"":[40,46,56,67],""boundary_right_indices"":[63]},{""index"":56,""window_indices"":[46,56,67,70],""boundary_right_indices"":[63]},{""index"":67,""window_indices"":[56,67,70,73],""boundary_right_indices"":[63]}]","[1,33,34,62,63]",True,True,True,"[[1,2,3,4,5,6,7,8,9,10,11,12,13,14,15,16,17,18,19,20,21,22,23,24,25,26,27,28,29,30,31,32,33],[34,35,36,37,38,39,40,41,42,43,44,45,46,47,48,49,50,51,52,53,54,55,56,57,58,59,60,61,62],[63,64,65,66,67,68,69,70,71,72,73,74,75,76,77,78,79,80,81,82,83,84,85,86,87,88,89,90,91,92,93,94,95]]","[[0,24,29,40,46,56,67,70,73,77,95]]",3,False,True,False
order_development,g2-development-orders-02,DEVELOPMENT,f350a3d1a9aec7ebeb913f4267c321474810bcee5c23e082ba2195579fa542e4,cfg-b15b8281b73592fb,P-D-S,30,400,5,65,35,5,f05e91fc3a4ba52d8d1cb4ade137bac2412063a05e95659a1a3263c02ffa6278,VERIFIED,6876,True,"[6,7,8,9,10,11,19,20,21,22,23,24,25]",[],"[{""index"":22,""window_indices"":[18,22,23,26],""boundary_right_indices"":[26]},{""index"":23,""window_indices"":[22,23,26,27],""boundary_right_indices"":[26]},{""index"":26,""window_indices"":[23,26,27,28],""boundary_right_indices"":[26]}]",[25],True,True,True,"[[0,1,2,3,4,5,6,7,8,9,10,11,12,13,14,15,16,17,18,19,20,21,22,23,24,25]]","[[0,1,2,3,4,5,12,13,14,15,16,17,18,22,23,26,27,28]]",5,False,False,False
order_development,g2-development-orders-02,DEVELOPMENT,f350a3d1a9aec7ebeb913f4267c321474810bcee5c23e082ba2195579fa542e4,cfg-b15b8281b73592fb,P-D-S,30,400,5,65,35,5,f05e91fc3a4ba52d8d1cb4ade137bac2412063a05e95659a1a3263c02ffa6278,VERIFIED,7875,False,[],[],"[{""index"":9,""window_indices"":[0,9,29,54],""boundary_right_indices"":[7,44,46,51]},{""index"":29,""window_indices"":[9,29,54,63],""boundary_right_indices"":[44,46,51,56,63]},{""index"":54,""window_indices"":[29,54,63,75],""boundary_right_indices"":[44,46,51,56,63]},{""index"":63,""window_indices"":[54,63,75,80],""boundary_right_indices"":[56,63,80]},{""index"":75,""window_indices"":[63,75,80,86],""boundary_right_indices"":[80]},{""index"":80,""window_indices"":[75,80,86,89],""boundary_right_indices"":[80]}]","[6,7,43,44,45,46,50,51,55,56,62,79]",True,True,True,[],"[[0,9,29,54,63,75,80,86,89]]",3,False,True,False
order_development,g2-development-orders-02,DEVELOPMENT,f350a3d1a9aec7ebeb913f4267c321474810bcee5c23e082ba2195579fa542e4,cfg-b15b8281b73592fb,P-D-S,30,400,5,65,35,5,f05e91fc3a4ba52d8d1cb4ade137bac2412063a05e95659a1a3263c02ffa6278,VERIFIED,1686,True,"[0,1,2,3,4,5,8,9,10,11,12,13,14,15,18,19,20,21,22,23,24,25,26,27,28,29,30,31,32,33,34,35]",[],"[{""index"":3,""window_indices"":[2,3,5,6],""boundary_right_indices"":[6]},{""index"":5,""window_indices"":[3,5,6,7],""boundary_right_indices"":[6]},{""index"":6,""window_indices"":[5,6,7,8],""boundary_right_indices"":[6,8]},{""index"":7,""window_indices"":[6,7,8,9],""boundary_right_indices"":[8]},{""index"":8,""window_indices"":[7,8,9,10],""boundary_right_indices"":[8]},{""index"":13,""window_indices"":[12,13,15,16],""boundary_right_indices"":[16]},{""index"":15,""window_indices"":[13,15,16,18],""boundary_right_indices"":[16,18]},{""index"":16,""window_indices"":[15,16,18,19],""boundary_right_indices"":[16,18]},{""index"":18,""window_indices"":[16,18,19,20],""boundary_right_indices"":[18]}]",[17],True,True,True,"[[0,1,2,3,4,5],[8,9,10,11,12,13,14,15],[18,19,20,21,22,23,24,25,26,27,28,29,30,31,32,33,34,35]]","[[0,2,3,5,6,7,8,9,10,11,12,13,15,16,18,19,20,24,25,26,28,31,35]]",9,False,True,False
order_development,g2-development-orders-02,DEVELOPMENT,f350a3d1a9aec7ebeb913f4267c321474810bcee5c23e082ba2195579fa542e4,cfg-b15b8281b73592fb,P-D-S,30,400,5,65,35,5,f05e91fc3a4ba52d8d1cb4ade137bac2412063a05e95659a1a3263c02ffa6278,VERIFIED,4838,True,"[0,1,2,3,4,5,6,7,8,9,10,11,12,13,14,15,16,17,18,19,20,21,22,23,24,25,26,27,28,29,30,31,32,33,34,35,36,37,38,39,46,47,48,49,50,51,52,53,54,55,56,57,58,59,60,61,62,63,64,65,66,67,68,69,70,71,72,73,74,75,76,77,78,79,80,81,82,83,84,85,86,87,88,89,90,91,92,93,94,95,96,97,98,99,100,101,102,103,104,105,106,107,108,109,110,111,112,113,114,115,116,117,118,119,120,121,122,123,124,125]",[],[],[],True,True,True,"[[0,1,2,3,4,5,6,7,8,9,10,11,12,13,14,15,16,17,18,19,20,21,22,23,24,25,26,27,28,29,30,31,32,33,34,35,36,37,38,39,40,41,42,43,44,45,46,47,48,49,50,51,52,53,54,55,56,57,58,59,60,61,62,63,64,65,66,67,68,69,70,71,72,73,74,75,76,77,78,79,80,81,82,83,84,85,86,87,88,89,90,91,92,93,94,95,96,97,98,99,100,101,102,103,104,105,106,107,108,109,110,111,112,113,114,115,116,117,118,119,120,121,122,123,124,125]]","[[0,6,10,12,20,22,26,27,36,40,41,42,44,45,48,49,51,52,55,57,62,64,67,68,74,77,80,83,85,90,91,92,93,100,102,103,107,112,116,117,118,119,120,121,122,124,125]]",24,False,False,False
order_development,g2-development-orders-02,DEVELOPMENT,f350a3d1a9aec7ebeb913f4267c321474810bcee5c23e082ba2195579fa542e4,cfg-b15b8281b73592fb,P-D-S,30,400,5,65,35,5,f05e91fc3a4ba52d8d1cb4ade137bac2412063a05e95659a1a3263c02ffa6278,VERIFIED,1818,True,"[1,2,3,4,5,6,7,8,9,10,11,12,13,14,15,16,17,18,19,20,21,22,23,24,25,26,27,28,29,30,31,32,33,34,35,36,37,38,39,40,41,42,43,44,45,46,47,48,49,50,51,52,53,54,55,56,57,58,59,60,61,62,63,64,65,66,67,68,69,70,71,72,73,74,75,76,77,78,79,80,81,82,83,84,85,86,87,88,89,90,91,92,93,94,95,96,97]",[],"[{""index"":19,""window_indices"":[0,19,25,33],""boundary_right_indices"":[1]}]",[1],True,True,True,"[[1,2,3,4,5,6,7,8,9,10,11,12,13,14,15,16,17,18,19,20,21,22,23,24,25,26,27,28,29,30,31,32,33,34,35,36,37,38,39,40,41,42,43,44,45,46,47,48,49,50,51,52,53,54,55,56,57,58,59,60,61,62,63,64,65,66,67,68,69,70,71,72,73,74,75,76,77,78,79,80,81,82,83,84,85,86,87,88,89,90,91,92,93,94,95,96,97]]","[[0,19,25,33,44,48,52,67,97]]",3,False,True,False
order_development,g2-development-orders-02,DEVELOPMENT,f350a3d1a9aec7ebeb913f4267c321474810bcee5c23e082ba2195579fa542e4,cfg-b15b8281b73592fb,P-D-S,30,400,5,65,35,5,f05e91fc3a4ba52d8d1cb4ade137bac2412063a05e95659a1a3263c02ffa6278,VERIFIED,10810,True,"[0,1,2,3,4,5,6,7,8,9,10,11,12,13,14,15,16,17,18,19,20,21,22,23,24,25,26,27,28,29,30,31,32,33,34,35,36,37,38,39,40,41,42,43,44,45,46,47,48,49,50,51,52,53,54,55,56,57,58,59,60,61,62,63,64,65,66,67,68,69,70,71,72,73,74,75,76,77,78,79,80,81,82,83,84,85,86,87,88,89,90,91,92,93,94,95,96,97,98,99,100,101]",[],[],[],True,True,True,"[[0,1,2,3,4,5,6,7,8,9,10,11,12,13,14,15,16,17,18,19,20,21,22,23,24,25,26,27,28,29,30,31,32,33,34,35,36,37,38,39,40,41,42,43,44,45,46,47,48,49,50,51,52,53,54,55,56,57,58,59,60,61,62,63,64,65,66,67,68,69,70,71,72,73,74,75,76,77,78,79,80,81,82,83,84,85,86,87,88,89,90,91,92,93,94,95,96,97,98,99,100,101]]","[[0,3,4,5,6,14,21,22,23,24,28,33,35,45,49,59,64,74,82,84,93,97,101]]",9,False,True,False
order_development,g2-development-orders-02,DEVELOPMENT,f350a3d1a9aec7ebeb913f4267c321474810bcee5c23e082ba2195579fa542e4,cfg-b15b8281b73592fb,P-D-S,30,400,5,65,35,5,f05e91fc3a4ba52d8d1cb4ade137bac2412063a05e95659a1a3263c02ffa6278,VERIFIED,4953,True,"[0,1,2,3,4,5,6,7,8,9,10,11,12,13,14,15,16,17,18,19,20,21,22,23,34,35,36,37,38,39,40,41,42,43,44,45,46,47,48,49,50,51,52,53,54,55,56,57,58,59,60,67,68,69,70,71,72,73,74,75,85,86,87,88,89,90,91,92,93,94,95,96,97,98,99]",[],"[{""index"":13,""window_indices"":[12,13,14,15],""boundary_right_indices"":[15]},{""index"":14,""window_indices"":[13,14,15,17],""boundary_right_indices"":[15]},{""index"":15,""window_indices"":[14,15,17,18],""boundary_right_indices"":[15]},{""index"":66,""window_indices"":[65,66,75,76],""boundary_right_indices"":[76]},{""index"":75,""window_indices"":[66,75,76,80],""boundary_right_indices"":[76]},{""index"":76,""window_indices"":[75,76,80,81],""boundary_right_indices"":[76]}]",[],True,True,True,"[[0,1,2,3,4,5,6,7,8,9,10,11,12,13,14],[15,16,17,18,19,20,21,22,23,24,25,26,27,28,29,30,31,32,33,34,35,36,37,38,39,40,41,42,43,44,45,46,47,48,49,50,51,52,53,54,55,56,57,58,59,60,61,62,63,64,65,66,67,68,69,70,71,72,73,74,75],[76,77,78,79,80,81,82,83,84,85,86,87,88,89,90,91,92,93,94,95,96,97,98,99]]","[[0,1,11,12,13,14,15,17,18,24,25,26,30,32,33,44,46,47,50,61,62,63,64,65,66,75,76,80,81,82,83,84,87,91,99]]",16,False,False,False
order_development,g2-development-orders-02,DEVELOPMENT,f350a3d1a9aec7ebeb913f4267c321474810bcee5c23e082ba2195579fa542e4,cfg-b15b8281b73592fb,P-D-S,30,400,5,65,35,5,f05e91fc3a4ba52d8d1cb4ade137bac2412063a05e95659a1a3263c02ffa6278,VERIFIED,7404,True,"[8,9,10,11,12,13,14,15,16,17,18,22,23,24,25,26,27,28,29,30,31,32,33,34,35,36,37,38,39,40,41,42,43,44,45,46,47,48,49,50,51,52,53,54,55,56,57,58,59,60,61,62,63,64,65,66,67,68]",[],"[{""index"":14,""window_indices"":[12,14,18,19],""boundary_right_indices"":[19]},{""index"":18,""window_indices"":[14,18,19,21],""boundary_right_indices"":[19]},{""index"":19,""window_indices"":[18,19,21,23],""boundary_right_indices"":[19,22]},{""index"":21,""window_indices"":[19,21,23,26],""boundary_right_indices"":[22]},{""index"":23,""window_indices"":[21,23,26,27],""boundary_right_indices"":[22]},{""index"":36,""window_indices"":[35,36,40,42],""boundary_right_indices"":[41]},{""index"":40,""window_indices"":[36,40,42,44],""boundary_right_indices"":[41]},{""index"":42,""window_indices"":[40,42,44,45],""boundary_right_indices"":[41]}]","[22,41]",True,True,True,"[[0,1,2,3,4,5,6,7,8,9,10,11,12,13,14,15,16,17,18],[22,23,24,25,26,27,28,29,30,31,32,33,34,35,36,37,38,39,40],[41,42,43,44,45,46,47,48,49,50,51,52,53,54,55,56,57,58,59,60,61,62,63,64,65,66,67,68]]","[[0,1,3,5,6,7,11,12,14,18,19,21,23,26,27,28,30,35,36,40,42,44,45,46,47,51,52,56,58,60,62,64,65,66,68]]",10,False,False,False
order_development,g2-development-orders-02,DEVELOPMENT,f350a3d1a9aec7ebeb913f4267c321474810bcee5c23e082ba2195579fa542e4,cfg-b15b8281b73592fb,P-D-S,30,400,5,65,35,5,f05e91fc3a4ba52d8d1cb4ade137bac2412063a05e95659a1a3263c02ffa6278,VERIFIED,3615,True,"[18,19,20]",[],"[{""index"":1,""window_indices"":[0,1,3,4],""boundary_right_indices"":[1]}]",[],True,True,True,"[[1,2,3,4,5,6,7,8,9,10,11,12,13,14,15,16,17,18,19,20]]","[[0,1,3,4,5,6,7,8,9,10,11,13,14,15,16,17,19,20]]",3,False,False,False
order_development,g2-development-orders-02,DEVELOPMENT,f350a3d1a9aec7ebeb913f4267c321474810bcee5c23e082ba2195579fa542e4,cfg-b15b8281b73592fb,P-D-S,30,400,5,65,35,5,f05e91fc3a4ba52d8d1cb4ade137bac2412063a05e95659a1a3263c02ffa6278,VERIFIED,3439,True,"[0,1,2,3,4,5,6,7,8,9,10,11,12,13,14,15,16,17,18,19,20,21,22,23,24,25,26,27,28,29,30,43,44,45,46,47,48,49,50,51,52,53,54,55,56,70,71,72,73,74,75,76,77,78,79,80,81,82,83,84,85,86,87,88,89,90,91,92,93,94,95,96,97,98,99,100,101,102,103,104,105,106,107,108,109,110,111,112,113,114,115,116,117,118,119,120]",[],[],[],True,True,True,"[[0,1,2,3,4,5,6,7,8,9,10,11,12,13,14,15,16,17,18,19,20,21,22,23,24,25,26,27,28,29,30,31,32,33,34,35,36,37,38,39,40,41,42,43,44,45,46,47,48,49,50,51,52,53,54,55,56,57,58,59,60,61,62,63,64,65,66,67,68,69,70,71,72,73,74,75,76,77,78,79,80,81,82,83,84,85,86,87,88,89,90,91,92,93,94,95,96,97,98,99,100,101,102,103,104,105,106,107,108,109,110,111,112,113,114,115,116,117,118,119,120]]","[[0,13,15,18,19,23,25,31,33,34,36,37,39,40,42,43,45,47,48,49,50,51,53,56,57,60,61,63,68,69,71,73,75,79,80,81,83,85,91,92,97,102,103,108,120]]",21,False,False,False
order_development,g2-development-orders-02,DEVELOPMENT,f350a3d1a9aec7ebeb913f4267c321474810bcee5c23e082ba2195579fa542e4,cfg-b15b8281b73592fb,P-D-S,30,400,5,65,35,5,f05e91fc3a4ba52d8d1cb4ade137bac2412063a05e95659a1a3263c02ffa6278,VERIFIED,9352,True,"[0,1,2,3,4,5,6,7,8,9,10,11,12,13,14,15,16,17,18,19,20,21,22,23,24,25,26,27,28,29,30,31,32,33,34,35,36,37,38,39,40,41,42,43,44,45,46,47,48,49,50,51,52,53,54,55,56,67,68,69,70,71,72,73,74,75,76,77,78,79,80,81,82,83,84,85,86,87,88,89,90,91,92,93,94,95,96,97,98,99,107,108,109,110,111,112,113,114]",[],"[{""index"":105,""window_indices"":[102,105,106,110],""boundary_right_indices"":[107]},{""index"":106,""window_indices"":[105,106,110,113],""boundary_right_indices"":[107]},{""index"":110,""window_indices"":[106,110,113,114],""boundary_right_indices"":[107]}]",[107],True,True,True,"[[0,1,2,3,4,5,6,7,8,9,10,11,12,13,14,15,16,17,18,19,20,21,22,23,24,25,26,27,28,29,30,31,32,33,34,35,36,37,38,39,40,41,42,43,44,45,46,47,48,49,50,51,52,53,54,55,56,57,58,59,60,61,62,63,64,65,66,67,68,69,70,71,72,73,74,75,76,77,78,79,80,81,82,83,84,85,86,87,88,89,90,91,92,93,94,95,96,97,98,99,100,101,102,103,104,105,106],[107,108,109,110,111,112,113,114]]","[[0,1,4,5,6,7,10,11,14,16,17,18,20,21,22,28,43,44,46,47,54,55,56,57,61,63,64,65,66,77,79,80,81,82,87,95,96,97,100,101,102,105,106,110,113,114]]",25,False,False,False
order_development,g2-development-orders-02,DEVELOPMENT,f350a3d1a9aec7ebeb913f4267c321474810bcee5c23e082ba2195579fa542e4,cfg-b15b8281b73592fb,P-D-S,30,400,5,65,35,5,f05e91fc3a4ba52d8d1cb4ade137bac2412063a05e95659a1a3263c02ffa6278,VERIFIED,5029,False,[],[],[],"[5,6,36,37,50,51,67,68,81,82,85,86]",True,True,True,[],"[[0,97]]",2,False,True,False
order_development,g2-development-orders-02,DEVELOPMENT,f350a3d1a9aec7ebeb913f4267c321474810bcee5c23e082ba2195579fa542e4,cfg-b15b8281b73592fb,P-D-S,30,400,5,65,35,5,f05e91fc3a4ba52d8d1cb4ade137bac2412063a05e95659a1a3263c02ffa6278,VERIFIED,10000,True,"[47,48,49,50,51,52,53,54,55,56,57,58,59,60,61,62,63,64,65,66,67,68,69,70,71,72,73,74,75,76,77,78,79,80,81,82,83,84,85,86,87,88,89,90,91,92,93,94,95,96,97,98,99,100,101,102,103,104,105,106,107,108,109,110,111,112,113,114,115,116,117,118,119,120,121,122,123]",[],[],[],True,True,True,"[[0,1,2,3,4,5,6,7,8,9,10,11,12,13,14,15,16,17,18,19,20,21,22,23,24,25,26,27,28,29,30,31,32,33,34,35,36,37,38,39,40,41,42,43,44,45,46,47,48,49,50,51,52,53,54,55,56,57,58,59,60,61,62,63,64,65,66,67,68,69,70,71,72,73,74,75,76,77,78,79,80,81,82,83,84,85,86,87,88,89,90,91,92,93,94,95,96,97,98,99,100,101,102,103,104,105,106,107,108,109,110,111,112,113,114,115,116,117,118,119,120,121,122,123]]","[[0,2,3,5,6,7,10,14,17,18,19,20,22,23,24,25,26,33,34,35,36,37,38,40,41,43,44,46,123]]",1,False,False,False
order_development,g2-development-orders-02,DEVELOPMENT,f350a3d1a9aec7ebeb913f4267c321474810bcee5c23e082ba2195579fa542e4,cfg-b15b8281b73592fb,P-D-S,30,400,5,65,35,5,f05e91fc3a4ba52d8d1cb4ade137bac2412063a05e95659a1a3263c02ffa6278,VERIFIED,2340,True,"[0,1,2,3,4,5,6,7,8,9,10,11,12,13,14,15,16,17,18,19,20,21,22,23,24,25,26,38,39,40,41,42,43,44,45,46,47,48,49,50,51,52,53,54,55,56,57,58,59,60,61,62,63,64,65,66,67,68,69,70,71,72,73,74,75,76,77,78,79,80,81,82,83,84,85,86,87,88,89,90,91,92,93,94,95,102,103,104,105,106,107,108,109]",[],[],[],True,True,True,"[[0,1,2,3,4,5,6,7,8,9,10,11,12,13,14,15,16,17,18,19,20,21,22,23,24,25,26,27,28,29,30,31,32,33,34,35,36,37,38,39,40,41,42,43,44,45,46,47,48,49,50,51,52,53,54,55,56,57,58,59,60,61,62,63,64,65,66,67,68,69,70,71,72,73,74,75,76,77,78,79,80,81,82,83,84,85,86,87,88,89,90,91,92,93,94,95,96,97,98,99,100,101,102,103,104,105,106,107,108,109]]","[[0,1,2,5,6,7,8,10,11,12,13,27,28,29,30,31,33,34,35,37,40,51,55,62,63,65,66,67,87,96,97,98,99,100,101,105,106,109]]",17,False,False,False
order_development,g2-development-orders-02,DEVELOPMENT,f350a3d1a9aec7ebeb913f4267c321474810bcee5c23e082ba2195579fa542e4,cfg-b15b8281b73592fb,P-D-S,30,400,5,65,35,5,f05e91fc3a4ba52d8d1cb4ade137bac2412063a05e95659a1a3263c02ffa6278,VERIFIED,7920,True,"[0,1,2,3,4,5,6,7,8,9,10,11,12,13,14,15,16,17,18,19,20,21,22,23,24,25,26,27,28,29,30,31,32,33,34,35,36,37,38,39,40,41,42,43,44,45,46,47,48,49,50,51,52,53,54,55,56,57,58,59,60,61,62,63,64,65,66,67,68,69,70,71,72,73,74,75,76,77,78,79]",[],"[{""index"":40,""window_indices"":[39,40,42,128],""boundary_right_indices"":[80,115,123]}]","[79,80,114,115,122,123]",True,True,True,"[[0,1,2,3,4,5,6,7,8,9,10,11,12,13,14,15,16,17,18,19,20,21,22,23,24,25,26,27,28,29,30,31,32,33,34,35,36,37,38,39,40,41,42,43,44,45,46,47,48,49,50,51,52,53,54,55,56,57,58,59,60,61,62,63,64,65,66,67,68,69,70,71,72,73,74,75,76,77,78,79]]","[[0,5,10,18,19,25,27,28,29,30,34,35,36,38,39,40,42,128]]",6,False,True,False
order_development,g2-development-orders-02,DEVELOPMENT,f350a3d1a9aec7ebeb913f4267c321474810bcee5c23e082ba2195579fa542e4,cfg-b15b8281b73592fb,P-D-S,30,400,5,65,35,5,f05e91fc3a4ba52d8d1cb4ade137bac2412063a05e95659a1a3263c02ffa6278,VERIFIED,10442,True,"[0,1,2,3,4,5,6,7,8,9,10,11,12,13,14,15,16,17,18,19,20]",[],"[{""index"":13,""window_indices"":[10,13,14,94],""boundary_right_indices"":[21]}]","[20,21]",True,True,True,"[[0,1,2,3,4,5,6,7,8,9,10,11,12,13,14,15,16,17,18,19,20]]","[[0,10,13,14,94]]",3,False,True,False
order_development,g2-development-orders-02,DEVELOPMENT,f350a3d1a9aec7ebeb913f4267c321474810bcee5c23e082ba2195579fa542e4,cfg-b15b8281b73592fb,P-D-S,30,400,5,65,35,5,f05e91fc3a4ba52d8d1cb4ade137bac2412063a05e95659a1a3263c02ffa6278,VERIFIED,2034,True,"[0,1,2,3,4,5,6,7,8,9,10,11,12,13,14,15,16,17,18,19,20,21,22,23,24,25,26,27,28,29,30,31,32,33,34,35,36,37,38,39,40,41,42,43,44,45,46,47,48,49,50,51,52,53,54,55,56,57,58,59,60,61,62,63,64,65,66,67,68,69,70,71,72,73,74,75,76,77,78,79,80,81,82,83,84,85,86,87,88,89,90,91,92]",[],"[{""index"":53,""window_indices"":[50,53,55,58],""boundary_right_indices"":[56]},{""index"":55,""window_indices"":[53,55,58,59],""boundary_right_indices"":[56]},{""index"":58,""window_indices"":[55,58,59,60],""boundary_right_indices"":[56]}]",[56],True,True,True,"[[0,1,2,3,4,5,6,7,8,9,10,11,12,13,14,15,16,17,18,19,20,21,22,23,24,25,26,27,28,29,30,31,32,33,34,35,36,37,38,39,40,41,42,43,44,45,46,47,48,49,50,51,52,53,54,55],[56,57,58,59,60,61,62,63,64,65,66,67,68,69,70,71,72,73,74,75,76,77,78,79,80,81,82,83,84,85,86,87,88,89,90,91,92]]","[[0,47,50,53,55,58,59,60,62,65,67,92]]",11,False,True,False
order_development,g2-development-orders-02,DEVELOPMENT,f350a3d1a9aec7ebeb913f4267c321474810bcee5c23e082ba2195579fa542e4,cfg-b15b8281b73592fb,P-D-S,30,400,5,65,35,5,f05e91fc3a4ba52d8d1cb4ade137bac2412063a05e95659a1a3263c02ffa6278,VERIFIED,10051,True,"[0,1,2,3,4,5,6,7,8,9,10,11,12,13,14,15,16,17,18,19,20,21,22,23,24,25,26,27,28,29,43,44,45,46,47,48,49,50,51,52,53,54,55,56,57,58,59,60,61,62,63,64,65,66,67,68,69,70,71,72,73,74,75,76,77,78,79,80,81,82,83,84,85,86,87,88,89,90,91,92,93,94,95,96,97,98,99,100,101,102,103,104,105,106,107,108,109,110]",[],"[{""index"":54,""window_indices"":[52,54,65,67],""boundary_right_indices"":[67]},{""index"":65,""window_indices"":[54,65,67,69],""boundary_right_indices"":[67]},{""index"":67,""window_indices"":[65,67,69,72],""boundary_right_indices"":[67]}]",[66],True,True,True,"[[0,1,2,3,4,5,6,7,8,9,10,11,12,13,14,15,16,17,18,19,20,21,22,23,24,25,26,27,28,29,30,31,32,33,34,35,36,37,38,39,40,41,42,43,44,45,46,47,48,49,50,51,52,53,54,55,56,57,58,59,60,61,62,63,64,65,66],[67,68,69,70,71,72,73,74,75,76,77,78,79,80,81,82,83,84,85,86,87,88,89,90,91,92,93,94,95,96,97,98,99,100,101,102,103,104,105,106,107,108,109,110]]","[[0,2,9,10,11,16,18,22,23,24,26,30,31,32,34,35,36,38,39,40,42,50,52,54,65,67,69,72,73,74,88,92,94,98,101,105,106,107,109,110]]",21,False,False,False
order_development,g2-development-orders-02,DEVELOPMENT,f350a3d1a9aec7ebeb913f4267c321474810bcee5c23e082ba2195579fa542e4,cfg-b15b8281b73592fb,P-D-S,30,400,5,65,35,5,f05e91fc3a4ba52d8d1cb4ade137bac2412063a05e95659a1a3263c02ffa6278,VERIFIED,6556,False,[],[],"[{""index"":55,""window_indices"":[0,55,77,96],""boundary_right_indices"":[78]}]",[78],True,True,True,[],"[[0,55,77,96]]",3,False,True,False
order_development,g2-development-orders-02,DEVELOPMENT,f350a3d1a9aec7ebeb913f4267c321474810bcee5c23e082ba2195579fa542e4,cfg-b15b8281b73592fb,P-D-S,30,400,5,65,35,5,f05e91fc3a4ba52d8d1cb4ade137bac2412063a05e95659a1a3263c02ffa6278,VERIFIED,8456,True,"[0,1,2,3,4,5,6,7,8,9,10,11,12,13,14,15,16,17,18,19,20,21,22,23,24,25,26,27,28,29,30,31,32,33,34,35,48,49,50,51,52,53,54,55,56,57,58,59,60,61,62,63,64,65,66,67,68,69,70,71,72,73,74,75,76,77,78,79,80,81,82,83,84,85,86,87,88,89,90,91,92,93,94,95,101,102,103,104,105,106]",[],[],[],True,True,True,"[[0,1,2,3,4,5,6,7,8,9,10,11,12,13,14,15,16,17,18,19,20,21,22,23,24,25,26,27,28,29,30,31,32,33,34,35,36,37,38,39,40,41,42,43,44,45,46,47,48,49,50,51,52,53,54,55,56,57,58,59,60,61,62,63,64,65,66,67,68,69,70,71,72,73,74,75,76,77,78,79,80,81,82,83,84,85,86,87,88,89,90,91,92,93,94,95,96,97,98,99,100,101,102,103,104,105,106]]","[[0,1,2,3,8,9,10,13,23,30,32,33,35,36,38,39,40,41,42,44,45,47,53,55,56,57,58,60,61,65,66,68,70,77,91,96,97,98,99,100,106]]",22,False,False,False
order_development,g2-development-orders-02,DEVELOPMENT,f350a3d1a9aec7ebeb913f4267c321474810bcee5c23e082ba2195579fa542e4,cfg-b15b8281b73592fb,P-D-S,30,400,5,65,35,5,f05e91fc3a4ba52d8d1cb4ade137bac2412063a05e95659a1a3263c02ffa6278,VERIFIED,1676,True,"[0,1,2,3,12,13,14,15,16,17,18,19,20,31,32,41,42,43,44,45,46,47,48,49,50,51,52,53,54,55,56,57,58,59,60,61,62,63,64,65,66,67,68,69,70,71,72,73,74,75,76,77,78,79,80,81,82,83,84,85,86,87,88,89,90,91,92,93,94,95,96,97,98,99,100,101,102,103]",[],[],[],True,True,True,"[[0,1,2,3,4,5,6,7,8,9,10,11,12,13,14,15,16,17,18,19,20,21,22,23,24,25,26,27,28,29,30,31,32,33,34,35,36,37,38,39,40,41,42,43,44,45,46,47,48,49,50,51,52,53,54,55,56,57,58,59,60,61,62,63,64,65,66,67,68,69,70,71,72,73,74,75,76,77,78,79,80,81,82,83,84,85,86,87,88,89,90,91,92,93,94,95,96,97,98,99,100,101,102,103]]","[[0,4,5,7,9,11,12,14,15,21,22,23,25,26,27,28,29,30,33,35,36,38,40,41,52,67,90,92,95,96,99,101,103]]",6,False,False,False
evaluation_orders,g2-evaluation-orders-01,G2_EVAL,1750fd2e3d98560e264d9f9d8c14d6b5fb6e6d26c8f011542aab68e1f94543b4,cfg-b15b8281b73592fb,S-P-D,30,400,5,65,35,5,2d0f9eadb7822343fb7991bb24ea23681126aa48f8349cdf6be06fb10a7f24fa,VERIFIED,8424,False,[],[],[],[],False,True,True,"[[0,1,2,3,4,5,6,7,8,9,10,11,12,13,14,15,16,17,18,19,20,21,22,23,24,25,26,27,28,29,30,31,32,33,34,35,36,37,38,39,40,41,42,43,44,45,46,47,48,49,50,51,52,53,54,55,56,57,58,59,60,61,62,63,64,65,66,67,68,69,70,71,72,73,74,75,76,77,78,79,80,81,82,83,84,85,86,87,88,89,90,91,92,93,94,95,96,97,98,99,100,101,102,103,104,105,106,107,108,109,110,111]]","[[0,1,2,3,6,8,17,20,21,25,27,28,29,30,31,32,35,53,54,60,69,70,71,72,76,80,82,83,84,85,89,93,98,100,101,102,103,105,107,111]]",0,False,False,False
evaluation_orders,g2-evaluation-orders-01,G2_EVAL,1750fd2e3d98560e264d9f9d8c14d6b5fb6e6d26c8f011542aab68e1f94543b4,cfg-b15b8281b73592fb,S-P-D,30,400,5,65,35,5,2d0f9eadb7822343fb7991bb24ea23681126aa48f8349cdf6be06fb10a7f24fa,VERIFIED,8435,False,[],[],[],[],False,True,True,"[[0,1,2,3,4,5,6,7,8,9,10,11,12,13,14,15,16,17,18,19,20,21,22,23,24,25,26,27,28,29,30,31,32,33,34,35,36,37,38,39,40,41,42,43,44,45,46,47,48,49,50,51,52,53,54,55,56,57,58,59,60,61,62,63,64,65,66,67,68,69,70,71,72,73,74,75,76,77,78,79,80,81,82,83,84,85,86,87,88,89,90,91,92,93,94,95,96,97,98,99,100,101,102,103]]","[[0,11,18,26,32,34,35,36,42,47,48,51,57,59,61,63,70,72,79,80,81,82,85,89,90,100,101,103]]",0,False,False,False
evaluation_orders,g2-evaluation-orders-01,G2_EVAL,1750fd2e3d98560e264d9f9d8c14d6b5fb6e6d26c8f011542aab68e1f94543b4,cfg-b15b8281b73592fb,S-P-D,30,400,5,65,35,5,2d0f9eadb7822343fb7991bb24ea23681126aa48f8349cdf6be06fb10a7f24fa,VERIFIED,3641,False,[],[],[],[],False,True,True,"[[0,1,2,3,4,5,6,7,8,9,10,11,12,13,14,15,16,17,18,19,20,21,22,23,24,25,26,27,28,29,30,31,32,33,34,35,36,37,38,39,40,41,42,43,44,45,46,47,48,49,50,51,52,53,54,55,56,57,58,59,60,61,62,63,64,65,66,67,68,69,70,71,72,73,74,75,76,77,78,79,80,81,82,83,84,85,86,87,88,89,90,91,92,93,94,95,96,97,98,99,100,101,102,103,104,105]]","[[0,4,5,12,16,17,18,19,20,21,23,24,25,27,28,30,37,40,41,42,44,45,46,54,55,56,57,58,59,61,64,65,67,68,78,79,80,81,89,95,96,105]]",0,False,False,False
evaluation_orders,g2-evaluation-orders-01,G2_EVAL,1750fd2e3d98560e264d9f9d8c14d6b5fb6e6d26c8f011542aab68e1f94543b4,cfg-b15b8281b73592fb,S-P-D,30,400,5,65,35,5,2d0f9eadb7822343fb7991bb24ea23681126aa48f8349cdf6be06fb10a7f24fa,VERIFIED,1887,False,[],[],[],[],False,True,True,"[[2,3,4,5,6],[7,8,9,10,11],[12,13,14,15,16],[17,18,19,20,21],[22,23,24,25,26],[27,28,29,30,31],[32,33,34,35,36],[41,42,43,44,45],[46,47,48,49,50],[51,52,53,54,55],[56,57,58,59,60],[61,62,63,64,65],[66,67,68,69,70],[71,72,73,74,75],[76,77,78,79,80],[81,82,83,84,85],[86,87,88,89,90,91,92,93,94,95,96,97]]","[[2,3,5,6],[7,11],[12,14,15,16],[17,20,21],[22,26],[27,31],[32,36],[41,45],[46,50],[51,53,54,55],[56,59,60],[61,65],[66,69,70],[71,75],[76,80],[81,82,85],[86,87,88,89,90,91,92,93,94,96,97]]",6,False,False,False
evaluation_orders,g2-evaluation-orders-01,G2_EVAL,1750fd2e3d98560e264d9f9d8c14d6b5fb6e6d26c8f011542aab68e1f94543b4,cfg-b15b8281b73592fb,S-P-D,30,400,5,65,35,5,2d0f9eadb7822343fb7991bb24ea23681126aa48f8349cdf6be06fb10a7f24fa,VERIFIED,7027,False,[],[],[],[],False,True,True,"[[0,1,2,3,4,5,6,7,8,9,10,11,12,13,14,15,16,17,18,19,20,21,22,23,24,25,26,27,28,29,30,31,32,33,34,35,36,37,38,39,40,41,42,43,44,45,46,47,48,49,50,51,52,53,54,55,56,57,58,59,60,61,62,63,64,65,66,67,68,69,70,71,72,73,74,75,76,77,78,79,80,81,82,83,84,85,86,87,88,89,90,91,92,93,94,95,96,97,98,99,100,101,102,103,104,105,106]]","[[0,1,6,9,10,11,12,14,15,18,20,21,22,23,24,25,26,28,29,31,32,36,37,38,40,41,42,45,47,48,55,56,58,63,65,66,67,71,73,74,75,77,78,79,80,81,83,86,89,92,94,95,96,104,105,106]]",0,False,False,False
evaluation_orders,g2-evaluation-orders-01,G2_EVAL,1750fd2e3d98560e264d9f9d8c14d6b5fb6e6d26c8f011542aab68e1f94543b4,cfg-b15b8281b73592fb,S-P-D,30,400,5,65,35,5,2d0f9eadb7822343fb7991bb24ea23681126aa48f8349cdf6be06fb10a7f24fa,VERIFIED,7171,False,[],[],[],[],False,True,True,"[[0,1,2,3,4,5,6,7,8,9,10,11,12,13,14,15,16,17,18,19,20,21,22,23,24,25,26,27,28,29,30,31,32,33,34,35,36,37,38,39,40,41,42,43,44,45,46,47,48,49,50,51,52,53,54,55,56,57,58,59,60,61,62,63,64,65,66,67,68,69,70,71,72,73,74,75,76,77,78,79,80,81,82,83,84,85,86,87,88,89,90,91,92,93,94,95,96,97,98,99,100,101,102,103,104,105,106,107,108,109,110,111,112,113,114,115]]","[[0,1,2,4,5,6,7,8,11,12,17,18,19,26,27,28,29,42,43,44,45,47,50,52,53,55,56,73,77,78,82,83,90,93,94,95,96,97,98,99,101,103,105,106,108,109,111,115]]",0,False,False,False
evaluation_orders,g2-evaluation-orders-01,G2_EVAL,1750fd2e3d98560e264d9f9d8c14d6b5fb6e6d26c8f011542aab68e1f94543b4,cfg-b15b8281b73592fb,S-P-D,30,400,5,65,35,5,2d0f9eadb7822343fb7991bb24ea23681126aa48f8349cdf6be06fb10a7f24fa,VERIFIED,11325,False,[],[],[],[],False,True,True,"[[2,3,4,5,6,7,8,9,10,11,12],[13,14,15,16,17,18,19,20,21,22],[23,24,25,26,27,28,29,30,31,32,33,34,35,36,37,38,39,40,41,42],[43,44,45,46,47],[48,49,50,51,52,53,54,55,56,57],[58,59,60,61,62],[63,64,65,66,67],[68,69,70,71,72],[73,74,75,76,77],[78,79,80,81,82,83,84,85,86,87,88,89,90,91,92,93,94,95,96,97],[98,99,100,101,102]]","[[2,5,6,7,8,9,10,12],[13,14,15,17,18,20,22],[23,26,27,32,33,34,35,36,37,38,39,40,41,42],[43,47],[48,50,51,52,53,57],[58,62],[63,64,67],[68,71,72],[73,77],[78,81,83,84,87,88,89,90,97],[98,100,102]]",5,False,False,False
evaluation_orders,g2-evaluation-orders-01,G2_EVAL,1750fd2e3d98560e264d9f9d8c14d6b5fb6e6d26c8f011542aab68e1f94543b4,cfg-b15b8281b73592fb,S-P-D,30,400,5,65,35,5,2d0f9eadb7822343fb7991bb24ea23681126aa48f8349cdf6be06fb10a7f24fa,VERIFIED,4125,False,[],[],[],[],False,True,True,"[[0,1,2,3,4,5,6,7,8,9,10,11,12,13,14,15,16,17,18,19,20,21,22,23,24,25,26,27,28,29,30,31,32,33,34,35,36,37,38,39,40,41,42,43,44,45,46,47,48,49,50,51,52,53,54,55,56,57,58,59,60,61,62,63,64,65,66,67,68,69,70,71,72,73,74,75,76,77,78,79,80,81,82,83,84,85,86,87,88,89,90,91,92,93,94,95,96]]","[[0,1,5,7,9,10,11,12,13,14,15,16,17,18,24,25,27,28,31,32,33,35,37,38,39,40,42,43,44,45,46,47,48,50,53,54,55,56,58,59,60,61,62,64,65,67,69,77,78,79,81,83,84,85,88,90,92,94,96]]",0,False,False,False
evaluation_orders,g2-evaluation-orders-01,G2_EVAL,1750fd2e3d98560e264d9f9d8c14d6b5fb6e6d26c8f011542aab68e1f94543b4,cfg-b15b8281b73592fb,S-P-D,30,400,5,65,35,5,2d0f9eadb7822343fb7991bb24ea23681126aa48f8349cdf6be06fb10a7f24fa,VERIFIED,7153,False,[],[],[],[],False,True,True,"[[2,3,4,5,6],[11,12,13,14,15],[16,17,18,19,20,21,22,23,24,25],[26,27,28,29,30],[31,32,33,34,35],[36,37,38,39,40],[41,42,43,44,45,46,47,48,49,50,51,52,53,54,55,56,57,58,59,60,61,62,63,64,65,66,67,68,69,70,71,72,73,74,75,76,77,78,79,80,81,82,83,84,85,86,87]]","[[2,6],[11,15],[16,17,19,20,21,25],[26,27,28,29,30],[31,35],[36,40],[41,42,43,51,52,53,54,55,56,59,60,65,66,68,70,71,72,74,77,80,82,84,85,87]]",6,False,False,False
evaluation_orders,g2-evaluation-orders-01,G2_EVAL,1750fd2e3d98560e264d9f9d8c14d6b5fb6e6d26c8f011542aab68e1f94543b4,cfg-b15b8281b73592fb,S-P-D,30,400,5,65,35,5,2d0f9eadb7822343fb7991bb24ea23681126aa48f8349cdf6be06fb10a7f24fa,VERIFIED,2192,False,[],[],[],[],False,True,True,"[[0,1,2,3,4,5,6,7,8,9,10,11,12,13,14,15,16,17,18,19,20,21,22,23,24,25,26,27,28,29,30,31,32,33,34,35,36,37,38,39,40,41,42,43,44,45,46,47,48,49,50,51,52,53,54,55,56,57,58,59,60],[61,62,63,64,65,66,67,68,69,70,71,72,73,74,75,76,77,78,79,80,81,82,83,84,85,86,87,88,89,90,91,92,93,94,95,96,97,98,99,100,101,102,103,104]]","[[0,1,2,5,8,9,13,14,19,29,36,37,43,44,47,49,51,52,60],[61,62,63,64,66,67,78,83,88,93,104]]",0,False,False,False
evaluation_orders,g2-evaluation-orders-01,G2_EVAL,1750fd2e3d98560e264d9f9d8c14d6b5fb6e6d26c8f011542aab68e1f94543b4,cfg-b15b8281b73592fb,S-P-D,30,400,5,65,35,5,2d0f9eadb7822343fb7991bb24ea23681126aa48f8349cdf6be06fb10a7f24fa,VERIFIED,10003,False,[],[],[],[],False,True,True,"[[0,1,2,3,4,5,6,7,8,9,10,11,12,13,14,15,16,17,18,19,20,21,22,23,24,25,26,27,28,29,30,31,32,33,34,35,36,37,38,39,40,41,42,43,44,45,46,47,48,49,50,51,52,53,54,55,56,57,58,59,60,61,62,63,64,65,66,67,68,69,70,71,72,73,74,75,76,77,78,79,80,81,82,83,84,85,86,87,88,89,90,91,92,93,94,95,96,97,98,99,100,101,102,103,104,105,106,107,108,109,110,111,112,113,114,115,116]]","[[0,6,9,13,14,15,16,19,21,22,23,24,29,30,34,35,36,41,44,46,47,48,58,63,64,65,67,68,70,72,74,77,78,88,90,91,95,96,98,99,101,103,116]]",0,False,False,False
evaluation_orders,g2-evaluation-orders-01,G2_EVAL,1750fd2e3d98560e264d9f9d8c14d6b5fb6e6d26c8f011542aab68e1f94543b4,cfg-b15b8281b73592fb,S-P-D,30,400,5,65,35,5,2d0f9eadb7822343fb7991bb24ea23681126aa48f8349cdf6be06fb10a7f24fa,VERIFIED,7179,False,[],[],[],[],False,True,True,"[[0,1,2,3,4,5,6,7,8,9,10],[11,12,13,14,15,16,17,18,19,20,21],[22,23,24,25,26,27,28,29,30,31,32],[33,34,35,36,37,38,39,40,41,42,43,44,45,46,47,48,49,50,51,52,53,54,55,56,57],[58,59,60,61,62,63,64,65,66,67,68,69,70,71,72,73,74,75,76,77,78,79,80,81,82,83,84,85,86,87,88,89,90,91,92,93,94,95,96,97,98,99,100,101]]","[[0,1,10],[11,15,16,17,19,20,21],[22,23,24,28,29,32],[33,36,37,38,39,42,43,44,46,48,49,50,51,52,53,55,56,57],[58,60,61,62,63,64,65,68,69,70,71,72,73,80,81,82,83,85,87,88,95,97,99,101]]",0,False,False,False
evaluation_orders,g2-evaluation-orders-01,G2_EVAL,1750fd2e3d98560e264d9f9d8c14d6b5fb6e6d26c8f011542aab68e1f94543b4,cfg-b15b8281b73592fb,S-P-D,30,400,5,65,35,5,2d0f9eadb7822343fb7991bb24ea23681126aa48f8349cdf6be06fb10a7f24fa,VERIFIED,7095,False,[],[],[],[],False,True,True,"[[0,1,2,3,4,5,6,7,8,9,10,11,12,13,14,15,16,17,18,19,20,21,22,23,24,25,26,27,28,29,30,31,32,33,34,35,36,37,38,39,40,41],[43,44,45,46,47,48,49,50,51,52,53,54,55,56,57,58,59,60,61,62,63,64,65,66,67,68,69,70,71,72,73,74,75,76,77,78,79,80,81,82,83,84,85,86,87,88,89,90,91,92,93,94,95,96]]","[[0,1,24,41],[43,44,45,53,66,74,76,79,83,86,87,88,96]]",1,False,False,False
evaluation_orders,g2-evaluation-orders-01,G2_EVAL,1750fd2e3d98560e264d9f9d8c14d6b5fb6e6d26c8f011542aab68e1f94543b4,cfg-b15b8281b73592fb,S-P-D,30,400,5,65,35,5,2d0f9eadb7822343fb7991bb24ea23681126aa48f8349cdf6be06fb10a7f24fa,VERIFIED,10978,False,[],[],[],[],False,True,True,"[[0,1,2,3,4,5,6,7,8,9,10,11,12,13,14,15,16,17,18,19,20,21,22,23,24,25,26,27,28,29,30,31,32,33,34,35,36,37,38,39,40,41,42,43,44,45,46,47,48,49,50,51,52,53,54,55,56,57,58,59,60,61,62,63,64,65,66,67,68,69,70,71,72,73,74,75,76,77,78,79,80,81,82,83,84,85,86,87,88,89,90,91,92,93,94,95,96,97,98,99,100,101,102,103,104]]","[[0,1,7,8,9,13,15,16,17,19,22,33,34,35,38,39,40,41,42,46,62,65,66,67,77,79,87,88,90,91,95,96,97,101,104]]",0,False,False,False
evaluation_orders,g2-evaluation-orders-01,G2_EVAL,1750fd2e3d98560e264d9f9d8c14d6b5fb6e6d26c8f011542aab68e1f94543b4,cfg-b15b8281b73592fb,S-P-D,30,400,5,65,35,5,2d0f9eadb7822343fb7991bb24ea23681126aa48f8349cdf6be06fb10a7f24fa,VERIFIED,2950,False,[],[],[],[],False,True,True,"[[0,1,2,3,4,5,6,7,8,9,10,11,12,13,14,15,16,17,18,19,20,21,22,23,24,25,26,27,28,29,30,31,32,33,34,35,36,37,38,39,40,41,42,43,44,45,46,47,48,49,50,51,52,53],[54,55,56,57,58,59,60,61,62,63,64,65,66,67,68,69,70,71,72,73,74,75,76,77,78,79,80,81,82,83,84,85,86,87,88,89,90,91,92,93,94,95,96,97,98,99,100,101,102,103]]","[[0,4,5,12,13,14,17,22,23,24,27,28,34,35,36,38,39,46,53],[54,63,64,65,84,95,98,99,101,102,103]]",0,False,False,False
evaluation_orders,g2-evaluation-orders-01,G2_EVAL,1750fd2e3d98560e264d9f9d8c14d6b5fb6e6d26c8f011542aab68e1f94543b4,cfg-b15b8281b73592fb,S-P-D,30,400,5,65,35,5,2d0f9eadb7822343fb7991bb24ea23681126aa48f8349cdf6be06fb10a7f24fa,VERIFIED,11065,False,[],[],[],[],False,True,True,"[[0,1,2,3,4,5,6,7,8,9,10,11,12,13,14,15,16,17,18,19,20,21,22,23,24,25,26,27,28,29,30,31,32,33,34,35,36,37,38,39,40,41,42,43,44,45,46,47,48,49,50,51,52,53,54,55,56,57,58,59,60],[61,62,63,64,65],[66,67,68,69,70],[71,72,73,74,75],[76,77,78,79,80]]","[[0,2,3,5,9,13,14,15,17,21,22,35,37,40,47,60],[61,65],[66,70],[71,75],[76,79,80]]",0,False,False,False
evaluation_orders,g2-evaluation-orders-01,G2_EVAL,1750fd2e3d98560e264d9f9d8c14d6b5fb6e6d26c8f011542aab68e1f94543b4,cfg-b15b8281b73592fb,S-P-D,30,400,5,65,35,5,2d0f9eadb7822343fb7991bb24ea23681126aa48f8349cdf6be06fb10a7f24fa,VERIFIED,9407,False,[],[],[],[],False,True,True,"[[0,1,2,3,4,5,6,7,8,9,10,11,12,13,14,15,16,17,18,19,20,21,22,23,24,25,26,27,28,29,30,31,32,33,34,35,36,37,38,39,40,41,42,43,44,45,46,47,48,49,50,51,52,53,54,55,56,57,58,59,60,61,62,63,64,65,66,67,68,69,70,71,72,73,74,75,76,77,78,79,80,81,82,83,84,85,86,87,88,89,90,91,92,93,94,95,96,97,98,99,100,101,102,103,104,105,106]]","[[0,11,16,20,23,24,25,29,32,35,36,37,39,40,41,44,53,55,58,61,67,68,71,72,79,80,92,96,106]]",0,False,False,False
evaluation_orders,g2-evaluation-orders-01,G2_EVAL,1750fd2e3d98560e264d9f9d8c14d6b5fb6e6d26c8f011542aab68e1f94543b4,cfg-b15b8281b73592fb,S-P-D,30,400,5,65,35,5,2d0f9eadb7822343fb7991bb24ea23681126aa48f8349cdf6be06fb10a7f24fa,VERIFIED,2225,False,[],[],[],[],False,True,True,"[[0,1,2,3,4,5,6,7,8,9,10,11,12,13,14,15,16,17,18,19,20,21,22,23,24,25,26,27,28,29,30,31,32,33,34,35,36,37,38,39,40,41,42,43,44,45,46,47,48,49,50,51,52,53,54,55,56,57,58,59,60,61,62,63,64,65,66,67,68,69,70,71,72,73,74,75,76,77,78,79,80,81,82,83,84,85,86,87,88,89,90,91,92,93,94,95,96,97,98]]","[[0,1,3,4,5,6,7,9,10,13,16,17,18,25,26,30,35,36,37,40,41,42,45,58,59,69,71,72,73,80,81,83,84,86,88,94,98]]",0,False,False,False
evaluation_orders,g2-evaluation-orders-01,G2_EVAL,1750fd2e3d98560e264d9f9d8c14d6b5fb6e6d26c8f011542aab68e1f94543b4,cfg-b15b8281b73592fb,S-P-D,30,400,5,65,35,5,2d0f9eadb7822343fb7991bb24ea23681126aa48f8349cdf6be06fb10a7f24fa,VERIFIED,822,False,[],[],[],[],False,True,True,"[[0,1,2,3,4,5,6,7,8,9,10,11,12,13,14,15,16,17,18,19,20,21,22,23,24,25,26,27,28,29,30,31,32,33,34,35,36,37,38,39,40,41,42,43,44,45,46,47,48,49,50,51,52,53,54,55,56,57,58,59,60,61,62,63,64,65,66,67,68,69,70,71,72,73,74,75,76,77,78,79,80,81,82,83,84,85,86,87,88,89,90,91,92,93,94,95,96,97,98,99,100,101,102,103,104]]","[[0,2,10,11,13,14,16,21,23,24,25,26,27,28,29,32,33,34,35,38,47,48,50,58,59,60,61,65,66,67,68,69,71,94,96,97,98,99,100,104]]",0,False,False,False
evaluation_orders,g2-evaluation-orders-01,G2_EVAL,1750fd2e3d98560e264d9f9d8c14d6b5fb6e6d26c8f011542aab68e1f94543b4,cfg-b15b8281b73592fb,S-P-D,30,400,5,65,35,5,2d0f9eadb7822343fb7991bb24ea23681126aa48f8349cdf6be06fb10a7f24fa,VERIFIED,9996,False,[],[],[],[],False,True,True,"[[1,2,3,4,5,6,7,8,9],[10,11,12,13,14,15,16,17,18,19,20,21,22,23,24,25,26,27,28,29,30,31,32,33,34,35,36,37,38,39,40,41,42,43,44,45,46,47,48,49,50,51,52,53,54,55,56,57,58,59,60,61,62,63,64,65,66,67,68,69,70,71,72,73,74,75,76,77,78,79,80,81,82,83,84,85,86,87,88,89,90,91,92,93,94,95,96,97,98,99,100,101,102,103,104,105,106,107,108,109]]","[[1,3,5,6,7,9],[10,13,14,20,23,24,25,26,27,29,30,31,32,33,35,39,41,43,44,45,47,50,51,54,55,56,57,60,63,65,66,72,75,82,102,106,109]]",1,False,False,False
evaluation_orders,g2-evaluation-orders-01,G2_EVAL,1750fd2e3d98560e264d9f9d8c14d6b5fb6e6d26c8f011542aab68e1f94543b4,cfg-b15b8281b73592fb,S-P-D,30,400,5,65,35,5,2d0f9eadb7822343fb7991bb24ea23681126aa48f8349cdf6be06fb10a7f24fa,VERIFIED,7289,False,[],[],[],[],False,True,True,"[[0,1,2,3,4,5,6,7,8,9,10,11,12,13,14,15,16,17,18,19,20,21,22,23,24,25,26,27,28,29,30,31,32,33,34,35,36,37,38,39,40,41,42,43,44,45,46,47,48,49,50,51,52,53,54,55,56,57,58,59,60,61,62,63,64,65,66,67,68,69,70,71,72,73,74,75,76,77,78,79,80,81,82,83,84,85,86,87,88,89,90,91,92,93,94,95,96,97,98,99,100,101,102,103,104,105,106,107,108]]","[[0,3,6,7,18,23,24,48,69,71,77,78,81,85,86,87,97,98,103,104,105,108]]",4,False,False,False
evaluation_orders,g2-evaluation-orders-01,G2_EVAL,1750fd2e3d98560e264d9f9d8c14d6b5fb6e6d26c8f011542aab68e1f94543b4,cfg-b15b8281b73592fb,S-P-D,30,400,5,65,35,5,2d0f9eadb7822343fb7991bb24ea23681126aa48f8349cdf6be06fb10a7f24fa,VERIFIED,8617,False,[],[],[],[],False,True,True,"[[0,1,2,3,4,5,6,7,8,9,10,11,12,13,14,15,16,17,18,19,20,21,22,23,24,25,26,27,28,29,30,31,32,33,34,35,36,37,38,39,40],[41,42,43,44,45,46,47,48,49,50,51,52,53,54,55,56,57,58,59,60,61,62,63,64,65,66,67,68,69,70,71,72,73,74,75,76,77,78,79,80,81,82,83,84,85,86,87,88,89,90,91,92,93,94,95,96],[97,98,99,100,101,102,103,104]]","[[0,3,10,12,13,14,16,20,21,22,25,28,29,34,36,37,39,40],[41,44,46,49,50,53,54,57,61,66,67,72,73,74,75,78,79,86,87,90,91,93,96],[97,98,99,100,104]]",0,False,False,False
evaluation_orders,g2-evaluation-orders-01,G2_EVAL,1750fd2e3d98560e264d9f9d8c14d6b5fb6e6d26c8f011542aab68e1f94543b4,cfg-b15b8281b73592fb,S-P-D,30,400,5,65,35,5,2d0f9eadb7822343fb7991bb24ea23681126aa48f8349cdf6be06fb10a7f24fa,VERIFIED,2064,False,[],[],[],[],False,True,True,"[[0,1,2,3,4,5,6,7,8,9,10,11,12,13,14,15,16,17,18,19,20,21,22,23,24,25,26,27,28,29,30,31,32,33,34,35,36,37,38,39,40,41,42,43,44,45,46,47,48,49,50,51,52,53,54,55,56,57,58,59,60,61,62,63,64,65,66],[67,68,69,70,71],[72,73,74,75,76],[77,78,79,80,81,82,83,84,85,86],[87,88,89,90,91,92,93,94,95,96,97,98,99,100]]","[[0,2,3,5,9,10,14,15,23,27,29,30,31,32,34,37,38,39,40,41,42,43,44,50,51,53,54,55,56,58,59,60,62,63,64,66],[67,68,70,71],[72,73,74,75,76],[77,78,79,81,82,86],[87,88,89,98,99,100]]",0,False,False,False
evaluation_orders,g2-evaluation-orders-01,G2_EVAL,1750fd2e3d98560e264d9f9d8c14d6b5fb6e6d26c8f011542aab68e1f94543b4,cfg-b15b8281b73592fb,S-P-D,30,400,5,65,35,5,2d0f9eadb7822343fb7991bb24ea23681126aa48f8349cdf6be06fb10a7f24fa,VERIFIED,7253,False,[],[],[],[],False,True,True,"[[0,1,2,3,4,5,6,7,8,9,10,11,12,13,14,15,16,17,18,19,20,21,22,23,24,25,26,27,28,29,30,31,32,33,34,35,36,37,38,39,40,41,42,43,44,45,46,47,48,49,50,51,52,53,54,55,56,57,58,59,60,61,62,63,64,65,66,67,68,69,70,71,72,73,74,75,76,77,78,79,80,81,82,83,84,85,86,87,88,89,90,91,92,93,94,95,96,97,98,99,100,101,102]]","[[0,9,14,20,21,22,25,26,33,34,38,42,44,48,51,52,56,57,58,59,60,63,64,65,66,67,69,72,73,74,76,77,84,85,93,96,98,99,102]]",0,False,False,False
evaluation_orders,g2-evaluation-orders-01,G2_EVAL,1750fd2e3d98560e264d9f9d8c14d6b5fb6e6d26c8f011542aab68e1f94543b4,cfg-b15b8281b73592fb,S-P-D,30,400,5,65,35,5,2d0f9eadb7822343fb7991bb24ea23681126aa48f8349cdf6be06fb10a7f24fa,VERIFIED,3265,False,[],[],[],[],False,True,True,"[[0,1,2,3,4,5,6,7,8,9,10,11,12,13,14,15,16,17,18,19,20,21,22,23,24,25,26,27,28,29,30,31,32,33,34,35,36,37,38,39,40,41,42,43,44,45,46,47,48,49,50,51,52,53,54,55,56,57,58,59,60,61,62,63,64,65,66,67,68,69,70,71,72,73,74,75],[76,77,78,79,80],[81,82,83,84,85],[86,87,88,89,90],[91,92,93,94,95]]","[[0,9,10,12,18,20,21,30,31,32,36,39,41,52,56,57,61,62,63,64,65,67,68,69,71,72,75],[76,77,78,80],[81,85],[86,88,89,90],[91,95]]",3,False,False,False
evaluation_orders,g2-evaluation-orders-01,G2_EVAL,1750fd2e3d98560e264d9f9d8c14d6b5fb6e6d26c8f011542aab68e1f94543b4,cfg-b15b8281b73592fb,S-P-D,30,400,5,65,35,5,2d0f9eadb7822343fb7991bb24ea23681126aa48f8349cdf6be06fb10a7f24fa,VERIFIED,4678,False,[],[],[],[],False,True,True,"[[0,1,2,3,4,5,6,7,8,9,10,11,12,13,14,15,16,17,18,19,20,21,22,23,24,25,26,27,28,29,30,31,32,33,34,35,36,37,38,39,40,41,42],[51,52,53,54,55,56,57,58,59,60,61,62,63,64,65,66,67,68,69,70,71,72,73,74,75,76,77,78,79,80,81,82,83,84,85,86,87,88,89,90,91,92,93,94,95,96,97,98,99,100,101,102,103,104,105,106,107,108]]","[[0,1,5,7,10,11,12,13,18,20,21,22,27,29,30,34,35,36,38,39,40,41,42],[51,52,53,54,55,56,57,58,59,60,61,62,64,69,71,73,74,75,78,80,81,89,90,103,104,108]]",8,False,False,False
evaluation_orders,g2-evaluation-orders-01,G2_EVAL,1750fd2e3d98560e264d9f9d8c14d6b5fb6e6d26c8f011542aab68e1f94543b4,cfg-b15b8281b73592fb,S-P-D,30,400,5,65,35,5,2d0f9eadb7822343fb7991bb24ea23681126aa48f8349cdf6be06fb10a7f24fa,VERIFIED,2467,False,[],[],[],[],False,True,True,"[[3,4,5,6,7],[8,9,10,11,12],[13,14,15,16,17],[22,23,24,25,26],[27,28,29,30,31],[32,33,34,35,36],[41,42,43,44,45],[46,47,48,49,50],[51,52,53,54,55],[56,57,58,59,60],[63,64,65,66,67],[68,69,70,71,72],[73,74,75,76,77],[78,79,80,81,82],[83,84,85,86,87]]","[[3,4,5,7],[8,12],[13,17],[22,23,26],[27,30,31],[32,33,34,36],[41,44,45],[46,50],[51,53,54,55],[56,60],[63,67],[68,70,72],[73,77],[78,80,81,82],[83,84,87]]",16,False,False,False
evaluation_orders,g2-evaluation-orders-01,G2_EVAL,1750fd2e3d98560e264d9f9d8c14d6b5fb6e6d26c8f011542aab68e1f94543b4,cfg-b15b8281b73592fb,S-P-D,30,400,5,65,35,5,2d0f9eadb7822343fb7991bb24ea23681126aa48f8349cdf6be06fb10a7f24fa,VERIFIED,8522,False,[],[],[],[],False,True,True,"[[0,1,2,3,4,5,6,7,8,9,10,11,12,13,14,15,16],[17,18,19,20,21],[22,23,24,25,26],[27,28,29,30,31,32,33,34,35,36,37,38,39,40,41,42,43,44,45,46,47,48,49,50,51,52,53,54,55,56,57,58,59,60,61,62,63,64,65,66,67,68,69,70,71,72,73,74,75,76,77,78,79,80,81,82,83,84,85,86,87,88,89,90,91,92],[93,94,95,96,97,98,99,100,101,102,103,104,105,106,107]]","[[0,3,5,6,7,8,9,11,12,13,14,16],[17,18,19,20,21],[22,25,26],[27,31,32,36,37,40,41,42,44,45,46,47,48,52,54,58,61,62,65,73,74,75,78,79,87,88,92],[93,95,98,99,100,101,102,104,105,106,107]]",0,False,False,False
evaluation_orders,g2-evaluation-orders-01,G2_EVAL,1750fd2e3d98560e264d9f9d8c14d6b5fb6e6d26c8f011542aab68e1f94543b4,cfg-b15b8281b73592fb,S-P-D,30,400,5,65,35,5,2d0f9eadb7822343fb7991bb24ea23681126aa48f8349cdf6be06fb10a7f24fa,VERIFIED,1880,False,[],[],[],[],False,True,True,"[[1,2,3,4,5,6,7,8,9,10,11,12,13,14,15,16,17,18,19,20,21,22,23,24,25,26,27,28,29,30,31,32,33,34,35,36,37,38,39,40,41,42,43,44,45,46,47,48,49,50,51,52,53,54,55,56,57,58,59,60,61,62],[63,64,65,66,67,68,69,70,71,72,73,74,75,76,77,78,79,80,81,82,83,84,85,86,87,88,89,90,91,92,93,94,95,96,97,98,99,100,101,102,103,104,105,106,107,108]]","[[1,5,7,8,10,14,17,20,23,26,27,28,30,34,35,41,42,51,55,56,58,61,62],[63,64,65,74,80,81,82,85,86,89,90,91,92,93,94,95,96,98,100,101,104,106,107,108]]",4,False,False,False
evaluation_orders,g2-evaluation-orders-01,G2_EVAL,1750fd2e3d98560e264d9f9d8c14d6b5fb6e6d26c8f011542aab68e1f94543b4,cfg-b15b8281b73592fb,S-P-D,30,400,5,65,35,5,2d0f9eadb7822343fb7991bb24ea23681126aa48f8349cdf6be06fb10a7f24fa,VERIFIED,3725,False,[],[],[],[],False,True,True,"[[0,1,2,3,4,5,6,7,8,9,10,11,12,13,14,15,16,17,18,19,20,21,22,23,24,25,26,27,28,29,30,31,32,33,34,35,36,37,38,39,40,41,42,43,44,45,46,47,48,49,50,51,52,53,54,55,56,57,58,59,60,61,62,63,64,65,66,67,68,69,70,71,72,73,74],[75,76,77,78,79,80,81,82,83,84,85,86,87,88,89,90,91,92,93,94,95,96,97,98,99,100,101,102,103]]","[[0,1,3,5,6,7,8,9,10,12,13,15,16,17,18,25,27,33,37,38,39,41,44,45,47,48,54,56,57,58,59,60,63,64,65,66,67,68,69,70,71,72,73,74],[75,76,77,80,82,83,84,89,90,94,96,97,98,99,100,103]]",0,False,False,False
evaluation_orders,g2-evaluation-orders-01,G2_EVAL,1750fd2e3d98560e264d9f9d8c14d6b5fb6e6d26c8f011542aab68e1f94543b4,cfg-b15b8281b73592fb,S-P-D,30,400,5,65,35,5,2d0f9eadb7822343fb7991bb24ea23681126aa48f8349cdf6be06fb10a7f24fa,VERIFIED,5943,False,[],[],[],[],False,True,True,"[[0,1,2,3,4,5,6,7,8,9,10,11,12],[13,14,15,16,17],[18,19,20,21,22,23],[24,25,26,27,28,29,30,31,32],[37,38,39,40,41,42],[45,46,47,48,49,50,51,52,53,54,55,56,57,58,59,60,61,62,63,64,65,66,67,68,69,70,71,72,73,74,75,76,77,78,79,80,81,82],[83,84,85,86,87,88,89,90,91,92,93,94,95,96,97,98],[99,100,101,102,103,104,105,106,107,108,109,110,111]]","[[0,8,9,12],[13,15,16,17],[18,22,23],[24,25,28,29,30,31,32],[37,38,39,40,42],[45,47,50,51,53,55,56,60,61,64,65,69,70,71,75,80,82],[83,86,87,88,90,91,93,95,98],[99,100,101,104,105,106,108,110,111]]",6,False,False,False
evaluation_orders,g2-evaluation-orders-01,G2_EVAL,1750fd2e3d98560e264d9f9d8c14d6b5fb6e6d26c8f011542aab68e1f94543b4,cfg-b15b8281b73592fb,S-P-D,30,400,5,65,35,5,2d0f9eadb7822343fb7991bb24ea23681126aa48f8349cdf6be06fb10a7f24fa,VERIFIED,3479,False,[],[],[],[],False,True,True,"[[0,1,2,3,4,5,6,7,8,9,10,11,12,13,14,15,16,17,18,19,20,21,22,23,24,25,26,27,28,29,30,31,32,33,34,35,36,37,38,39,40,41,42,43,44,45,46,47,48,49,50,51,52,53,54,55,56,57,58,59,60,61,62,63,64,65,66,67,68,69,70,71,72,73,74],[75,76,77,78,79,80,81,82,83,84,85,86,87,88,89,90,91,92,93,94,95,96,97,98,99,100,101,102,103,104,105,106,107,108,109,110,111,112,113]]","[[0,2,3,4,5,6,7,16,17,19,20,21,26,27,28,29,30,31,32,33,34,35,36,37,38,39,40,41,42,43,44,45,46,47,48,51,52,53,56,57,61,62,65,66,68,69,70,71,72,74],[75,77,79,80,82,83,87,88,92,95,97,98,101,102,105,106,113]]",0,False,False,False
evaluation_orders,g2-evaluation-orders-01,G2_EVAL,1750fd2e3d98560e264d9f9d8c14d6b5fb6e6d26c8f011542aab68e1f94543b4,cfg-b15b8281b73592fb,S-P-D,30,400,5,65,35,5,2d0f9eadb7822343fb7991bb24ea23681126aa48f8349cdf6be06fb10a7f24fa,VERIFIED,7313,False,[],[],[],[],False,True,True,"[[0,1,2,3,4,5,6,7,8,9,10,11,12,13,14,15,16,17,18,19,20,21,22,23,24,25,26,27,28,29,30,31,32],[33,34,35,36,37,38,39,40,41,42,43,44,45,46,47,48,49,50,51,52,53,54,55,56,57,58,59,60,61,62,63,64,65,66,67,68,69,70,71,72,73,74,75,76,77,78,79,80,81,82,83,84,85,86,87,88,89,90,91,92,93,94,95,96,97,98,99,100,101,102,103,104]]","[[0,3,4,5,15,16,17,18,19,21,22,25,28,32],[33,35,36,37,38,41,46,47,48,49,53,54,56,57,60,62,64,66,67,68,69,70,71,72,73,74,77,78,79,81,86,87,90,96,97,99,101,102,103,104]]",3,False,False,False
evaluation_orders,g2-evaluation-orders-01,G2_EVAL,1750fd2e3d98560e264d9f9d8c14d6b5fb6e6d26c8f011542aab68e1f94543b4,cfg-b15b8281b73592fb,S-P-D,30,400,5,65,35,5,2d0f9eadb7822343fb7991bb24ea23681126aa48f8349cdf6be06fb10a7f24fa,VERIFIED,588,False,[],[],[],[],False,True,True,"[[0,1,2,3,4,5,6,7,8,9,10,11,12,13,14],[15,16,17,18,19,20,21,22,23,24,25,26,27,28,29,30,31,32,33,34,35,36,37,38,39,40,41,42,43,44,45,46,47,48,49,50,51,52,53,54,55,56,57,58,59,60,61,62,63,64,65,66,67,68,69,70,71,72,73,74,75,76,77,78,79,80,81,82,83,84,85,86,87,88,89,90,91,92,93,94,95,96,97,98,99,100,101,102,103,104,105,106,107]]","[[0,1,2,5,8,9,10,11,12,13,14],[15,16,17,18,19,23,28,36,40,41,43,44,45,47,49,51,52,53,54,55,57,60,62,63,64,65,72,73,75,76,80,82,83,84,85,86,87,94,99,101,102,103,104,105,106,107]]",0,False,False,False
evaluation_orders,g2-evaluation-orders-01,G2_EVAL,1750fd2e3d98560e264d9f9d8c14d6b5fb6e6d26c8f011542aab68e1f94543b4,cfg-b15b8281b73592fb,S-P-D,30,400,5,65,35,5,2d0f9eadb7822343fb7991bb24ea23681126aa48f8349cdf6be06fb10a7f24fa,VERIFIED,4549,False,[],[],[],[],False,True,True,"[[0,1,2,3,4,5,6,7,8,9,10,11,12,13,14,15,16,17,18,19,20,21,22,23,24,25,26,27,28,29,30,31,32,33,34,35,36,37,38,39,40,41,42,43,44,45,46,47,48,49,50],[51,52,53,54,55],[56,57,58,59,60,61],[62,63,64,65,66,67,68,69,70,71,72,73,74,75,76,77,78,79,80,81,82,83,84,85,86,87,88,89,90,91,92,93,94,95,96,97,98,99,100,101,102]]","[[0,1,9,14,15,16,17,18,19,20,25,28,29,31,32,36,37,38,43,44,45,47,48,49,50],[51,52,53,54,55],[56,57,61],[62,63,65,66,67,68,69,73,75,76,77,78,79,81,93,99,100,101,102]]",0,False,False,False
evaluation_orders,g2-evaluation-orders-01,G2_EVAL,1750fd2e3d98560e264d9f9d8c14d6b5fb6e6d26c8f011542aab68e1f94543b4,cfg-b15b8281b73592fb,S-P-D,30,400,5,65,35,5,2d0f9eadb7822343fb7991bb24ea23681126aa48f8349cdf6be06fb10a7f24fa,VERIFIED,7795,False,[],[],[],[],False,True,True,"[[0,1,2,3,4,5,6,7,8,9,10,11,12,13,14,15,16,17,18,19,20,21,22,23,24,25,26,27,28,29,30,31,32,33,34,35,36,37,38,39,40,41,42,43,44,45,46,47,48,49,50,51,52,53,54,55,56,57,58,59,60,61,62,63,64,65,66,67,68,69,70,71,72,73,74,75,76,77,78,79,80,81,82,83,84,85,86,87,88,89,90,91,92,93,94,95,96,97,98,99,100,101,102,103,104,105,106,107,108,109,110,111,112,113,114,115,116,117,118,119]]","[[0,2,6,8,9,12,13,14,17,24,25,38,39,40,41,42,44,47,48,50,51,53,55,56,57,58,60,64,68,69,70,78,79,80,82,87,92,95,96,97,101,108,109,110,116,119]]",0,False,False,False
evaluation_orders,g2-evaluation-orders-01,G2_EVAL,1750fd2e3d98560e264d9f9d8c14d6b5fb6e6d26c8f011542aab68e1f94543b4,cfg-b15b8281b73592fb,S-P-D,30,400,5,65,35,5,2d0f9eadb7822343fb7991bb24ea23681126aa48f8349cdf6be06fb10a7f24fa,VERIFIED,11034,False,[],[],[],[],False,True,True,"[[0,1,2,3,4,5,6,7,8,9,10,11,12,13,14,15,16,17,18,19,20,21,22,23,24,25,26,27,28,29,30,31,32,33,34,35,36,37,38,39,40],[41,42,43,44,45,46,47,48,49,50,51,52],[53,54,55,56,57,58,59,60,61,62,63,64,65,66,67,68,69,70,71,72,73,74,75,76,77,78,79,80,81,82,83,84,85,86,87,88,89,90,91,92,93,94,95,96,97,98,99,100,101,102,103,104,105,106,107,108,109,110,111,112,113,114,115,116,117,118,119,120,121,122,123,124]]","[[0,1,2,4,12,13,14,15,16,22,26,29,30,33,35,36,37,40],[41,44,46,47,48,49,51,52],[53,55,56,57,61,62,64,65,66,68,69,70,71,72,74,76,78,79,86,88,89,91,92,95,96,97,98,100,104,109,110,113,115,117,119,124]]",0,False,False,False
evaluation_orders,g2-evaluation-orders-01,G2_EVAL,1750fd2e3d98560e264d9f9d8c14d6b5fb6e6d26c8f011542aab68e1f94543b4,cfg-b15b8281b73592fb,S-P-D,30,400,5,65,35,5,2d0f9eadb7822343fb7991bb24ea23681126aa48f8349cdf6be06fb10a7f24fa,VERIFIED,11207,False,[],[],[],[],False,True,True,"[[0,1,2,3,4,5,6,7,8,9,10,11,12,13,14,15,16,17,18,19,20,21,22,23,24,25,26,27,28],[29,30,31,32,33,34,35,36,37,38,39,40,41,42,43,44,45,46,47,48,49,50,51,52,53,54,55,56,57,58,59,60,61,62,63,64,65,66,67,68,69,70,71,72,73,74,75,76,77,78,79,80,81,82,83,84,85,86,87,88,89,90,91,92,93,94,95,96,97,98,99,100,101,102,103,104,105,106,107,108,109,110]]","[[0,2,4,5,7,9,10,11,12,13,18,19,21,22,24,26,27,28],[29,38,39,52,53,54,55,58,60,61,62,69,76,78,86,87,89,94,101,103,110]]",0,False,False,False
evaluation_orders,g2-evaluation-orders-01,G2_EVAL,1750fd2e3d98560e264d9f9d8c14d6b5fb6e6d26c8f011542aab68e1f94543b4,cfg-b15b8281b73592fb,S-P-D,30,400,5,65,35,5,2d0f9eadb7822343fb7991bb24ea23681126aa48f8349cdf6be06fb10a7f24fa,VERIFIED,8023,False,[],[],[],[],False,True,True,"[[0,1,2,3,4,5,6,7],[8,9,10,11,12,13,14,15,16,17,18,19,20,21,22,23,24],[25,26,27,28,29,30,31,32,33,34,35,36,37,38,39,40,41,42,43,44,45,46,47,48,49,50,51,52,53,54,55,56,57,58,59,60,61,62,63,64,65,66,67,68,69,70,71,72,73,74,75,76,77,78,79,80,81,82,83,84,85,86,87,88,89,90,91,92,93,94,95,96,97,98,99,100,101,102,103,104,105,106,107,108]]","[[0,4,5,7],[8,9,10,11,12,13,15,16,22,23,24],[25,26,27,28,30,31,32,33,34,35,36,37,38,39,40,41,43,44,45,46,47,48,49,50,51,52,53,54,56,57,61,66,70,71,72,73,75,76,78,81,82,83,84,85,87,91,95,96,97,101,102,103,105,106,107,108]]",0,False,False,False
evaluation_orders,g2-evaluation-orders-01,G2_EVAL,1750fd2e3d98560e264d9f9d8c14d6b5fb6e6d26c8f011542aab68e1f94543b4,cfg-b15b8281b73592fb,S-P-D,30,400,5,65,35,5,2d0f9eadb7822343fb7991bb24ea23681126aa48f8349cdf6be06fb10a7f24fa,VERIFIED,10927,False,[],[],[],[],False,True,True,"[[0,1,2,3,4,5,6,7,8,9,10,11,12,13,14,15,16,17,18,19,20,21,22,23,24,25,26,27,28,29,30,31,32,33,34,35,36,37,38,39,40,41,42,43,44,45,46,47,48,49,50,51,52,53,54,55,56,57,58,59,60,61,62,63,64,65,66,67,68,69,70,71,72,73,74,75,76,77,78,79,80,81,82,83,84,85,86,87,88,89,90,91,92,93,94,95,96,97,98,99,100,101,102]]","[[0,11,16,17,19,21,22,23,27,28,30,35,36,37,45,70,72,81,83,90,92,102]]",0,False,False,False
evaluation_orders,g2-evaluation-orders-01,G2_EVAL,1750fd2e3d98560e264d9f9d8c14d6b5fb6e6d26c8f011542aab68e1f94543b4,cfg-b15b8281b73592fb,S-P-D,30,400,5,65,35,5,2d0f9eadb7822343fb7991bb24ea23681126aa48f8349cdf6be06fb10a7f24fa,VERIFIED,9880,False,[],[],[],[],False,True,True,"[[0,1,2,3,4,5,6,7,8,9,10,11,12,13,14,15,16,17,18,19,20,21,22,23,24,25,26,27,28,29,30,31,32,33,34,35,36,37,38,39,40,41,42,43,44,45,46,47,48,49,50,51,52,53,54,55,56,57,58,59,60,61,62,63,64,65,66,67,68,69,70,71,72,73,74,75,76,77,78,79,80,81,82,83],[84,85,86,87,88,89,90,91,92,93,94,95,96,97,98],[99,100,101,102,103,104]]","[[0,1,4,7,9,11,14,16,18,21,22,23,27,28,31,32,34,35,36,38,39,42,44,45,49,56,58,61,66,67,69,71,72,75,76,77,78,83],[84,89,91,92,94,96,98],[99,101,104]]",3,False,False,False
evaluation_orders,g2-evaluation-orders-01,G2_EVAL,1750fd2e3d98560e264d9f9d8c14d6b5fb6e6d26c8f011542aab68e1f94543b4,cfg-b15b8281b73592fb,S-P-D,30,400,5,65,35,5,2d0f9eadb7822343fb7991bb24ea23681126aa48f8349cdf6be06fb10a7f24fa,VERIFIED,10601,False,[],[],[],[],False,True,True,"[[0,1,2,3,4,5,6,7,8,9,10,11,12,13,14,15,16,17,18,19,20,21,22,23,24,25,26,27,28,29,30,31,32,33,34,35,36,37,38,39,40,41,42,43,44,45,46,47,48,49,50,51,52,53,54,55,56,57,58,59,60,61,62,63,64,65,66,67,68,69,70,71,72,73,74,75,76,77,78,79,80,81,82,83,84,85,86,87,88,89,90,91,92,93,94,95,96]]","[[0,23,36,39,40,45,46,47,50,55,56,59,60,61,62,63,64,65,66,67,69,70,73,80,81,82,96]]",2,False,False,False
evaluation_orders,g2-evaluation-orders-01,G2_EVAL,1750fd2e3d98560e264d9f9d8c14d6b5fb6e6d26c8f011542aab68e1f94543b4,cfg-b15b8281b73592fb,S-P-D,30,400,5,65,35,5,2d0f9eadb7822343fb7991bb24ea23681126aa48f8349cdf6be06fb10a7f24fa,VERIFIED,9458,False,[],[],[],[],False,True,True,"[[0,1,2,3,4,5,6,7,8,9,10,11,12,13,14,15,16,17,18,19,20,21,22,23,24,25,26,27,28,29,30,31,32,33,34,35,36,37,38,39,40,41,42,43,44,45,46,47,48,49,50,51,52,53,54,55,56,57,58,59,60,61,62,63,64,65,66,67,68,69,70,71,72,73,74,75,76,77,78,79,80,81,82,83,84,85,86,87,88,89,90,91,92,93,94,95,96,97,98,99,100,101,102,103,104,105,106,107,108,109,110,111,112,113,114,115,116,117,118,119,120,121,122,123,124,125,126,127,128,129,130]]","[[0,1,2,3,4,11,12,13,17,19,21,22,25,28,30,31,33,34,35,38,47,48,62,63,64,65,66,67,68,71,78,92,93,95,102,103,105,106,107,109,114,121,122,123,124,130]]",0,False,False,False
evaluation_orders,g2-evaluation-orders-01,G2_EVAL,1750fd2e3d98560e264d9f9d8c14d6b5fb6e6d26c8f011542aab68e1f94543b4,cfg-b15b8281b73592fb,S-P-D,30,400,5,65,35,5,2d0f9eadb7822343fb7991bb24ea23681126aa48f8349cdf6be06fb10a7f24fa,VERIFIED,9673,False,[],[],[],[],False,True,True,"[[0,1,2,3,4,5,6],[7,8,9,10,11,12,13,14,15,16,17,18,19,20,21,22,23,24,25,26,27,28,29,30,31,32,33,34,35,36,37,38,39,40,41,42,43,44,45,46,47,48,49,50,51,52,53,54,55,56,57,58,59,60,61,62,63,64,65,66,67,68,69,70,71,72,73,74,75,76,77,78,79,80,81]]","[[0,2,6],[7,9,10,12,17,19,23,24,26,30,33,35,45,47,48,49,54,56,57,65,81]]",0,False,False,False
evaluation_orders,g2-evaluation-orders-01,G2_EVAL,1750fd2e3d98560e264d9f9d8c14d6b5fb6e6d26c8f011542aab68e1f94543b4,cfg-b15b8281b73592fb,S-P-D,30,400,5,65,35,5,2d0f9eadb7822343fb7991bb24ea23681126aa48f8349cdf6be06fb10a7f24fa,VERIFIED,2297,False,[],[],[],[],False,True,True,"[[0,1,2,3,4,5,6,7,8,9,10,11],[12,13,14,15,16,17,18,19,20,21,22,23],[24,25,26,27,28,29,30,31,32,33,34,35,36,37,38,39,40,41,42,43,44,45,46,47,48,49,50,51,52,53,54,55,56,57,58,59,60,61,62,63,64,65,66,67,68,69,70,71,72,73,74,75,76,77,78,79,80,81,82,83,84,85,86,87,88,89,90,91,92,93,94,95,96,97]]","[[0,3,5,7,9,11],[12,13,14,15,16,18,19,21,22,23],[24,25,26,28,30,32,41,44,46,52,97]]",0,False,False,False
evaluation_orders,g2-evaluation-orders-01,G2_EVAL,1750fd2e3d98560e264d9f9d8c14d6b5fb6e6d26c8f011542aab68e1f94543b4,cfg-b15b8281b73592fb,S-P-D,30,400,5,65,35,5,2d0f9eadb7822343fb7991bb24ea23681126aa48f8349cdf6be06fb10a7f24fa,VERIFIED,3028,False,[],[],[],[],False,True,True,"[[0,1,2,3,4,5,6,7,8,9,10,11,12,13,14,15,16,17,18,19,20,21,22,23,24,25,26,27,28,29,30,31,32,33,34,35,36,37,38,39,40,41,42,43,44,45,46,47,48,49,50,51,52,53,54,55,56,57,58,59,60,61,62,63,64,65,66,67,68,69,70,71,72,73,74,75,76,77,78,79,80,81,82,83,84,85,86,87,88,89,90,91,92,93,94,95,96,97,98,99,100,101,102,103,104,105,106,107,108,109,110,111,112,113,114,115,116,117,118,119,120,121,122,123,124,125,126,127,128,129,130,131,132,133,134,135,136,137,138,139,140,141,142,143,144,145,146]]","[[0,1,2,3,5,7,11,13,15,16,17,18,19,22,37,43,45,59,65,73,74,75,79,80,81,85,87,90,91,92,97,100,103,105,107,115,116,119,128,129,130,131,132,136,137,138,139,140,145,146]]",0,False,False,False
evaluation_orders,g2-evaluation-orders-01,G2_EVAL,1750fd2e3d98560e264d9f9d8c14d6b5fb6e6d26c8f011542aab68e1f94543b4,cfg-b15b8281b73592fb,S-P-D,30,400,5,65,35,5,2d0f9eadb7822343fb7991bb24ea23681126aa48f8349cdf6be06fb10a7f24fa,VERIFIED,6212,False,[],[],[],[],False,True,True,"[[0,1,2,3,4,5],[6,7,8,9,10,11,12,13,14,15,16,17,18,19,20,21,22,23,24,25,26,27,28,29,30,31,32,33,34,35,36,37,38,39,40,41,42,43,44,45,46,47,48,49,50,51,52,53,54,55,56,57,58,59,60,61,62,63,64,65,66,67,68,69,70,71,72,73,74,75,76,77,78,79,80,81,82,83,84,85,86,87,88,89,90,91,92,93,94,95,96,97,98,99,100,101,102,103,104]]","[[0,1,4,5],[6,10,11,12,15,18,19,21,22,23,26,28,29,31,32,35,36,38,40,42,43,45,47,49,53,54,55,56,57,79,104]]",0,False,False,False
evaluation_orders,g2-evaluation-orders-01,G2_EVAL,1750fd2e3d98560e264d9f9d8c14d6b5fb6e6d26c8f011542aab68e1f94543b4,cfg-b15b8281b73592fb,S-P-D,30,400,5,65,35,5,2d0f9eadb7822343fb7991bb24ea23681126aa48f8349cdf6be06fb10a7f24fa,VERIFIED,6779,False,[],[],[],[],False,True,True,"[[0,1,2,3,4,5,6,7,8,9,10,11,12,13,14,15,16,17,18,19,20,21,22,23,24,25,26,27,28,29,30,31,32,33,34,35,36,37,38,39,40,41,42,43,44,45,46,47,48,49,50,51,52,53,54,55,56,57,58,59,60,61,62,63,64,65,66,67,68,69,70,71,72,73,74,75,76,77,78,79,80,81,82,83,84,85,86,87,88,89,90,91,92,93,94,95,96,97,98,99,100,101,102,103,104,105,106,107,108,109,110,111,112,113],[114,115,116,117,118,119]]","[[0,7,9,11,14,18,19,20,21,25,26,32,33,34,35,36,37,42,43,44,46,48,49,50,51,52,53,54,55,62,67,69,71,72,77,78,83,84,85,86,90,91,94,101,102,106,107,110,113],[114,115,119]]",0,False,False,False
evaluation_orders,g2-evaluation-orders-01,G2_EVAL,1750fd2e3d98560e264d9f9d8c14d6b5fb6e6d26c8f011542aab68e1f94543b4,cfg-b15b8281b73592fb,S-P-D,30,400,5,65,35,5,2d0f9eadb7822343fb7991bb24ea23681126aa48f8349cdf6be06fb10a7f24fa,VERIFIED,7711,False,[],[],[],[],False,True,False,[],[],100,True,True,False
evaluation_orders,g2-evaluation-orders-01,G2_EVAL,1750fd2e3d98560e264d9f9d8c14d6b5fb6e6d26c8f011542aab68e1f94543b4,cfg-b15b8281b73592fb,S-P-D,30,400,5,65,35,5,2d0f9eadb7822343fb7991bb24ea23681126aa48f8349cdf6be06fb10a7f24fa,VERIFIED,9787,False,[],[],[],[],False,True,False,[],[],99,True,True,False
evaluation_orders,g2-evaluation-orders-01,G2_EVAL,1750fd2e3d98560e264d9f9d8c14d6b5fb6e6d26c8f011542aab68e1f94543b4,cfg-b15b8281b73592fb,S-P-D,30,400,5,65,35,5,2d0f9eadb7822343fb7991bb24ea23681126aa48f8349cdf6be06fb10a7f24fa,VERIFIED,10913,False,[],[],[],[],False,True,False,[],[],101,True,True,False
evaluation_orders,g2-evaluation-orders-01,G2_EVAL,1750fd2e3d98560e264d9f9d8c14d6b5fb6e6d26c8f011542aab68e1f94543b4,cfg-b15b8281b73592fb,S-P-D,30,400,5,65,35,5,2d0f9eadb7822343fb7991bb24ea23681126aa48f8349cdf6be06fb10a7f24fa,VERIFIED,9709,False,[],[],[],[],False,True,False,[],[],99,True,True,False
evaluation_orders,g2-evaluation-orders-01,G2_EVAL,1750fd2e3d98560e264d9f9d8c14d6b5fb6e6d26c8f011542aab68e1f94543b4,cfg-b15b8281b73592fb,S-P-D,30,400,5,65,35,5,2d0f9eadb7822343fb7991bb24ea23681126aa48f8349cdf6be06fb10a7f24fa,VERIFIED,2025,False,[],[],[],[],False,True,False,[],[],101,True,True,False
evaluation_orders,g2-evaluation-orders-01,G2_EVAL,1750fd2e3d98560e264d9f9d8c14d6b5fb6e6d26c8f011542aab68e1f94543b4,cfg-b15b8281b73592fb,S-P-D,30,400,5,65,35,5,2d0f9eadb7822343fb7991bb24ea23681126aa48f8349cdf6be06fb10a7f24fa,VERIFIED,4536,False,[],[],[],[],False,True,False,[],[],100,True,True,False
evaluation_orders,g2-evaluation-orders-01,G2_EVAL,1750fd2e3d98560e264d9f9d8c14d6b5fb6e6d26c8f011542aab68e1f94543b4,cfg-b15b8281b73592fb,S-P-D,30,400,5,65,35,5,2d0f9eadb7822343fb7991bb24ea23681126aa48f8349cdf6be06fb10a7f24fa,VERIFIED,112,False,[],[],[],[],False,True,False,[],[],97,True,True,False
evaluation_orders,g2-evaluation-orders-01,G2_EVAL,1750fd2e3d98560e264d9f9d8c14d6b5fb6e6d26c8f011542aab68e1f94543b4,cfg-b15b8281b73592fb,S-P-D,30,400,5,65,35,5,2d0f9eadb7822343fb7991bb24ea23681126aa48f8349cdf6be06fb10a7f24fa,VERIFIED,4930,False,[],[],[],[],False,True,False,[],[],99,True,True,False
evaluation_orders,g2-evaluation-orders-01,G2_EVAL,1750fd2e3d98560e264d9f9d8c14d6b5fb6e6d26c8f011542aab68e1f94543b4,cfg-b15b8281b73592fb,S-P-D,30,400,5,65,35,5,2d0f9eadb7822343fb7991bb24ea23681126aa48f8349cdf6be06fb10a7f24fa,VERIFIED,9069,False,[],[],[],[],False,True,False,[],[],99,True,True,False
evaluation_orders,g2-evaluation-orders-01,G2_EVAL,1750fd2e3d98560e264d9f9d8c14d6b5fb6e6d26c8f011542aab68e1f94543b4,cfg-b15b8281b73592fb,S-P-D,30,400,5,65,35,5,2d0f9eadb7822343fb7991bb24ea23681126aa48f8349cdf6be06fb10a7f24fa,VERIFIED,1596,False,[],[],[],[],False,True,False,[],[],98,True,True,False
evaluation_orders,g2-evaluation-orders-01,G2_EVAL,1750fd2e3d98560e264d9f9d8c14d6b5fb6e6d26c8f011542aab68e1f94543b4,cfg-b15b8281b73592fb,S-P-D,30,400,5,65,35,5,2d0f9eadb7822343fb7991bb24ea23681126aa48f8349cdf6be06fb10a7f24fa,VERIFIED,4153,False,[],[],[],[],False,True,False,[],[],99,True,True,False
evaluation_orders,g2-evaluation-orders-01,G2_EVAL,1750fd2e3d98560e264d9f9d8c14d6b5fb6e6d26c8f011542aab68e1f94543b4,cfg-b15b8281b73592fb,S-P-D,30,400,5,65,35,5,2d0f9eadb7822343fb7991bb24ea23681126aa48f8349cdf6be06fb10a7f24fa,VERIFIED,8941,False,[],[],[],[],False,True,False,[],[],99,True,True,False
evaluation_orders,g2-evaluation-orders-01,G2_EVAL,1750fd2e3d98560e264d9f9d8c14d6b5fb6e6d26c8f011542aab68e1f94543b4,cfg-b15b8281b73592fb,S-P-D,30,400,5,65,35,5,2d0f9eadb7822343fb7991bb24ea23681126aa48f8349cdf6be06fb10a7f24fa,VERIFIED,139,False,[],[],[],[],False,True,False,[],[],97,True,True,False
evaluation_orders,g2-evaluation-orders-01,G2_EVAL,1750fd2e3d98560e264d9f9d8c14d6b5fb6e6d26c8f011542aab68e1f94543b4,cfg-b15b8281b73592fb,S-P-D,30,400,5,65,35,5,2d0f9eadb7822343fb7991bb24ea23681126aa48f8349cdf6be06fb10a7f24fa,VERIFIED,6008,False,[],[],[],[],False,True,False,[],[],97,True,True,False
evaluation_orders,g2-evaluation-orders-01,G2_EVAL,1750fd2e3d98560e264d9f9d8c14d6b5fb6e6d26c8f011542aab68e1f94543b4,cfg-b15b8281b73592fb,S-P-D,30,400,5,65,35,5,2d0f9eadb7822343fb7991bb24ea23681126aa48f8349cdf6be06fb10a7f24fa,VERIFIED,4155,False,[],[],[],[],False,True,False,[],[],102,True,True,False
evaluation_orders,g2-evaluation-orders-01,G2_EVAL,1750fd2e3d98560e264d9f9d8c14d6b5fb6e6d26c8f011542aab68e1f94543b4,cfg-b15b8281b73592fb,S-P-D,30,400,5,65,35,5,2d0f9eadb7822343fb7991bb24ea23681126aa48f8349cdf6be06fb10a7f24fa,VERIFIED,6763,False,[],[],[],[],False,True,False,[],[],72,True,True,False
evaluation_orders,g2-evaluation-orders-01,G2_EVAL,1750fd2e3d98560e264d9f9d8c14d6b5fb6e6d26c8f011542aab68e1f94543b4,cfg-b15b8281b73592fb,S-P-D,30,400,5,65,35,5,2d0f9eadb7822343fb7991bb24ea23681126aa48f8349cdf6be06fb10a7f24fa,VERIFIED,7137,False,[],[],[],[],False,True,False,[],[],100,True,True,False
evaluation_orders,g2-evaluation-orders-01,G2_EVAL,1750fd2e3d98560e264d9f9d8c14d6b5fb6e6d26c8f011542aab68e1f94543b4,cfg-b15b8281b73592fb,S-P-D,30,400,5,65,35,5,2d0f9eadb7822343fb7991bb24ea23681126aa48f8349cdf6be06fb10a7f24fa,VERIFIED,4712,False,[],[],[],[],False,True,False,[],[],98,True,True,False
evaluation_orders,g2-evaluation-orders-01,G2_EVAL,1750fd2e3d98560e264d9f9d8c14d6b5fb6e6d26c8f011542aab68e1f94543b4,cfg-b15b8281b73592fb,S-P-D,30,400,5,65,35,5,2d0f9eadb7822343fb7991bb24ea23681126aa48f8349cdf6be06fb10a7f24fa,VERIFIED,6168,False,[],[],[],[],False,True,False,[],[],100,True,True,False
evaluation_orders,g2-evaluation-orders-01,G2_EVAL,1750fd2e3d98560e264d9f9d8c14d6b5fb6e6d26c8f011542aab68e1f94543b4,cfg-b15b8281b73592fb,S-P-D,30,400,5,65,35,5,2d0f9eadb7822343fb7991bb24ea23681126aa48f8349cdf6be06fb10a7f24fa,VERIFIED,14,False,[],[],[],[],False,True,False,[],[],100,True,True,False
evaluation_orders,g2-evaluation-orders-01,G2_EVAL,1750fd2e3d98560e264d9f9d8c14d6b5fb6e6d26c8f011542aab68e1f94543b4,cfg-b15b8281b73592fb,S-P-D,30,400,5,65,35,5,2d0f9eadb7822343fb7991bb24ea23681126aa48f8349cdf6be06fb10a7f24fa,VERIFIED,9296,False,[],[],[],[],False,True,False,[],[],67,True,True,False
evaluation_orders,g2-evaluation-orders-01,G2_EVAL,1750fd2e3d98560e264d9f9d8c14d6b5fb6e6d26c8f011542aab68e1f94543b4,cfg-b15b8281b73592fb,S-P-D,30,400,5,65,35,5,2d0f9eadb7822343fb7991bb24ea23681126aa48f8349cdf6be06fb10a7f24fa,VERIFIED,9242,False,[],[],[],[],False,True,False,[],[],100,True,True,False
evaluation_orders,g2-evaluation-orders-01,G2_EVAL,1750fd2e3d98560e264d9f9d8c14d6b5fb6e6d26c8f011542aab68e1f94543b4,cfg-b15b8281b73592fb,S-P-D,30,400,5,65,35,5,2d0f9eadb7822343fb7991bb24ea23681126aa48f8349cdf6be06fb10a7f24fa,VERIFIED,7616,False,[],[],[],[],False,True,False,[],[],104,True,True,False
evaluation_orders,g2-evaluation-orders-01,G2_EVAL,1750fd2e3d98560e264d9f9d8c14d6b5fb6e6d26c8f011542aab68e1f94543b4,cfg-b15b8281b73592fb,S-P-D,30,400,5,65,35,5,2d0f9eadb7822343fb7991bb24ea23681126aa48f8349cdf6be06fb10a7f24fa,VERIFIED,8152,False,[],[],[],[],False,True,False,[],[],100,True,True,False
evaluation_orders,g2-evaluation-orders-01,G2_EVAL,1750fd2e3d98560e264d9f9d8c14d6b5fb6e6d26c8f011542aab68e1f94543b4,cfg-b15b8281b73592fb,S-P-D,30,400,5,65,35,5,2d0f9eadb7822343fb7991bb24ea23681126aa48f8349cdf6be06fb10a7f24fa,VERIFIED,9467,False,[],[],[],[],False,True,True,"[[0,1,2,3,4,5,6,7,8,9,10,11,12,13,14,15,16,17,18,19,20,21,22,23,24,25,26,27,28,29,30,31,32,33,34,35,36,37,38,39,40,41,42,43,44,45,46,47,48,49,50,51,52,53,54,55,56,57,58,59,60,61,62,63,64,65,66,67,68,69,70,71,72,73,74,75,76,77,78,79,80,81,82,83,84,85,86,87,88,89,90,91,92,93,94,95,96,97,98,99,100,101,102,103,104]]","[[0,7,8,9,10,15,23,25,26,28,33,34,38,41,42,45,46,47,48,54,58,66,69,70,71,73,75,93,104]]",0,False,False,False
evaluation_orders,g2-evaluation-orders-01,G2_EVAL,1750fd2e3d98560e264d9f9d8c14d6b5fb6e6d26c8f011542aab68e1f94543b4,cfg-b15b8281b73592fb,S-P-D,30,400,5,65,35,5,2d0f9eadb7822343fb7991bb24ea23681126aa48f8349cdf6be06fb10a7f24fa,VERIFIED,10887,False,[],[],[],[],False,True,True,"[[0,1,2,3,4,5,6,7,8,9,10,11,12,13,14,15,16,17,18,19,20,21,22,23,24,25,26,27,28,29,30,31,32,33,34,35,36,37,38,39,40,41,42,43,44,45,46,47,48,49,50,51,52,53,54,55,56,57,58,59,60,61,62,63,64,65,66,67,68,69,70,71,72,73,74,75,76,77,78,79,80,81,82,83,84,85,86,87,88,89,90,91,92,93,94,95,96,97,98]]","[[0,53,61,77,90,98]]",0,False,False,False
evaluation_orders,g2-evaluation-orders-01,G2_EVAL,1750fd2e3d98560e264d9f9d8c14d6b5fb6e6d26c8f011542aab68e1f94543b4,cfg-b15b8281b73592fb,S-P-D,30,400,5,65,35,5,2d0f9eadb7822343fb7991bb24ea23681126aa48f8349cdf6be06fb10a7f24fa,VERIFIED,4357,False,[],[],[],[],False,True,True,"[[0,1,2,3,4,5,6,7,8,9,10,11,12,13,14,15,16,17,18,19,20,21,22,23,24,25,26,27,28,29,30,31,32,33,34,35,36,37,38,39,40,41,42,43,44,45,46,47,48,49,50,51,52,53,54,55,56,57,58,59,60,61,62,63,64,65,66,67,68,69,70,71,72,73,74,75,76,77,78,79,80,81,82,83,84,85,86,87,88,89,90,91,92,93,94,95,96,97,98,99,100]]","[[0,10,17,18,25,27,32,35,39,41,42,47,48,55,61,78,84,91,100]]",0,False,False,False
evaluation_orders,g2-evaluation-orders-01,G2_EVAL,1750fd2e3d98560e264d9f9d8c14d6b5fb6e6d26c8f011542aab68e1f94543b4,cfg-b15b8281b73592fb,S-P-D,30,400,5,65,35,5,2d0f9eadb7822343fb7991bb24ea23681126aa48f8349cdf6be06fb10a7f24fa,VERIFIED,7270,False,[],[],[],[],False,True,True,"[[0,1,2,3,4,5,6,7,8,9,10,11,12,13,14,15,16,17,18,19]]","[[0,2,3,4,7,8,9,10,12,13,15,17,19]]",0,False,False,False
evaluation_orders,g2-evaluation-orders-01,G2_EVAL,1750fd2e3d98560e264d9f9d8c14d6b5fb6e6d26c8f011542aab68e1f94543b4,cfg-b15b8281b73592fb,S-P-D,30,400,5,65,35,5,2d0f9eadb7822343fb7991bb24ea23681126aa48f8349cdf6be06fb10a7f24fa,VERIFIED,10677,False,[],[],[],[],False,True,True,"[[0,1,2,3,4,5,6,7,8,9,10,11,12,13,14,15,16,17,18,19,20,21,22,23,24,25,26,27,28,29,30,31,32,33,34,35,36,37,38,39,40,41,42,43,44,45,46,47,48,49,50,51,52,53,54,55,56,57,58,59,60,61,62,63,64,65,66,67,68,69,70,71,72,73,74,75,76,77,78,79,80,81,82,83,84,85,86,87,88,89,90,91,92,93,94,95,96,97,98,99]]","[[0,29,38,81,99]]",0,False,False,False
evaluation_orders,g2-evaluation-orders-01,G2_EVAL,1750fd2e3d98560e264d9f9d8c14d6b5fb6e6d26c8f011542aab68e1f94543b4,cfg-b15b8281b73592fb,S-P-D,30,400,5,65,35,5,2d0f9eadb7822343fb7991bb24ea23681126aa48f8349cdf6be06fb10a7f24fa,VERIFIED,827,False,[],[],[],[],False,True,True,"[[0,1,2,3,4,5,6,7,8,9,10,11,12,13,14,15,16,17,18,19,20,21,22,23,24,25,26,27,28,29,30,31,32,33,34,35,36,37,38,39,40,41,42,43,44,45,46,47,48,49,50,51,52,53,54,55,56,57,58,59,60,61,62,63,64,65,66,67,68,69,70,71,72,73,74,75,76,77,78,79,80,81,82,83,84,85,86,87,88,89,90,91,92,93,94,95,96,97]]","[[0,3,6,12,15,24,30,31,35,46,53,57,68,71,84,97]]",0,False,False,False
evaluation_orders,g2-evaluation-orders-01,G2_EVAL,1750fd2e3d98560e264d9f9d8c14d6b5fb6e6d26c8f011542aab68e1f94543b4,cfg-b15b8281b73592fb,S-P-D,30,400,5,65,35,5,2d0f9eadb7822343fb7991bb24ea23681126aa48f8349cdf6be06fb10a7f24fa,VERIFIED,955,False,[],[],[],[],False,True,True,"[[0,1,2,3,4,5,6,7,8,9,10,11,12,13,14,15,16,17,18,19,20,21,22,23,24,25,26,27,28,29,30,31,32,33,34,35,36,37,38,39,40,41,42,43,44,45,46,47,48,49,50,51,52,53,54,55,56,57,58,59,60,61,62,63,64,65,66,67,68,69,70,71,72,73,74,75,76,77,78,79,80,81,82,83,84,85,86,87,88,89,90,91,92,93,94,95,96,97,98,99]]","[[0,5,11,14,21,23,27,30,35,37,38,40,42,46,48,50,53,57,58,60,63,66,67,71,76,77,78,81,82,84,86,88,92,93,95,96,99]]",0,False,False,False
evaluation_orders,g2-evaluation-orders-01,G2_EVAL,1750fd2e3d98560e264d9f9d8c14d6b5fb6e6d26c8f011542aab68e1f94543b4,cfg-b15b8281b73592fb,S-P-D,30,400,5,65,35,5,2d0f9eadb7822343fb7991bb24ea23681126aa48f8349cdf6be06fb10a7f24fa,VERIFIED,2148,False,[],[],[],[],False,True,True,"[[0,1,2,3,4,5,6,7,8,9,10,11,12,13,14,15,16,17,18,19,20,21,22,23,24,25,26,27,28,29,30,31,32,33,34,35,36,37,38,39,40,41,42,43,44,45,46,47,48,49,50,51,52,53,54,55,56,57,58,59,60,61,62,63,64,65,66,67,68,69,70,71,72,73,74,75,76,77,78,79,80,81,82,83,84,85,86,87,88,89,90,91,92,93,94,95,96,97,98,99]]","[[0,26,56,60,66,78,92,99]]",0,False,False,False
evaluation_orders,g2-evaluation-orders-01,G2_EVAL,1750fd2e3d98560e264d9f9d8c14d6b5fb6e6d26c8f011542aab68e1f94543b4,cfg-b15b8281b73592fb,S-P-D,30,400,5,65,35,5,2d0f9eadb7822343fb7991bb24ea23681126aa48f8349cdf6be06fb10a7f24fa,VERIFIED,3715,False,[],[],[],[],False,True,True,"[[0,1,2,3,4,5,6,7,8,9,10,11,12,13,14,15,16,17,18,19,20,21,22,23,24,25,26,27,28,29,30,31,32,33,34,35,36,37,38,39,40,41,42,43,44,45,46,47,48,49,50,51,52,53,54,55,56,57,58,59,60,61,62,63,64,65,66,67,68,69,70,71,72,73,74,75,76,77,78,79,80,81,82,83,84,85,86,87,88,89,90,91,92,93,94,95,96,97]]","[[0,9,20,29,36,50,67,76,89,97]]",0,False,False,False
evaluation_orders,g2-evaluation-orders-01,G2_EVAL,1750fd2e3d98560e264d9f9d8c14d6b5fb6e6d26c8f011542aab68e1f94543b4,cfg-b15b8281b73592fb,S-P-D,30,400,5,65,35,5,2d0f9eadb7822343fb7991bb24ea23681126aa48f8349cdf6be06fb10a7f24fa,VERIFIED,9036,False,[],[],[],[],False,True,True,"[[0,1,2,3,4,5,6,7,8,9,10,11,12,13,14,15,16,17,18,19,20,21,22,23,24,25,26,27,28,29,30,31,32,33,34,35,36,37,38,39,40,41,42,43,44,45,46,47,48,49,50,51,52,53,54,55,56,57,58,59,60,61,62,63,64,65,66,67,68,69,70,71,72,73,74,75,76,77,78,79,80,81,82,83,84,85,86,87,88,89,90,91,92,93,94,95,96,97,98,99]]","[[0,67,76,93,99]]",0,False,False,False
evaluation_orders,g2-evaluation-orders-01,G2_EVAL,1750fd2e3d98560e264d9f9d8c14d6b5fb6e6d26c8f011542aab68e1f94543b4,cfg-b15b8281b73592fb,S-P-D,30,400,5,65,35,5,2d0f9eadb7822343fb7991bb24ea23681126aa48f8349cdf6be06fb10a7f24fa,VERIFIED,3131,False,[],[],[],[],False,True,True,"[[0,1,2,3,4,5,6,7,8,9,10,11,12,13,14,15,16,17,18,19,20,21,22,23,24,25,26,27,28,29,30,31,32,33,34,35,36,37,38,39,40,41,42,43,44,45,46,47,48,49,50,51,52,53,54,55,56,57,58,59,60,61,62,63,64,65,66,67,68,69,70,71,72,73,74,75,76,77,78,79,80,81,82,83,84,85,86,87,88,89,90,91,92,93,94,95,96,97,98,99]]","[[0,13,17,20,24,43,48,55,60,63,74,95,99]]",0,False,False,False
evaluation_orders,g2-evaluation-orders-01,G2_EVAL,1750fd2e3d98560e264d9f9d8c14d6b5fb6e6d26c8f011542aab68e1f94543b4,cfg-b15b8281b73592fb,S-P-D,30,400,5,65,35,5,2d0f9eadb7822343fb7991bb24ea23681126aa48f8349cdf6be06fb10a7f24fa,VERIFIED,6871,False,[],[],[],[],False,True,True,"[[0,1,2,3,4,5,6,7,8,9,10,11,12,13,14,15,16,17,18,19,20,21,22,23,24,25,26,27,28,29,30,31,32,33,34,35,36,37,38,39,40,41,42,43,44,45,46,47,48,49,50,51,52,53,54,55,56,57,58,59,60,61,62,63,64,65,66,67,68,69,70,71,72,73,74,75,76,77,78,79,80,81,82,83,84,85,86,87,88,89,90,91,92,93,94,95,96,97,98,99]]","[[0,31,92,99]]",0,False,False,False
evaluation_orders,g2-evaluation-orders-01,G2_EVAL,1750fd2e3d98560e264d9f9d8c14d6b5fb6e6d26c8f011542aab68e1f94543b4,cfg-b15b8281b73592fb,S-P-D,30,400,5,65,35,5,2d0f9eadb7822343fb7991bb24ea23681126aa48f8349cdf6be06fb10a7f24fa,VERIFIED,11351,False,[],[],[],[],False,True,False,[],[],100,True,True,False
evaluation_orders,g2-evaluation-orders-01,G2_EVAL,1750fd2e3d98560e264d9f9d8c14d6b5fb6e6d26c8f011542aab68e1f94543b4,cfg-b15b8281b73592fb,S-P-D,30,400,5,65,35,5,2d0f9eadb7822343fb7991bb24ea23681126aa48f8349cdf6be06fb10a7f24fa,VERIFIED,7033,False,[],[],[],[],False,True,True,"[[0,1,2,3,4,5,6,7,8,9,10,11,12,13,14,15,16,17,18,19,20,21,22,23,24,25,26,27,28,29,30,31,32,33,34,35,36,37,38,39,40,41,42,43,44,45,46,47,48,49,50,51,52,53,54,55,56,57,58,59,60,61,62,63,64,65,66,67,68,69,70,71,72,73,74,75,76,77,78,79,80,81,82,83,84,85,86,87,88,89,90,91,92,93,94,95,96,97,98,99,100,101]]","[[0,1,2,4,17,23,101]]",0,False,False,False
evaluation_orders,g2-evaluation-orders-01,G2_EVAL,1750fd2e3d98560e264d9f9d8c14d6b5fb6e6d26c8f011542aab68e1f94543b4,cfg-b15b8281b73592fb,S-P-D,30,400,5,65,35,5,2d0f9eadb7822343fb7991bb24ea23681126aa48f8349cdf6be06fb10a7f24fa,VERIFIED,8418,False,[],[],[],[],False,True,False,[],[],99,True,True,False
evaluation_orders,g2-evaluation-orders-01,G2_EVAL,1750fd2e3d98560e264d9f9d8c14d6b5fb6e6d26c8f011542aab68e1f94543b4,cfg-b15b8281b73592fb,S-P-D,30,400,5,65,35,5,2d0f9eadb7822343fb7991bb24ea23681126aa48f8349cdf6be06fb10a7f24fa,VERIFIED,1070,False,[],[],[],[],False,True,False,[],[],99,True,True,False
evaluation_orders,g2-evaluation-orders-01,G2_EVAL,1750fd2e3d98560e264d9f9d8c14d6b5fb6e6d26c8f011542aab68e1f94543b4,cfg-b15b8281b73592fb,S-P-D,30,400,5,65,35,5,2d0f9eadb7822343fb7991bb24ea23681126aa48f8349cdf6be06fb10a7f24fa,VERIFIED,33,False,[],[],[],[],False,True,True,"[[0,1,2,3,4,5,6,7,8,9,10,11,12,13,14,15,16,17,18,19,20,21,22,23,24,25,26,27,28,29,30,31,32,33,34,35,36,37,38,39,40,41,42,43,44,45,46,47,48,49,50,51,52,53,54,55,56,57,58,59,60,61,62,63,64,65,66,67,68,69,70,71,72,73,74,75,76,77,78,79,80,81,82,83,84,85,86,87,88,89,90,91,92,93,94,95,96,97,98]]","[[0,46,98]]",0,False,False,False
evaluation_orders,g2-evaluation-orders-01,G2_EVAL,1750fd2e3d98560e264d9f9d8c14d6b5fb6e6d26c8f011542aab68e1f94543b4,cfg-b15b8281b73592fb,S-P-D,30,400,5,65,35,5,2d0f9eadb7822343fb7991bb24ea23681126aa48f8349cdf6be06fb10a7f24fa,VERIFIED,2516,False,[],[],[],[],False,True,True,"[[0,1,2,3,4,5,6,7,8,9,10,11,12,13,14,15,16,17,18,19,20,21,22,23,24,25,26,27,28,29,30,31,32,33,34,35,36,37,38,39,40,41,42,43,44,45,46,47,48,49,50,51,52,53,54,55,56,57,58,59,60,61,62,63,64,65,66,67,68,69,70,71,72,73,74,75,76,77,78,79,80,81,82,83,84,85,86,87,88,89,90,91,92,93,94,95,96,97,98,99,100]]","[[0,4,16,31,77,79,82,83,91,92,93,100]]",0,False,False,False
evaluation_orders,g2-evaluation-orders-01,G2_EVAL,1750fd2e3d98560e264d9f9d8c14d6b5fb6e6d26c8f011542aab68e1f94543b4,cfg-b15b8281b73592fb,S-P-D,30,400,5,65,35,5,2d0f9eadb7822343fb7991bb24ea23681126aa48f8349cdf6be06fb10a7f24fa,VERIFIED,5758,False,[],[],[],[],False,True,True,"[[0,1,2,3,4,5,6,7,8,9,10,11,12,13,14,15,16,17,18,19,20,21,22,23,24,25,26,27,28,29,30,31,32,33,34,35,36,37,38,39,40,41,42,43,44,45,46,47,48,49,50,51,52,53,54,55,56,57,58,59,60,61,62,63,64,65,66,67,68,69,70,71,72,73,74,75,76,77,78,79,80,81,82,83,84,85,86,87,88,89,90,91,92,93,94,95,96,97,98,99]]","[[0,10,15,17,21,24,38,55,61,71,74,88,92,94,96,99]]",0,False,False,False
evaluation_orders,g2-evaluation-orders-01,G2_EVAL,1750fd2e3d98560e264d9f9d8c14d6b5fb6e6d26c8f011542aab68e1f94543b4,cfg-b15b8281b73592fb,S-P-D,30,400,5,65,35,5,2d0f9eadb7822343fb7991bb24ea23681126aa48f8349cdf6be06fb10a7f24fa,VERIFIED,2050,False,[],[],[],[],False,True,False,[],[],100,True,True,False
evaluation_orders,g2-evaluation-orders-01,G2_EVAL,1750fd2e3d98560e264d9f9d8c14d6b5fb6e6d26c8f011542aab68e1f94543b4,cfg-b15b8281b73592fb,S-P-D,30,400,5,65,35,5,2d0f9eadb7822343fb7991bb24ea23681126aa48f8349cdf6be06fb10a7f24fa,VERIFIED,8358,False,[],[],[],[],False,True,True,"[[0,1,2,3,4,5,6,7,8,9,10,11,12,13,14,15,16,17,18,19,20,21,22,23,24,25,26,27,28,29,30,31,32,33,34,35,36,37,38,39,40,41,42,43,44,45,46,47,48,49,50,51,52,53,54,55,56,57,58,59,60,61,62,63,64,65,66,67,68,69,70,71,72,73,74,75,76,77,78,79,80,81,82,83,84,85,86,87,88,89,90,91,92,93,94,95,96,97,98,99,100]]","[[0,17,21,32,51,67,78,82,100]]",0,False,False,False
evaluation_orders,g2-evaluation-orders-01,G2_EVAL,1750fd2e3d98560e264d9f9d8c14d6b5fb6e6d26c8f011542aab68e1f94543b4,cfg-b15b8281b73592fb,S-P-D,30,400,5,65,35,5,2d0f9eadb7822343fb7991bb24ea23681126aa48f8349cdf6be06fb10a7f24fa,VERIFIED,8926,False,[],[],[],[],False,True,True,"[[0,1,2,3,4,5,6,7,8,9,10,11,12,13,14,15,16,17,18,19,20,21,22,23,24,25,26,27,28,29,30,31,32,33,34,35,36,37,38,39,40,41,42,43,44,45,46,47,48,49,50,51,52,53,54,55,56,57,58,59,60,61,62,63,64,65,66,67,68,69,70,71,72,73,74,75,76,77,78,79,80,81,82,83,84,85,86,87,88,89,90,91,92,93,94,95,96,97,98,99,100]]","[[0,1,2,6,7,10,13,14,19,100]]",0,False,False,False
evaluation_orders,g2-evaluation-orders-01,G2_EVAL,1750fd2e3d98560e264d9f9d8c14d6b5fb6e6d26c8f011542aab68e1f94543b4,cfg-b15b8281b73592fb,S-P-D,30,400,5,65,35,5,2d0f9eadb7822343fb7991bb24ea23681126aa48f8349cdf6be06fb10a7f24fa,VERIFIED,43,False,[],[],[],[],False,True,False,[],[],98,True,True,False
evaluation_orders,g2-evaluation-orders-01,G2_EVAL,1750fd2e3d98560e264d9f9d8c14d6b5fb6e6d26c8f011542aab68e1f94543b4,cfg-b15b8281b73592fb,S-P-D,30,400,5,65,35,5,2d0f9eadb7822343fb7991bb24ea23681126aa48f8349cdf6be06fb10a7f24fa,VERIFIED,5176,False,[],[],[],[],False,True,False,[],[],95,True,True,False
evaluation_orders,g2-evaluation-orders-01,G2_EVAL,1750fd2e3d98560e264d9f9d8c14d6b5fb6e6d26c8f011542aab68e1f94543b4,cfg-b15b8281b73592fb,S-P-D,30,400,5,65,35,5,2d0f9eadb7822343fb7991bb24ea23681126aa48f8349cdf6be06fb10a7f24fa,VERIFIED,3420,False,[],[],[],[],False,True,True,"[[0,1,2,3,4,5,6,7,8,9,10,11,12,13,14,15,16,17,18,19,20,21,22,23,24,25,26,27,28,29,30,31,32,33,34,35,36,37,38,39,40,41,42,43,44,45,46,47,48,49,50,51,52,53,54,55,56,57],[58,59,60,61,62,63,64,65,66,67,68,69,70,71,72,73,74],[75,76,77,78,79,80,81,82,83,84,85,86,87,88,89,90,91,92,93,94,95,96,97,98,99,100,101,102,103,104,105,106,107,108,109,110,111,112,113,114,115,116,117,118,119,120,121,122,123,124,125,126]]","[[0,1,2,4,5,7,8,10,13,17,27,28,29,31,34,36,38,43,46,48,49,52,53,54,55,56,57],[58,60,62,66,67,69,70,71,72,73,74],[75,82,84,86,89,90,91,92,97,100,101,104,110,112,113,114,115,116,119,120,121,125,126]]",0,False,False,False
evaluation_orders,g2-evaluation-orders-01,G2_EVAL,1750fd2e3d98560e264d9f9d8c14d6b5fb6e6d26c8f011542aab68e1f94543b4,cfg-b15b8281b73592fb,S-P-D,30,400,5,65,35,5,2d0f9eadb7822343fb7991bb24ea23681126aa48f8349cdf6be06fb10a7f24fa,VERIFIED,2108,False,[],[],[],[],False,True,True,"[[41,42,43,44,45,46,47,48,49,50,51,52,53,54,55,56,57,58,59,60,61,62,63,64,65,66,67,68,69,70,71,72,73,74,75,76,77,78,79,80,81,82,83,84,85,86,87,88,89,90,91,92,93,94,95,96,97,98]]","[[41,67,76,95,98]]",41,False,False,False
evaluation_orders,g2-evaluation-orders-01,G2_EVAL,1750fd2e3d98560e264d9f9d8c14d6b5fb6e6d26c8f011542aab68e1f94543b4,cfg-b15b8281b73592fb,S-P-D,30,400,5,65,35,5,2d0f9eadb7822343fb7991bb24ea23681126aa48f8349cdf6be06fb10a7f24fa,VERIFIED,6214,False,[],[],[],[],False,True,True,"[[1,2,3,4,5,6,7,8,9,10,11,12,13,14,15,16,17,18,19,20,21,22,23,24,25,26,27,28,29,30,31,32,33,34,35],[46,47,48,49,50,51,52,53,54,55,56,57,58,59,60,61,62,63,64,65,66,67,68,69,70,71]]","[[1,5,6,11,13,20,22,25,28,31,34,35],[46,51,52,55,60,64,71]]",11,False,False,False
evaluation_orders,g2-evaluation-orders-01,G2_EVAL,1750fd2e3d98560e264d9f9d8c14d6b5fb6e6d26c8f011542aab68e1f94543b4,cfg-b15b8281b73592fb,S-P-D,30,400,5,65,35,5,2d0f9eadb7822343fb7991bb24ea23681126aa48f8349cdf6be06fb10a7f24fa,VERIFIED,7116,False,[],[],[],[],False,True,True,"[[0,1,2,3,4,5,6,7,8,9,10,11,12,13,14,15,16,17,18,19,20,21,22,23,24,25,26,27,28,29,30,31,32,33,34,35,36,37,38,39,40,41,42,43,44,45,46,47,48,49,50,51,52,53,54,55,56,57,58,59,60,61,62,63,64,65,66,67,68,69,70,71,72,73,74,75,76,77,78,79,80,81,82,83,84,85,86,87],[95,96,97,98,99,100,101,102,103,104,105,106,107,108,109,110,111,112,113,114,115,116,117,118,119,120]]","[[0,5,7,17,27,28,31,32,33,34,44,46,47,48,50,51,54,56,57,58,61,69,70,72,75,76,77,78,87],[95,103,108,112,113,120]]",7,False,False,False
evaluation_orders,g2-evaluation-orders-01,G2_EVAL,1750fd2e3d98560e264d9f9d8c14d6b5fb6e6d26c8f011542aab68e1f94543b4,cfg-b15b8281b73592fb,S-P-D,30,400,5,65,35,5,2d0f9eadb7822343fb7991bb24ea23681126aa48f8349cdf6be06fb10a7f24fa,VERIFIED,10638,False,[],[],[],[],False,True,True,"[[0,1,2,3,4,5,6,7,8,9,10,11,12,13,14,15,16,17,18,19,20,21,22,23,24,25,26,27,28,29,30,31,32,33,34,35,36,37,38,39,40,41,42,43,44,45,46,47,48,49,50,51,52,53,54,55,56,57,58,59,60,61,62,63,64,65,66,67,68,69,70,71,72,73,74,75,76,77,78,79,80,81,82,83,84,85,86,87,88,89,90,91,92,93,94,95,96,97,98]]","[[0,5,6,7,10,15,17,24,38,47,48,49,51,55,57,58,59,88,89,92,94,98]]",29,False,False,False
evaluation_orders,g2-evaluation-orders-01,G2_EVAL,1750fd2e3d98560e264d9f9d8c14d6b5fb6e6d26c8f011542aab68e1f94543b4,cfg-b15b8281b73592fb,S-P-D,30,400,5,65,35,5,2d0f9eadb7822343fb7991bb24ea23681126aa48f8349cdf6be06fb10a7f24fa,VERIFIED,8033,False,[],[],[],[],False,True,True,"[[0,1,2,3,4,5,6,7,8,9,10,11,12,13,14,15,16,17,18,19,20,21,22,23,24,25,26,27,28,29,30,31,32,33,34,35,36,37],[38,39,40,41,42],[43,44,45,46,47,48,49,50,51],[52,53,54,55,56,57,58,59,60,61,62,63,64,65,66,67,68,69,70,71,72,73,74,75,76,77,78,79,80,81,82,83,84,85,86,87,88,89,90,91,92,93,94,95,96,97,98,99,100,101,102,103,104,105,106,107,108,109,110,111,112,113,114,115,116,117,118,119,120,121,122,123,124]]","[[0,5,10,11,12,17,19,20,22,23,26,28,29,30,31,32,35,36,37],[38,39,40,41,42],[43,48,49,51],[52,53,54,55,56,57,58,59,60,61,63,64,65,66,68,69,71,73,74,82,84,85,87,89,92,95,97,100,101,105,106,111,113,114,116,118,119,121,124]]",0,False,False,False
evaluation_orders,g2-evaluation-orders-01,G2_EVAL,1750fd2e3d98560e264d9f9d8c14d6b5fb6e6d26c8f011542aab68e1f94543b4,cfg-b15b8281b73592fb,S-P-D,30,400,5,65,35,5,2d0f9eadb7822343fb7991bb24ea23681126aa48f8349cdf6be06fb10a7f24fa,VERIFIED,3531,False,[],[],[],[],False,True,True,"[[0,1,2,3,4,5,6,7,8,9,10,11,12,13,14,15,16,17,18,19,20,21,22,23,24,25,26,27,28,29,30,31,32,33,34,35,36,37,38,39,40,41,42,43,44,45,46,47,48,49,50,51,52,53,54,55,56,57,58,59,60,61,62,63,64,65,66,67,68,69,70,71,72,73,74,75,76,77,78,79,80,81,82,83,84,85,86,87,88,89,90,91,92,93,94],[95,96,97,98,99,100,101]]","[[0,3,4,6,7,9,10,11,13,14,19,33,39,42,44,45,46,52,53,57,58,60,71,74,75,76,77,79,80,81,82,87,88,91,92,94],[95,99,101]]",0,False,False,False
evaluation_orders,g2-evaluation-orders-01,G2_EVAL,1750fd2e3d98560e264d9f9d8c14d6b5fb6e6d26c8f011542aab68e1f94543b4,cfg-b15b8281b73592fb,S-P-D,30,400,5,65,35,5,2d0f9eadb7822343fb7991bb24ea23681126aa48f8349cdf6be06fb10a7f24fa,VERIFIED,10075,False,[],[],[],[],False,True,True,"[[8,9,10,11,12,13,14,15,16,17,18,19,20,21,22,23,24,25,26,27,28,29,30,31,32,33,34,35,36,37,38,39,40,41,42,43,44,45,46,47,48,49,50,51,52,53,54,55,56,57,58,59,60,61,62,63,64,65,66,67,68,69,70,71,72,73,74,75,76,77,78,79,80,81,82,83,84,85,86,87,88,89,90,91,92,93,94,95,96,97]]","[[8,10,22,29,44,67,90,97]]",8,False,False,False
evaluation_orders,g2-evaluation-orders-01,G2_EVAL,1750fd2e3d98560e264d9f9d8c14d6b5fb6e6d26c8f011542aab68e1f94543b4,cfg-b15b8281b73592fb,S-P-D,30,400,5,65,35,5,2d0f9eadb7822343fb7991bb24ea23681126aa48f8349cdf6be06fb10a7f24fa,VERIFIED,5534,False,[],[],[],[],False,True,False,[],[],54,True,True,False
evaluation_orders,g2-evaluation-orders-01,G2_EVAL,1750fd2e3d98560e264d9f9d8c14d6b5fb6e6d26c8f011542aab68e1f94543b4,cfg-b15b8281b73592fb,S-P-D,30,400,5,65,35,5,2d0f9eadb7822343fb7991bb24ea23681126aa48f8349cdf6be06fb10a7f24fa,VERIFIED,7511,False,[],[],[],[],False,True,True,"[[0,1,2,3,4,5,6,7,8,9,10,11,12,13,14,15,16,17,18,19,20,21,22,23,24,25,26,27,28,29,30,31,32,33,34,35,36,37,38,39,40,41,42,43,44,45,46,47,48,49,50,51,52,53,54,55,56,57,58,59,60,61,62,63,64,65,66,67,68,69,70,71,72,73,74,75,76,77,78,79,80,81,82,83,84,85,86,87,88,89,90,91,92]]","[[0,1,2,3,4,5,6,9,16,19,20,25,29,30,31,34,38,40,42,49,50,56,58,59,60,62,64,65,68,69,70,71,75,78,79,82,84,86,88,90,91,92]]",0,False,False,False
evaluation_orders,g2-evaluation-orders-01,G2_EVAL,1750fd2e3d98560e264d9f9d8c14d6b5fb6e6d26c8f011542aab68e1f94543b4,cfg-b15b8281b73592fb,S-P-D,30,400,5,65,35,5,2d0f9eadb7822343fb7991bb24ea23681126aa48f8349cdf6be06fb10a7f24fa,VERIFIED,57,False,[],[],[],[],False,True,True,"[[0,1,2,3,4,5,6,7,8,9,10,11,12,13,14,15,16,17,18,19,20,21,22,23,24,25,26,27,28,29,30,31,32,33,34,35,36,37,38,39,40,41,42,43,44,45,46,47,48,49,50,51,52,53,54,55,56,57,58,59,60],[61,62,63,64,65,66,67,68,69,70,71,72,73,74,75,76,77,78,79,80,81,82,83,84,85,86,87,88,89,90,91,92,93,94,95,96,97]]","[[0,6,8,18,25,31,35,43,50,60],[61,73,75,79,90,97]]",0,False,False,False
evaluation_orders,g2-evaluation-orders-01,G2_EVAL,1750fd2e3d98560e264d9f9d8c14d6b5fb6e6d26c8f011542aab68e1f94543b4,cfg-b15b8281b73592fb,S-P-D,30,400,5,65,35,5,2d0f9eadb7822343fb7991bb24ea23681126aa48f8349cdf6be06fb10a7f24fa,VERIFIED,911,False,[],[],[],[],False,True,True,"[[9,10,11,12,13,14,15,16,17,18,19,20,21,22,23,24,25,26,27,28,29,30,31,32,33,34,35,36,37,38,39,40,41,42,43,44,45,46,47,48,49,50,51,52,53,54,55,56,57,58,59,60],[62,63,64,65,66,67,68,69]]","[[9,10,18,22,25,31,32,34,35,39,40,50,54,58,60],[62,66,69]]",10,False,False,False
evaluation_orders,g2-evaluation-orders-01,G2_EVAL,1750fd2e3d98560e264d9f9d8c14d6b5fb6e6d26c8f011542aab68e1f94543b4,cfg-b15b8281b73592fb,S-P-D,30,400,5,65,35,5,2d0f9eadb7822343fb7991bb24ea23681126aa48f8349cdf6be06fb10a7f24fa,VERIFIED,2131,False,[],[],[],[],False,True,True,"[[0,1,2,3,4,5,6,7,8,9,10,11,12,13,14,15,16,17,18,19,20,21,22,23,24,25,26,27,28,29,30,31,32,33,34,35,36,37,38,39,40,41,42,43,44,45,46,47,48,49,50,51,52,53,54,55,56,57,58,59,60,61,62,63,64,65,66,67,68,69,70,71,72,73,74,75,76,77,78,79,80,81,82,83,84,85,86,87,88,89,90,91,92,93,94,95,96,97,98,99,100,101,102,103,104,105,106,107,108,109,110,111,112,113,114,115,116,117,118,119,120,121,122,123,124,125,126,127,128,129,130,131,132,133,134,135]]","[[0,2,3,4,6,11,12,14,16,18,20,21,27,28,37,42,43,44,59,61,62,63,65,69,71,74,75,81,85,87,88,90,91,92,105,114,118,119,120,121,125,128,129,132,135]]",0,False,False,False
evaluation_orders,g2-evaluation-orders-01,G2_EVAL,1750fd2e3d98560e264d9f9d8c14d6b5fb6e6d26c8f011542aab68e1f94543b4,cfg-b15b8281b73592fb,S-P-D,30,400,5,65,35,5,2d0f9eadb7822343fb7991bb24ea23681126aa48f8349cdf6be06fb10a7f24fa,VERIFIED,200,False,[],[],[],[],False,True,False,[],[],100,True,True,False
evaluation_orders,g2-evaluation-orders-01,G2_EVAL,1750fd2e3d98560e264d9f9d8c14d6b5fb6e6d26c8f011542aab68e1f94543b4,cfg-b15b8281b73592fb,S-P-D,30,400,5,65,35,5,2d0f9eadb7822343fb7991bb24ea23681126aa48f8349cdf6be06fb10a7f24fa,VERIFIED,9097,False,[],[],[],[],False,True,True,"[[0,1,2,3,4,5,6,7,8,9,10,11,12,13,14,15,16,17,18,19,20,21,22,23,24,25,26,27,28,29,30,31,32,33,34,35,36,37,38,39,40,41,42,43,44,45,46,47,48,49,50,51,52,53,54,55,56,57,58,59,60,61,62,63,64,65,66,67,68,69,70,71,72,73,74,75,76,77,78,79,80,81,82,83,84,85,86,87,88,89,90,91,92,93,94,95,96,97,98,99,100,101,102,103,104,105,106,107,108,109,110,111,112]]","[[0,3,4,5,7,10,11,16,33,34,35,36,38,39,43,56,60,63,66,67,68,69,70,72,74,79,81,82,83,84,86,87,88,89,90,91,92,94,96,97,98,102,104,105,107,112]]",0,False,False,False
evaluation_orders,g2-evaluation-orders-01,G2_EVAL,1750fd2e3d98560e264d9f9d8c14d6b5fb6e6d26c8f011542aab68e1f94543b4,cfg-b15b8281b73592fb,S-P-D,30,400,5,65,35,5,2d0f9eadb7822343fb7991bb24ea23681126aa48f8349cdf6be06fb10a7f24fa,VERIFIED,7190,False,[],[],[],[],False,True,True,"[[0,1,2,3,4,5,6,7,8,9,10,11],[12,13,14,15,16,17,18,19,20,21,22],[23,24,25,26,27,28,29,30,31,32,33,34,35,36,37,38,39,40]]","[[0,3,5,7,11],[12,17,18,22],[23,31,32,33,35,36,40]]",11,False,False,False
evaluation_orders,g2-evaluation-orders-01,G2_EVAL,1750fd2e3d98560e264d9f9d8c14d6b5fb6e6d26c8f011542aab68e1f94543b4,cfg-b15b8281b73592fb,S-P-D,30,400,5,65,35,5,2d0f9eadb7822343fb7991bb24ea23681126aa48f8349cdf6be06fb10a7f24fa,VERIFIED,2394,False,[],[],[],[],False,True,True,"[[0,1,2,3,4,5,6,7,8,9,10,11,12,13,14,15,16,17,18,19,20,21,22,23,24,25,26,27,28,29,30,31,32,33,34,35,36,37,38,39,40,41,42,43,44,45,46,47,48,49,50,51,52,53],[54,55,56,57,58,59,60,61,62,63,64,65,66,67,68,69,70,71,72,73,74,75,76,77,78,79,80,81,82,83,84,85,86,87,88,89,90,91,92,93,94,95,96,97,98,99]]","[[0,6,8,10,11,12,13,17,18,22,26,28,41,42,43,53],[54,70,71,78,80,81,83,84,85,87,89,99]]",0,False,False,False
evaluation_orders,g2-evaluation-orders-01,G2_EVAL,1750fd2e3d98560e264d9f9d8c14d6b5fb6e6d26c8f011542aab68e1f94543b4,cfg-b15b8281b73592fb,S-P-D,30,400,5,65,35,5,2d0f9eadb7822343fb7991bb24ea23681126aa48f8349cdf6be06fb10a7f24fa,VERIFIED,5129,False,[],[],[],[],False,True,True,"[[0,1,2,3,4,5,6,7,8,9,10,11,12,13,14,15,16,17,18,19,20,21,22,23,24,25,26,27,28,29,30,31,32,33,34]]","[[0,7,8,10,12,15,22,23,24,25,34]]",67,False,False,False
evaluation_orders,g2-evaluation-orders-01,G2_EVAL,1750fd2e3d98560e264d9f9d8c14d6b5fb6e6d26c8f011542aab68e1f94543b4,cfg-b15b8281b73592fb,S-P-D,30,400,5,65,35,5,2d0f9eadb7822343fb7991bb24ea23681126aa48f8349cdf6be06fb10a7f24fa,VERIFIED,1307,False,[],[],[],[],False,True,True,"[[0,1,2,3,4,5,6,7,8,9,10,11,12,13,14,15,16,17,18,19,20,21,22,23,24,25,26,27,28,29,30,31,32,33,34,35,36,37,38,39,40,41,42,43,44,45,46,47,48,49,50,51,52,53,54,55,56,57,58,59,60,61,62,63,64,65,66,67,68,69,70,71,72,73,74]]","[[0,36,37,40,41,42,43,46,47,48,51,54,74]]",28,False,False,False
evaluation_orders,g2-evaluation-orders-01,G2_EVAL,1750fd2e3d98560e264d9f9d8c14d6b5fb6e6d26c8f011542aab68e1f94543b4,cfg-b15b8281b73592fb,S-P-D,30,400,5,65,35,5,2d0f9eadb7822343fb7991bb24ea23681126aa48f8349cdf6be06fb10a7f24fa,VERIFIED,5791,False,[],[],[],[],False,True,True,"[[0,1,2,3,4,5,6,7,8,9,10,11,12,13,14,15,16,17,18,19,20,21,22,23,24,25,26,27,28,29,30,31,32,33,34,35,36,37,38,39,40,41,42,43,44,45,46,47,48,49,50,51,52,53,54,55,56,57,58,59,60,61,62,63,64,65,66,67,68,69,70,71,72,73,74,75,76,77,78,79,80,81,82,83,84,85,86,87,88,89,90,91,92,93,94,95,96,97,98]]","[[0,19,27,32,36,37,39,47,48,49,53,54,55,58,59,64,66,67,69,70,71,73,81,90,91,93,98]]",0,False,False,False
evaluation_orders,g2-evaluation-orders-01,G2_EVAL,1750fd2e3d98560e264d9f9d8c14d6b5fb6e6d26c8f011542aab68e1f94543b4,cfg-b15b8281b73592fb,S-P-D,30,400,5,65,35,5,2d0f9eadb7822343fb7991bb24ea23681126aa48f8349cdf6be06fb10a7f24fa,VERIFIED,3371,False,[],[],[],[],False,True,True,"[[0,1,2,3,4,5,6,7,8,9,10,11,12,13,14,15,16,17,18,19,20,21,22,23,24,25,26,27,28,29,30,31,32,33,34,35,36,37,38,39,40,41,42,43,44,45,46,47,48,49,50,51,52,53,54,55,56,57,58,59,60,61,62,63,64,65,66,67,68,69,70,71,72,73,74,75,76,77,78,79,80,81,82,83,84,85,86,87,88,89,90,91,92,93,94,95,96,97,98,99,100]]","[[0,37,100]]",0,False,False,False
evaluation_orders,g2-evaluation-orders-01,G2_EVAL,1750fd2e3d98560e264d9f9d8c14d6b5fb6e6d26c8f011542aab68e1f94543b4,cfg-b15b8281b73592fb,S-P-D,30,400,5,65,35,5,2d0f9eadb7822343fb7991bb24ea23681126aa48f8349cdf6be06fb10a7f24fa,VERIFIED,4380,False,[],[],[],[],False,True,True,"[[0,1,2,3,4,5,6,7,8,9,10,11,12,13,14,15,16,17,18,19,20,21,22,23,24,25,26,27,28,29,30,31,32,33,34],[35,36,37,38,39,40,41,42,43,44,45,46,47,48,49,50,51,52,53,54],[55,56,57,58,59,60,61,62,63,64,65,66,67,68,69,70,71,72,73,74,75,76,77,78,79,80,81,82,83,84,85,86,87,88,89,90,91,92,93,94,95,96,97,98],[99,100,101,102,103],[104,105,106,107,108,109,110,111]]","[[0,2,4,7,10,12,13,17,18,26,27,31,32,33,34],[35,38,40,44,46,47,48,52,54],[55,57,59,61,65,67,70,71,73,74,75,76,79,80,81,82,85,86,87,98],[99,103],[104,106,107,111]]",0,False,False,False
evaluation_orders,g2-evaluation-orders-01,G2_EVAL,1750fd2e3d98560e264d9f9d8c14d6b5fb6e6d26c8f011542aab68e1f94543b4,cfg-b15b8281b73592fb,S-P-D,30,400,5,65,35,5,2d0f9eadb7822343fb7991bb24ea23681126aa48f8349cdf6be06fb10a7f24fa,VERIFIED,4415,False,[],[],[],[],False,True,True,"[[0,1,2,3,4,5,6,7,8,9,10,11,12,13,14,15,16,17,18,19,20,21,22,23,24,25,26,27,28,29,30,31,32,33,34,35,36,37,38,39,40,41,42,43,44,45,46,47,48,49,50,51,52,53,54,55,56,57,58,59,60,61,62,63,64,65,66,67,68,69,70,71,72,73,74,75,76,77,78,79,80,81,82,83,84,85,86,87,88,89]]","[[0,7,8,12,14,18,19,20,27,28,79,81,82,84,85,86,87,89]]",15,False,False,False
evaluation_orders,g2-evaluation-orders-01,G2_EVAL,1750fd2e3d98560e264d9f9d8c14d6b5fb6e6d26c8f011542aab68e1f94543b4,cfg-b15b8281b73592fb,S-P-D,30,400,5,65,35,5,2d0f9eadb7822343fb7991bb24ea23681126aa48f8349cdf6be06fb10a7f24fa,VERIFIED,11148,False,[],[],[],[],False,True,True,"[[0,1,2,3,4,5,6,7,8,9,10,11,12,13,14,15,16,17,18,19,20,21,22,23,24,25,26,27,28,29,30,31,32,33,34,35,36,37,38,39,40,41,42,43,44,45,46,47,48,49,50,51,52,53,54,55,56,57,58,59,60,61,62,63,64,65,66,67,68,69,70,71,72,73,74,75,76,77,78,79,80,81,82,83,84,85,86,87,88,89,90,91,92,93,94,95,96,97,98,99,100,101,102,103,104]]","[[0,7,47,56,69,70,72,73,75,81,82,83,84,85,90,91,95,100,101,102,103,104]]",0,False,False,False
