record_id,n_input,n_final,point_retention,point_retention_reason,record_covered,all_filtered,no_output,n_filtered,n_direction_removed,n_dp_removed,n_dp_input,n_dp_output,dp_saving,dp_saving_reason,dp_max_error,dp_mean_error,dp_p50_error,dp_p90_error,dp_p95_error,dp_p99_error,dp_error_reason,dp_error_denominator,n_dp_exceedances,dp_checks_passed,n_s_segments,n_filtered_segments,direction_candidate_points,direction_undefined_points,direction_windows_across_raw_breaks,p_removed_raw_break_trigger_points,raw_length,raw_length_reason,final_length,final_length_reason,common_reference_id,common_raw_points,common_covered_points,common_uncovered_points,common_coverage,common_coverage_reason,common_error_denominator,common_max_error,common_mean_error,common_p95_error,common_error_reason,common_over_5_points,common_error_budget,common_floating_allowance,raw_break_count,raw_break_crossings,raw_breaks_crossed,raw_break_trigger_points_removed,raw_windows,raw_windows_covered,reference_window_length,constraint_status,strategy,runtime_group,terminal_status,trace_sha256
500,106,28,0.2641509433962264,,True,False,False,0,6,72,100,28,0.72,,4.036658820544091,1.2509562711893432,0.7854082069377903,3.1986431121156595,3.7861691261113455,3.956901672288556,,100,0,True,1,0,6,3,0,0,9305.509963208196,,9268.324351664307,,RAW_WINDOWS_DT30_DISTANCE400_V1,106,106,0,1.0,,106,9.3053662451067,1.3428171125933426,3.7897105503822384,,1,5,1.4115172029331063e-10,0,0,0,0,1,1,9305.509963208196,NO_RAW_BREAK_CROSSING,R0,UNIFORM,PROCESSED,48a8b135faf5963c4124649da7206001810c6421f6885c57c45f36cfcb4cd820
500,106,28,0.2641509433962264,,True,False,False,0,6,72,100,28,0.72,,4.036658820544091,1.2509562711893432,0.7854082069377903,3.1986431121156595,3.7861691261113455,3.956901672288556,,100,0,True,1,0,6,3,0,0,9305.509963208196,,9268.324351664307,,RAW_WINDOWS_DT30_DISTANCE400_V1,106,106,0,1.0,,106,9.3053662451067,1.3428171125933426,3.7897105503822384,,1,5,1.4115172029331063e-10,0,0,0,0,1,1,9305.509963208196,NO_RAW_BREAK_CROSSING,S0,UNIFORM,PROCESSED,ea99803707e5e283ceade24d357891718d880829a44513986fb06ad61ddd028b
500,106,29,0.27358490566037735,,True,False,False,0,0,77,106,29,0.7264150943396226,,4.036658820544091,1.2550306385829022,0.8324865396847847,3.098501638526063,3.7765891899735147,3.955116191079594,,106,0,True,1,0,0,3,0,0,9305.509963208196,,9272.444448428625,,RAW_WINDOWS_DT30_DISTANCE400_V1,106,106,0,1.0,,106,4.036658820544091,1.2550306385829022,3.7765891899735147,,0,5,1.4115172029331063e-10,0,0,0,0,1,1,9305.509963208196,NO_RAW_BREAK_CROSSING,G0,TIME_REGULAR,PROCESSED,4606de39c7d0a82c0c26caa79e6ed7168b153f1c3601614d3497ac03bd187c46
500,106,29,0.27358490566037735,,True,False,False,0,0,77,106,29,0.7264150943396226,,4.036658820544091,1.2550306385829022,0.8324865396847847,3.098501638526063,3.7765891899735147,3.955116191079594,,106,0,True,1,0,0,3,0,0,9305.509963208196,,9272.444448428625,,RAW_WINDOWS_DT30_DISTANCE400_V1,106,106,0,1.0,,106,4.036658820544091,1.2550306385829022,3.7765891899735147,,0,5,1.4115172029331063e-10,0,0,0,0,1,1,9305.509963208196,NO_RAW_BREAK_CROSSING,S0_G0,TIME_REGULAR,PROCESSED,1b7fa8a1a831cb4486ed1e17217257dad2194c3067db5ad63500d37ef747bc1d
3761,113,44,0.3893805309734513,,True,False,False,0,7,62,106,44,0.5849056603773585,,4.782729484999236,1.0653026202592817,0.3000404718677012,3.4698100829956813,4.040347448550628,4.761175108282373,,106,0,True,1,0,7,3,0,0,10337.82029566144,,10278.984839731409,,RAW_WINDOWS_DT30_DISTANCE400_V1,113,113,0,1.0,,113,72.46443068917137,1.7892627916078154,4.146803257781511,,2,5,3.5157664816865424e-10,0,0,0,0,1,1,10337.82029566144,NO_RAW_BREAK_CROSSING,R0,UNIFORM,PROCESSED,7ff65341254144b5057b887a6af7eaa983f3577ede789fca151177dc24d3677e
3761,113,44,0.3893805309734513,,True,False,False,0,7,62,106,44,0.5849056603773585,,4.782729484999236,1.0653026202592817,0.3000404718677012,3.4698100829956813,4.040347448550628,4.761175108282373,,106,0,True,1,0,7,3,0,0,10337.82029566144,,10278.984839731409,,RAW_WINDOWS_DT30_DISTANCE400_V1,113,113,0,1.0,,113,72.46443068917137,1.7892627916078154,4.146803257781511,,2,5,3.5157664816865424e-10,0,0,0,0,1,1,10337.82029566144,NO_RAW_BREAK_CROSSING,S0,UNIFORM,PROCESSED,8a833f426f2f10200faa56bcaf08cd1f33a147486992b09ff94500d532957535
3761,113,45,0.39823008849557523,,True,False,False,0,0,68,113,45,0.6017699115044248,,4.782729484999236,1.0426788430738563,0.38713232351351706,3.376874034717145,3.985458519671792,4.741578005063711,,113,0,True,1,0,0,3,0,0,10337.82029566144,,10313.296134897606,,RAW_WINDOWS_DT30_DISTANCE400_V1,113,113,0,1.0,,113,4.782729484999236,1.0426788430738563,3.985458519671792,,0,5,3.5157664816865424e-10,0,0,0,0,1,1,10337.82029566144,NO_RAW_BREAK_CROSSING,G0,TIME_REGULAR,PROCESSED,fa3dd68cee4d3dfed3f1ed10e369e1446677c8d2753aa9e583268a69c4f9b016
3761,113,45,0.39823008849557523,,True,False,False,0,0,68,113,45,0.6017699115044248,,4.782729484999236,1.0426788430738563,0.38713232351351706,3.376874034717145,3.985458519671792,4.741578005063711,,113,0,True,1,0,0,3,0,0,10337.82029566144,,10313.296134897606,,RAW_WINDOWS_DT30_DISTANCE400_V1,113,113,0,1.0,,113,4.782729484999236,1.0426788430738563,3.985458519671792,,0,5,3.5157664816865424e-10,0,0,0,0,1,1,10337.82029566144,NO_RAW_BREAK_CROSSING,S0_G0,TIME_REGULAR,PROCESSED,8d8082dd551aa2ca56ff223ddda3e57f15b48e288cba4e6afea801bc3fcb77c6
3240,113,41,0.36283185840707965,,True,False,False,3,9,60,101,41,0.594059405940594,,4.951293680833051,1.0598639654013533,0.6335142383096932,2.5628066100177445,3.6861474227330833,4.668779814445913,,101,0,True,3,1,9,6,0,0,8541.880655740051,,7316.795919244332,,RAW_WINDOWS_DT30_DISTANCE400_V1,113,110,3,0.9734513274336283,,110,10.138161654288202,1.219504330885614,3.94746704058414,,2,5,1.8373511956827842e-10,2,0,0,1,3,2,7727.761989704176,NO_RAW_BREAK_CROSSING,R0,UNIFORM,PROCESSED,6e4dfa5417a544a99ebd291a468a6a0695726c07e9a39092b401b612f2e3c181
3240,113,43,0.3805309734513274,,True,False,False,0,9,61,104,43,0.5865384615384616,,4.951293680833051,1.0344262549178371,0.5747111402238521,2.5538255936714997,3.665814690980075,4.667464210929572,,104,0,True,3,0,9,9,0,0,8541.880655740051,,7699.36766135238,,RAW_WINDOWS_DT30_DISTANCE400_V1,113,113,0,1.0,,113,10.138161654288202,1.191854392949875,3.898243427265635,,2,5,1.8373511956827842e-10,2,0,0,0,3,3,7727.761989704176,NO_RAW_BREAK_CROSSING,S0,UNIFORM,PROCESSED,4076927a6072ea7dd322a669a7e4e523f3a891df8a26d17cabc23b4b25d927c8
3240,113,44,0.3893805309734513,,True,False,False,3,4,62,106,44,0.5849056603773585,,4.951293680833051,1.010566937134632,0.5026864877858699,2.5265285824662476,3.444879266842338,4.640097717750601,,106,0,True,3,1,4,6,0,0,8541.880655740051,,7325.218458329189,,RAW_WINDOWS_DT30_DISTANCE400_V1,113,110,3,0.9734513274336283,,110,4.951293680833051,1.0306015383705116,3.3603059781457794,,0,5,1.8373511956827842e-10,2,0,0,1,3,2,7727.761989704176,NO_RAW_BREAK_CROSSING,G0,TIME_REGULAR,PROCESSED,fcf25d46b366e3506570018f3c8e85f508cffe64edaab5469e82ece137344a4c
3240,113,46,0.40707964601769914,,True,False,False,0,4,63,109,46,0.5779816513761468,,4.951293680833051,0.9876528930476088,0.4972718865022386,2.522723798627839,3.3814493003199173,4.622888459733413,,109,0,True,3,0,4,9,0,0,8541.880655740051,,7707.790200437237,,RAW_WINDOWS_DT30_DISTANCE400_V1,113,113,0,1.0,,113,4.951293680833051,1.0079667188201296,3.2968760116233593,,0,5,1.8373511956827842e-10,2,0,0,0,3,3,7727.761989704176,NO_RAW_BREAK_CROSSING,S0_G0,TIME_REGULAR,PROCESSED,ccf404e7c7e5df230d75a4903859e937edcc3e2e446c78c724e809ee1d1d8411
734,98,37,0.37755102040816324,,True,False,False,5,2,54,91,37,0.5934065934065934,,4.7951887026064,0.7542409475154352,0.15009266894747655,2.37033218765255,3.2774583655760345,4.739960891836246,,91,0,True,14,3,2,33,0,0,19013.605674036302,,12608.268974686522,,RAW_WINDOWS_DT30_DISTANCE400_V1,98,93,5,0.9489795918367347,,93,4.7951887026064,0.7507344701160268,3.2689397614147824,,0,5,4.721140216888927e-10,13,0,0,4,14,11,13056.503859324028,NO_RAW_BREAK_CROSSING,R0,UNIFORM,PROCESSED,752400032508f2a136e9a431599a3ebd6a8f7fc4b6f936aace2d5010d1c2d238
734,98,39,0.3979591836734694,,True,False,False,2,2,55,94,39,0.5851063829787234,,4.7951887026064,0.7302506176310426,0.14270415148150678,2.3240979790584504,3.264680459334157,4.738119964810574,,94,0,True,14,2,2,36,0,0,19013.605674036302,,13047.570715802687,,RAW_WINDOWS_DT30_DISTANCE400_V1,98,96,2,0.9795918367346939,,96,4.7951887026064,0.7273535161896238,3.2561618551729063,,0,5,4.721140216888927e-10,13,0,0,2,14,12,13056.503859324028,NO_RAW_BREAK_CROSSING,S0,UNIFORM,PROCESSED,4b3cfc0c868a6d1551ae71ad5d05b0d768e1e837c6e5c95c170c034b32464b5e
734,98,37,0.37755102040816324,,True,False,False,5,1,55,92,37,0.5978260869565217,,4.7951887026064,0.7586514566751129,0.18235444499095793,2.3549207847878506,3.273199063495409,4.739347249494355,,92,0,True,14,3,1,33,0,0,19013.605674036302,,12608.268974686522,,RAW_WINDOWS_DT30_DISTANCE400_V1,98,93,5,0.9489795918367347,,93,4.7951887026064,0.7507344701160268,3.2689397614147824,,0,5,4.721140216888927e-10,13,0,0,4,14,11,13056.503859324028,NO_RAW_BREAK_CROSSING,G0,TIME_REGULAR,PROCESSED,3ec0d908a7e6b8827c74f955209b8aa976e4a556f3d96258c9b7aa620e865281
734,98,39,0.3979591836734694,,True,False,False,2,1,56,95,39,0.5894736842105264,,4.7951887026064,0.7347743773423556,0.1491283942190135,2.3086865761937516,3.2604211572535315,4.7375063224686835,,95,0,True,14,2,1,36,0,0,19013.605674036302,,13047.570715802687,,RAW_WINDOWS_DT30_DISTANCE400_V1,98,96,2,0.9795918367346939,,96,4.7951887026064,0.7273535161896238,3.2561618551729063,,0,5,4.721140216888927e-10,13,0,0,2,14,12,13056.503859324028,NO_RAW_BREAK_CROSSING,S0_G0,TIME_REGULAR,PROCESSED,da1c1b6536ca7af7387a7b1c5d4d1b552ef1eb6c0be5a47e30373c2ab65ffbe1
9643,109,34,0.3119266055045872,,True,False,False,0,7,68,102,34,0.6666666666666667,,4.412407405676956,1.211296848629396,0.7838309766145934,3.2798035612555254,3.7863437998543397,4.300463765542921,,102,0,True,1,0,7,3,0,0,6608.161875356046,,6562.710835052513,,RAW_WINDOWS_DT30_DISTANCE400_V1,109,109,0,1.0,,109,55.52463841092249,1.7411819181198651,3.8073400019364385,,1,5,2.4503026750180417e-10,0,0,0,0,1,1,6608.161875356046,NO_RAW_BREAK_CROSSING,R0,UNIFORM,PROCESSED,60f63280a0b2926801b575aae430563b2a60d52301260e4cee3e67de4d3f868f
9643,109,34,0.3119266055045872,,True,False,False,0,7,68,102,34,0.6666666666666667,,4.412407405676956,1.211296848629396,0.7838309766145934,3.2798035612555254,3.7863437998543397,4.300463765542921,,102,0,True,1,0,7,3,0,0,6608.161875356046,,6562.710835052513,,RAW_WINDOWS_DT30_DISTANCE400_V1,109,109,0,1.0,,109,55.52463841092249,1.7411819181198651,3.8073400019364385,,1,5,2.4503026750180417e-10,0,0,0,0,1,1,6608.161875356046,NO_RAW_BREAK_CROSSING,S0,UNIFORM,PROCESSED,230e7760f93265c4bacaee2a635cbe21e36899614d3d2ca713a9ac8a73b0e629
9643,109,35,0.3211009174311927,,True,False,False,0,2,72,107,35,0.6728971962616823,,4.740980091913407,1.3105311472009795,0.8007421843119954,3.563872964098032,4.249333600809073,4.69401754807986,,107,0,True,1,0,2,3,0,0,6608.161875356046,,6595.967592594585,,RAW_WINDOWS_DT30_DISTANCE400_V1,109,109,0,1.0,,109,4.740980091913407,1.2971444892260249,4.240580435956641,,0,5,2.4503026750180417e-10,0,0,0,0,1,1,6608.161875356046,NO_RAW_BREAK_CROSSING,G0,TIME_REGULAR,PROCESSED,7b16d083463d3f606ad5c6c9b94bc3cc8e313702dff2cad6590fa08473792825
9643,109,35,0.3211009174311927,,True,False,False,0,2,72,107,35,0.6728971962616823,,4.740980091913407,1.3105311472009795,0.8007421843119954,3.563872964098032,4.249333600809073,4.69401754807986,,107,0,True,1,0,2,3,0,0,6608.161875356046,,6595.967592594585,,RAW_WINDOWS_DT30_DISTANCE400_V1,109,109,0,1.0,,109,4.740980091913407,1.2971444892260249,4.240580435956641,,0,5,2.4503026750180417e-10,0,0,0,0,1,1,6608.161875356046,NO_RAW_BREAK_CROSSING,S0_G0,TIME_REGULAR,PROCESSED,f95a1fd347e405eb2900eca47225a193ce12197b8c37fb7a3a6c5a309326ea46
433,107,71,0.6635514018691588,,True,False,False,0,2,34,105,71,0.32380952380952377,,4.261166285460224,0.6669517097221699,0.0,2.745623348028263,3.894977460450494,4.200586298258953,,105,0,True,11,0,2,33,0,0,21897.97849514711,,17413.307080237053,,RAW_WINDOWS_DT30_DISTANCE400_V1,107,107,0,1.0,,107,50.80582136943058,1.163385028279536,3.976470825489576,,1,5,4.736329360427331e-10,10,0,0,0,11,11,17435.11967650624,NO_RAW_BREAK_CROSSING,R0,UNIFORM,PROCESSED,48478b38a55bb3fe4dac3fb0fe076e2915be689ed801ee8fb430f85863741703
433,107,71,0.6635514018691588,,True,False,False,0,2,34,105,71,0.32380952380952377,,4.261166285460224,0.6669517097221699,0.0,2.745623348028263,3.894977460450494,4.200586298258953,,105,0,True,11,0,2,33,0,0,21897.97849514711,,17413.307080237053,,RAW_WINDOWS_DT30_DISTANCE400_V1,107,107,0,1.0,,107,50.80582136943058,1.163385028279536,3.976470825489576,,1,5,4.736329360427331e-10,10,0,0,0,11,11,17435.11967650624,NO_RAW_BREAK_CROSSING,S0,UNIFORM,PROCESSED,f95b0a31538562f308936061e6146b5919c88776faff39c662828fb414d4a752
433,107,71,0.6635514018691588,,True,False,False,0,1,35,106,71,0.33018867924528306,,4.261166285460224,0.6648234080527645,0.0,2.7349836558040583,3.877919838121766,4.199889113136148,,106,0,True,11,0,1,33,0,0,21897.97849514711,,17432.158032188185,,RAW_WINDOWS_DT30_DISTANCE400_V1,107,107,0,1.0,,107,4.261166285460224,0.6926890503667753,3.868179705531363,,0,5,4.736329360427331e-10,10,0,0,0,11,11,17435.11967650624,NO_RAW_BREAK_CROSSING,G0,TIME_REGULAR,PROCESSED,853877719d5ac4bda8206744a631fea47bde8a0c89f35460c1d09cf7bc9e59c4
433,107,71,0.6635514018691588,,True,False,False,0,1,35,106,71,0.33018867924528306,,4.261166285460224,0.6648234080527645,0.0,2.7349836558040583,3.877919838121766,4.199889113136148,,106,0,True,11,0,1,33,0,0,21897.97849514711,,17432.158032188185,,RAW_WINDOWS_DT30_DISTANCE400_V1,107,107,0,1.0,,107,4.261166285460224,0.6926890503667753,3.868179705531363,,0,5,4.736329360427331e-10,10,0,0,0,11,11,17435.11967650624,NO_RAW_BREAK_CROSSING,S0_G0,TIME_REGULAR,PROCESSED,339ae4881e74f4b407074d82ac8576ba09cecfdead1bdc0847f9c91639b9e373
9931,103,52,0.5048543689320388,,True,False,False,0,7,44,96,52,0.45833333333333337,,4.749386345931775,0.7324947564122746,0.0,2.065233356603285,2.509387915485405,4.43969695779461,,96,0,True,1,0,7,3,0,0,8172.043305426453,,8136.564303212464,,RAW_WINDOWS_DT30_DISTANCE400_V1,103,103,0,1.0,,103,15.50714266356681,1.0762852391924425,4.063474498300994,,3,5,2.2511501502303997e-10,0,0,0,0,1,1,8172.043305426453,NO_RAW_BREAK_CROSSING,R0,UNIFORM,PROCESSED,d3dfa4dc9427d2ff239b0f18d4cab12f01e9585a04b39d4c1f36ede6b4905c03
9931,103,52,0.5048543689320388,,True,False,False,0,7,44,96,52,0.45833333333333337,,4.749386345931775,0.7324947564122746,0.0,2.065233356603285,2.509387915485405,4.43969695779461,,96,0,True,1,0,7,3,0,0,8172.043305426453,,8136.564303212464,,RAW_WINDOWS_DT30_DISTANCE400_V1,103,103,0,1.0,,103,15.50714266356681,1.0762852391924425,4.063474498300994,,3,5,2.2511501502303997e-10,0,0,0,0,1,1,8172.043305426453,NO_RAW_BREAK_CROSSING,S0,UNIFORM,PROCESSED,545599fc93093238105c6aa55ad8deb6069574e781ec4bf57db6e647e4ecace2
9931,103,54,0.5242718446601942,,True,False,False,0,4,45,99,54,0.4545454545454546,,4.749386345931775,0.7284464005105639,0.0,2.014916142789768,2.4781062534580283,4.429917292906068,,99,0,True,1,0,4,3,0,0,8172.043305426453,,8154.707163024323,,RAW_WINDOWS_DT30_DISTANCE400_V1,103,103,0,1.0,,103,6.401411717663883,0.7923502985914983,2.644941784270699,,1,5,2.2511501502303997e-10,0,0,0,0,1,1,8172.043305426453,NO_RAW_BREAK_CROSSING,G0,TIME_REGULAR,PROCESSED,78d145cf69bf0316ccf4a2fb20fb8d5862cc9950ae781c1a4d3af45841782804
9931,103,54,0.5242718446601942,,True,False,False,0,4,45,99,54,0.4545454545454546,,4.749386345931775,0.7284464005105639,0.0,2.014916142789768,2.4781062534580283,4.429917292906068,,99,0,True,1,0,4,3,0,0,8172.043305426453,,8154.707163024323,,RAW_WINDOWS_DT30_DISTANCE400_V1,103,103,0,1.0,,103,6.401411717663883,0.7923502985914983,2.644941784270699,,1,5,2.2511501502303997e-10,0,0,0,0,1,1,8172.043305426453,NO_RAW_BREAK_CROSSING,S0_G0,TIME_REGULAR,PROCESSED,b6c4eaa47454e0ff06b4a72b82aa6b439c15b00471054c2ff76b6db28558c626
11245,32,15,0.46875,,True,False,False,6,1,10,25,15,0.4,,4.687737427642241,0.8306808412792632,0.0,2.4299113775442365,3.8165897084078195,4.551322536190172,,25,0,True,6,3,1,9,0,0,6390.67288907433,,3516.6651131556646,,RAW_WINDOWS_DT30_DISTANCE400_V1,32,26,6,0.8125,,26,12.071393938865755,1.2630159604172053,4.545638582379671,,1,5,7.530735879039805e-10,5,0,0,4,6,3,4170.145265603816,NO_RAW_BREAK_CROSSING,R0,UNIFORM,PROCESSED,78930c0bd90ce65caebb4fdf5e0107c177ea4ff4cd6584d3ebd33c39e82a9967
11245,32,19,0.59375,,True,False,False,1,1,11,30,19,0.3666666666666667,,4.687737427642241,0.8208392719061322,0.0,2.7308380326243906,4.001808831966651,4.52290276713766,,30,0,True,6,1,1,14,0,0,6390.67288907433,,4162.507105195944,,RAW_WINDOWS_DT30_DISTANCE400_V1,32,31,1,0.96875,,31,12.071393938865755,1.1837603901951523,4.4035397371171,,1,5,7.530735879039805e-10,5,0,0,1,6,5,4170.145265603816,NO_RAW_BREAK_CROSSING,S0,UNIFORM,PROCESSED,c90be6e74c4f306acf81bba96ecfeb6e9b75f7731dc826a2f21ac3444dd6cac3
11245,32,17,0.53125,,True,False,False,6,0,9,26,17,0.34615384615384615,,4.687737427642241,0.6402953455919085,0.0,2.064498292702021,2.495787244341877,4.1671981596495,,26,0,True,6,3,0,9,0,0,6390.67288907433,,3523.9873796995,,RAW_WINDOWS_DT30_DISTANCE400_V1,32,26,6,0.8125,,26,4.687737427642241,0.6402953455919085,2.495787244341877,,0,5,7.530735879039805e-10,5,0,0,4,6,3,4170.145265603816,NO_RAW_BREAK_CROSSING,G0,TIME_REGULAR,PROCESSED,69758f5b46361fcee4c9a330466652527622ce90426271bc51436f57c879499c
11245,32,21,0.65625,,True,False,False,1,0,10,31,21,0.32258064516129037,,4.687737427642241,0.6614785842126453,0.0,2.166407910353672,3.2318687404368314,4.438863336910283,,31,0,True,6,1,0,14,0,0,6390.67288907433,,4169.829371739779,,RAW_WINDOWS_DT30_DISTANCE400_V1,32,31,1,0.96875,,31,4.687737427642241,0.6614785842126453,3.2318687404368314,,0,5,7.530735879039805e-10,5,0,0,1,6,5,4170.145265603816,NO_RAW_BREAK_CROSSING,S0_G0,TIME_REGULAR,PROCESSED,4a3d4e857c99310ae9720eb7b0428bc5d5540e3c5725123bc944974a6031ce42
9692,108,47,0.4351851851851852,,True,False,False,0,5,56,103,47,0.5436893203883495,,4.4262989778070105,0.9495020465700122,0.1134909058882423,3.098920994991819,3.7524611427956605,4.257515644452015,,103,0,True,1,0,5,3,0,0,12274.91241230096,,12261.911131029312,,RAW_WINDOWS_DT30_DISTANCE400_V1,108,108,0,1.0,,108,4.4262989778070105,0.9631806668061839,3.6799127139103636,,0,5,3.337469264799521e-10,0,0,0,0,1,1,12274.91241230096,NO_RAW_BREAK_CROSSING,R0,UNIFORM,PROCESSED,faeceef5706fd9735529399002cd5dc6ff41ea7576d7bdb69a9a52a34901fdf8
9692,108,47,0.4351851851851852,,True,False,False,0,5,56,103,47,0.5436893203883495,,4.4262989778070105,0.9495020465700122,0.1134909058882423,3.098920994991819,3.7524611427956605,4.257515644452015,,103,0,True,1,0,5,3,0,0,12274.91241230096,,12261.911131029312,,RAW_WINDOWS_DT30_DISTANCE400_V1,108,108,0,1.0,,108,4.4262989778070105,0.9631806668061839,3.6799127139103636,,0,5,3.337469264799521e-10,0,0,0,0,1,1,12274.91241230096,NO_RAW_BREAK_CROSSING,S0,UNIFORM,PROCESSED,74a511a806a373087f5642635ce906420a0f62c278079cfeae5298b966b97ca6
9692,108,46,0.42592592592592593,,True,False,False,0,3,59,105,46,0.5619047619047619,,4.4262989778070105,1.0302875655650945,0.2025878869773918,3.266217457973361,3.733579080419764,4.25508276200635,,105,0,True,1,0,3,3,0,0,12274.91241230096,,12262.181800500302,,RAW_WINDOWS_DT30_DISTANCE400_V1,108,108,0,1.0,,108,4.4262989778070105,1.015682288632443,3.69765300497225,,0,5,3.337469264799521e-10,0,0,0,0,1,1,12274.91241230096,NO_RAW_BREAK_CROSSING,G0,TIME_REGULAR,PROCESSED,81ce0df722c316cd43d52251f0dcf2be8865dbb917525f201fd505506e369fbe
9692,108,46,0.42592592592592593,,True,False,False,0,3,59,105,46,0.5619047619047619,,4.4262989778070105,1.0302875655650945,0.2025878869773918,3.266217457973361,3.733579080419764,4.25508276200635,,105,0,True,1,0,3,3,0,0,12274.91241230096,,12262.181800500302,,RAW_WINDOWS_DT30_DISTANCE400_V1,108,108,0,1.0,,108,4.4262989778070105,1.015682288632443,3.69765300497225,,0,5,3.337469264799521e-10,0,0,0,0,1,1,12274.91241230096,NO_RAW_BREAK_CROSSING,S0_G0,TIME_REGULAR,PROCESSED,aaaf44ebc2117d4258ef6937c1be5643bb240c623f69eb65a6f3ced74169e4fe
8552,99,58,0.5858585858585859,,True,False,False,7,0,34,92,58,0.3695652173913043,,4.275628848785852,0.38422041856738554,0.0,1.3279673733617878,2.0861778384161216,3.1525434813152,,92,0,True,16,2,0,42,0,0,25737.713193457235,,17381.809782658715,,RAW_WINDOWS_DT30_DISTANCE400_V1,99,92,7,0.9292929292929293,,92,4.275628848785852,0.38422041856738554,2.0861778384161216,,0,5,6.247945923042299e-10,15,0,0,3,16,14,18504.634611776084,NO_RAW_BREAK_CROSSING,R0,UNIFORM,PROCESSED,e5ee8cd658544fe95a310a0173647ba587dc49f98369ac584a67da6c6217a588
8552,99,62,0.6262626262626263,,True,False,False,0,0,37,99,62,0.3737373737373737,,4.275628848785852,0.36211234518889934,0.0,1.2852783684059839,1.9310847773777133,3.0661522992020633,,99,0,True,16,0,0,48,0,0,25737.713193457235,,18504.363737912125,,RAW_WINDOWS_DT30_DISTANCE400_V1,99,99,0,1.0,,99,4.275628848785852,0.36211234518889934,1.9310847773777133,,0,5,6.247945923042299e-10,15,0,0,0,16,16,18504.634611776084,NO_RAW_BREAK_CROSSING,S0,UNIFORM,PROCESSED,366b6cce9b553d235b852b373d8e58c7f9ddab43fb44282ab1d6b199af918abb
8552,99,58,0.5858585858585859,,True,False,False,7,0,34,92,58,0.3695652173913043,,4.275628848785852,0.38422041856738554,0.0,1.3279673733617878,2.0861778384161216,3.1525434813152,,92,0,True,16,2,0,42,0,0,25737.713193457235,,17381.809782658715,,RAW_WINDOWS_DT30_DISTANCE400_V1,99,92,7,0.9292929292929293,,92,4.275628848785852,0.38422041856738554,2.0861778384161216,,0,5,6.247945923042299e-10,15,0,0,3,16,14,18504.634611776084,NO_RAW_BREAK_CROSSING,G0,TIME_REGULAR,PROCESSED,479da06b076d98c205437412f3a3a246370819a7827c01056a647cd4668ae70c
8552,99,62,0.6262626262626263,,True,False,False,0,0,37,99,62,0.3737373737373737,,4.275628848785852,0.36211234518889934,0.0,1.2852783684059839,1.9310847773777133,3.0661522992020633,,99,0,True,16,0,0,48,0,0,25737.713193457235,,18504.363737912125,,RAW_WINDOWS_DT30_DISTANCE400_V1,99,99,0,1.0,,99,4.275628848785852,0.36211234518889934,1.9310847773777133,,0,5,6.247945923042299e-10,15,0,0,0,16,16,18504.634611776084,NO_RAW_BREAK_CROSSING,S0_G0,TIME_REGULAR,PROCESSED,ec3fabcbe852b114c3bb0d4be14c73ac1824b56fe372f7e40f592ff9df8fd43c
642,113,68,0.6017699115044248,,True,False,False,1,6,38,106,68,0.3584905660377359,,4.188638767922784,0.6375079358886223,0.0,2.3778165705709777,2.958132043078267,3.7101982169164542,,106,0,True,8,1,6,21,0,0,21635.533588884344,,15702.624158024539,,RAW_WINDOWS_DT30_DISTANCE400_V1,113,112,1,0.9911504424778761,,112,81.89105478667686,1.7701758577046132,3.6281553291281665,,4,5,3.5233966596070824e-10,7,0,0,1,8,7,15751.185529623246,NO_RAW_BREAK_CROSSING,R0,UNIFORM,PROCESSED,7e6ee3b24aa2b73a88c03a07b2a689dd3f91da6e98696316a84f71f052a29260
642,113,68,0.6017699115044248,,True,False,False,1,6,38,106,68,0.3584905660377359,,4.188638767922784,0.6375079358886223,0.0,2.3778165705709777,2.958132043078267,3.7101982169164542,,106,0,True,8,1,6,21,0,0,21635.533588884344,,15702.624158024539,,RAW_WINDOWS_DT30_DISTANCE400_V1,113,112,1,0.9911504424778761,,112,81.89105478667686,1.7701758577046132,3.6281553291281665,,4,5,3.5233966596070824e-10,7,0,0,1,8,7,15751.185529623246,NO_RAW_BREAK_CROSSING,S0,UNIFORM,PROCESSED,49d7a3ff4462a1a244ed4dc27bcfd878c7fc2d08c3e14e228affa6a37df6f23a
642,113,68,0.6017699115044248,,True,False,False,1,0,44,112,68,0.3928571428571429,,4.626661500135638,0.7020049884650569,0.0,2.461939767031565,3.0874128367905405,4.118863343764336,,112,0,True,8,1,0,21,0,0,21635.533588884344,,15747.910497695166,,RAW_WINDOWS_DT30_DISTANCE400_V1,113,112,1,0.9911504424778761,,112,4.626661500135638,0.7020049884650569,3.0874128367905405,,0,5,3.5233966596070824e-10,7,0,0,1,8,7,15751.185529623246,NO_RAW_BREAK_CROSSING,G0,TIME_REGULAR,PROCESSED,9be24745409f893bad52d2b800d34b62ca9fe59ca0924cbe579438a8dd3ddb48
642,113,68,0.6017699115044248,,True,False,False,1,0,44,112,68,0.3928571428571429,,4.626661500135638,0.7020049884650569,0.0,2.461939767031565,3.0874128367905405,4.118863343764336,,112,0,True,8,1,0,21,0,0,21635.533588884344,,15747.910497695166,,RAW_WINDOWS_DT30_DISTANCE400_V1,113,112,1,0.9911504424778761,,112,4.626661500135638,0.7020049884650569,3.0874128367905405,,0,5,3.5233966596070824e-10,7,0,0,1,8,7,15751.185529623246,NO_RAW_BREAK_CROSSING,S0_G0,TIME_REGULAR,PROCESSED,8853e4f9a978f9708f72b4aabc2b1c74753cbe96465159edcaa507abdeab3c6c
8461,110,37,0.33636363636363636,,True,False,False,3,14,56,93,37,0.6021505376344086,,4.006494770482997,1.0037080746573672,0.45291609231093166,2.856237912884855,3.536376704822856,3.8702684782359302,,93,0,True,7,1,14,18,0,0,11359.45055167895,,8410.52766845103,,RAW_WINDOWS_DT30_DISTANCE400_V1,110,107,3,0.9727272727272728,,107,11.131390452961307,1.22716680287864,3.763888661259118,,3,5,2.3947315062831287e-10,6,0,0,2,7,6,8738.4760719479,NO_RAW_BREAK_CROSSING,R0,UNIFORM,PROCESSED,daf7cce896914989efac576247193f1395013224c8704a66eeb187ca74873a69
8461,110,39,0.35454545454545455,,True,False,False,0,14,57,96,39,0.59375,,4.006494770482997,0.9744461532250209,0.3624031237232048,2.8555837422222847,3.5277441551916278,3.865826316532221,,96,0,True,7,0,14,21,0,0,11359.45055167895,,8683.705535546445,,RAW_WINDOWS_DT30_DISTANCE400_V1,110,110,0,1.0,,110,11.131390452961307,1.1955347970407393,3.759280110691794,,3,5,2.3947315062831287e-10,6,0,0,0,7,7,8738.4760719479,NO_RAW_BREAK_CROSSING,S0,UNIFORM,PROCESSED,8b054dee43666da948dbcc79dea533c103bb8dc374aa9da09d920f5c767813bb
8461,110,37,0.33636363636363636,,True,False,False,3,9,61,98,37,0.6224489795918368,,4.006494770482997,1.049107746032078,0.5530772861176294,2.8551476284472375,3.521989122104142,3.862864875396416,,98,0,True,7,1,9,18,0,0,11359.45055167895,,8410.67491723235,,RAW_WINDOWS_DT30_DISTANCE400_V1,110,107,3,0.9727272727272728,,107,11.131390452961307,1.2397573161377033,3.763888661259118,,3,5,2.3947315062831287e-10,6,0,0,2,7,6,8738.4760719479,NO_RAW_BREAK_CROSSING,G0,TIME_REGULAR,PROCESSED,a194537560af82c9260e5b66d59d0d5fb1507964263262b3f14007362356843f
8461,110,39,0.35454545454545455,,True,False,False,0,9,62,101,39,0.6138613861386139,,4.006494770482997,1.0199459294812918,0.4108244983717608,2.8544934577846672,3.513356572472914,3.858422713692707,,101,0,True,7,0,9,21,0,0,11359.45055167895,,8683.852784327766,,RAW_WINDOWS_DT30_DISTANCE400_V1,110,110,0,1.0,,110,11.131390452961307,1.2077819326654646,3.759280110691794,,3,5,2.3947315062831287e-10,6,0,0,0,7,7,8738.4760719479,NO_RAW_BREAK_CROSSING,S0_G0,TIME_REGULAR,PROCESSED,5da15d5cab138d828780634b482a0ac84a792c78f849390d9297a8cdf7057ea3
1014,100,25,0.25,,True,False,False,0,8,67,92,25,0.7282608695652174,,4.74452337616875,1.2496057600379953,0.913454413987814,2.9341523036696744,3.3495970824675316,4.7024882354116375,,92,0,True,1,0,8,3,0,0,4216.185021005291,,4189.058822406553,,RAW_WINDOWS_DT30_DISTANCE400_V1,100,100,0,1.0,,100,4.74452337616875,1.2410086964845184,3.240829214494115,,0,5,2.309021490404241e-10,0,0,0,0,1,1,4216.185021005291,NO_RAW_BREAK_CROSSING,R0,UNIFORM,PROCESSED,bd3a65933437dab0e710fa2c8b3a74cc749b68f48641391f5a989c6328393d21
1014,100,25,0.25,,True,False,False,0,8,67,92,25,0.7282608695652174,,4.74452337616875,1.2496057600379953,0.913454413987814,2.9341523036696744,3.3495970824675316,4.7024882354116375,,92,0,True,1,0,8,3,0,0,4216.185021005291,,4189.058822406553,,RAW_WINDOWS_DT30_DISTANCE400_V1,100,100,0,1.0,,100,4.74452337616875,1.2410086964845184,3.240829214494115,,0,5,2.309021490404241e-10,0,0,0,0,1,1,4216.185021005291,NO_RAW_BREAK_CROSSING,S0,UNIFORM,PROCESSED,9589b5b28ba86e0f4a7ec3b26b0db79049b14f2973a83c34641a0b92c0e48094
1014,100,25,0.25,,True,False,False,0,4,71,96,25,0.7395833333333333,,4.74452337616875,1.2573058024052162,0.9265313994347686,2.9201441296845907,3.2952131484808236,4.700640536916819,,96,0,True,1,0,4,3,0,0,4216.185021005291,,4189.058822406553,,RAW_WINDOWS_DT30_DISTANCE400_V1,100,100,0,1.0,,100,4.74452337616875,1.2410086964845184,3.240829214494115,,0,5,2.309021490404241e-10,0,0,0,0,1,1,4216.185021005291,NO_RAW_BREAK_CROSSING,G0,TIME_REGULAR,PROCESSED,ba51ec227f29e1258c0393395d9b10ce933d440651dfcacba90a87f2f207e656
1014,100,25,0.25,,True,False,False,0,4,71,96,25,0.7395833333333333,,4.74452337616875,1.2573058024052162,0.9265313994347686,2.9201441296845907,3.2952131484808236,4.700640536916819,,96,0,True,1,0,4,3,0,0,4216.185021005291,,4189.058822406553,,RAW_WINDOWS_DT30_DISTANCE400_V1,100,100,0,1.0,,100,4.74452337616875,1.2410086964845184,3.240829214494115,,0,5,2.309021490404241e-10,0,0,0,0,1,1,4216.185021005291,NO_RAW_BREAK_CROSSING,S0_G0,TIME_REGULAR,PROCESSED,bd21aa92ccc1a2103999e8d2e3f9d9de0325c2bd4af1a55043c8e7b5c005cf0e
10650,108,50,0.46296296296296297,,True,False,False,0,2,56,106,50,0.5283018867924528,,4.971169200787553,1.072750027088521,0.0,3.406257184302966,4.231887165697465,4.767672570191557,,106,0,True,3,0,2,24,0,0,13134.447117316644,,12171.136218832471,,RAW_WINDOWS_DT30_DISTANCE400_V1,108,108,0,1.0,,108,8.557940711563363,1.1968682613121144,4.46024953961583,,2,5,3.1055719315076544e-10,2,0,0,0,3,3,12188.551604334738,NO_RAW_BREAK_CROSSING,R0,UNIFORM,PROCESSED,1211e23cedc08802e4cae53a774d829da111d1027376276937b9dde03d91d5e1
10650,108,50,0.46296296296296297,,True,False,False,0,2,56,106,50,0.5283018867924528,,4.971169200787553,1.072750027088521,0.0,3.406257184302966,4.231887165697465,4.767672570191557,,106,0,True,3,0,2,24,0,0,13134.447117316644,,12171.136218832471,,RAW_WINDOWS_DT30_DISTANCE400_V1,108,108,0,1.0,,108,8.557940711563363,1.1968682613121144,4.46024953961583,,2,5,3.1055719315076544e-10,2,0,0,0,3,3,12188.551604334738,NO_RAW_BREAK_CROSSING,S0,UNIFORM,PROCESSED,c0535305f9d3349607963aac5845a70fa49bf6877efc12fd060f0bc140a3a5cd
10650,108,50,0.46296296296296297,,True,False,False,0,0,58,108,50,0.537037037037037,,4.971169200787553,1.0951179633189343,0.06868163081008966,3.347634333993253,4.226125214149514,4.765870902159566,,108,0,True,3,0,0,24,0,0,13134.447117316644,,12186.707443316547,,RAW_WINDOWS_DT30_DISTANCE400_V1,108,108,0,1.0,,108,4.971169200787553,1.0951179633189343,4.226125214149514,,0,5,3.1055719315076544e-10,2,0,0,0,3,3,12188.551604334738,NO_RAW_BREAK_CROSSING,G0,TIME_REGULAR,PROCESSED,6160a3c85b0408ff40b886fceb239cb25c31e47d591d33eb8bef3a466aec8077
10650,108,50,0.46296296296296297,,True,False,False,0,0,58,108,50,0.537037037037037,,4.971169200787553,1.0951179633189343,0.06868163081008966,3.347634333993253,4.226125214149514,4.765870902159566,,108,0,True,3,0,0,24,0,0,13134.447117316644,,12186.707443316547,,RAW_WINDOWS_DT30_DISTANCE400_V1,108,108,0,1.0,,108,4.971169200787553,1.0951179633189343,4.226125214149514,,0,5,3.1055719315076544e-10,2,0,0,0,3,3,12188.551604334738,NO_RAW_BREAK_CROSSING,S0_G0,TIME_REGULAR,PROCESSED,71c36137eb90af752fc74df2205cdbdb215177a033042fc7e90a4d139eee5c83
9469,106,37,0.3490566037735849,,True,False,False,0,0,69,106,37,0.6509433962264151,,3.63704913586219,0.879961510167465,0.4072332716883883,2.1485750534022507,2.1485750534022507,3.497902470410335,,106,0,True,2,0,0,52,0,0,6997.795502567101,,6536.84702812421,,RAW_WINDOWS_DT30_DISTANCE400_V1,106,106,0,1.0,,106,3.63704913586219,0.879961510167465,2.1485750534022507,,0,5,1.9151110261347108e-10,1,0,0,0,2,2,6540.30463750566,NO_RAW_BREAK_CROSSING,R0,UNIFORM,PROCESSED,1cbbada57154472f489c178a85b9250fd3ca0142563f718a19995d97c16d07cd
9469,106,37,0.3490566037735849,,True,False,False,0,0,69,106,37,0.6509433962264151,,3.63704913586219,0.879961510167465,0.4072332716883883,2.1485750534022507,2.1485750534022507,3.497902470410335,,106,0,True,2,0,0,52,0,0,6997.795502567101,,6536.84702812421,,RAW_WINDOWS_DT30_DISTANCE400_V1,106,106,0,1.0,,106,3.63704913586219,0.879961510167465,2.1485750534022507,,0,5,1.9151110261347108e-10,1,0,0,0,2,2,6540.30463750566,NO_RAW_BREAK_CROSSING,S0,UNIFORM,PROCESSED,43ec3cf36607642c990aa1a9c0e855af9f046b3b231f01db9b4758298ab89410
9469,106,37,0.3490566037735849,,True,False,False,0,0,69,106,37,0.6509433962264151,,3.63704913586219,0.879961510167465,0.4072332716883883,2.1485750534022507,2.1485750534022507,3.497902470410335,,106,0,True,2,0,0,52,0,0,6997.795502567101,,6536.84702812421,,RAW_WINDOWS_DT30_DISTANCE400_V1,106,106,0,1.0,,106,3.63704913586219,0.879961510167465,2.1485750534022507,,0,5,1.9151110261347108e-10,1,0,0,0,2,2,6540.30463750566,NO_RAW_BREAK_CROSSING,G0,TIME_REGULAR,PROCESSED,9605be8ab8ec9f0fe1f39a2f711fb208d2b997a62a422390c3d4802bb9428557
9469,106,37,0.3490566037735849,,True,False,False,0,0,69,106,37,0.6509433962264151,,3.63704913586219,0.879961510167465,0.4072332716883883,2.1485750534022507,2.1485750534022507,3.497902470410335,,106,0,True,2,0,0,52,0,0,6997.795502567101,,6536.84702812421,,RAW_WINDOWS_DT30_DISTANCE400_V1,106,106,0,1.0,,106,3.63704913586219,0.879961510167465,2.1485750534022507,,0,5,1.9151110261347108e-10,1,0,0,0,2,2,6540.30463750566,NO_RAW_BREAK_CROSSING,S0_G0,TIME_REGULAR,PROCESSED,646aec0716f8ac37e94fb410b3351bd2305501c0b05cf9191dbbadb762f9765f
3017,109,39,0.3577981651376147,,True,False,False,2,1,67,106,39,0.6320754716981132,,4.7855056335291115,1.2363912966655566,0.02057879883647356,4.020540617289916,4.561810984632606,4.59513390071873,,106,0,True,2,1,1,41,0,0,9009.784781733531,,8406.422316381724,,RAW_WINDOWS_DT30_DISTANCE400_V1,109,107,2,0.981651376146789,,107,4.7855056335291115,1.2494125455257221,4.561810984632606,,0,5,2.811256103392521e-10,1,0,0,1,2,1,8599.207135803288,NO_RAW_BREAK_CROSSING,R0,UNIFORM,PROCESSED,ad0d24a7969b160d96efc6d677614ac9b2babb481628213a8886935781ef62e1
3017,109,41,0.3761467889908257,,True,False,False,0,1,67,108,41,0.6203703703703703,,4.7855056335291115,1.2134951615421203,0.0,4.0122927580970265,4.561810984632606,4.594432365643232,,108,0,True,2,0,1,43,0,0,9009.784781733531,,8592.412726269544,,RAW_WINDOWS_DT30_DISTANCE400_V1,109,109,0,1.0,,109,4.7855056335291115,1.2264875446903878,4.561810984632606,,0,5,2.811256103392521e-10,1,0,0,0,2,2,8599.207135803288,NO_RAW_BREAK_CROSSING,S0,UNIFORM,PROCESSED,ab74f089abcb82717333fea42be1535dcf7398fd10cc76fbde5b1f0ef63ebf93
3017,109,38,0.3486238532110092,,True,False,False,2,0,69,107,38,0.6448598130841121,,4.957120870448935,1.3152065218293048,0.09436341666174203,4.085248617067095,4.649762591360447,4.777361050998992,,107,0,True,2,1,0,41,0,0,9009.784781733531,,8402.456832591824,,RAW_WINDOWS_DT30_DISTANCE400_V1,109,107,2,0.981651376146789,,107,4.957120870448935,1.3152065218293048,4.649762591360447,,0,5,2.811256103392521e-10,1,0,0,1,2,1,8599.207135803288,NO_RAW_BREAK_CROSSING,G0,TIME_REGULAR,PROCESSED,fdd7eb3b12d8202d22f2612b9890e5c73c496562e224d013065bce9d371c1e2c
3017,109,40,0.3669724770642202,,True,False,False,0,0,69,109,40,0.6330275229357798,,4.957120870448935,1.2910742920709688,0.04115759767294712,4.063204441169618,4.649762591360447,4.774646190155619,,109,0,True,2,0,0,43,0,0,9009.784781733531,,8588.447242479644,,RAW_WINDOWS_DT30_DISTANCE400_V1,109,109,0,1.0,,109,4.957120870448935,1.2910742920709688,4.649762591360447,,0,5,2.811256103392521e-10,1,0,0,0,2,2,8599.207135803288,NO_RAW_BREAK_CROSSING,S0_G0,TIME_REGULAR,PROCESSED,99bc6d2ca0c379af836ee68bc553c413ddff703b185e7c536facdb24626a79a0
2357,103,39,0.3786407766990291,,True,False,False,0,0,64,103,39,0.6213592233009708,,4.591835634916161,0.8670250014868791,0.28632425982565307,2.620144619138687,3.0742050560707344,4.382679600880136,,103,0,True,1,0,0,26,0,0,10013.443384042706,,10011.190470299174,,RAW_WINDOWS_DT30_DISTANCE400_V1,103,103,0,1.0,,103,4.591835634916161,0.8670250014868791,3.0742050560707344,,0,5,3.0701211540765706e-10,0,0,0,0,1,1,10013.443384042706,NO_RAW_BREAK_CROSSING,R0,UNIFORM,PROCESSED,458db5dbdb53f378d69db7805f19c94d1cc27304e020ccb65272eba7cac4f438
2357,103,39,0.3786407766990291,,True,False,False,0,0,64,103,39,0.6213592233009708,,4.591835634916161,0.8670250014868791,0.28632425982565307,2.620144619138687,3.0742050560707344,4.382679600880136,,103,0,True,1,0,0,26,0,0,10013.443384042706,,10011.190470299174,,RAW_WINDOWS_DT30_DISTANCE400_V1,103,103,0,1.0,,103,4.591835634916161,0.8670250014868791,3.0742050560707344,,0,5,3.0701211540765706e-10,0,0,0,0,1,1,10013.443384042706,NO_RAW_BREAK_CROSSING,S0,UNIFORM,PROCESSED,23ad6df8f3ccd27f135d44b79758432a6c468c032095666133b579483f4fbf13
2357,103,39,0.3786407766990291,,True,False,False,0,0,64,103,39,0.6213592233009708,,4.591835634916161,0.8670250014868791,0.28632425982565307,2.620144619138687,3.0742050560707344,4.382679600880136,,103,0,True,1,0,0,26,0,0,10013.443384042706,,10011.190470299174,,RAW_WINDOWS_DT30_DISTANCE400_V1,103,103,0,1.0,,103,4.591835634916161,0.8670250014868791,3.0742050560707344,,0,5,3.0701211540765706e-10,0,0,0,0,1,1,10013.443384042706,NO_RAW_BREAK_CROSSING,G0,TIME_REGULAR,PROCESSED,f4e3da7ad68ae81adca88518f6ad49ec250815fe400e2e8dbb2b1031669438b3
2357,103,39,0.3786407766990291,,True,False,False,0,0,64,103,39,0.6213592233009708,,4.591835634916161,0.8670250014868791,0.28632425982565307,2.620144619138687,3.0742050560707344,4.382679600880136,,103,0,True,1,0,0,26,0,0,10013.443384042706,,10011.190470299174,,RAW_WINDOWS_DT30_DISTANCE400_V1,103,103,0,1.0,,103,4.591835634916161,0.8670250014868791,3.0742050560707344,,0,5,3.0701211540765706e-10,0,0,0,0,1,1,10013.443384042706,NO_RAW_BREAK_CROSSING,S0_G0,TIME_REGULAR,PROCESSED,b4679e4a8cb10cc251000de9e2980e63afd486f3277b7e20b49ba3f56b90c4bc
8748,105,33,0.3142857142857143,,True,False,False,0,3,69,102,33,0.6764705882352942,,4.72708507964594,1.445927999766998,1.3868368372599316,3.7694530527464214,4.194241510244248,4.671721382162787,,102,0,True,1,0,3,35,0,0,8438.76331572882,,8418.659674660768,,RAW_WINDOWS_DT30_DISTANCE400_V1,105,105,0,1.0,,105,13.212303277070415,1.6249602535302043,4.4593094794450145,,2,5,1.4048916612953552e-10,0,0,0,0,1,1,8438.76331572882,NO_RAW_BREAK_CROSSING,R0,UNIFORM,PROCESSED,7c6201c4dd46132576a7398530ce6f96be2e27bd683bc2385c84e07957b8d462
8748,105,33,0.3142857142857143,,True,False,False,0,3,69,102,33,0.6764705882352942,,4.72708507964594,1.445927999766998,1.3868368372599316,3.7694530527464214,4.194241510244248,4.671721382162787,,102,0,True,1,0,3,35,0,0,8438.76331572882,,8418.659674660768,,RAW_WINDOWS_DT30_DISTANCE400_V1,105,105,0,1.0,,105,13.212303277070415,1.6249602535302043,4.4593094794450145,,2,5,1.4048916612953552e-10,0,0,0,0,1,1,8438.76331572882,NO_RAW_BREAK_CROSSING,S0,UNIFORM,PROCESSED,68c8a78c222a82224a080ed3b40dc8ae8d8464ec1d29379a471f46f25100eac5
8748,105,37,0.3523809523809524,,True,False,False,0,0,68,105,37,0.6476190476190475,,4.67264208273919,1.4244798008952373,1.15856842781317,3.793005710655894,4.265281022639242,4.570044059036548,,105,0,True,1,0,0,35,0,0,8438.76331572882,,8429.748426194868,,RAW_WINDOWS_DT30_DISTANCE400_V1,105,105,0,1.0,,105,4.67264208273919,1.4244798008952373,4.265281022639242,,0,5,1.4048916612953552e-10,0,0,0,0,1,1,8438.76331572882,NO_RAW_BREAK_CROSSING,G0,TIME_REGULAR,PROCESSED,5a18591b7a16adf3f593030b785d3e86de4c08b76da63e57af8b1ac348675e3c
8748,105,37,0.3523809523809524,,True,False,False,0,0,68,105,37,0.6476190476190475,,4.67264208273919,1.4244798008952373,1.15856842781317,3.793005710655894,4.265281022639242,4.570044059036548,,105,0,True,1,0,0,35,0,0,8438.76331572882,,8429.748426194868,,RAW_WINDOWS_DT30_DISTANCE400_V1,105,105,0,1.0,,105,4.67264208273919,1.4244798008952373,4.265281022639242,,0,5,1.4048916612953552e-10,0,0,0,0,1,1,8438.76331572882,NO_RAW_BREAK_CROSSING,S0_G0,TIME_REGULAR,PROCESSED,3060c175bdaad259a8ac696bb59c40df969d70dceeaaff184c25c852d1319242
6725,106,25,0.2358490566037736,,True,False,False,0,2,79,104,25,0.7596153846153846,,4.340480645684931,1.0417749795515117,0.6269429706902647,3.014863707123728,3.1341355921196667,3.9985427269331932,,104,0,True,1,0,2,36,0,0,8530.00969802862,,8517.624953992852,,RAW_WINDOWS_DT30_DISTANCE400_V1,106,106,0,1.0,,106,10.060898770288382,1.1963633327624543,3.7735275899419545,,2,5,1.4457981014125457e-10,0,0,0,0,1,1,8530.00969802862,NO_RAW_BREAK_CROSSING,R0,UNIFORM,PROCESSED,edda78e309b3e59aae9adeeeb8cd500ae5ac6051cd7f8ede72977c24904cfa53
6725,106,25,0.2358490566037736,,True,False,False,0,2,79,104,25,0.7596153846153846,,4.340480645684931,1.0417749795515117,0.6269429706902647,3.014863707123728,3.1341355921196667,3.9985427269331932,,104,0,True,1,0,2,36,0,0,8530.00969802862,,8517.624953992852,,RAW_WINDOWS_DT30_DISTANCE400_V1,106,106,0,1.0,,106,10.060898770288382,1.1963633327624543,3.7735275899419545,,2,5,1.4457981014125457e-10,0,0,0,0,1,1,8530.00969802862,NO_RAW_BREAK_CROSSING,S0,UNIFORM,PROCESSED,6932d7e702311a714bd8ab368c5e74409ec4bd619b0a4f4d46033bd764a23fa6
6725,106,26,0.24528301886792453,,True,False,False,0,0,80,106,26,0.7547169811320755,,4.000154151683302,1.001399744269518,0.6153602076476448,3.0106202168844796,3.1310525621319387,3.9440672724792036,,106,0,True,1,0,0,36,0,0,8530.00969802862,,8524.576123910258,,RAW_WINDOWS_DT30_DISTANCE400_V1,106,106,0,1.0,,106,4.000154151683302,1.001399744269518,3.1310525621319387,,0,5,1.4457981014125457e-10,0,0,0,0,1,1,8530.00969802862,NO_RAW_BREAK_CROSSING,G0,TIME_REGULAR,PROCESSED,26972e369ed752af993e41416902cc89f4433adcc876fdf6ba044272bbcf028c
6725,106,26,0.24528301886792453,,True,False,False,0,0,80,106,26,0.7547169811320755,,4.000154151683302,1.001399744269518,0.6153602076476448,3.0106202168844796,3.1310525621319387,3.9440672724792036,,106,0,True,1,0,0,36,0,0,8530.00969802862,,8524.576123910258,,RAW_WINDOWS_DT30_DISTANCE400_V1,106,106,0,1.0,,106,4.000154151683302,1.001399744269518,3.1310525621319387,,0,5,1.4457981014125457e-10,0,0,0,0,1,1,8530.00969802862,NO_RAW_BREAK_CROSSING,S0_G0,TIME_REGULAR,PROCESSED,cf21485a1a6d745453832133960d79732048f4c8eed977f6bcb17f91d4986edb
2714,107,51,0.4766355140186916,,True,False,False,0,4,52,103,51,0.5048543689320388,,4.9943778219295485,1.040546550047081,0.0,3.3347834215694374,4.028375432890325,4.94376819110794,,103,0,True,1,0,4,20,0,0,8720.151357027316,,8685.69812497289,,RAW_WINDOWS_DT30_DISTANCE400_V1,107,107,0,1.0,,107,36.27540482184801,1.4865735458976512,4.874549507539565,,3,5,3.164324493379129e-10,0,0,0,0,1,1,8720.151357027316,NO_RAW_BREAK_CROSSING,R0,UNIFORM,PROCESSED,781ef76e700756c55a1449047b8c6404a01eeb3912738a628c56733d8869ec9c
2714,107,51,0.4766355140186916,,True,False,False,0,4,52,103,51,0.5048543689320388,,4.9943778219295485,1.040546550047081,0.0,3.3347834215694374,4.028375432890325,4.94376819110794,,103,0,True,1,0,4,20,0,0,8720.151357027316,,8685.69812497289,,RAW_WINDOWS_DT30_DISTANCE400_V1,107,107,0,1.0,,107,36.27540482184801,1.4865735458976512,4.874549507539565,,3,5,3.164324493379129e-10,0,0,0,0,1,1,8720.151357027316,NO_RAW_BREAK_CROSSING,S0,UNIFORM,PROCESSED,5811f82b29f28a2a1e5a6c5729e964c77079a1efc2eb4059da85ed64e6f15c07
2714,107,52,0.48598130841121495,,True,False,False,0,2,53,105,52,0.5047619047619047,,4.9943778219295485,1.012719413085524,0.0,3.3032272696428167,3.7087495960346595,4.941936371446775,,105,0,True,1,0,2,20,0,0,8720.151357027316,,8702.505440612194,,RAW_WINDOWS_DT30_DISTANCE400_V1,107,107,0,1.0,,107,7.283090883855171,1.0761252622362034,3.9573474691446195,,1,5,3.164324493379129e-10,0,0,0,0,1,1,8720.151357027316,NO_RAW_BREAK_CROSSING,G0,TIME_REGULAR,PROCESSED,c891c926204255adb1b3c569a662e48b691713cabbf6893fb2dbca6ccee9d67b
2714,107,52,0.48598130841121495,,True,False,False,0,2,53,105,52,0.5047619047619047,,4.9943778219295485,1.012719413085524,0.0,3.3032272696428167,3.7087495960346595,4.941936371446775,,105,0,True,1,0,2,20,0,0,8720.151357027316,,8702.505440612194,,RAW_WINDOWS_DT30_DISTANCE400_V1,107,107,0,1.0,,107,7.283090883855171,1.0761252622362034,3.9573474691446195,,1,5,3.164324493379129e-10,0,0,0,0,1,1,8720.151357027316,NO_RAW_BREAK_CROSSING,S0_G0,TIME_REGULAR,PROCESSED,49ad289ea53ffd493017c35283c08feb3622cb9262565095cf8879c6a319fd15
7498,105,49,0.4666666666666667,,True,False,False,4,0,52,101,49,0.5148514851485149,,4.929384514245863,0.7622729904691015,0.0,2.4639420847974236,3.2315120640015516,4.790122293672148,,101,0,True,8,1,0,25,0,0,20550.39501130137,,15922.912208022997,,RAW_WINDOWS_DT30_DISTANCE400_V1,105,101,4,0.9619047619047619,,101,4.929384514245863,0.7622729904691015,3.2315120640015516,,0,5,6.093789779129657e-10,7,0,0,2,8,7,16757.134486412215,NO_RAW_BREAK_CROSSING,R0,UNIFORM,PROCESSED,55a80bbd86f4b955480a0bb7d9987973c895ae869219ba44d8c19bb15c8c02ec
7498,105,51,0.4857142857142857,,True,False,False,0,0,54,105,51,0.5142857142857142,,4.929384514245863,0.7393743315368796,0.0,2.424808808693555,3.1270171385743293,4.784883101192797,,105,0,True,8,0,0,28,0,0,20550.39501130137,,16755.552756278077,,RAW_WINDOWS_DT30_DISTANCE400_V1,105,105,0,1.0,,105,4.929384514245863,0.7393743315368796,3.1270171385743293,,0,5,6.093789779129657e-10,7,0,0,0,8,8,16757.134486412215,NO_RAW_BREAK_CROSSING,S0,UNIFORM,PROCESSED,985bf6bf1fdf47fa6aa0e2db15084ddceb56805ee84c375652d5f81dd5945bcb
7498,105,49,0.4666666666666667,,True,False,False,4,0,52,101,49,0.5148514851485149,,4.929384514245863,0.7622729904691015,0.0,2.4639420847974236,3.2315120640015516,4.790122293672148,,101,0,True,8,1,0,25,0,0,20550.39501130137,,15922.912208022997,,RAW_WINDOWS_DT30_DISTANCE400_V1,105,101,4,0.9619047619047619,,101,4.929384514245863,0.7622729904691015,3.2315120640015516,,0,5,6.093789779129657e-10,7,0,0,2,8,7,16757.134486412215,NO_RAW_BREAK_CROSSING,G0,TIME_REGULAR,PROCESSED,5f5b213c72e5718e8c4908aa8a9d8a380719ad2b4f69bfbd77183d9813e88dfa
7498,105,51,0.4857142857142857,,True,False,False,0,0,54,105,51,0.5142857142857142,,4.929384514245863,0.7393743315368796,0.0,2.424808808693555,3.1270171385743293,4.784883101192797,,105,0,True,8,0,0,28,0,0,20550.39501130137,,16755.552756278077,,RAW_WINDOWS_DT30_DISTANCE400_V1,105,105,0,1.0,,105,4.929384514245863,0.7393743315368796,3.1270171385743293,,0,5,6.093789779129657e-10,7,0,0,0,8,8,16757.134486412215,NO_RAW_BREAK_CROSSING,S0_G0,TIME_REGULAR,PROCESSED,0912da9ed0a0e8519721f1b93042ac63d62d65303e4ed98fb5d5f5694c51c8c7
330,106,41,0.3867924528301887,,True,False,False,0,0,65,106,41,0.6132075471698113,,4.956038362424637,1.4666124232298303,0.5320814806103,4.552221663095764,4.552221663095764,4.956038362424637,,106,0,True,1,0,0,37,0,0,5814.855749287522,,5807.4933594281165,,RAW_WINDOWS_DT30_DISTANCE400_V1,106,106,0,1.0,,106,4.956038362424637,1.4666124232298303,4.552221663095764,,0,5,2.0845856737845543e-10,0,0,0,0,1,1,5814.855749287522,NO_RAW_BREAK_CROSSING,R0,UNIFORM,PROCESSED,03da192f4e029794ea13b827da878dd2c0a3feeaf9402017787c5123ea9fce41
330,106,41,0.3867924528301887,,True,False,False,0,0,65,106,41,0.6132075471698113,,4.956038362424637,1.4666124232298303,0.5320814806103,4.552221663095764,4.552221663095764,4.956038362424637,,106,0,True,1,0,0,37,0,0,5814.855749287522,,5807.4933594281165,,RAW_WINDOWS_DT30_DISTANCE400_V1,106,106,0,1.0,,106,4.956038362424637,1.4666124232298303,4.552221663095764,,0,5,2.0845856737845543e-10,0,0,0,0,1,1,5814.855749287522,NO_RAW_BREAK_CROSSING,S0,UNIFORM,PROCESSED,cd912577ad9bad30c085d82f9267bc6f6b46358275f7783bc9d69f8646e2c2aa
330,106,41,0.3867924528301887,,True,False,False,0,0,65,106,41,0.6132075471698113,,4.956038362424637,1.4666124232298303,0.5320814806103,4.552221663095764,4.552221663095764,4.956038362424637,,106,0,True,1,0,0,37,0,0,5814.855749287522,,5807.4933594281165,,RAW_WINDOWS_DT30_DISTANCE400_V1,106,106,0,1.0,,106,4.956038362424637,1.4666124232298303,4.552221663095764,,0,5,2.0845856737845543e-10,0,0,0,0,1,1,5814.855749287522,NO_RAW_BREAK_CROSSING,G0,TIME_REGULAR,PROCESSED,a335e1a9ad1208f69633c4d310d5981113483385ec70304cac8cac7f4c217426
330,106,41,0.3867924528301887,,True,False,False,0,0,65,106,41,0.6132075471698113,,4.956038362424637,1.4666124232298303,0.5320814806103,4.552221663095764,4.552221663095764,4.956038362424637,,106,0,True,1,0,0,37,0,0,5814.855749287522,,5807.4933594281165,,RAW_WINDOWS_DT30_DISTANCE400_V1,106,106,0,1.0,,106,4.956038362424637,1.4666124232298303,4.552221663095764,,0,5,2.0845856737845543e-10,0,0,0,0,1,1,5814.855749287522,NO_RAW_BREAK_CROSSING,S0_G0,TIME_REGULAR,PROCESSED,a9ea1af4118ac6d6970849eca506b2c19a9a78dd510a2200a00db62d531a2f92
4514,118,45,0.3813559322033898,,True,False,False,0,6,67,112,45,0.5982142857142857,,4.943652883555496,0.9404500139944635,0.08711697053003711,3.093960091162896,3.464232299472342,4.915155262486314,,112,0,True,1,0,6,30,0,0,8273.02326603821,,8212.498367009404,,RAW_WINDOWS_DT30_DISTANCE400_V1,118,118,0,1.0,,118,39.1447055434528,2.1057338323540513,5.511619378968247,,6,5,2.352371401678537e-10,0,0,0,0,1,1,8273.02326603821,NO_RAW_BREAK_CROSSING,R0,UNIFORM,PROCESSED,856fba11aaebc77c83012fa156948fe1e6d80b6a24e640cb567c1fd1caa55ec0
4514,118,45,0.3813559322033898,,True,False,False,0,6,67,112,45,0.5982142857142857,,4.943652883555496,0.9404500139944635,0.08711697053003711,3.093960091162896,3.464232299472342,4.915155262486314,,112,0,True,1,0,6,30,0,0,8273.02326603821,,8212.498367009404,,RAW_WINDOWS_DT30_DISTANCE400_V1,118,118,0,1.0,,118,39.1447055434528,2.1057338323540513,5.511619378968247,,6,5,2.352371401678537e-10,0,0,0,0,1,1,8273.02326603821,NO_RAW_BREAK_CROSSING,S0,UNIFORM,PROCESSED,ccf4fca490e40492ae10cd8a2c5869c4dd9092e6b7489330ead2d4fade22be3f
4514,118,47,0.3983050847457627,,True,False,False,0,0,71,118,47,0.6016949152542372,,4.943652883555496,0.974010565161641,0.139053016508989,3.106844370848488,3.413236455891042,4.903177530109411,,118,0,True,1,0,0,30,0,0,8273.02326603821,,8266.62570965275,,RAW_WINDOWS_DT30_DISTANCE400_V1,118,118,0,1.0,,118,4.943652883555496,0.974010565161641,3.413236455891042,,0,5,2.352371401678537e-10,0,0,0,0,1,1,8273.02326603821,NO_RAW_BREAK_CROSSING,G0,TIME_REGULAR,PROCESSED,d4a133d2f75ba2b4e479dc4f2510ae5dea6f7ea26b73db11be981df8ff2b5549
4514,118,47,0.3983050847457627,,True,False,False,0,0,71,118,47,0.6016949152542372,,4.943652883555496,0.974010565161641,0.139053016508989,3.106844370848488,3.413236455891042,4.903177530109411,,118,0,True,1,0,0,30,0,0,8273.02326603821,,8266.62570965275,,RAW_WINDOWS_DT30_DISTANCE400_V1,118,118,0,1.0,,118,4.943652883555496,0.974010565161641,3.413236455891042,,0,5,2.352371401678537e-10,0,0,0,0,1,1,8273.02326603821,NO_RAW_BREAK_CROSSING,S0_G0,TIME_REGULAR,PROCESSED,4a6cf6f203385e6c0137317b3617ed07c0b111eec754bf9e5adc257c1cabeecf
3564,107,33,0.308411214953271,,True,False,False,0,5,69,102,33,0.6764705882352942,,4.836207812758541,1.232132395830184,0.9459027200274502,2.8216209828259995,3.5917903270702967,4.609389853443223,,102,0,True,1,0,5,9,0,0,9467.964979546137,,9416.270061522948,,RAW_WINDOWS_DT30_DISTANCE400_V1,107,107,0,1.0,,107,64.05495826203897,1.901241257211122,4.071064058175894,,2,5,3.5572962189051786e-10,0,0,0,0,1,1,9467.964979546137,NO_RAW_BREAK_CROSSING,R0,UNIFORM,PROCESSED,908d828fb3002e721def0dc8b4ac4c1cbf72998236794ecd59ac42e0c87656bf
3564,107,33,0.308411214953271,,True,False,False,0,5,69,102,33,0.6764705882352942,,4.836207812758541,1.232132395830184,0.9459027200274502,2.8216209828259995,3.5917903270702967,4.609389853443223,,102,0,True,1,0,5,9,0,0,9467.964979546137,,9416.270061522948,,RAW_WINDOWS_DT30_DISTANCE400_V1,107,107,0,1.0,,107,64.05495826203897,1.901241257211122,4.071064058175894,,2,5,3.5572962189051786e-10,0,0,0,0,1,1,9467.964979546137,NO_RAW_BREAK_CROSSING,S0,UNIFORM,PROCESSED,bb0afab4b21cf92504ed586009868ff29c9c49162a4e920caf01122c74bcceff
3564,107,35,0.32710280373831774,,True,False,False,0,1,71,106,35,0.6698113207547169,,4.6714542691527265,1.1777116595990784,0.7836320241515398,2.8149105669230945,3.3783786900615516,4.222660657395184,,106,0,True,1,0,1,9,0,0,9467.964979546137,,9454.13384219606,,RAW_WINDOWS_DT30_DISTANCE400_V1,107,107,0,1.0,,107,4.6714542691527265,1.171505816199188,3.3707997614526004,,0,5,3.5572962189051786e-10,0,0,0,0,1,1,9467.964979546137,NO_RAW_BREAK_CROSSING,G0,TIME_REGULAR,PROCESSED,c4ff1bf620c108d27df8bc0340279bb413fc259abcb81445170972373b865bff
3564,107,35,0.32710280373831774,,True,False,False,0,1,71,106,35,0.6698113207547169,,4.6714542691527265,1.1777116595990784,0.7836320241515398,2.8149105669230945,3.3783786900615516,4.222660657395184,,106,0,True,1,0,1,9,0,0,9467.964979546137,,9454.13384219606,,RAW_WINDOWS_DT30_DISTANCE400_V1,107,107,0,1.0,,107,4.6714542691527265,1.171505816199188,3.3707997614526004,,0,5,3.5572962189051786e-10,0,0,0,0,1,1,9467.964979546137,NO_RAW_BREAK_CROSSING,S0_G0,TIME_REGULAR,PROCESSED,4f328d1e3fc72d2efb901188aae879219e485ce5fc7e025e1405b9fa5b70a06c
2970,105,23,0.21904761904761905,,True,False,False,2,2,78,101,23,0.7722772277227723,,3.4308575281964333,1.2246565885741199,1.323743126162283,2.855060898040008,2.855060898040008,3.3174923739938547,,101,0,True,4,2,2,73,0,0,6176.470593641764,,4654.803393097336,,RAW_WINDOWS_DT30_DISTANCE400_V1,105,103,2,0.9809523809523809,,103,17.383751071095734,1.4414247553326518,2.855060898040008,,2,5,1.2195981791832243e-10,3,0,0,2,4,2,4668.79185883773,NO_RAW_BREAK_CROSSING,R0,UNIFORM,PROCESSED,f52b4a1b313cb1ce2914d6890b0800e7b99f9c3a55c33d4366be66982c1c4551
2970,105,23,0.21904761904761905,,True,False,False,2,2,78,101,23,0.7722772277227723,,3.4308575281964333,1.2246565885741199,1.323743126162283,2.855060898040008,2.855060898040008,3.3174923739938547,,101,0,True,4,2,2,73,0,0,6176.470593641764,,4654.803393097336,,RAW_WINDOWS_DT30_DISTANCE400_V1,105,103,2,0.9809523809523809,,103,17.383751071095734,1.4414247553326518,2.855060898040008,,2,5,1.2195981791832243e-10,3,0,0,2,4,2,4668.79185883773,NO_RAW_BREAK_CROSSING,S0,UNIFORM,PROCESSED,9d6b63e613ed7d723c4d1392de83dfaf68dc16e315ebd0efced85ee0c2464e6f
2970,105,25,0.23809523809523808,,True,False,False,2,0,78,103,25,0.7572815533980582,,3.4308575281964333,1.2008768489901562,1.0640499602103104,2.855060898040008,2.855060898040008,3.3082437444747796,,103,0,True,4,2,0,73,0,0,6176.470593641764,,4665.609427565619,,RAW_WINDOWS_DT30_DISTANCE400_V1,105,103,2,0.9809523809523809,,103,3.4308575281964333,1.2008768489901562,2.855060898040008,,0,5,1.2195981791832243e-10,3,0,0,2,4,2,4668.79185883773,NO_RAW_BREAK_CROSSING,G0,TIME_REGULAR,PROCESSED,7dc0fc8ff4dea773750c5567e1a86da3bca4aa5d2e570eb87b05ef55971e0a56
2970,105,25,0.23809523809523808,,True,False,False,2,0,78,103,25,0.7572815533980582,,3.4308575281964333,1.2008768489901562,1.0640499602103104,2.855060898040008,2.855060898040008,3.3082437444747796,,103,0,True,4,2,0,73,0,0,6176.470593641764,,4665.609427565619,,RAW_WINDOWS_DT30_DISTANCE400_V1,105,103,2,0.9809523809523809,,103,3.4308575281964333,1.2008768489901562,2.855060898040008,,0,5,1.2195981791832243e-10,3,0,0,2,4,2,4668.79185883773,NO_RAW_BREAK_CROSSING,S0_G0,TIME_REGULAR,PROCESSED,ebf22b18cc522d9f7516980519a63f50b764febc460fff4f5dc63e5dfbb5b79d
8756,103,28,0.27184466019417475,,True,False,False,1,3,71,99,28,0.7171717171717171,,4.5402028135008035,1.6585686491170184,1.047278191170037,4.5012668597652565,4.523781127308649,4.5402028135008035,,99,0,True,2,1,3,60,0,0,6630.228638059644,,6176.183047245557,,RAW_WINDOWS_DT30_DISTANCE400_V1,103,102,1,0.9902912621359223,,102,12.436913771675833,1.914478021152678,4.5402028135008035,,3,5,2.875666646544036e-10,1,0,0,1,2,1,6200.401652779805,NO_RAW_BREAK_CROSSING,R0,UNIFORM,PROCESSED,f6ddb8afc44a84eca4369abb391a1ff781c91eb000793affedc4e5b6155d5724
8756,103,28,0.27184466019417475,,True,False,False,1,3,71,99,28,0.7171717171717171,,4.5402028135008035,1.6585686491170184,1.047278191170037,4.5012668597652565,4.523781127308649,4.5402028135008035,,99,0,True,2,1,3,60,0,0,6630.228638059644,,6176.183047245557,,RAW_WINDOWS_DT30_DISTANCE400_V1,103,102,1,0.9902912621359223,,102,12.436913771675833,1.914478021152678,4.5402028135008035,,3,5,2.875666646544036e-10,1,0,0,1,2,1,6200.401652779805,NO_RAW_BREAK_CROSSING,S0,UNIFORM,PROCESSED,44e4cdd4b231c3ee3b8bb335477016b78e208406079305caa28cfc0e2a91b594
8756,103,28,0.27184466019417475,,True,False,False,1,1,73,101,28,0.7227722772277227,,4.5402028135008035,1.6711188285096819,0.8009776770906113,4.496094450829191,4.52195649550952,4.5402028135008035,,101,0,True,2,1,1,60,0,0,6630.228638059644,,6185.136291621393,,RAW_WINDOWS_DT30_DISTANCE400_V1,103,102,1,0.9902912621359223,,102,7.045439597285678,1.7238082478114074,4.539290497601239,,1,5,2.875666646544036e-10,1,0,0,1,2,1,6200.401652779805,NO_RAW_BREAK_CROSSING,G0,TIME_REGULAR,PROCESSED,eb69d569415aa540c5dbe38773aa3fbb9f02f2bf82d70172fae6e3ee8757ee34
8756,103,28,0.27184466019417475,,True,False,False,1,1,73,101,28,0.7227722772277227,,4.5402028135008035,1.6711188285096819,0.8009776770906113,4.496094450829191,4.52195649550952,4.5402028135008035,,101,0,True,2,1,1,60,0,0,6630.228638059644,,6185.136291621393,,RAW_WINDOWS_DT30_DISTANCE400_V1,103,102,1,0.9902912621359223,,102,7.045439597285678,1.7238082478114074,4.539290497601239,,1,5,2.875666646544036e-10,1,0,0,1,2,1,6200.401652779805,NO_RAW_BREAK_CROSSING,S0_G0,TIME_REGULAR,PROCESSED,b790d07343e7176fc8e071356457bf5703e22d62c7ecd96866c3c1220b8a61e0
3117,102,45,0.4411764705882353,,True,False,False,0,1,56,101,45,0.5544554455445545,,4.690679097669707,0.6882572152990362,0.04746876557110932,2.4584983789088963,3.0374870335018493,4.228349125140452,,101,0,True,7,0,1,30,0,0,19495.777086427297,,16983.933879676442,,RAW_WINDOWS_DT30_DISTANCE400_V1,102,102,0,1.0,,102,56.017803481237685,1.2307037473180424,3.243620023617662,,1,5,4.412009557994687e-10,6,0,0,0,7,7,17053.863476369042,NO_RAW_BREAK_CROSSING,R0,UNIFORM,PROCESSED,8a72dff81bc6111ec7dff5aadec0a8f7ea4398bbb15d929ecfd52713b6aeb88e
3117,102,45,0.4411764705882353,,True,False,False,0,1,56,101,45,0.5544554455445545,,4.690679097669707,0.6882572152990362,0.04746876557110932,2.4584983789088963,3.0374870335018493,4.228349125140452,,101,0,True,7,0,1,30,0,0,19495.777086427297,,16983.933879676442,,RAW_WINDOWS_DT30_DISTANCE400_V1,102,102,0,1.0,,102,56.017803481237685,1.2307037473180424,3.243620023617662,,1,5,4.412009557994687e-10,6,0,0,0,7,7,17053.863476369042,NO_RAW_BREAK_CROSSING,S0,UNIFORM,PROCESSED,0ce1241ffcda7d7482ad3b9cc6cc5994974349de80a4934ef07e18a226342209
3117,102,45,0.4411764705882353,,True,False,False,0,1,56,101,45,0.5544554455445545,,4.690679097669707,0.6882572152990362,0.04746876557110932,2.4584983789088963,3.0374870335018493,4.228349125140452,,101,0,True,7,0,1,30,0,0,19495.777086427297,,16983.933879676442,,RAW_WINDOWS_DT30_DISTANCE400_V1,102,102,0,1.0,,102,56.017803481237685,1.2307037473180424,3.243620023617662,,1,5,4.412009557994687e-10,6,0,0,0,7,7,17053.863476369042,NO_RAW_BREAK_CROSSING,G0,TIME_REGULAR,PROCESSED,d1ec94141cb268824296b5665b5029baa6ff1dcff90f9b5581108685297a409a
3117,102,45,0.4411764705882353,,True,False,False,0,1,56,101,45,0.5544554455445545,,4.690679097669707,0.6882572152990362,0.04746876557110932,2.4584983789088963,3.0374870335018493,4.228349125140452,,101,0,True,7,0,1,30,0,0,19495.777086427297,,16983.933879676442,,RAW_WINDOWS_DT30_DISTANCE400_V1,102,102,0,1.0,,102,56.017803481237685,1.2307037473180424,3.243620023617662,,1,5,4.412009557994687e-10,6,0,0,0,7,7,17053.863476369042,NO_RAW_BREAK_CROSSING,S0_G0,TIME_REGULAR,PROCESSED,586b85bd1a55bf789304015beacec22754014b7bd3948f186697e2664585418c
10159,110,33,0.3,,True,False,False,0,4,73,106,33,0.6886792452830188,,4.80513927262089,1.2086585120291007,0.9065492154245682,3.4288815452020835,4.188576226974063,4.205257576323934,,106,0,True,1,0,4,33,0,0,9237.538491936375,,9215.69931130915,,RAW_WINDOWS_DT30_DISTANCE400_V1,110,110,0,1.0,,110,12.204271762859321,1.4256132241134787,4.194802970552127,,3,5,3.555178804904397e-10,0,0,0,0,1,1,9237.538491936375,NO_RAW_BREAK_CROSSING,R0,UNIFORM,PROCESSED,5defe93ccd61f2f108ed3a1154e2602b0453a65a4d437950231fb5a45820b7e2
10159,110,33,0.3,,True,False,False,0,4,73,106,33,0.6886792452830188,,4.80513927262089,1.2086585120291007,0.9065492154245682,3.4288815452020835,4.188576226974063,4.205257576323934,,106,0,True,1,0,4,33,0,0,9237.538491936375,,9215.69931130915,,RAW_WINDOWS_DT30_DISTANCE400_V1,110,110,0,1.0,,110,12.204271762859321,1.4256132241134787,4.194802970552127,,3,5,3.555178804904397e-10,0,0,0,0,1,1,9237.538491936375,NO_RAW_BREAK_CROSSING,S0,UNIFORM,PROCESSED,7e62bc3026daeec9d15ce1d3219f3a1cbbe7a91c6a6c3e5e03878afe729e7392
10159,110,37,0.33636363636363636,,True,False,False,0,1,72,109,37,0.6605504587155964,,4.50458996959735,0.9556956769063579,0.633007296666381,2.8077718554879083,3.450467896153327,4.177696545716577,,109,0,True,1,0,1,33,0,0,9237.538491936375,,9222.905880011032,,RAW_WINDOWS_DT30_DISTANCE400_V1,110,110,0,1.0,,110,4.50458996959735,0.9720189273700321,3.439674720677705,,0,5,3.555178804904397e-10,0,0,0,0,1,1,9237.538491936375,NO_RAW_BREAK_CROSSING,G0,TIME_REGULAR,PROCESSED,46c451e59dd8acb7851d1ee326acedce4184f0e13c197ad547c226933e447ac9
10159,110,37,0.33636363636363636,,True,False,False,0,1,72,109,37,0.6605504587155964,,4.50458996959735,0.9556956769063579,0.633007296666381,2.8077718554879083,3.450467896153327,4.177696545716577,,109,0,True,1,0,1,33,0,0,9237.538491936375,,9222.905880011032,,RAW_WINDOWS_DT30_DISTANCE400_V1,110,110,0,1.0,,110,4.50458996959735,0.9720189273700321,3.439674720677705,,0,5,3.555178804904397e-10,0,0,0,0,1,1,9237.538491936375,NO_RAW_BREAK_CROSSING,S0_G0,TIME_REGULAR,PROCESSED,861ed8f087cb60b4db0e8a97e89399c4602595cd223b4de87f8d843367b11b5e
9452,107,38,0.35514018691588783,,True,False,False,0,1,68,106,38,0.6415094339622642,,4.282425556485668,0.9037778917812358,0.0,3.183188180434059,3.9774568040202034,4.2805221837270695,,106,0,True,1,0,1,43,0,0,5736.955191250297,,5722.5502153628295,,RAW_WINDOWS_DT30_DISTANCE400_V1,107,107,0,1.0,,107,18.331090096217967,1.0666499684582147,4.111933384161113,,1,5,2.52771192632237e-10,0,0,0,0,1,1,5736.955191250297,NO_RAW_BREAK_CROSSING,R0,UNIFORM,PROCESSED,5ae716d03ac4f52b803fd79518c733f8fd168ec6114ca3551ad3109dcc082aef
9452,107,38,0.35514018691588783,,True,False,False,0,1,68,106,38,0.6415094339622642,,4.282425556485668,0.9037778917812358,0.0,3.183188180434059,3.9774568040202034,4.2805221837270695,,106,0,True,1,0,1,43,0,0,5736.955191250297,,5722.5502153628295,,RAW_WINDOWS_DT30_DISTANCE400_V1,107,107,0,1.0,,107,18.331090096217967,1.0666499684582147,4.111933384161113,,1,5,2.52771192632237e-10,0,0,0,0,1,1,5736.955191250297,NO_RAW_BREAK_CROSSING,S0,UNIFORM,PROCESSED,b0c25ff8a49d0a1db847a815fa412abefe7c6ed97b7c0525ff700a0fd9abe9e3
9452,107,40,0.37383177570093457,,True,False,False,0,0,67,107,40,0.6261682242990654,,4.282425556485668,0.8804284992027321,0.0,3.177118507910477,3.961905866486724,4.280141509175349,,107,0,True,1,0,0,43,0,0,5736.955191250297,,5730.193190009962,,RAW_WINDOWS_DT30_DISTANCE400_V1,107,107,0,1.0,,107,4.282425556485668,0.8804284992027321,3.961905866486724,,0,5,2.52771192632237e-10,0,0,0,0,1,1,5736.955191250297,NO_RAW_BREAK_CROSSING,G0,TIME_REGULAR,PROCESSED,1a97d5ebc912b90a4b116c94876ef01df4e17c8647b6b89f299b4456a4ac9678
9452,107,40,0.37383177570093457,,True,False,False,0,0,67,107,40,0.6261682242990654,,4.282425556485668,0.8804284992027321,0.0,3.177118507910477,3.961905866486724,4.280141509175349,,107,0,True,1,0,0,43,0,0,5736.955191250297,,5730.193190009962,,RAW_WINDOWS_DT30_DISTANCE400_V1,107,107,0,1.0,,107,4.282425556485668,0.8804284992027321,3.961905866486724,,0,5,2.52771192632237e-10,0,0,0,0,1,1,5736.955191250297,NO_RAW_BREAK_CROSSING,S0_G0,TIME_REGULAR,PROCESSED,8da46f1733cb47e4f000bc52470c226a71fb4f985fa7693f08b48eb70ab7a5d3
5669,105,26,0.24761904761904763,,True,False,False,4,1,74,100,26,0.74,,4.938879036108708,1.136623344394564,0.5794119071445267,2.8550126717034234,3.529384053032628,4.7104838995590725,,100,0,True,3,1,1,48,0,0,8452.181489434915,,7125.352518587877,,RAW_WINDOWS_DT30_DISTANCE400_V1,105,101,4,0.9619047619047619,,101,14.210318091243114,1.266065866640589,4.071232601550758,,1,5,3.5472666477652827e-10,2,0,0,2,3,2,7546.6291167244535,NO_RAW_BREAK_CROSSING,R0,UNIFORM,PROCESSED,d6ee912aa42ad6690d808b88f2fb2690752fc5293d3f52063f7225b46d14d02d
5669,105,28,0.26666666666666666,,True,False,False,0,1,76,104,28,0.7307692307692308,,4.938879036108708,1.1405811116399838,0.5794119071445267,2.8370950114904634,3.5008657083737806,4.702517734173519,,104,0,True,3,0,1,51,0,0,8452.181489434915,,7532.84456723418,,RAW_WINDOWS_DT30_DISTANCE400_V1,105,105,0,1.0,,105,14.210318091243114,1.2650547971600137,3.9571592229153607,,1,5,3.5472666477652827e-10,2,0,0,0,3,3,7546.6291167244535,NO_RAW_BREAK_CROSSING,S0,UNIFORM,PROCESSED,4ef09a4f59bef09bb7ea3ff50ac732f61ae41a229f299534f5ae81d8a658c9fb
5669,105,26,0.24761904761904763,,True,False,False,4,1,74,100,26,0.74,,4.938879036108708,1.136623344394564,0.5794119071445267,2.8550126717034234,3.529384053032628,4.7104838995590725,,100,0,True,3,1,1,48,0,0,8452.181489434915,,7125.352518587877,,RAW_WINDOWS_DT30_DISTANCE400_V1,105,101,4,0.9619047619047619,,101,14.210318091243114,1.266065866640589,4.071232601550758,,1,5,3.5472666477652827e-10,2,0,0,2,3,2,7546.6291167244535,NO_RAW_BREAK_CROSSING,G0,TIME_REGULAR,PROCESSED,e7b533df37d005006252263500c79fdb82386130a86b8c3e445f4c1adde2b508
5669,105,28,0.26666666666666666,,True,False,False,0,1,76,104,28,0.7307692307692308,,4.938879036108708,1.1405811116399838,0.5794119071445267,2.8370950114904634,3.5008657083737806,4.702517734173519,,104,0,True,3,0,1,51,0,0,8452.181489434915,,7532.84456723418,,RAW_WINDOWS_DT30_DISTANCE400_V1,105,105,0,1.0,,105,14.210318091243114,1.2650547971600137,3.9571592229153607,,1,5,3.5472666477652827e-10,2,0,0,0,3,3,7546.6291167244535,NO_RAW_BREAK_CROSSING,S0_G0,TIME_REGULAR,PROCESSED,d3164821df05aee5be999864a7f6e66b4300ba7c06b949d0873825754c8a35e6
1778,111,37,0.3333333333333333,,True,False,False,0,4,70,107,37,0.6542056074766356,,4.886550329904997,1.0026340031849887,0.5800946962562109,2.894116587992361,3.390952856382005,4.643148465150138,,107,0,True,1,0,4,34,0,0,7959.27755606937,,7944.231947361097,,RAW_WINDOWS_DT30_DISTANCE400_V1,111,111,0,1.0,,111,7.00608289343874,1.0900153154770058,3.7351797978827213,,1,5,2.891874685789917e-10,0,0,0,0,1,1,7959.27755606937,NO_RAW_BREAK_CROSSING,R0,UNIFORM,PROCESSED,01c3a185eb730cdeb7604304f5e577e3fa92325498a0e261754e9ffd70c2c58b
1778,111,37,0.3333333333333333,,True,False,False,0,4,70,107,37,0.6542056074766356,,4.886550329904997,1.0026340031849887,0.5800946962562109,2.894116587992361,3.390952856382005,4.643148465150138,,107,0,True,1,0,4,34,0,0,7959.27755606937,,7944.231947361097,,RAW_WINDOWS_DT30_DISTANCE400_V1,111,111,0,1.0,,111,7.00608289343874,1.0900153154770058,3.7351797978827213,,1,5,2.891874685789917e-10,0,0,0,0,1,1,7959.27755606937,NO_RAW_BREAK_CROSSING,S0,UNIFORM,PROCESSED,e7e9ef4a2f9d9f31256214b85d84f6ac0072d2b5cb97235563e5655bc2552eee
1778,111,39,0.35135135135135137,,True,False,False,0,2,70,109,39,0.6422018348623852,,4.648485707432901,1.0001067021333891,0.5800946962562109,2.959739323291886,3.3850907794484306,4.523069873619818,,109,0,True,1,0,2,34,0,0,7959.27755606937,,7949.24442304495,,RAW_WINDOWS_DT30_DISTANCE400_V1,111,111,0,1.0,,111,4.648485707432901,1.0167001528007256,3.3792287025148564,,0,5,2.891874685789917e-10,0,0,0,0,1,1,7959.27755606937,NO_RAW_BREAK_CROSSING,G0,TIME_REGULAR,PROCESSED,d52b996b92ee0dc02424ba34901c3f896a064ebf3817cdab2e170365be756c0f
1778,111,39,0.35135135135135137,,True,False,False,0,2,70,109,39,0.6422018348623852,,4.648485707432901,1.0001067021333891,0.5800946962562109,2.959739323291886,3.3850907794484306,4.523069873619818,,109,0,True,1,0,2,34,0,0,7959.27755606937,,7949.24442304495,,RAW_WINDOWS_DT30_DISTANCE400_V1,111,111,0,1.0,,111,4.648485707432901,1.0167001528007256,3.3792287025148564,,0,5,2.891874685789917e-10,0,0,0,0,1,1,7959.27755606937,NO_RAW_BREAK_CROSSING,S0_G0,TIME_REGULAR,PROCESSED,d0beaa2b40f45d776d737b018698a6e60fba9c4dbecf88f05eda12a56765d6ea
11371,110,52,0.4727272727272727,,True,False,False,1,3,54,106,52,0.5094339622641509,,3.851469238929528,0.8924717583909724,0.03848246048062793,2.8347944276955257,3.184917052092791,3.3269076582149784,,106,0,True,3,1,3,22,0,0,13973.926299194953,,13092.281510171786,,RAW_WINDOWS_DT30_DISTANCE400_V1,110,109,1,0.990909090909091,,109,6.824634158880937,0.9402782268865092,3.2067346868497726,,1,5,3.074126964677163e-10,2,0,0,1,3,2,13102.020753380806,NO_RAW_BREAK_CROSSING,R0,UNIFORM,PROCESSED,de2588f74ff426a8e7641dcec845df86a6f45e560c827b348ed5dc60d04d496c
11371,110,52,0.4727272727272727,,True,False,False,1,3,54,106,52,0.5094339622641509,,3.851469238929528,0.8924717583909724,0.03848246048062793,2.8347944276955257,3.184917052092791,3.3269076582149784,,106,0,True,3,1,3,22,0,0,13973.926299194953,,13092.281510171786,,RAW_WINDOWS_DT30_DISTANCE400_V1,110,109,1,0.990909090909091,,109,6.824634158880937,0.9402782268865092,3.2067346868497726,,1,5,3.074126964677163e-10,2,0,0,1,3,2,13102.020753380806,NO_RAW_BREAK_CROSSING,S0,UNIFORM,PROCESSED,37cf063f99688e31b2ec0ad5f91616d14829dbfa45b70c27ff707b4109c010a6
11371,110,52,0.4727272727272727,,True,False,False,1,0,57,109,52,0.5229357798165137,,3.851469238929528,0.8475009849253016,0.07696492096125586,2.7168020645486006,3.1286264010904294,3.321231581625291,,109,0,True,3,1,0,22,0,0,13973.926299194953,,13097.864872063486,,RAW_WINDOWS_DT30_DISTANCE400_V1,110,109,1,0.990909090909091,,109,3.851469238929528,0.8475009849253016,3.1286264010904294,,0,5,3.074126964677163e-10,2,0,0,1,3,2,13102.020753380806,NO_RAW_BREAK_CROSSING,G0,TIME_REGULAR,PROCESSED,2278ac3a35c3e9f4a3b60971ff1871d7f737003333faad1faba1916310ae7d37
11371,110,52,0.4727272727272727,,True,False,False,1,0,57,109,52,0.5229357798165137,,3.851469238929528,0.8475009849253016,0.07696492096125586,2.7168020645486006,3.1286264010904294,3.321231581625291,,109,0,True,3,1,0,22,0,0,13973.926299194953,,13097.864872063486,,RAW_WINDOWS_DT30_DISTANCE400_V1,110,109,1,0.990909090909091,,109,3.851469238929528,0.8475009849253016,3.1286264010904294,,0,5,3.074126964677163e-10,2,0,0,1,3,2,13102.020753380806,NO_RAW_BREAK_CROSSING,S0_G0,TIME_REGULAR,PROCESSED,73e6a5f08bf435325f7563d22c5ca483c17dbc4b577b41de47aea84fd2f02d03
8442,108,30,0.2777777777777778,,True,False,False,0,1,77,107,30,0.719626168224299,,4.986414653497726,0.5811122257395012,0.25960600948158663,1.3770370838901458,2.1348176032605806,3.581435047267813,,107,0,True,2,0,1,36,0,0,9668.02577122955,,9140.882978568685,,RAW_WINDOWS_DT30_DISTANCE400_V1,108,108,0,1.0,,108,45.57553262960036,0.9977272294789536,2.1390166393585894,,1,5,3.5145643450158417e-10,1,0,0,0,2,2,9158.786763702396,NO_RAW_BREAK_CROSSING,R0,UNIFORM,PROCESSED,3fc37be7b53fd049d726b80d3f5f0c8a5b07517bfbfed72fbde8ca6e6fa11631
8442,108,30,0.2777777777777778,,True,False,False,0,1,77,107,30,0.719626168224299,,4.986414653497726,0.5811122257395012,0.25960600948158663,1.3770370838901458,2.1348176032605806,3.581435047267813,,107,0,True,2,0,1,36,0,0,9668.02577122955,,9140.882978568685,,RAW_WINDOWS_DT30_DISTANCE400_V1,108,108,0,1.0,,108,45.57553262960036,0.9977272294789536,2.1390166393585894,,1,5,3.5145643450158417e-10,1,0,0,0,2,2,9158.786763702396,NO_RAW_BREAK_CROSSING,S0,UNIFORM,PROCESSED,d185d76cc305c850062eabd69e131e781eb3e3a13ca0fbee360bbd17bad8bcf6
8442,108,29,0.26851851851851855,,True,False,False,0,0,79,108,29,0.7314814814814814,,4.986414653497726,0.7123036481822997,0.28479104555283297,1.7267951816303129,3.254962375382767,4.603181666883051,,108,0,True,2,0,0,36,0,0,9668.02577122955,,9156.067712050273,,RAW_WINDOWS_DT30_DISTANCE400_V1,108,108,0,1.0,,108,4.986414653497726,0.7123036481822997,3.254962375382767,,0,5,3.5145643450158417e-10,1,0,0,0,2,2,9158.786763702396,NO_RAW_BREAK_CROSSING,G0,TIME_REGULAR,PROCESSED,3e4225f8bb0bf5f317bda2918b1ecb5dce78300343e8ce34d3308d8615e896af
8442,108,29,0.26851851851851855,,True,False,False,0,0,79,108,29,0.7314814814814814,,4.986414653497726,0.7123036481822997,0.28479104555283297,1.7267951816303129,3.254962375382767,4.603181666883051,,108,0,True,2,0,0,36,0,0,9668.02577122955,,9156.067712050273,,RAW_WINDOWS_DT30_DISTANCE400_V1,108,108,0,1.0,,108,4.986414653497726,0.7123036481822997,3.254962375382767,,0,5,3.5145643450158417e-10,1,0,0,0,2,2,9158.786763702396,NO_RAW_BREAK_CROSSING,S0_G0,TIME_REGULAR,PROCESSED,e3efaba6c8bd959fffb3c7012226c942d11299944b38440907b2fc6885d945e0
3021,101,28,0.27722772277227725,,True,False,False,0,0,73,101,28,0.7227722772277227,,4.865339580642758,0.9080163332226078,0.2413547104378061,2.6751634243217226,3.1637048264321788,4.491702082509669,,101,0,True,4,0,0,55,0,0,11756.770578726728,,10130.851899921685,,RAW_WINDOWS_DT30_DISTANCE400_V1,101,101,0,1.0,,101,4.865339580642758,0.9080163332226078,3.1637048264321788,,0,5,3.6340657392430283e-10,3,0,0,0,4,4,10133.418068340006,NO_RAW_BREAK_CROSSING,R0,UNIFORM,PROCESSED,e58704945c0ddf6b1c16c57f4cea637345dabf0be7bfe5f0889b64ab61d94603
3021,101,28,0.27722772277227725,,True,False,False,0,0,73,101,28,0.7227722772277227,,4.865339580642758,0.9080163332226078,0.2413547104378061,2.6751634243217226,3.1637048264321788,4.491702082509669,,101,0,True,4,0,0,55,0,0,11756.770578726728,,10130.851899921685,,RAW_WINDOWS_DT30_DISTANCE400_V1,101,101,0,1.0,,101,4.865339580642758,0.9080163332226078,3.1637048264321788,,0,5,3.6340657392430283e-10,3,0,0,0,4,4,10133.418068340006,NO_RAW_BREAK_CROSSING,S0,UNIFORM,PROCESSED,7102e17cf81787c6adf06c6fbbaf659b288442bbabee0bad72178417e16e7840
3021,101,28,0.27722772277227725,,True,False,False,0,0,73,101,28,0.7227722772277227,,4.865339580642758,0.9080163332226078,0.2413547104378061,2.6751634243217226,3.1637048264321788,4.491702082509669,,101,0,True,4,0,0,55,0,0,11756.770578726728,,10130.851899921685,,RAW_WINDOWS_DT30_DISTANCE400_V1,101,101,0,1.0,,101,4.865339580642758,0.9080163332226078,3.1637048264321788,,0,5,3.6340657392430283e-10,3,0,0,0,4,4,10133.418068340006,NO_RAW_BREAK_CROSSING,G0,TIME_REGULAR,PROCESSED,b482fe386b0d23c1e1bca7c64c669653b472246bdad230a0aa81b56be2588332
3021,101,28,0.27722772277227725,,True,False,False,0,0,73,101,28,0.7227722772277227,,4.865339580642758,0.9080163332226078,0.2413547104378061,2.6751634243217226,3.1637048264321788,4.491702082509669,,101,0,True,4,0,0,55,0,0,11756.770578726728,,10130.851899921685,,RAW_WINDOWS_DT30_DISTANCE400_V1,101,101,0,1.0,,101,4.865339580642758,0.9080163332226078,3.1637048264321788,,0,5,3.6340657392430283e-10,3,0,0,0,4,4,10133.418068340006,NO_RAW_BREAK_CROSSING,S0_G0,TIME_REGULAR,PROCESSED,23d06b9b21b1d1145939e822f4cfa7ee08b8680f100a90c732b0b8c936a1bc8e
4787,103,21,0.20388349514563106,,True,False,False,0,0,82,103,21,0.7961165048543689,,4.622269402349183,2.033356725753335,2.2937864152621237,4.073064450616823,4.10101098210309,4.192352758233423,,103,0,True,1,0,0,59,0,0,6055.023460206219,,6044.4249691745135,,RAW_WINDOWS_DT30_DISTANCE400_V1,103,103,0,1.0,,103,4.622269402349183,2.033356725753335,4.10101098210309,,0,5,3.740735298204763e-10,0,0,0,0,1,1,6055.023460206219,NO_RAW_BREAK_CROSSING,R0,UNIFORM,PROCESSED,f6c1cd669b6075976e7f3cf48ab7b37652d04f59e84d92fc86a1818c1c1d54c4
4787,103,21,0.20388349514563106,,True,False,False,0,0,82,103,21,0.7961165048543689,,4.622269402349183,2.033356725753335,2.2937864152621237,4.073064450616823,4.10101098210309,4.192352758233423,,103,0,True,1,0,0,59,0,0,6055.023460206219,,6044.4249691745135,,RAW_WINDOWS_DT30_DISTANCE400_V1,103,103,0,1.0,,103,4.622269402349183,2.033356725753335,4.10101098210309,,0,5,3.740735298204763e-10,0,0,0,0,1,1,6055.023460206219,NO_RAW_BREAK_CROSSING,S0,UNIFORM,PROCESSED,b353f57c02d26c56de3441de21a4d58711de7ea83ca35638b27ea862ce726cb3
4787,103,21,0.20388349514563106,,True,False,False,0,0,82,103,21,0.7961165048543689,,4.622269402349183,2.033356725753335,2.2937864152621237,4.073064450616823,4.10101098210309,4.192352758233423,,103,0,True,1,0,0,59,0,0,6055.023460206219,,6044.4249691745135,,RAW_WINDOWS_DT30_DISTANCE400_V1,103,103,0,1.0,,103,4.622269402349183,2.033356725753335,4.10101098210309,,0,5,3.740735298204763e-10,0,0,0,0,1,1,6055.023460206219,NO_RAW_BREAK_CROSSING,G0,TIME_REGULAR,PROCESSED,5b836a007b8a86d19e8ae41d4cbef8677fa617ab5b9a75483a3d18dfd49190cd
4787,103,21,0.20388349514563106,,True,False,False,0,0,82,103,21,0.7961165048543689,,4.622269402349183,2.033356725753335,2.2937864152621237,4.073064450616823,4.10101098210309,4.192352758233423,,103,0,True,1,0,0,59,0,0,6055.023460206219,,6044.4249691745135,,RAW_WINDOWS_DT30_DISTANCE400_V1,103,103,0,1.0,,103,4.622269402349183,2.033356725753335,4.10101098210309,,0,5,3.740735298204763e-10,0,0,0,0,1,1,6055.023460206219,NO_RAW_BREAK_CROSSING,S0_G0,TIME_REGULAR,PROCESSED,4c50ecdceb1bdbabf345077c168a6b3ba310c3e9cd10880443d289d5976e4b2b
10563,111,32,0.2882882882882883,,True,False,False,0,3,76,108,32,0.7037037037037037,,4.141171348798338,0.6142797529821595,0.1857693027652525,1.7662470370328334,2.0634027995580455,3.793983586926428,,108,0,True,1,0,3,54,0,0,6305.532267575406,,6293.0954451104635,,RAW_WINDOWS_DT30_DISTANCE400_V1,111,111,0,1.0,,111,6.356346625816054,0.7336637524651815,2.9024030036097486,,2,5,3.3129976298684047e-10,0,0,0,0,1,1,6305.532267575406,NO_RAW_BREAK_CROSSING,R0,UNIFORM,PROCESSED,e03050c14d380811b53492812269fe19570ecc118a160de0d6141b24a36b2fd7
10563,111,32,0.2882882882882883,,True,False,False,0,3,76,108,32,0.7037037037037037,,4.141171348798338,0.6142797529821595,0.1857693027652525,1.7662470370328334,2.0634027995580455,3.793983586926428,,108,0,True,1,0,3,54,0,0,6305.532267575406,,6293.0954451104635,,RAW_WINDOWS_DT30_DISTANCE400_V1,111,111,0,1.0,,111,6.356346625816054,0.7336637524651815,2.9024030036097486,,2,5,3.3129976298684047e-10,0,0,0,0,1,1,6305.532267575406,NO_RAW_BREAK_CROSSING,S0,UNIFORM,PROCESSED,f4d25983ffeb5d3b8091151616a9729776a47e1a774fd05f2339c8aeb62845b4
10563,111,29,0.26126126126126126,,True,False,False,0,0,82,111,29,0.7387387387387387,,4.361670795017109,0.8094054112843324,0.2508030645923998,2.365721058449499,3.241381723780697,4.119165504217671,,111,0,True,1,0,0,54,0,0,6305.532267575406,,6299.214481098252,,RAW_WINDOWS_DT30_DISTANCE400_V1,111,111,0,1.0,,111,4.361670795017109,0.8094054112843324,3.241381723780697,,0,5,3.3129976298684047e-10,0,0,0,0,1,1,6305.532267575406,NO_RAW_BREAK_CROSSING,G0,TIME_REGULAR,PROCESSED,db6cd131a2a998f3c5221ff953781516b954fb5df296002172c7da66aaf460d5
10563,111,29,0.26126126126126126,,True,False,False,0,0,82,111,29,0.7387387387387387,,4.361670795017109,0.8094054112843324,0.2508030645923998,2.365721058449499,3.241381723780697,4.119165504217671,,111,0,True,1,0,0,54,0,0,6305.532267575406,,6299.214481098252,,RAW_WINDOWS_DT30_DISTANCE400_V1,111,111,0,1.0,,111,4.361670795017109,0.8094054112843324,3.241381723780697,,0,5,3.3129976298684047e-10,0,0,0,0,1,1,6305.532267575406,NO_RAW_BREAK_CROSSING,S0_G0,TIME_REGULAR,PROCESSED,b4ad1f99712894f4409bd584bb15109e4edd6c318cdf86da3c30abd49c9d314a
553,99,34,0.3434343434343434,,True,False,False,0,1,64,98,34,0.653061224489796,,4.427830991968433,1.1592944296395158,0.7454160515713866,2.682981133119797,3.8677068440332922,4.427830991968433,,98,0,True,3,0,1,31,0,0,12307.995373806858,,11433.317154957782,,RAW_WINDOWS_DT30_DISTANCE400_V1,99,99,0,1.0,,99,10.674410904922627,1.255406717268638,4.019420295237726,,1,5,2.888990623909672e-10,2,0,0,0,3,3,11453.421971799891,NO_RAW_BREAK_CROSSING,R0,UNIFORM,PROCESSED,e4e181676e7dfa9f61db02f5589545225489813c9fd5f137b9fc91649ee2e418
553,99,34,0.3434343434343434,,True,False,False,0,1,64,98,34,0.653061224489796,,4.427830991968433,1.1592944296395158,0.7454160515713866,2.682981133119797,3.8677068440332922,4.427830991968433,,98,0,True,3,0,1,31,0,0,12307.995373806858,,11433.317154957782,,RAW_WINDOWS_DT30_DISTANCE400_V1,99,99,0,1.0,,99,10.674410904922627,1.255406717268638,4.019420295237726,,1,5,2.888990623909672e-10,2,0,0,0,3,3,11453.421971799891,NO_RAW_BREAK_CROSSING,S0,UNIFORM,PROCESSED,9c7ab6a30a9ae9a741bd9f2843a737683ce38099ac46431060b882294dc40ffd
553,99,35,0.35353535353535354,,True,False,False,0,0,64,99,35,0.6464646464646464,,4.427830991968433,1.1475843848956824,0.7323707785076172,2.6797966087287692,3.8598325725674987,4.427830991968433,,99,0,True,3,0,0,31,0,0,12307.995373806858,,11437.587854207828,,RAW_WINDOWS_DT30_DISTANCE400_V1,99,99,0,1.0,,99,4.427830991968433,1.1475843848956824,3.8598325725674987,,0,5,2.888990623909672e-10,2,0,0,0,3,3,11453.421971799891,NO_RAW_BREAK_CROSSING,G0,TIME_REGULAR,PROCESSED,e9ff817ed8aca585141ac770ef95048042dc9e41b3b80da0b69e14dcb25aab0f
553,99,35,0.35353535353535354,,True,False,False,0,0,64,99,35,0.6464646464646464,,4.427830991968433,1.1475843848956824,0.7323707785076172,2.6797966087287692,3.8598325725674987,4.427830991968433,,99,0,True,3,0,0,31,0,0,12307.995373806858,,11437.587854207828,,RAW_WINDOWS_DT30_DISTANCE400_V1,99,99,0,1.0,,99,4.427830991968433,1.1475843848956824,3.8598325725674987,,0,5,2.888990623909672e-10,2,0,0,0,3,3,11453.421971799891,NO_RAW_BREAK_CROSSING,S0_G0,TIME_REGULAR,PROCESSED,e43ac7f97e7f5e3cabd78b1f8ee181fd99b8226c05ca20b110d3cee395d2e041
10788,113,51,0.45132743362831856,,True,False,False,0,14,48,99,51,0.48484848484848486,,4.89147293339764,0.8599927383923761,0.0,2.8540687632611355,3.6539859407451845,4.0703489293691755,,99,0,True,2,0,14,6,0,0,7512.982774769323,,6886.547899372006,,RAW_WINDOWS_DT30_DISTANCE400_V1,113,113,0,1.0,,113,82.01282347274423,3.7063871395332284,17.40638347533791,,10,5,3.643250262903819e-10,1,0,0,0,2,2,7124.77868899532,NO_RAW_BREAK_CROSSING,R0,UNIFORM,PROCESSED,6b1cef1de39d0003a577556d436d3a4f0c8e8dd4a02498862063aa4d5ac36c3d
10788,113,51,0.45132743362831856,,True,False,False,0,14,48,99,51,0.48484848484848486,,4.89147293339764,0.8599927383923761,0.0,2.8540687632611355,3.6539859407451845,4.0703489293691755,,99,0,True,2,0,14,6,0,0,7512.982774769323,,6886.547899372006,,RAW_WINDOWS_DT30_DISTANCE400_V1,113,113,0,1.0,,113,82.01282347274423,3.7063871395332284,17.40638347533791,,10,5,3.643250262903819e-10,1,0,0,0,2,2,7124.77868899532,NO_RAW_BREAK_CROSSING,S0,UNIFORM,PROCESSED,276d35f753662986ab0d301ea46a1423fea6def2598d2bffc5ee3b8c92949167
10788,113,51,0.45132743362831856,,True,False,False,0,14,48,99,51,0.48484848484848486,,4.89147293339764,0.8599927383923761,0.0,2.8540687632611355,3.6539859407451845,4.0703489293691755,,99,0,True,2,0,14,6,0,0,7512.982774769323,,6886.547899372006,,RAW_WINDOWS_DT30_DISTANCE400_V1,113,113,0,1.0,,113,82.01282347274423,3.7063871395332284,17.40638347533791,,10,5,3.643250262903819e-10,1,0,0,0,2,2,7124.77868899532,NO_RAW_BREAK_CROSSING,G0,TIME_FLAGGED_OR_UNAVAILABLE,PROCESSED,6b1cef1de39d0003a577556d436d3a4f0c8e8dd4a02498862063aa4d5ac36c3d
10788,113,51,0.45132743362831856,,True,False,False,0,14,48,99,51,0.48484848484848486,,4.89147293339764,0.8599927383923761,0.0,2.8540687632611355,3.6539859407451845,4.0703489293691755,,99,0,True,2,0,14,6,0,0,7512.982774769323,,6886.547899372006,,RAW_WINDOWS_DT30_DISTANCE400_V1,113,113,0,1.0,,113,82.01282347274423,3.7063871395332284,17.40638347533791,,10,5,3.643250262903819e-10,1,0,0,0,2,2,7124.77868899532,NO_RAW_BREAK_CROSSING,S0_G0,TIME_FLAGGED_OR_UNAVAILABLE,PROCESSED,276d35f753662986ab0d301ea46a1423fea6def2598d2bffc5ee3b8c92949167
9585,108,35,0.32407407407407407,,True,False,False,3,9,61,96,35,0.6354166666666667,,4.328931509532808,0.9096485055449327,0.20588875257914477,2.737006506276921,3.081172023082787,4.1426101585593855,,96,0,True,7,1,9,18,0,0,13298.839220197397,,9776.159041850735,,RAW_WINDOWS_DT30_DISTANCE400_V1,108,105,3,0.9722222222222222,,105,4.328931509532808,0.9728959814085699,3.1681098793638616,,0,5,2.087859290816909e-10,6,0,0,2,7,6,10249.611898350542,NO_RAW_BREAK_CROSSING,R0,UNIFORM,PROCESSED,59a18b1ed05a756cde3e5ba848e2c3e184e383680dbd2454448eae0b3628d3cd
9585,108,38,0.35185185185185186,,True,False,False,0,9,61,99,38,0.6161616161616161,,4.328931509532808,0.8820833993162983,0.19723577729999225,2.695962764501727,3.057461698642493,4.136726326423383,,99,0,True,7,0,9,21,0,0,13298.839220197397,,10240.198515133538,,RAW_WINDOWS_DT30_DISTANCE400_V1,108,108,0,1.0,,108,4.328931509532808,0.9458710930361097,3.1443995549235675,,0,5,2.087859290816909e-10,6,0,0,0,7,7,10249.611898350542,NO_RAW_BREAK_CROSSING,S0,UNIFORM,PROCESSED,b56bc63ad2125dd1f2c99fc0d3911a0b6b719bf1da460be7b1638ca5d4d03cf6
9585,108,35,0.32407407407407407,,True,False,False,3,9,61,96,35,0.6354166666666667,,4.328931509532808,0.9096485055449327,0.20588875257914477,2.737006506276921,3.081172023082787,4.1426101585593855,,96,0,True,7,1,9,18,0,0,13298.839220197397,,9776.159041850735,,RAW_WINDOWS_DT30_DISTANCE400_V1,108,105,3,0.9722222222222222,,105,4.328931509532808,0.9728959814085699,3.1681098793638616,,0,5,2.087859290816909e-10,6,0,0,2,7,6,10249.611898350542,NO_RAW_BREAK_CROSSING,G0,TIME_FLAGGED_OR_UNAVAILABLE,PROCESSED,59a18b1ed05a756cde3e5ba848e2c3e184e383680dbd2454448eae0b3628d3cd
9585,108,38,0.35185185185185186,,True,False,False,0,9,61,99,38,0.6161616161616161,,4.328931509532808,0.8820833993162983,0.19723577729999225,2.695962764501727,3.057461698642493,4.136726326423383,,99,0,True,7,0,9,21,0,0,13298.839220197397,,10240.198515133538,,RAW_WINDOWS_DT30_DISTANCE400_V1,108,108,0,1.0,,108,4.328931509532808,0.9458710930361097,3.1443995549235675,,0,5,2.087859290816909e-10,6,0,0,0,7,7,10249.611898350542,NO_RAW_BREAK_CROSSING,S0_G0,TIME_FLAGGED_OR_UNAVAILABLE,PROCESSED,b56bc63ad2125dd1f2c99fc0d3911a0b6b719bf1da460be7b1638ca5d4d03cf6
7251,111,45,0.40540540540540543,,True,False,False,0,8,58,103,45,0.5631067961165048,,4.956150414815301,1.0297113838836902,0.23606837420168936,3.261479637397699,4.334915915145097,4.905687754153911,,103,0,True,8,0,8,24,0,0,15798.870960125625,,12484.58233348257,,RAW_WINDOWS_DT30_DISTANCE400_V1,111,111,0,1.0,,111,20.947790244458798,1.4585810659686966,4.827906694409721,,4,5,1.5754810839694054e-10,7,0,0,0,8,8,12520.765337248205,NO_RAW_BREAK_CROSSING,R0,UNIFORM,PROCESSED,ea7ae7196de78cbfcddf87572e615b509c2c3eca7b5fd48f4807d52a22caea2e
7251,111,45,0.40540540540540543,,True,False,False,0,8,58,103,45,0.5631067961165048,,4.956150414815301,1.0297113838836902,0.23606837420168936,3.261479637397699,4.334915915145097,4.905687754153911,,103,0,True,8,0,8,24,0,0,15798.870960125625,,12484.58233348257,,RAW_WINDOWS_DT30_DISTANCE400_V1,111,111,0,1.0,,111,20.947790244458798,1.4585810659686966,4.827906694409721,,4,5,1.5754810839694054e-10,7,0,0,0,8,8,12520.765337248205,NO_RAW_BREAK_CROSSING,S0,UNIFORM,PROCESSED,58eacf1a3c9a6a0d245fcc3b8789efd06f468c080a9a64aedb6f81af95ebc2fb
7251,111,45,0.40540540540540543,,True,False,False,0,8,58,103,45,0.5631067961165048,,4.956150414815301,1.0297113838836902,0.23606837420168936,3.261479637397699,4.334915915145097,4.905687754153911,,103,0,True,8,0,8,24,0,0,15798.870960125625,,12484.58233348257,,RAW_WINDOWS_DT30_DISTANCE400_V1,111,111,0,1.0,,111,20.947790244458798,1.4585810659686966,4.827906694409721,,4,5,1.5754810839694054e-10,7,0,0,0,8,8,12520.765337248205,NO_RAW_BREAK_CROSSING,G0,TIME_FLAGGED_OR_UNAVAILABLE,PROCESSED,ea7ae7196de78cbfcddf87572e615b509c2c3eca7b5fd48f4807d52a22caea2e
7251,111,45,0.40540540540540543,,True,False,False,0,8,58,103,45,0.5631067961165048,,4.956150414815301,1.0297113838836902,0.23606837420168936,3.261479637397699,4.334915915145097,4.905687754153911,,103,0,True,8,0,8,24,0,0,15798.870960125625,,12484.58233348257,,RAW_WINDOWS_DT30_DISTANCE400_V1,111,111,0,1.0,,111,20.947790244458798,1.4585810659686966,4.827906694409721,,4,5,1.5754810839694054e-10,7,0,0,0,8,8,12520.765337248205,NO_RAW_BREAK_CROSSING,S0_G0,TIME_FLAGGED_OR_UNAVAILABLE,PROCESSED,58eacf1a3c9a6a0d245fcc3b8789efd06f468c080a9a64aedb6f81af95ebc2fb
11003,119,47,0.3949579831932773,,True,False,False,0,10,62,109,47,0.5688073394495412,,4.9860802567471465,1.0783661914968126,0.18335387125460645,3.213930704289732,3.962080884198178,4.760980144977283,,109,0,True,1,0,10,3,0,0,6697.0136841216545,,6653.953221706943,,RAW_WINDOWS_DT30_DISTANCE400_V1,119,119,0,1.0,,119,5.423750921601324,1.2017834471921194,4.169772998404913,,2,5,3.44934858110763e-10,0,0,0,0,1,1,6697.0136841216545,NO_RAW_BREAK_CROSSING,R0,UNIFORM,PROCESSED,3686281448f967e3de53394090f83fa17cbff53687d5351fa1739479d1242944
11003,119,47,0.3949579831932773,,True,False,False,0,10,62,109,47,0.5688073394495412,,4.9860802567471465,1.0783661914968126,0.18335387125460645,3.213930704289732,3.962080884198178,4.760980144977283,,109,0,True,1,0,10,3,0,0,6697.0136841216545,,6653.953221706943,,RAW_WINDOWS_DT30_DISTANCE400_V1,119,119,0,1.0,,119,5.423750921601324,1.2017834471921194,4.169772998404913,,2,5,3.44934858110763e-10,0,0,0,0,1,1,6697.0136841216545,NO_RAW_BREAK_CROSSING,S0,UNIFORM,PROCESSED,c111f958163ae0d0d8c75e98bffb05130dd7ce02b0ddbe1be1b5c9f1838eb0ee
11003,119,47,0.3949579831932773,,True,False,False,0,10,62,109,47,0.5688073394495412,,4.9860802567471465,1.0783661914968126,0.18335387125460645,3.213930704289732,3.962080884198178,4.760980144977283,,109,0,True,1,0,10,3,0,0,6697.0136841216545,,6653.953221706943,,RAW_WINDOWS_DT30_DISTANCE400_V1,119,119,0,1.0,,119,5.423750921601324,1.2017834471921194,4.169772998404913,,2,5,3.44934858110763e-10,0,0,0,0,1,1,6697.0136841216545,NO_RAW_BREAK_CROSSING,G0,TIME_FLAGGED_OR_UNAVAILABLE,PROCESSED,3686281448f967e3de53394090f83fa17cbff53687d5351fa1739479d1242944
11003,119,47,0.3949579831932773,,True,False,False,0,10,62,109,47,0.5688073394495412,,4.9860802567471465,1.0783661914968126,0.18335387125460645,3.213930704289732,3.962080884198178,4.760980144977283,,109,0,True,1,0,10,3,0,0,6697.0136841216545,,6653.953221706943,,RAW_WINDOWS_DT30_DISTANCE400_V1,119,119,0,1.0,,119,5.423750921601324,1.2017834471921194,4.169772998404913,,2,5,3.44934858110763e-10,0,0,0,0,1,1,6697.0136841216545,NO_RAW_BREAK_CROSSING,S0_G0,TIME_FLAGGED_OR_UNAVAILABLE,PROCESSED,c111f958163ae0d0d8c75e98bffb05130dd7ce02b0ddbe1be1b5c9f1838eb0ee
8278,114,38,0.3333333333333333,,True,False,False,0,8,68,106,38,0.6415094339622642,,4.92491853874431,1.2028549029716602,0.6823073648946127,3.3138776409594906,3.79706368889007,4.802208742086831,,106,0,True,3,0,8,9,0,0,7292.735266486693,,5396.800921490169,,RAW_WINDOWS_DT30_DISTANCE400_V1,114,114,0,1.0,,114,14.757968283323853,1.5795058703135239,4.847823625369207,,5,5,2.6708209234453413e-10,2,0,0,0,3,3,5452.635365490541,NO_RAW_BREAK_CROSSING,R0,UNIFORM,PROCESSED,a6be41ca5ac1cb66a71993f9a04b6527c40228573a2ce05891d8e4edd6108206
8278,114,38,0.3333333333333333,,True,False,False,0,8,68,106,38,0.6415094339622642,,4.92491853874431,1.2028549029716602,0.6823073648946127,3.3138776409594906,3.79706368889007,4.802208742086831,,106,0,True,3,0,8,9,0,0,7292.735266486693,,5396.800921490169,,RAW_WINDOWS_DT30_DISTANCE400_V1,114,114,0,1.0,,114,14.757968283323853,1.5795058703135239,4.847823625369207,,5,5,2.6708209234453413e-10,2,0,0,0,3,3,5452.635365490541,NO_RAW_BREAK_CROSSING,S0,UNIFORM,PROCESSED,e55354abc0dec17f424abe9fee59beee7b1a44ebc8c3b89aedc6e7c5610a5bc5
8278,114,38,0.3333333333333333,,True,False,False,0,8,68,106,38,0.6415094339622642,,4.92491853874431,1.2028549029716602,0.6823073648946127,3.3138776409594906,3.79706368889007,4.802208742086831,,106,0,True,3,0,8,9,0,0,7292.735266486693,,5396.800921490169,,RAW_WINDOWS_DT30_DISTANCE400_V1,114,114,0,1.0,,114,14.757968283323853,1.5795058703135239,4.847823625369207,,5,5,2.6708209234453413e-10,2,0,0,0,3,3,5452.635365490541,NO_RAW_BREAK_CROSSING,G0,TIME_FLAGGED_OR_UNAVAILABLE,PROCESSED,a6be41ca5ac1cb66a71993f9a04b6527c40228573a2ce05891d8e4edd6108206
8278,114,38,0.3333333333333333,,True,False,False,0,8,68,106,38,0.6415094339622642,,4.92491853874431,1.2028549029716602,0.6823073648946127,3.3138776409594906,3.79706368889007,4.802208742086831,,106,0,True,3,0,8,9,0,0,7292.735266486693,,5396.800921490169,,RAW_WINDOWS_DT30_DISTANCE400_V1,114,114,0,1.0,,114,14.757968283323853,1.5795058703135239,4.847823625369207,,5,5,2.6708209234453413e-10,2,0,0,0,3,3,5452.635365490541,NO_RAW_BREAK_CROSSING,S0_G0,TIME_FLAGGED_OR_UNAVAILABLE,PROCESSED,e55354abc0dec17f424abe9fee59beee7b1a44ebc8c3b89aedc6e7c5610a5bc5
9566,113,37,0.3274336283185841,,True,False,False,7,9,60,97,37,0.6185567010309279,,4.564061843161947,0.8542741915873332,0.444427850926324,2.1679193122650364,2.5332948510040048,4.092802849681758,,97,0,True,5,2,9,9,0,0,12161.84870986914,,8954.753599377964,,RAW_WINDOWS_DT30_DISTANCE400_V1,113,106,7,0.9380530973451328,,106,27.315226120930486,1.664206534969847,4.441338146943149,,5,5,5.383312507646161e-10,4,0,0,3,5,3,10053.746870085324,NO_RAW_BREAK_CROSSING,R0,UNIFORM,PROCESSED,ab8ce5d33881be58f3c23c785aa7d7570c8c6a8aa15d7752f897579b96b11b94
9566,113,41,0.36283185840707965,,True,False,False,0,9,63,104,41,0.6057692307692308,,4.564061843161947,0.8133638274247702,0.4326412808591056,2.1511417602957676,2.5183529450437403,4.0500944285986185,,104,0,True,5,0,9,15,0,0,12161.84870986914,,10000.093487278082,,RAW_WINDOWS_DT30_DISTANCE400_V1,113,113,0,1.0,,113,27.315226120930486,1.5763817183629076,4.269524972236827,,5,5,5.383312507646161e-10,4,0,0,0,5,5,10053.746870085324,NO_RAW_BREAK_CROSSING,S0,UNIFORM,PROCESSED,7ff09cce3d54f1e7448ec97f28f684ddec2c4632b827a63152eeb122ae84f817
9566,113,37,0.3274336283185841,,True,False,False,7,9,60,97,37,0.6185567010309279,,4.564061843161947,0.8542741915873332,0.444427850926324,2.1679193122650364,2.5332948510040048,4.092802849681758,,97,0,True,5,2,9,9,0,0,12161.84870986914,,8954.753599377964,,RAW_WINDOWS_DT30_DISTANCE400_V1,113,106,7,0.9380530973451328,,106,27.315226120930486,1.664206534969847,4.441338146943149,,5,5,5.383312507646161e-10,4,0,0,3,5,3,10053.746870085324,NO_RAW_BREAK_CROSSING,G0,TIME_FLAGGED_OR_UNAVAILABLE,PROCESSED,ab8ce5d33881be58f3c23c785aa7d7570c8c6a8aa15d7752f897579b96b11b94
9566,113,41,0.36283185840707965,,True,False,False,0,9,63,104,41,0.6057692307692308,,4.564061843161947,0.8133638274247702,0.4326412808591056,2.1511417602957676,2.5183529450437403,4.0500944285986185,,104,0,True,5,0,9,15,0,0,12161.84870986914,,10000.093487278082,,RAW_WINDOWS_DT30_DISTANCE400_V1,113,113,0,1.0,,113,27.315226120930486,1.5763817183629076,4.269524972236827,,5,5,5.383312507646161e-10,4,0,0,0,5,5,10053.746870085324,NO_RAW_BREAK_CROSSING,S0_G0,TIME_FLAGGED_OR_UNAVAILABLE,PROCESSED,7ff09cce3d54f1e7448ec97f28f684ddec2c4632b827a63152eeb122ae84f817
11269,100,46,0.46,,True,False,False,15,3,36,82,46,0.4390243902439024,,4.225544864784737,0.6580268266617478,0.0,2.3844837281829347,2.668097160440469,4.201122670434129,,82,0,True,12,4,3,24,0,0,22551.343295507013,,14269.27746548768,,RAW_WINDOWS_DT30_DISTANCE400_V1,100,85,15,0.85,,85,16.209561195658562,0.8308160155437287,2.7145502294179673,,1,5,6.247549857126381e-10,11,0,0,8,12,8,16677.41306285004,NO_RAW_BREAK_CROSSING,R0,UNIFORM,PROCESSED,809bc9220713f7d1058e80ec6056ed75ddb99bc3b1b476b00664e86f13a91cc4
11269,100,59,0.59,,True,False,False,0,3,38,97,59,0.3917525773195877,,4.225544864784737,0.573582973362632,0.0,2.245216222154285,2.580891027605235,4.196600041850684,,97,0,True,12,0,3,36,0,0,22551.343295507013,,16668.456823307377,,RAW_WINDOWS_DT30_DISTANCE400_V1,100,100,0,1.0,,100,16.209561195658562,0.7229870995112893,2.676450860553764,,1,5,6.247549857126381e-10,11,0,0,0,12,12,16677.41306285004,NO_RAW_BREAK_CROSSING,S0,UNIFORM,PROCESSED,1115312e1d3d46b0c8a8f3dbd074a2bc7afde449e5ef51aabaf96173439fe257
11269,100,46,0.46,,True,False,False,15,3,36,82,46,0.4390243902439024,,4.225544864784737,0.6580268266617478,0.0,2.3844837281829347,2.668097160440469,4.201122670434129,,82,0,True,12,4,3,24,0,0,22551.343295507013,,14269.27746548768,,RAW_WINDOWS_DT30_DISTANCE400_V1,100,85,15,0.85,,85,16.209561195658562,0.8308160155437287,2.7145502294179673,,1,5,6.247549857126381e-10,11,0,0,8,12,8,16677.41306285004,NO_RAW_BREAK_CROSSING,G0,TIME_FLAGGED_OR_UNAVAILABLE,PROCESSED,809bc9220713f7d1058e80ec6056ed75ddb99bc3b1b476b00664e86f13a91cc4
11269,100,59,0.59,,True,False,False,0,3,38,97,59,0.3917525773195877,,4.225544864784737,0.573582973362632,0.0,2.245216222154285,2.580891027605235,4.196600041850684,,97,0,True,12,0,3,36,0,0,22551.343295507013,,16668.456823307377,,RAW_WINDOWS_DT30_DISTANCE400_V1,100,100,0,1.0,,100,16.209561195658562,0.7229870995112893,2.676450860553764,,1,5,6.247549857126381e-10,11,0,0,0,12,12,16677.41306285004,NO_RAW_BREAK_CROSSING,S0_G0,TIME_FLAGGED_OR_UNAVAILABLE,PROCESSED,1115312e1d3d46b0c8a8f3dbd074a2bc7afde449e5ef51aabaf96173439fe257
5535,98,44,0.4489795918367347,,True,False,False,17,0,37,81,44,0.45679012345679015,,4.860509414345703,0.7474500935409665,0.0,2.5228580366538926,3.371990049737225,4.36440079785948,,81,0,True,23,8,0,45,0,0,28388.925119666488,,15761.674608693549,,RAW_WINDOWS_DT30_DISTANCE400_V1,98,81,17,0.826530612244898,,81,4.860509414345703,0.7474500935409665,3.371990049737225,,0,5,4.265294083171692e-10,22,0,0,12,23,15,17701.220384164615,NO_RAW_BREAK_CROSSING,R0,UNIFORM,PROCESSED,3b47fed03c6be7e43ba087335072d89175a1923c50f77d6618595cbdb4641e26
5535,98,56,0.5714285714285714,,True,False,False,3,0,39,95,56,0.41052631578947374,,4.860509414345703,0.6587132113175145,0.0,2.3494348263623435,3.3487719004514473,4.2775817899743895,,95,0,True,23,3,0,57,0,0,28388.925119666488,,17700.830774880254,,RAW_WINDOWS_DT30_DISTANCE400_V1,98,95,3,0.9693877551020408,,95,4.860509414345703,0.6587132113175145,3.3487719004514473,,0,5,4.265294083171692e-10,22,0,0,3,23,20,17701.220384164615,NO_RAW_BREAK_CROSSING,S0,UNIFORM,PROCESSED,4a8b54ec0a83e31b0c56714f31dd1af68c9f598a2510626df714ea90efb7f350
5535,98,44,0.4489795918367347,,True,False,False,17,0,37,81,44,0.45679012345679015,,4.860509414345703,0.7474500935409665,0.0,2.5228580366538926,3.371990049737225,4.36440079785948,,81,0,True,23,8,0,45,0,0,28388.925119666488,,15761.674608693549,,RAW_WINDOWS_DT30_DISTANCE400_V1,98,81,17,0.826530612244898,,81,4.860509414345703,0.7474500935409665,3.371990049737225,,0,5,4.265294083171692e-10,22,0,0,12,23,15,17701.220384164615,NO_RAW_BREAK_CROSSING,G0,TIME_FLAGGED_OR_UNAVAILABLE,PROCESSED,3b47fed03c6be7e43ba087335072d89175a1923c50f77d6618595cbdb4641e26
5535,98,56,0.5714285714285714,,True,False,False,3,0,39,95,56,0.41052631578947374,,4.860509414345703,0.6587132113175145,0.0,2.3494348263623435,3.3487719004514473,4.2775817899743895,,95,0,True,23,3,0,57,0,0,28388.925119666488,,17700.830774880254,,RAW_WINDOWS_DT30_DISTANCE400_V1,98,95,3,0.9693877551020408,,95,4.860509414345703,0.6587132113175145,3.3487719004514473,,0,5,4.265294083171692e-10,22,0,0,3,23,20,17701.220384164615,NO_RAW_BREAK_CROSSING,S0_G0,TIME_FLAGGED_OR_UNAVAILABLE,PROCESSED,4a8b54ec0a83e31b0c56714f31dd1af68c9f598a2510626df714ea90efb7f350
4483,97,26,0.26804123711340205,,True,False,False,1,2,68,94,26,0.7234042553191489,,4.02256175025013,0.7757032522184892,0.636945519896604,1.8005022362737366,2.313226997515134,3.5833519058695864,,94,0,True,3,1,2,6,0,0,7530.110406033151,,5197.357017581527,,RAW_WINDOWS_DT30_DISTANCE400_V1,97,96,1,0.9896907216494846,,96,4.02256175025013,0.7815037481275962,2.2679720149532354,,0,5,2.441790994065803e-10,2,0,0,1,3,2,5211.893269379804,NO_RAW_BREAK_CROSSING,R0,UNIFORM,PROCESSED,83cb3be658ef287bed55fc165d67c62b66cd179824dbfa711bb72a62aa94e175
4483,97,26,0.26804123711340205,,True,False,False,1,2,68,94,26,0.7234042553191489,,4.02256175025013,0.7757032522184892,0.636945519896604,1.8005022362737366,2.313226997515134,3.5833519058695864,,94,0,True,3,1,2,6,0,0,7530.110406033151,,5197.357017581527,,RAW_WINDOWS_DT30_DISTANCE400_V1,97,96,1,0.9896907216494846,,96,4.02256175025013,0.7815037481275962,2.2679720149532354,,0,5,2.441790994065803e-10,2,0,0,1,3,2,5211.893269379804,NO_RAW_BREAK_CROSSING,S0,UNIFORM,PROCESSED,ffa0bc21b892da0632cac44c8d5dc9b8130aba95cf01e5d8bf6bc934ebe80948
4483,97,26,0.26804123711340205,,True,False,False,1,2,68,94,26,0.7234042553191489,,4.02256175025013,0.7757032522184892,0.636945519896604,1.8005022362737366,2.313226997515134,3.5833519058695864,,94,0,True,3,1,2,6,0,0,7530.110406033151,,5197.357017581527,,RAW_WINDOWS_DT30_DISTANCE400_V1,97,96,1,0.9896907216494846,,96,4.02256175025013,0.7815037481275962,2.2679720149532354,,0,5,2.441790994065803e-10,2,0,0,1,3,2,5211.893269379804,NO_RAW_BREAK_CROSSING,G0,TIME_FLAGGED_OR_UNAVAILABLE,PROCESSED,83cb3be658ef287bed55fc165d67c62b66cd179824dbfa711bb72a62aa94e175
4483,97,26,0.26804123711340205,,True,False,False,1,2,68,94,26,0.7234042553191489,,4.02256175025013,0.7757032522184892,0.636945519896604,1.8005022362737366,2.313226997515134,3.5833519058695864,,94,0,True,3,1,2,6,0,0,7530.110406033151,,5197.357017581527,,RAW_WINDOWS_DT30_DISTANCE400_V1,97,96,1,0.9896907216494846,,96,4.02256175025013,0.7815037481275962,2.2679720149532354,,0,5,2.441790994065803e-10,2,0,0,1,3,2,5211.893269379804,NO_RAW_BREAK_CROSSING,S0_G0,TIME_FLAGGED_OR_UNAVAILABLE,PROCESSED,ffa0bc21b892da0632cac44c8d5dc9b8130aba95cf01e5d8bf6bc934ebe80948
3879,101,56,0.5544554455445545,,True,False,False,0,0,45,101,56,0.4455445544554455,,4.773628933150157,0.36089700695987736,0.0,1.1193952916258032,1.4923352699897952,3.356856440538076,,101,0,True,16,0,0,48,0,0,25823.860555213905,,19006.39767554805,,RAW_WINDOWS_DT30_DISTANCE400_V1,101,101,0,1.0,,101,4.773628933150157,0.36089700695987736,1.4923352699897952,,0,5,6.115565994202952e-10,15,0,0,0,16,16,19006.62893301504,NO_RAW_BREAK_CROSSING,R0,UNIFORM,PROCESSED,25fe2f853fc66572349a3f9db96348fa7e012960822619938e077858119508b4
3879,101,56,0.5544554455445545,,True,False,False,0,0,45,101,56,0.4455445544554455,,4.773628933150157,0.36089700695987736,0.0,1.1193952916258032,1.4923352699897952,3.356856440538076,,101,0,True,16,0,0,48,0,0,25823.860555213905,,19006.39767554805,,RAW_WINDOWS_DT30_DISTANCE400_V1,101,101,0,1.0,,101,4.773628933150157,0.36089700695987736,1.4923352699897952,,0,5,6.115565994202952e-10,15,0,0,0,16,16,19006.62893301504,NO_RAW_BREAK_CROSSING,S0,UNIFORM,PROCESSED,b3cd97033b121666a22a223c6dd6e4e0c0cc36d6b9e56f70c01f0391e14e4e1b
3879,101,56,0.5544554455445545,,True,False,False,0,0,45,101,56,0.4455445544554455,,4.773628933150157,0.36089700695987736,0.0,1.1193952916258032,1.4923352699897952,3.356856440538076,,101,0,True,16,0,0,48,0,0,25823.860555213905,,19006.39767554805,,RAW_WINDOWS_DT30_DISTANCE400_V1,101,101,0,1.0,,101,4.773628933150157,0.36089700695987736,1.4923352699897952,,0,5,6.115565994202952e-10,15,0,0,0,16,16,19006.62893301504,NO_RAW_BREAK_CROSSING,G0,TIME_FLAGGED_OR_UNAVAILABLE,PROCESSED,25fe2f853fc66572349a3f9db96348fa7e012960822619938e077858119508b4
3879,101,56,0.5544554455445545,,True,False,False,0,0,45,101,56,0.4455445544554455,,4.773628933150157,0.36089700695987736,0.0,1.1193952916258032,1.4923352699897952,3.356856440538076,,101,0,True,16,0,0,48,0,0,25823.860555213905,,19006.39767554805,,RAW_WINDOWS_DT30_DISTANCE400_V1,101,101,0,1.0,,101,4.773628933150157,0.36089700695987736,1.4923352699897952,,0,5,6.115565994202952e-10,15,0,0,0,16,16,19006.62893301504,NO_RAW_BREAK_CROSSING,S0_G0,TIME_FLAGGED_OR_UNAVAILABLE,PROCESSED,b3cd97033b121666a22a223c6dd6e4e0c0cc36d6b9e56f70c01f0391e14e4e1b
5731,90,19,0.2111111111111111,,True,False,False,0,13,58,77,19,0.7532467532467533,,4.825833043800154,1.3550940305029646,1.065470819048616,3.153616759458813,3.866448303784383,4.719472279476106,,77,0,True,2,0,13,6,0,0,7896.665646419683,,7572.392866266075,,RAW_WINDOWS_DT30_DISTANCE400_V1,90,90,0,1.0,,90,14.465835308579898,2.177527044998381,8.28896591192052,,9,5,1.6620816134843764e-10,1,0,0,0,2,2,7658.754607892674,NO_RAW_BREAK_CROSSING,R0,UNIFORM,PROCESSED,5c88c15c2ccdd344112b711a7ba78075dd64dc65989bce326d82fd60f9d6e252
5731,90,19,0.2111111111111111,,True,False,False,0,13,58,77,19,0.7532467532467533,,4.825833043800154,1.3550940305029646,1.065470819048616,3.153616759458813,3.866448303784383,4.719472279476106,,77,0,True,2,0,13,6,0,0,7896.665646419683,,7572.392866266075,,RAW_WINDOWS_DT30_DISTANCE400_V1,90,90,0,1.0,,90,14.465835308579898,2.177527044998381,8.28896591192052,,9,5,1.6620816134843764e-10,1,0,0,0,2,2,7658.754607892674,NO_RAW_BREAK_CROSSING,S0,UNIFORM,PROCESSED,e919268bf10eeccc3fe5f77fe4ead8d40bb7b42bc806b860043380d59f3bb427
5731,90,19,0.2111111111111111,,True,False,False,0,13,58,77,19,0.7532467532467533,,4.825833043800154,1.3550940305029646,1.065470819048616,3.153616759458813,3.866448303784383,4.719472279476106,,77,0,True,2,0,13,6,0,0,7896.665646419683,,7572.392866266075,,RAW_WINDOWS_DT30_DISTANCE400_V1,90,90,0,1.0,,90,14.465835308579898,2.177527044998381,8.28896591192052,,9,5,1.6620816134843764e-10,1,0,0,0,2,2,7658.754607892674,NO_RAW_BREAK_CROSSING,G0,TIME_FLAGGED_OR_UNAVAILABLE,PROCESSED,5c88c15c2ccdd344112b711a7ba78075dd64dc65989bce326d82fd60f9d6e252
5731,90,19,0.2111111111111111,,True,False,False,0,13,58,77,19,0.7532467532467533,,4.825833043800154,1.3550940305029646,1.065470819048616,3.153616759458813,3.866448303784383,4.719472279476106,,77,0,True,2,0,13,6,0,0,7896.665646419683,,7572.392866266075,,RAW_WINDOWS_DT30_DISTANCE400_V1,90,90,0,1.0,,90,14.465835308579898,2.177527044998381,8.28896591192052,,9,5,1.6620816134843764e-10,1,0,0,0,2,2,7658.754607892674,NO_RAW_BREAK_CROSSING,S0_G0,TIME_FLAGGED_OR_UNAVAILABLE,PROCESSED,e919268bf10eeccc3fe5f77fe4ead8d40bb7b42bc806b860043380d59f3bb427
7175,117,58,0.49572649572649574,,True,False,False,0,1,58,116,58,0.5,,4.037118716754412,0.5748592416461948,0.013111032250570542,1.6698827485227659,2.392758613264017,3.971609973236209,,116,0,True,13,0,1,39,0,0,24188.57809789272,,18784.73863882581,,RAW_WINDOWS_DT30_DISTANCE400_V1,117,117,0,1.0,,117,79.99192189944388,1.2536375549607048,2.6562357574886666,,1,5,3.7586301431575793e-10,12,0,0,0,13,13,18842.71068839793,NO_RAW_BREAK_CROSSING,R0,UNIFORM,PROCESSED,a12b63bd12a7286a771e001067448c47b79926439b7535074bfac509236fd016
7175,117,58,0.49572649572649574,,True,False,False,0,1,58,116,58,0.5,,4.037118716754412,0.5748592416461948,0.013111032250570542,1.6698827485227659,2.392758613264017,3.971609973236209,,116,0,True,13,0,1,39,0,0,24188.57809789272,,18784.73863882581,,RAW_WINDOWS_DT30_DISTANCE400_V1,117,117,0,1.0,,117,79.99192189944388,1.2536375549607048,2.6562357574886666,,1,5,3.7586301431575793e-10,12,0,0,0,13,13,18842.71068839793,NO_RAW_BREAK_CROSSING,S0,UNIFORM,PROCESSED,d777fe3a497f739440df9ff45643ac7a81e8ac0a074e356cb3c6c36a03830331
7175,117,58,0.49572649572649574,,True,False,False,0,1,58,116,58,0.5,,4.037118716754412,0.5748592416461948,0.013111032250570542,1.6698827485227659,2.392758613264017,3.971609973236209,,116,0,True,13,0,1,39,0,0,24188.57809789272,,18784.73863882581,,RAW_WINDOWS_DT30_DISTANCE400_V1,117,117,0,1.0,,117,79.99192189944388,1.2536375549607048,2.6562357574886666,,1,5,3.7586301431575793e-10,12,0,0,0,13,13,18842.71068839793,NO_RAW_BREAK_CROSSING,G0,TIME_FLAGGED_OR_UNAVAILABLE,PROCESSED,a12b63bd12a7286a771e001067448c47b79926439b7535074bfac509236fd016
7175,117,58,0.49572649572649574,,True,False,False,0,1,58,116,58,0.5,,4.037118716754412,0.5748592416461948,0.013111032250570542,1.6698827485227659,2.392758613264017,3.971609973236209,,116,0,True,13,0,1,39,0,0,24188.57809789272,,18784.73863882581,,RAW_WINDOWS_DT30_DISTANCE400_V1,117,117,0,1.0,,117,79.99192189944388,1.2536375549607048,2.6562357574886666,,1,5,3.7586301431575793e-10,12,0,0,0,13,13,18842.71068839793,NO_RAW_BREAK_CROSSING,S0_G0,TIME_FLAGGED_OR_UNAVAILABLE,PROCESSED,d777fe3a497f739440df9ff45643ac7a81e8ac0a074e356cb3c6c36a03830331
5771,95,36,0.37894736842105264,,True,False,False,28,1,30,66,36,0.4545454545454546,,3.56572128114407,0.46680017223568565,0.0,1.4236749882815416,2.124785629869208,3.352234499504232,,66,0,True,18,9,1,27,0,0,26338.72060756761,,11955.192469790918,,RAW_WINDOWS_DT30_DISTANCE400_V1,95,67,28,0.7052631578947368,,67,3.56572128114407,0.5077969489999455,2.5369661561119434,,0,5,6.002727883817907e-10,17,0,0,16,18,9,16651.3483124283,NO_RAW_BREAK_CROSSING,R0,UNIFORM,PROCESSED,396f4a084b14a7edc3e7a042063837c4ef166df5aa36c43d3b7e9d00b387f43f
5771,95,54,0.5684210526315789,,True,False,False,1,1,39,93,54,0.4193548387096774,,4.038165160266729,0.4429140055210304,0.0,1.4941249090615465,2.1807571623449045,3.603516791473882,,93,0,True,18,1,1,50,0,0,26338.72060756761,,16647.83746106287,,RAW_WINDOWS_DT30_DISTANCE400_V1,95,94,1,0.9894736842105263,,94,4.038165160266729,0.4723892205201801,2.378502092625337,,0,5,6.002727883817907e-10,17,0,0,1,18,17,16651.3483124283,NO_RAW_BREAK_CROSSING,S0,UNIFORM,PROCESSED,e62dffc20e21d8da52750f1aa6d42d0e782849279bceaf6aeea09ab1a48198be
5771,95,36,0.37894736842105264,,True,False,False,28,1,30,66,36,0.4545454545454546,,3.56572128114407,0.46680017223568565,0.0,1.4236749882815416,2.124785629869208,3.352234499504232,,66,0,True,18,9,1,27,0,0,26338.72060756761,,11955.192469790918,,RAW_WINDOWS_DT30_DISTANCE400_V1,95,67,28,0.7052631578947368,,67,3.56572128114407,0.5077969489999455,2.5369661561119434,,0,5,6.002727883817907e-10,17,0,0,16,18,9,16651.3483124283,NO_RAW_BREAK_CROSSING,G0,TIME_FLAGGED_OR_UNAVAILABLE,PROCESSED,396f4a084b14a7edc3e7a042063837c4ef166df5aa36c43d3b7e9d00b387f43f
5771,95,54,0.5684210526315789,,True,False,False,1,1,39,93,54,0.4193548387096774,,4.038165160266729,0.4429140055210304,0.0,1.4941249090615465,2.1807571623449045,3.603516791473882,,93,0,True,18,1,1,50,0,0,26338.72060756761,,16647.83746106287,,RAW_WINDOWS_DT30_DISTANCE400_V1,95,94,1,0.9894736842105263,,94,4.038165160266729,0.4723892205201801,2.378502092625337,,0,5,6.002727883817907e-10,17,0,0,1,18,17,16651.3483124283,NO_RAW_BREAK_CROSSING,S0_G0,TIME_FLAGGED_OR_UNAVAILABLE,PROCESSED,e62dffc20e21d8da52750f1aa6d42d0e782849279bceaf6aeea09ab1a48198be
8483,103,61,0.5922330097087378,,True,False,False,4,3,35,96,61,0.36458333333333337,,4.122391916163938,0.786407358815596,0.0,3.2148832953228617,3.6916009537732206,4.073633091003927,,96,0,True,11,1,3,30,0,0,24374.400497280196,,17355.266944360294,,RAW_WINDOWS_DT30_DISTANCE400_V1,103,99,4,0.9611650485436893,,99,96.43469769592956,2.5433997979245335,4.048932345660358,,3,5,4.1319588494660715e-10,10,0,0,2,11,10,18334.89835926496,NO_RAW_BREAK_CROSSING,R0,UNIFORM,PROCESSED,7ccc7e8ce0af4a45add3d3eb263b65bca5677a1b27815fd374a4b8c34afe90a6
8483,103,65,0.6310679611650486,,True,False,False,0,3,35,100,65,0.35,,4.122391916163938,0.7549510644629721,0.0,3.1366903598213054,3.68852339375912,4.071580087839296,,100,0,True,11,0,3,33,0,0,24374.400497280196,,18208.963296696627,,RAW_WINDOWS_DT30_DISTANCE400_V1,103,103,0,1.0,,103,96.43469769592956,2.444626990238144,4.018773575345259,,3,5,4.1319588494660715e-10,10,0,0,0,11,11,18334.89835926496,NO_RAW_BREAK_CROSSING,S0,UNIFORM,PROCESSED,268933b49b5c094a926542f9da5fec74d0f7d8c45d61553dce0254694c013bba
8483,103,61,0.5922330097087378,,True,False,False,4,3,35,96,61,0.36458333333333337,,4.122391916163938,0.786407358815596,0.0,3.2148832953228617,3.6916009537732206,4.073633091003927,,96,0,True,11,1,3,30,0,0,24374.400497280196,,17355.266944360294,,RAW_WINDOWS_DT30_DISTANCE400_V1,103,99,4,0.9611650485436893,,99,96.43469769592956,2.5433997979245335,4.048932345660358,,3,5,4.1319588494660715e-10,10,0,0,2,11,10,18334.89835926496,NO_RAW_BREAK_CROSSING,G0,TIME_FLAGGED_OR_UNAVAILABLE,PROCESSED,7ccc7e8ce0af4a45add3d3eb263b65bca5677a1b27815fd374a4b8c34afe90a6
8483,103,65,0.6310679611650486,,True,False,False,0,3,35,100,65,0.35,,4.122391916163938,0.7549510644629721,0.0,3.1366903598213054,3.68852339375912,4.071580087839296,,100,0,True,11,0,3,33,0,0,24374.400497280196,,18208.963296696627,,RAW_WINDOWS_DT30_DISTANCE400_V1,103,103,0,1.0,,103,96.43469769592956,2.444626990238144,4.018773575345259,,3,5,4.1319588494660715e-10,10,0,0,0,11,11,18334.89835926496,NO_RAW_BREAK_CROSSING,S0_G0,TIME_FLAGGED_OR_UNAVAILABLE,PROCESSED,268933b49b5c094a926542f9da5fec74d0f7d8c45d61553dce0254694c013bba
1555,113,50,0.4424778761061947,,True,False,False,0,13,50,100,50,0.5,,4.826974096664358,0.9126443811246425,0.04923372679091341,2.988643743967359,4.028823806101078,4.711909812704235,,100,0,True,2,0,13,6,0,0,8730.824552692413,,8400.30878160539,,RAW_WINDOWS_DT30_DISTANCE400_V1,113,113,0,1.0,,113,75.0644346858254,2.993978425768733,17.540681715862274,,9,5,2.262866384879058e-10,1,0,0,0,2,2,8568.4043541206,NO_RAW_BREAK_CROSSING,R0,UNIFORM,PROCESSED,a9773a2e7d35f0cc609d27357d29146b5e09853021b4b2646b5a242758ec6ff3
1555,113,50,0.4424778761061947,,True,False,False,0,13,50,100,50,0.5,,4.826974096664358,0.9126443811246425,0.04923372679091341,2.988643743967359,4.028823806101078,4.711909812704235,,100,0,True,2,0,13,6,0,0,8730.824552692413,,8400.30878160539,,RAW_WINDOWS_DT30_DISTANCE400_V1,113,113,0,1.0,,113,75.0644346858254,2.993978425768733,17.540681715862274,,9,5,2.262866384879058e-10,1,0,0,0,2,2,8568.4043541206,NO_RAW_BREAK_CROSSING,S0,UNIFORM,PROCESSED,a727f9754c0d3085f247747e364a72a5a0e2fdeb810bcdcf43457c1db0d040a7
1555,113,50,0.4424778761061947,,True,False,False,0,13,50,100,50,0.5,,4.826974096664358,0.9126443811246425,0.04923372679091341,2.988643743967359,4.028823806101078,4.711909812704235,,100,0,True,2,0,13,6,0,0,8730.824552692413,,8400.30878160539,,RAW_WINDOWS_DT30_DISTANCE400_V1,113,113,0,1.0,,113,75.0644346858254,2.993978425768733,17.540681715862274,,9,5,2.262866384879058e-10,1,0,0,0,2,2,8568.4043541206,NO_RAW_BREAK_CROSSING,G0,TIME_FLAGGED_OR_UNAVAILABLE,PROCESSED,a9773a2e7d35f0cc609d27357d29146b5e09853021b4b2646b5a242758ec6ff3
1555,113,50,0.4424778761061947,,True,False,False,0,13,50,100,50,0.5,,4.826974096664358,0.9126443811246425,0.04923372679091341,2.988643743967359,4.028823806101078,4.711909812704235,,100,0,True,2,0,13,6,0,0,8730.824552692413,,8400.30878160539,,RAW_WINDOWS_DT30_DISTANCE400_V1,113,113,0,1.0,,113,75.0644346858254,2.993978425768733,17.540681715862274,,9,5,2.262866384879058e-10,1,0,0,0,2,2,8568.4043541206,NO_RAW_BREAK_CROSSING,S0_G0,TIME_FLAGGED_OR_UNAVAILABLE,PROCESSED,a727f9754c0d3085f247747e364a72a5a0e2fdeb810bcdcf43457c1db0d040a7
8866,68,31,0.45588235294117646,,True,False,False,13,6,18,49,31,0.36734693877551017,,4.408456748432065,0.7721633473112647,0.0,3.170069923596023,3.7660208077293884,4.223087371880225,,49,0,True,10,4,6,18,0,0,14020.37155778768,,6748.463643482577,,RAW_WINDOWS_DT30_DISTANCE400_V1,68,55,13,0.8088235294117647,,55,153.82903681981182,7.849574670311887,51.22804950965766,,6,5,3.898846766344988e-10,9,0,0,8,10,6,8135.589978697673,NO_RAW_BREAK_CROSSING,R0,UNIFORM,PROCESSED,1eaa595177c29a7636bef197a6efc4da6b2882baea9a8b9af4821fcb7308b3be
8866,68,42,0.6176470588235294,,True,False,False,0,6,20,62,42,0.32258064516129037,,4.408456748432065,0.6282202352831727,0.0,2.5794093711070376,3.7188225792579077,4.17288316573077,,62,0,True,10,0,6,30,0,0,14020.37155778768,,7769.803135714042,,RAW_WINDOWS_DT30_DISTANCE400_V1,68,68,0,1.0,,68,153.82903681981182,6.365297903477332,43.37151393154328,,6,5,3.898846766344988e-10,9,0,0,0,10,10,8135.589978697673,NO_RAW_BREAK_CROSSING,S0,UNIFORM,PROCESSED,87d71441c65680e003ed66eff8f3ecbd8752603bcc0abaf4541f483732b4e0d4
8866,68,31,0.45588235294117646,,True,False,False,13,6,18,49,31,0.36734693877551017,,4.408456748432065,0.7721633473112647,0.0,3.170069923596023,3.7660208077293884,4.223087371880225,,49,0,True,10,4,6,18,0,0,14020.37155778768,,6748.463643482577,,RAW_WINDOWS_DT30_DISTANCE400_V1,68,55,13,0.8088235294117647,,55,153.82903681981182,7.849574670311887,51.22804950965766,,6,5,3.898846766344988e-10,9,0,0,8,10,6,8135.589978697673,NO_RAW_BREAK_CROSSING,G0,TIME_FLAGGED_OR_UNAVAILABLE,PROCESSED,1eaa595177c29a7636bef197a6efc4da6b2882baea9a8b9af4821fcb7308b3be
8866,68,42,0.6176470588235294,,True,False,False,0,6,20,62,42,0.32258064516129037,,4.408456748432065,0.6282202352831727,0.0,2.5794093711070376,3.7188225792579077,4.17288316573077,,62,0,True,10,0,6,30,0,0,14020.37155778768,,7769.803135714042,,RAW_WINDOWS_DT30_DISTANCE400_V1,68,68,0,1.0,,68,153.82903681981182,6.365297903477332,43.37151393154328,,6,5,3.898846766344988e-10,9,0,0,0,10,10,8135.589978697673,NO_RAW_BREAK_CROSSING,S0_G0,TIME_FLAGGED_OR_UNAVAILABLE,PROCESSED,87d71441c65680e003ed66eff8f3ecbd8752603bcc0abaf4541f483732b4e0d4
7430,100,42,0.42,,True,False,False,7,0,51,93,42,0.5483870967741935,,4.230590874629339,0.759195170055781,0.22533886759221652,2.5591782065947553,3.6988024051365103,4.221337840581376,,93,0,True,10,3,0,21,0,0,22330.955161889757,,15990.136461128845,,RAW_WINDOWS_DT30_DISTANCE400_V1,100,93,7,0.93,,93,4.230590874629339,0.759195170055781,3.6988024051365103,,0,5,4.0989569038692193e-10,9,0,0,5,10,7,16842.14425357414,NO_RAW_BREAK_CROSSING,R0,UNIFORM,PROCESSED,d79dbbc39a9169c142370aa7acf46818e19668e7c21a22119adaebf15c575c33
7430,100,46,0.46,,True,False,False,1,0,53,99,46,0.5353535353535354,,4.230590874629339,0.7189572156363065,0.0485758283013595,2.279961795219757,3.6398915882357756,4.220734381839118,,99,0,True,10,1,0,26,0,0,22330.955161889757,,16838.53901161449,,RAW_WINDOWS_DT30_DISTANCE400_V1,100,99,1,0.99,,99,4.230590874629339,0.7189572156363065,3.6398915882357756,,0,5,4.0989569038692193e-10,9,0,0,1,10,9,16842.14425357414,NO_RAW_BREAK_CROSSING,S0,UNIFORM,PROCESSED,c3b6dafaa469af0dd7a212faa8ae3bb617ca7b939f36a322ef082c2406ac0666
7430,100,42,0.42,,True,False,False,7,0,51,93,42,0.5483870967741935,,4.230590874629339,0.759195170055781,0.22533886759221652,2.5591782065947553,3.6988024051365103,4.221337840581376,,93,0,True,10,3,0,21,0,0,22330.955161889757,,15990.136461128845,,RAW_WINDOWS_DT30_DISTANCE400_V1,100,93,7,0.93,,93,4.230590874629339,0.759195170055781,3.6988024051365103,,0,5,4.0989569038692193e-10,9,0,0,5,10,7,16842.14425357414,NO_RAW_BREAK_CROSSING,G0,TIME_FLAGGED_OR_UNAVAILABLE,PROCESSED,d79dbbc39a9169c142370aa7acf46818e19668e7c21a22119adaebf15c575c33
7430,100,46,0.46,,True,False,False,1,0,53,99,46,0.5353535353535354,,4.230590874629339,0.7189572156363065,0.0485758283013595,2.279961795219757,3.6398915882357756,4.220734381839118,,99,0,True,10,1,0,26,0,0,22330.955161889757,,16838.53901161449,,RAW_WINDOWS_DT30_DISTANCE400_V1,100,99,1,0.99,,99,4.230590874629339,0.7189572156363065,3.6398915882357756,,0,5,4.0989569038692193e-10,9,0,0,1,10,9,16842.14425357414,NO_RAW_BREAK_CROSSING,S0_G0,TIME_FLAGGED_OR_UNAVAILABLE,PROCESSED,c3b6dafaa469af0dd7a212faa8ae3bb617ca7b939f36a322ef082c2406ac0666
3631,112,51,0.45535714285714285,,True,False,False,0,5,56,107,51,0.5233644859813085,,4.738796859753204,0.9202895102606012,0.10148525394302305,3.271600846473917,3.847159877514135,4.420766704802367,,107,0,True,3,0,5,9,0,0,6522.31277283116,,6341.490106282493,,RAW_WINDOWS_DT30_DISTANCE400_V1,112,112,0,1.0,,112,32.52747890236742,1.288899459967977,4.162159238709462,,2,5,2.208548552550694e-10,2,0,0,0,3,3,6393.525581283519,NO_RAW_BREAK_CROSSING,R0,UNIFORM,PROCESSED,c1c4461991c79a6bff5d8a51d30ebbcd9d2b701aef92e529d2080ee15c65a72f
3631,112,51,0.45535714285714285,,True,False,False,0,5,56,107,51,0.5233644859813085,,4.738796859753204,0.9202895102606012,0.10148525394302305,3.271600846473917,3.847159877514135,4.420766704802367,,107,0,True,3,0,5,9,0,0,6522.31277283116,,6341.490106282493,,RAW_WINDOWS_DT30_DISTANCE400_V1,112,112,0,1.0,,112,32.52747890236742,1.288899459967977,4.162159238709462,,2,5,2.208548552550694e-10,2,0,0,0,3,3,6393.525581283519,NO_RAW_BREAK_CROSSING,S0,UNIFORM,PROCESSED,ab9187a841ff9f316e1656645e857863fb5e4c08bd91e336c12cc385d308b218
3631,112,51,0.45535714285714285,,True,False,False,0,5,56,107,51,0.5233644859813085,,4.738796859753204,0.9202895102606012,0.10148525394302305,3.271600846473917,3.847159877514135,4.420766704802367,,107,0,True,3,0,5,9,0,0,6522.31277283116,,6341.490106282493,,RAW_WINDOWS_DT30_DISTANCE400_V1,112,112,0,1.0,,112,32.52747890236742,1.288899459967977,4.162159238709462,,2,5,2.208548552550694e-10,2,0,0,0,3,3,6393.525581283519,NO_RAW_BREAK_CROSSING,G0,TIME_FLAGGED_OR_UNAVAILABLE,PROCESSED,c1c4461991c79a6bff5d8a51d30ebbcd9d2b701aef92e529d2080ee15c65a72f
3631,112,51,0.45535714285714285,,True,False,False,0,5,56,107,51,0.5233644859813085,,4.738796859753204,0.9202895102606012,0.10148525394302305,3.271600846473917,3.847159877514135,4.420766704802367,,107,0,True,3,0,5,9,0,0,6522.31277283116,,6341.490106282493,,RAW_WINDOWS_DT30_DISTANCE400_V1,112,112,0,1.0,,112,32.52747890236742,1.288899459967977,4.162159238709462,,2,5,2.208548552550694e-10,2,0,0,0,3,3,6393.525581283519,NO_RAW_BREAK_CROSSING,S0_G0,TIME_FLAGGED_OR_UNAVAILABLE,PROCESSED,ab9187a841ff9f316e1656645e857863fb5e4c08bd91e336c12cc385d308b218
1104,106,35,0.330188679245283,,True,False,False,0,12,59,94,35,0.6276595744680851,,4.395708996930252,1.1011404383134513,0.7102371828025311,3.148763164993042,3.8802585640162928,4.119457720106988,,94,0,True,5,0,12,15,0,0,13509.436426915234,,11905.451605745293,,RAW_WINDOWS_DT30_DISTANCE400_V1,106,106,0,1.0,,106,68.78197213180736,1.9634868746877976,4.058880154387755,,3,5,3.353163278647999e-10,4,0,0,0,5,5,12082.786027921738,NO_RAW_BREAK_CROSSING,R0,UNIFORM,PROCESSED,a426fc9027c1af4300b0a7c1e25566d8e2854877df6e1f3d78921447b0908141
1104,106,35,0.330188679245283,,True,False,False,0,12,59,94,35,0.6276595744680851,,4.395708996930252,1.1011404383134513,0.7102371828025311,3.148763164993042,3.8802585640162928,4.119457720106988,,94,0,True,5,0,12,15,0,0,13509.436426915234,,11905.451605745293,,RAW_WINDOWS_DT30_DISTANCE400_V1,106,106,0,1.0,,106,68.78197213180736,1.9634868746877976,4.058880154387755,,3,5,3.353163278647999e-10,4,0,0,0,5,5,12082.786027921738,NO_RAW_BREAK_CROSSING,S0,UNIFORM,PROCESSED,952da61bca856c76a37f48d6217d46d2c638446ab19bb6b548061083dc9326cd
1104,106,35,0.330188679245283,,True,False,False,0,12,59,94,35,0.6276595744680851,,4.395708996930252,1.1011404383134513,0.7102371828025311,3.148763164993042,3.8802585640162928,4.119457720106988,,94,0,True,5,0,12,15,0,0,13509.436426915234,,11905.451605745293,,RAW_WINDOWS_DT30_DISTANCE400_V1,106,106,0,1.0,,106,68.78197213180736,1.9634868746877976,4.058880154387755,,3,5,3.353163278647999e-10,4,0,0,0,5,5,12082.786027921738,NO_RAW_BREAK_CROSSING,G0,TIME_FLAGGED_OR_UNAVAILABLE,PROCESSED,a426fc9027c1af4300b0a7c1e25566d8e2854877df6e1f3d78921447b0908141
1104,106,35,0.330188679245283,,True,False,False,0,12,59,94,35,0.6276595744680851,,4.395708996930252,1.1011404383134513,0.7102371828025311,3.148763164993042,3.8802585640162928,4.119457720106988,,94,0,True,5,0,12,15,0,0,13509.436426915234,,11905.451605745293,,RAW_WINDOWS_DT30_DISTANCE400_V1,106,106,0,1.0,,106,68.78197213180736,1.9634868746877976,4.058880154387755,,3,5,3.353163278647999e-10,4,0,0,0,5,5,12082.786027921738,NO_RAW_BREAK_CROSSING,S0_G0,TIME_FLAGGED_OR_UNAVAILABLE,PROCESSED,952da61bca856c76a37f48d6217d46d2c638446ab19bb6b548061083dc9326cd
8969,75,38,0.5066666666666667,,True,False,False,0,15,22,60,38,0.3666666666666667,,3.8337537534528536,0.8029633171991544,0.0,3.0755874638652485,3.6192760562539985,3.758602634968666,,60,0,True,2,0,15,6,0,0,7131.196187776131,,5256.844324115574,,RAW_WINDOWS_DT30_DISTANCE400_V1,75,75,0,1.0,,75,193.54015537884914,13.59907887749039,98.18765156029865,,11,5,1.8361799008013141e-10,1,0,0,0,2,2,5956.59783806676,NO_RAW_BREAK_CROSSING,R0,UNIFORM,PROCESSED,837ee9a59280f21c5393c642012b921fddada0ee7e19c68dba20d29a4a089700
8969,75,38,0.5066666666666667,,True,False,False,0,15,22,60,38,0.3666666666666667,,3.8337537534528536,0.8029633171991544,0.0,3.0755874638652485,3.6192760562539985,3.758602634968666,,60,0,True,2,0,15,6,0,0,7131.196187776131,,5256.844324115574,,RAW_WINDOWS_DT30_DISTANCE400_V1,75,75,0,1.0,,75,193.54015537884914,13.59907887749039,98.18765156029865,,11,5,1.8361799008013141e-10,1,0,0,0,2,2,5956.59783806676,NO_RAW_BREAK_CROSSING,S0,UNIFORM,PROCESSED,be06cf83969811074c2e7d37b2c8df26a4a34b28c2a52d2b8a00c429e447f3c3
8969,75,38,0.5066666666666667,,True,False,False,0,15,22,60,38,0.3666666666666667,,3.8337537534528536,0.8029633171991544,0.0,3.0755874638652485,3.6192760562539985,3.758602634968666,,60,0,True,2,0,15,6,0,0,7131.196187776131,,5256.844324115574,,RAW_WINDOWS_DT30_DISTANCE400_V1,75,75,0,1.0,,75,193.54015537884914,13.59907887749039,98.18765156029865,,11,5,1.8361799008013141e-10,1,0,0,0,2,2,5956.59783806676,NO_RAW_BREAK_CROSSING,G0,TIME_FLAGGED_OR_UNAVAILABLE,PROCESSED,837ee9a59280f21c5393c642012b921fddada0ee7e19c68dba20d29a4a089700
8969,75,38,0.5066666666666667,,True,False,False,0,15,22,60,38,0.3666666666666667,,3.8337537534528536,0.8029633171991544,0.0,3.0755874638652485,3.6192760562539985,3.758602634968666,,60,0,True,2,0,15,6,0,0,7131.196187776131,,5256.844324115574,,RAW_WINDOWS_DT30_DISTANCE400_V1,75,75,0,1.0,,75,193.54015537884914,13.59907887749039,98.18765156029865,,11,5,1.8361799008013141e-10,1,0,0,0,2,2,5956.59783806676,NO_RAW_BREAK_CROSSING,S0_G0,TIME_FLAGGED_OR_UNAVAILABLE,PROCESSED,be06cf83969811074c2e7d37b2c8df26a4a34b28c2a52d2b8a00c429e447f3c3
8982,115,49,0.4260869565217391,,True,False,False,0,11,55,104,49,0.5288461538461539,,4.889836043664759,1.0137228622453565,0.19625701391793404,3.6497062285001856,4.050743153670697,4.684406828271782,,104,0,True,3,0,11,9,0,0,6755.845761793917,,6304.864246761051,,RAW_WINDOWS_DT30_DISTANCE400_V1,115,115,0,1.0,,115,10.04941330086616,1.2439153008330694,4.360331687138416,,2,5,2.14804943071349e-10,2,0,0,0,3,3,6366.415034519017,NO_RAW_BREAK_CROSSING,R0,UNIFORM,PROCESSED,d6953e67c86b344d367337908e6568d0e28a084327569adde309d76d7f311abc
8982,115,49,0.4260869565217391,,True,False,False,0,11,55,104,49,0.5288461538461539,,4.889836043664759,1.0137228622453565,0.19625701391793404,3.6497062285001856,4.050743153670697,4.684406828271782,,104,0,True,3,0,11,9,0,0,6755.845761793917,,6304.864246761051,,RAW_WINDOWS_DT30_DISTANCE400_V1,115,115,0,1.0,,115,10.04941330086616,1.2439153008330694,4.360331687138416,,2,5,2.14804943071349e-10,2,0,0,0,3,3,6366.415034519017,NO_RAW_BREAK_CROSSING,S0,UNIFORM,PROCESSED,f69fdb683be49de91b8564c8d55c7e3fc105896afabb431b34b2127327002a39
8982,115,49,0.4260869565217391,,True,False,False,0,11,55,104,49,0.5288461538461539,,4.889836043664759,1.0137228622453565,0.19625701391793404,3.6497062285001856,4.050743153670697,4.684406828271782,,104,0,True,3,0,11,9,0,0,6755.845761793917,,6304.864246761051,,RAW_WINDOWS_DT30_DISTANCE400_V1,115,115,0,1.0,,115,10.04941330086616,1.2439153008330694,4.360331687138416,,2,5,2.14804943071349e-10,2,0,0,0,3,3,6366.415034519017,NO_RAW_BREAK_CROSSING,G0,TIME_FLAGGED_OR_UNAVAILABLE,PROCESSED,d6953e67c86b344d367337908e6568d0e28a084327569adde309d76d7f311abc
8982,115,49,0.4260869565217391,,True,False,False,0,11,55,104,49,0.5288461538461539,,4.889836043664759,1.0137228622453565,0.19625701391793404,3.6497062285001856,4.050743153670697,4.684406828271782,,104,0,True,3,0,11,9,0,0,6755.845761793917,,6304.864246761051,,RAW_WINDOWS_DT30_DISTANCE400_V1,115,115,0,1.0,,115,10.04941330086616,1.2439153008330694,4.360331687138416,,2,5,2.14804943071349e-10,2,0,0,0,3,3,6366.415034519017,NO_RAW_BREAK_CROSSING,S0_G0,TIME_FLAGGED_OR_UNAVAILABLE,PROCESSED,f69fdb683be49de91b8564c8d55c7e3fc105896afabb431b34b2127327002a39
2164,104,51,0.49038461538461536,,True,False,False,3,5,45,96,51,0.46875,,4.825833930689405,0.7407657229368544,0.0,2.5198372021596525,3.416838490737639,4.167382415597188,,96,0,True,4,1,5,9,0,0,10069.66507852044,,9397.431240334445,,RAW_WINDOWS_DT30_DISTANCE400_V1,104,101,3,0.9711538461538461,,101,5.695429934983988,0.7895690970001488,3.7167958244877495,,1,5,9.815597326021492e-11,3,0,0,1,4,3,9412.882946727881,NO_RAW_BREAK_CROSSING,R0,UNIFORM,PROCESSED,085164e5b06d689fd7fbf0f69ef29f9523d0a5ae638fa9ddf4eb65e8cdf1631b
2164,104,53,0.5096153846153846,,True,False,False,0,5,46,99,53,0.46464646464646464,,4.825833930689405,0.7196462901990868,0.0,2.503666119160019,3.3568470239876143,4.146589209857432,,99,0,True,4,0,5,12,0,0,10069.66507852044,,9398.875706389725,,RAW_WINDOWS_DT30_DISTANCE400_V1,104,104,0,1.0,,104,5.695429934983988,0.7680572319691019,3.656804357737725,,1,5,9.815597326021492e-11,3,0,0,0,4,4,9412.882946727881,NO_RAW_BREAK_CROSSING,S0,UNIFORM,PROCESSED,1927bc4230c654d4d7f808ac674c88f44e6cf0452d54364b78353308532c0dd4
2164,104,51,0.49038461538461536,,True,False,False,3,5,45,96,51,0.46875,,4.825833930689405,0.7407657229368544,0.0,2.5198372021596525,3.416838490737639,4.167382415597188,,96,0,True,4,1,5,9,0,0,10069.66507852044,,9397.431240334445,,RAW_WINDOWS_DT30_DISTANCE400_V1,104,101,3,0.9711538461538461,,101,5.695429934983988,0.7895690970001488,3.7167958244877495,,1,5,9.815597326021492e-11,3,0,0,1,4,3,9412.882946727881,NO_RAW_BREAK_CROSSING,G0,TIME_FLAGGED_OR_UNAVAILABLE,PROCESSED,085164e5b06d689fd7fbf0f69ef29f9523d0a5ae638fa9ddf4eb65e8cdf1631b
2164,104,53,0.5096153846153846,,True,False,False,0,5,46,99,53,0.46464646464646464,,4.825833930689405,0.7196462901990868,0.0,2.503666119160019,3.3568470239876143,4.146589209857432,,99,0,True,4,0,5,12,0,0,10069.66507852044,,9398.875706389725,,RAW_WINDOWS_DT30_DISTANCE400_V1,104,104,0,1.0,,104,5.695429934983988,0.7680572319691019,3.656804357737725,,1,5,9.815597326021492e-11,3,0,0,0,4,4,9412.882946727881,NO_RAW_BREAK_CROSSING,S0_G0,TIME_FLAGGED_OR_UNAVAILABLE,PROCESSED,1927bc4230c654d4d7f808ac674c88f44e6cf0452d54364b78353308532c0dd4
2103,94,70,0.7446808510638298,,True,False,False,8,0,16,86,70,0.18604651162790697,,4.826963121775392,0.3666238113407098,0.0,1.5858492601961482,2.6541688885188326,4.013281742649211,,86,0,True,21,4,0,51,0,0,32766.175632800616,,19227.01226734097,,RAW_WINDOWS_DT30_DISTANCE400_V1,94,86,8,0.9148936170212766,,86,4.826963121775392,0.3666238113407098,2.6541688885188326,,0,5,1.2911891766932678e-09,20,0,0,6,21,17,20365.421037221,NO_RAW_BREAK_CROSSING,R0,UNIFORM,PROCESSED,9c20c19ebff25427d0865805ceab0831ff994e318687368360bb4c3250350ca8
2103,94,77,0.8191489361702128,,True,False,False,1,0,16,93,77,0.17204301075268813,,4.826963121775392,0.33902847070216174,0.0,1.302876889314063,2.6111797427689387,3.9462726878976357,,93,0,True,21,1,0,58,0,0,32766.175632800616,,20365.134985476932,,RAW_WINDOWS_DT30_DISTANCE400_V1,94,93,1,0.9893617021276596,,93,4.826963121775392,0.33902847070216174,2.6111797427689387,,0,5,1.2911891766932678e-09,20,0,0,1,21,20,20365.421037221,NO_RAW_BREAK_CROSSING,S0,UNIFORM,PROCESSED,3378b9aee657ec04f33c7ca561b2df43a7522b94699386da475bc9cc8019d0d5
2103,94,70,0.7446808510638298,,True,False,False,8,0,16,86,70,0.18604651162790697,,4.826963121775392,0.3666238113407098,0.0,1.5858492601961482,2.6541688885188326,4.013281742649211,,86,0,True,21,4,0,51,0,0,32766.175632800616,,19227.01226734097,,RAW_WINDOWS_DT30_DISTANCE400_V1,94,86,8,0.9148936170212766,,86,4.826963121775392,0.3666238113407098,2.6541688885188326,,0,5,1.2911891766932678e-09,20,0,0,6,21,17,20365.421037221,NO_RAW_BREAK_CROSSING,G0,TIME_FLAGGED_OR_UNAVAILABLE,PROCESSED,9c20c19ebff25427d0865805ceab0831ff994e318687368360bb4c3250350ca8
2103,94,77,0.8191489361702128,,True,False,False,1,0,16,93,77,0.17204301075268813,,4.826963121775392,0.33902847070216174,0.0,1.302876889314063,2.6111797427689387,3.9462726878976357,,93,0,True,21,1,0,58,0,0,32766.175632800616,,20365.134985476932,,RAW_WINDOWS_DT30_DISTANCE400_V1,94,93,1,0.9893617021276596,,93,4.826963121775392,0.33902847070216174,2.6111797427689387,,0,5,1.2911891766932678e-09,20,0,0,1,21,20,20365.421037221,NO_RAW_BREAK_CROSSING,S0_G0,TIME_FLAGGED_OR_UNAVAILABLE,PROCESSED,3378b9aee657ec04f33c7ca561b2df43a7522b94699386da475bc9cc8019d0d5
5592,116,47,0.4051724137931034,,True,False,False,0,5,64,111,47,0.5765765765765766,,4.821991710317804,0.997397319380141,0.33048379131085304,2.9953262392979445,3.8200201394863726,4.73781705263473,,111,0,True,2,0,5,6,0,0,8153.807541271657,,7506.369130775362,,RAW_WINDOWS_DT30_DISTANCE400_V1,116,116,0,1.0,,116,10.087334076603154,1.2019328120487296,4.232943323133516,,2,5,2.264162352609439e-10,1,0,0,0,2,2,7526.347134650277,NO_RAW_BREAK_CROSSING,R0,UNIFORM,PROCESSED,58e26fde51d51bec5147e8e29634c2a910a954c56ff2d3411648c61f58244935
5592,116,47,0.4051724137931034,,True,False,False,0,5,64,111,47,0.5765765765765766,,4.821991710317804,0.997397319380141,0.33048379131085304,2.9953262392979445,3.8200201394863726,4.73781705263473,,111,0,True,2,0,5,6,0,0,8153.807541271657,,7506.369130775362,,RAW_WINDOWS_DT30_DISTANCE400_V1,116,116,0,1.0,,116,10.087334076603154,1.2019328120487296,4.232943323133516,,2,5,2.264162352609439e-10,1,0,0,0,2,2,7526.347134650277,NO_RAW_BREAK_CROSSING,S0,UNIFORM,PROCESSED,c713c903bd2e3d2b4d4a5914e240e8fd999abb4654e47057d9d3552d69a3b144
5592,116,47,0.4051724137931034,,True,False,False,0,5,64,111,47,0.5765765765765766,,4.821991710317804,0.997397319380141,0.33048379131085304,2.9953262392979445,3.8200201394863726,4.73781705263473,,111,0,True,2,0,5,6,0,0,8153.807541271657,,7506.369130775362,,RAW_WINDOWS_DT30_DISTANCE400_V1,116,116,0,1.0,,116,10.087334076603154,1.2019328120487296,4.232943323133516,,2,5,2.264162352609439e-10,1,0,0,0,2,2,7526.347134650277,NO_RAW_BREAK_CROSSING,G0,TIME_FLAGGED_OR_UNAVAILABLE,PROCESSED,58e26fde51d51bec5147e8e29634c2a910a954c56ff2d3411648c61f58244935
5592,116,47,0.4051724137931034,,True,False,False,0,5,64,111,47,0.5765765765765766,,4.821991710317804,0.997397319380141,0.33048379131085304,2.9953262392979445,3.8200201394863726,4.73781705263473,,111,0,True,2,0,5,6,0,0,8153.807541271657,,7506.369130775362,,RAW_WINDOWS_DT30_DISTANCE400_V1,116,116,0,1.0,,116,10.087334076603154,1.2019328120487296,4.232943323133516,,2,5,2.264162352609439e-10,1,0,0,0,2,2,7526.347134650277,NO_RAW_BREAK_CROSSING,S0_G0,TIME_FLAGGED_OR_UNAVAILABLE,PROCESSED,c713c903bd2e3d2b4d4a5914e240e8fd999abb4654e47057d9d3552d69a3b144
7105,133,58,0.43609022556390975,,True,False,False,5,12,58,116,58,0.5,,4.584260068478286,0.6774174117400711,0.0,2.2449190378539763,2.993738984172233,4.487262612054578,,116,0,True,10,3,12,46,0,0,11597.87395885636,,8408.454136198165,,RAW_WINDOWS_DT30_DISTANCE400_V1,133,128,5,0.9624060150375939,,128,79.38058565198594,4.392232863473938,29.787041771207424,,11,5,3.5103244562786965e-10,9,0,0,4,10,7,9992.187705951783,NO_RAW_BREAK_CROSSING,R0,UNIFORM,PROCESSED,b725ef5e8e9488f48eebfa0c0026835f0424baef7f987d65e30d1c21af08fe5e
7105,133,61,0.45864661654135336,,True,False,False,2,12,58,119,61,0.4873949579831933,,4.584260068478286,0.660339661864271,0.0,2.195053144100417,2.959167628472232,4.484715047989386,,119,0,True,10,2,12,49,0,0,11597.87395885636,,8692.179736262948,,RAW_WINDOWS_DT30_DISTANCE400_V1,133,131,2,0.9849624060150376,,131,79.38058565198594,4.29164737805087,27.984778646257393,,11,5,3.5103244562786965e-10,9,0,0,2,10,8,9992.187705951783,NO_RAW_BREAK_CROSSING,S0,UNIFORM,PROCESSED,31a59d065e837afc2986e811e1a97d7c402824971984756327a503db1d35e054
7105,133,58,0.43609022556390975,,True,False,False,5,12,58,116,58,0.5,,4.584260068478286,0.6774174117400711,0.0,2.2449190378539763,2.993738984172233,4.487262612054578,,116,0,True,10,3,12,46,0,0,11597.87395885636,,8408.454136198165,,RAW_WINDOWS_DT30_DISTANCE400_V1,133,128,5,0.9624060150375939,,128,79.38058565198594,4.392232863473938,29.787041771207424,,11,5,3.5103244562786965e-10,9,0,0,4,10,7,9992.187705951783,NO_RAW_BREAK_CROSSING,G0,TIME_FLAGGED_OR_UNAVAILABLE,PROCESSED,b725ef5e8e9488f48eebfa0c0026835f0424baef7f987d65e30d1c21af08fe5e
7105,133,61,0.45864661654135336,,True,False,False,2,12,58,119,61,0.4873949579831933,,4.584260068478286,0.660339661864271,0.0,2.195053144100417,2.959167628472232,4.484715047989386,,119,0,True,10,2,12,49,0,0,11597.87395885636,,8692.179736262948,,RAW_WINDOWS_DT30_DISTANCE400_V1,133,131,2,0.9849624060150376,,131,79.38058565198594,4.29164737805087,27.984778646257393,,11,5,3.5103244562786965e-10,9,0,0,2,10,8,9992.187705951783,NO_RAW_BREAK_CROSSING,S0_G0,TIME_FLAGGED_OR_UNAVAILABLE,PROCESSED,31a59d065e837afc2986e811e1a97d7c402824971984756327a503db1d35e054
1505,92,35,0.3804347826086957,,True,False,False,1,15,41,76,35,0.5394736842105263,,4.731706097271285,1.4231724589290216,0.24311473090688224,3.6940865088957295,3.8543949037131524,4.54278034651854,,76,0,True,5,1,15,33,0,0,8854.353014154953,,5888.459210691158,,RAW_WINDOWS_DT30_DISTANCE400_V1,92,91,1,0.9891304347826086,,91,106.65077571246832,3.9986090864966317,10.923896650985753,,7,5,2.794226872543701e-10,4,0,0,1,5,4,6346.975510647929,NO_RAW_BREAK_CROSSING,R0,UNIFORM,PROCESSED,d399ae8ed95de9cd63c3ac07d61342faff83f17361020bfaedbca86c291e8909
1505,92,35,0.3804347826086957,,True,False,False,1,15,41,76,35,0.5394736842105263,,4.731706097271285,1.4231724589290216,0.24311473090688224,3.6940865088957295,3.8543949037131524,4.54278034651854,,76,0,True,5,1,15,33,0,0,8854.353014154953,,5888.459210691158,,RAW_WINDOWS_DT30_DISTANCE400_V1,92,91,1,0.9891304347826086,,91,106.65077571246832,3.9986090864966317,10.923896650985753,,7,5,2.794226872543701e-10,4,0,0,1,5,4,6346.975510647929,NO_RAW_BREAK_CROSSING,S0,UNIFORM,PROCESSED,7e3504e0701ea16681e604eb9586906b71afeb27ccee18de9f1410f907e03b02
1505,92,35,0.3804347826086957,,True,False,False,1,15,41,76,35,0.5394736842105263,,4.731706097271285,1.4231724589290216,0.24311473090688224,3.6940865088957295,3.8543949037131524,4.54278034651854,,76,0,True,5,1,15,33,0,0,8854.353014154953,,5888.459210691158,,RAW_WINDOWS_DT30_DISTANCE400_V1,92,91,1,0.9891304347826086,,91,106.65077571246832,3.9986090864966317,10.923896650985753,,7,5,2.794226872543701e-10,4,0,0,1,5,4,6346.975510647929,NO_RAW_BREAK_CROSSING,G0,TIME_FLAGGED_OR_UNAVAILABLE,PROCESSED,d399ae8ed95de9cd63c3ac07d61342faff83f17361020bfaedbca86c291e8909
1505,92,35,0.3804347826086957,,True,False,False,1,15,41,76,35,0.5394736842105263,,4.731706097271285,1.4231724589290216,0.24311473090688224,3.6940865088957295,3.8543949037131524,4.54278034651854,,76,0,True,5,1,15,33,0,0,8854.353014154953,,5888.459210691158,,RAW_WINDOWS_DT30_DISTANCE400_V1,92,91,1,0.9891304347826086,,91,106.65077571246832,3.9986090864966317,10.923896650985753,,7,5,2.794226872543701e-10,4,0,0,1,5,4,6346.975510647929,NO_RAW_BREAK_CROSSING,S0_G0,TIME_FLAGGED_OR_UNAVAILABLE,PROCESSED,7e3504e0701ea16681e604eb9586906b71afeb27ccee18de9f1410f907e03b02
8291,106,42,0.39622641509433965,,True,False,False,1,8,55,97,42,0.5670103092783505,,4.767686533848419,1.0309100628064132,0.6505027357235718,3.1769422187267504,3.8963857403204893,4.512359782907467,,97,0,True,6,1,8,19,0,0,15013.260914987815,,12572.583822943254,,RAW_WINDOWS_DT30_DISTANCE400_V1,106,105,1,0.9905660377358491,,105,118.92314449161401,3.8087458838491854,4.714493460735721,,4,5,3.653191812523509e-10,5,0,0,1,6,5,12710.093350438967,NO_RAW_BREAK_CROSSING,R0,UNIFORM,PROCESSED,51bed7b8034396e8dd131551944122d9bf177b09833fb3eac124314454e85e52
8291,106,42,0.39622641509433965,,True,False,False,1,8,55,97,42,0.5670103092783505,,4.767686533848419,1.0309100628064132,0.6505027357235718,3.1769422187267504,3.8963857403204893,4.512359782907467,,97,0,True,6,1,8,19,0,0,15013.260914987815,,12572.583822943254,,RAW_WINDOWS_DT30_DISTANCE400_V1,106,105,1,0.9905660377358491,,105,118.92314449161401,3.8087458838491854,4.714493460735721,,4,5,3.653191812523509e-10,5,0,0,1,6,5,12710.093350438967,NO_RAW_BREAK_CROSSING,S0,UNIFORM,PROCESSED,109cd7a7805ffd12aa992928970e3c8ba8ab4b32db4efc45a3ac04f445783e39
8291,106,42,0.39622641509433965,,True,False,False,1,8,55,97,42,0.5670103092783505,,4.767686533848419,1.0309100628064132,0.6505027357235718,3.1769422187267504,3.8963857403204893,4.512359782907467,,97,0,True,6,1,8,19,0,0,15013.260914987815,,12572.583822943254,,RAW_WINDOWS_DT30_DISTANCE400_V1,106,105,1,0.9905660377358491,,105,118.92314449161401,3.8087458838491854,4.714493460735721,,4,5,3.653191812523509e-10,5,0,0,1,6,5,12710.093350438967,NO_RAW_BREAK_CROSSING,G0,TIME_FLAGGED_OR_UNAVAILABLE,PROCESSED,51bed7b8034396e8dd131551944122d9bf177b09833fb3eac124314454e85e52
8291,106,42,0.39622641509433965,,True,False,False,1,8,55,97,42,0.5670103092783505,,4.767686533848419,1.0309100628064132,0.6505027357235718,3.1769422187267504,3.8963857403204893,4.512359782907467,,97,0,True,6,1,8,19,0,0,15013.260914987815,,12572.583822943254,,RAW_WINDOWS_DT30_DISTANCE400_V1,106,105,1,0.9905660377358491,,105,118.92314449161401,3.8087458838491854,4.714493460735721,,4,5,3.653191812523509e-10,5,0,0,1,6,5,12710.093350438967,NO_RAW_BREAK_CROSSING,S0_G0,TIME_FLAGGED_OR_UNAVAILABLE,PROCESSED,109cd7a7805ffd12aa992928970e3c8ba8ab4b32db4efc45a3ac04f445783e39
10016,105,36,0.34285714285714286,,True,False,False,0,5,64,100,36,0.64,,4.550538067227971,0.5470126663336646,0.0,1.8456101849443556,3.4753409590884106,3.914209710299522,,100,0,True,2,0,5,59,0,0,7930.572874220236,,6060.041834256876,,RAW_WINDOWS_DT30_DISTANCE400_V1,105,105,0,1.0,,105,31.83601540004726,1.2597318462807527,4.1893290029889725,,4,5,2.946670578208106e-10,1,0,0,0,2,2,6110.179228550163,NO_RAW_BREAK_CROSSING,R0,UNIFORM,PROCESSED,b1043a5bd0634fd7495d1cafe12e19931b4321896e54b33ec8884aa2e9eab92e
10016,105,36,0.34285714285714286,,True,False,False,0,5,64,100,36,0.64,,4.550538067227971,0.5470126663336646,0.0,1.8456101849443556,3.4753409590884106,3.914209710299522,,100,0,True,2,0,5,59,0,0,7930.572874220236,,6060.041834256876,,RAW_WINDOWS_DT30_DISTANCE400_V1,105,105,0,1.0,,105,31.83601540004726,1.2597318462807527,4.1893290029889725,,4,5,2.946670578208106e-10,1,0,0,0,2,2,6110.179228550163,NO_RAW_BREAK_CROSSING,S0,UNIFORM,PROCESSED,444830044c02cc908d9cd119ab1a8bf06e9d24c2f486f94deabfc88158ad6527
10016,105,36,0.34285714285714286,,True,False,False,0,5,64,100,36,0.64,,4.550538067227971,0.5470126663336646,0.0,1.8456101849443556,3.4753409590884106,3.914209710299522,,100,0,True,2,0,5,59,0,0,7930.572874220236,,6060.041834256876,,RAW_WINDOWS_DT30_DISTANCE400_V1,105,105,0,1.0,,105,31.83601540004726,1.2597318462807527,4.1893290029889725,,4,5,2.946670578208106e-10,1,0,0,0,2,2,6110.179228550163,NO_RAW_BREAK_CROSSING,G0,TIME_FLAGGED_OR_UNAVAILABLE,PROCESSED,b1043a5bd0634fd7495d1cafe12e19931b4321896e54b33ec8884aa2e9eab92e
10016,105,36,0.34285714285714286,,True,False,False,0,5,64,100,36,0.64,,4.550538067227971,0.5470126663336646,0.0,1.8456101849443556,3.4753409590884106,3.914209710299522,,100,0,True,2,0,5,59,0,0,7930.572874220236,,6060.041834256876,,RAW_WINDOWS_DT30_DISTANCE400_V1,105,105,0,1.0,,105,31.83601540004726,1.2597318462807527,4.1893290029889725,,4,5,2.946670578208106e-10,1,0,0,0,2,2,6110.179228550163,NO_RAW_BREAK_CROSSING,S0_G0,TIME_FLAGGED_OR_UNAVAILABLE,PROCESSED,444830044c02cc908d9cd119ab1a8bf06e9d24c2f486f94deabfc88158ad6527
1655,125,32,0.256,,True,False,False,0,0,93,125,32,0.744,,4.93441006783398,1.5646629151597002,0.8596596645926262,4.5788469799369516,4.663262323742973,4.789914315647182,,125,0,True,1,0,0,37,0,0,7359.61019221101,,7349.765179207488,,RAW_WINDOWS_DT30_DISTANCE400_V1,125,125,0,1.0,,125,4.93441006783398,1.5646629151597002,4.663262323742973,,0,5,1.8012116017570706e-10,0,0,0,0,1,1,7359.61019221101,NO_RAW_BREAK_CROSSING,R0,UNIFORM,PROCESSED,8ad900224fffe2e68b0ee2f39b3604e8ed36d2f80be58f587f8a73e9368dbbd2
1655,125,32,0.256,,True,False,False,0,0,93,125,32,0.744,,4.93441006783398,1.5646629151597002,0.8596596645926262,4.5788469799369516,4.663262323742973,4.789914315647182,,125,0,True,1,0,0,37,0,0,7359.61019221101,,7349.765179207488,,RAW_WINDOWS_DT30_DISTANCE400_V1,125,125,0,1.0,,125,4.93441006783398,1.5646629151597002,4.663262323742973,,0,5,1.8012116017570706e-10,0,0,0,0,1,1,7359.61019221101,NO_RAW_BREAK_CROSSING,S0,UNIFORM,PROCESSED,5be4aa3b29a8a7008bfe419c824d906ed5675924d78691fa599180b95a633312
1655,125,32,0.256,,True,False,False,0,0,93,125,32,0.744,,4.93441006783398,1.5646629151597002,0.8596596645926262,4.5788469799369516,4.663262323742973,4.789914315647182,,125,0,True,1,0,0,37,0,0,7359.61019221101,,7349.765179207488,,RAW_WINDOWS_DT30_DISTANCE400_V1,125,125,0,1.0,,125,4.93441006783398,1.5646629151597002,4.663262323742973,,0,5,1.8012116017570706e-10,0,0,0,0,1,1,7359.61019221101,NO_RAW_BREAK_CROSSING,G0,TIME_FLAGGED_OR_UNAVAILABLE,PROCESSED,8ad900224fffe2e68b0ee2f39b3604e8ed36d2f80be58f587f8a73e9368dbbd2
1655,125,32,0.256,,True,False,False,0,0,93,125,32,0.744,,4.93441006783398,1.5646629151597002,0.8596596645926262,4.5788469799369516,4.663262323742973,4.789914315647182,,125,0,True,1,0,0,37,0,0,7359.61019221101,,7349.765179207488,,RAW_WINDOWS_DT30_DISTANCE400_V1,125,125,0,1.0,,125,4.93441006783398,1.5646629151597002,4.663262323742973,,0,5,1.8012116017570706e-10,0,0,0,0,1,1,7359.61019221101,NO_RAW_BREAK_CROSSING,S0_G0,TIME_FLAGGED_OR_UNAVAILABLE,PROCESSED,5be4aa3b29a8a7008bfe419c824d906ed5675924d78691fa599180b95a633312
7993,153,25,0.16339869281045752,,True,False,False,8,16,104,129,25,0.8062015503875969,,4.6256099616037085,1.1917139705649642,0.0,4.5890641788062325,4.6256099616037085,4.6256099616037085,,129,0,True,7,4,16,94,0,0,10129.635473037437,,2912.454757957628,,RAW_WINDOWS_DT30_DISTANCE400_V1,153,145,8,0.9477124183006536,,145,174.09286023693764,4.613369316265081,15.72062697478503,,13,5,6.444752599102128e-10,6,0,0,6,7,3,4930.17759427115,NO_RAW_BREAK_CROSSING,R0,UNIFORM,PROCESSED,17ad3d980974701d9216e3f8dc8b1e6b2515739259bbedaa7e663b0f33245fbc
7993,153,30,0.19607843137254902,,True,False,False,2,16,105,135,30,0.7777777777777778,,4.6256099616037085,1.1445616187756302,0.0,4.530834887398427,4.6256099616037085,4.6256099616037085,,135,0,True,7,2,16,99,0,0,10129.635473037437,,3929.5581382911423,,RAW_WINDOWS_DT30_DISTANCE400_V1,153,151,2,0.9869281045751634,,151,174.09286023693764,4.435253425101102,15.197211295223003,,13,5,6.444752599102128e-10,6,0,0,2,7,5,4930.17759427115,NO_RAW_BREAK_CROSSING,S0,UNIFORM,PROCESSED,b541d607357962fb894848c0962f0b71f64e7d3a94b2033d76798d10025dd231
7993,153,25,0.16339869281045752,,True,False,False,8,16,104,129,25,0.8062015503875969,,4.6256099616037085,1.1917139705649642,0.0,4.5890641788062325,4.6256099616037085,4.6256099616037085,,129,0,True,7,4,16,94,0,0,10129.635473037437,,2912.454757957628,,RAW_WINDOWS_DT30_DISTANCE400_V1,153,145,8,0.9477124183006536,,145,174.09286023693764,4.613369316265081,15.72062697478503,,13,5,6.444752599102128e-10,6,0,0,6,7,3,4930.17759427115,NO_RAW_BREAK_CROSSING,G0,TIME_FLAGGED_OR_UNAVAILABLE,PROCESSED,17ad3d980974701d9216e3f8dc8b1e6b2515739259bbedaa7e663b0f33245fbc
7993,153,30,0.19607843137254902,,True,False,False,2,16,105,135,30,0.7777777777777778,,4.6256099616037085,1.1445616187756302,0.0,4.530834887398427,4.6256099616037085,4.6256099616037085,,135,0,True,7,2,16,99,0,0,10129.635473037437,,3929.5581382911423,,RAW_WINDOWS_DT30_DISTANCE400_V1,153,151,2,0.9869281045751634,,151,174.09286023693764,4.435253425101102,15.197211295223003,,13,5,6.444752599102128e-10,6,0,0,2,7,5,4930.17759427115,NO_RAW_BREAK_CROSSING,S0_G0,TIME_FLAGGED_OR_UNAVAILABLE,PROCESSED,b541d607357962fb894848c0962f0b71f64e7d3a94b2033d76798d10025dd231
8614,119,50,0.42016806722689076,,True,False,False,3,7,59,109,50,0.5412844036697247,,4.857622680335468,0.9867841195495644,0.0,3.6021226892263933,3.7442852359044223,4.767402767450569,,109,0,True,2,1,7,45,0,0,6092.820931592496,,5922.4509071746215,,RAW_WINDOWS_DT30_DISTANCE400_V1,119,116,3,0.9747899159663865,,116,71.77324216766694,1.7389472541420838,4.24948964804561,,3,5,2.1639988338911847e-10,1,0,0,1,2,1,6092.820931592496,NO_RAW_BREAK_CROSSING,R0,UNIFORM,PROCESSED,ea56a50fc41cb6c7909104883352e8e2536c1a1176383d6768c016fb9046eba0
8614,119,52,0.4369747899159664,,True,False,False,0,7,60,112,52,0.5357142857142857,,4.857622680335468,0.9603524020616296,0.0,3.5973608984135064,3.725896165077972,4.764329621651528,,112,0,True,2,0,7,48,0,0,6092.820931592496,,5927.8271259996545,,RAW_WINDOWS_DT30_DISTANCE400_V1,119,119,0,1.0,,119,71.77324216766694,1.6951082477351407,4.164755651732067,,3,5,2.1639988338911847e-10,1,0,0,0,2,2,6092.820931592496,NO_RAW_BREAK_CROSSING,S0,UNIFORM,PROCESSED,12efbf89fc6e186b459aa926b624cb6878ef40e85f8f84c241be7f0d30ed68af
8614,119,50,0.42016806722689076,,True,False,False,3,7,59,109,50,0.5412844036697247,,4.857622680335468,0.9867841195495644,0.0,3.6021226892263933,3.7442852359044223,4.767402767450569,,109,0,True,2,1,7,45,0,0,6092.820931592496,,5922.4509071746215,,RAW_WINDOWS_DT30_DISTANCE400_V1,119,116,3,0.9747899159663865,,116,71.77324216766694,1.7389472541420838,4.24948964804561,,3,5,2.1639988338911847e-10,1,0,0,1,2,1,6092.820931592496,NO_RAW_BREAK_CROSSING,G0,TIME_FLAGGED_OR_UNAVAILABLE,PROCESSED,ea56a50fc41cb6c7909104883352e8e2536c1a1176383d6768c016fb9046eba0
8614,119,52,0.4369747899159664,,True,False,False,0,7,60,112,52,0.5357142857142857,,4.857622680335468,0.9603524020616296,0.0,3.5973608984135064,3.725896165077972,4.764329621651528,,112,0,True,2,0,7,48,0,0,6092.820931592496,,5927.8271259996545,,RAW_WINDOWS_DT30_DISTANCE400_V1,119,119,0,1.0,,119,71.77324216766694,1.6951082477351407,4.164755651732067,,3,5,2.1639988338911847e-10,1,0,0,0,2,2,6092.820931592496,NO_RAW_BREAK_CROSSING,S0_G0,TIME_FLAGGED_OR_UNAVAILABLE,PROCESSED,12efbf89fc6e186b459aa926b624cb6878ef40e85f8f84c241be7f0d30ed68af
11365,171,54,0.3157894736842105,,True,False,False,0,17,100,154,54,0.6493506493506493,,4.797119334816741,1.0463261902840577,0.6161429165409902,3.2879578408060697,3.7765502316757695,4.52704467318302,,154,0,True,2,0,17,53,0,0,6565.778550033625,,6365.844854780271,,RAW_WINDOWS_DT30_DISTANCE400_V1,171,171,0,1.0,,171,20.482032632127805,1.6713687507431043,5.484429462265633,,9,5,1.7262096519101126e-10,1,0,0,0,2,2,6461.121486129516,NO_RAW_BREAK_CROSSING,R0,UNIFORM,PROCESSED,08407f940d1e4ad8b8f853dfe744dfba9ebf0c5181e2ceccfc36a828b73cbec5
11365,171,54,0.3157894736842105,,True,False,False,0,17,100,154,54,0.6493506493506493,,4.797119334816741,1.0463261902840577,0.6161429165409902,3.2879578408060697,3.7765502316757695,4.52704467318302,,154,0,True,2,0,17,53,0,0,6565.778550033625,,6365.844854780271,,RAW_WINDOWS_DT30_DISTANCE400_V1,171,171,0,1.0,,171,20.482032632127805,1.6713687507431043,5.484429462265633,,9,5,1.7262096519101126e-10,1,0,0,0,2,2,6461.121486129516,NO_RAW_BREAK_CROSSING,S0,UNIFORM,PROCESSED,546ad96d68a8b540e6f3c62c2dcc590ed4f8218698e93b87737aaff481d0879f
11365,171,54,0.3157894736842105,,True,False,False,0,17,100,154,54,0.6493506493506493,,4.797119334816741,1.0463261902840577,0.6161429165409902,3.2879578408060697,3.7765502316757695,4.52704467318302,,154,0,True,2,0,17,53,0,0,6565.778550033625,,6365.844854780271,,RAW_WINDOWS_DT30_DISTANCE400_V1,171,171,0,1.0,,171,20.482032632127805,1.6713687507431043,5.484429462265633,,9,5,1.7262096519101126e-10,1,0,0,0,2,2,6461.121486129516,NO_RAW_BREAK_CROSSING,G0,TIME_FLAGGED_OR_UNAVAILABLE,PROCESSED,08407f940d1e4ad8b8f853dfe744dfba9ebf0c5181e2ceccfc36a828b73cbec5
11365,171,54,0.3157894736842105,,True,False,False,0,17,100,154,54,0.6493506493506493,,4.797119334816741,1.0463261902840577,0.6161429165409902,3.2879578408060697,3.7765502316757695,4.52704467318302,,154,0,True,2,0,17,53,0,0,6565.778550033625,,6365.844854780271,,RAW_WINDOWS_DT30_DISTANCE400_V1,171,171,0,1.0,,171,20.482032632127805,1.6713687507431043,5.484429462265633,,9,5,1.7262096519101126e-10,1,0,0,0,2,2,6461.121486129516,NO_RAW_BREAK_CROSSING,S0_G0,TIME_FLAGGED_OR_UNAVAILABLE,PROCESSED,546ad96d68a8b540e6f3c62c2dcc590ed4f8218698e93b87737aaff481d0879f
2914,107,30,0.2803738317757009,,True,False,False,0,0,77,107,30,0.719626168224299,,4.718657970018451,1.1161969870960478,0.7703715353028613,2.7096051269562755,3.49140804755674,4.655868016108618,,107,0,True,2,0,0,38,0,0,9781.594404016734,,9620.70050915012,,RAW_WINDOWS_DT30_DISTANCE400_V1,107,107,0,1.0,,107,4.718657970018451,1.1161969870960478,3.49140804755674,,0,5,3.1054345364049773e-10,1,0,0,0,2,2,9623.397620926473,NO_RAW_BREAK_CROSSING,R0,UNIFORM,PROCESSED,cf8ea79c67ead39e9b60025b909534396eda6f3a532cc9ff1a116595d1f90d01
2914,107,30,0.2803738317757009,,True,False,False,0,0,77,107,30,0.719626168224299,,4.718657970018451,1.1161969870960478,0.7703715353028613,2.7096051269562755,3.49140804755674,4.655868016108618,,107,0,True,2,0,0,38,0,0,9781.594404016734,,9620.70050915012,,RAW_WINDOWS_DT30_DISTANCE400_V1,107,107,0,1.0,,107,4.718657970018451,1.1161969870960478,3.49140804755674,,0,5,3.1054345364049773e-10,1,0,0,0,2,2,9623.397620926473,NO_RAW_BREAK_CROSSING,S0,UNIFORM,PROCESSED,b71447e0b6e7b2429d7e637ec9935b32ca7c79e394d8281c8fe80abfdd8907d0
2914,107,30,0.2803738317757009,,True,False,False,0,0,77,107,30,0.719626168224299,,4.718657970018451,1.1161969870960478,0.7703715353028613,2.7096051269562755,3.49140804755674,4.655868016108618,,107,0,True,2,0,0,38,0,0,9781.594404016734,,9620.70050915012,,RAW_WINDOWS_DT30_DISTANCE400_V1,107,107,0,1.0,,107,4.718657970018451,1.1161969870960478,3.49140804755674,,0,5,3.1054345364049773e-10,1,0,0,0,2,2,9623.397620926473,NO_RAW_BREAK_CROSSING,G0,TIME_FLAGGED_OR_UNAVAILABLE,PROCESSED,cf8ea79c67ead39e9b60025b909534396eda6f3a532cc9ff1a116595d1f90d01
2914,107,30,0.2803738317757009,,True,False,False,0,0,77,107,30,0.719626168224299,,4.718657970018451,1.1161969870960478,0.7703715353028613,2.7096051269562755,3.49140804755674,4.655868016108618,,107,0,True,2,0,0,38,0,0,9781.594404016734,,9620.70050915012,,RAW_WINDOWS_DT30_DISTANCE400_V1,107,107,0,1.0,,107,4.718657970018451,1.1161969870960478,3.49140804755674,,0,5,3.1054345364049773e-10,1,0,0,0,2,2,9623.397620926473,NO_RAW_BREAK_CROSSING,S0_G0,TIME_FLAGGED_OR_UNAVAILABLE,PROCESSED,b71447e0b6e7b2429d7e637ec9935b32ca7c79e394d8281c8fe80abfdd8907d0
1270,111,54,0.4864864864864865,,True,False,False,9,3,45,99,54,0.4545454545454546,,4.587623364111931,0.7026479181312755,0.0,2.5125101784001913,3.6967648885969093,4.365911030551495,,99,0,True,12,4,3,27,0,0,13461.89381672737,,8996.302271287379,,RAW_WINDOWS_DT30_DISTANCE400_V1,111,102,9,0.918918918918919,,102,4.589771738837181,0.7890305198359393,3.9266298122600447,,0,5,2.798210302658579e-10,11,0,0,7,12,8,10025.392223121831,NO_RAW_BREAK_CROSSING,R0,UNIFORM,PROCESSED,c74196eb1bb008d7dc6d7c07add14dd64ecd27ba7105daf6a1fdbfcc442510c0
1270,111,61,0.5495495495495496,,True,False,False,1,3,46,107,61,0.4299065420560748,,4.587623364111931,0.6675198338507802,0.0,2.495111744833208,3.597911118346059,4.351455270390045,,107,0,True,12,1,3,35,0,0,13461.89381672737,,10008.299158687509,,RAW_WINDOWS_DT30_DISTANCE400_V1,111,110,1,0.990990990990991,,110,4.589771738837181,0.7485781031845729,3.9225042337066247,,0,5,2.798210302658579e-10,11,0,0,1,12,11,10025.392223121831,NO_RAW_BREAK_CROSSING,S0,UNIFORM,PROCESSED,f264c7b4602c16ac88f1392d6d11e9af5147d1dddfbd101e2c98ede934cf998d
1270,111,54,0.4864864864864865,,True,False,False,9,3,45,99,54,0.4545454545454546,,4.587623364111931,0.7026479181312755,0.0,2.5125101784001913,3.6967648885969093,4.365911030551495,,99,0,True,12,4,3,27,0,0,13461.89381672737,,8996.302271287379,,RAW_WINDOWS_DT30_DISTANCE400_V1,111,102,9,0.918918918918919,,102,4.589771738837181,0.7890305198359393,3.9266298122600447,,0,5,2.798210302658579e-10,11,0,0,7,12,8,10025.392223121831,NO_RAW_BREAK_CROSSING,G0,TIME_FLAGGED_OR_UNAVAILABLE,PROCESSED,c74196eb1bb008d7dc6d7c07add14dd64ecd27ba7105daf6a1fdbfcc442510c0
1270,111,61,0.5495495495495496,,True,False,False,1,3,46,107,61,0.4299065420560748,,4.587623364111931,0.6675198338507802,0.0,2.495111744833208,3.597911118346059,4.351455270390045,,107,0,True,12,1,3,35,0,0,13461.89381672737,,10008.299158687509,,RAW_WINDOWS_DT30_DISTANCE400_V1,111,110,1,0.990990990990991,,110,4.589771738837181,0.7485781031845729,3.9225042337066247,,0,5,2.798210302658579e-10,11,0,0,1,12,11,10025.392223121831,NO_RAW_BREAK_CROSSING,S0_G0,TIME_FLAGGED_OR_UNAVAILABLE,PROCESSED,f264c7b4602c16ac88f1392d6d11e9af5147d1dddfbd101e2c98ede934cf998d
5238,103,20,0.1941747572815534,,True,False,False,34,3,46,66,20,0.696969696969697,,2.8495762344339766,0.3292021029951516,0.0,1.1891346676660228,1.349033692805557,2.364942391803058,,66,0,True,10,7,3,39,0,0,4368.069179493721,,3781.627726126187,,RAW_WINDOWS_DT30_DISTANCE400_V1,103,69,34,0.6699029126213593,,69,24.40913538830498,0.8818738782921152,1.959587410007003,,2,5,3.5654233546554263e-10,9,0,0,12,10,3,3967.9445738720074,NO_RAW_BREAK_CROSSING,R0,UNIFORM,PROCESSED,0a819ef5bce58b69b74c87dc9c1db4e40915578fbd54036314cd156f3d2c275e
5238,103,30,0.2912621359223301,,True,False,False,2,3,68,98,30,0.6938775510204082,,2.8495762344339766,0.22170753875183682,0.0,0.9267014824187898,1.2766566832449164,2.1263534231232284,,98,0,True,10,2,3,71,0,0,4368.069179493721,,3789.0179834548185,,RAW_WINDOWS_DT30_DISTANCE400_V1,103,101,2,0.9805825242718447,,101,24.40913538830498,0.602468293090653,1.3497114448616305,,2,5,3.5654233546554263e-10,9,0,0,2,10,8,3967.9445738720074,NO_RAW_BREAK_CROSSING,S0,UNIFORM,PROCESSED,0ba5497625532755892d9c30e50feacdbddd916439be32f36623beb192b8b065
5238,103,20,0.1941747572815534,,True,False,False,34,3,46,66,20,0.696969696969697,,2.8495762344339766,0.3292021029951516,0.0,1.1891346676660228,1.349033692805557,2.364942391803058,,66,0,True,10,7,3,39,0,0,4368.069179493721,,3781.627726126187,,RAW_WINDOWS_DT30_DISTANCE400_V1,103,69,34,0.6699029126213593,,69,24.40913538830498,0.8818738782921152,1.959587410007003,,2,5,3.5654233546554263e-10,9,0,0,12,10,3,3967.9445738720074,NO_RAW_BREAK_CROSSING,G0,TIME_FLAGGED_OR_UNAVAILABLE,PROCESSED,0a819ef5bce58b69b74c87dc9c1db4e40915578fbd54036314cd156f3d2c275e
5238,103,30,0.2912621359223301,,True,False,False,2,3,68,98,30,0.6938775510204082,,2.8495762344339766,0.22170753875183682,0.0,0.9267014824187898,1.2766566832449164,2.1263534231232284,,98,0,True,10,2,3,71,0,0,4368.069179493721,,3789.0179834548185,,RAW_WINDOWS_DT30_DISTANCE400_V1,103,101,2,0.9805825242718447,,101,24.40913538830498,0.602468293090653,1.3497114448616305,,2,5,3.5654233546554263e-10,9,0,0,2,10,8,3967.9445738720074,NO_RAW_BREAK_CROSSING,S0_G0,TIME_FLAGGED_OR_UNAVAILABLE,PROCESSED,0ba5497625532755892d9c30e50feacdbddd916439be32f36623beb192b8b065
4092,103,44,0.42718446601941745,,True,False,False,0,1,58,102,44,0.5686274509803921,,4.963457808527647,0.8197472997322183,0.07212172293645182,3.338841196421076,3.6812781274366992,4.463565033918093,,102,0,True,6,0,1,45,0,0,11952.525501271592,,9779.946424338157,,RAW_WINDOWS_DT30_DISTANCE400_V1,103,103,0,1.0,,103,4.963457808527647,0.854138236917654,3.6812781274366992,,0,5,1.9654455392495123e-10,5,0,0,0,6,6,10082.331780467159,NO_RAW_BREAK_CROSSING,R0,UNIFORM,PROCESSED,054165fc10ae71eb91ab3e17e4a7e1326b6c3e3c04cb30f903bdbde436145b18
4092,103,44,0.42718446601941745,,True,False,False,0,1,58,102,44,0.5686274509803921,,4.963457808527647,0.8197472997322183,0.07212172293645182,3.338841196421076,3.6812781274366992,4.463565033918093,,102,0,True,6,0,1,45,0,0,11952.525501271592,,9779.946424338157,,RAW_WINDOWS_DT30_DISTANCE400_V1,103,103,0,1.0,,103,4.963457808527647,0.854138236917654,3.6812781274366992,,0,5,1.9654455392495123e-10,5,0,0,0,6,6,10082.331780467159,NO_RAW_BREAK_CROSSING,S0,UNIFORM,PROCESSED,dbfe7c29d028bec86345ad4fade98c89206e4c1ec20c3f3383a7c1a745e877aa
4092,103,44,0.42718446601941745,,True,False,False,0,1,58,102,44,0.5686274509803921,,4.963457808527647,0.8197472997322183,0.07212172293645182,3.338841196421076,3.6812781274366992,4.463565033918093,,102,0,True,6,0,1,45,0,0,11952.525501271592,,9779.946424338157,,RAW_WINDOWS_DT30_DISTANCE400_V1,103,103,0,1.0,,103,4.963457808527647,0.854138236917654,3.6812781274366992,,0,5,1.9654455392495123e-10,5,0,0,0,6,6,10082.331780467159,NO_RAW_BREAK_CROSSING,G0,TIME_FLAGGED_OR_UNAVAILABLE,PROCESSED,054165fc10ae71eb91ab3e17e4a7e1326b6c3e3c04cb30f903bdbde436145b18
4092,103,44,0.42718446601941745,,True,False,False,0,1,58,102,44,0.5686274509803921,,4.963457808527647,0.8197472997322183,0.07212172293645182,3.338841196421076,3.6812781274366992,4.463565033918093,,102,0,True,6,0,1,45,0,0,11952.525501271592,,9779.946424338157,,RAW_WINDOWS_DT30_DISTANCE400_V1,103,103,0,1.0,,103,4.963457808527647,0.854138236917654,3.6812781274366992,,0,5,1.9654455392495123e-10,5,0,0,0,6,6,10082.331780467159,NO_RAW_BREAK_CROSSING,S0_G0,TIME_FLAGGED_OR_UNAVAILABLE,PROCESSED,dbfe7c29d028bec86345ad4fade98c89206e4c1ec20c3f3383a7c1a745e877aa
534,115,43,0.3739130434782609,,True,False,False,0,3,69,112,43,0.6160714285714286,,4.827339934836693,0.7445245417195571,0.16157663546097947,3.046233672701864,3.6705693790008556,4.7915310058851635,,112,0,True,1,0,3,31,0,0,7893.761820743285,,7874.040499203094,,RAW_WINDOWS_DT30_DISTANCE400_V1,115,115,0,1.0,,115,10.831634109869817,0.9611072113496113,4.344197142892903,,3,5,5.459922038690558e-10,0,0,0,0,1,1,7893.761820743285,NO_RAW_BREAK_CROSSING,R0,UNIFORM,PROCESSED,239142539c4272db3717153d624b86033522c3acdbf0589cc1a3abfbfa93664f
534,115,43,0.3739130434782609,,True,False,False,0,3,69,112,43,0.6160714285714286,,4.827339934836693,0.7445245417195571,0.16157663546097947,3.046233672701864,3.6705693790008556,4.7915310058851635,,112,0,True,1,0,3,31,0,0,7893.761820743285,,7874.040499203094,,RAW_WINDOWS_DT30_DISTANCE400_V1,115,115,0,1.0,,115,10.831634109869817,0.9611072113496113,4.344197142892903,,3,5,5.459922038690558e-10,0,0,0,0,1,1,7893.761820743285,NO_RAW_BREAK_CROSSING,S0,UNIFORM,PROCESSED,6b6a87244fde5e51eb96431966226d195d5ee3355cd1c79505e9428588b03092
534,115,43,0.3739130434782609,,True,False,False,0,3,69,112,43,0.6160714285714286,,4.827339934836693,0.7445245417195571,0.16157663546097947,3.046233672701864,3.6705693790008556,4.7915310058851635,,112,0,True,1,0,3,31,0,0,7893.761820743285,,7874.040499203094,,RAW_WINDOWS_DT30_DISTANCE400_V1,115,115,0,1.0,,115,10.831634109869817,0.9611072113496113,4.344197142892903,,3,5,5.459922038690558e-10,0,0,0,0,1,1,7893.761820743285,NO_RAW_BREAK_CROSSING,G0,TIME_FLAGGED_OR_UNAVAILABLE,PROCESSED,239142539c4272db3717153d624b86033522c3acdbf0589cc1a3abfbfa93664f
534,115,43,0.3739130434782609,,True,False,False,0,3,69,112,43,0.6160714285714286,,4.827339934836693,0.7445245417195571,0.16157663546097947,3.046233672701864,3.6705693790008556,4.7915310058851635,,112,0,True,1,0,3,31,0,0,7893.761820743285,,7874.040499203094,,RAW_WINDOWS_DT30_DISTANCE400_V1,115,115,0,1.0,,115,10.831634109869817,0.9611072113496113,4.344197142892903,,3,5,5.459922038690558e-10,0,0,0,0,1,1,7893.761820743285,NO_RAW_BREAK_CROSSING,S0_G0,TIME_FLAGGED_OR_UNAVAILABLE,PROCESSED,6b6a87244fde5e51eb96431966226d195d5ee3355cd1c79505e9428588b03092
6945,115,46,0.4,,True,False,False,0,2,67,113,46,0.5929203539823009,,4.697233572920288,0.9826884041349893,0.08684059641120592,3.273227887854828,3.69137497177918,4.345293617849134,,113,0,True,2,0,2,47,0,0,7408.393934675523,,7385.914034749067,,RAW_WINDOWS_DT30_DISTANCE400_V1,115,115,0,1.0,,115,4.697233572920288,1.0318006316483692,3.871068393695243,,0,5,1.927746557476902e-10,1,0,0,0,2,2,7408.393934675523,NO_RAW_BREAK_CROSSING,R0,UNIFORM,PROCESSED,14fa2fefb04400209baad24155211293e2d1a0452978d9d43b37f8cddc813e03
6945,115,46,0.4,,True,False,False,0,2,67,113,46,0.5929203539823009,,4.697233572920288,0.9826884041349893,0.08684059641120592,3.273227887854828,3.69137497177918,4.345293617849134,,113,0,True,2,0,2,47,0,0,7408.393934675523,,7385.914034749067,,RAW_WINDOWS_DT30_DISTANCE400_V1,115,115,0,1.0,,115,4.697233572920288,1.0318006316483692,3.871068393695243,,0,5,1.927746557476902e-10,1,0,0,0,2,2,7408.393934675523,NO_RAW_BREAK_CROSSING,S0,UNIFORM,PROCESSED,aad50cbbe86444f4e71f88b5265daeb8f3856996f118db072bdba9a35904241d
6945,115,46,0.4,,True,False,False,0,2,67,113,46,0.5929203539823009,,4.697233572920288,0.9826884041349893,0.08684059641120592,3.273227887854828,3.69137497177918,4.345293617849134,,113,0,True,2,0,2,47,0,0,7408.393934675523,,7385.914034749067,,RAW_WINDOWS_DT30_DISTANCE400_V1,115,115,0,1.0,,115,4.697233572920288,1.0318006316483692,3.871068393695243,,0,5,1.927746557476902e-10,1,0,0,0,2,2,7408.393934675523,NO_RAW_BREAK_CROSSING,G0,TIME_FLAGGED_OR_UNAVAILABLE,PROCESSED,14fa2fefb04400209baad24155211293e2d1a0452978d9d43b37f8cddc813e03
6945,115,46,0.4,,True,False,False,0,2,67,113,46,0.5929203539823009,,4.697233572920288,0.9826884041349893,0.08684059641120592,3.273227887854828,3.69137497177918,4.345293617849134,,113,0,True,2,0,2,47,0,0,7408.393934675523,,7385.914034749067,,RAW_WINDOWS_DT30_DISTANCE400_V1,115,115,0,1.0,,115,4.697233572920288,1.0318006316483692,3.871068393695243,,0,5,1.927746557476902e-10,1,0,0,0,2,2,7408.393934675523,NO_RAW_BREAK_CROSSING,S0_G0,TIME_FLAGGED_OR_UNAVAILABLE,PROCESSED,aad50cbbe86444f4e71f88b5265daeb8f3856996f118db072bdba9a35904241d
5934,105,50,0.47619047619047616,,True,False,False,7,1,47,97,50,0.48453608247422686,,4.2581029187649495,0.7687076110495646,0.0,2.4749209450567626,3.1411743971573003,3.766054172817467,,97,0,True,12,2,1,47,0,0,18376.215957600143,,12073.617091346217,,RAW_WINDOWS_DT30_DISTANCE400_V1,105,98,7,0.9333333333333333,,98,85.00935497302454,1.628306053518697,3.2074773793207125,,1,5,1.9404376978202284e-10,11,0,0,3,12,10,13281.617495413078,NO_RAW_BREAK_CROSSING,R0,UNIFORM,PROCESSED,cb3a6a593b2ad3ae6785353018eca185ef6a4fe09585a644995cab319ff3f384
5934,105,54,0.5142857142857142,,True,False,False,0,1,50,104,54,0.4807692307692307,,4.2581029187649495,0.7243673269376553,0.0,2.3483729573941248,3.125904939536783,3.744693344233382,,104,0,True,12,0,1,53,0,0,18376.215957600143,,13212.255432535956,,RAW_WINDOWS_DT30_DISTANCE400_V1,105,105,0,1.0,,105,85.00935497302454,1.5270814949956255,3.1717726460437743,,1,5,1.9404376978202284e-10,11,0,0,0,12,12,13281.617495413078,NO_RAW_BREAK_CROSSING,S0,UNIFORM,PROCESSED,46a4e72389aee9320dec8915b5cd84195a993e4cb04c3916cd4e58181ac0401e
5934,105,50,0.47619047619047616,,True,False,False,7,1,47,97,50,0.48453608247422686,,4.2581029187649495,0.7687076110495646,0.0,2.4749209450567626,3.1411743971573003,3.766054172817467,,97,0,True,12,2,1,47,0,0,18376.215957600143,,12073.617091346217,,RAW_WINDOWS_DT30_DISTANCE400_V1,105,98,7,0.9333333333333333,,98,85.00935497302454,1.628306053518697,3.2074773793207125,,1,5,1.9404376978202284e-10,11,0,0,3,12,10,13281.617495413078,NO_RAW_BREAK_CROSSING,G0,TIME_FLAGGED_OR_UNAVAILABLE,PROCESSED,cb3a6a593b2ad3ae6785353018eca185ef6a4fe09585a644995cab319ff3f384
5934,105,54,0.5142857142857142,,True,False,False,0,1,50,104,54,0.4807692307692307,,4.2581029187649495,0.7243673269376553,0.0,2.3483729573941248,3.125904939536783,3.744693344233382,,104,0,True,12,0,1,53,0,0,18376.215957600143,,13212.255432535956,,RAW_WINDOWS_DT30_DISTANCE400_V1,105,105,0,1.0,,105,85.00935497302454,1.5270814949956255,3.1717726460437743,,1,5,1.9404376978202284e-10,11,0,0,0,12,12,13281.617495413078,NO_RAW_BREAK_CROSSING,S0_G0,TIME_FLAGGED_OR_UNAVAILABLE,PROCESSED,46a4e72389aee9320dec8915b5cd84195a993e4cb04c3916cd4e58181ac0401e
1697,116,54,0.46551724137931033,,True,False,False,0,6,56,110,54,0.509090909090909,,4.73753224005163,0.7626281355017308,0.0,3.0314598103555044,3.7797586651475354,4.690480570062098,,110,0,True,3,0,6,30,0,0,13136.458119254246,,11942.712296943722,,RAW_WINDOWS_DT30_DISTANCE400_V1,116,116,0,1.0,,116,173.81955049449718,5.94764899330843,7.534282461066193,,6,5,2.7260759034856266e-10,2,0,0,0,3,3,12257.710617003228,NO_RAW_BREAK_CROSSING,R0,UNIFORM,PROCESSED,6a3ed64ebc8bed0fdf68a5b72ed995241f82aa3e50c19953ba66332d9be2bf78
1697,116,54,0.46551724137931033,,True,False,False,0,6,56,110,54,0.509090909090909,,4.73753224005163,0.7626281355017308,0.0,3.0314598103555044,3.7797586651475354,4.690480570062098,,110,0,True,3,0,6,30,0,0,13136.458119254246,,11942.712296943722,,RAW_WINDOWS_DT30_DISTANCE400_V1,116,116,0,1.0,,116,173.81955049449718,5.94764899330843,7.534282461066193,,6,5,2.7260759034856266e-10,2,0,0,0,3,3,12257.710617003228,NO_RAW_BREAK_CROSSING,S0,UNIFORM,PROCESSED,c3c08cecac09b4dc873ef42ab34fbf6a18e118a7730656b5766676f503235e58
1697,116,54,0.46551724137931033,,True,False,False,0,6,56,110,54,0.509090909090909,,4.73753224005163,0.7626281355017308,0.0,3.0314598103555044,3.7797586651475354,4.690480570062098,,110,0,True,3,0,6,30,0,0,13136.458119254246,,11942.712296943722,,RAW_WINDOWS_DT30_DISTANCE400_V1,116,116,0,1.0,,116,173.81955049449718,5.94764899330843,7.534282461066193,,6,5,2.7260759034856266e-10,2,0,0,0,3,3,12257.710617003228,NO_RAW_BREAK_CROSSING,G0,TIME_FLAGGED_OR_UNAVAILABLE,PROCESSED,6a3ed64ebc8bed0fdf68a5b72ed995241f82aa3e50c19953ba66332d9be2bf78
1697,116,54,0.46551724137931033,,True,False,False,0,6,56,110,54,0.509090909090909,,4.73753224005163,0.7626281355017308,0.0,3.0314598103555044,3.7797586651475354,4.690480570062098,,110,0,True,3,0,6,30,0,0,13136.458119254246,,11942.712296943722,,RAW_WINDOWS_DT30_DISTANCE400_V1,116,116,0,1.0,,116,173.81955049449718,5.94764899330843,7.534282461066193,,6,5,2.7260759034856266e-10,2,0,0,0,3,3,12257.710617003228,NO_RAW_BREAK_CROSSING,S0_G0,TIME_FLAGGED_OR_UNAVAILABLE,PROCESSED,c3c08cecac09b4dc873ef42ab34fbf6a18e118a7730656b5766676f503235e58
2948,109,32,0.29357798165137616,,True,False,False,0,1,76,108,32,0.7037037037037037,,4.907136972167255,0.9892294813326898,0.18355319762179145,3.851290497976732,4.515664787443036,4.748966943606106,,108,0,True,2,0,1,43,0,0,5896.978777212091,,5880.639806084934,,RAW_WINDOWS_DT30_DISTANCE400_V1,109,109,0,1.0,,109,7.950454781276633,1.0530939336257534,4.5274318979105335,,1,5,2.8770843999044845e-10,1,0,0,0,2,2,5891.106514448984,NO_RAW_BREAK_CROSSING,R0,UNIFORM,PROCESSED,741ec42a3f616f3ac7c8b6eb4bc48a3feddf5c02c97b7a2b36d3acbd04ba6c27
2948,109,32,0.29357798165137616,,True,False,False,0,1,76,108,32,0.7037037037037037,,4.907136972167255,0.9892294813326898,0.18355319762179145,3.851290497976732,4.515664787443036,4.748966943606106,,108,0,True,2,0,1,43,0,0,5896.978777212091,,5880.639806084934,,RAW_WINDOWS_DT30_DISTANCE400_V1,109,109,0,1.0,,109,7.950454781276633,1.0530939336257534,4.5274318979105335,,1,5,2.8770843999044845e-10,1,0,0,0,2,2,5891.106514448984,NO_RAW_BREAK_CROSSING,S0,UNIFORM,PROCESSED,4ec881162f52ea0e5013ad13a810168534ace79fb7fc95e139595999c7299f09
2948,109,32,0.29357798165137616,,True,False,False,0,1,76,108,32,0.7037037037037037,,4.907136972167255,0.9892294813326898,0.18355319762179145,3.851290497976732,4.515664787443036,4.748966943606106,,108,0,True,2,0,1,43,0,0,5896.978777212091,,5880.639806084934,,RAW_WINDOWS_DT30_DISTANCE400_V1,109,109,0,1.0,,109,7.950454781276633,1.0530939336257534,4.5274318979105335,,1,5,2.8770843999044845e-10,1,0,0,0,2,2,5891.106514448984,NO_RAW_BREAK_CROSSING,G0,TIME_FLAGGED_OR_UNAVAILABLE,PROCESSED,741ec42a3f616f3ac7c8b6eb4bc48a3feddf5c02c97b7a2b36d3acbd04ba6c27
2948,109,32,0.29357798165137616,,True,False,False,0,1,76,108,32,0.7037037037037037,,4.907136972167255,0.9892294813326898,0.18355319762179145,3.851290497976732,4.515664787443036,4.748966943606106,,108,0,True,2,0,1,43,0,0,5896.978777212091,,5880.639806084934,,RAW_WINDOWS_DT30_DISTANCE400_V1,109,109,0,1.0,,109,7.950454781276633,1.0530939336257534,4.5274318979105335,,1,5,2.8770843999044845e-10,1,0,0,0,2,2,5891.106514448984,NO_RAW_BREAK_CROSSING,S0_G0,TIME_FLAGGED_OR_UNAVAILABLE,PROCESSED,4ec881162f52ea0e5013ad13a810168534ace79fb7fc95e139595999c7299f09
6454,102,33,0.3235294117647059,,True,False,False,0,5,64,97,33,0.6597938144329897,,4.366294640580926,0.6480429733987428,0.0,2.06290332715393,2.576412675277355,4.214247328287518,,97,0,True,4,0,5,52,0,0,9077.680529646586,,6758.042235354929,,RAW_WINDOWS_DT30_DISTANCE400_V1,102,102,0,1.0,,102,4.366294640580926,0.66553074051162,2.576412675277355,,0,5,3.1144929517689925e-10,3,0,0,0,4,4,6908.999963577541,NO_RAW_BREAK_CROSSING,R0,UNIFORM,PROCESSED,c648546bb502510a5acc0a790dc84f8e74157e603c166757968d1d947b3e4cfc
6454,102,33,0.3235294117647059,,True,False,False,0,5,64,97,33,0.6597938144329897,,4.366294640580926,0.6480429733987428,0.0,2.06290332715393,2.576412675277355,4.214247328287518,,97,0,True,4,0,5,52,0,0,9077.680529646586,,6758.042235354929,,RAW_WINDOWS_DT30_DISTANCE400_V1,102,102,0,1.0,,102,4.366294640580926,0.66553074051162,2.576412675277355,,0,5,3.1144929517689925e-10,3,0,0,0,4,4,6908.999963577541,NO_RAW_BREAK_CROSSING,S0,UNIFORM,PROCESSED,43dcbf738d344f18f977fbbc5ee65f6d32a874fc6f3239634879c4bcc490d3b2
6454,102,33,0.3235294117647059,,True,False,False,0,5,64,97,33,0.6597938144329897,,4.366294640580926,0.6480429733987428,0.0,2.06290332715393,2.576412675277355,4.214247328287518,,97,0,True,4,0,5,52,0,0,9077.680529646586,,6758.042235354929,,RAW_WINDOWS_DT30_DISTANCE400_V1,102,102,0,1.0,,102,4.366294640580926,0.66553074051162,2.576412675277355,,0,5,3.1144929517689925e-10,3,0,0,0,4,4,6908.999963577541,NO_RAW_BREAK_CROSSING,G0,TIME_FLAGGED_OR_UNAVAILABLE,PROCESSED,c648546bb502510a5acc0a790dc84f8e74157e603c166757968d1d947b3e4cfc
6454,102,33,0.3235294117647059,,True,False,False,0,5,64,97,33,0.6597938144329897,,4.366294640580926,0.6480429733987428,0.0,2.06290332715393,2.576412675277355,4.214247328287518,,97,0,True,4,0,5,52,0,0,9077.680529646586,,6758.042235354929,,RAW_WINDOWS_DT30_DISTANCE400_V1,102,102,0,1.0,,102,4.366294640580926,0.66553074051162,2.576412675277355,,0,5,3.1144929517689925e-10,3,0,0,0,4,4,6908.999963577541,NO_RAW_BREAK_CROSSING,S0_G0,TIME_FLAGGED_OR_UNAVAILABLE,PROCESSED,43dcbf738d344f18f977fbbc5ee65f6d32a874fc6f3239634879c4bcc490d3b2
5102,105,28,0.26666666666666666,,True,False,False,4,3,70,98,28,0.7142857142857143,,4.613608247644332,1.1335929447052382,0.7726072815527542,2.9625107207877113,3.4446892097987902,4.533375514080521,,98,0,True,5,2,3,43,0,0,11441.04335792437,,8503.45080539288,,RAW_WINDOWS_DT30_DISTANCE400_V1,105,101,4,0.9619047619047619,,101,93.34020101781505,2.130605900036266,3.8172055268878755,,2,5,3.468537551123313e-10,4,0,0,3,5,3,8994.392195459377,NO_RAW_BREAK_CROSSING,R0,UNIFORM,PROCESSED,5494ede72f298e36080a2dead05ddfb7910f102b3d05680b8a1388be12cc4260
5102,105,30,0.2857142857142857,,True,False,False,1,3,71,101,30,0.7029702970297029,,4.613608247644332,1.0999431109331435,0.7530708206650473,2.951811127375498,3.437958864490927,4.530894089331125,,101,0,True,5,1,3,46,0,0,11441.04335792437,,8927.650112183765,,RAW_WINDOWS_DT30_DISTANCE400_V1,105,104,1,0.9904761904761905,,104,93.34020101781505,2.069166745449971,3.767048872836195,,2,5,3.468537551123313e-10,4,0,0,1,5,4,8994.392195459377,NO_RAW_BREAK_CROSSING,S0,UNIFORM,PROCESSED,5f3427f390ff526afc26af2b4429858693205658a687fc2b25c55791696a0e75
5102,105,28,0.26666666666666666,,True,False,False,4,3,70,98,28,0.7142857142857143,,4.613608247644332,1.1335929447052382,0.7726072815527542,2.9625107207877113,3.4446892097987902,4.533375514080521,,98,0,True,5,2,3,43,0,0,11441.04335792437,,8503.45080539288,,RAW_WINDOWS_DT30_DISTANCE400_V1,105,101,4,0.9619047619047619,,101,93.34020101781505,2.130605900036266,3.8172055268878755,,2,5,3.468537551123313e-10,4,0,0,3,5,3,8994.392195459377,NO_RAW_BREAK_CROSSING,G0,TIME_FLAGGED_OR_UNAVAILABLE,PROCESSED,5494ede72f298e36080a2dead05ddfb7910f102b3d05680b8a1388be12cc4260
5102,105,30,0.2857142857142857,,True,False,False,1,3,71,101,30,0.7029702970297029,,4.613608247644332,1.0999431109331435,0.7530708206650473,2.951811127375498,3.437958864490927,4.530894089331125,,101,0,True,5,1,3,46,0,0,11441.04335792437,,8927.650112183765,,RAW_WINDOWS_DT30_DISTANCE400_V1,105,104,1,0.9904761904761905,,104,93.34020101781505,2.069166745449971,3.767048872836195,,2,5,3.468537551123313e-10,4,0,0,1,5,4,8994.392195459377,NO_RAW_BREAK_CROSSING,S0_G0,TIME_FLAGGED_OR_UNAVAILABLE,PROCESSED,5f3427f390ff526afc26af2b4429858693205658a687fc2b25c55791696a0e75
3612,123,41,0.3333333333333333,,True,False,False,0,11,71,112,41,0.6339285714285714,,4.996336549712856,1.0428666425802302,0.13066417584944248,3.0742315698866807,3.948620458275879,4.716827800790381,,112,0,True,2,0,11,56,0,0,8057.178589550982,,7540.221568608375,,RAW_WINDOWS_DT30_DISTANCE400_V1,123,123,0,1.0,,123,12.108272395510223,1.5166705618137242,4.970176005930309,,6,5,1.634055482084023e-10,1,0,0,0,2,2,7586.393979814458,NO_RAW_BREAK_CROSSING,R0,UNIFORM,PROCESSED,58985f769ec6099e170a160bdaf890873671033d9229bd1c5eaf7c63730b1c95
3612,123,41,0.3333333333333333,,True,False,False,0,11,71,112,41,0.6339285714285714,,4.996336549712856,1.0428666425802302,0.13066417584944248,3.0742315698866807,3.948620458275879,4.716827800790381,,112,0,True,2,0,11,56,0,0,8057.178589550982,,7540.221568608375,,RAW_WINDOWS_DT30_DISTANCE400_V1,123,123,0,1.0,,123,12.108272395510223,1.5166705618137242,4.970176005930309,,6,5,1.634055482084023e-10,1,0,0,0,2,2,7586.393979814458,NO_RAW_BREAK_CROSSING,S0,UNIFORM,PROCESSED,60c5dc1fbd3f8096a80d29be5b09a31e8d87820129a1b833f1c3232cab19ddf1
3612,123,41,0.3333333333333333,,True,False,False,0,11,71,112,41,0.6339285714285714,,4.996336549712856,1.0428666425802302,0.13066417584944248,3.0742315698866807,3.948620458275879,4.716827800790381,,112,0,True,2,0,11,56,0,0,8057.178589550982,,7540.221568608375,,RAW_WINDOWS_DT30_DISTANCE400_V1,123,123,0,1.0,,123,12.108272395510223,1.5166705618137242,4.970176005930309,,6,5,1.634055482084023e-10,1,0,0,0,2,2,7586.393979814458,NO_RAW_BREAK_CROSSING,G0,TIME_FLAGGED_OR_UNAVAILABLE,PROCESSED,58985f769ec6099e170a160bdaf890873671033d9229bd1c5eaf7c63730b1c95
3612,123,41,0.3333333333333333,,True,False,False,0,11,71,112,41,0.6339285714285714,,4.996336549712856,1.0428666425802302,0.13066417584944248,3.0742315698866807,3.948620458275879,4.716827800790381,,112,0,True,2,0,11,56,0,0,8057.178589550982,,7540.221568608375,,RAW_WINDOWS_DT30_DISTANCE400_V1,123,123,0,1.0,,123,12.108272395510223,1.5166705618137242,4.970176005930309,,6,5,1.634055482084023e-10,1,0,0,0,2,2,7586.393979814458,NO_RAW_BREAK_CROSSING,S0_G0,TIME_FLAGGED_OR_UNAVAILABLE,PROCESSED,60c5dc1fbd3f8096a80d29be5b09a31e8d87820129a1b833f1c3232cab19ddf1
7534,95,28,0.29473684210526313,,True,False,False,1,2,64,92,28,0.6956521739130435,,4.665821055075165,0.9398432131289759,0.3171302113187183,2.9548284368890276,3.1124042571135937,3.9303059263008358,,92,0,True,5,1,2,62,0,0,5526.195524569448,,4442.288688609598,,RAW_WINDOWS_DT30_DISTANCE400_V1,95,94,1,0.9894736842105263,,94,7.181958924200543,1.0280724904948426,3.1124042571135937,,1,5,6.109505005181885e-10,4,0,0,1,5,4,4462.6534542497975,NO_RAW_BREAK_CROSSING,R0,UNIFORM,PROCESSED,2c22dbaf122780ba41587a7dd5e3ad9af1133c02d5f87d80b664ca0e130a1662
7534,95,28,0.29473684210526313,,True,False,False,1,2,64,92,28,0.6956521739130435,,4.665821055075165,0.9398432131289759,0.3171302113187183,2.9548284368890276,3.1124042571135937,3.9303059263008358,,92,0,True,5,1,2,62,0,0,5526.195524569448,,4442.288688609598,,RAW_WINDOWS_DT30_DISTANCE400_V1,95,94,1,0.9894736842105263,,94,7.181958924200543,1.0280724904948426,3.1124042571135937,,1,5,6.109505005181885e-10,4,0,0,1,5,4,4462.6534542497975,NO_RAW_BREAK_CROSSING,S0,UNIFORM,PROCESSED,c5c708b1ccd4f406ca04213bfea5abe716808e74a2959c08ca16f95fdf633b54
7534,95,28,0.29473684210526313,,True,False,False,1,2,64,92,28,0.6956521739130435,,4.665821055075165,0.9398432131289759,0.3171302113187183,2.9548284368890276,3.1124042571135937,3.9303059263008358,,92,0,True,5,1,2,62,0,0,5526.195524569448,,4442.288688609598,,RAW_WINDOWS_DT30_DISTANCE400_V1,95,94,1,0.9894736842105263,,94,7.181958924200543,1.0280724904948426,3.1124042571135937,,1,5,6.109505005181885e-10,4,0,0,1,5,4,4462.6534542497975,NO_RAW_BREAK_CROSSING,G0,TIME_FLAGGED_OR_UNAVAILABLE,PROCESSED,2c22dbaf122780ba41587a7dd5e3ad9af1133c02d5f87d80b664ca0e130a1662
7534,95,28,0.29473684210526313,,True,False,False,1,2,64,92,28,0.6956521739130435,,4.665821055075165,0.9398432131289759,0.3171302113187183,2.9548284368890276,3.1124042571135937,3.9303059263008358,,92,0,True,5,1,2,62,0,0,5526.195524569448,,4442.288688609598,,RAW_WINDOWS_DT30_DISTANCE400_V1,95,94,1,0.9894736842105263,,94,7.181958924200543,1.0280724904948426,3.1124042571135937,,1,5,6.109505005181885e-10,4,0,0,1,5,4,4462.6534542497975,NO_RAW_BREAK_CROSSING,S0_G0,TIME_FLAGGED_OR_UNAVAILABLE,PROCESSED,c5c708b1ccd4f406ca04213bfea5abe716808e74a2959c08ca16f95fdf633b54
366,120,32,0.26666666666666666,,True,False,False,1,8,79,111,32,0.7117117117117118,,4.271467655630626,1.0630556083054201,0.8455955756733066,2.4976565592422744,3.265667952740234,3.749524791095886,,111,0,True,2,1,8,39,0,0,8415.585062539332,,7689.152318780416,,RAW_WINDOWS_DT30_DISTANCE400_V1,120,119,1,0.9916666666666667,,119,90.20781388043633,2.271738917317176,3.9144668001334417,,5,5,2.4176223154353423e-10,1,0,0,1,2,1,7770.739039239787,NO_RAW_BREAK_CROSSING,R0,UNIFORM,PROCESSED,463661f26a14a32e2c0469e17ab92fe93f7bfdb5d28639b7b4dc761b6695a88f
366,120,32,0.26666666666666666,,True,False,False,1,8,79,111,32,0.7117117117117118,,4.271467655630626,1.0630556083054201,0.8455955756733066,2.4976565592422744,3.265667952740234,3.749524791095886,,111,0,True,2,1,8,39,0,0,8415.585062539332,,7689.152318780416,,RAW_WINDOWS_DT30_DISTANCE400_V1,120,119,1,0.9916666666666667,,119,90.20781388043633,2.271738917317176,3.9144668001334417,,5,5,2.4176223154353423e-10,1,0,0,1,2,1,7770.739039239787,NO_RAW_BREAK_CROSSING,S0,UNIFORM,PROCESSED,a6a463d978ecb3b7ca231167006aecc7b65899e2d189872658b4657e5db3b563
366,120,32,0.26666666666666666,,True,False,False,1,8,79,111,32,0.7117117117117118,,4.271467655630626,1.0630556083054201,0.8455955756733066,2.4976565592422744,3.265667952740234,3.749524791095886,,111,0,True,2,1,8,39,0,0,8415.585062539332,,7689.152318780416,,RAW_WINDOWS_DT30_DISTANCE400_V1,120,119,1,0.9916666666666667,,119,90.20781388043633,2.271738917317176,3.9144668001334417,,5,5,2.4176223154353423e-10,1,0,0,1,2,1,7770.739039239787,NO_RAW_BREAK_CROSSING,G0,TIME_FLAGGED_OR_UNAVAILABLE,PROCESSED,463661f26a14a32e2c0469e17ab92fe93f7bfdb5d28639b7b4dc761b6695a88f
366,120,32,0.26666666666666666,,True,False,False,1,8,79,111,32,0.7117117117117118,,4.271467655630626,1.0630556083054201,0.8455955756733066,2.4976565592422744,3.265667952740234,3.749524791095886,,111,0,True,2,1,8,39,0,0,8415.585062539332,,7689.152318780416,,RAW_WINDOWS_DT30_DISTANCE400_V1,120,119,1,0.9916666666666667,,119,90.20781388043633,2.271738917317176,3.9144668001334417,,5,5,2.4176223154353423e-10,1,0,0,1,2,1,7770.739039239787,NO_RAW_BREAK_CROSSING,S0_G0,TIME_FLAGGED_OR_UNAVAILABLE,PROCESSED,a6a463d978ecb3b7ca231167006aecc7b65899e2d189872658b4657e5db3b563
9772,186,71,0.3817204301075269,,True,False,False,0,19,96,167,71,0.5748502994011976,,4.939051534972951,1.0183501287879608,0.21629714565439226,3.161632413930852,3.6283397706299376,4.365295490857313,,167,0,True,2,0,19,39,0,0,6455.446814108778,,5983.221859070063,,RAW_WINDOWS_DT30_DISTANCE400_V1,186,186,0,1.0,,186,28.782883864552776,1.7613645071714796,5.4268948227526685,,11,5,2.3299796263830413e-10,1,0,0,0,2,2,6114.2467445915645,NO_RAW_BREAK_CROSSING,R0,UNIFORM,PROCESSED,7c46618cff96cbee40562d0c1ab55bead93c50a1d4595adab7c540f8be923d16
9772,186,71,0.3817204301075269,,True,False,False,0,19,96,167,71,0.5748502994011976,,4.939051534972951,1.0183501287879608,0.21629714565439226,3.161632413930852,3.6283397706299376,4.365295490857313,,167,0,True,2,0,19,39,0,0,6455.446814108778,,5983.221859070063,,RAW_WINDOWS_DT30_DISTANCE400_V1,186,186,0,1.0,,186,28.782883864552776,1.7613645071714796,5.4268948227526685,,11,5,2.3299796263830413e-10,1,0,0,0,2,2,6114.2467445915645,NO_RAW_BREAK_CROSSING,S0,UNIFORM,PROCESSED,df4072570dc52abbcfae1b1c854121dbb7f741883f254abe0e62c730a9864656
9772,186,71,0.3817204301075269,,True,False,False,0,19,96,167,71,0.5748502994011976,,4.939051534972951,1.0183501287879608,0.21629714565439226,3.161632413930852,3.6283397706299376,4.365295490857313,,167,0,True,2,0,19,39,0,0,6455.446814108778,,5983.221859070063,,RAW_WINDOWS_DT30_DISTANCE400_V1,186,186,0,1.0,,186,28.782883864552776,1.7613645071714796,5.4268948227526685,,11,5,2.3299796263830413e-10,1,0,0,0,2,2,6114.2467445915645,NO_RAW_BREAK_CROSSING,G0,TIME_FLAGGED_OR_UNAVAILABLE,PROCESSED,7c46618cff96cbee40562d0c1ab55bead93c50a1d4595adab7c540f8be923d16
9772,186,71,0.3817204301075269,,True,False,False,0,19,96,167,71,0.5748502994011976,,4.939051534972951,1.0183501287879608,0.21629714565439226,3.161632413930852,3.6283397706299376,4.365295490857313,,167,0,True,2,0,19,39,0,0,6455.446814108778,,5983.221859070063,,RAW_WINDOWS_DT30_DISTANCE400_V1,186,186,0,1.0,,186,28.782883864552776,1.7613645071714796,5.4268948227526685,,11,5,2.3299796263830413e-10,1,0,0,0,2,2,6114.2467445915645,NO_RAW_BREAK_CROSSING,S0_G0,TIME_FLAGGED_OR_UNAVAILABLE,PROCESSED,df4072570dc52abbcfae1b1c854121dbb7f741883f254abe0e62c730a9864656
455,104,29,0.27884615384615385,,True,False,False,3,0,72,101,29,0.7128712871287128,,4.939618577379513,0.9480841145531705,0.40809251266869906,3.1589260088386735,3.9938665974698875,4.69040721352541,,101,0,True,4,1,0,38,0,0,11285.64222310693,,10296.918153238932,,RAW_WINDOWS_DT30_DISTANCE400_V1,104,101,3,0.9711538461538461,,101,4.939618577379513,0.9480841145531705,3.9938665974698875,,0,5,5.187807300523185e-10,3,0,0,2,4,3,10610.427675939556,NO_RAW_BREAK_CROSSING,R0,UNIFORM,PROCESSED,00ea95858c350f139a1d0e568ee354a200e88d797909676c880e9ef442376467
455,104,31,0.2980769230769231,,True,False,False,0,0,73,104,31,0.7019230769230769,,4.939618577379513,0.936121800373079,0.40809251266869906,3.1342185430077314,3.9863454549591673,4.687592245689347,,104,0,True,4,0,0,41,0,0,11285.64222310693,,10598.310776555774,,RAW_WINDOWS_DT30_DISTANCE400_V1,104,104,0,1.0,,104,4.939618577379513,0.936121800373079,3.9863454549591673,,0,5,5.187807300523185e-10,3,0,0,0,4,4,10610.427675939556,NO_RAW_BREAK_CROSSING,S0,UNIFORM,PROCESSED,f70f73470cf55d9786a1dbc3527a7b9f81d5e7d85ff48fbd964ae4ceef1a6ea3
455,104,29,0.27884615384615385,,True,False,False,3,0,72,101,29,0.7128712871287128,,4.939618577379513,0.9480841145531705,0.40809251266869906,3.1589260088386735,3.9938665974698875,4.69040721352541,,101,0,True,4,1,0,38,0,0,11285.64222310693,,10296.918153238932,,RAW_WINDOWS_DT30_DISTANCE400_V1,104,101,3,0.9711538461538461,,101,4.939618577379513,0.9480841145531705,3.9938665974698875,,0,5,5.187807300523185e-10,3,0,0,2,4,3,10610.427675939556,NO_RAW_BREAK_CROSSING,G0,TIME_FLAGGED_OR_UNAVAILABLE,PROCESSED,00ea95858c350f139a1d0e568ee354a200e88d797909676c880e9ef442376467
455,104,31,0.2980769230769231,,True,False,False,0,0,73,104,31,0.7019230769230769,,4.939618577379513,0.936121800373079,0.40809251266869906,3.1342185430077314,3.9863454549591673,4.687592245689347,,104,0,True,4,0,0,41,0,0,11285.64222310693,,10598.310776555774,,RAW_WINDOWS_DT30_DISTANCE400_V1,104,104,0,1.0,,104,4.939618577379513,0.936121800373079,3.9863454549591673,,0,5,5.187807300523185e-10,3,0,0,0,4,4,10610.427675939556,NO_RAW_BREAK_CROSSING,S0_G0,TIME_FLAGGED_OR_UNAVAILABLE,PROCESSED,f70f73470cf55d9786a1dbc3527a7b9f81d5e7d85ff48fbd964ae4ceef1a6ea3
952,100,0,0.0,,False,True,True,100,0,0,0,0,,EMPTY_DP_REFERENCE_DENOMINATOR,,,,,,,EMPTY_DP_REFERENCE,0,0,True,1,1,0,0,0,0,14.668310923472514,,,EMPTY_OUTPUT,RAW_WINDOWS_DT30_DISTANCE400_V1,100,0,100,0.0,,0,,,,NO_COVERED_RAW_POINTS,0,5,1.2497508635750075e-10,0,0,0,0,1,0,14.668310923472514,NO_RAW_BREAK_CROSSING,R0,UNIFORM,ALL_FILTERED,f3f32c90ac136b9f106a2c4b2e59c8da048544ad52c6968e8ce58ac9f7bfacd6
952,100,2,0.02,,True,False,False,0,0,98,100,2,0.98,,1.9624678327811778,1.332762686621767,1.3727079107643243,1.8291503014226014,1.9055636371638738,1.9624678327811778,,100,0,True,1,0,0,100,0,0,14.668310923472514,,2.9032278776510276,,RAW_WINDOWS_DT30_DISTANCE400_V1,100,100,0,1.0,,100,1.9624678327811778,1.332762686621767,1.9055636371638738,,0,5,1.2497508635750075e-10,0,0,0,0,1,1,14.668310923472514,NO_RAW_BREAK_CROSSING,S0,UNIFORM,PROCESSED,c13f84a8c4dacc84868b9c7a995300995938e27eae7ee4778bc1ba92dc774036
952,100,0,0.0,,False,True,True,100,0,0,0,0,,EMPTY_DP_REFERENCE_DENOMINATOR,,,,,,,EMPTY_DP_REFERENCE,0,0,True,1,1,0,0,0,0,14.668310923472514,,,EMPTY_OUTPUT,RAW_WINDOWS_DT30_DISTANCE400_V1,100,0,100,0.0,,0,,,,NO_COVERED_RAW_POINTS,0,5,1.2497508635750075e-10,0,0,0,0,1,0,14.668310923472514,NO_RAW_BREAK_CROSSING,G0,TIME_REGULAR,ALL_FILTERED,3fbe4a1bc6dbc7dae1e664687d078dc4629646a19c6025be4b74be9a799aadbc
952,100,2,0.02,,True,False,False,0,0,98,100,2,0.98,,1.9624678327811778,1.332762686621767,1.3727079107643243,1.8291503014226014,1.9055636371638738,1.9624678327811778,,100,0,True,1,0,0,100,0,0,14.668310923472514,,2.9032278776510276,,RAW_WINDOWS_DT30_DISTANCE400_V1,100,100,0,1.0,,100,1.9624678327811778,1.332762686621767,1.9055636371638738,,0,5,1.2497508635750075e-10,0,0,0,0,1,1,14.668310923472514,NO_RAW_BREAK_CROSSING,S0_G0,TIME_REGULAR,PROCESSED,6edecbafccac6176127f2e76a6f279ae18bc9a3dc2a5eec3be0290bf81161102
9053,99,0,0.0,,False,True,True,99,0,0,0,0,,EMPTY_DP_REFERENCE_DENOMINATOR,,,,,,,EMPTY_DP_REFERENCE,0,0,True,1,1,0,0,0,0,15.746895300546491,,,EMPTY_OUTPUT,RAW_WINDOWS_DT30_DISTANCE400_V1,99,0,99,0.0,,0,,,,NO_COVERED_RAW_POINTS,0,5,2.6514263376891364e-10,0,0,0,0,1,0,15.746895300546491,NO_RAW_BREAK_CROSSING,R0,UNIFORM,ALL_FILTERED,77138f0462f8acfbc2cc1b9904a24149292447ebbc4bc16396f0ccf32f6c1223
9053,99,2,0.020202020202020204,,True,False,False,0,0,97,99,2,0.9797979797979798,,2.210677841033897,1.303072787613854,1.1505391455557066,2.07877736397982,2.1866398307858543,2.210677841033897,,99,0,True,1,0,0,99,0,0,15.746895300546491,,5.137842438491047,,RAW_WINDOWS_DT30_DISTANCE400_V1,99,99,0,1.0,,99,2.210677841033897,1.303072787613854,2.1866398307858543,,0,5,2.6514263376891364e-10,0,0,0,0,1,1,15.746895300546491,NO_RAW_BREAK_CROSSING,S0,UNIFORM,PROCESSED,4aaeac31dcecb08f4913570ce5cb0aa3526f0449f0bf5af4b5897c189c6138e8
9053,99,0,0.0,,False,True,True,99,0,0,0,0,,EMPTY_DP_REFERENCE_DENOMINATOR,,,,,,,EMPTY_DP_REFERENCE,0,0,True,1,1,0,0,0,0,15.746895300546491,,,EMPTY_OUTPUT,RAW_WINDOWS_DT30_DISTANCE400_V1,99,0,99,0.0,,0,,,,NO_COVERED_RAW_POINTS,0,5,2.6514263376891364e-10,0,0,0,0,1,0,15.746895300546491,NO_RAW_BREAK_CROSSING,G0,TIME_REGULAR,ALL_FILTERED,00f90141bb30938596bb6c2b31618ea2d10fcf4980cfc672a8c67a2076da820f
9053,99,2,0.020202020202020204,,True,False,False,0,0,97,99,2,0.9797979797979798,,2.210677841033897,1.303072787613854,1.1505391455557066,2.07877736397982,2.1866398307858543,2.210677841033897,,99,0,True,1,0,0,99,0,0,15.746895300546491,,5.137842438491047,,RAW_WINDOWS_DT30_DISTANCE400_V1,99,99,0,1.0,,99,2.210677841033897,1.303072787613854,2.1866398307858543,,0,5,2.6514263376891364e-10,0,0,0,0,1,1,15.746895300546491,NO_RAW_BREAK_CROSSING,S0_G0,TIME_REGULAR,PROCESSED,e171c2b19b922f33efc4c5a5d49f065e7f05c0e1bd9ded440ceb23525a1f90d0
5397,100,0,0.0,,False,True,True,100,0,0,0,0,,EMPTY_DP_REFERENCE_DENOMINATOR,,,,,,,EMPTY_DP_REFERENCE,0,0,True,1,1,0,0,0,0,13.3205913816251,,,EMPTY_OUTPUT,RAW_WINDOWS_DT30_DISTANCE400_V1,100,0,100,0.0,,0,,,,NO_COVERED_RAW_POINTS,0,5,4.4713698328838235e-10,0,0,0,0,1,0,13.3205913816251,NO_RAW_BREAK_CROSSING,R0,UNIFORM,ALL_FILTERED,d8993d007281ef6f49d5edbebfb7578b3c58c43d5db3c39e528997ce0ede43f4
5397,100,2,0.02,,True,False,False,0,0,98,100,2,0.98,,1.917401605465882,0.9123091803971626,0.9160403520107641,1.591556105418844,1.638535379503671,1.917401605465882,,100,0,True,1,0,0,100,0,0,13.3205913816251,,2.2120890555950132,,RAW_WINDOWS_DT30_DISTANCE400_V1,100,100,0,1.0,,100,1.917401605465882,0.9123091803971626,1.638535379503671,,0,5,4.4713698328838235e-10,0,0,0,0,1,1,13.3205913816251,NO_RAW_BREAK_CROSSING,S0,UNIFORM,PROCESSED,f1ada540516687f319d3e5e3f0f79929c5648b033afc4e5fd85820b74537636e
5397,100,0,0.0,,False,True,True,100,0,0,0,0,,EMPTY_DP_REFERENCE_DENOMINATOR,,,,,,,EMPTY_DP_REFERENCE,0,0,True,1,1,0,0,0,0,13.3205913816251,,,EMPTY_OUTPUT,RAW_WINDOWS_DT30_DISTANCE400_V1,100,0,100,0.0,,0,,,,NO_COVERED_RAW_POINTS,0,5,4.4713698328838235e-10,0,0,0,0,1,0,13.3205913816251,NO_RAW_BREAK_CROSSING,G0,TIME_REGULAR,ALL_FILTERED,4094736707733fec31c4d887461dbfec6d602a1f18cee8a10bf3b12f7ee7577b
5397,100,2,0.02,,True,False,False,0,0,98,100,2,0.98,,1.917401605465882,0.9123091803971626,0.9160403520107641,1.591556105418844,1.638535379503671,1.917401605465882,,100,0,True,1,0,0,100,0,0,13.3205913816251,,2.2120890555950132,,RAW_WINDOWS_DT30_DISTANCE400_V1,100,100,0,1.0,,100,1.917401605465882,0.9123091803971626,1.638535379503671,,0,5,4.4713698328838235e-10,0,0,0,0,1,1,13.3205913816251,NO_RAW_BREAK_CROSSING,S0_G0,TIME_REGULAR,PROCESSED,56c7b8c0705672970fe97f87a3a56c01bcf7d71503cd554673f875d442a6244c
3843,99,0,0.0,,False,True,True,99,0,0,0,0,,EMPTY_DP_REFERENCE_DENOMINATOR,,,,,,,EMPTY_DP_REFERENCE,0,0,True,1,1,0,0,0,0,9.49245687425635,,,EMPTY_OUTPUT,RAW_WINDOWS_DT30_DISTANCE400_V1,99,0,99,0.0,,0,,,,NO_COVERED_RAW_POINTS,0,5,1.3858207554975265e-10,0,0,0,0,1,0,9.49245687425635,NO_RAW_BREAK_CROSSING,R0,UNIFORM,ALL_FILTERED,efe83f606793ae75a932287a215349227990e7b87b6e73cd26af51424f64c1a1
3843,99,2,0.020202020202020204,,True,False,False,0,0,97,99,2,0.9797979797979798,,1.1249715441741526,0.4804025536331808,0.324974371357328,1.1249715441741526,1.1249715441741526,1.1249715441741526,,99,0,True,1,0,0,99,0,0,9.49245687425635,,7.046077352452482,,RAW_WINDOWS_DT30_DISTANCE400_V1,99,99,0,1.0,,99,1.1249715441741526,0.4804025536331808,1.1249715441741526,,0,5,1.3858207554975265e-10,0,0,0,0,1,1,9.49245687425635,NO_RAW_BREAK_CROSSING,S0,UNIFORM,PROCESSED,ab402e4180808a8e57903f2a51f2ca95408962ff331fc918f3d3702eb1eafb9f
3843,99,0,0.0,,False,True,True,99,0,0,0,0,,EMPTY_DP_REFERENCE_DENOMINATOR,,,,,,,EMPTY_DP_REFERENCE,0,0,True,1,1,0,0,0,0,9.49245687425635,,,EMPTY_OUTPUT,RAW_WINDOWS_DT30_DISTANCE400_V1,99,0,99,0.0,,0,,,,NO_COVERED_RAW_POINTS,0,5,1.3858207554975265e-10,0,0,0,0,1,0,9.49245687425635,NO_RAW_BREAK_CROSSING,G0,TIME_REGULAR,ALL_FILTERED,06cd67cdf942aa496e116c16e188b7e2b8e3cd5df1b8ea2a30ca000d2fa216e5
3843,99,2,0.020202020202020204,,True,False,False,0,0,97,99,2,0.9797979797979798,,1.1249715441741526,0.4804025536331808,0.324974371357328,1.1249715441741526,1.1249715441741526,1.1249715441741526,,99,0,True,1,0,0,99,0,0,9.49245687425635,,7.046077352452482,,RAW_WINDOWS_DT30_DISTANCE400_V1,99,99,0,1.0,,99,1.1249715441741526,0.4804025536331808,1.1249715441741526,,0,5,1.3858207554975265e-10,0,0,0,0,1,1,9.49245687425635,NO_RAW_BREAK_CROSSING,S0_G0,TIME_REGULAR,PROCESSED,5762f27f1879aca41975d2d18b542f119e2f00c8f582a98dbc544b3e66048ad7
8293,99,0,0.0,,False,True,True,99,0,0,0,0,,EMPTY_DP_REFERENCE_DENOMINATOR,,,,,,,EMPTY_DP_REFERENCE,0,0,True,1,1,0,0,0,0,9.670498343181496,,,EMPTY_OUTPUT,RAW_WINDOWS_DT30_DISTANCE400_V1,99,0,99,0.0,,0,,,,NO_COVERED_RAW_POINTS,0,5,3.645415486437743e-10,0,0,0,0,1,0,9.670498343181496,NO_RAW_BREAK_CROSSING,R0,UNIFORM,ALL_FILTERED,66b44b234ad0f9222e766a82ce9568c16119b7ed6c98f0523d4ee88b8dd37f4f
8293,99,2,0.020202020202020204,,True,False,False,0,0,97,99,2,0.9797979797979798,,2.851046347056852,1.29054465029195,1.2296556150021414,2.462754736561419,2.586540955851279,2.851046347056852,,99,0,True,1,0,0,99,0,0,9.670498343181496,,1.3738561455803364,,RAW_WINDOWS_DT30_DISTANCE400_V1,99,99,0,1.0,,99,2.851046347056852,1.29054465029195,2.586540955851279,,0,5,3.645415486437743e-10,0,0,0,0,1,1,9.670498343181496,NO_RAW_BREAK_CROSSING,S0,UNIFORM,PROCESSED,d06ffe942eb77faf1b1a5c2bd2773f38d22d6b665f100d252031c46c965c061d
8293,99,0,0.0,,False,True,True,99,0,0,0,0,,EMPTY_DP_REFERENCE_DENOMINATOR,,,,,,,EMPTY_DP_REFERENCE,0,0,True,1,1,0,0,0,0,9.670498343181496,,,EMPTY_OUTPUT,RAW_WINDOWS_DT30_DISTANCE400_V1,99,0,99,0.0,,0,,,,NO_COVERED_RAW_POINTS,0,5,3.645415486437743e-10,0,0,0,0,1,0,9.670498343181496,NO_RAW_BREAK_CROSSING,G0,TIME_REGULAR,ALL_FILTERED,dc3d6bc061dc55f6491c3906cd8878fb21a0359cb3c5a5482591c49e7f4a8b4b
8293,99,2,0.020202020202020204,,True,False,False,0,0,97,99,2,0.9797979797979798,,2.851046347056852,1.29054465029195,1.2296556150021414,2.462754736561419,2.586540955851279,2.851046347056852,,99,0,True,1,0,0,99,0,0,9.670498343181496,,1.3738561455803364,,RAW_WINDOWS_DT30_DISTANCE400_V1,99,99,0,1.0,,99,2.851046347056852,1.29054465029195,2.586540955851279,,0,5,3.645415486437743e-10,0,0,0,0,1,1,9.670498343181496,NO_RAW_BREAK_CROSSING,S0_G0,TIME_REGULAR,PROCESSED,33df354e1bbec331ac1bae27362a93acfc0bba820ac82cf8e9825a0b39377e2d
7820,99,0,0.0,,False,True,True,99,0,0,0,0,,EMPTY_DP_REFERENCE_DENOMINATOR,,,,,,,EMPTY_DP_REFERENCE,0,0,True,1,1,0,0,0,0,3.0068883422179633,,,EMPTY_OUTPUT,RAW_WINDOWS_DT30_DISTANCE400_V1,99,0,99,0.0,,0,,,,NO_COVERED_RAW_POINTS,0,5,1.1867855814042237e-10,0,0,0,0,1,0,3.0068883422179633,NO_RAW_BREAK_CROSSING,R0,UNIFORM,ALL_FILTERED,ed46b18966672b6c2fcbc495d93e3850fed0c9253aecf5e4986c06d1a4740a00
7820,99,2,0.020202020202020204,,True,False,False,0,0,97,99,2,0.9797979797979798,,0.11370951677496142,0.0638759271487556,0.06969295273524037,0.11077501483762574,0.11370951677496142,0.11370951677496142,,99,0,True,1,0,0,99,0,0,3.0068883422179633,,2.8744065431885697,,RAW_WINDOWS_DT30_DISTANCE400_V1,99,99,0,1.0,,99,0.11370951677496142,0.0638759271487556,0.11370951677496142,,0,5,1.1867855814042237e-10,0,0,0,0,1,1,3.0068883422179633,NO_RAW_BREAK_CROSSING,S0,UNIFORM,PROCESSED,1224cb8a73ea35937ace72d39b532b64660fddb1b0a3628d76a455d440f1d726
7820,99,0,0.0,,False,True,True,99,0,0,0,0,,EMPTY_DP_REFERENCE_DENOMINATOR,,,,,,,EMPTY_DP_REFERENCE,0,0,True,1,1,0,0,0,0,3.0068883422179633,,,EMPTY_OUTPUT,RAW_WINDOWS_DT30_DISTANCE400_V1,99,0,99,0.0,,0,,,,NO_COVERED_RAW_POINTS,0,5,1.1867855814042237e-10,0,0,0,0,1,0,3.0068883422179633,NO_RAW_BREAK_CROSSING,G0,TIME_REGULAR,ALL_FILTERED,ad2ebce84254f06c26f775fc93c77f7cdec3dfc0bb453f773ebd8051d4f1dfea
7820,99,2,0.020202020202020204,,True,False,False,0,0,97,99,2,0.9797979797979798,,0.11370951677496142,0.0638759271487556,0.06969295273524037,0.11077501483762574,0.11370951677496142,0.11370951677496142,,99,0,True,1,0,0,99,0,0,3.0068883422179633,,2.8744065431885697,,RAW_WINDOWS_DT30_DISTANCE400_V1,99,99,0,1.0,,99,0.11370951677496142,0.0638759271487556,0.11370951677496142,,0,5,1.1867855814042237e-10,0,0,0,0,1,1,3.0068883422179633,NO_RAW_BREAK_CROSSING,S0_G0,TIME_REGULAR,PROCESSED,ec9492e5db263e2d5456e1b6d323131523456a5aa017dab09ad65976726e79ce
5523,100,0,0.0,,False,True,True,100,0,0,0,0,,EMPTY_DP_REFERENCE_DENOMINATOR,,,,,,,EMPTY_DP_REFERENCE,0,0,True,1,1,0,0,0,0,0.0,,,EMPTY_OUTPUT,RAW_WINDOWS_DT30_DISTANCE400_V1,100,0,100,0.0,,0,,,,NO_COVERED_RAW_POINTS,0,5,1.317991750238414e-10,0,0,0,0,1,0,0.0,NO_RAW_BREAK_CROSSING,R0,UNIFORM,ALL_FILTERED,944988cc886c71ac5544b89ac2023d6a3ee10ded47b5064337091d08acd48a16
5523,100,2,0.02,,True,False,False,0,0,98,100,2,0.98,,0.0,0.0,0.0,0.0,0.0,0.0,,100,0,True,1,0,0,100,0,0,0.0,,0.0,,RAW_WINDOWS_DT30_DISTANCE400_V1,100,100,0,1.0,,100,0.0,0.0,0.0,,0,5,1.317991750238414e-10,0,0,0,0,1,1,0.0,NO_RAW_BREAK_CROSSING,S0,UNIFORM,PROCESSED,e3e0a0f19c6fb6e5b10f16e28250e44b74086911c7a5d1107bd19f972954b005
5523,100,0,0.0,,False,True,True,100,0,0,0,0,,EMPTY_DP_REFERENCE_DENOMINATOR,,,,,,,EMPTY_DP_REFERENCE,0,0,True,1,1,0,0,0,0,0.0,,,EMPTY_OUTPUT,RAW_WINDOWS_DT30_DISTANCE400_V1,100,0,100,0.0,,0,,,,NO_COVERED_RAW_POINTS,0,5,1.317991750238414e-10,0,0,0,0,1,0,0.0,NO_RAW_BREAK_CROSSING,G0,TIME_REGULAR,ALL_FILTERED,d6f3f693a3803992f4cf89042094794be82143f51eb46c4aad46990f7388f45e
5523,100,2,0.02,,True,False,False,0,0,98,100,2,0.98,,0.0,0.0,0.0,0.0,0.0,0.0,,100,0,True,1,0,0,100,0,0,0.0,,0.0,,RAW_WINDOWS_DT30_DISTANCE400_V1,100,100,0,1.0,,100,0.0,0.0,0.0,,0,5,1.317991750238414e-10,0,0,0,0,1,1,0.0,NO_RAW_BREAK_CROSSING,S0_G0,TIME_REGULAR,PROCESSED,4ed8edb317927f5fd0cd59283727b3e6793150c5a17239e678c7bcbea4e7825a
6345,100,0,0.0,,False,True,True,100,0,0,0,0,,EMPTY_DP_REFERENCE_DENOMINATOR,,,,,,,EMPTY_DP_REFERENCE,0,0,True,1,1,0,0,0,0,1.2690400558537611,,,EMPTY_OUTPUT,RAW_WINDOWS_DT30_DISTANCE400_V1,100,0,100,0.0,,0,,,,NO_COVERED_RAW_POINTS,0,5,4.739207226646953e-10,0,0,0,0,1,0,1.2690400558537611,NO_RAW_BREAK_CROSSING,R0,UNIFORM,ALL_FILTERED,988a22c17f8774f6f8d9d58ff054cccaf91fe40df2fcda354a2b1c4d17bff49a
6345,100,2,0.02,,True,False,False,0,0,98,100,2,0.98,,0.1050556508517736,0.03247173910025708,0.019101013560067763,0.07926926494436817,0.1050556508517736,0.1050556508517736,,100,0,True,1,0,0,100,0,0,1.2690400558537611,,1.1056732331694572,,RAW_WINDOWS_DT30_DISTANCE400_V1,100,100,0,1.0,,100,0.1050556508517736,0.03247173910025708,0.1050556508517736,,0,5,4.739207226646953e-10,0,0,0,0,1,1,1.2690400558537611,NO_RAW_BREAK_CROSSING,S0,UNIFORM,PROCESSED,d44851c953bdce4eb0bd112cacc2de7c09b0543b83ffcb0aeba9105989dc8285
6345,100,0,0.0,,False,True,True,100,0,0,0,0,,EMPTY_DP_REFERENCE_DENOMINATOR,,,,,,,EMPTY_DP_REFERENCE,0,0,True,1,1,0,0,0,0,1.2690400558537611,,,EMPTY_OUTPUT,RAW_WINDOWS_DT30_DISTANCE400_V1,100,0,100,0.0,,0,,,,NO_COVERED_RAW_POINTS,0,5,4.739207226646953e-10,0,0,0,0,1,0,1.2690400558537611,NO_RAW_BREAK_CROSSING,G0,TIME_REGULAR,ALL_FILTERED,b071747c470f35a6765a04fe70f2cf00ac5b0de9dbe4aabc5c7d6c69ecb60e31
6345,100,2,0.02,,True,False,False,0,0,98,100,2,0.98,,0.1050556508517736,0.03247173910025708,0.019101013560067763,0.07926926494436817,0.1050556508517736,0.1050556508517736,,100,0,True,1,0,0,100,0,0,1.2690400558537611,,1.1056732331694572,,RAW_WINDOWS_DT30_DISTANCE400_V1,100,100,0,1.0,,100,0.1050556508517736,0.03247173910025708,0.1050556508517736,,0,5,4.739207226646953e-10,0,0,0,0,1,1,1.2690400558537611,NO_RAW_BREAK_CROSSING,S0_G0,TIME_REGULAR,PROCESSED,6316bb529de2d5b9eae14f535c4f987baabc5841bde0f5bd401f6cce14df1863
1491,98,0,0.0,,False,True,True,98,0,0,0,0,,EMPTY_DP_REFERENCE_DENOMINATOR,,,,,,,EMPTY_DP_REFERENCE,0,0,True,1,1,0,0,0,0,9.78017232007064,,,EMPTY_OUTPUT,RAW_WINDOWS_DT30_DISTANCE400_V1,98,0,98,0.0,,0,,,,NO_COVERED_RAW_POINTS,0,5,3.025942563852208e-10,0,0,0,0,1,0,9.78017232007064,NO_RAW_BREAK_CROSSING,R0,UNIFORM,ALL_FILTERED,b958c90103a4af95c97ae73332ae20565c6d68b3ab9f0721faeb3be2f7d4fefb
1491,98,2,0.02040816326530612,,True,False,False,0,0,96,98,2,0.9795918367346939,,0.43622723809241565,0.04451298347881792,0.0,0.13086817142772345,0.43622723809241565,0.43622723809241565,,98,0,True,1,0,0,98,0,0,9.78017232007064,,9.741176800871495,,RAW_WINDOWS_DT30_DISTANCE400_V1,98,98,0,1.0,,98,0.43622723809241565,0.04451298347881792,0.43622723809241565,,0,5,3.025942563852208e-10,0,0,0,0,1,1,9.78017232007064,NO_RAW_BREAK_CROSSING,S0,UNIFORM,PROCESSED,2046df15dfc6279874e31f80d64965b66e937a7a8d3d22b3df91aadc21455186
1491,98,0,0.0,,False,True,True,98,0,0,0,0,,EMPTY_DP_REFERENCE_DENOMINATOR,,,,,,,EMPTY_DP_REFERENCE,0,0,True,1,1,0,0,0,0,9.78017232007064,,,EMPTY_OUTPUT,RAW_WINDOWS_DT30_DISTANCE400_V1,98,0,98,0.0,,0,,,,NO_COVERED_RAW_POINTS,0,5,3.025942563852208e-10,0,0,0,0,1,0,9.78017232007064,NO_RAW_BREAK_CROSSING,G0,TIME_REGULAR,ALL_FILTERED,199cf61735c7599fda32bd09657de45eb7db3b02531b5c3a63946ee26df8afe3
1491,98,2,0.02040816326530612,,True,False,False,0,0,96,98,2,0.9795918367346939,,0.43622723809241565,0.04451298347881792,0.0,0.13086817142772345,0.43622723809241565,0.43622723809241565,,98,0,True,1,0,0,98,0,0,9.78017232007064,,9.741176800871495,,RAW_WINDOWS_DT30_DISTANCE400_V1,98,98,0,1.0,,98,0.43622723809241565,0.04451298347881792,0.43622723809241565,,0,5,3.025942563852208e-10,0,0,0,0,1,1,9.78017232007064,NO_RAW_BREAK_CROSSING,S0_G0,TIME_REGULAR,PROCESSED,b6238b00c2ff4b93fa4cbdb28041772e8b12848aa281e976884a6663c3b05052
3794,99,0,0.0,,False,True,True,99,0,0,0,0,,EMPTY_DP_REFERENCE_DENOMINATOR,,,,,,,EMPTY_DP_REFERENCE,0,0,True,1,1,0,0,0,0,0.852622713557215,,,EMPTY_OUTPUT,RAW_WINDOWS_DT30_DISTANCE400_V1,99,0,99,0.0,,0,,,,NO_COVERED_RAW_POINTS,0,5,1.561028666641341e-10,0,0,0,0,1,0,0.852622713557215,NO_RAW_BREAK_CROSSING,R0,UNIFORM,ALL_FILTERED,d8c587572f9f4874404152a76a3447a0721ee70670ff95c3de8f0c1ea1ebce33
3794,99,2,0.020202020202020204,,True,False,False,0,0,97,99,2,0.9797979797979798,,0.19160957068912032,0.0772888433939145,0.09516541887029563,0.19160957068912032,0.19160957068912032,0.19160957068912032,,99,0,True,1,0,0,99,0,0,0.852622713557215,,0.44054139505523704,,RAW_WINDOWS_DT30_DISTANCE400_V1,99,99,0,1.0,,99,0.19160957068912032,0.0772888433939145,0.19160957068912032,,0,5,1.561028666641341e-10,0,0,0,0,1,1,0.852622713557215,NO_RAW_BREAK_CROSSING,S0,UNIFORM,PROCESSED,bdb37889456a9d8020dcdfc6e09f131b7ba3858149b08ab3248f8bc6f0d6fdff
3794,99,0,0.0,,False,True,True,99,0,0,0,0,,EMPTY_DP_REFERENCE_DENOMINATOR,,,,,,,EMPTY_DP_REFERENCE,0,0,True,1,1,0,0,0,0,0.852622713557215,,,EMPTY_OUTPUT,RAW_WINDOWS_DT30_DISTANCE400_V1,99,0,99,0.0,,0,,,,NO_COVERED_RAW_POINTS,0,5,1.561028666641341e-10,0,0,0,0,1,0,0.852622713557215,NO_RAW_BREAK_CROSSING,G0,TIME_REGULAR,ALL_FILTERED,89b09b33d801f16ad41a00ea94081ee4bb38f3da2695031fce9fa0bc564f937f
3794,99,2,0.020202020202020204,,True,False,False,0,0,97,99,2,0.9797979797979798,,0.19160957068912032,0.0772888433939145,0.09516541887029563,0.19160957068912032,0.19160957068912032,0.19160957068912032,,99,0,True,1,0,0,99,0,0,0.852622713557215,,0.44054139505523704,,RAW_WINDOWS_DT30_DISTANCE400_V1,99,99,0,1.0,,99,0.19160957068912032,0.0772888433939145,0.19160957068912032,,0,5,1.561028666641341e-10,0,0,0,0,1,1,0.852622713557215,NO_RAW_BREAK_CROSSING,S0_G0,TIME_REGULAR,PROCESSED,bb2a3de0ba717752cb690ac7145b8c53d7d2457b1649e968a9e0572dc970796b
2962,99,0,0.0,,False,True,True,99,0,0,0,0,,EMPTY_DP_REFERENCE_DENOMINATOR,,,,,,,EMPTY_DP_REFERENCE,0,0,True,1,1,0,0,0,0,5.941451998813894,,,EMPTY_OUTPUT,RAW_WINDOWS_DT30_DISTANCE400_V1,99,0,99,0.0,,0,,,,NO_COVERED_RAW_POINTS,0,5,5.21136325887183e-10,0,0,0,0,1,0,5.941451998813894,NO_RAW_BREAK_CROSSING,R0,UNIFORM,ALL_FILTERED,ace060fec32ef5bf8340259392407ea71cc8c4866bb9778efd16df8fb1d75b92
2962,99,2,0.020202020202020204,,True,False,False,0,0,97,99,2,0.9797979797979798,,1.1118288348846301,0.7254413880800437,0.9317585106174555,1.1017784114232605,1.1118288348846301,1.1118288348846301,,99,0,True,1,0,0,99,0,0,5.941451998813894,,5.05555930358451,,RAW_WINDOWS_DT30_DISTANCE400_V1,99,99,0,1.0,,99,1.1118288348846301,0.7254413880800437,1.1118288348846301,,0,5,5.21136325887183e-10,0,0,0,0,1,1,5.941451998813894,NO_RAW_BREAK_CROSSING,S0,UNIFORM,PROCESSED,0456cbe29fa6eb057ac7303ab38ada5b387a0f979cbb152c3ebed91d9de279a5
2962,99,0,0.0,,False,True,True,99,0,0,0,0,,EMPTY_DP_REFERENCE_DENOMINATOR,,,,,,,EMPTY_DP_REFERENCE,0,0,True,1,1,0,0,0,0,5.941451998813894,,,EMPTY_OUTPUT,RAW_WINDOWS_DT30_DISTANCE400_V1,99,0,99,0.0,,0,,,,NO_COVERED_RAW_POINTS,0,5,5.21136325887183e-10,0,0,0,0,1,0,5.941451998813894,NO_RAW_BREAK_CROSSING,G0,TIME_REGULAR,ALL_FILTERED,0ecec3ed75b94d3dd1b8a9d566bedb02362f267aae91090d6b199c665f412948
2962,99,2,0.020202020202020204,,True,False,False,0,0,97,99,2,0.9797979797979798,,1.1118288348846301,0.7254413880800437,0.9317585106174555,1.1017784114232605,1.1118288348846301,1.1118288348846301,,99,0,True,1,0,0,99,0,0,5.941451998813894,,5.05555930358451,,RAW_WINDOWS_DT30_DISTANCE400_V1,99,99,0,1.0,,99,1.1118288348846301,0.7254413880800437,1.1118288348846301,,0,5,5.21136325887183e-10,0,0,0,0,1,1,5.941451998813894,NO_RAW_BREAK_CROSSING,S0_G0,TIME_REGULAR,PROCESSED,3c3c4ae8fdd47799aaed7580af5ef704e4673dd0017e15cf79f9de65c80ceeef
3802,97,0,0.0,,False,True,True,97,0,0,0,0,,EMPTY_DP_REFERENCE_DENOMINATOR,,,,,,,EMPTY_DP_REFERENCE,0,0,True,1,1,0,0,0,0,5.5019853392501865,,,EMPTY_OUTPUT,RAW_WINDOWS_DT30_DISTANCE400_V1,97,0,97,0.0,,0,,,,NO_COVERED_RAW_POINTS,0,5,1.2177776892892036e-10,0,0,0,0,1,0,5.5019853392501865,NO_RAW_BREAK_CROSSING,R0,UNIFORM,ALL_FILTERED,b9ca9f8425a8f9bf29feeee2710c405d750a852acd39bf38f144baa9c2224943
3802,97,2,0.020618556701030927,,True,False,False,0,0,95,97,2,0.979381443298969,,0.43326574011064334,0.16526635358741318,0.14442156602654646,0.34661271075725486,0.43326574011064334,0.43326574011064334,,97,0,True,1,0,0,97,0,0,5.5019853392501865,,5.113925145592666,,RAW_WINDOWS_DT30_DISTANCE400_V1,97,97,0,1.0,,97,0.43326574011064334,0.16526635358741318,0.43326574011064334,,0,5,1.2177776892892036e-10,0,0,0,0,1,1,5.5019853392501865,NO_RAW_BREAK_CROSSING,S0,UNIFORM,PROCESSED,d83634bedd6c1041b4128038413763d160b5d79f2afd5ddb6c4f891cc701bdce
3802,97,0,0.0,,False,True,True,97,0,0,0,0,,EMPTY_DP_REFERENCE_DENOMINATOR,,,,,,,EMPTY_DP_REFERENCE,0,0,True,1,1,0,0,0,0,5.5019853392501865,,,EMPTY_OUTPUT,RAW_WINDOWS_DT30_DISTANCE400_V1,97,0,97,0.0,,0,,,,NO_COVERED_RAW_POINTS,0,5,1.2177776892892036e-10,0,0,0,0,1,0,5.5019853392501865,NO_RAW_BREAK_CROSSING,G0,TIME_REGULAR,ALL_FILTERED,ffb3e82d49f3f21eb32d953c5e21928fcf629b85c94e5d4892e32dea86b12d52
3802,97,2,0.020618556701030927,,True,False,False,0,0,95,97,2,0.979381443298969,,0.43326574011064334,0.16526635358741318,0.14442156602654646,0.34661271075725486,0.43326574011064334,0.43326574011064334,,97,0,True,1,0,0,97,0,0,5.5019853392501865,,5.113925145592666,,RAW_WINDOWS_DT30_DISTANCE400_V1,97,97,0,1.0,,97,0.43326574011064334,0.16526635358741318,0.43326574011064334,,0,5,1.2177776892892036e-10,0,0,0,0,1,1,5.5019853392501865,NO_RAW_BREAK_CROSSING,S0_G0,TIME_REGULAR,PROCESSED,375c3f780e9c4535c9bc160a45305d3a6f63d78440aede8e753febd65944ec7b
10993,99,0,0.0,,False,True,True,99,0,0,0,0,,EMPTY_DP_REFERENCE_DENOMINATOR,,,,,,,EMPTY_DP_REFERENCE,0,0,True,1,1,0,0,0,0,11.154363361524513,,,EMPTY_OUTPUT,RAW_WINDOWS_DT30_DISTANCE400_V1,99,0,99,0.0,,0,,,,NO_COVERED_RAW_POINTS,0,5,2.229684010246589e-10,0,0,0,0,1,0,11.154363361524513,NO_RAW_BREAK_CROSSING,R0,UNIFORM,ALL_FILTERED,f5a8c1f20e41f8107b51964fbba00f5cdc060b6e3e6eac185f0c2467d27021b2
10993,99,2,0.020202020202020204,,True,False,False,0,0,97,99,2,0.9797979797979798,,2.413362769151749,1.3032410720407308,1.4182368051449545,2.101056761955651,2.413362769151749,2.413362769151749,,99,0,True,1,0,0,99,0,0,11.154363361524513,,6.664076182360598,,RAW_WINDOWS_DT30_DISTANCE400_V1,99,99,0,1.0,,99,2.413362769151749,1.3032410720407308,2.413362769151749,,0,5,2.229684010246589e-10,0,0,0,0,1,1,11.154363361524513,NO_RAW_BREAK_CROSSING,S0,UNIFORM,PROCESSED,b82720c64dba56689351023625077ce3175c4593948bd67ed89d835eb020ace0
10993,99,0,0.0,,False,True,True,99,0,0,0,0,,EMPTY_DP_REFERENCE_DENOMINATOR,,,,,,,EMPTY_DP_REFERENCE,0,0,True,1,1,0,0,0,0,11.154363361524513,,,EMPTY_OUTPUT,RAW_WINDOWS_DT30_DISTANCE400_V1,99,0,99,0.0,,0,,,,NO_COVERED_RAW_POINTS,0,5,2.229684010246589e-10,0,0,0,0,1,0,11.154363361524513,NO_RAW_BREAK_CROSSING,G0,TIME_REGULAR,ALL_FILTERED,20ee43caacab56d141c3d88ea0e2792f5e1ce43e6fec9a66d85827d1c766279b
10993,99,2,0.020202020202020204,,True,False,False,0,0,97,99,2,0.9797979797979798,,2.413362769151749,1.3032410720407308,1.4182368051449545,2.101056761955651,2.413362769151749,2.413362769151749,,99,0,True,1,0,0,99,0,0,11.154363361524513,,6.664076182360598,,RAW_WINDOWS_DT30_DISTANCE400_V1,99,99,0,1.0,,99,2.413362769151749,1.3032410720407308,2.413362769151749,,0,5,2.229684010246589e-10,0,0,0,0,1,1,11.154363361524513,NO_RAW_BREAK_CROSSING,S0_G0,TIME_REGULAR,PROCESSED,f08ae6df286399c5959fdde95dae67685203441b0f958ea04530b9174bd139c2
8697,99,0,0.0,,False,True,True,99,0,0,0,0,,EMPTY_DP_REFERENCE_DENOMINATOR,,,,,,,EMPTY_DP_REFERENCE,0,0,True,1,1,0,0,0,0,10.352188333057617,,,EMPTY_OUTPUT,RAW_WINDOWS_DT30_DISTANCE400_V1,99,0,99,0.0,,0,,,,NO_COVERED_RAW_POINTS,0,5,1.2436127220508026e-10,0,0,0,0,1,0,10.352188333057617,NO_RAW_BREAK_CROSSING,R0,UNIFORM,ALL_FILTERED,b9914b6be7236618ad2cfe727039c2231b4f0939451fbf056104ea0a1a2925bd
8697,99,2,0.020202020202020204,,True,False,False,0,0,97,99,2,0.9797979797979798,,1.820826102767347,0.8731147867429441,0.9104130602930145,1.4946060213794496,1.820826102767347,1.820826102767347,,99,0,True,1,0,0,99,0,0,10.352188333057617,,4.425457790574916,,RAW_WINDOWS_DT30_DISTANCE400_V1,99,99,0,1.0,,99,1.820826102767347,0.8731147867429441,1.820826102767347,,0,5,1.2436127220508026e-10,0,0,0,0,1,1,10.352188333057617,NO_RAW_BREAK_CROSSING,S0,UNIFORM,PROCESSED,53f50a0918060f1c7e80af605ceb48d2d40f10d3ed70594c16bf64546b315c6b
8697,99,0,0.0,,False,True,True,99,0,0,0,0,,EMPTY_DP_REFERENCE_DENOMINATOR,,,,,,,EMPTY_DP_REFERENCE,0,0,True,1,1,0,0,0,0,10.352188333057617,,,EMPTY_OUTPUT,RAW_WINDOWS_DT30_DISTANCE400_V1,99,0,99,0.0,,0,,,,NO_COVERED_RAW_POINTS,0,5,1.2436127220508026e-10,0,0,0,0,1,0,10.352188333057617,NO_RAW_BREAK_CROSSING,G0,TIME_REGULAR,ALL_FILTERED,25c91040c1c974b67dfa2ec076be09d26d5e71e43589ca496fbe72a70857fb9d
8697,99,2,0.020202020202020204,,True,False,False,0,0,97,99,2,0.9797979797979798,,1.820826102767347,0.8731147867429441,0.9104130602930145,1.4946060213794496,1.820826102767347,1.820826102767347,,99,0,True,1,0,0,99,0,0,10.352188333057617,,4.425457790574916,,RAW_WINDOWS_DT30_DISTANCE400_V1,99,99,0,1.0,,99,1.820826102767347,0.8731147867429441,1.820826102767347,,0,5,1.2436127220508026e-10,0,0,0,0,1,1,10.352188333057617,NO_RAW_BREAK_CROSSING,S0_G0,TIME_REGULAR,PROCESSED,f89d8e811dff6897409b36ea11e2c4f67e2156754a7ea3731a6fb6931d60331e
2773,100,0,0.0,,False,True,True,100,0,0,0,0,,EMPTY_DP_REFERENCE_DENOMINATOR,,,,,,,EMPTY_DP_REFERENCE,0,0,True,1,1,0,0,0,0,1.8546161209606904,,,EMPTY_OUTPUT,RAW_WINDOWS_DT30_DISTANCE400_V1,100,0,100,0.0,,0,,,,NO_COVERED_RAW_POINTS,0,5,3.4745150346823776e-10,0,0,0,0,1,0,1.8546161209606904,NO_RAW_BREAK_CROSSING,R0,UNIFORM,ALL_FILTERED,353f85f585691092d650b398b8cc2030a8874b74b9ab24b9f22df65bf587fb1c
2773,100,2,0.02,,True,False,False,0,0,98,100,2,0.98,,0.17446528672300593,0.0746969846724855,0.05169338728500678,0.15120324527212364,0.17446528672300593,0.17446528672300593,,100,0,True,1,0,0,100,0,0,1.8546161209606904,,1.6363555816616306,,RAW_WINDOWS_DT30_DISTANCE400_V1,100,100,0,1.0,,100,0.17446528672300593,0.0746969846724855,0.17446528672300593,,0,5,3.4745150346823776e-10,0,0,0,0,1,1,1.8546161209606904,NO_RAW_BREAK_CROSSING,S0,UNIFORM,PROCESSED,b010805ff9cc55dd9e5c23d7cbf96a05b359b4bc1250780e5ad8187f91564acf
2773,100,0,0.0,,False,True,True,100,0,0,0,0,,EMPTY_DP_REFERENCE_DENOMINATOR,,,,,,,EMPTY_DP_REFERENCE,0,0,True,1,1,0,0,0,0,1.8546161209606904,,,EMPTY_OUTPUT,RAW_WINDOWS_DT30_DISTANCE400_V1,100,0,100,0.0,,0,,,,NO_COVERED_RAW_POINTS,0,5,3.4745150346823776e-10,0,0,0,0,1,0,1.8546161209606904,NO_RAW_BREAK_CROSSING,G0,TIME_REGULAR,ALL_FILTERED,07de278927a59a1b483e382099b28b08d5cd5116130463c847afd0f14f7c9f5b
2773,100,2,0.02,,True,False,False,0,0,98,100,2,0.98,,0.17446528672300593,0.0746969846724855,0.05169338728500678,0.15120324527212364,0.17446528672300593,0.17446528672300593,,100,0,True,1,0,0,100,0,0,1.8546161209606904,,1.6363555816616306,,RAW_WINDOWS_DT30_DISTANCE400_V1,100,100,0,1.0,,100,0.17446528672300593,0.0746969846724855,0.17446528672300593,,0,5,3.4745150346823776e-10,0,0,0,0,1,1,1.8546161209606904,NO_RAW_BREAK_CROSSING,S0_G0,TIME_REGULAR,PROCESSED,82c4b73e406529b73c6d4f6685b1f77e9d2c157cc916e6999ec91ba539409f30
10268,100,0,0.0,,False,True,True,100,0,0,0,0,,EMPTY_DP_REFERENCE_DENOMINATOR,,,,,,,EMPTY_DP_REFERENCE,0,0,True,1,1,0,0,0,0,0.47734512905005155,,,EMPTY_OUTPUT,RAW_WINDOWS_DT30_DISTANCE400_V1,100,0,100,0.0,,0,,,,NO_COVERED_RAW_POINTS,0,5,5.057528917490529e-10,0,0,0,0,1,0,0.47734512905005155,NO_RAW_BREAK_CROSSING,R0,UNIFORM,ALL_FILTERED,2ad153ad2d8eb97540778282499087f6fce99fe1dd4835764d26abfaf45dcc42
10268,100,2,0.02,,True,False,False,0,0,98,100,2,0.98,,0.19093805154825086,0.09546902577412544,0.09546902577412543,0.19093805154825086,0.19093805154825086,0.19093805154825086,,100,0,True,1,0,0,100,0,0,0.47734512905005155,,0.09546902595354984,,RAW_WINDOWS_DT30_DISTANCE400_V1,100,100,0,1.0,,100,0.19093805154825086,0.09546902577412544,0.19093805154825086,,0,5,5.057528917490529e-10,0,0,0,0,1,1,0.47734512905005155,NO_RAW_BREAK_CROSSING,S0,UNIFORM,PROCESSED,4cd4ff0570f2262b670cfd3c73a493fdb6e923d646186d3605ace531102de70b
10268,100,0,0.0,,False,True,True,100,0,0,0,0,,EMPTY_DP_REFERENCE_DENOMINATOR,,,,,,,EMPTY_DP_REFERENCE,0,0,True,1,1,0,0,0,0,0.47734512905005155,,,EMPTY_OUTPUT,RAW_WINDOWS_DT30_DISTANCE400_V1,100,0,100,0.0,,0,,,,NO_COVERED_RAW_POINTS,0,5,5.057528917490529e-10,0,0,0,0,1,0,0.47734512905005155,NO_RAW_BREAK_CROSSING,G0,TIME_REGULAR,ALL_FILTERED,8b69edfcfe4d11f888ba9182b5b0a5a24a63f46d2d00a1ba9cbddd239a7cb963
10268,100,2,0.02,,True,False,False,0,0,98,100,2,0.98,,0.19093805154825086,0.09546902577412544,0.09546902577412543,0.19093805154825086,0.19093805154825086,0.19093805154825086,,100,0,True,1,0,0,100,0,0,0.47734512905005155,,0.09546902595354984,,RAW_WINDOWS_DT30_DISTANCE400_V1,100,100,0,1.0,,100,0.19093805154825086,0.09546902577412544,0.19093805154825086,,0,5,5.057528917490529e-10,0,0,0,0,1,1,0.47734512905005155,NO_RAW_BREAK_CROSSING,S0_G0,TIME_REGULAR,PROCESSED,1e6dd796bcdff2750402a40998da1e7554c05e3f4c6d032adfd48c3d24da7ca8
10218,100,0,0.0,,False,True,True,100,0,0,0,0,,EMPTY_DP_REFERENCE_DENOMINATOR,,,,,,,EMPTY_DP_REFERENCE,0,0,True,1,1,0,0,0,0,9.463651573506644,,,EMPTY_OUTPUT,RAW_WINDOWS_DT30_DISTANCE400_V1,100,0,100,0.0,,0,,,,NO_COVERED_RAW_POINTS,0,5,5.52402587539318e-10,0,0,0,0,1,0,9.463651573506644,NO_RAW_BREAK_CROSSING,R0,UNIFORM,ALL_FILTERED,1e02de4be88b99899f50c1d3d3d0a4c2d2aab1a51ebebd06cb665a0a8b5d78b4
10218,100,2,0.02,,True,False,False,0,0,98,100,2,0.98,,0.6042741783735825,0.2695803785576343,0.27007390402263987,0.5143731358927655,0.6042741783735825,0.6042741783735825,,100,0,True,1,0,0,100,0,0,9.463651573506644,,8.585468451908644,,RAW_WINDOWS_DT30_DISTANCE400_V1,100,100,0,1.0,,100,0.6042741783735825,0.2695803785576343,0.6042741783735825,,0,5,5.52402587539318e-10,0,0,0,0,1,1,9.463651573506644,NO_RAW_BREAK_CROSSING,S0,UNIFORM,PROCESSED,9e552f24e7b6c23afb50d57061471c935d2273dd7d4be4fe7da6e61d0832f2b0
10218,100,0,0.0,,False,True,True,100,0,0,0,0,,EMPTY_DP_REFERENCE_DENOMINATOR,,,,,,,EMPTY_DP_REFERENCE,0,0,True,1,1,0,0,0,0,9.463651573506644,,,EMPTY_OUTPUT,RAW_WINDOWS_DT30_DISTANCE400_V1,100,0,100,0.0,,0,,,,NO_COVERED_RAW_POINTS,0,5,5.52402587539318e-10,0,0,0,0,1,0,9.463651573506644,NO_RAW_BREAK_CROSSING,G0,TIME_REGULAR,ALL_FILTERED,7f0ba364b9a49e4927a302cd74457b3154ac1cbbced2ebd535bf7b416e504015
10218,100,2,0.02,,True,False,False,0,0,98,100,2,0.98,,0.6042741783735825,0.2695803785576343,0.27007390402263987,0.5143731358927655,0.6042741783735825,0.6042741783735825,,100,0,True,1,0,0,100,0,0,9.463651573506644,,8.585468451908644,,RAW_WINDOWS_DT30_DISTANCE400_V1,100,100,0,1.0,,100,0.6042741783735825,0.2695803785576343,0.6042741783735825,,0,5,5.52402587539318e-10,0,0,0,0,1,1,9.463651573506644,NO_RAW_BREAK_CROSSING,S0_G0,TIME_REGULAR,PROCESSED,9feb4e2265174352af4063601e9f68dfa9fc1eb560bf930d37596c41fcd58f44
6575,100,0,0.0,,False,True,True,100,0,0,0,0,,EMPTY_DP_REFERENCE_DENOMINATOR,,,,,,,EMPTY_DP_REFERENCE,0,0,True,1,1,0,0,0,0,0.5234231958023983,,,EMPTY_OUTPUT,RAW_WINDOWS_DT30_DISTANCE400_V1,100,0,100,0.0,,0,,,,NO_COVERED_RAW_POINTS,0,5,4.069210181538349e-10,0,0,0,0,1,0,0.5234231958023983,NO_RAW_BREAK_CROSSING,R0,UNIFORM,ALL_FILTERED,4676fbceee775e7c40b53fa0b163a27e523f758baf999d7fd455310fcbd42b48
6575,100,2,0.02,,True,False,False,0,0,98,100,2,0.98,,0.11034049018751127,0.01655107365265862,0.0,0.060687270723919044,0.11034049018751127,0.11034049018751127,,100,0,True,1,0,0,100,0,0,0.5234231958023983,,0.38345771430277215,,RAW_WINDOWS_DT30_DISTANCE400_V1,100,100,0,1.0,,100,0.11034049018751127,0.01655107365265862,0.11034049018751127,,0,5,4.069210181538349e-10,0,0,0,0,1,1,0.5234231958023983,NO_RAW_BREAK_CROSSING,S0,UNIFORM,PROCESSED,e5e49d780e794e9c92710352961d976f0401c737e141ad2c192fc6e858bb3b74
6575,100,0,0.0,,False,True,True,100,0,0,0,0,,EMPTY_DP_REFERENCE_DENOMINATOR,,,,,,,EMPTY_DP_REFERENCE,0,0,True,1,1,0,0,0,0,0.5234231958023983,,,EMPTY_OUTPUT,RAW_WINDOWS_DT30_DISTANCE400_V1,100,0,100,0.0,,0,,,,NO_COVERED_RAW_POINTS,0,5,4.069210181538349e-10,0,0,0,0,1,0,0.5234231958023983,NO_RAW_BREAK_CROSSING,G0,TIME_REGULAR,ALL_FILTERED,3920051d7f9c5b3f183de4c6b5bbec78451c9fdc499e231eec364857b102b842
6575,100,2,0.02,,True,False,False,0,0,98,100,2,0.98,,0.11034049018751127,0.01655107365265862,0.0,0.060687270723919044,0.11034049018751127,0.11034049018751127,,100,0,True,1,0,0,100,0,0,0.5234231958023983,,0.38345771430277215,,RAW_WINDOWS_DT30_DISTANCE400_V1,100,100,0,1.0,,100,0.11034049018751127,0.01655107365265862,0.11034049018751127,,0,5,4.069210181538349e-10,0,0,0,0,1,1,0.5234231958023983,NO_RAW_BREAK_CROSSING,S0_G0,TIME_REGULAR,PROCESSED,e60abfc4fdf7b9919413f3f8426297178a61af30e3576bca597afbceb5c02376
2570,99,0,0.0,,False,True,True,99,0,0,0,0,,EMPTY_DP_REFERENCE_DENOMINATOR,,,,,,,EMPTY_DP_REFERENCE,0,0,True,1,1,0,0,0,0,1.242073453264973,,,EMPTY_OUTPUT,RAW_WINDOWS_DT30_DISTANCE400_V1,99,0,99,0.0,,0,,,,NO_COVERED_RAW_POINTS,0,5,3.27616780145201e-10,0,0,0,0,1,0,1.242073453264973,NO_RAW_BREAK_CROSSING,R0,UNIFORM,ALL_FILTERED,24561ac650efbc8256fc98392c0d0011d03b57bec5f9f3f017a634ce827122cc
2570,99,2,0.020202020202020204,,True,False,False,0,0,97,99,2,0.9797979797979798,,0.14377608981638168,0.03872756579649654,0.0,0.10543579947224706,0.14377608981638168,0.14377608981638168,,99,0,True,1,0,0,99,0,0,1.242073453264973,,1.1029934717836234,,RAW_WINDOWS_DT30_DISTANCE400_V1,99,99,0,1.0,,99,0.14377608981638168,0.03872756579649654,0.14377608981638168,,0,5,3.27616780145201e-10,0,0,0,0,1,1,1.242073453264973,NO_RAW_BREAK_CROSSING,S0,UNIFORM,PROCESSED,67478270fe8806a7be768d27bb9954fc96faeeb34c8529951576c07891125a03
2570,99,0,0.0,,False,True,True,99,0,0,0,0,,EMPTY_DP_REFERENCE_DENOMINATOR,,,,,,,EMPTY_DP_REFERENCE,0,0,True,1,1,0,0,0,0,1.242073453264973,,,EMPTY_OUTPUT,RAW_WINDOWS_DT30_DISTANCE400_V1,99,0,99,0.0,,0,,,,NO_COVERED_RAW_POINTS,0,5,3.27616780145201e-10,0,0,0,0,1,0,1.242073453264973,NO_RAW_BREAK_CROSSING,G0,TIME_REGULAR,ALL_FILTERED,b051c2e448677ddf315e99b5b53c1a0149a7117fb7d8d670acc390b2381c3a86
2570,99,2,0.020202020202020204,,True,False,False,0,0,97,99,2,0.9797979797979798,,0.14377608981638168,0.03872756579649654,0.0,0.10543579947224706,0.14377608981638168,0.14377608981638168,,99,0,True,1,0,0,99,0,0,1.242073453264973,,1.1029934717836234,,RAW_WINDOWS_DT30_DISTANCE400_V1,99,99,0,1.0,,99,0.14377608981638168,0.03872756579649654,0.14377608981638168,,0,5,3.27616780145201e-10,0,0,0,0,1,1,1.242073453264973,NO_RAW_BREAK_CROSSING,S0_G0,TIME_REGULAR,PROCESSED,f2505be73611d991832e4c63b6d5789d3be481d46306145c396cdddf6a128288
10141,97,0,0.0,,False,True,True,97,0,0,0,0,,EMPTY_DP_REFERENCE_DENOMINATOR,,,,,,,EMPTY_DP_REFERENCE,0,0,True,1,1,0,0,0,0,0.7055270784177367,,,EMPTY_OUTPUT,RAW_WINDOWS_DT30_DISTANCE400_V1,97,0,97,0.0,,0,,,,NO_COVERED_RAW_POINTS,0,5,6.222427284683258e-10,0,0,0,0,1,0,0.7055270784177367,NO_RAW_BREAK_CROSSING,R0,UNIFORM,ALL_FILTERED,3e946c0da617f193b04ddcbea3e9762e268ea3375cdf2e30e57d5cc175f3e9d0
10141,97,2,0.020618556701030927,,True,False,False,0,0,95,97,2,0.979381443298969,,0.22173232694514325,0.04343210508690603,0.0,0.2217323250923596,0.22173232694514325,0.22173232694514325,,97,0,True,1,0,0,97,0,0,0.7055270784177367,,0.38217165664923836,,RAW_WINDOWS_DT30_DISTANCE400_V1,97,97,0,1.0,,97,0.22173232694514325,0.04343210508690603,0.22173232694514325,,0,5,6.222427284683258e-10,0,0,0,0,1,1,0.7055270784177367,NO_RAW_BREAK_CROSSING,S0,UNIFORM,PROCESSED,e34e84982837404d0bd2e2b5fb688e58f619135237ba3b59b090ddaea0df160f
10141,97,0,0.0,,False,True,True,97,0,0,0,0,,EMPTY_DP_REFERENCE_DENOMINATOR,,,,,,,EMPTY_DP_REFERENCE,0,0,True,1,1,0,0,0,0,0.7055270784177367,,,EMPTY_OUTPUT,RAW_WINDOWS_DT30_DISTANCE400_V1,97,0,97,0.0,,0,,,,NO_COVERED_RAW_POINTS,0,5,6.222427284683258e-10,0,0,0,0,1,0,0.7055270784177367,NO_RAW_BREAK_CROSSING,G0,TIME_REGULAR,ALL_FILTERED,80364a31898b6f5f801e140e9a729a49beee50f49b0c1ded696d932d7df306a6
10141,97,2,0.020618556701030927,,True,False,False,0,0,95,97,2,0.979381443298969,,0.22173232694514325,0.04343210508690603,0.0,0.2217323250923596,0.22173232694514325,0.22173232694514325,,97,0,True,1,0,0,97,0,0,0.7055270784177367,,0.38217165664923836,,RAW_WINDOWS_DT30_DISTANCE400_V1,97,97,0,1.0,,97,0.22173232694514325,0.04343210508690603,0.22173232694514325,,0,5,6.222427284683258e-10,0,0,0,0,1,1,0.7055270784177367,NO_RAW_BREAK_CROSSING,S0_G0,TIME_REGULAR,PROCESSED,33513b6f16cb2b44054533174013ba4c1dcf30539ac82503df244a6133cfcc96
2104,101,0,0.0,,False,True,True,101,0,0,0,0,,EMPTY_DP_REFERENCE_DENOMINATOR,,,,,,,EMPTY_DP_REFERENCE,0,0,True,1,1,0,0,0,0,11.250888799774778,,,EMPTY_OUTPUT,RAW_WINDOWS_DT30_DISTANCE400_V1,101,0,101,0.0,,0,,,,NO_COVERED_RAW_POINTS,0,5,3.367347451449303e-10,0,0,0,0,1,0,11.250888799774778,NO_RAW_BREAK_CROSSING,R0,UNIFORM,ALL_FILTERED,3c3f730728f4961fb0b2ed67b4280278b9bff54b3db0797bf0f6add34480c9ea
2104,101,2,0.019801980198019802,,True,False,False,0,0,99,101,2,0.9801980198019802,,2.393953090115666,1.333998338846301,1.3429496471324065,2.2479803011417614,2.393953090115666,2.393953090115666,,101,0,True,1,0,0,101,0,0,11.250888799774778,,7.232684475732546,,RAW_WINDOWS_DT30_DISTANCE400_V1,101,101,0,1.0,,101,2.393953090115666,1.333998338846301,2.393953090115666,,0,5,3.367347451449303e-10,0,0,0,0,1,1,11.250888799774778,NO_RAW_BREAK_CROSSING,S0,UNIFORM,PROCESSED,5282db86f99ab80d185a85d1a38e352e9139b8d403504d05039a2310a96b3bbf
2104,101,0,0.0,,False,True,True,101,0,0,0,0,,EMPTY_DP_REFERENCE_DENOMINATOR,,,,,,,EMPTY_DP_REFERENCE,0,0,True,1,1,0,0,0,0,11.250888799774778,,,EMPTY_OUTPUT,RAW_WINDOWS_DT30_DISTANCE400_V1,101,0,101,0.0,,0,,,,NO_COVERED_RAW_POINTS,0,5,3.367347451449303e-10,0,0,0,0,1,0,11.250888799774778,NO_RAW_BREAK_CROSSING,G0,TIME_REGULAR,ALL_FILTERED,003e648e981af22070a1d48766fd555a6e536584736b9303bdd61f048e49cc73
2104,101,2,0.019801980198019802,,True,False,False,0,0,99,101,2,0.9801980198019802,,2.393953090115666,1.333998338846301,1.3429496471324065,2.2479803011417614,2.393953090115666,2.393953090115666,,101,0,True,1,0,0,101,0,0,11.250888799774778,,7.232684475732546,,RAW_WINDOWS_DT30_DISTANCE400_V1,101,101,0,1.0,,101,2.393953090115666,1.333998338846301,2.393953090115666,,0,5,3.367347451449303e-10,0,0,0,0,1,1,11.250888799774778,NO_RAW_BREAK_CROSSING,S0_G0,TIME_REGULAR,PROCESSED,e4a49ff5905f35e12221a70f0ee32266ea2ee9f3c2136d66211a3b5234800f10
2425,99,0,0.0,,False,True,True,99,0,0,0,0,,EMPTY_DP_REFERENCE_DENOMINATOR,,,,,,,EMPTY_DP_REFERENCE,0,0,True,1,1,0,0,0,0,2.6948594136193686,,,EMPTY_OUTPUT,RAW_WINDOWS_DT30_DISTANCE400_V1,99,0,99,0.0,,0,,,,NO_COVERED_RAW_POINTS,0,5,3.435721183353394e-10,0,0,0,0,1,0,2.6948594136193686,NO_RAW_BREAK_CROSSING,R0,UNIFORM,ALL_FILTERED,6c83cd0b0d56b9286b126a12ea80e3007e483c9752dc86e2ec522ff34d48af7f
2425,99,2,0.020202020202020204,,True,False,False,0,0,97,99,2,0.9797979797979798,,0.8677294362612552,0.533131126384581,0.559090853563383,0.8677294362612552,0.8677294362612552,0.8677294362612552,,99,0,True,1,0,0,99,0,0,2.6948594136193686,,1.3049087742380066,,RAW_WINDOWS_DT30_DISTANCE400_V1,99,99,0,1.0,,99,0.8677294362612552,0.533131126384581,0.8677294362612552,,0,5,3.435721183353394e-10,0,0,0,0,1,1,2.6948594136193686,NO_RAW_BREAK_CROSSING,S0,UNIFORM,PROCESSED,1ee09e5d7db523361e5212ac1ad6c8ff180226af15c9a4b4461624f448f15ab4
2425,99,0,0.0,,False,True,True,99,0,0,0,0,,EMPTY_DP_REFERENCE_DENOMINATOR,,,,,,,EMPTY_DP_REFERENCE,0,0,True,1,1,0,0,0,0,2.6948594136193686,,,EMPTY_OUTPUT,RAW_WINDOWS_DT30_DISTANCE400_V1,99,0,99,0.0,,0,,,,NO_COVERED_RAW_POINTS,0,5,3.435721183353394e-10,0,0,0,0,1,0,2.6948594136193686,NO_RAW_BREAK_CROSSING,G0,TIME_REGULAR,ALL_FILTERED,e2df807ef2d054c257a5d716b2966adfb66ae3a0af806e27dbd33c7465de9904
2425,99,2,0.020202020202020204,,True,False,False,0,0,97,99,2,0.9797979797979798,,0.8677294362612552,0.533131126384581,0.559090853563383,0.8677294362612552,0.8677294362612552,0.8677294362612552,,99,0,True,1,0,0,99,0,0,2.6948594136193686,,1.3049087742380066,,RAW_WINDOWS_DT30_DISTANCE400_V1,99,99,0,1.0,,99,0.8677294362612552,0.533131126384581,0.8677294362612552,,0,5,3.435721183353394e-10,0,0,0,0,1,1,2.6948594136193686,NO_RAW_BREAK_CROSSING,S0_G0,TIME_REGULAR,PROCESSED,103c62572420b72039b1930c04fec35a4031d3ff3db4af28b050cab82f2c9bf7
2162,98,0,0.0,,False,True,True,98,0,0,0,0,,EMPTY_DP_REFERENCE_DENOMINATOR,,,,,,,EMPTY_DP_REFERENCE,0,0,True,1,1,0,0,0,0,1.499933383047664,,,EMPTY_OUTPUT,RAW_WINDOWS_DT30_DISTANCE400_V1,98,0,98,0.0,,0,,,,NO_COVERED_RAW_POINTS,0,5,1.1165153102695255e-10,0,0,0,0,1,0,1.499933383047664,NO_RAW_BREAK_CROSSING,R0,UNIFORM,ALL_FILTERED,205869d858cc2fab420bec1129ae31be5470b524c345f57c1f1f79b018c5460c
2162,98,2,0.02040816326530612,,True,False,False,0,0,96,98,2,0.9795918367346939,,0.1622410807469885,0.050848154161006645,0.011588655844714805,0.13790492098272192,0.1622410807469885,0.1622410807469885,,98,0,True,1,0,0,98,0,0,1.499933383047664,,0.9103302003115198,,RAW_WINDOWS_DT30_DISTANCE400_V1,98,98,0,1.0,,98,0.1622410807469885,0.050848154161006645,0.1622410807469885,,0,5,1.1165153102695255e-10,0,0,0,0,1,1,1.499933383047664,NO_RAW_BREAK_CROSSING,S0,UNIFORM,PROCESSED,1ed052401d76ba2b4919fea44f18c9e14117304d779593476b7a79061b05af46
2162,98,0,0.0,,False,True,True,98,0,0,0,0,,EMPTY_DP_REFERENCE_DENOMINATOR,,,,,,,EMPTY_DP_REFERENCE,0,0,True,1,1,0,0,0,0,1.499933383047664,,,EMPTY_OUTPUT,RAW_WINDOWS_DT30_DISTANCE400_V1,98,0,98,0.0,,0,,,,NO_COVERED_RAW_POINTS,0,5,1.1165153102695255e-10,0,0,0,0,1,0,1.499933383047664,NO_RAW_BREAK_CROSSING,G0,TIME_REGULAR,ALL_FILTERED,2a4b20fc6d398345d5b2a14180e1d6c6760a756604572b38ed806acb807d4d45
2162,98,2,0.02040816326530612,,True,False,False,0,0,96,98,2,0.9795918367346939,,0.1622410807469885,0.050848154161006645,0.011588655844714805,0.13790492098272192,0.1622410807469885,0.1622410807469885,,98,0,True,1,0,0,98,0,0,1.499933383047664,,0.9103302003115198,,RAW_WINDOWS_DT30_DISTANCE400_V1,98,98,0,1.0,,98,0.1622410807469885,0.050848154161006645,0.1622410807469885,,0,5,1.1165153102695255e-10,0,0,0,0,1,1,1.499933383047664,NO_RAW_BREAK_CROSSING,S0_G0,TIME_REGULAR,PROCESSED,02e80f22d24c75422eae23f9230ac455263a7ad6971d204394605c8ef6ad8f0e
9921,98,0,0.0,,False,True,True,98,0,0,0,0,,EMPTY_DP_REFERENCE_DENOMINATOR,,,,,,,EMPTY_DP_REFERENCE,0,0,True,1,1,0,0,0,0,15.80575805072418,,,EMPTY_OUTPUT,RAW_WINDOWS_DT30_DISTANCE400_V1,98,0,98,0.0,,0,,,,NO_COVERED_RAW_POINTS,0,5,9.297276317356718e-11,0,0,0,0,1,0,15.80575805072418,NO_RAW_BREAK_CROSSING,R0,UNIFORM,ALL_FILTERED,c52c352aa99e7b5d4d1da591b77279fb88f4efbacb2d4a2c670227e190cc6750
9921,98,2,0.02040816326530612,,True,False,False,0,0,96,98,2,0.9795918367346939,,1.88488634413651,0.6339500537467692,0.4625773335489469,1.4512231380562743,1.6242073686203842,1.88488634413651,,98,0,True,1,0,0,98,0,0,15.80575805072418,,2.9076536408325486,,RAW_WINDOWS_DT30_DISTANCE400_V1,98,98,0,1.0,,98,1.88488634413651,0.6339500537467692,1.6242073686203842,,0,5,9.297276317356718e-11,0,0,0,0,1,1,15.80575805072418,NO_RAW_BREAK_CROSSING,S0,UNIFORM,PROCESSED,4af3d2bc22aca093ab42190981f114a9025e9be244390ca994502da13e9ba508
9921,98,0,0.0,,False,True,True,98,0,0,0,0,,EMPTY_DP_REFERENCE_DENOMINATOR,,,,,,,EMPTY_DP_REFERENCE,0,0,True,1,1,0,0,0,0,15.80575805072418,,,EMPTY_OUTPUT,RAW_WINDOWS_DT30_DISTANCE400_V1,98,0,98,0.0,,0,,,,NO_COVERED_RAW_POINTS,0,5,9.297276317356718e-11,0,0,0,0,1,0,15.80575805072418,NO_RAW_BREAK_CROSSING,G0,TIME_REGULAR,ALL_FILTERED,a0167a0a591e3cbfbea3646ffe68929b9f571c275961bf2d794b1010b5f16a42
9921,98,2,0.02040816326530612,,True,False,False,0,0,96,98,2,0.9795918367346939,,1.88488634413651,0.6339500537467692,0.4625773335489469,1.4512231380562743,1.6242073686203842,1.88488634413651,,98,0,True,1,0,0,98,0,0,15.80575805072418,,2.9076536408325486,,RAW_WINDOWS_DT30_DISTANCE400_V1,98,98,0,1.0,,98,1.88488634413651,0.6339500537467692,1.6242073686203842,,0,5,9.297276317356718e-11,0,0,0,0,1,1,15.80575805072418,NO_RAW_BREAK_CROSSING,S0_G0,TIME_REGULAR,PROCESSED,ca4411831e375b3acb0bc11fc832b4f24b9fb021b1945ddfc11fd1ce820ffea9
5276,99,0,0.0,,False,True,True,99,0,0,0,0,,EMPTY_DP_REFERENCE_DENOMINATOR,,,,,,,EMPTY_DP_REFERENCE,0,0,True,2,2,0,0,0,0,2.207410104323066,,,EMPTY_OUTPUT,RAW_WINDOWS_DT30_DISTANCE400_V1,99,0,99,0.0,,0,,,,NO_COVERED_RAW_POINTS,0,5,6.022764228842592e-10,1,0,0,2,2,0,1.9856664206552097,NO_RAW_BREAK_CROSSING,R0,UNIFORM,ALL_FILTERED,05717ce59e5c1a0724362d9e5746baa347e00b601eeadb4b721cc5f9ba392b98
5276,99,4,0.04040404040404041,,True,False,False,0,0,95,99,4,0.9595959595959596,,0.30778330147526073,0.192562828689632,0.2512516734716114,0.28768315002910905,0.30778330147526073,0.30778330147526073,,99,0,True,2,0,0,99,0,0,2.207410104323066,,1.6826918893397222,,RAW_WINDOWS_DT30_DISTANCE400_V1,99,99,0,1.0,,99,0.30778330147526073,0.192562828689632,0.30778330147526073,,0,5,6.022764228842592e-10,1,0,0,0,2,2,1.9856664206552097,NO_RAW_BREAK_CROSSING,S0,UNIFORM,PROCESSED,72f53dc6e6a7c544830aed547fd0d13cd8daa083ee61a338293d07680eb20764
5276,99,0,0.0,,False,True,True,99,0,0,0,0,,EMPTY_DP_REFERENCE_DENOMINATOR,,,,,,,EMPTY_DP_REFERENCE,0,0,True,2,2,0,0,0,0,2.207410104323066,,,EMPTY_OUTPUT,RAW_WINDOWS_DT30_DISTANCE400_V1,99,0,99,0.0,,0,,,,NO_COVERED_RAW_POINTS,0,5,6.022764228842592e-10,1,0,0,2,2,0,1.9856664206552097,NO_RAW_BREAK_CROSSING,G0,TIME_FLAGGED_OR_UNAVAILABLE,ALL_FILTERED,05717ce59e5c1a0724362d9e5746baa347e00b601eeadb4b721cc5f9ba392b98
5276,99,4,0.04040404040404041,,True,False,False,0,0,95,99,4,0.9595959595959596,,0.30778330147526073,0.192562828689632,0.2512516734716114,0.28768315002910905,0.30778330147526073,0.30778330147526073,,99,0,True,2,0,0,99,0,0,2.207410104323066,,1.6826918893397222,,RAW_WINDOWS_DT30_DISTANCE400_V1,99,99,0,1.0,,99,0.30778330147526073,0.192562828689632,0.30778330147526073,,0,5,6.022764228842592e-10,1,0,0,0,2,2,1.9856664206552097,NO_RAW_BREAK_CROSSING,S0_G0,TIME_FLAGGED_OR_UNAVAILABLE,PROCESSED,72f53dc6e6a7c544830aed547fd0d13cd8daa083ee61a338293d07680eb20764
9232,100,0,0.0,,False,True,True,100,0,0,0,0,,EMPTY_DP_REFERENCE_DENOMINATOR,,,,,,,EMPTY_DP_REFERENCE,0,0,True,1,1,0,0,0,0,4.655413568456821,,,EMPTY_OUTPUT,RAW_WINDOWS_DT30_DISTANCE400_V1,100,0,100,0.0,,0,,,,NO_COVERED_RAW_POINTS,0,5,1.255966719081775e-10,0,0,0,0,1,0,4.655413568456821,NO_RAW_BREAK_CROSSING,R0,UNIFORM,ALL_FILTERED,122b685224afb301b6affea81f89675a66934fab87c21a53f5e2f594dbf53444
9232,100,2,0.02,,True,False,False,0,0,98,100,2,0.98,,0.4822982022391412,0.18947426331012907,0.22392419694944327,0.3582785002766704,0.4822982022391412,0.4822982022391412,,100,0,True,1,0,0,100,0,0,4.655413568456821,,3.367735111599779,,RAW_WINDOWS_DT30_DISTANCE400_V1,100,100,0,1.0,,100,0.4822982022391412,0.18947426331012907,0.4822982022391412,,0,5,1.255966719081775e-10,0,0,0,0,1,1,4.655413568456821,NO_RAW_BREAK_CROSSING,S0,UNIFORM,PROCESSED,05af10e24044684706836830f087ca06d9b2b25f5da32fb6ddd8ba0d70a3cdcf
9232,100,0,0.0,,False,True,True,100,0,0,0,0,,EMPTY_DP_REFERENCE_DENOMINATOR,,,,,,,EMPTY_DP_REFERENCE,0,0,True,1,1,0,0,0,0,4.655413568456821,,,EMPTY_OUTPUT,RAW_WINDOWS_DT30_DISTANCE400_V1,100,0,100,0.0,,0,,,,NO_COVERED_RAW_POINTS,0,5,1.255966719081775e-10,0,0,0,0,1,0,4.655413568456821,NO_RAW_BREAK_CROSSING,G0,TIME_FLAGGED_OR_UNAVAILABLE,ALL_FILTERED,122b685224afb301b6affea81f89675a66934fab87c21a53f5e2f594dbf53444
9232,100,2,0.02,,True,False,False,0,0,98,100,2,0.98,,0.4822982022391412,0.18947426331012907,0.22392419694944327,0.3582785002766704,0.4822982022391412,0.4822982022391412,,100,0,True,1,0,0,100,0,0,4.655413568456821,,3.367735111599779,,RAW_WINDOWS_DT30_DISTANCE400_V1,100,100,0,1.0,,100,0.4822982022391412,0.18947426331012907,0.4822982022391412,,0,5,1.255966719081775e-10,0,0,0,0,1,1,4.655413568456821,NO_RAW_BREAK_CROSSING,S0_G0,TIME_FLAGGED_OR_UNAVAILABLE,PROCESSED,05af10e24044684706836830f087ca06d9b2b25f5da32fb6ddd8ba0d70a3cdcf
4480,96,0,0.0,,False,True,True,96,0,0,0,0,,EMPTY_DP_REFERENCE_DENOMINATOR,,,,,,,EMPTY_DP_REFERENCE,0,0,True,2,2,0,0,0,0,5.1068625691763145,,,EMPTY_OUTPUT,RAW_WINDOWS_DT30_DISTANCE400_V1,96,0,96,0.0,,0,,,,NO_COVERED_RAW_POINTS,0,5,3.5210365878260905e-10,1,0,0,2,2,0,4.88511388148433,NO_RAW_BREAK_CROSSING,R0,UNIFORM,ALL_FILTERED,a7f8118c5902839b61c96f3603831be254e32cda931020f081c2a6379be4574a
4480,96,4,0.041666666666666664,,True,False,False,0,0,92,96,4,0.9583333333333334,,0.2754532410259111,0.07532471236042268,0.058847630735382635,0.21098546446625693,0.2754532410259111,0.2754532410259111,,96,0,True,2,0,0,96,0,0,5.1068625691763145,,4.7926416138972705,,RAW_WINDOWS_DT30_DISTANCE400_V1,96,96,0,1.0,,96,0.2754532410259111,0.07532471236042268,0.2754532410259111,,0,5,3.5210365878260905e-10,1,0,0,0,2,2,4.88511388148433,NO_RAW_BREAK_CROSSING,S0,UNIFORM,PROCESSED,62ca17e247d7417feb81c14945a6b7d0d0a1d47ad0120dbe295d2deb90d60ecf
4480,96,0,0.0,,False,True,True,96,0,0,0,0,,EMPTY_DP_REFERENCE_DENOMINATOR,,,,,,,EMPTY_DP_REFERENCE,0,0,True,2,2,0,0,0,0,5.1068625691763145,,,EMPTY_OUTPUT,RAW_WINDOWS_DT30_DISTANCE400_V1,96,0,96,0.0,,0,,,,NO_COVERED_RAW_POINTS,0,5,3.5210365878260905e-10,1,0,0,2,2,0,4.88511388148433,NO_RAW_BREAK_CROSSING,G0,TIME_FLAGGED_OR_UNAVAILABLE,ALL_FILTERED,a7f8118c5902839b61c96f3603831be254e32cda931020f081c2a6379be4574a
4480,96,4,0.041666666666666664,,True,False,False,0,0,92,96,4,0.9583333333333334,,0.2754532410259111,0.07532471236042268,0.058847630735382635,0.21098546446625693,0.2754532410259111,0.2754532410259111,,96,0,True,2,0,0,96,0,0,5.1068625691763145,,4.7926416138972705,,RAW_WINDOWS_DT30_DISTANCE400_V1,96,96,0,1.0,,96,0.2754532410259111,0.07532471236042268,0.2754532410259111,,0,5,3.5210365878260905e-10,1,0,0,0,2,2,4.88511388148433,NO_RAW_BREAK_CROSSING,S0_G0,TIME_FLAGGED_OR_UNAVAILABLE,PROCESSED,62ca17e247d7417feb81c14945a6b7d0d0a1d47ad0120dbe295d2deb90d60ecf
9051,99,0,0.0,,False,True,True,99,0,0,0,0,,EMPTY_DP_REFERENCE_DENOMINATOR,,,,,,,EMPTY_DP_REFERENCE,0,0,True,1,1,0,0,0,0,6.305925536896615,,,EMPTY_OUTPUT,RAW_WINDOWS_DT30_DISTANCE400_V1,99,0,99,0.0,,0,,,,NO_COVERED_RAW_POINTS,0,5,2.594738426098117e-10,0,0,0,0,1,0,6.305925536896615,NO_RAW_BREAK_CROSSING,R0,UNIFORM,ALL_FILTERED,a4cff380afe3da6809cc5fbacd5ff53c2be14d9d6e82db80a9adbcd52dd6b23d
9051,99,2,0.020202020202020204,,True,False,False,0,0,97,99,2,0.9797979797979798,,0.7040868286429327,0.3321298432325143,0.40308965440821415,0.6294535650527251,0.7040868286429327,0.7040868286429327,,99,0,True,1,0,0,99,0,0,6.305925536896615,,5.995311080113508,,RAW_WINDOWS_DT30_DISTANCE400_V1,99,99,0,1.0,,99,0.7040868286429327,0.3321298432325143,0.7040868286429327,,0,5,2.594738426098117e-10,0,0,0,0,1,1,6.305925536896615,NO_RAW_BREAK_CROSSING,S0,UNIFORM,PROCESSED,baf514d4d5a2dbb59d97018a63bc2372bd3f9be5a5894b3721edc37703d29eab
9051,99,0,0.0,,False,True,True,99,0,0,0,0,,EMPTY_DP_REFERENCE_DENOMINATOR,,,,,,,EMPTY_DP_REFERENCE,0,0,True,1,1,0,0,0,0,6.305925536896615,,,EMPTY_OUTPUT,RAW_WINDOWS_DT30_DISTANCE400_V1,99,0,99,0.0,,0,,,,NO_COVERED_RAW_POINTS,0,5,2.594738426098117e-10,0,0,0,0,1,0,6.305925536896615,NO_RAW_BREAK_CROSSING,G0,TIME_FLAGGED_OR_UNAVAILABLE,ALL_FILTERED,a4cff380afe3da6809cc5fbacd5ff53c2be14d9d6e82db80a9adbcd52dd6b23d
9051,99,2,0.020202020202020204,,True,False,False,0,0,97,99,2,0.9797979797979798,,0.7040868286429327,0.3321298432325143,0.40308965440821415,0.6294535650527251,0.7040868286429327,0.7040868286429327,,99,0,True,1,0,0,99,0,0,6.305925536896615,,5.995311080113508,,RAW_WINDOWS_DT30_DISTANCE400_V1,99,99,0,1.0,,99,0.7040868286429327,0.3321298432325143,0.7040868286429327,,0,5,2.594738426098117e-10,0,0,0,0,1,1,6.305925536896615,NO_RAW_BREAK_CROSSING,S0_G0,TIME_FLAGGED_OR_UNAVAILABLE,PROCESSED,baf514d4d5a2dbb59d97018a63bc2372bd3f9be5a5894b3721edc37703d29eab
10994,100,0,0.0,,False,True,True,100,0,0,0,0,,EMPTY_DP_REFERENCE_DENOMINATOR,,,,,,,EMPTY_DP_REFERENCE,0,0,True,1,1,0,0,0,0,3.5091665111430377,,,EMPTY_OUTPUT,RAW_WINDOWS_DT30_DISTANCE400_V1,100,0,100,0.0,,0,,,,NO_COVERED_RAW_POINTS,0,5,8.679664361838198e-11,0,0,0,0,1,0,3.5091665111430377,NO_RAW_BREAK_CROSSING,R0,UNIFORM,ALL_FILTERED,f482af8894fc12a350941181cb1dd0c3590afc3ae9bf7ceefbfdc7375e8384c9
10994,100,2,0.02,,True,False,False,0,0,98,100,2,0.98,,1.0736436044703614,0.5158988226572245,0.5230571614039541,0.9249852699912244,1.0736436044703614,1.0736436044703614,,100,0,True,1,0,0,100,0,0,3.5091665111430377,,1.916073312191123,,RAW_WINDOWS_DT30_DISTANCE400_V1,100,100,0,1.0,,100,1.0736436044703614,0.5158988226572245,1.0736436044703614,,0,5,8.679664361838198e-11,0,0,0,0,1,1,3.5091665111430377,NO_RAW_BREAK_CROSSING,S0,UNIFORM,PROCESSED,62865a9218cee404c159ae3c4a9eb34969b58a265c802deefad342d7d4dbb8aa
10994,100,0,0.0,,False,True,True,100,0,0,0,0,,EMPTY_DP_REFERENCE_DENOMINATOR,,,,,,,EMPTY_DP_REFERENCE,0,0,True,1,1,0,0,0,0,3.5091665111430377,,,EMPTY_OUTPUT,RAW_WINDOWS_DT30_DISTANCE400_V1,100,0,100,0.0,,0,,,,NO_COVERED_RAW_POINTS,0,5,8.679664361838198e-11,0,0,0,0,1,0,3.5091665111430377,NO_RAW_BREAK_CROSSING,G0,TIME_FLAGGED_OR_UNAVAILABLE,ALL_FILTERED,f482af8894fc12a350941181cb1dd0c3590afc3ae9bf7ceefbfdc7375e8384c9
10994,100,2,0.02,,True,False,False,0,0,98,100,2,0.98,,1.0736436044703614,0.5158988226572245,0.5230571614039541,0.9249852699912244,1.0736436044703614,1.0736436044703614,,100,0,True,1,0,0,100,0,0,3.5091665111430377,,1.916073312191123,,RAW_WINDOWS_DT30_DISTANCE400_V1,100,100,0,1.0,,100,1.0736436044703614,0.5158988226572245,1.0736436044703614,,0,5,8.679664361838198e-11,0,0,0,0,1,1,3.5091665111430377,NO_RAW_BREAK_CROSSING,S0_G0,TIME_FLAGGED_OR_UNAVAILABLE,PROCESSED,62865a9218cee404c159ae3c4a9eb34969b58a265c802deefad342d7d4dbb8aa
4708,99,0,0.0,,False,True,True,99,0,0,0,0,,EMPTY_DP_REFERENCE_DENOMINATOR,,,,,,,EMPTY_DP_REFERENCE,0,0,True,2,2,0,0,0,0,0.0,,,EMPTY_OUTPUT,RAW_WINDOWS_DT30_DISTANCE400_V1,99,0,99,0.0,,0,,,,NO_COVERED_RAW_POINTS,0,5,3.7951787456360427e-10,1,0,0,2,2,0,0.0,NO_RAW_BREAK_CROSSING,R0,UNIFORM,ALL_FILTERED,437a7630aa6e3b1ec8d4c089eaf6e64204b91a7934f4cd6a10eb15082dd3cee4
4708,99,4,0.04040404040404041,,True,False,False,0,0,95,99,4,0.9595959595959596,,0.0,0.0,0.0,0.0,0.0,0.0,,99,0,True,2,0,0,99,0,0,0.0,,0.0,,RAW_WINDOWS_DT30_DISTANCE400_V1,99,99,0,1.0,,99,0.0,0.0,0.0,,0,5,3.7951787456360427e-10,1,0,0,0,2,2,0.0,NO_RAW_BREAK_CROSSING,S0,UNIFORM,PROCESSED,9f547f532e63df028f7fd6081921363ab7b378a0914d96f5e88077765ac1b9c3
4708,99,0,0.0,,False,True,True,99,0,0,0,0,,EMPTY_DP_REFERENCE_DENOMINATOR,,,,,,,EMPTY_DP_REFERENCE,0,0,True,2,2,0,0,0,0,0.0,,,EMPTY_OUTPUT,RAW_WINDOWS_DT30_DISTANCE400_V1,99,0,99,0.0,,0,,,,NO_COVERED_RAW_POINTS,0,5,3.7951787456360427e-10,1,0,0,2,2,0,0.0,NO_RAW_BREAK_CROSSING,G0,TIME_FLAGGED_OR_UNAVAILABLE,ALL_FILTERED,437a7630aa6e3b1ec8d4c089eaf6e64204b91a7934f4cd6a10eb15082dd3cee4
4708,99,4,0.04040404040404041,,True,False,False,0,0,95,99,4,0.9595959595959596,,0.0,0.0,0.0,0.0,0.0,0.0,,99,0,True,2,0,0,99,0,0,0.0,,0.0,,RAW_WINDOWS_DT30_DISTANCE400_V1,99,99,0,1.0,,99,0.0,0.0,0.0,,0,5,3.7951787456360427e-10,1,0,0,0,2,2,0.0,NO_RAW_BREAK_CROSSING,S0_G0,TIME_FLAGGED_OR_UNAVAILABLE,PROCESSED,9f547f532e63df028f7fd6081921363ab7b378a0914d96f5e88077765ac1b9c3
7248,99,0,0.0,,False,True,True,99,0,0,0,0,,EMPTY_DP_REFERENCE_DENOMINATOR,,,,,,,EMPTY_DP_REFERENCE,0,0,True,10,10,0,0,0,0,5.2581185890672355,,,EMPTY_OUTPUT,RAW_WINDOWS_DT30_DISTANCE400_V1,99,0,99,0.0,,0,,,,NO_COVERED_RAW_POINTS,0,5,1.22439632006618e-10,9,0,0,18,10,0,4.912147791118418,NO_RAW_BREAK_CROSSING,R0,UNIFORM,ALL_FILTERED,e11540289a8f4096a5d7483688f75b620d48449fdbe0f14bf8a81c3c3864f2ba
7248,99,20,0.20202020202020202,,True,False,False,0,1,78,98,20,0.7959183673469388,,0.0,0.0,0.0,0.0,0.0,0.0,,98,0,True,10,0,1,98,0,0,5.2581185890672355,,2.590923923782817,,RAW_WINDOWS_DT30_DISTANCE400_V1,99,99,0,1.0,,99,0.0,0.0,0.0,,0,5,1.22439632006618e-10,9,0,0,0,10,10,4.912147791118418,NO_RAW_BREAK_CROSSING,S0,UNIFORM,PROCESSED,369ac9e357c6f234a361ce554539fcf10c8a1ebb661f5f7a3f2f5ec74f973952
7248,99,0,0.0,,False,True,True,99,0,0,0,0,,EMPTY_DP_REFERENCE_DENOMINATOR,,,,,,,EMPTY_DP_REFERENCE,0,0,True,10,10,0,0,0,0,5.2581185890672355,,,EMPTY_OUTPUT,RAW_WINDOWS_DT30_DISTANCE400_V1,99,0,99,0.0,,0,,,,NO_COVERED_RAW_POINTS,0,5,1.22439632006618e-10,9,0,0,18,10,0,4.912147791118418,NO_RAW_BREAK_CROSSING,G0,TIME_FLAGGED_OR_UNAVAILABLE,ALL_FILTERED,e11540289a8f4096a5d7483688f75b620d48449fdbe0f14bf8a81c3c3864f2ba
7248,99,20,0.20202020202020202,,True,False,False,0,1,78,98,20,0.7959183673469388,,0.0,0.0,0.0,0.0,0.0,0.0,,98,0,True,10,0,1,98,0,0,5.2581185890672355,,2.590923923782817,,RAW_WINDOWS_DT30_DISTANCE400_V1,99,99,0,1.0,,99,0.0,0.0,0.0,,0,5,1.22439632006618e-10,9,0,0,0,10,10,4.912147791118418,NO_RAW_BREAK_CROSSING,S0_G0,TIME_FLAGGED_OR_UNAVAILABLE,PROCESSED,369ac9e357c6f234a361ce554539fcf10c8a1ebb661f5f7a3f2f5ec74f973952
5085,101,0,0.0,,False,True,True,101,0,0,0,0,,EMPTY_DP_REFERENCE_DENOMINATOR,,,,,,,EMPTY_DP_REFERENCE,0,0,True,1,1,0,0,0,0,3.1386939685493074,,,EMPTY_OUTPUT,RAW_WINDOWS_DT30_DISTANCE400_V1,101,0,101,0.0,,0,,,,NO_COVERED_RAW_POINTS,0,5,2.677305158845618e-10,0,0,0,0,1,0,3.1386939685493074,NO_RAW_BREAK_CROSSING,R0,UNIFORM,ALL_FILTERED,2524fb6f4449e7b39d677dc346530e917e599af56a79d5cf0af26343a848f41e
5085,101,2,0.019801980198019802,,True,False,False,0,0,99,101,2,0.9801980198019802,,0.974292430246111,0.6144848982947647,0.7024294643096473,0.9105028024651269,0.974292430246111,0.974292430246111,,101,0,True,1,0,0,101,0,0,3.1386939685493074,,0.9318540390736607,,RAW_WINDOWS_DT30_DISTANCE400_V1,101,101,0,1.0,,101,0.974292430246111,0.6144848982947647,0.974292430246111,,0,5,2.677305158845618e-10,0,0,0,0,1,1,3.1386939685493074,NO_RAW_BREAK_CROSSING,S0,UNIFORM,PROCESSED,45ea92f359bd44b37dbb9d9e7b861ae2958a42a74b987c9ba66028c23004fd0d
5085,101,0,0.0,,False,True,True,101,0,0,0,0,,EMPTY_DP_REFERENCE_DENOMINATOR,,,,,,,EMPTY_DP_REFERENCE,0,0,True,1,1,0,0,0,0,3.1386939685493074,,,EMPTY_OUTPUT,RAW_WINDOWS_DT30_DISTANCE400_V1,101,0,101,0.0,,0,,,,NO_COVERED_RAW_POINTS,0,5,2.677305158845618e-10,0,0,0,0,1,0,3.1386939685493074,NO_RAW_BREAK_CROSSING,G0,TIME_FLAGGED_OR_UNAVAILABLE,ALL_FILTERED,2524fb6f4449e7b39d677dc346530e917e599af56a79d5cf0af26343a848f41e
5085,101,2,0.019801980198019802,,True,False,False,0,0,99,101,2,0.9801980198019802,,0.974292430246111,0.6144848982947647,0.7024294643096473,0.9105028024651269,0.974292430246111,0.974292430246111,,101,0,True,1,0,0,101,0,0,3.1386939685493074,,0.9318540390736607,,RAW_WINDOWS_DT30_DISTANCE400_V1,101,101,0,1.0,,101,0.974292430246111,0.6144848982947647,0.974292430246111,,0,5,2.677305158845618e-10,0,0,0,0,1,1,3.1386939685493074,NO_RAW_BREAK_CROSSING,S0_G0,TIME_FLAGGED_OR_UNAVAILABLE,PROCESSED,45ea92f359bd44b37dbb9d9e7b861ae2958a42a74b987c9ba66028c23004fd0d
6290,106,0,0.0,,False,True,True,106,0,0,0,0,,EMPTY_DP_REFERENCE_DENOMINATOR,,,,,,,EMPTY_DP_REFERENCE,0,0,True,11,11,0,0,0,0,12.044034571106177,,,EMPTY_OUTPUT,RAW_WINDOWS_DT30_DISTANCE400_V1,106,0,106,0.0,,0,,,,NO_COVERED_RAW_POINTS,0,5,3.592731195553352e-10,10,0,0,20,11,0,10.362016926945655,NO_RAW_BREAK_CROSSING,R0,UNIFORM,ALL_FILTERED,c4079e0b1c847c91e7ce8a5ee992e289447500b29f3ef6b43e353192d9c0789f
6290,106,22,0.20754716981132076,,True,False,False,0,1,83,105,22,0.7904761904761904,,0.36151964637619666,0.041316531014422474,0.0,0.36151964637619666,0.36151964637619666,0.36151964637619666,,105,0,True,11,0,1,105,0,0,12.044034571106177,,9.004889370477189,,RAW_WINDOWS_DT30_DISTANCE400_V1,106,106,0,1.0,,106,0.36151964637619666,0.04092675241994679,0.36151964637619666,,0,5,3.592731195553352e-10,10,0,0,0,11,11,10.362016926945655,NO_RAW_BREAK_CROSSING,S0,UNIFORM,PROCESSED,9f1d6dd015ad9a3bf50a30f9ae6e28f90925fe2d6e2cda1ec1d03db19ce8c044
6290,106,0,0.0,,False,True,True,106,0,0,0,0,,EMPTY_DP_REFERENCE_DENOMINATOR,,,,,,,EMPTY_DP_REFERENCE,0,0,True,11,11,0,0,0,0,12.044034571106177,,,EMPTY_OUTPUT,RAW_WINDOWS_DT30_DISTANCE400_V1,106,0,106,0.0,,0,,,,NO_COVERED_RAW_POINTS,0,5,3.592731195553352e-10,10,0,0,20,11,0,10.362016926945655,NO_RAW_BREAK_CROSSING,G0,TIME_FLAGGED_OR_UNAVAILABLE,ALL_FILTERED,c4079e0b1c847c91e7ce8a5ee992e289447500b29f3ef6b43e353192d9c0789f
6290,106,22,0.20754716981132076,,True,False,False,0,1,83,105,22,0.7904761904761904,,0.36151964637619666,0.041316531014422474,0.0,0.36151964637619666,0.36151964637619666,0.36151964637619666,,105,0,True,11,0,1,105,0,0,12.044034571106177,,9.004889370477189,,RAW_WINDOWS_DT30_DISTANCE400_V1,106,106,0,1.0,,106,0.36151964637619666,0.04092675241994679,0.36151964637619666,,0,5,3.592731195553352e-10,10,0,0,0,11,11,10.362016926945655,NO_RAW_BREAK_CROSSING,S0_G0,TIME_FLAGGED_OR_UNAVAILABLE,PROCESSED,9f1d6dd015ad9a3bf50a30f9ae6e28f90925fe2d6e2cda1ec1d03db19ce8c044
5042,96,0,0.0,,False,True,True,96,0,0,0,0,,EMPTY_DP_REFERENCE_DENOMINATOR,,,,,,,EMPTY_DP_REFERENCE,0,0,True,12,12,0,0,0,0,33.54082520219811,,,EMPTY_OUTPUT,RAW_WINDOWS_DT30_DISTANCE400_V1,96,0,96,0.0,,0,,,,NO_COVERED_RAW_POINTS,0,5,1.0898255329069482e-10,11,0,0,22,12,0,26.877867181960173,NO_RAW_BREAK_CROSSING,R0,UNIFORM,ALL_FILTERED,296e0e3df4fdf9e9b5a42cac83195239c095cf0f221cf2db459d8f52415a6255
5042,96,24,0.25,,True,False,False,0,14,58,82,24,0.7073170731707317,,2.233034424481111,0.427862160226474,0.09413435948498956,1.39301078931445,1.9521749822577061,2.233034424481111,,82,0,True,12,0,14,62,0,0,33.54082520219811,,16.37156369059045,,RAW_WINDOWS_DT30_DISTANCE400_V1,96,96,0,1.0,,96,2.233034424481111,0.4107856442038727,1.9254919815687495,,0,5,1.0898255329069482e-10,11,0,0,0,12,12,26.877867181960173,NO_RAW_BREAK_CROSSING,S0,UNIFORM,PROCESSED,3416f46579e84350ca199570c8a2f497a7088249d381941f18d250dae841aba7
5042,96,0,0.0,,False,True,True,96,0,0,0,0,,EMPTY_DP_REFERENCE_DENOMINATOR,,,,,,,EMPTY_DP_REFERENCE,0,0,True,12,12,0,0,0,0,33.54082520219811,,,EMPTY_OUTPUT,RAW_WINDOWS_DT30_DISTANCE400_V1,96,0,96,0.0,,0,,,,NO_COVERED_RAW_POINTS,0,5,1.0898255329069482e-10,11,0,0,22,12,0,26.877867181960173,NO_RAW_BREAK_CROSSING,G0,TIME_FLAGGED_OR_UNAVAILABLE,ALL_FILTERED,296e0e3df4fdf9e9b5a42cac83195239c095cf0f221cf2db459d8f52415a6255
5042,96,24,0.25,,True,False,False,0,14,58,82,24,0.7073170731707317,,2.233034424481111,0.427862160226474,0.09413435948498956,1.39301078931445,1.9521749822577061,2.233034424481111,,82,0,True,12,0,14,62,0,0,33.54082520219811,,16.37156369059045,,RAW_WINDOWS_DT30_DISTANCE400_V1,96,96,0,1.0,,96,2.233034424481111,0.4107856442038727,1.9254919815687495,,0,5,1.0898255329069482e-10,11,0,0,0,12,12,26.877867181960173,NO_RAW_BREAK_CROSSING,S0_G0,TIME_FLAGGED_OR_UNAVAILABLE,PROCESSED,3416f46579e84350ca199570c8a2f497a7088249d381941f18d250dae841aba7
5233,97,0,0.0,,False,True,True,97,0,0,0,0,,EMPTY_DP_REFERENCE_DENOMINATOR,,,,,,,EMPTY_DP_REFERENCE,0,0,True,11,11,0,0,0,0,19.81690493900862,,,EMPTY_OUTPUT,RAW_WINDOWS_DT30_DISTANCE400_V1,97,0,97,0.0,,0,,,,NO_COVERED_RAW_POINTS,0,5,7.430148370468307e-11,10,0,0,18,11,0,18.58865583880924,NO_RAW_BREAK_CROSSING,R0,UNIFORM,ALL_FILTERED,d20971f9c219a06527d444732879c89feb759732cd9342cb2db3cdbab1940c91
5233,97,18,0.18556701030927836,,True,False,False,2,1,76,94,18,0.8085106382978724,,0.9071895827420314,0.1813959637602983,0.028460917670384583,0.7503280913018859,0.805229613305936,0.9071895827420314,,94,0,True,11,2,1,94,0,0,19.81690493900862,,12.945368896364387,,RAW_WINDOWS_DT30_DISTANCE400_V1,97,95,2,0.979381443298969,,95,0.9071895827420314,0.1841004733213289,0.7973865387339292,,0,5,7.430148370468307e-11,10,0,0,2,11,9,18.58865583880924,NO_RAW_BREAK_CROSSING,S0,UNIFORM,PROCESSED,253adaa08ca1d450a1c911bafd642329dc1cc8080731bb8203ef024234723111
5233,97,0,0.0,,False,True,True,97,0,0,0,0,,EMPTY_DP_REFERENCE_DENOMINATOR,,,,,,,EMPTY_DP_REFERENCE,0,0,True,11,11,0,0,0,0,19.81690493900862,,,EMPTY_OUTPUT,RAW_WINDOWS_DT30_DISTANCE400_V1,97,0,97,0.0,,0,,,,NO_COVERED_RAW_POINTS,0,5,7.430148370468307e-11,10,0,0,18,11,0,18.58865583880924,NO_RAW_BREAK_CROSSING,G0,TIME_FLAGGED_OR_UNAVAILABLE,ALL_FILTERED,d20971f9c219a06527d444732879c89feb759732cd9342cb2db3cdbab1940c91
5233,97,18,0.18556701030927836,,True,False,False,2,1,76,94,18,0.8085106382978724,,0.9071895827420314,0.1813959637602983,0.028460917670384583,0.7503280913018859,0.805229613305936,0.9071895827420314,,94,0,True,11,2,1,94,0,0,19.81690493900862,,12.945368896364387,,RAW_WINDOWS_DT30_DISTANCE400_V1,97,95,2,0.979381443298969,,95,0.9071895827420314,0.1841004733213289,0.7973865387339292,,0,5,7.430148370468307e-11,10,0,0,2,11,9,18.58865583880924,NO_RAW_BREAK_CROSSING,S0_G0,TIME_FLAGGED_OR_UNAVAILABLE,PROCESSED,253adaa08ca1d450a1c911bafd642329dc1cc8080731bb8203ef024234723111
1322,98,0,0.0,,False,True,True,98,0,0,0,0,,EMPTY_DP_REFERENCE_DENOMINATOR,,,,,,,EMPTY_DP_REFERENCE,0,0,True,1,1,0,0,0,0,0.0,,,EMPTY_OUTPUT,RAW_WINDOWS_DT30_DISTANCE400_V1,98,0,98,0.0,,0,,,,NO_COVERED_RAW_POINTS,0,5,1.17712655552527e-10,0,0,0,0,1,0,0.0,NO_RAW_BREAK_CROSSING,R0,UNIFORM,ALL_FILTERED,f5dd5df5d63156338b85f2a2da89bfb3455810b0372c7943b21d5871308bf332
1322,98,2,0.02040816326530612,,True,False,False,0,0,96,98,2,0.9795918367346939,,0.0,0.0,0.0,0.0,0.0,0.0,,98,0,True,1,0,0,98,0,0,0.0,,0.0,,RAW_WINDOWS_DT30_DISTANCE400_V1,98,98,0,1.0,,98,0.0,0.0,0.0,,0,5,1.17712655552527e-10,0,0,0,0,1,1,0.0,NO_RAW_BREAK_CROSSING,S0,UNIFORM,PROCESSED,8582d37efcd7450e0f6df1693bb7f20a757742ba94b1a6c5bc76fe936052915c
1322,98,0,0.0,,False,True,True,98,0,0,0,0,,EMPTY_DP_REFERENCE_DENOMINATOR,,,,,,,EMPTY_DP_REFERENCE,0,0,True,1,1,0,0,0,0,0.0,,,EMPTY_OUTPUT,RAW_WINDOWS_DT30_DISTANCE400_V1,98,0,98,0.0,,0,,,,NO_COVERED_RAW_POINTS,0,5,1.17712655552527e-10,0,0,0,0,1,0,0.0,NO_RAW_BREAK_CROSSING,G0,TIME_FLAGGED_OR_UNAVAILABLE,ALL_FILTERED,f5dd5df5d63156338b85f2a2da89bfb3455810b0372c7943b21d5871308bf332
1322,98,2,0.02040816326530612,,True,False,False,0,0,96,98,2,0.9795918367346939,,0.0,0.0,0.0,0.0,0.0,0.0,,98,0,True,1,0,0,98,0,0,0.0,,0.0,,RAW_WINDOWS_DT30_DISTANCE400_V1,98,98,0,1.0,,98,0.0,0.0,0.0,,0,5,1.17712655552527e-10,0,0,0,0,1,1,0.0,NO_RAW_BREAK_CROSSING,S0_G0,TIME_FLAGGED_OR_UNAVAILABLE,PROCESSED,8582d37efcd7450e0f6df1693bb7f20a757742ba94b1a6c5bc76fe936052915c
6277,99,0,0.0,,False,True,True,99,0,0,0,0,,EMPTY_DP_REFERENCE_DENOMINATOR,,,,,,,EMPTY_DP_REFERENCE,0,0,True,1,1,0,0,0,0,5.725884463469338,,,EMPTY_OUTPUT,RAW_WINDOWS_DT30_DISTANCE400_V1,99,0,99,0.0,,0,,,,NO_COVERED_RAW_POINTS,0,5,2.2920559306502473e-10,0,0,0,0,1,0,5.725884463469338,NO_RAW_BREAK_CROSSING,R0,UNIFORM,ALL_FILTERED,4f6a84530972306e8d798b3fc9303430be1e600583caccd733c5aa771963d3f0
6277,99,2,0.020202020202020204,,True,False,False,0,0,97,99,2,0.9797979797979798,,0.41384177190744775,0.253948329583551,0.30003523025031964,0.41384165870221135,0.41384177190744775,0.41384177190744775,,99,0,True,1,0,0,99,0,0,5.725884463469338,,5.10604654747139,,RAW_WINDOWS_DT30_DISTANCE400_V1,99,99,0,1.0,,99,0.41384177190744775,0.253948329583551,0.41384177190744775,,0,5,2.2920559306502473e-10,0,0,0,0,1,1,5.725884463469338,NO_RAW_BREAK_CROSSING,S0,UNIFORM,PROCESSED,b7d6f15f77629fdca74bc4409ed2891b55ae6f46f317c55e5b6894587b1aba9d
6277,99,0,0.0,,False,True,True,99,0,0,0,0,,EMPTY_DP_REFERENCE_DENOMINATOR,,,,,,,EMPTY_DP_REFERENCE,0,0,True,1,1,0,0,0,0,5.725884463469338,,,EMPTY_OUTPUT,RAW_WINDOWS_DT30_DISTANCE400_V1,99,0,99,0.0,,0,,,,NO_COVERED_RAW_POINTS,0,5,2.2920559306502473e-10,0,0,0,0,1,0,5.725884463469338,NO_RAW_BREAK_CROSSING,G0,TIME_FLAGGED_OR_UNAVAILABLE,ALL_FILTERED,4f6a84530972306e8d798b3fc9303430be1e600583caccd733c5aa771963d3f0
6277,99,2,0.020202020202020204,,True,False,False,0,0,97,99,2,0.9797979797979798,,0.41384177190744775,0.253948329583551,0.30003523025031964,0.41384165870221135,0.41384177190744775,0.41384177190744775,,99,0,True,1,0,0,99,0,0,5.725884463469338,,5.10604654747139,,RAW_WINDOWS_DT30_DISTANCE400_V1,99,99,0,1.0,,99,0.41384177190744775,0.253948329583551,0.41384177190744775,,0,5,2.2920559306502473e-10,0,0,0,0,1,1,5.725884463469338,NO_RAW_BREAK_CROSSING,S0_G0,TIME_FLAGGED_OR_UNAVAILABLE,PROCESSED,b7d6f15f77629fdca74bc4409ed2891b55ae6f46f317c55e5b6894587b1aba9d
6656,100,0,0.0,,False,True,True,100,0,0,0,0,,EMPTY_DP_REFERENCE_DENOMINATOR,,,,,,,EMPTY_DP_REFERENCE,0,0,True,6,6,0,0,0,0,0.0,,,EMPTY_OUTPUT,RAW_WINDOWS_DT30_DISTANCE400_V1,100,0,100,0.0,,0,,,,NO_COVERED_RAW_POINTS,0,5,2.943151714844655e-10,5,0,0,10,6,0,0.0,NO_RAW_BREAK_CROSSING,R0,UNIFORM,ALL_FILTERED,49589be39f751834ac83f9f18c2588b8db0d9ec0a3564cd46094823c08c3d189
6656,100,12,0.12,,True,False,False,0,0,88,100,12,0.88,,0.0,0.0,0.0,0.0,0.0,0.0,,100,0,True,6,0,0,100,0,0,0.0,,0.0,,RAW_WINDOWS_DT30_DISTANCE400_V1,100,100,0,1.0,,100,0.0,0.0,0.0,,0,5,2.943151714844655e-10,5,0,0,0,6,6,0.0,NO_RAW_BREAK_CROSSING,S0,UNIFORM,PROCESSED,2f784307b26aeeb60f3ee6d59f0a4ffb54ec531470e7b78ad4796cafe23dd80c
6656,100,0,0.0,,False,True,True,100,0,0,0,0,,EMPTY_DP_REFERENCE_DENOMINATOR,,,,,,,EMPTY_DP_REFERENCE,0,0,True,6,6,0,0,0,0,0.0,,,EMPTY_OUTPUT,RAW_WINDOWS_DT30_DISTANCE400_V1,100,0,100,0.0,,0,,,,NO_COVERED_RAW_POINTS,0,5,2.943151714844655e-10,5,0,0,10,6,0,0.0,NO_RAW_BREAK_CROSSING,G0,TIME_FLAGGED_OR_UNAVAILABLE,ALL_FILTERED,49589be39f751834ac83f9f18c2588b8db0d9ec0a3564cd46094823c08c3d189
6656,100,12,0.12,,True,False,False,0,0,88,100,12,0.88,,0.0,0.0,0.0,0.0,0.0,0.0,,100,0,True,6,0,0,100,0,0,0.0,,0.0,,RAW_WINDOWS_DT30_DISTANCE400_V1,100,100,0,1.0,,100,0.0,0.0,0.0,,0,5,2.943151714844655e-10,5,0,0,0,6,6,0.0,NO_RAW_BREAK_CROSSING,S0_G0,TIME_FLAGGED_OR_UNAVAILABLE,PROCESSED,2f784307b26aeeb60f3ee6d59f0a4ffb54ec531470e7b78ad4796cafe23dd80c
6010,93,0,0.0,,False,True,True,93,0,0,0,0,,EMPTY_DP_REFERENCE_DENOMINATOR,,,,,,,EMPTY_DP_REFERENCE,0,0,True,8,8,0,0,0,0,2.412016030106547,,,EMPTY_OUTPUT,RAW_WINDOWS_DT30_DISTANCE400_V1,93,0,93,0.0,,0,,,,NO_COVERED_RAW_POINTS,0,5,7.695127779769629e-11,7,0,0,13,8,0,2.066047103902411,NO_RAW_BREAK_CROSSING,R0,UNIFORM,ALL_FILTERED,990422e8492d7ddd8b7432d16b5152c0b13e0d7178da2685efe1a30f5afd8792
6010,93,14,0.15053763440860216,,True,False,False,1,0,78,92,14,0.8478260869565217,,4.571383492523084e-09,9.3815121381666e-10,0.0,4.565312662669686e-09,4.571383492523084e-09,4.571383492523084e-09,,92,0,True,8,1,0,92,0,0,2.412016030106547,,2.066047103902411,,RAW_WINDOWS_DT30_DISTANCE400_V1,93,92,1,0.989247311827957,,92,4.571383492523084e-09,9.3815121381666e-10,4.571383492523084e-09,,0,5,7.695127779769629e-11,7,0,0,1,8,7,2.066047103902411,NO_RAW_BREAK_CROSSING,S0,UNIFORM,PROCESSED,87cf7fc3033fda3602d2e99701dbe66bf9ab5c1ca04e041165d7257717afa42c
6010,93,0,0.0,,False,True,True,93,0,0,0,0,,EMPTY_DP_REFERENCE_DENOMINATOR,,,,,,,EMPTY_DP_REFERENCE,0,0,True,8,8,0,0,0,0,2.412016030106547,,,EMPTY_OUTPUT,RAW_WINDOWS_DT30_DISTANCE400_V1,93,0,93,0.0,,0,,,,NO_COVERED_RAW_POINTS,0,5,7.695127779769629e-11,7,0,0,13,8,0,2.066047103902411,NO_RAW_BREAK_CROSSING,G0,TIME_FLAGGED_OR_UNAVAILABLE,ALL_FILTERED,990422e8492d7ddd8b7432d16b5152c0b13e0d7178da2685efe1a30f5afd8792
6010,93,14,0.15053763440860216,,True,False,False,1,0,78,92,14,0.8478260869565217,,4.571383492523084e-09,9.3815121381666e-10,0.0,4.565312662669686e-09,4.571383492523084e-09,4.571383492523084e-09,,92,0,True,8,1,0,92,0,0,2.412016030106547,,2.066047103902411,,RAW_WINDOWS_DT30_DISTANCE400_V1,93,92,1,0.989247311827957,,92,4.571383492523084e-09,9.3815121381666e-10,4.571383492523084e-09,,0,5,7.695127779769629e-11,7,0,0,1,8,7,2.066047103902411,NO_RAW_BREAK_CROSSING,S0_G0,TIME_FLAGGED_OR_UNAVAILABLE,PROCESSED,87cf7fc3033fda3602d2e99701dbe66bf9ab5c1ca04e041165d7257717afa42c
2968,100,0,0.0,,False,True,True,100,0,0,0,0,,EMPTY_DP_REFERENCE_DENOMINATOR,,,,,,,EMPTY_DP_REFERENCE,0,0,True,1,1,0,0,0,0,2.1714846478107,,,EMPTY_OUTPUT,RAW_WINDOWS_DT30_DISTANCE400_V1,100,0,100,0.0,,0,,,,NO_COVERED_RAW_POINTS,0,5,5.037369924808548e-10,0,0,0,0,1,0,2.1714846478107,NO_RAW_BREAK_CROSSING,R0,UNIFORM,ALL_FILTERED,27037a6aeda6c29818a5f7f0c9a45e5a3b4a033aaf920ee286b04d6f757c1f54
2968,100,2,0.02,,True,False,False,0,0,98,100,2,0.98,,0.6455116975202037,0.19937323353031056,0.049026219623779954,0.4690173637113501,0.6455116975202037,0.6455116975202037,,100,0,True,1,0,0,100,0,0,2.1714846478107,,1.294211256964707,,RAW_WINDOWS_DT30_DISTANCE400_V1,100,100,0,1.0,,100,0.6455116975202037,0.19937323353031056,0.6455116975202037,,0,5,5.037369924808548e-10,0,0,0,0,1,1,2.1714846478107,NO_RAW_BREAK_CROSSING,S0,UNIFORM,PROCESSED,e0885afb4414c4b22d69df3eb04f64c6feddf5f2163a4b6ef57c99c8626aa0cd
2968,100,0,0.0,,False,True,True,100,0,0,0,0,,EMPTY_DP_REFERENCE_DENOMINATOR,,,,,,,EMPTY_DP_REFERENCE,0,0,True,1,1,0,0,0,0,2.1714846478107,,,EMPTY_OUTPUT,RAW_WINDOWS_DT30_DISTANCE400_V1,100,0,100,0.0,,0,,,,NO_COVERED_RAW_POINTS,0,5,5.037369924808548e-10,0,0,0,0,1,0,2.1714846478107,NO_RAW_BREAK_CROSSING,G0,TIME_FLAGGED_OR_UNAVAILABLE,ALL_FILTERED,27037a6aeda6c29818a5f7f0c9a45e5a3b4a033aaf920ee286b04d6f757c1f54
2968,100,2,0.02,,True,False,False,0,0,98,100,2,0.98,,0.6455116975202037,0.19937323353031056,0.049026219623779954,0.4690173637113501,0.6455116975202037,0.6455116975202037,,100,0,True,1,0,0,100,0,0,2.1714846478107,,1.294211256964707,,RAW_WINDOWS_DT30_DISTANCE400_V1,100,100,0,1.0,,100,0.6455116975202037,0.19937323353031056,0.6455116975202037,,0,5,5.037369924808548e-10,0,0,0,0,1,1,2.1714846478107,NO_RAW_BREAK_CROSSING,S0_G0,TIME_FLAGGED_OR_UNAVAILABLE,PROCESSED,e0885afb4414c4b22d69df3eb04f64c6feddf5f2163a4b6ef57c99c8626aa0cd
6445,115,0,0.0,,False,True,True,115,0,0,0,0,,EMPTY_DP_REFERENCE_DENOMINATOR,,,,,,,EMPTY_DP_REFERENCE,0,0,True,11,11,0,0,0,0,6.737694942416818,,,EMPTY_OUTPUT,RAW_WINDOWS_DT30_DISTANCE400_V1,115,0,115,0.0,,0,,,,NO_COVERED_RAW_POINTS,0,5,3.919572960628875e-10,10,0,0,20,11,0,6.223428098124692,NO_RAW_BREAK_CROSSING,R0,UNIFORM,ALL_FILTERED,b20b4350317cd327450f0bcc40675981a60c687e4e6cab2ddc58f7836ef38adc
6445,115,22,0.19130434782608696,,True,False,False,0,1,92,114,22,0.8070175438596492,,0.22174053087898962,0.040019429544476265,0.0,0.16086030462799694,0.22174053087898962,0.22174053087898962,,114,0,True,11,0,1,114,0,0,6.737694942416818,,4.116158305236437,,RAW_WINDOWS_DT30_DISTANCE400_V1,115,115,0,1.0,,115,0.22174053087898962,0.040223810622697066,0.22174053087898962,,0,5,3.919572960628875e-10,10,0,0,0,11,11,6.223428098124692,NO_RAW_BREAK_CROSSING,S0,UNIFORM,PROCESSED,376205993f65abfdb659e1aa59feafc2c117cde31fb3f9d3d3f029a29507b6b0
6445,115,0,0.0,,False,True,True,115,0,0,0,0,,EMPTY_DP_REFERENCE_DENOMINATOR,,,,,,,EMPTY_DP_REFERENCE,0,0,True,11,11,0,0,0,0,6.737694942416818,,,EMPTY_OUTPUT,RAW_WINDOWS_DT30_DISTANCE400_V1,115,0,115,0.0,,0,,,,NO_COVERED_RAW_POINTS,0,5,3.919572960628875e-10,10,0,0,20,11,0,6.223428098124692,NO_RAW_BREAK_CROSSING,G0,TIME_FLAGGED_OR_UNAVAILABLE,ALL_FILTERED,b20b4350317cd327450f0bcc40675981a60c687e4e6cab2ddc58f7836ef38adc
6445,115,22,0.19130434782608696,,True,False,False,0,1,92,114,22,0.8070175438596492,,0.22174053087898962,0.040019429544476265,0.0,0.16086030462799694,0.22174053087898962,0.22174053087898962,,114,0,True,11,0,1,114,0,0,6.737694942416818,,4.116158305236437,,RAW_WINDOWS_DT30_DISTANCE400_V1,115,115,0,1.0,,115,0.22174053087898962,0.040223810622697066,0.22174053087898962,,0,5,3.919572960628875e-10,10,0,0,0,11,11,6.223428098124692,NO_RAW_BREAK_CROSSING,S0_G0,TIME_FLAGGED_OR_UNAVAILABLE,PROCESSED,376205993f65abfdb659e1aa59feafc2c117cde31fb3f9d3d3f029a29507b6b0
459,100,0,0.0,,False,True,True,100,0,0,0,0,,EMPTY_DP_REFERENCE_DENOMINATOR,,,,,,,EMPTY_DP_REFERENCE,0,0,True,2,2,0,0,0,0,9.133817073954368,,,EMPTY_OUTPUT,RAW_WINDOWS_DT30_DISTANCE400_V1,100,0,100,0.0,,0,,,,NO_COVERED_RAW_POINTS,0,5,1.7940817621028943e-10,1,0,0,2,2,0,9.133817073954368,NO_RAW_BREAK_CROSSING,R0,UNIFORM,ALL_FILTERED,ec5a7e8adaee71f2f594e8bd163347b091f1c9d5b523ebc06666ca0c5f5e8681
459,100,4,0.04,,True,False,False,0,0,96,100,4,0.96,,0.29311329359417554,0.10739171419790941,0.0654827890389025,0.23698501873864974,0.29311329359417554,0.29311329359417554,,100,0,True,2,0,0,100,0,0,9.133817073954368,,9.091638091339687,,RAW_WINDOWS_DT30_DISTANCE400_V1,100,100,0,1.0,,100,0.29311329359417554,0.10739171419790941,0.29311329359417554,,0,5,1.7940817621028943e-10,1,0,0,0,2,2,9.133817073954368,NO_RAW_BREAK_CROSSING,S0,UNIFORM,PROCESSED,16bbce5cb76d372dfe33b1d9ae3419a9aaec33c186234265f464ca63f11b49ba
459,100,0,0.0,,False,True,True,100,0,0,0,0,,EMPTY_DP_REFERENCE_DENOMINATOR,,,,,,,EMPTY_DP_REFERENCE,0,0,True,2,2,0,0,0,0,9.133817073954368,,,EMPTY_OUTPUT,RAW_WINDOWS_DT30_DISTANCE400_V1,100,0,100,0.0,,0,,,,NO_COVERED_RAW_POINTS,0,5,1.7940817621028943e-10,1,0,0,2,2,0,9.133817073954368,NO_RAW_BREAK_CROSSING,G0,TIME_FLAGGED_OR_UNAVAILABLE,ALL_FILTERED,ec5a7e8adaee71f2f594e8bd163347b091f1c9d5b523ebc06666ca0c5f5e8681
459,100,4,0.04,,True,False,False,0,0,96,100,4,0.96,,0.29311329359417554,0.10739171419790941,0.0654827890389025,0.23698501873864974,0.29311329359417554,0.29311329359417554,,100,0,True,2,0,0,100,0,0,9.133817073954368,,9.091638091339687,,RAW_WINDOWS_DT30_DISTANCE400_V1,100,100,0,1.0,,100,0.29311329359417554,0.10739171419790941,0.29311329359417554,,0,5,1.7940817621028943e-10,1,0,0,0,2,2,9.133817073954368,NO_RAW_BREAK_CROSSING,S0_G0,TIME_FLAGGED_OR_UNAVAILABLE,PROCESSED,16bbce5cb76d372dfe33b1d9ae3419a9aaec33c186234265f464ca63f11b49ba
2146,101,0,0.0,,False,True,True,101,0,0,0,0,,EMPTY_DP_REFERENCE_DENOMINATOR,,,,,,,EMPTY_DP_REFERENCE,0,0,True,4,4,0,0,0,0,5.625855141225115,,,EMPTY_OUTPUT,RAW_WINDOWS_DT30_DISTANCE400_V1,101,0,101,0.0,,0,,,,NO_COVERED_RAW_POINTS,0,5,1.8289169601705292e-10,3,0,0,6,4,0,4.7070471421812226,NO_RAW_BREAK_CROSSING,R0,UNIFORM,ALL_FILTERED,51c65dbfa9e7580d08396475e66fbd52dbad31494bcab46d06208d1e77b8b972
2146,101,8,0.07920792079207921,,True,False,False,0,0,93,101,8,0.9207920792079208,,0.5188909433959628,0.11818008586913754,3.4692060368118706e-10,0.5188909433959628,0.5188909433959628,0.5188909433959628,,101,0,True,4,0,0,101,0,0,5.625855141225115,,4.04265559598931,,RAW_WINDOWS_DT30_DISTANCE400_V1,101,101,0,1.0,,101,0.5188909433959628,0.11818008586913754,0.5188909433959628,,0,5,1.8289169601705292e-10,3,0,0,0,4,4,4.7070471421812226,NO_RAW_BREAK_CROSSING,S0,UNIFORM,PROCESSED,8256b6ec18c8b40e5619af0b2930dbd95f7061e61fd282d53eaf7b37a700d833
2146,101,0,0.0,,False,True,True,101,0,0,0,0,,EMPTY_DP_REFERENCE_DENOMINATOR,,,,,,,EMPTY_DP_REFERENCE,0,0,True,4,4,0,0,0,0,5.625855141225115,,,EMPTY_OUTPUT,RAW_WINDOWS_DT30_DISTANCE400_V1,101,0,101,0.0,,0,,,,NO_COVERED_RAW_POINTS,0,5,1.8289169601705292e-10,3,0,0,6,4,0,4.7070471421812226,NO_RAW_BREAK_CROSSING,G0,TIME_FLAGGED_OR_UNAVAILABLE,ALL_FILTERED,51c65dbfa9e7580d08396475e66fbd52dbad31494bcab46d06208d1e77b8b972
2146,101,8,0.07920792079207921,,True,False,False,0,0,93,101,8,0.9207920792079208,,0.5188909433959628,0.11818008586913754,3.4692060368118706e-10,0.5188909433959628,0.5188909433959628,0.5188909433959628,,101,0,True,4,0,0,101,0,0,5.625855141225115,,4.04265559598931,,RAW_WINDOWS_DT30_DISTANCE400_V1,101,101,0,1.0,,101,0.5188909433959628,0.11818008586913754,0.5188909433959628,,0,5,1.8289169601705292e-10,3,0,0,0,4,4,4.7070471421812226,NO_RAW_BREAK_CROSSING,S0_G0,TIME_FLAGGED_OR_UNAVAILABLE,PROCESSED,8256b6ec18c8b40e5619af0b2930dbd95f7061e61fd282d53eaf7b37a700d833
6500,100,0,0.0,,False,True,True,100,0,0,0,0,,EMPTY_DP_REFERENCE_DENOMINATOR,,,,,,,EMPTY_DP_REFERENCE,0,0,True,4,4,0,0,0,0,4.426636059531387,,,EMPTY_OUTPUT,RAW_WINDOWS_DT30_DISTANCE400_V1,100,0,100,0.0,,0,,,,NO_COVERED_RAW_POINTS,0,5,5.392869344259034e-10,3,0,0,6,4,0,4.426636059531387,NO_RAW_BREAK_CROSSING,R0,UNIFORM,ALL_FILTERED,c2406959245c88a3e57ff3cf36ada30e40f01e7929e1caccce5c5c2ec3da3b6a
6500,100,8,0.08,,True,False,False,0,0,92,100,8,0.92,,0.2208293606403861,0.06393380385069239,0.041683497584953,0.2137349918153962,0.2208293606403861,0.2208293606403861,,100,0,True,4,0,0,100,0,0,4.426636059531387,,3.9555187262709737,,RAW_WINDOWS_DT30_DISTANCE400_V1,100,100,0,1.0,,100,0.2208293606403861,0.06393380385069239,0.2208293606403861,,0,5,5.392869344259034e-10,3,0,0,0,4,4,4.426636059531387,NO_RAW_BREAK_CROSSING,S0,UNIFORM,PROCESSED,38d20d0feb7abf08bcb2c4d61545b7cec9d4bc8e01f484f2ba90c7e14476bc47
6500,100,0,0.0,,False,True,True,100,0,0,0,0,,EMPTY_DP_REFERENCE_DENOMINATOR,,,,,,,EMPTY_DP_REFERENCE,0,0,True,4,4,0,0,0,0,4.426636059531387,,,EMPTY_OUTPUT,RAW_WINDOWS_DT30_DISTANCE400_V1,100,0,100,0.0,,0,,,,NO_COVERED_RAW_POINTS,0,5,5.392869344259034e-10,3,0,0,6,4,0,4.426636059531387,NO_RAW_BREAK_CROSSING,G0,TIME_FLAGGED_OR_UNAVAILABLE,ALL_FILTERED,c2406959245c88a3e57ff3cf36ada30e40f01e7929e1caccce5c5c2ec3da3b6a
6500,100,8,0.08,,True,False,False,0,0,92,100,8,0.92,,0.2208293606403861,0.06393380385069239,0.041683497584953,0.2137349918153962,0.2208293606403861,0.2208293606403861,,100,0,True,4,0,0,100,0,0,4.426636059531387,,3.9555187262709737,,RAW_WINDOWS_DT30_DISTANCE400_V1,100,100,0,1.0,,100,0.2208293606403861,0.06393380385069239,0.2208293606403861,,0,5,5.392869344259034e-10,3,0,0,0,4,4,4.426636059531387,NO_RAW_BREAK_CROSSING,S0_G0,TIME_FLAGGED_OR_UNAVAILABLE,PROCESSED,38d20d0feb7abf08bcb2c4d61545b7cec9d4bc8e01f484f2ba90c7e14476bc47
7816,100,0,0.0,,False,True,True,100,0,0,0,0,,EMPTY_DP_REFERENCE_DENOMINATOR,,,,,,,EMPTY_DP_REFERENCE,0,0,True,2,2,0,0,0,0,3.3338220254138498,,,EMPTY_OUTPUT,RAW_WINDOWS_DT30_DISTANCE400_V1,100,0,100,0.0,,0,,,,NO_COVERED_RAW_POINTS,0,5,8.870386770592811e-11,1,0,0,2,2,0,3.3338220254138493,NO_RAW_BREAK_CROSSING,R0,UNIFORM,ALL_FILTERED,17215942cf06549533440ace05bcabf0188f897ec504d9428c5151db4ee08538
7816,100,4,0.04,,True,False,False,0,0,96,100,4,0.96,,0.47574612575447006,0.09705829673726671,0.03383760396001715,0.2607514814271252,0.47574612575447006,0.47574612575447006,,100,0,True,2,0,0,100,0,0,3.3338220254138498,,2.6467804420968877,,RAW_WINDOWS_DT30_DISTANCE400_V1,100,100,0,1.0,,100,0.47574612575447006,0.09705829673726671,0.47574612575447006,,0,5,8.870386770592811e-11,1,0,0,0,2,2,3.3338220254138493,NO_RAW_BREAK_CROSSING,S0,UNIFORM,PROCESSED,d1e2e702e20506b3d15c530024b91311806cf95476e48d8e6bd5095a482f3935
7816,100,0,0.0,,False,True,True,100,0,0,0,0,,EMPTY_DP_REFERENCE_DENOMINATOR,,,,,,,EMPTY_DP_REFERENCE,0,0,True,2,2,0,0,0,0,3.3338220254138498,,,EMPTY_OUTPUT,RAW_WINDOWS_DT30_DISTANCE400_V1,100,0,100,0.0,,0,,,,NO_COVERED_RAW_POINTS,0,5,8.870386770592811e-11,1,0,0,2,2,0,3.3338220254138493,NO_RAW_BREAK_CROSSING,G0,TIME_FLAGGED_OR_UNAVAILABLE,ALL_FILTERED,17215942cf06549533440ace05bcabf0188f897ec504d9428c5151db4ee08538
7816,100,4,0.04,,True,False,False,0,0,96,100,4,0.96,,0.47574612575447006,0.09705829673726671,0.03383760396001715,0.2607514814271252,0.47574612575447006,0.47574612575447006,,100,0,True,2,0,0,100,0,0,3.3338220254138498,,2.6467804420968877,,RAW_WINDOWS_DT30_DISTANCE400_V1,100,100,0,1.0,,100,0.47574612575447006,0.09705829673726671,0.47574612575447006,,0,5,8.870386770592811e-11,1,0,0,0,2,2,3.3338220254138493,NO_RAW_BREAK_CROSSING,S0_G0,TIME_FLAGGED_OR_UNAVAILABLE,PROCESSED,d1e2e702e20506b3d15c530024b91311806cf95476e48d8e6bd5095a482f3935
4635,127,0,0.0,,False,True,True,127,0,0,0,0,,EMPTY_DP_REFERENCE_DENOMINATOR,,,,,,,EMPTY_DP_REFERENCE,0,0,True,1,1,0,0,0,0,5.67139069409656,,,EMPTY_OUTPUT,RAW_WINDOWS_DT30_DISTANCE400_V1,127,0,127,0.0,,0,,,,NO_COVERED_RAW_POINTS,0,5,3.681053970566559e-10,0,0,0,0,1,0,5.67139069409656,NO_RAW_BREAK_CROSSING,R0,UNIFORM,ALL_FILTERED,a2b8b49d908c5c071e854ae5b44946cfbd0c2439531cf54c5df5768bf3fe7712
4635,127,2,0.015748031496062992,,True,False,False,0,1,124,126,2,0.9841269841269842,,1.6739662059484302,0.8774990226438576,1.1087064849754835,1.4538890723660896,1.6739662059484302,1.6739662059484302,,126,0,True,1,0,1,126,0,0,5.67139069409656,,0.36200747299490316,,RAW_WINDOWS_DT30_DISTANCE400_V1,127,127,0,1.0,,127,1.6739662059484302,0.882037526972379,1.6739662059484302,,0,5,3.681053970566559e-10,0,0,0,0,1,1,5.67139069409656,NO_RAW_BREAK_CROSSING,S0,UNIFORM,PROCESSED,ad74c413ad5783c9e077e4f36c1edbed8cdd83517dac658db4aca226d5d50703
4635,127,0,0.0,,False,True,True,127,0,0,0,0,,EMPTY_DP_REFERENCE_DENOMINATOR,,,,,,,EMPTY_DP_REFERENCE,0,0,True,1,1,0,0,0,0,5.67139069409656,,,EMPTY_OUTPUT,RAW_WINDOWS_DT30_DISTANCE400_V1,127,0,127,0.0,,0,,,,NO_COVERED_RAW_POINTS,0,5,3.681053970566559e-10,0,0,0,0,1,0,5.67139069409656,NO_RAW_BREAK_CROSSING,G0,TIME_FLAGGED_OR_UNAVAILABLE,ALL_FILTERED,a2b8b49d908c5c071e854ae5b44946cfbd0c2439531cf54c5df5768bf3fe7712
4635,127,2,0.015748031496062992,,True,False,False,0,1,124,126,2,0.9841269841269842,,1.6739662059484302,0.8774990226438576,1.1087064849754835,1.4538890723660896,1.6739662059484302,1.6739662059484302,,126,0,True,1,0,1,126,0,0,5.67139069409656,,0.36200747299490316,,RAW_WINDOWS_DT30_DISTANCE400_V1,127,127,0,1.0,,127,1.6739662059484302,0.882037526972379,1.6739662059484302,,0,5,3.681053970566559e-10,0,0,0,0,1,1,5.67139069409656,NO_RAW_BREAK_CROSSING,S0_G0,TIME_FLAGGED_OR_UNAVAILABLE,PROCESSED,ad74c413ad5783c9e077e4f36c1edbed8cdd83517dac658db4aca226d5d50703
7588,100,0,0.0,,False,True,True,100,0,0,0,0,,EMPTY_DP_REFERENCE_DENOMINATOR,,,,,,,EMPTY_DP_REFERENCE,0,0,True,1,1,0,0,0,0,1.6827156290550893,,,EMPTY_OUTPUT,RAW_WINDOWS_DT30_DISTANCE400_V1,100,0,100,0.0,,0,,,,NO_COVERED_RAW_POINTS,0,5,5.891147168138988e-10,0,0,0,0,1,0,1.6827156290550893,NO_RAW_BREAK_CROSSING,R0,UNIFORM,ALL_FILTERED,242c74f61267653762de3218486b0b9f658e79b9291ae81dbec3f76031fd3fc6
7588,100,2,0.02,,True,False,False,0,0,98,100,2,0.98,,0.4390291205486897,0.24570778768360785,0.28389044807482294,0.4390291205486897,0.4390291205486897,0.4390291205486897,,100,0,True,1,0,0,100,0,0,1.6827156290550893,,0.3326003693821958,,RAW_WINDOWS_DT30_DISTANCE400_V1,100,100,0,1.0,,100,0.4390291205486897,0.24570778768360785,0.4390291205486897,,0,5,5.891147168138988e-10,0,0,0,0,1,1,1.6827156290550893,NO_RAW_BREAK_CROSSING,S0,UNIFORM,PROCESSED,31ed4a300b1665359b8f82a35fe103ba732e0e23b838ec5c3d138d60284ee3f1
7588,100,0,0.0,,False,True,True,100,0,0,0,0,,EMPTY_DP_REFERENCE_DENOMINATOR,,,,,,,EMPTY_DP_REFERENCE,0,0,True,1,1,0,0,0,0,1.6827156290550893,,,EMPTY_OUTPUT,RAW_WINDOWS_DT30_DISTANCE400_V1,100,0,100,0.0,,0,,,,NO_COVERED_RAW_POINTS,0,5,5.891147168138988e-10,0,0,0,0,1,0,1.6827156290550893,NO_RAW_BREAK_CROSSING,G0,TIME_FLAGGED_OR_UNAVAILABLE,ALL_FILTERED,242c74f61267653762de3218486b0b9f658e79b9291ae81dbec3f76031fd3fc6
7588,100,2,0.02,,True,False,False,0,0,98,100,2,0.98,,0.4390291205486897,0.24570778768360785,0.28389044807482294,0.4390291205486897,0.4390291205486897,0.4390291205486897,,100,0,True,1,0,0,100,0,0,1.6827156290550893,,0.3326003693821958,,RAW_WINDOWS_DT30_DISTANCE400_V1,100,100,0,1.0,,100,0.4390291205486897,0.24570778768360785,0.4390291205486897,,0,5,5.891147168138988e-10,0,0,0,0,1,1,1.6827156290550893,NO_RAW_BREAK_CROSSING,S0_G0,TIME_FLAGGED_OR_UNAVAILABLE,PROCESSED,31ed4a300b1665359b8f82a35fe103ba732e0e23b838ec5c3d138d60284ee3f1
9132,100,0,0.0,,False,True,True,100,0,0,0,0,,EMPTY_DP_REFERENCE_DENOMINATOR,,,,,,,EMPTY_DP_REFERENCE,0,0,True,1,1,0,0,0,0,5.675176489554112,,,EMPTY_OUTPUT,RAW_WINDOWS_DT30_DISTANCE400_V1,100,0,100,0.0,,0,,,,NO_COVERED_RAW_POINTS,0,5,1.9798087211113984e-10,0,0,0,0,1,0,5.675176489554112,NO_RAW_BREAK_CROSSING,R0,UNIFORM,ALL_FILTERED,2a6f3a912e62316ddb1731182a7f50c70b1df2c75ec8aa18dc6fbdfa2f9f6b2f
9132,100,2,0.02,,True,False,False,0,0,98,100,2,0.98,,1.0345021635718272,0.25344626582311647,0.15468054407769577,0.41528570101126,1.0345021635718272,1.0345021635718272,,100,0,True,1,0,0,100,0,0,5.675176489554112,,4.262911101245208,,RAW_WINDOWS_DT30_DISTANCE400_V1,100,100,0,1.0,,100,1.0345021635718272,0.25344626582311647,1.0345021635718272,,0,5,1.9798087211113984e-10,0,0,0,0,1,1,5.675176489554112,NO_RAW_BREAK_CROSSING,S0,UNIFORM,PROCESSED,b8f3ab190e3cf544e65c41cd3696d7d34d0b4e5a483e0b7104ef7c88c6886254
9132,100,0,0.0,,False,True,True,100,0,0,0,0,,EMPTY_DP_REFERENCE_DENOMINATOR,,,,,,,EMPTY_DP_REFERENCE,0,0,True,1,1,0,0,0,0,5.675176489554112,,,EMPTY_OUTPUT,RAW_WINDOWS_DT30_DISTANCE400_V1,100,0,100,0.0,,0,,,,NO_COVERED_RAW_POINTS,0,5,1.9798087211113984e-10,0,0,0,0,1,0,5.675176489554112,NO_RAW_BREAK_CROSSING,G0,TIME_FLAGGED_OR_UNAVAILABLE,ALL_FILTERED,2a6f3a912e62316ddb1731182a7f50c70b1df2c75ec8aa18dc6fbdfa2f9f6b2f
9132,100,2,0.02,,True,False,False,0,0,98,100,2,0.98,,1.0345021635718272,0.25344626582311647,0.15468054407769577,0.41528570101126,1.0345021635718272,1.0345021635718272,,100,0,True,1,0,0,100,0,0,5.675176489554112,,4.262911101245208,,RAW_WINDOWS_DT30_DISTANCE400_V1,100,100,0,1.0,,100,1.0345021635718272,0.25344626582311647,1.0345021635718272,,0,5,1.9798087211113984e-10,0,0,0,0,1,1,5.675176489554112,NO_RAW_BREAK_CROSSING,S0_G0,TIME_FLAGGED_OR_UNAVAILABLE,PROCESSED,b8f3ab190e3cf544e65c41cd3696d7d34d0b4e5a483e0b7104ef7c88c6886254
5634,96,10,0.10416666666666667,,True,False,False,0,8,78,88,10,0.8863636363636364,,4.898596516445175,1.5720326671605322,1.0528965882562997,3.819008887886013,4.145879628373932,4.530465326799555,,88,0,True,1,0,8,3,0,0,231.06893377080286,,177.07926005687122,,RAW_WINDOWS_DT30_DISTANCE400_V1,96,96,0,1.0,,96,4.898596516445175,1.5581341800459336,4.145870365995705,,0,5,2.0388583684975009e-10,0,0,0,0,1,1,231.06893377080286,NO_RAW_BREAK_CROSSING,R0,UNIFORM,PROCESSED,e5b9f0b066e90782c6af9091651b3d6f553b3be3d1301edc13a936a81ba1d458
5634,96,10,0.10416666666666667,,True,False,False,0,8,78,88,10,0.8863636363636364,,4.898596516445175,1.5720326671605322,1.0528965882562997,3.819008887886013,4.145879628373932,4.530465326799555,,88,0,True,1,0,8,3,0,0,231.06893377080286,,177.07926005687122,,RAW_WINDOWS_DT30_DISTANCE400_V1,96,96,0,1.0,,96,4.898596516445175,1.5581341800459336,4.145870365995705,,0,5,2.0388583684975009e-10,0,0,0,0,1,1,231.06893377080286,NO_RAW_BREAK_CROSSING,S0,UNIFORM,PROCESSED,33f27be2920184fd829ac780195a50c1d0609165e15b46da95810a8472619bc2
5634,96,10,0.10416666666666667,,True,False,False,0,3,83,93,10,0.8924731182795699,,4.898596516445175,1.622668199345848,1.2350038218974977,3.757815095476884,4.145873839387541,4.509308361877395,,93,0,True,1,0,3,3,0,0,231.06893377080286,,179.31494217266032,,RAW_WINDOWS_DT30_DISTANCE400_V1,96,96,0,1.0,,96,4.898596516445175,1.5927329811710738,4.145870365995705,,0,5,2.0388583684975009e-10,0,0,0,0,1,1,231.06893377080286,NO_RAW_BREAK_CROSSING,G0,TIME_REGULAR,PROCESSED,8427d9278b84526feb0ffbe4cd30a8f75c5942d6c9541da5ffee0b555099f226
5634,96,10,0.10416666666666667,,True,False,False,0,3,83,93,10,0.8924731182795699,,4.898596516445175,1.622668199345848,1.2350038218974977,3.757815095476884,4.145873839387541,4.509308361877395,,93,0,True,1,0,3,3,0,0,231.06893377080286,,179.31494217266032,,RAW_WINDOWS_DT30_DISTANCE400_V1,96,96,0,1.0,,96,4.898596516445175,1.5927329811710738,4.145870365995705,,0,5,2.0388583684975009e-10,0,0,0,0,1,1,231.06893377080286,NO_RAW_BREAK_CROSSING,S0_G0,TIME_REGULAR,PROCESSED,3219a036c86bd86fb965b3ff206f51f4282fd8c3f59037f7dea176a1a637f063
9591,99,8,0.08080808080808081,,True,False,False,0,30,61,69,8,0.8840579710144928,,4.659739756651982,1.705043625547279,1.6617703482912465,3.4901499469054458,3.9270565046529313,4.462112934086489,,69,0,True,1,0,30,3,0,0,384.640276858299,,296.83423164033667,,RAW_WINDOWS_DT30_DISTANCE400_V1,99,99,0,1.0,,99,7.598428189222975,2.0376562940942295,4.508855310684252,,4,5,3.0162352787040867e-10,0,0,0,0,1,1,384.640276858299,NO_RAW_BREAK_CROSSING,R0,UNIFORM,PROCESSED,f13d0ce452b60a2e3992c69478fcb2d5e0a872ee05f4bddbbb8b31f71153ee87
9591,99,8,0.08080808080808081,,True,False,False,0,30,61,69,8,0.8840579710144928,,4.659739756651982,1.705043625547279,1.6617703482912465,3.4901499469054458,3.9270565046529313,4.462112934086489,,69,0,True,1,0,30,3,0,0,384.640276858299,,296.83423164033667,,RAW_WINDOWS_DT30_DISTANCE400_V1,99,99,0,1.0,,99,7.598428189222975,2.0376562940942295,4.508855310684252,,4,5,3.0162352787040867e-10,0,0,0,0,1,1,384.640276858299,NO_RAW_BREAK_CROSSING,S0,UNIFORM,PROCESSED,55cb3df399bdfc3b4e62c939a857851097f284462f54d7305ec80dfbfc756b1a
9591,99,8,0.08080808080808081,,True,False,False,0,25,66,74,8,0.8918918918918919,,4.659739756651982,1.8074485999061618,1.6779861447596756,3.567914436450493,4.164028137240805,4.571565561073121,,74,0,True,1,0,25,3,0,0,384.640276858299,,291.82882559072016,,RAW_WINDOWS_DT30_DISTANCE400_V1,99,99,0,1.0,,99,7.598428189222975,2.121432185600711,4.5510318442944815,,4,5,3.0162352787040867e-10,0,0,0,0,1,1,384.640276858299,NO_RAW_BREAK_CROSSING,G0,TIME_REGULAR,PROCESSED,decdf8c07ee5aaef0f2103b2bd48de5b4948e32d579aed27702065d374f3c707
9591,99,8,0.08080808080808081,,True,False,False,0,25,66,74,8,0.8918918918918919,,4.659739756651982,1.8074485999061618,1.6779861447596756,3.567914436450493,4.164028137240805,4.571565561073121,,74,0,True,1,0,25,3,0,0,384.640276858299,,291.82882559072016,,RAW_WINDOWS_DT30_DISTANCE400_V1,99,99,0,1.0,,99,7.598428189222975,2.121432185600711,4.5510318442944815,,4,5,3.0162352787040867e-10,0,0,0,0,1,1,384.640276858299,NO_RAW_BREAK_CROSSING,S0_G0,TIME_REGULAR,PROCESSED,e16c0288e0d47d91ba8de7ff074202a8b4e3c5b817190a6032fbcb84c837910e
10659,106,26,0.24528301886792453,,True,False,False,0,8,72,98,26,0.7346938775510203,,4.614536247505182,1.069218400250263,0.589976982428742,2.9437469839835004,3.632180474518,4.548775086421363,,98,0,True,1,0,8,3,0,0,3083.8420110139873,,3055.3909602766985,,RAW_WINDOWS_DT30_DISTANCE400_V1,106,106,0,1.0,,106,6.319495797662879,1.141160866266498,3.7161991168673008,,1,5,2.6541004801172393e-10,0,0,0,0,1,1,3083.8420110139873,NO_RAW_BREAK_CROSSING,R0,UNIFORM,PROCESSED,2b4821ebe0f466886d1c20073232a884acecbb2cdd36f0cd8f0f9d03365f1d3c
10659,106,26,0.24528301886792453,,True,False,False,0,8,72,98,26,0.7346938775510203,,4.614536247505182,1.069218400250263,0.589976982428742,2.9437469839835004,3.632180474518,4.548775086421363,,98,0,True,1,0,8,3,0,0,3083.8420110139873,,3055.3909602766985,,RAW_WINDOWS_DT30_DISTANCE400_V1,106,106,0,1.0,,106,6.319495797662879,1.141160866266498,3.7161991168673008,,1,5,2.6541004801172393e-10,0,0,0,0,1,1,3083.8420110139873,NO_RAW_BREAK_CROSSING,S0,UNIFORM,PROCESSED,ac2e452e1f91b937ad40d797c12ce71785807b6b20fa872dae7a198ea88a3b40
10659,106,26,0.24528301886792453,,True,False,False,0,4,76,102,26,0.7450980392156863,,4.614536247505182,1.0805218806810786,0.5960945540481051,2.9278627626600153,3.6090796119582373,4.543165818181421,,102,0,True,1,0,4,3,0,0,3083.8420110139873,,3055.3909602766985,,RAW_WINDOWS_DT30_DISTANCE400_V1,106,106,0,1.0,,106,6.319495797662879,1.141160866266498,3.7161991168673008,,1,5,2.6541004801172393e-10,0,0,0,0,1,1,3083.8420110139873,NO_RAW_BREAK_CROSSING,G0,TIME_REGULAR,PROCESSED,9c45607b2c93e5a70494b0b6f133b66a69ee847ca03fb1c3d564a3d5033ec7aa
10659,106,26,0.24528301886792453,,True,False,False,0,4,76,102,26,0.7450980392156863,,4.614536247505182,1.0805218806810786,0.5960945540481051,2.9278627626600153,3.6090796119582373,4.543165818181421,,102,0,True,1,0,4,3,0,0,3083.8420110139873,,3055.3909602766985,,RAW_WINDOWS_DT30_DISTANCE400_V1,106,106,0,1.0,,106,6.319495797662879,1.141160866266498,3.7161991168673008,,1,5,2.6541004801172393e-10,0,0,0,0,1,1,3083.8420110139873,NO_RAW_BREAK_CROSSING,S0_G0,TIME_REGULAR,PROCESSED,eacbbca0d1899aa29ec09e31df229c8746576981ec477e73084a557ab974800a
9311,99,10,0.10101010101010101,,True,False,False,0,32,57,67,10,0.8507462686567164,,3.953415192031144,1.1532422147429753,0.7893181357232976,2.9216567172226395,3.3747587622681166,3.7926720901379642,,67,0,True,1,0,32,3,0,0,315.0655124553301,,173.73619408222692,,RAW_WINDOWS_DT30_DISTANCE400_V1,99,99,0,1.0,,99,3.953415192031144,1.417324126570566,3.584989697923306,,0,5,2.5657012844957757e-10,0,0,0,0,1,1,315.0655124553301,NO_RAW_BREAK_CROSSING,R0,UNIFORM,PROCESSED,d5f4583ff35af0fb65630d45a08e4d1308e64bf4ec6ab2bc0420d819645e3212
9311,99,10,0.10101010101010101,,True,False,False,0,32,57,67,10,0.8507462686567164,,3.953415192031144,1.1532422147429753,0.7893181357232976,2.9216567172226395,3.3747587622681166,3.7926720901379642,,67,0,True,1,0,32,3,0,0,315.0655124553301,,173.73619408222692,,RAW_WINDOWS_DT30_DISTANCE400_V1,99,99,0,1.0,,99,3.953415192031144,1.417324126570566,3.584989697923306,,0,5,2.5657012844957757e-10,0,0,0,0,1,1,315.0655124553301,NO_RAW_BREAK_CROSSING,S0,UNIFORM,PROCESSED,84331dbbc2525d6f8ddd4331956bd96d6efa120f1ac8750788a1cddeccd1f8bf
9311,99,10,0.10101010101010101,,True,False,False,0,23,66,76,10,0.868421052631579,,4.276001980607149,1.2696565697111022,0.9575449353239778,3.0553323046721212,3.4168303407234326,4.034061889175145,,76,0,True,1,0,23,3,0,0,315.0655124553301,,171.99889425113344,,RAW_WINDOWS_DT30_DISTANCE400_V1,99,99,0,1.0,,99,4.276001980607149,1.4005413501273427,3.584989697923306,,0,5,2.5657012844957757e-10,0,0,0,0,1,1,315.0655124553301,NO_RAW_BREAK_CROSSING,G0,TIME_REGULAR,PROCESSED,704c39f24b48ccd1760bd98b2d2ea0c49229399dc95ac476e40ad143c8525481
9311,99,10,0.10101010101010101,,True,False,False,0,23,66,76,10,0.868421052631579,,4.276001980607149,1.2696565697111022,0.9575449353239778,3.0553323046721212,3.4168303407234326,4.034061889175145,,76,0,True,1,0,23,3,0,0,315.0655124553301,,171.99889425113344,,RAW_WINDOWS_DT30_DISTANCE400_V1,99,99,0,1.0,,99,4.276001980607149,1.4005413501273427,3.584989697923306,,0,5,2.5657012844957757e-10,0,0,0,0,1,1,315.0655124553301,NO_RAW_BREAK_CROSSING,S0_G0,TIME_REGULAR,PROCESSED,6d5bd9d44cde5160b607a7353e5f6d42e6d105ba6a5fdf156c36ac894b3a4d3c
10,98,16,0.16326530612244897,,True,False,False,0,20,62,78,16,0.7948717948717949,,4.743890578535689,1.0084586977887011,0.5521777822282631,2.897634276784031,3.5346764235295627,4.081759320511412,,78,0,True,1,0,20,3,0,0,285.172350193064,,234.21345798777094,,RAW_WINDOWS_DT30_DISTANCE400_V1,98,98,0,1.0,,98,6.3197086474641395,1.33703398762548,4.6281639003535,,3,5,1.9490479775038045e-10,0,0,0,0,1,1,285.172350193064,NO_RAW_BREAK_CROSSING,R0,UNIFORM,PROCESSED,58a1f6a2807a0757856333d6d32ed8d31ec4baa9136ec276c659f4cd9c72233e
10,98,16,0.16326530612244897,,True,False,False,0,20,62,78,16,0.7948717948717949,,4.743890578535689,1.0084586977887011,0.5521777822282631,2.897634276784031,3.5346764235295627,4.081759320511412,,78,0,True,1,0,20,3,0,0,285.172350193064,,234.21345798777094,,RAW_WINDOWS_DT30_DISTANCE400_V1,98,98,0,1.0,,98,6.3197086474641395,1.33703398762548,4.6281639003535,,3,5,1.9490479775038045e-10,0,0,0,0,1,1,285.172350193064,NO_RAW_BREAK_CROSSING,S0,UNIFORM,PROCESSED,cf0282671be7f1dd859edd95509001fe19a161cdeda2193676229b49189973d7
10,98,13,0.1326530612244898,,True,False,False,0,6,79,92,13,0.8586956521739131,,4.822843905327608,1.2015949530318342,0.6169102557851316,3.5000045850761388,3.8528873607211063,4.648812454426277,,92,0,True,1,0,6,3,0,0,285.172350193064,,230.83100853253256,,RAW_WINDOWS_DT30_DISTANCE400_V1,98,98,0,1.0,,98,4.822843905327608,1.2198547748358008,3.8491881226468134,,0,5,1.9490479775038045e-10,0,0,0,0,1,1,285.172350193064,NO_RAW_BREAK_CROSSING,G0,TIME_REGULAR,PROCESSED,09dfdae1617d901415018bd291df6cfa9d0bba388218d4c0db15157f0c1a60e1
10,98,13,0.1326530612244898,,True,False,False,0,6,79,92,13,0.8586956521739131,,4.822843905327608,1.2015949530318342,0.6169102557851316,3.5000045850761388,3.8528873607211063,4.648812454426277,,92,0,True,1,0,6,3,0,0,285.172350193064,,230.83100853253256,,RAW_WINDOWS_DT30_DISTANCE400_V1,98,98,0,1.0,,98,4.822843905327608,1.2198547748358008,3.8491881226468134,,0,5,1.9490479775038045e-10,0,0,0,0,1,1,285.172350193064,NO_RAW_BREAK_CROSSING,S0_G0,TIME_REGULAR,PROCESSED,b9989c9d33b83b44989889b251038b2633ae75fa41c55a6cecc22df2e317bc70
9919,100,4,0.04,,True,False,False,0,7,89,93,4,0.956989247311828,,4.9007533430907815,1.4678044905474896,1.0882649298325038,3.6626284085951855,3.8237610610327772,4.632542383033895,,93,0,True,1,0,7,3,0,0,146.5768809357944,,59.52573114195429,,RAW_WINDOWS_DT30_DISTANCE400_V1,100,100,0,1.0,,100,4.9007533430907815,1.5056414080596026,3.8914275168744314,,0,5,2.3953546169851475e-10,0,0,0,0,1,1,146.5768809357944,NO_RAW_BREAK_CROSSING,R0,UNIFORM,PROCESSED,da98a870cfcfb2fa68178f75c3acd9b92934b030d788200835fc7395df2cd172
9919,100,4,0.04,,True,False,False,0,7,89,93,4,0.956989247311828,,4.9007533430907815,1.4678044905474896,1.0882649298325038,3.6626284085951855,3.8237610610327772,4.632542383033895,,93,0,True,1,0,7,3,0,0,146.5768809357944,,59.52573114195429,,RAW_WINDOWS_DT30_DISTANCE400_V1,100,100,0,1.0,,100,4.9007533430907815,1.5056414080596026,3.8914275168744314,,0,5,2.3953546169851475e-10,0,0,0,0,1,1,146.5768809357944,NO_RAW_BREAK_CROSSING,S0,UNIFORM,PROCESSED,0593b632501107c740ae9835660108ab152e8635cd7c5535a15537e935e7e61b
9919,100,4,0.04,,True,False,False,0,2,94,98,4,0.9591836734693877,,4.9007533430907815,1.582435927308495,1.13801421576999,3.742411801450125,4.059358145874197,4.617965700422109,,98,0,True,1,0,2,3,0,0,146.5768809357944,,59.321369647850545,,RAW_WINDOWS_DT30_DISTANCE400_V1,100,100,0,1.0,,100,4.9007533430907815,1.5675643282479443,4.050248636774113,,0,5,2.3953546169851475e-10,0,0,0,0,1,1,146.5768809357944,NO_RAW_BREAK_CROSSING,G0,TIME_REGULAR,PROCESSED,2d30eb7885ab9a02d82996b178a417a032e88494bfd58cd2775740c970613f8c
9919,100,4,0.04,,True,False,False,0,2,94,98,4,0.9591836734693877,,4.9007533430907815,1.582435927308495,1.13801421576999,3.742411801450125,4.059358145874197,4.617965700422109,,98,0,True,1,0,2,3,0,0,146.5768809357944,,59.321369647850545,,RAW_WINDOWS_DT30_DISTANCE400_V1,100,100,0,1.0,,100,4.9007533430907815,1.5675643282479443,4.050248636774113,,0,5,2.3953546169851475e-10,0,0,0,0,1,1,146.5768809357944,NO_RAW_BREAK_CROSSING,S0_G0,TIME_REGULAR,PROCESSED,bdae5b771f8a33a4dbdd84d5691af3bd371d74e73ed5938a82f2960b2d221625
9961,100,9,0.09,,True,False,False,0,18,73,82,9,0.8902439024390244,,3.5971992566324893,0.8457445590294759,0.6182536115033184,1.8465513669130564,2.2612783851225062,2.842384842460381,,82,0,True,1,0,18,3,0,0,163.46915717744855,,100.60162309677831,,RAW_WINDOWS_DT30_DISTANCE400_V1,100,100,0,1.0,,100,3.5971992566324893,0.9354610842451042,2.5793811408934197,,0,5,2.603316589123204e-10,0,0,0,0,1,1,163.46915717744855,NO_RAW_BREAK_CROSSING,R0,UNIFORM,PROCESSED,6da050911ae901137caee4d6b3a9d2f829160b5c05d9f7dcb685522a1f5cd57f
9961,100,9,0.09,,True,False,False,0,18,73,82,9,0.8902439024390244,,3.5971992566324893,0.8457445590294759,0.6182536115033184,1.8465513669130564,2.2612783851225062,2.842384842460381,,82,0,True,1,0,18,3,0,0,163.46915717744855,,100.60162309677831,,RAW_WINDOWS_DT30_DISTANCE400_V1,100,100,0,1.0,,100,3.5971992566324893,0.9354610842451042,2.5793811408934197,,0,5,2.603316589123204e-10,0,0,0,0,1,1,163.46915717744855,NO_RAW_BREAK_CROSSING,S0,UNIFORM,PROCESSED,27da969991a9ac9f1915709f7dce121f2442c042ddec51651f61936fb0bd8761
9961,100,9,0.09,,True,False,False,0,5,86,95,9,0.9052631578947369,,3.5971992566324893,0.9627101670324055,0.6608129907043044,2.030097803472297,2.6019991589494755,3.10251195342845,,95,0,True,1,0,5,3,0,0,163.46915717744855,,104.99794884077086,,RAW_WINDOWS_DT30_DISTANCE400_V1,100,100,0,1.0,,100,3.5971992566324893,0.9649229120146292,2.5793811408934197,,0,5,2.603316589123204e-10,0,0,0,0,1,1,163.46915717744855,NO_RAW_BREAK_CROSSING,G0,TIME_REGULAR,PROCESSED,29d3e15665042da000f85e9dcc45f8e9f1869efb34106d01f5727a1b06917371
9961,100,9,0.09,,True,False,False,0,5,86,95,9,0.9052631578947369,,3.5971992566324893,0.9627101670324055,0.6608129907043044,2.030097803472297,2.6019991589494755,3.10251195342845,,95,0,True,1,0,5,3,0,0,163.46915717744855,,104.99794884077086,,RAW_WINDOWS_DT30_DISTANCE400_V1,100,100,0,1.0,,100,3.5971992566324893,0.9649229120146292,2.5793811408934197,,0,5,2.603316589123204e-10,0,0,0,0,1,1,163.46915717744855,NO_RAW_BREAK_CROSSING,S0_G0,TIME_REGULAR,PROCESSED,c4facf07a71dfa19cbc320bf75991c44c934f34b60aee9cc0ace970723448808
10134,106,39,0.36792452830188677,,True,False,False,0,7,60,99,39,0.6060606060606061,,4.463542290055616,0.9483197971130942,0.343824200190456,2.8285760915106453,3.3247170019625054,4.399341684192259,,99,0,True,1,0,7,3,0,0,4861.706839723685,,4780.51586055315,,RAW_WINDOWS_DT30_DISTANCE400_V1,106,106,0,1.0,,106,78.1643707357406,1.6895186110885019,3.4040902495759062,,1,5,2.1609396522009615e-10,0,0,0,0,1,1,4861.706839723685,NO_RAW_BREAK_CROSSING,R0,UNIFORM,PROCESSED,b25143700b537c990f6e057e676c5561e1294fb0dc22d6c3745c13fcdc643860
10134,106,39,0.36792452830188677,,True,False,False,0,7,60,99,39,0.6060606060606061,,4.463542290055616,0.9483197971130942,0.343824200190456,2.8285760915106453,3.3247170019625054,4.399341684192259,,99,0,True,1,0,7,3,0,0,4861.706839723685,,4780.51586055315,,RAW_WINDOWS_DT30_DISTANCE400_V1,106,106,0,1.0,,106,78.1643707357406,1.6895186110885019,3.4040902495759062,,1,5,2.1609396522009615e-10,0,0,0,0,1,1,4861.706839723685,NO_RAW_BREAK_CROSSING,S0,UNIFORM,PROCESSED,caa747db65e402e0dd20205ee59ccd5e3bc6f047119ebfa6a65bd03589eb8309
10134,106,41,0.3867924528301887,,True,False,False,0,6,59,100,41,0.5900000000000001,,4.463542290055616,0.8829224634243817,0.2821560020497458,2.757184952917033,3.318611367530706,4.398686575969164,,100,0,True,1,0,6,3,0,0,4861.706839723685,,4780.578189908954,,RAW_WINDOWS_DT30_DISTANCE400_V1,106,106,0,1.0,,106,78.1643707357406,1.609499914296341,3.4040902495759062,,1,5,2.1609396522009615e-10,0,0,0,0,1,1,4861.706839723685,NO_RAW_BREAK_CROSSING,G0,TIME_REGULAR,PROCESSED,29a5ed601948c553c5a31e0ae59870c137a60bf962bc46b9c654f2706fb3dac3
10134,106,41,0.3867924528301887,,True,False,False,0,6,59,100,41,0.5900000000000001,,4.463542290055616,0.8829224634243817,0.2821560020497458,2.757184952917033,3.318611367530706,4.398686575969164,,100,0,True,1,0,6,3,0,0,4861.706839723685,,4780.578189908954,,RAW_WINDOWS_DT30_DISTANCE400_V1,106,106,0,1.0,,106,78.1643707357406,1.609499914296341,3.4040902495759062,,1,5,2.1609396522009615e-10,0,0,0,0,1,1,4861.706839723685,NO_RAW_BREAK_CROSSING,S0_G0,TIME_REGULAR,PROCESSED,c4a0a7dd15f43e37b38ba56280ca53ef9063244000838f7a8cc7546418b9f062
9534,98,12,0.12244897959183673,,True,False,False,0,13,73,85,12,0.8588235294117648,,3.718470037541277,1.168626869918373,0.8811889005013817,2.7576814249679757,3.204747023666964,3.482996013369005,,85,0,True,1,0,13,3,0,0,195.54931281238274,,166.0082797955192,,RAW_WINDOWS_DT30_DISTANCE400_V1,98,98,0,1.0,,98,3.718470037541277,1.1253111350829155,3.206698400470948,,0,5,2.3700022249073e-10,0,0,0,0,1,1,195.54931281238274,NO_RAW_BREAK_CROSSING,R0,UNIFORM,PROCESSED,c27f70a6fa2394b88450a02c3ff12aa24373a58fac5e2a56fcc1c6e2e6eb76c5
9534,98,12,0.12244897959183673,,True,False,False,0,13,73,85,12,0.8588235294117648,,3.718470037541277,1.168626869918373,0.8811889005013817,2.7576814249679757,3.204747023666964,3.482996013369005,,85,0,True,1,0,13,3,0,0,195.54931281238274,,166.0082797955192,,RAW_WINDOWS_DT30_DISTANCE400_V1,98,98,0,1.0,,98,3.718470037541277,1.1253111350829155,3.206698400470948,,0,5,2.3700022249073e-10,0,0,0,0,1,1,195.54931281238274,NO_RAW_BREAK_CROSSING,S0,UNIFORM,PROCESSED,c069409cfab947afd4787abf93be4df413057ff058c72298707014d908f34269
9534,98,11,0.11224489795918367,,True,False,False,0,4,83,94,11,0.8829787234042553,,4.464256068024215,1.3513166190950303,1.1060911509292124,3.104855402484122,3.4177238498957427,4.289308054246742,,94,0,True,1,0,4,3,0,0,195.54931281238274,,162.66033735004993,,RAW_WINDOWS_DT30_DISTANCE400_V1,98,98,0,1.0,,98,4.464256068024215,1.3246230962421006,3.4114407826979485,,0,5,2.3700022249073e-10,0,0,0,0,1,1,195.54931281238274,NO_RAW_BREAK_CROSSING,G0,TIME_REGULAR,PROCESSED,29fa451c4672a3c3d0677dee33b1266b5426376f6bc7b49fc941f8d9b33f9e2c
9534,98,11,0.11224489795918367,,True,False,False,0,4,83,94,11,0.8829787234042553,,4.464256068024215,1.3513166190950303,1.1060911509292124,3.104855402484122,3.4177238498957427,4.289308054246742,,94,0,True,1,0,4,3,0,0,195.54931281238274,,162.66033735004993,,RAW_WINDOWS_DT30_DISTANCE400_V1,98,98,0,1.0,,98,4.464256068024215,1.3246230962421006,3.4114407826979485,,0,5,2.3700022249073e-10,0,0,0,0,1,1,195.54931281238274,NO_RAW_BREAK_CROSSING,S0_G0,TIME_REGULAR,PROCESSED,c42c54ffdd7e1b40aa85b1d4970799215a122a5223fc176e874465a45ed94451
11377,100,10,0.1,,True,False,False,0,27,63,73,10,0.863013698630137,,3.4046198716150826,1.0676929706540772,0.9935573379475575,2.5907271501410243,2.8927387200661774,3.1282721736889796,,73,0,True,1,0,27,3,0,0,229.38336560172044,,139.71997273917427,,RAW_WINDOWS_DT30_DISTANCE400_V1,100,100,0,1.0,,100,6.008811563661463,1.2127177355854417,3.0347443545798494,,3,5,2.860065246642211e-10,0,0,0,0,1,1,229.38336560172044,NO_RAW_BREAK_CROSSING,R0,UNIFORM,PROCESSED,4dd1d28d56011e2cd51f8747dbbaddcf53bba651d4a032cfe5a404ec3ad9c79d
11377,100,10,0.1,,True,False,False,0,27,63,73,10,0.863013698630137,,3.4046198716150826,1.0676929706540772,0.9935573379475575,2.5907271501410243,2.8927387200661774,3.1282721736889796,,73,0,True,1,0,27,3,0,0,229.38336560172044,,139.71997273917427,,RAW_WINDOWS_DT30_DISTANCE400_V1,100,100,0,1.0,,100,6.008811563661463,1.2127177355854417,3.0347443545798494,,3,5,2.860065246642211e-10,0,0,0,0,1,1,229.38336560172044,NO_RAW_BREAK_CROSSING,S0,UNIFORM,PROCESSED,50429d71e38675ee7a6ba2abde219781ae226761bd1bf4a40514741805c08c05
11377,100,10,0.1,,True,False,False,0,11,79,89,10,0.8876404494382022,,3.6147264833692385,1.1814256486047718,0.9935573379475575,2.644836528947102,3.0193019255347626,3.596086762816997,,89,0,True,1,0,11,3,0,0,229.38336560172044,,147.76305611375483,,RAW_WINDOWS_DT30_DISTANCE400_V1,100,100,0,1.0,,100,3.6147264833692385,1.1718139252910622,3.0229893654857576,,0,5,2.860065246642211e-10,0,0,0,0,1,1,229.38336560172044,NO_RAW_BREAK_CROSSING,G0,TIME_REGULAR,PROCESSED,7af1e2ff70ec5b0a8e9799db766f71fd9a9e25995032c45bd816dc81c6dfd849
11377,100,10,0.1,,True,False,False,0,11,79,89,10,0.8876404494382022,,3.6147264833692385,1.1814256486047718,0.9935573379475575,2.644836528947102,3.0193019255347626,3.596086762816997,,89,0,True,1,0,11,3,0,0,229.38336560172044,,147.76305611375483,,RAW_WINDOWS_DT30_DISTANCE400_V1,100,100,0,1.0,,100,3.6147264833692385,1.1718139252910622,3.0229893654857576,,0,5,2.860065246642211e-10,0,0,0,0,1,1,229.38336560172044,NO_RAW_BREAK_CROSSING,S0_G0,TIME_REGULAR,PROCESSED,e5b5f18d4352a5941e8bf5f32cbdee226ad04679d605454b64551f8fbea41f24
1645,99,10,0.10101010101010101,,True,False,False,0,17,72,82,10,0.8780487804878049,,4.964323410892863,1.1307874856282882,0.9073622008507662,2.577887643148065,3.182386396538248,4.126743306487908,,82,0,True,1,0,17,3,0,0,198.3713402333565,,117.57470936280036,,RAW_WINDOWS_DT30_DISTANCE400_V1,99,99,0,1.0,,99,5.312370494742702,1.231730556629722,3.492308499827411,,1,5,7.265777310435867e-10,0,0,0,0,1,1,198.3713402333565,NO_RAW_BREAK_CROSSING,R0,UNIFORM,PROCESSED,7d47e62c17763a905c7c29a68cb8aab427ed57b54522275e7b1e1fb89f244227
1645,99,10,0.10101010101010101,,True,False,False,0,17,72,82,10,0.8780487804878049,,4.964323410892863,1.1307874856282882,0.9073622008507662,2.577887643148065,3.182386396538248,4.126743306487908,,82,0,True,1,0,17,3,0,0,198.3713402333565,,117.57470936280036,,RAW_WINDOWS_DT30_DISTANCE400_V1,99,99,0,1.0,,99,5.312370494742702,1.231730556629722,3.492308499827411,,1,5,7.265777310435867e-10,0,0,0,0,1,1,198.3713402333565,NO_RAW_BREAK_CROSSING,S0,UNIFORM,PROCESSED,f1d8ff30cdd0b52269bec2da384a3c4a6102c0f6721f6afc2d77eb6bee4dda2a
1645,99,11,0.1111111111111111,,True,False,False,0,10,78,89,11,0.8764044943820225,,4.964323410892863,1.0970062573160178,0.8982150556026713,2.3391850817098723,3.1507834785282762,4.054359840675141,,89,0,True,1,0,10,3,0,0,198.3713402333565,,123.62737725029156,,RAW_WINDOWS_DT30_DISTANCE400_V1,99,99,0,1.0,,99,4.964323410892863,1.0885342221563055,3.076067851538655,,0,5,7.265777310435867e-10,0,0,0,0,1,1,198.3713402333565,NO_RAW_BREAK_CROSSING,G0,TIME_REGULAR,PROCESSED,e49f9e44794e7342a4a1a07ea5246c7c83e6ff2756c4254d5335a03f6a5d3605
1645,99,11,0.1111111111111111,,True,False,False,0,10,78,89,11,0.8764044943820225,,4.964323410892863,1.0970062573160178,0.8982150556026713,2.3391850817098723,3.1507834785282762,4.054359840675141,,89,0,True,1,0,10,3,0,0,198.3713402333565,,123.62737725029156,,RAW_WINDOWS_DT30_DISTANCE400_V1,99,99,0,1.0,,99,4.964323410892863,1.0885342221563055,3.076067851538655,,0,5,7.265777310435867e-10,0,0,0,0,1,1,198.3713402333565,NO_RAW_BREAK_CROSSING,S0_G0,TIME_REGULAR,PROCESSED,3c56350406b49b89a875d91945cbf4f5926a0212a147a0212df74e8dc87e0448
2720,97,18,0.18556701030927836,,True,False,False,0,25,54,72,18,0.75,,4.86030328220884,1.1247017074543617,0.8825349156316045,2.38910005727638,2.939546159331395,4.507173023093521,,72,0,True,1,0,25,3,0,0,1975.71469961406,,1853.349276558303,,RAW_WINDOWS_DT30_DISTANCE400_V1,97,97,0,1.0,,97,14.321333707431704,1.6528009586561268,4.061186978151227,,2,5,3.6437617292502246e-10,0,0,0,0,1,1,1975.71469961406,NO_RAW_BREAK_CROSSING,R0,UNIFORM,PROCESSED,1feab36fce41c979b6034da703c226ffd017ae94289ccf4d158ab823e92ff156
2720,97,18,0.18556701030927836,,True,False,False,0,25,54,72,18,0.75,,4.86030328220884,1.1247017074543617,0.8825349156316045,2.38910005727638,2.939546159331395,4.507173023093521,,72,0,True,1,0,25,3,0,0,1975.71469961406,,1853.349276558303,,RAW_WINDOWS_DT30_DISTANCE400_V1,97,97,0,1.0,,97,14.321333707431704,1.6528009586561268,4.061186978151227,,2,5,3.6437617292502246e-10,0,0,0,0,1,1,1975.71469961406,NO_RAW_BREAK_CROSSING,S0,UNIFORM,PROCESSED,c96822c8a2a494e6aaf974b37bfda5714ab4a204b759281acac53aac27fa027c
2720,97,19,0.1958762886597938,,True,False,False,0,13,65,84,19,0.7738095238095238,,4.259715819548061,1.1364876191051658,0.8825349156316045,2.400250630677685,3.473559932301361,4.053742146598849,,84,0,True,1,0,13,3,0,0,1975.71469961406,,1859.5761123387067,,RAW_WINDOWS_DT30_DISTANCE400_V1,97,97,0,1.0,,97,14.321333707431704,1.3842690073242108,3.7734547973867754,,1,5,3.6437617292502246e-10,0,0,0,0,1,1,1975.71469961406,NO_RAW_BREAK_CROSSING,G0,TIME_REGULAR,PROCESSED,92b1184840c150bd61699a7aacf5402b0aa1a4f7d62a60dee7a6d03121cd8c69
2720,97,19,0.1958762886597938,,True,False,False,0,13,65,84,19,0.7738095238095238,,4.259715819548061,1.1364876191051658,0.8825349156316045,2.400250630677685,3.473559932301361,4.053742146598849,,84,0,True,1,0,13,3,0,0,1975.71469961406,,1859.5761123387067,,RAW_WINDOWS_DT30_DISTANCE400_V1,97,97,0,1.0,,97,14.321333707431704,1.3842690073242108,3.7734547973867754,,1,5,3.6437617292502246e-10,0,0,0,0,1,1,1975.71469961406,NO_RAW_BREAK_CROSSING,S0_G0,TIME_REGULAR,PROCESSED,d14ec65618c76ebb314c00849388766dbc43d03b104fcf581db0f0a33f64b66d
54,100,16,0.16,,True,False,False,0,12,72,88,16,0.8181818181818181,,4.916547445249192,1.1775129394908768,0.9025049422429002,2.8283914826048693,3.340244155262644,4.7009278498399185,,88,0,True,1,0,12,3,0,0,389.29135306269256,,314.92734742457617,,RAW_WINDOWS_DT30_DISTANCE400_V1,100,100,0,1.0,,100,7.347088134274244,1.3978663667379982,3.8318870151092894,,1,5,2.082727834451193e-10,0,0,0,0,1,1,389.29135306269256,NO_RAW_BREAK_CROSSING,R0,UNIFORM,PROCESSED,a0af2322f9718ddde9537ff3c2b24630abe1b10ac9f141952e677876a3b47298
54,100,16,0.16,,True,False,False,0,12,72,88,16,0.8181818181818181,,4.916547445249192,1.1775129394908768,0.9025049422429002,2.8283914826048693,3.340244155262644,4.7009278498399185,,88,0,True,1,0,12,3,0,0,389.29135306269256,,314.92734742457617,,RAW_WINDOWS_DT30_DISTANCE400_V1,100,100,0,1.0,,100,7.347088134274244,1.3978663667379982,3.8318870151092894,,1,5,2.082727834451193e-10,0,0,0,0,1,1,389.29135306269256,NO_RAW_BREAK_CROSSING,S0,UNIFORM,PROCESSED,ddc66913f7422062946d95afc8ae084a1e3791cb117627b330da232ba9bbedf2
54,100,15,0.15,,True,False,False,0,7,78,93,15,0.8387096774193549,,4.916547445249192,1.1486389179295278,0.8271680999209226,2.617706988613997,3.2776823924324723,4.688535919069272,,93,0,True,1,0,7,3,0,0,389.29135306269256,,321.143179427383,,RAW_WINDOWS_DT30_DISTANCE400_V1,100,100,0,1.0,,100,7.347088134274244,1.2537678160196832,3.348604512583094,,1,5,2.082727834451193e-10,0,0,0,0,1,1,389.29135306269256,NO_RAW_BREAK_CROSSING,G0,TIME_REGULAR,PROCESSED,47a46f4c3e9edf7fb4a38a709ea9e25942fc1976133ff1df23180692e9ea430f
54,100,15,0.15,,True,False,False,0,7,78,93,15,0.8387096774193549,,4.916547445249192,1.1486389179295278,0.8271680999209226,2.617706988613997,3.2776823924324723,4.688535919069272,,93,0,True,1,0,7,3,0,0,389.29135306269256,,321.143179427383,,RAW_WINDOWS_DT30_DISTANCE400_V1,100,100,0,1.0,,100,7.347088134274244,1.2537678160196832,3.348604512583094,,1,5,2.082727834451193e-10,0,0,0,0,1,1,389.29135306269256,NO_RAW_BREAK_CROSSING,S0_G0,TIME_REGULAR,PROCESSED,8aae0f97090395b2e3a49d1d97154ecf916ad551d717d514a94daaf01208a4cb
3215,99,3,0.030303030303030304,,True,False,False,0,20,76,79,3,0.9620253164556962,,4.408829370442471,1.4254729197520235,1.28607197256784,2.7325883006625804,3.6023509696296907,4.257608179515975,,79,0,True,1,0,20,3,0,0,100.24540867787175,,22.85094142167342,,RAW_WINDOWS_DT30_DISTANCE400_V1,99,99,0,1.0,,99,4.408829370442471,1.356944705200387,3.5488054471892525,,0,5,1.0830017149059005e-10,0,0,0,0,1,1,100.24540867787175,NO_RAW_BREAK_CROSSING,R0,UNIFORM,PROCESSED,84f694302043166923f2823d0f1080272084ff9ea612e7f93e98b3b0d4fe9b59
3215,99,3,0.030303030303030304,,True,False,False,0,20,76,79,3,0.9620253164556962,,4.408829370442471,1.4254729197520235,1.28607197256784,2.7325883006625804,3.6023509696296907,4.257608179515975,,79,0,True,1,0,20,3,0,0,100.24540867787175,,22.85094142167342,,RAW_WINDOWS_DT30_DISTANCE400_V1,99,99,0,1.0,,99,4.408829370442471,1.356944705200387,3.5488054471892525,,0,5,1.0830017149059005e-10,0,0,0,0,1,1,100.24540867787175,NO_RAW_BREAK_CROSSING,S0,UNIFORM,PROCESSED,ee9f39f1e2672f663415ba33060568de74238a78e54fe8b2f727897378ece938
3215,99,3,0.030303030303030304,,True,False,False,0,12,84,87,3,0.9655172413793104,,4.408829370442471,1.4215095047860047,1.311024866632431,2.6546111065225477,3.569975435346242,4.242098313779924,,87,0,True,1,0,12,3,0,0,100.24540867787175,,22.85094142167342,,RAW_WINDOWS_DT30_DISTANCE400_V1,99,99,0,1.0,,99,4.408829370442471,1.356944705200387,3.5488054471892525,,0,5,1.0830017149059005e-10,0,0,0,0,1,1,100.24540867787175,NO_RAW_BREAK_CROSSING,G0,TIME_REGULAR,PROCESSED,1bb74d751615df187a0031e92d111d4978c3f97a47f07996f7036eca33ab6110
3215,99,3,0.030303030303030304,,True,False,False,0,12,84,87,3,0.9655172413793104,,4.408829370442471,1.4215095047860047,1.311024866632431,2.6546111065225477,3.569975435346242,4.242098313779924,,87,0,True,1,0,12,3,0,0,100.24540867787175,,22.85094142167342,,RAW_WINDOWS_DT30_DISTANCE400_V1,99,99,0,1.0,,99,4.408829370442471,1.356944705200387,3.5488054471892525,,0,5,1.0830017149059005e-10,0,0,0,0,1,1,100.24540867787175,NO_RAW_BREAK_CROSSING,S0_G0,TIME_REGULAR,PROCESSED,771d4107b067fc63c7faae9fb96b14bda86abeb171148e84c7e8be3dbf35eb37
295,99,15,0.15151515151515152,,True,False,False,0,14,70,85,15,0.8235294117647058,,4.149238134909962,1.2081803783327258,0.7979697287994373,2.8337171794739953,3.65970272666762,4.13236693549197,,85,0,True,1,0,14,3,0,0,1421.45656981529,,1240.9417841337522,,RAW_WINDOWS_DT30_DISTANCE400_V1,99,99,0,1.0,,99,12.379730661968964,1.4940020935635692,4.051312351340283,,2,5,2.571899791355313e-10,0,0,0,0,1,1,1421.45656981529,NO_RAW_BREAK_CROSSING,R0,UNIFORM,PROCESSED,49dcde279682a8cf28cb88096ad6c31219087eb19eace3a76a579e93c4dc5a00
295,99,15,0.15151515151515152,,True,False,False,0,14,70,85,15,0.8235294117647058,,4.149238134909962,1.2081803783327258,0.7979697287994373,2.8337171794739953,3.65970272666762,4.13236693549197,,85,0,True,1,0,14,3,0,0,1421.45656981529,,1240.9417841337522,,RAW_WINDOWS_DT30_DISTANCE400_V1,99,99,0,1.0,,99,12.379730661968964,1.4940020935635692,4.051312351340283,,2,5,2.571899791355313e-10,0,0,0,0,1,1,1421.45656981529,NO_RAW_BREAK_CROSSING,S0,UNIFORM,PROCESSED,88c65ad112876a64d2042e8e03f93fcc8ae235f2575a2f3409da475d937717d6
295,99,17,0.1717171717171717,,True,False,False,0,8,74,91,17,0.8131868131868132,,4.9171832616969215,1.261358467143328,0.7979697287994373,3.310595853753575,3.7800579231541493,4.226032647588654,,91,0,True,1,0,8,3,0,0,1421.45656981529,,1252.9304001263781,,RAW_WINDOWS_DT30_DISTANCE400_V1,99,99,0,1.0,,99,8.438107401472127,1.4215667475967517,4.051312351340283,,1,5,2.571899791355313e-10,0,0,0,0,1,1,1421.45656981529,NO_RAW_BREAK_CROSSING,G0,TIME_REGULAR,PROCESSED,5abe166218a6e3c2a106a6855f6b29f3703120ba12c0ed81fe86f38a15c4255b
295,99,17,0.1717171717171717,,True,False,False,0,8,74,91,17,0.8131868131868132,,4.9171832616969215,1.261358467143328,0.7979697287994373,3.310595853753575,3.7800579231541493,4.226032647588654,,91,0,True,1,0,8,3,0,0,1421.45656981529,,1252.9304001263781,,RAW_WINDOWS_DT30_DISTANCE400_V1,99,99,0,1.0,,99,8.438107401472127,1.4215667475967517,4.051312351340283,,1,5,2.571899791355313e-10,0,0,0,0,1,1,1421.45656981529,NO_RAW_BREAK_CROSSING,S0_G0,TIME_REGULAR,PROCESSED,e6180b390b7f138add9a7ad591a59c3737a02d79c7b3b0d7e28724f056c12ebf
7810,100,10,0.1,,True,False,False,0,5,85,95,10,0.8947368421052632,,3.1294709541643644,0.9447621010489379,0.7693396459434646,2.2251989216440546,2.410621934967496,2.9287963146791465,,95,0,True,1,0,5,3,0,0,175.66805389676801,,131.99970566603318,,RAW_WINDOWS_DT30_DISTANCE400_V1,100,100,0,1.0,,100,3.1294709541643644,0.9723968827955823,2.400699934601325,,0,5,8.86604012435461e-11,0,0,0,0,1,1,175.66805389676801,NO_RAW_BREAK_CROSSING,R0,UNIFORM,PROCESSED,c028148c3308c279a13837989492a27dfb1c2fecf1ea05aa03e8e054cd7260ac
7810,100,10,0.1,,True,False,False,0,5,85,95,10,0.8947368421052632,,3.1294709541643644,0.9447621010489379,0.7693396459434646,2.2251989216440546,2.410621934967496,2.9287963146791465,,95,0,True,1,0,5,3,0,0,175.66805389676801,,131.99970566603318,,RAW_WINDOWS_DT30_DISTANCE400_V1,100,100,0,1.0,,100,3.1294709541643644,0.9723968827955823,2.400699934601325,,0,5,8.86604012435461e-11,0,0,0,0,1,1,175.66805389676801,NO_RAW_BREAK_CROSSING,S0,UNIFORM,PROCESSED,d1f10bf6b99f6de3f748e2a4b9fe044aca0632d6b84a96c73b59e0d34bf65a67
7810,100,10,0.1,,True,False,False,0,2,88,98,10,0.8979591836734694,,3.1294709541643644,0.9807456180939023,0.8381932004742185,2.2748387383430626,2.4046687347477933,2.9223918049083415,,98,0,True,1,0,2,3,0,0,175.66805389676801,,131.99970566603318,,RAW_WINDOWS_DT30_DISTANCE400_V1,100,100,0,1.0,,100,3.1294709541643644,0.9723968827955823,2.400699934601325,,0,5,8.86604012435461e-11,0,0,0,0,1,1,175.66805389676801,NO_RAW_BREAK_CROSSING,G0,TIME_REGULAR,PROCESSED,e373428de028daaa5a6bf5d0c8a206c4d667684e08fb2c3d1978cbc9047743a3
7810,100,10,0.1,,True,False,False,0,2,88,98,10,0.8979591836734694,,3.1294709541643644,0.9807456180939023,0.8381932004742185,2.2748387383430626,2.4046687347477933,2.9223918049083415,,98,0,True,1,0,2,3,0,0,175.66805389676801,,131.99970566603318,,RAW_WINDOWS_DT30_DISTANCE400_V1,100,100,0,1.0,,100,3.1294709541643644,0.9723968827955823,2.400699934601325,,0,5,8.86604012435461e-11,0,0,0,0,1,1,175.66805389676801,NO_RAW_BREAK_CROSSING,S0_G0,TIME_REGULAR,PROCESSED,a8571bf75bf03e30b89d9587a4de48e8a18a0a65647bdba21065ef54a4cf41e5
9055,100,6,0.06,,True,False,False,0,11,83,89,6,0.9325842696629214,,4.308335375883573,1.2259330977382175,0.8982340563776247,3.5273869195372436,3.9349820901923613,4.215337417345641,,89,0,True,1,0,11,3,0,0,118.17322302703387,,62.880245244281454,,RAW_WINDOWS_DT30_DISTANCE400_V1,100,100,0,1.0,,100,4.308335375883573,1.180435958579902,3.8151261505538545,,0,5,1.5335833400967758e-10,0,0,0,0,1,1,118.17322302703387,NO_RAW_BREAK_CROSSING,R0,UNIFORM,PROCESSED,210269e6d25fc29ce13d952baccd5fc910fa892ddefe76b45cd9cc9882692a3e
9055,100,6,0.06,,True,False,False,0,11,83,89,6,0.9325842696629214,,4.308335375883573,1.2259330977382175,0.8982340563776247,3.5273869195372436,3.9349820901923613,4.215337417345641,,89,0,True,1,0,11,3,0,0,118.17322302703387,,62.880245244281454,,RAW_WINDOWS_DT30_DISTANCE400_V1,100,100,0,1.0,,100,4.308335375883573,1.180435958579902,3.8151261505538545,,0,5,1.5335833400967758e-10,0,0,0,0,1,1,118.17322302703387,NO_RAW_BREAK_CROSSING,S0,UNIFORM,PROCESSED,0a19ea7f9edcc6a1ca72fe9cafe1e552fbfdb44279a8ceb6d074c77625d2e7ab
9055,100,6,0.06,,True,False,False,0,1,93,99,6,0.9393939393939394,,4.308335375883573,1.173247694037949,0.7413426116709676,3.5145514465040653,3.8260221450664456,4.204769467511784,,99,0,True,1,0,1,3,0,0,118.17322302703387,,63.174738796476944,,RAW_WINDOWS_DT30_DISTANCE400_V1,100,100,0,1.0,,100,4.308335375883573,1.1731745656422898,3.8151261505538545,,0,5,1.5335833400967758e-10,0,0,0,0,1,1,118.17322302703387,NO_RAW_BREAK_CROSSING,G0,TIME_REGULAR,PROCESSED,4743ed6c4297f5847efe24a8ae047968384b3c4876d32a614503ed5411ebae5b
9055,100,6,0.06,,True,False,False,0,1,93,99,6,0.9393939393939394,,4.308335375883573,1.173247694037949,0.7413426116709676,3.5145514465040653,3.8260221450664456,4.204769467511784,,99,0,True,1,0,1,3,0,0,118.17322302703387,,63.174738796476944,,RAW_WINDOWS_DT30_DISTANCE400_V1,100,100,0,1.0,,100,4.308335375883573,1.1731745656422898,3.8151261505538545,,0,5,1.5335833400967758e-10,0,0,0,0,1,1,118.17322302703387,NO_RAW_BREAK_CROSSING,S0_G0,TIME_REGULAR,PROCESSED,78a09c9172afba8aabf229e3e7fab17d61dadb3bb3057d26ab7a5463b324051a
8745,99,9,0.09090909090909091,,True,False,False,0,70,20,29,9,0.6896551724137931,,4.382518028355571,1.199000021492384,0.7478247731010036,3.1040595657447843,3.7662281537526594,4.255106791996894,,29,0,True,1,0,70,3,0,0,528.8280840692779,,154.39113144426017,,RAW_WINDOWS_DT30_DISTANCE400_V1,99,99,0,1.0,,99,19.209304929834953,3.0335333077916617,10.838662896055428,,16,5,1.7892381393683425e-10,0,0,0,0,1,1,528.8280840692779,NO_RAW_BREAK_CROSSING,R0,UNIFORM,PROCESSED,85186aca9627b186c842e4da1508aa55e94fd80b163bf129be4bd714009c2605
8745,99,9,0.09090909090909091,,True,False,False,0,70,20,29,9,0.6896551724137931,,4.382518028355571,1.199000021492384,0.7478247731010036,3.1040595657447843,3.7662281537526594,4.255106791996894,,29,0,True,1,0,70,3,0,0,528.8280840692779,,154.39113144426017,,RAW_WINDOWS_DT30_DISTANCE400_V1,99,99,0,1.0,,99,19.209304929834953,3.0335333077916617,10.838662896055428,,16,5,1.7892381393683425e-10,0,0,0,0,1,1,528.8280840692779,NO_RAW_BREAK_CROSSING,S0,UNIFORM,PROCESSED,de8eb2de485922bec4ee5a5e58723cda567aa41d6b73b90ddc3b25e93b2c52a5
8745,99,14,0.1414141414141414,,True,False,False,0,54,31,45,14,0.6888888888888889,,4.382518028355571,1.5269749643135049,1.070031634552905,3.664427466841159,4.124796417167943,4.330653840779619,,45,0,True,1,0,54,3,0,0,528.8280840692779,,230.81225075148663,,RAW_WINDOWS_DT30_DISTANCE400_V1,99,99,0,1.0,,99,12.179306689736233,2.1242024327587767,6.046425875941258,,9,5,1.7892381393683425e-10,0,0,0,0,1,1,528.8280840692779,NO_RAW_BREAK_CROSSING,G0,TIME_REGULAR,PROCESSED,a01e803cc1f556542213f5cc60c0c9731fcbfdc13281d79b674cd5ea2132073e
8745,99,14,0.1414141414141414,,True,False,False,0,54,31,45,14,0.6888888888888889,,4.382518028355571,1.5269749643135049,1.070031634552905,3.664427466841159,4.124796417167943,4.330653840779619,,45,0,True,1,0,54,3,0,0,528.8280840692779,,230.81225075148663,,RAW_WINDOWS_DT30_DISTANCE400_V1,99,99,0,1.0,,99,12.179306689736233,2.1242024327587767,6.046425875941258,,9,5,1.7892381393683425e-10,0,0,0,0,1,1,528.8280840692779,NO_RAW_BREAK_CROSSING,S0_G0,TIME_REGULAR,PROCESSED,61b1903373372ebd979b27b57614b48413e97d5106db102e6951edd7a42efa14
880,98,11,0.11224489795918367,,True,False,False,0,19,68,79,11,0.8607594936708861,,4.193499378802081,0.9329862067073349,0.5941458935274857,2.1563852579671368,2.748369537033559,3.3928058636062977,,79,0,True,1,0,19,3,0,0,294.62401331442646,,179.25659787198103,,RAW_WINDOWS_DT30_DISTANCE400_V1,98,98,0,1.0,,98,15.656992456142172,1.429424114122283,4.1649776892599775,,3,5,1.1490111504274499e-10,0,0,0,0,1,1,294.62401331442646,NO_RAW_BREAK_CROSSING,R0,UNIFORM,PROCESSED,c6ff48b98cc6f6f458bebff7ba79c894da525920dcb5259fb6e8512c5dde3b11
880,98,11,0.11224489795918367,,True,False,False,0,19,68,79,11,0.8607594936708861,,4.193499378802081,0.9329862067073349,0.5941458935274857,2.1563852579671368,2.748369537033559,3.3928058636062977,,79,0,True,1,0,19,3,0,0,294.62401331442646,,179.25659787198103,,RAW_WINDOWS_DT30_DISTANCE400_V1,98,98,0,1.0,,98,15.656992456142172,1.429424114122283,4.1649776892599775,,3,5,1.1490111504274499e-10,0,0,0,0,1,1,294.62401331442646,NO_RAW_BREAK_CROSSING,S0,UNIFORM,PROCESSED,b50e3b5f199fd1edf80d26f84d65190fd577afaaf6b0b86fd9340ccde9fdf893
880,98,11,0.11224489795918367,,True,False,False,0,5,82,93,11,0.8817204301075269,,4.881394690719044,1.1139900066987969,0.8316768305871243,2.6527559216423064,3.357795377077456,4.309390413487907,,93,0,True,1,0,5,3,0,0,294.62401331442646,,209.9255272241784,,RAW_WINDOWS_DT30_DISTANCE400_V1,98,98,0,1.0,,98,4.881394690719044,1.1555469051821727,3.7005727989314643,,0,5,1.1490111504274499e-10,0,0,0,0,1,1,294.62401331442646,NO_RAW_BREAK_CROSSING,G0,TIME_REGULAR,PROCESSED,b71d0f2b50f059be2cf784e34b580a793ebbb742a4ae86f5fadae0f94e56c66a
880,98,11,0.11224489795918367,,True,False,False,0,5,82,93,11,0.8817204301075269,,4.881394690719044,1.1139900066987969,0.8316768305871243,2.6527559216423064,3.357795377077456,4.309390413487907,,93,0,True,1,0,5,3,0,0,294.62401331442646,,209.9255272241784,,RAW_WINDOWS_DT30_DISTANCE400_V1,98,98,0,1.0,,98,4.881394690719044,1.1555469051821727,3.7005727989314643,,0,5,1.1490111504274499e-10,0,0,0,0,1,1,294.62401331442646,NO_RAW_BREAK_CROSSING,S0_G0,TIME_REGULAR,PROCESSED,60edbf8ba081095198e0442a31358d7176f5759dadbd3c0c070857343f02bdd1
6296,99,12,0.12121212121212122,,True,False,False,0,9,78,90,12,0.8666666666666667,,4.8682121039060835,1.3351800173374497,0.9476131905779364,3.1541842966054787,3.349803083961358,4.443438179067735,,90,0,True,1,0,9,3,0,0,192.17055871306792,,154.09594559958876,,RAW_WINDOWS_DT30_DISTANCE400_V1,99,99,0,1.0,,99,4.8682121039060835,1.3865466328921316,3.4434631443639523,,0,5,4.841162848110656e-10,0,0,0,0,1,1,192.17055871306792,NO_RAW_BREAK_CROSSING,R0,UNIFORM,PROCESSED,ad0d1d3514276cf90e0dfbd1c81e01834553b5c709a6a5fa22ee44d92cb8b941
6296,99,12,0.12121212121212122,,True,False,False,0,9,78,90,12,0.8666666666666667,,4.8682121039060835,1.3351800173374497,0.9476131905779364,3.1541842966054787,3.349803083961358,4.443438179067735,,90,0,True,1,0,9,3,0,0,192.17055871306792,,154.09594559958876,,RAW_WINDOWS_DT30_DISTANCE400_V1,99,99,0,1.0,,99,4.8682121039060835,1.3865466328921316,3.4434631443639523,,0,5,4.841162848110656e-10,0,0,0,0,1,1,192.17055871306792,NO_RAW_BREAK_CROSSING,S0,UNIFORM,PROCESSED,d22c18a2eae9d09393911eecf8c517262c2960c712f868917c180e818bdf8555
6296,99,10,0.10101010101010101,,True,False,False,0,4,85,95,10,0.8947368421052632,,4.8682121039060835,1.5648600361897882,1.340708346139019,3.6895946531927084,4.324122556452977,4.713599550916683,,95,0,True,1,0,4,3,0,0,192.17055871306792,,143.85944696837095,,RAW_WINDOWS_DT30_DISTANCE400_V1,99,99,0,1.0,,99,4.8682121039060835,1.5973765875295545,4.305032420852682,,0,5,4.841162848110656e-10,0,0,0,0,1,1,192.17055871306792,NO_RAW_BREAK_CROSSING,G0,TIME_REGULAR,PROCESSED,a50a1cc822b033ac8698457cdc5147713bda6f324aecefa87085bfb9a049b14e
6296,99,10,0.10101010101010101,,True,False,False,0,4,85,95,10,0.8947368421052632,,4.8682121039060835,1.5648600361897882,1.340708346139019,3.6895946531927084,4.324122556452977,4.713599550916683,,95,0,True,1,0,4,3,0,0,192.17055871306792,,143.85944696837095,,RAW_WINDOWS_DT30_DISTANCE400_V1,99,99,0,1.0,,99,4.8682121039060835,1.5973765875295545,4.305032420852682,,0,5,4.841162848110656e-10,0,0,0,0,1,1,192.17055871306792,NO_RAW_BREAK_CROSSING,S0_G0,TIME_REGULAR,PROCESSED,8f9f5b583313cbc2df0043ab56a9127430d7cc179630fd9cb2bcb839e15fd326
4364,112,40,0.35714285714285715,,True,False,False,0,8,64,104,40,0.6153846153846154,,4.937607213186129,1.0809268539196093,0.267072921653901,3.2758495334646165,4.222847097977092,4.749833544258867,,104,0,True,1,0,8,3,0,0,3378.9002472050415,,3335.0165011349422,,RAW_WINDOWS_DT30_DISTANCE400_V1,112,112,0,1.0,,112,16.908032695231977,1.3665836330453833,4.563050960888254,,1,5,2.1093871540817135e-10,0,0,0,0,1,1,3378.9002472050415,NO_RAW_BREAK_CROSSING,R0,UNIFORM,PROCESSED,c2cd2ceac50c26ce5f5f5de9426c0e8c0c06490e84b5d4f1240b775cb954bf80
4364,112,40,0.35714285714285715,,True,False,False,0,8,64,104,40,0.6153846153846154,,4.937607213186129,1.0809268539196093,0.267072921653901,3.2758495334646165,4.222847097977092,4.749833544258867,,104,0,True,1,0,8,3,0,0,3378.9002472050415,,3335.0165011349422,,RAW_WINDOWS_DT30_DISTANCE400_V1,112,112,0,1.0,,112,16.908032695231977,1.3665836330453833,4.563050960888254,,1,5,2.1093871540817135e-10,0,0,0,0,1,1,3378.9002472050415,NO_RAW_BREAK_CROSSING,S0,UNIFORM,PROCESSED,446816a5807405157b28b55eecaeb4188167a93b6a6e94c84fb8ffc54d795a91
4364,112,40,0.35714285714285715,,True,False,False,0,3,69,109,40,0.6330275229357798,,4.66408108175379,1.2324619699597805,0.49099981124174347,2.9861582237537734,3.3615101839959576,4.408219922994503,,109,0,True,1,0,3,3,0,0,3378.9002472050415,,3342.5956155545714,,RAW_WINDOWS_DT30_DISTANCE400_V1,112,112,0,1.0,,112,15.773671593157093,1.3969338436171803,3.6327673926687356,,1,5,2.1093871540817135e-10,0,0,0,0,1,1,3378.9002472050415,NO_RAW_BREAK_CROSSING,G0,TIME_REGULAR,PROCESSED,e3aebcd08899eaaa165079fa5dfeadc846c87f660e6e30aae8072a96afe69572
4364,112,40,0.35714285714285715,,True,False,False,0,3,69,109,40,0.6330275229357798,,4.66408108175379,1.2324619699597805,0.49099981124174347,2.9861582237537734,3.3615101839959576,4.408219922994503,,109,0,True,1,0,3,3,0,0,3378.9002472050415,,3342.5956155545714,,RAW_WINDOWS_DT30_DISTANCE400_V1,112,112,0,1.0,,112,15.773671593157093,1.3969338436171803,3.6327673926687356,,1,5,2.1093871540817135e-10,0,0,0,0,1,1,3378.9002472050415,NO_RAW_BREAK_CROSSING,S0_G0,TIME_REGULAR,PROCESSED,c03dd79922b11d24875d96fa46c1689dc182336cdd63399f44f1274f9c39dc71
8161,99,9,0.09090909090909091,,True,False,False,0,7,83,92,9,0.9021739130434783,,4.899493319155054,1.5661430896332131,1.2346322961823526,3.7164448647044175,4.275745057783781,4.769751117526157,,92,0,True,1,0,7,3,0,0,149.68924445728928,,105.34447442133813,,RAW_WINDOWS_DT30_DISTANCE400_V1,99,99,0,1.0,,99,4.899493319155054,1.5817006824957758,4.259779940020302,,0,5,2.0333522060637622e-10,0,0,0,0,1,1,149.68924445728928,NO_RAW_BREAK_CROSSING,R0,UNIFORM,PROCESSED,5316e8dba8bab664548e2d9d5292f958e0d60671c7308338737dc0b843fb5f06
8161,99,9,0.09090909090909091,,True,False,False,0,7,83,92,9,0.9021739130434783,,4.899493319155054,1.5661430896332131,1.2346322961823526,3.7164448647044175,4.275745057783781,4.769751117526157,,92,0,True,1,0,7,3,0,0,149.68924445728928,,105.34447442133813,,RAW_WINDOWS_DT30_DISTANCE400_V1,99,99,0,1.0,,99,4.899493319155054,1.5817006824957758,4.259779940020302,,0,5,2.0333522060637622e-10,0,0,0,0,1,1,149.68924445728928,NO_RAW_BREAK_CROSSING,S0,UNIFORM,PROCESSED,526060c06197c0d7ae654f52463800d1bf1aad0cd16fbf8ba2d8577c2567a5ce
8161,99,9,0.09090909090909091,,True,False,False,0,5,85,94,9,0.9042553191489362,,4.75691947121121,1.5327480538176685,1.3681346381422996,3.2499044036611955,3.881204629152264,4.582100679440137,,94,0,True,1,0,5,3,0,0,149.68924445728928,,106.59000953528417,,RAW_WINDOWS_DT30_DISTANCE400_V1,99,99,0,1.0,,99,4.75691947121121,1.5473277379694266,3.8771769930431823,,0,5,2.0333522060637622e-10,0,0,0,0,1,1,149.68924445728928,NO_RAW_BREAK_CROSSING,G0,TIME_REGULAR,PROCESSED,6e5df0e55a441aa8d907546d46fc69ac294f4ee8bd2af08f010d512bdbb8b436
8161,99,9,0.09090909090909091,,True,False,False,0,5,85,94,9,0.9042553191489362,,4.75691947121121,1.5327480538176685,1.3681346381422996,3.2499044036611955,3.881204629152264,4.582100679440137,,94,0,True,1,0,5,3,0,0,149.68924445728928,,106.59000953528417,,RAW_WINDOWS_DT30_DISTANCE400_V1,99,99,0,1.0,,99,4.75691947121121,1.5473277379694266,3.8771769930431823,,0,5,2.0333522060637622e-10,0,0,0,0,1,1,149.68924445728928,NO_RAW_BREAK_CROSSING,S0_G0,TIME_REGULAR,PROCESSED,b114d57815d20acd81371e1483684f60b5a8428c816b8b7c9930fa649608e818
9481,100,6,0.06,,True,False,False,0,7,87,93,6,0.935483870967742,,4.842122621732766,1.8280306557812165,1.475542664328856,3.945915235987718,4.334674190529894,4.546894421216518,,93,0,True,1,0,7,3,0,0,196.0749201656783,,101.06303278781084,,RAW_WINDOWS_DT30_DISTANCE400_V1,100,100,0,1.0,,100,4.842122621732766,1.8366035513602268,4.369078389387893,,0,5,2.6219836696554775e-10,0,0,0,0,1,1,196.0749201656783,NO_RAW_BREAK_CROSSING,R0,UNIFORM,PROCESSED,206b8b1591a2467dbcb9c1e4c81ed2a079616f2c9940553a3efb5780a745964e
9481,100,6,0.06,,True,False,False,0,7,87,93,6,0.935483870967742,,4.842122621732766,1.8280306557812165,1.475542664328856,3.945915235987718,4.334674190529894,4.546894421216518,,93,0,True,1,0,7,3,0,0,196.0749201656783,,101.06303278781084,,RAW_WINDOWS_DT30_DISTANCE400_V1,100,100,0,1.0,,100,4.842122621732766,1.8366035513602268,4.369078389387893,,0,5,2.6219836696554775e-10,0,0,0,0,1,1,196.0749201656783,NO_RAW_BREAK_CROSSING,S0,UNIFORM,PROCESSED,5dd4a3ca2f7af05a04fbb233175fc437f39ee11cfd1046182c64d178ee76d21b
9481,100,10,0.1,,True,False,False,0,1,89,99,10,0.898989898989899,,4.18302124489139,1.2437353218413618,0.8870009622866283,2.9462658976548,3.729777640347699,3.912569051123235,,99,0,True,1,0,1,3,0,0,196.0749201656783,,137.42655811101713,,RAW_WINDOWS_DT30_DISTANCE400_V1,100,100,0,1.0,,100,4.18302124489139,1.2341532071767807,3.72908550113226,,0,5,2.6219836696554775e-10,0,0,0,0,1,1,196.0749201656783,NO_RAW_BREAK_CROSSING,G0,TIME_REGULAR,PROCESSED,08d8c32feb594ba2b637efd5b4c79214608e1bf99bc0a8c1c917e2eb94114f29
9481,100,10,0.1,,True,False,False,0,1,89,99,10,0.898989898989899,,4.18302124489139,1.2437353218413618,0.8870009622866283,2.9462658976548,3.729777640347699,3.912569051123235,,99,0,True,1,0,1,3,0,0,196.0749201656783,,137.42655811101713,,RAW_WINDOWS_DT30_DISTANCE400_V1,100,100,0,1.0,,100,4.18302124489139,1.2341532071767807,3.72908550113226,,0,5,2.6219836696554775e-10,0,0,0,0,1,1,196.0749201656783,NO_RAW_BREAK_CROSSING,S0_G0,TIME_REGULAR,PROCESSED,2fdf45f01603433a24c59dd50ff250e9d75ceaa57970f243aad1503057b34bb8
3932,103,11,0.10679611650485436,,True,False,False,0,19,73,84,11,0.8690476190476191,,4.94445273588294,1.055427624006511,0.8580868542570388,2.4718246791664136,2.9137234757844492,4.406753459386912,,84,0,True,1,0,19,3,0,0,599.1211721915457,,518.8611052955583,,RAW_WINDOWS_DT30_DISTANCE400_V1,103,103,0,1.0,,103,19.288248063845327,1.4219646664684913,3.258906892677241,,2,5,1.2290396308016355e-10,0,0,0,0,1,1,599.1211721915457,NO_RAW_BREAK_CROSSING,R0,UNIFORM,PROCESSED,437837f20d364ae76111c58bcc3c6b3f2f8a4655e135acbe58a3fbd64d0ad04f
3932,103,11,0.10679611650485436,,True,False,False,0,19,73,84,11,0.8690476190476191,,4.94445273588294,1.055427624006511,0.8580868542570388,2.4718246791664136,2.9137234757844492,4.406753459386912,,84,0,True,1,0,19,3,0,0,599.1211721915457,,518.8611052955583,,RAW_WINDOWS_DT30_DISTANCE400_V1,103,103,0,1.0,,103,19.288248063845327,1.4219646664684913,3.258906892677241,,2,5,1.2290396308016355e-10,0,0,0,0,1,1,599.1211721915457,NO_RAW_BREAK_CROSSING,S0,UNIFORM,PROCESSED,01a8603d2d6d34d9b84a63b858721015aadec58a9aa404770ded4e662c7462f3
3932,103,14,0.13592233009708737,,True,False,False,0,6,83,97,14,0.8556701030927836,,4.94445273588294,1.028332682924758,0.7825367858618179,2.389469946595788,2.823231996637728,4.322535500417648,,97,0,True,1,0,6,3,0,0,599.1211721915457,,554.7488274978462,,RAW_WINDOWS_DT30_DISTANCE400_V1,103,103,0,1.0,,103,4.94445273588294,1.0620419654425066,3.091792404570713,,0,5,1.2290396308016355e-10,0,0,0,0,1,1,599.1211721915457,NO_RAW_BREAK_CROSSING,G0,TIME_REGULAR,PROCESSED,057fdad6f71de11841a65a3742b8e83937ccb7db29701e76f00b70545b918c0b
3932,103,14,0.13592233009708737,,True,False,False,0,6,83,97,14,0.8556701030927836,,4.94445273588294,1.028332682924758,0.7825367858618179,2.389469946595788,2.823231996637728,4.322535500417648,,97,0,True,1,0,6,3,0,0,599.1211721915457,,554.7488274978462,,RAW_WINDOWS_DT30_DISTANCE400_V1,103,103,0,1.0,,103,4.94445273588294,1.0620419654425066,3.091792404570713,,0,5,1.2290396308016355e-10,0,0,0,0,1,1,599.1211721915457,NO_RAW_BREAK_CROSSING,S0_G0,TIME_REGULAR,PROCESSED,6a01667ec87c4e792aecba9eb09cfb7f0a38e3219669bcaf7e5e291bae137921
6680,98,10,0.10204081632653061,,True,False,False,0,34,54,64,10,0.84375,,4.917841534917843,1.1467189168235672,0.5601960063956406,2.9470689968305446,3.6112109091830904,4.445426089484663,,64,0,True,1,0,34,19,0,0,502.90681492905526,,214.6325014018199,,RAW_WINDOWS_DT30_DISTANCE400_V1,98,98,0,1.0,,98,92.1496750826161,2.665721603175975,6.5184127788832935,,7,5,1.8575142586072257e-10,0,0,0,0,1,1,502.90681492905526,NO_RAW_BREAK_CROSSING,R0,UNIFORM,PROCESSED,d227948471980c9e84dffb51caf53357cb6ff83f0342809925a8dca84db6e941
6680,98,10,0.10204081632653061,,True,False,False,0,34,54,64,10,0.84375,,4.917841534917843,1.1467189168235672,0.5601960063956406,2.9470689968305446,3.6112109091830904,4.445426089484663,,64,0,True,1,0,34,19,0,0,502.90681492905526,,214.6325014018199,,RAW_WINDOWS_DT30_DISTANCE400_V1,98,98,0,1.0,,98,92.1496750826161,2.665721603175975,6.5184127788832935,,7,5,1.8575142586072257e-10,0,0,0,0,1,1,502.90681492905526,NO_RAW_BREAK_CROSSING,S0,UNIFORM,PROCESSED,425d15dc4494d0aa81dc1d4053657619a6f0c894c854b856d0520759e3d164be
6680,98,9,0.09183673469387756,,True,False,False,0,23,66,75,9,0.88,,4.85441045546438,1.1203964553917631,0.6396723674050512,2.8240318524622254,3.602660083833328,4.734343341757637,,75,0,True,1,0,23,19,0,0,502.90681492905526,,211.61988608268277,,RAW_WINDOWS_DT30_DISTANCE400_V1,98,98,0,1.0,,98,92.1496750826161,2.4493138202158597,4.9628010317541325,,5,5,1.8575142586072257e-10,0,0,0,0,1,1,502.90681492905526,NO_RAW_BREAK_CROSSING,G0,TIME_REGULAR,PROCESSED,bbbfdb3320631191feaf338cbcb604b896a9d3a7c9c13bbf493c4c753fbb2f41
6680,98,9,0.09183673469387756,,True,False,False,0,23,66,75,9,0.88,,4.85441045546438,1.1203964553917631,0.6396723674050512,2.8240318524622254,3.602660083833328,4.734343341757637,,75,0,True,1,0,23,19,0,0,502.90681492905526,,211.61988608268277,,RAW_WINDOWS_DT30_DISTANCE400_V1,98,98,0,1.0,,98,92.1496750826161,2.4493138202158597,4.9628010317541325,,5,5,1.8575142586072257e-10,0,0,0,0,1,1,502.90681492905526,NO_RAW_BREAK_CROSSING,S0_G0,TIME_REGULAR,PROCESSED,764ef8dbe8d1dd14930aeaca8fbecdec0b3e5f96d5c9a9a4ffcee38bf86e5ea0
4937,97,0,0.0,,False,True,True,97,0,0,0,0,,EMPTY_DP_REFERENCE_DENOMINATOR,,,,,,,EMPTY_DP_REFERENCE,0,0,True,1,1,0,0,0,0,15.607708954908265,,,EMPTY_OUTPUT,RAW_WINDOWS_DT30_DISTANCE400_V1,97,0,97,0.0,,0,,,,NO_COVERED_RAW_POINTS,0,5,1.141985892136314e-10,0,0,0,0,1,0,15.607708954908265,NO_RAW_BREAK_CROSSING,R0,UNIFORM,ALL_FILTERED,7ad15ead02176b213fc8e445d089c9c2a147bb2eceacde9de372d81d797c4145
4937,97,2,0.020618556701030927,,True,False,False,0,0,95,97,2,0.979381443298969,,2.8345063734940807,1.9560684335914524,2.321661718344056,2.7347090610986284,2.784607695326139,2.8345063734940807,,97,0,True,1,0,0,97,0,0,15.607708954908265,,12.174452472370008,,RAW_WINDOWS_DT30_DISTANCE400_V1,97,97,0,1.0,,97,2.8345063734940807,1.9560684335914524,2.784607695326139,,0,5,1.141985892136314e-10,0,0,0,0,1,1,15.607708954908265,NO_RAW_BREAK_CROSSING,S0,UNIFORM,PROCESSED,224fce8e55b15dcb4578277c076bb89cfa735726808e85bf2a21239c5d832a40
4937,97,0,0.0,,False,True,True,97,0,0,0,0,,EMPTY_DP_REFERENCE_DENOMINATOR,,,,,,,EMPTY_DP_REFERENCE,0,0,True,1,1,0,0,0,0,15.607708954908265,,,EMPTY_OUTPUT,RAW_WINDOWS_DT30_DISTANCE400_V1,97,0,97,0.0,,0,,,,NO_COVERED_RAW_POINTS,0,5,1.141985892136314e-10,0,0,0,0,1,0,15.607708954908265,NO_RAW_BREAK_CROSSING,G0,TIME_REGULAR,ALL_FILTERED,a90acbbc0301080800bf2e91fbcab0ca1ddf046b55822631abd26b4d1e0cc9d5
4937,97,2,0.020618556701030927,,True,False,False,0,0,95,97,2,0.979381443298969,,2.8345063734940807,1.9560684335914524,2.321661718344056,2.7347090610986284,2.784607695326139,2.8345063734940807,,97,0,True,1,0,0,97,0,0,15.607708954908265,,12.174452472370008,,RAW_WINDOWS_DT30_DISTANCE400_V1,97,97,0,1.0,,97,2.8345063734940807,1.9560684335914524,2.784607695326139,,0,5,1.141985892136314e-10,0,0,0,0,1,1,15.607708954908265,NO_RAW_BREAK_CROSSING,S0_G0,TIME_REGULAR,PROCESSED,20496436d8c24dd0c0e0d4782739334380d1b7f825202b51ce5b3de05c429b97
7722,99,0,0.0,,False,True,True,99,0,0,0,0,,EMPTY_DP_REFERENCE_DENOMINATOR,,,,,,,EMPTY_DP_REFERENCE,0,0,True,1,1,0,0,0,0,22.639614866741624,,,EMPTY_OUTPUT,RAW_WINDOWS_DT30_DISTANCE400_V1,99,0,99,0.0,,0,,,,NO_COVERED_RAW_POINTS,0,5,3.194330428935369e-10,0,0,0,0,1,0,22.639614866741624,NO_RAW_BREAK_CROSSING,R0,UNIFORM,ALL_FILTERED,5dd796e6207d7333993dfcecb828d35ca6cf6deae4475ed252d3299ca01ead03
7722,99,2,0.020202020202020204,,True,False,False,0,0,97,99,2,0.9797979797979798,,1.5126987006501487,0.7556173480355901,0.6939183431560579,1.3587019675214862,1.4578023754380303,1.5126987006501487,,99,0,True,1,0,0,99,0,0,22.639614866741624,,14.724562376444066,,RAW_WINDOWS_DT30_DISTANCE400_V1,99,99,0,1.0,,99,1.5126987006501487,0.7556173480355901,1.4578023754380303,,0,5,3.194330428935369e-10,0,0,0,0,1,1,22.639614866741624,NO_RAW_BREAK_CROSSING,S0,UNIFORM,PROCESSED,486f65f760ccaac66ca8aa15540fce1b387a3692f3cd8f847378b72c9cdb04bf
7722,99,0,0.0,,False,True,True,99,0,0,0,0,,EMPTY_DP_REFERENCE_DENOMINATOR,,,,,,,EMPTY_DP_REFERENCE,0,0,True,1,1,0,0,0,0,22.639614866741624,,,EMPTY_OUTPUT,RAW_WINDOWS_DT30_DISTANCE400_V1,99,0,99,0.0,,0,,,,NO_COVERED_RAW_POINTS,0,5,3.194330428935369e-10,0,0,0,0,1,0,22.639614866741624,NO_RAW_BREAK_CROSSING,G0,TIME_REGULAR,ALL_FILTERED,ac027244297526178bebc82b2f30d9eed40a639756e1e69e8a6478d8a29ee1f1
7722,99,2,0.020202020202020204,,True,False,False,0,0,97,99,2,0.9797979797979798,,1.5126987006501487,0.7556173480355901,0.6939183431560579,1.3587019675214862,1.4578023754380303,1.5126987006501487,,99,0,True,1,0,0,99,0,0,22.639614866741624,,14.724562376444066,,RAW_WINDOWS_DT30_DISTANCE400_V1,99,99,0,1.0,,99,1.5126987006501487,0.7556173480355901,1.4578023754380303,,0,5,3.194330428935369e-10,0,0,0,0,1,1,22.639614866741624,NO_RAW_BREAK_CROSSING,S0_G0,TIME_REGULAR,PROCESSED,21eba4fdf3fd6a99a0733748eb271a32ef3bcae21d6ee1354cf6721c5884c7b1
2390,106,26,0.24528301886792453,,True,False,False,0,1,79,105,26,0.7523809523809524,,4.914099705255585,0.6523777948464189,0.22503213611590522,1.7746053163106157,2.6704724490047416,4.179644486029464,,105,0,True,1,0,1,49,0,0,4643.332720536954,,4638.201326003368,,RAW_WINDOWS_DT30_DISTANCE400_V1,106,106,0,1.0,,106,6.149609900863066,0.704238475091859,2.760099132904265,,1,5,1.9065065219485413e-10,0,0,0,0,1,1,4643.332720536954,NO_RAW_BREAK_CROSSING,R0,UNIFORM,PROCESSED,ee7d36c905a0f1db4af44c198cc8f8147eee12703196603d01fd15b58409d21c
2390,106,26,0.24528301886792453,,True,False,False,0,1,79,105,26,0.7523809523809524,,4.914099705255585,0.6523777948464189,0.22503213611590522,1.7746053163106157,2.6704724490047416,4.179644486029464,,105,0,True,1,0,1,49,0,0,4643.332720536954,,4638.201326003368,,RAW_WINDOWS_DT30_DISTANCE400_V1,106,106,0,1.0,,106,6.149609900863066,0.704238475091859,2.760099132904265,,1,5,1.9065065219485413e-10,0,0,0,0,1,1,4643.332720536954,NO_RAW_BREAK_CROSSING,S0,UNIFORM,PROCESSED,e9ed6ed58de3cd891b9c011c28c9d83ead9b11569d82e557f904404e6b09f24d
2390,106,27,0.25471698113207547,,True,False,False,0,0,79,106,27,0.7452830188679245,,4.3134427629277745,0.6475329931937314,0.19259717819628447,1.9512866041115569,2.662308268606729,4.174457287235345,,106,0,True,1,0,0,49,0,0,4643.332720536954,,4640.615219236166,,RAW_WINDOWS_DT30_DISTANCE400_V1,106,106,0,1.0,,106,4.3134427629277745,0.6475329931937314,2.662308268606729,,0,5,1.9065065219485413e-10,0,0,0,0,1,1,4643.332720536954,NO_RAW_BREAK_CROSSING,G0,TIME_REGULAR,PROCESSED,9bf3cb2c692fd37de599e251ac82893f6fbd72dadef3b5c237aaee5614b8e365
2390,106,27,0.25471698113207547,,True,False,False,0,0,79,106,27,0.7452830188679245,,4.3134427629277745,0.6475329931937314,0.19259717819628447,1.9512866041115569,2.662308268606729,4.174457287235345,,106,0,True,1,0,0,49,0,0,4643.332720536954,,4640.615219236166,,RAW_WINDOWS_DT30_DISTANCE400_V1,106,106,0,1.0,,106,4.3134427629277745,0.6475329931937314,2.662308268606729,,0,5,1.9065065219485413e-10,0,0,0,0,1,1,4643.332720536954,NO_RAW_BREAK_CROSSING,S0_G0,TIME_REGULAR,PROCESSED,cd9e3e51ae9accd4899c39b6bb0904192c310f0b496cfe2d5db08669d4033adf
2967,99,8,0.08080808080808081,,True,False,False,0,0,91,99,8,0.9191919191919192,,3.6389098345619195,1.2898024778108832,1.4305276719544862,1.868617998991012,3.2914385873142216,3.494456655622536,,99,0,True,1,0,0,83,0,0,1566.8382823156046,,1562.6709906788556,,RAW_WINDOWS_DT30_DISTANCE400_V1,99,99,0,1.0,,99,3.6389098345619195,1.2898024778108832,3.2914385873142216,,0,5,1.1330774317735099e-10,0,0,0,0,1,1,1566.8382823156046,NO_RAW_BREAK_CROSSING,R0,UNIFORM,PROCESSED,59deea0a3f6a507d9503bf1d29c92462f080d3f813f0f7217f5b6e3915acdf8b
2967,99,8,0.08080808080808081,,True,False,False,0,0,91,99,8,0.9191919191919192,,3.6389098345619195,1.2898024778108832,1.4305276719544862,1.868617998991012,3.2914385873142216,3.494456655622536,,99,0,True,1,0,0,83,0,0,1566.8382823156046,,1562.6709906788556,,RAW_WINDOWS_DT30_DISTANCE400_V1,99,99,0,1.0,,99,3.6389098345619195,1.2898024778108832,3.2914385873142216,,0,5,1.1330774317735099e-10,0,0,0,0,1,1,1566.8382823156046,NO_RAW_BREAK_CROSSING,S0,UNIFORM,PROCESSED,ea86c04b13b224de8017162f1c0683cdfecb2f9d0a1640f12c066956d7f28a2d
2967,99,8,0.08080808080808081,,True,False,False,0,0,91,99,8,0.9191919191919192,,3.6389098345619195,1.2898024778108832,1.4305276719544862,1.868617998991012,3.2914385873142216,3.494456655622536,,99,0,True,1,0,0,83,0,0,1566.8382823156046,,1562.6709906788556,,RAW_WINDOWS_DT30_DISTANCE400_V1,99,99,0,1.0,,99,3.6389098345619195,1.2898024778108832,3.2914385873142216,,0,5,1.1330774317735099e-10,0,0,0,0,1,1,1566.8382823156046,NO_RAW_BREAK_CROSSING,G0,TIME_REGULAR,PROCESSED,dc8f8572f5d0d4611a96b8157375580ec6681e824950737c92e1204457eb1e6b
2967,99,8,0.08080808080808081,,True,False,False,0,0,91,99,8,0.9191919191919192,,3.6389098345619195,1.2898024778108832,1.4305276719544862,1.868617998991012,3.2914385873142216,3.494456655622536,,99,0,True,1,0,0,83,0,0,1566.8382823156046,,1562.6709906788556,,RAW_WINDOWS_DT30_DISTANCE400_V1,99,99,0,1.0,,99,3.6389098345619195,1.2898024778108832,3.2914385873142216,,0,5,1.1330774317735099e-10,0,0,0,0,1,1,1566.8382823156046,NO_RAW_BREAK_CROSSING,S0_G0,TIME_REGULAR,PROCESSED,09c8335f8638f8176eba07f9e0b0c6922f433759de21794aa1a485f95efd3ee2
2245,100,0,0.0,,False,True,True,100,0,0,0,0,,EMPTY_DP_REFERENCE_DENOMINATOR,,,,,,,EMPTY_DP_REFERENCE,0,0,True,1,1,0,0,0,0,16.06828919758516,,,EMPTY_OUTPUT,RAW_WINDOWS_DT30_DISTANCE400_V1,100,0,100,0.0,,0,,,,NO_COVERED_RAW_POINTS,0,5,2.3211527896787467e-10,0,0,0,0,1,0,16.06828919758516,NO_RAW_BREAK_CROSSING,R0,UNIFORM,ALL_FILTERED,521e9fdcb3d9eb0af5655ecabcd39a6e6a97ca3ef8eb94b75aaaeb0a0bb9f4c7
2245,100,2,0.02,,True,False,False,0,0,98,100,2,0.98,,2.5237543122797605,0.8680620059001123,0.7108852129394126,1.6919736399563354,1.852647025945954,2.5237543122797605,,100,0,True,1,0,0,100,0,0,16.06828919758516,,9.482392415547274,,RAW_WINDOWS_DT30_DISTANCE400_V1,100,100,0,1.0,,100,2.5237543122797605,0.8680620059001123,1.852647025945954,,0,5,2.3211527896787467e-10,0,0,0,0,1,1,16.06828919758516,NO_RAW_BREAK_CROSSING,S0,UNIFORM,PROCESSED,6958fd8e0c70c8cce4fac136de8c9f1e682783e075e7980c5b2d45f1760e56ac
2245,100,0,0.0,,False,True,True,100,0,0,0,0,,EMPTY_DP_REFERENCE_DENOMINATOR,,,,,,,EMPTY_DP_REFERENCE,0,0,True,1,1,0,0,0,0,16.06828919758516,,,EMPTY_OUTPUT,RAW_WINDOWS_DT30_DISTANCE400_V1,100,0,100,0.0,,0,,,,NO_COVERED_RAW_POINTS,0,5,2.3211527896787467e-10,0,0,0,0,1,0,16.06828919758516,NO_RAW_BREAK_CROSSING,G0,TIME_REGULAR,ALL_FILTERED,510467234ca4c73dcb68135954c4f4879da671e0ff1169b40dff72a5543a7111
2245,100,2,0.02,,True,False,False,0,0,98,100,2,0.98,,2.5237543122797605,0.8680620059001123,0.7108852129394126,1.6919736399563354,1.852647025945954,2.5237543122797605,,100,0,True,1,0,0,100,0,0,16.06828919758516,,9.482392415547274,,RAW_WINDOWS_DT30_DISTANCE400_V1,100,100,0,1.0,,100,2.5237543122797605,0.8680620059001123,1.852647025945954,,0,5,2.3211527896787467e-10,0,0,0,0,1,1,16.06828919758516,NO_RAW_BREAK_CROSSING,S0_G0,TIME_REGULAR,PROCESSED,a057c1439f8780b30a3c37d9336dccab232a3e63532a80d440acb9f39fbd9228
5090,100,4,0.04,,True,False,False,0,1,95,99,4,0.9595959595959596,,4.338640225270653,0.7654698222337062,0.48911066148863896,1.8230643655586747,1.8230643655586747,2.864848984054777,,99,0,True,1,0,1,95,0,0,209.76048163680056,,190.38636861765673,,RAW_WINDOWS_DT30_DISTANCE400_V1,100,100,0,1.0,,100,4.338640225270653,0.7915980014721494,1.8230643655586747,,0,5,2.0399815747057745e-10,0,0,0,0,1,1,209.76048163680056,NO_RAW_BREAK_CROSSING,R0,UNIFORM,PROCESSED,9998cdde5d39ee454c910b26d974fc4a87aea018ed2f48c17b9a21ea620d3bab
5090,100,4,0.04,,True,False,False,0,1,95,99,4,0.9595959595959596,,4.338640225270653,0.7654698222337062,0.48911066148863896,1.8230643655586747,1.8230643655586747,2.864848984054777,,99,0,True,1,0,1,95,0,0,209.76048163680056,,190.38636861765673,,RAW_WINDOWS_DT30_DISTANCE400_V1,100,100,0,1.0,,100,4.338640225270653,0.7915980014721494,1.8230643655586747,,0,5,2.0399815747057745e-10,0,0,0,0,1,1,209.76048163680056,NO_RAW_BREAK_CROSSING,S0,UNIFORM,PROCESSED,4101c9cdfbd8f119ea00d5e321d9f9a27382c2d9453b61d9065da3a8a14f6766
5090,100,4,0.04,,True,False,False,0,1,95,99,4,0.9595959595959596,,4.338640225270653,0.7654698222337062,0.48911066148863896,1.8230643655586747,1.8230643655586747,2.864848984054777,,99,0,True,1,0,1,95,0,0,209.76048163680056,,190.38636861765673,,RAW_WINDOWS_DT30_DISTANCE400_V1,100,100,0,1.0,,100,4.338640225270653,0.7915980014721494,1.8230643655586747,,0,5,2.0399815747057745e-10,0,0,0,0,1,1,209.76048163680056,NO_RAW_BREAK_CROSSING,G0,TIME_REGULAR,PROCESSED,f199d4d897380860ca2c14b8bfbfda6e05ce0266827c14e558b91df27583f27d
5090,100,4,0.04,,True,False,False,0,1,95,99,4,0.9595959595959596,,4.338640225270653,0.7654698222337062,0.48911066148863896,1.8230643655586747,1.8230643655586747,2.864848984054777,,99,0,True,1,0,1,95,0,0,209.76048163680056,,190.38636861765673,,RAW_WINDOWS_DT30_DISTANCE400_V1,100,100,0,1.0,,100,4.338640225270653,0.7915980014721494,1.8230643655586747,,0,5,2.0399815747057745e-10,0,0,0,0,1,1,209.76048163680056,NO_RAW_BREAK_CROSSING,S0_G0,TIME_REGULAR,PROCESSED,59dcf468f4d3b0c78f04440a69dd9825b0c886008883efe57724bfe28e3b2a57
1502,97,0,0.0,,False,True,True,97,0,0,0,0,,EMPTY_DP_REFERENCE_DENOMINATOR,,,,,,,EMPTY_DP_REFERENCE,0,0,True,1,1,0,0,0,0,16.099841449747977,,,EMPTY_OUTPUT,RAW_WINDOWS_DT30_DISTANCE400_V1,97,0,97,0.0,,0,,,,NO_COVERED_RAW_POINTS,0,5,1.5647767483360765e-10,0,0,0,0,1,0,16.099841449747977,NO_RAW_BREAK_CROSSING,R0,UNIFORM,ALL_FILTERED,3375de73b0bd690eb8cae9051b9aa679515bd13a61a21e608d1d108c06bc7894
1502,97,2,0.020618556701030927,,True,False,False,0,0,95,97,2,0.979381443298969,,4.326821436521503,1.9795828917586074,2.199923919206052,3.873326275406855,4.326821436521503,4.326821436521503,,97,0,True,1,0,0,97,0,0,16.099841449747977,,11.559095820730715,,RAW_WINDOWS_DT30_DISTANCE400_V1,97,97,0,1.0,,97,4.326821436521503,1.9795828917586074,4.326821436521503,,0,5,1.5647767483360765e-10,0,0,0,0,1,1,16.099841449747977,NO_RAW_BREAK_CROSSING,S0,UNIFORM,PROCESSED,3d39452870ef57a868c8654195ab3f8b8182069ddc2b6375f8e13c05535215a2
1502,97,0,0.0,,False,True,True,97,0,0,0,0,,EMPTY_DP_REFERENCE_DENOMINATOR,,,,,,,EMPTY_DP_REFERENCE,0,0,True,1,1,0,0,0,0,16.099841449747977,,,EMPTY_OUTPUT,RAW_WINDOWS_DT30_DISTANCE400_V1,97,0,97,0.0,,0,,,,NO_COVERED_RAW_POINTS,0,5,1.5647767483360765e-10,0,0,0,0,1,0,16.099841449747977,NO_RAW_BREAK_CROSSING,G0,TIME_REGULAR,ALL_FILTERED,eb901569bf9ffbe330722a54ab81638c7f496867720b784903f7c460a7d11e24
1502,97,2,0.020618556701030927,,True,False,False,0,0,95,97,2,0.979381443298969,,4.326821436521503,1.9795828917586074,2.199923919206052,3.873326275406855,4.326821436521503,4.326821436521503,,97,0,True,1,0,0,97,0,0,16.099841449747977,,11.559095820730715,,RAW_WINDOWS_DT30_DISTANCE400_V1,97,97,0,1.0,,97,4.326821436521503,1.9795828917586074,4.326821436521503,,0,5,1.5647767483360765e-10,0,0,0,0,1,1,16.099841449747977,NO_RAW_BREAK_CROSSING,S0_G0,TIME_REGULAR,PROCESSED,398fc27966f42709fb2ba61b1378c72bf0e16cb9941f4c252cb4d4b57afbed37
9336,102,11,0.10784313725490197,,True,False,False,0,2,89,100,11,0.89,,4.930642571726623,0.9590282306204893,0.6812933826510787,2.796264589914315,3.07763371854645,3.502447745114115,,100,0,True,1,0,2,83,0,0,1651.5274824746382,,1623.3436527794158,,RAW_WINDOWS_DT30_DISTANCE400_V1,102,102,0,1.0,,102,7.73199065603951,1.0295460725473642,3.43030742356956,,1,5,1.9222419242845014e-10,0,0,0,0,1,1,1651.5274824746382,NO_RAW_BREAK_CROSSING,R0,UNIFORM,PROCESSED,69d0381a51309d94367c708ddb79accbbd9b0266892a29c592daecf5382a7457
9336,102,11,0.10784313725490197,,True,False,False,0,2,89,100,11,0.89,,4.930642571726623,0.9590282306204893,0.6812933826510787,2.796264589914315,3.07763371854645,3.502447745114115,,100,0,True,1,0,2,83,0,0,1651.5274824746382,,1623.3436527794158,,RAW_WINDOWS_DT30_DISTANCE400_V1,102,102,0,1.0,,102,7.73199065603951,1.0295460725473642,3.43030742356956,,1,5,1.9222419242845014e-10,0,0,0,0,1,1,1651.5274824746382,NO_RAW_BREAK_CROSSING,S0,UNIFORM,PROCESSED,25c3d30680300354a7df7166307c04f49dd694093fac628fdfa83393bc13c1d3
9336,102,11,0.10784313725490197,,True,False,False,0,2,89,100,11,0.89,,4.930642571726623,0.9590282306204893,0.6812933826510787,2.796264589914315,3.07763371854645,3.502447745114115,,100,0,True,1,0,2,83,0,0,1651.5274824746382,,1623.3436527794158,,RAW_WINDOWS_DT30_DISTANCE400_V1,102,102,0,1.0,,102,7.73199065603951,1.0295460725473642,3.43030742356956,,1,5,1.9222419242845014e-10,0,0,0,0,1,1,1651.5274824746382,NO_RAW_BREAK_CROSSING,G0,TIME_REGULAR,PROCESSED,8f6ce9326e8a7fc10cd453f531382640e209e9357e1ab4e14cb573b96d002728
9336,102,11,0.10784313725490197,,True,False,False,0,2,89,100,11,0.89,,4.930642571726623,0.9590282306204893,0.6812933826510787,2.796264589914315,3.07763371854645,3.502447745114115,,100,0,True,1,0,2,83,0,0,1651.5274824746382,,1623.3436527794158,,RAW_WINDOWS_DT30_DISTANCE400_V1,102,102,0,1.0,,102,7.73199065603951,1.0295460725473642,3.43030742356956,,1,5,1.9222419242845014e-10,0,0,0,0,1,1,1651.5274824746382,NO_RAW_BREAK_CROSSING,S0_G0,TIME_REGULAR,PROCESSED,b8fc3e324d2e918408739c8126a5db2a73a2e2032b717de673d8a902e60afda1
4479,100,18,0.18,,True,False,False,0,15,67,85,18,0.788235294117647,,4.739314942155913,1.323637366734283,0.8752062229104882,3.467422803305184,4.739314942155913,4.739314942155913,,85,0,True,1,0,15,58,0,0,466.3052618117294,,328.16340723989424,,RAW_WINDOWS_DT30_DISTANCE400_V1,100,100,0,1.0,,100,15.161630688435343,1.77324901327433,4.739314942155913,,4,5,1.4069757543579097e-10,0,0,0,0,1,1,466.3052618117294,NO_RAW_BREAK_CROSSING,R0,UNIFORM,PROCESSED,4de1107501a5c6ef6d13ba23cc32c79c5e89dec52ab90b3d496ee006ee3abfa4
4479,100,18,0.18,,True,False,False,0,15,67,85,18,0.788235294117647,,4.739314942155913,1.323637366734283,0.8752062229104882,3.467422803305184,4.739314942155913,4.739314942155913,,85,0,True,1,0,15,58,0,0,466.3052618117294,,328.16340723989424,,RAW_WINDOWS_DT30_DISTANCE400_V1,100,100,0,1.0,,100,15.161630688435343,1.77324901327433,4.739314942155913,,4,5,1.4069757543579097e-10,0,0,0,0,1,1,466.3052618117294,NO_RAW_BREAK_CROSSING,S0,UNIFORM,PROCESSED,fe4b955197b47d92eef32b7db74fb2065b9d54d42346b1f95ba25c0e20cef8cd
4479,100,18,0.18,,True,False,False,0,13,69,87,18,0.7931034482758621,,4.739314942155913,1.3464415632077547,0.8752062229104882,3.7039861586502347,4.739314942155913,4.739314942155913,,87,0,True,1,0,13,58,0,0,466.3052618117294,,328.16340723989424,,RAW_WINDOWS_DT30_DISTANCE400_V1,100,100,0,1.0,,100,15.161630688435343,1.77324901327433,4.739314942155913,,4,5,1.4069757543579097e-10,0,0,0,0,1,1,466.3052618117294,NO_RAW_BREAK_CROSSING,G0,TIME_REGULAR,PROCESSED,4756f8f086b1cccc72c513b273d5379c1a8d808e59ebc16b01af96d481bdc6a6
4479,100,18,0.18,,True,False,False,0,13,69,87,18,0.7931034482758621,,4.739314942155913,1.3464415632077547,0.8752062229104882,3.7039861586502347,4.739314942155913,4.739314942155913,,87,0,True,1,0,13,58,0,0,466.3052618117294,,328.16340723989424,,RAW_WINDOWS_DT30_DISTANCE400_V1,100,100,0,1.0,,100,15.161630688435343,1.77324901327433,4.739314942155913,,4,5,1.4069757543579097e-10,0,0,0,0,1,1,466.3052618117294,NO_RAW_BREAK_CROSSING,S0_G0,TIME_REGULAR,PROCESSED,ca20ac38c3628a27d9b4385106b7a0494dd896bc726f8c301ca4c43f7da93ba8
6765,100,15,0.15,,True,False,False,0,0,85,100,15,0.85,,4.733192596988938,0.6629192062766357,0.0,1.6312196059475967,2.989991254754461,4.733192596988938,,100,0,True,1,0,0,99,0,0,136.59093479886906,,126.31135838907396,,RAW_WINDOWS_DT30_DISTANCE400_V1,100,100,0,1.0,,100,4.733192596988938,0.6629192062766357,2.989991254754461,,0,5,3.5728811812873404e-10,0,0,0,0,1,1,136.59093479886906,NO_RAW_BREAK_CROSSING,R0,UNIFORM,PROCESSED,be1ff4507481f0ce860c798eb2831dc5416f7bb1fa49dc251d9a5d04f5e72a85
6765,100,15,0.15,,True,False,False,0,0,85,100,15,0.85,,4.733192596988938,0.6629192062766357,0.0,1.6312196059475967,2.989991254754461,4.733192596988938,,100,0,True,1,0,0,99,0,0,136.59093479886906,,126.31135838907396,,RAW_WINDOWS_DT30_DISTANCE400_V1,100,100,0,1.0,,100,4.733192596988938,0.6629192062766357,2.989991254754461,,0,5,3.5728811812873404e-10,0,0,0,0,1,1,136.59093479886906,NO_RAW_BREAK_CROSSING,S0,UNIFORM,PROCESSED,d752d91604e6505c103a6d014b1463f84141f78cc0f884f7c69a7ab8718b144a
6765,100,15,0.15,,True,False,False,0,0,85,100,15,0.85,,4.733192596988938,0.6629192062766357,0.0,1.6312196059475967,2.989991254754461,4.733192596988938,,100,0,True,1,0,0,99,0,0,136.59093479886906,,126.31135838907396,,RAW_WINDOWS_DT30_DISTANCE400_V1,100,100,0,1.0,,100,4.733192596988938,0.6629192062766357,2.989991254754461,,0,5,3.5728811812873404e-10,0,0,0,0,1,1,136.59093479886906,NO_RAW_BREAK_CROSSING,G0,TIME_REGULAR,PROCESSED,64510ad0ceb6adca777f1387169598dfd4be17dcc154b0ff198e20f91dd8ae40
6765,100,15,0.15,,True,False,False,0,0,85,100,15,0.85,,4.733192596988938,0.6629192062766357,0.0,1.6312196059475967,2.989991254754461,4.733192596988938,,100,0,True,1,0,0,99,0,0,136.59093479886906,,126.31135838907396,,RAW_WINDOWS_DT30_DISTANCE400_V1,100,100,0,1.0,,100,4.733192596988938,0.6629192062766357,2.989991254754461,,0,5,3.5728811812873404e-10,0,0,0,0,1,1,136.59093479886906,NO_RAW_BREAK_CROSSING,S0_G0,TIME_REGULAR,PROCESSED,82d911e59549fefa4a148d3d24ab8b889cf31f5369c917bf1d18d2a13e269d8f
6244,99,20,0.20202020202020202,,True,False,False,0,3,76,96,20,0.7916666666666666,,2.3587285928135406,0.3825340288608796,0.0,1.3387411160034433,1.3854962720030766,2.3587285928135406,,96,0,True,1,0,3,88,0,0,306.14571342075715,,278.2609484959657,,RAW_WINDOWS_DT30_DISTANCE400_V1,99,99,0,1.0,,99,6.835785420719358,0.5118563419053622,2.3587285928135406,,2,5,2.804847467478776e-10,0,0,0,0,1,1,306.14571342075715,NO_RAW_BREAK_CROSSING,R0,UNIFORM,PROCESSED,4e3d7bc8e2c4e0e0278d716b343c2d5ec631803bae938131d14ced81df535d10
6244,99,20,0.20202020202020202,,True,False,False,0,3,76,96,20,0.7916666666666666,,2.3587285928135406,0.3825340288608796,0.0,1.3387411160034433,1.3854962720030766,2.3587285928135406,,96,0,True,1,0,3,88,0,0,306.14571342075715,,278.2609484959657,,RAW_WINDOWS_DT30_DISTANCE400_V1,99,99,0,1.0,,99,6.835785420719358,0.5118563419053622,2.3587285928135406,,2,5,2.804847467478776e-10,0,0,0,0,1,1,306.14571342075715,NO_RAW_BREAK_CROSSING,S0,UNIFORM,PROCESSED,27913e4d9c7e2d49acce32760a4d376cc9e405546935eabaf79ee24d909500ac
6244,99,20,0.20202020202020202,,True,False,False,0,0,79,99,20,0.797979797979798,,3.10759747829201,0.43424591219602804,0.0,1.3387411160034433,2.2514832177610566,2.373705970523107,,99,0,True,1,0,0,88,0,0,306.14571342075715,,285.7532077533459,,RAW_WINDOWS_DT30_DISTANCE400_V1,99,99,0,1.0,,99,3.10759747829201,0.43424591219602804,2.2514832177610566,,0,5,2.804847467478776e-10,0,0,0,0,1,1,306.14571342075715,NO_RAW_BREAK_CROSSING,G0,TIME_REGULAR,PROCESSED,a42657861d03d62ab1d26504b66a93114e4e8dfa8999075afb1dec74ff756cd9
6244,99,20,0.20202020202020202,,True,False,False,0,0,79,99,20,0.797979797979798,,3.10759747829201,0.43424591219602804,0.0,1.3387411160034433,2.2514832177610566,2.373705970523107,,99,0,True,1,0,0,88,0,0,306.14571342075715,,285.7532077533459,,RAW_WINDOWS_DT30_DISTANCE400_V1,99,99,0,1.0,,99,3.10759747829201,0.43424591219602804,2.2514832177610566,,0,5,2.804847467478776e-10,0,0,0,0,1,1,306.14571342075715,NO_RAW_BREAK_CROSSING,S0_G0,TIME_REGULAR,PROCESSED,21597e2de4303a743f2f91d3e68573879d5ffe6b07233bdf307fb654b71fa047
6431,100,0,0.0,,False,True,True,100,0,0,0,0,,EMPTY_DP_REFERENCE_DENOMINATOR,,,,,,,EMPTY_DP_REFERENCE,0,0,True,1,1,0,0,0,0,25.686201955644275,,,EMPTY_OUTPUT,RAW_WINDOWS_DT30_DISTANCE400_V1,100,0,100,0.0,,0,,,,NO_COVERED_RAW_POINTS,0,5,3.1589633144265505e-10,0,0,0,0,1,0,25.686201955644275,NO_RAW_BREAK_CROSSING,R0,UNIFORM,ALL_FILTERED,1795791a6e1181cdd69647a5a8ebafa1f7c5dd79fe73144dd967acd38ebff12c
6431,100,4,0.04,,True,False,False,0,0,96,100,4,0.96,,0.729138212671529,0.24266221893834497,0.13328293254388476,0.6083989367467174,0.7216898189720491,0.729138212671529,,100,0,True,1,0,0,100,0,0,25.686201955644275,,22.503527373874242,,RAW_WINDOWS_DT30_DISTANCE400_V1,100,100,0,1.0,,100,0.729138212671529,0.24266221893834497,0.7216898189720491,,0,5,3.1589633144265505e-10,0,0,0,0,1,1,25.686201955644275,NO_RAW_BREAK_CROSSING,S0,UNIFORM,PROCESSED,6052c611bcba759859166dd44bdc51b92e352753d23da251656891be8897d6b2
6431,100,0,0.0,,False,True,True,100,0,0,0,0,,EMPTY_DP_REFERENCE_DENOMINATOR,,,,,,,EMPTY_DP_REFERENCE,0,0,True,1,1,0,0,0,0,25.686201955644275,,,EMPTY_OUTPUT,RAW_WINDOWS_DT30_DISTANCE400_V1,100,0,100,0.0,,0,,,,NO_COVERED_RAW_POINTS,0,5,3.1589633144265505e-10,0,0,0,0,1,0,25.686201955644275,NO_RAW_BREAK_CROSSING,G0,TIME_REGULAR,ALL_FILTERED,400b361a25abb6b825ee2a6af70054572737891aaae1aba822688c63e1fb35f4
6431,100,4,0.04,,True,False,False,0,0,96,100,4,0.96,,0.729138212671529,0.24266221893834497,0.13328293254388476,0.6083989367467174,0.7216898189720491,0.729138212671529,,100,0,True,1,0,0,100,0,0,25.686201955644275,,22.503527373874242,,RAW_WINDOWS_DT30_DISTANCE400_V1,100,100,0,1.0,,100,0.729138212671529,0.24266221893834497,0.7216898189720491,,0,5,3.1589633144265505e-10,0,0,0,0,1,1,25.686201955644275,NO_RAW_BREAK_CROSSING,S0_G0,TIME_REGULAR,PROCESSED,c33634e4931249cdf14c82a2778102709a7513d0a9674c087681644ec11d356d
3126,100,0,0.0,,False,True,True,100,0,0,0,0,,EMPTY_DP_REFERENCE_DENOMINATOR,,,,,,,EMPTY_DP_REFERENCE,0,0,True,1,1,0,0,0,0,43.399062731585396,,,EMPTY_OUTPUT,RAW_WINDOWS_DT30_DISTANCE400_V1,100,0,100,0.0,,0,,,,NO_COVERED_RAW_POINTS,0,5,2.9505235681461876e-10,0,0,0,0,1,0,43.399062731585396,NO_RAW_BREAK_CROSSING,R0,UNIFORM,ALL_FILTERED,1cef6b81213b4e257835cb677cc55b29db26ee75e4468ac7564f7f0ab17b327a
3126,100,4,0.04,,True,False,False,0,1,95,99,4,0.9595959595959596,,1.8944442083654551,0.5249865238118617,0.4125128603663711,1.2851327118538938,1.6279659646795532,1.8944442083654551,,99,0,True,1,0,1,99,0,0,43.399062731585396,,38.095014492679105,,RAW_WINDOWS_DT30_DISTANCE400_V1,100,100,0,1.0,,100,2.1087240807948744,0.5408238993816918,1.8944442083654551,,0,5,2.9505235681461876e-10,0,0,0,0,1,1,43.399062731585396,NO_RAW_BREAK_CROSSING,S0,UNIFORM,PROCESSED,4285b6fc5ba4faa62e911c184ca6f1718c1cb10f038fd6be2dde0cd39e16196e
3126,100,0,0.0,,False,True,True,100,0,0,0,0,,EMPTY_DP_REFERENCE_DENOMINATOR,,,,,,,EMPTY_DP_REFERENCE,0,0,True,1,1,0,0,0,0,43.399062731585396,,,EMPTY_OUTPUT,RAW_WINDOWS_DT30_DISTANCE400_V1,100,0,100,0.0,,0,,,,NO_COVERED_RAW_POINTS,0,5,2.9505235681461876e-10,0,0,0,0,1,0,43.399062731585396,NO_RAW_BREAK_CROSSING,G0,TIME_REGULAR,ALL_FILTERED,2681286508cb021d0f188b956654afefcce0e489868dd3aec0fef5a4ffa63dad
3126,100,4,0.04,,True,False,False,0,0,96,100,4,0.96,,2.1087240807948744,0.5408238993816918,0.4125128603663711,1.5983572709366771,1.8944442083654551,1.8965870070897504,,100,0,True,1,0,0,99,0,0,43.399062731585396,,38.095014492679105,,RAW_WINDOWS_DT30_DISTANCE400_V1,100,100,0,1.0,,100,2.1087240807948744,0.5408238993816918,1.8944442083654551,,0,5,2.9505235681461876e-10,0,0,0,0,1,1,43.399062731585396,NO_RAW_BREAK_CROSSING,S0_G0,TIME_REGULAR,PROCESSED,1eb1330d7b8b2b647bc063ec64ad1ebcf27a40104c1bb0f650328ffd35847b0d
10553,99,0,0.0,,False,True,True,99,0,0,0,0,,EMPTY_DP_REFERENCE_DENOMINATOR,,,,,,,EMPTY_DP_REFERENCE,0,0,True,1,1,0,0,0,0,14.936601153452143,,,EMPTY_OUTPUT,RAW_WINDOWS_DT30_DISTANCE400_V1,99,0,99,0.0,,0,,,,NO_COVERED_RAW_POINTS,0,5,4.852265320112907e-10,0,0,0,0,1,0,14.936601153452143,NO_RAW_BREAK_CROSSING,R0,UNIFORM,ALL_FILTERED,4e5f6765a6b1f3edfd12ebebd5deaff2bb90d0a629e0ae3b48221408ab5bcb55
10553,99,2,0.020202020202020204,,True,False,False,0,0,97,99,2,0.9797979797979798,,0.5455979093545726,0.2089933022870421,0.1906941701105171,0.4724982949284463,0.4836219650836893,0.5455979093545726,,99,0,True,1,0,0,99,0,0,14.936601153452143,,11.987510207767002,,RAW_WINDOWS_DT30_DISTANCE400_V1,99,99,0,1.0,,99,0.5455979093545726,0.2089933022870421,0.4836219650836893,,0,5,4.852265320112907e-10,0,0,0,0,1,1,14.936601153452143,NO_RAW_BREAK_CROSSING,S0,UNIFORM,PROCESSED,96542a5ee023809e85c36c8581a360c561a7915dcbfffaa0a51340273abda5ef
10553,99,0,0.0,,False,True,True,99,0,0,0,0,,EMPTY_DP_REFERENCE_DENOMINATOR,,,,,,,EMPTY_DP_REFERENCE,0,0,True,1,1,0,0,0,0,14.936601153452143,,,EMPTY_OUTPUT,RAW_WINDOWS_DT30_DISTANCE400_V1,99,0,99,0.0,,0,,,,NO_COVERED_RAW_POINTS,0,5,4.852265320112907e-10,0,0,0,0,1,0,14.936601153452143,NO_RAW_BREAK_CROSSING,G0,TIME_REGULAR,ALL_FILTERED,96eb62cf004b7cba3d1f78192b2c09b0b0e84265b2bac97a3a9f32fb7b3bd8d3
10553,99,2,0.020202020202020204,,True,False,False,0,0,97,99,2,0.9797979797979798,,0.5455979093545726,0.2089933022870421,0.1906941701105171,0.4724982949284463,0.4836219650836893,0.5455979093545726,,99,0,True,1,0,0,99,0,0,14.936601153452143,,11.987510207767002,,RAW_WINDOWS_DT30_DISTANCE400_V1,99,99,0,1.0,,99,0.5455979093545726,0.2089933022870421,0.4836219650836893,,0,5,4.852265320112907e-10,0,0,0,0,1,1,14.936601153452143,NO_RAW_BREAK_CROSSING,S0_G0,TIME_REGULAR,PROCESSED,f7d61959acc5bf2e160fe4eec84b7a272eb612f86c8b1854f9141353cc9c6890
3986,109,41,0.3761467889908257,,True,False,False,0,2,66,107,41,0.6168224299065421,,4.936924297226423,1.1916756997260007,0.0,4.031061063549564,4.752426981671618,4.834656715621989,,107,0,True,1,0,2,43,0,0,5489.702670463043,,5475.9988405716995,,RAW_WINDOWS_DT30_DISTANCE400_V1,109,109,0,1.0,,109,11.05131532760383,1.280231448116192,4.752426981671618,,1,5,2.1189704767782997e-10,0,0,0,0,1,1,5489.702670463043,NO_RAW_BREAK_CROSSING,R0,UNIFORM,PROCESSED,53305bfed69fd421839d8816d21d3171ae96c51a5fdaf1e35df1b6d372a7a9d5
3986,109,41,0.3761467889908257,,True,False,False,0,2,66,107,41,0.6168224299065421,,4.936924297226423,1.1916756997260007,0.0,4.031061063549564,4.752426981671618,4.834656715621989,,107,0,True,1,0,2,43,0,0,5489.702670463043,,5475.9988405716995,,RAW_WINDOWS_DT30_DISTANCE400_V1,109,109,0,1.0,,109,11.05131532760383,1.280231448116192,4.752426981671618,,1,5,2.1189704767782997e-10,0,0,0,0,1,1,5489.702670463043,NO_RAW_BREAK_CROSSING,S0,UNIFORM,PROCESSED,db01619eca626b12e13cbf5f4b2720c5f29bf21f0188cdbb02e8af28b9b1db51
3986,109,42,0.3853211009174312,,True,False,False,0,1,66,108,42,0.6111111111111112,,4.936924297226423,0.9967291463407277,0.0,3.171783761206624,3.6949499700226967,4.803851417161212,,108,0,True,1,0,1,43,0,0,5489.702670463043,,5481.5959594703345,,RAW_WINDOWS_DT30_DISTANCE400_V1,109,109,0,1.0,,109,4.936924297226423,0.9966179857906206,3.69268123539825,,0,5,2.1189704767782997e-10,0,0,0,0,1,1,5489.702670463043,NO_RAW_BREAK_CROSSING,G0,TIME_REGULAR,PROCESSED,78ae758b38812ebfd58f732d60f6ee6cdfb380550a3f26a7d8caad99f7f14383
3986,109,42,0.3853211009174312,,True,False,False,0,1,66,108,42,0.6111111111111112,,4.936924297226423,0.9967291463407277,0.0,3.171783761206624,3.6949499700226967,4.803851417161212,,108,0,True,1,0,1,43,0,0,5489.702670463043,,5481.5959594703345,,RAW_WINDOWS_DT30_DISTANCE400_V1,109,109,0,1.0,,109,4.936924297226423,0.9966179857906206,3.69268123539825,,0,5,2.1189704767782997e-10,0,0,0,0,1,1,5489.702670463043,NO_RAW_BREAK_CROSSING,S0_G0,TIME_REGULAR,PROCESSED,61ee3e3be15c8a1a216fc2458a8123739da40da14d2846fafe25bf7ccaa652c1
9998,99,0,0.0,,False,True,True,99,0,0,0,0,,EMPTY_DP_REFERENCE_DENOMINATOR,,,,,,,EMPTY_DP_REFERENCE,0,0,True,1,1,0,0,0,0,36.416900282725535,,,EMPTY_OUTPUT,RAW_WINDOWS_DT30_DISTANCE400_V1,99,0,99,0.0,,0,,,,NO_COVERED_RAW_POINTS,0,5,1.6976642862098406e-10,0,0,0,0,1,0,36.416900282725535,NO_RAW_BREAK_CROSSING,R0,UNIFORM,ALL_FILTERED,c03ada94117c0909a22d323fd6a5ac678bcdb6ac049c4a47d9d2bcd70fcec7ce
9998,99,3,0.030303030303030304,,True,False,False,0,0,96,99,3,0.9696969696969697,,2.4428912135747347,0.993129678890736,1.05998174139977,1.570547210908546,1.7988465441878634,2.4428912135747347,,99,0,True,1,0,0,99,0,0,36.416900282725535,,24.380863226519292,,RAW_WINDOWS_DT30_DISTANCE400_V1,99,99,0,1.0,,99,2.4428912135747347,0.993129678890736,1.7988465441878634,,0,5,1.6976642862098406e-10,0,0,0,0,1,1,36.416900282725535,NO_RAW_BREAK_CROSSING,S0,UNIFORM,PROCESSED,d08a34e35fb79bd3188f6fcf64c3cf87ed326371708e5138fbe1fd7e804fd7af
9998,99,0,0.0,,False,True,True,99,0,0,0,0,,EMPTY_DP_REFERENCE_DENOMINATOR,,,,,,,EMPTY_DP_REFERENCE,0,0,True,1,1,0,0,0,0,36.416900282725535,,,EMPTY_OUTPUT,RAW_WINDOWS_DT30_DISTANCE400_V1,99,0,99,0.0,,0,,,,NO_COVERED_RAW_POINTS,0,5,1.6976642862098406e-10,0,0,0,0,1,0,36.416900282725535,NO_RAW_BREAK_CROSSING,G0,TIME_REGULAR,ALL_FILTERED,68ec03f56a1cf66f80acf7f51e900f3d962c9f3c89c37e5eef77ac201c81be04
9998,99,3,0.030303030303030304,,True,False,False,0,0,96,99,3,0.9696969696969697,,2.4428912135747347,0.993129678890736,1.05998174139977,1.570547210908546,1.7988465441878634,2.4428912135747347,,99,0,True,1,0,0,99,0,0,36.416900282725535,,24.380863226519292,,RAW_WINDOWS_DT30_DISTANCE400_V1,99,99,0,1.0,,99,2.4428912135747347,0.993129678890736,1.7988465441878634,,0,5,1.6976642862098406e-10,0,0,0,0,1,1,36.416900282725535,NO_RAW_BREAK_CROSSING,S0_G0,TIME_REGULAR,PROCESSED,1657e78b50a062d2a9232781ef862c10b93b887853b1e906454c12fa11933904
2486,100,0,0.0,,False,True,True,100,0,0,0,0,,EMPTY_DP_REFERENCE_DENOMINATOR,,,,,,,EMPTY_DP_REFERENCE,0,0,True,1,1,0,0,0,0,21.427097366885477,,,EMPTY_OUTPUT,RAW_WINDOWS_DT30_DISTANCE400_V1,100,0,100,0.0,,0,,,,NO_COVERED_RAW_POINTS,0,5,1.4299765335988574e-10,0,0,0,0,1,0,21.427097366885477,NO_RAW_BREAK_CROSSING,R0,UNIFORM,ALL_FILTERED,3643f41ff940b858407d4b927f117aab36030ec049991c2452505105ca2754ea
2486,100,3,0.03,,True,False,False,0,0,97,100,3,0.97,,0.7480654648170696,0.2169051650978415,0.16562380110385344,0.39730605502263805,0.4716970221595046,0.7480654648170696,,100,0,True,1,0,0,100,0,0,21.427097366885477,,18.622890757710223,,RAW_WINDOWS_DT30_DISTANCE400_V1,100,100,0,1.0,,100,0.7480654648170696,0.2169051650978415,0.4716970221595046,,0,5,1.4299765335988574e-10,0,0,0,0,1,1,21.427097366885477,NO_RAW_BREAK_CROSSING,S0,UNIFORM,PROCESSED,247431280fbc4622f6ceb65ec70f57e9d50d5fa753c227ab46b7d5c9de53a65c
2486,100,0,0.0,,False,True,True,100,0,0,0,0,,EMPTY_DP_REFERENCE_DENOMINATOR,,,,,,,EMPTY_DP_REFERENCE,0,0,True,1,1,0,0,0,0,21.427097366885477,,,EMPTY_OUTPUT,RAW_WINDOWS_DT30_DISTANCE400_V1,100,0,100,0.0,,0,,,,NO_COVERED_RAW_POINTS,0,5,1.4299765335988574e-10,0,0,0,0,1,0,21.427097366885477,NO_RAW_BREAK_CROSSING,G0,TIME_REGULAR,ALL_FILTERED,ed66d80da70c2299743c9fe79aea81ac587382bded7bb37eb36a976fd79e17f0
2486,100,3,0.03,,True,False,False,0,0,97,100,3,0.97,,0.7480654648170696,0.2169051650978415,0.16562380110385344,0.39730605502263805,0.4716970221595046,0.7480654648170696,,100,0,True,1,0,0,100,0,0,21.427097366885477,,18.622890757710223,,RAW_WINDOWS_DT30_DISTANCE400_V1,100,100,0,1.0,,100,0.7480654648170696,0.2169051650978415,0.4716970221595046,,0,5,1.4299765335988574e-10,0,0,0,0,1,1,21.427097366885477,NO_RAW_BREAK_CROSSING,S0_G0,TIME_REGULAR,PROCESSED,4dbd845b185f2e558e530255d115c1c38311f5e8e31fa8c0c3ceb3a283c0c676
4326,103,7,0.06796116504854369,,True,False,False,0,0,96,103,7,0.9320388349514563,,4.789566863291008,1.3288258653239962,0.8053424056700861,4.671831228939268,4.671831228939268,4.789566863291008,,103,0,True,1,0,0,103,0,0,119.2674110073022,,81.0955939089711,,RAW_WINDOWS_DT30_DISTANCE400_V1,103,103,0,1.0,,103,4.789566863291008,1.3288258653239962,4.671831228939268,,0,5,2.0001279559859303e-10,0,0,0,0,1,1,119.2674110073022,NO_RAW_BREAK_CROSSING,R0,UNIFORM,PROCESSED,aa726b575fb2235111ce767aa0e751adda31e0d79bd8baf5af9343d4371fa66b
4326,103,7,0.06796116504854369,,True,False,False,0,0,96,103,7,0.9320388349514563,,4.789566863291008,1.3288258653239962,0.8053424056700861,4.671831228939268,4.671831228939268,4.789566863291008,,103,0,True,1,0,0,103,0,0,119.2674110073022,,81.0955939089711,,RAW_WINDOWS_DT30_DISTANCE400_V1,103,103,0,1.0,,103,4.789566863291008,1.3288258653239962,4.671831228939268,,0,5,2.0001279559859303e-10,0,0,0,0,1,1,119.2674110073022,NO_RAW_BREAK_CROSSING,S0,UNIFORM,PROCESSED,a294241e4f855741fa41f00ad0a00b8a8d07e5344237ab1d4f5cab1511d48726
4326,103,7,0.06796116504854369,,True,False,False,0,0,96,103,7,0.9320388349514563,,4.789566863291008,1.3288258653239962,0.8053424056700861,4.671831228939268,4.671831228939268,4.789566863291008,,103,0,True,1,0,0,103,0,0,119.2674110073022,,81.0955939089711,,RAW_WINDOWS_DT30_DISTANCE400_V1,103,103,0,1.0,,103,4.789566863291008,1.3288258653239962,4.671831228939268,,0,5,2.0001279559859303e-10,0,0,0,0,1,1,119.2674110073022,NO_RAW_BREAK_CROSSING,G0,TIME_REGULAR,PROCESSED,0a09bb315497b1700f79e00ec4dff07b7ec8183091b30cb622323dd1665ee41d
4326,103,7,0.06796116504854369,,True,False,False,0,0,96,103,7,0.9320388349514563,,4.789566863291008,1.3288258653239962,0.8053424056700861,4.671831228939268,4.671831228939268,4.789566863291008,,103,0,True,1,0,0,103,0,0,119.2674110073022,,81.0955939089711,,RAW_WINDOWS_DT30_DISTANCE400_V1,103,103,0,1.0,,103,4.789566863291008,1.3288258653239962,4.671831228939268,,0,5,2.0001279559859303e-10,0,0,0,0,1,1,119.2674110073022,NO_RAW_BREAK_CROSSING,S0_G0,TIME_REGULAR,PROCESSED,ee064b7013132b818b944cd55831da4db9526f4e804bf0d94ea20aa9c16c4303
11335,99,4,0.04040404040404041,,True,False,False,0,15,80,84,4,0.9523809523809523,,4.089933881475105,1.223912005649139,0.9427244757830101,2.595800714359149,3.0489477493873376,3.773436956977383,,84,0,True,1,0,15,11,0,0,88.81006469376482,,56.583805861415236,,RAW_WINDOWS_DT30_DISTANCE400_V1,99,99,0,1.0,,99,4.089933881475105,1.2758416857313544,3.0408231407956996,,0,5,2.542857418482562e-10,0,0,0,0,1,1,88.81006469376482,NO_RAW_BREAK_CROSSING,R0,UNIFORM,PROCESSED,b4cdd9d0166e34289a09967b84818a6d36784b500ae3b577c3b5f242a8b221b0
11335,99,4,0.04040404040404041,,True,False,False,0,15,80,84,4,0.9523809523809523,,4.089933881475105,1.223912005649139,0.9427244757830101,2.595800714359149,3.0489477493873376,3.773436956977383,,84,0,True,1,0,15,11,0,0,88.81006469376482,,56.583805861415236,,RAW_WINDOWS_DT30_DISTANCE400_V1,99,99,0,1.0,,99,4.089933881475105,1.2758416857313544,3.0408231407956996,,0,5,2.542857418482562e-10,0,0,0,0,1,1,88.81006469376482,NO_RAW_BREAK_CROSSING,S0,UNIFORM,PROCESSED,c8188ca734bc71337a9266d88007f18d98a4d5c0e0ad5d86a0ba717313d682c1
11335,99,4,0.04040404040404041,,True,False,False,0,3,92,96,4,0.9583333333333334,,3.9350849082418575,1.1754736609632037,0.8882910361055814,2.533845182315406,2.8269244738351045,3.5885222729430986,,96,0,True,1,0,3,11,0,0,88.81006469376482,,58.265289433413244,,RAW_WINDOWS_DT30_DISTANCE400_V1,99,99,0,1.0,,99,3.9350849082418575,1.1722105690610487,2.808624950242201,,0,5,2.542857418482562e-10,0,0,0,0,1,1,88.81006469376482,NO_RAW_BREAK_CROSSING,G0,TIME_REGULAR,PROCESSED,62bf86a9cc52a3fbd34cccbf379f17a0d3272b33207ce2917811a6b0a8227814
11335,99,4,0.04040404040404041,,True,False,False,0,3,92,96,4,0.9583333333333334,,3.9350849082418575,1.1754736609632037,0.8882910361055814,2.533845182315406,2.8269244738351045,3.5885222729430986,,96,0,True,1,0,3,11,0,0,88.81006469376482,,58.265289433413244,,RAW_WINDOWS_DT30_DISTANCE400_V1,99,99,0,1.0,,99,3.9350849082418575,1.1722105690610487,2.808624950242201,,0,5,2.542857418482562e-10,0,0,0,0,1,1,88.81006469376482,NO_RAW_BREAK_CROSSING,S0_G0,TIME_REGULAR,PROCESSED,3a6a95de41864fcb665111691cd3cd202fdd3f365897fe4372fb811de9bc2252
717,99,9,0.09090909090909091,,True,False,False,0,1,89,98,9,0.9081632653061225,,4.892655211599594,1.074914544865975,0.6332894767256743,3.378278052669843,3.5423567640515903,4.484751701039761,,98,0,True,1,0,1,80,0,0,385.17230036095214,,286.2444471375156,,RAW_WINDOWS_DT30_DISTANCE400_V1,99,99,0,1.0,,99,4.892655211599594,1.07116136940347,3.4876638602576744,,0,5,1.6821824936114187e-10,0,0,0,0,1,1,385.17230036095214,NO_RAW_BREAK_CROSSING,R0,UNIFORM,PROCESSED,d2cb8d138aa096a880360f420db1ae5dfd14fbb0ef11db505a33c54f68f7c100
717,99,9,0.09090909090909091,,True,False,False,0,1,89,98,9,0.9081632653061225,,4.892655211599594,1.074914544865975,0.6332894767256743,3.378278052669843,3.5423567640515903,4.484751701039761,,98,0,True,1,0,1,80,0,0,385.17230036095214,,286.2444471375156,,RAW_WINDOWS_DT30_DISTANCE400_V1,99,99,0,1.0,,99,4.892655211599594,1.07116136940347,3.4876638602576744,,0,5,1.6821824936114187e-10,0,0,0,0,1,1,385.17230036095214,NO_RAW_BREAK_CROSSING,S0,UNIFORM,PROCESSED,11c4f2e6286a52cf6b0d353bf38f4077dc40b0546535dec17744b571f72e0314
717,99,9,0.09090909090909091,,True,False,False,0,1,89,98,9,0.9081632653061225,,4.892655211599594,1.074914544865975,0.6332894767256743,3.378278052669843,3.5423567640515903,4.484751701039761,,98,0,True,1,0,1,80,0,0,385.17230036095214,,286.2444471375156,,RAW_WINDOWS_DT30_DISTANCE400_V1,99,99,0,1.0,,99,4.892655211599594,1.07116136940347,3.4876638602576744,,0,5,1.6821824936114187e-10,0,0,0,0,1,1,385.17230036095214,NO_RAW_BREAK_CROSSING,G0,TIME_REGULAR,PROCESSED,5494639530fe1a3606bdfb37741448ac60c5fba74f08ffa69fbb571aee439ff2
717,99,9,0.09090909090909091,,True,False,False,0,1,89,98,9,0.9081632653061225,,4.892655211599594,1.074914544865975,0.6332894767256743,3.378278052669843,3.5423567640515903,4.484751701039761,,98,0,True,1,0,1,80,0,0,385.17230036095214,,286.2444471375156,,RAW_WINDOWS_DT30_DISTANCE400_V1,99,99,0,1.0,,99,4.892655211599594,1.07116136940347,3.4876638602576744,,0,5,1.6821824936114187e-10,0,0,0,0,1,1,385.17230036095214,NO_RAW_BREAK_CROSSING,S0_G0,TIME_REGULAR,PROCESSED,d05b7dde4d6fcffe0092be84957258388d457de24e96e854c191eff6bbbff39a
8624,100,11,0.11,,True,False,False,0,0,89,100,11,0.89,,2.1280658397247123,0.43195776559288745,0.20345256049389318,1.211566499774579,1.4372872838544022,1.5694727548178191,,100,0,True,1,0,0,88,0,0,158.28609581938136,,147.10643822943592,,RAW_WINDOWS_DT30_DISTANCE400_V1,100,100,0,1.0,,100,2.1280658397247123,0.43195776559288745,1.4372872838544022,,0,5,2.611606540465466e-10,0,0,0,0,1,1,158.28609581938136,NO_RAW_BREAK_CROSSING,R0,UNIFORM,PROCESSED,7fb5d59aeba23d6d594057113da8e4173dd1cc4c98930fd09db7d8ad6c957d0a
8624,100,11,0.11,,True,False,False,0,0,89,100,11,0.89,,2.1280658397247123,0.43195776559288745,0.20345256049389318,1.211566499774579,1.4372872838544022,1.5694727548178191,,100,0,True,1,0,0,88,0,0,158.28609581938136,,147.10643822943592,,RAW_WINDOWS_DT30_DISTANCE400_V1,100,100,0,1.0,,100,2.1280658397247123,0.43195776559288745,1.4372872838544022,,0,5,2.611606540465466e-10,0,0,0,0,1,1,158.28609581938136,NO_RAW_BREAK_CROSSING,S0,UNIFORM,PROCESSED,e0838d8c56805764062a2a53d457498faccf048f98947558ccd0af375cc11a17
8624,100,11,0.11,,True,False,False,0,0,89,100,11,0.89,,2.1280658397247123,0.43195776559288745,0.20345256049389318,1.211566499774579,1.4372872838544022,1.5694727548178191,,100,0,True,1,0,0,88,0,0,158.28609581938136,,147.10643822943592,,RAW_WINDOWS_DT30_DISTANCE400_V1,100,100,0,1.0,,100,2.1280658397247123,0.43195776559288745,1.4372872838544022,,0,5,2.611606540465466e-10,0,0,0,0,1,1,158.28609581938136,NO_RAW_BREAK_CROSSING,G0,TIME_REGULAR,PROCESSED,55a989fe7c6294c5de263f18857eedd779f1b39a09750d1a68bd46b92e1ac4f0
8624,100,11,0.11,,True,False,False,0,0,89,100,11,0.89,,2.1280658397247123,0.43195776559288745,0.20345256049389318,1.211566499774579,1.4372872838544022,1.5694727548178191,,100,0,True,1,0,0,88,0,0,158.28609581938136,,147.10643822943592,,RAW_WINDOWS_DT30_DISTANCE400_V1,100,100,0,1.0,,100,2.1280658397247123,0.43195776559288745,1.4372872838544022,,0,5,2.611606540465466e-10,0,0,0,0,1,1,158.28609581938136,NO_RAW_BREAK_CROSSING,S0_G0,TIME_REGULAR,PROCESSED,8ca5ad7fca7dfc2cbaa935188b695e480394d2397d421a0caff9ee4d74c72106
7290,103,4,0.038834951456310676,,True,False,False,0,1,98,102,4,0.9607843137254902,,3.65925088121707,1.304139921969873,1.2817697191395636,3.481275184003373,3.602172873086076,3.6056309553500743,,102,0,True,1,0,1,99,0,0,101.58290075323566,,77.04543552770463,,RAW_WINDOWS_DT30_DISTANCE400_V1,103,103,0,1.0,,103,3.65925088121707,1.305217958141076,3.5987147908220787,,0,5,3.179612517910444e-10,0,0,0,0,1,1,101.58290075323566,NO_RAW_BREAK_CROSSING,R0,UNIFORM,PROCESSED,981dd071c0040904218a13abe87834f73e5405f4886da148a4065c8d10bd2d6a
7290,103,4,0.038834951456310676,,True,False,False,0,1,98,102,4,0.9607843137254902,,3.65925088121707,1.304139921969873,1.2817697191395636,3.481275184003373,3.602172873086076,3.6056309553500743,,102,0,True,1,0,1,99,0,0,101.58290075323566,,77.04543552770463,,RAW_WINDOWS_DT30_DISTANCE400_V1,103,103,0,1.0,,103,3.65925088121707,1.305217958141076,3.5987147908220787,,0,5,3.179612517910444e-10,0,0,0,0,1,1,101.58290075323566,NO_RAW_BREAK_CROSSING,S0,UNIFORM,PROCESSED,3bc20ffa24d20684fa9d28dbbd8d3e132755bf44eb84d201aa7da5ef948b8bc4
7290,103,4,0.038834951456310676,,True,False,False,0,0,99,103,4,0.9611650485436893,,3.65925088121707,1.305217958141076,1.3560704734551394,3.426081057936616,3.5987147908220787,3.6056309553500743,,103,0,True,1,0,0,99,0,0,101.58290075323566,,77.04543552770463,,RAW_WINDOWS_DT30_DISTANCE400_V1,103,103,0,1.0,,103,3.65925088121707,1.305217958141076,3.5987147908220787,,0,5,3.179612517910444e-10,0,0,0,0,1,1,101.58290075323566,NO_RAW_BREAK_CROSSING,G0,TIME_REGULAR,PROCESSED,4f1b5063f59abde5dd7bc167bc4cdf1eb0336188afc04c2f388af4f940a215e1
7290,103,4,0.038834951456310676,,True,False,False,0,0,99,103,4,0.9611650485436893,,3.65925088121707,1.305217958141076,1.3560704734551394,3.426081057936616,3.5987147908220787,3.6056309553500743,,103,0,True,1,0,0,99,0,0,101.58290075323566,,77.04543552770463,,RAW_WINDOWS_DT30_DISTANCE400_V1,103,103,0,1.0,,103,3.65925088121707,1.305217958141076,3.5987147908220787,,0,5,3.179612517910444e-10,0,0,0,0,1,1,101.58290075323566,NO_RAW_BREAK_CROSSING,S0_G0,TIME_REGULAR,PROCESSED,072846795e112dc23570ee3abdf6f296aec80e6c65ad1bd5340b03bb16c67253
7052,100,23,0.23,,True,False,False,0,4,73,96,23,0.7604166666666666,,4.9466288293174605,1.445648355873599,1.2563889760614952,3.644924114402179,4.343668784056033,4.698790810131936,,96,0,True,1,0,4,51,0,0,962.4080953253139,,911.940290354577,,RAW_WINDOWS_DT30_DISTANCE400_V1,100,100,0,1.0,,100,7.786326676137013,1.5569983057814512,4.466982880229837,,2,5,7.023105415767237e-10,0,0,0,0,1,1,962.4080953253139,NO_RAW_BREAK_CROSSING,R0,UNIFORM,PROCESSED,b39b619e751915f5b3586cac03dfeb7d97552cc3b63ce3df7335d313faf5f749
7052,100,23,0.23,,True,False,False,0,4,73,96,23,0.7604166666666666,,4.9466288293174605,1.445648355873599,1.2563889760614952,3.644924114402179,4.343668784056033,4.698790810131936,,96,0,True,1,0,4,51,0,0,962.4080953253139,,911.940290354577,,RAW_WINDOWS_DT30_DISTANCE400_V1,100,100,0,1.0,,100,7.786326676137013,1.5569983057814512,4.466982880229837,,2,5,7.023105415767237e-10,0,0,0,0,1,1,962.4080953253139,NO_RAW_BREAK_CROSSING,S0,UNIFORM,PROCESSED,9458789cf7435deb37cc1a56a3f2662751bbe4d9e0ef21606782bf130a54d2dc
7052,100,23,0.23,,True,False,False,0,2,75,98,23,0.7653061224489796,,4.9466288293174605,1.4274331536827027,1.176755272333165,3.6022325926231877,4.194773620688081,4.693573167622767,,98,0,True,1,0,2,51,0,0,962.4080953253139,,921.3269035419759,,RAW_WINDOWS_DT30_DISTANCE400_V1,100,100,0,1.0,,100,5.470250025624741,1.458919000198369,4.216429974821725,,1,5,7.023105415767237e-10,0,0,0,0,1,1,962.4080953253139,NO_RAW_BREAK_CROSSING,G0,TIME_REGULAR,PROCESSED,158f4f753e0d28078f9fd433ed1569f12353eafde75e14fa1b9a25ccd8e2a395
7052,100,23,0.23,,True,False,False,0,2,75,98,23,0.7653061224489796,,4.9466288293174605,1.4274331536827027,1.176755272333165,3.6022325926231877,4.194773620688081,4.693573167622767,,98,0,True,1,0,2,51,0,0,962.4080953253139,,921.3269035419759,,RAW_WINDOWS_DT30_DISTANCE400_V1,100,100,0,1.0,,100,5.470250025624741,1.458919000198369,4.216429974821725,,1,5,7.023105415767237e-10,0,0,0,0,1,1,962.4080953253139,NO_RAW_BREAK_CROSSING,S0_G0,TIME_REGULAR,PROCESSED,5515e005cceb99ec01a3e8f0d3b2eaf05613c7877572b9dc9b17e3975a80e713
733,104,17,0.16346153846153846,,True,False,False,0,20,67,84,17,0.7976190476190477,,4.918728652587414,1.7572642267022003,1.7545525228716947,3.7614754629559743,4.294543039444047,4.848909502349262,,84,0,True,2,0,20,6,0,0,2021.6321429775726,,1839.8169000102687,,RAW_WINDOWS_DT30_DISTANCE400_V1,104,104,0,1.0,,104,11.047797671720181,1.9687608507541985,4.736876651055158,,3,5,2.9514585323735556e-10,1,0,0,0,2,2,1940.2726137611212,NO_RAW_BREAK_CROSSING,R0,UNIFORM,PROCESSED,81963cd6aef18afb214644f2f1ec201a729b333abe8a6818f27c164be3b537b6
733,104,17,0.16346153846153846,,True,False,False,0,20,67,84,17,0.7976190476190477,,4.918728652587414,1.7572642267022003,1.7545525228716947,3.7614754629559743,4.294543039444047,4.848909502349262,,84,0,True,2,0,20,6,0,0,2021.6321429775726,,1839.8169000102687,,RAW_WINDOWS_DT30_DISTANCE400_V1,104,104,0,1.0,,104,11.047797671720181,1.9687608507541985,4.736876651055158,,3,5,2.9514585323735556e-10,1,0,0,0,2,2,1940.2726137611212,NO_RAW_BREAK_CROSSING,S0,UNIFORM,PROCESSED,9c799bb0199cbdb77aafd9c8d840b11d4284f756c88bf3e0e762e3a1df46efd1
733,104,17,0.16346153846153846,,True,False,False,0,20,67,84,17,0.7976190476190477,,4.918728652587414,1.7572642267022003,1.7545525228716947,3.7614754629559743,4.294543039444047,4.848909502349262,,84,0,True,2,0,20,6,0,0,2021.6321429775726,,1839.8169000102687,,RAW_WINDOWS_DT30_DISTANCE400_V1,104,104,0,1.0,,104,11.047797671720181,1.9687608507541985,4.736876651055158,,3,5,2.9514585323735556e-10,1,0,0,0,2,2,1940.2726137611212,NO_RAW_BREAK_CROSSING,G0,TIME_FLAGGED_OR_UNAVAILABLE,PROCESSED,81963cd6aef18afb214644f2f1ec201a729b333abe8a6818f27c164be3b537b6
733,104,17,0.16346153846153846,,True,False,False,0,20,67,84,17,0.7976190476190477,,4.918728652587414,1.7572642267022003,1.7545525228716947,3.7614754629559743,4.294543039444047,4.848909502349262,,84,0,True,2,0,20,6,0,0,2021.6321429775726,,1839.8169000102687,,RAW_WINDOWS_DT30_DISTANCE400_V1,104,104,0,1.0,,104,11.047797671720181,1.9687608507541985,4.736876651055158,,3,5,2.9514585323735556e-10,1,0,0,0,2,2,1940.2726137611212,NO_RAW_BREAK_CROSSING,S0_G0,TIME_FLAGGED_OR_UNAVAILABLE,PROCESSED,9c799bb0199cbdb77aafd9c8d840b11d4284f756c88bf3e0e762e3a1df46efd1
7056,100,11,0.11,,True,False,False,0,16,73,84,11,0.8690476190476191,,4.235811765841505,1.2609645318837923,1.0541179746282792,2.819236704693898,3.587522338941631,4.161100601482096,,84,0,True,1,0,16,3,0,0,174.3818213858802,,120.97469530522876,,RAW_WINDOWS_DT30_DISTANCE400_V1,100,100,0,1.0,,100,4.235811765841505,1.4030277184254476,4.106665324700335,,0,5,3.111115620168882e-10,0,0,0,0,1,1,174.3818213858802,NO_RAW_BREAK_CROSSING,R0,UNIFORM,PROCESSED,8d42c72a675653a1fc8e6268eddf349bd4738d3bc4671367a2f6bf85c21fc2f0
7056,100,11,0.11,,True,False,False,0,16,73,84,11,0.8690476190476191,,4.235811765841505,1.2609645318837923,1.0541179746282792,2.819236704693898,3.587522338941631,4.161100601482096,,84,0,True,1,0,16,3,0,0,174.3818213858802,,120.97469530522876,,RAW_WINDOWS_DT30_DISTANCE400_V1,100,100,0,1.0,,100,4.235811765841505,1.4030277184254476,4.106665324700335,,0,5,3.111115620168882e-10,0,0,0,0,1,1,174.3818213858802,NO_RAW_BREAK_CROSSING,S0,UNIFORM,PROCESSED,afda779c094fbca817986e938e3a6d3c11a4c0767a8496ffddf78b95f357a8ce
7056,100,11,0.11,,True,False,False,0,16,73,84,11,0.8690476190476191,,4.235811765841505,1.2609645318837923,1.0541179746282792,2.819236704693898,3.587522338941631,4.161100601482096,,84,0,True,1,0,16,3,0,0,174.3818213858802,,120.97469530522876,,RAW_WINDOWS_DT30_DISTANCE400_V1,100,100,0,1.0,,100,4.235811765841505,1.4030277184254476,4.106665324700335,,0,5,3.111115620168882e-10,0,0,0,0,1,1,174.3818213858802,NO_RAW_BREAK_CROSSING,G0,TIME_FLAGGED_OR_UNAVAILABLE,PROCESSED,8d42c72a675653a1fc8e6268eddf349bd4738d3bc4671367a2f6bf85c21fc2f0
7056,100,11,0.11,,True,False,False,0,16,73,84,11,0.8690476190476191,,4.235811765841505,1.2609645318837923,1.0541179746282792,2.819236704693898,3.587522338941631,4.161100601482096,,84,0,True,1,0,16,3,0,0,174.3818213858802,,120.97469530522876,,RAW_WINDOWS_DT30_DISTANCE400_V1,100,100,0,1.0,,100,4.235811765841505,1.4030277184254476,4.106665324700335,,0,5,3.111115620168882e-10,0,0,0,0,1,1,174.3818213858802,NO_RAW_BREAK_CROSSING,S0_G0,TIME_FLAGGED_OR_UNAVAILABLE,PROCESSED,afda779c094fbca817986e938e3a6d3c11a4c0767a8496ffddf78b95f357a8ce
7686,109,29,0.26605504587155965,,True,False,False,0,14,66,95,29,0.6947368421052631,,4.758005531577132,1.0144116402059555,0.5103289822747096,3.444346833958386,4.084338708558229,4.662698342075717,,95,0,True,1,0,14,3,0,0,2248.3910214157154,,2209.175761729899,,RAW_WINDOWS_DT30_DISTANCE400_V1,109,109,0,1.0,,109,6.495041955053381,1.1060427235436279,4.205721702116366,,1,5,2.3053796932595158e-10,0,0,0,0,1,1,2248.3910214157154,NO_RAW_BREAK_CROSSING,R0,UNIFORM,PROCESSED,ad53d5175059452b3a3e59e5b0ce0efb00db93904a761fe54686ef628f8e13dd
7686,109,29,0.26605504587155965,,True,False,False,0,14,66,95,29,0.6947368421052631,,4.758005531577132,1.0144116402059555,0.5103289822747096,3.444346833958386,4.084338708558229,4.662698342075717,,95,0,True,1,0,14,3,0,0,2248.3910214157154,,2209.175761729899,,RAW_WINDOWS_DT30_DISTANCE400_V1,109,109,0,1.0,,109,6.495041955053381,1.1060427235436279,4.205721702116366,,1,5,2.3053796932595158e-10,0,0,0,0,1,1,2248.3910214157154,NO_RAW_BREAK_CROSSING,S0,UNIFORM,PROCESSED,11963396543df28ae3f5cba4453fcd1effc862ef491e2c62fabf5bd1d99c3f13
7686,109,29,0.26605504587155965,,True,False,False,0,14,66,95,29,0.6947368421052631,,4.758005531577132,1.0144116402059555,0.5103289822747096,3.444346833958386,4.084338708558229,4.662698342075717,,95,0,True,1,0,14,3,0,0,2248.3910214157154,,2209.175761729899,,RAW_WINDOWS_DT30_DISTANCE400_V1,109,109,0,1.0,,109,6.495041955053381,1.1060427235436279,4.205721702116366,,1,5,2.3053796932595158e-10,0,0,0,0,1,1,2248.3910214157154,NO_RAW_BREAK_CROSSING,G0,TIME_FLAGGED_OR_UNAVAILABLE,PROCESSED,ad53d5175059452b3a3e59e5b0ce0efb00db93904a761fe54686ef628f8e13dd
7686,109,29,0.26605504587155965,,True,False,False,0,14,66,95,29,0.6947368421052631,,4.758005531577132,1.0144116402059555,0.5103289822747096,3.444346833958386,4.084338708558229,4.662698342075717,,95,0,True,1,0,14,3,0,0,2248.3910214157154,,2209.175761729899,,RAW_WINDOWS_DT30_DISTANCE400_V1,109,109,0,1.0,,109,6.495041955053381,1.1060427235436279,4.205721702116366,,1,5,2.3053796932595158e-10,0,0,0,0,1,1,2248.3910214157154,NO_RAW_BREAK_CROSSING,S0_G0,TIME_FLAGGED_OR_UNAVAILABLE,PROCESSED,11963396543df28ae3f5cba4453fcd1effc862ef491e2c62fabf5bd1d99c3f13
9279,98,5,0.05102040816326531,,True,False,False,38,3,52,57,5,0.9122807017543859,,2.875341651689493,1.0699503905120193,0.9479608498608878,2.193131875444945,2.3460114630849773,2.6684726783697887,,57,0,True,2,1,3,3,0,0,100.35011975370269,,46.69511635470548,,RAW_WINDOWS_DT30_DISTANCE400_V1,98,60,38,0.6122448979591837,,60,2.875341651689493,1.1141985421423495,2.322470061714262,,0,5,8.426069783577648e-11,1,0,0,1,2,1,98.93711730127912,NO_RAW_BREAK_CROSSING,R0,UNIFORM,PROCESSED,0dc5ecbe2d29521536a3f440629bbdae2cb804cee63f100de8f490da9de58aa5
9279,98,8,0.08163265306122448,,True,False,False,0,10,80,88,8,0.9090909090909091,,2.875341651689493,1.1188655140001935,1.0809047340525808,2.1692495329318575,2.242663727711437,2.5539559252820947,,88,0,True,2,0,10,6,0,0,100.35011975370269,,63.218822321645284,,RAW_WINDOWS_DT30_DISTANCE400_V1,98,98,0,1.0,,98,2.875341651689493,1.1578546700366656,2.2630145374966792,,0,5,8.426069783577648e-11,1,0,0,0,2,2,98.93711730127912,NO_RAW_BREAK_CROSSING,S0,UNIFORM,PROCESSED,9e039df4e78169b05972bab80f8ce36057db56c650fbfa4db6d434c665a40804
9279,98,5,0.05102040816326531,,True,False,False,38,3,52,57,5,0.9122807017543859,,2.875341651689493,1.0699503905120193,0.9479608498608878,2.193131875444945,2.3460114630849773,2.6684726783697887,,57,0,True,2,1,3,3,0,0,100.35011975370269,,46.69511635470548,,RAW_WINDOWS_DT30_DISTANCE400_V1,98,60,38,0.6122448979591837,,60,2.875341651689493,1.1141985421423495,2.322470061714262,,0,5,8.426069783577648e-11,1,0,0,1,2,1,98.93711730127912,NO_RAW_BREAK_CROSSING,G0,TIME_FLAGGED_OR_UNAVAILABLE,PROCESSED,0dc5ecbe2d29521536a3f440629bbdae2cb804cee63f100de8f490da9de58aa5
9279,98,8,0.08163265306122448,,True,False,False,0,10,80,88,8,0.9090909090909091,,2.875341651689493,1.1188655140001935,1.0809047340525808,2.1692495329318575,2.242663727711437,2.5539559252820947,,88,0,True,2,0,10,6,0,0,100.35011975370269,,63.218822321645284,,RAW_WINDOWS_DT30_DISTANCE400_V1,98,98,0,1.0,,98,2.875341651689493,1.1578546700366656,2.2630145374966792,,0,5,8.426069783577648e-11,1,0,0,0,2,2,98.93711730127912,NO_RAW_BREAK_CROSSING,S0_G0,TIME_FLAGGED_OR_UNAVAILABLE,PROCESSED,9e039df4e78169b05972bab80f8ce36057db56c650fbfa4db6d434c665a40804
3064,53,18,0.33962264150943394,,True,False,False,0,11,24,42,18,0.5714285714285714,,3.7547921334921597,0.6563483333731847,0.34567773060011164,2.2257893519627623,2.6450671643209387,3.6290614717537455,,42,0,True,2,0,11,6,0,0,804.9188236785927,,505.6689430999677,,RAW_WINDOWS_DT30_DISTANCE400_V1,53,53,0,1.0,,53,73.55700689699634,3.639859441826863,11.941448551516583,,7,5,6.207941468889902e-10,1,0,0,0,2,2,765.8439834766352,NO_RAW_BREAK_CROSSING,R0,UNIFORM,PROCESSED,317a94ac01b1e71f74b53d903eaf8a60a39bd5069f3feb936ebb436f18be2579
3064,53,18,0.33962264150943394,,True,False,False,0,11,24,42,18,0.5714285714285714,,3.7547921334921597,0.6563483333731847,0.34567773060011164,2.2257893519627623,2.6450671643209387,3.6290614717537455,,42,0,True,2,0,11,6,0,0,804.9188236785927,,505.6689430999677,,RAW_WINDOWS_DT30_DISTANCE400_V1,53,53,0,1.0,,53,73.55700689699634,3.639859441826863,11.941448551516583,,7,5,6.207941468889902e-10,1,0,0,0,2,2,765.8439834766352,NO_RAW_BREAK_CROSSING,S0,UNIFORM,PROCESSED,7e16b48c125bd6c4c6def9a428db226e846aa77ba4ccad8c0004cb4fd4040193
3064,53,18,0.33962264150943394,,True,False,False,0,11,24,42,18,0.5714285714285714,,3.7547921334921597,0.6563483333731847,0.34567773060011164,2.2257893519627623,2.6450671643209387,3.6290614717537455,,42,0,True,2,0,11,6,0,0,804.9188236785927,,505.6689430999677,,RAW_WINDOWS_DT30_DISTANCE400_V1,53,53,0,1.0,,53,73.55700689699634,3.639859441826863,11.941448551516583,,7,5,6.207941468889902e-10,1,0,0,0,2,2,765.8439834766352,NO_RAW_BREAK_CROSSING,G0,TIME_FLAGGED_OR_UNAVAILABLE,PROCESSED,317a94ac01b1e71f74b53d903eaf8a60a39bd5069f3feb936ebb436f18be2579
3064,53,18,0.33962264150943394,,True,False,False,0,11,24,42,18,0.5714285714285714,,3.7547921334921597,0.6563483333731847,0.34567773060011164,2.2257893519627623,2.6450671643209387,3.6290614717537455,,42,0,True,2,0,11,6,0,0,804.9188236785927,,505.6689430999677,,RAW_WINDOWS_DT30_DISTANCE400_V1,53,53,0,1.0,,53,73.55700689699634,3.639859441826863,11.941448551516583,,7,5,6.207941468889902e-10,1,0,0,0,2,2,765.8439834766352,NO_RAW_BREAK_CROSSING,S0_G0,TIME_FLAGGED_OR_UNAVAILABLE,PROCESSED,7e16b48c125bd6c4c6def9a428db226e846aa77ba4ccad8c0004cb4fd4040193
4438,119,47,0.3949579831932773,,True,False,False,0,6,66,113,47,0.584070796460177,,4.994472818134982,0.961963081594749,0.2894175708941495,2.9248540928055444,3.5509875632672516,4.661219097289563,,113,0,True,2,0,6,6,0,0,5059.725344655925,,4802.561674204822,,RAW_WINDOWS_DT30_DISTANCE400_V1,119,119,0,1.0,,119,28.557506162508037,1.5275818391600233,4.458962639005522,,3,5,1.8812237672883788e-10,1,0,0,0,2,2,4857.929250911853,NO_RAW_BREAK_CROSSING,R0,UNIFORM,PROCESSED,367042a63b0d250b25582920e1017f64609694f8dcb3438cc46a5a1a94154c78
4438,119,47,0.3949579831932773,,True,False,False,0,6,66,113,47,0.584070796460177,,4.994472818134982,0.961963081594749,0.2894175708941495,2.9248540928055444,3.5509875632672516,4.661219097289563,,113,0,True,2,0,6,6,0,0,5059.725344655925,,4802.561674204822,,RAW_WINDOWS_DT30_DISTANCE400_V1,119,119,0,1.0,,119,28.557506162508037,1.5275818391600233,4.458962639005522,,3,5,1.8812237672883788e-10,1,0,0,0,2,2,4857.929250911853,NO_RAW_BREAK_CROSSING,S0,UNIFORM,PROCESSED,dec5c2ecc906c0006b8b72846fc3c6b412b7070a73e6b3dafece993435c58901
4438,119,47,0.3949579831932773,,True,False,False,0,6,66,113,47,0.584070796460177,,4.994472818134982,0.961963081594749,0.2894175708941495,2.9248540928055444,3.5509875632672516,4.661219097289563,,113,0,True,2,0,6,6,0,0,5059.725344655925,,4802.561674204822,,RAW_WINDOWS_DT30_DISTANCE400_V1,119,119,0,1.0,,119,28.557506162508037,1.5275818391600233,4.458962639005522,,3,5,1.8812237672883788e-10,1,0,0,0,2,2,4857.929250911853,NO_RAW_BREAK_CROSSING,G0,TIME_FLAGGED_OR_UNAVAILABLE,PROCESSED,367042a63b0d250b25582920e1017f64609694f8dcb3438cc46a5a1a94154c78
4438,119,47,0.3949579831932773,,True,False,False,0,6,66,113,47,0.584070796460177,,4.994472818134982,0.961963081594749,0.2894175708941495,2.9248540928055444,3.5509875632672516,4.661219097289563,,113,0,True,2,0,6,6,0,0,5059.725344655925,,4802.561674204822,,RAW_WINDOWS_DT30_DISTANCE400_V1,119,119,0,1.0,,119,28.557506162508037,1.5275818391600233,4.458962639005522,,3,5,1.8812237672883788e-10,1,0,0,0,2,2,4857.929250911853,NO_RAW_BREAK_CROSSING,S0_G0,TIME_FLAGGED_OR_UNAVAILABLE,PROCESSED,dec5c2ecc906c0006b8b72846fc3c6b412b7070a73e6b3dafece993435c58901
1282,100,10,0.1,,True,False,False,0,5,85,95,10,0.8947368421052632,,4.680051366182425,1.3403006254528953,1.0679015036621025,3.050833940115858,3.6196948242833082,4.605656890236339,,95,0,True,2,0,5,6,0,0,238.35159435308222,,188.93857610757598,,RAW_WINDOWS_DT30_DISTANCE400_V1,100,100,0,1.0,,100,4.680051366182425,1.3748181178928343,3.6499224043969605,,0,5,1.6427788916530883e-10,1,0,0,0,2,2,237.1451760970737,NO_RAW_BREAK_CROSSING,R0,UNIFORM,PROCESSED,f13dfca9b636e66098c6625e777cff48acfde6dd347339edd167f6ef6ef6f700
1282,100,10,0.1,,True,False,False,0,5,85,95,10,0.8947368421052632,,4.680051366182425,1.3403006254528953,1.0679015036621025,3.050833940115858,3.6196948242833082,4.605656890236339,,95,0,True,2,0,5,6,0,0,238.35159435308222,,188.93857610757598,,RAW_WINDOWS_DT30_DISTANCE400_V1,100,100,0,1.0,,100,4.680051366182425,1.3748181178928343,3.6499224043969605,,0,5,1.6427788916530883e-10,1,0,0,0,2,2,237.1451760970737,NO_RAW_BREAK_CROSSING,S0,UNIFORM,PROCESSED,a51b5738a0c4bb65b7b784f2e21cfb5802fa8bc3a13ec6c76d7b3e522985f2fa
1282,100,10,0.1,,True,False,False,0,5,85,95,10,0.8947368421052632,,4.680051366182425,1.3403006254528953,1.0679015036621025,3.050833940115858,3.6196948242833082,4.605656890236339,,95,0,True,2,0,5,6,0,0,238.35159435308222,,188.93857610757598,,RAW_WINDOWS_DT30_DISTANCE400_V1,100,100,0,1.0,,100,4.680051366182425,1.3748181178928343,3.6499224043969605,,0,5,1.6427788916530883e-10,1,0,0,0,2,2,237.1451760970737,NO_RAW_BREAK_CROSSING,G0,TIME_FLAGGED_OR_UNAVAILABLE,PROCESSED,f13dfca9b636e66098c6625e777cff48acfde6dd347339edd167f6ef6ef6f700
1282,100,10,0.1,,True,False,False,0,5,85,95,10,0.8947368421052632,,4.680051366182425,1.3403006254528953,1.0679015036621025,3.050833940115858,3.6196948242833082,4.605656890236339,,95,0,True,2,0,5,6,0,0,238.35159435308222,,188.93857610757598,,RAW_WINDOWS_DT30_DISTANCE400_V1,100,100,0,1.0,,100,4.680051366182425,1.3748181178928343,3.6499224043969605,,0,5,1.6427788916530883e-10,1,0,0,0,2,2,237.1451760970737,NO_RAW_BREAK_CROSSING,S0_G0,TIME_FLAGGED_OR_UNAVAILABLE,PROCESSED,a51b5738a0c4bb65b7b784f2e21cfb5802fa8bc3a13ec6c76d7b3e522985f2fa
8017,87,34,0.39080459770114945,,True,False,False,0,21,32,66,34,0.48484848484848486,,4.751932680654052,1.0908571248870482,0.0,3.7403425633879586,4.072342615437425,4.478473149923124,,66,0,True,3,0,21,9,0,0,3836.6418523714133,,2879.906932000795,,RAW_WINDOWS_DT30_DISTANCE400_V1,87,87,0,1.0,,87,54.514659220357,4.355067836875565,21.411357826458378,,14,5,4.761587198694307e-10,2,0,0,0,3,3,3550.3299927971307,NO_RAW_BREAK_CROSSING,R0,UNIFORM,PROCESSED,a089d856f986cf748e59fcb9d87aea5f9049ad3232e814682882d2c13664f032
8017,87,34,0.39080459770114945,,True,False,False,0,21,32,66,34,0.48484848484848486,,4.751932680654052,1.0908571248870482,0.0,3.7403425633879586,4.072342615437425,4.478473149923124,,66,0,True,3,0,21,9,0,0,3836.6418523714133,,2879.906932000795,,RAW_WINDOWS_DT30_DISTANCE400_V1,87,87,0,1.0,,87,54.514659220357,4.355067836875565,21.411357826458378,,14,5,4.761587198694307e-10,2,0,0,0,3,3,3550.3299927971307,NO_RAW_BREAK_CROSSING,S0,UNIFORM,PROCESSED,5c412e52c77be1c39a3baa3c01290b88b715508bd21fea640686bddaec4957d0
8017,87,34,0.39080459770114945,,True,False,False,0,21,32,66,34,0.48484848484848486,,4.751932680654052,1.0908571248870482,0.0,3.7403425633879586,4.072342615437425,4.478473149923124,,66,0,True,3,0,21,9,0,0,3836.6418523714133,,2879.906932000795,,RAW_WINDOWS_DT30_DISTANCE400_V1,87,87,0,1.0,,87,54.514659220357,4.355067836875565,21.411357826458378,,14,5,4.761587198694307e-10,2,0,0,0,3,3,3550.3299927971307,NO_RAW_BREAK_CROSSING,G0,TIME_FLAGGED_OR_UNAVAILABLE,PROCESSED,a089d856f986cf748e59fcb9d87aea5f9049ad3232e814682882d2c13664f032
8017,87,34,0.39080459770114945,,True,False,False,0,21,32,66,34,0.48484848484848486,,4.751932680654052,1.0908571248870482,0.0,3.7403425633879586,4.072342615437425,4.478473149923124,,66,0,True,3,0,21,9,0,0,3836.6418523714133,,2879.906932000795,,RAW_WINDOWS_DT30_DISTANCE400_V1,87,87,0,1.0,,87,54.514659220357,4.355067836875565,21.411357826458378,,14,5,4.761587198694307e-10,2,0,0,0,3,3,3550.3299927971307,NO_RAW_BREAK_CROSSING,S0_G0,TIME_FLAGGED_OR_UNAVAILABLE,PROCESSED,5c412e52c77be1c39a3baa3c01290b88b715508bd21fea640686bddaec4957d0
8084,98,36,0.3673469387755102,,True,False,False,5,31,26,62,36,0.4193548387096774,,4.9646058904525034,0.8074495622762576,0.0,2.803403880906065,3.7619576798074417,4.879207712891123,,62,0,True,8,3,31,15,0,0,7538.914035819987,,2841.691404834797,,RAW_WINDOWS_DT30_DISTANCE400_V1,98,93,5,0.9489795918367347,,93,95.1606831664868,4.595864364665754,17.32249323051258,,15,5,3.838734078467278e-10,7,0,0,4,8,5,3973.3995063424886,NO_RAW_BREAK_CROSSING,R0,UNIFORM,PROCESSED,b1a7bd3cf1e72e9f59fc743fe9789e0daf48269416332e75f002b089f0e73193
8084,98,39,0.3979591836734694,,True,False,False,2,31,26,65,39,0.4,,4.9646058904525034,0.7701826594019688,0.0,2.7621436457125124,3.7387045649245043,4.875007802519251,,65,0,True,8,2,31,18,0,0,7538.914035819987,,3465.6208418499186,,RAW_WINDOWS_DT30_DISTANCE400_V1,98,96,2,0.9795918367346939,,96,95.1606831664868,4.45224360326995,16.117645176004604,,15,5,3.838734078467278e-10,7,0,0,2,8,6,3973.3995063424886,NO_RAW_BREAK_CROSSING,S0,UNIFORM,PROCESSED,d6f48c986acd4d2d6c452bc47ca381677beade7fc8f285528419111bd7256918
8084,98,36,0.3673469387755102,,True,False,False,5,31,26,62,36,0.4193548387096774,,4.9646058904525034,0.8074495622762576,0.0,2.803403880906065,3.7619576798074417,4.879207712891123,,62,0,True,8,3,31,15,0,0,7538.914035819987,,2841.691404834797,,RAW_WINDOWS_DT30_DISTANCE400_V1,98,93,5,0.9489795918367347,,93,95.1606831664868,4.595864364665754,17.32249323051258,,15,5,3.838734078467278e-10,7,0,0,4,8,5,3973.3995063424886,NO_RAW_BREAK_CROSSING,G0,TIME_FLAGGED_OR_UNAVAILABLE,PROCESSED,b1a7bd3cf1e72e9f59fc743fe9789e0daf48269416332e75f002b089f0e73193
8084,98,39,0.3979591836734694,,True,False,False,2,31,26,65,39,0.4,,4.9646058904525034,0.7701826594019688,0.0,2.7621436457125124,3.7387045649245043,4.875007802519251,,65,0,True,8,2,31,18,0,0,7538.914035819987,,3465.6208418499186,,RAW_WINDOWS_DT30_DISTANCE400_V1,98,96,2,0.9795918367346939,,96,95.1606831664868,4.45224360326995,16.117645176004604,,15,5,3.838734078467278e-10,7,0,0,2,8,6,3973.3995063424886,NO_RAW_BREAK_CROSSING,S0_G0,TIME_FLAGGED_OR_UNAVAILABLE,PROCESSED,d6f48c986acd4d2d6c452bc47ca381677beade7fc8f285528419111bd7256918
4187,109,23,0.21100917431192662,,True,False,False,0,18,68,91,23,0.7472527472527473,,3.532106327730682,0.647886169901163,0.33229369545541937,1.5308519206666615,2.048281698898845,3.1380081515263183,,91,0,True,2,0,18,6,0,0,2802.2460207677805,,2314.621172273694,,RAW_WINDOWS_DT30_DISTANCE400_V1,109,109,0,1.0,,109,9.968610364225967,0.7782441373280299,2.2143676532220202,,1,5,3.158116423315286e-10,1,0,0,0,2,2,2769.224580684747,NO_RAW_BREAK_CROSSING,R0,UNIFORM,PROCESSED,d87dc60b056a7738298820ae6cdb76474401d370f0b871e3ff71f993440846a1
4187,109,23,0.21100917431192662,,True,False,False,0,18,68,91,23,0.7472527472527473,,3.532106327730682,0.647886169901163,0.33229369545541937,1.5308519206666615,2.048281698898845,3.1380081515263183,,91,0,True,2,0,18,6,0,0,2802.2460207677805,,2314.621172273694,,RAW_WINDOWS_DT30_DISTANCE400_V1,109,109,0,1.0,,109,9.968610364225967,0.7782441373280299,2.2143676532220202,,1,5,3.158116423315286e-10,1,0,0,0,2,2,2769.224580684747,NO_RAW_BREAK_CROSSING,S0,UNIFORM,PROCESSED,b72aefc06ac5375ae0467f33aee9e2014cb8bb29415d84e8b0ac5555c0c83863
4187,109,23,0.21100917431192662,,True,False,False,0,18,68,91,23,0.7472527472527473,,3.532106327730682,0.647886169901163,0.33229369545541937,1.5308519206666615,2.048281698898845,3.1380081515263183,,91,0,True,2,0,18,6,0,0,2802.2460207677805,,2314.621172273694,,RAW_WINDOWS_DT30_DISTANCE400_V1,109,109,0,1.0,,109,9.968610364225967,0.7782441373280299,2.2143676532220202,,1,5,3.158116423315286e-10,1,0,0,0,2,2,2769.224580684747,NO_RAW_BREAK_CROSSING,G0,TIME_FLAGGED_OR_UNAVAILABLE,PROCESSED,d87dc60b056a7738298820ae6cdb76474401d370f0b871e3ff71f993440846a1
4187,109,23,0.21100917431192662,,True,False,False,0,18,68,91,23,0.7472527472527473,,3.532106327730682,0.647886169901163,0.33229369545541937,1.5308519206666615,2.048281698898845,3.1380081515263183,,91,0,True,2,0,18,6,0,0,2802.2460207677805,,2314.621172273694,,RAW_WINDOWS_DT30_DISTANCE400_V1,109,109,0,1.0,,109,9.968610364225967,0.7782441373280299,2.2143676532220202,,1,5,3.158116423315286e-10,1,0,0,0,2,2,2769.224580684747,NO_RAW_BREAK_CROSSING,S0_G0,TIME_FLAGGED_OR_UNAVAILABLE,PROCESSED,b72aefc06ac5375ae0467f33aee9e2014cb8bb29415d84e8b0ac5555c0c83863
3555,100,22,0.22,,True,False,False,0,18,60,82,22,0.7317073170731707,,4.939638159213902,1.307434952516538,0.9486426207221228,3.3397207687846033,3.6987945486913647,4.551040247662305,,82,0,True,2,0,18,6,0,0,3977.4817627100165,,1712.685851846371,,RAW_WINDOWS_DT30_DISTANCE400_V1,100,100,0,1.0,,100,158.6546931537472,2.997379537182736,4.413677495970642,,3,5,2.1177100218538297e-10,1,0,0,0,2,2,2072.5049369486455,NO_RAW_BREAK_CROSSING,R0,UNIFORM,PROCESSED,5b081cc0311a2cc9161365ba15436a6827a22d95658fd72e79efa8dca495387a
3555,100,22,0.22,,True,False,False,0,18,60,82,22,0.7317073170731707,,4.939638159213902,1.307434952516538,0.9486426207221228,3.3397207687846033,3.6987945486913647,4.551040247662305,,82,0,True,2,0,18,6,0,0,3977.4817627100165,,1712.685851846371,,RAW_WINDOWS_DT30_DISTANCE400_V1,100,100,0,1.0,,100,158.6546931537472,2.997379537182736,4.413677495970642,,3,5,2.1177100218538297e-10,1,0,0,0,2,2,2072.5049369486455,NO_RAW_BREAK_CROSSING,S0,UNIFORM,PROCESSED,7a1eada5ece2024d09afde5d5c2e2b4fa47b886117c409c457bbf1c5253465fb
3555,100,22,0.22,,True,False,False,0,18,60,82,22,0.7317073170731707,,4.939638159213902,1.307434952516538,0.9486426207221228,3.3397207687846033,3.6987945486913647,4.551040247662305,,82,0,True,2,0,18,6,0,0,3977.4817627100165,,1712.685851846371,,RAW_WINDOWS_DT30_DISTANCE400_V1,100,100,0,1.0,,100,158.6546931537472,2.997379537182736,4.413677495970642,,3,5,2.1177100218538297e-10,1,0,0,0,2,2,2072.5049369486455,NO_RAW_BREAK_CROSSING,G0,TIME_FLAGGED_OR_UNAVAILABLE,PROCESSED,5b081cc0311a2cc9161365ba15436a6827a22d95658fd72e79efa8dca495387a
3555,100,22,0.22,,True,False,False,0,18,60,82,22,0.7317073170731707,,4.939638159213902,1.307434952516538,0.9486426207221228,3.3397207687846033,3.6987945486913647,4.551040247662305,,82,0,True,2,0,18,6,0,0,3977.4817627100165,,1712.685851846371,,RAW_WINDOWS_DT30_DISTANCE400_V1,100,100,0,1.0,,100,158.6546931537472,2.997379537182736,4.413677495970642,,3,5,2.1177100218538297e-10,1,0,0,0,2,2,2072.5049369486455,NO_RAW_BREAK_CROSSING,S0_G0,TIME_FLAGGED_OR_UNAVAILABLE,PROCESSED,7a1eada5ece2024d09afde5d5c2e2b4fa47b886117c409c457bbf1c5253465fb
7952,30,7,0.23333333333333334,,True,False,False,3,8,12,19,7,0.631578947368421,,4.77722884752989,1.2891206688482195,0.9317975041828586,3.565029942031429,3.90688517018486,4.603160112060884,,19,0,True,2,1,8,3,0,0,949.0333433727326,,634.1946043165727,,RAW_WINDOWS_DT30_DISTANCE400_V1,30,27,3,0.9,,27,114.46327193558233,8.202568856350965,27.020223346894916,,6,5,6.253612665439513e-10,1,0,0,1,2,1,907.7565168523602,NO_RAW_BREAK_CROSSING,R0,UNIFORM,PROCESSED,5c1d3c2d6334719a119f8b2247df46c8fc6a5cb44eb7669573a9034f1ef0de7e
7952,30,9,0.3,,True,False,False,0,8,13,22,9,0.5909090909090908,,4.77722884752989,1.1151789838602555,0.3754521368819212,3.4526664549311,3.7948584187018315,4.574148656149383,,22,0,True,2,0,8,6,0,0,949.0333433727326,,639.3964523619163,,RAW_WINDOWS_DT30_DISTANCE400_V1,30,30,0,1.0,,30,114.46327193558233,7.383666801942849,24.831955562608357,,6,5,6.253612665439513e-10,1,0,0,0,2,2,907.7565168523602,NO_RAW_BREAK_CROSSING,S0,UNIFORM,PROCESSED,1696c5b634672628eb1b09d1730d0b04d480484e3e8ff481db74e053b557093a
7952,30,7,0.23333333333333334,,True,False,False,3,8,12,19,7,0.631578947368421,,4.77722884752989,1.2891206688482195,0.9317975041828586,3.565029942031429,3.90688517018486,4.603160112060884,,19,0,True,2,1,8,3,0,0,949.0333433727326,,634.1946043165727,,RAW_WINDOWS_DT30_DISTANCE400_V1,30,27,3,0.9,,27,114.46327193558233,8.202568856350965,27.020223346894916,,6,5,6.253612665439513e-10,1,0,0,1,2,1,907.7565168523602,NO_RAW_BREAK_CROSSING,G0,TIME_FLAGGED_OR_UNAVAILABLE,PROCESSED,5c1d3c2d6334719a119f8b2247df46c8fc6a5cb44eb7669573a9034f1ef0de7e
7952,30,9,0.3,,True,False,False,0,8,13,22,9,0.5909090909090908,,4.77722884752989,1.1151789838602555,0.3754521368819212,3.4526664549311,3.7948584187018315,4.574148656149383,,22,0,True,2,0,8,6,0,0,949.0333433727326,,639.3964523619163,,RAW_WINDOWS_DT30_DISTANCE400_V1,30,30,0,1.0,,30,114.46327193558233,7.383666801942849,24.831955562608357,,6,5,6.253612665439513e-10,1,0,0,0,2,2,907.7565168523602,NO_RAW_BREAK_CROSSING,S0_G0,TIME_FLAGGED_OR_UNAVAILABLE,PROCESSED,1696c5b634672628eb1b09d1730d0b04d480484e3e8ff481db74e053b557093a
10354,109,40,0.3669724770642202,,True,False,False,0,8,61,101,40,0.6039603960396039,,4.86936081724154,1.0757363295398092,0.36898269472815,3.651902779023241,4.020254465654508,4.5145388773156805,,101,0,True,2,0,8,6,0,0,6540.9460950960565,,6373.018439774594,,RAW_WINDOWS_DT30_DISTANCE400_V1,109,109,0,1.0,,109,6.859955057969124,1.1624091483229004,4.0984920504064455,,1,5,1.4829312431563168e-10,1,0,0,0,2,2,6395.6434786574755,NO_RAW_BREAK_CROSSING,R0,UNIFORM,PROCESSED,8e1dd017b70727f59723879669914eb643cd0bb6e459dc07b94be2c4d17ce175
10354,109,40,0.3669724770642202,,True,False,False,0,8,61,101,40,0.6039603960396039,,4.86936081724154,1.0757363295398092,0.36898269472815,3.651902779023241,4.020254465654508,4.5145388773156805,,101,0,True,2,0,8,6,0,0,6540.9460950960565,,6373.018439774594,,RAW_WINDOWS_DT30_DISTANCE400_V1,109,109,0,1.0,,109,6.859955057969124,1.1624091483229004,4.0984920504064455,,1,5,1.4829312431563168e-10,1,0,0,0,2,2,6395.6434786574755,NO_RAW_BREAK_CROSSING,S0,UNIFORM,PROCESSED,35700614be3dadfe3be8c63c2d7547e75053cd8e72f0e0edcda1bf596a337e3b
10354,109,40,0.3669724770642202,,True,False,False,0,8,61,101,40,0.6039603960396039,,4.86936081724154,1.0757363295398092,0.36898269472815,3.651902779023241,4.020254465654508,4.5145388773156805,,101,0,True,2,0,8,6,0,0,6540.9460950960565,,6373.018439774594,,RAW_WINDOWS_DT30_DISTANCE400_V1,109,109,0,1.0,,109,6.859955057969124,1.1624091483229004,4.0984920504064455,,1,5,1.4829312431563168e-10,1,0,0,0,2,2,6395.6434786574755,NO_RAW_BREAK_CROSSING,G0,TIME_FLAGGED_OR_UNAVAILABLE,PROCESSED,8e1dd017b70727f59723879669914eb643cd0bb6e459dc07b94be2c4d17ce175
10354,109,40,0.3669724770642202,,True,False,False,0,8,61,101,40,0.6039603960396039,,4.86936081724154,1.0757363295398092,0.36898269472815,3.651902779023241,4.020254465654508,4.5145388773156805,,101,0,True,2,0,8,6,0,0,6540.9460950960565,,6373.018439774594,,RAW_WINDOWS_DT30_DISTANCE400_V1,109,109,0,1.0,,109,6.859955057969124,1.1624091483229004,4.0984920504064455,,1,5,1.4829312431563168e-10,1,0,0,0,2,2,6395.6434786574755,NO_RAW_BREAK_CROSSING,S0_G0,TIME_FLAGGED_OR_UNAVAILABLE,PROCESSED,35700614be3dadfe3be8c63c2d7547e75053cd8e72f0e0edcda1bf596a337e3b
993,100,4,0.04,,True,False,False,0,32,64,68,4,0.9411764705882353,,4.576403393523122,1.3081463615740248,0.9878472045058131,3.2757459936979805,3.930670814996705,4.3573478371581595,,68,0,True,1,0,32,3,0,0,211.788501220455,,60.97586833754998,,RAW_WINDOWS_DT30_DISTANCE400_V1,100,100,0,1.0,,100,4.576403393523122,1.5387391072125167,3.6781984612787393,,0,5,1.5930765408046448e-10,0,0,0,0,1,1,211.788501220455,NO_RAW_BREAK_CROSSING,R0,UNIFORM,PROCESSED,76e48ebbad6d9fb13c2e6d6423d1546c87c8fa5b387dc6d98ace4066d6f86b20
993,100,4,0.04,,True,False,False,0,32,64,68,4,0.9411764705882353,,4.576403393523122,1.3081463615740248,0.9878472045058131,3.2757459936979805,3.930670814996705,4.3573478371581595,,68,0,True,1,0,32,3,0,0,211.788501220455,,60.97586833754998,,RAW_WINDOWS_DT30_DISTANCE400_V1,100,100,0,1.0,,100,4.576403393523122,1.5387391072125167,3.6781984612787393,,0,5,1.5930765408046448e-10,0,0,0,0,1,1,211.788501220455,NO_RAW_BREAK_CROSSING,S0,UNIFORM,PROCESSED,ddef8cf7aca4eed40a2b00177cbb77f474e26098b13fecabccc9fed107e0935b
993,100,4,0.04,,True,False,False,0,32,64,68,4,0.9411764705882353,,4.576403393523122,1.3081463615740248,0.9878472045058131,3.2757459936979805,3.930670814996705,4.3573478371581595,,68,0,True,1,0,32,3,0,0,211.788501220455,,60.97586833754998,,RAW_WINDOWS_DT30_DISTANCE400_V1,100,100,0,1.0,,100,4.576403393523122,1.5387391072125167,3.6781984612787393,,0,5,1.5930765408046448e-10,0,0,0,0,1,1,211.788501220455,NO_RAW_BREAK_CROSSING,G0,TIME_FLAGGED_OR_UNAVAILABLE,PROCESSED,76e48ebbad6d9fb13c2e6d6423d1546c87c8fa5b387dc6d98ace4066d6f86b20
993,100,4,0.04,,True,False,False,0,32,64,68,4,0.9411764705882353,,4.576403393523122,1.3081463615740248,0.9878472045058131,3.2757459936979805,3.930670814996705,4.3573478371581595,,68,0,True,1,0,32,3,0,0,211.788501220455,,60.97586833754998,,RAW_WINDOWS_DT30_DISTANCE400_V1,100,100,0,1.0,,100,4.576403393523122,1.5387391072125167,3.6781984612787393,,0,5,1.5930765408046448e-10,0,0,0,0,1,1,211.788501220455,NO_RAW_BREAK_CROSSING,S0_G0,TIME_FLAGGED_OR_UNAVAILABLE,PROCESSED,ddef8cf7aca4eed40a2b00177cbb77f474e26098b13fecabccc9fed107e0935b
3957,101,9,0.0891089108910891,,True,False,False,0,9,83,92,9,0.9021739130434783,,4.227455970106864,1.1755050558338669,0.7657585119478794,2.8400942264174454,3.3959399661698093,4.142223280118205,,92,0,True,2,0,9,6,0,0,212.61034051502548,,158.3998201206984,,RAW_WINDOWS_DT30_DISTANCE400_V1,101,101,0,1.0,,101,4.227455970106864,1.1988266824134102,3.4467680626285455,,0,5,1.407808964907279e-10,1,0,0,0,2,2,212.26436859490266,NO_RAW_BREAK_CROSSING,R0,UNIFORM,PROCESSED,4590c50760ce42a529765f7dc604058331cffb392ad296181ecf0143cbaa553d
3957,101,9,0.0891089108910891,,True,False,False,0,9,83,92,9,0.9021739130434783,,4.227455970106864,1.1755050558338669,0.7657585119478794,2.8400942264174454,3.3959399661698093,4.142223280118205,,92,0,True,2,0,9,6,0,0,212.61034051502548,,158.3998201206984,,RAW_WINDOWS_DT30_DISTANCE400_V1,101,101,0,1.0,,101,4.227455970106864,1.1988266824134102,3.4467680626285455,,0,5,1.407808964907279e-10,1,0,0,0,2,2,212.26436859490266,NO_RAW_BREAK_CROSSING,S0,UNIFORM,PROCESSED,e5139bd06070793d2cd1898ca963ecf05d7f5a6d261b75c8bdd14071aa103706
3957,101,9,0.0891089108910891,,True,False,False,0,9,83,92,9,0.9021739130434783,,4.227455970106864,1.1755050558338669,0.7657585119478794,2.8400942264174454,3.3959399661698093,4.142223280118205,,92,0,True,2,0,9,6,0,0,212.61034051502548,,158.3998201206984,,RAW_WINDOWS_DT30_DISTANCE400_V1,101,101,0,1.0,,101,4.227455970106864,1.1988266824134102,3.4467680626285455,,0,5,1.407808964907279e-10,1,0,0,0,2,2,212.26436859490266,NO_RAW_BREAK_CROSSING,G0,TIME_FLAGGED_OR_UNAVAILABLE,PROCESSED,4590c50760ce42a529765f7dc604058331cffb392ad296181ecf0143cbaa553d
3957,101,9,0.0891089108910891,,True,False,False,0,9,83,92,9,0.9021739130434783,,4.227455970106864,1.1755050558338669,0.7657585119478794,2.8400942264174454,3.3959399661698093,4.142223280118205,,92,0,True,2,0,9,6,0,0,212.61034051502548,,158.3998201206984,,RAW_WINDOWS_DT30_DISTANCE400_V1,101,101,0,1.0,,101,4.227455970106864,1.1988266824134102,3.4467680626285455,,0,5,1.407808964907279e-10,1,0,0,0,2,2,212.26436859490266,NO_RAW_BREAK_CROSSING,S0_G0,TIME_FLAGGED_OR_UNAVAILABLE,PROCESSED,e5139bd06070793d2cd1898ca963ecf05d7f5a6d261b75c8bdd14071aa103706
1765,101,19,0.18811881188118812,,True,False,False,0,45,37,56,19,0.6607142857142857,,3.4639283805468333,0.9024177051202397,0.6730794937436115,2.5975168341494417,2.7890734257435605,3.26746791367607,,56,0,True,1,0,45,3,0,0,1191.6519875804076,,878.3209758666341,,RAW_WINDOWS_DT30_DISTANCE400_V1,101,101,0,1.0,,101,35.24387194124322,3.7794450641265946,14.797866233539015,,21,5,3.364832217385705e-10,0,0,0,0,1,1,1191.6519875804076,NO_RAW_BREAK_CROSSING,R0,UNIFORM,PROCESSED,937af318b2d4120d8f88084497d6f38f499a4bc155738c02a4d0dd4a3733217f
1765,101,19,0.18811881188118812,,True,False,False,0,45,37,56,19,0.6607142857142857,,3.4639283805468333,0.9024177051202397,0.6730794937436115,2.5975168341494417,2.7890734257435605,3.26746791367607,,56,0,True,1,0,45,3,0,0,1191.6519875804076,,878.3209758666341,,RAW_WINDOWS_DT30_DISTANCE400_V1,101,101,0,1.0,,101,35.24387194124322,3.7794450641265946,14.797866233539015,,21,5,3.364832217385705e-10,0,0,0,0,1,1,1191.6519875804076,NO_RAW_BREAK_CROSSING,S0,UNIFORM,PROCESSED,b508cc5a622495821697a48f107e1c079c801fe8680dbd6e8e4c5820d6188edb
1765,101,19,0.18811881188118812,,True,False,False,0,45,37,56,19,0.6607142857142857,,3.4639283805468333,0.9024177051202397,0.6730794937436115,2.5975168341494417,2.7890734257435605,3.26746791367607,,56,0,True,1,0,45,3,0,0,1191.6519875804076,,878.3209758666341,,RAW_WINDOWS_DT30_DISTANCE400_V1,101,101,0,1.0,,101,35.24387194124322,3.7794450641265946,14.797866233539015,,21,5,3.364832217385705e-10,0,0,0,0,1,1,1191.6519875804076,NO_RAW_BREAK_CROSSING,G0,TIME_FLAGGED_OR_UNAVAILABLE,PROCESSED,937af318b2d4120d8f88084497d6f38f499a4bc155738c02a4d0dd4a3733217f
1765,101,19,0.18811881188118812,,True,False,False,0,45,37,56,19,0.6607142857142857,,3.4639283805468333,0.9024177051202397,0.6730794937436115,2.5975168341494417,2.7890734257435605,3.26746791367607,,56,0,True,1,0,45,3,0,0,1191.6519875804076,,878.3209758666341,,RAW_WINDOWS_DT30_DISTANCE400_V1,101,101,0,1.0,,101,35.24387194124322,3.7794450641265946,14.797866233539015,,21,5,3.364832217385705e-10,0,0,0,0,1,1,1191.6519875804076,NO_RAW_BREAK_CROSSING,S0_G0,TIME_FLAGGED_OR_UNAVAILABLE,PROCESSED,b508cc5a622495821697a48f107e1c079c801fe8680dbd6e8e4c5820d6188edb
5273,35,12,0.34285714285714286,,True,False,False,16,2,5,17,12,0.2941176470588235,,3.2392360793007686,0.429890691415502,0.0,1.7108451241519675,2.7142236992659594,3.134233603293807,,17,0,True,7,5,2,6,0,0,2750.028929952669,,590.9626448775497,,RAW_WINDOWS_DT30_DISTANCE400_V1,35,19,16,0.5428571428571428,,19,32.44124718577504,2.6783539822805227,13.26952776971968,,2,5,2.2767441865624902e-10,6,0,0,8,7,2,1170.2592763103685,NO_RAW_BREAK_CROSSING,R0,UNIFORM,PROCESSED,70538f9cb65c979b741f5bfa5729e12d7803f74fb58deb51c1f3c9095cde48db
5273,35,22,0.6285714285714286,,True,False,False,0,2,11,33,22,0.33333333333333337,,3.7906701177922435,0.4467786752150265,0.0,2.1226888211781714,2.845476794274661,3.614211225474971,,33,0,True,7,0,2,21,0,0,2750.028929952669,,1108.1105343343988,,RAW_WINDOWS_DT30_DISTANCE400_V1,35,35,0,1.0,,35,32.44124718577504,1.6664080054674935,5.9952700995019566,,2,5,2.2767441865624902e-10,6,0,0,0,7,7,1170.2592763103685,NO_RAW_BREAK_CROSSING,S0,UNIFORM,PROCESSED,4e49c762a25bc72192fba3278d7c7dd3e7afa5ae8f56284df0a144268c766e5c
5273,35,12,0.34285714285714286,,True,False,False,16,2,5,17,12,0.2941176470588235,,3.2392360793007686,0.429890691415502,0.0,1.7108451241519675,2.7142236992659594,3.134233603293807,,17,0,True,7,5,2,6,0,0,2750.028929952669,,590.9626448775497,,RAW_WINDOWS_DT30_DISTANCE400_V1,35,19,16,0.5428571428571428,,19,32.44124718577504,2.6783539822805227,13.26952776971968,,2,5,2.2767441865624902e-10,6,0,0,8,7,2,1170.2592763103685,NO_RAW_BREAK_CROSSING,G0,TIME_FLAGGED_OR_UNAVAILABLE,PROCESSED,70538f9cb65c979b741f5bfa5729e12d7803f74fb58deb51c1f3c9095cde48db
5273,35,22,0.6285714285714286,,True,False,False,0,2,11,33,22,0.33333333333333337,,3.7906701177922435,0.4467786752150265,0.0,2.1226888211781714,2.845476794274661,3.614211225474971,,33,0,True,7,0,2,21,0,0,2750.028929952669,,1108.1105343343988,,RAW_WINDOWS_DT30_DISTANCE400_V1,35,35,0,1.0,,35,32.44124718577504,1.6664080054674935,5.9952700995019566,,2,5,2.2767441865624902e-10,6,0,0,0,7,7,1170.2592763103685,NO_RAW_BREAK_CROSSING,S0_G0,TIME_FLAGGED_OR_UNAVAILABLE,PROCESSED,4e49c762a25bc72192fba3278d7c7dd3e7afa5ae8f56284df0a144268c766e5c
6764,99,25,0.25252525252525254,,True,False,False,0,4,70,95,25,0.736842105263158,,4.76714468495813,1.2398173228705884,1.0083918137438568,2.7367512496753506,4.012308228638817,4.472223032038949,,95,0,True,2,0,4,6,0,0,2332.4774494798658,,2235.5025976104803,,RAW_WINDOWS_DT30_DISTANCE400_V1,99,99,0,1.0,,99,4.76714468495813,1.2881264160679664,4.02121081870739,,0,5,2.276956945262706e-10,1,0,0,0,2,2,2267.0939030093173,NO_RAW_BREAK_CROSSING,R0,UNIFORM,PROCESSED,892c87861a890f6af266156aa0b6337ba572574bcce9757be8d31f6493198c70
6764,99,25,0.25252525252525254,,True,False,False,0,4,70,95,25,0.736842105263158,,4.76714468495813,1.2398173228705884,1.0083918137438568,2.7367512496753506,4.012308228638817,4.472223032038949,,95,0,True,2,0,4,6,0,0,2332.4774494798658,,2235.5025976104803,,RAW_WINDOWS_DT30_DISTANCE400_V1,99,99,0,1.0,,99,4.76714468495813,1.2881264160679664,4.02121081870739,,0,5,2.276956945262706e-10,1,0,0,0,2,2,2267.0939030093173,NO_RAW_BREAK_CROSSING,S0,UNIFORM,PROCESSED,da9dba842ae1ed5ff113bffc84f6fef8a29380e3697ae147f84e363273b68a8e
6764,99,25,0.25252525252525254,,True,False,False,0,4,70,95,25,0.736842105263158,,4.76714468495813,1.2398173228705884,1.0083918137438568,2.7367512496753506,4.012308228638817,4.472223032038949,,95,0,True,2,0,4,6,0,0,2332.4774494798658,,2235.5025976104803,,RAW_WINDOWS_DT30_DISTANCE400_V1,99,99,0,1.0,,99,4.76714468495813,1.2881264160679664,4.02121081870739,,0,5,2.276956945262706e-10,1,0,0,0,2,2,2267.0939030093173,NO_RAW_BREAK_CROSSING,G0,TIME_FLAGGED_OR_UNAVAILABLE,PROCESSED,892c87861a890f6af266156aa0b6337ba572574bcce9757be8d31f6493198c70
6764,99,25,0.25252525252525254,,True,False,False,0,4,70,95,25,0.736842105263158,,4.76714468495813,1.2398173228705884,1.0083918137438568,2.7367512496753506,4.012308228638817,4.472223032038949,,95,0,True,2,0,4,6,0,0,2332.4774494798658,,2235.5025976104803,,RAW_WINDOWS_DT30_DISTANCE400_V1,99,99,0,1.0,,99,4.76714468495813,1.2881264160679664,4.02121081870739,,0,5,2.276956945262706e-10,1,0,0,0,2,2,2267.0939030093173,NO_RAW_BREAK_CROSSING,S0_G0,TIME_FLAGGED_OR_UNAVAILABLE,PROCESSED,da9dba842ae1ed5ff113bffc84f6fef8a29380e3697ae147f84e363273b68a8e
4616,93,17,0.1827956989247312,,True,False,False,0,41,35,52,17,0.6730769230769231,,3.7538570866070256,0.8889762397132321,0.5367443535682581,2.5047504088108608,2.60352481309194,3.420486196194318,,52,0,True,2,0,41,6,0,0,856.2469740736932,,281.4915846615808,,RAW_WINDOWS_DT30_DISTANCE400_V1,93,93,0,1.0,,93,90.63641657204279,4.86442346704897,16.72504148477891,,14,5,5.427618953703889e-10,1,0,0,0,2,2,852.0326711515058,NO_RAW_BREAK_CROSSING,R0,UNIFORM,PROCESSED,f8ceb4b351af84f3f45ce1b954d8ef20905f1c81e31c3d8a3806ee89884fd70a
4616,93,17,0.1827956989247312,,True,False,False,0,41,35,52,17,0.6730769230769231,,3.7538570866070256,0.8889762397132321,0.5367443535682581,2.5047504088108608,2.60352481309194,3.420486196194318,,52,0,True,2,0,41,6,0,0,856.2469740736932,,281.4915846615808,,RAW_WINDOWS_DT30_DISTANCE400_V1,93,93,0,1.0,,93,90.63641657204279,4.86442346704897,16.72504148477891,,14,5,5.427618953703889e-10,1,0,0,0,2,2,852.0326711515058,NO_RAW_BREAK_CROSSING,S0,UNIFORM,PROCESSED,3f537dc2c21b55a953e5ce475fe7d63fa27f6cdcdffbe60581128a2d2780ecf6
4616,93,17,0.1827956989247312,,True,False,False,0,41,35,52,17,0.6730769230769231,,3.7538570866070256,0.8889762397132321,0.5367443535682581,2.5047504088108608,2.60352481309194,3.420486196194318,,52,0,True,2,0,41,6,0,0,856.2469740736932,,281.4915846615808,,RAW_WINDOWS_DT30_DISTANCE400_V1,93,93,0,1.0,,93,90.63641657204279,4.86442346704897,16.72504148477891,,14,5,5.427618953703889e-10,1,0,0,0,2,2,852.0326711515058,NO_RAW_BREAK_CROSSING,G0,TIME_FLAGGED_OR_UNAVAILABLE,PROCESSED,f8ceb4b351af84f3f45ce1b954d8ef20905f1c81e31c3d8a3806ee89884fd70a
4616,93,17,0.1827956989247312,,True,False,False,0,41,35,52,17,0.6730769230769231,,3.7538570866070256,0.8889762397132321,0.5367443535682581,2.5047504088108608,2.60352481309194,3.420486196194318,,52,0,True,2,0,41,6,0,0,856.2469740736932,,281.4915846615808,,RAW_WINDOWS_DT30_DISTANCE400_V1,93,93,0,1.0,,93,90.63641657204279,4.86442346704897,16.72504148477891,,14,5,5.427618953703889e-10,1,0,0,0,2,2,852.0326711515058,NO_RAW_BREAK_CROSSING,S0_G0,TIME_FLAGGED_OR_UNAVAILABLE,PROCESSED,3f537dc2c21b55a953e5ce475fe7d63fa27f6cdcdffbe60581128a2d2780ecf6
7673,137,29,0.2116788321167883,,True,False,False,4,58,46,75,29,0.6133333333333333,,4.91391665064208,0.6289923102179711,0.2354245326269592,1.9715044122935783,2.3281237693151264,4.124927265374536,,75,0,True,2,1,58,3,0,0,3409.928436689839,,2535.2967801413965,,RAW_WINDOWS_DT30_DISTANCE400_V1,137,133,4,0.9708029197080292,,133,85.22544136486191,2.8133465230988137,9.657104385552438,,14,5,1.5146494880813183e-10,1,0,0,1,2,1,3409.40098880229,NO_RAW_BREAK_CROSSING,R0,UNIFORM,PROCESSED,5ca2eb95eb3b53318e5beaa042fceebdf797ee2ae4f1413fdf102f9af79a4c61
7673,137,31,0.22627737226277372,,True,False,False,0,58,48,79,31,0.6075949367088608,,4.91391665064208,0.6016340454897918,0.20185676129967164,1.907901706269078,2.315718490774956,4.0822791904952025,,79,0,True,2,0,58,6,0,0,3409.928436689839,,2537.6470683669163,,RAW_WINDOWS_DT30_DISTANCE400_V1,137,137,0,1.0,,137,85.22544136486191,2.7337938240838535,9.204215246922502,,14,5,1.5146494880813183e-10,1,0,0,0,2,2,3409.40098880229,NO_RAW_BREAK_CROSSING,S0,UNIFORM,PROCESSED,21954a64a0c56bd71a11dd1995ddf2db9145a425b7a438e4a6ed9cd1b2236e05
7673,137,29,0.2116788321167883,,True,False,False,4,58,46,75,29,0.6133333333333333,,4.91391665064208,0.6289923102179711,0.2354245326269592,1.9715044122935783,2.3281237693151264,4.124927265374536,,75,0,True,2,1,58,3,0,0,3409.928436689839,,2535.2967801413965,,RAW_WINDOWS_DT30_DISTANCE400_V1,137,133,4,0.9708029197080292,,133,85.22544136486191,2.8133465230988137,9.657104385552438,,14,5,1.5146494880813183e-10,1,0,0,1,2,1,3409.40098880229,NO_RAW_BREAK_CROSSING,G0,TIME_FLAGGED_OR_UNAVAILABLE,PROCESSED,5ca2eb95eb3b53318e5beaa042fceebdf797ee2ae4f1413fdf102f9af79a4c61
7673,137,31,0.22627737226277372,,True,False,False,0,58,48,79,31,0.6075949367088608,,4.91391665064208,0.6016340454897918,0.20185676129967164,1.907901706269078,2.315718490774956,4.0822791904952025,,79,0,True,2,0,58,6,0,0,3409.928436689839,,2537.6470683669163,,RAW_WINDOWS_DT30_DISTANCE400_V1,137,137,0,1.0,,137,85.22544136486191,2.7337938240838535,9.204215246922502,,14,5,1.5146494880813183e-10,1,0,0,0,2,2,3409.40098880229,NO_RAW_BREAK_CROSSING,S0_G0,TIME_FLAGGED_OR_UNAVAILABLE,PROCESSED,21954a64a0c56bd71a11dd1995ddf2db9145a425b7a438e4a6ed9cd1b2236e05
5344,99,34,0.3434343434343434,,True,False,False,0,13,52,86,34,0.6046511627906976,,4.52583886492601,1.1459981990455526,0.6458526725948776,3.2511812812288396,3.715219999980671,4.261150794121881,,86,0,True,1,0,13,3,0,0,2627.2619897499367,,2565.4802801435508,,RAW_WINDOWS_DT30_DISTANCE400_V1,99,99,0,1.0,,99,12.524573952422871,1.4797277784017482,4.363995149299481,,4,5,2.2794354684108615e-10,0,0,0,0,1,1,2627.2619897499367,NO_RAW_BREAK_CROSSING,R0,UNIFORM,PROCESSED,c58ac1e7f3a6f7a3e5b72b24e0949c1ae40518261dbe22bc33bf04b9d3dd0620
5344,99,34,0.3434343434343434,,True,False,False,0,13,52,86,34,0.6046511627906976,,4.52583886492601,1.1459981990455526,0.6458526725948776,3.2511812812288396,3.715219999980671,4.261150794121881,,86,0,True,1,0,13,3,0,0,2627.2619897499367,,2565.4802801435508,,RAW_WINDOWS_DT30_DISTANCE400_V1,99,99,0,1.0,,99,12.524573952422871,1.4797277784017482,4.363995149299481,,4,5,2.2794354684108615e-10,0,0,0,0,1,1,2627.2619897499367,NO_RAW_BREAK_CROSSING,S0,UNIFORM,PROCESSED,cfed5aadf079dbdead022b57188eefb2ecc228a581b0da3e9fea5cfd0ea4de2b
5344,99,34,0.3434343434343434,,True,False,False,0,13,52,86,34,0.6046511627906976,,4.52583886492601,1.1459981990455526,0.6458526725948776,3.2511812812288396,3.715219999980671,4.261150794121881,,86,0,True,1,0,13,3,0,0,2627.2619897499367,,2565.4802801435508,,RAW_WINDOWS_DT30_DISTANCE400_V1,99,99,0,1.0,,99,12.524573952422871,1.4797277784017482,4.363995149299481,,4,5,2.2794354684108615e-10,0,0,0,0,1,1,2627.2619897499367,NO_RAW_BREAK_CROSSING,G0,TIME_FLAGGED_OR_UNAVAILABLE,PROCESSED,c58ac1e7f3a6f7a3e5b72b24e0949c1ae40518261dbe22bc33bf04b9d3dd0620
5344,99,34,0.3434343434343434,,True,False,False,0,13,52,86,34,0.6046511627906976,,4.52583886492601,1.1459981990455526,0.6458526725948776,3.2511812812288396,3.715219999980671,4.261150794121881,,86,0,True,1,0,13,3,0,0,2627.2619897499367,,2565.4802801435508,,RAW_WINDOWS_DT30_DISTANCE400_V1,99,99,0,1.0,,99,12.524573952422871,1.4797277784017482,4.363995149299481,,4,5,2.2794354684108615e-10,0,0,0,0,1,1,2627.2619897499367,NO_RAW_BREAK_CROSSING,S0_G0,TIME_FLAGGED_OR_UNAVAILABLE,PROCESSED,cfed5aadf079dbdead022b57188eefb2ecc228a581b0da3e9fea5cfd0ea4de2b
5827,118,29,0.2457627118644068,,True,False,False,0,10,79,108,29,0.7314814814814814,,4.76044232518988,0.9971645648276543,0.4725970533345324,2.963048610402593,3.790938581239239,4.528008830965259,,108,0,True,2,0,10,6,0,0,3188.1698816207977,,2994.030342680188,,RAW_WINDOWS_DT30_DISTANCE400_V1,118,118,0,1.0,,118,4.76044232518988,0.9797954667765089,3.8798194388294323,,0,5,1.1306739082847111e-10,1,0,0,0,2,2,3009.178550089245,NO_RAW_BREAK_CROSSING,R0,UNIFORM,PROCESSED,fc5d0fb00143482cc159d61c25eeaf60d458f2a420d5c149029f9083bbc7b462
5827,118,29,0.2457627118644068,,True,False,False,0,10,79,108,29,0.7314814814814814,,4.76044232518988,0.9971645648276543,0.4725970533345324,2.963048610402593,3.790938581239239,4.528008830965259,,108,0,True,2,0,10,6,0,0,3188.1698816207977,,2994.030342680188,,RAW_WINDOWS_DT30_DISTANCE400_V1,118,118,0,1.0,,118,4.76044232518988,0.9797954667765089,3.8798194388294323,,0,5,1.1306739082847111e-10,1,0,0,0,2,2,3009.178550089245,NO_RAW_BREAK_CROSSING,S0,UNIFORM,PROCESSED,9b80a40ad371ebed51c015ccc6b554a778e9b14c71f70d8f2cdb017b465d4bc7
5827,118,29,0.2457627118644068,,True,False,False,0,10,79,108,29,0.7314814814814814,,4.76044232518988,0.9971645648276543,0.4725970533345324,2.963048610402593,3.790938581239239,4.528008830965259,,108,0,True,2,0,10,6,0,0,3188.1698816207977,,2994.030342680188,,RAW_WINDOWS_DT30_DISTANCE400_V1,118,118,0,1.0,,118,4.76044232518988,0.9797954667765089,3.8798194388294323,,0,5,1.1306739082847111e-10,1,0,0,0,2,2,3009.178550089245,NO_RAW_BREAK_CROSSING,G0,TIME_FLAGGED_OR_UNAVAILABLE,PROCESSED,fc5d0fb00143482cc159d61c25eeaf60d458f2a420d5c149029f9083bbc7b462
5827,118,29,0.2457627118644068,,True,False,False,0,10,79,108,29,0.7314814814814814,,4.76044232518988,0.9971645648276543,0.4725970533345324,2.963048610402593,3.790938581239239,4.528008830965259,,108,0,True,2,0,10,6,0,0,3188.1698816207977,,2994.030342680188,,RAW_WINDOWS_DT30_DISTANCE400_V1,118,118,0,1.0,,118,4.76044232518988,0.9797954667765089,3.8798194388294323,,0,5,1.1306739082847111e-10,1,0,0,0,2,2,3009.178550089245,NO_RAW_BREAK_CROSSING,S0_G0,TIME_FLAGGED_OR_UNAVAILABLE,PROCESSED,9b80a40ad371ebed51c015ccc6b554a778e9b14c71f70d8f2cdb017b465d4bc7
10834,35,10,0.2857142857142857,,True,False,False,0,8,17,27,10,0.6296296296296297,,3.528611538778337,0.6898658080629898,0.4212709697189061,1.8276848901470624,2.510403524612331,3.3338711201358646,,27,0,True,1,0,8,3,0,0,497.2684810679599,,438.41276038184066,,RAW_WINDOWS_DT30_DISTANCE400_V1,35,35,0,1.0,,35,5.011811509688003,1.0590868463150893,3.4341170309976725,,1,5,1.9929821108042337e-10,0,0,0,0,1,1,497.2684810679599,NO_RAW_BREAK_CROSSING,R0,UNIFORM,PROCESSED,d296abb6fb23cae9d2c9ef7d3e12d6775851bacf49188097dd0732fc45d60fa4
10834,35,10,0.2857142857142857,,True,False,False,0,8,17,27,10,0.6296296296296297,,3.528611538778337,0.6898658080629898,0.4212709697189061,1.8276848901470624,2.510403524612331,3.3338711201358646,,27,0,True,1,0,8,3,0,0,497.2684810679599,,438.41276038184066,,RAW_WINDOWS_DT30_DISTANCE400_V1,35,35,0,1.0,,35,5.011811509688003,1.0590868463150893,3.4341170309976725,,1,5,1.9929821108042337e-10,0,0,0,0,1,1,497.2684810679599,NO_RAW_BREAK_CROSSING,S0,UNIFORM,PROCESSED,47638b09bad76a5ab760f584f199d80b0258048df9ffb175cdfa25444320cfd5
10834,35,10,0.2857142857142857,,True,False,False,0,8,17,27,10,0.6296296296296297,,3.528611538778337,0.6898658080629898,0.4212709697189061,1.8276848901470624,2.510403524612331,3.3338711201358646,,27,0,True,1,0,8,3,0,0,497.2684810679599,,438.41276038184066,,RAW_WINDOWS_DT30_DISTANCE400_V1,35,35,0,1.0,,35,5.011811509688003,1.0590868463150893,3.4341170309976725,,1,5,1.9929821108042337e-10,0,0,0,0,1,1,497.2684810679599,NO_RAW_BREAK_CROSSING,G0,TIME_FLAGGED_OR_UNAVAILABLE,PROCESSED,d296abb6fb23cae9d2c9ef7d3e12d6775851bacf49188097dd0732fc45d60fa4
10834,35,10,0.2857142857142857,,True,False,False,0,8,17,27,10,0.6296296296296297,,3.528611538778337,0.6898658080629898,0.4212709697189061,1.8276848901470624,2.510403524612331,3.3338711201358646,,27,0,True,1,0,8,3,0,0,497.2684810679599,,438.41276038184066,,RAW_WINDOWS_DT30_DISTANCE400_V1,35,35,0,1.0,,35,5.011811509688003,1.0590868463150893,3.4341170309976725,,1,5,1.9929821108042337e-10,0,0,0,0,1,1,497.2684810679599,NO_RAW_BREAK_CROSSING,S0_G0,TIME_FLAGGED_OR_UNAVAILABLE,PROCESSED,47638b09bad76a5ab760f584f199d80b0258048df9ffb175cdfa25444320cfd5
251,110,38,0.34545454545454546,,True,False,False,0,12,60,98,38,0.6122448979591837,,4.762869055441403,0.9062362952181404,0.3711173627804971,2.6181137714913776,2.7923014119235137,4.081115982097026,,98,0,True,3,0,12,9,0,0,3207.3756354771194,,3115.0088530381695,,RAW_WINDOWS_DT30_DISTANCE400_V1,110,110,0,1.0,,110,29.47263438478621,1.4868407456298138,4.049116455110664,,4,5,2.2988147032588504e-10,2,0,0,0,3,3,3179.146912043906,NO_RAW_BREAK_CROSSING,R0,UNIFORM,PROCESSED,a62d010cb665c945346098922b0dfb2fba4ca02d3fa02ae02c78e692c62efac9
251,110,38,0.34545454545454546,,True,False,False,0,12,60,98,38,0.6122448979591837,,4.762869055441403,0.9062362952181404,0.3711173627804971,2.6181137714913776,2.7923014119235137,4.081115982097026,,98,0,True,3,0,12,9,0,0,3207.3756354771194,,3115.0088530381695,,RAW_WINDOWS_DT30_DISTANCE400_V1,110,110,0,1.0,,110,29.47263438478621,1.4868407456298138,4.049116455110664,,4,5,2.2988147032588504e-10,2,0,0,0,3,3,3179.146912043906,NO_RAW_BREAK_CROSSING,S0,UNIFORM,PROCESSED,52c1e9a8dddc1adb4a229fb108063d98b33212648af3d58326cbf6b95af7c147
251,110,38,0.34545454545454546,,True,False,False,0,12,60,98,38,0.6122448979591837,,4.762869055441403,0.9062362952181404,0.3711173627804971,2.6181137714913776,2.7923014119235137,4.081115982097026,,98,0,True,3,0,12,9,0,0,3207.3756354771194,,3115.0088530381695,,RAW_WINDOWS_DT30_DISTANCE400_V1,110,110,0,1.0,,110,29.47263438478621,1.4868407456298138,4.049116455110664,,4,5,2.2988147032588504e-10,2,0,0,0,3,3,3179.146912043906,NO_RAW_BREAK_CROSSING,G0,TIME_FLAGGED_OR_UNAVAILABLE,PROCESSED,a62d010cb665c945346098922b0dfb2fba4ca02d3fa02ae02c78e692c62efac9
251,110,38,0.34545454545454546,,True,False,False,0,12,60,98,38,0.6122448979591837,,4.762869055441403,0.9062362952181404,0.3711173627804971,2.6181137714913776,2.7923014119235137,4.081115982097026,,98,0,True,3,0,12,9,0,0,3207.3756354771194,,3115.0088530381695,,RAW_WINDOWS_DT30_DISTANCE400_V1,110,110,0,1.0,,110,29.47263438478621,1.4868407456298138,4.049116455110664,,4,5,2.2988147032588504e-10,2,0,0,0,3,3,3179.146912043906,NO_RAW_BREAK_CROSSING,S0_G0,TIME_FLAGGED_OR_UNAVAILABLE,PROCESSED,52c1e9a8dddc1adb4a229fb108063d98b33212648af3d58326cbf6b95af7c147
11357,105,25,0.23809523809523808,,True,False,False,1,2,77,102,25,0.7549019607843137,,4.11724081797804,0.9198725782143975,0.3450629738124639,3.8565997883898304,3.961235081456792,3.961235081456792,,102,0,True,3,1,2,62,0,0,2969.027621451038,,2946.906631212327,,RAW_WINDOWS_DT30_DISTANCE400_V1,105,104,1,0.9904761904761905,,104,18.46089574345563,1.0973520374593866,3.961235081456792,,1,5,1.8797309503188978e-10,2,0,0,1,3,2,2968.644399009292,NO_RAW_BREAK_CROSSING,R0,UNIFORM,PROCESSED,fbac1815f1f478ae7253171f2b17820ebf29448a0cb285f7f7bba31fc34ae1db
11357,105,25,0.23809523809523808,,True,False,False,1,2,77,102,25,0.7549019607843137,,4.11724081797804,0.9198725782143975,0.3450629738124639,3.8565997883898304,3.961235081456792,3.961235081456792,,102,0,True,3,1,2,62,0,0,2969.027621451038,,2946.906631212327,,RAW_WINDOWS_DT30_DISTANCE400_V1,105,104,1,0.9904761904761905,,104,18.46089574345563,1.0973520374593866,3.961235081456792,,1,5,1.8797309503188978e-10,2,0,0,1,3,2,2968.644399009292,NO_RAW_BREAK_CROSSING,S0,UNIFORM,PROCESSED,71e451953e60bb59f611712c6aeb1ee138e47f649d67adcb44b1e09341da033c
11357,105,25,0.23809523809523808,,True,False,False,1,2,77,102,25,0.7549019607843137,,4.11724081797804,0.9198725782143975,0.3450629738124639,3.8565997883898304,3.961235081456792,3.961235081456792,,102,0,True,3,1,2,62,0,0,2969.027621451038,,2946.906631212327,,RAW_WINDOWS_DT30_DISTANCE400_V1,105,104,1,0.9904761904761905,,104,18.46089574345563,1.0973520374593866,3.961235081456792,,1,5,1.8797309503188978e-10,2,0,0,1,3,2,2968.644399009292,NO_RAW_BREAK_CROSSING,G0,TIME_FLAGGED_OR_UNAVAILABLE,PROCESSED,fbac1815f1f478ae7253171f2b17820ebf29448a0cb285f7f7bba31fc34ae1db
11357,105,25,0.23809523809523808,,True,False,False,1,2,77,102,25,0.7549019607843137,,4.11724081797804,0.9198725782143975,0.3450629738124639,3.8565997883898304,3.961235081456792,3.961235081456792,,102,0,True,3,1,2,62,0,0,2969.027621451038,,2946.906631212327,,RAW_WINDOWS_DT30_DISTANCE400_V1,105,104,1,0.9904761904761905,,104,18.46089574345563,1.0973520374593866,3.961235081456792,,1,5,1.8797309503188978e-10,2,0,0,1,3,2,2968.644399009292,NO_RAW_BREAK_CROSSING,S0_G0,TIME_FLAGGED_OR_UNAVAILABLE,PROCESSED,71e451953e60bb59f611712c6aeb1ee138e47f649d67adcb44b1e09341da033c
3831,110,37,0.33636363636363636,,True,False,False,0,7,66,103,37,0.6407766990291262,,4.2922754648083945,0.7901012669555215,0.07463318997474061,2.34083505480033,3.420916059793051,4.131960554397119,,103,0,True,2,0,7,47,0,0,5803.00911073875,,4983.143913379683,,RAW_WINDOWS_DT30_DISTANCE400_V1,110,110,0,1.0,,110,119.93471436498031,3.776602197681014,10.412404939373278,,7,5,1.5962649865138176e-10,1,0,0,0,2,2,5679.273081892902,NO_RAW_BREAK_CROSSING,R0,UNIFORM,PROCESSED,c55264582391e2c55afce156b2fa1974f3e4cc92244eb672a1f711e355e9ddfa
3831,110,37,0.33636363636363636,,True,False,False,0,7,66,103,37,0.6407766990291262,,4.2922754648083945,0.7901012669555215,0.07463318997474061,2.34083505480033,3.420916059793051,4.131960554397119,,103,0,True,2,0,7,47,0,0,5803.00911073875,,4983.143913379683,,RAW_WINDOWS_DT30_DISTANCE400_V1,110,110,0,1.0,,110,119.93471436498031,3.776602197681014,10.412404939373278,,7,5,1.5962649865138176e-10,1,0,0,0,2,2,5679.273081892902,NO_RAW_BREAK_CROSSING,S0,UNIFORM,PROCESSED,577a64c1c9bf566a21effe800ea2038ad622df79255a9e96df4274e6c89d5d1a
3831,110,37,0.33636363636363636,,True,False,False,0,7,66,103,37,0.6407766990291262,,4.2922754648083945,0.7901012669555215,0.07463318997474061,2.34083505480033,3.420916059793051,4.131960554397119,,103,0,True,2,0,7,47,0,0,5803.00911073875,,4983.143913379683,,RAW_WINDOWS_DT30_DISTANCE400_V1,110,110,0,1.0,,110,119.93471436498031,3.776602197681014,10.412404939373278,,7,5,1.5962649865138176e-10,1,0,0,0,2,2,5679.273081892902,NO_RAW_BREAK_CROSSING,G0,TIME_FLAGGED_OR_UNAVAILABLE,PROCESSED,c55264582391e2c55afce156b2fa1974f3e4cc92244eb672a1f711e355e9ddfa
3831,110,37,0.33636363636363636,,True,False,False,0,7,66,103,37,0.6407766990291262,,4.2922754648083945,0.7901012669555215,0.07463318997474061,2.34083505480033,3.420916059793051,4.131960554397119,,103,0,True,2,0,7,47,0,0,5803.00911073875,,4983.143913379683,,RAW_WINDOWS_DT30_DISTANCE400_V1,110,110,0,1.0,,110,119.93471436498031,3.776602197681014,10.412404939373278,,7,5,1.5962649865138176e-10,1,0,0,0,2,2,5679.273081892902,NO_RAW_BREAK_CROSSING,S0_G0,TIME_FLAGGED_OR_UNAVAILABLE,PROCESSED,577a64c1c9bf566a21effe800ea2038ad622df79255a9e96df4274e6c89d5d1a
10139,108,31,0.28703703703703703,,True,False,False,0,2,75,106,31,0.7075471698113207,,4.458408997418957,1.402184807379581,1.3904623220308607,3.4250662928915476,3.8812228730382734,4.458408997418957,,106,0,True,1,0,2,35,0,0,6538.858355569667,,6527.509102724771,,RAW_WINDOWS_DT30_DISTANCE400_V1,108,108,0,1.0,,108,8.694104335834613,1.536790012033815,4.285298399238815,,2,5,2.734476080881456e-10,0,0,0,0,1,1,6538.858355569667,NO_RAW_BREAK_CROSSING,R0,UNIFORM,PROCESSED,fe3de4d75ca02c6bebebad1e46c4c73be02e096f065a9f9b68f30cc5f70fa4b1
10139,108,31,0.28703703703703703,,True,False,False,0,2,75,106,31,0.7075471698113207,,4.458408997418957,1.402184807379581,1.3904623220308607,3.4250662928915476,3.8812228730382734,4.458408997418957,,106,0,True,1,0,2,35,0,0,6538.858355569667,,6527.509102724771,,RAW_WINDOWS_DT30_DISTANCE400_V1,108,108,0,1.0,,108,8.694104335834613,1.536790012033815,4.285298399238815,,2,5,2.734476080881456e-10,0,0,0,0,1,1,6538.858355569667,NO_RAW_BREAK_CROSSING,S0,UNIFORM,PROCESSED,1fb7b279621d27c219b753ee785ecf2431ebd376e9e770b3dcd8dc6bbdf47e4a
10139,108,31,0.28703703703703703,,True,False,False,0,2,75,106,31,0.7075471698113207,,4.458408997418957,1.402184807379581,1.3904623220308607,3.4250662928915476,3.8812228730382734,4.458408997418957,,106,0,True,1,0,2,35,0,0,6538.858355569667,,6527.509102724771,,RAW_WINDOWS_DT30_DISTANCE400_V1,108,108,0,1.0,,108,8.694104335834613,1.536790012033815,4.285298399238815,,2,5,2.734476080881456e-10,0,0,0,0,1,1,6538.858355569667,NO_RAW_BREAK_CROSSING,G0,TIME_FLAGGED_OR_UNAVAILABLE,PROCESSED,fe3de4d75ca02c6bebebad1e46c4c73be02e096f065a9f9b68f30cc5f70fa4b1
10139,108,31,0.28703703703703703,,True,False,False,0,2,75,106,31,0.7075471698113207,,4.458408997418957,1.402184807379581,1.3904623220308607,3.4250662928915476,3.8812228730382734,4.458408997418957,,106,0,True,1,0,2,35,0,0,6538.858355569667,,6527.509102724771,,RAW_WINDOWS_DT30_DISTANCE400_V1,108,108,0,1.0,,108,8.694104335834613,1.536790012033815,4.285298399238815,,2,5,2.734476080881456e-10,0,0,0,0,1,1,6538.858355569667,NO_RAW_BREAK_CROSSING,S0_G0,TIME_FLAGGED_OR_UNAVAILABLE,PROCESSED,1fb7b279621d27c219b753ee785ecf2431ebd376e9e770b3dcd8dc6bbdf47e4a
5016,101,10,0.09900990099009901,,True,False,False,0,15,76,86,10,0.8837209302325582,,2.5404007193127427,0.9416848078931381,0.7437022873402714,2.0574775433608163,2.2520468833991076,2.5404007193127427,,86,0,True,1,0,15,28,0,0,2755.156097290923,,2727.9508458762202,,RAW_WINDOWS_DT30_DISTANCE400_V1,101,101,0,1.0,,101,7.82495622493416,1.0016552756461685,2.2559220315112065,,1,5,3.3015098698401605e-10,0,0,0,0,1,1,2755.156097290923,NO_RAW_BREAK_CROSSING,R0,UNIFORM,PROCESSED,0d8cb2c68036624a1519f4742088930f48278282882f8d29311c298ae4e35ad8
5016,101,10,0.09900990099009901,,True,False,False,0,15,76,86,10,0.8837209302325582,,2.5404007193127427,0.9416848078931381,0.7437022873402714,2.0574775433608163,2.2520468833991076,2.5404007193127427,,86,0,True,1,0,15,28,0,0,2755.156097290923,,2727.9508458762202,,RAW_WINDOWS_DT30_DISTANCE400_V1,101,101,0,1.0,,101,7.82495622493416,1.0016552756461685,2.2559220315112065,,1,5,3.3015098698401605e-10,0,0,0,0,1,1,2755.156097290923,NO_RAW_BREAK_CROSSING,S0,UNIFORM,PROCESSED,c2b2749c00a3d3624a4450e7a20801adbe2a73242f7a7ce2bf7555aa6d7c3638
5016,101,10,0.09900990099009901,,True,False,False,0,15,76,86,10,0.8837209302325582,,2.5404007193127427,0.9416848078931381,0.7437022873402714,2.0574775433608163,2.2520468833991076,2.5404007193127427,,86,0,True,1,0,15,28,0,0,2755.156097290923,,2727.9508458762202,,RAW_WINDOWS_DT30_DISTANCE400_V1,101,101,0,1.0,,101,7.82495622493416,1.0016552756461685,2.2559220315112065,,1,5,3.3015098698401605e-10,0,0,0,0,1,1,2755.156097290923,NO_RAW_BREAK_CROSSING,G0,TIME_FLAGGED_OR_UNAVAILABLE,PROCESSED,0d8cb2c68036624a1519f4742088930f48278282882f8d29311c298ae4e35ad8
5016,101,10,0.09900990099009901,,True,False,False,0,15,76,86,10,0.8837209302325582,,2.5404007193127427,0.9416848078931381,0.7437022873402714,2.0574775433608163,2.2520468833991076,2.5404007193127427,,86,0,True,1,0,15,28,0,0,2755.156097290923,,2727.9508458762202,,RAW_WINDOWS_DT30_DISTANCE400_V1,101,101,0,1.0,,101,7.82495622493416,1.0016552756461685,2.2559220315112065,,1,5,3.3015098698401605e-10,0,0,0,0,1,1,2755.156097290923,NO_RAW_BREAK_CROSSING,S0_G0,TIME_FLAGGED_OR_UNAVAILABLE,PROCESSED,c2b2749c00a3d3624a4450e7a20801adbe2a73242f7a7ce2bf7555aa6d7c3638
1570,114,12,0.10526315789473684,,True,False,False,0,2,100,112,12,0.8928571428571429,,4.726280022562536,1.6773284359765552,1.8106811391315414,3.137075786365686,3.5489344184207607,4.401506129065514,,112,0,True,1,0,2,90,0,0,1003.6202824915025,,984.3652383078802,,RAW_WINDOWS_DT30_DISTANCE400_V1,114,114,0,1.0,,114,4.726280022562536,1.659057062886003,3.5489344184207607,,0,5,2.597080783867644e-10,0,0,0,0,1,1,1003.6202824915025,NO_RAW_BREAK_CROSSING,R0,UNIFORM,PROCESSED,3b5dd12cdce65d9517d102203098fd3cc0ea129f23e665cecfc5c602f662e782
1570,114,12,0.10526315789473684,,True,False,False,0,2,100,112,12,0.8928571428571429,,4.726280022562536,1.6773284359765552,1.8106811391315414,3.137075786365686,3.5489344184207607,4.401506129065514,,112,0,True,1,0,2,90,0,0,1003.6202824915025,,984.3652383078802,,RAW_WINDOWS_DT30_DISTANCE400_V1,114,114,0,1.0,,114,4.726280022562536,1.659057062886003,3.5489344184207607,,0,5,2.597080783867644e-10,0,0,0,0,1,1,1003.6202824915025,NO_RAW_BREAK_CROSSING,S0,UNIFORM,PROCESSED,d4e5c22ba3825b9b3a896796d8a06d767ee11bc106191add799ac7b5442f0f7c
1570,114,12,0.10526315789473684,,True,False,False,0,2,100,112,12,0.8928571428571429,,4.726280022562536,1.6773284359765552,1.8106811391315414,3.137075786365686,3.5489344184207607,4.401506129065514,,112,0,True,1,0,2,90,0,0,1003.6202824915025,,984.3652383078802,,RAW_WINDOWS_DT30_DISTANCE400_V1,114,114,0,1.0,,114,4.726280022562536,1.659057062886003,3.5489344184207607,,0,5,2.597080783867644e-10,0,0,0,0,1,1,1003.6202824915025,NO_RAW_BREAK_CROSSING,G0,TIME_FLAGGED_OR_UNAVAILABLE,PROCESSED,3b5dd12cdce65d9517d102203098fd3cc0ea129f23e665cecfc5c602f662e782
1570,114,12,0.10526315789473684,,True,False,False,0,2,100,112,12,0.8928571428571429,,4.726280022562536,1.6773284359765552,1.8106811391315414,3.137075786365686,3.5489344184207607,4.401506129065514,,112,0,True,1,0,2,90,0,0,1003.6202824915025,,984.3652383078802,,RAW_WINDOWS_DT30_DISTANCE400_V1,114,114,0,1.0,,114,4.726280022562536,1.659057062886003,3.5489344184207607,,0,5,2.597080783867644e-10,0,0,0,0,1,1,1003.6202824915025,NO_RAW_BREAK_CROSSING,S0_G0,TIME_FLAGGED_OR_UNAVAILABLE,PROCESSED,d4e5c22ba3825b9b3a896796d8a06d767ee11bc106191add799ac7b5442f0f7c
4195,114,28,0.24561403508771928,,True,False,False,0,8,78,106,28,0.7358490566037736,,4.7694236091570925,1.033050108045488,0.4912167484284774,3.048290102804134,3.7038416902381637,4.621948929394058,,106,0,True,2,0,8,36,0,0,5268.446042141122,,4882.97599041104,,RAW_WINDOWS_DT30_DISTANCE400_V1,114,114,0,1.0,,114,11.218699986559875,1.3388654541211682,4.2607730574567535,,3,5,3.6459383741233474e-10,1,0,0,0,2,2,4910.032590383045,NO_RAW_BREAK_CROSSING,R0,UNIFORM,PROCESSED,932e0b813a7c9c04fe20545fc648091cbd89d2e97fa5038a5a6ff57268e0b912
4195,114,28,0.24561403508771928,,True,False,False,0,8,78,106,28,0.7358490566037736,,4.7694236091570925,1.033050108045488,0.4912167484284774,3.048290102804134,3.7038416902381637,4.621948929394058,,106,0,True,2,0,8,36,0,0,5268.446042141122,,4882.97599041104,,RAW_WINDOWS_DT30_DISTANCE400_V1,114,114,0,1.0,,114,11.218699986559875,1.3388654541211682,4.2607730574567535,,3,5,3.6459383741233474e-10,1,0,0,0,2,2,4910.032590383045,NO_RAW_BREAK_CROSSING,S0,UNIFORM,PROCESSED,e6b0d9e1a77c3f74e50dacc862689683efda8385decf802ba2de04f1e09d0bd7
4195,114,28,0.24561403508771928,,True,False,False,0,8,78,106,28,0.7358490566037736,,4.7694236091570925,1.033050108045488,0.4912167484284774,3.048290102804134,3.7038416902381637,4.621948929394058,,106,0,True,2,0,8,36,0,0,5268.446042141122,,4882.97599041104,,RAW_WINDOWS_DT30_DISTANCE400_V1,114,114,0,1.0,,114,11.218699986559875,1.3388654541211682,4.2607730574567535,,3,5,3.6459383741233474e-10,1,0,0,0,2,2,4910.032590383045,NO_RAW_BREAK_CROSSING,G0,TIME_FLAGGED_OR_UNAVAILABLE,PROCESSED,932e0b813a7c9c04fe20545fc648091cbd89d2e97fa5038a5a6ff57268e0b912
4195,114,28,0.24561403508771928,,True,False,False,0,8,78,106,28,0.7358490566037736,,4.7694236091570925,1.033050108045488,0.4912167484284774,3.048290102804134,3.7038416902381637,4.621948929394058,,106,0,True,2,0,8,36,0,0,5268.446042141122,,4882.97599041104,,RAW_WINDOWS_DT30_DISTANCE400_V1,114,114,0,1.0,,114,11.218699986559875,1.3388654541211682,4.2607730574567535,,3,5,3.6459383741233474e-10,1,0,0,0,2,2,4910.032590383045,NO_RAW_BREAK_CROSSING,S0_G0,TIME_FLAGGED_OR_UNAVAILABLE,PROCESSED,e6b0d9e1a77c3f74e50dacc862689683efda8385decf802ba2de04f1e09d0bd7
10658,111,45,0.40540540540540543,,True,False,False,0,5,61,106,45,0.5754716981132075,,4.99211605672169,0.9226402723372232,0.19876929626579565,3.166054077311137,4.739559881965643,4.8214603587911276,,106,0,True,1,0,5,40,0,0,6343.855735505277,,6292.60408593817,,RAW_WINDOWS_DT30_DISTANCE400_V1,111,111,0,1.0,,111,12.637430552044139,1.334965537991978,4.7987555835224365,,4,5,2.045228580237775e-10,0,0,0,0,1,1,6343.855735505277,NO_RAW_BREAK_CROSSING,R0,UNIFORM,PROCESSED,278c926b1731fee034816ff4af6bba6e179b1afdebceca04b5cd95cb2165e9c6
10658,111,45,0.40540540540540543,,True,False,False,0,5,61,106,45,0.5754716981132075,,4.99211605672169,0.9226402723372232,0.19876929626579565,3.166054077311137,4.739559881965643,4.8214603587911276,,106,0,True,1,0,5,40,0,0,6343.855735505277,,6292.60408593817,,RAW_WINDOWS_DT30_DISTANCE400_V1,111,111,0,1.0,,111,12.637430552044139,1.334965537991978,4.7987555835224365,,4,5,2.045228580237775e-10,0,0,0,0,1,1,6343.855735505277,NO_RAW_BREAK_CROSSING,S0,UNIFORM,PROCESSED,ce9b6a04c671b3e877cb996e848fb315cb3d5162e9d4815b41a35f31e644cf7a
10658,111,45,0.40540540540540543,,True,False,False,0,5,61,106,45,0.5754716981132075,,4.99211605672169,0.9226402723372232,0.19876929626579565,3.166054077311137,4.739559881965643,4.8214603587911276,,106,0,True,1,0,5,40,0,0,6343.855735505277,,6292.60408593817,,RAW_WINDOWS_DT30_DISTANCE400_V1,111,111,0,1.0,,111,12.637430552044139,1.334965537991978,4.7987555835224365,,4,5,2.045228580237775e-10,0,0,0,0,1,1,6343.855735505277,NO_RAW_BREAK_CROSSING,G0,TIME_FLAGGED_OR_UNAVAILABLE,PROCESSED,278c926b1731fee034816ff4af6bba6e179b1afdebceca04b5cd95cb2165e9c6
10658,111,45,0.40540540540540543,,True,False,False,0,5,61,106,45,0.5754716981132075,,4.99211605672169,0.9226402723372232,0.19876929626579565,3.166054077311137,4.739559881965643,4.8214603587911276,,106,0,True,1,0,5,40,0,0,6343.855735505277,,6292.60408593817,,RAW_WINDOWS_DT30_DISTANCE400_V1,111,111,0,1.0,,111,12.637430552044139,1.334965537991978,4.7987555835224365,,4,5,2.045228580237775e-10,0,0,0,0,1,1,6343.855735505277,NO_RAW_BREAK_CROSSING,S0_G0,TIME_FLAGGED_OR_UNAVAILABLE,PROCESSED,ce9b6a04c671b3e877cb996e848fb315cb3d5162e9d4815b41a35f31e644cf7a
4035,97,0,0.0,,False,True,True,97,0,0,0,0,,EMPTY_DP_REFERENCE_DENOMINATOR,,,,,,,EMPTY_DP_REFERENCE,0,0,True,1,1,0,0,0,0,23.78761105324166,,,EMPTY_OUTPUT,RAW_WINDOWS_DT30_DISTANCE400_V1,97,0,97,0.0,,0,,,,NO_COVERED_RAW_POINTS,0,5,7.925250663111196e-11,0,0,0,0,1,0,23.78761105324166,NO_RAW_BREAK_CROSSING,R0,UNIFORM,ALL_FILTERED,55bbc6cdcc17b65ca80c56de25a214d966e3f7980809ab7cfd92696b91ba22bb
4035,97,3,0.030927835051546393,,True,False,False,0,0,94,97,3,0.9690721649484536,,4.137539608135617,2.0927263200220287,2.6629225388893363,3.5918236731467816,3.9050452512916514,4.137539608135617,,97,0,True,1,0,0,97,0,0,23.78761105324166,,16.75431046282143,,RAW_WINDOWS_DT30_DISTANCE400_V1,97,97,0,1.0,,97,4.137539608135617,2.0927263200220287,3.9050452512916514,,0,5,7.925250663111196e-11,0,0,0,0,1,1,23.78761105324166,NO_RAW_BREAK_CROSSING,S0,UNIFORM,PROCESSED,47895c41c3047bb5150573dd2c3d5142f05d7d6826e965326b732240a06c8920
4035,97,0,0.0,,False,True,True,97,0,0,0,0,,EMPTY_DP_REFERENCE_DENOMINATOR,,,,,,,EMPTY_DP_REFERENCE,0,0,True,1,1,0,0,0,0,23.78761105324166,,,EMPTY_OUTPUT,RAW_WINDOWS_DT30_DISTANCE400_V1,97,0,97,0.0,,0,,,,NO_COVERED_RAW_POINTS,0,5,7.925250663111196e-11,0,0,0,0,1,0,23.78761105324166,NO_RAW_BREAK_CROSSING,G0,TIME_FLAGGED_OR_UNAVAILABLE,ALL_FILTERED,55bbc6cdcc17b65ca80c56de25a214d966e3f7980809ab7cfd92696b91ba22bb
4035,97,3,0.030927835051546393,,True,False,False,0,0,94,97,3,0.9690721649484536,,4.137539608135617,2.0927263200220287,2.6629225388893363,3.5918236731467816,3.9050452512916514,4.137539608135617,,97,0,True,1,0,0,97,0,0,23.78761105324166,,16.75431046282143,,RAW_WINDOWS_DT30_DISTANCE400_V1,97,97,0,1.0,,97,4.137539608135617,2.0927263200220287,3.9050452512916514,,0,5,7.925250663111196e-11,0,0,0,0,1,1,23.78761105324166,NO_RAW_BREAK_CROSSING,S0_G0,TIME_FLAGGED_OR_UNAVAILABLE,PROCESSED,47895c41c3047bb5150573dd2c3d5142f05d7d6826e965326b732240a06c8920
4340,105,14,0.13333333333333333,,True,False,False,3,1,87,101,14,0.8613861386138614,,4.680600042583607,0.5280749476860185,0.15820826353917672,2.2565130100581867,2.2565130100581867,4.333857625107583,,101,0,True,2,1,1,87,0,0,1681.4214513782033,,1339.1198656388467,,RAW_WINDOWS_DT30_DISTANCE400_V1,105,102,3,0.9714285714285714,,102,5.806853000585648,0.5798276736948385,2.2565130100581867,,1,5,2.709960020666453e-10,1,0,0,1,2,1,1653.930397035764,NO_RAW_BREAK_CROSSING,R0,UNIFORM,PROCESSED,ba8249fd21c019c593a98679989fb44413782af01cee50fa49c5bf779d662782
4340,105,16,0.1523809523809524,,True,False,False,0,1,88,104,16,0.8461538461538461,,4.680600042583607,0.5414266043083218,0.15820826353917672,2.2565130100581867,2.2565130100581867,4.303610340002925,,104,0,True,2,0,1,90,0,0,1681.4214513782033,,1641.1780304296235,,RAW_WINDOWS_DT30_DISTANCE400_V1,105,105,0,1.0,,105,5.806853000585648,0.5915735223681058,2.2565130100581867,,1,5,2.709960020666453e-10,1,0,0,0,2,2,1653.930397035764,NO_RAW_BREAK_CROSSING,S0,UNIFORM,PROCESSED,04075872f3d7b14cc01f6834787710d4aef4089720187f21960879d31a7c7c60
4340,105,14,0.13333333333333333,,True,False,False,3,1,87,101,14,0.8613861386138614,,4.680600042583607,0.5280749476860185,0.15820826353917672,2.2565130100581867,2.2565130100581867,4.333857625107583,,101,0,True,2,1,1,87,0,0,1681.4214513782033,,1339.1198656388467,,RAW_WINDOWS_DT30_DISTANCE400_V1,105,102,3,0.9714285714285714,,102,5.806853000585648,0.5798276736948385,2.2565130100581867,,1,5,2.709960020666453e-10,1,0,0,1,2,1,1653.930397035764,NO_RAW_BREAK_CROSSING,G0,TIME_FLAGGED_OR_UNAVAILABLE,PROCESSED,ba8249fd21c019c593a98679989fb44413782af01cee50fa49c5bf779d662782
4340,105,16,0.1523809523809524,,True,False,False,0,1,88,104,16,0.8461538461538461,,4.680600042583607,0.5414266043083218,0.15820826353917672,2.2565130100581867,2.2565130100581867,4.303610340002925,,104,0,True,2,0,1,90,0,0,1681.4214513782033,,1641.1780304296235,,RAW_WINDOWS_DT30_DISTANCE400_V1,105,105,0,1.0,,105,5.806853000585648,0.5915735223681058,2.2565130100581867,,1,5,2.709960020666453e-10,1,0,0,0,2,2,1653.930397035764,NO_RAW_BREAK_CROSSING,S0_G0,TIME_FLAGGED_OR_UNAVAILABLE,PROCESSED,04075872f3d7b14cc01f6834787710d4aef4089720187f21960879d31a7c7c60
11176,102,16,0.1568627450980392,,True,False,False,62,0,24,40,16,0.6,,4.3734626048395135,0.9922677987466324,0.391511033005279,3.7510423301482696,4.026052870524022,4.248118141311441,,40,0,True,3,2,0,18,0,0,2726.6638369999864,,2712.4788978566253,,RAW_WINDOWS_DT30_DISTANCE400_V1,102,40,62,0.39215686274509803,,40,4.3734626048395135,0.9922677987466324,4.026052870524022,,0,5,3.0546837126889667e-10,2,0,0,3,3,1,2726.6638369999864,NO_RAW_BREAK_CROSSING,R0,UNIFORM,PROCESSED,02187767cf674f4d3860b4372a1edfa575f5489dcced71bad2772f8cf5e717f8
11176,102,20,0.19607843137254902,,True,False,False,0,0,82,102,20,0.803921568627451,,4.3734626048395135,0.761189545381762,0.4814358236027525,1.7021472364331747,3.1150753178135258,4.05179271636389,,102,0,True,3,0,0,80,0,0,2726.6638369999864,,2718.612804581263,,RAW_WINDOWS_DT30_DISTANCE400_V1,102,102,0,1.0,,102,4.3734626048395135,0.761189545381762,3.1150753178135258,,0,5,3.0546837126889667e-10,2,0,0,0,3,3,2726.6638369999864,NO_RAW_BREAK_CROSSING,S0,UNIFORM,PROCESSED,51e1105e86eb461b3dd9d3b79f4b6cb7133ce6b3902d5e90822de74a41f39884
11176,102,16,0.1568627450980392,,True,False,False,62,0,24,40,16,0.6,,4.3734626048395135,0.9922677987466324,0.391511033005279,3.7510423301482696,4.026052870524022,4.248118141311441,,40,0,True,3,2,0,18,0,0,2726.6638369999864,,2712.4788978566253,,RAW_WINDOWS_DT30_DISTANCE400_V1,102,40,62,0.39215686274509803,,40,4.3734626048395135,0.9922677987466324,4.026052870524022,,0,5,3.0546837126889667e-10,2,0,0,3,3,1,2726.6638369999864,NO_RAW_BREAK_CROSSING,G0,TIME_FLAGGED_OR_UNAVAILABLE,PROCESSED,02187767cf674f4d3860b4372a1edfa575f5489dcced71bad2772f8cf5e717f8
11176,102,20,0.19607843137254902,,True,False,False,0,0,82,102,20,0.803921568627451,,4.3734626048395135,0.761189545381762,0.4814358236027525,1.7021472364331747,3.1150753178135258,4.05179271636389,,102,0,True,3,0,0,80,0,0,2726.6638369999864,,2718.612804581263,,RAW_WINDOWS_DT30_DISTANCE400_V1,102,102,0,1.0,,102,4.3734626048395135,0.761189545381762,3.1150753178135258,,0,5,3.0546837126889667e-10,2,0,0,0,3,3,2726.6638369999864,NO_RAW_BREAK_CROSSING,S0_G0,TIME_FLAGGED_OR_UNAVAILABLE,PROCESSED,51e1105e86eb461b3dd9d3b79f4b6cb7133ce6b3902d5e90822de74a41f39884
6388,116,30,0.25862068965517243,,True,False,False,0,4,82,112,30,0.7321428571428572,,4.53513264366554,0.7585803719925513,0.2207502196937987,2.126903725262865,2.645201249486831,3.5595724740515355,,112,0,True,1,0,4,51,0,0,5741.057943426078,,5726.519576898957,,RAW_WINDOWS_DT30_DISTANCE400_V1,116,116,0,1.0,,116,8.521411277090175,0.9163271927411386,2.907463535190005,,2,5,5.067715992298241e-10,0,0,0,0,1,1,5741.057943426078,NO_RAW_BREAK_CROSSING,R0,UNIFORM,PROCESSED,2805d0c2eea1d2689c8b46055d47748d6758b9ebd3f3688693d30607beb43e68
6388,116,30,0.25862068965517243,,True,False,False,0,4,82,112,30,0.7321428571428572,,4.53513264366554,0.7585803719925513,0.2207502196937987,2.126903725262865,2.645201249486831,3.5595724740515355,,112,0,True,1,0,4,51,0,0,5741.057943426078,,5726.519576898957,,RAW_WINDOWS_DT30_DISTANCE400_V1,116,116,0,1.0,,116,8.521411277090175,0.9163271927411386,2.907463535190005,,2,5,5.067715992298241e-10,0,0,0,0,1,1,5741.057943426078,NO_RAW_BREAK_CROSSING,S0,UNIFORM,PROCESSED,9a09fcc4c39857dc122d6a018b0cbc24a9b6b8fb89ad85b19e10ab655048e8ae
6388,116,30,0.25862068965517243,,True,False,False,0,4,82,112,30,0.7321428571428572,,4.53513264366554,0.7585803719925513,0.2207502196937987,2.126903725262865,2.645201249486831,3.5595724740515355,,112,0,True,1,0,4,51,0,0,5741.057943426078,,5726.519576898957,,RAW_WINDOWS_DT30_DISTANCE400_V1,116,116,0,1.0,,116,8.521411277090175,0.9163271927411386,2.907463535190005,,2,5,5.067715992298241e-10,0,0,0,0,1,1,5741.057943426078,NO_RAW_BREAK_CROSSING,G0,TIME_FLAGGED_OR_UNAVAILABLE,PROCESSED,2805d0c2eea1d2689c8b46055d47748d6758b9ebd3f3688693d30607beb43e68
6388,116,30,0.25862068965517243,,True,False,False,0,4,82,112,30,0.7321428571428572,,4.53513264366554,0.7585803719925513,0.2207502196937987,2.126903725262865,2.645201249486831,3.5595724740515355,,112,0,True,1,0,4,51,0,0,5741.057943426078,,5726.519576898957,,RAW_WINDOWS_DT30_DISTANCE400_V1,116,116,0,1.0,,116,8.521411277090175,0.9163271927411386,2.907463535190005,,2,5,5.067715992298241e-10,0,0,0,0,1,1,5741.057943426078,NO_RAW_BREAK_CROSSING,S0_G0,TIME_FLAGGED_OR_UNAVAILABLE,PROCESSED,9a09fcc4c39857dc122d6a018b0cbc24a9b6b8fb89ad85b19e10ab655048e8ae
3684,100,2,0.02,,True,False,False,0,0,98,100,2,0.98,,4.4877438732747,1.5775674083190534,1.7868811726415217,2.6735589230512122,2.6755421401378925,4.4877438732747,,100,0,True,1,0,0,97,0,0,229.25046173963096,,26.218811861364873,,RAW_WINDOWS_DT30_DISTANCE400_V1,100,100,0,1.0,,100,4.4877438732747,1.5775674083190534,2.6755421401378925,,0,5,1.5135973236791583e-10,0,0,0,0,1,1,229.25046173963096,NO_RAW_BREAK_CROSSING,R0,UNIFORM,PROCESSED,584da603ad34fce92c3f795c8c5ea2e601e372273de8d767543694a20cbe794e
3684,100,2,0.02,,True,False,False,0,0,98,100,2,0.98,,4.4877438732747,1.5775674083190534,1.7868811726415217,2.6735589230512122,2.6755421401378925,4.4877438732747,,100,0,True,1,0,0,97,0,0,229.25046173963096,,26.218811861364873,,RAW_WINDOWS_DT30_DISTANCE400_V1,100,100,0,1.0,,100,4.4877438732747,1.5775674083190534,2.6755421401378925,,0,5,1.5135973236791583e-10,0,0,0,0,1,1,229.25046173963096,NO_RAW_BREAK_CROSSING,S0,UNIFORM,PROCESSED,79f70644d9c10c9253599644b9984e2eea8d10bb443650a66480455e511fa1bb
3684,100,2,0.02,,True,False,False,0,0,98,100,2,0.98,,4.4877438732747,1.5775674083190534,1.7868811726415217,2.6735589230512122,2.6755421401378925,4.4877438732747,,100,0,True,1,0,0,97,0,0,229.25046173963096,,26.218811861364873,,RAW_WINDOWS_DT30_DISTANCE400_V1,100,100,0,1.0,,100,4.4877438732747,1.5775674083190534,2.6755421401378925,,0,5,1.5135973236791583e-10,0,0,0,0,1,1,229.25046173963096,NO_RAW_BREAK_CROSSING,G0,TIME_FLAGGED_OR_UNAVAILABLE,PROCESSED,584da603ad34fce92c3f795c8c5ea2e601e372273de8d767543694a20cbe794e
3684,100,2,0.02,,True,False,False,0,0,98,100,2,0.98,,4.4877438732747,1.5775674083190534,1.7868811726415217,2.6735589230512122,2.6755421401378925,4.4877438732747,,100,0,True,1,0,0,97,0,0,229.25046173963096,,26.218811861364873,,RAW_WINDOWS_DT30_DISTANCE400_V1,100,100,0,1.0,,100,4.4877438732747,1.5775674083190534,2.6755421401378925,,0,5,1.5135973236791583e-10,0,0,0,0,1,1,229.25046173963096,NO_RAW_BREAK_CROSSING,S0_G0,TIME_FLAGGED_OR_UNAVAILABLE,PROCESSED,79f70644d9c10c9253599644b9984e2eea8d10bb443650a66480455e511fa1bb
8829,101,25,0.24752475247524752,,True,False,False,39,0,37,62,25,0.5967741935483871,,4.962184168092429,0.7481316225774151,0.0,2.3279680535499496,3.039084150917695,4.061176442805271,,62,0,True,3,1,0,32,0,0,4872.371789823773,,4613.806354712732,,RAW_WINDOWS_DT30_DISTANCE400_V1,101,62,39,0.6138613861386139,,62,4.962184168092429,0.7481316225774151,3.039084150917695,,0,5,3.297012038671685e-10,2,0,0,1,3,2,4628.903924420359,NO_RAW_BREAK_CROSSING,R0,UNIFORM,PROCESSED,29d81cac2035eb3074bf9e1d8af8c14f937d02505bd59057946f5e0fecc48535
8829,101,27,0.26732673267326734,,True,False,False,0,0,74,101,27,0.7326732673267327,,4.962184168092429,1.0467749854532713,0.8977195548316212,2.5937523889956884,2.5937523889956884,3.485122323359383,,101,0,True,3,0,0,71,0,0,4872.371789823773,,4623.153264673869,,RAW_WINDOWS_DT30_DISTANCE400_V1,101,101,0,1.0,,101,4.962184168092429,1.0467749854532713,2.5937523889956884,,0,5,3.297012038671685e-10,2,0,0,0,3,3,4628.903924420359,NO_RAW_BREAK_CROSSING,S0,UNIFORM,PROCESSED,084fcb6c96d7418343034de4895322a0072664fda7b7bf54ab9092ce5382dd06
8829,101,25,0.24752475247524752,,True,False,False,39,0,37,62,25,0.5967741935483871,,4.962184168092429,0.7481316225774151,0.0,2.3279680535499496,3.039084150917695,4.061176442805271,,62,0,True,3,1,0,32,0,0,4872.371789823773,,4613.806354712732,,RAW_WINDOWS_DT30_DISTANCE400_V1,101,62,39,0.6138613861386139,,62,4.962184168092429,0.7481316225774151,3.039084150917695,,0,5,3.297012038671685e-10,2,0,0,1,3,2,4628.903924420359,NO_RAW_BREAK_CROSSING,G0,TIME_FLAGGED_OR_UNAVAILABLE,PROCESSED,29d81cac2035eb3074bf9e1d8af8c14f937d02505bd59057946f5e0fecc48535
8829,101,27,0.26732673267326734,,True,False,False,0,0,74,101,27,0.7326732673267327,,4.962184168092429,1.0467749854532713,0.8977195548316212,2.5937523889956884,2.5937523889956884,3.485122323359383,,101,0,True,3,0,0,71,0,0,4872.371789823773,,4623.153264673869,,RAW_WINDOWS_DT30_DISTANCE400_V1,101,101,0,1.0,,101,4.962184168092429,1.0467749854532713,2.5937523889956884,,0,5,3.297012038671685e-10,2,0,0,0,3,3,4628.903924420359,NO_RAW_BREAK_CROSSING,S0_G0,TIME_FLAGGED_OR_UNAVAILABLE,PROCESSED,084fcb6c96d7418343034de4895322a0072664fda7b7bf54ab9092ce5382dd06
3915,98,14,0.14285714285714285,,True,False,False,0,0,84,98,14,0.8571428571428572,,4.696669781275883,1.417059445345413,1.0056582469990525,3.8093105900125166,3.8093105900125166,3.835931365750419,,98,0,True,2,0,0,83,0,0,1698.0566112894865,,1413.3750700884307,,RAW_WINDOWS_DT30_DISTANCE400_V1,98,98,0,1.0,,98,4.696669781275883,1.417059445345413,3.8093105900125166,,0,5,1.0679162421926699e-10,1,0,0,0,2,2,1417.4259501855663,NO_RAW_BREAK_CROSSING,R0,UNIFORM,PROCESSED,0cd9098e48d2aeae5ca2cc5f16e3c36d493dadce2a85624ceaa735a3eb051a17
3915,98,14,0.14285714285714285,,True,False,False,0,0,84,98,14,0.8571428571428572,,4.696669781275883,1.417059445345413,1.0056582469990525,3.8093105900125166,3.8093105900125166,3.835931365750419,,98,0,True,2,0,0,83,0,0,1698.0566112894865,,1413.3750700884307,,RAW_WINDOWS_DT30_DISTANCE400_V1,98,98,0,1.0,,98,4.696669781275883,1.417059445345413,3.8093105900125166,,0,5,1.0679162421926699e-10,1,0,0,0,2,2,1417.4259501855663,NO_RAW_BREAK_CROSSING,S0,UNIFORM,PROCESSED,ac3a739d0ff775c018c392750ad350ceb58491a30544cb3f7d12e113e208bf07
3915,98,14,0.14285714285714285,,True,False,False,0,0,84,98,14,0.8571428571428572,,4.696669781275883,1.417059445345413,1.0056582469990525,3.8093105900125166,3.8093105900125166,3.835931365750419,,98,0,True,2,0,0,83,0,0,1698.0566112894865,,1413.3750700884307,,RAW_WINDOWS_DT30_DISTANCE400_V1,98,98,0,1.0,,98,4.696669781275883,1.417059445345413,3.8093105900125166,,0,5,1.0679162421926699e-10,1,0,0,0,2,2,1417.4259501855663,NO_RAW_BREAK_CROSSING,G0,TIME_FLAGGED_OR_UNAVAILABLE,PROCESSED,0cd9098e48d2aeae5ca2cc5f16e3c36d493dadce2a85624ceaa735a3eb051a17
3915,98,14,0.14285714285714285,,True,False,False,0,0,84,98,14,0.8571428571428572,,4.696669781275883,1.417059445345413,1.0056582469990525,3.8093105900125166,3.8093105900125166,3.835931365750419,,98,0,True,2,0,0,83,0,0,1698.0566112894865,,1413.3750700884307,,RAW_WINDOWS_DT30_DISTANCE400_V1,98,98,0,1.0,,98,4.696669781275883,1.417059445345413,3.8093105900125166,,0,5,1.0679162421926699e-10,1,0,0,0,2,2,1417.4259501855663,NO_RAW_BREAK_CROSSING,S0_G0,TIME_FLAGGED_OR_UNAVAILABLE,PROCESSED,ac3a739d0ff775c018c392750ad350ceb58491a30544cb3f7d12e113e208bf07
7030,140,54,0.38571428571428573,,True,False,False,0,20,66,120,54,0.55,,4.554259343371859,0.9342727770597683,0.008473795371574945,3.194994183908034,3.945600922119434,4.504403989607904,,120,0,True,3,0,20,53,0,0,3747.643467051942,,3367.2376324526413,,RAW_WINDOWS_DT30_DISTANCE400_V1,140,140,0,1.0,,140,64.44457284494153,2.475091564887033,11.785607447353602,,13,5,2.0987531823751426e-10,2,0,0,0,3,3,3594.622048444702,NO_RAW_BREAK_CROSSING,R0,UNIFORM,PROCESSED,c808468c7722d8931eb0155261dacdee692fdd775b24c821558867eefc047213
7030,140,54,0.38571428571428573,,True,False,False,0,20,66,120,54,0.55,,4.554259343371859,0.9342727770597683,0.008473795371574945,3.194994183908034,3.945600922119434,4.504403989607904,,120,0,True,3,0,20,53,0,0,3747.643467051942,,3367.2376324526413,,RAW_WINDOWS_DT30_DISTANCE400_V1,140,140,0,1.0,,140,64.44457284494153,2.475091564887033,11.785607447353602,,13,5,2.0987531823751426e-10,2,0,0,0,3,3,3594.622048444702,NO_RAW_BREAK_CROSSING,S0,UNIFORM,PROCESSED,32e9dbafe97cbb9184dd9d181678c8dbc9c5139aa235d22ead16a0f0b0c7b6a6
7030,140,54,0.38571428571428573,,True,False,False,0,20,66,120,54,0.55,,4.554259343371859,0.9342727770597683,0.008473795371574945,3.194994183908034,3.945600922119434,4.504403989607904,,120,0,True,3,0,20,53,0,0,3747.643467051942,,3367.2376324526413,,RAW_WINDOWS_DT30_DISTANCE400_V1,140,140,0,1.0,,140,64.44457284494153,2.475091564887033,11.785607447353602,,13,5,2.0987531823751426e-10,2,0,0,0,3,3,3594.622048444702,NO_RAW_BREAK_CROSSING,G0,TIME_FLAGGED_OR_UNAVAILABLE,PROCESSED,c808468c7722d8931eb0155261dacdee692fdd775b24c821558867eefc047213
7030,140,54,0.38571428571428573,,True,False,False,0,20,66,120,54,0.55,,4.554259343371859,0.9342727770597683,0.008473795371574945,3.194994183908034,3.945600922119434,4.504403989607904,,120,0,True,3,0,20,53,0,0,3747.643467051942,,3367.2376324526413,,RAW_WINDOWS_DT30_DISTANCE400_V1,140,140,0,1.0,,140,64.44457284494153,2.475091564887033,11.785607447353602,,13,5,2.0987531823751426e-10,2,0,0,0,3,3,3594.622048444702,NO_RAW_BREAK_CROSSING,S0_G0,TIME_FLAGGED_OR_UNAVAILABLE,PROCESSED,32e9dbafe97cbb9184dd9d181678c8dbc9c5139aa235d22ead16a0f0b0c7b6a6
3538,105,17,0.1619047619047619,,True,False,False,0,7,81,98,17,0.826530612244898,,3.963464463391015,1.4745665761119333,1.3124187226014739,3.3046805591831734,3.799608145523513,3.804523835059538,,98,0,True,2,0,7,74,0,0,2870.257857532356,,2010.9643062005812,,RAW_WINDOWS_DT30_DISTANCE400_V1,105,105,0,1.0,,105,8.38727892718965,1.6065596119185555,3.799608145523513,,3,5,5.205990391272006e-10,1,0,0,0,2,2,2369.6142514538165,NO_RAW_BREAK_CROSSING,R0,UNIFORM,PROCESSED,00f1be2e300d43269f446243f8aa8a676442410fef2f3de7c762980be108419c
3538,105,17,0.1619047619047619,,True,False,False,0,7,81,98,17,0.826530612244898,,3.963464463391015,1.4745665761119333,1.3124187226014739,3.3046805591831734,3.799608145523513,3.804523835059538,,98,0,True,2,0,7,74,0,0,2870.257857532356,,2010.9643062005812,,RAW_WINDOWS_DT30_DISTANCE400_V1,105,105,0,1.0,,105,8.38727892718965,1.6065596119185555,3.799608145523513,,3,5,5.205990391272006e-10,1,0,0,0,2,2,2369.6142514538165,NO_RAW_BREAK_CROSSING,S0,UNIFORM,PROCESSED,e66cc0dcb35fa071a926ede880324c1c2185c9a6ae25a9c864bef8ec1969d96c
3538,105,17,0.1619047619047619,,True,False,False,0,7,81,98,17,0.826530612244898,,3.963464463391015,1.4745665761119333,1.3124187226014739,3.3046805591831734,3.799608145523513,3.804523835059538,,98,0,True,2,0,7,74,0,0,2870.257857532356,,2010.9643062005812,,RAW_WINDOWS_DT30_DISTANCE400_V1,105,105,0,1.0,,105,8.38727892718965,1.6065596119185555,3.799608145523513,,3,5,5.205990391272006e-10,1,0,0,0,2,2,2369.6142514538165,NO_RAW_BREAK_CROSSING,G0,TIME_FLAGGED_OR_UNAVAILABLE,PROCESSED,00f1be2e300d43269f446243f8aa8a676442410fef2f3de7c762980be108419c
3538,105,17,0.1619047619047619,,True,False,False,0,7,81,98,17,0.826530612244898,,3.963464463391015,1.4745665761119333,1.3124187226014739,3.3046805591831734,3.799608145523513,3.804523835059538,,98,0,True,2,0,7,74,0,0,2870.257857532356,,2010.9643062005812,,RAW_WINDOWS_DT30_DISTANCE400_V1,105,105,0,1.0,,105,8.38727892718965,1.6065596119185555,3.799608145523513,,3,5,5.205990391272006e-10,1,0,0,0,2,2,2369.6142514538165,NO_RAW_BREAK_CROSSING,S0_G0,TIME_FLAGGED_OR_UNAVAILABLE,PROCESSED,e66cc0dcb35fa071a926ede880324c1c2185c9a6ae25a9c864bef8ec1969d96c
218,119,31,0.2605042016806723,,True,False,False,4,13,71,102,31,0.696078431372549,,4.691360832759163,1.0738922862088391,0.4068614662728136,2.9291271233280214,3.825450244420376,4.584801378640554,,102,0,True,3,1,13,58,0,0,4341.29676181837,,3793.158146208088,,RAW_WINDOWS_DT30_DISTANCE400_V1,119,115,4,0.9663865546218487,,115,37.90932299263587,2.3151992592255195,8.43882904436772,,9,5,3.7658999865730506e-10,2,0,0,1,3,2,3924.865573313396,NO_RAW_BREAK_CROSSING,R0,UNIFORM,PROCESSED,e57fd7133153b0745ccbaa80fc0650551bbc6a5d9d1e9158fff126edca313339
218,119,33,0.2773109243697479,,True,False,False,0,13,73,106,33,0.6886792452830188,,4.691360832759163,1.0333680489934112,0.2929872891161003,2.9291271233280214,3.825450244420376,4.581805266989092,,106,0,True,3,0,13,62,0,0,4341.29676181837,,3793.158146208088,,RAW_WINDOWS_DT30_DISTANCE400_V1,119,119,0,1.0,,119,37.90932299263587,2.2373774353860063,7.766775469063232,,9,5,3.7658999865730506e-10,2,0,0,0,3,3,3924.865573313396,NO_RAW_BREAK_CROSSING,S0,UNIFORM,PROCESSED,837b9cd180ec14d00da235036dabae905622f558ffef580c9b7c25a4806ff8ce
218,119,31,0.2605042016806723,,True,False,False,4,13,71,102,31,0.696078431372549,,4.691360832759163,1.0738922862088391,0.4068614662728136,2.9291271233280214,3.825450244420376,4.584801378640554,,102,0,True,3,1,13,58,0,0,4341.29676181837,,3793.158146208088,,RAW_WINDOWS_DT30_DISTANCE400_V1,119,115,4,0.9663865546218487,,115,37.90932299263587,2.3151992592255195,8.43882904436772,,9,5,3.7658999865730506e-10,2,0,0,1,3,2,3924.865573313396,NO_RAW_BREAK_CROSSING,G0,TIME_FLAGGED_OR_UNAVAILABLE,PROCESSED,e57fd7133153b0745ccbaa80fc0650551bbc6a5d9d1e9158fff126edca313339
218,119,33,0.2773109243697479,,True,False,False,0,13,73,106,33,0.6886792452830188,,4.691360832759163,1.0333680489934112,0.2929872891161003,2.9291271233280214,3.825450244420376,4.581805266989092,,106,0,True,3,0,13,62,0,0,4341.29676181837,,3793.158146208088,,RAW_WINDOWS_DT30_DISTANCE400_V1,119,119,0,1.0,,119,37.90932299263587,2.2373774353860063,7.766775469063232,,9,5,3.7658999865730506e-10,2,0,0,0,3,3,3924.865573313396,NO_RAW_BREAK_CROSSING,S0_G0,TIME_FLAGGED_OR_UNAVAILABLE,PROCESSED,837b9cd180ec14d00da235036dabae905622f558ffef580c9b7c25a4806ff8ce
5793,54,26,0.48148148148148145,,True,False,False,9,5,14,40,26,0.35,,4.1354475141804174,0.41793557084885136,0.0,1.6756649039539275,3.0636259416802445,3.879990025556225,,40,0,True,2,1,5,7,0,0,3630.0918756828364,,3415.5882410984696,,RAW_WINDOWS_DT30_DISTANCE400_V1,54,45,9,0.8333333333333334,,45,25.89668028403473,1.9724195896307448,9.829299162414815,,4,5,1.4891447127187491e-10,1,0,0,1,2,1,3458.1877771950726,NO_RAW_BREAK_CROSSING,R0,UNIFORM,PROCESSED,15a0cb0dcd842b23898119bc09c3ecc1b81fef4b26ecadd82860b54a307b3d6e
5793,54,28,0.5185185185185185,,True,False,False,0,5,21,49,28,0.4285714285714286,,4.1354475141804174,0.3411718945704909,0.0,1.1487132200362438,2.770582735509299,3.8210382974121786,,49,0,True,2,0,5,16,0,0,3630.0918756828364,,3415.5882410984696,,RAW_WINDOWS_DT30_DISTANCE400_V1,54,54,0,1.0,,54,25.89668028403473,1.643682991358954,9.509277609104712,,4,5,1.4891447127187491e-10,1,0,0,0,2,2,3458.1877771950726,NO_RAW_BREAK_CROSSING,S0,UNIFORM,PROCESSED,ab4ea06aca268d2ce4d01ac7230677b692d7fbd3b18b128c83e0a9fc23cf4acf
5793,54,26,0.48148148148148145,,True,False,False,9,5,14,40,26,0.35,,4.1354475141804174,0.41793557084885136,0.0,1.6756649039539275,3.0636259416802445,3.879990025556225,,40,0,True,2,1,5,7,0,0,3630.0918756828364,,3415.5882410984696,,RAW_WINDOWS_DT30_DISTANCE400_V1,54,45,9,0.8333333333333334,,45,25.89668028403473,1.9724195896307448,9.829299162414815,,4,5,1.4891447127187491e-10,1,0,0,1,2,1,3458.1877771950726,NO_RAW_BREAK_CROSSING,G0,TIME_FLAGGED_OR_UNAVAILABLE,PROCESSED,15a0cb0dcd842b23898119bc09c3ecc1b81fef4b26ecadd82860b54a307b3d6e
5793,54,28,0.5185185185185185,,True,False,False,0,5,21,49,28,0.4285714285714286,,4.1354475141804174,0.3411718945704909,0.0,1.1487132200362438,2.770582735509299,3.8210382974121786,,49,0,True,2,0,5,16,0,0,3630.0918756828364,,3415.5882410984696,,RAW_WINDOWS_DT30_DISTANCE400_V1,54,54,0,1.0,,54,25.89668028403473,1.643682991358954,9.509277609104712,,4,5,1.4891447127187491e-10,1,0,0,0,2,2,3458.1877771950726,NO_RAW_BREAK_CROSSING,S0_G0,TIME_FLAGGED_OR_UNAVAILABLE,PROCESSED,ab4ea06aca268d2ce4d01ac7230677b692d7fbd3b18b128c83e0a9fc23cf4acf
2608,94,4,0.0425531914893617,,True,False,False,80,0,10,14,4,0.7142857142857143,,3.3716760769967578,0.8473046652402687,0.0,2.867947314950147,3.27133527466739,3.351607916530884,,14,0,True,2,1,0,10,0,0,319.549386740408,,309.888121088008,,RAW_WINDOWS_DT30_DISTANCE400_V1,94,14,80,0.14893617021276595,,14,3.3716760769967578,0.8473046652402687,3.27133527466739,,0,5,1.5607795928067705e-10,1,0,0,1,2,1,314.38587519543614,NO_RAW_BREAK_CROSSING,R0,UNIFORM,PROCESSED,d76d8e8341de18f7779b2b2877a665a6b6406ff5bc463c87f0c700a96ab393fa
2608,94,6,0.06382978723404255,,True,False,False,0,0,88,94,6,0.9361702127659575,,3.3716760769967578,0.2675518970306402,0.1290059671668055,0.37411725148808334,0.6518809132178327,3.2281115444331996,,94,0,True,2,0,0,90,0,0,319.549386740408,,311.52393423799424,,RAW_WINDOWS_DT30_DISTANCE400_V1,94,94,0,1.0,,94,3.3716760769967578,0.2675518970306402,0.6518809132178327,,0,5,1.5607795928067705e-10,1,0,0,0,2,2,314.38587519543614,NO_RAW_BREAK_CROSSING,S0,UNIFORM,PROCESSED,37e88c2517ade223b9e2b95c21cec704895c64576edad4a55cd4ce8b72adfc99
2608,94,4,0.0425531914893617,,True,False,False,80,0,10,14,4,0.7142857142857143,,3.3716760769967578,0.8473046652402687,0.0,2.867947314950147,3.27133527466739,3.351607916530884,,14,0,True,2,1,0,10,0,0,319.549386740408,,309.888121088008,,RAW_WINDOWS_DT30_DISTANCE400_V1,94,14,80,0.14893617021276595,,14,3.3716760769967578,0.8473046652402687,3.27133527466739,,0,5,1.5607795928067705e-10,1,0,0,1,2,1,314.38587519543614,NO_RAW_BREAK_CROSSING,G0,TIME_FLAGGED_OR_UNAVAILABLE,PROCESSED,d76d8e8341de18f7779b2b2877a665a6b6406ff5bc463c87f0c700a96ab393fa
2608,94,6,0.06382978723404255,,True,False,False,0,0,88,94,6,0.9361702127659575,,3.3716760769967578,0.2675518970306402,0.1290059671668055,0.37411725148808334,0.6518809132178327,3.2281115444331996,,94,0,True,2,0,0,90,0,0,319.549386740408,,311.52393423799424,,RAW_WINDOWS_DT30_DISTANCE400_V1,94,94,0,1.0,,94,3.3716760769967578,0.2675518970306402,0.6518809132178327,,0,5,1.5607795928067705e-10,1,0,0,0,2,2,314.38587519543614,NO_RAW_BREAK_CROSSING,S0_G0,TIME_FLAGGED_OR_UNAVAILABLE,PROCESSED,37e88c2517ade223b9e2b95c21cec704895c64576edad4a55cd4ce8b72adfc99
920,111,37,0.3333333333333333,,True,False,False,0,6,68,105,37,0.6476190476190475,,4.7773670020752075,1.2378727147835216,0.8062501830295821,3.1582524622627233,3.9060160609134345,4.618890736592759,,105,0,True,1,0,6,40,0,0,5427.305054932332,,5389.732795380611,,RAW_WINDOWS_DT30_DISTANCE400_V1,111,111,0,1.0,,111,15.242492891793344,1.6274432649494222,4.703843383650619,,5,5,3.581450398329313e-10,0,0,0,0,1,1,5427.305054932332,NO_RAW_BREAK_CROSSING,R0,UNIFORM,PROCESSED,716575d8a4e3da56eec1b4c980e7c30756c409c7106094a9bbf6cc24898ed852
920,111,37,0.3333333333333333,,True,False,False,0,6,68,105,37,0.6476190476190475,,4.7773670020752075,1.2378727147835216,0.8062501830295821,3.1582524622627233,3.9060160609134345,4.618890736592759,,105,0,True,1,0,6,40,0,0,5427.305054932332,,5389.732795380611,,RAW_WINDOWS_DT30_DISTANCE400_V1,111,111,0,1.0,,111,15.242492891793344,1.6274432649494222,4.703843383650619,,5,5,3.581450398329313e-10,0,0,0,0,1,1,5427.305054932332,NO_RAW_BREAK_CROSSING,S0,UNIFORM,PROCESSED,97e8d550c4afaa2caf621cbc4666ca6ca529a89c458c43a630d6c4daf444e402
920,111,37,0.3333333333333333,,True,False,False,0,6,68,105,37,0.6476190476190475,,4.7773670020752075,1.2378727147835216,0.8062501830295821,3.1582524622627233,3.9060160609134345,4.618890736592759,,105,0,True,1,0,6,40,0,0,5427.305054932332,,5389.732795380611,,RAW_WINDOWS_DT30_DISTANCE400_V1,111,111,0,1.0,,111,15.242492891793344,1.6274432649494222,4.703843383650619,,5,5,3.581450398329313e-10,0,0,0,0,1,1,5427.305054932332,NO_RAW_BREAK_CROSSING,G0,TIME_FLAGGED_OR_UNAVAILABLE,PROCESSED,716575d8a4e3da56eec1b4c980e7c30756c409c7106094a9bbf6cc24898ed852
920,111,37,0.3333333333333333,,True,False,False,0,6,68,105,37,0.6476190476190475,,4.7773670020752075,1.2378727147835216,0.8062501830295821,3.1582524622627233,3.9060160609134345,4.618890736592759,,105,0,True,1,0,6,40,0,0,5427.305054932332,,5389.732795380611,,RAW_WINDOWS_DT30_DISTANCE400_V1,111,111,0,1.0,,111,15.242492891793344,1.6274432649494222,4.703843383650619,,5,5,3.581450398329313e-10,0,0,0,0,1,1,5427.305054932332,NO_RAW_BREAK_CROSSING,S0_G0,TIME_FLAGGED_OR_UNAVAILABLE,PROCESSED,97e8d550c4afaa2caf621cbc4666ca6ca529a89c458c43a630d6c4daf444e402
8840,114,51,0.4473684210526316,,True,False,False,0,1,62,113,51,0.5486725663716814,,4.982055310230707,0.8174380731489281,0.0,2.7549706354294115,3.5790335232724035,4.3693428287107645,,113,0,True,1,0,1,42,0,0,6195.639657631197,,6185.99471541024,,RAW_WINDOWS_DT30_DISTANCE400_V1,114,114,0,1.0,,114,8.081907927166757,0.8811614929210143,3.7749177987789544,,1,5,2.410292365694457e-10,0,0,0,0,1,1,6195.639657631197,NO_RAW_BREAK_CROSSING,R0,UNIFORM,PROCESSED,f80cd921e05e976e2ef52eb969fed22e1d31636eab601446b732a6f76df3ac5b
8840,114,51,0.4473684210526316,,True,False,False,0,1,62,113,51,0.5486725663716814,,4.982055310230707,0.8174380731489281,0.0,2.7549706354294115,3.5790335232724035,4.3693428287107645,,113,0,True,1,0,1,42,0,0,6195.639657631197,,6185.99471541024,,RAW_WINDOWS_DT30_DISTANCE400_V1,114,114,0,1.0,,114,8.081907927166757,0.8811614929210143,3.7749177987789544,,1,5,2.410292365694457e-10,0,0,0,0,1,1,6195.639657631197,NO_RAW_BREAK_CROSSING,S0,UNIFORM,PROCESSED,975526649859dd315ab9309b30b231a5bdde05571492ff48ebffcc5fce94140e
8840,114,51,0.4473684210526316,,True,False,False,0,1,62,113,51,0.5486725663716814,,4.982055310230707,0.8174380731489281,0.0,2.7549706354294115,3.5790335232724035,4.3693428287107645,,113,0,True,1,0,1,42,0,0,6195.639657631197,,6185.99471541024,,RAW_WINDOWS_DT30_DISTANCE400_V1,114,114,0,1.0,,114,8.081907927166757,0.8811614929210143,3.7749177987789544,,1,5,2.410292365694457e-10,0,0,0,0,1,1,6195.639657631197,NO_RAW_BREAK_CROSSING,G0,TIME_FLAGGED_OR_UNAVAILABLE,PROCESSED,f80cd921e05e976e2ef52eb969fed22e1d31636eab601446b732a6f76df3ac5b
8840,114,51,0.4473684210526316,,True,False,False,0,1,62,113,51,0.5486725663716814,,4.982055310230707,0.8174380731489281,0.0,2.7549706354294115,3.5790335232724035,4.3693428287107645,,113,0,True,1,0,1,42,0,0,6195.639657631197,,6185.99471541024,,RAW_WINDOWS_DT30_DISTANCE400_V1,114,114,0,1.0,,114,8.081907927166757,0.8811614929210143,3.7749177987789544,,1,5,2.410292365694457e-10,0,0,0,0,1,1,6195.639657631197,NO_RAW_BREAK_CROSSING,S0_G0,TIME_FLAGGED_OR_UNAVAILABLE,PROCESSED,975526649859dd315ab9309b30b231a5bdde05571492ff48ebffcc5fce94140e
7889,92,3,0.03260869565217391,,True,False,False,67,1,21,24,3,0.875,,4.664005028211292,2.5888432673768866,3.1410563753749496,4.381399296573562,4.448803568680891,4.617244512975421,,24,0,True,3,2,1,18,0,0,151.99971300976262,,98.68372309430907,,RAW_WINDOWS_DT30_DISTANCE400_V1,92,25,67,0.2717391304347826,,25,5.688894514620961,2.7128453172666496,4.623343710614882,,1,5,1.0174896967463313e-10,2,0,0,3,3,1,147.675634927349,NO_RAW_BREAK_CROSSING,R0,UNIFORM,PROCESSED,f6704d5bf2ec27c06e44d30931a363a71c8e9ba2a24f1ad36a974885c31c5cb7
7889,92,7,0.07608695652173914,,True,False,False,0,1,84,91,7,0.9230769230769231,,4.664005028211292,0.7801148184266714,0.14481920409979077,3.1410563753749496,3.89271546447116,4.481029099027447,,91,0,True,3,0,1,85,0,0,151.99971300976262,,119.56762996886509,,RAW_WINDOWS_DT30_DISTANCE400_V1,92,92,0,1.0,,92,5.688894514620961,0.8334711194722616,4.381399296573562,,1,5,1.0174896967463313e-10,2,0,0,0,3,3,147.675634927349,NO_RAW_BREAK_CROSSING,S0,UNIFORM,PROCESSED,b49e8e67ad54b3fab973ce95267a3d1b95e4a8ebd3bd35fe6c9be6753898e1dc
7889,92,3,0.03260869565217391,,True,False,False,67,1,21,24,3,0.875,,4.664005028211292,2.5888432673768866,3.1410563753749496,4.381399296573562,4.448803568680891,4.617244512975421,,24,0,True,3,2,1,18,0,0,151.99971300976262,,98.68372309430907,,RAW_WINDOWS_DT30_DISTANCE400_V1,92,25,67,0.2717391304347826,,25,5.688894514620961,2.7128453172666496,4.623343710614882,,1,5,1.0174896967463313e-10,2,0,0,3,3,1,147.675634927349,NO_RAW_BREAK_CROSSING,G0,TIME_FLAGGED_OR_UNAVAILABLE,PROCESSED,f6704d5bf2ec27c06e44d30931a363a71c8e9ba2a24f1ad36a974885c31c5cb7
7889,92,7,0.07608695652173914,,True,False,False,0,1,84,91,7,0.9230769230769231,,4.664005028211292,0.7801148184266714,0.14481920409979077,3.1410563753749496,3.89271546447116,4.481029099027447,,91,0,True,3,0,1,85,0,0,151.99971300976262,,119.56762996886509,,RAW_WINDOWS_DT30_DISTANCE400_V1,92,92,0,1.0,,92,5.688894514620961,0.8334711194722616,4.381399296573562,,1,5,1.0174896967463313e-10,2,0,0,0,3,3,147.675634927349,NO_RAW_BREAK_CROSSING,S0_G0,TIME_FLAGGED_OR_UNAVAILABLE,PROCESSED,b49e8e67ad54b3fab973ce95267a3d1b95e4a8ebd3bd35fe6c9be6753898e1dc
5725,105,11,0.10476190476190476,,True,False,False,0,2,92,103,11,0.8932038834951457,,4.075207268995721,0.16299069655169263,0.0,0.0,0.9500042881036443,3.419673961904831,,103,0,True,1,0,2,87,0,0,1566.1862447089911,,1527.7769960526355,,RAW_WINDOWS_DT30_DISTANCE400_V1,105,105,0,1.0,,105,70.66047289841357,0.8967860916976917,2.6362648247550413,,2,5,3.3603205445619733e-10,0,0,0,0,1,1,1566.1862447089911,NO_RAW_BREAK_CROSSING,R0,UNIFORM,PROCESSED,ecdede568969a9fd1c7f040b02ee130c53797fc43c16cf5fcea26ecf35369453
5725,105,11,0.10476190476190476,,True,False,False,0,2,92,103,11,0.8932038834951457,,4.075207268995721,0.16299069655169263,0.0,0.0,0.9500042881036443,3.419673961904831,,103,0,True,1,0,2,87,0,0,1566.1862447089911,,1527.7769960526355,,RAW_WINDOWS_DT30_DISTANCE400_V1,105,105,0,1.0,,105,70.66047289841357,0.8967860916976917,2.6362648247550413,,2,5,3.3603205445619733e-10,0,0,0,0,1,1,1566.1862447089911,NO_RAW_BREAK_CROSSING,S0,UNIFORM,PROCESSED,4f03f5f3b87e7eaf9ae720fd3ff68a18133f44300f7c780ade5e3bd65918fb4f
5725,105,11,0.10476190476190476,,True,False,False,0,2,92,103,11,0.8932038834951457,,4.075207268995721,0.16299069655169263,0.0,0.0,0.9500042881036443,3.419673961904831,,103,0,True,1,0,2,87,0,0,1566.1862447089911,,1527.7769960526355,,RAW_WINDOWS_DT30_DISTANCE400_V1,105,105,0,1.0,,105,70.66047289841357,0.8967860916976917,2.6362648247550413,,2,5,3.3603205445619733e-10,0,0,0,0,1,1,1566.1862447089911,NO_RAW_BREAK_CROSSING,G0,TIME_FLAGGED_OR_UNAVAILABLE,PROCESSED,ecdede568969a9fd1c7f040b02ee130c53797fc43c16cf5fcea26ecf35369453
5725,105,11,0.10476190476190476,,True,False,False,0,2,92,103,11,0.8932038834951457,,4.075207268995721,0.16299069655169263,0.0,0.0,0.9500042881036443,3.419673961904831,,103,0,True,1,0,2,87,0,0,1566.1862447089911,,1527.7769960526355,,RAW_WINDOWS_DT30_DISTANCE400_V1,105,105,0,1.0,,105,70.66047289841357,0.8967860916976917,2.6362648247550413,,2,5,3.3603205445619733e-10,0,0,0,0,1,1,1566.1862447089911,NO_RAW_BREAK_CROSSING,S0_G0,TIME_FLAGGED_OR_UNAVAILABLE,PROCESSED,4f03f5f3b87e7eaf9ae720fd3ff68a18133f44300f7c780ade5e3bd65918fb4f
464,112,27,0.24107142857142858,,True,False,False,0,2,83,110,27,0.7545454545454545,,4.667262075226189,1.3238211864373328,1.0953209458871014,3.1172126318309146,3.6471725569241227,4.376272826085117,,110,0,True,2,0,2,61,0,0,2443.532880198599,,2417.464070142917,,RAW_WINDOWS_DT30_DISTANCE400_V1,112,112,0,1.0,,112,4.667262075226189,1.356751182393132,3.644656129106211,,0,5,2.289025096696398e-10,1,0,0,0,2,2,2436.323627434396,NO_RAW_BREAK_CROSSING,R0,UNIFORM,PROCESSED,6bf7d781a4d06964f8a0ef1ce334b13698abf72d321a7749b76441010ca39029
464,112,27,0.24107142857142858,,True,False,False,0,2,83,110,27,0.7545454545454545,,4.667262075226189,1.3238211864373328,1.0953209458871014,3.1172126318309146,3.6471725569241227,4.376272826085117,,110,0,True,2,0,2,61,0,0,2443.532880198599,,2417.464070142917,,RAW_WINDOWS_DT30_DISTANCE400_V1,112,112,0,1.0,,112,4.667262075226189,1.356751182393132,3.644656129106211,,0,5,2.289025096696398e-10,1,0,0,0,2,2,2436.323627434396,NO_RAW_BREAK_CROSSING,S0,UNIFORM,PROCESSED,078e8858455c23dd31ec31d38f59b4734e2b80e0f28ad5617d2097a0d2a0eeed
464,112,27,0.24107142857142858,,True,False,False,0,2,83,110,27,0.7545454545454545,,4.667262075226189,1.3238211864373328,1.0953209458871014,3.1172126318309146,3.6471725569241227,4.376272826085117,,110,0,True,2,0,2,61,0,0,2443.532880198599,,2417.464070142917,,RAW_WINDOWS_DT30_DISTANCE400_V1,112,112,0,1.0,,112,4.667262075226189,1.356751182393132,3.644656129106211,,0,5,2.289025096696398e-10,1,0,0,0,2,2,2436.323627434396,NO_RAW_BREAK_CROSSING,G0,TIME_FLAGGED_OR_UNAVAILABLE,PROCESSED,6bf7d781a4d06964f8a0ef1ce334b13698abf72d321a7749b76441010ca39029
464,112,27,0.24107142857142858,,True,False,False,0,2,83,110,27,0.7545454545454545,,4.667262075226189,1.3238211864373328,1.0953209458871014,3.1172126318309146,3.6471725569241227,4.376272826085117,,110,0,True,2,0,2,61,0,0,2443.532880198599,,2417.464070142917,,RAW_WINDOWS_DT30_DISTANCE400_V1,112,112,0,1.0,,112,4.667262075226189,1.356751182393132,3.644656129106211,,0,5,2.289025096696398e-10,1,0,0,0,2,2,2436.323627434396,NO_RAW_BREAK_CROSSING,S0_G0,TIME_FLAGGED_OR_UNAVAILABLE,PROCESSED,078e8858455c23dd31ec31d38f59b4734e2b80e0f28ad5617d2097a0d2a0eeed
1929,101,41,0.40594059405940597,,True,False,False,3,1,56,97,41,0.5773195876288659,,4.8799147028367305,0.9783077566997515,0.44753187208566364,2.9790923191456806,3.276087162029053,4.80995018708445,,97,0,True,5,1,1,32,0,0,14760.273655210567,,12707.004336579046,,RAW_WINDOWS_DT30_DISTANCE400_V1,101,98,3,0.9702970297029703,,98,6.253292490644622,1.0321341315359236,3.727903400290373,,1,5,1.863910637573064e-10,4,0,0,1,5,4,13036.139235730005,NO_RAW_BREAK_CROSSING,R0,UNIFORM,PROCESSED,5fa43e45a169623c521c4bf70e7a50c6a2b67efda442ab30f5e69e05a532ecb9
1929,101,43,0.42574257425742573,,True,False,False,0,1,57,100,43,0.5700000000000001,,4.8799147028367305,0.9689480008163477,0.44753187208566364,2.9312781903032494,3.1974104256651343,4.807763795967192,,100,0,True,5,0,1,35,0,0,14760.273655210567,,13031.738548563417,,RAW_WINDOWS_DT30_DISTANCE400_V1,101,101,0,1.0,,101,6.253292490644622,1.021268243289895,3.6956964226366487,,1,5,1.863910637573064e-10,4,0,0,0,5,5,13036.139235730005,NO_RAW_BREAK_CROSSING,S0,UNIFORM,PROCESSED,c018e6d36c165c987e63e32b3b1ed34a1ab102f3d2474498c3ffd92207a9bb1d
1929,101,43,0.42574257425742573,,True,False,False,3,0,55,98,43,0.5612244897959184,,4.8799147028367305,0.9579912561231761,0.44753187208566364,3.0836113930488627,3.2584692048735198,4.809221390045364,,98,0,True,5,1,0,32,0,0,14760.273655210567,,12710.223298869316,,RAW_WINDOWS_DT30_DISTANCE400_V1,101,98,3,0.9702970297029703,,98,4.8799147028367305,0.9579912561231761,3.2584692048735198,,0,5,1.863910637573064e-10,4,0,0,1,5,4,13036.139235730005,NO_RAW_BREAK_CROSSING,G0,TIME_REGULAR,PROCESSED,50780de9c0034c5d3d8266bc13cb1ffe9891531e62bda4803429ca78e66dee28
1929,101,45,0.44554455445544555,,True,False,False,0,0,56,101,45,0.5544554455445545,,4.8799147028367305,0.9493276315032687,0.44753187208566364,3.0747205768305435,3.1711848468771615,4.807034998928105,,101,0,True,5,0,0,35,0,0,14760.273655210567,,13034.957510853686,,RAW_WINDOWS_DT30_DISTANCE400_V1,101,101,0,1.0,,101,4.8799147028367305,0.9493276315032687,3.1711848468771615,,0,5,1.863910637573064e-10,4,0,0,0,5,5,13036.139235730005,NO_RAW_BREAK_CROSSING,S0_G0,TIME_REGULAR,PROCESSED,732e4b970a6fa7f6be60417039a45a217f2f289335388aa2b798479b7a81604c
10774,99,46,0.46464646464646464,,True,False,False,6,0,47,93,46,0.5053763440860215,,4.942724925865468,0.7770955275332031,0.03097074506549234,2.757151650151593,3.338949271760899,4.184877537705292,,93,0,True,16,3,0,39,0,0,28563.06906660708,,19877.645900720596,,RAW_WINDOWS_DT30_DISTANCE400_V1,99,93,6,0.9393939393939394,,93,4.942724925865468,0.7770955275332031,3.338949271760899,,0,5,6.266912174241386e-10,15,0,0,4,16,13,20655.593926920872,NO_RAW_BREAK_CROSSING,R0,UNIFORM,PROCESSED,e5d89cbe505beae4cf455707d1aab4002369fe52348f8a08b7a57b9368133f6e
10774,99,50,0.5050505050505051,,True,False,False,2,0,47,97,50,0.48453608247422686,,4.942724925865468,0.7450503511400813,0.0,2.628898783286526,3.3112999821575464,4.15192765126354,,97,0,True,16,2,0,42,0,0,28563.06906660708,,20655.265961101242,,RAW_WINDOWS_DT30_DISTANCE400_V1,99,97,2,0.9797979797979798,,97,4.942724925865468,0.7450503511400813,3.3112999821575464,,0,5,6.266912174241386e-10,15,0,0,2,16,14,20655.593926920872,NO_RAW_BREAK_CROSSING,S0,UNIFORM,PROCESSED,51a9f91beb50ca0c1c92932ad0b3bcf95526b3b73f93a23742943a30ed1fb778
10774,99,46,0.46464646464646464,,True,False,False,6,0,47,93,46,0.5053763440860215,,4.942724925865468,0.7770955275332031,0.03097074506549234,2.757151650151593,3.338949271760899,4.184877537705292,,93,0,True,16,3,0,39,0,0,28563.06906660708,,19877.645900720596,,RAW_WINDOWS_DT30_DISTANCE400_V1,99,93,6,0.9393939393939394,,93,4.942724925865468,0.7770955275332031,3.338949271760899,,0,5,6.266912174241386e-10,15,0,0,4,16,13,20655.593926920872,NO_RAW_BREAK_CROSSING,G0,TIME_FLAGGED_OR_UNAVAILABLE,PROCESSED,e5d89cbe505beae4cf455707d1aab4002369fe52348f8a08b7a57b9368133f6e
10774,99,50,0.5050505050505051,,True,False,False,2,0,47,97,50,0.48453608247422686,,4.942724925865468,0.7450503511400813,0.0,2.628898783286526,3.3112999821575464,4.15192765126354,,97,0,True,16,2,0,42,0,0,28563.06906660708,,20655.265961101242,,RAW_WINDOWS_DT30_DISTANCE400_V1,99,97,2,0.9797979797979798,,97,4.942724925865468,0.7450503511400813,3.3112999821575464,,0,5,6.266912174241386e-10,15,0,0,2,16,14,20655.593926920872,NO_RAW_BREAK_CROSSING,S0_G0,TIME_FLAGGED_OR_UNAVAILABLE,PROCESSED,51a9f91beb50ca0c1c92932ad0b3bcf95526b3b73f93a23742943a30ed1fb778
759,116,41,0.35344827586206895,,True,False,False,8,4,63,104,41,0.6057692307692308,,4.425259297620976,1.0183883198256318,0.3009639658756169,3.5213278417205083,3.62337155220213,4.346403491207562,,104,0,True,8,3,4,48,0,0,12262.63911771665,,8437.788275393348,,RAW_WINDOWS_DT30_DISTANCE400_V1,116,108,8,0.9310344827586207,,108,111.95844692207639,2.6141129191039223,3.62337155220213,,2,5,3.466104588447861e-10,7,0,0,5,8,5,10120.642260901739,NO_RAW_BREAK_CROSSING,R0,UNIFORM,PROCESSED,6bfadf8b33408271b84547b27800708578d6656257c06f512a5ef9c5e39d37b6
759,116,46,0.39655172413793105,,True,False,False,1,4,65,111,46,0.5855855855855856,,4.425259297620976,1.0056865750934558,0.15862498207084016,3.62337155220213,3.62337155220213,4.33599768511107,,111,0,True,8,1,4,54,0,0,12262.63911771665,,9164.089027891738,,RAW_WINDOWS_DT30_DISTANCE400_V1,116,115,1,0.9913793103448276,,115,111.95844692207639,2.504721911623752,3.767634085349973,,2,5,3.466104588447861e-10,7,0,0,1,8,7,10120.642260901739,NO_RAW_BREAK_CROSSING,S0,UNIFORM,PROCESSED,6322787c96a6daabf87100423e5a8191c6aa7dae5e2291a7d16b306a7480cddf
759,116,41,0.35344827586206895,,True,False,False,8,4,63,104,41,0.6057692307692308,,4.425259297620976,1.0183883198256318,0.3009639658756169,3.5213278417205083,3.62337155220213,4.346403491207562,,104,0,True,8,3,4,48,0,0,12262.63911771665,,8437.788275393348,,RAW_WINDOWS_DT30_DISTANCE400_V1,116,108,8,0.9310344827586207,,108,111.95844692207639,2.6141129191039223,3.62337155220213,,2,5,3.466104588447861e-10,7,0,0,5,8,5,10120.642260901739,NO_RAW_BREAK_CROSSING,G0,TIME_FLAGGED_OR_UNAVAILABLE,PROCESSED,6bfadf8b33408271b84547b27800708578d6656257c06f512a5ef9c5e39d37b6
759,116,46,0.39655172413793105,,True,False,False,1,4,65,111,46,0.5855855855855856,,4.425259297620976,1.0056865750934558,0.15862498207084016,3.62337155220213,3.62337155220213,4.33599768511107,,111,0,True,8,1,4,54,0,0,12262.63911771665,,9164.089027891738,,RAW_WINDOWS_DT30_DISTANCE400_V1,116,115,1,0.9913793103448276,,115,111.95844692207639,2.504721911623752,3.767634085349973,,2,5,3.466104588447861e-10,7,0,0,1,8,7,10120.642260901739,NO_RAW_BREAK_CROSSING,S0_G0,TIME_FLAGGED_OR_UNAVAILABLE,PROCESSED,6322787c96a6daabf87100423e5a8191c6aa7dae5e2291a7d16b306a7480cddf
4178,100,0,0.0,,False,True,True,100,0,0,0,0,,EMPTY_DP_REFERENCE_DENOMINATOR,,,,,,,EMPTY_DP_REFERENCE,0,0,True,1,1,0,0,0,0,8.247837137558486,,,EMPTY_OUTPUT,RAW_WINDOWS_DT30_DISTANCE400_V1,100,0,100,0.0,,0,,,,NO_COVERED_RAW_POINTS,0,5,3.643090744397329e-10,0,0,0,0,1,0,8.247837137558486,NO_RAW_BREAK_CROSSING,R0,UNIFORM,ALL_FILTERED,b6186416688d145f3fabf6d2a7aaec83effd9607ea8a680f8f3ceb08bf8820bd
4178,100,2,0.02,,True,False,False,0,0,98,100,2,0.98,,0.7409084135994677,0.4485500721070503,0.5106262233430744,0.7228864648061848,0.7409084135994677,0.7409084135994677,,100,0,True,1,0,0,100,0,0,8.247837137558486,,7.9148993900815565,,RAW_WINDOWS_DT30_DISTANCE400_V1,100,100,0,1.0,,100,0.7409084135994677,0.4485500721070503,0.7409084135994677,,0,5,3.643090744397329e-10,0,0,0,0,1,1,8.247837137558486,NO_RAW_BREAK_CROSSING,S0,UNIFORM,PROCESSED,26aaac6457989a3e462c28922d1baa3af12c811ae808ffaa8f34a1e461212c99
4178,100,0,0.0,,False,True,True,100,0,0,0,0,,EMPTY_DP_REFERENCE_DENOMINATOR,,,,,,,EMPTY_DP_REFERENCE,0,0,True,1,1,0,0,0,0,8.247837137558486,,,EMPTY_OUTPUT,RAW_WINDOWS_DT30_DISTANCE400_V1,100,0,100,0.0,,0,,,,NO_COVERED_RAW_POINTS,0,5,3.643090744397329e-10,0,0,0,0,1,0,8.247837137558486,NO_RAW_BREAK_CROSSING,G0,TIME_REGULAR,ALL_FILTERED,f9265a86b782159f6fc97bb0157e49737d82ec5893bde0a21854294ba1aeb8c3
4178,100,2,0.02,,True,False,False,0,0,98,100,2,0.98,,0.7409084135994677,0.4485500721070503,0.5106262233430744,0.7228864648061848,0.7409084135994677,0.7409084135994677,,100,0,True,1,0,0,100,0,0,8.247837137558486,,7.9148993900815565,,RAW_WINDOWS_DT30_DISTANCE400_V1,100,100,0,1.0,,100,0.7409084135994677,0.4485500721070503,0.7409084135994677,,0,5,3.643090744397329e-10,0,0,0,0,1,1,8.247837137558486,NO_RAW_BREAK_CROSSING,S0_G0,TIME_REGULAR,PROCESSED,94f6e218ae332f33561e7eb389c0944705d00bf1c3633fb4ab285bcaabf6af7f
8089,97,0,0.0,,False,True,True,97,0,0,0,0,,EMPTY_DP_REFERENCE_DENOMINATOR,,,,,,,EMPTY_DP_REFERENCE,0,0,True,2,2,0,0,0,0,2.795480251613563,,,EMPTY_OUTPUT,RAW_WINDOWS_DT30_DISTANCE400_V1,97,0,97,0.0,,0,,,,NO_COVERED_RAW_POINTS,0,5,8.641290603946957e-11,1,0,0,2,2,0,2.795480251613563,NO_RAW_BREAK_CROSSING,R0,UNIFORM,ALL_FILTERED,511e58a5fffd2b686249554a61230e1c2e16c83833bfb70a9f047937c39a1262
8089,97,4,0.041237113402061855,,True,False,False,0,0,93,97,4,0.9587628865979382,,0.5531288194218474,0.15289450202368451,0.02160659409927429,0.44509585797248413,0.5531288194218474,0.5531288194218474,,97,0,True,2,0,0,97,0,0,2.795480251613563,,2.4411203788293623,,RAW_WINDOWS_DT30_DISTANCE400_V1,97,97,0,1.0,,97,0.5531288194218474,0.15289450202368451,0.5531288194218474,,0,5,8.641290603946957e-11,1,0,0,0,2,2,2.795480251613563,NO_RAW_BREAK_CROSSING,S0,UNIFORM,PROCESSED,447984fc171860794a4fe9e2198e923a7f83a86af3ec4b1bd646f7e6c89e585a
8089,97,0,0.0,,False,True,True,97,0,0,0,0,,EMPTY_DP_REFERENCE_DENOMINATOR,,,,,,,EMPTY_DP_REFERENCE,0,0,True,2,2,0,0,0,0,2.795480251613563,,,EMPTY_OUTPUT,RAW_WINDOWS_DT30_DISTANCE400_V1,97,0,97,0.0,,0,,,,NO_COVERED_RAW_POINTS,0,5,8.641290603946957e-11,1,0,0,2,2,0,2.795480251613563,NO_RAW_BREAK_CROSSING,G0,TIME_FLAGGED_OR_UNAVAILABLE,ALL_FILTERED,511e58a5fffd2b686249554a61230e1c2e16c83833bfb70a9f047937c39a1262
8089,97,4,0.041237113402061855,,True,False,False,0,0,93,97,4,0.9587628865979382,,0.5531288194218474,0.15289450202368451,0.02160659409927429,0.44509585797248413,0.5531288194218474,0.5531288194218474,,97,0,True,2,0,0,97,0,0,2.795480251613563,,2.4411203788293623,,RAW_WINDOWS_DT30_DISTANCE400_V1,97,97,0,1.0,,97,0.5531288194218474,0.15289450202368451,0.5531288194218474,,0,5,8.641290603946957e-11,1,0,0,0,2,2,2.795480251613563,NO_RAW_BREAK_CROSSING,S0_G0,TIME_FLAGGED_OR_UNAVAILABLE,PROCESSED,447984fc171860794a4fe9e2198e923a7f83a86af3ec4b1bd646f7e6c89e585a
4374,99,8,0.08080808080808081,,True,False,False,0,11,80,88,8,0.9090909090909091,,3.8184896525933274,1.1974608388393406,1.0764533046441709,2.4661907128145035,2.989774238895603,3.74466515159519,,88,0,True,1,0,11,3,0,0,97.65915786021326,,79.60244763022342,,RAW_WINDOWS_DT30_DISTANCE400_V1,99,99,0,1.0,,99,3.8184896525933274,1.2214081350005925,2.9103487696884365,,0,5,5.906045110361798e-10,0,0,0,0,1,1,97.65915786021326,NO_RAW_BREAK_CROSSING,R0,UNIFORM,PROCESSED,65ef4e511a51e57fcbd4732e027604d4a9744f3ca68d1b688fc41bb3f85d6e76
4374,99,8,0.08080808080808081,,True,False,False,0,11,80,88,8,0.9090909090909091,,3.8184896525933274,1.1974608388393406,1.0764533046441709,2.4661907128145035,2.989774238895603,3.74466515159519,,88,0,True,1,0,11,3,0,0,97.65915786021326,,79.60244763022342,,RAW_WINDOWS_DT30_DISTANCE400_V1,99,99,0,1.0,,99,3.8184896525933274,1.2214081350005925,2.9103487696884365,,0,5,5.906045110361798e-10,0,0,0,0,1,1,97.65915786021326,NO_RAW_BREAK_CROSSING,S0,UNIFORM,PROCESSED,2bdeb968fe19edfbd8ffbdfb7c8d475d072ad3b7df231c181345ebb75b467989
4374,99,8,0.08080808080808081,,True,False,False,0,5,86,94,8,0.9148936170212766,,3.8184896525933274,1.2003652399571858,1.0764533046441709,2.4440281945773337,2.946451255691694,3.739573806698767,,94,0,True,1,0,5,3,0,0,97.65915786021326,,79.60244763022342,,RAW_WINDOWS_DT30_DISTANCE400_V1,99,99,0,1.0,,99,3.8184896525933274,1.2214081350005925,2.9103487696884365,,0,5,5.906045110361798e-10,0,0,0,0,1,1,97.65915786021326,NO_RAW_BREAK_CROSSING,G0,TIME_REGULAR,PROCESSED,0143b39312174d27b15fdfc88be3b30e6ad7b6c54db6c755466b85775d71ff08
4374,99,8,0.08080808080808081,,True,False,False,0,5,86,94,8,0.9148936170212766,,3.8184896525933274,1.2003652399571858,1.0764533046441709,2.4440281945773337,2.946451255691694,3.739573806698767,,94,0,True,1,0,5,3,0,0,97.65915786021326,,79.60244763022342,,RAW_WINDOWS_DT30_DISTANCE400_V1,99,99,0,1.0,,99,3.8184896525933274,1.2214081350005925,2.9103487696884365,,0,5,5.906045110361798e-10,0,0,0,0,1,1,97.65915786021326,NO_RAW_BREAK_CROSSING,S0_G0,TIME_REGULAR,PROCESSED,d97ca0f61056a4b8b49bb1fdd9929dd0d4063e7ba2a9f83528e1cfc702b63b21
3399,98,8,0.08163265306122448,,True,False,False,0,0,90,98,8,0.9183673469387755,,0.9750707639076611,0.37948467133372343,0.3186746982475035,0.8876198988288954,0.9713801164148043,0.9750707639076611,,98,0,True,1,0,0,98,0,0,328.86440092714605,,328.58834299839674,,RAW_WINDOWS_DT30_DISTANCE400_V1,98,98,0,1.0,,98,0.9750707639076611,0.37948467133372343,0.9713801164148043,,0,5,1.987265420058302e-10,0,0,0,0,1,1,328.86440092714605,NO_RAW_BREAK_CROSSING,R0,UNIFORM,PROCESSED,059aa937b710375855314f5fca8f5f848eb2e16b0bdf719c1c8564694dc324e6
3399,98,8,0.08163265306122448,,True,False,False,0,0,90,98,8,0.9183673469387755,,0.9750707639076611,0.37948467133372343,0.3186746982475035,0.8876198988288954,0.9713801164148043,0.9750707639076611,,98,0,True,1,0,0,98,0,0,328.86440092714605,,328.58834299839674,,RAW_WINDOWS_DT30_DISTANCE400_V1,98,98,0,1.0,,98,0.9750707639076611,0.37948467133372343,0.9713801164148043,,0,5,1.987265420058302e-10,0,0,0,0,1,1,328.86440092714605,NO_RAW_BREAK_CROSSING,S0,UNIFORM,PROCESSED,ed98362ee7fffa443ce1d8e90c458b1c919cd16964210f6ff3cc7f878d45fab2
3399,98,8,0.08163265306122448,,True,False,False,0,0,90,98,8,0.9183673469387755,,0.9750707639076611,0.37948467133372343,0.3186746982475035,0.8876198988288954,0.9713801164148043,0.9750707639076611,,98,0,True,1,0,0,98,0,0,328.86440092714605,,328.58834299839674,,RAW_WINDOWS_DT30_DISTANCE400_V1,98,98,0,1.0,,98,0.9750707639076611,0.37948467133372343,0.9713801164148043,,0,5,1.987265420058302e-10,0,0,0,0,1,1,328.86440092714605,NO_RAW_BREAK_CROSSING,G0,TIME_REGULAR,PROCESSED,7229b2e88ca917b913ae0ae3682491f5f492bdace477da6cdd9334ac3b737093
3399,98,8,0.08163265306122448,,True,False,False,0,0,90,98,8,0.9183673469387755,,0.9750707639076611,0.37948467133372343,0.3186746982475035,0.8876198988288954,0.9713801164148043,0.9750707639076611,,98,0,True,1,0,0,98,0,0,328.86440092714605,,328.58834299839674,,RAW_WINDOWS_DT30_DISTANCE400_V1,98,98,0,1.0,,98,0.9750707639076611,0.37948467133372343,0.9713801164148043,,0,5,1.987265420058302e-10,0,0,0,0,1,1,328.86440092714605,NO_RAW_BREAK_CROSSING,S0_G0,TIME_REGULAR,PROCESSED,9737a048e2d2ba4a52375645d1dac1926edf44bc14777a3062572eebf75506d8
10040,111,47,0.42342342342342343,,True,False,False,0,28,36,83,47,0.4337349397590361,,4.853553122379627,0.7395186894253439,0.0,2.3749352737577256,3.4131218015790914,4.001615465530703,,83,0,True,1,0,28,3,0,0,4900.105762754435,,4685.324977892112,,RAW_WINDOWS_DT30_DISTANCE400_V1,111,111,0,1.0,,111,24.245223006669924,2.321644466245737,11.76980183957161,,14,5,1.7386469607246234e-10,0,0,0,0,1,1,4900.105762754435,NO_RAW_BREAK_CROSSING,R0,UNIFORM,PROCESSED,fd551cf7b790b8be7534c5e69c9c88a7431ddb28221ec4e741b3832fabbecceb
10040,111,47,0.42342342342342343,,True,False,False,0,28,36,83,47,0.4337349397590361,,4.853553122379627,0.7395186894253439,0.0,2.3749352737577256,3.4131218015790914,4.001615465530703,,83,0,True,1,0,28,3,0,0,4900.105762754435,,4685.324977892112,,RAW_WINDOWS_DT30_DISTANCE400_V1,111,111,0,1.0,,111,24.245223006669924,2.321644466245737,11.76980183957161,,14,5,1.7386469607246234e-10,0,0,0,0,1,1,4900.105762754435,NO_RAW_BREAK_CROSSING,S0,UNIFORM,PROCESSED,807bd1086ce08871b131a518f502d41b0acce619e8e640c8864bd8f19aac033e
10040,111,47,0.42342342342342343,,True,False,False,0,28,36,83,47,0.4337349397590361,,4.853553122379627,0.7395186894253439,0.0,2.3749352737577256,3.4131218015790914,4.001615465530703,,83,0,True,1,0,28,3,0,0,4900.105762754435,,4685.324977892112,,RAW_WINDOWS_DT30_DISTANCE400_V1,111,111,0,1.0,,111,24.245223006669924,2.321644466245737,11.76980183957161,,14,5,1.7386469607246234e-10,0,0,0,0,1,1,4900.105762754435,NO_RAW_BREAK_CROSSING,G0,TIME_FLAGGED_OR_UNAVAILABLE,PROCESSED,fd551cf7b790b8be7534c5e69c9c88a7431ddb28221ec4e741b3832fabbecceb
10040,111,47,0.42342342342342343,,True,False,False,0,28,36,83,47,0.4337349397590361,,4.853553122379627,0.7395186894253439,0.0,2.3749352737577256,3.4131218015790914,4.001615465530703,,83,0,True,1,0,28,3,0,0,4900.105762754435,,4685.324977892112,,RAW_WINDOWS_DT30_DISTANCE400_V1,111,111,0,1.0,,111,24.245223006669924,2.321644466245737,11.76980183957161,,14,5,1.7386469607246234e-10,0,0,0,0,1,1,4900.105762754435,NO_RAW_BREAK_CROSSING,S0_G0,TIME_FLAGGED_OR_UNAVAILABLE,PROCESSED,807bd1086ce08871b131a518f502d41b0acce619e8e640c8864bd8f19aac033e
1226,100,0,0.0,,False,True,True,100,0,0,0,0,,EMPTY_DP_REFERENCE_DENOMINATOR,,,,,,,EMPTY_DP_REFERENCE,0,0,True,5,5,0,0,0,0,42.38877265126665,,,EMPTY_OUTPUT,RAW_WINDOWS_DT30_DISTANCE400_V1,100,0,100,0.0,,0,,,,NO_COVERED_RAW_POINTS,0,5,4.953285605139526e-10,4,0,0,8,5,0,41.39426081749008,NO_RAW_BREAK_CROSSING,R0,UNIFORM,ALL_FILTERED,627b3c12123e6a9ac3a31f3f2a07cb28a4b3b8b6c326bca5cd3d341135cb33f6
1226,100,10,0.1,,True,False,False,0,17,73,83,10,0.8795180722891567,,3.7045300839435313,0.8165181270634981,0.6229446121809905,1.9477607232449945,2.3651503995434657,3.573263393324569,,83,0,True,5,0,17,37,0,0,42.38877265126665,,17.093659657343757,,RAW_WINDOWS_DT30_DISTANCE400_V1,100,100,0,1.0,,100,3.7293358148002493,0.8151821145630688,2.413648483029233,,0,5,4.953285605139526e-10,4,0,0,0,5,5,41.39426081749008,NO_RAW_BREAK_CROSSING,S0,UNIFORM,PROCESSED,7b8494ec41472c844a816acd910a99b651164844d386242a696350934e443c6e
1226,100,0,0.0,,False,True,True,100,0,0,0,0,,EMPTY_DP_REFERENCE_DENOMINATOR,,,,,,,EMPTY_DP_REFERENCE,0,0,True,5,5,0,0,0,0,42.38877265126665,,,EMPTY_OUTPUT,RAW_WINDOWS_DT30_DISTANCE400_V1,100,0,100,0.0,,0,,,,NO_COVERED_RAW_POINTS,0,5,4.953285605139526e-10,4,0,0,8,5,0,41.39426081749008,NO_RAW_BREAK_CROSSING,G0,TIME_FLAGGED_OR_UNAVAILABLE,ALL_FILTERED,627b3c12123e6a9ac3a31f3f2a07cb28a4b3b8b6c326bca5cd3d341135cb33f6
1226,100,10,0.1,,True,False,False,0,17,73,83,10,0.8795180722891567,,3.7045300839435313,0.8165181270634981,0.6229446121809905,1.9477607232449945,2.3651503995434657,3.573263393324569,,83,0,True,5,0,17,37,0,0,42.38877265126665,,17.093659657343757,,RAW_WINDOWS_DT30_DISTANCE400_V1,100,100,0,1.0,,100,3.7293358148002493,0.8151821145630688,2.413648483029233,,0,5,4.953285605139526e-10,4,0,0,0,5,5,41.39426081749008,NO_RAW_BREAK_CROSSING,S0_G0,TIME_FLAGGED_OR_UNAVAILABLE,PROCESSED,7b8494ec41472c844a816acd910a99b651164844d386242a696350934e443c6e
3949,101,26,0.25742574257425743,,True,False,False,0,5,70,96,26,0.7291666666666667,,3.7877503893118907,0.509385573745998,0.0,1.477860305281514,2.9831683204724087,3.5525160163050766,,96,0,True,1,0,5,40,0,0,4437.432600043638,,4395.685648701355,,RAW_WINDOWS_DT30_DISTANCE400_V1,101,101,0,1.0,,101,16.790894546808563,0.8961336899769329,3.3583379481135163,,2,5,6.446646912438811e-10,0,0,0,0,1,1,4437.432600043638,NO_RAW_BREAK_CROSSING,R0,UNIFORM,PROCESSED,5a34a180ba63ed3302b3f95e47ad1b6170867e2736c3134e813bc8a0f3513bb6
3949,101,26,0.25742574257425743,,True,False,False,0,5,70,96,26,0.7291666666666667,,3.7877503893118907,0.509385573745998,0.0,1.477860305281514,2.9831683204724087,3.5525160163050766,,96,0,True,1,0,5,40,0,0,4437.432600043638,,4395.685648701355,,RAW_WINDOWS_DT30_DISTANCE400_V1,101,101,0,1.0,,101,16.790894546808563,0.8961336899769329,3.3583379481135163,,2,5,6.446646912438811e-10,0,0,0,0,1,1,4437.432600043638,NO_RAW_BREAK_CROSSING,S0,UNIFORM,PROCESSED,fab9e9447fbf8f124621f153f596d7217cbb3a8037454a07bb378c1c03bc8552
3949,101,26,0.25742574257425743,,True,False,False,0,1,74,100,26,0.74,,4.677480234861601,0.6652179405380191,0.0,3.2071444248254175,3.645977431799519,4.475245181707334,,100,0,True,1,0,1,40,0,0,4437.432600043638,,4421.979815690763,,RAW_WINDOWS_DT30_DISTANCE400_V1,101,101,0,1.0,,101,16.790894546808563,0.8248781049565393,3.7877503893118907,,1,5,6.446646912438811e-10,0,0,0,0,1,1,4437.432600043638,NO_RAW_BREAK_CROSSING,G0,TIME_REGULAR,PROCESSED,4de863ee8f98638b57fa0a5a6f595bc93d3b14a31dc340845dc227b7e2299c29
3949,101,26,0.25742574257425743,,True,False,False,0,1,74,100,26,0.74,,4.677480234861601,0.6652179405380191,0.0,3.2071444248254175,3.645977431799519,4.475245181707334,,100,0,True,1,0,1,40,0,0,4437.432600043638,,4421.979815690763,,RAW_WINDOWS_DT30_DISTANCE400_V1,101,101,0,1.0,,101,16.790894546808563,0.8248781049565393,3.7877503893118907,,1,5,6.446646912438811e-10,0,0,0,0,1,1,4437.432600043638,NO_RAW_BREAK_CROSSING,S0_G0,TIME_REGULAR,PROCESSED,b8cab27d83df3cb44a1ec2b618051662e5affaa2b00a0e9b406c84e5731b4b7d
4829,94,42,0.44680851063829785,,True,False,False,2,1,49,91,42,0.5384615384615384,,4.881863819365067,0.8557317656651974,0.3278740048895054,2.6383001984012533,3.3439076549209568,4.848377541463995,,91,0,True,4,1,1,9,0,0,14315.62014648519,,12990.752021963504,,RAW_WINDOWS_DT30_DISTANCE400_V1,94,92,2,0.9787234042553191,,92,152.41900482498718,2.503158646744784,3.6427410015385706,,1,5,3.1007975434378927e-10,3,0,0,1,4,3,13528.119917086757,NO_RAW_BREAK_CROSSING,R0,UNIFORM,PROCESSED,58705f58bf4edd5800ab8886faabcb4b474d35a0eddfc2ea61df075087554f4a
4829,94,44,0.46808510638297873,,True,False,False,0,1,49,93,44,0.5268817204301075,,4.881863819365067,0.837328931994978,0.1920133828712306,2.608443900772312,3.341443847608065,4.847633401955082,,93,0,True,4,0,1,11,0,0,14315.62014648519,,13222.241822912387,,RAW_WINDOWS_DT30_DISTANCE400_V1,94,94,0,1.0,,94,152.41900482498718,2.449899952133193,3.5790711548600864,,1,5,3.1007975434378927e-10,3,0,0,0,4,4,13528.119917086757,NO_RAW_BREAK_CROSSING,S0,UNIFORM,PROCESSED,e57cdb9352776c9fd438f2b85c7c8465bc223d1850009a60e675f893a910bf0d
4829,94,42,0.44680851063829785,,True,False,False,2,1,49,91,42,0.5384615384615384,,4.881863819365067,0.8557317656651974,0.3278740048895054,2.6383001984012533,3.3439076549209568,4.848377541463995,,91,0,True,4,1,1,9,0,0,14315.62014648519,,12990.752021963504,,RAW_WINDOWS_DT30_DISTANCE400_V1,94,92,2,0.9787234042553191,,92,152.41900482498718,2.503158646744784,3.6427410015385706,,1,5,3.1007975434378927e-10,3,0,0,1,4,3,13528.119917086757,NO_RAW_BREAK_CROSSING,G0,TIME_FLAGGED_OR_UNAVAILABLE,PROCESSED,58705f58bf4edd5800ab8886faabcb4b474d35a0eddfc2ea61df075087554f4a
4829,94,44,0.46808510638297873,,True,False,False,0,1,49,93,44,0.5268817204301075,,4.881863819365067,0.837328931994978,0.1920133828712306,2.608443900772312,3.341443847608065,4.847633401955082,,93,0,True,4,0,1,11,0,0,14315.62014648519,,13222.241822912387,,RAW_WINDOWS_DT30_DISTANCE400_V1,94,94,0,1.0,,94,152.41900482498718,2.449899952133193,3.5790711548600864,,1,5,3.1007975434378927e-10,3,0,0,0,4,4,13528.119917086757,NO_RAW_BREAK_CROSSING,S0_G0,TIME_FLAGGED_OR_UNAVAILABLE,PROCESSED,e57cdb9352776c9fd438f2b85c7c8465bc223d1850009a60e675f893a910bf0d
